p_trigger_needed,cash_out,preserve_cost,trigger_payoff,direct_payoff,mismatch_payoff,h1_action,h2_action,h1_q_cash,h1_q_preserve,h2_q_cash,h2_q_preserve,context_value,option_value,horizon_reversal
0.05,6.0,0.0,13.0,9.0,0.0,cash_out,preserve_option,6.0,0.0,6.0,8.549999999999999,8.549999999999999,2.549999999999999,1.0
0.05,6.0,0.5,13.0,9.0,0.0,cash_out,preserve_option,6.0,-0.5,6.0,8.049999999999999,8.549999999999999,2.049999999999999,1.0
0.05,6.0,1.0,13.0,9.0,0.0,cash_out,preserve_option,6.0,-1.0,6.0,7.549999999999999,8.549999999999999,1.549999999999999,1.0
0.05,6.0,1.5,13.0,9.0,0.0,cash_out,preserve_option,6.0,-1.5,6.0,7.049999999999999,8.549999999999999,1.049999999999999,1.0
0.05,6.0,2.0,13.0,9.0,0.0,cash_out,preserve_option,6.0,-2.0,6.0,6.549999999999999,8.549999999999999,0.5499999999999989,1.0
0.05,6.0,2.5,13.0,9.0,0.0,cash_out,preserve_option,6.0,-2.5,6.0,6.049999999999999,8.549999999999999,0.049999999999998934,1.0
0.05,6.0,3.0,13.0,9.0,0.0,cash_out,cash_out,6.0,-3.0,6.0,5.549999999999999,8.549999999999999,-0.45000000000000107,0.0
0.05,6.0,3.5,13.0,9.0,0.0,cash_out,cash_out,6.0,-3.5,6.0,5.049999999999999,8.549999999999999,-0.9500000000000011,0.0
0.05,6.0,4.0,13.0,9.0,0.0,cash_out,cash_out,6.0,-4.0,6.0,4.549999999999999,8.549999999999999,-1.450000000000001,0.0
0.05,6.5,0.0,13.0,9.0,0.0,cash_out,preserve_option,6.5,0.0,6.5,8.549999999999999,8.549999999999999,2.049999999999999,1.0
0.05,6.5,0.5,13.0,9.0,0.0,cash_out,preserve_option,6.5,-0.5,6.5,8.049999999999999,8.549999999999999,1.549999999999999,1.0
0.05,6.5,1.0,13.0,9.0,0.0,cash_out,preserve_option,6.5,-1.0,6.5,7.549999999999999,8.549999999999999,1.049999999999999,1.0
0.05,6.5,1.5,13.0,9.0,0.0,cash_out,preserve_option,6.5,-1.5,6.5,7.049999999999999,8.549999999999999,0.5499999999999989,1.0
0.05,6.5,2.0,13.0,9.0,0.0,cash_out,preserve_option,6.5,-2.0,6.5,6.549999999999999,8.549999999999999,0.049999999999998934,1.0
0.05,6.5,2.5,13.0,9.0,0.0,cash_out,cash_out,6.5,-2.5,6.5,6.049999999999999,8.549999999999999,-0.45000000000000107,0.0
0.05,6.5,3.0,13.0,9.0,0.0,cash_out,cash_out,6.5,-3.0,6.5,5.549999999999999,8.549999999999999,-0.9500000000000011,0.0
0.05,6.5,3.5,13.0,9.0,0.0,cash_out,cash_out,6.5,-3.5,6.5,5.049999999999999,8.549999999999999,-1.450000000000001,0.0
0.05,6.5,4.0,13.0,9.0,0.0,cash_out,cash_out,6.5,-4.0,6.5,4.549999999999999,8.549999999999999,-1.950000000000001,0.0
0.05,7.0,0.0,13.0,9.0,0.0,cash_out,preserve_option,7.0,0.0,7.0,8.549999999999999,8.549999999999999,1.549999999999999,1.0
0.05,7.0,0.5,13.0,9.0,0.0,cash_out,preserve_option,7.0,-0.5,7.0,8.049999999999999,8.549999999999999,1.049999999999999,1.0
0.05,7.0,1.0,13.0,9.0,0.0,cash_out,preserve_option,7.0,-1.0,7.0,7.549999999999999,8.549999999999999,0.5499999999999989,1.0
0.05,7.0,1.5,13.0,9.0,0.0,cash_out,preserve_option,7.0,-1.5,7.0,7.049999999999999,8.549999999999999,0.049999999999998934,1.0
0.05,7.0,2.0,13.0,9.0,0.0,cash_out,cash_out,7.0,-2.0,7.0,6.549999999999999,8.549999999999999,-0.45000000000000107,0.0
0.05,7.0,2.5,13.0,9.0,0.0,cash_out,cash_out,7.0,-2.5,7.0,6.049999999999999,8.549999999999999,-0.9500000000000011,0.0
0.05,7.0,3.0,13.0,9.0,0.0,cash_out,cash_out,7.0,-3.0,7.0,5.549999999999999,8.549999999999999,-1.450000000000001,0.0
0.05,7.0,3.5,13.0,9.0,0.0,cash_out,cash_out,7.0,-3.5,7.0,5.049999999999999,8.549999999999999,-1.950000000000001,0.0
0.05,7.0,4.0,13.0,9.0,0.0,cash_out,cash_out,7.0,-4.0,7.0,4.549999999999999,8.549999999999999,-2.450000000000001,0.0
0.05,7.5,0.0,13.0,9.0,0.0,cash_out,preserve_option,7.5,0.0,7.5,8.549999999999999,8.549999999999999,1.049999999999999,1.0
0.05,7.5,0.5,13.0,9.0,0.0,cash_out,preserve_option,7.5,-0.5,7.5,8.049999999999999,8.549999999999999,0.5499999999999989,1.0
0.05,7.5,1.0,13.0,9.0,0.0,cash_out,preserve_option,7.5,-1.0,7.5,7.549999999999999,8.549999999999999,0.049999999999998934,1.0
0.05,7.5,1.5,13.0,9.0,0.0,cash_out,cash_out,7.5,-1.5,7.5,7.049999999999999,8.549999999999999,-0.45000000000000107,0.0
0.05,7.5,2.0,13.0,9.0,0.0,cash_out,cash_out,7.5,-2.0,7.5,6.549999999999999,8.549999999999999,-0.9500000000000011,0.0
0.05,7.5,2.5,13.0,9.0,0.0,cash_out,cash_out,7.5,-2.5,7.5,6.049999999999999,8.549999999999999,-1.450000000000001,0.0
0.05,7.5,3.0,13.0,9.0,0.0,cash_out,cash_out,7.5,-3.0,7.5,5.549999999999999,8.549999999999999,-1.950000000000001,0.0
0.05,7.5,3.5,13.0,9.0,0.0,cash_out,cash_out,7.5,-3.5,7.5,5.049999999999999,8.549999999999999,-2.450000000000001,0.0
0.05,7.5,4.0,13.0,9.0,0.0,cash_out,cash_out,7.5,-4.0,7.5,4.549999999999999,8.549999999999999,-2.950000000000001,0.0
0.05,8.0,0.0,13.0,9.0,0.0,cash_out,preserve_option,8.0,0.0,8.0,8.549999999999999,8.549999999999999,0.5499999999999989,1.0
0.05,8.0,0.5,13.0,9.0,0.0,cash_out,preserve_option,8.0,-0.5,8.0,8.049999999999999,8.549999999999999,0.049999999999998934,1.0
0.05,8.0,1.0,13.0,9.0,0.0,cash_out,cash_out,8.0,-1.0,8.0,7.549999999999999,8.549999999999999,-0.45000000000000107,0.0
0.05,8.0,1.5,13.0,9.0,0.0,cash_out,cash_out,8.0,-1.5,8.0,7.049999999999999,8.549999999999999,-0.9500000000000011,0.0
0.05,8.0,2.0,13.0,9.0,0.0,cash_out,cash_out,8.0,-2.0,8.0,6.549999999999999,8.549999999999999,-1.450000000000001,0.0
0.05,8.0,2.5,13.0,9.0,0.0,cash_out,cash_out,8.0,-2.5,8.0,6.049999999999999,8.549999999999999,-1.950000000000001,0.0
0.05,8.0,3.0,13.0,9.0,0.0,cash_out,cash_out,8.0,-3.0,8.0,5.549999999999999,8.549999999999999,-2.450000000000001,0.0
0.05,8.0,3.5,13.0,9.0,0.0,cash_out,cash_out,8.0,-3.5,8.0,5.049999999999999,8.549999999999999,-2.950000000000001,0.0
0.05,8.0,4.0,13.0,9.0,0.0,cash_out,cash_out,8.0,-4.0,8.0,4.549999999999999,8.549999999999999,-3.450000000000001,0.0
0.05,8.5,0.0,13.0,9.0,0.0,cash_out,preserve_option,8.5,0.0,8.5,8.549999999999999,8.549999999999999,0.049999999999998934,1.0
0.05,8.5,0.5,13.0,9.0,0.0,cash_out,cash_out,8.5,-0.5,8.5,8.049999999999999,8.549999999999999,-0.45000000000000107,0.0
0.05,8.5,1.0,13.0,9.0,0.0,cash_out,cash_out,8.5,-1.0,8.5,7.549999999999999,8.549999999999999,-0.9500000000000011,0.0
0.05,8.5,1.5,13.0,9.0,0.0,cash_out,cash_out,8.5,-1.5,8.5,7.049999999999999,8.549999999999999,-1.450000000000001,0.0
0.05,8.5,2.0,13.0,9.0,0.0,cash_out,cash_out,8.5,-2.0,8.5,6.549999999999999,8.549999999999999,-1.950000000000001,0.0
0.05,8.5,2.5,13.0,9.0,0.0,cash_out,cash_out,8.5,-2.5,8.5,6.049999999999999,8.549999999999999,-2.450000000000001,0.0
0.05,8.5,3.0,13.0,9.0,0.0,cash_out,cash_out,8.5,-3.0,8.5,5.549999999999999,8.549999999999999,-2.950000000000001,0.0
0.05,8.5,3.5,13.0,9.0,0.0,cash_out,cash_out,8.5,-3.5,8.5,5.049999999999999,8.549999999999999,-3.450000000000001,0.0
0.05,8.5,4.0,13.0,9.0,0.0,cash_out,cash_out,8.5,-4.0,8.5,4.549999999999999,8.549999999999999,-3.950000000000001,0.0
0.05,9.0,0.0,13.0,9.0,0.0,cash_out,cash_out,9.0,0.0,9.0,8.549999999999999,8.549999999999999,-0.45000000000000107,0.0
0.05,9.0,0.5,13.0,9.0,0.0,cash_out,cash_out,9.0,-0.5,9.0,8.049999999999999,8.549999999999999,-0.9500000000000011,0.0
0.05,9.0,1.0,13.0,9.0,0.0,cash_out,cash_out,9.0,-1.0,9.0,7.549999999999999,8.549999999999999,-1.450000000000001,0.0
0.05,9.0,1.5,13.0,9.0,0.0,cash_out,cash_out,9.0,-1.5,9.0,7.049999999999999,8.549999999999999,-1.950000000000001,0.0
0.05,9.0,2.0,13.0,9.0,0.0,cash_out,cash_out,9.0,-2.0,9.0,6.549999999999999,8.549999999999999,-2.450000000000001,0.0
0.05,9.0,2.5,13.0,9.0,0.0,cash_out,cash_out,9.0,-2.5,9.0,6.049999999999999,8.549999999999999,-2.950000000000001,0.0
0.05,9.0,3.0,13.0,9.0,0.0,cash_out,cash_out,9.0,-3.0,9.0,5.549999999999999,8.549999999999999,-3.450000000000001,0.0
0.05,9.0,3.5,13.0,9.0,0.0,cash_out,cash_out,9.0,-3.5,9.0,5.049999999999999,8.549999999999999,-3.950000000000001,0.0
0.05,9.0,4.0,13.0,9.0,0.0,cash_out,cash_out,9.0,-4.0,9.0,4.549999999999999,8.549999999999999,-4.450000000000001,0.0
0.05,9.5,0.0,13.0,9.0,0.0,cash_out,cash_out,9.5,0.0,9.5,8.549999999999999,8.549999999999999,-0.9500000000000011,0.0
0.05,9.5,0.5,13.0,9.0,0.0,cash_out,cash_out,9.5,-0.5,9.5,8.049999999999999,8.549999999999999,-1.450000000000001,0.0
0.05,9.5,1.0,13.0,9.0,0.0,cash_out,cash_out,9.5,-1.0,9.5,7.549999999999999,8.549999999999999,-1.950000000000001,0.0
0.05,9.5,1.5,13.0,9.0,0.0,cash_out,cash_out,9.5,-1.5,9.5,7.049999999999999,8.549999999999999,-2.450000000000001,0.0
0.05,9.5,2.0,13.0,9.0,0.0,cash_out,cash_out,9.5,-2.0,9.5,6.549999999999999,8.549999999999999,-2.950000000000001,0.0
0.05,9.5,2.5,13.0,9.0,0.0,cash_out,cash_out,9.5,-2.5,9.5,6.049999999999999,8.549999999999999,-3.450000000000001,0.0
0.05,9.5,3.0,13.0,9.0,0.0,cash_out,cash_out,9.5,-3.0,9.5,5.549999999999999,8.549999999999999,-3.950000000000001,0.0
0.05,9.5,3.5,13.0,9.0,0.0,cash_out,cash_out,9.5,-3.5,9.5,5.049999999999999,8.549999999999999,-4.450000000000001,0.0
0.05,9.5,4.0,13.0,9.0,0.0,cash_out,cash_out,9.5,-4.0,9.5,4.549999999999999,8.549999999999999,-4.950000000000001,0.0
0.05,10.0,0.0,13.0,9.0,0.0,cash_out,cash_out,10.0,0.0,10.0,8.549999999999999,8.549999999999999,-1.450000000000001,0.0
0.05,10.0,0.5,13.0,9.0,0.0,cash_out,cash_out,10.0,-0.5,10.0,8.049999999999999,8.549999999999999,-1.950000000000001,0.0
0.05,10.0,1.0,13.0,9.0,0.0,cash_out,cash_out,10.0,-1.0,10.0,7.549999999999999,8.549999999999999,-2.450000000000001,0.0
0.05,10.0,1.5,13.0,9.0,0.0,cash_out,cash_out,10.0,-1.5,10.0,7.049999999999999,8.549999999999999,-2.950000000000001,0.0
0.05,10.0,2.0,13.0,9.0,0.0,cash_out,cash_out,10.0,-2.0,10.0,6.549999999999999,8.549999999999999,-3.450000000000001,0.0
0.05,10.0,2.5,13.0,9.0,0.0,cash_out,cash_out,10.0,-2.5,10.0,6.049999999999999,8.549999999999999,-3.950000000000001,0.0
0.05,10.0,3.0,13.0,9.0,0.0,cash_out,cash_out,10.0,-3.0,10.0,5.549999999999999,8.549999999999999,-4.450000000000001,0.0
0.05,10.0,3.5,13.0,9.0,0.0,cash_out,cash_out,10.0,-3.5,10.0,5.049999999999999,8.549999999999999,-4.950000000000001,0.0
0.05,10.0,4.0,13.0,9.0,0.0,cash_out,cash_out,10.0,-4.0,10.0,4.549999999999999,8.549999999999999,-5.450000000000001,0.0
0.05,10.5,0.0,13.0,9.0,0.0,cash_out,cash_out,10.5,0.0,10.5,8.549999999999999,8.549999999999999,-1.950000000000001,0.0
0.05,10.5,0.5,13.0,9.0,0.0,cash_out,cash_out,10.5,-0.5,10.5,8.049999999999999,8.549999999999999,-2.450000000000001,0.0
0.05,10.5,1.0,13.0,9.0,0.0,cash_out,cash_out,10.5,-1.0,10.5,7.549999999999999,8.549999999999999,-2.950000000000001,0.0
0.05,10.5,1.5,13.0,9.0,0.0,cash_out,cash_out,10.5,-1.5,10.5,7.049999999999999,8.549999999999999,-3.450000000000001,0.0
0.05,10.5,2.0,13.0,9.0,0.0,cash_out,cash_out,10.5,-2.0,10.5,6.549999999999999,8.549999999999999,-3.950000000000001,0.0
0.05,10.5,2.5,13.0,9.0,0.0,cash_out,cash_out,10.5,-2.5,10.5,6.049999999999999,8.549999999999999,-4.450000000000001,0.0
0.05,10.5,3.0,13.0,9.0,0.0,cash_out,cash_out,10.5,-3.0,10.5,5.549999999999999,8.549999999999999,-4.950000000000001,0.0
0.05,10.5,3.5,13.0,9.0,0.0,cash_out,cash_out,10.5,-3.5,10.5,5.049999999999999,8.549999999999999,-5.450000000000001,0.0
0.05,10.5,4.0,13.0,9.0,0.0,cash_out,cash_out,10.5,-4.0,10.5,4.549999999999999,8.549999999999999,-5.950000000000001,0.0
0.05,11.0,0.0,13.0,9.0,0.0,cash_out,cash_out,11.0,0.0,11.0,8.549999999999999,8.549999999999999,-2.450000000000001,0.0
0.05,11.0,0.5,13.0,9.0,0.0,cash_out,cash_out,11.0,-0.5,11.0,8.049999999999999,8.549999999999999,-2.950000000000001,0.0
0.05,11.0,1.0,13.0,9.0,0.0,cash_out,cash_out,11.0,-1.0,11.0,7.549999999999999,8.549999999999999,-3.450000000000001,0.0
0.05,11.0,1.5,13.0,9.0,0.0,cash_out,cash_out,11.0,-1.5,11.0,7.049999999999999,8.549999999999999,-3.950000000000001,0.0
0.05,11.0,2.0,13.0,9.0,0.0,cash_out,cash_out,11.0,-2.0,11.0,6.549999999999999,8.549999999999999,-4.450000000000001,0.0
0.05,11.0,2.5,13.0,9.0,0.0,cash_out,cash_out,11.0,-2.5,11.0,6.049999999999999,8.549999999999999,-4.950000000000001,0.0
0.05,11.0,3.0,13.0,9.0,0.0,cash_out,cash_out,11.0,-3.0,11.0,5.549999999999999,8.549999999999999,-5.450000000000001,0.0
0.05,11.0,3.5,13.0,9.0,0.0,cash_out,cash_out,11.0,-3.5,11.0,5.049999999999999,8.549999999999999,-5.950000000000001,0.0
0.05,11.0,4.0,13.0,9.0,0.0,cash_out,cash_out,11.0,-4.0,11.0,4.549999999999999,8.549999999999999,-6.450000000000001,0.0
0.05,11.5,0.0,13.0,9.0,0.0,cash_out,cash_out,11.5,0.0,11.5,8.549999999999999,8.549999999999999,-2.950000000000001,0.0
0.05,11.5,0.5,13.0,9.0,0.0,cash_out,cash_out,11.5,-0.5,11.5,8.049999999999999,8.549999999999999,-3.450000000000001,0.0
0.05,11.5,1.0,13.0,9.0,0.0,cash_out,cash_out,11.5,-1.0,11.5,7.549999999999999,8.549999999999999,-3.950000000000001,0.0
0.05,11.5,1.5,13.0,9.0,0.0,cash_out,cash_out,11.5,-1.5,11.5,7.049999999999999,8.549999999999999,-4.450000000000001,0.0
0.05,11.5,2.0,13.0,9.0,0.0,cash_out,cash_out,11.5,-2.0,11.5,6.549999999999999,8.549999999999999,-4.950000000000001,0.0
0.05,11.5,2.5,13.0,9.0,0.0,cash_out,cash_out,11.5,-2.5,11.5,6.049999999999999,8.549999999999999,-5.450000000000001,0.0
0.05,11.5,3.0,13.0,9.0,0.0,cash_out,cash_out,11.5,-3.0,11.5,5.549999999999999,8.549999999999999,-5.950000000000001,0.0
0.05,11.5,3.5,13.0,9.0,0.0,cash_out,cash_out,11.5,-3.5,11.5,5.049999999999999,8.549999999999999,-6.450000000000001,0.0
0.05,11.5,4.0,13.0,9.0,0.0,cash_out,cash_out,11.5,-4.0,11.5,4.549999999999999,8.549999999999999,-6.950000000000001,0.0
0.05,12.0,0.0,13.0,9.0,0.0,cash_out,cash_out,12.0,0.0,12.0,8.549999999999999,8.549999999999999,-3.450000000000001,0.0
0.05,12.0,0.5,13.0,9.0,0.0,cash_out,cash_out,12.0,-0.5,12.0,8.049999999999999,8.549999999999999,-3.950000000000001,0.0
0.05,12.0,1.0,13.0,9.0,0.0,cash_out,cash_out,12.0,-1.0,12.0,7.549999999999999,8.549999999999999,-4.450000000000001,0.0
0.05,12.0,1.5,13.0,9.0,0.0,cash_out,cash_out,12.0,-1.5,12.0,7.049999999999999,8.549999999999999,-4.950000000000001,0.0
0.05,12.0,2.0,13.0,9.0,0.0,cash_out,cash_out,12.0,-2.0,12.0,6.549999999999999,8.549999999999999,-5.450000000000001,0.0
0.05,12.0,2.5,13.0,9.0,0.0,cash_out,cash_out,12.0,-2.5,12.0,6.049999999999999,8.549999999999999,-5.950000000000001,0.0
0.05,12.0,3.0,13.0,9.0,0.0,cash_out,cash_out,12.0,-3.0,12.0,5.549999999999999,8.549999999999999,-6.450000000000001,0.0
0.05,12.0,3.5,13.0,9.0,0.0,cash_out,cash_out,12.0,-3.5,12.0,5.049999999999999,8.549999999999999,-6.950000000000001,0.0
0.05,12.0,4.0,13.0,9.0,0.0,cash_out,cash_out,12.0,-4.0,12.0,4.549999999999999,8.549999999999999,-7.450000000000001,0.0
0.05,12.5,0.0,13.0,9.0,0.0,cash_out,cash_out,12.5,0.0,12.5,8.549999999999999,8.549999999999999,-3.950000000000001,0.0
0.05,12.5,0.5,13.0,9.0,0.0,cash_out,cash_out,12.5,-0.5,12.5,8.049999999999999,8.549999999999999,-4.450000000000001,0.0
0.05,12.5,1.0,13.0,9.0,0.0,cash_out,cash_out,12.5,-1.0,12.5,7.549999999999999,8.549999999999999,-4.950000000000001,0.0
0.05,12.5,1.5,13.0,9.0,0.0,cash_out,cash_out,12.5,-1.5,12.5,7.049999999999999,8.549999999999999,-5.450000000000001,0.0
0.05,12.5,2.0,13.0,9.0,0.0,cash_out,cash_out,12.5,-2.0,12.5,6.549999999999999,8.549999999999999,-5.950000000000001,0.0
0.05,12.5,2.5,13.0,9.0,0.0,cash_out,cash_out,12.5,-2.5,12.5,6.049999999999999,8.549999999999999,-6.450000000000001,0.0
0.05,12.5,3.0,13.0,9.0,0.0,cash_out,cash_out,12.5,-3.0,12.5,5.549999999999999,8.549999999999999,-6.950000000000001,0.0
0.05,12.5,3.5,13.0,9.0,0.0,cash_out,cash_out,12.5,-3.5,12.5,5.049999999999999,8.549999999999999,-7.450000000000001,0.0
0.05,12.5,4.0,13.0,9.0,0.0,cash_out,cash_out,12.5,-4.0,12.5,4.549999999999999,8.549999999999999,-7.950000000000001,0.0
0.05,13.0,0.0,13.0,9.0,0.0,cash_out,cash_out,13.0,0.0,13.0,8.549999999999999,8.549999999999999,-4.450000000000001,0.0
0.05,13.0,0.5,13.0,9.0,0.0,cash_out,cash_out,13.0,-0.5,13.0,8.049999999999999,8.549999999999999,-4.950000000000001,0.0
0.05,13.0,1.0,13.0,9.0,0.0,cash_out,cash_out,13.0,-1.0,13.0,7.549999999999999,8.549999999999999,-5.450000000000001,0.0
0.05,13.0,1.5,13.0,9.0,0.0,cash_out,cash_out,13.0,-1.5,13.0,7.049999999999999,8.549999999999999,-5.950000000000001,0.0
0.05,13.0,2.0,13.0,9.0,0.0,cash_out,cash_out,13.0,-2.0,13.0,6.549999999999999,8.549999999999999,-6.450000000000001,0.0
0.05,13.0,2.5,13.0,9.0,0.0,cash_out,cash_out,13.0,-2.5,13.0,6.049999999999999,8.549999999999999,-6.950000000000001,0.0
0.05,13.0,3.0,13.0,9.0,0.0,cash_out,cash_out,13.0,-3.0,13.0,5.549999999999999,8.549999999999999,-7.450000000000001,0.0
0.05,13.0,3.5,13.0,9.0,0.0,cash_out,cash_out,13.0,-3.5,13.0,5.049999999999999,8.549999999999999,-7.950000000000001,0.0
0.05,13.0,4.0,13.0,9.0,0.0,cash_out,cash_out,13.0,-4.0,13.0,4.549999999999999,8.549999999999999,-8.450000000000001,0.0
0.05,13.5,0.0,13.0,9.0,0.0,cash_out,cash_out,13.5,0.0,13.5,8.549999999999999,8.549999999999999,-4.950000000000001,0.0
0.05,13.5,0.5,13.0,9.0,0.0,cash_out,cash_out,13.5,-0.5,13.5,8.049999999999999,8.549999999999999,-5.450000000000001,0.0
0.05,13.5,1.0,13.0,9.0,0.0,cash_out,cash_out,13.5,-1.0,13.5,7.549999999999999,8.549999999999999,-5.950000000000001,0.0
0.05,13.5,1.5,13.0,9.0,0.0,cash_out,cash_out,13.5,-1.5,13.5,7.049999999999999,8.549999999999999,-6.450000000000001,0.0
0.05,13.5,2.0,13.0,9.0,0.0,cash_out,cash_out,13.5,-2.0,13.5,6.549999999999999,8.549999999999999,-6.950000000000001,0.0
0.05,13.5,2.5,13.0,9.0,0.0,cash_out,cash_out,13.5,-2.5,13.5,6.049999999999999,8.549999999999999,-7.450000000000001,0.0
0.05,13.5,3.0,13.0,9.0,0.0,cash_out,cash_out,13.5,-3.0,13.5,5.549999999999999,8.549999999999999,-7.950000000000001,0.0
0.05,13.5,3.5,13.0,9.0,0.0,cash_out,cash_out,13.5,-3.5,13.5,5.049999999999999,8.549999999999999,-8.450000000000001,0.0
0.05,13.5,4.0,13.0,9.0,0.0,cash_out,cash_out,13.5,-4.0,13.5,4.549999999999999,8.549999999999999,-8.950000000000001,0.0
0.05,14.0,0.0,13.0,9.0,0.0,cash_out,cash_out,14.0,0.0,14.0,8.549999999999999,8.549999999999999,-5.450000000000001,0.0
0.05,14.0,0.5,13.0,9.0,0.0,cash_out,cash_out,14.0,-0.5,14.0,8.049999999999999,8.549999999999999,-5.950000000000001,0.0
0.05,14.0,1.0,13.0,9.0,0.0,cash_out,cash_out,14.0,-1.0,14.0,7.549999999999999,8.549999999999999,-6.450000000000001,0.0
0.05,14.0,1.5,13.0,9.0,0.0,cash_out,cash_out,14.0,-1.5,14.0,7.049999999999999,8.549999999999999,-6.950000000000001,0.0
0.05,14.0,2.0,13.0,9.0,0.0,cash_out,cash_out,14.0,-2.0,14.0,6.549999999999999,8.549999999999999,-7.450000000000001,0.0
0.05,14.0,2.5,13.0,9.0,0.0,cash_out,cash_out,14.0,-2.5,14.0,6.049999999999999,8.549999999999999,-7.950000000000001,0.0
0.05,14.0,3.0,13.0,9.0,0.0,cash_out,cash_out,14.0,-3.0,14.0,5.549999999999999,8.549999999999999,-8.450000000000001,0.0
0.05,14.0,3.5,13.0,9.0,0.0,cash_out,cash_out,14.0,-3.5,14.0,5.049999999999999,8.549999999999999,-8.950000000000001,0.0
0.05,14.0,4.0,13.0,9.0,0.0,cash_out,cash_out,14.0,-4.0,14.0,4.549999999999999,8.549999999999999,-9.450000000000001,0.0
0.05,14.5,0.0,13.0,9.0,0.0,cash_out,cash_out,14.5,0.0,14.5,8.549999999999999,8.549999999999999,-5.950000000000001,0.0
0.05,14.5,0.5,13.0,9.0,0.0,cash_out,cash_out,14.5,-0.5,14.5,8.049999999999999,8.549999999999999,-6.450000000000001,0.0
0.05,14.5,1.0,13.0,9.0,0.0,cash_out,cash_out,14.5,-1.0,14.5,7.549999999999999,8.549999999999999,-6.950000000000001,0.0
0.05,14.5,1.5,13.0,9.0,0.0,cash_out,cash_out,14.5,-1.5,14.5,7.049999999999999,8.549999999999999,-7.450000000000001,0.0
0.05,14.5,2.0,13.0,9.0,0.0,cash_out,cash_out,14.5,-2.0,14.5,6.549999999999999,8.549999999999999,-7.950000000000001,0.0
0.05,14.5,2.5,13.0,9.0,0.0,cash_out,cash_out,14.5,-2.5,14.5,6.049999999999999,8.549999999999999,-8.450000000000001,0.0
0.05,14.5,3.0,13.0,9.0,0.0,cash_out,cash_out,14.5,-3.0,14.5,5.549999999999999,8.549999999999999,-8.950000000000001,0.0
0.05,14.5,3.5,13.0,9.0,0.0,cash_out,cash_out,14.5,-3.5,14.5,5.049999999999999,8.549999999999999,-9.450000000000001,0.0
0.05,14.5,4.0,13.0,9.0,0.0,cash_out,cash_out,14.5,-4.0,14.5,4.549999999999999,8.549999999999999,-9.950000000000001,0.0
0.05,15.0,0.0,13.0,9.0,0.0,cash_out,cash_out,15.0,0.0,15.0,8.549999999999999,8.549999999999999,-6.450000000000001,0.0
0.05,15.0,0.5,13.0,9.0,0.0,cash_out,cash_out,15.0,-0.5,15.0,8.049999999999999,8.549999999999999,-6.950000000000001,0.0
0.05,15.0,1.0,13.0,9.0,0.0,cash_out,cash_out,15.0,-1.0,15.0,7.549999999999999,8.549999999999999,-7.450000000000001,0.0
0.05,15.0,1.5,13.0,9.0,0.0,cash_out,cash_out,15.0,-1.5,15.0,7.049999999999999,8.549999999999999,-7.950000000000001,0.0
0.05,15.0,2.0,13.0,9.0,0.0,cash_out,cash_out,15.0,-2.0,15.0,6.549999999999999,8.549999999999999,-8.450000000000001,0.0
0.05,15.0,2.5,13.0,9.0,0.0,cash_out,cash_out,15.0,-2.5,15.0,6.049999999999999,8.549999999999999,-8.950000000000001,0.0
0.05,15.0,3.0,13.0,9.0,0.0,cash_out,cash_out,15.0,-3.0,15.0,5.549999999999999,8.549999999999999,-9.450000000000001,0.0
0.05,15.0,3.5,13.0,9.0,0.0,cash_out,cash_out,15.0,-3.5,15.0,5.049999999999999,8.549999999999999,-9.950000000000001,0.0
0.05,15.0,4.0,13.0,9.0,0.0,cash_out,cash_out,15.0,-4.0,15.0,4.549999999999999,8.549999999999999,-10.450000000000001,0.0
0.05,15.5,0.0,13.0,9.0,0.0,cash_out,cash_out,15.5,0.0,15.5,8.549999999999999,8.549999999999999,-6.950000000000001,0.0
0.05,15.5,0.5,13.0,9.0,0.0,cash_out,cash_out,15.5,-0.5,15.5,8.049999999999999,8.549999999999999,-7.450000000000001,0.0
0.05,15.5,1.0,13.0,9.0,0.0,cash_out,cash_out,15.5,-1.0,15.5,7.549999999999999,8.549999999999999,-7.950000000000001,0.0
0.05,15.5,1.5,13.0,9.0,0.0,cash_out,cash_out,15.5,-1.5,15.5,7.049999999999999,8.549999999999999,-8.450000000000001,0.0
0.05,15.5,2.0,13.0,9.0,0.0,cash_out,cash_out,15.5,-2.0,15.5,6.549999999999999,8.549999999999999,-8.950000000000001,0.0
0.05,15.5,2.5,13.0,9.0,0.0,cash_out,cash_out,15.5,-2.5,15.5,6.049999999999999,8.549999999999999,-9.450000000000001,0.0
0.05,15.5,3.0,13.0,9.0,0.0,cash_out,cash_out,15.5,-3.0,15.5,5.549999999999999,8.549999999999999,-9.950000000000001,0.0
0.05,15.5,3.5,13.0,9.0,0.0,cash_out,cash_out,15.5,-3.5,15.5,5.049999999999999,8.549999999999999,-10.450000000000001,0.0
0.05,15.5,4.0,13.0,9.0,0.0,cash_out,cash_out,15.5,-4.0,15.5,4.549999999999999,8.549999999999999,-10.950000000000001,0.0
0.05,16.0,0.0,13.0,9.0,0.0,cash_out,cash_out,16.0,0.0,16.0,8.549999999999999,8.549999999999999,-7.450000000000001,0.0
0.05,16.0,0.5,13.0,9.0,0.0,cash_out,cash_out,16.0,-0.5,16.0,8.049999999999999,8.549999999999999,-7.950000000000001,0.0
0.05,16.0,1.0,13.0,9.0,0.0,cash_out,cash_out,16.0,-1.0,16.0,7.549999999999999,8.549999999999999,-8.450000000000001,0.0
0.05,16.0,1.5,13.0,9.0,0.0,cash_out,cash_out,16.0,-1.5,16.0,7.049999999999999,8.549999999999999,-8.950000000000001,0.0
0.05,16.0,2.0,13.0,9.0,0.0,cash_out,cash_out,16.0,-2.0,16.0,6.549999999999999,8.549999999999999,-9.450000000000001,0.0
0.05,16.0,2.5,13.0,9.0,0.0,cash_out,cash_out,16.0,-2.5,16.0,6.049999999999999,8.549999999999999,-9.950000000000001,0.0
0.05,16.0,3.0,13.0,9.0,0.0,cash_out,cash_out,16.0,-3.0,16.0,5.549999999999999,8.549999999999999,-10.450000000000001,0.0
0.05,16.0,3.5,13.0,9.0,0.0,cash_out,cash_out,16.0,-3.5,16.0,5.049999999999999,8.549999999999999,-10.950000000000001,0.0
0.05,16.0,4.0,13.0,9.0,0.0,cash_out,cash_out,16.0,-4.0,16.0,4.549999999999999,8.549999999999999,-11.450000000000001,0.0
0.05,16.5,0.0,13.0,9.0,0.0,cash_out,cash_out,16.5,0.0,16.5,8.549999999999999,8.549999999999999,-7.950000000000001,0.0
0.05,16.5,0.5,13.0,9.0,0.0,cash_out,cash_out,16.5,-0.5,16.5,8.049999999999999,8.549999999999999,-8.450000000000001,0.0
0.05,16.5,1.0,13.0,9.0,0.0,cash_out,cash_out,16.5,-1.0,16.5,7.549999999999999,8.549999999999999,-8.950000000000001,0.0
0.05,16.5,1.5,13.0,9.0,0.0,cash_out,cash_out,16.5,-1.5,16.5,7.049999999999999,8.549999999999999,-9.450000000000001,0.0
0.05,16.5,2.0,13.0,9.0,0.0,cash_out,cash_out,16.5,-2.0,16.5,6.549999999999999,8.549999999999999,-9.950000000000001,0.0
0.05,16.5,2.5,13.0,9.0,0.0,cash_out,cash_out,16.5,-2.5,16.5,6.049999999999999,8.549999999999999,-10.450000000000001,0.0
0.05,16.5,3.0,13.0,9.0,0.0,cash_out,cash_out,16.5,-3.0,16.5,5.549999999999999,8.549999999999999,-10.950000000000001,0.0
0.05,16.5,3.5,13.0,9.0,0.0,cash_out,cash_out,16.5,-3.5,16.5,5.049999999999999,8.549999999999999,-11.450000000000001,0.0
0.05,16.5,4.0,13.0,9.0,0.0,cash_out,cash_out,16.5,-4.0,16.5,4.549999999999999,8.549999999999999,-11.950000000000001,0.0
0.05,17.0,0.0,13.0,9.0,0.0,cash_out,cash_out,17.0,0.0,17.0,8.549999999999999,8.549999999999999,-8.450000000000001,0.0
0.05,17.0,0.5,13.0,9.0,0.0,cash_out,cash_out,17.0,-0.5,17.0,8.049999999999999,8.549999999999999,-8.950000000000001,0.0
0.05,17.0,1.0,13.0,9.0,0.0,cash_out,cash_out,17.0,-1.0,17.0,7.549999999999999,8.549999999999999,-9.450000000000001,0.0
0.05,17.0,1.5,13.0,9.0,0.0,cash_out,cash_out,17.0,-1.5,17.0,7.049999999999999,8.549999999999999,-9.950000000000001,0.0
0.05,17.0,2.0,13.0,9.0,0.0,cash_out,cash_out,17.0,-2.0,17.0,6.549999999999999,8.549999999999999,-10.450000000000001,0.0
0.05,17.0,2.5,13.0,9.0,0.0,cash_out,cash_out,17.0,-2.5,17.0,6.049999999999999,8.549999999999999,-10.950000000000001,0.0
0.05,17.0,3.0,13.0,9.0,0.0,cash_out,cash_out,17.0,-3.0,17.0,5.549999999999999,8.549999999999999,-11.450000000000001,0.0
0.05,17.0,3.5,13.0,9.0,0.0,cash_out,cash_out,17.0,-3.5,17.0,5.049999999999999,8.549999999999999,-11.950000000000001,0.0
0.05,17.0,4.0,13.0,9.0,0.0,cash_out,cash_out,17.0,-4.0,17.0,4.549999999999999,8.549999999999999,-12.450000000000001,0.0
0.05,17.5,0.0,13.0,9.0,0.0,cash_out,cash_out,17.5,0.0,17.5,8.549999999999999,8.549999999999999,-8.950000000000001,0.0
0.05,17.5,0.5,13.0,9.0,0.0,cash_out,cash_out,17.5,-0.5,17.5,8.049999999999999,8.549999999999999,-9.450000000000001,0.0
0.05,17.5,1.0,13.0,9.0,0.0,cash_out,cash_out,17.5,-1.0,17.5,7.549999999999999,8.549999999999999,-9.950000000000001,0.0
0.05,17.5,1.5,13.0,9.0,0.0,cash_out,cash_out,17.5,-1.5,17.5,7.049999999999999,8.549999999999999,-10.450000000000001,0.0
0.05,17.5,2.0,13.0,9.0,0.0,cash_out,cash_out,17.5,-2.0,17.5,6.549999999999999,8.549999999999999,-10.950000000000001,0.0
0.05,17.5,2.5,13.0,9.0,0.0,cash_out,cash_out,17.5,-2.5,17.5,6.049999999999999,8.549999999999999,-11.450000000000001,0.0
0.05,17.5,3.0,13.0,9.0,0.0,cash_out,cash_out,17.5,-3.0,17.5,5.549999999999999,8.549999999999999,-11.950000000000001,0.0
0.05,17.5,3.5,13.0,9.0,0.0,cash_out,cash_out,17.5,-3.5,17.5,5.049999999999999,8.549999999999999,-12.450000000000001,0.0
0.05,17.5,4.0,13.0,9.0,0.0,cash_out,cash_out,17.5,-4.0,17.5,4.549999999999999,8.549999999999999,-12.950000000000001,0.0
0.05,18.0,0.0,13.0,9.0,0.0,cash_out,cash_out,18.0,0.0,18.0,8.549999999999999,8.549999999999999,-9.450000000000001,0.0
0.05,18.0,0.5,13.0,9.0,0.0,cash_out,cash_out,18.0,-0.5,18.0,8.049999999999999,8.549999999999999,-9.950000000000001,0.0
0.05,18.0,1.0,13.0,9.0,0.0,cash_out,cash_out,18.0,-1.0,18.0,7.549999999999999,8.549999999999999,-10.450000000000001,0.0
0.05,18.0,1.5,13.0,9.0,0.0,cash_out,cash_out,18.0,-1.5,18.0,7.049999999999999,8.549999999999999,-10.950000000000001,0.0
0.05,18.0,2.0,13.0,9.0,0.0,cash_out,cash_out,18.0,-2.0,18.0,6.549999999999999,8.549999999999999,-11.450000000000001,0.0
0.05,18.0,2.5,13.0,9.0,0.0,cash_out,cash_out,18.0,-2.5,18.0,6.049999999999999,8.549999999999999,-11.950000000000001,0.0
0.05,18.0,3.0,13.0,9.0,0.0,cash_out,cash_out,18.0,-3.0,18.0,5.549999999999999,8.549999999999999,-12.450000000000001,0.0
0.05,18.0,3.5,13.0,9.0,0.0,cash_out,cash_out,18.0,-3.5,18.0,5.049999999999999,8.549999999999999,-12.950000000000001,0.0
0.05,18.0,4.0,13.0,9.0,0.0,cash_out,cash_out,18.0,-4.0,18.0,4.549999999999999,8.549999999999999,-13.450000000000001,0.0
0.1,6.0,0.0,13.0,9.0,0.0,cash_out,preserve_option,6.0,0.0,6.0,8.1,8.1,2.0999999999999996,1.0
0.1,6.0,0.5,13.0,9.0,0.0,cash_out,preserve_option,6.0,-0.5,6.0,7.6,8.1,1.5999999999999996,1.0
0.1,6.0,1.0,13.0,9.0,0.0,cash_out,preserve_option,6.0,-1.0,6.0,7.1,8.1,1.0999999999999996,1.0
0.1,6.0,1.5,13.0,9.0,0.0,cash_out,preserve_option,6.0,-1.5,6.0,6.6,8.1,0.5999999999999996,1.0
0.1,6.0,2.0,13.0,9.0,0.0,cash_out,preserve_option,6.0,-2.0,6.0,6.1,8.1,0.09999999999999964,1.0
0.1,6.0,2.5,13.0,9.0,0.0,cash_out,cash_out,6.0,-2.5,6.0,5.6,8.1,-0.40000000000000036,0.0
0.1,6.0,3.0,13.0,9.0,0.0,cash_out,cash_out,6.0,-3.0,6.0,5.1,8.1,-0.9000000000000004,0.0
0.1,6.0,3.5,13.0,9.0,0.0,cash_out,cash_out,6.0,-3.5,6.0,4.6,8.1,-1.4000000000000004,0.0
0.1,6.0,4.0,13.0,9.0,0.0,cash_out,cash_out,6.0,-4.0,6.0,4.1,8.1,-1.9000000000000004,0.0
0.1,6.5,0.0,13.0,9.0,0.0,cash_out,preserve_option,6.5,0.0,6.5,8.1,8.1,1.5999999999999996,1.0
0.1,6.5,0.5,13.0,9.0,0.0,cash_out,preserve_option,6.5,-0.5,6.5,7.6,8.1,1.0999999999999996,1.0
0.1,6.5,1.0,13.0,9.0,0.0,cash_out,preserve_option,6.5,-1.0,6.5,7.1,8.1,0.5999999999999996,1.0
0.1,6.5,1.5,13.0,9.0,0.0,cash_out,preserve_option,6.5,-1.5,6.5,6.6,8.1,0.09999999999999964,1.0
0.1,6.5,2.0,13.0,9.0,0.0,cash_out,cash_out,6.5,-2.0,6.5,6.1,8.1,-0.40000000000000036,0.0
0.1,6.5,2.5,13.0,9.0,0.0,cash_out,cash_out,6.5,-2.5,6.5,5.6,8.1,-0.9000000000000004,0.0
0.1,6.5,3.0,13.0,9.0,0.0,cash_out,cash_out,6.5,-3.0,6.5,5.1,8.1,-1.4000000000000004,0.0
0.1,6.5,3.5,13.0,9.0,0.0,cash_out,cash_out,6.5,-3.5,6.5,4.6,8.1,-1.9000000000000004,0.0
0.1,6.5,4.0,13.0,9.0,0.0,cash_out,cash_out,6.5,-4.0,6.5,4.1,8.1,-2.4000000000000004,0.0
0.1,7.0,0.0,13.0,9.0,0.0,cash_out,preserve_option,7.0,0.0,7.0,8.1,8.1,1.0999999999999996,1.0
0.1,7.0,0.5,13.0,9.0,0.0,cash_out,preserve_option,7.0,-0.5,7.0,7.6,8.1,0.5999999999999996,1.0
0.1,7.0,1.0,13.0,9.0,0.0,cash_out,preserve_option,7.0,-1.0,7.0,7.1,8.1,0.09999999999999964,1.0
0.1,7.0,1.5,13.0,9.0,0.0,cash_out,cash_out,7.0,-1.5,7.0,6.6,8.1,-0.40000000000000036,0.0
0.1,7.0,2.0,13.0,9.0,0.0,cash_out,cash_out,7.0,-2.0,7.0,6.1,8.1,-0.9000000000000004,0.0
0.1,7.0,2.5,13.0,9.0,0.0,cash_out,cash_out,7.0,-2.5,7.0,5.6,8.1,-1.4000000000000004,0.0
0.1,7.0,3.0,13.0,9.0,0.0,cash_out,cash_out,7.0,-3.0,7.0,5.1,8.1,-1.9000000000000004,0.0
0.1,7.0,3.5,13.0,9.0,0.0,cash_out,cash_out,7.0,-3.5,7.0,4.6,8.1,-2.4000000000000004,0.0
0.1,7.0,4.0,13.0,9.0,0.0,cash_out,cash_out,7.0,-4.0,7.0,4.1,8.1,-2.9000000000000004,0.0
0.1,7.5,0.0,13.0,9.0,0.0,cash_out,preserve_option,7.5,0.0,7.5,8.1,8.1,0.5999999999999996,1.0
0.1,7.5,0.5,13.0,9.0,0.0,cash_out,preserve_option,7.5,-0.5,7.5,7.6,8.1,0.09999999999999964,1.0
0.1,7.5,1.0,13.0,9.0,0.0,cash_out,cash_out,7.5,-1.0,7.5,7.1,8.1,-0.40000000000000036,0.0
0.1,7.5,1.5,13.0,9.0,0.0,cash_out,cash_out,7.5,-1.5,7.5,6.6,8.1,-0.9000000000000004,0.0
0.1,7.5,2.0,13.0,9.0,0.0,cash_out,cash_out,7.5,-2.0,7.5,6.1,8.1,-1.4000000000000004,0.0
0.1,7.5,2.5,13.0,9.0,0.0,cash_out,cash_out,7.5,-2.5,7.5,5.6,8.1,-1.9000000000000004,0.0
0.1,7.5,3.0,13.0,9.0,0.0,cash_out,cash_out,7.5,-3.0,7.5,5.1,8.1,-2.4000000000000004,0.0
0.1,7.5,3.5,13.0,9.0,0.0,cash_out,cash_out,7.5,-3.5,7.5,4.6,8.1,-2.9000000000000004,0.0
0.1,7.5,4.0,13.0,9.0,0.0,cash_out,cash_out,7.5,-4.0,7.5,4.1,8.1,-3.4000000000000004,0.0
0.1,8.0,0.0,13.0,9.0,0.0,cash_out,preserve_option,8.0,0.0,8.0,8.1,8.1,0.09999999999999964,1.0
0.1,8.0,0.5,13.0,9.0,0.0,cash_out,cash_out,8.0,-0.5,8.0,7.6,8.1,-0.40000000000000036,0.0
0.1,8.0,1.0,13.0,9.0,0.0,cash_out,cash_out,8.0,-1.0,8.0,7.1,8.1,-0.9000000000000004,0.0
0.1,8.0,1.5,13.0,9.0,0.0,cash_out,cash_out,8.0,-1.5,8.0,6.6,8.1,-1.4000000000000004,0.0
0.1,8.0,2.0,13.0,9.0,0.0,cash_out,cash_out,8.0,-2.0,8.0,6.1,8.1,-1.9000000000000004,0.0
0.1,8.0,2.5,13.0,9.0,0.0,cash_out,cash_out,8.0,-2.5,8.0,5.6,8.1,-2.4000000000000004,0.0
0.1,8.0,3.0,13.0,9.0,0.0,cash_out,cash_out,8.0,-3.0,8.0,5.1,8.1,-2.9000000000000004,0.0
0.1,8.0,3.5,13.0,9.0,0.0,cash_out,cash_out,8.0,-3.5,8.0,4.6,8.1,-3.4000000000000004,0.0
0.1,8.0,4.0,13.0,9.0,0.0,cash_out,cash_out,8.0,-4.0,8.0,4.1,8.1,-3.9000000000000004,0.0
0.1,8.5,0.0,13.0,9.0,0.0,cash_out,cash_out,8.5,0.0,8.5,8.1,8.1,-0.40000000000000036,0.0
0.1,8.5,0.5,13.0,9.0,0.0,cash_out,cash_out,8.5,-0.5,8.5,7.6,8.1,-0.9000000000000004,0.0
0.1,8.5,1.0,13.0,9.0,0.0,cash_out,cash_out,8.5,-1.0,8.5,7.1,8.1,-1.4000000000000004,0.0
0.1,8.5,1.5,13.0,9.0,0.0,cash_out,cash_out,8.5,-1.5,8.5,6.6,8.1,-1.9000000000000004,0.0
0.1,8.5,2.0,13.0,9.0,0.0,cash_out,cash_out,8.5,-2.0,8.5,6.1,8.1,-2.4000000000000004,0.0
0.1,8.5,2.5,13.0,9.0,0.0,cash_out,cash_out,8.5,-2.5,8.5,5.6,8.1,-2.9000000000000004,0.0
0.1,8.5,3.0,13.0,9.0,0.0,cash_out,cash_out,8.5,-3.0,8.5,5.1,8.1,-3.4000000000000004,0.0
0.1,8.5,3.5,13.0,9.0,0.0,cash_out,cash_out,8.5,-3.5,8.5,4.6,8.1,-3.9000000000000004,0.0
0.1,8.5,4.0,13.0,9.0,0.0,cash_out,cash_out,8.5,-4.0,8.5,4.1,8.1,-4.4,0.0
0.1,9.0,0.0,13.0,9.0,0.0,cash_out,cash_out,9.0,0.0,9.0,8.1,8.1,-0.9000000000000004,0.0
0.1,9.0,0.5,13.0,9.0,0.0,cash_out,cash_out,9.0,-0.5,9.0,7.6,8.1,-1.4000000000000004,0.0
0.1,9.0,1.0,13.0,9.0,0.0,cash_out,cash_out,9.0,-1.0,9.0,7.1,8.1,-1.9000000000000004,0.0
0.1,9.0,1.5,13.0,9.0,0.0,cash_out,cash_out,9.0,-1.5,9.0,6.6,8.1,-2.4000000000000004,0.0
0.1,9.0,2.0,13.0,9.0,0.0,cash_out,cash_out,9.0,-2.0,9.0,6.1,8.1,-2.9000000000000004,0.0
0.1,9.0,2.5,13.0,9.0,0.0,cash_out,cash_out,9.0,-2.5,9.0,5.6,8.1,-3.4000000000000004,0.0
0.1,9.0,3.0,13.0,9.0,0.0,cash_out,cash_out,9.0,-3.0,9.0,5.1,8.1,-3.9000000000000004,0.0
0.1,9.0,3.5,13.0,9.0,0.0,cash_out,cash_out,9.0,-3.5,9.0,4.6,8.1,-4.4,0.0
0.1,9.0,4.0,13.0,9.0,0.0,cash_out,cash_out,9.0,-4.0,9.0,4.1,8.1,-4.9,0.0
0.1,9.5,0.0,13.0,9.0,0.0,cash_out,cash_out,9.5,0.0,9.5,8.1,8.1,-1.4000000000000004,0.0
0.1,9.5,0.5,13.0,9.0,0.0,cash_out,cash_out,9.5,-0.5,9.5,7.6,8.1,-1.9000000000000004,0.0
0.1,9.5,1.0,13.0,9.0,0.0,cash_out,cash_out,9.5,-1.0,9.5,7.1,8.1,-2.4000000000000004,0.0
0.1,9.5,1.5,13.0,9.0,0.0,cash_out,cash_out,9.5,-1.5,9.5,6.6,8.1,-2.9000000000000004,0.0
0.1,9.5,2.0,13.0,9.0,0.0,cash_out,cash_out,9.5,-2.0,9.5,6.1,8.1,-3.4000000000000004,0.0
0.1,9.5,2.5,13.0,9.0,0.0,cash_out,cash_out,9.5,-2.5,9.5,5.6,8.1,-3.9000000000000004,0.0
0.1,9.5,3.0,13.0,9.0,0.0,cash_out,cash_out,9.5,-3.0,9.5,5.1,8.1,-4.4,0.0
0.1,9.5,3.5,13.0,9.0,0.0,cash_out,cash_out,9.5,-3.5,9.5,4.6,8.1,-4.9,0.0
0.1,9.5,4.0,13.0,9.0,0.0,cash_out,cash_out,9.5,-4.0,9.5,4.1,8.1,-5.4,0.0
0.1,10.0,0.0,13.0,9.0,0.0,cash_out,cash_out,10.0,0.0,10.0,8.1,8.1,-1.9000000000000004,0.0
0.1,10.0,0.5,13.0,9.0,0.0,cash_out,cash_out,10.0,-0.5,10.0,7.6,8.1,-2.4000000000000004,0.0
0.1,10.0,1.0,13.0,9.0,0.0,cash_out,cash_out,10.0,-1.0,10.0,7.1,8.1,-2.9000000000000004,0.0
0.1,10.0,1.5,13.0,9.0,0.0,cash_out,cash_out,10.0,-1.5,10.0,6.6,8.1,-3.4000000000000004,0.0
0.1,10.0,2.0,13.0,9.0,0.0,cash_out,cash_out,10.0,-2.0,10.0,6.1,8.1,-3.9000000000000004,0.0
0.1,10.0,2.5,13.0,9.0,0.0,cash_out,cash_out,10.0,-2.5,10.0,5.6,8.1,-4.4,0.0
0.1,10.0,3.0,13.0,9.0,0.0,cash_out,cash_out,10.0,-3.0,10.0,5.1,8.1,-4.9,0.0
0.1,10.0,3.5,13.0,9.0,0.0,cash_out,cash_out,10.0,-3.5,10.0,4.6,8.1,-5.4,0.0
0.1,10.0,4.0,13.0,9.0,0.0,cash_out,cash_out,10.0,-4.0,10.0,4.1,8.1,-5.9,0.0
0.1,10.5,0.0,13.0,9.0,0.0,cash_out,cash_out,10.5,0.0,10.5,8.1,8.1,-2.4000000000000004,0.0
0.1,10.5,0.5,13.0,9.0,0.0,cash_out,cash_out,10.5,-0.5,10.5,7.6,8.1,-2.9000000000000004,0.0
0.1,10.5,1.0,13.0,9.0,0.0,cash_out,cash_out,10.5,-1.0,10.5,7.1,8.1,-3.4000000000000004,0.0
0.1,10.5,1.5,13.0,9.0,0.0,cash_out,cash_out,10.5,-1.5,10.5,6.6,8.1,-3.9000000000000004,0.0
0.1,10.5,2.0,13.0,9.0,0.0,cash_out,cash_out,10.5,-2.0,10.5,6.1,8.1,-4.4,0.0
0.1,10.5,2.5,13.0,9.0,0.0,cash_out,cash_out,10.5,-2.5,10.5,5.6,8.1,-4.9,0.0
0.1,10.5,3.0,13.0,9.0,0.0,cash_out,cash_out,10.5,-3.0,10.5,5.1,8.1,-5.4,0.0
0.1,10.5,3.5,13.0,9.0,0.0,cash_out,cash_out,10.5,-3.5,10.5,4.6,8.1,-5.9,0.0
0.1,10.5,4.0,13.0,9.0,0.0,cash_out,cash_out,10.5,-4.0,10.5,4.1,8.1,-6.4,0.0
0.1,11.0,0.0,13.0,9.0,0.0,cash_out,cash_out,11.0,0.0,11.0,8.1,8.1,-2.9000000000000004,0.0
0.1,11.0,0.5,13.0,9.0,0.0,cash_out,cash_out,11.0,-0.5,11.0,7.6,8.1,-3.4000000000000004,0.0
0.1,11.0,1.0,13.0,9.0,0.0,cash_out,cash_out,11.0,-1.0,11.0,7.1,8.1,-3.9000000000000004,0.0
0.1,11.0,1.5,13.0,9.0,0.0,cash_out,cash_out,11.0,-1.5,11.0,6.6,8.1,-4.4,0.0
0.1,11.0,2.0,13.0,9.0,0.0,cash_out,cash_out,11.0,-2.0,11.0,6.1,8.1,-4.9,0.0
0.1,11.0,2.5,13.0,9.0,0.0,cash_out,cash_out,11.0,-2.5,11.0,5.6,8.1,-5.4,0.0
0.1,11.0,3.0,13.0,9.0,0.0,cash_out,cash_out,11.0,-3.0,11.0,5.1,8.1,-5.9,0.0
0.1,11.0,3.5,13.0,9.0,0.0,cash_out,cash_out,11.0,-3.5,11.0,4.6,8.1,-6.4,0.0
0.1,11.0,4.0,13.0,9.0,0.0,cash_out,cash_out,11.0,-4.0,11.0,4.1,8.1,-6.9,0.0
0.1,11.5,0.0,13.0,9.0,0.0,cash_out,cash_out,11.5,0.0,11.5,8.1,8.1,-3.4000000000000004,0.0
0.1,11.5,0.5,13.0,9.0,0.0,cash_out,cash_out,11.5,-0.5,11.5,7.6,8.1,-3.9000000000000004,0.0
0.1,11.5,1.0,13.0,9.0,0.0,cash_out,cash_out,11.5,-1.0,11.5,7.1,8.1,-4.4,0.0
0.1,11.5,1.5,13.0,9.0,0.0,cash_out,cash_out,11.5,-1.5,11.5,6.6,8.1,-4.9,0.0
0.1,11.5,2.0,13.0,9.0,0.0,cash_out,cash_out,11.5,-2.0,11.5,6.1,8.1,-5.4,0.0
0.1,11.5,2.5,13.0,9.0,0.0,cash_out,cash_out,11.5,-2.5,11.5,5.6,8.1,-5.9,0.0
0.1,11.5,3.0,13.0,9.0,0.0,cash_out,cash_out,11.5,-3.0,11.5,5.1,8.1,-6.4,0.0
0.1,11.5,3.5,13.0,9.0,0.0,cash_out,cash_out,11.5,-3.5,11.5,4.6,8.1,-6.9,0.0
0.1,11.5,4.0,13.0,9.0,0.0,cash_out,cash_out,11.5,-4.0,11.5,4.1,8.1,-7.4,0.0
0.1,12.0,0.0,13.0,9.0,0.0,cash_out,cash_out,12.0,0.0,12.0,8.1,8.1,-3.9000000000000004,0.0
0.1,12.0,0.5,13.0,9.0,0.0,cash_out,cash_out,12.0,-0.5,12.0,7.6,8.1,-4.4,0.0
0.1,12.0,1.0,13.0,9.0,0.0,cash_out,cash_out,12.0,-1.0,12.0,7.1,8.1,-4.9,0.0
0.1,12.0,1.5,13.0,9.0,0.0,cash_out,cash_out,12.0,-1.5,12.0,6.6,8.1,-5.4,0.0
0.1,12.0,2.0,13.0,9.0,0.0,cash_out,cash_out,12.0,-2.0,12.0,6.1,8.1,-5.9,0.0
0.1,12.0,2.5,13.0,9.0,0.0,cash_out,cash_out,12.0,-2.5,12.0,5.6,8.1,-6.4,0.0
0.1,12.0,3.0,13.0,9.0,0.0,cash_out,cash_out,12.0,-3.0,12.0,5.1,8.1,-6.9,0.0
0.1,12.0,3.5,13.0,9.0,0.0,cash_out,cash_out,12.0,-3.5,12.0,4.6,8.1,-7.4,0.0
0.1,12.0,4.0,13.0,9.0,0.0,cash_out,cash_out,12.0,-4.0,12.0,4.1,8.1,-7.9,0.0
0.1,12.5,0.0,13.0,9.0,0.0,cash_out,cash_out,12.5,0.0,12.5,8.1,8.1,-4.4,0.0
0.1,12.5,0.5,13.0,9.0,0.0,cash_out,cash_out,12.5,-0.5,12.5,7.6,8.1,-4.9,0.0
0.1,12.5,1.0,13.0,9.0,0.0,cash_out,cash_out,12.5,-1.0,12.5,7.1,8.1,-5.4,0.0
0.1,12.5,1.5,13.0,9.0,0.0,cash_out,cash_out,12.5,-1.5,12.5,6.6,8.1,-5.9,0.0
0.1,12.5,2.0,13.0,9.0,0.0,cash_out,cash_out,12.5,-2.0,12.5,6.1,8.1,-6.4,0.0
0.1,12.5,2.5,13.0,9.0,0.0,cash_out,cash_out,12.5,-2.5,12.5,5.6,8.1,-6.9,0.0
0.1,12.5,3.0,13.0,9.0,0.0,cash_out,cash_out,12.5,-3.0,12.5,5.1,8.1,-7.4,0.0
0.1,12.5,3.5,13.0,9.0,0.0,cash_out,cash_out,12.5,-3.5,12.5,4.6,8.1,-7.9,0.0
0.1,12.5,4.0,13.0,9.0,0.0,cash_out,cash_out,12.5,-4.0,12.5,4.1,8.1,-8.4,0.0
0.1,13.0,0.0,13.0,9.0,0.0,cash_out,cash_out,13.0,0.0,13.0,8.1,8.1,-4.9,0.0
0.1,13.0,0.5,13.0,9.0,0.0,cash_out,cash_out,13.0,-0.5,13.0,7.6,8.1,-5.4,0.0
0.1,13.0,1.0,13.0,9.0,0.0,cash_out,cash_out,13.0,-1.0,13.0,7.1,8.1,-5.9,0.0
0.1,13.0,1.5,13.0,9.0,0.0,cash_out,cash_out,13.0,-1.5,13.0,6.6,8.1,-6.4,0.0
0.1,13.0,2.0,13.0,9.0,0.0,cash_out,cash_out,13.0,-2.0,13.0,6.1,8.1,-6.9,0.0
0.1,13.0,2.5,13.0,9.0,0.0,cash_out,cash_out,13.0,-2.5,13.0,5.6,8.1,-7.4,0.0
0.1,13.0,3.0,13.0,9.0,0.0,cash_out,cash_out,13.0,-3.0,13.0,5.1,8.1,-7.9,0.0
0.1,13.0,3.5,13.0,9.0,0.0,cash_out,cash_out,13.0,-3.5,13.0,4.6,8.1,-8.4,0.0
0.1,13.0,4.0,13.0,9.0,0.0,cash_out,cash_out,13.0,-4.0,13.0,4.1,8.1,-8.9,0.0
0.1,13.5,0.0,13.0,9.0,0.0,cash_out,cash_out,13.5,0.0,13.5,8.1,8.1,-5.4,0.0
0.1,13.5,0.5,13.0,9.0,0.0,cash_out,cash_out,13.5,-0.5,13.5,7.6,8.1,-5.9,0.0
0.1,13.5,1.0,13.0,9.0,0.0,cash_out,cash_out,13.5,-1.0,13.5,7.1,8.1,-6.4,0.0
0.1,13.5,1.5,13.0,9.0,0.0,cash_out,cash_out,13.5,-1.5,13.5,6.6,8.1,-6.9,0.0
0.1,13.5,2.0,13.0,9.0,0.0,cash_out,cash_out,13.5,-2.0,13.5,6.1,8.1,-7.4,0.0
0.1,13.5,2.5,13.0,9.0,0.0,cash_out,cash_out,13.5,-2.5,13.5,5.6,8.1,-7.9,0.0
0.1,13.5,3.0,13.0,9.0,0.0,cash_out,cash_out,13.5,-3.0,13.5,5.1,8.1,-8.4,0.0
0.1,13.5,3.5,13.0,9.0,0.0,cash_out,cash_out,13.5,-3.5,13.5,4.6,8.1,-8.9,0.0
0.1,13.5,4.0,13.0,9.0,0.0,cash_out,cash_out,13.5,-4.0,13.5,4.1,8.1,-9.4,0.0
0.1,14.0,0.0,13.0,9.0,0.0,cash_out,cash_out,14.0,0.0,14.0,8.1,8.1,-5.9,0.0
0.1,14.0,0.5,13.0,9.0,0.0,cash_out,cash_out,14.0,-0.5,14.0,7.6,8.1,-6.4,0.0
0.1,14.0,1.0,13.0,9.0,0.0,cash_out,cash_out,14.0,-1.0,14.0,7.1,8.1,-6.9,0.0
0.1,14.0,1.5,13.0,9.0,0.0,cash_out,cash_out,14.0,-1.5,14.0,6.6,8.1,-7.4,0.0
0.1,14.0,2.0,13.0,9.0,0.0,cash_out,cash_out,14.0,-2.0,14.0,6.1,8.1,-7.9,0.0
0.1,14.0,2.5,13.0,9.0,0.0,cash_out,cash_out,14.0,-2.5,14.0,5.6,8.1,-8.4,0.0
0.1,14.0,3.0,13.0,9.0,0.0,cash_out,cash_out,14.0,-3.0,14.0,5.1,8.1,-8.9,0.0
0.1,14.0,3.5,13.0,9.0,0.0,cash_out,cash_out,14.0,-3.5,14.0,4.6,8.1,-9.4,0.0
0.1,14.0,4.0,13.0,9.0,0.0,cash_out,cash_out,14.0,-4.0,14.0,4.1,8.1,-9.9,0.0
0.1,14.5,0.0,13.0,9.0,0.0,cash_out,cash_out,14.5,0.0,14.5,8.1,8.1,-6.4,0.0
0.1,14.5,0.5,13.0,9.0,0.0,cash_out,cash_out,14.5,-0.5,14.5,7.6,8.1,-6.9,0.0
0.1,14.5,1.0,13.0,9.0,0.0,cash_out,cash_out,14.5,-1.0,14.5,7.1,8.1,-7.4,0.0
0.1,14.5,1.5,13.0,9.0,0.0,cash_out,cash_out,14.5,-1.5,14.5,6.6,8.1,-7.9,0.0
0.1,14.5,2.0,13.0,9.0,0.0,cash_out,cash_out,14.5,-2.0,14.5,6.1,8.1,-8.4,0.0
0.1,14.5,2.5,13.0,9.0,0.0,cash_out,cash_out,14.5,-2.5,14.5,5.6,8.1,-8.9,0.0
0.1,14.5,3.0,13.0,9.0,0.0,cash_out,cash_out,14.5,-3.0,14.5,5.1,8.1,-9.4,0.0
0.1,14.5,3.5,13.0,9.0,0.0,cash_out,cash_out,14.5,-3.5,14.5,4.6,8.1,-9.9,0.0
0.1,14.5,4.0,13.0,9.0,0.0,cash_out,cash_out,14.5,-4.0,14.5,4.1,8.1,-10.4,0.0
0.1,15.0,0.0,13.0,9.0,0.0,cash_out,cash_out,15.0,0.0,15.0,8.1,8.1,-6.9,0.0
0.1,15.0,0.5,13.0,9.0,0.0,cash_out,cash_out,15.0,-0.5,15.0,7.6,8.1,-7.4,0.0
0.1,15.0,1.0,13.0,9.0,0.0,cash_out,cash_out,15.0,-1.0,15.0,7.1,8.1,-7.9,0.0
0.1,15.0,1.5,13.0,9.0,0.0,cash_out,cash_out,15.0,-1.5,15.0,6.6,8.1,-8.4,0.0
0.1,15.0,2.0,13.0,9.0,0.0,cash_out,cash_out,15.0,-2.0,15.0,6.1,8.1,-8.9,0.0
0.1,15.0,2.5,13.0,9.0,0.0,cash_out,cash_out,15.0,-2.5,15.0,5.6,8.1,-9.4,0.0
0.1,15.0,3.0,13.0,9.0,0.0,cash_out,cash_out,15.0,-3.0,15.0,5.1,8.1,-9.9,0.0
0.1,15.0,3.5,13.0,9.0,0.0,cash_out,cash_out,15.0,-3.5,15.0,4.6,8.1,-10.4,0.0
0.1,15.0,4.0,13.0,9.0,0.0,cash_out,cash_out,15.0,-4.0,15.0,4.1,8.1,-10.9,0.0
0.1,15.5,0.0,13.0,9.0,0.0,cash_out,cash_out,15.5,0.0,15.5,8.1,8.1,-7.4,0.0
0.1,15.5,0.5,13.0,9.0,0.0,cash_out,cash_out,15.5,-0.5,15.5,7.6,8.1,-7.9,0.0
0.1,15.5,1.0,13.0,9.0,0.0,cash_out,cash_out,15.5,-1.0,15.5,7.1,8.1,-8.4,0.0
0.1,15.5,1.5,13.0,9.0,0.0,cash_out,cash_out,15.5,-1.5,15.5,6.6,8.1,-8.9,0.0
0.1,15.5,2.0,13.0,9.0,0.0,cash_out,cash_out,15.5,-2.0,15.5,6.1,8.1,-9.4,0.0
0.1,15.5,2.5,13.0,9.0,0.0,cash_out,cash_out,15.5,-2.5,15.5,5.6,8.1,-9.9,0.0
0.1,15.5,3.0,13.0,9.0,0.0,cash_out,cash_out,15.5,-3.0,15.5,5.1,8.1,-10.4,0.0
0.1,15.5,3.5,13.0,9.0,0.0,cash_out,cash_out,15.5,-3.5,15.5,4.6,8.1,-10.9,0.0
0.1,15.5,4.0,13.0,9.0,0.0,cash_out,cash_out,15.5,-4.0,15.5,4.1,8.1,-11.4,0.0
0.1,16.0,0.0,13.0,9.0,0.0,cash_out,cash_out,16.0,0.0,16.0,8.1,8.1,-7.9,0.0
0.1,16.0,0.5,13.0,9.0,0.0,cash_out,cash_out,16.0,-0.5,16.0,7.6,8.1,-8.4,0.0
0.1,16.0,1.0,13.0,9.0,0.0,cash_out,cash_out,16.0,-1.0,16.0,7.1,8.1,-8.9,0.0
0.1,16.0,1.5,13.0,9.0,0.0,cash_out,cash_out,16.0,-1.5,16.0,6.6,8.1,-9.4,0.0
0.1,16.0,2.0,13.0,9.0,0.0,cash_out,cash_out,16.0,-2.0,16.0,6.1,8.1,-9.9,0.0
0.1,16.0,2.5,13.0,9.0,0.0,cash_out,cash_out,16.0,-2.5,16.0,5.6,8.1,-10.4,0.0
0.1,16.0,3.0,13.0,9.0,0.0,cash_out,cash_out,16.0,-3.0,16.0,5.1,8.1,-10.9,0.0
0.1,16.0,3.5,13.0,9.0,0.0,cash_out,cash_out,16.0,-3.5,16.0,4.6,8.1,-11.4,0.0
0.1,16.0,4.0,13.0,9.0,0.0,cash_out,cash_out,16.0,-4.0,16.0,4.1,8.1,-11.9,0.0
0.1,16.5,0.0,13.0,9.0,0.0,cash_out,cash_out,16.5,0.0,16.5,8.1,8.1,-8.4,0.0
0.1,16.5,0.5,13.0,9.0,0.0,cash_out,cash_out,16.5,-0.5,16.5,7.6,8.1,-8.9,0.0
0.1,16.5,1.0,13.0,9.0,0.0,cash_out,cash_out,16.5,-1.0,16.5,7.1,8.1,-9.4,0.0
0.1,16.5,1.5,13.0,9.0,0.0,cash_out,cash_out,16.5,-1.5,16.5,6.6,8.1,-9.9,0.0
0.1,16.5,2.0,13.0,9.0,0.0,cash_out,cash_out,16.5,-2.0,16.5,6.1,8.1,-10.4,0.0
0.1,16.5,2.5,13.0,9.0,0.0,cash_out,cash_out,16.5,-2.5,16.5,5.6,8.1,-10.9,0.0
0.1,16.5,3.0,13.0,9.0,0.0,cash_out,cash_out,16.5,-3.0,16.5,5.1,8.1,-11.4,0.0
0.1,16.5,3.5,13.0,9.0,0.0,cash_out,cash_out,16.5,-3.5,16.5,4.6,8.1,-11.9,0.0
0.1,16.5,4.0,13.0,9.0,0.0,cash_out,cash_out,16.5,-4.0,16.5,4.1,8.1,-12.4,0.0
0.1,17.0,0.0,13.0,9.0,0.0,cash_out,cash_out,17.0,0.0,17.0,8.1,8.1,-8.9,0.0
0.1,17.0,0.5,13.0,9.0,0.0,cash_out,cash_out,17.0,-0.5,17.0,7.6,8.1,-9.4,0.0
0.1,17.0,1.0,13.0,9.0,0.0,cash_out,cash_out,17.0,-1.0,17.0,7.1,8.1,-9.9,0.0
0.1,17.0,1.5,13.0,9.0,0.0,cash_out,cash_out,17.0,-1.5,17.0,6.6,8.1,-10.4,0.0
0.1,17.0,2.0,13.0,9.0,0.0,cash_out,cash_out,17.0,-2.0,17.0,6.1,8.1,-10.9,0.0
0.1,17.0,2.5,13.0,9.0,0.0,cash_out,cash_out,17.0,-2.5,17.0,5.6,8.1,-11.4,0.0
0.1,17.0,3.0,13.0,9.0,0.0,cash_out,cash_out,17.0,-3.0,17.0,5.1,8.1,-11.9,0.0
0.1,17.0,3.5,13.0,9.0,0.0,cash_out,cash_out,17.0,-3.5,17.0,4.6,8.1,-12.4,0.0
0.1,17.0,4.0,13.0,9.0,0.0,cash_out,cash_out,17.0,-4.0,17.0,4.1,8.1,-12.9,0.0
0.1,17.5,0.0,13.0,9.0,0.0,cash_out,cash_out,17.5,0.0,17.5,8.1,8.1,-9.4,0.0
0.1,17.5,0.5,13.0,9.0,0.0,cash_out,cash_out,17.5,-0.5,17.5,7.6,8.1,-9.9,0.0
0.1,17.5,1.0,13.0,9.0,0.0,cash_out,cash_out,17.5,-1.0,17.5,7.1,8.1,-10.4,0.0
0.1,17.5,1.5,13.0,9.0,0.0,cash_out,cash_out,17.5,-1.5,17.5,6.6,8.1,-10.9,0.0
0.1,17.5,2.0,13.0,9.0,0.0,cash_out,cash_out,17.5,-2.0,17.5,6.1,8.1,-11.4,0.0
0.1,17.5,2.5,13.0,9.0,0.0,cash_out,cash_out,17.5,-2.5,17.5,5.6,8.1,-11.9,0.0
0.1,17.5,3.0,13.0,9.0,0.0,cash_out,cash_out,17.5,-3.0,17.5,5.1,8.1,-12.4,0.0
0.1,17.5,3.5,13.0,9.0,0.0,cash_out,cash_out,17.5,-3.5,17.5,4.6,8.1,-12.9,0.0
0.1,17.5,4.0,13.0,9.0,0.0,cash_out,cash_out,17.5,-4.0,17.5,4.1,8.1,-13.4,0.0
0.1,18.0,0.0,13.0,9.0,0.0,cash_out,cash_out,18.0,0.0,18.0,8.1,8.1,-9.9,0.0
0.1,18.0,0.5,13.0,9.0,0.0,cash_out,cash_out,18.0,-0.5,18.0,7.6,8.1,-10.4,0.0
0.1,18.0,1.0,13.0,9.0,0.0,cash_out,cash_out,18.0,-1.0,18.0,7.1,8.1,-10.9,0.0
0.1,18.0,1.5,13.0,9.0,0.0,cash_out,cash_out,18.0,-1.5,18.0,6.6,8.1,-11.4,0.0
0.1,18.0,2.0,13.0,9.0,0.0,cash_out,cash_out,18.0,-2.0,18.0,6.1,8.1,-11.9,0.0
0.1,18.0,2.5,13.0,9.0,0.0,cash_out,cash_out,18.0,-2.5,18.0,5.6,8.1,-12.4,0.0
0.1,18.0,3.0,13.0,9.0,0.0,cash_out,cash_out,18.0,-3.0,18.0,5.1,8.1,-12.9,0.0
0.1,18.0,3.5,13.0,9.0,0.0,cash_out,cash_out,18.0,-3.5,18.0,4.6,8.1,-13.4,0.0
0.1,18.0,4.0,13.0,9.0,0.0,cash_out,cash_out,18.0,-4.0,18.0,4.1,8.1,-13.9,0.0
0.15,6.0,0.0,13.0,9.0,0.0,cash_out,preserve_option,6.0,0.0,6.0,7.6499999999999995,7.6499999999999995,1.6499999999999995,1.0
0.15,6.0,0.5,13.0,9.0,0.0,cash_out,preserve_option,6.0,-0.5,6.0,7.1499999999999995,7.6499999999999995,1.1499999999999995,1.0
0.15,6.0,1.0,13.0,9.0,0.0,cash_out,preserve_option,6.0,-1.0,6.0,6.6499999999999995,7.6499999999999995,0.6499999999999995,1.0
0.15,6.0,1.5,13.0,9.0,0.0,cash_out,preserve_option,6.0,-1.5,6.0,6.1499999999999995,7.6499999999999995,0.14999999999999947,1.0
0.15,6.0,2.0,13.0,9.0,0.0,cash_out,cash_out,6.0,-2.0,6.0,5.6499999999999995,7.6499999999999995,-0.35000000000000053,0.0
0.15,6.0,2.5,13.0,9.0,0.0,cash_out,cash_out,6.0,-2.5,6.0,5.1499999999999995,7.6499999999999995,-0.8500000000000005,0.0
0.15,6.0,3.0,13.0,9.0,0.0,cash_out,cash_out,6.0,-3.0,6.0,4.6499999999999995,7.6499999999999995,-1.3500000000000005,0.0
0.15,6.0,3.5,13.0,9.0,0.0,cash_out,cash_out,6.0,-3.5,6.0,4.1499999999999995,7.6499999999999995,-1.8500000000000005,0.0
0.15,6.0,4.0,13.0,9.0,0.0,cash_out,cash_out,6.0,-4.0,6.0,3.6499999999999995,7.6499999999999995,-2.3500000000000005,0.0
0.15,6.5,0.0,13.0,9.0,0.0,cash_out,preserve_option,6.5,0.0,6.5,7.6499999999999995,7.6499999999999995,1.1499999999999995,1.0
0.15,6.5,0.5,13.0,9.0,0.0,cash_out,preserve_option,6.5,-0.5,6.5,7.1499999999999995,7.6499999999999995,0.6499999999999995,1.0
0.15,6.5,1.0,13.0,9.0,0.0,cash_out,preserve_option,6.5,-1.0,6.5,6.6499999999999995,7.6499999999999995,0.14999999999999947,1.0
0.15,6.5,1.5,13.0,9.0,0.0,cash_out,cash_out,6.5,-1.5,6.5,6.1499999999999995,7.6499999999999995,-0.35000000000000053,0.0
0.15,6.5,2.0,13.0,9.0,0.0,cash_out,cash_out,6.5,-2.0,6.5,5.6499999999999995,7.6499999999999995,-0.8500000000000005,0.0
0.15,6.5,2.5,13.0,9.0,0.0,cash_out,cash_out,6.5,-2.5,6.5,5.1499999999999995,7.6499999999999995,-1.3500000000000005,0.0
0.15,6.5,3.0,13.0,9.0,0.0,cash_out,cash_out,6.5,-3.0,6.5,4.6499999999999995,7.6499999999999995,-1.8500000000000005,0.0
0.15,6.5,3.5,13.0,9.0,0.0,cash_out,cash_out,6.5,-3.5,6.5,4.1499999999999995,7.6499999999999995,-2.3500000000000005,0.0
0.15,6.5,4.0,13.0,9.0,0.0,cash_out,cash_out,6.5,-4.0,6.5,3.6499999999999995,7.6499999999999995,-2.8500000000000005,0.0
0.15,7.0,0.0,13.0,9.0,0.0,cash_out,preserve_option,7.0,0.0,7.0,7.6499999999999995,7.6499999999999995,0.6499999999999995,1.0
0.15,7.0,0.5,13.0,9.0,0.0,cash_out,preserve_option,7.0,-0.5,7.0,7.1499999999999995,7.6499999999999995,0.14999999999999947,1.0
0.15,7.0,1.0,13.0,9.0,0.0,cash_out,cash_out,7.0,-1.0,7.0,6.6499999999999995,7.6499999999999995,-0.35000000000000053,0.0
0.15,7.0,1.5,13.0,9.0,0.0,cash_out,cash_out,7.0,-1.5,7.0,6.1499999999999995,7.6499999999999995,-0.8500000000000005,0.0
0.15,7.0,2.0,13.0,9.0,0.0,cash_out,cash_out,7.0,-2.0,7.0,5.6499999999999995,7.6499999999999995,-1.3500000000000005,0.0
0.15,7.0,2.5,13.0,9.0,0.0,cash_out,cash_out,7.0,-2.5,7.0,5.1499999999999995,7.6499999999999995,-1.8500000000000005,0.0
0.15,7.0,3.0,13.0,9.0,0.0,cash_out,cash_out,7.0,-3.0,7.0,4.6499999999999995,7.6499999999999995,-2.3500000000000005,0.0
0.15,7.0,3.5,13.0,9.0,0.0,cash_out,cash_out,7.0,-3.5,7.0,4.1499999999999995,7.6499999999999995,-2.8500000000000005,0.0
0.15,7.0,4.0,13.0,9.0,0.0,cash_out,cash_out,7.0,-4.0,7.0,3.6499999999999995,7.6499999999999995,-3.3500000000000005,0.0
0.15,7.5,0.0,13.0,9.0,0.0,cash_out,preserve_option,7.5,0.0,7.5,7.6499999999999995,7.6499999999999995,0.14999999999999947,1.0
0.15,7.5,0.5,13.0,9.0,0.0,cash_out,cash_out,7.5,-0.5,7.5,7.1499999999999995,7.6499999999999995,-0.35000000000000053,0.0
0.15,7.5,1.0,13.0,9.0,0.0,cash_out,cash_out,7.5,-1.0,7.5,6.6499999999999995,7.6499999999999995,-0.8500000000000005,0.0
0.15,7.5,1.5,13.0,9.0,0.0,cash_out,cash_out,7.5,-1.5,7.5,6.1499999999999995,7.6499999999999995,-1.3500000000000005,0.0
0.15,7.5,2.0,13.0,9.0,0.0,cash_out,cash_out,7.5,-2.0,7.5,5.6499999999999995,7.6499999999999995,-1.8500000000000005,0.0
0.15,7.5,2.5,13.0,9.0,0.0,cash_out,cash_out,7.5,-2.5,7.5,5.1499999999999995,7.6499999999999995,-2.3500000000000005,0.0
0.15,7.5,3.0,13.0,9.0,0.0,cash_out,cash_out,7.5,-3.0,7.5,4.6499999999999995,7.6499999999999995,-2.8500000000000005,0.0
0.15,7.5,3.5,13.0,9.0,0.0,cash_out,cash_out,7.5,-3.5,7.5,4.1499999999999995,7.6499999999999995,-3.3500000000000005,0.0
0.15,7.5,4.0,13.0,9.0,0.0,cash_out,cash_out,7.5,-4.0,7.5,3.6499999999999995,7.6499999999999995,-3.8500000000000005,0.0
0.15,8.0,0.0,13.0,9.0,0.0,cash_out,cash_out,8.0,0.0,8.0,7.6499999999999995,7.6499999999999995,-0.35000000000000053,0.0
0.15,8.0,0.5,13.0,9.0,0.0,cash_out,cash_out,8.0,-0.5,8.0,7.1499999999999995,7.6499999999999995,-0.8500000000000005,0.0
0.15,8.0,1.0,13.0,9.0,0.0,cash_out,cash_out,8.0,-1.0,8.0,6.6499999999999995,7.6499999999999995,-1.3500000000000005,0.0
0.15,8.0,1.5,13.0,9.0,0.0,cash_out,cash_out,8.0,-1.5,8.0,6.1499999999999995,7.6499999999999995,-1.8500000000000005,0.0
0.15,8.0,2.0,13.0,9.0,0.0,cash_out,cash_out,8.0,-2.0,8.0,5.6499999999999995,7.6499999999999995,-2.3500000000000005,0.0
0.15,8.0,2.5,13.0,9.0,0.0,cash_out,cash_out,8.0,-2.5,8.0,5.1499999999999995,7.6499999999999995,-2.8500000000000005,0.0
0.15,8.0,3.0,13.0,9.0,0.0,cash_out,cash_out,8.0,-3.0,8.0,4.6499999999999995,7.6499999999999995,-3.3500000000000005,0.0
0.15,8.0,3.5,13.0,9.0,0.0,cash_out,cash_out,8.0,-3.5,8.0,4.1499999999999995,7.6499999999999995,-3.8500000000000005,0.0
0.15,8.0,4.0,13.0,9.0,0.0,cash_out,cash_out,8.0,-4.0,8.0,3.6499999999999995,7.6499999999999995,-4.3500000000000005,0.0
0.15,8.5,0.0,13.0,9.0,0.0,cash_out,cash_out,8.5,0.0,8.5,7.6499999999999995,7.6499999999999995,-0.8500000000000005,0.0
0.15,8.5,0.5,13.0,9.0,0.0,cash_out,cash_out,8.5,-0.5,8.5,7.1499999999999995,7.6499999999999995,-1.3500000000000005,0.0
0.15,8.5,1.0,13.0,9.0,0.0,cash_out,cash_out,8.5,-1.0,8.5,6.6499999999999995,7.6499999999999995,-1.8500000000000005,0.0
0.15,8.5,1.5,13.0,9.0,0.0,cash_out,cash_out,8.5,-1.5,8.5,6.1499999999999995,7.6499999999999995,-2.3500000000000005,0.0
0.15,8.5,2.0,13.0,9.0,0.0,cash_out,cash_out,8.5,-2.0,8.5,5.6499999999999995,7.6499999999999995,-2.8500000000000005,0.0
0.15,8.5,2.5,13.0,9.0,0.0,cash_out,cash_out,8.5,-2.5,8.5,5.1499999999999995,7.6499999999999995,-3.3500000000000005,0.0
0.15,8.5,3.0,13.0,9.0,0.0,cash_out,cash_out,8.5,-3.0,8.5,4.6499999999999995,7.6499999999999995,-3.8500000000000005,0.0
0.15,8.5,3.5,13.0,9.0,0.0,cash_out,cash_out,8.5,-3.5,8.5,4.1499999999999995,7.6499999999999995,-4.3500000000000005,0.0
0.15,8.5,4.0,13.0,9.0,0.0,cash_out,cash_out,8.5,-4.0,8.5,3.6499999999999995,7.6499999999999995,-4.8500000000000005,0.0
0.15,9.0,0.0,13.0,9.0,0.0,cash_out,cash_out,9.0,0.0,9.0,7.6499999999999995,7.6499999999999995,-1.3500000000000005,0.0
0.15,9.0,0.5,13.0,9.0,0.0,cash_out,cash_out,9.0,-0.5,9.0,7.1499999999999995,7.6499999999999995,-1.8500000000000005,0.0
0.15,9.0,1.0,13.0,9.0,0.0,cash_out,cash_out,9.0,-1.0,9.0,6.6499999999999995,7.6499999999999995,-2.3500000000000005,0.0
0.15,9.0,1.5,13.0,9.0,0.0,cash_out,cash_out,9.0,-1.5,9.0,6.1499999999999995,7.6499999999999995,-2.8500000000000005,0.0
0.15,9.0,2.0,13.0,9.0,0.0,cash_out,cash_out,9.0,-2.0,9.0,5.6499999999999995,7.6499999999999995,-3.3500000000000005,0.0
0.15,9.0,2.5,13.0,9.0,0.0,cash_out,cash_out,9.0,-2.5,9.0,5.1499999999999995,7.6499999999999995,-3.8500000000000005,0.0
0.15,9.0,3.0,13.0,9.0,0.0,cash_out,cash_out,9.0,-3.0,9.0,4.6499999999999995,7.6499999999999995,-4.3500000000000005,0.0
0.15,9.0,3.5,13.0,9.0,0.0,cash_out,cash_out,9.0,-3.5,9.0,4.1499999999999995,7.6499999999999995,-4.8500000000000005,0.0
0.15,9.0,4.0,13.0,9.0,0.0,cash_out,cash_out,9.0,-4.0,9.0,3.6499999999999995,7.6499999999999995,-5.3500000000000005,0.0
0.15,9.5,0.0,13.0,9.0,0.0,cash_out,cash_out,9.5,0.0,9.5,7.6499999999999995,7.6499999999999995,-1.8500000000000005,0.0
0.15,9.5,0.5,13.0,9.0,0.0,cash_out,cash_out,9.5,-0.5,9.5,7.1499999999999995,7.6499999999999995,-2.3500000000000005,0.0
0.15,9.5,1.0,13.0,9.0,0.0,cash_out,cash_out,9.5,-1.0,9.5,6.6499999999999995,7.6499999999999995,-2.8500000000000005,0.0
0.15,9.5,1.5,13.0,9.0,0.0,cash_out,cash_out,9.5,-1.5,9.5,6.1499999999999995,7.6499999999999995,-3.3500000000000005,0.0
0.15,9.5,2.0,13.0,9.0,0.0,cash_out,cash_out,9.5,-2.0,9.5,5.6499999999999995,7.6499999999999995,-3.8500000000000005,0.0
0.15,9.5,2.5,13.0,9.0,0.0,cash_out,cash_out,9.5,-2.5,9.5,5.1499999999999995,7.6499999999999995,-4.3500000000000005,0.0
0.15,9.5,3.0,13.0,9.0,0.0,cash_out,cash_out,9.5,-3.0,9.5,4.6499999999999995,7.6499999999999995,-4.8500000000000005,0.0
0.15,9.5,3.5,13.0,9.0,0.0,cash_out,cash_out,9.5,-3.5,9.5,4.1499999999999995,7.6499999999999995,-5.3500000000000005,0.0
0.15,9.5,4.0,13.0,9.0,0.0,cash_out,cash_out,9.5,-4.0,9.5,3.6499999999999995,7.6499999999999995,-5.8500000000000005,0.0
0.15,10.0,0.0,13.0,9.0,0.0,cash_out,cash_out,10.0,0.0,10.0,7.6499999999999995,7.6499999999999995,-2.3500000000000005,0.0
0.15,10.0,0.5,13.0,9.0,0.0,cash_out,cash_out,10.0,-0.5,10.0,7.1499999999999995,7.6499999999999995,-2.8500000000000005,0.0
0.15,10.0,1.0,13.0,9.0,0.0,cash_out,cash_out,10.0,-1.0,10.0,6.6499999999999995,7.6499999999999995,-3.3500000000000005,0.0
0.15,10.0,1.5,13.0,9.0,0.0,cash_out,cash_out,10.0,-1.5,10.0,6.1499999999999995,7.6499999999999995,-3.8500000000000005,0.0
0.15,10.0,2.0,13.0,9.0,0.0,cash_out,cash_out,10.0,-2.0,10.0,5.6499999999999995,7.6499999999999995,-4.3500000000000005,0.0
0.15,10.0,2.5,13.0,9.0,0.0,cash_out,cash_out,10.0,-2.5,10.0,5.1499999999999995,7.6499999999999995,-4.8500000000000005,0.0
0.15,10.0,3.0,13.0,9.0,0.0,cash_out,cash_out,10.0,-3.0,10.0,4.6499999999999995,7.6499999999999995,-5.3500000000000005,0.0
0.15,10.0,3.5,13.0,9.0,0.0,cash_out,cash_out,10.0,-3.5,10.0,4.1499999999999995,7.6499999999999995,-5.8500000000000005,0.0
0.15,10.0,4.0,13.0,9.0,0.0,cash_out,cash_out,10.0,-4.0,10.0,3.6499999999999995,7.6499999999999995,-6.3500000000000005,0.0
0.15,10.5,0.0,13.0,9.0,0.0,cash_out,cash_out,10.5,0.0,10.5,7.6499999999999995,7.6499999999999995,-2.8500000000000005,0.0
0.15,10.5,0.5,13.0,9.0,0.0,cash_out,cash_out,10.5,-0.5,10.5,7.1499999999999995,7.6499999999999995,-3.3500000000000005,0.0
0.15,10.5,1.0,13.0,9.0,0.0,cash_out,cash_out,10.5,-1.0,10.5,6.6499999999999995,7.6499999999999995,-3.8500000000000005,0.0
0.15,10.5,1.5,13.0,9.0,0.0,cash_out,cash_out,10.5,-1.5,10.5,6.1499999999999995,7.6499999999999995,-4.3500000000000005,0.0
0.15,10.5,2.0,13.0,9.0,0.0,cash_out,cash_out,10.5,-2.0,10.5,5.6499999999999995,7.6499999999999995,-4.8500000000000005,0.0
0.15,10.5,2.5,13.0,9.0,0.0,cash_out,cash_out,10.5,-2.5,10.5,5.1499999999999995,7.6499999999999995,-5.3500000000000005,0.0
0.15,10.5,3.0,13.0,9.0,0.0,cash_out,cash_out,10.5,-3.0,10.5,4.6499999999999995,7.6499999999999995,-5.8500000000000005,0.0
0.15,10.5,3.5,13.0,9.0,0.0,cash_out,cash_out,10.5,-3.5,10.5,4.1499999999999995,7.6499999999999995,-6.3500000000000005,0.0
0.15,10.5,4.0,13.0,9.0,0.0,cash_out,cash_out,10.5,-4.0,10.5,3.6499999999999995,7.6499999999999995,-6.8500000000000005,0.0
0.15,11.0,0.0,13.0,9.0,0.0,cash_out,cash_out,11.0,0.0,11.0,7.6499999999999995,7.6499999999999995,-3.3500000000000005,0.0
0.15,11.0,0.5,13.0,9.0,0.0,cash_out,cash_out,11.0,-0.5,11.0,7.1499999999999995,7.6499999999999995,-3.8500000000000005,0.0
0.15,11.0,1.0,13.0,9.0,0.0,cash_out,cash_out,11.0,-1.0,11.0,6.6499999999999995,7.6499999999999995,-4.3500000000000005,0.0
0.15,11.0,1.5,13.0,9.0,0.0,cash_out,cash_out,11.0,-1.5,11.0,6.1499999999999995,7.6499999999999995,-4.8500000000000005,0.0
0.15,11.0,2.0,13.0,9.0,0.0,cash_out,cash_out,11.0,-2.0,11.0,5.6499999999999995,7.6499999999999995,-5.3500000000000005,0.0
0.15,11.0,2.5,13.0,9.0,0.0,cash_out,cash_out,11.0,-2.5,11.0,5.1499999999999995,7.6499999999999995,-5.8500000000000005,0.0
0.15,11.0,3.0,13.0,9.0,0.0,cash_out,cash_out,11.0,-3.0,11.0,4.6499999999999995,7.6499999999999995,-6.3500000000000005,0.0
0.15,11.0,3.5,13.0,9.0,0.0,cash_out,cash_out,11.0,-3.5,11.0,4.1499999999999995,7.6499999999999995,-6.8500000000000005,0.0
0.15,11.0,4.0,13.0,9.0,0.0,cash_out,cash_out,11.0,-4.0,11.0,3.6499999999999995,7.6499999999999995,-7.3500000000000005,0.0
0.15,11.5,0.0,13.0,9.0,0.0,cash_out,cash_out,11.5,0.0,11.5,7.6499999999999995,7.6499999999999995,-3.8500000000000005,0.0
0.15,11.5,0.5,13.0,9.0,0.0,cash_out,cash_out,11.5,-0.5,11.5,7.1499999999999995,7.6499999999999995,-4.3500000000000005,0.0
0.15,11.5,1.0,13.0,9.0,0.0,cash_out,cash_out,11.5,-1.0,11.5,6.6499999999999995,7.6499999999999995,-4.8500000000000005,0.0
0.15,11.5,1.5,13.0,9.0,0.0,cash_out,cash_out,11.5,-1.5,11.5,6.1499999999999995,7.6499999999999995,-5.3500000000000005,0.0
0.15,11.5,2.0,13.0,9.0,0.0,cash_out,cash_out,11.5,-2.0,11.5,5.6499999999999995,7.6499999999999995,-5.8500000000000005,0.0
0.15,11.5,2.5,13.0,9.0,0.0,cash_out,cash_out,11.5,-2.5,11.5,5.1499999999999995,7.6499999999999995,-6.3500000000000005,0.0
0.15,11.5,3.0,13.0,9.0,0.0,cash_out,cash_out,11.5,-3.0,11.5,4.6499999999999995,7.6499999999999995,-6.8500000000000005,0.0
0.15,11.5,3.5,13.0,9.0,0.0,cash_out,cash_out,11.5,-3.5,11.5,4.1499999999999995,7.6499999999999995,-7.3500000000000005,0.0
0.15,11.5,4.0,13.0,9.0,0.0,cash_out,cash_out,11.5,-4.0,11.5,3.6499999999999995,7.6499999999999995,-7.8500000000000005,0.0
0.15,12.0,0.0,13.0,9.0,0.0,cash_out,cash_out,12.0,0.0,12.0,7.6499999999999995,7.6499999999999995,-4.3500000000000005,0.0
0.15,12.0,0.5,13.0,9.0,0.0,cash_out,cash_out,12.0,-0.5,12.0,7.1499999999999995,7.6499999999999995,-4.8500000000000005,0.0
0.15,12.0,1.0,13.0,9.0,0.0,cash_out,cash_out,12.0,-1.0,12.0,6.6499999999999995,7.6499999999999995,-5.3500000000000005,0.0
0.15,12.0,1.5,13.0,9.0,0.0,cash_out,cash_out,12.0,-1.5,12.0,6.1499999999999995,7.6499999999999995,-5.8500000000000005,0.0
0.15,12.0,2.0,13.0,9.0,0.0,cash_out,cash_out,12.0,-2.0,12.0,5.6499999999999995,7.6499999999999995,-6.3500000000000005,0.0
0.15,12.0,2.5,13.0,9.0,0.0,cash_out,cash_out,12.0,-2.5,12.0,5.1499999999999995,7.6499999999999995,-6.8500000000000005,0.0
0.15,12.0,3.0,13.0,9.0,0.0,cash_out,cash_out,12.0,-3.0,12.0,4.6499999999999995,7.6499999999999995,-7.3500000000000005,0.0
0.15,12.0,3.5,13.0,9.0,0.0,cash_out,cash_out,12.0,-3.5,12.0,4.1499999999999995,7.6499999999999995,-7.8500000000000005,0.0
0.15,12.0,4.0,13.0,9.0,0.0,cash_out,cash_out,12.0,-4.0,12.0,3.6499999999999995,7.6499999999999995,-8.350000000000001,0.0
0.15,12.5,0.0,13.0,9.0,0.0,cash_out,cash_out,12.5,0.0,12.5,7.6499999999999995,7.6499999999999995,-4.8500000000000005,0.0
0.15,12.5,0.5,13.0,9.0,0.0,cash_out,cash_out,12.5,-0.5,12.5,7.1499999999999995,7.6499999999999995,-5.3500000000000005,0.0
0.15,12.5,1.0,13.0,9.0,0.0,cash_out,cash_out,12.5,-1.0,12.5,6.6499999999999995,7.6499999999999995,-5.8500000000000005,0.0
0.15,12.5,1.5,13.0,9.0,0.0,cash_out,cash_out,12.5,-1.5,12.5,6.1499999999999995,7.6499999999999995,-6.3500000000000005,0.0
0.15,12.5,2.0,13.0,9.0,0.0,cash_out,cash_out,12.5,-2.0,12.5,5.6499999999999995,7.6499999999999995,-6.8500000000000005,0.0
0.15,12.5,2.5,13.0,9.0,0.0,cash_out,cash_out,12.5,-2.5,12.5,5.1499999999999995,7.6499999999999995,-7.3500000000000005,0.0
0.15,12.5,3.0,13.0,9.0,0.0,cash_out,cash_out,12.5,-3.0,12.5,4.6499999999999995,7.6499999999999995,-7.8500000000000005,0.0
0.15,12.5,3.5,13.0,9.0,0.0,cash_out,cash_out,12.5,-3.5,12.5,4.1499999999999995,7.6499999999999995,-8.350000000000001,0.0
0.15,12.5,4.0,13.0,9.0,0.0,cash_out,cash_out,12.5,-4.0,12.5,3.6499999999999995,7.6499999999999995,-8.850000000000001,0.0
0.15,13.0,0.0,13.0,9.0,0.0,cash_out,cash_out,13.0,0.0,13.0,7.6499999999999995,7.6499999999999995,-5.3500000000000005,0.0
0.15,13.0,0.5,13.0,9.0,0.0,cash_out,cash_out,13.0,-0.5,13.0,7.1499999999999995,7.6499999999999995,-5.8500000000000005,0.0
0.15,13.0,1.0,13.0,9.0,0.0,cash_out,cash_out,13.0,-1.0,13.0,6.6499999999999995,7.6499999999999995,-6.3500000000000005,0.0
0.15,13.0,1.5,13.0,9.0,0.0,cash_out,cash_out,13.0,-1.5,13.0,6.1499999999999995,7.6499999999999995,-6.8500000000000005,0.0
0.15,13.0,2.0,13.0,9.0,0.0,cash_out,cash_out,13.0,-2.0,13.0,5.6499999999999995,7.6499999999999995,-7.3500000000000005,0.0
0.15,13.0,2.5,13.0,9.0,0.0,cash_out,cash_out,13.0,-2.5,13.0,5.1499999999999995,7.6499999999999995,-7.8500000000000005,0.0
0.15,13.0,3.0,13.0,9.0,0.0,cash_out,cash_out,13.0,-3.0,13.0,4.6499999999999995,7.6499999999999995,-8.350000000000001,0.0
0.15,13.0,3.5,13.0,9.0,0.0,cash_out,cash_out,13.0,-3.5,13.0,4.1499999999999995,7.6499999999999995,-8.850000000000001,0.0
0.15,13.0,4.0,13.0,9.0,0.0,cash_out,cash_out,13.0,-4.0,13.0,3.6499999999999995,7.6499999999999995,-9.350000000000001,0.0
0.15,13.5,0.0,13.0,9.0,0.0,cash_out,cash_out,13.5,0.0,13.5,7.6499999999999995,7.6499999999999995,-5.8500000000000005,0.0
0.15,13.5,0.5,13.0,9.0,0.0,cash_out,cash_out,13.5,-0.5,13.5,7.1499999999999995,7.6499999999999995,-6.3500000000000005,0.0
0.15,13.5,1.0,13.0,9.0,0.0,cash_out,cash_out,13.5,-1.0,13.5,6.6499999999999995,7.6499999999999995,-6.8500000000000005,0.0
0.15,13.5,1.5,13.0,9.0,0.0,cash_out,cash_out,13.5,-1.5,13.5,6.1499999999999995,7.6499999999999995,-7.3500000000000005,0.0
0.15,13.5,2.0,13.0,9.0,0.0,cash_out,cash_out,13.5,-2.0,13.5,5.6499999999999995,7.6499999999999995,-7.8500000000000005,0.0
0.15,13.5,2.5,13.0,9.0,0.0,cash_out,cash_out,13.5,-2.5,13.5,5.1499999999999995,7.6499999999999995,-8.350000000000001,0.0
0.15,13.5,3.0,13.0,9.0,0.0,cash_out,cash_out,13.5,-3.0,13.5,4.6499999999999995,7.6499999999999995,-8.850000000000001,0.0
0.15,13.5,3.5,13.0,9.0,0.0,cash_out,cash_out,13.5,-3.5,13.5,4.1499999999999995,7.6499999999999995,-9.350000000000001,0.0
0.15,13.5,4.0,13.0,9.0,0.0,cash_out,cash_out,13.5,-4.0,13.5,3.6499999999999995,7.6499999999999995,-9.850000000000001,0.0
0.15,14.0,0.0,13.0,9.0,0.0,cash_out,cash_out,14.0,0.0,14.0,7.6499999999999995,7.6499999999999995,-6.3500000000000005,0.0
0.15,14.0,0.5,13.0,9.0,0.0,cash_out,cash_out,14.0,-0.5,14.0,7.1499999999999995,7.6499999999999995,-6.8500000000000005,0.0
0.15,14.0,1.0,13.0,9.0,0.0,cash_out,cash_out,14.0,-1.0,14.0,6.6499999999999995,7.6499999999999995,-7.3500000000000005,0.0
0.15,14.0,1.5,13.0,9.0,0.0,cash_out,cash_out,14.0,-1.5,14.0,6.1499999999999995,7.6499999999999995,-7.8500000000000005,0.0
0.15,14.0,2.0,13.0,9.0,0.0,cash_out,cash_out,14.0,-2.0,14.0,5.6499999999999995,7.6499999999999995,-8.350000000000001,0.0
0.15,14.0,2.5,13.0,9.0,0.0,cash_out,cash_out,14.0,-2.5,14.0,5.1499999999999995,7.6499999999999995,-8.850000000000001,0.0
0.15,14.0,3.0,13.0,9.0,0.0,cash_out,cash_out,14.0,-3.0,14.0,4.6499999999999995,7.6499999999999995,-9.350000000000001,0.0
0.15,14.0,3.5,13.0,9.0,0.0,cash_out,cash_out,14.0,-3.5,14.0,4.1499999999999995,7.6499999999999995,-9.850000000000001,0.0
0.15,14.0,4.0,13.0,9.0,0.0,cash_out,cash_out,14.0,-4.0,14.0,3.6499999999999995,7.6499999999999995,-10.350000000000001,0.0
0.15,14.5,0.0,13.0,9.0,0.0,cash_out,cash_out,14.5,0.0,14.5,7.6499999999999995,7.6499999999999995,-6.8500000000000005,0.0
0.15,14.5,0.5,13.0,9.0,0.0,cash_out,cash_out,14.5,-0.5,14.5,7.1499999999999995,7.6499999999999995,-7.3500000000000005,0.0
0.15,14.5,1.0,13.0,9.0,0.0,cash_out,cash_out,14.5,-1.0,14.5,6.6499999999999995,7.6499999999999995,-7.8500000000000005,0.0
0.15,14.5,1.5,13.0,9.0,0.0,cash_out,cash_out,14.5,-1.5,14.5,6.1499999999999995,7.6499999999999995,-8.350000000000001,0.0
0.15,14.5,2.0,13.0,9.0,0.0,cash_out,cash_out,14.5,-2.0,14.5,5.6499999999999995,7.6499999999999995,-8.850000000000001,0.0
0.15,14.5,2.5,13.0,9.0,0.0,cash_out,cash_out,14.5,-2.5,14.5,5.1499999999999995,7.6499999999999995,-9.350000000000001,0.0
0.15,14.5,3.0,13.0,9.0,0.0,cash_out,cash_out,14.5,-3.0,14.5,4.6499999999999995,7.6499999999999995,-9.850000000000001,0.0
0.15,14.5,3.5,13.0,9.0,0.0,cash_out,cash_out,14.5,-3.5,14.5,4.1499999999999995,7.6499999999999995,-10.350000000000001,0.0
0.15,14.5,4.0,13.0,9.0,0.0,cash_out,cash_out,14.5,-4.0,14.5,3.6499999999999995,7.6499999999999995,-10.850000000000001,0.0
0.15,15.0,0.0,13.0,9.0,0.0,cash_out,cash_out,15.0,0.0,15.0,7.6499999999999995,7.6499999999999995,-7.3500000000000005,0.0
0.15,15.0,0.5,13.0,9.0,0.0,cash_out,cash_out,15.0,-0.5,15.0,7.1499999999999995,7.6499999999999995,-7.8500000000000005,0.0
0.15,15.0,1.0,13.0,9.0,0.0,cash_out,cash_out,15.0,-1.0,15.0,6.6499999999999995,7.6499999999999995,-8.350000000000001,0.0
0.15,15.0,1.5,13.0,9.0,0.0,cash_out,cash_out,15.0,-1.5,15.0,6.1499999999999995,7.6499999999999995,-8.850000000000001,0.0
0.15,15.0,2.0,13.0,9.0,0.0,cash_out,cash_out,15.0,-2.0,15.0,5.6499999999999995,7.6499999999999995,-9.350000000000001,0.0
0.15,15.0,2.5,13.0,9.0,0.0,cash_out,cash_out,15.0,-2.5,15.0,5.1499999999999995,7.6499999999999995,-9.850000000000001,0.0
0.15,15.0,3.0,13.0,9.0,0.0,cash_out,cash_out,15.0,-3.0,15.0,4.6499999999999995,7.6499999999999995,-10.350000000000001,0.0
0.15,15.0,3.5,13.0,9.0,0.0,cash_out,cash_out,15.0,-3.5,15.0,4.1499999999999995,7.6499999999999995,-10.850000000000001,0.0
0.15,15.0,4.0,13.0,9.0,0.0,cash_out,cash_out,15.0,-4.0,15.0,3.6499999999999995,7.6499999999999995,-11.350000000000001,0.0
0.15,15.5,0.0,13.0,9.0,0.0,cash_out,cash_out,15.5,0.0,15.5,7.6499999999999995,7.6499999999999995,-7.8500000000000005,0.0
0.15,15.5,0.5,13.0,9.0,0.0,cash_out,cash_out,15.5,-0.5,15.5,7.1499999999999995,7.6499999999999995,-8.350000000000001,0.0
0.15,15.5,1.0,13.0,9.0,0.0,cash_out,cash_out,15.5,-1.0,15.5,6.6499999999999995,7.6499999999999995,-8.850000000000001,0.0
0.15,15.5,1.5,13.0,9.0,0.0,cash_out,cash_out,15.5,-1.5,15.5,6.1499999999999995,7.6499999999999995,-9.350000000000001,0.0
0.15,15.5,2.0,13.0,9.0,0.0,cash_out,cash_out,15.5,-2.0,15.5,5.6499999999999995,7.6499999999999995,-9.850000000000001,0.0
0.15,15.5,2.5,13.0,9.0,0.0,cash_out,cash_out,15.5,-2.5,15.5,5.1499999999999995,7.6499999999999995,-10.350000000000001,0.0
0.15,15.5,3.0,13.0,9.0,0.0,cash_out,cash_out,15.5,-3.0,15.5,4.6499999999999995,7.6499999999999995,-10.850000000000001,0.0
0.15,15.5,3.5,13.0,9.0,0.0,cash_out,cash_out,15.5,-3.5,15.5,4.1499999999999995,7.6499999999999995,-11.350000000000001,0.0
0.15,15.5,4.0,13.0,9.0,0.0,cash_out,cash_out,15.5,-4.0,15.5,3.6499999999999995,7.6499999999999995,-11.850000000000001,0.0
0.15,16.0,0.0,13.0,9.0,0.0,cash_out,cash_out,16.0,0.0,16.0,7.6499999999999995,7.6499999999999995,-8.350000000000001,0.0
0.15,16.0,0.5,13.0,9.0,0.0,cash_out,cash_out,16.0,-0.5,16.0,7.1499999999999995,7.6499999999999995,-8.850000000000001,0.0
0.15,16.0,1.0,13.0,9.0,0.0,cash_out,cash_out,16.0,-1.0,16.0,6.6499999999999995,7.6499999999999995,-9.350000000000001,0.0
0.15,16.0,1.5,13.0,9.0,0.0,cash_out,cash_out,16.0,-1.5,16.0,6.1499999999999995,7.6499999999999995,-9.850000000000001,0.0
0.15,16.0,2.0,13.0,9.0,0.0,cash_out,cash_out,16.0,-2.0,16.0,5.6499999999999995,7.6499999999999995,-10.350000000000001,0.0
0.15,16.0,2.5,13.0,9.0,0.0,cash_out,cash_out,16.0,-2.5,16.0,5.1499999999999995,7.6499999999999995,-10.850000000000001,0.0
0.15,16.0,3.0,13.0,9.0,0.0,cash_out,cash_out,16.0,-3.0,16.0,4.6499999999999995,7.6499999999999995,-11.350000000000001,0.0
0.15,16.0,3.5,13.0,9.0,0.0,cash_out,cash_out,16.0,-3.5,16.0,4.1499999999999995,7.6499999999999995,-11.850000000000001,0.0
0.15,16.0,4.0,13.0,9.0,0.0,cash_out,cash_out,16.0,-4.0,16.0,3.6499999999999995,7.6499999999999995,-12.350000000000001,0.0
0.15,16.5,0.0,13.0,9.0,0.0,cash_out,cash_out,16.5,0.0,16.5,7.6499999999999995,7.6499999999999995,-8.850000000000001,0.0
0.15,16.5,0.5,13.0,9.0,0.0,cash_out,cash_out,16.5,-0.5,16.5,7.1499999999999995,7.6499999999999995,-9.350000000000001,0.0
0.15,16.5,1.0,13.0,9.0,0.0,cash_out,cash_out,16.5,-1.0,16.5,6.6499999999999995,7.6499999999999995,-9.850000000000001,0.0
0.15,16.5,1.5,13.0,9.0,0.0,cash_out,cash_out,16.5,-1.5,16.5,6.1499999999999995,7.6499999999999995,-10.350000000000001,0.0
0.15,16.5,2.0,13.0,9.0,0.0,cash_out,cash_out,16.5,-2.0,16.5,5.6499999999999995,7.6499999999999995,-10.850000000000001,0.0
0.15,16.5,2.5,13.0,9.0,0.0,cash_out,cash_out,16.5,-2.5,16.5,5.1499999999999995,7.6499999999999995,-11.350000000000001,0.0
0.15,16.5,3.0,13.0,9.0,0.0,cash_out,cash_out,16.5,-3.0,16.5,4.6499999999999995,7.6499999999999995,-11.850000000000001,0.0
0.15,16.5,3.5,13.0,9.0,0.0,cash_out,cash_out,16.5,-3.5,16.5,4.1499999999999995,7.6499999999999995,-12.350000000000001,0.0
0.15,16.5,4.0,13.0,9.0,0.0,cash_out,cash_out,16.5,-4.0,16.5,3.6499999999999995,7.6499999999999995,-12.850000000000001,0.0
0.15,17.0,0.0,13.0,9.0,0.0,cash_out,cash_out,17.0,0.0,17.0,7.6499999999999995,7.6499999999999995,-9.350000000000001,0.0
0.15,17.0,0.5,13.0,9.0,0.0,cash_out,cash_out,17.0,-0.5,17.0,7.1499999999999995,7.6499999999999995,-9.850000000000001,0.0
0.15,17.0,1.0,13.0,9.0,0.0,cash_out,cash_out,17.0,-1.0,17.0,6.6499999999999995,7.6499999999999995,-10.350000000000001,0.0
0.15,17.0,1.5,13.0,9.0,0.0,cash_out,cash_out,17.0,-1.5,17.0,6.1499999999999995,7.6499999999999995,-10.850000000000001,0.0
0.15,17.0,2.0,13.0,9.0,0.0,cash_out,cash_out,17.0,-2.0,17.0,5.6499999999999995,7.6499999999999995,-11.350000000000001,0.0
0.15,17.0,2.5,13.0,9.0,0.0,cash_out,cash_out,17.0,-2.5,17.0,5.1499999999999995,7.6499999999999995,-11.850000000000001,0.0
0.15,17.0,3.0,13.0,9.0,0.0,cash_out,cash_out,17.0,-3.0,17.0,4.6499999999999995,7.6499999999999995,-12.350000000000001,0.0
0.15,17.0,3.5,13.0,9.0,0.0,cash_out,cash_out,17.0,-3.5,17.0,4.1499999999999995,7.6499999999999995,-12.850000000000001,0.0
0.15,17.0,4.0,13.0,9.0,0.0,cash_out,cash_out,17.0,-4.0,17.0,3.6499999999999995,7.6499999999999995,-13.350000000000001,0.0
0.15,17.5,0.0,13.0,9.0,0.0,cash_out,cash_out,17.5,0.0,17.5,7.6499999999999995,7.6499999999999995,-9.850000000000001,0.0
0.15,17.5,0.5,13.0,9.0,0.0,cash_out,cash_out,17.5,-0.5,17.5,7.1499999999999995,7.6499999999999995,-10.350000000000001,0.0
0.15,17.5,1.0,13.0,9.0,0.0,cash_out,cash_out,17.5,-1.0,17.5,6.6499999999999995,7.6499999999999995,-10.850000000000001,0.0
0.15,17.5,1.5,13.0,9.0,0.0,cash_out,cash_out,17.5,-1.5,17.5,6.1499999999999995,7.6499999999999995,-11.350000000000001,0.0
0.15,17.5,2.0,13.0,9.0,0.0,cash_out,cash_out,17.5,-2.0,17.5,5.6499999999999995,7.6499999999999995,-11.850000000000001,0.0
0.15,17.5,2.5,13.0,9.0,0.0,cash_out,cash_out,17.5,-2.5,17.5,5.1499999999999995,7.6499999999999995,-12.350000000000001,0.0
0.15,17.5,3.0,13.0,9.0,0.0,cash_out,cash_out,17.5,-3.0,17.5,4.6499999999999995,7.6499999999999995,-12.850000000000001,0.0
0.15,17.5,3.5,13.0,9.0,0.0,cash_out,cash_out,17.5,-3.5,17.5,4.1499999999999995,7.6499999999999995,-13.350000000000001,0.0
0.15,17.5,4.0,13.0,9.0,0.0,cash_out,cash_out,17.5,-4.0,17.5,3.6499999999999995,7.6499999999999995,-13.850000000000001,0.0
0.15,18.0,0.0,13.0,9.0,0.0,cash_out,cash_out,18.0,0.0,18.0,7.6499999999999995,7.6499999999999995,-10.350000000000001,0.0
0.15,18.0,0.5,13.0,9.0,0.0,cash_out,cash_out,18.0,-0.5,18.0,7.1499999999999995,7.6499999999999995,-10.850000000000001,0.0
0.15,18.0,1.0,13.0,9.0,0.0,cash_out,cash_out,18.0,-1.0,18.0,6.6499999999999995,7.6499999999999995,-11.350000000000001,0.0
0.15,18.0,1.5,13.0,9.0,0.0,cash_out,cash_out,18.0,-1.5,18.0,6.1499999999999995,7.6499999999999995,-11.850000000000001,0.0
0.15,18.0,2.0,13.0,9.0,0.0,cash_out,cash_out,18.0,-2.0,18.0,5.6499999999999995,7.6499999999999995,-12.350000000000001,0.0
0.15,18.0,2.5,13.0,9.0,0.0,cash_out,cash_out,18.0,-2.5,18.0,5.1499999999999995,7.6499999999999995,-12.850000000000001,0.0
0.15,18.0,3.0,13.0,9.0,0.0,cash_out,cash_out,18.0,-3.0,18.0,4.6499999999999995,7.6499999999999995,-13.350000000000001,0.0
0.15,18.0,3.5,13.0,9.0,0.0,cash_out,cash_out,18.0,-3.5,18.0,4.1499999999999995,7.6499999999999995,-13.850000000000001,0.0
0.15,18.0,4.0,13.0,9.0,0.0,cash_out,cash_out,18.0,-4.0,18.0,3.6499999999999995,7.6499999999999995,-14.350000000000001,0.0
0.2,6.0,0.0,13.0,9.0,0.0,cash_out,preserve_option,6.0,0.0,6.0,7.2,7.2,1.2000000000000002,1.0
0.2,6.0,0.5,13.0,9.0,0.0,cash_out,preserve_option,6.0,-0.5,6.0,6.7,7.2,0.7000000000000002,1.0
0.2,6.0,1.0,13.0,9.0,0.0,cash_out,preserve_option,6.0,-1.0,6.0,6.2,7.2,0.20000000000000018,1.0
0.2,6.0,1.5,13.0,9.0,0.0,cash_out,cash_out,6.0,-1.5,6.0,5.7,7.2,-0.2999999999999998,0.0
0.2,6.0,2.0,13.0,9.0,0.0,cash_out,cash_out,6.0,-2.0,6.0,5.2,7.2,-0.7999999999999998,0.0
0.2,6.0,2.5,13.0,9.0,0.0,cash_out,cash_out,6.0,-2.5,6.0,4.7,7.2,-1.2999999999999998,0.0
0.2,6.0,3.0,13.0,9.0,0.0,cash_out,cash_out,6.0,-3.0,6.0,4.2,7.2,-1.7999999999999998,0.0
0.2,6.0,3.5,13.0,9.0,0.0,cash_out,cash_out,6.0,-3.5,6.0,3.7,7.2,-2.3,0.0
0.2,6.0,4.0,13.0,9.0,0.0,cash_out,cash_out,6.0,-4.0,6.0,3.2,7.2,-2.8,0.0
0.2,6.5,0.0,13.0,9.0,0.0,cash_out,preserve_option,6.5,0.0,6.5,7.2,7.2,0.7000000000000002,1.0
0.2,6.5,0.5,13.0,9.0,0.0,cash_out,preserve_option,6.5,-0.5,6.5,6.7,7.2,0.20000000000000018,1.0
0.2,6.5,1.0,13.0,9.0,0.0,cash_out,cash_out,6.5,-1.0,6.5,6.2,7.2,-0.2999999999999998,0.0
0.2,6.5,1.5,13.0,9.0,0.0,cash_out,cash_out,6.5,-1.5,6.5,5.7,7.2,-0.7999999999999998,0.0
0.2,6.5,2.0,13.0,9.0,0.0,cash_out,cash_out,6.5,-2.0,6.5,5.2,7.2,-1.2999999999999998,0.0
0.2,6.5,2.5,13.0,9.0,0.0,cash_out,cash_out,6.5,-2.5,6.5,4.7,7.2,-1.7999999999999998,0.0
0.2,6.5,3.0,13.0,9.0,0.0,cash_out,cash_out,6.5,-3.0,6.5,4.2,7.2,-2.3,0.0
0.2,6.5,3.5,13.0,9.0,0.0,cash_out,cash_out,6.5,-3.5,6.5,3.7,7.2,-2.8,0.0
0.2,6.5,4.0,13.0,9.0,0.0,cash_out,cash_out,6.5,-4.0,6.5,3.2,7.2,-3.3,0.0
0.2,7.0,0.0,13.0,9.0,0.0,cash_out,preserve_option,7.0,0.0,7.0,7.2,7.2,0.20000000000000018,1.0
0.2,7.0,0.5,13.0,9.0,0.0,cash_out,cash_out,7.0,-0.5,7.0,6.7,7.2,-0.2999999999999998,0.0
0.2,7.0,1.0,13.0,9.0,0.0,cash_out,cash_out,7.0,-1.0,7.0,6.2,7.2,-0.7999999999999998,0.0
0.2,7.0,1.5,13.0,9.0,0.0,cash_out,cash_out,7.0,-1.5,7.0,5.7,7.2,-1.2999999999999998,0.0
0.2,7.0,2.0,13.0,9.0,0.0,cash_out,cash_out,7.0,-2.0,7.0,5.2,7.2,-1.7999999999999998,0.0
0.2,7.0,2.5,13.0,9.0,0.0,cash_out,cash_out,7.0,-2.5,7.0,4.7,7.2,-2.3,0.0
0.2,7.0,3.0,13.0,9.0,0.0,cash_out,cash_out,7.0,-3.0,7.0,4.2,7.2,-2.8,0.0
0.2,7.0,3.5,13.0,9.0,0.0,cash_out,cash_out,7.0,-3.5,7.0,3.7,7.2,-3.3,0.0
0.2,7.0,4.0,13.0,9.0,0.0,cash_out,cash_out,7.0,-4.0,7.0,3.2,7.2,-3.8,0.0
0.2,7.5,0.0,13.0,9.0,0.0,cash_out,cash_out,7.5,0.0,7.5,7.2,7.2,-0.2999999999999998,0.0
0.2,7.5,0.5,13.0,9.0,0.0,cash_out,cash_out,7.5,-0.5,7.5,6.7,7.2,-0.7999999999999998,0.0
0.2,7.5,1.0,13.0,9.0,0.0,cash_out,cash_out,7.5,-1.0,7.5,6.2,7.2,-1.2999999999999998,0.0
0.2,7.5,1.5,13.0,9.0,0.0,cash_out,cash_out,7.5,-1.5,7.5,5.7,7.2,-1.7999999999999998,0.0
0.2,7.5,2.0,13.0,9.0,0.0,cash_out,cash_out,7.5,-2.0,7.5,5.2,7.2,-2.3,0.0
0.2,7.5,2.5,13.0,9.0,0.0,cash_out,cash_out,7.5,-2.5,7.5,4.7,7.2,-2.8,0.0
0.2,7.5,3.0,13.0,9.0,0.0,cash_out,cash_out,7.5,-3.0,7.5,4.2,7.2,-3.3,0.0
0.2,7.5,3.5,13.0,9.0,0.0,cash_out,cash_out,7.5,-3.5,7.5,3.7,7.2,-3.8,0.0
0.2,7.5,4.0,13.0,9.0,0.0,cash_out,cash_out,7.5,-4.0,7.5,3.2,7.2,-4.3,0.0
0.2,8.0,0.0,13.0,9.0,0.0,cash_out,cash_out,8.0,0.0,8.0,7.2,7.2,-0.7999999999999998,0.0
0.2,8.0,0.5,13.0,9.0,0.0,cash_out,cash_out,8.0,-0.5,8.0,6.7,7.2,-1.2999999999999998,0.0
0.2,8.0,1.0,13.0,9.0,0.0,cash_out,cash_out,8.0,-1.0,8.0,6.2,7.2,-1.7999999999999998,0.0
0.2,8.0,1.5,13.0,9.0,0.0,cash_out,cash_out,8.0,-1.5,8.0,5.7,7.2,-2.3,0.0
0.2,8.0,2.0,13.0,9.0,0.0,cash_out,cash_out,8.0,-2.0,8.0,5.2,7.2,-2.8,0.0
0.2,8.0,2.5,13.0,9.0,0.0,cash_out,cash_out,8.0,-2.5,8.0,4.7,7.2,-3.3,0.0
0.2,8.0,3.0,13.0,9.0,0.0,cash_out,cash_out,8.0,-3.0,8.0,4.2,7.2,-3.8,0.0
0.2,8.0,3.5,13.0,9.0,0.0,cash_out,cash_out,8.0,-3.5,8.0,3.7,7.2,-4.3,0.0
0.2,8.0,4.0,13.0,9.0,0.0,cash_out,cash_out,8.0,-4.0,8.0,3.2,7.2,-4.8,0.0
0.2,8.5,0.0,13.0,9.0,0.0,cash_out,cash_out,8.5,0.0,8.5,7.2,7.2,-1.2999999999999998,0.0
0.2,8.5,0.5,13.0,9.0,0.0,cash_out,cash_out,8.5,-0.5,8.5,6.7,7.2,-1.7999999999999998,0.0
0.2,8.5,1.0,13.0,9.0,0.0,cash_out,cash_out,8.5,-1.0,8.5,6.2,7.2,-2.3,0.0
0.2,8.5,1.5,13.0,9.0,0.0,cash_out,cash_out,8.5,-1.5,8.5,5.7,7.2,-2.8,0.0
0.2,8.5,2.0,13.0,9.0,0.0,cash_out,cash_out,8.5,-2.0,8.5,5.2,7.2,-3.3,0.0
0.2,8.5,2.5,13.0,9.0,0.0,cash_out,cash_out,8.5,-2.5,8.5,4.7,7.2,-3.8,0.0
0.2,8.5,3.0,13.0,9.0,0.0,cash_out,cash_out,8.5,-3.0,8.5,4.2,7.2,-4.3,0.0
0.2,8.5,3.5,13.0,9.0,0.0,cash_out,cash_out,8.5,-3.5,8.5,3.7,7.2,-4.8,0.0
0.2,8.5,4.0,13.0,9.0,0.0,cash_out,cash_out,8.5,-4.0,8.5,3.2,7.2,-5.3,0.0
0.2,9.0,0.0,13.0,9.0,0.0,cash_out,cash_out,9.0,0.0,9.0,7.2,7.2,-1.7999999999999998,0.0
0.2,9.0,0.5,13.0,9.0,0.0,cash_out,cash_out,9.0,-0.5,9.0,6.7,7.2,-2.3,0.0
0.2,9.0,1.0,13.0,9.0,0.0,cash_out,cash_out,9.0,-1.0,9.0,6.2,7.2,-2.8,0.0
0.2,9.0,1.5,13.0,9.0,0.0,cash_out,cash_out,9.0,-1.5,9.0,5.7,7.2,-3.3,0.0
0.2,9.0,2.0,13.0,9.0,0.0,cash_out,cash_out,9.0,-2.0,9.0,5.2,7.2,-3.8,0.0
0.2,9.0,2.5,13.0,9.0,0.0,cash_out,cash_out,9.0,-2.5,9.0,4.7,7.2,-4.3,0.0
0.2,9.0,3.0,13.0,9.0,0.0,cash_out,cash_out,9.0,-3.0,9.0,4.2,7.2,-4.8,0.0
0.2,9.0,3.5,13.0,9.0,0.0,cash_out,cash_out,9.0,-3.5,9.0,3.7,7.2,-5.3,0.0
0.2,9.0,4.0,13.0,9.0,0.0,cash_out,cash_out,9.0,-4.0,9.0,3.2,7.2,-5.8,0.0
0.2,9.5,0.0,13.0,9.0,0.0,cash_out,cash_out,9.5,0.0,9.5,7.2,7.2,-2.3,0.0
0.2,9.5,0.5,13.0,9.0,0.0,cash_out,cash_out,9.5,-0.5,9.5,6.7,7.2,-2.8,0.0
0.2,9.5,1.0,13.0,9.0,0.0,cash_out,cash_out,9.5,-1.0,9.5,6.2,7.2,-3.3,0.0
0.2,9.5,1.5,13.0,9.0,0.0,cash_out,cash_out,9.5,-1.5,9.5,5.7,7.2,-3.8,0.0
0.2,9.5,2.0,13.0,9.0,0.0,cash_out,cash_out,9.5,-2.0,9.5,5.2,7.2,-4.3,0.0
0.2,9.5,2.5,13.0,9.0,0.0,cash_out,cash_out,9.5,-2.5,9.5,4.7,7.2,-4.8,0.0
0.2,9.5,3.0,13.0,9.0,0.0,cash_out,cash_out,9.5,-3.0,9.5,4.2,7.2,-5.3,0.0
0.2,9.5,3.5,13.0,9.0,0.0,cash_out,cash_out,9.5,-3.5,9.5,3.7,7.2,-5.8,0.0
0.2,9.5,4.0,13.0,9.0,0.0,cash_out,cash_out,9.5,-4.0,9.5,3.2,7.2,-6.3,0.0
0.2,10.0,0.0,13.0,9.0,0.0,cash_out,cash_out,10.0,0.0,10.0,7.2,7.2,-2.8,0.0
0.2,10.0,0.5,13.0,9.0,0.0,cash_out,cash_out,10.0,-0.5,10.0,6.7,7.2,-3.3,0.0
0.2,10.0,1.0,13.0,9.0,0.0,cash_out,cash_out,10.0,-1.0,10.0,6.2,7.2,-3.8,0.0
0.2,10.0,1.5,13.0,9.0,0.0,cash_out,cash_out,10.0,-1.5,10.0,5.7,7.2,-4.3,0.0
0.2,10.0,2.0,13.0,9.0,0.0,cash_out,cash_out,10.0,-2.0,10.0,5.2,7.2,-4.8,0.0
0.2,10.0,2.5,13.0,9.0,0.0,cash_out,cash_out,10.0,-2.5,10.0,4.7,7.2,-5.3,0.0
0.2,10.0,3.0,13.0,9.0,0.0,cash_out,cash_out,10.0,-3.0,10.0,4.2,7.2,-5.8,0.0
0.2,10.0,3.5,13.0,9.0,0.0,cash_out,cash_out,10.0,-3.5,10.0,3.7,7.2,-6.3,0.0
0.2,10.0,4.0,13.0,9.0,0.0,cash_out,cash_out,10.0,-4.0,10.0,3.2,7.2,-6.8,0.0
0.2,10.5,0.0,13.0,9.0,0.0,cash_out,cash_out,10.5,0.0,10.5,7.2,7.2,-3.3,0.0
0.2,10.5,0.5,13.0,9.0,0.0,cash_out,cash_out,10.5,-0.5,10.5,6.7,7.2,-3.8,0.0
0.2,10.5,1.0,13.0,9.0,0.0,cash_out,cash_out,10.5,-1.0,10.5,6.2,7.2,-4.3,0.0
0.2,10.5,1.5,13.0,9.0,0.0,cash_out,cash_out,10.5,-1.5,10.5,5.7,7.2,-4.8,0.0
0.2,10.5,2.0,13.0,9.0,0.0,cash_out,cash_out,10.5,-2.0,10.5,5.2,7.2,-5.3,0.0
0.2,10.5,2.5,13.0,9.0,0.0,cash_out,cash_out,10.5,-2.5,10.5,4.7,7.2,-5.8,0.0
0.2,10.5,3.0,13.0,9.0,0.0,cash_out,cash_out,10.5,-3.0,10.5,4.2,7.2,-6.3,0.0
0.2,10.5,3.5,13.0,9.0,0.0,cash_out,cash_out,10.5,-3.5,10.5,3.7,7.2,-6.8,0.0
0.2,10.5,4.0,13.0,9.0,0.0,cash_out,cash_out,10.5,-4.0,10.5,3.2,7.2,-7.3,0.0
0.2,11.0,0.0,13.0,9.0,0.0,cash_out,cash_out,11.0,0.0,11.0,7.2,7.2,-3.8,0.0
0.2,11.0,0.5,13.0,9.0,0.0,cash_out,cash_out,11.0,-0.5,11.0,6.7,7.2,-4.3,0.0
0.2,11.0,1.0,13.0,9.0,0.0,cash_out,cash_out,11.0,-1.0,11.0,6.2,7.2,-4.8,0.0
0.2,11.0,1.5,13.0,9.0,0.0,cash_out,cash_out,11.0,-1.5,11.0,5.7,7.2,-5.3,0.0
0.2,11.0,2.0,13.0,9.0,0.0,cash_out,cash_out,11.0,-2.0,11.0,5.2,7.2,-5.8,0.0
0.2,11.0,2.5,13.0,9.0,0.0,cash_out,cash_out,11.0,-2.5,11.0,4.7,7.2,-6.3,0.0
0.2,11.0,3.0,13.0,9.0,0.0,cash_out,cash_out,11.0,-3.0,11.0,4.2,7.2,-6.8,0.0
0.2,11.0,3.5,13.0,9.0,0.0,cash_out,cash_out,11.0,-3.5,11.0,3.7,7.2,-7.3,0.0
0.2,11.0,4.0,13.0,9.0,0.0,cash_out,cash_out,11.0,-4.0,11.0,3.2,7.2,-7.8,0.0
0.2,11.5,0.0,13.0,9.0,0.0,cash_out,cash_out,11.5,0.0,11.5,7.2,7.2,-4.3,0.0
0.2,11.5,0.5,13.0,9.0,0.0,cash_out,cash_out,11.5,-0.5,11.5,6.7,7.2,-4.8,0.0
0.2,11.5,1.0,13.0,9.0,0.0,cash_out,cash_out,11.5,-1.0,11.5,6.2,7.2,-5.3,0.0
0.2,11.5,1.5,13.0,9.0,0.0,cash_out,cash_out,11.5,-1.5,11.5,5.7,7.2,-5.8,0.0
0.2,11.5,2.0,13.0,9.0,0.0,cash_out,cash_out,11.5,-2.0,11.5,5.2,7.2,-6.3,0.0
0.2,11.5,2.5,13.0,9.0,0.0,cash_out,cash_out,11.5,-2.5,11.5,4.7,7.2,-6.8,0.0
0.2,11.5,3.0,13.0,9.0,0.0,cash_out,cash_out,11.5,-3.0,11.5,4.2,7.2,-7.3,0.0
0.2,11.5,3.5,13.0,9.0,0.0,cash_out,cash_out,11.5,-3.5,11.5,3.7,7.2,-7.8,0.0
0.2,11.5,4.0,13.0,9.0,0.0,cash_out,cash_out,11.5,-4.0,11.5,3.2,7.2,-8.3,0.0
0.2,12.0,0.0,13.0,9.0,0.0,cash_out,cash_out,12.0,0.0,12.0,7.2,7.2,-4.8,0.0
0.2,12.0,0.5,13.0,9.0,0.0,cash_out,cash_out,12.0,-0.5,12.0,6.7,7.2,-5.3,0.0
0.2,12.0,1.0,13.0,9.0,0.0,cash_out,cash_out,12.0,-1.0,12.0,6.2,7.2,-5.8,0.0
0.2,12.0,1.5,13.0,9.0,0.0,cash_out,cash_out,12.0,-1.5,12.0,5.7,7.2,-6.3,0.0
0.2,12.0,2.0,13.0,9.0,0.0,cash_out,cash_out,12.0,-2.0,12.0,5.2,7.2,-6.8,0.0
0.2,12.0,2.5,13.0,9.0,0.0,cash_out,cash_out,12.0,-2.5,12.0,4.7,7.2,-7.3,0.0
0.2,12.0,3.0,13.0,9.0,0.0,cash_out,cash_out,12.0,-3.0,12.0,4.2,7.2,-7.8,0.0
0.2,12.0,3.5,13.0,9.0,0.0,cash_out,cash_out,12.0,-3.5,12.0,3.7,7.2,-8.3,0.0
0.2,12.0,4.0,13.0,9.0,0.0,cash_out,cash_out,12.0,-4.0,12.0,3.2,7.2,-8.8,0.0
0.2,12.5,0.0,13.0,9.0,0.0,cash_out,cash_out,12.5,0.0,12.5,7.2,7.2,-5.3,0.0
0.2,12.5,0.5,13.0,9.0,0.0,cash_out,cash_out,12.5,-0.5,12.5,6.7,7.2,-5.8,0.0
0.2,12.5,1.0,13.0,9.0,0.0,cash_out,cash_out,12.5,-1.0,12.5,6.2,7.2,-6.3,0.0
0.2,12.5,1.5,13.0,9.0,0.0,cash_out,cash_out,12.5,-1.5,12.5,5.7,7.2,-6.8,0.0
0.2,12.5,2.0,13.0,9.0,0.0,cash_out,cash_out,12.5,-2.0,12.5,5.2,7.2,-7.3,0.0
0.2,12.5,2.5,13.0,9.0,0.0,cash_out,cash_out,12.5,-2.5,12.5,4.7,7.2,-7.8,0.0
0.2,12.5,3.0,13.0,9.0,0.0,cash_out,cash_out,12.5,-3.0,12.5,4.2,7.2,-8.3,0.0
0.2,12.5,3.5,13.0,9.0,0.0,cash_out,cash_out,12.5,-3.5,12.5,3.7,7.2,-8.8,0.0
0.2,12.5,4.0,13.0,9.0,0.0,cash_out,cash_out,12.5,-4.0,12.5,3.2,7.2,-9.3,0.0
0.2,13.0,0.0,13.0,9.0,0.0,cash_out,cash_out,13.0,0.0,13.0,7.2,7.2,-5.8,0.0
0.2,13.0,0.5,13.0,9.0,0.0,cash_out,cash_out,13.0,-0.5,13.0,6.7,7.2,-6.3,0.0
0.2,13.0,1.0,13.0,9.0,0.0,cash_out,cash_out,13.0,-1.0,13.0,6.2,7.2,-6.8,0.0
0.2,13.0,1.5,13.0,9.0,0.0,cash_out,cash_out,13.0,-1.5,13.0,5.7,7.2,-7.3,0.0
0.2,13.0,2.0,13.0,9.0,0.0,cash_out,cash_out,13.0,-2.0,13.0,5.2,7.2,-7.8,0.0
0.2,13.0,2.5,13.0,9.0,0.0,cash_out,cash_out,13.0,-2.5,13.0,4.7,7.2,-8.3,0.0
0.2,13.0,3.0,13.0,9.0,0.0,cash_out,cash_out,13.0,-3.0,13.0,4.2,7.2,-8.8,0.0
0.2,13.0,3.5,13.0,9.0,0.0,cash_out,cash_out,13.0,-3.5,13.0,3.7,7.2,-9.3,0.0
0.2,13.0,4.0,13.0,9.0,0.0,cash_out,cash_out,13.0,-4.0,13.0,3.2,7.2,-9.8,0.0
0.2,13.5,0.0,13.0,9.0,0.0,cash_out,cash_out,13.5,0.0,13.5,7.2,7.2,-6.3,0.0
0.2,13.5,0.5,13.0,9.0,0.0,cash_out,cash_out,13.5,-0.5,13.5,6.7,7.2,-6.8,0.0
0.2,13.5,1.0,13.0,9.0,0.0,cash_out,cash_out,13.5,-1.0,13.5,6.2,7.2,-7.3,0.0
0.2,13.5,1.5,13.0,9.0,0.0,cash_out,cash_out,13.5,-1.5,13.5,5.7,7.2,-7.8,0.0
0.2,13.5,2.0,13.0,9.0,0.0,cash_out,cash_out,13.5,-2.0,13.5,5.2,7.2,-8.3,0.0
0.2,13.5,2.5,13.0,9.0,0.0,cash_out,cash_out,13.5,-2.5,13.5,4.7,7.2,-8.8,0.0
0.2,13.5,3.0,13.0,9.0,0.0,cash_out,cash_out,13.5,-3.0,13.5,4.2,7.2,-9.3,0.0
0.2,13.5,3.5,13.0,9.0,0.0,cash_out,cash_out,13.5,-3.5,13.5,3.7,7.2,-9.8,0.0
0.2,13.5,4.0,13.0,9.0,0.0,cash_out,cash_out,13.5,-4.0,13.5,3.2,7.2,-10.3,0.0
0.2,14.0,0.0,13.0,9.0,0.0,cash_out,cash_out,14.0,0.0,14.0,7.2,7.2,-6.8,0.0
0.2,14.0,0.5,13.0,9.0,0.0,cash_out,cash_out,14.0,-0.5,14.0,6.7,7.2,-7.3,0.0
0.2,14.0,1.0,13.0,9.0,0.0,cash_out,cash_out,14.0,-1.0,14.0,6.2,7.2,-7.8,0.0
0.2,14.0,1.5,13.0,9.0,0.0,cash_out,cash_out,14.0,-1.5,14.0,5.7,7.2,-8.3,0.0
0.2,14.0,2.0,13.0,9.0,0.0,cash_out,cash_out,14.0,-2.0,14.0,5.2,7.2,-8.8,0.0
0.2,14.0,2.5,13.0,9.0,0.0,cash_out,cash_out,14.0,-2.5,14.0,4.7,7.2,-9.3,0.0
0.2,14.0,3.0,13.0,9.0,0.0,cash_out,cash_out,14.0,-3.0,14.0,4.2,7.2,-9.8,0.0
0.2,14.0,3.5,13.0,9.0,0.0,cash_out,cash_out,14.0,-3.5,14.0,3.7,7.2,-10.3,0.0
0.2,14.0,4.0,13.0,9.0,0.0,cash_out,cash_out,14.0,-4.0,14.0,3.2,7.2,-10.8,0.0
0.2,14.5,0.0,13.0,9.0,0.0,cash_out,cash_out,14.5,0.0,14.5,7.2,7.2,-7.3,0.0
0.2,14.5,0.5,13.0,9.0,0.0,cash_out,cash_out,14.5,-0.5,14.5,6.7,7.2,-7.8,0.0
0.2,14.5,1.0,13.0,9.0,0.0,cash_out,cash_out,14.5,-1.0,14.5,6.2,7.2,-8.3,0.0
0.2,14.5,1.5,13.0,9.0,0.0,cash_out,cash_out,14.5,-1.5,14.5,5.7,7.2,-8.8,0.0
0.2,14.5,2.0,13.0,9.0,0.0,cash_out,cash_out,14.5,-2.0,14.5,5.2,7.2,-9.3,0.0
0.2,14.5,2.5,13.0,9.0,0.0,cash_out,cash_out,14.5,-2.5,14.5,4.7,7.2,-9.8,0.0
0.2,14.5,3.0,13.0,9.0,0.0,cash_out,cash_out,14.5,-3.0,14.5,4.2,7.2,-10.3,0.0
0.2,14.5,3.5,13.0,9.0,0.0,cash_out,cash_out,14.5,-3.5,14.5,3.7,7.2,-10.8,0.0
0.2,14.5,4.0,13.0,9.0,0.0,cash_out,cash_out,14.5,-4.0,14.5,3.2,7.2,-11.3,0.0
0.2,15.0,0.0,13.0,9.0,0.0,cash_out,cash_out,15.0,0.0,15.0,7.2,7.2,-7.8,0.0
0.2,15.0,0.5,13.0,9.0,0.0,cash_out,cash_out,15.0,-0.5,15.0,6.7,7.2,-8.3,0.0
0.2,15.0,1.0,13.0,9.0,0.0,cash_out,cash_out,15.0,-1.0,15.0,6.2,7.2,-8.8,0.0
0.2,15.0,1.5,13.0,9.0,0.0,cash_out,cash_out,15.0,-1.5,15.0,5.7,7.2,-9.3,0.0
0.2,15.0,2.0,13.0,9.0,0.0,cash_out,cash_out,15.0,-2.0,15.0,5.2,7.2,-9.8,0.0
0.2,15.0,2.5,13.0,9.0,0.0,cash_out,cash_out,15.0,-2.5,15.0,4.7,7.2,-10.3,0.0
0.2,15.0,3.0,13.0,9.0,0.0,cash_out,cash_out,15.0,-3.0,15.0,4.2,7.2,-10.8,0.0
0.2,15.0,3.5,13.0,9.0,0.0,cash_out,cash_out,15.0,-3.5,15.0,3.7,7.2,-11.3,0.0
0.2,15.0,4.0,13.0,9.0,0.0,cash_out,cash_out,15.0,-4.0,15.0,3.2,7.2,-11.8,0.0
0.2,15.5,0.0,13.0,9.0,0.0,cash_out,cash_out,15.5,0.0,15.5,7.2,7.2,-8.3,0.0
0.2,15.5,0.5,13.0,9.0,0.0,cash_out,cash_out,15.5,-0.5,15.5,6.7,7.2,-8.8,0.0
0.2,15.5,1.0,13.0,9.0,0.0,cash_out,cash_out,15.5,-1.0,15.5,6.2,7.2,-9.3,0.0
0.2,15.5,1.5,13.0,9.0,0.0,cash_out,cash_out,15.5,-1.5,15.5,5.7,7.2,-9.8,0.0
0.2,15.5,2.0,13.0,9.0,0.0,cash_out,cash_out,15.5,-2.0,15.5,5.2,7.2,-10.3,0.0
0.2,15.5,2.5,13.0,9.0,0.0,cash_out,cash_out,15.5,-2.5,15.5,4.7,7.2,-10.8,0.0
0.2,15.5,3.0,13.0,9.0,0.0,cash_out,cash_out,15.5,-3.0,15.5,4.2,7.2,-11.3,0.0
0.2,15.5,3.5,13.0,9.0,0.0,cash_out,cash_out,15.5,-3.5,15.5,3.7,7.2,-11.8,0.0
0.2,15.5,4.0,13.0,9.0,0.0,cash_out,cash_out,15.5,-4.0,15.5,3.2,7.2,-12.3,0.0
0.2,16.0,0.0,13.0,9.0,0.0,cash_out,cash_out,16.0,0.0,16.0,7.2,7.2,-8.8,0.0
0.2,16.0,0.5,13.0,9.0,0.0,cash_out,cash_out,16.0,-0.5,16.0,6.7,7.2,-9.3,0.0
0.2,16.0,1.0,13.0,9.0,0.0,cash_out,cash_out,16.0,-1.0,16.0,6.2,7.2,-9.8,0.0
0.2,16.0,1.5,13.0,9.0,0.0,cash_out,cash_out,16.0,-1.5,16.0,5.7,7.2,-10.3,0.0
0.2,16.0,2.0,13.0,9.0,0.0,cash_out,cash_out,16.0,-2.0,16.0,5.2,7.2,-10.8,0.0
0.2,16.0,2.5,13.0,9.0,0.0,cash_out,cash_out,16.0,-2.5,16.0,4.7,7.2,-11.3,0.0
0.2,16.0,3.0,13.0,9.0,0.0,cash_out,cash_out,16.0,-3.0,16.0,4.2,7.2,-11.8,0.0
0.2,16.0,3.5,13.0,9.0,0.0,cash_out,cash_out,16.0,-3.5,16.0,3.7,7.2,-12.3,0.0
0.2,16.0,4.0,13.0,9.0,0.0,cash_out,cash_out,16.0,-4.0,16.0,3.2,7.2,-12.8,0.0
0.2,16.5,0.0,13.0,9.0,0.0,cash_out,cash_out,16.5,0.0,16.5,7.2,7.2,-9.3,0.0
0.2,16.5,0.5,13.0,9.0,0.0,cash_out,cash_out,16.5,-0.5,16.5,6.7,7.2,-9.8,0.0
0.2,16.5,1.0,13.0,9.0,0.0,cash_out,cash_out,16.5,-1.0,16.5,6.2,7.2,-10.3,0.0
0.2,16.5,1.5,13.0,9.0,0.0,cash_out,cash_out,16.5,-1.5,16.5,5.7,7.2,-10.8,0.0
0.2,16.5,2.0,13.0,9.0,0.0,cash_out,cash_out,16.5,-2.0,16.5,5.2,7.2,-11.3,0.0
0.2,16.5,2.5,13.0,9.0,0.0,cash_out,cash_out,16.5,-2.5,16.5,4.7,7.2,-11.8,0.0
0.2,16.5,3.0,13.0,9.0,0.0,cash_out,cash_out,16.5,-3.0,16.5,4.2,7.2,-12.3,0.0
0.2,16.5,3.5,13.0,9.0,0.0,cash_out,cash_out,16.5,-3.5,16.5,3.7,7.2,-12.8,0.0
0.2,16.5,4.0,13.0,9.0,0.0,cash_out,cash_out,16.5,-4.0,16.5,3.2,7.2,-13.3,0.0
0.2,17.0,0.0,13.0,9.0,0.0,cash_out,cash_out,17.0,0.0,17.0,7.2,7.2,-9.8,0.0
0.2,17.0,0.5,13.0,9.0,0.0,cash_out,cash_out,17.0,-0.5,17.0,6.7,7.2,-10.3,0.0
0.2,17.0,1.0,13.0,9.0,0.0,cash_out,cash_out,17.0,-1.0,17.0,6.2,7.2,-10.8,0.0
0.2,17.0,1.5,13.0,9.0,0.0,cash_out,cash_out,17.0,-1.5,17.0,5.7,7.2,-11.3,0.0
0.2,17.0,2.0,13.0,9.0,0.0,cash_out,cash_out,17.0,-2.0,17.0,5.2,7.2,-11.8,0.0
0.2,17.0,2.5,13.0,9.0,0.0,cash_out,cash_out,17.0,-2.5,17.0,4.7,7.2,-12.3,0.0
0.2,17.0,3.0,13.0,9.0,0.0,cash_out,cash_out,17.0,-3.0,17.0,4.2,7.2,-12.8,0.0
0.2,17.0,3.5,13.0,9.0,0.0,cash_out,cash_out,17.0,-3.5,17.0,3.7,7.2,-13.3,0.0
0.2,17.0,4.0,13.0,9.0,0.0,cash_out,cash_out,17.0,-4.0,17.0,3.2,7.2,-13.8,0.0
0.2,17.5,0.0,13.0,9.0,0.0,cash_out,cash_out,17.5,0.0,17.5,7.2,7.2,-10.3,0.0
0.2,17.5,0.5,13.0,9.0,0.0,cash_out,cash_out,17.5,-0.5,17.5,6.7,7.2,-10.8,0.0
0.2,17.5,1.0,13.0,9.0,0.0,cash_out,cash_out,17.5,-1.0,17.5,6.2,7.2,-11.3,0.0
0.2,17.5,1.5,13.0,9.0,0.0,cash_out,cash_out,17.5,-1.5,17.5,5.7,7.2,-11.8,0.0
0.2,17.5,2.0,13.0,9.0,0.0,cash_out,cash_out,17.5,-2.0,17.5,5.2,7.2,-12.3,0.0
0.2,17.5,2.5,13.0,9.0,0.0,cash_out,cash_out,17.5,-2.5,17.5,4.7,7.2,-12.8,0.0
0.2,17.5,3.0,13.0,9.0,0.0,cash_out,cash_out,17.5,-3.0,17.5,4.2,7.2,-13.3,0.0
0.2,17.5,3.5,13.0,9.0,0.0,cash_out,cash_out,17.5,-3.5,17.5,3.7,7.2,-13.8,0.0
0.2,17.5,4.0,13.0,9.0,0.0,cash_out,cash_out,17.5,-4.0,17.5,3.2,7.2,-14.3,0.0
0.2,18.0,0.0,13.0,9.0,0.0,cash_out,cash_out,18.0,0.0,18.0,7.2,7.2,-10.8,0.0
0.2,18.0,0.5,13.0,9.0,0.0,cash_out,cash_out,18.0,-0.5,18.0,6.7,7.2,-11.3,0.0
0.2,18.0,1.0,13.0,9.0,0.0,cash_out,cash_out,18.0,-1.0,18.0,6.2,7.2,-11.8,0.0
0.2,18.0,1.5,13.0,9.0,0.0,cash_out,cash_out,18.0,-1.5,18.0,5.7,7.2,-12.3,0.0
0.2,18.0,2.0,13.0,9.0,0.0,cash_out,cash_out,18.0,-2.0,18.0,5.2,7.2,-12.8,0.0
0.2,18.0,2.5,13.0,9.0,0.0,cash_out,cash_out,18.0,-2.5,18.0,4.7,7.2,-13.3,0.0
0.2,18.0,3.0,13.0,9.0,0.0,cash_out,cash_out,18.0,-3.0,18.0,4.2,7.2,-13.8,0.0
0.2,18.0,3.5,13.0,9.0,0.0,cash_out,cash_out,18.0,-3.5,18.0,3.7,7.2,-14.3,0.0
0.2,18.0,4.0,13.0,9.0,0.0,cash_out,cash_out,18.0,-4.0,18.0,3.2,7.2,-14.8,0.0
0.25,6.0,0.0,13.0,9.0,0.0,cash_out,preserve_option,6.0,0.0,6.0,6.75,6.75,0.75,1.0
0.25,6.0,0.5,13.0,9.0,0.0,cash_out,preserve_option,6.0,-0.5,6.0,6.25,6.75,0.25,1.0
0.25,6.0,1.0,13.0,9.0,0.0,cash_out,cash_out,6.0,-1.0,6.0,5.75,6.75,-0.25,0.0
0.25,6.0,1.5,13.0,9.0,0.0,cash_out,cash_out,6.0,-1.5,6.0,5.25,6.75,-0.75,0.0
0.25,6.0,2.0,13.0,9.0,0.0,cash_out,cash_out,6.0,-2.0,6.0,4.75,6.75,-1.25,0.0
0.25,6.0,2.5,13.0,9.0,0.0,cash_out,cash_out,6.0,-2.5,6.0,4.25,6.75,-1.75,0.0
0.25,6.0,3.0,13.0,9.0,0.0,cash_out,cash_out,6.0,-3.0,6.0,3.75,6.75,-2.25,0.0
0.25,6.0,3.5,13.0,9.0,0.0,cash_out,cash_out,6.0,-3.5,6.0,3.25,6.75,-2.75,0.0
0.25,6.0,4.0,13.0,9.0,0.0,cash_out,cash_out,6.0,-4.0,6.0,2.75,6.75,-3.25,0.0
0.25,6.5,0.0,13.0,9.0,0.0,cash_out,preserve_option,6.5,0.0,6.5,6.75,6.75,0.25,1.0
0.25,6.5,0.5,13.0,9.0,0.0,cash_out,cash_out,6.5,-0.5,6.5,6.25,6.75,-0.25,0.0
0.25,6.5,1.0,13.0,9.0,0.0,cash_out,cash_out,6.5,-1.0,6.5,5.75,6.75,-0.75,0.0
0.25,6.5,1.5,13.0,9.0,0.0,cash_out,cash_out,6.5,-1.5,6.5,5.25,6.75,-1.25,0.0
0.25,6.5,2.0,13.0,9.0,0.0,cash_out,cash_out,6.5,-2.0,6.5,4.75,6.75,-1.75,0.0
0.25,6.5,2.5,13.0,9.0,0.0,cash_out,cash_out,6.5,-2.5,6.5,4.25,6.75,-2.25,0.0
0.25,6.5,3.0,13.0,9.0,0.0,cash_out,cash_out,6.5,-3.0,6.5,3.75,6.75,-2.75,0.0
0.25,6.5,3.5,13.0,9.0,0.0,cash_out,cash_out,6.5,-3.5,6.5,3.25,6.75,-3.25,0.0
0.25,6.5,4.0,13.0,9.0,0.0,cash_out,cash_out,6.5,-4.0,6.5,2.75,6.75,-3.75,0.0
0.25,7.0,0.0,13.0,9.0,0.0,cash_out,cash_out,7.0,0.0,7.0,6.75,6.75,-0.25,0.0
0.25,7.0,0.5,13.0,9.0,0.0,cash_out,cash_out,7.0,-0.5,7.0,6.25,6.75,-0.75,0.0
0.25,7.0,1.0,13.0,9.0,0.0,cash_out,cash_out,7.0,-1.0,7.0,5.75,6.75,-1.25,0.0
0.25,7.0,1.5,13.0,9.0,0.0,cash_out,cash_out,7.0,-1.5,7.0,5.25,6.75,-1.75,0.0
0.25,7.0,2.0,13.0,9.0,0.0,cash_out,cash_out,7.0,-2.0,7.0,4.75,6.75,-2.25,0.0
0.25,7.0,2.5,13.0,9.0,0.0,cash_out,cash_out,7.0,-2.5,7.0,4.25,6.75,-2.75,0.0
0.25,7.0,3.0,13.0,9.0,0.0,cash_out,cash_out,7.0,-3.0,7.0,3.75,6.75,-3.25,0.0
0.25,7.0,3.5,13.0,9.0,0.0,cash_out,cash_out,7.0,-3.5,7.0,3.25,6.75,-3.75,0.0
0.25,7.0,4.0,13.0,9.0,0.0,cash_out,cash_out,7.0,-4.0,7.0,2.75,6.75,-4.25,0.0
0.25,7.5,0.0,13.0,9.0,0.0,cash_out,cash_out,7.5,0.0,7.5,6.75,6.75,-0.75,0.0
0.25,7.5,0.5,13.0,9.0,0.0,cash_out,cash_out,7.5,-0.5,7.5,6.25,6.75,-1.25,0.0
0.25,7.5,1.0,13.0,9.0,0.0,cash_out,cash_out,7.5,-1.0,7.5,5.75,6.75,-1.75,0.0
0.25,7.5,1.5,13.0,9.0,0.0,cash_out,cash_out,7.5,-1.5,7.5,5.25,6.75,-2.25,0.0
0.25,7.5,2.0,13.0,9.0,0.0,cash_out,cash_out,7.5,-2.0,7.5,4.75,6.75,-2.75,0.0
0.25,7.5,2.5,13.0,9.0,0.0,cash_out,cash_out,7.5,-2.5,7.5,4.25,6.75,-3.25,0.0
0.25,7.5,3.0,13.0,9.0,0.0,cash_out,cash_out,7.5,-3.0,7.5,3.75,6.75,-3.75,0.0
0.25,7.5,3.5,13.0,9.0,0.0,cash_out,cash_out,7.5,-3.5,7.5,3.25,6.75,-4.25,0.0
0.25,7.5,4.0,13.0,9.0,0.0,cash_out,cash_out,7.5,-4.0,7.5,2.75,6.75,-4.75,0.0
0.25,8.0,0.0,13.0,9.0,0.0,cash_out,cash_out,8.0,0.0,8.0,6.75,6.75,-1.25,0.0
0.25,8.0,0.5,13.0,9.0,0.0,cash_out,cash_out,8.0,-0.5,8.0,6.25,6.75,-1.75,0.0
0.25,8.0,1.0,13.0,9.0,0.0,cash_out,cash_out,8.0,-1.0,8.0,5.75,6.75,-2.25,0.0
0.25,8.0,1.5,13.0,9.0,0.0,cash_out,cash_out,8.0,-1.5,8.0,5.25,6.75,-2.75,0.0
0.25,8.0,2.0,13.0,9.0,0.0,cash_out,cash_out,8.0,-2.0,8.0,4.75,6.75,-3.25,0.0
0.25,8.0,2.5,13.0,9.0,0.0,cash_out,cash_out,8.0,-2.5,8.0,4.25,6.75,-3.75,0.0
0.25,8.0,3.0,13.0,9.0,0.0,cash_out,cash_out,8.0,-3.0,8.0,3.75,6.75,-4.25,0.0
0.25,8.0,3.5,13.0,9.0,0.0,cash_out,cash_out,8.0,-3.5,8.0,3.25,6.75,-4.75,0.0
0.25,8.0,4.0,13.0,9.0,0.0,cash_out,cash_out,8.0,-4.0,8.0,2.75,6.75,-5.25,0.0
0.25,8.5,0.0,13.0,9.0,0.0,cash_out,cash_out,8.5,0.0,8.5,6.75,6.75,-1.75,0.0
0.25,8.5,0.5,13.0,9.0,0.0,cash_out,cash_out,8.5,-0.5,8.5,6.25,6.75,-2.25,0.0
0.25,8.5,1.0,13.0,9.0,0.0,cash_out,cash_out,8.5,-1.0,8.5,5.75,6.75,-2.75,0.0
0.25,8.5,1.5,13.0,9.0,0.0,cash_out,cash_out,8.5,-1.5,8.5,5.25,6.75,-3.25,0.0
0.25,8.5,2.0,13.0,9.0,0.0,cash_out,cash_out,8.5,-2.0,8.5,4.75,6.75,-3.75,0.0
0.25,8.5,2.5,13.0,9.0,0.0,cash_out,cash_out,8.5,-2.5,8.5,4.25,6.75,-4.25,0.0
0.25,8.5,3.0,13.0,9.0,0.0,cash_out,cash_out,8.5,-3.0,8.5,3.75,6.75,-4.75,0.0
0.25,8.5,3.5,13.0,9.0,0.0,cash_out,cash_out,8.5,-3.5,8.5,3.25,6.75,-5.25,0.0
0.25,8.5,4.0,13.0,9.0,0.0,cash_out,cash_out,8.5,-4.0,8.5,2.75,6.75,-5.75,0.0
0.25,9.0,0.0,13.0,9.0,0.0,cash_out,cash_out,9.0,0.0,9.0,6.75,6.75,-2.25,0.0
0.25,9.0,0.5,13.0,9.0,0.0,cash_out,cash_out,9.0,-0.5,9.0,6.25,6.75,-2.75,0.0
0.25,9.0,1.0,13.0,9.0,0.0,cash_out,cash_out,9.0,-1.0,9.0,5.75,6.75,-3.25,0.0
0.25,9.0,1.5,13.0,9.0,0.0,cash_out,cash_out,9.0,-1.5,9.0,5.25,6.75,-3.75,0.0
0.25,9.0,2.0,13.0,9.0,0.0,cash_out,cash_out,9.0,-2.0,9.0,4.75,6.75,-4.25,0.0
0.25,9.0,2.5,13.0,9.0,0.0,cash_out,cash_out,9.0,-2.5,9.0,4.25,6.75,-4.75,0.0
0.25,9.0,3.0,13.0,9.0,0.0,cash_out,cash_out,9.0,-3.0,9.0,3.75,6.75,-5.25,0.0
0.25,9.0,3.5,13.0,9.0,0.0,cash_out,cash_out,9.0,-3.5,9.0,3.25,6.75,-5.75,0.0
0.25,9.0,4.0,13.0,9.0,0.0,cash_out,cash_out,9.0,-4.0,9.0,2.75,6.75,-6.25,0.0
0.25,9.5,0.0,13.0,9.0,0.0,cash_out,cash_out,9.5,0.0,9.5,6.75,6.75,-2.75,0.0
0.25,9.5,0.5,13.0,9.0,0.0,cash_out,cash_out,9.5,-0.5,9.5,6.25,6.75,-3.25,0.0
0.25,9.5,1.0,13.0,9.0,0.0,cash_out,cash_out,9.5,-1.0,9.5,5.75,6.75,-3.75,0.0
0.25,9.5,1.5,13.0,9.0,0.0,cash_out,cash_out,9.5,-1.5,9.5,5.25,6.75,-4.25,0.0
0.25,9.5,2.0,13.0,9.0,0.0,cash_out,cash_out,9.5,-2.0,9.5,4.75,6.75,-4.75,0.0
0.25,9.5,2.5,13.0,9.0,0.0,cash_out,cash_out,9.5,-2.5,9.5,4.25,6.75,-5.25,0.0
0.25,9.5,3.0,13.0,9.0,0.0,cash_out,cash_out,9.5,-3.0,9.5,3.75,6.75,-5.75,0.0
0.25,9.5,3.5,13.0,9.0,0.0,cash_out,cash_out,9.5,-3.5,9.5,3.25,6.75,-6.25,0.0
0.25,9.5,4.0,13.0,9.0,0.0,cash_out,cash_out,9.5,-4.0,9.5,2.75,6.75,-6.75,0.0
0.25,10.0,0.0,13.0,9.0,0.0,cash_out,cash_out,10.0,0.0,10.0,6.75,6.75,-3.25,0.0
0.25,10.0,0.5,13.0,9.0,0.0,cash_out,cash_out,10.0,-0.5,10.0,6.25,6.75,-3.75,0.0
0.25,10.0,1.0,13.0,9.0,0.0,cash_out,cash_out,10.0,-1.0,10.0,5.75,6.75,-4.25,0.0
0.25,10.0,1.5,13.0,9.0,0.0,cash_out,cash_out,10.0,-1.5,10.0,5.25,6.75,-4.75,0.0
0.25,10.0,2.0,13.0,9.0,0.0,cash_out,cash_out,10.0,-2.0,10.0,4.75,6.75,-5.25,0.0
0.25,10.0,2.5,13.0,9.0,0.0,cash_out,cash_out,10.0,-2.5,10.0,4.25,6.75,-5.75,0.0
0.25,10.0,3.0,13.0,9.0,0.0,cash_out,cash_out,10.0,-3.0,10.0,3.75,6.75,-6.25,0.0
0.25,10.0,3.5,13.0,9.0,0.0,cash_out,cash_out,10.0,-3.5,10.0,3.25,6.75,-6.75,0.0
0.25,10.0,4.0,13.0,9.0,0.0,cash_out,cash_out,10.0,-4.0,10.0,2.75,6.75,-7.25,0.0
0.25,10.5,0.0,13.0,9.0,0.0,cash_out,cash_out,10.5,0.0,10.5,6.75,6.75,-3.75,0.0
0.25,10.5,0.5,13.0,9.0,0.0,cash_out,cash_out,10.5,-0.5,10.5,6.25,6.75,-4.25,0.0
0.25,10.5,1.0,13.0,9.0,0.0,cash_out,cash_out,10.5,-1.0,10.5,5.75,6.75,-4.75,0.0
0.25,10.5,1.5,13.0,9.0,0.0,cash_out,cash_out,10.5,-1.5,10.5,5.25,6.75,-5.25,0.0
0.25,10.5,2.0,13.0,9.0,0.0,cash_out,cash_out,10.5,-2.0,10.5,4.75,6.75,-5.75,0.0
0.25,10.5,2.5,13.0,9.0,0.0,cash_out,cash_out,10.5,-2.5,10.5,4.25,6.75,-6.25,0.0
0.25,10.5,3.0,13.0,9.0,0.0,cash_out,cash_out,10.5,-3.0,10.5,3.75,6.75,-6.75,0.0
0.25,10.5,3.5,13.0,9.0,0.0,cash_out,cash_out,10.5,-3.5,10.5,3.25,6.75,-7.25,0.0
0.25,10.5,4.0,13.0,9.0,0.0,cash_out,cash_out,10.5,-4.0,10.5,2.75,6.75,-7.75,0.0
0.25,11.0,0.0,13.0,9.0,0.0,cash_out,cash_out,11.0,0.0,11.0,6.75,6.75,-4.25,0.0
0.25,11.0,0.5,13.0,9.0,0.0,cash_out,cash_out,11.0,-0.5,11.0,6.25,6.75,-4.75,0.0
0.25,11.0,1.0,13.0,9.0,0.0,cash_out,cash_out,11.0,-1.0,11.0,5.75,6.75,-5.25,0.0
0.25,11.0,1.5,13.0,9.0,0.0,cash_out,cash_out,11.0,-1.5,11.0,5.25,6.75,-5.75,0.0
0.25,11.0,2.0,13.0,9.0,0.0,cash_out,cash_out,11.0,-2.0,11.0,4.75,6.75,-6.25,0.0
0.25,11.0,2.5,13.0,9.0,0.0,cash_out,cash_out,11.0,-2.5,11.0,4.25,6.75,-6.75,0.0
0.25,11.0,3.0,13.0,9.0,0.0,cash_out,cash_out,11.0,-3.0,11.0,3.75,6.75,-7.25,0.0
0.25,11.0,3.5,13.0,9.0,0.0,cash_out,cash_out,11.0,-3.5,11.0,3.25,6.75,-7.75,0.0
0.25,11.0,4.0,13.0,9.0,0.0,cash_out,cash_out,11.0,-4.0,11.0,2.75,6.75,-8.25,0.0
0.25,11.5,0.0,13.0,9.0,0.0,cash_out,cash_out,11.5,0.0,11.5,6.75,6.75,-4.75,0.0
0.25,11.5,0.5,13.0,9.0,0.0,cash_out,cash_out,11.5,-0.5,11.5,6.25,6.75,-5.25,0.0
0.25,11.5,1.0,13.0,9.0,0.0,cash_out,cash_out,11.5,-1.0,11.5,5.75,6.75,-5.75,0.0
0.25,11.5,1.5,13.0,9.0,0.0,cash_out,cash_out,11.5,-1.5,11.5,5.25,6.75,-6.25,0.0
0.25,11.5,2.0,13.0,9.0,0.0,cash_out,cash_out,11.5,-2.0,11.5,4.75,6.75,-6.75,0.0
0.25,11.5,2.5,13.0,9.0,0.0,cash_out,cash_out,11.5,-2.5,11.5,4.25,6.75,-7.25,0.0
0.25,11.5,3.0,13.0,9.0,0.0,cash_out,cash_out,11.5,-3.0,11.5,3.75,6.75,-7.75,0.0
0.25,11.5,3.5,13.0,9.0,0.0,cash_out,cash_out,11.5,-3.5,11.5,3.25,6.75,-8.25,0.0
0.25,11.5,4.0,13.0,9.0,0.0,cash_out,cash_out,11.5,-4.0,11.5,2.75,6.75,-8.75,0.0
0.25,12.0,0.0,13.0,9.0,0.0,cash_out,cash_out,12.0,0.0,12.0,6.75,6.75,-5.25,0.0
0.25,12.0,0.5,13.0,9.0,0.0,cash_out,cash_out,12.0,-0.5,12.0,6.25,6.75,-5.75,0.0
0.25,12.0,1.0,13.0,9.0,0.0,cash_out,cash_out,12.0,-1.0,12.0,5.75,6.75,-6.25,0.0
0.25,12.0,1.5,13.0,9.0,0.0,cash_out,cash_out,12.0,-1.5,12.0,5.25,6.75,-6.75,0.0
0.25,12.0,2.0,13.0,9.0,0.0,cash_out,cash_out,12.0,-2.0,12.0,4.75,6.75,-7.25,0.0
0.25,12.0,2.5,13.0,9.0,0.0,cash_out,cash_out,12.0,-2.5,12.0,4.25,6.75,-7.75,0.0
0.25,12.0,3.0,13.0,9.0,0.0,cash_out,cash_out,12.0,-3.0,12.0,3.75,6.75,-8.25,0.0
0.25,12.0,3.5,13.0,9.0,0.0,cash_out,cash_out,12.0,-3.5,12.0,3.25,6.75,-8.75,0.0
0.25,12.0,4.0,13.0,9.0,0.0,cash_out,cash_out,12.0,-4.0,12.0,2.75,6.75,-9.25,0.0
0.25,12.5,0.0,13.0,9.0,0.0,cash_out,cash_out,12.5,0.0,12.5,6.75,6.75,-5.75,0.0
0.25,12.5,0.5,13.0,9.0,0.0,cash_out,cash_out,12.5,-0.5,12.5,6.25,6.75,-6.25,0.0
0.25,12.5,1.0,13.0,9.0,0.0,cash_out,cash_out,12.5,-1.0,12.5,5.75,6.75,-6.75,0.0
0.25,12.5,1.5,13.0,9.0,0.0,cash_out,cash_out,12.5,-1.5,12.5,5.25,6.75,-7.25,0.0
0.25,12.5,2.0,13.0,9.0,0.0,cash_out,cash_out,12.5,-2.0,12.5,4.75,6.75,-7.75,0.0
0.25,12.5,2.5,13.0,9.0,0.0,cash_out,cash_out,12.5,-2.5,12.5,4.25,6.75,-8.25,0.0
0.25,12.5,3.0,13.0,9.0,0.0,cash_out,cash_out,12.5,-3.0,12.5,3.75,6.75,-8.75,0.0
0.25,12.5,3.5,13.0,9.0,0.0,cash_out,cash_out,12.5,-3.5,12.5,3.25,6.75,-9.25,0.0
0.25,12.5,4.0,13.0,9.0,0.0,cash_out,cash_out,12.5,-4.0,12.5,2.75,6.75,-9.75,0.0
0.25,13.0,0.0,13.0,9.0,0.0,cash_out,cash_out,13.0,0.0,13.0,6.75,6.75,-6.25,0.0
0.25,13.0,0.5,13.0,9.0,0.0,cash_out,cash_out,13.0,-0.5,13.0,6.25,6.75,-6.75,0.0
0.25,13.0,1.0,13.0,9.0,0.0,cash_out,cash_out,13.0,-1.0,13.0,5.75,6.75,-7.25,0.0
0.25,13.0,1.5,13.0,9.0,0.0,cash_out,cash_out,13.0,-1.5,13.0,5.25,6.75,-7.75,0.0
0.25,13.0,2.0,13.0,9.0,0.0,cash_out,cash_out,13.0,-2.0,13.0,4.75,6.75,-8.25,0.0
0.25,13.0,2.5,13.0,9.0,0.0,cash_out,cash_out,13.0,-2.5,13.0,4.25,6.75,-8.75,0.0
0.25,13.0,3.0,13.0,9.0,0.0,cash_out,cash_out,13.0,-3.0,13.0,3.75,6.75,-9.25,0.0
0.25,13.0,3.5,13.0,9.0,0.0,cash_out,cash_out,13.0,-3.5,13.0,3.25,6.75,-9.75,0.0
0.25,13.0,4.0,13.0,9.0,0.0,cash_out,cash_out,13.0,-4.0,13.0,2.75,6.75,-10.25,0.0
0.25,13.5,0.0,13.0,9.0,0.0,cash_out,cash_out,13.5,0.0,13.5,6.75,6.75,-6.75,0.0
0.25,13.5,0.5,13.0,9.0,0.0,cash_out,cash_out,13.5,-0.5,13.5,6.25,6.75,-7.25,0.0
0.25,13.5,1.0,13.0,9.0,0.0,cash_out,cash_out,13.5,-1.0,13.5,5.75,6.75,-7.75,0.0
0.25,13.5,1.5,13.0,9.0,0.0,cash_out,cash_out,13.5,-1.5,13.5,5.25,6.75,-8.25,0.0
0.25,13.5,2.0,13.0,9.0,0.0,cash_out,cash_out,13.5,-2.0,13.5,4.75,6.75,-8.75,0.0
0.25,13.5,2.5,13.0,9.0,0.0,cash_out,cash_out,13.5,-2.5,13.5,4.25,6.75,-9.25,0.0
0.25,13.5,3.0,13.0,9.0,0.0,cash_out,cash_out,13.5,-3.0,13.5,3.75,6.75,-9.75,0.0
0.25,13.5,3.5,13.0,9.0,0.0,cash_out,cash_out,13.5,-3.5,13.5,3.25,6.75,-10.25,0.0
0.25,13.5,4.0,13.0,9.0,0.0,cash_out,cash_out,13.5,-4.0,13.5,2.75,6.75,-10.75,0.0
0.25,14.0,0.0,13.0,9.0,0.0,cash_out,cash_out,14.0,0.0,14.0,6.75,6.75,-7.25,0.0
0.25,14.0,0.5,13.0,9.0,0.0,cash_out,cash_out,14.0,-0.5,14.0,6.25,6.75,-7.75,0.0
0.25,14.0,1.0,13.0,9.0,0.0,cash_out,cash_out,14.0,-1.0,14.0,5.75,6.75,-8.25,0.0
0.25,14.0,1.5,13.0,9.0,0.0,cash_out,cash_out,14.0,-1.5,14.0,5.25,6.75,-8.75,0.0
0.25,14.0,2.0,13.0,9.0,0.0,cash_out,cash_out,14.0,-2.0,14.0,4.75,6.75,-9.25,0.0
0.25,14.0,2.5,13.0,9.0,0.0,cash_out,cash_out,14.0,-2.5,14.0,4.25,6.75,-9.75,0.0
0.25,14.0,3.0,13.0,9.0,0.0,cash_out,cash_out,14.0,-3.0,14.0,3.75,6.75,-10.25,0.0
0.25,14.0,3.5,13.0,9.0,0.0,cash_out,cash_out,14.0,-3.5,14.0,3.25,6.75,-10.75,0.0
0.25,14.0,4.0,13.0,9.0,0.0,cash_out,cash_out,14.0,-4.0,14.0,2.75,6.75,-11.25,0.0
0.25,14.5,0.0,13.0,9.0,0.0,cash_out,cash_out,14.5,0.0,14.5,6.75,6.75,-7.75,0.0
0.25,14.5,0.5,13.0,9.0,0.0,cash_out,cash_out,14.5,-0.5,14.5,6.25,6.75,-8.25,0.0
0.25,14.5,1.0,13.0,9.0,0.0,cash_out,cash_out,14.5,-1.0,14.5,5.75,6.75,-8.75,0.0
0.25,14.5,1.5,13.0,9.0,0.0,cash_out,cash_out,14.5,-1.5,14.5,5.25,6.75,-9.25,0.0
0.25,14.5,2.0,13.0,9.0,0.0,cash_out,cash_out,14.5,-2.0,14.5,4.75,6.75,-9.75,0.0
0.25,14.5,2.5,13.0,9.0,0.0,cash_out,cash_out,14.5,-2.5,14.5,4.25,6.75,-10.25,0.0
0.25,14.5,3.0,13.0,9.0,0.0,cash_out,cash_out,14.5,-3.0,14.5,3.75,6.75,-10.75,0.0
0.25,14.5,3.5,13.0,9.0,0.0,cash_out,cash_out,14.5,-3.5,14.5,3.25,6.75,-11.25,0.0
0.25,14.5,4.0,13.0,9.0,0.0,cash_out,cash_out,14.5,-4.0,14.5,2.75,6.75,-11.75,0.0
0.25,15.0,0.0,13.0,9.0,0.0,cash_out,cash_out,15.0,0.0,15.0,6.75,6.75,-8.25,0.0
0.25,15.0,0.5,13.0,9.0,0.0,cash_out,cash_out,15.0,-0.5,15.0,6.25,6.75,-8.75,0.0
0.25,15.0,1.0,13.0,9.0,0.0,cash_out,cash_out,15.0,-1.0,15.0,5.75,6.75,-9.25,0.0
0.25,15.0,1.5,13.0,9.0,0.0,cash_out,cash_out,15.0,-1.5,15.0,5.25,6.75,-9.75,0.0
0.25,15.0,2.0,13.0,9.0,0.0,cash_out,cash_out,15.0,-2.0,15.0,4.75,6.75,-10.25,0.0
0.25,15.0,2.5,13.0,9.0,0.0,cash_out,cash_out,15.0,-2.5,15.0,4.25,6.75,-10.75,0.0
0.25,15.0,3.0,13.0,9.0,0.0,cash_out,cash_out,15.0,-3.0,15.0,3.75,6.75,-11.25,0.0
0.25,15.0,3.5,13.0,9.0,0.0,cash_out,cash_out,15.0,-3.5,15.0,3.25,6.75,-11.75,0.0
0.25,15.0,4.0,13.0,9.0,0.0,cash_out,cash_out,15.0,-4.0,15.0,2.75,6.75,-12.25,0.0
0.25,15.5,0.0,13.0,9.0,0.0,cash_out,cash_out,15.5,0.0,15.5,6.75,6.75,-8.75,0.0
0.25,15.5,0.5,13.0,9.0,0.0,cash_out,cash_out,15.5,-0.5,15.5,6.25,6.75,-9.25,0.0
0.25,15.5,1.0,13.0,9.0,0.0,cash_out,cash_out,15.5,-1.0,15.5,5.75,6.75,-9.75,0.0
0.25,15.5,1.5,13.0,9.0,0.0,cash_out,cash_out,15.5,-1.5,15.5,5.25,6.75,-10.25,0.0
0.25,15.5,2.0,13.0,9.0,0.0,cash_out,cash_out,15.5,-2.0,15.5,4.75,6.75,-10.75,0.0
0.25,15.5,2.5,13.0,9.0,0.0,cash_out,cash_out,15.5,-2.5,15.5,4.25,6.75,-11.25,0.0
0.25,15.5,3.0,13.0,9.0,0.0,cash_out,cash_out,15.5,-3.0,15.5,3.75,6.75,-11.75,0.0
0.25,15.5,3.5,13.0,9.0,0.0,cash_out,cash_out,15.5,-3.5,15.5,3.25,6.75,-12.25,0.0
0.25,15.5,4.0,13.0,9.0,0.0,cash_out,cash_out,15.5,-4.0,15.5,2.75,6.75,-12.75,0.0
0.25,16.0,0.0,13.0,9.0,0.0,cash_out,cash_out,16.0,0.0,16.0,6.75,6.75,-9.25,0.0
0.25,16.0,0.5,13.0,9.0,0.0,cash_out,cash_out,16.0,-0.5,16.0,6.25,6.75,-9.75,0.0
0.25,16.0,1.0,13.0,9.0,0.0,cash_out,cash_out,16.0,-1.0,16.0,5.75,6.75,-10.25,0.0
0.25,16.0,1.5,13.0,9.0,0.0,cash_out,cash_out,16.0,-1.5,16.0,5.25,6.75,-10.75,0.0
0.25,16.0,2.0,13.0,9.0,0.0,cash_out,cash_out,16.0,-2.0,16.0,4.75,6.75,-11.25,0.0
0.25,16.0,2.5,13.0,9.0,0.0,cash_out,cash_out,16.0,-2.5,16.0,4.25,6.75,-11.75,0.0
0.25,16.0,3.0,13.0,9.0,0.0,cash_out,cash_out,16.0,-3.0,16.0,3.75,6.75,-12.25,0.0
0.25,16.0,3.5,13.0,9.0,0.0,cash_out,cash_out,16.0,-3.5,16.0,3.25,6.75,-12.75,0.0
0.25,16.0,4.0,13.0,9.0,0.0,cash_out,cash_out,16.0,-4.0,16.0,2.75,6.75,-13.25,0.0
0.25,16.5,0.0,13.0,9.0,0.0,cash_out,cash_out,16.5,0.0,16.5,6.75,6.75,-9.75,0.0
0.25,16.5,0.5,13.0,9.0,0.0,cash_out,cash_out,16.5,-0.5,16.5,6.25,6.75,-10.25,0.0
0.25,16.5,1.0,13.0,9.0,0.0,cash_out,cash_out,16.5,-1.0,16.5,5.75,6.75,-10.75,0.0
0.25,16.5,1.5,13.0,9.0,0.0,cash_out,cash_out,16.5,-1.5,16.5,5.25,6.75,-11.25,0.0
0.25,16.5,2.0,13.0,9.0,0.0,cash_out,cash_out,16.5,-2.0,16.5,4.75,6.75,-11.75,0.0
0.25,16.5,2.5,13.0,9.0,0.0,cash_out,cash_out,16.5,-2.5,16.5,4.25,6.75,-12.25,0.0
0.25,16.5,3.0,13.0,9.0,0.0,cash_out,cash_out,16.5,-3.0,16.5,3.75,6.75,-12.75,0.0
0.25,16.5,3.5,13.0,9.0,0.0,cash_out,cash_out,16.5,-3.5,16.5,3.25,6.75,-13.25,0.0
0.25,16.5,4.0,13.0,9.0,0.0,cash_out,cash_out,16.5,-4.0,16.5,2.75,6.75,-13.75,0.0
0.25,17.0,0.0,13.0,9.0,0.0,cash_out,cash_out,17.0,0.0,17.0,6.75,6.75,-10.25,0.0
0.25,17.0,0.5,13.0,9.0,0.0,cash_out,cash_out,17.0,-0.5,17.0,6.25,6.75,-10.75,0.0
0.25,17.0,1.0,13.0,9.0,0.0,cash_out,cash_out,17.0,-1.0,17.0,5.75,6.75,-11.25,0.0
0.25,17.0,1.5,13.0,9.0,0.0,cash_out,cash_out,17.0,-1.5,17.0,5.25,6.75,-11.75,0.0
0.25,17.0,2.0,13.0,9.0,0.0,cash_out,cash_out,17.0,-2.0,17.0,4.75,6.75,-12.25,0.0
0.25,17.0,2.5,13.0,9.0,0.0,cash_out,cash_out,17.0,-2.5,17.0,4.25,6.75,-12.75,0.0
0.25,17.0,3.0,13.0,9.0,0.0,cash_out,cash_out,17.0,-3.0,17.0,3.75,6.75,-13.25,0.0
0.25,17.0,3.5,13.0,9.0,0.0,cash_out,cash_out,17.0,-3.5,17.0,3.25,6.75,-13.75,0.0
0.25,17.0,4.0,13.0,9.0,0.0,cash_out,cash_out,17.0,-4.0,17.0,2.75,6.75,-14.25,0.0
0.25,17.5,0.0,13.0,9.0,0.0,cash_out,cash_out,17.5,0.0,17.5,6.75,6.75,-10.75,0.0
0.25,17.5,0.5,13.0,9.0,0.0,cash_out,cash_out,17.5,-0.5,17.5,6.25,6.75,-11.25,0.0
0.25,17.5,1.0,13.0,9.0,0.0,cash_out,cash_out,17.5,-1.0,17.5,5.75,6.75,-11.75,0.0
0.25,17.5,1.5,13.0,9.0,0.0,cash_out,cash_out,17.5,-1.5,17.5,5.25,6.75,-12.25,0.0
0.25,17.5,2.0,13.0,9.0,0.0,cash_out,cash_out,17.5,-2.0,17.5,4.75,6.75,-12.75,0.0
0.25,17.5,2.5,13.0,9.0,0.0,cash_out,cash_out,17.5,-2.5,17.5,4.25,6.75,-13.25,0.0
0.25,17.5,3.0,13.0,9.0,0.0,cash_out,cash_out,17.5,-3.0,17.5,3.75,6.75,-13.75,0.0
0.25,17.5,3.5,13.0,9.0,0.0,cash_out,cash_out,17.5,-3.5,17.5,3.25,6.75,-14.25,0.0
0.25,17.5,4.0,13.0,9.0,0.0,cash_out,cash_out,17.5,-4.0,17.5,2.75,6.75,-14.75,0.0
0.25,18.0,0.0,13.0,9.0,0.0,cash_out,cash_out,18.0,0.0,18.0,6.75,6.75,-11.25,0.0
0.25,18.0,0.5,13.0,9.0,0.0,cash_out,cash_out,18.0,-0.5,18.0,6.25,6.75,-11.75,0.0
0.25,18.0,1.0,13.0,9.0,0.0,cash_out,cash_out,18.0,-1.0,18.0,5.75,6.75,-12.25,0.0
0.25,18.0,1.5,13.0,9.0,0.0,cash_out,cash_out,18.0,-1.5,18.0,5.25,6.75,-12.75,0.0
0.25,18.0,2.0,13.0,9.0,0.0,cash_out,cash_out,18.0,-2.0,18.0,4.75,6.75,-13.25,0.0
0.25,18.0,2.5,13.0,9.0,0.0,cash_out,cash_out,18.0,-2.5,18.0,4.25,6.75,-13.75,0.0
0.25,18.0,3.0,13.0,9.0,0.0,cash_out,cash_out,18.0,-3.0,18.0,3.75,6.75,-14.25,0.0
0.25,18.0,3.5,13.0,9.0,0.0,cash_out,cash_out,18.0,-3.5,18.0,3.25,6.75,-14.75,0.0
0.25,18.0,4.0,13.0,9.0,0.0,cash_out,cash_out,18.0,-4.0,18.0,2.75,6.75,-15.25,0.0
0.3,6.0,0.0,13.0,9.0,0.0,cash_out,preserve_option,6.0,0.0,6.0,6.3,6.3,0.2999999999999998,1.0
0.3,6.0,0.5,13.0,9.0,0.0,cash_out,cash_out,6.0,-0.5,6.0,5.8,6.3,-0.20000000000000018,0.0
0.3,6.0,1.0,13.0,9.0,0.0,cash_out,cash_out,6.0,-1.0,6.0,5.3,6.3,-0.7000000000000002,0.0
0.3,6.0,1.5,13.0,9.0,0.0,cash_out,cash_out,6.0,-1.5,6.0,4.8,6.3,-1.2000000000000002,0.0
0.3,6.0,2.0,13.0,9.0,0.0,cash_out,cash_out,6.0,-2.0,6.0,4.3,6.3,-1.7000000000000002,0.0
0.3,6.0,2.5,13.0,9.0,0.0,cash_out,cash_out,6.0,-2.5,6.0,3.8,6.3,-2.2,0.0
0.3,6.0,3.0,13.0,9.0,0.0,cash_out,cash_out,6.0,-3.0,6.0,3.3,6.3,-2.7,0.0
0.3,6.0,3.5,13.0,9.0,0.0,cash_out,cash_out,6.0,-3.5,6.0,2.8,6.3,-3.2,0.0
0.3,6.0,4.0,13.0,9.0,0.0,cash_out,cash_out,6.0,-4.0,6.0,2.3,6.3,-3.7,0.0
0.3,6.5,0.0,13.0,9.0,0.0,cash_out,cash_out,6.5,0.0,6.5,6.3,6.3,-0.20000000000000018,0.0
0.3,6.5,0.5,13.0,9.0,0.0,cash_out,cash_out,6.5,-0.5,6.5,5.8,6.3,-0.7000000000000002,0.0
0.3,6.5,1.0,13.0,9.0,0.0,cash_out,cash_out,6.5,-1.0,6.5,5.3,6.3,-1.2000000000000002,0.0
0.3,6.5,1.5,13.0,9.0,0.0,cash_out,cash_out,6.5,-1.5,6.5,4.8,6.3,-1.7000000000000002,0.0
0.3,6.5,2.0,13.0,9.0,0.0,cash_out,cash_out,6.5,-2.0,6.5,4.3,6.3,-2.2,0.0
0.3,6.5,2.5,13.0,9.0,0.0,cash_out,cash_out,6.5,-2.5,6.5,3.8,6.3,-2.7,0.0
0.3,6.5,3.0,13.0,9.0,0.0,cash_out,cash_out,6.5,-3.0,6.5,3.3,6.3,-3.2,0.0
0.3,6.5,3.5,13.0,9.0,0.0,cash_out,cash_out,6.5,-3.5,6.5,2.8,6.3,-3.7,0.0
0.3,6.5,4.0,13.0,9.0,0.0,cash_out,cash_out,6.5,-4.0,6.5,2.3,6.3,-4.2,0.0
0.3,7.0,0.0,13.0,9.0,0.0,cash_out,cash_out,7.0,0.0,7.0,6.3,6.3,-0.7000000000000002,0.0
0.3,7.0,0.5,13.0,9.0,0.0,cash_out,cash_out,7.0,-0.5,7.0,5.8,6.3,-1.2000000000000002,0.0
0.3,7.0,1.0,13.0,9.0,0.0,cash_out,cash_out,7.0,-1.0,7.0,5.3,6.3,-1.7000000000000002,0.0
0.3,7.0,1.5,13.0,9.0,0.0,cash_out,cash_out,7.0,-1.5,7.0,4.8,6.3,-2.2,0.0
0.3,7.0,2.0,13.0,9.0,0.0,cash_out,cash_out,7.0,-2.0,7.0,4.3,6.3,-2.7,0.0
0.3,7.0,2.5,13.0,9.0,0.0,cash_out,cash_out,7.0,-2.5,7.0,3.8,6.3,-3.2,0.0
0.3,7.0,3.0,13.0,9.0,0.0,cash_out,cash_out,7.0,-3.0,7.0,3.3,6.3,-3.7,0.0
0.3,7.0,3.5,13.0,9.0,0.0,cash_out,cash_out,7.0,-3.5,7.0,2.8,6.3,-4.2,0.0
0.3,7.0,4.0,13.0,9.0,0.0,cash_out,cash_out,7.0,-4.0,7.0,2.3,6.3,-4.7,0.0
0.3,7.5,0.0,13.0,9.0,0.0,cash_out,cash_out,7.5,0.0,7.5,6.3,6.3,-1.2000000000000002,0.0
0.3,7.5,0.5,13.0,9.0,0.0,cash_out,cash_out,7.5,-0.5,7.5,5.8,6.3,-1.7000000000000002,0.0
0.3,7.5,1.0,13.0,9.0,0.0,cash_out,cash_out,7.5,-1.0,7.5,5.3,6.3,-2.2,0.0
0.3,7.5,1.5,13.0,9.0,0.0,cash_out,cash_out,7.5,-1.5,7.5,4.8,6.3,-2.7,0.0
0.3,7.5,2.0,13.0,9.0,0.0,cash_out,cash_out,7.5,-2.0,7.5,4.3,6.3,-3.2,0.0
0.3,7.5,2.5,13.0,9.0,0.0,cash_out,cash_out,7.5,-2.5,7.5,3.8,6.3,-3.7,0.0
0.3,7.5,3.0,13.0,9.0,0.0,cash_out,cash_out,7.5,-3.0,7.5,3.3,6.3,-4.2,0.0
0.3,7.5,3.5,13.0,9.0,0.0,cash_out,cash_out,7.5,-3.5,7.5,2.8,6.3,-4.7,0.0
0.3,7.5,4.0,13.0,9.0,0.0,cash_out,cash_out,7.5,-4.0,7.5,2.3,6.3,-5.2,0.0
0.3,8.0,0.0,13.0,9.0,0.0,cash_out,cash_out,8.0,0.0,8.0,6.3,6.3,-1.7000000000000002,0.0
0.3,8.0,0.5,13.0,9.0,0.0,cash_out,cash_out,8.0,-0.5,8.0,5.8,6.3,-2.2,0.0
0.3,8.0,1.0,13.0,9.0,0.0,cash_out,cash_out,8.0,-1.0,8.0,5.3,6.3,-2.7,0.0
0.3,8.0,1.5,13.0,9.0,0.0,cash_out,cash_out,8.0,-1.5,8.0,4.8,6.3,-3.2,0.0
0.3,8.0,2.0,13.0,9.0,0.0,cash_out,cash_out,8.0,-2.0,8.0,4.3,6.3,-3.7,0.0
0.3,8.0,2.5,13.0,9.0,0.0,cash_out,cash_out,8.0,-2.5,8.0,3.8,6.3,-4.2,0.0
0.3,8.0,3.0,13.0,9.0,0.0,cash_out,cash_out,8.0,-3.0,8.0,3.3,6.3,-4.7,0.0
0.3,8.0,3.5,13.0,9.0,0.0,cash_out,cash_out,8.0,-3.5,8.0,2.8,6.3,-5.2,0.0
0.3,8.0,4.0,13.0,9.0,0.0,cash_out,cash_out,8.0,-4.0,8.0,2.3,6.3,-5.7,0.0
0.3,8.5,0.0,13.0,9.0,0.0,cash_out,cash_out,8.5,0.0,8.5,6.3,6.3,-2.2,0.0
0.3,8.5,0.5,13.0,9.0,0.0,cash_out,cash_out,8.5,-0.5,8.5,5.8,6.3,-2.7,0.0
0.3,8.5,1.0,13.0,9.0,0.0,cash_out,cash_out,8.5,-1.0,8.5,5.3,6.3,-3.2,0.0
0.3,8.5,1.5,13.0,9.0,0.0,cash_out,cash_out,8.5,-1.5,8.5,4.8,6.3,-3.7,0.0
0.3,8.5,2.0,13.0,9.0,0.0,cash_out,cash_out,8.5,-2.0,8.5,4.3,6.3,-4.2,0.0
0.3,8.5,2.5,13.0,9.0,0.0,cash_out,cash_out,8.5,-2.5,8.5,3.8,6.3,-4.7,0.0
0.3,8.5,3.0,13.0,9.0,0.0,cash_out,cash_out,8.5,-3.0,8.5,3.3,6.3,-5.2,0.0
0.3,8.5,3.5,13.0,9.0,0.0,cash_out,cash_out,8.5,-3.5,8.5,2.8,6.3,-5.7,0.0
0.3,8.5,4.0,13.0,9.0,0.0,cash_out,cash_out,8.5,-4.0,8.5,2.3,6.3,-6.2,0.0
0.3,9.0,0.0,13.0,9.0,0.0,cash_out,cash_out,9.0,0.0,9.0,6.3,6.3,-2.7,0.0
0.3,9.0,0.5,13.0,9.0,0.0,cash_out,cash_out,9.0,-0.5,9.0,5.8,6.3,-3.2,0.0
0.3,9.0,1.0,13.0,9.0,0.0,cash_out,cash_out,9.0,-1.0,9.0,5.3,6.3,-3.7,0.0
0.3,9.0,1.5,13.0,9.0,0.0,cash_out,cash_out,9.0,-1.5,9.0,4.8,6.3,-4.2,0.0
0.3,9.0,2.0,13.0,9.0,0.0,cash_out,cash_out,9.0,-2.0,9.0,4.3,6.3,-4.7,0.0
0.3,9.0,2.5,13.0,9.0,0.0,cash_out,cash_out,9.0,-2.5,9.0,3.8,6.3,-5.2,0.0
0.3,9.0,3.0,13.0,9.0,0.0,cash_out,cash_out,9.0,-3.0,9.0,3.3,6.3,-5.7,0.0
0.3,9.0,3.5,13.0,9.0,0.0,cash_out,cash_out,9.0,-3.5,9.0,2.8,6.3,-6.2,0.0
0.3,9.0,4.0,13.0,9.0,0.0,cash_out,cash_out,9.0,-4.0,9.0,2.3,6.3,-6.7,0.0
0.3,9.5,0.0,13.0,9.0,0.0,cash_out,cash_out,9.5,0.0,9.5,6.3,6.3,-3.2,0.0
0.3,9.5,0.5,13.0,9.0,0.0,cash_out,cash_out,9.5,-0.5,9.5,5.8,6.3,-3.7,0.0
0.3,9.5,1.0,13.0,9.0,0.0,cash_out,cash_out,9.5,-1.0,9.5,5.3,6.3,-4.2,0.0
0.3,9.5,1.5,13.0,9.0,0.0,cash_out,cash_out,9.5,-1.5,9.5,4.8,6.3,-4.7,0.0
0.3,9.5,2.0,13.0,9.0,0.0,cash_out,cash_out,9.5,-2.0,9.5,4.3,6.3,-5.2,0.0
0.3,9.5,2.5,13.0,9.0,0.0,cash_out,cash_out,9.5,-2.5,9.5,3.8,6.3,-5.7,0.0
0.3,9.5,3.0,13.0,9.0,0.0,cash_out,cash_out,9.5,-3.0,9.5,3.3,6.3,-6.2,0.0
0.3,9.5,3.5,13.0,9.0,0.0,cash_out,cash_out,9.5,-3.5,9.5,2.8,6.3,-6.7,0.0
0.3,9.5,4.0,13.0,9.0,0.0,cash_out,cash_out,9.5,-4.0,9.5,2.3,6.3,-7.2,0.0
0.3,10.0,0.0,13.0,9.0,0.0,cash_out,cash_out,10.0,0.0,10.0,6.3,6.3,-3.7,0.0
0.3,10.0,0.5,13.0,9.0,0.0,cash_out,cash_out,10.0,-0.5,10.0,5.8,6.3,-4.2,0.0
0.3,10.0,1.0,13.0,9.0,0.0,cash_out,cash_out,10.0,-1.0,10.0,5.3,6.3,-4.7,0.0
0.3,10.0,1.5,13.0,9.0,0.0,cash_out,cash_out,10.0,-1.5,10.0,4.8,6.3,-5.2,0.0
0.3,10.0,2.0,13.0,9.0,0.0,cash_out,cash_out,10.0,-2.0,10.0,4.3,6.3,-5.7,0.0
0.3,10.0,2.5,13.0,9.0,0.0,cash_out,cash_out,10.0,-2.5,10.0,3.8,6.3,-6.2,0.0
0.3,10.0,3.0,13.0,9.0,0.0,cash_out,cash_out,10.0,-3.0,10.0,3.3,6.3,-6.7,0.0
0.3,10.0,3.5,13.0,9.0,0.0,cash_out,cash_out,10.0,-3.5,10.0,2.8,6.3,-7.2,0.0
0.3,10.0,4.0,13.0,9.0,0.0,cash_out,cash_out,10.0,-4.0,10.0,2.3,6.3,-7.7,0.0
0.3,10.5,0.0,13.0,9.0,0.0,cash_out,cash_out,10.5,0.0,10.5,6.3,6.3,-4.2,0.0
0.3,10.5,0.5,13.0,9.0,0.0,cash_out,cash_out,10.5,-0.5,10.5,5.8,6.3,-4.7,0.0
0.3,10.5,1.0,13.0,9.0,0.0,cash_out,cash_out,10.5,-1.0,10.5,5.3,6.3,-5.2,0.0
0.3,10.5,1.5,13.0,9.0,0.0,cash_out,cash_out,10.5,-1.5,10.5,4.8,6.3,-5.7,0.0
0.3,10.5,2.0,13.0,9.0,0.0,cash_out,cash_out,10.5,-2.0,10.5,4.3,6.3,-6.2,0.0
0.3,10.5,2.5,13.0,9.0,0.0,cash_out,cash_out,10.5,-2.5,10.5,3.8,6.3,-6.7,0.0
0.3,10.5,3.0,13.0,9.0,0.0,cash_out,cash_out,10.5,-3.0,10.5,3.3,6.3,-7.2,0.0
0.3,10.5,3.5,13.0,9.0,0.0,cash_out,cash_out,10.5,-3.5,10.5,2.8,6.3,-7.7,0.0
0.3,10.5,4.0,13.0,9.0,0.0,cash_out,cash_out,10.5,-4.0,10.5,2.3,6.3,-8.2,0.0
0.3,11.0,0.0,13.0,9.0,0.0,cash_out,cash_out,11.0,0.0,11.0,6.3,6.3,-4.7,0.0
0.3,11.0,0.5,13.0,9.0,0.0,cash_out,cash_out,11.0,-0.5,11.0,5.8,6.3,-5.2,0.0
0.3,11.0,1.0,13.0,9.0,0.0,cash_out,cash_out,11.0,-1.0,11.0,5.3,6.3,-5.7,0.0
0.3,11.0,1.5,13.0,9.0,0.0,cash_out,cash_out,11.0,-1.5,11.0,4.8,6.3,-6.2,0.0
0.3,11.0,2.0,13.0,9.0,0.0,cash_out,cash_out,11.0,-2.0,11.0,4.3,6.3,-6.7,0.0
0.3,11.0,2.5,13.0,9.0,0.0,cash_out,cash_out,11.0,-2.5,11.0,3.8,6.3,-7.2,0.0
0.3,11.0,3.0,13.0,9.0,0.0,cash_out,cash_out,11.0,-3.0,11.0,3.3,6.3,-7.7,0.0
0.3,11.0,3.5,13.0,9.0,0.0,cash_out,cash_out,11.0,-3.5,11.0,2.8,6.3,-8.2,0.0
0.3,11.0,4.0,13.0,9.0,0.0,cash_out,cash_out,11.0,-4.0,11.0,2.3,6.3,-8.7,0.0
0.3,11.5,0.0,13.0,9.0,0.0,cash_out,cash_out,11.5,0.0,11.5,6.3,6.3,-5.2,0.0
0.3,11.5,0.5,13.0,9.0,0.0,cash_out,cash_out,11.5,-0.5,11.5,5.8,6.3,-5.7,0.0
0.3,11.5,1.0,13.0,9.0,0.0,cash_out,cash_out,11.5,-1.0,11.5,5.3,6.3,-6.2,0.0
0.3,11.5,1.5,13.0,9.0,0.0,cash_out,cash_out,11.5,-1.5,11.5,4.8,6.3,-6.7,0.0
0.3,11.5,2.0,13.0,9.0,0.0,cash_out,cash_out,11.5,-2.0,11.5,4.3,6.3,-7.2,0.0
0.3,11.5,2.5,13.0,9.0,0.0,cash_out,cash_out,11.5,-2.5,11.5,3.8,6.3,-7.7,0.0
0.3,11.5,3.0,13.0,9.0,0.0,cash_out,cash_out,11.5,-3.0,11.5,3.3,6.3,-8.2,0.0
0.3,11.5,3.5,13.0,9.0,0.0,cash_out,cash_out,11.5,-3.5,11.5,2.8,6.3,-8.7,0.0
0.3,11.5,4.0,13.0,9.0,0.0,cash_out,cash_out,11.5,-4.0,11.5,2.3,6.3,-9.2,0.0
0.3,12.0,0.0,13.0,9.0,0.0,cash_out,cash_out,12.0,0.0,12.0,6.3,6.3,-5.7,0.0
0.3,12.0,0.5,13.0,9.0,0.0,cash_out,cash_out,12.0,-0.5,12.0,5.8,6.3,-6.2,0.0
0.3,12.0,1.0,13.0,9.0,0.0,cash_out,cash_out,12.0,-1.0,12.0,5.3,6.3,-6.7,0.0
0.3,12.0,1.5,13.0,9.0,0.0,cash_out,cash_out,12.0,-1.5,12.0,4.8,6.3,-7.2,0.0
0.3,12.0,2.0,13.0,9.0,0.0,cash_out,cash_out,12.0,-2.0,12.0,4.3,6.3,-7.7,0.0
0.3,12.0,2.5,13.0,9.0,0.0,cash_out,cash_out,12.0,-2.5,12.0,3.8,6.3,-8.2,0.0
0.3,12.0,3.0,13.0,9.0,0.0,cash_out,cash_out,12.0,-3.0,12.0,3.3,6.3,-8.7,0.0
0.3,12.0,3.5,13.0,9.0,0.0,cash_out,cash_out,12.0,-3.5,12.0,2.8,6.3,-9.2,0.0
0.3,12.0,4.0,13.0,9.0,0.0,cash_out,cash_out,12.0,-4.0,12.0,2.3,6.3,-9.7,0.0
0.3,12.5,0.0,13.0,9.0,0.0,cash_out,cash_out,12.5,0.0,12.5,6.3,6.3,-6.2,0.0
0.3,12.5,0.5,13.0,9.0,0.0,cash_out,cash_out,12.5,-0.5,12.5,5.8,6.3,-6.7,0.0
0.3,12.5,1.0,13.0,9.0,0.0,cash_out,cash_out,12.5,-1.0,12.5,5.3,6.3,-7.2,0.0
0.3,12.5,1.5,13.0,9.0,0.0,cash_out,cash_out,12.5,-1.5,12.5,4.8,6.3,-7.7,0.0
0.3,12.5,2.0,13.0,9.0,0.0,cash_out,cash_out,12.5,-2.0,12.5,4.3,6.3,-8.2,0.0
0.3,12.5,2.5,13.0,9.0,0.0,cash_out,cash_out,12.5,-2.5,12.5,3.8,6.3,-8.7,0.0
0.3,12.5,3.0,13.0,9.0,0.0,cash_out,cash_out,12.5,-3.0,12.5,3.3,6.3,-9.2,0.0
0.3,12.5,3.5,13.0,9.0,0.0,cash_out,cash_out,12.5,-3.5,12.5,2.8,6.3,-9.7,0.0
0.3,12.5,4.0,13.0,9.0,0.0,cash_out,cash_out,12.5,-4.0,12.5,2.3,6.3,-10.2,0.0
0.3,13.0,0.0,13.0,9.0,0.0,cash_out,cash_out,13.0,0.0,13.0,6.3,6.3,-6.7,0.0
0.3,13.0,0.5,13.0,9.0,0.0,cash_out,cash_out,13.0,-0.5,13.0,5.8,6.3,-7.2,0.0
0.3,13.0,1.0,13.0,9.0,0.0,cash_out,cash_out,13.0,-1.0,13.0,5.3,6.3,-7.7,0.0
0.3,13.0,1.5,13.0,9.0,0.0,cash_out,cash_out,13.0,-1.5,13.0,4.8,6.3,-8.2,0.0
0.3,13.0,2.0,13.0,9.0,0.0,cash_out,cash_out,13.0,-2.0,13.0,4.3,6.3,-8.7,0.0
0.3,13.0,2.5,13.0,9.0,0.0,cash_out,cash_out,13.0,-2.5,13.0,3.8,6.3,-9.2,0.0
0.3,13.0,3.0,13.0,9.0,0.0,cash_out,cash_out,13.0,-3.0,13.0,3.3,6.3,-9.7,0.0
0.3,13.0,3.5,13.0,9.0,0.0,cash_out,cash_out,13.0,-3.5,13.0,2.8,6.3,-10.2,0.0
0.3,13.0,4.0,13.0,9.0,0.0,cash_out,cash_out,13.0,-4.0,13.0,2.3,6.3,-10.7,0.0
0.3,13.5,0.0,13.0,9.0,0.0,cash_out,cash_out,13.5,0.0,13.5,6.3,6.3,-7.2,0.0
0.3,13.5,0.5,13.0,9.0,0.0,cash_out,cash_out,13.5,-0.5,13.5,5.8,6.3,-7.7,0.0
0.3,13.5,1.0,13.0,9.0,0.0,cash_out,cash_out,13.5,-1.0,13.5,5.3,6.3,-8.2,0.0
0.3,13.5,1.5,13.0,9.0,0.0,cash_out,cash_out,13.5,-1.5,13.5,4.8,6.3,-8.7,0.0
0.3,13.5,2.0,13.0,9.0,0.0,cash_out,cash_out,13.5,-2.0,13.5,4.3,6.3,-9.2,0.0
0.3,13.5,2.5,13.0,9.0,0.0,cash_out,cash_out,13.5,-2.5,13.5,3.8,6.3,-9.7,0.0
0.3,13.5,3.0,13.0,9.0,0.0,cash_out,cash_out,13.5,-3.0,13.5,3.3,6.3,-10.2,0.0
0.3,13.5,3.5,13.0,9.0,0.0,cash_out,cash_out,13.5,-3.5,13.5,2.8,6.3,-10.7,0.0
0.3,13.5,4.0,13.0,9.0,0.0,cash_out,cash_out,13.5,-4.0,13.5,2.3,6.3,-11.2,0.0
0.3,14.0,0.0,13.0,9.0,0.0,cash_out,cash_out,14.0,0.0,14.0,6.3,6.3,-7.7,0.0
0.3,14.0,0.5,13.0,9.0,0.0,cash_out,cash_out,14.0,-0.5,14.0,5.8,6.3,-8.2,0.0
0.3,14.0,1.0,13.0,9.0,0.0,cash_out,cash_out,14.0,-1.0,14.0,5.3,6.3,-8.7,0.0
0.3,14.0,1.5,13.0,9.0,0.0,cash_out,cash_out,14.0,-1.5,14.0,4.8,6.3,-9.2,0.0
0.3,14.0,2.0,13.0,9.0,0.0,cash_out,cash_out,14.0,-2.0,14.0,4.3,6.3,-9.7,0.0
0.3,14.0,2.5,13.0,9.0,0.0,cash_out,cash_out,14.0,-2.5,14.0,3.8,6.3,-10.2,0.0
0.3,14.0,3.0,13.0,9.0,0.0,cash_out,cash_out,14.0,-3.0,14.0,3.3,6.3,-10.7,0.0
0.3,14.0,3.5,13.0,9.0,0.0,cash_out,cash_out,14.0,-3.5,14.0,2.8,6.3,-11.2,0.0
0.3,14.0,4.0,13.0,9.0,0.0,cash_out,cash_out,14.0,-4.0,14.0,2.3,6.3,-11.7,0.0
0.3,14.5,0.0,13.0,9.0,0.0,cash_out,cash_out,14.5,0.0,14.5,6.3,6.3,-8.2,0.0
0.3,14.5,0.5,13.0,9.0,0.0,cash_out,cash_out,14.5,-0.5,14.5,5.8,6.3,-8.7,0.0
0.3,14.5,1.0,13.0,9.0,0.0,cash_out,cash_out,14.5,-1.0,14.5,5.3,6.3,-9.2,0.0
0.3,14.5,1.5,13.0,9.0,0.0,cash_out,cash_out,14.5,-1.5,14.5,4.8,6.3,-9.7,0.0
0.3,14.5,2.0,13.0,9.0,0.0,cash_out,cash_out,14.5,-2.0,14.5,4.3,6.3,-10.2,0.0
0.3,14.5,2.5,13.0,9.0,0.0,cash_out,cash_out,14.5,-2.5,14.5,3.8,6.3,-10.7,0.0
0.3,14.5,3.0,13.0,9.0,0.0,cash_out,cash_out,14.5,-3.0,14.5,3.3,6.3,-11.2,0.0
0.3,14.5,3.5,13.0,9.0,0.0,cash_out,cash_out,14.5,-3.5,14.5,2.8,6.3,-11.7,0.0
0.3,14.5,4.0,13.0,9.0,0.0,cash_out,cash_out,14.5,-4.0,14.5,2.3,6.3,-12.2,0.0
0.3,15.0,0.0,13.0,9.0,0.0,cash_out,cash_out,15.0,0.0,15.0,6.3,6.3,-8.7,0.0
0.3,15.0,0.5,13.0,9.0,0.0,cash_out,cash_out,15.0,-0.5,15.0,5.8,6.3,-9.2,0.0
0.3,15.0,1.0,13.0,9.0,0.0,cash_out,cash_out,15.0,-1.0,15.0,5.3,6.3,-9.7,0.0
0.3,15.0,1.5,13.0,9.0,0.0,cash_out,cash_out,15.0,-1.5,15.0,4.8,6.3,-10.2,0.0
0.3,15.0,2.0,13.0,9.0,0.0,cash_out,cash_out,15.0,-2.0,15.0,4.3,6.3,-10.7,0.0
0.3,15.0,2.5,13.0,9.0,0.0,cash_out,cash_out,15.0,-2.5,15.0,3.8,6.3,-11.2,0.0
0.3,15.0,3.0,13.0,9.0,0.0,cash_out,cash_out,15.0,-3.0,15.0,3.3,6.3,-11.7,0.0
0.3,15.0,3.5,13.0,9.0,0.0,cash_out,cash_out,15.0,-3.5,15.0,2.8,6.3,-12.2,0.0
0.3,15.0,4.0,13.0,9.0,0.0,cash_out,cash_out,15.0,-4.0,15.0,2.3,6.3,-12.7,0.0
0.3,15.5,0.0,13.0,9.0,0.0,cash_out,cash_out,15.5,0.0,15.5,6.3,6.3,-9.2,0.0
0.3,15.5,0.5,13.0,9.0,0.0,cash_out,cash_out,15.5,-0.5,15.5,5.8,6.3,-9.7,0.0
0.3,15.5,1.0,13.0,9.0,0.0,cash_out,cash_out,15.5,-1.0,15.5,5.3,6.3,-10.2,0.0
0.3,15.5,1.5,13.0,9.0,0.0,cash_out,cash_out,15.5,-1.5,15.5,4.8,6.3,-10.7,0.0
0.3,15.5,2.0,13.0,9.0,0.0,cash_out,cash_out,15.5,-2.0,15.5,4.3,6.3,-11.2,0.0
0.3,15.5,2.5,13.0,9.0,0.0,cash_out,cash_out,15.5,-2.5,15.5,3.8,6.3,-11.7,0.0
0.3,15.5,3.0,13.0,9.0,0.0,cash_out,cash_out,15.5,-3.0,15.5,3.3,6.3,-12.2,0.0
0.3,15.5,3.5,13.0,9.0,0.0,cash_out,cash_out,15.5,-3.5,15.5,2.8,6.3,-12.7,0.0
0.3,15.5,4.0,13.0,9.0,0.0,cash_out,cash_out,15.5,-4.0,15.5,2.3,6.3,-13.2,0.0
0.3,16.0,0.0,13.0,9.0,0.0,cash_out,cash_out,16.0,0.0,16.0,6.3,6.3,-9.7,0.0
0.3,16.0,0.5,13.0,9.0,0.0,cash_out,cash_out,16.0,-0.5,16.0,5.8,6.3,-10.2,0.0
0.3,16.0,1.0,13.0,9.0,0.0,cash_out,cash_out,16.0,-1.0,16.0,5.3,6.3,-10.7,0.0
0.3,16.0,1.5,13.0,9.0,0.0,cash_out,cash_out,16.0,-1.5,16.0,4.8,6.3,-11.2,0.0
0.3,16.0,2.0,13.0,9.0,0.0,cash_out,cash_out,16.0,-2.0,16.0,4.3,6.3,-11.7,0.0
0.3,16.0,2.5,13.0,9.0,0.0,cash_out,cash_out,16.0,-2.5,16.0,3.8,6.3,-12.2,0.0
0.3,16.0,3.0,13.0,9.0,0.0,cash_out,cash_out,16.0,-3.0,16.0,3.3,6.3,-12.7,0.0
0.3,16.0,3.5,13.0,9.0,0.0,cash_out,cash_out,16.0,-3.5,16.0,2.8,6.3,-13.2,0.0
0.3,16.0,4.0,13.0,9.0,0.0,cash_out,cash_out,16.0,-4.0,16.0,2.3,6.3,-13.7,0.0
0.3,16.5,0.0,13.0,9.0,0.0,cash_out,cash_out,16.5,0.0,16.5,6.3,6.3,-10.2,0.0
0.3,16.5,0.5,13.0,9.0,0.0,cash_out,cash_out,16.5,-0.5,16.5,5.8,6.3,-10.7,0.0
0.3,16.5,1.0,13.0,9.0,0.0,cash_out,cash_out,16.5,-1.0,16.5,5.3,6.3,-11.2,0.0
0.3,16.5,1.5,13.0,9.0,0.0,cash_out,cash_out,16.5,-1.5,16.5,4.8,6.3,-11.7,0.0
0.3,16.5,2.0,13.0,9.0,0.0,cash_out,cash_out,16.5,-2.0,16.5,4.3,6.3,-12.2,0.0
0.3,16.5,2.5,13.0,9.0,0.0,cash_out,cash_out,16.5,-2.5,16.5,3.8,6.3,-12.7,0.0
0.3,16.5,3.0,13.0,9.0,0.0,cash_out,cash_out,16.5,-3.0,16.5,3.3,6.3,-13.2,0.0
0.3,16.5,3.5,13.0,9.0,0.0,cash_out,cash_out,16.5,-3.5,16.5,2.8,6.3,-13.7,0.0
0.3,16.5,4.0,13.0,9.0,0.0,cash_out,cash_out,16.5,-4.0,16.5,2.3,6.3,-14.2,0.0
0.3,17.0,0.0,13.0,9.0,0.0,cash_out,cash_out,17.0,0.0,17.0,6.3,6.3,-10.7,0.0
0.3,17.0,0.5,13.0,9.0,0.0,cash_out,cash_out,17.0,-0.5,17.0,5.8,6.3,-11.2,0.0
0.3,17.0,1.0,13.0,9.0,0.0,cash_out,cash_out,17.0,-1.0,17.0,5.3,6.3,-11.7,0.0
0.3,17.0,1.5,13.0,9.0,0.0,cash_out,cash_out,17.0,-1.5,17.0,4.8,6.3,-12.2,0.0
0.3,17.0,2.0,13.0,9.0,0.0,cash_out,cash_out,17.0,-2.0,17.0,4.3,6.3,-12.7,0.0
0.3,17.0,2.5,13.0,9.0,0.0,cash_out,cash_out,17.0,-2.5,17.0,3.8,6.3,-13.2,0.0
0.3,17.0,3.0,13.0,9.0,0.0,cash_out,cash_out,17.0,-3.0,17.0,3.3,6.3,-13.7,0.0
0.3,17.0,3.5,13.0,9.0,0.0,cash_out,cash_out,17.0,-3.5,17.0,2.8,6.3,-14.2,0.0
0.3,17.0,4.0,13.0,9.0,0.0,cash_out,cash_out,17.0,-4.0,17.0,2.3,6.3,-14.7,0.0
0.3,17.5,0.0,13.0,9.0,0.0,cash_out,cash_out,17.5,0.0,17.5,6.3,6.3,-11.2,0.0
0.3,17.5,0.5,13.0,9.0,0.0,cash_out,cash_out,17.5,-0.5,17.5,5.8,6.3,-11.7,0.0
0.3,17.5,1.0,13.0,9.0,0.0,cash_out,cash_out,17.5,-1.0,17.5,5.3,6.3,-12.2,0.0
0.3,17.5,1.5,13.0,9.0,0.0,cash_out,cash_out,17.5,-1.5,17.5,4.8,6.3,-12.7,0.0
0.3,17.5,2.0,13.0,9.0,0.0,cash_out,cash_out,17.5,-2.0,17.5,4.3,6.3,-13.2,0.0
0.3,17.5,2.5,13.0,9.0,0.0,cash_out,cash_out,17.5,-2.5,17.5,3.8,6.3,-13.7,0.0
0.3,17.5,3.0,13.0,9.0,0.0,cash_out,cash_out,17.5,-3.0,17.5,3.3,6.3,-14.2,0.0
0.3,17.5,3.5,13.0,9.0,0.0,cash_out,cash_out,17.5,-3.5,17.5,2.8,6.3,-14.7,0.0
0.3,17.5,4.0,13.0,9.0,0.0,cash_out,cash_out,17.5,-4.0,17.5,2.3,6.3,-15.2,0.0
0.3,18.0,0.0,13.0,9.0,0.0,cash_out,cash_out,18.0,0.0,18.0,6.3,6.3,-11.7,0.0
0.3,18.0,0.5,13.0,9.0,0.0,cash_out,cash_out,18.0,-0.5,18.0,5.8,6.3,-12.2,0.0
0.3,18.0,1.0,13.0,9.0,0.0,cash_out,cash_out,18.0,-1.0,18.0,5.3,6.3,-12.7,0.0
0.3,18.0,1.5,13.0,9.0,0.0,cash_out,cash_out,18.0,-1.5,18.0,4.8,6.3,-13.2,0.0
0.3,18.0,2.0,13.0,9.0,0.0,cash_out,cash_out,18.0,-2.0,18.0,4.3,6.3,-13.7,0.0
0.3,18.0,2.5,13.0,9.0,0.0,cash_out,cash_out,18.0,-2.5,18.0,3.8,6.3,-14.2,0.0
0.3,18.0,3.0,13.0,9.0,0.0,cash_out,cash_out,18.0,-3.0,18.0,3.3,6.3,-14.7,0.0
0.3,18.0,3.5,13.0,9.0,0.0,cash_out,cash_out,18.0,-3.5,18.0,2.8,6.3,-15.2,0.0
0.3,18.0,4.0,13.0,9.0,0.0,cash_out,cash_out,18.0,-4.0,18.0,2.3,6.3,-15.7,0.0
0.35,6.0,0.0,13.0,9.0,0.0,cash_out,cash_out,6.0,0.0,6.0,5.8500000000000005,5.8500000000000005,-0.14999999999999947,0.0
0.35,6.0,0.5,13.0,9.0,0.0,cash_out,cash_out,6.0,-0.5,6.0,5.3500000000000005,5.8500000000000005,-0.6499999999999995,0.0
0.35,6.0,1.0,13.0,9.0,0.0,cash_out,cash_out,6.0,-1.0,6.0,4.8500000000000005,5.8500000000000005,-1.1499999999999995,0.0
0.35,6.0,1.5,13.0,9.0,0.0,cash_out,cash_out,6.0,-1.5,6.0,4.3500000000000005,5.8500000000000005,-1.6499999999999995,0.0
0.35,6.0,2.0,13.0,9.0,0.0,cash_out,cash_out,6.0,-2.0,6.0,3.8500000000000005,5.8500000000000005,-2.1499999999999995,0.0
0.35,6.0,2.5,13.0,9.0,0.0,cash_out,cash_out,6.0,-2.5,6.0,3.3500000000000005,5.8500000000000005,-2.6499999999999995,0.0
0.35,6.0,3.0,13.0,9.0,0.0,cash_out,cash_out,6.0,-3.0,6.0,2.8500000000000005,5.8500000000000005,-3.1499999999999995,0.0
0.35,6.0,3.5,13.0,9.0,0.0,cash_out,cash_out,6.0,-3.5,6.0,2.3500000000000005,5.8500000000000005,-3.6499999999999995,0.0
0.35,6.0,4.0,13.0,9.0,0.0,cash_out,cash_out,6.0,-4.0,6.0,1.8500000000000005,5.8500000000000005,-4.1499999999999995,0.0
0.35,6.5,0.0,13.0,9.0,0.0,cash_out,cash_out,6.5,0.0,6.5,5.8500000000000005,5.8500000000000005,-0.6499999999999995,0.0
0.35,6.5,0.5,13.0,9.0,0.0,cash_out,cash_out,6.5,-0.5,6.5,5.3500000000000005,5.8500000000000005,-1.1499999999999995,0.0
0.35,6.5,1.0,13.0,9.0,0.0,cash_out,cash_out,6.5,-1.0,6.5,4.8500000000000005,5.8500000000000005,-1.6499999999999995,0.0
0.35,6.5,1.5,13.0,9.0,0.0,cash_out,cash_out,6.5,-1.5,6.5,4.3500000000000005,5.8500000000000005,-2.1499999999999995,0.0
0.35,6.5,2.0,13.0,9.0,0.0,cash_out,cash_out,6.5,-2.0,6.5,3.8500000000000005,5.8500000000000005,-2.6499999999999995,0.0
0.35,6.5,2.5,13.0,9.0,0.0,cash_out,cash_out,6.5,-2.5,6.5,3.3500000000000005,5.8500000000000005,-3.1499999999999995,0.0
0.35,6.5,3.0,13.0,9.0,0.0,cash_out,cash_out,6.5,-3.0,6.5,2.8500000000000005,5.8500000000000005,-3.6499999999999995,0.0
0.35,6.5,3.5,13.0,9.0,0.0,cash_out,cash_out,6.5,-3.5,6.5,2.3500000000000005,5.8500000000000005,-4.1499999999999995,0.0
0.35,6.5,4.0,13.0,9.0,0.0,cash_out,cash_out,6.5,-4.0,6.5,1.8500000000000005,5.8500000000000005,-4.6499999999999995,0.0
0.35,7.0,0.0,13.0,9.0,0.0,cash_out,cash_out,7.0,0.0,7.0,5.8500000000000005,5.8500000000000005,-1.1499999999999995,0.0
0.35,7.0,0.5,13.0,9.0,0.0,cash_out,cash_out,7.0,-0.5,7.0,5.3500000000000005,5.8500000000000005,-1.6499999999999995,0.0
0.35,7.0,1.0,13.0,9.0,0.0,cash_out,cash_out,7.0,-1.0,7.0,4.8500000000000005,5.8500000000000005,-2.1499999999999995,0.0
0.35,7.0,1.5,13.0,9.0,0.0,cash_out,cash_out,7.0,-1.5,7.0,4.3500000000000005,5.8500000000000005,-2.6499999999999995,0.0
0.35,7.0,2.0,13.0,9.0,0.0,cash_out,cash_out,7.0,-2.0,7.0,3.8500000000000005,5.8500000000000005,-3.1499999999999995,0.0
0.35,7.0,2.5,13.0,9.0,0.0,cash_out,cash_out,7.0,-2.5,7.0,3.3500000000000005,5.8500000000000005,-3.6499999999999995,0.0
0.35,7.0,3.0,13.0,9.0,0.0,cash_out,cash_out,7.0,-3.0,7.0,2.8500000000000005,5.8500000000000005,-4.1499999999999995,0.0
0.35,7.0,3.5,13.0,9.0,0.0,cash_out,cash_out,7.0,-3.5,7.0,2.3500000000000005,5.8500000000000005,-4.6499999999999995,0.0
0.35,7.0,4.0,13.0,9.0,0.0,cash_out,cash_out,7.0,-4.0,7.0,1.8500000000000005,5.8500000000000005,-5.1499999999999995,0.0
0.35,7.5,0.0,13.0,9.0,0.0,cash_out,cash_out,7.5,0.0,7.5,5.8500000000000005,5.8500000000000005,-1.6499999999999995,0.0
0.35,7.5,0.5,13.0,9.0,0.0,cash_out,cash_out,7.5,-0.5,7.5,5.3500000000000005,5.8500000000000005,-2.1499999999999995,0.0
0.35,7.5,1.0,13.0,9.0,0.0,cash_out,cash_out,7.5,-1.0,7.5,4.8500000000000005,5.8500000000000005,-2.6499999999999995,0.0
0.35,7.5,1.5,13.0,9.0,0.0,cash_out,cash_out,7.5,-1.5,7.5,4.3500000000000005,5.8500000000000005,-3.1499999999999995,0.0
0.35,7.5,2.0,13.0,9.0,0.0,cash_out,cash_out,7.5,-2.0,7.5,3.8500000000000005,5.8500000000000005,-3.6499999999999995,0.0
0.35,7.5,2.5,13.0,9.0,0.0,cash_out,cash_out,7.5,-2.5,7.5,3.3500000000000005,5.8500000000000005,-4.1499999999999995,0.0
0.35,7.5,3.0,13.0,9.0,0.0,cash_out,cash_out,7.5,-3.0,7.5,2.8500000000000005,5.8500000000000005,-4.6499999999999995,0.0
0.35,7.5,3.5,13.0,9.0,0.0,cash_out,cash_out,7.5,-3.5,7.5,2.3500000000000005,5.8500000000000005,-5.1499999999999995,0.0
0.35,7.5,4.0,13.0,9.0,0.0,cash_out,cash_out,7.5,-4.0,7.5,1.8500000000000005,5.8500000000000005,-5.6499999999999995,0.0
0.35,8.0,0.0,13.0,9.0,0.0,cash_out,cash_out,8.0,0.0,8.0,5.8500000000000005,5.8500000000000005,-2.1499999999999995,0.0
0.35,8.0,0.5,13.0,9.0,0.0,cash_out,cash_out,8.0,-0.5,8.0,5.3500000000000005,5.8500000000000005,-2.6499999999999995,0.0
0.35,8.0,1.0,13.0,9.0,0.0,cash_out,cash_out,8.0,-1.0,8.0,4.8500000000000005,5.8500000000000005,-3.1499999999999995,0.0
0.35,8.0,1.5,13.0,9.0,0.0,cash_out,cash_out,8.0,-1.5,8.0,4.3500000000000005,5.8500000000000005,-3.6499999999999995,0.0
0.35,8.0,2.0,13.0,9.0,0.0,cash_out,cash_out,8.0,-2.0,8.0,3.8500000000000005,5.8500000000000005,-4.1499999999999995,0.0
0.35,8.0,2.5,13.0,9.0,0.0,cash_out,cash_out,8.0,-2.5,8.0,3.3500000000000005,5.8500000000000005,-4.6499999999999995,0.0
0.35,8.0,3.0,13.0,9.0,0.0,cash_out,cash_out,8.0,-3.0,8.0,2.8500000000000005,5.8500000000000005,-5.1499999999999995,0.0
0.35,8.0,3.5,13.0,9.0,0.0,cash_out,cash_out,8.0,-3.5,8.0,2.3500000000000005,5.8500000000000005,-5.6499999999999995,0.0
0.35,8.0,4.0,13.0,9.0,0.0,cash_out,cash_out,8.0,-4.0,8.0,1.8500000000000005,5.8500000000000005,-6.1499999999999995,0.0
0.35,8.5,0.0,13.0,9.0,0.0,cash_out,cash_out,8.5,0.0,8.5,5.8500000000000005,5.8500000000000005,-2.6499999999999995,0.0
0.35,8.5,0.5,13.0,9.0,0.0,cash_out,cash_out,8.5,-0.5,8.5,5.3500000000000005,5.8500000000000005,-3.1499999999999995,0.0
0.35,8.5,1.0,13.0,9.0,0.0,cash_out,cash_out,8.5,-1.0,8.5,4.8500000000000005,5.8500000000000005,-3.6499999999999995,0.0
0.35,8.5,1.5,13.0,9.0,0.0,cash_out,cash_out,8.5,-1.5,8.5,4.3500000000000005,5.8500000000000005,-4.1499999999999995,0.0
0.35,8.5,2.0,13.0,9.0,0.0,cash_out,cash_out,8.5,-2.0,8.5,3.8500000000000005,5.8500000000000005,-4.6499999999999995,0.0
0.35,8.5,2.5,13.0,9.0,0.0,cash_out,cash_out,8.5,-2.5,8.5,3.3500000000000005,5.8500000000000005,-5.1499999999999995,0.0
0.35,8.5,3.0,13.0,9.0,0.0,cash_out,cash_out,8.5,-3.0,8.5,2.8500000000000005,5.8500000000000005,-5.6499999999999995,0.0
0.35,8.5,3.5,13.0,9.0,0.0,cash_out,cash_out,8.5,-3.5,8.5,2.3500000000000005,5.8500000000000005,-6.1499999999999995,0.0
0.35,8.5,4.0,13.0,9.0,0.0,cash_out,cash_out,8.5,-4.0,8.5,1.8500000000000005,5.8500000000000005,-6.6499999999999995,0.0
0.35,9.0,0.0,13.0,9.0,0.0,cash_out,cash_out,9.0,0.0,9.0,5.8500000000000005,5.8500000000000005,-3.1499999999999995,0.0
0.35,9.0,0.5,13.0,9.0,0.0,cash_out,cash_out,9.0,-0.5,9.0,5.3500000000000005,5.8500000000000005,-3.6499999999999995,0.0
0.35,9.0,1.0,13.0,9.0,0.0,cash_out,cash_out,9.0,-1.0,9.0,4.8500000000000005,5.8500000000000005,-4.1499999999999995,0.0
0.35,9.0,1.5,13.0,9.0,0.0,cash_out,cash_out,9.0,-1.5,9.0,4.3500000000000005,5.8500000000000005,-4.6499999999999995,0.0
0.35,9.0,2.0,13.0,9.0,0.0,cash_out,cash_out,9.0,-2.0,9.0,3.8500000000000005,5.8500000000000005,-5.1499999999999995,0.0
0.35,9.0,2.5,13.0,9.0,0.0,cash_out,cash_out,9.0,-2.5,9.0,3.3500000000000005,5.8500000000000005,-5.6499999999999995,0.0
0.35,9.0,3.0,13.0,9.0,0.0,cash_out,cash_out,9.0,-3.0,9.0,2.8500000000000005,5.8500000000000005,-6.1499999999999995,0.0
0.35,9.0,3.5,13.0,9.0,0.0,cash_out,cash_out,9.0,-3.5,9.0,2.3500000000000005,5.8500000000000005,-6.6499999999999995,0.0
0.35,9.0,4.0,13.0,9.0,0.0,cash_out,cash_out,9.0,-4.0,9.0,1.8500000000000005,5.8500000000000005,-7.1499999999999995,0.0
0.35,9.5,0.0,13.0,9.0,0.0,cash_out,cash_out,9.5,0.0,9.5,5.8500000000000005,5.8500000000000005,-3.6499999999999995,0.0
0.35,9.5,0.5,13.0,9.0,0.0,cash_out,cash_out,9.5,-0.5,9.5,5.3500000000000005,5.8500000000000005,-4.1499999999999995,0.0
0.35,9.5,1.0,13.0,9.0,0.0,cash_out,cash_out,9.5,-1.0,9.5,4.8500000000000005,5.8500000000000005,-4.6499999999999995,0.0
0.35,9.5,1.5,13.0,9.0,0.0,cash_out,cash_out,9.5,-1.5,9.5,4.3500000000000005,5.8500000000000005,-5.1499999999999995,0.0
0.35,9.5,2.0,13.0,9.0,0.0,cash_out,cash_out,9.5,-2.0,9.5,3.8500000000000005,5.8500000000000005,-5.6499999999999995,0.0
0.35,9.5,2.5,13.0,9.0,0.0,cash_out,cash_out,9.5,-2.5,9.5,3.3500000000000005,5.8500000000000005,-6.1499999999999995,0.0
0.35,9.5,3.0,13.0,9.0,0.0,cash_out,cash_out,9.5,-3.0,9.5,2.8500000000000005,5.8500000000000005,-6.6499999999999995,0.0
0.35,9.5,3.5,13.0,9.0,0.0,cash_out,cash_out,9.5,-3.5,9.5,2.3500000000000005,5.8500000000000005,-7.1499999999999995,0.0
0.35,9.5,4.0,13.0,9.0,0.0,cash_out,cash_out,9.5,-4.0,9.5,1.8500000000000005,5.8500000000000005,-7.6499999999999995,0.0
0.35,10.0,0.0,13.0,9.0,0.0,cash_out,cash_out,10.0,0.0,10.0,5.8500000000000005,5.8500000000000005,-4.1499999999999995,0.0
0.35,10.0,0.5,13.0,9.0,0.0,cash_out,cash_out,10.0,-0.5,10.0,5.3500000000000005,5.8500000000000005,-4.6499999999999995,0.0
0.35,10.0,1.0,13.0,9.0,0.0,cash_out,cash_out,10.0,-1.0,10.0,4.8500000000000005,5.8500000000000005,-5.1499999999999995,0.0
0.35,10.0,1.5,13.0,9.0,0.0,cash_out,cash_out,10.0,-1.5,10.0,4.3500000000000005,5.8500000000000005,-5.6499999999999995,0.0
0.35,10.0,2.0,13.0,9.0,0.0,cash_out,cash_out,10.0,-2.0,10.0,3.8500000000000005,5.8500000000000005,-6.1499999999999995,0.0
0.35,10.0,2.5,13.0,9.0,0.0,cash_out,cash_out,10.0,-2.5,10.0,3.3500000000000005,5.8500000000000005,-6.6499999999999995,0.0
0.35,10.0,3.0,13.0,9.0,0.0,cash_out,cash_out,10.0,-3.0,10.0,2.8500000000000005,5.8500000000000005,-7.1499999999999995,0.0
0.35,10.0,3.5,13.0,9.0,0.0,cash_out,cash_out,10.0,-3.5,10.0,2.3500000000000005,5.8500000000000005,-7.6499999999999995,0.0
0.35,10.0,4.0,13.0,9.0,0.0,cash_out,cash_out,10.0,-4.0,10.0,1.8500000000000005,5.8500000000000005,-8.149999999999999,0.0
0.35,10.5,0.0,13.0,9.0,0.0,cash_out,cash_out,10.5,0.0,10.5,5.8500000000000005,5.8500000000000005,-4.6499999999999995,0.0
0.35,10.5,0.5,13.0,9.0,0.0,cash_out,cash_out,10.5,-0.5,10.5,5.3500000000000005,5.8500000000000005,-5.1499999999999995,0.0
0.35,10.5,1.0,13.0,9.0,0.0,cash_out,cash_out,10.5,-1.0,10.5,4.8500000000000005,5.8500000000000005,-5.6499999999999995,0.0
0.35,10.5,1.5,13.0,9.0,0.0,cash_out,cash_out,10.5,-1.5,10.5,4.3500000000000005,5.8500000000000005,-6.1499999999999995,0.0
0.35,10.5,2.0,13.0,9.0,0.0,cash_out,cash_out,10.5,-2.0,10.5,3.8500000000000005,5.8500000000000005,-6.6499999999999995,0.0
0.35,10.5,2.5,13.0,9.0,0.0,cash_out,cash_out,10.5,-2.5,10.5,3.3500000000000005,5.8500000000000005,-7.1499999999999995,0.0
0.35,10.5,3.0,13.0,9.0,0.0,cash_out,cash_out,10.5,-3.0,10.5,2.8500000000000005,5.8500000000000005,-7.6499999999999995,0.0
0.35,10.5,3.5,13.0,9.0,0.0,cash_out,cash_out,10.5,-3.5,10.5,2.3500000000000005,5.8500000000000005,-8.149999999999999,0.0
0.35,10.5,4.0,13.0,9.0,0.0,cash_out,cash_out,10.5,-4.0,10.5,1.8500000000000005,5.8500000000000005,-8.649999999999999,0.0
0.35,11.0,0.0,13.0,9.0,0.0,cash_out,cash_out,11.0,0.0,11.0,5.8500000000000005,5.8500000000000005,-5.1499999999999995,0.0
0.35,11.0,0.5,13.0,9.0,0.0,cash_out,cash_out,11.0,-0.5,11.0,5.3500000000000005,5.8500000000000005,-5.6499999999999995,0.0
0.35,11.0,1.0,13.0,9.0,0.0,cash_out,cash_out,11.0,-1.0,11.0,4.8500000000000005,5.8500000000000005,-6.1499999999999995,0.0
0.35,11.0,1.5,13.0,9.0,0.0,cash_out,cash_out,11.0,-1.5,11.0,4.3500000000000005,5.8500000000000005,-6.6499999999999995,0.0
0.35,11.0,2.0,13.0,9.0,0.0,cash_out,cash_out,11.0,-2.0,11.0,3.8500000000000005,5.8500000000000005,-7.1499999999999995,0.0
0.35,11.0,2.5,13.0,9.0,0.0,cash_out,cash_out,11.0,-2.5,11.0,3.3500000000000005,5.8500000000000005,-7.6499999999999995,0.0
0.35,11.0,3.0,13.0,9.0,0.0,cash_out,cash_out,11.0,-3.0,11.0,2.8500000000000005,5.8500000000000005,-8.149999999999999,0.0
0.35,11.0,3.5,13.0,9.0,0.0,cash_out,cash_out,11.0,-3.5,11.0,2.3500000000000005,5.8500000000000005,-8.649999999999999,0.0
0.35,11.0,4.0,13.0,9.0,0.0,cash_out,cash_out,11.0,-4.0,11.0,1.8500000000000005,5.8500000000000005,-9.149999999999999,0.0
0.35,11.5,0.0,13.0,9.0,0.0,cash_out,cash_out,11.5,0.0,11.5,5.8500000000000005,5.8500000000000005,-5.6499999999999995,0.0
0.35,11.5,0.5,13.0,9.0,0.0,cash_out,cash_out,11.5,-0.5,11.5,5.3500000000000005,5.8500000000000005,-6.1499999999999995,0.0
0.35,11.5,1.0,13.0,9.0,0.0,cash_out,cash_out,11.5,-1.0,11.5,4.8500000000000005,5.8500000000000005,-6.6499999999999995,0.0
0.35,11.5,1.5,13.0,9.0,0.0,cash_out,cash_out,11.5,-1.5,11.5,4.3500000000000005,5.8500000000000005,-7.1499999999999995,0.0
0.35,11.5,2.0,13.0,9.0,0.0,cash_out,cash_out,11.5,-2.0,11.5,3.8500000000000005,5.8500000000000005,-7.6499999999999995,0.0
0.35,11.5,2.5,13.0,9.0,0.0,cash_out,cash_out,11.5,-2.5,11.5,3.3500000000000005,5.8500000000000005,-8.149999999999999,0.0
0.35,11.5,3.0,13.0,9.0,0.0,cash_out,cash_out,11.5,-3.0,11.5,2.8500000000000005,5.8500000000000005,-8.649999999999999,0.0
0.35,11.5,3.5,13.0,9.0,0.0,cash_out,cash_out,11.5,-3.5,11.5,2.3500000000000005,5.8500000000000005,-9.149999999999999,0.0
0.35,11.5,4.0,13.0,9.0,0.0,cash_out,cash_out,11.5,-4.0,11.5,1.8500000000000005,5.8500000000000005,-9.649999999999999,0.0
0.35,12.0,0.0,13.0,9.0,0.0,cash_out,cash_out,12.0,0.0,12.0,5.8500000000000005,5.8500000000000005,-6.1499999999999995,0.0
0.35,12.0,0.5,13.0,9.0,0.0,cash_out,cash_out,12.0,-0.5,12.0,5.3500000000000005,5.8500000000000005,-6.6499999999999995,0.0
0.35,12.0,1.0,13.0,9.0,0.0,cash_out,cash_out,12.0,-1.0,12.0,4.8500000000000005,5.8500000000000005,-7.1499999999999995,0.0
0.35,12.0,1.5,13.0,9.0,0.0,cash_out,cash_out,12.0,-1.5,12.0,4.3500000000000005,5.8500000000000005,-7.6499999999999995,0.0
0.35,12.0,2.0,13.0,9.0,0.0,cash_out,cash_out,12.0,-2.0,12.0,3.8500000000000005,5.8500000000000005,-8.149999999999999,0.0
0.35,12.0,2.5,13.0,9.0,0.0,cash_out,cash_out,12.0,-2.5,12.0,3.3500000000000005,5.8500000000000005,-8.649999999999999,0.0
0.35,12.0,3.0,13.0,9.0,0.0,cash_out,cash_out,12.0,-3.0,12.0,2.8500000000000005,5.8500000000000005,-9.149999999999999,0.0
0.35,12.0,3.5,13.0,9.0,0.0,cash_out,cash_out,12.0,-3.5,12.0,2.3500000000000005,5.8500000000000005,-9.649999999999999,0.0
0.35,12.0,4.0,13.0,9.0,0.0,cash_out,cash_out,12.0,-4.0,12.0,1.8500000000000005,5.8500000000000005,-10.149999999999999,0.0
0.35,12.5,0.0,13.0,9.0,0.0,cash_out,cash_out,12.5,0.0,12.5,5.8500000000000005,5.8500000000000005,-6.6499999999999995,0.0
0.35,12.5,0.5,13.0,9.0,0.0,cash_out,cash_out,12.5,-0.5,12.5,5.3500000000000005,5.8500000000000005,-7.1499999999999995,0.0
0.35,12.5,1.0,13.0,9.0,0.0,cash_out,cash_out,12.5,-1.0,12.5,4.8500000000000005,5.8500000000000005,-7.6499999999999995,0.0
0.35,12.5,1.5,13.0,9.0,0.0,cash_out,cash_out,12.5,-1.5,12.5,4.3500000000000005,5.8500000000000005,-8.149999999999999,0.0
0.35,12.5,2.0,13.0,9.0,0.0,cash_out,cash_out,12.5,-2.0,12.5,3.8500000000000005,5.8500000000000005,-8.649999999999999,0.0
0.35,12.5,2.5,13.0,9.0,0.0,cash_out,cash_out,12.5,-2.5,12.5,3.3500000000000005,5.8500000000000005,-9.149999999999999,0.0
0.35,12.5,3.0,13.0,9.0,0.0,cash_out,cash_out,12.5,-3.0,12.5,2.8500000000000005,5.8500000000000005,-9.649999999999999,0.0
0.35,12.5,3.5,13.0,9.0,0.0,cash_out,cash_out,12.5,-3.5,12.5,2.3500000000000005,5.8500000000000005,-10.149999999999999,0.0
0.35,12.5,4.0,13.0,9.0,0.0,cash_out,cash_out,12.5,-4.0,12.5,1.8500000000000005,5.8500000000000005,-10.649999999999999,0.0
0.35,13.0,0.0,13.0,9.0,0.0,cash_out,cash_out,13.0,0.0,13.0,5.8500000000000005,5.8500000000000005,-7.1499999999999995,0.0
0.35,13.0,0.5,13.0,9.0,0.0,cash_out,cash_out,13.0,-0.5,13.0,5.3500000000000005,5.8500000000000005,-7.6499999999999995,0.0
0.35,13.0,1.0,13.0,9.0,0.0,cash_out,cash_out,13.0,-1.0,13.0,4.8500000000000005,5.8500000000000005,-8.149999999999999,0.0
0.35,13.0,1.5,13.0,9.0,0.0,cash_out,cash_out,13.0,-1.5,13.0,4.3500000000000005,5.8500000000000005,-8.649999999999999,0.0
0.35,13.0,2.0,13.0,9.0,0.0,cash_out,cash_out,13.0,-2.0,13.0,3.8500000000000005,5.8500000000000005,-9.149999999999999,0.0
0.35,13.0,2.5,13.0,9.0,0.0,cash_out,cash_out,13.0,-2.5,13.0,3.3500000000000005,5.8500000000000005,-9.649999999999999,0.0
0.35,13.0,3.0,13.0,9.0,0.0,cash_out,cash_out,13.0,-3.0,13.0,2.8500000000000005,5.8500000000000005,-10.149999999999999,0.0
0.35,13.0,3.5,13.0,9.0,0.0,cash_out,cash_out,13.0,-3.5,13.0,2.3500000000000005,5.8500000000000005,-10.649999999999999,0.0
0.35,13.0,4.0,13.0,9.0,0.0,cash_out,cash_out,13.0,-4.0,13.0,1.8500000000000005,5.8500000000000005,-11.149999999999999,0.0
0.35,13.5,0.0,13.0,9.0,0.0,cash_out,cash_out,13.5,0.0,13.5,5.8500000000000005,5.8500000000000005,-7.6499999999999995,0.0
0.35,13.5,0.5,13.0,9.0,0.0,cash_out,cash_out,13.5,-0.5,13.5,5.3500000000000005,5.8500000000000005,-8.149999999999999,0.0
0.35,13.5,1.0,13.0,9.0,0.0,cash_out,cash_out,13.5,-1.0,13.5,4.8500000000000005,5.8500000000000005,-8.649999999999999,0.0
0.35,13.5,1.5,13.0,9.0,0.0,cash_out,cash_out,13.5,-1.5,13.5,4.3500000000000005,5.8500000000000005,-9.149999999999999,0.0
0.35,13.5,2.0,13.0,9.0,0.0,cash_out,cash_out,13.5,-2.0,13.5,3.8500000000000005,5.8500000000000005,-9.649999999999999,0.0
0.35,13.5,2.5,13.0,9.0,0.0,cash_out,cash_out,13.5,-2.5,13.5,3.3500000000000005,5.8500000000000005,-10.149999999999999,0.0
0.35,13.5,3.0,13.0,9.0,0.0,cash_out,cash_out,13.5,-3.0,13.5,2.8500000000000005,5.8500000000000005,-10.649999999999999,0.0
0.35,13.5,3.5,13.0,9.0,0.0,cash_out,cash_out,13.5,-3.5,13.5,2.3500000000000005,5.8500000000000005,-11.149999999999999,0.0
0.35,13.5,4.0,13.0,9.0,0.0,cash_out,cash_out,13.5,-4.0,13.5,1.8500000000000005,5.8500000000000005,-11.649999999999999,0.0
0.35,14.0,0.0,13.0,9.0,0.0,cash_out,cash_out,14.0,0.0,14.0,5.8500000000000005,5.8500000000000005,-8.149999999999999,0.0
0.35,14.0,0.5,13.0,9.0,0.0,cash_out,cash_out,14.0,-0.5,14.0,5.3500000000000005,5.8500000000000005,-8.649999999999999,0.0
0.35,14.0,1.0,13.0,9.0,0.0,cash_out,cash_out,14.0,-1.0,14.0,4.8500000000000005,5.8500000000000005,-9.149999999999999,0.0
0.35,14.0,1.5,13.0,9.0,0.0,cash_out,cash_out,14.0,-1.5,14.0,4.3500000000000005,5.8500000000000005,-9.649999999999999,0.0
0.35,14.0,2.0,13.0,9.0,0.0,cash_out,cash_out,14.0,-2.0,14.0,3.8500000000000005,5.8500000000000005,-10.149999999999999,0.0
0.35,14.0,2.5,13.0,9.0,0.0,cash_out,cash_out,14.0,-2.5,14.0,3.3500000000000005,5.8500000000000005,-10.649999999999999,0.0
0.35,14.0,3.0,13.0,9.0,0.0,cash_out,cash_out,14.0,-3.0,14.0,2.8500000000000005,5.8500000000000005,-11.149999999999999,0.0
0.35,14.0,3.5,13.0,9.0,0.0,cash_out,cash_out,14.0,-3.5,14.0,2.3500000000000005,5.8500000000000005,-11.649999999999999,0.0
0.35,14.0,4.0,13.0,9.0,0.0,cash_out,cash_out,14.0,-4.0,14.0,1.8500000000000005,5.8500000000000005,-12.149999999999999,0.0
0.35,14.5,0.0,13.0,9.0,0.0,cash_out,cash_out,14.5,0.0,14.5,5.8500000000000005,5.8500000000000005,-8.649999999999999,0.0
0.35,14.5,0.5,13.0,9.0,0.0,cash_out,cash_out,14.5,-0.5,14.5,5.3500000000000005,5.8500000000000005,-9.149999999999999,0.0
0.35,14.5,1.0,13.0,9.0,0.0,cash_out,cash_out,14.5,-1.0,14.5,4.8500000000000005,5.8500000000000005,-9.649999999999999,0.0
0.35,14.5,1.5,13.0,9.0,0.0,cash_out,cash_out,14.5,-1.5,14.5,4.3500000000000005,5.8500000000000005,-10.149999999999999,0.0
0.35,14.5,2.0,13.0,9.0,0.0,cash_out,cash_out,14.5,-2.0,14.5,3.8500000000000005,5.8500000000000005,-10.649999999999999,0.0
0.35,14.5,2.5,13.0,9.0,0.0,cash_out,cash_out,14.5,-2.5,14.5,3.3500000000000005,5.8500000000000005,-11.149999999999999,0.0
0.35,14.5,3.0,13.0,9.0,0.0,cash_out,cash_out,14.5,-3.0,14.5,2.8500000000000005,5.8500000000000005,-11.649999999999999,0.0
0.35,14.5,3.5,13.0,9.0,0.0,cash_out,cash_out,14.5,-3.5,14.5,2.3500000000000005,5.8500000000000005,-12.149999999999999,0.0
0.35,14.5,4.0,13.0,9.0,0.0,cash_out,cash_out,14.5,-4.0,14.5,1.8500000000000005,5.8500000000000005,-12.649999999999999,0.0
0.35,15.0,0.0,13.0,9.0,0.0,cash_out,cash_out,15.0,0.0,15.0,5.8500000000000005,5.8500000000000005,-9.149999999999999,0.0
0.35,15.0,0.5,13.0,9.0,0.0,cash_out,cash_out,15.0,-0.5,15.0,5.3500000000000005,5.8500000000000005,-9.649999999999999,0.0
0.35,15.0,1.0,13.0,9.0,0.0,cash_out,cash_out,15.0,-1.0,15.0,4.8500000000000005,5.8500000000000005,-10.149999999999999,0.0
0.35,15.0,1.5,13.0,9.0,0.0,cash_out,cash_out,15.0,-1.5,15.0,4.3500000000000005,5.8500000000000005,-10.649999999999999,0.0
0.35,15.0,2.0,13.0,9.0,0.0,cash_out,cash_out,15.0,-2.0,15.0,3.8500000000000005,5.8500000000000005,-11.149999999999999,0.0
0.35,15.0,2.5,13.0,9.0,0.0,cash_out,cash_out,15.0,-2.5,15.0,3.3500000000000005,5.8500000000000005,-11.649999999999999,0.0
0.35,15.0,3.0,13.0,9.0,0.0,cash_out,cash_out,15.0,-3.0,15.0,2.8500000000000005,5.8500000000000005,-12.149999999999999,0.0
0.35,15.0,3.5,13.0,9.0,0.0,cash_out,cash_out,15.0,-3.5,15.0,2.3500000000000005,5.8500000000000005,-12.649999999999999,0.0
0.35,15.0,4.0,13.0,9.0,0.0,cash_out,cash_out,15.0,-4.0,15.0,1.8500000000000005,5.8500000000000005,-13.149999999999999,0.0
0.35,15.5,0.0,13.0,9.0,0.0,cash_out,cash_out,15.5,0.0,15.5,5.8500000000000005,5.8500000000000005,-9.649999999999999,0.0
0.35,15.5,0.5,13.0,9.0,0.0,cash_out,cash_out,15.5,-0.5,15.5,5.3500000000000005,5.8500000000000005,-10.149999999999999,0.0
0.35,15.5,1.0,13.0,9.0,0.0,cash_out,cash_out,15.5,-1.0,15.5,4.8500000000000005,5.8500000000000005,-10.649999999999999,0.0
0.35,15.5,1.5,13.0,9.0,0.0,cash_out,cash_out,15.5,-1.5,15.5,4.3500000000000005,5.8500000000000005,-11.149999999999999,0.0
0.35,15.5,2.0,13.0,9.0,0.0,cash_out,cash_out,15.5,-2.0,15.5,3.8500000000000005,5.8500000000000005,-11.649999999999999,0.0
0.35,15.5,2.5,13.0,9.0,0.0,cash_out,cash_out,15.5,-2.5,15.5,3.3500000000000005,5.8500000000000005,-12.149999999999999,0.0
0.35,15.5,3.0,13.0,9.0,0.0,cash_out,cash_out,15.5,-3.0,15.5,2.8500000000000005,5.8500000000000005,-12.649999999999999,0.0
0.35,15.5,3.5,13.0,9.0,0.0,cash_out,cash_out,15.5,-3.5,15.5,2.3500000000000005,5.8500000000000005,-13.149999999999999,0.0
0.35,15.5,4.0,13.0,9.0,0.0,cash_out,cash_out,15.5,-4.0,15.5,1.8500000000000005,5.8500000000000005,-13.649999999999999,0.0
0.35,16.0,0.0,13.0,9.0,0.0,cash_out,cash_out,16.0,0.0,16.0,5.8500000000000005,5.8500000000000005,-10.149999999999999,0.0
0.35,16.0,0.5,13.0,9.0,0.0,cash_out,cash_out,16.0,-0.5,16.0,5.3500000000000005,5.8500000000000005,-10.649999999999999,0.0
0.35,16.0,1.0,13.0,9.0,0.0,cash_out,cash_out,16.0,-1.0,16.0,4.8500000000000005,5.8500000000000005,-11.149999999999999,0.0
0.35,16.0,1.5,13.0,9.0,0.0,cash_out,cash_out,16.0,-1.5,16.0,4.3500000000000005,5.8500000000000005,-11.649999999999999,0.0
0.35,16.0,2.0,13.0,9.0,0.0,cash_out,cash_out,16.0,-2.0,16.0,3.8500000000000005,5.8500000000000005,-12.149999999999999,0.0
0.35,16.0,2.5,13.0,9.0,0.0,cash_out,cash_out,16.0,-2.5,16.0,3.3500000000000005,5.8500000000000005,-12.649999999999999,0.0
0.35,16.0,3.0,13.0,9.0,0.0,cash_out,cash_out,16.0,-3.0,16.0,2.8500000000000005,5.8500000000000005,-13.149999999999999,0.0
0.35,16.0,3.5,13.0,9.0,0.0,cash_out,cash_out,16.0,-3.5,16.0,2.3500000000000005,5.8500000000000005,-13.649999999999999,0.0
0.35,16.0,4.0,13.0,9.0,0.0,cash_out,cash_out,16.0,-4.0,16.0,1.8500000000000005,5.8500000000000005,-14.149999999999999,0.0
0.35,16.5,0.0,13.0,9.0,0.0,cash_out,cash_out,16.5,0.0,16.5,5.8500000000000005,5.8500000000000005,-10.649999999999999,0.0
0.35,16.5,0.5,13.0,9.0,0.0,cash_out,cash_out,16.5,-0.5,16.5,5.3500000000000005,5.8500000000000005,-11.149999999999999,0.0
0.35,16.5,1.0,13.0,9.0,0.0,cash_out,cash_out,16.5,-1.0,16.5,4.8500000000000005,5.8500000000000005,-11.649999999999999,0.0
0.35,16.5,1.5,13.0,9.0,0.0,cash_out,cash_out,16.5,-1.5,16.5,4.3500000000000005,5.8500000000000005,-12.149999999999999,0.0
0.35,16.5,2.0,13.0,9.0,0.0,cash_out,cash_out,16.5,-2.0,16.5,3.8500000000000005,5.8500000000000005,-12.649999999999999,0.0
0.35,16.5,2.5,13.0,9.0,0.0,cash_out,cash_out,16.5,-2.5,16.5,3.3500000000000005,5.8500000000000005,-13.149999999999999,0.0
0.35,16.5,3.0,13.0,9.0,0.0,cash_out,cash_out,16.5,-3.0,16.5,2.8500000000000005,5.8500000000000005,-13.649999999999999,0.0
0.35,16.5,3.5,13.0,9.0,0.0,cash_out,cash_out,16.5,-3.5,16.5,2.3500000000000005,5.8500000000000005,-14.149999999999999,0.0
0.35,16.5,4.0,13.0,9.0,0.0,cash_out,cash_out,16.5,-4.0,16.5,1.8500000000000005,5.8500000000000005,-14.649999999999999,0.0
0.35,17.0,0.0,13.0,9.0,0.0,cash_out,cash_out,17.0,0.0,17.0,5.8500000000000005,5.8500000000000005,-11.149999999999999,0.0
0.35,17.0,0.5,13.0,9.0,0.0,cash_out,cash_out,17.0,-0.5,17.0,5.3500000000000005,5.8500000000000005,-11.649999999999999,0.0
0.35,17.0,1.0,13.0,9.0,0.0,cash_out,cash_out,17.0,-1.0,17.0,4.8500000000000005,5.8500000000000005,-12.149999999999999,0.0
0.35,17.0,1.5,13.0,9.0,0.0,cash_out,cash_out,17.0,-1.5,17.0,4.3500000000000005,5.8500000000000005,-12.649999999999999,0.0
0.35,17.0,2.0,13.0,9.0,0.0,cash_out,cash_out,17.0,-2.0,17.0,3.8500000000000005,5.8500000000000005,-13.149999999999999,0.0
0.35,17.0,2.5,13.0,9.0,0.0,cash_out,cash_out,17.0,-2.5,17.0,3.3500000000000005,5.8500000000000005,-13.649999999999999,0.0
0.35,17.0,3.0,13.0,9.0,0.0,cash_out,cash_out,17.0,-3.0,17.0,2.8500000000000005,5.8500000000000005,-14.149999999999999,0.0
0.35,17.0,3.5,13.0,9.0,0.0,cash_out,cash_out,17.0,-3.5,17.0,2.3500000000000005,5.8500000000000005,-14.649999999999999,0.0
0.35,17.0,4.0,13.0,9.0,0.0,cash_out,cash_out,17.0,-4.0,17.0,1.8500000000000005,5.8500000000000005,-15.149999999999999,0.0
0.35,17.5,0.0,13.0,9.0,0.0,cash_out,cash_out,17.5,0.0,17.5,5.8500000000000005,5.8500000000000005,-11.649999999999999,0.0
0.35,17.5,0.5,13.0,9.0,0.0,cash_out,cash_out,17.5,-0.5,17.5,5.3500000000000005,5.8500000000000005,-12.149999999999999,0.0
0.35,17.5,1.0,13.0,9.0,0.0,cash_out,cash_out,17.5,-1.0,17.5,4.8500000000000005,5.8500000000000005,-12.649999999999999,0.0
0.35,17.5,1.5,13.0,9.0,0.0,cash_out,cash_out,17.5,-1.5,17.5,4.3500000000000005,5.8500000000000005,-13.149999999999999,0.0
0.35,17.5,2.0,13.0,9.0,0.0,cash_out,cash_out,17.5,-2.0,17.5,3.8500000000000005,5.8500000000000005,-13.649999999999999,0.0
0.35,17.5,2.5,13.0,9.0,0.0,cash_out,cash_out,17.5,-2.5,17.5,3.3500000000000005,5.8500000000000005,-14.149999999999999,0.0
0.35,17.5,3.0,13.0,9.0,0.0,cash_out,cash_out,17.5,-3.0,17.5,2.8500000000000005,5.8500000000000005,-14.649999999999999,0.0
0.35,17.5,3.5,13.0,9.0,0.0,cash_out,cash_out,17.5,-3.5,17.5,2.3500000000000005,5.8500000000000005,-15.149999999999999,0.0
0.35,17.5,4.0,13.0,9.0,0.0,cash_out,cash_out,17.5,-4.0,17.5,1.8500000000000005,5.8500000000000005,-15.649999999999999,0.0
0.35,18.0,0.0,13.0,9.0,0.0,cash_out,cash_out,18.0,0.0,18.0,5.8500000000000005,5.8500000000000005,-12.149999999999999,0.0
0.35,18.0,0.5,13.0,9.0,0.0,cash_out,cash_out,18.0,-0.5,18.0,5.3500000000000005,5.8500000000000005,-12.649999999999999,0.0
0.35,18.0,1.0,13.0,9.0,0.0,cash_out,cash_out,18.0,-1.0,18.0,4.8500000000000005,5.8500000000000005,-13.149999999999999,0.0
0.35,18.0,1.5,13.0,9.0,0.0,cash_out,cash_out,18.0,-1.5,18.0,4.3500000000000005,5.8500000000000005,-13.649999999999999,0.0
0.35,18.0,2.0,13.0,9.0,0.0,cash_out,cash_out,18.0,-2.0,18.0,3.8500000000000005,5.8500000000000005,-14.149999999999999,0.0
0.35,18.0,2.5,13.0,9.0,0.0,cash_out,cash_out,18.0,-2.5,18.0,3.3500000000000005,5.8500000000000005,-14.649999999999999,0.0
0.35,18.0,3.0,13.0,9.0,0.0,cash_out,cash_out,18.0,-3.0,18.0,2.8500000000000005,5.8500000000000005,-15.149999999999999,0.0
0.35,18.0,3.5,13.0,9.0,0.0,cash_out,cash_out,18.0,-3.5,18.0,2.3500000000000005,5.8500000000000005,-15.649999999999999,0.0
0.35,18.0,4.0,13.0,9.0,0.0,cash_out,cash_out,18.0,-4.0,18.0,1.8500000000000005,5.8500000000000005,-16.15,0.0
0.4,6.0,0.0,13.0,9.0,0.0,cash_out,cash_out,6.0,0.0,6.0,5.3999999999999995,5.3999999999999995,-0.6000000000000005,0.0
0.4,6.0,0.5,13.0,9.0,0.0,cash_out,cash_out,6.0,-0.5,6.0,4.8999999999999995,5.3999999999999995,-1.1000000000000005,0.0
0.4,6.0,1.0,13.0,9.0,0.0,cash_out,cash_out,6.0,-1.0,6.0,4.3999999999999995,5.3999999999999995,-1.6000000000000005,0.0
0.4,6.0,1.5,13.0,9.0,0.0,cash_out,cash_out,6.0,-1.5,6.0,3.8999999999999995,5.3999999999999995,-2.1000000000000005,0.0
0.4,6.0,2.0,13.0,9.0,0.0,cash_out,cash_out,6.0,-2.0,6.0,3.3999999999999995,5.3999999999999995,-2.6000000000000005,0.0
0.4,6.0,2.5,13.0,9.0,0.0,cash_out,cash_out,6.0,-2.5,6.0,2.8999999999999995,5.3999999999999995,-3.1000000000000005,0.0
0.4,6.0,3.0,13.0,9.0,0.0,cash_out,cash_out,6.0,-3.0,6.0,2.3999999999999995,5.3999999999999995,-3.6000000000000005,0.0
0.4,6.0,3.5,13.0,9.0,0.0,cash_out,cash_out,6.0,-3.5,6.0,1.8999999999999995,5.3999999999999995,-4.1000000000000005,0.0
0.4,6.0,4.0,13.0,9.0,0.0,cash_out,cash_out,6.0,-4.0,6.0,1.3999999999999995,5.3999999999999995,-4.6000000000000005,0.0
0.4,6.5,0.0,13.0,9.0,0.0,cash_out,cash_out,6.5,0.0,6.5,5.3999999999999995,5.3999999999999995,-1.1000000000000005,0.0
0.4,6.5,0.5,13.0,9.0,0.0,cash_out,cash_out,6.5,-0.5,6.5,4.8999999999999995,5.3999999999999995,-1.6000000000000005,0.0
0.4,6.5,1.0,13.0,9.0,0.0,cash_out,cash_out,6.5,-1.0,6.5,4.3999999999999995,5.3999999999999995,-2.1000000000000005,0.0
0.4,6.5,1.5,13.0,9.0,0.0,cash_out,cash_out,6.5,-1.5,6.5,3.8999999999999995,5.3999999999999995,-2.6000000000000005,0.0
0.4,6.5,2.0,13.0,9.0,0.0,cash_out,cash_out,6.5,-2.0,6.5,3.3999999999999995,5.3999999999999995,-3.1000000000000005,0.0
0.4,6.5,2.5,13.0,9.0,0.0,cash_out,cash_out,6.5,-2.5,6.5,2.8999999999999995,5.3999999999999995,-3.6000000000000005,0.0
0.4,6.5,3.0,13.0,9.0,0.0,cash_out,cash_out,6.5,-3.0,6.5,2.3999999999999995,5.3999999999999995,-4.1000000000000005,0.0
0.4,6.5,3.5,13.0,9.0,0.0,cash_out,cash_out,6.5,-3.5,6.5,1.8999999999999995,5.3999999999999995,-4.6000000000000005,0.0
0.4,6.5,4.0,13.0,9.0,0.0,cash_out,cash_out,6.5,-4.0,6.5,1.3999999999999995,5.3999999999999995,-5.1000000000000005,0.0
0.4,7.0,0.0,13.0,9.0,0.0,cash_out,cash_out,7.0,0.0,7.0,5.3999999999999995,5.3999999999999995,-1.6000000000000005,0.0
0.4,7.0,0.5,13.0,9.0,0.0,cash_out,cash_out,7.0,-0.5,7.0,4.8999999999999995,5.3999999999999995,-2.1000000000000005,0.0
0.4,7.0,1.0,13.0,9.0,0.0,cash_out,cash_out,7.0,-1.0,7.0,4.3999999999999995,5.3999999999999995,-2.6000000000000005,0.0
0.4,7.0,1.5,13.0,9.0,0.0,cash_out,cash_out,7.0,-1.5,7.0,3.8999999999999995,5.3999999999999995,-3.1000000000000005,0.0
0.4,7.0,2.0,13.0,9.0,0.0,cash_out,cash_out,7.0,-2.0,7.0,3.3999999999999995,5.3999999999999995,-3.6000000000000005,0.0
0.4,7.0,2.5,13.0,9.0,0.0,cash_out,cash_out,7.0,-2.5,7.0,2.8999999999999995,5.3999999999999995,-4.1000000000000005,0.0
0.4,7.0,3.0,13.0,9.0,0.0,cash_out,cash_out,7.0,-3.0,7.0,2.3999999999999995,5.3999999999999995,-4.6000000000000005,0.0
0.4,7.0,3.5,13.0,9.0,0.0,cash_out,cash_out,7.0,-3.5,7.0,1.8999999999999995,5.3999999999999995,-5.1000000000000005,0.0
0.4,7.0,4.0,13.0,9.0,0.0,cash_out,cash_out,7.0,-4.0,7.0,1.3999999999999995,5.3999999999999995,-5.6000000000000005,0.0
0.4,7.5,0.0,13.0,9.0,0.0,cash_out,cash_out,7.5,0.0,7.5,5.3999999999999995,5.3999999999999995,-2.1000000000000005,0.0
0.4,7.5,0.5,13.0,9.0,0.0,cash_out,cash_out,7.5,-0.5,7.5,4.8999999999999995,5.3999999999999995,-2.6000000000000005,0.0
0.4,7.5,1.0,13.0,9.0,0.0,cash_out,cash_out,7.5,-1.0,7.5,4.3999999999999995,5.3999999999999995,-3.1000000000000005,0.0
0.4,7.5,1.5,13.0,9.0,0.0,cash_out,cash_out,7.5,-1.5,7.5,3.8999999999999995,5.3999999999999995,-3.6000000000000005,0.0
0.4,7.5,2.0,13.0,9.0,0.0,cash_out,cash_out,7.5,-2.0,7.5,3.3999999999999995,5.3999999999999995,-4.1000000000000005,0.0
0.4,7.5,2.5,13.0,9.0,0.0,cash_out,cash_out,7.5,-2.5,7.5,2.8999999999999995,5.3999999999999995,-4.6000000000000005,0.0
0.4,7.5,3.0,13.0,9.0,0.0,cash_out,cash_out,7.5,-3.0,7.5,2.3999999999999995,5.3999999999999995,-5.1000000000000005,0.0
0.4,7.5,3.5,13.0,9.0,0.0,cash_out,cash_out,7.5,-3.5,7.5,1.8999999999999995,5.3999999999999995,-5.6000000000000005,0.0
0.4,7.5,4.0,13.0,9.0,0.0,cash_out,cash_out,7.5,-4.0,7.5,1.3999999999999995,5.3999999999999995,-6.1000000000000005,0.0
0.4,8.0,0.0,13.0,9.0,0.0,cash_out,cash_out,8.0,0.0,8.0,5.3999999999999995,5.3999999999999995,-2.6000000000000005,0.0
0.4,8.0,0.5,13.0,9.0,0.0,cash_out,cash_out,8.0,-0.5,8.0,4.8999999999999995,5.3999999999999995,-3.1000000000000005,0.0
0.4,8.0,1.0,13.0,9.0,0.0,cash_out,cash_out,8.0,-1.0,8.0,4.3999999999999995,5.3999999999999995,-3.6000000000000005,0.0
0.4,8.0,1.5,13.0,9.0,0.0,cash_out,cash_out,8.0,-1.5,8.0,3.8999999999999995,5.3999999999999995,-4.1000000000000005,0.0
0.4,8.0,2.0,13.0,9.0,0.0,cash_out,cash_out,8.0,-2.0,8.0,3.3999999999999995,5.3999999999999995,-4.6000000000000005,0.0
0.4,8.0,2.5,13.0,9.0,0.0,cash_out,cash_out,8.0,-2.5,8.0,2.8999999999999995,5.3999999999999995,-5.1000000000000005,0.0
0.4,8.0,3.0,13.0,9.0,0.0,cash_out,cash_out,8.0,-3.0,8.0,2.3999999999999995,5.3999999999999995,-5.6000000000000005,0.0
0.4,8.0,3.5,13.0,9.0,0.0,cash_out,cash_out,8.0,-3.5,8.0,1.8999999999999995,5.3999999999999995,-6.1000000000000005,0.0
0.4,8.0,4.0,13.0,9.0,0.0,cash_out,cash_out,8.0,-4.0,8.0,1.3999999999999995,5.3999999999999995,-6.6000000000000005,0.0
0.4,8.5,0.0,13.0,9.0,0.0,cash_out,cash_out,8.5,0.0,8.5,5.3999999999999995,5.3999999999999995,-3.1000000000000005,0.0
0.4,8.5,0.5,13.0,9.0,0.0,cash_out,cash_out,8.5,-0.5,8.5,4.8999999999999995,5.3999999999999995,-3.6000000000000005,0.0
0.4,8.5,1.0,13.0,9.0,0.0,cash_out,cash_out,8.5,-1.0,8.5,4.3999999999999995,5.3999999999999995,-4.1000000000000005,0.0
0.4,8.5,1.5,13.0,9.0,0.0,cash_out,cash_out,8.5,-1.5,8.5,3.8999999999999995,5.3999999999999995,-4.6000000000000005,0.0
0.4,8.5,2.0,13.0,9.0,0.0,cash_out,cash_out,8.5,-2.0,8.5,3.3999999999999995,5.3999999999999995,-5.1000000000000005,0.0
0.4,8.5,2.5,13.0,9.0,0.0,cash_out,cash_out,8.5,-2.5,8.5,2.8999999999999995,5.3999999999999995,-5.6000000000000005,0.0
0.4,8.5,3.0,13.0,9.0,0.0,cash_out,cash_out,8.5,-3.0,8.5,2.3999999999999995,5.3999999999999995,-6.1000000000000005,0.0
0.4,8.5,3.5,13.0,9.0,0.0,cash_out,cash_out,8.5,-3.5,8.5,1.8999999999999995,5.3999999999999995,-6.6000000000000005,0.0
0.4,8.5,4.0,13.0,9.0,0.0,cash_out,cash_out,8.5,-4.0,8.5,1.3999999999999995,5.3999999999999995,-7.1000000000000005,0.0
0.4,9.0,0.0,13.0,9.0,0.0,cash_out,cash_out,9.0,0.0,9.0,5.3999999999999995,5.3999999999999995,-3.6000000000000005,0.0
0.4,9.0,0.5,13.0,9.0,0.0,cash_out,cash_out,9.0,-0.5,9.0,4.8999999999999995,5.3999999999999995,-4.1000000000000005,0.0
0.4,9.0,1.0,13.0,9.0,0.0,cash_out,cash_out,9.0,-1.0,9.0,4.3999999999999995,5.3999999999999995,-4.6000000000000005,0.0
0.4,9.0,1.5,13.0,9.0,0.0,cash_out,cash_out,9.0,-1.5,9.0,3.8999999999999995,5.3999999999999995,-5.1000000000000005,0.0
0.4,9.0,2.0,13.0,9.0,0.0,cash_out,cash_out,9.0,-2.0,9.0,3.3999999999999995,5.3999999999999995,-5.6000000000000005,0.0
0.4,9.0,2.5,13.0,9.0,0.0,cash_out,cash_out,9.0,-2.5,9.0,2.8999999999999995,5.3999999999999995,-6.1000000000000005,0.0
0.4,9.0,3.0,13.0,9.0,0.0,cash_out,cash_out,9.0,-3.0,9.0,2.3999999999999995,5.3999999999999995,-6.6000000000000005,0.0
0.4,9.0,3.5,13.0,9.0,0.0,cash_out,cash_out,9.0,-3.5,9.0,1.8999999999999995,5.3999999999999995,-7.1000000000000005,0.0
0.4,9.0,4.0,13.0,9.0,0.0,cash_out,cash_out,9.0,-4.0,9.0,1.3999999999999995,5.3999999999999995,-7.6000000000000005,0.0
0.4,9.5,0.0,13.0,9.0,0.0,cash_out,cash_out,9.5,0.0,9.5,5.3999999999999995,5.3999999999999995,-4.1000000000000005,0.0
0.4,9.5,0.5,13.0,9.0,0.0,cash_out,cash_out,9.5,-0.5,9.5,4.8999999999999995,5.3999999999999995,-4.6000000000000005,0.0
0.4,9.5,1.0,13.0,9.0,0.0,cash_out,cash_out,9.5,-1.0,9.5,4.3999999999999995,5.3999999999999995,-5.1000000000000005,0.0
0.4,9.5,1.5,13.0,9.0,0.0,cash_out,cash_out,9.5,-1.5,9.5,3.8999999999999995,5.3999999999999995,-5.6000000000000005,0.0
0.4,9.5,2.0,13.0,9.0,0.0,cash_out,cash_out,9.5,-2.0,9.5,3.3999999999999995,5.3999999999999995,-6.1000000000000005,0.0
0.4,9.5,2.5,13.0,9.0,0.0,cash_out,cash_out,9.5,-2.5,9.5,2.8999999999999995,5.3999999999999995,-6.6000000000000005,0.0
0.4,9.5,3.0,13.0,9.0,0.0,cash_out,cash_out,9.5,-3.0,9.5,2.3999999999999995,5.3999999999999995,-7.1000000000000005,0.0
0.4,9.5,3.5,13.0,9.0,0.0,cash_out,cash_out,9.5,-3.5,9.5,1.8999999999999995,5.3999999999999995,-7.6000000000000005,0.0
0.4,9.5,4.0,13.0,9.0,0.0,cash_out,cash_out,9.5,-4.0,9.5,1.3999999999999995,5.3999999999999995,-8.100000000000001,0.0
0.4,10.0,0.0,13.0,9.0,0.0,cash_out,cash_out,10.0,0.0,10.0,5.3999999999999995,5.3999999999999995,-4.6000000000000005,0.0
0.4,10.0,0.5,13.0,9.0,0.0,cash_out,cash_out,10.0,-0.5,10.0,4.8999999999999995,5.3999999999999995,-5.1000000000000005,0.0
0.4,10.0,1.0,13.0,9.0,0.0,cash_out,cash_out,10.0,-1.0,10.0,4.3999999999999995,5.3999999999999995,-5.6000000000000005,0.0
0.4,10.0,1.5,13.0,9.0,0.0,cash_out,cash_out,10.0,-1.5,10.0,3.8999999999999995,5.3999999999999995,-6.1000000000000005,0.0
0.4,10.0,2.0,13.0,9.0,0.0,cash_out,cash_out,10.0,-2.0,10.0,3.3999999999999995,5.3999999999999995,-6.6000000000000005,0.0
0.4,10.0,2.5,13.0,9.0,0.0,cash_out,cash_out,10.0,-2.5,10.0,2.8999999999999995,5.3999999999999995,-7.1000000000000005,0.0
0.4,10.0,3.0,13.0,9.0,0.0,cash_out,cash_out,10.0,-3.0,10.0,2.3999999999999995,5.3999999999999995,-7.6000000000000005,0.0
0.4,10.0,3.5,13.0,9.0,0.0,cash_out,cash_out,10.0,-3.5,10.0,1.8999999999999995,5.3999999999999995,-8.100000000000001,0.0
0.4,10.0,4.0,13.0,9.0,0.0,cash_out,cash_out,10.0,-4.0,10.0,1.3999999999999995,5.3999999999999995,-8.600000000000001,0.0
0.4,10.5,0.0,13.0,9.0,0.0,cash_out,cash_out,10.5,0.0,10.5,5.3999999999999995,5.3999999999999995,-5.1000000000000005,0.0
0.4,10.5,0.5,13.0,9.0,0.0,cash_out,cash_out,10.5,-0.5,10.5,4.8999999999999995,5.3999999999999995,-5.6000000000000005,0.0
0.4,10.5,1.0,13.0,9.0,0.0,cash_out,cash_out,10.5,-1.0,10.5,4.3999999999999995,5.3999999999999995,-6.1000000000000005,0.0
0.4,10.5,1.5,13.0,9.0,0.0,cash_out,cash_out,10.5,-1.5,10.5,3.8999999999999995,5.3999999999999995,-6.6000000000000005,0.0
0.4,10.5,2.0,13.0,9.0,0.0,cash_out,cash_out,10.5,-2.0,10.5,3.3999999999999995,5.3999999999999995,-7.1000000000000005,0.0
0.4,10.5,2.5,13.0,9.0,0.0,cash_out,cash_out,10.5,-2.5,10.5,2.8999999999999995,5.3999999999999995,-7.6000000000000005,0.0
0.4,10.5,3.0,13.0,9.0,0.0,cash_out,cash_out,10.5,-3.0,10.5,2.3999999999999995,5.3999999999999995,-8.100000000000001,0.0
0.4,10.5,3.5,13.0,9.0,0.0,cash_out,cash_out,10.5,-3.5,10.5,1.8999999999999995,5.3999999999999995,-8.600000000000001,0.0
0.4,10.5,4.0,13.0,9.0,0.0,cash_out,cash_out,10.5,-4.0,10.5,1.3999999999999995,5.3999999999999995,-9.100000000000001,0.0
0.4,11.0,0.0,13.0,9.0,0.0,cash_out,cash_out,11.0,0.0,11.0,5.3999999999999995,5.3999999999999995,-5.6000000000000005,0.0
0.4,11.0,0.5,13.0,9.0,0.0,cash_out,cash_out,11.0,-0.5,11.0,4.8999999999999995,5.3999999999999995,-6.1000000000000005,0.0
0.4,11.0,1.0,13.0,9.0,0.0,cash_out,cash_out,11.0,-1.0,11.0,4.3999999999999995,5.3999999999999995,-6.6000000000000005,0.0
0.4,11.0,1.5,13.0,9.0,0.0,cash_out,cash_out,11.0,-1.5,11.0,3.8999999999999995,5.3999999999999995,-7.1000000000000005,0.0
0.4,11.0,2.0,13.0,9.0,0.0,cash_out,cash_out,11.0,-2.0,11.0,3.3999999999999995,5.3999999999999995,-7.6000000000000005,0.0
0.4,11.0,2.5,13.0,9.0,0.0,cash_out,cash_out,11.0,-2.5,11.0,2.8999999999999995,5.3999999999999995,-8.100000000000001,0.0
0.4,11.0,3.0,13.0,9.0,0.0,cash_out,cash_out,11.0,-3.0,11.0,2.3999999999999995,5.3999999999999995,-8.600000000000001,0.0
0.4,11.0,3.5,13.0,9.0,0.0,cash_out,cash_out,11.0,-3.5,11.0,1.8999999999999995,5.3999999999999995,-9.100000000000001,0.0
0.4,11.0,4.0,13.0,9.0,0.0,cash_out,cash_out,11.0,-4.0,11.0,1.3999999999999995,5.3999999999999995,-9.600000000000001,0.0
0.4,11.5,0.0,13.0,9.0,0.0,cash_out,cash_out,11.5,0.0,11.5,5.3999999999999995,5.3999999999999995,-6.1000000000000005,0.0
0.4,11.5,0.5,13.0,9.0,0.0,cash_out,cash_out,11.5,-0.5,11.5,4.8999999999999995,5.3999999999999995,-6.6000000000000005,0.0
0.4,11.5,1.0,13.0,9.0,0.0,cash_out,cash_out,11.5,-1.0,11.5,4.3999999999999995,5.3999999999999995,-7.1000000000000005,0.0
0.4,11.5,1.5,13.0,9.0,0.0,cash_out,cash_out,11.5,-1.5,11.5,3.8999999999999995,5.3999999999999995,-7.6000000000000005,0.0
0.4,11.5,2.0,13.0,9.0,0.0,cash_out,cash_out,11.5,-2.0,11.5,3.3999999999999995,5.3999999999999995,-8.100000000000001,0.0
0.4,11.5,2.5,13.0,9.0,0.0,cash_out,cash_out,11.5,-2.5,11.5,2.8999999999999995,5.3999999999999995,-8.600000000000001,0.0
0.4,11.5,3.0,13.0,9.0,0.0,cash_out,cash_out,11.5,-3.0,11.5,2.3999999999999995,5.3999999999999995,-9.100000000000001,0.0
0.4,11.5,3.5,13.0,9.0,0.0,cash_out,cash_out,11.5,-3.5,11.5,1.8999999999999995,5.3999999999999995,-9.600000000000001,0.0
0.4,11.5,4.0,13.0,9.0,0.0,cash_out,cash_out,11.5,-4.0,11.5,1.3999999999999995,5.3999999999999995,-10.100000000000001,0.0
0.4,12.0,0.0,13.0,9.0,0.0,cash_out,cash_out,12.0,0.0,12.0,5.3999999999999995,5.3999999999999995,-6.6000000000000005,0.0
0.4,12.0,0.5,13.0,9.0,0.0,cash_out,cash_out,12.0,-0.5,12.0,4.8999999999999995,5.3999999999999995,-7.1000000000000005,0.0
0.4,12.0,1.0,13.0,9.0,0.0,cash_out,cash_out,12.0,-1.0,12.0,4.3999999999999995,5.3999999999999995,-7.6000000000000005,0.0
0.4,12.0,1.5,13.0,9.0,0.0,cash_out,cash_out,12.0,-1.5,12.0,3.8999999999999995,5.3999999999999995,-8.100000000000001,0.0
0.4,12.0,2.0,13.0,9.0,0.0,cash_out,cash_out,12.0,-2.0,12.0,3.3999999999999995,5.3999999999999995,-8.600000000000001,0.0
0.4,12.0,2.5,13.0,9.0,0.0,cash_out,cash_out,12.0,-2.5,12.0,2.8999999999999995,5.3999999999999995,-9.100000000000001,0.0
0.4,12.0,3.0,13.0,9.0,0.0,cash_out,cash_out,12.0,-3.0,12.0,2.3999999999999995,5.3999999999999995,-9.600000000000001,0.0
0.4,12.0,3.5,13.0,9.0,0.0,cash_out,cash_out,12.0,-3.5,12.0,1.8999999999999995,5.3999999999999995,-10.100000000000001,0.0
0.4,12.0,4.0,13.0,9.0,0.0,cash_out,cash_out,12.0,-4.0,12.0,1.3999999999999995,5.3999999999999995,-10.600000000000001,0.0
0.4,12.5,0.0,13.0,9.0,0.0,cash_out,cash_out,12.5,0.0,12.5,5.3999999999999995,5.3999999999999995,-7.1000000000000005,0.0
0.4,12.5,0.5,13.0,9.0,0.0,cash_out,cash_out,12.5,-0.5,12.5,4.8999999999999995,5.3999999999999995,-7.6000000000000005,0.0
0.4,12.5,1.0,13.0,9.0,0.0,cash_out,cash_out,12.5,-1.0,12.5,4.3999999999999995,5.3999999999999995,-8.100000000000001,0.0
0.4,12.5,1.5,13.0,9.0,0.0,cash_out,cash_out,12.5,-1.5,12.5,3.8999999999999995,5.3999999999999995,-8.600000000000001,0.0
0.4,12.5,2.0,13.0,9.0,0.0,cash_out,cash_out,12.5,-2.0,12.5,3.3999999999999995,5.3999999999999995,-9.100000000000001,0.0
0.4,12.5,2.5,13.0,9.0,0.0,cash_out,cash_out,12.5,-2.5,12.5,2.8999999999999995,5.3999999999999995,-9.600000000000001,0.0
0.4,12.5,3.0,13.0,9.0,0.0,cash_out,cash_out,12.5,-3.0,12.5,2.3999999999999995,5.3999999999999995,-10.100000000000001,0.0
0.4,12.5,3.5,13.0,9.0,0.0,cash_out,cash_out,12.5,-3.5,12.5,1.8999999999999995,5.3999999999999995,-10.600000000000001,0.0
0.4,12.5,4.0,13.0,9.0,0.0,cash_out,cash_out,12.5,-4.0,12.5,1.3999999999999995,5.3999999999999995,-11.100000000000001,0.0
0.4,13.0,0.0,13.0,9.0,0.0,cash_out,cash_out,13.0,0.0,13.0,5.3999999999999995,5.3999999999999995,-7.6000000000000005,0.0
0.4,13.0,0.5,13.0,9.0,0.0,cash_out,cash_out,13.0,-0.5,13.0,4.8999999999999995,5.3999999999999995,-8.100000000000001,0.0
0.4,13.0,1.0,13.0,9.0,0.0,cash_out,cash_out,13.0,-1.0,13.0,4.3999999999999995,5.3999999999999995,-8.600000000000001,0.0
0.4,13.0,1.5,13.0,9.0,0.0,cash_out,cash_out,13.0,-1.5,13.0,3.8999999999999995,5.3999999999999995,-9.100000000000001,0.0
0.4,13.0,2.0,13.0,9.0,0.0,cash_out,cash_out,13.0,-2.0,13.0,3.3999999999999995,5.3999999999999995,-9.600000000000001,0.0
0.4,13.0,2.5,13.0,9.0,0.0,cash_out,cash_out,13.0,-2.5,13.0,2.8999999999999995,5.3999999999999995,-10.100000000000001,0.0
0.4,13.0,3.0,13.0,9.0,0.0,cash_out,cash_out,13.0,-3.0,13.0,2.3999999999999995,5.3999999999999995,-10.600000000000001,0.0
0.4,13.0,3.5,13.0,9.0,0.0,cash_out,cash_out,13.0,-3.5,13.0,1.8999999999999995,5.3999999999999995,-11.100000000000001,0.0
0.4,13.0,4.0,13.0,9.0,0.0,cash_out,cash_out,13.0,-4.0,13.0,1.3999999999999995,5.3999999999999995,-11.600000000000001,0.0
0.4,13.5,0.0,13.0,9.0,0.0,cash_out,cash_out,13.5,0.0,13.5,5.3999999999999995,5.3999999999999995,-8.100000000000001,0.0
0.4,13.5,0.5,13.0,9.0,0.0,cash_out,cash_out,13.5,-0.5,13.5,4.8999999999999995,5.3999999999999995,-8.600000000000001,0.0
0.4,13.5,1.0,13.0,9.0,0.0,cash_out,cash_out,13.5,-1.0,13.5,4.3999999999999995,5.3999999999999995,-9.100000000000001,0.0
0.4,13.5,1.5,13.0,9.0,0.0,cash_out,cash_out,13.5,-1.5,13.5,3.8999999999999995,5.3999999999999995,-9.600000000000001,0.0
0.4,13.5,2.0,13.0,9.0,0.0,cash_out,cash_out,13.5,-2.0,13.5,3.3999999999999995,5.3999999999999995,-10.100000000000001,0.0
0.4,13.5,2.5,13.0,9.0,0.0,cash_out,cash_out,13.5,-2.5,13.5,2.8999999999999995,5.3999999999999995,-10.600000000000001,0.0
0.4,13.5,3.0,13.0,9.0,0.0,cash_out,cash_out,13.5,-3.0,13.5,2.3999999999999995,5.3999999999999995,-11.100000000000001,0.0
0.4,13.5,3.5,13.0,9.0,0.0,cash_out,cash_out,13.5,-3.5,13.5,1.8999999999999995,5.3999999999999995,-11.600000000000001,0.0
0.4,13.5,4.0,13.0,9.0,0.0,cash_out,cash_out,13.5,-4.0,13.5,1.3999999999999995,5.3999999999999995,-12.100000000000001,0.0
0.4,14.0,0.0,13.0,9.0,0.0,cash_out,cash_out,14.0,0.0,14.0,5.3999999999999995,5.3999999999999995,-8.600000000000001,0.0
0.4,14.0,0.5,13.0,9.0,0.0,cash_out,cash_out,14.0,-0.5,14.0,4.8999999999999995,5.3999999999999995,-9.100000000000001,0.0
0.4,14.0,1.0,13.0,9.0,0.0,cash_out,cash_out,14.0,-1.0,14.0,4.3999999999999995,5.3999999999999995,-9.600000000000001,0.0
0.4,14.0,1.5,13.0,9.0,0.0,cash_out,cash_out,14.0,-1.5,14.0,3.8999999999999995,5.3999999999999995,-10.100000000000001,0.0
0.4,14.0,2.0,13.0,9.0,0.0,cash_out,cash_out,14.0,-2.0,14.0,3.3999999999999995,5.3999999999999995,-10.600000000000001,0.0
0.4,14.0,2.5,13.0,9.0,0.0,cash_out,cash_out,14.0,-2.5,14.0,2.8999999999999995,5.3999999999999995,-11.100000000000001,0.0
0.4,14.0,3.0,13.0,9.0,0.0,cash_out,cash_out,14.0,-3.0,14.0,2.3999999999999995,5.3999999999999995,-11.600000000000001,0.0
0.4,14.0,3.5,13.0,9.0,0.0,cash_out,cash_out,14.0,-3.5,14.0,1.8999999999999995,5.3999999999999995,-12.100000000000001,0.0
0.4,14.0,4.0,13.0,9.0,0.0,cash_out,cash_out,14.0,-4.0,14.0,1.3999999999999995,5.3999999999999995,-12.600000000000001,0.0
0.4,14.5,0.0,13.0,9.0,0.0,cash_out,cash_out,14.5,0.0,14.5,5.3999999999999995,5.3999999999999995,-9.100000000000001,0.0
0.4,14.5,0.5,13.0,9.0,0.0,cash_out,cash_out,14.5,-0.5,14.5,4.8999999999999995,5.3999999999999995,-9.600000000000001,0.0
0.4,14.5,1.0,13.0,9.0,0.0,cash_out,cash_out,14.5,-1.0,14.5,4.3999999999999995,5.3999999999999995,-10.100000000000001,0.0
0.4,14.5,1.5,13.0,9.0,0.0,cash_out,cash_out,14.5,-1.5,14.5,3.8999999999999995,5.3999999999999995,-10.600000000000001,0.0
0.4,14.5,2.0,13.0,9.0,0.0,cash_out,cash_out,14.5,-2.0,14.5,3.3999999999999995,5.3999999999999995,-11.100000000000001,0.0
0.4,14.5,2.5,13.0,9.0,0.0,cash_out,cash_out,14.5,-2.5,14.5,2.8999999999999995,5.3999999999999995,-11.600000000000001,0.0
0.4,14.5,3.0,13.0,9.0,0.0,cash_out,cash_out,14.5,-3.0,14.5,2.3999999999999995,5.3999999999999995,-12.100000000000001,0.0
0.4,14.5,3.5,13.0,9.0,0.0,cash_out,cash_out,14.5,-3.5,14.5,1.8999999999999995,5.3999999999999995,-12.600000000000001,0.0
0.4,14.5,4.0,13.0,9.0,0.0,cash_out,cash_out,14.5,-4.0,14.5,1.3999999999999995,5.3999999999999995,-13.100000000000001,0.0
0.4,15.0,0.0,13.0,9.0,0.0,cash_out,cash_out,15.0,0.0,15.0,5.3999999999999995,5.3999999999999995,-9.600000000000001,0.0
0.4,15.0,0.5,13.0,9.0,0.0,cash_out,cash_out,15.0,-0.5,15.0,4.8999999999999995,5.3999999999999995,-10.100000000000001,0.0
0.4,15.0,1.0,13.0,9.0,0.0,cash_out,cash_out,15.0,-1.0,15.0,4.3999999999999995,5.3999999999999995,-10.600000000000001,0.0
0.4,15.0,1.5,13.0,9.0,0.0,cash_out,cash_out,15.0,-1.5,15.0,3.8999999999999995,5.3999999999999995,-11.100000000000001,0.0
0.4,15.0,2.0,13.0,9.0,0.0,cash_out,cash_out,15.0,-2.0,15.0,3.3999999999999995,5.3999999999999995,-11.600000000000001,0.0
0.4,15.0,2.5,13.0,9.0,0.0,cash_out,cash_out,15.0,-2.5,15.0,2.8999999999999995,5.3999999999999995,-12.100000000000001,0.0
0.4,15.0,3.0,13.0,9.0,0.0,cash_out,cash_out,15.0,-3.0,15.0,2.3999999999999995,5.3999999999999995,-12.600000000000001,0.0
0.4,15.0,3.5,13.0,9.0,0.0,cash_out,cash_out,15.0,-3.5,15.0,1.8999999999999995,5.3999999999999995,-13.100000000000001,0.0
0.4,15.0,4.0,13.0,9.0,0.0,cash_out,cash_out,15.0,-4.0,15.0,1.3999999999999995,5.3999999999999995,-13.600000000000001,0.0
0.4,15.5,0.0,13.0,9.0,0.0,cash_out,cash_out,15.5,0.0,15.5,5.3999999999999995,5.3999999999999995,-10.100000000000001,0.0
0.4,15.5,0.5,13.0,9.0,0.0,cash_out,cash_out,15.5,-0.5,15.5,4.8999999999999995,5.3999999999999995,-10.600000000000001,0.0
0.4,15.5,1.0,13.0,9.0,0.0,cash_out,cash_out,15.5,-1.0,15.5,4.3999999999999995,5.3999999999999995,-11.100000000000001,0.0
0.4,15.5,1.5,13.0,9.0,0.0,cash_out,cash_out,15.5,-1.5,15.5,3.8999999999999995,5.3999999999999995,-11.600000000000001,0.0
0.4,15.5,2.0,13.0,9.0,0.0,cash_out,cash_out,15.5,-2.0,15.5,3.3999999999999995,5.3999999999999995,-12.100000000000001,0.0
0.4,15.5,2.5,13.0,9.0,0.0,cash_out,cash_out,15.5,-2.5,15.5,2.8999999999999995,5.3999999999999995,-12.600000000000001,0.0
0.4,15.5,3.0,13.0,9.0,0.0,cash_out,cash_out,15.5,-3.0,15.5,2.3999999999999995,5.3999999999999995,-13.100000000000001,0.0
0.4,15.5,3.5,13.0,9.0,0.0,cash_out,cash_out,15.5,-3.5,15.5,1.8999999999999995,5.3999999999999995,-13.600000000000001,0.0
0.4,15.5,4.0,13.0,9.0,0.0,cash_out,cash_out,15.5,-4.0,15.5,1.3999999999999995,5.3999999999999995,-14.100000000000001,0.0
0.4,16.0,0.0,13.0,9.0,0.0,cash_out,cash_out,16.0,0.0,16.0,5.3999999999999995,5.3999999999999995,-10.600000000000001,0.0
0.4,16.0,0.5,13.0,9.0,0.0,cash_out,cash_out,16.0,-0.5,16.0,4.8999999999999995,5.3999999999999995,-11.100000000000001,0.0
0.4,16.0,1.0,13.0,9.0,0.0,cash_out,cash_out,16.0,-1.0,16.0,4.3999999999999995,5.3999999999999995,-11.600000000000001,0.0
0.4,16.0,1.5,13.0,9.0,0.0,cash_out,cash_out,16.0,-1.5,16.0,3.8999999999999995,5.3999999999999995,-12.100000000000001,0.0
0.4,16.0,2.0,13.0,9.0,0.0,cash_out,cash_out,16.0,-2.0,16.0,3.3999999999999995,5.3999999999999995,-12.600000000000001,0.0
0.4,16.0,2.5,13.0,9.0,0.0,cash_out,cash_out,16.0,-2.5,16.0,2.8999999999999995,5.3999999999999995,-13.100000000000001,0.0
0.4,16.0,3.0,13.0,9.0,0.0,cash_out,cash_out,16.0,-3.0,16.0,2.3999999999999995,5.3999999999999995,-13.600000000000001,0.0
0.4,16.0,3.5,13.0,9.0,0.0,cash_out,cash_out,16.0,-3.5,16.0,1.8999999999999995,5.3999999999999995,-14.100000000000001,0.0
0.4,16.0,4.0,13.0,9.0,0.0,cash_out,cash_out,16.0,-4.0,16.0,1.3999999999999995,5.3999999999999995,-14.600000000000001,0.0
0.4,16.5,0.0,13.0,9.0,0.0,cash_out,cash_out,16.5,0.0,16.5,5.3999999999999995,5.3999999999999995,-11.100000000000001,0.0
0.4,16.5,0.5,13.0,9.0,0.0,cash_out,cash_out,16.5,-0.5,16.5,4.8999999999999995,5.3999999999999995,-11.600000000000001,0.0
0.4,16.5,1.0,13.0,9.0,0.0,cash_out,cash_out,16.5,-1.0,16.5,4.3999999999999995,5.3999999999999995,-12.100000000000001,0.0
0.4,16.5,1.5,13.0,9.0,0.0,cash_out,cash_out,16.5,-1.5,16.5,3.8999999999999995,5.3999999999999995,-12.600000000000001,0.0
0.4,16.5,2.0,13.0,9.0,0.0,cash_out,cash_out,16.5,-2.0,16.5,3.3999999999999995,5.3999999999999995,-13.100000000000001,0.0
0.4,16.5,2.5,13.0,9.0,0.0,cash_out,cash_out,16.5,-2.5,16.5,2.8999999999999995,5.3999999999999995,-13.600000000000001,0.0
0.4,16.5,3.0,13.0,9.0,0.0,cash_out,cash_out,16.5,-3.0,16.5,2.3999999999999995,5.3999999999999995,-14.100000000000001,0.0
0.4,16.5,3.5,13.0,9.0,0.0,cash_out,cash_out,16.5,-3.5,16.5,1.8999999999999995,5.3999999999999995,-14.600000000000001,0.0
0.4,16.5,4.0,13.0,9.0,0.0,cash_out,cash_out,16.5,-4.0,16.5,1.3999999999999995,5.3999999999999995,-15.100000000000001,0.0
0.4,17.0,0.0,13.0,9.0,0.0,cash_out,cash_out,17.0,0.0,17.0,5.3999999999999995,5.3999999999999995,-11.600000000000001,0.0
0.4,17.0,0.5,13.0,9.0,0.0,cash_out,cash_out,17.0,-0.5,17.0,4.8999999999999995,5.3999999999999995,-12.100000000000001,0.0
0.4,17.0,1.0,13.0,9.0,0.0,cash_out,cash_out,17.0,-1.0,17.0,4.3999999999999995,5.3999999999999995,-12.600000000000001,0.0
0.4,17.0,1.5,13.0,9.0,0.0,cash_out,cash_out,17.0,-1.5,17.0,3.8999999999999995,5.3999999999999995,-13.100000000000001,0.0
0.4,17.0,2.0,13.0,9.0,0.0,cash_out,cash_out,17.0,-2.0,17.0,3.3999999999999995,5.3999999999999995,-13.600000000000001,0.0
0.4,17.0,2.5,13.0,9.0,0.0,cash_out,cash_out,17.0,-2.5,17.0,2.8999999999999995,5.3999999999999995,-14.100000000000001,0.0
0.4,17.0,3.0,13.0,9.0,0.0,cash_out,cash_out,17.0,-3.0,17.0,2.3999999999999995,5.3999999999999995,-14.600000000000001,0.0
0.4,17.0,3.5,13.0,9.0,0.0,cash_out,cash_out,17.0,-3.5,17.0,1.8999999999999995,5.3999999999999995,-15.100000000000001,0.0
0.4,17.0,4.0,13.0,9.0,0.0,cash_out,cash_out,17.0,-4.0,17.0,1.3999999999999995,5.3999999999999995,-15.600000000000001,0.0
0.4,17.5,0.0,13.0,9.0,0.0,cash_out,cash_out,17.5,0.0,17.5,5.3999999999999995,5.3999999999999995,-12.100000000000001,0.0
0.4,17.5,0.5,13.0,9.0,0.0,cash_out,cash_out,17.5,-0.5,17.5,4.8999999999999995,5.3999999999999995,-12.600000000000001,0.0
0.4,17.5,1.0,13.0,9.0,0.0,cash_out,cash_out,17.5,-1.0,17.5,4.3999999999999995,5.3999999999999995,-13.100000000000001,0.0
0.4,17.5,1.5,13.0,9.0,0.0,cash_out,cash_out,17.5,-1.5,17.5,3.8999999999999995,5.3999999999999995,-13.600000000000001,0.0
0.4,17.5,2.0,13.0,9.0,0.0,cash_out,cash_out,17.5,-2.0,17.5,3.3999999999999995,5.3999999999999995,-14.100000000000001,0.0
0.4,17.5,2.5,13.0,9.0,0.0,cash_out,cash_out,17.5,-2.5,17.5,2.8999999999999995,5.3999999999999995,-14.600000000000001,0.0
0.4,17.5,3.0,13.0,9.0,0.0,cash_out,cash_out,17.5,-3.0,17.5,2.3999999999999995,5.3999999999999995,-15.100000000000001,0.0
0.4,17.5,3.5,13.0,9.0,0.0,cash_out,cash_out,17.5,-3.5,17.5,1.8999999999999995,5.3999999999999995,-15.600000000000001,0.0
0.4,17.5,4.0,13.0,9.0,0.0,cash_out,cash_out,17.5,-4.0,17.5,1.3999999999999995,5.3999999999999995,-16.1,0.0
0.4,18.0,0.0,13.0,9.0,0.0,cash_out,cash_out,18.0,0.0,18.0,5.3999999999999995,5.3999999999999995,-12.600000000000001,0.0
0.4,18.0,0.5,13.0,9.0,0.0,cash_out,cash_out,18.0,-0.5,18.0,4.8999999999999995,5.3999999999999995,-13.100000000000001,0.0
0.4,18.0,1.0,13.0,9.0,0.0,cash_out,cash_out,18.0,-1.0,18.0,4.3999999999999995,5.3999999999999995,-13.600000000000001,0.0
0.4,18.0,1.5,13.0,9.0,0.0,cash_out,cash_out,18.0,-1.5,18.0,3.8999999999999995,5.3999999999999995,-14.100000000000001,0.0
0.4,18.0,2.0,13.0,9.0,0.0,cash_out,cash_out,18.0,-2.0,18.0,3.3999999999999995,5.3999999999999995,-14.600000000000001,0.0
0.4,18.0,2.5,13.0,9.0,0.0,cash_out,cash_out,18.0,-2.5,18.0,2.8999999999999995,5.3999999999999995,-15.100000000000001,0.0
0.4,18.0,3.0,13.0,9.0,0.0,cash_out,cash_out,18.0,-3.0,18.0,2.3999999999999995,5.3999999999999995,-15.600000000000001,0.0
0.4,18.0,3.5,13.0,9.0,0.0,cash_out,cash_out,18.0,-3.5,18.0,1.8999999999999995,5.3999999999999995,-16.1,0.0
0.4,18.0,4.0,13.0,9.0,0.0,cash_out,cash_out,18.0,-4.0,18.0,1.3999999999999995,5.3999999999999995,-16.6,0.0
0.45,6.0,0.0,13.0,9.0,0.0,cash_out,cash_out,6.0,0.0,6.0,5.8500000000000005,5.8500000000000005,-0.14999999999999947,0.0
0.45,6.0,0.5,13.0,9.0,0.0,cash_out,cash_out,6.0,-0.5,6.0,5.3500000000000005,5.8500000000000005,-0.6499999999999995,0.0
0.45,6.0,1.0,13.0,9.0,0.0,cash_out,cash_out,6.0,-1.0,6.0,4.8500000000000005,5.8500000000000005,-1.1499999999999995,0.0
0.45,6.0,1.5,13.0,9.0,0.0,cash_out,cash_out,6.0,-1.5,6.0,4.3500000000000005,5.8500000000000005,-1.6499999999999995,0.0
0.45,6.0,2.0,13.0,9.0,0.0,cash_out,cash_out,6.0,-2.0,6.0,3.8500000000000005,5.8500000000000005,-2.1499999999999995,0.0
0.45,6.0,2.5,13.0,9.0,0.0,cash_out,cash_out,6.0,-2.5,6.0,3.3500000000000005,5.8500000000000005,-2.6499999999999995,0.0
0.45,6.0,3.0,13.0,9.0,0.0,cash_out,cash_out,6.0,-3.0,6.0,2.8500000000000005,5.8500000000000005,-3.1499999999999995,0.0
0.45,6.0,3.5,13.0,9.0,0.0,cash_out,cash_out,6.0,-3.5,6.0,2.3500000000000005,5.8500000000000005,-3.6499999999999995,0.0
0.45,6.0,4.0,13.0,9.0,0.0,cash_out,cash_out,6.0,-4.0,6.0,1.8500000000000005,5.8500000000000005,-4.1499999999999995,0.0
0.45,6.5,0.0,13.0,9.0,0.0,cash_out,cash_out,6.5,0.0,6.5,5.8500000000000005,5.8500000000000005,-0.6499999999999995,0.0
0.45,6.5,0.5,13.0,9.0,0.0,cash_out,cash_out,6.5,-0.5,6.5,5.3500000000000005,5.8500000000000005,-1.1499999999999995,0.0
0.45,6.5,1.0,13.0,9.0,0.0,cash_out,cash_out,6.5,-1.0,6.5,4.8500000000000005,5.8500000000000005,-1.6499999999999995,0.0
0.45,6.5,1.5,13.0,9.0,0.0,cash_out,cash_out,6.5,-1.5,6.5,4.3500000000000005,5.8500000000000005,-2.1499999999999995,0.0
0.45,6.5,2.0,13.0,9.0,0.0,cash_out,cash_out,6.5,-2.0,6.5,3.8500000000000005,5.8500000000000005,-2.6499999999999995,0.0
0.45,6.5,2.5,13.0,9.0,0.0,cash_out,cash_out,6.5,-2.5,6.5,3.3500000000000005,5.8500000000000005,-3.1499999999999995,0.0
0.45,6.5,3.0,13.0,9.0,0.0,cash_out,cash_out,6.5,-3.0,6.5,2.8500000000000005,5.8500000000000005,-3.6499999999999995,0.0
0.45,6.5,3.5,13.0,9.0,0.0,cash_out,cash_out,6.5,-3.5,6.5,2.3500000000000005,5.8500000000000005,-4.1499999999999995,0.0
0.45,6.5,4.0,13.0,9.0,0.0,cash_out,cash_out,6.5,-4.0,6.5,1.8500000000000005,5.8500000000000005,-4.6499999999999995,0.0
0.45,7.0,0.0,13.0,9.0,0.0,cash_out,cash_out,7.0,0.0,7.0,5.8500000000000005,5.8500000000000005,-1.1499999999999995,0.0
0.45,7.0,0.5,13.0,9.0,0.0,cash_out,cash_out,7.0,-0.5,7.0,5.3500000000000005,5.8500000000000005,-1.6499999999999995,0.0
0.45,7.0,1.0,13.0,9.0,0.0,cash_out,cash_out,7.0,-1.0,7.0,4.8500000000000005,5.8500000000000005,-2.1499999999999995,0.0
0.45,7.0,1.5,13.0,9.0,0.0,cash_out,cash_out,7.0,-1.5,7.0,4.3500000000000005,5.8500000000000005,-2.6499999999999995,0.0
0.45,7.0,2.0,13.0,9.0,0.0,cash_out,cash_out,7.0,-2.0,7.0,3.8500000000000005,5.8500000000000005,-3.1499999999999995,0.0
0.45,7.0,2.5,13.0,9.0,0.0,cash_out,cash_out,7.0,-2.5,7.0,3.3500000000000005,5.8500000000000005,-3.6499999999999995,0.0
0.45,7.0,3.0,13.0,9.0,0.0,cash_out,cash_out,7.0,-3.0,7.0,2.8500000000000005,5.8500000000000005,-4.1499999999999995,0.0
0.45,7.0,3.5,13.0,9.0,0.0,cash_out,cash_out,7.0,-3.5,7.0,2.3500000000000005,5.8500000000000005,-4.6499999999999995,0.0
0.45,7.0,4.0,13.0,9.0,0.0,cash_out,cash_out,7.0,-4.0,7.0,1.8500000000000005,5.8500000000000005,-5.1499999999999995,0.0
0.45,7.5,0.0,13.0,9.0,0.0,cash_out,cash_out,7.5,0.0,7.5,5.8500000000000005,5.8500000000000005,-1.6499999999999995,0.0
0.45,7.5,0.5,13.0,9.0,0.0,cash_out,cash_out,7.5,-0.5,7.5,5.3500000000000005,5.8500000000000005,-2.1499999999999995,0.0
0.45,7.5,1.0,13.0,9.0,0.0,cash_out,cash_out,7.5,-1.0,7.5,4.8500000000000005,5.8500000000000005,-2.6499999999999995,0.0
0.45,7.5,1.5,13.0,9.0,0.0,cash_out,cash_out,7.5,-1.5,7.5,4.3500000000000005,5.8500000000000005,-3.1499999999999995,0.0
0.45,7.5,2.0,13.0,9.0,0.0,cash_out,cash_out,7.5,-2.0,7.5,3.8500000000000005,5.8500000000000005,-3.6499999999999995,0.0
0.45,7.5,2.5,13.0,9.0,0.0,cash_out,cash_out,7.5,-2.5,7.5,3.3500000000000005,5.8500000000000005,-4.1499999999999995,0.0
0.45,7.5,3.0,13.0,9.0,0.0,cash_out,cash_out,7.5,-3.0,7.5,2.8500000000000005,5.8500000000000005,-4.6499999999999995,0.0
0.45,7.5,3.5,13.0,9.0,0.0,cash_out,cash_out,7.5,-3.5,7.5,2.3500000000000005,5.8500000000000005,-5.1499999999999995,0.0
0.45,7.5,4.0,13.0,9.0,0.0,cash_out,cash_out,7.5,-4.0,7.5,1.8500000000000005,5.8500000000000005,-5.6499999999999995,0.0
0.45,8.0,0.0,13.0,9.0,0.0,cash_out,cash_out,8.0,0.0,8.0,5.8500000000000005,5.8500000000000005,-2.1499999999999995,0.0
0.45,8.0,0.5,13.0,9.0,0.0,cash_out,cash_out,8.0,-0.5,8.0,5.3500000000000005,5.8500000000000005,-2.6499999999999995,0.0
0.45,8.0,1.0,13.0,9.0,0.0,cash_out,cash_out,8.0,-1.0,8.0,4.8500000000000005,5.8500000000000005,-3.1499999999999995,0.0
0.45,8.0,1.5,13.0,9.0,0.0,cash_out,cash_out,8.0,-1.5,8.0,4.3500000000000005,5.8500000000000005,-3.6499999999999995,0.0
0.45,8.0,2.0,13.0,9.0,0.0,cash_out,cash_out,8.0,-2.0,8.0,3.8500000000000005,5.8500000000000005,-4.1499999999999995,0.0
0.45,8.0,2.5,13.0,9.0,0.0,cash_out,cash_out,8.0,-2.5,8.0,3.3500000000000005,5.8500000000000005,-4.6499999999999995,0.0
0.45,8.0,3.0,13.0,9.0,0.0,cash_out,cash_out,8.0,-3.0,8.0,2.8500000000000005,5.8500000000000005,-5.1499999999999995,0.0
0.45,8.0,3.5,13.0,9.0,0.0,cash_out,cash_out,8.0,-3.5,8.0,2.3500000000000005,5.8500000000000005,-5.6499999999999995,0.0
0.45,8.0,4.0,13.0,9.0,0.0,cash_out,cash_out,8.0,-4.0,8.0,1.8500000000000005,5.8500000000000005,-6.1499999999999995,0.0
0.45,8.5,0.0,13.0,9.0,0.0,cash_out,cash_out,8.5,0.0,8.5,5.8500000000000005,5.8500000000000005,-2.6499999999999995,0.0
0.45,8.5,0.5,13.0,9.0,0.0,cash_out,cash_out,8.5,-0.5,8.5,5.3500000000000005,5.8500000000000005,-3.1499999999999995,0.0
0.45,8.5,1.0,13.0,9.0,0.0,cash_out,cash_out,8.5,-1.0,8.5,4.8500000000000005,5.8500000000000005,-3.6499999999999995,0.0
0.45,8.5,1.5,13.0,9.0,0.0,cash_out,cash_out,8.5,-1.5,8.5,4.3500000000000005,5.8500000000000005,-4.1499999999999995,0.0
0.45,8.5,2.0,13.0,9.0,0.0,cash_out,cash_out,8.5,-2.0,8.5,3.8500000000000005,5.8500000000000005,-4.6499999999999995,0.0
0.45,8.5,2.5,13.0,9.0,0.0,cash_out,cash_out,8.5,-2.5,8.5,3.3500000000000005,5.8500000000000005,-5.1499999999999995,0.0
0.45,8.5,3.0,13.0,9.0,0.0,cash_out,cash_out,8.5,-3.0,8.5,2.8500000000000005,5.8500000000000005,-5.6499999999999995,0.0
0.45,8.5,3.5,13.0,9.0,0.0,cash_out,cash_out,8.5,-3.5,8.5,2.3500000000000005,5.8500000000000005,-6.1499999999999995,0.0
0.45,8.5,4.0,13.0,9.0,0.0,cash_out,cash_out,8.5,-4.0,8.5,1.8500000000000005,5.8500000000000005,-6.6499999999999995,0.0
0.45,9.0,0.0,13.0,9.0,0.0,cash_out,cash_out,9.0,0.0,9.0,5.8500000000000005,5.8500000000000005,-3.1499999999999995,0.0
0.45,9.0,0.5,13.0,9.0,0.0,cash_out,cash_out,9.0,-0.5,9.0,5.3500000000000005,5.8500000000000005,-3.6499999999999995,0.0
0.45,9.0,1.0,13.0,9.0,0.0,cash_out,cash_out,9.0,-1.0,9.0,4.8500000000000005,5.8500000000000005,-4.1499999999999995,0.0
0.45,9.0,1.5,13.0,9.0,0.0,cash_out,cash_out,9.0,-1.5,9.0,4.3500000000000005,5.8500000000000005,-4.6499999999999995,0.0
0.45,9.0,2.0,13.0,9.0,0.0,cash_out,cash_out,9.0,-2.0,9.0,3.8500000000000005,5.8500000000000005,-5.1499999999999995,0.0
0.45,9.0,2.5,13.0,9.0,0.0,cash_out,cash_out,9.0,-2.5,9.0,3.3500000000000005,5.8500000000000005,-5.6499999999999995,0.0
0.45,9.0,3.0,13.0,9.0,0.0,cash_out,cash_out,9.0,-3.0,9.0,2.8500000000000005,5.8500000000000005,-6.1499999999999995,0.0
0.45,9.0,3.5,13.0,9.0,0.0,cash_out,cash_out,9.0,-3.5,9.0,2.3500000000000005,5.8500000000000005,-6.6499999999999995,0.0
0.45,9.0,4.0,13.0,9.0,0.0,cash_out,cash_out,9.0,-4.0,9.0,1.8500000000000005,5.8500000000000005,-7.1499999999999995,0.0
0.45,9.5,0.0,13.0,9.0,0.0,cash_out,cash_out,9.5,0.0,9.5,5.8500000000000005,5.8500000000000005,-3.6499999999999995,0.0
0.45,9.5,0.5,13.0,9.0,0.0,cash_out,cash_out,9.5,-0.5,9.5,5.3500000000000005,5.8500000000000005,-4.1499999999999995,0.0
0.45,9.5,1.0,13.0,9.0,0.0,cash_out,cash_out,9.5,-1.0,9.5,4.8500000000000005,5.8500000000000005,-4.6499999999999995,0.0
0.45,9.5,1.5,13.0,9.0,0.0,cash_out,cash_out,9.5,-1.5,9.5,4.3500000000000005,5.8500000000000005,-5.1499999999999995,0.0
0.45,9.5,2.0,13.0,9.0,0.0,cash_out,cash_out,9.5,-2.0,9.5,3.8500000000000005,5.8500000000000005,-5.6499999999999995,0.0
0.45,9.5,2.5,13.0,9.0,0.0,cash_out,cash_out,9.5,-2.5,9.5,3.3500000000000005,5.8500000000000005,-6.1499999999999995,0.0
0.45,9.5,3.0,13.0,9.0,0.0,cash_out,cash_out,9.5,-3.0,9.5,2.8500000000000005,5.8500000000000005,-6.6499999999999995,0.0
0.45,9.5,3.5,13.0,9.0,0.0,cash_out,cash_out,9.5,-3.5,9.5,2.3500000000000005,5.8500000000000005,-7.1499999999999995,0.0
0.45,9.5,4.0,13.0,9.0,0.0,cash_out,cash_out,9.5,-4.0,9.5,1.8500000000000005,5.8500000000000005,-7.6499999999999995,0.0
0.45,10.0,0.0,13.0,9.0,0.0,cash_out,cash_out,10.0,0.0,10.0,5.8500000000000005,5.8500000000000005,-4.1499999999999995,0.0
0.45,10.0,0.5,13.0,9.0,0.0,cash_out,cash_out,10.0,-0.5,10.0,5.3500000000000005,5.8500000000000005,-4.6499999999999995,0.0
0.45,10.0,1.0,13.0,9.0,0.0,cash_out,cash_out,10.0,-1.0,10.0,4.8500000000000005,5.8500000000000005,-5.1499999999999995,0.0
0.45,10.0,1.5,13.0,9.0,0.0,cash_out,cash_out,10.0,-1.5,10.0,4.3500000000000005,5.8500000000000005,-5.6499999999999995,0.0
0.45,10.0,2.0,13.0,9.0,0.0,cash_out,cash_out,10.0,-2.0,10.0,3.8500000000000005,5.8500000000000005,-6.1499999999999995,0.0
0.45,10.0,2.5,13.0,9.0,0.0,cash_out,cash_out,10.0,-2.5,10.0,3.3500000000000005,5.8500000000000005,-6.6499999999999995,0.0
0.45,10.0,3.0,13.0,9.0,0.0,cash_out,cash_out,10.0,-3.0,10.0,2.8500000000000005,5.8500000000000005,-7.1499999999999995,0.0
0.45,10.0,3.5,13.0,9.0,0.0,cash_out,cash_out,10.0,-3.5,10.0,2.3500000000000005,5.8500000000000005,-7.6499999999999995,0.0
0.45,10.0,4.0,13.0,9.0,0.0,cash_out,cash_out,10.0,-4.0,10.0,1.8500000000000005,5.8500000000000005,-8.149999999999999,0.0
0.45,10.5,0.0,13.0,9.0,0.0,cash_out,cash_out,10.5,0.0,10.5,5.8500000000000005,5.8500000000000005,-4.6499999999999995,0.0
0.45,10.5,0.5,13.0,9.0,0.0,cash_out,cash_out,10.5,-0.5,10.5,5.3500000000000005,5.8500000000000005,-5.1499999999999995,0.0
0.45,10.5,1.0,13.0,9.0,0.0,cash_out,cash_out,10.5,-1.0,10.5,4.8500000000000005,5.8500000000000005,-5.6499999999999995,0.0
0.45,10.5,1.5,13.0,9.0,0.0,cash_out,cash_out,10.5,-1.5,10.5,4.3500000000000005,5.8500000000000005,-6.1499999999999995,0.0
0.45,10.5,2.0,13.0,9.0,0.0,cash_out,cash_out,10.5,-2.0,10.5,3.8500000000000005,5.8500000000000005,-6.6499999999999995,0.0
0.45,10.5,2.5,13.0,9.0,0.0,cash_out,cash_out,10.5,-2.5,10.5,3.3500000000000005,5.8500000000000005,-7.1499999999999995,0.0
0.45,10.5,3.0,13.0,9.0,0.0,cash_out,cash_out,10.5,-3.0,10.5,2.8500000000000005,5.8500000000000005,-7.6499999999999995,0.0
0.45,10.5,3.5,13.0,9.0,0.0,cash_out,cash_out,10.5,-3.5,10.5,2.3500000000000005,5.8500000000000005,-8.149999999999999,0.0
0.45,10.5,4.0,13.0,9.0,0.0,cash_out,cash_out,10.5,-4.0,10.5,1.8500000000000005,5.8500000000000005,-8.649999999999999,0.0
0.45,11.0,0.0,13.0,9.0,0.0,cash_out,cash_out,11.0,0.0,11.0,5.8500000000000005,5.8500000000000005,-5.1499999999999995,0.0
0.45,11.0,0.5,13.0,9.0,0.0,cash_out,cash_out,11.0,-0.5,11.0,5.3500000000000005,5.8500000000000005,-5.6499999999999995,0.0
0.45,11.0,1.0,13.0,9.0,0.0,cash_out,cash_out,11.0,-1.0,11.0,4.8500000000000005,5.8500000000000005,-6.1499999999999995,0.0
0.45,11.0,1.5,13.0,9.0,0.0,cash_out,cash_out,11.0,-1.5,11.0,4.3500000000000005,5.8500000000000005,-6.6499999999999995,0.0
0.45,11.0,2.0,13.0,9.0,0.0,cash_out,cash_out,11.0,-2.0,11.0,3.8500000000000005,5.8500000000000005,-7.1499999999999995,0.0
0.45,11.0,2.5,13.0,9.0,0.0,cash_out,cash_out,11.0,-2.5,11.0,3.3500000000000005,5.8500000000000005,-7.6499999999999995,0.0
0.45,11.0,3.0,13.0,9.0,0.0,cash_out,cash_out,11.0,-3.0,11.0,2.8500000000000005,5.8500000000000005,-8.149999999999999,0.0
0.45,11.0,3.5,13.0,9.0,0.0,cash_out,cash_out,11.0,-3.5,11.0,2.3500000000000005,5.8500000000000005,-8.649999999999999,0.0
0.45,11.0,4.0,13.0,9.0,0.0,cash_out,cash_out,11.0,-4.0,11.0,1.8500000000000005,5.8500000000000005,-9.149999999999999,0.0
0.45,11.5,0.0,13.0,9.0,0.0,cash_out,cash_out,11.5,0.0,11.5,5.8500000000000005,5.8500000000000005,-5.6499999999999995,0.0
0.45,11.5,0.5,13.0,9.0,0.0,cash_out,cash_out,11.5,-0.5,11.5,5.3500000000000005,5.8500000000000005,-6.1499999999999995,0.0
0.45,11.5,1.0,13.0,9.0,0.0,cash_out,cash_out,11.5,-1.0,11.5,4.8500000000000005,5.8500000000000005,-6.6499999999999995,0.0
0.45,11.5,1.5,13.0,9.0,0.0,cash_out,cash_out,11.5,-1.5,11.5,4.3500000000000005,5.8500000000000005,-7.1499999999999995,0.0
0.45,11.5,2.0,13.0,9.0,0.0,cash_out,cash_out,11.5,-2.0,11.5,3.8500000000000005,5.8500000000000005,-7.6499999999999995,0.0
0.45,11.5,2.5,13.0,9.0,0.0,cash_out,cash_out,11.5,-2.5,11.5,3.3500000000000005,5.8500000000000005,-8.149999999999999,0.0
0.45,11.5,3.0,13.0,9.0,0.0,cash_out,cash_out,11.5,-3.0,11.5,2.8500000000000005,5.8500000000000005,-8.649999999999999,0.0
0.45,11.5,3.5,13.0,9.0,0.0,cash_out,cash_out,11.5,-3.5,11.5,2.3500000000000005,5.8500000000000005,-9.149999999999999,0.0
0.45,11.5,4.0,13.0,9.0,0.0,cash_out,cash_out,11.5,-4.0,11.5,1.8500000000000005,5.8500000000000005,-9.649999999999999,0.0
0.45,12.0,0.0,13.0,9.0,0.0,cash_out,cash_out,12.0,0.0,12.0,5.8500000000000005,5.8500000000000005,-6.1499999999999995,0.0
0.45,12.0,0.5,13.0,9.0,0.0,cash_out,cash_out,12.0,-0.5,12.0,5.3500000000000005,5.8500000000000005,-6.6499999999999995,0.0
0.45,12.0,1.0,13.0,9.0,0.0,cash_out,cash_out,12.0,-1.0,12.0,4.8500000000000005,5.8500000000000005,-7.1499999999999995,0.0
0.45,12.0,1.5,13.0,9.0,0.0,cash_out,cash_out,12.0,-1.5,12.0,4.3500000000000005,5.8500000000000005,-7.6499999999999995,0.0
0.45,12.0,2.0,13.0,9.0,0.0,cash_out,cash_out,12.0,-2.0,12.0,3.8500000000000005,5.8500000000000005,-8.149999999999999,0.0
0.45,12.0,2.5,13.0,9.0,0.0,cash_out,cash_out,12.0,-2.5,12.0,3.3500000000000005,5.8500000000000005,-8.649999999999999,0.0
0.45,12.0,3.0,13.0,9.0,0.0,cash_out,cash_out,12.0,-3.0,12.0,2.8500000000000005,5.8500000000000005,-9.149999999999999,0.0
0.45,12.0,3.5,13.0,9.0,0.0,cash_out,cash_out,12.0,-3.5,12.0,2.3500000000000005,5.8500000000000005,-9.649999999999999,0.0
0.45,12.0,4.0,13.0,9.0,0.0,cash_out,cash_out,12.0,-4.0,12.0,1.8500000000000005,5.8500000000000005,-10.149999999999999,0.0
0.45,12.5,0.0,13.0,9.0,0.0,cash_out,cash_out,12.5,0.0,12.5,5.8500000000000005,5.8500000000000005,-6.6499999999999995,0.0
0.45,12.5,0.5,13.0,9.0,0.0,cash_out,cash_out,12.5,-0.5,12.5,5.3500000000000005,5.8500000000000005,-7.1499999999999995,0.0
0.45,12.5,1.0,13.0,9.0,0.0,cash_out,cash_out,12.5,-1.0,12.5,4.8500000000000005,5.8500000000000005,-7.6499999999999995,0.0
0.45,12.5,1.5,13.0,9.0,0.0,cash_out,cash_out,12.5,-1.5,12.5,4.3500000000000005,5.8500000000000005,-8.149999999999999,0.0
0.45,12.5,2.0,13.0,9.0,0.0,cash_out,cash_out,12.5,-2.0,12.5,3.8500000000000005,5.8500000000000005,-8.649999999999999,0.0
0.45,12.5,2.5,13.0,9.0,0.0,cash_out,cash_out,12.5,-2.5,12.5,3.3500000000000005,5.8500000000000005,-9.149999999999999,0.0
0.45,12.5,3.0,13.0,9.0,0.0,cash_out,cash_out,12.5,-3.0,12.5,2.8500000000000005,5.8500000000000005,-9.649999999999999,0.0
0.45,12.5,3.5,13.0,9.0,0.0,cash_out,cash_out,12.5,-3.5,12.5,2.3500000000000005,5.8500000000000005,-10.149999999999999,0.0
0.45,12.5,4.0,13.0,9.0,0.0,cash_out,cash_out,12.5,-4.0,12.5,1.8500000000000005,5.8500000000000005,-10.649999999999999,0.0
0.45,13.0,0.0,13.0,9.0,0.0,cash_out,cash_out,13.0,0.0,13.0,5.8500000000000005,5.8500000000000005,-7.1499999999999995,0.0
0.45,13.0,0.5,13.0,9.0,0.0,cash_out,cash_out,13.0,-0.5,13.0,5.3500000000000005,5.8500000000000005,-7.6499999999999995,0.0
0.45,13.0,1.0,13.0,9.0,0.0,cash_out,cash_out,13.0,-1.0,13.0,4.8500000000000005,5.8500000000000005,-8.149999999999999,0.0
0.45,13.0,1.5,13.0,9.0,0.0,cash_out,cash_out,13.0,-1.5,13.0,4.3500000000000005,5.8500000000000005,-8.649999999999999,0.0
0.45,13.0,2.0,13.0,9.0,0.0,cash_out,cash_out,13.0,-2.0,13.0,3.8500000000000005,5.8500000000000005,-9.149999999999999,0.0
0.45,13.0,2.5,13.0,9.0,0.0,cash_out,cash_out,13.0,-2.5,13.0,3.3500000000000005,5.8500000000000005,-9.649999999999999,0.0
0.45,13.0,3.0,13.0,9.0,0.0,cash_out,cash_out,13.0,-3.0,13.0,2.8500000000000005,5.8500000000000005,-10.149999999999999,0.0
0.45,13.0,3.5,13.0,9.0,0.0,cash_out,cash_out,13.0,-3.5,13.0,2.3500000000000005,5.8500000000000005,-10.649999999999999,0.0
0.45,13.0,4.0,13.0,9.0,0.0,cash_out,cash_out,13.0,-4.0,13.0,1.8500000000000005,5.8500000000000005,-11.149999999999999,0.0
0.45,13.5,0.0,13.0,9.0,0.0,cash_out,cash_out,13.5,0.0,13.5,5.8500000000000005,5.8500000000000005,-7.6499999999999995,0.0
0.45,13.5,0.5,13.0,9.0,0.0,cash_out,cash_out,13.5,-0.5,13.5,5.3500000000000005,5.8500000000000005,-8.149999999999999,0.0
0.45,13.5,1.0,13.0,9.0,0.0,cash_out,cash_out,13.5,-1.0,13.5,4.8500000000000005,5.8500000000000005,-8.649999999999999,0.0
0.45,13.5,1.5,13.0,9.0,0.0,cash_out,cash_out,13.5,-1.5,13.5,4.3500000000000005,5.8500000000000005,-9.149999999999999,0.0
0.45,13.5,2.0,13.0,9.0,0.0,cash_out,cash_out,13.5,-2.0,13.5,3.8500000000000005,5.8500000000000005,-9.649999999999999,0.0
0.45,13.5,2.5,13.0,9.0,0.0,cash_out,cash_out,13.5,-2.5,13.5,3.3500000000000005,5.8500000000000005,-10.149999999999999,0.0
0.45,13.5,3.0,13.0,9.0,0.0,cash_out,cash_out,13.5,-3.0,13.5,2.8500000000000005,5.8500000000000005,-10.649999999999999,0.0
0.45,13.5,3.5,13.0,9.0,0.0,cash_out,cash_out,13.5,-3.5,13.5,2.3500000000000005,5.8500000000000005,-11.149999999999999,0.0
0.45,13.5,4.0,13.0,9.0,0.0,cash_out,cash_out,13.5,-4.0,13.5,1.8500000000000005,5.8500000000000005,-11.649999999999999,0.0
0.45,14.0,0.0,13.0,9.0,0.0,cash_out,cash_out,14.0,0.0,14.0,5.8500000000000005,5.8500000000000005,-8.149999999999999,0.0
0.45,14.0,0.5,13.0,9.0,0.0,cash_out,cash_out,14.0,-0.5,14.0,5.3500000000000005,5.8500000000000005,-8.649999999999999,0.0
0.45,14.0,1.0,13.0,9.0,0.0,cash_out,cash_out,14.0,-1.0,14.0,4.8500000000000005,5.8500000000000005,-9.149999999999999,0.0
0.45,14.0,1.5,13.0,9.0,0.0,cash_out,cash_out,14.0,-1.5,14.0,4.3500000000000005,5.8500000000000005,-9.649999999999999,0.0
0.45,14.0,2.0,13.0,9.0,0.0,cash_out,cash_out,14.0,-2.0,14.0,3.8500000000000005,5.8500000000000005,-10.149999999999999,0.0
0.45,14.0,2.5,13.0,9.0,0.0,cash_out,cash_out,14.0,-2.5,14.0,3.3500000000000005,5.8500000000000005,-10.649999999999999,0.0
0.45,14.0,3.0,13.0,9.0,0.0,cash_out,cash_out,14.0,-3.0,14.0,2.8500000000000005,5.8500000000000005,-11.149999999999999,0.0
0.45,14.0,3.5,13.0,9.0,0.0,cash_out,cash_out,14.0,-3.5,14.0,2.3500000000000005,5.8500000000000005,-11.649999999999999,0.0
0.45,14.0,4.0,13.0,9.0,0.0,cash_out,cash_out,14.0,-4.0,14.0,1.8500000000000005,5.8500000000000005,-12.149999999999999,0.0
0.45,14.5,0.0,13.0,9.0,0.0,cash_out,cash_out,14.5,0.0,14.5,5.8500000000000005,5.8500000000000005,-8.649999999999999,0.0
0.45,14.5,0.5,13.0,9.0,0.0,cash_out,cash_out,14.5,-0.5,14.5,5.3500000000000005,5.8500000000000005,-9.149999999999999,0.0
0.45,14.5,1.0,13.0,9.0,0.0,cash_out,cash_out,14.5,-1.0,14.5,4.8500000000000005,5.8500000000000005,-9.649999999999999,0.0
0.45,14.5,1.5,13.0,9.0,0.0,cash_out,cash_out,14.5,-1.5,14.5,4.3500000000000005,5.8500000000000005,-10.149999999999999,0.0
0.45,14.5,2.0,13.0,9.0,0.0,cash_out,cash_out,14.5,-2.0,14.5,3.8500000000000005,5.8500000000000005,-10.649999999999999,0.0
0.45,14.5,2.5,13.0,9.0,0.0,cash_out,cash_out,14.5,-2.5,14.5,3.3500000000000005,5.8500000000000005,-11.149999999999999,0.0
0.45,14.5,3.0,13.0,9.0,0.0,cash_out,cash_out,14.5,-3.0,14.5,2.8500000000000005,5.8500000000000005,-11.649999999999999,0.0
0.45,14.5,3.5,13.0,9.0,0.0,cash_out,cash_out,14.5,-3.5,14.5,2.3500000000000005,5.8500000000000005,-12.149999999999999,0.0
0.45,14.5,4.0,13.0,9.0,0.0,cash_out,cash_out,14.5,-4.0,14.5,1.8500000000000005,5.8500000000000005,-12.649999999999999,0.0
0.45,15.0,0.0,13.0,9.0,0.0,cash_out,cash_out,15.0,0.0,15.0,5.8500000000000005,5.8500000000000005,-9.149999999999999,0.0
0.45,15.0,0.5,13.0,9.0,0.0,cash_out,cash_out,15.0,-0.5,15.0,5.3500000000000005,5.8500000000000005,-9.649999999999999,0.0
0.45,15.0,1.0,13.0,9.0,0.0,cash_out,cash_out,15.0,-1.0,15.0,4.8500000000000005,5.8500000000000005,-10.149999999999999,0.0
0.45,15.0,1.5,13.0,9.0,0.0,cash_out,cash_out,15.0,-1.5,15.0,4.3500000000000005,5.8500000000000005,-10.649999999999999,0.0
0.45,15.0,2.0,13.0,9.0,0.0,cash_out,cash_out,15.0,-2.0,15.0,3.8500000000000005,5.8500000000000005,-11.149999999999999,0.0
0.45,15.0,2.5,13.0,9.0,0.0,cash_out,cash_out,15.0,-2.5,15.0,3.3500000000000005,5.8500000000000005,-11.649999999999999,0.0
0.45,15.0,3.0,13.0,9.0,0.0,cash_out,cash_out,15.0,-3.0,15.0,2.8500000000000005,5.8500000000000005,-12.149999999999999,0.0
0.45,15.0,3.5,13.0,9.0,0.0,cash_out,cash_out,15.0,-3.5,15.0,2.3500000000000005,5.8500000000000005,-12.649999999999999,0.0
0.45,15.0,4.0,13.0,9.0,0.0,cash_out,cash_out,15.0,-4.0,15.0,1.8500000000000005,5.8500000000000005,-13.149999999999999,0.0
0.45,15.5,0.0,13.0,9.0,0.0,cash_out,cash_out,15.5,0.0,15.5,5.8500000000000005,5.8500000000000005,-9.649999999999999,0.0
0.45,15.5,0.5,13.0,9.0,0.0,cash_out,cash_out,15.5,-0.5,15.5,5.3500000000000005,5.8500000000000005,-10.149999999999999,0.0
0.45,15.5,1.0,13.0,9.0,0.0,cash_out,cash_out,15.5,-1.0,15.5,4.8500000000000005,5.8500000000000005,-10.649999999999999,0.0
0.45,15.5,1.5,13.0,9.0,0.0,cash_out,cash_out,15.5,-1.5,15.5,4.3500000000000005,5.8500000000000005,-11.149999999999999,0.0
0.45,15.5,2.0,13.0,9.0,0.0,cash_out,cash_out,15.5,-2.0,15.5,3.8500000000000005,5.8500000000000005,-11.649999999999999,0.0
0.45,15.5,2.5,13.0,9.0,0.0,cash_out,cash_out,15.5,-2.5,15.5,3.3500000000000005,5.8500000000000005,-12.149999999999999,0.0
0.45,15.5,3.0,13.0,9.0,0.0,cash_out,cash_out,15.5,-3.0,15.5,2.8500000000000005,5.8500000000000005,-12.649999999999999,0.0
0.45,15.5,3.5,13.0,9.0,0.0,cash_out,cash_out,15.5,-3.5,15.5,2.3500000000000005,5.8500000000000005,-13.149999999999999,0.0
0.45,15.5,4.0,13.0,9.0,0.0,cash_out,cash_out,15.5,-4.0,15.5,1.8500000000000005,5.8500000000000005,-13.649999999999999,0.0
0.45,16.0,0.0,13.0,9.0,0.0,cash_out,cash_out,16.0,0.0,16.0,5.8500000000000005,5.8500000000000005,-10.149999999999999,0.0
0.45,16.0,0.5,13.0,9.0,0.0,cash_out,cash_out,16.0,-0.5,16.0,5.3500000000000005,5.8500000000000005,-10.649999999999999,0.0
0.45,16.0,1.0,13.0,9.0,0.0,cash_out,cash_out,16.0,-1.0,16.0,4.8500000000000005,5.8500000000000005,-11.149999999999999,0.0
0.45,16.0,1.5,13.0,9.0,0.0,cash_out,cash_out,16.0,-1.5,16.0,4.3500000000000005,5.8500000000000005,-11.649999999999999,0.0
0.45,16.0,2.0,13.0,9.0,0.0,cash_out,cash_out,16.0,-2.0,16.0,3.8500000000000005,5.8500000000000005,-12.149999999999999,0.0
0.45,16.0,2.5,13.0,9.0,0.0,cash_out,cash_out,16.0,-2.5,16.0,3.3500000000000005,5.8500000000000005,-12.649999999999999,0.0
0.45,16.0,3.0,13.0,9.0,0.0,cash_out,cash_out,16.0,-3.0,16.0,2.8500000000000005,5.8500000000000005,-13.149999999999999,0.0
0.45,16.0,3.5,13.0,9.0,0.0,cash_out,cash_out,16.0,-3.5,16.0,2.3500000000000005,5.8500000000000005,-13.649999999999999,0.0
0.45,16.0,4.0,13.0,9.0,0.0,cash_out,cash_out,16.0,-4.0,16.0,1.8500000000000005,5.8500000000000005,-14.149999999999999,0.0
0.45,16.5,0.0,13.0,9.0,0.0,cash_out,cash_out,16.5,0.0,16.5,5.8500000000000005,5.8500000000000005,-10.649999999999999,0.0
0.45,16.5,0.5,13.0,9.0,0.0,cash_out,cash_out,16.5,-0.5,16.5,5.3500000000000005,5.8500000000000005,-11.149999999999999,0.0
0.45,16.5,1.0,13.0,9.0,0.0,cash_out,cash_out,16.5,-1.0,16.5,4.8500000000000005,5.8500000000000005,-11.649999999999999,0.0
0.45,16.5,1.5,13.0,9.0,0.0,cash_out,cash_out,16.5,-1.5,16.5,4.3500000000000005,5.8500000000000005,-12.149999999999999,0.0
0.45,16.5,2.0,13.0,9.0,0.0,cash_out,cash_out,16.5,-2.0,16.5,3.8500000000000005,5.8500000000000005,-12.649999999999999,0.0
0.45,16.5,2.5,13.0,9.0,0.0,cash_out,cash_out,16.5,-2.5,16.5,3.3500000000000005,5.8500000000000005,-13.149999999999999,0.0
0.45,16.5,3.0,13.0,9.0,0.0,cash_out,cash_out,16.5,-3.0,16.5,2.8500000000000005,5.8500000000000005,-13.649999999999999,0.0
0.45,16.5,3.5,13.0,9.0,0.0,cash_out,cash_out,16.5,-3.5,16.5,2.3500000000000005,5.8500000000000005,-14.149999999999999,0.0
0.45,16.5,4.0,13.0,9.0,0.0,cash_out,cash_out,16.5,-4.0,16.5,1.8500000000000005,5.8500000000000005,-14.649999999999999,0.0
0.45,17.0,0.0,13.0,9.0,0.0,cash_out,cash_out,17.0,0.0,17.0,5.8500000000000005,5.8500000000000005,-11.149999999999999,0.0
0.45,17.0,0.5,13.0,9.0,0.0,cash_out,cash_out,17.0,-0.5,17.0,5.3500000000000005,5.8500000000000005,-11.649999999999999,0.0
0.45,17.0,1.0,13.0,9.0,0.0,cash_out,cash_out,17.0,-1.0,17.0,4.8500000000000005,5.8500000000000005,-12.149999999999999,0.0
0.45,17.0,1.5,13.0,9.0,0.0,cash_out,cash_out,17.0,-1.5,17.0,4.3500000000000005,5.8500000000000005,-12.649999999999999,0.0
0.45,17.0,2.0,13.0,9.0,0.0,cash_out,cash_out,17.0,-2.0,17.0,3.8500000000000005,5.8500000000000005,-13.149999999999999,0.0
0.45,17.0,2.5,13.0,9.0,0.0,cash_out,cash_out,17.0,-2.5,17.0,3.3500000000000005,5.8500000000000005,-13.649999999999999,0.0
0.45,17.0,3.0,13.0,9.0,0.0,cash_out,cash_out,17.0,-3.0,17.0,2.8500000000000005,5.8500000000000005,-14.149999999999999,0.0
0.45,17.0,3.5,13.0,9.0,0.0,cash_out,cash_out,17.0,-3.5,17.0,2.3500000000000005,5.8500000000000005,-14.649999999999999,0.0
0.45,17.0,4.0,13.0,9.0,0.0,cash_out,cash_out,17.0,-4.0,17.0,1.8500000000000005,5.8500000000000005,-15.149999999999999,0.0
0.45,17.5,0.0,13.0,9.0,0.0,cash_out,cash_out,17.5,0.0,17.5,5.8500000000000005,5.8500000000000005,-11.649999999999999,0.0
0.45,17.5,0.5,13.0,9.0,0.0,cash_out,cash_out,17.5,-0.5,17.5,5.3500000000000005,5.8500000000000005,-12.149999999999999,0.0
0.45,17.5,1.0,13.0,9.0,0.0,cash_out,cash_out,17.5,-1.0,17.5,4.8500000000000005,5.8500000000000005,-12.649999999999999,0.0
0.45,17.5,1.5,13.0,9.0,0.0,cash_out,cash_out,17.5,-1.5,17.5,4.3500000000000005,5.8500000000000005,-13.149999999999999,0.0
0.45,17.5,2.0,13.0,9.0,0.0,cash_out,cash_out,17.5,-2.0,17.5,3.8500000000000005,5.8500000000000005,-13.649999999999999,0.0
0.45,17.5,2.5,13.0,9.0,0.0,cash_out,cash_out,17.5,-2.5,17.5,3.3500000000000005,5.8500000000000005,-14.149999999999999,0.0
0.45,17.5,3.0,13.0,9.0,0.0,cash_out,cash_out,17.5,-3.0,17.5,2.8500000000000005,5.8500000000000005,-14.649999999999999,0.0
0.45,17.5,3.5,13.0,9.0,0.0,cash_out,cash_out,17.5,-3.5,17.5,2.3500000000000005,5.8500000000000005,-15.149999999999999,0.0
0.45,17.5,4.0,13.0,9.0,0.0,cash_out,cash_out,17.5,-4.0,17.5,1.8500000000000005,5.8500000000000005,-15.649999999999999,0.0
0.45,18.0,0.0,13.0,9.0,0.0,cash_out,cash_out,18.0,0.0,18.0,5.8500000000000005,5.8500000000000005,-12.149999999999999,0.0
0.45,18.0,0.5,13.0,9.0,0.0,cash_out,cash_out,18.0,-0.5,18.0,5.3500000000000005,5.8500000000000005,-12.649999999999999,0.0
0.45,18.0,1.0,13.0,9.0,0.0,cash_out,cash_out,18.0,-1.0,18.0,4.8500000000000005,5.8500000000000005,-13.149999999999999,0.0
0.45,18.0,1.5,13.0,9.0,0.0,cash_out,cash_out,18.0,-1.5,18.0,4.3500000000000005,5.8500000000000005,-13.649999999999999,0.0
0.45,18.0,2.0,13.0,9.0,0.0,cash_out,cash_out,18.0,-2.0,18.0,3.8500000000000005,5.8500000000000005,-14.149999999999999,0.0
0.45,18.0,2.5,13.0,9.0,0.0,cash_out,cash_out,18.0,-2.5,18.0,3.3500000000000005,5.8500000000000005,-14.649999999999999,0.0
0.45,18.0,3.0,13.0,9.0,0.0,cash_out,cash_out,18.0,-3.0,18.0,2.8500000000000005,5.8500000000000005,-15.149999999999999,0.0
0.45,18.0,3.5,13.0,9.0,0.0,cash_out,cash_out,18.0,-3.5,18.0,2.3500000000000005,5.8500000000000005,-15.649999999999999,0.0
0.45,18.0,4.0,13.0,9.0,0.0,cash_out,cash_out,18.0,-4.0,18.0,1.8500000000000005,5.8500000000000005,-16.15,0.0
0.5,6.0,0.0,13.0,9.0,0.0,cash_out,preserve_option,6.0,0.0,6.0,6.5,6.5,0.5,1.0
0.5,6.0,0.5,13.0,9.0,0.0,cash_out,cash_out,6.0,-0.5,6.0,6.0,6.5,0.0,0.0
0.5,6.0,1.0,13.0,9.0,0.0,cash_out,cash_out,6.0,-1.0,6.0,5.5,6.5,-0.5,0.0
0.5,6.0,1.5,13.0,9.0,0.0,cash_out,cash_out,6.0,-1.5,6.0,5.0,6.5,-1.0,0.0
0.5,6.0,2.0,13.0,9.0,0.0,cash_out,cash_out,6.0,-2.0,6.0,4.5,6.5,-1.5,0.0
0.5,6.0,2.5,13.0,9.0,0.0,cash_out,cash_out,6.0,-2.5,6.0,4.0,6.5,-2.0,0.0
0.5,6.0,3.0,13.0,9.0,0.0,cash_out,cash_out,6.0,-3.0,6.0,3.5,6.5,-2.5,0.0
0.5,6.0,3.5,13.0,9.0,0.0,cash_out,cash_out,6.0,-3.5,6.0,3.0,6.5,-3.0,0.0
0.5,6.0,4.0,13.0,9.0,0.0,cash_out,cash_out,6.0,-4.0,6.0,2.5,6.5,-3.5,0.0
0.5,6.5,0.0,13.0,9.0,0.0,cash_out,cash_out,6.5,0.0,6.5,6.5,6.5,0.0,0.0
0.5,6.5,0.5,13.0,9.0,0.0,cash_out,cash_out,6.5,-0.5,6.5,6.0,6.5,-0.5,0.0
0.5,6.5,1.0,13.0,9.0,0.0,cash_out,cash_out,6.5,-1.0,6.5,5.5,6.5,-1.0,0.0
0.5,6.5,1.5,13.0,9.0,0.0,cash_out,cash_out,6.5,-1.5,6.5,5.0,6.5,-1.5,0.0
0.5,6.5,2.0,13.0,9.0,0.0,cash_out,cash_out,6.5,-2.0,6.5,4.5,6.5,-2.0,0.0
0.5,6.5,2.5,13.0,9.0,0.0,cash_out,cash_out,6.5,-2.5,6.5,4.0,6.5,-2.5,0.0
0.5,6.5,3.0,13.0,9.0,0.0,cash_out,cash_out,6.5,-3.0,6.5,3.5,6.5,-3.0,0.0
0.5,6.5,3.5,13.0,9.0,0.0,cash_out,cash_out,6.5,-3.5,6.5,3.0,6.5,-3.5,0.0
0.5,6.5,4.0,13.0,9.0,0.0,cash_out,cash_out,6.5,-4.0,6.5,2.5,6.5,-4.0,0.0
0.5,7.0,0.0,13.0,9.0,0.0,cash_out,cash_out,7.0,0.0,7.0,6.5,6.5,-0.5,0.0
0.5,7.0,0.5,13.0,9.0,0.0,cash_out,cash_out,7.0,-0.5,7.0,6.0,6.5,-1.0,0.0
0.5,7.0,1.0,13.0,9.0,0.0,cash_out,cash_out,7.0,-1.0,7.0,5.5,6.5,-1.5,0.0
0.5,7.0,1.5,13.0,9.0,0.0,cash_out,cash_out,7.0,-1.5,7.0,5.0,6.5,-2.0,0.0
0.5,7.0,2.0,13.0,9.0,0.0,cash_out,cash_out,7.0,-2.0,7.0,4.5,6.5,-2.5,0.0
0.5,7.0,2.5,13.0,9.0,0.0,cash_out,cash_out,7.0,-2.5,7.0,4.0,6.5,-3.0,0.0
0.5,7.0,3.0,13.0,9.0,0.0,cash_out,cash_out,7.0,-3.0,7.0,3.5,6.5,-3.5,0.0
0.5,7.0,3.5,13.0,9.0,0.0,cash_out,cash_out,7.0,-3.5,7.0,3.0,6.5,-4.0,0.0
0.5,7.0,4.0,13.0,9.0,0.0,cash_out,cash_out,7.0,-4.0,7.0,2.5,6.5,-4.5,0.0
0.5,7.5,0.0,13.0,9.0,0.0,cash_out,cash_out,7.5,0.0,7.5,6.5,6.5,-1.0,0.0
0.5,7.5,0.5,13.0,9.0,0.0,cash_out,cash_out,7.5,-0.5,7.5,6.0,6.5,-1.5,0.0
0.5,7.5,1.0,13.0,9.0,0.0,cash_out,cash_out,7.5,-1.0,7.5,5.5,6.5,-2.0,0.0
0.5,7.5,1.5,13.0,9.0,0.0,cash_out,cash_out,7.5,-1.5,7.5,5.0,6.5,-2.5,0.0
0.5,7.5,2.0,13.0,9.0,0.0,cash_out,cash_out,7.5,-2.0,7.5,4.5,6.5,-3.0,0.0
0.5,7.5,2.5,13.0,9.0,0.0,cash_out,cash_out,7.5,-2.5,7.5,4.0,6.5,-3.5,0.0
0.5,7.5,3.0,13.0,9.0,0.0,cash_out,cash_out,7.5,-3.0,7.5,3.5,6.5,-4.0,0.0
0.5,7.5,3.5,13.0,9.0,0.0,cash_out,cash_out,7.5,-3.5,7.5,3.0,6.5,-4.5,0.0
0.5,7.5,4.0,13.0,9.0,0.0,cash_out,cash_out,7.5,-4.0,7.5,2.5,6.5,-5.0,0.0
0.5,8.0,0.0,13.0,9.0,0.0,cash_out,cash_out,8.0,0.0,8.0,6.5,6.5,-1.5,0.0
0.5,8.0,0.5,13.0,9.0,0.0,cash_out,cash_out,8.0,-0.5,8.0,6.0,6.5,-2.0,0.0
0.5,8.0,1.0,13.0,9.0,0.0,cash_out,cash_out,8.0,-1.0,8.0,5.5,6.5,-2.5,0.0
0.5,8.0,1.5,13.0,9.0,0.0,cash_out,cash_out,8.0,-1.5,8.0,5.0,6.5,-3.0,0.0
0.5,8.0,2.0,13.0,9.0,0.0,cash_out,cash_out,8.0,-2.0,8.0,4.5,6.5,-3.5,0.0
0.5,8.0,2.5,13.0,9.0,0.0,cash_out,cash_out,8.0,-2.5,8.0,4.0,6.5,-4.0,0.0
0.5,8.0,3.0,13.0,9.0,0.0,cash_out,cash_out,8.0,-3.0,8.0,3.5,6.5,-4.5,0.0
0.5,8.0,3.5,13.0,9.0,0.0,cash_out,cash_out,8.0,-3.5,8.0,3.0,6.5,-5.0,0.0
0.5,8.0,4.0,13.0,9.0,0.0,cash_out,cash_out,8.0,-4.0,8.0,2.5,6.5,-5.5,0.0
0.5,8.5,0.0,13.0,9.0,0.0,cash_out,cash_out,8.5,0.0,8.5,6.5,6.5,-2.0,0.0
0.5,8.5,0.5,13.0,9.0,0.0,cash_out,cash_out,8.5,-0.5,8.5,6.0,6.5,-2.5,0.0
0.5,8.5,1.0,13.0,9.0,0.0,cash_out,cash_out,8.5,-1.0,8.5,5.5,6.5,-3.0,0.0
0.5,8.5,1.5,13.0,9.0,0.0,cash_out,cash_out,8.5,-1.5,8.5,5.0,6.5,-3.5,0.0
0.5,8.5,2.0,13.0,9.0,0.0,cash_out,cash_out,8.5,-2.0,8.5,4.5,6.5,-4.0,0.0
0.5,8.5,2.5,13.0,9.0,0.0,cash_out,cash_out,8.5,-2.5,8.5,4.0,6.5,-4.5,0.0
0.5,8.5,3.0,13.0,9.0,0.0,cash_out,cash_out,8.5,-3.0,8.5,3.5,6.5,-5.0,0.0
0.5,8.5,3.5,13.0,9.0,0.0,cash_out,cash_out,8.5,-3.5,8.5,3.0,6.5,-5.5,0.0
0.5,8.5,4.0,13.0,9.0,0.0,cash_out,cash_out,8.5,-4.0,8.5,2.5,6.5,-6.0,0.0
0.5,9.0,0.0,13.0,9.0,0.0,cash_out,cash_out,9.0,0.0,9.0,6.5,6.5,-2.5,0.0
0.5,9.0,0.5,13.0,9.0,0.0,cash_out,cash_out,9.0,-0.5,9.0,6.0,6.5,-3.0,0.0
0.5,9.0,1.0,13.0,9.0,0.0,cash_out,cash_out,9.0,-1.0,9.0,5.5,6.5,-3.5,0.0
0.5,9.0,1.5,13.0,9.0,0.0,cash_out,cash_out,9.0,-1.5,9.0,5.0,6.5,-4.0,0.0
0.5,9.0,2.0,13.0,9.0,0.0,cash_out,cash_out,9.0,-2.0,9.0,4.5,6.5,-4.5,0.0
0.5,9.0,2.5,13.0,9.0,0.0,cash_out,cash_out,9.0,-2.5,9.0,4.0,6.5,-5.0,0.0
0.5,9.0,3.0,13.0,9.0,0.0,cash_out,cash_out,9.0,-3.0,9.0,3.5,6.5,-5.5,0.0
0.5,9.0,3.5,13.0,9.0,0.0,cash_out,cash_out,9.0,-3.5,9.0,3.0,6.5,-6.0,0.0
0.5,9.0,4.0,13.0,9.0,0.0,cash_out,cash_out,9.0,-4.0,9.0,2.5,6.5,-6.5,0.0
0.5,9.5,0.0,13.0,9.0,0.0,cash_out,cash_out,9.5,0.0,9.5,6.5,6.5,-3.0,0.0
0.5,9.5,0.5,13.0,9.0,0.0,cash_out,cash_out,9.5,-0.5,9.5,6.0,6.5,-3.5,0.0
0.5,9.5,1.0,13.0,9.0,0.0,cash_out,cash_out,9.5,-1.0,9.5,5.5,6.5,-4.0,0.0
0.5,9.5,1.5,13.0,9.0,0.0,cash_out,cash_out,9.5,-1.5,9.5,5.0,6.5,-4.5,0.0
0.5,9.5,2.0,13.0,9.0,0.0,cash_out,cash_out,9.5,-2.0,9.5,4.5,6.5,-5.0,0.0
0.5,9.5,2.5,13.0,9.0,0.0,cash_out,cash_out,9.5,-2.5,9.5,4.0,6.5,-5.5,0.0
0.5,9.5,3.0,13.0,9.0,0.0,cash_out,cash_out,9.5,-3.0,9.5,3.5,6.5,-6.0,0.0
0.5,9.5,3.5,13.0,9.0,0.0,cash_out,cash_out,9.5,-3.5,9.5,3.0,6.5,-6.5,0.0
0.5,9.5,4.0,13.0,9.0,0.0,cash_out,cash_out,9.5,-4.0,9.5,2.5,6.5,-7.0,0.0
0.5,10.0,0.0,13.0,9.0,0.0,cash_out,cash_out,10.0,0.0,10.0,6.5,6.5,-3.5,0.0
0.5,10.0,0.5,13.0,9.0,0.0,cash_out,cash_out,10.0,-0.5,10.0,6.0,6.5,-4.0,0.0
0.5,10.0,1.0,13.0,9.0,0.0,cash_out,cash_out,10.0,-1.0,10.0,5.5,6.5,-4.5,0.0
0.5,10.0,1.5,13.0,9.0,0.0,cash_out,cash_out,10.0,-1.5,10.0,5.0,6.5,-5.0,0.0
0.5,10.0,2.0,13.0,9.0,0.0,cash_out,cash_out,10.0,-2.0,10.0,4.5,6.5,-5.5,0.0
0.5,10.0,2.5,13.0,9.0,0.0,cash_out,cash_out,10.0,-2.5,10.0,4.0,6.5,-6.0,0.0
0.5,10.0,3.0,13.0,9.0,0.0,cash_out,cash_out,10.0,-3.0,10.0,3.5,6.5,-6.5,0.0
0.5,10.0,3.5,13.0,9.0,0.0,cash_out,cash_out,10.0,-3.5,10.0,3.0,6.5,-7.0,0.0
0.5,10.0,4.0,13.0,9.0,0.0,cash_out,cash_out,10.0,-4.0,10.0,2.5,6.5,-7.5,0.0
0.5,10.5,0.0,13.0,9.0,0.0,cash_out,cash_out,10.5,0.0,10.5,6.5,6.5,-4.0,0.0
0.5,10.5,0.5,13.0,9.0,0.0,cash_out,cash_out,10.5,-0.5,10.5,6.0,6.5,-4.5,0.0
0.5,10.5,1.0,13.0,9.0,0.0,cash_out,cash_out,10.5,-1.0,10.5,5.5,6.5,-5.0,0.0
0.5,10.5,1.5,13.0,9.0,0.0,cash_out,cash_out,10.5,-1.5,10.5,5.0,6.5,-5.5,0.0
0.5,10.5,2.0,13.0,9.0,0.0,cash_out,cash_out,10.5,-2.0,10.5,4.5,6.5,-6.0,0.0
0.5,10.5,2.5,13.0,9.0,0.0,cash_out,cash_out,10.5,-2.5,10.5,4.0,6.5,-6.5,0.0
0.5,10.5,3.0,13.0,9.0,0.0,cash_out,cash_out,10.5,-3.0,10.5,3.5,6.5,-7.0,0.0
0.5,10.5,3.5,13.0,9.0,0.0,cash_out,cash_out,10.5,-3.5,10.5,3.0,6.5,-7.5,0.0
0.5,10.5,4.0,13.0,9.0,0.0,cash_out,cash_out,10.5,-4.0,10.5,2.5,6.5,-8.0,0.0
0.5,11.0,0.0,13.0,9.0,0.0,cash_out,cash_out,11.0,0.0,11.0,6.5,6.5,-4.5,0.0
0.5,11.0,0.5,13.0,9.0,0.0,cash_out,cash_out,11.0,-0.5,11.0,6.0,6.5,-5.0,0.0
0.5,11.0,1.0,13.0,9.0,0.0,cash_out,cash_out,11.0,-1.0,11.0,5.5,6.5,-5.5,0.0
0.5,11.0,1.5,13.0,9.0,0.0,cash_out,cash_out,11.0,-1.5,11.0,5.0,6.5,-6.0,0.0
0.5,11.0,2.0,13.0,9.0,0.0,cash_out,cash_out,11.0,-2.0,11.0,4.5,6.5,-6.5,0.0
0.5,11.0,2.5,13.0,9.0,0.0,cash_out,cash_out,11.0,-2.5,11.0,4.0,6.5,-7.0,0.0
0.5,11.0,3.0,13.0,9.0,0.0,cash_out,cash_out,11.0,-3.0,11.0,3.5,6.5,-7.5,0.0
0.5,11.0,3.5,13.0,9.0,0.0,cash_out,cash_out,11.0,-3.5,11.0,3.0,6.5,-8.0,0.0
0.5,11.0,4.0,13.0,9.0,0.0,cash_out,cash_out,11.0,-4.0,11.0,2.5,6.5,-8.5,0.0
0.5,11.5,0.0,13.0,9.0,0.0,cash_out,cash_out,11.5,0.0,11.5,6.5,6.5,-5.0,0.0
0.5,11.5,0.5,13.0,9.0,0.0,cash_out,cash_out,11.5,-0.5,11.5,6.0,6.5,-5.5,0.0
0.5,11.5,1.0,13.0,9.0,0.0,cash_out,cash_out,11.5,-1.0,11.5,5.5,6.5,-6.0,0.0
0.5,11.5,1.5,13.0,9.0,0.0,cash_out,cash_out,11.5,-1.5,11.5,5.0,6.5,-6.5,0.0
0.5,11.5,2.0,13.0,9.0,0.0,cash_out,cash_out,11.5,-2.0,11.5,4.5,6.5,-7.0,0.0
0.5,11.5,2.5,13.0,9.0,0.0,cash_out,cash_out,11.5,-2.5,11.5,4.0,6.5,-7.5,0.0
0.5,11.5,3.0,13.0,9.0,0.0,cash_out,cash_out,11.5,-3.0,11.5,3.5,6.5,-8.0,0.0
0.5,11.5,3.5,13.0,9.0,0.0,cash_out,cash_out,11.5,-3.5,11.5,3.0,6.5,-8.5,0.0
0.5,11.5,4.0,13.0,9.0,0.0,cash_out,cash_out,11.5,-4.0,11.5,2.5,6.5,-9.0,0.0
0.5,12.0,0.0,13.0,9.0,0.0,cash_out,cash_out,12.0,0.0,12.0,6.5,6.5,-5.5,0.0
0.5,12.0,0.5,13.0,9.0,0.0,cash_out,cash_out,12.0,-0.5,12.0,6.0,6.5,-6.0,0.0
0.5,12.0,1.0,13.0,9.0,0.0,cash_out,cash_out,12.0,-1.0,12.0,5.5,6.5,-6.5,0.0
0.5,12.0,1.5,13.0,9.0,0.0,cash_out,cash_out,12.0,-1.5,12.0,5.0,6.5,-7.0,0.0
0.5,12.0,2.0,13.0,9.0,0.0,cash_out,cash_out,12.0,-2.0,12.0,4.5,6.5,-7.5,0.0
0.5,12.0,2.5,13.0,9.0,0.0,cash_out,cash_out,12.0,-2.5,12.0,4.0,6.5,-8.0,0.0
0.5,12.0,3.0,13.0,9.0,0.0,cash_out,cash_out,12.0,-3.0,12.0,3.5,6.5,-8.5,0.0
0.5,12.0,3.5,13.0,9.0,0.0,cash_out,cash_out,12.0,-3.5,12.0,3.0,6.5,-9.0,0.0
0.5,12.0,4.0,13.0,9.0,0.0,cash_out,cash_out,12.0,-4.0,12.0,2.5,6.5,-9.5,0.0
0.5,12.5,0.0,13.0,9.0,0.0,cash_out,cash_out,12.5,0.0,12.5,6.5,6.5,-6.0,0.0
0.5,12.5,0.5,13.0,9.0,0.0,cash_out,cash_out,12.5,-0.5,12.5,6.0,6.5,-6.5,0.0
0.5,12.5,1.0,13.0,9.0,0.0,cash_out,cash_out,12.5,-1.0,12.5,5.5,6.5,-7.0,0.0
0.5,12.5,1.5,13.0,9.0,0.0,cash_out,cash_out,12.5,-1.5,12.5,5.0,6.5,-7.5,0.0
0.5,12.5,2.0,13.0,9.0,0.0,cash_out,cash_out,12.5,-2.0,12.5,4.5,6.5,-8.0,0.0
0.5,12.5,2.5,13.0,9.0,0.0,cash_out,cash_out,12.5,-2.5,12.5,4.0,6.5,-8.5,0.0
0.5,12.5,3.0,13.0,9.0,0.0,cash_out,cash_out,12.5,-3.0,12.5,3.5,6.5,-9.0,0.0
0.5,12.5,3.5,13.0,9.0,0.0,cash_out,cash_out,12.5,-3.5,12.5,3.0,6.5,-9.5,0.0
0.5,12.5,4.0,13.0,9.0,0.0,cash_out,cash_out,12.5,-4.0,12.5,2.5,6.5,-10.0,0.0
0.5,13.0,0.0,13.0,9.0,0.0,cash_out,cash_out,13.0,0.0,13.0,6.5,6.5,-6.5,0.0
0.5,13.0,0.5,13.0,9.0,0.0,cash_out,cash_out,13.0,-0.5,13.0,6.0,6.5,-7.0,0.0
0.5,13.0,1.0,13.0,9.0,0.0,cash_out,cash_out,13.0,-1.0,13.0,5.5,6.5,-7.5,0.0
0.5,13.0,1.5,13.0,9.0,0.0,cash_out,cash_out,13.0,-1.5,13.0,5.0,6.5,-8.0,0.0
0.5,13.0,2.0,13.0,9.0,0.0,cash_out,cash_out,13.0,-2.0,13.0,4.5,6.5,-8.5,0.0
0.5,13.0,2.5,13.0,9.0,0.0,cash_out,cash_out,13.0,-2.5,13.0,4.0,6.5,-9.0,0.0
0.5,13.0,3.0,13.0,9.0,0.0,cash_out,cash_out,13.0,-3.0,13.0,3.5,6.5,-9.5,0.0
0.5,13.0,3.5,13.0,9.0,0.0,cash_out,cash_out,13.0,-3.5,13.0,3.0,6.5,-10.0,0.0
0.5,13.0,4.0,13.0,9.0,0.0,cash_out,cash_out,13.0,-4.0,13.0,2.5,6.5,-10.5,0.0
0.5,13.5,0.0,13.0,9.0,0.0,cash_out,cash_out,13.5,0.0,13.5,6.5,6.5,-7.0,0.0
0.5,13.5,0.5,13.0,9.0,0.0,cash_out,cash_out,13.5,-0.5,13.5,6.0,6.5,-7.5,0.0
0.5,13.5,1.0,13.0,9.0,0.0,cash_out,cash_out,13.5,-1.0,13.5,5.5,6.5,-8.0,0.0
0.5,13.5,1.5,13.0,9.0,0.0,cash_out,cash_out,13.5,-1.5,13.5,5.0,6.5,-8.5,0.0
0.5,13.5,2.0,13.0,9.0,0.0,cash_out,cash_out,13.5,-2.0,13.5,4.5,6.5,-9.0,0.0
0.5,13.5,2.5,13.0,9.0,0.0,cash_out,cash_out,13.5,-2.5,13.5,4.0,6.5,-9.5,0.0
0.5,13.5,3.0,13.0,9.0,0.0,cash_out,cash_out,13.5,-3.0,13.5,3.5,6.5,-10.0,0.0
0.5,13.5,3.5,13.0,9.0,0.0,cash_out,cash_out,13.5,-3.5,13.5,3.0,6.5,-10.5,0.0
0.5,13.5,4.0,13.0,9.0,0.0,cash_out,cash_out,13.5,-4.0,13.5,2.5,6.5,-11.0,0.0
0.5,14.0,0.0,13.0,9.0,0.0,cash_out,cash_out,14.0,0.0,14.0,6.5,6.5,-7.5,0.0
0.5,14.0,0.5,13.0,9.0,0.0,cash_out,cash_out,14.0,-0.5,14.0,6.0,6.5,-8.0,0.0
0.5,14.0,1.0,13.0,9.0,0.0,cash_out,cash_out,14.0,-1.0,14.0,5.5,6.5,-8.5,0.0
0.5,14.0,1.5,13.0,9.0,0.0,cash_out,cash_out,14.0,-1.5,14.0,5.0,6.5,-9.0,0.0
0.5,14.0,2.0,13.0,9.0,0.0,cash_out,cash_out,14.0,-2.0,14.0,4.5,6.5,-9.5,0.0
0.5,14.0,2.5,13.0,9.0,0.0,cash_out,cash_out,14.0,-2.5,14.0,4.0,6.5,-10.0,0.0
0.5,14.0,3.0,13.0,9.0,0.0,cash_out,cash_out,14.0,-3.0,14.0,3.5,6.5,-10.5,0.0
0.5,14.0,3.5,13.0,9.0,0.0,cash_out,cash_out,14.0,-3.5,14.0,3.0,6.5,-11.0,0.0
0.5,14.0,4.0,13.0,9.0,0.0,cash_out,cash_out,14.0,-4.0,14.0,2.5,6.5,-11.5,0.0
0.5,14.5,0.0,13.0,9.0,0.0,cash_out,cash_out,14.5,0.0,14.5,6.5,6.5,-8.0,0.0
0.5,14.5,0.5,13.0,9.0,0.0,cash_out,cash_out,14.5,-0.5,14.5,6.0,6.5,-8.5,0.0
0.5,14.5,1.0,13.0,9.0,0.0,cash_out,cash_out,14.5,-1.0,14.5,5.5,6.5,-9.0,0.0
0.5,14.5,1.5,13.0,9.0,0.0,cash_out,cash_out,14.5,-1.5,14.5,5.0,6.5,-9.5,0.0
0.5,14.5,2.0,13.0,9.0,0.0,cash_out,cash_out,14.5,-2.0,14.5,4.5,6.5,-10.0,0.0
0.5,14.5,2.5,13.0,9.0,0.0,cash_out,cash_out,14.5,-2.5,14.5,4.0,6.5,-10.5,0.0
0.5,14.5,3.0,13.0,9.0,0.0,cash_out,cash_out,14.5,-3.0,14.5,3.5,6.5,-11.0,0.0
0.5,14.5,3.5,13.0,9.0,0.0,cash_out,cash_out,14.5,-3.5,14.5,3.0,6.5,-11.5,0.0
0.5,14.5,4.0,13.0,9.0,0.0,cash_out,cash_out,14.5,-4.0,14.5,2.5,6.5,-12.0,0.0
0.5,15.0,0.0,13.0,9.0,0.0,cash_out,cash_out,15.0,0.0,15.0,6.5,6.5,-8.5,0.0
0.5,15.0,0.5,13.0,9.0,0.0,cash_out,cash_out,15.0,-0.5,15.0,6.0,6.5,-9.0,0.0
0.5,15.0,1.0,13.0,9.0,0.0,cash_out,cash_out,15.0,-1.0,15.0,5.5,6.5,-9.5,0.0
0.5,15.0,1.5,13.0,9.0,0.0,cash_out,cash_out,15.0,-1.5,15.0,5.0,6.5,-10.0,0.0
0.5,15.0,2.0,13.0,9.0,0.0,cash_out,cash_out,15.0,-2.0,15.0,4.5,6.5,-10.5,0.0
0.5,15.0,2.5,13.0,9.0,0.0,cash_out,cash_out,15.0,-2.5,15.0,4.0,6.5,-11.0,0.0
0.5,15.0,3.0,13.0,9.0,0.0,cash_out,cash_out,15.0,-3.0,15.0,3.5,6.5,-11.5,0.0
0.5,15.0,3.5,13.0,9.0,0.0,cash_out,cash_out,15.0,-3.5,15.0,3.0,6.5,-12.0,0.0
0.5,15.0,4.0,13.0,9.0,0.0,cash_out,cash_out,15.0,-4.0,15.0,2.5,6.5,-12.5,0.0
0.5,15.5,0.0,13.0,9.0,0.0,cash_out,cash_out,15.5,0.0,15.5,6.5,6.5,-9.0,0.0
0.5,15.5,0.5,13.0,9.0,0.0,cash_out,cash_out,15.5,-0.5,15.5,6.0,6.5,-9.5,0.0
0.5,15.5,1.0,13.0,9.0,0.0,cash_out,cash_out,15.5,-1.0,15.5,5.5,6.5,-10.0,0.0
0.5,15.5,1.5,13.0,9.0,0.0,cash_out,cash_out,15.5,-1.5,15.5,5.0,6.5,-10.5,0.0
0.5,15.5,2.0,13.0,9.0,0.0,cash_out,cash_out,15.5,-2.0,15.5,4.5,6.5,-11.0,0.0
0.5,15.5,2.5,13.0,9.0,0.0,cash_out,cash_out,15.5,-2.5,15.5,4.0,6.5,-11.5,0.0
0.5,15.5,3.0,13.0,9.0,0.0,cash_out,cash_out,15.5,-3.0,15.5,3.5,6.5,-12.0,0.0
0.5,15.5,3.5,13.0,9.0,0.0,cash_out,cash_out,15.5,-3.5,15.5,3.0,6.5,-12.5,0.0
0.5,15.5,4.0,13.0,9.0,0.0,cash_out,cash_out,15.5,-4.0,15.5,2.5,6.5,-13.0,0.0
0.5,16.0,0.0,13.0,9.0,0.0,cash_out,cash_out,16.0,0.0,16.0,6.5,6.5,-9.5,0.0
0.5,16.0,0.5,13.0,9.0,0.0,cash_out,cash_out,16.0,-0.5,16.0,6.0,6.5,-10.0,0.0
0.5,16.0,1.0,13.0,9.0,0.0,cash_out,cash_out,16.0,-1.0,16.0,5.5,6.5,-10.5,0.0
0.5,16.0,1.5,13.0,9.0,0.0,cash_out,cash_out,16.0,-1.5,16.0,5.0,6.5,-11.0,0.0
0.5,16.0,2.0,13.0,9.0,0.0,cash_out,cash_out,16.0,-2.0,16.0,4.5,6.5,-11.5,0.0
0.5,16.0,2.5,13.0,9.0,0.0,cash_out,cash_out,16.0,-2.5,16.0,4.0,6.5,-12.0,0.0
0.5,16.0,3.0,13.0,9.0,0.0,cash_out,cash_out,16.0,-3.0,16.0,3.5,6.5,-12.5,0.0
0.5,16.0,3.5,13.0,9.0,0.0,cash_out,cash_out,16.0,-3.5,16.0,3.0,6.5,-13.0,0.0
0.5,16.0,4.0,13.0,9.0,0.0,cash_out,cash_out,16.0,-4.0,16.0,2.5,6.5,-13.5,0.0
0.5,16.5,0.0,13.0,9.0,0.0,cash_out,cash_out,16.5,0.0,16.5,6.5,6.5,-10.0,0.0
0.5,16.5,0.5,13.0,9.0,0.0,cash_out,cash_out,16.5,-0.5,16.5,6.0,6.5,-10.5,0.0
0.5,16.5,1.0,13.0,9.0,0.0,cash_out,cash_out,16.5,-1.0,16.5,5.5,6.5,-11.0,0.0
0.5,16.5,1.5,13.0,9.0,0.0,cash_out,cash_out,16.5,-1.5,16.5,5.0,6.5,-11.5,0.0
0.5,16.5,2.0,13.0,9.0,0.0,cash_out,cash_out,16.5,-2.0,16.5,4.5,6.5,-12.0,0.0
0.5,16.5,2.5,13.0,9.0,0.0,cash_out,cash_out,16.5,-2.5,16.5,4.0,6.5,-12.5,0.0
0.5,16.5,3.0,13.0,9.0,0.0,cash_out,cash_out,16.5,-3.0,16.5,3.5,6.5,-13.0,0.0
0.5,16.5,3.5,13.0,9.0,0.0,cash_out,cash_out,16.5,-3.5,16.5,3.0,6.5,-13.5,0.0
0.5,16.5,4.0,13.0,9.0,0.0,cash_out,cash_out,16.5,-4.0,16.5,2.5,6.5,-14.0,0.0
0.5,17.0,0.0,13.0,9.0,0.0,cash_out,cash_out,17.0,0.0,17.0,6.5,6.5,-10.5,0.0
0.5,17.0,0.5,13.0,9.0,0.0,cash_out,cash_out,17.0,-0.5,17.0,6.0,6.5,-11.0,0.0
0.5,17.0,1.0,13.0,9.0,0.0,cash_out,cash_out,17.0,-1.0,17.0,5.5,6.5,-11.5,0.0
0.5,17.0,1.5,13.0,9.0,0.0,cash_out,cash_out,17.0,-1.5,17.0,5.0,6.5,-12.0,0.0
0.5,17.0,2.0,13.0,9.0,0.0,cash_out,cash_out,17.0,-2.0,17.0,4.5,6.5,-12.5,0.0
0.5,17.0,2.5,13.0,9.0,0.0,cash_out,cash_out,17.0,-2.5,17.0,4.0,6.5,-13.0,0.0
0.5,17.0,3.0,13.0,9.0,0.0,cash_out,cash_out,17.0,-3.0,17.0,3.5,6.5,-13.5,0.0
0.5,17.0,3.5,13.0,9.0,0.0,cash_out,cash_out,17.0,-3.5,17.0,3.0,6.5,-14.0,0.0
0.5,17.0,4.0,13.0,9.0,0.0,cash_out,cash_out,17.0,-4.0,17.0,2.5,6.5,-14.5,0.0
0.5,17.5,0.0,13.0,9.0,0.0,cash_out,cash_out,17.5,0.0,17.5,6.5,6.5,-11.0,0.0
0.5,17.5,0.5,13.0,9.0,0.0,cash_out,cash_out,17.5,-0.5,17.5,6.0,6.5,-11.5,0.0
0.5,17.5,1.0,13.0,9.0,0.0,cash_out,cash_out,17.5,-1.0,17.5,5.5,6.5,-12.0,0.0
0.5,17.5,1.5,13.0,9.0,0.0,cash_out,cash_out,17.5,-1.5,17.5,5.0,6.5,-12.5,0.0
0.5,17.5,2.0,13.0,9.0,0.0,cash_out,cash_out,17.5,-2.0,17.5,4.5,6.5,-13.0,0.0
0.5,17.5,2.5,13.0,9.0,0.0,cash_out,cash_out,17.5,-2.5,17.5,4.0,6.5,-13.5,0.0
0.5,17.5,3.0,13.0,9.0,0.0,cash_out,cash_out,17.5,-3.0,17.5,3.5,6.5,-14.0,0.0
0.5,17.5,3.5,13.0,9.0,0.0,cash_out,cash_out,17.5,-3.5,17.5,3.0,6.5,-14.5,0.0
0.5,17.5,4.0,13.0,9.0,0.0,cash_out,cash_out,17.5,-4.0,17.5,2.5,6.5,-15.0,0.0
0.5,18.0,0.0,13.0,9.0,0.0,cash_out,cash_out,18.0,0.0,18.0,6.5,6.5,-11.5,0.0
0.5,18.0,0.5,13.0,9.0,0.0,cash_out,cash_out,18.0,-0.5,18.0,6.0,6.5,-12.0,0.0
0.5,18.0,1.0,13.0,9.0,0.0,cash_out,cash_out,18.0,-1.0,18.0,5.5,6.5,-12.5,0.0
0.5,18.0,1.5,13.0,9.0,0.0,cash_out,cash_out,18.0,-1.5,18.0,5.0,6.5,-13.0,0.0
0.5,18.0,2.0,13.0,9.0,0.0,cash_out,cash_out,18.0,-2.0,18.0,4.5,6.5,-13.5,0.0
0.5,18.0,2.5,13.0,9.0,0.0,cash_out,cash_out,18.0,-2.5,18.0,4.0,6.5,-14.0,0.0
0.5,18.0,3.0,13.0,9.0,0.0,cash_out,cash_out,18.0,-3.0,18.0,3.5,6.5,-14.5,0.0
0.5,18.0,3.5,13.0,9.0,0.0,cash_out,cash_out,18.0,-3.5,18.0,3.0,6.5,-15.0,0.0
0.5,18.0,4.0,13.0,9.0,0.0,cash_out,cash_out,18.0,-4.0,18.0,2.5,6.5,-15.5,0.0
0.55,6.0,0.0,13.0,9.0,0.0,cash_out,preserve_option,6.0,0.0,6.0,7.15,7.15,1.1500000000000004,1.0
0.55,6.0,0.5,13.0,9.0,0.0,cash_out,preserve_option,6.0,-0.5,6.0,6.65,7.15,0.6500000000000004,1.0
0.55,6.0,1.0,13.0,9.0,0.0,cash_out,preserve_option,6.0,-1.0,6.0,6.15,7.15,0.15000000000000036,1.0
0.55,6.0,1.5,13.0,9.0,0.0,cash_out,cash_out,6.0,-1.5,6.0,5.65,7.15,-0.34999999999999964,0.0
0.55,6.0,2.0,13.0,9.0,0.0,cash_out,cash_out,6.0,-2.0,6.0,5.15,7.15,-0.8499999999999996,0.0
0.55,6.0,2.5,13.0,9.0,0.0,cash_out,cash_out,6.0,-2.5,6.0,4.65,7.15,-1.3499999999999996,0.0
0.55,6.0,3.0,13.0,9.0,0.0,cash_out,cash_out,6.0,-3.0,6.0,4.15,7.15,-1.8499999999999996,0.0
0.55,6.0,3.5,13.0,9.0,0.0,cash_out,cash_out,6.0,-3.5,6.0,3.6500000000000004,7.15,-2.3499999999999996,0.0
0.55,6.0,4.0,13.0,9.0,0.0,cash_out,cash_out,6.0,-4.0,6.0,3.1500000000000004,7.15,-2.8499999999999996,0.0
0.55,6.5,0.0,13.0,9.0,0.0,cash_out,preserve_option,6.5,0.0,6.5,7.15,7.15,0.6500000000000004,1.0
0.55,6.5,0.5,13.0,9.0,0.0,cash_out,preserve_option,6.5,-0.5,6.5,6.65,7.15,0.15000000000000036,1.0
0.55,6.5,1.0,13.0,9.0,0.0,cash_out,cash_out,6.5,-1.0,6.5,6.15,7.15,-0.34999999999999964,0.0
0.55,6.5,1.5,13.0,9.0,0.0,cash_out,cash_out,6.5,-1.5,6.5,5.65,7.15,-0.8499999999999996,0.0
0.55,6.5,2.0,13.0,9.0,0.0,cash_out,cash_out,6.5,-2.0,6.5,5.15,7.15,-1.3499999999999996,0.0
0.55,6.5,2.5,13.0,9.0,0.0,cash_out,cash_out,6.5,-2.5,6.5,4.65,7.15,-1.8499999999999996,0.0
0.55,6.5,3.0,13.0,9.0,0.0,cash_out,cash_out,6.5,-3.0,6.5,4.15,7.15,-2.3499999999999996,0.0
0.55,6.5,3.5,13.0,9.0,0.0,cash_out,cash_out,6.5,-3.5,6.5,3.6500000000000004,7.15,-2.8499999999999996,0.0
0.55,6.5,4.0,13.0,9.0,0.0,cash_out,cash_out,6.5,-4.0,6.5,3.1500000000000004,7.15,-3.3499999999999996,0.0
0.55,7.0,0.0,13.0,9.0,0.0,cash_out,preserve_option,7.0,0.0,7.0,7.15,7.15,0.15000000000000036,1.0
0.55,7.0,0.5,13.0,9.0,0.0,cash_out,cash_out,7.0,-0.5,7.0,6.65,7.15,-0.34999999999999964,0.0
0.55,7.0,1.0,13.0,9.0,0.0,cash_out,cash_out,7.0,-1.0,7.0,6.15,7.15,-0.8499999999999996,0.0
0.55,7.0,1.5,13.0,9.0,0.0,cash_out,cash_out,7.0,-1.5,7.0,5.65,7.15,-1.3499999999999996,0.0
0.55,7.0,2.0,13.0,9.0,0.0,cash_out,cash_out,7.0,-2.0,7.0,5.15,7.15,-1.8499999999999996,0.0
0.55,7.0,2.5,13.0,9.0,0.0,cash_out,cash_out,7.0,-2.5,7.0,4.65,7.15,-2.3499999999999996,0.0
0.55,7.0,3.0,13.0,9.0,0.0,cash_out,cash_out,7.0,-3.0,7.0,4.15,7.15,-2.8499999999999996,0.0
0.55,7.0,3.5,13.0,9.0,0.0,cash_out,cash_out,7.0,-3.5,7.0,3.6500000000000004,7.15,-3.3499999999999996,0.0
0.55,7.0,4.0,13.0,9.0,0.0,cash_out,cash_out,7.0,-4.0,7.0,3.1500000000000004,7.15,-3.8499999999999996,0.0
0.55,7.5,0.0,13.0,9.0,0.0,cash_out,cash_out,7.5,0.0,7.5,7.15,7.15,-0.34999999999999964,0.0
0.55,7.5,0.5,13.0,9.0,0.0,cash_out,cash_out,7.5,-0.5,7.5,6.65,7.15,-0.8499999999999996,0.0
0.55,7.5,1.0,13.0,9.0,0.0,cash_out,cash_out,7.5,-1.0,7.5,6.15,7.15,-1.3499999999999996,0.0
0.55,7.5,1.5,13.0,9.0,0.0,cash_out,cash_out,7.5,-1.5,7.5,5.65,7.15,-1.8499999999999996,0.0
0.55,7.5,2.0,13.0,9.0,0.0,cash_out,cash_out,7.5,-2.0,7.5,5.15,7.15,-2.3499999999999996,0.0
0.55,7.5,2.5,13.0,9.0,0.0,cash_out,cash_out,7.5,-2.5,7.5,4.65,7.15,-2.8499999999999996,0.0
0.55,7.5,3.0,13.0,9.0,0.0,cash_out,cash_out,7.5,-3.0,7.5,4.15,7.15,-3.3499999999999996,0.0
0.55,7.5,3.5,13.0,9.0,0.0,cash_out,cash_out,7.5,-3.5,7.5,3.6500000000000004,7.15,-3.8499999999999996,0.0
0.55,7.5,4.0,13.0,9.0,0.0,cash_out,cash_out,7.5,-4.0,7.5,3.1500000000000004,7.15,-4.35,0.0
0.55,8.0,0.0,13.0,9.0,0.0,cash_out,cash_out,8.0,0.0,8.0,7.15,7.15,-0.8499999999999996,0.0
0.55,8.0,0.5,13.0,9.0,0.0,cash_out,cash_out,8.0,-0.5,8.0,6.65,7.15,-1.3499999999999996,0.0
0.55,8.0,1.0,13.0,9.0,0.0,cash_out,cash_out,8.0,-1.0,8.0,6.15,7.15,-1.8499999999999996,0.0
0.55,8.0,1.5,13.0,9.0,0.0,cash_out,cash_out,8.0,-1.5,8.0,5.65,7.15,-2.3499999999999996,0.0
0.55,8.0,2.0,13.0,9.0,0.0,cash_out,cash_out,8.0,-2.0,8.0,5.15,7.15,-2.8499999999999996,0.0
0.55,8.0,2.5,13.0,9.0,0.0,cash_out,cash_out,8.0,-2.5,8.0,4.65,7.15,-3.3499999999999996,0.0
0.55,8.0,3.0,13.0,9.0,0.0,cash_out,cash_out,8.0,-3.0,8.0,4.15,7.15,-3.8499999999999996,0.0
0.55,8.0,3.5,13.0,9.0,0.0,cash_out,cash_out,8.0,-3.5,8.0,3.6500000000000004,7.15,-4.35,0.0
0.55,8.0,4.0,13.0,9.0,0.0,cash_out,cash_out,8.0,-4.0,8.0,3.1500000000000004,7.15,-4.85,0.0
0.55,8.5,0.0,13.0,9.0,0.0,cash_out,cash_out,8.5,0.0,8.5,7.15,7.15,-1.3499999999999996,0.0
0.55,8.5,0.5,13.0,9.0,0.0,cash_out,cash_out,8.5,-0.5,8.5,6.65,7.15,-1.8499999999999996,0.0
0.55,8.5,1.0,13.0,9.0,0.0,cash_out,cash_out,8.5,-1.0,8.5,6.15,7.15,-2.3499999999999996,0.0
0.55,8.5,1.5,13.0,9.0,0.0,cash_out,cash_out,8.5,-1.5,8.5,5.65,7.15,-2.8499999999999996,0.0
0.55,8.5,2.0,13.0,9.0,0.0,cash_out,cash_out,8.5,-2.0,8.5,5.15,7.15,-3.3499999999999996,0.0
0.55,8.5,2.5,13.0,9.0,0.0,cash_out,cash_out,8.5,-2.5,8.5,4.65,7.15,-3.8499999999999996,0.0
0.55,8.5,3.0,13.0,9.0,0.0,cash_out,cash_out,8.5,-3.0,8.5,4.15,7.15,-4.35,0.0
0.55,8.5,3.5,13.0,9.0,0.0,cash_out,cash_out,8.5,-3.5,8.5,3.6500000000000004,7.15,-4.85,0.0
0.55,8.5,4.0,13.0,9.0,0.0,cash_out,cash_out,8.5,-4.0,8.5,3.1500000000000004,7.15,-5.35,0.0
0.55,9.0,0.0,13.0,9.0,0.0,cash_out,cash_out,9.0,0.0,9.0,7.15,7.15,-1.8499999999999996,0.0
0.55,9.0,0.5,13.0,9.0,0.0,cash_out,cash_out,9.0,-0.5,9.0,6.65,7.15,-2.3499999999999996,0.0
0.55,9.0,1.0,13.0,9.0,0.0,cash_out,cash_out,9.0,-1.0,9.0,6.15,7.15,-2.8499999999999996,0.0
0.55,9.0,1.5,13.0,9.0,0.0,cash_out,cash_out,9.0,-1.5,9.0,5.65,7.15,-3.3499999999999996,0.0
0.55,9.0,2.0,13.0,9.0,0.0,cash_out,cash_out,9.0,-2.0,9.0,5.15,7.15,-3.8499999999999996,0.0
0.55,9.0,2.5,13.0,9.0,0.0,cash_out,cash_out,9.0,-2.5,9.0,4.65,7.15,-4.35,0.0
0.55,9.0,3.0,13.0,9.0,0.0,cash_out,cash_out,9.0,-3.0,9.0,4.15,7.15,-4.85,0.0
0.55,9.0,3.5,13.0,9.0,0.0,cash_out,cash_out,9.0,-3.5,9.0,3.6500000000000004,7.15,-5.35,0.0
0.55,9.0,4.0,13.0,9.0,0.0,cash_out,cash_out,9.0,-4.0,9.0,3.1500000000000004,7.15,-5.85,0.0
0.55,9.5,0.0,13.0,9.0,0.0,cash_out,cash_out,9.5,0.0,9.5,7.15,7.15,-2.3499999999999996,0.0
0.55,9.5,0.5,13.0,9.0,0.0,cash_out,cash_out,9.5,-0.5,9.5,6.65,7.15,-2.8499999999999996,0.0
0.55,9.5,1.0,13.0,9.0,0.0,cash_out,cash_out,9.5,-1.0,9.5,6.15,7.15,-3.3499999999999996,0.0
0.55,9.5,1.5,13.0,9.0,0.0,cash_out,cash_out,9.5,-1.5,9.5,5.65,7.15,-3.8499999999999996,0.0
0.55,9.5,2.0,13.0,9.0,0.0,cash_out,cash_out,9.5,-2.0,9.5,5.15,7.15,-4.35,0.0
0.55,9.5,2.5,13.0,9.0,0.0,cash_out,cash_out,9.5,-2.5,9.5,4.65,7.15,-4.85,0.0
0.55,9.5,3.0,13.0,9.0,0.0,cash_out,cash_out,9.5,-3.0,9.5,4.15,7.15,-5.35,0.0
0.55,9.5,3.5,13.0,9.0,0.0,cash_out,cash_out,9.5,-3.5,9.5,3.6500000000000004,7.15,-5.85,0.0
0.55,9.5,4.0,13.0,9.0,0.0,cash_out,cash_out,9.5,-4.0,9.5,3.1500000000000004,7.15,-6.35,0.0
0.55,10.0,0.0,13.0,9.0,0.0,cash_out,cash_out,10.0,0.0,10.0,7.15,7.15,-2.8499999999999996,0.0
0.55,10.0,0.5,13.0,9.0,0.0,cash_out,cash_out,10.0,-0.5,10.0,6.65,7.15,-3.3499999999999996,0.0
0.55,10.0,1.0,13.0,9.0,0.0,cash_out,cash_out,10.0,-1.0,10.0,6.15,7.15,-3.8499999999999996,0.0
0.55,10.0,1.5,13.0,9.0,0.0,cash_out,cash_out,10.0,-1.5,10.0,5.65,7.15,-4.35,0.0
0.55,10.0,2.0,13.0,9.0,0.0,cash_out,cash_out,10.0,-2.0,10.0,5.15,7.15,-4.85,0.0
0.55,10.0,2.5,13.0,9.0,0.0,cash_out,cash_out,10.0,-2.5,10.0,4.65,7.15,-5.35,0.0
0.55,10.0,3.0,13.0,9.0,0.0,cash_out,cash_out,10.0,-3.0,10.0,4.15,7.15,-5.85,0.0
0.55,10.0,3.5,13.0,9.0,0.0,cash_out,cash_out,10.0,-3.5,10.0,3.6500000000000004,7.15,-6.35,0.0
0.55,10.0,4.0,13.0,9.0,0.0,cash_out,cash_out,10.0,-4.0,10.0,3.1500000000000004,7.15,-6.85,0.0
0.55,10.5,0.0,13.0,9.0,0.0,cash_out,cash_out,10.5,0.0,10.5,7.15,7.15,-3.3499999999999996,0.0
0.55,10.5,0.5,13.0,9.0,0.0,cash_out,cash_out,10.5,-0.5,10.5,6.65,7.15,-3.8499999999999996,0.0
0.55,10.5,1.0,13.0,9.0,0.0,cash_out,cash_out,10.5,-1.0,10.5,6.15,7.15,-4.35,0.0
0.55,10.5,1.5,13.0,9.0,0.0,cash_out,cash_out,10.5,-1.5,10.5,5.65,7.15,-4.85,0.0
0.55,10.5,2.0,13.0,9.0,0.0,cash_out,cash_out,10.5,-2.0,10.5,5.15,7.15,-5.35,0.0
0.55,10.5,2.5,13.0,9.0,0.0,cash_out,cash_out,10.5,-2.5,10.5,4.65,7.15,-5.85,0.0
0.55,10.5,3.0,13.0,9.0,0.0,cash_out,cash_out,10.5,-3.0,10.5,4.15,7.15,-6.35,0.0
0.55,10.5,3.5,13.0,9.0,0.0,cash_out,cash_out,10.5,-3.5,10.5,3.6500000000000004,7.15,-6.85,0.0
0.55,10.5,4.0,13.0,9.0,0.0,cash_out,cash_out,10.5,-4.0,10.5,3.1500000000000004,7.15,-7.35,0.0
0.55,11.0,0.0,13.0,9.0,0.0,cash_out,cash_out,11.0,0.0,11.0,7.15,7.15,-3.8499999999999996,0.0
0.55,11.0,0.5,13.0,9.0,0.0,cash_out,cash_out,11.0,-0.5,11.0,6.65,7.15,-4.35,0.0
0.55,11.0,1.0,13.0,9.0,0.0,cash_out,cash_out,11.0,-1.0,11.0,6.15,7.15,-4.85,0.0
0.55,11.0,1.5,13.0,9.0,0.0,cash_out,cash_out,11.0,-1.5,11.0,5.65,7.15,-5.35,0.0
0.55,11.0,2.0,13.0,9.0,0.0,cash_out,cash_out,11.0,-2.0,11.0,5.15,7.15,-5.85,0.0
0.55,11.0,2.5,13.0,9.0,0.0,cash_out,cash_out,11.0,-2.5,11.0,4.65,7.15,-6.35,0.0
0.55,11.0,3.0,13.0,9.0,0.0,cash_out,cash_out,11.0,-3.0,11.0,4.15,7.15,-6.85,0.0
0.55,11.0,3.5,13.0,9.0,0.0,cash_out,cash_out,11.0,-3.5,11.0,3.6500000000000004,7.15,-7.35,0.0
0.55,11.0,4.0,13.0,9.0,0.0,cash_out,cash_out,11.0,-4.0,11.0,3.1500000000000004,7.15,-7.85,0.0
0.55,11.5,0.0,13.0,9.0,0.0,cash_out,cash_out,11.5,0.0,11.5,7.15,7.15,-4.35,0.0
0.55,11.5,0.5,13.0,9.0,0.0,cash_out,cash_out,11.5,-0.5,11.5,6.65,7.15,-4.85,0.0
0.55,11.5,1.0,13.0,9.0,0.0,cash_out,cash_out,11.5,-1.0,11.5,6.15,7.15,-5.35,0.0
0.55,11.5,1.5,13.0,9.0,0.0,cash_out,cash_out,11.5,-1.5,11.5,5.65,7.15,-5.85,0.0
0.55,11.5,2.0,13.0,9.0,0.0,cash_out,cash_out,11.5,-2.0,11.5,5.15,7.15,-6.35,0.0
0.55,11.5,2.5,13.0,9.0,0.0,cash_out,cash_out,11.5,-2.5,11.5,4.65,7.15,-6.85,0.0
0.55,11.5,3.0,13.0,9.0,0.0,cash_out,cash_out,11.5,-3.0,11.5,4.15,7.15,-7.35,0.0
0.55,11.5,3.5,13.0,9.0,0.0,cash_out,cash_out,11.5,-3.5,11.5,3.6500000000000004,7.15,-7.85,0.0
0.55,11.5,4.0,13.0,9.0,0.0,cash_out,cash_out,11.5,-4.0,11.5,3.1500000000000004,7.15,-8.35,0.0
0.55,12.0,0.0,13.0,9.0,0.0,cash_out,cash_out,12.0,0.0,12.0,7.15,7.15,-4.85,0.0
0.55,12.0,0.5,13.0,9.0,0.0,cash_out,cash_out,12.0,-0.5,12.0,6.65,7.15,-5.35,0.0
0.55,12.0,1.0,13.0,9.0,0.0,cash_out,cash_out,12.0,-1.0,12.0,6.15,7.15,-5.85,0.0
0.55,12.0,1.5,13.0,9.0,0.0,cash_out,cash_out,12.0,-1.5,12.0,5.65,7.15,-6.35,0.0
0.55,12.0,2.0,13.0,9.0,0.0,cash_out,cash_out,12.0,-2.0,12.0,5.15,7.15,-6.85,0.0
0.55,12.0,2.5,13.0,9.0,0.0,cash_out,cash_out,12.0,-2.5,12.0,4.65,7.15,-7.35,0.0
0.55,12.0,3.0,13.0,9.0,0.0,cash_out,cash_out,12.0,-3.0,12.0,4.15,7.15,-7.85,0.0
0.55,12.0,3.5,13.0,9.0,0.0,cash_out,cash_out,12.0,-3.5,12.0,3.6500000000000004,7.15,-8.35,0.0
0.55,12.0,4.0,13.0,9.0,0.0,cash_out,cash_out,12.0,-4.0,12.0,3.1500000000000004,7.15,-8.85,0.0
0.55,12.5,0.0,13.0,9.0,0.0,cash_out,cash_out,12.5,0.0,12.5,7.15,7.15,-5.35,0.0
0.55,12.5,0.5,13.0,9.0,0.0,cash_out,cash_out,12.5,-0.5,12.5,6.65,7.15,-5.85,0.0
0.55,12.5,1.0,13.0,9.0,0.0,cash_out,cash_out,12.5,-1.0,12.5,6.15,7.15,-6.35,0.0
0.55,12.5,1.5,13.0,9.0,0.0,cash_out,cash_out,12.5,-1.5,12.5,5.65,7.15,-6.85,0.0
0.55,12.5,2.0,13.0,9.0,0.0,cash_out,cash_out,12.5,-2.0,12.5,5.15,7.15,-7.35,0.0
0.55,12.5,2.5,13.0,9.0,0.0,cash_out,cash_out,12.5,-2.5,12.5,4.65,7.15,-7.85,0.0
0.55,12.5,3.0,13.0,9.0,0.0,cash_out,cash_out,12.5,-3.0,12.5,4.15,7.15,-8.35,0.0
0.55,12.5,3.5,13.0,9.0,0.0,cash_out,cash_out,12.5,-3.5,12.5,3.6500000000000004,7.15,-8.85,0.0
0.55,12.5,4.0,13.0,9.0,0.0,cash_out,cash_out,12.5,-4.0,12.5,3.1500000000000004,7.15,-9.35,0.0
0.55,13.0,0.0,13.0,9.0,0.0,cash_out,cash_out,13.0,0.0,13.0,7.15,7.15,-5.85,0.0
0.55,13.0,0.5,13.0,9.0,0.0,cash_out,cash_out,13.0,-0.5,13.0,6.65,7.15,-6.35,0.0
0.55,13.0,1.0,13.0,9.0,0.0,cash_out,cash_out,13.0,-1.0,13.0,6.15,7.15,-6.85,0.0
0.55,13.0,1.5,13.0,9.0,0.0,cash_out,cash_out,13.0,-1.5,13.0,5.65,7.15,-7.35,0.0
0.55,13.0,2.0,13.0,9.0,0.0,cash_out,cash_out,13.0,-2.0,13.0,5.15,7.15,-7.85,0.0
0.55,13.0,2.5,13.0,9.0,0.0,cash_out,cash_out,13.0,-2.5,13.0,4.65,7.15,-8.35,0.0
0.55,13.0,3.0,13.0,9.0,0.0,cash_out,cash_out,13.0,-3.0,13.0,4.15,7.15,-8.85,0.0
0.55,13.0,3.5,13.0,9.0,0.0,cash_out,cash_out,13.0,-3.5,13.0,3.6500000000000004,7.15,-9.35,0.0
0.55,13.0,4.0,13.0,9.0,0.0,cash_out,cash_out,13.0,-4.0,13.0,3.1500000000000004,7.15,-9.85,0.0
0.55,13.5,0.0,13.0,9.0,0.0,cash_out,cash_out,13.5,0.0,13.5,7.15,7.15,-6.35,0.0
0.55,13.5,0.5,13.0,9.0,0.0,cash_out,cash_out,13.5,-0.5,13.5,6.65,7.15,-6.85,0.0
0.55,13.5,1.0,13.0,9.0,0.0,cash_out,cash_out,13.5,-1.0,13.5,6.15,7.15,-7.35,0.0
0.55,13.5,1.5,13.0,9.0,0.0,cash_out,cash_out,13.5,-1.5,13.5,5.65,7.15,-7.85,0.0
0.55,13.5,2.0,13.0,9.0,0.0,cash_out,cash_out,13.5,-2.0,13.5,5.15,7.15,-8.35,0.0
0.55,13.5,2.5,13.0,9.0,0.0,cash_out,cash_out,13.5,-2.5,13.5,4.65,7.15,-8.85,0.0
0.55,13.5,3.0,13.0,9.0,0.0,cash_out,cash_out,13.5,-3.0,13.5,4.15,7.15,-9.35,0.0
0.55,13.5,3.5,13.0,9.0,0.0,cash_out,cash_out,13.5,-3.5,13.5,3.6500000000000004,7.15,-9.85,0.0
0.55,13.5,4.0,13.0,9.0,0.0,cash_out,cash_out,13.5,-4.0,13.5,3.1500000000000004,7.15,-10.35,0.0
0.55,14.0,0.0,13.0,9.0,0.0,cash_out,cash_out,14.0,0.0,14.0,7.15,7.15,-6.85,0.0
0.55,14.0,0.5,13.0,9.0,0.0,cash_out,cash_out,14.0,-0.5,14.0,6.65,7.15,-7.35,0.0
0.55,14.0,1.0,13.0,9.0,0.0,cash_out,cash_out,14.0,-1.0,14.0,6.15,7.15,-7.85,0.0
0.55,14.0,1.5,13.0,9.0,0.0,cash_out,cash_out,14.0,-1.5,14.0,5.65,7.15,-8.35,0.0
0.55,14.0,2.0,13.0,9.0,0.0,cash_out,cash_out,14.0,-2.0,14.0,5.15,7.15,-8.85,0.0
0.55,14.0,2.5,13.0,9.0,0.0,cash_out,cash_out,14.0,-2.5,14.0,4.65,7.15,-9.35,0.0
0.55,14.0,3.0,13.0,9.0,0.0,cash_out,cash_out,14.0,-3.0,14.0,4.15,7.15,-9.85,0.0
0.55,14.0,3.5,13.0,9.0,0.0,cash_out,cash_out,14.0,-3.5,14.0,3.6500000000000004,7.15,-10.35,0.0
0.55,14.0,4.0,13.0,9.0,0.0,cash_out,cash_out,14.0,-4.0,14.0,3.1500000000000004,7.15,-10.85,0.0
0.55,14.5,0.0,13.0,9.0,0.0,cash_out,cash_out,14.5,0.0,14.5,7.15,7.15,-7.35,0.0
0.55,14.5,0.5,13.0,9.0,0.0,cash_out,cash_out,14.5,-0.5,14.5,6.65,7.15,-7.85,0.0
0.55,14.5,1.0,13.0,9.0,0.0,cash_out,cash_out,14.5,-1.0,14.5,6.15,7.15,-8.35,0.0
0.55,14.5,1.5,13.0,9.0,0.0,cash_out,cash_out,14.5,-1.5,14.5,5.65,7.15,-8.85,0.0
0.55,14.5,2.0,13.0,9.0,0.0,cash_out,cash_out,14.5,-2.0,14.5,5.15,7.15,-9.35,0.0
0.55,14.5,2.5,13.0,9.0,0.0,cash_out,cash_out,14.5,-2.5,14.5,4.65,7.15,-9.85,0.0
0.55,14.5,3.0,13.0,9.0,0.0,cash_out,cash_out,14.5,-3.0,14.5,4.15,7.15,-10.35,0.0
0.55,14.5,3.5,13.0,9.0,0.0,cash_out,cash_out,14.5,-3.5,14.5,3.6500000000000004,7.15,-10.85,0.0
0.55,14.5,4.0,13.0,9.0,0.0,cash_out,cash_out,14.5,-4.0,14.5,3.1500000000000004,7.15,-11.35,0.0
0.55,15.0,0.0,13.0,9.0,0.0,cash_out,cash_out,15.0,0.0,15.0,7.15,7.15,-7.85,0.0
0.55,15.0,0.5,13.0,9.0,0.0,cash_out,cash_out,15.0,-0.5,15.0,6.65,7.15,-8.35,0.0
0.55,15.0,1.0,13.0,9.0,0.0,cash_out,cash_out,15.0,-1.0,15.0,6.15,7.15,-8.85,0.0
0.55,15.0,1.5,13.0,9.0,0.0,cash_out,cash_out,15.0,-1.5,15.0,5.65,7.15,-9.35,0.0
0.55,15.0,2.0,13.0,9.0,0.0,cash_out,cash_out,15.0,-2.0,15.0,5.15,7.15,-9.85,0.0
0.55,15.0,2.5,13.0,9.0,0.0,cash_out,cash_out,15.0,-2.5,15.0,4.65,7.15,-10.35,0.0
0.55,15.0,3.0,13.0,9.0,0.0,cash_out,cash_out,15.0,-3.0,15.0,4.15,7.15,-10.85,0.0
0.55,15.0,3.5,13.0,9.0,0.0,cash_out,cash_out,15.0,-3.5,15.0,3.6500000000000004,7.15,-11.35,0.0
0.55,15.0,4.0,13.0,9.0,0.0,cash_out,cash_out,15.0,-4.0,15.0,3.1500000000000004,7.15,-11.85,0.0
0.55,15.5,0.0,13.0,9.0,0.0,cash_out,cash_out,15.5,0.0,15.5,7.15,7.15,-8.35,0.0
0.55,15.5,0.5,13.0,9.0,0.0,cash_out,cash_out,15.5,-0.5,15.5,6.65,7.15,-8.85,0.0
0.55,15.5,1.0,13.0,9.0,0.0,cash_out,cash_out,15.5,-1.0,15.5,6.15,7.15,-9.35,0.0
0.55,15.5,1.5,13.0,9.0,0.0,cash_out,cash_out,15.5,-1.5,15.5,5.65,7.15,-9.85,0.0
0.55,15.5,2.0,13.0,9.0,0.0,cash_out,cash_out,15.5,-2.0,15.5,5.15,7.15,-10.35,0.0
0.55,15.5,2.5,13.0,9.0,0.0,cash_out,cash_out,15.5,-2.5,15.5,4.65,7.15,-10.85,0.0
0.55,15.5,3.0,13.0,9.0,0.0,cash_out,cash_out,15.5,-3.0,15.5,4.15,7.15,-11.35,0.0
0.55,15.5,3.5,13.0,9.0,0.0,cash_out,cash_out,15.5,-3.5,15.5,3.6500000000000004,7.15,-11.85,0.0
0.55,15.5,4.0,13.0,9.0,0.0,cash_out,cash_out,15.5,-4.0,15.5,3.1500000000000004,7.15,-12.35,0.0
0.55,16.0,0.0,13.0,9.0,0.0,cash_out,cash_out,16.0,0.0,16.0,7.15,7.15,-8.85,0.0
0.55,16.0,0.5,13.0,9.0,0.0,cash_out,cash_out,16.0,-0.5,16.0,6.65,7.15,-9.35,0.0
0.55,16.0,1.0,13.0,9.0,0.0,cash_out,cash_out,16.0,-1.0,16.0,6.15,7.15,-9.85,0.0
0.55,16.0,1.5,13.0,9.0,0.0,cash_out,cash_out,16.0,-1.5,16.0,5.65,7.15,-10.35,0.0
0.55,16.0,2.0,13.0,9.0,0.0,cash_out,cash_out,16.0,-2.0,16.0,5.15,7.15,-10.85,0.0
0.55,16.0,2.5,13.0,9.0,0.0,cash_out,cash_out,16.0,-2.5,16.0,4.65,7.15,-11.35,0.0
0.55,16.0,3.0,13.0,9.0,0.0,cash_out,cash_out,16.0,-3.0,16.0,4.15,7.15,-11.85,0.0
0.55,16.0,3.5,13.0,9.0,0.0,cash_out,cash_out,16.0,-3.5,16.0,3.6500000000000004,7.15,-12.35,0.0
0.55,16.0,4.0,13.0,9.0,0.0,cash_out,cash_out,16.0,-4.0,16.0,3.1500000000000004,7.15,-12.85,0.0
0.55,16.5,0.0,13.0,9.0,0.0,cash_out,cash_out,16.5,0.0,16.5,7.15,7.15,-9.35,0.0
0.55,16.5,0.5,13.0,9.0,0.0,cash_out,cash_out,16.5,-0.5,16.5,6.65,7.15,-9.85,0.0
0.55,16.5,1.0,13.0,9.0,0.0,cash_out,cash_out,16.5,-1.0,16.5,6.15,7.15,-10.35,0.0
0.55,16.5,1.5,13.0,9.0,0.0,cash_out,cash_out,16.5,-1.5,16.5,5.65,7.15,-10.85,0.0
0.55,16.5,2.0,13.0,9.0,0.0,cash_out,cash_out,16.5,-2.0,16.5,5.15,7.15,-11.35,0.0
0.55,16.5,2.5,13.0,9.0,0.0,cash_out,cash_out,16.5,-2.5,16.5,4.65,7.15,-11.85,0.0
0.55,16.5,3.0,13.0,9.0,0.0,cash_out,cash_out,16.5,-3.0,16.5,4.15,7.15,-12.35,0.0
0.55,16.5,3.5,13.0,9.0,0.0,cash_out,cash_out,16.5,-3.5,16.5,3.6500000000000004,7.15,-12.85,0.0
0.55,16.5,4.0,13.0,9.0,0.0,cash_out,cash_out,16.5,-4.0,16.5,3.1500000000000004,7.15,-13.35,0.0
0.55,17.0,0.0,13.0,9.0,0.0,cash_out,cash_out,17.0,0.0,17.0,7.15,7.15,-9.85,0.0
0.55,17.0,0.5,13.0,9.0,0.0,cash_out,cash_out,17.0,-0.5,17.0,6.65,7.15,-10.35,0.0
0.55,17.0,1.0,13.0,9.0,0.0,cash_out,cash_out,17.0,-1.0,17.0,6.15,7.15,-10.85,0.0
0.55,17.0,1.5,13.0,9.0,0.0,cash_out,cash_out,17.0,-1.5,17.0,5.65,7.15,-11.35,0.0
0.55,17.0,2.0,13.0,9.0,0.0,cash_out,cash_out,17.0,-2.0,17.0,5.15,7.15,-11.85,0.0
0.55,17.0,2.5,13.0,9.0,0.0,cash_out,cash_out,17.0,-2.5,17.0,4.65,7.15,-12.35,0.0
0.55,17.0,3.0,13.0,9.0,0.0,cash_out,cash_out,17.0,-3.0,17.0,4.15,7.15,-12.85,0.0
0.55,17.0,3.5,13.0,9.0,0.0,cash_out,cash_out,17.0,-3.5,17.0,3.6500000000000004,7.15,-13.35,0.0
0.55,17.0,4.0,13.0,9.0,0.0,cash_out,cash_out,17.0,-4.0,17.0,3.1500000000000004,7.15,-13.85,0.0
0.55,17.5,0.0,13.0,9.0,0.0,cash_out,cash_out,17.5,0.0,17.5,7.15,7.15,-10.35,0.0
0.55,17.5,0.5,13.0,9.0,0.0,cash_out,cash_out,17.5,-0.5,17.5,6.65,7.15,-10.85,0.0
0.55,17.5,1.0,13.0,9.0,0.0,cash_out,cash_out,17.5,-1.0,17.5,6.15,7.15,-11.35,0.0
0.55,17.5,1.5,13.0,9.0,0.0,cash_out,cash_out,17.5,-1.5,17.5,5.65,7.15,-11.85,0.0
0.55,17.5,2.0,13.0,9.0,0.0,cash_out,cash_out,17.5,-2.0,17.5,5.15,7.15,-12.35,0.0
0.55,17.5,2.5,13.0,9.0,0.0,cash_out,cash_out,17.5,-2.5,17.5,4.65,7.15,-12.85,0.0
0.55,17.5,3.0,13.0,9.0,0.0,cash_out,cash_out,17.5,-3.0,17.5,4.15,7.15,-13.35,0.0
0.55,17.5,3.5,13.0,9.0,0.0,cash_out,cash_out,17.5,-3.5,17.5,3.6500000000000004,7.15,-13.85,0.0
0.55,17.5,4.0,13.0,9.0,0.0,cash_out,cash_out,17.5,-4.0,17.5,3.1500000000000004,7.15,-14.35,0.0
0.55,18.0,0.0,13.0,9.0,0.0,cash_out,cash_out,18.0,0.0,18.0,7.15,7.15,-10.85,0.0
0.55,18.0,0.5,13.0,9.0,0.0,cash_out,cash_out,18.0,-0.5,18.0,6.65,7.15,-11.35,0.0
0.55,18.0,1.0,13.0,9.0,0.0,cash_out,cash_out,18.0,-1.0,18.0,6.15,7.15,-11.85,0.0
0.55,18.0,1.5,13.0,9.0,0.0,cash_out,cash_out,18.0,-1.5,18.0,5.65,7.15,-12.35,0.0
0.55,18.0,2.0,13.0,9.0,0.0,cash_out,cash_out,18.0,-2.0,18.0,5.15,7.15,-12.85,0.0
0.55,18.0,2.5,13.0,9.0,0.0,cash_out,cash_out,18.0,-2.5,18.0,4.65,7.15,-13.35,0.0
0.55,18.0,3.0,13.0,9.0,0.0,cash_out,cash_out,18.0,-3.0,18.0,4.15,7.15,-13.85,0.0
0.55,18.0,3.5,13.0,9.0,0.0,cash_out,cash_out,18.0,-3.5,18.0,3.6500000000000004,7.15,-14.35,0.0
0.55,18.0,4.0,13.0,9.0,0.0,cash_out,cash_out,18.0,-4.0,18.0,3.1500000000000004,7.15,-14.85,0.0
0.6,6.0,0.0,13.0,9.0,0.0,cash_out,preserve_option,6.0,0.0,6.0,7.8,7.8,1.7999999999999998,1.0
0.6,6.0,0.5,13.0,9.0,0.0,cash_out,preserve_option,6.0,-0.5,6.0,7.3,7.8,1.2999999999999998,1.0
0.6,6.0,1.0,13.0,9.0,0.0,cash_out,preserve_option,6.0,-1.0,6.0,6.8,7.8,0.7999999999999998,1.0
0.6,6.0,1.5,13.0,9.0,0.0,cash_out,preserve_option,6.0,-1.5,6.0,6.3,7.8,0.2999999999999998,1.0
0.6,6.0,2.0,13.0,9.0,0.0,cash_out,cash_out,6.0,-2.0,6.0,5.8,7.8,-0.20000000000000018,0.0
0.6,6.0,2.5,13.0,9.0,0.0,cash_out,cash_out,6.0,-2.5,6.0,5.3,7.8,-0.7000000000000002,0.0
0.6,6.0,3.0,13.0,9.0,0.0,cash_out,cash_out,6.0,-3.0,6.0,4.8,7.8,-1.2000000000000002,0.0
0.6,6.0,3.5,13.0,9.0,0.0,cash_out,cash_out,6.0,-3.5,6.0,4.3,7.8,-1.7000000000000002,0.0
0.6,6.0,4.0,13.0,9.0,0.0,cash_out,cash_out,6.0,-4.0,6.0,3.8,7.8,-2.2,0.0
0.6,6.5,0.0,13.0,9.0,0.0,cash_out,preserve_option,6.5,0.0,6.5,7.8,7.8,1.2999999999999998,1.0
0.6,6.5,0.5,13.0,9.0,0.0,cash_out,preserve_option,6.5,-0.5,6.5,7.3,7.8,0.7999999999999998,1.0
0.6,6.5,1.0,13.0,9.0,0.0,cash_out,preserve_option,6.5,-1.0,6.5,6.8,7.8,0.2999999999999998,1.0
0.6,6.5,1.5,13.0,9.0,0.0,cash_out,cash_out,6.5,-1.5,6.5,6.3,7.8,-0.20000000000000018,0.0
0.6,6.5,2.0,13.0,9.0,0.0,cash_out,cash_out,6.5,-2.0,6.5,5.8,7.8,-0.7000000000000002,0.0
0.6,6.5,2.5,13.0,9.0,0.0,cash_out,cash_out,6.5,-2.5,6.5,5.3,7.8,-1.2000000000000002,0.0
0.6,6.5,3.0,13.0,9.0,0.0,cash_out,cash_out,6.5,-3.0,6.5,4.8,7.8,-1.7000000000000002,0.0
0.6,6.5,3.5,13.0,9.0,0.0,cash_out,cash_out,6.5,-3.5,6.5,4.3,7.8,-2.2,0.0
0.6,6.5,4.0,13.0,9.0,0.0,cash_out,cash_out,6.5,-4.0,6.5,3.8,7.8,-2.7,0.0
0.6,7.0,0.0,13.0,9.0,0.0,cash_out,preserve_option,7.0,0.0,7.0,7.8,7.8,0.7999999999999998,1.0
0.6,7.0,0.5,13.0,9.0,0.0,cash_out,preserve_option,7.0,-0.5,7.0,7.3,7.8,0.2999999999999998,1.0
0.6,7.0,1.0,13.0,9.0,0.0,cash_out,cash_out,7.0,-1.0,7.0,6.8,7.8,-0.20000000000000018,0.0
0.6,7.0,1.5,13.0,9.0,0.0,cash_out,cash_out,7.0,-1.5,7.0,6.3,7.8,-0.7000000000000002,0.0
0.6,7.0,2.0,13.0,9.0,0.0,cash_out,cash_out,7.0,-2.0,7.0,5.8,7.8,-1.2000000000000002,0.0
0.6,7.0,2.5,13.0,9.0,0.0,cash_out,cash_out,7.0,-2.5,7.0,5.3,7.8,-1.7000000000000002,0.0
0.6,7.0,3.0,13.0,9.0,0.0,cash_out,cash_out,7.0,-3.0,7.0,4.8,7.8,-2.2,0.0
0.6,7.0,3.5,13.0,9.0,0.0,cash_out,cash_out,7.0,-3.5,7.0,4.3,7.8,-2.7,0.0
0.6,7.0,4.0,13.0,9.0,0.0,cash_out,cash_out,7.0,-4.0,7.0,3.8,7.8,-3.2,0.0
0.6,7.5,0.0,13.0,9.0,0.0,cash_out,preserve_option,7.5,0.0,7.5,7.8,7.8,0.2999999999999998,1.0
0.6,7.5,0.5,13.0,9.0,0.0,cash_out,cash_out,7.5,-0.5,7.5,7.3,7.8,-0.20000000000000018,0.0
0.6,7.5,1.0,13.0,9.0,0.0,cash_out,cash_out,7.5,-1.0,7.5,6.8,7.8,-0.7000000000000002,0.0
0.6,7.5,1.5,13.0,9.0,0.0,cash_out,cash_out,7.5,-1.5,7.5,6.3,7.8,-1.2000000000000002,0.0
0.6,7.5,2.0,13.0,9.0,0.0,cash_out,cash_out,7.5,-2.0,7.5,5.8,7.8,-1.7000000000000002,0.0
0.6,7.5,2.5,13.0,9.0,0.0,cash_out,cash_out,7.5,-2.5,7.5,5.3,7.8,-2.2,0.0
0.6,7.5,3.0,13.0,9.0,0.0,cash_out,cash_out,7.5,-3.0,7.5,4.8,7.8,-2.7,0.0
0.6,7.5,3.5,13.0,9.0,0.0,cash_out,cash_out,7.5,-3.5,7.5,4.3,7.8,-3.2,0.0
0.6,7.5,4.0,13.0,9.0,0.0,cash_out,cash_out,7.5,-4.0,7.5,3.8,7.8,-3.7,0.0
0.6,8.0,0.0,13.0,9.0,0.0,cash_out,cash_out,8.0,0.0,8.0,7.8,7.8,-0.20000000000000018,0.0
0.6,8.0,0.5,13.0,9.0,0.0,cash_out,cash_out,8.0,-0.5,8.0,7.3,7.8,-0.7000000000000002,0.0
0.6,8.0,1.0,13.0,9.0,0.0,cash_out,cash_out,8.0,-1.0,8.0,6.8,7.8,-1.2000000000000002,0.0
0.6,8.0,1.5,13.0,9.0,0.0,cash_out,cash_out,8.0,-1.5,8.0,6.3,7.8,-1.7000000000000002,0.0
0.6,8.0,2.0,13.0,9.0,0.0,cash_out,cash_out,8.0,-2.0,8.0,5.8,7.8,-2.2,0.0
0.6,8.0,2.5,13.0,9.0,0.0,cash_out,cash_out,8.0,-2.5,8.0,5.3,7.8,-2.7,0.0
0.6,8.0,3.0,13.0,9.0,0.0,cash_out,cash_out,8.0,-3.0,8.0,4.8,7.8,-3.2,0.0
0.6,8.0,3.5,13.0,9.0,0.0,cash_out,cash_out,8.0,-3.5,8.0,4.3,7.8,-3.7,0.0
0.6,8.0,4.0,13.0,9.0,0.0,cash_out,cash_out,8.0,-4.0,8.0,3.8,7.8,-4.2,0.0
0.6,8.5,0.0,13.0,9.0,0.0,cash_out,cash_out,8.5,0.0,8.5,7.8,7.8,-0.7000000000000002,0.0
0.6,8.5,0.5,13.0,9.0,0.0,cash_out,cash_out,8.5,-0.5,8.5,7.3,7.8,-1.2000000000000002,0.0
0.6,8.5,1.0,13.0,9.0,0.0,cash_out,cash_out,8.5,-1.0,8.5,6.8,7.8,-1.7000000000000002,0.0
0.6,8.5,1.5,13.0,9.0,0.0,cash_out,cash_out,8.5,-1.5,8.5,6.3,7.8,-2.2,0.0
0.6,8.5,2.0,13.0,9.0,0.0,cash_out,cash_out,8.5,-2.0,8.5,5.8,7.8,-2.7,0.0
0.6,8.5,2.5,13.0,9.0,0.0,cash_out,cash_out,8.5,-2.5,8.5,5.3,7.8,-3.2,0.0
0.6,8.5,3.0,13.0,9.0,0.0,cash_out,cash_out,8.5,-3.0,8.5,4.8,7.8,-3.7,0.0
0.6,8.5,3.5,13.0,9.0,0.0,cash_out,cash_out,8.5,-3.5,8.5,4.3,7.8,-4.2,0.0
0.6,8.5,4.0,13.0,9.0,0.0,cash_out,cash_out,8.5,-4.0,8.5,3.8,7.8,-4.7,0.0
0.6,9.0,0.0,13.0,9.0,0.0,cash_out,cash_out,9.0,0.0,9.0,7.8,7.8,-1.2000000000000002,0.0
0.6,9.0,0.5,13.0,9.0,0.0,cash_out,cash_out,9.0,-0.5,9.0,7.3,7.8,-1.7000000000000002,0.0
0.6,9.0,1.0,13.0,9.0,0.0,cash_out,cash_out,9.0,-1.0,9.0,6.8,7.8,-2.2,0.0
0.6,9.0,1.5,13.0,9.0,0.0,cash_out,cash_out,9.0,-1.5,9.0,6.3,7.8,-2.7,0.0
0.6,9.0,2.0,13.0,9.0,0.0,cash_out,cash_out,9.0,-2.0,9.0,5.8,7.8,-3.2,0.0
0.6,9.0,2.5,13.0,9.0,0.0,cash_out,cash_out,9.0,-2.5,9.0,5.3,7.8,-3.7,0.0
0.6,9.0,3.0,13.0,9.0,0.0,cash_out,cash_out,9.0,-3.0,9.0,4.8,7.8,-4.2,0.0
0.6,9.0,3.5,13.0,9.0,0.0,cash_out,cash_out,9.0,-3.5,9.0,4.3,7.8,-4.7,0.0
0.6,9.0,4.0,13.0,9.0,0.0,cash_out,cash_out,9.0,-4.0,9.0,3.8,7.8,-5.2,0.0
0.6,9.5,0.0,13.0,9.0,0.0,cash_out,cash_out,9.5,0.0,9.5,7.8,7.8,-1.7000000000000002,0.0
0.6,9.5,0.5,13.0,9.0,0.0,cash_out,cash_out,9.5,-0.5,9.5,7.3,7.8,-2.2,0.0
0.6,9.5,1.0,13.0,9.0,0.0,cash_out,cash_out,9.5,-1.0,9.5,6.8,7.8,-2.7,0.0
0.6,9.5,1.5,13.0,9.0,0.0,cash_out,cash_out,9.5,-1.5,9.5,6.3,7.8,-3.2,0.0
0.6,9.5,2.0,13.0,9.0,0.0,cash_out,cash_out,9.5,-2.0,9.5,5.8,7.8,-3.7,0.0
0.6,9.5,2.5,13.0,9.0,0.0,cash_out,cash_out,9.5,-2.5,9.5,5.3,7.8,-4.2,0.0
0.6,9.5,3.0,13.0,9.0,0.0,cash_out,cash_out,9.5,-3.0,9.5,4.8,7.8,-4.7,0.0
0.6,9.5,3.5,13.0,9.0,0.0,cash_out,cash_out,9.5,-3.5,9.5,4.3,7.8,-5.2,0.0
0.6,9.5,4.0,13.0,9.0,0.0,cash_out,cash_out,9.5,-4.0,9.5,3.8,7.8,-5.7,0.0
0.6,10.0,0.0,13.0,9.0,0.0,cash_out,cash_out,10.0,0.0,10.0,7.8,7.8,-2.2,0.0
0.6,10.0,0.5,13.0,9.0,0.0,cash_out,cash_out,10.0,-0.5,10.0,7.3,7.8,-2.7,0.0
0.6,10.0,1.0,13.0,9.0,0.0,cash_out,cash_out,10.0,-1.0,10.0,6.8,7.8,-3.2,0.0
0.6,10.0,1.5,13.0,9.0,0.0,cash_out,cash_out,10.0,-1.5,10.0,6.3,7.8,-3.7,0.0
0.6,10.0,2.0,13.0,9.0,0.0,cash_out,cash_out,10.0,-2.0,10.0,5.8,7.8,-4.2,0.0
0.6,10.0,2.5,13.0,9.0,0.0,cash_out,cash_out,10.0,-2.5,10.0,5.3,7.8,-4.7,0.0
0.6,10.0,3.0,13.0,9.0,0.0,cash_out,cash_out,10.0,-3.0,10.0,4.8,7.8,-5.2,0.0
0.6,10.0,3.5,13.0,9.0,0.0,cash_out,cash_out,10.0,-3.5,10.0,4.3,7.8,-5.7,0.0
0.6,10.0,4.0,13.0,9.0,0.0,cash_out,cash_out,10.0,-4.0,10.0,3.8,7.8,-6.2,0.0
0.6,10.5,0.0,13.0,9.0,0.0,cash_out,cash_out,10.5,0.0,10.5,7.8,7.8,-2.7,0.0
0.6,10.5,0.5,13.0,9.0,0.0,cash_out,cash_out,10.5,-0.5,10.5,7.3,7.8,-3.2,0.0
0.6,10.5,1.0,13.0,9.0,0.0,cash_out,cash_out,10.5,-1.0,10.5,6.8,7.8,-3.7,0.0
0.6,10.5,1.5,13.0,9.0,0.0,cash_out,cash_out,10.5,-1.5,10.5,6.3,7.8,-4.2,0.0
0.6,10.5,2.0,13.0,9.0,0.0,cash_out,cash_out,10.5,-2.0,10.5,5.8,7.8,-4.7,0.0
0.6,10.5,2.5,13.0,9.0,0.0,cash_out,cash_out,10.5,-2.5,10.5,5.3,7.8,-5.2,0.0
0.6,10.5,3.0,13.0,9.0,0.0,cash_out,cash_out,10.5,-3.0,10.5,4.8,7.8,-5.7,0.0
0.6,10.5,3.5,13.0,9.0,0.0,cash_out,cash_out,10.5,-3.5,10.5,4.3,7.8,-6.2,0.0
0.6,10.5,4.0,13.0,9.0,0.0,cash_out,cash_out,10.5,-4.0,10.5,3.8,7.8,-6.7,0.0
0.6,11.0,0.0,13.0,9.0,0.0,cash_out,cash_out,11.0,0.0,11.0,7.8,7.8,-3.2,0.0
0.6,11.0,0.5,13.0,9.0,0.0,cash_out,cash_out,11.0,-0.5,11.0,7.3,7.8,-3.7,0.0
0.6,11.0,1.0,13.0,9.0,0.0,cash_out,cash_out,11.0,-1.0,11.0,6.8,7.8,-4.2,0.0
0.6,11.0,1.5,13.0,9.0,0.0,cash_out,cash_out,11.0,-1.5,11.0,6.3,7.8,-4.7,0.0
0.6,11.0,2.0,13.0,9.0,0.0,cash_out,cash_out,11.0,-2.0,11.0,5.8,7.8,-5.2,0.0
0.6,11.0,2.5,13.0,9.0,0.0,cash_out,cash_out,11.0,-2.5,11.0,5.3,7.8,-5.7,0.0
0.6,11.0,3.0,13.0,9.0,0.0,cash_out,cash_out,11.0,-3.0,11.0,4.8,7.8,-6.2,0.0
0.6,11.0,3.5,13.0,9.0,0.0,cash_out,cash_out,11.0,-3.5,11.0,4.3,7.8,-6.7,0.0
0.6,11.0,4.0,13.0,9.0,0.0,cash_out,cash_out,11.0,-4.0,11.0,3.8,7.8,-7.2,0.0
0.6,11.5,0.0,13.0,9.0,0.0,cash_out,cash_out,11.5,0.0,11.5,7.8,7.8,-3.7,0.0
0.6,11.5,0.5,13.0,9.0,0.0,cash_out,cash_out,11.5,-0.5,11.5,7.3,7.8,-4.2,0.0
0.6,11.5,1.0,13.0,9.0,0.0,cash_out,cash_out,11.5,-1.0,11.5,6.8,7.8,-4.7,0.0
0.6,11.5,1.5,13.0,9.0,0.0,cash_out,cash_out,11.5,-1.5,11.5,6.3,7.8,-5.2,0.0
0.6,11.5,2.0,13.0,9.0,0.0,cash_out,cash_out,11.5,-2.0,11.5,5.8,7.8,-5.7,0.0
0.6,11.5,2.5,13.0,9.0,0.0,cash_out,cash_out,11.5,-2.5,11.5,5.3,7.8,-6.2,0.0
0.6,11.5,3.0,13.0,9.0,0.0,cash_out,cash_out,11.5,-3.0,11.5,4.8,7.8,-6.7,0.0
0.6,11.5,3.5,13.0,9.0,0.0,cash_out,cash_out,11.5,-3.5,11.5,4.3,7.8,-7.2,0.0
0.6,11.5,4.0,13.0,9.0,0.0,cash_out,cash_out,11.5,-4.0,11.5,3.8,7.8,-7.7,0.0
0.6,12.0,0.0,13.0,9.0,0.0,cash_out,cash_out,12.0,0.0,12.0,7.8,7.8,-4.2,0.0
0.6,12.0,0.5,13.0,9.0,0.0,cash_out,cash_out,12.0,-0.5,12.0,7.3,7.8,-4.7,0.0
0.6,12.0,1.0,13.0,9.0,0.0,cash_out,cash_out,12.0,-1.0,12.0,6.8,7.8,-5.2,0.0
0.6,12.0,1.5,13.0,9.0,0.0,cash_out,cash_out,12.0,-1.5,12.0,6.3,7.8,-5.7,0.0
0.6,12.0,2.0,13.0,9.0,0.0,cash_out,cash_out,12.0,-2.0,12.0,5.8,7.8,-6.2,0.0
0.6,12.0,2.5,13.0,9.0,0.0,cash_out,cash_out,12.0,-2.5,12.0,5.3,7.8,-6.7,0.0
0.6,12.0,3.0,13.0,9.0,0.0,cash_out,cash_out,12.0,-3.0,12.0,4.8,7.8,-7.2,0.0
0.6,12.0,3.5,13.0,9.0,0.0,cash_out,cash_out,12.0,-3.5,12.0,4.3,7.8,-7.7,0.0
0.6,12.0,4.0,13.0,9.0,0.0,cash_out,cash_out,12.0,-4.0,12.0,3.8,7.8,-8.2,0.0
0.6,12.5,0.0,13.0,9.0,0.0,cash_out,cash_out,12.5,0.0,12.5,7.8,7.8,-4.7,0.0
0.6,12.5,0.5,13.0,9.0,0.0,cash_out,cash_out,12.5,-0.5,12.5,7.3,7.8,-5.2,0.0
0.6,12.5,1.0,13.0,9.0,0.0,cash_out,cash_out,12.5,-1.0,12.5,6.8,7.8,-5.7,0.0
0.6,12.5,1.5,13.0,9.0,0.0,cash_out,cash_out,12.5,-1.5,12.5,6.3,7.8,-6.2,0.0
0.6,12.5,2.0,13.0,9.0,0.0,cash_out,cash_out,12.5,-2.0,12.5,5.8,7.8,-6.7,0.0
0.6,12.5,2.5,13.0,9.0,0.0,cash_out,cash_out,12.5,-2.5,12.5,5.3,7.8,-7.2,0.0
0.6,12.5,3.0,13.0,9.0,0.0,cash_out,cash_out,12.5,-3.0,12.5,4.8,7.8,-7.7,0.0
0.6,12.5,3.5,13.0,9.0,0.0,cash_out,cash_out,12.5,-3.5,12.5,4.3,7.8,-8.2,0.0
0.6,12.5,4.0,13.0,9.0,0.0,cash_out,cash_out,12.5,-4.0,12.5,3.8,7.8,-8.7,0.0
0.6,13.0,0.0,13.0,9.0,0.0,cash_out,cash_out,13.0,0.0,13.0,7.8,7.8,-5.2,0.0
0.6,13.0,0.5,13.0,9.0,0.0,cash_out,cash_out,13.0,-0.5,13.0,7.3,7.8,-5.7,0.0
0.6,13.0,1.0,13.0,9.0,0.0,cash_out,cash_out,13.0,-1.0,13.0,6.8,7.8,-6.2,0.0
0.6,13.0,1.5,13.0,9.0,0.0,cash_out,cash_out,13.0,-1.5,13.0,6.3,7.8,-6.7,0.0
0.6,13.0,2.0,13.0,9.0,0.0,cash_out,cash_out,13.0,-2.0,13.0,5.8,7.8,-7.2,0.0
0.6,13.0,2.5,13.0,9.0,0.0,cash_out,cash_out,13.0,-2.5,13.0,5.3,7.8,-7.7,0.0
0.6,13.0,3.0,13.0,9.0,0.0,cash_out,cash_out,13.0,-3.0,13.0,4.8,7.8,-8.2,0.0
0.6,13.0,3.5,13.0,9.0,0.0,cash_out,cash_out,13.0,-3.5,13.0,4.3,7.8,-8.7,0.0
0.6,13.0,4.0,13.0,9.0,0.0,cash_out,cash_out,13.0,-4.0,13.0,3.8,7.8,-9.2,0.0
0.6,13.5,0.0,13.0,9.0,0.0,cash_out,cash_out,13.5,0.0,13.5,7.8,7.8,-5.7,0.0
0.6,13.5,0.5,13.0,9.0,0.0,cash_out,cash_out,13.5,-0.5,13.5,7.3,7.8,-6.2,0.0
0.6,13.5,1.0,13.0,9.0,0.0,cash_out,cash_out,13.5,-1.0,13.5,6.8,7.8,-6.7,0.0
0.6,13.5,1.5,13.0,9.0,0.0,cash_out,cash_out,13.5,-1.5,13.5,6.3,7.8,-7.2,0.0
0.6,13.5,2.0,13.0,9.0,0.0,cash_out,cash_out,13.5,-2.0,13.5,5.8,7.8,-7.7,0.0
0.6,13.5,2.5,13.0,9.0,0.0,cash_out,cash_out,13.5,-2.5,13.5,5.3,7.8,-8.2,0.0
0.6,13.5,3.0,13.0,9.0,0.0,cash_out,cash_out,13.5,-3.0,13.5,4.8,7.8,-8.7,0.0
0.6,13.5,3.5,13.0,9.0,0.0,cash_out,cash_out,13.5,-3.5,13.5,4.3,7.8,-9.2,0.0
0.6,13.5,4.0,13.0,9.0,0.0,cash_out,cash_out,13.5,-4.0,13.5,3.8,7.8,-9.7,0.0
0.6,14.0,0.0,13.0,9.0,0.0,cash_out,cash_out,14.0,0.0,14.0,7.8,7.8,-6.2,0.0
0.6,14.0,0.5,13.0,9.0,0.0,cash_out,cash_out,14.0,-0.5,14.0,7.3,7.8,-6.7,0.0
0.6,14.0,1.0,13.0,9.0,0.0,cash_out,cash_out,14.0,-1.0,14.0,6.8,7.8,-7.2,0.0
0.6,14.0,1.5,13.0,9.0,0.0,cash_out,cash_out,14.0,-1.5,14.0,6.3,7.8,-7.7,0.0
0.6,14.0,2.0,13.0,9.0,0.0,cash_out,cash_out,14.0,-2.0,14.0,5.8,7.8,-8.2,0.0
0.6,14.0,2.5,13.0,9.0,0.0,cash_out,cash_out,14.0,-2.5,14.0,5.3,7.8,-8.7,0.0
0.6,14.0,3.0,13.0,9.0,0.0,cash_out,cash_out,14.0,-3.0,14.0,4.8,7.8,-9.2,0.0
0.6,14.0,3.5,13.0,9.0,0.0,cash_out,cash_out,14.0,-3.5,14.0,4.3,7.8,-9.7,0.0
0.6,14.0,4.0,13.0,9.0,0.0,cash_out,cash_out,14.0,-4.0,14.0,3.8,7.8,-10.2,0.0
0.6,14.5,0.0,13.0,9.0,0.0,cash_out,cash_out,14.5,0.0,14.5,7.8,7.8,-6.7,0.0
0.6,14.5,0.5,13.0,9.0,0.0,cash_out,cash_out,14.5,-0.5,14.5,7.3,7.8,-7.2,0.0
0.6,14.5,1.0,13.0,9.0,0.0,cash_out,cash_out,14.5,-1.0,14.5,6.8,7.8,-7.7,0.0
0.6,14.5,1.5,13.0,9.0,0.0,cash_out,cash_out,14.5,-1.5,14.5,6.3,7.8,-8.2,0.0
0.6,14.5,2.0,13.0,9.0,0.0,cash_out,cash_out,14.5,-2.0,14.5,5.8,7.8,-8.7,0.0
0.6,14.5,2.5,13.0,9.0,0.0,cash_out,cash_out,14.5,-2.5,14.5,5.3,7.8,-9.2,0.0
0.6,14.5,3.0,13.0,9.0,0.0,cash_out,cash_out,14.5,-3.0,14.5,4.8,7.8,-9.7,0.0
0.6,14.5,3.5,13.0,9.0,0.0,cash_out,cash_out,14.5,-3.5,14.5,4.3,7.8,-10.2,0.0
0.6,14.5,4.0,13.0,9.0,0.0,cash_out,cash_out,14.5,-4.0,14.5,3.8,7.8,-10.7,0.0
0.6,15.0,0.0,13.0,9.0,0.0,cash_out,cash_out,15.0,0.0,15.0,7.8,7.8,-7.2,0.0
0.6,15.0,0.5,13.0,9.0,0.0,cash_out,cash_out,15.0,-0.5,15.0,7.3,7.8,-7.7,0.0
0.6,15.0,1.0,13.0,9.0,0.0,cash_out,cash_out,15.0,-1.0,15.0,6.8,7.8,-8.2,0.0
0.6,15.0,1.5,13.0,9.0,0.0,cash_out,cash_out,15.0,-1.5,15.0,6.3,7.8,-8.7,0.0
0.6,15.0,2.0,13.0,9.0,0.0,cash_out,cash_out,15.0,-2.0,15.0,5.8,7.8,-9.2,0.0
0.6,15.0,2.5,13.0,9.0,0.0,cash_out,cash_out,15.0,-2.5,15.0,5.3,7.8,-9.7,0.0
0.6,15.0,3.0,13.0,9.0,0.0,cash_out,cash_out,15.0,-3.0,15.0,4.8,7.8,-10.2,0.0
0.6,15.0,3.5,13.0,9.0,0.0,cash_out,cash_out,15.0,-3.5,15.0,4.3,7.8,-10.7,0.0
0.6,15.0,4.0,13.0,9.0,0.0,cash_out,cash_out,15.0,-4.0,15.0,3.8,7.8,-11.2,0.0
0.6,15.5,0.0,13.0,9.0,0.0,cash_out,cash_out,15.5,0.0,15.5,7.8,7.8,-7.7,0.0
0.6,15.5,0.5,13.0,9.0,0.0,cash_out,cash_out,15.5,-0.5,15.5,7.3,7.8,-8.2,0.0
0.6,15.5,1.0,13.0,9.0,0.0,cash_out,cash_out,15.5,-1.0,15.5,6.8,7.8,-8.7,0.0
0.6,15.5,1.5,13.0,9.0,0.0,cash_out,cash_out,15.5,-1.5,15.5,6.3,7.8,-9.2,0.0
0.6,15.5,2.0,13.0,9.0,0.0,cash_out,cash_out,15.5,-2.0,15.5,5.8,7.8,-9.7,0.0
0.6,15.5,2.5,13.0,9.0,0.0,cash_out,cash_out,15.5,-2.5,15.5,5.3,7.8,-10.2,0.0
0.6,15.5,3.0,13.0,9.0,0.0,cash_out,cash_out,15.5,-3.0,15.5,4.8,7.8,-10.7,0.0
0.6,15.5,3.5,13.0,9.0,0.0,cash_out,cash_out,15.5,-3.5,15.5,4.3,7.8,-11.2,0.0
0.6,15.5,4.0,13.0,9.0,0.0,cash_out,cash_out,15.5,-4.0,15.5,3.8,7.8,-11.7,0.0
0.6,16.0,0.0,13.0,9.0,0.0,cash_out,cash_out,16.0,0.0,16.0,7.8,7.8,-8.2,0.0
0.6,16.0,0.5,13.0,9.0,0.0,cash_out,cash_out,16.0,-0.5,16.0,7.3,7.8,-8.7,0.0
0.6,16.0,1.0,13.0,9.0,0.0,cash_out,cash_out,16.0,-1.0,16.0,6.8,7.8,-9.2,0.0
0.6,16.0,1.5,13.0,9.0,0.0,cash_out,cash_out,16.0,-1.5,16.0,6.3,7.8,-9.7,0.0
0.6,16.0,2.0,13.0,9.0,0.0,cash_out,cash_out,16.0,-2.0,16.0,5.8,7.8,-10.2,0.0
0.6,16.0,2.5,13.0,9.0,0.0,cash_out,cash_out,16.0,-2.5,16.0,5.3,7.8,-10.7,0.0
0.6,16.0,3.0,13.0,9.0,0.0,cash_out,cash_out,16.0,-3.0,16.0,4.8,7.8,-11.2,0.0
0.6,16.0,3.5,13.0,9.0,0.0,cash_out,cash_out,16.0,-3.5,16.0,4.3,7.8,-11.7,0.0
0.6,16.0,4.0,13.0,9.0,0.0,cash_out,cash_out,16.0,-4.0,16.0,3.8,7.8,-12.2,0.0
0.6,16.5,0.0,13.0,9.0,0.0,cash_out,cash_out,16.5,0.0,16.5,7.8,7.8,-8.7,0.0
0.6,16.5,0.5,13.0,9.0,0.0,cash_out,cash_out,16.5,-0.5,16.5,7.3,7.8,-9.2,0.0
0.6,16.5,1.0,13.0,9.0,0.0,cash_out,cash_out,16.5,-1.0,16.5,6.8,7.8,-9.7,0.0
0.6,16.5,1.5,13.0,9.0,0.0,cash_out,cash_out,16.5,-1.5,16.5,6.3,7.8,-10.2,0.0
0.6,16.5,2.0,13.0,9.0,0.0,cash_out,cash_out,16.5,-2.0,16.5,5.8,7.8,-10.7,0.0
0.6,16.5,2.5,13.0,9.0,0.0,cash_out,cash_out,16.5,-2.5,16.5,5.3,7.8,-11.2,0.0
0.6,16.5,3.0,13.0,9.0,0.0,cash_out,cash_out,16.5,-3.0,16.5,4.8,7.8,-11.7,0.0
0.6,16.5,3.5,13.0,9.0,0.0,cash_out,cash_out,16.5,-3.5,16.5,4.3,7.8,-12.2,0.0
0.6,16.5,4.0,13.0,9.0,0.0,cash_out,cash_out,16.5,-4.0,16.5,3.8,7.8,-12.7,0.0
0.6,17.0,0.0,13.0,9.0,0.0,cash_out,cash_out,17.0,0.0,17.0,7.8,7.8,-9.2,0.0
0.6,17.0,0.5,13.0,9.0,0.0,cash_out,cash_out,17.0,-0.5,17.0,7.3,7.8,-9.7,0.0
0.6,17.0,1.0,13.0,9.0,0.0,cash_out,cash_out,17.0,-1.0,17.0,6.8,7.8,-10.2,0.0
0.6,17.0,1.5,13.0,9.0,0.0,cash_out,cash_out,17.0,-1.5,17.0,6.3,7.8,-10.7,0.0
0.6,17.0,2.0,13.0,9.0,0.0,cash_out,cash_out,17.0,-2.0,17.0,5.8,7.8,-11.2,0.0
0.6,17.0,2.5,13.0,9.0,0.0,cash_out,cash_out,17.0,-2.5,17.0,5.3,7.8,-11.7,0.0
0.6,17.0,3.0,13.0,9.0,0.0,cash_out,cash_out,17.0,-3.0,17.0,4.8,7.8,-12.2,0.0
0.6,17.0,3.5,13.0,9.0,0.0,cash_out,cash_out,17.0,-3.5,17.0,4.3,7.8,-12.7,0.0
0.6,17.0,4.0,13.0,9.0,0.0,cash_out,cash_out,17.0,-4.0,17.0,3.8,7.8,-13.2,0.0
0.6,17.5,0.0,13.0,9.0,0.0,cash_out,cash_out,17.5,0.0,17.5,7.8,7.8,-9.7,0.0
0.6,17.5,0.5,13.0,9.0,0.0,cash_out,cash_out,17.5,-0.5,17.5,7.3,7.8,-10.2,0.0
0.6,17.5,1.0,13.0,9.0,0.0,cash_out,cash_out,17.5,-1.0,17.5,6.8,7.8,-10.7,0.0
0.6,17.5,1.5,13.0,9.0,0.0,cash_out,cash_out,17.5,-1.5,17.5,6.3,7.8,-11.2,0.0
0.6,17.5,2.0,13.0,9.0,0.0,cash_out,cash_out,17.5,-2.0,17.5,5.8,7.8,-11.7,0.0
0.6,17.5,2.5,13.0,9.0,0.0,cash_out,cash_out,17.5,-2.5,17.5,5.3,7.8,-12.2,0.0
0.6,17.5,3.0,13.0,9.0,0.0,cash_out,cash_out,17.5,-3.0,17.5,4.8,7.8,-12.7,0.0
0.6,17.5,3.5,13.0,9.0,0.0,cash_out,cash_out,17.5,-3.5,17.5,4.3,7.8,-13.2,0.0
0.6,17.5,4.0,13.0,9.0,0.0,cash_out,cash_out,17.5,-4.0,17.5,3.8,7.8,-13.7,0.0
0.6,18.0,0.0,13.0,9.0,0.0,cash_out,cash_out,18.0,0.0,18.0,7.8,7.8,-10.2,0.0
0.6,18.0,0.5,13.0,9.0,0.0,cash_out,cash_out,18.0,-0.5,18.0,7.3,7.8,-10.7,0.0
0.6,18.0,1.0,13.0,9.0,0.0,cash_out,cash_out,18.0,-1.0,18.0,6.8,7.8,-11.2,0.0
0.6,18.0,1.5,13.0,9.0,0.0,cash_out,cash_out,18.0,-1.5,18.0,6.3,7.8,-11.7,0.0
0.6,18.0,2.0,13.0,9.0,0.0,cash_out,cash_out,18.0,-2.0,18.0,5.8,7.8,-12.2,0.0
0.6,18.0,2.5,13.0,9.0,0.0,cash_out,cash_out,18.0,-2.5,18.0,5.3,7.8,-12.7,0.0
0.6,18.0,3.0,13.0,9.0,0.0,cash_out,cash_out,18.0,-3.0,18.0,4.8,7.8,-13.2,0.0
0.6,18.0,3.5,13.0,9.0,0.0,cash_out,cash_out,18.0,-3.5,18.0,4.3,7.8,-13.7,0.0
0.6,18.0,4.0,13.0,9.0,0.0,cash_out,cash_out,18.0,-4.0,18.0,3.8,7.8,-14.2,0.0
0.65,6.0,0.0,13.0,9.0,0.0,cash_out,preserve_option,6.0,0.0,6.0,8.450000000000001,8.450000000000001,2.450000000000001,1.0
0.65,6.0,0.5,13.0,9.0,0.0,cash_out,preserve_option,6.0,-0.5,6.0,7.950000000000001,8.450000000000001,1.950000000000001,1.0
0.65,6.0,1.0,13.0,9.0,0.0,cash_out,preserve_option,6.0,-1.0,6.0,7.450000000000001,8.450000000000001,1.450000000000001,1.0
0.65,6.0,1.5,13.0,9.0,0.0,cash_out,preserve_option,6.0,-1.5,6.0,6.950000000000001,8.450000000000001,0.9500000000000011,1.0
0.65,6.0,2.0,13.0,9.0,0.0,cash_out,preserve_option,6.0,-2.0,6.0,6.450000000000001,8.450000000000001,0.45000000000000107,1.0
0.65,6.0,2.5,13.0,9.0,0.0,cash_out,cash_out,6.0,-2.5,6.0,5.950000000000001,8.450000000000001,-0.049999999999998934,0.0
0.65,6.0,3.0,13.0,9.0,0.0,cash_out,cash_out,6.0,-3.0,6.0,5.450000000000001,8.450000000000001,-0.5499999999999989,0.0
0.65,6.0,3.5,13.0,9.0,0.0,cash_out,cash_out,6.0,-3.5,6.0,4.950000000000001,8.450000000000001,-1.049999999999999,0.0
0.65,6.0,4.0,13.0,9.0,0.0,cash_out,cash_out,6.0,-4.0,6.0,4.450000000000001,8.450000000000001,-1.549999999999999,0.0
0.65,6.5,0.0,13.0,9.0,0.0,cash_out,preserve_option,6.5,0.0,6.5,8.450000000000001,8.450000000000001,1.950000000000001,1.0
0.65,6.5,0.5,13.0,9.0,0.0,cash_out,preserve_option,6.5,-0.5,6.5,7.950000000000001,8.450000000000001,1.450000000000001,1.0
0.65,6.5,1.0,13.0,9.0,0.0,cash_out,preserve_option,6.5,-1.0,6.5,7.450000000000001,8.450000000000001,0.9500000000000011,1.0
0.65,6.5,1.5,13.0,9.0,0.0,cash_out,preserve_option,6.5,-1.5,6.5,6.950000000000001,8.450000000000001,0.45000000000000107,1.0
0.65,6.5,2.0,13.0,9.0,0.0,cash_out,cash_out,6.5,-2.0,6.5,6.450000000000001,8.450000000000001,-0.049999999999998934,0.0
0.65,6.5,2.5,13.0,9.0,0.0,cash_out,cash_out,6.5,-2.5,6.5,5.950000000000001,8.450000000000001,-0.5499999999999989,0.0
0.65,6.5,3.0,13.0,9.0,0.0,cash_out,cash_out,6.5,-3.0,6.5,5.450000000000001,8.450000000000001,-1.049999999999999,0.0
0.65,6.5,3.5,13.0,9.0,0.0,cash_out,cash_out,6.5,-3.5,6.5,4.950000000000001,8.450000000000001,-1.549999999999999,0.0
0.65,6.5,4.0,13.0,9.0,0.0,cash_out,cash_out,6.5,-4.0,6.5,4.450000000000001,8.450000000000001,-2.049999999999999,0.0
0.65,7.0,0.0,13.0,9.0,0.0,cash_out,preserve_option,7.0,0.0,7.0,8.450000000000001,8.450000000000001,1.450000000000001,1.0
0.65,7.0,0.5,13.0,9.0,0.0,cash_out,preserve_option,7.0,-0.5,7.0,7.950000000000001,8.450000000000001,0.9500000000000011,1.0
0.65,7.0,1.0,13.0,9.0,0.0,cash_out,preserve_option,7.0,-1.0,7.0,7.450000000000001,8.450000000000001,0.45000000000000107,1.0
0.65,7.0,1.5,13.0,9.0,0.0,cash_out,cash_out,7.0,-1.5,7.0,6.950000000000001,8.450000000000001,-0.049999999999998934,0.0
0.65,7.0,2.0,13.0,9.0,0.0,cash_out,cash_out,7.0,-2.0,7.0,6.450000000000001,8.450000000000001,-0.5499999999999989,0.0
0.65,7.0,2.5,13.0,9.0,0.0,cash_out,cash_out,7.0,-2.5,7.0,5.950000000000001,8.450000000000001,-1.049999999999999,0.0
0.65,7.0,3.0,13.0,9.0,0.0,cash_out,cash_out,7.0,-3.0,7.0,5.450000000000001,8.450000000000001,-1.549999999999999,0.0
0.65,7.0,3.5,13.0,9.0,0.0,cash_out,cash_out,7.0,-3.5,7.0,4.950000000000001,8.450000000000001,-2.049999999999999,0.0
0.65,7.0,4.0,13.0,9.0,0.0,cash_out,cash_out,7.0,-4.0,7.0,4.450000000000001,8.450000000000001,-2.549999999999999,0.0
0.65,7.5,0.0,13.0,9.0,0.0,cash_out,preserve_option,7.5,0.0,7.5,8.450000000000001,8.450000000000001,0.9500000000000011,1.0
0.65,7.5,0.5,13.0,9.0,0.0,cash_out,preserve_option,7.5,-0.5,7.5,7.950000000000001,8.450000000000001,0.45000000000000107,1.0
0.65,7.5,1.0,13.0,9.0,0.0,cash_out,cash_out,7.5,-1.0,7.5,7.450000000000001,8.450000000000001,-0.049999999999998934,0.0
0.65,7.5,1.5,13.0,9.0,0.0,cash_out,cash_out,7.5,-1.5,7.5,6.950000000000001,8.450000000000001,-0.5499999999999989,0.0
0.65,7.5,2.0,13.0,9.0,0.0,cash_out,cash_out,7.5,-2.0,7.5,6.450000000000001,8.450000000000001,-1.049999999999999,0.0
0.65,7.5,2.5,13.0,9.0,0.0,cash_out,cash_out,7.5,-2.5,7.5,5.950000000000001,8.450000000000001,-1.549999999999999,0.0
0.65,7.5,3.0,13.0,9.0,0.0,cash_out,cash_out,7.5,-3.0,7.5,5.450000000000001,8.450000000000001,-2.049999999999999,0.0
0.65,7.5,3.5,13.0,9.0,0.0,cash_out,cash_out,7.5,-3.5,7.5,4.950000000000001,8.450000000000001,-2.549999999999999,0.0
0.65,7.5,4.0,13.0,9.0,0.0,cash_out,cash_out,7.5,-4.0,7.5,4.450000000000001,8.450000000000001,-3.049999999999999,0.0
0.65,8.0,0.0,13.0,9.0,0.0,cash_out,preserve_option,8.0,0.0,8.0,8.450000000000001,8.450000000000001,0.45000000000000107,1.0
0.65,8.0,0.5,13.0,9.0,0.0,cash_out,cash_out,8.0,-0.5,8.0,7.950000000000001,8.450000000000001,-0.049999999999998934,0.0
0.65,8.0,1.0,13.0,9.0,0.0,cash_out,cash_out,8.0,-1.0,8.0,7.450000000000001,8.450000000000001,-0.5499999999999989,0.0
0.65,8.0,1.5,13.0,9.0,0.0,cash_out,cash_out,8.0,-1.5,8.0,6.950000000000001,8.450000000000001,-1.049999999999999,0.0
0.65,8.0,2.0,13.0,9.0,0.0,cash_out,cash_out,8.0,-2.0,8.0,6.450000000000001,8.450000000000001,-1.549999999999999,0.0
0.65,8.0,2.5,13.0,9.0,0.0,cash_out,cash_out,8.0,-2.5,8.0,5.950000000000001,8.450000000000001,-2.049999999999999,0.0
0.65,8.0,3.0,13.0,9.0,0.0,cash_out,cash_out,8.0,-3.0,8.0,5.450000000000001,8.450000000000001,-2.549999999999999,0.0
0.65,8.0,3.5,13.0,9.0,0.0,cash_out,cash_out,8.0,-3.5,8.0,4.950000000000001,8.450000000000001,-3.049999999999999,0.0
0.65,8.0,4.0,13.0,9.0,0.0,cash_out,cash_out,8.0,-4.0,8.0,4.450000000000001,8.450000000000001,-3.549999999999999,0.0
0.65,8.5,0.0,13.0,9.0,0.0,cash_out,cash_out,8.5,0.0,8.5,8.450000000000001,8.450000000000001,-0.049999999999998934,0.0
0.65,8.5,0.5,13.0,9.0,0.0,cash_out,cash_out,8.5,-0.5,8.5,7.950000000000001,8.450000000000001,-0.5499999999999989,0.0
0.65,8.5,1.0,13.0,9.0,0.0,cash_out,cash_out,8.5,-1.0,8.5,7.450000000000001,8.450000000000001,-1.049999999999999,0.0
0.65,8.5,1.5,13.0,9.0,0.0,cash_out,cash_out,8.5,-1.5,8.5,6.950000000000001,8.450000000000001,-1.549999999999999,0.0
0.65,8.5,2.0,13.0,9.0,0.0,cash_out,cash_out,8.5,-2.0,8.5,6.450000000000001,8.450000000000001,-2.049999999999999,0.0
0.65,8.5,2.5,13.0,9.0,0.0,cash_out,cash_out,8.5,-2.5,8.5,5.950000000000001,8.450000000000001,-2.549999999999999,0.0
0.65,8.5,3.0,13.0,9.0,0.0,cash_out,cash_out,8.5,-3.0,8.5,5.450000000000001,8.450000000000001,-3.049999999999999,0.0
0.65,8.5,3.5,13.0,9.0,0.0,cash_out,cash_out,8.5,-3.5,8.5,4.950000000000001,8.450000000000001,-3.549999999999999,0.0
0.65,8.5,4.0,13.0,9.0,0.0,cash_out,cash_out,8.5,-4.0,8.5,4.450000000000001,8.450000000000001,-4.049999999999999,0.0
0.65,9.0,0.0,13.0,9.0,0.0,cash_out,cash_out,9.0,0.0,9.0,8.450000000000001,8.450000000000001,-0.5499999999999989,0.0
0.65,9.0,0.5,13.0,9.0,0.0,cash_out,cash_out,9.0,-0.5,9.0,7.950000000000001,8.450000000000001,-1.049999999999999,0.0
0.65,9.0,1.0,13.0,9.0,0.0,cash_out,cash_out,9.0,-1.0,9.0,7.450000000000001,8.450000000000001,-1.549999999999999,0.0
0.65,9.0,1.5,13.0,9.0,0.0,cash_out,cash_out,9.0,-1.5,9.0,6.950000000000001,8.450000000000001,-2.049999999999999,0.0
0.65,9.0,2.0,13.0,9.0,0.0,cash_out,cash_out,9.0,-2.0,9.0,6.450000000000001,8.450000000000001,-2.549999999999999,0.0
0.65,9.0,2.5,13.0,9.0,0.0,cash_out,cash_out,9.0,-2.5,9.0,5.950000000000001,8.450000000000001,-3.049999999999999,0.0
0.65,9.0,3.0,13.0,9.0,0.0,cash_out,cash_out,9.0,-3.0,9.0,5.450000000000001,8.450000000000001,-3.549999999999999,0.0
0.65,9.0,3.5,13.0,9.0,0.0,cash_out,cash_out,9.0,-3.5,9.0,4.950000000000001,8.450000000000001,-4.049999999999999,0.0
0.65,9.0,4.0,13.0,9.0,0.0,cash_out,cash_out,9.0,-4.0,9.0,4.450000000000001,8.450000000000001,-4.549999999999999,0.0
0.65,9.5,0.0,13.0,9.0,0.0,cash_out,cash_out,9.5,0.0,9.5,8.450000000000001,8.450000000000001,-1.049999999999999,0.0
0.65,9.5,0.5,13.0,9.0,0.0,cash_out,cash_out,9.5,-0.5,9.5,7.950000000000001,8.450000000000001,-1.549999999999999,0.0
0.65,9.5,1.0,13.0,9.0,0.0,cash_out,cash_out,9.5,-1.0,9.5,7.450000000000001,8.450000000000001,-2.049999999999999,0.0
0.65,9.5,1.5,13.0,9.0,0.0,cash_out,cash_out,9.5,-1.5,9.5,6.950000000000001,8.450000000000001,-2.549999999999999,0.0
0.65,9.5,2.0,13.0,9.0,0.0,cash_out,cash_out,9.5,-2.0,9.5,6.450000000000001,8.450000000000001,-3.049999999999999,0.0
0.65,9.5,2.5,13.0,9.0,0.0,cash_out,cash_out,9.5,-2.5,9.5,5.950000000000001,8.450000000000001,-3.549999999999999,0.0
0.65,9.5,3.0,13.0,9.0,0.0,cash_out,cash_out,9.5,-3.0,9.5,5.450000000000001,8.450000000000001,-4.049999999999999,0.0
0.65,9.5,3.5,13.0,9.0,0.0,cash_out,cash_out,9.5,-3.5,9.5,4.950000000000001,8.450000000000001,-4.549999999999999,0.0
0.65,9.5,4.0,13.0,9.0,0.0,cash_out,cash_out,9.5,-4.0,9.5,4.450000000000001,8.450000000000001,-5.049999999999999,0.0
0.65,10.0,0.0,13.0,9.0,0.0,cash_out,cash_out,10.0,0.0,10.0,8.450000000000001,8.450000000000001,-1.549999999999999,0.0
0.65,10.0,0.5,13.0,9.0,0.0,cash_out,cash_out,10.0,-0.5,10.0,7.950000000000001,8.450000000000001,-2.049999999999999,0.0
0.65,10.0,1.0,13.0,9.0,0.0,cash_out,cash_out,10.0,-1.0,10.0,7.450000000000001,8.450000000000001,-2.549999999999999,0.0
0.65,10.0,1.5,13.0,9.0,0.0,cash_out,cash_out,10.0,-1.5,10.0,6.950000000000001,8.450000000000001,-3.049999999999999,0.0
0.65,10.0,2.0,13.0,9.0,0.0,cash_out,cash_out,10.0,-2.0,10.0,6.450000000000001,8.450000000000001,-3.549999999999999,0.0
0.65,10.0,2.5,13.0,9.0,0.0,cash_out,cash_out,10.0,-2.5,10.0,5.950000000000001,8.450000000000001,-4.049999999999999,0.0
0.65,10.0,3.0,13.0,9.0,0.0,cash_out,cash_out,10.0,-3.0,10.0,5.450000000000001,8.450000000000001,-4.549999999999999,0.0
0.65,10.0,3.5,13.0,9.0,0.0,cash_out,cash_out,10.0,-3.5,10.0,4.950000000000001,8.450000000000001,-5.049999999999999,0.0
0.65,10.0,4.0,13.0,9.0,0.0,cash_out,cash_out,10.0,-4.0,10.0,4.450000000000001,8.450000000000001,-5.549999999999999,0.0
0.65,10.5,0.0,13.0,9.0,0.0,cash_out,cash_out,10.5,0.0,10.5,8.450000000000001,8.450000000000001,-2.049999999999999,0.0
0.65,10.5,0.5,13.0,9.0,0.0,cash_out,cash_out,10.5,-0.5,10.5,7.950000000000001,8.450000000000001,-2.549999999999999,0.0
0.65,10.5,1.0,13.0,9.0,0.0,cash_out,cash_out,10.5,-1.0,10.5,7.450000000000001,8.450000000000001,-3.049999999999999,0.0
0.65,10.5,1.5,13.0,9.0,0.0,cash_out,cash_out,10.5,-1.5,10.5,6.950000000000001,8.450000000000001,-3.549999999999999,0.0
0.65,10.5,2.0,13.0,9.0,0.0,cash_out,cash_out,10.5,-2.0,10.5,6.450000000000001,8.450000000000001,-4.049999999999999,0.0
0.65,10.5,2.5,13.0,9.0,0.0,cash_out,cash_out,10.5,-2.5,10.5,5.950000000000001,8.450000000000001,-4.549999999999999,0.0
0.65,10.5,3.0,13.0,9.0,0.0,cash_out,cash_out,10.5,-3.0,10.5,5.450000000000001,8.450000000000001,-5.049999999999999,0.0
0.65,10.5,3.5,13.0,9.0,0.0,cash_out,cash_out,10.5,-3.5,10.5,4.950000000000001,8.450000000000001,-5.549999999999999,0.0
0.65,10.5,4.0,13.0,9.0,0.0,cash_out,cash_out,10.5,-4.0,10.5,4.450000000000001,8.450000000000001,-6.049999999999999,0.0
0.65,11.0,0.0,13.0,9.0,0.0,cash_out,cash_out,11.0,0.0,11.0,8.450000000000001,8.450000000000001,-2.549999999999999,0.0
0.65,11.0,0.5,13.0,9.0,0.0,cash_out,cash_out,11.0,-0.5,11.0,7.950000000000001,8.450000000000001,-3.049999999999999,0.0
0.65,11.0,1.0,13.0,9.0,0.0,cash_out,cash_out,11.0,-1.0,11.0,7.450000000000001,8.450000000000001,-3.549999999999999,0.0
0.65,11.0,1.5,13.0,9.0,0.0,cash_out,cash_out,11.0,-1.5,11.0,6.950000000000001,8.450000000000001,-4.049999999999999,0.0
0.65,11.0,2.0,13.0,9.0,0.0,cash_out,cash_out,11.0,-2.0,11.0,6.450000000000001,8.450000000000001,-4.549999999999999,0.0
0.65,11.0,2.5,13.0,9.0,0.0,cash_out,cash_out,11.0,-2.5,11.0,5.950000000000001,8.450000000000001,-5.049999999999999,0.0
0.65,11.0,3.0,13.0,9.0,0.0,cash_out,cash_out,11.0,-3.0,11.0,5.450000000000001,8.450000000000001,-5.549999999999999,0.0
0.65,11.0,3.5,13.0,9.0,0.0,cash_out,cash_out,11.0,-3.5,11.0,4.950000000000001,8.450000000000001,-6.049999999999999,0.0
0.65,11.0,4.0,13.0,9.0,0.0,cash_out,cash_out,11.0,-4.0,11.0,4.450000000000001,8.450000000000001,-6.549999999999999,0.0
0.65,11.5,0.0,13.0,9.0,0.0,cash_out,cash_out,11.5,0.0,11.5,8.450000000000001,8.450000000000001,-3.049999999999999,0.0
0.65,11.5,0.5,13.0,9.0,0.0,cash_out,cash_out,11.5,-0.5,11.5,7.950000000000001,8.450000000000001,-3.549999999999999,0.0
0.65,11.5,1.0,13.0,9.0,0.0,cash_out,cash_out,11.5,-1.0,11.5,7.450000000000001,8.450000000000001,-4.049999999999999,0.0
0.65,11.5,1.5,13.0,9.0,0.0,cash_out,cash_out,11.5,-1.5,11.5,6.950000000000001,8.450000000000001,-4.549999999999999,0.0
0.65,11.5,2.0,13.0,9.0,0.0,cash_out,cash_out,11.5,-2.0,11.5,6.450000000000001,8.450000000000001,-5.049999999999999,0.0
0.65,11.5,2.5,13.0,9.0,0.0,cash_out,cash_out,11.5,-2.5,11.5,5.950000000000001,8.450000000000001,-5.549999999999999,0.0
0.65,11.5,3.0,13.0,9.0,0.0,cash_out,cash_out,11.5,-3.0,11.5,5.450000000000001,8.450000000000001,-6.049999999999999,0.0
0.65,11.5,3.5,13.0,9.0,0.0,cash_out,cash_out,11.5,-3.5,11.5,4.950000000000001,8.450000000000001,-6.549999999999999,0.0
0.65,11.5,4.0,13.0,9.0,0.0,cash_out,cash_out,11.5,-4.0,11.5,4.450000000000001,8.450000000000001,-7.049999999999999,0.0
0.65,12.0,0.0,13.0,9.0,0.0,cash_out,cash_out,12.0,0.0,12.0,8.450000000000001,8.450000000000001,-3.549999999999999,0.0
0.65,12.0,0.5,13.0,9.0,0.0,cash_out,cash_out,12.0,-0.5,12.0,7.950000000000001,8.450000000000001,-4.049999999999999,0.0
0.65,12.0,1.0,13.0,9.0,0.0,cash_out,cash_out,12.0,-1.0,12.0,7.450000000000001,8.450000000000001,-4.549999999999999,0.0
0.65,12.0,1.5,13.0,9.0,0.0,cash_out,cash_out,12.0,-1.5,12.0,6.950000000000001,8.450000000000001,-5.049999999999999,0.0
0.65,12.0,2.0,13.0,9.0,0.0,cash_out,cash_out,12.0,-2.0,12.0,6.450000000000001,8.450000000000001,-5.549999999999999,0.0
0.65,12.0,2.5,13.0,9.0,0.0,cash_out,cash_out,12.0,-2.5,12.0,5.950000000000001,8.450000000000001,-6.049999999999999,0.0
0.65,12.0,3.0,13.0,9.0,0.0,cash_out,cash_out,12.0,-3.0,12.0,5.450000000000001,8.450000000000001,-6.549999999999999,0.0
0.65,12.0,3.5,13.0,9.0,0.0,cash_out,cash_out,12.0,-3.5,12.0,4.950000000000001,8.450000000000001,-7.049999999999999,0.0
0.65,12.0,4.0,13.0,9.0,0.0,cash_out,cash_out,12.0,-4.0,12.0,4.450000000000001,8.450000000000001,-7.549999999999999,0.0
0.65,12.5,0.0,13.0,9.0,0.0,cash_out,cash_out,12.5,0.0,12.5,8.450000000000001,8.450000000000001,-4.049999999999999,0.0
0.65,12.5,0.5,13.0,9.0,0.0,cash_out,cash_out,12.5,-0.5,12.5,7.950000000000001,8.450000000000001,-4.549999999999999,0.0
0.65,12.5,1.0,13.0,9.0,0.0,cash_out,cash_out,12.5,-1.0,12.5,7.450000000000001,8.450000000000001,-5.049999999999999,0.0
0.65,12.5,1.5,13.0,9.0,0.0,cash_out,cash_out,12.5,-1.5,12.5,6.950000000000001,8.450000000000001,-5.549999999999999,0.0
0.65,12.5,2.0,13.0,9.0,0.0,cash_out,cash_out,12.5,-2.0,12.5,6.450000000000001,8.450000000000001,-6.049999999999999,0.0
0.65,12.5,2.5,13.0,9.0,0.0,cash_out,cash_out,12.5,-2.5,12.5,5.950000000000001,8.450000000000001,-6.549999999999999,0.0
0.65,12.5,3.0,13.0,9.0,0.0,cash_out,cash_out,12.5,-3.0,12.5,5.450000000000001,8.450000000000001,-7.049999999999999,0.0
0.65,12.5,3.5,13.0,9.0,0.0,cash_out,cash_out,12.5,-3.5,12.5,4.950000000000001,8.450000000000001,-7.549999999999999,0.0
0.65,12.5,4.0,13.0,9.0,0.0,cash_out,cash_out,12.5,-4.0,12.5,4.450000000000001,8.450000000000001,-8.049999999999999,0.0
0.65,13.0,0.0,13.0,9.0,0.0,cash_out,cash_out,13.0,0.0,13.0,8.450000000000001,8.450000000000001,-4.549999999999999,0.0
0.65,13.0,0.5,13.0,9.0,0.0,cash_out,cash_out,13.0,-0.5,13.0,7.950000000000001,8.450000000000001,-5.049999999999999,0.0
0.65,13.0,1.0,13.0,9.0,0.0,cash_out,cash_out,13.0,-1.0,13.0,7.450000000000001,8.450000000000001,-5.549999999999999,0.0
0.65,13.0,1.5,13.0,9.0,0.0,cash_out,cash_out,13.0,-1.5,13.0,6.950000000000001,8.450000000000001,-6.049999999999999,0.0
0.65,13.0,2.0,13.0,9.0,0.0,cash_out,cash_out,13.0,-2.0,13.0,6.450000000000001,8.450000000000001,-6.549999999999999,0.0
0.65,13.0,2.5,13.0,9.0,0.0,cash_out,cash_out,13.0,-2.5,13.0,5.950000000000001,8.450000000000001,-7.049999999999999,0.0
0.65,13.0,3.0,13.0,9.0,0.0,cash_out,cash_out,13.0,-3.0,13.0,5.450000000000001,8.450000000000001,-7.549999999999999,0.0
0.65,13.0,3.5,13.0,9.0,0.0,cash_out,cash_out,13.0,-3.5,13.0,4.950000000000001,8.450000000000001,-8.049999999999999,0.0
0.65,13.0,4.0,13.0,9.0,0.0,cash_out,cash_out,13.0,-4.0,13.0,4.450000000000001,8.450000000000001,-8.549999999999999,0.0
0.65,13.5,0.0,13.0,9.0,0.0,cash_out,cash_out,13.5,0.0,13.5,8.450000000000001,8.450000000000001,-5.049999999999999,0.0
0.65,13.5,0.5,13.0,9.0,0.0,cash_out,cash_out,13.5,-0.5,13.5,7.950000000000001,8.450000000000001,-5.549999999999999,0.0
0.65,13.5,1.0,13.0,9.0,0.0,cash_out,cash_out,13.5,-1.0,13.5,7.450000000000001,8.450000000000001,-6.049999999999999,0.0
0.65,13.5,1.5,13.0,9.0,0.0,cash_out,cash_out,13.5,-1.5,13.5,6.950000000000001,8.450000000000001,-6.549999999999999,0.0
0.65,13.5,2.0,13.0,9.0,0.0,cash_out,cash_out,13.5,-2.0,13.5,6.450000000000001,8.450000000000001,-7.049999999999999,0.0
0.65,13.5,2.5,13.0,9.0,0.0,cash_out,cash_out,13.5,-2.5,13.5,5.950000000000001,8.450000000000001,-7.549999999999999,0.0
0.65,13.5,3.0,13.0,9.0,0.0,cash_out,cash_out,13.5,-3.0,13.5,5.450000000000001,8.450000000000001,-8.049999999999999,0.0
0.65,13.5,3.5,13.0,9.0,0.0,cash_out,cash_out,13.5,-3.5,13.5,4.950000000000001,8.450000000000001,-8.549999999999999,0.0
0.65,13.5,4.0,13.0,9.0,0.0,cash_out,cash_out,13.5,-4.0,13.5,4.450000000000001,8.450000000000001,-9.049999999999999,0.0
0.65,14.0,0.0,13.0,9.0,0.0,cash_out,cash_out,14.0,0.0,14.0,8.450000000000001,8.450000000000001,-5.549999999999999,0.0
0.65,14.0,0.5,13.0,9.0,0.0,cash_out,cash_out,14.0,-0.5,14.0,7.950000000000001,8.450000000000001,-6.049999999999999,0.0
0.65,14.0,1.0,13.0,9.0,0.0,cash_out,cash_out,14.0,-1.0,14.0,7.450000000000001,8.450000000000001,-6.549999999999999,0.0
0.65,14.0,1.5,13.0,9.0,0.0,cash_out,cash_out,14.0,-1.5,14.0,6.950000000000001,8.450000000000001,-7.049999999999999,0.0
0.65,14.0,2.0,13.0,9.0,0.0,cash_out,cash_out,14.0,-2.0,14.0,6.450000000000001,8.450000000000001,-7.549999999999999,0.0
0.65,14.0,2.5,13.0,9.0,0.0,cash_out,cash_out,14.0,-2.5,14.0,5.950000000000001,8.450000000000001,-8.049999999999999,0.0
0.65,14.0,3.0,13.0,9.0,0.0,cash_out,cash_out,14.0,-3.0,14.0,5.450000000000001,8.450000000000001,-8.549999999999999,0.0
0.65,14.0,3.5,13.0,9.0,0.0,cash_out,cash_out,14.0,-3.5,14.0,4.950000000000001,8.450000000000001,-9.049999999999999,0.0
0.65,14.0,4.0,13.0,9.0,0.0,cash_out,cash_out,14.0,-4.0,14.0,4.450000000000001,8.450000000000001,-9.549999999999999,0.0
0.65,14.5,0.0,13.0,9.0,0.0,cash_out,cash_out,14.5,0.0,14.5,8.450000000000001,8.450000000000001,-6.049999999999999,0.0
0.65,14.5,0.5,13.0,9.0,0.0,cash_out,cash_out,14.5,-0.5,14.5,7.950000000000001,8.450000000000001,-6.549999999999999,0.0
0.65,14.5,1.0,13.0,9.0,0.0,cash_out,cash_out,14.5,-1.0,14.5,7.450000000000001,8.450000000000001,-7.049999999999999,0.0
0.65,14.5,1.5,13.0,9.0,0.0,cash_out,cash_out,14.5,-1.5,14.5,6.950000000000001,8.450000000000001,-7.549999999999999,0.0
0.65,14.5,2.0,13.0,9.0,0.0,cash_out,cash_out,14.5,-2.0,14.5,6.450000000000001,8.450000000000001,-8.049999999999999,0.0
0.65,14.5,2.5,13.0,9.0,0.0,cash_out,cash_out,14.5,-2.5,14.5,5.950000000000001,8.450000000000001,-8.549999999999999,0.0
0.65,14.5,3.0,13.0,9.0,0.0,cash_out,cash_out,14.5,-3.0,14.5,5.450000000000001,8.450000000000001,-9.049999999999999,0.0
0.65,14.5,3.5,13.0,9.0,0.0,cash_out,cash_out,14.5,-3.5,14.5,4.950000000000001,8.450000000000001,-9.549999999999999,0.0
0.65,14.5,4.0,13.0,9.0,0.0,cash_out,cash_out,14.5,-4.0,14.5,4.450000000000001,8.450000000000001,-10.049999999999999,0.0
0.65,15.0,0.0,13.0,9.0,0.0,cash_out,cash_out,15.0,0.0,15.0,8.450000000000001,8.450000000000001,-6.549999999999999,0.0
0.65,15.0,0.5,13.0,9.0,0.0,cash_out,cash_out,15.0,-0.5,15.0,7.950000000000001,8.450000000000001,-7.049999999999999,0.0
0.65,15.0,1.0,13.0,9.0,0.0,cash_out,cash_out,15.0,-1.0,15.0,7.450000000000001,8.450000000000001,-7.549999999999999,0.0
0.65,15.0,1.5,13.0,9.0,0.0,cash_out,cash_out,15.0,-1.5,15.0,6.950000000000001,8.450000000000001,-8.049999999999999,0.0
0.65,15.0,2.0,13.0,9.0,0.0,cash_out,cash_out,15.0,-2.0,15.0,6.450000000000001,8.450000000000001,-8.549999999999999,0.0
0.65,15.0,2.5,13.0,9.0,0.0,cash_out,cash_out,15.0,-2.5,15.0,5.950000000000001,8.450000000000001,-9.049999999999999,0.0
0.65,15.0,3.0,13.0,9.0,0.0,cash_out,cash_out,15.0,-3.0,15.0,5.450000000000001,8.450000000000001,-9.549999999999999,0.0
0.65,15.0,3.5,13.0,9.0,0.0,cash_out,cash_out,15.0,-3.5,15.0,4.950000000000001,8.450000000000001,-10.049999999999999,0.0
0.65,15.0,4.0,13.0,9.0,0.0,cash_out,cash_out,15.0,-4.0,15.0,4.450000000000001,8.450000000000001,-10.549999999999999,0.0
0.65,15.5,0.0,13.0,9.0,0.0,cash_out,cash_out,15.5,0.0,15.5,8.450000000000001,8.450000000000001,-7.049999999999999,0.0
0.65,15.5,0.5,13.0,9.0,0.0,cash_out,cash_out,15.5,-0.5,15.5,7.950000000000001,8.450000000000001,-7.549999999999999,0.0
0.65,15.5,1.0,13.0,9.0,0.0,cash_out,cash_out,15.5,-1.0,15.5,7.450000000000001,8.450000000000001,-8.049999999999999,0.0
0.65,15.5,1.5,13.0,9.0,0.0,cash_out,cash_out,15.5,-1.5,15.5,6.950000000000001,8.450000000000001,-8.549999999999999,0.0
0.65,15.5,2.0,13.0,9.0,0.0,cash_out,cash_out,15.5,-2.0,15.5,6.450000000000001,8.450000000000001,-9.049999999999999,0.0
0.65,15.5,2.5,13.0,9.0,0.0,cash_out,cash_out,15.5,-2.5,15.5,5.950000000000001,8.450000000000001,-9.549999999999999,0.0
0.65,15.5,3.0,13.0,9.0,0.0,cash_out,cash_out,15.5,-3.0,15.5,5.450000000000001,8.450000000000001,-10.049999999999999,0.0
0.65,15.5,3.5,13.0,9.0,0.0,cash_out,cash_out,15.5,-3.5,15.5,4.950000000000001,8.450000000000001,-10.549999999999999,0.0
0.65,15.5,4.0,13.0,9.0,0.0,cash_out,cash_out,15.5,-4.0,15.5,4.450000000000001,8.450000000000001,-11.049999999999999,0.0
0.65,16.0,0.0,13.0,9.0,0.0,cash_out,cash_out,16.0,0.0,16.0,8.450000000000001,8.450000000000001,-7.549999999999999,0.0
0.65,16.0,0.5,13.0,9.0,0.0,cash_out,cash_out,16.0,-0.5,16.0,7.950000000000001,8.450000000000001,-8.049999999999999,0.0
0.65,16.0,1.0,13.0,9.0,0.0,cash_out,cash_out,16.0,-1.0,16.0,7.450000000000001,8.450000000000001,-8.549999999999999,0.0
0.65,16.0,1.5,13.0,9.0,0.0,cash_out,cash_out,16.0,-1.5,16.0,6.950000000000001,8.450000000000001,-9.049999999999999,0.0
0.65,16.0,2.0,13.0,9.0,0.0,cash_out,cash_out,16.0,-2.0,16.0,6.450000000000001,8.450000000000001,-9.549999999999999,0.0
0.65,16.0,2.5,13.0,9.0,0.0,cash_out,cash_out,16.0,-2.5,16.0,5.950000000000001,8.450000000000001,-10.049999999999999,0.0
0.65,16.0,3.0,13.0,9.0,0.0,cash_out,cash_out,16.0,-3.0,16.0,5.450000000000001,8.450000000000001,-10.549999999999999,0.0
0.65,16.0,3.5,13.0,9.0,0.0,cash_out,cash_out,16.0,-3.5,16.0,4.950000000000001,8.450000000000001,-11.049999999999999,0.0
0.65,16.0,4.0,13.0,9.0,0.0,cash_out,cash_out,16.0,-4.0,16.0,4.450000000000001,8.450000000000001,-11.549999999999999,0.0
0.65,16.5,0.0,13.0,9.0,0.0,cash_out,cash_out,16.5,0.0,16.5,8.450000000000001,8.450000000000001,-8.049999999999999,0.0
0.65,16.5,0.5,13.0,9.0,0.0,cash_out,cash_out,16.5,-0.5,16.5,7.950000000000001,8.450000000000001,-8.549999999999999,0.0
0.65,16.5,1.0,13.0,9.0,0.0,cash_out,cash_out,16.5,-1.0,16.5,7.450000000000001,8.450000000000001,-9.049999999999999,0.0
0.65,16.5,1.5,13.0,9.0,0.0,cash_out,cash_out,16.5,-1.5,16.5,6.950000000000001,8.450000000000001,-9.549999999999999,0.0
0.65,16.5,2.0,13.0,9.0,0.0,cash_out,cash_out,16.5,-2.0,16.5,6.450000000000001,8.450000000000001,-10.049999999999999,0.0
0.65,16.5,2.5,13.0,9.0,0.0,cash_out,cash_out,16.5,-2.5,16.5,5.950000000000001,8.450000000000001,-10.549999999999999,0.0
0.65,16.5,3.0,13.0,9.0,0.0,cash_out,cash_out,16.5,-3.0,16.5,5.450000000000001,8.450000000000001,-11.049999999999999,0.0
0.65,16.5,3.5,13.0,9.0,0.0,cash_out,cash_out,16.5,-3.5,16.5,4.950000000000001,8.450000000000001,-11.549999999999999,0.0
0.65,16.5,4.0,13.0,9.0,0.0,cash_out,cash_out,16.5,-4.0,16.5,4.450000000000001,8.450000000000001,-12.049999999999999,0.0
0.65,17.0,0.0,13.0,9.0,0.0,cash_out,cash_out,17.0,0.0,17.0,8.450000000000001,8.450000000000001,-8.549999999999999,0.0
0.65,17.0,0.5,13.0,9.0,0.0,cash_out,cash_out,17.0,-0.5,17.0,7.950000000000001,8.450000000000001,-9.049999999999999,0.0
0.65,17.0,1.0,13.0,9.0,0.0,cash_out,cash_out,17.0,-1.0,17.0,7.450000000000001,8.450000000000001,-9.549999999999999,0.0
0.65,17.0,1.5,13.0,9.0,0.0,cash_out,cash_out,17.0,-1.5,17.0,6.950000000000001,8.450000000000001,-10.049999999999999,0.0
0.65,17.0,2.0,13.0,9.0,0.0,cash_out,cash_out,17.0,-2.0,17.0,6.450000000000001,8.450000000000001,-10.549999999999999,0.0
0.65,17.0,2.5,13.0,9.0,0.0,cash_out,cash_out,17.0,-2.5,17.0,5.950000000000001,8.450000000000001,-11.049999999999999,0.0
0.65,17.0,3.0,13.0,9.0,0.0,cash_out,cash_out,17.0,-3.0,17.0,5.450000000000001,8.450000000000001,-11.549999999999999,0.0
0.65,17.0,3.5,13.0,9.0,0.0,cash_out,cash_out,17.0,-3.5,17.0,4.950000000000001,8.450000000000001,-12.049999999999999,0.0
0.65,17.0,4.0,13.0,9.0,0.0,cash_out,cash_out,17.0,-4.0,17.0,4.450000000000001,8.450000000000001,-12.549999999999999,0.0
0.65,17.5,0.0,13.0,9.0,0.0,cash_out,cash_out,17.5,0.0,17.5,8.450000000000001,8.450000000000001,-9.049999999999999,0.0
0.65,17.5,0.5,13.0,9.0,0.0,cash_out,cash_out,17.5,-0.5,17.5,7.950000000000001,8.450000000000001,-9.549999999999999,0.0
0.65,17.5,1.0,13.0,9.0,0.0,cash_out,cash_out,17.5,-1.0,17.5,7.450000000000001,8.450000000000001,-10.049999999999999,0.0
0.65,17.5,1.5,13.0,9.0,0.0,cash_out,cash_out,17.5,-1.5,17.5,6.950000000000001,8.450000000000001,-10.549999999999999,0.0
0.65,17.5,2.0,13.0,9.0,0.0,cash_out,cash_out,17.5,-2.0,17.5,6.450000000000001,8.450000000000001,-11.049999999999999,0.0
0.65,17.5,2.5,13.0,9.0,0.0,cash_out,cash_out,17.5,-2.5,17.5,5.950000000000001,8.450000000000001,-11.549999999999999,0.0
0.65,17.5,3.0,13.0,9.0,0.0,cash_out,cash_out,17.5,-3.0,17.5,5.450000000000001,8.450000000000001,-12.049999999999999,0.0
0.65,17.5,3.5,13.0,9.0,0.0,cash_out,cash_out,17.5,-3.5,17.5,4.950000000000001,8.450000000000001,-12.549999999999999,0.0
0.65,17.5,4.0,13.0,9.0,0.0,cash_out,cash_out,17.5,-4.0,17.5,4.450000000000001,8.450000000000001,-13.049999999999999,0.0
0.65,18.0,0.0,13.0,9.0,0.0,cash_out,cash_out,18.0,0.0,18.0,8.450000000000001,8.450000000000001,-9.549999999999999,0.0
0.65,18.0,0.5,13.0,9.0,0.0,cash_out,cash_out,18.0,-0.5,18.0,7.950000000000001,8.450000000000001,-10.049999999999999,0.0
0.65,18.0,1.0,13.0,9.0,0.0,cash_out,cash_out,18.0,-1.0,18.0,7.450000000000001,8.450000000000001,-10.549999999999999,0.0
0.65,18.0,1.5,13.0,9.0,0.0,cash_out,cash_out,18.0,-1.5,18.0,6.950000000000001,8.450000000000001,-11.049999999999999,0.0
0.65,18.0,2.0,13.0,9.0,0.0,cash_out,cash_out,18.0,-2.0,18.0,6.450000000000001,8.450000000000001,-11.549999999999999,0.0
0.65,18.0,2.5,13.0,9.0,0.0,cash_out,cash_out,18.0,-2.5,18.0,5.950000000000001,8.450000000000001,-12.049999999999999,0.0
0.65,18.0,3.0,13.0,9.0,0.0,cash_out,cash_out,18.0,-3.0,18.0,5.450000000000001,8.450000000000001,-12.549999999999999,0.0
0.65,18.0,3.5,13.0,9.0,0.0,cash_out,cash_out,18.0,-3.5,18.0,4.950000000000001,8.450000000000001,-13.049999999999999,0.0
0.65,18.0,4.0,13.0,9.0,0.0,cash_out,cash_out,18.0,-4.0,18.0,4.450000000000001,8.450000000000001,-13.549999999999999,0.0
0.7,6.0,0.0,13.0,9.0,0.0,cash_out,preserve_option,6.0,0.0,6.0,9.1,9.1,3.0999999999999996,1.0
0.7,6.0,0.5,13.0,9.0,0.0,cash_out,preserve_option,6.0,-0.5,6.0,8.6,9.1,2.5999999999999996,1.0
0.7,6.0,1.0,13.0,9.0,0.0,cash_out,preserve_option,6.0,-1.0,6.0,8.1,9.1,2.0999999999999996,1.0
0.7,6.0,1.5,13.0,9.0,0.0,cash_out,preserve_option,6.0,-1.5,6.0,7.6,9.1,1.5999999999999996,1.0
0.7,6.0,2.0,13.0,9.0,0.0,cash_out,preserve_option,6.0,-2.0,6.0,7.1,9.1,1.0999999999999996,1.0
0.7,6.0,2.5,13.0,9.0,0.0,cash_out,preserve_option,6.0,-2.5,6.0,6.6,9.1,0.5999999999999996,1.0
0.7,6.0,3.0,13.0,9.0,0.0,cash_out,preserve_option,6.0,-3.0,6.0,6.1,9.1,0.09999999999999964,1.0
0.7,6.0,3.5,13.0,9.0,0.0,cash_out,cash_out,6.0,-3.5,6.0,5.6,9.1,-0.40000000000000036,0.0
0.7,6.0,4.0,13.0,9.0,0.0,cash_out,cash_out,6.0,-4.0,6.0,5.1,9.1,-0.9000000000000004,0.0
0.7,6.5,0.0,13.0,9.0,0.0,cash_out,preserve_option,6.5,0.0,6.5,9.1,9.1,2.5999999999999996,1.0
0.7,6.5,0.5,13.0,9.0,0.0,cash_out,preserve_option,6.5,-0.5,6.5,8.6,9.1,2.0999999999999996,1.0
0.7,6.5,1.0,13.0,9.0,0.0,cash_out,preserve_option,6.5,-1.0,6.5,8.1,9.1,1.5999999999999996,1.0
0.7,6.5,1.5,13.0,9.0,0.0,cash_out,preserve_option,6.5,-1.5,6.5,7.6,9.1,1.0999999999999996,1.0
0.7,6.5,2.0,13.0,9.0,0.0,cash_out,preserve_option,6.5,-2.0,6.5,7.1,9.1,0.5999999999999996,1.0
0.7,6.5,2.5,13.0,9.0,0.0,cash_out,preserve_option,6.5,-2.5,6.5,6.6,9.1,0.09999999999999964,1.0
0.7,6.5,3.0,13.0,9.0,0.0,cash_out,cash_out,6.5,-3.0,6.5,6.1,9.1,-0.40000000000000036,0.0
0.7,6.5,3.5,13.0,9.0,0.0,cash_out,cash_out,6.5,-3.5,6.5,5.6,9.1,-0.9000000000000004,0.0
0.7,6.5,4.0,13.0,9.0,0.0,cash_out,cash_out,6.5,-4.0,6.5,5.1,9.1,-1.4000000000000004,0.0
0.7,7.0,0.0,13.0,9.0,0.0,cash_out,preserve_option,7.0,0.0,7.0,9.1,9.1,2.0999999999999996,1.0
0.7,7.0,0.5,13.0,9.0,0.0,cash_out,preserve_option,7.0,-0.5,7.0,8.6,9.1,1.5999999999999996,1.0
0.7,7.0,1.0,13.0,9.0,0.0,cash_out,preserve_option,7.0,-1.0,7.0,8.1,9.1,1.0999999999999996,1.0
0.7,7.0,1.5,13.0,9.0,0.0,cash_out,preserve_option,7.0,-1.5,7.0,7.6,9.1,0.5999999999999996,1.0
0.7,7.0,2.0,13.0,9.0,0.0,cash_out,preserve_option,7.0,-2.0,7.0,7.1,9.1,0.09999999999999964,1.0
0.7,7.0,2.5,13.0,9.0,0.0,cash_out,cash_out,7.0,-2.5,7.0,6.6,9.1,-0.40000000000000036,0.0
0.7,7.0,3.0,13.0,9.0,0.0,cash_out,cash_out,7.0,-3.0,7.0,6.1,9.1,-0.9000000000000004,0.0
0.7,7.0,3.5,13.0,9.0,0.0,cash_out,cash_out,7.0,-3.5,7.0,5.6,9.1,-1.4000000000000004,0.0
0.7,7.0,4.0,13.0,9.0,0.0,cash_out,cash_out,7.0,-4.0,7.0,5.1,9.1,-1.9000000000000004,0.0
0.7,7.5,0.0,13.0,9.0,0.0,cash_out,preserve_option,7.5,0.0,7.5,9.1,9.1,1.5999999999999996,1.0
0.7,7.5,0.5,13.0,9.0,0.0,cash_out,preserve_option,7.5,-0.5,7.5,8.6,9.1,1.0999999999999996,1.0
0.7,7.5,1.0,13.0,9.0,0.0,cash_out,preserve_option,7.5,-1.0,7.5,8.1,9.1,0.5999999999999996,1.0
0.7,7.5,1.5,13.0,9.0,0.0,cash_out,preserve_option,7.5,-1.5,7.5,7.6,9.1,0.09999999999999964,1.0
0.7,7.5,2.0,13.0,9.0,0.0,cash_out,cash_out,7.5,-2.0,7.5,7.1,9.1,-0.40000000000000036,0.0
0.7,7.5,2.5,13.0,9.0,0.0,cash_out,cash_out,7.5,-2.5,7.5,6.6,9.1,-0.9000000000000004,0.0
0.7,7.5,3.0,13.0,9.0,0.0,cash_out,cash_out,7.5,-3.0,7.5,6.1,9.1,-1.4000000000000004,0.0
0.7,7.5,3.5,13.0,9.0,0.0,cash_out,cash_out,7.5,-3.5,7.5,5.6,9.1,-1.9000000000000004,0.0
0.7,7.5,4.0,13.0,9.0,0.0,cash_out,cash_out,7.5,-4.0,7.5,5.1,9.1,-2.4000000000000004,0.0
0.7,8.0,0.0,13.0,9.0,0.0,cash_out,preserve_option,8.0,0.0,8.0,9.1,9.1,1.0999999999999996,1.0
0.7,8.0,0.5,13.0,9.0,0.0,cash_out,preserve_option,8.0,-0.5,8.0,8.6,9.1,0.5999999999999996,1.0
0.7,8.0,1.0,13.0,9.0,0.0,cash_out,preserve_option,8.0,-1.0,8.0,8.1,9.1,0.09999999999999964,1.0
0.7,8.0,1.5,13.0,9.0,0.0,cash_out,cash_out,8.0,-1.5,8.0,7.6,9.1,-0.40000000000000036,0.0
0.7,8.0,2.0,13.0,9.0,0.0,cash_out,cash_out,8.0,-2.0,8.0,7.1,9.1,-0.9000000000000004,0.0
0.7,8.0,2.5,13.0,9.0,0.0,cash_out,cash_out,8.0,-2.5,8.0,6.6,9.1,-1.4000000000000004,0.0
0.7,8.0,3.0,13.0,9.0,0.0,cash_out,cash_out,8.0,-3.0,8.0,6.1,9.1,-1.9000000000000004,0.0
0.7,8.0,3.5,13.0,9.0,0.0,cash_out,cash_out,8.0,-3.5,8.0,5.6,9.1,-2.4000000000000004,0.0
0.7,8.0,4.0,13.0,9.0,0.0,cash_out,cash_out,8.0,-4.0,8.0,5.1,9.1,-2.9000000000000004,0.0
0.7,8.5,0.0,13.0,9.0,0.0,cash_out,preserve_option,8.5,0.0,8.5,9.1,9.1,0.5999999999999996,1.0
0.7,8.5,0.5,13.0,9.0,0.0,cash_out,preserve_option,8.5,-0.5,8.5,8.6,9.1,0.09999999999999964,1.0
0.7,8.5,1.0,13.0,9.0,0.0,cash_out,cash_out,8.5,-1.0,8.5,8.1,9.1,-0.40000000000000036,0.0
0.7,8.5,1.5,13.0,9.0,0.0,cash_out,cash_out,8.5,-1.5,8.5,7.6,9.1,-0.9000000000000004,0.0
0.7,8.5,2.0,13.0,9.0,0.0,cash_out,cash_out,8.5,-2.0,8.5,7.1,9.1,-1.4000000000000004,0.0
0.7,8.5,2.5,13.0,9.0,0.0,cash_out,cash_out,8.5,-2.5,8.5,6.6,9.1,-1.9000000000000004,0.0
0.7,8.5,3.0,13.0,9.0,0.0,cash_out,cash_out,8.5,-3.0,8.5,6.1,9.1,-2.4000000000000004,0.0
0.7,8.5,3.5,13.0,9.0,0.0,cash_out,cash_out,8.5,-3.5,8.5,5.6,9.1,-2.9000000000000004,0.0
0.7,8.5,4.0,13.0,9.0,0.0,cash_out,cash_out,8.5,-4.0,8.5,5.1,9.1,-3.4000000000000004,0.0
0.7,9.0,0.0,13.0,9.0,0.0,cash_out,preserve_option,9.0,0.0,9.0,9.1,9.1,0.09999999999999964,1.0
0.7,9.0,0.5,13.0,9.0,0.0,cash_out,cash_out,9.0,-0.5,9.0,8.6,9.1,-0.40000000000000036,0.0
0.7,9.0,1.0,13.0,9.0,0.0,cash_out,cash_out,9.0,-1.0,9.0,8.1,9.1,-0.9000000000000004,0.0
0.7,9.0,1.5,13.0,9.0,0.0,cash_out,cash_out,9.0,-1.5,9.0,7.6,9.1,-1.4000000000000004,0.0
0.7,9.0,2.0,13.0,9.0,0.0,cash_out,cash_out,9.0,-2.0,9.0,7.1,9.1,-1.9000000000000004,0.0
0.7,9.0,2.5,13.0,9.0,0.0,cash_out,cash_out,9.0,-2.5,9.0,6.6,9.1,-2.4000000000000004,0.0
0.7,9.0,3.0,13.0,9.0,0.0,cash_out,cash_out,9.0,-3.0,9.0,6.1,9.1,-2.9000000000000004,0.0
0.7,9.0,3.5,13.0,9.0,0.0,cash_out,cash_out,9.0,-3.5,9.0,5.6,9.1,-3.4000000000000004,0.0
0.7,9.0,4.0,13.0,9.0,0.0,cash_out,cash_out,9.0,-4.0,9.0,5.1,9.1,-3.9000000000000004,0.0
0.7,9.5,0.0,13.0,9.0,0.0,cash_out,cash_out,9.5,0.0,9.5,9.1,9.1,-0.40000000000000036,0.0
0.7,9.5,0.5,13.0,9.0,0.0,cash_out,cash_out,9.5,-0.5,9.5,8.6,9.1,-0.9000000000000004,0.0
0.7,9.5,1.0,13.0,9.0,0.0,cash_out,cash_out,9.5,-1.0,9.5,8.1,9.1,-1.4000000000000004,0.0
0.7,9.5,1.5,13.0,9.0,0.0,cash_out,cash_out,9.5,-1.5,9.5,7.6,9.1,-1.9000000000000004,0.0
0.7,9.5,2.0,13.0,9.0,0.0,cash_out,cash_out,9.5,-2.0,9.5,7.1,9.1,-2.4000000000000004,0.0
0.7,9.5,2.5,13.0,9.0,0.0,cash_out,cash_out,9.5,-2.5,9.5,6.6,9.1,-2.9000000000000004,0.0
0.7,9.5,3.0,13.0,9.0,0.0,cash_out,cash_out,9.5,-3.0,9.5,6.1,9.1,-3.4000000000000004,0.0
0.7,9.5,3.5,13.0,9.0,0.0,cash_out,cash_out,9.5,-3.5,9.5,5.6,9.1,-3.9000000000000004,0.0
0.7,9.5,4.0,13.0,9.0,0.0,cash_out,cash_out,9.5,-4.0,9.5,5.1,9.1,-4.4,0.0
0.7,10.0,0.0,13.0,9.0,0.0,cash_out,cash_out,10.0,0.0,10.0,9.1,9.1,-0.9000000000000004,0.0
0.7,10.0,0.5,13.0,9.0,0.0,cash_out,cash_out,10.0,-0.5,10.0,8.6,9.1,-1.4000000000000004,0.0
0.7,10.0,1.0,13.0,9.0,0.0,cash_out,cash_out,10.0,-1.0,10.0,8.1,9.1,-1.9000000000000004,0.0
0.7,10.0,1.5,13.0,9.0,0.0,cash_out,cash_out,10.0,-1.5,10.0,7.6,9.1,-2.4000000000000004,0.0
0.7,10.0,2.0,13.0,9.0,0.0,cash_out,cash_out,10.0,-2.0,10.0,7.1,9.1,-2.9000000000000004,0.0
0.7,10.0,2.5,13.0,9.0,0.0,cash_out,cash_out,10.0,-2.5,10.0,6.6,9.1,-3.4000000000000004,0.0
0.7,10.0,3.0,13.0,9.0,0.0,cash_out,cash_out,10.0,-3.0,10.0,6.1,9.1,-3.9000000000000004,0.0
0.7,10.0,3.5,13.0,9.0,0.0,cash_out,cash_out,10.0,-3.5,10.0,5.6,9.1,-4.4,0.0
0.7,10.0,4.0,13.0,9.0,0.0,cash_out,cash_out,10.0,-4.0,10.0,5.1,9.1,-4.9,0.0
0.7,10.5,0.0,13.0,9.0,0.0,cash_out,cash_out,10.5,0.0,10.5,9.1,9.1,-1.4000000000000004,0.0
0.7,10.5,0.5,13.0,9.0,0.0,cash_out,cash_out,10.5,-0.5,10.5,8.6,9.1,-1.9000000000000004,0.0
0.7,10.5,1.0,13.0,9.0,0.0,cash_out,cash_out,10.5,-1.0,10.5,8.1,9.1,-2.4000000000000004,0.0
0.7,10.5,1.5,13.0,9.0,0.0,cash_out,cash_out,10.5,-1.5,10.5,7.6,9.1,-2.9000000000000004,0.0
0.7,10.5,2.0,13.0,9.0,0.0,cash_out,cash_out,10.5,-2.0,10.5,7.1,9.1,-3.4000000000000004,0.0
0.7,10.5,2.5,13.0,9.0,0.0,cash_out,cash_out,10.5,-2.5,10.5,6.6,9.1,-3.9000000000000004,0.0
0.7,10.5,3.0,13.0,9.0,0.0,cash_out,cash_out,10.5,-3.0,10.5,6.1,9.1,-4.4,0.0
0.7,10.5,3.5,13.0,9.0,0.0,cash_out,cash_out,10.5,-3.5,10.5,5.6,9.1,-4.9,0.0
0.7,10.5,4.0,13.0,9.0,0.0,cash_out,cash_out,10.5,-4.0,10.5,5.1,9.1,-5.4,0.0
0.7,11.0,0.0,13.0,9.0,0.0,cash_out,cash_out,11.0,0.0,11.0,9.1,9.1,-1.9000000000000004,0.0
0.7,11.0,0.5,13.0,9.0,0.0,cash_out,cash_out,11.0,-0.5,11.0,8.6,9.1,-2.4000000000000004,0.0
0.7,11.0,1.0,13.0,9.0,0.0,cash_out,cash_out,11.0,-1.0,11.0,8.1,9.1,-2.9000000000000004,0.0
0.7,11.0,1.5,13.0,9.0,0.0,cash_out,cash_out,11.0,-1.5,11.0,7.6,9.1,-3.4000000000000004,0.0
0.7,11.0,2.0,13.0,9.0,0.0,cash_out,cash_out,11.0,-2.0,11.0,7.1,9.1,-3.9000000000000004,0.0
0.7,11.0,2.5,13.0,9.0,0.0,cash_out,cash_out,11.0,-2.5,11.0,6.6,9.1,-4.4,0.0
0.7,11.0,3.0,13.0,9.0,0.0,cash_out,cash_out,11.0,-3.0,11.0,6.1,9.1,-4.9,0.0
0.7,11.0,3.5,13.0,9.0,0.0,cash_out,cash_out,11.0,-3.5,11.0,5.6,9.1,-5.4,0.0
0.7,11.0,4.0,13.0,9.0,0.0,cash_out,cash_out,11.0,-4.0,11.0,5.1,9.1,-5.9,0.0
0.7,11.5,0.0,13.0,9.0,0.0,cash_out,cash_out,11.5,0.0,11.5,9.1,9.1,-2.4000000000000004,0.0
0.7,11.5,0.5,13.0,9.0,0.0,cash_out,cash_out,11.5,-0.5,11.5,8.6,9.1,-2.9000000000000004,0.0
0.7,11.5,1.0,13.0,9.0,0.0,cash_out,cash_out,11.5,-1.0,11.5,8.1,9.1,-3.4000000000000004,0.0
0.7,11.5,1.5,13.0,9.0,0.0,cash_out,cash_out,11.5,-1.5,11.5,7.6,9.1,-3.9000000000000004,0.0
0.7,11.5,2.0,13.0,9.0,0.0,cash_out,cash_out,11.5,-2.0,11.5,7.1,9.1,-4.4,0.0
0.7,11.5,2.5,13.0,9.0,0.0,cash_out,cash_out,11.5,-2.5,11.5,6.6,9.1,-4.9,0.0
0.7,11.5,3.0,13.0,9.0,0.0,cash_out,cash_out,11.5,-3.0,11.5,6.1,9.1,-5.4,0.0
0.7,11.5,3.5,13.0,9.0,0.0,cash_out,cash_out,11.5,-3.5,11.5,5.6,9.1,-5.9,0.0
0.7,11.5,4.0,13.0,9.0,0.0,cash_out,cash_out,11.5,-4.0,11.5,5.1,9.1,-6.4,0.0
0.7,12.0,0.0,13.0,9.0,0.0,cash_out,cash_out,12.0,0.0,12.0,9.1,9.1,-2.9000000000000004,0.0
0.7,12.0,0.5,13.0,9.0,0.0,cash_out,cash_out,12.0,-0.5,12.0,8.6,9.1,-3.4000000000000004,0.0
0.7,12.0,1.0,13.0,9.0,0.0,cash_out,cash_out,12.0,-1.0,12.0,8.1,9.1,-3.9000000000000004,0.0
0.7,12.0,1.5,13.0,9.0,0.0,cash_out,cash_out,12.0,-1.5,12.0,7.6,9.1,-4.4,0.0
0.7,12.0,2.0,13.0,9.0,0.0,cash_out,cash_out,12.0,-2.0,12.0,7.1,9.1,-4.9,0.0
0.7,12.0,2.5,13.0,9.0,0.0,cash_out,cash_out,12.0,-2.5,12.0,6.6,9.1,-5.4,0.0
0.7,12.0,3.0,13.0,9.0,0.0,cash_out,cash_out,12.0,-3.0,12.0,6.1,9.1,-5.9,0.0
0.7,12.0,3.5,13.0,9.0,0.0,cash_out,cash_out,12.0,-3.5,12.0,5.6,9.1,-6.4,0.0
0.7,12.0,4.0,13.0,9.0,0.0,cash_out,cash_out,12.0,-4.0,12.0,5.1,9.1,-6.9,0.0
0.7,12.5,0.0,13.0,9.0,0.0,cash_out,cash_out,12.5,0.0,12.5,9.1,9.1,-3.4000000000000004,0.0
0.7,12.5,0.5,13.0,9.0,0.0,cash_out,cash_out,12.5,-0.5,12.5,8.6,9.1,-3.9000000000000004,0.0
0.7,12.5,1.0,13.0,9.0,0.0,cash_out,cash_out,12.5,-1.0,12.5,8.1,9.1,-4.4,0.0
0.7,12.5,1.5,13.0,9.0,0.0,cash_out,cash_out,12.5,-1.5,12.5,7.6,9.1,-4.9,0.0
0.7,12.5,2.0,13.0,9.0,0.0,cash_out,cash_out,12.5,-2.0,12.5,7.1,9.1,-5.4,0.0
0.7,12.5,2.5,13.0,9.0,0.0,cash_out,cash_out,12.5,-2.5,12.5,6.6,9.1,-5.9,0.0
0.7,12.5,3.0,13.0,9.0,0.0,cash_out,cash_out,12.5,-3.0,12.5,6.1,9.1,-6.4,0.0
0.7,12.5,3.5,13.0,9.0,0.0,cash_out,cash_out,12.5,-3.5,12.5,5.6,9.1,-6.9,0.0
0.7,12.5,4.0,13.0,9.0,0.0,cash_out,cash_out,12.5,-4.0,12.5,5.1,9.1,-7.4,0.0
0.7,13.0,0.0,13.0,9.0,0.0,cash_out,cash_out,13.0,0.0,13.0,9.1,9.1,-3.9000000000000004,0.0
0.7,13.0,0.5,13.0,9.0,0.0,cash_out,cash_out,13.0,-0.5,13.0,8.6,9.1,-4.4,0.0
0.7,13.0,1.0,13.0,9.0,0.0,cash_out,cash_out,13.0,-1.0,13.0,8.1,9.1,-4.9,0.0
0.7,13.0,1.5,13.0,9.0,0.0,cash_out,cash_out,13.0,-1.5,13.0,7.6,9.1,-5.4,0.0
0.7,13.0,2.0,13.0,9.0,0.0,cash_out,cash_out,13.0,-2.0,13.0,7.1,9.1,-5.9,0.0
0.7,13.0,2.5,13.0,9.0,0.0,cash_out,cash_out,13.0,-2.5,13.0,6.6,9.1,-6.4,0.0
0.7,13.0,3.0,13.0,9.0,0.0,cash_out,cash_out,13.0,-3.0,13.0,6.1,9.1,-6.9,0.0
0.7,13.0,3.5,13.0,9.0,0.0,cash_out,cash_out,13.0,-3.5,13.0,5.6,9.1,-7.4,0.0
0.7,13.0,4.0,13.0,9.0,0.0,cash_out,cash_out,13.0,-4.0,13.0,5.1,9.1,-7.9,0.0
0.7,13.5,0.0,13.0,9.0,0.0,cash_out,cash_out,13.5,0.0,13.5,9.1,9.1,-4.4,0.0
0.7,13.5,0.5,13.0,9.0,0.0,cash_out,cash_out,13.5,-0.5,13.5,8.6,9.1,-4.9,0.0
0.7,13.5,1.0,13.0,9.0,0.0,cash_out,cash_out,13.5,-1.0,13.5,8.1,9.1,-5.4,0.0
0.7,13.5,1.5,13.0,9.0,0.0,cash_out,cash_out,13.5,-1.5,13.5,7.6,9.1,-5.9,0.0
0.7,13.5,2.0,13.0,9.0,0.0,cash_out,cash_out,13.5,-2.0,13.5,7.1,9.1,-6.4,0.0
0.7,13.5,2.5,13.0,9.0,0.0,cash_out,cash_out,13.5,-2.5,13.5,6.6,9.1,-6.9,0.0
0.7,13.5,3.0,13.0,9.0,0.0,cash_out,cash_out,13.5,-3.0,13.5,6.1,9.1,-7.4,0.0
0.7,13.5,3.5,13.0,9.0,0.0,cash_out,cash_out,13.5,-3.5,13.5,5.6,9.1,-7.9,0.0
0.7,13.5,4.0,13.0,9.0,0.0,cash_out,cash_out,13.5,-4.0,13.5,5.1,9.1,-8.4,0.0
0.7,14.0,0.0,13.0,9.0,0.0,cash_out,cash_out,14.0,0.0,14.0,9.1,9.1,-4.9,0.0
0.7,14.0,0.5,13.0,9.0,0.0,cash_out,cash_out,14.0,-0.5,14.0,8.6,9.1,-5.4,0.0
0.7,14.0,1.0,13.0,9.0,0.0,cash_out,cash_out,14.0,-1.0,14.0,8.1,9.1,-5.9,0.0
0.7,14.0,1.5,13.0,9.0,0.0,cash_out,cash_out,14.0,-1.5,14.0,7.6,9.1,-6.4,0.0
0.7,14.0,2.0,13.0,9.0,0.0,cash_out,cash_out,14.0,-2.0,14.0,7.1,9.1,-6.9,0.0
0.7,14.0,2.5,13.0,9.0,0.0,cash_out,cash_out,14.0,-2.5,14.0,6.6,9.1,-7.4,0.0
0.7,14.0,3.0,13.0,9.0,0.0,cash_out,cash_out,14.0,-3.0,14.0,6.1,9.1,-7.9,0.0
0.7,14.0,3.5,13.0,9.0,0.0,cash_out,cash_out,14.0,-3.5,14.0,5.6,9.1,-8.4,0.0
0.7,14.0,4.0,13.0,9.0,0.0,cash_out,cash_out,14.0,-4.0,14.0,5.1,9.1,-8.9,0.0
0.7,14.5,0.0,13.0,9.0,0.0,cash_out,cash_out,14.5,0.0,14.5,9.1,9.1,-5.4,0.0
0.7,14.5,0.5,13.0,9.0,0.0,cash_out,cash_out,14.5,-0.5,14.5,8.6,9.1,-5.9,0.0
0.7,14.5,1.0,13.0,9.0,0.0,cash_out,cash_out,14.5,-1.0,14.5,8.1,9.1,-6.4,0.0
0.7,14.5,1.5,13.0,9.0,0.0,cash_out,cash_out,14.5,-1.5,14.5,7.6,9.1,-6.9,0.0
0.7,14.5,2.0,13.0,9.0,0.0,cash_out,cash_out,14.5,-2.0,14.5,7.1,9.1,-7.4,0.0
0.7,14.5,2.5,13.0,9.0,0.0,cash_out,cash_out,14.5,-2.5,14.5,6.6,9.1,-7.9,0.0
0.7,14.5,3.0,13.0,9.0,0.0,cash_out,cash_out,14.5,-3.0,14.5,6.1,9.1,-8.4,0.0
0.7,14.5,3.5,13.0,9.0,0.0,cash_out,cash_out,14.5,-3.5,14.5,5.6,9.1,-8.9,0.0
0.7,14.5,4.0,13.0,9.0,0.0,cash_out,cash_out,14.5,-4.0,14.5,5.1,9.1,-9.4,0.0
0.7,15.0,0.0,13.0,9.0,0.0,cash_out,cash_out,15.0,0.0,15.0,9.1,9.1,-5.9,0.0
0.7,15.0,0.5,13.0,9.0,0.0,cash_out,cash_out,15.0,-0.5,15.0,8.6,9.1,-6.4,0.0
0.7,15.0,1.0,13.0,9.0,0.0,cash_out,cash_out,15.0,-1.0,15.0,8.1,9.1,-6.9,0.0
0.7,15.0,1.5,13.0,9.0,0.0,cash_out,cash_out,15.0,-1.5,15.0,7.6,9.1,-7.4,0.0
0.7,15.0,2.0,13.0,9.0,0.0,cash_out,cash_out,15.0,-2.0,15.0,7.1,9.1,-7.9,0.0
0.7,15.0,2.5,13.0,9.0,0.0,cash_out,cash_out,15.0,-2.5,15.0,6.6,9.1,-8.4,0.0
0.7,15.0,3.0,13.0,9.0,0.0,cash_out,cash_out,15.0,-3.0,15.0,6.1,9.1,-8.9,0.0
0.7,15.0,3.5,13.0,9.0,0.0,cash_out,cash_out,15.0,-3.5,15.0,5.6,9.1,-9.4,0.0
0.7,15.0,4.0,13.0,9.0,0.0,cash_out,cash_out,15.0,-4.0,15.0,5.1,9.1,-9.9,0.0
0.7,15.5,0.0,13.0,9.0,0.0,cash_out,cash_out,15.5,0.0,15.5,9.1,9.1,-6.4,0.0
0.7,15.5,0.5,13.0,9.0,0.0,cash_out,cash_out,15.5,-0.5,15.5,8.6,9.1,-6.9,0.0
0.7,15.5,1.0,13.0,9.0,0.0,cash_out,cash_out,15.5,-1.0,15.5,8.1,9.1,-7.4,0.0
0.7,15.5,1.5,13.0,9.0,0.0,cash_out,cash_out,15.5,-1.5,15.5,7.6,9.1,-7.9,0.0
0.7,15.5,2.0,13.0,9.0,0.0,cash_out,cash_out,15.5,-2.0,15.5,7.1,9.1,-8.4,0.0
0.7,15.5,2.5,13.0,9.0,0.0,cash_out,cash_out,15.5,-2.5,15.5,6.6,9.1,-8.9,0.0
0.7,15.5,3.0,13.0,9.0,0.0,cash_out,cash_out,15.5,-3.0,15.5,6.1,9.1,-9.4,0.0
0.7,15.5,3.5,13.0,9.0,0.0,cash_out,cash_out,15.5,-3.5,15.5,5.6,9.1,-9.9,0.0
0.7,15.5,4.0,13.0,9.0,0.0,cash_out,cash_out,15.5,-4.0,15.5,5.1,9.1,-10.4,0.0
0.7,16.0,0.0,13.0,9.0,0.0,cash_out,cash_out,16.0,0.0,16.0,9.1,9.1,-6.9,0.0
0.7,16.0,0.5,13.0,9.0,0.0,cash_out,cash_out,16.0,-0.5,16.0,8.6,9.1,-7.4,0.0
0.7,16.0,1.0,13.0,9.0,0.0,cash_out,cash_out,16.0,-1.0,16.0,8.1,9.1,-7.9,0.0
0.7,16.0,1.5,13.0,9.0,0.0,cash_out,cash_out,16.0,-1.5,16.0,7.6,9.1,-8.4,0.0
0.7,16.0,2.0,13.0,9.0,0.0,cash_out,cash_out,16.0,-2.0,16.0,7.1,9.1,-8.9,0.0
0.7,16.0,2.5,13.0,9.0,0.0,cash_out,cash_out,16.0,-2.5,16.0,6.6,9.1,-9.4,0.0
0.7,16.0,3.0,13.0,9.0,0.0,cash_out,cash_out,16.0,-3.0,16.0,6.1,9.1,-9.9,0.0
0.7,16.0,3.5,13.0,9.0,0.0,cash_out,cash_out,16.0,-3.5,16.0,5.6,9.1,-10.4,0.0
0.7,16.0,4.0,13.0,9.0,0.0,cash_out,cash_out,16.0,-4.0,16.0,5.1,9.1,-10.9,0.0
0.7,16.5,0.0,13.0,9.0,0.0,cash_out,cash_out,16.5,0.0,16.5,9.1,9.1,-7.4,0.0
0.7,16.5,0.5,13.0,9.0,0.0,cash_out,cash_out,16.5,-0.5,16.5,8.6,9.1,-7.9,0.0
0.7,16.5,1.0,13.0,9.0,0.0,cash_out,cash_out,16.5,-1.0,16.5,8.1,9.1,-8.4,0.0
0.7,16.5,1.5,13.0,9.0,0.0,cash_out,cash_out,16.5,-1.5,16.5,7.6,9.1,-8.9,0.0
0.7,16.5,2.0,13.0,9.0,0.0,cash_out,cash_out,16.5,-2.0,16.5,7.1,9.1,-9.4,0.0
0.7,16.5,2.5,13.0,9.0,0.0,cash_out,cash_out,16.5,-2.5,16.5,6.6,9.1,-9.9,0.0
0.7,16.5,3.0,13.0,9.0,0.0,cash_out,cash_out,16.5,-3.0,16.5,6.1,9.1,-10.4,0.0
0.7,16.5,3.5,13.0,9.0,0.0,cash_out,cash_out,16.5,-3.5,16.5,5.6,9.1,-10.9,0.0
0.7,16.5,4.0,13.0,9.0,0.0,cash_out,cash_out,16.5,-4.0,16.5,5.1,9.1,-11.4,0.0
0.7,17.0,0.0,13.0,9.0,0.0,cash_out,cash_out,17.0,0.0,17.0,9.1,9.1,-7.9,0.0
0.7,17.0,0.5,13.0,9.0,0.0,cash_out,cash_out,17.0,-0.5,17.0,8.6,9.1,-8.4,0.0
0.7,17.0,1.0,13.0,9.0,0.0,cash_out,cash_out,17.0,-1.0,17.0,8.1,9.1,-8.9,0.0
0.7,17.0,1.5,13.0,9.0,0.0,cash_out,cash_out,17.0,-1.5,17.0,7.6,9.1,-9.4,0.0
0.7,17.0,2.0,13.0,9.0,0.0,cash_out,cash_out,17.0,-2.0,17.0,7.1,9.1,-9.9,0.0
0.7,17.0,2.5,13.0,9.0,0.0,cash_out,cash_out,17.0,-2.5,17.0,6.6,9.1,-10.4,0.0
0.7,17.0,3.0,13.0,9.0,0.0,cash_out,cash_out,17.0,-3.0,17.0,6.1,9.1,-10.9,0.0
0.7,17.0,3.5,13.0,9.0,0.0,cash_out,cash_out,17.0,-3.5,17.0,5.6,9.1,-11.4,0.0
0.7,17.0,4.0,13.0,9.0,0.0,cash_out,cash_out,17.0,-4.0,17.0,5.1,9.1,-11.9,0.0
0.7,17.5,0.0,13.0,9.0,0.0,cash_out,cash_out,17.5,0.0,17.5,9.1,9.1,-8.4,0.0
0.7,17.5,0.5,13.0,9.0,0.0,cash_out,cash_out,17.5,-0.5,17.5,8.6,9.1,-8.9,0.0
0.7,17.5,1.0,13.0,9.0,0.0,cash_out,cash_out,17.5,-1.0,17.5,8.1,9.1,-9.4,0.0
0.7,17.5,1.5,13.0,9.0,0.0,cash_out,cash_out,17.5,-1.5,17.5,7.6,9.1,-9.9,0.0
0.7,17.5,2.0,13.0,9.0,0.0,cash_out,cash_out,17.5,-2.0,17.5,7.1,9.1,-10.4,0.0
0.7,17.5,2.5,13.0,9.0,0.0,cash_out,cash_out,17.5,-2.5,17.5,6.6,9.1,-10.9,0.0
0.7,17.5,3.0,13.0,9.0,0.0,cash_out,cash_out,17.5,-3.0,17.5,6.1,9.1,-11.4,0.0
0.7,17.5,3.5,13.0,9.0,0.0,cash_out,cash_out,17.5,-3.5,17.5,5.6,9.1,-11.9,0.0
0.7,17.5,4.0,13.0,9.0,0.0,cash_out,cash_out,17.5,-4.0,17.5,5.1,9.1,-12.4,0.0
0.7,18.0,0.0,13.0,9.0,0.0,cash_out,cash_out,18.0,0.0,18.0,9.1,9.1,-8.9,0.0
0.7,18.0,0.5,13.0,9.0,0.0,cash_out,cash_out,18.0,-0.5,18.0,8.6,9.1,-9.4,0.0
0.7,18.0,1.0,13.0,9.0,0.0,cash_out,cash_out,18.0,-1.0,18.0,8.1,9.1,-9.9,0.0
0.7,18.0,1.5,13.0,9.0,0.0,cash_out,cash_out,18.0,-1.5,18.0,7.6,9.1,-10.4,0.0
0.7,18.0,2.0,13.0,9.0,0.0,cash_out,cash_out,18.0,-2.0,18.0,7.1,9.1,-10.9,0.0
0.7,18.0,2.5,13.0,9.0,0.0,cash_out,cash_out,18.0,-2.5,18.0,6.6,9.1,-11.4,0.0
0.7,18.0,3.0,13.0,9.0,0.0,cash_out,cash_out,18.0,-3.0,18.0,6.1,9.1,-11.9,0.0
0.7,18.0,3.5,13.0,9.0,0.0,cash_out,cash_out,18.0,-3.5,18.0,5.6,9.1,-12.4,0.0
0.7,18.0,4.0,13.0,9.0,0.0,cash_out,cash_out,18.0,-4.0,18.0,5.1,9.1,-12.9,0.0
0.75,6.0,0.0,13.0,9.0,0.0,cash_out,preserve_option,6.0,0.0,6.0,9.75,9.75,3.75,1.0
0.75,6.0,0.5,13.0,9.0,0.0,cash_out,preserve_option,6.0,-0.5,6.0,9.25,9.75,3.25,1.0
0.75,6.0,1.0,13.0,9.0,0.0,cash_out,preserve_option,6.0,-1.0,6.0,8.75,9.75,2.75,1.0
0.75,6.0,1.5,13.0,9.0,0.0,cash_out,preserve_option,6.0,-1.5,6.0,8.25,9.75,2.25,1.0
0.75,6.0,2.0,13.0,9.0,0.0,cash_out,preserve_option,6.0,-2.0,6.0,7.75,9.75,1.75,1.0
0.75,6.0,2.5,13.0,9.0,0.0,cash_out,preserve_option,6.0,-2.5,6.0,7.25,9.75,1.25,1.0
0.75,6.0,3.0,13.0,9.0,0.0,cash_out,preserve_option,6.0,-3.0,6.0,6.75,9.75,0.75,1.0
0.75,6.0,3.5,13.0,9.0,0.0,cash_out,preserve_option,6.0,-3.5,6.0,6.25,9.75,0.25,1.0
0.75,6.0,4.0,13.0,9.0,0.0,cash_out,cash_out,6.0,-4.0,6.0,5.75,9.75,-0.25,0.0
0.75,6.5,0.0,13.0,9.0,0.0,cash_out,preserve_option,6.5,0.0,6.5,9.75,9.75,3.25,1.0
0.75,6.5,0.5,13.0,9.0,0.0,cash_out,preserve_option,6.5,-0.5,6.5,9.25,9.75,2.75,1.0
0.75,6.5,1.0,13.0,9.0,0.0,cash_out,preserve_option,6.5,-1.0,6.5,8.75,9.75,2.25,1.0
0.75,6.5,1.5,13.0,9.0,0.0,cash_out,preserve_option,6.5,-1.5,6.5,8.25,9.75,1.75,1.0
0.75,6.5,2.0,13.0,9.0,0.0,cash_out,preserve_option,6.5,-2.0,6.5,7.75,9.75,1.25,1.0
0.75,6.5,2.5,13.0,9.0,0.0,cash_out,preserve_option,6.5,-2.5,6.5,7.25,9.75,0.75,1.0
0.75,6.5,3.0,13.0,9.0,0.0,cash_out,preserve_option,6.5,-3.0,6.5,6.75,9.75,0.25,1.0
0.75,6.5,3.5,13.0,9.0,0.0,cash_out,cash_out,6.5,-3.5,6.5,6.25,9.75,-0.25,0.0
0.75,6.5,4.0,13.0,9.0,0.0,cash_out,cash_out,6.5,-4.0,6.5,5.75,9.75,-0.75,0.0
0.75,7.0,0.0,13.0,9.0,0.0,cash_out,preserve_option,7.0,0.0,7.0,9.75,9.75,2.75,1.0
0.75,7.0,0.5,13.0,9.0,0.0,cash_out,preserve_option,7.0,-0.5,7.0,9.25,9.75,2.25,1.0
0.75,7.0,1.0,13.0,9.0,0.0,cash_out,preserve_option,7.0,-1.0,7.0,8.75,9.75,1.75,1.0
0.75,7.0,1.5,13.0,9.0,0.0,cash_out,preserve_option,7.0,-1.5,7.0,8.25,9.75,1.25,1.0
0.75,7.0,2.0,13.0,9.0,0.0,cash_out,preserve_option,7.0,-2.0,7.0,7.75,9.75,0.75,1.0
0.75,7.0,2.5,13.0,9.0,0.0,cash_out,preserve_option,7.0,-2.5,7.0,7.25,9.75,0.25,1.0
0.75,7.0,3.0,13.0,9.0,0.0,cash_out,cash_out,7.0,-3.0,7.0,6.75,9.75,-0.25,0.0
0.75,7.0,3.5,13.0,9.0,0.0,cash_out,cash_out,7.0,-3.5,7.0,6.25,9.75,-0.75,0.0
0.75,7.0,4.0,13.0,9.0,0.0,cash_out,cash_out,7.0,-4.0,7.0,5.75,9.75,-1.25,0.0
0.75,7.5,0.0,13.0,9.0,0.0,cash_out,preserve_option,7.5,0.0,7.5,9.75,9.75,2.25,1.0
0.75,7.5,0.5,13.0,9.0,0.0,cash_out,preserve_option,7.5,-0.5,7.5,9.25,9.75,1.75,1.0
0.75,7.5,1.0,13.0,9.0,0.0,cash_out,preserve_option,7.5,-1.0,7.5,8.75,9.75,1.25,1.0
0.75,7.5,1.5,13.0,9.0,0.0,cash_out,preserve_option,7.5,-1.5,7.5,8.25,9.75,0.75,1.0
0.75,7.5,2.0,13.0,9.0,0.0,cash_out,preserve_option,7.5,-2.0,7.5,7.75,9.75,0.25,1.0
0.75,7.5,2.5,13.0,9.0,0.0,cash_out,cash_out,7.5,-2.5,7.5,7.25,9.75,-0.25,0.0
0.75,7.5,3.0,13.0,9.0,0.0,cash_out,cash_out,7.5,-3.0,7.5,6.75,9.75,-0.75,0.0
0.75,7.5,3.5,13.0,9.0,0.0,cash_out,cash_out,7.5,-3.5,7.5,6.25,9.75,-1.25,0.0
0.75,7.5,4.0,13.0,9.0,0.0,cash_out,cash_out,7.5,-4.0,7.5,5.75,9.75,-1.75,0.0
0.75,8.0,0.0,13.0,9.0,0.0,cash_out,preserve_option,8.0,0.0,8.0,9.75,9.75,1.75,1.0
0.75,8.0,0.5,13.0,9.0,0.0,cash_out,preserve_option,8.0,-0.5,8.0,9.25,9.75,1.25,1.0
0.75,8.0,1.0,13.0,9.0,0.0,cash_out,preserve_option,8.0,-1.0,8.0,8.75,9.75,0.75,1.0
0.75,8.0,1.5,13.0,9.0,0.0,cash_out,preserve_option,8.0,-1.5,8.0,8.25,9.75,0.25,1.0
0.75,8.0,2.0,13.0,9.0,0.0,cash_out,cash_out,8.0,-2.0,8.0,7.75,9.75,-0.25,0.0
0.75,8.0,2.5,13.0,9.0,0.0,cash_out,cash_out,8.0,-2.5,8.0,7.25,9.75,-0.75,0.0
0.75,8.0,3.0,13.0,9.0,0.0,cash_out,cash_out,8.0,-3.0,8.0,6.75,9.75,-1.25,0.0
0.75,8.0,3.5,13.0,9.0,0.0,cash_out,cash_out,8.0,-3.5,8.0,6.25,9.75,-1.75,0.0
0.75,8.0,4.0,13.0,9.0,0.0,cash_out,cash_out,8.0,-4.0,8.0,5.75,9.75,-2.25,0.0
0.75,8.5,0.0,13.0,9.0,0.0,cash_out,preserve_option,8.5,0.0,8.5,9.75,9.75,1.25,1.0
0.75,8.5,0.5,13.0,9.0,0.0,cash_out,preserve_option,8.5,-0.5,8.5,9.25,9.75,0.75,1.0
0.75,8.5,1.0,13.0,9.0,0.0,cash_out,preserve_option,8.5,-1.0,8.5,8.75,9.75,0.25,1.0
0.75,8.5,1.5,13.0,9.0,0.0,cash_out,cash_out,8.5,-1.5,8.5,8.25,9.75,-0.25,0.0
0.75,8.5,2.0,13.0,9.0,0.0,cash_out,cash_out,8.5,-2.0,8.5,7.75,9.75,-0.75,0.0
0.75,8.5,2.5,13.0,9.0,0.0,cash_out,cash_out,8.5,-2.5,8.5,7.25,9.75,-1.25,0.0
0.75,8.5,3.0,13.0,9.0,0.0,cash_out,cash_out,8.5,-3.0,8.5,6.75,9.75,-1.75,0.0
0.75,8.5,3.5,13.0,9.0,0.0,cash_out,cash_out,8.5,-3.5,8.5,6.25,9.75,-2.25,0.0
0.75,8.5,4.0,13.0,9.0,0.0,cash_out,cash_out,8.5,-4.0,8.5,5.75,9.75,-2.75,0.0
0.75,9.0,0.0,13.0,9.0,0.0,cash_out,preserve_option,9.0,0.0,9.0,9.75,9.75,0.75,1.0
0.75,9.0,0.5,13.0,9.0,0.0,cash_out,preserve_option,9.0,-0.5,9.0,9.25,9.75,0.25,1.0
0.75,9.0,1.0,13.0,9.0,0.0,cash_out,cash_out,9.0,-1.0,9.0,8.75,9.75,-0.25,0.0
0.75,9.0,1.5,13.0,9.0,0.0,cash_out,cash_out,9.0,-1.5,9.0,8.25,9.75,-0.75,0.0
0.75,9.0,2.0,13.0,9.0,0.0,cash_out,cash_out,9.0,-2.0,9.0,7.75,9.75,-1.25,0.0
0.75,9.0,2.5,13.0,9.0,0.0,cash_out,cash_out,9.0,-2.5,9.0,7.25,9.75,-1.75,0.0
0.75,9.0,3.0,13.0,9.0,0.0,cash_out,cash_out,9.0,-3.0,9.0,6.75,9.75,-2.25,0.0
0.75,9.0,3.5,13.0,9.0,0.0,cash_out,cash_out,9.0,-3.5,9.0,6.25,9.75,-2.75,0.0
0.75,9.0,4.0,13.0,9.0,0.0,cash_out,cash_out,9.0,-4.0,9.0,5.75,9.75,-3.25,0.0
0.75,9.5,0.0,13.0,9.0,0.0,cash_out,preserve_option,9.5,0.0,9.5,9.75,9.75,0.25,1.0
0.75,9.5,0.5,13.0,9.0,0.0,cash_out,cash_out,9.5,-0.5,9.5,9.25,9.75,-0.25,0.0
0.75,9.5,1.0,13.0,9.0,0.0,cash_out,cash_out,9.5,-1.0,9.5,8.75,9.75,-0.75,0.0
0.75,9.5,1.5,13.0,9.0,0.0,cash_out,cash_out,9.5,-1.5,9.5,8.25,9.75,-1.25,0.0
0.75,9.5,2.0,13.0,9.0,0.0,cash_out,cash_out,9.5,-2.0,9.5,7.75,9.75,-1.75,0.0
0.75,9.5,2.5,13.0,9.0,0.0,cash_out,cash_out,9.5,-2.5,9.5,7.25,9.75,-2.25,0.0
0.75,9.5,3.0,13.0,9.0,0.0,cash_out,cash_out,9.5,-3.0,9.5,6.75,9.75,-2.75,0.0
0.75,9.5,3.5,13.0,9.0,0.0,cash_out,cash_out,9.5,-3.5,9.5,6.25,9.75,-3.25,0.0
0.75,9.5,4.0,13.0,9.0,0.0,cash_out,cash_out,9.5,-4.0,9.5,5.75,9.75,-3.75,0.0
0.75,10.0,0.0,13.0,9.0,0.0,cash_out,cash_out,10.0,0.0,10.0,9.75,9.75,-0.25,0.0
0.75,10.0,0.5,13.0,9.0,0.0,cash_out,cash_out,10.0,-0.5,10.0,9.25,9.75,-0.75,0.0
0.75,10.0,1.0,13.0,9.0,0.0,cash_out,cash_out,10.0,-1.0,10.0,8.75,9.75,-1.25,0.0
0.75,10.0,1.5,13.0,9.0,0.0,cash_out,cash_out,10.0,-1.5,10.0,8.25,9.75,-1.75,0.0
0.75,10.0,2.0,13.0,9.0,0.0,cash_out,cash_out,10.0,-2.0,10.0,7.75,9.75,-2.25,0.0
0.75,10.0,2.5,13.0,9.0,0.0,cash_out,cash_out,10.0,-2.5,10.0,7.25,9.75,-2.75,0.0
0.75,10.0,3.0,13.0,9.0,0.0,cash_out,cash_out,10.0,-3.0,10.0,6.75,9.75,-3.25,0.0
0.75,10.0,3.5,13.0,9.0,0.0,cash_out,cash_out,10.0,-3.5,10.0,6.25,9.75,-3.75,0.0
0.75,10.0,4.0,13.0,9.0,0.0,cash_out,cash_out,10.0,-4.0,10.0,5.75,9.75,-4.25,0.0
0.75,10.5,0.0,13.0,9.0,0.0,cash_out,cash_out,10.5,0.0,10.5,9.75,9.75,-0.75,0.0
0.75,10.5,0.5,13.0,9.0,0.0,cash_out,cash_out,10.5,-0.5,10.5,9.25,9.75,-1.25,0.0
0.75,10.5,1.0,13.0,9.0,0.0,cash_out,cash_out,10.5,-1.0,10.5,8.75,9.75,-1.75,0.0
0.75,10.5,1.5,13.0,9.0,0.0,cash_out,cash_out,10.5,-1.5,10.5,8.25,9.75,-2.25,0.0
0.75,10.5,2.0,13.0,9.0,0.0,cash_out,cash_out,10.5,-2.0,10.5,7.75,9.75,-2.75,0.0
0.75,10.5,2.5,13.0,9.0,0.0,cash_out,cash_out,10.5,-2.5,10.5,7.25,9.75,-3.25,0.0
0.75,10.5,3.0,13.0,9.0,0.0,cash_out,cash_out,10.5,-3.0,10.5,6.75,9.75,-3.75,0.0
0.75,10.5,3.5,13.0,9.0,0.0,cash_out,cash_out,10.5,-3.5,10.5,6.25,9.75,-4.25,0.0
0.75,10.5,4.0,13.0,9.0,0.0,cash_out,cash_out,10.5,-4.0,10.5,5.75,9.75,-4.75,0.0
0.75,11.0,0.0,13.0,9.0,0.0,cash_out,cash_out,11.0,0.0,11.0,9.75,9.75,-1.25,0.0
0.75,11.0,0.5,13.0,9.0,0.0,cash_out,cash_out,11.0,-0.5,11.0,9.25,9.75,-1.75,0.0
0.75,11.0,1.0,13.0,9.0,0.0,cash_out,cash_out,11.0,-1.0,11.0,8.75,9.75,-2.25,0.0
0.75,11.0,1.5,13.0,9.0,0.0,cash_out,cash_out,11.0,-1.5,11.0,8.25,9.75,-2.75,0.0
0.75,11.0,2.0,13.0,9.0,0.0,cash_out,cash_out,11.0,-2.0,11.0,7.75,9.75,-3.25,0.0
0.75,11.0,2.5,13.0,9.0,0.0,cash_out,cash_out,11.0,-2.5,11.0,7.25,9.75,-3.75,0.0
0.75,11.0,3.0,13.0,9.0,0.0,cash_out,cash_out,11.0,-3.0,11.0,6.75,9.75,-4.25,0.0
0.75,11.0,3.5,13.0,9.0,0.0,cash_out,cash_out,11.0,-3.5,11.0,6.25,9.75,-4.75,0.0
0.75,11.0,4.0,13.0,9.0,0.0,cash_out,cash_out,11.0,-4.0,11.0,5.75,9.75,-5.25,0.0
0.75,11.5,0.0,13.0,9.0,0.0,cash_out,cash_out,11.5,0.0,11.5,9.75,9.75,-1.75,0.0
0.75,11.5,0.5,13.0,9.0,0.0,cash_out,cash_out,11.5,-0.5,11.5,9.25,9.75,-2.25,0.0
0.75,11.5,1.0,13.0,9.0,0.0,cash_out,cash_out,11.5,-1.0,11.5,8.75,9.75,-2.75,0.0
0.75,11.5,1.5,13.0,9.0,0.0,cash_out,cash_out,11.5,-1.5,11.5,8.25,9.75,-3.25,0.0
0.75,11.5,2.0,13.0,9.0,0.0,cash_out,cash_out,11.5,-2.0,11.5,7.75,9.75,-3.75,0.0
0.75,11.5,2.5,13.0,9.0,0.0,cash_out,cash_out,11.5,-2.5,11.5,7.25,9.75,-4.25,0.0
0.75,11.5,3.0,13.0,9.0,0.0,cash_out,cash_out,11.5,-3.0,11.5,6.75,9.75,-4.75,0.0
0.75,11.5,3.5,13.0,9.0,0.0,cash_out,cash_out,11.5,-3.5,11.5,6.25,9.75,-5.25,0.0
0.75,11.5,4.0,13.0,9.0,0.0,cash_out,cash_out,11.5,-4.0,11.5,5.75,9.75,-5.75,0.0
0.75,12.0,0.0,13.0,9.0,0.0,cash_out,cash_out,12.0,0.0,12.0,9.75,9.75,-2.25,0.0
0.75,12.0,0.5,13.0,9.0,0.0,cash_out,cash_out,12.0,-0.5,12.0,9.25,9.75,-2.75,0.0
0.75,12.0,1.0,13.0,9.0,0.0,cash_out,cash_out,12.0,-1.0,12.0,8.75,9.75,-3.25,0.0
0.75,12.0,1.5,13.0,9.0,0.0,cash_out,cash_out,12.0,-1.5,12.0,8.25,9.75,-3.75,0.0
0.75,12.0,2.0,13.0,9.0,0.0,cash_out,cash_out,12.0,-2.0,12.0,7.75,9.75,-4.25,0.0
0.75,12.0,2.5,13.0,9.0,0.0,cash_out,cash_out,12.0,-2.5,12.0,7.25,9.75,-4.75,0.0
0.75,12.0,3.0,13.0,9.0,0.0,cash_out,cash_out,12.0,-3.0,12.0,6.75,9.75,-5.25,0.0
0.75,12.0,3.5,13.0,9.0,0.0,cash_out,cash_out,12.0,-3.5,12.0,6.25,9.75,-5.75,0.0
0.75,12.0,4.0,13.0,9.0,0.0,cash_out,cash_out,12.0,-4.0,12.0,5.75,9.75,-6.25,0.0
0.75,12.5,0.0,13.0,9.0,0.0,cash_out,cash_out,12.5,0.0,12.5,9.75,9.75,-2.75,0.0
0.75,12.5,0.5,13.0,9.0,0.0,cash_out,cash_out,12.5,-0.5,12.5,9.25,9.75,-3.25,0.0
0.75,12.5,1.0,13.0,9.0,0.0,cash_out,cash_out,12.5,-1.0,12.5,8.75,9.75,-3.75,0.0
0.75,12.5,1.5,13.0,9.0,0.0,cash_out,cash_out,12.5,-1.5,12.5,8.25,9.75,-4.25,0.0
0.75,12.5,2.0,13.0,9.0,0.0,cash_out,cash_out,12.5,-2.0,12.5,7.75,9.75,-4.75,0.0
0.75,12.5,2.5,13.0,9.0,0.0,cash_out,cash_out,12.5,-2.5,12.5,7.25,9.75,-5.25,0.0
0.75,12.5,3.0,13.0,9.0,0.0,cash_out,cash_out,12.5,-3.0,12.5,6.75,9.75,-5.75,0.0
0.75,12.5,3.5,13.0,9.0,0.0,cash_out,cash_out,12.5,-3.5,12.5,6.25,9.75,-6.25,0.0
0.75,12.5,4.0,13.0,9.0,0.0,cash_out,cash_out,12.5,-4.0,12.5,5.75,9.75,-6.75,0.0
0.75,13.0,0.0,13.0,9.0,0.0,cash_out,cash_out,13.0,0.0,13.0,9.75,9.75,-3.25,0.0
0.75,13.0,0.5,13.0,9.0,0.0,cash_out,cash_out,13.0,-0.5,13.0,9.25,9.75,-3.75,0.0
0.75,13.0,1.0,13.0,9.0,0.0,cash_out,cash_out,13.0,-1.0,13.0,8.75,9.75,-4.25,0.0
0.75,13.0,1.5,13.0,9.0,0.0,cash_out,cash_out,13.0,-1.5,13.0,8.25,9.75,-4.75,0.0
0.75,13.0,2.0,13.0,9.0,0.0,cash_out,cash_out,13.0,-2.0,13.0,7.75,9.75,-5.25,0.0
0.75,13.0,2.5,13.0,9.0,0.0,cash_out,cash_out,13.0,-2.5,13.0,7.25,9.75,-5.75,0.0
0.75,13.0,3.0,13.0,9.0,0.0,cash_out,cash_out,13.0,-3.0,13.0,6.75,9.75,-6.25,0.0
0.75,13.0,3.5,13.0,9.0,0.0,cash_out,cash_out,13.0,-3.5,13.0,6.25,9.75,-6.75,0.0
0.75,13.0,4.0,13.0,9.0,0.0,cash_out,cash_out,13.0,-4.0,13.0,5.75,9.75,-7.25,0.0
0.75,13.5,0.0,13.0,9.0,0.0,cash_out,cash_out,13.5,0.0,13.5,9.75,9.75,-3.75,0.0
0.75,13.5,0.5,13.0,9.0,0.0,cash_out,cash_out,13.5,-0.5,13.5,9.25,9.75,-4.25,0.0
0.75,13.5,1.0,13.0,9.0,0.0,cash_out,cash_out,13.5,-1.0,13.5,8.75,9.75,-4.75,0.0
0.75,13.5,1.5,13.0,9.0,0.0,cash_out,cash_out,13.5,-1.5,13.5,8.25,9.75,-5.25,0.0
0.75,13.5,2.0,13.0,9.0,0.0,cash_out,cash_out,13.5,-2.0,13.5,7.75,9.75,-5.75,0.0
0.75,13.5,2.5,13.0,9.0,0.0,cash_out,cash_out,13.5,-2.5,13.5,7.25,9.75,-6.25,0.0
0.75,13.5,3.0,13.0,9.0,0.0,cash_out,cash_out,13.5,-3.0,13.5,6.75,9.75,-6.75,0.0
0.75,13.5,3.5,13.0,9.0,0.0,cash_out,cash_out,13.5,-3.5,13.5,6.25,9.75,-7.25,0.0
0.75,13.5,4.0,13.0,9.0,0.0,cash_out,cash_out,13.5,-4.0,13.5,5.75,9.75,-7.75,0.0
0.75,14.0,0.0,13.0,9.0,0.0,cash_out,cash_out,14.0,0.0,14.0,9.75,9.75,-4.25,0.0
0.75,14.0,0.5,13.0,9.0,0.0,cash_out,cash_out,14.0,-0.5,14.0,9.25,9.75,-4.75,0.0
0.75,14.0,1.0,13.0,9.0,0.0,cash_out,cash_out,14.0,-1.0,14.0,8.75,9.75,-5.25,0.0
0.75,14.0,1.5,13.0,9.0,0.0,cash_out,cash_out,14.0,-1.5,14.0,8.25,9.75,-5.75,0.0
0.75,14.0,2.0,13.0,9.0,0.0,cash_out,cash_out,14.0,-2.0,14.0,7.75,9.75,-6.25,0.0
0.75,14.0,2.5,13.0,9.0,0.0,cash_out,cash_out,14.0,-2.5,14.0,7.25,9.75,-6.75,0.0
0.75,14.0,3.0,13.0,9.0,0.0,cash_out,cash_out,14.0,-3.0,14.0,6.75,9.75,-7.25,0.0
0.75,14.0,3.5,13.0,9.0,0.0,cash_out,cash_out,14.0,-3.5,14.0,6.25,9.75,-7.75,0.0
0.75,14.0,4.0,13.0,9.0,0.0,cash_out,cash_out,14.0,-4.0,14.0,5.75,9.75,-8.25,0.0
0.75,14.5,0.0,13.0,9.0,0.0,cash_out,cash_out,14.5,0.0,14.5,9.75,9.75,-4.75,0.0
0.75,14.5,0.5,13.0,9.0,0.0,cash_out,cash_out,14.5,-0.5,14.5,9.25,9.75,-5.25,0.0
0.75,14.5,1.0,13.0,9.0,0.0,cash_out,cash_out,14.5,-1.0,14.5,8.75,9.75,-5.75,0.0
0.75,14.5,1.5,13.0,9.0,0.0,cash_out,cash_out,14.5,-1.5,14.5,8.25,9.75,-6.25,0.0
0.75,14.5,2.0,13.0,9.0,0.0,cash_out,cash_out,14.5,-2.0,14.5,7.75,9.75,-6.75,0.0
0.75,14.5,2.5,13.0,9.0,0.0,cash_out,cash_out,14.5,-2.5,14.5,7.25,9.75,-7.25,0.0
0.75,14.5,3.0,13.0,9.0,0.0,cash_out,cash_out,14.5,-3.0,14.5,6.75,9.75,-7.75,0.0
0.75,14.5,3.5,13.0,9.0,0.0,cash_out,cash_out,14.5,-3.5,14.5,6.25,9.75,-8.25,0.0
0.75,14.5,4.0,13.0,9.0,0.0,cash_out,cash_out,14.5,-4.0,14.5,5.75,9.75,-8.75,0.0
0.75,15.0,0.0,13.0,9.0,0.0,cash_out,cash_out,15.0,0.0,15.0,9.75,9.75,-5.25,0.0
0.75,15.0,0.5,13.0,9.0,0.0,cash_out,cash_out,15.0,-0.5,15.0,9.25,9.75,-5.75,0.0
0.75,15.0,1.0,13.0,9.0,0.0,cash_out,cash_out,15.0,-1.0,15.0,8.75,9.75,-6.25,0.0
0.75,15.0,1.5,13.0,9.0,0.0,cash_out,cash_out,15.0,-1.5,15.0,8.25,9.75,-6.75,0.0
0.75,15.0,2.0,13.0,9.0,0.0,cash_out,cash_out,15.0,-2.0,15.0,7.75,9.75,-7.25,0.0
0.75,15.0,2.5,13.0,9.0,0.0,cash_out,cash_out,15.0,-2.5,15.0,7.25,9.75,-7.75,0.0
0.75,15.0,3.0,13.0,9.0,0.0,cash_out,cash_out,15.0,-3.0,15.0,6.75,9.75,-8.25,0.0
0.75,15.0,3.5,13.0,9.0,0.0,cash_out,cash_out,15.0,-3.5,15.0,6.25,9.75,-8.75,0.0
0.75,15.0,4.0,13.0,9.0,0.0,cash_out,cash_out,15.0,-4.0,15.0,5.75,9.75,-9.25,0.0
0.75,15.5,0.0,13.0,9.0,0.0,cash_out,cash_out,15.5,0.0,15.5,9.75,9.75,-5.75,0.0
0.75,15.5,0.5,13.0,9.0,0.0,cash_out,cash_out,15.5,-0.5,15.5,9.25,9.75,-6.25,0.0
0.75,15.5,1.0,13.0,9.0,0.0,cash_out,cash_out,15.5,-1.0,15.5,8.75,9.75,-6.75,0.0
0.75,15.5,1.5,13.0,9.0,0.0,cash_out,cash_out,15.5,-1.5,15.5,8.25,9.75,-7.25,0.0
0.75,15.5,2.0,13.0,9.0,0.0,cash_out,cash_out,15.5,-2.0,15.5,7.75,9.75,-7.75,0.0
0.75,15.5,2.5,13.0,9.0,0.0,cash_out,cash_out,15.5,-2.5,15.5,7.25,9.75,-8.25,0.0
0.75,15.5,3.0,13.0,9.0,0.0,cash_out,cash_out,15.5,-3.0,15.5,6.75,9.75,-8.75,0.0
0.75,15.5,3.5,13.0,9.0,0.0,cash_out,cash_out,15.5,-3.5,15.5,6.25,9.75,-9.25,0.0
0.75,15.5,4.0,13.0,9.0,0.0,cash_out,cash_out,15.5,-4.0,15.5,5.75,9.75,-9.75,0.0
0.75,16.0,0.0,13.0,9.0,0.0,cash_out,cash_out,16.0,0.0,16.0,9.75,9.75,-6.25,0.0
0.75,16.0,0.5,13.0,9.0,0.0,cash_out,cash_out,16.0,-0.5,16.0,9.25,9.75,-6.75,0.0
0.75,16.0,1.0,13.0,9.0,0.0,cash_out,cash_out,16.0,-1.0,16.0,8.75,9.75,-7.25,0.0
0.75,16.0,1.5,13.0,9.0,0.0,cash_out,cash_out,16.0,-1.5,16.0,8.25,9.75,-7.75,0.0
0.75,16.0,2.0,13.0,9.0,0.0,cash_out,cash_out,16.0,-2.0,16.0,7.75,9.75,-8.25,0.0
0.75,16.0,2.5,13.0,9.0,0.0,cash_out,cash_out,16.0,-2.5,16.0,7.25,9.75,-8.75,0.0
0.75,16.0,3.0,13.0,9.0,0.0,cash_out,cash_out,16.0,-3.0,16.0,6.75,9.75,-9.25,0.0
0.75,16.0,3.5,13.0,9.0,0.0,cash_out,cash_out,16.0,-3.5,16.0,6.25,9.75,-9.75,0.0
0.75,16.0,4.0,13.0,9.0,0.0,cash_out,cash_out,16.0,-4.0,16.0,5.75,9.75,-10.25,0.0
0.75,16.5,0.0,13.0,9.0,0.0,cash_out,cash_out,16.5,0.0,16.5,9.75,9.75,-6.75,0.0
0.75,16.5,0.5,13.0,9.0,0.0,cash_out,cash_out,16.5,-0.5,16.5,9.25,9.75,-7.25,0.0
0.75,16.5,1.0,13.0,9.0,0.0,cash_out,cash_out,16.5,-1.0,16.5,8.75,9.75,-7.75,0.0
0.75,16.5,1.5,13.0,9.0,0.0,cash_out,cash_out,16.5,-1.5,16.5,8.25,9.75,-8.25,0.0
0.75,16.5,2.0,13.0,9.0,0.0,cash_out,cash_out,16.5,-2.0,16.5,7.75,9.75,-8.75,0.0
0.75,16.5,2.5,13.0,9.0,0.0,cash_out,cash_out,16.5,-2.5,16.5,7.25,9.75,-9.25,0.0
0.75,16.5,3.0,13.0,9.0,0.0,cash_out,cash_out,16.5,-3.0,16.5,6.75,9.75,-9.75,0.0
0.75,16.5,3.5,13.0,9.0,0.0,cash_out,cash_out,16.5,-3.5,16.5,6.25,9.75,-10.25,0.0
0.75,16.5,4.0,13.0,9.0,0.0,cash_out,cash_out,16.5,-4.0,16.5,5.75,9.75,-10.75,0.0
0.75,17.0,0.0,13.0,9.0,0.0,cash_out,cash_out,17.0,0.0,17.0,9.75,9.75,-7.25,0.0
0.75,17.0,0.5,13.0,9.0,0.0,cash_out,cash_out,17.0,-0.5,17.0,9.25,9.75,-7.75,0.0
0.75,17.0,1.0,13.0,9.0,0.0,cash_out,cash_out,17.0,-1.0,17.0,8.75,9.75,-8.25,0.0
0.75,17.0,1.5,13.0,9.0,0.0,cash_out,cash_out,17.0,-1.5,17.0,8.25,9.75,-8.75,0.0
0.75,17.0,2.0,13.0,9.0,0.0,cash_out,cash_out,17.0,-2.0,17.0,7.75,9.75,-9.25,0.0
0.75,17.0,2.5,13.0,9.0,0.0,cash_out,cash_out,17.0,-2.5,17.0,7.25,9.75,-9.75,0.0
0.75,17.0,3.0,13.0,9.0,0.0,cash_out,cash_out,17.0,-3.0,17.0,6.75,9.75,-10.25,0.0
0.75,17.0,3.5,13.0,9.0,0.0,cash_out,cash_out,17.0,-3.5,17.0,6.25,9.75,-10.75,0.0
0.75,17.0,4.0,13.0,9.0,0.0,cash_out,cash_out,17.0,-4.0,17.0,5.75,9.75,-11.25,0.0
0.75,17.5,0.0,13.0,9.0,0.0,cash_out,cash_out,17.5,0.0,17.5,9.75,9.75,-7.75,0.0
0.75,17.5,0.5,13.0,9.0,0.0,cash_out,cash_out,17.5,-0.5,17.5,9.25,9.75,-8.25,0.0
0.75,17.5,1.0,13.0,9.0,0.0,cash_out,cash_out,17.5,-1.0,17.5,8.75,9.75,-8.75,0.0
0.75,17.5,1.5,13.0,9.0,0.0,cash_out,cash_out,17.5,-1.5,17.5,8.25,9.75,-9.25,0.0
0.75,17.5,2.0,13.0,9.0,0.0,cash_out,cash_out,17.5,-2.0,17.5,7.75,9.75,-9.75,0.0
0.75,17.5,2.5,13.0,9.0,0.0,cash_out,cash_out,17.5,-2.5,17.5,7.25,9.75,-10.25,0.0
0.75,17.5,3.0,13.0,9.0,0.0,cash_out,cash_out,17.5,-3.0,17.5,6.75,9.75,-10.75,0.0
0.75,17.5,3.5,13.0,9.0,0.0,cash_out,cash_out,17.5,-3.5,17.5,6.25,9.75,-11.25,0.0
0.75,17.5,4.0,13.0,9.0,0.0,cash_out,cash_out,17.5,-4.0,17.5,5.75,9.75,-11.75,0.0
0.75,18.0,0.0,13.0,9.0,0.0,cash_out,cash_out,18.0,0.0,18.0,9.75,9.75,-8.25,0.0
0.75,18.0,0.5,13.0,9.0,0.0,cash_out,cash_out,18.0,-0.5,18.0,9.25,9.75,-8.75,0.0
0.75,18.0,1.0,13.0,9.0,0.0,cash_out,cash_out,18.0,-1.0,18.0,8.75,9.75,-9.25,0.0
0.75,18.0,1.5,13.0,9.0,0.0,cash_out,cash_out,18.0,-1.5,18.0,8.25,9.75,-9.75,0.0
0.75,18.0,2.0,13.0,9.0,0.0,cash_out,cash_out,18.0,-2.0,18.0,7.75,9.75,-10.25,0.0
0.75,18.0,2.5,13.0,9.0,0.0,cash_out,cash_out,18.0,-2.5,18.0,7.25,9.75,-10.75,0.0
0.75,18.0,3.0,13.0,9.0,0.0,cash_out,cash_out,18.0,-3.0,18.0,6.75,9.75,-11.25,0.0
0.75,18.0,3.5,13.0,9.0,0.0,cash_out,cash_out,18.0,-3.5,18.0,6.25,9.75,-11.75,0.0
0.75,18.0,4.0,13.0,9.0,0.0,cash_out,cash_out,18.0,-4.0,18.0,5.75,9.75,-12.25,0.0
0.8,6.0,0.0,13.0,9.0,0.0,cash_out,preserve_option,6.0,0.0,6.0,10.4,10.4,4.4,1.0
0.8,6.0,0.5,13.0,9.0,0.0,cash_out,preserve_option,6.0,-0.5,6.0,9.9,10.4,3.9000000000000004,1.0
0.8,6.0,1.0,13.0,9.0,0.0,cash_out,preserve_option,6.0,-1.0,6.0,9.4,10.4,3.4000000000000004,1.0
0.8,6.0,1.5,13.0,9.0,0.0,cash_out,preserve_option,6.0,-1.5,6.0,8.9,10.4,2.9000000000000004,1.0
0.8,6.0,2.0,13.0,9.0,0.0,cash_out,preserve_option,6.0,-2.0,6.0,8.4,10.4,2.4000000000000004,1.0
0.8,6.0,2.5,13.0,9.0,0.0,cash_out,preserve_option,6.0,-2.5,6.0,7.9,10.4,1.9000000000000004,1.0
0.8,6.0,3.0,13.0,9.0,0.0,cash_out,preserve_option,6.0,-3.0,6.0,7.4,10.4,1.4000000000000004,1.0
0.8,6.0,3.5,13.0,9.0,0.0,cash_out,preserve_option,6.0,-3.5,6.0,6.9,10.4,0.9000000000000004,1.0
0.8,6.0,4.0,13.0,9.0,0.0,cash_out,preserve_option,6.0,-4.0,6.0,6.4,10.4,0.40000000000000036,1.0
0.8,6.5,0.0,13.0,9.0,0.0,cash_out,preserve_option,6.5,0.0,6.5,10.4,10.4,3.9000000000000004,1.0
0.8,6.5,0.5,13.0,9.0,0.0,cash_out,preserve_option,6.5,-0.5,6.5,9.9,10.4,3.4000000000000004,1.0
0.8,6.5,1.0,13.0,9.0,0.0,cash_out,preserve_option,6.5,-1.0,6.5,9.4,10.4,2.9000000000000004,1.0
0.8,6.5,1.5,13.0,9.0,0.0,cash_out,preserve_option,6.5,-1.5,6.5,8.9,10.4,2.4000000000000004,1.0
0.8,6.5,2.0,13.0,9.0,0.0,cash_out,preserve_option,6.5,-2.0,6.5,8.4,10.4,1.9000000000000004,1.0
0.8,6.5,2.5,13.0,9.0,0.0,cash_out,preserve_option,6.5,-2.5,6.5,7.9,10.4,1.4000000000000004,1.0
0.8,6.5,3.0,13.0,9.0,0.0,cash_out,preserve_option,6.5,-3.0,6.5,7.4,10.4,0.9000000000000004,1.0
0.8,6.5,3.5,13.0,9.0,0.0,cash_out,preserve_option,6.5,-3.5,6.5,6.9,10.4,0.40000000000000036,1.0
0.8,6.5,4.0,13.0,9.0,0.0,cash_out,cash_out,6.5,-4.0,6.5,6.4,10.4,-0.09999999999999964,0.0
0.8,7.0,0.0,13.0,9.0,0.0,cash_out,preserve_option,7.0,0.0,7.0,10.4,10.4,3.4000000000000004,1.0
0.8,7.0,0.5,13.0,9.0,0.0,cash_out,preserve_option,7.0,-0.5,7.0,9.9,10.4,2.9000000000000004,1.0
0.8,7.0,1.0,13.0,9.0,0.0,cash_out,preserve_option,7.0,-1.0,7.0,9.4,10.4,2.4000000000000004,1.0
0.8,7.0,1.5,13.0,9.0,0.0,cash_out,preserve_option,7.0,-1.5,7.0,8.9,10.4,1.9000000000000004,1.0
0.8,7.0,2.0,13.0,9.0,0.0,cash_out,preserve_option,7.0,-2.0,7.0,8.4,10.4,1.4000000000000004,1.0
0.8,7.0,2.5,13.0,9.0,0.0,cash_out,preserve_option,7.0,-2.5,7.0,7.9,10.4,0.9000000000000004,1.0
0.8,7.0,3.0,13.0,9.0,0.0,cash_out,preserve_option,7.0,-3.0,7.0,7.4,10.4,0.40000000000000036,1.0
0.8,7.0,3.5,13.0,9.0,0.0,cash_out,cash_out,7.0,-3.5,7.0,6.9,10.4,-0.09999999999999964,0.0
0.8,7.0,4.0,13.0,9.0,0.0,cash_out,cash_out,7.0,-4.0,7.0,6.4,10.4,-0.5999999999999996,0.0
0.8,7.5,0.0,13.0,9.0,0.0,cash_out,preserve_option,7.5,0.0,7.5,10.4,10.4,2.9000000000000004,1.0
0.8,7.5,0.5,13.0,9.0,0.0,cash_out,preserve_option,7.5,-0.5,7.5,9.9,10.4,2.4000000000000004,1.0
0.8,7.5,1.0,13.0,9.0,0.0,cash_out,preserve_option,7.5,-1.0,7.5,9.4,10.4,1.9000000000000004,1.0
0.8,7.5,1.5,13.0,9.0,0.0,cash_out,preserve_option,7.5,-1.5,7.5,8.9,10.4,1.4000000000000004,1.0
0.8,7.5,2.0,13.0,9.0,0.0,cash_out,preserve_option,7.5,-2.0,7.5,8.4,10.4,0.9000000000000004,1.0
0.8,7.5,2.5,13.0,9.0,0.0,cash_out,preserve_option,7.5,-2.5,7.5,7.9,10.4,0.40000000000000036,1.0
0.8,7.5,3.0,13.0,9.0,0.0,cash_out,cash_out,7.5,-3.0,7.5,7.4,10.4,-0.09999999999999964,0.0
0.8,7.5,3.5,13.0,9.0,0.0,cash_out,cash_out,7.5,-3.5,7.5,6.9,10.4,-0.5999999999999996,0.0
0.8,7.5,4.0,13.0,9.0,0.0,cash_out,cash_out,7.5,-4.0,7.5,6.4,10.4,-1.0999999999999996,0.0
0.8,8.0,0.0,13.0,9.0,0.0,cash_out,preserve_option,8.0,0.0,8.0,10.4,10.4,2.4000000000000004,1.0
0.8,8.0,0.5,13.0,9.0,0.0,cash_out,preserve_option,8.0,-0.5,8.0,9.9,10.4,1.9000000000000004,1.0
0.8,8.0,1.0,13.0,9.0,0.0,cash_out,preserve_option,8.0,-1.0,8.0,9.4,10.4,1.4000000000000004,1.0
0.8,8.0,1.5,13.0,9.0,0.0,cash_out,preserve_option,8.0,-1.5,8.0,8.9,10.4,0.9000000000000004,1.0
0.8,8.0,2.0,13.0,9.0,0.0,cash_out,preserve_option,8.0,-2.0,8.0,8.4,10.4,0.40000000000000036,1.0
0.8,8.0,2.5,13.0,9.0,0.0,cash_out,cash_out,8.0,-2.5,8.0,7.9,10.4,-0.09999999999999964,0.0
0.8,8.0,3.0,13.0,9.0,0.0,cash_out,cash_out,8.0,-3.0,8.0,7.4,10.4,-0.5999999999999996,0.0
0.8,8.0,3.5,13.0,9.0,0.0,cash_out,cash_out,8.0,-3.5,8.0,6.9,10.4,-1.0999999999999996,0.0
0.8,8.0,4.0,13.0,9.0,0.0,cash_out,cash_out,8.0,-4.0,8.0,6.4,10.4,-1.5999999999999996,0.0
0.8,8.5,0.0,13.0,9.0,0.0,cash_out,preserve_option,8.5,0.0,8.5,10.4,10.4,1.9000000000000004,1.0
0.8,8.5,0.5,13.0,9.0,0.0,cash_out,preserve_option,8.5,-0.5,8.5,9.9,10.4,1.4000000000000004,1.0
0.8,8.5,1.0,13.0,9.0,0.0,cash_out,preserve_option,8.5,-1.0,8.5,9.4,10.4,0.9000000000000004,1.0
0.8,8.5,1.5,13.0,9.0,0.0,cash_out,preserve_option,8.5,-1.5,8.5,8.9,10.4,0.40000000000000036,1.0
0.8,8.5,2.0,13.0,9.0,0.0,cash_out,cash_out,8.5,-2.0,8.5,8.4,10.4,-0.09999999999999964,0.0
0.8,8.5,2.5,13.0,9.0,0.0,cash_out,cash_out,8.5,-2.5,8.5,7.9,10.4,-0.5999999999999996,0.0
0.8,8.5,3.0,13.0,9.0,0.0,cash_out,cash_out,8.5,-3.0,8.5,7.4,10.4,-1.0999999999999996,0.0
0.8,8.5,3.5,13.0,9.0,0.0,cash_out,cash_out,8.5,-3.5,8.5,6.9,10.4,-1.5999999999999996,0.0
0.8,8.5,4.0,13.0,9.0,0.0,cash_out,cash_out,8.5,-4.0,8.5,6.4,10.4,-2.0999999999999996,0.0
0.8,9.0,0.0,13.0,9.0,0.0,cash_out,preserve_option,9.0,0.0,9.0,10.4,10.4,1.4000000000000004,1.0
0.8,9.0,0.5,13.0,9.0,0.0,cash_out,preserve_option,9.0,-0.5,9.0,9.9,10.4,0.9000000000000004,1.0
0.8,9.0,1.0,13.0,9.0,0.0,cash_out,preserve_option,9.0,-1.0,9.0,9.4,10.4,0.40000000000000036,1.0
0.8,9.0,1.5,13.0,9.0,0.0,cash_out,cash_out,9.0,-1.5,9.0,8.9,10.4,-0.09999999999999964,0.0
0.8,9.0,2.0,13.0,9.0,0.0,cash_out,cash_out,9.0,-2.0,9.0,8.4,10.4,-0.5999999999999996,0.0
0.8,9.0,2.5,13.0,9.0,0.0,cash_out,cash_out,9.0,-2.5,9.0,7.9,10.4,-1.0999999999999996,0.0
0.8,9.0,3.0,13.0,9.0,0.0,cash_out,cash_out,9.0,-3.0,9.0,7.4,10.4,-1.5999999999999996,0.0
0.8,9.0,3.5,13.0,9.0,0.0,cash_out,cash_out,9.0,-3.5,9.0,6.9,10.4,-2.0999999999999996,0.0
0.8,9.0,4.0,13.0,9.0,0.0,cash_out,cash_out,9.0,-4.0,9.0,6.4,10.4,-2.5999999999999996,0.0
0.8,9.5,0.0,13.0,9.0,0.0,cash_out,preserve_option,9.5,0.0,9.5,10.4,10.4,0.9000000000000004,1.0
0.8,9.5,0.5,13.0,9.0,0.0,cash_out,preserve_option,9.5,-0.5,9.5,9.9,10.4,0.40000000000000036,1.0
0.8,9.5,1.0,13.0,9.0,0.0,cash_out,cash_out,9.5,-1.0,9.5,9.4,10.4,-0.09999999999999964,0.0
0.8,9.5,1.5,13.0,9.0,0.0,cash_out,cash_out,9.5,-1.5,9.5,8.9,10.4,-0.5999999999999996,0.0
0.8,9.5,2.0,13.0,9.0,0.0,cash_out,cash_out,9.5,-2.0,9.5,8.4,10.4,-1.0999999999999996,0.0
0.8,9.5,2.5,13.0,9.0,0.0,cash_out,cash_out,9.5,-2.5,9.5,7.9,10.4,-1.5999999999999996,0.0
0.8,9.5,3.0,13.0,9.0,0.0,cash_out,cash_out,9.5,-3.0,9.5,7.4,10.4,-2.0999999999999996,0.0
0.8,9.5,3.5,13.0,9.0,0.0,cash_out,cash_out,9.5,-3.5,9.5,6.9,10.4,-2.5999999999999996,0.0
0.8,9.5,4.0,13.0,9.0,0.0,cash_out,cash_out,9.5,-4.0,9.5,6.4,10.4,-3.0999999999999996,0.0
0.8,10.0,0.0,13.0,9.0,0.0,cash_out,preserve_option,10.0,0.0,10.0,10.4,10.4,0.40000000000000036,1.0
0.8,10.0,0.5,13.0,9.0,0.0,cash_out,cash_out,10.0,-0.5,10.0,9.9,10.4,-0.09999999999999964,0.0
0.8,10.0,1.0,13.0,9.0,0.0,cash_out,cash_out,10.0,-1.0,10.0,9.4,10.4,-0.5999999999999996,0.0
0.8,10.0,1.5,13.0,9.0,0.0,cash_out,cash_out,10.0,-1.5,10.0,8.9,10.4,-1.0999999999999996,0.0
0.8,10.0,2.0,13.0,9.0,0.0,cash_out,cash_out,10.0,-2.0,10.0,8.4,10.4,-1.5999999999999996,0.0
0.8,10.0,2.5,13.0,9.0,0.0,cash_out,cash_out,10.0,-2.5,10.0,7.9,10.4,-2.0999999999999996,0.0
0.8,10.0,3.0,13.0,9.0,0.0,cash_out,cash_out,10.0,-3.0,10.0,7.4,10.4,-2.5999999999999996,0.0
0.8,10.0,3.5,13.0,9.0,0.0,cash_out,cash_out,10.0,-3.5,10.0,6.9,10.4,-3.0999999999999996,0.0
0.8,10.0,4.0,13.0,9.0,0.0,cash_out,cash_out,10.0,-4.0,10.0,6.4,10.4,-3.5999999999999996,0.0
0.8,10.5,0.0,13.0,9.0,0.0,cash_out,cash_out,10.5,0.0,10.5,10.4,10.4,-0.09999999999999964,0.0
0.8,10.5,0.5,13.0,9.0,0.0,cash_out,cash_out,10.5,-0.5,10.5,9.9,10.4,-0.5999999999999996,0.0
0.8,10.5,1.0,13.0,9.0,0.0,cash_out,cash_out,10.5,-1.0,10.5,9.4,10.4,-1.0999999999999996,0.0
0.8,10.5,1.5,13.0,9.0,0.0,cash_out,cash_out,10.5,-1.5,10.5,8.9,10.4,-1.5999999999999996,0.0
0.8,10.5,2.0,13.0,9.0,0.0,cash_out,cash_out,10.5,-2.0,10.5,8.4,10.4,-2.0999999999999996,0.0
0.8,10.5,2.5,13.0,9.0,0.0,cash_out,cash_out,10.5,-2.5,10.5,7.9,10.4,-2.5999999999999996,0.0
0.8,10.5,3.0,13.0,9.0,0.0,cash_out,cash_out,10.5,-3.0,10.5,7.4,10.4,-3.0999999999999996,0.0
0.8,10.5,3.5,13.0,9.0,0.0,cash_out,cash_out,10.5,-3.5,10.5,6.9,10.4,-3.5999999999999996,0.0
0.8,10.5,4.0,13.0,9.0,0.0,cash_out,cash_out,10.5,-4.0,10.5,6.4,10.4,-4.1,0.0
0.8,11.0,0.0,13.0,9.0,0.0,cash_out,cash_out,11.0,0.0,11.0,10.4,10.4,-0.5999999999999996,0.0
0.8,11.0,0.5,13.0,9.0,0.0,cash_out,cash_out,11.0,-0.5,11.0,9.9,10.4,-1.0999999999999996,0.0
0.8,11.0,1.0,13.0,9.0,0.0,cash_out,cash_out,11.0,-1.0,11.0,9.4,10.4,-1.5999999999999996,0.0
0.8,11.0,1.5,13.0,9.0,0.0,cash_out,cash_out,11.0,-1.5,11.0,8.9,10.4,-2.0999999999999996,0.0
0.8,11.0,2.0,13.0,9.0,0.0,cash_out,cash_out,11.0,-2.0,11.0,8.4,10.4,-2.5999999999999996,0.0
0.8,11.0,2.5,13.0,9.0,0.0,cash_out,cash_out,11.0,-2.5,11.0,7.9,10.4,-3.0999999999999996,0.0
0.8,11.0,3.0,13.0,9.0,0.0,cash_out,cash_out,11.0,-3.0,11.0,7.4,10.4,-3.5999999999999996,0.0
0.8,11.0,3.5,13.0,9.0,0.0,cash_out,cash_out,11.0,-3.5,11.0,6.9,10.4,-4.1,0.0
0.8,11.0,4.0,13.0,9.0,0.0,cash_out,cash_out,11.0,-4.0,11.0,6.4,10.4,-4.6,0.0
0.8,11.5,0.0,13.0,9.0,0.0,cash_out,cash_out,11.5,0.0,11.5,10.4,10.4,-1.0999999999999996,0.0
0.8,11.5,0.5,13.0,9.0,0.0,cash_out,cash_out,11.5,-0.5,11.5,9.9,10.4,-1.5999999999999996,0.0
0.8,11.5,1.0,13.0,9.0,0.0,cash_out,cash_out,11.5,-1.0,11.5,9.4,10.4,-2.0999999999999996,0.0
0.8,11.5,1.5,13.0,9.0,0.0,cash_out,cash_out,11.5,-1.5,11.5,8.9,10.4,-2.5999999999999996,0.0
0.8,11.5,2.0,13.0,9.0,0.0,cash_out,cash_out,11.5,-2.0,11.5,8.4,10.4,-3.0999999999999996,0.0
0.8,11.5,2.5,13.0,9.0,0.0,cash_out,cash_out,11.5,-2.5,11.5,7.9,10.4,-3.5999999999999996,0.0
0.8,11.5,3.0,13.0,9.0,0.0,cash_out,cash_out,11.5,-3.0,11.5,7.4,10.4,-4.1,0.0
0.8,11.5,3.5,13.0,9.0,0.0,cash_out,cash_out,11.5,-3.5,11.5,6.9,10.4,-4.6,0.0
0.8,11.5,4.0,13.0,9.0,0.0,cash_out,cash_out,11.5,-4.0,11.5,6.4,10.4,-5.1,0.0
0.8,12.0,0.0,13.0,9.0,0.0,cash_out,cash_out,12.0,0.0,12.0,10.4,10.4,-1.5999999999999996,0.0
0.8,12.0,0.5,13.0,9.0,0.0,cash_out,cash_out,12.0,-0.5,12.0,9.9,10.4,-2.0999999999999996,0.0
0.8,12.0,1.0,13.0,9.0,0.0,cash_out,cash_out,12.0,-1.0,12.0,9.4,10.4,-2.5999999999999996,0.0
0.8,12.0,1.5,13.0,9.0,0.0,cash_out,cash_out,12.0,-1.5,12.0,8.9,10.4,-3.0999999999999996,0.0
0.8,12.0,2.0,13.0,9.0,0.0,cash_out,cash_out,12.0,-2.0,12.0,8.4,10.4,-3.5999999999999996,0.0
0.8,12.0,2.5,13.0,9.0,0.0,cash_out,cash_out,12.0,-2.5,12.0,7.9,10.4,-4.1,0.0
0.8,12.0,3.0,13.0,9.0,0.0,cash_out,cash_out,12.0,-3.0,12.0,7.4,10.4,-4.6,0.0
0.8,12.0,3.5,13.0,9.0,0.0,cash_out,cash_out,12.0,-3.5,12.0,6.9,10.4,-5.1,0.0
0.8,12.0,4.0,13.0,9.0,0.0,cash_out,cash_out,12.0,-4.0,12.0,6.4,10.4,-5.6,0.0
0.8,12.5,0.0,13.0,9.0,0.0,cash_out,cash_out,12.5,0.0,12.5,10.4,10.4,-2.0999999999999996,0.0
0.8,12.5,0.5,13.0,9.0,0.0,cash_out,cash_out,12.5,-0.5,12.5,9.9,10.4,-2.5999999999999996,0.0
0.8,12.5,1.0,13.0,9.0,0.0,cash_out,cash_out,12.5,-1.0,12.5,9.4,10.4,-3.0999999999999996,0.0
0.8,12.5,1.5,13.0,9.0,0.0,cash_out,cash_out,12.5,-1.5,12.5,8.9,10.4,-3.5999999999999996,0.0
0.8,12.5,2.0,13.0,9.0,0.0,cash_out,cash_out,12.5,-2.0,12.5,8.4,10.4,-4.1,0.0
0.8,12.5,2.5,13.0,9.0,0.0,cash_out,cash_out,12.5,-2.5,12.5,7.9,10.4,-4.6,0.0
0.8,12.5,3.0,13.0,9.0,0.0,cash_out,cash_out,12.5,-3.0,12.5,7.4,10.4,-5.1,0.0
0.8,12.5,3.5,13.0,9.0,0.0,cash_out,cash_out,12.5,-3.5,12.5,6.9,10.4,-5.6,0.0
0.8,12.5,4.0,13.0,9.0,0.0,cash_out,cash_out,12.5,-4.0,12.5,6.4,10.4,-6.1,0.0
0.8,13.0,0.0,13.0,9.0,0.0,cash_out,cash_out,13.0,0.0,13.0,10.4,10.4,-2.5999999999999996,0.0
0.8,13.0,0.5,13.0,9.0,0.0,cash_out,cash_out,13.0,-0.5,13.0,9.9,10.4,-3.0999999999999996,0.0
0.8,13.0,1.0,13.0,9.0,0.0,cash_out,cash_out,13.0,-1.0,13.0,9.4,10.4,-3.5999999999999996,0.0
0.8,13.0,1.5,13.0,9.0,0.0,cash_out,cash_out,13.0,-1.5,13.0,8.9,10.4,-4.1,0.0
0.8,13.0,2.0,13.0,9.0,0.0,cash_out,cash_out,13.0,-2.0,13.0,8.4,10.4,-4.6,0.0
0.8,13.0,2.5,13.0,9.0,0.0,cash_out,cash_out,13.0,-2.5,13.0,7.9,10.4,-5.1,0.0
0.8,13.0,3.0,13.0,9.0,0.0,cash_out,cash_out,13.0,-3.0,13.0,7.4,10.4,-5.6,0.0
0.8,13.0,3.5,13.0,9.0,0.0,cash_out,cash_out,13.0,-3.5,13.0,6.9,10.4,-6.1,0.0
0.8,13.0,4.0,13.0,9.0,0.0,cash_out,cash_out,13.0,-4.0,13.0,6.4,10.4,-6.6,0.0
0.8,13.5,0.0,13.0,9.0,0.0,cash_out,cash_out,13.5,0.0,13.5,10.4,10.4,-3.0999999999999996,0.0
0.8,13.5,0.5,13.0,9.0,0.0,cash_out,cash_out,13.5,-0.5,13.5,9.9,10.4,-3.5999999999999996,0.0
0.8,13.5,1.0,13.0,9.0,0.0,cash_out,cash_out,13.5,-1.0,13.5,9.4,10.4,-4.1,0.0
0.8,13.5,1.5,13.0,9.0,0.0,cash_out,cash_out,13.5,-1.5,13.5,8.9,10.4,-4.6,0.0
0.8,13.5,2.0,13.0,9.0,0.0,cash_out,cash_out,13.5,-2.0,13.5,8.4,10.4,-5.1,0.0
0.8,13.5,2.5,13.0,9.0,0.0,cash_out,cash_out,13.5,-2.5,13.5,7.9,10.4,-5.6,0.0
0.8,13.5,3.0,13.0,9.0,0.0,cash_out,cash_out,13.5,-3.0,13.5,7.4,10.4,-6.1,0.0
0.8,13.5,3.5,13.0,9.0,0.0,cash_out,cash_out,13.5,-3.5,13.5,6.9,10.4,-6.6,0.0
0.8,13.5,4.0,13.0,9.0,0.0,cash_out,cash_out,13.5,-4.0,13.5,6.4,10.4,-7.1,0.0
0.8,14.0,0.0,13.0,9.0,0.0,cash_out,cash_out,14.0,0.0,14.0,10.4,10.4,-3.5999999999999996,0.0
0.8,14.0,0.5,13.0,9.0,0.0,cash_out,cash_out,14.0,-0.5,14.0,9.9,10.4,-4.1,0.0
0.8,14.0,1.0,13.0,9.0,0.0,cash_out,cash_out,14.0,-1.0,14.0,9.4,10.4,-4.6,0.0
0.8,14.0,1.5,13.0,9.0,0.0,cash_out,cash_out,14.0,-1.5,14.0,8.9,10.4,-5.1,0.0
0.8,14.0,2.0,13.0,9.0,0.0,cash_out,cash_out,14.0,-2.0,14.0,8.4,10.4,-5.6,0.0
0.8,14.0,2.5,13.0,9.0,0.0,cash_out,cash_out,14.0,-2.5,14.0,7.9,10.4,-6.1,0.0
0.8,14.0,3.0,13.0,9.0,0.0,cash_out,cash_out,14.0,-3.0,14.0,7.4,10.4,-6.6,0.0
0.8,14.0,3.5,13.0,9.0,0.0,cash_out,cash_out,14.0,-3.5,14.0,6.9,10.4,-7.1,0.0
0.8,14.0,4.0,13.0,9.0,0.0,cash_out,cash_out,14.0,-4.0,14.0,6.4,10.4,-7.6,0.0
0.8,14.5,0.0,13.0,9.0,0.0,cash_out,cash_out,14.5,0.0,14.5,10.4,10.4,-4.1,0.0
0.8,14.5,0.5,13.0,9.0,0.0,cash_out,cash_out,14.5,-0.5,14.5,9.9,10.4,-4.6,0.0
0.8,14.5,1.0,13.0,9.0,0.0,cash_out,cash_out,14.5,-1.0,14.5,9.4,10.4,-5.1,0.0
0.8,14.5,1.5,13.0,9.0,0.0,cash_out,cash_out,14.5,-1.5,14.5,8.9,10.4,-5.6,0.0
0.8,14.5,2.0,13.0,9.0,0.0,cash_out,cash_out,14.5,-2.0,14.5,8.4,10.4,-6.1,0.0
0.8,14.5,2.5,13.0,9.0,0.0,cash_out,cash_out,14.5,-2.5,14.5,7.9,10.4,-6.6,0.0
0.8,14.5,3.0,13.0,9.0,0.0,cash_out,cash_out,14.5,-3.0,14.5,7.4,10.4,-7.1,0.0
0.8,14.5,3.5,13.0,9.0,0.0,cash_out,cash_out,14.5,-3.5,14.5,6.9,10.4,-7.6,0.0
0.8,14.5,4.0,13.0,9.0,0.0,cash_out,cash_out,14.5,-4.0,14.5,6.4,10.4,-8.1,0.0
0.8,15.0,0.0,13.0,9.0,0.0,cash_out,cash_out,15.0,0.0,15.0,10.4,10.4,-4.6,0.0
0.8,15.0,0.5,13.0,9.0,0.0,cash_out,cash_out,15.0,-0.5,15.0,9.9,10.4,-5.1,0.0
0.8,15.0,1.0,13.0,9.0,0.0,cash_out,cash_out,15.0,-1.0,15.0,9.4,10.4,-5.6,0.0
0.8,15.0,1.5,13.0,9.0,0.0,cash_out,cash_out,15.0,-1.5,15.0,8.9,10.4,-6.1,0.0
0.8,15.0,2.0,13.0,9.0,0.0,cash_out,cash_out,15.0,-2.0,15.0,8.4,10.4,-6.6,0.0
0.8,15.0,2.5,13.0,9.0,0.0,cash_out,cash_out,15.0,-2.5,15.0,7.9,10.4,-7.1,0.0
0.8,15.0,3.0,13.0,9.0,0.0,cash_out,cash_out,15.0,-3.0,15.0,7.4,10.4,-7.6,0.0
0.8,15.0,3.5,13.0,9.0,0.0,cash_out,cash_out,15.0,-3.5,15.0,6.9,10.4,-8.1,0.0
0.8,15.0,4.0,13.0,9.0,0.0,cash_out,cash_out,15.0,-4.0,15.0,6.4,10.4,-8.6,0.0
0.8,15.5,0.0,13.0,9.0,0.0,cash_out,cash_out,15.5,0.0,15.5,10.4,10.4,-5.1,0.0
0.8,15.5,0.5,13.0,9.0,0.0,cash_out,cash_out,15.5,-0.5,15.5,9.9,10.4,-5.6,0.0
0.8,15.5,1.0,13.0,9.0,0.0,cash_out,cash_out,15.5,-1.0,15.5,9.4,10.4,-6.1,0.0
0.8,15.5,1.5,13.0,9.0,0.0,cash_out,cash_out,15.5,-1.5,15.5,8.9,10.4,-6.6,0.0
0.8,15.5,2.0,13.0,9.0,0.0,cash_out,cash_out,15.5,-2.0,15.5,8.4,10.4,-7.1,0.0
0.8,15.5,2.5,13.0,9.0,0.0,cash_out,cash_out,15.5,-2.5,15.5,7.9,10.4,-7.6,0.0
0.8,15.5,3.0,13.0,9.0,0.0,cash_out,cash_out,15.5,-3.0,15.5,7.4,10.4,-8.1,0.0
0.8,15.5,3.5,13.0,9.0,0.0,cash_out,cash_out,15.5,-3.5,15.5,6.9,10.4,-8.6,0.0
0.8,15.5,4.0,13.0,9.0,0.0,cash_out,cash_out,15.5,-4.0,15.5,6.4,10.4,-9.1,0.0
0.8,16.0,0.0,13.0,9.0,0.0,cash_out,cash_out,16.0,0.0,16.0,10.4,10.4,-5.6,0.0
0.8,16.0,0.5,13.0,9.0,0.0,cash_out,cash_out,16.0,-0.5,16.0,9.9,10.4,-6.1,0.0
0.8,16.0,1.0,13.0,9.0,0.0,cash_out,cash_out,16.0,-1.0,16.0,9.4,10.4,-6.6,0.0
0.8,16.0,1.5,13.0,9.0,0.0,cash_out,cash_out,16.0,-1.5,16.0,8.9,10.4,-7.1,0.0
0.8,16.0,2.0,13.0,9.0,0.0,cash_out,cash_out,16.0,-2.0,16.0,8.4,10.4,-7.6,0.0
0.8,16.0,2.5,13.0,9.0,0.0,cash_out,cash_out,16.0,-2.5,16.0,7.9,10.4,-8.1,0.0
0.8,16.0,3.0,13.0,9.0,0.0,cash_out,cash_out,16.0,-3.0,16.0,7.4,10.4,-8.6,0.0
0.8,16.0,3.5,13.0,9.0,0.0,cash_out,cash_out,16.0,-3.5,16.0,6.9,10.4,-9.1,0.0
0.8,16.0,4.0,13.0,9.0,0.0,cash_out,cash_out,16.0,-4.0,16.0,6.4,10.4,-9.6,0.0
0.8,16.5,0.0,13.0,9.0,0.0,cash_out,cash_out,16.5,0.0,16.5,10.4,10.4,-6.1,0.0
0.8,16.5,0.5,13.0,9.0,0.0,cash_out,cash_out,16.5,-0.5,16.5,9.9,10.4,-6.6,0.0
0.8,16.5,1.0,13.0,9.0,0.0,cash_out,cash_out,16.5,-1.0,16.5,9.4,10.4,-7.1,0.0
0.8,16.5,1.5,13.0,9.0,0.0,cash_out,cash_out,16.5,-1.5,16.5,8.9,10.4,-7.6,0.0
0.8,16.5,2.0,13.0,9.0,0.0,cash_out,cash_out,16.5,-2.0,16.5,8.4,10.4,-8.1,0.0
0.8,16.5,2.5,13.0,9.0,0.0,cash_out,cash_out,16.5,-2.5,16.5,7.9,10.4,-8.6,0.0
0.8,16.5,3.0,13.0,9.0,0.0,cash_out,cash_out,16.5,-3.0,16.5,7.4,10.4,-9.1,0.0
0.8,16.5,3.5,13.0,9.0,0.0,cash_out,cash_out,16.5,-3.5,16.5,6.9,10.4,-9.6,0.0
0.8,16.5,4.0,13.0,9.0,0.0,cash_out,cash_out,16.5,-4.0,16.5,6.4,10.4,-10.1,0.0
0.8,17.0,0.0,13.0,9.0,0.0,cash_out,cash_out,17.0,0.0,17.0,10.4,10.4,-6.6,0.0
0.8,17.0,0.5,13.0,9.0,0.0,cash_out,cash_out,17.0,-0.5,17.0,9.9,10.4,-7.1,0.0
0.8,17.0,1.0,13.0,9.0,0.0,cash_out,cash_out,17.0,-1.0,17.0,9.4,10.4,-7.6,0.0
0.8,17.0,1.5,13.0,9.0,0.0,cash_out,cash_out,17.0,-1.5,17.0,8.9,10.4,-8.1,0.0
0.8,17.0,2.0,13.0,9.0,0.0,cash_out,cash_out,17.0,-2.0,17.0,8.4,10.4,-8.6,0.0
0.8,17.0,2.5,13.0,9.0,0.0,cash_out,cash_out,17.0,-2.5,17.0,7.9,10.4,-9.1,0.0
0.8,17.0,3.0,13.0,9.0,0.0,cash_out,cash_out,17.0,-3.0,17.0,7.4,10.4,-9.6,0.0
0.8,17.0,3.5,13.0,9.0,0.0,cash_out,cash_out,17.0,-3.5,17.0,6.9,10.4,-10.1,0.0
0.8,17.0,4.0,13.0,9.0,0.0,cash_out,cash_out,17.0,-4.0,17.0,6.4,10.4,-10.6,0.0
0.8,17.5,0.0,13.0,9.0,0.0,cash_out,cash_out,17.5,0.0,17.5,10.4,10.4,-7.1,0.0
0.8,17.5,0.5,13.0,9.0,0.0,cash_out,cash_out,17.5,-0.5,17.5,9.9,10.4,-7.6,0.0
0.8,17.5,1.0,13.0,9.0,0.0,cash_out,cash_out,17.5,-1.0,17.5,9.4,10.4,-8.1,0.0
0.8,17.5,1.5,13.0,9.0,0.0,cash_out,cash_out,17.5,-1.5,17.5,8.9,10.4,-8.6,0.0
0.8,17.5,2.0,13.0,9.0,0.0,cash_out,cash_out,17.5,-2.0,17.5,8.4,10.4,-9.1,0.0
0.8,17.5,2.5,13.0,9.0,0.0,cash_out,cash_out,17.5,-2.5,17.5,7.9,10.4,-9.6,0.0
0.8,17.5,3.0,13.0,9.0,0.0,cash_out,cash_out,17.5,-3.0,17.5,7.4,10.4,-10.1,0.0
0.8,17.5,3.5,13.0,9.0,0.0,cash_out,cash_out,17.5,-3.5,17.5,6.9,10.4,-10.6,0.0
0.8,17.5,4.0,13.0,9.0,0.0,cash_out,cash_out,17.5,-4.0,17.5,6.4,10.4,-11.1,0.0
0.8,18.0,0.0,13.0,9.0,0.0,cash_out,cash_out,18.0,0.0,18.0,10.4,10.4,-7.6,0.0
0.8,18.0,0.5,13.0,9.0,0.0,cash_out,cash_out,18.0,-0.5,18.0,9.9,10.4,-8.1,0.0
0.8,18.0,1.0,13.0,9.0,0.0,cash_out,cash_out,18.0,-1.0,18.0,9.4,10.4,-8.6,0.0
0.8,18.0,1.5,13.0,9.0,0.0,cash_out,cash_out,18.0,-1.5,18.0,8.9,10.4,-9.1,0.0
0.8,18.0,2.0,13.0,9.0,0.0,cash_out,cash_out,18.0,-2.0,18.0,8.4,10.4,-9.6,0.0
0.8,18.0,2.5,13.0,9.0,0.0,cash_out,cash_out,18.0,-2.5,18.0,7.9,10.4,-10.1,0.0
0.8,18.0,3.0,13.0,9.0,0.0,cash_out,cash_out,18.0,-3.0,18.0,7.4,10.4,-10.6,0.0
0.8,18.0,3.5,13.0,9.0,0.0,cash_out,cash_out,18.0,-3.5,18.0,6.9,10.4,-11.1,0.0
0.8,18.0,4.0,13.0,9.0,0.0,cash_out,cash_out,18.0,-4.0,18.0,6.4,10.4,-11.6,0.0
0.85,6.0,0.0,13.0,9.0,0.0,cash_out,preserve_option,6.0,0.0,6.0,11.049999999999999,11.049999999999999,5.049999999999999,1.0
0.85,6.0,0.5,13.0,9.0,0.0,cash_out,preserve_option,6.0,-0.5,6.0,10.549999999999999,11.049999999999999,4.549999999999999,1.0
0.85,6.0,1.0,13.0,9.0,0.0,cash_out,preserve_option,6.0,-1.0,6.0,10.049999999999999,11.049999999999999,4.049999999999999,1.0
0.85,6.0,1.5,13.0,9.0,0.0,cash_out,preserve_option,6.0,-1.5,6.0,9.549999999999999,11.049999999999999,3.549999999999999,1.0
0.85,6.0,2.0,13.0,9.0,0.0,cash_out,preserve_option,6.0,-2.0,6.0,9.049999999999999,11.049999999999999,3.049999999999999,1.0
0.85,6.0,2.5,13.0,9.0,0.0,cash_out,preserve_option,6.0,-2.5,6.0,8.549999999999999,11.049999999999999,2.549999999999999,1.0
0.85,6.0,3.0,13.0,9.0,0.0,cash_out,preserve_option,6.0,-3.0,6.0,8.049999999999999,11.049999999999999,2.049999999999999,1.0
0.85,6.0,3.5,13.0,9.0,0.0,cash_out,preserve_option,6.0,-3.5,6.0,7.549999999999999,11.049999999999999,1.549999999999999,1.0
0.85,6.0,4.0,13.0,9.0,0.0,cash_out,preserve_option,6.0,-4.0,6.0,7.049999999999999,11.049999999999999,1.049999999999999,1.0
0.85,6.5,0.0,13.0,9.0,0.0,cash_out,preserve_option,6.5,0.0,6.5,11.049999999999999,11.049999999999999,4.549999999999999,1.0
0.85,6.5,0.5,13.0,9.0,0.0,cash_out,preserve_option,6.5,-0.5,6.5,10.549999999999999,11.049999999999999,4.049999999999999,1.0
0.85,6.5,1.0,13.0,9.0,0.0,cash_out,preserve_option,6.5,-1.0,6.5,10.049999999999999,11.049999999999999,3.549999999999999,1.0
0.85,6.5,1.5,13.0,9.0,0.0,cash_out,preserve_option,6.5,-1.5,6.5,9.549999999999999,11.049999999999999,3.049999999999999,1.0
0.85,6.5,2.0,13.0,9.0,0.0,cash_out,preserve_option,6.5,-2.0,6.5,9.049999999999999,11.049999999999999,2.549999999999999,1.0
0.85,6.5,2.5,13.0,9.0,0.0,cash_out,preserve_option,6.5,-2.5,6.5,8.549999999999999,11.049999999999999,2.049999999999999,1.0
0.85,6.5,3.0,13.0,9.0,0.0,cash_out,preserve_option,6.5,-3.0,6.5,8.049999999999999,11.049999999999999,1.549999999999999,1.0
0.85,6.5,3.5,13.0,9.0,0.0,cash_out,preserve_option,6.5,-3.5,6.5,7.549999999999999,11.049999999999999,1.049999999999999,1.0
0.85,6.5,4.0,13.0,9.0,0.0,cash_out,preserve_option,6.5,-4.0,6.5,7.049999999999999,11.049999999999999,0.5499999999999989,1.0
0.85,7.0,0.0,13.0,9.0,0.0,cash_out,preserve_option,7.0,0.0,7.0,11.049999999999999,11.049999999999999,4.049999999999999,1.0
0.85,7.0,0.5,13.0,9.0,0.0,cash_out,preserve_option,7.0,-0.5,7.0,10.549999999999999,11.049999999999999,3.549999999999999,1.0
0.85,7.0,1.0,13.0,9.0,0.0,cash_out,preserve_option,7.0,-1.0,7.0,10.049999999999999,11.049999999999999,3.049999999999999,1.0
0.85,7.0,1.5,13.0,9.0,0.0,cash_out,preserve_option,7.0,-1.5,7.0,9.549999999999999,11.049999999999999,2.549999999999999,1.0
0.85,7.0,2.0,13.0,9.0,0.0,cash_out,preserve_option,7.0,-2.0,7.0,9.049999999999999,11.049999999999999,2.049999999999999,1.0
0.85,7.0,2.5,13.0,9.0,0.0,cash_out,preserve_option,7.0,-2.5,7.0,8.549999999999999,11.049999999999999,1.549999999999999,1.0
0.85,7.0,3.0,13.0,9.0,0.0,cash_out,preserve_option,7.0,-3.0,7.0,8.049999999999999,11.049999999999999,1.049999999999999,1.0
0.85,7.0,3.5,13.0,9.0,0.0,cash_out,preserve_option,7.0,-3.5,7.0,7.549999999999999,11.049999999999999,0.5499999999999989,1.0
0.85,7.0,4.0,13.0,9.0,0.0,cash_out,preserve_option,7.0,-4.0,7.0,7.049999999999999,11.049999999999999,0.049999999999998934,1.0
0.85,7.5,0.0,13.0,9.0,0.0,cash_out,preserve_option,7.5,0.0,7.5,11.049999999999999,11.049999999999999,3.549999999999999,1.0
0.85,7.5,0.5,13.0,9.0,0.0,cash_out,preserve_option,7.5,-0.5,7.5,10.549999999999999,11.049999999999999,3.049999999999999,1.0
0.85,7.5,1.0,13.0,9.0,0.0,cash_out,preserve_option,7.5,-1.0,7.5,10.049999999999999,11.049999999999999,2.549999999999999,1.0
0.85,7.5,1.5,13.0,9.0,0.0,cash_out,preserve_option,7.5,-1.5,7.5,9.549999999999999,11.049999999999999,2.049999999999999,1.0
0.85,7.5,2.0,13.0,9.0,0.0,cash_out,preserve_option,7.5,-2.0,7.5,9.049999999999999,11.049999999999999,1.549999999999999,1.0
0.85,7.5,2.5,13.0,9.0,0.0,cash_out,preserve_option,7.5,-2.5,7.5,8.549999999999999,11.049999999999999,1.049999999999999,1.0
0.85,7.5,3.0,13.0,9.0,0.0,cash_out,preserve_option,7.5,-3.0,7.5,8.049999999999999,11.049999999999999,0.5499999999999989,1.0
0.85,7.5,3.5,13.0,9.0,0.0,cash_out,preserve_option,7.5,-3.5,7.5,7.549999999999999,11.049999999999999,0.049999999999998934,1.0
0.85,7.5,4.0,13.0,9.0,0.0,cash_out,cash_out,7.5,-4.0,7.5,7.049999999999999,11.049999999999999,-0.45000000000000107,0.0
0.85,8.0,0.0,13.0,9.0,0.0,cash_out,preserve_option,8.0,0.0,8.0,11.049999999999999,11.049999999999999,3.049999999999999,1.0
0.85,8.0,0.5,13.0,9.0,0.0,cash_out,preserve_option,8.0,-0.5,8.0,10.549999999999999,11.049999999999999,2.549999999999999,1.0
0.85,8.0,1.0,13.0,9.0,0.0,cash_out,preserve_option,8.0,-1.0,8.0,10.049999999999999,11.049999999999999,2.049999999999999,1.0
0.85,8.0,1.5,13.0,9.0,0.0,cash_out,preserve_option,8.0,-1.5,8.0,9.549999999999999,11.049999999999999,1.549999999999999,1.0
0.85,8.0,2.0,13.0,9.0,0.0,cash_out,preserve_option,8.0,-2.0,8.0,9.049999999999999,11.049999999999999,1.049999999999999,1.0
0.85,8.0,2.5,13.0,9.0,0.0,cash_out,preserve_option,8.0,-2.5,8.0,8.549999999999999,11.049999999999999,0.5499999999999989,1.0
0.85,8.0,3.0,13.0,9.0,0.0,cash_out,preserve_option,8.0,-3.0,8.0,8.049999999999999,11.049999999999999,0.049999999999998934,1.0
0.85,8.0,3.5,13.0,9.0,0.0,cash_out,cash_out,8.0,-3.5,8.0,7.549999999999999,11.049999999999999,-0.45000000000000107,0.0
0.85,8.0,4.0,13.0,9.0,0.0,cash_out,cash_out,8.0,-4.0,8.0,7.049999999999999,11.049999999999999,-0.9500000000000011,0.0
0.85,8.5,0.0,13.0,9.0,0.0,cash_out,preserve_option,8.5,0.0,8.5,11.049999999999999,11.049999999999999,2.549999999999999,1.0
0.85,8.5,0.5,13.0,9.0,0.0,cash_out,preserve_option,8.5,-0.5,8.5,10.549999999999999,11.049999999999999,2.049999999999999,1.0
0.85,8.5,1.0,13.0,9.0,0.0,cash_out,preserve_option,8.5,-1.0,8.5,10.049999999999999,11.049999999999999,1.549999999999999,1.0
0.85,8.5,1.5,13.0,9.0,0.0,cash_out,preserve_option,8.5,-1.5,8.5,9.549999999999999,11.049999999999999,1.049999999999999,1.0
0.85,8.5,2.0,13.0,9.0,0.0,cash_out,preserve_option,8.5,-2.0,8.5,9.049999999999999,11.049999999999999,0.5499999999999989,1.0
0.85,8.5,2.5,13.0,9.0,0.0,cash_out,preserve_option,8.5,-2.5,8.5,8.549999999999999,11.049999999999999,0.049999999999998934,1.0
0.85,8.5,3.0,13.0,9.0,0.0,cash_out,cash_out,8.5,-3.0,8.5,8.049999999999999,11.049999999999999,-0.45000000000000107,0.0
0.85,8.5,3.5,13.0,9.0,0.0,cash_out,cash_out,8.5,-3.5,8.5,7.549999999999999,11.049999999999999,-0.9500000000000011,0.0
0.85,8.5,4.0,13.0,9.0,0.0,cash_out,cash_out,8.5,-4.0,8.5,7.049999999999999,11.049999999999999,-1.450000000000001,0.0
0.85,9.0,0.0,13.0,9.0,0.0,cash_out,preserve_option,9.0,0.0,9.0,11.049999999999999,11.049999999999999,2.049999999999999,1.0
0.85,9.0,0.5,13.0,9.0,0.0,cash_out,preserve_option,9.0,-0.5,9.0,10.549999999999999,11.049999999999999,1.549999999999999,1.0
0.85,9.0,1.0,13.0,9.0,0.0,cash_out,preserve_option,9.0,-1.0,9.0,10.049999999999999,11.049999999999999,1.049999999999999,1.0
0.85,9.0,1.5,13.0,9.0,0.0,cash_out,preserve_option,9.0,-1.5,9.0,9.549999999999999,11.049999999999999,0.5499999999999989,1.0
0.85,9.0,2.0,13.0,9.0,0.0,cash_out,preserve_option,9.0,-2.0,9.0,9.049999999999999,11.049999999999999,0.049999999999998934,1.0
0.85,9.0,2.5,13.0,9.0,0.0,cash_out,cash_out,9.0,-2.5,9.0,8.549999999999999,11.049999999999999,-0.45000000000000107,0.0
0.85,9.0,3.0,13.0,9.0,0.0,cash_out,cash_out,9.0,-3.0,9.0,8.049999999999999,11.049999999999999,-0.9500000000000011,0.0
0.85,9.0,3.5,13.0,9.0,0.0,cash_out,cash_out,9.0,-3.5,9.0,7.549999999999999,11.049999999999999,-1.450000000000001,0.0
0.85,9.0,4.0,13.0,9.0,0.0,cash_out,cash_out,9.0,-4.0,9.0,7.049999999999999,11.049999999999999,-1.950000000000001,0.0
0.85,9.5,0.0,13.0,9.0,0.0,cash_out,preserve_option,9.5,0.0,9.5,11.049999999999999,11.049999999999999,1.549999999999999,1.0
0.85,9.5,0.5,13.0,9.0,0.0,cash_out,preserve_option,9.5,-0.5,9.5,10.549999999999999,11.049999999999999,1.049999999999999,1.0
0.85,9.5,1.0,13.0,9.0,0.0,cash_out,preserve_option,9.5,-1.0,9.5,10.049999999999999,11.049999999999999,0.5499999999999989,1.0
0.85,9.5,1.5,13.0,9.0,0.0,cash_out,preserve_option,9.5,-1.5,9.5,9.549999999999999,11.049999999999999,0.049999999999998934,1.0
0.85,9.5,2.0,13.0,9.0,0.0,cash_out,cash_out,9.5,-2.0,9.5,9.049999999999999,11.049999999999999,-0.45000000000000107,0.0
0.85,9.5,2.5,13.0,9.0,0.0,cash_out,cash_out,9.5,-2.5,9.5,8.549999999999999,11.049999999999999,-0.9500000000000011,0.0
0.85,9.5,3.0,13.0,9.0,0.0,cash_out,cash_out,9.5,-3.0,9.5,8.049999999999999,11.049999999999999,-1.450000000000001,0.0
0.85,9.5,3.5,13.0,9.0,0.0,cash_out,cash_out,9.5,-3.5,9.5,7.549999999999999,11.049999999999999,-1.950000000000001,0.0
0.85,9.5,4.0,13.0,9.0,0.0,cash_out,cash_out,9.5,-4.0,9.5,7.049999999999999,11.049999999999999,-2.450000000000001,0.0
0.85,10.0,0.0,13.0,9.0,0.0,cash_out,preserve_option,10.0,0.0,10.0,11.049999999999999,11.049999999999999,1.049999999999999,1.0
0.85,10.0,0.5,13.0,9.0,0.0,cash_out,preserve_option,10.0,-0.5,10.0,10.549999999999999,11.049999999999999,0.5499999999999989,1.0
0.85,10.0,1.0,13.0,9.0,0.0,cash_out,preserve_option,10.0,-1.0,10.0,10.049999999999999,11.049999999999999,0.049999999999998934,1.0
0.85,10.0,1.5,13.0,9.0,0.0,cash_out,cash_out,10.0,-1.5,10.0,9.549999999999999,11.049999999999999,-0.45000000000000107,0.0
0.85,10.0,2.0,13.0,9.0,0.0,cash_out,cash_out,10.0,-2.0,10.0,9.049999999999999,11.049999999999999,-0.9500000000000011,0.0
0.85,10.0,2.5,13.0,9.0,0.0,cash_out,cash_out,10.0,-2.5,10.0,8.549999999999999,11.049999999999999,-1.450000000000001,0.0
0.85,10.0,3.0,13.0,9.0,0.0,cash_out,cash_out,10.0,-3.0,10.0,8.049999999999999,11.049999999999999,-1.950000000000001,0.0
0.85,10.0,3.5,13.0,9.0,0.0,cash_out,cash_out,10.0,-3.5,10.0,7.549999999999999,11.049999999999999,-2.450000000000001,0.0
0.85,10.0,4.0,13.0,9.0,0.0,cash_out,cash_out,10.0,-4.0,10.0,7.049999999999999,11.049999999999999,-2.950000000000001,0.0
0.85,10.5,0.0,13.0,9.0,0.0,cash_out,preserve_option,10.5,0.0,10.5,11.049999999999999,11.049999999999999,0.5499999999999989,1.0
0.85,10.5,0.5,13.0,9.0,0.0,cash_out,preserve_option,10.5,-0.5,10.5,10.549999999999999,11.049999999999999,0.049999999999998934,1.0
0.85,10.5,1.0,13.0,9.0,0.0,cash_out,cash_out,10.5,-1.0,10.5,10.049999999999999,11.049999999999999,-0.45000000000000107,0.0
0.85,10.5,1.5,13.0,9.0,0.0,cash_out,cash_out,10.5,-1.5,10.5,9.549999999999999,11.049999999999999,-0.9500000000000011,0.0
0.85,10.5,2.0,13.0,9.0,0.0,cash_out,cash_out,10.5,-2.0,10.5,9.049999999999999,11.049999999999999,-1.450000000000001,0.0
0.85,10.5,2.5,13.0,9.0,0.0,cash_out,cash_out,10.5,-2.5,10.5,8.549999999999999,11.049999999999999,-1.950000000000001,0.0
0.85,10.5,3.0,13.0,9.0,0.0,cash_out,cash_out,10.5,-3.0,10.5,8.049999999999999,11.049999999999999,-2.450000000000001,0.0
0.85,10.5,3.5,13.0,9.0,0.0,cash_out,cash_out,10.5,-3.5,10.5,7.549999999999999,11.049999999999999,-2.950000000000001,0.0
0.85,10.5,4.0,13.0,9.0,0.0,cash_out,cash_out,10.5,-4.0,10.5,7.049999999999999,11.049999999999999,-3.450000000000001,0.0
0.85,11.0,0.0,13.0,9.0,0.0,cash_out,preserve_option,11.0,0.0,11.0,11.049999999999999,11.049999999999999,0.049999999999998934,1.0
0.85,11.0,0.5,13.0,9.0,0.0,cash_out,cash_out,11.0,-0.5,11.0,10.549999999999999,11.049999999999999,-0.45000000000000107,0.0
0.85,11.0,1.0,13.0,9.0,0.0,cash_out,cash_out,11.0,-1.0,11.0,10.049999999999999,11.049999999999999,-0.9500000000000011,0.0
0.85,11.0,1.5,13.0,9.0,0.0,cash_out,cash_out,11.0,-1.5,11.0,9.549999999999999,11.049999999999999,-1.450000000000001,0.0
0.85,11.0,2.0,13.0,9.0,0.0,cash_out,cash_out,11.0,-2.0,11.0,9.049999999999999,11.049999999999999,-1.950000000000001,0.0
0.85,11.0,2.5,13.0,9.0,0.0,cash_out,cash_out,11.0,-2.5,11.0,8.549999999999999,11.049999999999999,-2.450000000000001,0.0
0.85,11.0,3.0,13.0,9.0,0.0,cash_out,cash_out,11.0,-3.0,11.0,8.049999999999999,11.049999999999999,-2.950000000000001,0.0
0.85,11.0,3.5,13.0,9.0,0.0,cash_out,cash_out,11.0,-3.5,11.0,7.549999999999999,11.049999999999999,-3.450000000000001,0.0
0.85,11.0,4.0,13.0,9.0,0.0,cash_out,cash_out,11.0,-4.0,11.0,7.049999999999999,11.049999999999999,-3.950000000000001,0.0
0.85,11.5,0.0,13.0,9.0,0.0,cash_out,cash_out,11.5,0.0,11.5,11.049999999999999,11.049999999999999,-0.45000000000000107,0.0
0.85,11.5,0.5,13.0,9.0,0.0,cash_out,cash_out,11.5,-0.5,11.5,10.549999999999999,11.049999999999999,-0.9500000000000011,0.0
0.85,11.5,1.0,13.0,9.0,0.0,cash_out,cash_out,11.5,-1.0,11.5,10.049999999999999,11.049999999999999,-1.450000000000001,0.0
0.85,11.5,1.5,13.0,9.0,0.0,cash_out,cash_out,11.5,-1.5,11.5,9.549999999999999,11.049999999999999,-1.950000000000001,0.0
0.85,11.5,2.0,13.0,9.0,0.0,cash_out,cash_out,11.5,-2.0,11.5,9.049999999999999,11.049999999999999,-2.450000000000001,0.0
0.85,11.5,2.5,13.0,9.0,0.0,cash_out,cash_out,11.5,-2.5,11.5,8.549999999999999,11.049999999999999,-2.950000000000001,0.0
0.85,11.5,3.0,13.0,9.0,0.0,cash_out,cash_out,11.5,-3.0,11.5,8.049999999999999,11.049999999999999,-3.450000000000001,0.0
0.85,11.5,3.5,13.0,9.0,0.0,cash_out,cash_out,11.5,-3.5,11.5,7.549999999999999,11.049999999999999,-3.950000000000001,0.0
0.85,11.5,4.0,13.0,9.0,0.0,cash_out,cash_out,11.5,-4.0,11.5,7.049999999999999,11.049999999999999,-4.450000000000001,0.0
0.85,12.0,0.0,13.0,9.0,0.0,cash_out,cash_out,12.0,0.0,12.0,11.049999999999999,11.049999999999999,-0.9500000000000011,0.0
0.85,12.0,0.5,13.0,9.0,0.0,cash_out,cash_out,12.0,-0.5,12.0,10.549999999999999,11.049999999999999,-1.450000000000001,0.0
0.85,12.0,1.0,13.0,9.0,0.0,cash_out,cash_out,12.0,-1.0,12.0,10.049999999999999,11.049999999999999,-1.950000000000001,0.0
0.85,12.0,1.5,13.0,9.0,0.0,cash_out,cash_out,12.0,-1.5,12.0,9.549999999999999,11.049999999999999,-2.450000000000001,0.0
0.85,12.0,2.0,13.0,9.0,0.0,cash_out,cash_out,12.0,-2.0,12.0,9.049999999999999,11.049999999999999,-2.950000000000001,0.0
0.85,12.0,2.5,13.0,9.0,0.0,cash_out,cash_out,12.0,-2.5,12.0,8.549999999999999,11.049999999999999,-3.450000000000001,0.0
0.85,12.0,3.0,13.0,9.0,0.0,cash_out,cash_out,12.0,-3.0,12.0,8.049999999999999,11.049999999999999,-3.950000000000001,0.0
0.85,12.0,3.5,13.0,9.0,0.0,cash_out,cash_out,12.0,-3.5,12.0,7.549999999999999,11.049999999999999,-4.450000000000001,0.0
0.85,12.0,4.0,13.0,9.0,0.0,cash_out,cash_out,12.0,-4.0,12.0,7.049999999999999,11.049999999999999,-4.950000000000001,0.0
0.85,12.5,0.0,13.0,9.0,0.0,cash_out,cash_out,12.5,0.0,12.5,11.049999999999999,11.049999999999999,-1.450000000000001,0.0
0.85,12.5,0.5,13.0,9.0,0.0,cash_out,cash_out,12.5,-0.5,12.5,10.549999999999999,11.049999999999999,-1.950000000000001,0.0
0.85,12.5,1.0,13.0,9.0,0.0,cash_out,cash_out,12.5,-1.0,12.5,10.049999999999999,11.049999999999999,-2.450000000000001,0.0
0.85,12.5,1.5,13.0,9.0,0.0,cash_out,cash_out,12.5,-1.5,12.5,9.549999999999999,11.049999999999999,-2.950000000000001,0.0
0.85,12.5,2.0,13.0,9.0,0.0,cash_out,cash_out,12.5,-2.0,12.5,9.049999999999999,11.049999999999999,-3.450000000000001,0.0
0.85,12.5,2.5,13.0,9.0,0.0,cash_out,cash_out,12.5,-2.5,12.5,8.549999999999999,11.049999999999999,-3.950000000000001,0.0
0.85,12.5,3.0,13.0,9.0,0.0,cash_out,cash_out,12.5,-3.0,12.5,8.049999999999999,11.049999999999999,-4.450000000000001,0.0
0.85,12.5,3.5,13.0,9.0,0.0,cash_out,cash_out,12.5,-3.5,12.5,7.549999999999999,11.049999999999999,-4.950000000000001,0.0
0.85,12.5,4.0,13.0,9.0,0.0,cash_out,cash_out,12.5,-4.0,12.5,7.049999999999999,11.049999999999999,-5.450000000000001,0.0
0.85,13.0,0.0,13.0,9.0,0.0,cash_out,cash_out,13.0,0.0,13.0,11.049999999999999,11.049999999999999,-1.950000000000001,0.0
0.85,13.0,0.5,13.0,9.0,0.0,cash_out,cash_out,13.0,-0.5,13.0,10.549999999999999,11.049999999999999,-2.450000000000001,0.0
0.85,13.0,1.0,13.0,9.0,0.0,cash_out,cash_out,13.0,-1.0,13.0,10.049999999999999,11.049999999999999,-2.950000000000001,0.0
0.85,13.0,1.5,13.0,9.0,0.0,cash_out,cash_out,13.0,-1.5,13.0,9.549999999999999,11.049999999999999,-3.450000000000001,0.0
0.85,13.0,2.0,13.0,9.0,0.0,cash_out,cash_out,13.0,-2.0,13.0,9.049999999999999,11.049999999999999,-3.950000000000001,0.0
0.85,13.0,2.5,13.0,9.0,0.0,cash_out,cash_out,13.0,-2.5,13.0,8.549999999999999,11.049999999999999,-4.450000000000001,0.0
0.85,13.0,3.0,13.0,9.0,0.0,cash_out,cash_out,13.0,-3.0,13.0,8.049999999999999,11.049999999999999,-4.950000000000001,0.0
0.85,13.0,3.5,13.0,9.0,0.0,cash_out,cash_out,13.0,-3.5,13.0,7.549999999999999,11.049999999999999,-5.450000000000001,0.0
0.85,13.0,4.0,13.0,9.0,0.0,cash_out,cash_out,13.0,-4.0,13.0,7.049999999999999,11.049999999999999,-5.950000000000001,0.0
0.85,13.5,0.0,13.0,9.0,0.0,cash_out,cash_out,13.5,0.0,13.5,11.049999999999999,11.049999999999999,-2.450000000000001,0.0
0.85,13.5,0.5,13.0,9.0,0.0,cash_out,cash_out,13.5,-0.5,13.5,10.549999999999999,11.049999999999999,-2.950000000000001,0.0
0.85,13.5,1.0,13.0,9.0,0.0,cash_out,cash_out,13.5,-1.0,13.5,10.049999999999999,11.049999999999999,-3.450000000000001,0.0
0.85,13.5,1.5,13.0,9.0,0.0,cash_out,cash_out,13.5,-1.5,13.5,9.549999999999999,11.049999999999999,-3.950000000000001,0.0
0.85,13.5,2.0,13.0,9.0,0.0,cash_out,cash_out,13.5,-2.0,13.5,9.049999999999999,11.049999999999999,-4.450000000000001,0.0
0.85,13.5,2.5,13.0,9.0,0.0,cash_out,cash_out,13.5,-2.5,13.5,8.549999999999999,11.049999999999999,-4.950000000000001,0.0
0.85,13.5,3.0,13.0,9.0,0.0,cash_out,cash_out,13.5,-3.0,13.5,8.049999999999999,11.049999999999999,-5.450000000000001,0.0
0.85,13.5,3.5,13.0,9.0,0.0,cash_out,cash_out,13.5,-3.5,13.5,7.549999999999999,11.049999999999999,-5.950000000000001,0.0
0.85,13.5,4.0,13.0,9.0,0.0,cash_out,cash_out,13.5,-4.0,13.5,7.049999999999999,11.049999999999999,-6.450000000000001,0.0
0.85,14.0,0.0,13.0,9.0,0.0,cash_out,cash_out,14.0,0.0,14.0,11.049999999999999,11.049999999999999,-2.950000000000001,0.0
0.85,14.0,0.5,13.0,9.0,0.0,cash_out,cash_out,14.0,-0.5,14.0,10.549999999999999,11.049999999999999,-3.450000000000001,0.0
0.85,14.0,1.0,13.0,9.0,0.0,cash_out,cash_out,14.0,-1.0,14.0,10.049999999999999,11.049999999999999,-3.950000000000001,0.0
0.85,14.0,1.5,13.0,9.0,0.0,cash_out,cash_out,14.0,-1.5,14.0,9.549999999999999,11.049999999999999,-4.450000000000001,0.0
0.85,14.0,2.0,13.0,9.0,0.0,cash_out,cash_out,14.0,-2.0,14.0,9.049999999999999,11.049999999999999,-4.950000000000001,0.0
0.85,14.0,2.5,13.0,9.0,0.0,cash_out,cash_out,14.0,-2.5,14.0,8.549999999999999,11.049999999999999,-5.450000000000001,0.0
0.85,14.0,3.0,13.0,9.0,0.0,cash_out,cash_out,14.0,-3.0,14.0,8.049999999999999,11.049999999999999,-5.950000000000001,0.0
0.85,14.0,3.5,13.0,9.0,0.0,cash_out,cash_out,14.0,-3.5,14.0,7.549999999999999,11.049999999999999,-6.450000000000001,0.0
0.85,14.0,4.0,13.0,9.0,0.0,cash_out,cash_out,14.0,-4.0,14.0,7.049999999999999,11.049999999999999,-6.950000000000001,0.0
0.85,14.5,0.0,13.0,9.0,0.0,cash_out,cash_out,14.5,0.0,14.5,11.049999999999999,11.049999999999999,-3.450000000000001,0.0
0.85,14.5,0.5,13.0,9.0,0.0,cash_out,cash_out,14.5,-0.5,14.5,10.549999999999999,11.049999999999999,-3.950000000000001,0.0
0.85,14.5,1.0,13.0,9.0,0.0,cash_out,cash_out,14.5,-1.0,14.5,10.049999999999999,11.049999999999999,-4.450000000000001,0.0
0.85,14.5,1.5,13.0,9.0,0.0,cash_out,cash_out,14.5,-1.5,14.5,9.549999999999999,11.049999999999999,-4.950000000000001,0.0
0.85,14.5,2.0,13.0,9.0,0.0,cash_out,cash_out,14.5,-2.0,14.5,9.049999999999999,11.049999999999999,-5.450000000000001,0.0
0.85,14.5,2.5,13.0,9.0,0.0,cash_out,cash_out,14.5,-2.5,14.5,8.549999999999999,11.049999999999999,-5.950000000000001,0.0
0.85,14.5,3.0,13.0,9.0,0.0,cash_out,cash_out,14.5,-3.0,14.5,8.049999999999999,11.049999999999999,-6.450000000000001,0.0
0.85,14.5,3.5,13.0,9.0,0.0,cash_out,cash_out,14.5,-3.5,14.5,7.549999999999999,11.049999999999999,-6.950000000000001,0.0
0.85,14.5,4.0,13.0,9.0,0.0,cash_out,cash_out,14.5,-4.0,14.5,7.049999999999999,11.049999999999999,-7.450000000000001,0.0
0.85,15.0,0.0,13.0,9.0,0.0,cash_out,cash_out,15.0,0.0,15.0,11.049999999999999,11.049999999999999,-3.950000000000001,0.0
0.85,15.0,0.5,13.0,9.0,0.0,cash_out,cash_out,15.0,-0.5,15.0,10.549999999999999,11.049999999999999,-4.450000000000001,0.0
0.85,15.0,1.0,13.0,9.0,0.0,cash_out,cash_out,15.0,-1.0,15.0,10.049999999999999,11.049999999999999,-4.950000000000001,0.0
0.85,15.0,1.5,13.0,9.0,0.0,cash_out,cash_out,15.0,-1.5,15.0,9.549999999999999,11.049999999999999,-5.450000000000001,0.0
0.85,15.0,2.0,13.0,9.0,0.0,cash_out,cash_out,15.0,-2.0,15.0,9.049999999999999,11.049999999999999,-5.950000000000001,0.0
0.85,15.0,2.5,13.0,9.0,0.0,cash_out,cash_out,15.0,-2.5,15.0,8.549999999999999,11.049999999999999,-6.450000000000001,0.0
0.85,15.0,3.0,13.0,9.0,0.0,cash_out,cash_out,15.0,-3.0,15.0,8.049999999999999,11.049999999999999,-6.950000000000001,0.0
0.85,15.0,3.5,13.0,9.0,0.0,cash_out,cash_out,15.0,-3.5,15.0,7.549999999999999,11.049999999999999,-7.450000000000001,0.0
0.85,15.0,4.0,13.0,9.0,0.0,cash_out,cash_out,15.0,-4.0,15.0,7.049999999999999,11.049999999999999,-7.950000000000001,0.0
0.85,15.5,0.0,13.0,9.0,0.0,cash_out,cash_out,15.5,0.0,15.5,11.049999999999999,11.049999999999999,-4.450000000000001,0.0
0.85,15.5,0.5,13.0,9.0,0.0,cash_out,cash_out,15.5,-0.5,15.5,10.549999999999999,11.049999999999999,-4.950000000000001,0.0
0.85,15.5,1.0,13.0,9.0,0.0,cash_out,cash_out,15.5,-1.0,15.5,10.049999999999999,11.049999999999999,-5.450000000000001,0.0
0.85,15.5,1.5,13.0,9.0,0.0,cash_out,cash_out,15.5,-1.5,15.5,9.549999999999999,11.049999999999999,-5.950000000000001,0.0
0.85,15.5,2.0,13.0,9.0,0.0,cash_out,cash_out,15.5,-2.0,15.5,9.049999999999999,11.049999999999999,-6.450000000000001,0.0
0.85,15.5,2.5,13.0,9.0,0.0,cash_out,cash_out,15.5,-2.5,15.5,8.549999999999999,11.049999999999999,-6.950000000000001,0.0
0.85,15.5,3.0,13.0,9.0,0.0,cash_out,cash_out,15.5,-3.0,15.5,8.049999999999999,11.049999999999999,-7.450000000000001,0.0
0.85,15.5,3.5,13.0,9.0,0.0,cash_out,cash_out,15.5,-3.5,15.5,7.549999999999999,11.049999999999999,-7.950000000000001,0.0
0.85,15.5,4.0,13.0,9.0,0.0,cash_out,cash_out,15.5,-4.0,15.5,7.049999999999999,11.049999999999999,-8.450000000000001,0.0
0.85,16.0,0.0,13.0,9.0,0.0,cash_out,cash_out,16.0,0.0,16.0,11.049999999999999,11.049999999999999,-4.950000000000001,0.0
0.85,16.0,0.5,13.0,9.0,0.0,cash_out,cash_out,16.0,-0.5,16.0,10.549999999999999,11.049999999999999,-5.450000000000001,0.0
0.85,16.0,1.0,13.0,9.0,0.0,cash_out,cash_out,16.0,-1.0,16.0,10.049999999999999,11.049999999999999,-5.950000000000001,0.0
0.85,16.0,1.5,13.0,9.0,0.0,cash_out,cash_out,16.0,-1.5,16.0,9.549999999999999,11.049999999999999,-6.450000000000001,0.0
0.85,16.0,2.0,13.0,9.0,0.0,cash_out,cash_out,16.0,-2.0,16.0,9.049999999999999,11.049999999999999,-6.950000000000001,0.0
0.85,16.0,2.5,13.0,9.0,0.0,cash_out,cash_out,16.0,-2.5,16.0,8.549999999999999,11.049999999999999,-7.450000000000001,0.0
0.85,16.0,3.0,13.0,9.0,0.0,cash_out,cash_out,16.0,-3.0,16.0,8.049999999999999,11.049999999999999,-7.950000000000001,0.0
0.85,16.0,3.5,13.0,9.0,0.0,cash_out,cash_out,16.0,-3.5,16.0,7.549999999999999,11.049999999999999,-8.450000000000001,0.0
0.85,16.0,4.0,13.0,9.0,0.0,cash_out,cash_out,16.0,-4.0,16.0,7.049999999999999,11.049999999999999,-8.950000000000001,0.0
0.85,16.5,0.0,13.0,9.0,0.0,cash_out,cash_out,16.5,0.0,16.5,11.049999999999999,11.049999999999999,-5.450000000000001,0.0
0.85,16.5,0.5,13.0,9.0,0.0,cash_out,cash_out,16.5,-0.5,16.5,10.549999999999999,11.049999999999999,-5.950000000000001,0.0
0.85,16.5,1.0,13.0,9.0,0.0,cash_out,cash_out,16.5,-1.0,16.5,10.049999999999999,11.049999999999999,-6.450000000000001,0.0
0.85,16.5,1.5,13.0,9.0,0.0,cash_out,cash_out,16.5,-1.5,16.5,9.549999999999999,11.049999999999999,-6.950000000000001,0.0
0.85,16.5,2.0,13.0,9.0,0.0,cash_out,cash_out,16.5,-2.0,16.5,9.049999999999999,11.049999999999999,-7.450000000000001,0.0
0.85,16.5,2.5,13.0,9.0,0.0,cash_out,cash_out,16.5,-2.5,16.5,8.549999999999999,11.049999999999999,-7.950000000000001,0.0
0.85,16.5,3.0,13.0,9.0,0.0,cash_out,cash_out,16.5,-3.0,16.5,8.049999999999999,11.049999999999999,-8.450000000000001,0.0
0.85,16.5,3.5,13.0,9.0,0.0,cash_out,cash_out,16.5,-3.5,16.5,7.549999999999999,11.049999999999999,-8.950000000000001,0.0
0.85,16.5,4.0,13.0,9.0,0.0,cash_out,cash_out,16.5,-4.0,16.5,7.049999999999999,11.049999999999999,-9.450000000000001,0.0
0.85,17.0,0.0,13.0,9.0,0.0,cash_out,cash_out,17.0,0.0,17.0,11.049999999999999,11.049999999999999,-5.950000000000001,0.0
0.85,17.0,0.5,13.0,9.0,0.0,cash_out,cash_out,17.0,-0.5,17.0,10.549999999999999,11.049999999999999,-6.450000000000001,0.0
0.85,17.0,1.0,13.0,9.0,0.0,cash_out,cash_out,17.0,-1.0,17.0,10.049999999999999,11.049999999999999,-6.950000000000001,0.0
0.85,17.0,1.5,13.0,9.0,0.0,cash_out,cash_out,17.0,-1.5,17.0,9.549999999999999,11.049999999999999,-7.450000000000001,0.0
0.85,17.0,2.0,13.0,9.0,0.0,cash_out,cash_out,17.0,-2.0,17.0,9.049999999999999,11.049999999999999,-7.950000000000001,0.0
0.85,17.0,2.5,13.0,9.0,0.0,cash_out,cash_out,17.0,-2.5,17.0,8.549999999999999,11.049999999999999,-8.450000000000001,0.0
0.85,17.0,3.0,13.0,9.0,0.0,cash_out,cash_out,17.0,-3.0,17.0,8.049999999999999,11.049999999999999,-8.950000000000001,0.0
0.85,17.0,3.5,13.0,9.0,0.0,cash_out,cash_out,17.0,-3.5,17.0,7.549999999999999,11.049999999999999,-9.450000000000001,0.0
0.85,17.0,4.0,13.0,9.0,0.0,cash_out,cash_out,17.0,-4.0,17.0,7.049999999999999,11.049999999999999,-9.950000000000001,0.0
0.85,17.5,0.0,13.0,9.0,0.0,cash_out,cash_out,17.5,0.0,17.5,11.049999999999999,11.049999999999999,-6.450000000000001,0.0
0.85,17.5,0.5,13.0,9.0,0.0,cash_out,cash_out,17.5,-0.5,17.5,10.549999999999999,11.049999999999999,-6.950000000000001,0.0
0.85,17.5,1.0,13.0,9.0,0.0,cash_out,cash_out,17.5,-1.0,17.5,10.049999999999999,11.049999999999999,-7.450000000000001,0.0
0.85,17.5,1.5,13.0,9.0,0.0,cash_out,cash_out,17.5,-1.5,17.5,9.549999999999999,11.049999999999999,-7.950000000000001,0.0
0.85,17.5,2.0,13.0,9.0,0.0,cash_out,cash_out,17.5,-2.0,17.5,9.049999999999999,11.049999999999999,-8.450000000000001,0.0
0.85,17.5,2.5,13.0,9.0,0.0,cash_out,cash_out,17.5,-2.5,17.5,8.549999999999999,11.049999999999999,-8.950000000000001,0.0
0.85,17.5,3.0,13.0,9.0,0.0,cash_out,cash_out,17.5,-3.0,17.5,8.049999999999999,11.049999999999999,-9.450000000000001,0.0
0.85,17.5,3.5,13.0,9.0,0.0,cash_out,cash_out,17.5,-3.5,17.5,7.549999999999999,11.049999999999999,-9.950000000000001,0.0
0.85,17.5,4.0,13.0,9.0,0.0,cash_out,cash_out,17.5,-4.0,17.5,7.049999999999999,11.049999999999999,-10.450000000000001,0.0
0.85,18.0,0.0,13.0,9.0,0.0,cash_out,cash_out,18.0,0.0,18.0,11.049999999999999,11.049999999999999,-6.950000000000001,0.0
0.85,18.0,0.5,13.0,9.0,0.0,cash_out,cash_out,18.0,-0.5,18.0,10.549999999999999,11.049999999999999,-7.450000000000001,0.0
0.85,18.0,1.0,13.0,9.0,0.0,cash_out,cash_out,18.0,-1.0,18.0,10.049999999999999,11.049999999999999,-7.950000000000001,0.0
0.85,18.0,1.5,13.0,9.0,0.0,cash_out,cash_out,18.0,-1.5,18.0,9.549999999999999,11.049999999999999,-8.450000000000001,0.0
0.85,18.0,2.0,13.0,9.0,0.0,cash_out,cash_out,18.0,-2.0,18.0,9.049999999999999,11.049999999999999,-8.950000000000001,0.0
0.85,18.0,2.5,13.0,9.0,0.0,cash_out,cash_out,18.0,-2.5,18.0,8.549999999999999,11.049999999999999,-9.450000000000001,0.0
0.85,18.0,3.0,13.0,9.0,0.0,cash_out,cash_out,18.0,-3.0,18.0,8.049999999999999,11.049999999999999,-9.950000000000001,0.0
0.85,18.0,3.5,13.0,9.0,0.0,cash_out,cash_out,18.0,-3.5,18.0,7.549999999999999,11.049999999999999,-10.450000000000001,0.0
0.85,18.0,4.0,13.0,9.0,0.0,cash_out,cash_out,18.0,-4.0,18.0,7.049999999999999,11.049999999999999,-10.950000000000001,0.0
0.9,6.0,0.0,13.0,9.0,0.0,cash_out,preserve_option,6.0,0.0,6.0,11.700000000000001,11.700000000000001,5.700000000000001,1.0
0.9,6.0,0.5,13.0,9.0,0.0,cash_out,preserve_option,6.0,-0.5,6.0,11.200000000000001,11.700000000000001,5.200000000000001,1.0
0.9,6.0,1.0,13.0,9.0,0.0,cash_out,preserve_option,6.0,-1.0,6.0,10.700000000000001,11.700000000000001,4.700000000000001,1.0
0.9,6.0,1.5,13.0,9.0,0.0,cash_out,preserve_option,6.0,-1.5,6.0,10.200000000000001,11.700000000000001,4.200000000000001,1.0
0.9,6.0,2.0,13.0,9.0,0.0,cash_out,preserve_option,6.0,-2.0,6.0,9.700000000000001,11.700000000000001,3.700000000000001,1.0
0.9,6.0,2.5,13.0,9.0,0.0,cash_out,preserve_option,6.0,-2.5,6.0,9.200000000000001,11.700000000000001,3.200000000000001,1.0
0.9,6.0,3.0,13.0,9.0,0.0,cash_out,preserve_option,6.0,-3.0,6.0,8.700000000000001,11.700000000000001,2.700000000000001,1.0
0.9,6.0,3.5,13.0,9.0,0.0,cash_out,preserve_option,6.0,-3.5,6.0,8.200000000000001,11.700000000000001,2.200000000000001,1.0
0.9,6.0,4.0,13.0,9.0,0.0,cash_out,preserve_option,6.0,-4.0,6.0,7.700000000000001,11.700000000000001,1.700000000000001,1.0
0.9,6.5,0.0,13.0,9.0,0.0,cash_out,preserve_option,6.5,0.0,6.5,11.700000000000001,11.700000000000001,5.200000000000001,1.0
0.9,6.5,0.5,13.0,9.0,0.0,cash_out,preserve_option,6.5,-0.5,6.5,11.200000000000001,11.700000000000001,4.700000000000001,1.0
0.9,6.5,1.0,13.0,9.0,0.0,cash_out,preserve_option,6.5,-1.0,6.5,10.700000000000001,11.700000000000001,4.200000000000001,1.0
0.9,6.5,1.5,13.0,9.0,0.0,cash_out,preserve_option,6.5,-1.5,6.5,10.200000000000001,11.700000000000001,3.700000000000001,1.0
0.9,6.5,2.0,13.0,9.0,0.0,cash_out,preserve_option,6.5,-2.0,6.5,9.700000000000001,11.700000000000001,3.200000000000001,1.0
0.9,6.5,2.5,13.0,9.0,0.0,cash_out,preserve_option,6.5,-2.5,6.5,9.200000000000001,11.700000000000001,2.700000000000001,1.0
0.9,6.5,3.0,13.0,9.0,0.0,cash_out,preserve_option,6.5,-3.0,6.5,8.700000000000001,11.700000000000001,2.200000000000001,1.0
0.9,6.5,3.5,13.0,9.0,0.0,cash_out,preserve_option,6.5,-3.5,6.5,8.200000000000001,11.700000000000001,1.700000000000001,1.0
0.9,6.5,4.0,13.0,9.0,0.0,cash_out,preserve_option,6.5,-4.0,6.5,7.700000000000001,11.700000000000001,1.200000000000001,1.0
0.9,7.0,0.0,13.0,9.0,0.0,cash_out,preserve_option,7.0,0.0,7.0,11.700000000000001,11.700000000000001,4.700000000000001,1.0
0.9,7.0,0.5,13.0,9.0,0.0,cash_out,preserve_option,7.0,-0.5,7.0,11.200000000000001,11.700000000000001,4.200000000000001,1.0
0.9,7.0,1.0,13.0,9.0,0.0,cash_out,preserve_option,7.0,-1.0,7.0,10.700000000000001,11.700000000000001,3.700000000000001,1.0
0.9,7.0,1.5,13.0,9.0,0.0,cash_out,preserve_option,7.0,-1.5,7.0,10.200000000000001,11.700000000000001,3.200000000000001,1.0
0.9,7.0,2.0,13.0,9.0,0.0,cash_out,preserve_option,7.0,-2.0,7.0,9.700000000000001,11.700000000000001,2.700000000000001,1.0
0.9,7.0,2.5,13.0,9.0,0.0,cash_out,preserve_option,7.0,-2.5,7.0,9.200000000000001,11.700000000000001,2.200000000000001,1.0
0.9,7.0,3.0,13.0,9.0,0.0,cash_out,preserve_option,7.0,-3.0,7.0,8.700000000000001,11.700000000000001,1.700000000000001,1.0
0.9,7.0,3.5,13.0,9.0,0.0,cash_out,preserve_option,7.0,-3.5,7.0,8.200000000000001,11.700000000000001,1.200000000000001,1.0
0.9,7.0,4.0,13.0,9.0,0.0,cash_out,preserve_option,7.0,-4.0,7.0,7.700000000000001,11.700000000000001,0.7000000000000011,1.0
0.9,7.5,0.0,13.0,9.0,0.0,cash_out,preserve_option,7.5,0.0,7.5,11.700000000000001,11.700000000000001,4.200000000000001,1.0
0.9,7.5,0.5,13.0,9.0,0.0,cash_out,preserve_option,7.5,-0.5,7.5,11.200000000000001,11.700000000000001,3.700000000000001,1.0
0.9,7.5,1.0,13.0,9.0,0.0,cash_out,preserve_option,7.5,-1.0,7.5,10.700000000000001,11.700000000000001,3.200000000000001,1.0
0.9,7.5,1.5,13.0,9.0,0.0,cash_out,preserve_option,7.5,-1.5,7.5,10.200000000000001,11.700000000000001,2.700000000000001,1.0
0.9,7.5,2.0,13.0,9.0,0.0,cash_out,preserve_option,7.5,-2.0,7.5,9.700000000000001,11.700000000000001,2.200000000000001,1.0
0.9,7.5,2.5,13.0,9.0,0.0,cash_out,preserve_option,7.5,-2.5,7.5,9.200000000000001,11.700000000000001,1.700000000000001,1.0
0.9,7.5,3.0,13.0,9.0,0.0,cash_out,preserve_option,7.5,-3.0,7.5,8.700000000000001,11.700000000000001,1.200000000000001,1.0
0.9,7.5,3.5,13.0,9.0,0.0,cash_out,preserve_option,7.5,-3.5,7.5,8.200000000000001,11.700000000000001,0.7000000000000011,1.0
0.9,7.5,4.0,13.0,9.0,0.0,cash_out,preserve_option,7.5,-4.0,7.5,7.700000000000001,11.700000000000001,0.20000000000000107,1.0
0.9,8.0,0.0,13.0,9.0,0.0,cash_out,preserve_option,8.0,0.0,8.0,11.700000000000001,11.700000000000001,3.700000000000001,1.0
0.9,8.0,0.5,13.0,9.0,0.0,cash_out,preserve_option,8.0,-0.5,8.0,11.200000000000001,11.700000000000001,3.200000000000001,1.0
0.9,8.0,1.0,13.0,9.0,0.0,cash_out,preserve_option,8.0,-1.0,8.0,10.700000000000001,11.700000000000001,2.700000000000001,1.0
0.9,8.0,1.5,13.0,9.0,0.0,cash_out,preserve_option,8.0,-1.5,8.0,10.200000000000001,11.700000000000001,2.200000000000001,1.0
0.9,8.0,2.0,13.0,9.0,0.0,cash_out,preserve_option,8.0,-2.0,8.0,9.700000000000001,11.700000000000001,1.700000000000001,1.0
0.9,8.0,2.5,13.0,9.0,0.0,cash_out,preserve_option,8.0,-2.5,8.0,9.200000000000001,11.700000000000001,1.200000000000001,1.0
0.9,8.0,3.0,13.0,9.0,0.0,cash_out,preserve_option,8.0,-3.0,8.0,8.700000000000001,11.700000000000001,0.7000000000000011,1.0
0.9,8.0,3.5,13.0,9.0,0.0,cash_out,preserve_option,8.0,-3.5,8.0,8.200000000000001,11.700000000000001,0.20000000000000107,1.0
0.9,8.0,4.0,13.0,9.0,0.0,cash_out,cash_out,8.0,-4.0,8.0,7.700000000000001,11.700000000000001,-0.29999999999999893,0.0
0.9,8.5,0.0,13.0,9.0,0.0,cash_out,preserve_option,8.5,0.0,8.5,11.700000000000001,11.700000000000001,3.200000000000001,1.0
0.9,8.5,0.5,13.0,9.0,0.0,cash_out,preserve_option,8.5,-0.5,8.5,11.200000000000001,11.700000000000001,2.700000000000001,1.0
0.9,8.5,1.0,13.0,9.0,0.0,cash_out,preserve_option,8.5,-1.0,8.5,10.700000000000001,11.700000000000001,2.200000000000001,1.0
0.9,8.5,1.5,13.0,9.0,0.0,cash_out,preserve_option,8.5,-1.5,8.5,10.200000000000001,11.700000000000001,1.700000000000001,1.0
0.9,8.5,2.0,13.0,9.0,0.0,cash_out,preserve_option,8.5,-2.0,8.5,9.700000000000001,11.700000000000001,1.200000000000001,1.0
0.9,8.5,2.5,13.0,9.0,0.0,cash_out,preserve_option,8.5,-2.5,8.5,9.200000000000001,11.700000000000001,0.7000000000000011,1.0
0.9,8.5,3.0,13.0,9.0,0.0,cash_out,preserve_option,8.5,-3.0,8.5,8.700000000000001,11.700000000000001,0.20000000000000107,1.0
0.9,8.5,3.5,13.0,9.0,0.0,cash_out,cash_out,8.5,-3.5,8.5,8.200000000000001,11.700000000000001,-0.29999999999999893,0.0
0.9,8.5,4.0,13.0,9.0,0.0,cash_out,cash_out,8.5,-4.0,8.5,7.700000000000001,11.700000000000001,-0.7999999999999989,0.0
0.9,9.0,0.0,13.0,9.0,0.0,cash_out,preserve_option,9.0,0.0,9.0,11.700000000000001,11.700000000000001,2.700000000000001,1.0
0.9,9.0,0.5,13.0,9.0,0.0,cash_out,preserve_option,9.0,-0.5,9.0,11.200000000000001,11.700000000000001,2.200000000000001,1.0
0.9,9.0,1.0,13.0,9.0,0.0,cash_out,preserve_option,9.0,-1.0,9.0,10.700000000000001,11.700000000000001,1.700000000000001,1.0
0.9,9.0,1.5,13.0,9.0,0.0,cash_out,preserve_option,9.0,-1.5,9.0,10.200000000000001,11.700000000000001,1.200000000000001,1.0
0.9,9.0,2.0,13.0,9.0,0.0,cash_out,preserve_option,9.0,-2.0,9.0,9.700000000000001,11.700000000000001,0.7000000000000011,1.0
0.9,9.0,2.5,13.0,9.0,0.0,cash_out,preserve_option,9.0,-2.5,9.0,9.200000000000001,11.700000000000001,0.20000000000000107,1.0
0.9,9.0,3.0,13.0,9.0,0.0,cash_out,cash_out,9.0,-3.0,9.0,8.700000000000001,11.700000000000001,-0.29999999999999893,0.0
0.9,9.0,3.5,13.0,9.0,0.0,cash_out,cash_out,9.0,-3.5,9.0,8.200000000000001,11.700000000000001,-0.7999999999999989,0.0
0.9,9.0,4.0,13.0,9.0,0.0,cash_out,cash_out,9.0,-4.0,9.0,7.700000000000001,11.700000000000001,-1.299999999999999,0.0
0.9,9.5,0.0,13.0,9.0,0.0,cash_out,preserve_option,9.5,0.0,9.5,11.700000000000001,11.700000000000001,2.200000000000001,1.0
0.9,9.5,0.5,13.0,9.0,0.0,cash_out,preserve_option,9.5,-0.5,9.5,11.200000000000001,11.700000000000001,1.700000000000001,1.0
0.9,9.5,1.0,13.0,9.0,0.0,cash_out,preserve_option,9.5,-1.0,9.5,10.700000000000001,11.700000000000001,1.200000000000001,1.0
0.9,9.5,1.5,13.0,9.0,0.0,cash_out,preserve_option,9.5,-1.5,9.5,10.200000000000001,11.700000000000001,0.7000000000000011,1.0
0.9,9.5,2.0,13.0,9.0,0.0,cash_out,preserve_option,9.5,-2.0,9.5,9.700000000000001,11.700000000000001,0.20000000000000107,1.0
0.9,9.5,2.5,13.0,9.0,0.0,cash_out,cash_out,9.5,-2.5,9.5,9.200000000000001,11.700000000000001,-0.29999999999999893,0.0
0.9,9.5,3.0,13.0,9.0,0.0,cash_out,cash_out,9.5,-3.0,9.5,8.700000000000001,11.700000000000001,-0.7999999999999989,0.0
0.9,9.5,3.5,13.0,9.0,0.0,cash_out,cash_out,9.5,-3.5,9.5,8.200000000000001,11.700000000000001,-1.299999999999999,0.0
0.9,9.5,4.0,13.0,9.0,0.0,cash_out,cash_out,9.5,-4.0,9.5,7.700000000000001,11.700000000000001,-1.799999999999999,0.0
0.9,10.0,0.0,13.0,9.0,0.0,cash_out,preserve_option,10.0,0.0,10.0,11.700000000000001,11.700000000000001,1.700000000000001,1.0
0.9,10.0,0.5,13.0,9.0,0.0,cash_out,preserve_option,10.0,-0.5,10.0,11.200000000000001,11.700000000000001,1.200000000000001,1.0
0.9,10.0,1.0,13.0,9.0,0.0,cash_out,preserve_option,10.0,-1.0,10.0,10.700000000000001,11.700000000000001,0.7000000000000011,1.0
0.9,10.0,1.5,13.0,9.0,0.0,cash_out,preserve_option,10.0,-1.5,10.0,10.200000000000001,11.700000000000001,0.20000000000000107,1.0
0.9,10.0,2.0,13.0,9.0,0.0,cash_out,cash_out,10.0,-2.0,10.0,9.700000000000001,11.700000000000001,-0.29999999999999893,0.0
0.9,10.0,2.5,13.0,9.0,0.0,cash_out,cash_out,10.0,-2.5,10.0,9.200000000000001,11.700000000000001,-0.7999999999999989,0.0
0.9,10.0,3.0,13.0,9.0,0.0,cash_out,cash_out,10.0,-3.0,10.0,8.700000000000001,11.700000000000001,-1.299999999999999,0.0
0.9,10.0,3.5,13.0,9.0,0.0,cash_out,cash_out,10.0,-3.5,10.0,8.200000000000001,11.700000000000001,-1.799999999999999,0.0
0.9,10.0,4.0,13.0,9.0,0.0,cash_out,cash_out,10.0,-4.0,10.0,7.700000000000001,11.700000000000001,-2.299999999999999,0.0
0.9,10.5,0.0,13.0,9.0,0.0,cash_out,preserve_option,10.5,0.0,10.5,11.700000000000001,11.700000000000001,1.200000000000001,1.0
0.9,10.5,0.5,13.0,9.0,0.0,cash_out,preserve_option,10.5,-0.5,10.5,11.200000000000001,11.700000000000001,0.7000000000000011,1.0
0.9,10.5,1.0,13.0,9.0,0.0,cash_out,preserve_option,10.5,-1.0,10.5,10.700000000000001,11.700000000000001,0.20000000000000107,1.0
0.9,10.5,1.5,13.0,9.0,0.0,cash_out,cash_out,10.5,-1.5,10.5,10.200000000000001,11.700000000000001,-0.29999999999999893,0.0
0.9,10.5,2.0,13.0,9.0,0.0,cash_out,cash_out,10.5,-2.0,10.5,9.700000000000001,11.700000000000001,-0.7999999999999989,0.0
0.9,10.5,2.5,13.0,9.0,0.0,cash_out,cash_out,10.5,-2.5,10.5,9.200000000000001,11.700000000000001,-1.299999999999999,0.0
0.9,10.5,3.0,13.0,9.0,0.0,cash_out,cash_out,10.5,-3.0,10.5,8.700000000000001,11.700000000000001,-1.799999999999999,0.0
0.9,10.5,3.5,13.0,9.0,0.0,cash_out,cash_out,10.5,-3.5,10.5,8.200000000000001,11.700000000000001,-2.299999999999999,0.0
0.9,10.5,4.0,13.0,9.0,0.0,cash_out,cash_out,10.5,-4.0,10.5,7.700000000000001,11.700000000000001,-2.799999999999999,0.0
0.9,11.0,0.0,13.0,9.0,0.0,cash_out,preserve_option,11.0,0.0,11.0,11.700000000000001,11.700000000000001,0.7000000000000011,1.0
0.9,11.0,0.5,13.0,9.0,0.0,cash_out,preserve_option,11.0,-0.5,11.0,11.200000000000001,11.700000000000001,0.20000000000000107,1.0
0.9,11.0,1.0,13.0,9.0,0.0,cash_out,cash_out,11.0,-1.0,11.0,10.700000000000001,11.700000000000001,-0.29999999999999893,0.0
0.9,11.0,1.5,13.0,9.0,0.0,cash_out,cash_out,11.0,-1.5,11.0,10.200000000000001,11.700000000000001,-0.7999999999999989,0.0
0.9,11.0,2.0,13.0,9.0,0.0,cash_out,cash_out,11.0,-2.0,11.0,9.700000000000001,11.700000000000001,-1.299999999999999,0.0
0.9,11.0,2.5,13.0,9.0,0.0,cash_out,cash_out,11.0,-2.5,11.0,9.200000000000001,11.700000000000001,-1.799999999999999,0.0
0.9,11.0,3.0,13.0,9.0,0.0,cash_out,cash_out,11.0,-3.0,11.0,8.700000000000001,11.700000000000001,-2.299999999999999,0.0
0.9,11.0,3.5,13.0,9.0,0.0,cash_out,cash_out,11.0,-3.5,11.0,8.200000000000001,11.700000000000001,-2.799999999999999,0.0
0.9,11.0,4.0,13.0,9.0,0.0,cash_out,cash_out,11.0,-4.0,11.0,7.700000000000001,11.700000000000001,-3.299999999999999,0.0
0.9,11.5,0.0,13.0,9.0,0.0,cash_out,preserve_option,11.5,0.0,11.5,11.700000000000001,11.700000000000001,0.20000000000000107,1.0
0.9,11.5,0.5,13.0,9.0,0.0,cash_out,cash_out,11.5,-0.5,11.5,11.200000000000001,11.700000000000001,-0.29999999999999893,0.0
0.9,11.5,1.0,13.0,9.0,0.0,cash_out,cash_out,11.5,-1.0,11.5,10.700000000000001,11.700000000000001,-0.7999999999999989,0.0
0.9,11.5,1.5,13.0,9.0,0.0,cash_out,cash_out,11.5,-1.5,11.5,10.200000000000001,11.700000000000001,-1.299999999999999,0.0
0.9,11.5,2.0,13.0,9.0,0.0,cash_out,cash_out,11.5,-2.0,11.5,9.700000000000001,11.700000000000001,-1.799999999999999,0.0
0.9,11.5,2.5,13.0,9.0,0.0,cash_out,cash_out,11.5,-2.5,11.5,9.200000000000001,11.700000000000001,-2.299999999999999,0.0
0.9,11.5,3.0,13.0,9.0,0.0,cash_out,cash_out,11.5,-3.0,11.5,8.700000000000001,11.700000000000001,-2.799999999999999,0.0
0.9,11.5,3.5,13.0,9.0,0.0,cash_out,cash_out,11.5,-3.5,11.5,8.200000000000001,11.700000000000001,-3.299999999999999,0.0
0.9,11.5,4.0,13.0,9.0,0.0,cash_out,cash_out,11.5,-4.0,11.5,7.700000000000001,11.700000000000001,-3.799999999999999,0.0
0.9,12.0,0.0,13.0,9.0,0.0,cash_out,cash_out,12.0,0.0,12.0,11.700000000000001,11.700000000000001,-0.29999999999999893,0.0
0.9,12.0,0.5,13.0,9.0,0.0,cash_out,cash_out,12.0,-0.5,12.0,11.200000000000001,11.700000000000001,-0.7999999999999989,0.0
0.9,12.0,1.0,13.0,9.0,0.0,cash_out,cash_out,12.0,-1.0,12.0,10.700000000000001,11.700000000000001,-1.299999999999999,0.0
0.9,12.0,1.5,13.0,9.0,0.0,cash_out,cash_out,12.0,-1.5,12.0,10.200000000000001,11.700000000000001,-1.799999999999999,0.0
0.9,12.0,2.0,13.0,9.0,0.0,cash_out,cash_out,12.0,-2.0,12.0,9.700000000000001,11.700000000000001,-2.299999999999999,0.0
0.9,12.0,2.5,13.0,9.0,0.0,cash_out,cash_out,12.0,-2.5,12.0,9.200000000000001,11.700000000000001,-2.799999999999999,0.0
0.9,12.0,3.0,13.0,9.0,0.0,cash_out,cash_out,12.0,-3.0,12.0,8.700000000000001,11.700000000000001,-3.299999999999999,0.0
0.9,12.0,3.5,13.0,9.0,0.0,cash_out,cash_out,12.0,-3.5,12.0,8.200000000000001,11.700000000000001,-3.799999999999999,0.0
0.9,12.0,4.0,13.0,9.0,0.0,cash_out,cash_out,12.0,-4.0,12.0,7.700000000000001,11.700000000000001,-4.299999999999999,0.0
0.9,12.5,0.0,13.0,9.0,0.0,cash_out,cash_out,12.5,0.0,12.5,11.700000000000001,11.700000000000001,-0.7999999999999989,0.0
0.9,12.5,0.5,13.0,9.0,0.0,cash_out,cash_out,12.5,-0.5,12.5,11.200000000000001,11.700000000000001,-1.299999999999999,0.0
0.9,12.5,1.0,13.0,9.0,0.0,cash_out,cash_out,12.5,-1.0,12.5,10.700000000000001,11.700000000000001,-1.799999999999999,0.0
0.9,12.5,1.5,13.0,9.0,0.0,cash_out,cash_out,12.5,-1.5,12.5,10.200000000000001,11.700000000000001,-2.299999999999999,0.0
0.9,12.5,2.0,13.0,9.0,0.0,cash_out,cash_out,12.5,-2.0,12.5,9.700000000000001,11.700000000000001,-2.799999999999999,0.0
0.9,12.5,2.5,13.0,9.0,0.0,cash_out,cash_out,12.5,-2.5,12.5,9.200000000000001,11.700000000000001,-3.299999999999999,0.0
0.9,12.5,3.0,13.0,9.0,0.0,cash_out,cash_out,12.5,-3.0,12.5,8.700000000000001,11.700000000000001,-3.799999999999999,0.0
0.9,12.5,3.5,13.0,9.0,0.0,cash_out,cash_out,12.5,-3.5,12.5,8.200000000000001,11.700000000000001,-4.299999999999999,0.0
0.9,12.5,4.0,13.0,9.0,0.0,cash_out,cash_out,12.5,-4.0,12.5,7.700000000000001,11.700000000000001,-4.799999999999999,0.0
0.9,13.0,0.0,13.0,9.0,0.0,cash_out,cash_out,13.0,0.0,13.0,11.700000000000001,11.700000000000001,-1.299999999999999,0.0
0.9,13.0,0.5,13.0,9.0,0.0,cash_out,cash_out,13.0,-0.5,13.0,11.200000000000001,11.700000000000001,-1.799999999999999,0.0
0.9,13.0,1.0,13.0,9.0,0.0,cash_out,cash_out,13.0,-1.0,13.0,10.700000000000001,11.700000000000001,-2.299999999999999,0.0
0.9,13.0,1.5,13.0,9.0,0.0,cash_out,cash_out,13.0,-1.5,13.0,10.200000000000001,11.700000000000001,-2.799999999999999,0.0
0.9,13.0,2.0,13.0,9.0,0.0,cash_out,cash_out,13.0,-2.0,13.0,9.700000000000001,11.700000000000001,-3.299999999999999,0.0
0.9,13.0,2.5,13.0,9.0,0.0,cash_out,cash_out,13.0,-2.5,13.0,9.200000000000001,11.700000000000001,-3.799999999999999,0.0
0.9,13.0,3.0,13.0,9.0,0.0,cash_out,cash_out,13.0,-3.0,13.0,8.700000000000001,11.700000000000001,-4.299999999999999,0.0
0.9,13.0,3.5,13.0,9.0,0.0,cash_out,cash_out,13.0,-3.5,13.0,8.200000000000001,11.700000000000001,-4.799999999999999,0.0
0.9,13.0,4.0,13.0,9.0,0.0,cash_out,cash_out,13.0,-4.0,13.0,7.700000000000001,11.700000000000001,-5.299999999999999,0.0
0.9,13.5,0.0,13.0,9.0,0.0,cash_out,cash_out,13.5,0.0,13.5,11.700000000000001,11.700000000000001,-1.799999999999999,0.0
0.9,13.5,0.5,13.0,9.0,0.0,cash_out,cash_out,13.5,-0.5,13.5,11.200000000000001,11.700000000000001,-2.299999999999999,0.0
0.9,13.5,1.0,13.0,9.0,0.0,cash_out,cash_out,13.5,-1.0,13.5,10.700000000000001,11.700000000000001,-2.799999999999999,0.0
0.9,13.5,1.5,13.0,9.0,0.0,cash_out,cash_out,13.5,-1.5,13.5,10.200000000000001,11.700000000000001,-3.299999999999999,0.0
0.9,13.5,2.0,13.0,9.0,0.0,cash_out,cash_out,13.5,-2.0,13.5,9.700000000000001,11.700000000000001,-3.799999999999999,0.0
0.9,13.5,2.5,13.0,9.0,0.0,cash_out,cash_out,13.5,-2.5,13.5,9.200000000000001,11.700000000000001,-4.299999999999999,0.0
0.9,13.5,3.0,13.0,9.0,0.0,cash_out,cash_out,13.5,-3.0,13.5,8.700000000000001,11.700000000000001,-4.799999999999999,0.0
0.9,13.5,3.5,13.0,9.0,0.0,cash_out,cash_out,13.5,-3.5,13.5,8.200000000000001,11.700000000000001,-5.299999999999999,0.0
0.9,13.5,4.0,13.0,9.0,0.0,cash_out,cash_out,13.5,-4.0,13.5,7.700000000000001,11.700000000000001,-5.799999999999999,0.0
0.9,14.0,0.0,13.0,9.0,0.0,cash_out,cash_out,14.0,0.0,14.0,11.700000000000001,11.700000000000001,-2.299999999999999,0.0
0.9,14.0,0.5,13.0,9.0,0.0,cash_out,cash_out,14.0,-0.5,14.0,11.200000000000001,11.700000000000001,-2.799999999999999,0.0
0.9,14.0,1.0,13.0,9.0,0.0,cash_out,cash_out,14.0,-1.0,14.0,10.700000000000001,11.700000000000001,-3.299999999999999,0.0
0.9,14.0,1.5,13.0,9.0,0.0,cash_out,cash_out,14.0,-1.5,14.0,10.200000000000001,11.700000000000001,-3.799999999999999,0.0
0.9,14.0,2.0,13.0,9.0,0.0,cash_out,cash_out,14.0,-2.0,14.0,9.700000000000001,11.700000000000001,-4.299999999999999,0.0
0.9,14.0,2.5,13.0,9.0,0.0,cash_out,cash_out,14.0,-2.5,14.0,9.200000000000001,11.700000000000001,-4.799999999999999,0.0
0.9,14.0,3.0,13.0,9.0,0.0,cash_out,cash_out,14.0,-3.0,14.0,8.700000000000001,11.700000000000001,-5.299999999999999,0.0
0.9,14.0,3.5,13.0,9.0,0.0,cash_out,cash_out,14.0,-3.5,14.0,8.200000000000001,11.700000000000001,-5.799999999999999,0.0
0.9,14.0,4.0,13.0,9.0,0.0,cash_out,cash_out,14.0,-4.0,14.0,7.700000000000001,11.700000000000001,-6.299999999999999,0.0
0.9,14.5,0.0,13.0,9.0,0.0,cash_out,cash_out,14.5,0.0,14.5,11.700000000000001,11.700000000000001,-2.799999999999999,0.0
0.9,14.5,0.5,13.0,9.0,0.0,cash_out,cash_out,14.5,-0.5,14.5,11.200000000000001,11.700000000000001,-3.299999999999999,0.0
0.9,14.5,1.0,13.0,9.0,0.0,cash_out,cash_out,14.5,-1.0,14.5,10.700000000000001,11.700000000000001,-3.799999999999999,0.0
0.9,14.5,1.5,13.0,9.0,0.0,cash_out,cash_out,14.5,-1.5,14.5,10.200000000000001,11.700000000000001,-4.299999999999999,0.0
0.9,14.5,2.0,13.0,9.0,0.0,cash_out,cash_out,14.5,-2.0,14.5,9.700000000000001,11.700000000000001,-4.799999999999999,0.0
0.9,14.5,2.5,13.0,9.0,0.0,cash_out,cash_out,14.5,-2.5,14.5,9.200000000000001,11.700000000000001,-5.299999999999999,0.0
0.9,14.5,3.0,13.0,9.0,0.0,cash_out,cash_out,14.5,-3.0,14.5,8.700000000000001,11.700000000000001,-5.799999999999999,0.0
0.9,14.5,3.5,13.0,9.0,0.0,cash_out,cash_out,14.5,-3.5,14.5,8.200000000000001,11.700000000000001,-6.299999999999999,0.0
0.9,14.5,4.0,13.0,9.0,0.0,cash_out,cash_out,14.5,-4.0,14.5,7.700000000000001,11.700000000000001,-6.799999999999999,0.0
0.9,15.0,0.0,13.0,9.0,0.0,cash_out,cash_out,15.0,0.0,15.0,11.700000000000001,11.700000000000001,-3.299999999999999,0.0
0.9,15.0,0.5,13.0,9.0,0.0,cash_out,cash_out,15.0,-0.5,15.0,11.200000000000001,11.700000000000001,-3.799999999999999,0.0
0.9,15.0,1.0,13.0,9.0,0.0,cash_out,cash_out,15.0,-1.0,15.0,10.700000000000001,11.700000000000001,-4.299999999999999,0.0
0.9,15.0,1.5,13.0,9.0,0.0,cash_out,cash_out,15.0,-1.5,15.0,10.200000000000001,11.700000000000001,-4.799999999999999,0.0
0.9,15.0,2.0,13.0,9.0,0.0,cash_out,cash_out,15.0,-2.0,15.0,9.700000000000001,11.700000000000001,-5.299999999999999,0.0
0.9,15.0,2.5,13.0,9.0,0.0,cash_out,cash_out,15.0,-2.5,15.0,9.200000000000001,11.700000000000001,-5.799999999999999,0.0
0.9,15.0,3.0,13.0,9.0,0.0,cash_out,cash_out,15.0,-3.0,15.0,8.700000000000001,11.700000000000001,-6.299999999999999,0.0
0.9,15.0,3.5,13.0,9.0,0.0,cash_out,cash_out,15.0,-3.5,15.0,8.200000000000001,11.700000000000001,-6.799999999999999,0.0
0.9,15.0,4.0,13.0,9.0,0.0,cash_out,cash_out,15.0,-4.0,15.0,7.700000000000001,11.700000000000001,-7.299999999999999,0.0
0.9,15.5,0.0,13.0,9.0,0.0,cash_out,cash_out,15.5,0.0,15.5,11.700000000000001,11.700000000000001,-3.799999999999999,0.0
0.9,15.5,0.5,13.0,9.0,0.0,cash_out,cash_out,15.5,-0.5,15.5,11.200000000000001,11.700000000000001,-4.299999999999999,0.0
0.9,15.5,1.0,13.0,9.0,0.0,cash_out,cash_out,15.5,-1.0,15.5,10.700000000000001,11.700000000000001,-4.799999999999999,0.0
0.9,15.5,1.5,13.0,9.0,0.0,cash_out,cash_out,15.5,-1.5,15.5,10.200000000000001,11.700000000000001,-5.299999999999999,0.0
0.9,15.5,2.0,13.0,9.0,0.0,cash_out,cash_out,15.5,-2.0,15.5,9.700000000000001,11.700000000000001,-5.799999999999999,0.0
0.9,15.5,2.5,13.0,9.0,0.0,cash_out,cash_out,15.5,-2.5,15.5,9.200000000000001,11.700000000000001,-6.299999999999999,0.0
0.9,15.5,3.0,13.0,9.0,0.0,cash_out,cash_out,15.5,-3.0,15.5,8.700000000000001,11.700000000000001,-6.799999999999999,0.0
0.9,15.5,3.5,13.0,9.0,0.0,cash_out,cash_out,15.5,-3.5,15.5,8.200000000000001,11.700000000000001,-7.299999999999999,0.0
0.9,15.5,4.0,13.0,9.0,0.0,cash_out,cash_out,15.5,-4.0,15.5,7.700000000000001,11.700000000000001,-7.799999999999999,0.0
0.9,16.0,0.0,13.0,9.0,0.0,cash_out,cash_out,16.0,0.0,16.0,11.700000000000001,11.700000000000001,-4.299999999999999,0.0
0.9,16.0,0.5,13.0,9.0,0.0,cash_out,cash_out,16.0,-0.5,16.0,11.200000000000001,11.700000000000001,-4.799999999999999,0.0
0.9,16.0,1.0,13.0,9.0,0.0,cash_out,cash_out,16.0,-1.0,16.0,10.700000000000001,11.700000000000001,-5.299999999999999,0.0
0.9,16.0,1.5,13.0,9.0,0.0,cash_out,cash_out,16.0,-1.5,16.0,10.200000000000001,11.700000000000001,-5.799999999999999,0.0
0.9,16.0,2.0,13.0,9.0,0.0,cash_out,cash_out,16.0,-2.0,16.0,9.700000000000001,11.700000000000001,-6.299999999999999,0.0
0.9,16.0,2.5,13.0,9.0,0.0,cash_out,cash_out,16.0,-2.5,16.0,9.200000000000001,11.700000000000001,-6.799999999999999,0.0
0.9,16.0,3.0,13.0,9.0,0.0,cash_out,cash_out,16.0,-3.0,16.0,8.700000000000001,11.700000000000001,-7.299999999999999,0.0
0.9,16.0,3.5,13.0,9.0,0.0,cash_out,cash_out,16.0,-3.5,16.0,8.200000000000001,11.700000000000001,-7.799999999999999,0.0
0.9,16.0,4.0,13.0,9.0,0.0,cash_out,cash_out,16.0,-4.0,16.0,7.700000000000001,11.700000000000001,-8.299999999999999,0.0
0.9,16.5,0.0,13.0,9.0,0.0,cash_out,cash_out,16.5,0.0,16.5,11.700000000000001,11.700000000000001,-4.799999999999999,0.0
0.9,16.5,0.5,13.0,9.0,0.0,cash_out,cash_out,16.5,-0.5,16.5,11.200000000000001,11.700000000000001,-5.299999999999999,0.0
0.9,16.5,1.0,13.0,9.0,0.0,cash_out,cash_out,16.5,-1.0,16.5,10.700000000000001,11.700000000000001,-5.799999999999999,0.0
0.9,16.5,1.5,13.0,9.0,0.0,cash_out,cash_out,16.5,-1.5,16.5,10.200000000000001,11.700000000000001,-6.299999999999999,0.0
0.9,16.5,2.0,13.0,9.0,0.0,cash_out,cash_out,16.5,-2.0,16.5,9.700000000000001,11.700000000000001,-6.799999999999999,0.0
0.9,16.5,2.5,13.0,9.0,0.0,cash_out,cash_out,16.5,-2.5,16.5,9.200000000000001,11.700000000000001,-7.299999999999999,0.0
0.9,16.5,3.0,13.0,9.0,0.0,cash_out,cash_out,16.5,-3.0,16.5,8.700000000000001,11.700000000000001,-7.799999999999999,0.0
0.9,16.5,3.5,13.0,9.0,0.0,cash_out,cash_out,16.5,-3.5,16.5,8.200000000000001,11.700000000000001,-8.299999999999999,0.0
0.9,16.5,4.0,13.0,9.0,0.0,cash_out,cash_out,16.5,-4.0,16.5,7.700000000000001,11.700000000000001,-8.799999999999999,0.0
0.9,17.0,0.0,13.0,9.0,0.0,cash_out,cash_out,17.0,0.0,17.0,11.700000000000001,11.700000000000001,-5.299999999999999,0.0
0.9,17.0,0.5,13.0,9.0,0.0,cash_out,cash_out,17.0,-0.5,17.0,11.200000000000001,11.700000000000001,-5.799999999999999,0.0
0.9,17.0,1.0,13.0,9.0,0.0,cash_out,cash_out,17.0,-1.0,17.0,10.700000000000001,11.700000000000001,-6.299999999999999,0.0
0.9,17.0,1.5,13.0,9.0,0.0,cash_out,cash_out,17.0,-1.5,17.0,10.200000000000001,11.700000000000001,-6.799999999999999,0.0
0.9,17.0,2.0,13.0,9.0,0.0,cash_out,cash_out,17.0,-2.0,17.0,9.700000000000001,11.700000000000001,-7.299999999999999,0.0
0.9,17.0,2.5,13.0,9.0,0.0,cash_out,cash_out,17.0,-2.5,17.0,9.200000000000001,11.700000000000001,-7.799999999999999,0.0
0.9,17.0,3.0,13.0,9.0,0.0,cash_out,cash_out,17.0,-3.0,17.0,8.700000000000001,11.700000000000001,-8.299999999999999,0.0
0.9,17.0,3.5,13.0,9.0,0.0,cash_out,cash_out,17.0,-3.5,17.0,8.200000000000001,11.700000000000001,-8.799999999999999,0.0
0.9,17.0,4.0,13.0,9.0,0.0,cash_out,cash_out,17.0,-4.0,17.0,7.700000000000001,11.700000000000001,-9.299999999999999,0.0
0.9,17.5,0.0,13.0,9.0,0.0,cash_out,cash_out,17.5,0.0,17.5,11.700000000000001,11.700000000000001,-5.799999999999999,0.0
0.9,17.5,0.5,13.0,9.0,0.0,cash_out,cash_out,17.5,-0.5,17.5,11.200000000000001,11.700000000000001,-6.299999999999999,0.0
0.9,17.5,1.0,13.0,9.0,0.0,cash_out,cash_out,17.5,-1.0,17.5,10.700000000000001,11.700000000000001,-6.799999999999999,0.0
0.9,17.5,1.5,13.0,9.0,0.0,cash_out,cash_out,17.5,-1.5,17.5,10.200000000000001,11.700000000000001,-7.299999999999999,0.0
0.9,17.5,2.0,13.0,9.0,0.0,cash_out,cash_out,17.5,-2.0,17.5,9.700000000000001,11.700000000000001,-7.799999999999999,0.0
0.9,17.5,2.5,13.0,9.0,0.0,cash_out,cash_out,17.5,-2.5,17.5,9.200000000000001,11.700000000000001,-8.299999999999999,0.0
0.9,17.5,3.0,13.0,9.0,0.0,cash_out,cash_out,17.5,-3.0,17.5,8.700000000000001,11.700000000000001,-8.799999999999999,0.0
0.9,17.5,3.5,13.0,9.0,0.0,cash_out,cash_out,17.5,-3.5,17.5,8.200000000000001,11.700000000000001,-9.299999999999999,0.0
0.9,17.5,4.0,13.0,9.0,0.0,cash_out,cash_out,17.5,-4.0,17.5,7.700000000000001,11.700000000000001,-9.799999999999999,0.0
0.9,18.0,0.0,13.0,9.0,0.0,cash_out,cash_out,18.0,0.0,18.0,11.700000000000001,11.700000000000001,-6.299999999999999,0.0
0.9,18.0,0.5,13.0,9.0,0.0,cash_out,cash_out,18.0,-0.5,18.0,11.200000000000001,11.700000000000001,-6.799999999999999,0.0
0.9,18.0,1.0,13.0,9.0,0.0,cash_out,cash_out,18.0,-1.0,18.0,10.700000000000001,11.700000000000001,-7.299999999999999,0.0
0.9,18.0,1.5,13.0,9.0,0.0,cash_out,cash_out,18.0,-1.5,18.0,10.200000000000001,11.700000000000001,-7.799999999999999,0.0
0.9,18.0,2.0,13.0,9.0,0.0,cash_out,cash_out,18.0,-2.0,18.0,9.700000000000001,11.700000000000001,-8.299999999999999,0.0
0.9,18.0,2.5,13.0,9.0,0.0,cash_out,cash_out,18.0,-2.5,18.0,9.200000000000001,11.700000000000001,-8.799999999999999,0.0
0.9,18.0,3.0,13.0,9.0,0.0,cash_out,cash_out,18.0,-3.0,18.0,8.700000000000001,11.700000000000001,-9.299999999999999,0.0
0.9,18.0,3.5,13.0,9.0,0.0,cash_out,cash_out,18.0,-3.5,18.0,8.200000000000001,11.700000000000001,-9.799999999999999,0.0
0.9,18.0,4.0,13.0,9.0,0.0,cash_out,cash_out,18.0,-4.0,18.0,7.700000000000001,11.700000000000001,-10.299999999999999,0.0
0.95,6.0,0.0,13.0,9.0,0.0,cash_out,preserve_option,6.0,0.0,6.0,12.35,12.35,6.35,1.0
0.95,6.0,0.5,13.0,9.0,0.0,cash_out,preserve_option,6.0,-0.5,6.0,11.85,12.35,5.85,1.0
0.95,6.0,1.0,13.0,9.0,0.0,cash_out,preserve_option,6.0,-1.0,6.0,11.35,12.35,5.35,1.0
0.95,6.0,1.5,13.0,9.0,0.0,cash_out,preserve_option,6.0,-1.5,6.0,10.85,12.35,4.85,1.0
0.95,6.0,2.0,13.0,9.0,0.0,cash_out,preserve_option,6.0,-2.0,6.0,10.35,12.35,4.35,1.0
0.95,6.0,2.5,13.0,9.0,0.0,cash_out,preserve_option,6.0,-2.5,6.0,9.85,12.35,3.8499999999999996,1.0
0.95,6.0,3.0,13.0,9.0,0.0,cash_out,preserve_option,6.0,-3.0,6.0,9.35,12.35,3.3499999999999996,1.0
0.95,6.0,3.5,13.0,9.0,0.0,cash_out,preserve_option,6.0,-3.5,6.0,8.85,12.35,2.8499999999999996,1.0
0.95,6.0,4.0,13.0,9.0,0.0,cash_out,preserve_option,6.0,-4.0,6.0,8.35,12.35,2.3499999999999996,1.0
0.95,6.5,0.0,13.0,9.0,0.0,cash_out,preserve_option,6.5,0.0,6.5,12.35,12.35,5.85,1.0
0.95,6.5,0.5,13.0,9.0,0.0,cash_out,preserve_option,6.5,-0.5,6.5,11.85,12.35,5.35,1.0
0.95,6.5,1.0,13.0,9.0,0.0,cash_out,preserve_option,6.5,-1.0,6.5,11.35,12.35,4.85,1.0
0.95,6.5,1.5,13.0,9.0,0.0,cash_out,preserve_option,6.5,-1.5,6.5,10.85,12.35,4.35,1.0
0.95,6.5,2.0,13.0,9.0,0.0,cash_out,preserve_option,6.5,-2.0,6.5,10.35,12.35,3.8499999999999996,1.0
0.95,6.5,2.5,13.0,9.0,0.0,cash_out,preserve_option,6.5,-2.5,6.5,9.85,12.35,3.3499999999999996,1.0
0.95,6.5,3.0,13.0,9.0,0.0,cash_out,preserve_option,6.5,-3.0,6.5,9.35,12.35,2.8499999999999996,1.0
0.95,6.5,3.5,13.0,9.0,0.0,cash_out,preserve_option,6.5,-3.5,6.5,8.85,12.35,2.3499999999999996,1.0
0.95,6.5,4.0,13.0,9.0,0.0,cash_out,preserve_option,6.5,-4.0,6.5,8.35,12.35,1.8499999999999996,1.0
0.95,7.0,0.0,13.0,9.0,0.0,cash_out,preserve_option,7.0,0.0,7.0,12.35,12.35,5.35,1.0
0.95,7.0,0.5,13.0,9.0,0.0,cash_out,preserve_option,7.0,-0.5,7.0,11.85,12.35,4.85,1.0
0.95,7.0,1.0,13.0,9.0,0.0,cash_out,preserve_option,7.0,-1.0,7.0,11.35,12.35,4.35,1.0
0.95,7.0,1.5,13.0,9.0,0.0,cash_out,preserve_option,7.0,-1.5,7.0,10.85,12.35,3.8499999999999996,1.0
0.95,7.0,2.0,13.0,9.0,0.0,cash_out,preserve_option,7.0,-2.0,7.0,10.35,12.35,3.3499999999999996,1.0
0.95,7.0,2.5,13.0,9.0,0.0,cash_out,preserve_option,7.0,-2.5,7.0,9.85,12.35,2.8499999999999996,1.0
0.95,7.0,3.0,13.0,9.0,0.0,cash_out,preserve_option,7.0,-3.0,7.0,9.35,12.35,2.3499999999999996,1.0
0.95,7.0,3.5,13.0,9.0,0.0,cash_out,preserve_option,7.0,-3.5,7.0,8.85,12.35,1.8499999999999996,1.0
0.95,7.0,4.0,13.0,9.0,0.0,cash_out,preserve_option,7.0,-4.0,7.0,8.35,12.35,1.3499999999999996,1.0
0.95,7.5,0.0,13.0,9.0,0.0,cash_out,preserve_option,7.5,0.0,7.5,12.35,12.35,4.85,1.0
0.95,7.5,0.5,13.0,9.0,0.0,cash_out,preserve_option,7.5,-0.5,7.5,11.85,12.35,4.35,1.0
0.95,7.5,1.0,13.0,9.0,0.0,cash_out,preserve_option,7.5,-1.0,7.5,11.35,12.35,3.8499999999999996,1.0
0.95,7.5,1.5,13.0,9.0,0.0,cash_out,preserve_option,7.5,-1.5,7.5,10.85,12.35,3.3499999999999996,1.0
0.95,7.5,2.0,13.0,9.0,0.0,cash_out,preserve_option,7.5,-2.0,7.5,10.35,12.35,2.8499999999999996,1.0
0.95,7.5,2.5,13.0,9.0,0.0,cash_out,preserve_option,7.5,-2.5,7.5,9.85,12.35,2.3499999999999996,1.0
0.95,7.5,3.0,13.0,9.0,0.0,cash_out,preserve_option,7.5,-3.0,7.5,9.35,12.35,1.8499999999999996,1.0
0.95,7.5,3.5,13.0,9.0,0.0,cash_out,preserve_option,7.5,-3.5,7.5,8.85,12.35,1.3499999999999996,1.0
0.95,7.5,4.0,13.0,9.0,0.0,cash_out,preserve_option,7.5,-4.0,7.5,8.35,12.35,0.8499999999999996,1.0
0.95,8.0,0.0,13.0,9.0,0.0,cash_out,preserve_option,8.0,0.0,8.0,12.35,12.35,4.35,1.0
0.95,8.0,0.5,13.0,9.0,0.0,cash_out,preserve_option,8.0,-0.5,8.0,11.85,12.35,3.8499999999999996,1.0
0.95,8.0,1.0,13.0,9.0,0.0,cash_out,preserve_option,8.0,-1.0,8.0,11.35,12.35,3.3499999999999996,1.0
0.95,8.0,1.5,13.0,9.0,0.0,cash_out,preserve_option,8.0,-1.5,8.0,10.85,12.35,2.8499999999999996,1.0
0.95,8.0,2.0,13.0,9.0,0.0,cash_out,preserve_option,8.0,-2.0,8.0,10.35,12.35,2.3499999999999996,1.0
0.95,8.0,2.5,13.0,9.0,0.0,cash_out,preserve_option,8.0,-2.5,8.0,9.85,12.35,1.8499999999999996,1.0
0.95,8.0,3.0,13.0,9.0,0.0,cash_out,preserve_option,8.0,-3.0,8.0,9.35,12.35,1.3499999999999996,1.0
0.95,8.0,3.5,13.0,9.0,0.0,cash_out,preserve_option,8.0,-3.5,8.0,8.85,12.35,0.8499999999999996,1.0
0.95,8.0,4.0,13.0,9.0,0.0,cash_out,preserve_option,8.0,-4.0,8.0,8.35,12.35,0.34999999999999964,1.0
0.95,8.5,0.0,13.0,9.0,0.0,cash_out,preserve_option,8.5,0.0,8.5,12.35,12.35,3.8499999999999996,1.0
0.95,8.5,0.5,13.0,9.0,0.0,cash_out,preserve_option,8.5,-0.5,8.5,11.85,12.35,3.3499999999999996,1.0
0.95,8.5,1.0,13.0,9.0,0.0,cash_out,preserve_option,8.5,-1.0,8.5,11.35,12.35,2.8499999999999996,1.0
0.95,8.5,1.5,13.0,9.0,0.0,cash_out,preserve_option,8.5,-1.5,8.5,10.85,12.35,2.3499999999999996,1.0
0.95,8.5,2.0,13.0,9.0,0.0,cash_out,preserve_option,8.5,-2.0,8.5,10.35,12.35,1.8499999999999996,1.0
0.95,8.5,2.5,13.0,9.0,0.0,cash_out,preserve_option,8.5,-2.5,8.5,9.85,12.35,1.3499999999999996,1.0
0.95,8.5,3.0,13.0,9.0,0.0,cash_out,preserve_option,8.5,-3.0,8.5,9.35,12.35,0.8499999999999996,1.0
0.95,8.5,3.5,13.0,9.0,0.0,cash_out,preserve_option,8.5,-3.5,8.5,8.85,12.35,0.34999999999999964,1.0
0.95,8.5,4.0,13.0,9.0,0.0,cash_out,cash_out,8.5,-4.0,8.5,8.35,12.35,-0.15000000000000036,0.0
0.95,9.0,0.0,13.0,9.0,0.0,cash_out,preserve_option,9.0,0.0,9.0,12.35,12.35,3.3499999999999996,1.0
0.95,9.0,0.5,13.0,9.0,0.0,cash_out,preserve_option,9.0,-0.5,9.0,11.85,12.35,2.8499999999999996,1.0
0.95,9.0,1.0,13.0,9.0,0.0,cash_out,preserve_option,9.0,-1.0,9.0,11.35,12.35,2.3499999999999996,1.0
0.95,9.0,1.5,13.0,9.0,0.0,cash_out,preserve_option,9.0,-1.5,9.0,10.85,12.35,1.8499999999999996,1.0
0.95,9.0,2.0,13.0,9.0,0.0,cash_out,preserve_option,9.0,-2.0,9.0,10.35,12.35,1.3499999999999996,1.0
0.95,9.0,2.5,13.0,9.0,0.0,cash_out,preserve_option,9.0,-2.5,9.0,9.85,12.35,0.8499999999999996,1.0
0.95,9.0,3.0,13.0,9.0,0.0,cash_out,preserve_option,9.0,-3.0,9.0,9.35,12.35,0.34999999999999964,1.0
0.95,9.0,3.5,13.0,9.0,0.0,cash_out,cash_out,9.0,-3.5,9.0,8.85,12.35,-0.15000000000000036,0.0
0.95,9.0,4.0,13.0,9.0,0.0,cash_out,cash_out,9.0,-4.0,9.0,8.35,12.35,-0.6500000000000004,0.0
0.95,9.5,0.0,13.0,9.0,0.0,cash_out,preserve_option,9.5,0.0,9.5,12.35,12.35,2.8499999999999996,1.0
0.95,9.5,0.5,13.0,9.0,0.0,cash_out,preserve_option,9.5,-0.5,9.5,11.85,12.35,2.3499999999999996,1.0
0.95,9.5,1.0,13.0,9.0,0.0,cash_out,preserve_option,9.5,-1.0,9.5,11.35,12.35,1.8499999999999996,1.0
0.95,9.5,1.5,13.0,9.0,0.0,cash_out,preserve_option,9.5,-1.5,9.5,10.85,12.35,1.3499999999999996,1.0
0.95,9.5,2.0,13.0,9.0,0.0,cash_out,preserve_option,9.5,-2.0,9.5,10.35,12.35,0.8499999999999996,1.0
0.95,9.5,2.5,13.0,9.0,0.0,cash_out,preserve_option,9.5,-2.5,9.5,9.85,12.35,0.34999999999999964,1.0
0.95,9.5,3.0,13.0,9.0,0.0,cash_out,cash_out,9.5,-3.0,9.5,9.35,12.35,-0.15000000000000036,0.0
0.95,9.5,3.5,13.0,9.0,0.0,cash_out,cash_out,9.5,-3.5,9.5,8.85,12.35,-0.6500000000000004,0.0
0.95,9.5,4.0,13.0,9.0,0.0,cash_out,cash_out,9.5,-4.0,9.5,8.35,12.35,-1.1500000000000004,0.0
0.95,10.0,0.0,13.0,9.0,0.0,cash_out,preserve_option,10.0,0.0,10.0,12.35,12.35,2.3499999999999996,1.0
0.95,10.0,0.5,13.0,9.0,0.0,cash_out,preserve_option,10.0,-0.5,10.0,11.85,12.35,1.8499999999999996,1.0
0.95,10.0,1.0,13.0,9.0,0.0,cash_out,preserve_option,10.0,-1.0,10.0,11.35,12.35,1.3499999999999996,1.0
0.95,10.0,1.5,13.0,9.0,0.0,cash_out,preserve_option,10.0,-1.5,10.0,10.85,12.35,0.8499999999999996,1.0
0.95,10.0,2.0,13.0,9.0,0.0,cash_out,preserve_option,10.0,-2.0,10.0,10.35,12.35,0.34999999999999964,1.0
0.95,10.0,2.5,13.0,9.0,0.0,cash_out,cash_out,10.0,-2.5,10.0,9.85,12.35,-0.15000000000000036,0.0
0.95,10.0,3.0,13.0,9.0,0.0,cash_out,cash_out,10.0,-3.0,10.0,9.35,12.35,-0.6500000000000004,0.0
0.95,10.0,3.5,13.0,9.0,0.0,cash_out,cash_out,10.0,-3.5,10.0,8.85,12.35,-1.1500000000000004,0.0
0.95,10.0,4.0,13.0,9.0,0.0,cash_out,cash_out,10.0,-4.0,10.0,8.35,12.35,-1.6500000000000004,0.0
0.95,10.5,0.0,13.0,9.0,0.0,cash_out,preserve_option,10.5,0.0,10.5,12.35,12.35,1.8499999999999996,1.0
0.95,10.5,0.5,13.0,9.0,0.0,cash_out,preserve_option,10.5,-0.5,10.5,11.85,12.35,1.3499999999999996,1.0
0.95,10.5,1.0,13.0,9.0,0.0,cash_out,preserve_option,10.5,-1.0,10.5,11.35,12.35,0.8499999999999996,1.0
0.95,10.5,1.5,13.0,9.0,0.0,cash_out,preserve_option,10.5,-1.5,10.5,10.85,12.35,0.34999999999999964,1.0
0.95,10.5,2.0,13.0,9.0,0.0,cash_out,cash_out,10.5,-2.0,10.5,10.35,12.35,-0.15000000000000036,0.0
0.95,10.5,2.5,13.0,9.0,0.0,cash_out,cash_out,10.5,-2.5,10.5,9.85,12.35,-0.6500000000000004,0.0
0.95,10.5,3.0,13.0,9.0,0.0,cash_out,cash_out,10.5,-3.0,10.5,9.35,12.35,-1.1500000000000004,0.0
0.95,10.5,3.5,13.0,9.0,0.0,cash_out,cash_out,10.5,-3.5,10.5,8.85,12.35,-1.6500000000000004,0.0
0.95,10.5,4.0,13.0,9.0,0.0,cash_out,cash_out,10.5,-4.0,10.5,8.35,12.35,-2.1500000000000004,0.0
0.95,11.0,0.0,13.0,9.0,0.0,cash_out,preserve_option,11.0,0.0,11.0,12.35,12.35,1.3499999999999996,1.0
0.95,11.0,0.5,13.0,9.0,0.0,cash_out,preserve_option,11.0,-0.5,11.0,11.85,12.35,0.8499999999999996,1.0
0.95,11.0,1.0,13.0,9.0,0.0,cash_out,preserve_option,11.0,-1.0,11.0,11.35,12.35,0.34999999999999964,1.0
0.95,11.0,1.5,13.0,9.0,0.0,cash_out,cash_out,11.0,-1.5,11.0,10.85,12.35,-0.15000000000000036,0.0
0.95,11.0,2.0,13.0,9.0,0.0,cash_out,cash_out,11.0,-2.0,11.0,10.35,12.35,-0.6500000000000004,0.0
0.95,11.0,2.5,13.0,9.0,0.0,cash_out,cash_out,11.0,-2.5,11.0,9.85,12.35,-1.1500000000000004,0.0
0.95,11.0,3.0,13.0,9.0,0.0,cash_out,cash_out,11.0,-3.0,11.0,9.35,12.35,-1.6500000000000004,0.0
0.95,11.0,3.5,13.0,9.0,0.0,cash_out,cash_out,11.0,-3.5,11.0,8.85,12.35,-2.1500000000000004,0.0
0.95,11.0,4.0,13.0,9.0,0.0,cash_out,cash_out,11.0,-4.0,11.0,8.35,12.35,-2.6500000000000004,0.0
0.95,11.5,0.0,13.0,9.0,0.0,cash_out,preserve_option,11.5,0.0,11.5,12.35,12.35,0.8499999999999996,1.0
0.95,11.5,0.5,13.0,9.0,0.0,cash_out,preserve_option,11.5,-0.5,11.5,11.85,12.35,0.34999999999999964,1.0
0.95,11.5,1.0,13.0,9.0,0.0,cash_out,cash_out,11.5,-1.0,11.5,11.35,12.35,-0.15000000000000036,0.0
0.95,11.5,1.5,13.0,9.0,0.0,cash_out,cash_out,11.5,-1.5,11.5,10.85,12.35,-0.6500000000000004,0.0
0.95,11.5,2.0,13.0,9.0,0.0,cash_out,cash_out,11.5,-2.0,11.5,10.35,12.35,-1.1500000000000004,0.0
0.95,11.5,2.5,13.0,9.0,0.0,cash_out,cash_out,11.5,-2.5,11.5,9.85,12.35,-1.6500000000000004,0.0
0.95,11.5,3.0,13.0,9.0,0.0,cash_out,cash_out,11.5,-3.0,11.5,9.35,12.35,-2.1500000000000004,0.0
0.95,11.5,3.5,13.0,9.0,0.0,cash_out,cash_out,11.5,-3.5,11.5,8.85,12.35,-2.6500000000000004,0.0
0.95,11.5,4.0,13.0,9.0,0.0,cash_out,cash_out,11.5,-4.0,11.5,8.35,12.35,-3.1500000000000004,0.0
0.95,12.0,0.0,13.0,9.0,0.0,cash_out,preserve_option,12.0,0.0,12.0,12.35,12.35,0.34999999999999964,1.0
0.95,12.0,0.5,13.0,9.0,0.0,cash_out,cash_out,12.0,-0.5,12.0,11.85,12.35,-0.15000000000000036,0.0
0.95,12.0,1.0,13.0,9.0,0.0,cash_out,cash_out,12.0,-1.0,12.0,11.35,12.35,-0.6500000000000004,0.0
0.95,12.0,1.5,13.0,9.0,0.0,cash_out,cash_out,12.0,-1.5,12.0,10.85,12.35,-1.1500000000000004,0.0
0.95,12.0,2.0,13.0,9.0,0.0,cash_out,cash_out,12.0,-2.0,12.0,10.35,12.35,-1.6500000000000004,0.0
0.95,12.0,2.5,13.0,9.0,0.0,cash_out,cash_out,12.0,-2.5,12.0,9.85,12.35,-2.1500000000000004,0.0
0.95,12.0,3.0,13.0,9.0,0.0,cash_out,cash_out,12.0,-3.0,12.0,9.35,12.35,-2.6500000000000004,0.0
0.95,12.0,3.5,13.0,9.0,0.0,cash_out,cash_out,12.0,-3.5,12.0,8.85,12.35,-3.1500000000000004,0.0
0.95,12.0,4.0,13.0,9.0,0.0,cash_out,cash_out,12.0,-4.0,12.0,8.35,12.35,-3.6500000000000004,0.0
0.95,12.5,0.0,13.0,9.0,0.0,cash_out,cash_out,12.5,0.0,12.5,12.35,12.35,-0.15000000000000036,0.0
0.95,12.5,0.5,13.0,9.0,0.0,cash_out,cash_out,12.5,-0.5,12.5,11.85,12.35,-0.6500000000000004,0.0
0.95,12.5,1.0,13.0,9.0,0.0,cash_out,cash_out,12.5,-1.0,12.5,11.35,12.35,-1.1500000000000004,0.0
0.95,12.5,1.5,13.0,9.0,0.0,cash_out,cash_out,12.5,-1.5,12.5,10.85,12.35,-1.6500000000000004,0.0
0.95,12.5,2.0,13.0,9.0,0.0,cash_out,cash_out,12.5,-2.0,12.5,10.35,12.35,-2.1500000000000004,0.0
0.95,12.5,2.5,13.0,9.0,0.0,cash_out,cash_out,12.5,-2.5,12.5,9.85,12.35,-2.6500000000000004,0.0
0.95,12.5,3.0,13.0,9.0,0.0,cash_out,cash_out,12.5,-3.0,12.5,9.35,12.35,-3.1500000000000004,0.0
0.95,12.5,3.5,13.0,9.0,0.0,cash_out,cash_out,12.5,-3.5,12.5,8.85,12.35,-3.6500000000000004,0.0
0.95,12.5,4.0,13.0,9.0,0.0,cash_out,cash_out,12.5,-4.0,12.5,8.35,12.35,-4.15,0.0
0.95,13.0,0.0,13.0,9.0,0.0,cash_out,cash_out,13.0,0.0,13.0,12.35,12.35,-0.6500000000000004,0.0
0.95,13.0,0.5,13.0,9.0,0.0,cash_out,cash_out,13.0,-0.5,13.0,11.85,12.35,-1.1500000000000004,0.0
0.95,13.0,1.0,13.0,9.0,0.0,cash_out,cash_out,13.0,-1.0,13.0,11.35,12.35,-1.6500000000000004,0.0
0.95,13.0,1.5,13.0,9.0,0.0,cash_out,cash_out,13.0,-1.5,13.0,10.85,12.35,-2.1500000000000004,0.0
0.95,13.0,2.0,13.0,9.0,0.0,cash_out,cash_out,13.0,-2.0,13.0,10.35,12.35,-2.6500000000000004,0.0
0.95,13.0,2.5,13.0,9.0,0.0,cash_out,cash_out,13.0,-2.5,13.0,9.85,12.35,-3.1500000000000004,0.0
0.95,13.0,3.0,13.0,9.0,0.0,cash_out,cash_out,13.0,-3.0,13.0,9.35,12.35,-3.6500000000000004,0.0
0.95,13.0,3.5,13.0,9.0,0.0,cash_out,cash_out,13.0,-3.5,13.0,8.85,12.35,-4.15,0.0
0.95,13.0,4.0,13.0,9.0,0.0,cash_out,cash_out,13.0,-4.0,13.0,8.35,12.35,-4.65,0.0
0.95,13.5,0.0,13.0,9.0,0.0,cash_out,cash_out,13.5,0.0,13.5,12.35,12.35,-1.1500000000000004,0.0
0.95,13.5,0.5,13.0,9.0,0.0,cash_out,cash_out,13.5,-0.5,13.5,11.85,12.35,-1.6500000000000004,0.0
0.95,13.5,1.0,13.0,9.0,0.0,cash_out,cash_out,13.5,-1.0,13.5,11.35,12.35,-2.1500000000000004,0.0
0.95,13.5,1.5,13.0,9.0,0.0,cash_out,cash_out,13.5,-1.5,13.5,10.85,12.35,-2.6500000000000004,0.0
0.95,13.5,2.0,13.0,9.0,0.0,cash_out,cash_out,13.5,-2.0,13.5,10.35,12.35,-3.1500000000000004,0.0
0.95,13.5,2.5,13.0,9.0,0.0,cash_out,cash_out,13.5,-2.5,13.5,9.85,12.35,-3.6500000000000004,0.0
0.95,13.5,3.0,13.0,9.0,0.0,cash_out,cash_out,13.5,-3.0,13.5,9.35,12.35,-4.15,0.0
0.95,13.5,3.5,13.0,9.0,0.0,cash_out,cash_out,13.5,-3.5,13.5,8.85,12.35,-4.65,0.0
0.95,13.5,4.0,13.0,9.0,0.0,cash_out,cash_out,13.5,-4.0,13.5,8.35,12.35,-5.15,0.0
0.95,14.0,0.0,13.0,9.0,0.0,cash_out,cash_out,14.0,0.0,14.0,12.35,12.35,-1.6500000000000004,0.0
0.95,14.0,0.5,13.0,9.0,0.0,cash_out,cash_out,14.0,-0.5,14.0,11.85,12.35,-2.1500000000000004,0.0
0.95,14.0,1.0,13.0,9.0,0.0,cash_out,cash_out,14.0,-1.0,14.0,11.35,12.35,-2.6500000000000004,0.0
0.95,14.0,1.5,13.0,9.0,0.0,cash_out,cash_out,14.0,-1.5,14.0,10.85,12.35,-3.1500000000000004,0.0
0.95,14.0,2.0,13.0,9.0,0.0,cash_out,cash_out,14.0,-2.0,14.0,10.35,12.35,-3.6500000000000004,0.0
0.95,14.0,2.5,13.0,9.0,0.0,cash_out,cash_out,14.0,-2.5,14.0,9.85,12.35,-4.15,0.0
0.95,14.0,3.0,13.0,9.0,0.0,cash_out,cash_out,14.0,-3.0,14.0,9.35,12.35,-4.65,0.0
0.95,14.0,3.5,13.0,9.0,0.0,cash_out,cash_out,14.0,-3.5,14.0,8.85,12.35,-5.15,0.0
0.95,14.0,4.0,13.0,9.0,0.0,cash_out,cash_out,14.0,-4.0,14.0,8.35,12.35,-5.65,0.0
0.95,14.5,0.0,13.0,9.0,0.0,cash_out,cash_out,14.5,0.0,14.5,12.35,12.35,-2.1500000000000004,0.0
0.95,14.5,0.5,13.0,9.0,0.0,cash_out,cash_out,14.5,-0.5,14.5,11.85,12.35,-2.6500000000000004,0.0
0.95,14.5,1.0,13.0,9.0,0.0,cash_out,cash_out,14.5,-1.0,14.5,11.35,12.35,-3.1500000000000004,0.0
0.95,14.5,1.5,13.0,9.0,0.0,cash_out,cash_out,14.5,-1.5,14.5,10.85,12.35,-3.6500000000000004,0.0
0.95,14.5,2.0,13.0,9.0,0.0,cash_out,cash_out,14.5,-2.0,14.5,10.35,12.35,-4.15,0.0
0.95,14.5,2.5,13.0,9.0,0.0,cash_out,cash_out,14.5,-2.5,14.5,9.85,12.35,-4.65,0.0
0.95,14.5,3.0,13.0,9.0,0.0,cash_out,cash_out,14.5,-3.0,14.5,9.35,12.35,-5.15,0.0
0.95,14.5,3.5,13.0,9.0,0.0,cash_out,cash_out,14.5,-3.5,14.5,8.85,12.35,-5.65,0.0
0.95,14.5,4.0,13.0,9.0,0.0,cash_out,cash_out,14.5,-4.0,14.5,8.35,12.35,-6.15,0.0
0.95,15.0,0.0,13.0,9.0,0.0,cash_out,cash_out,15.0,0.0,15.0,12.35,12.35,-2.6500000000000004,0.0
0.95,15.0,0.5,13.0,9.0,0.0,cash_out,cash_out,15.0,-0.5,15.0,11.85,12.35,-3.1500000000000004,0.0
0.95,15.0,1.0,13.0,9.0,0.0,cash_out,cash_out,15.0,-1.0,15.0,11.35,12.35,-3.6500000000000004,0.0
0.95,15.0,1.5,13.0,9.0,0.0,cash_out,cash_out,15.0,-1.5,15.0,10.85,12.35,-4.15,0.0
0.95,15.0,2.0,13.0,9.0,0.0,cash_out,cash_out,15.0,-2.0,15.0,10.35,12.35,-4.65,0.0
0.95,15.0,2.5,13.0,9.0,0.0,cash_out,cash_out,15.0,-2.5,15.0,9.85,12.35,-5.15,0.0
0.95,15.0,3.0,13.0,9.0,0.0,cash_out,cash_out,15.0,-3.0,15.0,9.35,12.35,-5.65,0.0
0.95,15.0,3.5,13.0,9.0,0.0,cash_out,cash_out,15.0,-3.5,15.0,8.85,12.35,-6.15,0.0
0.95,15.0,4.0,13.0,9.0,0.0,cash_out,cash_out,15.0,-4.0,15.0,8.35,12.35,-6.65,0.0
0.95,15.5,0.0,13.0,9.0,0.0,cash_out,cash_out,15.5,0.0,15.5,12.35,12.35,-3.1500000000000004,0.0
0.95,15.5,0.5,13.0,9.0,0.0,cash_out,cash_out,15.5,-0.5,15.5,11.85,12.35,-3.6500000000000004,0.0
0.95,15.5,1.0,13.0,9.0,0.0,cash_out,cash_out,15.5,-1.0,15.5,11.35,12.35,-4.15,0.0
0.95,15.5,1.5,13.0,9.0,0.0,cash_out,cash_out,15.5,-1.5,15.5,10.85,12.35,-4.65,0.0
0.95,15.5,2.0,13.0,9.0,0.0,cash_out,cash_out,15.5,-2.0,15.5,10.35,12.35,-5.15,0.0
0.95,15.5,2.5,13.0,9.0,0.0,cash_out,cash_out,15.5,-2.5,15.5,9.85,12.35,-5.65,0.0
0.95,15.5,3.0,13.0,9.0,0.0,cash_out,cash_out,15.5,-3.0,15.5,9.35,12.35,-6.15,0.0
0.95,15.5,3.5,13.0,9.0,0.0,cash_out,cash_out,15.5,-3.5,15.5,8.85,12.35,-6.65,0.0
0.95,15.5,4.0,13.0,9.0,0.0,cash_out,cash_out,15.5,-4.0,15.5,8.35,12.35,-7.15,0.0
0.95,16.0,0.0,13.0,9.0,0.0,cash_out,cash_out,16.0,0.0,16.0,12.35,12.35,-3.6500000000000004,0.0
0.95,16.0,0.5,13.0,9.0,0.0,cash_out,cash_out,16.0,-0.5,16.0,11.85,12.35,-4.15,0.0
0.95,16.0,1.0,13.0,9.0,0.0,cash_out,cash_out,16.0,-1.0,16.0,11.35,12.35,-4.65,0.0
0.95,16.0,1.5,13.0,9.0,0.0,cash_out,cash_out,16.0,-1.5,16.0,10.85,12.35,-5.15,0.0
0.95,16.0,2.0,13.0,9.0,0.0,cash_out,cash_out,16.0,-2.0,16.0,10.35,12.35,-5.65,0.0
0.95,16.0,2.5,13.0,9.0,0.0,cash_out,cash_out,16.0,-2.5,16.0,9.85,12.35,-6.15,0.0
0.95,16.0,3.0,13.0,9.0,0.0,cash_out,cash_out,16.0,-3.0,16.0,9.35,12.35,-6.65,0.0
0.95,16.0,3.5,13.0,9.0,0.0,cash_out,cash_out,16.0,-3.5,16.0,8.85,12.35,-7.15,0.0
0.95,16.0,4.0,13.0,9.0,0.0,cash_out,cash_out,16.0,-4.0,16.0,8.35,12.35,-7.65,0.0
0.95,16.5,0.0,13.0,9.0,0.0,cash_out,cash_out,16.5,0.0,16.5,12.35,12.35,-4.15,0.0
0.95,16.5,0.5,13.0,9.0,0.0,cash_out,cash_out,16.5,-0.5,16.5,11.85,12.35,-4.65,0.0
0.95,16.5,1.0,13.0,9.0,0.0,cash_out,cash_out,16.5,-1.0,16.5,11.35,12.35,-5.15,0.0
0.95,16.5,1.5,13.0,9.0,0.0,cash_out,cash_out,16.5,-1.5,16.5,10.85,12.35,-5.65,0.0
0.95,16.5,2.0,13.0,9.0,0.0,cash_out,cash_out,16.5,-2.0,16.5,10.35,12.35,-6.15,0.0
0.95,16.5,2.5,13.0,9.0,0.0,cash_out,cash_out,16.5,-2.5,16.5,9.85,12.35,-6.65,0.0
0.95,16.5,3.0,13.0,9.0,0.0,cash_out,cash_out,16.5,-3.0,16.5,9.35,12.35,-7.15,0.0
0.95,16.5,3.5,13.0,9.0,0.0,cash_out,cash_out,16.5,-3.5,16.5,8.85,12.35,-7.65,0.0
0.95,16.5,4.0,13.0,9.0,0.0,cash_out,cash_out,16.5,-4.0,16.5,8.35,12.35,-8.15,0.0
0.95,17.0,0.0,13.0,9.0,0.0,cash_out,cash_out,17.0,0.0,17.0,12.35,12.35,-4.65,0.0
0.95,17.0,0.5,13.0,9.0,0.0,cash_out,cash_out,17.0,-0.5,17.0,11.85,12.35,-5.15,0.0
0.95,17.0,1.0,13.0,9.0,0.0,cash_out,cash_out,17.0,-1.0,17.0,11.35,12.35,-5.65,0.0
0.95,17.0,1.5,13.0,9.0,0.0,cash_out,cash_out,17.0,-1.5,17.0,10.85,12.35,-6.15,0.0
0.95,17.0,2.0,13.0,9.0,0.0,cash_out,cash_out,17.0,-2.0,17.0,10.35,12.35,-6.65,0.0
0.95,17.0,2.5,13.0,9.0,0.0,cash_out,cash_out,17.0,-2.5,17.0,9.85,12.35,-7.15,0.0
0.95,17.0,3.0,13.0,9.0,0.0,cash_out,cash_out,17.0,-3.0,17.0,9.35,12.35,-7.65,0.0
0.95,17.0,3.5,13.0,9.0,0.0,cash_out,cash_out,17.0,-3.5,17.0,8.85,12.35,-8.15,0.0
0.95,17.0,4.0,13.0,9.0,0.0,cash_out,cash_out,17.0,-4.0,17.0,8.35,12.35,-8.65,0.0
0.95,17.5,0.0,13.0,9.0,0.0,cash_out,cash_out,17.5,0.0,17.5,12.35,12.35,-5.15,0.0
0.95,17.5,0.5,13.0,9.0,0.0,cash_out,cash_out,17.5,-0.5,17.5,11.85,12.35,-5.65,0.0
0.95,17.5,1.0,13.0,9.0,0.0,cash_out,cash_out,17.5,-1.0,17.5,11.35,12.35,-6.15,0.0
0.95,17.5,1.5,13.0,9.0,0.0,cash_out,cash_out,17.5,-1.5,17.5,10.85,12.35,-6.65,0.0
0.95,17.5,2.0,13.0,9.0,0.0,cash_out,cash_out,17.5,-2.0,17.5,10.35,12.35,-7.15,0.0
0.95,17.5,2.5,13.0,9.0,0.0,cash_out,cash_out,17.5,-2.5,17.5,9.85,12.35,-7.65,0.0
0.95,17.5,3.0,13.0,9.0,0.0,cash_out,cash_out,17.5,-3.0,17.5,9.35,12.35,-8.15,0.0
0.95,17.5,3.5,13.0,9.0,0.0,cash_out,cash_out,17.5,-3.5,17.5,8.85,12.35,-8.65,0.0
0.95,17.5,4.0,13.0,9.0,0.0,cash_out,cash_out,17.5,-4.0,17.5,8.35,12.35,-9.15,0.0
0.95,18.0,0.0,13.0,9.0,0.0,cash_out,cash_out,18.0,0.0,18.0,12.35,12.35,-5.65,0.0
0.95,18.0,0.5,13.0,9.0,0.0,cash_out,cash_out,18.0,-0.5,18.0,11.85,12.35,-6.15,0.0
0.95,18.0,1.0,13.0,9.0,0.0,cash_out,cash_out,18.0,-1.0,18.0,11.35,12.35,-6.65,0.0
0.95,18.0,1.5,13.0,9.0,0.0,cash_out,cash_out,18.0,-1.5,18.0,10.85,12.35,-7.15,0.0
0.95,18.0,2.0,13.0,9.0,0.0,cash_out,cash_out,18.0,-2.0,18.0,10.35,12.35,-7.65,0.0
0.95,18.0,2.5,13.0,9.0,0.0,cash_out,cash_out,18.0,-2.5,18.0,9.85,12.35,-8.15,0.0
0.95,18.0,3.0,13.0,9.0,0.0,cash_out,cash_out,18.0,-3.0,18.0,9.35,12.35,-8.65,0.0
0.95,18.0,3.5,13.0,9.0,0.0,cash_out,cash_out,18.0,-3.5,18.0,8.85,12.35,-9.15,0.0
0.95,18.0,4.0,13.0,9.0,0.0,cash_out,cash_out,18.0,-4.0,18.0,8.35,12.35,-9.65,0.0
