p_trigger_needed,cash_out,preserve_cost,trigger_payoff,direct_payoff,mismatch_payoff,return_myopic_greedy,return_always_trigger,return_always_direct,return_random_preserve,return_possibility_preserving,winner,option_value,local_optimality_gap,threshold_cash_out,local_optimum_trap
0.05,6.0,0.0,13.0,9.0,0.0,6.0,0.65,8.549999999999999,4.6,9.2,possibility_preserving,3.1999999999999993,6.0,9.2,1.0
0.05,6.0,0.5,13.0,9.0,0.0,6.0,0.15000000000000002,8.049999999999999,4.1,8.7,possibility_preserving,2.6999999999999993,6.5,8.7,1.0
0.05,6.0,1.0,13.0,9.0,0.0,6.0,-0.35,7.549999999999999,3.5999999999999996,8.2,possibility_preserving,2.1999999999999993,7.0,8.2,1.0
0.05,6.0,1.5,13.0,9.0,0.0,6.0,-0.85,7.049999999999999,3.0999999999999996,7.699999999999999,possibility_preserving,1.6999999999999993,7.5,7.699999999999999,1.0
0.05,6.0,2.0,13.0,9.0,0.0,6.0,-1.35,6.549999999999999,2.5999999999999996,7.199999999999999,possibility_preserving,1.1999999999999993,8.0,7.199999999999999,1.0
0.05,6.0,2.5,13.0,9.0,0.0,6.0,-1.85,6.049999999999999,2.0999999999999996,6.699999999999999,possibility_preserving,0.6999999999999993,8.5,6.699999999999999,1.0
0.05,6.0,3.0,13.0,9.0,0.0,6.0,-2.35,5.549999999999999,1.5999999999999994,6.199999999999999,possibility_preserving,0.1999999999999993,9.0,6.199999999999999,1.0
0.05,6.0,3.5,13.0,9.0,0.0,6.0,-2.85,5.049999999999999,1.0999999999999994,5.699999999999999,myopic_greedy,-0.3000000000000007,9.5,5.699999999999999,0.0
0.05,6.0,4.0,13.0,9.0,0.0,6.0,-3.35,4.549999999999999,0.5999999999999994,5.199999999999999,myopic_greedy,-0.8000000000000007,10.0,5.199999999999999,0.0
0.05,6.5,0.0,13.0,9.0,0.0,6.5,0.65,8.549999999999999,4.6,9.2,possibility_preserving,2.6999999999999993,6.5,9.2,1.0
0.05,6.5,0.5,13.0,9.0,0.0,6.5,0.15000000000000002,8.049999999999999,4.1,8.7,possibility_preserving,2.1999999999999993,7.0,8.7,1.0
0.05,6.5,1.0,13.0,9.0,0.0,6.5,-0.35,7.549999999999999,3.5999999999999996,8.2,possibility_preserving,1.6999999999999993,7.5,8.2,1.0
0.05,6.5,1.5,13.0,9.0,0.0,6.5,-0.85,7.049999999999999,3.0999999999999996,7.699999999999999,possibility_preserving,1.1999999999999993,8.0,7.699999999999999,1.0
0.05,6.5,2.0,13.0,9.0,0.0,6.5,-1.35,6.549999999999999,2.5999999999999996,7.199999999999999,possibility_preserving,0.6999999999999993,8.5,7.199999999999999,1.0
0.05,6.5,2.5,13.0,9.0,0.0,6.5,-1.85,6.049999999999999,2.0999999999999996,6.699999999999999,possibility_preserving,0.1999999999999993,9.0,6.699999999999999,1.0
0.05,6.5,3.0,13.0,9.0,0.0,6.5,-2.35,5.549999999999999,1.5999999999999994,6.199999999999999,myopic_greedy,-0.3000000000000007,9.5,6.199999999999999,0.0
0.05,6.5,3.5,13.0,9.0,0.0,6.5,-2.85,5.049999999999999,1.0999999999999994,5.699999999999999,myopic_greedy,-0.8000000000000007,10.0,5.699999999999999,0.0
0.05,6.5,4.0,13.0,9.0,0.0,6.5,-3.35,4.549999999999999,0.5999999999999994,5.199999999999999,myopic_greedy,-1.3000000000000007,10.5,5.199999999999999,0.0
0.05,7.0,0.0,13.0,9.0,0.0,7.0,0.65,8.549999999999999,4.6,9.2,possibility_preserving,2.1999999999999993,7.0,9.2,1.0
0.05,7.0,0.5,13.0,9.0,0.0,7.0,0.15000000000000002,8.049999999999999,4.1,8.7,possibility_preserving,1.6999999999999993,7.5,8.7,1.0
0.05,7.0,1.0,13.0,9.0,0.0,7.0,-0.35,7.549999999999999,3.5999999999999996,8.2,possibility_preserving,1.1999999999999993,8.0,8.2,1.0
0.05,7.0,1.5,13.0,9.0,0.0,7.0,-0.85,7.049999999999999,3.0999999999999996,7.699999999999999,possibility_preserving,0.6999999999999993,8.5,7.699999999999999,1.0
0.05,7.0,2.0,13.0,9.0,0.0,7.0,-1.35,6.549999999999999,2.5999999999999996,7.199999999999999,possibility_preserving,0.1999999999999993,9.0,7.199999999999999,1.0
0.05,7.0,2.5,13.0,9.0,0.0,7.0,-1.85,6.049999999999999,2.0999999999999996,6.699999999999999,myopic_greedy,-0.3000000000000007,9.5,6.699999999999999,0.0
0.05,7.0,3.0,13.0,9.0,0.0,7.0,-2.35,5.549999999999999,1.5999999999999994,6.199999999999999,myopic_greedy,-0.8000000000000007,10.0,6.199999999999999,0.0
0.05,7.0,3.5,13.0,9.0,0.0,7.0,-2.85,5.049999999999999,1.0999999999999994,5.699999999999999,myopic_greedy,-1.3000000000000007,10.5,5.699999999999999,0.0
0.05,7.0,4.0,13.0,9.0,0.0,7.0,-3.35,4.549999999999999,0.5999999999999994,5.199999999999999,myopic_greedy,-1.8000000000000007,11.0,5.199999999999999,0.0
0.05,7.5,0.0,13.0,9.0,0.0,7.5,0.65,8.549999999999999,4.6,9.2,possibility_preserving,1.6999999999999993,7.5,9.2,1.0
0.05,7.5,0.5,13.0,9.0,0.0,7.5,0.15000000000000002,8.049999999999999,4.1,8.7,possibility_preserving,1.1999999999999993,8.0,8.7,1.0
0.05,7.5,1.0,13.0,9.0,0.0,7.5,-0.35,7.549999999999999,3.5999999999999996,8.2,possibility_preserving,0.6999999999999993,8.5,8.2,1.0
0.05,7.5,1.5,13.0,9.0,0.0,7.5,-0.85,7.049999999999999,3.0999999999999996,7.699999999999999,possibility_preserving,0.1999999999999993,9.0,7.699999999999999,1.0
0.05,7.5,2.0,13.0,9.0,0.0,7.5,-1.35,6.549999999999999,2.5999999999999996,7.199999999999999,myopic_greedy,-0.3000000000000007,9.5,7.199999999999999,0.0
0.05,7.5,2.5,13.0,9.0,0.0,7.5,-1.85,6.049999999999999,2.0999999999999996,6.699999999999999,myopic_greedy,-0.8000000000000007,10.0,6.699999999999999,0.0
0.05,7.5,3.0,13.0,9.0,0.0,7.5,-2.35,5.549999999999999,1.5999999999999994,6.199999999999999,myopic_greedy,-1.3000000000000007,10.5,6.199999999999999,0.0
0.05,7.5,3.5,13.0,9.0,0.0,7.5,-2.85,5.049999999999999,1.0999999999999994,5.699999999999999,myopic_greedy,-1.8000000000000007,11.0,5.699999999999999,0.0
0.05,7.5,4.0,13.0,9.0,0.0,7.5,-3.35,4.549999999999999,0.5999999999999994,5.199999999999999,myopic_greedy,-2.3000000000000007,11.5,5.199999999999999,0.0
0.05,8.0,0.0,13.0,9.0,0.0,8.0,0.65,8.549999999999999,4.6,9.2,possibility_preserving,1.1999999999999993,8.0,9.2,1.0
0.05,8.0,0.5,13.0,9.0,0.0,8.0,0.15000000000000002,8.049999999999999,4.1,8.7,possibility_preserving,0.6999999999999993,8.5,8.7,1.0
0.05,8.0,1.0,13.0,9.0,0.0,8.0,-0.35,7.549999999999999,3.5999999999999996,8.2,possibility_preserving,0.1999999999999993,9.0,8.2,1.0
0.05,8.0,1.5,13.0,9.0,0.0,8.0,-0.85,7.049999999999999,3.0999999999999996,7.699999999999999,myopic_greedy,-0.3000000000000007,9.5,7.699999999999999,0.0
0.05,8.0,2.0,13.0,9.0,0.0,8.0,-1.35,6.549999999999999,2.5999999999999996,7.199999999999999,myopic_greedy,-0.8000000000000007,10.0,7.199999999999999,0.0
0.05,8.0,2.5,13.0,9.0,0.0,8.0,-1.85,6.049999999999999,2.0999999999999996,6.699999999999999,myopic_greedy,-1.3000000000000007,10.5,6.699999999999999,0.0
0.05,8.0,3.0,13.0,9.0,0.0,8.0,-2.35,5.549999999999999,1.5999999999999994,6.199999999999999,myopic_greedy,-1.8000000000000007,11.0,6.199999999999999,0.0
0.05,8.0,3.5,13.0,9.0,0.0,8.0,-2.85,5.049999999999999,1.0999999999999994,5.699999999999999,myopic_greedy,-2.3000000000000007,11.5,5.699999999999999,0.0
0.05,8.0,4.0,13.0,9.0,0.0,8.0,-3.35,4.549999999999999,0.5999999999999994,5.199999999999999,myopic_greedy,-2.8000000000000007,12.0,5.199999999999999,0.0
0.05,8.5,0.0,13.0,9.0,0.0,8.5,0.65,8.549999999999999,4.6,9.2,possibility_preserving,0.6999999999999993,8.5,9.2,1.0
0.05,8.5,0.5,13.0,9.0,0.0,8.5,0.15000000000000002,8.049999999999999,4.1,8.7,possibility_preserving,0.1999999999999993,9.0,8.7,1.0
0.05,8.5,1.0,13.0,9.0,0.0,8.5,-0.35,7.549999999999999,3.5999999999999996,8.2,myopic_greedy,-0.3000000000000007,9.5,8.2,0.0
0.05,8.5,1.5,13.0,9.0,0.0,8.5,-0.85,7.049999999999999,3.0999999999999996,7.699999999999999,myopic_greedy,-0.8000000000000007,10.0,7.699999999999999,0.0
0.05,8.5,2.0,13.0,9.0,0.0,8.5,-1.35,6.549999999999999,2.5999999999999996,7.199999999999999,myopic_greedy,-1.3000000000000007,10.5,7.199999999999999,0.0
0.05,8.5,2.5,13.0,9.0,0.0,8.5,-1.85,6.049999999999999,2.0999999999999996,6.699999999999999,myopic_greedy,-1.8000000000000007,11.0,6.699999999999999,0.0
0.05,8.5,3.0,13.0,9.0,0.0,8.5,-2.35,5.549999999999999,1.5999999999999994,6.199999999999999,myopic_greedy,-2.3000000000000007,11.5,6.199999999999999,0.0
0.05,8.5,3.5,13.0,9.0,0.0,8.5,-2.85,5.049999999999999,1.0999999999999994,5.699999999999999,myopic_greedy,-2.8000000000000007,12.0,5.699999999999999,0.0
0.05,8.5,4.0,13.0,9.0,0.0,8.5,-3.35,4.549999999999999,0.5999999999999994,5.199999999999999,myopic_greedy,-3.3000000000000007,12.5,5.199999999999999,0.0
0.05,9.0,0.0,13.0,9.0,0.0,9.0,0.65,8.549999999999999,4.6,9.2,possibility_preserving,0.1999999999999993,9.0,9.2,1.0
0.05,9.0,0.5,13.0,9.0,0.0,9.0,0.15000000000000002,8.049999999999999,4.1,8.7,myopic_greedy,-0.3000000000000007,9.5,8.7,0.0
0.05,9.0,1.0,13.0,9.0,0.0,9.0,-0.35,7.549999999999999,3.5999999999999996,8.2,myopic_greedy,-0.8000000000000007,10.0,8.2,0.0
0.05,9.0,1.5,13.0,9.0,0.0,9.0,-0.85,7.049999999999999,3.0999999999999996,7.699999999999999,myopic_greedy,-1.3000000000000007,10.5,7.699999999999999,0.0
0.05,9.0,2.0,13.0,9.0,0.0,9.0,-1.35,6.549999999999999,2.5999999999999996,7.199999999999999,myopic_greedy,-1.8000000000000007,11.0,7.199999999999999,0.0
0.05,9.0,2.5,13.0,9.0,0.0,9.0,-1.85,6.049999999999999,2.0999999999999996,6.699999999999999,myopic_greedy,-2.3000000000000007,11.5,6.699999999999999,0.0
0.05,9.0,3.0,13.0,9.0,0.0,9.0,-2.35,5.549999999999999,1.5999999999999994,6.199999999999999,myopic_greedy,-2.8000000000000007,12.0,6.199999999999999,0.0
0.05,9.0,3.5,13.0,9.0,0.0,9.0,-2.85,5.049999999999999,1.0999999999999994,5.699999999999999,myopic_greedy,-3.3000000000000007,12.5,5.699999999999999,0.0
0.05,9.0,4.0,13.0,9.0,0.0,9.0,-3.35,4.549999999999999,0.5999999999999994,5.199999999999999,myopic_greedy,-3.8000000000000007,13.0,5.199999999999999,0.0
0.05,9.5,0.0,13.0,9.0,0.0,9.5,0.65,8.549999999999999,4.6,9.2,myopic_greedy,-0.3000000000000007,9.5,9.2,0.0
0.05,9.5,0.5,13.0,9.0,0.0,9.5,0.15000000000000002,8.049999999999999,4.1,8.7,myopic_greedy,-0.8000000000000007,10.0,8.7,0.0
0.05,9.5,1.0,13.0,9.0,0.0,9.5,-0.35,7.549999999999999,3.5999999999999996,8.2,myopic_greedy,-1.3000000000000007,10.5,8.2,0.0
0.05,9.5,1.5,13.0,9.0,0.0,9.5,-0.85,7.049999999999999,3.0999999999999996,7.699999999999999,myopic_greedy,-1.8000000000000007,11.0,7.699999999999999,0.0
0.05,9.5,2.0,13.0,9.0,0.0,9.5,-1.35,6.549999999999999,2.5999999999999996,7.199999999999999,myopic_greedy,-2.3000000000000007,11.5,7.199999999999999,0.0
0.05,9.5,2.5,13.0,9.0,0.0,9.5,-1.85,6.049999999999999,2.0999999999999996,6.699999999999999,myopic_greedy,-2.8000000000000007,12.0,6.699999999999999,0.0
0.05,9.5,3.0,13.0,9.0,0.0,9.5,-2.35,5.549999999999999,1.5999999999999994,6.199999999999999,myopic_greedy,-3.3000000000000007,12.5,6.199999999999999,0.0
0.05,9.5,3.5,13.0,9.0,0.0,9.5,-2.85,5.049999999999999,1.0999999999999994,5.699999999999999,myopic_greedy,-3.8000000000000007,13.0,5.699999999999999,0.0
0.05,9.5,4.0,13.0,9.0,0.0,9.5,-3.35,4.549999999999999,0.5999999999999994,5.199999999999999,myopic_greedy,-4.300000000000001,13.5,5.199999999999999,0.0
0.05,10.0,0.0,13.0,9.0,0.0,10.0,0.65,8.549999999999999,4.6,9.2,myopic_greedy,-0.8000000000000007,10.0,9.2,0.0
0.05,10.0,0.5,13.0,9.0,0.0,10.0,0.15000000000000002,8.049999999999999,4.1,8.7,myopic_greedy,-1.3000000000000007,10.5,8.7,0.0
0.05,10.0,1.0,13.0,9.0,0.0,10.0,-0.35,7.549999999999999,3.5999999999999996,8.2,myopic_greedy,-1.8000000000000007,11.0,8.2,0.0
0.05,10.0,1.5,13.0,9.0,0.0,10.0,-0.85,7.049999999999999,3.0999999999999996,7.699999999999999,myopic_greedy,-2.3000000000000007,11.5,7.699999999999999,0.0
0.05,10.0,2.0,13.0,9.0,0.0,10.0,-1.35,6.549999999999999,2.5999999999999996,7.199999999999999,myopic_greedy,-2.8000000000000007,12.0,7.199999999999999,0.0
0.05,10.0,2.5,13.0,9.0,0.0,10.0,-1.85,6.049999999999999,2.0999999999999996,6.699999999999999,myopic_greedy,-3.3000000000000007,12.5,6.699999999999999,0.0
0.05,10.0,3.0,13.0,9.0,0.0,10.0,-2.35,5.549999999999999,1.5999999999999994,6.199999999999999,myopic_greedy,-3.8000000000000007,13.0,6.199999999999999,0.0
0.05,10.0,3.5,13.0,9.0,0.0,10.0,-2.85,5.049999999999999,1.0999999999999994,5.699999999999999,myopic_greedy,-4.300000000000001,13.5,5.699999999999999,0.0
0.05,10.0,4.0,13.0,9.0,0.0,10.0,-3.35,4.549999999999999,0.5999999999999994,5.199999999999999,myopic_greedy,-4.800000000000001,14.0,5.199999999999999,0.0
0.05,10.5,0.0,13.0,9.0,0.0,10.5,0.65,8.549999999999999,4.6,9.2,myopic_greedy,-1.3000000000000007,10.5,9.2,0.0
0.05,10.5,0.5,13.0,9.0,0.0,10.5,0.15000000000000002,8.049999999999999,4.1,8.7,myopic_greedy,-1.8000000000000007,11.0,8.7,0.0
0.05,10.5,1.0,13.0,9.0,0.0,10.5,-0.35,7.549999999999999,3.5999999999999996,8.2,myopic_greedy,-2.3000000000000007,11.5,8.2,0.0
0.05,10.5,1.5,13.0,9.0,0.0,10.5,-0.85,7.049999999999999,3.0999999999999996,7.699999999999999,myopic_greedy,-2.8000000000000007,12.0,7.699999999999999,0.0
0.05,10.5,2.0,13.0,9.0,0.0,10.5,-1.35,6.549999999999999,2.5999999999999996,7.199999999999999,myopic_greedy,-3.3000000000000007,12.5,7.199999999999999,0.0
0.05,10.5,2.5,13.0,9.0,0.0,10.5,-1.85,6.049999999999999,2.0999999999999996,6.699999999999999,myopic_greedy,-3.8000000000000007,13.0,6.699999999999999,0.0
0.05,10.5,3.0,13.0,9.0,0.0,10.5,-2.35,5.549999999999999,1.5999999999999994,6.199999999999999,myopic_greedy,-4.300000000000001,13.5,6.199999999999999,0.0
0.05,10.5,3.5,13.0,9.0,0.0,10.5,-2.85,5.049999999999999,1.0999999999999994,5.699999999999999,myopic_greedy,-4.800000000000001,14.0,5.699999999999999,0.0
0.05,10.5,4.0,13.0,9.0,0.0,10.5,-3.35,4.549999999999999,0.5999999999999994,5.199999999999999,myopic_greedy,-5.300000000000001,14.5,5.199999999999999,0.0
0.05,11.0,0.0,13.0,9.0,0.0,11.0,0.65,8.549999999999999,4.6,9.2,myopic_greedy,-1.8000000000000007,11.0,9.2,0.0
0.05,11.0,0.5,13.0,9.0,0.0,11.0,0.15000000000000002,8.049999999999999,4.1,8.7,myopic_greedy,-2.3000000000000007,11.5,8.7,0.0
0.05,11.0,1.0,13.0,9.0,0.0,11.0,-0.35,7.549999999999999,3.5999999999999996,8.2,myopic_greedy,-2.8000000000000007,12.0,8.2,0.0
0.05,11.0,1.5,13.0,9.0,0.0,11.0,-0.85,7.049999999999999,3.0999999999999996,7.699999999999999,myopic_greedy,-3.3000000000000007,12.5,7.699999999999999,0.0
0.05,11.0,2.0,13.0,9.0,0.0,11.0,-1.35,6.549999999999999,2.5999999999999996,7.199999999999999,myopic_greedy,-3.8000000000000007,13.0,7.199999999999999,0.0
0.05,11.0,2.5,13.0,9.0,0.0,11.0,-1.85,6.049999999999999,2.0999999999999996,6.699999999999999,myopic_greedy,-4.300000000000001,13.5,6.699999999999999,0.0
0.05,11.0,3.0,13.0,9.0,0.0,11.0,-2.35,5.549999999999999,1.5999999999999994,6.199999999999999,myopic_greedy,-4.800000000000001,14.0,6.199999999999999,0.0
0.05,11.0,3.5,13.0,9.0,0.0,11.0,-2.85,5.049999999999999,1.0999999999999994,5.699999999999999,myopic_greedy,-5.300000000000001,14.5,5.699999999999999,0.0
0.05,11.0,4.0,13.0,9.0,0.0,11.0,-3.35,4.549999999999999,0.5999999999999994,5.199999999999999,myopic_greedy,-5.800000000000001,15.0,5.199999999999999,0.0
0.05,11.5,0.0,13.0,9.0,0.0,11.5,0.65,8.549999999999999,4.6,9.2,myopic_greedy,-2.3000000000000007,11.5,9.2,0.0
0.05,11.5,0.5,13.0,9.0,0.0,11.5,0.15000000000000002,8.049999999999999,4.1,8.7,myopic_greedy,-2.8000000000000007,12.0,8.7,0.0
0.05,11.5,1.0,13.0,9.0,0.0,11.5,-0.35,7.549999999999999,3.5999999999999996,8.2,myopic_greedy,-3.3000000000000007,12.5,8.2,0.0
0.05,11.5,1.5,13.0,9.0,0.0,11.5,-0.85,7.049999999999999,3.0999999999999996,7.699999999999999,myopic_greedy,-3.8000000000000007,13.0,7.699999999999999,0.0
0.05,11.5,2.0,13.0,9.0,0.0,11.5,-1.35,6.549999999999999,2.5999999999999996,7.199999999999999,myopic_greedy,-4.300000000000001,13.5,7.199999999999999,0.0
0.05,11.5,2.5,13.0,9.0,0.0,11.5,-1.85,6.049999999999999,2.0999999999999996,6.699999999999999,myopic_greedy,-4.800000000000001,14.0,6.699999999999999,0.0
0.05,11.5,3.0,13.0,9.0,0.0,11.5,-2.35,5.549999999999999,1.5999999999999994,6.199999999999999,myopic_greedy,-5.300000000000001,14.5,6.199999999999999,0.0
0.05,11.5,3.5,13.0,9.0,0.0,11.5,-2.85,5.049999999999999,1.0999999999999994,5.699999999999999,myopic_greedy,-5.800000000000001,15.0,5.699999999999999,0.0
0.05,11.5,4.0,13.0,9.0,0.0,11.5,-3.35,4.549999999999999,0.5999999999999994,5.199999999999999,myopic_greedy,-6.300000000000001,15.5,5.199999999999999,0.0
0.05,12.0,0.0,13.0,9.0,0.0,12.0,0.65,8.549999999999999,4.6,9.2,myopic_greedy,-2.8000000000000007,12.0,9.2,0.0
0.05,12.0,0.5,13.0,9.0,0.0,12.0,0.15000000000000002,8.049999999999999,4.1,8.7,myopic_greedy,-3.3000000000000007,12.5,8.7,0.0
0.05,12.0,1.0,13.0,9.0,0.0,12.0,-0.35,7.549999999999999,3.5999999999999996,8.2,myopic_greedy,-3.8000000000000007,13.0,8.2,0.0
0.05,12.0,1.5,13.0,9.0,0.0,12.0,-0.85,7.049999999999999,3.0999999999999996,7.699999999999999,myopic_greedy,-4.300000000000001,13.5,7.699999999999999,0.0
0.05,12.0,2.0,13.0,9.0,0.0,12.0,-1.35,6.549999999999999,2.5999999999999996,7.199999999999999,myopic_greedy,-4.800000000000001,14.0,7.199999999999999,0.0
0.05,12.0,2.5,13.0,9.0,0.0,12.0,-1.85,6.049999999999999,2.0999999999999996,6.699999999999999,myopic_greedy,-5.300000000000001,14.5,6.699999999999999,0.0
0.05,12.0,3.0,13.0,9.0,0.0,12.0,-2.35,5.549999999999999,1.5999999999999994,6.199999999999999,myopic_greedy,-5.800000000000001,15.0,6.199999999999999,0.0
0.05,12.0,3.5,13.0,9.0,0.0,12.0,-2.85,5.049999999999999,1.0999999999999994,5.699999999999999,myopic_greedy,-6.300000000000001,15.5,5.699999999999999,0.0
0.05,12.0,4.0,13.0,9.0,0.0,12.0,-3.35,4.549999999999999,0.5999999999999994,5.199999999999999,myopic_greedy,-6.800000000000001,16.0,5.199999999999999,0.0
0.05,12.5,0.0,13.0,9.0,0.0,12.5,0.65,8.549999999999999,4.6,9.2,myopic_greedy,-3.3000000000000007,12.5,9.2,0.0
0.05,12.5,0.5,13.0,9.0,0.0,12.5,0.15000000000000002,8.049999999999999,4.1,8.7,myopic_greedy,-3.8000000000000007,13.0,8.7,0.0
0.05,12.5,1.0,13.0,9.0,0.0,12.5,-0.35,7.549999999999999,3.5999999999999996,8.2,myopic_greedy,-4.300000000000001,13.5,8.2,0.0
0.05,12.5,1.5,13.0,9.0,0.0,12.5,-0.85,7.049999999999999,3.0999999999999996,7.699999999999999,myopic_greedy,-4.800000000000001,14.0,7.699999999999999,0.0
0.05,12.5,2.0,13.0,9.0,0.0,12.5,-1.35,6.549999999999999,2.5999999999999996,7.199999999999999,myopic_greedy,-5.300000000000001,14.5,7.199999999999999,0.0
0.05,12.5,2.5,13.0,9.0,0.0,12.5,-1.85,6.049999999999999,2.0999999999999996,6.699999999999999,myopic_greedy,-5.800000000000001,15.0,6.699999999999999,0.0
0.05,12.5,3.0,13.0,9.0,0.0,12.5,-2.35,5.549999999999999,1.5999999999999994,6.199999999999999,myopic_greedy,-6.300000000000001,15.5,6.199999999999999,0.0
0.05,12.5,3.5,13.0,9.0,0.0,12.5,-2.85,5.049999999999999,1.0999999999999994,5.699999999999999,myopic_greedy,-6.800000000000001,16.0,5.699999999999999,0.0
0.05,12.5,4.0,13.0,9.0,0.0,12.5,-3.35,4.549999999999999,0.5999999999999994,5.199999999999999,myopic_greedy,-7.300000000000001,16.5,5.199999999999999,0.0
0.05,13.0,0.0,13.0,9.0,0.0,13.0,0.65,8.549999999999999,4.6,9.2,myopic_greedy,-3.8000000000000007,13.0,9.2,0.0
0.05,13.0,0.5,13.0,9.0,0.0,13.0,0.15000000000000002,8.049999999999999,4.1,8.7,myopic_greedy,-4.300000000000001,13.5,8.7,0.0
0.05,13.0,1.0,13.0,9.0,0.0,13.0,-0.35,7.549999999999999,3.5999999999999996,8.2,myopic_greedy,-4.800000000000001,14.0,8.2,0.0
0.05,13.0,1.5,13.0,9.0,0.0,13.0,-0.85,7.049999999999999,3.0999999999999996,7.699999999999999,myopic_greedy,-5.300000000000001,14.5,7.699999999999999,0.0
0.05,13.0,2.0,13.0,9.0,0.0,13.0,-1.35,6.549999999999999,2.5999999999999996,7.199999999999999,myopic_greedy,-5.800000000000001,15.0,7.199999999999999,0.0
0.05,13.0,2.5,13.0,9.0,0.0,13.0,-1.85,6.049999999999999,2.0999999999999996,6.699999999999999,myopic_greedy,-6.300000000000001,15.5,6.699999999999999,0.0
0.05,13.0,3.0,13.0,9.0,0.0,13.0,-2.35,5.549999999999999,1.5999999999999994,6.199999999999999,myopic_greedy,-6.800000000000001,16.0,6.199999999999999,0.0
0.05,13.0,3.5,13.0,9.0,0.0,13.0,-2.85,5.049999999999999,1.0999999999999994,5.699999999999999,myopic_greedy,-7.300000000000001,16.5,5.699999999999999,0.0
0.05,13.0,4.0,13.0,9.0,0.0,13.0,-3.35,4.549999999999999,0.5999999999999994,5.199999999999999,myopic_greedy,-7.800000000000001,17.0,5.199999999999999,0.0
0.05,13.5,0.0,13.0,9.0,0.0,13.5,0.65,8.549999999999999,4.6,9.2,myopic_greedy,-4.300000000000001,13.5,9.2,0.0
0.05,13.5,0.5,13.0,9.0,0.0,13.5,0.15000000000000002,8.049999999999999,4.1,8.7,myopic_greedy,-4.800000000000001,14.0,8.7,0.0
0.05,13.5,1.0,13.0,9.0,0.0,13.5,-0.35,7.549999999999999,3.5999999999999996,8.2,myopic_greedy,-5.300000000000001,14.5,8.2,0.0
0.05,13.5,1.5,13.0,9.0,0.0,13.5,-0.85,7.049999999999999,3.0999999999999996,7.699999999999999,myopic_greedy,-5.800000000000001,15.0,7.699999999999999,0.0
0.05,13.5,2.0,13.0,9.0,0.0,13.5,-1.35,6.549999999999999,2.5999999999999996,7.199999999999999,myopic_greedy,-6.300000000000001,15.5,7.199999999999999,0.0
0.05,13.5,2.5,13.0,9.0,0.0,13.5,-1.85,6.049999999999999,2.0999999999999996,6.699999999999999,myopic_greedy,-6.800000000000001,16.0,6.699999999999999,0.0
0.05,13.5,3.0,13.0,9.0,0.0,13.5,-2.35,5.549999999999999,1.5999999999999994,6.199999999999999,myopic_greedy,-7.300000000000001,16.5,6.199999999999999,0.0
0.05,13.5,3.5,13.0,9.0,0.0,13.5,-2.85,5.049999999999999,1.0999999999999994,5.699999999999999,myopic_greedy,-7.800000000000001,17.0,5.699999999999999,0.0
0.05,13.5,4.0,13.0,9.0,0.0,13.5,-3.35,4.549999999999999,0.5999999999999994,5.199999999999999,myopic_greedy,-8.3,17.5,5.199999999999999,0.0
0.05,14.0,0.0,13.0,9.0,0.0,14.0,0.65,8.549999999999999,4.6,9.2,myopic_greedy,-4.800000000000001,14.0,9.2,0.0
0.05,14.0,0.5,13.0,9.0,0.0,14.0,0.15000000000000002,8.049999999999999,4.1,8.7,myopic_greedy,-5.300000000000001,14.5,8.7,0.0
0.05,14.0,1.0,13.0,9.0,0.0,14.0,-0.35,7.549999999999999,3.5999999999999996,8.2,myopic_greedy,-5.800000000000001,15.0,8.2,0.0
0.05,14.0,1.5,13.0,9.0,0.0,14.0,-0.85,7.049999999999999,3.0999999999999996,7.699999999999999,myopic_greedy,-6.300000000000001,15.5,7.699999999999999,0.0
0.05,14.0,2.0,13.0,9.0,0.0,14.0,-1.35,6.549999999999999,2.5999999999999996,7.199999999999999,myopic_greedy,-6.800000000000001,16.0,7.199999999999999,0.0
0.05,14.0,2.5,13.0,9.0,0.0,14.0,-1.85,6.049999999999999,2.0999999999999996,6.699999999999999,myopic_greedy,-7.300000000000001,16.5,6.699999999999999,0.0
0.05,14.0,3.0,13.0,9.0,0.0,14.0,-2.35,5.549999999999999,1.5999999999999994,6.199999999999999,myopic_greedy,-7.800000000000001,17.0,6.199999999999999,0.0
0.05,14.0,3.5,13.0,9.0,0.0,14.0,-2.85,5.049999999999999,1.0999999999999994,5.699999999999999,myopic_greedy,-8.3,17.5,5.699999999999999,0.0
0.05,14.0,4.0,13.0,9.0,0.0,14.0,-3.35,4.549999999999999,0.5999999999999994,5.199999999999999,myopic_greedy,-8.8,18.0,5.199999999999999,0.0
0.05,14.5,0.0,13.0,9.0,0.0,14.5,0.65,8.549999999999999,4.6,9.2,myopic_greedy,-5.300000000000001,14.5,9.2,0.0
0.05,14.5,0.5,13.0,9.0,0.0,14.5,0.15000000000000002,8.049999999999999,4.1,8.7,myopic_greedy,-5.800000000000001,15.0,8.7,0.0
0.05,14.5,1.0,13.0,9.0,0.0,14.5,-0.35,7.549999999999999,3.5999999999999996,8.2,myopic_greedy,-6.300000000000001,15.5,8.2,0.0
0.05,14.5,1.5,13.0,9.0,0.0,14.5,-0.85,7.049999999999999,3.0999999999999996,7.699999999999999,myopic_greedy,-6.800000000000001,16.0,7.699999999999999,0.0
0.05,14.5,2.0,13.0,9.0,0.0,14.5,-1.35,6.549999999999999,2.5999999999999996,7.199999999999999,myopic_greedy,-7.300000000000001,16.5,7.199999999999999,0.0
0.05,14.5,2.5,13.0,9.0,0.0,14.5,-1.85,6.049999999999999,2.0999999999999996,6.699999999999999,myopic_greedy,-7.800000000000001,17.0,6.699999999999999,0.0
0.05,14.5,3.0,13.0,9.0,0.0,14.5,-2.35,5.549999999999999,1.5999999999999994,6.199999999999999,myopic_greedy,-8.3,17.5,6.199999999999999,0.0
0.05,14.5,3.5,13.0,9.0,0.0,14.5,-2.85,5.049999999999999,1.0999999999999994,5.699999999999999,myopic_greedy,-8.8,18.0,5.699999999999999,0.0
0.05,14.5,4.0,13.0,9.0,0.0,14.5,-3.35,4.549999999999999,0.5999999999999994,5.199999999999999,myopic_greedy,-9.3,18.5,5.199999999999999,0.0
0.05,15.0,0.0,13.0,9.0,0.0,15.0,0.65,8.549999999999999,4.6,9.2,myopic_greedy,-5.800000000000001,15.0,9.2,0.0
0.05,15.0,0.5,13.0,9.0,0.0,15.0,0.15000000000000002,8.049999999999999,4.1,8.7,myopic_greedy,-6.300000000000001,15.5,8.7,0.0
0.05,15.0,1.0,13.0,9.0,0.0,15.0,-0.35,7.549999999999999,3.5999999999999996,8.2,myopic_greedy,-6.800000000000001,16.0,8.2,0.0
0.05,15.0,1.5,13.0,9.0,0.0,15.0,-0.85,7.049999999999999,3.0999999999999996,7.699999999999999,myopic_greedy,-7.300000000000001,16.5,7.699999999999999,0.0
0.05,15.0,2.0,13.0,9.0,0.0,15.0,-1.35,6.549999999999999,2.5999999999999996,7.199999999999999,myopic_greedy,-7.800000000000001,17.0,7.199999999999999,0.0
0.05,15.0,2.5,13.0,9.0,0.0,15.0,-1.85,6.049999999999999,2.0999999999999996,6.699999999999999,myopic_greedy,-8.3,17.5,6.699999999999999,0.0
0.05,15.0,3.0,13.0,9.0,0.0,15.0,-2.35,5.549999999999999,1.5999999999999994,6.199999999999999,myopic_greedy,-8.8,18.0,6.199999999999999,0.0
0.05,15.0,3.5,13.0,9.0,0.0,15.0,-2.85,5.049999999999999,1.0999999999999994,5.699999999999999,myopic_greedy,-9.3,18.5,5.699999999999999,0.0
0.05,15.0,4.0,13.0,9.0,0.0,15.0,-3.35,4.549999999999999,0.5999999999999994,5.199999999999999,myopic_greedy,-9.8,19.0,5.199999999999999,0.0
0.05,15.5,0.0,13.0,9.0,0.0,15.5,0.65,8.549999999999999,4.6,9.2,myopic_greedy,-6.300000000000001,15.5,9.2,0.0
0.05,15.5,0.5,13.0,9.0,0.0,15.5,0.15000000000000002,8.049999999999999,4.1,8.7,myopic_greedy,-6.800000000000001,16.0,8.7,0.0
0.05,15.5,1.0,13.0,9.0,0.0,15.5,-0.35,7.549999999999999,3.5999999999999996,8.2,myopic_greedy,-7.300000000000001,16.5,8.2,0.0
0.05,15.5,1.5,13.0,9.0,0.0,15.5,-0.85,7.049999999999999,3.0999999999999996,7.699999999999999,myopic_greedy,-7.800000000000001,17.0,7.699999999999999,0.0
0.05,15.5,2.0,13.0,9.0,0.0,15.5,-1.35,6.549999999999999,2.5999999999999996,7.199999999999999,myopic_greedy,-8.3,17.5,7.199999999999999,0.0
0.05,15.5,2.5,13.0,9.0,0.0,15.5,-1.85,6.049999999999999,2.0999999999999996,6.699999999999999,myopic_greedy,-8.8,18.0,6.699999999999999,0.0
0.05,15.5,3.0,13.0,9.0,0.0,15.5,-2.35,5.549999999999999,1.5999999999999994,6.199999999999999,myopic_greedy,-9.3,18.5,6.199999999999999,0.0
0.05,15.5,3.5,13.0,9.0,0.0,15.5,-2.85,5.049999999999999,1.0999999999999994,5.699999999999999,myopic_greedy,-9.8,19.0,5.699999999999999,0.0
0.05,15.5,4.0,13.0,9.0,0.0,15.5,-3.35,4.549999999999999,0.5999999999999994,5.199999999999999,myopic_greedy,-10.3,19.5,5.199999999999999,0.0
0.05,16.0,0.0,13.0,9.0,0.0,16.0,0.65,8.549999999999999,4.6,9.2,myopic_greedy,-6.800000000000001,16.0,9.2,0.0
0.05,16.0,0.5,13.0,9.0,0.0,16.0,0.15000000000000002,8.049999999999999,4.1,8.7,myopic_greedy,-7.300000000000001,16.5,8.7,0.0
0.05,16.0,1.0,13.0,9.0,0.0,16.0,-0.35,7.549999999999999,3.5999999999999996,8.2,myopic_greedy,-7.800000000000001,17.0,8.2,0.0
0.05,16.0,1.5,13.0,9.0,0.0,16.0,-0.85,7.049999999999999,3.0999999999999996,7.699999999999999,myopic_greedy,-8.3,17.5,7.699999999999999,0.0
0.05,16.0,2.0,13.0,9.0,0.0,16.0,-1.35,6.549999999999999,2.5999999999999996,7.199999999999999,myopic_greedy,-8.8,18.0,7.199999999999999,0.0
0.05,16.0,2.5,13.0,9.0,0.0,16.0,-1.85,6.049999999999999,2.0999999999999996,6.699999999999999,myopic_greedy,-9.3,18.5,6.699999999999999,0.0
0.05,16.0,3.0,13.0,9.0,0.0,16.0,-2.35,5.549999999999999,1.5999999999999994,6.199999999999999,myopic_greedy,-9.8,19.0,6.199999999999999,0.0
0.05,16.0,3.5,13.0,9.0,0.0,16.0,-2.85,5.049999999999999,1.0999999999999994,5.699999999999999,myopic_greedy,-10.3,19.5,5.699999999999999,0.0
0.05,16.0,4.0,13.0,9.0,0.0,16.0,-3.35,4.549999999999999,0.5999999999999994,5.199999999999999,myopic_greedy,-10.8,20.0,5.199999999999999,0.0
0.05,16.5,0.0,13.0,9.0,0.0,16.5,0.65,8.549999999999999,4.6,9.2,myopic_greedy,-7.300000000000001,16.5,9.2,0.0
0.05,16.5,0.5,13.0,9.0,0.0,16.5,0.15000000000000002,8.049999999999999,4.1,8.7,myopic_greedy,-7.800000000000001,17.0,8.7,0.0
0.05,16.5,1.0,13.0,9.0,0.0,16.5,-0.35,7.549999999999999,3.5999999999999996,8.2,myopic_greedy,-8.3,17.5,8.2,0.0
0.05,16.5,1.5,13.0,9.0,0.0,16.5,-0.85,7.049999999999999,3.0999999999999996,7.699999999999999,myopic_greedy,-8.8,18.0,7.699999999999999,0.0
0.05,16.5,2.0,13.0,9.0,0.0,16.5,-1.35,6.549999999999999,2.5999999999999996,7.199999999999999,myopic_greedy,-9.3,18.5,7.199999999999999,0.0
0.05,16.5,2.5,13.0,9.0,0.0,16.5,-1.85,6.049999999999999,2.0999999999999996,6.699999999999999,myopic_greedy,-9.8,19.0,6.699999999999999,0.0
0.05,16.5,3.0,13.0,9.0,0.0,16.5,-2.35,5.549999999999999,1.5999999999999994,6.199999999999999,myopic_greedy,-10.3,19.5,6.199999999999999,0.0
0.05,16.5,3.5,13.0,9.0,0.0,16.5,-2.85,5.049999999999999,1.0999999999999994,5.699999999999999,myopic_greedy,-10.8,20.0,5.699999999999999,0.0
0.05,16.5,4.0,13.0,9.0,0.0,16.5,-3.35,4.549999999999999,0.5999999999999994,5.199999999999999,myopic_greedy,-11.3,20.5,5.199999999999999,0.0
0.05,17.0,0.0,13.0,9.0,0.0,17.0,0.65,8.549999999999999,4.6,9.2,myopic_greedy,-7.800000000000001,17.0,9.2,0.0
0.05,17.0,0.5,13.0,9.0,0.0,17.0,0.15000000000000002,8.049999999999999,4.1,8.7,myopic_greedy,-8.3,17.5,8.7,0.0
0.05,17.0,1.0,13.0,9.0,0.0,17.0,-0.35,7.549999999999999,3.5999999999999996,8.2,myopic_greedy,-8.8,18.0,8.2,0.0
0.05,17.0,1.5,13.0,9.0,0.0,17.0,-0.85,7.049999999999999,3.0999999999999996,7.699999999999999,myopic_greedy,-9.3,18.5,7.699999999999999,0.0
0.05,17.0,2.0,13.0,9.0,0.0,17.0,-1.35,6.549999999999999,2.5999999999999996,7.199999999999999,myopic_greedy,-9.8,19.0,7.199999999999999,0.0
0.05,17.0,2.5,13.0,9.0,0.0,17.0,-1.85,6.049999999999999,2.0999999999999996,6.699999999999999,myopic_greedy,-10.3,19.5,6.699999999999999,0.0
0.05,17.0,3.0,13.0,9.0,0.0,17.0,-2.35,5.549999999999999,1.5999999999999994,6.199999999999999,myopic_greedy,-10.8,20.0,6.199999999999999,0.0
0.05,17.0,3.5,13.0,9.0,0.0,17.0,-2.85,5.049999999999999,1.0999999999999994,5.699999999999999,myopic_greedy,-11.3,20.5,5.699999999999999,0.0
0.05,17.0,4.0,13.0,9.0,0.0,17.0,-3.35,4.549999999999999,0.5999999999999994,5.199999999999999,myopic_greedy,-11.8,21.0,5.199999999999999,0.0
0.05,17.5,0.0,13.0,9.0,0.0,17.5,0.65,8.549999999999999,4.6,9.2,myopic_greedy,-8.3,17.5,9.2,0.0
0.05,17.5,0.5,13.0,9.0,0.0,17.5,0.15000000000000002,8.049999999999999,4.1,8.7,myopic_greedy,-8.8,18.0,8.7,0.0
0.05,17.5,1.0,13.0,9.0,0.0,17.5,-0.35,7.549999999999999,3.5999999999999996,8.2,myopic_greedy,-9.3,18.5,8.2,0.0
0.05,17.5,1.5,13.0,9.0,0.0,17.5,-0.85,7.049999999999999,3.0999999999999996,7.699999999999999,myopic_greedy,-9.8,19.0,7.699999999999999,0.0
0.05,17.5,2.0,13.0,9.0,0.0,17.5,-1.35,6.549999999999999,2.5999999999999996,7.199999999999999,myopic_greedy,-10.3,19.5,7.199999999999999,0.0
0.05,17.5,2.5,13.0,9.0,0.0,17.5,-1.85,6.049999999999999,2.0999999999999996,6.699999999999999,myopic_greedy,-10.8,20.0,6.699999999999999,0.0
0.05,17.5,3.0,13.0,9.0,0.0,17.5,-2.35,5.549999999999999,1.5999999999999994,6.199999999999999,myopic_greedy,-11.3,20.5,6.199999999999999,0.0
0.05,17.5,3.5,13.0,9.0,0.0,17.5,-2.85,5.049999999999999,1.0999999999999994,5.699999999999999,myopic_greedy,-11.8,21.0,5.699999999999999,0.0
0.05,17.5,4.0,13.0,9.0,0.0,17.5,-3.35,4.549999999999999,0.5999999999999994,5.199999999999999,myopic_greedy,-12.3,21.5,5.199999999999999,0.0
0.05,18.0,0.0,13.0,9.0,0.0,18.0,0.65,8.549999999999999,4.6,9.2,myopic_greedy,-8.8,18.0,9.2,0.0
0.05,18.0,0.5,13.0,9.0,0.0,18.0,0.15000000000000002,8.049999999999999,4.1,8.7,myopic_greedy,-9.3,18.5,8.7,0.0
0.05,18.0,1.0,13.0,9.0,0.0,18.0,-0.35,7.549999999999999,3.5999999999999996,8.2,myopic_greedy,-9.8,19.0,8.2,0.0
0.05,18.0,1.5,13.0,9.0,0.0,18.0,-0.85,7.049999999999999,3.0999999999999996,7.699999999999999,myopic_greedy,-10.3,19.5,7.699999999999999,0.0
0.05,18.0,2.0,13.0,9.0,0.0,18.0,-1.35,6.549999999999999,2.5999999999999996,7.199999999999999,myopic_greedy,-10.8,20.0,7.199999999999999,0.0
0.05,18.0,2.5,13.0,9.0,0.0,18.0,-1.85,6.049999999999999,2.0999999999999996,6.699999999999999,myopic_greedy,-11.3,20.5,6.699999999999999,0.0
0.05,18.0,3.0,13.0,9.0,0.0,18.0,-2.35,5.549999999999999,1.5999999999999994,6.199999999999999,myopic_greedy,-11.8,21.0,6.199999999999999,0.0
0.05,18.0,3.5,13.0,9.0,0.0,18.0,-2.85,5.049999999999999,1.0999999999999994,5.699999999999999,myopic_greedy,-12.3,21.5,5.699999999999999,0.0
0.05,18.0,4.0,13.0,9.0,0.0,18.0,-3.35,4.549999999999999,0.5999999999999994,5.199999999999999,myopic_greedy,-12.8,22.0,5.199999999999999,0.0
0.1,6.0,0.0,13.0,9.0,0.0,6.0,1.3,8.1,4.7,9.4,possibility_preserving,3.4000000000000004,6.0,9.4,1.0
0.1,6.0,0.5,13.0,9.0,0.0,6.0,0.8,7.6,4.2,8.9,possibility_preserving,2.9000000000000004,6.5,8.9,1.0
0.1,6.0,1.0,13.0,9.0,0.0,6.0,0.30000000000000004,7.1,3.6999999999999997,8.4,possibility_preserving,2.4000000000000004,7.0,8.4,1.0
0.1,6.0,1.5,13.0,9.0,0.0,6.0,-0.19999999999999996,6.6,3.1999999999999997,7.8999999999999995,possibility_preserving,1.8999999999999995,7.5,7.8999999999999995,1.0
0.1,6.0,2.0,13.0,9.0,0.0,6.0,-0.7,6.1,2.6999999999999997,7.3999999999999995,possibility_preserving,1.3999999999999995,8.0,7.3999999999999995,1.0
0.1,6.0,2.5,13.0,9.0,0.0,6.0,-1.2,5.6,2.1999999999999997,6.8999999999999995,possibility_preserving,0.8999999999999995,8.5,6.8999999999999995,1.0
0.1,6.0,3.0,13.0,9.0,0.0,6.0,-1.7,5.1,1.6999999999999997,6.3999999999999995,possibility_preserving,0.39999999999999947,9.0,6.3999999999999995,1.0
0.1,6.0,3.5,13.0,9.0,0.0,6.0,-2.2,4.6,1.1999999999999997,5.8999999999999995,myopic_greedy,-0.10000000000000053,9.5,5.8999999999999995,0.0
0.1,6.0,4.0,13.0,9.0,0.0,6.0,-2.7,4.1,0.6999999999999997,5.3999999999999995,myopic_greedy,-0.6000000000000005,10.0,5.3999999999999995,0.0
0.1,6.5,0.0,13.0,9.0,0.0,6.5,1.3,8.1,4.7,9.4,possibility_preserving,2.9000000000000004,6.5,9.4,1.0
0.1,6.5,0.5,13.0,9.0,0.0,6.5,0.8,7.6,4.2,8.9,possibility_preserving,2.4000000000000004,7.0,8.9,1.0
0.1,6.5,1.0,13.0,9.0,0.0,6.5,0.30000000000000004,7.1,3.6999999999999997,8.4,possibility_preserving,1.9000000000000004,7.5,8.4,1.0
0.1,6.5,1.5,13.0,9.0,0.0,6.5,-0.19999999999999996,6.6,3.1999999999999997,7.8999999999999995,possibility_preserving,1.3999999999999995,8.0,7.8999999999999995,1.0
0.1,6.5,2.0,13.0,9.0,0.0,6.5,-0.7,6.1,2.6999999999999997,7.3999999999999995,possibility_preserving,0.8999999999999995,8.5,7.3999999999999995,1.0
0.1,6.5,2.5,13.0,9.0,0.0,6.5,-1.2,5.6,2.1999999999999997,6.8999999999999995,possibility_preserving,0.39999999999999947,9.0,6.8999999999999995,1.0
0.1,6.5,3.0,13.0,9.0,0.0,6.5,-1.7,5.1,1.6999999999999997,6.3999999999999995,myopic_greedy,-0.10000000000000053,9.5,6.3999999999999995,0.0
0.1,6.5,3.5,13.0,9.0,0.0,6.5,-2.2,4.6,1.1999999999999997,5.8999999999999995,myopic_greedy,-0.6000000000000005,10.0,5.8999999999999995,0.0
0.1,6.5,4.0,13.0,9.0,0.0,6.5,-2.7,4.1,0.6999999999999997,5.3999999999999995,myopic_greedy,-1.1000000000000005,10.5,5.3999999999999995,0.0
0.1,7.0,0.0,13.0,9.0,0.0,7.0,1.3,8.1,4.7,9.4,possibility_preserving,2.4000000000000004,7.0,9.4,1.0
0.1,7.0,0.5,13.0,9.0,0.0,7.0,0.8,7.6,4.2,8.9,possibility_preserving,1.9000000000000004,7.5,8.9,1.0
0.1,7.0,1.0,13.0,9.0,0.0,7.0,0.30000000000000004,7.1,3.6999999999999997,8.4,possibility_preserving,1.4000000000000004,8.0,8.4,1.0
0.1,7.0,1.5,13.0,9.0,0.0,7.0,-0.19999999999999996,6.6,3.1999999999999997,7.8999999999999995,possibility_preserving,0.8999999999999995,8.5,7.8999999999999995,1.0
0.1,7.0,2.0,13.0,9.0,0.0,7.0,-0.7,6.1,2.6999999999999997,7.3999999999999995,possibility_preserving,0.39999999999999947,9.0,7.3999999999999995,1.0
0.1,7.0,2.5,13.0,9.0,0.0,7.0,-1.2,5.6,2.1999999999999997,6.8999999999999995,myopic_greedy,-0.10000000000000053,9.5,6.8999999999999995,0.0
0.1,7.0,3.0,13.0,9.0,0.0,7.0,-1.7,5.1,1.6999999999999997,6.3999999999999995,myopic_greedy,-0.6000000000000005,10.0,6.3999999999999995,0.0
0.1,7.0,3.5,13.0,9.0,0.0,7.0,-2.2,4.6,1.1999999999999997,5.8999999999999995,myopic_greedy,-1.1000000000000005,10.5,5.8999999999999995,0.0
0.1,7.0,4.0,13.0,9.0,0.0,7.0,-2.7,4.1,0.6999999999999997,5.3999999999999995,myopic_greedy,-1.6000000000000005,11.0,5.3999999999999995,0.0
0.1,7.5,0.0,13.0,9.0,0.0,7.5,1.3,8.1,4.7,9.4,possibility_preserving,1.9000000000000004,7.5,9.4,1.0
0.1,7.5,0.5,13.0,9.0,0.0,7.5,0.8,7.6,4.2,8.9,possibility_preserving,1.4000000000000004,8.0,8.9,1.0
0.1,7.5,1.0,13.0,9.0,0.0,7.5,0.30000000000000004,7.1,3.6999999999999997,8.4,possibility_preserving,0.9000000000000004,8.5,8.4,1.0
0.1,7.5,1.5,13.0,9.0,0.0,7.5,-0.19999999999999996,6.6,3.1999999999999997,7.8999999999999995,possibility_preserving,0.39999999999999947,9.0,7.8999999999999995,1.0
0.1,7.5,2.0,13.0,9.0,0.0,7.5,-0.7,6.1,2.6999999999999997,7.3999999999999995,myopic_greedy,-0.10000000000000053,9.5,7.3999999999999995,0.0
0.1,7.5,2.5,13.0,9.0,0.0,7.5,-1.2,5.6,2.1999999999999997,6.8999999999999995,myopic_greedy,-0.6000000000000005,10.0,6.8999999999999995,0.0
0.1,7.5,3.0,13.0,9.0,0.0,7.5,-1.7,5.1,1.6999999999999997,6.3999999999999995,myopic_greedy,-1.1000000000000005,10.5,6.3999999999999995,0.0
0.1,7.5,3.5,13.0,9.0,0.0,7.5,-2.2,4.6,1.1999999999999997,5.8999999999999995,myopic_greedy,-1.6000000000000005,11.0,5.8999999999999995,0.0
0.1,7.5,4.0,13.0,9.0,0.0,7.5,-2.7,4.1,0.6999999999999997,5.3999999999999995,myopic_greedy,-2.1000000000000005,11.5,5.3999999999999995,0.0
0.1,8.0,0.0,13.0,9.0,0.0,8.0,1.3,8.1,4.7,9.4,possibility_preserving,1.4000000000000004,8.0,9.4,1.0
0.1,8.0,0.5,13.0,9.0,0.0,8.0,0.8,7.6,4.2,8.9,possibility_preserving,0.9000000000000004,8.5,8.9,1.0
0.1,8.0,1.0,13.0,9.0,0.0,8.0,0.30000000000000004,7.1,3.6999999999999997,8.4,possibility_preserving,0.40000000000000036,9.0,8.4,1.0
0.1,8.0,1.5,13.0,9.0,0.0,8.0,-0.19999999999999996,6.6,3.1999999999999997,7.8999999999999995,myopic_greedy,-0.10000000000000053,9.5,7.8999999999999995,0.0
0.1,8.0,2.0,13.0,9.0,0.0,8.0,-0.7,6.1,2.6999999999999997,7.3999999999999995,myopic_greedy,-0.6000000000000005,10.0,7.3999999999999995,0.0
0.1,8.0,2.5,13.0,9.0,0.0,8.0,-1.2,5.6,2.1999999999999997,6.8999999999999995,myopic_greedy,-1.1000000000000005,10.5,6.8999999999999995,0.0
0.1,8.0,3.0,13.0,9.0,0.0,8.0,-1.7,5.1,1.6999999999999997,6.3999999999999995,myopic_greedy,-1.6000000000000005,11.0,6.3999999999999995,0.0
0.1,8.0,3.5,13.0,9.0,0.0,8.0,-2.2,4.6,1.1999999999999997,5.8999999999999995,myopic_greedy,-2.1000000000000005,11.5,5.8999999999999995,0.0
0.1,8.0,4.0,13.0,9.0,0.0,8.0,-2.7,4.1,0.6999999999999997,5.3999999999999995,myopic_greedy,-2.6000000000000005,12.0,5.3999999999999995,0.0
0.1,8.5,0.0,13.0,9.0,0.0,8.5,1.3,8.1,4.7,9.4,possibility_preserving,0.9000000000000004,8.5,9.4,1.0
0.1,8.5,0.5,13.0,9.0,0.0,8.5,0.8,7.6,4.2,8.9,possibility_preserving,0.40000000000000036,9.0,8.9,1.0
0.1,8.5,1.0,13.0,9.0,0.0,8.5,0.30000000000000004,7.1,3.6999999999999997,8.4,myopic_greedy,-0.09999999999999964,9.5,8.4,0.0
0.1,8.5,1.5,13.0,9.0,0.0,8.5,-0.19999999999999996,6.6,3.1999999999999997,7.8999999999999995,myopic_greedy,-0.6000000000000005,10.0,7.8999999999999995,0.0
0.1,8.5,2.0,13.0,9.0,0.0,8.5,-0.7,6.1,2.6999999999999997,7.3999999999999995,myopic_greedy,-1.1000000000000005,10.5,7.3999999999999995,0.0
0.1,8.5,2.5,13.0,9.0,0.0,8.5,-1.2,5.6,2.1999999999999997,6.8999999999999995,myopic_greedy,-1.6000000000000005,11.0,6.8999999999999995,0.0
0.1,8.5,3.0,13.0,9.0,0.0,8.5,-1.7,5.1,1.6999999999999997,6.3999999999999995,myopic_greedy,-2.1000000000000005,11.5,6.3999999999999995,0.0
0.1,8.5,3.5,13.0,9.0,0.0,8.5,-2.2,4.6,1.1999999999999997,5.8999999999999995,myopic_greedy,-2.6000000000000005,12.0,5.8999999999999995,0.0
0.1,8.5,4.0,13.0,9.0,0.0,8.5,-2.7,4.1,0.6999999999999997,5.3999999999999995,myopic_greedy,-3.1000000000000005,12.5,5.3999999999999995,0.0
0.1,9.0,0.0,13.0,9.0,0.0,9.0,1.3,8.1,4.7,9.4,possibility_preserving,0.40000000000000036,9.0,9.4,1.0
0.1,9.0,0.5,13.0,9.0,0.0,9.0,0.8,7.6,4.2,8.9,myopic_greedy,-0.09999999999999964,9.5,8.9,0.0
0.1,9.0,1.0,13.0,9.0,0.0,9.0,0.30000000000000004,7.1,3.6999999999999997,8.4,myopic_greedy,-0.5999999999999996,10.0,8.4,0.0
0.1,9.0,1.5,13.0,9.0,0.0,9.0,-0.19999999999999996,6.6,3.1999999999999997,7.8999999999999995,myopic_greedy,-1.1000000000000005,10.5,7.8999999999999995,0.0
0.1,9.0,2.0,13.0,9.0,0.0,9.0,-0.7,6.1,2.6999999999999997,7.3999999999999995,myopic_greedy,-1.6000000000000005,11.0,7.3999999999999995,0.0
0.1,9.0,2.5,13.0,9.0,0.0,9.0,-1.2,5.6,2.1999999999999997,6.8999999999999995,myopic_greedy,-2.1000000000000005,11.5,6.8999999999999995,0.0
0.1,9.0,3.0,13.0,9.0,0.0,9.0,-1.7,5.1,1.6999999999999997,6.3999999999999995,myopic_greedy,-2.6000000000000005,12.0,6.3999999999999995,0.0
0.1,9.0,3.5,13.0,9.0,0.0,9.0,-2.2,4.6,1.1999999999999997,5.8999999999999995,myopic_greedy,-3.1000000000000005,12.5,5.8999999999999995,0.0
0.1,9.0,4.0,13.0,9.0,0.0,9.0,-2.7,4.1,0.6999999999999997,5.3999999999999995,myopic_greedy,-3.6000000000000005,13.0,5.3999999999999995,0.0
0.1,9.5,0.0,13.0,9.0,0.0,9.5,1.3,8.1,4.7,9.4,myopic_greedy,-0.09999999999999964,9.5,9.4,0.0
0.1,9.5,0.5,13.0,9.0,0.0,9.5,0.8,7.6,4.2,8.9,myopic_greedy,-0.5999999999999996,10.0,8.9,0.0
0.1,9.5,1.0,13.0,9.0,0.0,9.5,0.30000000000000004,7.1,3.6999999999999997,8.4,myopic_greedy,-1.0999999999999996,10.5,8.4,0.0
0.1,9.5,1.5,13.0,9.0,0.0,9.5,-0.19999999999999996,6.6,3.1999999999999997,7.8999999999999995,myopic_greedy,-1.6000000000000005,11.0,7.8999999999999995,0.0
0.1,9.5,2.0,13.0,9.0,0.0,9.5,-0.7,6.1,2.6999999999999997,7.3999999999999995,myopic_greedy,-2.1000000000000005,11.5,7.3999999999999995,0.0
0.1,9.5,2.5,13.0,9.0,0.0,9.5,-1.2,5.6,2.1999999999999997,6.8999999999999995,myopic_greedy,-2.6000000000000005,12.0,6.8999999999999995,0.0
0.1,9.5,3.0,13.0,9.0,0.0,9.5,-1.7,5.1,1.6999999999999997,6.3999999999999995,myopic_greedy,-3.1000000000000005,12.5,6.3999999999999995,0.0
0.1,9.5,3.5,13.0,9.0,0.0,9.5,-2.2,4.6,1.1999999999999997,5.8999999999999995,myopic_greedy,-3.6000000000000005,13.0,5.8999999999999995,0.0
0.1,9.5,4.0,13.0,9.0,0.0,9.5,-2.7,4.1,0.6999999999999997,5.3999999999999995,myopic_greedy,-4.1000000000000005,13.5,5.3999999999999995,0.0
0.1,10.0,0.0,13.0,9.0,0.0,10.0,1.3,8.1,4.7,9.4,myopic_greedy,-0.5999999999999996,10.0,9.4,0.0
0.1,10.0,0.5,13.0,9.0,0.0,10.0,0.8,7.6,4.2,8.9,myopic_greedy,-1.0999999999999996,10.5,8.9,0.0
0.1,10.0,1.0,13.0,9.0,0.0,10.0,0.30000000000000004,7.1,3.6999999999999997,8.4,myopic_greedy,-1.5999999999999996,11.0,8.4,0.0
0.1,10.0,1.5,13.0,9.0,0.0,10.0,-0.19999999999999996,6.6,3.1999999999999997,7.8999999999999995,myopic_greedy,-2.1000000000000005,11.5,7.8999999999999995,0.0
0.1,10.0,2.0,13.0,9.0,0.0,10.0,-0.7,6.1,2.6999999999999997,7.3999999999999995,myopic_greedy,-2.6000000000000005,12.0,7.3999999999999995,0.0
0.1,10.0,2.5,13.0,9.0,0.0,10.0,-1.2,5.6,2.1999999999999997,6.8999999999999995,myopic_greedy,-3.1000000000000005,12.5,6.8999999999999995,0.0
0.1,10.0,3.0,13.0,9.0,0.0,10.0,-1.7,5.1,1.6999999999999997,6.3999999999999995,myopic_greedy,-3.6000000000000005,13.0,6.3999999999999995,0.0
0.1,10.0,3.5,13.0,9.0,0.0,10.0,-2.2,4.6,1.1999999999999997,5.8999999999999995,myopic_greedy,-4.1000000000000005,13.5,5.8999999999999995,0.0
0.1,10.0,4.0,13.0,9.0,0.0,10.0,-2.7,4.1,0.6999999999999997,5.3999999999999995,myopic_greedy,-4.6000000000000005,14.0,5.3999999999999995,0.0
0.1,10.5,0.0,13.0,9.0,0.0,10.5,1.3,8.1,4.7,9.4,myopic_greedy,-1.0999999999999996,10.5,9.4,0.0
0.1,10.5,0.5,13.0,9.0,0.0,10.5,0.8,7.6,4.2,8.9,myopic_greedy,-1.5999999999999996,11.0,8.9,0.0
0.1,10.5,1.0,13.0,9.0,0.0,10.5,0.30000000000000004,7.1,3.6999999999999997,8.4,myopic_greedy,-2.0999999999999996,11.5,8.4,0.0
0.1,10.5,1.5,13.0,9.0,0.0,10.5,-0.19999999999999996,6.6,3.1999999999999997,7.8999999999999995,myopic_greedy,-2.6000000000000005,12.0,7.8999999999999995,0.0
0.1,10.5,2.0,13.0,9.0,0.0,10.5,-0.7,6.1,2.6999999999999997,7.3999999999999995,myopic_greedy,-3.1000000000000005,12.5,7.3999999999999995,0.0
0.1,10.5,2.5,13.0,9.0,0.0,10.5,-1.2,5.6,2.1999999999999997,6.8999999999999995,myopic_greedy,-3.6000000000000005,13.0,6.8999999999999995,0.0
0.1,10.5,3.0,13.0,9.0,0.0,10.5,-1.7,5.1,1.6999999999999997,6.3999999999999995,myopic_greedy,-4.1000000000000005,13.5,6.3999999999999995,0.0
0.1,10.5,3.5,13.0,9.0,0.0,10.5,-2.2,4.6,1.1999999999999997,5.8999999999999995,myopic_greedy,-4.6000000000000005,14.0,5.8999999999999995,0.0
0.1,10.5,4.0,13.0,9.0,0.0,10.5,-2.7,4.1,0.6999999999999997,5.3999999999999995,myopic_greedy,-5.1000000000000005,14.5,5.3999999999999995,0.0
0.1,11.0,0.0,13.0,9.0,0.0,11.0,1.3,8.1,4.7,9.4,myopic_greedy,-1.5999999999999996,11.0,9.4,0.0
0.1,11.0,0.5,13.0,9.0,0.0,11.0,0.8,7.6,4.2,8.9,myopic_greedy,-2.0999999999999996,11.5,8.9,0.0
0.1,11.0,1.0,13.0,9.0,0.0,11.0,0.30000000000000004,7.1,3.6999999999999997,8.4,myopic_greedy,-2.5999999999999996,12.0,8.4,0.0
0.1,11.0,1.5,13.0,9.0,0.0,11.0,-0.19999999999999996,6.6,3.1999999999999997,7.8999999999999995,myopic_greedy,-3.1000000000000005,12.5,7.8999999999999995,0.0
0.1,11.0,2.0,13.0,9.0,0.0,11.0,-0.7,6.1,2.6999999999999997,7.3999999999999995,myopic_greedy,-3.6000000000000005,13.0,7.3999999999999995,0.0
0.1,11.0,2.5,13.0,9.0,0.0,11.0,-1.2,5.6,2.1999999999999997,6.8999999999999995,myopic_greedy,-4.1000000000000005,13.5,6.8999999999999995,0.0
0.1,11.0,3.0,13.0,9.0,0.0,11.0,-1.7,5.1,1.6999999999999997,6.3999999999999995,myopic_greedy,-4.6000000000000005,14.0,6.3999999999999995,0.0
0.1,11.0,3.5,13.0,9.0,0.0,11.0,-2.2,4.6,1.1999999999999997,5.8999999999999995,myopic_greedy,-5.1000000000000005,14.5,5.8999999999999995,0.0
0.1,11.0,4.0,13.0,9.0,0.0,11.0,-2.7,4.1,0.6999999999999997,5.3999999999999995,myopic_greedy,-5.6000000000000005,15.0,5.3999999999999995,0.0
0.1,11.5,0.0,13.0,9.0,0.0,11.5,1.3,8.1,4.7,9.4,myopic_greedy,-2.0999999999999996,11.5,9.4,0.0
0.1,11.5,0.5,13.0,9.0,0.0,11.5,0.8,7.6,4.2,8.9,myopic_greedy,-2.5999999999999996,12.0,8.9,0.0
0.1,11.5,1.0,13.0,9.0,0.0,11.5,0.30000000000000004,7.1,3.6999999999999997,8.4,myopic_greedy,-3.0999999999999996,12.5,8.4,0.0
0.1,11.5,1.5,13.0,9.0,0.0,11.5,-0.19999999999999996,6.6,3.1999999999999997,7.8999999999999995,myopic_greedy,-3.6000000000000005,13.0,7.8999999999999995,0.0
0.1,11.5,2.0,13.0,9.0,0.0,11.5,-0.7,6.1,2.6999999999999997,7.3999999999999995,myopic_greedy,-4.1000000000000005,13.5,7.3999999999999995,0.0
0.1,11.5,2.5,13.0,9.0,0.0,11.5,-1.2,5.6,2.1999999999999997,6.8999999999999995,myopic_greedy,-4.6000000000000005,14.0,6.8999999999999995,0.0
0.1,11.5,3.0,13.0,9.0,0.0,11.5,-1.7,5.1,1.6999999999999997,6.3999999999999995,myopic_greedy,-5.1000000000000005,14.5,6.3999999999999995,0.0
0.1,11.5,3.5,13.0,9.0,0.0,11.5,-2.2,4.6,1.1999999999999997,5.8999999999999995,myopic_greedy,-5.6000000000000005,15.0,5.8999999999999995,0.0
0.1,11.5,4.0,13.0,9.0,0.0,11.5,-2.7,4.1,0.6999999999999997,5.3999999999999995,myopic_greedy,-6.1000000000000005,15.5,5.3999999999999995,0.0
0.1,12.0,0.0,13.0,9.0,0.0,12.0,1.3,8.1,4.7,9.4,myopic_greedy,-2.5999999999999996,12.0,9.4,0.0
0.1,12.0,0.5,13.0,9.0,0.0,12.0,0.8,7.6,4.2,8.9,myopic_greedy,-3.0999999999999996,12.5,8.9,0.0
0.1,12.0,1.0,13.0,9.0,0.0,12.0,0.30000000000000004,7.1,3.6999999999999997,8.4,myopic_greedy,-3.5999999999999996,13.0,8.4,0.0
0.1,12.0,1.5,13.0,9.0,0.0,12.0,-0.19999999999999996,6.6,3.1999999999999997,7.8999999999999995,myopic_greedy,-4.1000000000000005,13.5,7.8999999999999995,0.0
0.1,12.0,2.0,13.0,9.0,0.0,12.0,-0.7,6.1,2.6999999999999997,7.3999999999999995,myopic_greedy,-4.6000000000000005,14.0,7.3999999999999995,0.0
0.1,12.0,2.5,13.0,9.0,0.0,12.0,-1.2,5.6,2.1999999999999997,6.8999999999999995,myopic_greedy,-5.1000000000000005,14.5,6.8999999999999995,0.0
0.1,12.0,3.0,13.0,9.0,0.0,12.0,-1.7,5.1,1.6999999999999997,6.3999999999999995,myopic_greedy,-5.6000000000000005,15.0,6.3999999999999995,0.0
0.1,12.0,3.5,13.0,9.0,0.0,12.0,-2.2,4.6,1.1999999999999997,5.8999999999999995,myopic_greedy,-6.1000000000000005,15.5,5.8999999999999995,0.0
0.1,12.0,4.0,13.0,9.0,0.0,12.0,-2.7,4.1,0.6999999999999997,5.3999999999999995,myopic_greedy,-6.6000000000000005,16.0,5.3999999999999995,0.0
0.1,12.5,0.0,13.0,9.0,0.0,12.5,1.3,8.1,4.7,9.4,myopic_greedy,-3.0999999999999996,12.5,9.4,0.0
0.1,12.5,0.5,13.0,9.0,0.0,12.5,0.8,7.6,4.2,8.9,myopic_greedy,-3.5999999999999996,13.0,8.9,0.0
0.1,12.5,1.0,13.0,9.0,0.0,12.5,0.30000000000000004,7.1,3.6999999999999997,8.4,myopic_greedy,-4.1,13.5,8.4,0.0
0.1,12.5,1.5,13.0,9.0,0.0,12.5,-0.19999999999999996,6.6,3.1999999999999997,7.8999999999999995,myopic_greedy,-4.6000000000000005,14.0,7.8999999999999995,0.0
0.1,12.5,2.0,13.0,9.0,0.0,12.5,-0.7,6.1,2.6999999999999997,7.3999999999999995,myopic_greedy,-5.1000000000000005,14.5,7.3999999999999995,0.0
0.1,12.5,2.5,13.0,9.0,0.0,12.5,-1.2,5.6,2.1999999999999997,6.8999999999999995,myopic_greedy,-5.6000000000000005,15.0,6.8999999999999995,0.0
0.1,12.5,3.0,13.0,9.0,0.0,12.5,-1.7,5.1,1.6999999999999997,6.3999999999999995,myopic_greedy,-6.1000000000000005,15.5,6.3999999999999995,0.0
0.1,12.5,3.5,13.0,9.0,0.0,12.5,-2.2,4.6,1.1999999999999997,5.8999999999999995,myopic_greedy,-6.6000000000000005,16.0,5.8999999999999995,0.0
0.1,12.5,4.0,13.0,9.0,0.0,12.5,-2.7,4.1,0.6999999999999997,5.3999999999999995,myopic_greedy,-7.1000000000000005,16.5,5.3999999999999995,0.0
0.1,13.0,0.0,13.0,9.0,0.0,13.0,1.3,8.1,4.7,9.4,myopic_greedy,-3.5999999999999996,13.0,9.4,0.0
0.1,13.0,0.5,13.0,9.0,0.0,13.0,0.8,7.6,4.2,8.9,myopic_greedy,-4.1,13.5,8.9,0.0
0.1,13.0,1.0,13.0,9.0,0.0,13.0,0.30000000000000004,7.1,3.6999999999999997,8.4,myopic_greedy,-4.6,14.0,8.4,0.0
0.1,13.0,1.5,13.0,9.0,0.0,13.0,-0.19999999999999996,6.6,3.1999999999999997,7.8999999999999995,myopic_greedy,-5.1000000000000005,14.5,7.8999999999999995,0.0
0.1,13.0,2.0,13.0,9.0,0.0,13.0,-0.7,6.1,2.6999999999999997,7.3999999999999995,myopic_greedy,-5.6000000000000005,15.0,7.3999999999999995,0.0
0.1,13.0,2.5,13.0,9.0,0.0,13.0,-1.2,5.6,2.1999999999999997,6.8999999999999995,myopic_greedy,-6.1000000000000005,15.5,6.8999999999999995,0.0
0.1,13.0,3.0,13.0,9.0,0.0,13.0,-1.7,5.1,1.6999999999999997,6.3999999999999995,myopic_greedy,-6.6000000000000005,16.0,6.3999999999999995,0.0
0.1,13.0,3.5,13.0,9.0,0.0,13.0,-2.2,4.6,1.1999999999999997,5.8999999999999995,myopic_greedy,-7.1000000000000005,16.5,5.8999999999999995,0.0
0.1,13.0,4.0,13.0,9.0,0.0,13.0,-2.7,4.1,0.6999999999999997,5.3999999999999995,myopic_greedy,-7.6000000000000005,17.0,5.3999999999999995,0.0
0.1,13.5,0.0,13.0,9.0,0.0,13.5,1.3,8.1,4.7,9.4,myopic_greedy,-4.1,13.5,9.4,0.0
0.1,13.5,0.5,13.0,9.0,0.0,13.5,0.8,7.6,4.2,8.9,myopic_greedy,-4.6,14.0,8.9,0.0
0.1,13.5,1.0,13.0,9.0,0.0,13.5,0.30000000000000004,7.1,3.6999999999999997,8.4,myopic_greedy,-5.1,14.5,8.4,0.0
0.1,13.5,1.5,13.0,9.0,0.0,13.5,-0.19999999999999996,6.6,3.1999999999999997,7.8999999999999995,myopic_greedy,-5.6000000000000005,15.0,7.8999999999999995,0.0
0.1,13.5,2.0,13.0,9.0,0.0,13.5,-0.7,6.1,2.6999999999999997,7.3999999999999995,myopic_greedy,-6.1000000000000005,15.5,7.3999999999999995,0.0
0.1,13.5,2.5,13.0,9.0,0.0,13.5,-1.2,5.6,2.1999999999999997,6.8999999999999995,myopic_greedy,-6.6000000000000005,16.0,6.8999999999999995,0.0
0.1,13.5,3.0,13.0,9.0,0.0,13.5,-1.7,5.1,1.6999999999999997,6.3999999999999995,myopic_greedy,-7.1000000000000005,16.5,6.3999999999999995,0.0
0.1,13.5,3.5,13.0,9.0,0.0,13.5,-2.2,4.6,1.1999999999999997,5.8999999999999995,myopic_greedy,-7.6000000000000005,17.0,5.8999999999999995,0.0
0.1,13.5,4.0,13.0,9.0,0.0,13.5,-2.7,4.1,0.6999999999999997,5.3999999999999995,myopic_greedy,-8.100000000000001,17.5,5.3999999999999995,0.0
0.1,14.0,0.0,13.0,9.0,0.0,14.0,1.3,8.1,4.7,9.4,myopic_greedy,-4.6,14.0,9.4,0.0
0.1,14.0,0.5,13.0,9.0,0.0,14.0,0.8,7.6,4.2,8.9,myopic_greedy,-5.1,14.5,8.9,0.0
0.1,14.0,1.0,13.0,9.0,0.0,14.0,0.30000000000000004,7.1,3.6999999999999997,8.4,myopic_greedy,-5.6,15.0,8.4,0.0
0.1,14.0,1.5,13.0,9.0,0.0,14.0,-0.19999999999999996,6.6,3.1999999999999997,7.8999999999999995,myopic_greedy,-6.1000000000000005,15.5,7.8999999999999995,0.0
0.1,14.0,2.0,13.0,9.0,0.0,14.0,-0.7,6.1,2.6999999999999997,7.3999999999999995,myopic_greedy,-6.6000000000000005,16.0,7.3999999999999995,0.0
0.1,14.0,2.5,13.0,9.0,0.0,14.0,-1.2,5.6,2.1999999999999997,6.8999999999999995,myopic_greedy,-7.1000000000000005,16.5,6.8999999999999995,0.0
0.1,14.0,3.0,13.0,9.0,0.0,14.0,-1.7,5.1,1.6999999999999997,6.3999999999999995,myopic_greedy,-7.6000000000000005,17.0,6.3999999999999995,0.0
0.1,14.0,3.5,13.0,9.0,0.0,14.0,-2.2,4.6,1.1999999999999997,5.8999999999999995,myopic_greedy,-8.100000000000001,17.5,5.8999999999999995,0.0
0.1,14.0,4.0,13.0,9.0,0.0,14.0,-2.7,4.1,0.6999999999999997,5.3999999999999995,myopic_greedy,-8.600000000000001,18.0,5.3999999999999995,0.0
0.1,14.5,0.0,13.0,9.0,0.0,14.5,1.3,8.1,4.7,9.4,myopic_greedy,-5.1,14.5,9.4,0.0
0.1,14.5,0.5,13.0,9.0,0.0,14.5,0.8,7.6,4.2,8.9,myopic_greedy,-5.6,15.0,8.9,0.0
0.1,14.5,1.0,13.0,9.0,0.0,14.5,0.30000000000000004,7.1,3.6999999999999997,8.4,myopic_greedy,-6.1,15.5,8.4,0.0
0.1,14.5,1.5,13.0,9.0,0.0,14.5,-0.19999999999999996,6.6,3.1999999999999997,7.8999999999999995,myopic_greedy,-6.6000000000000005,16.0,7.8999999999999995,0.0
0.1,14.5,2.0,13.0,9.0,0.0,14.5,-0.7,6.1,2.6999999999999997,7.3999999999999995,myopic_greedy,-7.1000000000000005,16.5,7.3999999999999995,0.0
0.1,14.5,2.5,13.0,9.0,0.0,14.5,-1.2,5.6,2.1999999999999997,6.8999999999999995,myopic_greedy,-7.6000000000000005,17.0,6.8999999999999995,0.0
0.1,14.5,3.0,13.0,9.0,0.0,14.5,-1.7,5.1,1.6999999999999997,6.3999999999999995,myopic_greedy,-8.100000000000001,17.5,6.3999999999999995,0.0
0.1,14.5,3.5,13.0,9.0,0.0,14.5,-2.2,4.6,1.1999999999999997,5.8999999999999995,myopic_greedy,-8.600000000000001,18.0,5.8999999999999995,0.0
0.1,14.5,4.0,13.0,9.0,0.0,14.5,-2.7,4.1,0.6999999999999997,5.3999999999999995,myopic_greedy,-9.100000000000001,18.5,5.3999999999999995,0.0
0.1,15.0,0.0,13.0,9.0,0.0,15.0,1.3,8.1,4.7,9.4,myopic_greedy,-5.6,15.0,9.4,0.0
0.1,15.0,0.5,13.0,9.0,0.0,15.0,0.8,7.6,4.2,8.9,myopic_greedy,-6.1,15.5,8.9,0.0
0.1,15.0,1.0,13.0,9.0,0.0,15.0,0.30000000000000004,7.1,3.6999999999999997,8.4,myopic_greedy,-6.6,16.0,8.4,0.0
0.1,15.0,1.5,13.0,9.0,0.0,15.0,-0.19999999999999996,6.6,3.1999999999999997,7.8999999999999995,myopic_greedy,-7.1000000000000005,16.5,7.8999999999999995,0.0
0.1,15.0,2.0,13.0,9.0,0.0,15.0,-0.7,6.1,2.6999999999999997,7.3999999999999995,myopic_greedy,-7.6000000000000005,17.0,7.3999999999999995,0.0
0.1,15.0,2.5,13.0,9.0,0.0,15.0,-1.2,5.6,2.1999999999999997,6.8999999999999995,myopic_greedy,-8.100000000000001,17.5,6.8999999999999995,0.0
0.1,15.0,3.0,13.0,9.0,0.0,15.0,-1.7,5.1,1.6999999999999997,6.3999999999999995,myopic_greedy,-8.600000000000001,18.0,6.3999999999999995,0.0
0.1,15.0,3.5,13.0,9.0,0.0,15.0,-2.2,4.6,1.1999999999999997,5.8999999999999995,myopic_greedy,-9.100000000000001,18.5,5.8999999999999995,0.0
0.1,15.0,4.0,13.0,9.0,0.0,15.0,-2.7,4.1,0.6999999999999997,5.3999999999999995,myopic_greedy,-9.600000000000001,19.0,5.3999999999999995,0.0
0.1,15.5,0.0,13.0,9.0,0.0,15.5,1.3,8.1,4.7,9.4,myopic_greedy,-6.1,15.5,9.4,0.0
0.1,15.5,0.5,13.0,9.0,0.0,15.5,0.8,7.6,4.2,8.9,myopic_greedy,-6.6,16.0,8.9,0.0
0.1,15.5,1.0,13.0,9.0,0.0,15.5,0.30000000000000004,7.1,3.6999999999999997,8.4,myopic_greedy,-7.1,16.5,8.4,0.0
0.1,15.5,1.5,13.0,9.0,0.0,15.5,-0.19999999999999996,6.6,3.1999999999999997,7.8999999999999995,myopic_greedy,-7.6000000000000005,17.0,7.8999999999999995,0.0
0.1,15.5,2.0,13.0,9.0,0.0,15.5,-0.7,6.1,2.6999999999999997,7.3999999999999995,myopic_greedy,-8.100000000000001,17.5,7.3999999999999995,0.0
0.1,15.5,2.5,13.0,9.0,0.0,15.5,-1.2,5.6,2.1999999999999997,6.8999999999999995,myopic_greedy,-8.600000000000001,18.0,6.8999999999999995,0.0
0.1,15.5,3.0,13.0,9.0,0.0,15.5,-1.7,5.1,1.6999999999999997,6.3999999999999995,myopic_greedy,-9.100000000000001,18.5,6.3999999999999995,0.0
0.1,15.5,3.5,13.0,9.0,0.0,15.5,-2.2,4.6,1.1999999999999997,5.8999999999999995,myopic_greedy,-9.600000000000001,19.0,5.8999999999999995,0.0
0.1,15.5,4.0,13.0,9.0,0.0,15.5,-2.7,4.1,0.6999999999999997,5.3999999999999995,myopic_greedy,-10.100000000000001,19.5,5.3999999999999995,0.0
0.1,16.0,0.0,13.0,9.0,0.0,16.0,1.3,8.1,4.7,9.4,myopic_greedy,-6.6,16.0,9.4,0.0
0.1,16.0,0.5,13.0,9.0,0.0,16.0,0.8,7.6,4.2,8.9,myopic_greedy,-7.1,16.5,8.9,0.0
0.1,16.0,1.0,13.0,9.0,0.0,16.0,0.30000000000000004,7.1,3.6999999999999997,8.4,myopic_greedy,-7.6,17.0,8.4,0.0
0.1,16.0,1.5,13.0,9.0,0.0,16.0,-0.19999999999999996,6.6,3.1999999999999997,7.8999999999999995,myopic_greedy,-8.100000000000001,17.5,7.8999999999999995,0.0
0.1,16.0,2.0,13.0,9.0,0.0,16.0,-0.7,6.1,2.6999999999999997,7.3999999999999995,myopic_greedy,-8.600000000000001,18.0,7.3999999999999995,0.0
0.1,16.0,2.5,13.0,9.0,0.0,16.0,-1.2,5.6,2.1999999999999997,6.8999999999999995,myopic_greedy,-9.100000000000001,18.5,6.8999999999999995,0.0
0.1,16.0,3.0,13.0,9.0,0.0,16.0,-1.7,5.1,1.6999999999999997,6.3999999999999995,myopic_greedy,-9.600000000000001,19.0,6.3999999999999995,0.0
0.1,16.0,3.5,13.0,9.0,0.0,16.0,-2.2,4.6,1.1999999999999997,5.8999999999999995,myopic_greedy,-10.100000000000001,19.5,5.8999999999999995,0.0
0.1,16.0,4.0,13.0,9.0,0.0,16.0,-2.7,4.1,0.6999999999999997,5.3999999999999995,myopic_greedy,-10.600000000000001,20.0,5.3999999999999995,0.0
0.1,16.5,0.0,13.0,9.0,0.0,16.5,1.3,8.1,4.7,9.4,myopic_greedy,-7.1,16.5,9.4,0.0
0.1,16.5,0.5,13.0,9.0,0.0,16.5,0.8,7.6,4.2,8.9,myopic_greedy,-7.6,17.0,8.9,0.0
0.1,16.5,1.0,13.0,9.0,0.0,16.5,0.30000000000000004,7.1,3.6999999999999997,8.4,myopic_greedy,-8.1,17.5,8.4,0.0
0.1,16.5,1.5,13.0,9.0,0.0,16.5,-0.19999999999999996,6.6,3.1999999999999997,7.8999999999999995,myopic_greedy,-8.600000000000001,18.0,7.8999999999999995,0.0
0.1,16.5,2.0,13.0,9.0,0.0,16.5,-0.7,6.1,2.6999999999999997,7.3999999999999995,myopic_greedy,-9.100000000000001,18.5,7.3999999999999995,0.0
0.1,16.5,2.5,13.0,9.0,0.0,16.5,-1.2,5.6,2.1999999999999997,6.8999999999999995,myopic_greedy,-9.600000000000001,19.0,6.8999999999999995,0.0
0.1,16.5,3.0,13.0,9.0,0.0,16.5,-1.7,5.1,1.6999999999999997,6.3999999999999995,myopic_greedy,-10.100000000000001,19.5,6.3999999999999995,0.0
0.1,16.5,3.5,13.0,9.0,0.0,16.5,-2.2,4.6,1.1999999999999997,5.8999999999999995,myopic_greedy,-10.600000000000001,20.0,5.8999999999999995,0.0
0.1,16.5,4.0,13.0,9.0,0.0,16.5,-2.7,4.1,0.6999999999999997,5.3999999999999995,myopic_greedy,-11.100000000000001,20.5,5.3999999999999995,0.0
0.1,17.0,0.0,13.0,9.0,0.0,17.0,1.3,8.1,4.7,9.4,myopic_greedy,-7.6,17.0,9.4,0.0
0.1,17.0,0.5,13.0,9.0,0.0,17.0,0.8,7.6,4.2,8.9,myopic_greedy,-8.1,17.5,8.9,0.0
0.1,17.0,1.0,13.0,9.0,0.0,17.0,0.30000000000000004,7.1,3.6999999999999997,8.4,myopic_greedy,-8.6,18.0,8.4,0.0
0.1,17.0,1.5,13.0,9.0,0.0,17.0,-0.19999999999999996,6.6,3.1999999999999997,7.8999999999999995,myopic_greedy,-9.100000000000001,18.5,7.8999999999999995,0.0
0.1,17.0,2.0,13.0,9.0,0.0,17.0,-0.7,6.1,2.6999999999999997,7.3999999999999995,myopic_greedy,-9.600000000000001,19.0,7.3999999999999995,0.0
0.1,17.0,2.5,13.0,9.0,0.0,17.0,-1.2,5.6,2.1999999999999997,6.8999999999999995,myopic_greedy,-10.100000000000001,19.5,6.8999999999999995,0.0
0.1,17.0,3.0,13.0,9.0,0.0,17.0,-1.7,5.1,1.6999999999999997,6.3999999999999995,myopic_greedy,-10.600000000000001,20.0,6.3999999999999995,0.0
0.1,17.0,3.5,13.0,9.0,0.0,17.0,-2.2,4.6,1.1999999999999997,5.8999999999999995,myopic_greedy,-11.100000000000001,20.5,5.8999999999999995,0.0
0.1,17.0,4.0,13.0,9.0,0.0,17.0,-2.7,4.1,0.6999999999999997,5.3999999999999995,myopic_greedy,-11.600000000000001,21.0,5.3999999999999995,0.0
0.1,17.5,0.0,13.0,9.0,0.0,17.5,1.3,8.1,4.7,9.4,myopic_greedy,-8.1,17.5,9.4,0.0
0.1,17.5,0.5,13.0,9.0,0.0,17.5,0.8,7.6,4.2,8.9,myopic_greedy,-8.6,18.0,8.9,0.0
0.1,17.5,1.0,13.0,9.0,0.0,17.5,0.30000000000000004,7.1,3.6999999999999997,8.4,myopic_greedy,-9.1,18.5,8.4,0.0
0.1,17.5,1.5,13.0,9.0,0.0,17.5,-0.19999999999999996,6.6,3.1999999999999997,7.8999999999999995,myopic_greedy,-9.600000000000001,19.0,7.8999999999999995,0.0
0.1,17.5,2.0,13.0,9.0,0.0,17.5,-0.7,6.1,2.6999999999999997,7.3999999999999995,myopic_greedy,-10.100000000000001,19.5,7.3999999999999995,0.0
0.1,17.5,2.5,13.0,9.0,0.0,17.5,-1.2,5.6,2.1999999999999997,6.8999999999999995,myopic_greedy,-10.600000000000001,20.0,6.8999999999999995,0.0
0.1,17.5,3.0,13.0,9.0,0.0,17.5,-1.7,5.1,1.6999999999999997,6.3999999999999995,myopic_greedy,-11.100000000000001,20.5,6.3999999999999995,0.0
0.1,17.5,3.5,13.0,9.0,0.0,17.5,-2.2,4.6,1.1999999999999997,5.8999999999999995,myopic_greedy,-11.600000000000001,21.0,5.8999999999999995,0.0
0.1,17.5,4.0,13.0,9.0,0.0,17.5,-2.7,4.1,0.6999999999999997,5.3999999999999995,myopic_greedy,-12.100000000000001,21.5,5.3999999999999995,0.0
0.1,18.0,0.0,13.0,9.0,0.0,18.0,1.3,8.1,4.7,9.4,myopic_greedy,-8.6,18.0,9.4,0.0
0.1,18.0,0.5,13.0,9.0,0.0,18.0,0.8,7.6,4.2,8.9,myopic_greedy,-9.1,18.5,8.9,0.0
0.1,18.0,1.0,13.0,9.0,0.0,18.0,0.30000000000000004,7.1,3.6999999999999997,8.4,myopic_greedy,-9.6,19.0,8.4,0.0
0.1,18.0,1.5,13.0,9.0,0.0,18.0,-0.19999999999999996,6.6,3.1999999999999997,7.8999999999999995,myopic_greedy,-10.100000000000001,19.5,7.8999999999999995,0.0
0.1,18.0,2.0,13.0,9.0,0.0,18.0,-0.7,6.1,2.6999999999999997,7.3999999999999995,myopic_greedy,-10.600000000000001,20.0,7.3999999999999995,0.0
0.1,18.0,2.5,13.0,9.0,0.0,18.0,-1.2,5.6,2.1999999999999997,6.8999999999999995,myopic_greedy,-11.100000000000001,20.5,6.8999999999999995,0.0
0.1,18.0,3.0,13.0,9.0,0.0,18.0,-1.7,5.1,1.6999999999999997,6.3999999999999995,myopic_greedy,-11.600000000000001,21.0,6.3999999999999995,0.0
0.1,18.0,3.5,13.0,9.0,0.0,18.0,-2.2,4.6,1.1999999999999997,5.8999999999999995,myopic_greedy,-12.100000000000001,21.5,5.8999999999999995,0.0
0.1,18.0,4.0,13.0,9.0,0.0,18.0,-2.7,4.1,0.6999999999999997,5.3999999999999995,myopic_greedy,-12.600000000000001,22.0,5.3999999999999995,0.0
0.15,6.0,0.0,13.0,9.0,0.0,6.0,1.95,7.6499999999999995,4.8,9.6,possibility_preserving,3.5999999999999996,6.0,9.6,1.0
0.15,6.0,0.5,13.0,9.0,0.0,6.0,1.45,7.1499999999999995,4.3,9.1,possibility_preserving,3.0999999999999996,6.5,9.1,1.0
0.15,6.0,1.0,13.0,9.0,0.0,6.0,0.95,6.6499999999999995,3.8,8.6,possibility_preserving,2.5999999999999996,7.0,8.6,1.0
0.15,6.0,1.5,13.0,9.0,0.0,6.0,0.44999999999999996,6.1499999999999995,3.3,8.1,possibility_preserving,2.0999999999999996,7.5,8.1,1.0
0.15,6.0,2.0,13.0,9.0,0.0,6.0,-0.050000000000000044,5.6499999999999995,2.8,7.6,possibility_preserving,1.5999999999999996,8.0,7.6,1.0
0.15,6.0,2.5,13.0,9.0,0.0,6.0,-0.55,5.1499999999999995,2.3,7.1,possibility_preserving,1.0999999999999996,8.5,7.1,1.0
0.15,6.0,3.0,13.0,9.0,0.0,6.0,-1.05,4.6499999999999995,1.7999999999999998,6.6,possibility_preserving,0.5999999999999996,9.0,6.6,1.0
0.15,6.0,3.5,13.0,9.0,0.0,6.0,-1.55,4.1499999999999995,1.2999999999999998,6.1,possibility_preserving,0.09999999999999964,9.5,6.1,1.0
0.15,6.0,4.0,13.0,9.0,0.0,6.0,-2.05,3.6499999999999995,0.7999999999999998,5.6,myopic_greedy,-0.40000000000000036,10.0,5.6,0.0
0.15,6.5,0.0,13.0,9.0,0.0,6.5,1.95,7.6499999999999995,4.8,9.6,possibility_preserving,3.0999999999999996,6.5,9.6,1.0
0.15,6.5,0.5,13.0,9.0,0.0,6.5,1.45,7.1499999999999995,4.3,9.1,possibility_preserving,2.5999999999999996,7.0,9.1,1.0
0.15,6.5,1.0,13.0,9.0,0.0,6.5,0.95,6.6499999999999995,3.8,8.6,possibility_preserving,2.0999999999999996,7.5,8.6,1.0
0.15,6.5,1.5,13.0,9.0,0.0,6.5,0.44999999999999996,6.1499999999999995,3.3,8.1,possibility_preserving,1.5999999999999996,8.0,8.1,1.0
0.15,6.5,2.0,13.0,9.0,0.0,6.5,-0.050000000000000044,5.6499999999999995,2.8,7.6,possibility_preserving,1.0999999999999996,8.5,7.6,1.0
0.15,6.5,2.5,13.0,9.0,0.0,6.5,-0.55,5.1499999999999995,2.3,7.1,possibility_preserving,0.5999999999999996,9.0,7.1,1.0
0.15,6.5,3.0,13.0,9.0,0.0,6.5,-1.05,4.6499999999999995,1.7999999999999998,6.6,possibility_preserving,0.09999999999999964,9.5,6.6,1.0
0.15,6.5,3.5,13.0,9.0,0.0,6.5,-1.55,4.1499999999999995,1.2999999999999998,6.1,myopic_greedy,-0.40000000000000036,10.0,6.1,0.0
0.15,6.5,4.0,13.0,9.0,0.0,6.5,-2.05,3.6499999999999995,0.7999999999999998,5.6,myopic_greedy,-0.9000000000000004,10.5,5.6,0.0
0.15,7.0,0.0,13.0,9.0,0.0,7.0,1.95,7.6499999999999995,4.8,9.6,possibility_preserving,2.5999999999999996,7.0,9.6,1.0
0.15,7.0,0.5,13.0,9.0,0.0,7.0,1.45,7.1499999999999995,4.3,9.1,possibility_preserving,2.0999999999999996,7.5,9.1,1.0
0.15,7.0,1.0,13.0,9.0,0.0,7.0,0.95,6.6499999999999995,3.8,8.6,possibility_preserving,1.5999999999999996,8.0,8.6,1.0
0.15,7.0,1.5,13.0,9.0,0.0,7.0,0.44999999999999996,6.1499999999999995,3.3,8.1,possibility_preserving,1.0999999999999996,8.5,8.1,1.0
0.15,7.0,2.0,13.0,9.0,0.0,7.0,-0.050000000000000044,5.6499999999999995,2.8,7.6,possibility_preserving,0.5999999999999996,9.0,7.6,1.0
0.15,7.0,2.5,13.0,9.0,0.0,7.0,-0.55,5.1499999999999995,2.3,7.1,possibility_preserving,0.09999999999999964,9.5,7.1,1.0
0.15,7.0,3.0,13.0,9.0,0.0,7.0,-1.05,4.6499999999999995,1.7999999999999998,6.6,myopic_greedy,-0.40000000000000036,10.0,6.6,0.0
0.15,7.0,3.5,13.0,9.0,0.0,7.0,-1.55,4.1499999999999995,1.2999999999999998,6.1,myopic_greedy,-0.9000000000000004,10.5,6.1,0.0
0.15,7.0,4.0,13.0,9.0,0.0,7.0,-2.05,3.6499999999999995,0.7999999999999998,5.6,myopic_greedy,-1.4000000000000004,11.0,5.6,0.0
0.15,7.5,0.0,13.0,9.0,0.0,7.5,1.95,7.6499999999999995,4.8,9.6,possibility_preserving,2.0999999999999996,7.5,9.6,1.0
0.15,7.5,0.5,13.0,9.0,0.0,7.5,1.45,7.1499999999999995,4.3,9.1,possibility_preserving,1.5999999999999996,8.0,9.1,1.0
0.15,7.5,1.0,13.0,9.0,0.0,7.5,0.95,6.6499999999999995,3.8,8.6,possibility_preserving,1.0999999999999996,8.5,8.6,1.0
0.15,7.5,1.5,13.0,9.0,0.0,7.5,0.44999999999999996,6.1499999999999995,3.3,8.1,possibility_preserving,0.5999999999999996,9.0,8.1,1.0
0.15,7.5,2.0,13.0,9.0,0.0,7.5,-0.050000000000000044,5.6499999999999995,2.8,7.6,possibility_preserving,0.09999999999999964,9.5,7.6,1.0
0.15,7.5,2.5,13.0,9.0,0.0,7.5,-0.55,5.1499999999999995,2.3,7.1,myopic_greedy,-0.40000000000000036,10.0,7.1,0.0
0.15,7.5,3.0,13.0,9.0,0.0,7.5,-1.05,4.6499999999999995,1.7999999999999998,6.6,myopic_greedy,-0.9000000000000004,10.5,6.6,0.0
0.15,7.5,3.5,13.0,9.0,0.0,7.5,-1.55,4.1499999999999995,1.2999999999999998,6.1,myopic_greedy,-1.4000000000000004,11.0,6.1,0.0
0.15,7.5,4.0,13.0,9.0,0.0,7.5,-2.05,3.6499999999999995,0.7999999999999998,5.6,myopic_greedy,-1.9000000000000004,11.5,5.6,0.0
0.15,8.0,0.0,13.0,9.0,0.0,8.0,1.95,7.6499999999999995,4.8,9.6,possibility_preserving,1.5999999999999996,8.0,9.6,1.0
0.15,8.0,0.5,13.0,9.0,0.0,8.0,1.45,7.1499999999999995,4.3,9.1,possibility_preserving,1.0999999999999996,8.5,9.1,1.0
0.15,8.0,1.0,13.0,9.0,0.0,8.0,0.95,6.6499999999999995,3.8,8.6,possibility_preserving,0.5999999999999996,9.0,8.6,1.0
0.15,8.0,1.5,13.0,9.0,0.0,8.0,0.44999999999999996,6.1499999999999995,3.3,8.1,possibility_preserving,0.09999999999999964,9.5,8.1,1.0
0.15,8.0,2.0,13.0,9.0,0.0,8.0,-0.050000000000000044,5.6499999999999995,2.8,7.6,myopic_greedy,-0.40000000000000036,10.0,7.6,0.0
0.15,8.0,2.5,13.0,9.0,0.0,8.0,-0.55,5.1499999999999995,2.3,7.1,myopic_greedy,-0.9000000000000004,10.5,7.1,0.0
0.15,8.0,3.0,13.0,9.0,0.0,8.0,-1.05,4.6499999999999995,1.7999999999999998,6.6,myopic_greedy,-1.4000000000000004,11.0,6.6,0.0
0.15,8.0,3.5,13.0,9.0,0.0,8.0,-1.55,4.1499999999999995,1.2999999999999998,6.1,myopic_greedy,-1.9000000000000004,11.5,6.1,0.0
0.15,8.0,4.0,13.0,9.0,0.0,8.0,-2.05,3.6499999999999995,0.7999999999999998,5.6,myopic_greedy,-2.4000000000000004,12.0,5.6,0.0
0.15,8.5,0.0,13.0,9.0,0.0,8.5,1.95,7.6499999999999995,4.8,9.6,possibility_preserving,1.0999999999999996,8.5,9.6,1.0
0.15,8.5,0.5,13.0,9.0,0.0,8.5,1.45,7.1499999999999995,4.3,9.1,possibility_preserving,0.5999999999999996,9.0,9.1,1.0
0.15,8.5,1.0,13.0,9.0,0.0,8.5,0.95,6.6499999999999995,3.8,8.6,possibility_preserving,0.09999999999999964,9.5,8.6,1.0
0.15,8.5,1.5,13.0,9.0,0.0,8.5,0.44999999999999996,6.1499999999999995,3.3,8.1,myopic_greedy,-0.40000000000000036,10.0,8.1,0.0
0.15,8.5,2.0,13.0,9.0,0.0,8.5,-0.050000000000000044,5.6499999999999995,2.8,7.6,myopic_greedy,-0.9000000000000004,10.5,7.6,0.0
0.15,8.5,2.5,13.0,9.0,0.0,8.5,-0.55,5.1499999999999995,2.3,7.1,myopic_greedy,-1.4000000000000004,11.0,7.1,0.0
0.15,8.5,3.0,13.0,9.0,0.0,8.5,-1.05,4.6499999999999995,1.7999999999999998,6.6,myopic_greedy,-1.9000000000000004,11.5,6.6,0.0
0.15,8.5,3.5,13.0,9.0,0.0,8.5,-1.55,4.1499999999999995,1.2999999999999998,6.1,myopic_greedy,-2.4000000000000004,12.0,6.1,0.0
0.15,8.5,4.0,13.0,9.0,0.0,8.5,-2.05,3.6499999999999995,0.7999999999999998,5.6,myopic_greedy,-2.9000000000000004,12.5,5.6,0.0
0.15,9.0,0.0,13.0,9.0,0.0,9.0,1.95,7.6499999999999995,4.8,9.6,possibility_preserving,0.5999999999999996,9.0,9.6,1.0
0.15,9.0,0.5,13.0,9.0,0.0,9.0,1.45,7.1499999999999995,4.3,9.1,possibility_preserving,0.09999999999999964,9.5,9.1,1.0
0.15,9.0,1.0,13.0,9.0,0.0,9.0,0.95,6.6499999999999995,3.8,8.6,myopic_greedy,-0.40000000000000036,10.0,8.6,0.0
0.15,9.0,1.5,13.0,9.0,0.0,9.0,0.44999999999999996,6.1499999999999995,3.3,8.1,myopic_greedy,-0.9000000000000004,10.5,8.1,0.0
0.15,9.0,2.0,13.0,9.0,0.0,9.0,-0.050000000000000044,5.6499999999999995,2.8,7.6,myopic_greedy,-1.4000000000000004,11.0,7.6,0.0
0.15,9.0,2.5,13.0,9.0,0.0,9.0,-0.55,5.1499999999999995,2.3,7.1,myopic_greedy,-1.9000000000000004,11.5,7.1,0.0
0.15,9.0,3.0,13.0,9.0,0.0,9.0,-1.05,4.6499999999999995,1.7999999999999998,6.6,myopic_greedy,-2.4000000000000004,12.0,6.6,0.0
0.15,9.0,3.5,13.0,9.0,0.0,9.0,-1.55,4.1499999999999995,1.2999999999999998,6.1,myopic_greedy,-2.9000000000000004,12.5,6.1,0.0
0.15,9.0,4.0,13.0,9.0,0.0,9.0,-2.05,3.6499999999999995,0.7999999999999998,5.6,myopic_greedy,-3.4000000000000004,13.0,5.6,0.0
0.15,9.5,0.0,13.0,9.0,0.0,9.5,1.95,7.6499999999999995,4.8,9.6,possibility_preserving,0.09999999999999964,9.5,9.6,1.0
0.15,9.5,0.5,13.0,9.0,0.0,9.5,1.45,7.1499999999999995,4.3,9.1,myopic_greedy,-0.40000000000000036,10.0,9.1,0.0
0.15,9.5,1.0,13.0,9.0,0.0,9.5,0.95,6.6499999999999995,3.8,8.6,myopic_greedy,-0.9000000000000004,10.5,8.6,0.0
0.15,9.5,1.5,13.0,9.0,0.0,9.5,0.44999999999999996,6.1499999999999995,3.3,8.1,myopic_greedy,-1.4000000000000004,11.0,8.1,0.0
0.15,9.5,2.0,13.0,9.0,0.0,9.5,-0.050000000000000044,5.6499999999999995,2.8,7.6,myopic_greedy,-1.9000000000000004,11.5,7.6,0.0
0.15,9.5,2.5,13.0,9.0,0.0,9.5,-0.55,5.1499999999999995,2.3,7.1,myopic_greedy,-2.4000000000000004,12.0,7.1,0.0
0.15,9.5,3.0,13.0,9.0,0.0,9.5,-1.05,4.6499999999999995,1.7999999999999998,6.6,myopic_greedy,-2.9000000000000004,12.5,6.6,0.0
0.15,9.5,3.5,13.0,9.0,0.0,9.5,-1.55,4.1499999999999995,1.2999999999999998,6.1,myopic_greedy,-3.4000000000000004,13.0,6.1,0.0
0.15,9.5,4.0,13.0,9.0,0.0,9.5,-2.05,3.6499999999999995,0.7999999999999998,5.6,myopic_greedy,-3.9000000000000004,13.5,5.6,0.0
0.15,10.0,0.0,13.0,9.0,0.0,10.0,1.95,7.6499999999999995,4.8,9.6,myopic_greedy,-0.40000000000000036,10.0,9.6,0.0
0.15,10.0,0.5,13.0,9.0,0.0,10.0,1.45,7.1499999999999995,4.3,9.1,myopic_greedy,-0.9000000000000004,10.5,9.1,0.0
0.15,10.0,1.0,13.0,9.0,0.0,10.0,0.95,6.6499999999999995,3.8,8.6,myopic_greedy,-1.4000000000000004,11.0,8.6,0.0
0.15,10.0,1.5,13.0,9.0,0.0,10.0,0.44999999999999996,6.1499999999999995,3.3,8.1,myopic_greedy,-1.9000000000000004,11.5,8.1,0.0
0.15,10.0,2.0,13.0,9.0,0.0,10.0,-0.050000000000000044,5.6499999999999995,2.8,7.6,myopic_greedy,-2.4000000000000004,12.0,7.6,0.0
0.15,10.0,2.5,13.0,9.0,0.0,10.0,-0.55,5.1499999999999995,2.3,7.1,myopic_greedy,-2.9000000000000004,12.5,7.1,0.0
0.15,10.0,3.0,13.0,9.0,0.0,10.0,-1.05,4.6499999999999995,1.7999999999999998,6.6,myopic_greedy,-3.4000000000000004,13.0,6.6,0.0
0.15,10.0,3.5,13.0,9.0,0.0,10.0,-1.55,4.1499999999999995,1.2999999999999998,6.1,myopic_greedy,-3.9000000000000004,13.5,6.1,0.0
0.15,10.0,4.0,13.0,9.0,0.0,10.0,-2.05,3.6499999999999995,0.7999999999999998,5.6,myopic_greedy,-4.4,14.0,5.6,0.0
0.15,10.5,0.0,13.0,9.0,0.0,10.5,1.95,7.6499999999999995,4.8,9.6,myopic_greedy,-0.9000000000000004,10.5,9.6,0.0
0.15,10.5,0.5,13.0,9.0,0.0,10.5,1.45,7.1499999999999995,4.3,9.1,myopic_greedy,-1.4000000000000004,11.0,9.1,0.0
0.15,10.5,1.0,13.0,9.0,0.0,10.5,0.95,6.6499999999999995,3.8,8.6,myopic_greedy,-1.9000000000000004,11.5,8.6,0.0
0.15,10.5,1.5,13.0,9.0,0.0,10.5,0.44999999999999996,6.1499999999999995,3.3,8.1,myopic_greedy,-2.4000000000000004,12.0,8.1,0.0
0.15,10.5,2.0,13.0,9.0,0.0,10.5,-0.050000000000000044,5.6499999999999995,2.8,7.6,myopic_greedy,-2.9000000000000004,12.5,7.6,0.0
0.15,10.5,2.5,13.0,9.0,0.0,10.5,-0.55,5.1499999999999995,2.3,7.1,myopic_greedy,-3.4000000000000004,13.0,7.1,0.0
0.15,10.5,3.0,13.0,9.0,0.0,10.5,-1.05,4.6499999999999995,1.7999999999999998,6.6,myopic_greedy,-3.9000000000000004,13.5,6.6,0.0
0.15,10.5,3.5,13.0,9.0,0.0,10.5,-1.55,4.1499999999999995,1.2999999999999998,6.1,myopic_greedy,-4.4,14.0,6.1,0.0
0.15,10.5,4.0,13.0,9.0,0.0,10.5,-2.05,3.6499999999999995,0.7999999999999998,5.6,myopic_greedy,-4.9,14.5,5.6,0.0
0.15,11.0,0.0,13.0,9.0,0.0,11.0,1.95,7.6499999999999995,4.8,9.6,myopic_greedy,-1.4000000000000004,11.0,9.6,0.0
0.15,11.0,0.5,13.0,9.0,0.0,11.0,1.45,7.1499999999999995,4.3,9.1,myopic_greedy,-1.9000000000000004,11.5,9.1,0.0
0.15,11.0,1.0,13.0,9.0,0.0,11.0,0.95,6.6499999999999995,3.8,8.6,myopic_greedy,-2.4000000000000004,12.0,8.6,0.0
0.15,11.0,1.5,13.0,9.0,0.0,11.0,0.44999999999999996,6.1499999999999995,3.3,8.1,myopic_greedy,-2.9000000000000004,12.5,8.1,0.0
0.15,11.0,2.0,13.0,9.0,0.0,11.0,-0.050000000000000044,5.6499999999999995,2.8,7.6,myopic_greedy,-3.4000000000000004,13.0,7.6,0.0
0.15,11.0,2.5,13.0,9.0,0.0,11.0,-0.55,5.1499999999999995,2.3,7.1,myopic_greedy,-3.9000000000000004,13.5,7.1,0.0
0.15,11.0,3.0,13.0,9.0,0.0,11.0,-1.05,4.6499999999999995,1.7999999999999998,6.6,myopic_greedy,-4.4,14.0,6.6,0.0
0.15,11.0,3.5,13.0,9.0,0.0,11.0,-1.55,4.1499999999999995,1.2999999999999998,6.1,myopic_greedy,-4.9,14.5,6.1,0.0
0.15,11.0,4.0,13.0,9.0,0.0,11.0,-2.05,3.6499999999999995,0.7999999999999998,5.6,myopic_greedy,-5.4,15.0,5.6,0.0
0.15,11.5,0.0,13.0,9.0,0.0,11.5,1.95,7.6499999999999995,4.8,9.6,myopic_greedy,-1.9000000000000004,11.5,9.6,0.0
0.15,11.5,0.5,13.0,9.0,0.0,11.5,1.45,7.1499999999999995,4.3,9.1,myopic_greedy,-2.4000000000000004,12.0,9.1,0.0
0.15,11.5,1.0,13.0,9.0,0.0,11.5,0.95,6.6499999999999995,3.8,8.6,myopic_greedy,-2.9000000000000004,12.5,8.6,0.0
0.15,11.5,1.5,13.0,9.0,0.0,11.5,0.44999999999999996,6.1499999999999995,3.3,8.1,myopic_greedy,-3.4000000000000004,13.0,8.1,0.0
0.15,11.5,2.0,13.0,9.0,0.0,11.5,-0.050000000000000044,5.6499999999999995,2.8,7.6,myopic_greedy,-3.9000000000000004,13.5,7.6,0.0
0.15,11.5,2.5,13.0,9.0,0.0,11.5,-0.55,5.1499999999999995,2.3,7.1,myopic_greedy,-4.4,14.0,7.1,0.0
0.15,11.5,3.0,13.0,9.0,0.0,11.5,-1.05,4.6499999999999995,1.7999999999999998,6.6,myopic_greedy,-4.9,14.5,6.6,0.0
0.15,11.5,3.5,13.0,9.0,0.0,11.5,-1.55,4.1499999999999995,1.2999999999999998,6.1,myopic_greedy,-5.4,15.0,6.1,0.0
0.15,11.5,4.0,13.0,9.0,0.0,11.5,-2.05,3.6499999999999995,0.7999999999999998,5.6,myopic_greedy,-5.9,15.5,5.6,0.0
0.15,12.0,0.0,13.0,9.0,0.0,12.0,1.95,7.6499999999999995,4.8,9.6,myopic_greedy,-2.4000000000000004,12.0,9.6,0.0
0.15,12.0,0.5,13.0,9.0,0.0,12.0,1.45,7.1499999999999995,4.3,9.1,myopic_greedy,-2.9000000000000004,12.5,9.1,0.0
0.15,12.0,1.0,13.0,9.0,0.0,12.0,0.95,6.6499999999999995,3.8,8.6,myopic_greedy,-3.4000000000000004,13.0,8.6,0.0
0.15,12.0,1.5,13.0,9.0,0.0,12.0,0.44999999999999996,6.1499999999999995,3.3,8.1,myopic_greedy,-3.9000000000000004,13.5,8.1,0.0
0.15,12.0,2.0,13.0,9.0,0.0,12.0,-0.050000000000000044,5.6499999999999995,2.8,7.6,myopic_greedy,-4.4,14.0,7.6,0.0
0.15,12.0,2.5,13.0,9.0,0.0,12.0,-0.55,5.1499999999999995,2.3,7.1,myopic_greedy,-4.9,14.5,7.1,0.0
0.15,12.0,3.0,13.0,9.0,0.0,12.0,-1.05,4.6499999999999995,1.7999999999999998,6.6,myopic_greedy,-5.4,15.0,6.6,0.0
0.15,12.0,3.5,13.0,9.0,0.0,12.0,-1.55,4.1499999999999995,1.2999999999999998,6.1,myopic_greedy,-5.9,15.5,6.1,0.0
0.15,12.0,4.0,13.0,9.0,0.0,12.0,-2.05,3.6499999999999995,0.7999999999999998,5.6,myopic_greedy,-6.4,16.0,5.6,0.0
0.15,12.5,0.0,13.0,9.0,0.0,12.5,1.95,7.6499999999999995,4.8,9.6,myopic_greedy,-2.9000000000000004,12.5,9.6,0.0
0.15,12.5,0.5,13.0,9.0,0.0,12.5,1.45,7.1499999999999995,4.3,9.1,myopic_greedy,-3.4000000000000004,13.0,9.1,0.0
0.15,12.5,1.0,13.0,9.0,0.0,12.5,0.95,6.6499999999999995,3.8,8.6,myopic_greedy,-3.9000000000000004,13.5,8.6,0.0
0.15,12.5,1.5,13.0,9.0,0.0,12.5,0.44999999999999996,6.1499999999999995,3.3,8.1,myopic_greedy,-4.4,14.0,8.1,0.0
0.15,12.5,2.0,13.0,9.0,0.0,12.5,-0.050000000000000044,5.6499999999999995,2.8,7.6,myopic_greedy,-4.9,14.5,7.6,0.0
0.15,12.5,2.5,13.0,9.0,0.0,12.5,-0.55,5.1499999999999995,2.3,7.1,myopic_greedy,-5.4,15.0,7.1,0.0
0.15,12.5,3.0,13.0,9.0,0.0,12.5,-1.05,4.6499999999999995,1.7999999999999998,6.6,myopic_greedy,-5.9,15.5,6.6,0.0
0.15,12.5,3.5,13.0,9.0,0.0,12.5,-1.55,4.1499999999999995,1.2999999999999998,6.1,myopic_greedy,-6.4,16.0,6.1,0.0
0.15,12.5,4.0,13.0,9.0,0.0,12.5,-2.05,3.6499999999999995,0.7999999999999998,5.6,myopic_greedy,-6.9,16.5,5.6,0.0
0.15,13.0,0.0,13.0,9.0,0.0,13.0,1.95,7.6499999999999995,4.8,9.6,myopic_greedy,-3.4000000000000004,13.0,9.6,0.0
0.15,13.0,0.5,13.0,9.0,0.0,13.0,1.45,7.1499999999999995,4.3,9.1,myopic_greedy,-3.9000000000000004,13.5,9.1,0.0
0.15,13.0,1.0,13.0,9.0,0.0,13.0,0.95,6.6499999999999995,3.8,8.6,myopic_greedy,-4.4,14.0,8.6,0.0
0.15,13.0,1.5,13.0,9.0,0.0,13.0,0.44999999999999996,6.1499999999999995,3.3,8.1,myopic_greedy,-4.9,14.5,8.1,0.0
0.15,13.0,2.0,13.0,9.0,0.0,13.0,-0.050000000000000044,5.6499999999999995,2.8,7.6,myopic_greedy,-5.4,15.0,7.6,0.0
0.15,13.0,2.5,13.0,9.0,0.0,13.0,-0.55,5.1499999999999995,2.3,7.1,myopic_greedy,-5.9,15.5,7.1,0.0
0.15,13.0,3.0,13.0,9.0,0.0,13.0,-1.05,4.6499999999999995,1.7999999999999998,6.6,myopic_greedy,-6.4,16.0,6.6,0.0
0.15,13.0,3.5,13.0,9.0,0.0,13.0,-1.55,4.1499999999999995,1.2999999999999998,6.1,myopic_greedy,-6.9,16.5,6.1,0.0
0.15,13.0,4.0,13.0,9.0,0.0,13.0,-2.05,3.6499999999999995,0.7999999999999998,5.6,myopic_greedy,-7.4,17.0,5.6,0.0
0.15,13.5,0.0,13.0,9.0,0.0,13.5,1.95,7.6499999999999995,4.8,9.6,myopic_greedy,-3.9000000000000004,13.5,9.6,0.0
0.15,13.5,0.5,13.0,9.0,0.0,13.5,1.45,7.1499999999999995,4.3,9.1,myopic_greedy,-4.4,14.0,9.1,0.0
0.15,13.5,1.0,13.0,9.0,0.0,13.5,0.95,6.6499999999999995,3.8,8.6,myopic_greedy,-4.9,14.5,8.6,0.0
0.15,13.5,1.5,13.0,9.0,0.0,13.5,0.44999999999999996,6.1499999999999995,3.3,8.1,myopic_greedy,-5.4,15.0,8.1,0.0
0.15,13.5,2.0,13.0,9.0,0.0,13.5,-0.050000000000000044,5.6499999999999995,2.8,7.6,myopic_greedy,-5.9,15.5,7.6,0.0
0.15,13.5,2.5,13.0,9.0,0.0,13.5,-0.55,5.1499999999999995,2.3,7.1,myopic_greedy,-6.4,16.0,7.1,0.0
0.15,13.5,3.0,13.0,9.0,0.0,13.5,-1.05,4.6499999999999995,1.7999999999999998,6.6,myopic_greedy,-6.9,16.5,6.6,0.0
0.15,13.5,3.5,13.0,9.0,0.0,13.5,-1.55,4.1499999999999995,1.2999999999999998,6.1,myopic_greedy,-7.4,17.0,6.1,0.0
0.15,13.5,4.0,13.0,9.0,0.0,13.5,-2.05,3.6499999999999995,0.7999999999999998,5.6,myopic_greedy,-7.9,17.5,5.6,0.0
0.15,14.0,0.0,13.0,9.0,0.0,14.0,1.95,7.6499999999999995,4.8,9.6,myopic_greedy,-4.4,14.0,9.6,0.0
0.15,14.0,0.5,13.0,9.0,0.0,14.0,1.45,7.1499999999999995,4.3,9.1,myopic_greedy,-4.9,14.5,9.1,0.0
0.15,14.0,1.0,13.0,9.0,0.0,14.0,0.95,6.6499999999999995,3.8,8.6,myopic_greedy,-5.4,15.0,8.6,0.0
0.15,14.0,1.5,13.0,9.0,0.0,14.0,0.44999999999999996,6.1499999999999995,3.3,8.1,myopic_greedy,-5.9,15.5,8.1,0.0
0.15,14.0,2.0,13.0,9.0,0.0,14.0,-0.050000000000000044,5.6499999999999995,2.8,7.6,myopic_greedy,-6.4,16.0,7.6,0.0
0.15,14.0,2.5,13.0,9.0,0.0,14.0,-0.55,5.1499999999999995,2.3,7.1,myopic_greedy,-6.9,16.5,7.1,0.0
0.15,14.0,3.0,13.0,9.0,0.0,14.0,-1.05,4.6499999999999995,1.7999999999999998,6.6,myopic_greedy,-7.4,17.0,6.6,0.0
0.15,14.0,3.5,13.0,9.0,0.0,14.0,-1.55,4.1499999999999995,1.2999999999999998,6.1,myopic_greedy,-7.9,17.5,6.1,0.0
0.15,14.0,4.0,13.0,9.0,0.0,14.0,-2.05,3.6499999999999995,0.7999999999999998,5.6,myopic_greedy,-8.4,18.0,5.6,0.0
0.15,14.5,0.0,13.0,9.0,0.0,14.5,1.95,7.6499999999999995,4.8,9.6,myopic_greedy,-4.9,14.5,9.6,0.0
0.15,14.5,0.5,13.0,9.0,0.0,14.5,1.45,7.1499999999999995,4.3,9.1,myopic_greedy,-5.4,15.0,9.1,0.0
0.15,14.5,1.0,13.0,9.0,0.0,14.5,0.95,6.6499999999999995,3.8,8.6,myopic_greedy,-5.9,15.5,8.6,0.0
0.15,14.5,1.5,13.0,9.0,0.0,14.5,0.44999999999999996,6.1499999999999995,3.3,8.1,myopic_greedy,-6.4,16.0,8.1,0.0
0.15,14.5,2.0,13.0,9.0,0.0,14.5,-0.050000000000000044,5.6499999999999995,2.8,7.6,myopic_greedy,-6.9,16.5,7.6,0.0
0.15,14.5,2.5,13.0,9.0,0.0,14.5,-0.55,5.1499999999999995,2.3,7.1,myopic_greedy,-7.4,17.0,7.1,0.0
0.15,14.5,3.0,13.0,9.0,0.0,14.5,-1.05,4.6499999999999995,1.7999999999999998,6.6,myopic_greedy,-7.9,17.5,6.6,0.0
0.15,14.5,3.5,13.0,9.0,0.0,14.5,-1.55,4.1499999999999995,1.2999999999999998,6.1,myopic_greedy,-8.4,18.0,6.1,0.0
0.15,14.5,4.0,13.0,9.0,0.0,14.5,-2.05,3.6499999999999995,0.7999999999999998,5.6,myopic_greedy,-8.9,18.5,5.6,0.0
0.15,15.0,0.0,13.0,9.0,0.0,15.0,1.95,7.6499999999999995,4.8,9.6,myopic_greedy,-5.4,15.0,9.6,0.0
0.15,15.0,0.5,13.0,9.0,0.0,15.0,1.45,7.1499999999999995,4.3,9.1,myopic_greedy,-5.9,15.5,9.1,0.0
0.15,15.0,1.0,13.0,9.0,0.0,15.0,0.95,6.6499999999999995,3.8,8.6,myopic_greedy,-6.4,16.0,8.6,0.0
0.15,15.0,1.5,13.0,9.0,0.0,15.0,0.44999999999999996,6.1499999999999995,3.3,8.1,myopic_greedy,-6.9,16.5,8.1,0.0
0.15,15.0,2.0,13.0,9.0,0.0,15.0,-0.050000000000000044,5.6499999999999995,2.8,7.6,myopic_greedy,-7.4,17.0,7.6,0.0
0.15,15.0,2.5,13.0,9.0,0.0,15.0,-0.55,5.1499999999999995,2.3,7.1,myopic_greedy,-7.9,17.5,7.1,0.0
0.15,15.0,3.0,13.0,9.0,0.0,15.0,-1.05,4.6499999999999995,1.7999999999999998,6.6,myopic_greedy,-8.4,18.0,6.6,0.0
0.15,15.0,3.5,13.0,9.0,0.0,15.0,-1.55,4.1499999999999995,1.2999999999999998,6.1,myopic_greedy,-8.9,18.5,6.1,0.0
0.15,15.0,4.0,13.0,9.0,0.0,15.0,-2.05,3.6499999999999995,0.7999999999999998,5.6,myopic_greedy,-9.4,19.0,5.6,0.0
0.15,15.5,0.0,13.0,9.0,0.0,15.5,1.95,7.6499999999999995,4.8,9.6,myopic_greedy,-5.9,15.5,9.6,0.0
0.15,15.5,0.5,13.0,9.0,0.0,15.5,1.45,7.1499999999999995,4.3,9.1,myopic_greedy,-6.4,16.0,9.1,0.0
0.15,15.5,1.0,13.0,9.0,0.0,15.5,0.95,6.6499999999999995,3.8,8.6,myopic_greedy,-6.9,16.5,8.6,0.0
0.15,15.5,1.5,13.0,9.0,0.0,15.5,0.44999999999999996,6.1499999999999995,3.3,8.1,myopic_greedy,-7.4,17.0,8.1,0.0
0.15,15.5,2.0,13.0,9.0,0.0,15.5,-0.050000000000000044,5.6499999999999995,2.8,7.6,myopic_greedy,-7.9,17.5,7.6,0.0
0.15,15.5,2.5,13.0,9.0,0.0,15.5,-0.55,5.1499999999999995,2.3,7.1,myopic_greedy,-8.4,18.0,7.1,0.0
0.15,15.5,3.0,13.0,9.0,0.0,15.5,-1.05,4.6499999999999995,1.7999999999999998,6.6,myopic_greedy,-8.9,18.5,6.6,0.0
0.15,15.5,3.5,13.0,9.0,0.0,15.5,-1.55,4.1499999999999995,1.2999999999999998,6.1,myopic_greedy,-9.4,19.0,6.1,0.0
0.15,15.5,4.0,13.0,9.0,0.0,15.5,-2.05,3.6499999999999995,0.7999999999999998,5.6,myopic_greedy,-9.9,19.5,5.6,0.0
0.15,16.0,0.0,13.0,9.0,0.0,16.0,1.95,7.6499999999999995,4.8,9.6,myopic_greedy,-6.4,16.0,9.6,0.0
0.15,16.0,0.5,13.0,9.0,0.0,16.0,1.45,7.1499999999999995,4.3,9.1,myopic_greedy,-6.9,16.5,9.1,0.0
0.15,16.0,1.0,13.0,9.0,0.0,16.0,0.95,6.6499999999999995,3.8,8.6,myopic_greedy,-7.4,17.0,8.6,0.0
0.15,16.0,1.5,13.0,9.0,0.0,16.0,0.44999999999999996,6.1499999999999995,3.3,8.1,myopic_greedy,-7.9,17.5,8.1,0.0
0.15,16.0,2.0,13.0,9.0,0.0,16.0,-0.050000000000000044,5.6499999999999995,2.8,7.6,myopic_greedy,-8.4,18.0,7.6,0.0
0.15,16.0,2.5,13.0,9.0,0.0,16.0,-0.55,5.1499999999999995,2.3,7.1,myopic_greedy,-8.9,18.5,7.1,0.0
0.15,16.0,3.0,13.0,9.0,0.0,16.0,-1.05,4.6499999999999995,1.7999999999999998,6.6,myopic_greedy,-9.4,19.0,6.6,0.0
0.15,16.0,3.5,13.0,9.0,0.0,16.0,-1.55,4.1499999999999995,1.2999999999999998,6.1,myopic_greedy,-9.9,19.5,6.1,0.0
0.15,16.0,4.0,13.0,9.0,0.0,16.0,-2.05,3.6499999999999995,0.7999999999999998,5.6,myopic_greedy,-10.4,20.0,5.6,0.0
0.15,16.5,0.0,13.0,9.0,0.0,16.5,1.95,7.6499999999999995,4.8,9.6,myopic_greedy,-6.9,16.5,9.6,0.0
0.15,16.5,0.5,13.0,9.0,0.0,16.5,1.45,7.1499999999999995,4.3,9.1,myopic_greedy,-7.4,17.0,9.1,0.0
0.15,16.5,1.0,13.0,9.0,0.0,16.5,0.95,6.6499999999999995,3.8,8.6,myopic_greedy,-7.9,17.5,8.6,0.0
0.15,16.5,1.5,13.0,9.0,0.0,16.5,0.44999999999999996,6.1499999999999995,3.3,8.1,myopic_greedy,-8.4,18.0,8.1,0.0
0.15,16.5,2.0,13.0,9.0,0.0,16.5,-0.050000000000000044,5.6499999999999995,2.8,7.6,myopic_greedy,-8.9,18.5,7.6,0.0
0.15,16.5,2.5,13.0,9.0,0.0,16.5,-0.55,5.1499999999999995,2.3,7.1,myopic_greedy,-9.4,19.0,7.1,0.0
0.15,16.5,3.0,13.0,9.0,0.0,16.5,-1.05,4.6499999999999995,1.7999999999999998,6.6,myopic_greedy,-9.9,19.5,6.6,0.0
0.15,16.5,3.5,13.0,9.0,0.0,16.5,-1.55,4.1499999999999995,1.2999999999999998,6.1,myopic_greedy,-10.4,20.0,6.1,0.0
0.15,16.5,4.0,13.0,9.0,0.0,16.5,-2.05,3.6499999999999995,0.7999999999999998,5.6,myopic_greedy,-10.9,20.5,5.6,0.0
0.15,17.0,0.0,13.0,9.0,0.0,17.0,1.95,7.6499999999999995,4.8,9.6,myopic_greedy,-7.4,17.0,9.6,0.0
0.15,17.0,0.5,13.0,9.0,0.0,17.0,1.45,7.1499999999999995,4.3,9.1,myopic_greedy,-7.9,17.5,9.1,0.0
0.15,17.0,1.0,13.0,9.0,0.0,17.0,0.95,6.6499999999999995,3.8,8.6,myopic_greedy,-8.4,18.0,8.6,0.0
0.15,17.0,1.5,13.0,9.0,0.0,17.0,0.44999999999999996,6.1499999999999995,3.3,8.1,myopic_greedy,-8.9,18.5,8.1,0.0
0.15,17.0,2.0,13.0,9.0,0.0,17.0,-0.050000000000000044,5.6499999999999995,2.8,7.6,myopic_greedy,-9.4,19.0,7.6,0.0
0.15,17.0,2.5,13.0,9.0,0.0,17.0,-0.55,5.1499999999999995,2.3,7.1,myopic_greedy,-9.9,19.5,7.1,0.0
0.15,17.0,3.0,13.0,9.0,0.0,17.0,-1.05,4.6499999999999995,1.7999999999999998,6.6,myopic_greedy,-10.4,20.0,6.6,0.0
0.15,17.0,3.5,13.0,9.0,0.0,17.0,-1.55,4.1499999999999995,1.2999999999999998,6.1,myopic_greedy,-10.9,20.5,6.1,0.0
0.15,17.0,4.0,13.0,9.0,0.0,17.0,-2.05,3.6499999999999995,0.7999999999999998,5.6,myopic_greedy,-11.4,21.0,5.6,0.0
0.15,17.5,0.0,13.0,9.0,0.0,17.5,1.95,7.6499999999999995,4.8,9.6,myopic_greedy,-7.9,17.5,9.6,0.0
0.15,17.5,0.5,13.0,9.0,0.0,17.5,1.45,7.1499999999999995,4.3,9.1,myopic_greedy,-8.4,18.0,9.1,0.0
0.15,17.5,1.0,13.0,9.0,0.0,17.5,0.95,6.6499999999999995,3.8,8.6,myopic_greedy,-8.9,18.5,8.6,0.0
0.15,17.5,1.5,13.0,9.0,0.0,17.5,0.44999999999999996,6.1499999999999995,3.3,8.1,myopic_greedy,-9.4,19.0,8.1,0.0
0.15,17.5,2.0,13.0,9.0,0.0,17.5,-0.050000000000000044,5.6499999999999995,2.8,7.6,myopic_greedy,-9.9,19.5,7.6,0.0
0.15,17.5,2.5,13.0,9.0,0.0,17.5,-0.55,5.1499999999999995,2.3,7.1,myopic_greedy,-10.4,20.0,7.1,0.0
0.15,17.5,3.0,13.0,9.0,0.0,17.5,-1.05,4.6499999999999995,1.7999999999999998,6.6,myopic_greedy,-10.9,20.5,6.6,0.0
0.15,17.5,3.5,13.0,9.0,0.0,17.5,-1.55,4.1499999999999995,1.2999999999999998,6.1,myopic_greedy,-11.4,21.0,6.1,0.0
0.15,17.5,4.0,13.0,9.0,0.0,17.5,-2.05,3.6499999999999995,0.7999999999999998,5.6,myopic_greedy,-11.9,21.5,5.6,0.0
0.15,18.0,0.0,13.0,9.0,0.0,18.0,1.95,7.6499999999999995,4.8,9.6,myopic_greedy,-8.4,18.0,9.6,0.0
0.15,18.0,0.5,13.0,9.0,0.0,18.0,1.45,7.1499999999999995,4.3,9.1,myopic_greedy,-8.9,18.5,9.1,0.0
0.15,18.0,1.0,13.0,9.0,0.0,18.0,0.95,6.6499999999999995,3.8,8.6,myopic_greedy,-9.4,19.0,8.6,0.0
0.15,18.0,1.5,13.0,9.0,0.0,18.0,0.44999999999999996,6.1499999999999995,3.3,8.1,myopic_greedy,-9.9,19.5,8.1,0.0
0.15,18.0,2.0,13.0,9.0,0.0,18.0,-0.050000000000000044,5.6499999999999995,2.8,7.6,myopic_greedy,-10.4,20.0,7.6,0.0
0.15,18.0,2.5,13.0,9.0,0.0,18.0,-0.55,5.1499999999999995,2.3,7.1,myopic_greedy,-10.9,20.5,7.1,0.0
0.15,18.0,3.0,13.0,9.0,0.0,18.0,-1.05,4.6499999999999995,1.7999999999999998,6.6,myopic_greedy,-11.4,21.0,6.6,0.0
0.15,18.0,3.5,13.0,9.0,0.0,18.0,-1.55,4.1499999999999995,1.2999999999999998,6.1,myopic_greedy,-11.9,21.5,6.1,0.0
0.15,18.0,4.0,13.0,9.0,0.0,18.0,-2.05,3.6499999999999995,0.7999999999999998,5.6,myopic_greedy,-12.4,22.0,5.6,0.0
0.2,6.0,0.0,13.0,9.0,0.0,6.0,2.6,7.2,4.9,9.8,possibility_preserving,3.8000000000000007,6.0,9.8,1.0
0.2,6.0,0.5,13.0,9.0,0.0,6.0,2.1,6.7,4.4,9.3,possibility_preserving,3.3000000000000007,6.5,9.3,1.0
0.2,6.0,1.0,13.0,9.0,0.0,6.0,1.6,6.2,3.9000000000000004,8.8,possibility_preserving,2.8000000000000007,7.0,8.8,1.0
0.2,6.0,1.5,13.0,9.0,0.0,6.0,1.1,5.7,3.4000000000000004,8.3,possibility_preserving,2.3000000000000007,7.5,8.3,1.0
0.2,6.0,2.0,13.0,9.0,0.0,6.0,0.6000000000000001,5.2,2.9000000000000004,7.800000000000001,possibility_preserving,1.8000000000000007,8.0,7.800000000000001,1.0
0.2,6.0,2.5,13.0,9.0,0.0,6.0,0.10000000000000009,4.7,2.4000000000000004,7.300000000000001,possibility_preserving,1.3000000000000007,8.5,7.300000000000001,1.0
0.2,6.0,3.0,13.0,9.0,0.0,6.0,-0.3999999999999999,4.2,1.9000000000000001,6.800000000000001,possibility_preserving,0.8000000000000007,9.0,6.800000000000001,1.0
0.2,6.0,3.5,13.0,9.0,0.0,6.0,-0.8999999999999999,3.7,1.4000000000000001,6.300000000000001,possibility_preserving,0.3000000000000007,9.5,6.300000000000001,1.0
0.2,6.0,4.0,13.0,9.0,0.0,6.0,-1.4,3.2,0.9000000000000001,5.800000000000001,myopic_greedy,-0.1999999999999993,10.0,5.800000000000001,0.0
0.2,6.5,0.0,13.0,9.0,0.0,6.5,2.6,7.2,4.9,9.8,possibility_preserving,3.3000000000000007,6.5,9.8,1.0
0.2,6.5,0.5,13.0,9.0,0.0,6.5,2.1,6.7,4.4,9.3,possibility_preserving,2.8000000000000007,7.0,9.3,1.0
0.2,6.5,1.0,13.0,9.0,0.0,6.5,1.6,6.2,3.9000000000000004,8.8,possibility_preserving,2.3000000000000007,7.5,8.8,1.0
0.2,6.5,1.5,13.0,9.0,0.0,6.5,1.1,5.7,3.4000000000000004,8.3,possibility_preserving,1.8000000000000007,8.0,8.3,1.0
0.2,6.5,2.0,13.0,9.0,0.0,6.5,0.6000000000000001,5.2,2.9000000000000004,7.800000000000001,possibility_preserving,1.3000000000000007,8.5,7.800000000000001,1.0
0.2,6.5,2.5,13.0,9.0,0.0,6.5,0.10000000000000009,4.7,2.4000000000000004,7.300000000000001,possibility_preserving,0.8000000000000007,9.0,7.300000000000001,1.0
0.2,6.5,3.0,13.0,9.0,0.0,6.5,-0.3999999999999999,4.2,1.9000000000000001,6.800000000000001,possibility_preserving,0.3000000000000007,9.5,6.800000000000001,1.0
0.2,6.5,3.5,13.0,9.0,0.0,6.5,-0.8999999999999999,3.7,1.4000000000000001,6.300000000000001,myopic_greedy,-0.1999999999999993,10.0,6.300000000000001,0.0
0.2,6.5,4.0,13.0,9.0,0.0,6.5,-1.4,3.2,0.9000000000000001,5.800000000000001,myopic_greedy,-0.6999999999999993,10.5,5.800000000000001,0.0
0.2,7.0,0.0,13.0,9.0,0.0,7.0,2.6,7.2,4.9,9.8,possibility_preserving,2.8000000000000007,7.0,9.8,1.0
0.2,7.0,0.5,13.0,9.0,0.0,7.0,2.1,6.7,4.4,9.3,possibility_preserving,2.3000000000000007,7.5,9.3,1.0
0.2,7.0,1.0,13.0,9.0,0.0,7.0,1.6,6.2,3.9000000000000004,8.8,possibility_preserving,1.8000000000000007,8.0,8.8,1.0
0.2,7.0,1.5,13.0,9.0,0.0,7.0,1.1,5.7,3.4000000000000004,8.3,possibility_preserving,1.3000000000000007,8.5,8.3,1.0
0.2,7.0,2.0,13.0,9.0,0.0,7.0,0.6000000000000001,5.2,2.9000000000000004,7.800000000000001,possibility_preserving,0.8000000000000007,9.0,7.800000000000001,1.0
0.2,7.0,2.5,13.0,9.0,0.0,7.0,0.10000000000000009,4.7,2.4000000000000004,7.300000000000001,possibility_preserving,0.3000000000000007,9.5,7.300000000000001,1.0
0.2,7.0,3.0,13.0,9.0,0.0,7.0,-0.3999999999999999,4.2,1.9000000000000001,6.800000000000001,myopic_greedy,-0.1999999999999993,10.0,6.800000000000001,0.0
0.2,7.0,3.5,13.0,9.0,0.0,7.0,-0.8999999999999999,3.7,1.4000000000000001,6.300000000000001,myopic_greedy,-0.6999999999999993,10.5,6.300000000000001,0.0
0.2,7.0,4.0,13.0,9.0,0.0,7.0,-1.4,3.2,0.9000000000000001,5.800000000000001,myopic_greedy,-1.1999999999999993,11.0,5.800000000000001,0.0
0.2,7.5,0.0,13.0,9.0,0.0,7.5,2.6,7.2,4.9,9.8,possibility_preserving,2.3000000000000007,7.5,9.8,1.0
0.2,7.5,0.5,13.0,9.0,0.0,7.5,2.1,6.7,4.4,9.3,possibility_preserving,1.8000000000000007,8.0,9.3,1.0
0.2,7.5,1.0,13.0,9.0,0.0,7.5,1.6,6.2,3.9000000000000004,8.8,possibility_preserving,1.3000000000000007,8.5,8.8,1.0
0.2,7.5,1.5,13.0,9.0,0.0,7.5,1.1,5.7,3.4000000000000004,8.3,possibility_preserving,0.8000000000000007,9.0,8.3,1.0
0.2,7.5,2.0,13.0,9.0,0.0,7.5,0.6000000000000001,5.2,2.9000000000000004,7.800000000000001,possibility_preserving,0.3000000000000007,9.5,7.800000000000001,1.0
0.2,7.5,2.5,13.0,9.0,0.0,7.5,0.10000000000000009,4.7,2.4000000000000004,7.300000000000001,myopic_greedy,-0.1999999999999993,10.0,7.300000000000001,0.0
0.2,7.5,3.0,13.0,9.0,0.0,7.5,-0.3999999999999999,4.2,1.9000000000000001,6.800000000000001,myopic_greedy,-0.6999999999999993,10.5,6.800000000000001,0.0
0.2,7.5,3.5,13.0,9.0,0.0,7.5,-0.8999999999999999,3.7,1.4000000000000001,6.300000000000001,myopic_greedy,-1.1999999999999993,11.0,6.300000000000001,0.0
0.2,7.5,4.0,13.0,9.0,0.0,7.5,-1.4,3.2,0.9000000000000001,5.800000000000001,myopic_greedy,-1.6999999999999993,11.5,5.800000000000001,0.0
0.2,8.0,0.0,13.0,9.0,0.0,8.0,2.6,7.2,4.9,9.8,possibility_preserving,1.8000000000000007,8.0,9.8,1.0
0.2,8.0,0.5,13.0,9.0,0.0,8.0,2.1,6.7,4.4,9.3,possibility_preserving,1.3000000000000007,8.5,9.3,1.0
0.2,8.0,1.0,13.0,9.0,0.0,8.0,1.6,6.2,3.9000000000000004,8.8,possibility_preserving,0.8000000000000007,9.0,8.8,1.0
0.2,8.0,1.5,13.0,9.0,0.0,8.0,1.1,5.7,3.4000000000000004,8.3,possibility_preserving,0.3000000000000007,9.5,8.3,1.0
0.2,8.0,2.0,13.0,9.0,0.0,8.0,0.6000000000000001,5.2,2.9000000000000004,7.800000000000001,myopic_greedy,-0.1999999999999993,10.0,7.800000000000001,0.0
0.2,8.0,2.5,13.0,9.0,0.0,8.0,0.10000000000000009,4.7,2.4000000000000004,7.300000000000001,myopic_greedy,-0.6999999999999993,10.5,7.300000000000001,0.0
0.2,8.0,3.0,13.0,9.0,0.0,8.0,-0.3999999999999999,4.2,1.9000000000000001,6.800000000000001,myopic_greedy,-1.1999999999999993,11.0,6.800000000000001,0.0
0.2,8.0,3.5,13.0,9.0,0.0,8.0,-0.8999999999999999,3.7,1.4000000000000001,6.300000000000001,myopic_greedy,-1.6999999999999993,11.5,6.300000000000001,0.0
0.2,8.0,4.0,13.0,9.0,0.0,8.0,-1.4,3.2,0.9000000000000001,5.800000000000001,myopic_greedy,-2.1999999999999993,12.0,5.800000000000001,0.0
0.2,8.5,0.0,13.0,9.0,0.0,8.5,2.6,7.2,4.9,9.8,possibility_preserving,1.3000000000000007,8.5,9.8,1.0
0.2,8.5,0.5,13.0,9.0,0.0,8.5,2.1,6.7,4.4,9.3,possibility_preserving,0.8000000000000007,9.0,9.3,1.0
0.2,8.5,1.0,13.0,9.0,0.0,8.5,1.6,6.2,3.9000000000000004,8.8,possibility_preserving,0.3000000000000007,9.5,8.8,1.0
0.2,8.5,1.5,13.0,9.0,0.0,8.5,1.1,5.7,3.4000000000000004,8.3,myopic_greedy,-0.1999999999999993,10.0,8.3,0.0
0.2,8.5,2.0,13.0,9.0,0.0,8.5,0.6000000000000001,5.2,2.9000000000000004,7.800000000000001,myopic_greedy,-0.6999999999999993,10.5,7.800000000000001,0.0
0.2,8.5,2.5,13.0,9.0,0.0,8.5,0.10000000000000009,4.7,2.4000000000000004,7.300000000000001,myopic_greedy,-1.1999999999999993,11.0,7.300000000000001,0.0
0.2,8.5,3.0,13.0,9.0,0.0,8.5,-0.3999999999999999,4.2,1.9000000000000001,6.800000000000001,myopic_greedy,-1.6999999999999993,11.5,6.800000000000001,0.0
0.2,8.5,3.5,13.0,9.0,0.0,8.5,-0.8999999999999999,3.7,1.4000000000000001,6.300000000000001,myopic_greedy,-2.1999999999999993,12.0,6.300000000000001,0.0
0.2,8.5,4.0,13.0,9.0,0.0,8.5,-1.4,3.2,0.9000000000000001,5.800000000000001,myopic_greedy,-2.6999999999999993,12.5,5.800000000000001,0.0
0.2,9.0,0.0,13.0,9.0,0.0,9.0,2.6,7.2,4.9,9.8,possibility_preserving,0.8000000000000007,9.0,9.8,1.0
0.2,9.0,0.5,13.0,9.0,0.0,9.0,2.1,6.7,4.4,9.3,possibility_preserving,0.3000000000000007,9.5,9.3,1.0
0.2,9.0,1.0,13.0,9.0,0.0,9.0,1.6,6.2,3.9000000000000004,8.8,myopic_greedy,-0.1999999999999993,10.0,8.8,0.0
0.2,9.0,1.5,13.0,9.0,0.0,9.0,1.1,5.7,3.4000000000000004,8.3,myopic_greedy,-0.6999999999999993,10.5,8.3,0.0
0.2,9.0,2.0,13.0,9.0,0.0,9.0,0.6000000000000001,5.2,2.9000000000000004,7.800000000000001,myopic_greedy,-1.1999999999999993,11.0,7.800000000000001,0.0
0.2,9.0,2.5,13.0,9.0,0.0,9.0,0.10000000000000009,4.7,2.4000000000000004,7.300000000000001,myopic_greedy,-1.6999999999999993,11.5,7.300000000000001,0.0
0.2,9.0,3.0,13.0,9.0,0.0,9.0,-0.3999999999999999,4.2,1.9000000000000001,6.800000000000001,myopic_greedy,-2.1999999999999993,12.0,6.800000000000001,0.0
0.2,9.0,3.5,13.0,9.0,0.0,9.0,-0.8999999999999999,3.7,1.4000000000000001,6.300000000000001,myopic_greedy,-2.6999999999999993,12.5,6.300000000000001,0.0
0.2,9.0,4.0,13.0,9.0,0.0,9.0,-1.4,3.2,0.9000000000000001,5.800000000000001,myopic_greedy,-3.1999999999999993,13.0,5.800000000000001,0.0
0.2,9.5,0.0,13.0,9.0,0.0,9.5,2.6,7.2,4.9,9.8,possibility_preserving,0.3000000000000007,9.5,9.8,1.0
0.2,9.5,0.5,13.0,9.0,0.0,9.5,2.1,6.7,4.4,9.3,myopic_greedy,-0.1999999999999993,10.0,9.3,0.0
0.2,9.5,1.0,13.0,9.0,0.0,9.5,1.6,6.2,3.9000000000000004,8.8,myopic_greedy,-0.6999999999999993,10.5,8.8,0.0
0.2,9.5,1.5,13.0,9.0,0.0,9.5,1.1,5.7,3.4000000000000004,8.3,myopic_greedy,-1.1999999999999993,11.0,8.3,0.0
0.2,9.5,2.0,13.0,9.0,0.0,9.5,0.6000000000000001,5.2,2.9000000000000004,7.800000000000001,myopic_greedy,-1.6999999999999993,11.5,7.800000000000001,0.0
0.2,9.5,2.5,13.0,9.0,0.0,9.5,0.10000000000000009,4.7,2.4000000000000004,7.300000000000001,myopic_greedy,-2.1999999999999993,12.0,7.300000000000001,0.0
0.2,9.5,3.0,13.0,9.0,0.0,9.5,-0.3999999999999999,4.2,1.9000000000000001,6.800000000000001,myopic_greedy,-2.6999999999999993,12.5,6.800000000000001,0.0
0.2,9.5,3.5,13.0,9.0,0.0,9.5,-0.8999999999999999,3.7,1.4000000000000001,6.300000000000001,myopic_greedy,-3.1999999999999993,13.0,6.300000000000001,0.0
0.2,9.5,4.0,13.0,9.0,0.0,9.5,-1.4,3.2,0.9000000000000001,5.800000000000001,myopic_greedy,-3.6999999999999993,13.5,5.800000000000001,0.0
0.2,10.0,0.0,13.0,9.0,0.0,10.0,2.6,7.2,4.9,9.8,myopic_greedy,-0.1999999999999993,10.0,9.8,0.0
0.2,10.0,0.5,13.0,9.0,0.0,10.0,2.1,6.7,4.4,9.3,myopic_greedy,-0.6999999999999993,10.5,9.3,0.0
0.2,10.0,1.0,13.0,9.0,0.0,10.0,1.6,6.2,3.9000000000000004,8.8,myopic_greedy,-1.1999999999999993,11.0,8.8,0.0
0.2,10.0,1.5,13.0,9.0,0.0,10.0,1.1,5.7,3.4000000000000004,8.3,myopic_greedy,-1.6999999999999993,11.5,8.3,0.0
0.2,10.0,2.0,13.0,9.0,0.0,10.0,0.6000000000000001,5.2,2.9000000000000004,7.800000000000001,myopic_greedy,-2.1999999999999993,12.0,7.800000000000001,0.0
0.2,10.0,2.5,13.0,9.0,0.0,10.0,0.10000000000000009,4.7,2.4000000000000004,7.300000000000001,myopic_greedy,-2.6999999999999993,12.5,7.300000000000001,0.0
0.2,10.0,3.0,13.0,9.0,0.0,10.0,-0.3999999999999999,4.2,1.9000000000000001,6.800000000000001,myopic_greedy,-3.1999999999999993,13.0,6.800000000000001,0.0
0.2,10.0,3.5,13.0,9.0,0.0,10.0,-0.8999999999999999,3.7,1.4000000000000001,6.300000000000001,myopic_greedy,-3.6999999999999993,13.5,6.300000000000001,0.0
0.2,10.0,4.0,13.0,9.0,0.0,10.0,-1.4,3.2,0.9000000000000001,5.800000000000001,myopic_greedy,-4.199999999999999,14.0,5.800000000000001,0.0
0.2,10.5,0.0,13.0,9.0,0.0,10.5,2.6,7.2,4.9,9.8,myopic_greedy,-0.6999999999999993,10.5,9.8,0.0
0.2,10.5,0.5,13.0,9.0,0.0,10.5,2.1,6.7,4.4,9.3,myopic_greedy,-1.1999999999999993,11.0,9.3,0.0
0.2,10.5,1.0,13.0,9.0,0.0,10.5,1.6,6.2,3.9000000000000004,8.8,myopic_greedy,-1.6999999999999993,11.5,8.8,0.0
0.2,10.5,1.5,13.0,9.0,0.0,10.5,1.1,5.7,3.4000000000000004,8.3,myopic_greedy,-2.1999999999999993,12.0,8.3,0.0
0.2,10.5,2.0,13.0,9.0,0.0,10.5,0.6000000000000001,5.2,2.9000000000000004,7.800000000000001,myopic_greedy,-2.6999999999999993,12.5,7.800000000000001,0.0
0.2,10.5,2.5,13.0,9.0,0.0,10.5,0.10000000000000009,4.7,2.4000000000000004,7.300000000000001,myopic_greedy,-3.1999999999999993,13.0,7.300000000000001,0.0
0.2,10.5,3.0,13.0,9.0,0.0,10.5,-0.3999999999999999,4.2,1.9000000000000001,6.800000000000001,myopic_greedy,-3.6999999999999993,13.5,6.800000000000001,0.0
0.2,10.5,3.5,13.0,9.0,0.0,10.5,-0.8999999999999999,3.7,1.4000000000000001,6.300000000000001,myopic_greedy,-4.199999999999999,14.0,6.300000000000001,0.0
0.2,10.5,4.0,13.0,9.0,0.0,10.5,-1.4,3.2,0.9000000000000001,5.800000000000001,myopic_greedy,-4.699999999999999,14.5,5.800000000000001,0.0
0.2,11.0,0.0,13.0,9.0,0.0,11.0,2.6,7.2,4.9,9.8,myopic_greedy,-1.1999999999999993,11.0,9.8,0.0
0.2,11.0,0.5,13.0,9.0,0.0,11.0,2.1,6.7,4.4,9.3,myopic_greedy,-1.6999999999999993,11.5,9.3,0.0
0.2,11.0,1.0,13.0,9.0,0.0,11.0,1.6,6.2,3.9000000000000004,8.8,myopic_greedy,-2.1999999999999993,12.0,8.8,0.0
0.2,11.0,1.5,13.0,9.0,0.0,11.0,1.1,5.7,3.4000000000000004,8.3,myopic_greedy,-2.6999999999999993,12.5,8.3,0.0
0.2,11.0,2.0,13.0,9.0,0.0,11.0,0.6000000000000001,5.2,2.9000000000000004,7.800000000000001,myopic_greedy,-3.1999999999999993,13.0,7.800000000000001,0.0
0.2,11.0,2.5,13.0,9.0,0.0,11.0,0.10000000000000009,4.7,2.4000000000000004,7.300000000000001,myopic_greedy,-3.6999999999999993,13.5,7.300000000000001,0.0
0.2,11.0,3.0,13.0,9.0,0.0,11.0,-0.3999999999999999,4.2,1.9000000000000001,6.800000000000001,myopic_greedy,-4.199999999999999,14.0,6.800000000000001,0.0
0.2,11.0,3.5,13.0,9.0,0.0,11.0,-0.8999999999999999,3.7,1.4000000000000001,6.300000000000001,myopic_greedy,-4.699999999999999,14.5,6.300000000000001,0.0
0.2,11.0,4.0,13.0,9.0,0.0,11.0,-1.4,3.2,0.9000000000000001,5.800000000000001,myopic_greedy,-5.199999999999999,15.0,5.800000000000001,0.0
0.2,11.5,0.0,13.0,9.0,0.0,11.5,2.6,7.2,4.9,9.8,myopic_greedy,-1.6999999999999993,11.5,9.8,0.0
0.2,11.5,0.5,13.0,9.0,0.0,11.5,2.1,6.7,4.4,9.3,myopic_greedy,-2.1999999999999993,12.0,9.3,0.0
0.2,11.5,1.0,13.0,9.0,0.0,11.5,1.6,6.2,3.9000000000000004,8.8,myopic_greedy,-2.6999999999999993,12.5,8.8,0.0
0.2,11.5,1.5,13.0,9.0,0.0,11.5,1.1,5.7,3.4000000000000004,8.3,myopic_greedy,-3.1999999999999993,13.0,8.3,0.0
0.2,11.5,2.0,13.0,9.0,0.0,11.5,0.6000000000000001,5.2,2.9000000000000004,7.800000000000001,myopic_greedy,-3.6999999999999993,13.5,7.800000000000001,0.0
0.2,11.5,2.5,13.0,9.0,0.0,11.5,0.10000000000000009,4.7,2.4000000000000004,7.300000000000001,myopic_greedy,-4.199999999999999,14.0,7.300000000000001,0.0
0.2,11.5,3.0,13.0,9.0,0.0,11.5,-0.3999999999999999,4.2,1.9000000000000001,6.800000000000001,myopic_greedy,-4.699999999999999,14.5,6.800000000000001,0.0
0.2,11.5,3.5,13.0,9.0,0.0,11.5,-0.8999999999999999,3.7,1.4000000000000001,6.300000000000001,myopic_greedy,-5.199999999999999,15.0,6.300000000000001,0.0
0.2,11.5,4.0,13.0,9.0,0.0,11.5,-1.4,3.2,0.9000000000000001,5.800000000000001,myopic_greedy,-5.699999999999999,15.5,5.800000000000001,0.0
0.2,12.0,0.0,13.0,9.0,0.0,12.0,2.6,7.2,4.9,9.8,myopic_greedy,-2.1999999999999993,12.0,9.8,0.0
0.2,12.0,0.5,13.0,9.0,0.0,12.0,2.1,6.7,4.4,9.3,myopic_greedy,-2.6999999999999993,12.5,9.3,0.0
0.2,12.0,1.0,13.0,9.0,0.0,12.0,1.6,6.2,3.9000000000000004,8.8,myopic_greedy,-3.1999999999999993,13.0,8.8,0.0
0.2,12.0,1.5,13.0,9.0,0.0,12.0,1.1,5.7,3.4000000000000004,8.3,myopic_greedy,-3.6999999999999993,13.5,8.3,0.0
0.2,12.0,2.0,13.0,9.0,0.0,12.0,0.6000000000000001,5.2,2.9000000000000004,7.800000000000001,myopic_greedy,-4.199999999999999,14.0,7.800000000000001,0.0
0.2,12.0,2.5,13.0,9.0,0.0,12.0,0.10000000000000009,4.7,2.4000000000000004,7.300000000000001,myopic_greedy,-4.699999999999999,14.5,7.300000000000001,0.0
0.2,12.0,3.0,13.0,9.0,0.0,12.0,-0.3999999999999999,4.2,1.9000000000000001,6.800000000000001,myopic_greedy,-5.199999999999999,15.0,6.800000000000001,0.0
0.2,12.0,3.5,13.0,9.0,0.0,12.0,-0.8999999999999999,3.7,1.4000000000000001,6.300000000000001,myopic_greedy,-5.699999999999999,15.5,6.300000000000001,0.0
0.2,12.0,4.0,13.0,9.0,0.0,12.0,-1.4,3.2,0.9000000000000001,5.800000000000001,myopic_greedy,-6.199999999999999,16.0,5.800000000000001,0.0
0.2,12.5,0.0,13.0,9.0,0.0,12.5,2.6,7.2,4.9,9.8,myopic_greedy,-2.6999999999999993,12.5,9.8,0.0
0.2,12.5,0.5,13.0,9.0,0.0,12.5,2.1,6.7,4.4,9.3,myopic_greedy,-3.1999999999999993,13.0,9.3,0.0
0.2,12.5,1.0,13.0,9.0,0.0,12.5,1.6,6.2,3.9000000000000004,8.8,myopic_greedy,-3.6999999999999993,13.5,8.8,0.0
0.2,12.5,1.5,13.0,9.0,0.0,12.5,1.1,5.7,3.4000000000000004,8.3,myopic_greedy,-4.199999999999999,14.0,8.3,0.0
0.2,12.5,2.0,13.0,9.0,0.0,12.5,0.6000000000000001,5.2,2.9000000000000004,7.800000000000001,myopic_greedy,-4.699999999999999,14.5,7.800000000000001,0.0
0.2,12.5,2.5,13.0,9.0,0.0,12.5,0.10000000000000009,4.7,2.4000000000000004,7.300000000000001,myopic_greedy,-5.199999999999999,15.0,7.300000000000001,0.0
0.2,12.5,3.0,13.0,9.0,0.0,12.5,-0.3999999999999999,4.2,1.9000000000000001,6.800000000000001,myopic_greedy,-5.699999999999999,15.5,6.800000000000001,0.0
0.2,12.5,3.5,13.0,9.0,0.0,12.5,-0.8999999999999999,3.7,1.4000000000000001,6.300000000000001,myopic_greedy,-6.199999999999999,16.0,6.300000000000001,0.0
0.2,12.5,4.0,13.0,9.0,0.0,12.5,-1.4,3.2,0.9000000000000001,5.800000000000001,myopic_greedy,-6.699999999999999,16.5,5.800000000000001,0.0
0.2,13.0,0.0,13.0,9.0,0.0,13.0,2.6,7.2,4.9,9.8,myopic_greedy,-3.1999999999999993,13.0,9.8,0.0
0.2,13.0,0.5,13.0,9.0,0.0,13.0,2.1,6.7,4.4,9.3,myopic_greedy,-3.6999999999999993,13.5,9.3,0.0
0.2,13.0,1.0,13.0,9.0,0.0,13.0,1.6,6.2,3.9000000000000004,8.8,myopic_greedy,-4.199999999999999,14.0,8.8,0.0
0.2,13.0,1.5,13.0,9.0,0.0,13.0,1.1,5.7,3.4000000000000004,8.3,myopic_greedy,-4.699999999999999,14.5,8.3,0.0
0.2,13.0,2.0,13.0,9.0,0.0,13.0,0.6000000000000001,5.2,2.9000000000000004,7.800000000000001,myopic_greedy,-5.199999999999999,15.0,7.800000000000001,0.0
0.2,13.0,2.5,13.0,9.0,0.0,13.0,0.10000000000000009,4.7,2.4000000000000004,7.300000000000001,myopic_greedy,-5.699999999999999,15.5,7.300000000000001,0.0
0.2,13.0,3.0,13.0,9.0,0.0,13.0,-0.3999999999999999,4.2,1.9000000000000001,6.800000000000001,myopic_greedy,-6.199999999999999,16.0,6.800000000000001,0.0
0.2,13.0,3.5,13.0,9.0,0.0,13.0,-0.8999999999999999,3.7,1.4000000000000001,6.300000000000001,myopic_greedy,-6.699999999999999,16.5,6.300000000000001,0.0
0.2,13.0,4.0,13.0,9.0,0.0,13.0,-1.4,3.2,0.9000000000000001,5.800000000000001,myopic_greedy,-7.199999999999999,17.0,5.800000000000001,0.0
0.2,13.5,0.0,13.0,9.0,0.0,13.5,2.6,7.2,4.9,9.8,myopic_greedy,-3.6999999999999993,13.5,9.8,0.0
0.2,13.5,0.5,13.0,9.0,0.0,13.5,2.1,6.7,4.4,9.3,myopic_greedy,-4.199999999999999,14.0,9.3,0.0
0.2,13.5,1.0,13.0,9.0,0.0,13.5,1.6,6.2,3.9000000000000004,8.8,myopic_greedy,-4.699999999999999,14.5,8.8,0.0
0.2,13.5,1.5,13.0,9.0,0.0,13.5,1.1,5.7,3.4000000000000004,8.3,myopic_greedy,-5.199999999999999,15.0,8.3,0.0
0.2,13.5,2.0,13.0,9.0,0.0,13.5,0.6000000000000001,5.2,2.9000000000000004,7.800000000000001,myopic_greedy,-5.699999999999999,15.5,7.800000000000001,0.0
0.2,13.5,2.5,13.0,9.0,0.0,13.5,0.10000000000000009,4.7,2.4000000000000004,7.300000000000001,myopic_greedy,-6.199999999999999,16.0,7.300000000000001,0.0
0.2,13.5,3.0,13.0,9.0,0.0,13.5,-0.3999999999999999,4.2,1.9000000000000001,6.800000000000001,myopic_greedy,-6.699999999999999,16.5,6.800000000000001,0.0
0.2,13.5,3.5,13.0,9.0,0.0,13.5,-0.8999999999999999,3.7,1.4000000000000001,6.300000000000001,myopic_greedy,-7.199999999999999,17.0,6.300000000000001,0.0
0.2,13.5,4.0,13.0,9.0,0.0,13.5,-1.4,3.2,0.9000000000000001,5.800000000000001,myopic_greedy,-7.699999999999999,17.5,5.800000000000001,0.0
0.2,14.0,0.0,13.0,9.0,0.0,14.0,2.6,7.2,4.9,9.8,myopic_greedy,-4.199999999999999,14.0,9.8,0.0
0.2,14.0,0.5,13.0,9.0,0.0,14.0,2.1,6.7,4.4,9.3,myopic_greedy,-4.699999999999999,14.5,9.3,0.0
0.2,14.0,1.0,13.0,9.0,0.0,14.0,1.6,6.2,3.9000000000000004,8.8,myopic_greedy,-5.199999999999999,15.0,8.8,0.0
0.2,14.0,1.5,13.0,9.0,0.0,14.0,1.1,5.7,3.4000000000000004,8.3,myopic_greedy,-5.699999999999999,15.5,8.3,0.0
0.2,14.0,2.0,13.0,9.0,0.0,14.0,0.6000000000000001,5.2,2.9000000000000004,7.800000000000001,myopic_greedy,-6.199999999999999,16.0,7.800000000000001,0.0
0.2,14.0,2.5,13.0,9.0,0.0,14.0,0.10000000000000009,4.7,2.4000000000000004,7.300000000000001,myopic_greedy,-6.699999999999999,16.5,7.300000000000001,0.0
0.2,14.0,3.0,13.0,9.0,0.0,14.0,-0.3999999999999999,4.2,1.9000000000000001,6.800000000000001,myopic_greedy,-7.199999999999999,17.0,6.800000000000001,0.0
0.2,14.0,3.5,13.0,9.0,0.0,14.0,-0.8999999999999999,3.7,1.4000000000000001,6.300000000000001,myopic_greedy,-7.699999999999999,17.5,6.300000000000001,0.0
0.2,14.0,4.0,13.0,9.0,0.0,14.0,-1.4,3.2,0.9000000000000001,5.800000000000001,myopic_greedy,-8.2,18.0,5.800000000000001,0.0
0.2,14.5,0.0,13.0,9.0,0.0,14.5,2.6,7.2,4.9,9.8,myopic_greedy,-4.699999999999999,14.5,9.8,0.0
0.2,14.5,0.5,13.0,9.0,0.0,14.5,2.1,6.7,4.4,9.3,myopic_greedy,-5.199999999999999,15.0,9.3,0.0
0.2,14.5,1.0,13.0,9.0,0.0,14.5,1.6,6.2,3.9000000000000004,8.8,myopic_greedy,-5.699999999999999,15.5,8.8,0.0
0.2,14.5,1.5,13.0,9.0,0.0,14.5,1.1,5.7,3.4000000000000004,8.3,myopic_greedy,-6.199999999999999,16.0,8.3,0.0
0.2,14.5,2.0,13.0,9.0,0.0,14.5,0.6000000000000001,5.2,2.9000000000000004,7.800000000000001,myopic_greedy,-6.699999999999999,16.5,7.800000000000001,0.0
0.2,14.5,2.5,13.0,9.0,0.0,14.5,0.10000000000000009,4.7,2.4000000000000004,7.300000000000001,myopic_greedy,-7.199999999999999,17.0,7.300000000000001,0.0
0.2,14.5,3.0,13.0,9.0,0.0,14.5,-0.3999999999999999,4.2,1.9000000000000001,6.800000000000001,myopic_greedy,-7.699999999999999,17.5,6.800000000000001,0.0
0.2,14.5,3.5,13.0,9.0,0.0,14.5,-0.8999999999999999,3.7,1.4000000000000001,6.300000000000001,myopic_greedy,-8.2,18.0,6.300000000000001,0.0
0.2,14.5,4.0,13.0,9.0,0.0,14.5,-1.4,3.2,0.9000000000000001,5.800000000000001,myopic_greedy,-8.7,18.5,5.800000000000001,0.0
0.2,15.0,0.0,13.0,9.0,0.0,15.0,2.6,7.2,4.9,9.8,myopic_greedy,-5.199999999999999,15.0,9.8,0.0
0.2,15.0,0.5,13.0,9.0,0.0,15.0,2.1,6.7,4.4,9.3,myopic_greedy,-5.699999999999999,15.5,9.3,0.0
0.2,15.0,1.0,13.0,9.0,0.0,15.0,1.6,6.2,3.9000000000000004,8.8,myopic_greedy,-6.199999999999999,16.0,8.8,0.0
0.2,15.0,1.5,13.0,9.0,0.0,15.0,1.1,5.7,3.4000000000000004,8.3,myopic_greedy,-6.699999999999999,16.5,8.3,0.0
0.2,15.0,2.0,13.0,9.0,0.0,15.0,0.6000000000000001,5.2,2.9000000000000004,7.800000000000001,myopic_greedy,-7.199999999999999,17.0,7.800000000000001,0.0
0.2,15.0,2.5,13.0,9.0,0.0,15.0,0.10000000000000009,4.7,2.4000000000000004,7.300000000000001,myopic_greedy,-7.699999999999999,17.5,7.300000000000001,0.0
0.2,15.0,3.0,13.0,9.0,0.0,15.0,-0.3999999999999999,4.2,1.9000000000000001,6.800000000000001,myopic_greedy,-8.2,18.0,6.800000000000001,0.0
0.2,15.0,3.5,13.0,9.0,0.0,15.0,-0.8999999999999999,3.7,1.4000000000000001,6.300000000000001,myopic_greedy,-8.7,18.5,6.300000000000001,0.0
0.2,15.0,4.0,13.0,9.0,0.0,15.0,-1.4,3.2,0.9000000000000001,5.800000000000001,myopic_greedy,-9.2,19.0,5.800000000000001,0.0
0.2,15.5,0.0,13.0,9.0,0.0,15.5,2.6,7.2,4.9,9.8,myopic_greedy,-5.699999999999999,15.5,9.8,0.0
0.2,15.5,0.5,13.0,9.0,0.0,15.5,2.1,6.7,4.4,9.3,myopic_greedy,-6.199999999999999,16.0,9.3,0.0
0.2,15.5,1.0,13.0,9.0,0.0,15.5,1.6,6.2,3.9000000000000004,8.8,myopic_greedy,-6.699999999999999,16.5,8.8,0.0
0.2,15.5,1.5,13.0,9.0,0.0,15.5,1.1,5.7,3.4000000000000004,8.3,myopic_greedy,-7.199999999999999,17.0,8.3,0.0
0.2,15.5,2.0,13.0,9.0,0.0,15.5,0.6000000000000001,5.2,2.9000000000000004,7.800000000000001,myopic_greedy,-7.699999999999999,17.5,7.800000000000001,0.0
0.2,15.5,2.5,13.0,9.0,0.0,15.5,0.10000000000000009,4.7,2.4000000000000004,7.300000000000001,myopic_greedy,-8.2,18.0,7.300000000000001,0.0
0.2,15.5,3.0,13.0,9.0,0.0,15.5,-0.3999999999999999,4.2,1.9000000000000001,6.800000000000001,myopic_greedy,-8.7,18.5,6.800000000000001,0.0
0.2,15.5,3.5,13.0,9.0,0.0,15.5,-0.8999999999999999,3.7,1.4000000000000001,6.300000000000001,myopic_greedy,-9.2,19.0,6.300000000000001,0.0
0.2,15.5,4.0,13.0,9.0,0.0,15.5,-1.4,3.2,0.9000000000000001,5.800000000000001,myopic_greedy,-9.7,19.5,5.800000000000001,0.0
0.2,16.0,0.0,13.0,9.0,0.0,16.0,2.6,7.2,4.9,9.8,myopic_greedy,-6.199999999999999,16.0,9.8,0.0
0.2,16.0,0.5,13.0,9.0,0.0,16.0,2.1,6.7,4.4,9.3,myopic_greedy,-6.699999999999999,16.5,9.3,0.0
0.2,16.0,1.0,13.0,9.0,0.0,16.0,1.6,6.2,3.9000000000000004,8.8,myopic_greedy,-7.199999999999999,17.0,8.8,0.0
0.2,16.0,1.5,13.0,9.0,0.0,16.0,1.1,5.7,3.4000000000000004,8.3,myopic_greedy,-7.699999999999999,17.5,8.3,0.0
0.2,16.0,2.0,13.0,9.0,0.0,16.0,0.6000000000000001,5.2,2.9000000000000004,7.800000000000001,myopic_greedy,-8.2,18.0,7.800000000000001,0.0
0.2,16.0,2.5,13.0,9.0,0.0,16.0,0.10000000000000009,4.7,2.4000000000000004,7.300000000000001,myopic_greedy,-8.7,18.5,7.300000000000001,0.0
0.2,16.0,3.0,13.0,9.0,0.0,16.0,-0.3999999999999999,4.2,1.9000000000000001,6.800000000000001,myopic_greedy,-9.2,19.0,6.800000000000001,0.0
0.2,16.0,3.5,13.0,9.0,0.0,16.0,-0.8999999999999999,3.7,1.4000000000000001,6.300000000000001,myopic_greedy,-9.7,19.5,6.300000000000001,0.0
0.2,16.0,4.0,13.0,9.0,0.0,16.0,-1.4,3.2,0.9000000000000001,5.800000000000001,myopic_greedy,-10.2,20.0,5.800000000000001,0.0
0.2,16.5,0.0,13.0,9.0,0.0,16.5,2.6,7.2,4.9,9.8,myopic_greedy,-6.699999999999999,16.5,9.8,0.0
0.2,16.5,0.5,13.0,9.0,0.0,16.5,2.1,6.7,4.4,9.3,myopic_greedy,-7.199999999999999,17.0,9.3,0.0
0.2,16.5,1.0,13.0,9.0,0.0,16.5,1.6,6.2,3.9000000000000004,8.8,myopic_greedy,-7.699999999999999,17.5,8.8,0.0
0.2,16.5,1.5,13.0,9.0,0.0,16.5,1.1,5.7,3.4000000000000004,8.3,myopic_greedy,-8.2,18.0,8.3,0.0
0.2,16.5,2.0,13.0,9.0,0.0,16.5,0.6000000000000001,5.2,2.9000000000000004,7.800000000000001,myopic_greedy,-8.7,18.5,7.800000000000001,0.0
0.2,16.5,2.5,13.0,9.0,0.0,16.5,0.10000000000000009,4.7,2.4000000000000004,7.300000000000001,myopic_greedy,-9.2,19.0,7.300000000000001,0.0
0.2,16.5,3.0,13.0,9.0,0.0,16.5,-0.3999999999999999,4.2,1.9000000000000001,6.800000000000001,myopic_greedy,-9.7,19.5,6.800000000000001,0.0
0.2,16.5,3.5,13.0,9.0,0.0,16.5,-0.8999999999999999,3.7,1.4000000000000001,6.300000000000001,myopic_greedy,-10.2,20.0,6.300000000000001,0.0
0.2,16.5,4.0,13.0,9.0,0.0,16.5,-1.4,3.2,0.9000000000000001,5.800000000000001,myopic_greedy,-10.7,20.5,5.800000000000001,0.0
0.2,17.0,0.0,13.0,9.0,0.0,17.0,2.6,7.2,4.9,9.8,myopic_greedy,-7.199999999999999,17.0,9.8,0.0
0.2,17.0,0.5,13.0,9.0,0.0,17.0,2.1,6.7,4.4,9.3,myopic_greedy,-7.699999999999999,17.5,9.3,0.0
0.2,17.0,1.0,13.0,9.0,0.0,17.0,1.6,6.2,3.9000000000000004,8.8,myopic_greedy,-8.2,18.0,8.8,0.0
0.2,17.0,1.5,13.0,9.0,0.0,17.0,1.1,5.7,3.4000000000000004,8.3,myopic_greedy,-8.7,18.5,8.3,0.0
0.2,17.0,2.0,13.0,9.0,0.0,17.0,0.6000000000000001,5.2,2.9000000000000004,7.800000000000001,myopic_greedy,-9.2,19.0,7.800000000000001,0.0
0.2,17.0,2.5,13.0,9.0,0.0,17.0,0.10000000000000009,4.7,2.4000000000000004,7.300000000000001,myopic_greedy,-9.7,19.5,7.300000000000001,0.0
0.2,17.0,3.0,13.0,9.0,0.0,17.0,-0.3999999999999999,4.2,1.9000000000000001,6.800000000000001,myopic_greedy,-10.2,20.0,6.800000000000001,0.0
0.2,17.0,3.5,13.0,9.0,0.0,17.0,-0.8999999999999999,3.7,1.4000000000000001,6.300000000000001,myopic_greedy,-10.7,20.5,6.300000000000001,0.0
0.2,17.0,4.0,13.0,9.0,0.0,17.0,-1.4,3.2,0.9000000000000001,5.800000000000001,myopic_greedy,-11.2,21.0,5.800000000000001,0.0
0.2,17.5,0.0,13.0,9.0,0.0,17.5,2.6,7.2,4.9,9.8,myopic_greedy,-7.699999999999999,17.5,9.8,0.0
0.2,17.5,0.5,13.0,9.0,0.0,17.5,2.1,6.7,4.4,9.3,myopic_greedy,-8.2,18.0,9.3,0.0
0.2,17.5,1.0,13.0,9.0,0.0,17.5,1.6,6.2,3.9000000000000004,8.8,myopic_greedy,-8.7,18.5,8.8,0.0
0.2,17.5,1.5,13.0,9.0,0.0,17.5,1.1,5.7,3.4000000000000004,8.3,myopic_greedy,-9.2,19.0,8.3,0.0
0.2,17.5,2.0,13.0,9.0,0.0,17.5,0.6000000000000001,5.2,2.9000000000000004,7.800000000000001,myopic_greedy,-9.7,19.5,7.800000000000001,0.0
0.2,17.5,2.5,13.0,9.0,0.0,17.5,0.10000000000000009,4.7,2.4000000000000004,7.300000000000001,myopic_greedy,-10.2,20.0,7.300000000000001,0.0
0.2,17.5,3.0,13.0,9.0,0.0,17.5,-0.3999999999999999,4.2,1.9000000000000001,6.800000000000001,myopic_greedy,-10.7,20.5,6.800000000000001,0.0
0.2,17.5,3.5,13.0,9.0,0.0,17.5,-0.8999999999999999,3.7,1.4000000000000001,6.300000000000001,myopic_greedy,-11.2,21.0,6.300000000000001,0.0
0.2,17.5,4.0,13.0,9.0,0.0,17.5,-1.4,3.2,0.9000000000000001,5.800000000000001,myopic_greedy,-11.7,21.5,5.800000000000001,0.0
0.2,18.0,0.0,13.0,9.0,0.0,18.0,2.6,7.2,4.9,9.8,myopic_greedy,-8.2,18.0,9.8,0.0
0.2,18.0,0.5,13.0,9.0,0.0,18.0,2.1,6.7,4.4,9.3,myopic_greedy,-8.7,18.5,9.3,0.0
0.2,18.0,1.0,13.0,9.0,0.0,18.0,1.6,6.2,3.9000000000000004,8.8,myopic_greedy,-9.2,19.0,8.8,0.0
0.2,18.0,1.5,13.0,9.0,0.0,18.0,1.1,5.7,3.4000000000000004,8.3,myopic_greedy,-9.7,19.5,8.3,0.0
0.2,18.0,2.0,13.0,9.0,0.0,18.0,0.6000000000000001,5.2,2.9000000000000004,7.800000000000001,myopic_greedy,-10.2,20.0,7.800000000000001,0.0
0.2,18.0,2.5,13.0,9.0,0.0,18.0,0.10000000000000009,4.7,2.4000000000000004,7.300000000000001,myopic_greedy,-10.7,20.5,7.300000000000001,0.0
0.2,18.0,3.0,13.0,9.0,0.0,18.0,-0.3999999999999999,4.2,1.9000000000000001,6.800000000000001,myopic_greedy,-11.2,21.0,6.800000000000001,0.0
0.2,18.0,3.5,13.0,9.0,0.0,18.0,-0.8999999999999999,3.7,1.4000000000000001,6.300000000000001,myopic_greedy,-11.7,21.5,6.300000000000001,0.0
0.2,18.0,4.0,13.0,9.0,0.0,18.0,-1.4,3.2,0.9000000000000001,5.800000000000001,myopic_greedy,-12.2,22.0,5.800000000000001,0.0
0.25,6.0,0.0,13.0,9.0,0.0,6.0,3.25,6.75,5.0,10.0,possibility_preserving,4.0,6.0,10.0,1.0
0.25,6.0,0.5,13.0,9.0,0.0,6.0,2.75,6.25,4.5,9.5,possibility_preserving,3.5,6.5,9.5,1.0
0.25,6.0,1.0,13.0,9.0,0.0,6.0,2.25,5.75,4.0,9.0,possibility_preserving,3.0,7.0,9.0,1.0
0.25,6.0,1.5,13.0,9.0,0.0,6.0,1.75,5.25,3.5,8.5,possibility_preserving,2.5,7.5,8.5,1.0
0.25,6.0,2.0,13.0,9.0,0.0,6.0,1.25,4.75,3.0,8.0,possibility_preserving,2.0,8.0,8.0,1.0
0.25,6.0,2.5,13.0,9.0,0.0,6.0,0.75,4.25,2.5,7.5,possibility_preserving,1.5,8.5,7.5,1.0
0.25,6.0,3.0,13.0,9.0,0.0,6.0,0.25,3.75,2.0,7.0,possibility_preserving,1.0,9.0,7.0,1.0
0.25,6.0,3.5,13.0,9.0,0.0,6.0,-0.25,3.25,1.5,6.5,possibility_preserving,0.5,9.5,6.5,1.0
0.25,6.0,4.0,13.0,9.0,0.0,6.0,-0.75,2.75,1.0,6.0,myopic_greedy,0.0,10.0,6.0,0.0
0.25,6.5,0.0,13.0,9.0,0.0,6.5,3.25,6.75,5.0,10.0,possibility_preserving,3.5,6.5,10.0,1.0
0.25,6.5,0.5,13.0,9.0,0.0,6.5,2.75,6.25,4.5,9.5,possibility_preserving,3.0,7.0,9.5,1.0
0.25,6.5,1.0,13.0,9.0,0.0,6.5,2.25,5.75,4.0,9.0,possibility_preserving,2.5,7.5,9.0,1.0
0.25,6.5,1.5,13.0,9.0,0.0,6.5,1.75,5.25,3.5,8.5,possibility_preserving,2.0,8.0,8.5,1.0
0.25,6.5,2.0,13.0,9.0,0.0,6.5,1.25,4.75,3.0,8.0,possibility_preserving,1.5,8.5,8.0,1.0
0.25,6.5,2.5,13.0,9.0,0.0,6.5,0.75,4.25,2.5,7.5,possibility_preserving,1.0,9.0,7.5,1.0
0.25,6.5,3.0,13.0,9.0,0.0,6.5,0.25,3.75,2.0,7.0,possibility_preserving,0.5,9.5,7.0,1.0
0.25,6.5,3.5,13.0,9.0,0.0,6.5,-0.25,3.25,1.5,6.5,myopic_greedy,0.0,10.0,6.5,0.0
0.25,6.5,4.0,13.0,9.0,0.0,6.5,-0.75,2.75,1.0,6.0,myopic_greedy,-0.5,10.5,6.0,0.0
0.25,7.0,0.0,13.0,9.0,0.0,7.0,3.25,6.75,5.0,10.0,possibility_preserving,3.0,7.0,10.0,1.0
0.25,7.0,0.5,13.0,9.0,0.0,7.0,2.75,6.25,4.5,9.5,possibility_preserving,2.5,7.5,9.5,1.0
0.25,7.0,1.0,13.0,9.0,0.0,7.0,2.25,5.75,4.0,9.0,possibility_preserving,2.0,8.0,9.0,1.0
0.25,7.0,1.5,13.0,9.0,0.0,7.0,1.75,5.25,3.5,8.5,possibility_preserving,1.5,8.5,8.5,1.0
0.25,7.0,2.0,13.0,9.0,0.0,7.0,1.25,4.75,3.0,8.0,possibility_preserving,1.0,9.0,8.0,1.0
0.25,7.0,2.5,13.0,9.0,0.0,7.0,0.75,4.25,2.5,7.5,possibility_preserving,0.5,9.5,7.5,1.0
0.25,7.0,3.0,13.0,9.0,0.0,7.0,0.25,3.75,2.0,7.0,myopic_greedy,0.0,10.0,7.0,0.0
0.25,7.0,3.5,13.0,9.0,0.0,7.0,-0.25,3.25,1.5,6.5,myopic_greedy,-0.5,10.5,6.5,0.0
0.25,7.0,4.0,13.0,9.0,0.0,7.0,-0.75,2.75,1.0,6.0,myopic_greedy,-1.0,11.0,6.0,0.0
0.25,7.5,0.0,13.0,9.0,0.0,7.5,3.25,6.75,5.0,10.0,possibility_preserving,2.5,7.5,10.0,1.0
0.25,7.5,0.5,13.0,9.0,0.0,7.5,2.75,6.25,4.5,9.5,possibility_preserving,2.0,8.0,9.5,1.0
0.25,7.5,1.0,13.0,9.0,0.0,7.5,2.25,5.75,4.0,9.0,possibility_preserving,1.5,8.5,9.0,1.0
0.25,7.5,1.5,13.0,9.0,0.0,7.5,1.75,5.25,3.5,8.5,possibility_preserving,1.0,9.0,8.5,1.0
0.25,7.5,2.0,13.0,9.0,0.0,7.5,1.25,4.75,3.0,8.0,possibility_preserving,0.5,9.5,8.0,1.0
0.25,7.5,2.5,13.0,9.0,0.0,7.5,0.75,4.25,2.5,7.5,myopic_greedy,0.0,10.0,7.5,0.0
0.25,7.5,3.0,13.0,9.0,0.0,7.5,0.25,3.75,2.0,7.0,myopic_greedy,-0.5,10.5,7.0,0.0
0.25,7.5,3.5,13.0,9.0,0.0,7.5,-0.25,3.25,1.5,6.5,myopic_greedy,-1.0,11.0,6.5,0.0
0.25,7.5,4.0,13.0,9.0,0.0,7.5,-0.75,2.75,1.0,6.0,myopic_greedy,-1.5,11.5,6.0,0.0
0.25,8.0,0.0,13.0,9.0,0.0,8.0,3.25,6.75,5.0,10.0,possibility_preserving,2.0,8.0,10.0,1.0
0.25,8.0,0.5,13.0,9.0,0.0,8.0,2.75,6.25,4.5,9.5,possibility_preserving,1.5,8.5,9.5,1.0
0.25,8.0,1.0,13.0,9.0,0.0,8.0,2.25,5.75,4.0,9.0,possibility_preserving,1.0,9.0,9.0,1.0
0.25,8.0,1.5,13.0,9.0,0.0,8.0,1.75,5.25,3.5,8.5,possibility_preserving,0.5,9.5,8.5,1.0
0.25,8.0,2.0,13.0,9.0,0.0,8.0,1.25,4.75,3.0,8.0,myopic_greedy,0.0,10.0,8.0,0.0
0.25,8.0,2.5,13.0,9.0,0.0,8.0,0.75,4.25,2.5,7.5,myopic_greedy,-0.5,10.5,7.5,0.0
0.25,8.0,3.0,13.0,9.0,0.0,8.0,0.25,3.75,2.0,7.0,myopic_greedy,-1.0,11.0,7.0,0.0
0.25,8.0,3.5,13.0,9.0,0.0,8.0,-0.25,3.25,1.5,6.5,myopic_greedy,-1.5,11.5,6.5,0.0
0.25,8.0,4.0,13.0,9.0,0.0,8.0,-0.75,2.75,1.0,6.0,myopic_greedy,-2.0,12.0,6.0,0.0
0.25,8.5,0.0,13.0,9.0,0.0,8.5,3.25,6.75,5.0,10.0,possibility_preserving,1.5,8.5,10.0,1.0
0.25,8.5,0.5,13.0,9.0,0.0,8.5,2.75,6.25,4.5,9.5,possibility_preserving,1.0,9.0,9.5,1.0
0.25,8.5,1.0,13.0,9.0,0.0,8.5,2.25,5.75,4.0,9.0,possibility_preserving,0.5,9.5,9.0,1.0
0.25,8.5,1.5,13.0,9.0,0.0,8.5,1.75,5.25,3.5,8.5,myopic_greedy,0.0,10.0,8.5,0.0
0.25,8.5,2.0,13.0,9.0,0.0,8.5,1.25,4.75,3.0,8.0,myopic_greedy,-0.5,10.5,8.0,0.0
0.25,8.5,2.5,13.0,9.0,0.0,8.5,0.75,4.25,2.5,7.5,myopic_greedy,-1.0,11.0,7.5,0.0
0.25,8.5,3.0,13.0,9.0,0.0,8.5,0.25,3.75,2.0,7.0,myopic_greedy,-1.5,11.5,7.0,0.0
0.25,8.5,3.5,13.0,9.0,0.0,8.5,-0.25,3.25,1.5,6.5,myopic_greedy,-2.0,12.0,6.5,0.0
0.25,8.5,4.0,13.0,9.0,0.0,8.5,-0.75,2.75,1.0,6.0,myopic_greedy,-2.5,12.5,6.0,0.0
0.25,9.0,0.0,13.0,9.0,0.0,9.0,3.25,6.75,5.0,10.0,possibility_preserving,1.0,9.0,10.0,1.0
0.25,9.0,0.5,13.0,9.0,0.0,9.0,2.75,6.25,4.5,9.5,possibility_preserving,0.5,9.5,9.5,1.0
0.25,9.0,1.0,13.0,9.0,0.0,9.0,2.25,5.75,4.0,9.0,myopic_greedy,0.0,10.0,9.0,0.0
0.25,9.0,1.5,13.0,9.0,0.0,9.0,1.75,5.25,3.5,8.5,myopic_greedy,-0.5,10.5,8.5,0.0
0.25,9.0,2.0,13.0,9.0,0.0,9.0,1.25,4.75,3.0,8.0,myopic_greedy,-1.0,11.0,8.0,0.0
0.25,9.0,2.5,13.0,9.0,0.0,9.0,0.75,4.25,2.5,7.5,myopic_greedy,-1.5,11.5,7.5,0.0
0.25,9.0,3.0,13.0,9.0,0.0,9.0,0.25,3.75,2.0,7.0,myopic_greedy,-2.0,12.0,7.0,0.0
0.25,9.0,3.5,13.0,9.0,0.0,9.0,-0.25,3.25,1.5,6.5,myopic_greedy,-2.5,12.5,6.5,0.0
0.25,9.0,4.0,13.0,9.0,0.0,9.0,-0.75,2.75,1.0,6.0,myopic_greedy,-3.0,13.0,6.0,0.0
0.25,9.5,0.0,13.0,9.0,0.0,9.5,3.25,6.75,5.0,10.0,possibility_preserving,0.5,9.5,10.0,1.0
0.25,9.5,0.5,13.0,9.0,0.0,9.5,2.75,6.25,4.5,9.5,myopic_greedy,0.0,10.0,9.5,0.0
0.25,9.5,1.0,13.0,9.0,0.0,9.5,2.25,5.75,4.0,9.0,myopic_greedy,-0.5,10.5,9.0,0.0
0.25,9.5,1.5,13.0,9.0,0.0,9.5,1.75,5.25,3.5,8.5,myopic_greedy,-1.0,11.0,8.5,0.0
0.25,9.5,2.0,13.0,9.0,0.0,9.5,1.25,4.75,3.0,8.0,myopic_greedy,-1.5,11.5,8.0,0.0
0.25,9.5,2.5,13.0,9.0,0.0,9.5,0.75,4.25,2.5,7.5,myopic_greedy,-2.0,12.0,7.5,0.0
0.25,9.5,3.0,13.0,9.0,0.0,9.5,0.25,3.75,2.0,7.0,myopic_greedy,-2.5,12.5,7.0,0.0
0.25,9.5,3.5,13.0,9.0,0.0,9.5,-0.25,3.25,1.5,6.5,myopic_greedy,-3.0,13.0,6.5,0.0
0.25,9.5,4.0,13.0,9.0,0.0,9.5,-0.75,2.75,1.0,6.0,myopic_greedy,-3.5,13.5,6.0,0.0
0.25,10.0,0.0,13.0,9.0,0.0,10.0,3.25,6.75,5.0,10.0,myopic_greedy,0.0,10.0,10.0,0.0
0.25,10.0,0.5,13.0,9.0,0.0,10.0,2.75,6.25,4.5,9.5,myopic_greedy,-0.5,10.5,9.5,0.0
0.25,10.0,1.0,13.0,9.0,0.0,10.0,2.25,5.75,4.0,9.0,myopic_greedy,-1.0,11.0,9.0,0.0
0.25,10.0,1.5,13.0,9.0,0.0,10.0,1.75,5.25,3.5,8.5,myopic_greedy,-1.5,11.5,8.5,0.0
0.25,10.0,2.0,13.0,9.0,0.0,10.0,1.25,4.75,3.0,8.0,myopic_greedy,-2.0,12.0,8.0,0.0
0.25,10.0,2.5,13.0,9.0,0.0,10.0,0.75,4.25,2.5,7.5,myopic_greedy,-2.5,12.5,7.5,0.0
0.25,10.0,3.0,13.0,9.0,0.0,10.0,0.25,3.75,2.0,7.0,myopic_greedy,-3.0,13.0,7.0,0.0
0.25,10.0,3.5,13.0,9.0,0.0,10.0,-0.25,3.25,1.5,6.5,myopic_greedy,-3.5,13.5,6.5,0.0
0.25,10.0,4.0,13.0,9.0,0.0,10.0,-0.75,2.75,1.0,6.0,myopic_greedy,-4.0,14.0,6.0,0.0
0.25,10.5,0.0,13.0,9.0,0.0,10.5,3.25,6.75,5.0,10.0,myopic_greedy,-0.5,10.5,10.0,0.0
0.25,10.5,0.5,13.0,9.0,0.0,10.5,2.75,6.25,4.5,9.5,myopic_greedy,-1.0,11.0,9.5,0.0
0.25,10.5,1.0,13.0,9.0,0.0,10.5,2.25,5.75,4.0,9.0,myopic_greedy,-1.5,11.5,9.0,0.0
0.25,10.5,1.5,13.0,9.0,0.0,10.5,1.75,5.25,3.5,8.5,myopic_greedy,-2.0,12.0,8.5,0.0
0.25,10.5,2.0,13.0,9.0,0.0,10.5,1.25,4.75,3.0,8.0,myopic_greedy,-2.5,12.5,8.0,0.0
0.25,10.5,2.5,13.0,9.0,0.0,10.5,0.75,4.25,2.5,7.5,myopic_greedy,-3.0,13.0,7.5,0.0
0.25,10.5,3.0,13.0,9.0,0.0,10.5,0.25,3.75,2.0,7.0,myopic_greedy,-3.5,13.5,7.0,0.0
0.25,10.5,3.5,13.0,9.0,0.0,10.5,-0.25,3.25,1.5,6.5,myopic_greedy,-4.0,14.0,6.5,0.0
0.25,10.5,4.0,13.0,9.0,0.0,10.5,-0.75,2.75,1.0,6.0,myopic_greedy,-4.5,14.5,6.0,0.0
0.25,11.0,0.0,13.0,9.0,0.0,11.0,3.25,6.75,5.0,10.0,myopic_greedy,-1.0,11.0,10.0,0.0
0.25,11.0,0.5,13.0,9.0,0.0,11.0,2.75,6.25,4.5,9.5,myopic_greedy,-1.5,11.5,9.5,0.0
0.25,11.0,1.0,13.0,9.0,0.0,11.0,2.25,5.75,4.0,9.0,myopic_greedy,-2.0,12.0,9.0,0.0
0.25,11.0,1.5,13.0,9.0,0.0,11.0,1.75,5.25,3.5,8.5,myopic_greedy,-2.5,12.5,8.5,0.0
0.25,11.0,2.0,13.0,9.0,0.0,11.0,1.25,4.75,3.0,8.0,myopic_greedy,-3.0,13.0,8.0,0.0
0.25,11.0,2.5,13.0,9.0,0.0,11.0,0.75,4.25,2.5,7.5,myopic_greedy,-3.5,13.5,7.5,0.0
0.25,11.0,3.0,13.0,9.0,0.0,11.0,0.25,3.75,2.0,7.0,myopic_greedy,-4.0,14.0,7.0,0.0
0.25,11.0,3.5,13.0,9.0,0.0,11.0,-0.25,3.25,1.5,6.5,myopic_greedy,-4.5,14.5,6.5,0.0
0.25,11.0,4.0,13.0,9.0,0.0,11.0,-0.75,2.75,1.0,6.0,myopic_greedy,-5.0,15.0,6.0,0.0
0.25,11.5,0.0,13.0,9.0,0.0,11.5,3.25,6.75,5.0,10.0,myopic_greedy,-1.5,11.5,10.0,0.0
0.25,11.5,0.5,13.0,9.0,0.0,11.5,2.75,6.25,4.5,9.5,myopic_greedy,-2.0,12.0,9.5,0.0
0.25,11.5,1.0,13.0,9.0,0.0,11.5,2.25,5.75,4.0,9.0,myopic_greedy,-2.5,12.5,9.0,0.0
0.25,11.5,1.5,13.0,9.0,0.0,11.5,1.75,5.25,3.5,8.5,myopic_greedy,-3.0,13.0,8.5,0.0
0.25,11.5,2.0,13.0,9.0,0.0,11.5,1.25,4.75,3.0,8.0,myopic_greedy,-3.5,13.5,8.0,0.0
0.25,11.5,2.5,13.0,9.0,0.0,11.5,0.75,4.25,2.5,7.5,myopic_greedy,-4.0,14.0,7.5,0.0
0.25,11.5,3.0,13.0,9.0,0.0,11.5,0.25,3.75,2.0,7.0,myopic_greedy,-4.5,14.5,7.0,0.0
0.25,11.5,3.5,13.0,9.0,0.0,11.5,-0.25,3.25,1.5,6.5,myopic_greedy,-5.0,15.0,6.5,0.0
0.25,11.5,4.0,13.0,9.0,0.0,11.5,-0.75,2.75,1.0,6.0,myopic_greedy,-5.5,15.5,6.0,0.0
0.25,12.0,0.0,13.0,9.0,0.0,12.0,3.25,6.75,5.0,10.0,myopic_greedy,-2.0,12.0,10.0,0.0
0.25,12.0,0.5,13.0,9.0,0.0,12.0,2.75,6.25,4.5,9.5,myopic_greedy,-2.5,12.5,9.5,0.0
0.25,12.0,1.0,13.0,9.0,0.0,12.0,2.25,5.75,4.0,9.0,myopic_greedy,-3.0,13.0,9.0,0.0
0.25,12.0,1.5,13.0,9.0,0.0,12.0,1.75,5.25,3.5,8.5,myopic_greedy,-3.5,13.5,8.5,0.0
0.25,12.0,2.0,13.0,9.0,0.0,12.0,1.25,4.75,3.0,8.0,myopic_greedy,-4.0,14.0,8.0,0.0
0.25,12.0,2.5,13.0,9.0,0.0,12.0,0.75,4.25,2.5,7.5,myopic_greedy,-4.5,14.5,7.5,0.0
0.25,12.0,3.0,13.0,9.0,0.0,12.0,0.25,3.75,2.0,7.0,myopic_greedy,-5.0,15.0,7.0,0.0
0.25,12.0,3.5,13.0,9.0,0.0,12.0,-0.25,3.25,1.5,6.5,myopic_greedy,-5.5,15.5,6.5,0.0
0.25,12.0,4.0,13.0,9.0,0.0,12.0,-0.75,2.75,1.0,6.0,myopic_greedy,-6.0,16.0,6.0,0.0
0.25,12.5,0.0,13.0,9.0,0.0,12.5,3.25,6.75,5.0,10.0,myopic_greedy,-2.5,12.5,10.0,0.0
0.25,12.5,0.5,13.0,9.0,0.0,12.5,2.75,6.25,4.5,9.5,myopic_greedy,-3.0,13.0,9.5,0.0
0.25,12.5,1.0,13.0,9.0,0.0,12.5,2.25,5.75,4.0,9.0,myopic_greedy,-3.5,13.5,9.0,0.0
0.25,12.5,1.5,13.0,9.0,0.0,12.5,1.75,5.25,3.5,8.5,myopic_greedy,-4.0,14.0,8.5,0.0
0.25,12.5,2.0,13.0,9.0,0.0,12.5,1.25,4.75,3.0,8.0,myopic_greedy,-4.5,14.5,8.0,0.0
0.25,12.5,2.5,13.0,9.0,0.0,12.5,0.75,4.25,2.5,7.5,myopic_greedy,-5.0,15.0,7.5,0.0
0.25,12.5,3.0,13.0,9.0,0.0,12.5,0.25,3.75,2.0,7.0,myopic_greedy,-5.5,15.5,7.0,0.0
0.25,12.5,3.5,13.0,9.0,0.0,12.5,-0.25,3.25,1.5,6.5,myopic_greedy,-6.0,16.0,6.5,0.0
0.25,12.5,4.0,13.0,9.0,0.0,12.5,-0.75,2.75,1.0,6.0,myopic_greedy,-6.5,16.5,6.0,0.0
0.25,13.0,0.0,13.0,9.0,0.0,13.0,3.25,6.75,5.0,10.0,myopic_greedy,-3.0,13.0,10.0,0.0
0.25,13.0,0.5,13.0,9.0,0.0,13.0,2.75,6.25,4.5,9.5,myopic_greedy,-3.5,13.5,9.5,0.0
0.25,13.0,1.0,13.0,9.0,0.0,13.0,2.25,5.75,4.0,9.0,myopic_greedy,-4.0,14.0,9.0,0.0
0.25,13.0,1.5,13.0,9.0,0.0,13.0,1.75,5.25,3.5,8.5,myopic_greedy,-4.5,14.5,8.5,0.0
0.25,13.0,2.0,13.0,9.0,0.0,13.0,1.25,4.75,3.0,8.0,myopic_greedy,-5.0,15.0,8.0,0.0
0.25,13.0,2.5,13.0,9.0,0.0,13.0,0.75,4.25,2.5,7.5,myopic_greedy,-5.5,15.5,7.5,0.0
0.25,13.0,3.0,13.0,9.0,0.0,13.0,0.25,3.75,2.0,7.0,myopic_greedy,-6.0,16.0,7.0,0.0
0.25,13.0,3.5,13.0,9.0,0.0,13.0,-0.25,3.25,1.5,6.5,myopic_greedy,-6.5,16.5,6.5,0.0
0.25,13.0,4.0,13.0,9.0,0.0,13.0,-0.75,2.75,1.0,6.0,myopic_greedy,-7.0,17.0,6.0,0.0
0.25,13.5,0.0,13.0,9.0,0.0,13.5,3.25,6.75,5.0,10.0,myopic_greedy,-3.5,13.5,10.0,0.0
0.25,13.5,0.5,13.0,9.0,0.0,13.5,2.75,6.25,4.5,9.5,myopic_greedy,-4.0,14.0,9.5,0.0
0.25,13.5,1.0,13.0,9.0,0.0,13.5,2.25,5.75,4.0,9.0,myopic_greedy,-4.5,14.5,9.0,0.0
0.25,13.5,1.5,13.0,9.0,0.0,13.5,1.75,5.25,3.5,8.5,myopic_greedy,-5.0,15.0,8.5,0.0
0.25,13.5,2.0,13.0,9.0,0.0,13.5,1.25,4.75,3.0,8.0,myopic_greedy,-5.5,15.5,8.0,0.0
0.25,13.5,2.5,13.0,9.0,0.0,13.5,0.75,4.25,2.5,7.5,myopic_greedy,-6.0,16.0,7.5,0.0
0.25,13.5,3.0,13.0,9.0,0.0,13.5,0.25,3.75,2.0,7.0,myopic_greedy,-6.5,16.5,7.0,0.0
0.25,13.5,3.5,13.0,9.0,0.0,13.5,-0.25,3.25,1.5,6.5,myopic_greedy,-7.0,17.0,6.5,0.0
0.25,13.5,4.0,13.0,9.0,0.0,13.5,-0.75,2.75,1.0,6.0,myopic_greedy,-7.5,17.5,6.0,0.0
0.25,14.0,0.0,13.0,9.0,0.0,14.0,3.25,6.75,5.0,10.0,myopic_greedy,-4.0,14.0,10.0,0.0
0.25,14.0,0.5,13.0,9.0,0.0,14.0,2.75,6.25,4.5,9.5,myopic_greedy,-4.5,14.5,9.5,0.0
0.25,14.0,1.0,13.0,9.0,0.0,14.0,2.25,5.75,4.0,9.0,myopic_greedy,-5.0,15.0,9.0,0.0
0.25,14.0,1.5,13.0,9.0,0.0,14.0,1.75,5.25,3.5,8.5,myopic_greedy,-5.5,15.5,8.5,0.0
0.25,14.0,2.0,13.0,9.0,0.0,14.0,1.25,4.75,3.0,8.0,myopic_greedy,-6.0,16.0,8.0,0.0
0.25,14.0,2.5,13.0,9.0,0.0,14.0,0.75,4.25,2.5,7.5,myopic_greedy,-6.5,16.5,7.5,0.0
0.25,14.0,3.0,13.0,9.0,0.0,14.0,0.25,3.75,2.0,7.0,myopic_greedy,-7.0,17.0,7.0,0.0
0.25,14.0,3.5,13.0,9.0,0.0,14.0,-0.25,3.25,1.5,6.5,myopic_greedy,-7.5,17.5,6.5,0.0
0.25,14.0,4.0,13.0,9.0,0.0,14.0,-0.75,2.75,1.0,6.0,myopic_greedy,-8.0,18.0,6.0,0.0
0.25,14.5,0.0,13.0,9.0,0.0,14.5,3.25,6.75,5.0,10.0,myopic_greedy,-4.5,14.5,10.0,0.0
0.25,14.5,0.5,13.0,9.0,0.0,14.5,2.75,6.25,4.5,9.5,myopic_greedy,-5.0,15.0,9.5,0.0
0.25,14.5,1.0,13.0,9.0,0.0,14.5,2.25,5.75,4.0,9.0,myopic_greedy,-5.5,15.5,9.0,0.0
0.25,14.5,1.5,13.0,9.0,0.0,14.5,1.75,5.25,3.5,8.5,myopic_greedy,-6.0,16.0,8.5,0.0
0.25,14.5,2.0,13.0,9.0,0.0,14.5,1.25,4.75,3.0,8.0,myopic_greedy,-6.5,16.5,8.0,0.0
0.25,14.5,2.5,13.0,9.0,0.0,14.5,0.75,4.25,2.5,7.5,myopic_greedy,-7.0,17.0,7.5,0.0
0.25,14.5,3.0,13.0,9.0,0.0,14.5,0.25,3.75,2.0,7.0,myopic_greedy,-7.5,17.5,7.0,0.0
0.25,14.5,3.5,13.0,9.0,0.0,14.5,-0.25,3.25,1.5,6.5,myopic_greedy,-8.0,18.0,6.5,0.0
0.25,14.5,4.0,13.0,9.0,0.0,14.5,-0.75,2.75,1.0,6.0,myopic_greedy,-8.5,18.5,6.0,0.0
0.25,15.0,0.0,13.0,9.0,0.0,15.0,3.25,6.75,5.0,10.0,myopic_greedy,-5.0,15.0,10.0,0.0
0.25,15.0,0.5,13.0,9.0,0.0,15.0,2.75,6.25,4.5,9.5,myopic_greedy,-5.5,15.5,9.5,0.0
0.25,15.0,1.0,13.0,9.0,0.0,15.0,2.25,5.75,4.0,9.0,myopic_greedy,-6.0,16.0,9.0,0.0
0.25,15.0,1.5,13.0,9.0,0.0,15.0,1.75,5.25,3.5,8.5,myopic_greedy,-6.5,16.5,8.5,0.0
0.25,15.0,2.0,13.0,9.0,0.0,15.0,1.25,4.75,3.0,8.0,myopic_greedy,-7.0,17.0,8.0,0.0
0.25,15.0,2.5,13.0,9.0,0.0,15.0,0.75,4.25,2.5,7.5,myopic_greedy,-7.5,17.5,7.5,0.0
0.25,15.0,3.0,13.0,9.0,0.0,15.0,0.25,3.75,2.0,7.0,myopic_greedy,-8.0,18.0,7.0,0.0
0.25,15.0,3.5,13.0,9.0,0.0,15.0,-0.25,3.25,1.5,6.5,myopic_greedy,-8.5,18.5,6.5,0.0
0.25,15.0,4.0,13.0,9.0,0.0,15.0,-0.75,2.75,1.0,6.0,myopic_greedy,-9.0,19.0,6.0,0.0
0.25,15.5,0.0,13.0,9.0,0.0,15.5,3.25,6.75,5.0,10.0,myopic_greedy,-5.5,15.5,10.0,0.0
0.25,15.5,0.5,13.0,9.0,0.0,15.5,2.75,6.25,4.5,9.5,myopic_greedy,-6.0,16.0,9.5,0.0
0.25,15.5,1.0,13.0,9.0,0.0,15.5,2.25,5.75,4.0,9.0,myopic_greedy,-6.5,16.5,9.0,0.0
0.25,15.5,1.5,13.0,9.0,0.0,15.5,1.75,5.25,3.5,8.5,myopic_greedy,-7.0,17.0,8.5,0.0
0.25,15.5,2.0,13.0,9.0,0.0,15.5,1.25,4.75,3.0,8.0,myopic_greedy,-7.5,17.5,8.0,0.0
0.25,15.5,2.5,13.0,9.0,0.0,15.5,0.75,4.25,2.5,7.5,myopic_greedy,-8.0,18.0,7.5,0.0
0.25,15.5,3.0,13.0,9.0,0.0,15.5,0.25,3.75,2.0,7.0,myopic_greedy,-8.5,18.5,7.0,0.0
0.25,15.5,3.5,13.0,9.0,0.0,15.5,-0.25,3.25,1.5,6.5,myopic_greedy,-9.0,19.0,6.5,0.0
0.25,15.5,4.0,13.0,9.0,0.0,15.5,-0.75,2.75,1.0,6.0,myopic_greedy,-9.5,19.5,6.0,0.0
0.25,16.0,0.0,13.0,9.0,0.0,16.0,3.25,6.75,5.0,10.0,myopic_greedy,-6.0,16.0,10.0,0.0
0.25,16.0,0.5,13.0,9.0,0.0,16.0,2.75,6.25,4.5,9.5,myopic_greedy,-6.5,16.5,9.5,0.0
0.25,16.0,1.0,13.0,9.0,0.0,16.0,2.25,5.75,4.0,9.0,myopic_greedy,-7.0,17.0,9.0,0.0
0.25,16.0,1.5,13.0,9.0,0.0,16.0,1.75,5.25,3.5,8.5,myopic_greedy,-7.5,17.5,8.5,0.0
0.25,16.0,2.0,13.0,9.0,0.0,16.0,1.25,4.75,3.0,8.0,myopic_greedy,-8.0,18.0,8.0,0.0
0.25,16.0,2.5,13.0,9.0,0.0,16.0,0.75,4.25,2.5,7.5,myopic_greedy,-8.5,18.5,7.5,0.0
0.25,16.0,3.0,13.0,9.0,0.0,16.0,0.25,3.75,2.0,7.0,myopic_greedy,-9.0,19.0,7.0,0.0
0.25,16.0,3.5,13.0,9.0,0.0,16.0,-0.25,3.25,1.5,6.5,myopic_greedy,-9.5,19.5,6.5,0.0
0.25,16.0,4.0,13.0,9.0,0.0,16.0,-0.75,2.75,1.0,6.0,myopic_greedy,-10.0,20.0,6.0,0.0
0.25,16.5,0.0,13.0,9.0,0.0,16.5,3.25,6.75,5.0,10.0,myopic_greedy,-6.5,16.5,10.0,0.0
0.25,16.5,0.5,13.0,9.0,0.0,16.5,2.75,6.25,4.5,9.5,myopic_greedy,-7.0,17.0,9.5,0.0
0.25,16.5,1.0,13.0,9.0,0.0,16.5,2.25,5.75,4.0,9.0,myopic_greedy,-7.5,17.5,9.0,0.0
0.25,16.5,1.5,13.0,9.0,0.0,16.5,1.75,5.25,3.5,8.5,myopic_greedy,-8.0,18.0,8.5,0.0
0.25,16.5,2.0,13.0,9.0,0.0,16.5,1.25,4.75,3.0,8.0,myopic_greedy,-8.5,18.5,8.0,0.0
0.25,16.5,2.5,13.0,9.0,0.0,16.5,0.75,4.25,2.5,7.5,myopic_greedy,-9.0,19.0,7.5,0.0
0.25,16.5,3.0,13.0,9.0,0.0,16.5,0.25,3.75,2.0,7.0,myopic_greedy,-9.5,19.5,7.0,0.0
0.25,16.5,3.5,13.0,9.0,0.0,16.5,-0.25,3.25,1.5,6.5,myopic_greedy,-10.0,20.0,6.5,0.0
0.25,16.5,4.0,13.0,9.0,0.0,16.5,-0.75,2.75,1.0,6.0,myopic_greedy,-10.5,20.5,6.0,0.0
0.25,17.0,0.0,13.0,9.0,0.0,17.0,3.25,6.75,5.0,10.0,myopic_greedy,-7.0,17.0,10.0,0.0
0.25,17.0,0.5,13.0,9.0,0.0,17.0,2.75,6.25,4.5,9.5,myopic_greedy,-7.5,17.5,9.5,0.0
0.25,17.0,1.0,13.0,9.0,0.0,17.0,2.25,5.75,4.0,9.0,myopic_greedy,-8.0,18.0,9.0,0.0
0.25,17.0,1.5,13.0,9.0,0.0,17.0,1.75,5.25,3.5,8.5,myopic_greedy,-8.5,18.5,8.5,0.0
0.25,17.0,2.0,13.0,9.0,0.0,17.0,1.25,4.75,3.0,8.0,myopic_greedy,-9.0,19.0,8.0,0.0
0.25,17.0,2.5,13.0,9.0,0.0,17.0,0.75,4.25,2.5,7.5,myopic_greedy,-9.5,19.5,7.5,0.0
0.25,17.0,3.0,13.0,9.0,0.0,17.0,0.25,3.75,2.0,7.0,myopic_greedy,-10.0,20.0,7.0,0.0
0.25,17.0,3.5,13.0,9.0,0.0,17.0,-0.25,3.25,1.5,6.5,myopic_greedy,-10.5,20.5,6.5,0.0
0.25,17.0,4.0,13.0,9.0,0.0,17.0,-0.75,2.75,1.0,6.0,myopic_greedy,-11.0,21.0,6.0,0.0
0.25,17.5,0.0,13.0,9.0,0.0,17.5,3.25,6.75,5.0,10.0,myopic_greedy,-7.5,17.5,10.0,0.0
0.25,17.5,0.5,13.0,9.0,0.0,17.5,2.75,6.25,4.5,9.5,myopic_greedy,-8.0,18.0,9.5,0.0
0.25,17.5,1.0,13.0,9.0,0.0,17.5,2.25,5.75,4.0,9.0,myopic_greedy,-8.5,18.5,9.0,0.0
0.25,17.5,1.5,13.0,9.0,0.0,17.5,1.75,5.25,3.5,8.5,myopic_greedy,-9.0,19.0,8.5,0.0
0.25,17.5,2.0,13.0,9.0,0.0,17.5,1.25,4.75,3.0,8.0,myopic_greedy,-9.5,19.5,8.0,0.0
0.25,17.5,2.5,13.0,9.0,0.0,17.5,0.75,4.25,2.5,7.5,myopic_greedy,-10.0,20.0,7.5,0.0
0.25,17.5,3.0,13.0,9.0,0.0,17.5,0.25,3.75,2.0,7.0,myopic_greedy,-10.5,20.5,7.0,0.0
0.25,17.5,3.5,13.0,9.0,0.0,17.5,-0.25,3.25,1.5,6.5,myopic_greedy,-11.0,21.0,6.5,0.0
0.25,17.5,4.0,13.0,9.0,0.0,17.5,-0.75,2.75,1.0,6.0,myopic_greedy,-11.5,21.5,6.0,0.0
0.25,18.0,0.0,13.0,9.0,0.0,18.0,3.25,6.75,5.0,10.0,myopic_greedy,-8.0,18.0,10.0,0.0
0.25,18.0,0.5,13.0,9.0,0.0,18.0,2.75,6.25,4.5,9.5,myopic_greedy,-8.5,18.5,9.5,0.0
0.25,18.0,1.0,13.0,9.0,0.0,18.0,2.25,5.75,4.0,9.0,myopic_greedy,-9.0,19.0,9.0,0.0
0.25,18.0,1.5,13.0,9.0,0.0,18.0,1.75,5.25,3.5,8.5,myopic_greedy,-9.5,19.5,8.5,0.0
0.25,18.0,2.0,13.0,9.0,0.0,18.0,1.25,4.75,3.0,8.0,myopic_greedy,-10.0,20.0,8.0,0.0
0.25,18.0,2.5,13.0,9.0,0.0,18.0,0.75,4.25,2.5,7.5,myopic_greedy,-10.5,20.5,7.5,0.0
0.25,18.0,3.0,13.0,9.0,0.0,18.0,0.25,3.75,2.0,7.0,myopic_greedy,-11.0,21.0,7.0,0.0
0.25,18.0,3.5,13.0,9.0,0.0,18.0,-0.25,3.25,1.5,6.5,myopic_greedy,-11.5,21.5,6.5,0.0
0.25,18.0,4.0,13.0,9.0,0.0,18.0,-0.75,2.75,1.0,6.0,myopic_greedy,-12.0,22.0,6.0,0.0
0.3,6.0,0.0,13.0,9.0,0.0,6.0,3.9,6.3,5.1,10.2,possibility_preserving,4.199999999999999,6.0,10.2,1.0
0.3,6.0,0.5,13.0,9.0,0.0,6.0,3.4,5.8,4.6,9.7,possibility_preserving,3.6999999999999993,6.5,9.7,1.0
0.3,6.0,1.0,13.0,9.0,0.0,6.0,2.9,5.3,4.1,9.2,possibility_preserving,3.1999999999999993,7.0,9.2,1.0
0.3,6.0,1.5,13.0,9.0,0.0,6.0,2.4,4.8,3.5999999999999996,8.7,possibility_preserving,2.6999999999999993,7.5,8.7,1.0
0.3,6.0,2.0,13.0,9.0,0.0,6.0,1.9,4.3,3.0999999999999996,8.2,possibility_preserving,2.1999999999999993,8.0,8.2,1.0
0.3,6.0,2.5,13.0,9.0,0.0,6.0,1.4,3.8,2.5999999999999996,7.699999999999999,possibility_preserving,1.6999999999999993,8.5,7.699999999999999,1.0
0.3,6.0,3.0,13.0,9.0,0.0,6.0,0.8999999999999999,3.3,2.0999999999999996,7.199999999999999,possibility_preserving,1.1999999999999993,9.0,7.199999999999999,1.0
0.3,6.0,3.5,13.0,9.0,0.0,6.0,0.3999999999999999,2.8,1.5999999999999999,6.699999999999999,possibility_preserving,0.6999999999999993,9.5,6.699999999999999,1.0
0.3,6.0,4.0,13.0,9.0,0.0,6.0,-0.10000000000000009,2.3,1.0999999999999999,6.199999999999999,possibility_preserving,0.1999999999999993,10.0,6.199999999999999,1.0
0.3,6.5,0.0,13.0,9.0,0.0,6.5,3.9,6.3,5.1,10.2,possibility_preserving,3.6999999999999993,6.5,10.2,1.0
0.3,6.5,0.5,13.0,9.0,0.0,6.5,3.4,5.8,4.6,9.7,possibility_preserving,3.1999999999999993,7.0,9.7,1.0
0.3,6.5,1.0,13.0,9.0,0.0,6.5,2.9,5.3,4.1,9.2,possibility_preserving,2.6999999999999993,7.5,9.2,1.0
0.3,6.5,1.5,13.0,9.0,0.0,6.5,2.4,4.8,3.5999999999999996,8.7,possibility_preserving,2.1999999999999993,8.0,8.7,1.0
0.3,6.5,2.0,13.0,9.0,0.0,6.5,1.9,4.3,3.0999999999999996,8.2,possibility_preserving,1.6999999999999993,8.5,8.2,1.0
0.3,6.5,2.5,13.0,9.0,0.0,6.5,1.4,3.8,2.5999999999999996,7.699999999999999,possibility_preserving,1.1999999999999993,9.0,7.699999999999999,1.0
0.3,6.5,3.0,13.0,9.0,0.0,6.5,0.8999999999999999,3.3,2.0999999999999996,7.199999999999999,possibility_preserving,0.6999999999999993,9.5,7.199999999999999,1.0
0.3,6.5,3.5,13.0,9.0,0.0,6.5,0.3999999999999999,2.8,1.5999999999999999,6.699999999999999,possibility_preserving,0.1999999999999993,10.0,6.699999999999999,1.0
0.3,6.5,4.0,13.0,9.0,0.0,6.5,-0.10000000000000009,2.3,1.0999999999999999,6.199999999999999,myopic_greedy,-0.3000000000000007,10.5,6.199999999999999,0.0
0.3,7.0,0.0,13.0,9.0,0.0,7.0,3.9,6.3,5.1,10.2,possibility_preserving,3.1999999999999993,7.0,10.2,1.0
0.3,7.0,0.5,13.0,9.0,0.0,7.0,3.4,5.8,4.6,9.7,possibility_preserving,2.6999999999999993,7.5,9.7,1.0
0.3,7.0,1.0,13.0,9.0,0.0,7.0,2.9,5.3,4.1,9.2,possibility_preserving,2.1999999999999993,8.0,9.2,1.0
0.3,7.0,1.5,13.0,9.0,0.0,7.0,2.4,4.8,3.5999999999999996,8.7,possibility_preserving,1.6999999999999993,8.5,8.7,1.0
0.3,7.0,2.0,13.0,9.0,0.0,7.0,1.9,4.3,3.0999999999999996,8.2,possibility_preserving,1.1999999999999993,9.0,8.2,1.0
0.3,7.0,2.5,13.0,9.0,0.0,7.0,1.4,3.8,2.5999999999999996,7.699999999999999,possibility_preserving,0.6999999999999993,9.5,7.699999999999999,1.0
0.3,7.0,3.0,13.0,9.0,0.0,7.0,0.8999999999999999,3.3,2.0999999999999996,7.199999999999999,possibility_preserving,0.1999999999999993,10.0,7.199999999999999,1.0
0.3,7.0,3.5,13.0,9.0,0.0,7.0,0.3999999999999999,2.8,1.5999999999999999,6.699999999999999,myopic_greedy,-0.3000000000000007,10.5,6.699999999999999,0.0
0.3,7.0,4.0,13.0,9.0,0.0,7.0,-0.10000000000000009,2.3,1.0999999999999999,6.199999999999999,myopic_greedy,-0.8000000000000007,11.0,6.199999999999999,0.0
0.3,7.5,0.0,13.0,9.0,0.0,7.5,3.9,6.3,5.1,10.2,possibility_preserving,2.6999999999999993,7.5,10.2,1.0
0.3,7.5,0.5,13.0,9.0,0.0,7.5,3.4,5.8,4.6,9.7,possibility_preserving,2.1999999999999993,8.0,9.7,1.0
0.3,7.5,1.0,13.0,9.0,0.0,7.5,2.9,5.3,4.1,9.2,possibility_preserving,1.6999999999999993,8.5,9.2,1.0
0.3,7.5,1.5,13.0,9.0,0.0,7.5,2.4,4.8,3.5999999999999996,8.7,possibility_preserving,1.1999999999999993,9.0,8.7,1.0
0.3,7.5,2.0,13.0,9.0,0.0,7.5,1.9,4.3,3.0999999999999996,8.2,possibility_preserving,0.6999999999999993,9.5,8.2,1.0
0.3,7.5,2.5,13.0,9.0,0.0,7.5,1.4,3.8,2.5999999999999996,7.699999999999999,possibility_preserving,0.1999999999999993,10.0,7.699999999999999,1.0
0.3,7.5,3.0,13.0,9.0,0.0,7.5,0.8999999999999999,3.3,2.0999999999999996,7.199999999999999,myopic_greedy,-0.3000000000000007,10.5,7.199999999999999,0.0
0.3,7.5,3.5,13.0,9.0,0.0,7.5,0.3999999999999999,2.8,1.5999999999999999,6.699999999999999,myopic_greedy,-0.8000000000000007,11.0,6.699999999999999,0.0
0.3,7.5,4.0,13.0,9.0,0.0,7.5,-0.10000000000000009,2.3,1.0999999999999999,6.199999999999999,myopic_greedy,-1.3000000000000007,11.5,6.199999999999999,0.0
0.3,8.0,0.0,13.0,9.0,0.0,8.0,3.9,6.3,5.1,10.2,possibility_preserving,2.1999999999999993,8.0,10.2,1.0
0.3,8.0,0.5,13.0,9.0,0.0,8.0,3.4,5.8,4.6,9.7,possibility_preserving,1.6999999999999993,8.5,9.7,1.0
0.3,8.0,1.0,13.0,9.0,0.0,8.0,2.9,5.3,4.1,9.2,possibility_preserving,1.1999999999999993,9.0,9.2,1.0
0.3,8.0,1.5,13.0,9.0,0.0,8.0,2.4,4.8,3.5999999999999996,8.7,possibility_preserving,0.6999999999999993,9.5,8.7,1.0
0.3,8.0,2.0,13.0,9.0,0.0,8.0,1.9,4.3,3.0999999999999996,8.2,possibility_preserving,0.1999999999999993,10.0,8.2,1.0
0.3,8.0,2.5,13.0,9.0,0.0,8.0,1.4,3.8,2.5999999999999996,7.699999999999999,myopic_greedy,-0.3000000000000007,10.5,7.699999999999999,0.0
0.3,8.0,3.0,13.0,9.0,0.0,8.0,0.8999999999999999,3.3,2.0999999999999996,7.199999999999999,myopic_greedy,-0.8000000000000007,11.0,7.199999999999999,0.0
0.3,8.0,3.5,13.0,9.0,0.0,8.0,0.3999999999999999,2.8,1.5999999999999999,6.699999999999999,myopic_greedy,-1.3000000000000007,11.5,6.699999999999999,0.0
0.3,8.0,4.0,13.0,9.0,0.0,8.0,-0.10000000000000009,2.3,1.0999999999999999,6.199999999999999,myopic_greedy,-1.8000000000000007,12.0,6.199999999999999,0.0
0.3,8.5,0.0,13.0,9.0,0.0,8.5,3.9,6.3,5.1,10.2,possibility_preserving,1.6999999999999993,8.5,10.2,1.0
0.3,8.5,0.5,13.0,9.0,0.0,8.5,3.4,5.8,4.6,9.7,possibility_preserving,1.1999999999999993,9.0,9.7,1.0
0.3,8.5,1.0,13.0,9.0,0.0,8.5,2.9,5.3,4.1,9.2,possibility_preserving,0.6999999999999993,9.5,9.2,1.0
0.3,8.5,1.5,13.0,9.0,0.0,8.5,2.4,4.8,3.5999999999999996,8.7,possibility_preserving,0.1999999999999993,10.0,8.7,1.0
0.3,8.5,2.0,13.0,9.0,0.0,8.5,1.9,4.3,3.0999999999999996,8.2,myopic_greedy,-0.3000000000000007,10.5,8.2,0.0
0.3,8.5,2.5,13.0,9.0,0.0,8.5,1.4,3.8,2.5999999999999996,7.699999999999999,myopic_greedy,-0.8000000000000007,11.0,7.699999999999999,0.0
0.3,8.5,3.0,13.0,9.0,0.0,8.5,0.8999999999999999,3.3,2.0999999999999996,7.199999999999999,myopic_greedy,-1.3000000000000007,11.5,7.199999999999999,0.0
0.3,8.5,3.5,13.0,9.0,0.0,8.5,0.3999999999999999,2.8,1.5999999999999999,6.699999999999999,myopic_greedy,-1.8000000000000007,12.0,6.699999999999999,0.0
0.3,8.5,4.0,13.0,9.0,0.0,8.5,-0.10000000000000009,2.3,1.0999999999999999,6.199999999999999,myopic_greedy,-2.3000000000000007,12.5,6.199999999999999,0.0
0.3,9.0,0.0,13.0,9.0,0.0,9.0,3.9,6.3,5.1,10.2,possibility_preserving,1.1999999999999993,9.0,10.2,1.0
0.3,9.0,0.5,13.0,9.0,0.0,9.0,3.4,5.8,4.6,9.7,possibility_preserving,0.6999999999999993,9.5,9.7,1.0
0.3,9.0,1.0,13.0,9.0,0.0,9.0,2.9,5.3,4.1,9.2,possibility_preserving,0.1999999999999993,10.0,9.2,1.0
0.3,9.0,1.5,13.0,9.0,0.0,9.0,2.4,4.8,3.5999999999999996,8.7,myopic_greedy,-0.3000000000000007,10.5,8.7,0.0
0.3,9.0,2.0,13.0,9.0,0.0,9.0,1.9,4.3,3.0999999999999996,8.2,myopic_greedy,-0.8000000000000007,11.0,8.2,0.0
0.3,9.0,2.5,13.0,9.0,0.0,9.0,1.4,3.8,2.5999999999999996,7.699999999999999,myopic_greedy,-1.3000000000000007,11.5,7.699999999999999,0.0
0.3,9.0,3.0,13.0,9.0,0.0,9.0,0.8999999999999999,3.3,2.0999999999999996,7.199999999999999,myopic_greedy,-1.8000000000000007,12.0,7.199999999999999,0.0
0.3,9.0,3.5,13.0,9.0,0.0,9.0,0.3999999999999999,2.8,1.5999999999999999,6.699999999999999,myopic_greedy,-2.3000000000000007,12.5,6.699999999999999,0.0
0.3,9.0,4.0,13.0,9.0,0.0,9.0,-0.10000000000000009,2.3,1.0999999999999999,6.199999999999999,myopic_greedy,-2.8000000000000007,13.0,6.199999999999999,0.0
0.3,9.5,0.0,13.0,9.0,0.0,9.5,3.9,6.3,5.1,10.2,possibility_preserving,0.6999999999999993,9.5,10.2,1.0
0.3,9.5,0.5,13.0,9.0,0.0,9.5,3.4,5.8,4.6,9.7,possibility_preserving,0.1999999999999993,10.0,9.7,1.0
0.3,9.5,1.0,13.0,9.0,0.0,9.5,2.9,5.3,4.1,9.2,myopic_greedy,-0.3000000000000007,10.5,9.2,0.0
0.3,9.5,1.5,13.0,9.0,0.0,9.5,2.4,4.8,3.5999999999999996,8.7,myopic_greedy,-0.8000000000000007,11.0,8.7,0.0
0.3,9.5,2.0,13.0,9.0,0.0,9.5,1.9,4.3,3.0999999999999996,8.2,myopic_greedy,-1.3000000000000007,11.5,8.2,0.0
0.3,9.5,2.5,13.0,9.0,0.0,9.5,1.4,3.8,2.5999999999999996,7.699999999999999,myopic_greedy,-1.8000000000000007,12.0,7.699999999999999,0.0
0.3,9.5,3.0,13.0,9.0,0.0,9.5,0.8999999999999999,3.3,2.0999999999999996,7.199999999999999,myopic_greedy,-2.3000000000000007,12.5,7.199999999999999,0.0
0.3,9.5,3.5,13.0,9.0,0.0,9.5,0.3999999999999999,2.8,1.5999999999999999,6.699999999999999,myopic_greedy,-2.8000000000000007,13.0,6.699999999999999,0.0
0.3,9.5,4.0,13.0,9.0,0.0,9.5,-0.10000000000000009,2.3,1.0999999999999999,6.199999999999999,myopic_greedy,-3.3000000000000007,13.5,6.199999999999999,0.0
0.3,10.0,0.0,13.0,9.0,0.0,10.0,3.9,6.3,5.1,10.2,possibility_preserving,0.1999999999999993,10.0,10.2,1.0
0.3,10.0,0.5,13.0,9.0,0.0,10.0,3.4,5.8,4.6,9.7,myopic_greedy,-0.3000000000000007,10.5,9.7,0.0
0.3,10.0,1.0,13.0,9.0,0.0,10.0,2.9,5.3,4.1,9.2,myopic_greedy,-0.8000000000000007,11.0,9.2,0.0
0.3,10.0,1.5,13.0,9.0,0.0,10.0,2.4,4.8,3.5999999999999996,8.7,myopic_greedy,-1.3000000000000007,11.5,8.7,0.0
0.3,10.0,2.0,13.0,9.0,0.0,10.0,1.9,4.3,3.0999999999999996,8.2,myopic_greedy,-1.8000000000000007,12.0,8.2,0.0
0.3,10.0,2.5,13.0,9.0,0.0,10.0,1.4,3.8,2.5999999999999996,7.699999999999999,myopic_greedy,-2.3000000000000007,12.5,7.699999999999999,0.0
0.3,10.0,3.0,13.0,9.0,0.0,10.0,0.8999999999999999,3.3,2.0999999999999996,7.199999999999999,myopic_greedy,-2.8000000000000007,13.0,7.199999999999999,0.0
0.3,10.0,3.5,13.0,9.0,0.0,10.0,0.3999999999999999,2.8,1.5999999999999999,6.699999999999999,myopic_greedy,-3.3000000000000007,13.5,6.699999999999999,0.0
0.3,10.0,4.0,13.0,9.0,0.0,10.0,-0.10000000000000009,2.3,1.0999999999999999,6.199999999999999,myopic_greedy,-3.8000000000000007,14.0,6.199999999999999,0.0
0.3,10.5,0.0,13.0,9.0,0.0,10.5,3.9,6.3,5.1,10.2,myopic_greedy,-0.3000000000000007,10.5,10.2,0.0
0.3,10.5,0.5,13.0,9.0,0.0,10.5,3.4,5.8,4.6,9.7,myopic_greedy,-0.8000000000000007,11.0,9.7,0.0
0.3,10.5,1.0,13.0,9.0,0.0,10.5,2.9,5.3,4.1,9.2,myopic_greedy,-1.3000000000000007,11.5,9.2,0.0
0.3,10.5,1.5,13.0,9.0,0.0,10.5,2.4,4.8,3.5999999999999996,8.7,myopic_greedy,-1.8000000000000007,12.0,8.7,0.0
0.3,10.5,2.0,13.0,9.0,0.0,10.5,1.9,4.3,3.0999999999999996,8.2,myopic_greedy,-2.3000000000000007,12.5,8.2,0.0
0.3,10.5,2.5,13.0,9.0,0.0,10.5,1.4,3.8,2.5999999999999996,7.699999999999999,myopic_greedy,-2.8000000000000007,13.0,7.699999999999999,0.0
0.3,10.5,3.0,13.0,9.0,0.0,10.5,0.8999999999999999,3.3,2.0999999999999996,7.199999999999999,myopic_greedy,-3.3000000000000007,13.5,7.199999999999999,0.0
0.3,10.5,3.5,13.0,9.0,0.0,10.5,0.3999999999999999,2.8,1.5999999999999999,6.699999999999999,myopic_greedy,-3.8000000000000007,14.0,6.699999999999999,0.0
0.3,10.5,4.0,13.0,9.0,0.0,10.5,-0.10000000000000009,2.3,1.0999999999999999,6.199999999999999,myopic_greedy,-4.300000000000001,14.5,6.199999999999999,0.0
0.3,11.0,0.0,13.0,9.0,0.0,11.0,3.9,6.3,5.1,10.2,myopic_greedy,-0.8000000000000007,11.0,10.2,0.0
0.3,11.0,0.5,13.0,9.0,0.0,11.0,3.4,5.8,4.6,9.7,myopic_greedy,-1.3000000000000007,11.5,9.7,0.0
0.3,11.0,1.0,13.0,9.0,0.0,11.0,2.9,5.3,4.1,9.2,myopic_greedy,-1.8000000000000007,12.0,9.2,0.0
0.3,11.0,1.5,13.0,9.0,0.0,11.0,2.4,4.8,3.5999999999999996,8.7,myopic_greedy,-2.3000000000000007,12.5,8.7,0.0
0.3,11.0,2.0,13.0,9.0,0.0,11.0,1.9,4.3,3.0999999999999996,8.2,myopic_greedy,-2.8000000000000007,13.0,8.2,0.0
0.3,11.0,2.5,13.0,9.0,0.0,11.0,1.4,3.8,2.5999999999999996,7.699999999999999,myopic_greedy,-3.3000000000000007,13.5,7.699999999999999,0.0
0.3,11.0,3.0,13.0,9.0,0.0,11.0,0.8999999999999999,3.3,2.0999999999999996,7.199999999999999,myopic_greedy,-3.8000000000000007,14.0,7.199999999999999,0.0
0.3,11.0,3.5,13.0,9.0,0.0,11.0,0.3999999999999999,2.8,1.5999999999999999,6.699999999999999,myopic_greedy,-4.300000000000001,14.5,6.699999999999999,0.0
0.3,11.0,4.0,13.0,9.0,0.0,11.0,-0.10000000000000009,2.3,1.0999999999999999,6.199999999999999,myopic_greedy,-4.800000000000001,15.0,6.199999999999999,0.0
0.3,11.5,0.0,13.0,9.0,0.0,11.5,3.9,6.3,5.1,10.2,myopic_greedy,-1.3000000000000007,11.5,10.2,0.0
0.3,11.5,0.5,13.0,9.0,0.0,11.5,3.4,5.8,4.6,9.7,myopic_greedy,-1.8000000000000007,12.0,9.7,0.0
0.3,11.5,1.0,13.0,9.0,0.0,11.5,2.9,5.3,4.1,9.2,myopic_greedy,-2.3000000000000007,12.5,9.2,0.0
0.3,11.5,1.5,13.0,9.0,0.0,11.5,2.4,4.8,3.5999999999999996,8.7,myopic_greedy,-2.8000000000000007,13.0,8.7,0.0
0.3,11.5,2.0,13.0,9.0,0.0,11.5,1.9,4.3,3.0999999999999996,8.2,myopic_greedy,-3.3000000000000007,13.5,8.2,0.0
0.3,11.5,2.5,13.0,9.0,0.0,11.5,1.4,3.8,2.5999999999999996,7.699999999999999,myopic_greedy,-3.8000000000000007,14.0,7.699999999999999,0.0
0.3,11.5,3.0,13.0,9.0,0.0,11.5,0.8999999999999999,3.3,2.0999999999999996,7.199999999999999,myopic_greedy,-4.300000000000001,14.5,7.199999999999999,0.0
0.3,11.5,3.5,13.0,9.0,0.0,11.5,0.3999999999999999,2.8,1.5999999999999999,6.699999999999999,myopic_greedy,-4.800000000000001,15.0,6.699999999999999,0.0
0.3,11.5,4.0,13.0,9.0,0.0,11.5,-0.10000000000000009,2.3,1.0999999999999999,6.199999999999999,myopic_greedy,-5.300000000000001,15.5,6.199999999999999,0.0
0.3,12.0,0.0,13.0,9.0,0.0,12.0,3.9,6.3,5.1,10.2,myopic_greedy,-1.8000000000000007,12.0,10.2,0.0
0.3,12.0,0.5,13.0,9.0,0.0,12.0,3.4,5.8,4.6,9.7,myopic_greedy,-2.3000000000000007,12.5,9.7,0.0
0.3,12.0,1.0,13.0,9.0,0.0,12.0,2.9,5.3,4.1,9.2,myopic_greedy,-2.8000000000000007,13.0,9.2,0.0
0.3,12.0,1.5,13.0,9.0,0.0,12.0,2.4,4.8,3.5999999999999996,8.7,myopic_greedy,-3.3000000000000007,13.5,8.7,0.0
0.3,12.0,2.0,13.0,9.0,0.0,12.0,1.9,4.3,3.0999999999999996,8.2,myopic_greedy,-3.8000000000000007,14.0,8.2,0.0
0.3,12.0,2.5,13.0,9.0,0.0,12.0,1.4,3.8,2.5999999999999996,7.699999999999999,myopic_greedy,-4.300000000000001,14.5,7.699999999999999,0.0
0.3,12.0,3.0,13.0,9.0,0.0,12.0,0.8999999999999999,3.3,2.0999999999999996,7.199999999999999,myopic_greedy,-4.800000000000001,15.0,7.199999999999999,0.0
0.3,12.0,3.5,13.0,9.0,0.0,12.0,0.3999999999999999,2.8,1.5999999999999999,6.699999999999999,myopic_greedy,-5.300000000000001,15.5,6.699999999999999,0.0
0.3,12.0,4.0,13.0,9.0,0.0,12.0,-0.10000000000000009,2.3,1.0999999999999999,6.199999999999999,myopic_greedy,-5.800000000000001,16.0,6.199999999999999,0.0
0.3,12.5,0.0,13.0,9.0,0.0,12.5,3.9,6.3,5.1,10.2,myopic_greedy,-2.3000000000000007,12.5,10.2,0.0
0.3,12.5,0.5,13.0,9.0,0.0,12.5,3.4,5.8,4.6,9.7,myopic_greedy,-2.8000000000000007,13.0,9.7,0.0
0.3,12.5,1.0,13.0,9.0,0.0,12.5,2.9,5.3,4.1,9.2,myopic_greedy,-3.3000000000000007,13.5,9.2,0.0
0.3,12.5,1.5,13.0,9.0,0.0,12.5,2.4,4.8,3.5999999999999996,8.7,myopic_greedy,-3.8000000000000007,14.0,8.7,0.0
0.3,12.5,2.0,13.0,9.0,0.0,12.5,1.9,4.3,3.0999999999999996,8.2,myopic_greedy,-4.300000000000001,14.5,8.2,0.0
0.3,12.5,2.5,13.0,9.0,0.0,12.5,1.4,3.8,2.5999999999999996,7.699999999999999,myopic_greedy,-4.800000000000001,15.0,7.699999999999999,0.0
0.3,12.5,3.0,13.0,9.0,0.0,12.5,0.8999999999999999,3.3,2.0999999999999996,7.199999999999999,myopic_greedy,-5.300000000000001,15.5,7.199999999999999,0.0
0.3,12.5,3.5,13.0,9.0,0.0,12.5,0.3999999999999999,2.8,1.5999999999999999,6.699999999999999,myopic_greedy,-5.800000000000001,16.0,6.699999999999999,0.0
0.3,12.5,4.0,13.0,9.0,0.0,12.5,-0.10000000000000009,2.3,1.0999999999999999,6.199999999999999,myopic_greedy,-6.300000000000001,16.5,6.199999999999999,0.0
0.3,13.0,0.0,13.0,9.0,0.0,13.0,3.9,6.3,5.1,10.2,myopic_greedy,-2.8000000000000007,13.0,10.2,0.0
0.3,13.0,0.5,13.0,9.0,0.0,13.0,3.4,5.8,4.6,9.7,myopic_greedy,-3.3000000000000007,13.5,9.7,0.0
0.3,13.0,1.0,13.0,9.0,0.0,13.0,2.9,5.3,4.1,9.2,myopic_greedy,-3.8000000000000007,14.0,9.2,0.0
0.3,13.0,1.5,13.0,9.0,0.0,13.0,2.4,4.8,3.5999999999999996,8.7,myopic_greedy,-4.300000000000001,14.5,8.7,0.0
0.3,13.0,2.0,13.0,9.0,0.0,13.0,1.9,4.3,3.0999999999999996,8.2,myopic_greedy,-4.800000000000001,15.0,8.2,0.0
0.3,13.0,2.5,13.0,9.0,0.0,13.0,1.4,3.8,2.5999999999999996,7.699999999999999,myopic_greedy,-5.300000000000001,15.5,7.699999999999999,0.0
0.3,13.0,3.0,13.0,9.0,0.0,13.0,0.8999999999999999,3.3,2.0999999999999996,7.199999999999999,myopic_greedy,-5.800000000000001,16.0,7.199999999999999,0.0
0.3,13.0,3.5,13.0,9.0,0.0,13.0,0.3999999999999999,2.8,1.5999999999999999,6.699999999999999,myopic_greedy,-6.300000000000001,16.5,6.699999999999999,0.0
0.3,13.0,4.0,13.0,9.0,0.0,13.0,-0.10000000000000009,2.3,1.0999999999999999,6.199999999999999,myopic_greedy,-6.800000000000001,17.0,6.199999999999999,0.0
0.3,13.5,0.0,13.0,9.0,0.0,13.5,3.9,6.3,5.1,10.2,myopic_greedy,-3.3000000000000007,13.5,10.2,0.0
0.3,13.5,0.5,13.0,9.0,0.0,13.5,3.4,5.8,4.6,9.7,myopic_greedy,-3.8000000000000007,14.0,9.7,0.0
0.3,13.5,1.0,13.0,9.0,0.0,13.5,2.9,5.3,4.1,9.2,myopic_greedy,-4.300000000000001,14.5,9.2,0.0
0.3,13.5,1.5,13.0,9.0,0.0,13.5,2.4,4.8,3.5999999999999996,8.7,myopic_greedy,-4.800000000000001,15.0,8.7,0.0
0.3,13.5,2.0,13.0,9.0,0.0,13.5,1.9,4.3,3.0999999999999996,8.2,myopic_greedy,-5.300000000000001,15.5,8.2,0.0
0.3,13.5,2.5,13.0,9.0,0.0,13.5,1.4,3.8,2.5999999999999996,7.699999999999999,myopic_greedy,-5.800000000000001,16.0,7.699999999999999,0.0
0.3,13.5,3.0,13.0,9.0,0.0,13.5,0.8999999999999999,3.3,2.0999999999999996,7.199999999999999,myopic_greedy,-6.300000000000001,16.5,7.199999999999999,0.0
0.3,13.5,3.5,13.0,9.0,0.0,13.5,0.3999999999999999,2.8,1.5999999999999999,6.699999999999999,myopic_greedy,-6.800000000000001,17.0,6.699999999999999,0.0
0.3,13.5,4.0,13.0,9.0,0.0,13.5,-0.10000000000000009,2.3,1.0999999999999999,6.199999999999999,myopic_greedy,-7.300000000000001,17.5,6.199999999999999,0.0
0.3,14.0,0.0,13.0,9.0,0.0,14.0,3.9,6.3,5.1,10.2,myopic_greedy,-3.8000000000000007,14.0,10.2,0.0
0.3,14.0,0.5,13.0,9.0,0.0,14.0,3.4,5.8,4.6,9.7,myopic_greedy,-4.300000000000001,14.5,9.7,0.0
0.3,14.0,1.0,13.0,9.0,0.0,14.0,2.9,5.3,4.1,9.2,myopic_greedy,-4.800000000000001,15.0,9.2,0.0
0.3,14.0,1.5,13.0,9.0,0.0,14.0,2.4,4.8,3.5999999999999996,8.7,myopic_greedy,-5.300000000000001,15.5,8.7,0.0
0.3,14.0,2.0,13.0,9.0,0.0,14.0,1.9,4.3,3.0999999999999996,8.2,myopic_greedy,-5.800000000000001,16.0,8.2,0.0
0.3,14.0,2.5,13.0,9.0,0.0,14.0,1.4,3.8,2.5999999999999996,7.699999999999999,myopic_greedy,-6.300000000000001,16.5,7.699999999999999,0.0
0.3,14.0,3.0,13.0,9.0,0.0,14.0,0.8999999999999999,3.3,2.0999999999999996,7.199999999999999,myopic_greedy,-6.800000000000001,17.0,7.199999999999999,0.0
0.3,14.0,3.5,13.0,9.0,0.0,14.0,0.3999999999999999,2.8,1.5999999999999999,6.699999999999999,myopic_greedy,-7.300000000000001,17.5,6.699999999999999,0.0
0.3,14.0,4.0,13.0,9.0,0.0,14.0,-0.10000000000000009,2.3,1.0999999999999999,6.199999999999999,myopic_greedy,-7.800000000000001,18.0,6.199999999999999,0.0
0.3,14.5,0.0,13.0,9.0,0.0,14.5,3.9,6.3,5.1,10.2,myopic_greedy,-4.300000000000001,14.5,10.2,0.0
0.3,14.5,0.5,13.0,9.0,0.0,14.5,3.4,5.8,4.6,9.7,myopic_greedy,-4.800000000000001,15.0,9.7,0.0
0.3,14.5,1.0,13.0,9.0,0.0,14.5,2.9,5.3,4.1,9.2,myopic_greedy,-5.300000000000001,15.5,9.2,0.0
0.3,14.5,1.5,13.0,9.0,0.0,14.5,2.4,4.8,3.5999999999999996,8.7,myopic_greedy,-5.800000000000001,16.0,8.7,0.0
0.3,14.5,2.0,13.0,9.0,0.0,14.5,1.9,4.3,3.0999999999999996,8.2,myopic_greedy,-6.300000000000001,16.5,8.2,0.0
0.3,14.5,2.5,13.0,9.0,0.0,14.5,1.4,3.8,2.5999999999999996,7.699999999999999,myopic_greedy,-6.800000000000001,17.0,7.699999999999999,0.0
0.3,14.5,3.0,13.0,9.0,0.0,14.5,0.8999999999999999,3.3,2.0999999999999996,7.199999999999999,myopic_greedy,-7.300000000000001,17.5,7.199999999999999,0.0
0.3,14.5,3.5,13.0,9.0,0.0,14.5,0.3999999999999999,2.8,1.5999999999999999,6.699999999999999,myopic_greedy,-7.800000000000001,18.0,6.699999999999999,0.0
0.3,14.5,4.0,13.0,9.0,0.0,14.5,-0.10000000000000009,2.3,1.0999999999999999,6.199999999999999,myopic_greedy,-8.3,18.5,6.199999999999999,0.0
0.3,15.0,0.0,13.0,9.0,0.0,15.0,3.9,6.3,5.1,10.2,myopic_greedy,-4.800000000000001,15.0,10.2,0.0
0.3,15.0,0.5,13.0,9.0,0.0,15.0,3.4,5.8,4.6,9.7,myopic_greedy,-5.300000000000001,15.5,9.7,0.0
0.3,15.0,1.0,13.0,9.0,0.0,15.0,2.9,5.3,4.1,9.2,myopic_greedy,-5.800000000000001,16.0,9.2,0.0
0.3,15.0,1.5,13.0,9.0,0.0,15.0,2.4,4.8,3.5999999999999996,8.7,myopic_greedy,-6.300000000000001,16.5,8.7,0.0
0.3,15.0,2.0,13.0,9.0,0.0,15.0,1.9,4.3,3.0999999999999996,8.2,myopic_greedy,-6.800000000000001,17.0,8.2,0.0
0.3,15.0,2.5,13.0,9.0,0.0,15.0,1.4,3.8,2.5999999999999996,7.699999999999999,myopic_greedy,-7.300000000000001,17.5,7.699999999999999,0.0
0.3,15.0,3.0,13.0,9.0,0.0,15.0,0.8999999999999999,3.3,2.0999999999999996,7.199999999999999,myopic_greedy,-7.800000000000001,18.0,7.199999999999999,0.0
0.3,15.0,3.5,13.0,9.0,0.0,15.0,0.3999999999999999,2.8,1.5999999999999999,6.699999999999999,myopic_greedy,-8.3,18.5,6.699999999999999,0.0
0.3,15.0,4.0,13.0,9.0,0.0,15.0,-0.10000000000000009,2.3,1.0999999999999999,6.199999999999999,myopic_greedy,-8.8,19.0,6.199999999999999,0.0
0.3,15.5,0.0,13.0,9.0,0.0,15.5,3.9,6.3,5.1,10.2,myopic_greedy,-5.300000000000001,15.5,10.2,0.0
0.3,15.5,0.5,13.0,9.0,0.0,15.5,3.4,5.8,4.6,9.7,myopic_greedy,-5.800000000000001,16.0,9.7,0.0
0.3,15.5,1.0,13.0,9.0,0.0,15.5,2.9,5.3,4.1,9.2,myopic_greedy,-6.300000000000001,16.5,9.2,0.0
0.3,15.5,1.5,13.0,9.0,0.0,15.5,2.4,4.8,3.5999999999999996,8.7,myopic_greedy,-6.800000000000001,17.0,8.7,0.0
0.3,15.5,2.0,13.0,9.0,0.0,15.5,1.9,4.3,3.0999999999999996,8.2,myopic_greedy,-7.300000000000001,17.5,8.2,0.0
0.3,15.5,2.5,13.0,9.0,0.0,15.5,1.4,3.8,2.5999999999999996,7.699999999999999,myopic_greedy,-7.800000000000001,18.0,7.699999999999999,0.0
0.3,15.5,3.0,13.0,9.0,0.0,15.5,0.8999999999999999,3.3,2.0999999999999996,7.199999999999999,myopic_greedy,-8.3,18.5,7.199999999999999,0.0
0.3,15.5,3.5,13.0,9.0,0.0,15.5,0.3999999999999999,2.8,1.5999999999999999,6.699999999999999,myopic_greedy,-8.8,19.0,6.699999999999999,0.0
0.3,15.5,4.0,13.0,9.0,0.0,15.5,-0.10000000000000009,2.3,1.0999999999999999,6.199999999999999,myopic_greedy,-9.3,19.5,6.199999999999999,0.0
0.3,16.0,0.0,13.0,9.0,0.0,16.0,3.9,6.3,5.1,10.2,myopic_greedy,-5.800000000000001,16.0,10.2,0.0
0.3,16.0,0.5,13.0,9.0,0.0,16.0,3.4,5.8,4.6,9.7,myopic_greedy,-6.300000000000001,16.5,9.7,0.0
0.3,16.0,1.0,13.0,9.0,0.0,16.0,2.9,5.3,4.1,9.2,myopic_greedy,-6.800000000000001,17.0,9.2,0.0
0.3,16.0,1.5,13.0,9.0,0.0,16.0,2.4,4.8,3.5999999999999996,8.7,myopic_greedy,-7.300000000000001,17.5,8.7,0.0
0.3,16.0,2.0,13.0,9.0,0.0,16.0,1.9,4.3,3.0999999999999996,8.2,myopic_greedy,-7.800000000000001,18.0,8.2,0.0
0.3,16.0,2.5,13.0,9.0,0.0,16.0,1.4,3.8,2.5999999999999996,7.699999999999999,myopic_greedy,-8.3,18.5,7.699999999999999,0.0
0.3,16.0,3.0,13.0,9.0,0.0,16.0,0.8999999999999999,3.3,2.0999999999999996,7.199999999999999,myopic_greedy,-8.8,19.0,7.199999999999999,0.0
0.3,16.0,3.5,13.0,9.0,0.0,16.0,0.3999999999999999,2.8,1.5999999999999999,6.699999999999999,myopic_greedy,-9.3,19.5,6.699999999999999,0.0
0.3,16.0,4.0,13.0,9.0,0.0,16.0,-0.10000000000000009,2.3,1.0999999999999999,6.199999999999999,myopic_greedy,-9.8,20.0,6.199999999999999,0.0
0.3,16.5,0.0,13.0,9.0,0.0,16.5,3.9,6.3,5.1,10.2,myopic_greedy,-6.300000000000001,16.5,10.2,0.0
0.3,16.5,0.5,13.0,9.0,0.0,16.5,3.4,5.8,4.6,9.7,myopic_greedy,-6.800000000000001,17.0,9.7,0.0
0.3,16.5,1.0,13.0,9.0,0.0,16.5,2.9,5.3,4.1,9.2,myopic_greedy,-7.300000000000001,17.5,9.2,0.0
0.3,16.5,1.5,13.0,9.0,0.0,16.5,2.4,4.8,3.5999999999999996,8.7,myopic_greedy,-7.800000000000001,18.0,8.7,0.0
0.3,16.5,2.0,13.0,9.0,0.0,16.5,1.9,4.3,3.0999999999999996,8.2,myopic_greedy,-8.3,18.5,8.2,0.0
0.3,16.5,2.5,13.0,9.0,0.0,16.5,1.4,3.8,2.5999999999999996,7.699999999999999,myopic_greedy,-8.8,19.0,7.699999999999999,0.0
0.3,16.5,3.0,13.0,9.0,0.0,16.5,0.8999999999999999,3.3,2.0999999999999996,7.199999999999999,myopic_greedy,-9.3,19.5,7.199999999999999,0.0
0.3,16.5,3.5,13.0,9.0,0.0,16.5,0.3999999999999999,2.8,1.5999999999999999,6.699999999999999,myopic_greedy,-9.8,20.0,6.699999999999999,0.0
0.3,16.5,4.0,13.0,9.0,0.0,16.5,-0.10000000000000009,2.3,1.0999999999999999,6.199999999999999,myopic_greedy,-10.3,20.5,6.199999999999999,0.0
0.3,17.0,0.0,13.0,9.0,0.0,17.0,3.9,6.3,5.1,10.2,myopic_greedy,-6.800000000000001,17.0,10.2,0.0
0.3,17.0,0.5,13.0,9.0,0.0,17.0,3.4,5.8,4.6,9.7,myopic_greedy,-7.300000000000001,17.5,9.7,0.0
0.3,17.0,1.0,13.0,9.0,0.0,17.0,2.9,5.3,4.1,9.2,myopic_greedy,-7.800000000000001,18.0,9.2,0.0
0.3,17.0,1.5,13.0,9.0,0.0,17.0,2.4,4.8,3.5999999999999996,8.7,myopic_greedy,-8.3,18.5,8.7,0.0
0.3,17.0,2.0,13.0,9.0,0.0,17.0,1.9,4.3,3.0999999999999996,8.2,myopic_greedy,-8.8,19.0,8.2,0.0
0.3,17.0,2.5,13.0,9.0,0.0,17.0,1.4,3.8,2.5999999999999996,7.699999999999999,myopic_greedy,-9.3,19.5,7.699999999999999,0.0
0.3,17.0,3.0,13.0,9.0,0.0,17.0,0.8999999999999999,3.3,2.0999999999999996,7.199999999999999,myopic_greedy,-9.8,20.0,7.199999999999999,0.0
0.3,17.0,3.5,13.0,9.0,0.0,17.0,0.3999999999999999,2.8,1.5999999999999999,6.699999999999999,myopic_greedy,-10.3,20.5,6.699999999999999,0.0
0.3,17.0,4.0,13.0,9.0,0.0,17.0,-0.10000000000000009,2.3,1.0999999999999999,6.199999999999999,myopic_greedy,-10.8,21.0,6.199999999999999,0.0
0.3,17.5,0.0,13.0,9.0,0.0,17.5,3.9,6.3,5.1,10.2,myopic_greedy,-7.300000000000001,17.5,10.2,0.0
0.3,17.5,0.5,13.0,9.0,0.0,17.5,3.4,5.8,4.6,9.7,myopic_greedy,-7.800000000000001,18.0,9.7,0.0
0.3,17.5,1.0,13.0,9.0,0.0,17.5,2.9,5.3,4.1,9.2,myopic_greedy,-8.3,18.5,9.2,0.0
0.3,17.5,1.5,13.0,9.0,0.0,17.5,2.4,4.8,3.5999999999999996,8.7,myopic_greedy,-8.8,19.0,8.7,0.0
0.3,17.5,2.0,13.0,9.0,0.0,17.5,1.9,4.3,3.0999999999999996,8.2,myopic_greedy,-9.3,19.5,8.2,0.0
0.3,17.5,2.5,13.0,9.0,0.0,17.5,1.4,3.8,2.5999999999999996,7.699999999999999,myopic_greedy,-9.8,20.0,7.699999999999999,0.0
0.3,17.5,3.0,13.0,9.0,0.0,17.5,0.8999999999999999,3.3,2.0999999999999996,7.199999999999999,myopic_greedy,-10.3,20.5,7.199999999999999,0.0
0.3,17.5,3.5,13.0,9.0,0.0,17.5,0.3999999999999999,2.8,1.5999999999999999,6.699999999999999,myopic_greedy,-10.8,21.0,6.699999999999999,0.0
0.3,17.5,4.0,13.0,9.0,0.0,17.5,-0.10000000000000009,2.3,1.0999999999999999,6.199999999999999,myopic_greedy,-11.3,21.5,6.199999999999999,0.0
0.3,18.0,0.0,13.0,9.0,0.0,18.0,3.9,6.3,5.1,10.2,myopic_greedy,-7.800000000000001,18.0,10.2,0.0
0.3,18.0,0.5,13.0,9.0,0.0,18.0,3.4,5.8,4.6,9.7,myopic_greedy,-8.3,18.5,9.7,0.0
0.3,18.0,1.0,13.0,9.0,0.0,18.0,2.9,5.3,4.1,9.2,myopic_greedy,-8.8,19.0,9.2,0.0
0.3,18.0,1.5,13.0,9.0,0.0,18.0,2.4,4.8,3.5999999999999996,8.7,myopic_greedy,-9.3,19.5,8.7,0.0
0.3,18.0,2.0,13.0,9.0,0.0,18.0,1.9,4.3,3.0999999999999996,8.2,myopic_greedy,-9.8,20.0,8.2,0.0
0.3,18.0,2.5,13.0,9.0,0.0,18.0,1.4,3.8,2.5999999999999996,7.699999999999999,myopic_greedy,-10.3,20.5,7.699999999999999,0.0
0.3,18.0,3.0,13.0,9.0,0.0,18.0,0.8999999999999999,3.3,2.0999999999999996,7.199999999999999,myopic_greedy,-10.8,21.0,7.199999999999999,0.0
0.3,18.0,3.5,13.0,9.0,0.0,18.0,0.3999999999999999,2.8,1.5999999999999999,6.699999999999999,myopic_greedy,-11.3,21.5,6.699999999999999,0.0
0.3,18.0,4.0,13.0,9.0,0.0,18.0,-0.10000000000000009,2.3,1.0999999999999999,6.199999999999999,myopic_greedy,-11.8,22.0,6.199999999999999,0.0
0.35,6.0,0.0,13.0,9.0,0.0,6.0,4.55,5.8500000000000005,5.2,10.4,possibility_preserving,4.4,6.0,10.4,1.0
0.35,6.0,0.5,13.0,9.0,0.0,6.0,4.05,5.3500000000000005,4.7,9.9,possibility_preserving,3.9000000000000004,6.5,9.9,1.0
0.35,6.0,1.0,13.0,9.0,0.0,6.0,3.55,4.8500000000000005,4.2,9.4,possibility_preserving,3.4000000000000004,7.0,9.4,1.0
0.35,6.0,1.5,13.0,9.0,0.0,6.0,3.05,4.3500000000000005,3.7,8.9,possibility_preserving,2.9000000000000004,7.5,8.9,1.0
0.35,6.0,2.0,13.0,9.0,0.0,6.0,2.55,3.8500000000000005,3.2,8.4,possibility_preserving,2.4000000000000004,8.0,8.4,1.0
0.35,6.0,2.5,13.0,9.0,0.0,6.0,2.05,3.3500000000000005,2.7,7.9,possibility_preserving,1.9000000000000004,8.5,7.9,1.0
0.35,6.0,3.0,13.0,9.0,0.0,6.0,1.5499999999999998,2.8500000000000005,2.2,7.4,possibility_preserving,1.4000000000000004,9.0,7.4,1.0
0.35,6.0,3.5,13.0,9.0,0.0,6.0,1.0499999999999998,2.3500000000000005,1.7000000000000002,6.9,possibility_preserving,0.9000000000000004,9.5,6.9,1.0
0.35,6.0,4.0,13.0,9.0,0.0,6.0,0.5499999999999998,1.8500000000000005,1.2000000000000002,6.4,possibility_preserving,0.40000000000000036,10.0,6.4,1.0
0.35,6.5,0.0,13.0,9.0,0.0,6.5,4.55,5.8500000000000005,5.2,10.4,possibility_preserving,3.9000000000000004,6.5,10.4,1.0
0.35,6.5,0.5,13.0,9.0,0.0,6.5,4.05,5.3500000000000005,4.7,9.9,possibility_preserving,3.4000000000000004,7.0,9.9,1.0
0.35,6.5,1.0,13.0,9.0,0.0,6.5,3.55,4.8500000000000005,4.2,9.4,possibility_preserving,2.9000000000000004,7.5,9.4,1.0
0.35,6.5,1.5,13.0,9.0,0.0,6.5,3.05,4.3500000000000005,3.7,8.9,possibility_preserving,2.4000000000000004,8.0,8.9,1.0
0.35,6.5,2.0,13.0,9.0,0.0,6.5,2.55,3.8500000000000005,3.2,8.4,possibility_preserving,1.9000000000000004,8.5,8.4,1.0
0.35,6.5,2.5,13.0,9.0,0.0,6.5,2.05,3.3500000000000005,2.7,7.9,possibility_preserving,1.4000000000000004,9.0,7.9,1.0
0.35,6.5,3.0,13.0,9.0,0.0,6.5,1.5499999999999998,2.8500000000000005,2.2,7.4,possibility_preserving,0.9000000000000004,9.5,7.4,1.0
0.35,6.5,3.5,13.0,9.0,0.0,6.5,1.0499999999999998,2.3500000000000005,1.7000000000000002,6.9,possibility_preserving,0.40000000000000036,10.0,6.9,1.0
0.35,6.5,4.0,13.0,9.0,0.0,6.5,0.5499999999999998,1.8500000000000005,1.2000000000000002,6.4,myopic_greedy,-0.09999999999999964,10.5,6.4,0.0
0.35,7.0,0.0,13.0,9.0,0.0,7.0,4.55,5.8500000000000005,5.2,10.4,possibility_preserving,3.4000000000000004,7.0,10.4,1.0
0.35,7.0,0.5,13.0,9.0,0.0,7.0,4.05,5.3500000000000005,4.7,9.9,possibility_preserving,2.9000000000000004,7.5,9.9,1.0
0.35,7.0,1.0,13.0,9.0,0.0,7.0,3.55,4.8500000000000005,4.2,9.4,possibility_preserving,2.4000000000000004,8.0,9.4,1.0
0.35,7.0,1.5,13.0,9.0,0.0,7.0,3.05,4.3500000000000005,3.7,8.9,possibility_preserving,1.9000000000000004,8.5,8.9,1.0
0.35,7.0,2.0,13.0,9.0,0.0,7.0,2.55,3.8500000000000005,3.2,8.4,possibility_preserving,1.4000000000000004,9.0,8.4,1.0
0.35,7.0,2.5,13.0,9.0,0.0,7.0,2.05,3.3500000000000005,2.7,7.9,possibility_preserving,0.9000000000000004,9.5,7.9,1.0
0.35,7.0,3.0,13.0,9.0,0.0,7.0,1.5499999999999998,2.8500000000000005,2.2,7.4,possibility_preserving,0.40000000000000036,10.0,7.4,1.0
0.35,7.0,3.5,13.0,9.0,0.0,7.0,1.0499999999999998,2.3500000000000005,1.7000000000000002,6.9,myopic_greedy,-0.09999999999999964,10.5,6.9,0.0
0.35,7.0,4.0,13.0,9.0,0.0,7.0,0.5499999999999998,1.8500000000000005,1.2000000000000002,6.4,myopic_greedy,-0.5999999999999996,11.0,6.4,0.0
0.35,7.5,0.0,13.0,9.0,0.0,7.5,4.55,5.8500000000000005,5.2,10.4,possibility_preserving,2.9000000000000004,7.5,10.4,1.0
0.35,7.5,0.5,13.0,9.0,0.0,7.5,4.05,5.3500000000000005,4.7,9.9,possibility_preserving,2.4000000000000004,8.0,9.9,1.0
0.35,7.5,1.0,13.0,9.0,0.0,7.5,3.55,4.8500000000000005,4.2,9.4,possibility_preserving,1.9000000000000004,8.5,9.4,1.0
0.35,7.5,1.5,13.0,9.0,0.0,7.5,3.05,4.3500000000000005,3.7,8.9,possibility_preserving,1.4000000000000004,9.0,8.9,1.0
0.35,7.5,2.0,13.0,9.0,0.0,7.5,2.55,3.8500000000000005,3.2,8.4,possibility_preserving,0.9000000000000004,9.5,8.4,1.0
0.35,7.5,2.5,13.0,9.0,0.0,7.5,2.05,3.3500000000000005,2.7,7.9,possibility_preserving,0.40000000000000036,10.0,7.9,1.0
0.35,7.5,3.0,13.0,9.0,0.0,7.5,1.5499999999999998,2.8500000000000005,2.2,7.4,myopic_greedy,-0.09999999999999964,10.5,7.4,0.0
0.35,7.5,3.5,13.0,9.0,0.0,7.5,1.0499999999999998,2.3500000000000005,1.7000000000000002,6.9,myopic_greedy,-0.5999999999999996,11.0,6.9,0.0
0.35,7.5,4.0,13.0,9.0,0.0,7.5,0.5499999999999998,1.8500000000000005,1.2000000000000002,6.4,myopic_greedy,-1.0999999999999996,11.5,6.4,0.0
0.35,8.0,0.0,13.0,9.0,0.0,8.0,4.55,5.8500000000000005,5.2,10.4,possibility_preserving,2.4000000000000004,8.0,10.4,1.0
0.35,8.0,0.5,13.0,9.0,0.0,8.0,4.05,5.3500000000000005,4.7,9.9,possibility_preserving,1.9000000000000004,8.5,9.9,1.0
0.35,8.0,1.0,13.0,9.0,0.0,8.0,3.55,4.8500000000000005,4.2,9.4,possibility_preserving,1.4000000000000004,9.0,9.4,1.0
0.35,8.0,1.5,13.0,9.0,0.0,8.0,3.05,4.3500000000000005,3.7,8.9,possibility_preserving,0.9000000000000004,9.5,8.9,1.0
0.35,8.0,2.0,13.0,9.0,0.0,8.0,2.55,3.8500000000000005,3.2,8.4,possibility_preserving,0.40000000000000036,10.0,8.4,1.0
0.35,8.0,2.5,13.0,9.0,0.0,8.0,2.05,3.3500000000000005,2.7,7.9,myopic_greedy,-0.09999999999999964,10.5,7.9,0.0
0.35,8.0,3.0,13.0,9.0,0.0,8.0,1.5499999999999998,2.8500000000000005,2.2,7.4,myopic_greedy,-0.5999999999999996,11.0,7.4,0.0
0.35,8.0,3.5,13.0,9.0,0.0,8.0,1.0499999999999998,2.3500000000000005,1.7000000000000002,6.9,myopic_greedy,-1.0999999999999996,11.5,6.9,0.0
0.35,8.0,4.0,13.0,9.0,0.0,8.0,0.5499999999999998,1.8500000000000005,1.2000000000000002,6.4,myopic_greedy,-1.5999999999999996,12.0,6.4,0.0
0.35,8.5,0.0,13.0,9.0,0.0,8.5,4.55,5.8500000000000005,5.2,10.4,possibility_preserving,1.9000000000000004,8.5,10.4,1.0
0.35,8.5,0.5,13.0,9.0,0.0,8.5,4.05,5.3500000000000005,4.7,9.9,possibility_preserving,1.4000000000000004,9.0,9.9,1.0
0.35,8.5,1.0,13.0,9.0,0.0,8.5,3.55,4.8500000000000005,4.2,9.4,possibility_preserving,0.9000000000000004,9.5,9.4,1.0
0.35,8.5,1.5,13.0,9.0,0.0,8.5,3.05,4.3500000000000005,3.7,8.9,possibility_preserving,0.40000000000000036,10.0,8.9,1.0
0.35,8.5,2.0,13.0,9.0,0.0,8.5,2.55,3.8500000000000005,3.2,8.4,myopic_greedy,-0.09999999999999964,10.5,8.4,0.0
0.35,8.5,2.5,13.0,9.0,0.0,8.5,2.05,3.3500000000000005,2.7,7.9,myopic_greedy,-0.5999999999999996,11.0,7.9,0.0
0.35,8.5,3.0,13.0,9.0,0.0,8.5,1.5499999999999998,2.8500000000000005,2.2,7.4,myopic_greedy,-1.0999999999999996,11.5,7.4,0.0
0.35,8.5,3.5,13.0,9.0,0.0,8.5,1.0499999999999998,2.3500000000000005,1.7000000000000002,6.9,myopic_greedy,-1.5999999999999996,12.0,6.9,0.0
0.35,8.5,4.0,13.0,9.0,0.0,8.5,0.5499999999999998,1.8500000000000005,1.2000000000000002,6.4,myopic_greedy,-2.0999999999999996,12.5,6.4,0.0
0.35,9.0,0.0,13.0,9.0,0.0,9.0,4.55,5.8500000000000005,5.2,10.4,possibility_preserving,1.4000000000000004,9.0,10.4,1.0
0.35,9.0,0.5,13.0,9.0,0.0,9.0,4.05,5.3500000000000005,4.7,9.9,possibility_preserving,0.9000000000000004,9.5,9.9,1.0
0.35,9.0,1.0,13.0,9.0,0.0,9.0,3.55,4.8500000000000005,4.2,9.4,possibility_preserving,0.40000000000000036,10.0,9.4,1.0
0.35,9.0,1.5,13.0,9.0,0.0,9.0,3.05,4.3500000000000005,3.7,8.9,myopic_greedy,-0.09999999999999964,10.5,8.9,0.0
0.35,9.0,2.0,13.0,9.0,0.0,9.0,2.55,3.8500000000000005,3.2,8.4,myopic_greedy,-0.5999999999999996,11.0,8.4,0.0
0.35,9.0,2.5,13.0,9.0,0.0,9.0,2.05,3.3500000000000005,2.7,7.9,myopic_greedy,-1.0999999999999996,11.5,7.9,0.0
0.35,9.0,3.0,13.0,9.0,0.0,9.0,1.5499999999999998,2.8500000000000005,2.2,7.4,myopic_greedy,-1.5999999999999996,12.0,7.4,0.0
0.35,9.0,3.5,13.0,9.0,0.0,9.0,1.0499999999999998,2.3500000000000005,1.7000000000000002,6.9,myopic_greedy,-2.0999999999999996,12.5,6.9,0.0
0.35,9.0,4.0,13.0,9.0,0.0,9.0,0.5499999999999998,1.8500000000000005,1.2000000000000002,6.4,myopic_greedy,-2.5999999999999996,13.0,6.4,0.0
0.35,9.5,0.0,13.0,9.0,0.0,9.5,4.55,5.8500000000000005,5.2,10.4,possibility_preserving,0.9000000000000004,9.5,10.4,1.0
0.35,9.5,0.5,13.0,9.0,0.0,9.5,4.05,5.3500000000000005,4.7,9.9,possibility_preserving,0.40000000000000036,10.0,9.9,1.0
0.35,9.5,1.0,13.0,9.0,0.0,9.5,3.55,4.8500000000000005,4.2,9.4,myopic_greedy,-0.09999999999999964,10.5,9.4,0.0
0.35,9.5,1.5,13.0,9.0,0.0,9.5,3.05,4.3500000000000005,3.7,8.9,myopic_greedy,-0.5999999999999996,11.0,8.9,0.0
0.35,9.5,2.0,13.0,9.0,0.0,9.5,2.55,3.8500000000000005,3.2,8.4,myopic_greedy,-1.0999999999999996,11.5,8.4,0.0
0.35,9.5,2.5,13.0,9.0,0.0,9.5,2.05,3.3500000000000005,2.7,7.9,myopic_greedy,-1.5999999999999996,12.0,7.9,0.0
0.35,9.5,3.0,13.0,9.0,0.0,9.5,1.5499999999999998,2.8500000000000005,2.2,7.4,myopic_greedy,-2.0999999999999996,12.5,7.4,0.0
0.35,9.5,3.5,13.0,9.0,0.0,9.5,1.0499999999999998,2.3500000000000005,1.7000000000000002,6.9,myopic_greedy,-2.5999999999999996,13.0,6.9,0.0
0.35,9.5,4.0,13.0,9.0,0.0,9.5,0.5499999999999998,1.8500000000000005,1.2000000000000002,6.4,myopic_greedy,-3.0999999999999996,13.5,6.4,0.0
0.35,10.0,0.0,13.0,9.0,0.0,10.0,4.55,5.8500000000000005,5.2,10.4,possibility_preserving,0.40000000000000036,10.0,10.4,1.0
0.35,10.0,0.5,13.0,9.0,0.0,10.0,4.05,5.3500000000000005,4.7,9.9,myopic_greedy,-0.09999999999999964,10.5,9.9,0.0
0.35,10.0,1.0,13.0,9.0,0.0,10.0,3.55,4.8500000000000005,4.2,9.4,myopic_greedy,-0.5999999999999996,11.0,9.4,0.0
0.35,10.0,1.5,13.0,9.0,0.0,10.0,3.05,4.3500000000000005,3.7,8.9,myopic_greedy,-1.0999999999999996,11.5,8.9,0.0
0.35,10.0,2.0,13.0,9.0,0.0,10.0,2.55,3.8500000000000005,3.2,8.4,myopic_greedy,-1.5999999999999996,12.0,8.4,0.0
0.35,10.0,2.5,13.0,9.0,0.0,10.0,2.05,3.3500000000000005,2.7,7.9,myopic_greedy,-2.0999999999999996,12.5,7.9,0.0
0.35,10.0,3.0,13.0,9.0,0.0,10.0,1.5499999999999998,2.8500000000000005,2.2,7.4,myopic_greedy,-2.5999999999999996,13.0,7.4,0.0
0.35,10.0,3.5,13.0,9.0,0.0,10.0,1.0499999999999998,2.3500000000000005,1.7000000000000002,6.9,myopic_greedy,-3.0999999999999996,13.5,6.9,0.0
0.35,10.0,4.0,13.0,9.0,0.0,10.0,0.5499999999999998,1.8500000000000005,1.2000000000000002,6.4,myopic_greedy,-3.5999999999999996,14.0,6.4,0.0
0.35,10.5,0.0,13.0,9.0,0.0,10.5,4.55,5.8500000000000005,5.2,10.4,myopic_greedy,-0.09999999999999964,10.5,10.4,0.0
0.35,10.5,0.5,13.0,9.0,0.0,10.5,4.05,5.3500000000000005,4.7,9.9,myopic_greedy,-0.5999999999999996,11.0,9.9,0.0
0.35,10.5,1.0,13.0,9.0,0.0,10.5,3.55,4.8500000000000005,4.2,9.4,myopic_greedy,-1.0999999999999996,11.5,9.4,0.0
0.35,10.5,1.5,13.0,9.0,0.0,10.5,3.05,4.3500000000000005,3.7,8.9,myopic_greedy,-1.5999999999999996,12.0,8.9,0.0
0.35,10.5,2.0,13.0,9.0,0.0,10.5,2.55,3.8500000000000005,3.2,8.4,myopic_greedy,-2.0999999999999996,12.5,8.4,0.0
0.35,10.5,2.5,13.0,9.0,0.0,10.5,2.05,3.3500000000000005,2.7,7.9,myopic_greedy,-2.5999999999999996,13.0,7.9,0.0
0.35,10.5,3.0,13.0,9.0,0.0,10.5,1.5499999999999998,2.8500000000000005,2.2,7.4,myopic_greedy,-3.0999999999999996,13.5,7.4,0.0
0.35,10.5,3.5,13.0,9.0,0.0,10.5,1.0499999999999998,2.3500000000000005,1.7000000000000002,6.9,myopic_greedy,-3.5999999999999996,14.0,6.9,0.0
0.35,10.5,4.0,13.0,9.0,0.0,10.5,0.5499999999999998,1.8500000000000005,1.2000000000000002,6.4,myopic_greedy,-4.1,14.5,6.4,0.0
0.35,11.0,0.0,13.0,9.0,0.0,11.0,4.55,5.8500000000000005,5.2,10.4,myopic_greedy,-0.5999999999999996,11.0,10.4,0.0
0.35,11.0,0.5,13.0,9.0,0.0,11.0,4.05,5.3500000000000005,4.7,9.9,myopic_greedy,-1.0999999999999996,11.5,9.9,0.0
0.35,11.0,1.0,13.0,9.0,0.0,11.0,3.55,4.8500000000000005,4.2,9.4,myopic_greedy,-1.5999999999999996,12.0,9.4,0.0
0.35,11.0,1.5,13.0,9.0,0.0,11.0,3.05,4.3500000000000005,3.7,8.9,myopic_greedy,-2.0999999999999996,12.5,8.9,0.0
0.35,11.0,2.0,13.0,9.0,0.0,11.0,2.55,3.8500000000000005,3.2,8.4,myopic_greedy,-2.5999999999999996,13.0,8.4,0.0
0.35,11.0,2.5,13.0,9.0,0.0,11.0,2.05,3.3500000000000005,2.7,7.9,myopic_greedy,-3.0999999999999996,13.5,7.9,0.0
0.35,11.0,3.0,13.0,9.0,0.0,11.0,1.5499999999999998,2.8500000000000005,2.2,7.4,myopic_greedy,-3.5999999999999996,14.0,7.4,0.0
0.35,11.0,3.5,13.0,9.0,0.0,11.0,1.0499999999999998,2.3500000000000005,1.7000000000000002,6.9,myopic_greedy,-4.1,14.5,6.9,0.0
0.35,11.0,4.0,13.0,9.0,0.0,11.0,0.5499999999999998,1.8500000000000005,1.2000000000000002,6.4,myopic_greedy,-4.6,15.0,6.4,0.0
0.35,11.5,0.0,13.0,9.0,0.0,11.5,4.55,5.8500000000000005,5.2,10.4,myopic_greedy,-1.0999999999999996,11.5,10.4,0.0
0.35,11.5,0.5,13.0,9.0,0.0,11.5,4.05,5.3500000000000005,4.7,9.9,myopic_greedy,-1.5999999999999996,12.0,9.9,0.0
0.35,11.5,1.0,13.0,9.0,0.0,11.5,3.55,4.8500000000000005,4.2,9.4,myopic_greedy,-2.0999999999999996,12.5,9.4,0.0
0.35,11.5,1.5,13.0,9.0,0.0,11.5,3.05,4.3500000000000005,3.7,8.9,myopic_greedy,-2.5999999999999996,13.0,8.9,0.0
0.35,11.5,2.0,13.0,9.0,0.0,11.5,2.55,3.8500000000000005,3.2,8.4,myopic_greedy,-3.0999999999999996,13.5,8.4,0.0
0.35,11.5,2.5,13.0,9.0,0.0,11.5,2.05,3.3500000000000005,2.7,7.9,myopic_greedy,-3.5999999999999996,14.0,7.9,0.0
0.35,11.5,3.0,13.0,9.0,0.0,11.5,1.5499999999999998,2.8500000000000005,2.2,7.4,myopic_greedy,-4.1,14.5,7.4,0.0
0.35,11.5,3.5,13.0,9.0,0.0,11.5,1.0499999999999998,2.3500000000000005,1.7000000000000002,6.9,myopic_greedy,-4.6,15.0,6.9,0.0
0.35,11.5,4.0,13.0,9.0,0.0,11.5,0.5499999999999998,1.8500000000000005,1.2000000000000002,6.4,myopic_greedy,-5.1,15.5,6.4,0.0
0.35,12.0,0.0,13.0,9.0,0.0,12.0,4.55,5.8500000000000005,5.2,10.4,myopic_greedy,-1.5999999999999996,12.0,10.4,0.0
0.35,12.0,0.5,13.0,9.0,0.0,12.0,4.05,5.3500000000000005,4.7,9.9,myopic_greedy,-2.0999999999999996,12.5,9.9,0.0
0.35,12.0,1.0,13.0,9.0,0.0,12.0,3.55,4.8500000000000005,4.2,9.4,myopic_greedy,-2.5999999999999996,13.0,9.4,0.0
0.35,12.0,1.5,13.0,9.0,0.0,12.0,3.05,4.3500000000000005,3.7,8.9,myopic_greedy,-3.0999999999999996,13.5,8.9,0.0
0.35,12.0,2.0,13.0,9.0,0.0,12.0,2.55,3.8500000000000005,3.2,8.4,myopic_greedy,-3.5999999999999996,14.0,8.4,0.0
0.35,12.0,2.5,13.0,9.0,0.0,12.0,2.05,3.3500000000000005,2.7,7.9,myopic_greedy,-4.1,14.5,7.9,0.0
0.35,12.0,3.0,13.0,9.0,0.0,12.0,1.5499999999999998,2.8500000000000005,2.2,7.4,myopic_greedy,-4.6,15.0,7.4,0.0
0.35,12.0,3.5,13.0,9.0,0.0,12.0,1.0499999999999998,2.3500000000000005,1.7000000000000002,6.9,myopic_greedy,-5.1,15.5,6.9,0.0
0.35,12.0,4.0,13.0,9.0,0.0,12.0,0.5499999999999998,1.8500000000000005,1.2000000000000002,6.4,myopic_greedy,-5.6,16.0,6.4,0.0
0.35,12.5,0.0,13.0,9.0,0.0,12.5,4.55,5.8500000000000005,5.2,10.4,myopic_greedy,-2.0999999999999996,12.5,10.4,0.0
0.35,12.5,0.5,13.0,9.0,0.0,12.5,4.05,5.3500000000000005,4.7,9.9,myopic_greedy,-2.5999999999999996,13.0,9.9,0.0
0.35,12.5,1.0,13.0,9.0,0.0,12.5,3.55,4.8500000000000005,4.2,9.4,myopic_greedy,-3.0999999999999996,13.5,9.4,0.0
0.35,12.5,1.5,13.0,9.0,0.0,12.5,3.05,4.3500000000000005,3.7,8.9,myopic_greedy,-3.5999999999999996,14.0,8.9,0.0
0.35,12.5,2.0,13.0,9.0,0.0,12.5,2.55,3.8500000000000005,3.2,8.4,myopic_greedy,-4.1,14.5,8.4,0.0
0.35,12.5,2.5,13.0,9.0,0.0,12.5,2.05,3.3500000000000005,2.7,7.9,myopic_greedy,-4.6,15.0,7.9,0.0
0.35,12.5,3.0,13.0,9.0,0.0,12.5,1.5499999999999998,2.8500000000000005,2.2,7.4,myopic_greedy,-5.1,15.5,7.4,0.0
0.35,12.5,3.5,13.0,9.0,0.0,12.5,1.0499999999999998,2.3500000000000005,1.7000000000000002,6.9,myopic_greedy,-5.6,16.0,6.9,0.0
0.35,12.5,4.0,13.0,9.0,0.0,12.5,0.5499999999999998,1.8500000000000005,1.2000000000000002,6.4,myopic_greedy,-6.1,16.5,6.4,0.0
0.35,13.0,0.0,13.0,9.0,0.0,13.0,4.55,5.8500000000000005,5.2,10.4,myopic_greedy,-2.5999999999999996,13.0,10.4,0.0
0.35,13.0,0.5,13.0,9.0,0.0,13.0,4.05,5.3500000000000005,4.7,9.9,myopic_greedy,-3.0999999999999996,13.5,9.9,0.0
0.35,13.0,1.0,13.0,9.0,0.0,13.0,3.55,4.8500000000000005,4.2,9.4,myopic_greedy,-3.5999999999999996,14.0,9.4,0.0
0.35,13.0,1.5,13.0,9.0,0.0,13.0,3.05,4.3500000000000005,3.7,8.9,myopic_greedy,-4.1,14.5,8.9,0.0
0.35,13.0,2.0,13.0,9.0,0.0,13.0,2.55,3.8500000000000005,3.2,8.4,myopic_greedy,-4.6,15.0,8.4,0.0
0.35,13.0,2.5,13.0,9.0,0.0,13.0,2.05,3.3500000000000005,2.7,7.9,myopic_greedy,-5.1,15.5,7.9,0.0
0.35,13.0,3.0,13.0,9.0,0.0,13.0,1.5499999999999998,2.8500000000000005,2.2,7.4,myopic_greedy,-5.6,16.0,7.4,0.0
0.35,13.0,3.5,13.0,9.0,0.0,13.0,1.0499999999999998,2.3500000000000005,1.7000000000000002,6.9,myopic_greedy,-6.1,16.5,6.9,0.0
0.35,13.0,4.0,13.0,9.0,0.0,13.0,0.5499999999999998,1.8500000000000005,1.2000000000000002,6.4,myopic_greedy,-6.6,17.0,6.4,0.0
0.35,13.5,0.0,13.0,9.0,0.0,13.5,4.55,5.8500000000000005,5.2,10.4,myopic_greedy,-3.0999999999999996,13.5,10.4,0.0
0.35,13.5,0.5,13.0,9.0,0.0,13.5,4.05,5.3500000000000005,4.7,9.9,myopic_greedy,-3.5999999999999996,14.0,9.9,0.0
0.35,13.5,1.0,13.0,9.0,0.0,13.5,3.55,4.8500000000000005,4.2,9.4,myopic_greedy,-4.1,14.5,9.4,0.0
0.35,13.5,1.5,13.0,9.0,0.0,13.5,3.05,4.3500000000000005,3.7,8.9,myopic_greedy,-4.6,15.0,8.9,0.0
0.35,13.5,2.0,13.0,9.0,0.0,13.5,2.55,3.8500000000000005,3.2,8.4,myopic_greedy,-5.1,15.5,8.4,0.0
0.35,13.5,2.5,13.0,9.0,0.0,13.5,2.05,3.3500000000000005,2.7,7.9,myopic_greedy,-5.6,16.0,7.9,0.0
0.35,13.5,3.0,13.0,9.0,0.0,13.5,1.5499999999999998,2.8500000000000005,2.2,7.4,myopic_greedy,-6.1,16.5,7.4,0.0
0.35,13.5,3.5,13.0,9.0,0.0,13.5,1.0499999999999998,2.3500000000000005,1.7000000000000002,6.9,myopic_greedy,-6.6,17.0,6.9,0.0
0.35,13.5,4.0,13.0,9.0,0.0,13.5,0.5499999999999998,1.8500000000000005,1.2000000000000002,6.4,myopic_greedy,-7.1,17.5,6.4,0.0
0.35,14.0,0.0,13.0,9.0,0.0,14.0,4.55,5.8500000000000005,5.2,10.4,myopic_greedy,-3.5999999999999996,14.0,10.4,0.0
0.35,14.0,0.5,13.0,9.0,0.0,14.0,4.05,5.3500000000000005,4.7,9.9,myopic_greedy,-4.1,14.5,9.9,0.0
0.35,14.0,1.0,13.0,9.0,0.0,14.0,3.55,4.8500000000000005,4.2,9.4,myopic_greedy,-4.6,15.0,9.4,0.0
0.35,14.0,1.5,13.0,9.0,0.0,14.0,3.05,4.3500000000000005,3.7,8.9,myopic_greedy,-5.1,15.5,8.9,0.0
0.35,14.0,2.0,13.0,9.0,0.0,14.0,2.55,3.8500000000000005,3.2,8.4,myopic_greedy,-5.6,16.0,8.4,0.0
0.35,14.0,2.5,13.0,9.0,0.0,14.0,2.05,3.3500000000000005,2.7,7.9,myopic_greedy,-6.1,16.5,7.9,0.0
0.35,14.0,3.0,13.0,9.0,0.0,14.0,1.5499999999999998,2.8500000000000005,2.2,7.4,myopic_greedy,-6.6,17.0,7.4,0.0
0.35,14.0,3.5,13.0,9.0,0.0,14.0,1.0499999999999998,2.3500000000000005,1.7000000000000002,6.9,myopic_greedy,-7.1,17.5,6.9,0.0
0.35,14.0,4.0,13.0,9.0,0.0,14.0,0.5499999999999998,1.8500000000000005,1.2000000000000002,6.4,myopic_greedy,-7.6,18.0,6.4,0.0
0.35,14.5,0.0,13.0,9.0,0.0,14.5,4.55,5.8500000000000005,5.2,10.4,myopic_greedy,-4.1,14.5,10.4,0.0
0.35,14.5,0.5,13.0,9.0,0.0,14.5,4.05,5.3500000000000005,4.7,9.9,myopic_greedy,-4.6,15.0,9.9,0.0
0.35,14.5,1.0,13.0,9.0,0.0,14.5,3.55,4.8500000000000005,4.2,9.4,myopic_greedy,-5.1,15.5,9.4,0.0
0.35,14.5,1.5,13.0,9.0,0.0,14.5,3.05,4.3500000000000005,3.7,8.9,myopic_greedy,-5.6,16.0,8.9,0.0
0.35,14.5,2.0,13.0,9.0,0.0,14.5,2.55,3.8500000000000005,3.2,8.4,myopic_greedy,-6.1,16.5,8.4,0.0
0.35,14.5,2.5,13.0,9.0,0.0,14.5,2.05,3.3500000000000005,2.7,7.9,myopic_greedy,-6.6,17.0,7.9,0.0
0.35,14.5,3.0,13.0,9.0,0.0,14.5,1.5499999999999998,2.8500000000000005,2.2,7.4,myopic_greedy,-7.1,17.5,7.4,0.0
0.35,14.5,3.5,13.0,9.0,0.0,14.5,1.0499999999999998,2.3500000000000005,1.7000000000000002,6.9,myopic_greedy,-7.6,18.0,6.9,0.0
0.35,14.5,4.0,13.0,9.0,0.0,14.5,0.5499999999999998,1.8500000000000005,1.2000000000000002,6.4,myopic_greedy,-8.1,18.5,6.4,0.0
0.35,15.0,0.0,13.0,9.0,0.0,15.0,4.55,5.8500000000000005,5.2,10.4,myopic_greedy,-4.6,15.0,10.4,0.0
0.35,15.0,0.5,13.0,9.0,0.0,15.0,4.05,5.3500000000000005,4.7,9.9,myopic_greedy,-5.1,15.5,9.9,0.0
0.35,15.0,1.0,13.0,9.0,0.0,15.0,3.55,4.8500000000000005,4.2,9.4,myopic_greedy,-5.6,16.0,9.4,0.0
0.35,15.0,1.5,13.0,9.0,0.0,15.0,3.05,4.3500000000000005,3.7,8.9,myopic_greedy,-6.1,16.5,8.9,0.0
0.35,15.0,2.0,13.0,9.0,0.0,15.0,2.55,3.8500000000000005,3.2,8.4,myopic_greedy,-6.6,17.0,8.4,0.0
0.35,15.0,2.5,13.0,9.0,0.0,15.0,2.05,3.3500000000000005,2.7,7.9,myopic_greedy,-7.1,17.5,7.9,0.0
0.35,15.0,3.0,13.0,9.0,0.0,15.0,1.5499999999999998,2.8500000000000005,2.2,7.4,myopic_greedy,-7.6,18.0,7.4,0.0
0.35,15.0,3.5,13.0,9.0,0.0,15.0,1.0499999999999998,2.3500000000000005,1.7000000000000002,6.9,myopic_greedy,-8.1,18.5,6.9,0.0
0.35,15.0,4.0,13.0,9.0,0.0,15.0,0.5499999999999998,1.8500000000000005,1.2000000000000002,6.4,myopic_greedy,-8.6,19.0,6.4,0.0
0.35,15.5,0.0,13.0,9.0,0.0,15.5,4.55,5.8500000000000005,5.2,10.4,myopic_greedy,-5.1,15.5,10.4,0.0
0.35,15.5,0.5,13.0,9.0,0.0,15.5,4.05,5.3500000000000005,4.7,9.9,myopic_greedy,-5.6,16.0,9.9,0.0
0.35,15.5,1.0,13.0,9.0,0.0,15.5,3.55,4.8500000000000005,4.2,9.4,myopic_greedy,-6.1,16.5,9.4,0.0
0.35,15.5,1.5,13.0,9.0,0.0,15.5,3.05,4.3500000000000005,3.7,8.9,myopic_greedy,-6.6,17.0,8.9,0.0
0.35,15.5,2.0,13.0,9.0,0.0,15.5,2.55,3.8500000000000005,3.2,8.4,myopic_greedy,-7.1,17.5,8.4,0.0
0.35,15.5,2.5,13.0,9.0,0.0,15.5,2.05,3.3500000000000005,2.7,7.9,myopic_greedy,-7.6,18.0,7.9,0.0
0.35,15.5,3.0,13.0,9.0,0.0,15.5,1.5499999999999998,2.8500000000000005,2.2,7.4,myopic_greedy,-8.1,18.5,7.4,0.0
0.35,15.5,3.5,13.0,9.0,0.0,15.5,1.0499999999999998,2.3500000000000005,1.7000000000000002,6.9,myopic_greedy,-8.6,19.0,6.9,0.0
0.35,15.5,4.0,13.0,9.0,0.0,15.5,0.5499999999999998,1.8500000000000005,1.2000000000000002,6.4,myopic_greedy,-9.1,19.5,6.4,0.0
0.35,16.0,0.0,13.0,9.0,0.0,16.0,4.55,5.8500000000000005,5.2,10.4,myopic_greedy,-5.6,16.0,10.4,0.0
0.35,16.0,0.5,13.0,9.0,0.0,16.0,4.05,5.3500000000000005,4.7,9.9,myopic_greedy,-6.1,16.5,9.9,0.0
0.35,16.0,1.0,13.0,9.0,0.0,16.0,3.55,4.8500000000000005,4.2,9.4,myopic_greedy,-6.6,17.0,9.4,0.0
0.35,16.0,1.5,13.0,9.0,0.0,16.0,3.05,4.3500000000000005,3.7,8.9,myopic_greedy,-7.1,17.5,8.9,0.0
0.35,16.0,2.0,13.0,9.0,0.0,16.0,2.55,3.8500000000000005,3.2,8.4,myopic_greedy,-7.6,18.0,8.4,0.0
0.35,16.0,2.5,13.0,9.0,0.0,16.0,2.05,3.3500000000000005,2.7,7.9,myopic_greedy,-8.1,18.5,7.9,0.0
0.35,16.0,3.0,13.0,9.0,0.0,16.0,1.5499999999999998,2.8500000000000005,2.2,7.4,myopic_greedy,-8.6,19.0,7.4,0.0
0.35,16.0,3.5,13.0,9.0,0.0,16.0,1.0499999999999998,2.3500000000000005,1.7000000000000002,6.9,myopic_greedy,-9.1,19.5,6.9,0.0
0.35,16.0,4.0,13.0,9.0,0.0,16.0,0.5499999999999998,1.8500000000000005,1.2000000000000002,6.4,myopic_greedy,-9.6,20.0,6.4,0.0
0.35,16.5,0.0,13.0,9.0,0.0,16.5,4.55,5.8500000000000005,5.2,10.4,myopic_greedy,-6.1,16.5,10.4,0.0
0.35,16.5,0.5,13.0,9.0,0.0,16.5,4.05,5.3500000000000005,4.7,9.9,myopic_greedy,-6.6,17.0,9.9,0.0
0.35,16.5,1.0,13.0,9.0,0.0,16.5,3.55,4.8500000000000005,4.2,9.4,myopic_greedy,-7.1,17.5,9.4,0.0
0.35,16.5,1.5,13.0,9.0,0.0,16.5,3.05,4.3500000000000005,3.7,8.9,myopic_greedy,-7.6,18.0,8.9,0.0
0.35,16.5,2.0,13.0,9.0,0.0,16.5,2.55,3.8500000000000005,3.2,8.4,myopic_greedy,-8.1,18.5,8.4,0.0
0.35,16.5,2.5,13.0,9.0,0.0,16.5,2.05,3.3500000000000005,2.7,7.9,myopic_greedy,-8.6,19.0,7.9,0.0
0.35,16.5,3.0,13.0,9.0,0.0,16.5,1.5499999999999998,2.8500000000000005,2.2,7.4,myopic_greedy,-9.1,19.5,7.4,0.0
0.35,16.5,3.5,13.0,9.0,0.0,16.5,1.0499999999999998,2.3500000000000005,1.7000000000000002,6.9,myopic_greedy,-9.6,20.0,6.9,0.0
0.35,16.5,4.0,13.0,9.0,0.0,16.5,0.5499999999999998,1.8500000000000005,1.2000000000000002,6.4,myopic_greedy,-10.1,20.5,6.4,0.0
0.35,17.0,0.0,13.0,9.0,0.0,17.0,4.55,5.8500000000000005,5.2,10.4,myopic_greedy,-6.6,17.0,10.4,0.0
0.35,17.0,0.5,13.0,9.0,0.0,17.0,4.05,5.3500000000000005,4.7,9.9,myopic_greedy,-7.1,17.5,9.9,0.0
0.35,17.0,1.0,13.0,9.0,0.0,17.0,3.55,4.8500000000000005,4.2,9.4,myopic_greedy,-7.6,18.0,9.4,0.0
0.35,17.0,1.5,13.0,9.0,0.0,17.0,3.05,4.3500000000000005,3.7,8.9,myopic_greedy,-8.1,18.5,8.9,0.0
0.35,17.0,2.0,13.0,9.0,0.0,17.0,2.55,3.8500000000000005,3.2,8.4,myopic_greedy,-8.6,19.0,8.4,0.0
0.35,17.0,2.5,13.0,9.0,0.0,17.0,2.05,3.3500000000000005,2.7,7.9,myopic_greedy,-9.1,19.5,7.9,0.0
0.35,17.0,3.0,13.0,9.0,0.0,17.0,1.5499999999999998,2.8500000000000005,2.2,7.4,myopic_greedy,-9.6,20.0,7.4,0.0
0.35,17.0,3.5,13.0,9.0,0.0,17.0,1.0499999999999998,2.3500000000000005,1.7000000000000002,6.9,myopic_greedy,-10.1,20.5,6.9,0.0
0.35,17.0,4.0,13.0,9.0,0.0,17.0,0.5499999999999998,1.8500000000000005,1.2000000000000002,6.4,myopic_greedy,-10.6,21.0,6.4,0.0
0.35,17.5,0.0,13.0,9.0,0.0,17.5,4.55,5.8500000000000005,5.2,10.4,myopic_greedy,-7.1,17.5,10.4,0.0
0.35,17.5,0.5,13.0,9.0,0.0,17.5,4.05,5.3500000000000005,4.7,9.9,myopic_greedy,-7.6,18.0,9.9,0.0
0.35,17.5,1.0,13.0,9.0,0.0,17.5,3.55,4.8500000000000005,4.2,9.4,myopic_greedy,-8.1,18.5,9.4,0.0
0.35,17.5,1.5,13.0,9.0,0.0,17.5,3.05,4.3500000000000005,3.7,8.9,myopic_greedy,-8.6,19.0,8.9,0.0
0.35,17.5,2.0,13.0,9.0,0.0,17.5,2.55,3.8500000000000005,3.2,8.4,myopic_greedy,-9.1,19.5,8.4,0.0
0.35,17.5,2.5,13.0,9.0,0.0,17.5,2.05,3.3500000000000005,2.7,7.9,myopic_greedy,-9.6,20.0,7.9,0.0
0.35,17.5,3.0,13.0,9.0,0.0,17.5,1.5499999999999998,2.8500000000000005,2.2,7.4,myopic_greedy,-10.1,20.5,7.4,0.0
0.35,17.5,3.5,13.0,9.0,0.0,17.5,1.0499999999999998,2.3500000000000005,1.7000000000000002,6.9,myopic_greedy,-10.6,21.0,6.9,0.0
0.35,17.5,4.0,13.0,9.0,0.0,17.5,0.5499999999999998,1.8500000000000005,1.2000000000000002,6.4,myopic_greedy,-11.1,21.5,6.4,0.0
0.35,18.0,0.0,13.0,9.0,0.0,18.0,4.55,5.8500000000000005,5.2,10.4,myopic_greedy,-7.6,18.0,10.4,0.0
0.35,18.0,0.5,13.0,9.0,0.0,18.0,4.05,5.3500000000000005,4.7,9.9,myopic_greedy,-8.1,18.5,9.9,0.0
0.35,18.0,1.0,13.0,9.0,0.0,18.0,3.55,4.8500000000000005,4.2,9.4,myopic_greedy,-8.6,19.0,9.4,0.0
0.35,18.0,1.5,13.0,9.0,0.0,18.0,3.05,4.3500000000000005,3.7,8.9,myopic_greedy,-9.1,19.5,8.9,0.0
0.35,18.0,2.0,13.0,9.0,0.0,18.0,2.55,3.8500000000000005,3.2,8.4,myopic_greedy,-9.6,20.0,8.4,0.0
0.35,18.0,2.5,13.0,9.0,0.0,18.0,2.05,3.3500000000000005,2.7,7.9,myopic_greedy,-10.1,20.5,7.9,0.0
0.35,18.0,3.0,13.0,9.0,0.0,18.0,1.5499999999999998,2.8500000000000005,2.2,7.4,myopic_greedy,-10.6,21.0,7.4,0.0
0.35,18.0,3.5,13.0,9.0,0.0,18.0,1.0499999999999998,2.3500000000000005,1.7000000000000002,6.9,myopic_greedy,-11.1,21.5,6.9,0.0
0.35,18.0,4.0,13.0,9.0,0.0,18.0,0.5499999999999998,1.8500000000000005,1.2000000000000002,6.4,myopic_greedy,-11.6,22.0,6.4,0.0
0.4,6.0,0.0,13.0,9.0,0.0,6.0,5.2,5.3999999999999995,5.3,10.6,possibility_preserving,4.6,6.0,10.6,1.0
0.4,6.0,0.5,13.0,9.0,0.0,6.0,4.7,4.8999999999999995,4.8,10.1,possibility_preserving,4.1,6.5,10.1,1.0
0.4,6.0,1.0,13.0,9.0,0.0,6.0,4.2,4.3999999999999995,4.3,9.6,possibility_preserving,3.5999999999999996,7.0,9.6,1.0
0.4,6.0,1.5,13.0,9.0,0.0,6.0,3.7,3.8999999999999995,3.8,9.1,possibility_preserving,3.0999999999999996,7.5,9.1,1.0
0.4,6.0,2.0,13.0,9.0,0.0,6.0,3.2,3.3999999999999995,3.3,8.6,possibility_preserving,2.5999999999999996,8.0,8.6,1.0
0.4,6.0,2.5,13.0,9.0,0.0,6.0,2.7,2.8999999999999995,2.8,8.1,possibility_preserving,2.0999999999999996,8.5,8.1,1.0
0.4,6.0,3.0,13.0,9.0,0.0,6.0,2.2,2.3999999999999995,2.3,7.6,possibility_preserving,1.5999999999999996,9.0,7.6,1.0
0.4,6.0,3.5,13.0,9.0,0.0,6.0,1.7000000000000002,1.8999999999999995,1.7999999999999998,7.1,possibility_preserving,1.0999999999999996,9.5,7.1,1.0
0.4,6.0,4.0,13.0,9.0,0.0,6.0,1.2000000000000002,1.3999999999999995,1.2999999999999998,6.6,possibility_preserving,0.5999999999999996,10.0,6.6,1.0
0.4,6.5,0.0,13.0,9.0,0.0,6.5,5.2,5.3999999999999995,5.3,10.6,possibility_preserving,4.1,6.5,10.6,1.0
0.4,6.5,0.5,13.0,9.0,0.0,6.5,4.7,4.8999999999999995,4.8,10.1,possibility_preserving,3.5999999999999996,7.0,10.1,1.0
0.4,6.5,1.0,13.0,9.0,0.0,6.5,4.2,4.3999999999999995,4.3,9.6,possibility_preserving,3.0999999999999996,7.5,9.6,1.0
0.4,6.5,1.5,13.0,9.0,0.0,6.5,3.7,3.8999999999999995,3.8,9.1,possibility_preserving,2.5999999999999996,8.0,9.1,1.0
0.4,6.5,2.0,13.0,9.0,0.0,6.5,3.2,3.3999999999999995,3.3,8.6,possibility_preserving,2.0999999999999996,8.5,8.6,1.0
0.4,6.5,2.5,13.0,9.0,0.0,6.5,2.7,2.8999999999999995,2.8,8.1,possibility_preserving,1.5999999999999996,9.0,8.1,1.0
0.4,6.5,3.0,13.0,9.0,0.0,6.5,2.2,2.3999999999999995,2.3,7.6,possibility_preserving,1.0999999999999996,9.5,7.6,1.0
0.4,6.5,3.5,13.0,9.0,0.0,6.5,1.7000000000000002,1.8999999999999995,1.7999999999999998,7.1,possibility_preserving,0.5999999999999996,10.0,7.1,1.0
0.4,6.5,4.0,13.0,9.0,0.0,6.5,1.2000000000000002,1.3999999999999995,1.2999999999999998,6.6,possibility_preserving,0.09999999999999964,10.5,6.6,1.0
0.4,7.0,0.0,13.0,9.0,0.0,7.0,5.2,5.3999999999999995,5.3,10.6,possibility_preserving,3.5999999999999996,7.0,10.6,1.0
0.4,7.0,0.5,13.0,9.0,0.0,7.0,4.7,4.8999999999999995,4.8,10.1,possibility_preserving,3.0999999999999996,7.5,10.1,1.0
0.4,7.0,1.0,13.0,9.0,0.0,7.0,4.2,4.3999999999999995,4.3,9.6,possibility_preserving,2.5999999999999996,8.0,9.6,1.0
0.4,7.0,1.5,13.0,9.0,0.0,7.0,3.7,3.8999999999999995,3.8,9.1,possibility_preserving,2.0999999999999996,8.5,9.1,1.0
0.4,7.0,2.0,13.0,9.0,0.0,7.0,3.2,3.3999999999999995,3.3,8.6,possibility_preserving,1.5999999999999996,9.0,8.6,1.0
0.4,7.0,2.5,13.0,9.0,0.0,7.0,2.7,2.8999999999999995,2.8,8.1,possibility_preserving,1.0999999999999996,9.5,8.1,1.0
0.4,7.0,3.0,13.0,9.0,0.0,7.0,2.2,2.3999999999999995,2.3,7.6,possibility_preserving,0.5999999999999996,10.0,7.6,1.0
0.4,7.0,3.5,13.0,9.0,0.0,7.0,1.7000000000000002,1.8999999999999995,1.7999999999999998,7.1,possibility_preserving,0.09999999999999964,10.5,7.1,1.0
0.4,7.0,4.0,13.0,9.0,0.0,7.0,1.2000000000000002,1.3999999999999995,1.2999999999999998,6.6,myopic_greedy,-0.40000000000000036,11.0,6.6,0.0
0.4,7.5,0.0,13.0,9.0,0.0,7.5,5.2,5.3999999999999995,5.3,10.6,possibility_preserving,3.0999999999999996,7.5,10.6,1.0
0.4,7.5,0.5,13.0,9.0,0.0,7.5,4.7,4.8999999999999995,4.8,10.1,possibility_preserving,2.5999999999999996,8.0,10.1,1.0
0.4,7.5,1.0,13.0,9.0,0.0,7.5,4.2,4.3999999999999995,4.3,9.6,possibility_preserving,2.0999999999999996,8.5,9.6,1.0
0.4,7.5,1.5,13.0,9.0,0.0,7.5,3.7,3.8999999999999995,3.8,9.1,possibility_preserving,1.5999999999999996,9.0,9.1,1.0
0.4,7.5,2.0,13.0,9.0,0.0,7.5,3.2,3.3999999999999995,3.3,8.6,possibility_preserving,1.0999999999999996,9.5,8.6,1.0
0.4,7.5,2.5,13.0,9.0,0.0,7.5,2.7,2.8999999999999995,2.8,8.1,possibility_preserving,0.5999999999999996,10.0,8.1,1.0
0.4,7.5,3.0,13.0,9.0,0.0,7.5,2.2,2.3999999999999995,2.3,7.6,possibility_preserving,0.09999999999999964,10.5,7.6,1.0
0.4,7.5,3.5,13.0,9.0,0.0,7.5,1.7000000000000002,1.8999999999999995,1.7999999999999998,7.1,myopic_greedy,-0.40000000000000036,11.0,7.1,0.0
0.4,7.5,4.0,13.0,9.0,0.0,7.5,1.2000000000000002,1.3999999999999995,1.2999999999999998,6.6,myopic_greedy,-0.9000000000000004,11.5,6.6,0.0
0.4,8.0,0.0,13.0,9.0,0.0,8.0,5.2,5.3999999999999995,5.3,10.6,possibility_preserving,2.5999999999999996,8.0,10.6,1.0
0.4,8.0,0.5,13.0,9.0,0.0,8.0,4.7,4.8999999999999995,4.8,10.1,possibility_preserving,2.0999999999999996,8.5,10.1,1.0
0.4,8.0,1.0,13.0,9.0,0.0,8.0,4.2,4.3999999999999995,4.3,9.6,possibility_preserving,1.5999999999999996,9.0,9.6,1.0
0.4,8.0,1.5,13.0,9.0,0.0,8.0,3.7,3.8999999999999995,3.8,9.1,possibility_preserving,1.0999999999999996,9.5,9.1,1.0
0.4,8.0,2.0,13.0,9.0,0.0,8.0,3.2,3.3999999999999995,3.3,8.6,possibility_preserving,0.5999999999999996,10.0,8.6,1.0
0.4,8.0,2.5,13.0,9.0,0.0,8.0,2.7,2.8999999999999995,2.8,8.1,possibility_preserving,0.09999999999999964,10.5,8.1,1.0
0.4,8.0,3.0,13.0,9.0,0.0,8.0,2.2,2.3999999999999995,2.3,7.6,myopic_greedy,-0.40000000000000036,11.0,7.6,0.0
0.4,8.0,3.5,13.0,9.0,0.0,8.0,1.7000000000000002,1.8999999999999995,1.7999999999999998,7.1,myopic_greedy,-0.9000000000000004,11.5,7.1,0.0
0.4,8.0,4.0,13.0,9.0,0.0,8.0,1.2000000000000002,1.3999999999999995,1.2999999999999998,6.6,myopic_greedy,-1.4000000000000004,12.0,6.6,0.0
0.4,8.5,0.0,13.0,9.0,0.0,8.5,5.2,5.3999999999999995,5.3,10.6,possibility_preserving,2.0999999999999996,8.5,10.6,1.0
0.4,8.5,0.5,13.0,9.0,0.0,8.5,4.7,4.8999999999999995,4.8,10.1,possibility_preserving,1.5999999999999996,9.0,10.1,1.0
0.4,8.5,1.0,13.0,9.0,0.0,8.5,4.2,4.3999999999999995,4.3,9.6,possibility_preserving,1.0999999999999996,9.5,9.6,1.0
0.4,8.5,1.5,13.0,9.0,0.0,8.5,3.7,3.8999999999999995,3.8,9.1,possibility_preserving,0.5999999999999996,10.0,9.1,1.0
0.4,8.5,2.0,13.0,9.0,0.0,8.5,3.2,3.3999999999999995,3.3,8.6,possibility_preserving,0.09999999999999964,10.5,8.6,1.0
0.4,8.5,2.5,13.0,9.0,0.0,8.5,2.7,2.8999999999999995,2.8,8.1,myopic_greedy,-0.40000000000000036,11.0,8.1,0.0
0.4,8.5,3.0,13.0,9.0,0.0,8.5,2.2,2.3999999999999995,2.3,7.6,myopic_greedy,-0.9000000000000004,11.5,7.6,0.0
0.4,8.5,3.5,13.0,9.0,0.0,8.5,1.7000000000000002,1.8999999999999995,1.7999999999999998,7.1,myopic_greedy,-1.4000000000000004,12.0,7.1,0.0
0.4,8.5,4.0,13.0,9.0,0.0,8.5,1.2000000000000002,1.3999999999999995,1.2999999999999998,6.6,myopic_greedy,-1.9000000000000004,12.5,6.6,0.0
0.4,9.0,0.0,13.0,9.0,0.0,9.0,5.2,5.3999999999999995,5.3,10.6,possibility_preserving,1.5999999999999996,9.0,10.6,1.0
0.4,9.0,0.5,13.0,9.0,0.0,9.0,4.7,4.8999999999999995,4.8,10.1,possibility_preserving,1.0999999999999996,9.5,10.1,1.0
0.4,9.0,1.0,13.0,9.0,0.0,9.0,4.2,4.3999999999999995,4.3,9.6,possibility_preserving,0.5999999999999996,10.0,9.6,1.0
0.4,9.0,1.5,13.0,9.0,0.0,9.0,3.7,3.8999999999999995,3.8,9.1,possibility_preserving,0.09999999999999964,10.5,9.1,1.0
0.4,9.0,2.0,13.0,9.0,0.0,9.0,3.2,3.3999999999999995,3.3,8.6,myopic_greedy,-0.40000000000000036,11.0,8.6,0.0
0.4,9.0,2.5,13.0,9.0,0.0,9.0,2.7,2.8999999999999995,2.8,8.1,myopic_greedy,-0.9000000000000004,11.5,8.1,0.0
0.4,9.0,3.0,13.0,9.0,0.0,9.0,2.2,2.3999999999999995,2.3,7.6,myopic_greedy,-1.4000000000000004,12.0,7.6,0.0
0.4,9.0,3.5,13.0,9.0,0.0,9.0,1.7000000000000002,1.8999999999999995,1.7999999999999998,7.1,myopic_greedy,-1.9000000000000004,12.5,7.1,0.0
0.4,9.0,4.0,13.0,9.0,0.0,9.0,1.2000000000000002,1.3999999999999995,1.2999999999999998,6.6,myopic_greedy,-2.4000000000000004,13.0,6.6,0.0
0.4,9.5,0.0,13.0,9.0,0.0,9.5,5.2,5.3999999999999995,5.3,10.6,possibility_preserving,1.0999999999999996,9.5,10.6,1.0
0.4,9.5,0.5,13.0,9.0,0.0,9.5,4.7,4.8999999999999995,4.8,10.1,possibility_preserving,0.5999999999999996,10.0,10.1,1.0
0.4,9.5,1.0,13.0,9.0,0.0,9.5,4.2,4.3999999999999995,4.3,9.6,possibility_preserving,0.09999999999999964,10.5,9.6,1.0
0.4,9.5,1.5,13.0,9.0,0.0,9.5,3.7,3.8999999999999995,3.8,9.1,myopic_greedy,-0.40000000000000036,11.0,9.1,0.0
0.4,9.5,2.0,13.0,9.0,0.0,9.5,3.2,3.3999999999999995,3.3,8.6,myopic_greedy,-0.9000000000000004,11.5,8.6,0.0
0.4,9.5,2.5,13.0,9.0,0.0,9.5,2.7,2.8999999999999995,2.8,8.1,myopic_greedy,-1.4000000000000004,12.0,8.1,0.0
0.4,9.5,3.0,13.0,9.0,0.0,9.5,2.2,2.3999999999999995,2.3,7.6,myopic_greedy,-1.9000000000000004,12.5,7.6,0.0
0.4,9.5,3.5,13.0,9.0,0.0,9.5,1.7000000000000002,1.8999999999999995,1.7999999999999998,7.1,myopic_greedy,-2.4000000000000004,13.0,7.1,0.0
0.4,9.5,4.0,13.0,9.0,0.0,9.5,1.2000000000000002,1.3999999999999995,1.2999999999999998,6.6,myopic_greedy,-2.9000000000000004,13.5,6.6,0.0
0.4,10.0,0.0,13.0,9.0,0.0,10.0,5.2,5.3999999999999995,5.3,10.6,possibility_preserving,0.5999999999999996,10.0,10.6,1.0
0.4,10.0,0.5,13.0,9.0,0.0,10.0,4.7,4.8999999999999995,4.8,10.1,possibility_preserving,0.09999999999999964,10.5,10.1,1.0
0.4,10.0,1.0,13.0,9.0,0.0,10.0,4.2,4.3999999999999995,4.3,9.6,myopic_greedy,-0.40000000000000036,11.0,9.6,0.0
0.4,10.0,1.5,13.0,9.0,0.0,10.0,3.7,3.8999999999999995,3.8,9.1,myopic_greedy,-0.9000000000000004,11.5,9.1,0.0
0.4,10.0,2.0,13.0,9.0,0.0,10.0,3.2,3.3999999999999995,3.3,8.6,myopic_greedy,-1.4000000000000004,12.0,8.6,0.0
0.4,10.0,2.5,13.0,9.0,0.0,10.0,2.7,2.8999999999999995,2.8,8.1,myopic_greedy,-1.9000000000000004,12.5,8.1,0.0
0.4,10.0,3.0,13.0,9.0,0.0,10.0,2.2,2.3999999999999995,2.3,7.6,myopic_greedy,-2.4000000000000004,13.0,7.6,0.0
0.4,10.0,3.5,13.0,9.0,0.0,10.0,1.7000000000000002,1.8999999999999995,1.7999999999999998,7.1,myopic_greedy,-2.9000000000000004,13.5,7.1,0.0
0.4,10.0,4.0,13.0,9.0,0.0,10.0,1.2000000000000002,1.3999999999999995,1.2999999999999998,6.6,myopic_greedy,-3.4000000000000004,14.0,6.6,0.0
0.4,10.5,0.0,13.0,9.0,0.0,10.5,5.2,5.3999999999999995,5.3,10.6,possibility_preserving,0.09999999999999964,10.5,10.6,1.0
0.4,10.5,0.5,13.0,9.0,0.0,10.5,4.7,4.8999999999999995,4.8,10.1,myopic_greedy,-0.40000000000000036,11.0,10.1,0.0
0.4,10.5,1.0,13.0,9.0,0.0,10.5,4.2,4.3999999999999995,4.3,9.6,myopic_greedy,-0.9000000000000004,11.5,9.6,0.0
0.4,10.5,1.5,13.0,9.0,0.0,10.5,3.7,3.8999999999999995,3.8,9.1,myopic_greedy,-1.4000000000000004,12.0,9.1,0.0
0.4,10.5,2.0,13.0,9.0,0.0,10.5,3.2,3.3999999999999995,3.3,8.6,myopic_greedy,-1.9000000000000004,12.5,8.6,0.0
0.4,10.5,2.5,13.0,9.0,0.0,10.5,2.7,2.8999999999999995,2.8,8.1,myopic_greedy,-2.4000000000000004,13.0,8.1,0.0
0.4,10.5,3.0,13.0,9.0,0.0,10.5,2.2,2.3999999999999995,2.3,7.6,myopic_greedy,-2.9000000000000004,13.5,7.6,0.0
0.4,10.5,3.5,13.0,9.0,0.0,10.5,1.7000000000000002,1.8999999999999995,1.7999999999999998,7.1,myopic_greedy,-3.4000000000000004,14.0,7.1,0.0
0.4,10.5,4.0,13.0,9.0,0.0,10.5,1.2000000000000002,1.3999999999999995,1.2999999999999998,6.6,myopic_greedy,-3.9000000000000004,14.5,6.6,0.0
0.4,11.0,0.0,13.0,9.0,0.0,11.0,5.2,5.3999999999999995,5.3,10.6,myopic_greedy,-0.40000000000000036,11.0,10.6,0.0
0.4,11.0,0.5,13.0,9.0,0.0,11.0,4.7,4.8999999999999995,4.8,10.1,myopic_greedy,-0.9000000000000004,11.5,10.1,0.0
0.4,11.0,1.0,13.0,9.0,0.0,11.0,4.2,4.3999999999999995,4.3,9.6,myopic_greedy,-1.4000000000000004,12.0,9.6,0.0
0.4,11.0,1.5,13.0,9.0,0.0,11.0,3.7,3.8999999999999995,3.8,9.1,myopic_greedy,-1.9000000000000004,12.5,9.1,0.0
0.4,11.0,2.0,13.0,9.0,0.0,11.0,3.2,3.3999999999999995,3.3,8.6,myopic_greedy,-2.4000000000000004,13.0,8.6,0.0
0.4,11.0,2.5,13.0,9.0,0.0,11.0,2.7,2.8999999999999995,2.8,8.1,myopic_greedy,-2.9000000000000004,13.5,8.1,0.0
0.4,11.0,3.0,13.0,9.0,0.0,11.0,2.2,2.3999999999999995,2.3,7.6,myopic_greedy,-3.4000000000000004,14.0,7.6,0.0
0.4,11.0,3.5,13.0,9.0,0.0,11.0,1.7000000000000002,1.8999999999999995,1.7999999999999998,7.1,myopic_greedy,-3.9000000000000004,14.5,7.1,0.0
0.4,11.0,4.0,13.0,9.0,0.0,11.0,1.2000000000000002,1.3999999999999995,1.2999999999999998,6.6,myopic_greedy,-4.4,15.0,6.6,0.0
0.4,11.5,0.0,13.0,9.0,0.0,11.5,5.2,5.3999999999999995,5.3,10.6,myopic_greedy,-0.9000000000000004,11.5,10.6,0.0
0.4,11.5,0.5,13.0,9.0,0.0,11.5,4.7,4.8999999999999995,4.8,10.1,myopic_greedy,-1.4000000000000004,12.0,10.1,0.0
0.4,11.5,1.0,13.0,9.0,0.0,11.5,4.2,4.3999999999999995,4.3,9.6,myopic_greedy,-1.9000000000000004,12.5,9.6,0.0
0.4,11.5,1.5,13.0,9.0,0.0,11.5,3.7,3.8999999999999995,3.8,9.1,myopic_greedy,-2.4000000000000004,13.0,9.1,0.0
0.4,11.5,2.0,13.0,9.0,0.0,11.5,3.2,3.3999999999999995,3.3,8.6,myopic_greedy,-2.9000000000000004,13.5,8.6,0.0
0.4,11.5,2.5,13.0,9.0,0.0,11.5,2.7,2.8999999999999995,2.8,8.1,myopic_greedy,-3.4000000000000004,14.0,8.1,0.0
0.4,11.5,3.0,13.0,9.0,0.0,11.5,2.2,2.3999999999999995,2.3,7.6,myopic_greedy,-3.9000000000000004,14.5,7.6,0.0
0.4,11.5,3.5,13.0,9.0,0.0,11.5,1.7000000000000002,1.8999999999999995,1.7999999999999998,7.1,myopic_greedy,-4.4,15.0,7.1,0.0
0.4,11.5,4.0,13.0,9.0,0.0,11.5,1.2000000000000002,1.3999999999999995,1.2999999999999998,6.6,myopic_greedy,-4.9,15.5,6.6,0.0
0.4,12.0,0.0,13.0,9.0,0.0,12.0,5.2,5.3999999999999995,5.3,10.6,myopic_greedy,-1.4000000000000004,12.0,10.6,0.0
0.4,12.0,0.5,13.0,9.0,0.0,12.0,4.7,4.8999999999999995,4.8,10.1,myopic_greedy,-1.9000000000000004,12.5,10.1,0.0
0.4,12.0,1.0,13.0,9.0,0.0,12.0,4.2,4.3999999999999995,4.3,9.6,myopic_greedy,-2.4000000000000004,13.0,9.6,0.0
0.4,12.0,1.5,13.0,9.0,0.0,12.0,3.7,3.8999999999999995,3.8,9.1,myopic_greedy,-2.9000000000000004,13.5,9.1,0.0
0.4,12.0,2.0,13.0,9.0,0.0,12.0,3.2,3.3999999999999995,3.3,8.6,myopic_greedy,-3.4000000000000004,14.0,8.6,0.0
0.4,12.0,2.5,13.0,9.0,0.0,12.0,2.7,2.8999999999999995,2.8,8.1,myopic_greedy,-3.9000000000000004,14.5,8.1,0.0
0.4,12.0,3.0,13.0,9.0,0.0,12.0,2.2,2.3999999999999995,2.3,7.6,myopic_greedy,-4.4,15.0,7.6,0.0
0.4,12.0,3.5,13.0,9.0,0.0,12.0,1.7000000000000002,1.8999999999999995,1.7999999999999998,7.1,myopic_greedy,-4.9,15.5,7.1,0.0
0.4,12.0,4.0,13.0,9.0,0.0,12.0,1.2000000000000002,1.3999999999999995,1.2999999999999998,6.6,myopic_greedy,-5.4,16.0,6.6,0.0
0.4,12.5,0.0,13.0,9.0,0.0,12.5,5.2,5.3999999999999995,5.3,10.6,myopic_greedy,-1.9000000000000004,12.5,10.6,0.0
0.4,12.5,0.5,13.0,9.0,0.0,12.5,4.7,4.8999999999999995,4.8,10.1,myopic_greedy,-2.4000000000000004,13.0,10.1,0.0
0.4,12.5,1.0,13.0,9.0,0.0,12.5,4.2,4.3999999999999995,4.3,9.6,myopic_greedy,-2.9000000000000004,13.5,9.6,0.0
0.4,12.5,1.5,13.0,9.0,0.0,12.5,3.7,3.8999999999999995,3.8,9.1,myopic_greedy,-3.4000000000000004,14.0,9.1,0.0
0.4,12.5,2.0,13.0,9.0,0.0,12.5,3.2,3.3999999999999995,3.3,8.6,myopic_greedy,-3.9000000000000004,14.5,8.6,0.0
0.4,12.5,2.5,13.0,9.0,0.0,12.5,2.7,2.8999999999999995,2.8,8.1,myopic_greedy,-4.4,15.0,8.1,0.0
0.4,12.5,3.0,13.0,9.0,0.0,12.5,2.2,2.3999999999999995,2.3,7.6,myopic_greedy,-4.9,15.5,7.6,0.0
0.4,12.5,3.5,13.0,9.0,0.0,12.5,1.7000000000000002,1.8999999999999995,1.7999999999999998,7.1,myopic_greedy,-5.4,16.0,7.1,0.0
0.4,12.5,4.0,13.0,9.0,0.0,12.5,1.2000000000000002,1.3999999999999995,1.2999999999999998,6.6,myopic_greedy,-5.9,16.5,6.6,0.0
0.4,13.0,0.0,13.0,9.0,0.0,13.0,5.2,5.3999999999999995,5.3,10.6,myopic_greedy,-2.4000000000000004,13.0,10.6,0.0
0.4,13.0,0.5,13.0,9.0,0.0,13.0,4.7,4.8999999999999995,4.8,10.1,myopic_greedy,-2.9000000000000004,13.5,10.1,0.0
0.4,13.0,1.0,13.0,9.0,0.0,13.0,4.2,4.3999999999999995,4.3,9.6,myopic_greedy,-3.4000000000000004,14.0,9.6,0.0
0.4,13.0,1.5,13.0,9.0,0.0,13.0,3.7,3.8999999999999995,3.8,9.1,myopic_greedy,-3.9000000000000004,14.5,9.1,0.0
0.4,13.0,2.0,13.0,9.0,0.0,13.0,3.2,3.3999999999999995,3.3,8.6,myopic_greedy,-4.4,15.0,8.6,0.0
0.4,13.0,2.5,13.0,9.0,0.0,13.0,2.7,2.8999999999999995,2.8,8.1,myopic_greedy,-4.9,15.5,8.1,0.0
0.4,13.0,3.0,13.0,9.0,0.0,13.0,2.2,2.3999999999999995,2.3,7.6,myopic_greedy,-5.4,16.0,7.6,0.0
0.4,13.0,3.5,13.0,9.0,0.0,13.0,1.7000000000000002,1.8999999999999995,1.7999999999999998,7.1,myopic_greedy,-5.9,16.5,7.1,0.0
0.4,13.0,4.0,13.0,9.0,0.0,13.0,1.2000000000000002,1.3999999999999995,1.2999999999999998,6.6,myopic_greedy,-6.4,17.0,6.6,0.0
0.4,13.5,0.0,13.0,9.0,0.0,13.5,5.2,5.3999999999999995,5.3,10.6,myopic_greedy,-2.9000000000000004,13.5,10.6,0.0
0.4,13.5,0.5,13.0,9.0,0.0,13.5,4.7,4.8999999999999995,4.8,10.1,myopic_greedy,-3.4000000000000004,14.0,10.1,0.0
0.4,13.5,1.0,13.0,9.0,0.0,13.5,4.2,4.3999999999999995,4.3,9.6,myopic_greedy,-3.9000000000000004,14.5,9.6,0.0
0.4,13.5,1.5,13.0,9.0,0.0,13.5,3.7,3.8999999999999995,3.8,9.1,myopic_greedy,-4.4,15.0,9.1,0.0
0.4,13.5,2.0,13.0,9.0,0.0,13.5,3.2,3.3999999999999995,3.3,8.6,myopic_greedy,-4.9,15.5,8.6,0.0
0.4,13.5,2.5,13.0,9.0,0.0,13.5,2.7,2.8999999999999995,2.8,8.1,myopic_greedy,-5.4,16.0,8.1,0.0
0.4,13.5,3.0,13.0,9.0,0.0,13.5,2.2,2.3999999999999995,2.3,7.6,myopic_greedy,-5.9,16.5,7.6,0.0
0.4,13.5,3.5,13.0,9.0,0.0,13.5,1.7000000000000002,1.8999999999999995,1.7999999999999998,7.1,myopic_greedy,-6.4,17.0,7.1,0.0
0.4,13.5,4.0,13.0,9.0,0.0,13.5,1.2000000000000002,1.3999999999999995,1.2999999999999998,6.6,myopic_greedy,-6.9,17.5,6.6,0.0
0.4,14.0,0.0,13.0,9.0,0.0,14.0,5.2,5.3999999999999995,5.3,10.6,myopic_greedy,-3.4000000000000004,14.0,10.6,0.0
0.4,14.0,0.5,13.0,9.0,0.0,14.0,4.7,4.8999999999999995,4.8,10.1,myopic_greedy,-3.9000000000000004,14.5,10.1,0.0
0.4,14.0,1.0,13.0,9.0,0.0,14.0,4.2,4.3999999999999995,4.3,9.6,myopic_greedy,-4.4,15.0,9.6,0.0
0.4,14.0,1.5,13.0,9.0,0.0,14.0,3.7,3.8999999999999995,3.8,9.1,myopic_greedy,-4.9,15.5,9.1,0.0
0.4,14.0,2.0,13.0,9.0,0.0,14.0,3.2,3.3999999999999995,3.3,8.6,myopic_greedy,-5.4,16.0,8.6,0.0
0.4,14.0,2.5,13.0,9.0,0.0,14.0,2.7,2.8999999999999995,2.8,8.1,myopic_greedy,-5.9,16.5,8.1,0.0
0.4,14.0,3.0,13.0,9.0,0.0,14.0,2.2,2.3999999999999995,2.3,7.6,myopic_greedy,-6.4,17.0,7.6,0.0
0.4,14.0,3.5,13.0,9.0,0.0,14.0,1.7000000000000002,1.8999999999999995,1.7999999999999998,7.1,myopic_greedy,-6.9,17.5,7.1,0.0
0.4,14.0,4.0,13.0,9.0,0.0,14.0,1.2000000000000002,1.3999999999999995,1.2999999999999998,6.6,myopic_greedy,-7.4,18.0,6.6,0.0
0.4,14.5,0.0,13.0,9.0,0.0,14.5,5.2,5.3999999999999995,5.3,10.6,myopic_greedy,-3.9000000000000004,14.5,10.6,0.0
0.4,14.5,0.5,13.0,9.0,0.0,14.5,4.7,4.8999999999999995,4.8,10.1,myopic_greedy,-4.4,15.0,10.1,0.0
0.4,14.5,1.0,13.0,9.0,0.0,14.5,4.2,4.3999999999999995,4.3,9.6,myopic_greedy,-4.9,15.5,9.6,0.0
0.4,14.5,1.5,13.0,9.0,0.0,14.5,3.7,3.8999999999999995,3.8,9.1,myopic_greedy,-5.4,16.0,9.1,0.0
0.4,14.5,2.0,13.0,9.0,0.0,14.5,3.2,3.3999999999999995,3.3,8.6,myopic_greedy,-5.9,16.5,8.6,0.0
0.4,14.5,2.5,13.0,9.0,0.0,14.5,2.7,2.8999999999999995,2.8,8.1,myopic_greedy,-6.4,17.0,8.1,0.0
0.4,14.5,3.0,13.0,9.0,0.0,14.5,2.2,2.3999999999999995,2.3,7.6,myopic_greedy,-6.9,17.5,7.6,0.0
0.4,14.5,3.5,13.0,9.0,0.0,14.5,1.7000000000000002,1.8999999999999995,1.7999999999999998,7.1,myopic_greedy,-7.4,18.0,7.1,0.0
0.4,14.5,4.0,13.0,9.0,0.0,14.5,1.2000000000000002,1.3999999999999995,1.2999999999999998,6.6,myopic_greedy,-7.9,18.5,6.6,0.0
0.4,15.0,0.0,13.0,9.0,0.0,15.0,5.2,5.3999999999999995,5.3,10.6,myopic_greedy,-4.4,15.0,10.6,0.0
0.4,15.0,0.5,13.0,9.0,0.0,15.0,4.7,4.8999999999999995,4.8,10.1,myopic_greedy,-4.9,15.5,10.1,0.0
0.4,15.0,1.0,13.0,9.0,0.0,15.0,4.2,4.3999999999999995,4.3,9.6,myopic_greedy,-5.4,16.0,9.6,0.0
0.4,15.0,1.5,13.0,9.0,0.0,15.0,3.7,3.8999999999999995,3.8,9.1,myopic_greedy,-5.9,16.5,9.1,0.0
0.4,15.0,2.0,13.0,9.0,0.0,15.0,3.2,3.3999999999999995,3.3,8.6,myopic_greedy,-6.4,17.0,8.6,0.0
0.4,15.0,2.5,13.0,9.0,0.0,15.0,2.7,2.8999999999999995,2.8,8.1,myopic_greedy,-6.9,17.5,8.1,0.0
0.4,15.0,3.0,13.0,9.0,0.0,15.0,2.2,2.3999999999999995,2.3,7.6,myopic_greedy,-7.4,18.0,7.6,0.0
0.4,15.0,3.5,13.0,9.0,0.0,15.0,1.7000000000000002,1.8999999999999995,1.7999999999999998,7.1,myopic_greedy,-7.9,18.5,7.1,0.0
0.4,15.0,4.0,13.0,9.0,0.0,15.0,1.2000000000000002,1.3999999999999995,1.2999999999999998,6.6,myopic_greedy,-8.4,19.0,6.6,0.0
0.4,15.5,0.0,13.0,9.0,0.0,15.5,5.2,5.3999999999999995,5.3,10.6,myopic_greedy,-4.9,15.5,10.6,0.0
0.4,15.5,0.5,13.0,9.0,0.0,15.5,4.7,4.8999999999999995,4.8,10.1,myopic_greedy,-5.4,16.0,10.1,0.0
0.4,15.5,1.0,13.0,9.0,0.0,15.5,4.2,4.3999999999999995,4.3,9.6,myopic_greedy,-5.9,16.5,9.6,0.0
0.4,15.5,1.5,13.0,9.0,0.0,15.5,3.7,3.8999999999999995,3.8,9.1,myopic_greedy,-6.4,17.0,9.1,0.0
0.4,15.5,2.0,13.0,9.0,0.0,15.5,3.2,3.3999999999999995,3.3,8.6,myopic_greedy,-6.9,17.5,8.6,0.0
0.4,15.5,2.5,13.0,9.0,0.0,15.5,2.7,2.8999999999999995,2.8,8.1,myopic_greedy,-7.4,18.0,8.1,0.0
0.4,15.5,3.0,13.0,9.0,0.0,15.5,2.2,2.3999999999999995,2.3,7.6,myopic_greedy,-7.9,18.5,7.6,0.0
0.4,15.5,3.5,13.0,9.0,0.0,15.5,1.7000000000000002,1.8999999999999995,1.7999999999999998,7.1,myopic_greedy,-8.4,19.0,7.1,0.0
0.4,15.5,4.0,13.0,9.0,0.0,15.5,1.2000000000000002,1.3999999999999995,1.2999999999999998,6.6,myopic_greedy,-8.9,19.5,6.6,0.0
0.4,16.0,0.0,13.0,9.0,0.0,16.0,5.2,5.3999999999999995,5.3,10.6,myopic_greedy,-5.4,16.0,10.6,0.0
0.4,16.0,0.5,13.0,9.0,0.0,16.0,4.7,4.8999999999999995,4.8,10.1,myopic_greedy,-5.9,16.5,10.1,0.0
0.4,16.0,1.0,13.0,9.0,0.0,16.0,4.2,4.3999999999999995,4.3,9.6,myopic_greedy,-6.4,17.0,9.6,0.0
0.4,16.0,1.5,13.0,9.0,0.0,16.0,3.7,3.8999999999999995,3.8,9.1,myopic_greedy,-6.9,17.5,9.1,0.0
0.4,16.0,2.0,13.0,9.0,0.0,16.0,3.2,3.3999999999999995,3.3,8.6,myopic_greedy,-7.4,18.0,8.6,0.0
0.4,16.0,2.5,13.0,9.0,0.0,16.0,2.7,2.8999999999999995,2.8,8.1,myopic_greedy,-7.9,18.5,8.1,0.0
0.4,16.0,3.0,13.0,9.0,0.0,16.0,2.2,2.3999999999999995,2.3,7.6,myopic_greedy,-8.4,19.0,7.6,0.0
0.4,16.0,3.5,13.0,9.0,0.0,16.0,1.7000000000000002,1.8999999999999995,1.7999999999999998,7.1,myopic_greedy,-8.9,19.5,7.1,0.0
0.4,16.0,4.0,13.0,9.0,0.0,16.0,1.2000000000000002,1.3999999999999995,1.2999999999999998,6.6,myopic_greedy,-9.4,20.0,6.6,0.0
0.4,16.5,0.0,13.0,9.0,0.0,16.5,5.2,5.3999999999999995,5.3,10.6,myopic_greedy,-5.9,16.5,10.6,0.0
0.4,16.5,0.5,13.0,9.0,0.0,16.5,4.7,4.8999999999999995,4.8,10.1,myopic_greedy,-6.4,17.0,10.1,0.0
0.4,16.5,1.0,13.0,9.0,0.0,16.5,4.2,4.3999999999999995,4.3,9.6,myopic_greedy,-6.9,17.5,9.6,0.0
0.4,16.5,1.5,13.0,9.0,0.0,16.5,3.7,3.8999999999999995,3.8,9.1,myopic_greedy,-7.4,18.0,9.1,0.0
0.4,16.5,2.0,13.0,9.0,0.0,16.5,3.2,3.3999999999999995,3.3,8.6,myopic_greedy,-7.9,18.5,8.6,0.0
0.4,16.5,2.5,13.0,9.0,0.0,16.5,2.7,2.8999999999999995,2.8,8.1,myopic_greedy,-8.4,19.0,8.1,0.0
0.4,16.5,3.0,13.0,9.0,0.0,16.5,2.2,2.3999999999999995,2.3,7.6,myopic_greedy,-8.9,19.5,7.6,0.0
0.4,16.5,3.5,13.0,9.0,0.0,16.5,1.7000000000000002,1.8999999999999995,1.7999999999999998,7.1,myopic_greedy,-9.4,20.0,7.1,0.0
0.4,16.5,4.0,13.0,9.0,0.0,16.5,1.2000000000000002,1.3999999999999995,1.2999999999999998,6.6,myopic_greedy,-9.9,20.5,6.6,0.0
0.4,17.0,0.0,13.0,9.0,0.0,17.0,5.2,5.3999999999999995,5.3,10.6,myopic_greedy,-6.4,17.0,10.6,0.0
0.4,17.0,0.5,13.0,9.0,0.0,17.0,4.7,4.8999999999999995,4.8,10.1,myopic_greedy,-6.9,17.5,10.1,0.0
0.4,17.0,1.0,13.0,9.0,0.0,17.0,4.2,4.3999999999999995,4.3,9.6,myopic_greedy,-7.4,18.0,9.6,0.0
0.4,17.0,1.5,13.0,9.0,0.0,17.0,3.7,3.8999999999999995,3.8,9.1,myopic_greedy,-7.9,18.5,9.1,0.0
0.4,17.0,2.0,13.0,9.0,0.0,17.0,3.2,3.3999999999999995,3.3,8.6,myopic_greedy,-8.4,19.0,8.6,0.0
0.4,17.0,2.5,13.0,9.0,0.0,17.0,2.7,2.8999999999999995,2.8,8.1,myopic_greedy,-8.9,19.5,8.1,0.0
0.4,17.0,3.0,13.0,9.0,0.0,17.0,2.2,2.3999999999999995,2.3,7.6,myopic_greedy,-9.4,20.0,7.6,0.0
0.4,17.0,3.5,13.0,9.0,0.0,17.0,1.7000000000000002,1.8999999999999995,1.7999999999999998,7.1,myopic_greedy,-9.9,20.5,7.1,0.0
0.4,17.0,4.0,13.0,9.0,0.0,17.0,1.2000000000000002,1.3999999999999995,1.2999999999999998,6.6,myopic_greedy,-10.4,21.0,6.6,0.0
0.4,17.5,0.0,13.0,9.0,0.0,17.5,5.2,5.3999999999999995,5.3,10.6,myopic_greedy,-6.9,17.5,10.6,0.0
0.4,17.5,0.5,13.0,9.0,0.0,17.5,4.7,4.8999999999999995,4.8,10.1,myopic_greedy,-7.4,18.0,10.1,0.0
0.4,17.5,1.0,13.0,9.0,0.0,17.5,4.2,4.3999999999999995,4.3,9.6,myopic_greedy,-7.9,18.5,9.6,0.0
0.4,17.5,1.5,13.0,9.0,0.0,17.5,3.7,3.8999999999999995,3.8,9.1,myopic_greedy,-8.4,19.0,9.1,0.0
0.4,17.5,2.0,13.0,9.0,0.0,17.5,3.2,3.3999999999999995,3.3,8.6,myopic_greedy,-8.9,19.5,8.6,0.0
0.4,17.5,2.5,13.0,9.0,0.0,17.5,2.7,2.8999999999999995,2.8,8.1,myopic_greedy,-9.4,20.0,8.1,0.0
0.4,17.5,3.0,13.0,9.0,0.0,17.5,2.2,2.3999999999999995,2.3,7.6,myopic_greedy,-9.9,20.5,7.6,0.0
0.4,17.5,3.5,13.0,9.0,0.0,17.5,1.7000000000000002,1.8999999999999995,1.7999999999999998,7.1,myopic_greedy,-10.4,21.0,7.1,0.0
0.4,17.5,4.0,13.0,9.0,0.0,17.5,1.2000000000000002,1.3999999999999995,1.2999999999999998,6.6,myopic_greedy,-10.9,21.5,6.6,0.0
0.4,18.0,0.0,13.0,9.0,0.0,18.0,5.2,5.3999999999999995,5.3,10.6,myopic_greedy,-7.4,18.0,10.6,0.0
0.4,18.0,0.5,13.0,9.0,0.0,18.0,4.7,4.8999999999999995,4.8,10.1,myopic_greedy,-7.9,18.5,10.1,0.0
0.4,18.0,1.0,13.0,9.0,0.0,18.0,4.2,4.3999999999999995,4.3,9.6,myopic_greedy,-8.4,19.0,9.6,0.0
0.4,18.0,1.5,13.0,9.0,0.0,18.0,3.7,3.8999999999999995,3.8,9.1,myopic_greedy,-8.9,19.5,9.1,0.0
0.4,18.0,2.0,13.0,9.0,0.0,18.0,3.2,3.3999999999999995,3.3,8.6,myopic_greedy,-9.4,20.0,8.6,0.0
0.4,18.0,2.5,13.0,9.0,0.0,18.0,2.7,2.8999999999999995,2.8,8.1,myopic_greedy,-9.9,20.5,8.1,0.0
0.4,18.0,3.0,13.0,9.0,0.0,18.0,2.2,2.3999999999999995,2.3,7.6,myopic_greedy,-10.4,21.0,7.6,0.0
0.4,18.0,3.5,13.0,9.0,0.0,18.0,1.7000000000000002,1.8999999999999995,1.7999999999999998,7.1,myopic_greedy,-10.9,21.5,7.1,0.0
0.4,18.0,4.0,13.0,9.0,0.0,18.0,1.2000000000000002,1.3999999999999995,1.2999999999999998,6.6,myopic_greedy,-11.4,22.0,6.6,0.0
0.45,6.0,0.0,13.0,9.0,0.0,6.0,5.8500000000000005,4.95,5.4,10.8,possibility_preserving,4.800000000000001,6.0,10.8,1.0
0.45,6.0,0.5,13.0,9.0,0.0,6.0,5.3500000000000005,4.45,4.9,10.3,possibility_preserving,4.300000000000001,6.5,10.3,1.0
0.45,6.0,1.0,13.0,9.0,0.0,6.0,4.8500000000000005,3.95,4.4,9.8,possibility_preserving,3.8000000000000007,7.0,9.8,1.0
0.45,6.0,1.5,13.0,9.0,0.0,6.0,4.3500000000000005,3.45,3.9000000000000004,9.3,possibility_preserving,3.3000000000000007,7.5,9.3,1.0
0.45,6.0,2.0,13.0,9.0,0.0,6.0,3.8500000000000005,2.95,3.4000000000000004,8.8,possibility_preserving,2.8000000000000007,8.0,8.8,1.0
0.45,6.0,2.5,13.0,9.0,0.0,6.0,3.3500000000000005,2.45,2.9000000000000004,8.3,possibility_preserving,2.3000000000000007,8.5,8.3,1.0
0.45,6.0,3.0,13.0,9.0,0.0,6.0,2.8500000000000005,1.9500000000000002,2.4000000000000004,7.800000000000001,possibility_preserving,1.8000000000000007,9.0,7.800000000000001,1.0
0.45,6.0,3.5,13.0,9.0,0.0,6.0,2.3500000000000005,1.4500000000000002,1.9000000000000004,7.300000000000001,possibility_preserving,1.3000000000000007,9.5,7.300000000000001,1.0
0.45,6.0,4.0,13.0,9.0,0.0,6.0,1.8500000000000005,0.9500000000000002,1.4000000000000004,6.800000000000001,possibility_preserving,0.8000000000000007,10.0,6.800000000000001,1.0
0.45,6.5,0.0,13.0,9.0,0.0,6.5,5.8500000000000005,4.95,5.4,10.8,possibility_preserving,4.300000000000001,6.5,10.8,1.0
0.45,6.5,0.5,13.0,9.0,0.0,6.5,5.3500000000000005,4.45,4.9,10.3,possibility_preserving,3.8000000000000007,7.0,10.3,1.0
0.45,6.5,1.0,13.0,9.0,0.0,6.5,4.8500000000000005,3.95,4.4,9.8,possibility_preserving,3.3000000000000007,7.5,9.8,1.0
0.45,6.5,1.5,13.0,9.0,0.0,6.5,4.3500000000000005,3.45,3.9000000000000004,9.3,possibility_preserving,2.8000000000000007,8.0,9.3,1.0
0.45,6.5,2.0,13.0,9.0,0.0,6.5,3.8500000000000005,2.95,3.4000000000000004,8.8,possibility_preserving,2.3000000000000007,8.5,8.8,1.0
0.45,6.5,2.5,13.0,9.0,0.0,6.5,3.3500000000000005,2.45,2.9000000000000004,8.3,possibility_preserving,1.8000000000000007,9.0,8.3,1.0
0.45,6.5,3.0,13.0,9.0,0.0,6.5,2.8500000000000005,1.9500000000000002,2.4000000000000004,7.800000000000001,possibility_preserving,1.3000000000000007,9.5,7.800000000000001,1.0
0.45,6.5,3.5,13.0,9.0,0.0,6.5,2.3500000000000005,1.4500000000000002,1.9000000000000004,7.300000000000001,possibility_preserving,0.8000000000000007,10.0,7.300000000000001,1.0
0.45,6.5,4.0,13.0,9.0,0.0,6.5,1.8500000000000005,0.9500000000000002,1.4000000000000004,6.800000000000001,possibility_preserving,0.3000000000000007,10.5,6.800000000000001,1.0
0.45,7.0,0.0,13.0,9.0,0.0,7.0,5.8500000000000005,4.95,5.4,10.8,possibility_preserving,3.8000000000000007,7.0,10.8,1.0
0.45,7.0,0.5,13.0,9.0,0.0,7.0,5.3500000000000005,4.45,4.9,10.3,possibility_preserving,3.3000000000000007,7.5,10.3,1.0
0.45,7.0,1.0,13.0,9.0,0.0,7.0,4.8500000000000005,3.95,4.4,9.8,possibility_preserving,2.8000000000000007,8.0,9.8,1.0
0.45,7.0,1.5,13.0,9.0,0.0,7.0,4.3500000000000005,3.45,3.9000000000000004,9.3,possibility_preserving,2.3000000000000007,8.5,9.3,1.0
0.45,7.0,2.0,13.0,9.0,0.0,7.0,3.8500000000000005,2.95,3.4000000000000004,8.8,possibility_preserving,1.8000000000000007,9.0,8.8,1.0
0.45,7.0,2.5,13.0,9.0,0.0,7.0,3.3500000000000005,2.45,2.9000000000000004,8.3,possibility_preserving,1.3000000000000007,9.5,8.3,1.0
0.45,7.0,3.0,13.0,9.0,0.0,7.0,2.8500000000000005,1.9500000000000002,2.4000000000000004,7.800000000000001,possibility_preserving,0.8000000000000007,10.0,7.800000000000001,1.0
0.45,7.0,3.5,13.0,9.0,0.0,7.0,2.3500000000000005,1.4500000000000002,1.9000000000000004,7.300000000000001,possibility_preserving,0.3000000000000007,10.5,7.300000000000001,1.0
0.45,7.0,4.0,13.0,9.0,0.0,7.0,1.8500000000000005,0.9500000000000002,1.4000000000000004,6.800000000000001,myopic_greedy,-0.1999999999999993,11.0,6.800000000000001,0.0
0.45,7.5,0.0,13.0,9.0,0.0,7.5,5.8500000000000005,4.95,5.4,10.8,possibility_preserving,3.3000000000000007,7.5,10.8,1.0
0.45,7.5,0.5,13.0,9.0,0.0,7.5,5.3500000000000005,4.45,4.9,10.3,possibility_preserving,2.8000000000000007,8.0,10.3,1.0
0.45,7.5,1.0,13.0,9.0,0.0,7.5,4.8500000000000005,3.95,4.4,9.8,possibility_preserving,2.3000000000000007,8.5,9.8,1.0
0.45,7.5,1.5,13.0,9.0,0.0,7.5,4.3500000000000005,3.45,3.9000000000000004,9.3,possibility_preserving,1.8000000000000007,9.0,9.3,1.0
0.45,7.5,2.0,13.0,9.0,0.0,7.5,3.8500000000000005,2.95,3.4000000000000004,8.8,possibility_preserving,1.3000000000000007,9.5,8.8,1.0
0.45,7.5,2.5,13.0,9.0,0.0,7.5,3.3500000000000005,2.45,2.9000000000000004,8.3,possibility_preserving,0.8000000000000007,10.0,8.3,1.0
0.45,7.5,3.0,13.0,9.0,0.0,7.5,2.8500000000000005,1.9500000000000002,2.4000000000000004,7.800000000000001,possibility_preserving,0.3000000000000007,10.5,7.800000000000001,1.0
0.45,7.5,3.5,13.0,9.0,0.0,7.5,2.3500000000000005,1.4500000000000002,1.9000000000000004,7.300000000000001,myopic_greedy,-0.1999999999999993,11.0,7.300000000000001,0.0
0.45,7.5,4.0,13.0,9.0,0.0,7.5,1.8500000000000005,0.9500000000000002,1.4000000000000004,6.800000000000001,myopic_greedy,-0.6999999999999993,11.5,6.800000000000001,0.0
0.45,8.0,0.0,13.0,9.0,0.0,8.0,5.8500000000000005,4.95,5.4,10.8,possibility_preserving,2.8000000000000007,8.0,10.8,1.0
0.45,8.0,0.5,13.0,9.0,0.0,8.0,5.3500000000000005,4.45,4.9,10.3,possibility_preserving,2.3000000000000007,8.5,10.3,1.0
0.45,8.0,1.0,13.0,9.0,0.0,8.0,4.8500000000000005,3.95,4.4,9.8,possibility_preserving,1.8000000000000007,9.0,9.8,1.0
0.45,8.0,1.5,13.0,9.0,0.0,8.0,4.3500000000000005,3.45,3.9000000000000004,9.3,possibility_preserving,1.3000000000000007,9.5,9.3,1.0
0.45,8.0,2.0,13.0,9.0,0.0,8.0,3.8500000000000005,2.95,3.4000000000000004,8.8,possibility_preserving,0.8000000000000007,10.0,8.8,1.0
0.45,8.0,2.5,13.0,9.0,0.0,8.0,3.3500000000000005,2.45,2.9000000000000004,8.3,possibility_preserving,0.3000000000000007,10.5,8.3,1.0
0.45,8.0,3.0,13.0,9.0,0.0,8.0,2.8500000000000005,1.9500000000000002,2.4000000000000004,7.800000000000001,myopic_greedy,-0.1999999999999993,11.0,7.800000000000001,0.0
0.45,8.0,3.5,13.0,9.0,0.0,8.0,2.3500000000000005,1.4500000000000002,1.9000000000000004,7.300000000000001,myopic_greedy,-0.6999999999999993,11.5,7.300000000000001,0.0
0.45,8.0,4.0,13.0,9.0,0.0,8.0,1.8500000000000005,0.9500000000000002,1.4000000000000004,6.800000000000001,myopic_greedy,-1.1999999999999993,12.0,6.800000000000001,0.0
0.45,8.5,0.0,13.0,9.0,0.0,8.5,5.8500000000000005,4.95,5.4,10.8,possibility_preserving,2.3000000000000007,8.5,10.8,1.0
0.45,8.5,0.5,13.0,9.0,0.0,8.5,5.3500000000000005,4.45,4.9,10.3,possibility_preserving,1.8000000000000007,9.0,10.3,1.0
0.45,8.5,1.0,13.0,9.0,0.0,8.5,4.8500000000000005,3.95,4.4,9.8,possibility_preserving,1.3000000000000007,9.5,9.8,1.0
0.45,8.5,1.5,13.0,9.0,0.0,8.5,4.3500000000000005,3.45,3.9000000000000004,9.3,possibility_preserving,0.8000000000000007,10.0,9.3,1.0
0.45,8.5,2.0,13.0,9.0,0.0,8.5,3.8500000000000005,2.95,3.4000000000000004,8.8,possibility_preserving,0.3000000000000007,10.5,8.8,1.0
0.45,8.5,2.5,13.0,9.0,0.0,8.5,3.3500000000000005,2.45,2.9000000000000004,8.3,myopic_greedy,-0.1999999999999993,11.0,8.3,0.0
0.45,8.5,3.0,13.0,9.0,0.0,8.5,2.8500000000000005,1.9500000000000002,2.4000000000000004,7.800000000000001,myopic_greedy,-0.6999999999999993,11.5,7.800000000000001,0.0
0.45,8.5,3.5,13.0,9.0,0.0,8.5,2.3500000000000005,1.4500000000000002,1.9000000000000004,7.300000000000001,myopic_greedy,-1.1999999999999993,12.0,7.300000000000001,0.0
0.45,8.5,4.0,13.0,9.0,0.0,8.5,1.8500000000000005,0.9500000000000002,1.4000000000000004,6.800000000000001,myopic_greedy,-1.6999999999999993,12.5,6.800000000000001,0.0
0.45,9.0,0.0,13.0,9.0,0.0,9.0,5.8500000000000005,4.95,5.4,10.8,possibility_preserving,1.8000000000000007,9.0,10.8,1.0
0.45,9.0,0.5,13.0,9.0,0.0,9.0,5.3500000000000005,4.45,4.9,10.3,possibility_preserving,1.3000000000000007,9.5,10.3,1.0
0.45,9.0,1.0,13.0,9.0,0.0,9.0,4.8500000000000005,3.95,4.4,9.8,possibility_preserving,0.8000000000000007,10.0,9.8,1.0
0.45,9.0,1.5,13.0,9.0,0.0,9.0,4.3500000000000005,3.45,3.9000000000000004,9.3,possibility_preserving,0.3000000000000007,10.5,9.3,1.0
0.45,9.0,2.0,13.0,9.0,0.0,9.0,3.8500000000000005,2.95,3.4000000000000004,8.8,myopic_greedy,-0.1999999999999993,11.0,8.8,0.0
0.45,9.0,2.5,13.0,9.0,0.0,9.0,3.3500000000000005,2.45,2.9000000000000004,8.3,myopic_greedy,-0.6999999999999993,11.5,8.3,0.0
0.45,9.0,3.0,13.0,9.0,0.0,9.0,2.8500000000000005,1.9500000000000002,2.4000000000000004,7.800000000000001,myopic_greedy,-1.1999999999999993,12.0,7.800000000000001,0.0
0.45,9.0,3.5,13.0,9.0,0.0,9.0,2.3500000000000005,1.4500000000000002,1.9000000000000004,7.300000000000001,myopic_greedy,-1.6999999999999993,12.5,7.300000000000001,0.0
0.45,9.0,4.0,13.0,9.0,0.0,9.0,1.8500000000000005,0.9500000000000002,1.4000000000000004,6.800000000000001,myopic_greedy,-2.1999999999999993,13.0,6.800000000000001,0.0
0.45,9.5,0.0,13.0,9.0,0.0,9.5,5.8500000000000005,4.95,5.4,10.8,possibility_preserving,1.3000000000000007,9.5,10.8,1.0
0.45,9.5,0.5,13.0,9.0,0.0,9.5,5.3500000000000005,4.45,4.9,10.3,possibility_preserving,0.8000000000000007,10.0,10.3,1.0
0.45,9.5,1.0,13.0,9.0,0.0,9.5,4.8500000000000005,3.95,4.4,9.8,possibility_preserving,0.3000000000000007,10.5,9.8,1.0
0.45,9.5,1.5,13.0,9.0,0.0,9.5,4.3500000000000005,3.45,3.9000000000000004,9.3,myopic_greedy,-0.1999999999999993,11.0,9.3,0.0
0.45,9.5,2.0,13.0,9.0,0.0,9.5,3.8500000000000005,2.95,3.4000000000000004,8.8,myopic_greedy,-0.6999999999999993,11.5,8.8,0.0
0.45,9.5,2.5,13.0,9.0,0.0,9.5,3.3500000000000005,2.45,2.9000000000000004,8.3,myopic_greedy,-1.1999999999999993,12.0,8.3,0.0
0.45,9.5,3.0,13.0,9.0,0.0,9.5,2.8500000000000005,1.9500000000000002,2.4000000000000004,7.800000000000001,myopic_greedy,-1.6999999999999993,12.5,7.800000000000001,0.0
0.45,9.5,3.5,13.0,9.0,0.0,9.5,2.3500000000000005,1.4500000000000002,1.9000000000000004,7.300000000000001,myopic_greedy,-2.1999999999999993,13.0,7.300000000000001,0.0
0.45,9.5,4.0,13.0,9.0,0.0,9.5,1.8500000000000005,0.9500000000000002,1.4000000000000004,6.800000000000001,myopic_greedy,-2.6999999999999993,13.5,6.800000000000001,0.0
0.45,10.0,0.0,13.0,9.0,0.0,10.0,5.8500000000000005,4.95,5.4,10.8,possibility_preserving,0.8000000000000007,10.0,10.8,1.0
0.45,10.0,0.5,13.0,9.0,0.0,10.0,5.3500000000000005,4.45,4.9,10.3,possibility_preserving,0.3000000000000007,10.5,10.3,1.0
0.45,10.0,1.0,13.0,9.0,0.0,10.0,4.8500000000000005,3.95,4.4,9.8,myopic_greedy,-0.1999999999999993,11.0,9.8,0.0
0.45,10.0,1.5,13.0,9.0,0.0,10.0,4.3500000000000005,3.45,3.9000000000000004,9.3,myopic_greedy,-0.6999999999999993,11.5,9.3,0.0
0.45,10.0,2.0,13.0,9.0,0.0,10.0,3.8500000000000005,2.95,3.4000000000000004,8.8,myopic_greedy,-1.1999999999999993,12.0,8.8,0.0
0.45,10.0,2.5,13.0,9.0,0.0,10.0,3.3500000000000005,2.45,2.9000000000000004,8.3,myopic_greedy,-1.6999999999999993,12.5,8.3,0.0
0.45,10.0,3.0,13.0,9.0,0.0,10.0,2.8500000000000005,1.9500000000000002,2.4000000000000004,7.800000000000001,myopic_greedy,-2.1999999999999993,13.0,7.800000000000001,0.0
0.45,10.0,3.5,13.0,9.0,0.0,10.0,2.3500000000000005,1.4500000000000002,1.9000000000000004,7.300000000000001,myopic_greedy,-2.6999999999999993,13.5,7.300000000000001,0.0
0.45,10.0,4.0,13.0,9.0,0.0,10.0,1.8500000000000005,0.9500000000000002,1.4000000000000004,6.800000000000001,myopic_greedy,-3.1999999999999993,14.0,6.800000000000001,0.0
0.45,10.5,0.0,13.0,9.0,0.0,10.5,5.8500000000000005,4.95,5.4,10.8,possibility_preserving,0.3000000000000007,10.5,10.8,1.0
0.45,10.5,0.5,13.0,9.0,0.0,10.5,5.3500000000000005,4.45,4.9,10.3,myopic_greedy,-0.1999999999999993,11.0,10.3,0.0
0.45,10.5,1.0,13.0,9.0,0.0,10.5,4.8500000000000005,3.95,4.4,9.8,myopic_greedy,-0.6999999999999993,11.5,9.8,0.0
0.45,10.5,1.5,13.0,9.0,0.0,10.5,4.3500000000000005,3.45,3.9000000000000004,9.3,myopic_greedy,-1.1999999999999993,12.0,9.3,0.0
0.45,10.5,2.0,13.0,9.0,0.0,10.5,3.8500000000000005,2.95,3.4000000000000004,8.8,myopic_greedy,-1.6999999999999993,12.5,8.8,0.0
0.45,10.5,2.5,13.0,9.0,0.0,10.5,3.3500000000000005,2.45,2.9000000000000004,8.3,myopic_greedy,-2.1999999999999993,13.0,8.3,0.0
0.45,10.5,3.0,13.0,9.0,0.0,10.5,2.8500000000000005,1.9500000000000002,2.4000000000000004,7.800000000000001,myopic_greedy,-2.6999999999999993,13.5,7.800000000000001,0.0
0.45,10.5,3.5,13.0,9.0,0.0,10.5,2.3500000000000005,1.4500000000000002,1.9000000000000004,7.300000000000001,myopic_greedy,-3.1999999999999993,14.0,7.300000000000001,0.0
0.45,10.5,4.0,13.0,9.0,0.0,10.5,1.8500000000000005,0.9500000000000002,1.4000000000000004,6.800000000000001,myopic_greedy,-3.6999999999999993,14.5,6.800000000000001,0.0
0.45,11.0,0.0,13.0,9.0,0.0,11.0,5.8500000000000005,4.95,5.4,10.8,myopic_greedy,-0.1999999999999993,11.0,10.8,0.0
0.45,11.0,0.5,13.0,9.0,0.0,11.0,5.3500000000000005,4.45,4.9,10.3,myopic_greedy,-0.6999999999999993,11.5,10.3,0.0
0.45,11.0,1.0,13.0,9.0,0.0,11.0,4.8500000000000005,3.95,4.4,9.8,myopic_greedy,-1.1999999999999993,12.0,9.8,0.0
0.45,11.0,1.5,13.0,9.0,0.0,11.0,4.3500000000000005,3.45,3.9000000000000004,9.3,myopic_greedy,-1.6999999999999993,12.5,9.3,0.0
0.45,11.0,2.0,13.0,9.0,0.0,11.0,3.8500000000000005,2.95,3.4000000000000004,8.8,myopic_greedy,-2.1999999999999993,13.0,8.8,0.0
0.45,11.0,2.5,13.0,9.0,0.0,11.0,3.3500000000000005,2.45,2.9000000000000004,8.3,myopic_greedy,-2.6999999999999993,13.5,8.3,0.0
0.45,11.0,3.0,13.0,9.0,0.0,11.0,2.8500000000000005,1.9500000000000002,2.4000000000000004,7.800000000000001,myopic_greedy,-3.1999999999999993,14.0,7.800000000000001,0.0
0.45,11.0,3.5,13.0,9.0,0.0,11.0,2.3500000000000005,1.4500000000000002,1.9000000000000004,7.300000000000001,myopic_greedy,-3.6999999999999993,14.5,7.300000000000001,0.0
0.45,11.0,4.0,13.0,9.0,0.0,11.0,1.8500000000000005,0.9500000000000002,1.4000000000000004,6.800000000000001,myopic_greedy,-4.199999999999999,15.0,6.800000000000001,0.0
0.45,11.5,0.0,13.0,9.0,0.0,11.5,5.8500000000000005,4.95,5.4,10.8,myopic_greedy,-0.6999999999999993,11.5,10.8,0.0
0.45,11.5,0.5,13.0,9.0,0.0,11.5,5.3500000000000005,4.45,4.9,10.3,myopic_greedy,-1.1999999999999993,12.0,10.3,0.0
0.45,11.5,1.0,13.0,9.0,0.0,11.5,4.8500000000000005,3.95,4.4,9.8,myopic_greedy,-1.6999999999999993,12.5,9.8,0.0
0.45,11.5,1.5,13.0,9.0,0.0,11.5,4.3500000000000005,3.45,3.9000000000000004,9.3,myopic_greedy,-2.1999999999999993,13.0,9.3,0.0
0.45,11.5,2.0,13.0,9.0,0.0,11.5,3.8500000000000005,2.95,3.4000000000000004,8.8,myopic_greedy,-2.6999999999999993,13.5,8.8,0.0
0.45,11.5,2.5,13.0,9.0,0.0,11.5,3.3500000000000005,2.45,2.9000000000000004,8.3,myopic_greedy,-3.1999999999999993,14.0,8.3,0.0
0.45,11.5,3.0,13.0,9.0,0.0,11.5,2.8500000000000005,1.9500000000000002,2.4000000000000004,7.800000000000001,myopic_greedy,-3.6999999999999993,14.5,7.800000000000001,0.0
0.45,11.5,3.5,13.0,9.0,0.0,11.5,2.3500000000000005,1.4500000000000002,1.9000000000000004,7.300000000000001,myopic_greedy,-4.199999999999999,15.0,7.300000000000001,0.0
0.45,11.5,4.0,13.0,9.0,0.0,11.5,1.8500000000000005,0.9500000000000002,1.4000000000000004,6.800000000000001,myopic_greedy,-4.699999999999999,15.5,6.800000000000001,0.0
0.45,12.0,0.0,13.0,9.0,0.0,12.0,5.8500000000000005,4.95,5.4,10.8,myopic_greedy,-1.1999999999999993,12.0,10.8,0.0
0.45,12.0,0.5,13.0,9.0,0.0,12.0,5.3500000000000005,4.45,4.9,10.3,myopic_greedy,-1.6999999999999993,12.5,10.3,0.0
0.45,12.0,1.0,13.0,9.0,0.0,12.0,4.8500000000000005,3.95,4.4,9.8,myopic_greedy,-2.1999999999999993,13.0,9.8,0.0
0.45,12.0,1.5,13.0,9.0,0.0,12.0,4.3500000000000005,3.45,3.9000000000000004,9.3,myopic_greedy,-2.6999999999999993,13.5,9.3,0.0
0.45,12.0,2.0,13.0,9.0,0.0,12.0,3.8500000000000005,2.95,3.4000000000000004,8.8,myopic_greedy,-3.1999999999999993,14.0,8.8,0.0
0.45,12.0,2.5,13.0,9.0,0.0,12.0,3.3500000000000005,2.45,2.9000000000000004,8.3,myopic_greedy,-3.6999999999999993,14.5,8.3,0.0
0.45,12.0,3.0,13.0,9.0,0.0,12.0,2.8500000000000005,1.9500000000000002,2.4000000000000004,7.800000000000001,myopic_greedy,-4.199999999999999,15.0,7.800000000000001,0.0
0.45,12.0,3.5,13.0,9.0,0.0,12.0,2.3500000000000005,1.4500000000000002,1.9000000000000004,7.300000000000001,myopic_greedy,-4.699999999999999,15.5,7.300000000000001,0.0
0.45,12.0,4.0,13.0,9.0,0.0,12.0,1.8500000000000005,0.9500000000000002,1.4000000000000004,6.800000000000001,myopic_greedy,-5.199999999999999,16.0,6.800000000000001,0.0
0.45,12.5,0.0,13.0,9.0,0.0,12.5,5.8500000000000005,4.95,5.4,10.8,myopic_greedy,-1.6999999999999993,12.5,10.8,0.0
0.45,12.5,0.5,13.0,9.0,0.0,12.5,5.3500000000000005,4.45,4.9,10.3,myopic_greedy,-2.1999999999999993,13.0,10.3,0.0
0.45,12.5,1.0,13.0,9.0,0.0,12.5,4.8500000000000005,3.95,4.4,9.8,myopic_greedy,-2.6999999999999993,13.5,9.8,0.0
0.45,12.5,1.5,13.0,9.0,0.0,12.5,4.3500000000000005,3.45,3.9000000000000004,9.3,myopic_greedy,-3.1999999999999993,14.0,9.3,0.0
0.45,12.5,2.0,13.0,9.0,0.0,12.5,3.8500000000000005,2.95,3.4000000000000004,8.8,myopic_greedy,-3.6999999999999993,14.5,8.8,0.0
0.45,12.5,2.5,13.0,9.0,0.0,12.5,3.3500000000000005,2.45,2.9000000000000004,8.3,myopic_greedy,-4.199999999999999,15.0,8.3,0.0
0.45,12.5,3.0,13.0,9.0,0.0,12.5,2.8500000000000005,1.9500000000000002,2.4000000000000004,7.800000000000001,myopic_greedy,-4.699999999999999,15.5,7.800000000000001,0.0
0.45,12.5,3.5,13.0,9.0,0.0,12.5,2.3500000000000005,1.4500000000000002,1.9000000000000004,7.300000000000001,myopic_greedy,-5.199999999999999,16.0,7.300000000000001,0.0
0.45,12.5,4.0,13.0,9.0,0.0,12.5,1.8500000000000005,0.9500000000000002,1.4000000000000004,6.800000000000001,myopic_greedy,-5.699999999999999,16.5,6.800000000000001,0.0
0.45,13.0,0.0,13.0,9.0,0.0,13.0,5.8500000000000005,4.95,5.4,10.8,myopic_greedy,-2.1999999999999993,13.0,10.8,0.0
0.45,13.0,0.5,13.0,9.0,0.0,13.0,5.3500000000000005,4.45,4.9,10.3,myopic_greedy,-2.6999999999999993,13.5,10.3,0.0
0.45,13.0,1.0,13.0,9.0,0.0,13.0,4.8500000000000005,3.95,4.4,9.8,myopic_greedy,-3.1999999999999993,14.0,9.8,0.0
0.45,13.0,1.5,13.0,9.0,0.0,13.0,4.3500000000000005,3.45,3.9000000000000004,9.3,myopic_greedy,-3.6999999999999993,14.5,9.3,0.0
0.45,13.0,2.0,13.0,9.0,0.0,13.0,3.8500000000000005,2.95,3.4000000000000004,8.8,myopic_greedy,-4.199999999999999,15.0,8.8,0.0
0.45,13.0,2.5,13.0,9.0,0.0,13.0,3.3500000000000005,2.45,2.9000000000000004,8.3,myopic_greedy,-4.699999999999999,15.5,8.3,0.0
0.45,13.0,3.0,13.0,9.0,0.0,13.0,2.8500000000000005,1.9500000000000002,2.4000000000000004,7.800000000000001,myopic_greedy,-5.199999999999999,16.0,7.800000000000001,0.0
0.45,13.0,3.5,13.0,9.0,0.0,13.0,2.3500000000000005,1.4500000000000002,1.9000000000000004,7.300000000000001,myopic_greedy,-5.699999999999999,16.5,7.300000000000001,0.0
0.45,13.0,4.0,13.0,9.0,0.0,13.0,1.8500000000000005,0.9500000000000002,1.4000000000000004,6.800000000000001,myopic_greedy,-6.199999999999999,17.0,6.800000000000001,0.0
0.45,13.5,0.0,13.0,9.0,0.0,13.5,5.8500000000000005,4.95,5.4,10.8,myopic_greedy,-2.6999999999999993,13.5,10.8,0.0
0.45,13.5,0.5,13.0,9.0,0.0,13.5,5.3500000000000005,4.45,4.9,10.3,myopic_greedy,-3.1999999999999993,14.0,10.3,0.0
0.45,13.5,1.0,13.0,9.0,0.0,13.5,4.8500000000000005,3.95,4.4,9.8,myopic_greedy,-3.6999999999999993,14.5,9.8,0.0
0.45,13.5,1.5,13.0,9.0,0.0,13.5,4.3500000000000005,3.45,3.9000000000000004,9.3,myopic_greedy,-4.199999999999999,15.0,9.3,0.0
0.45,13.5,2.0,13.0,9.0,0.0,13.5,3.8500000000000005,2.95,3.4000000000000004,8.8,myopic_greedy,-4.699999999999999,15.5,8.8,0.0
0.45,13.5,2.5,13.0,9.0,0.0,13.5,3.3500000000000005,2.45,2.9000000000000004,8.3,myopic_greedy,-5.199999999999999,16.0,8.3,0.0
0.45,13.5,3.0,13.0,9.0,0.0,13.5,2.8500000000000005,1.9500000000000002,2.4000000000000004,7.800000000000001,myopic_greedy,-5.699999999999999,16.5,7.800000000000001,0.0
0.45,13.5,3.5,13.0,9.0,0.0,13.5,2.3500000000000005,1.4500000000000002,1.9000000000000004,7.300000000000001,myopic_greedy,-6.199999999999999,17.0,7.300000000000001,0.0
0.45,13.5,4.0,13.0,9.0,0.0,13.5,1.8500000000000005,0.9500000000000002,1.4000000000000004,6.800000000000001,myopic_greedy,-6.699999999999999,17.5,6.800000000000001,0.0
0.45,14.0,0.0,13.0,9.0,0.0,14.0,5.8500000000000005,4.95,5.4,10.8,myopic_greedy,-3.1999999999999993,14.0,10.8,0.0
0.45,14.0,0.5,13.0,9.0,0.0,14.0,5.3500000000000005,4.45,4.9,10.3,myopic_greedy,-3.6999999999999993,14.5,10.3,0.0
0.45,14.0,1.0,13.0,9.0,0.0,14.0,4.8500000000000005,3.95,4.4,9.8,myopic_greedy,-4.199999999999999,15.0,9.8,0.0
0.45,14.0,1.5,13.0,9.0,0.0,14.0,4.3500000000000005,3.45,3.9000000000000004,9.3,myopic_greedy,-4.699999999999999,15.5,9.3,0.0
0.45,14.0,2.0,13.0,9.0,0.0,14.0,3.8500000000000005,2.95,3.4000000000000004,8.8,myopic_greedy,-5.199999999999999,16.0,8.8,0.0
0.45,14.0,2.5,13.0,9.0,0.0,14.0,3.3500000000000005,2.45,2.9000000000000004,8.3,myopic_greedy,-5.699999999999999,16.5,8.3,0.0
0.45,14.0,3.0,13.0,9.0,0.0,14.0,2.8500000000000005,1.9500000000000002,2.4000000000000004,7.800000000000001,myopic_greedy,-6.199999999999999,17.0,7.800000000000001,0.0
0.45,14.0,3.5,13.0,9.0,0.0,14.0,2.3500000000000005,1.4500000000000002,1.9000000000000004,7.300000000000001,myopic_greedy,-6.699999999999999,17.5,7.300000000000001,0.0
0.45,14.0,4.0,13.0,9.0,0.0,14.0,1.8500000000000005,0.9500000000000002,1.4000000000000004,6.800000000000001,myopic_greedy,-7.199999999999999,18.0,6.800000000000001,0.0
0.45,14.5,0.0,13.0,9.0,0.0,14.5,5.8500000000000005,4.95,5.4,10.8,myopic_greedy,-3.6999999999999993,14.5,10.8,0.0
0.45,14.5,0.5,13.0,9.0,0.0,14.5,5.3500000000000005,4.45,4.9,10.3,myopic_greedy,-4.199999999999999,15.0,10.3,0.0
0.45,14.5,1.0,13.0,9.0,0.0,14.5,4.8500000000000005,3.95,4.4,9.8,myopic_greedy,-4.699999999999999,15.5,9.8,0.0
0.45,14.5,1.5,13.0,9.0,0.0,14.5,4.3500000000000005,3.45,3.9000000000000004,9.3,myopic_greedy,-5.199999999999999,16.0,9.3,0.0
0.45,14.5,2.0,13.0,9.0,0.0,14.5,3.8500000000000005,2.95,3.4000000000000004,8.8,myopic_greedy,-5.699999999999999,16.5,8.8,0.0
0.45,14.5,2.5,13.0,9.0,0.0,14.5,3.3500000000000005,2.45,2.9000000000000004,8.3,myopic_greedy,-6.199999999999999,17.0,8.3,0.0
0.45,14.5,3.0,13.0,9.0,0.0,14.5,2.8500000000000005,1.9500000000000002,2.4000000000000004,7.800000000000001,myopic_greedy,-6.699999999999999,17.5,7.800000000000001,0.0
0.45,14.5,3.5,13.0,9.0,0.0,14.5,2.3500000000000005,1.4500000000000002,1.9000000000000004,7.300000000000001,myopic_greedy,-7.199999999999999,18.0,7.300000000000001,0.0
0.45,14.5,4.0,13.0,9.0,0.0,14.5,1.8500000000000005,0.9500000000000002,1.4000000000000004,6.800000000000001,myopic_greedy,-7.699999999999999,18.5,6.800000000000001,0.0
0.45,15.0,0.0,13.0,9.0,0.0,15.0,5.8500000000000005,4.95,5.4,10.8,myopic_greedy,-4.199999999999999,15.0,10.8,0.0
0.45,15.0,0.5,13.0,9.0,0.0,15.0,5.3500000000000005,4.45,4.9,10.3,myopic_greedy,-4.699999999999999,15.5,10.3,0.0
0.45,15.0,1.0,13.0,9.0,0.0,15.0,4.8500000000000005,3.95,4.4,9.8,myopic_greedy,-5.199999999999999,16.0,9.8,0.0
0.45,15.0,1.5,13.0,9.0,0.0,15.0,4.3500000000000005,3.45,3.9000000000000004,9.3,myopic_greedy,-5.699999999999999,16.5,9.3,0.0
0.45,15.0,2.0,13.0,9.0,0.0,15.0,3.8500000000000005,2.95,3.4000000000000004,8.8,myopic_greedy,-6.199999999999999,17.0,8.8,0.0
0.45,15.0,2.5,13.0,9.0,0.0,15.0,3.3500000000000005,2.45,2.9000000000000004,8.3,myopic_greedy,-6.699999999999999,17.5,8.3,0.0
0.45,15.0,3.0,13.0,9.0,0.0,15.0,2.8500000000000005,1.9500000000000002,2.4000000000000004,7.800000000000001,myopic_greedy,-7.199999999999999,18.0,7.800000000000001,0.0
0.45,15.0,3.5,13.0,9.0,0.0,15.0,2.3500000000000005,1.4500000000000002,1.9000000000000004,7.300000000000001,myopic_greedy,-7.699999999999999,18.5,7.300000000000001,0.0
0.45,15.0,4.0,13.0,9.0,0.0,15.0,1.8500000000000005,0.9500000000000002,1.4000000000000004,6.800000000000001,myopic_greedy,-8.2,19.0,6.800000000000001,0.0
0.45,15.5,0.0,13.0,9.0,0.0,15.5,5.8500000000000005,4.95,5.4,10.8,myopic_greedy,-4.699999999999999,15.5,10.8,0.0
0.45,15.5,0.5,13.0,9.0,0.0,15.5,5.3500000000000005,4.45,4.9,10.3,myopic_greedy,-5.199999999999999,16.0,10.3,0.0
0.45,15.5,1.0,13.0,9.0,0.0,15.5,4.8500000000000005,3.95,4.4,9.8,myopic_greedy,-5.699999999999999,16.5,9.8,0.0
0.45,15.5,1.5,13.0,9.0,0.0,15.5,4.3500000000000005,3.45,3.9000000000000004,9.3,myopic_greedy,-6.199999999999999,17.0,9.3,0.0
0.45,15.5,2.0,13.0,9.0,0.0,15.5,3.8500000000000005,2.95,3.4000000000000004,8.8,myopic_greedy,-6.699999999999999,17.5,8.8,0.0
0.45,15.5,2.5,13.0,9.0,0.0,15.5,3.3500000000000005,2.45,2.9000000000000004,8.3,myopic_greedy,-7.199999999999999,18.0,8.3,0.0
0.45,15.5,3.0,13.0,9.0,0.0,15.5,2.8500000000000005,1.9500000000000002,2.4000000000000004,7.800000000000001,myopic_greedy,-7.699999999999999,18.5,7.800000000000001,0.0
0.45,15.5,3.5,13.0,9.0,0.0,15.5,2.3500000000000005,1.4500000000000002,1.9000000000000004,7.300000000000001,myopic_greedy,-8.2,19.0,7.300000000000001,0.0
0.45,15.5,4.0,13.0,9.0,0.0,15.5,1.8500000000000005,0.9500000000000002,1.4000000000000004,6.800000000000001,myopic_greedy,-8.7,19.5,6.800000000000001,0.0
0.45,16.0,0.0,13.0,9.0,0.0,16.0,5.8500000000000005,4.95,5.4,10.8,myopic_greedy,-5.199999999999999,16.0,10.8,0.0
0.45,16.0,0.5,13.0,9.0,0.0,16.0,5.3500000000000005,4.45,4.9,10.3,myopic_greedy,-5.699999999999999,16.5,10.3,0.0
0.45,16.0,1.0,13.0,9.0,0.0,16.0,4.8500000000000005,3.95,4.4,9.8,myopic_greedy,-6.199999999999999,17.0,9.8,0.0
0.45,16.0,1.5,13.0,9.0,0.0,16.0,4.3500000000000005,3.45,3.9000000000000004,9.3,myopic_greedy,-6.699999999999999,17.5,9.3,0.0
0.45,16.0,2.0,13.0,9.0,0.0,16.0,3.8500000000000005,2.95,3.4000000000000004,8.8,myopic_greedy,-7.199999999999999,18.0,8.8,0.0
0.45,16.0,2.5,13.0,9.0,0.0,16.0,3.3500000000000005,2.45,2.9000000000000004,8.3,myopic_greedy,-7.699999999999999,18.5,8.3,0.0
0.45,16.0,3.0,13.0,9.0,0.0,16.0,2.8500000000000005,1.9500000000000002,2.4000000000000004,7.800000000000001,myopic_greedy,-8.2,19.0,7.800000000000001,0.0
0.45,16.0,3.5,13.0,9.0,0.0,16.0,2.3500000000000005,1.4500000000000002,1.9000000000000004,7.300000000000001,myopic_greedy,-8.7,19.5,7.300000000000001,0.0
0.45,16.0,4.0,13.0,9.0,0.0,16.0,1.8500000000000005,0.9500000000000002,1.4000000000000004,6.800000000000001,myopic_greedy,-9.2,20.0,6.800000000000001,0.0
0.45,16.5,0.0,13.0,9.0,0.0,16.5,5.8500000000000005,4.95,5.4,10.8,myopic_greedy,-5.699999999999999,16.5,10.8,0.0
0.45,16.5,0.5,13.0,9.0,0.0,16.5,5.3500000000000005,4.45,4.9,10.3,myopic_greedy,-6.199999999999999,17.0,10.3,0.0
0.45,16.5,1.0,13.0,9.0,0.0,16.5,4.8500000000000005,3.95,4.4,9.8,myopic_greedy,-6.699999999999999,17.5,9.8,0.0
0.45,16.5,1.5,13.0,9.0,0.0,16.5,4.3500000000000005,3.45,3.9000000000000004,9.3,myopic_greedy,-7.199999999999999,18.0,9.3,0.0
0.45,16.5,2.0,13.0,9.0,0.0,16.5,3.8500000000000005,2.95,3.4000000000000004,8.8,myopic_greedy,-7.699999999999999,18.5,8.8,0.0
0.45,16.5,2.5,13.0,9.0,0.0,16.5,3.3500000000000005,2.45,2.9000000000000004,8.3,myopic_greedy,-8.2,19.0,8.3,0.0
0.45,16.5,3.0,13.0,9.0,0.0,16.5,2.8500000000000005,1.9500000000000002,2.4000000000000004,7.800000000000001,myopic_greedy,-8.7,19.5,7.800000000000001,0.0
0.45,16.5,3.5,13.0,9.0,0.0,16.5,2.3500000000000005,1.4500000000000002,1.9000000000000004,7.300000000000001,myopic_greedy,-9.2,20.0,7.300000000000001,0.0
0.45,16.5,4.0,13.0,9.0,0.0,16.5,1.8500000000000005,0.9500000000000002,1.4000000000000004,6.800000000000001,myopic_greedy,-9.7,20.5,6.800000000000001,0.0
0.45,17.0,0.0,13.0,9.0,0.0,17.0,5.8500000000000005,4.95,5.4,10.8,myopic_greedy,-6.199999999999999,17.0,10.8,0.0
0.45,17.0,0.5,13.0,9.0,0.0,17.0,5.3500000000000005,4.45,4.9,10.3,myopic_greedy,-6.699999999999999,17.5,10.3,0.0
0.45,17.0,1.0,13.0,9.0,0.0,17.0,4.8500000000000005,3.95,4.4,9.8,myopic_greedy,-7.199999999999999,18.0,9.8,0.0
0.45,17.0,1.5,13.0,9.0,0.0,17.0,4.3500000000000005,3.45,3.9000000000000004,9.3,myopic_greedy,-7.699999999999999,18.5,9.3,0.0
0.45,17.0,2.0,13.0,9.0,0.0,17.0,3.8500000000000005,2.95,3.4000000000000004,8.8,myopic_greedy,-8.2,19.0,8.8,0.0
0.45,17.0,2.5,13.0,9.0,0.0,17.0,3.3500000000000005,2.45,2.9000000000000004,8.3,myopic_greedy,-8.7,19.5,8.3,0.0
0.45,17.0,3.0,13.0,9.0,0.0,17.0,2.8500000000000005,1.9500000000000002,2.4000000000000004,7.800000000000001,myopic_greedy,-9.2,20.0,7.800000000000001,0.0
0.45,17.0,3.5,13.0,9.0,0.0,17.0,2.3500000000000005,1.4500000000000002,1.9000000000000004,7.300000000000001,myopic_greedy,-9.7,20.5,7.300000000000001,0.0
0.45,17.0,4.0,13.0,9.0,0.0,17.0,1.8500000000000005,0.9500000000000002,1.4000000000000004,6.800000000000001,myopic_greedy,-10.2,21.0,6.800000000000001,0.0
0.45,17.5,0.0,13.0,9.0,0.0,17.5,5.8500000000000005,4.95,5.4,10.8,myopic_greedy,-6.699999999999999,17.5,10.8,0.0
0.45,17.5,0.5,13.0,9.0,0.0,17.5,5.3500000000000005,4.45,4.9,10.3,myopic_greedy,-7.199999999999999,18.0,10.3,0.0
0.45,17.5,1.0,13.0,9.0,0.0,17.5,4.8500000000000005,3.95,4.4,9.8,myopic_greedy,-7.699999999999999,18.5,9.8,0.0
0.45,17.5,1.5,13.0,9.0,0.0,17.5,4.3500000000000005,3.45,3.9000000000000004,9.3,myopic_greedy,-8.2,19.0,9.3,0.0
0.45,17.5,2.0,13.0,9.0,0.0,17.5,3.8500000000000005,2.95,3.4000000000000004,8.8,myopic_greedy,-8.7,19.5,8.8,0.0
0.45,17.5,2.5,13.0,9.0,0.0,17.5,3.3500000000000005,2.45,2.9000000000000004,8.3,myopic_greedy,-9.2,20.0,8.3,0.0
0.45,17.5,3.0,13.0,9.0,0.0,17.5,2.8500000000000005,1.9500000000000002,2.4000000000000004,7.800000000000001,myopic_greedy,-9.7,20.5,7.800000000000001,0.0
0.45,17.5,3.5,13.0,9.0,0.0,17.5,2.3500000000000005,1.4500000000000002,1.9000000000000004,7.300000000000001,myopic_greedy,-10.2,21.0,7.300000000000001,0.0
0.45,17.5,4.0,13.0,9.0,0.0,17.5,1.8500000000000005,0.9500000000000002,1.4000000000000004,6.800000000000001,myopic_greedy,-10.7,21.5,6.800000000000001,0.0
0.45,18.0,0.0,13.0,9.0,0.0,18.0,5.8500000000000005,4.95,5.4,10.8,myopic_greedy,-7.199999999999999,18.0,10.8,0.0
0.45,18.0,0.5,13.0,9.0,0.0,18.0,5.3500000000000005,4.45,4.9,10.3,myopic_greedy,-7.699999999999999,18.5,10.3,0.0
0.45,18.0,1.0,13.0,9.0,0.0,18.0,4.8500000000000005,3.95,4.4,9.8,myopic_greedy,-8.2,19.0,9.8,0.0
0.45,18.0,1.5,13.0,9.0,0.0,18.0,4.3500000000000005,3.45,3.9000000000000004,9.3,myopic_greedy,-8.7,19.5,9.3,0.0
0.45,18.0,2.0,13.0,9.0,0.0,18.0,3.8500000000000005,2.95,3.4000000000000004,8.8,myopic_greedy,-9.2,20.0,8.8,0.0
0.45,18.0,2.5,13.0,9.0,0.0,18.0,3.3500000000000005,2.45,2.9000000000000004,8.3,myopic_greedy,-9.7,20.5,8.3,0.0
0.45,18.0,3.0,13.0,9.0,0.0,18.0,2.8500000000000005,1.9500000000000002,2.4000000000000004,7.800000000000001,myopic_greedy,-10.2,21.0,7.800000000000001,0.0
0.45,18.0,3.5,13.0,9.0,0.0,18.0,2.3500000000000005,1.4500000000000002,1.9000000000000004,7.300000000000001,myopic_greedy,-10.7,21.5,7.300000000000001,0.0
0.45,18.0,4.0,13.0,9.0,0.0,18.0,1.8500000000000005,0.9500000000000002,1.4000000000000004,6.800000000000001,myopic_greedy,-11.2,22.0,6.800000000000001,0.0
0.5,6.0,0.0,13.0,9.0,0.0,6.0,6.5,4.5,5.5,11.0,possibility_preserving,5.0,6.0,11.0,1.0
0.5,6.0,0.5,13.0,9.0,0.0,6.0,6.0,4.0,5.0,10.5,possibility_preserving,4.5,6.5,10.5,1.0
0.5,6.0,1.0,13.0,9.0,0.0,6.0,5.5,3.5,4.5,10.0,possibility_preserving,4.0,7.0,10.0,1.0
0.5,6.0,1.5,13.0,9.0,0.0,6.0,5.0,3.0,4.0,9.5,possibility_preserving,3.5,7.5,9.5,1.0
0.5,6.0,2.0,13.0,9.0,0.0,6.0,4.5,2.5,3.5,9.0,possibility_preserving,3.0,8.0,9.0,1.0
0.5,6.0,2.5,13.0,9.0,0.0,6.0,4.0,2.0,3.0,8.5,possibility_preserving,2.5,8.5,8.5,1.0
0.5,6.0,3.0,13.0,9.0,0.0,6.0,3.5,1.5,2.5,8.0,possibility_preserving,2.0,9.0,8.0,1.0
0.5,6.0,3.5,13.0,9.0,0.0,6.0,3.0,1.0,2.0,7.5,possibility_preserving,1.5,9.5,7.5,1.0
0.5,6.0,4.0,13.0,9.0,0.0,6.0,2.5,0.5,1.5,7.0,possibility_preserving,1.0,10.0,7.0,1.0
0.5,6.5,0.0,13.0,9.0,0.0,6.5,6.5,4.5,5.5,11.0,possibility_preserving,4.5,6.5,11.0,1.0
0.5,6.5,0.5,13.0,9.0,0.0,6.5,6.0,4.0,5.0,10.5,possibility_preserving,4.0,7.0,10.5,1.0
0.5,6.5,1.0,13.0,9.0,0.0,6.5,5.5,3.5,4.5,10.0,possibility_preserving,3.5,7.5,10.0,1.0
0.5,6.5,1.5,13.0,9.0,0.0,6.5,5.0,3.0,4.0,9.5,possibility_preserving,3.0,8.0,9.5,1.0
0.5,6.5,2.0,13.0,9.0,0.0,6.5,4.5,2.5,3.5,9.0,possibility_preserving,2.5,8.5,9.0,1.0
0.5,6.5,2.5,13.0,9.0,0.0,6.5,4.0,2.0,3.0,8.5,possibility_preserving,2.0,9.0,8.5,1.0
0.5,6.5,3.0,13.0,9.0,0.0,6.5,3.5,1.5,2.5,8.0,possibility_preserving,1.5,9.5,8.0,1.0
0.5,6.5,3.5,13.0,9.0,0.0,6.5,3.0,1.0,2.0,7.5,possibility_preserving,1.0,10.0,7.5,1.0
0.5,6.5,4.0,13.0,9.0,0.0,6.5,2.5,0.5,1.5,7.0,possibility_preserving,0.5,10.5,7.0,1.0
0.5,7.0,0.0,13.0,9.0,0.0,7.0,6.5,4.5,5.5,11.0,possibility_preserving,4.0,7.0,11.0,1.0
0.5,7.0,0.5,13.0,9.0,0.0,7.0,6.0,4.0,5.0,10.5,possibility_preserving,3.5,7.5,10.5,1.0
0.5,7.0,1.0,13.0,9.0,0.0,7.0,5.5,3.5,4.5,10.0,possibility_preserving,3.0,8.0,10.0,1.0
0.5,7.0,1.5,13.0,9.0,0.0,7.0,5.0,3.0,4.0,9.5,possibility_preserving,2.5,8.5,9.5,1.0
0.5,7.0,2.0,13.0,9.0,0.0,7.0,4.5,2.5,3.5,9.0,possibility_preserving,2.0,9.0,9.0,1.0
0.5,7.0,2.5,13.0,9.0,0.0,7.0,4.0,2.0,3.0,8.5,possibility_preserving,1.5,9.5,8.5,1.0
0.5,7.0,3.0,13.0,9.0,0.0,7.0,3.5,1.5,2.5,8.0,possibility_preserving,1.0,10.0,8.0,1.0
0.5,7.0,3.5,13.0,9.0,0.0,7.0,3.0,1.0,2.0,7.5,possibility_preserving,0.5,10.5,7.5,1.0
0.5,7.0,4.0,13.0,9.0,0.0,7.0,2.5,0.5,1.5,7.0,myopic_greedy,0.0,11.0,7.0,0.0
0.5,7.5,0.0,13.0,9.0,0.0,7.5,6.5,4.5,5.5,11.0,possibility_preserving,3.5,7.5,11.0,1.0
0.5,7.5,0.5,13.0,9.0,0.0,7.5,6.0,4.0,5.0,10.5,possibility_preserving,3.0,8.0,10.5,1.0
0.5,7.5,1.0,13.0,9.0,0.0,7.5,5.5,3.5,4.5,10.0,possibility_preserving,2.5,8.5,10.0,1.0
0.5,7.5,1.5,13.0,9.0,0.0,7.5,5.0,3.0,4.0,9.5,possibility_preserving,2.0,9.0,9.5,1.0
0.5,7.5,2.0,13.0,9.0,0.0,7.5,4.5,2.5,3.5,9.0,possibility_preserving,1.5,9.5,9.0,1.0
0.5,7.5,2.5,13.0,9.0,0.0,7.5,4.0,2.0,3.0,8.5,possibility_preserving,1.0,10.0,8.5,1.0
0.5,7.5,3.0,13.0,9.0,0.0,7.5,3.5,1.5,2.5,8.0,possibility_preserving,0.5,10.5,8.0,1.0
0.5,7.5,3.5,13.0,9.0,0.0,7.5,3.0,1.0,2.0,7.5,myopic_greedy,0.0,11.0,7.5,0.0
0.5,7.5,4.0,13.0,9.0,0.0,7.5,2.5,0.5,1.5,7.0,myopic_greedy,-0.5,11.5,7.0,0.0
0.5,8.0,0.0,13.0,9.0,0.0,8.0,6.5,4.5,5.5,11.0,possibility_preserving,3.0,8.0,11.0,1.0
0.5,8.0,0.5,13.0,9.0,0.0,8.0,6.0,4.0,5.0,10.5,possibility_preserving,2.5,8.5,10.5,1.0
0.5,8.0,1.0,13.0,9.0,0.0,8.0,5.5,3.5,4.5,10.0,possibility_preserving,2.0,9.0,10.0,1.0
0.5,8.0,1.5,13.0,9.0,0.0,8.0,5.0,3.0,4.0,9.5,possibility_preserving,1.5,9.5,9.5,1.0
0.5,8.0,2.0,13.0,9.0,0.0,8.0,4.5,2.5,3.5,9.0,possibility_preserving,1.0,10.0,9.0,1.0
0.5,8.0,2.5,13.0,9.0,0.0,8.0,4.0,2.0,3.0,8.5,possibility_preserving,0.5,10.5,8.5,1.0
0.5,8.0,3.0,13.0,9.0,0.0,8.0,3.5,1.5,2.5,8.0,myopic_greedy,0.0,11.0,8.0,0.0
0.5,8.0,3.5,13.0,9.0,0.0,8.0,3.0,1.0,2.0,7.5,myopic_greedy,-0.5,11.5,7.5,0.0
0.5,8.0,4.0,13.0,9.0,0.0,8.0,2.5,0.5,1.5,7.0,myopic_greedy,-1.0,12.0,7.0,0.0
0.5,8.5,0.0,13.0,9.0,0.0,8.5,6.5,4.5,5.5,11.0,possibility_preserving,2.5,8.5,11.0,1.0
0.5,8.5,0.5,13.0,9.0,0.0,8.5,6.0,4.0,5.0,10.5,possibility_preserving,2.0,9.0,10.5,1.0
0.5,8.5,1.0,13.0,9.0,0.0,8.5,5.5,3.5,4.5,10.0,possibility_preserving,1.5,9.5,10.0,1.0
0.5,8.5,1.5,13.0,9.0,0.0,8.5,5.0,3.0,4.0,9.5,possibility_preserving,1.0,10.0,9.5,1.0
0.5,8.5,2.0,13.0,9.0,0.0,8.5,4.5,2.5,3.5,9.0,possibility_preserving,0.5,10.5,9.0,1.0
0.5,8.5,2.5,13.0,9.0,0.0,8.5,4.0,2.0,3.0,8.5,myopic_greedy,0.0,11.0,8.5,0.0
0.5,8.5,3.0,13.0,9.0,0.0,8.5,3.5,1.5,2.5,8.0,myopic_greedy,-0.5,11.5,8.0,0.0
0.5,8.5,3.5,13.0,9.0,0.0,8.5,3.0,1.0,2.0,7.5,myopic_greedy,-1.0,12.0,7.5,0.0
0.5,8.5,4.0,13.0,9.0,0.0,8.5,2.5,0.5,1.5,7.0,myopic_greedy,-1.5,12.5,7.0,0.0
0.5,9.0,0.0,13.0,9.0,0.0,9.0,6.5,4.5,5.5,11.0,possibility_preserving,2.0,9.0,11.0,1.0
0.5,9.0,0.5,13.0,9.0,0.0,9.0,6.0,4.0,5.0,10.5,possibility_preserving,1.5,9.5,10.5,1.0
0.5,9.0,1.0,13.0,9.0,0.0,9.0,5.5,3.5,4.5,10.0,possibility_preserving,1.0,10.0,10.0,1.0
0.5,9.0,1.5,13.0,9.0,0.0,9.0,5.0,3.0,4.0,9.5,possibility_preserving,0.5,10.5,9.5,1.0
0.5,9.0,2.0,13.0,9.0,0.0,9.0,4.5,2.5,3.5,9.0,myopic_greedy,0.0,11.0,9.0,0.0
0.5,9.0,2.5,13.0,9.0,0.0,9.0,4.0,2.0,3.0,8.5,myopic_greedy,-0.5,11.5,8.5,0.0
0.5,9.0,3.0,13.0,9.0,0.0,9.0,3.5,1.5,2.5,8.0,myopic_greedy,-1.0,12.0,8.0,0.0
0.5,9.0,3.5,13.0,9.0,0.0,9.0,3.0,1.0,2.0,7.5,myopic_greedy,-1.5,12.5,7.5,0.0
0.5,9.0,4.0,13.0,9.0,0.0,9.0,2.5,0.5,1.5,7.0,myopic_greedy,-2.0,13.0,7.0,0.0
0.5,9.5,0.0,13.0,9.0,0.0,9.5,6.5,4.5,5.5,11.0,possibility_preserving,1.5,9.5,11.0,1.0
0.5,9.5,0.5,13.0,9.0,0.0,9.5,6.0,4.0,5.0,10.5,possibility_preserving,1.0,10.0,10.5,1.0
0.5,9.5,1.0,13.0,9.0,0.0,9.5,5.5,3.5,4.5,10.0,possibility_preserving,0.5,10.5,10.0,1.0
0.5,9.5,1.5,13.0,9.0,0.0,9.5,5.0,3.0,4.0,9.5,myopic_greedy,0.0,11.0,9.5,0.0
0.5,9.5,2.0,13.0,9.0,0.0,9.5,4.5,2.5,3.5,9.0,myopic_greedy,-0.5,11.5,9.0,0.0
0.5,9.5,2.5,13.0,9.0,0.0,9.5,4.0,2.0,3.0,8.5,myopic_greedy,-1.0,12.0,8.5,0.0
0.5,9.5,3.0,13.0,9.0,0.0,9.5,3.5,1.5,2.5,8.0,myopic_greedy,-1.5,12.5,8.0,0.0
0.5,9.5,3.5,13.0,9.0,0.0,9.5,3.0,1.0,2.0,7.5,myopic_greedy,-2.0,13.0,7.5,0.0
0.5,9.5,4.0,13.0,9.0,0.0,9.5,2.5,0.5,1.5,7.0,myopic_greedy,-2.5,13.5,7.0,0.0
0.5,10.0,0.0,13.0,9.0,0.0,10.0,6.5,4.5,5.5,11.0,possibility_preserving,1.0,10.0,11.0,1.0
0.5,10.0,0.5,13.0,9.0,0.0,10.0,6.0,4.0,5.0,10.5,possibility_preserving,0.5,10.5,10.5,1.0
0.5,10.0,1.0,13.0,9.0,0.0,10.0,5.5,3.5,4.5,10.0,myopic_greedy,0.0,11.0,10.0,0.0
0.5,10.0,1.5,13.0,9.0,0.0,10.0,5.0,3.0,4.0,9.5,myopic_greedy,-0.5,11.5,9.5,0.0
0.5,10.0,2.0,13.0,9.0,0.0,10.0,4.5,2.5,3.5,9.0,myopic_greedy,-1.0,12.0,9.0,0.0
0.5,10.0,2.5,13.0,9.0,0.0,10.0,4.0,2.0,3.0,8.5,myopic_greedy,-1.5,12.5,8.5,0.0
0.5,10.0,3.0,13.0,9.0,0.0,10.0,3.5,1.5,2.5,8.0,myopic_greedy,-2.0,13.0,8.0,0.0
0.5,10.0,3.5,13.0,9.0,0.0,10.0,3.0,1.0,2.0,7.5,myopic_greedy,-2.5,13.5,7.5,0.0
0.5,10.0,4.0,13.0,9.0,0.0,10.0,2.5,0.5,1.5,7.0,myopic_greedy,-3.0,14.0,7.0,0.0
0.5,10.5,0.0,13.0,9.0,0.0,10.5,6.5,4.5,5.5,11.0,possibility_preserving,0.5,10.5,11.0,1.0
0.5,10.5,0.5,13.0,9.0,0.0,10.5,6.0,4.0,5.0,10.5,myopic_greedy,0.0,11.0,10.5,0.0
0.5,10.5,1.0,13.0,9.0,0.0,10.5,5.5,3.5,4.5,10.0,myopic_greedy,-0.5,11.5,10.0,0.0
0.5,10.5,1.5,13.0,9.0,0.0,10.5,5.0,3.0,4.0,9.5,myopic_greedy,-1.0,12.0,9.5,0.0
0.5,10.5,2.0,13.0,9.0,0.0,10.5,4.5,2.5,3.5,9.0,myopic_greedy,-1.5,12.5,9.0,0.0
0.5,10.5,2.5,13.0,9.0,0.0,10.5,4.0,2.0,3.0,8.5,myopic_greedy,-2.0,13.0,8.5,0.0
0.5,10.5,3.0,13.0,9.0,0.0,10.5,3.5,1.5,2.5,8.0,myopic_greedy,-2.5,13.5,8.0,0.0
0.5,10.5,3.5,13.0,9.0,0.0,10.5,3.0,1.0,2.0,7.5,myopic_greedy,-3.0,14.0,7.5,0.0
0.5,10.5,4.0,13.0,9.0,0.0,10.5,2.5,0.5,1.5,7.0,myopic_greedy,-3.5,14.5,7.0,0.0
0.5,11.0,0.0,13.0,9.0,0.0,11.0,6.5,4.5,5.5,11.0,myopic_greedy,0.0,11.0,11.0,0.0
0.5,11.0,0.5,13.0,9.0,0.0,11.0,6.0,4.0,5.0,10.5,myopic_greedy,-0.5,11.5,10.5,0.0
0.5,11.0,1.0,13.0,9.0,0.0,11.0,5.5,3.5,4.5,10.0,myopic_greedy,-1.0,12.0,10.0,0.0
0.5,11.0,1.5,13.0,9.0,0.0,11.0,5.0,3.0,4.0,9.5,myopic_greedy,-1.5,12.5,9.5,0.0
0.5,11.0,2.0,13.0,9.0,0.0,11.0,4.5,2.5,3.5,9.0,myopic_greedy,-2.0,13.0,9.0,0.0
0.5,11.0,2.5,13.0,9.0,0.0,11.0,4.0,2.0,3.0,8.5,myopic_greedy,-2.5,13.5,8.5,0.0
0.5,11.0,3.0,13.0,9.0,0.0,11.0,3.5,1.5,2.5,8.0,myopic_greedy,-3.0,14.0,8.0,0.0
0.5,11.0,3.5,13.0,9.0,0.0,11.0,3.0,1.0,2.0,7.5,myopic_greedy,-3.5,14.5,7.5,0.0
0.5,11.0,4.0,13.0,9.0,0.0,11.0,2.5,0.5,1.5,7.0,myopic_greedy,-4.0,15.0,7.0,0.0
0.5,11.5,0.0,13.0,9.0,0.0,11.5,6.5,4.5,5.5,11.0,myopic_greedy,-0.5,11.5,11.0,0.0
0.5,11.5,0.5,13.0,9.0,0.0,11.5,6.0,4.0,5.0,10.5,myopic_greedy,-1.0,12.0,10.5,0.0
0.5,11.5,1.0,13.0,9.0,0.0,11.5,5.5,3.5,4.5,10.0,myopic_greedy,-1.5,12.5,10.0,0.0
0.5,11.5,1.5,13.0,9.0,0.0,11.5,5.0,3.0,4.0,9.5,myopic_greedy,-2.0,13.0,9.5,0.0
0.5,11.5,2.0,13.0,9.0,0.0,11.5,4.5,2.5,3.5,9.0,myopic_greedy,-2.5,13.5,9.0,0.0
0.5,11.5,2.5,13.0,9.0,0.0,11.5,4.0,2.0,3.0,8.5,myopic_greedy,-3.0,14.0,8.5,0.0
0.5,11.5,3.0,13.0,9.0,0.0,11.5,3.5,1.5,2.5,8.0,myopic_greedy,-3.5,14.5,8.0,0.0
0.5,11.5,3.5,13.0,9.0,0.0,11.5,3.0,1.0,2.0,7.5,myopic_greedy,-4.0,15.0,7.5,0.0
0.5,11.5,4.0,13.0,9.0,0.0,11.5,2.5,0.5,1.5,7.0,myopic_greedy,-4.5,15.5,7.0,0.0
0.5,12.0,0.0,13.0,9.0,0.0,12.0,6.5,4.5,5.5,11.0,myopic_greedy,-1.0,12.0,11.0,0.0
0.5,12.0,0.5,13.0,9.0,0.0,12.0,6.0,4.0,5.0,10.5,myopic_greedy,-1.5,12.5,10.5,0.0
0.5,12.0,1.0,13.0,9.0,0.0,12.0,5.5,3.5,4.5,10.0,myopic_greedy,-2.0,13.0,10.0,0.0
0.5,12.0,1.5,13.0,9.0,0.0,12.0,5.0,3.0,4.0,9.5,myopic_greedy,-2.5,13.5,9.5,0.0
0.5,12.0,2.0,13.0,9.0,0.0,12.0,4.5,2.5,3.5,9.0,myopic_greedy,-3.0,14.0,9.0,0.0
0.5,12.0,2.5,13.0,9.0,0.0,12.0,4.0,2.0,3.0,8.5,myopic_greedy,-3.5,14.5,8.5,0.0
0.5,12.0,3.0,13.0,9.0,0.0,12.0,3.5,1.5,2.5,8.0,myopic_greedy,-4.0,15.0,8.0,0.0
0.5,12.0,3.5,13.0,9.0,0.0,12.0,3.0,1.0,2.0,7.5,myopic_greedy,-4.5,15.5,7.5,0.0
0.5,12.0,4.0,13.0,9.0,0.0,12.0,2.5,0.5,1.5,7.0,myopic_greedy,-5.0,16.0,7.0,0.0
0.5,12.5,0.0,13.0,9.0,0.0,12.5,6.5,4.5,5.5,11.0,myopic_greedy,-1.5,12.5,11.0,0.0
0.5,12.5,0.5,13.0,9.0,0.0,12.5,6.0,4.0,5.0,10.5,myopic_greedy,-2.0,13.0,10.5,0.0
0.5,12.5,1.0,13.0,9.0,0.0,12.5,5.5,3.5,4.5,10.0,myopic_greedy,-2.5,13.5,10.0,0.0
0.5,12.5,1.5,13.0,9.0,0.0,12.5,5.0,3.0,4.0,9.5,myopic_greedy,-3.0,14.0,9.5,0.0
0.5,12.5,2.0,13.0,9.0,0.0,12.5,4.5,2.5,3.5,9.0,myopic_greedy,-3.5,14.5,9.0,0.0
0.5,12.5,2.5,13.0,9.0,0.0,12.5,4.0,2.0,3.0,8.5,myopic_greedy,-4.0,15.0,8.5,0.0
0.5,12.5,3.0,13.0,9.0,0.0,12.5,3.5,1.5,2.5,8.0,myopic_greedy,-4.5,15.5,8.0,0.0
0.5,12.5,3.5,13.0,9.0,0.0,12.5,3.0,1.0,2.0,7.5,myopic_greedy,-5.0,16.0,7.5,0.0
0.5,12.5,4.0,13.0,9.0,0.0,12.5,2.5,0.5,1.5,7.0,myopic_greedy,-5.5,16.5,7.0,0.0
0.5,13.0,0.0,13.0,9.0,0.0,13.0,6.5,4.5,5.5,11.0,myopic_greedy,-2.0,13.0,11.0,0.0
0.5,13.0,0.5,13.0,9.0,0.0,13.0,6.0,4.0,5.0,10.5,myopic_greedy,-2.5,13.5,10.5,0.0
0.5,13.0,1.0,13.0,9.0,0.0,13.0,5.5,3.5,4.5,10.0,myopic_greedy,-3.0,14.0,10.0,0.0
0.5,13.0,1.5,13.0,9.0,0.0,13.0,5.0,3.0,4.0,9.5,myopic_greedy,-3.5,14.5,9.5,0.0
0.5,13.0,2.0,13.0,9.0,0.0,13.0,4.5,2.5,3.5,9.0,myopic_greedy,-4.0,15.0,9.0,0.0
0.5,13.0,2.5,13.0,9.0,0.0,13.0,4.0,2.0,3.0,8.5,myopic_greedy,-4.5,15.5,8.5,0.0
0.5,13.0,3.0,13.0,9.0,0.0,13.0,3.5,1.5,2.5,8.0,myopic_greedy,-5.0,16.0,8.0,0.0
0.5,13.0,3.5,13.0,9.0,0.0,13.0,3.0,1.0,2.0,7.5,myopic_greedy,-5.5,16.5,7.5,0.0
0.5,13.0,4.0,13.0,9.0,0.0,13.0,2.5,0.5,1.5,7.0,myopic_greedy,-6.0,17.0,7.0,0.0
0.5,13.5,0.0,13.0,9.0,0.0,13.5,6.5,4.5,5.5,11.0,myopic_greedy,-2.5,13.5,11.0,0.0
0.5,13.5,0.5,13.0,9.0,0.0,13.5,6.0,4.0,5.0,10.5,myopic_greedy,-3.0,14.0,10.5,0.0
0.5,13.5,1.0,13.0,9.0,0.0,13.5,5.5,3.5,4.5,10.0,myopic_greedy,-3.5,14.5,10.0,0.0
0.5,13.5,1.5,13.0,9.0,0.0,13.5,5.0,3.0,4.0,9.5,myopic_greedy,-4.0,15.0,9.5,0.0
0.5,13.5,2.0,13.0,9.0,0.0,13.5,4.5,2.5,3.5,9.0,myopic_greedy,-4.5,15.5,9.0,0.0
0.5,13.5,2.5,13.0,9.0,0.0,13.5,4.0,2.0,3.0,8.5,myopic_greedy,-5.0,16.0,8.5,0.0
0.5,13.5,3.0,13.0,9.0,0.0,13.5,3.5,1.5,2.5,8.0,myopic_greedy,-5.5,16.5,8.0,0.0
0.5,13.5,3.5,13.0,9.0,0.0,13.5,3.0,1.0,2.0,7.5,myopic_greedy,-6.0,17.0,7.5,0.0
0.5,13.5,4.0,13.0,9.0,0.0,13.5,2.5,0.5,1.5,7.0,myopic_greedy,-6.5,17.5,7.0,0.0
0.5,14.0,0.0,13.0,9.0,0.0,14.0,6.5,4.5,5.5,11.0,myopic_greedy,-3.0,14.0,11.0,0.0
0.5,14.0,0.5,13.0,9.0,0.0,14.0,6.0,4.0,5.0,10.5,myopic_greedy,-3.5,14.5,10.5,0.0
0.5,14.0,1.0,13.0,9.0,0.0,14.0,5.5,3.5,4.5,10.0,myopic_greedy,-4.0,15.0,10.0,0.0
0.5,14.0,1.5,13.0,9.0,0.0,14.0,5.0,3.0,4.0,9.5,myopic_greedy,-4.5,15.5,9.5,0.0
0.5,14.0,2.0,13.0,9.0,0.0,14.0,4.5,2.5,3.5,9.0,myopic_greedy,-5.0,16.0,9.0,0.0
0.5,14.0,2.5,13.0,9.0,0.0,14.0,4.0,2.0,3.0,8.5,myopic_greedy,-5.5,16.5,8.5,0.0
0.5,14.0,3.0,13.0,9.0,0.0,14.0,3.5,1.5,2.5,8.0,myopic_greedy,-6.0,17.0,8.0,0.0
0.5,14.0,3.5,13.0,9.0,0.0,14.0,3.0,1.0,2.0,7.5,myopic_greedy,-6.5,17.5,7.5,0.0
0.5,14.0,4.0,13.0,9.0,0.0,14.0,2.5,0.5,1.5,7.0,myopic_greedy,-7.0,18.0,7.0,0.0
0.5,14.5,0.0,13.0,9.0,0.0,14.5,6.5,4.5,5.5,11.0,myopic_greedy,-3.5,14.5,11.0,0.0
0.5,14.5,0.5,13.0,9.0,0.0,14.5,6.0,4.0,5.0,10.5,myopic_greedy,-4.0,15.0,10.5,0.0
0.5,14.5,1.0,13.0,9.0,0.0,14.5,5.5,3.5,4.5,10.0,myopic_greedy,-4.5,15.5,10.0,0.0
0.5,14.5,1.5,13.0,9.0,0.0,14.5,5.0,3.0,4.0,9.5,myopic_greedy,-5.0,16.0,9.5,0.0
0.5,14.5,2.0,13.0,9.0,0.0,14.5,4.5,2.5,3.5,9.0,myopic_greedy,-5.5,16.5,9.0,0.0
0.5,14.5,2.5,13.0,9.0,0.0,14.5,4.0,2.0,3.0,8.5,myopic_greedy,-6.0,17.0,8.5,0.0
0.5,14.5,3.0,13.0,9.0,0.0,14.5,3.5,1.5,2.5,8.0,myopic_greedy,-6.5,17.5,8.0,0.0
0.5,14.5,3.5,13.0,9.0,0.0,14.5,3.0,1.0,2.0,7.5,myopic_greedy,-7.0,18.0,7.5,0.0
0.5,14.5,4.0,13.0,9.0,0.0,14.5,2.5,0.5,1.5,7.0,myopic_greedy,-7.5,18.5,7.0,0.0
0.5,15.0,0.0,13.0,9.0,0.0,15.0,6.5,4.5,5.5,11.0,myopic_greedy,-4.0,15.0,11.0,0.0
0.5,15.0,0.5,13.0,9.0,0.0,15.0,6.0,4.0,5.0,10.5,myopic_greedy,-4.5,15.5,10.5,0.0
0.5,15.0,1.0,13.0,9.0,0.0,15.0,5.5,3.5,4.5,10.0,myopic_greedy,-5.0,16.0,10.0,0.0
0.5,15.0,1.5,13.0,9.0,0.0,15.0,5.0,3.0,4.0,9.5,myopic_greedy,-5.5,16.5,9.5,0.0
0.5,15.0,2.0,13.0,9.0,0.0,15.0,4.5,2.5,3.5,9.0,myopic_greedy,-6.0,17.0,9.0,0.0
0.5,15.0,2.5,13.0,9.0,0.0,15.0,4.0,2.0,3.0,8.5,myopic_greedy,-6.5,17.5,8.5,0.0
0.5,15.0,3.0,13.0,9.0,0.0,15.0,3.5,1.5,2.5,8.0,myopic_greedy,-7.0,18.0,8.0,0.0
0.5,15.0,3.5,13.0,9.0,0.0,15.0,3.0,1.0,2.0,7.5,myopic_greedy,-7.5,18.5,7.5,0.0
0.5,15.0,4.0,13.0,9.0,0.0,15.0,2.5,0.5,1.5,7.0,myopic_greedy,-8.0,19.0,7.0,0.0
0.5,15.5,0.0,13.0,9.0,0.0,15.5,6.5,4.5,5.5,11.0,myopic_greedy,-4.5,15.5,11.0,0.0
0.5,15.5,0.5,13.0,9.0,0.0,15.5,6.0,4.0,5.0,10.5,myopic_greedy,-5.0,16.0,10.5,0.0
0.5,15.5,1.0,13.0,9.0,0.0,15.5,5.5,3.5,4.5,10.0,myopic_greedy,-5.5,16.5,10.0,0.0
0.5,15.5,1.5,13.0,9.0,0.0,15.5,5.0,3.0,4.0,9.5,myopic_greedy,-6.0,17.0,9.5,0.0
0.5,15.5,2.0,13.0,9.0,0.0,15.5,4.5,2.5,3.5,9.0,myopic_greedy,-6.5,17.5,9.0,0.0
0.5,15.5,2.5,13.0,9.0,0.0,15.5,4.0,2.0,3.0,8.5,myopic_greedy,-7.0,18.0,8.5,0.0
0.5,15.5,3.0,13.0,9.0,0.0,15.5,3.5,1.5,2.5,8.0,myopic_greedy,-7.5,18.5,8.0,0.0
0.5,15.5,3.5,13.0,9.0,0.0,15.5,3.0,1.0,2.0,7.5,myopic_greedy,-8.0,19.0,7.5,0.0
0.5,15.5,4.0,13.0,9.0,0.0,15.5,2.5,0.5,1.5,7.0,myopic_greedy,-8.5,19.5,7.0,0.0
0.5,16.0,0.0,13.0,9.0,0.0,16.0,6.5,4.5,5.5,11.0,myopic_greedy,-5.0,16.0,11.0,0.0
0.5,16.0,0.5,13.0,9.0,0.0,16.0,6.0,4.0,5.0,10.5,myopic_greedy,-5.5,16.5,10.5,0.0
0.5,16.0,1.0,13.0,9.0,0.0,16.0,5.5,3.5,4.5,10.0,myopic_greedy,-6.0,17.0,10.0,0.0
0.5,16.0,1.5,13.0,9.0,0.0,16.0,5.0,3.0,4.0,9.5,myopic_greedy,-6.5,17.5,9.5,0.0
0.5,16.0,2.0,13.0,9.0,0.0,16.0,4.5,2.5,3.5,9.0,myopic_greedy,-7.0,18.0,9.0,0.0
0.5,16.0,2.5,13.0,9.0,0.0,16.0,4.0,2.0,3.0,8.5,myopic_greedy,-7.5,18.5,8.5,0.0
0.5,16.0,3.0,13.0,9.0,0.0,16.0,3.5,1.5,2.5,8.0,myopic_greedy,-8.0,19.0,8.0,0.0
0.5,16.0,3.5,13.0,9.0,0.0,16.0,3.0,1.0,2.0,7.5,myopic_greedy,-8.5,19.5,7.5,0.0
0.5,16.0,4.0,13.0,9.0,0.0,16.0,2.5,0.5,1.5,7.0,myopic_greedy,-9.0,20.0,7.0,0.0
0.5,16.5,0.0,13.0,9.0,0.0,16.5,6.5,4.5,5.5,11.0,myopic_greedy,-5.5,16.5,11.0,0.0
0.5,16.5,0.5,13.0,9.0,0.0,16.5,6.0,4.0,5.0,10.5,myopic_greedy,-6.0,17.0,10.5,0.0
0.5,16.5,1.0,13.0,9.0,0.0,16.5,5.5,3.5,4.5,10.0,myopic_greedy,-6.5,17.5,10.0,0.0
0.5,16.5,1.5,13.0,9.0,0.0,16.5,5.0,3.0,4.0,9.5,myopic_greedy,-7.0,18.0,9.5,0.0
0.5,16.5,2.0,13.0,9.0,0.0,16.5,4.5,2.5,3.5,9.0,myopic_greedy,-7.5,18.5,9.0,0.0
0.5,16.5,2.5,13.0,9.0,0.0,16.5,4.0,2.0,3.0,8.5,myopic_greedy,-8.0,19.0,8.5,0.0
0.5,16.5,3.0,13.0,9.0,0.0,16.5,3.5,1.5,2.5,8.0,myopic_greedy,-8.5,19.5,8.0,0.0
0.5,16.5,3.5,13.0,9.0,0.0,16.5,3.0,1.0,2.0,7.5,myopic_greedy,-9.0,20.0,7.5,0.0
0.5,16.5,4.0,13.0,9.0,0.0,16.5,2.5,0.5,1.5,7.0,myopic_greedy,-9.5,20.5,7.0,0.0
0.5,17.0,0.0,13.0,9.0,0.0,17.0,6.5,4.5,5.5,11.0,myopic_greedy,-6.0,17.0,11.0,0.0
0.5,17.0,0.5,13.0,9.0,0.0,17.0,6.0,4.0,5.0,10.5,myopic_greedy,-6.5,17.5,10.5,0.0
0.5,17.0,1.0,13.0,9.0,0.0,17.0,5.5,3.5,4.5,10.0,myopic_greedy,-7.0,18.0,10.0,0.0
0.5,17.0,1.5,13.0,9.0,0.0,17.0,5.0,3.0,4.0,9.5,myopic_greedy,-7.5,18.5,9.5,0.0
0.5,17.0,2.0,13.0,9.0,0.0,17.0,4.5,2.5,3.5,9.0,myopic_greedy,-8.0,19.0,9.0,0.0
0.5,17.0,2.5,13.0,9.0,0.0,17.0,4.0,2.0,3.0,8.5,myopic_greedy,-8.5,19.5,8.5,0.0
0.5,17.0,3.0,13.0,9.0,0.0,17.0,3.5,1.5,2.5,8.0,myopic_greedy,-9.0,20.0,8.0,0.0
0.5,17.0,3.5,13.0,9.0,0.0,17.0,3.0,1.0,2.0,7.5,myopic_greedy,-9.5,20.5,7.5,0.0
0.5,17.0,4.0,13.0,9.0,0.0,17.0,2.5,0.5,1.5,7.0,myopic_greedy,-10.0,21.0,7.0,0.0
0.5,17.5,0.0,13.0,9.0,0.0,17.5,6.5,4.5,5.5,11.0,myopic_greedy,-6.5,17.5,11.0,0.0
0.5,17.5,0.5,13.0,9.0,0.0,17.5,6.0,4.0,5.0,10.5,myopic_greedy,-7.0,18.0,10.5,0.0
0.5,17.5,1.0,13.0,9.0,0.0,17.5,5.5,3.5,4.5,10.0,myopic_greedy,-7.5,18.5,10.0,0.0
0.5,17.5,1.5,13.0,9.0,0.0,17.5,5.0,3.0,4.0,9.5,myopic_greedy,-8.0,19.0,9.5,0.0
0.5,17.5,2.0,13.0,9.0,0.0,17.5,4.5,2.5,3.5,9.0,myopic_greedy,-8.5,19.5,9.0,0.0
0.5,17.5,2.5,13.0,9.0,0.0,17.5,4.0,2.0,3.0,8.5,myopic_greedy,-9.0,20.0,8.5,0.0
0.5,17.5,3.0,13.0,9.0,0.0,17.5,3.5,1.5,2.5,8.0,myopic_greedy,-9.5,20.5,8.0,0.0
0.5,17.5,3.5,13.0,9.0,0.0,17.5,3.0,1.0,2.0,7.5,myopic_greedy,-10.0,21.0,7.5,0.0
0.5,17.5,4.0,13.0,9.0,0.0,17.5,2.5,0.5,1.5,7.0,myopic_greedy,-10.5,21.5,7.0,0.0
0.5,18.0,0.0,13.0,9.0,0.0,18.0,6.5,4.5,5.5,11.0,myopic_greedy,-7.0,18.0,11.0,0.0
0.5,18.0,0.5,13.0,9.0,0.0,18.0,6.0,4.0,5.0,10.5,myopic_greedy,-7.5,18.5,10.5,0.0
0.5,18.0,1.0,13.0,9.0,0.0,18.0,5.5,3.5,4.5,10.0,myopic_greedy,-8.0,19.0,10.0,0.0
0.5,18.0,1.5,13.0,9.0,0.0,18.0,5.0,3.0,4.0,9.5,myopic_greedy,-8.5,19.5,9.5,0.0
0.5,18.0,2.0,13.0,9.0,0.0,18.0,4.5,2.5,3.5,9.0,myopic_greedy,-9.0,20.0,9.0,0.0
0.5,18.0,2.5,13.0,9.0,0.0,18.0,4.0,2.0,3.0,8.5,myopic_greedy,-9.5,20.5,8.5,0.0
0.5,18.0,3.0,13.0,9.0,0.0,18.0,3.5,1.5,2.5,8.0,myopic_greedy,-10.0,21.0,8.0,0.0
0.5,18.0,3.5,13.0,9.0,0.0,18.0,3.0,1.0,2.0,7.5,myopic_greedy,-10.5,21.5,7.5,0.0
0.5,18.0,4.0,13.0,9.0,0.0,18.0,2.5,0.5,1.5,7.0,myopic_greedy,-11.0,22.0,7.0,0.0
0.55,6.0,0.0,13.0,9.0,0.0,6.0,7.15,4.05,5.6,11.2,possibility_preserving,5.199999999999999,6.0,11.2,1.0
0.55,6.0,0.5,13.0,9.0,0.0,6.0,6.65,3.55,5.1,10.7,possibility_preserving,4.699999999999999,6.5,10.7,1.0
0.55,6.0,1.0,13.0,9.0,0.0,6.0,6.15,3.05,4.6,10.2,possibility_preserving,4.199999999999999,7.0,10.2,1.0
0.55,6.0,1.5,13.0,9.0,0.0,6.0,5.65,2.55,4.1,9.7,possibility_preserving,3.6999999999999993,7.5,9.7,1.0
0.55,6.0,2.0,13.0,9.0,0.0,6.0,5.15,2.05,3.6,9.2,possibility_preserving,3.1999999999999993,8.0,9.2,1.0
0.55,6.0,2.5,13.0,9.0,0.0,6.0,4.65,1.5499999999999998,3.1,8.7,possibility_preserving,2.6999999999999993,8.5,8.7,1.0
0.55,6.0,3.0,13.0,9.0,0.0,6.0,4.15,1.0499999999999998,2.6,8.2,possibility_preserving,2.1999999999999993,9.0,8.2,1.0
0.55,6.0,3.5,13.0,9.0,0.0,6.0,3.6500000000000004,0.5499999999999998,2.1,7.7,possibility_preserving,1.7000000000000002,9.5,7.7,1.0
0.55,6.0,4.0,13.0,9.0,0.0,6.0,3.1500000000000004,0.04999999999999982,1.6,7.2,possibility_preserving,1.2000000000000002,10.0,7.2,1.0
0.55,6.5,0.0,13.0,9.0,0.0,6.5,7.15,4.05,5.6,11.2,possibility_preserving,4.699999999999999,6.5,11.2,1.0
0.55,6.5,0.5,13.0,9.0,0.0,6.5,6.65,3.55,5.1,10.7,possibility_preserving,4.199999999999999,7.0,10.7,1.0
0.55,6.5,1.0,13.0,9.0,0.0,6.5,6.15,3.05,4.6,10.2,possibility_preserving,3.6999999999999993,7.5,10.2,1.0
0.55,6.5,1.5,13.0,9.0,0.0,6.5,5.65,2.55,4.1,9.7,possibility_preserving,3.1999999999999993,8.0,9.7,1.0
0.55,6.5,2.0,13.0,9.0,0.0,6.5,5.15,2.05,3.6,9.2,possibility_preserving,2.6999999999999993,8.5,9.2,1.0
0.55,6.5,2.5,13.0,9.0,0.0,6.5,4.65,1.5499999999999998,3.1,8.7,possibility_preserving,2.1999999999999993,9.0,8.7,1.0
0.55,6.5,3.0,13.0,9.0,0.0,6.5,4.15,1.0499999999999998,2.6,8.2,possibility_preserving,1.6999999999999993,9.5,8.2,1.0
0.55,6.5,3.5,13.0,9.0,0.0,6.5,3.6500000000000004,0.5499999999999998,2.1,7.7,possibility_preserving,1.2000000000000002,10.0,7.7,1.0
0.55,6.5,4.0,13.0,9.0,0.0,6.5,3.1500000000000004,0.04999999999999982,1.6,7.2,possibility_preserving,0.7000000000000002,10.5,7.2,1.0
0.55,7.0,0.0,13.0,9.0,0.0,7.0,7.15,4.05,5.6,11.2,possibility_preserving,4.199999999999999,7.0,11.2,1.0
0.55,7.0,0.5,13.0,9.0,0.0,7.0,6.65,3.55,5.1,10.7,possibility_preserving,3.6999999999999993,7.5,10.7,1.0
0.55,7.0,1.0,13.0,9.0,0.0,7.0,6.15,3.05,4.6,10.2,possibility_preserving,3.1999999999999993,8.0,10.2,1.0
0.55,7.0,1.5,13.0,9.0,0.0,7.0,5.65,2.55,4.1,9.7,possibility_preserving,2.6999999999999993,8.5,9.7,1.0
0.55,7.0,2.0,13.0,9.0,0.0,7.0,5.15,2.05,3.6,9.2,possibility_preserving,2.1999999999999993,9.0,9.2,1.0
0.55,7.0,2.5,13.0,9.0,0.0,7.0,4.65,1.5499999999999998,3.1,8.7,possibility_preserving,1.6999999999999993,9.5,8.7,1.0
0.55,7.0,3.0,13.0,9.0,0.0,7.0,4.15,1.0499999999999998,2.6,8.2,possibility_preserving,1.1999999999999993,10.0,8.2,1.0
0.55,7.0,3.5,13.0,9.0,0.0,7.0,3.6500000000000004,0.5499999999999998,2.1,7.7,possibility_preserving,0.7000000000000002,10.5,7.7,1.0
0.55,7.0,4.0,13.0,9.0,0.0,7.0,3.1500000000000004,0.04999999999999982,1.6,7.2,possibility_preserving,0.20000000000000018,11.0,7.2,1.0
0.55,7.5,0.0,13.0,9.0,0.0,7.5,7.15,4.05,5.6,11.2,possibility_preserving,3.6999999999999993,7.5,11.2,1.0
0.55,7.5,0.5,13.0,9.0,0.0,7.5,6.65,3.55,5.1,10.7,possibility_preserving,3.1999999999999993,8.0,10.7,1.0
0.55,7.5,1.0,13.0,9.0,0.0,7.5,6.15,3.05,4.6,10.2,possibility_preserving,2.6999999999999993,8.5,10.2,1.0
0.55,7.5,1.5,13.0,9.0,0.0,7.5,5.65,2.55,4.1,9.7,possibility_preserving,2.1999999999999993,9.0,9.7,1.0
0.55,7.5,2.0,13.0,9.0,0.0,7.5,5.15,2.05,3.6,9.2,possibility_preserving,1.6999999999999993,9.5,9.2,1.0
0.55,7.5,2.5,13.0,9.0,0.0,7.5,4.65,1.5499999999999998,3.1,8.7,possibility_preserving,1.1999999999999993,10.0,8.7,1.0
0.55,7.5,3.0,13.0,9.0,0.0,7.5,4.15,1.0499999999999998,2.6,8.2,possibility_preserving,0.6999999999999993,10.5,8.2,1.0
0.55,7.5,3.5,13.0,9.0,0.0,7.5,3.6500000000000004,0.5499999999999998,2.1,7.7,possibility_preserving,0.20000000000000018,11.0,7.7,1.0
0.55,7.5,4.0,13.0,9.0,0.0,7.5,3.1500000000000004,0.04999999999999982,1.6,7.2,myopic_greedy,-0.2999999999999998,11.5,7.2,0.0
0.55,8.0,0.0,13.0,9.0,0.0,8.0,7.15,4.05,5.6,11.2,possibility_preserving,3.1999999999999993,8.0,11.2,1.0
0.55,8.0,0.5,13.0,9.0,0.0,8.0,6.65,3.55,5.1,10.7,possibility_preserving,2.6999999999999993,8.5,10.7,1.0
0.55,8.0,1.0,13.0,9.0,0.0,8.0,6.15,3.05,4.6,10.2,possibility_preserving,2.1999999999999993,9.0,10.2,1.0
0.55,8.0,1.5,13.0,9.0,0.0,8.0,5.65,2.55,4.1,9.7,possibility_preserving,1.6999999999999993,9.5,9.7,1.0
0.55,8.0,2.0,13.0,9.0,0.0,8.0,5.15,2.05,3.6,9.2,possibility_preserving,1.1999999999999993,10.0,9.2,1.0
0.55,8.0,2.5,13.0,9.0,0.0,8.0,4.65,1.5499999999999998,3.1,8.7,possibility_preserving,0.6999999999999993,10.5,8.7,1.0
0.55,8.0,3.0,13.0,9.0,0.0,8.0,4.15,1.0499999999999998,2.6,8.2,possibility_preserving,0.1999999999999993,11.0,8.2,1.0
0.55,8.0,3.5,13.0,9.0,0.0,8.0,3.6500000000000004,0.5499999999999998,2.1,7.7,myopic_greedy,-0.2999999999999998,11.5,7.7,0.0
0.55,8.0,4.0,13.0,9.0,0.0,8.0,3.1500000000000004,0.04999999999999982,1.6,7.2,myopic_greedy,-0.7999999999999998,12.0,7.2,0.0
0.55,8.5,0.0,13.0,9.0,0.0,8.5,7.15,4.05,5.6,11.2,possibility_preserving,2.6999999999999993,8.5,11.2,1.0
0.55,8.5,0.5,13.0,9.0,0.0,8.5,6.65,3.55,5.1,10.7,possibility_preserving,2.1999999999999993,9.0,10.7,1.0
0.55,8.5,1.0,13.0,9.0,0.0,8.5,6.15,3.05,4.6,10.2,possibility_preserving,1.6999999999999993,9.5,10.2,1.0
0.55,8.5,1.5,13.0,9.0,0.0,8.5,5.65,2.55,4.1,9.7,possibility_preserving,1.1999999999999993,10.0,9.7,1.0
0.55,8.5,2.0,13.0,9.0,0.0,8.5,5.15,2.05,3.6,9.2,possibility_preserving,0.6999999999999993,10.5,9.2,1.0
0.55,8.5,2.5,13.0,9.0,0.0,8.5,4.65,1.5499999999999998,3.1,8.7,possibility_preserving,0.1999999999999993,11.0,8.7,1.0
0.55,8.5,3.0,13.0,9.0,0.0,8.5,4.15,1.0499999999999998,2.6,8.2,myopic_greedy,-0.3000000000000007,11.5,8.2,0.0
0.55,8.5,3.5,13.0,9.0,0.0,8.5,3.6500000000000004,0.5499999999999998,2.1,7.7,myopic_greedy,-0.7999999999999998,12.0,7.7,0.0
0.55,8.5,4.0,13.0,9.0,0.0,8.5,3.1500000000000004,0.04999999999999982,1.6,7.2,myopic_greedy,-1.2999999999999998,12.5,7.2,0.0
0.55,9.0,0.0,13.0,9.0,0.0,9.0,7.15,4.05,5.6,11.2,possibility_preserving,2.1999999999999993,9.0,11.2,1.0
0.55,9.0,0.5,13.0,9.0,0.0,9.0,6.65,3.55,5.1,10.7,possibility_preserving,1.6999999999999993,9.5,10.7,1.0
0.55,9.0,1.0,13.0,9.0,0.0,9.0,6.15,3.05,4.6,10.2,possibility_preserving,1.1999999999999993,10.0,10.2,1.0
0.55,9.0,1.5,13.0,9.0,0.0,9.0,5.65,2.55,4.1,9.7,possibility_preserving,0.6999999999999993,10.5,9.7,1.0
0.55,9.0,2.0,13.0,9.0,0.0,9.0,5.15,2.05,3.6,9.2,possibility_preserving,0.1999999999999993,11.0,9.2,1.0
0.55,9.0,2.5,13.0,9.0,0.0,9.0,4.65,1.5499999999999998,3.1,8.7,myopic_greedy,-0.3000000000000007,11.5,8.7,0.0
0.55,9.0,3.0,13.0,9.0,0.0,9.0,4.15,1.0499999999999998,2.6,8.2,myopic_greedy,-0.8000000000000007,12.0,8.2,0.0
0.55,9.0,3.5,13.0,9.0,0.0,9.0,3.6500000000000004,0.5499999999999998,2.1,7.7,myopic_greedy,-1.2999999999999998,12.5,7.7,0.0
0.55,9.0,4.0,13.0,9.0,0.0,9.0,3.1500000000000004,0.04999999999999982,1.6,7.2,myopic_greedy,-1.7999999999999998,13.0,7.2,0.0
0.55,9.5,0.0,13.0,9.0,0.0,9.5,7.15,4.05,5.6,11.2,possibility_preserving,1.6999999999999993,9.5,11.2,1.0
0.55,9.5,0.5,13.0,9.0,0.0,9.5,6.65,3.55,5.1,10.7,possibility_preserving,1.1999999999999993,10.0,10.7,1.0
0.55,9.5,1.0,13.0,9.0,0.0,9.5,6.15,3.05,4.6,10.2,possibility_preserving,0.6999999999999993,10.5,10.2,1.0
0.55,9.5,1.5,13.0,9.0,0.0,9.5,5.65,2.55,4.1,9.7,possibility_preserving,0.1999999999999993,11.0,9.7,1.0
0.55,9.5,2.0,13.0,9.0,0.0,9.5,5.15,2.05,3.6,9.2,myopic_greedy,-0.3000000000000007,11.5,9.2,0.0
0.55,9.5,2.5,13.0,9.0,0.0,9.5,4.65,1.5499999999999998,3.1,8.7,myopic_greedy,-0.8000000000000007,12.0,8.7,0.0
0.55,9.5,3.0,13.0,9.0,0.0,9.5,4.15,1.0499999999999998,2.6,8.2,myopic_greedy,-1.3000000000000007,12.5,8.2,0.0
0.55,9.5,3.5,13.0,9.0,0.0,9.5,3.6500000000000004,0.5499999999999998,2.1,7.7,myopic_greedy,-1.7999999999999998,13.0,7.7,0.0
0.55,9.5,4.0,13.0,9.0,0.0,9.5,3.1500000000000004,0.04999999999999982,1.6,7.2,myopic_greedy,-2.3,13.5,7.2,0.0
0.55,10.0,0.0,13.0,9.0,0.0,10.0,7.15,4.05,5.6,11.2,possibility_preserving,1.1999999999999993,10.0,11.2,1.0
0.55,10.0,0.5,13.0,9.0,0.0,10.0,6.65,3.55,5.1,10.7,possibility_preserving,0.6999999999999993,10.5,10.7,1.0
0.55,10.0,1.0,13.0,9.0,0.0,10.0,6.15,3.05,4.6,10.2,possibility_preserving,0.1999999999999993,11.0,10.2,1.0
0.55,10.0,1.5,13.0,9.0,0.0,10.0,5.65,2.55,4.1,9.7,myopic_greedy,-0.3000000000000007,11.5,9.7,0.0
0.55,10.0,2.0,13.0,9.0,0.0,10.0,5.15,2.05,3.6,9.2,myopic_greedy,-0.8000000000000007,12.0,9.2,0.0
0.55,10.0,2.5,13.0,9.0,0.0,10.0,4.65,1.5499999999999998,3.1,8.7,myopic_greedy,-1.3000000000000007,12.5,8.7,0.0
0.55,10.0,3.0,13.0,9.0,0.0,10.0,4.15,1.0499999999999998,2.6,8.2,myopic_greedy,-1.8000000000000007,13.0,8.2,0.0
0.55,10.0,3.5,13.0,9.0,0.0,10.0,3.6500000000000004,0.5499999999999998,2.1,7.7,myopic_greedy,-2.3,13.5,7.7,0.0
0.55,10.0,4.0,13.0,9.0,0.0,10.0,3.1500000000000004,0.04999999999999982,1.6,7.2,myopic_greedy,-2.8,14.0,7.2,0.0
0.55,10.5,0.0,13.0,9.0,0.0,10.5,7.15,4.05,5.6,11.2,possibility_preserving,0.6999999999999993,10.5,11.2,1.0
0.55,10.5,0.5,13.0,9.0,0.0,10.5,6.65,3.55,5.1,10.7,possibility_preserving,0.1999999999999993,11.0,10.7,1.0
0.55,10.5,1.0,13.0,9.0,0.0,10.5,6.15,3.05,4.6,10.2,myopic_greedy,-0.3000000000000007,11.5,10.2,0.0
0.55,10.5,1.5,13.0,9.0,0.0,10.5,5.65,2.55,4.1,9.7,myopic_greedy,-0.8000000000000007,12.0,9.7,0.0
0.55,10.5,2.0,13.0,9.0,0.0,10.5,5.15,2.05,3.6,9.2,myopic_greedy,-1.3000000000000007,12.5,9.2,0.0
0.55,10.5,2.5,13.0,9.0,0.0,10.5,4.65,1.5499999999999998,3.1,8.7,myopic_greedy,-1.8000000000000007,13.0,8.7,0.0
0.55,10.5,3.0,13.0,9.0,0.0,10.5,4.15,1.0499999999999998,2.6,8.2,myopic_greedy,-2.3000000000000007,13.5,8.2,0.0
0.55,10.5,3.5,13.0,9.0,0.0,10.5,3.6500000000000004,0.5499999999999998,2.1,7.7,myopic_greedy,-2.8,14.0,7.7,0.0
0.55,10.5,4.0,13.0,9.0,0.0,10.5,3.1500000000000004,0.04999999999999982,1.6,7.2,myopic_greedy,-3.3,14.5,7.2,0.0
0.55,11.0,0.0,13.0,9.0,0.0,11.0,7.15,4.05,5.6,11.2,possibility_preserving,0.1999999999999993,11.0,11.2,1.0
0.55,11.0,0.5,13.0,9.0,0.0,11.0,6.65,3.55,5.1,10.7,myopic_greedy,-0.3000000000000007,11.5,10.7,0.0
0.55,11.0,1.0,13.0,9.0,0.0,11.0,6.15,3.05,4.6,10.2,myopic_greedy,-0.8000000000000007,12.0,10.2,0.0
0.55,11.0,1.5,13.0,9.0,0.0,11.0,5.65,2.55,4.1,9.7,myopic_greedy,-1.3000000000000007,12.5,9.7,0.0
0.55,11.0,2.0,13.0,9.0,0.0,11.0,5.15,2.05,3.6,9.2,myopic_greedy,-1.8000000000000007,13.0,9.2,0.0
0.55,11.0,2.5,13.0,9.0,0.0,11.0,4.65,1.5499999999999998,3.1,8.7,myopic_greedy,-2.3000000000000007,13.5,8.7,0.0
0.55,11.0,3.0,13.0,9.0,0.0,11.0,4.15,1.0499999999999998,2.6,8.2,myopic_greedy,-2.8000000000000007,14.0,8.2,0.0
0.55,11.0,3.5,13.0,9.0,0.0,11.0,3.6500000000000004,0.5499999999999998,2.1,7.7,myopic_greedy,-3.3,14.5,7.7,0.0
0.55,11.0,4.0,13.0,9.0,0.0,11.0,3.1500000000000004,0.04999999999999982,1.6,7.2,myopic_greedy,-3.8,15.0,7.2,0.0
0.55,11.5,0.0,13.0,9.0,0.0,11.5,7.15,4.05,5.6,11.2,myopic_greedy,-0.3000000000000007,11.5,11.2,0.0
0.55,11.5,0.5,13.0,9.0,0.0,11.5,6.65,3.55,5.1,10.7,myopic_greedy,-0.8000000000000007,12.0,10.7,0.0
0.55,11.5,1.0,13.0,9.0,0.0,11.5,6.15,3.05,4.6,10.2,myopic_greedy,-1.3000000000000007,12.5,10.2,0.0
0.55,11.5,1.5,13.0,9.0,0.0,11.5,5.65,2.55,4.1,9.7,myopic_greedy,-1.8000000000000007,13.0,9.7,0.0
0.55,11.5,2.0,13.0,9.0,0.0,11.5,5.15,2.05,3.6,9.2,myopic_greedy,-2.3000000000000007,13.5,9.2,0.0
0.55,11.5,2.5,13.0,9.0,0.0,11.5,4.65,1.5499999999999998,3.1,8.7,myopic_greedy,-2.8000000000000007,14.0,8.7,0.0
0.55,11.5,3.0,13.0,9.0,0.0,11.5,4.15,1.0499999999999998,2.6,8.2,myopic_greedy,-3.3000000000000007,14.5,8.2,0.0
0.55,11.5,3.5,13.0,9.0,0.0,11.5,3.6500000000000004,0.5499999999999998,2.1,7.7,myopic_greedy,-3.8,15.0,7.7,0.0
0.55,11.5,4.0,13.0,9.0,0.0,11.5,3.1500000000000004,0.04999999999999982,1.6,7.2,myopic_greedy,-4.3,15.5,7.2,0.0
0.55,12.0,0.0,13.0,9.0,0.0,12.0,7.15,4.05,5.6,11.2,myopic_greedy,-0.8000000000000007,12.0,11.2,0.0
0.55,12.0,0.5,13.0,9.0,0.0,12.0,6.65,3.55,5.1,10.7,myopic_greedy,-1.3000000000000007,12.5,10.7,0.0
0.55,12.0,1.0,13.0,9.0,0.0,12.0,6.15,3.05,4.6,10.2,myopic_greedy,-1.8000000000000007,13.0,10.2,0.0
0.55,12.0,1.5,13.0,9.0,0.0,12.0,5.65,2.55,4.1,9.7,myopic_greedy,-2.3000000000000007,13.5,9.7,0.0
0.55,12.0,2.0,13.0,9.0,0.0,12.0,5.15,2.05,3.6,9.2,myopic_greedy,-2.8000000000000007,14.0,9.2,0.0
0.55,12.0,2.5,13.0,9.0,0.0,12.0,4.65,1.5499999999999998,3.1,8.7,myopic_greedy,-3.3000000000000007,14.5,8.7,0.0
0.55,12.0,3.0,13.0,9.0,0.0,12.0,4.15,1.0499999999999998,2.6,8.2,myopic_greedy,-3.8000000000000007,15.0,8.2,0.0
0.55,12.0,3.5,13.0,9.0,0.0,12.0,3.6500000000000004,0.5499999999999998,2.1,7.7,myopic_greedy,-4.3,15.5,7.7,0.0
0.55,12.0,4.0,13.0,9.0,0.0,12.0,3.1500000000000004,0.04999999999999982,1.6,7.2,myopic_greedy,-4.8,16.0,7.2,0.0
0.55,12.5,0.0,13.0,9.0,0.0,12.5,7.15,4.05,5.6,11.2,myopic_greedy,-1.3000000000000007,12.5,11.2,0.0
0.55,12.5,0.5,13.0,9.0,0.0,12.5,6.65,3.55,5.1,10.7,myopic_greedy,-1.8000000000000007,13.0,10.7,0.0
0.55,12.5,1.0,13.0,9.0,0.0,12.5,6.15,3.05,4.6,10.2,myopic_greedy,-2.3000000000000007,13.5,10.2,0.0
0.55,12.5,1.5,13.0,9.0,0.0,12.5,5.65,2.55,4.1,9.7,myopic_greedy,-2.8000000000000007,14.0,9.7,0.0
0.55,12.5,2.0,13.0,9.0,0.0,12.5,5.15,2.05,3.6,9.2,myopic_greedy,-3.3000000000000007,14.5,9.2,0.0
0.55,12.5,2.5,13.0,9.0,0.0,12.5,4.65,1.5499999999999998,3.1,8.7,myopic_greedy,-3.8000000000000007,15.0,8.7,0.0
0.55,12.5,3.0,13.0,9.0,0.0,12.5,4.15,1.0499999999999998,2.6,8.2,myopic_greedy,-4.300000000000001,15.5,8.2,0.0
0.55,12.5,3.5,13.0,9.0,0.0,12.5,3.6500000000000004,0.5499999999999998,2.1,7.7,myopic_greedy,-4.8,16.0,7.7,0.0
0.55,12.5,4.0,13.0,9.0,0.0,12.5,3.1500000000000004,0.04999999999999982,1.6,7.2,myopic_greedy,-5.3,16.5,7.2,0.0
0.55,13.0,0.0,13.0,9.0,0.0,13.0,7.15,4.05,5.6,11.2,myopic_greedy,-1.8000000000000007,13.0,11.2,0.0
0.55,13.0,0.5,13.0,9.0,0.0,13.0,6.65,3.55,5.1,10.7,myopic_greedy,-2.3000000000000007,13.5,10.7,0.0
0.55,13.0,1.0,13.0,9.0,0.0,13.0,6.15,3.05,4.6,10.2,myopic_greedy,-2.8000000000000007,14.0,10.2,0.0
0.55,13.0,1.5,13.0,9.0,0.0,13.0,5.65,2.55,4.1,9.7,myopic_greedy,-3.3000000000000007,14.5,9.7,0.0
0.55,13.0,2.0,13.0,9.0,0.0,13.0,5.15,2.05,3.6,9.2,myopic_greedy,-3.8000000000000007,15.0,9.2,0.0
0.55,13.0,2.5,13.0,9.0,0.0,13.0,4.65,1.5499999999999998,3.1,8.7,myopic_greedy,-4.300000000000001,15.5,8.7,0.0
0.55,13.0,3.0,13.0,9.0,0.0,13.0,4.15,1.0499999999999998,2.6,8.2,myopic_greedy,-4.800000000000001,16.0,8.2,0.0
0.55,13.0,3.5,13.0,9.0,0.0,13.0,3.6500000000000004,0.5499999999999998,2.1,7.7,myopic_greedy,-5.3,16.5,7.7,0.0
0.55,13.0,4.0,13.0,9.0,0.0,13.0,3.1500000000000004,0.04999999999999982,1.6,7.2,myopic_greedy,-5.8,17.0,7.2,0.0
0.55,13.5,0.0,13.0,9.0,0.0,13.5,7.15,4.05,5.6,11.2,myopic_greedy,-2.3000000000000007,13.5,11.2,0.0
0.55,13.5,0.5,13.0,9.0,0.0,13.5,6.65,3.55,5.1,10.7,myopic_greedy,-2.8000000000000007,14.0,10.7,0.0
0.55,13.5,1.0,13.0,9.0,0.0,13.5,6.15,3.05,4.6,10.2,myopic_greedy,-3.3000000000000007,14.5,10.2,0.0
0.55,13.5,1.5,13.0,9.0,0.0,13.5,5.65,2.55,4.1,9.7,myopic_greedy,-3.8000000000000007,15.0,9.7,0.0
0.55,13.5,2.0,13.0,9.0,0.0,13.5,5.15,2.05,3.6,9.2,myopic_greedy,-4.300000000000001,15.5,9.2,0.0
0.55,13.5,2.5,13.0,9.0,0.0,13.5,4.65,1.5499999999999998,3.1,8.7,myopic_greedy,-4.800000000000001,16.0,8.7,0.0
0.55,13.5,3.0,13.0,9.0,0.0,13.5,4.15,1.0499999999999998,2.6,8.2,myopic_greedy,-5.300000000000001,16.5,8.2,0.0
0.55,13.5,3.5,13.0,9.0,0.0,13.5,3.6500000000000004,0.5499999999999998,2.1,7.7,myopic_greedy,-5.8,17.0,7.7,0.0
0.55,13.5,4.0,13.0,9.0,0.0,13.5,3.1500000000000004,0.04999999999999982,1.6,7.2,myopic_greedy,-6.3,17.5,7.2,0.0
0.55,14.0,0.0,13.0,9.0,0.0,14.0,7.15,4.05,5.6,11.2,myopic_greedy,-2.8000000000000007,14.0,11.2,0.0
0.55,14.0,0.5,13.0,9.0,0.0,14.0,6.65,3.55,5.1,10.7,myopic_greedy,-3.3000000000000007,14.5,10.7,0.0
0.55,14.0,1.0,13.0,9.0,0.0,14.0,6.15,3.05,4.6,10.2,myopic_greedy,-3.8000000000000007,15.0,10.2,0.0
0.55,14.0,1.5,13.0,9.0,0.0,14.0,5.65,2.55,4.1,9.7,myopic_greedy,-4.300000000000001,15.5,9.7,0.0
0.55,14.0,2.0,13.0,9.0,0.0,14.0,5.15,2.05,3.6,9.2,myopic_greedy,-4.800000000000001,16.0,9.2,0.0
0.55,14.0,2.5,13.0,9.0,0.0,14.0,4.65,1.5499999999999998,3.1,8.7,myopic_greedy,-5.300000000000001,16.5,8.7,0.0
0.55,14.0,3.0,13.0,9.0,0.0,14.0,4.15,1.0499999999999998,2.6,8.2,myopic_greedy,-5.800000000000001,17.0,8.2,0.0
0.55,14.0,3.5,13.0,9.0,0.0,14.0,3.6500000000000004,0.5499999999999998,2.1,7.7,myopic_greedy,-6.3,17.5,7.7,0.0
0.55,14.0,4.0,13.0,9.0,0.0,14.0,3.1500000000000004,0.04999999999999982,1.6,7.2,myopic_greedy,-6.8,18.0,7.2,0.0
0.55,14.5,0.0,13.0,9.0,0.0,14.5,7.15,4.05,5.6,11.2,myopic_greedy,-3.3000000000000007,14.5,11.2,0.0
0.55,14.5,0.5,13.0,9.0,0.0,14.5,6.65,3.55,5.1,10.7,myopic_greedy,-3.8000000000000007,15.0,10.7,0.0
0.55,14.5,1.0,13.0,9.0,0.0,14.5,6.15,3.05,4.6,10.2,myopic_greedy,-4.300000000000001,15.5,10.2,0.0
0.55,14.5,1.5,13.0,9.0,0.0,14.5,5.65,2.55,4.1,9.7,myopic_greedy,-4.800000000000001,16.0,9.7,0.0
0.55,14.5,2.0,13.0,9.0,0.0,14.5,5.15,2.05,3.6,9.2,myopic_greedy,-5.300000000000001,16.5,9.2,0.0
0.55,14.5,2.5,13.0,9.0,0.0,14.5,4.65,1.5499999999999998,3.1,8.7,myopic_greedy,-5.800000000000001,17.0,8.7,0.0
0.55,14.5,3.0,13.0,9.0,0.0,14.5,4.15,1.0499999999999998,2.6,8.2,myopic_greedy,-6.300000000000001,17.5,8.2,0.0
0.55,14.5,3.5,13.0,9.0,0.0,14.5,3.6500000000000004,0.5499999999999998,2.1,7.7,myopic_greedy,-6.8,18.0,7.7,0.0
0.55,14.5,4.0,13.0,9.0,0.0,14.5,3.1500000000000004,0.04999999999999982,1.6,7.2,myopic_greedy,-7.3,18.5,7.2,0.0
0.55,15.0,0.0,13.0,9.0,0.0,15.0,7.15,4.05,5.6,11.2,myopic_greedy,-3.8000000000000007,15.0,11.2,0.0
0.55,15.0,0.5,13.0,9.0,0.0,15.0,6.65,3.55,5.1,10.7,myopic_greedy,-4.300000000000001,15.5,10.7,0.0
0.55,15.0,1.0,13.0,9.0,0.0,15.0,6.15,3.05,4.6,10.2,myopic_greedy,-4.800000000000001,16.0,10.2,0.0
0.55,15.0,1.5,13.0,9.0,0.0,15.0,5.65,2.55,4.1,9.7,myopic_greedy,-5.300000000000001,16.5,9.7,0.0
0.55,15.0,2.0,13.0,9.0,0.0,15.0,5.15,2.05,3.6,9.2,myopic_greedy,-5.800000000000001,17.0,9.2,0.0
0.55,15.0,2.5,13.0,9.0,0.0,15.0,4.65,1.5499999999999998,3.1,8.7,myopic_greedy,-6.300000000000001,17.5,8.7,0.0
0.55,15.0,3.0,13.0,9.0,0.0,15.0,4.15,1.0499999999999998,2.6,8.2,myopic_greedy,-6.800000000000001,18.0,8.2,0.0
0.55,15.0,3.5,13.0,9.0,0.0,15.0,3.6500000000000004,0.5499999999999998,2.1,7.7,myopic_greedy,-7.3,18.5,7.7,0.0
0.55,15.0,4.0,13.0,9.0,0.0,15.0,3.1500000000000004,0.04999999999999982,1.6,7.2,myopic_greedy,-7.8,19.0,7.2,0.0
0.55,15.5,0.0,13.0,9.0,0.0,15.5,7.15,4.05,5.6,11.2,myopic_greedy,-4.300000000000001,15.5,11.2,0.0
0.55,15.5,0.5,13.0,9.0,0.0,15.5,6.65,3.55,5.1,10.7,myopic_greedy,-4.800000000000001,16.0,10.7,0.0
0.55,15.5,1.0,13.0,9.0,0.0,15.5,6.15,3.05,4.6,10.2,myopic_greedy,-5.300000000000001,16.5,10.2,0.0
0.55,15.5,1.5,13.0,9.0,0.0,15.5,5.65,2.55,4.1,9.7,myopic_greedy,-5.800000000000001,17.0,9.7,0.0
0.55,15.5,2.0,13.0,9.0,0.0,15.5,5.15,2.05,3.6,9.2,myopic_greedy,-6.300000000000001,17.5,9.2,0.0
0.55,15.5,2.5,13.0,9.0,0.0,15.5,4.65,1.5499999999999998,3.1,8.7,myopic_greedy,-6.800000000000001,18.0,8.7,0.0
0.55,15.5,3.0,13.0,9.0,0.0,15.5,4.15,1.0499999999999998,2.6,8.2,myopic_greedy,-7.300000000000001,18.5,8.2,0.0
0.55,15.5,3.5,13.0,9.0,0.0,15.5,3.6500000000000004,0.5499999999999998,2.1,7.7,myopic_greedy,-7.8,19.0,7.7,0.0
0.55,15.5,4.0,13.0,9.0,0.0,15.5,3.1500000000000004,0.04999999999999982,1.6,7.2,myopic_greedy,-8.3,19.5,7.2,0.0
0.55,16.0,0.0,13.0,9.0,0.0,16.0,7.15,4.05,5.6,11.2,myopic_greedy,-4.800000000000001,16.0,11.2,0.0
0.55,16.0,0.5,13.0,9.0,0.0,16.0,6.65,3.55,5.1,10.7,myopic_greedy,-5.300000000000001,16.5,10.7,0.0
0.55,16.0,1.0,13.0,9.0,0.0,16.0,6.15,3.05,4.6,10.2,myopic_greedy,-5.800000000000001,17.0,10.2,0.0
0.55,16.0,1.5,13.0,9.0,0.0,16.0,5.65,2.55,4.1,9.7,myopic_greedy,-6.300000000000001,17.5,9.7,0.0
0.55,16.0,2.0,13.0,9.0,0.0,16.0,5.15,2.05,3.6,9.2,myopic_greedy,-6.800000000000001,18.0,9.2,0.0
0.55,16.0,2.5,13.0,9.0,0.0,16.0,4.65,1.5499999999999998,3.1,8.7,myopic_greedy,-7.300000000000001,18.5,8.7,0.0
0.55,16.0,3.0,13.0,9.0,0.0,16.0,4.15,1.0499999999999998,2.6,8.2,myopic_greedy,-7.800000000000001,19.0,8.2,0.0
0.55,16.0,3.5,13.0,9.0,0.0,16.0,3.6500000000000004,0.5499999999999998,2.1,7.7,myopic_greedy,-8.3,19.5,7.7,0.0
0.55,16.0,4.0,13.0,9.0,0.0,16.0,3.1500000000000004,0.04999999999999982,1.6,7.2,myopic_greedy,-8.8,20.0,7.2,0.0
0.55,16.5,0.0,13.0,9.0,0.0,16.5,7.15,4.05,5.6,11.2,myopic_greedy,-5.300000000000001,16.5,11.2,0.0
0.55,16.5,0.5,13.0,9.0,0.0,16.5,6.65,3.55,5.1,10.7,myopic_greedy,-5.800000000000001,17.0,10.7,0.0
0.55,16.5,1.0,13.0,9.0,0.0,16.5,6.15,3.05,4.6,10.2,myopic_greedy,-6.300000000000001,17.5,10.2,0.0
0.55,16.5,1.5,13.0,9.0,0.0,16.5,5.65,2.55,4.1,9.7,myopic_greedy,-6.800000000000001,18.0,9.7,0.0
0.55,16.5,2.0,13.0,9.0,0.0,16.5,5.15,2.05,3.6,9.2,myopic_greedy,-7.300000000000001,18.5,9.2,0.0
0.55,16.5,2.5,13.0,9.0,0.0,16.5,4.65,1.5499999999999998,3.1,8.7,myopic_greedy,-7.800000000000001,19.0,8.7,0.0
0.55,16.5,3.0,13.0,9.0,0.0,16.5,4.15,1.0499999999999998,2.6,8.2,myopic_greedy,-8.3,19.5,8.2,0.0
0.55,16.5,3.5,13.0,9.0,0.0,16.5,3.6500000000000004,0.5499999999999998,2.1,7.7,myopic_greedy,-8.8,20.0,7.7,0.0
0.55,16.5,4.0,13.0,9.0,0.0,16.5,3.1500000000000004,0.04999999999999982,1.6,7.2,myopic_greedy,-9.3,20.5,7.2,0.0
0.55,17.0,0.0,13.0,9.0,0.0,17.0,7.15,4.05,5.6,11.2,myopic_greedy,-5.800000000000001,17.0,11.2,0.0
0.55,17.0,0.5,13.0,9.0,0.0,17.0,6.65,3.55,5.1,10.7,myopic_greedy,-6.300000000000001,17.5,10.7,0.0
0.55,17.0,1.0,13.0,9.0,0.0,17.0,6.15,3.05,4.6,10.2,myopic_greedy,-6.800000000000001,18.0,10.2,0.0
0.55,17.0,1.5,13.0,9.0,0.0,17.0,5.65,2.55,4.1,9.7,myopic_greedy,-7.300000000000001,18.5,9.7,0.0
0.55,17.0,2.0,13.0,9.0,0.0,17.0,5.15,2.05,3.6,9.2,myopic_greedy,-7.800000000000001,19.0,9.2,0.0
0.55,17.0,2.5,13.0,9.0,0.0,17.0,4.65,1.5499999999999998,3.1,8.7,myopic_greedy,-8.3,19.5,8.7,0.0
0.55,17.0,3.0,13.0,9.0,0.0,17.0,4.15,1.0499999999999998,2.6,8.2,myopic_greedy,-8.8,20.0,8.2,0.0
0.55,17.0,3.5,13.0,9.0,0.0,17.0,3.6500000000000004,0.5499999999999998,2.1,7.7,myopic_greedy,-9.3,20.5,7.7,0.0
0.55,17.0,4.0,13.0,9.0,0.0,17.0,3.1500000000000004,0.04999999999999982,1.6,7.2,myopic_greedy,-9.8,21.0,7.2,0.0
0.55,17.5,0.0,13.0,9.0,0.0,17.5,7.15,4.05,5.6,11.2,myopic_greedy,-6.300000000000001,17.5,11.2,0.0
0.55,17.5,0.5,13.0,9.0,0.0,17.5,6.65,3.55,5.1,10.7,myopic_greedy,-6.800000000000001,18.0,10.7,0.0
0.55,17.5,1.0,13.0,9.0,0.0,17.5,6.15,3.05,4.6,10.2,myopic_greedy,-7.300000000000001,18.5,10.2,0.0
0.55,17.5,1.5,13.0,9.0,0.0,17.5,5.65,2.55,4.1,9.7,myopic_greedy,-7.800000000000001,19.0,9.7,0.0
0.55,17.5,2.0,13.0,9.0,0.0,17.5,5.15,2.05,3.6,9.2,myopic_greedy,-8.3,19.5,9.2,0.0
0.55,17.5,2.5,13.0,9.0,0.0,17.5,4.65,1.5499999999999998,3.1,8.7,myopic_greedy,-8.8,20.0,8.7,0.0
0.55,17.5,3.0,13.0,9.0,0.0,17.5,4.15,1.0499999999999998,2.6,8.2,myopic_greedy,-9.3,20.5,8.2,0.0
0.55,17.5,3.5,13.0,9.0,0.0,17.5,3.6500000000000004,0.5499999999999998,2.1,7.7,myopic_greedy,-9.8,21.0,7.7,0.0
0.55,17.5,4.0,13.0,9.0,0.0,17.5,3.1500000000000004,0.04999999999999982,1.6,7.2,myopic_greedy,-10.3,21.5,7.2,0.0
0.55,18.0,0.0,13.0,9.0,0.0,18.0,7.15,4.05,5.6,11.2,myopic_greedy,-6.800000000000001,18.0,11.2,0.0
0.55,18.0,0.5,13.0,9.0,0.0,18.0,6.65,3.55,5.1,10.7,myopic_greedy,-7.300000000000001,18.5,10.7,0.0
0.55,18.0,1.0,13.0,9.0,0.0,18.0,6.15,3.05,4.6,10.2,myopic_greedy,-7.800000000000001,19.0,10.2,0.0
0.55,18.0,1.5,13.0,9.0,0.0,18.0,5.65,2.55,4.1,9.7,myopic_greedy,-8.3,19.5,9.7,0.0
0.55,18.0,2.0,13.0,9.0,0.0,18.0,5.15,2.05,3.6,9.2,myopic_greedy,-8.8,20.0,9.2,0.0
0.55,18.0,2.5,13.0,9.0,0.0,18.0,4.65,1.5499999999999998,3.1,8.7,myopic_greedy,-9.3,20.5,8.7,0.0
0.55,18.0,3.0,13.0,9.0,0.0,18.0,4.15,1.0499999999999998,2.6,8.2,myopic_greedy,-9.8,21.0,8.2,0.0
0.55,18.0,3.5,13.0,9.0,0.0,18.0,3.6500000000000004,0.5499999999999998,2.1,7.7,myopic_greedy,-10.3,21.5,7.7,0.0
0.55,18.0,4.0,13.0,9.0,0.0,18.0,3.1500000000000004,0.04999999999999982,1.6,7.2,myopic_greedy,-10.8,22.0,7.2,0.0
0.6,6.0,0.0,13.0,9.0,0.0,6.0,7.8,3.6,5.7,11.4,possibility_preserving,5.4,6.0,11.4,1.0
0.6,6.0,0.5,13.0,9.0,0.0,6.0,7.3,3.1,5.2,10.9,possibility_preserving,4.9,6.5,10.9,1.0
0.6,6.0,1.0,13.0,9.0,0.0,6.0,6.8,2.6,4.7,10.4,possibility_preserving,4.4,7.0,10.4,1.0
0.6,6.0,1.5,13.0,9.0,0.0,6.0,6.3,2.1,4.2,9.9,possibility_preserving,3.9000000000000004,7.5,9.9,1.0
0.6,6.0,2.0,13.0,9.0,0.0,6.0,5.8,1.6,3.7,9.4,possibility_preserving,3.4000000000000004,8.0,9.4,1.0
0.6,6.0,2.5,13.0,9.0,0.0,6.0,5.3,1.1,3.2,8.9,possibility_preserving,2.9000000000000004,8.5,8.9,1.0
0.6,6.0,3.0,13.0,9.0,0.0,6.0,4.8,0.6000000000000001,2.7,8.4,possibility_preserving,2.4000000000000004,9.0,8.4,1.0
0.6,6.0,3.5,13.0,9.0,0.0,6.0,4.3,0.10000000000000009,2.2,7.9,possibility_preserving,1.9000000000000004,9.5,7.9,1.0
0.6,6.0,4.0,13.0,9.0,0.0,6.0,3.8,-0.3999999999999999,1.7,7.4,possibility_preserving,1.4000000000000004,10.0,7.4,1.0
0.6,6.5,0.0,13.0,9.0,0.0,6.5,7.8,3.6,5.7,11.4,possibility_preserving,4.9,6.5,11.4,1.0
0.6,6.5,0.5,13.0,9.0,0.0,6.5,7.3,3.1,5.2,10.9,possibility_preserving,4.4,7.0,10.9,1.0
0.6,6.5,1.0,13.0,9.0,0.0,6.5,6.8,2.6,4.7,10.4,possibility_preserving,3.9000000000000004,7.5,10.4,1.0
0.6,6.5,1.5,13.0,9.0,0.0,6.5,6.3,2.1,4.2,9.9,possibility_preserving,3.4000000000000004,8.0,9.9,1.0
0.6,6.5,2.0,13.0,9.0,0.0,6.5,5.8,1.6,3.7,9.4,possibility_preserving,2.9000000000000004,8.5,9.4,1.0
0.6,6.5,2.5,13.0,9.0,0.0,6.5,5.3,1.1,3.2,8.9,possibility_preserving,2.4000000000000004,9.0,8.9,1.0
0.6,6.5,3.0,13.0,9.0,0.0,6.5,4.8,0.6000000000000001,2.7,8.4,possibility_preserving,1.9000000000000004,9.5,8.4,1.0
0.6,6.5,3.5,13.0,9.0,0.0,6.5,4.3,0.10000000000000009,2.2,7.9,possibility_preserving,1.4000000000000004,10.0,7.9,1.0
0.6,6.5,4.0,13.0,9.0,0.0,6.5,3.8,-0.3999999999999999,1.7,7.4,possibility_preserving,0.9000000000000004,10.5,7.4,1.0
0.6,7.0,0.0,13.0,9.0,0.0,7.0,7.8,3.6,5.7,11.4,possibility_preserving,4.4,7.0,11.4,1.0
0.6,7.0,0.5,13.0,9.0,0.0,7.0,7.3,3.1,5.2,10.9,possibility_preserving,3.9000000000000004,7.5,10.9,1.0
0.6,7.0,1.0,13.0,9.0,0.0,7.0,6.8,2.6,4.7,10.4,possibility_preserving,3.4000000000000004,8.0,10.4,1.0
0.6,7.0,1.5,13.0,9.0,0.0,7.0,6.3,2.1,4.2,9.9,possibility_preserving,2.9000000000000004,8.5,9.9,1.0
0.6,7.0,2.0,13.0,9.0,0.0,7.0,5.8,1.6,3.7,9.4,possibility_preserving,2.4000000000000004,9.0,9.4,1.0
0.6,7.0,2.5,13.0,9.0,0.0,7.0,5.3,1.1,3.2,8.9,possibility_preserving,1.9000000000000004,9.5,8.9,1.0
0.6,7.0,3.0,13.0,9.0,0.0,7.0,4.8,0.6000000000000001,2.7,8.4,possibility_preserving,1.4000000000000004,10.0,8.4,1.0
0.6,7.0,3.5,13.0,9.0,0.0,7.0,4.3,0.10000000000000009,2.2,7.9,possibility_preserving,0.9000000000000004,10.5,7.9,1.0
0.6,7.0,4.0,13.0,9.0,0.0,7.0,3.8,-0.3999999999999999,1.7,7.4,possibility_preserving,0.40000000000000036,11.0,7.4,1.0
0.6,7.5,0.0,13.0,9.0,0.0,7.5,7.8,3.6,5.7,11.4,possibility_preserving,3.9000000000000004,7.5,11.4,1.0
0.6,7.5,0.5,13.0,9.0,0.0,7.5,7.3,3.1,5.2,10.9,possibility_preserving,3.4000000000000004,8.0,10.9,1.0
0.6,7.5,1.0,13.0,9.0,0.0,7.5,6.8,2.6,4.7,10.4,possibility_preserving,2.9000000000000004,8.5,10.4,1.0
0.6,7.5,1.5,13.0,9.0,0.0,7.5,6.3,2.1,4.2,9.9,possibility_preserving,2.4000000000000004,9.0,9.9,1.0
0.6,7.5,2.0,13.0,9.0,0.0,7.5,5.8,1.6,3.7,9.4,possibility_preserving,1.9000000000000004,9.5,9.4,1.0
0.6,7.5,2.5,13.0,9.0,0.0,7.5,5.3,1.1,3.2,8.9,possibility_preserving,1.4000000000000004,10.0,8.9,1.0
0.6,7.5,3.0,13.0,9.0,0.0,7.5,4.8,0.6000000000000001,2.7,8.4,possibility_preserving,0.9000000000000004,10.5,8.4,1.0
0.6,7.5,3.5,13.0,9.0,0.0,7.5,4.3,0.10000000000000009,2.2,7.9,possibility_preserving,0.40000000000000036,11.0,7.9,1.0
0.6,7.5,4.0,13.0,9.0,0.0,7.5,3.8,-0.3999999999999999,1.7,7.4,myopic_greedy,-0.09999999999999964,11.5,7.4,0.0
0.6,8.0,0.0,13.0,9.0,0.0,8.0,7.8,3.6,5.7,11.4,possibility_preserving,3.4000000000000004,8.0,11.4,1.0
0.6,8.0,0.5,13.0,9.0,0.0,8.0,7.3,3.1,5.2,10.9,possibility_preserving,2.9000000000000004,8.5,10.9,1.0
0.6,8.0,1.0,13.0,9.0,0.0,8.0,6.8,2.6,4.7,10.4,possibility_preserving,2.4000000000000004,9.0,10.4,1.0
0.6,8.0,1.5,13.0,9.0,0.0,8.0,6.3,2.1,4.2,9.9,possibility_preserving,1.9000000000000004,9.5,9.9,1.0
0.6,8.0,2.0,13.0,9.0,0.0,8.0,5.8,1.6,3.7,9.4,possibility_preserving,1.4000000000000004,10.0,9.4,1.0
0.6,8.0,2.5,13.0,9.0,0.0,8.0,5.3,1.1,3.2,8.9,possibility_preserving,0.9000000000000004,10.5,8.9,1.0
0.6,8.0,3.0,13.0,9.0,0.0,8.0,4.8,0.6000000000000001,2.7,8.4,possibility_preserving,0.40000000000000036,11.0,8.4,1.0
0.6,8.0,3.5,13.0,9.0,0.0,8.0,4.3,0.10000000000000009,2.2,7.9,myopic_greedy,-0.09999999999999964,11.5,7.9,0.0
0.6,8.0,4.0,13.0,9.0,0.0,8.0,3.8,-0.3999999999999999,1.7,7.4,myopic_greedy,-0.5999999999999996,12.0,7.4,0.0
0.6,8.5,0.0,13.0,9.0,0.0,8.5,7.8,3.6,5.7,11.4,possibility_preserving,2.9000000000000004,8.5,11.4,1.0
0.6,8.5,0.5,13.0,9.0,0.0,8.5,7.3,3.1,5.2,10.9,possibility_preserving,2.4000000000000004,9.0,10.9,1.0
0.6,8.5,1.0,13.0,9.0,0.0,8.5,6.8,2.6,4.7,10.4,possibility_preserving,1.9000000000000004,9.5,10.4,1.0
0.6,8.5,1.5,13.0,9.0,0.0,8.5,6.3,2.1,4.2,9.9,possibility_preserving,1.4000000000000004,10.0,9.9,1.0
0.6,8.5,2.0,13.0,9.0,0.0,8.5,5.8,1.6,3.7,9.4,possibility_preserving,0.9000000000000004,10.5,9.4,1.0
0.6,8.5,2.5,13.0,9.0,0.0,8.5,5.3,1.1,3.2,8.9,possibility_preserving,0.40000000000000036,11.0,8.9,1.0
0.6,8.5,3.0,13.0,9.0,0.0,8.5,4.8,0.6000000000000001,2.7,8.4,myopic_greedy,-0.09999999999999964,11.5,8.4,0.0
0.6,8.5,3.5,13.0,9.0,0.0,8.5,4.3,0.10000000000000009,2.2,7.9,myopic_greedy,-0.5999999999999996,12.0,7.9,0.0
0.6,8.5,4.0,13.0,9.0,0.0,8.5,3.8,-0.3999999999999999,1.7,7.4,myopic_greedy,-1.0999999999999996,12.5,7.4,0.0
0.6,9.0,0.0,13.0,9.0,0.0,9.0,7.8,3.6,5.7,11.4,possibility_preserving,2.4000000000000004,9.0,11.4,1.0
0.6,9.0,0.5,13.0,9.0,0.0,9.0,7.3,3.1,5.2,10.9,possibility_preserving,1.9000000000000004,9.5,10.9,1.0
0.6,9.0,1.0,13.0,9.0,0.0,9.0,6.8,2.6,4.7,10.4,possibility_preserving,1.4000000000000004,10.0,10.4,1.0
0.6,9.0,1.5,13.0,9.0,0.0,9.0,6.3,2.1,4.2,9.9,possibility_preserving,0.9000000000000004,10.5,9.9,1.0
0.6,9.0,2.0,13.0,9.0,0.0,9.0,5.8,1.6,3.7,9.4,possibility_preserving,0.40000000000000036,11.0,9.4,1.0
0.6,9.0,2.5,13.0,9.0,0.0,9.0,5.3,1.1,3.2,8.9,myopic_greedy,-0.09999999999999964,11.5,8.9,0.0
0.6,9.0,3.0,13.0,9.0,0.0,9.0,4.8,0.6000000000000001,2.7,8.4,myopic_greedy,-0.5999999999999996,12.0,8.4,0.0
0.6,9.0,3.5,13.0,9.0,0.0,9.0,4.3,0.10000000000000009,2.2,7.9,myopic_greedy,-1.0999999999999996,12.5,7.9,0.0
0.6,9.0,4.0,13.0,9.0,0.0,9.0,3.8,-0.3999999999999999,1.7,7.4,myopic_greedy,-1.5999999999999996,13.0,7.4,0.0
0.6,9.5,0.0,13.0,9.0,0.0,9.5,7.8,3.6,5.7,11.4,possibility_preserving,1.9000000000000004,9.5,11.4,1.0
0.6,9.5,0.5,13.0,9.0,0.0,9.5,7.3,3.1,5.2,10.9,possibility_preserving,1.4000000000000004,10.0,10.9,1.0
0.6,9.5,1.0,13.0,9.0,0.0,9.5,6.8,2.6,4.7,10.4,possibility_preserving,0.9000000000000004,10.5,10.4,1.0
0.6,9.5,1.5,13.0,9.0,0.0,9.5,6.3,2.1,4.2,9.9,possibility_preserving,0.40000000000000036,11.0,9.9,1.0
0.6,9.5,2.0,13.0,9.0,0.0,9.5,5.8,1.6,3.7,9.4,myopic_greedy,-0.09999999999999964,11.5,9.4,0.0
0.6,9.5,2.5,13.0,9.0,0.0,9.5,5.3,1.1,3.2,8.9,myopic_greedy,-0.5999999999999996,12.0,8.9,0.0
0.6,9.5,3.0,13.0,9.0,0.0,9.5,4.8,0.6000000000000001,2.7,8.4,myopic_greedy,-1.0999999999999996,12.5,8.4,0.0
0.6,9.5,3.5,13.0,9.0,0.0,9.5,4.3,0.10000000000000009,2.2,7.9,myopic_greedy,-1.5999999999999996,13.0,7.9,0.0
0.6,9.5,4.0,13.0,9.0,0.0,9.5,3.8,-0.3999999999999999,1.7,7.4,myopic_greedy,-2.0999999999999996,13.5,7.4,0.0
0.6,10.0,0.0,13.0,9.0,0.0,10.0,7.8,3.6,5.7,11.4,possibility_preserving,1.4000000000000004,10.0,11.4,1.0
0.6,10.0,0.5,13.0,9.0,0.0,10.0,7.3,3.1,5.2,10.9,possibility_preserving,0.9000000000000004,10.5,10.9,1.0
0.6,10.0,1.0,13.0,9.0,0.0,10.0,6.8,2.6,4.7,10.4,possibility_preserving,0.40000000000000036,11.0,10.4,1.0
0.6,10.0,1.5,13.0,9.0,0.0,10.0,6.3,2.1,4.2,9.9,myopic_greedy,-0.09999999999999964,11.5,9.9,0.0
0.6,10.0,2.0,13.0,9.0,0.0,10.0,5.8,1.6,3.7,9.4,myopic_greedy,-0.5999999999999996,12.0,9.4,0.0
0.6,10.0,2.5,13.0,9.0,0.0,10.0,5.3,1.1,3.2,8.9,myopic_greedy,-1.0999999999999996,12.5,8.9,0.0
0.6,10.0,3.0,13.0,9.0,0.0,10.0,4.8,0.6000000000000001,2.7,8.4,myopic_greedy,-1.5999999999999996,13.0,8.4,0.0
0.6,10.0,3.5,13.0,9.0,0.0,10.0,4.3,0.10000000000000009,2.2,7.9,myopic_greedy,-2.0999999999999996,13.5,7.9,0.0
0.6,10.0,4.0,13.0,9.0,0.0,10.0,3.8,-0.3999999999999999,1.7,7.4,myopic_greedy,-2.5999999999999996,14.0,7.4,0.0
0.6,10.5,0.0,13.0,9.0,0.0,10.5,7.8,3.6,5.7,11.4,possibility_preserving,0.9000000000000004,10.5,11.4,1.0
0.6,10.5,0.5,13.0,9.0,0.0,10.5,7.3,3.1,5.2,10.9,possibility_preserving,0.40000000000000036,11.0,10.9,1.0
0.6,10.5,1.0,13.0,9.0,0.0,10.5,6.8,2.6,4.7,10.4,myopic_greedy,-0.09999999999999964,11.5,10.4,0.0
0.6,10.5,1.5,13.0,9.0,0.0,10.5,6.3,2.1,4.2,9.9,myopic_greedy,-0.5999999999999996,12.0,9.9,0.0
0.6,10.5,2.0,13.0,9.0,0.0,10.5,5.8,1.6,3.7,9.4,myopic_greedy,-1.0999999999999996,12.5,9.4,0.0
0.6,10.5,2.5,13.0,9.0,0.0,10.5,5.3,1.1,3.2,8.9,myopic_greedy,-1.5999999999999996,13.0,8.9,0.0
0.6,10.5,3.0,13.0,9.0,0.0,10.5,4.8,0.6000000000000001,2.7,8.4,myopic_greedy,-2.0999999999999996,13.5,8.4,0.0
0.6,10.5,3.5,13.0,9.0,0.0,10.5,4.3,0.10000000000000009,2.2,7.9,myopic_greedy,-2.5999999999999996,14.0,7.9,0.0
0.6,10.5,4.0,13.0,9.0,0.0,10.5,3.8,-0.3999999999999999,1.7,7.4,myopic_greedy,-3.0999999999999996,14.5,7.4,0.0
0.6,11.0,0.0,13.0,9.0,0.0,11.0,7.8,3.6,5.7,11.4,possibility_preserving,0.40000000000000036,11.0,11.4,1.0
0.6,11.0,0.5,13.0,9.0,0.0,11.0,7.3,3.1,5.2,10.9,myopic_greedy,-0.09999999999999964,11.5,10.9,0.0
0.6,11.0,1.0,13.0,9.0,0.0,11.0,6.8,2.6,4.7,10.4,myopic_greedy,-0.5999999999999996,12.0,10.4,0.0
0.6,11.0,1.5,13.0,9.0,0.0,11.0,6.3,2.1,4.2,9.9,myopic_greedy,-1.0999999999999996,12.5,9.9,0.0
0.6,11.0,2.0,13.0,9.0,0.0,11.0,5.8,1.6,3.7,9.4,myopic_greedy,-1.5999999999999996,13.0,9.4,0.0
0.6,11.0,2.5,13.0,9.0,0.0,11.0,5.3,1.1,3.2,8.9,myopic_greedy,-2.0999999999999996,13.5,8.9,0.0
0.6,11.0,3.0,13.0,9.0,0.0,11.0,4.8,0.6000000000000001,2.7,8.4,myopic_greedy,-2.5999999999999996,14.0,8.4,0.0
0.6,11.0,3.5,13.0,9.0,0.0,11.0,4.3,0.10000000000000009,2.2,7.9,myopic_greedy,-3.0999999999999996,14.5,7.9,0.0
0.6,11.0,4.0,13.0,9.0,0.0,11.0,3.8,-0.3999999999999999,1.7,7.4,myopic_greedy,-3.5999999999999996,15.0,7.4,0.0
0.6,11.5,0.0,13.0,9.0,0.0,11.5,7.8,3.6,5.7,11.4,myopic_greedy,-0.09999999999999964,11.5,11.4,0.0
0.6,11.5,0.5,13.0,9.0,0.0,11.5,7.3,3.1,5.2,10.9,myopic_greedy,-0.5999999999999996,12.0,10.9,0.0
0.6,11.5,1.0,13.0,9.0,0.0,11.5,6.8,2.6,4.7,10.4,myopic_greedy,-1.0999999999999996,12.5,10.4,0.0
0.6,11.5,1.5,13.0,9.0,0.0,11.5,6.3,2.1,4.2,9.9,myopic_greedy,-1.5999999999999996,13.0,9.9,0.0
0.6,11.5,2.0,13.0,9.0,0.0,11.5,5.8,1.6,3.7,9.4,myopic_greedy,-2.0999999999999996,13.5,9.4,0.0
0.6,11.5,2.5,13.0,9.0,0.0,11.5,5.3,1.1,3.2,8.9,myopic_greedy,-2.5999999999999996,14.0,8.9,0.0
0.6,11.5,3.0,13.0,9.0,0.0,11.5,4.8,0.6000000000000001,2.7,8.4,myopic_greedy,-3.0999999999999996,14.5,8.4,0.0
0.6,11.5,3.5,13.0,9.0,0.0,11.5,4.3,0.10000000000000009,2.2,7.9,myopic_greedy,-3.5999999999999996,15.0,7.9,0.0
0.6,11.5,4.0,13.0,9.0,0.0,11.5,3.8,-0.3999999999999999,1.7,7.4,myopic_greedy,-4.1,15.5,7.4,0.0
0.6,12.0,0.0,13.0,9.0,0.0,12.0,7.8,3.6,5.7,11.4,myopic_greedy,-0.5999999999999996,12.0,11.4,0.0
0.6,12.0,0.5,13.0,9.0,0.0,12.0,7.3,3.1,5.2,10.9,myopic_greedy,-1.0999999999999996,12.5,10.9,0.0
0.6,12.0,1.0,13.0,9.0,0.0,12.0,6.8,2.6,4.7,10.4,myopic_greedy,-1.5999999999999996,13.0,10.4,0.0
0.6,12.0,1.5,13.0,9.0,0.0,12.0,6.3,2.1,4.2,9.9,myopic_greedy,-2.0999999999999996,13.5,9.9,0.0
0.6,12.0,2.0,13.0,9.0,0.0,12.0,5.8,1.6,3.7,9.4,myopic_greedy,-2.5999999999999996,14.0,9.4,0.0
0.6,12.0,2.5,13.0,9.0,0.0,12.0,5.3,1.1,3.2,8.9,myopic_greedy,-3.0999999999999996,14.5,8.9,0.0
0.6,12.0,3.0,13.0,9.0,0.0,12.0,4.8,0.6000000000000001,2.7,8.4,myopic_greedy,-3.5999999999999996,15.0,8.4,0.0
0.6,12.0,3.5,13.0,9.0,0.0,12.0,4.3,0.10000000000000009,2.2,7.9,myopic_greedy,-4.1,15.5,7.9,0.0
0.6,12.0,4.0,13.0,9.0,0.0,12.0,3.8,-0.3999999999999999,1.7,7.4,myopic_greedy,-4.6,16.0,7.4,0.0
0.6,12.5,0.0,13.0,9.0,0.0,12.5,7.8,3.6,5.7,11.4,myopic_greedy,-1.0999999999999996,12.5,11.4,0.0
0.6,12.5,0.5,13.0,9.0,0.0,12.5,7.3,3.1,5.2,10.9,myopic_greedy,-1.5999999999999996,13.0,10.9,0.0
0.6,12.5,1.0,13.0,9.0,0.0,12.5,6.8,2.6,4.7,10.4,myopic_greedy,-2.0999999999999996,13.5,10.4,0.0
0.6,12.5,1.5,13.0,9.0,0.0,12.5,6.3,2.1,4.2,9.9,myopic_greedy,-2.5999999999999996,14.0,9.9,0.0
0.6,12.5,2.0,13.0,9.0,0.0,12.5,5.8,1.6,3.7,9.4,myopic_greedy,-3.0999999999999996,14.5,9.4,0.0
0.6,12.5,2.5,13.0,9.0,0.0,12.5,5.3,1.1,3.2,8.9,myopic_greedy,-3.5999999999999996,15.0,8.9,0.0
0.6,12.5,3.0,13.0,9.0,0.0,12.5,4.8,0.6000000000000001,2.7,8.4,myopic_greedy,-4.1,15.5,8.4,0.0
0.6,12.5,3.5,13.0,9.0,0.0,12.5,4.3,0.10000000000000009,2.2,7.9,myopic_greedy,-4.6,16.0,7.9,0.0
0.6,12.5,4.0,13.0,9.0,0.0,12.5,3.8,-0.3999999999999999,1.7,7.4,myopic_greedy,-5.1,16.5,7.4,0.0
0.6,13.0,0.0,13.0,9.0,0.0,13.0,7.8,3.6,5.7,11.4,myopic_greedy,-1.5999999999999996,13.0,11.4,0.0
0.6,13.0,0.5,13.0,9.0,0.0,13.0,7.3,3.1,5.2,10.9,myopic_greedy,-2.0999999999999996,13.5,10.9,0.0
0.6,13.0,1.0,13.0,9.0,0.0,13.0,6.8,2.6,4.7,10.4,myopic_greedy,-2.5999999999999996,14.0,10.4,0.0
0.6,13.0,1.5,13.0,9.0,0.0,13.0,6.3,2.1,4.2,9.9,myopic_greedy,-3.0999999999999996,14.5,9.9,0.0
0.6,13.0,2.0,13.0,9.0,0.0,13.0,5.8,1.6,3.7,9.4,myopic_greedy,-3.5999999999999996,15.0,9.4,0.0
0.6,13.0,2.5,13.0,9.0,0.0,13.0,5.3,1.1,3.2,8.9,myopic_greedy,-4.1,15.5,8.9,0.0
0.6,13.0,3.0,13.0,9.0,0.0,13.0,4.8,0.6000000000000001,2.7,8.4,myopic_greedy,-4.6,16.0,8.4,0.0
0.6,13.0,3.5,13.0,9.0,0.0,13.0,4.3,0.10000000000000009,2.2,7.9,myopic_greedy,-5.1,16.5,7.9,0.0
0.6,13.0,4.0,13.0,9.0,0.0,13.0,3.8,-0.3999999999999999,1.7,7.4,myopic_greedy,-5.6,17.0,7.4,0.0
0.6,13.5,0.0,13.0,9.0,0.0,13.5,7.8,3.6,5.7,11.4,myopic_greedy,-2.0999999999999996,13.5,11.4,0.0
0.6,13.5,0.5,13.0,9.0,0.0,13.5,7.3,3.1,5.2,10.9,myopic_greedy,-2.5999999999999996,14.0,10.9,0.0
0.6,13.5,1.0,13.0,9.0,0.0,13.5,6.8,2.6,4.7,10.4,myopic_greedy,-3.0999999999999996,14.5,10.4,0.0
0.6,13.5,1.5,13.0,9.0,0.0,13.5,6.3,2.1,4.2,9.9,myopic_greedy,-3.5999999999999996,15.0,9.9,0.0
0.6,13.5,2.0,13.0,9.0,0.0,13.5,5.8,1.6,3.7,9.4,myopic_greedy,-4.1,15.5,9.4,0.0
0.6,13.5,2.5,13.0,9.0,0.0,13.5,5.3,1.1,3.2,8.9,myopic_greedy,-4.6,16.0,8.9,0.0
0.6,13.5,3.0,13.0,9.0,0.0,13.5,4.8,0.6000000000000001,2.7,8.4,myopic_greedy,-5.1,16.5,8.4,0.0
0.6,13.5,3.5,13.0,9.0,0.0,13.5,4.3,0.10000000000000009,2.2,7.9,myopic_greedy,-5.6,17.0,7.9,0.0
0.6,13.5,4.0,13.0,9.0,0.0,13.5,3.8,-0.3999999999999999,1.7,7.4,myopic_greedy,-6.1,17.5,7.4,0.0
0.6,14.0,0.0,13.0,9.0,0.0,14.0,7.8,3.6,5.7,11.4,myopic_greedy,-2.5999999999999996,14.0,11.4,0.0
0.6,14.0,0.5,13.0,9.0,0.0,14.0,7.3,3.1,5.2,10.9,myopic_greedy,-3.0999999999999996,14.5,10.9,0.0
0.6,14.0,1.0,13.0,9.0,0.0,14.0,6.8,2.6,4.7,10.4,myopic_greedy,-3.5999999999999996,15.0,10.4,0.0
0.6,14.0,1.5,13.0,9.0,0.0,14.0,6.3,2.1,4.2,9.9,myopic_greedy,-4.1,15.5,9.9,0.0
0.6,14.0,2.0,13.0,9.0,0.0,14.0,5.8,1.6,3.7,9.4,myopic_greedy,-4.6,16.0,9.4,0.0
0.6,14.0,2.5,13.0,9.0,0.0,14.0,5.3,1.1,3.2,8.9,myopic_greedy,-5.1,16.5,8.9,0.0
0.6,14.0,3.0,13.0,9.0,0.0,14.0,4.8,0.6000000000000001,2.7,8.4,myopic_greedy,-5.6,17.0,8.4,0.0
0.6,14.0,3.5,13.0,9.0,0.0,14.0,4.3,0.10000000000000009,2.2,7.9,myopic_greedy,-6.1,17.5,7.9,0.0
0.6,14.0,4.0,13.0,9.0,0.0,14.0,3.8,-0.3999999999999999,1.7,7.4,myopic_greedy,-6.6,18.0,7.4,0.0
0.6,14.5,0.0,13.0,9.0,0.0,14.5,7.8,3.6,5.7,11.4,myopic_greedy,-3.0999999999999996,14.5,11.4,0.0
0.6,14.5,0.5,13.0,9.0,0.0,14.5,7.3,3.1,5.2,10.9,myopic_greedy,-3.5999999999999996,15.0,10.9,0.0
0.6,14.5,1.0,13.0,9.0,0.0,14.5,6.8,2.6,4.7,10.4,myopic_greedy,-4.1,15.5,10.4,0.0
0.6,14.5,1.5,13.0,9.0,0.0,14.5,6.3,2.1,4.2,9.9,myopic_greedy,-4.6,16.0,9.9,0.0
0.6,14.5,2.0,13.0,9.0,0.0,14.5,5.8,1.6,3.7,9.4,myopic_greedy,-5.1,16.5,9.4,0.0
0.6,14.5,2.5,13.0,9.0,0.0,14.5,5.3,1.1,3.2,8.9,myopic_greedy,-5.6,17.0,8.9,0.0
0.6,14.5,3.0,13.0,9.0,0.0,14.5,4.8,0.6000000000000001,2.7,8.4,myopic_greedy,-6.1,17.5,8.4,0.0
0.6,14.5,3.5,13.0,9.0,0.0,14.5,4.3,0.10000000000000009,2.2,7.9,myopic_greedy,-6.6,18.0,7.9,0.0
0.6,14.5,4.0,13.0,9.0,0.0,14.5,3.8,-0.3999999999999999,1.7,7.4,myopic_greedy,-7.1,18.5,7.4,0.0
0.6,15.0,0.0,13.0,9.0,0.0,15.0,7.8,3.6,5.7,11.4,myopic_greedy,-3.5999999999999996,15.0,11.4,0.0
0.6,15.0,0.5,13.0,9.0,0.0,15.0,7.3,3.1,5.2,10.9,myopic_greedy,-4.1,15.5,10.9,0.0
0.6,15.0,1.0,13.0,9.0,0.0,15.0,6.8,2.6,4.7,10.4,myopic_greedy,-4.6,16.0,10.4,0.0
0.6,15.0,1.5,13.0,9.0,0.0,15.0,6.3,2.1,4.2,9.9,myopic_greedy,-5.1,16.5,9.9,0.0
0.6,15.0,2.0,13.0,9.0,0.0,15.0,5.8,1.6,3.7,9.4,myopic_greedy,-5.6,17.0,9.4,0.0
0.6,15.0,2.5,13.0,9.0,0.0,15.0,5.3,1.1,3.2,8.9,myopic_greedy,-6.1,17.5,8.9,0.0
0.6,15.0,3.0,13.0,9.0,0.0,15.0,4.8,0.6000000000000001,2.7,8.4,myopic_greedy,-6.6,18.0,8.4,0.0
0.6,15.0,3.5,13.0,9.0,0.0,15.0,4.3,0.10000000000000009,2.2,7.9,myopic_greedy,-7.1,18.5,7.9,0.0
0.6,15.0,4.0,13.0,9.0,0.0,15.0,3.8,-0.3999999999999999,1.7,7.4,myopic_greedy,-7.6,19.0,7.4,0.0
0.6,15.5,0.0,13.0,9.0,0.0,15.5,7.8,3.6,5.7,11.4,myopic_greedy,-4.1,15.5,11.4,0.0
0.6,15.5,0.5,13.0,9.0,0.0,15.5,7.3,3.1,5.2,10.9,myopic_greedy,-4.6,16.0,10.9,0.0
0.6,15.5,1.0,13.0,9.0,0.0,15.5,6.8,2.6,4.7,10.4,myopic_greedy,-5.1,16.5,10.4,0.0
0.6,15.5,1.5,13.0,9.0,0.0,15.5,6.3,2.1,4.2,9.9,myopic_greedy,-5.6,17.0,9.9,0.0
0.6,15.5,2.0,13.0,9.0,0.0,15.5,5.8,1.6,3.7,9.4,myopic_greedy,-6.1,17.5,9.4,0.0
0.6,15.5,2.5,13.0,9.0,0.0,15.5,5.3,1.1,3.2,8.9,myopic_greedy,-6.6,18.0,8.9,0.0
0.6,15.5,3.0,13.0,9.0,0.0,15.5,4.8,0.6000000000000001,2.7,8.4,myopic_greedy,-7.1,18.5,8.4,0.0
0.6,15.5,3.5,13.0,9.0,0.0,15.5,4.3,0.10000000000000009,2.2,7.9,myopic_greedy,-7.6,19.0,7.9,0.0
0.6,15.5,4.0,13.0,9.0,0.0,15.5,3.8,-0.3999999999999999,1.7,7.4,myopic_greedy,-8.1,19.5,7.4,0.0
0.6,16.0,0.0,13.0,9.0,0.0,16.0,7.8,3.6,5.7,11.4,myopic_greedy,-4.6,16.0,11.4,0.0
0.6,16.0,0.5,13.0,9.0,0.0,16.0,7.3,3.1,5.2,10.9,myopic_greedy,-5.1,16.5,10.9,0.0
0.6,16.0,1.0,13.0,9.0,0.0,16.0,6.8,2.6,4.7,10.4,myopic_greedy,-5.6,17.0,10.4,0.0
0.6,16.0,1.5,13.0,9.0,0.0,16.0,6.3,2.1,4.2,9.9,myopic_greedy,-6.1,17.5,9.9,0.0
0.6,16.0,2.0,13.0,9.0,0.0,16.0,5.8,1.6,3.7,9.4,myopic_greedy,-6.6,18.0,9.4,0.0
0.6,16.0,2.5,13.0,9.0,0.0,16.0,5.3,1.1,3.2,8.9,myopic_greedy,-7.1,18.5,8.9,0.0
0.6,16.0,3.0,13.0,9.0,0.0,16.0,4.8,0.6000000000000001,2.7,8.4,myopic_greedy,-7.6,19.0,8.4,0.0
0.6,16.0,3.5,13.0,9.0,0.0,16.0,4.3,0.10000000000000009,2.2,7.9,myopic_greedy,-8.1,19.5,7.9,0.0
0.6,16.0,4.0,13.0,9.0,0.0,16.0,3.8,-0.3999999999999999,1.7,7.4,myopic_greedy,-8.6,20.0,7.4,0.0
0.6,16.5,0.0,13.0,9.0,0.0,16.5,7.8,3.6,5.7,11.4,myopic_greedy,-5.1,16.5,11.4,0.0
0.6,16.5,0.5,13.0,9.0,0.0,16.5,7.3,3.1,5.2,10.9,myopic_greedy,-5.6,17.0,10.9,0.0
0.6,16.5,1.0,13.0,9.0,0.0,16.5,6.8,2.6,4.7,10.4,myopic_greedy,-6.1,17.5,10.4,0.0
0.6,16.5,1.5,13.0,9.0,0.0,16.5,6.3,2.1,4.2,9.9,myopic_greedy,-6.6,18.0,9.9,0.0
0.6,16.5,2.0,13.0,9.0,0.0,16.5,5.8,1.6,3.7,9.4,myopic_greedy,-7.1,18.5,9.4,0.0
0.6,16.5,2.5,13.0,9.0,0.0,16.5,5.3,1.1,3.2,8.9,myopic_greedy,-7.6,19.0,8.9,0.0
0.6,16.5,3.0,13.0,9.0,0.0,16.5,4.8,0.6000000000000001,2.7,8.4,myopic_greedy,-8.1,19.5,8.4,0.0
0.6,16.5,3.5,13.0,9.0,0.0,16.5,4.3,0.10000000000000009,2.2,7.9,myopic_greedy,-8.6,20.0,7.9,0.0
0.6,16.5,4.0,13.0,9.0,0.0,16.5,3.8,-0.3999999999999999,1.7,7.4,myopic_greedy,-9.1,20.5,7.4,0.0
0.6,17.0,0.0,13.0,9.0,0.0,17.0,7.8,3.6,5.7,11.4,myopic_greedy,-5.6,17.0,11.4,0.0
0.6,17.0,0.5,13.0,9.0,0.0,17.0,7.3,3.1,5.2,10.9,myopic_greedy,-6.1,17.5,10.9,0.0
0.6,17.0,1.0,13.0,9.0,0.0,17.0,6.8,2.6,4.7,10.4,myopic_greedy,-6.6,18.0,10.4,0.0
0.6,17.0,1.5,13.0,9.0,0.0,17.0,6.3,2.1,4.2,9.9,myopic_greedy,-7.1,18.5,9.9,0.0
0.6,17.0,2.0,13.0,9.0,0.0,17.0,5.8,1.6,3.7,9.4,myopic_greedy,-7.6,19.0,9.4,0.0
0.6,17.0,2.5,13.0,9.0,0.0,17.0,5.3,1.1,3.2,8.9,myopic_greedy,-8.1,19.5,8.9,0.0
0.6,17.0,3.0,13.0,9.0,0.0,17.0,4.8,0.6000000000000001,2.7,8.4,myopic_greedy,-8.6,20.0,8.4,0.0
0.6,17.0,3.5,13.0,9.0,0.0,17.0,4.3,0.10000000000000009,2.2,7.9,myopic_greedy,-9.1,20.5,7.9,0.0
0.6,17.0,4.0,13.0,9.0,0.0,17.0,3.8,-0.3999999999999999,1.7,7.4,myopic_greedy,-9.6,21.0,7.4,0.0
0.6,17.5,0.0,13.0,9.0,0.0,17.5,7.8,3.6,5.7,11.4,myopic_greedy,-6.1,17.5,11.4,0.0
0.6,17.5,0.5,13.0,9.0,0.0,17.5,7.3,3.1,5.2,10.9,myopic_greedy,-6.6,18.0,10.9,0.0
0.6,17.5,1.0,13.0,9.0,0.0,17.5,6.8,2.6,4.7,10.4,myopic_greedy,-7.1,18.5,10.4,0.0
0.6,17.5,1.5,13.0,9.0,0.0,17.5,6.3,2.1,4.2,9.9,myopic_greedy,-7.6,19.0,9.9,0.0
0.6,17.5,2.0,13.0,9.0,0.0,17.5,5.8,1.6,3.7,9.4,myopic_greedy,-8.1,19.5,9.4,0.0
0.6,17.5,2.5,13.0,9.0,0.0,17.5,5.3,1.1,3.2,8.9,myopic_greedy,-8.6,20.0,8.9,0.0
0.6,17.5,3.0,13.0,9.0,0.0,17.5,4.8,0.6000000000000001,2.7,8.4,myopic_greedy,-9.1,20.5,8.4,0.0
0.6,17.5,3.5,13.0,9.0,0.0,17.5,4.3,0.10000000000000009,2.2,7.9,myopic_greedy,-9.6,21.0,7.9,0.0
0.6,17.5,4.0,13.0,9.0,0.0,17.5,3.8,-0.3999999999999999,1.7,7.4,myopic_greedy,-10.1,21.5,7.4,0.0
0.6,18.0,0.0,13.0,9.0,0.0,18.0,7.8,3.6,5.7,11.4,myopic_greedy,-6.6,18.0,11.4,0.0
0.6,18.0,0.5,13.0,9.0,0.0,18.0,7.3,3.1,5.2,10.9,myopic_greedy,-7.1,18.5,10.9,0.0
0.6,18.0,1.0,13.0,9.0,0.0,18.0,6.8,2.6,4.7,10.4,myopic_greedy,-7.6,19.0,10.4,0.0
0.6,18.0,1.5,13.0,9.0,0.0,18.0,6.3,2.1,4.2,9.9,myopic_greedy,-8.1,19.5,9.9,0.0
0.6,18.0,2.0,13.0,9.0,0.0,18.0,5.8,1.6,3.7,9.4,myopic_greedy,-8.6,20.0,9.4,0.0
0.6,18.0,2.5,13.0,9.0,0.0,18.0,5.3,1.1,3.2,8.9,myopic_greedy,-9.1,20.5,8.9,0.0
0.6,18.0,3.0,13.0,9.0,0.0,18.0,4.8,0.6000000000000001,2.7,8.4,myopic_greedy,-9.6,21.0,8.4,0.0
0.6,18.0,3.5,13.0,9.0,0.0,18.0,4.3,0.10000000000000009,2.2,7.9,myopic_greedy,-10.1,21.5,7.9,0.0
0.6,18.0,4.0,13.0,9.0,0.0,18.0,3.8,-0.3999999999999999,1.7,7.4,myopic_greedy,-10.6,22.0,7.4,0.0
0.65,6.0,0.0,13.0,9.0,0.0,6.0,8.450000000000001,3.15,5.800000000000001,11.600000000000001,possibility_preserving,5.600000000000001,6.0,11.600000000000001,1.0
0.65,6.0,0.5,13.0,9.0,0.0,6.0,7.950000000000001,2.65,5.300000000000001,11.100000000000001,possibility_preserving,5.100000000000001,6.5,11.100000000000001,1.0
0.65,6.0,1.0,13.0,9.0,0.0,6.0,7.450000000000001,2.15,4.800000000000001,10.600000000000001,possibility_preserving,4.600000000000001,7.0,10.600000000000001,1.0
0.65,6.0,1.5,13.0,9.0,0.0,6.0,6.950000000000001,1.65,4.300000000000001,10.100000000000001,possibility_preserving,4.100000000000001,7.5,10.100000000000001,1.0
0.65,6.0,2.0,13.0,9.0,0.0,6.0,6.450000000000001,1.15,3.8000000000000007,9.600000000000001,possibility_preserving,3.6000000000000014,8.0,9.600000000000001,1.0
0.65,6.0,2.5,13.0,9.0,0.0,6.0,5.950000000000001,0.6499999999999999,3.3000000000000007,9.100000000000001,possibility_preserving,3.1000000000000014,8.5,9.100000000000001,1.0
0.65,6.0,3.0,13.0,9.0,0.0,6.0,5.450000000000001,0.1499999999999999,2.8000000000000007,8.600000000000001,possibility_preserving,2.6000000000000014,9.0,8.600000000000001,1.0
0.65,6.0,3.5,13.0,9.0,0.0,6.0,4.950000000000001,-0.3500000000000001,2.3000000000000007,8.100000000000001,possibility_preserving,2.1000000000000014,9.5,8.100000000000001,1.0
0.65,6.0,4.0,13.0,9.0,0.0,6.0,4.450000000000001,-0.8500000000000001,1.8000000000000005,7.600000000000001,possibility_preserving,1.6000000000000014,10.0,7.600000000000001,1.0
0.65,6.5,0.0,13.0,9.0,0.0,6.5,8.450000000000001,3.15,5.800000000000001,11.600000000000001,possibility_preserving,5.100000000000001,6.5,11.600000000000001,1.0
0.65,6.5,0.5,13.0,9.0,0.0,6.5,7.950000000000001,2.65,5.300000000000001,11.100000000000001,possibility_preserving,4.600000000000001,7.0,11.100000000000001,1.0
0.65,6.5,1.0,13.0,9.0,0.0,6.5,7.450000000000001,2.15,4.800000000000001,10.600000000000001,possibility_preserving,4.100000000000001,7.5,10.600000000000001,1.0
0.65,6.5,1.5,13.0,9.0,0.0,6.5,6.950000000000001,1.65,4.300000000000001,10.100000000000001,possibility_preserving,3.6000000000000014,8.0,10.100000000000001,1.0
0.65,6.5,2.0,13.0,9.0,0.0,6.5,6.450000000000001,1.15,3.8000000000000007,9.600000000000001,possibility_preserving,3.1000000000000014,8.5,9.600000000000001,1.0
0.65,6.5,2.5,13.0,9.0,0.0,6.5,5.950000000000001,0.6499999999999999,3.3000000000000007,9.100000000000001,possibility_preserving,2.6000000000000014,9.0,9.100000000000001,1.0
0.65,6.5,3.0,13.0,9.0,0.0,6.5,5.450000000000001,0.1499999999999999,2.8000000000000007,8.600000000000001,possibility_preserving,2.1000000000000014,9.5,8.600000000000001,1.0
0.65,6.5,3.5,13.0,9.0,0.0,6.5,4.950000000000001,-0.3500000000000001,2.3000000000000007,8.100000000000001,possibility_preserving,1.6000000000000014,10.0,8.100000000000001,1.0
0.65,6.5,4.0,13.0,9.0,0.0,6.5,4.450000000000001,-0.8500000000000001,1.8000000000000005,7.600000000000001,possibility_preserving,1.1000000000000014,10.5,7.600000000000001,1.0
0.65,7.0,0.0,13.0,9.0,0.0,7.0,8.450000000000001,3.15,5.800000000000001,11.600000000000001,possibility_preserving,4.600000000000001,7.0,11.600000000000001,1.0
0.65,7.0,0.5,13.0,9.0,0.0,7.0,7.950000000000001,2.65,5.300000000000001,11.100000000000001,possibility_preserving,4.100000000000001,7.5,11.100000000000001,1.0
0.65,7.0,1.0,13.0,9.0,0.0,7.0,7.450000000000001,2.15,4.800000000000001,10.600000000000001,possibility_preserving,3.6000000000000014,8.0,10.600000000000001,1.0
0.65,7.0,1.5,13.0,9.0,0.0,7.0,6.950000000000001,1.65,4.300000000000001,10.100000000000001,possibility_preserving,3.1000000000000014,8.5,10.100000000000001,1.0
0.65,7.0,2.0,13.0,9.0,0.0,7.0,6.450000000000001,1.15,3.8000000000000007,9.600000000000001,possibility_preserving,2.6000000000000014,9.0,9.600000000000001,1.0
0.65,7.0,2.5,13.0,9.0,0.0,7.0,5.950000000000001,0.6499999999999999,3.3000000000000007,9.100000000000001,possibility_preserving,2.1000000000000014,9.5,9.100000000000001,1.0
0.65,7.0,3.0,13.0,9.0,0.0,7.0,5.450000000000001,0.1499999999999999,2.8000000000000007,8.600000000000001,possibility_preserving,1.6000000000000014,10.0,8.600000000000001,1.0
0.65,7.0,3.5,13.0,9.0,0.0,7.0,4.950000000000001,-0.3500000000000001,2.3000000000000007,8.100000000000001,possibility_preserving,1.1000000000000014,10.5,8.100000000000001,1.0
0.65,7.0,4.0,13.0,9.0,0.0,7.0,4.450000000000001,-0.8500000000000001,1.8000000000000005,7.600000000000001,possibility_preserving,0.6000000000000014,11.0,7.600000000000001,1.0
0.65,7.5,0.0,13.0,9.0,0.0,7.5,8.450000000000001,3.15,5.800000000000001,11.600000000000001,possibility_preserving,4.100000000000001,7.5,11.600000000000001,1.0
0.65,7.5,0.5,13.0,9.0,0.0,7.5,7.950000000000001,2.65,5.300000000000001,11.100000000000001,possibility_preserving,3.6000000000000014,8.0,11.100000000000001,1.0
0.65,7.5,1.0,13.0,9.0,0.0,7.5,7.450000000000001,2.15,4.800000000000001,10.600000000000001,possibility_preserving,3.1000000000000014,8.5,10.600000000000001,1.0
0.65,7.5,1.5,13.0,9.0,0.0,7.5,6.950000000000001,1.65,4.300000000000001,10.100000000000001,possibility_preserving,2.6000000000000014,9.0,10.100000000000001,1.0
0.65,7.5,2.0,13.0,9.0,0.0,7.5,6.450000000000001,1.15,3.8000000000000007,9.600000000000001,possibility_preserving,2.1000000000000014,9.5,9.600000000000001,1.0
0.65,7.5,2.5,13.0,9.0,0.0,7.5,5.950000000000001,0.6499999999999999,3.3000000000000007,9.100000000000001,possibility_preserving,1.6000000000000014,10.0,9.100000000000001,1.0
0.65,7.5,3.0,13.0,9.0,0.0,7.5,5.450000000000001,0.1499999999999999,2.8000000000000007,8.600000000000001,possibility_preserving,1.1000000000000014,10.5,8.600000000000001,1.0
0.65,7.5,3.5,13.0,9.0,0.0,7.5,4.950000000000001,-0.3500000000000001,2.3000000000000007,8.100000000000001,possibility_preserving,0.6000000000000014,11.0,8.100000000000001,1.0
0.65,7.5,4.0,13.0,9.0,0.0,7.5,4.450000000000001,-0.8500000000000001,1.8000000000000005,7.600000000000001,possibility_preserving,0.10000000000000142,11.5,7.600000000000001,1.0
0.65,8.0,0.0,13.0,9.0,0.0,8.0,8.450000000000001,3.15,5.800000000000001,11.600000000000001,possibility_preserving,3.6000000000000014,8.0,11.600000000000001,1.0
0.65,8.0,0.5,13.0,9.0,0.0,8.0,7.950000000000001,2.65,5.300000000000001,11.100000000000001,possibility_preserving,3.1000000000000014,8.5,11.100000000000001,1.0
0.65,8.0,1.0,13.0,9.0,0.0,8.0,7.450000000000001,2.15,4.800000000000001,10.600000000000001,possibility_preserving,2.6000000000000014,9.0,10.600000000000001,1.0
0.65,8.0,1.5,13.0,9.0,0.0,8.0,6.950000000000001,1.65,4.300000000000001,10.100000000000001,possibility_preserving,2.1000000000000014,9.5,10.100000000000001,1.0
0.65,8.0,2.0,13.0,9.0,0.0,8.0,6.450000000000001,1.15,3.8000000000000007,9.600000000000001,possibility_preserving,1.6000000000000014,10.0,9.600000000000001,1.0
0.65,8.0,2.5,13.0,9.0,0.0,8.0,5.950000000000001,0.6499999999999999,3.3000000000000007,9.100000000000001,possibility_preserving,1.1000000000000014,10.5,9.100000000000001,1.0
0.65,8.0,3.0,13.0,9.0,0.0,8.0,5.450000000000001,0.1499999999999999,2.8000000000000007,8.600000000000001,possibility_preserving,0.6000000000000014,11.0,8.600000000000001,1.0
0.65,8.0,3.5,13.0,9.0,0.0,8.0,4.950000000000001,-0.3500000000000001,2.3000000000000007,8.100000000000001,possibility_preserving,0.10000000000000142,11.5,8.100000000000001,1.0
0.65,8.0,4.0,13.0,9.0,0.0,8.0,4.450000000000001,-0.8500000000000001,1.8000000000000005,7.600000000000001,myopic_greedy,-0.3999999999999986,12.0,7.600000000000001,0.0
0.65,8.5,0.0,13.0,9.0,0.0,8.5,8.450000000000001,3.15,5.800000000000001,11.600000000000001,possibility_preserving,3.1000000000000014,8.5,11.600000000000001,1.0
0.65,8.5,0.5,13.0,9.0,0.0,8.5,7.950000000000001,2.65,5.300000000000001,11.100000000000001,possibility_preserving,2.6000000000000014,9.0,11.100000000000001,1.0
0.65,8.5,1.0,13.0,9.0,0.0,8.5,7.450000000000001,2.15,4.800000000000001,10.600000000000001,possibility_preserving,2.1000000000000014,9.5,10.600000000000001,1.0
0.65,8.5,1.5,13.0,9.0,0.0,8.5,6.950000000000001,1.65,4.300000000000001,10.100000000000001,possibility_preserving,1.6000000000000014,10.0,10.100000000000001,1.0
0.65,8.5,2.0,13.0,9.0,0.0,8.5,6.450000000000001,1.15,3.8000000000000007,9.600000000000001,possibility_preserving,1.1000000000000014,10.5,9.600000000000001,1.0
0.65,8.5,2.5,13.0,9.0,0.0,8.5,5.950000000000001,0.6499999999999999,3.3000000000000007,9.100000000000001,possibility_preserving,0.6000000000000014,11.0,9.100000000000001,1.0
0.65,8.5,3.0,13.0,9.0,0.0,8.5,5.450000000000001,0.1499999999999999,2.8000000000000007,8.600000000000001,possibility_preserving,0.10000000000000142,11.5,8.600000000000001,1.0
0.65,8.5,3.5,13.0,9.0,0.0,8.5,4.950000000000001,-0.3500000000000001,2.3000000000000007,8.100000000000001,myopic_greedy,-0.3999999999999986,12.0,8.100000000000001,0.0
0.65,8.5,4.0,13.0,9.0,0.0,8.5,4.450000000000001,-0.8500000000000001,1.8000000000000005,7.600000000000001,myopic_greedy,-0.8999999999999986,12.5,7.600000000000001,0.0
0.65,9.0,0.0,13.0,9.0,0.0,9.0,8.450000000000001,3.15,5.800000000000001,11.600000000000001,possibility_preserving,2.6000000000000014,9.0,11.600000000000001,1.0
0.65,9.0,0.5,13.0,9.0,0.0,9.0,7.950000000000001,2.65,5.300000000000001,11.100000000000001,possibility_preserving,2.1000000000000014,9.5,11.100000000000001,1.0
0.65,9.0,1.0,13.0,9.0,0.0,9.0,7.450000000000001,2.15,4.800000000000001,10.600000000000001,possibility_preserving,1.6000000000000014,10.0,10.600000000000001,1.0
0.65,9.0,1.5,13.0,9.0,0.0,9.0,6.950000000000001,1.65,4.300000000000001,10.100000000000001,possibility_preserving,1.1000000000000014,10.5,10.100000000000001,1.0
0.65,9.0,2.0,13.0,9.0,0.0,9.0,6.450000000000001,1.15,3.8000000000000007,9.600000000000001,possibility_preserving,0.6000000000000014,11.0,9.600000000000001,1.0
0.65,9.0,2.5,13.0,9.0,0.0,9.0,5.950000000000001,0.6499999999999999,3.3000000000000007,9.100000000000001,possibility_preserving,0.10000000000000142,11.5,9.100000000000001,1.0
0.65,9.0,3.0,13.0,9.0,0.0,9.0,5.450000000000001,0.1499999999999999,2.8000000000000007,8.600000000000001,myopic_greedy,-0.3999999999999986,12.0,8.600000000000001,0.0
0.65,9.0,3.5,13.0,9.0,0.0,9.0,4.950000000000001,-0.3500000000000001,2.3000000000000007,8.100000000000001,myopic_greedy,-0.8999999999999986,12.5,8.100000000000001,0.0
0.65,9.0,4.0,13.0,9.0,0.0,9.0,4.450000000000001,-0.8500000000000001,1.8000000000000005,7.600000000000001,myopic_greedy,-1.3999999999999986,13.0,7.600000000000001,0.0
0.65,9.5,0.0,13.0,9.0,0.0,9.5,8.450000000000001,3.15,5.800000000000001,11.600000000000001,possibility_preserving,2.1000000000000014,9.5,11.600000000000001,1.0
0.65,9.5,0.5,13.0,9.0,0.0,9.5,7.950000000000001,2.65,5.300000000000001,11.100000000000001,possibility_preserving,1.6000000000000014,10.0,11.100000000000001,1.0
0.65,9.5,1.0,13.0,9.0,0.0,9.5,7.450000000000001,2.15,4.800000000000001,10.600000000000001,possibility_preserving,1.1000000000000014,10.5,10.600000000000001,1.0
0.65,9.5,1.5,13.0,9.0,0.0,9.5,6.950000000000001,1.65,4.300000000000001,10.100000000000001,possibility_preserving,0.6000000000000014,11.0,10.100000000000001,1.0
0.65,9.5,2.0,13.0,9.0,0.0,9.5,6.450000000000001,1.15,3.8000000000000007,9.600000000000001,possibility_preserving,0.10000000000000142,11.5,9.600000000000001,1.0
0.65,9.5,2.5,13.0,9.0,0.0,9.5,5.950000000000001,0.6499999999999999,3.3000000000000007,9.100000000000001,myopic_greedy,-0.3999999999999986,12.0,9.100000000000001,0.0
0.65,9.5,3.0,13.0,9.0,0.0,9.5,5.450000000000001,0.1499999999999999,2.8000000000000007,8.600000000000001,myopic_greedy,-0.8999999999999986,12.5,8.600000000000001,0.0
0.65,9.5,3.5,13.0,9.0,0.0,9.5,4.950000000000001,-0.3500000000000001,2.3000000000000007,8.100000000000001,myopic_greedy,-1.3999999999999986,13.0,8.100000000000001,0.0
0.65,9.5,4.0,13.0,9.0,0.0,9.5,4.450000000000001,-0.8500000000000001,1.8000000000000005,7.600000000000001,myopic_greedy,-1.8999999999999986,13.5,7.600000000000001,0.0
0.65,10.0,0.0,13.0,9.0,0.0,10.0,8.450000000000001,3.15,5.800000000000001,11.600000000000001,possibility_preserving,1.6000000000000014,10.0,11.600000000000001,1.0
0.65,10.0,0.5,13.0,9.0,0.0,10.0,7.950000000000001,2.65,5.300000000000001,11.100000000000001,possibility_preserving,1.1000000000000014,10.5,11.100000000000001,1.0
0.65,10.0,1.0,13.0,9.0,0.0,10.0,7.450000000000001,2.15,4.800000000000001,10.600000000000001,possibility_preserving,0.6000000000000014,11.0,10.600000000000001,1.0
0.65,10.0,1.5,13.0,9.0,0.0,10.0,6.950000000000001,1.65,4.300000000000001,10.100000000000001,possibility_preserving,0.10000000000000142,11.5,10.100000000000001,1.0
0.65,10.0,2.0,13.0,9.0,0.0,10.0,6.450000000000001,1.15,3.8000000000000007,9.600000000000001,myopic_greedy,-0.3999999999999986,12.0,9.600000000000001,0.0
0.65,10.0,2.5,13.0,9.0,0.0,10.0,5.950000000000001,0.6499999999999999,3.3000000000000007,9.100000000000001,myopic_greedy,-0.8999999999999986,12.5,9.100000000000001,0.0
0.65,10.0,3.0,13.0,9.0,0.0,10.0,5.450000000000001,0.1499999999999999,2.8000000000000007,8.600000000000001,myopic_greedy,-1.3999999999999986,13.0,8.600000000000001,0.0
0.65,10.0,3.5,13.0,9.0,0.0,10.0,4.950000000000001,-0.3500000000000001,2.3000000000000007,8.100000000000001,myopic_greedy,-1.8999999999999986,13.5,8.100000000000001,0.0
0.65,10.0,4.0,13.0,9.0,0.0,10.0,4.450000000000001,-0.8500000000000001,1.8000000000000005,7.600000000000001,myopic_greedy,-2.3999999999999986,14.0,7.600000000000001,0.0
0.65,10.5,0.0,13.0,9.0,0.0,10.5,8.450000000000001,3.15,5.800000000000001,11.600000000000001,possibility_preserving,1.1000000000000014,10.5,11.600000000000001,1.0
0.65,10.5,0.5,13.0,9.0,0.0,10.5,7.950000000000001,2.65,5.300000000000001,11.100000000000001,possibility_preserving,0.6000000000000014,11.0,11.100000000000001,1.0
0.65,10.5,1.0,13.0,9.0,0.0,10.5,7.450000000000001,2.15,4.800000000000001,10.600000000000001,possibility_preserving,0.10000000000000142,11.5,10.600000000000001,1.0
0.65,10.5,1.5,13.0,9.0,0.0,10.5,6.950000000000001,1.65,4.300000000000001,10.100000000000001,myopic_greedy,-0.3999999999999986,12.0,10.100000000000001,0.0
0.65,10.5,2.0,13.0,9.0,0.0,10.5,6.450000000000001,1.15,3.8000000000000007,9.600000000000001,myopic_greedy,-0.8999999999999986,12.5,9.600000000000001,0.0
0.65,10.5,2.5,13.0,9.0,0.0,10.5,5.950000000000001,0.6499999999999999,3.3000000000000007,9.100000000000001,myopic_greedy,-1.3999999999999986,13.0,9.100000000000001,0.0
0.65,10.5,3.0,13.0,9.0,0.0,10.5,5.450000000000001,0.1499999999999999,2.8000000000000007,8.600000000000001,myopic_greedy,-1.8999999999999986,13.5,8.600000000000001,0.0
0.65,10.5,3.5,13.0,9.0,0.0,10.5,4.950000000000001,-0.3500000000000001,2.3000000000000007,8.100000000000001,myopic_greedy,-2.3999999999999986,14.0,8.100000000000001,0.0
0.65,10.5,4.0,13.0,9.0,0.0,10.5,4.450000000000001,-0.8500000000000001,1.8000000000000005,7.600000000000001,myopic_greedy,-2.8999999999999986,14.5,7.600000000000001,0.0
0.65,11.0,0.0,13.0,9.0,0.0,11.0,8.450000000000001,3.15,5.800000000000001,11.600000000000001,possibility_preserving,0.6000000000000014,11.0,11.600000000000001,1.0
0.65,11.0,0.5,13.0,9.0,0.0,11.0,7.950000000000001,2.65,5.300000000000001,11.100000000000001,possibility_preserving,0.10000000000000142,11.5,11.100000000000001,1.0
0.65,11.0,1.0,13.0,9.0,0.0,11.0,7.450000000000001,2.15,4.800000000000001,10.600000000000001,myopic_greedy,-0.3999999999999986,12.0,10.600000000000001,0.0
0.65,11.0,1.5,13.0,9.0,0.0,11.0,6.950000000000001,1.65,4.300000000000001,10.100000000000001,myopic_greedy,-0.8999999999999986,12.5,10.100000000000001,0.0
0.65,11.0,2.0,13.0,9.0,0.0,11.0,6.450000000000001,1.15,3.8000000000000007,9.600000000000001,myopic_greedy,-1.3999999999999986,13.0,9.600000000000001,0.0
0.65,11.0,2.5,13.0,9.0,0.0,11.0,5.950000000000001,0.6499999999999999,3.3000000000000007,9.100000000000001,myopic_greedy,-1.8999999999999986,13.5,9.100000000000001,0.0
0.65,11.0,3.0,13.0,9.0,0.0,11.0,5.450000000000001,0.1499999999999999,2.8000000000000007,8.600000000000001,myopic_greedy,-2.3999999999999986,14.0,8.600000000000001,0.0
0.65,11.0,3.5,13.0,9.0,0.0,11.0,4.950000000000001,-0.3500000000000001,2.3000000000000007,8.100000000000001,myopic_greedy,-2.8999999999999986,14.5,8.100000000000001,0.0
0.65,11.0,4.0,13.0,9.0,0.0,11.0,4.450000000000001,-0.8500000000000001,1.8000000000000005,7.600000000000001,myopic_greedy,-3.3999999999999986,15.0,7.600000000000001,0.0
0.65,11.5,0.0,13.0,9.0,0.0,11.5,8.450000000000001,3.15,5.800000000000001,11.600000000000001,possibility_preserving,0.10000000000000142,11.5,11.600000000000001,1.0
0.65,11.5,0.5,13.0,9.0,0.0,11.5,7.950000000000001,2.65,5.300000000000001,11.100000000000001,myopic_greedy,-0.3999999999999986,12.0,11.100000000000001,0.0
0.65,11.5,1.0,13.0,9.0,0.0,11.5,7.450000000000001,2.15,4.800000000000001,10.600000000000001,myopic_greedy,-0.8999999999999986,12.5,10.600000000000001,0.0
0.65,11.5,1.5,13.0,9.0,0.0,11.5,6.950000000000001,1.65,4.300000000000001,10.100000000000001,myopic_greedy,-1.3999999999999986,13.0,10.100000000000001,0.0
0.65,11.5,2.0,13.0,9.0,0.0,11.5,6.450000000000001,1.15,3.8000000000000007,9.600000000000001,myopic_greedy,-1.8999999999999986,13.5,9.600000000000001,0.0
0.65,11.5,2.5,13.0,9.0,0.0,11.5,5.950000000000001,0.6499999999999999,3.3000000000000007,9.100000000000001,myopic_greedy,-2.3999999999999986,14.0,9.100000000000001,0.0
0.65,11.5,3.0,13.0,9.0,0.0,11.5,5.450000000000001,0.1499999999999999,2.8000000000000007,8.600000000000001,myopic_greedy,-2.8999999999999986,14.5,8.600000000000001,0.0
0.65,11.5,3.5,13.0,9.0,0.0,11.5,4.950000000000001,-0.3500000000000001,2.3000000000000007,8.100000000000001,myopic_greedy,-3.3999999999999986,15.0,8.100000000000001,0.0
0.65,11.5,4.0,13.0,9.0,0.0,11.5,4.450000000000001,-0.8500000000000001,1.8000000000000005,7.600000000000001,myopic_greedy,-3.8999999999999986,15.5,7.600000000000001,0.0
0.65,12.0,0.0,13.0,9.0,0.0,12.0,8.450000000000001,3.15,5.800000000000001,11.600000000000001,myopic_greedy,-0.3999999999999986,12.0,11.600000000000001,0.0
0.65,12.0,0.5,13.0,9.0,0.0,12.0,7.950000000000001,2.65,5.300000000000001,11.100000000000001,myopic_greedy,-0.8999999999999986,12.5,11.100000000000001,0.0
0.65,12.0,1.0,13.0,9.0,0.0,12.0,7.450000000000001,2.15,4.800000000000001,10.600000000000001,myopic_greedy,-1.3999999999999986,13.0,10.600000000000001,0.0
0.65,12.0,1.5,13.0,9.0,0.0,12.0,6.950000000000001,1.65,4.300000000000001,10.100000000000001,myopic_greedy,-1.8999999999999986,13.5,10.100000000000001,0.0
0.65,12.0,2.0,13.0,9.0,0.0,12.0,6.450000000000001,1.15,3.8000000000000007,9.600000000000001,myopic_greedy,-2.3999999999999986,14.0,9.600000000000001,0.0
0.65,12.0,2.5,13.0,9.0,0.0,12.0,5.950000000000001,0.6499999999999999,3.3000000000000007,9.100000000000001,myopic_greedy,-2.8999999999999986,14.5,9.100000000000001,0.0
0.65,12.0,3.0,13.0,9.0,0.0,12.0,5.450000000000001,0.1499999999999999,2.8000000000000007,8.600000000000001,myopic_greedy,-3.3999999999999986,15.0,8.600000000000001,0.0
0.65,12.0,3.5,13.0,9.0,0.0,12.0,4.950000000000001,-0.3500000000000001,2.3000000000000007,8.100000000000001,myopic_greedy,-3.8999999999999986,15.5,8.100000000000001,0.0
0.65,12.0,4.0,13.0,9.0,0.0,12.0,4.450000000000001,-0.8500000000000001,1.8000000000000005,7.600000000000001,myopic_greedy,-4.399999999999999,16.0,7.600000000000001,0.0
0.65,12.5,0.0,13.0,9.0,0.0,12.5,8.450000000000001,3.15,5.800000000000001,11.600000000000001,myopic_greedy,-0.8999999999999986,12.5,11.600000000000001,0.0
0.65,12.5,0.5,13.0,9.0,0.0,12.5,7.950000000000001,2.65,5.300000000000001,11.100000000000001,myopic_greedy,-1.3999999999999986,13.0,11.100000000000001,0.0
0.65,12.5,1.0,13.0,9.0,0.0,12.5,7.450000000000001,2.15,4.800000000000001,10.600000000000001,myopic_greedy,-1.8999999999999986,13.5,10.600000000000001,0.0
0.65,12.5,1.5,13.0,9.0,0.0,12.5,6.950000000000001,1.65,4.300000000000001,10.100000000000001,myopic_greedy,-2.3999999999999986,14.0,10.100000000000001,0.0
0.65,12.5,2.0,13.0,9.0,0.0,12.5,6.450000000000001,1.15,3.8000000000000007,9.600000000000001,myopic_greedy,-2.8999999999999986,14.5,9.600000000000001,0.0
0.65,12.5,2.5,13.0,9.0,0.0,12.5,5.950000000000001,0.6499999999999999,3.3000000000000007,9.100000000000001,myopic_greedy,-3.3999999999999986,15.0,9.100000000000001,0.0
0.65,12.5,3.0,13.0,9.0,0.0,12.5,5.450000000000001,0.1499999999999999,2.8000000000000007,8.600000000000001,myopic_greedy,-3.8999999999999986,15.5,8.600000000000001,0.0
0.65,12.5,3.5,13.0,9.0,0.0,12.5,4.950000000000001,-0.3500000000000001,2.3000000000000007,8.100000000000001,myopic_greedy,-4.399999999999999,16.0,8.100000000000001,0.0
0.65,12.5,4.0,13.0,9.0,0.0,12.5,4.450000000000001,-0.8500000000000001,1.8000000000000005,7.600000000000001,myopic_greedy,-4.899999999999999,16.5,7.600000000000001,0.0
0.65,13.0,0.0,13.0,9.0,0.0,13.0,8.450000000000001,3.15,5.800000000000001,11.600000000000001,myopic_greedy,-1.3999999999999986,13.0,11.600000000000001,0.0
0.65,13.0,0.5,13.0,9.0,0.0,13.0,7.950000000000001,2.65,5.300000000000001,11.100000000000001,myopic_greedy,-1.8999999999999986,13.5,11.100000000000001,0.0
0.65,13.0,1.0,13.0,9.0,0.0,13.0,7.450000000000001,2.15,4.800000000000001,10.600000000000001,myopic_greedy,-2.3999999999999986,14.0,10.600000000000001,0.0
0.65,13.0,1.5,13.0,9.0,0.0,13.0,6.950000000000001,1.65,4.300000000000001,10.100000000000001,myopic_greedy,-2.8999999999999986,14.5,10.100000000000001,0.0
0.65,13.0,2.0,13.0,9.0,0.0,13.0,6.450000000000001,1.15,3.8000000000000007,9.600000000000001,myopic_greedy,-3.3999999999999986,15.0,9.600000000000001,0.0
0.65,13.0,2.5,13.0,9.0,0.0,13.0,5.950000000000001,0.6499999999999999,3.3000000000000007,9.100000000000001,myopic_greedy,-3.8999999999999986,15.5,9.100000000000001,0.0
0.65,13.0,3.0,13.0,9.0,0.0,13.0,5.450000000000001,0.1499999999999999,2.8000000000000007,8.600000000000001,myopic_greedy,-4.399999999999999,16.0,8.600000000000001,0.0
0.65,13.0,3.5,13.0,9.0,0.0,13.0,4.950000000000001,-0.3500000000000001,2.3000000000000007,8.100000000000001,myopic_greedy,-4.899999999999999,16.5,8.100000000000001,0.0
0.65,13.0,4.0,13.0,9.0,0.0,13.0,4.450000000000001,-0.8500000000000001,1.8000000000000005,7.600000000000001,myopic_greedy,-5.399999999999999,17.0,7.600000000000001,0.0
0.65,13.5,0.0,13.0,9.0,0.0,13.5,8.450000000000001,3.15,5.800000000000001,11.600000000000001,myopic_greedy,-1.8999999999999986,13.5,11.600000000000001,0.0
0.65,13.5,0.5,13.0,9.0,0.0,13.5,7.950000000000001,2.65,5.300000000000001,11.100000000000001,myopic_greedy,-2.3999999999999986,14.0,11.100000000000001,0.0
0.65,13.5,1.0,13.0,9.0,0.0,13.5,7.450000000000001,2.15,4.800000000000001,10.600000000000001,myopic_greedy,-2.8999999999999986,14.5,10.600000000000001,0.0
0.65,13.5,1.5,13.0,9.0,0.0,13.5,6.950000000000001,1.65,4.300000000000001,10.100000000000001,myopic_greedy,-3.3999999999999986,15.0,10.100000000000001,0.0
0.65,13.5,2.0,13.0,9.0,0.0,13.5,6.450000000000001,1.15,3.8000000000000007,9.600000000000001,myopic_greedy,-3.8999999999999986,15.5,9.600000000000001,0.0
0.65,13.5,2.5,13.0,9.0,0.0,13.5,5.950000000000001,0.6499999999999999,3.3000000000000007,9.100000000000001,myopic_greedy,-4.399999999999999,16.0,9.100000000000001,0.0
0.65,13.5,3.0,13.0,9.0,0.0,13.5,5.450000000000001,0.1499999999999999,2.8000000000000007,8.600000000000001,myopic_greedy,-4.899999999999999,16.5,8.600000000000001,0.0
0.65,13.5,3.5,13.0,9.0,0.0,13.5,4.950000000000001,-0.3500000000000001,2.3000000000000007,8.100000000000001,myopic_greedy,-5.399999999999999,17.0,8.100000000000001,0.0
0.65,13.5,4.0,13.0,9.0,0.0,13.5,4.450000000000001,-0.8500000000000001,1.8000000000000005,7.600000000000001,myopic_greedy,-5.899999999999999,17.5,7.600000000000001,0.0
0.65,14.0,0.0,13.0,9.0,0.0,14.0,8.450000000000001,3.15,5.800000000000001,11.600000000000001,myopic_greedy,-2.3999999999999986,14.0,11.600000000000001,0.0
0.65,14.0,0.5,13.0,9.0,0.0,14.0,7.950000000000001,2.65,5.300000000000001,11.100000000000001,myopic_greedy,-2.8999999999999986,14.5,11.100000000000001,0.0
0.65,14.0,1.0,13.0,9.0,0.0,14.0,7.450000000000001,2.15,4.800000000000001,10.600000000000001,myopic_greedy,-3.3999999999999986,15.0,10.600000000000001,0.0
0.65,14.0,1.5,13.0,9.0,0.0,14.0,6.950000000000001,1.65,4.300000000000001,10.100000000000001,myopic_greedy,-3.8999999999999986,15.5,10.100000000000001,0.0
0.65,14.0,2.0,13.0,9.0,0.0,14.0,6.450000000000001,1.15,3.8000000000000007,9.600000000000001,myopic_greedy,-4.399999999999999,16.0,9.600000000000001,0.0
0.65,14.0,2.5,13.0,9.0,0.0,14.0,5.950000000000001,0.6499999999999999,3.3000000000000007,9.100000000000001,myopic_greedy,-4.899999999999999,16.5,9.100000000000001,0.0
0.65,14.0,3.0,13.0,9.0,0.0,14.0,5.450000000000001,0.1499999999999999,2.8000000000000007,8.600000000000001,myopic_greedy,-5.399999999999999,17.0,8.600000000000001,0.0
0.65,14.0,3.5,13.0,9.0,0.0,14.0,4.950000000000001,-0.3500000000000001,2.3000000000000007,8.100000000000001,myopic_greedy,-5.899999999999999,17.5,8.100000000000001,0.0
0.65,14.0,4.0,13.0,9.0,0.0,14.0,4.450000000000001,-0.8500000000000001,1.8000000000000005,7.600000000000001,myopic_greedy,-6.399999999999999,18.0,7.600000000000001,0.0
0.65,14.5,0.0,13.0,9.0,0.0,14.5,8.450000000000001,3.15,5.800000000000001,11.600000000000001,myopic_greedy,-2.8999999999999986,14.5,11.600000000000001,0.0
0.65,14.5,0.5,13.0,9.0,0.0,14.5,7.950000000000001,2.65,5.300000000000001,11.100000000000001,myopic_greedy,-3.3999999999999986,15.0,11.100000000000001,0.0
0.65,14.5,1.0,13.0,9.0,0.0,14.5,7.450000000000001,2.15,4.800000000000001,10.600000000000001,myopic_greedy,-3.8999999999999986,15.5,10.600000000000001,0.0
0.65,14.5,1.5,13.0,9.0,0.0,14.5,6.950000000000001,1.65,4.300000000000001,10.100000000000001,myopic_greedy,-4.399999999999999,16.0,10.100000000000001,0.0
0.65,14.5,2.0,13.0,9.0,0.0,14.5,6.450000000000001,1.15,3.8000000000000007,9.600000000000001,myopic_greedy,-4.899999999999999,16.5,9.600000000000001,0.0
0.65,14.5,2.5,13.0,9.0,0.0,14.5,5.950000000000001,0.6499999999999999,3.3000000000000007,9.100000000000001,myopic_greedy,-5.399999999999999,17.0,9.100000000000001,0.0
0.65,14.5,3.0,13.0,9.0,0.0,14.5,5.450000000000001,0.1499999999999999,2.8000000000000007,8.600000000000001,myopic_greedy,-5.899999999999999,17.5,8.600000000000001,0.0
0.65,14.5,3.5,13.0,9.0,0.0,14.5,4.950000000000001,-0.3500000000000001,2.3000000000000007,8.100000000000001,myopic_greedy,-6.399999999999999,18.0,8.100000000000001,0.0
0.65,14.5,4.0,13.0,9.0,0.0,14.5,4.450000000000001,-0.8500000000000001,1.8000000000000005,7.600000000000001,myopic_greedy,-6.899999999999999,18.5,7.600000000000001,0.0
0.65,15.0,0.0,13.0,9.0,0.0,15.0,8.450000000000001,3.15,5.800000000000001,11.600000000000001,myopic_greedy,-3.3999999999999986,15.0,11.600000000000001,0.0
0.65,15.0,0.5,13.0,9.0,0.0,15.0,7.950000000000001,2.65,5.300000000000001,11.100000000000001,myopic_greedy,-3.8999999999999986,15.5,11.100000000000001,0.0
0.65,15.0,1.0,13.0,9.0,0.0,15.0,7.450000000000001,2.15,4.800000000000001,10.600000000000001,myopic_greedy,-4.399999999999999,16.0,10.600000000000001,0.0
0.65,15.0,1.5,13.0,9.0,0.0,15.0,6.950000000000001,1.65,4.300000000000001,10.100000000000001,myopic_greedy,-4.899999999999999,16.5,10.100000000000001,0.0
0.65,15.0,2.0,13.0,9.0,0.0,15.0,6.450000000000001,1.15,3.8000000000000007,9.600000000000001,myopic_greedy,-5.399999999999999,17.0,9.600000000000001,0.0
0.65,15.0,2.5,13.0,9.0,0.0,15.0,5.950000000000001,0.6499999999999999,3.3000000000000007,9.100000000000001,myopic_greedy,-5.899999999999999,17.5,9.100000000000001,0.0
0.65,15.0,3.0,13.0,9.0,0.0,15.0,5.450000000000001,0.1499999999999999,2.8000000000000007,8.600000000000001,myopic_greedy,-6.399999999999999,18.0,8.600000000000001,0.0
0.65,15.0,3.5,13.0,9.0,0.0,15.0,4.950000000000001,-0.3500000000000001,2.3000000000000007,8.100000000000001,myopic_greedy,-6.899999999999999,18.5,8.100000000000001,0.0
0.65,15.0,4.0,13.0,9.0,0.0,15.0,4.450000000000001,-0.8500000000000001,1.8000000000000005,7.600000000000001,myopic_greedy,-7.399999999999999,19.0,7.600000000000001,0.0
0.65,15.5,0.0,13.0,9.0,0.0,15.5,8.450000000000001,3.15,5.800000000000001,11.600000000000001,myopic_greedy,-3.8999999999999986,15.5,11.600000000000001,0.0
0.65,15.5,0.5,13.0,9.0,0.0,15.5,7.950000000000001,2.65,5.300000000000001,11.100000000000001,myopic_greedy,-4.399999999999999,16.0,11.100000000000001,0.0
0.65,15.5,1.0,13.0,9.0,0.0,15.5,7.450000000000001,2.15,4.800000000000001,10.600000000000001,myopic_greedy,-4.899999999999999,16.5,10.600000000000001,0.0
0.65,15.5,1.5,13.0,9.0,0.0,15.5,6.950000000000001,1.65,4.300000000000001,10.100000000000001,myopic_greedy,-5.399999999999999,17.0,10.100000000000001,0.0
0.65,15.5,2.0,13.0,9.0,0.0,15.5,6.450000000000001,1.15,3.8000000000000007,9.600000000000001,myopic_greedy,-5.899999999999999,17.5,9.600000000000001,0.0
0.65,15.5,2.5,13.0,9.0,0.0,15.5,5.950000000000001,0.6499999999999999,3.3000000000000007,9.100000000000001,myopic_greedy,-6.399999999999999,18.0,9.100000000000001,0.0
0.65,15.5,3.0,13.0,9.0,0.0,15.5,5.450000000000001,0.1499999999999999,2.8000000000000007,8.600000000000001,myopic_greedy,-6.899999999999999,18.5,8.600000000000001,0.0
0.65,15.5,3.5,13.0,9.0,0.0,15.5,4.950000000000001,-0.3500000000000001,2.3000000000000007,8.100000000000001,myopic_greedy,-7.399999999999999,19.0,8.100000000000001,0.0
0.65,15.5,4.0,13.0,9.0,0.0,15.5,4.450000000000001,-0.8500000000000001,1.8000000000000005,7.600000000000001,myopic_greedy,-7.899999999999999,19.5,7.600000000000001,0.0
0.65,16.0,0.0,13.0,9.0,0.0,16.0,8.450000000000001,3.15,5.800000000000001,11.600000000000001,myopic_greedy,-4.399999999999999,16.0,11.600000000000001,0.0
0.65,16.0,0.5,13.0,9.0,0.0,16.0,7.950000000000001,2.65,5.300000000000001,11.100000000000001,myopic_greedy,-4.899999999999999,16.5,11.100000000000001,0.0
0.65,16.0,1.0,13.0,9.0,0.0,16.0,7.450000000000001,2.15,4.800000000000001,10.600000000000001,myopic_greedy,-5.399999999999999,17.0,10.600000000000001,0.0
0.65,16.0,1.5,13.0,9.0,0.0,16.0,6.950000000000001,1.65,4.300000000000001,10.100000000000001,myopic_greedy,-5.899999999999999,17.5,10.100000000000001,0.0
0.65,16.0,2.0,13.0,9.0,0.0,16.0,6.450000000000001,1.15,3.8000000000000007,9.600000000000001,myopic_greedy,-6.399999999999999,18.0,9.600000000000001,0.0
0.65,16.0,2.5,13.0,9.0,0.0,16.0,5.950000000000001,0.6499999999999999,3.3000000000000007,9.100000000000001,myopic_greedy,-6.899999999999999,18.5,9.100000000000001,0.0
0.65,16.0,3.0,13.0,9.0,0.0,16.0,5.450000000000001,0.1499999999999999,2.8000000000000007,8.600000000000001,myopic_greedy,-7.399999999999999,19.0,8.600000000000001,0.0
0.65,16.0,3.5,13.0,9.0,0.0,16.0,4.950000000000001,-0.3500000000000001,2.3000000000000007,8.100000000000001,myopic_greedy,-7.899999999999999,19.5,8.100000000000001,0.0
0.65,16.0,4.0,13.0,9.0,0.0,16.0,4.450000000000001,-0.8500000000000001,1.8000000000000005,7.600000000000001,myopic_greedy,-8.399999999999999,20.0,7.600000000000001,0.0
0.65,16.5,0.0,13.0,9.0,0.0,16.5,8.450000000000001,3.15,5.800000000000001,11.600000000000001,myopic_greedy,-4.899999999999999,16.5,11.600000000000001,0.0
0.65,16.5,0.5,13.0,9.0,0.0,16.5,7.950000000000001,2.65,5.300000000000001,11.100000000000001,myopic_greedy,-5.399999999999999,17.0,11.100000000000001,0.0
0.65,16.5,1.0,13.0,9.0,0.0,16.5,7.450000000000001,2.15,4.800000000000001,10.600000000000001,myopic_greedy,-5.899999999999999,17.5,10.600000000000001,0.0
0.65,16.5,1.5,13.0,9.0,0.0,16.5,6.950000000000001,1.65,4.300000000000001,10.100000000000001,myopic_greedy,-6.399999999999999,18.0,10.100000000000001,0.0
0.65,16.5,2.0,13.0,9.0,0.0,16.5,6.450000000000001,1.15,3.8000000000000007,9.600000000000001,myopic_greedy,-6.899999999999999,18.5,9.600000000000001,0.0
0.65,16.5,2.5,13.0,9.0,0.0,16.5,5.950000000000001,0.6499999999999999,3.3000000000000007,9.100000000000001,myopic_greedy,-7.399999999999999,19.0,9.100000000000001,0.0
0.65,16.5,3.0,13.0,9.0,0.0,16.5,5.450000000000001,0.1499999999999999,2.8000000000000007,8.600000000000001,myopic_greedy,-7.899999999999999,19.5,8.600000000000001,0.0
0.65,16.5,3.5,13.0,9.0,0.0,16.5,4.950000000000001,-0.3500000000000001,2.3000000000000007,8.100000000000001,myopic_greedy,-8.399999999999999,20.0,8.100000000000001,0.0
0.65,16.5,4.0,13.0,9.0,0.0,16.5,4.450000000000001,-0.8500000000000001,1.8000000000000005,7.600000000000001,myopic_greedy,-8.899999999999999,20.5,7.600000000000001,0.0
0.65,17.0,0.0,13.0,9.0,0.0,17.0,8.450000000000001,3.15,5.800000000000001,11.600000000000001,myopic_greedy,-5.399999999999999,17.0,11.600000000000001,0.0
0.65,17.0,0.5,13.0,9.0,0.0,17.0,7.950000000000001,2.65,5.300000000000001,11.100000000000001,myopic_greedy,-5.899999999999999,17.5,11.100000000000001,0.0
0.65,17.0,1.0,13.0,9.0,0.0,17.0,7.450000000000001,2.15,4.800000000000001,10.600000000000001,myopic_greedy,-6.399999999999999,18.0,10.600000000000001,0.0
0.65,17.0,1.5,13.0,9.0,0.0,17.0,6.950000000000001,1.65,4.300000000000001,10.100000000000001,myopic_greedy,-6.899999999999999,18.5,10.100000000000001,0.0
0.65,17.0,2.0,13.0,9.0,0.0,17.0,6.450000000000001,1.15,3.8000000000000007,9.600000000000001,myopic_greedy,-7.399999999999999,19.0,9.600000000000001,0.0
0.65,17.0,2.5,13.0,9.0,0.0,17.0,5.950000000000001,0.6499999999999999,3.3000000000000007,9.100000000000001,myopic_greedy,-7.899999999999999,19.5,9.100000000000001,0.0
0.65,17.0,3.0,13.0,9.0,0.0,17.0,5.450000000000001,0.1499999999999999,2.8000000000000007,8.600000000000001,myopic_greedy,-8.399999999999999,20.0,8.600000000000001,0.0
0.65,17.0,3.5,13.0,9.0,0.0,17.0,4.950000000000001,-0.3500000000000001,2.3000000000000007,8.100000000000001,myopic_greedy,-8.899999999999999,20.5,8.100000000000001,0.0
0.65,17.0,4.0,13.0,9.0,0.0,17.0,4.450000000000001,-0.8500000000000001,1.8000000000000005,7.600000000000001,myopic_greedy,-9.399999999999999,21.0,7.600000000000001,0.0
0.65,17.5,0.0,13.0,9.0,0.0,17.5,8.450000000000001,3.15,5.800000000000001,11.600000000000001,myopic_greedy,-5.899999999999999,17.5,11.600000000000001,0.0
0.65,17.5,0.5,13.0,9.0,0.0,17.5,7.950000000000001,2.65,5.300000000000001,11.100000000000001,myopic_greedy,-6.399999999999999,18.0,11.100000000000001,0.0
0.65,17.5,1.0,13.0,9.0,0.0,17.5,7.450000000000001,2.15,4.800000000000001,10.600000000000001,myopic_greedy,-6.899999999999999,18.5,10.600000000000001,0.0
0.65,17.5,1.5,13.0,9.0,0.0,17.5,6.950000000000001,1.65,4.300000000000001,10.100000000000001,myopic_greedy,-7.399999999999999,19.0,10.100000000000001,0.0
0.65,17.5,2.0,13.0,9.0,0.0,17.5,6.450000000000001,1.15,3.8000000000000007,9.600000000000001,myopic_greedy,-7.899999999999999,19.5,9.600000000000001,0.0
0.65,17.5,2.5,13.0,9.0,0.0,17.5,5.950000000000001,0.6499999999999999,3.3000000000000007,9.100000000000001,myopic_greedy,-8.399999999999999,20.0,9.100000000000001,0.0
0.65,17.5,3.0,13.0,9.0,0.0,17.5,5.450000000000001,0.1499999999999999,2.8000000000000007,8.600000000000001,myopic_greedy,-8.899999999999999,20.5,8.600000000000001,0.0
0.65,17.5,3.5,13.0,9.0,0.0,17.5,4.950000000000001,-0.3500000000000001,2.3000000000000007,8.100000000000001,myopic_greedy,-9.399999999999999,21.0,8.100000000000001,0.0
0.65,17.5,4.0,13.0,9.0,0.0,17.5,4.450000000000001,-0.8500000000000001,1.8000000000000005,7.600000000000001,myopic_greedy,-9.899999999999999,21.5,7.600000000000001,0.0
0.65,18.0,0.0,13.0,9.0,0.0,18.0,8.450000000000001,3.15,5.800000000000001,11.600000000000001,myopic_greedy,-6.399999999999999,18.0,11.600000000000001,0.0
0.65,18.0,0.5,13.0,9.0,0.0,18.0,7.950000000000001,2.65,5.300000000000001,11.100000000000001,myopic_greedy,-6.899999999999999,18.5,11.100000000000001,0.0
0.65,18.0,1.0,13.0,9.0,0.0,18.0,7.450000000000001,2.15,4.800000000000001,10.600000000000001,myopic_greedy,-7.399999999999999,19.0,10.600000000000001,0.0
0.65,18.0,1.5,13.0,9.0,0.0,18.0,6.950000000000001,1.65,4.300000000000001,10.100000000000001,myopic_greedy,-7.899999999999999,19.5,10.100000000000001,0.0
0.65,18.0,2.0,13.0,9.0,0.0,18.0,6.450000000000001,1.15,3.8000000000000007,9.600000000000001,myopic_greedy,-8.399999999999999,20.0,9.600000000000001,0.0
0.65,18.0,2.5,13.0,9.0,0.0,18.0,5.950000000000001,0.6499999999999999,3.3000000000000007,9.100000000000001,myopic_greedy,-8.899999999999999,20.5,9.100000000000001,0.0
0.65,18.0,3.0,13.0,9.0,0.0,18.0,5.450000000000001,0.1499999999999999,2.8000000000000007,8.600000000000001,myopic_greedy,-9.399999999999999,21.0,8.600000000000001,0.0
0.65,18.0,3.5,13.0,9.0,0.0,18.0,4.950000000000001,-0.3500000000000001,2.3000000000000007,8.100000000000001,myopic_greedy,-9.899999999999999,21.5,8.100000000000001,0.0
0.65,18.0,4.0,13.0,9.0,0.0,18.0,4.450000000000001,-0.8500000000000001,1.8000000000000005,7.600000000000001,myopic_greedy,-10.399999999999999,22.0,7.600000000000001,0.0
0.7,6.0,0.0,13.0,9.0,0.0,6.0,9.1,2.7,5.9,11.8,possibility_preserving,5.800000000000001,6.0,11.8,1.0
0.7,6.0,0.5,13.0,9.0,0.0,6.0,8.6,2.2,5.4,11.3,possibility_preserving,5.300000000000001,6.5,11.3,1.0
0.7,6.0,1.0,13.0,9.0,0.0,6.0,8.1,1.7000000000000002,4.9,10.8,possibility_preserving,4.800000000000001,7.0,10.8,1.0
0.7,6.0,1.5,13.0,9.0,0.0,6.0,7.6,1.2000000000000002,4.4,10.3,possibility_preserving,4.300000000000001,7.5,10.3,1.0
0.7,6.0,2.0,13.0,9.0,0.0,6.0,7.1,0.7000000000000002,3.9,9.8,possibility_preserving,3.8000000000000007,8.0,9.8,1.0
0.7,6.0,2.5,13.0,9.0,0.0,6.0,6.6,0.20000000000000018,3.4,9.3,possibility_preserving,3.3000000000000007,8.5,9.3,1.0
0.7,6.0,3.0,13.0,9.0,0.0,6.0,6.1,-0.2999999999999998,2.9,8.8,possibility_preserving,2.8000000000000007,9.0,8.8,1.0
0.7,6.0,3.5,13.0,9.0,0.0,6.0,5.6,-0.7999999999999998,2.4,8.3,possibility_preserving,2.3000000000000007,9.5,8.3,1.0
0.7,6.0,4.0,13.0,9.0,0.0,6.0,5.1,-1.2999999999999998,1.9,7.8,possibility_preserving,1.7999999999999998,10.0,7.8,1.0
0.7,6.5,0.0,13.0,9.0,0.0,6.5,9.1,2.7,5.9,11.8,possibility_preserving,5.300000000000001,6.5,11.8,1.0
0.7,6.5,0.5,13.0,9.0,0.0,6.5,8.6,2.2,5.4,11.3,possibility_preserving,4.800000000000001,7.0,11.3,1.0
0.7,6.5,1.0,13.0,9.0,0.0,6.5,8.1,1.7000000000000002,4.9,10.8,possibility_preserving,4.300000000000001,7.5,10.8,1.0
0.7,6.5,1.5,13.0,9.0,0.0,6.5,7.6,1.2000000000000002,4.4,10.3,possibility_preserving,3.8000000000000007,8.0,10.3,1.0
0.7,6.5,2.0,13.0,9.0,0.0,6.5,7.1,0.7000000000000002,3.9,9.8,possibility_preserving,3.3000000000000007,8.5,9.8,1.0
0.7,6.5,2.5,13.0,9.0,0.0,6.5,6.6,0.20000000000000018,3.4,9.3,possibility_preserving,2.8000000000000007,9.0,9.3,1.0
0.7,6.5,3.0,13.0,9.0,0.0,6.5,6.1,-0.2999999999999998,2.9,8.8,possibility_preserving,2.3000000000000007,9.5,8.8,1.0
0.7,6.5,3.5,13.0,9.0,0.0,6.5,5.6,-0.7999999999999998,2.4,8.3,possibility_preserving,1.8000000000000007,10.0,8.3,1.0
0.7,6.5,4.0,13.0,9.0,0.0,6.5,5.1,-1.2999999999999998,1.9,7.8,possibility_preserving,1.2999999999999998,10.5,7.8,1.0
0.7,7.0,0.0,13.0,9.0,0.0,7.0,9.1,2.7,5.9,11.8,possibility_preserving,4.800000000000001,7.0,11.8,1.0
0.7,7.0,0.5,13.0,9.0,0.0,7.0,8.6,2.2,5.4,11.3,possibility_preserving,4.300000000000001,7.5,11.3,1.0
0.7,7.0,1.0,13.0,9.0,0.0,7.0,8.1,1.7000000000000002,4.9,10.8,possibility_preserving,3.8000000000000007,8.0,10.8,1.0
0.7,7.0,1.5,13.0,9.0,0.0,7.0,7.6,1.2000000000000002,4.4,10.3,possibility_preserving,3.3000000000000007,8.5,10.3,1.0
0.7,7.0,2.0,13.0,9.0,0.0,7.0,7.1,0.7000000000000002,3.9,9.8,possibility_preserving,2.8000000000000007,9.0,9.8,1.0
0.7,7.0,2.5,13.0,9.0,0.0,7.0,6.6,0.20000000000000018,3.4,9.3,possibility_preserving,2.3000000000000007,9.5,9.3,1.0
0.7,7.0,3.0,13.0,9.0,0.0,7.0,6.1,-0.2999999999999998,2.9,8.8,possibility_preserving,1.8000000000000007,10.0,8.8,1.0
0.7,7.0,3.5,13.0,9.0,0.0,7.0,5.6,-0.7999999999999998,2.4,8.3,possibility_preserving,1.3000000000000007,10.5,8.3,1.0
0.7,7.0,4.0,13.0,9.0,0.0,7.0,5.1,-1.2999999999999998,1.9,7.8,possibility_preserving,0.7999999999999998,11.0,7.8,1.0
0.7,7.5,0.0,13.0,9.0,0.0,7.5,9.1,2.7,5.9,11.8,possibility_preserving,4.300000000000001,7.5,11.8,1.0
0.7,7.5,0.5,13.0,9.0,0.0,7.5,8.6,2.2,5.4,11.3,possibility_preserving,3.8000000000000007,8.0,11.3,1.0
0.7,7.5,1.0,13.0,9.0,0.0,7.5,8.1,1.7000000000000002,4.9,10.8,possibility_preserving,3.3000000000000007,8.5,10.8,1.0
0.7,7.5,1.5,13.0,9.0,0.0,7.5,7.6,1.2000000000000002,4.4,10.3,possibility_preserving,2.8000000000000007,9.0,10.3,1.0
0.7,7.5,2.0,13.0,9.0,0.0,7.5,7.1,0.7000000000000002,3.9,9.8,possibility_preserving,2.3000000000000007,9.5,9.8,1.0
0.7,7.5,2.5,13.0,9.0,0.0,7.5,6.6,0.20000000000000018,3.4,9.3,possibility_preserving,1.8000000000000007,10.0,9.3,1.0
0.7,7.5,3.0,13.0,9.0,0.0,7.5,6.1,-0.2999999999999998,2.9,8.8,possibility_preserving,1.3000000000000007,10.5,8.8,1.0
0.7,7.5,3.5,13.0,9.0,0.0,7.5,5.6,-0.7999999999999998,2.4,8.3,possibility_preserving,0.8000000000000007,11.0,8.3,1.0
0.7,7.5,4.0,13.0,9.0,0.0,7.5,5.1,-1.2999999999999998,1.9,7.8,possibility_preserving,0.2999999999999998,11.5,7.8,1.0
0.7,8.0,0.0,13.0,9.0,0.0,8.0,9.1,2.7,5.9,11.8,possibility_preserving,3.8000000000000007,8.0,11.8,1.0
0.7,8.0,0.5,13.0,9.0,0.0,8.0,8.6,2.2,5.4,11.3,possibility_preserving,3.3000000000000007,8.5,11.3,1.0
0.7,8.0,1.0,13.0,9.0,0.0,8.0,8.1,1.7000000000000002,4.9,10.8,possibility_preserving,2.8000000000000007,9.0,10.8,1.0
0.7,8.0,1.5,13.0,9.0,0.0,8.0,7.6,1.2000000000000002,4.4,10.3,possibility_preserving,2.3000000000000007,9.5,10.3,1.0
0.7,8.0,2.0,13.0,9.0,0.0,8.0,7.1,0.7000000000000002,3.9,9.8,possibility_preserving,1.8000000000000007,10.0,9.8,1.0
0.7,8.0,2.5,13.0,9.0,0.0,8.0,6.6,0.20000000000000018,3.4,9.3,possibility_preserving,1.3000000000000007,10.5,9.3,1.0
0.7,8.0,3.0,13.0,9.0,0.0,8.0,6.1,-0.2999999999999998,2.9,8.8,possibility_preserving,0.8000000000000007,11.0,8.8,1.0
0.7,8.0,3.5,13.0,9.0,0.0,8.0,5.6,-0.7999999999999998,2.4,8.3,possibility_preserving,0.3000000000000007,11.5,8.3,1.0
0.7,8.0,4.0,13.0,9.0,0.0,8.0,5.1,-1.2999999999999998,1.9,7.8,myopic_greedy,-0.20000000000000018,12.0,7.8,0.0
0.7,8.5,0.0,13.0,9.0,0.0,8.5,9.1,2.7,5.9,11.8,possibility_preserving,3.3000000000000007,8.5,11.8,1.0
0.7,8.5,0.5,13.0,9.0,0.0,8.5,8.6,2.2,5.4,11.3,possibility_preserving,2.8000000000000007,9.0,11.3,1.0
0.7,8.5,1.0,13.0,9.0,0.0,8.5,8.1,1.7000000000000002,4.9,10.8,possibility_preserving,2.3000000000000007,9.5,10.8,1.0
0.7,8.5,1.5,13.0,9.0,0.0,8.5,7.6,1.2000000000000002,4.4,10.3,possibility_preserving,1.8000000000000007,10.0,10.3,1.0
0.7,8.5,2.0,13.0,9.0,0.0,8.5,7.1,0.7000000000000002,3.9,9.8,possibility_preserving,1.3000000000000007,10.5,9.8,1.0
0.7,8.5,2.5,13.0,9.0,0.0,8.5,6.6,0.20000000000000018,3.4,9.3,possibility_preserving,0.8000000000000007,11.0,9.3,1.0
0.7,8.5,3.0,13.0,9.0,0.0,8.5,6.1,-0.2999999999999998,2.9,8.8,possibility_preserving,0.3000000000000007,11.5,8.8,1.0
0.7,8.5,3.5,13.0,9.0,0.0,8.5,5.6,-0.7999999999999998,2.4,8.3,myopic_greedy,-0.1999999999999993,12.0,8.3,0.0
0.7,8.5,4.0,13.0,9.0,0.0,8.5,5.1,-1.2999999999999998,1.9,7.8,myopic_greedy,-0.7000000000000002,12.5,7.8,0.0
0.7,9.0,0.0,13.0,9.0,0.0,9.0,9.1,2.7,5.9,11.8,possibility_preserving,2.8000000000000007,9.0,11.8,1.0
0.7,9.0,0.5,13.0,9.0,0.0,9.0,8.6,2.2,5.4,11.3,possibility_preserving,2.3000000000000007,9.5,11.3,1.0
0.7,9.0,1.0,13.0,9.0,0.0,9.0,8.1,1.7000000000000002,4.9,10.8,possibility_preserving,1.8000000000000007,10.0,10.8,1.0
0.7,9.0,1.5,13.0,9.0,0.0,9.0,7.6,1.2000000000000002,4.4,10.3,possibility_preserving,1.3000000000000007,10.5,10.3,1.0
0.7,9.0,2.0,13.0,9.0,0.0,9.0,7.1,0.7000000000000002,3.9,9.8,possibility_preserving,0.8000000000000007,11.0,9.8,1.0
0.7,9.0,2.5,13.0,9.0,0.0,9.0,6.6,0.20000000000000018,3.4,9.3,possibility_preserving,0.3000000000000007,11.5,9.3,1.0
0.7,9.0,3.0,13.0,9.0,0.0,9.0,6.1,-0.2999999999999998,2.9,8.8,myopic_greedy,-0.1999999999999993,12.0,8.8,0.0
0.7,9.0,3.5,13.0,9.0,0.0,9.0,5.6,-0.7999999999999998,2.4,8.3,myopic_greedy,-0.6999999999999993,12.5,8.3,0.0
0.7,9.0,4.0,13.0,9.0,0.0,9.0,5.1,-1.2999999999999998,1.9,7.8,myopic_greedy,-1.2000000000000002,13.0,7.8,0.0
0.7,9.5,0.0,13.0,9.0,0.0,9.5,9.1,2.7,5.9,11.8,possibility_preserving,2.3000000000000007,9.5,11.8,1.0
0.7,9.5,0.5,13.0,9.0,0.0,9.5,8.6,2.2,5.4,11.3,possibility_preserving,1.8000000000000007,10.0,11.3,1.0
0.7,9.5,1.0,13.0,9.0,0.0,9.5,8.1,1.7000000000000002,4.9,10.8,possibility_preserving,1.3000000000000007,10.5,10.8,1.0
0.7,9.5,1.5,13.0,9.0,0.0,9.5,7.6,1.2000000000000002,4.4,10.3,possibility_preserving,0.8000000000000007,11.0,10.3,1.0
0.7,9.5,2.0,13.0,9.0,0.0,9.5,7.1,0.7000000000000002,3.9,9.8,possibility_preserving,0.3000000000000007,11.5,9.8,1.0
0.7,9.5,2.5,13.0,9.0,0.0,9.5,6.6,0.20000000000000018,3.4,9.3,myopic_greedy,-0.1999999999999993,12.0,9.3,0.0
0.7,9.5,3.0,13.0,9.0,0.0,9.5,6.1,-0.2999999999999998,2.9,8.8,myopic_greedy,-0.6999999999999993,12.5,8.8,0.0
0.7,9.5,3.5,13.0,9.0,0.0,9.5,5.6,-0.7999999999999998,2.4,8.3,myopic_greedy,-1.1999999999999993,13.0,8.3,0.0
0.7,9.5,4.0,13.0,9.0,0.0,9.5,5.1,-1.2999999999999998,1.9,7.8,myopic_greedy,-1.7000000000000002,13.5,7.8,0.0
0.7,10.0,0.0,13.0,9.0,0.0,10.0,9.1,2.7,5.9,11.8,possibility_preserving,1.8000000000000007,10.0,11.8,1.0
0.7,10.0,0.5,13.0,9.0,0.0,10.0,8.6,2.2,5.4,11.3,possibility_preserving,1.3000000000000007,10.5,11.3,1.0
0.7,10.0,1.0,13.0,9.0,0.0,10.0,8.1,1.7000000000000002,4.9,10.8,possibility_preserving,0.8000000000000007,11.0,10.8,1.0
0.7,10.0,1.5,13.0,9.0,0.0,10.0,7.6,1.2000000000000002,4.4,10.3,possibility_preserving,0.3000000000000007,11.5,10.3,1.0
0.7,10.0,2.0,13.0,9.0,0.0,10.0,7.1,0.7000000000000002,3.9,9.8,myopic_greedy,-0.1999999999999993,12.0,9.8,0.0
0.7,10.0,2.5,13.0,9.0,0.0,10.0,6.6,0.20000000000000018,3.4,9.3,myopic_greedy,-0.6999999999999993,12.5,9.3,0.0
0.7,10.0,3.0,13.0,9.0,0.0,10.0,6.1,-0.2999999999999998,2.9,8.8,myopic_greedy,-1.1999999999999993,13.0,8.8,0.0
0.7,10.0,3.5,13.0,9.0,0.0,10.0,5.6,-0.7999999999999998,2.4,8.3,myopic_greedy,-1.6999999999999993,13.5,8.3,0.0
0.7,10.0,4.0,13.0,9.0,0.0,10.0,5.1,-1.2999999999999998,1.9,7.8,myopic_greedy,-2.2,14.0,7.8,0.0
0.7,10.5,0.0,13.0,9.0,0.0,10.5,9.1,2.7,5.9,11.8,possibility_preserving,1.3000000000000007,10.5,11.8,1.0
0.7,10.5,0.5,13.0,9.0,0.0,10.5,8.6,2.2,5.4,11.3,possibility_preserving,0.8000000000000007,11.0,11.3,1.0
0.7,10.5,1.0,13.0,9.0,0.0,10.5,8.1,1.7000000000000002,4.9,10.8,possibility_preserving,0.3000000000000007,11.5,10.8,1.0
0.7,10.5,1.5,13.0,9.0,0.0,10.5,7.6,1.2000000000000002,4.4,10.3,myopic_greedy,-0.1999999999999993,12.0,10.3,0.0
0.7,10.5,2.0,13.0,9.0,0.0,10.5,7.1,0.7000000000000002,3.9,9.8,myopic_greedy,-0.6999999999999993,12.5,9.8,0.0
0.7,10.5,2.5,13.0,9.0,0.0,10.5,6.6,0.20000000000000018,3.4,9.3,myopic_greedy,-1.1999999999999993,13.0,9.3,0.0
0.7,10.5,3.0,13.0,9.0,0.0,10.5,6.1,-0.2999999999999998,2.9,8.8,myopic_greedy,-1.6999999999999993,13.5,8.8,0.0
0.7,10.5,3.5,13.0,9.0,0.0,10.5,5.6,-0.7999999999999998,2.4,8.3,myopic_greedy,-2.1999999999999993,14.0,8.3,0.0
0.7,10.5,4.0,13.0,9.0,0.0,10.5,5.1,-1.2999999999999998,1.9,7.8,myopic_greedy,-2.7,14.5,7.8,0.0
0.7,11.0,0.0,13.0,9.0,0.0,11.0,9.1,2.7,5.9,11.8,possibility_preserving,0.8000000000000007,11.0,11.8,1.0
0.7,11.0,0.5,13.0,9.0,0.0,11.0,8.6,2.2,5.4,11.3,possibility_preserving,0.3000000000000007,11.5,11.3,1.0
0.7,11.0,1.0,13.0,9.0,0.0,11.0,8.1,1.7000000000000002,4.9,10.8,myopic_greedy,-0.1999999999999993,12.0,10.8,0.0
0.7,11.0,1.5,13.0,9.0,0.0,11.0,7.6,1.2000000000000002,4.4,10.3,myopic_greedy,-0.6999999999999993,12.5,10.3,0.0
0.7,11.0,2.0,13.0,9.0,0.0,11.0,7.1,0.7000000000000002,3.9,9.8,myopic_greedy,-1.1999999999999993,13.0,9.8,0.0
0.7,11.0,2.5,13.0,9.0,0.0,11.0,6.6,0.20000000000000018,3.4,9.3,myopic_greedy,-1.6999999999999993,13.5,9.3,0.0
0.7,11.0,3.0,13.0,9.0,0.0,11.0,6.1,-0.2999999999999998,2.9,8.8,myopic_greedy,-2.1999999999999993,14.0,8.8,0.0
0.7,11.0,3.5,13.0,9.0,0.0,11.0,5.6,-0.7999999999999998,2.4,8.3,myopic_greedy,-2.6999999999999993,14.5,8.3,0.0
0.7,11.0,4.0,13.0,9.0,0.0,11.0,5.1,-1.2999999999999998,1.9,7.8,myopic_greedy,-3.2,15.0,7.8,0.0
0.7,11.5,0.0,13.0,9.0,0.0,11.5,9.1,2.7,5.9,11.8,possibility_preserving,0.3000000000000007,11.5,11.8,1.0
0.7,11.5,0.5,13.0,9.0,0.0,11.5,8.6,2.2,5.4,11.3,myopic_greedy,-0.1999999999999993,12.0,11.3,0.0
0.7,11.5,1.0,13.0,9.0,0.0,11.5,8.1,1.7000000000000002,4.9,10.8,myopic_greedy,-0.6999999999999993,12.5,10.8,0.0
0.7,11.5,1.5,13.0,9.0,0.0,11.5,7.6,1.2000000000000002,4.4,10.3,myopic_greedy,-1.1999999999999993,13.0,10.3,0.0
0.7,11.5,2.0,13.0,9.0,0.0,11.5,7.1,0.7000000000000002,3.9,9.8,myopic_greedy,-1.6999999999999993,13.5,9.8,0.0
0.7,11.5,2.5,13.0,9.0,0.0,11.5,6.6,0.20000000000000018,3.4,9.3,myopic_greedy,-2.1999999999999993,14.0,9.3,0.0
0.7,11.5,3.0,13.0,9.0,0.0,11.5,6.1,-0.2999999999999998,2.9,8.8,myopic_greedy,-2.6999999999999993,14.5,8.8,0.0
0.7,11.5,3.5,13.0,9.0,0.0,11.5,5.6,-0.7999999999999998,2.4,8.3,myopic_greedy,-3.1999999999999993,15.0,8.3,0.0
0.7,11.5,4.0,13.0,9.0,0.0,11.5,5.1,-1.2999999999999998,1.9,7.8,myopic_greedy,-3.7,15.5,7.8,0.0
0.7,12.0,0.0,13.0,9.0,0.0,12.0,9.1,2.7,5.9,11.8,myopic_greedy,-0.1999999999999993,12.0,11.8,0.0
0.7,12.0,0.5,13.0,9.0,0.0,12.0,8.6,2.2,5.4,11.3,myopic_greedy,-0.6999999999999993,12.5,11.3,0.0
0.7,12.0,1.0,13.0,9.0,0.0,12.0,8.1,1.7000000000000002,4.9,10.8,myopic_greedy,-1.1999999999999993,13.0,10.8,0.0
0.7,12.0,1.5,13.0,9.0,0.0,12.0,7.6,1.2000000000000002,4.4,10.3,myopic_greedy,-1.6999999999999993,13.5,10.3,0.0
0.7,12.0,2.0,13.0,9.0,0.0,12.0,7.1,0.7000000000000002,3.9,9.8,myopic_greedy,-2.1999999999999993,14.0,9.8,0.0
0.7,12.0,2.5,13.0,9.0,0.0,12.0,6.6,0.20000000000000018,3.4,9.3,myopic_greedy,-2.6999999999999993,14.5,9.3,0.0
0.7,12.0,3.0,13.0,9.0,0.0,12.0,6.1,-0.2999999999999998,2.9,8.8,myopic_greedy,-3.1999999999999993,15.0,8.8,0.0
0.7,12.0,3.5,13.0,9.0,0.0,12.0,5.6,-0.7999999999999998,2.4,8.3,myopic_greedy,-3.6999999999999993,15.5,8.3,0.0
0.7,12.0,4.0,13.0,9.0,0.0,12.0,5.1,-1.2999999999999998,1.9,7.8,myopic_greedy,-4.2,16.0,7.8,0.0
0.7,12.5,0.0,13.0,9.0,0.0,12.5,9.1,2.7,5.9,11.8,myopic_greedy,-0.6999999999999993,12.5,11.8,0.0
0.7,12.5,0.5,13.0,9.0,0.0,12.5,8.6,2.2,5.4,11.3,myopic_greedy,-1.1999999999999993,13.0,11.3,0.0
0.7,12.5,1.0,13.0,9.0,0.0,12.5,8.1,1.7000000000000002,4.9,10.8,myopic_greedy,-1.6999999999999993,13.5,10.8,0.0
0.7,12.5,1.5,13.0,9.0,0.0,12.5,7.6,1.2000000000000002,4.4,10.3,myopic_greedy,-2.1999999999999993,14.0,10.3,0.0
0.7,12.5,2.0,13.0,9.0,0.0,12.5,7.1,0.7000000000000002,3.9,9.8,myopic_greedy,-2.6999999999999993,14.5,9.8,0.0
0.7,12.5,2.5,13.0,9.0,0.0,12.5,6.6,0.20000000000000018,3.4,9.3,myopic_greedy,-3.1999999999999993,15.0,9.3,0.0
0.7,12.5,3.0,13.0,9.0,0.0,12.5,6.1,-0.2999999999999998,2.9,8.8,myopic_greedy,-3.6999999999999993,15.5,8.8,0.0
0.7,12.5,3.5,13.0,9.0,0.0,12.5,5.6,-0.7999999999999998,2.4,8.3,myopic_greedy,-4.199999999999999,16.0,8.3,0.0
0.7,12.5,4.0,13.0,9.0,0.0,12.5,5.1,-1.2999999999999998,1.9,7.8,myopic_greedy,-4.7,16.5,7.8,0.0
0.7,13.0,0.0,13.0,9.0,0.0,13.0,9.1,2.7,5.9,11.8,myopic_greedy,-1.1999999999999993,13.0,11.8,0.0
0.7,13.0,0.5,13.0,9.0,0.0,13.0,8.6,2.2,5.4,11.3,myopic_greedy,-1.6999999999999993,13.5,11.3,0.0
0.7,13.0,1.0,13.0,9.0,0.0,13.0,8.1,1.7000000000000002,4.9,10.8,myopic_greedy,-2.1999999999999993,14.0,10.8,0.0
0.7,13.0,1.5,13.0,9.0,0.0,13.0,7.6,1.2000000000000002,4.4,10.3,myopic_greedy,-2.6999999999999993,14.5,10.3,0.0
0.7,13.0,2.0,13.0,9.0,0.0,13.0,7.1,0.7000000000000002,3.9,9.8,myopic_greedy,-3.1999999999999993,15.0,9.8,0.0
0.7,13.0,2.5,13.0,9.0,0.0,13.0,6.6,0.20000000000000018,3.4,9.3,myopic_greedy,-3.6999999999999993,15.5,9.3,0.0
0.7,13.0,3.0,13.0,9.0,0.0,13.0,6.1,-0.2999999999999998,2.9,8.8,myopic_greedy,-4.199999999999999,16.0,8.8,0.0
0.7,13.0,3.5,13.0,9.0,0.0,13.0,5.6,-0.7999999999999998,2.4,8.3,myopic_greedy,-4.699999999999999,16.5,8.3,0.0
0.7,13.0,4.0,13.0,9.0,0.0,13.0,5.1,-1.2999999999999998,1.9,7.8,myopic_greedy,-5.2,17.0,7.8,0.0
0.7,13.5,0.0,13.0,9.0,0.0,13.5,9.1,2.7,5.9,11.8,myopic_greedy,-1.6999999999999993,13.5,11.8,0.0
0.7,13.5,0.5,13.0,9.0,0.0,13.5,8.6,2.2,5.4,11.3,myopic_greedy,-2.1999999999999993,14.0,11.3,0.0
0.7,13.5,1.0,13.0,9.0,0.0,13.5,8.1,1.7000000000000002,4.9,10.8,myopic_greedy,-2.6999999999999993,14.5,10.8,0.0
0.7,13.5,1.5,13.0,9.0,0.0,13.5,7.6,1.2000000000000002,4.4,10.3,myopic_greedy,-3.1999999999999993,15.0,10.3,0.0
0.7,13.5,2.0,13.0,9.0,0.0,13.5,7.1,0.7000000000000002,3.9,9.8,myopic_greedy,-3.6999999999999993,15.5,9.8,0.0
0.7,13.5,2.5,13.0,9.0,0.0,13.5,6.6,0.20000000000000018,3.4,9.3,myopic_greedy,-4.199999999999999,16.0,9.3,0.0
0.7,13.5,3.0,13.0,9.0,0.0,13.5,6.1,-0.2999999999999998,2.9,8.8,myopic_greedy,-4.699999999999999,16.5,8.8,0.0
0.7,13.5,3.5,13.0,9.0,0.0,13.5,5.6,-0.7999999999999998,2.4,8.3,myopic_greedy,-5.199999999999999,17.0,8.3,0.0
0.7,13.5,4.0,13.0,9.0,0.0,13.5,5.1,-1.2999999999999998,1.9,7.8,myopic_greedy,-5.7,17.5,7.8,0.0
0.7,14.0,0.0,13.0,9.0,0.0,14.0,9.1,2.7,5.9,11.8,myopic_greedy,-2.1999999999999993,14.0,11.8,0.0
0.7,14.0,0.5,13.0,9.0,0.0,14.0,8.6,2.2,5.4,11.3,myopic_greedy,-2.6999999999999993,14.5,11.3,0.0
0.7,14.0,1.0,13.0,9.0,0.0,14.0,8.1,1.7000000000000002,4.9,10.8,myopic_greedy,-3.1999999999999993,15.0,10.8,0.0
0.7,14.0,1.5,13.0,9.0,0.0,14.0,7.6,1.2000000000000002,4.4,10.3,myopic_greedy,-3.6999999999999993,15.5,10.3,0.0
0.7,14.0,2.0,13.0,9.0,0.0,14.0,7.1,0.7000000000000002,3.9,9.8,myopic_greedy,-4.199999999999999,16.0,9.8,0.0
0.7,14.0,2.5,13.0,9.0,0.0,14.0,6.6,0.20000000000000018,3.4,9.3,myopic_greedy,-4.699999999999999,16.5,9.3,0.0
0.7,14.0,3.0,13.0,9.0,0.0,14.0,6.1,-0.2999999999999998,2.9,8.8,myopic_greedy,-5.199999999999999,17.0,8.8,0.0
0.7,14.0,3.5,13.0,9.0,0.0,14.0,5.6,-0.7999999999999998,2.4,8.3,myopic_greedy,-5.699999999999999,17.5,8.3,0.0
0.7,14.0,4.0,13.0,9.0,0.0,14.0,5.1,-1.2999999999999998,1.9,7.8,myopic_greedy,-6.2,18.0,7.8,0.0
0.7,14.5,0.0,13.0,9.0,0.0,14.5,9.1,2.7,5.9,11.8,myopic_greedy,-2.6999999999999993,14.5,11.8,0.0
0.7,14.5,0.5,13.0,9.0,0.0,14.5,8.6,2.2,5.4,11.3,myopic_greedy,-3.1999999999999993,15.0,11.3,0.0
0.7,14.5,1.0,13.0,9.0,0.0,14.5,8.1,1.7000000000000002,4.9,10.8,myopic_greedy,-3.6999999999999993,15.5,10.8,0.0
0.7,14.5,1.5,13.0,9.0,0.0,14.5,7.6,1.2000000000000002,4.4,10.3,myopic_greedy,-4.199999999999999,16.0,10.3,0.0
0.7,14.5,2.0,13.0,9.0,0.0,14.5,7.1,0.7000000000000002,3.9,9.8,myopic_greedy,-4.699999999999999,16.5,9.8,0.0
0.7,14.5,2.5,13.0,9.0,0.0,14.5,6.6,0.20000000000000018,3.4,9.3,myopic_greedy,-5.199999999999999,17.0,9.3,0.0
0.7,14.5,3.0,13.0,9.0,0.0,14.5,6.1,-0.2999999999999998,2.9,8.8,myopic_greedy,-5.699999999999999,17.5,8.8,0.0
0.7,14.5,3.5,13.0,9.0,0.0,14.5,5.6,-0.7999999999999998,2.4,8.3,myopic_greedy,-6.199999999999999,18.0,8.3,0.0
0.7,14.5,4.0,13.0,9.0,0.0,14.5,5.1,-1.2999999999999998,1.9,7.8,myopic_greedy,-6.7,18.5,7.8,0.0
0.7,15.0,0.0,13.0,9.0,0.0,15.0,9.1,2.7,5.9,11.8,myopic_greedy,-3.1999999999999993,15.0,11.8,0.0
0.7,15.0,0.5,13.0,9.0,0.0,15.0,8.6,2.2,5.4,11.3,myopic_greedy,-3.6999999999999993,15.5,11.3,0.0
0.7,15.0,1.0,13.0,9.0,0.0,15.0,8.1,1.7000000000000002,4.9,10.8,myopic_greedy,-4.199999999999999,16.0,10.8,0.0
0.7,15.0,1.5,13.0,9.0,0.0,15.0,7.6,1.2000000000000002,4.4,10.3,myopic_greedy,-4.699999999999999,16.5,10.3,0.0
0.7,15.0,2.0,13.0,9.0,0.0,15.0,7.1,0.7000000000000002,3.9,9.8,myopic_greedy,-5.199999999999999,17.0,9.8,0.0
0.7,15.0,2.5,13.0,9.0,0.0,15.0,6.6,0.20000000000000018,3.4,9.3,myopic_greedy,-5.699999999999999,17.5,9.3,0.0
0.7,15.0,3.0,13.0,9.0,0.0,15.0,6.1,-0.2999999999999998,2.9,8.8,myopic_greedy,-6.199999999999999,18.0,8.8,0.0
0.7,15.0,3.5,13.0,9.0,0.0,15.0,5.6,-0.7999999999999998,2.4,8.3,myopic_greedy,-6.699999999999999,18.5,8.3,0.0
0.7,15.0,4.0,13.0,9.0,0.0,15.0,5.1,-1.2999999999999998,1.9,7.8,myopic_greedy,-7.2,19.0,7.8,0.0
0.7,15.5,0.0,13.0,9.0,0.0,15.5,9.1,2.7,5.9,11.8,myopic_greedy,-3.6999999999999993,15.5,11.8,0.0
0.7,15.5,0.5,13.0,9.0,0.0,15.5,8.6,2.2,5.4,11.3,myopic_greedy,-4.199999999999999,16.0,11.3,0.0
0.7,15.5,1.0,13.0,9.0,0.0,15.5,8.1,1.7000000000000002,4.9,10.8,myopic_greedy,-4.699999999999999,16.5,10.8,0.0
0.7,15.5,1.5,13.0,9.0,0.0,15.5,7.6,1.2000000000000002,4.4,10.3,myopic_greedy,-5.199999999999999,17.0,10.3,0.0
0.7,15.5,2.0,13.0,9.0,0.0,15.5,7.1,0.7000000000000002,3.9,9.8,myopic_greedy,-5.699999999999999,17.5,9.8,0.0
0.7,15.5,2.5,13.0,9.0,0.0,15.5,6.6,0.20000000000000018,3.4,9.3,myopic_greedy,-6.199999999999999,18.0,9.3,0.0
0.7,15.5,3.0,13.0,9.0,0.0,15.5,6.1,-0.2999999999999998,2.9,8.8,myopic_greedy,-6.699999999999999,18.5,8.8,0.0
0.7,15.5,3.5,13.0,9.0,0.0,15.5,5.6,-0.7999999999999998,2.4,8.3,myopic_greedy,-7.199999999999999,19.0,8.3,0.0
0.7,15.5,4.0,13.0,9.0,0.0,15.5,5.1,-1.2999999999999998,1.9,7.8,myopic_greedy,-7.7,19.5,7.8,0.0
0.7,16.0,0.0,13.0,9.0,0.0,16.0,9.1,2.7,5.9,11.8,myopic_greedy,-4.199999999999999,16.0,11.8,0.0
0.7,16.0,0.5,13.0,9.0,0.0,16.0,8.6,2.2,5.4,11.3,myopic_greedy,-4.699999999999999,16.5,11.3,0.0
0.7,16.0,1.0,13.0,9.0,0.0,16.0,8.1,1.7000000000000002,4.9,10.8,myopic_greedy,-5.199999999999999,17.0,10.8,0.0
0.7,16.0,1.5,13.0,9.0,0.0,16.0,7.6,1.2000000000000002,4.4,10.3,myopic_greedy,-5.699999999999999,17.5,10.3,0.0
0.7,16.0,2.0,13.0,9.0,0.0,16.0,7.1,0.7000000000000002,3.9,9.8,myopic_greedy,-6.199999999999999,18.0,9.8,0.0
0.7,16.0,2.5,13.0,9.0,0.0,16.0,6.6,0.20000000000000018,3.4,9.3,myopic_greedy,-6.699999999999999,18.5,9.3,0.0
0.7,16.0,3.0,13.0,9.0,0.0,16.0,6.1,-0.2999999999999998,2.9,8.8,myopic_greedy,-7.199999999999999,19.0,8.8,0.0
0.7,16.0,3.5,13.0,9.0,0.0,16.0,5.6,-0.7999999999999998,2.4,8.3,myopic_greedy,-7.699999999999999,19.5,8.3,0.0
0.7,16.0,4.0,13.0,9.0,0.0,16.0,5.1,-1.2999999999999998,1.9,7.8,myopic_greedy,-8.2,20.0,7.8,0.0
0.7,16.5,0.0,13.0,9.0,0.0,16.5,9.1,2.7,5.9,11.8,myopic_greedy,-4.699999999999999,16.5,11.8,0.0
0.7,16.5,0.5,13.0,9.0,0.0,16.5,8.6,2.2,5.4,11.3,myopic_greedy,-5.199999999999999,17.0,11.3,0.0
0.7,16.5,1.0,13.0,9.0,0.0,16.5,8.1,1.7000000000000002,4.9,10.8,myopic_greedy,-5.699999999999999,17.5,10.8,0.0
0.7,16.5,1.5,13.0,9.0,0.0,16.5,7.6,1.2000000000000002,4.4,10.3,myopic_greedy,-6.199999999999999,18.0,10.3,0.0
0.7,16.5,2.0,13.0,9.0,0.0,16.5,7.1,0.7000000000000002,3.9,9.8,myopic_greedy,-6.699999999999999,18.5,9.8,0.0
0.7,16.5,2.5,13.0,9.0,0.0,16.5,6.6,0.20000000000000018,3.4,9.3,myopic_greedy,-7.199999999999999,19.0,9.3,0.0
0.7,16.5,3.0,13.0,9.0,0.0,16.5,6.1,-0.2999999999999998,2.9,8.8,myopic_greedy,-7.699999999999999,19.5,8.8,0.0
0.7,16.5,3.5,13.0,9.0,0.0,16.5,5.6,-0.7999999999999998,2.4,8.3,myopic_greedy,-8.2,20.0,8.3,0.0
0.7,16.5,4.0,13.0,9.0,0.0,16.5,5.1,-1.2999999999999998,1.9,7.8,myopic_greedy,-8.7,20.5,7.8,0.0
0.7,17.0,0.0,13.0,9.0,0.0,17.0,9.1,2.7,5.9,11.8,myopic_greedy,-5.199999999999999,17.0,11.8,0.0
0.7,17.0,0.5,13.0,9.0,0.0,17.0,8.6,2.2,5.4,11.3,myopic_greedy,-5.699999999999999,17.5,11.3,0.0
0.7,17.0,1.0,13.0,9.0,0.0,17.0,8.1,1.7000000000000002,4.9,10.8,myopic_greedy,-6.199999999999999,18.0,10.8,0.0
0.7,17.0,1.5,13.0,9.0,0.0,17.0,7.6,1.2000000000000002,4.4,10.3,myopic_greedy,-6.699999999999999,18.5,10.3,0.0
0.7,17.0,2.0,13.0,9.0,0.0,17.0,7.1,0.7000000000000002,3.9,9.8,myopic_greedy,-7.199999999999999,19.0,9.8,0.0
0.7,17.0,2.5,13.0,9.0,0.0,17.0,6.6,0.20000000000000018,3.4,9.3,myopic_greedy,-7.699999999999999,19.5,9.3,0.0
0.7,17.0,3.0,13.0,9.0,0.0,17.0,6.1,-0.2999999999999998,2.9,8.8,myopic_greedy,-8.2,20.0,8.8,0.0
0.7,17.0,3.5,13.0,9.0,0.0,17.0,5.6,-0.7999999999999998,2.4,8.3,myopic_greedy,-8.7,20.5,8.3,0.0
0.7,17.0,4.0,13.0,9.0,0.0,17.0,5.1,-1.2999999999999998,1.9,7.8,myopic_greedy,-9.2,21.0,7.8,0.0
0.7,17.5,0.0,13.0,9.0,0.0,17.5,9.1,2.7,5.9,11.8,myopic_greedy,-5.699999999999999,17.5,11.8,0.0
0.7,17.5,0.5,13.0,9.0,0.0,17.5,8.6,2.2,5.4,11.3,myopic_greedy,-6.199999999999999,18.0,11.3,0.0
0.7,17.5,1.0,13.0,9.0,0.0,17.5,8.1,1.7000000000000002,4.9,10.8,myopic_greedy,-6.699999999999999,18.5,10.8,0.0
0.7,17.5,1.5,13.0,9.0,0.0,17.5,7.6,1.2000000000000002,4.4,10.3,myopic_greedy,-7.199999999999999,19.0,10.3,0.0
0.7,17.5,2.0,13.0,9.0,0.0,17.5,7.1,0.7000000000000002,3.9,9.8,myopic_greedy,-7.699999999999999,19.5,9.8,0.0
0.7,17.5,2.5,13.0,9.0,0.0,17.5,6.6,0.20000000000000018,3.4,9.3,myopic_greedy,-8.2,20.0,9.3,0.0
0.7,17.5,3.0,13.0,9.0,0.0,17.5,6.1,-0.2999999999999998,2.9,8.8,myopic_greedy,-8.7,20.5,8.8,0.0
0.7,17.5,3.5,13.0,9.0,0.0,17.5,5.6,-0.7999999999999998,2.4,8.3,myopic_greedy,-9.2,21.0,8.3,0.0
0.7,17.5,4.0,13.0,9.0,0.0,17.5,5.1,-1.2999999999999998,1.9,7.8,myopic_greedy,-9.7,21.5,7.8,0.0
0.7,18.0,0.0,13.0,9.0,0.0,18.0,9.1,2.7,5.9,11.8,myopic_greedy,-6.199999999999999,18.0,11.8,0.0
0.7,18.0,0.5,13.0,9.0,0.0,18.0,8.6,2.2,5.4,11.3,myopic_greedy,-6.699999999999999,18.5,11.3,0.0
0.7,18.0,1.0,13.0,9.0,0.0,18.0,8.1,1.7000000000000002,4.9,10.8,myopic_greedy,-7.199999999999999,19.0,10.8,0.0
0.7,18.0,1.5,13.0,9.0,0.0,18.0,7.6,1.2000000000000002,4.4,10.3,myopic_greedy,-7.699999999999999,19.5,10.3,0.0
0.7,18.0,2.0,13.0,9.0,0.0,18.0,7.1,0.7000000000000002,3.9,9.8,myopic_greedy,-8.2,20.0,9.8,0.0
0.7,18.0,2.5,13.0,9.0,0.0,18.0,6.6,0.20000000000000018,3.4,9.3,myopic_greedy,-8.7,20.5,9.3,0.0
0.7,18.0,3.0,13.0,9.0,0.0,18.0,6.1,-0.2999999999999998,2.9,8.8,myopic_greedy,-9.2,21.0,8.8,0.0
0.7,18.0,3.5,13.0,9.0,0.0,18.0,5.6,-0.7999999999999998,2.4,8.3,myopic_greedy,-9.7,21.5,8.3,0.0
0.7,18.0,4.0,13.0,9.0,0.0,18.0,5.1,-1.2999999999999998,1.9,7.8,myopic_greedy,-10.2,22.0,7.8,0.0
0.75,6.0,0.0,13.0,9.0,0.0,6.0,9.75,2.25,6.0,12.0,possibility_preserving,6.0,6.0,12.0,1.0
0.75,6.0,0.5,13.0,9.0,0.0,6.0,9.25,1.75,5.5,11.5,possibility_preserving,5.5,6.5,11.5,1.0
0.75,6.0,1.0,13.0,9.0,0.0,6.0,8.75,1.25,5.0,11.0,possibility_preserving,5.0,7.0,11.0,1.0
0.75,6.0,1.5,13.0,9.0,0.0,6.0,8.25,0.75,4.5,10.5,possibility_preserving,4.5,7.5,10.5,1.0
0.75,6.0,2.0,13.0,9.0,0.0,6.0,7.75,0.25,4.0,10.0,possibility_preserving,4.0,8.0,10.0,1.0
0.75,6.0,2.5,13.0,9.0,0.0,6.0,7.25,-0.25,3.5,9.5,possibility_preserving,3.5,8.5,9.5,1.0
0.75,6.0,3.0,13.0,9.0,0.0,6.0,6.75,-0.75,3.0,9.0,possibility_preserving,3.0,9.0,9.0,1.0
0.75,6.0,3.5,13.0,9.0,0.0,6.0,6.25,-1.25,2.5,8.5,possibility_preserving,2.5,9.5,8.5,1.0
0.75,6.0,4.0,13.0,9.0,0.0,6.0,5.75,-1.75,2.0,8.0,possibility_preserving,2.0,10.0,8.0,1.0
0.75,6.5,0.0,13.0,9.0,0.0,6.5,9.75,2.25,6.0,12.0,possibility_preserving,5.5,6.5,12.0,1.0
0.75,6.5,0.5,13.0,9.0,0.0,6.5,9.25,1.75,5.5,11.5,possibility_preserving,5.0,7.0,11.5,1.0
0.75,6.5,1.0,13.0,9.0,0.0,6.5,8.75,1.25,5.0,11.0,possibility_preserving,4.5,7.5,11.0,1.0
0.75,6.5,1.5,13.0,9.0,0.0,6.5,8.25,0.75,4.5,10.5,possibility_preserving,4.0,8.0,10.5,1.0
0.75,6.5,2.0,13.0,9.0,0.0,6.5,7.75,0.25,4.0,10.0,possibility_preserving,3.5,8.5,10.0,1.0
0.75,6.5,2.5,13.0,9.0,0.0,6.5,7.25,-0.25,3.5,9.5,possibility_preserving,3.0,9.0,9.5,1.0
0.75,6.5,3.0,13.0,9.0,0.0,6.5,6.75,-0.75,3.0,9.0,possibility_preserving,2.5,9.5,9.0,1.0
0.75,6.5,3.5,13.0,9.0,0.0,6.5,6.25,-1.25,2.5,8.5,possibility_preserving,2.0,10.0,8.5,1.0
0.75,6.5,4.0,13.0,9.0,0.0,6.5,5.75,-1.75,2.0,8.0,possibility_preserving,1.5,10.5,8.0,1.0
0.75,7.0,0.0,13.0,9.0,0.0,7.0,9.75,2.25,6.0,12.0,possibility_preserving,5.0,7.0,12.0,1.0
0.75,7.0,0.5,13.0,9.0,0.0,7.0,9.25,1.75,5.5,11.5,possibility_preserving,4.5,7.5,11.5,1.0
0.75,7.0,1.0,13.0,9.0,0.0,7.0,8.75,1.25,5.0,11.0,possibility_preserving,4.0,8.0,11.0,1.0
0.75,7.0,1.5,13.0,9.0,0.0,7.0,8.25,0.75,4.5,10.5,possibility_preserving,3.5,8.5,10.5,1.0
0.75,7.0,2.0,13.0,9.0,0.0,7.0,7.75,0.25,4.0,10.0,possibility_preserving,3.0,9.0,10.0,1.0
0.75,7.0,2.5,13.0,9.0,0.0,7.0,7.25,-0.25,3.5,9.5,possibility_preserving,2.5,9.5,9.5,1.0
0.75,7.0,3.0,13.0,9.0,0.0,7.0,6.75,-0.75,3.0,9.0,possibility_preserving,2.0,10.0,9.0,1.0
0.75,7.0,3.5,13.0,9.0,0.0,7.0,6.25,-1.25,2.5,8.5,possibility_preserving,1.5,10.5,8.5,1.0
0.75,7.0,4.0,13.0,9.0,0.0,7.0,5.75,-1.75,2.0,8.0,possibility_preserving,1.0,11.0,8.0,1.0
0.75,7.5,0.0,13.0,9.0,0.0,7.5,9.75,2.25,6.0,12.0,possibility_preserving,4.5,7.5,12.0,1.0
0.75,7.5,0.5,13.0,9.0,0.0,7.5,9.25,1.75,5.5,11.5,possibility_preserving,4.0,8.0,11.5,1.0
0.75,7.5,1.0,13.0,9.0,0.0,7.5,8.75,1.25,5.0,11.0,possibility_preserving,3.5,8.5,11.0,1.0
0.75,7.5,1.5,13.0,9.0,0.0,7.5,8.25,0.75,4.5,10.5,possibility_preserving,3.0,9.0,10.5,1.0
0.75,7.5,2.0,13.0,9.0,0.0,7.5,7.75,0.25,4.0,10.0,possibility_preserving,2.5,9.5,10.0,1.0
0.75,7.5,2.5,13.0,9.0,0.0,7.5,7.25,-0.25,3.5,9.5,possibility_preserving,2.0,10.0,9.5,1.0
0.75,7.5,3.0,13.0,9.0,0.0,7.5,6.75,-0.75,3.0,9.0,possibility_preserving,1.5,10.5,9.0,1.0
0.75,7.5,3.5,13.0,9.0,0.0,7.5,6.25,-1.25,2.5,8.5,possibility_preserving,1.0,11.0,8.5,1.0
0.75,7.5,4.0,13.0,9.0,0.0,7.5,5.75,-1.75,2.0,8.0,possibility_preserving,0.5,11.5,8.0,1.0
0.75,8.0,0.0,13.0,9.0,0.0,8.0,9.75,2.25,6.0,12.0,possibility_preserving,4.0,8.0,12.0,1.0
0.75,8.0,0.5,13.0,9.0,0.0,8.0,9.25,1.75,5.5,11.5,possibility_preserving,3.5,8.5,11.5,1.0
0.75,8.0,1.0,13.0,9.0,0.0,8.0,8.75,1.25,5.0,11.0,possibility_preserving,3.0,9.0,11.0,1.0
0.75,8.0,1.5,13.0,9.0,0.0,8.0,8.25,0.75,4.5,10.5,possibility_preserving,2.5,9.5,10.5,1.0
0.75,8.0,2.0,13.0,9.0,0.0,8.0,7.75,0.25,4.0,10.0,possibility_preserving,2.0,10.0,10.0,1.0
0.75,8.0,2.5,13.0,9.0,0.0,8.0,7.25,-0.25,3.5,9.5,possibility_preserving,1.5,10.5,9.5,1.0
0.75,8.0,3.0,13.0,9.0,0.0,8.0,6.75,-0.75,3.0,9.0,possibility_preserving,1.0,11.0,9.0,1.0
0.75,8.0,3.5,13.0,9.0,0.0,8.0,6.25,-1.25,2.5,8.5,possibility_preserving,0.5,11.5,8.5,1.0
0.75,8.0,4.0,13.0,9.0,0.0,8.0,5.75,-1.75,2.0,8.0,myopic_greedy,0.0,12.0,8.0,0.0
0.75,8.5,0.0,13.0,9.0,0.0,8.5,9.75,2.25,6.0,12.0,possibility_preserving,3.5,8.5,12.0,1.0
0.75,8.5,0.5,13.0,9.0,0.0,8.5,9.25,1.75,5.5,11.5,possibility_preserving,3.0,9.0,11.5,1.0
0.75,8.5,1.0,13.0,9.0,0.0,8.5,8.75,1.25,5.0,11.0,possibility_preserving,2.5,9.5,11.0,1.0
0.75,8.5,1.5,13.0,9.0,0.0,8.5,8.25,0.75,4.5,10.5,possibility_preserving,2.0,10.0,10.5,1.0
0.75,8.5,2.0,13.0,9.0,0.0,8.5,7.75,0.25,4.0,10.0,possibility_preserving,1.5,10.5,10.0,1.0
0.75,8.5,2.5,13.0,9.0,0.0,8.5,7.25,-0.25,3.5,9.5,possibility_preserving,1.0,11.0,9.5,1.0
0.75,8.5,3.0,13.0,9.0,0.0,8.5,6.75,-0.75,3.0,9.0,possibility_preserving,0.5,11.5,9.0,1.0
0.75,8.5,3.5,13.0,9.0,0.0,8.5,6.25,-1.25,2.5,8.5,myopic_greedy,0.0,12.0,8.5,0.0
0.75,8.5,4.0,13.0,9.0,0.0,8.5,5.75,-1.75,2.0,8.0,myopic_greedy,-0.5,12.5,8.0,0.0
0.75,9.0,0.0,13.0,9.0,0.0,9.0,9.75,2.25,6.0,12.0,possibility_preserving,3.0,9.0,12.0,1.0
0.75,9.0,0.5,13.0,9.0,0.0,9.0,9.25,1.75,5.5,11.5,possibility_preserving,2.5,9.5,11.5,1.0
0.75,9.0,1.0,13.0,9.0,0.0,9.0,8.75,1.25,5.0,11.0,possibility_preserving,2.0,10.0,11.0,1.0
0.75,9.0,1.5,13.0,9.0,0.0,9.0,8.25,0.75,4.5,10.5,possibility_preserving,1.5,10.5,10.5,1.0
0.75,9.0,2.0,13.0,9.0,0.0,9.0,7.75,0.25,4.0,10.0,possibility_preserving,1.0,11.0,10.0,1.0
0.75,9.0,2.5,13.0,9.0,0.0,9.0,7.25,-0.25,3.5,9.5,possibility_preserving,0.5,11.5,9.5,1.0
0.75,9.0,3.0,13.0,9.0,0.0,9.0,6.75,-0.75,3.0,9.0,myopic_greedy,0.0,12.0,9.0,0.0
0.75,9.0,3.5,13.0,9.0,0.0,9.0,6.25,-1.25,2.5,8.5,myopic_greedy,-0.5,12.5,8.5,0.0
0.75,9.0,4.0,13.0,9.0,0.0,9.0,5.75,-1.75,2.0,8.0,myopic_greedy,-1.0,13.0,8.0,0.0
0.75,9.5,0.0,13.0,9.0,0.0,9.5,9.75,2.25,6.0,12.0,possibility_preserving,2.5,9.5,12.0,1.0
0.75,9.5,0.5,13.0,9.0,0.0,9.5,9.25,1.75,5.5,11.5,possibility_preserving,2.0,10.0,11.5,1.0
0.75,9.5,1.0,13.0,9.0,0.0,9.5,8.75,1.25,5.0,11.0,possibility_preserving,1.5,10.5,11.0,1.0
0.75,9.5,1.5,13.0,9.0,0.0,9.5,8.25,0.75,4.5,10.5,possibility_preserving,1.0,11.0,10.5,1.0
0.75,9.5,2.0,13.0,9.0,0.0,9.5,7.75,0.25,4.0,10.0,possibility_preserving,0.5,11.5,10.0,1.0
0.75,9.5,2.5,13.0,9.0,0.0,9.5,7.25,-0.25,3.5,9.5,myopic_greedy,0.0,12.0,9.5,0.0
0.75,9.5,3.0,13.0,9.0,0.0,9.5,6.75,-0.75,3.0,9.0,myopic_greedy,-0.5,12.5,9.0,0.0
0.75,9.5,3.5,13.0,9.0,0.0,9.5,6.25,-1.25,2.5,8.5,myopic_greedy,-1.0,13.0,8.5,0.0
0.75,9.5,4.0,13.0,9.0,0.0,9.5,5.75,-1.75,2.0,8.0,myopic_greedy,-1.5,13.5,8.0,0.0
0.75,10.0,0.0,13.0,9.0,0.0,10.0,9.75,2.25,6.0,12.0,possibility_preserving,2.0,10.0,12.0,1.0
0.75,10.0,0.5,13.0,9.0,0.0,10.0,9.25,1.75,5.5,11.5,possibility_preserving,1.5,10.5,11.5,1.0
0.75,10.0,1.0,13.0,9.0,0.0,10.0,8.75,1.25,5.0,11.0,possibility_preserving,1.0,11.0,11.0,1.0
0.75,10.0,1.5,13.0,9.0,0.0,10.0,8.25,0.75,4.5,10.5,possibility_preserving,0.5,11.5,10.5,1.0
0.75,10.0,2.0,13.0,9.0,0.0,10.0,7.75,0.25,4.0,10.0,myopic_greedy,0.0,12.0,10.0,0.0
0.75,10.0,2.5,13.0,9.0,0.0,10.0,7.25,-0.25,3.5,9.5,myopic_greedy,-0.5,12.5,9.5,0.0
0.75,10.0,3.0,13.0,9.0,0.0,10.0,6.75,-0.75,3.0,9.0,myopic_greedy,-1.0,13.0,9.0,0.0
0.75,10.0,3.5,13.0,9.0,0.0,10.0,6.25,-1.25,2.5,8.5,myopic_greedy,-1.5,13.5,8.5,0.0
0.75,10.0,4.0,13.0,9.0,0.0,10.0,5.75,-1.75,2.0,8.0,myopic_greedy,-2.0,14.0,8.0,0.0
0.75,10.5,0.0,13.0,9.0,0.0,10.5,9.75,2.25,6.0,12.0,possibility_preserving,1.5,10.5,12.0,1.0
0.75,10.5,0.5,13.0,9.0,0.0,10.5,9.25,1.75,5.5,11.5,possibility_preserving,1.0,11.0,11.5,1.0
0.75,10.5,1.0,13.0,9.0,0.0,10.5,8.75,1.25,5.0,11.0,possibility_preserving,0.5,11.5,11.0,1.0
0.75,10.5,1.5,13.0,9.0,0.0,10.5,8.25,0.75,4.5,10.5,myopic_greedy,0.0,12.0,10.5,0.0
0.75,10.5,2.0,13.0,9.0,0.0,10.5,7.75,0.25,4.0,10.0,myopic_greedy,-0.5,12.5,10.0,0.0
0.75,10.5,2.5,13.0,9.0,0.0,10.5,7.25,-0.25,3.5,9.5,myopic_greedy,-1.0,13.0,9.5,0.0
0.75,10.5,3.0,13.0,9.0,0.0,10.5,6.75,-0.75,3.0,9.0,myopic_greedy,-1.5,13.5,9.0,0.0
0.75,10.5,3.5,13.0,9.0,0.0,10.5,6.25,-1.25,2.5,8.5,myopic_greedy,-2.0,14.0,8.5,0.0
0.75,10.5,4.0,13.0,9.0,0.0,10.5,5.75,-1.75,2.0,8.0,myopic_greedy,-2.5,14.5,8.0,0.0
0.75,11.0,0.0,13.0,9.0,0.0,11.0,9.75,2.25,6.0,12.0,possibility_preserving,1.0,11.0,12.0,1.0
0.75,11.0,0.5,13.0,9.0,0.0,11.0,9.25,1.75,5.5,11.5,possibility_preserving,0.5,11.5,11.5,1.0
0.75,11.0,1.0,13.0,9.0,0.0,11.0,8.75,1.25,5.0,11.0,myopic_greedy,0.0,12.0,11.0,0.0
0.75,11.0,1.5,13.0,9.0,0.0,11.0,8.25,0.75,4.5,10.5,myopic_greedy,-0.5,12.5,10.5,0.0
0.75,11.0,2.0,13.0,9.0,0.0,11.0,7.75,0.25,4.0,10.0,myopic_greedy,-1.0,13.0,10.0,0.0
0.75,11.0,2.5,13.0,9.0,0.0,11.0,7.25,-0.25,3.5,9.5,myopic_greedy,-1.5,13.5,9.5,0.0
0.75,11.0,3.0,13.0,9.0,0.0,11.0,6.75,-0.75,3.0,9.0,myopic_greedy,-2.0,14.0,9.0,0.0
0.75,11.0,3.5,13.0,9.0,0.0,11.0,6.25,-1.25,2.5,8.5,myopic_greedy,-2.5,14.5,8.5,0.0
0.75,11.0,4.0,13.0,9.0,0.0,11.0,5.75,-1.75,2.0,8.0,myopic_greedy,-3.0,15.0,8.0,0.0
0.75,11.5,0.0,13.0,9.0,0.0,11.5,9.75,2.25,6.0,12.0,possibility_preserving,0.5,11.5,12.0,1.0
0.75,11.5,0.5,13.0,9.0,0.0,11.5,9.25,1.75,5.5,11.5,myopic_greedy,0.0,12.0,11.5,0.0
0.75,11.5,1.0,13.0,9.0,0.0,11.5,8.75,1.25,5.0,11.0,myopic_greedy,-0.5,12.5,11.0,0.0
0.75,11.5,1.5,13.0,9.0,0.0,11.5,8.25,0.75,4.5,10.5,myopic_greedy,-1.0,13.0,10.5,0.0
0.75,11.5,2.0,13.0,9.0,0.0,11.5,7.75,0.25,4.0,10.0,myopic_greedy,-1.5,13.5,10.0,0.0
0.75,11.5,2.5,13.0,9.0,0.0,11.5,7.25,-0.25,3.5,9.5,myopic_greedy,-2.0,14.0,9.5,0.0
0.75,11.5,3.0,13.0,9.0,0.0,11.5,6.75,-0.75,3.0,9.0,myopic_greedy,-2.5,14.5,9.0,0.0
0.75,11.5,3.5,13.0,9.0,0.0,11.5,6.25,-1.25,2.5,8.5,myopic_greedy,-3.0,15.0,8.5,0.0
0.75,11.5,4.0,13.0,9.0,0.0,11.5,5.75,-1.75,2.0,8.0,myopic_greedy,-3.5,15.5,8.0,0.0
0.75,12.0,0.0,13.0,9.0,0.0,12.0,9.75,2.25,6.0,12.0,myopic_greedy,0.0,12.0,12.0,0.0
0.75,12.0,0.5,13.0,9.0,0.0,12.0,9.25,1.75,5.5,11.5,myopic_greedy,-0.5,12.5,11.5,0.0
0.75,12.0,1.0,13.0,9.0,0.0,12.0,8.75,1.25,5.0,11.0,myopic_greedy,-1.0,13.0,11.0,0.0
0.75,12.0,1.5,13.0,9.0,0.0,12.0,8.25,0.75,4.5,10.5,myopic_greedy,-1.5,13.5,10.5,0.0
0.75,12.0,2.0,13.0,9.0,0.0,12.0,7.75,0.25,4.0,10.0,myopic_greedy,-2.0,14.0,10.0,0.0
0.75,12.0,2.5,13.0,9.0,0.0,12.0,7.25,-0.25,3.5,9.5,myopic_greedy,-2.5,14.5,9.5,0.0
0.75,12.0,3.0,13.0,9.0,0.0,12.0,6.75,-0.75,3.0,9.0,myopic_greedy,-3.0,15.0,9.0,0.0
0.75,12.0,3.5,13.0,9.0,0.0,12.0,6.25,-1.25,2.5,8.5,myopic_greedy,-3.5,15.5,8.5,0.0
0.75,12.0,4.0,13.0,9.0,0.0,12.0,5.75,-1.75,2.0,8.0,myopic_greedy,-4.0,16.0,8.0,0.0
0.75,12.5,0.0,13.0,9.0,0.0,12.5,9.75,2.25,6.0,12.0,myopic_greedy,-0.5,12.5,12.0,0.0
0.75,12.5,0.5,13.0,9.0,0.0,12.5,9.25,1.75,5.5,11.5,myopic_greedy,-1.0,13.0,11.5,0.0
0.75,12.5,1.0,13.0,9.0,0.0,12.5,8.75,1.25,5.0,11.0,myopic_greedy,-1.5,13.5,11.0,0.0
0.75,12.5,1.5,13.0,9.0,0.0,12.5,8.25,0.75,4.5,10.5,myopic_greedy,-2.0,14.0,10.5,0.0
0.75,12.5,2.0,13.0,9.0,0.0,12.5,7.75,0.25,4.0,10.0,myopic_greedy,-2.5,14.5,10.0,0.0
0.75,12.5,2.5,13.0,9.0,0.0,12.5,7.25,-0.25,3.5,9.5,myopic_greedy,-3.0,15.0,9.5,0.0
0.75,12.5,3.0,13.0,9.0,0.0,12.5,6.75,-0.75,3.0,9.0,myopic_greedy,-3.5,15.5,9.0,0.0
0.75,12.5,3.5,13.0,9.0,0.0,12.5,6.25,-1.25,2.5,8.5,myopic_greedy,-4.0,16.0,8.5,0.0
0.75,12.5,4.0,13.0,9.0,0.0,12.5,5.75,-1.75,2.0,8.0,myopic_greedy,-4.5,16.5,8.0,0.0
0.75,13.0,0.0,13.0,9.0,0.0,13.0,9.75,2.25,6.0,12.0,myopic_greedy,-1.0,13.0,12.0,0.0
0.75,13.0,0.5,13.0,9.0,0.0,13.0,9.25,1.75,5.5,11.5,myopic_greedy,-1.5,13.5,11.5,0.0
0.75,13.0,1.0,13.0,9.0,0.0,13.0,8.75,1.25,5.0,11.0,myopic_greedy,-2.0,14.0,11.0,0.0
0.75,13.0,1.5,13.0,9.0,0.0,13.0,8.25,0.75,4.5,10.5,myopic_greedy,-2.5,14.5,10.5,0.0
0.75,13.0,2.0,13.0,9.0,0.0,13.0,7.75,0.25,4.0,10.0,myopic_greedy,-3.0,15.0,10.0,0.0
0.75,13.0,2.5,13.0,9.0,0.0,13.0,7.25,-0.25,3.5,9.5,myopic_greedy,-3.5,15.5,9.5,0.0
0.75,13.0,3.0,13.0,9.0,0.0,13.0,6.75,-0.75,3.0,9.0,myopic_greedy,-4.0,16.0,9.0,0.0
0.75,13.0,3.5,13.0,9.0,0.0,13.0,6.25,-1.25,2.5,8.5,myopic_greedy,-4.5,16.5,8.5,0.0
0.75,13.0,4.0,13.0,9.0,0.0,13.0,5.75,-1.75,2.0,8.0,myopic_greedy,-5.0,17.0,8.0,0.0
0.75,13.5,0.0,13.0,9.0,0.0,13.5,9.75,2.25,6.0,12.0,myopic_greedy,-1.5,13.5,12.0,0.0
0.75,13.5,0.5,13.0,9.0,0.0,13.5,9.25,1.75,5.5,11.5,myopic_greedy,-2.0,14.0,11.5,0.0
0.75,13.5,1.0,13.0,9.0,0.0,13.5,8.75,1.25,5.0,11.0,myopic_greedy,-2.5,14.5,11.0,0.0
0.75,13.5,1.5,13.0,9.0,0.0,13.5,8.25,0.75,4.5,10.5,myopic_greedy,-3.0,15.0,10.5,0.0
0.75,13.5,2.0,13.0,9.0,0.0,13.5,7.75,0.25,4.0,10.0,myopic_greedy,-3.5,15.5,10.0,0.0
0.75,13.5,2.5,13.0,9.0,0.0,13.5,7.25,-0.25,3.5,9.5,myopic_greedy,-4.0,16.0,9.5,0.0
0.75,13.5,3.0,13.0,9.0,0.0,13.5,6.75,-0.75,3.0,9.0,myopic_greedy,-4.5,16.5,9.0,0.0
0.75,13.5,3.5,13.0,9.0,0.0,13.5,6.25,-1.25,2.5,8.5,myopic_greedy,-5.0,17.0,8.5,0.0
0.75,13.5,4.0,13.0,9.0,0.0,13.5,5.75,-1.75,2.0,8.0,myopic_greedy,-5.5,17.5,8.0,0.0
0.75,14.0,0.0,13.0,9.0,0.0,14.0,9.75,2.25,6.0,12.0,myopic_greedy,-2.0,14.0,12.0,0.0
0.75,14.0,0.5,13.0,9.0,0.0,14.0,9.25,1.75,5.5,11.5,myopic_greedy,-2.5,14.5,11.5,0.0
0.75,14.0,1.0,13.0,9.0,0.0,14.0,8.75,1.25,5.0,11.0,myopic_greedy,-3.0,15.0,11.0,0.0
0.75,14.0,1.5,13.0,9.0,0.0,14.0,8.25,0.75,4.5,10.5,myopic_greedy,-3.5,15.5,10.5,0.0
0.75,14.0,2.0,13.0,9.0,0.0,14.0,7.75,0.25,4.0,10.0,myopic_greedy,-4.0,16.0,10.0,0.0
0.75,14.0,2.5,13.0,9.0,0.0,14.0,7.25,-0.25,3.5,9.5,myopic_greedy,-4.5,16.5,9.5,0.0
0.75,14.0,3.0,13.0,9.0,0.0,14.0,6.75,-0.75,3.0,9.0,myopic_greedy,-5.0,17.0,9.0,0.0
0.75,14.0,3.5,13.0,9.0,0.0,14.0,6.25,-1.25,2.5,8.5,myopic_greedy,-5.5,17.5,8.5,0.0
0.75,14.0,4.0,13.0,9.0,0.0,14.0,5.75,-1.75,2.0,8.0,myopic_greedy,-6.0,18.0,8.0,0.0
0.75,14.5,0.0,13.0,9.0,0.0,14.5,9.75,2.25,6.0,12.0,myopic_greedy,-2.5,14.5,12.0,0.0
0.75,14.5,0.5,13.0,9.0,0.0,14.5,9.25,1.75,5.5,11.5,myopic_greedy,-3.0,15.0,11.5,0.0
0.75,14.5,1.0,13.0,9.0,0.0,14.5,8.75,1.25,5.0,11.0,myopic_greedy,-3.5,15.5,11.0,0.0
0.75,14.5,1.5,13.0,9.0,0.0,14.5,8.25,0.75,4.5,10.5,myopic_greedy,-4.0,16.0,10.5,0.0
0.75,14.5,2.0,13.0,9.0,0.0,14.5,7.75,0.25,4.0,10.0,myopic_greedy,-4.5,16.5,10.0,0.0
0.75,14.5,2.5,13.0,9.0,0.0,14.5,7.25,-0.25,3.5,9.5,myopic_greedy,-5.0,17.0,9.5,0.0
0.75,14.5,3.0,13.0,9.0,0.0,14.5,6.75,-0.75,3.0,9.0,myopic_greedy,-5.5,17.5,9.0,0.0
0.75,14.5,3.5,13.0,9.0,0.0,14.5,6.25,-1.25,2.5,8.5,myopic_greedy,-6.0,18.0,8.5,0.0
0.75,14.5,4.0,13.0,9.0,0.0,14.5,5.75,-1.75,2.0,8.0,myopic_greedy,-6.5,18.5,8.0,0.0
0.75,15.0,0.0,13.0,9.0,0.0,15.0,9.75,2.25,6.0,12.0,myopic_greedy,-3.0,15.0,12.0,0.0
0.75,15.0,0.5,13.0,9.0,0.0,15.0,9.25,1.75,5.5,11.5,myopic_greedy,-3.5,15.5,11.5,0.0
0.75,15.0,1.0,13.0,9.0,0.0,15.0,8.75,1.25,5.0,11.0,myopic_greedy,-4.0,16.0,11.0,0.0
0.75,15.0,1.5,13.0,9.0,0.0,15.0,8.25,0.75,4.5,10.5,myopic_greedy,-4.5,16.5,10.5,0.0
0.75,15.0,2.0,13.0,9.0,0.0,15.0,7.75,0.25,4.0,10.0,myopic_greedy,-5.0,17.0,10.0,0.0
0.75,15.0,2.5,13.0,9.0,0.0,15.0,7.25,-0.25,3.5,9.5,myopic_greedy,-5.5,17.5,9.5,0.0
0.75,15.0,3.0,13.0,9.0,0.0,15.0,6.75,-0.75,3.0,9.0,myopic_greedy,-6.0,18.0,9.0,0.0
0.75,15.0,3.5,13.0,9.0,0.0,15.0,6.25,-1.25,2.5,8.5,myopic_greedy,-6.5,18.5,8.5,0.0
0.75,15.0,4.0,13.0,9.0,0.0,15.0,5.75,-1.75,2.0,8.0,myopic_greedy,-7.0,19.0,8.0,0.0
0.75,15.5,0.0,13.0,9.0,0.0,15.5,9.75,2.25,6.0,12.0,myopic_greedy,-3.5,15.5,12.0,0.0
0.75,15.5,0.5,13.0,9.0,0.0,15.5,9.25,1.75,5.5,11.5,myopic_greedy,-4.0,16.0,11.5,0.0
0.75,15.5,1.0,13.0,9.0,0.0,15.5,8.75,1.25,5.0,11.0,myopic_greedy,-4.5,16.5,11.0,0.0
0.75,15.5,1.5,13.0,9.0,0.0,15.5,8.25,0.75,4.5,10.5,myopic_greedy,-5.0,17.0,10.5,0.0
0.75,15.5,2.0,13.0,9.0,0.0,15.5,7.75,0.25,4.0,10.0,myopic_greedy,-5.5,17.5,10.0,0.0
0.75,15.5,2.5,13.0,9.0,0.0,15.5,7.25,-0.25,3.5,9.5,myopic_greedy,-6.0,18.0,9.5,0.0
0.75,15.5,3.0,13.0,9.0,0.0,15.5,6.75,-0.75,3.0,9.0,myopic_greedy,-6.5,18.5,9.0,0.0
0.75,15.5,3.5,13.0,9.0,0.0,15.5,6.25,-1.25,2.5,8.5,myopic_greedy,-7.0,19.0,8.5,0.0
0.75,15.5,4.0,13.0,9.0,0.0,15.5,5.75,-1.75,2.0,8.0,myopic_greedy,-7.5,19.5,8.0,0.0
0.75,16.0,0.0,13.0,9.0,0.0,16.0,9.75,2.25,6.0,12.0,myopic_greedy,-4.0,16.0,12.0,0.0
0.75,16.0,0.5,13.0,9.0,0.0,16.0,9.25,1.75,5.5,11.5,myopic_greedy,-4.5,16.5,11.5,0.0
0.75,16.0,1.0,13.0,9.0,0.0,16.0,8.75,1.25,5.0,11.0,myopic_greedy,-5.0,17.0,11.0,0.0
0.75,16.0,1.5,13.0,9.0,0.0,16.0,8.25,0.75,4.5,10.5,myopic_greedy,-5.5,17.5,10.5,0.0
0.75,16.0,2.0,13.0,9.0,0.0,16.0,7.75,0.25,4.0,10.0,myopic_greedy,-6.0,18.0,10.0,0.0
0.75,16.0,2.5,13.0,9.0,0.0,16.0,7.25,-0.25,3.5,9.5,myopic_greedy,-6.5,18.5,9.5,0.0
0.75,16.0,3.0,13.0,9.0,0.0,16.0,6.75,-0.75,3.0,9.0,myopic_greedy,-7.0,19.0,9.0,0.0
0.75,16.0,3.5,13.0,9.0,0.0,16.0,6.25,-1.25,2.5,8.5,myopic_greedy,-7.5,19.5,8.5,0.0
0.75,16.0,4.0,13.0,9.0,0.0,16.0,5.75,-1.75,2.0,8.0,myopic_greedy,-8.0,20.0,8.0,0.0
0.75,16.5,0.0,13.0,9.0,0.0,16.5,9.75,2.25,6.0,12.0,myopic_greedy,-4.5,16.5,12.0,0.0
0.75,16.5,0.5,13.0,9.0,0.0,16.5,9.25,1.75,5.5,11.5,myopic_greedy,-5.0,17.0,11.5,0.0
0.75,16.5,1.0,13.0,9.0,0.0,16.5,8.75,1.25,5.0,11.0,myopic_greedy,-5.5,17.5,11.0,0.0
0.75,16.5,1.5,13.0,9.0,0.0,16.5,8.25,0.75,4.5,10.5,myopic_greedy,-6.0,18.0,10.5,0.0
0.75,16.5,2.0,13.0,9.0,0.0,16.5,7.75,0.25,4.0,10.0,myopic_greedy,-6.5,18.5,10.0,0.0
0.75,16.5,2.5,13.0,9.0,0.0,16.5,7.25,-0.25,3.5,9.5,myopic_greedy,-7.0,19.0,9.5,0.0
0.75,16.5,3.0,13.0,9.0,0.0,16.5,6.75,-0.75,3.0,9.0,myopic_greedy,-7.5,19.5,9.0,0.0
0.75,16.5,3.5,13.0,9.0,0.0,16.5,6.25,-1.25,2.5,8.5,myopic_greedy,-8.0,20.0,8.5,0.0
0.75,16.5,4.0,13.0,9.0,0.0,16.5,5.75,-1.75,2.0,8.0,myopic_greedy,-8.5,20.5,8.0,0.0
0.75,17.0,0.0,13.0,9.0,0.0,17.0,9.75,2.25,6.0,12.0,myopic_greedy,-5.0,17.0,12.0,0.0
0.75,17.0,0.5,13.0,9.0,0.0,17.0,9.25,1.75,5.5,11.5,myopic_greedy,-5.5,17.5,11.5,0.0
0.75,17.0,1.0,13.0,9.0,0.0,17.0,8.75,1.25,5.0,11.0,myopic_greedy,-6.0,18.0,11.0,0.0
0.75,17.0,1.5,13.0,9.0,0.0,17.0,8.25,0.75,4.5,10.5,myopic_greedy,-6.5,18.5,10.5,0.0
0.75,17.0,2.0,13.0,9.0,0.0,17.0,7.75,0.25,4.0,10.0,myopic_greedy,-7.0,19.0,10.0,0.0
0.75,17.0,2.5,13.0,9.0,0.0,17.0,7.25,-0.25,3.5,9.5,myopic_greedy,-7.5,19.5,9.5,0.0
0.75,17.0,3.0,13.0,9.0,0.0,17.0,6.75,-0.75,3.0,9.0,myopic_greedy,-8.0,20.0,9.0,0.0
0.75,17.0,3.5,13.0,9.0,0.0,17.0,6.25,-1.25,2.5,8.5,myopic_greedy,-8.5,20.5,8.5,0.0
0.75,17.0,4.0,13.0,9.0,0.0,17.0,5.75,-1.75,2.0,8.0,myopic_greedy,-9.0,21.0,8.0,0.0
0.75,17.5,0.0,13.0,9.0,0.0,17.5,9.75,2.25,6.0,12.0,myopic_greedy,-5.5,17.5,12.0,0.0
0.75,17.5,0.5,13.0,9.0,0.0,17.5,9.25,1.75,5.5,11.5,myopic_greedy,-6.0,18.0,11.5,0.0
0.75,17.5,1.0,13.0,9.0,0.0,17.5,8.75,1.25,5.0,11.0,myopic_greedy,-6.5,18.5,11.0,0.0
0.75,17.5,1.5,13.0,9.0,0.0,17.5,8.25,0.75,4.5,10.5,myopic_greedy,-7.0,19.0,10.5,0.0
0.75,17.5,2.0,13.0,9.0,0.0,17.5,7.75,0.25,4.0,10.0,myopic_greedy,-7.5,19.5,10.0,0.0
0.75,17.5,2.5,13.0,9.0,0.0,17.5,7.25,-0.25,3.5,9.5,myopic_greedy,-8.0,20.0,9.5,0.0
0.75,17.5,3.0,13.0,9.0,0.0,17.5,6.75,-0.75,3.0,9.0,myopic_greedy,-8.5,20.5,9.0,0.0
0.75,17.5,3.5,13.0,9.0,0.0,17.5,6.25,-1.25,2.5,8.5,myopic_greedy,-9.0,21.0,8.5,0.0
0.75,17.5,4.0,13.0,9.0,0.0,17.5,5.75,-1.75,2.0,8.0,myopic_greedy,-9.5,21.5,8.0,0.0
0.75,18.0,0.0,13.0,9.0,0.0,18.0,9.75,2.25,6.0,12.0,myopic_greedy,-6.0,18.0,12.0,0.0
0.75,18.0,0.5,13.0,9.0,0.0,18.0,9.25,1.75,5.5,11.5,myopic_greedy,-6.5,18.5,11.5,0.0
0.75,18.0,1.0,13.0,9.0,0.0,18.0,8.75,1.25,5.0,11.0,myopic_greedy,-7.0,19.0,11.0,0.0
0.75,18.0,1.5,13.0,9.0,0.0,18.0,8.25,0.75,4.5,10.5,myopic_greedy,-7.5,19.5,10.5,0.0
0.75,18.0,2.0,13.0,9.0,0.0,18.0,7.75,0.25,4.0,10.0,myopic_greedy,-8.0,20.0,10.0,0.0
0.75,18.0,2.5,13.0,9.0,0.0,18.0,7.25,-0.25,3.5,9.5,myopic_greedy,-8.5,20.5,9.5,0.0
0.75,18.0,3.0,13.0,9.0,0.0,18.0,6.75,-0.75,3.0,9.0,myopic_greedy,-9.0,21.0,9.0,0.0
0.75,18.0,3.5,13.0,9.0,0.0,18.0,6.25,-1.25,2.5,8.5,myopic_greedy,-9.5,21.5,8.5,0.0
0.75,18.0,4.0,13.0,9.0,0.0,18.0,5.75,-1.75,2.0,8.0,myopic_greedy,-10.0,22.0,8.0,0.0
0.8,6.0,0.0,13.0,9.0,0.0,6.0,10.4,1.7999999999999996,6.1,12.2,possibility_preserving,6.199999999999999,6.0,12.2,1.0
0.8,6.0,0.5,13.0,9.0,0.0,6.0,9.9,1.2999999999999996,5.6,11.7,possibility_preserving,5.699999999999999,6.5,11.7,1.0
0.8,6.0,1.0,13.0,9.0,0.0,6.0,9.4,0.7999999999999996,5.1,11.2,possibility_preserving,5.199999999999999,7.0,11.2,1.0
0.8,6.0,1.5,13.0,9.0,0.0,6.0,8.9,0.2999999999999996,4.6,10.7,possibility_preserving,4.699999999999999,7.5,10.7,1.0
0.8,6.0,2.0,13.0,9.0,0.0,6.0,8.4,-0.2000000000000004,4.1,10.2,possibility_preserving,4.199999999999999,8.0,10.2,1.0
0.8,6.0,2.5,13.0,9.0,0.0,6.0,7.9,-0.7000000000000004,3.6,9.7,possibility_preserving,3.6999999999999993,8.5,9.7,1.0
0.8,6.0,3.0,13.0,9.0,0.0,6.0,7.4,-1.2000000000000004,3.1,9.2,possibility_preserving,3.1999999999999993,9.0,9.2,1.0
0.8,6.0,3.5,13.0,9.0,0.0,6.0,6.9,-1.7000000000000004,2.6,8.7,possibility_preserving,2.6999999999999993,9.5,8.7,1.0
0.8,6.0,4.0,13.0,9.0,0.0,6.0,6.4,-2.2,2.1,8.2,possibility_preserving,2.1999999999999993,10.0,8.2,1.0
0.8,6.5,0.0,13.0,9.0,0.0,6.5,10.4,1.7999999999999996,6.1,12.2,possibility_preserving,5.699999999999999,6.5,12.2,1.0
0.8,6.5,0.5,13.0,9.0,0.0,6.5,9.9,1.2999999999999996,5.6,11.7,possibility_preserving,5.199999999999999,7.0,11.7,1.0
0.8,6.5,1.0,13.0,9.0,0.0,6.5,9.4,0.7999999999999996,5.1,11.2,possibility_preserving,4.699999999999999,7.5,11.2,1.0
0.8,6.5,1.5,13.0,9.0,0.0,6.5,8.9,0.2999999999999996,4.6,10.7,possibility_preserving,4.199999999999999,8.0,10.7,1.0
0.8,6.5,2.0,13.0,9.0,0.0,6.5,8.4,-0.2000000000000004,4.1,10.2,possibility_preserving,3.6999999999999993,8.5,10.2,1.0
0.8,6.5,2.5,13.0,9.0,0.0,6.5,7.9,-0.7000000000000004,3.6,9.7,possibility_preserving,3.1999999999999993,9.0,9.7,1.0
0.8,6.5,3.0,13.0,9.0,0.0,6.5,7.4,-1.2000000000000004,3.1,9.2,possibility_preserving,2.6999999999999993,9.5,9.2,1.0
0.8,6.5,3.5,13.0,9.0,0.0,6.5,6.9,-1.7000000000000004,2.6,8.7,possibility_preserving,2.1999999999999993,10.0,8.7,1.0
0.8,6.5,4.0,13.0,9.0,0.0,6.5,6.4,-2.2,2.1,8.2,possibility_preserving,1.6999999999999993,10.5,8.2,1.0
0.8,7.0,0.0,13.0,9.0,0.0,7.0,10.4,1.7999999999999996,6.1,12.2,possibility_preserving,5.199999999999999,7.0,12.2,1.0
0.8,7.0,0.5,13.0,9.0,0.0,7.0,9.9,1.2999999999999996,5.6,11.7,possibility_preserving,4.699999999999999,7.5,11.7,1.0
0.8,7.0,1.0,13.0,9.0,0.0,7.0,9.4,0.7999999999999996,5.1,11.2,possibility_preserving,4.199999999999999,8.0,11.2,1.0
0.8,7.0,1.5,13.0,9.0,0.0,7.0,8.9,0.2999999999999996,4.6,10.7,possibility_preserving,3.6999999999999993,8.5,10.7,1.0
0.8,7.0,2.0,13.0,9.0,0.0,7.0,8.4,-0.2000000000000004,4.1,10.2,possibility_preserving,3.1999999999999993,9.0,10.2,1.0
0.8,7.0,2.5,13.0,9.0,0.0,7.0,7.9,-0.7000000000000004,3.6,9.7,possibility_preserving,2.6999999999999993,9.5,9.7,1.0
0.8,7.0,3.0,13.0,9.0,0.0,7.0,7.4,-1.2000000000000004,3.1,9.2,possibility_preserving,2.1999999999999993,10.0,9.2,1.0
0.8,7.0,3.5,13.0,9.0,0.0,7.0,6.9,-1.7000000000000004,2.6,8.7,possibility_preserving,1.6999999999999993,10.5,8.7,1.0
0.8,7.0,4.0,13.0,9.0,0.0,7.0,6.4,-2.2,2.1,8.2,possibility_preserving,1.1999999999999993,11.0,8.2,1.0
0.8,7.5,0.0,13.0,9.0,0.0,7.5,10.4,1.7999999999999996,6.1,12.2,possibility_preserving,4.699999999999999,7.5,12.2,1.0
0.8,7.5,0.5,13.0,9.0,0.0,7.5,9.9,1.2999999999999996,5.6,11.7,possibility_preserving,4.199999999999999,8.0,11.7,1.0
0.8,7.5,1.0,13.0,9.0,0.0,7.5,9.4,0.7999999999999996,5.1,11.2,possibility_preserving,3.6999999999999993,8.5,11.2,1.0
0.8,7.5,1.5,13.0,9.0,0.0,7.5,8.9,0.2999999999999996,4.6,10.7,possibility_preserving,3.1999999999999993,9.0,10.7,1.0
0.8,7.5,2.0,13.0,9.0,0.0,7.5,8.4,-0.2000000000000004,4.1,10.2,possibility_preserving,2.6999999999999993,9.5,10.2,1.0
0.8,7.5,2.5,13.0,9.0,0.0,7.5,7.9,-0.7000000000000004,3.6,9.7,possibility_preserving,2.1999999999999993,10.0,9.7,1.0
0.8,7.5,3.0,13.0,9.0,0.0,7.5,7.4,-1.2000000000000004,3.1,9.2,possibility_preserving,1.6999999999999993,10.5,9.2,1.0
0.8,7.5,3.5,13.0,9.0,0.0,7.5,6.9,-1.7000000000000004,2.6,8.7,possibility_preserving,1.1999999999999993,11.0,8.7,1.0
0.8,7.5,4.0,13.0,9.0,0.0,7.5,6.4,-2.2,2.1,8.2,possibility_preserving,0.6999999999999993,11.5,8.2,1.0
0.8,8.0,0.0,13.0,9.0,0.0,8.0,10.4,1.7999999999999996,6.1,12.2,possibility_preserving,4.199999999999999,8.0,12.2,1.0
0.8,8.0,0.5,13.0,9.0,0.0,8.0,9.9,1.2999999999999996,5.6,11.7,possibility_preserving,3.6999999999999993,8.5,11.7,1.0
0.8,8.0,1.0,13.0,9.0,0.0,8.0,9.4,0.7999999999999996,5.1,11.2,possibility_preserving,3.1999999999999993,9.0,11.2,1.0
0.8,8.0,1.5,13.0,9.0,0.0,8.0,8.9,0.2999999999999996,4.6,10.7,possibility_preserving,2.6999999999999993,9.5,10.7,1.0
0.8,8.0,2.0,13.0,9.0,0.0,8.0,8.4,-0.2000000000000004,4.1,10.2,possibility_preserving,2.1999999999999993,10.0,10.2,1.0
0.8,8.0,2.5,13.0,9.0,0.0,8.0,7.9,-0.7000000000000004,3.6,9.7,possibility_preserving,1.6999999999999993,10.5,9.7,1.0
0.8,8.0,3.0,13.0,9.0,0.0,8.0,7.4,-1.2000000000000004,3.1,9.2,possibility_preserving,1.1999999999999993,11.0,9.2,1.0
0.8,8.0,3.5,13.0,9.0,0.0,8.0,6.9,-1.7000000000000004,2.6,8.7,possibility_preserving,0.6999999999999993,11.5,8.7,1.0
0.8,8.0,4.0,13.0,9.0,0.0,8.0,6.4,-2.2,2.1,8.2,possibility_preserving,0.1999999999999993,12.0,8.2,1.0
0.8,8.5,0.0,13.0,9.0,0.0,8.5,10.4,1.7999999999999996,6.1,12.2,possibility_preserving,3.6999999999999993,8.5,12.2,1.0
0.8,8.5,0.5,13.0,9.0,0.0,8.5,9.9,1.2999999999999996,5.6,11.7,possibility_preserving,3.1999999999999993,9.0,11.7,1.0
0.8,8.5,1.0,13.0,9.0,0.0,8.5,9.4,0.7999999999999996,5.1,11.2,possibility_preserving,2.6999999999999993,9.5,11.2,1.0
0.8,8.5,1.5,13.0,9.0,0.0,8.5,8.9,0.2999999999999996,4.6,10.7,possibility_preserving,2.1999999999999993,10.0,10.7,1.0
0.8,8.5,2.0,13.0,9.0,0.0,8.5,8.4,-0.2000000000000004,4.1,10.2,possibility_preserving,1.6999999999999993,10.5,10.2,1.0
0.8,8.5,2.5,13.0,9.0,0.0,8.5,7.9,-0.7000000000000004,3.6,9.7,possibility_preserving,1.1999999999999993,11.0,9.7,1.0
0.8,8.5,3.0,13.0,9.0,0.0,8.5,7.4,-1.2000000000000004,3.1,9.2,possibility_preserving,0.6999999999999993,11.5,9.2,1.0
0.8,8.5,3.5,13.0,9.0,0.0,8.5,6.9,-1.7000000000000004,2.6,8.7,possibility_preserving,0.1999999999999993,12.0,8.7,1.0
0.8,8.5,4.0,13.0,9.0,0.0,8.5,6.4,-2.2,2.1,8.2,myopic_greedy,-0.3000000000000007,12.5,8.2,0.0
0.8,9.0,0.0,13.0,9.0,0.0,9.0,10.4,1.7999999999999996,6.1,12.2,possibility_preserving,3.1999999999999993,9.0,12.2,1.0
0.8,9.0,0.5,13.0,9.0,0.0,9.0,9.9,1.2999999999999996,5.6,11.7,possibility_preserving,2.6999999999999993,9.5,11.7,1.0
0.8,9.0,1.0,13.0,9.0,0.0,9.0,9.4,0.7999999999999996,5.1,11.2,possibility_preserving,2.1999999999999993,10.0,11.2,1.0
0.8,9.0,1.5,13.0,9.0,0.0,9.0,8.9,0.2999999999999996,4.6,10.7,possibility_preserving,1.6999999999999993,10.5,10.7,1.0
0.8,9.0,2.0,13.0,9.0,0.0,9.0,8.4,-0.2000000000000004,4.1,10.2,possibility_preserving,1.1999999999999993,11.0,10.2,1.0
0.8,9.0,2.5,13.0,9.0,0.0,9.0,7.9,-0.7000000000000004,3.6,9.7,possibility_preserving,0.6999999999999993,11.5,9.7,1.0
0.8,9.0,3.0,13.0,9.0,0.0,9.0,7.4,-1.2000000000000004,3.1,9.2,possibility_preserving,0.1999999999999993,12.0,9.2,1.0
0.8,9.0,3.5,13.0,9.0,0.0,9.0,6.9,-1.7000000000000004,2.6,8.7,myopic_greedy,-0.3000000000000007,12.5,8.7,0.0
0.8,9.0,4.0,13.0,9.0,0.0,9.0,6.4,-2.2,2.1,8.2,myopic_greedy,-0.8000000000000007,13.0,8.2,0.0
0.8,9.5,0.0,13.0,9.0,0.0,9.5,10.4,1.7999999999999996,6.1,12.2,possibility_preserving,2.6999999999999993,9.5,12.2,1.0
0.8,9.5,0.5,13.0,9.0,0.0,9.5,9.9,1.2999999999999996,5.6,11.7,possibility_preserving,2.1999999999999993,10.0,11.7,1.0
0.8,9.5,1.0,13.0,9.0,0.0,9.5,9.4,0.7999999999999996,5.1,11.2,possibility_preserving,1.6999999999999993,10.5,11.2,1.0
0.8,9.5,1.5,13.0,9.0,0.0,9.5,8.9,0.2999999999999996,4.6,10.7,possibility_preserving,1.1999999999999993,11.0,10.7,1.0
0.8,9.5,2.0,13.0,9.0,0.0,9.5,8.4,-0.2000000000000004,4.1,10.2,possibility_preserving,0.6999999999999993,11.5,10.2,1.0
0.8,9.5,2.5,13.0,9.0,0.0,9.5,7.9,-0.7000000000000004,3.6,9.7,possibility_preserving,0.1999999999999993,12.0,9.7,1.0
0.8,9.5,3.0,13.0,9.0,0.0,9.5,7.4,-1.2000000000000004,3.1,9.2,myopic_greedy,-0.3000000000000007,12.5,9.2,0.0
0.8,9.5,3.5,13.0,9.0,0.0,9.5,6.9,-1.7000000000000004,2.6,8.7,myopic_greedy,-0.8000000000000007,13.0,8.7,0.0
0.8,9.5,4.0,13.0,9.0,0.0,9.5,6.4,-2.2,2.1,8.2,myopic_greedy,-1.3000000000000007,13.5,8.2,0.0
0.8,10.0,0.0,13.0,9.0,0.0,10.0,10.4,1.7999999999999996,6.1,12.2,possibility_preserving,2.1999999999999993,10.0,12.2,1.0
0.8,10.0,0.5,13.0,9.0,0.0,10.0,9.9,1.2999999999999996,5.6,11.7,possibility_preserving,1.6999999999999993,10.5,11.7,1.0
0.8,10.0,1.0,13.0,9.0,0.0,10.0,9.4,0.7999999999999996,5.1,11.2,possibility_preserving,1.1999999999999993,11.0,11.2,1.0
0.8,10.0,1.5,13.0,9.0,0.0,10.0,8.9,0.2999999999999996,4.6,10.7,possibility_preserving,0.6999999999999993,11.5,10.7,1.0
0.8,10.0,2.0,13.0,9.0,0.0,10.0,8.4,-0.2000000000000004,4.1,10.2,possibility_preserving,0.1999999999999993,12.0,10.2,1.0
0.8,10.0,2.5,13.0,9.0,0.0,10.0,7.9,-0.7000000000000004,3.6,9.7,myopic_greedy,-0.3000000000000007,12.5,9.7,0.0
0.8,10.0,3.0,13.0,9.0,0.0,10.0,7.4,-1.2000000000000004,3.1,9.2,myopic_greedy,-0.8000000000000007,13.0,9.2,0.0
0.8,10.0,3.5,13.0,9.0,0.0,10.0,6.9,-1.7000000000000004,2.6,8.7,myopic_greedy,-1.3000000000000007,13.5,8.7,0.0
0.8,10.0,4.0,13.0,9.0,0.0,10.0,6.4,-2.2,2.1,8.2,myopic_greedy,-1.8000000000000007,14.0,8.2,0.0
0.8,10.5,0.0,13.0,9.0,0.0,10.5,10.4,1.7999999999999996,6.1,12.2,possibility_preserving,1.6999999999999993,10.5,12.2,1.0
0.8,10.5,0.5,13.0,9.0,0.0,10.5,9.9,1.2999999999999996,5.6,11.7,possibility_preserving,1.1999999999999993,11.0,11.7,1.0
0.8,10.5,1.0,13.0,9.0,0.0,10.5,9.4,0.7999999999999996,5.1,11.2,possibility_preserving,0.6999999999999993,11.5,11.2,1.0
0.8,10.5,1.5,13.0,9.0,0.0,10.5,8.9,0.2999999999999996,4.6,10.7,possibility_preserving,0.1999999999999993,12.0,10.7,1.0
0.8,10.5,2.0,13.0,9.0,0.0,10.5,8.4,-0.2000000000000004,4.1,10.2,myopic_greedy,-0.3000000000000007,12.5,10.2,0.0
0.8,10.5,2.5,13.0,9.0,0.0,10.5,7.9,-0.7000000000000004,3.6,9.7,myopic_greedy,-0.8000000000000007,13.0,9.7,0.0
0.8,10.5,3.0,13.0,9.0,0.0,10.5,7.4,-1.2000000000000004,3.1,9.2,myopic_greedy,-1.3000000000000007,13.5,9.2,0.0
0.8,10.5,3.5,13.0,9.0,0.0,10.5,6.9,-1.7000000000000004,2.6,8.7,myopic_greedy,-1.8000000000000007,14.0,8.7,0.0
0.8,10.5,4.0,13.0,9.0,0.0,10.5,6.4,-2.2,2.1,8.2,myopic_greedy,-2.3000000000000007,14.5,8.2,0.0
0.8,11.0,0.0,13.0,9.0,0.0,11.0,10.4,1.7999999999999996,6.1,12.2,possibility_preserving,1.1999999999999993,11.0,12.2,1.0
0.8,11.0,0.5,13.0,9.0,0.0,11.0,9.9,1.2999999999999996,5.6,11.7,possibility_preserving,0.6999999999999993,11.5,11.7,1.0
0.8,11.0,1.0,13.0,9.0,0.0,11.0,9.4,0.7999999999999996,5.1,11.2,possibility_preserving,0.1999999999999993,12.0,11.2,1.0
0.8,11.0,1.5,13.0,9.0,0.0,11.0,8.9,0.2999999999999996,4.6,10.7,myopic_greedy,-0.3000000000000007,12.5,10.7,0.0
0.8,11.0,2.0,13.0,9.0,0.0,11.0,8.4,-0.2000000000000004,4.1,10.2,myopic_greedy,-0.8000000000000007,13.0,10.2,0.0
0.8,11.0,2.5,13.0,9.0,0.0,11.0,7.9,-0.7000000000000004,3.6,9.7,myopic_greedy,-1.3000000000000007,13.5,9.7,0.0
0.8,11.0,3.0,13.0,9.0,0.0,11.0,7.4,-1.2000000000000004,3.1,9.2,myopic_greedy,-1.8000000000000007,14.0,9.2,0.0
0.8,11.0,3.5,13.0,9.0,0.0,11.0,6.9,-1.7000000000000004,2.6,8.7,myopic_greedy,-2.3000000000000007,14.5,8.7,0.0
0.8,11.0,4.0,13.0,9.0,0.0,11.0,6.4,-2.2,2.1,8.2,myopic_greedy,-2.8000000000000007,15.0,8.2,0.0
0.8,11.5,0.0,13.0,9.0,0.0,11.5,10.4,1.7999999999999996,6.1,12.2,possibility_preserving,0.6999999999999993,11.5,12.2,1.0
0.8,11.5,0.5,13.0,9.0,0.0,11.5,9.9,1.2999999999999996,5.6,11.7,possibility_preserving,0.1999999999999993,12.0,11.7,1.0
0.8,11.5,1.0,13.0,9.0,0.0,11.5,9.4,0.7999999999999996,5.1,11.2,myopic_greedy,-0.3000000000000007,12.5,11.2,0.0
0.8,11.5,1.5,13.0,9.0,0.0,11.5,8.9,0.2999999999999996,4.6,10.7,myopic_greedy,-0.8000000000000007,13.0,10.7,0.0
0.8,11.5,2.0,13.0,9.0,0.0,11.5,8.4,-0.2000000000000004,4.1,10.2,myopic_greedy,-1.3000000000000007,13.5,10.2,0.0
0.8,11.5,2.5,13.0,9.0,0.0,11.5,7.9,-0.7000000000000004,3.6,9.7,myopic_greedy,-1.8000000000000007,14.0,9.7,0.0
0.8,11.5,3.0,13.0,9.0,0.0,11.5,7.4,-1.2000000000000004,3.1,9.2,myopic_greedy,-2.3000000000000007,14.5,9.2,0.0
0.8,11.5,3.5,13.0,9.0,0.0,11.5,6.9,-1.7000000000000004,2.6,8.7,myopic_greedy,-2.8000000000000007,15.0,8.7,0.0
0.8,11.5,4.0,13.0,9.0,0.0,11.5,6.4,-2.2,2.1,8.2,myopic_greedy,-3.3000000000000007,15.5,8.2,0.0
0.8,12.0,0.0,13.0,9.0,0.0,12.0,10.4,1.7999999999999996,6.1,12.2,possibility_preserving,0.1999999999999993,12.0,12.2,1.0
0.8,12.0,0.5,13.0,9.0,0.0,12.0,9.9,1.2999999999999996,5.6,11.7,myopic_greedy,-0.3000000000000007,12.5,11.7,0.0
0.8,12.0,1.0,13.0,9.0,0.0,12.0,9.4,0.7999999999999996,5.1,11.2,myopic_greedy,-0.8000000000000007,13.0,11.2,0.0
0.8,12.0,1.5,13.0,9.0,0.0,12.0,8.9,0.2999999999999996,4.6,10.7,myopic_greedy,-1.3000000000000007,13.5,10.7,0.0
0.8,12.0,2.0,13.0,9.0,0.0,12.0,8.4,-0.2000000000000004,4.1,10.2,myopic_greedy,-1.8000000000000007,14.0,10.2,0.0
0.8,12.0,2.5,13.0,9.0,0.0,12.0,7.9,-0.7000000000000004,3.6,9.7,myopic_greedy,-2.3000000000000007,14.5,9.7,0.0
0.8,12.0,3.0,13.0,9.0,0.0,12.0,7.4,-1.2000000000000004,3.1,9.2,myopic_greedy,-2.8000000000000007,15.0,9.2,0.0
0.8,12.0,3.5,13.0,9.0,0.0,12.0,6.9,-1.7000000000000004,2.6,8.7,myopic_greedy,-3.3000000000000007,15.5,8.7,0.0
0.8,12.0,4.0,13.0,9.0,0.0,12.0,6.4,-2.2,2.1,8.2,myopic_greedy,-3.8000000000000007,16.0,8.2,0.0
0.8,12.5,0.0,13.0,9.0,0.0,12.5,10.4,1.7999999999999996,6.1,12.2,myopic_greedy,-0.3000000000000007,12.5,12.2,0.0
0.8,12.5,0.5,13.0,9.0,0.0,12.5,9.9,1.2999999999999996,5.6,11.7,myopic_greedy,-0.8000000000000007,13.0,11.7,0.0
0.8,12.5,1.0,13.0,9.0,0.0,12.5,9.4,0.7999999999999996,5.1,11.2,myopic_greedy,-1.3000000000000007,13.5,11.2,0.0
0.8,12.5,1.5,13.0,9.0,0.0,12.5,8.9,0.2999999999999996,4.6,10.7,myopic_greedy,-1.8000000000000007,14.0,10.7,0.0
0.8,12.5,2.0,13.0,9.0,0.0,12.5,8.4,-0.2000000000000004,4.1,10.2,myopic_greedy,-2.3000000000000007,14.5,10.2,0.0
0.8,12.5,2.5,13.0,9.0,0.0,12.5,7.9,-0.7000000000000004,3.6,9.7,myopic_greedy,-2.8000000000000007,15.0,9.7,0.0
0.8,12.5,3.0,13.0,9.0,0.0,12.5,7.4,-1.2000000000000004,3.1,9.2,myopic_greedy,-3.3000000000000007,15.5,9.2,0.0
0.8,12.5,3.5,13.0,9.0,0.0,12.5,6.9,-1.7000000000000004,2.6,8.7,myopic_greedy,-3.8000000000000007,16.0,8.7,0.0
0.8,12.5,4.0,13.0,9.0,0.0,12.5,6.4,-2.2,2.1,8.2,myopic_greedy,-4.300000000000001,16.5,8.2,0.0
0.8,13.0,0.0,13.0,9.0,0.0,13.0,10.4,1.7999999999999996,6.1,12.2,myopic_greedy,-0.8000000000000007,13.0,12.2,0.0
0.8,13.0,0.5,13.0,9.0,0.0,13.0,9.9,1.2999999999999996,5.6,11.7,myopic_greedy,-1.3000000000000007,13.5,11.7,0.0
0.8,13.0,1.0,13.0,9.0,0.0,13.0,9.4,0.7999999999999996,5.1,11.2,myopic_greedy,-1.8000000000000007,14.0,11.2,0.0
0.8,13.0,1.5,13.0,9.0,0.0,13.0,8.9,0.2999999999999996,4.6,10.7,myopic_greedy,-2.3000000000000007,14.5,10.7,0.0
0.8,13.0,2.0,13.0,9.0,0.0,13.0,8.4,-0.2000000000000004,4.1,10.2,myopic_greedy,-2.8000000000000007,15.0,10.2,0.0
0.8,13.0,2.5,13.0,9.0,0.0,13.0,7.9,-0.7000000000000004,3.6,9.7,myopic_greedy,-3.3000000000000007,15.5,9.7,0.0
0.8,13.0,3.0,13.0,9.0,0.0,13.0,7.4,-1.2000000000000004,3.1,9.2,myopic_greedy,-3.8000000000000007,16.0,9.2,0.0
0.8,13.0,3.5,13.0,9.0,0.0,13.0,6.9,-1.7000000000000004,2.6,8.7,myopic_greedy,-4.300000000000001,16.5,8.7,0.0
0.8,13.0,4.0,13.0,9.0,0.0,13.0,6.4,-2.2,2.1,8.2,myopic_greedy,-4.800000000000001,17.0,8.2,0.0
0.8,13.5,0.0,13.0,9.0,0.0,13.5,10.4,1.7999999999999996,6.1,12.2,myopic_greedy,-1.3000000000000007,13.5,12.2,0.0
0.8,13.5,0.5,13.0,9.0,0.0,13.5,9.9,1.2999999999999996,5.6,11.7,myopic_greedy,-1.8000000000000007,14.0,11.7,0.0
0.8,13.5,1.0,13.0,9.0,0.0,13.5,9.4,0.7999999999999996,5.1,11.2,myopic_greedy,-2.3000000000000007,14.5,11.2,0.0
0.8,13.5,1.5,13.0,9.0,0.0,13.5,8.9,0.2999999999999996,4.6,10.7,myopic_greedy,-2.8000000000000007,15.0,10.7,0.0
0.8,13.5,2.0,13.0,9.0,0.0,13.5,8.4,-0.2000000000000004,4.1,10.2,myopic_greedy,-3.3000000000000007,15.5,10.2,0.0
0.8,13.5,2.5,13.0,9.0,0.0,13.5,7.9,-0.7000000000000004,3.6,9.7,myopic_greedy,-3.8000000000000007,16.0,9.7,0.0
0.8,13.5,3.0,13.0,9.0,0.0,13.5,7.4,-1.2000000000000004,3.1,9.2,myopic_greedy,-4.300000000000001,16.5,9.2,0.0
0.8,13.5,3.5,13.0,9.0,0.0,13.5,6.9,-1.7000000000000004,2.6,8.7,myopic_greedy,-4.800000000000001,17.0,8.7,0.0
0.8,13.5,4.0,13.0,9.0,0.0,13.5,6.4,-2.2,2.1,8.2,myopic_greedy,-5.300000000000001,17.5,8.2,0.0
0.8,14.0,0.0,13.0,9.0,0.0,14.0,10.4,1.7999999999999996,6.1,12.2,myopic_greedy,-1.8000000000000007,14.0,12.2,0.0
0.8,14.0,0.5,13.0,9.0,0.0,14.0,9.9,1.2999999999999996,5.6,11.7,myopic_greedy,-2.3000000000000007,14.5,11.7,0.0
0.8,14.0,1.0,13.0,9.0,0.0,14.0,9.4,0.7999999999999996,5.1,11.2,myopic_greedy,-2.8000000000000007,15.0,11.2,0.0
0.8,14.0,1.5,13.0,9.0,0.0,14.0,8.9,0.2999999999999996,4.6,10.7,myopic_greedy,-3.3000000000000007,15.5,10.7,0.0
0.8,14.0,2.0,13.0,9.0,0.0,14.0,8.4,-0.2000000000000004,4.1,10.2,myopic_greedy,-3.8000000000000007,16.0,10.2,0.0
0.8,14.0,2.5,13.0,9.0,0.0,14.0,7.9,-0.7000000000000004,3.6,9.7,myopic_greedy,-4.300000000000001,16.5,9.7,0.0
0.8,14.0,3.0,13.0,9.0,0.0,14.0,7.4,-1.2000000000000004,3.1,9.2,myopic_greedy,-4.800000000000001,17.0,9.2,0.0
0.8,14.0,3.5,13.0,9.0,0.0,14.0,6.9,-1.7000000000000004,2.6,8.7,myopic_greedy,-5.300000000000001,17.5,8.7,0.0
0.8,14.0,4.0,13.0,9.0,0.0,14.0,6.4,-2.2,2.1,8.2,myopic_greedy,-5.800000000000001,18.0,8.2,0.0
0.8,14.5,0.0,13.0,9.0,0.0,14.5,10.4,1.7999999999999996,6.1,12.2,myopic_greedy,-2.3000000000000007,14.5,12.2,0.0
0.8,14.5,0.5,13.0,9.0,0.0,14.5,9.9,1.2999999999999996,5.6,11.7,myopic_greedy,-2.8000000000000007,15.0,11.7,0.0
0.8,14.5,1.0,13.0,9.0,0.0,14.5,9.4,0.7999999999999996,5.1,11.2,myopic_greedy,-3.3000000000000007,15.5,11.2,0.0
0.8,14.5,1.5,13.0,9.0,0.0,14.5,8.9,0.2999999999999996,4.6,10.7,myopic_greedy,-3.8000000000000007,16.0,10.7,0.0
0.8,14.5,2.0,13.0,9.0,0.0,14.5,8.4,-0.2000000000000004,4.1,10.2,myopic_greedy,-4.300000000000001,16.5,10.2,0.0
0.8,14.5,2.5,13.0,9.0,0.0,14.5,7.9,-0.7000000000000004,3.6,9.7,myopic_greedy,-4.800000000000001,17.0,9.7,0.0
0.8,14.5,3.0,13.0,9.0,0.0,14.5,7.4,-1.2000000000000004,3.1,9.2,myopic_greedy,-5.300000000000001,17.5,9.2,0.0
0.8,14.5,3.5,13.0,9.0,0.0,14.5,6.9,-1.7000000000000004,2.6,8.7,myopic_greedy,-5.800000000000001,18.0,8.7,0.0
0.8,14.5,4.0,13.0,9.0,0.0,14.5,6.4,-2.2,2.1,8.2,myopic_greedy,-6.300000000000001,18.5,8.2,0.0
0.8,15.0,0.0,13.0,9.0,0.0,15.0,10.4,1.7999999999999996,6.1,12.2,myopic_greedy,-2.8000000000000007,15.0,12.2,0.0
0.8,15.0,0.5,13.0,9.0,0.0,15.0,9.9,1.2999999999999996,5.6,11.7,myopic_greedy,-3.3000000000000007,15.5,11.7,0.0
0.8,15.0,1.0,13.0,9.0,0.0,15.0,9.4,0.7999999999999996,5.1,11.2,myopic_greedy,-3.8000000000000007,16.0,11.2,0.0
0.8,15.0,1.5,13.0,9.0,0.0,15.0,8.9,0.2999999999999996,4.6,10.7,myopic_greedy,-4.300000000000001,16.5,10.7,0.0
0.8,15.0,2.0,13.0,9.0,0.0,15.0,8.4,-0.2000000000000004,4.1,10.2,myopic_greedy,-4.800000000000001,17.0,10.2,0.0
0.8,15.0,2.5,13.0,9.0,0.0,15.0,7.9,-0.7000000000000004,3.6,9.7,myopic_greedy,-5.300000000000001,17.5,9.7,0.0
0.8,15.0,3.0,13.0,9.0,0.0,15.0,7.4,-1.2000000000000004,3.1,9.2,myopic_greedy,-5.800000000000001,18.0,9.2,0.0
0.8,15.0,3.5,13.0,9.0,0.0,15.0,6.9,-1.7000000000000004,2.6,8.7,myopic_greedy,-6.300000000000001,18.5,8.7,0.0
0.8,15.0,4.0,13.0,9.0,0.0,15.0,6.4,-2.2,2.1,8.2,myopic_greedy,-6.800000000000001,19.0,8.2,0.0
0.8,15.5,0.0,13.0,9.0,0.0,15.5,10.4,1.7999999999999996,6.1,12.2,myopic_greedy,-3.3000000000000007,15.5,12.2,0.0
0.8,15.5,0.5,13.0,9.0,0.0,15.5,9.9,1.2999999999999996,5.6,11.7,myopic_greedy,-3.8000000000000007,16.0,11.7,0.0
0.8,15.5,1.0,13.0,9.0,0.0,15.5,9.4,0.7999999999999996,5.1,11.2,myopic_greedy,-4.300000000000001,16.5,11.2,0.0
0.8,15.5,1.5,13.0,9.0,0.0,15.5,8.9,0.2999999999999996,4.6,10.7,myopic_greedy,-4.800000000000001,17.0,10.7,0.0
0.8,15.5,2.0,13.0,9.0,0.0,15.5,8.4,-0.2000000000000004,4.1,10.2,myopic_greedy,-5.300000000000001,17.5,10.2,0.0
0.8,15.5,2.5,13.0,9.0,0.0,15.5,7.9,-0.7000000000000004,3.6,9.7,myopic_greedy,-5.800000000000001,18.0,9.7,0.0
0.8,15.5,3.0,13.0,9.0,0.0,15.5,7.4,-1.2000000000000004,3.1,9.2,myopic_greedy,-6.300000000000001,18.5,9.2,0.0
0.8,15.5,3.5,13.0,9.0,0.0,15.5,6.9,-1.7000000000000004,2.6,8.7,myopic_greedy,-6.800000000000001,19.0,8.7,0.0
0.8,15.5,4.0,13.0,9.0,0.0,15.5,6.4,-2.2,2.1,8.2,myopic_greedy,-7.300000000000001,19.5,8.2,0.0
0.8,16.0,0.0,13.0,9.0,0.0,16.0,10.4,1.7999999999999996,6.1,12.2,myopic_greedy,-3.8000000000000007,16.0,12.2,0.0
0.8,16.0,0.5,13.0,9.0,0.0,16.0,9.9,1.2999999999999996,5.6,11.7,myopic_greedy,-4.300000000000001,16.5,11.7,0.0
0.8,16.0,1.0,13.0,9.0,0.0,16.0,9.4,0.7999999999999996,5.1,11.2,myopic_greedy,-4.800000000000001,17.0,11.2,0.0
0.8,16.0,1.5,13.0,9.0,0.0,16.0,8.9,0.2999999999999996,4.6,10.7,myopic_greedy,-5.300000000000001,17.5,10.7,0.0
0.8,16.0,2.0,13.0,9.0,0.0,16.0,8.4,-0.2000000000000004,4.1,10.2,myopic_greedy,-5.800000000000001,18.0,10.2,0.0
0.8,16.0,2.5,13.0,9.0,0.0,16.0,7.9,-0.7000000000000004,3.6,9.7,myopic_greedy,-6.300000000000001,18.5,9.7,0.0
0.8,16.0,3.0,13.0,9.0,0.0,16.0,7.4,-1.2000000000000004,3.1,9.2,myopic_greedy,-6.800000000000001,19.0,9.2,0.0
0.8,16.0,3.5,13.0,9.0,0.0,16.0,6.9,-1.7000000000000004,2.6,8.7,myopic_greedy,-7.300000000000001,19.5,8.7,0.0
0.8,16.0,4.0,13.0,9.0,0.0,16.0,6.4,-2.2,2.1,8.2,myopic_greedy,-7.800000000000001,20.0,8.2,0.0
0.8,16.5,0.0,13.0,9.0,0.0,16.5,10.4,1.7999999999999996,6.1,12.2,myopic_greedy,-4.300000000000001,16.5,12.2,0.0
0.8,16.5,0.5,13.0,9.0,0.0,16.5,9.9,1.2999999999999996,5.6,11.7,myopic_greedy,-4.800000000000001,17.0,11.7,0.0
0.8,16.5,1.0,13.0,9.0,0.0,16.5,9.4,0.7999999999999996,5.1,11.2,myopic_greedy,-5.300000000000001,17.5,11.2,0.0
0.8,16.5,1.5,13.0,9.0,0.0,16.5,8.9,0.2999999999999996,4.6,10.7,myopic_greedy,-5.800000000000001,18.0,10.7,0.0
0.8,16.5,2.0,13.0,9.0,0.0,16.5,8.4,-0.2000000000000004,4.1,10.2,myopic_greedy,-6.300000000000001,18.5,10.2,0.0
0.8,16.5,2.5,13.0,9.0,0.0,16.5,7.9,-0.7000000000000004,3.6,9.7,myopic_greedy,-6.800000000000001,19.0,9.7,0.0
0.8,16.5,3.0,13.0,9.0,0.0,16.5,7.4,-1.2000000000000004,3.1,9.2,myopic_greedy,-7.300000000000001,19.5,9.2,0.0
0.8,16.5,3.5,13.0,9.0,0.0,16.5,6.9,-1.7000000000000004,2.6,8.7,myopic_greedy,-7.800000000000001,20.0,8.7,0.0
0.8,16.5,4.0,13.0,9.0,0.0,16.5,6.4,-2.2,2.1,8.2,myopic_greedy,-8.3,20.5,8.2,0.0
0.8,17.0,0.0,13.0,9.0,0.0,17.0,10.4,1.7999999999999996,6.1,12.2,myopic_greedy,-4.800000000000001,17.0,12.2,0.0
0.8,17.0,0.5,13.0,9.0,0.0,17.0,9.9,1.2999999999999996,5.6,11.7,myopic_greedy,-5.300000000000001,17.5,11.7,0.0
0.8,17.0,1.0,13.0,9.0,0.0,17.0,9.4,0.7999999999999996,5.1,11.2,myopic_greedy,-5.800000000000001,18.0,11.2,0.0
0.8,17.0,1.5,13.0,9.0,0.0,17.0,8.9,0.2999999999999996,4.6,10.7,myopic_greedy,-6.300000000000001,18.5,10.7,0.0
0.8,17.0,2.0,13.0,9.0,0.0,17.0,8.4,-0.2000000000000004,4.1,10.2,myopic_greedy,-6.800000000000001,19.0,10.2,0.0
0.8,17.0,2.5,13.0,9.0,0.0,17.0,7.9,-0.7000000000000004,3.6,9.7,myopic_greedy,-7.300000000000001,19.5,9.7,0.0
0.8,17.0,3.0,13.0,9.0,0.0,17.0,7.4,-1.2000000000000004,3.1,9.2,myopic_greedy,-7.800000000000001,20.0,9.2,0.0
0.8,17.0,3.5,13.0,9.0,0.0,17.0,6.9,-1.7000000000000004,2.6,8.7,myopic_greedy,-8.3,20.5,8.7,0.0
0.8,17.0,4.0,13.0,9.0,0.0,17.0,6.4,-2.2,2.1,8.2,myopic_greedy,-8.8,21.0,8.2,0.0
0.8,17.5,0.0,13.0,9.0,0.0,17.5,10.4,1.7999999999999996,6.1,12.2,myopic_greedy,-5.300000000000001,17.5,12.2,0.0
0.8,17.5,0.5,13.0,9.0,0.0,17.5,9.9,1.2999999999999996,5.6,11.7,myopic_greedy,-5.800000000000001,18.0,11.7,0.0
0.8,17.5,1.0,13.0,9.0,0.0,17.5,9.4,0.7999999999999996,5.1,11.2,myopic_greedy,-6.300000000000001,18.5,11.2,0.0
0.8,17.5,1.5,13.0,9.0,0.0,17.5,8.9,0.2999999999999996,4.6,10.7,myopic_greedy,-6.800000000000001,19.0,10.7,0.0
0.8,17.5,2.0,13.0,9.0,0.0,17.5,8.4,-0.2000000000000004,4.1,10.2,myopic_greedy,-7.300000000000001,19.5,10.2,0.0
0.8,17.5,2.5,13.0,9.0,0.0,17.5,7.9,-0.7000000000000004,3.6,9.7,myopic_greedy,-7.800000000000001,20.0,9.7,0.0
0.8,17.5,3.0,13.0,9.0,0.0,17.5,7.4,-1.2000000000000004,3.1,9.2,myopic_greedy,-8.3,20.5,9.2,0.0
0.8,17.5,3.5,13.0,9.0,0.0,17.5,6.9,-1.7000000000000004,2.6,8.7,myopic_greedy,-8.8,21.0,8.7,0.0
0.8,17.5,4.0,13.0,9.0,0.0,17.5,6.4,-2.2,2.1,8.2,myopic_greedy,-9.3,21.5,8.2,0.0
0.8,18.0,0.0,13.0,9.0,0.0,18.0,10.4,1.7999999999999996,6.1,12.2,myopic_greedy,-5.800000000000001,18.0,12.2,0.0
0.8,18.0,0.5,13.0,9.0,0.0,18.0,9.9,1.2999999999999996,5.6,11.7,myopic_greedy,-6.300000000000001,18.5,11.7,0.0
0.8,18.0,1.0,13.0,9.0,0.0,18.0,9.4,0.7999999999999996,5.1,11.2,myopic_greedy,-6.800000000000001,19.0,11.2,0.0
0.8,18.0,1.5,13.0,9.0,0.0,18.0,8.9,0.2999999999999996,4.6,10.7,myopic_greedy,-7.300000000000001,19.5,10.7,0.0
0.8,18.0,2.0,13.0,9.0,0.0,18.0,8.4,-0.2000000000000004,4.1,10.2,myopic_greedy,-7.800000000000001,20.0,10.2,0.0
0.8,18.0,2.5,13.0,9.0,0.0,18.0,7.9,-0.7000000000000004,3.6,9.7,myopic_greedy,-8.3,20.5,9.7,0.0
0.8,18.0,3.0,13.0,9.0,0.0,18.0,7.4,-1.2000000000000004,3.1,9.2,myopic_greedy,-8.8,21.0,9.2,0.0
0.8,18.0,3.5,13.0,9.0,0.0,18.0,6.9,-1.7000000000000004,2.6,8.7,myopic_greedy,-9.3,21.5,8.7,0.0
0.8,18.0,4.0,13.0,9.0,0.0,18.0,6.4,-2.2,2.1,8.2,myopic_greedy,-9.8,22.0,8.2,0.0
0.85,6.0,0.0,13.0,9.0,0.0,6.0,11.049999999999999,1.35,6.199999999999999,12.399999999999999,possibility_preserving,6.399999999999999,6.0,12.399999999999999,1.0
0.85,6.0,0.5,13.0,9.0,0.0,6.0,10.549999999999999,0.8500000000000001,5.699999999999999,11.899999999999999,possibility_preserving,5.899999999999999,6.5,11.899999999999999,1.0
0.85,6.0,1.0,13.0,9.0,0.0,6.0,10.049999999999999,0.3500000000000001,5.199999999999999,11.399999999999999,possibility_preserving,5.399999999999999,7.0,11.399999999999999,1.0
0.85,6.0,1.5,13.0,9.0,0.0,6.0,9.549999999999999,-0.1499999999999999,4.699999999999999,10.899999999999999,possibility_preserving,4.899999999999999,7.5,10.899999999999999,1.0
0.85,6.0,2.0,13.0,9.0,0.0,6.0,9.049999999999999,-0.6499999999999999,4.199999999999999,10.399999999999999,possibility_preserving,4.399999999999999,8.0,10.399999999999999,1.0
0.85,6.0,2.5,13.0,9.0,0.0,6.0,8.549999999999999,-1.15,3.6999999999999993,9.899999999999999,possibility_preserving,3.8999999999999986,8.5,9.899999999999999,1.0
0.85,6.0,3.0,13.0,9.0,0.0,6.0,8.049999999999999,-1.65,3.1999999999999993,9.399999999999999,possibility_preserving,3.3999999999999986,9.0,9.399999999999999,1.0
0.85,6.0,3.5,13.0,9.0,0.0,6.0,7.549999999999999,-2.15,2.6999999999999993,8.899999999999999,possibility_preserving,2.8999999999999986,9.5,8.899999999999999,1.0
0.85,6.0,4.0,13.0,9.0,0.0,6.0,7.049999999999999,-2.65,2.1999999999999993,8.399999999999999,possibility_preserving,2.3999999999999986,10.0,8.399999999999999,1.0
0.85,6.5,0.0,13.0,9.0,0.0,6.5,11.049999999999999,1.35,6.199999999999999,12.399999999999999,possibility_preserving,5.899999999999999,6.5,12.399999999999999,1.0
0.85,6.5,0.5,13.0,9.0,0.0,6.5,10.549999999999999,0.8500000000000001,5.699999999999999,11.899999999999999,possibility_preserving,5.399999999999999,7.0,11.899999999999999,1.0
0.85,6.5,1.0,13.0,9.0,0.0,6.5,10.049999999999999,0.3500000000000001,5.199999999999999,11.399999999999999,possibility_preserving,4.899999999999999,7.5,11.399999999999999,1.0
0.85,6.5,1.5,13.0,9.0,0.0,6.5,9.549999999999999,-0.1499999999999999,4.699999999999999,10.899999999999999,possibility_preserving,4.399999999999999,8.0,10.899999999999999,1.0
0.85,6.5,2.0,13.0,9.0,0.0,6.5,9.049999999999999,-0.6499999999999999,4.199999999999999,10.399999999999999,possibility_preserving,3.8999999999999986,8.5,10.399999999999999,1.0
0.85,6.5,2.5,13.0,9.0,0.0,6.5,8.549999999999999,-1.15,3.6999999999999993,9.899999999999999,possibility_preserving,3.3999999999999986,9.0,9.899999999999999,1.0
0.85,6.5,3.0,13.0,9.0,0.0,6.5,8.049999999999999,-1.65,3.1999999999999993,9.399999999999999,possibility_preserving,2.8999999999999986,9.5,9.399999999999999,1.0
0.85,6.5,3.5,13.0,9.0,0.0,6.5,7.549999999999999,-2.15,2.6999999999999993,8.899999999999999,possibility_preserving,2.3999999999999986,10.0,8.899999999999999,1.0
0.85,6.5,4.0,13.0,9.0,0.0,6.5,7.049999999999999,-2.65,2.1999999999999993,8.399999999999999,possibility_preserving,1.8999999999999986,10.5,8.399999999999999,1.0
0.85,7.0,0.0,13.0,9.0,0.0,7.0,11.049999999999999,1.35,6.199999999999999,12.399999999999999,possibility_preserving,5.399999999999999,7.0,12.399999999999999,1.0
0.85,7.0,0.5,13.0,9.0,0.0,7.0,10.549999999999999,0.8500000000000001,5.699999999999999,11.899999999999999,possibility_preserving,4.899999999999999,7.5,11.899999999999999,1.0
0.85,7.0,1.0,13.0,9.0,0.0,7.0,10.049999999999999,0.3500000000000001,5.199999999999999,11.399999999999999,possibility_preserving,4.399999999999999,8.0,11.399999999999999,1.0
0.85,7.0,1.5,13.0,9.0,0.0,7.0,9.549999999999999,-0.1499999999999999,4.699999999999999,10.899999999999999,possibility_preserving,3.8999999999999986,8.5,10.899999999999999,1.0
0.85,7.0,2.0,13.0,9.0,0.0,7.0,9.049999999999999,-0.6499999999999999,4.199999999999999,10.399999999999999,possibility_preserving,3.3999999999999986,9.0,10.399999999999999,1.0
0.85,7.0,2.5,13.0,9.0,0.0,7.0,8.549999999999999,-1.15,3.6999999999999993,9.899999999999999,possibility_preserving,2.8999999999999986,9.5,9.899999999999999,1.0
0.85,7.0,3.0,13.0,9.0,0.0,7.0,8.049999999999999,-1.65,3.1999999999999993,9.399999999999999,possibility_preserving,2.3999999999999986,10.0,9.399999999999999,1.0
0.85,7.0,3.5,13.0,9.0,0.0,7.0,7.549999999999999,-2.15,2.6999999999999993,8.899999999999999,possibility_preserving,1.8999999999999986,10.5,8.899999999999999,1.0
0.85,7.0,4.0,13.0,9.0,0.0,7.0,7.049999999999999,-2.65,2.1999999999999993,8.399999999999999,possibility_preserving,1.3999999999999986,11.0,8.399999999999999,1.0
0.85,7.5,0.0,13.0,9.0,0.0,7.5,11.049999999999999,1.35,6.199999999999999,12.399999999999999,possibility_preserving,4.899999999999999,7.5,12.399999999999999,1.0
0.85,7.5,0.5,13.0,9.0,0.0,7.5,10.549999999999999,0.8500000000000001,5.699999999999999,11.899999999999999,possibility_preserving,4.399999999999999,8.0,11.899999999999999,1.0
0.85,7.5,1.0,13.0,9.0,0.0,7.5,10.049999999999999,0.3500000000000001,5.199999999999999,11.399999999999999,possibility_preserving,3.8999999999999986,8.5,11.399999999999999,1.0
0.85,7.5,1.5,13.0,9.0,0.0,7.5,9.549999999999999,-0.1499999999999999,4.699999999999999,10.899999999999999,possibility_preserving,3.3999999999999986,9.0,10.899999999999999,1.0
0.85,7.5,2.0,13.0,9.0,0.0,7.5,9.049999999999999,-0.6499999999999999,4.199999999999999,10.399999999999999,possibility_preserving,2.8999999999999986,9.5,10.399999999999999,1.0
0.85,7.5,2.5,13.0,9.0,0.0,7.5,8.549999999999999,-1.15,3.6999999999999993,9.899999999999999,possibility_preserving,2.3999999999999986,10.0,9.899999999999999,1.0
0.85,7.5,3.0,13.0,9.0,0.0,7.5,8.049999999999999,-1.65,3.1999999999999993,9.399999999999999,possibility_preserving,1.8999999999999986,10.5,9.399999999999999,1.0
0.85,7.5,3.5,13.0,9.0,0.0,7.5,7.549999999999999,-2.15,2.6999999999999993,8.899999999999999,possibility_preserving,1.3999999999999986,11.0,8.899999999999999,1.0
0.85,7.5,4.0,13.0,9.0,0.0,7.5,7.049999999999999,-2.65,2.1999999999999993,8.399999999999999,possibility_preserving,0.8999999999999986,11.5,8.399999999999999,1.0
0.85,8.0,0.0,13.0,9.0,0.0,8.0,11.049999999999999,1.35,6.199999999999999,12.399999999999999,possibility_preserving,4.399999999999999,8.0,12.399999999999999,1.0
0.85,8.0,0.5,13.0,9.0,0.0,8.0,10.549999999999999,0.8500000000000001,5.699999999999999,11.899999999999999,possibility_preserving,3.8999999999999986,8.5,11.899999999999999,1.0
0.85,8.0,1.0,13.0,9.0,0.0,8.0,10.049999999999999,0.3500000000000001,5.199999999999999,11.399999999999999,possibility_preserving,3.3999999999999986,9.0,11.399999999999999,1.0
0.85,8.0,1.5,13.0,9.0,0.0,8.0,9.549999999999999,-0.1499999999999999,4.699999999999999,10.899999999999999,possibility_preserving,2.8999999999999986,9.5,10.899999999999999,1.0
0.85,8.0,2.0,13.0,9.0,0.0,8.0,9.049999999999999,-0.6499999999999999,4.199999999999999,10.399999999999999,possibility_preserving,2.3999999999999986,10.0,10.399999999999999,1.0
0.85,8.0,2.5,13.0,9.0,0.0,8.0,8.549999999999999,-1.15,3.6999999999999993,9.899999999999999,possibility_preserving,1.8999999999999986,10.5,9.899999999999999,1.0
0.85,8.0,3.0,13.0,9.0,0.0,8.0,8.049999999999999,-1.65,3.1999999999999993,9.399999999999999,possibility_preserving,1.3999999999999986,11.0,9.399999999999999,1.0
0.85,8.0,3.5,13.0,9.0,0.0,8.0,7.549999999999999,-2.15,2.6999999999999993,8.899999999999999,possibility_preserving,0.8999999999999986,11.5,8.899999999999999,1.0
0.85,8.0,4.0,13.0,9.0,0.0,8.0,7.049999999999999,-2.65,2.1999999999999993,8.399999999999999,possibility_preserving,0.3999999999999986,12.0,8.399999999999999,1.0
0.85,8.5,0.0,13.0,9.0,0.0,8.5,11.049999999999999,1.35,6.199999999999999,12.399999999999999,possibility_preserving,3.8999999999999986,8.5,12.399999999999999,1.0
0.85,8.5,0.5,13.0,9.0,0.0,8.5,10.549999999999999,0.8500000000000001,5.699999999999999,11.899999999999999,possibility_preserving,3.3999999999999986,9.0,11.899999999999999,1.0
0.85,8.5,1.0,13.0,9.0,0.0,8.5,10.049999999999999,0.3500000000000001,5.199999999999999,11.399999999999999,possibility_preserving,2.8999999999999986,9.5,11.399999999999999,1.0
0.85,8.5,1.5,13.0,9.0,0.0,8.5,9.549999999999999,-0.1499999999999999,4.699999999999999,10.899999999999999,possibility_preserving,2.3999999999999986,10.0,10.899999999999999,1.0
0.85,8.5,2.0,13.0,9.0,0.0,8.5,9.049999999999999,-0.6499999999999999,4.199999999999999,10.399999999999999,possibility_preserving,1.8999999999999986,10.5,10.399999999999999,1.0
0.85,8.5,2.5,13.0,9.0,0.0,8.5,8.549999999999999,-1.15,3.6999999999999993,9.899999999999999,possibility_preserving,1.3999999999999986,11.0,9.899999999999999,1.0
0.85,8.5,3.0,13.0,9.0,0.0,8.5,8.049999999999999,-1.65,3.1999999999999993,9.399999999999999,possibility_preserving,0.8999999999999986,11.5,9.399999999999999,1.0
0.85,8.5,3.5,13.0,9.0,0.0,8.5,7.549999999999999,-2.15,2.6999999999999993,8.899999999999999,possibility_preserving,0.3999999999999986,12.0,8.899999999999999,1.0
0.85,8.5,4.0,13.0,9.0,0.0,8.5,7.049999999999999,-2.65,2.1999999999999993,8.399999999999999,myopic_greedy,-0.10000000000000142,12.5,8.399999999999999,0.0
0.85,9.0,0.0,13.0,9.0,0.0,9.0,11.049999999999999,1.35,6.199999999999999,12.399999999999999,possibility_preserving,3.3999999999999986,9.0,12.399999999999999,1.0
0.85,9.0,0.5,13.0,9.0,0.0,9.0,10.549999999999999,0.8500000000000001,5.699999999999999,11.899999999999999,possibility_preserving,2.8999999999999986,9.5,11.899999999999999,1.0
0.85,9.0,1.0,13.0,9.0,0.0,9.0,10.049999999999999,0.3500000000000001,5.199999999999999,11.399999999999999,possibility_preserving,2.3999999999999986,10.0,11.399999999999999,1.0
0.85,9.0,1.5,13.0,9.0,0.0,9.0,9.549999999999999,-0.1499999999999999,4.699999999999999,10.899999999999999,possibility_preserving,1.8999999999999986,10.5,10.899999999999999,1.0
0.85,9.0,2.0,13.0,9.0,0.0,9.0,9.049999999999999,-0.6499999999999999,4.199999999999999,10.399999999999999,possibility_preserving,1.3999999999999986,11.0,10.399999999999999,1.0
0.85,9.0,2.5,13.0,9.0,0.0,9.0,8.549999999999999,-1.15,3.6999999999999993,9.899999999999999,possibility_preserving,0.8999999999999986,11.5,9.899999999999999,1.0
0.85,9.0,3.0,13.0,9.0,0.0,9.0,8.049999999999999,-1.65,3.1999999999999993,9.399999999999999,possibility_preserving,0.3999999999999986,12.0,9.399999999999999,1.0
0.85,9.0,3.5,13.0,9.0,0.0,9.0,7.549999999999999,-2.15,2.6999999999999993,8.899999999999999,myopic_greedy,-0.10000000000000142,12.5,8.899999999999999,0.0
0.85,9.0,4.0,13.0,9.0,0.0,9.0,7.049999999999999,-2.65,2.1999999999999993,8.399999999999999,myopic_greedy,-0.6000000000000014,13.0,8.399999999999999,0.0
0.85,9.5,0.0,13.0,9.0,0.0,9.5,11.049999999999999,1.35,6.199999999999999,12.399999999999999,possibility_preserving,2.8999999999999986,9.5,12.399999999999999,1.0
0.85,9.5,0.5,13.0,9.0,0.0,9.5,10.549999999999999,0.8500000000000001,5.699999999999999,11.899999999999999,possibility_preserving,2.3999999999999986,10.0,11.899999999999999,1.0
0.85,9.5,1.0,13.0,9.0,0.0,9.5,10.049999999999999,0.3500000000000001,5.199999999999999,11.399999999999999,possibility_preserving,1.8999999999999986,10.5,11.399999999999999,1.0
0.85,9.5,1.5,13.0,9.0,0.0,9.5,9.549999999999999,-0.1499999999999999,4.699999999999999,10.899999999999999,possibility_preserving,1.3999999999999986,11.0,10.899999999999999,1.0
0.85,9.5,2.0,13.0,9.0,0.0,9.5,9.049999999999999,-0.6499999999999999,4.199999999999999,10.399999999999999,possibility_preserving,0.8999999999999986,11.5,10.399999999999999,1.0
0.85,9.5,2.5,13.0,9.0,0.0,9.5,8.549999999999999,-1.15,3.6999999999999993,9.899999999999999,possibility_preserving,0.3999999999999986,12.0,9.899999999999999,1.0
0.85,9.5,3.0,13.0,9.0,0.0,9.5,8.049999999999999,-1.65,3.1999999999999993,9.399999999999999,myopic_greedy,-0.10000000000000142,12.5,9.399999999999999,0.0
0.85,9.5,3.5,13.0,9.0,0.0,9.5,7.549999999999999,-2.15,2.6999999999999993,8.899999999999999,myopic_greedy,-0.6000000000000014,13.0,8.899999999999999,0.0
0.85,9.5,4.0,13.0,9.0,0.0,9.5,7.049999999999999,-2.65,2.1999999999999993,8.399999999999999,myopic_greedy,-1.1000000000000014,13.5,8.399999999999999,0.0
0.85,10.0,0.0,13.0,9.0,0.0,10.0,11.049999999999999,1.35,6.199999999999999,12.399999999999999,possibility_preserving,2.3999999999999986,10.0,12.399999999999999,1.0
0.85,10.0,0.5,13.0,9.0,0.0,10.0,10.549999999999999,0.8500000000000001,5.699999999999999,11.899999999999999,possibility_preserving,1.8999999999999986,10.5,11.899999999999999,1.0
0.85,10.0,1.0,13.0,9.0,0.0,10.0,10.049999999999999,0.3500000000000001,5.199999999999999,11.399999999999999,possibility_preserving,1.3999999999999986,11.0,11.399999999999999,1.0
0.85,10.0,1.5,13.0,9.0,0.0,10.0,9.549999999999999,-0.1499999999999999,4.699999999999999,10.899999999999999,possibility_preserving,0.8999999999999986,11.5,10.899999999999999,1.0
0.85,10.0,2.0,13.0,9.0,0.0,10.0,9.049999999999999,-0.6499999999999999,4.199999999999999,10.399999999999999,possibility_preserving,0.3999999999999986,12.0,10.399999999999999,1.0
0.85,10.0,2.5,13.0,9.0,0.0,10.0,8.549999999999999,-1.15,3.6999999999999993,9.899999999999999,myopic_greedy,-0.10000000000000142,12.5,9.899999999999999,0.0
0.85,10.0,3.0,13.0,9.0,0.0,10.0,8.049999999999999,-1.65,3.1999999999999993,9.399999999999999,myopic_greedy,-0.6000000000000014,13.0,9.399999999999999,0.0
0.85,10.0,3.5,13.0,9.0,0.0,10.0,7.549999999999999,-2.15,2.6999999999999993,8.899999999999999,myopic_greedy,-1.1000000000000014,13.5,8.899999999999999,0.0
0.85,10.0,4.0,13.0,9.0,0.0,10.0,7.049999999999999,-2.65,2.1999999999999993,8.399999999999999,myopic_greedy,-1.6000000000000014,14.0,8.399999999999999,0.0
0.85,10.5,0.0,13.0,9.0,0.0,10.5,11.049999999999999,1.35,6.199999999999999,12.399999999999999,possibility_preserving,1.8999999999999986,10.5,12.399999999999999,1.0
0.85,10.5,0.5,13.0,9.0,0.0,10.5,10.549999999999999,0.8500000000000001,5.699999999999999,11.899999999999999,possibility_preserving,1.3999999999999986,11.0,11.899999999999999,1.0
0.85,10.5,1.0,13.0,9.0,0.0,10.5,10.049999999999999,0.3500000000000001,5.199999999999999,11.399999999999999,possibility_preserving,0.8999999999999986,11.5,11.399999999999999,1.0
0.85,10.5,1.5,13.0,9.0,0.0,10.5,9.549999999999999,-0.1499999999999999,4.699999999999999,10.899999999999999,possibility_preserving,0.3999999999999986,12.0,10.899999999999999,1.0
0.85,10.5,2.0,13.0,9.0,0.0,10.5,9.049999999999999,-0.6499999999999999,4.199999999999999,10.399999999999999,myopic_greedy,-0.10000000000000142,12.5,10.399999999999999,0.0
0.85,10.5,2.5,13.0,9.0,0.0,10.5,8.549999999999999,-1.15,3.6999999999999993,9.899999999999999,myopic_greedy,-0.6000000000000014,13.0,9.899999999999999,0.0
0.85,10.5,3.0,13.0,9.0,0.0,10.5,8.049999999999999,-1.65,3.1999999999999993,9.399999999999999,myopic_greedy,-1.1000000000000014,13.5,9.399999999999999,0.0
0.85,10.5,3.5,13.0,9.0,0.0,10.5,7.549999999999999,-2.15,2.6999999999999993,8.899999999999999,myopic_greedy,-1.6000000000000014,14.0,8.899999999999999,0.0
0.85,10.5,4.0,13.0,9.0,0.0,10.5,7.049999999999999,-2.65,2.1999999999999993,8.399999999999999,myopic_greedy,-2.1000000000000014,14.5,8.399999999999999,0.0
0.85,11.0,0.0,13.0,9.0,0.0,11.0,11.049999999999999,1.35,6.199999999999999,12.399999999999999,possibility_preserving,1.3999999999999986,11.0,12.399999999999999,1.0
0.85,11.0,0.5,13.0,9.0,0.0,11.0,10.549999999999999,0.8500000000000001,5.699999999999999,11.899999999999999,possibility_preserving,0.8999999999999986,11.5,11.899999999999999,1.0
0.85,11.0,1.0,13.0,9.0,0.0,11.0,10.049999999999999,0.3500000000000001,5.199999999999999,11.399999999999999,possibility_preserving,0.3999999999999986,12.0,11.399999999999999,1.0
0.85,11.0,1.5,13.0,9.0,0.0,11.0,9.549999999999999,-0.1499999999999999,4.699999999999999,10.899999999999999,myopic_greedy,-0.10000000000000142,12.5,10.899999999999999,0.0
0.85,11.0,2.0,13.0,9.0,0.0,11.0,9.049999999999999,-0.6499999999999999,4.199999999999999,10.399999999999999,myopic_greedy,-0.6000000000000014,13.0,10.399999999999999,0.0
0.85,11.0,2.5,13.0,9.0,0.0,11.0,8.549999999999999,-1.15,3.6999999999999993,9.899999999999999,myopic_greedy,-1.1000000000000014,13.5,9.899999999999999,0.0
0.85,11.0,3.0,13.0,9.0,0.0,11.0,8.049999999999999,-1.65,3.1999999999999993,9.399999999999999,myopic_greedy,-1.6000000000000014,14.0,9.399999999999999,0.0
0.85,11.0,3.5,13.0,9.0,0.0,11.0,7.549999999999999,-2.15,2.6999999999999993,8.899999999999999,myopic_greedy,-2.1000000000000014,14.5,8.899999999999999,0.0
0.85,11.0,4.0,13.0,9.0,0.0,11.0,7.049999999999999,-2.65,2.1999999999999993,8.399999999999999,myopic_greedy,-2.6000000000000014,15.0,8.399999999999999,0.0
0.85,11.5,0.0,13.0,9.0,0.0,11.5,11.049999999999999,1.35,6.199999999999999,12.399999999999999,possibility_preserving,0.8999999999999986,11.5,12.399999999999999,1.0
0.85,11.5,0.5,13.0,9.0,0.0,11.5,10.549999999999999,0.8500000000000001,5.699999999999999,11.899999999999999,possibility_preserving,0.3999999999999986,12.0,11.899999999999999,1.0
0.85,11.5,1.0,13.0,9.0,0.0,11.5,10.049999999999999,0.3500000000000001,5.199999999999999,11.399999999999999,myopic_greedy,-0.10000000000000142,12.5,11.399999999999999,0.0
0.85,11.5,1.5,13.0,9.0,0.0,11.5,9.549999999999999,-0.1499999999999999,4.699999999999999,10.899999999999999,myopic_greedy,-0.6000000000000014,13.0,10.899999999999999,0.0
0.85,11.5,2.0,13.0,9.0,0.0,11.5,9.049999999999999,-0.6499999999999999,4.199999999999999,10.399999999999999,myopic_greedy,-1.1000000000000014,13.5,10.399999999999999,0.0
0.85,11.5,2.5,13.0,9.0,0.0,11.5,8.549999999999999,-1.15,3.6999999999999993,9.899999999999999,myopic_greedy,-1.6000000000000014,14.0,9.899999999999999,0.0
0.85,11.5,3.0,13.0,9.0,0.0,11.5,8.049999999999999,-1.65,3.1999999999999993,9.399999999999999,myopic_greedy,-2.1000000000000014,14.5,9.399999999999999,0.0
0.85,11.5,3.5,13.0,9.0,0.0,11.5,7.549999999999999,-2.15,2.6999999999999993,8.899999999999999,myopic_greedy,-2.6000000000000014,15.0,8.899999999999999,0.0
0.85,11.5,4.0,13.0,9.0,0.0,11.5,7.049999999999999,-2.65,2.1999999999999993,8.399999999999999,myopic_greedy,-3.1000000000000014,15.5,8.399999999999999,0.0
0.85,12.0,0.0,13.0,9.0,0.0,12.0,11.049999999999999,1.35,6.199999999999999,12.399999999999999,possibility_preserving,0.3999999999999986,12.0,12.399999999999999,1.0
0.85,12.0,0.5,13.0,9.0,0.0,12.0,10.549999999999999,0.8500000000000001,5.699999999999999,11.899999999999999,myopic_greedy,-0.10000000000000142,12.5,11.899999999999999,0.0
0.85,12.0,1.0,13.0,9.0,0.0,12.0,10.049999999999999,0.3500000000000001,5.199999999999999,11.399999999999999,myopic_greedy,-0.6000000000000014,13.0,11.399999999999999,0.0
0.85,12.0,1.5,13.0,9.0,0.0,12.0,9.549999999999999,-0.1499999999999999,4.699999999999999,10.899999999999999,myopic_greedy,-1.1000000000000014,13.5,10.899999999999999,0.0
0.85,12.0,2.0,13.0,9.0,0.0,12.0,9.049999999999999,-0.6499999999999999,4.199999999999999,10.399999999999999,myopic_greedy,-1.6000000000000014,14.0,10.399999999999999,0.0
0.85,12.0,2.5,13.0,9.0,0.0,12.0,8.549999999999999,-1.15,3.6999999999999993,9.899999999999999,myopic_greedy,-2.1000000000000014,14.5,9.899999999999999,0.0
0.85,12.0,3.0,13.0,9.0,0.0,12.0,8.049999999999999,-1.65,3.1999999999999993,9.399999999999999,myopic_greedy,-2.6000000000000014,15.0,9.399999999999999,0.0
0.85,12.0,3.5,13.0,9.0,0.0,12.0,7.549999999999999,-2.15,2.6999999999999993,8.899999999999999,myopic_greedy,-3.1000000000000014,15.5,8.899999999999999,0.0
0.85,12.0,4.0,13.0,9.0,0.0,12.0,7.049999999999999,-2.65,2.1999999999999993,8.399999999999999,myopic_greedy,-3.6000000000000014,16.0,8.399999999999999,0.0
0.85,12.5,0.0,13.0,9.0,0.0,12.5,11.049999999999999,1.35,6.199999999999999,12.399999999999999,myopic_greedy,-0.10000000000000142,12.5,12.399999999999999,0.0
0.85,12.5,0.5,13.0,9.0,0.0,12.5,10.549999999999999,0.8500000000000001,5.699999999999999,11.899999999999999,myopic_greedy,-0.6000000000000014,13.0,11.899999999999999,0.0
0.85,12.5,1.0,13.0,9.0,0.0,12.5,10.049999999999999,0.3500000000000001,5.199999999999999,11.399999999999999,myopic_greedy,-1.1000000000000014,13.5,11.399999999999999,0.0
0.85,12.5,1.5,13.0,9.0,0.0,12.5,9.549999999999999,-0.1499999999999999,4.699999999999999,10.899999999999999,myopic_greedy,-1.6000000000000014,14.0,10.899999999999999,0.0
0.85,12.5,2.0,13.0,9.0,0.0,12.5,9.049999999999999,-0.6499999999999999,4.199999999999999,10.399999999999999,myopic_greedy,-2.1000000000000014,14.5,10.399999999999999,0.0
0.85,12.5,2.5,13.0,9.0,0.0,12.5,8.549999999999999,-1.15,3.6999999999999993,9.899999999999999,myopic_greedy,-2.6000000000000014,15.0,9.899999999999999,0.0
0.85,12.5,3.0,13.0,9.0,0.0,12.5,8.049999999999999,-1.65,3.1999999999999993,9.399999999999999,myopic_greedy,-3.1000000000000014,15.5,9.399999999999999,0.0
0.85,12.5,3.5,13.0,9.0,0.0,12.5,7.549999999999999,-2.15,2.6999999999999993,8.899999999999999,myopic_greedy,-3.6000000000000014,16.0,8.899999999999999,0.0
0.85,12.5,4.0,13.0,9.0,0.0,12.5,7.049999999999999,-2.65,2.1999999999999993,8.399999999999999,myopic_greedy,-4.100000000000001,16.5,8.399999999999999,0.0
0.85,13.0,0.0,13.0,9.0,0.0,13.0,11.049999999999999,1.35,6.199999999999999,12.399999999999999,myopic_greedy,-0.6000000000000014,13.0,12.399999999999999,0.0
0.85,13.0,0.5,13.0,9.0,0.0,13.0,10.549999999999999,0.8500000000000001,5.699999999999999,11.899999999999999,myopic_greedy,-1.1000000000000014,13.5,11.899999999999999,0.0
0.85,13.0,1.0,13.0,9.0,0.0,13.0,10.049999999999999,0.3500000000000001,5.199999999999999,11.399999999999999,myopic_greedy,-1.6000000000000014,14.0,11.399999999999999,0.0
0.85,13.0,1.5,13.0,9.0,0.0,13.0,9.549999999999999,-0.1499999999999999,4.699999999999999,10.899999999999999,myopic_greedy,-2.1000000000000014,14.5,10.899999999999999,0.0
0.85,13.0,2.0,13.0,9.0,0.0,13.0,9.049999999999999,-0.6499999999999999,4.199999999999999,10.399999999999999,myopic_greedy,-2.6000000000000014,15.0,10.399999999999999,0.0
0.85,13.0,2.5,13.0,9.0,0.0,13.0,8.549999999999999,-1.15,3.6999999999999993,9.899999999999999,myopic_greedy,-3.1000000000000014,15.5,9.899999999999999,0.0
0.85,13.0,3.0,13.0,9.0,0.0,13.0,8.049999999999999,-1.65,3.1999999999999993,9.399999999999999,myopic_greedy,-3.6000000000000014,16.0,9.399999999999999,0.0
0.85,13.0,3.5,13.0,9.0,0.0,13.0,7.549999999999999,-2.15,2.6999999999999993,8.899999999999999,myopic_greedy,-4.100000000000001,16.5,8.899999999999999,0.0
0.85,13.0,4.0,13.0,9.0,0.0,13.0,7.049999999999999,-2.65,2.1999999999999993,8.399999999999999,myopic_greedy,-4.600000000000001,17.0,8.399999999999999,0.0
0.85,13.5,0.0,13.0,9.0,0.0,13.5,11.049999999999999,1.35,6.199999999999999,12.399999999999999,myopic_greedy,-1.1000000000000014,13.5,12.399999999999999,0.0
0.85,13.5,0.5,13.0,9.0,0.0,13.5,10.549999999999999,0.8500000000000001,5.699999999999999,11.899999999999999,myopic_greedy,-1.6000000000000014,14.0,11.899999999999999,0.0
0.85,13.5,1.0,13.0,9.0,0.0,13.5,10.049999999999999,0.3500000000000001,5.199999999999999,11.399999999999999,myopic_greedy,-2.1000000000000014,14.5,11.399999999999999,0.0
0.85,13.5,1.5,13.0,9.0,0.0,13.5,9.549999999999999,-0.1499999999999999,4.699999999999999,10.899999999999999,myopic_greedy,-2.6000000000000014,15.0,10.899999999999999,0.0
0.85,13.5,2.0,13.0,9.0,0.0,13.5,9.049999999999999,-0.6499999999999999,4.199999999999999,10.399999999999999,myopic_greedy,-3.1000000000000014,15.5,10.399999999999999,0.0
0.85,13.5,2.5,13.0,9.0,0.0,13.5,8.549999999999999,-1.15,3.6999999999999993,9.899999999999999,myopic_greedy,-3.6000000000000014,16.0,9.899999999999999,0.0
0.85,13.5,3.0,13.0,9.0,0.0,13.5,8.049999999999999,-1.65,3.1999999999999993,9.399999999999999,myopic_greedy,-4.100000000000001,16.5,9.399999999999999,0.0
0.85,13.5,3.5,13.0,9.0,0.0,13.5,7.549999999999999,-2.15,2.6999999999999993,8.899999999999999,myopic_greedy,-4.600000000000001,17.0,8.899999999999999,0.0
0.85,13.5,4.0,13.0,9.0,0.0,13.5,7.049999999999999,-2.65,2.1999999999999993,8.399999999999999,myopic_greedy,-5.100000000000001,17.5,8.399999999999999,0.0
0.85,14.0,0.0,13.0,9.0,0.0,14.0,11.049999999999999,1.35,6.199999999999999,12.399999999999999,myopic_greedy,-1.6000000000000014,14.0,12.399999999999999,0.0
0.85,14.0,0.5,13.0,9.0,0.0,14.0,10.549999999999999,0.8500000000000001,5.699999999999999,11.899999999999999,myopic_greedy,-2.1000000000000014,14.5,11.899999999999999,0.0
0.85,14.0,1.0,13.0,9.0,0.0,14.0,10.049999999999999,0.3500000000000001,5.199999999999999,11.399999999999999,myopic_greedy,-2.6000000000000014,15.0,11.399999999999999,0.0
0.85,14.0,1.5,13.0,9.0,0.0,14.0,9.549999999999999,-0.1499999999999999,4.699999999999999,10.899999999999999,myopic_greedy,-3.1000000000000014,15.5,10.899999999999999,0.0
0.85,14.0,2.0,13.0,9.0,0.0,14.0,9.049999999999999,-0.6499999999999999,4.199999999999999,10.399999999999999,myopic_greedy,-3.6000000000000014,16.0,10.399999999999999,0.0
0.85,14.0,2.5,13.0,9.0,0.0,14.0,8.549999999999999,-1.15,3.6999999999999993,9.899999999999999,myopic_greedy,-4.100000000000001,16.5,9.899999999999999,0.0
0.85,14.0,3.0,13.0,9.0,0.0,14.0,8.049999999999999,-1.65,3.1999999999999993,9.399999999999999,myopic_greedy,-4.600000000000001,17.0,9.399999999999999,0.0
0.85,14.0,3.5,13.0,9.0,0.0,14.0,7.549999999999999,-2.15,2.6999999999999993,8.899999999999999,myopic_greedy,-5.100000000000001,17.5,8.899999999999999,0.0
0.85,14.0,4.0,13.0,9.0,0.0,14.0,7.049999999999999,-2.65,2.1999999999999993,8.399999999999999,myopic_greedy,-5.600000000000001,18.0,8.399999999999999,0.0
0.85,14.5,0.0,13.0,9.0,0.0,14.5,11.049999999999999,1.35,6.199999999999999,12.399999999999999,myopic_greedy,-2.1000000000000014,14.5,12.399999999999999,0.0
0.85,14.5,0.5,13.0,9.0,0.0,14.5,10.549999999999999,0.8500000000000001,5.699999999999999,11.899999999999999,myopic_greedy,-2.6000000000000014,15.0,11.899999999999999,0.0
0.85,14.5,1.0,13.0,9.0,0.0,14.5,10.049999999999999,0.3500000000000001,5.199999999999999,11.399999999999999,myopic_greedy,-3.1000000000000014,15.5,11.399999999999999,0.0
0.85,14.5,1.5,13.0,9.0,0.0,14.5,9.549999999999999,-0.1499999999999999,4.699999999999999,10.899999999999999,myopic_greedy,-3.6000000000000014,16.0,10.899999999999999,0.0
0.85,14.5,2.0,13.0,9.0,0.0,14.5,9.049999999999999,-0.6499999999999999,4.199999999999999,10.399999999999999,myopic_greedy,-4.100000000000001,16.5,10.399999999999999,0.0
0.85,14.5,2.5,13.0,9.0,0.0,14.5,8.549999999999999,-1.15,3.6999999999999993,9.899999999999999,myopic_greedy,-4.600000000000001,17.0,9.899999999999999,0.0
0.85,14.5,3.0,13.0,9.0,0.0,14.5,8.049999999999999,-1.65,3.1999999999999993,9.399999999999999,myopic_greedy,-5.100000000000001,17.5,9.399999999999999,0.0
0.85,14.5,3.5,13.0,9.0,0.0,14.5,7.549999999999999,-2.15,2.6999999999999993,8.899999999999999,myopic_greedy,-5.600000000000001,18.0,8.899999999999999,0.0
0.85,14.5,4.0,13.0,9.0,0.0,14.5,7.049999999999999,-2.65,2.1999999999999993,8.399999999999999,myopic_greedy,-6.100000000000001,18.5,8.399999999999999,0.0
0.85,15.0,0.0,13.0,9.0,0.0,15.0,11.049999999999999,1.35,6.199999999999999,12.399999999999999,myopic_greedy,-2.6000000000000014,15.0,12.399999999999999,0.0
0.85,15.0,0.5,13.0,9.0,0.0,15.0,10.549999999999999,0.8500000000000001,5.699999999999999,11.899999999999999,myopic_greedy,-3.1000000000000014,15.5,11.899999999999999,0.0
0.85,15.0,1.0,13.0,9.0,0.0,15.0,10.049999999999999,0.3500000000000001,5.199999999999999,11.399999999999999,myopic_greedy,-3.6000000000000014,16.0,11.399999999999999,0.0
0.85,15.0,1.5,13.0,9.0,0.0,15.0,9.549999999999999,-0.1499999999999999,4.699999999999999,10.899999999999999,myopic_greedy,-4.100000000000001,16.5,10.899999999999999,0.0
0.85,15.0,2.0,13.0,9.0,0.0,15.0,9.049999999999999,-0.6499999999999999,4.199999999999999,10.399999999999999,myopic_greedy,-4.600000000000001,17.0,10.399999999999999,0.0
0.85,15.0,2.5,13.0,9.0,0.0,15.0,8.549999999999999,-1.15,3.6999999999999993,9.899999999999999,myopic_greedy,-5.100000000000001,17.5,9.899999999999999,0.0
0.85,15.0,3.0,13.0,9.0,0.0,15.0,8.049999999999999,-1.65,3.1999999999999993,9.399999999999999,myopic_greedy,-5.600000000000001,18.0,9.399999999999999,0.0
0.85,15.0,3.5,13.0,9.0,0.0,15.0,7.549999999999999,-2.15,2.6999999999999993,8.899999999999999,myopic_greedy,-6.100000000000001,18.5,8.899999999999999,0.0
0.85,15.0,4.0,13.0,9.0,0.0,15.0,7.049999999999999,-2.65,2.1999999999999993,8.399999999999999,myopic_greedy,-6.600000000000001,19.0,8.399999999999999,0.0
0.85,15.5,0.0,13.0,9.0,0.0,15.5,11.049999999999999,1.35,6.199999999999999,12.399999999999999,myopic_greedy,-3.1000000000000014,15.5,12.399999999999999,0.0
0.85,15.5,0.5,13.0,9.0,0.0,15.5,10.549999999999999,0.8500000000000001,5.699999999999999,11.899999999999999,myopic_greedy,-3.6000000000000014,16.0,11.899999999999999,0.0
0.85,15.5,1.0,13.0,9.0,0.0,15.5,10.049999999999999,0.3500000000000001,5.199999999999999,11.399999999999999,myopic_greedy,-4.100000000000001,16.5,11.399999999999999,0.0
0.85,15.5,1.5,13.0,9.0,0.0,15.5,9.549999999999999,-0.1499999999999999,4.699999999999999,10.899999999999999,myopic_greedy,-4.600000000000001,17.0,10.899999999999999,0.0
0.85,15.5,2.0,13.0,9.0,0.0,15.5,9.049999999999999,-0.6499999999999999,4.199999999999999,10.399999999999999,myopic_greedy,-5.100000000000001,17.5,10.399999999999999,0.0
0.85,15.5,2.5,13.0,9.0,0.0,15.5,8.549999999999999,-1.15,3.6999999999999993,9.899999999999999,myopic_greedy,-5.600000000000001,18.0,9.899999999999999,0.0
0.85,15.5,3.0,13.0,9.0,0.0,15.5,8.049999999999999,-1.65,3.1999999999999993,9.399999999999999,myopic_greedy,-6.100000000000001,18.5,9.399999999999999,0.0
0.85,15.5,3.5,13.0,9.0,0.0,15.5,7.549999999999999,-2.15,2.6999999999999993,8.899999999999999,myopic_greedy,-6.600000000000001,19.0,8.899999999999999,0.0
0.85,15.5,4.0,13.0,9.0,0.0,15.5,7.049999999999999,-2.65,2.1999999999999993,8.399999999999999,myopic_greedy,-7.100000000000001,19.5,8.399999999999999,0.0
0.85,16.0,0.0,13.0,9.0,0.0,16.0,11.049999999999999,1.35,6.199999999999999,12.399999999999999,myopic_greedy,-3.6000000000000014,16.0,12.399999999999999,0.0
0.85,16.0,0.5,13.0,9.0,0.0,16.0,10.549999999999999,0.8500000000000001,5.699999999999999,11.899999999999999,myopic_greedy,-4.100000000000001,16.5,11.899999999999999,0.0
0.85,16.0,1.0,13.0,9.0,0.0,16.0,10.049999999999999,0.3500000000000001,5.199999999999999,11.399999999999999,myopic_greedy,-4.600000000000001,17.0,11.399999999999999,0.0
0.85,16.0,1.5,13.0,9.0,0.0,16.0,9.549999999999999,-0.1499999999999999,4.699999999999999,10.899999999999999,myopic_greedy,-5.100000000000001,17.5,10.899999999999999,0.0
0.85,16.0,2.0,13.0,9.0,0.0,16.0,9.049999999999999,-0.6499999999999999,4.199999999999999,10.399999999999999,myopic_greedy,-5.600000000000001,18.0,10.399999999999999,0.0
0.85,16.0,2.5,13.0,9.0,0.0,16.0,8.549999999999999,-1.15,3.6999999999999993,9.899999999999999,myopic_greedy,-6.100000000000001,18.5,9.899999999999999,0.0
0.85,16.0,3.0,13.0,9.0,0.0,16.0,8.049999999999999,-1.65,3.1999999999999993,9.399999999999999,myopic_greedy,-6.600000000000001,19.0,9.399999999999999,0.0
0.85,16.0,3.5,13.0,9.0,0.0,16.0,7.549999999999999,-2.15,2.6999999999999993,8.899999999999999,myopic_greedy,-7.100000000000001,19.5,8.899999999999999,0.0
0.85,16.0,4.0,13.0,9.0,0.0,16.0,7.049999999999999,-2.65,2.1999999999999993,8.399999999999999,myopic_greedy,-7.600000000000001,20.0,8.399999999999999,0.0
0.85,16.5,0.0,13.0,9.0,0.0,16.5,11.049999999999999,1.35,6.199999999999999,12.399999999999999,myopic_greedy,-4.100000000000001,16.5,12.399999999999999,0.0
0.85,16.5,0.5,13.0,9.0,0.0,16.5,10.549999999999999,0.8500000000000001,5.699999999999999,11.899999999999999,myopic_greedy,-4.600000000000001,17.0,11.899999999999999,0.0
0.85,16.5,1.0,13.0,9.0,0.0,16.5,10.049999999999999,0.3500000000000001,5.199999999999999,11.399999999999999,myopic_greedy,-5.100000000000001,17.5,11.399999999999999,0.0
0.85,16.5,1.5,13.0,9.0,0.0,16.5,9.549999999999999,-0.1499999999999999,4.699999999999999,10.899999999999999,myopic_greedy,-5.600000000000001,18.0,10.899999999999999,0.0
0.85,16.5,2.0,13.0,9.0,0.0,16.5,9.049999999999999,-0.6499999999999999,4.199999999999999,10.399999999999999,myopic_greedy,-6.100000000000001,18.5,10.399999999999999,0.0
0.85,16.5,2.5,13.0,9.0,0.0,16.5,8.549999999999999,-1.15,3.6999999999999993,9.899999999999999,myopic_greedy,-6.600000000000001,19.0,9.899999999999999,0.0
0.85,16.5,3.0,13.0,9.0,0.0,16.5,8.049999999999999,-1.65,3.1999999999999993,9.399999999999999,myopic_greedy,-7.100000000000001,19.5,9.399999999999999,0.0
0.85,16.5,3.5,13.0,9.0,0.0,16.5,7.549999999999999,-2.15,2.6999999999999993,8.899999999999999,myopic_greedy,-7.600000000000001,20.0,8.899999999999999,0.0
0.85,16.5,4.0,13.0,9.0,0.0,16.5,7.049999999999999,-2.65,2.1999999999999993,8.399999999999999,myopic_greedy,-8.100000000000001,20.5,8.399999999999999,0.0
0.85,17.0,0.0,13.0,9.0,0.0,17.0,11.049999999999999,1.35,6.199999999999999,12.399999999999999,myopic_greedy,-4.600000000000001,17.0,12.399999999999999,0.0
0.85,17.0,0.5,13.0,9.0,0.0,17.0,10.549999999999999,0.8500000000000001,5.699999999999999,11.899999999999999,myopic_greedy,-5.100000000000001,17.5,11.899999999999999,0.0
0.85,17.0,1.0,13.0,9.0,0.0,17.0,10.049999999999999,0.3500000000000001,5.199999999999999,11.399999999999999,myopic_greedy,-5.600000000000001,18.0,11.399999999999999,0.0
0.85,17.0,1.5,13.0,9.0,0.0,17.0,9.549999999999999,-0.1499999999999999,4.699999999999999,10.899999999999999,myopic_greedy,-6.100000000000001,18.5,10.899999999999999,0.0
0.85,17.0,2.0,13.0,9.0,0.0,17.0,9.049999999999999,-0.6499999999999999,4.199999999999999,10.399999999999999,myopic_greedy,-6.600000000000001,19.0,10.399999999999999,0.0
0.85,17.0,2.5,13.0,9.0,0.0,17.0,8.549999999999999,-1.15,3.6999999999999993,9.899999999999999,myopic_greedy,-7.100000000000001,19.5,9.899999999999999,0.0
0.85,17.0,3.0,13.0,9.0,0.0,17.0,8.049999999999999,-1.65,3.1999999999999993,9.399999999999999,myopic_greedy,-7.600000000000001,20.0,9.399999999999999,0.0
0.85,17.0,3.5,13.0,9.0,0.0,17.0,7.549999999999999,-2.15,2.6999999999999993,8.899999999999999,myopic_greedy,-8.100000000000001,20.5,8.899999999999999,0.0
0.85,17.0,4.0,13.0,9.0,0.0,17.0,7.049999999999999,-2.65,2.1999999999999993,8.399999999999999,myopic_greedy,-8.600000000000001,21.0,8.399999999999999,0.0
0.85,17.5,0.0,13.0,9.0,0.0,17.5,11.049999999999999,1.35,6.199999999999999,12.399999999999999,myopic_greedy,-5.100000000000001,17.5,12.399999999999999,0.0
0.85,17.5,0.5,13.0,9.0,0.0,17.5,10.549999999999999,0.8500000000000001,5.699999999999999,11.899999999999999,myopic_greedy,-5.600000000000001,18.0,11.899999999999999,0.0
0.85,17.5,1.0,13.0,9.0,0.0,17.5,10.049999999999999,0.3500000000000001,5.199999999999999,11.399999999999999,myopic_greedy,-6.100000000000001,18.5,11.399999999999999,0.0
0.85,17.5,1.5,13.0,9.0,0.0,17.5,9.549999999999999,-0.1499999999999999,4.699999999999999,10.899999999999999,myopic_greedy,-6.600000000000001,19.0,10.899999999999999,0.0
0.85,17.5,2.0,13.0,9.0,0.0,17.5,9.049999999999999,-0.6499999999999999,4.199999999999999,10.399999999999999,myopic_greedy,-7.100000000000001,19.5,10.399999999999999,0.0
0.85,17.5,2.5,13.0,9.0,0.0,17.5,8.549999999999999,-1.15,3.6999999999999993,9.899999999999999,myopic_greedy,-7.600000000000001,20.0,9.899999999999999,0.0
0.85,17.5,3.0,13.0,9.0,0.0,17.5,8.049999999999999,-1.65,3.1999999999999993,9.399999999999999,myopic_greedy,-8.100000000000001,20.5,9.399999999999999,0.0
0.85,17.5,3.5,13.0,9.0,0.0,17.5,7.549999999999999,-2.15,2.6999999999999993,8.899999999999999,myopic_greedy,-8.600000000000001,21.0,8.899999999999999,0.0
0.85,17.5,4.0,13.0,9.0,0.0,17.5,7.049999999999999,-2.65,2.1999999999999993,8.399999999999999,myopic_greedy,-9.100000000000001,21.5,8.399999999999999,0.0
0.85,18.0,0.0,13.0,9.0,0.0,18.0,11.049999999999999,1.35,6.199999999999999,12.399999999999999,myopic_greedy,-5.600000000000001,18.0,12.399999999999999,0.0
0.85,18.0,0.5,13.0,9.0,0.0,18.0,10.549999999999999,0.8500000000000001,5.699999999999999,11.899999999999999,myopic_greedy,-6.100000000000001,18.5,11.899999999999999,0.0
0.85,18.0,1.0,13.0,9.0,0.0,18.0,10.049999999999999,0.3500000000000001,5.199999999999999,11.399999999999999,myopic_greedy,-6.600000000000001,19.0,11.399999999999999,0.0
0.85,18.0,1.5,13.0,9.0,0.0,18.0,9.549999999999999,-0.1499999999999999,4.699999999999999,10.899999999999999,myopic_greedy,-7.100000000000001,19.5,10.899999999999999,0.0
0.85,18.0,2.0,13.0,9.0,0.0,18.0,9.049999999999999,-0.6499999999999999,4.199999999999999,10.399999999999999,myopic_greedy,-7.600000000000001,20.0,10.399999999999999,0.0
0.85,18.0,2.5,13.0,9.0,0.0,18.0,8.549999999999999,-1.15,3.6999999999999993,9.899999999999999,myopic_greedy,-8.100000000000001,20.5,9.899999999999999,0.0
0.85,18.0,3.0,13.0,9.0,0.0,18.0,8.049999999999999,-1.65,3.1999999999999993,9.399999999999999,myopic_greedy,-8.600000000000001,21.0,9.399999999999999,0.0
0.85,18.0,3.5,13.0,9.0,0.0,18.0,7.549999999999999,-2.15,2.6999999999999993,8.899999999999999,myopic_greedy,-9.100000000000001,21.5,8.899999999999999,0.0
0.85,18.0,4.0,13.0,9.0,0.0,18.0,7.049999999999999,-2.65,2.1999999999999993,8.399999999999999,myopic_greedy,-9.600000000000001,22.0,8.399999999999999,0.0
0.9,6.0,0.0,13.0,9.0,0.0,6.0,11.700000000000001,0.8999999999999998,6.300000000000001,12.600000000000001,possibility_preserving,6.600000000000001,6.0,12.600000000000001,1.0
0.9,6.0,0.5,13.0,9.0,0.0,6.0,11.200000000000001,0.3999999999999998,5.800000000000001,12.100000000000001,possibility_preserving,6.100000000000001,6.5,12.100000000000001,1.0
0.9,6.0,1.0,13.0,9.0,0.0,6.0,10.700000000000001,-0.1000000000000002,5.300000000000001,11.600000000000001,possibility_preserving,5.600000000000001,7.0,11.600000000000001,1.0
0.9,6.0,1.5,13.0,9.0,0.0,6.0,10.200000000000001,-0.6000000000000002,4.800000000000001,11.100000000000001,possibility_preserving,5.100000000000001,7.5,11.100000000000001,1.0
0.9,6.0,2.0,13.0,9.0,0.0,6.0,9.700000000000001,-1.1,4.300000000000001,10.600000000000001,possibility_preserving,4.600000000000001,8.0,10.600000000000001,1.0
0.9,6.0,2.5,13.0,9.0,0.0,6.0,9.200000000000001,-1.6,3.8000000000000007,10.100000000000001,possibility_preserving,4.100000000000001,8.5,10.100000000000001,1.0
0.9,6.0,3.0,13.0,9.0,0.0,6.0,8.700000000000001,-2.1,3.3000000000000007,9.600000000000001,possibility_preserving,3.6000000000000014,9.0,9.600000000000001,1.0
0.9,6.0,3.5,13.0,9.0,0.0,6.0,8.200000000000001,-2.6,2.8000000000000007,9.100000000000001,possibility_preserving,3.1000000000000014,9.5,9.100000000000001,1.0
0.9,6.0,4.0,13.0,9.0,0.0,6.0,7.700000000000001,-3.1,2.3000000000000007,8.600000000000001,possibility_preserving,2.6000000000000014,10.0,8.600000000000001,1.0
0.9,6.5,0.0,13.0,9.0,0.0,6.5,11.700000000000001,0.8999999999999998,6.300000000000001,12.600000000000001,possibility_preserving,6.100000000000001,6.5,12.600000000000001,1.0
0.9,6.5,0.5,13.0,9.0,0.0,6.5,11.200000000000001,0.3999999999999998,5.800000000000001,12.100000000000001,possibility_preserving,5.600000000000001,7.0,12.100000000000001,1.0
0.9,6.5,1.0,13.0,9.0,0.0,6.5,10.700000000000001,-0.1000000000000002,5.300000000000001,11.600000000000001,possibility_preserving,5.100000000000001,7.5,11.600000000000001,1.0
0.9,6.5,1.5,13.0,9.0,0.0,6.5,10.200000000000001,-0.6000000000000002,4.800000000000001,11.100000000000001,possibility_preserving,4.600000000000001,8.0,11.100000000000001,1.0
0.9,6.5,2.0,13.0,9.0,0.0,6.5,9.700000000000001,-1.1,4.300000000000001,10.600000000000001,possibility_preserving,4.100000000000001,8.5,10.600000000000001,1.0
0.9,6.5,2.5,13.0,9.0,0.0,6.5,9.200000000000001,-1.6,3.8000000000000007,10.100000000000001,possibility_preserving,3.6000000000000014,9.0,10.100000000000001,1.0
0.9,6.5,3.0,13.0,9.0,0.0,6.5,8.700000000000001,-2.1,3.3000000000000007,9.600000000000001,possibility_preserving,3.1000000000000014,9.5,9.600000000000001,1.0
0.9,6.5,3.5,13.0,9.0,0.0,6.5,8.200000000000001,-2.6,2.8000000000000007,9.100000000000001,possibility_preserving,2.6000000000000014,10.0,9.100000000000001,1.0
0.9,6.5,4.0,13.0,9.0,0.0,6.5,7.700000000000001,-3.1,2.3000000000000007,8.600000000000001,possibility_preserving,2.1000000000000014,10.5,8.600000000000001,1.0
0.9,7.0,0.0,13.0,9.0,0.0,7.0,11.700000000000001,0.8999999999999998,6.300000000000001,12.600000000000001,possibility_preserving,5.600000000000001,7.0,12.600000000000001,1.0
0.9,7.0,0.5,13.0,9.0,0.0,7.0,11.200000000000001,0.3999999999999998,5.800000000000001,12.100000000000001,possibility_preserving,5.100000000000001,7.5,12.100000000000001,1.0
0.9,7.0,1.0,13.0,9.0,0.0,7.0,10.700000000000001,-0.1000000000000002,5.300000000000001,11.600000000000001,possibility_preserving,4.600000000000001,8.0,11.600000000000001,1.0
0.9,7.0,1.5,13.0,9.0,0.0,7.0,10.200000000000001,-0.6000000000000002,4.800000000000001,11.100000000000001,possibility_preserving,4.100000000000001,8.5,11.100000000000001,1.0
0.9,7.0,2.0,13.0,9.0,0.0,7.0,9.700000000000001,-1.1,4.300000000000001,10.600000000000001,possibility_preserving,3.6000000000000014,9.0,10.600000000000001,1.0
0.9,7.0,2.5,13.0,9.0,0.0,7.0,9.200000000000001,-1.6,3.8000000000000007,10.100000000000001,possibility_preserving,3.1000000000000014,9.5,10.100000000000001,1.0
0.9,7.0,3.0,13.0,9.0,0.0,7.0,8.700000000000001,-2.1,3.3000000000000007,9.600000000000001,possibility_preserving,2.6000000000000014,10.0,9.600000000000001,1.0
0.9,7.0,3.5,13.0,9.0,0.0,7.0,8.200000000000001,-2.6,2.8000000000000007,9.100000000000001,possibility_preserving,2.1000000000000014,10.5,9.100000000000001,1.0
0.9,7.0,4.0,13.0,9.0,0.0,7.0,7.700000000000001,-3.1,2.3000000000000007,8.600000000000001,possibility_preserving,1.6000000000000014,11.0,8.600000000000001,1.0
0.9,7.5,0.0,13.0,9.0,0.0,7.5,11.700000000000001,0.8999999999999998,6.300000000000001,12.600000000000001,possibility_preserving,5.100000000000001,7.5,12.600000000000001,1.0
0.9,7.5,0.5,13.0,9.0,0.0,7.5,11.200000000000001,0.3999999999999998,5.800000000000001,12.100000000000001,possibility_preserving,4.600000000000001,8.0,12.100000000000001,1.0
0.9,7.5,1.0,13.0,9.0,0.0,7.5,10.700000000000001,-0.1000000000000002,5.300000000000001,11.600000000000001,possibility_preserving,4.100000000000001,8.5,11.600000000000001,1.0
0.9,7.5,1.5,13.0,9.0,0.0,7.5,10.200000000000001,-0.6000000000000002,4.800000000000001,11.100000000000001,possibility_preserving,3.6000000000000014,9.0,11.100000000000001,1.0
0.9,7.5,2.0,13.0,9.0,0.0,7.5,9.700000000000001,-1.1,4.300000000000001,10.600000000000001,possibility_preserving,3.1000000000000014,9.5,10.600000000000001,1.0
0.9,7.5,2.5,13.0,9.0,0.0,7.5,9.200000000000001,-1.6,3.8000000000000007,10.100000000000001,possibility_preserving,2.6000000000000014,10.0,10.100000000000001,1.0
0.9,7.5,3.0,13.0,9.0,0.0,7.5,8.700000000000001,-2.1,3.3000000000000007,9.600000000000001,possibility_preserving,2.1000000000000014,10.5,9.600000000000001,1.0
0.9,7.5,3.5,13.0,9.0,0.0,7.5,8.200000000000001,-2.6,2.8000000000000007,9.100000000000001,possibility_preserving,1.6000000000000014,11.0,9.100000000000001,1.0
0.9,7.5,4.0,13.0,9.0,0.0,7.5,7.700000000000001,-3.1,2.3000000000000007,8.600000000000001,possibility_preserving,1.1000000000000014,11.5,8.600000000000001,1.0
0.9,8.0,0.0,13.0,9.0,0.0,8.0,11.700000000000001,0.8999999999999998,6.300000000000001,12.600000000000001,possibility_preserving,4.600000000000001,8.0,12.600000000000001,1.0
0.9,8.0,0.5,13.0,9.0,0.0,8.0,11.200000000000001,0.3999999999999998,5.800000000000001,12.100000000000001,possibility_preserving,4.100000000000001,8.5,12.100000000000001,1.0
0.9,8.0,1.0,13.0,9.0,0.0,8.0,10.700000000000001,-0.1000000000000002,5.300000000000001,11.600000000000001,possibility_preserving,3.6000000000000014,9.0,11.600000000000001,1.0
0.9,8.0,1.5,13.0,9.0,0.0,8.0,10.200000000000001,-0.6000000000000002,4.800000000000001,11.100000000000001,possibility_preserving,3.1000000000000014,9.5,11.100000000000001,1.0
0.9,8.0,2.0,13.0,9.0,0.0,8.0,9.700000000000001,-1.1,4.300000000000001,10.600000000000001,possibility_preserving,2.6000000000000014,10.0,10.600000000000001,1.0
0.9,8.0,2.5,13.0,9.0,0.0,8.0,9.200000000000001,-1.6,3.8000000000000007,10.100000000000001,possibility_preserving,2.1000000000000014,10.5,10.100000000000001,1.0
0.9,8.0,3.0,13.0,9.0,0.0,8.0,8.700000000000001,-2.1,3.3000000000000007,9.600000000000001,possibility_preserving,1.6000000000000014,11.0,9.600000000000001,1.0
0.9,8.0,3.5,13.0,9.0,0.0,8.0,8.200000000000001,-2.6,2.8000000000000007,9.100000000000001,possibility_preserving,1.1000000000000014,11.5,9.100000000000001,1.0
0.9,8.0,4.0,13.0,9.0,0.0,8.0,7.700000000000001,-3.1,2.3000000000000007,8.600000000000001,possibility_preserving,0.6000000000000014,12.0,8.600000000000001,1.0
0.9,8.5,0.0,13.0,9.0,0.0,8.5,11.700000000000001,0.8999999999999998,6.300000000000001,12.600000000000001,possibility_preserving,4.100000000000001,8.5,12.600000000000001,1.0
0.9,8.5,0.5,13.0,9.0,0.0,8.5,11.200000000000001,0.3999999999999998,5.800000000000001,12.100000000000001,possibility_preserving,3.6000000000000014,9.0,12.100000000000001,1.0
0.9,8.5,1.0,13.0,9.0,0.0,8.5,10.700000000000001,-0.1000000000000002,5.300000000000001,11.600000000000001,possibility_preserving,3.1000000000000014,9.5,11.600000000000001,1.0
0.9,8.5,1.5,13.0,9.0,0.0,8.5,10.200000000000001,-0.6000000000000002,4.800000000000001,11.100000000000001,possibility_preserving,2.6000000000000014,10.0,11.100000000000001,1.0
0.9,8.5,2.0,13.0,9.0,0.0,8.5,9.700000000000001,-1.1,4.300000000000001,10.600000000000001,possibility_preserving,2.1000000000000014,10.5,10.600000000000001,1.0
0.9,8.5,2.5,13.0,9.0,0.0,8.5,9.200000000000001,-1.6,3.8000000000000007,10.100000000000001,possibility_preserving,1.6000000000000014,11.0,10.100000000000001,1.0
0.9,8.5,3.0,13.0,9.0,0.0,8.5,8.700000000000001,-2.1,3.3000000000000007,9.600000000000001,possibility_preserving,1.1000000000000014,11.5,9.600000000000001,1.0
0.9,8.5,3.5,13.0,9.0,0.0,8.5,8.200000000000001,-2.6,2.8000000000000007,9.100000000000001,possibility_preserving,0.6000000000000014,12.0,9.100000000000001,1.0
0.9,8.5,4.0,13.0,9.0,0.0,8.5,7.700000000000001,-3.1,2.3000000000000007,8.600000000000001,possibility_preserving,0.10000000000000142,12.5,8.600000000000001,1.0
0.9,9.0,0.0,13.0,9.0,0.0,9.0,11.700000000000001,0.8999999999999998,6.300000000000001,12.600000000000001,possibility_preserving,3.6000000000000014,9.0,12.600000000000001,1.0
0.9,9.0,0.5,13.0,9.0,0.0,9.0,11.200000000000001,0.3999999999999998,5.800000000000001,12.100000000000001,possibility_preserving,3.1000000000000014,9.5,12.100000000000001,1.0
0.9,9.0,1.0,13.0,9.0,0.0,9.0,10.700000000000001,-0.1000000000000002,5.300000000000001,11.600000000000001,possibility_preserving,2.6000000000000014,10.0,11.600000000000001,1.0
0.9,9.0,1.5,13.0,9.0,0.0,9.0,10.200000000000001,-0.6000000000000002,4.800000000000001,11.100000000000001,possibility_preserving,2.1000000000000014,10.5,11.100000000000001,1.0
0.9,9.0,2.0,13.0,9.0,0.0,9.0,9.700000000000001,-1.1,4.300000000000001,10.600000000000001,possibility_preserving,1.6000000000000014,11.0,10.600000000000001,1.0
0.9,9.0,2.5,13.0,9.0,0.0,9.0,9.200000000000001,-1.6,3.8000000000000007,10.100000000000001,possibility_preserving,1.1000000000000014,11.5,10.100000000000001,1.0
0.9,9.0,3.0,13.0,9.0,0.0,9.0,8.700000000000001,-2.1,3.3000000000000007,9.600000000000001,possibility_preserving,0.6000000000000014,12.0,9.600000000000001,1.0
0.9,9.0,3.5,13.0,9.0,0.0,9.0,8.200000000000001,-2.6,2.8000000000000007,9.100000000000001,possibility_preserving,0.10000000000000142,12.5,9.100000000000001,1.0
0.9,9.0,4.0,13.0,9.0,0.0,9.0,7.700000000000001,-3.1,2.3000000000000007,8.600000000000001,myopic_greedy,-0.3999999999999986,13.0,8.600000000000001,0.0
0.9,9.5,0.0,13.0,9.0,0.0,9.5,11.700000000000001,0.8999999999999998,6.300000000000001,12.600000000000001,possibility_preserving,3.1000000000000014,9.5,12.600000000000001,1.0
0.9,9.5,0.5,13.0,9.0,0.0,9.5,11.200000000000001,0.3999999999999998,5.800000000000001,12.100000000000001,possibility_preserving,2.6000000000000014,10.0,12.100000000000001,1.0
0.9,9.5,1.0,13.0,9.0,0.0,9.5,10.700000000000001,-0.1000000000000002,5.300000000000001,11.600000000000001,possibility_preserving,2.1000000000000014,10.5,11.600000000000001,1.0
0.9,9.5,1.5,13.0,9.0,0.0,9.5,10.200000000000001,-0.6000000000000002,4.800000000000001,11.100000000000001,possibility_preserving,1.6000000000000014,11.0,11.100000000000001,1.0
0.9,9.5,2.0,13.0,9.0,0.0,9.5,9.700000000000001,-1.1,4.300000000000001,10.600000000000001,possibility_preserving,1.1000000000000014,11.5,10.600000000000001,1.0
0.9,9.5,2.5,13.0,9.0,0.0,9.5,9.200000000000001,-1.6,3.8000000000000007,10.100000000000001,possibility_preserving,0.6000000000000014,12.0,10.100000000000001,1.0
0.9,9.5,3.0,13.0,9.0,0.0,9.5,8.700000000000001,-2.1,3.3000000000000007,9.600000000000001,possibility_preserving,0.10000000000000142,12.5,9.600000000000001,1.0
0.9,9.5,3.5,13.0,9.0,0.0,9.5,8.200000000000001,-2.6,2.8000000000000007,9.100000000000001,myopic_greedy,-0.3999999999999986,13.0,9.100000000000001,0.0
0.9,9.5,4.0,13.0,9.0,0.0,9.5,7.700000000000001,-3.1,2.3000000000000007,8.600000000000001,myopic_greedy,-0.8999999999999986,13.5,8.600000000000001,0.0
0.9,10.0,0.0,13.0,9.0,0.0,10.0,11.700000000000001,0.8999999999999998,6.300000000000001,12.600000000000001,possibility_preserving,2.6000000000000014,10.0,12.600000000000001,1.0
0.9,10.0,0.5,13.0,9.0,0.0,10.0,11.200000000000001,0.3999999999999998,5.800000000000001,12.100000000000001,possibility_preserving,2.1000000000000014,10.5,12.100000000000001,1.0
0.9,10.0,1.0,13.0,9.0,0.0,10.0,10.700000000000001,-0.1000000000000002,5.300000000000001,11.600000000000001,possibility_preserving,1.6000000000000014,11.0,11.600000000000001,1.0
0.9,10.0,1.5,13.0,9.0,0.0,10.0,10.200000000000001,-0.6000000000000002,4.800000000000001,11.100000000000001,possibility_preserving,1.1000000000000014,11.5,11.100000000000001,1.0
0.9,10.0,2.0,13.0,9.0,0.0,10.0,9.700000000000001,-1.1,4.300000000000001,10.600000000000001,possibility_preserving,0.6000000000000014,12.0,10.600000000000001,1.0
0.9,10.0,2.5,13.0,9.0,0.0,10.0,9.200000000000001,-1.6,3.8000000000000007,10.100000000000001,possibility_preserving,0.10000000000000142,12.5,10.100000000000001,1.0
0.9,10.0,3.0,13.0,9.0,0.0,10.0,8.700000000000001,-2.1,3.3000000000000007,9.600000000000001,myopic_greedy,-0.3999999999999986,13.0,9.600000000000001,0.0
0.9,10.0,3.5,13.0,9.0,0.0,10.0,8.200000000000001,-2.6,2.8000000000000007,9.100000000000001,myopic_greedy,-0.8999999999999986,13.5,9.100000000000001,0.0
0.9,10.0,4.0,13.0,9.0,0.0,10.0,7.700000000000001,-3.1,2.3000000000000007,8.600000000000001,myopic_greedy,-1.3999999999999986,14.0,8.600000000000001,0.0
0.9,10.5,0.0,13.0,9.0,0.0,10.5,11.700000000000001,0.8999999999999998,6.300000000000001,12.600000000000001,possibility_preserving,2.1000000000000014,10.5,12.600000000000001,1.0
0.9,10.5,0.5,13.0,9.0,0.0,10.5,11.200000000000001,0.3999999999999998,5.800000000000001,12.100000000000001,possibility_preserving,1.6000000000000014,11.0,12.100000000000001,1.0
0.9,10.5,1.0,13.0,9.0,0.0,10.5,10.700000000000001,-0.1000000000000002,5.300000000000001,11.600000000000001,possibility_preserving,1.1000000000000014,11.5,11.600000000000001,1.0
0.9,10.5,1.5,13.0,9.0,0.0,10.5,10.200000000000001,-0.6000000000000002,4.800000000000001,11.100000000000001,possibility_preserving,0.6000000000000014,12.0,11.100000000000001,1.0
0.9,10.5,2.0,13.0,9.0,0.0,10.5,9.700000000000001,-1.1,4.300000000000001,10.600000000000001,possibility_preserving,0.10000000000000142,12.5,10.600000000000001,1.0
0.9,10.5,2.5,13.0,9.0,0.0,10.5,9.200000000000001,-1.6,3.8000000000000007,10.100000000000001,myopic_greedy,-0.3999999999999986,13.0,10.100000000000001,0.0
0.9,10.5,3.0,13.0,9.0,0.0,10.5,8.700000000000001,-2.1,3.3000000000000007,9.600000000000001,myopic_greedy,-0.8999999999999986,13.5,9.600000000000001,0.0
0.9,10.5,3.5,13.0,9.0,0.0,10.5,8.200000000000001,-2.6,2.8000000000000007,9.100000000000001,myopic_greedy,-1.3999999999999986,14.0,9.100000000000001,0.0
0.9,10.5,4.0,13.0,9.0,0.0,10.5,7.700000000000001,-3.1,2.3000000000000007,8.600000000000001,myopic_greedy,-1.8999999999999986,14.5,8.600000000000001,0.0
0.9,11.0,0.0,13.0,9.0,0.0,11.0,11.700000000000001,0.8999999999999998,6.300000000000001,12.600000000000001,possibility_preserving,1.6000000000000014,11.0,12.600000000000001,1.0
0.9,11.0,0.5,13.0,9.0,0.0,11.0,11.200000000000001,0.3999999999999998,5.800000000000001,12.100000000000001,possibility_preserving,1.1000000000000014,11.5,12.100000000000001,1.0
0.9,11.0,1.0,13.0,9.0,0.0,11.0,10.700000000000001,-0.1000000000000002,5.300000000000001,11.600000000000001,possibility_preserving,0.6000000000000014,12.0,11.600000000000001,1.0
0.9,11.0,1.5,13.0,9.0,0.0,11.0,10.200000000000001,-0.6000000000000002,4.800000000000001,11.100000000000001,possibility_preserving,0.10000000000000142,12.5,11.100000000000001,1.0
0.9,11.0,2.0,13.0,9.0,0.0,11.0,9.700000000000001,-1.1,4.300000000000001,10.600000000000001,myopic_greedy,-0.3999999999999986,13.0,10.600000000000001,0.0
0.9,11.0,2.5,13.0,9.0,0.0,11.0,9.200000000000001,-1.6,3.8000000000000007,10.100000000000001,myopic_greedy,-0.8999999999999986,13.5,10.100000000000001,0.0
0.9,11.0,3.0,13.0,9.0,0.0,11.0,8.700000000000001,-2.1,3.3000000000000007,9.600000000000001,myopic_greedy,-1.3999999999999986,14.0,9.600000000000001,0.0
0.9,11.0,3.5,13.0,9.0,0.0,11.0,8.200000000000001,-2.6,2.8000000000000007,9.100000000000001,myopic_greedy,-1.8999999999999986,14.5,9.100000000000001,0.0
0.9,11.0,4.0,13.0,9.0,0.0,11.0,7.700000000000001,-3.1,2.3000000000000007,8.600000000000001,myopic_greedy,-2.3999999999999986,15.0,8.600000000000001,0.0
0.9,11.5,0.0,13.0,9.0,0.0,11.5,11.700000000000001,0.8999999999999998,6.300000000000001,12.600000000000001,possibility_preserving,1.1000000000000014,11.5,12.600000000000001,1.0
0.9,11.5,0.5,13.0,9.0,0.0,11.5,11.200000000000001,0.3999999999999998,5.800000000000001,12.100000000000001,possibility_preserving,0.6000000000000014,12.0,12.100000000000001,1.0
0.9,11.5,1.0,13.0,9.0,0.0,11.5,10.700000000000001,-0.1000000000000002,5.300000000000001,11.600000000000001,possibility_preserving,0.10000000000000142,12.5,11.600000000000001,1.0
0.9,11.5,1.5,13.0,9.0,0.0,11.5,10.200000000000001,-0.6000000000000002,4.800000000000001,11.100000000000001,myopic_greedy,-0.3999999999999986,13.0,11.100000000000001,0.0
0.9,11.5,2.0,13.0,9.0,0.0,11.5,9.700000000000001,-1.1,4.300000000000001,10.600000000000001,myopic_greedy,-0.8999999999999986,13.5,10.600000000000001,0.0
0.9,11.5,2.5,13.0,9.0,0.0,11.5,9.200000000000001,-1.6,3.8000000000000007,10.100000000000001,myopic_greedy,-1.3999999999999986,14.0,10.100000000000001,0.0
0.9,11.5,3.0,13.0,9.0,0.0,11.5,8.700000000000001,-2.1,3.3000000000000007,9.600000000000001,myopic_greedy,-1.8999999999999986,14.5,9.600000000000001,0.0
0.9,11.5,3.5,13.0,9.0,0.0,11.5,8.200000000000001,-2.6,2.8000000000000007,9.100000000000001,myopic_greedy,-2.3999999999999986,15.0,9.100000000000001,0.0
0.9,11.5,4.0,13.0,9.0,0.0,11.5,7.700000000000001,-3.1,2.3000000000000007,8.600000000000001,myopic_greedy,-2.8999999999999986,15.5,8.600000000000001,0.0
0.9,12.0,0.0,13.0,9.0,0.0,12.0,11.700000000000001,0.8999999999999998,6.300000000000001,12.600000000000001,possibility_preserving,0.6000000000000014,12.0,12.600000000000001,1.0
0.9,12.0,0.5,13.0,9.0,0.0,12.0,11.200000000000001,0.3999999999999998,5.800000000000001,12.100000000000001,possibility_preserving,0.10000000000000142,12.5,12.100000000000001,1.0
0.9,12.0,1.0,13.0,9.0,0.0,12.0,10.700000000000001,-0.1000000000000002,5.300000000000001,11.600000000000001,myopic_greedy,-0.3999999999999986,13.0,11.600000000000001,0.0
0.9,12.0,1.5,13.0,9.0,0.0,12.0,10.200000000000001,-0.6000000000000002,4.800000000000001,11.100000000000001,myopic_greedy,-0.8999999999999986,13.5,11.100000000000001,0.0
0.9,12.0,2.0,13.0,9.0,0.0,12.0,9.700000000000001,-1.1,4.300000000000001,10.600000000000001,myopic_greedy,-1.3999999999999986,14.0,10.600000000000001,0.0
0.9,12.0,2.5,13.0,9.0,0.0,12.0,9.200000000000001,-1.6,3.8000000000000007,10.100000000000001,myopic_greedy,-1.8999999999999986,14.5,10.100000000000001,0.0
0.9,12.0,3.0,13.0,9.0,0.0,12.0,8.700000000000001,-2.1,3.3000000000000007,9.600000000000001,myopic_greedy,-2.3999999999999986,15.0,9.600000000000001,0.0
0.9,12.0,3.5,13.0,9.0,0.0,12.0,8.200000000000001,-2.6,2.8000000000000007,9.100000000000001,myopic_greedy,-2.8999999999999986,15.5,9.100000000000001,0.0
0.9,12.0,4.0,13.0,9.0,0.0,12.0,7.700000000000001,-3.1,2.3000000000000007,8.600000000000001,myopic_greedy,-3.3999999999999986,16.0,8.600000000000001,0.0
0.9,12.5,0.0,13.0,9.0,0.0,12.5,11.700000000000001,0.8999999999999998,6.300000000000001,12.600000000000001,possibility_preserving,0.10000000000000142,12.5,12.600000000000001,1.0
0.9,12.5,0.5,13.0,9.0,0.0,12.5,11.200000000000001,0.3999999999999998,5.800000000000001,12.100000000000001,myopic_greedy,-0.3999999999999986,13.0,12.100000000000001,0.0
0.9,12.5,1.0,13.0,9.0,0.0,12.5,10.700000000000001,-0.1000000000000002,5.300000000000001,11.600000000000001,myopic_greedy,-0.8999999999999986,13.5,11.600000000000001,0.0
0.9,12.5,1.5,13.0,9.0,0.0,12.5,10.200000000000001,-0.6000000000000002,4.800000000000001,11.100000000000001,myopic_greedy,-1.3999999999999986,14.0,11.100000000000001,0.0
0.9,12.5,2.0,13.0,9.0,0.0,12.5,9.700000000000001,-1.1,4.300000000000001,10.600000000000001,myopic_greedy,-1.8999999999999986,14.5,10.600000000000001,0.0
0.9,12.5,2.5,13.0,9.0,0.0,12.5,9.200000000000001,-1.6,3.8000000000000007,10.100000000000001,myopic_greedy,-2.3999999999999986,15.0,10.100000000000001,0.0
0.9,12.5,3.0,13.0,9.0,0.0,12.5,8.700000000000001,-2.1,3.3000000000000007,9.600000000000001,myopic_greedy,-2.8999999999999986,15.5,9.600000000000001,0.0
0.9,12.5,3.5,13.0,9.0,0.0,12.5,8.200000000000001,-2.6,2.8000000000000007,9.100000000000001,myopic_greedy,-3.3999999999999986,16.0,9.100000000000001,0.0
0.9,12.5,4.0,13.0,9.0,0.0,12.5,7.700000000000001,-3.1,2.3000000000000007,8.600000000000001,myopic_greedy,-3.8999999999999986,16.5,8.600000000000001,0.0
0.9,13.0,0.0,13.0,9.0,0.0,13.0,11.700000000000001,0.8999999999999998,6.300000000000001,12.600000000000001,myopic_greedy,-0.3999999999999986,13.0,12.600000000000001,0.0
0.9,13.0,0.5,13.0,9.0,0.0,13.0,11.200000000000001,0.3999999999999998,5.800000000000001,12.100000000000001,myopic_greedy,-0.8999999999999986,13.5,12.100000000000001,0.0
0.9,13.0,1.0,13.0,9.0,0.0,13.0,10.700000000000001,-0.1000000000000002,5.300000000000001,11.600000000000001,myopic_greedy,-1.3999999999999986,14.0,11.600000000000001,0.0
0.9,13.0,1.5,13.0,9.0,0.0,13.0,10.200000000000001,-0.6000000000000002,4.800000000000001,11.100000000000001,myopic_greedy,-1.8999999999999986,14.5,11.100000000000001,0.0
0.9,13.0,2.0,13.0,9.0,0.0,13.0,9.700000000000001,-1.1,4.300000000000001,10.600000000000001,myopic_greedy,-2.3999999999999986,15.0,10.600000000000001,0.0
0.9,13.0,2.5,13.0,9.0,0.0,13.0,9.200000000000001,-1.6,3.8000000000000007,10.100000000000001,myopic_greedy,-2.8999999999999986,15.5,10.100000000000001,0.0
0.9,13.0,3.0,13.0,9.0,0.0,13.0,8.700000000000001,-2.1,3.3000000000000007,9.600000000000001,myopic_greedy,-3.3999999999999986,16.0,9.600000000000001,0.0
0.9,13.0,3.5,13.0,9.0,0.0,13.0,8.200000000000001,-2.6,2.8000000000000007,9.100000000000001,myopic_greedy,-3.8999999999999986,16.5,9.100000000000001,0.0
0.9,13.0,4.0,13.0,9.0,0.0,13.0,7.700000000000001,-3.1,2.3000000000000007,8.600000000000001,myopic_greedy,-4.399999999999999,17.0,8.600000000000001,0.0
0.9,13.5,0.0,13.0,9.0,0.0,13.5,11.700000000000001,0.8999999999999998,6.300000000000001,12.600000000000001,myopic_greedy,-0.8999999999999986,13.5,12.600000000000001,0.0
0.9,13.5,0.5,13.0,9.0,0.0,13.5,11.200000000000001,0.3999999999999998,5.800000000000001,12.100000000000001,myopic_greedy,-1.3999999999999986,14.0,12.100000000000001,0.0
0.9,13.5,1.0,13.0,9.0,0.0,13.5,10.700000000000001,-0.1000000000000002,5.300000000000001,11.600000000000001,myopic_greedy,-1.8999999999999986,14.5,11.600000000000001,0.0
0.9,13.5,1.5,13.0,9.0,0.0,13.5,10.200000000000001,-0.6000000000000002,4.800000000000001,11.100000000000001,myopic_greedy,-2.3999999999999986,15.0,11.100000000000001,0.0
0.9,13.5,2.0,13.0,9.0,0.0,13.5,9.700000000000001,-1.1,4.300000000000001,10.600000000000001,myopic_greedy,-2.8999999999999986,15.5,10.600000000000001,0.0
0.9,13.5,2.5,13.0,9.0,0.0,13.5,9.200000000000001,-1.6,3.8000000000000007,10.100000000000001,myopic_greedy,-3.3999999999999986,16.0,10.100000000000001,0.0
0.9,13.5,3.0,13.0,9.0,0.0,13.5,8.700000000000001,-2.1,3.3000000000000007,9.600000000000001,myopic_greedy,-3.8999999999999986,16.5,9.600000000000001,0.0
0.9,13.5,3.5,13.0,9.0,0.0,13.5,8.200000000000001,-2.6,2.8000000000000007,9.100000000000001,myopic_greedy,-4.399999999999999,17.0,9.100000000000001,0.0
0.9,13.5,4.0,13.0,9.0,0.0,13.5,7.700000000000001,-3.1,2.3000000000000007,8.600000000000001,myopic_greedy,-4.899999999999999,17.5,8.600000000000001,0.0
0.9,14.0,0.0,13.0,9.0,0.0,14.0,11.700000000000001,0.8999999999999998,6.300000000000001,12.600000000000001,myopic_greedy,-1.3999999999999986,14.0,12.600000000000001,0.0
0.9,14.0,0.5,13.0,9.0,0.0,14.0,11.200000000000001,0.3999999999999998,5.800000000000001,12.100000000000001,myopic_greedy,-1.8999999999999986,14.5,12.100000000000001,0.0
0.9,14.0,1.0,13.0,9.0,0.0,14.0,10.700000000000001,-0.1000000000000002,5.300000000000001,11.600000000000001,myopic_greedy,-2.3999999999999986,15.0,11.600000000000001,0.0
0.9,14.0,1.5,13.0,9.0,0.0,14.0,10.200000000000001,-0.6000000000000002,4.800000000000001,11.100000000000001,myopic_greedy,-2.8999999999999986,15.5,11.100000000000001,0.0
0.9,14.0,2.0,13.0,9.0,0.0,14.0,9.700000000000001,-1.1,4.300000000000001,10.600000000000001,myopic_greedy,-3.3999999999999986,16.0,10.600000000000001,0.0
0.9,14.0,2.5,13.0,9.0,0.0,14.0,9.200000000000001,-1.6,3.8000000000000007,10.100000000000001,myopic_greedy,-3.8999999999999986,16.5,10.100000000000001,0.0
0.9,14.0,3.0,13.0,9.0,0.0,14.0,8.700000000000001,-2.1,3.3000000000000007,9.600000000000001,myopic_greedy,-4.399999999999999,17.0,9.600000000000001,0.0
0.9,14.0,3.5,13.0,9.0,0.0,14.0,8.200000000000001,-2.6,2.8000000000000007,9.100000000000001,myopic_greedy,-4.899999999999999,17.5,9.100000000000001,0.0
0.9,14.0,4.0,13.0,9.0,0.0,14.0,7.700000000000001,-3.1,2.3000000000000007,8.600000000000001,myopic_greedy,-5.399999999999999,18.0,8.600000000000001,0.0
0.9,14.5,0.0,13.0,9.0,0.0,14.5,11.700000000000001,0.8999999999999998,6.300000000000001,12.600000000000001,myopic_greedy,-1.8999999999999986,14.5,12.600000000000001,0.0
0.9,14.5,0.5,13.0,9.0,0.0,14.5,11.200000000000001,0.3999999999999998,5.800000000000001,12.100000000000001,myopic_greedy,-2.3999999999999986,15.0,12.100000000000001,0.0
0.9,14.5,1.0,13.0,9.0,0.0,14.5,10.700000000000001,-0.1000000000000002,5.300000000000001,11.600000000000001,myopic_greedy,-2.8999999999999986,15.5,11.600000000000001,0.0
0.9,14.5,1.5,13.0,9.0,0.0,14.5,10.200000000000001,-0.6000000000000002,4.800000000000001,11.100000000000001,myopic_greedy,-3.3999999999999986,16.0,11.100000000000001,0.0
0.9,14.5,2.0,13.0,9.0,0.0,14.5,9.700000000000001,-1.1,4.300000000000001,10.600000000000001,myopic_greedy,-3.8999999999999986,16.5,10.600000000000001,0.0
0.9,14.5,2.5,13.0,9.0,0.0,14.5,9.200000000000001,-1.6,3.8000000000000007,10.100000000000001,myopic_greedy,-4.399999999999999,17.0,10.100000000000001,0.0
0.9,14.5,3.0,13.0,9.0,0.0,14.5,8.700000000000001,-2.1,3.3000000000000007,9.600000000000001,myopic_greedy,-4.899999999999999,17.5,9.600000000000001,0.0
0.9,14.5,3.5,13.0,9.0,0.0,14.5,8.200000000000001,-2.6,2.8000000000000007,9.100000000000001,myopic_greedy,-5.399999999999999,18.0,9.100000000000001,0.0
0.9,14.5,4.0,13.0,9.0,0.0,14.5,7.700000000000001,-3.1,2.3000000000000007,8.600000000000001,myopic_greedy,-5.899999999999999,18.5,8.600000000000001,0.0
0.9,15.0,0.0,13.0,9.0,0.0,15.0,11.700000000000001,0.8999999999999998,6.300000000000001,12.600000000000001,myopic_greedy,-2.3999999999999986,15.0,12.600000000000001,0.0
0.9,15.0,0.5,13.0,9.0,0.0,15.0,11.200000000000001,0.3999999999999998,5.800000000000001,12.100000000000001,myopic_greedy,-2.8999999999999986,15.5,12.100000000000001,0.0
0.9,15.0,1.0,13.0,9.0,0.0,15.0,10.700000000000001,-0.1000000000000002,5.300000000000001,11.600000000000001,myopic_greedy,-3.3999999999999986,16.0,11.600000000000001,0.0
0.9,15.0,1.5,13.0,9.0,0.0,15.0,10.200000000000001,-0.6000000000000002,4.800000000000001,11.100000000000001,myopic_greedy,-3.8999999999999986,16.5,11.100000000000001,0.0
0.9,15.0,2.0,13.0,9.0,0.0,15.0,9.700000000000001,-1.1,4.300000000000001,10.600000000000001,myopic_greedy,-4.399999999999999,17.0,10.600000000000001,0.0
0.9,15.0,2.5,13.0,9.0,0.0,15.0,9.200000000000001,-1.6,3.8000000000000007,10.100000000000001,myopic_greedy,-4.899999999999999,17.5,10.100000000000001,0.0
0.9,15.0,3.0,13.0,9.0,0.0,15.0,8.700000000000001,-2.1,3.3000000000000007,9.600000000000001,myopic_greedy,-5.399999999999999,18.0,9.600000000000001,0.0
0.9,15.0,3.5,13.0,9.0,0.0,15.0,8.200000000000001,-2.6,2.8000000000000007,9.100000000000001,myopic_greedy,-5.899999999999999,18.5,9.100000000000001,0.0
0.9,15.0,4.0,13.0,9.0,0.0,15.0,7.700000000000001,-3.1,2.3000000000000007,8.600000000000001,myopic_greedy,-6.399999999999999,19.0,8.600000000000001,0.0
0.9,15.5,0.0,13.0,9.0,0.0,15.5,11.700000000000001,0.8999999999999998,6.300000000000001,12.600000000000001,myopic_greedy,-2.8999999999999986,15.5,12.600000000000001,0.0
0.9,15.5,0.5,13.0,9.0,0.0,15.5,11.200000000000001,0.3999999999999998,5.800000000000001,12.100000000000001,myopic_greedy,-3.3999999999999986,16.0,12.100000000000001,0.0
0.9,15.5,1.0,13.0,9.0,0.0,15.5,10.700000000000001,-0.1000000000000002,5.300000000000001,11.600000000000001,myopic_greedy,-3.8999999999999986,16.5,11.600000000000001,0.0
0.9,15.5,1.5,13.0,9.0,0.0,15.5,10.200000000000001,-0.6000000000000002,4.800000000000001,11.100000000000001,myopic_greedy,-4.399999999999999,17.0,11.100000000000001,0.0
0.9,15.5,2.0,13.0,9.0,0.0,15.5,9.700000000000001,-1.1,4.300000000000001,10.600000000000001,myopic_greedy,-4.899999999999999,17.5,10.600000000000001,0.0
0.9,15.5,2.5,13.0,9.0,0.0,15.5,9.200000000000001,-1.6,3.8000000000000007,10.100000000000001,myopic_greedy,-5.399999999999999,18.0,10.100000000000001,0.0
0.9,15.5,3.0,13.0,9.0,0.0,15.5,8.700000000000001,-2.1,3.3000000000000007,9.600000000000001,myopic_greedy,-5.899999999999999,18.5,9.600000000000001,0.0
0.9,15.5,3.5,13.0,9.0,0.0,15.5,8.200000000000001,-2.6,2.8000000000000007,9.100000000000001,myopic_greedy,-6.399999999999999,19.0,9.100000000000001,0.0
0.9,15.5,4.0,13.0,9.0,0.0,15.5,7.700000000000001,-3.1,2.3000000000000007,8.600000000000001,myopic_greedy,-6.899999999999999,19.5,8.600000000000001,0.0
0.9,16.0,0.0,13.0,9.0,0.0,16.0,11.700000000000001,0.8999999999999998,6.300000000000001,12.600000000000001,myopic_greedy,-3.3999999999999986,16.0,12.600000000000001,0.0
0.9,16.0,0.5,13.0,9.0,0.0,16.0,11.200000000000001,0.3999999999999998,5.800000000000001,12.100000000000001,myopic_greedy,-3.8999999999999986,16.5,12.100000000000001,0.0
0.9,16.0,1.0,13.0,9.0,0.0,16.0,10.700000000000001,-0.1000000000000002,5.300000000000001,11.600000000000001,myopic_greedy,-4.399999999999999,17.0,11.600000000000001,0.0
0.9,16.0,1.5,13.0,9.0,0.0,16.0,10.200000000000001,-0.6000000000000002,4.800000000000001,11.100000000000001,myopic_greedy,-4.899999999999999,17.5,11.100000000000001,0.0
0.9,16.0,2.0,13.0,9.0,0.0,16.0,9.700000000000001,-1.1,4.300000000000001,10.600000000000001,myopic_greedy,-5.399999999999999,18.0,10.600000000000001,0.0
0.9,16.0,2.5,13.0,9.0,0.0,16.0,9.200000000000001,-1.6,3.8000000000000007,10.100000000000001,myopic_greedy,-5.899999999999999,18.5,10.100000000000001,0.0
0.9,16.0,3.0,13.0,9.0,0.0,16.0,8.700000000000001,-2.1,3.3000000000000007,9.600000000000001,myopic_greedy,-6.399999999999999,19.0,9.600000000000001,0.0
0.9,16.0,3.5,13.0,9.0,0.0,16.0,8.200000000000001,-2.6,2.8000000000000007,9.100000000000001,myopic_greedy,-6.899999999999999,19.5,9.100000000000001,0.0
0.9,16.0,4.0,13.0,9.0,0.0,16.0,7.700000000000001,-3.1,2.3000000000000007,8.600000000000001,myopic_greedy,-7.399999999999999,20.0,8.600000000000001,0.0
0.9,16.5,0.0,13.0,9.0,0.0,16.5,11.700000000000001,0.8999999999999998,6.300000000000001,12.600000000000001,myopic_greedy,-3.8999999999999986,16.5,12.600000000000001,0.0
0.9,16.5,0.5,13.0,9.0,0.0,16.5,11.200000000000001,0.3999999999999998,5.800000000000001,12.100000000000001,myopic_greedy,-4.399999999999999,17.0,12.100000000000001,0.0
0.9,16.5,1.0,13.0,9.0,0.0,16.5,10.700000000000001,-0.1000000000000002,5.300000000000001,11.600000000000001,myopic_greedy,-4.899999999999999,17.5,11.600000000000001,0.0
0.9,16.5,1.5,13.0,9.0,0.0,16.5,10.200000000000001,-0.6000000000000002,4.800000000000001,11.100000000000001,myopic_greedy,-5.399999999999999,18.0,11.100000000000001,0.0
0.9,16.5,2.0,13.0,9.0,0.0,16.5,9.700000000000001,-1.1,4.300000000000001,10.600000000000001,myopic_greedy,-5.899999999999999,18.5,10.600000000000001,0.0
0.9,16.5,2.5,13.0,9.0,0.0,16.5,9.200000000000001,-1.6,3.8000000000000007,10.100000000000001,myopic_greedy,-6.399999999999999,19.0,10.100000000000001,0.0
0.9,16.5,3.0,13.0,9.0,0.0,16.5,8.700000000000001,-2.1,3.3000000000000007,9.600000000000001,myopic_greedy,-6.899999999999999,19.5,9.600000000000001,0.0
0.9,16.5,3.5,13.0,9.0,0.0,16.5,8.200000000000001,-2.6,2.8000000000000007,9.100000000000001,myopic_greedy,-7.399999999999999,20.0,9.100000000000001,0.0
0.9,16.5,4.0,13.0,9.0,0.0,16.5,7.700000000000001,-3.1,2.3000000000000007,8.600000000000001,myopic_greedy,-7.899999999999999,20.5,8.600000000000001,0.0
0.9,17.0,0.0,13.0,9.0,0.0,17.0,11.700000000000001,0.8999999999999998,6.300000000000001,12.600000000000001,myopic_greedy,-4.399999999999999,17.0,12.600000000000001,0.0
0.9,17.0,0.5,13.0,9.0,0.0,17.0,11.200000000000001,0.3999999999999998,5.800000000000001,12.100000000000001,myopic_greedy,-4.899999999999999,17.5,12.100000000000001,0.0
0.9,17.0,1.0,13.0,9.0,0.0,17.0,10.700000000000001,-0.1000000000000002,5.300000000000001,11.600000000000001,myopic_greedy,-5.399999999999999,18.0,11.600000000000001,0.0
0.9,17.0,1.5,13.0,9.0,0.0,17.0,10.200000000000001,-0.6000000000000002,4.800000000000001,11.100000000000001,myopic_greedy,-5.899999999999999,18.5,11.100000000000001,0.0
0.9,17.0,2.0,13.0,9.0,0.0,17.0,9.700000000000001,-1.1,4.300000000000001,10.600000000000001,myopic_greedy,-6.399999999999999,19.0,10.600000000000001,0.0
0.9,17.0,2.5,13.0,9.0,0.0,17.0,9.200000000000001,-1.6,3.8000000000000007,10.100000000000001,myopic_greedy,-6.899999999999999,19.5,10.100000000000001,0.0
0.9,17.0,3.0,13.0,9.0,0.0,17.0,8.700000000000001,-2.1,3.3000000000000007,9.600000000000001,myopic_greedy,-7.399999999999999,20.0,9.600000000000001,0.0
0.9,17.0,3.5,13.0,9.0,0.0,17.0,8.200000000000001,-2.6,2.8000000000000007,9.100000000000001,myopic_greedy,-7.899999999999999,20.5,9.100000000000001,0.0
0.9,17.0,4.0,13.0,9.0,0.0,17.0,7.700000000000001,-3.1,2.3000000000000007,8.600000000000001,myopic_greedy,-8.399999999999999,21.0,8.600000000000001,0.0
0.9,17.5,0.0,13.0,9.0,0.0,17.5,11.700000000000001,0.8999999999999998,6.300000000000001,12.600000000000001,myopic_greedy,-4.899999999999999,17.5,12.600000000000001,0.0
0.9,17.5,0.5,13.0,9.0,0.0,17.5,11.200000000000001,0.3999999999999998,5.800000000000001,12.100000000000001,myopic_greedy,-5.399999999999999,18.0,12.100000000000001,0.0
0.9,17.5,1.0,13.0,9.0,0.0,17.5,10.700000000000001,-0.1000000000000002,5.300000000000001,11.600000000000001,myopic_greedy,-5.899999999999999,18.5,11.600000000000001,0.0
0.9,17.5,1.5,13.0,9.0,0.0,17.5,10.200000000000001,-0.6000000000000002,4.800000000000001,11.100000000000001,myopic_greedy,-6.399999999999999,19.0,11.100000000000001,0.0
0.9,17.5,2.0,13.0,9.0,0.0,17.5,9.700000000000001,-1.1,4.300000000000001,10.600000000000001,myopic_greedy,-6.899999999999999,19.5,10.600000000000001,0.0
0.9,17.5,2.5,13.0,9.0,0.0,17.5,9.200000000000001,-1.6,3.8000000000000007,10.100000000000001,myopic_greedy,-7.399999999999999,20.0,10.100000000000001,0.0
0.9,17.5,3.0,13.0,9.0,0.0,17.5,8.700000000000001,-2.1,3.3000000000000007,9.600000000000001,myopic_greedy,-7.899999999999999,20.5,9.600000000000001,0.0
0.9,17.5,3.5,13.0,9.0,0.0,17.5,8.200000000000001,-2.6,2.8000000000000007,9.100000000000001,myopic_greedy,-8.399999999999999,21.0,9.100000000000001,0.0
0.9,17.5,4.0,13.0,9.0,0.0,17.5,7.700000000000001,-3.1,2.3000000000000007,8.600000000000001,myopic_greedy,-8.899999999999999,21.5,8.600000000000001,0.0
0.9,18.0,0.0,13.0,9.0,0.0,18.0,11.700000000000001,0.8999999999999998,6.300000000000001,12.600000000000001,myopic_greedy,-5.399999999999999,18.0,12.600000000000001,0.0
0.9,18.0,0.5,13.0,9.0,0.0,18.0,11.200000000000001,0.3999999999999998,5.800000000000001,12.100000000000001,myopic_greedy,-5.899999999999999,18.5,12.100000000000001,0.0
0.9,18.0,1.0,13.0,9.0,0.0,18.0,10.700000000000001,-0.1000000000000002,5.300000000000001,11.600000000000001,myopic_greedy,-6.399999999999999,19.0,11.600000000000001,0.0
0.9,18.0,1.5,13.0,9.0,0.0,18.0,10.200000000000001,-0.6000000000000002,4.800000000000001,11.100000000000001,myopic_greedy,-6.899999999999999,19.5,11.100000000000001,0.0
0.9,18.0,2.0,13.0,9.0,0.0,18.0,9.700000000000001,-1.1,4.300000000000001,10.600000000000001,myopic_greedy,-7.399999999999999,20.0,10.600000000000001,0.0
0.9,18.0,2.5,13.0,9.0,0.0,18.0,9.200000000000001,-1.6,3.8000000000000007,10.100000000000001,myopic_greedy,-7.899999999999999,20.5,10.100000000000001,0.0
0.9,18.0,3.0,13.0,9.0,0.0,18.0,8.700000000000001,-2.1,3.3000000000000007,9.600000000000001,myopic_greedy,-8.399999999999999,21.0,9.600000000000001,0.0
0.9,18.0,3.5,13.0,9.0,0.0,18.0,8.200000000000001,-2.6,2.8000000000000007,9.100000000000001,myopic_greedy,-8.899999999999999,21.5,9.100000000000001,0.0
0.9,18.0,4.0,13.0,9.0,0.0,18.0,7.700000000000001,-3.1,2.3000000000000007,8.600000000000001,myopic_greedy,-9.399999999999999,22.0,8.600000000000001,0.0
0.95,6.0,0.0,13.0,9.0,0.0,6.0,12.35,0.4500000000000004,6.4,12.8,possibility_preserving,6.800000000000001,6.0,12.8,1.0
0.95,6.0,0.5,13.0,9.0,0.0,6.0,11.85,-0.0499999999999996,5.9,12.3,possibility_preserving,6.300000000000001,6.5,12.3,1.0
0.95,6.0,1.0,13.0,9.0,0.0,6.0,11.35,-0.5499999999999996,5.4,11.8,possibility_preserving,5.800000000000001,7.0,11.8,1.0
0.95,6.0,1.5,13.0,9.0,0.0,6.0,10.85,-1.0499999999999996,4.9,11.3,possibility_preserving,5.300000000000001,7.5,11.3,1.0
0.95,6.0,2.0,13.0,9.0,0.0,6.0,10.35,-1.5499999999999996,4.4,10.8,possibility_preserving,4.800000000000001,8.0,10.8,1.0
0.95,6.0,2.5,13.0,9.0,0.0,6.0,9.85,-2.05,3.9,10.3,possibility_preserving,4.300000000000001,8.5,10.3,1.0
0.95,6.0,3.0,13.0,9.0,0.0,6.0,9.35,-2.55,3.4,9.8,possibility_preserving,3.8000000000000007,9.0,9.8,1.0
0.95,6.0,3.5,13.0,9.0,0.0,6.0,8.85,-3.05,2.9,9.3,possibility_preserving,3.3000000000000007,9.5,9.3,1.0
0.95,6.0,4.0,13.0,9.0,0.0,6.0,8.35,-3.55,2.4,8.8,possibility_preserving,2.8000000000000007,10.0,8.8,1.0
0.95,6.5,0.0,13.0,9.0,0.0,6.5,12.35,0.4500000000000004,6.4,12.8,possibility_preserving,6.300000000000001,6.5,12.8,1.0
0.95,6.5,0.5,13.0,9.0,0.0,6.5,11.85,-0.0499999999999996,5.9,12.3,possibility_preserving,5.800000000000001,7.0,12.3,1.0
0.95,6.5,1.0,13.0,9.0,0.0,6.5,11.35,-0.5499999999999996,5.4,11.8,possibility_preserving,5.300000000000001,7.5,11.8,1.0
0.95,6.5,1.5,13.0,9.0,0.0,6.5,10.85,-1.0499999999999996,4.9,11.3,possibility_preserving,4.800000000000001,8.0,11.3,1.0
0.95,6.5,2.0,13.0,9.0,0.0,6.5,10.35,-1.5499999999999996,4.4,10.8,possibility_preserving,4.300000000000001,8.5,10.8,1.0
0.95,6.5,2.5,13.0,9.0,0.0,6.5,9.85,-2.05,3.9,10.3,possibility_preserving,3.8000000000000007,9.0,10.3,1.0
0.95,6.5,3.0,13.0,9.0,0.0,6.5,9.35,-2.55,3.4,9.8,possibility_preserving,3.3000000000000007,9.5,9.8,1.0
0.95,6.5,3.5,13.0,9.0,0.0,6.5,8.85,-3.05,2.9,9.3,possibility_preserving,2.8000000000000007,10.0,9.3,1.0
0.95,6.5,4.0,13.0,9.0,0.0,6.5,8.35,-3.55,2.4,8.8,possibility_preserving,2.3000000000000007,10.5,8.8,1.0
0.95,7.0,0.0,13.0,9.0,0.0,7.0,12.35,0.4500000000000004,6.4,12.8,possibility_preserving,5.800000000000001,7.0,12.8,1.0
0.95,7.0,0.5,13.0,9.0,0.0,7.0,11.85,-0.0499999999999996,5.9,12.3,possibility_preserving,5.300000000000001,7.5,12.3,1.0
0.95,7.0,1.0,13.0,9.0,0.0,7.0,11.35,-0.5499999999999996,5.4,11.8,possibility_preserving,4.800000000000001,8.0,11.8,1.0
0.95,7.0,1.5,13.0,9.0,0.0,7.0,10.85,-1.0499999999999996,4.9,11.3,possibility_preserving,4.300000000000001,8.5,11.3,1.0
0.95,7.0,2.0,13.0,9.0,0.0,7.0,10.35,-1.5499999999999996,4.4,10.8,possibility_preserving,3.8000000000000007,9.0,10.8,1.0
0.95,7.0,2.5,13.0,9.0,0.0,7.0,9.85,-2.05,3.9,10.3,possibility_preserving,3.3000000000000007,9.5,10.3,1.0
0.95,7.0,3.0,13.0,9.0,0.0,7.0,9.35,-2.55,3.4,9.8,possibility_preserving,2.8000000000000007,10.0,9.8,1.0
0.95,7.0,3.5,13.0,9.0,0.0,7.0,8.85,-3.05,2.9,9.3,possibility_preserving,2.3000000000000007,10.5,9.3,1.0
0.95,7.0,4.0,13.0,9.0,0.0,7.0,8.35,-3.55,2.4,8.8,possibility_preserving,1.8000000000000007,11.0,8.8,1.0
0.95,7.5,0.0,13.0,9.0,0.0,7.5,12.35,0.4500000000000004,6.4,12.8,possibility_preserving,5.300000000000001,7.5,12.8,1.0
0.95,7.5,0.5,13.0,9.0,0.0,7.5,11.85,-0.0499999999999996,5.9,12.3,possibility_preserving,4.800000000000001,8.0,12.3,1.0
0.95,7.5,1.0,13.0,9.0,0.0,7.5,11.35,-0.5499999999999996,5.4,11.8,possibility_preserving,4.300000000000001,8.5,11.8,1.0
0.95,7.5,1.5,13.0,9.0,0.0,7.5,10.85,-1.0499999999999996,4.9,11.3,possibility_preserving,3.8000000000000007,9.0,11.3,1.0
0.95,7.5,2.0,13.0,9.0,0.0,7.5,10.35,-1.5499999999999996,4.4,10.8,possibility_preserving,3.3000000000000007,9.5,10.8,1.0
0.95,7.5,2.5,13.0,9.0,0.0,7.5,9.85,-2.05,3.9,10.3,possibility_preserving,2.8000000000000007,10.0,10.3,1.0
0.95,7.5,3.0,13.0,9.0,0.0,7.5,9.35,-2.55,3.4,9.8,possibility_preserving,2.3000000000000007,10.5,9.8,1.0
0.95,7.5,3.5,13.0,9.0,0.0,7.5,8.85,-3.05,2.9,9.3,possibility_preserving,1.8000000000000007,11.0,9.3,1.0
0.95,7.5,4.0,13.0,9.0,0.0,7.5,8.35,-3.55,2.4,8.8,possibility_preserving,1.3000000000000007,11.5,8.8,1.0
0.95,8.0,0.0,13.0,9.0,0.0,8.0,12.35,0.4500000000000004,6.4,12.8,possibility_preserving,4.800000000000001,8.0,12.8,1.0
0.95,8.0,0.5,13.0,9.0,0.0,8.0,11.85,-0.0499999999999996,5.9,12.3,possibility_preserving,4.300000000000001,8.5,12.3,1.0
0.95,8.0,1.0,13.0,9.0,0.0,8.0,11.35,-0.5499999999999996,5.4,11.8,possibility_preserving,3.8000000000000007,9.0,11.8,1.0
0.95,8.0,1.5,13.0,9.0,0.0,8.0,10.85,-1.0499999999999996,4.9,11.3,possibility_preserving,3.3000000000000007,9.5,11.3,1.0
0.95,8.0,2.0,13.0,9.0,0.0,8.0,10.35,-1.5499999999999996,4.4,10.8,possibility_preserving,2.8000000000000007,10.0,10.8,1.0
0.95,8.0,2.5,13.0,9.0,0.0,8.0,9.85,-2.05,3.9,10.3,possibility_preserving,2.3000000000000007,10.5,10.3,1.0
0.95,8.0,3.0,13.0,9.0,0.0,8.0,9.35,-2.55,3.4,9.8,possibility_preserving,1.8000000000000007,11.0,9.8,1.0
0.95,8.0,3.5,13.0,9.0,0.0,8.0,8.85,-3.05,2.9,9.3,possibility_preserving,1.3000000000000007,11.5,9.3,1.0
0.95,8.0,4.0,13.0,9.0,0.0,8.0,8.35,-3.55,2.4,8.8,possibility_preserving,0.8000000000000007,12.0,8.8,1.0
0.95,8.5,0.0,13.0,9.0,0.0,8.5,12.35,0.4500000000000004,6.4,12.8,possibility_preserving,4.300000000000001,8.5,12.8,1.0
0.95,8.5,0.5,13.0,9.0,0.0,8.5,11.85,-0.0499999999999996,5.9,12.3,possibility_preserving,3.8000000000000007,9.0,12.3,1.0
0.95,8.5,1.0,13.0,9.0,0.0,8.5,11.35,-0.5499999999999996,5.4,11.8,possibility_preserving,3.3000000000000007,9.5,11.8,1.0
0.95,8.5,1.5,13.0,9.0,0.0,8.5,10.85,-1.0499999999999996,4.9,11.3,possibility_preserving,2.8000000000000007,10.0,11.3,1.0
0.95,8.5,2.0,13.0,9.0,0.0,8.5,10.35,-1.5499999999999996,4.4,10.8,possibility_preserving,2.3000000000000007,10.5,10.8,1.0
0.95,8.5,2.5,13.0,9.0,0.0,8.5,9.85,-2.05,3.9,10.3,possibility_preserving,1.8000000000000007,11.0,10.3,1.0
0.95,8.5,3.0,13.0,9.0,0.0,8.5,9.35,-2.55,3.4,9.8,possibility_preserving,1.3000000000000007,11.5,9.8,1.0
0.95,8.5,3.5,13.0,9.0,0.0,8.5,8.85,-3.05,2.9,9.3,possibility_preserving,0.8000000000000007,12.0,9.3,1.0
0.95,8.5,4.0,13.0,9.0,0.0,8.5,8.35,-3.55,2.4,8.8,possibility_preserving,0.3000000000000007,12.5,8.8,1.0
0.95,9.0,0.0,13.0,9.0,0.0,9.0,12.35,0.4500000000000004,6.4,12.8,possibility_preserving,3.8000000000000007,9.0,12.8,1.0
0.95,9.0,0.5,13.0,9.0,0.0,9.0,11.85,-0.0499999999999996,5.9,12.3,possibility_preserving,3.3000000000000007,9.5,12.3,1.0
0.95,9.0,1.0,13.0,9.0,0.0,9.0,11.35,-0.5499999999999996,5.4,11.8,possibility_preserving,2.8000000000000007,10.0,11.8,1.0
0.95,9.0,1.5,13.0,9.0,0.0,9.0,10.85,-1.0499999999999996,4.9,11.3,possibility_preserving,2.3000000000000007,10.5,11.3,1.0
0.95,9.0,2.0,13.0,9.0,0.0,9.0,10.35,-1.5499999999999996,4.4,10.8,possibility_preserving,1.8000000000000007,11.0,10.8,1.0
0.95,9.0,2.5,13.0,9.0,0.0,9.0,9.85,-2.05,3.9,10.3,possibility_preserving,1.3000000000000007,11.5,10.3,1.0
0.95,9.0,3.0,13.0,9.0,0.0,9.0,9.35,-2.55,3.4,9.8,possibility_preserving,0.8000000000000007,12.0,9.8,1.0
0.95,9.0,3.5,13.0,9.0,0.0,9.0,8.85,-3.05,2.9,9.3,possibility_preserving,0.3000000000000007,12.5,9.3,1.0
0.95,9.0,4.0,13.0,9.0,0.0,9.0,8.35,-3.55,2.4,8.8,myopic_greedy,-0.1999999999999993,13.0,8.8,0.0
0.95,9.5,0.0,13.0,9.0,0.0,9.5,12.35,0.4500000000000004,6.4,12.8,possibility_preserving,3.3000000000000007,9.5,12.8,1.0
0.95,9.5,0.5,13.0,9.0,0.0,9.5,11.85,-0.0499999999999996,5.9,12.3,possibility_preserving,2.8000000000000007,10.0,12.3,1.0
0.95,9.5,1.0,13.0,9.0,0.0,9.5,11.35,-0.5499999999999996,5.4,11.8,possibility_preserving,2.3000000000000007,10.5,11.8,1.0
0.95,9.5,1.5,13.0,9.0,0.0,9.5,10.85,-1.0499999999999996,4.9,11.3,possibility_preserving,1.8000000000000007,11.0,11.3,1.0
0.95,9.5,2.0,13.0,9.0,0.0,9.5,10.35,-1.5499999999999996,4.4,10.8,possibility_preserving,1.3000000000000007,11.5,10.8,1.0
0.95,9.5,2.5,13.0,9.0,0.0,9.5,9.85,-2.05,3.9,10.3,possibility_preserving,0.8000000000000007,12.0,10.3,1.0
0.95,9.5,3.0,13.0,9.0,0.0,9.5,9.35,-2.55,3.4,9.8,possibility_preserving,0.3000000000000007,12.5,9.8,1.0
0.95,9.5,3.5,13.0,9.0,0.0,9.5,8.85,-3.05,2.9,9.3,myopic_greedy,-0.1999999999999993,13.0,9.3,0.0
0.95,9.5,4.0,13.0,9.0,0.0,9.5,8.35,-3.55,2.4,8.8,myopic_greedy,-0.6999999999999993,13.5,8.8,0.0
0.95,10.0,0.0,13.0,9.0,0.0,10.0,12.35,0.4500000000000004,6.4,12.8,possibility_preserving,2.8000000000000007,10.0,12.8,1.0
0.95,10.0,0.5,13.0,9.0,0.0,10.0,11.85,-0.0499999999999996,5.9,12.3,possibility_preserving,2.3000000000000007,10.5,12.3,1.0
0.95,10.0,1.0,13.0,9.0,0.0,10.0,11.35,-0.5499999999999996,5.4,11.8,possibility_preserving,1.8000000000000007,11.0,11.8,1.0
0.95,10.0,1.5,13.0,9.0,0.0,10.0,10.85,-1.0499999999999996,4.9,11.3,possibility_preserving,1.3000000000000007,11.5,11.3,1.0
0.95,10.0,2.0,13.0,9.0,0.0,10.0,10.35,-1.5499999999999996,4.4,10.8,possibility_preserving,0.8000000000000007,12.0,10.8,1.0
0.95,10.0,2.5,13.0,9.0,0.0,10.0,9.85,-2.05,3.9,10.3,possibility_preserving,0.3000000000000007,12.5,10.3,1.0
0.95,10.0,3.0,13.0,9.0,0.0,10.0,9.35,-2.55,3.4,9.8,myopic_greedy,-0.1999999999999993,13.0,9.8,0.0
0.95,10.0,3.5,13.0,9.0,0.0,10.0,8.85,-3.05,2.9,9.3,myopic_greedy,-0.6999999999999993,13.5,9.3,0.0
0.95,10.0,4.0,13.0,9.0,0.0,10.0,8.35,-3.55,2.4,8.8,myopic_greedy,-1.1999999999999993,14.0,8.8,0.0
0.95,10.5,0.0,13.0,9.0,0.0,10.5,12.35,0.4500000000000004,6.4,12.8,possibility_preserving,2.3000000000000007,10.5,12.8,1.0
0.95,10.5,0.5,13.0,9.0,0.0,10.5,11.85,-0.0499999999999996,5.9,12.3,possibility_preserving,1.8000000000000007,11.0,12.3,1.0
0.95,10.5,1.0,13.0,9.0,0.0,10.5,11.35,-0.5499999999999996,5.4,11.8,possibility_preserving,1.3000000000000007,11.5,11.8,1.0
0.95,10.5,1.5,13.0,9.0,0.0,10.5,10.85,-1.0499999999999996,4.9,11.3,possibility_preserving,0.8000000000000007,12.0,11.3,1.0
0.95,10.5,2.0,13.0,9.0,0.0,10.5,10.35,-1.5499999999999996,4.4,10.8,possibility_preserving,0.3000000000000007,12.5,10.8,1.0
0.95,10.5,2.5,13.0,9.0,0.0,10.5,9.85,-2.05,3.9,10.3,myopic_greedy,-0.1999999999999993,13.0,10.3,0.0
0.95,10.5,3.0,13.0,9.0,0.0,10.5,9.35,-2.55,3.4,9.8,myopic_greedy,-0.6999999999999993,13.5,9.8,0.0
0.95,10.5,3.5,13.0,9.0,0.0,10.5,8.85,-3.05,2.9,9.3,myopic_greedy,-1.1999999999999993,14.0,9.3,0.0
0.95,10.5,4.0,13.0,9.0,0.0,10.5,8.35,-3.55,2.4,8.8,myopic_greedy,-1.6999999999999993,14.5,8.8,0.0
0.95,11.0,0.0,13.0,9.0,0.0,11.0,12.35,0.4500000000000004,6.4,12.8,possibility_preserving,1.8000000000000007,11.0,12.8,1.0
0.95,11.0,0.5,13.0,9.0,0.0,11.0,11.85,-0.0499999999999996,5.9,12.3,possibility_preserving,1.3000000000000007,11.5,12.3,1.0
0.95,11.0,1.0,13.0,9.0,0.0,11.0,11.35,-0.5499999999999996,5.4,11.8,possibility_preserving,0.8000000000000007,12.0,11.8,1.0
0.95,11.0,1.5,13.0,9.0,0.0,11.0,10.85,-1.0499999999999996,4.9,11.3,possibility_preserving,0.3000000000000007,12.5,11.3,1.0
0.95,11.0,2.0,13.0,9.0,0.0,11.0,10.35,-1.5499999999999996,4.4,10.8,myopic_greedy,-0.1999999999999993,13.0,10.8,0.0
0.95,11.0,2.5,13.0,9.0,0.0,11.0,9.85,-2.05,3.9,10.3,myopic_greedy,-0.6999999999999993,13.5,10.3,0.0
0.95,11.0,3.0,13.0,9.0,0.0,11.0,9.35,-2.55,3.4,9.8,myopic_greedy,-1.1999999999999993,14.0,9.8,0.0
0.95,11.0,3.5,13.0,9.0,0.0,11.0,8.85,-3.05,2.9,9.3,myopic_greedy,-1.6999999999999993,14.5,9.3,0.0
0.95,11.0,4.0,13.0,9.0,0.0,11.0,8.35,-3.55,2.4,8.8,myopic_greedy,-2.1999999999999993,15.0,8.8,0.0
0.95,11.5,0.0,13.0,9.0,0.0,11.5,12.35,0.4500000000000004,6.4,12.8,possibility_preserving,1.3000000000000007,11.5,12.8,1.0
0.95,11.5,0.5,13.0,9.0,0.0,11.5,11.85,-0.0499999999999996,5.9,12.3,possibility_preserving,0.8000000000000007,12.0,12.3,1.0
0.95,11.5,1.0,13.0,9.0,0.0,11.5,11.35,-0.5499999999999996,5.4,11.8,possibility_preserving,0.3000000000000007,12.5,11.8,1.0
0.95,11.5,1.5,13.0,9.0,0.0,11.5,10.85,-1.0499999999999996,4.9,11.3,myopic_greedy,-0.1999999999999993,13.0,11.3,0.0
0.95,11.5,2.0,13.0,9.0,0.0,11.5,10.35,-1.5499999999999996,4.4,10.8,myopic_greedy,-0.6999999999999993,13.5,10.8,0.0
0.95,11.5,2.5,13.0,9.0,0.0,11.5,9.85,-2.05,3.9,10.3,myopic_greedy,-1.1999999999999993,14.0,10.3,0.0
0.95,11.5,3.0,13.0,9.0,0.0,11.5,9.35,-2.55,3.4,9.8,myopic_greedy,-1.6999999999999993,14.5,9.8,0.0
0.95,11.5,3.5,13.0,9.0,0.0,11.5,8.85,-3.05,2.9,9.3,myopic_greedy,-2.1999999999999993,15.0,9.3,0.0
0.95,11.5,4.0,13.0,9.0,0.0,11.5,8.35,-3.55,2.4,8.8,myopic_greedy,-2.6999999999999993,15.5,8.8,0.0
0.95,12.0,0.0,13.0,9.0,0.0,12.0,12.35,0.4500000000000004,6.4,12.8,possibility_preserving,0.8000000000000007,12.0,12.8,1.0
0.95,12.0,0.5,13.0,9.0,0.0,12.0,11.85,-0.0499999999999996,5.9,12.3,possibility_preserving,0.3000000000000007,12.5,12.3,1.0
0.95,12.0,1.0,13.0,9.0,0.0,12.0,11.35,-0.5499999999999996,5.4,11.8,myopic_greedy,-0.1999999999999993,13.0,11.8,0.0
0.95,12.0,1.5,13.0,9.0,0.0,12.0,10.85,-1.0499999999999996,4.9,11.3,myopic_greedy,-0.6999999999999993,13.5,11.3,0.0
0.95,12.0,2.0,13.0,9.0,0.0,12.0,10.35,-1.5499999999999996,4.4,10.8,myopic_greedy,-1.1999999999999993,14.0,10.8,0.0
0.95,12.0,2.5,13.0,9.0,0.0,12.0,9.85,-2.05,3.9,10.3,myopic_greedy,-1.6999999999999993,14.5,10.3,0.0
0.95,12.0,3.0,13.0,9.0,0.0,12.0,9.35,-2.55,3.4,9.8,myopic_greedy,-2.1999999999999993,15.0,9.8,0.0
0.95,12.0,3.5,13.0,9.0,0.0,12.0,8.85,-3.05,2.9,9.3,myopic_greedy,-2.6999999999999993,15.5,9.3,0.0
0.95,12.0,4.0,13.0,9.0,0.0,12.0,8.35,-3.55,2.4,8.8,myopic_greedy,-3.1999999999999993,16.0,8.8,0.0
0.95,12.5,0.0,13.0,9.0,0.0,12.5,12.35,0.4500000000000004,6.4,12.8,possibility_preserving,0.3000000000000007,12.5,12.8,1.0
0.95,12.5,0.5,13.0,9.0,0.0,12.5,11.85,-0.0499999999999996,5.9,12.3,myopic_greedy,-0.1999999999999993,13.0,12.3,0.0
0.95,12.5,1.0,13.0,9.0,0.0,12.5,11.35,-0.5499999999999996,5.4,11.8,myopic_greedy,-0.6999999999999993,13.5,11.8,0.0
0.95,12.5,1.5,13.0,9.0,0.0,12.5,10.85,-1.0499999999999996,4.9,11.3,myopic_greedy,-1.1999999999999993,14.0,11.3,0.0
0.95,12.5,2.0,13.0,9.0,0.0,12.5,10.35,-1.5499999999999996,4.4,10.8,myopic_greedy,-1.6999999999999993,14.5,10.8,0.0
0.95,12.5,2.5,13.0,9.0,0.0,12.5,9.85,-2.05,3.9,10.3,myopic_greedy,-2.1999999999999993,15.0,10.3,0.0
0.95,12.5,3.0,13.0,9.0,0.0,12.5,9.35,-2.55,3.4,9.8,myopic_greedy,-2.6999999999999993,15.5,9.8,0.0
0.95,12.5,3.5,13.0,9.0,0.0,12.5,8.85,-3.05,2.9,9.3,myopic_greedy,-3.1999999999999993,16.0,9.3,0.0
0.95,12.5,4.0,13.0,9.0,0.0,12.5,8.35,-3.55,2.4,8.8,myopic_greedy,-3.6999999999999993,16.5,8.8,0.0
0.95,13.0,0.0,13.0,9.0,0.0,13.0,12.35,0.4500000000000004,6.4,12.8,myopic_greedy,-0.1999999999999993,13.0,12.8,0.0
0.95,13.0,0.5,13.0,9.0,0.0,13.0,11.85,-0.0499999999999996,5.9,12.3,myopic_greedy,-0.6999999999999993,13.5,12.3,0.0
0.95,13.0,1.0,13.0,9.0,0.0,13.0,11.35,-0.5499999999999996,5.4,11.8,myopic_greedy,-1.1999999999999993,14.0,11.8,0.0
0.95,13.0,1.5,13.0,9.0,0.0,13.0,10.85,-1.0499999999999996,4.9,11.3,myopic_greedy,-1.6999999999999993,14.5,11.3,0.0
0.95,13.0,2.0,13.0,9.0,0.0,13.0,10.35,-1.5499999999999996,4.4,10.8,myopic_greedy,-2.1999999999999993,15.0,10.8,0.0
0.95,13.0,2.5,13.0,9.0,0.0,13.0,9.85,-2.05,3.9,10.3,myopic_greedy,-2.6999999999999993,15.5,10.3,0.0
0.95,13.0,3.0,13.0,9.0,0.0,13.0,9.35,-2.55,3.4,9.8,myopic_greedy,-3.1999999999999993,16.0,9.8,0.0
0.95,13.0,3.5,13.0,9.0,0.0,13.0,8.85,-3.05,2.9,9.3,myopic_greedy,-3.6999999999999993,16.5,9.3,0.0
0.95,13.0,4.0,13.0,9.0,0.0,13.0,8.35,-3.55,2.4,8.8,myopic_greedy,-4.199999999999999,17.0,8.8,0.0
0.95,13.5,0.0,13.0,9.0,0.0,13.5,12.35,0.4500000000000004,6.4,12.8,myopic_greedy,-0.6999999999999993,13.5,12.8,0.0
0.95,13.5,0.5,13.0,9.0,0.0,13.5,11.85,-0.0499999999999996,5.9,12.3,myopic_greedy,-1.1999999999999993,14.0,12.3,0.0
0.95,13.5,1.0,13.0,9.0,0.0,13.5,11.35,-0.5499999999999996,5.4,11.8,myopic_greedy,-1.6999999999999993,14.5,11.8,0.0
0.95,13.5,1.5,13.0,9.0,0.0,13.5,10.85,-1.0499999999999996,4.9,11.3,myopic_greedy,-2.1999999999999993,15.0,11.3,0.0
0.95,13.5,2.0,13.0,9.0,0.0,13.5,10.35,-1.5499999999999996,4.4,10.8,myopic_greedy,-2.6999999999999993,15.5,10.8,0.0
0.95,13.5,2.5,13.0,9.0,0.0,13.5,9.85,-2.05,3.9,10.3,myopic_greedy,-3.1999999999999993,16.0,10.3,0.0
0.95,13.5,3.0,13.0,9.0,0.0,13.5,9.35,-2.55,3.4,9.8,myopic_greedy,-3.6999999999999993,16.5,9.8,0.0
0.95,13.5,3.5,13.0,9.0,0.0,13.5,8.85,-3.05,2.9,9.3,myopic_greedy,-4.199999999999999,17.0,9.3,0.0
0.95,13.5,4.0,13.0,9.0,0.0,13.5,8.35,-3.55,2.4,8.8,myopic_greedy,-4.699999999999999,17.5,8.8,0.0
0.95,14.0,0.0,13.0,9.0,0.0,14.0,12.35,0.4500000000000004,6.4,12.8,myopic_greedy,-1.1999999999999993,14.0,12.8,0.0
0.95,14.0,0.5,13.0,9.0,0.0,14.0,11.85,-0.0499999999999996,5.9,12.3,myopic_greedy,-1.6999999999999993,14.5,12.3,0.0
0.95,14.0,1.0,13.0,9.0,0.0,14.0,11.35,-0.5499999999999996,5.4,11.8,myopic_greedy,-2.1999999999999993,15.0,11.8,0.0
0.95,14.0,1.5,13.0,9.0,0.0,14.0,10.85,-1.0499999999999996,4.9,11.3,myopic_greedy,-2.6999999999999993,15.5,11.3,0.0
0.95,14.0,2.0,13.0,9.0,0.0,14.0,10.35,-1.5499999999999996,4.4,10.8,myopic_greedy,-3.1999999999999993,16.0,10.8,0.0
0.95,14.0,2.5,13.0,9.0,0.0,14.0,9.85,-2.05,3.9,10.3,myopic_greedy,-3.6999999999999993,16.5,10.3,0.0
0.95,14.0,3.0,13.0,9.0,0.0,14.0,9.35,-2.55,3.4,9.8,myopic_greedy,-4.199999999999999,17.0,9.8,0.0
0.95,14.0,3.5,13.0,9.0,0.0,14.0,8.85,-3.05,2.9,9.3,myopic_greedy,-4.699999999999999,17.5,9.3,0.0
0.95,14.0,4.0,13.0,9.0,0.0,14.0,8.35,-3.55,2.4,8.8,myopic_greedy,-5.199999999999999,18.0,8.8,0.0
0.95,14.5,0.0,13.0,9.0,0.0,14.5,12.35,0.4500000000000004,6.4,12.8,myopic_greedy,-1.6999999999999993,14.5,12.8,0.0
0.95,14.5,0.5,13.0,9.0,0.0,14.5,11.85,-0.0499999999999996,5.9,12.3,myopic_greedy,-2.1999999999999993,15.0,12.3,0.0
0.95,14.5,1.0,13.0,9.0,0.0,14.5,11.35,-0.5499999999999996,5.4,11.8,myopic_greedy,-2.6999999999999993,15.5,11.8,0.0
0.95,14.5,1.5,13.0,9.0,0.0,14.5,10.85,-1.0499999999999996,4.9,11.3,myopic_greedy,-3.1999999999999993,16.0,11.3,0.0
0.95,14.5,2.0,13.0,9.0,0.0,14.5,10.35,-1.5499999999999996,4.4,10.8,myopic_greedy,-3.6999999999999993,16.5,10.8,0.0
0.95,14.5,2.5,13.0,9.0,0.0,14.5,9.85,-2.05,3.9,10.3,myopic_greedy,-4.199999999999999,17.0,10.3,0.0
0.95,14.5,3.0,13.0,9.0,0.0,14.5,9.35,-2.55,3.4,9.8,myopic_greedy,-4.699999999999999,17.5,9.8,0.0
0.95,14.5,3.5,13.0,9.0,0.0,14.5,8.85,-3.05,2.9,9.3,myopic_greedy,-5.199999999999999,18.0,9.3,0.0
0.95,14.5,4.0,13.0,9.0,0.0,14.5,8.35,-3.55,2.4,8.8,myopic_greedy,-5.699999999999999,18.5,8.8,0.0
0.95,15.0,0.0,13.0,9.0,0.0,15.0,12.35,0.4500000000000004,6.4,12.8,myopic_greedy,-2.1999999999999993,15.0,12.8,0.0
0.95,15.0,0.5,13.0,9.0,0.0,15.0,11.85,-0.0499999999999996,5.9,12.3,myopic_greedy,-2.6999999999999993,15.5,12.3,0.0
0.95,15.0,1.0,13.0,9.0,0.0,15.0,11.35,-0.5499999999999996,5.4,11.8,myopic_greedy,-3.1999999999999993,16.0,11.8,0.0
0.95,15.0,1.5,13.0,9.0,0.0,15.0,10.85,-1.0499999999999996,4.9,11.3,myopic_greedy,-3.6999999999999993,16.5,11.3,0.0
0.95,15.0,2.0,13.0,9.0,0.0,15.0,10.35,-1.5499999999999996,4.4,10.8,myopic_greedy,-4.199999999999999,17.0,10.8,0.0
0.95,15.0,2.5,13.0,9.0,0.0,15.0,9.85,-2.05,3.9,10.3,myopic_greedy,-4.699999999999999,17.5,10.3,0.0
0.95,15.0,3.0,13.0,9.0,0.0,15.0,9.35,-2.55,3.4,9.8,myopic_greedy,-5.199999999999999,18.0,9.8,0.0
0.95,15.0,3.5,13.0,9.0,0.0,15.0,8.85,-3.05,2.9,9.3,myopic_greedy,-5.699999999999999,18.5,9.3,0.0
0.95,15.0,4.0,13.0,9.0,0.0,15.0,8.35,-3.55,2.4,8.8,myopic_greedy,-6.199999999999999,19.0,8.8,0.0
0.95,15.5,0.0,13.0,9.0,0.0,15.5,12.35,0.4500000000000004,6.4,12.8,myopic_greedy,-2.6999999999999993,15.5,12.8,0.0
0.95,15.5,0.5,13.0,9.0,0.0,15.5,11.85,-0.0499999999999996,5.9,12.3,myopic_greedy,-3.1999999999999993,16.0,12.3,0.0
0.95,15.5,1.0,13.0,9.0,0.0,15.5,11.35,-0.5499999999999996,5.4,11.8,myopic_greedy,-3.6999999999999993,16.5,11.8,0.0
0.95,15.5,1.5,13.0,9.0,0.0,15.5,10.85,-1.0499999999999996,4.9,11.3,myopic_greedy,-4.199999999999999,17.0,11.3,0.0
0.95,15.5,2.0,13.0,9.0,0.0,15.5,10.35,-1.5499999999999996,4.4,10.8,myopic_greedy,-4.699999999999999,17.5,10.8,0.0
0.95,15.5,2.5,13.0,9.0,0.0,15.5,9.85,-2.05,3.9,10.3,myopic_greedy,-5.199999999999999,18.0,10.3,0.0
0.95,15.5,3.0,13.0,9.0,0.0,15.5,9.35,-2.55,3.4,9.8,myopic_greedy,-5.699999999999999,18.5,9.8,0.0
0.95,15.5,3.5,13.0,9.0,0.0,15.5,8.85,-3.05,2.9,9.3,myopic_greedy,-6.199999999999999,19.0,9.3,0.0
0.95,15.5,4.0,13.0,9.0,0.0,15.5,8.35,-3.55,2.4,8.8,myopic_greedy,-6.699999999999999,19.5,8.8,0.0
0.95,16.0,0.0,13.0,9.0,0.0,16.0,12.35,0.4500000000000004,6.4,12.8,myopic_greedy,-3.1999999999999993,16.0,12.8,0.0
0.95,16.0,0.5,13.0,9.0,0.0,16.0,11.85,-0.0499999999999996,5.9,12.3,myopic_greedy,-3.6999999999999993,16.5,12.3,0.0
0.95,16.0,1.0,13.0,9.0,0.0,16.0,11.35,-0.5499999999999996,5.4,11.8,myopic_greedy,-4.199999999999999,17.0,11.8,0.0
0.95,16.0,1.5,13.0,9.0,0.0,16.0,10.85,-1.0499999999999996,4.9,11.3,myopic_greedy,-4.699999999999999,17.5,11.3,0.0
0.95,16.0,2.0,13.0,9.0,0.0,16.0,10.35,-1.5499999999999996,4.4,10.8,myopic_greedy,-5.199999999999999,18.0,10.8,0.0
0.95,16.0,2.5,13.0,9.0,0.0,16.0,9.85,-2.05,3.9,10.3,myopic_greedy,-5.699999999999999,18.5,10.3,0.0
0.95,16.0,3.0,13.0,9.0,0.0,16.0,9.35,-2.55,3.4,9.8,myopic_greedy,-6.199999999999999,19.0,9.8,0.0
0.95,16.0,3.5,13.0,9.0,0.0,16.0,8.85,-3.05,2.9,9.3,myopic_greedy,-6.699999999999999,19.5,9.3,0.0
0.95,16.0,4.0,13.0,9.0,0.0,16.0,8.35,-3.55,2.4,8.8,myopic_greedy,-7.199999999999999,20.0,8.8,0.0
0.95,16.5,0.0,13.0,9.0,0.0,16.5,12.35,0.4500000000000004,6.4,12.8,myopic_greedy,-3.6999999999999993,16.5,12.8,0.0
0.95,16.5,0.5,13.0,9.0,0.0,16.5,11.85,-0.0499999999999996,5.9,12.3,myopic_greedy,-4.199999999999999,17.0,12.3,0.0
0.95,16.5,1.0,13.0,9.0,0.0,16.5,11.35,-0.5499999999999996,5.4,11.8,myopic_greedy,-4.699999999999999,17.5,11.8,0.0
0.95,16.5,1.5,13.0,9.0,0.0,16.5,10.85,-1.0499999999999996,4.9,11.3,myopic_greedy,-5.199999999999999,18.0,11.3,0.0
0.95,16.5,2.0,13.0,9.0,0.0,16.5,10.35,-1.5499999999999996,4.4,10.8,myopic_greedy,-5.699999999999999,18.5,10.8,0.0
0.95,16.5,2.5,13.0,9.0,0.0,16.5,9.85,-2.05,3.9,10.3,myopic_greedy,-6.199999999999999,19.0,10.3,0.0
0.95,16.5,3.0,13.0,9.0,0.0,16.5,9.35,-2.55,3.4,9.8,myopic_greedy,-6.699999999999999,19.5,9.8,0.0
0.95,16.5,3.5,13.0,9.0,0.0,16.5,8.85,-3.05,2.9,9.3,myopic_greedy,-7.199999999999999,20.0,9.3,0.0
0.95,16.5,4.0,13.0,9.0,0.0,16.5,8.35,-3.55,2.4,8.8,myopic_greedy,-7.699999999999999,20.5,8.8,0.0
0.95,17.0,0.0,13.0,9.0,0.0,17.0,12.35,0.4500000000000004,6.4,12.8,myopic_greedy,-4.199999999999999,17.0,12.8,0.0
0.95,17.0,0.5,13.0,9.0,0.0,17.0,11.85,-0.0499999999999996,5.9,12.3,myopic_greedy,-4.699999999999999,17.5,12.3,0.0
0.95,17.0,1.0,13.0,9.0,0.0,17.0,11.35,-0.5499999999999996,5.4,11.8,myopic_greedy,-5.199999999999999,18.0,11.8,0.0
0.95,17.0,1.5,13.0,9.0,0.0,17.0,10.85,-1.0499999999999996,4.9,11.3,myopic_greedy,-5.699999999999999,18.5,11.3,0.0
0.95,17.0,2.0,13.0,9.0,0.0,17.0,10.35,-1.5499999999999996,4.4,10.8,myopic_greedy,-6.199999999999999,19.0,10.8,0.0
0.95,17.0,2.5,13.0,9.0,0.0,17.0,9.85,-2.05,3.9,10.3,myopic_greedy,-6.699999999999999,19.5,10.3,0.0
0.95,17.0,3.0,13.0,9.0,0.0,17.0,9.35,-2.55,3.4,9.8,myopic_greedy,-7.199999999999999,20.0,9.8,0.0
0.95,17.0,3.5,13.0,9.0,0.0,17.0,8.85,-3.05,2.9,9.3,myopic_greedy,-7.699999999999999,20.5,9.3,0.0
0.95,17.0,4.0,13.0,9.0,0.0,17.0,8.35,-3.55,2.4,8.8,myopic_greedy,-8.2,21.0,8.8,0.0
0.95,17.5,0.0,13.0,9.0,0.0,17.5,12.35,0.4500000000000004,6.4,12.8,myopic_greedy,-4.699999999999999,17.5,12.8,0.0
0.95,17.5,0.5,13.0,9.0,0.0,17.5,11.85,-0.0499999999999996,5.9,12.3,myopic_greedy,-5.199999999999999,18.0,12.3,0.0
0.95,17.5,1.0,13.0,9.0,0.0,17.5,11.35,-0.5499999999999996,5.4,11.8,myopic_greedy,-5.699999999999999,18.5,11.8,0.0
0.95,17.5,1.5,13.0,9.0,0.0,17.5,10.85,-1.0499999999999996,4.9,11.3,myopic_greedy,-6.199999999999999,19.0,11.3,0.0
0.95,17.5,2.0,13.0,9.0,0.0,17.5,10.35,-1.5499999999999996,4.4,10.8,myopic_greedy,-6.699999999999999,19.5,10.8,0.0
0.95,17.5,2.5,13.0,9.0,0.0,17.5,9.85,-2.05,3.9,10.3,myopic_greedy,-7.199999999999999,20.0,10.3,0.0
0.95,17.5,3.0,13.0,9.0,0.0,17.5,9.35,-2.55,3.4,9.8,myopic_greedy,-7.699999999999999,20.5,9.8,0.0
0.95,17.5,3.5,13.0,9.0,0.0,17.5,8.85,-3.05,2.9,9.3,myopic_greedy,-8.2,21.0,9.3,0.0
0.95,17.5,4.0,13.0,9.0,0.0,17.5,8.35,-3.55,2.4,8.8,myopic_greedy,-8.7,21.5,8.8,0.0
0.95,18.0,0.0,13.0,9.0,0.0,18.0,12.35,0.4500000000000004,6.4,12.8,myopic_greedy,-5.199999999999999,18.0,12.8,0.0
0.95,18.0,0.5,13.0,9.0,0.0,18.0,11.85,-0.0499999999999996,5.9,12.3,myopic_greedy,-5.699999999999999,18.5,12.3,0.0
0.95,18.0,1.0,13.0,9.0,0.0,18.0,11.35,-0.5499999999999996,5.4,11.8,myopic_greedy,-6.199999999999999,19.0,11.8,0.0
0.95,18.0,1.5,13.0,9.0,0.0,18.0,10.85,-1.0499999999999996,4.9,11.3,myopic_greedy,-6.699999999999999,19.5,11.3,0.0
0.95,18.0,2.0,13.0,9.0,0.0,18.0,10.35,-1.5499999999999996,4.4,10.8,myopic_greedy,-7.199999999999999,20.0,10.8,0.0
0.95,18.0,2.5,13.0,9.0,0.0,18.0,9.85,-2.05,3.9,10.3,myopic_greedy,-7.699999999999999,20.5,10.3,0.0
0.95,18.0,3.0,13.0,9.0,0.0,18.0,9.35,-2.55,3.4,9.8,myopic_greedy,-8.2,21.0,9.8,0.0
0.95,18.0,3.5,13.0,9.0,0.0,18.0,8.85,-3.05,2.9,9.3,myopic_greedy,-8.7,21.5,9.3,0.0
0.95,18.0,4.0,13.0,9.0,0.0,18.0,8.35,-3.55,2.4,8.8,myopic_greedy,-9.2,22.0,8.8,0.0
