controller,episode,t,p_decoy,p_threat,p_fragile,entropy,entropy_norm,role_collapse_kl,non_decoy_rate,useful_nondecoy_consensus,decoy_trap_consensus
nearest_only,0,0,1.0,0.0,0.0,-1.4428232973175177e-12,-9.103201474236991e-13,1.5849625007182713,0.0,0.0,1.0000000000009104
nearest_only,0,1,1.0,0.0,0.0,-1.4428232973175177e-12,-9.103201474236991e-13,1.5849625007182713,0.0,0.0,1.0000000000009104
nearest_only,0,2,1.0,0.0,0.0,-1.4428232973175177e-12,-9.103201474236991e-13,1.5849625007182713,0.0,0.0,1.0000000000009104
nearest_only,0,3,1.0,0.0,0.0,-1.4428232973175177e-12,-9.103201474236991e-13,1.5849625007182713,0.0,0.0,1.0000000000009104
nearest_only,0,4,1.0,0.0,0.0,-1.4428232973175177e-12,-9.103201474236991e-13,1.5849625007182713,0.0,0.0,1.0000000000009104
nearest_only,0,5,1.0,0.0,0.0,-1.4428232973175177e-12,-9.103201474236991e-13,1.5849625007182713,0.0,0.0,1.0000000000009104
nearest_only,0,6,1.0,0.0,0.0,-1.4428232973175177e-12,-9.103201474236991e-13,1.5849625007182713,0.0,0.0,1.0000000000009104
nearest_only,0,7,1.0,0.0,0.0,-1.4428232973175177e-12,-9.103201474236991e-13,1.5849625007182713,0.0,0.0,1.0000000000009104
nearest_only,0,8,1.0,0.0,0.0,-1.4428232973175177e-12,-9.103201474236991e-13,1.5849625007182713,0.0,0.0,1.0000000000009104
nearest_only,0,9,1.0,0.0,0.0,-1.4428232973175177e-12,-9.103201474236991e-13,1.5849625007182713,0.0,0.0,1.0000000000009104
nearest_only,0,10,1.0,0.0,0.0,-1.4428232973175177e-12,-9.103201474236991e-13,1.5849625007182713,0.0,0.0,1.0000000000009104
nearest_only,0,11,1.0,0.0,0.0,-1.4428232973175177e-12,-9.103201474236991e-13,1.5849625007182713,0.0,0.0,1.0000000000009104
nearest_only,0,12,1.0,0.0,0.0,-1.4428232973175177e-12,-9.103201474236991e-13,1.5849625007182713,0.0,0.0,1.0000000000009104
nearest_only,0,13,1.0,0.0,0.0,-1.4428232973175177e-12,-9.103201474236991e-13,1.5849625007182713,0.0,0.0,1.0000000000009104
nearest_only,0,14,1.0,0.0,0.0,-1.4428232973175177e-12,-9.103201474236991e-13,1.5849625007182713,0.0,0.0,1.0000000000009104
nearest_only,0,15,1.0,0.0,0.0,-1.4428232973175177e-12,-9.103201474236991e-13,1.5849625007182713,0.0,0.0,1.0000000000009104
nearest_only,0,16,1.0,0.0,0.0,-1.4428232973175177e-12,-9.103201474236991e-13,1.5849625007182713,0.0,0.0,1.0000000000009104
nearest_only,0,17,1.0,0.0,0.0,-1.4428232973175177e-12,-9.103201474236991e-13,1.5849625007182713,0.0,0.0,1.0000000000009104
nearest_only,0,18,1.0,0.0,0.0,-1.4428232973175177e-12,-9.103201474236991e-13,1.5849625007182713,0.0,0.0,1.0000000000009104
nearest_only,0,19,1.0,0.0,0.0,-1.4428232973175177e-12,-9.103201474236991e-13,1.5849625007182713,0.0,0.0,1.0000000000009104
nearest_only,0,20,1.0,0.0,0.0,-1.4428232973175177e-12,-9.103201474236991e-13,1.5849625007182713,0.0,0.0,1.0000000000009104
nearest_only,0,21,0.0,0.0,1.0,-1.4428232973175177e-12,-9.103201474236991e-13,1.5849625007182713,1.0,1.0000000000009104,0.0
nearest_only,0,22,0.0,0.0,1.0,-1.4428232973175177e-12,-9.103201474236991e-13,1.5849625007182713,1.0,1.0000000000009104,0.0
nearest_only,0,23,0.0,0.0,1.0,-1.4428232973175177e-12,-9.103201474236991e-13,1.5849625007182713,1.0,1.0000000000009104,0.0
nearest_only,0,24,0.0,0.0,1.0,-1.4428232973175177e-12,-9.103201474236991e-13,1.5849625007182713,1.0,1.0000000000009104,0.0
nearest_only,1,0,1.0,0.0,0.0,-1.4428232973175177e-12,-9.103201474236991e-13,1.5849625007182713,0.0,0.0,1.0000000000009104
nearest_only,1,1,1.0,0.0,0.0,-1.4428232973175177e-12,-9.103201474236991e-13,1.5849625007182713,0.0,0.0,1.0000000000009104
nearest_only,1,2,1.0,0.0,0.0,-1.4428232973175177e-12,-9.103201474236991e-13,1.5849625007182713,0.0,0.0,1.0000000000009104
nearest_only,1,3,1.0,0.0,0.0,-1.4428232973175177e-12,-9.103201474236991e-13,1.5849625007182713,0.0,0.0,1.0000000000009104
nearest_only,1,4,1.0,0.0,0.0,-1.4428232973175177e-12,-9.103201474236991e-13,1.5849625007182713,0.0,0.0,1.0000000000009104
nearest_only,1,5,1.0,0.0,0.0,-1.4428232973175177e-12,-9.103201474236991e-13,1.5849625007182713,0.0,0.0,1.0000000000009104
nearest_only,1,6,1.0,0.0,0.0,-1.4428232973175177e-12,-9.103201474236991e-13,1.5849625007182713,0.0,0.0,1.0000000000009104
nearest_only,1,7,1.0,0.0,0.0,-1.4428232973175177e-12,-9.103201474236991e-13,1.5849625007182713,0.0,0.0,1.0000000000009104
nearest_only,1,8,1.0,0.0,0.0,-1.4428232973175177e-12,-9.103201474236991e-13,1.5849625007182713,0.0,0.0,1.0000000000009104
nearest_only,1,9,1.0,0.0,0.0,-1.4428232973175177e-12,-9.103201474236991e-13,1.5849625007182713,0.0,0.0,1.0000000000009104
nearest_only,1,10,1.0,0.0,0.0,-1.4428232973175177e-12,-9.103201474236991e-13,1.5849625007182713,0.0,0.0,1.0000000000009104
nearest_only,1,11,1.0,0.0,0.0,-1.4428232973175177e-12,-9.103201474236991e-13,1.5849625007182713,0.0,0.0,1.0000000000009104
nearest_only,1,12,1.0,0.0,0.0,-1.4428232973175177e-12,-9.103201474236991e-13,1.5849625007182713,0.0,0.0,1.0000000000009104
nearest_only,1,13,1.0,0.0,0.0,-1.4428232973175177e-12,-9.103201474236991e-13,1.5849625007182713,0.0,0.0,1.0000000000009104
nearest_only,1,14,1.0,0.0,0.0,-1.4428232973175177e-12,-9.103201474236991e-13,1.5849625007182713,0.0,0.0,1.0000000000009104
nearest_only,1,15,1.0,0.0,0.0,-1.4428232973175177e-12,-9.103201474236991e-13,1.5849625007182713,0.0,0.0,1.0000000000009104
nearest_only,1,16,1.0,0.0,0.0,-1.4428232973175177e-12,-9.103201474236991e-13,1.5849625007182713,0.0,0.0,1.0000000000009104
nearest_only,1,17,1.0,0.0,0.0,-1.4428232973175177e-12,-9.103201474236991e-13,1.5849625007182713,0.0,0.0,1.0000000000009104
nearest_only,1,18,1.0,0.0,0.0,-1.4428232973175177e-12,-9.103201474236991e-13,1.5849625007182713,0.0,0.0,1.0000000000009104
nearest_only,1,19,1.0,0.0,0.0,-1.4428232973175177e-12,-9.103201474236991e-13,1.5849625007182713,0.0,0.0,1.0000000000009104
nearest_only,1,20,1.0,0.0,0.0,-1.4428232973175177e-12,-9.103201474236991e-13,1.5849625007182713,0.0,0.0,1.0000000000009104
nearest_only,1,21,1.0,0.0,0.0,-1.4428232973175177e-12,-9.103201474236991e-13,1.5849625007182713,0.0,0.0,1.0000000000009104
nearest_only,1,22,1.0,0.0,0.0,-1.4428232973175177e-12,-9.103201474236991e-13,1.5849625007182713,0.0,0.0,1.0000000000009104
nearest_only,1,23,0.0,1.0,0.0,-1.4428232973175177e-12,-9.103201474236991e-13,1.5849625007182713,1.0,1.0000000000009104,0.0
nearest_only,1,24,0.0,1.0,0.0,-1.4428232973175177e-12,-9.103201474236991e-13,1.5849625007182713,1.0,1.0000000000009104,0.0
nearest_only,2,0,1.0,0.0,0.0,-1.4428232973175177e-12,-9.103201474236991e-13,1.5849625007182713,0.0,0.0,1.0000000000009104
nearest_only,2,1,1.0,0.0,0.0,-1.4428232973175177e-12,-9.103201474236991e-13,1.5849625007182713,0.0,0.0,1.0000000000009104
nearest_only,2,2,1.0,0.0,0.0,-1.4428232973175177e-12,-9.103201474236991e-13,1.5849625007182713,0.0,0.0,1.0000000000009104
nearest_only,2,3,1.0,0.0,0.0,-1.4428232973175177e-12,-9.103201474236991e-13,1.5849625007182713,0.0,0.0,1.0000000000009104
nearest_only,2,4,1.0,0.0,0.0,-1.4428232973175177e-12,-9.103201474236991e-13,1.5849625007182713,0.0,0.0,1.0000000000009104
nearest_only,2,5,1.0,0.0,0.0,-1.4428232973175177e-12,-9.103201474236991e-13,1.5849625007182713,0.0,0.0,1.0000000000009104
nearest_only,2,6,1.0,0.0,0.0,-1.4428232973175177e-12,-9.103201474236991e-13,1.5849625007182713,0.0,0.0,1.0000000000009104
nearest_only,2,7,1.0,0.0,0.0,-1.4428232973175177e-12,-9.103201474236991e-13,1.5849625007182713,0.0,0.0,1.0000000000009104
nearest_only,2,8,1.0,0.0,0.0,-1.4428232973175177e-12,-9.103201474236991e-13,1.5849625007182713,0.0,0.0,1.0000000000009104
nearest_only,2,9,1.0,0.0,0.0,-1.4428232973175177e-12,-9.103201474236991e-13,1.5849625007182713,0.0,0.0,1.0000000000009104
nearest_only,2,10,1.0,0.0,0.0,-1.4428232973175177e-12,-9.103201474236991e-13,1.5849625007182713,0.0,0.0,1.0000000000009104
nearest_only,2,11,1.0,0.0,0.0,-1.4428232973175177e-12,-9.103201474236991e-13,1.5849625007182713,0.0,0.0,1.0000000000009104
nearest_only,2,12,1.0,0.0,0.0,-1.4428232973175177e-12,-9.103201474236991e-13,1.5849625007182713,0.0,0.0,1.0000000000009104
nearest_only,2,13,1.0,0.0,0.0,-1.4428232973175177e-12,-9.103201474236991e-13,1.5849625007182713,0.0,0.0,1.0000000000009104
nearest_only,2,14,1.0,0.0,0.0,-1.4428232973175177e-12,-9.103201474236991e-13,1.5849625007182713,0.0,0.0,1.0000000000009104
nearest_only,2,15,1.0,0.0,0.0,-1.4428232973175177e-12,-9.103201474236991e-13,1.5849625007182713,0.0,0.0,1.0000000000009104
nearest_only,2,16,1.0,0.0,0.0,-1.4428232973175177e-12,-9.103201474236991e-13,1.5849625007182713,0.0,0.0,1.0000000000009104
nearest_only,2,17,1.0,0.0,0.0,-1.4428232973175177e-12,-9.103201474236991e-13,1.5849625007182713,0.0,0.0,1.0000000000009104
nearest_only,2,18,1.0,0.0,0.0,-1.4428232973175177e-12,-9.103201474236991e-13,1.5849625007182713,0.0,0.0,1.0000000000009104
nearest_only,2,19,1.0,0.0,0.0,-1.4428232973175177e-12,-9.103201474236991e-13,1.5849625007182713,0.0,0.0,1.0000000000009104
nearest_only,2,20,1.0,0.0,0.0,-1.4428232973175177e-12,-9.103201474236991e-13,1.5849625007182713,0.0,0.0,1.0000000000009104
nearest_only,2,21,0.0,1.0,0.0,-1.4428232973175177e-12,-9.103201474236991e-13,1.5849625007182713,1.0,1.0000000000009104,0.0
nearest_only,2,22,0.0,1.0,0.0,-1.4428232973175177e-12,-9.103201474236991e-13,1.5849625007182713,1.0,1.0000000000009104,0.0
nearest_only,2,23,0.0,1.0,0.0,-1.4428232973175177e-12,-9.103201474236991e-13,1.5849625007182713,1.0,1.0000000000009104,0.0
nearest_only,2,24,0.0,1.0,0.0,-1.4428232973175177e-12,-9.103201474236991e-13,1.5849625007182713,1.0,1.0000000000009104,0.0
nearest_only,3,0,1.0,0.0,0.0,-1.4428232973175177e-12,-9.103201474236991e-13,1.5849625007182713,0.0,0.0,1.0000000000009104
nearest_only,3,1,1.0,0.0,0.0,-1.4428232973175177e-12,-9.103201474236991e-13,1.5849625007182713,0.0,0.0,1.0000000000009104
nearest_only,3,2,1.0,0.0,0.0,-1.4428232973175177e-12,-9.103201474236991e-13,1.5849625007182713,0.0,0.0,1.0000000000009104
nearest_only,3,3,1.0,0.0,0.0,-1.4428232973175177e-12,-9.103201474236991e-13,1.5849625007182713,0.0,0.0,1.0000000000009104
nearest_only,3,4,1.0,0.0,0.0,-1.4428232973175177e-12,-9.103201474236991e-13,1.5849625007182713,0.0,0.0,1.0000000000009104
nearest_only,3,5,1.0,0.0,0.0,-1.4428232973175177e-12,-9.103201474236991e-13,1.5849625007182713,0.0,0.0,1.0000000000009104
nearest_only,3,6,1.0,0.0,0.0,-1.4428232973175177e-12,-9.103201474236991e-13,1.5849625007182713,0.0,0.0,1.0000000000009104
nearest_only,3,7,1.0,0.0,0.0,-1.4428232973175177e-12,-9.103201474236991e-13,1.5849625007182713,0.0,0.0,1.0000000000009104
nearest_only,3,8,1.0,0.0,0.0,-1.4428232973175177e-12,-9.103201474236991e-13,1.5849625007182713,0.0,0.0,1.0000000000009104
nearest_only,3,9,1.0,0.0,0.0,-1.4428232973175177e-12,-9.103201474236991e-13,1.5849625007182713,0.0,0.0,1.0000000000009104
nearest_only,3,10,1.0,0.0,0.0,-1.4428232973175177e-12,-9.103201474236991e-13,1.5849625007182713,0.0,0.0,1.0000000000009104
nearest_only,3,11,1.0,0.0,0.0,-1.4428232973175177e-12,-9.103201474236991e-13,1.5849625007182713,0.0,0.0,1.0000000000009104
nearest_only,3,12,1.0,0.0,0.0,-1.4428232973175177e-12,-9.103201474236991e-13,1.5849625007182713,0.0,0.0,1.0000000000009104
nearest_only,3,13,1.0,0.0,0.0,-1.4428232973175177e-12,-9.103201474236991e-13,1.5849625007182713,0.0,0.0,1.0000000000009104
nearest_only,3,14,1.0,0.0,0.0,-1.4428232973175177e-12,-9.103201474236991e-13,1.5849625007182713,0.0,0.0,1.0000000000009104
nearest_only,3,15,1.0,0.0,0.0,-1.4428232973175177e-12,-9.103201474236991e-13,1.5849625007182713,0.0,0.0,1.0000000000009104
nearest_only,3,16,1.0,0.0,0.0,-1.4428232973175177e-12,-9.103201474236991e-13,1.5849625007182713,0.0,0.0,1.0000000000009104
nearest_only,3,17,1.0,0.0,0.0,-1.4428232973175177e-12,-9.103201474236991e-13,1.5849625007182713,0.0,0.0,1.0000000000009104
nearest_only,3,18,1.0,0.0,0.0,-1.4428232973175177e-12,-9.103201474236991e-13,1.5849625007182713,0.0,0.0,1.0000000000009104
nearest_only,3,19,1.0,0.0,0.0,-1.4428232973175177e-12,-9.103201474236991e-13,1.5849625007182713,0.0,0.0,1.0000000000009104
nearest_only,3,20,1.0,0.0,0.0,-1.4428232973175177e-12,-9.103201474236991e-13,1.5849625007182713,0.0,0.0,1.0000000000009104
nearest_only,3,21,1.0,0.0,0.0,-1.4428232973175177e-12,-9.103201474236991e-13,1.5849625007182713,0.0,0.0,1.0000000000009104
nearest_only,3,22,0.0,1.0,0.0,-1.4428232973175177e-12,-9.103201474236991e-13,1.5849625007182713,1.0,1.0000000000009104,0.0
nearest_only,3,23,0.0,1.0,0.0,-1.4428232973175177e-12,-9.103201474236991e-13,1.5849625007182713,1.0,1.0000000000009104,0.0
nearest_only,3,24,0.0,1.0,0.0,-1.4428232973175177e-12,-9.103201474236991e-13,1.5849625007182713,1.0,1.0000000000009104,0.0
nearest_only,4,0,1.0,0.0,0.0,-1.4428232973175177e-12,-9.103201474236991e-13,1.5849625007182713,0.0,0.0,1.0000000000009104
nearest_only,4,1,1.0,0.0,0.0,-1.4428232973175177e-12,-9.103201474236991e-13,1.5849625007182713,0.0,0.0,1.0000000000009104
nearest_only,4,2,1.0,0.0,0.0,-1.4428232973175177e-12,-9.103201474236991e-13,1.5849625007182713,0.0,0.0,1.0000000000009104
nearest_only,4,3,1.0,0.0,0.0,-1.4428232973175177e-12,-9.103201474236991e-13,1.5849625007182713,0.0,0.0,1.0000000000009104
nearest_only,4,4,1.0,0.0,0.0,-1.4428232973175177e-12,-9.103201474236991e-13,1.5849625007182713,0.0,0.0,1.0000000000009104
nearest_only,4,5,1.0,0.0,0.0,-1.4428232973175177e-12,-9.103201474236991e-13,1.5849625007182713,0.0,0.0,1.0000000000009104
nearest_only,4,6,1.0,0.0,0.0,-1.4428232973175177e-12,-9.103201474236991e-13,1.5849625007182713,0.0,0.0,1.0000000000009104
nearest_only,4,7,1.0,0.0,0.0,-1.4428232973175177e-12,-9.103201474236991e-13,1.5849625007182713,0.0,0.0,1.0000000000009104
nearest_only,4,8,1.0,0.0,0.0,-1.4428232973175177e-12,-9.103201474236991e-13,1.5849625007182713,0.0,0.0,1.0000000000009104
nearest_only,4,9,1.0,0.0,0.0,-1.4428232973175177e-12,-9.103201474236991e-13,1.5849625007182713,0.0,0.0,1.0000000000009104
nearest_only,4,10,1.0,0.0,0.0,-1.4428232973175177e-12,-9.103201474236991e-13,1.5849625007182713,0.0,0.0,1.0000000000009104
nearest_only,4,11,1.0,0.0,0.0,-1.4428232973175177e-12,-9.103201474236991e-13,1.5849625007182713,0.0,0.0,1.0000000000009104
nearest_only,4,12,1.0,0.0,0.0,-1.4428232973175177e-12,-9.103201474236991e-13,1.5849625007182713,0.0,0.0,1.0000000000009104
nearest_only,4,13,1.0,0.0,0.0,-1.4428232973175177e-12,-9.103201474236991e-13,1.5849625007182713,0.0,0.0,1.0000000000009104
nearest_only,4,14,1.0,0.0,0.0,-1.4428232973175177e-12,-9.103201474236991e-13,1.5849625007182713,0.0,0.0,1.0000000000009104
nearest_only,4,15,1.0,0.0,0.0,-1.4428232973175177e-12,-9.103201474236991e-13,1.5849625007182713,0.0,0.0,1.0000000000009104
nearest_only,4,16,1.0,0.0,0.0,-1.4428232973175177e-12,-9.103201474236991e-13,1.5849625007182713,0.0,0.0,1.0000000000009104
nearest_only,4,17,1.0,0.0,0.0,-1.4428232973175177e-12,-9.103201474236991e-13,1.5849625007182713,0.0,0.0,1.0000000000009104
nearest_only,4,18,1.0,0.0,0.0,-1.4428232973175177e-12,-9.103201474236991e-13,1.5849625007182713,0.0,0.0,1.0000000000009104
nearest_only,4,19,1.0,0.0,0.0,-1.4428232973175177e-12,-9.103201474236991e-13,1.5849625007182713,0.0,0.0,1.0000000000009104
nearest_only,4,20,1.0,0.0,0.0,-1.4428232973175177e-12,-9.103201474236991e-13,1.5849625007182713,0.0,0.0,1.0000000000009104
nearest_only,4,21,1.0,0.0,0.0,-1.4428232973175177e-12,-9.103201474236991e-13,1.5849625007182713,0.0,0.0,1.0000000000009104
nearest_only,4,22,0.0,0.0,1.0,-1.4428232973175177e-12,-9.103201474236991e-13,1.5849625007182713,1.0,1.0000000000009104,0.0
nearest_only,4,23,0.0,0.0,1.0,-1.4428232973175177e-12,-9.103201474236991e-13,1.5849625007182713,1.0,1.0000000000009104,0.0
nearest_only,4,24,0.0,0.0,1.0,-1.4428232973175177e-12,-9.103201474236991e-13,1.5849625007182713,1.0,1.0000000000009104,0.0
nearest_only,5,0,1.0,0.0,0.0,-1.4428232973175177e-12,-9.103201474236991e-13,1.5849625007182713,0.0,0.0,1.0000000000009104
nearest_only,5,1,1.0,0.0,0.0,-1.4428232973175177e-12,-9.103201474236991e-13,1.5849625007182713,0.0,0.0,1.0000000000009104
nearest_only,5,2,1.0,0.0,0.0,-1.4428232973175177e-12,-9.103201474236991e-13,1.5849625007182713,0.0,0.0,1.0000000000009104
nearest_only,5,3,1.0,0.0,0.0,-1.4428232973175177e-12,-9.103201474236991e-13,1.5849625007182713,0.0,0.0,1.0000000000009104
nearest_only,5,4,1.0,0.0,0.0,-1.4428232973175177e-12,-9.103201474236991e-13,1.5849625007182713,0.0,0.0,1.0000000000009104
nearest_only,5,5,1.0,0.0,0.0,-1.4428232973175177e-12,-9.103201474236991e-13,1.5849625007182713,0.0,0.0,1.0000000000009104
nearest_only,5,6,1.0,0.0,0.0,-1.4428232973175177e-12,-9.103201474236991e-13,1.5849625007182713,0.0,0.0,1.0000000000009104
nearest_only,5,7,1.0,0.0,0.0,-1.4428232973175177e-12,-9.103201474236991e-13,1.5849625007182713,0.0,0.0,1.0000000000009104
nearest_only,5,8,1.0,0.0,0.0,-1.4428232973175177e-12,-9.103201474236991e-13,1.5849625007182713,0.0,0.0,1.0000000000009104
nearest_only,5,9,1.0,0.0,0.0,-1.4428232973175177e-12,-9.103201474236991e-13,1.5849625007182713,0.0,0.0,1.0000000000009104
nearest_only,5,10,1.0,0.0,0.0,-1.4428232973175177e-12,-9.103201474236991e-13,1.5849625007182713,0.0,0.0,1.0000000000009104
nearest_only,5,11,1.0,0.0,0.0,-1.4428232973175177e-12,-9.103201474236991e-13,1.5849625007182713,0.0,0.0,1.0000000000009104
nearest_only,5,12,1.0,0.0,0.0,-1.4428232973175177e-12,-9.103201474236991e-13,1.5849625007182713,0.0,0.0,1.0000000000009104
nearest_only,5,13,1.0,0.0,0.0,-1.4428232973175177e-12,-9.103201474236991e-13,1.5849625007182713,0.0,0.0,1.0000000000009104
nearest_only,5,14,1.0,0.0,0.0,-1.4428232973175177e-12,-9.103201474236991e-13,1.5849625007182713,0.0,0.0,1.0000000000009104
nearest_only,5,15,1.0,0.0,0.0,-1.4428232973175177e-12,-9.103201474236991e-13,1.5849625007182713,0.0,0.0,1.0000000000009104
nearest_only,5,16,1.0,0.0,0.0,-1.4428232973175177e-12,-9.103201474236991e-13,1.5849625007182713,0.0,0.0,1.0000000000009104
nearest_only,5,17,1.0,0.0,0.0,-1.4428232973175177e-12,-9.103201474236991e-13,1.5849625007182713,0.0,0.0,1.0000000000009104
nearest_only,5,18,1.0,0.0,0.0,-1.4428232973175177e-12,-9.103201474236991e-13,1.5849625007182713,0.0,0.0,1.0000000000009104
nearest_only,5,19,1.0,0.0,0.0,-1.4428232973175177e-12,-9.103201474236991e-13,1.5849625007182713,0.0,0.0,1.0000000000009104
nearest_only,5,20,1.0,0.0,0.0,-1.4428232973175177e-12,-9.103201474236991e-13,1.5849625007182713,0.0,0.0,1.0000000000009104
nearest_only,5,21,1.0,0.0,0.0,-1.4428232973175177e-12,-9.103201474236991e-13,1.5849625007182713,0.0,0.0,1.0000000000009104
nearest_only,5,22,1.0,0.0,0.0,-1.4428232973175177e-12,-9.103201474236991e-13,1.5849625007182713,0.0,0.0,1.0000000000009104
nearest_only,5,23,0.0,1.0,0.0,-1.4428232973175177e-12,-9.103201474236991e-13,1.5849625007182713,1.0,1.0000000000009104,0.0
nearest_only,5,24,0.0,1.0,0.0,-1.4428232973175177e-12,-9.103201474236991e-13,1.5849625007182713,1.0,1.0000000000009104,0.0
nearest_only,6,0,1.0,0.0,0.0,-1.4428232973175177e-12,-9.103201474236991e-13,1.5849625007182713,0.0,0.0,1.0000000000009104
nearest_only,6,1,1.0,0.0,0.0,-1.4428232973175177e-12,-9.103201474236991e-13,1.5849625007182713,0.0,0.0,1.0000000000009104
nearest_only,6,2,1.0,0.0,0.0,-1.4428232973175177e-12,-9.103201474236991e-13,1.5849625007182713,0.0,0.0,1.0000000000009104
nearest_only,6,3,1.0,0.0,0.0,-1.4428232973175177e-12,-9.103201474236991e-13,1.5849625007182713,0.0,0.0,1.0000000000009104
nearest_only,6,4,1.0,0.0,0.0,-1.4428232973175177e-12,-9.103201474236991e-13,1.5849625007182713,0.0,0.0,1.0000000000009104
nearest_only,6,5,1.0,0.0,0.0,-1.4428232973175177e-12,-9.103201474236991e-13,1.5849625007182713,0.0,0.0,1.0000000000009104
nearest_only,6,6,1.0,0.0,0.0,-1.4428232973175177e-12,-9.103201474236991e-13,1.5849625007182713,0.0,0.0,1.0000000000009104
nearest_only,6,7,1.0,0.0,0.0,-1.4428232973175177e-12,-9.103201474236991e-13,1.5849625007182713,0.0,0.0,1.0000000000009104
nearest_only,6,8,1.0,0.0,0.0,-1.4428232973175177e-12,-9.103201474236991e-13,1.5849625007182713,0.0,0.0,1.0000000000009104
nearest_only,6,9,1.0,0.0,0.0,-1.4428232973175177e-12,-9.103201474236991e-13,1.5849625007182713,0.0,0.0,1.0000000000009104
nearest_only,6,10,1.0,0.0,0.0,-1.4428232973175177e-12,-9.103201474236991e-13,1.5849625007182713,0.0,0.0,1.0000000000009104
nearest_only,6,11,1.0,0.0,0.0,-1.4428232973175177e-12,-9.103201474236991e-13,1.5849625007182713,0.0,0.0,1.0000000000009104
nearest_only,6,12,1.0,0.0,0.0,-1.4428232973175177e-12,-9.103201474236991e-13,1.5849625007182713,0.0,0.0,1.0000000000009104
nearest_only,6,13,1.0,0.0,0.0,-1.4428232973175177e-12,-9.103201474236991e-13,1.5849625007182713,0.0,0.0,1.0000000000009104
nearest_only,6,14,1.0,0.0,0.0,-1.4428232973175177e-12,-9.103201474236991e-13,1.5849625007182713,0.0,0.0,1.0000000000009104
nearest_only,6,15,1.0,0.0,0.0,-1.4428232973175177e-12,-9.103201474236991e-13,1.5849625007182713,0.0,0.0,1.0000000000009104
nearest_only,6,16,1.0,0.0,0.0,-1.4428232973175177e-12,-9.103201474236991e-13,1.5849625007182713,0.0,0.0,1.0000000000009104
nearest_only,6,17,1.0,0.0,0.0,-1.4428232973175177e-12,-9.103201474236991e-13,1.5849625007182713,0.0,0.0,1.0000000000009104
nearest_only,6,18,1.0,0.0,0.0,-1.4428232973175177e-12,-9.103201474236991e-13,1.5849625007182713,0.0,0.0,1.0000000000009104
nearest_only,6,19,1.0,0.0,0.0,-1.4428232973175177e-12,-9.103201474236991e-13,1.5849625007182713,0.0,0.0,1.0000000000009104
nearest_only,6,20,1.0,0.0,0.0,-1.4428232973175177e-12,-9.103201474236991e-13,1.5849625007182713,0.0,0.0,1.0000000000009104
nearest_only,6,21,1.0,0.0,0.0,-1.4428232973175177e-12,-9.103201474236991e-13,1.5849625007182713,0.0,0.0,1.0000000000009104
nearest_only,6,22,1.0,0.0,0.0,-1.4428232973175177e-12,-9.103201474236991e-13,1.5849625007182713,0.0,0.0,1.0000000000009104
nearest_only,6,23,0.0,1.0,0.0,-1.4428232973175177e-12,-9.103201474236991e-13,1.5849625007182713,1.0,1.0000000000009104,0.0
nearest_only,6,24,0.0,1.0,0.0,-1.4428232973175177e-12,-9.103201474236991e-13,1.5849625007182713,1.0,1.0000000000009104,0.0
nearest_only,7,0,1.0,0.0,0.0,-1.4428232973175177e-12,-9.103201474236991e-13,1.5849625007182713,0.0,0.0,1.0000000000009104
nearest_only,7,1,1.0,0.0,0.0,-1.4428232973175177e-12,-9.103201474236991e-13,1.5849625007182713,0.0,0.0,1.0000000000009104
nearest_only,7,2,1.0,0.0,0.0,-1.4428232973175177e-12,-9.103201474236991e-13,1.5849625007182713,0.0,0.0,1.0000000000009104
nearest_only,7,3,1.0,0.0,0.0,-1.4428232973175177e-12,-9.103201474236991e-13,1.5849625007182713,0.0,0.0,1.0000000000009104
nearest_only,7,4,1.0,0.0,0.0,-1.4428232973175177e-12,-9.103201474236991e-13,1.5849625007182713,0.0,0.0,1.0000000000009104
nearest_only,7,5,1.0,0.0,0.0,-1.4428232973175177e-12,-9.103201474236991e-13,1.5849625007182713,0.0,0.0,1.0000000000009104
nearest_only,7,6,1.0,0.0,0.0,-1.4428232973175177e-12,-9.103201474236991e-13,1.5849625007182713,0.0,0.0,1.0000000000009104
nearest_only,7,7,1.0,0.0,0.0,-1.4428232973175177e-12,-9.103201474236991e-13,1.5849625007182713,0.0,0.0,1.0000000000009104
nearest_only,7,8,1.0,0.0,0.0,-1.4428232973175177e-12,-9.103201474236991e-13,1.5849625007182713,0.0,0.0,1.0000000000009104
nearest_only,7,9,1.0,0.0,0.0,-1.4428232973175177e-12,-9.103201474236991e-13,1.5849625007182713,0.0,0.0,1.0000000000009104
nearest_only,7,10,1.0,0.0,0.0,-1.4428232973175177e-12,-9.103201474236991e-13,1.5849625007182713,0.0,0.0,1.0000000000009104
nearest_only,7,11,1.0,0.0,0.0,-1.4428232973175177e-12,-9.103201474236991e-13,1.5849625007182713,0.0,0.0,1.0000000000009104
nearest_only,7,12,1.0,0.0,0.0,-1.4428232973175177e-12,-9.103201474236991e-13,1.5849625007182713,0.0,0.0,1.0000000000009104
nearest_only,7,13,1.0,0.0,0.0,-1.4428232973175177e-12,-9.103201474236991e-13,1.5849625007182713,0.0,0.0,1.0000000000009104
nearest_only,7,14,1.0,0.0,0.0,-1.4428232973175177e-12,-9.103201474236991e-13,1.5849625007182713,0.0,0.0,1.0000000000009104
nearest_only,7,15,1.0,0.0,0.0,-1.4428232973175177e-12,-9.103201474236991e-13,1.5849625007182713,0.0,0.0,1.0000000000009104
nearest_only,7,16,1.0,0.0,0.0,-1.4428232973175177e-12,-9.103201474236991e-13,1.5849625007182713,0.0,0.0,1.0000000000009104
nearest_only,7,17,1.0,0.0,0.0,-1.4428232973175177e-12,-9.103201474236991e-13,1.5849625007182713,0.0,0.0,1.0000000000009104
nearest_only,7,18,1.0,0.0,0.0,-1.4428232973175177e-12,-9.103201474236991e-13,1.5849625007182713,0.0,0.0,1.0000000000009104
nearest_only,7,19,1.0,0.0,0.0,-1.4428232973175177e-12,-9.103201474236991e-13,1.5849625007182713,0.0,0.0,1.0000000000009104
nearest_only,7,20,1.0,0.0,0.0,-1.4428232973175177e-12,-9.103201474236991e-13,1.5849625007182713,0.0,0.0,1.0000000000009104
nearest_only,7,21,1.0,0.0,0.0,-1.4428232973175177e-12,-9.103201474236991e-13,1.5849625007182713,0.0,0.0,1.0000000000009104
nearest_only,7,22,1.0,0.0,0.0,-1.4428232973175177e-12,-9.103201474236991e-13,1.5849625007182713,0.0,0.0,1.0000000000009104
nearest_only,7,23,0.0,1.0,0.0,-1.4428232973175177e-12,-9.103201474236991e-13,1.5849625007182713,1.0,1.0000000000009104,0.0
nearest_only,7,24,0.0,1.0,0.0,-1.4428232973175177e-12,-9.103201474236991e-13,1.5849625007182713,1.0,1.0000000000009104,0.0
nearest_only,8,0,1.0,0.0,0.0,-1.4428232973175177e-12,-9.103201474236991e-13,1.5849625007182713,0.0,0.0,1.0000000000009104
nearest_only,8,1,1.0,0.0,0.0,-1.4428232973175177e-12,-9.103201474236991e-13,1.5849625007182713,0.0,0.0,1.0000000000009104
nearest_only,8,2,1.0,0.0,0.0,-1.4428232973175177e-12,-9.103201474236991e-13,1.5849625007182713,0.0,0.0,1.0000000000009104
nearest_only,8,3,1.0,0.0,0.0,-1.4428232973175177e-12,-9.103201474236991e-13,1.5849625007182713,0.0,0.0,1.0000000000009104
nearest_only,8,4,1.0,0.0,0.0,-1.4428232973175177e-12,-9.103201474236991e-13,1.5849625007182713,0.0,0.0,1.0000000000009104
nearest_only,8,5,1.0,0.0,0.0,-1.4428232973175177e-12,-9.103201474236991e-13,1.5849625007182713,0.0,0.0,1.0000000000009104
nearest_only,8,6,1.0,0.0,0.0,-1.4428232973175177e-12,-9.103201474236991e-13,1.5849625007182713,0.0,0.0,1.0000000000009104
nearest_only,8,7,1.0,0.0,0.0,-1.4428232973175177e-12,-9.103201474236991e-13,1.5849625007182713,0.0,0.0,1.0000000000009104
nearest_only,8,8,1.0,0.0,0.0,-1.4428232973175177e-12,-9.103201474236991e-13,1.5849625007182713,0.0,0.0,1.0000000000009104
nearest_only,8,9,1.0,0.0,0.0,-1.4428232973175177e-12,-9.103201474236991e-13,1.5849625007182713,0.0,0.0,1.0000000000009104
nearest_only,8,10,1.0,0.0,0.0,-1.4428232973175177e-12,-9.103201474236991e-13,1.5849625007182713,0.0,0.0,1.0000000000009104
nearest_only,8,11,1.0,0.0,0.0,-1.4428232973175177e-12,-9.103201474236991e-13,1.5849625007182713,0.0,0.0,1.0000000000009104
nearest_only,8,12,1.0,0.0,0.0,-1.4428232973175177e-12,-9.103201474236991e-13,1.5849625007182713,0.0,0.0,1.0000000000009104
nearest_only,8,13,1.0,0.0,0.0,-1.4428232973175177e-12,-9.103201474236991e-13,1.5849625007182713,0.0,0.0,1.0000000000009104
nearest_only,8,14,1.0,0.0,0.0,-1.4428232973175177e-12,-9.103201474236991e-13,1.5849625007182713,0.0,0.0,1.0000000000009104
nearest_only,8,15,1.0,0.0,0.0,-1.4428232973175177e-12,-9.103201474236991e-13,1.5849625007182713,0.0,0.0,1.0000000000009104
nearest_only,8,16,1.0,0.0,0.0,-1.4428232973175177e-12,-9.103201474236991e-13,1.5849625007182713,0.0,0.0,1.0000000000009104
nearest_only,8,17,1.0,0.0,0.0,-1.4428232973175177e-12,-9.103201474236991e-13,1.5849625007182713,0.0,0.0,1.0000000000009104
nearest_only,8,18,1.0,0.0,0.0,-1.4428232973175177e-12,-9.103201474236991e-13,1.5849625007182713,0.0,0.0,1.0000000000009104
nearest_only,8,19,1.0,0.0,0.0,-1.4428232973175177e-12,-9.103201474236991e-13,1.5849625007182713,0.0,0.0,1.0000000000009104
nearest_only,8,20,1.0,0.0,0.0,-1.4428232973175177e-12,-9.103201474236991e-13,1.5849625007182713,0.0,0.0,1.0000000000009104
nearest_only,8,21,0.0,1.0,0.0,-1.4428232973175177e-12,-9.103201474236991e-13,1.5849625007182713,1.0,1.0000000000009104,0.0
nearest_only,8,22,0.0,1.0,0.0,-1.4428232973175177e-12,-9.103201474236991e-13,1.5849625007182713,1.0,1.0000000000009104,0.0
nearest_only,8,23,0.0,1.0,0.0,-1.4428232973175177e-12,-9.103201474236991e-13,1.5849625007182713,1.0,1.0000000000009104,0.0
nearest_only,8,24,0.0,1.0,0.0,-1.4428232973175177e-12,-9.103201474236991e-13,1.5849625007182713,1.0,1.0000000000009104,0.0
nearest_only,9,0,1.0,0.0,0.0,-1.4428232973175177e-12,-9.103201474236991e-13,1.5849625007182713,0.0,0.0,1.0000000000009104
nearest_only,9,1,1.0,0.0,0.0,-1.4428232973175177e-12,-9.103201474236991e-13,1.5849625007182713,0.0,0.0,1.0000000000009104
nearest_only,9,2,1.0,0.0,0.0,-1.4428232973175177e-12,-9.103201474236991e-13,1.5849625007182713,0.0,0.0,1.0000000000009104
nearest_only,9,3,1.0,0.0,0.0,-1.4428232973175177e-12,-9.103201474236991e-13,1.5849625007182713,0.0,0.0,1.0000000000009104
nearest_only,9,4,1.0,0.0,0.0,-1.4428232973175177e-12,-9.103201474236991e-13,1.5849625007182713,0.0,0.0,1.0000000000009104
nearest_only,9,5,1.0,0.0,0.0,-1.4428232973175177e-12,-9.103201474236991e-13,1.5849625007182713,0.0,0.0,1.0000000000009104
nearest_only,9,6,1.0,0.0,0.0,-1.4428232973175177e-12,-9.103201474236991e-13,1.5849625007182713,0.0,0.0,1.0000000000009104
nearest_only,9,7,1.0,0.0,0.0,-1.4428232973175177e-12,-9.103201474236991e-13,1.5849625007182713,0.0,0.0,1.0000000000009104
nearest_only,9,8,1.0,0.0,0.0,-1.4428232973175177e-12,-9.103201474236991e-13,1.5849625007182713,0.0,0.0,1.0000000000009104
nearest_only,9,9,1.0,0.0,0.0,-1.4428232973175177e-12,-9.103201474236991e-13,1.5849625007182713,0.0,0.0,1.0000000000009104
nearest_only,9,10,1.0,0.0,0.0,-1.4428232973175177e-12,-9.103201474236991e-13,1.5849625007182713,0.0,0.0,1.0000000000009104
nearest_only,9,11,1.0,0.0,0.0,-1.4428232973175177e-12,-9.103201474236991e-13,1.5849625007182713,0.0,0.0,1.0000000000009104
nearest_only,9,12,1.0,0.0,0.0,-1.4428232973175177e-12,-9.103201474236991e-13,1.5849625007182713,0.0,0.0,1.0000000000009104
nearest_only,9,13,1.0,0.0,0.0,-1.4428232973175177e-12,-9.103201474236991e-13,1.5849625007182713,0.0,0.0,1.0000000000009104
nearest_only,9,14,1.0,0.0,0.0,-1.4428232973175177e-12,-9.103201474236991e-13,1.5849625007182713,0.0,0.0,1.0000000000009104
nearest_only,9,15,1.0,0.0,0.0,-1.4428232973175177e-12,-9.103201474236991e-13,1.5849625007182713,0.0,0.0,1.0000000000009104
nearest_only,9,16,1.0,0.0,0.0,-1.4428232973175177e-12,-9.103201474236991e-13,1.5849625007182713,0.0,0.0,1.0000000000009104
nearest_only,9,17,1.0,0.0,0.0,-1.4428232973175177e-12,-9.103201474236991e-13,1.5849625007182713,0.0,0.0,1.0000000000009104
nearest_only,9,18,1.0,0.0,0.0,-1.4428232973175177e-12,-9.103201474236991e-13,1.5849625007182713,0.0,0.0,1.0000000000009104
nearest_only,9,19,1.0,0.0,0.0,-1.4428232973175177e-12,-9.103201474236991e-13,1.5849625007182713,0.0,0.0,1.0000000000009104
nearest_only,9,20,1.0,0.0,0.0,-1.4428232973175177e-12,-9.103201474236991e-13,1.5849625007182713,0.0,0.0,1.0000000000009104
nearest_only,9,21,1.0,0.0,0.0,-1.4428232973175177e-12,-9.103201474236991e-13,1.5849625007182713,0.0,0.0,1.0000000000009104
nearest_only,9,22,1.0,0.0,0.0,-1.4428232973175177e-12,-9.103201474236991e-13,1.5849625007182713,0.0,0.0,1.0000000000009104
nearest_only,9,23,0.0,1.0,0.0,-1.4428232973175177e-12,-9.103201474236991e-13,1.5849625007182713,1.0,1.0000000000009104,0.0
nearest_only,9,24,0.0,1.0,0.0,-1.4428232973175177e-12,-9.103201474236991e-13,1.5849625007182713,1.0,1.0000000000009104,0.0
nearest_only,10,0,1.0,0.0,0.0,-1.4428232973175177e-12,-9.103201474236991e-13,1.5849625007182713,0.0,0.0,1.0000000000009104
nearest_only,10,1,1.0,0.0,0.0,-1.4428232973175177e-12,-9.103201474236991e-13,1.5849625007182713,0.0,0.0,1.0000000000009104
nearest_only,10,2,1.0,0.0,0.0,-1.4428232973175177e-12,-9.103201474236991e-13,1.5849625007182713,0.0,0.0,1.0000000000009104
nearest_only,10,3,1.0,0.0,0.0,-1.4428232973175177e-12,-9.103201474236991e-13,1.5849625007182713,0.0,0.0,1.0000000000009104
nearest_only,10,4,1.0,0.0,0.0,-1.4428232973175177e-12,-9.103201474236991e-13,1.5849625007182713,0.0,0.0,1.0000000000009104
nearest_only,10,5,1.0,0.0,0.0,-1.4428232973175177e-12,-9.103201474236991e-13,1.5849625007182713,0.0,0.0,1.0000000000009104
nearest_only,10,6,1.0,0.0,0.0,-1.4428232973175177e-12,-9.103201474236991e-13,1.5849625007182713,0.0,0.0,1.0000000000009104
nearest_only,10,7,1.0,0.0,0.0,-1.4428232973175177e-12,-9.103201474236991e-13,1.5849625007182713,0.0,0.0,1.0000000000009104
nearest_only,10,8,1.0,0.0,0.0,-1.4428232973175177e-12,-9.103201474236991e-13,1.5849625007182713,0.0,0.0,1.0000000000009104
nearest_only,10,9,1.0,0.0,0.0,-1.4428232973175177e-12,-9.103201474236991e-13,1.5849625007182713,0.0,0.0,1.0000000000009104
nearest_only,10,10,1.0,0.0,0.0,-1.4428232973175177e-12,-9.103201474236991e-13,1.5849625007182713,0.0,0.0,1.0000000000009104
nearest_only,10,11,1.0,0.0,0.0,-1.4428232973175177e-12,-9.103201474236991e-13,1.5849625007182713,0.0,0.0,1.0000000000009104
nearest_only,10,12,1.0,0.0,0.0,-1.4428232973175177e-12,-9.103201474236991e-13,1.5849625007182713,0.0,0.0,1.0000000000009104
nearest_only,10,13,1.0,0.0,0.0,-1.4428232973175177e-12,-9.103201474236991e-13,1.5849625007182713,0.0,0.0,1.0000000000009104
nearest_only,10,14,1.0,0.0,0.0,-1.4428232973175177e-12,-9.103201474236991e-13,1.5849625007182713,0.0,0.0,1.0000000000009104
nearest_only,10,15,1.0,0.0,0.0,-1.4428232973175177e-12,-9.103201474236991e-13,1.5849625007182713,0.0,0.0,1.0000000000009104
nearest_only,10,16,1.0,0.0,0.0,-1.4428232973175177e-12,-9.103201474236991e-13,1.5849625007182713,0.0,0.0,1.0000000000009104
nearest_only,10,17,1.0,0.0,0.0,-1.4428232973175177e-12,-9.103201474236991e-13,1.5849625007182713,0.0,0.0,1.0000000000009104
nearest_only,10,18,1.0,0.0,0.0,-1.4428232973175177e-12,-9.103201474236991e-13,1.5849625007182713,0.0,0.0,1.0000000000009104
nearest_only,10,19,1.0,0.0,0.0,-1.4428232973175177e-12,-9.103201474236991e-13,1.5849625007182713,0.0,0.0,1.0000000000009104
nearest_only,10,20,1.0,0.0,0.0,-1.4428232973175177e-12,-9.103201474236991e-13,1.5849625007182713,0.0,0.0,1.0000000000009104
nearest_only,10,21,1.0,0.0,0.0,-1.4428232973175177e-12,-9.103201474236991e-13,1.5849625007182713,0.0,0.0,1.0000000000009104
nearest_only,10,22,0.0,0.0,1.0,-1.4428232973175177e-12,-9.103201474236991e-13,1.5849625007182713,1.0,1.0000000000009104,0.0
nearest_only,10,23,0.0,0.0,1.0,-1.4428232973175177e-12,-9.103201474236991e-13,1.5849625007182713,1.0,1.0000000000009104,0.0
nearest_only,10,24,0.0,0.0,1.0,-1.4428232973175177e-12,-9.103201474236991e-13,1.5849625007182713,1.0,1.0000000000009104,0.0
nearest_only,11,0,1.0,0.0,0.0,-1.4428232973175177e-12,-9.103201474236991e-13,1.5849625007182713,0.0,0.0,1.0000000000009104
nearest_only,11,1,1.0,0.0,0.0,-1.4428232973175177e-12,-9.103201474236991e-13,1.5849625007182713,0.0,0.0,1.0000000000009104
nearest_only,11,2,1.0,0.0,0.0,-1.4428232973175177e-12,-9.103201474236991e-13,1.5849625007182713,0.0,0.0,1.0000000000009104
nearest_only,11,3,1.0,0.0,0.0,-1.4428232973175177e-12,-9.103201474236991e-13,1.5849625007182713,0.0,0.0,1.0000000000009104
nearest_only,11,4,1.0,0.0,0.0,-1.4428232973175177e-12,-9.103201474236991e-13,1.5849625007182713,0.0,0.0,1.0000000000009104
nearest_only,11,5,1.0,0.0,0.0,-1.4428232973175177e-12,-9.103201474236991e-13,1.5849625007182713,0.0,0.0,1.0000000000009104
nearest_only,11,6,1.0,0.0,0.0,-1.4428232973175177e-12,-9.103201474236991e-13,1.5849625007182713,0.0,0.0,1.0000000000009104
nearest_only,11,7,1.0,0.0,0.0,-1.4428232973175177e-12,-9.103201474236991e-13,1.5849625007182713,0.0,0.0,1.0000000000009104
nearest_only,11,8,1.0,0.0,0.0,-1.4428232973175177e-12,-9.103201474236991e-13,1.5849625007182713,0.0,0.0,1.0000000000009104
nearest_only,11,9,1.0,0.0,0.0,-1.4428232973175177e-12,-9.103201474236991e-13,1.5849625007182713,0.0,0.0,1.0000000000009104
nearest_only,11,10,1.0,0.0,0.0,-1.4428232973175177e-12,-9.103201474236991e-13,1.5849625007182713,0.0,0.0,1.0000000000009104
nearest_only,11,11,1.0,0.0,0.0,-1.4428232973175177e-12,-9.103201474236991e-13,1.5849625007182713,0.0,0.0,1.0000000000009104
nearest_only,11,12,1.0,0.0,0.0,-1.4428232973175177e-12,-9.103201474236991e-13,1.5849625007182713,0.0,0.0,1.0000000000009104
nearest_only,11,13,1.0,0.0,0.0,-1.4428232973175177e-12,-9.103201474236991e-13,1.5849625007182713,0.0,0.0,1.0000000000009104
nearest_only,11,14,1.0,0.0,0.0,-1.4428232973175177e-12,-9.103201474236991e-13,1.5849625007182713,0.0,0.0,1.0000000000009104
nearest_only,11,15,1.0,0.0,0.0,-1.4428232973175177e-12,-9.103201474236991e-13,1.5849625007182713,0.0,0.0,1.0000000000009104
nearest_only,11,16,1.0,0.0,0.0,-1.4428232973175177e-12,-9.103201474236991e-13,1.5849625007182713,0.0,0.0,1.0000000000009104
nearest_only,11,17,1.0,0.0,0.0,-1.4428232973175177e-12,-9.103201474236991e-13,1.5849625007182713,0.0,0.0,1.0000000000009104
nearest_only,11,18,1.0,0.0,0.0,-1.4428232973175177e-12,-9.103201474236991e-13,1.5849625007182713,0.0,0.0,1.0000000000009104
nearest_only,11,19,1.0,0.0,0.0,-1.4428232973175177e-12,-9.103201474236991e-13,1.5849625007182713,0.0,0.0,1.0000000000009104
nearest_only,11,20,1.0,0.0,0.0,-1.4428232973175177e-12,-9.103201474236991e-13,1.5849625007182713,0.0,0.0,1.0000000000009104
nearest_only,11,21,0.0,1.0,0.0,-1.4428232973175177e-12,-9.103201474236991e-13,1.5849625007182713,1.0,1.0000000000009104,0.0
nearest_only,11,22,0.0,1.0,0.0,-1.4428232973175177e-12,-9.103201474236991e-13,1.5849625007182713,1.0,1.0000000000009104,0.0
nearest_only,11,23,0.0,1.0,0.0,-1.4428232973175177e-12,-9.103201474236991e-13,1.5849625007182713,1.0,1.0000000000009104,0.0
nearest_only,11,24,0.0,1.0,0.0,-1.4428232973175177e-12,-9.103201474236991e-13,1.5849625007182713,1.0,1.0000000000009104,0.0
nearest_only,12,0,1.0,0.0,0.0,-1.4428232973175177e-12,-9.103201474236991e-13,1.5849625007182713,0.0,0.0,1.0000000000009104
nearest_only,12,1,1.0,0.0,0.0,-1.4428232973175177e-12,-9.103201474236991e-13,1.5849625007182713,0.0,0.0,1.0000000000009104
nearest_only,12,2,1.0,0.0,0.0,-1.4428232973175177e-12,-9.103201474236991e-13,1.5849625007182713,0.0,0.0,1.0000000000009104
nearest_only,12,3,1.0,0.0,0.0,-1.4428232973175177e-12,-9.103201474236991e-13,1.5849625007182713,0.0,0.0,1.0000000000009104
nearest_only,12,4,1.0,0.0,0.0,-1.4428232973175177e-12,-9.103201474236991e-13,1.5849625007182713,0.0,0.0,1.0000000000009104
nearest_only,12,5,1.0,0.0,0.0,-1.4428232973175177e-12,-9.103201474236991e-13,1.5849625007182713,0.0,0.0,1.0000000000009104
nearest_only,12,6,1.0,0.0,0.0,-1.4428232973175177e-12,-9.103201474236991e-13,1.5849625007182713,0.0,0.0,1.0000000000009104
nearest_only,12,7,1.0,0.0,0.0,-1.4428232973175177e-12,-9.103201474236991e-13,1.5849625007182713,0.0,0.0,1.0000000000009104
nearest_only,12,8,1.0,0.0,0.0,-1.4428232973175177e-12,-9.103201474236991e-13,1.5849625007182713,0.0,0.0,1.0000000000009104
nearest_only,12,9,1.0,0.0,0.0,-1.4428232973175177e-12,-9.103201474236991e-13,1.5849625007182713,0.0,0.0,1.0000000000009104
nearest_only,12,10,1.0,0.0,0.0,-1.4428232973175177e-12,-9.103201474236991e-13,1.5849625007182713,0.0,0.0,1.0000000000009104
nearest_only,12,11,1.0,0.0,0.0,-1.4428232973175177e-12,-9.103201474236991e-13,1.5849625007182713,0.0,0.0,1.0000000000009104
nearest_only,12,12,1.0,0.0,0.0,-1.4428232973175177e-12,-9.103201474236991e-13,1.5849625007182713,0.0,0.0,1.0000000000009104
nearest_only,12,13,1.0,0.0,0.0,-1.4428232973175177e-12,-9.103201474236991e-13,1.5849625007182713,0.0,0.0,1.0000000000009104
nearest_only,12,14,1.0,0.0,0.0,-1.4428232973175177e-12,-9.103201474236991e-13,1.5849625007182713,0.0,0.0,1.0000000000009104
nearest_only,12,15,1.0,0.0,0.0,-1.4428232973175177e-12,-9.103201474236991e-13,1.5849625007182713,0.0,0.0,1.0000000000009104
nearest_only,12,16,1.0,0.0,0.0,-1.4428232973175177e-12,-9.103201474236991e-13,1.5849625007182713,0.0,0.0,1.0000000000009104
nearest_only,12,17,1.0,0.0,0.0,-1.4428232973175177e-12,-9.103201474236991e-13,1.5849625007182713,0.0,0.0,1.0000000000009104
nearest_only,12,18,1.0,0.0,0.0,-1.4428232973175177e-12,-9.103201474236991e-13,1.5849625007182713,0.0,0.0,1.0000000000009104
nearest_only,12,19,1.0,0.0,0.0,-1.4428232973175177e-12,-9.103201474236991e-13,1.5849625007182713,0.0,0.0,1.0000000000009104
nearest_only,12,20,1.0,0.0,0.0,-1.4428232973175177e-12,-9.103201474236991e-13,1.5849625007182713,0.0,0.0,1.0000000000009104
nearest_only,12,21,1.0,0.0,0.0,-1.4428232973175177e-12,-9.103201474236991e-13,1.5849625007182713,0.0,0.0,1.0000000000009104
nearest_only,12,22,1.0,0.0,0.0,-1.4428232973175177e-12,-9.103201474236991e-13,1.5849625007182713,0.0,0.0,1.0000000000009104
nearest_only,12,23,1.0,0.0,0.0,-1.4428232973175177e-12,-9.103201474236991e-13,1.5849625007182713,0.0,0.0,1.0000000000009104
nearest_only,12,24,0.0,0.0,1.0,-1.4428232973175177e-12,-9.103201474236991e-13,1.5849625007182713,1.0,1.0000000000009104,0.0
nearest_only,13,0,1.0,0.0,0.0,-1.4428232973175177e-12,-9.103201474236991e-13,1.5849625007182713,0.0,0.0,1.0000000000009104
nearest_only,13,1,1.0,0.0,0.0,-1.4428232973175177e-12,-9.103201474236991e-13,1.5849625007182713,0.0,0.0,1.0000000000009104
nearest_only,13,2,1.0,0.0,0.0,-1.4428232973175177e-12,-9.103201474236991e-13,1.5849625007182713,0.0,0.0,1.0000000000009104
nearest_only,13,3,1.0,0.0,0.0,-1.4428232973175177e-12,-9.103201474236991e-13,1.5849625007182713,0.0,0.0,1.0000000000009104
nearest_only,13,4,1.0,0.0,0.0,-1.4428232973175177e-12,-9.103201474236991e-13,1.5849625007182713,0.0,0.0,1.0000000000009104
nearest_only,13,5,1.0,0.0,0.0,-1.4428232973175177e-12,-9.103201474236991e-13,1.5849625007182713,0.0,0.0,1.0000000000009104
nearest_only,13,6,1.0,0.0,0.0,-1.4428232973175177e-12,-9.103201474236991e-13,1.5849625007182713,0.0,0.0,1.0000000000009104
nearest_only,13,7,1.0,0.0,0.0,-1.4428232973175177e-12,-9.103201474236991e-13,1.5849625007182713,0.0,0.0,1.0000000000009104
nearest_only,13,8,1.0,0.0,0.0,-1.4428232973175177e-12,-9.103201474236991e-13,1.5849625007182713,0.0,0.0,1.0000000000009104
nearest_only,13,9,1.0,0.0,0.0,-1.4428232973175177e-12,-9.103201474236991e-13,1.5849625007182713,0.0,0.0,1.0000000000009104
nearest_only,13,10,1.0,0.0,0.0,-1.4428232973175177e-12,-9.103201474236991e-13,1.5849625007182713,0.0,0.0,1.0000000000009104
nearest_only,13,11,1.0,0.0,0.0,-1.4428232973175177e-12,-9.103201474236991e-13,1.5849625007182713,0.0,0.0,1.0000000000009104
nearest_only,13,12,1.0,0.0,0.0,-1.4428232973175177e-12,-9.103201474236991e-13,1.5849625007182713,0.0,0.0,1.0000000000009104
nearest_only,13,13,1.0,0.0,0.0,-1.4428232973175177e-12,-9.103201474236991e-13,1.5849625007182713,0.0,0.0,1.0000000000009104
nearest_only,13,14,1.0,0.0,0.0,-1.4428232973175177e-12,-9.103201474236991e-13,1.5849625007182713,0.0,0.0,1.0000000000009104
nearest_only,13,15,1.0,0.0,0.0,-1.4428232973175177e-12,-9.103201474236991e-13,1.5849625007182713,0.0,0.0,1.0000000000009104
nearest_only,13,16,1.0,0.0,0.0,-1.4428232973175177e-12,-9.103201474236991e-13,1.5849625007182713,0.0,0.0,1.0000000000009104
nearest_only,13,17,1.0,0.0,0.0,-1.4428232973175177e-12,-9.103201474236991e-13,1.5849625007182713,0.0,0.0,1.0000000000009104
nearest_only,13,18,1.0,0.0,0.0,-1.4428232973175177e-12,-9.103201474236991e-13,1.5849625007182713,0.0,0.0,1.0000000000009104
nearest_only,13,19,1.0,0.0,0.0,-1.4428232973175177e-12,-9.103201474236991e-13,1.5849625007182713,0.0,0.0,1.0000000000009104
nearest_only,13,20,1.0,0.0,0.0,-1.4428232973175177e-12,-9.103201474236991e-13,1.5849625007182713,0.0,0.0,1.0000000000009104
nearest_only,13,21,0.0,1.0,0.0,-1.4428232973175177e-12,-9.103201474236991e-13,1.5849625007182713,1.0,1.0000000000009104,0.0
nearest_only,13,22,0.0,1.0,0.0,-1.4428232973175177e-12,-9.103201474236991e-13,1.5849625007182713,1.0,1.0000000000009104,0.0
nearest_only,13,23,0.0,1.0,0.0,-1.4428232973175177e-12,-9.103201474236991e-13,1.5849625007182713,1.0,1.0000000000009104,0.0
nearest_only,13,24,0.0,1.0,0.0,-1.4428232973175177e-12,-9.103201474236991e-13,1.5849625007182713,1.0,1.0000000000009104,0.0
nearest_only,14,0,1.0,0.0,0.0,-1.4428232973175177e-12,-9.103201474236991e-13,1.5849625007182713,0.0,0.0,1.0000000000009104
nearest_only,14,1,1.0,0.0,0.0,-1.4428232973175177e-12,-9.103201474236991e-13,1.5849625007182713,0.0,0.0,1.0000000000009104
nearest_only,14,2,1.0,0.0,0.0,-1.4428232973175177e-12,-9.103201474236991e-13,1.5849625007182713,0.0,0.0,1.0000000000009104
nearest_only,14,3,1.0,0.0,0.0,-1.4428232973175177e-12,-9.103201474236991e-13,1.5849625007182713,0.0,0.0,1.0000000000009104
nearest_only,14,4,1.0,0.0,0.0,-1.4428232973175177e-12,-9.103201474236991e-13,1.5849625007182713,0.0,0.0,1.0000000000009104
nearest_only,14,5,1.0,0.0,0.0,-1.4428232973175177e-12,-9.103201474236991e-13,1.5849625007182713,0.0,0.0,1.0000000000009104
nearest_only,14,6,1.0,0.0,0.0,-1.4428232973175177e-12,-9.103201474236991e-13,1.5849625007182713,0.0,0.0,1.0000000000009104
nearest_only,14,7,1.0,0.0,0.0,-1.4428232973175177e-12,-9.103201474236991e-13,1.5849625007182713,0.0,0.0,1.0000000000009104
nearest_only,14,8,1.0,0.0,0.0,-1.4428232973175177e-12,-9.103201474236991e-13,1.5849625007182713,0.0,0.0,1.0000000000009104
nearest_only,14,9,1.0,0.0,0.0,-1.4428232973175177e-12,-9.103201474236991e-13,1.5849625007182713,0.0,0.0,1.0000000000009104
nearest_only,14,10,1.0,0.0,0.0,-1.4428232973175177e-12,-9.103201474236991e-13,1.5849625007182713,0.0,0.0,1.0000000000009104
nearest_only,14,11,1.0,0.0,0.0,-1.4428232973175177e-12,-9.103201474236991e-13,1.5849625007182713,0.0,0.0,1.0000000000009104
nearest_only,14,12,1.0,0.0,0.0,-1.4428232973175177e-12,-9.103201474236991e-13,1.5849625007182713,0.0,0.0,1.0000000000009104
nearest_only,14,13,1.0,0.0,0.0,-1.4428232973175177e-12,-9.103201474236991e-13,1.5849625007182713,0.0,0.0,1.0000000000009104
nearest_only,14,14,1.0,0.0,0.0,-1.4428232973175177e-12,-9.103201474236991e-13,1.5849625007182713,0.0,0.0,1.0000000000009104
nearest_only,14,15,1.0,0.0,0.0,-1.4428232973175177e-12,-9.103201474236991e-13,1.5849625007182713,0.0,0.0,1.0000000000009104
nearest_only,14,16,1.0,0.0,0.0,-1.4428232973175177e-12,-9.103201474236991e-13,1.5849625007182713,0.0,0.0,1.0000000000009104
nearest_only,14,17,1.0,0.0,0.0,-1.4428232973175177e-12,-9.103201474236991e-13,1.5849625007182713,0.0,0.0,1.0000000000009104
nearest_only,14,18,1.0,0.0,0.0,-1.4428232973175177e-12,-9.103201474236991e-13,1.5849625007182713,0.0,0.0,1.0000000000009104
nearest_only,14,19,1.0,0.0,0.0,-1.4428232973175177e-12,-9.103201474236991e-13,1.5849625007182713,0.0,0.0,1.0000000000009104
nearest_only,14,20,1.0,0.0,0.0,-1.4428232973175177e-12,-9.103201474236991e-13,1.5849625007182713,0.0,0.0,1.0000000000009104
nearest_only,14,21,1.0,0.0,0.0,-1.4428232973175177e-12,-9.103201474236991e-13,1.5849625007182713,0.0,0.0,1.0000000000009104
nearest_only,14,22,1.0,0.0,0.0,-1.4428232973175177e-12,-9.103201474236991e-13,1.5849625007182713,0.0,0.0,1.0000000000009104
nearest_only,14,23,0.0,1.0,0.0,-1.4428232973175177e-12,-9.103201474236991e-13,1.5849625007182713,1.0,1.0000000000009104,0.0
nearest_only,14,24,0.0,1.0,0.0,-1.4428232973175177e-12,-9.103201474236991e-13,1.5849625007182713,1.0,1.0000000000009104,0.0
nearest_only,15,0,1.0,0.0,0.0,-1.4428232973175177e-12,-9.103201474236991e-13,1.5849625007182713,0.0,0.0,1.0000000000009104
nearest_only,15,1,1.0,0.0,0.0,-1.4428232973175177e-12,-9.103201474236991e-13,1.5849625007182713,0.0,0.0,1.0000000000009104
nearest_only,15,2,1.0,0.0,0.0,-1.4428232973175177e-12,-9.103201474236991e-13,1.5849625007182713,0.0,0.0,1.0000000000009104
nearest_only,15,3,1.0,0.0,0.0,-1.4428232973175177e-12,-9.103201474236991e-13,1.5849625007182713,0.0,0.0,1.0000000000009104
nearest_only,15,4,1.0,0.0,0.0,-1.4428232973175177e-12,-9.103201474236991e-13,1.5849625007182713,0.0,0.0,1.0000000000009104
nearest_only,15,5,1.0,0.0,0.0,-1.4428232973175177e-12,-9.103201474236991e-13,1.5849625007182713,0.0,0.0,1.0000000000009104
nearest_only,15,6,1.0,0.0,0.0,-1.4428232973175177e-12,-9.103201474236991e-13,1.5849625007182713,0.0,0.0,1.0000000000009104
nearest_only,15,7,1.0,0.0,0.0,-1.4428232973175177e-12,-9.103201474236991e-13,1.5849625007182713,0.0,0.0,1.0000000000009104
nearest_only,15,8,1.0,0.0,0.0,-1.4428232973175177e-12,-9.103201474236991e-13,1.5849625007182713,0.0,0.0,1.0000000000009104
nearest_only,15,9,1.0,0.0,0.0,-1.4428232973175177e-12,-9.103201474236991e-13,1.5849625007182713,0.0,0.0,1.0000000000009104
nearest_only,15,10,1.0,0.0,0.0,-1.4428232973175177e-12,-9.103201474236991e-13,1.5849625007182713,0.0,0.0,1.0000000000009104
nearest_only,15,11,1.0,0.0,0.0,-1.4428232973175177e-12,-9.103201474236991e-13,1.5849625007182713,0.0,0.0,1.0000000000009104
nearest_only,15,12,1.0,0.0,0.0,-1.4428232973175177e-12,-9.103201474236991e-13,1.5849625007182713,0.0,0.0,1.0000000000009104
nearest_only,15,13,1.0,0.0,0.0,-1.4428232973175177e-12,-9.103201474236991e-13,1.5849625007182713,0.0,0.0,1.0000000000009104
nearest_only,15,14,1.0,0.0,0.0,-1.4428232973175177e-12,-9.103201474236991e-13,1.5849625007182713,0.0,0.0,1.0000000000009104
nearest_only,15,15,1.0,0.0,0.0,-1.4428232973175177e-12,-9.103201474236991e-13,1.5849625007182713,0.0,0.0,1.0000000000009104
nearest_only,15,16,1.0,0.0,0.0,-1.4428232973175177e-12,-9.103201474236991e-13,1.5849625007182713,0.0,0.0,1.0000000000009104
nearest_only,15,17,1.0,0.0,0.0,-1.4428232973175177e-12,-9.103201474236991e-13,1.5849625007182713,0.0,0.0,1.0000000000009104
nearest_only,15,18,1.0,0.0,0.0,-1.4428232973175177e-12,-9.103201474236991e-13,1.5849625007182713,0.0,0.0,1.0000000000009104
nearest_only,15,19,1.0,0.0,0.0,-1.4428232973175177e-12,-9.103201474236991e-13,1.5849625007182713,0.0,0.0,1.0000000000009104
nearest_only,15,20,1.0,0.0,0.0,-1.4428232973175177e-12,-9.103201474236991e-13,1.5849625007182713,0.0,0.0,1.0000000000009104
nearest_only,15,21,1.0,0.0,0.0,-1.4428232973175177e-12,-9.103201474236991e-13,1.5849625007182713,0.0,0.0,1.0000000000009104
nearest_only,15,22,1.0,0.0,0.0,-1.4428232973175177e-12,-9.103201474236991e-13,1.5849625007182713,0.0,0.0,1.0000000000009104
nearest_only,15,23,0.0,1.0,0.0,-1.4428232973175177e-12,-9.103201474236991e-13,1.5849625007182713,1.0,1.0000000000009104,0.0
nearest_only,15,24,0.0,1.0,0.0,-1.4428232973175177e-12,-9.103201474236991e-13,1.5849625007182713,1.0,1.0000000000009104,0.0
nearest_only,16,0,1.0,0.0,0.0,-1.4428232973175177e-12,-9.103201474236991e-13,1.5849625007182713,0.0,0.0,1.0000000000009104
nearest_only,16,1,1.0,0.0,0.0,-1.4428232973175177e-12,-9.103201474236991e-13,1.5849625007182713,0.0,0.0,1.0000000000009104
nearest_only,16,2,1.0,0.0,0.0,-1.4428232973175177e-12,-9.103201474236991e-13,1.5849625007182713,0.0,0.0,1.0000000000009104
nearest_only,16,3,1.0,0.0,0.0,-1.4428232973175177e-12,-9.103201474236991e-13,1.5849625007182713,0.0,0.0,1.0000000000009104
nearest_only,16,4,1.0,0.0,0.0,-1.4428232973175177e-12,-9.103201474236991e-13,1.5849625007182713,0.0,0.0,1.0000000000009104
nearest_only,16,5,1.0,0.0,0.0,-1.4428232973175177e-12,-9.103201474236991e-13,1.5849625007182713,0.0,0.0,1.0000000000009104
nearest_only,16,6,1.0,0.0,0.0,-1.4428232973175177e-12,-9.103201474236991e-13,1.5849625007182713,0.0,0.0,1.0000000000009104
nearest_only,16,7,1.0,0.0,0.0,-1.4428232973175177e-12,-9.103201474236991e-13,1.5849625007182713,0.0,0.0,1.0000000000009104
nearest_only,16,8,1.0,0.0,0.0,-1.4428232973175177e-12,-9.103201474236991e-13,1.5849625007182713,0.0,0.0,1.0000000000009104
nearest_only,16,9,1.0,0.0,0.0,-1.4428232973175177e-12,-9.103201474236991e-13,1.5849625007182713,0.0,0.0,1.0000000000009104
nearest_only,16,10,1.0,0.0,0.0,-1.4428232973175177e-12,-9.103201474236991e-13,1.5849625007182713,0.0,0.0,1.0000000000009104
nearest_only,16,11,1.0,0.0,0.0,-1.4428232973175177e-12,-9.103201474236991e-13,1.5849625007182713,0.0,0.0,1.0000000000009104
nearest_only,16,12,1.0,0.0,0.0,-1.4428232973175177e-12,-9.103201474236991e-13,1.5849625007182713,0.0,0.0,1.0000000000009104
nearest_only,16,13,1.0,0.0,0.0,-1.4428232973175177e-12,-9.103201474236991e-13,1.5849625007182713,0.0,0.0,1.0000000000009104
nearest_only,16,14,1.0,0.0,0.0,-1.4428232973175177e-12,-9.103201474236991e-13,1.5849625007182713,0.0,0.0,1.0000000000009104
nearest_only,16,15,1.0,0.0,0.0,-1.4428232973175177e-12,-9.103201474236991e-13,1.5849625007182713,0.0,0.0,1.0000000000009104
nearest_only,16,16,1.0,0.0,0.0,-1.4428232973175177e-12,-9.103201474236991e-13,1.5849625007182713,0.0,0.0,1.0000000000009104
nearest_only,16,17,1.0,0.0,0.0,-1.4428232973175177e-12,-9.103201474236991e-13,1.5849625007182713,0.0,0.0,1.0000000000009104
nearest_only,16,18,1.0,0.0,0.0,-1.4428232973175177e-12,-9.103201474236991e-13,1.5849625007182713,0.0,0.0,1.0000000000009104
nearest_only,16,19,1.0,0.0,0.0,-1.4428232973175177e-12,-9.103201474236991e-13,1.5849625007182713,0.0,0.0,1.0000000000009104
nearest_only,16,20,1.0,0.0,0.0,-1.4428232973175177e-12,-9.103201474236991e-13,1.5849625007182713,0.0,0.0,1.0000000000009104
nearest_only,16,21,1.0,0.0,0.0,-1.4428232973175177e-12,-9.103201474236991e-13,1.5849625007182713,0.0,0.0,1.0000000000009104
nearest_only,16,22,0.0,0.0,1.0,-1.4428232973175177e-12,-9.103201474236991e-13,1.5849625007182713,1.0,1.0000000000009104,0.0
nearest_only,16,23,0.0,0.0,1.0,-1.4428232973175177e-12,-9.103201474236991e-13,1.5849625007182713,1.0,1.0000000000009104,0.0
nearest_only,16,24,0.0,0.0,1.0,-1.4428232973175177e-12,-9.103201474236991e-13,1.5849625007182713,1.0,1.0000000000009104,0.0
nearest_only,17,0,0.8,0.0,0.2,0.7219280948844771,0.4554859150017748,0.8630344058323514,0.2,0.10890281699964505,0.4356112679985802
nearest_only,17,1,0.8,0.0,0.2,0.7219280948844771,0.4554859150017748,0.8630344058323514,0.2,0.10890281699964505,0.4356112679985802
nearest_only,17,2,0.8,0.0,0.2,0.7219280948844771,0.4554859150017748,0.8630344058323514,0.2,0.10890281699964505,0.4356112679985802
nearest_only,17,3,1.0,0.0,0.0,-1.4428232973175177e-12,-9.103201474236991e-13,1.5849625007182713,0.0,0.0,1.0000000000009104
nearest_only,17,4,1.0,0.0,0.0,-1.4428232973175177e-12,-9.103201474236991e-13,1.5849625007182713,0.0,0.0,1.0000000000009104
nearest_only,17,5,1.0,0.0,0.0,-1.4428232973175177e-12,-9.103201474236991e-13,1.5849625007182713,0.0,0.0,1.0000000000009104
nearest_only,17,6,1.0,0.0,0.0,-1.4428232973175177e-12,-9.103201474236991e-13,1.5849625007182713,0.0,0.0,1.0000000000009104
nearest_only,17,7,1.0,0.0,0.0,-1.4428232973175177e-12,-9.103201474236991e-13,1.5849625007182713,0.0,0.0,1.0000000000009104
nearest_only,17,8,1.0,0.0,0.0,-1.4428232973175177e-12,-9.103201474236991e-13,1.5849625007182713,0.0,0.0,1.0000000000009104
nearest_only,17,9,1.0,0.0,0.0,-1.4428232973175177e-12,-9.103201474236991e-13,1.5849625007182713,0.0,0.0,1.0000000000009104
nearest_only,17,10,1.0,0.0,0.0,-1.4428232973175177e-12,-9.103201474236991e-13,1.5849625007182713,0.0,0.0,1.0000000000009104
nearest_only,17,11,1.0,0.0,0.0,-1.4428232973175177e-12,-9.103201474236991e-13,1.5849625007182713,0.0,0.0,1.0000000000009104
nearest_only,17,12,1.0,0.0,0.0,-1.4428232973175177e-12,-9.103201474236991e-13,1.5849625007182713,0.0,0.0,1.0000000000009104
nearest_only,17,13,1.0,0.0,0.0,-1.4428232973175177e-12,-9.103201474236991e-13,1.5849625007182713,0.0,0.0,1.0000000000009104
nearest_only,17,14,1.0,0.0,0.0,-1.4428232973175177e-12,-9.103201474236991e-13,1.5849625007182713,0.0,0.0,1.0000000000009104
nearest_only,17,15,1.0,0.0,0.0,-1.4428232973175177e-12,-9.103201474236991e-13,1.5849625007182713,0.0,0.0,1.0000000000009104
nearest_only,17,16,1.0,0.0,0.0,-1.4428232973175177e-12,-9.103201474236991e-13,1.5849625007182713,0.0,0.0,1.0000000000009104
nearest_only,17,17,1.0,0.0,0.0,-1.4428232973175177e-12,-9.103201474236991e-13,1.5849625007182713,0.0,0.0,1.0000000000009104
nearest_only,17,18,1.0,0.0,0.0,-1.4428232973175177e-12,-9.103201474236991e-13,1.5849625007182713,0.0,0.0,1.0000000000009104
nearest_only,17,19,1.0,0.0,0.0,-1.4428232973175177e-12,-9.103201474236991e-13,1.5849625007182713,0.0,0.0,1.0000000000009104
nearest_only,17,20,1.0,0.0,0.0,-1.4428232973175177e-12,-9.103201474236991e-13,1.5849625007182713,0.0,0.0,1.0000000000009104
nearest_only,17,21,1.0,0.0,0.0,-1.4428232973175177e-12,-9.103201474236991e-13,1.5849625007182713,0.0,0.0,1.0000000000009104
nearest_only,17,22,1.0,0.0,0.0,-1.4428232973175177e-12,-9.103201474236991e-13,1.5849625007182713,0.0,0.0,1.0000000000009104
nearest_only,17,23,1.0,0.0,0.0,-1.4428232973175177e-12,-9.103201474236991e-13,1.5849625007182713,0.0,0.0,1.0000000000009104
nearest_only,17,24,1.0,0.0,0.0,-1.4428232973175177e-12,-9.103201474236991e-13,1.5849625007182713,0.0,0.0,1.0000000000009104
nearest_only,18,0,1.0,0.0,0.0,-1.4428232973175177e-12,-9.103201474236991e-13,1.5849625007182713,0.0,0.0,1.0000000000009104
nearest_only,18,1,1.0,0.0,0.0,-1.4428232973175177e-12,-9.103201474236991e-13,1.5849625007182713,0.0,0.0,1.0000000000009104
nearest_only,18,2,1.0,0.0,0.0,-1.4428232973175177e-12,-9.103201474236991e-13,1.5849625007182713,0.0,0.0,1.0000000000009104
nearest_only,18,3,1.0,0.0,0.0,-1.4428232973175177e-12,-9.103201474236991e-13,1.5849625007182713,0.0,0.0,1.0000000000009104
nearest_only,18,4,1.0,0.0,0.0,-1.4428232973175177e-12,-9.103201474236991e-13,1.5849625007182713,0.0,0.0,1.0000000000009104
nearest_only,18,5,1.0,0.0,0.0,-1.4428232973175177e-12,-9.103201474236991e-13,1.5849625007182713,0.0,0.0,1.0000000000009104
nearest_only,18,6,1.0,0.0,0.0,-1.4428232973175177e-12,-9.103201474236991e-13,1.5849625007182713,0.0,0.0,1.0000000000009104
nearest_only,18,7,1.0,0.0,0.0,-1.4428232973175177e-12,-9.103201474236991e-13,1.5849625007182713,0.0,0.0,1.0000000000009104
nearest_only,18,8,1.0,0.0,0.0,-1.4428232973175177e-12,-9.103201474236991e-13,1.5849625007182713,0.0,0.0,1.0000000000009104
nearest_only,18,9,1.0,0.0,0.0,-1.4428232973175177e-12,-9.103201474236991e-13,1.5849625007182713,0.0,0.0,1.0000000000009104
nearest_only,18,10,1.0,0.0,0.0,-1.4428232973175177e-12,-9.103201474236991e-13,1.5849625007182713,0.0,0.0,1.0000000000009104
nearest_only,18,11,1.0,0.0,0.0,-1.4428232973175177e-12,-9.103201474236991e-13,1.5849625007182713,0.0,0.0,1.0000000000009104
nearest_only,18,12,1.0,0.0,0.0,-1.4428232973175177e-12,-9.103201474236991e-13,1.5849625007182713,0.0,0.0,1.0000000000009104
nearest_only,18,13,1.0,0.0,0.0,-1.4428232973175177e-12,-9.103201474236991e-13,1.5849625007182713,0.0,0.0,1.0000000000009104
nearest_only,18,14,1.0,0.0,0.0,-1.4428232973175177e-12,-9.103201474236991e-13,1.5849625007182713,0.0,0.0,1.0000000000009104
nearest_only,18,15,1.0,0.0,0.0,-1.4428232973175177e-12,-9.103201474236991e-13,1.5849625007182713,0.0,0.0,1.0000000000009104
nearest_only,18,16,1.0,0.0,0.0,-1.4428232973175177e-12,-9.103201474236991e-13,1.5849625007182713,0.0,0.0,1.0000000000009104
nearest_only,18,17,1.0,0.0,0.0,-1.4428232973175177e-12,-9.103201474236991e-13,1.5849625007182713,0.0,0.0,1.0000000000009104
nearest_only,18,18,1.0,0.0,0.0,-1.4428232973175177e-12,-9.103201474236991e-13,1.5849625007182713,0.0,0.0,1.0000000000009104
nearest_only,18,19,1.0,0.0,0.0,-1.4428232973175177e-12,-9.103201474236991e-13,1.5849625007182713,0.0,0.0,1.0000000000009104
nearest_only,18,20,1.0,0.0,0.0,-1.4428232973175177e-12,-9.103201474236991e-13,1.5849625007182713,0.0,0.0,1.0000000000009104
nearest_only,18,21,1.0,0.0,0.0,-1.4428232973175177e-12,-9.103201474236991e-13,1.5849625007182713,0.0,0.0,1.0000000000009104
nearest_only,18,22,0.0,1.0,0.0,-1.4428232973175177e-12,-9.103201474236991e-13,1.5849625007182713,1.0,1.0000000000009104,0.0
nearest_only,18,23,0.0,1.0,0.0,-1.4428232973175177e-12,-9.103201474236991e-13,1.5849625007182713,1.0,1.0000000000009104,0.0
nearest_only,18,24,0.0,1.0,0.0,-1.4428232973175177e-12,-9.103201474236991e-13,1.5849625007182713,1.0,1.0000000000009104,0.0
nearest_only,19,0,1.0,0.0,0.0,-1.4428232973175177e-12,-9.103201474236991e-13,1.5849625007182713,0.0,0.0,1.0000000000009104
nearest_only,19,1,1.0,0.0,0.0,-1.4428232973175177e-12,-9.103201474236991e-13,1.5849625007182713,0.0,0.0,1.0000000000009104
nearest_only,19,2,1.0,0.0,0.0,-1.4428232973175177e-12,-9.103201474236991e-13,1.5849625007182713,0.0,0.0,1.0000000000009104
nearest_only,19,3,1.0,0.0,0.0,-1.4428232973175177e-12,-9.103201474236991e-13,1.5849625007182713,0.0,0.0,1.0000000000009104
nearest_only,19,4,1.0,0.0,0.0,-1.4428232973175177e-12,-9.103201474236991e-13,1.5849625007182713,0.0,0.0,1.0000000000009104
nearest_only,19,5,1.0,0.0,0.0,-1.4428232973175177e-12,-9.103201474236991e-13,1.5849625007182713,0.0,0.0,1.0000000000009104
nearest_only,19,6,1.0,0.0,0.0,-1.4428232973175177e-12,-9.103201474236991e-13,1.5849625007182713,0.0,0.0,1.0000000000009104
nearest_only,19,7,1.0,0.0,0.0,-1.4428232973175177e-12,-9.103201474236991e-13,1.5849625007182713,0.0,0.0,1.0000000000009104
nearest_only,19,8,1.0,0.0,0.0,-1.4428232973175177e-12,-9.103201474236991e-13,1.5849625007182713,0.0,0.0,1.0000000000009104
nearest_only,19,9,1.0,0.0,0.0,-1.4428232973175177e-12,-9.103201474236991e-13,1.5849625007182713,0.0,0.0,1.0000000000009104
nearest_only,19,10,1.0,0.0,0.0,-1.4428232973175177e-12,-9.103201474236991e-13,1.5849625007182713,0.0,0.0,1.0000000000009104
nearest_only,19,11,1.0,0.0,0.0,-1.4428232973175177e-12,-9.103201474236991e-13,1.5849625007182713,0.0,0.0,1.0000000000009104
nearest_only,19,12,1.0,0.0,0.0,-1.4428232973175177e-12,-9.103201474236991e-13,1.5849625007182713,0.0,0.0,1.0000000000009104
nearest_only,19,13,1.0,0.0,0.0,-1.4428232973175177e-12,-9.103201474236991e-13,1.5849625007182713,0.0,0.0,1.0000000000009104
nearest_only,19,14,1.0,0.0,0.0,-1.4428232973175177e-12,-9.103201474236991e-13,1.5849625007182713,0.0,0.0,1.0000000000009104
nearest_only,19,15,1.0,0.0,0.0,-1.4428232973175177e-12,-9.103201474236991e-13,1.5849625007182713,0.0,0.0,1.0000000000009104
nearest_only,19,16,1.0,0.0,0.0,-1.4428232973175177e-12,-9.103201474236991e-13,1.5849625007182713,0.0,0.0,1.0000000000009104
nearest_only,19,17,1.0,0.0,0.0,-1.4428232973175177e-12,-9.103201474236991e-13,1.5849625007182713,0.0,0.0,1.0000000000009104
nearest_only,19,18,1.0,0.0,0.0,-1.4428232973175177e-12,-9.103201474236991e-13,1.5849625007182713,0.0,0.0,1.0000000000009104
nearest_only,19,19,1.0,0.0,0.0,-1.4428232973175177e-12,-9.103201474236991e-13,1.5849625007182713,0.0,0.0,1.0000000000009104
nearest_only,19,20,1.0,0.0,0.0,-1.4428232973175177e-12,-9.103201474236991e-13,1.5849625007182713,0.0,0.0,1.0000000000009104
nearest_only,19,21,1.0,0.0,0.0,-1.4428232973175177e-12,-9.103201474236991e-13,1.5849625007182713,0.0,0.0,1.0000000000009104
nearest_only,19,22,1.0,0.0,0.0,-1.4428232973175177e-12,-9.103201474236991e-13,1.5849625007182713,0.0,0.0,1.0000000000009104
nearest_only,19,23,0.0,1.0,0.0,-1.4428232973175177e-12,-9.103201474236991e-13,1.5849625007182713,1.0,1.0000000000009104,0.0
nearest_only,19,24,0.0,1.0,0.0,-1.4428232973175177e-12,-9.103201474236991e-13,1.5849625007182713,1.0,1.0000000000009104,0.0
nearest_only,20,0,1.0,0.0,0.0,-1.4428232973175177e-12,-9.103201474236991e-13,1.5849625007182713,0.0,0.0,1.0000000000009104
nearest_only,20,1,1.0,0.0,0.0,-1.4428232973175177e-12,-9.103201474236991e-13,1.5849625007182713,0.0,0.0,1.0000000000009104
nearest_only,20,2,1.0,0.0,0.0,-1.4428232973175177e-12,-9.103201474236991e-13,1.5849625007182713,0.0,0.0,1.0000000000009104
nearest_only,20,3,1.0,0.0,0.0,-1.4428232973175177e-12,-9.103201474236991e-13,1.5849625007182713,0.0,0.0,1.0000000000009104
nearest_only,20,4,1.0,0.0,0.0,-1.4428232973175177e-12,-9.103201474236991e-13,1.5849625007182713,0.0,0.0,1.0000000000009104
nearest_only,20,5,1.0,0.0,0.0,-1.4428232973175177e-12,-9.103201474236991e-13,1.5849625007182713,0.0,0.0,1.0000000000009104
nearest_only,20,6,1.0,0.0,0.0,-1.4428232973175177e-12,-9.103201474236991e-13,1.5849625007182713,0.0,0.0,1.0000000000009104
nearest_only,20,7,1.0,0.0,0.0,-1.4428232973175177e-12,-9.103201474236991e-13,1.5849625007182713,0.0,0.0,1.0000000000009104
nearest_only,20,8,1.0,0.0,0.0,-1.4428232973175177e-12,-9.103201474236991e-13,1.5849625007182713,0.0,0.0,1.0000000000009104
nearest_only,20,9,1.0,0.0,0.0,-1.4428232973175177e-12,-9.103201474236991e-13,1.5849625007182713,0.0,0.0,1.0000000000009104
nearest_only,20,10,1.0,0.0,0.0,-1.4428232973175177e-12,-9.103201474236991e-13,1.5849625007182713,0.0,0.0,1.0000000000009104
nearest_only,20,11,1.0,0.0,0.0,-1.4428232973175177e-12,-9.103201474236991e-13,1.5849625007182713,0.0,0.0,1.0000000000009104
nearest_only,20,12,1.0,0.0,0.0,-1.4428232973175177e-12,-9.103201474236991e-13,1.5849625007182713,0.0,0.0,1.0000000000009104
nearest_only,20,13,1.0,0.0,0.0,-1.4428232973175177e-12,-9.103201474236991e-13,1.5849625007182713,0.0,0.0,1.0000000000009104
nearest_only,20,14,1.0,0.0,0.0,-1.4428232973175177e-12,-9.103201474236991e-13,1.5849625007182713,0.0,0.0,1.0000000000009104
nearest_only,20,15,1.0,0.0,0.0,-1.4428232973175177e-12,-9.103201474236991e-13,1.5849625007182713,0.0,0.0,1.0000000000009104
nearest_only,20,16,1.0,0.0,0.0,-1.4428232973175177e-12,-9.103201474236991e-13,1.5849625007182713,0.0,0.0,1.0000000000009104
nearest_only,20,17,1.0,0.0,0.0,-1.4428232973175177e-12,-9.103201474236991e-13,1.5849625007182713,0.0,0.0,1.0000000000009104
nearest_only,20,18,1.0,0.0,0.0,-1.4428232973175177e-12,-9.103201474236991e-13,1.5849625007182713,0.0,0.0,1.0000000000009104
nearest_only,20,19,1.0,0.0,0.0,-1.4428232973175177e-12,-9.103201474236991e-13,1.5849625007182713,0.0,0.0,1.0000000000009104
nearest_only,20,20,1.0,0.0,0.0,-1.4428232973175177e-12,-9.103201474236991e-13,1.5849625007182713,0.0,0.0,1.0000000000009104
nearest_only,20,21,1.0,0.0,0.0,-1.4428232973175177e-12,-9.103201474236991e-13,1.5849625007182713,0.0,0.0,1.0000000000009104
nearest_only,20,22,0.0,1.0,0.0,-1.4428232973175177e-12,-9.103201474236991e-13,1.5849625007182713,1.0,1.0000000000009104,0.0
nearest_only,20,23,0.0,1.0,0.0,-1.4428232973175177e-12,-9.103201474236991e-13,1.5849625007182713,1.0,1.0000000000009104,0.0
nearest_only,20,24,0.0,1.0,0.0,-1.4428232973175177e-12,-9.103201474236991e-13,1.5849625007182713,1.0,1.0000000000009104,0.0
nearest_only,21,0,1.0,0.0,0.0,-1.4428232973175177e-12,-9.103201474236991e-13,1.5849625007182713,0.0,0.0,1.0000000000009104
nearest_only,21,1,1.0,0.0,0.0,-1.4428232973175177e-12,-9.103201474236991e-13,1.5849625007182713,0.0,0.0,1.0000000000009104
nearest_only,21,2,1.0,0.0,0.0,-1.4428232973175177e-12,-9.103201474236991e-13,1.5849625007182713,0.0,0.0,1.0000000000009104
nearest_only,21,3,1.0,0.0,0.0,-1.4428232973175177e-12,-9.103201474236991e-13,1.5849625007182713,0.0,0.0,1.0000000000009104
nearest_only,21,4,1.0,0.0,0.0,-1.4428232973175177e-12,-9.103201474236991e-13,1.5849625007182713,0.0,0.0,1.0000000000009104
nearest_only,21,5,1.0,0.0,0.0,-1.4428232973175177e-12,-9.103201474236991e-13,1.5849625007182713,0.0,0.0,1.0000000000009104
nearest_only,21,6,1.0,0.0,0.0,-1.4428232973175177e-12,-9.103201474236991e-13,1.5849625007182713,0.0,0.0,1.0000000000009104
nearest_only,21,7,1.0,0.0,0.0,-1.4428232973175177e-12,-9.103201474236991e-13,1.5849625007182713,0.0,0.0,1.0000000000009104
nearest_only,21,8,1.0,0.0,0.0,-1.4428232973175177e-12,-9.103201474236991e-13,1.5849625007182713,0.0,0.0,1.0000000000009104
nearest_only,21,9,1.0,0.0,0.0,-1.4428232973175177e-12,-9.103201474236991e-13,1.5849625007182713,0.0,0.0,1.0000000000009104
nearest_only,21,10,1.0,0.0,0.0,-1.4428232973175177e-12,-9.103201474236991e-13,1.5849625007182713,0.0,0.0,1.0000000000009104
nearest_only,21,11,1.0,0.0,0.0,-1.4428232973175177e-12,-9.103201474236991e-13,1.5849625007182713,0.0,0.0,1.0000000000009104
nearest_only,21,12,1.0,0.0,0.0,-1.4428232973175177e-12,-9.103201474236991e-13,1.5849625007182713,0.0,0.0,1.0000000000009104
nearest_only,21,13,1.0,0.0,0.0,-1.4428232973175177e-12,-9.103201474236991e-13,1.5849625007182713,0.0,0.0,1.0000000000009104
nearest_only,21,14,1.0,0.0,0.0,-1.4428232973175177e-12,-9.103201474236991e-13,1.5849625007182713,0.0,0.0,1.0000000000009104
nearest_only,21,15,1.0,0.0,0.0,-1.4428232973175177e-12,-9.103201474236991e-13,1.5849625007182713,0.0,0.0,1.0000000000009104
nearest_only,21,16,1.0,0.0,0.0,-1.4428232973175177e-12,-9.103201474236991e-13,1.5849625007182713,0.0,0.0,1.0000000000009104
nearest_only,21,17,1.0,0.0,0.0,-1.4428232973175177e-12,-9.103201474236991e-13,1.5849625007182713,0.0,0.0,1.0000000000009104
nearest_only,21,18,1.0,0.0,0.0,-1.4428232973175177e-12,-9.103201474236991e-13,1.5849625007182713,0.0,0.0,1.0000000000009104
nearest_only,21,19,1.0,0.0,0.0,-1.4428232973175177e-12,-9.103201474236991e-13,1.5849625007182713,0.0,0.0,1.0000000000009104
nearest_only,21,20,1.0,0.0,0.0,-1.4428232973175177e-12,-9.103201474236991e-13,1.5849625007182713,0.0,0.0,1.0000000000009104
nearest_only,21,21,0.0,0.0,1.0,-1.4428232973175177e-12,-9.103201474236991e-13,1.5849625007182713,1.0,1.0000000000009104,0.0
nearest_only,21,22,0.0,0.0,1.0,-1.4428232973175177e-12,-9.103201474236991e-13,1.5849625007182713,1.0,1.0000000000009104,0.0
nearest_only,21,23,0.0,0.0,1.0,-1.4428232973175177e-12,-9.103201474236991e-13,1.5849625007182713,1.0,1.0000000000009104,0.0
nearest_only,21,24,0.0,0.0,1.0,-1.4428232973175177e-12,-9.103201474236991e-13,1.5849625007182713,1.0,1.0000000000009104,0.0
nearest_only,22,0,1.0,0.0,0.0,-1.4428232973175177e-12,-9.103201474236991e-13,1.5849625007182713,0.0,0.0,1.0000000000009104
nearest_only,22,1,1.0,0.0,0.0,-1.4428232973175177e-12,-9.103201474236991e-13,1.5849625007182713,0.0,0.0,1.0000000000009104
nearest_only,22,2,1.0,0.0,0.0,-1.4428232973175177e-12,-9.103201474236991e-13,1.5849625007182713,0.0,0.0,1.0000000000009104
nearest_only,22,3,1.0,0.0,0.0,-1.4428232973175177e-12,-9.103201474236991e-13,1.5849625007182713,0.0,0.0,1.0000000000009104
nearest_only,22,4,1.0,0.0,0.0,-1.4428232973175177e-12,-9.103201474236991e-13,1.5849625007182713,0.0,0.0,1.0000000000009104
nearest_only,22,5,1.0,0.0,0.0,-1.4428232973175177e-12,-9.103201474236991e-13,1.5849625007182713,0.0,0.0,1.0000000000009104
nearest_only,22,6,1.0,0.0,0.0,-1.4428232973175177e-12,-9.103201474236991e-13,1.5849625007182713,0.0,0.0,1.0000000000009104
nearest_only,22,7,1.0,0.0,0.0,-1.4428232973175177e-12,-9.103201474236991e-13,1.5849625007182713,0.0,0.0,1.0000000000009104
nearest_only,22,8,1.0,0.0,0.0,-1.4428232973175177e-12,-9.103201474236991e-13,1.5849625007182713,0.0,0.0,1.0000000000009104
nearest_only,22,9,1.0,0.0,0.0,-1.4428232973175177e-12,-9.103201474236991e-13,1.5849625007182713,0.0,0.0,1.0000000000009104
nearest_only,22,10,1.0,0.0,0.0,-1.4428232973175177e-12,-9.103201474236991e-13,1.5849625007182713,0.0,0.0,1.0000000000009104
nearest_only,22,11,1.0,0.0,0.0,-1.4428232973175177e-12,-9.103201474236991e-13,1.5849625007182713,0.0,0.0,1.0000000000009104
nearest_only,22,12,1.0,0.0,0.0,-1.4428232973175177e-12,-9.103201474236991e-13,1.5849625007182713,0.0,0.0,1.0000000000009104
nearest_only,22,13,1.0,0.0,0.0,-1.4428232973175177e-12,-9.103201474236991e-13,1.5849625007182713,0.0,0.0,1.0000000000009104
nearest_only,22,14,1.0,0.0,0.0,-1.4428232973175177e-12,-9.103201474236991e-13,1.5849625007182713,0.0,0.0,1.0000000000009104
nearest_only,22,15,1.0,0.0,0.0,-1.4428232973175177e-12,-9.103201474236991e-13,1.5849625007182713,0.0,0.0,1.0000000000009104
nearest_only,22,16,1.0,0.0,0.0,-1.4428232973175177e-12,-9.103201474236991e-13,1.5849625007182713,0.0,0.0,1.0000000000009104
nearest_only,22,17,1.0,0.0,0.0,-1.4428232973175177e-12,-9.103201474236991e-13,1.5849625007182713,0.0,0.0,1.0000000000009104
nearest_only,22,18,1.0,0.0,0.0,-1.4428232973175177e-12,-9.103201474236991e-13,1.5849625007182713,0.0,0.0,1.0000000000009104
nearest_only,22,19,1.0,0.0,0.0,-1.4428232973175177e-12,-9.103201474236991e-13,1.5849625007182713,0.0,0.0,1.0000000000009104
nearest_only,22,20,0.0,1.0,0.0,-1.4428232973175177e-12,-9.103201474236991e-13,1.5849625007182713,1.0,1.0000000000009104,0.0
nearest_only,22,21,0.0,1.0,0.0,-1.4428232973175177e-12,-9.103201474236991e-13,1.5849625007182713,1.0,1.0000000000009104,0.0
nearest_only,22,22,0.0,1.0,0.0,-1.4428232973175177e-12,-9.103201474236991e-13,1.5849625007182713,1.0,1.0000000000009104,0.0
nearest_only,22,23,0.0,1.0,0.0,-1.4428232973175177e-12,-9.103201474236991e-13,1.5849625007182713,1.0,1.0000000000009104,0.0
nearest_only,22,24,0.0,1.0,0.0,-1.4428232973175177e-12,-9.103201474236991e-13,1.5849625007182713,1.0,1.0000000000009104,0.0
nearest_only,23,0,1.0,0.0,0.0,-1.4428232973175177e-12,-9.103201474236991e-13,1.5849625007182713,0.0,0.0,1.0000000000009104
nearest_only,23,1,1.0,0.0,0.0,-1.4428232973175177e-12,-9.103201474236991e-13,1.5849625007182713,0.0,0.0,1.0000000000009104
nearest_only,23,2,1.0,0.0,0.0,-1.4428232973175177e-12,-9.103201474236991e-13,1.5849625007182713,0.0,0.0,1.0000000000009104
nearest_only,23,3,1.0,0.0,0.0,-1.4428232973175177e-12,-9.103201474236991e-13,1.5849625007182713,0.0,0.0,1.0000000000009104
nearest_only,23,4,1.0,0.0,0.0,-1.4428232973175177e-12,-9.103201474236991e-13,1.5849625007182713,0.0,0.0,1.0000000000009104
nearest_only,23,5,1.0,0.0,0.0,-1.4428232973175177e-12,-9.103201474236991e-13,1.5849625007182713,0.0,0.0,1.0000000000009104
nearest_only,23,6,1.0,0.0,0.0,-1.4428232973175177e-12,-9.103201474236991e-13,1.5849625007182713,0.0,0.0,1.0000000000009104
nearest_only,23,7,1.0,0.0,0.0,-1.4428232973175177e-12,-9.103201474236991e-13,1.5849625007182713,0.0,0.0,1.0000000000009104
nearest_only,23,8,1.0,0.0,0.0,-1.4428232973175177e-12,-9.103201474236991e-13,1.5849625007182713,0.0,0.0,1.0000000000009104
nearest_only,23,9,1.0,0.0,0.0,-1.4428232973175177e-12,-9.103201474236991e-13,1.5849625007182713,0.0,0.0,1.0000000000009104
nearest_only,23,10,1.0,0.0,0.0,-1.4428232973175177e-12,-9.103201474236991e-13,1.5849625007182713,0.0,0.0,1.0000000000009104
nearest_only,23,11,1.0,0.0,0.0,-1.4428232973175177e-12,-9.103201474236991e-13,1.5849625007182713,0.0,0.0,1.0000000000009104
nearest_only,23,12,1.0,0.0,0.0,-1.4428232973175177e-12,-9.103201474236991e-13,1.5849625007182713,0.0,0.0,1.0000000000009104
nearest_only,23,13,1.0,0.0,0.0,-1.4428232973175177e-12,-9.103201474236991e-13,1.5849625007182713,0.0,0.0,1.0000000000009104
nearest_only,23,14,1.0,0.0,0.0,-1.4428232973175177e-12,-9.103201474236991e-13,1.5849625007182713,0.0,0.0,1.0000000000009104
nearest_only,23,15,1.0,0.0,0.0,-1.4428232973175177e-12,-9.103201474236991e-13,1.5849625007182713,0.0,0.0,1.0000000000009104
nearest_only,23,16,1.0,0.0,0.0,-1.4428232973175177e-12,-9.103201474236991e-13,1.5849625007182713,0.0,0.0,1.0000000000009104
nearest_only,23,17,1.0,0.0,0.0,-1.4428232973175177e-12,-9.103201474236991e-13,1.5849625007182713,0.0,0.0,1.0000000000009104
nearest_only,23,18,1.0,0.0,0.0,-1.4428232973175177e-12,-9.103201474236991e-13,1.5849625007182713,0.0,0.0,1.0000000000009104
nearest_only,23,19,1.0,0.0,0.0,-1.4428232973175177e-12,-9.103201474236991e-13,1.5849625007182713,0.0,0.0,1.0000000000009104
nearest_only,23,20,1.0,0.0,0.0,-1.4428232973175177e-12,-9.103201474236991e-13,1.5849625007182713,0.0,0.0,1.0000000000009104
nearest_only,23,21,1.0,0.0,0.0,-1.4428232973175177e-12,-9.103201474236991e-13,1.5849625007182713,0.0,0.0,1.0000000000009104
nearest_only,23,22,1.0,0.0,0.0,-1.4428232973175177e-12,-9.103201474236991e-13,1.5849625007182713,0.0,0.0,1.0000000000009104
nearest_only,23,23,0.0,1.0,0.0,-1.4428232973175177e-12,-9.103201474236991e-13,1.5849625007182713,1.0,1.0000000000009104,0.0
nearest_only,23,24,0.0,1.0,0.0,-1.4428232973175177e-12,-9.103201474236991e-13,1.5849625007182713,1.0,1.0000000000009104,0.0
nearest_only,24,0,1.0,0.0,0.0,-1.4428232973175177e-12,-9.103201474236991e-13,1.5849625007182713,0.0,0.0,1.0000000000009104
nearest_only,24,1,1.0,0.0,0.0,-1.4428232973175177e-12,-9.103201474236991e-13,1.5849625007182713,0.0,0.0,1.0000000000009104
nearest_only,24,2,1.0,0.0,0.0,-1.4428232973175177e-12,-9.103201474236991e-13,1.5849625007182713,0.0,0.0,1.0000000000009104
nearest_only,24,3,1.0,0.0,0.0,-1.4428232973175177e-12,-9.103201474236991e-13,1.5849625007182713,0.0,0.0,1.0000000000009104
nearest_only,24,4,1.0,0.0,0.0,-1.4428232973175177e-12,-9.103201474236991e-13,1.5849625007182713,0.0,0.0,1.0000000000009104
nearest_only,24,5,1.0,0.0,0.0,-1.4428232973175177e-12,-9.103201474236991e-13,1.5849625007182713,0.0,0.0,1.0000000000009104
nearest_only,24,6,1.0,0.0,0.0,-1.4428232973175177e-12,-9.103201474236991e-13,1.5849625007182713,0.0,0.0,1.0000000000009104
nearest_only,24,7,1.0,0.0,0.0,-1.4428232973175177e-12,-9.103201474236991e-13,1.5849625007182713,0.0,0.0,1.0000000000009104
nearest_only,24,8,1.0,0.0,0.0,-1.4428232973175177e-12,-9.103201474236991e-13,1.5849625007182713,0.0,0.0,1.0000000000009104
nearest_only,24,9,1.0,0.0,0.0,-1.4428232973175177e-12,-9.103201474236991e-13,1.5849625007182713,0.0,0.0,1.0000000000009104
nearest_only,24,10,1.0,0.0,0.0,-1.4428232973175177e-12,-9.103201474236991e-13,1.5849625007182713,0.0,0.0,1.0000000000009104
nearest_only,24,11,1.0,0.0,0.0,-1.4428232973175177e-12,-9.103201474236991e-13,1.5849625007182713,0.0,0.0,1.0000000000009104
nearest_only,24,12,1.0,0.0,0.0,-1.4428232973175177e-12,-9.103201474236991e-13,1.5849625007182713,0.0,0.0,1.0000000000009104
nearest_only,24,13,1.0,0.0,0.0,-1.4428232973175177e-12,-9.103201474236991e-13,1.5849625007182713,0.0,0.0,1.0000000000009104
nearest_only,24,14,1.0,0.0,0.0,-1.4428232973175177e-12,-9.103201474236991e-13,1.5849625007182713,0.0,0.0,1.0000000000009104
nearest_only,24,15,1.0,0.0,0.0,-1.4428232973175177e-12,-9.103201474236991e-13,1.5849625007182713,0.0,0.0,1.0000000000009104
nearest_only,24,16,1.0,0.0,0.0,-1.4428232973175177e-12,-9.103201474236991e-13,1.5849625007182713,0.0,0.0,1.0000000000009104
nearest_only,24,17,1.0,0.0,0.0,-1.4428232973175177e-12,-9.103201474236991e-13,1.5849625007182713,0.0,0.0,1.0000000000009104
nearest_only,24,18,1.0,0.0,0.0,-1.4428232973175177e-12,-9.103201474236991e-13,1.5849625007182713,0.0,0.0,1.0000000000009104
nearest_only,24,19,1.0,0.0,0.0,-1.4428232973175177e-12,-9.103201474236991e-13,1.5849625007182713,0.0,0.0,1.0000000000009104
nearest_only,24,20,1.0,0.0,0.0,-1.4428232973175177e-12,-9.103201474236991e-13,1.5849625007182713,0.0,0.0,1.0000000000009104
nearest_only,24,21,1.0,0.0,0.0,-1.4428232973175177e-12,-9.103201474236991e-13,1.5849625007182713,0.0,0.0,1.0000000000009104
nearest_only,24,22,0.0,1.0,0.0,-1.4428232973175177e-12,-9.103201474236991e-13,1.5849625007182713,1.0,1.0000000000009104,0.0
nearest_only,24,23,0.0,1.0,0.0,-1.4428232973175177e-12,-9.103201474236991e-13,1.5849625007182713,1.0,1.0000000000009104,0.0
nearest_only,24,24,0.0,1.0,0.0,-1.4428232973175177e-12,-9.103201474236991e-13,1.5849625007182713,1.0,1.0000000000009104,0.0
nearest_only,25,0,1.0,0.0,0.0,-1.4428232973175177e-12,-9.103201474236991e-13,1.5849625007182713,0.0,0.0,1.0000000000009104
nearest_only,25,1,1.0,0.0,0.0,-1.4428232973175177e-12,-9.103201474236991e-13,1.5849625007182713,0.0,0.0,1.0000000000009104
nearest_only,25,2,1.0,0.0,0.0,-1.4428232973175177e-12,-9.103201474236991e-13,1.5849625007182713,0.0,0.0,1.0000000000009104
nearest_only,25,3,1.0,0.0,0.0,-1.4428232973175177e-12,-9.103201474236991e-13,1.5849625007182713,0.0,0.0,1.0000000000009104
nearest_only,25,4,1.0,0.0,0.0,-1.4428232973175177e-12,-9.103201474236991e-13,1.5849625007182713,0.0,0.0,1.0000000000009104
nearest_only,25,5,1.0,0.0,0.0,-1.4428232973175177e-12,-9.103201474236991e-13,1.5849625007182713,0.0,0.0,1.0000000000009104
nearest_only,25,6,1.0,0.0,0.0,-1.4428232973175177e-12,-9.103201474236991e-13,1.5849625007182713,0.0,0.0,1.0000000000009104
nearest_only,25,7,1.0,0.0,0.0,-1.4428232973175177e-12,-9.103201474236991e-13,1.5849625007182713,0.0,0.0,1.0000000000009104
nearest_only,25,8,1.0,0.0,0.0,-1.4428232973175177e-12,-9.103201474236991e-13,1.5849625007182713,0.0,0.0,1.0000000000009104
nearest_only,25,9,1.0,0.0,0.0,-1.4428232973175177e-12,-9.103201474236991e-13,1.5849625007182713,0.0,0.0,1.0000000000009104
nearest_only,25,10,1.0,0.0,0.0,-1.4428232973175177e-12,-9.103201474236991e-13,1.5849625007182713,0.0,0.0,1.0000000000009104
nearest_only,25,11,1.0,0.0,0.0,-1.4428232973175177e-12,-9.103201474236991e-13,1.5849625007182713,0.0,0.0,1.0000000000009104
nearest_only,25,12,1.0,0.0,0.0,-1.4428232973175177e-12,-9.103201474236991e-13,1.5849625007182713,0.0,0.0,1.0000000000009104
nearest_only,25,13,1.0,0.0,0.0,-1.4428232973175177e-12,-9.103201474236991e-13,1.5849625007182713,0.0,0.0,1.0000000000009104
nearest_only,25,14,1.0,0.0,0.0,-1.4428232973175177e-12,-9.103201474236991e-13,1.5849625007182713,0.0,0.0,1.0000000000009104
nearest_only,25,15,1.0,0.0,0.0,-1.4428232973175177e-12,-9.103201474236991e-13,1.5849625007182713,0.0,0.0,1.0000000000009104
nearest_only,25,16,1.0,0.0,0.0,-1.4428232973175177e-12,-9.103201474236991e-13,1.5849625007182713,0.0,0.0,1.0000000000009104
nearest_only,25,17,1.0,0.0,0.0,-1.4428232973175177e-12,-9.103201474236991e-13,1.5849625007182713,0.0,0.0,1.0000000000009104
nearest_only,25,18,1.0,0.0,0.0,-1.4428232973175177e-12,-9.103201474236991e-13,1.5849625007182713,0.0,0.0,1.0000000000009104
nearest_only,25,19,1.0,0.0,0.0,-1.4428232973175177e-12,-9.103201474236991e-13,1.5849625007182713,0.0,0.0,1.0000000000009104
nearest_only,25,20,1.0,0.0,0.0,-1.4428232973175177e-12,-9.103201474236991e-13,1.5849625007182713,0.0,0.0,1.0000000000009104
nearest_only,25,21,0.0,1.0,0.0,-1.4428232973175177e-12,-9.103201474236991e-13,1.5849625007182713,1.0,1.0000000000009104,0.0
nearest_only,25,22,0.0,1.0,0.0,-1.4428232973175177e-12,-9.103201474236991e-13,1.5849625007182713,1.0,1.0000000000009104,0.0
nearest_only,25,23,0.0,1.0,0.0,-1.4428232973175177e-12,-9.103201474236991e-13,1.5849625007182713,1.0,1.0000000000009104,0.0
nearest_only,25,24,0.0,1.0,0.0,-1.4428232973175177e-12,-9.103201474236991e-13,1.5849625007182713,1.0,1.0000000000009104,0.0
nearest_only,26,0,1.0,0.0,0.0,-1.4428232973175177e-12,-9.103201474236991e-13,1.5849625007182713,0.0,0.0,1.0000000000009104
nearest_only,26,1,1.0,0.0,0.0,-1.4428232973175177e-12,-9.103201474236991e-13,1.5849625007182713,0.0,0.0,1.0000000000009104
nearest_only,26,2,1.0,0.0,0.0,-1.4428232973175177e-12,-9.103201474236991e-13,1.5849625007182713,0.0,0.0,1.0000000000009104
nearest_only,26,3,1.0,0.0,0.0,-1.4428232973175177e-12,-9.103201474236991e-13,1.5849625007182713,0.0,0.0,1.0000000000009104
nearest_only,26,4,1.0,0.0,0.0,-1.4428232973175177e-12,-9.103201474236991e-13,1.5849625007182713,0.0,0.0,1.0000000000009104
nearest_only,26,5,1.0,0.0,0.0,-1.4428232973175177e-12,-9.103201474236991e-13,1.5849625007182713,0.0,0.0,1.0000000000009104
nearest_only,26,6,1.0,0.0,0.0,-1.4428232973175177e-12,-9.103201474236991e-13,1.5849625007182713,0.0,0.0,1.0000000000009104
nearest_only,26,7,1.0,0.0,0.0,-1.4428232973175177e-12,-9.103201474236991e-13,1.5849625007182713,0.0,0.0,1.0000000000009104
nearest_only,26,8,1.0,0.0,0.0,-1.4428232973175177e-12,-9.103201474236991e-13,1.5849625007182713,0.0,0.0,1.0000000000009104
nearest_only,26,9,1.0,0.0,0.0,-1.4428232973175177e-12,-9.103201474236991e-13,1.5849625007182713,0.0,0.0,1.0000000000009104
nearest_only,26,10,1.0,0.0,0.0,-1.4428232973175177e-12,-9.103201474236991e-13,1.5849625007182713,0.0,0.0,1.0000000000009104
nearest_only,26,11,1.0,0.0,0.0,-1.4428232973175177e-12,-9.103201474236991e-13,1.5849625007182713,0.0,0.0,1.0000000000009104
nearest_only,26,12,1.0,0.0,0.0,-1.4428232973175177e-12,-9.103201474236991e-13,1.5849625007182713,0.0,0.0,1.0000000000009104
nearest_only,26,13,1.0,0.0,0.0,-1.4428232973175177e-12,-9.103201474236991e-13,1.5849625007182713,0.0,0.0,1.0000000000009104
nearest_only,26,14,1.0,0.0,0.0,-1.4428232973175177e-12,-9.103201474236991e-13,1.5849625007182713,0.0,0.0,1.0000000000009104
nearest_only,26,15,1.0,0.0,0.0,-1.4428232973175177e-12,-9.103201474236991e-13,1.5849625007182713,0.0,0.0,1.0000000000009104
nearest_only,26,16,1.0,0.0,0.0,-1.4428232973175177e-12,-9.103201474236991e-13,1.5849625007182713,0.0,0.0,1.0000000000009104
nearest_only,26,17,1.0,0.0,0.0,-1.4428232973175177e-12,-9.103201474236991e-13,1.5849625007182713,0.0,0.0,1.0000000000009104
nearest_only,26,18,1.0,0.0,0.0,-1.4428232973175177e-12,-9.103201474236991e-13,1.5849625007182713,0.0,0.0,1.0000000000009104
nearest_only,26,19,1.0,0.0,0.0,-1.4428232973175177e-12,-9.103201474236991e-13,1.5849625007182713,0.0,0.0,1.0000000000009104
nearest_only,26,20,1.0,0.0,0.0,-1.4428232973175177e-12,-9.103201474236991e-13,1.5849625007182713,0.0,0.0,1.0000000000009104
nearest_only,26,21,1.0,0.0,0.0,-1.4428232973175177e-12,-9.103201474236991e-13,1.5849625007182713,0.0,0.0,1.0000000000009104
nearest_only,26,22,1.0,0.0,0.0,-1.4428232973175177e-12,-9.103201474236991e-13,1.5849625007182713,0.0,0.0,1.0000000000009104
nearest_only,26,23,1.0,0.0,0.0,-1.4428232973175177e-12,-9.103201474236991e-13,1.5849625007182713,0.0,0.0,1.0000000000009104
nearest_only,26,24,0.0,0.0,1.0,-1.4428232973175177e-12,-9.103201474236991e-13,1.5849625007182713,1.0,1.0000000000009104,0.0
nearest_only,27,0,1.0,0.0,0.0,-1.4428232973175177e-12,-9.103201474236991e-13,1.5849625007182713,0.0,0.0,1.0000000000009104
nearest_only,27,1,1.0,0.0,0.0,-1.4428232973175177e-12,-9.103201474236991e-13,1.5849625007182713,0.0,0.0,1.0000000000009104
nearest_only,27,2,1.0,0.0,0.0,-1.4428232973175177e-12,-9.103201474236991e-13,1.5849625007182713,0.0,0.0,1.0000000000009104
nearest_only,27,3,1.0,0.0,0.0,-1.4428232973175177e-12,-9.103201474236991e-13,1.5849625007182713,0.0,0.0,1.0000000000009104
nearest_only,27,4,1.0,0.0,0.0,-1.4428232973175177e-12,-9.103201474236991e-13,1.5849625007182713,0.0,0.0,1.0000000000009104
nearest_only,27,5,1.0,0.0,0.0,-1.4428232973175177e-12,-9.103201474236991e-13,1.5849625007182713,0.0,0.0,1.0000000000009104
nearest_only,27,6,1.0,0.0,0.0,-1.4428232973175177e-12,-9.103201474236991e-13,1.5849625007182713,0.0,0.0,1.0000000000009104
nearest_only,27,7,1.0,0.0,0.0,-1.4428232973175177e-12,-9.103201474236991e-13,1.5849625007182713,0.0,0.0,1.0000000000009104
nearest_only,27,8,1.0,0.0,0.0,-1.4428232973175177e-12,-9.103201474236991e-13,1.5849625007182713,0.0,0.0,1.0000000000009104
nearest_only,27,9,1.0,0.0,0.0,-1.4428232973175177e-12,-9.103201474236991e-13,1.5849625007182713,0.0,0.0,1.0000000000009104
nearest_only,27,10,1.0,0.0,0.0,-1.4428232973175177e-12,-9.103201474236991e-13,1.5849625007182713,0.0,0.0,1.0000000000009104
nearest_only,27,11,1.0,0.0,0.0,-1.4428232973175177e-12,-9.103201474236991e-13,1.5849625007182713,0.0,0.0,1.0000000000009104
nearest_only,27,12,1.0,0.0,0.0,-1.4428232973175177e-12,-9.103201474236991e-13,1.5849625007182713,0.0,0.0,1.0000000000009104
nearest_only,27,13,1.0,0.0,0.0,-1.4428232973175177e-12,-9.103201474236991e-13,1.5849625007182713,0.0,0.0,1.0000000000009104
nearest_only,27,14,1.0,0.0,0.0,-1.4428232973175177e-12,-9.103201474236991e-13,1.5849625007182713,0.0,0.0,1.0000000000009104
nearest_only,27,15,1.0,0.0,0.0,-1.4428232973175177e-12,-9.103201474236991e-13,1.5849625007182713,0.0,0.0,1.0000000000009104
nearest_only,27,16,1.0,0.0,0.0,-1.4428232973175177e-12,-9.103201474236991e-13,1.5849625007182713,0.0,0.0,1.0000000000009104
nearest_only,27,17,1.0,0.0,0.0,-1.4428232973175177e-12,-9.103201474236991e-13,1.5849625007182713,0.0,0.0,1.0000000000009104
nearest_only,27,18,1.0,0.0,0.0,-1.4428232973175177e-12,-9.103201474236991e-13,1.5849625007182713,0.0,0.0,1.0000000000009104
nearest_only,27,19,1.0,0.0,0.0,-1.4428232973175177e-12,-9.103201474236991e-13,1.5849625007182713,0.0,0.0,1.0000000000009104
nearest_only,27,20,1.0,0.0,0.0,-1.4428232973175177e-12,-9.103201474236991e-13,1.5849625007182713,0.0,0.0,1.0000000000009104
nearest_only,27,21,1.0,0.0,0.0,-1.4428232973175177e-12,-9.103201474236991e-13,1.5849625007182713,0.0,0.0,1.0000000000009104
nearest_only,27,22,0.0,1.0,0.0,-1.4428232973175177e-12,-9.103201474236991e-13,1.5849625007182713,1.0,1.0000000000009104,0.0
nearest_only,27,23,0.0,1.0,0.0,-1.4428232973175177e-12,-9.103201474236991e-13,1.5849625007182713,1.0,1.0000000000009104,0.0
nearest_only,27,24,0.0,1.0,0.0,-1.4428232973175177e-12,-9.103201474236991e-13,1.5849625007182713,1.0,1.0000000000009104,0.0
nearest_only,28,0,1.0,0.0,0.0,-1.4428232973175177e-12,-9.103201474236991e-13,1.5849625007182713,0.0,0.0,1.0000000000009104
nearest_only,28,1,1.0,0.0,0.0,-1.4428232973175177e-12,-9.103201474236991e-13,1.5849625007182713,0.0,0.0,1.0000000000009104
nearest_only,28,2,1.0,0.0,0.0,-1.4428232973175177e-12,-9.103201474236991e-13,1.5849625007182713,0.0,0.0,1.0000000000009104
nearest_only,28,3,1.0,0.0,0.0,-1.4428232973175177e-12,-9.103201474236991e-13,1.5849625007182713,0.0,0.0,1.0000000000009104
nearest_only,28,4,1.0,0.0,0.0,-1.4428232973175177e-12,-9.103201474236991e-13,1.5849625007182713,0.0,0.0,1.0000000000009104
nearest_only,28,5,1.0,0.0,0.0,-1.4428232973175177e-12,-9.103201474236991e-13,1.5849625007182713,0.0,0.0,1.0000000000009104
nearest_only,28,6,1.0,0.0,0.0,-1.4428232973175177e-12,-9.103201474236991e-13,1.5849625007182713,0.0,0.0,1.0000000000009104
nearest_only,28,7,1.0,0.0,0.0,-1.4428232973175177e-12,-9.103201474236991e-13,1.5849625007182713,0.0,0.0,1.0000000000009104
nearest_only,28,8,1.0,0.0,0.0,-1.4428232973175177e-12,-9.103201474236991e-13,1.5849625007182713,0.0,0.0,1.0000000000009104
nearest_only,28,9,1.0,0.0,0.0,-1.4428232973175177e-12,-9.103201474236991e-13,1.5849625007182713,0.0,0.0,1.0000000000009104
nearest_only,28,10,1.0,0.0,0.0,-1.4428232973175177e-12,-9.103201474236991e-13,1.5849625007182713,0.0,0.0,1.0000000000009104
nearest_only,28,11,1.0,0.0,0.0,-1.4428232973175177e-12,-9.103201474236991e-13,1.5849625007182713,0.0,0.0,1.0000000000009104
nearest_only,28,12,1.0,0.0,0.0,-1.4428232973175177e-12,-9.103201474236991e-13,1.5849625007182713,0.0,0.0,1.0000000000009104
nearest_only,28,13,1.0,0.0,0.0,-1.4428232973175177e-12,-9.103201474236991e-13,1.5849625007182713,0.0,0.0,1.0000000000009104
nearest_only,28,14,1.0,0.0,0.0,-1.4428232973175177e-12,-9.103201474236991e-13,1.5849625007182713,0.0,0.0,1.0000000000009104
nearest_only,28,15,1.0,0.0,0.0,-1.4428232973175177e-12,-9.103201474236991e-13,1.5849625007182713,0.0,0.0,1.0000000000009104
nearest_only,28,16,1.0,0.0,0.0,-1.4428232973175177e-12,-9.103201474236991e-13,1.5849625007182713,0.0,0.0,1.0000000000009104
nearest_only,28,17,1.0,0.0,0.0,-1.4428232973175177e-12,-9.103201474236991e-13,1.5849625007182713,0.0,0.0,1.0000000000009104
nearest_only,28,18,1.0,0.0,0.0,-1.4428232973175177e-12,-9.103201474236991e-13,1.5849625007182713,0.0,0.0,1.0000000000009104
nearest_only,28,19,1.0,0.0,0.0,-1.4428232973175177e-12,-9.103201474236991e-13,1.5849625007182713,0.0,0.0,1.0000000000009104
nearest_only,28,20,1.0,0.0,0.0,-1.4428232973175177e-12,-9.103201474236991e-13,1.5849625007182713,0.0,0.0,1.0000000000009104
nearest_only,28,21,0.0,0.0,1.0,-1.4428232973175177e-12,-9.103201474236991e-13,1.5849625007182713,1.0,1.0000000000009104,0.0
nearest_only,28,22,0.0,0.0,1.0,-1.4428232973175177e-12,-9.103201474236991e-13,1.5849625007182713,1.0,1.0000000000009104,0.0
nearest_only,28,23,0.0,0.0,1.0,-1.4428232973175177e-12,-9.103201474236991e-13,1.5849625007182713,1.0,1.0000000000009104,0.0
nearest_only,28,24,0.0,0.0,1.0,-1.4428232973175177e-12,-9.103201474236991e-13,1.5849625007182713,1.0,1.0000000000009104,0.0
nearest_only,29,0,1.0,0.0,0.0,-1.4428232973175177e-12,-9.103201474236991e-13,1.5849625007182713,0.0,0.0,1.0000000000009104
nearest_only,29,1,1.0,0.0,0.0,-1.4428232973175177e-12,-9.103201474236991e-13,1.5849625007182713,0.0,0.0,1.0000000000009104
nearest_only,29,2,1.0,0.0,0.0,-1.4428232973175177e-12,-9.103201474236991e-13,1.5849625007182713,0.0,0.0,1.0000000000009104
nearest_only,29,3,1.0,0.0,0.0,-1.4428232973175177e-12,-9.103201474236991e-13,1.5849625007182713,0.0,0.0,1.0000000000009104
nearest_only,29,4,1.0,0.0,0.0,-1.4428232973175177e-12,-9.103201474236991e-13,1.5849625007182713,0.0,0.0,1.0000000000009104
nearest_only,29,5,1.0,0.0,0.0,-1.4428232973175177e-12,-9.103201474236991e-13,1.5849625007182713,0.0,0.0,1.0000000000009104
nearest_only,29,6,1.0,0.0,0.0,-1.4428232973175177e-12,-9.103201474236991e-13,1.5849625007182713,0.0,0.0,1.0000000000009104
nearest_only,29,7,1.0,0.0,0.0,-1.4428232973175177e-12,-9.103201474236991e-13,1.5849625007182713,0.0,0.0,1.0000000000009104
nearest_only,29,8,1.0,0.0,0.0,-1.4428232973175177e-12,-9.103201474236991e-13,1.5849625007182713,0.0,0.0,1.0000000000009104
nearest_only,29,9,1.0,0.0,0.0,-1.4428232973175177e-12,-9.103201474236991e-13,1.5849625007182713,0.0,0.0,1.0000000000009104
nearest_only,29,10,1.0,0.0,0.0,-1.4428232973175177e-12,-9.103201474236991e-13,1.5849625007182713,0.0,0.0,1.0000000000009104
nearest_only,29,11,1.0,0.0,0.0,-1.4428232973175177e-12,-9.103201474236991e-13,1.5849625007182713,0.0,0.0,1.0000000000009104
nearest_only,29,12,1.0,0.0,0.0,-1.4428232973175177e-12,-9.103201474236991e-13,1.5849625007182713,0.0,0.0,1.0000000000009104
nearest_only,29,13,1.0,0.0,0.0,-1.4428232973175177e-12,-9.103201474236991e-13,1.5849625007182713,0.0,0.0,1.0000000000009104
nearest_only,29,14,1.0,0.0,0.0,-1.4428232973175177e-12,-9.103201474236991e-13,1.5849625007182713,0.0,0.0,1.0000000000009104
nearest_only,29,15,1.0,0.0,0.0,-1.4428232973175177e-12,-9.103201474236991e-13,1.5849625007182713,0.0,0.0,1.0000000000009104
nearest_only,29,16,1.0,0.0,0.0,-1.4428232973175177e-12,-9.103201474236991e-13,1.5849625007182713,0.0,0.0,1.0000000000009104
nearest_only,29,17,1.0,0.0,0.0,-1.4428232973175177e-12,-9.103201474236991e-13,1.5849625007182713,0.0,0.0,1.0000000000009104
nearest_only,29,18,1.0,0.0,0.0,-1.4428232973175177e-12,-9.103201474236991e-13,1.5849625007182713,0.0,0.0,1.0000000000009104
nearest_only,29,19,1.0,0.0,0.0,-1.4428232973175177e-12,-9.103201474236991e-13,1.5849625007182713,0.0,0.0,1.0000000000009104
nearest_only,29,20,1.0,0.0,0.0,-1.4428232973175177e-12,-9.103201474236991e-13,1.5849625007182713,0.0,0.0,1.0000000000009104
nearest_only,29,21,0.0,0.0,1.0,-1.4428232973175177e-12,-9.103201474236991e-13,1.5849625007182713,1.0,1.0000000000009104,0.0
nearest_only,29,22,0.0,0.0,1.0,-1.4428232973175177e-12,-9.103201474236991e-13,1.5849625007182713,1.0,1.0000000000009104,0.0
nearest_only,29,23,0.0,0.0,1.0,-1.4428232973175177e-12,-9.103201474236991e-13,1.5849625007182713,1.0,1.0000000000009104,0.0
nearest_only,29,24,0.0,0.0,1.0,-1.4428232973175177e-12,-9.103201474236991e-13,1.5849625007182713,1.0,1.0000000000009104,0.0
nearest_only,30,0,1.0,0.0,0.0,-1.4428232973175177e-12,-9.103201474236991e-13,1.5849625007182713,0.0,0.0,1.0000000000009104
nearest_only,30,1,1.0,0.0,0.0,-1.4428232973175177e-12,-9.103201474236991e-13,1.5849625007182713,0.0,0.0,1.0000000000009104
nearest_only,30,2,1.0,0.0,0.0,-1.4428232973175177e-12,-9.103201474236991e-13,1.5849625007182713,0.0,0.0,1.0000000000009104
nearest_only,30,3,1.0,0.0,0.0,-1.4428232973175177e-12,-9.103201474236991e-13,1.5849625007182713,0.0,0.0,1.0000000000009104
nearest_only,30,4,1.0,0.0,0.0,-1.4428232973175177e-12,-9.103201474236991e-13,1.5849625007182713,0.0,0.0,1.0000000000009104
nearest_only,30,5,1.0,0.0,0.0,-1.4428232973175177e-12,-9.103201474236991e-13,1.5849625007182713,0.0,0.0,1.0000000000009104
nearest_only,30,6,1.0,0.0,0.0,-1.4428232973175177e-12,-9.103201474236991e-13,1.5849625007182713,0.0,0.0,1.0000000000009104
nearest_only,30,7,1.0,0.0,0.0,-1.4428232973175177e-12,-9.103201474236991e-13,1.5849625007182713,0.0,0.0,1.0000000000009104
nearest_only,30,8,1.0,0.0,0.0,-1.4428232973175177e-12,-9.103201474236991e-13,1.5849625007182713,0.0,0.0,1.0000000000009104
nearest_only,30,9,1.0,0.0,0.0,-1.4428232973175177e-12,-9.103201474236991e-13,1.5849625007182713,0.0,0.0,1.0000000000009104
nearest_only,30,10,1.0,0.0,0.0,-1.4428232973175177e-12,-9.103201474236991e-13,1.5849625007182713,0.0,0.0,1.0000000000009104
nearest_only,30,11,1.0,0.0,0.0,-1.4428232973175177e-12,-9.103201474236991e-13,1.5849625007182713,0.0,0.0,1.0000000000009104
nearest_only,30,12,1.0,0.0,0.0,-1.4428232973175177e-12,-9.103201474236991e-13,1.5849625007182713,0.0,0.0,1.0000000000009104
nearest_only,30,13,1.0,0.0,0.0,-1.4428232973175177e-12,-9.103201474236991e-13,1.5849625007182713,0.0,0.0,1.0000000000009104
nearest_only,30,14,1.0,0.0,0.0,-1.4428232973175177e-12,-9.103201474236991e-13,1.5849625007182713,0.0,0.0,1.0000000000009104
nearest_only,30,15,1.0,0.0,0.0,-1.4428232973175177e-12,-9.103201474236991e-13,1.5849625007182713,0.0,0.0,1.0000000000009104
nearest_only,30,16,1.0,0.0,0.0,-1.4428232973175177e-12,-9.103201474236991e-13,1.5849625007182713,0.0,0.0,1.0000000000009104
nearest_only,30,17,1.0,0.0,0.0,-1.4428232973175177e-12,-9.103201474236991e-13,1.5849625007182713,0.0,0.0,1.0000000000009104
nearest_only,30,18,1.0,0.0,0.0,-1.4428232973175177e-12,-9.103201474236991e-13,1.5849625007182713,0.0,0.0,1.0000000000009104
nearest_only,30,19,1.0,0.0,0.0,-1.4428232973175177e-12,-9.103201474236991e-13,1.5849625007182713,0.0,0.0,1.0000000000009104
nearest_only,30,20,1.0,0.0,0.0,-1.4428232973175177e-12,-9.103201474236991e-13,1.5849625007182713,0.0,0.0,1.0000000000009104
nearest_only,30,21,1.0,0.0,0.0,-1.4428232973175177e-12,-9.103201474236991e-13,1.5849625007182713,0.0,0.0,1.0000000000009104
nearest_only,30,22,1.0,0.0,0.0,-1.4428232973175177e-12,-9.103201474236991e-13,1.5849625007182713,0.0,0.0,1.0000000000009104
nearest_only,30,23,0.0,1.0,0.0,-1.4428232973175177e-12,-9.103201474236991e-13,1.5849625007182713,1.0,1.0000000000009104,0.0
nearest_only,30,24,0.0,1.0,0.0,-1.4428232973175177e-12,-9.103201474236991e-13,1.5849625007182713,1.0,1.0000000000009104,0.0
nearest_only,31,0,1.0,0.0,0.0,-1.4428232973175177e-12,-9.103201474236991e-13,1.5849625007182713,0.0,0.0,1.0000000000009104
nearest_only,31,1,1.0,0.0,0.0,-1.4428232973175177e-12,-9.103201474236991e-13,1.5849625007182713,0.0,0.0,1.0000000000009104
nearest_only,31,2,1.0,0.0,0.0,-1.4428232973175177e-12,-9.103201474236991e-13,1.5849625007182713,0.0,0.0,1.0000000000009104
nearest_only,31,3,1.0,0.0,0.0,-1.4428232973175177e-12,-9.103201474236991e-13,1.5849625007182713,0.0,0.0,1.0000000000009104
nearest_only,31,4,1.0,0.0,0.0,-1.4428232973175177e-12,-9.103201474236991e-13,1.5849625007182713,0.0,0.0,1.0000000000009104
nearest_only,31,5,1.0,0.0,0.0,-1.4428232973175177e-12,-9.103201474236991e-13,1.5849625007182713,0.0,0.0,1.0000000000009104
nearest_only,31,6,1.0,0.0,0.0,-1.4428232973175177e-12,-9.103201474236991e-13,1.5849625007182713,0.0,0.0,1.0000000000009104
nearest_only,31,7,1.0,0.0,0.0,-1.4428232973175177e-12,-9.103201474236991e-13,1.5849625007182713,0.0,0.0,1.0000000000009104
nearest_only,31,8,1.0,0.0,0.0,-1.4428232973175177e-12,-9.103201474236991e-13,1.5849625007182713,0.0,0.0,1.0000000000009104
nearest_only,31,9,1.0,0.0,0.0,-1.4428232973175177e-12,-9.103201474236991e-13,1.5849625007182713,0.0,0.0,1.0000000000009104
nearest_only,31,10,1.0,0.0,0.0,-1.4428232973175177e-12,-9.103201474236991e-13,1.5849625007182713,0.0,0.0,1.0000000000009104
nearest_only,31,11,1.0,0.0,0.0,-1.4428232973175177e-12,-9.103201474236991e-13,1.5849625007182713,0.0,0.0,1.0000000000009104
nearest_only,31,12,1.0,0.0,0.0,-1.4428232973175177e-12,-9.103201474236991e-13,1.5849625007182713,0.0,0.0,1.0000000000009104
nearest_only,31,13,1.0,0.0,0.0,-1.4428232973175177e-12,-9.103201474236991e-13,1.5849625007182713,0.0,0.0,1.0000000000009104
nearest_only,31,14,1.0,0.0,0.0,-1.4428232973175177e-12,-9.103201474236991e-13,1.5849625007182713,0.0,0.0,1.0000000000009104
nearest_only,31,15,1.0,0.0,0.0,-1.4428232973175177e-12,-9.103201474236991e-13,1.5849625007182713,0.0,0.0,1.0000000000009104
nearest_only,31,16,1.0,0.0,0.0,-1.4428232973175177e-12,-9.103201474236991e-13,1.5849625007182713,0.0,0.0,1.0000000000009104
nearest_only,31,17,1.0,0.0,0.0,-1.4428232973175177e-12,-9.103201474236991e-13,1.5849625007182713,0.0,0.0,1.0000000000009104
nearest_only,31,18,1.0,0.0,0.0,-1.4428232973175177e-12,-9.103201474236991e-13,1.5849625007182713,0.0,0.0,1.0000000000009104
nearest_only,31,19,1.0,0.0,0.0,-1.4428232973175177e-12,-9.103201474236991e-13,1.5849625007182713,0.0,0.0,1.0000000000009104
nearest_only,31,20,1.0,0.0,0.0,-1.4428232973175177e-12,-9.103201474236991e-13,1.5849625007182713,0.0,0.0,1.0000000000009104
nearest_only,31,21,1.0,0.0,0.0,-1.4428232973175177e-12,-9.103201474236991e-13,1.5849625007182713,0.0,0.0,1.0000000000009104
nearest_only,31,22,1.0,0.0,0.0,-1.4428232973175177e-12,-9.103201474236991e-13,1.5849625007182713,0.0,0.0,1.0000000000009104
nearest_only,31,23,1.0,0.0,0.0,-1.4428232973175177e-12,-9.103201474236991e-13,1.5849625007182713,0.0,0.0,1.0000000000009104
nearest_only,31,24,1.0,0.0,0.0,-1.4428232973175177e-12,-9.103201474236991e-13,1.5849625007182713,0.0,0.0,1.0000000000009104
nearest_only,32,0,1.0,0.0,0.0,-1.4428232973175177e-12,-9.103201474236991e-13,1.5849625007182713,0.0,0.0,1.0000000000009104
nearest_only,32,1,1.0,0.0,0.0,-1.4428232973175177e-12,-9.103201474236991e-13,1.5849625007182713,0.0,0.0,1.0000000000009104
nearest_only,32,2,1.0,0.0,0.0,-1.4428232973175177e-12,-9.103201474236991e-13,1.5849625007182713,0.0,0.0,1.0000000000009104
nearest_only,32,3,1.0,0.0,0.0,-1.4428232973175177e-12,-9.103201474236991e-13,1.5849625007182713,0.0,0.0,1.0000000000009104
nearest_only,32,4,1.0,0.0,0.0,-1.4428232973175177e-12,-9.103201474236991e-13,1.5849625007182713,0.0,0.0,1.0000000000009104
nearest_only,32,5,1.0,0.0,0.0,-1.4428232973175177e-12,-9.103201474236991e-13,1.5849625007182713,0.0,0.0,1.0000000000009104
nearest_only,32,6,1.0,0.0,0.0,-1.4428232973175177e-12,-9.103201474236991e-13,1.5849625007182713,0.0,0.0,1.0000000000009104
nearest_only,32,7,1.0,0.0,0.0,-1.4428232973175177e-12,-9.103201474236991e-13,1.5849625007182713,0.0,0.0,1.0000000000009104
nearest_only,32,8,1.0,0.0,0.0,-1.4428232973175177e-12,-9.103201474236991e-13,1.5849625007182713,0.0,0.0,1.0000000000009104
nearest_only,32,9,1.0,0.0,0.0,-1.4428232973175177e-12,-9.103201474236991e-13,1.5849625007182713,0.0,0.0,1.0000000000009104
nearest_only,32,10,1.0,0.0,0.0,-1.4428232973175177e-12,-9.103201474236991e-13,1.5849625007182713,0.0,0.0,1.0000000000009104
nearest_only,32,11,1.0,0.0,0.0,-1.4428232973175177e-12,-9.103201474236991e-13,1.5849625007182713,0.0,0.0,1.0000000000009104
nearest_only,32,12,1.0,0.0,0.0,-1.4428232973175177e-12,-9.103201474236991e-13,1.5849625007182713,0.0,0.0,1.0000000000009104
nearest_only,32,13,1.0,0.0,0.0,-1.4428232973175177e-12,-9.103201474236991e-13,1.5849625007182713,0.0,0.0,1.0000000000009104
nearest_only,32,14,1.0,0.0,0.0,-1.4428232973175177e-12,-9.103201474236991e-13,1.5849625007182713,0.0,0.0,1.0000000000009104
nearest_only,32,15,1.0,0.0,0.0,-1.4428232973175177e-12,-9.103201474236991e-13,1.5849625007182713,0.0,0.0,1.0000000000009104
nearest_only,32,16,1.0,0.0,0.0,-1.4428232973175177e-12,-9.103201474236991e-13,1.5849625007182713,0.0,0.0,1.0000000000009104
nearest_only,32,17,1.0,0.0,0.0,-1.4428232973175177e-12,-9.103201474236991e-13,1.5849625007182713,0.0,0.0,1.0000000000009104
nearest_only,32,18,1.0,0.0,0.0,-1.4428232973175177e-12,-9.103201474236991e-13,1.5849625007182713,0.0,0.0,1.0000000000009104
nearest_only,32,19,1.0,0.0,0.0,-1.4428232973175177e-12,-9.103201474236991e-13,1.5849625007182713,0.0,0.0,1.0000000000009104
nearest_only,32,20,1.0,0.0,0.0,-1.4428232973175177e-12,-9.103201474236991e-13,1.5849625007182713,0.0,0.0,1.0000000000009104
nearest_only,32,21,1.0,0.0,0.0,-1.4428232973175177e-12,-9.103201474236991e-13,1.5849625007182713,0.0,0.0,1.0000000000009104
nearest_only,32,22,1.0,0.0,0.0,-1.4428232973175177e-12,-9.103201474236991e-13,1.5849625007182713,0.0,0.0,1.0000000000009104
nearest_only,32,23,1.0,0.0,0.0,-1.4428232973175177e-12,-9.103201474236991e-13,1.5849625007182713,0.0,0.0,1.0000000000009104
nearest_only,32,24,1.0,0.0,0.0,-1.4428232973175177e-12,-9.103201474236991e-13,1.5849625007182713,0.0,0.0,1.0000000000009104
nearest_only,33,0,1.0,0.0,0.0,-1.4428232973175177e-12,-9.103201474236991e-13,1.5849625007182713,0.0,0.0,1.0000000000009104
nearest_only,33,1,1.0,0.0,0.0,-1.4428232973175177e-12,-9.103201474236991e-13,1.5849625007182713,0.0,0.0,1.0000000000009104
nearest_only,33,2,1.0,0.0,0.0,-1.4428232973175177e-12,-9.103201474236991e-13,1.5849625007182713,0.0,0.0,1.0000000000009104
nearest_only,33,3,1.0,0.0,0.0,-1.4428232973175177e-12,-9.103201474236991e-13,1.5849625007182713,0.0,0.0,1.0000000000009104
nearest_only,33,4,1.0,0.0,0.0,-1.4428232973175177e-12,-9.103201474236991e-13,1.5849625007182713,0.0,0.0,1.0000000000009104
nearest_only,33,5,1.0,0.0,0.0,-1.4428232973175177e-12,-9.103201474236991e-13,1.5849625007182713,0.0,0.0,1.0000000000009104
nearest_only,33,6,1.0,0.0,0.0,-1.4428232973175177e-12,-9.103201474236991e-13,1.5849625007182713,0.0,0.0,1.0000000000009104
nearest_only,33,7,1.0,0.0,0.0,-1.4428232973175177e-12,-9.103201474236991e-13,1.5849625007182713,0.0,0.0,1.0000000000009104
nearest_only,33,8,1.0,0.0,0.0,-1.4428232973175177e-12,-9.103201474236991e-13,1.5849625007182713,0.0,0.0,1.0000000000009104
nearest_only,33,9,1.0,0.0,0.0,-1.4428232973175177e-12,-9.103201474236991e-13,1.5849625007182713,0.0,0.0,1.0000000000009104
nearest_only,33,10,1.0,0.0,0.0,-1.4428232973175177e-12,-9.103201474236991e-13,1.5849625007182713,0.0,0.0,1.0000000000009104
nearest_only,33,11,1.0,0.0,0.0,-1.4428232973175177e-12,-9.103201474236991e-13,1.5849625007182713,0.0,0.0,1.0000000000009104
nearest_only,33,12,1.0,0.0,0.0,-1.4428232973175177e-12,-9.103201474236991e-13,1.5849625007182713,0.0,0.0,1.0000000000009104
nearest_only,33,13,1.0,0.0,0.0,-1.4428232973175177e-12,-9.103201474236991e-13,1.5849625007182713,0.0,0.0,1.0000000000009104
nearest_only,33,14,1.0,0.0,0.0,-1.4428232973175177e-12,-9.103201474236991e-13,1.5849625007182713,0.0,0.0,1.0000000000009104
nearest_only,33,15,1.0,0.0,0.0,-1.4428232973175177e-12,-9.103201474236991e-13,1.5849625007182713,0.0,0.0,1.0000000000009104
nearest_only,33,16,1.0,0.0,0.0,-1.4428232973175177e-12,-9.103201474236991e-13,1.5849625007182713,0.0,0.0,1.0000000000009104
nearest_only,33,17,1.0,0.0,0.0,-1.4428232973175177e-12,-9.103201474236991e-13,1.5849625007182713,0.0,0.0,1.0000000000009104
nearest_only,33,18,1.0,0.0,0.0,-1.4428232973175177e-12,-9.103201474236991e-13,1.5849625007182713,0.0,0.0,1.0000000000009104
nearest_only,33,19,1.0,0.0,0.0,-1.4428232973175177e-12,-9.103201474236991e-13,1.5849625007182713,0.0,0.0,1.0000000000009104
nearest_only,33,20,1.0,0.0,0.0,-1.4428232973175177e-12,-9.103201474236991e-13,1.5849625007182713,0.0,0.0,1.0000000000009104
nearest_only,33,21,1.0,0.0,0.0,-1.4428232973175177e-12,-9.103201474236991e-13,1.5849625007182713,0.0,0.0,1.0000000000009104
nearest_only,33,22,1.0,0.0,0.0,-1.4428232973175177e-12,-9.103201474236991e-13,1.5849625007182713,0.0,0.0,1.0000000000009104
nearest_only,33,23,0.0,1.0,0.0,-1.4428232973175177e-12,-9.103201474236991e-13,1.5849625007182713,1.0,1.0000000000009104,0.0
nearest_only,33,24,0.0,1.0,0.0,-1.4428232973175177e-12,-9.103201474236991e-13,1.5849625007182713,1.0,1.0000000000009104,0.0
nearest_only,34,0,1.0,0.0,0.0,-1.4428232973175177e-12,-9.103201474236991e-13,1.5849625007182713,0.0,0.0,1.0000000000009104
nearest_only,34,1,1.0,0.0,0.0,-1.4428232973175177e-12,-9.103201474236991e-13,1.5849625007182713,0.0,0.0,1.0000000000009104
nearest_only,34,2,1.0,0.0,0.0,-1.4428232973175177e-12,-9.103201474236991e-13,1.5849625007182713,0.0,0.0,1.0000000000009104
nearest_only,34,3,1.0,0.0,0.0,-1.4428232973175177e-12,-9.103201474236991e-13,1.5849625007182713,0.0,0.0,1.0000000000009104
nearest_only,34,4,1.0,0.0,0.0,-1.4428232973175177e-12,-9.103201474236991e-13,1.5849625007182713,0.0,0.0,1.0000000000009104
nearest_only,34,5,1.0,0.0,0.0,-1.4428232973175177e-12,-9.103201474236991e-13,1.5849625007182713,0.0,0.0,1.0000000000009104
nearest_only,34,6,1.0,0.0,0.0,-1.4428232973175177e-12,-9.103201474236991e-13,1.5849625007182713,0.0,0.0,1.0000000000009104
nearest_only,34,7,1.0,0.0,0.0,-1.4428232973175177e-12,-9.103201474236991e-13,1.5849625007182713,0.0,0.0,1.0000000000009104
nearest_only,34,8,1.0,0.0,0.0,-1.4428232973175177e-12,-9.103201474236991e-13,1.5849625007182713,0.0,0.0,1.0000000000009104
nearest_only,34,9,1.0,0.0,0.0,-1.4428232973175177e-12,-9.103201474236991e-13,1.5849625007182713,0.0,0.0,1.0000000000009104
nearest_only,34,10,1.0,0.0,0.0,-1.4428232973175177e-12,-9.103201474236991e-13,1.5849625007182713,0.0,0.0,1.0000000000009104
nearest_only,34,11,1.0,0.0,0.0,-1.4428232973175177e-12,-9.103201474236991e-13,1.5849625007182713,0.0,0.0,1.0000000000009104
nearest_only,34,12,1.0,0.0,0.0,-1.4428232973175177e-12,-9.103201474236991e-13,1.5849625007182713,0.0,0.0,1.0000000000009104
nearest_only,34,13,1.0,0.0,0.0,-1.4428232973175177e-12,-9.103201474236991e-13,1.5849625007182713,0.0,0.0,1.0000000000009104
nearest_only,34,14,1.0,0.0,0.0,-1.4428232973175177e-12,-9.103201474236991e-13,1.5849625007182713,0.0,0.0,1.0000000000009104
nearest_only,34,15,1.0,0.0,0.0,-1.4428232973175177e-12,-9.103201474236991e-13,1.5849625007182713,0.0,0.0,1.0000000000009104
nearest_only,34,16,1.0,0.0,0.0,-1.4428232973175177e-12,-9.103201474236991e-13,1.5849625007182713,0.0,0.0,1.0000000000009104
nearest_only,34,17,1.0,0.0,0.0,-1.4428232973175177e-12,-9.103201474236991e-13,1.5849625007182713,0.0,0.0,1.0000000000009104
nearest_only,34,18,1.0,0.0,0.0,-1.4428232973175177e-12,-9.103201474236991e-13,1.5849625007182713,0.0,0.0,1.0000000000009104
nearest_only,34,19,1.0,0.0,0.0,-1.4428232973175177e-12,-9.103201474236991e-13,1.5849625007182713,0.0,0.0,1.0000000000009104
nearest_only,34,20,1.0,0.0,0.0,-1.4428232973175177e-12,-9.103201474236991e-13,1.5849625007182713,0.0,0.0,1.0000000000009104
nearest_only,34,21,0.0,0.0,1.0,-1.4428232973175177e-12,-9.103201474236991e-13,1.5849625007182713,1.0,1.0000000000009104,0.0
nearest_only,34,22,0.0,0.0,1.0,-1.4428232973175177e-12,-9.103201474236991e-13,1.5849625007182713,1.0,1.0000000000009104,0.0
nearest_only,34,23,0.0,0.0,1.0,-1.4428232973175177e-12,-9.103201474236991e-13,1.5849625007182713,1.0,1.0000000000009104,0.0
nearest_only,34,24,0.0,0.0,1.0,-1.4428232973175177e-12,-9.103201474236991e-13,1.5849625007182713,1.0,1.0000000000009104,0.0
nearest_only,35,0,1.0,0.0,0.0,-1.4428232973175177e-12,-9.103201474236991e-13,1.5849625007182713,0.0,0.0,1.0000000000009104
nearest_only,35,1,1.0,0.0,0.0,-1.4428232973175177e-12,-9.103201474236991e-13,1.5849625007182713,0.0,0.0,1.0000000000009104
nearest_only,35,2,1.0,0.0,0.0,-1.4428232973175177e-12,-9.103201474236991e-13,1.5849625007182713,0.0,0.0,1.0000000000009104
nearest_only,35,3,1.0,0.0,0.0,-1.4428232973175177e-12,-9.103201474236991e-13,1.5849625007182713,0.0,0.0,1.0000000000009104
nearest_only,35,4,1.0,0.0,0.0,-1.4428232973175177e-12,-9.103201474236991e-13,1.5849625007182713,0.0,0.0,1.0000000000009104
nearest_only,35,5,1.0,0.0,0.0,-1.4428232973175177e-12,-9.103201474236991e-13,1.5849625007182713,0.0,0.0,1.0000000000009104
nearest_only,35,6,1.0,0.0,0.0,-1.4428232973175177e-12,-9.103201474236991e-13,1.5849625007182713,0.0,0.0,1.0000000000009104
nearest_only,35,7,1.0,0.0,0.0,-1.4428232973175177e-12,-9.103201474236991e-13,1.5849625007182713,0.0,0.0,1.0000000000009104
nearest_only,35,8,1.0,0.0,0.0,-1.4428232973175177e-12,-9.103201474236991e-13,1.5849625007182713,0.0,0.0,1.0000000000009104
nearest_only,35,9,1.0,0.0,0.0,-1.4428232973175177e-12,-9.103201474236991e-13,1.5849625007182713,0.0,0.0,1.0000000000009104
nearest_only,35,10,1.0,0.0,0.0,-1.4428232973175177e-12,-9.103201474236991e-13,1.5849625007182713,0.0,0.0,1.0000000000009104
nearest_only,35,11,1.0,0.0,0.0,-1.4428232973175177e-12,-9.103201474236991e-13,1.5849625007182713,0.0,0.0,1.0000000000009104
nearest_only,35,12,1.0,0.0,0.0,-1.4428232973175177e-12,-9.103201474236991e-13,1.5849625007182713,0.0,0.0,1.0000000000009104
nearest_only,35,13,1.0,0.0,0.0,-1.4428232973175177e-12,-9.103201474236991e-13,1.5849625007182713,0.0,0.0,1.0000000000009104
nearest_only,35,14,1.0,0.0,0.0,-1.4428232973175177e-12,-9.103201474236991e-13,1.5849625007182713,0.0,0.0,1.0000000000009104
nearest_only,35,15,1.0,0.0,0.0,-1.4428232973175177e-12,-9.103201474236991e-13,1.5849625007182713,0.0,0.0,1.0000000000009104
nearest_only,35,16,1.0,0.0,0.0,-1.4428232973175177e-12,-9.103201474236991e-13,1.5849625007182713,0.0,0.0,1.0000000000009104
nearest_only,35,17,1.0,0.0,0.0,-1.4428232973175177e-12,-9.103201474236991e-13,1.5849625007182713,0.0,0.0,1.0000000000009104
nearest_only,35,18,1.0,0.0,0.0,-1.4428232973175177e-12,-9.103201474236991e-13,1.5849625007182713,0.0,0.0,1.0000000000009104
nearest_only,35,19,1.0,0.0,0.0,-1.4428232973175177e-12,-9.103201474236991e-13,1.5849625007182713,0.0,0.0,1.0000000000009104
nearest_only,35,20,1.0,0.0,0.0,-1.4428232973175177e-12,-9.103201474236991e-13,1.5849625007182713,0.0,0.0,1.0000000000009104
nearest_only,35,21,0.0,0.0,1.0,-1.4428232973175177e-12,-9.103201474236991e-13,1.5849625007182713,1.0,1.0000000000009104,0.0
nearest_only,35,22,0.0,0.0,1.0,-1.4428232973175177e-12,-9.103201474236991e-13,1.5849625007182713,1.0,1.0000000000009104,0.0
nearest_only,35,23,0.0,0.0,1.0,-1.4428232973175177e-12,-9.103201474236991e-13,1.5849625007182713,1.0,1.0000000000009104,0.0
nearest_only,35,24,0.0,0.0,1.0,-1.4428232973175177e-12,-9.103201474236991e-13,1.5849625007182713,1.0,1.0000000000009104,0.0
nearest_only,36,0,1.0,0.0,0.0,-1.4428232973175177e-12,-9.103201474236991e-13,1.5849625007182713,0.0,0.0,1.0000000000009104
nearest_only,36,1,1.0,0.0,0.0,-1.4428232973175177e-12,-9.103201474236991e-13,1.5849625007182713,0.0,0.0,1.0000000000009104
nearest_only,36,2,1.0,0.0,0.0,-1.4428232973175177e-12,-9.103201474236991e-13,1.5849625007182713,0.0,0.0,1.0000000000009104
nearest_only,36,3,1.0,0.0,0.0,-1.4428232973175177e-12,-9.103201474236991e-13,1.5849625007182713,0.0,0.0,1.0000000000009104
nearest_only,36,4,1.0,0.0,0.0,-1.4428232973175177e-12,-9.103201474236991e-13,1.5849625007182713,0.0,0.0,1.0000000000009104
nearest_only,36,5,1.0,0.0,0.0,-1.4428232973175177e-12,-9.103201474236991e-13,1.5849625007182713,0.0,0.0,1.0000000000009104
nearest_only,36,6,1.0,0.0,0.0,-1.4428232973175177e-12,-9.103201474236991e-13,1.5849625007182713,0.0,0.0,1.0000000000009104
nearest_only,36,7,1.0,0.0,0.0,-1.4428232973175177e-12,-9.103201474236991e-13,1.5849625007182713,0.0,0.0,1.0000000000009104
nearest_only,36,8,1.0,0.0,0.0,-1.4428232973175177e-12,-9.103201474236991e-13,1.5849625007182713,0.0,0.0,1.0000000000009104
nearest_only,36,9,1.0,0.0,0.0,-1.4428232973175177e-12,-9.103201474236991e-13,1.5849625007182713,0.0,0.0,1.0000000000009104
nearest_only,36,10,1.0,0.0,0.0,-1.4428232973175177e-12,-9.103201474236991e-13,1.5849625007182713,0.0,0.0,1.0000000000009104
nearest_only,36,11,1.0,0.0,0.0,-1.4428232973175177e-12,-9.103201474236991e-13,1.5849625007182713,0.0,0.0,1.0000000000009104
nearest_only,36,12,1.0,0.0,0.0,-1.4428232973175177e-12,-9.103201474236991e-13,1.5849625007182713,0.0,0.0,1.0000000000009104
nearest_only,36,13,1.0,0.0,0.0,-1.4428232973175177e-12,-9.103201474236991e-13,1.5849625007182713,0.0,0.0,1.0000000000009104
nearest_only,36,14,1.0,0.0,0.0,-1.4428232973175177e-12,-9.103201474236991e-13,1.5849625007182713,0.0,0.0,1.0000000000009104
nearest_only,36,15,1.0,0.0,0.0,-1.4428232973175177e-12,-9.103201474236991e-13,1.5849625007182713,0.0,0.0,1.0000000000009104
nearest_only,36,16,1.0,0.0,0.0,-1.4428232973175177e-12,-9.103201474236991e-13,1.5849625007182713,0.0,0.0,1.0000000000009104
nearest_only,36,17,1.0,0.0,0.0,-1.4428232973175177e-12,-9.103201474236991e-13,1.5849625007182713,0.0,0.0,1.0000000000009104
nearest_only,36,18,1.0,0.0,0.0,-1.4428232973175177e-12,-9.103201474236991e-13,1.5849625007182713,0.0,0.0,1.0000000000009104
nearest_only,36,19,1.0,0.0,0.0,-1.4428232973175177e-12,-9.103201474236991e-13,1.5849625007182713,0.0,0.0,1.0000000000009104
nearest_only,36,20,1.0,0.0,0.0,-1.4428232973175177e-12,-9.103201474236991e-13,1.5849625007182713,0.0,0.0,1.0000000000009104
nearest_only,36,21,1.0,0.0,0.0,-1.4428232973175177e-12,-9.103201474236991e-13,1.5849625007182713,0.0,0.0,1.0000000000009104
nearest_only,36,22,0.0,0.4,0.6,0.9709505944517833,0.6126016192875238,0.6140119062650451,1.0,0.38739838071247623,0.0
nearest_only,36,23,0.0,0.4,0.6,0.9709505944517833,0.6126016192875238,0.6140119062650451,1.0,0.38739838071247623,0.0
nearest_only,36,24,0.0,0.4,0.6,0.9709505944517833,0.6126016192875238,0.6140119062650451,1.0,0.38739838071247623,0.0
nearest_only,37,0,1.0,0.0,0.0,-1.4428232973175177e-12,-9.103201474236991e-13,1.5849625007182713,0.0,0.0,1.0000000000009104
nearest_only,37,1,1.0,0.0,0.0,-1.4428232973175177e-12,-9.103201474236991e-13,1.5849625007182713,0.0,0.0,1.0000000000009104
nearest_only,37,2,1.0,0.0,0.0,-1.4428232973175177e-12,-9.103201474236991e-13,1.5849625007182713,0.0,0.0,1.0000000000009104
nearest_only,37,3,1.0,0.0,0.0,-1.4428232973175177e-12,-9.103201474236991e-13,1.5849625007182713,0.0,0.0,1.0000000000009104
nearest_only,37,4,1.0,0.0,0.0,-1.4428232973175177e-12,-9.103201474236991e-13,1.5849625007182713,0.0,0.0,1.0000000000009104
nearest_only,37,5,1.0,0.0,0.0,-1.4428232973175177e-12,-9.103201474236991e-13,1.5849625007182713,0.0,0.0,1.0000000000009104
nearest_only,37,6,1.0,0.0,0.0,-1.4428232973175177e-12,-9.103201474236991e-13,1.5849625007182713,0.0,0.0,1.0000000000009104
nearest_only,37,7,1.0,0.0,0.0,-1.4428232973175177e-12,-9.103201474236991e-13,1.5849625007182713,0.0,0.0,1.0000000000009104
nearest_only,37,8,1.0,0.0,0.0,-1.4428232973175177e-12,-9.103201474236991e-13,1.5849625007182713,0.0,0.0,1.0000000000009104
nearest_only,37,9,1.0,0.0,0.0,-1.4428232973175177e-12,-9.103201474236991e-13,1.5849625007182713,0.0,0.0,1.0000000000009104
nearest_only,37,10,1.0,0.0,0.0,-1.4428232973175177e-12,-9.103201474236991e-13,1.5849625007182713,0.0,0.0,1.0000000000009104
nearest_only,37,11,1.0,0.0,0.0,-1.4428232973175177e-12,-9.103201474236991e-13,1.5849625007182713,0.0,0.0,1.0000000000009104
nearest_only,37,12,1.0,0.0,0.0,-1.4428232973175177e-12,-9.103201474236991e-13,1.5849625007182713,0.0,0.0,1.0000000000009104
nearest_only,37,13,1.0,0.0,0.0,-1.4428232973175177e-12,-9.103201474236991e-13,1.5849625007182713,0.0,0.0,1.0000000000009104
nearest_only,37,14,1.0,0.0,0.0,-1.4428232973175177e-12,-9.103201474236991e-13,1.5849625007182713,0.0,0.0,1.0000000000009104
nearest_only,37,15,1.0,0.0,0.0,-1.4428232973175177e-12,-9.103201474236991e-13,1.5849625007182713,0.0,0.0,1.0000000000009104
nearest_only,37,16,1.0,0.0,0.0,-1.4428232973175177e-12,-9.103201474236991e-13,1.5849625007182713,0.0,0.0,1.0000000000009104
nearest_only,37,17,1.0,0.0,0.0,-1.4428232973175177e-12,-9.103201474236991e-13,1.5849625007182713,0.0,0.0,1.0000000000009104
nearest_only,37,18,1.0,0.0,0.0,-1.4428232973175177e-12,-9.103201474236991e-13,1.5849625007182713,0.0,0.0,1.0000000000009104
nearest_only,37,19,1.0,0.0,0.0,-1.4428232973175177e-12,-9.103201474236991e-13,1.5849625007182713,0.0,0.0,1.0000000000009104
nearest_only,37,20,1.0,0.0,0.0,-1.4428232973175177e-12,-9.103201474236991e-13,1.5849625007182713,0.0,0.0,1.0000000000009104
nearest_only,37,21,0.0,1.0,0.0,-1.4428232973175177e-12,-9.103201474236991e-13,1.5849625007182713,1.0,1.0000000000009104,0.0
nearest_only,37,22,0.0,1.0,0.0,-1.4428232973175177e-12,-9.103201474236991e-13,1.5849625007182713,1.0,1.0000000000009104,0.0
nearest_only,37,23,0.0,1.0,0.0,-1.4428232973175177e-12,-9.103201474236991e-13,1.5849625007182713,1.0,1.0000000000009104,0.0
nearest_only,37,24,0.0,1.0,0.0,-1.4428232973175177e-12,-9.103201474236991e-13,1.5849625007182713,1.0,1.0000000000009104,0.0
nearest_only,38,0,1.0,0.0,0.0,-1.4428232973175177e-12,-9.103201474236991e-13,1.5849625007182713,0.0,0.0,1.0000000000009104
nearest_only,38,1,1.0,0.0,0.0,-1.4428232973175177e-12,-9.103201474236991e-13,1.5849625007182713,0.0,0.0,1.0000000000009104
nearest_only,38,2,1.0,0.0,0.0,-1.4428232973175177e-12,-9.103201474236991e-13,1.5849625007182713,0.0,0.0,1.0000000000009104
nearest_only,38,3,1.0,0.0,0.0,-1.4428232973175177e-12,-9.103201474236991e-13,1.5849625007182713,0.0,0.0,1.0000000000009104
nearest_only,38,4,1.0,0.0,0.0,-1.4428232973175177e-12,-9.103201474236991e-13,1.5849625007182713,0.0,0.0,1.0000000000009104
nearest_only,38,5,1.0,0.0,0.0,-1.4428232973175177e-12,-9.103201474236991e-13,1.5849625007182713,0.0,0.0,1.0000000000009104
nearest_only,38,6,1.0,0.0,0.0,-1.4428232973175177e-12,-9.103201474236991e-13,1.5849625007182713,0.0,0.0,1.0000000000009104
nearest_only,38,7,1.0,0.0,0.0,-1.4428232973175177e-12,-9.103201474236991e-13,1.5849625007182713,0.0,0.0,1.0000000000009104
nearest_only,38,8,1.0,0.0,0.0,-1.4428232973175177e-12,-9.103201474236991e-13,1.5849625007182713,0.0,0.0,1.0000000000009104
nearest_only,38,9,1.0,0.0,0.0,-1.4428232973175177e-12,-9.103201474236991e-13,1.5849625007182713,0.0,0.0,1.0000000000009104
nearest_only,38,10,1.0,0.0,0.0,-1.4428232973175177e-12,-9.103201474236991e-13,1.5849625007182713,0.0,0.0,1.0000000000009104
nearest_only,38,11,1.0,0.0,0.0,-1.4428232973175177e-12,-9.103201474236991e-13,1.5849625007182713,0.0,0.0,1.0000000000009104
nearest_only,38,12,1.0,0.0,0.0,-1.4428232973175177e-12,-9.103201474236991e-13,1.5849625007182713,0.0,0.0,1.0000000000009104
nearest_only,38,13,1.0,0.0,0.0,-1.4428232973175177e-12,-9.103201474236991e-13,1.5849625007182713,0.0,0.0,1.0000000000009104
nearest_only,38,14,1.0,0.0,0.0,-1.4428232973175177e-12,-9.103201474236991e-13,1.5849625007182713,0.0,0.0,1.0000000000009104
nearest_only,38,15,1.0,0.0,0.0,-1.4428232973175177e-12,-9.103201474236991e-13,1.5849625007182713,0.0,0.0,1.0000000000009104
nearest_only,38,16,1.0,0.0,0.0,-1.4428232973175177e-12,-9.103201474236991e-13,1.5849625007182713,0.0,0.0,1.0000000000009104
nearest_only,38,17,1.0,0.0,0.0,-1.4428232973175177e-12,-9.103201474236991e-13,1.5849625007182713,0.0,0.0,1.0000000000009104
nearest_only,38,18,1.0,0.0,0.0,-1.4428232973175177e-12,-9.103201474236991e-13,1.5849625007182713,0.0,0.0,1.0000000000009104
nearest_only,38,19,1.0,0.0,0.0,-1.4428232973175177e-12,-9.103201474236991e-13,1.5849625007182713,0.0,0.0,1.0000000000009104
nearest_only,38,20,1.0,0.0,0.0,-1.4428232973175177e-12,-9.103201474236991e-13,1.5849625007182713,0.0,0.0,1.0000000000009104
nearest_only,38,21,1.0,0.0,0.0,-1.4428232973175177e-12,-9.103201474236991e-13,1.5849625007182713,0.0,0.0,1.0000000000009104
nearest_only,38,22,1.0,0.0,0.0,-1.4428232973175177e-12,-9.103201474236991e-13,1.5849625007182713,0.0,0.0,1.0000000000009104
nearest_only,38,23,1.0,0.0,0.0,-1.4428232973175177e-12,-9.103201474236991e-13,1.5849625007182713,0.0,0.0,1.0000000000009104
nearest_only,38,24,0.0,1.0,0.0,-1.4428232973175177e-12,-9.103201474236991e-13,1.5849625007182713,1.0,1.0000000000009104,0.0
nearest_only,39,0,1.0,0.0,0.0,-1.4428232973175177e-12,-9.103201474236991e-13,1.5849625007182713,0.0,0.0,1.0000000000009104
nearest_only,39,1,1.0,0.0,0.0,-1.4428232973175177e-12,-9.103201474236991e-13,1.5849625007182713,0.0,0.0,1.0000000000009104
nearest_only,39,2,1.0,0.0,0.0,-1.4428232973175177e-12,-9.103201474236991e-13,1.5849625007182713,0.0,0.0,1.0000000000009104
nearest_only,39,3,1.0,0.0,0.0,-1.4428232973175177e-12,-9.103201474236991e-13,1.5849625007182713,0.0,0.0,1.0000000000009104
nearest_only,39,4,1.0,0.0,0.0,-1.4428232973175177e-12,-9.103201474236991e-13,1.5849625007182713,0.0,0.0,1.0000000000009104
nearest_only,39,5,1.0,0.0,0.0,-1.4428232973175177e-12,-9.103201474236991e-13,1.5849625007182713,0.0,0.0,1.0000000000009104
nearest_only,39,6,1.0,0.0,0.0,-1.4428232973175177e-12,-9.103201474236991e-13,1.5849625007182713,0.0,0.0,1.0000000000009104
nearest_only,39,7,1.0,0.0,0.0,-1.4428232973175177e-12,-9.103201474236991e-13,1.5849625007182713,0.0,0.0,1.0000000000009104
nearest_only,39,8,1.0,0.0,0.0,-1.4428232973175177e-12,-9.103201474236991e-13,1.5849625007182713,0.0,0.0,1.0000000000009104
nearest_only,39,9,1.0,0.0,0.0,-1.4428232973175177e-12,-9.103201474236991e-13,1.5849625007182713,0.0,0.0,1.0000000000009104
nearest_only,39,10,1.0,0.0,0.0,-1.4428232973175177e-12,-9.103201474236991e-13,1.5849625007182713,0.0,0.0,1.0000000000009104
nearest_only,39,11,1.0,0.0,0.0,-1.4428232973175177e-12,-9.103201474236991e-13,1.5849625007182713,0.0,0.0,1.0000000000009104
nearest_only,39,12,1.0,0.0,0.0,-1.4428232973175177e-12,-9.103201474236991e-13,1.5849625007182713,0.0,0.0,1.0000000000009104
nearest_only,39,13,1.0,0.0,0.0,-1.4428232973175177e-12,-9.103201474236991e-13,1.5849625007182713,0.0,0.0,1.0000000000009104
nearest_only,39,14,1.0,0.0,0.0,-1.4428232973175177e-12,-9.103201474236991e-13,1.5849625007182713,0.0,0.0,1.0000000000009104
nearest_only,39,15,1.0,0.0,0.0,-1.4428232973175177e-12,-9.103201474236991e-13,1.5849625007182713,0.0,0.0,1.0000000000009104
nearest_only,39,16,1.0,0.0,0.0,-1.4428232973175177e-12,-9.103201474236991e-13,1.5849625007182713,0.0,0.0,1.0000000000009104
nearest_only,39,17,1.0,0.0,0.0,-1.4428232973175177e-12,-9.103201474236991e-13,1.5849625007182713,0.0,0.0,1.0000000000009104
nearest_only,39,18,1.0,0.0,0.0,-1.4428232973175177e-12,-9.103201474236991e-13,1.5849625007182713,0.0,0.0,1.0000000000009104
nearest_only,39,19,1.0,0.0,0.0,-1.4428232973175177e-12,-9.103201474236991e-13,1.5849625007182713,0.0,0.0,1.0000000000009104
nearest_only,39,20,1.0,0.0,0.0,-1.4428232973175177e-12,-9.103201474236991e-13,1.5849625007182713,0.0,0.0,1.0000000000009104
nearest_only,39,21,1.0,0.0,0.0,-1.4428232973175177e-12,-9.103201474236991e-13,1.5849625007182713,0.0,0.0,1.0000000000009104
nearest_only,39,22,1.0,0.0,0.0,-1.4428232973175177e-12,-9.103201474236991e-13,1.5849625007182713,0.0,0.0,1.0000000000009104
nearest_only,39,23,0.0,0.0,1.0,-1.4428232973175177e-12,-9.103201474236991e-13,1.5849625007182713,1.0,1.0000000000009104,0.0
nearest_only,39,24,0.0,0.0,1.0,-1.4428232973175177e-12,-9.103201474236991e-13,1.5849625007182713,1.0,1.0000000000009104,0.0
nearest_only,40,0,1.0,0.0,0.0,-1.4428232973175177e-12,-9.103201474236991e-13,1.5849625007182713,0.0,0.0,1.0000000000009104
nearest_only,40,1,1.0,0.0,0.0,-1.4428232973175177e-12,-9.103201474236991e-13,1.5849625007182713,0.0,0.0,1.0000000000009104
nearest_only,40,2,1.0,0.0,0.0,-1.4428232973175177e-12,-9.103201474236991e-13,1.5849625007182713,0.0,0.0,1.0000000000009104
nearest_only,40,3,1.0,0.0,0.0,-1.4428232973175177e-12,-9.103201474236991e-13,1.5849625007182713,0.0,0.0,1.0000000000009104
nearest_only,40,4,1.0,0.0,0.0,-1.4428232973175177e-12,-9.103201474236991e-13,1.5849625007182713,0.0,0.0,1.0000000000009104
nearest_only,40,5,1.0,0.0,0.0,-1.4428232973175177e-12,-9.103201474236991e-13,1.5849625007182713,0.0,0.0,1.0000000000009104
nearest_only,40,6,1.0,0.0,0.0,-1.4428232973175177e-12,-9.103201474236991e-13,1.5849625007182713,0.0,0.0,1.0000000000009104
nearest_only,40,7,1.0,0.0,0.0,-1.4428232973175177e-12,-9.103201474236991e-13,1.5849625007182713,0.0,0.0,1.0000000000009104
nearest_only,40,8,1.0,0.0,0.0,-1.4428232973175177e-12,-9.103201474236991e-13,1.5849625007182713,0.0,0.0,1.0000000000009104
nearest_only,40,9,1.0,0.0,0.0,-1.4428232973175177e-12,-9.103201474236991e-13,1.5849625007182713,0.0,0.0,1.0000000000009104
nearest_only,40,10,1.0,0.0,0.0,-1.4428232973175177e-12,-9.103201474236991e-13,1.5849625007182713,0.0,0.0,1.0000000000009104
nearest_only,40,11,1.0,0.0,0.0,-1.4428232973175177e-12,-9.103201474236991e-13,1.5849625007182713,0.0,0.0,1.0000000000009104
nearest_only,40,12,1.0,0.0,0.0,-1.4428232973175177e-12,-9.103201474236991e-13,1.5849625007182713,0.0,0.0,1.0000000000009104
nearest_only,40,13,1.0,0.0,0.0,-1.4428232973175177e-12,-9.103201474236991e-13,1.5849625007182713,0.0,0.0,1.0000000000009104
role_oracle,0,0,0.2,0.8,0.0,0.7219280948844771,0.4554859150017748,0.8630344058323514,0.8,0.4356112679985802,0.10890281699964505
role_oracle,0,1,0.0,1.0,0.0,-1.4428232973175177e-12,-9.103201474236991e-13,1.5849625007182713,1.0,1.0000000000009104,0.0
role_oracle,0,2,0.0,1.0,0.0,-1.4428232973175177e-12,-9.103201474236991e-13,1.5849625007182713,1.0,1.0000000000009104,0.0
role_oracle,0,3,0.0,1.0,0.0,-1.4428232973175177e-12,-9.103201474236991e-13,1.5849625007182713,1.0,1.0000000000009104,0.0
role_oracle,0,4,0.0,1.0,0.0,-1.4428232973175177e-12,-9.103201474236991e-13,1.5849625007182713,1.0,1.0000000000009104,0.0
role_oracle,0,5,0.0,1.0,0.0,-1.4428232973175177e-12,-9.103201474236991e-13,1.5849625007182713,1.0,1.0000000000009104,0.0
role_oracle,0,6,0.0,1.0,0.0,-1.4428232973175177e-12,-9.103201474236991e-13,1.5849625007182713,1.0,1.0000000000009104,0.0
role_oracle,0,7,0.0,1.0,0.0,-1.4428232973175177e-12,-9.103201474236991e-13,1.5849625007182713,1.0,1.0000000000009104,0.0
role_oracle,0,8,0.0,1.0,0.0,-1.4428232973175177e-12,-9.103201474236991e-13,1.5849625007182713,1.0,1.0000000000009104,0.0
role_oracle,0,9,0.0,1.0,0.0,-1.4428232973175177e-12,-9.103201474236991e-13,1.5849625007182713,1.0,1.0000000000009104,0.0
role_oracle,0,10,0.0,1.0,0.0,-1.4428232973175177e-12,-9.103201474236991e-13,1.5849625007182713,1.0,1.0000000000009104,0.0
role_oracle,0,11,0.0,1.0,0.0,-1.4428232973175177e-12,-9.103201474236991e-13,1.5849625007182713,1.0,1.0000000000009104,0.0
role_oracle,0,12,0.0,1.0,0.0,-1.4428232973175177e-12,-9.103201474236991e-13,1.5849625007182713,1.0,1.0000000000009104,0.0
role_oracle,0,13,0.0,1.0,0.0,-1.4428232973175177e-12,-9.103201474236991e-13,1.5849625007182713,1.0,1.0000000000009104,0.0
role_oracle,0,14,0.0,0.0,1.0,-1.4428232973175177e-12,-9.103201474236991e-13,1.5849625007182713,1.0,1.0000000000009104,0.0
role_oracle,0,15,0.0,0.0,1.0,-1.4428232973175177e-12,-9.103201474236991e-13,1.5849625007182713,1.0,1.0000000000009104,0.0
role_oracle,0,16,0.0,0.0,1.0,-1.4428232973175177e-12,-9.103201474236991e-13,1.5849625007182713,1.0,1.0000000000009104,0.0
role_oracle,1,0,0.6,0.4,0.0,0.9709505944517833,0.6126016192875238,0.6140119062650451,0.4,0.1549593522849905,0.23243902842748573
role_oracle,1,1,0.2,0.8,0.0,0.7219280948844771,0.4554859150017748,0.8630344058323514,0.8,0.4356112679985802,0.10890281699964505
role_oracle,1,2,0.2,0.8,0.0,0.7219280948844771,0.4554859150017748,0.8630344058323514,0.8,0.4356112679985802,0.10890281699964505
role_oracle,1,3,0.2,0.8,0.0,0.7219280948844771,0.4554859150017748,0.8630344058323514,0.8,0.4356112679985802,0.10890281699964505
role_oracle,1,4,0.0,1.0,0.0,-1.4428232973175177e-12,-9.103201474236991e-13,1.5849625007182713,1.0,1.0000000000009104,0.0
role_oracle,1,5,0.0,1.0,0.0,-1.4428232973175177e-12,-9.103201474236991e-13,1.5849625007182713,1.0,1.0000000000009104,0.0
role_oracle,1,6,0.0,1.0,0.0,-1.4428232973175177e-12,-9.103201474236991e-13,1.5849625007182713,1.0,1.0000000000009104,0.0
role_oracle,1,7,0.0,1.0,0.0,-1.4428232973175177e-12,-9.103201474236991e-13,1.5849625007182713,1.0,1.0000000000009104,0.0
role_oracle,1,8,0.0,1.0,0.0,-1.4428232973175177e-12,-9.103201474236991e-13,1.5849625007182713,1.0,1.0000000000009104,0.0
role_oracle,1,9,0.0,1.0,0.0,-1.4428232973175177e-12,-9.103201474236991e-13,1.5849625007182713,1.0,1.0000000000009104,0.0
role_oracle,1,10,0.0,1.0,0.0,-1.4428232973175177e-12,-9.103201474236991e-13,1.5849625007182713,1.0,1.0000000000009104,0.0
role_oracle,1,11,0.0,1.0,0.0,-1.4428232973175177e-12,-9.103201474236991e-13,1.5849625007182713,1.0,1.0000000000009104,0.0
role_oracle,1,12,0.0,1.0,0.0,-1.4428232973175177e-12,-9.103201474236991e-13,1.5849625007182713,1.0,1.0000000000009104,0.0
role_oracle,1,13,0.0,1.0,0.0,-1.4428232973175177e-12,-9.103201474236991e-13,1.5849625007182713,1.0,1.0000000000009104,0.0
role_oracle,1,14,0.0,1.0,0.0,-1.4428232973175177e-12,-9.103201474236991e-13,1.5849625007182713,1.0,1.0000000000009104,0.0
role_oracle,1,15,0.0,1.0,0.0,-1.4428232973175177e-12,-9.103201474236991e-13,1.5849625007182713,1.0,1.0000000000009104,0.0
role_oracle,1,16,0.0,0.0,1.0,-1.4428232973175177e-12,-9.103201474236991e-13,1.5849625007182713,1.0,1.0000000000009104,0.0
role_oracle,1,17,0.0,0.0,1.0,-1.4428232973175177e-12,-9.103201474236991e-13,1.5849625007182713,1.0,1.0000000000009104,0.0
role_oracle,1,18,0.0,0.0,1.0,-1.4428232973175177e-12,-9.103201474236991e-13,1.5849625007182713,1.0,1.0000000000009104,0.0
role_oracle,1,19,0.0,0.0,1.0,-1.4428232973175177e-12,-9.103201474236991e-13,1.5849625007182713,1.0,1.0000000000009104,0.0
role_oracle,2,0,0.0,1.0,0.0,-1.4428232973175177e-12,-9.103201474236991e-13,1.5849625007182713,1.0,1.0000000000009104,0.0
role_oracle,2,1,0.0,1.0,0.0,-1.4428232973175177e-12,-9.103201474236991e-13,1.5849625007182713,1.0,1.0000000000009104,0.0
role_oracle,2,2,0.0,1.0,0.0,-1.4428232973175177e-12,-9.103201474236991e-13,1.5849625007182713,1.0,1.0000000000009104,0.0
role_oracle,2,3,0.0,1.0,0.0,-1.4428232973175177e-12,-9.103201474236991e-13,1.5849625007182713,1.0,1.0000000000009104,0.0
role_oracle,2,4,0.0,1.0,0.0,-1.4428232973175177e-12,-9.103201474236991e-13,1.5849625007182713,1.0,1.0000000000009104,0.0
role_oracle,2,5,0.0,1.0,0.0,-1.4428232973175177e-12,-9.103201474236991e-13,1.5849625007182713,1.0,1.0000000000009104,0.0
role_oracle,2,6,0.0,1.0,0.0,-1.4428232973175177e-12,-9.103201474236991e-13,1.5849625007182713,1.0,1.0000000000009104,0.0
role_oracle,2,7,0.0,1.0,0.0,-1.4428232973175177e-12,-9.103201474236991e-13,1.5849625007182713,1.0,1.0000000000009104,0.0
role_oracle,2,8,0.0,1.0,0.0,-1.4428232973175177e-12,-9.103201474236991e-13,1.5849625007182713,1.0,1.0000000000009104,0.0
role_oracle,2,9,0.0,1.0,0.0,-1.4428232973175177e-12,-9.103201474236991e-13,1.5849625007182713,1.0,1.0000000000009104,0.0
role_oracle,2,10,0.0,1.0,0.0,-1.4428232973175177e-12,-9.103201474236991e-13,1.5849625007182713,1.0,1.0000000000009104,0.0
role_oracle,2,11,0.0,1.0,0.0,-1.4428232973175177e-12,-9.103201474236991e-13,1.5849625007182713,1.0,1.0000000000009104,0.0
role_oracle,2,12,0.0,0.0,1.0,-1.4428232973175177e-12,-9.103201474236991e-13,1.5849625007182713,1.0,1.0000000000009104,0.0
role_oracle,2,13,0.0,0.0,1.0,-1.4428232973175177e-12,-9.103201474236991e-13,1.5849625007182713,1.0,1.0000000000009104,0.0
role_oracle,2,14,0.0,0.0,1.0,-1.4428232973175177e-12,-9.103201474236991e-13,1.5849625007182713,1.0,1.0000000000009104,0.0
role_oracle,2,15,0.0,0.0,1.0,-1.4428232973175177e-12,-9.103201474236991e-13,1.5849625007182713,1.0,1.0000000000009104,0.0
role_oracle,2,16,0.0,0.0,1.0,-1.4428232973175177e-12,-9.103201474236991e-13,1.5849625007182713,1.0,1.0000000000009104,0.0
role_oracle,3,0,0.6,0.4,0.0,0.9709505944517833,0.6126016192875238,0.6140119062650451,0.4,0.1549593522849905,0.23243902842748573
role_oracle,3,1,0.2,0.8,0.0,0.7219280948844771,0.4554859150017748,0.8630344058323514,0.8,0.4356112679985802,0.10890281699964505
role_oracle,3,2,0.0,1.0,0.0,-1.4428232973175177e-12,-9.103201474236991e-13,1.5849625007182713,1.0,1.0000000000009104,0.0
role_oracle,3,3,0.0,1.0,0.0,-1.4428232973175177e-12,-9.103201474236991e-13,1.5849625007182713,1.0,1.0000000000009104,0.0
role_oracle,3,4,0.0,1.0,0.0,-1.4428232973175177e-12,-9.103201474236991e-13,1.5849625007182713,1.0,1.0000000000009104,0.0
role_oracle,3,5,0.0,1.0,0.0,-1.4428232973175177e-12,-9.103201474236991e-13,1.5849625007182713,1.0,1.0000000000009104,0.0
role_oracle,3,6,0.0,1.0,0.0,-1.4428232973175177e-12,-9.103201474236991e-13,1.5849625007182713,1.0,1.0000000000009104,0.0
role_oracle,3,7,0.0,1.0,0.0,-1.4428232973175177e-12,-9.103201474236991e-13,1.5849625007182713,1.0,1.0000000000009104,0.0
role_oracle,3,8,0.0,1.0,0.0,-1.4428232973175177e-12,-9.103201474236991e-13,1.5849625007182713,1.0,1.0000000000009104,0.0
role_oracle,3,9,0.0,1.0,0.0,-1.4428232973175177e-12,-9.103201474236991e-13,1.5849625007182713,1.0,1.0000000000009104,0.0
role_oracle,3,10,0.0,1.0,0.0,-1.4428232973175177e-12,-9.103201474236991e-13,1.5849625007182713,1.0,1.0000000000009104,0.0
role_oracle,3,11,0.0,1.0,0.0,-1.4428232973175177e-12,-9.103201474236991e-13,1.5849625007182713,1.0,1.0000000000009104,0.0
role_oracle,3,12,0.0,1.0,0.0,-1.4428232973175177e-12,-9.103201474236991e-13,1.5849625007182713,1.0,1.0000000000009104,0.0
role_oracle,3,13,0.0,1.0,0.0,-1.4428232973175177e-12,-9.103201474236991e-13,1.5849625007182713,1.0,1.0000000000009104,0.0
role_oracle,3,14,0.0,1.0,0.0,-1.4428232973175177e-12,-9.103201474236991e-13,1.5849625007182713,1.0,1.0000000000009104,0.0
role_oracle,3,15,0.0,1.0,0.0,-1.4428232973175177e-12,-9.103201474236991e-13,1.5849625007182713,1.0,1.0000000000009104,0.0
role_oracle,3,16,0.0,1.0,0.0,-1.4428232973175177e-12,-9.103201474236991e-13,1.5849625007182713,1.0,1.0000000000009104,0.0
role_oracle,3,17,0.0,0.0,1.0,-1.4428232973175177e-12,-9.103201474236991e-13,1.5849625007182713,1.0,1.0000000000009104,0.0
role_oracle,3,18,0.0,0.0,1.0,-1.4428232973175177e-12,-9.103201474236991e-13,1.5849625007182713,1.0,1.0000000000009104,0.0
role_oracle,3,19,0.0,0.0,1.0,-1.4428232973175177e-12,-9.103201474236991e-13,1.5849625007182713,1.0,1.0000000000009104,0.0
role_oracle,3,20,0.0,0.0,1.0,-1.4428232973175177e-12,-9.103201474236991e-13,1.5849625007182713,1.0,1.0000000000009104,0.0
role_oracle,3,21,0.0,0.0,1.0,-1.4428232973175177e-12,-9.103201474236991e-13,1.5849625007182713,1.0,1.0000000000009104,0.0
role_oracle,4,0,0.2,0.6,0.2,1.3709505944503406,0.8649735207151964,0.2140119062664878,0.8,0.10802118342784289,0.027005295856960723
role_oracle,4,1,0.0,0.8,0.2,0.7219280948844771,0.4554859150017748,0.8630344058323514,1.0,0.5445140849982252,0.0
role_oracle,4,2,0.0,0.8,0.2,0.7219280948844771,0.4554859150017748,0.8630344058323514,1.0,0.5445140849982252,0.0
role_oracle,4,3,0.0,1.0,0.0,-1.4428232973175177e-12,-9.103201474236991e-13,1.5849625007182713,1.0,1.0000000000009104,0.0
role_oracle,4,4,0.0,1.0,0.0,-1.4428232973175177e-12,-9.103201474236991e-13,1.5849625007182713,1.0,1.0000000000009104,0.0
role_oracle,4,5,0.0,1.0,0.0,-1.4428232973175177e-12,-9.103201474236991e-13,1.5849625007182713,1.0,1.0000000000009104,0.0
role_oracle,4,6,0.0,1.0,0.0,-1.4428232973175177e-12,-9.103201474236991e-13,1.5849625007182713,1.0,1.0000000000009104,0.0
role_oracle,4,7,0.0,1.0,0.0,-1.4428232973175177e-12,-9.103201474236991e-13,1.5849625007182713,1.0,1.0000000000009104,0.0
role_oracle,4,8,0.0,1.0,0.0,-1.4428232973175177e-12,-9.103201474236991e-13,1.5849625007182713,1.0,1.0000000000009104,0.0
role_oracle,4,9,0.0,1.0,0.0,-1.4428232973175177e-12,-9.103201474236991e-13,1.5849625007182713,1.0,1.0000000000009104,0.0
role_oracle,4,10,0.0,1.0,0.0,-1.4428232973175177e-12,-9.103201474236991e-13,1.5849625007182713,1.0,1.0000000000009104,0.0
role_oracle,4,11,0.0,1.0,0.0,-1.4428232973175177e-12,-9.103201474236991e-13,1.5849625007182713,1.0,1.0000000000009104,0.0
role_oracle,4,12,0.0,1.0,0.0,-1.4428232973175177e-12,-9.103201474236991e-13,1.5849625007182713,1.0,1.0000000000009104,0.0
role_oracle,4,13,0.0,1.0,0.0,-1.4428232973175177e-12,-9.103201474236991e-13,1.5849625007182713,1.0,1.0000000000009104,0.0
role_oracle,4,14,0.0,1.0,0.0,-1.4428232973175177e-12,-9.103201474236991e-13,1.5849625007182713,1.0,1.0000000000009104,0.0
role_oracle,4,15,0.0,1.0,0.0,-1.4428232973175177e-12,-9.103201474236991e-13,1.5849625007182713,1.0,1.0000000000009104,0.0
role_oracle,4,16,0.0,1.0,0.0,-1.4428232973175177e-12,-9.103201474236991e-13,1.5849625007182713,1.0,1.0000000000009104,0.0
role_oracle,4,17,0.0,0.0,1.0,-1.4428232973175177e-12,-9.103201474236991e-13,1.5849625007182713,1.0,1.0000000000009104,0.0
role_oracle,4,18,0.0,0.0,1.0,-1.4428232973175177e-12,-9.103201474236991e-13,1.5849625007182713,1.0,1.0000000000009104,0.0
role_oracle,4,19,0.0,0.0,1.0,-1.4428232973175177e-12,-9.103201474236991e-13,1.5849625007182713,1.0,1.0000000000009104,0.0
role_oracle,4,20,0.0,0.0,1.0,-1.4428232973175177e-12,-9.103201474236991e-13,1.5849625007182713,1.0,1.0000000000009104,0.0
role_oracle,4,21,0.0,0.0,1.0,-1.4428232973175177e-12,-9.103201474236991e-13,1.5849625007182713,1.0,1.0000000000009104,0.0
role_oracle,4,22,0.0,0.0,1.0,-1.4428232973175177e-12,-9.103201474236991e-13,1.5849625007182713,1.0,1.0000000000009104,0.0
role_oracle,5,0,0.6,0.4,0.0,0.9709505944517833,0.6126016192875238,0.6140119062650451,0.4,0.1549593522849905,0.23243902842748573
role_oracle,5,1,0.6,0.4,0.0,0.9709505944517833,0.6126016192875238,0.6140119062650451,0.4,0.1549593522849905,0.23243902842748573
role_oracle,5,2,0.2,0.8,0.0,0.7219280948844771,0.4554859150017748,0.8630344058323514,0.8,0.4356112679985802,0.10890281699964505
role_oracle,5,3,0.2,0.8,0.0,0.7219280948844771,0.4554859150017748,0.8630344058323514,0.8,0.4356112679985802,0.10890281699964505
role_oracle,5,4,0.2,0.8,0.0,0.7219280948844771,0.4554859150017748,0.8630344058323514,0.8,0.4356112679985802,0.10890281699964505
role_oracle,5,5,0.0,1.0,0.0,-1.4428232973175177e-12,-9.103201474236991e-13,1.5849625007182713,1.0,1.0000000000009104,0.0
role_oracle,5,6,0.0,1.0,0.0,-1.4428232973175177e-12,-9.103201474236991e-13,1.5849625007182713,1.0,1.0000000000009104,0.0
role_oracle,5,7,0.0,1.0,0.0,-1.4428232973175177e-12,-9.103201474236991e-13,1.5849625007182713,1.0,1.0000000000009104,0.0
role_oracle,5,8,0.0,1.0,0.0,-1.4428232973175177e-12,-9.103201474236991e-13,1.5849625007182713,1.0,1.0000000000009104,0.0
role_oracle,5,9,0.0,1.0,0.0,-1.4428232973175177e-12,-9.103201474236991e-13,1.5849625007182713,1.0,1.0000000000009104,0.0
role_oracle,5,10,0.0,1.0,0.0,-1.4428232973175177e-12,-9.103201474236991e-13,1.5849625007182713,1.0,1.0000000000009104,0.0
role_oracle,5,11,0.0,1.0,0.0,-1.4428232973175177e-12,-9.103201474236991e-13,1.5849625007182713,1.0,1.0000000000009104,0.0
role_oracle,5,12,0.0,1.0,0.0,-1.4428232973175177e-12,-9.103201474236991e-13,1.5849625007182713,1.0,1.0000000000009104,0.0
role_oracle,5,13,0.0,1.0,0.0,-1.4428232973175177e-12,-9.103201474236991e-13,1.5849625007182713,1.0,1.0000000000009104,0.0
role_oracle,5,14,0.0,1.0,0.0,-1.4428232973175177e-12,-9.103201474236991e-13,1.5849625007182713,1.0,1.0000000000009104,0.0
role_oracle,5,15,0.0,1.0,0.0,-1.4428232973175177e-12,-9.103201474236991e-13,1.5849625007182713,1.0,1.0000000000009104,0.0
role_oracle,5,16,0.0,0.0,1.0,-1.4428232973175177e-12,-9.103201474236991e-13,1.5849625007182713,1.0,1.0000000000009104,0.0
role_oracle,5,17,0.0,0.0,1.0,-1.4428232973175177e-12,-9.103201474236991e-13,1.5849625007182713,1.0,1.0000000000009104,0.0
role_oracle,5,18,0.0,0.0,1.0,-1.4428232973175177e-12,-9.103201474236991e-13,1.5849625007182713,1.0,1.0000000000009104,0.0
role_oracle,6,0,0.2,0.8,0.0,0.7219280948844771,0.4554859150017748,0.8630344058323514,0.8,0.4356112679985802,0.10890281699964505
role_oracle,6,1,0.0,1.0,0.0,-1.4428232973175177e-12,-9.103201474236991e-13,1.5849625007182713,1.0,1.0000000000009104,0.0
role_oracle,6,2,0.0,1.0,0.0,-1.4428232973175177e-12,-9.103201474236991e-13,1.5849625007182713,1.0,1.0000000000009104,0.0
role_oracle,6,3,0.0,1.0,0.0,-1.4428232973175177e-12,-9.103201474236991e-13,1.5849625007182713,1.0,1.0000000000009104,0.0
role_oracle,6,4,0.0,1.0,0.0,-1.4428232973175177e-12,-9.103201474236991e-13,1.5849625007182713,1.0,1.0000000000009104,0.0
role_oracle,6,5,0.0,1.0,0.0,-1.4428232973175177e-12,-9.103201474236991e-13,1.5849625007182713,1.0,1.0000000000009104,0.0
role_oracle,6,6,0.0,1.0,0.0,-1.4428232973175177e-12,-9.103201474236991e-13,1.5849625007182713,1.0,1.0000000000009104,0.0
role_oracle,6,7,0.0,1.0,0.0,-1.4428232973175177e-12,-9.103201474236991e-13,1.5849625007182713,1.0,1.0000000000009104,0.0
role_oracle,6,8,0.0,1.0,0.0,-1.4428232973175177e-12,-9.103201474236991e-13,1.5849625007182713,1.0,1.0000000000009104,0.0
role_oracle,6,9,0.0,1.0,0.0,-1.4428232973175177e-12,-9.103201474236991e-13,1.5849625007182713,1.0,1.0000000000009104,0.0
role_oracle,6,10,0.0,1.0,0.0,-1.4428232973175177e-12,-9.103201474236991e-13,1.5849625007182713,1.0,1.0000000000009104,0.0
role_oracle,6,11,0.0,1.0,0.0,-1.4428232973175177e-12,-9.103201474236991e-13,1.5849625007182713,1.0,1.0000000000009104,0.0
role_oracle,6,12,0.0,1.0,0.0,-1.4428232973175177e-12,-9.103201474236991e-13,1.5849625007182713,1.0,1.0000000000009104,0.0
role_oracle,6,13,0.0,0.0,1.0,-1.4428232973175177e-12,-9.103201474236991e-13,1.5849625007182713,1.0,1.0000000000009104,0.0
role_oracle,6,14,0.0,0.0,1.0,-1.4428232973175177e-12,-9.103201474236991e-13,1.5849625007182713,1.0,1.0000000000009104,0.0
role_oracle,6,15,0.0,0.0,1.0,-1.4428232973175177e-12,-9.103201474236991e-13,1.5849625007182713,1.0,1.0000000000009104,0.0
role_oracle,7,0,0.0,1.0,0.0,-1.4428232973175177e-12,-9.103201474236991e-13,1.5849625007182713,1.0,1.0000000000009104,0.0
role_oracle,7,1,0.0,1.0,0.0,-1.4428232973175177e-12,-9.103201474236991e-13,1.5849625007182713,1.0,1.0000000000009104,0.0
role_oracle,7,2,0.0,1.0,0.0,-1.4428232973175177e-12,-9.103201474236991e-13,1.5849625007182713,1.0,1.0000000000009104,0.0
role_oracle,7,3,0.0,1.0,0.0,-1.4428232973175177e-12,-9.103201474236991e-13,1.5849625007182713,1.0,1.0000000000009104,0.0
role_oracle,7,4,0.0,1.0,0.0,-1.4428232973175177e-12,-9.103201474236991e-13,1.5849625007182713,1.0,1.0000000000009104,0.0
role_oracle,7,5,0.0,1.0,0.0,-1.4428232973175177e-12,-9.103201474236991e-13,1.5849625007182713,1.0,1.0000000000009104,0.0
role_oracle,7,6,0.0,1.0,0.0,-1.4428232973175177e-12,-9.103201474236991e-13,1.5849625007182713,1.0,1.0000000000009104,0.0
role_oracle,7,7,0.0,1.0,0.0,-1.4428232973175177e-12,-9.103201474236991e-13,1.5849625007182713,1.0,1.0000000000009104,0.0
role_oracle,7,8,0.0,1.0,0.0,-1.4428232973175177e-12,-9.103201474236991e-13,1.5849625007182713,1.0,1.0000000000009104,0.0
role_oracle,7,9,0.0,1.0,0.0,-1.4428232973175177e-12,-9.103201474236991e-13,1.5849625007182713,1.0,1.0000000000009104,0.0
role_oracle,7,10,0.0,1.0,0.0,-1.4428232973175177e-12,-9.103201474236991e-13,1.5849625007182713,1.0,1.0000000000009104,0.0
role_oracle,7,11,0.0,1.0,0.0,-1.4428232973175177e-12,-9.103201474236991e-13,1.5849625007182713,1.0,1.0000000000009104,0.0
role_oracle,7,12,0.0,1.0,0.0,-1.4428232973175177e-12,-9.103201474236991e-13,1.5849625007182713,1.0,1.0000000000009104,0.0
role_oracle,7,13,0.0,1.0,0.0,-1.4428232973175177e-12,-9.103201474236991e-13,1.5849625007182713,1.0,1.0000000000009104,0.0
role_oracle,7,14,0.0,1.0,0.0,-1.4428232973175177e-12,-9.103201474236991e-13,1.5849625007182713,1.0,1.0000000000009104,0.0
role_oracle,7,15,0.0,0.0,1.0,-1.4428232973175177e-12,-9.103201474236991e-13,1.5849625007182713,1.0,1.0000000000009104,0.0
role_oracle,7,16,0.0,0.0,1.0,-1.4428232973175177e-12,-9.103201474236991e-13,1.5849625007182713,1.0,1.0000000000009104,0.0
role_oracle,7,17,0.0,0.0,1.0,-1.4428232973175177e-12,-9.103201474236991e-13,1.5849625007182713,1.0,1.0000000000009104,0.0
role_oracle,8,0,0.0,1.0,0.0,-1.4428232973175177e-12,-9.103201474236991e-13,1.5849625007182713,1.0,1.0000000000009104,0.0
role_oracle,8,1,0.0,1.0,0.0,-1.4428232973175177e-12,-9.103201474236991e-13,1.5849625007182713,1.0,1.0000000000009104,0.0
role_oracle,8,2,0.0,1.0,0.0,-1.4428232973175177e-12,-9.103201474236991e-13,1.5849625007182713,1.0,1.0000000000009104,0.0
role_oracle,8,3,0.0,1.0,0.0,-1.4428232973175177e-12,-9.103201474236991e-13,1.5849625007182713,1.0,1.0000000000009104,0.0
role_oracle,8,4,0.0,1.0,0.0,-1.4428232973175177e-12,-9.103201474236991e-13,1.5849625007182713,1.0,1.0000000000009104,0.0
role_oracle,8,5,0.0,1.0,0.0,-1.4428232973175177e-12,-9.103201474236991e-13,1.5849625007182713,1.0,1.0000000000009104,0.0
role_oracle,8,6,0.0,1.0,0.0,-1.4428232973175177e-12,-9.103201474236991e-13,1.5849625007182713,1.0,1.0000000000009104,0.0
role_oracle,8,7,0.0,1.0,0.0,-1.4428232973175177e-12,-9.103201474236991e-13,1.5849625007182713,1.0,1.0000000000009104,0.0
role_oracle,8,8,0.0,1.0,0.0,-1.4428232973175177e-12,-9.103201474236991e-13,1.5849625007182713,1.0,1.0000000000009104,0.0
role_oracle,8,9,0.0,1.0,0.0,-1.4428232973175177e-12,-9.103201474236991e-13,1.5849625007182713,1.0,1.0000000000009104,0.0
role_oracle,8,10,0.0,1.0,0.0,-1.4428232973175177e-12,-9.103201474236991e-13,1.5849625007182713,1.0,1.0000000000009104,0.0
role_oracle,8,11,0.0,1.0,0.0,-1.4428232973175177e-12,-9.103201474236991e-13,1.5849625007182713,1.0,1.0000000000009104,0.0
role_oracle,8,12,0.0,1.0,0.0,-1.4428232973175177e-12,-9.103201474236991e-13,1.5849625007182713,1.0,1.0000000000009104,0.0
role_oracle,8,13,0.0,0.0,1.0,-1.4428232973175177e-12,-9.103201474236991e-13,1.5849625007182713,1.0,1.0000000000009104,0.0
role_oracle,8,14,0.0,0.0,1.0,-1.4428232973175177e-12,-9.103201474236991e-13,1.5849625007182713,1.0,1.0000000000009104,0.0
role_oracle,8,15,0.0,0.0,1.0,-1.4428232973175177e-12,-9.103201474236991e-13,1.5849625007182713,1.0,1.0000000000009104,0.0
role_oracle,9,0,0.2,0.8,0.0,0.7219280948844771,0.4554859150017748,0.8630344058323514,0.8,0.4356112679985802,0.10890281699964505
role_oracle,9,1,0.2,0.8,0.0,0.7219280948844771,0.4554859150017748,0.8630344058323514,0.8,0.4356112679985802,0.10890281699964505
role_oracle,9,2,0.2,0.8,0.0,0.7219280948844771,0.4554859150017748,0.8630344058323514,0.8,0.4356112679985802,0.10890281699964505
role_oracle,9,3,0.2,0.8,0.0,0.7219280948844771,0.4554859150017748,0.8630344058323514,0.8,0.4356112679985802,0.10890281699964505
role_oracle,9,4,0.0,1.0,0.0,-1.4428232973175177e-12,-9.103201474236991e-13,1.5849625007182713,1.0,1.0000000000009104,0.0
role_oracle,9,5,0.0,1.0,0.0,-1.4428232973175177e-12,-9.103201474236991e-13,1.5849625007182713,1.0,1.0000000000009104,0.0
role_oracle,9,6,0.0,1.0,0.0,-1.4428232973175177e-12,-9.103201474236991e-13,1.5849625007182713,1.0,1.0000000000009104,0.0
role_oracle,9,7,0.0,1.0,0.0,-1.4428232973175177e-12,-9.103201474236991e-13,1.5849625007182713,1.0,1.0000000000009104,0.0
role_oracle,9,8,0.0,1.0,0.0,-1.4428232973175177e-12,-9.103201474236991e-13,1.5849625007182713,1.0,1.0000000000009104,0.0
role_oracle,9,9,0.0,1.0,0.0,-1.4428232973175177e-12,-9.103201474236991e-13,1.5849625007182713,1.0,1.0000000000009104,0.0
role_oracle,9,10,0.0,1.0,0.0,-1.4428232973175177e-12,-9.103201474236991e-13,1.5849625007182713,1.0,1.0000000000009104,0.0
role_oracle,9,11,0.0,1.0,0.0,-1.4428232973175177e-12,-9.103201474236991e-13,1.5849625007182713,1.0,1.0000000000009104,0.0
role_oracle,9,12,0.0,1.0,0.0,-1.4428232973175177e-12,-9.103201474236991e-13,1.5849625007182713,1.0,1.0000000000009104,0.0
role_oracle,9,13,0.0,1.0,0.0,-1.4428232973175177e-12,-9.103201474236991e-13,1.5849625007182713,1.0,1.0000000000009104,0.0
role_oracle,9,14,0.0,1.0,0.0,-1.4428232973175177e-12,-9.103201474236991e-13,1.5849625007182713,1.0,1.0000000000009104,0.0
role_oracle,9,15,0.0,1.0,0.0,-1.4428232973175177e-12,-9.103201474236991e-13,1.5849625007182713,1.0,1.0000000000009104,0.0
role_oracle,9,16,0.0,0.0,1.0,-1.4428232973175177e-12,-9.103201474236991e-13,1.5849625007182713,1.0,1.0000000000009104,0.0
role_oracle,9,17,0.0,0.0,1.0,-1.4428232973175177e-12,-9.103201474236991e-13,1.5849625007182713,1.0,1.0000000000009104,0.0
role_oracle,9,18,0.0,0.0,1.0,-1.4428232973175177e-12,-9.103201474236991e-13,1.5849625007182713,1.0,1.0000000000009104,0.0
role_oracle,10,0,0.0,0.6,0.4,0.9709505944517833,0.6126016192875238,0.6140119062650451,1.0,0.38739838071247623,0.0
role_oracle,10,1,0.0,1.0,0.0,-1.4428232973175177e-12,-9.103201474236991e-13,1.5849625007182713,1.0,1.0000000000009104,0.0
role_oracle,10,2,0.0,1.0,0.0,-1.4428232973175177e-12,-9.103201474236991e-13,1.5849625007182713,1.0,1.0000000000009104,0.0
role_oracle,10,3,0.0,1.0,0.0,-1.4428232973175177e-12,-9.103201474236991e-13,1.5849625007182713,1.0,1.0000000000009104,0.0
role_oracle,10,4,0.0,1.0,0.0,-1.4428232973175177e-12,-9.103201474236991e-13,1.5849625007182713,1.0,1.0000000000009104,0.0
role_oracle,10,5,0.0,1.0,0.0,-1.4428232973175177e-12,-9.103201474236991e-13,1.5849625007182713,1.0,1.0000000000009104,0.0
role_oracle,10,6,0.0,1.0,0.0,-1.4428232973175177e-12,-9.103201474236991e-13,1.5849625007182713,1.0,1.0000000000009104,0.0
role_oracle,10,7,0.0,1.0,0.0,-1.4428232973175177e-12,-9.103201474236991e-13,1.5849625007182713,1.0,1.0000000000009104,0.0
role_oracle,10,8,0.0,1.0,0.0,-1.4428232973175177e-12,-9.103201474236991e-13,1.5849625007182713,1.0,1.0000000000009104,0.0
role_oracle,10,9,0.0,1.0,0.0,-1.4428232973175177e-12,-9.103201474236991e-13,1.5849625007182713,1.0,1.0000000000009104,0.0
role_oracle,10,10,0.0,1.0,0.0,-1.4428232973175177e-12,-9.103201474236991e-13,1.5849625007182713,1.0,1.0000000000009104,0.0
role_oracle,10,11,0.0,1.0,0.0,-1.4428232973175177e-12,-9.103201474236991e-13,1.5849625007182713,1.0,1.0000000000009104,0.0
role_oracle,10,12,0.0,1.0,0.0,-1.4428232973175177e-12,-9.103201474236991e-13,1.5849625007182713,1.0,1.0000000000009104,0.0
role_oracle,10,13,0.0,1.0,0.0,-1.4428232973175177e-12,-9.103201474236991e-13,1.5849625007182713,1.0,1.0000000000009104,0.0
role_oracle,10,14,0.0,1.0,0.0,-1.4428232973175177e-12,-9.103201474236991e-13,1.5849625007182713,1.0,1.0000000000009104,0.0
role_oracle,10,15,0.0,0.0,1.0,-1.4428232973175177e-12,-9.103201474236991e-13,1.5849625007182713,1.0,1.0000000000009104,0.0
role_oracle,10,16,0.0,0.0,1.0,-1.4428232973175177e-12,-9.103201474236991e-13,1.5849625007182713,1.0,1.0000000000009104,0.0
role_oracle,10,17,0.0,0.0,1.0,-1.4428232973175177e-12,-9.103201474236991e-13,1.5849625007182713,1.0,1.0000000000009104,0.0
role_oracle,11,0,0.0,1.0,0.0,-1.4428232973175177e-12,-9.103201474236991e-13,1.5849625007182713,1.0,1.0000000000009104,0.0
role_oracle,11,1,0.0,1.0,0.0,-1.4428232973175177e-12,-9.103201474236991e-13,1.5849625007182713,1.0,1.0000000000009104,0.0
role_oracle,11,2,0.0,1.0,0.0,-1.4428232973175177e-12,-9.103201474236991e-13,1.5849625007182713,1.0,1.0000000000009104,0.0
role_oracle,11,3,0.0,1.0,0.0,-1.4428232973175177e-12,-9.103201474236991e-13,1.5849625007182713,1.0,1.0000000000009104,0.0
role_oracle,11,4,0.0,1.0,0.0,-1.4428232973175177e-12,-9.103201474236991e-13,1.5849625007182713,1.0,1.0000000000009104,0.0
role_oracle,11,5,0.0,1.0,0.0,-1.4428232973175177e-12,-9.103201474236991e-13,1.5849625007182713,1.0,1.0000000000009104,0.0
role_oracle,11,6,0.0,1.0,0.0,-1.4428232973175177e-12,-9.103201474236991e-13,1.5849625007182713,1.0,1.0000000000009104,0.0
role_oracle,11,7,0.0,1.0,0.0,-1.4428232973175177e-12,-9.103201474236991e-13,1.5849625007182713,1.0,1.0000000000009104,0.0
role_oracle,11,8,0.0,1.0,0.0,-1.4428232973175177e-12,-9.103201474236991e-13,1.5849625007182713,1.0,1.0000000000009104,0.0
role_oracle,11,9,0.0,1.0,0.0,-1.4428232973175177e-12,-9.103201474236991e-13,1.5849625007182713,1.0,1.0000000000009104,0.0
role_oracle,11,10,0.0,1.0,0.0,-1.4428232973175177e-12,-9.103201474236991e-13,1.5849625007182713,1.0,1.0000000000009104,0.0
role_oracle,11,11,0.0,1.0,0.0,-1.4428232973175177e-12,-9.103201474236991e-13,1.5849625007182713,1.0,1.0000000000009104,0.0
role_oracle,11,12,0.0,1.0,0.0,-1.4428232973175177e-12,-9.103201474236991e-13,1.5849625007182713,1.0,1.0000000000009104,0.0
role_oracle,11,13,0.0,0.0,1.0,-1.4428232973175177e-12,-9.103201474236991e-13,1.5849625007182713,1.0,1.0000000000009104,0.0
role_oracle,11,14,0.0,0.0,1.0,-1.4428232973175177e-12,-9.103201474236991e-13,1.5849625007182713,1.0,1.0000000000009104,0.0
role_oracle,11,15,0.0,0.0,1.0,-1.4428232973175177e-12,-9.103201474236991e-13,1.5849625007182713,1.0,1.0000000000009104,0.0
role_oracle,12,0,0.2,0.6,0.2,1.3709505944503406,0.8649735207151964,0.2140119062664878,0.8,0.10802118342784289,0.027005295856960723
role_oracle,12,1,0.0,0.6,0.4,0.9709505944517833,0.6126016192875238,0.6140119062650451,1.0,0.38739838071247623,0.0
role_oracle,12,2,0.0,1.0,0.0,-1.4428232973175177e-12,-9.103201474236991e-13,1.5849625007182713,1.0,1.0000000000009104,0.0
role_oracle,12,3,0.0,1.0,0.0,-1.4428232973175177e-12,-9.103201474236991e-13,1.5849625007182713,1.0,1.0000000000009104,0.0
role_oracle,12,4,0.0,1.0,0.0,-1.4428232973175177e-12,-9.103201474236991e-13,1.5849625007182713,1.0,1.0000000000009104,0.0
role_oracle,12,5,0.0,1.0,0.0,-1.4428232973175177e-12,-9.103201474236991e-13,1.5849625007182713,1.0,1.0000000000009104,0.0
role_oracle,12,6,0.0,1.0,0.0,-1.4428232973175177e-12,-9.103201474236991e-13,1.5849625007182713,1.0,1.0000000000009104,0.0
role_oracle,12,7,0.0,1.0,0.0,-1.4428232973175177e-12,-9.103201474236991e-13,1.5849625007182713,1.0,1.0000000000009104,0.0
role_oracle,12,8,0.0,1.0,0.0,-1.4428232973175177e-12,-9.103201474236991e-13,1.5849625007182713,1.0,1.0000000000009104,0.0
role_oracle,12,9,0.0,1.0,0.0,-1.4428232973175177e-12,-9.103201474236991e-13,1.5849625007182713,1.0,1.0000000000009104,0.0
role_oracle,12,10,0.0,1.0,0.0,-1.4428232973175177e-12,-9.103201474236991e-13,1.5849625007182713,1.0,1.0000000000009104,0.0
role_oracle,12,11,0.0,1.0,0.0,-1.4428232973175177e-12,-9.103201474236991e-13,1.5849625007182713,1.0,1.0000000000009104,0.0
role_oracle,12,12,0.0,1.0,0.0,-1.4428232973175177e-12,-9.103201474236991e-13,1.5849625007182713,1.0,1.0000000000009104,0.0
role_oracle,12,13,0.0,1.0,0.0,-1.4428232973175177e-12,-9.103201474236991e-13,1.5849625007182713,1.0,1.0000000000009104,0.0
role_oracle,12,14,0.0,1.0,0.0,-1.4428232973175177e-12,-9.103201474236991e-13,1.5849625007182713,1.0,1.0000000000009104,0.0
role_oracle,12,15,0.0,0.0,1.0,-1.4428232973175177e-12,-9.103201474236991e-13,1.5849625007182713,1.0,1.0000000000009104,0.0
role_oracle,12,16,0.0,0.0,1.0,-1.4428232973175177e-12,-9.103201474236991e-13,1.5849625007182713,1.0,1.0000000000009104,0.0
role_oracle,12,17,0.0,0.0,1.0,-1.4428232973175177e-12,-9.103201474236991e-13,1.5849625007182713,1.0,1.0000000000009104,0.0
role_oracle,12,18,0.0,0.0,1.0,-1.4428232973175177e-12,-9.103201474236991e-13,1.5849625007182713,1.0,1.0000000000009104,0.0
role_oracle,13,0,0.0,0.8,0.2,0.7219280948844771,0.4554859150017748,0.8630344058323514,1.0,0.5445140849982252,0.0
role_oracle,13,1,0.0,1.0,0.0,-1.4428232973175177e-12,-9.103201474236991e-13,1.5849625007182713,1.0,1.0000000000009104,0.0
role_oracle,13,2,0.0,1.0,0.0,-1.4428232973175177e-12,-9.103201474236991e-13,1.5849625007182713,1.0,1.0000000000009104,0.0
role_oracle,13,3,0.0,1.0,0.0,-1.4428232973175177e-12,-9.103201474236991e-13,1.5849625007182713,1.0,1.0000000000009104,0.0
role_oracle,13,4,0.0,1.0,0.0,-1.4428232973175177e-12,-9.103201474236991e-13,1.5849625007182713,1.0,1.0000000000009104,0.0
role_oracle,13,5,0.0,1.0,0.0,-1.4428232973175177e-12,-9.103201474236991e-13,1.5849625007182713,1.0,1.0000000000009104,0.0
role_oracle,13,6,0.0,1.0,0.0,-1.4428232973175177e-12,-9.103201474236991e-13,1.5849625007182713,1.0,1.0000000000009104,0.0
role_oracle,13,7,0.0,1.0,0.0,-1.4428232973175177e-12,-9.103201474236991e-13,1.5849625007182713,1.0,1.0000000000009104,0.0
role_oracle,13,8,0.0,1.0,0.0,-1.4428232973175177e-12,-9.103201474236991e-13,1.5849625007182713,1.0,1.0000000000009104,0.0
role_oracle,13,9,0.0,1.0,0.0,-1.4428232973175177e-12,-9.103201474236991e-13,1.5849625007182713,1.0,1.0000000000009104,0.0
role_oracle,13,10,0.0,1.0,0.0,-1.4428232973175177e-12,-9.103201474236991e-13,1.5849625007182713,1.0,1.0000000000009104,0.0
role_oracle,13,11,0.0,1.0,0.0,-1.4428232973175177e-12,-9.103201474236991e-13,1.5849625007182713,1.0,1.0000000000009104,0.0
role_oracle,13,12,0.0,1.0,0.0,-1.4428232973175177e-12,-9.103201474236991e-13,1.5849625007182713,1.0,1.0000000000009104,0.0
role_oracle,13,13,0.0,0.0,1.0,-1.4428232973175177e-12,-9.103201474236991e-13,1.5849625007182713,1.0,1.0000000000009104,0.0
role_oracle,13,14,0.0,0.0,1.0,-1.4428232973175177e-12,-9.103201474236991e-13,1.5849625007182713,1.0,1.0000000000009104,0.0
role_oracle,13,15,0.0,0.0,1.0,-1.4428232973175177e-12,-9.103201474236991e-13,1.5849625007182713,1.0,1.0000000000009104,0.0
role_oracle,13,16,0.0,0.0,1.0,-1.4428232973175177e-12,-9.103201474236991e-13,1.5849625007182713,1.0,1.0000000000009104,0.0
role_oracle,13,17,0.0,0.0,1.0,-1.4428232973175177e-12,-9.103201474236991e-13,1.5849625007182713,1.0,1.0000000000009104,0.0
role_oracle,14,0,0.2,0.8,0.0,0.7219280948844771,0.4554859150017748,0.8630344058323514,0.8,0.4356112679985802,0.10890281699964505
role_oracle,14,1,0.2,0.8,0.0,0.7219280948844771,0.4554859150017748,0.8630344058323514,0.8,0.4356112679985802,0.10890281699964505
role_oracle,14,2,0.2,0.8,0.0,0.7219280948844771,0.4554859150017748,0.8630344058323514,0.8,0.4356112679985802,0.10890281699964505
role_oracle,14,3,0.0,1.0,0.0,-1.4428232973175177e-12,-9.103201474236991e-13,1.5849625007182713,1.0,1.0000000000009104,0.0
role_oracle,14,4,0.0,1.0,0.0,-1.4428232973175177e-12,-9.103201474236991e-13,1.5849625007182713,1.0,1.0000000000009104,0.0
role_oracle,14,5,0.0,1.0,0.0,-1.4428232973175177e-12,-9.103201474236991e-13,1.5849625007182713,1.0,1.0000000000009104,0.0
role_oracle,14,6,0.0,1.0,0.0,-1.4428232973175177e-12,-9.103201474236991e-13,1.5849625007182713,1.0,1.0000000000009104,0.0
role_oracle,14,7,0.0,1.0,0.0,-1.4428232973175177e-12,-9.103201474236991e-13,1.5849625007182713,1.0,1.0000000000009104,0.0
role_oracle,14,8,0.0,1.0,0.0,-1.4428232973175177e-12,-9.103201474236991e-13,1.5849625007182713,1.0,1.0000000000009104,0.0
role_oracle,14,9,0.0,1.0,0.0,-1.4428232973175177e-12,-9.103201474236991e-13,1.5849625007182713,1.0,1.0000000000009104,0.0
role_oracle,14,10,0.0,1.0,0.0,-1.4428232973175177e-12,-9.103201474236991e-13,1.5849625007182713,1.0,1.0000000000009104,0.0
role_oracle,14,11,0.0,1.0,0.0,-1.4428232973175177e-12,-9.103201474236991e-13,1.5849625007182713,1.0,1.0000000000009104,0.0
role_oracle,14,12,0.0,1.0,0.0,-1.4428232973175177e-12,-9.103201474236991e-13,1.5849625007182713,1.0,1.0000000000009104,0.0
role_oracle,14,13,0.0,0.0,1.0,-1.4428232973175177e-12,-9.103201474236991e-13,1.5849625007182713,1.0,1.0000000000009104,0.0
role_oracle,14,14,0.0,0.0,1.0,-1.4428232973175177e-12,-9.103201474236991e-13,1.5849625007182713,1.0,1.0000000000009104,0.0
role_oracle,14,15,0.0,0.0,1.0,-1.4428232973175177e-12,-9.103201474236991e-13,1.5849625007182713,1.0,1.0000000000009104,0.0
role_oracle,14,16,0.0,0.0,1.0,-1.4428232973175177e-12,-9.103201474236991e-13,1.5849625007182713,1.0,1.0000000000009104,0.0
role_oracle,15,0,0.4,0.6,0.0,0.9709505944517833,0.6126016192875238,0.6140119062650451,0.6,0.23243902842748573,0.1549593522849905
role_oracle,15,1,0.2,0.8,0.0,0.7219280948844771,0.4554859150017748,0.8630344058323514,0.8,0.4356112679985802,0.10890281699964505
role_oracle,15,2,0.2,0.8,0.0,0.7219280948844771,0.4554859150017748,0.8630344058323514,0.8,0.4356112679985802,0.10890281699964505
role_oracle,15,3,0.2,0.8,0.0,0.7219280948844771,0.4554859150017748,0.8630344058323514,0.8,0.4356112679985802,0.10890281699964505
role_oracle,15,4,0.0,1.0,0.0,-1.4428232973175177e-12,-9.103201474236991e-13,1.5849625007182713,1.0,1.0000000000009104,0.0
role_oracle,15,5,0.0,1.0,0.0,-1.4428232973175177e-12,-9.103201474236991e-13,1.5849625007182713,1.0,1.0000000000009104,0.0
role_oracle,15,6,0.0,1.0,0.0,-1.4428232973175177e-12,-9.103201474236991e-13,1.5849625007182713,1.0,1.0000000000009104,0.0
role_oracle,15,7,0.0,1.0,0.0,-1.4428232973175177e-12,-9.103201474236991e-13,1.5849625007182713,1.0,1.0000000000009104,0.0
role_oracle,15,8,0.0,1.0,0.0,-1.4428232973175177e-12,-9.103201474236991e-13,1.5849625007182713,1.0,1.0000000000009104,0.0
role_oracle,15,9,0.0,1.0,0.0,-1.4428232973175177e-12,-9.103201474236991e-13,1.5849625007182713,1.0,1.0000000000009104,0.0
role_oracle,15,10,0.0,1.0,0.0,-1.4428232973175177e-12,-9.103201474236991e-13,1.5849625007182713,1.0,1.0000000000009104,0.0
role_oracle,15,11,0.0,1.0,0.0,-1.4428232973175177e-12,-9.103201474236991e-13,1.5849625007182713,1.0,1.0000000000009104,0.0
role_oracle,15,12,0.0,1.0,0.0,-1.4428232973175177e-12,-9.103201474236991e-13,1.5849625007182713,1.0,1.0000000000009104,0.0
role_oracle,15,13,0.0,1.0,0.0,-1.4428232973175177e-12,-9.103201474236991e-13,1.5849625007182713,1.0,1.0000000000009104,0.0
role_oracle,15,14,0.0,1.0,0.0,-1.4428232973175177e-12,-9.103201474236991e-13,1.5849625007182713,1.0,1.0000000000009104,0.0
role_oracle,15,15,0.0,1.0,0.0,-1.4428232973175177e-12,-9.103201474236991e-13,1.5849625007182713,1.0,1.0000000000009104,0.0
role_oracle,15,16,0.0,0.0,1.0,-1.4428232973175177e-12,-9.103201474236991e-13,1.5849625007182713,1.0,1.0000000000009104,0.0
role_oracle,15,17,0.0,0.0,1.0,-1.4428232973175177e-12,-9.103201474236991e-13,1.5849625007182713,1.0,1.0000000000009104,0.0
role_oracle,15,18,0.0,0.0,1.0,-1.4428232973175177e-12,-9.103201474236991e-13,1.5849625007182713,1.0,1.0000000000009104,0.0
role_oracle,15,19,0.0,0.0,1.0,-1.4428232973175177e-12,-9.103201474236991e-13,1.5849625007182713,1.0,1.0000000000009104,0.0
role_oracle,15,20,0.0,0.0,1.0,-1.4428232973175177e-12,-9.103201474236991e-13,1.5849625007182713,1.0,1.0000000000009104,0.0
role_oracle,15,21,0.0,0.0,1.0,-1.4428232973175177e-12,-9.103201474236991e-13,1.5849625007182713,1.0,1.0000000000009104,0.0
role_oracle,16,0,0.4,0.6,0.0,0.9709505944517833,0.6126016192875238,0.6140119062650451,0.6,0.23243902842748573,0.1549593522849905
role_oracle,16,1,0.2,0.6,0.2,1.3709505944503406,0.8649735207151964,0.2140119062664878,0.8,0.10802118342784289,0.027005295856960723
role_oracle,16,2,0.2,0.8,0.0,0.7219280948844771,0.4554859150017748,0.8630344058323514,0.8,0.4356112679985802,0.10890281699964505
role_oracle,16,3,0.0,0.8,0.2,0.7219280948844771,0.4554859150017748,0.8630344058323514,1.0,0.5445140849982252,0.0
role_oracle,16,4,0.0,1.0,0.0,-1.4428232973175177e-12,-9.103201474236991e-13,1.5849625007182713,1.0,1.0000000000009104,0.0
role_oracle,16,5,0.0,1.0,0.0,-1.4428232973175177e-12,-9.103201474236991e-13,1.5849625007182713,1.0,1.0000000000009104,0.0
role_oracle,16,6,0.0,1.0,0.0,-1.4428232973175177e-12,-9.103201474236991e-13,1.5849625007182713,1.0,1.0000000000009104,0.0
role_oracle,16,7,0.0,1.0,0.0,-1.4428232973175177e-12,-9.103201474236991e-13,1.5849625007182713,1.0,1.0000000000009104,0.0
role_oracle,16,8,0.0,1.0,0.0,-1.4428232973175177e-12,-9.103201474236991e-13,1.5849625007182713,1.0,1.0000000000009104,0.0
role_oracle,16,9,0.0,1.0,0.0,-1.4428232973175177e-12,-9.103201474236991e-13,1.5849625007182713,1.0,1.0000000000009104,0.0
role_oracle,16,10,0.0,1.0,0.0,-1.4428232973175177e-12,-9.103201474236991e-13,1.5849625007182713,1.0,1.0000000000009104,0.0
role_oracle,16,11,0.0,1.0,0.0,-1.4428232973175177e-12,-9.103201474236991e-13,1.5849625007182713,1.0,1.0000000000009104,0.0
role_oracle,16,12,0.0,1.0,0.0,-1.4428232973175177e-12,-9.103201474236991e-13,1.5849625007182713,1.0,1.0000000000009104,0.0
role_oracle,16,13,0.0,1.0,0.0,-1.4428232973175177e-12,-9.103201474236991e-13,1.5849625007182713,1.0,1.0000000000009104,0.0
role_oracle,16,14,0.0,1.0,0.0,-1.4428232973175177e-12,-9.103201474236991e-13,1.5849625007182713,1.0,1.0000000000009104,0.0
role_oracle,16,15,0.0,1.0,0.0,-1.4428232973175177e-12,-9.103201474236991e-13,1.5849625007182713,1.0,1.0000000000009104,0.0
role_oracle,16,16,0.0,1.0,0.0,-1.4428232973175177e-12,-9.103201474236991e-13,1.5849625007182713,1.0,1.0000000000009104,0.0
role_oracle,16,17,0.0,1.0,0.0,-1.4428232973175177e-12,-9.103201474236991e-13,1.5849625007182713,1.0,1.0000000000009104,0.0
role_oracle,17,0,0.2,0.8,0.0,0.7219280948844771,0.4554859150017748,0.8630344058323514,0.8,0.4356112679985802,0.10890281699964505
role_oracle,17,1,0.0,0.8,0.2,0.7219280948844771,0.4554859150017748,0.8630344058323514,1.0,0.5445140849982252,0.0
role_oracle,17,2,0.0,0.8,0.2,0.7219280948844771,0.4554859150017748,0.8630344058323514,1.0,0.5445140849982252,0.0
role_oracle,17,3,0.0,1.0,0.0,-1.4428232973175177e-12,-9.103201474236991e-13,1.5849625007182713,1.0,1.0000000000009104,0.0
role_oracle,17,4,0.0,1.0,0.0,-1.4428232973175177e-12,-9.103201474236991e-13,1.5849625007182713,1.0,1.0000000000009104,0.0
role_oracle,17,5,0.0,1.0,0.0,-1.4428232973175177e-12,-9.103201474236991e-13,1.5849625007182713,1.0,1.0000000000009104,0.0
role_oracle,17,6,0.0,1.0,0.0,-1.4428232973175177e-12,-9.103201474236991e-13,1.5849625007182713,1.0,1.0000000000009104,0.0
role_oracle,17,7,0.0,1.0,0.0,-1.4428232973175177e-12,-9.103201474236991e-13,1.5849625007182713,1.0,1.0000000000009104,0.0
role_oracle,17,8,0.0,1.0,0.0,-1.4428232973175177e-12,-9.103201474236991e-13,1.5849625007182713,1.0,1.0000000000009104,0.0
role_oracle,17,9,0.0,1.0,0.0,-1.4428232973175177e-12,-9.103201474236991e-13,1.5849625007182713,1.0,1.0000000000009104,0.0
role_oracle,17,10,0.0,1.0,0.0,-1.4428232973175177e-12,-9.103201474236991e-13,1.5849625007182713,1.0,1.0000000000009104,0.0
role_oracle,17,11,0.0,1.0,0.0,-1.4428232973175177e-12,-9.103201474236991e-13,1.5849625007182713,1.0,1.0000000000009104,0.0
role_oracle,17,12,0.0,1.0,0.0,-1.4428232973175177e-12,-9.103201474236991e-13,1.5849625007182713,1.0,1.0000000000009104,0.0
role_oracle,17,13,0.0,1.0,0.0,-1.4428232973175177e-12,-9.103201474236991e-13,1.5849625007182713,1.0,1.0000000000009104,0.0
role_oracle,17,14,0.0,0.0,1.0,-1.4428232973175177e-12,-9.103201474236991e-13,1.5849625007182713,1.0,1.0000000000009104,0.0
role_oracle,17,15,0.0,0.0,1.0,-1.4428232973175177e-12,-9.103201474236991e-13,1.5849625007182713,1.0,1.0000000000009104,0.0
role_oracle,17,16,0.0,0.0,1.0,-1.4428232973175177e-12,-9.103201474236991e-13,1.5849625007182713,1.0,1.0000000000009104,0.0
role_oracle,17,17,0.0,0.0,1.0,-1.4428232973175177e-12,-9.103201474236991e-13,1.5849625007182713,1.0,1.0000000000009104,0.0
role_oracle,18,0,0.2,0.8,0.0,0.7219280948844771,0.4554859150017748,0.8630344058323514,0.8,0.4356112679985802,0.10890281699964505
role_oracle,18,1,0.2,0.8,0.0,0.7219280948844771,0.4554859150017748,0.8630344058323514,0.8,0.4356112679985802,0.10890281699964505
role_oracle,18,2,0.0,1.0,0.0,-1.4428232973175177e-12,-9.103201474236991e-13,1.5849625007182713,1.0,1.0000000000009104,0.0
role_oracle,18,3,0.0,1.0,0.0,-1.4428232973175177e-12,-9.103201474236991e-13,1.5849625007182713,1.0,1.0000000000009104,0.0
role_oracle,18,4,0.0,1.0,0.0,-1.4428232973175177e-12,-9.103201474236991e-13,1.5849625007182713,1.0,1.0000000000009104,0.0
role_oracle,18,5,0.0,1.0,0.0,-1.4428232973175177e-12,-9.103201474236991e-13,1.5849625007182713,1.0,1.0000000000009104,0.0
role_oracle,18,6,0.0,1.0,0.0,-1.4428232973175177e-12,-9.103201474236991e-13,1.5849625007182713,1.0,1.0000000000009104,0.0
role_oracle,18,7,0.0,1.0,0.0,-1.4428232973175177e-12,-9.103201474236991e-13,1.5849625007182713,1.0,1.0000000000009104,0.0
role_oracle,18,8,0.0,1.0,0.0,-1.4428232973175177e-12,-9.103201474236991e-13,1.5849625007182713,1.0,1.0000000000009104,0.0
role_oracle,18,9,0.0,1.0,0.0,-1.4428232973175177e-12,-9.103201474236991e-13,1.5849625007182713,1.0,1.0000000000009104,0.0
role_oracle,18,10,0.0,1.0,0.0,-1.4428232973175177e-12,-9.103201474236991e-13,1.5849625007182713,1.0,1.0000000000009104,0.0
role_oracle,18,11,0.0,1.0,0.0,-1.4428232973175177e-12,-9.103201474236991e-13,1.5849625007182713,1.0,1.0000000000009104,0.0
role_oracle,18,12,0.0,1.0,0.0,-1.4428232973175177e-12,-9.103201474236991e-13,1.5849625007182713,1.0,1.0000000000009104,0.0
role_oracle,18,13,0.0,1.0,0.0,-1.4428232973175177e-12,-9.103201474236991e-13,1.5849625007182713,1.0,1.0000000000009104,0.0
role_oracle,18,14,0.0,1.0,0.0,-1.4428232973175177e-12,-9.103201474236991e-13,1.5849625007182713,1.0,1.0000000000009104,0.0
role_oracle,18,15,0.0,0.0,1.0,-1.4428232973175177e-12,-9.103201474236991e-13,1.5849625007182713,1.0,1.0000000000009104,0.0
role_oracle,18,16,0.0,0.0,1.0,-1.4428232973175177e-12,-9.103201474236991e-13,1.5849625007182713,1.0,1.0000000000009104,0.0
role_oracle,18,17,0.0,0.0,1.0,-1.4428232973175177e-12,-9.103201474236991e-13,1.5849625007182713,1.0,1.0000000000009104,0.0
role_oracle,19,0,0.4,0.6,0.0,0.9709505944517833,0.6126016192875238,0.6140119062650451,0.6,0.23243902842748573,0.1549593522849905
role_oracle,19,1,0.0,1.0,0.0,-1.4428232973175177e-12,-9.103201474236991e-13,1.5849625007182713,1.0,1.0000000000009104,0.0
role_oracle,19,2,0.0,1.0,0.0,-1.4428232973175177e-12,-9.103201474236991e-13,1.5849625007182713,1.0,1.0000000000009104,0.0
role_oracle,19,3,0.0,1.0,0.0,-1.4428232973175177e-12,-9.103201474236991e-13,1.5849625007182713,1.0,1.0000000000009104,0.0
role_oracle,19,4,0.0,1.0,0.0,-1.4428232973175177e-12,-9.103201474236991e-13,1.5849625007182713,1.0,1.0000000000009104,0.0
role_oracle,19,5,0.0,1.0,0.0,-1.4428232973175177e-12,-9.103201474236991e-13,1.5849625007182713,1.0,1.0000000000009104,0.0
role_oracle,19,6,0.0,1.0,0.0,-1.4428232973175177e-12,-9.103201474236991e-13,1.5849625007182713,1.0,1.0000000000009104,0.0
role_oracle,19,7,0.0,1.0,0.0,-1.4428232973175177e-12,-9.103201474236991e-13,1.5849625007182713,1.0,1.0000000000009104,0.0
role_oracle,19,8,0.0,1.0,0.0,-1.4428232973175177e-12,-9.103201474236991e-13,1.5849625007182713,1.0,1.0000000000009104,0.0
role_oracle,19,9,0.0,1.0,0.0,-1.4428232973175177e-12,-9.103201474236991e-13,1.5849625007182713,1.0,1.0000000000009104,0.0
role_oracle,19,10,0.0,1.0,0.0,-1.4428232973175177e-12,-9.103201474236991e-13,1.5849625007182713,1.0,1.0000000000009104,0.0
role_oracle,19,11,0.0,1.0,0.0,-1.4428232973175177e-12,-9.103201474236991e-13,1.5849625007182713,1.0,1.0000000000009104,0.0
role_oracle,19,12,0.0,1.0,0.0,-1.4428232973175177e-12,-9.103201474236991e-13,1.5849625007182713,1.0,1.0000000000009104,0.0
role_oracle,19,13,0.0,1.0,0.0,-1.4428232973175177e-12,-9.103201474236991e-13,1.5849625007182713,1.0,1.0000000000009104,0.0
role_oracle,19,14,0.0,1.0,0.0,-1.4428232973175177e-12,-9.103201474236991e-13,1.5849625007182713,1.0,1.0000000000009104,0.0
role_oracle,19,15,0.0,0.0,1.0,-1.4428232973175177e-12,-9.103201474236991e-13,1.5849625007182713,1.0,1.0000000000009104,0.0
role_oracle,19,16,0.0,0.0,1.0,-1.4428232973175177e-12,-9.103201474236991e-13,1.5849625007182713,1.0,1.0000000000009104,0.0
role_oracle,19,17,0.0,0.0,1.0,-1.4428232973175177e-12,-9.103201474236991e-13,1.5849625007182713,1.0,1.0000000000009104,0.0
role_oracle,19,18,0.0,0.0,1.0,-1.4428232973175177e-12,-9.103201474236991e-13,1.5849625007182713,1.0,1.0000000000009104,0.0
role_oracle,20,0,0.0,1.0,0.0,-1.4428232973175177e-12,-9.103201474236991e-13,1.5849625007182713,1.0,1.0000000000009104,0.0
role_oracle,20,1,0.0,1.0,0.0,-1.4428232973175177e-12,-9.103201474236991e-13,1.5849625007182713,1.0,1.0000000000009104,0.0
role_oracle,20,2,0.0,1.0,0.0,-1.4428232973175177e-12,-9.103201474236991e-13,1.5849625007182713,1.0,1.0000000000009104,0.0
role_oracle,20,3,0.0,1.0,0.0,-1.4428232973175177e-12,-9.103201474236991e-13,1.5849625007182713,1.0,1.0000000000009104,0.0
role_oracle,20,4,0.0,1.0,0.0,-1.4428232973175177e-12,-9.103201474236991e-13,1.5849625007182713,1.0,1.0000000000009104,0.0
role_oracle,20,5,0.0,1.0,0.0,-1.4428232973175177e-12,-9.103201474236991e-13,1.5849625007182713,1.0,1.0000000000009104,0.0
role_oracle,20,6,0.0,1.0,0.0,-1.4428232973175177e-12,-9.103201474236991e-13,1.5849625007182713,1.0,1.0000000000009104,0.0
role_oracle,20,7,0.0,1.0,0.0,-1.4428232973175177e-12,-9.103201474236991e-13,1.5849625007182713,1.0,1.0000000000009104,0.0
role_oracle,20,8,0.0,1.0,0.0,-1.4428232973175177e-12,-9.103201474236991e-13,1.5849625007182713,1.0,1.0000000000009104,0.0
role_oracle,20,9,0.0,1.0,0.0,-1.4428232973175177e-12,-9.103201474236991e-13,1.5849625007182713,1.0,1.0000000000009104,0.0
role_oracle,20,10,0.0,1.0,0.0,-1.4428232973175177e-12,-9.103201474236991e-13,1.5849625007182713,1.0,1.0000000000009104,0.0
role_oracle,20,11,0.0,1.0,0.0,-1.4428232973175177e-12,-9.103201474236991e-13,1.5849625007182713,1.0,1.0000000000009104,0.0
role_oracle,20,12,0.0,0.0,1.0,-1.4428232973175177e-12,-9.103201474236991e-13,1.5849625007182713,1.0,1.0000000000009104,0.0
role_oracle,20,13,0.0,0.0,1.0,-1.4428232973175177e-12,-9.103201474236991e-13,1.5849625007182713,1.0,1.0000000000009104,0.0
role_oracle,20,14,0.0,0.0,1.0,-1.4428232973175177e-12,-9.103201474236991e-13,1.5849625007182713,1.0,1.0000000000009104,0.0
role_oracle,21,0,0.0,1.0,0.0,-1.4428232973175177e-12,-9.103201474236991e-13,1.5849625007182713,1.0,1.0000000000009104,0.0
role_oracle,21,1,0.0,1.0,0.0,-1.4428232973175177e-12,-9.103201474236991e-13,1.5849625007182713,1.0,1.0000000000009104,0.0
role_oracle,21,2,0.0,1.0,0.0,-1.4428232973175177e-12,-9.103201474236991e-13,1.5849625007182713,1.0,1.0000000000009104,0.0
role_oracle,21,3,0.0,1.0,0.0,-1.4428232973175177e-12,-9.103201474236991e-13,1.5849625007182713,1.0,1.0000000000009104,0.0
role_oracle,21,4,0.0,1.0,0.0,-1.4428232973175177e-12,-9.103201474236991e-13,1.5849625007182713,1.0,1.0000000000009104,0.0
role_oracle,21,5,0.0,1.0,0.0,-1.4428232973175177e-12,-9.103201474236991e-13,1.5849625007182713,1.0,1.0000000000009104,0.0
role_oracle,21,6,0.0,1.0,0.0,-1.4428232973175177e-12,-9.103201474236991e-13,1.5849625007182713,1.0,1.0000000000009104,0.0
role_oracle,21,7,0.0,1.0,0.0,-1.4428232973175177e-12,-9.103201474236991e-13,1.5849625007182713,1.0,1.0000000000009104,0.0
role_oracle,21,8,0.0,1.0,0.0,-1.4428232973175177e-12,-9.103201474236991e-13,1.5849625007182713,1.0,1.0000000000009104,0.0
role_oracle,21,9,0.0,1.0,0.0,-1.4428232973175177e-12,-9.103201474236991e-13,1.5849625007182713,1.0,1.0000000000009104,0.0
role_oracle,21,10,0.0,1.0,0.0,-1.4428232973175177e-12,-9.103201474236991e-13,1.5849625007182713,1.0,1.0000000000009104,0.0
role_oracle,21,11,0.0,1.0,0.0,-1.4428232973175177e-12,-9.103201474236991e-13,1.5849625007182713,1.0,1.0000000000009104,0.0
role_oracle,21,12,0.0,1.0,0.0,-1.4428232973175177e-12,-9.103201474236991e-13,1.5849625007182713,1.0,1.0000000000009104,0.0
role_oracle,21,13,0.0,0.0,1.0,-1.4428232973175177e-12,-9.103201474236991e-13,1.5849625007182713,1.0,1.0000000000009104,0.0
role_oracle,21,14,0.0,0.0,1.0,-1.4428232973175177e-12,-9.103201474236991e-13,1.5849625007182713,1.0,1.0000000000009104,0.0
role_oracle,21,15,0.0,0.0,1.0,-1.4428232973175177e-12,-9.103201474236991e-13,1.5849625007182713,1.0,1.0000000000009104,0.0
role_oracle,22,0,0.0,1.0,0.0,-1.4428232973175177e-12,-9.103201474236991e-13,1.5849625007182713,1.0,1.0000000000009104,0.0
role_oracle,22,1,0.0,1.0,0.0,-1.4428232973175177e-12,-9.103201474236991e-13,1.5849625007182713,1.0,1.0000000000009104,0.0
role_oracle,22,2,0.0,1.0,0.0,-1.4428232973175177e-12,-9.103201474236991e-13,1.5849625007182713,1.0,1.0000000000009104,0.0
role_oracle,22,3,0.0,1.0,0.0,-1.4428232973175177e-12,-9.103201474236991e-13,1.5849625007182713,1.0,1.0000000000009104,0.0
role_oracle,22,4,0.0,1.0,0.0,-1.4428232973175177e-12,-9.103201474236991e-13,1.5849625007182713,1.0,1.0000000000009104,0.0
role_oracle,22,5,0.0,1.0,0.0,-1.4428232973175177e-12,-9.103201474236991e-13,1.5849625007182713,1.0,1.0000000000009104,0.0
role_oracle,22,6,0.0,1.0,0.0,-1.4428232973175177e-12,-9.103201474236991e-13,1.5849625007182713,1.0,1.0000000000009104,0.0
role_oracle,22,7,0.0,1.0,0.0,-1.4428232973175177e-12,-9.103201474236991e-13,1.5849625007182713,1.0,1.0000000000009104,0.0
role_oracle,22,8,0.0,1.0,0.0,-1.4428232973175177e-12,-9.103201474236991e-13,1.5849625007182713,1.0,1.0000000000009104,0.0
role_oracle,22,9,0.0,1.0,0.0,-1.4428232973175177e-12,-9.103201474236991e-13,1.5849625007182713,1.0,1.0000000000009104,0.0
role_oracle,22,10,0.0,1.0,0.0,-1.4428232973175177e-12,-9.103201474236991e-13,1.5849625007182713,1.0,1.0000000000009104,0.0
role_oracle,22,11,0.0,1.0,0.0,-1.4428232973175177e-12,-9.103201474236991e-13,1.5849625007182713,1.0,1.0000000000009104,0.0
role_oracle,22,12,0.0,0.0,1.0,-1.4428232973175177e-12,-9.103201474236991e-13,1.5849625007182713,1.0,1.0000000000009104,0.0
role_oracle,22,13,0.0,0.0,1.0,-1.4428232973175177e-12,-9.103201474236991e-13,1.5849625007182713,1.0,1.0000000000009104,0.0
role_oracle,22,14,0.0,0.0,1.0,-1.4428232973175177e-12,-9.103201474236991e-13,1.5849625007182713,1.0,1.0000000000009104,0.0
role_oracle,23,0,0.2,0.8,0.0,0.7219280948844771,0.4554859150017748,0.8630344058323514,0.8,0.4356112679985802,0.10890281699964505
role_oracle,23,1,0.0,1.0,0.0,-1.4428232973175177e-12,-9.103201474236991e-13,1.5849625007182713,1.0,1.0000000000009104,0.0
role_oracle,23,2,0.0,1.0,0.0,-1.4428232973175177e-12,-9.103201474236991e-13,1.5849625007182713,1.0,1.0000000000009104,0.0
role_oracle,23,3,0.0,1.0,0.0,-1.4428232973175177e-12,-9.103201474236991e-13,1.5849625007182713,1.0,1.0000000000009104,0.0
role_oracle,23,4,0.0,1.0,0.0,-1.4428232973175177e-12,-9.103201474236991e-13,1.5849625007182713,1.0,1.0000000000009104,0.0
role_oracle,23,5,0.0,1.0,0.0,-1.4428232973175177e-12,-9.103201474236991e-13,1.5849625007182713,1.0,1.0000000000009104,0.0
role_oracle,23,6,0.0,1.0,0.0,-1.4428232973175177e-12,-9.103201474236991e-13,1.5849625007182713,1.0,1.0000000000009104,0.0
role_oracle,23,7,0.0,1.0,0.0,-1.4428232973175177e-12,-9.103201474236991e-13,1.5849625007182713,1.0,1.0000000000009104,0.0
role_oracle,23,8,0.0,1.0,0.0,-1.4428232973175177e-12,-9.103201474236991e-13,1.5849625007182713,1.0,1.0000000000009104,0.0
role_oracle,23,9,0.0,1.0,0.0,-1.4428232973175177e-12,-9.103201474236991e-13,1.5849625007182713,1.0,1.0000000000009104,0.0
role_oracle,23,10,0.0,1.0,0.0,-1.4428232973175177e-12,-9.103201474236991e-13,1.5849625007182713,1.0,1.0000000000009104,0.0
role_oracle,23,11,0.0,1.0,0.0,-1.4428232973175177e-12,-9.103201474236991e-13,1.5849625007182713,1.0,1.0000000000009104,0.0
role_oracle,23,12,0.0,1.0,0.0,-1.4428232973175177e-12,-9.103201474236991e-13,1.5849625007182713,1.0,1.0000000000009104,0.0
role_oracle,23,13,0.0,1.0,0.0,-1.4428232973175177e-12,-9.103201474236991e-13,1.5849625007182713,1.0,1.0000000000009104,0.0
role_oracle,23,14,0.0,1.0,0.0,-1.4428232973175177e-12,-9.103201474236991e-13,1.5849625007182713,1.0,1.0000000000009104,0.0
role_oracle,23,15,0.0,0.0,1.0,-1.4428232973175177e-12,-9.103201474236991e-13,1.5849625007182713,1.0,1.0000000000009104,0.0
role_oracle,23,16,0.0,0.0,1.0,-1.4428232973175177e-12,-9.103201474236991e-13,1.5849625007182713,1.0,1.0000000000009104,0.0
role_oracle,23,17,0.0,0.0,1.0,-1.4428232973175177e-12,-9.103201474236991e-13,1.5849625007182713,1.0,1.0000000000009104,0.0
role_oracle,23,18,0.0,0.0,1.0,-1.4428232973175177e-12,-9.103201474236991e-13,1.5849625007182713,1.0,1.0000000000009104,0.0
role_oracle,24,0,0.2,0.8,0.0,0.7219280948844771,0.4554859150017748,0.8630344058323514,0.8,0.4356112679985802,0.10890281699964505
role_oracle,24,1,0.0,1.0,0.0,-1.4428232973175177e-12,-9.103201474236991e-13,1.5849625007182713,1.0,1.0000000000009104,0.0
role_oracle,24,2,0.0,1.0,0.0,-1.4428232973175177e-12,-9.103201474236991e-13,1.5849625007182713,1.0,1.0000000000009104,0.0
role_oracle,24,3,0.0,1.0,0.0,-1.4428232973175177e-12,-9.103201474236991e-13,1.5849625007182713,1.0,1.0000000000009104,0.0
role_oracle,24,4,0.0,1.0,0.0,-1.4428232973175177e-12,-9.103201474236991e-13,1.5849625007182713,1.0,1.0000000000009104,0.0
role_oracle,24,5,0.0,1.0,0.0,-1.4428232973175177e-12,-9.103201474236991e-13,1.5849625007182713,1.0,1.0000000000009104,0.0
role_oracle,24,6,0.0,1.0,0.0,-1.4428232973175177e-12,-9.103201474236991e-13,1.5849625007182713,1.0,1.0000000000009104,0.0
role_oracle,24,7,0.0,1.0,0.0,-1.4428232973175177e-12,-9.103201474236991e-13,1.5849625007182713,1.0,1.0000000000009104,0.0
role_oracle,24,8,0.0,1.0,0.0,-1.4428232973175177e-12,-9.103201474236991e-13,1.5849625007182713,1.0,1.0000000000009104,0.0
role_oracle,24,9,0.0,1.0,0.0,-1.4428232973175177e-12,-9.103201474236991e-13,1.5849625007182713,1.0,1.0000000000009104,0.0
role_oracle,24,10,0.0,1.0,0.0,-1.4428232973175177e-12,-9.103201474236991e-13,1.5849625007182713,1.0,1.0000000000009104,0.0
role_oracle,24,11,0.0,1.0,0.0,-1.4428232973175177e-12,-9.103201474236991e-13,1.5849625007182713,1.0,1.0000000000009104,0.0
role_oracle,24,12,0.0,1.0,0.0,-1.4428232973175177e-12,-9.103201474236991e-13,1.5849625007182713,1.0,1.0000000000009104,0.0
role_oracle,24,13,0.0,1.0,0.0,-1.4428232973175177e-12,-9.103201474236991e-13,1.5849625007182713,1.0,1.0000000000009104,0.0
role_oracle,24,14,0.0,0.0,1.0,-1.4428232973175177e-12,-9.103201474236991e-13,1.5849625007182713,1.0,1.0000000000009104,0.0
role_oracle,24,15,0.0,0.0,1.0,-1.4428232973175177e-12,-9.103201474236991e-13,1.5849625007182713,1.0,1.0000000000009104,0.0
role_oracle,24,16,0.0,0.0,1.0,-1.4428232973175177e-12,-9.103201474236991e-13,1.5849625007182713,1.0,1.0000000000009104,0.0
role_oracle,25,0,0.0,1.0,0.0,-1.4428232973175177e-12,-9.103201474236991e-13,1.5849625007182713,1.0,1.0000000000009104,0.0
role_oracle,25,1,0.0,1.0,0.0,-1.4428232973175177e-12,-9.103201474236991e-13,1.5849625007182713,1.0,1.0000000000009104,0.0
role_oracle,25,2,0.0,1.0,0.0,-1.4428232973175177e-12,-9.103201474236991e-13,1.5849625007182713,1.0,1.0000000000009104,0.0
role_oracle,25,3,0.0,1.0,0.0,-1.4428232973175177e-12,-9.103201474236991e-13,1.5849625007182713,1.0,1.0000000000009104,0.0
role_oracle,25,4,0.0,1.0,0.0,-1.4428232973175177e-12,-9.103201474236991e-13,1.5849625007182713,1.0,1.0000000000009104,0.0
role_oracle,25,5,0.0,1.0,0.0,-1.4428232973175177e-12,-9.103201474236991e-13,1.5849625007182713,1.0,1.0000000000009104,0.0
role_oracle,25,6,0.0,1.0,0.0,-1.4428232973175177e-12,-9.103201474236991e-13,1.5849625007182713,1.0,1.0000000000009104,0.0
role_oracle,25,7,0.0,1.0,0.0,-1.4428232973175177e-12,-9.103201474236991e-13,1.5849625007182713,1.0,1.0000000000009104,0.0
role_oracle,25,8,0.0,1.0,0.0,-1.4428232973175177e-12,-9.103201474236991e-13,1.5849625007182713,1.0,1.0000000000009104,0.0
role_oracle,25,9,0.0,1.0,0.0,-1.4428232973175177e-12,-9.103201474236991e-13,1.5849625007182713,1.0,1.0000000000009104,0.0
role_oracle,25,10,0.0,1.0,0.0,-1.4428232973175177e-12,-9.103201474236991e-13,1.5849625007182713,1.0,1.0000000000009104,0.0
role_oracle,25,11,0.0,0.0,1.0,-1.4428232973175177e-12,-9.103201474236991e-13,1.5849625007182713,1.0,1.0000000000009104,0.0
role_oracle,25,12,0.0,0.0,1.0,-1.4428232973175177e-12,-9.103201474236991e-13,1.5849625007182713,1.0,1.0000000000009104,0.0
role_oracle,25,13,0.0,0.0,1.0,-1.4428232973175177e-12,-9.103201474236991e-13,1.5849625007182713,1.0,1.0000000000009104,0.0
role_oracle,26,0,0.6,0.4,0.0,0.9709505944517833,0.6126016192875238,0.6140119062650451,0.4,0.1549593522849905,0.23243902842748573
role_oracle,26,1,0.4,0.4,0.2,1.5219280948830345,0.9602297178580306,0.0630344058337941,0.6000000000000001,0.02386216928518166,0.01590811285678777
role_oracle,26,2,0.0,0.6,0.4,0.9709505944517833,0.6126016192875238,0.6140119062650451,1.0,0.38739838071247623,0.0
role_oracle,26,3,0.0,1.0,0.0,-1.4428232973175177e-12,-9.103201474236991e-13,1.5849625007182713,1.0,1.0000000000009104,0.0
role_oracle,26,4,0.0,1.0,0.0,-1.4428232973175177e-12,-9.103201474236991e-13,1.5849625007182713,1.0,1.0000000000009104,0.0
role_oracle,26,5,0.0,1.0,0.0,-1.4428232973175177e-12,-9.103201474236991e-13,1.5849625007182713,1.0,1.0000000000009104,0.0
role_oracle,26,6,0.0,1.0,0.0,-1.4428232973175177e-12,-9.103201474236991e-13,1.5849625007182713,1.0,1.0000000000009104,0.0
role_oracle,26,7,0.0,1.0,0.0,-1.4428232973175177e-12,-9.103201474236991e-13,1.5849625007182713,1.0,1.0000000000009104,0.0
role_oracle,26,8,0.0,1.0,0.0,-1.4428232973175177e-12,-9.103201474236991e-13,1.5849625007182713,1.0,1.0000000000009104,0.0
role_oracle,26,9,0.0,1.0,0.0,-1.4428232973175177e-12,-9.103201474236991e-13,1.5849625007182713,1.0,1.0000000000009104,0.0
role_oracle,26,10,0.0,1.0,0.0,-1.4428232973175177e-12,-9.103201474236991e-13,1.5849625007182713,1.0,1.0000000000009104,0.0
role_oracle,26,11,0.0,1.0,0.0,-1.4428232973175177e-12,-9.103201474236991e-13,1.5849625007182713,1.0,1.0000000000009104,0.0
role_oracle,26,12,0.0,1.0,0.0,-1.4428232973175177e-12,-9.103201474236991e-13,1.5849625007182713,1.0,1.0000000000009104,0.0
role_oracle,26,13,0.0,1.0,0.0,-1.4428232973175177e-12,-9.103201474236991e-13,1.5849625007182713,1.0,1.0000000000009104,0.0
role_oracle,26,14,0.0,1.0,0.0,-1.4428232973175177e-12,-9.103201474236991e-13,1.5849625007182713,1.0,1.0000000000009104,0.0
role_oracle,26,15,0.0,1.0,0.0,-1.4428232973175177e-12,-9.103201474236991e-13,1.5849625007182713,1.0,1.0000000000009104,0.0
role_oracle,26,16,0.0,1.0,0.0,-1.4428232973175177e-12,-9.103201474236991e-13,1.5849625007182713,1.0,1.0000000000009104,0.0
role_oracle,26,17,0.0,1.0,0.0,-1.4428232973175177e-12,-9.103201474236991e-13,1.5849625007182713,1.0,1.0000000000009104,0.0
role_oracle,26,18,0.0,0.0,1.0,-1.4428232973175177e-12,-9.103201474236991e-13,1.5849625007182713,1.0,1.0000000000009104,0.0
role_oracle,26,19,0.0,0.0,1.0,-1.4428232973175177e-12,-9.103201474236991e-13,1.5849625007182713,1.0,1.0000000000009104,0.0
role_oracle,26,20,0.0,0.0,1.0,-1.4428232973175177e-12,-9.103201474236991e-13,1.5849625007182713,1.0,1.0000000000009104,0.0
role_oracle,27,0,0.8,0.2,0.0,0.7219280948844771,0.4554859150017748,0.8630344058323514,0.2,0.10890281699964505,0.4356112679985802
role_oracle,27,1,0.4,0.6,0.0,0.9709505944517833,0.6126016192875238,0.6140119062650451,0.6,0.23243902842748573,0.1549593522849905
role_oracle,27,2,0.2,0.8,0.0,0.7219280948844771,0.4554859150017748,0.8630344058323514,0.8,0.4356112679985802,0.10890281699964505
role_oracle,27,3,0.0,1.0,0.0,-1.4428232973175177e-12,-9.103201474236991e-13,1.5849625007182713,1.0,1.0000000000009104,0.0
role_oracle,27,4,0.0,1.0,0.0,-1.4428232973175177e-12,-9.103201474236991e-13,1.5849625007182713,1.0,1.0000000000009104,0.0
role_oracle,27,5,0.0,1.0,0.0,-1.4428232973175177e-12,-9.103201474236991e-13,1.5849625007182713,1.0,1.0000000000009104,0.0
role_oracle,27,6,0.0,1.0,0.0,-1.4428232973175177e-12,-9.103201474236991e-13,1.5849625007182713,1.0,1.0000000000009104,0.0
role_oracle,27,7,0.0,1.0,0.0,-1.4428232973175177e-12,-9.103201474236991e-13,1.5849625007182713,1.0,1.0000000000009104,0.0
role_oracle,27,8,0.0,1.0,0.0,-1.4428232973175177e-12,-9.103201474236991e-13,1.5849625007182713,1.0,1.0000000000009104,0.0
role_oracle,27,9,0.0,1.0,0.0,-1.4428232973175177e-12,-9.103201474236991e-13,1.5849625007182713,1.0,1.0000000000009104,0.0
role_oracle,27,10,0.0,1.0,0.0,-1.4428232973175177e-12,-9.103201474236991e-13,1.5849625007182713,1.0,1.0000000000009104,0.0
role_oracle,27,11,0.0,1.0,0.0,-1.4428232973175177e-12,-9.103201474236991e-13,1.5849625007182713,1.0,1.0000000000009104,0.0
role_oracle,27,12,0.0,1.0,0.0,-1.4428232973175177e-12,-9.103201474236991e-13,1.5849625007182713,1.0,1.0000000000009104,0.0
role_oracle,27,13,0.0,1.0,0.0,-1.4428232973175177e-12,-9.103201474236991e-13,1.5849625007182713,1.0,1.0000000000009104,0.0
role_oracle,27,14,0.0,1.0,0.0,-1.4428232973175177e-12,-9.103201474236991e-13,1.5849625007182713,1.0,1.0000000000009104,0.0
role_oracle,27,15,0.0,1.0,0.0,-1.4428232973175177e-12,-9.103201474236991e-13,1.5849625007182713,1.0,1.0000000000009104,0.0
role_oracle,27,16,0.0,1.0,0.0,-1.4428232973175177e-12,-9.103201474236991e-13,1.5849625007182713,1.0,1.0000000000009104,0.0
role_oracle,27,17,0.0,0.0,1.0,-1.4428232973175177e-12,-9.103201474236991e-13,1.5849625007182713,1.0,1.0000000000009104,0.0
role_oracle,27,18,0.0,0.0,1.0,-1.4428232973175177e-12,-9.103201474236991e-13,1.5849625007182713,1.0,1.0000000000009104,0.0
role_oracle,27,19,0.0,0.0,1.0,-1.4428232973175177e-12,-9.103201474236991e-13,1.5849625007182713,1.0,1.0000000000009104,0.0
role_oracle,27,20,0.0,0.0,1.0,-1.4428232973175177e-12,-9.103201474236991e-13,1.5849625007182713,1.0,1.0000000000009104,0.0
role_oracle,28,0,0.0,1.0,0.0,-1.4428232973175177e-12,-9.103201474236991e-13,1.5849625007182713,1.0,1.0000000000009104,0.0
role_oracle,28,1,0.0,1.0,0.0,-1.4428232973175177e-12,-9.103201474236991e-13,1.5849625007182713,1.0,1.0000000000009104,0.0
role_oracle,28,2,0.0,1.0,0.0,-1.4428232973175177e-12,-9.103201474236991e-13,1.5849625007182713,1.0,1.0000000000009104,0.0
role_oracle,28,3,0.0,1.0,0.0,-1.4428232973175177e-12,-9.103201474236991e-13,1.5849625007182713,1.0,1.0000000000009104,0.0
role_oracle,28,4,0.0,1.0,0.0,-1.4428232973175177e-12,-9.103201474236991e-13,1.5849625007182713,1.0,1.0000000000009104,0.0
role_oracle,28,5,0.0,1.0,0.0,-1.4428232973175177e-12,-9.103201474236991e-13,1.5849625007182713,1.0,1.0000000000009104,0.0
role_oracle,28,6,0.0,1.0,0.0,-1.4428232973175177e-12,-9.103201474236991e-13,1.5849625007182713,1.0,1.0000000000009104,0.0
role_oracle,28,7,0.0,1.0,0.0,-1.4428232973175177e-12,-9.103201474236991e-13,1.5849625007182713,1.0,1.0000000000009104,0.0
role_oracle,28,8,0.0,1.0,0.0,-1.4428232973175177e-12,-9.103201474236991e-13,1.5849625007182713,1.0,1.0000000000009104,0.0
role_oracle,28,9,0.0,1.0,0.0,-1.4428232973175177e-12,-9.103201474236991e-13,1.5849625007182713,1.0,1.0000000000009104,0.0
role_oracle,28,10,0.0,1.0,0.0,-1.4428232973175177e-12,-9.103201474236991e-13,1.5849625007182713,1.0,1.0000000000009104,0.0
role_oracle,28,11,0.0,0.0,1.0,-1.4428232973175177e-12,-9.103201474236991e-13,1.5849625007182713,1.0,1.0000000000009104,0.0
role_oracle,28,12,0.0,0.0,1.0,-1.4428232973175177e-12,-9.103201474236991e-13,1.5849625007182713,1.0,1.0000000000009104,0.0
role_oracle,28,13,0.0,0.0,1.0,-1.4428232973175177e-12,-9.103201474236991e-13,1.5849625007182713,1.0,1.0000000000009104,0.0
role_oracle,29,0,0.0,0.6,0.4,0.9709505944517833,0.6126016192875238,0.6140119062650451,1.0,0.38739838071247623,0.0
role_oracle,29,1,0.0,1.0,0.0,-1.4428232973175177e-12,-9.103201474236991e-13,1.5849625007182713,1.0,1.0000000000009104,0.0
role_oracle,29,2,0.0,1.0,0.0,-1.4428232973175177e-12,-9.103201474236991e-13,1.5849625007182713,1.0,1.0000000000009104,0.0
role_oracle,29,3,0.0,1.0,0.0,-1.4428232973175177e-12,-9.103201474236991e-13,1.5849625007182713,1.0,1.0000000000009104,0.0
role_oracle,29,4,0.0,1.0,0.0,-1.4428232973175177e-12,-9.103201474236991e-13,1.5849625007182713,1.0,1.0000000000009104,0.0
role_oracle,29,5,0.0,1.0,0.0,-1.4428232973175177e-12,-9.103201474236991e-13,1.5849625007182713,1.0,1.0000000000009104,0.0
role_oracle,29,6,0.0,1.0,0.0,-1.4428232973175177e-12,-9.103201474236991e-13,1.5849625007182713,1.0,1.0000000000009104,0.0
role_oracle,29,7,0.0,1.0,0.0,-1.4428232973175177e-12,-9.103201474236991e-13,1.5849625007182713,1.0,1.0000000000009104,0.0
role_oracle,29,8,0.0,1.0,0.0,-1.4428232973175177e-12,-9.103201474236991e-13,1.5849625007182713,1.0,1.0000000000009104,0.0
role_oracle,29,9,0.0,1.0,0.0,-1.4428232973175177e-12,-9.103201474236991e-13,1.5849625007182713,1.0,1.0000000000009104,0.0
role_oracle,29,10,0.0,1.0,0.0,-1.4428232973175177e-12,-9.103201474236991e-13,1.5849625007182713,1.0,1.0000000000009104,0.0
role_oracle,29,11,0.0,1.0,0.0,-1.4428232973175177e-12,-9.103201474236991e-13,1.5849625007182713,1.0,1.0000000000009104,0.0
role_oracle,29,12,0.0,1.0,0.0,-1.4428232973175177e-12,-9.103201474236991e-13,1.5849625007182713,1.0,1.0000000000009104,0.0
role_oracle,29,13,0.0,1.0,0.0,-1.4428232973175177e-12,-9.103201474236991e-13,1.5849625007182713,1.0,1.0000000000009104,0.0
role_oracle,29,14,0.0,0.0,1.0,-1.4428232973175177e-12,-9.103201474236991e-13,1.5849625007182713,1.0,1.0000000000009104,0.0
role_oracle,29,15,0.0,0.0,1.0,-1.4428232973175177e-12,-9.103201474236991e-13,1.5849625007182713,1.0,1.0000000000009104,0.0
role_oracle,29,16,0.0,0.0,1.0,-1.4428232973175177e-12,-9.103201474236991e-13,1.5849625007182713,1.0,1.0000000000009104,0.0
role_oracle,30,0,0.2,0.8,0.0,0.7219280948844771,0.4554859150017748,0.8630344058323514,0.8,0.4356112679985802,0.10890281699964505
role_oracle,30,1,0.0,1.0,0.0,-1.4428232973175177e-12,-9.103201474236991e-13,1.5849625007182713,1.0,1.0000000000009104,0.0
role_oracle,30,2,0.0,1.0,0.0,-1.4428232973175177e-12,-9.103201474236991e-13,1.5849625007182713,1.0,1.0000000000009104,0.0
role_oracle,30,3,0.0,1.0,0.0,-1.4428232973175177e-12,-9.103201474236991e-13,1.5849625007182713,1.0,1.0000000000009104,0.0
role_oracle,30,4,0.0,1.0,0.0,-1.4428232973175177e-12,-9.103201474236991e-13,1.5849625007182713,1.0,1.0000000000009104,0.0
role_oracle,30,5,0.0,1.0,0.0,-1.4428232973175177e-12,-9.103201474236991e-13,1.5849625007182713,1.0,1.0000000000009104,0.0
role_oracle,30,6,0.0,1.0,0.0,-1.4428232973175177e-12,-9.103201474236991e-13,1.5849625007182713,1.0,1.0000000000009104,0.0
role_oracle,30,7,0.0,1.0,0.0,-1.4428232973175177e-12,-9.103201474236991e-13,1.5849625007182713,1.0,1.0000000000009104,0.0
role_oracle,30,8,0.0,1.0,0.0,-1.4428232973175177e-12,-9.103201474236991e-13,1.5849625007182713,1.0,1.0000000000009104,0.0
role_oracle,30,9,0.0,1.0,0.0,-1.4428232973175177e-12,-9.103201474236991e-13,1.5849625007182713,1.0,1.0000000000009104,0.0
role_oracle,30,10,0.0,1.0,0.0,-1.4428232973175177e-12,-9.103201474236991e-13,1.5849625007182713,1.0,1.0000000000009104,0.0
role_oracle,30,11,0.0,1.0,0.0,-1.4428232973175177e-12,-9.103201474236991e-13,1.5849625007182713,1.0,1.0000000000009104,0.0
role_oracle,30,12,0.0,1.0,0.0,-1.4428232973175177e-12,-9.103201474236991e-13,1.5849625007182713,1.0,1.0000000000009104,0.0
role_oracle,30,13,0.0,1.0,0.0,-1.4428232973175177e-12,-9.103201474236991e-13,1.5849625007182713,1.0,1.0000000000009104,0.0
role_oracle,30,14,0.0,0.0,1.0,-1.4428232973175177e-12,-9.103201474236991e-13,1.5849625007182713,1.0,1.0000000000009104,0.0
role_oracle,30,15,0.0,0.0,1.0,-1.4428232973175177e-12,-9.103201474236991e-13,1.5849625007182713,1.0,1.0000000000009104,0.0
role_oracle,30,16,0.0,0.0,1.0,-1.4428232973175177e-12,-9.103201474236991e-13,1.5849625007182713,1.0,1.0000000000009104,0.0
role_oracle,31,0,0.0,1.0,0.0,-1.4428232973175177e-12,-9.103201474236991e-13,1.5849625007182713,1.0,1.0000000000009104,0.0
role_oracle,31,1,0.0,1.0,0.0,-1.4428232973175177e-12,-9.103201474236991e-13,1.5849625007182713,1.0,1.0000000000009104,0.0
role_oracle,31,2,0.0,1.0,0.0,-1.4428232973175177e-12,-9.103201474236991e-13,1.5849625007182713,1.0,1.0000000000009104,0.0
role_oracle,31,3,0.0,1.0,0.0,-1.4428232973175177e-12,-9.103201474236991e-13,1.5849625007182713,1.0,1.0000000000009104,0.0
role_oracle,31,4,0.0,1.0,0.0,-1.4428232973175177e-12,-9.103201474236991e-13,1.5849625007182713,1.0,1.0000000000009104,0.0
role_oracle,31,5,0.0,1.0,0.0,-1.4428232973175177e-12,-9.103201474236991e-13,1.5849625007182713,1.0,1.0000000000009104,0.0
role_oracle,31,6,0.0,1.0,0.0,-1.4428232973175177e-12,-9.103201474236991e-13,1.5849625007182713,1.0,1.0000000000009104,0.0
role_oracle,31,7,0.0,1.0,0.0,-1.4428232973175177e-12,-9.103201474236991e-13,1.5849625007182713,1.0,1.0000000000009104,0.0
role_oracle,31,8,0.0,1.0,0.0,-1.4428232973175177e-12,-9.103201474236991e-13,1.5849625007182713,1.0,1.0000000000009104,0.0
role_oracle,31,9,0.0,1.0,0.0,-1.4428232973175177e-12,-9.103201474236991e-13,1.5849625007182713,1.0,1.0000000000009104,0.0
role_oracle,31,10,0.0,1.0,0.0,-1.4428232973175177e-12,-9.103201474236991e-13,1.5849625007182713,1.0,1.0000000000009104,0.0
role_oracle,31,11,0.0,0.0,1.0,-1.4428232973175177e-12,-9.103201474236991e-13,1.5849625007182713,1.0,1.0000000000009104,0.0
role_oracle,31,12,0.0,0.0,1.0,-1.4428232973175177e-12,-9.103201474236991e-13,1.5849625007182713,1.0,1.0000000000009104,0.0
role_oracle,31,13,0.0,0.0,1.0,-1.4428232973175177e-12,-9.103201474236991e-13,1.5849625007182713,1.0,1.0000000000009104,0.0
role_oracle,32,0,0.2,0.8,0.0,0.7219280948844771,0.4554859150017748,0.8630344058323514,0.8,0.4356112679985802,0.10890281699964505
role_oracle,32,1,0.2,0.8,0.0,0.7219280948844771,0.4554859150017748,0.8630344058323514,0.8,0.4356112679985802,0.10890281699964505
role_oracle,32,2,0.0,0.8,0.2,0.7219280948844771,0.4554859150017748,0.8630344058323514,1.0,0.5445140849982252,0.0
role_oracle,32,3,0.0,1.0,0.0,-1.4428232973175177e-12,-9.103201474236991e-13,1.5849625007182713,1.0,1.0000000000009104,0.0
role_oracle,32,4,0.0,1.0,0.0,-1.4428232973175177e-12,-9.103201474236991e-13,1.5849625007182713,1.0,1.0000000000009104,0.0
role_oracle,32,5,0.0,1.0,0.0,-1.4428232973175177e-12,-9.103201474236991e-13,1.5849625007182713,1.0,1.0000000000009104,0.0
role_oracle,32,6,0.0,1.0,0.0,-1.4428232973175177e-12,-9.103201474236991e-13,1.5849625007182713,1.0,1.0000000000009104,0.0
role_oracle,32,7,0.0,1.0,0.0,-1.4428232973175177e-12,-9.103201474236991e-13,1.5849625007182713,1.0,1.0000000000009104,0.0
role_oracle,32,8,0.0,1.0,0.0,-1.4428232973175177e-12,-9.103201474236991e-13,1.5849625007182713,1.0,1.0000000000009104,0.0
role_oracle,32,9,0.0,1.0,0.0,-1.4428232973175177e-12,-9.103201474236991e-13,1.5849625007182713,1.0,1.0000000000009104,0.0
role_oracle,32,10,0.0,1.0,0.0,-1.4428232973175177e-12,-9.103201474236991e-13,1.5849625007182713,1.0,1.0000000000009104,0.0
role_oracle,32,11,0.0,1.0,0.0,-1.4428232973175177e-12,-9.103201474236991e-13,1.5849625007182713,1.0,1.0000000000009104,0.0
role_oracle,32,12,0.0,1.0,0.0,-1.4428232973175177e-12,-9.103201474236991e-13,1.5849625007182713,1.0,1.0000000000009104,0.0
role_oracle,32,13,0.0,1.0,0.0,-1.4428232973175177e-12,-9.103201474236991e-13,1.5849625007182713,1.0,1.0000000000009104,0.0
role_oracle,32,14,0.0,1.0,0.0,-1.4428232973175177e-12,-9.103201474236991e-13,1.5849625007182713,1.0,1.0000000000009104,0.0
role_oracle,32,15,0.0,0.0,1.0,-1.4428232973175177e-12,-9.103201474236991e-13,1.5849625007182713,1.0,1.0000000000009104,0.0
role_oracle,32,16,0.0,0.0,1.0,-1.4428232973175177e-12,-9.103201474236991e-13,1.5849625007182713,1.0,1.0000000000009104,0.0
role_oracle,32,17,0.0,0.0,1.0,-1.4428232973175177e-12,-9.103201474236991e-13,1.5849625007182713,1.0,1.0000000000009104,0.0
role_oracle,32,18,0.0,0.0,1.0,-1.4428232973175177e-12,-9.103201474236991e-13,1.5849625007182713,1.0,1.0000000000009104,0.0
role_oracle,32,19,0.0,0.0,1.0,-1.4428232973175177e-12,-9.103201474236991e-13,1.5849625007182713,1.0,1.0000000000009104,0.0
role_oracle,32,20,0.0,0.0,1.0,-1.4428232973175177e-12,-9.103201474236991e-13,1.5849625007182713,1.0,1.0000000000009104,0.0
role_oracle,33,0,0.2,0.8,0.0,0.7219280948844771,0.4554859150017748,0.8630344058323514,0.8,0.4356112679985802,0.10890281699964505
role_oracle,33,1,0.0,1.0,0.0,-1.4428232973175177e-12,-9.103201474236991e-13,1.5849625007182713,1.0,1.0000000000009104,0.0
role_oracle,33,2,0.0,1.0,0.0,-1.4428232973175177e-12,-9.103201474236991e-13,1.5849625007182713,1.0,1.0000000000009104,0.0
role_oracle,33,3,0.0,1.0,0.0,-1.4428232973175177e-12,-9.103201474236991e-13,1.5849625007182713,1.0,1.0000000000009104,0.0
role_oracle,33,4,0.0,1.0,0.0,-1.4428232973175177e-12,-9.103201474236991e-13,1.5849625007182713,1.0,1.0000000000009104,0.0
role_oracle,33,5,0.0,1.0,0.0,-1.4428232973175177e-12,-9.103201474236991e-13,1.5849625007182713,1.0,1.0000000000009104,0.0
role_oracle,33,6,0.0,1.0,0.0,-1.4428232973175177e-12,-9.103201474236991e-13,1.5849625007182713,1.0,1.0000000000009104,0.0
role_oracle,33,7,0.0,1.0,0.0,-1.4428232973175177e-12,-9.103201474236991e-13,1.5849625007182713,1.0,1.0000000000009104,0.0
role_oracle,33,8,0.0,1.0,0.0,-1.4428232973175177e-12,-9.103201474236991e-13,1.5849625007182713,1.0,1.0000000000009104,0.0
role_oracle,33,9,0.0,1.0,0.0,-1.4428232973175177e-12,-9.103201474236991e-13,1.5849625007182713,1.0,1.0000000000009104,0.0
role_oracle,33,10,0.0,1.0,0.0,-1.4428232973175177e-12,-9.103201474236991e-13,1.5849625007182713,1.0,1.0000000000009104,0.0
role_oracle,33,11,0.0,1.0,0.0,-1.4428232973175177e-12,-9.103201474236991e-13,1.5849625007182713,1.0,1.0000000000009104,0.0
role_oracle,33,12,0.0,0.0,1.0,-1.4428232973175177e-12,-9.103201474236991e-13,1.5849625007182713,1.0,1.0000000000009104,0.0
role_oracle,33,13,0.0,0.0,1.0,-1.4428232973175177e-12,-9.103201474236991e-13,1.5849625007182713,1.0,1.0000000000009104,0.0
role_oracle,33,14,0.0,0.0,1.0,-1.4428232973175177e-12,-9.103201474236991e-13,1.5849625007182713,1.0,1.0000000000009104,0.0
role_oracle,34,0,0.0,0.8,0.2,0.7219280948844771,0.4554859150017748,0.8630344058323514,1.0,0.5445140849982252,0.0
role_oracle,34,1,0.0,0.8,0.2,0.7219280948844771,0.4554859150017748,0.8630344058323514,1.0,0.5445140849982252,0.0
role_oracle,34,2,0.0,1.0,0.0,-1.4428232973175177e-12,-9.103201474236991e-13,1.5849625007182713,1.0,1.0000000000009104,0.0
role_oracle,34,3,0.0,1.0,0.0,-1.4428232973175177e-12,-9.103201474236991e-13,1.5849625007182713,1.0,1.0000000000009104,0.0
role_oracle,34,4,0.0,1.0,0.0,-1.4428232973175177e-12,-9.103201474236991e-13,1.5849625007182713,1.0,1.0000000000009104,0.0
role_oracle,34,5,0.0,1.0,0.0,-1.4428232973175177e-12,-9.103201474236991e-13,1.5849625007182713,1.0,1.0000000000009104,0.0
role_oracle,34,6,0.0,1.0,0.0,-1.4428232973175177e-12,-9.103201474236991e-13,1.5849625007182713,1.0,1.0000000000009104,0.0
role_oracle,34,7,0.0,1.0,0.0,-1.4428232973175177e-12,-9.103201474236991e-13,1.5849625007182713,1.0,1.0000000000009104,0.0
role_oracle,34,8,0.0,1.0,0.0,-1.4428232973175177e-12,-9.103201474236991e-13,1.5849625007182713,1.0,1.0000000000009104,0.0
role_oracle,34,9,0.0,1.0,0.0,-1.4428232973175177e-12,-9.103201474236991e-13,1.5849625007182713,1.0,1.0000000000009104,0.0
role_oracle,34,10,0.0,1.0,0.0,-1.4428232973175177e-12,-9.103201474236991e-13,1.5849625007182713,1.0,1.0000000000009104,0.0
role_oracle,34,11,0.0,1.0,0.0,-1.4428232973175177e-12,-9.103201474236991e-13,1.5849625007182713,1.0,1.0000000000009104,0.0
role_oracle,34,12,0.0,1.0,0.0,-1.4428232973175177e-12,-9.103201474236991e-13,1.5849625007182713,1.0,1.0000000000009104,0.0
role_oracle,34,13,0.0,1.0,0.0,-1.4428232973175177e-12,-9.103201474236991e-13,1.5849625007182713,1.0,1.0000000000009104,0.0
role_oracle,34,14,0.0,1.0,0.0,-1.4428232973175177e-12,-9.103201474236991e-13,1.5849625007182713,1.0,1.0000000000009104,0.0
role_oracle,34,15,0.0,1.0,0.0,-1.4428232973175177e-12,-9.103201474236991e-13,1.5849625007182713,1.0,1.0000000000009104,0.0
role_oracle,34,16,0.0,0.0,1.0,-1.4428232973175177e-12,-9.103201474236991e-13,1.5849625007182713,1.0,1.0000000000009104,0.0
role_oracle,34,17,0.0,0.0,1.0,-1.4428232973175177e-12,-9.103201474236991e-13,1.5849625007182713,1.0,1.0000000000009104,0.0
role_oracle,34,18,0.0,0.0,1.0,-1.4428232973175177e-12,-9.103201474236991e-13,1.5849625007182713,1.0,1.0000000000009104,0.0
role_oracle,34,19,0.0,0.0,1.0,-1.4428232973175177e-12,-9.103201474236991e-13,1.5849625007182713,1.0,1.0000000000009104,0.0
role_oracle,35,0,0.4,0.6,0.0,0.9709505944517833,0.6126016192875238,0.6140119062650451,0.6,0.23243902842748573,0.1549593522849905
role_oracle,35,1,0.0,0.8,0.2,0.7219280948844771,0.4554859150017748,0.8630344058323514,1.0,0.5445140849982252,0.0
role_oracle,35,2,0.0,1.0,0.0,-1.4428232973175177e-12,-9.103201474236991e-13,1.5849625007182713,1.0,1.0000000000009104,0.0
role_oracle,35,3,0.0,1.0,0.0,-1.4428232973175177e-12,-9.103201474236991e-13,1.5849625007182713,1.0,1.0000000000009104,0.0
role_oracle,35,4,0.0,1.0,0.0,-1.4428232973175177e-12,-9.103201474236991e-13,1.5849625007182713,1.0,1.0000000000009104,0.0
role_oracle,35,5,0.0,1.0,0.0,-1.4428232973175177e-12,-9.103201474236991e-13,1.5849625007182713,1.0,1.0000000000009104,0.0
role_oracle,35,6,0.0,1.0,0.0,-1.4428232973175177e-12,-9.103201474236991e-13,1.5849625007182713,1.0,1.0000000000009104,0.0
role_oracle,35,7,0.0,1.0,0.0,-1.4428232973175177e-12,-9.103201474236991e-13,1.5849625007182713,1.0,1.0000000000009104,0.0
role_oracle,35,8,0.0,1.0,0.0,-1.4428232973175177e-12,-9.103201474236991e-13,1.5849625007182713,1.0,1.0000000000009104,0.0
role_oracle,35,9,0.0,1.0,0.0,-1.4428232973175177e-12,-9.103201474236991e-13,1.5849625007182713,1.0,1.0000000000009104,0.0
role_oracle,35,10,0.0,1.0,0.0,-1.4428232973175177e-12,-9.103201474236991e-13,1.5849625007182713,1.0,1.0000000000009104,0.0
role_oracle,35,11,0.0,1.0,0.0,-1.4428232973175177e-12,-9.103201474236991e-13,1.5849625007182713,1.0,1.0000000000009104,0.0
role_oracle,35,12,0.0,1.0,0.0,-1.4428232973175177e-12,-9.103201474236991e-13,1.5849625007182713,1.0,1.0000000000009104,0.0
role_oracle,35,13,0.0,1.0,0.0,-1.4428232973175177e-12,-9.103201474236991e-13,1.5849625007182713,1.0,1.0000000000009104,0.0
role_oracle,35,14,0.0,1.0,0.0,-1.4428232973175177e-12,-9.103201474236991e-13,1.5849625007182713,1.0,1.0000000000009104,0.0
role_oracle,35,15,0.0,1.0,0.0,-1.4428232973175177e-12,-9.103201474236991e-13,1.5849625007182713,1.0,1.0000000000009104,0.0
role_oracle,35,16,0.0,0.0,1.0,-1.4428232973175177e-12,-9.103201474236991e-13,1.5849625007182713,1.0,1.0000000000009104,0.0
role_oracle,35,17,0.0,0.0,1.0,-1.4428232973175177e-12,-9.103201474236991e-13,1.5849625007182713,1.0,1.0000000000009104,0.0
role_oracle,35,18,0.0,0.0,1.0,-1.4428232973175177e-12,-9.103201474236991e-13,1.5849625007182713,1.0,1.0000000000009104,0.0
role_oracle,35,19,0.0,0.0,1.0,-1.4428232973175177e-12,-9.103201474236991e-13,1.5849625007182713,1.0,1.0000000000009104,0.0
role_oracle,36,0,0.0,0.8,0.2,0.7219280948844771,0.4554859150017748,0.8630344058323514,1.0,0.5445140849982252,0.0
role_oracle,36,1,0.0,1.0,0.0,-1.4428232973175177e-12,-9.103201474236991e-13,1.5849625007182713,1.0,1.0000000000009104,0.0
role_oracle,36,2,0.0,1.0,0.0,-1.4428232973175177e-12,-9.103201474236991e-13,1.5849625007182713,1.0,1.0000000000009104,0.0
role_oracle,36,3,0.0,1.0,0.0,-1.4428232973175177e-12,-9.103201474236991e-13,1.5849625007182713,1.0,1.0000000000009104,0.0
role_oracle,36,4,0.0,1.0,0.0,-1.4428232973175177e-12,-9.103201474236991e-13,1.5849625007182713,1.0,1.0000000000009104,0.0
role_oracle,36,5,0.0,1.0,0.0,-1.4428232973175177e-12,-9.103201474236991e-13,1.5849625007182713,1.0,1.0000000000009104,0.0
role_oracle,36,6,0.0,1.0,0.0,-1.4428232973175177e-12,-9.103201474236991e-13,1.5849625007182713,1.0,1.0000000000009104,0.0
role_oracle,36,7,0.0,1.0,0.0,-1.4428232973175177e-12,-9.103201474236991e-13,1.5849625007182713,1.0,1.0000000000009104,0.0
role_oracle,36,8,0.0,1.0,0.0,-1.4428232973175177e-12,-9.103201474236991e-13,1.5849625007182713,1.0,1.0000000000009104,0.0
role_oracle,36,9,0.0,1.0,0.0,-1.4428232973175177e-12,-9.103201474236991e-13,1.5849625007182713,1.0,1.0000000000009104,0.0
role_oracle,36,10,0.0,1.0,0.0,-1.4428232973175177e-12,-9.103201474236991e-13,1.5849625007182713,1.0,1.0000000000009104,0.0
role_oracle,36,11,0.0,1.0,0.0,-1.4428232973175177e-12,-9.103201474236991e-13,1.5849625007182713,1.0,1.0000000000009104,0.0
role_oracle,36,12,0.0,1.0,0.0,-1.4428232973175177e-12,-9.103201474236991e-13,1.5849625007182713,1.0,1.0000000000009104,0.0
role_oracle,36,13,0.0,1.0,0.0,-1.4428232973175177e-12,-9.103201474236991e-13,1.5849625007182713,1.0,1.0000000000009104,0.0
role_oracle,36,14,0.0,1.0,0.0,-1.4428232973175177e-12,-9.103201474236991e-13,1.5849625007182713,1.0,1.0000000000009104,0.0
role_oracle,36,15,0.0,0.0,1.0,-1.4428232973175177e-12,-9.103201474236991e-13,1.5849625007182713,1.0,1.0000000000009104,0.0
role_oracle,36,16,0.0,0.0,1.0,-1.4428232973175177e-12,-9.103201474236991e-13,1.5849625007182713,1.0,1.0000000000009104,0.0
role_oracle,36,17,0.0,0.0,1.0,-1.4428232973175177e-12,-9.103201474236991e-13,1.5849625007182713,1.0,1.0000000000009104,0.0
role_oracle,37,0,0.2,0.8,0.0,0.7219280948844771,0.4554859150017748,0.8630344058323514,0.8,0.4356112679985802,0.10890281699964505
role_oracle,37,1,0.0,1.0,0.0,-1.4428232973175177e-12,-9.103201474236991e-13,1.5849625007182713,1.0,1.0000000000009104,0.0
role_oracle,37,2,0.0,1.0,0.0,-1.4428232973175177e-12,-9.103201474236991e-13,1.5849625007182713,1.0,1.0000000000009104,0.0
role_oracle,37,3,0.0,1.0,0.0,-1.4428232973175177e-12,-9.103201474236991e-13,1.5849625007182713,1.0,1.0000000000009104,0.0
role_oracle,37,4,0.0,1.0,0.0,-1.4428232973175177e-12,-9.103201474236991e-13,1.5849625007182713,1.0,1.0000000000009104,0.0
role_oracle,37,5,0.0,1.0,0.0,-1.4428232973175177e-12,-9.103201474236991e-13,1.5849625007182713,1.0,1.0000000000009104,0.0
role_oracle,37,6,0.0,1.0,0.0,-1.4428232973175177e-12,-9.103201474236991e-13,1.5849625007182713,1.0,1.0000000000009104,0.0
role_oracle,37,7,0.0,1.0,0.0,-1.4428232973175177e-12,-9.103201474236991e-13,1.5849625007182713,1.0,1.0000000000009104,0.0
role_oracle,37,8,0.0,1.0,0.0,-1.4428232973175177e-12,-9.103201474236991e-13,1.5849625007182713,1.0,1.0000000000009104,0.0
role_oracle,37,9,0.0,1.0,0.0,-1.4428232973175177e-12,-9.103201474236991e-13,1.5849625007182713,1.0,1.0000000000009104,0.0
role_oracle,37,10,0.0,1.0,0.0,-1.4428232973175177e-12,-9.103201474236991e-13,1.5849625007182713,1.0,1.0000000000009104,0.0
role_oracle,37,11,0.0,1.0,0.0,-1.4428232973175177e-12,-9.103201474236991e-13,1.5849625007182713,1.0,1.0000000000009104,0.0
role_oracle,37,12,0.0,1.0,0.0,-1.4428232973175177e-12,-9.103201474236991e-13,1.5849625007182713,1.0,1.0000000000009104,0.0
role_oracle,37,13,0.0,1.0,0.0,-1.4428232973175177e-12,-9.103201474236991e-13,1.5849625007182713,1.0,1.0000000000009104,0.0
role_oracle,37,14,0.0,0.0,1.0,-1.4428232973175177e-12,-9.103201474236991e-13,1.5849625007182713,1.0,1.0000000000009104,0.0
role_oracle,37,15,0.0,0.0,1.0,-1.4428232973175177e-12,-9.103201474236991e-13,1.5849625007182713,1.0,1.0000000000009104,0.0
role_oracle,37,16,0.0,0.0,1.0,-1.4428232973175177e-12,-9.103201474236991e-13,1.5849625007182713,1.0,1.0000000000009104,0.0
role_oracle,38,0,0.6,0.4,0.0,0.9709505944517833,0.6126016192875238,0.6140119062650451,0.4,0.1549593522849905,0.23243902842748573
role_oracle,38,1,0.4,0.6,0.0,0.9709505944517833,0.6126016192875238,0.6140119062650451,0.6,0.23243902842748573,0.1549593522849905
role_oracle,38,2,0.2,0.8,0.0,0.7219280948844771,0.4554859150017748,0.8630344058323514,0.8,0.4356112679985802,0.10890281699964505
role_oracle,38,3,0.2,0.8,0.0,0.7219280948844771,0.4554859150017748,0.8630344058323514,0.8,0.4356112679985802,0.10890281699964505
role_oracle,38,4,0.0,1.0,0.0,-1.4428232973175177e-12,-9.103201474236991e-13,1.5849625007182713,1.0,1.0000000000009104,0.0
role_oracle,38,5,0.0,1.0,0.0,-1.4428232973175177e-12,-9.103201474236991e-13,1.5849625007182713,1.0,1.0000000000009104,0.0
role_oracle,38,6,0.0,1.0,0.0,-1.4428232973175177e-12,-9.103201474236991e-13,1.5849625007182713,1.0,1.0000000000009104,0.0
role_oracle,38,7,0.0,1.0,0.0,-1.4428232973175177e-12,-9.103201474236991e-13,1.5849625007182713,1.0,1.0000000000009104,0.0
role_oracle,38,8,0.0,1.0,0.0,-1.4428232973175177e-12,-9.103201474236991e-13,1.5849625007182713,1.0,1.0000000000009104,0.0
role_oracle,38,9,0.0,1.0,0.0,-1.4428232973175177e-12,-9.103201474236991e-13,1.5849625007182713,1.0,1.0000000000009104,0.0
role_oracle,38,10,0.0,1.0,0.0,-1.4428232973175177e-12,-9.103201474236991e-13,1.5849625007182713,1.0,1.0000000000009104,0.0
role_oracle,38,11,0.0,1.0,0.0,-1.4428232973175177e-12,-9.103201474236991e-13,1.5849625007182713,1.0,1.0000000000009104,0.0
role_oracle,38,12,0.0,1.0,0.0,-1.4428232973175177e-12,-9.103201474236991e-13,1.5849625007182713,1.0,1.0000000000009104,0.0
role_oracle,38,13,0.0,1.0,0.0,-1.4428232973175177e-12,-9.103201474236991e-13,1.5849625007182713,1.0,1.0000000000009104,0.0
role_oracle,38,14,0.0,1.0,0.0,-1.4428232973175177e-12,-9.103201474236991e-13,1.5849625007182713,1.0,1.0000000000009104,0.0
role_oracle,38,15,0.0,1.0,0.0,-1.4428232973175177e-12,-9.103201474236991e-13,1.5849625007182713,1.0,1.0000000000009104,0.0
role_oracle,38,16,0.0,1.0,0.0,-1.4428232973175177e-12,-9.103201474236991e-13,1.5849625007182713,1.0,1.0000000000009104,0.0
role_oracle,38,17,0.0,1.0,0.0,-1.4428232973175177e-12,-9.103201474236991e-13,1.5849625007182713,1.0,1.0000000000009104,0.0
role_oracle,38,18,0.0,0.0,1.0,-1.4428232973175177e-12,-9.103201474236991e-13,1.5849625007182713,1.0,1.0000000000009104,0.0
role_oracle,38,19,0.0,0.0,1.0,-1.4428232973175177e-12,-9.103201474236991e-13,1.5849625007182713,1.0,1.0000000000009104,0.0
role_oracle,38,20,0.0,0.0,1.0,-1.4428232973175177e-12,-9.103201474236991e-13,1.5849625007182713,1.0,1.0000000000009104,0.0
role_oracle,38,21,0.0,0.0,1.0,-1.4428232973175177e-12,-9.103201474236991e-13,1.5849625007182713,1.0,1.0000000000009104,0.0
role_oracle,39,0,0.2,0.4,0.4,1.5219280948830345,0.9602297178580306,0.0630344058337941,0.8,0.03181622571357554,0.007954056428393886
role_oracle,39,1,0.2,0.6,0.2,1.3709505944503406,0.8649735207151964,0.2140119062664878,0.8,0.10802118342784289,0.027005295856960723
role_oracle,39,2,0.0,0.8,0.2,0.7219280948844771,0.4554859150017748,0.8630344058323514,1.0,0.5445140849982252,0.0
role_oracle,39,3,0.0,1.0,0.0,-1.4428232973175177e-12,-9.103201474236991e-13,1.5849625007182713,1.0,1.0000000000009104,0.0
role_oracle,39,4,0.0,1.0,0.0,-1.4428232973175177e-12,-9.103201474236991e-13,1.5849625007182713,1.0,1.0000000000009104,0.0
role_oracle,39,5,0.0,1.0,0.0,-1.4428232973175177e-12,-9.103201474236991e-13,1.5849625007182713,1.0,1.0000000000009104,0.0
role_oracle,39,6,0.0,1.0,0.0,-1.4428232973175177e-12,-9.103201474236991e-13,1.5849625007182713,1.0,1.0000000000009104,0.0
role_oracle,39,7,0.0,1.0,0.0,-1.4428232973175177e-12,-9.103201474236991e-13,1.5849625007182713,1.0,1.0000000000009104,0.0
role_oracle,39,8,0.0,1.0,0.0,-1.4428232973175177e-12,-9.103201474236991e-13,1.5849625007182713,1.0,1.0000000000009104,0.0
role_oracle,39,9,0.0,1.0,0.0,-1.4428232973175177e-12,-9.103201474236991e-13,1.5849625007182713,1.0,1.0000000000009104,0.0
role_oracle,39,10,0.0,1.0,0.0,-1.4428232973175177e-12,-9.103201474236991e-13,1.5849625007182713,1.0,1.0000000000009104,0.0
role_oracle,39,11,0.0,1.0,0.0,-1.4428232973175177e-12,-9.103201474236991e-13,1.5849625007182713,1.0,1.0000000000009104,0.0
role_oracle,39,12,0.0,1.0,0.0,-1.4428232973175177e-12,-9.103201474236991e-13,1.5849625007182713,1.0,1.0000000000009104,0.0
role_oracle,39,13,0.0,1.0,0.0,-1.4428232973175177e-12,-9.103201474236991e-13,1.5849625007182713,1.0,1.0000000000009104,0.0
role_oracle,39,14,0.0,1.0,0.0,-1.4428232973175177e-12,-9.103201474236991e-13,1.5849625007182713,1.0,1.0000000000009104,0.0
role_oracle,39,15,0.0,0.0,1.0,-1.4428232973175177e-12,-9.103201474236991e-13,1.5849625007182713,1.0,1.0000000000009104,0.0
role_oracle,39,16,0.0,0.0,1.0,-1.4428232973175177e-12,-9.103201474236991e-13,1.5849625007182713,1.0,1.0000000000009104,0.0
role_oracle,39,17,0.0,0.0,1.0,-1.4428232973175177e-12,-9.103201474236991e-13,1.5849625007182713,1.0,1.0000000000009104,0.0
role_oracle,40,0,0.0,1.0,0.0,-1.4428232973175177e-12,-9.103201474236991e-13,1.5849625007182713,1.0,1.0000000000009104,0.0
role_oracle,40,1,0.0,1.0,0.0,-1.4428232973175177e-12,-9.103201474236991e-13,1.5849625007182713,1.0,1.0000000000009104,0.0
role_oracle,40,2,0.0,1.0,0.0,-1.4428232973175177e-12,-9.103201474236991e-13,1.5849625007182713,1.0,1.0000000000009104,0.0
role_oracle,40,3,0.0,1.0,0.0,-1.4428232973175177e-12,-9.103201474236991e-13,1.5849625007182713,1.0,1.0000000000009104,0.0
role_oracle,40,4,0.0,1.0,0.0,-1.4428232973175177e-12,-9.103201474236991e-13,1.5849625007182713,1.0,1.0000000000009104,0.0
role_oracle,40,5,0.0,1.0,0.0,-1.4428232973175177e-12,-9.103201474236991e-13,1.5849625007182713,1.0,1.0000000000009104,0.0
role_oracle,40,6,0.0,1.0,0.0,-1.4428232973175177e-12,-9.103201474236991e-13,1.5849625007182713,1.0,1.0000000000009104,0.0
role_oracle,40,7,0.0,1.0,0.0,-1.4428232973175177e-12,-9.103201474236991e-13,1.5849625007182713,1.0,1.0000000000009104,0.0
role_oracle,40,8,0.0,1.0,0.0,-1.4428232973175177e-12,-9.103201474236991e-13,1.5849625007182713,1.0,1.0000000000009104,0.0
role_oracle,40,9,0.0,1.0,0.0,-1.4428232973175177e-12,-9.103201474236991e-13,1.5849625007182713,1.0,1.0000000000009104,0.0
role_oracle,40,10,0.0,1.0,0.0,-1.4428232973175177e-12,-9.103201474236991e-13,1.5849625007182713,1.0,1.0000000000009104,0.0
role_oracle,40,11,0.0,1.0,0.0,-1.4428232973175177e-12,-9.103201474236991e-13,1.5849625007182713,1.0,1.0000000000009104,0.0
role_oracle,40,12,0.0,1.0,0.0,-1.4428232973175177e-12,-9.103201474236991e-13,1.5849625007182713,1.0,1.0000000000009104,0.0
role_oracle,40,13,0.0,0.0,1.0,-1.4428232973175177e-12,-9.103201474236991e-13,1.5849625007182713,1.0,1.0000000000009104,0.0
role_oracle,40,14,0.0,0.0,1.0,-1.4428232973175177e-12,-9.103201474236991e-13,1.5849625007182713,1.0,1.0000000000009104,0.0
role_oracle,40,15,0.0,0.0,1.0,-1.4428232973175177e-12,-9.103201474236991e-13,1.5849625007182713,1.0,1.0000000000009104,0.0
role_oracle,41,0,0.6,0.4,0.0,0.9709505944517833,0.6126016192875238,0.6140119062650451,0.4,0.1549593522849905,0.23243902842748573
role_oracle,41,1,0.4,0.6,0.0,0.9709505944517833,0.6126016192875238,0.6140119062650451,0.6,0.23243902842748573,0.1549593522849905
role_oracle,41,2,0.0,1.0,0.0,-1.4428232973175177e-12,-9.103201474236991e-13,1.5849625007182713,1.0,1.0000000000009104,0.0
role_oracle,41,3,0.0,1.0,0.0,-1.4428232973175177e-12,-9.103201474236991e-13,1.5849625007182713,1.0,1.0000000000009104,0.0
role_oracle,41,4,0.0,1.0,0.0,-1.4428232973175177e-12,-9.103201474236991e-13,1.5849625007182713,1.0,1.0000000000009104,0.0
role_oracle,41,5,0.0,1.0,0.0,-1.4428232973175177e-12,-9.103201474236991e-13,1.5849625007182713,1.0,1.0000000000009104,0.0
role_oracle,41,6,0.0,1.0,0.0,-1.4428232973175177e-12,-9.103201474236991e-13,1.5849625007182713,1.0,1.0000000000009104,0.0
role_oracle,41,7,0.0,1.0,0.0,-1.4428232973175177e-12,-9.103201474236991e-13,1.5849625007182713,1.0,1.0000000000009104,0.0
role_oracle,41,8,0.0,1.0,0.0,-1.4428232973175177e-12,-9.103201474236991e-13,1.5849625007182713,1.0,1.0000000000009104,0.0
role_oracle,41,9,0.0,1.0,0.0,-1.4428232973175177e-12,-9.103201474236991e-13,1.5849625007182713,1.0,1.0000000000009104,0.0
role_oracle,41,10,0.0,1.0,0.0,-1.4428232973175177e-12,-9.103201474236991e-13,1.5849625007182713,1.0,1.0000000000009104,0.0
role_oracle,41,11,0.0,1.0,0.0,-1.4428232973175177e-12,-9.103201474236991e-13,1.5849625007182713,1.0,1.0000000000009104,0.0
role_oracle,41,12,0.0,1.0,0.0,-1.4428232973175177e-12,-9.103201474236991e-13,1.5849625007182713,1.0,1.0000000000009104,0.0
role_oracle,41,13,0.0,1.0,0.0,-1.4428232973175177e-12,-9.103201474236991e-13,1.5849625007182713,1.0,1.0000000000009104,0.0
role_oracle,41,14,0.0,1.0,0.0,-1.4428232973175177e-12,-9.103201474236991e-13,1.5849625007182713,1.0,1.0000000000009104,0.0
role_oracle,41,15,0.0,0.0,1.0,-1.4428232973175177e-12,-9.103201474236991e-13,1.5849625007182713,1.0,1.0000000000009104,0.0
role_oracle,41,16,0.0,0.0,1.0,-1.4428232973175177e-12,-9.103201474236991e-13,1.5849625007182713,1.0,1.0000000000009104,0.0
role_oracle,41,17,0.0,0.0,1.0,-1.4428232973175177e-12,-9.103201474236991e-13,1.5849625007182713,1.0,1.0000000000009104,0.0
role_oracle,42,0,0.0,1.0,0.0,-1.4428232973175177e-12,-9.103201474236991e-13,1.5849625007182713,1.0,1.0000000000009104,0.0
role_oracle,42,1,0.0,1.0,0.0,-1.4428232973175177e-12,-9.103201474236991e-13,1.5849625007182713,1.0,1.0000000000009104,0.0
role_oracle,42,2,0.0,1.0,0.0,-1.4428232973175177e-12,-9.103201474236991e-13,1.5849625007182713,1.0,1.0000000000009104,0.0
role_oracle,42,3,0.0,1.0,0.0,-1.4428232973175177e-12,-9.103201474236991e-13,1.5849625007182713,1.0,1.0000000000009104,0.0
role_oracle,42,4,0.0,1.0,0.0,-1.4428232973175177e-12,-9.103201474236991e-13,1.5849625007182713,1.0,1.0000000000009104,0.0
role_oracle,42,5,0.0,1.0,0.0,-1.4428232973175177e-12,-9.103201474236991e-13,1.5849625007182713,1.0,1.0000000000009104,0.0
role_oracle,42,6,0.0,1.0,0.0,-1.4428232973175177e-12,-9.103201474236991e-13,1.5849625007182713,1.0,1.0000000000009104,0.0
role_oracle,42,7,0.0,1.0,0.0,-1.4428232973175177e-12,-9.103201474236991e-13,1.5849625007182713,1.0,1.0000000000009104,0.0
role_oracle,42,8,0.0,1.0,0.0,-1.4428232973175177e-12,-9.103201474236991e-13,1.5849625007182713,1.0,1.0000000000009104,0.0
role_oracle,42,9,0.0,1.0,0.0,-1.4428232973175177e-12,-9.103201474236991e-13,1.5849625007182713,1.0,1.0000000000009104,0.0
role_oracle,42,10,0.0,1.0,0.0,-1.4428232973175177e-12,-9.103201474236991e-13,1.5849625007182713,1.0,1.0000000000009104,0.0
role_oracle,42,11,0.0,1.0,0.0,-1.4428232973175177e-12,-9.103201474236991e-13,1.5849625007182713,1.0,1.0000000000009104,0.0
role_oracle,42,12,0.0,1.0,0.0,-1.4428232973175177e-12,-9.103201474236991e-13,1.5849625007182713,1.0,1.0000000000009104,0.0
role_oracle,42,13,0.0,0.0,1.0,-1.4428232973175177e-12,-9.103201474236991e-13,1.5849625007182713,1.0,1.0000000000009104,0.0
role_oracle,42,14,0.0,0.0,1.0,-1.4428232973175177e-12,-9.103201474236991e-13,1.5849625007182713,1.0,1.0000000000009104,0.0
role_oracle,42,15,0.0,0.0,1.0,-1.4428232973175177e-12,-9.103201474236991e-13,1.5849625007182713,1.0,1.0000000000009104,0.0
role_oracle,43,0,0.0,1.0,0.0,-1.4428232973175177e-12,-9.103201474236991e-13,1.5849625007182713,1.0,1.0000000000009104,0.0
role_oracle,43,1,0.0,1.0,0.0,-1.4428232973175177e-12,-9.103201474236991e-13,1.5849625007182713,1.0,1.0000000000009104,0.0
role_oracle,43,2,0.0,1.0,0.0,-1.4428232973175177e-12,-9.103201474236991e-13,1.5849625007182713,1.0,1.0000000000009104,0.0
role_oracle,43,3,0.0,1.0,0.0,-1.4428232973175177e-12,-9.103201474236991e-13,1.5849625007182713,1.0,1.0000000000009104,0.0
role_oracle,43,4,0.0,1.0,0.0,-1.4428232973175177e-12,-9.103201474236991e-13,1.5849625007182713,1.0,1.0000000000009104,0.0
role_oracle,43,5,0.0,1.0,0.0,-1.4428232973175177e-12,-9.103201474236991e-13,1.5849625007182713,1.0,1.0000000000009104,0.0
role_oracle,43,6,0.0,1.0,0.0,-1.4428232973175177e-12,-9.103201474236991e-13,1.5849625007182713,1.0,1.0000000000009104,0.0
role_oracle,43,7,0.0,1.0,0.0,-1.4428232973175177e-12,-9.103201474236991e-13,1.5849625007182713,1.0,1.0000000000009104,0.0
role_oracle,43,8,0.0,1.0,0.0,-1.4428232973175177e-12,-9.103201474236991e-13,1.5849625007182713,1.0,1.0000000000009104,0.0
role_oracle,43,9,0.0,1.0,0.0,-1.4428232973175177e-12,-9.103201474236991e-13,1.5849625007182713,1.0,1.0000000000009104,0.0
role_oracle,43,10,0.0,1.0,0.0,-1.4428232973175177e-12,-9.103201474236991e-13,1.5849625007182713,1.0,1.0000000000009104,0.0
role_oracle,43,11,0.0,1.0,0.0,-1.4428232973175177e-12,-9.103201474236991e-13,1.5849625007182713,1.0,1.0000000000009104,0.0
role_oracle,43,12,0.0,0.0,1.0,-1.4428232973175177e-12,-9.103201474236991e-13,1.5849625007182713,1.0,1.0000000000009104,0.0
role_oracle,43,13,0.0,0.0,1.0,-1.4428232973175177e-12,-9.103201474236991e-13,1.5849625007182713,1.0,1.0000000000009104,0.0
role_oracle,43,14,0.0,0.0,1.0,-1.4428232973175177e-12,-9.103201474236991e-13,1.5849625007182713,1.0,1.0000000000009104,0.0
role_oracle,44,0,0.2,0.8,0.0,0.7219280948844771,0.4554859150017748,0.8630344058323514,0.8,0.4356112679985802,0.10890281699964505
role_oracle,44,1,0.0,0.8,0.2,0.7219280948844771,0.4554859150017748,0.8630344058323514,1.0,0.5445140849982252,0.0
role_oracle,44,2,0.0,0.8,0.2,0.7219280948844771,0.4554859150017748,0.8630344058323514,1.0,0.5445140849982252,0.0
role_oracle,44,3,0.0,0.8,0.2,0.7219280948844771,0.4554859150017748,0.8630344058323514,1.0,0.5445140849982252,0.0
role_oracle,44,4,0.0,1.0,0.0,-1.4428232973175177e-12,-9.103201474236991e-13,1.5849625007182713,1.0,1.0000000000009104,0.0
role_oracle,44,5,0.0,1.0,0.0,-1.4428232973175177e-12,-9.103201474236991e-13,1.5849625007182713,1.0,1.0000000000009104,0.0
role_oracle,44,6,0.0,1.0,0.0,-1.4428232973175177e-12,-9.103201474236991e-13,1.5849625007182713,1.0,1.0000000000009104,0.0
role_oracle,44,7,0.0,1.0,0.0,-1.4428232973175177e-12,-9.103201474236991e-13,1.5849625007182713,1.0,1.0000000000009104,0.0
role_oracle,44,8,0.0,1.0,0.0,-1.4428232973175177e-12,-9.103201474236991e-13,1.5849625007182713,1.0,1.0000000000009104,0.0
role_oracle,44,9,0.0,1.0,0.0,-1.4428232973175177e-12,-9.103201474236991e-13,1.5849625007182713,1.0,1.0000000000009104,0.0
role_oracle,44,10,0.0,1.0,0.0,-1.4428232973175177e-12,-9.103201474236991e-13,1.5849625007182713,1.0,1.0000000000009104,0.0
role_oracle,44,11,0.0,1.0,0.0,-1.4428232973175177e-12,-9.103201474236991e-13,1.5849625007182713,1.0,1.0000000000009104,0.0
role_oracle,44,12,0.0,1.0,0.0,-1.4428232973175177e-12,-9.103201474236991e-13,1.5849625007182713,1.0,1.0000000000009104,0.0
role_oracle,44,13,0.0,1.0,0.0,-1.4428232973175177e-12,-9.103201474236991e-13,1.5849625007182713,1.0,1.0000000000009104,0.0
role_oracle,44,14,0.0,0.0,1.0,-1.4428232973175177e-12,-9.103201474236991e-13,1.5849625007182713,1.0,1.0000000000009104,0.0
role_oracle,44,15,0.0,0.0,1.0,-1.4428232973175177e-12,-9.103201474236991e-13,1.5849625007182713,1.0,1.0000000000009104,0.0
role_oracle,44,16,0.0,0.0,1.0,-1.4428232973175177e-12,-9.103201474236991e-13,1.5849625007182713,1.0,1.0000000000009104,0.0
role_oracle,45,0,0.4,0.6,0.0,0.9709505944517833,0.6126016192875238,0.6140119062650451,0.6,0.23243902842748573,0.1549593522849905
role_oracle,45,1,0.2,0.8,0.0,0.7219280948844771,0.4554859150017748,0.8630344058323514,0.8,0.4356112679985802,0.10890281699964505
role_oracle,45,2,0.2,0.8,0.0,0.7219280948844771,0.4554859150017748,0.8630344058323514,0.8,0.4356112679985802,0.10890281699964505
role_oracle,45,3,0.0,1.0,0.0,-1.4428232973175177e-12,-9.103201474236991e-13,1.5849625007182713,1.0,1.0000000000009104,0.0
role_oracle,45,4,0.0,1.0,0.0,-1.4428232973175177e-12,-9.103201474236991e-13,1.5849625007182713,1.0,1.0000000000009104,0.0
role_oracle,45,5,0.0,1.0,0.0,-1.4428232973175177e-12,-9.103201474236991e-13,1.5849625007182713,1.0,1.0000000000009104,0.0
role_oracle,45,6,0.0,1.0,0.0,-1.4428232973175177e-12,-9.103201474236991e-13,1.5849625007182713,1.0,1.0000000000009104,0.0
role_oracle,45,7,0.0,1.0,0.0,-1.4428232973175177e-12,-9.103201474236991e-13,1.5849625007182713,1.0,1.0000000000009104,0.0
role_oracle,45,8,0.0,1.0,0.0,-1.4428232973175177e-12,-9.103201474236991e-13,1.5849625007182713,1.0,1.0000000000009104,0.0
role_oracle,45,9,0.0,1.0,0.0,-1.4428232973175177e-12,-9.103201474236991e-13,1.5849625007182713,1.0,1.0000000000009104,0.0
role_oracle,45,10,0.0,1.0,0.0,-1.4428232973175177e-12,-9.103201474236991e-13,1.5849625007182713,1.0,1.0000000000009104,0.0
role_oracle,45,11,0.0,1.0,0.0,-1.4428232973175177e-12,-9.103201474236991e-13,1.5849625007182713,1.0,1.0000000000009104,0.0
role_oracle,45,12,0.0,1.0,0.0,-1.4428232973175177e-12,-9.103201474236991e-13,1.5849625007182713,1.0,1.0000000000009104,0.0
role_oracle,45,13,0.0,1.0,0.0,-1.4428232973175177e-12,-9.103201474236991e-13,1.5849625007182713,1.0,1.0000000000009104,0.0
role_oracle,45,14,0.0,0.0,1.0,-1.4428232973175177e-12,-9.103201474236991e-13,1.5849625007182713,1.0,1.0000000000009104,0.0
role_oracle,45,15,0.0,0.0,1.0,-1.4428232973175177e-12,-9.103201474236991e-13,1.5849625007182713,1.0,1.0000000000009104,0.0
role_oracle,45,16,0.0,0.0,1.0,-1.4428232973175177e-12,-9.103201474236991e-13,1.5849625007182713,1.0,1.0000000000009104,0.0
role_oracle,45,17,0.0,0.0,1.0,-1.4428232973175177e-12,-9.103201474236991e-13,1.5849625007182713,1.0,1.0000000000009104,0.0
role_oracle,46,0,0.2,0.8,0.0,0.7219280948844771,0.4554859150017748,0.8630344058323514,0.8,0.4356112679985802,0.10890281699964505
role_oracle,46,1,0.0,1.0,0.0,-1.4428232973175177e-12,-9.103201474236991e-13,1.5849625007182713,1.0,1.0000000000009104,0.0
role_oracle,46,2,0.0,1.0,0.0,-1.4428232973175177e-12,-9.103201474236991e-13,1.5849625007182713,1.0,1.0000000000009104,0.0
role_oracle,46,3,0.0,1.0,0.0,-1.4428232973175177e-12,-9.103201474236991e-13,1.5849625007182713,1.0,1.0000000000009104,0.0
role_oracle,46,4,0.0,1.0,0.0,-1.4428232973175177e-12,-9.103201474236991e-13,1.5849625007182713,1.0,1.0000000000009104,0.0
role_oracle,46,5,0.0,1.0,0.0,-1.4428232973175177e-12,-9.103201474236991e-13,1.5849625007182713,1.0,1.0000000000009104,0.0
role_oracle,46,6,0.0,1.0,0.0,-1.4428232973175177e-12,-9.103201474236991e-13,1.5849625007182713,1.0,1.0000000000009104,0.0
role_oracle,46,7,0.0,1.0,0.0,-1.4428232973175177e-12,-9.103201474236991e-13,1.5849625007182713,1.0,1.0000000000009104,0.0
role_oracle,46,8,0.0,1.0,0.0,-1.4428232973175177e-12,-9.103201474236991e-13,1.5849625007182713,1.0,1.0000000000009104,0.0
role_oracle,46,9,0.0,1.0,0.0,-1.4428232973175177e-12,-9.103201474236991e-13,1.5849625007182713,1.0,1.0000000000009104,0.0
role_oracle,46,10,0.0,1.0,0.0,-1.4428232973175177e-12,-9.103201474236991e-13,1.5849625007182713,1.0,1.0000000000009104,0.0
role_oracle,46,11,0.0,1.0,0.0,-1.4428232973175177e-12,-9.103201474236991e-13,1.5849625007182713,1.0,1.0000000000009104,0.0
role_oracle,46,12,0.0,1.0,0.0,-1.4428232973175177e-12,-9.103201474236991e-13,1.5849625007182713,1.0,1.0000000000009104,0.0
role_oracle,46,13,0.0,0.0,1.0,-1.4428232973175177e-12,-9.103201474236991e-13,1.5849625007182713,1.0,1.0000000000009104,0.0
role_oracle,46,14,0.0,0.0,1.0,-1.4428232973175177e-12,-9.103201474236991e-13,1.5849625007182713,1.0,1.0000000000009104,0.0
role_oracle,46,15,0.0,0.0,1.0,-1.4428232973175177e-12,-9.103201474236991e-13,1.5849625007182713,1.0,1.0000000000009104,0.0
role_oracle,46,16,0.0,0.0,1.0,-1.4428232973175177e-12,-9.103201474236991e-13,1.5849625007182713,1.0,1.0000000000009104,0.0
role_oracle,46,17,0.0,0.0,1.0,-1.4428232973175177e-12,-9.103201474236991e-13,1.5849625007182713,1.0,1.0000000000009104,0.0
role_oracle,47,0,0.0,1.0,0.0,-1.4428232973175177e-12,-9.103201474236991e-13,1.5849625007182713,1.0,1.0000000000009104,0.0
role_oracle,47,1,0.0,1.0,0.0,-1.4428232973175177e-12,-9.103201474236991e-13,1.5849625007182713,1.0,1.0000000000009104,0.0
role_oracle,47,2,0.0,1.0,0.0,-1.4428232973175177e-12,-9.103201474236991e-13,1.5849625007182713,1.0,1.0000000000009104,0.0
role_oracle,47,3,0.0,1.0,0.0,-1.4428232973175177e-12,-9.103201474236991e-13,1.5849625007182713,1.0,1.0000000000009104,0.0
role_oracle,47,4,0.0,1.0,0.0,-1.4428232973175177e-12,-9.103201474236991e-13,1.5849625007182713,1.0,1.0000000000009104,0.0
role_oracle,47,5,0.0,1.0,0.0,-1.4428232973175177e-12,-9.103201474236991e-13,1.5849625007182713,1.0,1.0000000000009104,0.0
role_oracle,47,6,0.0,1.0,0.0,-1.4428232973175177e-12,-9.103201474236991e-13,1.5849625007182713,1.0,1.0000000000009104,0.0
role_oracle,47,7,0.0,1.0,0.0,-1.4428232973175177e-12,-9.103201474236991e-13,1.5849625007182713,1.0,1.0000000000009104,0.0
role_oracle,47,8,0.0,1.0,0.0,-1.4428232973175177e-12,-9.103201474236991e-13,1.5849625007182713,1.0,1.0000000000009104,0.0
role_oracle,47,9,0.0,1.0,0.0,-1.4428232973175177e-12,-9.103201474236991e-13,1.5849625007182713,1.0,1.0000000000009104,0.0
role_oracle,47,10,0.0,1.0,0.0,-1.4428232973175177e-12,-9.103201474236991e-13,1.5849625007182713,1.0,1.0000000000009104,0.0
role_oracle,47,11,0.0,1.0,0.0,-1.4428232973175177e-12,-9.103201474236991e-13,1.5849625007182713,1.0,1.0000000000009104,0.0
role_oracle,47,12,0.0,1.0,0.0,-1.4428232973175177e-12,-9.103201474236991e-13,1.5849625007182713,1.0,1.0000000000009104,0.0
role_oracle,47,13,0.0,1.0,0.0,-1.4428232973175177e-12,-9.103201474236991e-13,1.5849625007182713,1.0,1.0000000000009104,0.0
role_oracle,47,14,0.0,0.0,1.0,-1.4428232973175177e-12,-9.103201474236991e-13,1.5849625007182713,1.0,1.0000000000009104,0.0
role_oracle,47,15,0.0,0.0,1.0,-1.4428232973175177e-12,-9.103201474236991e-13,1.5849625007182713,1.0,1.0000000000009104,0.0
role_oracle,47,16,0.0,0.0,1.0,-1.4428232973175177e-12,-9.103201474236991e-13,1.5849625007182713,1.0,1.0000000000009104,0.0
role_oracle,48,0,0.0,0.8,0.2,0.7219280948844771,0.4554859150017748,0.8630344058323514,1.0,0.5445140849982252,0.0
role_oracle,48,1,0.0,1.0,0.0,-1.4428232973175177e-12,-9.103201474236991e-13,1.5849625007182713,1.0,1.0000000000009104,0.0
role_oracle,48,2,0.0,1.0,0.0,-1.4428232973175177e-12,-9.103201474236991e-13,1.5849625007182713,1.0,1.0000000000009104,0.0
role_oracle,48,3,0.0,1.0,0.0,-1.4428232973175177e-12,-9.103201474236991e-13,1.5849625007182713,1.0,1.0000000000009104,0.0
role_oracle,48,4,0.0,1.0,0.0,-1.4428232973175177e-12,-9.103201474236991e-13,1.5849625007182713,1.0,1.0000000000009104,0.0
role_oracle,48,5,0.0,1.0,0.0,-1.4428232973175177e-12,-9.103201474236991e-13,1.5849625007182713,1.0,1.0000000000009104,0.0
role_oracle,48,6,0.0,1.0,0.0,-1.4428232973175177e-12,-9.103201474236991e-13,1.5849625007182713,1.0,1.0000000000009104,0.0
role_oracle,48,7,0.0,1.0,0.0,-1.4428232973175177e-12,-9.103201474236991e-13,1.5849625007182713,1.0,1.0000000000009104,0.0
role_oracle,48,8,0.0,1.0,0.0,-1.4428232973175177e-12,-9.103201474236991e-13,1.5849625007182713,1.0,1.0000000000009104,0.0
role_oracle,48,9,0.0,1.0,0.0,-1.4428232973175177e-12,-9.103201474236991e-13,1.5849625007182713,1.0,1.0000000000009104,0.0
role_oracle,48,10,0.0,1.0,0.0,-1.4428232973175177e-12,-9.103201474236991e-13,1.5849625007182713,1.0,1.0000000000009104,0.0
role_oracle,48,11,0.0,1.0,0.0,-1.4428232973175177e-12,-9.103201474236991e-13,1.5849625007182713,1.0,1.0000000000009104,0.0
role_oracle,48,12,0.0,1.0,0.0,-1.4428232973175177e-12,-9.103201474236991e-13,1.5849625007182713,1.0,1.0000000000009104,0.0
role_oracle,48,13,0.0,1.0,0.0,-1.4428232973175177e-12,-9.103201474236991e-13,1.5849625007182713,1.0,1.0000000000009104,0.0
role_oracle,48,14,0.0,0.0,1.0,-1.4428232973175177e-12,-9.103201474236991e-13,1.5849625007182713,1.0,1.0000000000009104,0.0
role_oracle,48,15,0.0,0.0,1.0,-1.4428232973175177e-12,-9.103201474236991e-13,1.5849625007182713,1.0,1.0000000000009104,0.0
role_oracle,48,16,0.0,0.0,1.0,-1.4428232973175177e-12,-9.103201474236991e-13,1.5849625007182713,1.0,1.0000000000009104,0.0
role_oracle,49,0,0.2,0.8,0.0,0.7219280948844771,0.4554859150017748,0.8630344058323514,0.8,0.4356112679985802,0.10890281699964505
role_oracle,49,1,0.0,1.0,0.0,-1.4428232973175177e-12,-9.103201474236991e-13,1.5849625007182713,1.0,1.0000000000009104,0.0
role_oracle,49,2,0.0,1.0,0.0,-1.4428232973175177e-12,-9.103201474236991e-13,1.5849625007182713,1.0,1.0000000000009104,0.0
role_oracle,49,3,0.0,1.0,0.0,-1.4428232973175177e-12,-9.103201474236991e-13,1.5849625007182713,1.0,1.0000000000009104,0.0
role_oracle,49,4,0.0,1.0,0.0,-1.4428232973175177e-12,-9.103201474236991e-13,1.5849625007182713,1.0,1.0000000000009104,0.0
role_oracle,49,5,0.0,1.0,0.0,-1.4428232973175177e-12,-9.103201474236991e-13,1.5849625007182713,1.0,1.0000000000009104,0.0
role_oracle,49,6,0.0,1.0,0.0,-1.4428232973175177e-12,-9.103201474236991e-13,1.5849625007182713,1.0,1.0000000000009104,0.0
role_oracle,49,7,0.0,1.0,0.0,-1.4428232973175177e-12,-9.103201474236991e-13,1.5849625007182713,1.0,1.0000000000009104,0.0
role_oracle,49,8,0.0,1.0,0.0,-1.4428232973175177e-12,-9.103201474236991e-13,1.5849625007182713,1.0,1.0000000000009104,0.0
role_oracle,49,9,0.0,1.0,0.0,-1.4428232973175177e-12,-9.103201474236991e-13,1.5849625007182713,1.0,1.0000000000009104,0.0
role_oracle,49,10,0.0,1.0,0.0,-1.4428232973175177e-12,-9.103201474236991e-13,1.5849625007182713,1.0,1.0000000000009104,0.0
role_oracle,49,11,0.0,1.0,0.0,-1.4428232973175177e-12,-9.103201474236991e-13,1.5849625007182713,1.0,1.0000000000009104,0.0
role_oracle,49,12,0.0,1.0,0.0,-1.4428232973175177e-12,-9.103201474236991e-13,1.5849625007182713,1.0,1.0000000000009104,0.0
role_oracle,49,13,0.0,1.0,0.0,-1.4428232973175177e-12,-9.103201474236991e-13,1.5849625007182713,1.0,1.0000000000009104,0.0
role_oracle,49,14,0.0,1.0,0.0,-1.4428232973175177e-12,-9.103201474236991e-13,1.5849625007182713,1.0,1.0000000000009104,0.0
role_oracle,49,15,0.0,0.0,1.0,-1.4428232973175177e-12,-9.103201474236991e-13,1.5849625007182713,1.0,1.0000000000009104,0.0
role_oracle,49,16,0.0,0.0,1.0,-1.4428232973175177e-12,-9.103201474236991e-13,1.5849625007182713,1.0,1.0000000000009104,0.0
role_oracle,49,17,0.0,0.0,1.0,-1.4428232973175177e-12,-9.103201474236991e-13,1.5849625007182713,1.0,1.0000000000009104,0.0
role_oracle,49,18,0.0,0.0,1.0,-1.4428232973175177e-12,-9.103201474236991e-13,1.5849625007182713,1.0,1.0000000000009104,0.0
role_oracle,49,19,0.0,0.0,1.0,-1.4428232973175177e-12,-9.103201474236991e-13,1.5849625007182713,1.0,1.0000000000009104,0.0
role_oracle,49,20,0.0,0.0,1.0,-1.4428232973175177e-12,-9.103201474236991e-13,1.5849625007182713,1.0,1.0000000000009104,0.0
role_oracle,50,0,0.0,1.0,0.0,-1.4428232973175177e-12,-9.103201474236991e-13,1.5849625007182713,1.0,1.0000000000009104,0.0
role_oracle,50,1,0.0,1.0,0.0,-1.4428232973175177e-12,-9.103201474236991e-13,1.5849625007182713,1.0,1.0000000000009104,0.0
role_oracle,50,2,0.0,1.0,0.0,-1.4428232973175177e-12,-9.103201474236991e-13,1.5849625007182713,1.0,1.0000000000009104,0.0
role_oracle,50,3,0.0,1.0,0.0,-1.4428232973175177e-12,-9.103201474236991e-13,1.5849625007182713,1.0,1.0000000000009104,0.0
role_oracle,50,4,0.0,1.0,0.0,-1.4428232973175177e-12,-9.103201474236991e-13,1.5849625007182713,1.0,1.0000000000009104,0.0
role_oracle,50,5,0.0,1.0,0.0,-1.4428232973175177e-12,-9.103201474236991e-13,1.5849625007182713,1.0,1.0000000000009104,0.0
role_oracle,50,6,0.0,1.0,0.0,-1.4428232973175177e-12,-9.103201474236991e-13,1.5849625007182713,1.0,1.0000000000009104,0.0
role_oracle,50,7,0.0,1.0,0.0,-1.4428232973175177e-12,-9.103201474236991e-13,1.5849625007182713,1.0,1.0000000000009104,0.0
role_oracle,50,8,0.0,1.0,0.0,-1.4428232973175177e-12,-9.103201474236991e-13,1.5849625007182713,1.0,1.0000000000009104,0.0
role_oracle,50,9,0.0,1.0,0.0,-1.4428232973175177e-12,-9.103201474236991e-13,1.5849625007182713,1.0,1.0000000000009104,0.0
role_oracle,50,10,0.0,0.0,1.0,-1.4428232973175177e-12,-9.103201474236991e-13,1.5849625007182713,1.0,1.0000000000009104,0.0
role_oracle,50,11,0.0,0.0,1.0,-1.4428232973175177e-12,-9.103201474236991e-13,1.5849625007182713,1.0,1.0000000000009104,0.0
role_oracle,50,12,0.0,0.0,1.0,-1.4428232973175177e-12,-9.103201474236991e-13,1.5849625007182713,1.0,1.0000000000009104,0.0
role_oracle,51,0,0.0,1.0,0.0,-1.4428232973175177e-12,-9.103201474236991e-13,1.5849625007182713,1.0,1.0000000000009104,0.0
role_oracle,51,1,0.0,1.0,0.0,-1.4428232973175177e-12,-9.103201474236991e-13,1.5849625007182713,1.0,1.0000000000009104,0.0
role_oracle,51,2,0.0,1.0,0.0,-1.4428232973175177e-12,-9.103201474236991e-13,1.5849625007182713,1.0,1.0000000000009104,0.0
role_oracle,51,3,0.0,1.0,0.0,-1.4428232973175177e-12,-9.103201474236991e-13,1.5849625007182713,1.0,1.0000000000009104,0.0
role_oracle,51,4,0.0,1.0,0.0,-1.4428232973175177e-12,-9.103201474236991e-13,1.5849625007182713,1.0,1.0000000000009104,0.0
role_oracle,51,5,0.0,1.0,0.0,-1.4428232973175177e-12,-9.103201474236991e-13,1.5849625007182713,1.0,1.0000000000009104,0.0
role_oracle,51,6,0.0,1.0,0.0,-1.4428232973175177e-12,-9.103201474236991e-13,1.5849625007182713,1.0,1.0000000000009104,0.0
role_oracle,51,7,0.0,1.0,0.0,-1.4428232973175177e-12,-9.103201474236991e-13,1.5849625007182713,1.0,1.0000000000009104,0.0
role_oracle,51,8,0.0,1.0,0.0,-1.4428232973175177e-12,-9.103201474236991e-13,1.5849625007182713,1.0,1.0000000000009104,0.0
role_oracle,51,9,0.0,1.0,0.0,-1.4428232973175177e-12,-9.103201474236991e-13,1.5849625007182713,1.0,1.0000000000009104,0.0
role_oracle,51,10,0.0,1.0,0.0,-1.4428232973175177e-12,-9.103201474236991e-13,1.5849625007182713,1.0,1.0000000000009104,0.0
role_oracle,51,11,0.0,1.0,0.0,-1.4428232973175177e-12,-9.103201474236991e-13,1.5849625007182713,1.0,1.0000000000009104,0.0
role_oracle,51,12,0.0,0.0,1.0,-1.4428232973175177e-12,-9.103201474236991e-13,1.5849625007182713,1.0,1.0000000000009104,0.0
role_oracle,51,13,0.0,0.0,1.0,-1.4428232973175177e-12,-9.103201474236991e-13,1.5849625007182713,1.0,1.0000000000009104,0.0
role_oracle,51,14,0.0,0.0,1.0,-1.4428232973175177e-12,-9.103201474236991e-13,1.5849625007182713,1.0,1.0000000000009104,0.0
role_oracle,52,0,0.4,0.4,0.2,1.5219280948830345,0.9602297178580306,0.0630344058337941,0.6000000000000001,0.02386216928518166,0.01590811285678777
role_oracle,52,1,0.4,0.6,0.0,0.9709505944517833,0.6126016192875238,0.6140119062650451,0.6,0.23243902842748573,0.1549593522849905
role_oracle,52,2,0.2,0.6,0.2,1.3709505944503406,0.8649735207151964,0.2140119062664878,0.8,0.10802118342784289,0.027005295856960723
role_oracle,52,3,0.2,0.8,0.0,0.7219280948844771,0.4554859150017748,0.8630344058323514,0.8,0.4356112679985802,0.10890281699964505
role_oracle,52,4,0.0,0.8,0.2,0.7219280948844771,0.4554859150017748,0.8630344058323514,1.0,0.5445140849982252,0.0
role_oracle,52,5,0.0,1.0,0.0,-1.4428232973175177e-12,-9.103201474236991e-13,1.5849625007182713,1.0,1.0000000000009104,0.0
role_oracle,52,6,0.0,1.0,0.0,-1.4428232973175177e-12,-9.103201474236991e-13,1.5849625007182713,1.0,1.0000000000009104,0.0
role_oracle,52,7,0.0,1.0,0.0,-1.4428232973175177e-12,-9.103201474236991e-13,1.5849625007182713,1.0,1.0000000000009104,0.0
role_oracle,52,8,0.0,1.0,0.0,-1.4428232973175177e-12,-9.103201474236991e-13,1.5849625007182713,1.0,1.0000000000009104,0.0
role_oracle,52,9,0.0,1.0,0.0,-1.4428232973175177e-12,-9.103201474236991e-13,1.5849625007182713,1.0,1.0000000000009104,0.0
role_oracle,52,10,0.0,1.0,0.0,-1.4428232973175177e-12,-9.103201474236991e-13,1.5849625007182713,1.0,1.0000000000009104,0.0
role_oracle,52,11,0.0,1.0,0.0,-1.4428232973175177e-12,-9.103201474236991e-13,1.5849625007182713,1.0,1.0000000000009104,0.0
role_oracle,52,12,0.0,1.0,0.0,-1.4428232973175177e-12,-9.103201474236991e-13,1.5849625007182713,1.0,1.0000000000009104,0.0
role_oracle,52,13,0.0,1.0,0.0,-1.4428232973175177e-12,-9.103201474236991e-13,1.5849625007182713,1.0,1.0000000000009104,0.0
role_oracle,52,14,0.0,1.0,0.0,-1.4428232973175177e-12,-9.103201474236991e-13,1.5849625007182713,1.0,1.0000000000009104,0.0
role_oracle,52,15,0.0,1.0,0.0,-1.4428232973175177e-12,-9.103201474236991e-13,1.5849625007182713,1.0,1.0000000000009104,0.0
role_oracle,52,16,0.0,0.0,1.0,-1.4428232973175177e-12,-9.103201474236991e-13,1.5849625007182713,1.0,1.0000000000009104,0.0
role_oracle,52,17,0.0,0.0,1.0,-1.4428232973175177e-12,-9.103201474236991e-13,1.5849625007182713,1.0,1.0000000000009104,0.0
role_oracle,52,18,0.0,0.0,1.0,-1.4428232973175177e-12,-9.103201474236991e-13,1.5849625007182713,1.0,1.0000000000009104,0.0
role_oracle,53,0,0.0,1.0,0.0,-1.4428232973175177e-12,-9.103201474236991e-13,1.5849625007182713,1.0,1.0000000000009104,0.0
role_oracle,53,1,0.0,1.0,0.0,-1.4428232973175177e-12,-9.103201474236991e-13,1.5849625007182713,1.0,1.0000000000009104,0.0
role_oracle,53,2,0.0,1.0,0.0,-1.4428232973175177e-12,-9.103201474236991e-13,1.5849625007182713,1.0,1.0000000000009104,0.0
role_oracle,53,3,0.0,1.0,0.0,-1.4428232973175177e-12,-9.103201474236991e-13,1.5849625007182713,1.0,1.0000000000009104,0.0
role_oracle,53,4,0.0,1.0,0.0,-1.4428232973175177e-12,-9.103201474236991e-13,1.5849625007182713,1.0,1.0000000000009104,0.0
role_oracle,53,5,0.0,1.0,0.0,-1.4428232973175177e-12,-9.103201474236991e-13,1.5849625007182713,1.0,1.0000000000009104,0.0
role_oracle,53,6,0.0,1.0,0.0,-1.4428232973175177e-12,-9.103201474236991e-13,1.5849625007182713,1.0,1.0000000000009104,0.0
role_oracle,53,7,0.0,1.0,0.0,-1.4428232973175177e-12,-9.103201474236991e-13,1.5849625007182713,1.0,1.0000000000009104,0.0
role_oracle,53,8,0.0,1.0,0.0,-1.4428232973175177e-12,-9.103201474236991e-13,1.5849625007182713,1.0,1.0000000000009104,0.0
role_oracle,53,9,0.0,1.0,0.0,-1.4428232973175177e-12,-9.103201474236991e-13,1.5849625007182713,1.0,1.0000000000009104,0.0
role_oracle,53,10,0.0,1.0,0.0,-1.4428232973175177e-12,-9.103201474236991e-13,1.5849625007182713,1.0,1.0000000000009104,0.0
role_oracle,53,11,0.0,1.0,0.0,-1.4428232973175177e-12,-9.103201474236991e-13,1.5849625007182713,1.0,1.0000000000009104,0.0
role_oracle,53,12,0.0,1.0,0.0,-1.4428232973175177e-12,-9.103201474236991e-13,1.5849625007182713,1.0,1.0000000000009104,0.0
role_oracle,53,13,0.0,1.0,0.0,-1.4428232973175177e-12,-9.103201474236991e-13,1.5849625007182713,1.0,1.0000000000009104,0.0
role_oracle,53,14,0.0,0.0,1.0,-1.4428232973175177e-12,-9.103201474236991e-13,1.5849625007182713,1.0,1.0000000000009104,0.0
role_oracle,53,15,0.0,0.0,1.0,-1.4428232973175177e-12,-9.103201474236991e-13,1.5849625007182713,1.0,1.0000000000009104,0.0
role_oracle,53,16,0.0,0.0,1.0,-1.4428232973175177e-12,-9.103201474236991e-13,1.5849625007182713,1.0,1.0000000000009104,0.0
role_oracle,54,0,0.2,0.8,0.0,0.7219280948844771,0.4554859150017748,0.8630344058323514,0.8,0.4356112679985802,0.10890281699964505
role_oracle,54,1,0.0,1.0,0.0,-1.4428232973175177e-12,-9.103201474236991e-13,1.5849625007182713,1.0,1.0000000000009104,0.0
role_oracle,54,2,0.0,1.0,0.0,-1.4428232973175177e-12,-9.103201474236991e-13,1.5849625007182713,1.0,1.0000000000009104,0.0
role_oracle,54,3,0.0,1.0,0.0,-1.4428232973175177e-12,-9.103201474236991e-13,1.5849625007182713,1.0,1.0000000000009104,0.0
role_oracle,54,4,0.0,1.0,0.0,-1.4428232973175177e-12,-9.103201474236991e-13,1.5849625007182713,1.0,1.0000000000009104,0.0
role_oracle,54,5,0.0,1.0,0.0,-1.4428232973175177e-12,-9.103201474236991e-13,1.5849625007182713,1.0,1.0000000000009104,0.0
role_oracle,54,6,0.0,1.0,0.0,-1.4428232973175177e-12,-9.103201474236991e-13,1.5849625007182713,1.0,1.0000000000009104,0.0
role_oracle,54,7,0.0,1.0,0.0,-1.4428232973175177e-12,-9.103201474236991e-13,1.5849625007182713,1.0,1.0000000000009104,0.0
role_oracle,54,8,0.0,1.0,0.0,-1.4428232973175177e-12,-9.103201474236991e-13,1.5849625007182713,1.0,1.0000000000009104,0.0
role_oracle,54,9,0.0,1.0,0.0,-1.4428232973175177e-12,-9.103201474236991e-13,1.5849625007182713,1.0,1.0000000000009104,0.0
role_oracle,54,10,0.0,1.0,0.0,-1.4428232973175177e-12,-9.103201474236991e-13,1.5849625007182713,1.0,1.0000000000009104,0.0
role_oracle,54,11,0.0,1.0,0.0,-1.4428232973175177e-12,-9.103201474236991e-13,1.5849625007182713,1.0,1.0000000000009104,0.0
role_oracle,54,12,0.0,1.0,0.0,-1.4428232973175177e-12,-9.103201474236991e-13,1.5849625007182713,1.0,1.0000000000009104,0.0
role_oracle,54,13,0.0,1.0,0.0,-1.4428232973175177e-12,-9.103201474236991e-13,1.5849625007182713,1.0,1.0000000000009104,0.0
role_oracle,54,14,0.0,1.0,0.0,-1.4428232973175177e-12,-9.103201474236991e-13,1.5849625007182713,1.0,1.0000000000009104,0.0
role_oracle,54,15,0.0,0.0,1.0,-1.4428232973175177e-12,-9.103201474236991e-13,1.5849625007182713,1.0,1.0000000000009104,0.0
role_oracle,54,16,0.0,0.0,1.0,-1.4428232973175177e-12,-9.103201474236991e-13,1.5849625007182713,1.0,1.0000000000009104,0.0
role_oracle,54,17,0.0,0.0,1.0,-1.4428232973175177e-12,-9.103201474236991e-13,1.5849625007182713,1.0,1.0000000000009104,0.0
role_oracle,54,18,0.0,0.0,1.0,-1.4428232973175177e-12,-9.103201474236991e-13,1.5849625007182713,1.0,1.0000000000009104,0.0
role_oracle,54,19,0.0,0.0,1.0,-1.4428232973175177e-12,-9.103201474236991e-13,1.5849625007182713,1.0,1.0000000000009104,0.0
role_oracle,55,0,0.8,0.2,0.0,0.7219280948844771,0.4554859150017748,0.8630344058323514,0.2,0.10890281699964505,0.4356112679985802
role_oracle,55,1,0.4,0.4,0.2,1.5219280948830345,0.9602297178580306,0.0630344058337941,0.6000000000000001,0.02386216928518166,0.01590811285678777
role_oracle,55,2,0.2,0.8,0.0,0.7219280948844771,0.4554859150017748,0.8630344058323514,0.8,0.4356112679985802,0.10890281699964505
role_oracle,55,3,0.2,0.8,0.0,0.7219280948844771,0.4554859150017748,0.8630344058323514,0.8,0.4356112679985802,0.10890281699964505
role_oracle,55,4,0.0,1.0,0.0,-1.4428232973175177e-12,-9.103201474236991e-13,1.5849625007182713,1.0,1.0000000000009104,0.0
role_oracle,55,5,0.0,1.0,0.0,-1.4428232973175177e-12,-9.103201474236991e-13,1.5849625007182713,1.0,1.0000000000009104,0.0
role_oracle,55,6,0.0,1.0,0.0,-1.4428232973175177e-12,-9.103201474236991e-13,1.5849625007182713,1.0,1.0000000000009104,0.0
role_oracle,55,7,0.0,1.0,0.0,-1.4428232973175177e-12,-9.103201474236991e-13,1.5849625007182713,1.0,1.0000000000009104,0.0
role_oracle,55,8,0.0,1.0,0.0,-1.4428232973175177e-12,-9.103201474236991e-13,1.5849625007182713,1.0,1.0000000000009104,0.0
role_oracle,55,9,0.0,1.0,0.0,-1.4428232973175177e-12,-9.103201474236991e-13,1.5849625007182713,1.0,1.0000000000009104,0.0
role_oracle,55,10,0.0,1.0,0.0,-1.4428232973175177e-12,-9.103201474236991e-13,1.5849625007182713,1.0,1.0000000000009104,0.0
role_oracle,55,11,0.0,1.0,0.0,-1.4428232973175177e-12,-9.103201474236991e-13,1.5849625007182713,1.0,1.0000000000009104,0.0
role_oracle,55,12,0.0,1.0,0.0,-1.4428232973175177e-12,-9.103201474236991e-13,1.5849625007182713,1.0,1.0000000000009104,0.0
role_oracle,55,13,0.0,1.0,0.0,-1.4428232973175177e-12,-9.103201474236991e-13,1.5849625007182713,1.0,1.0000000000009104,0.0
role_oracle,55,14,0.0,1.0,0.0,-1.4428232973175177e-12,-9.103201474236991e-13,1.5849625007182713,1.0,1.0000000000009104,0.0
role_oracle,55,15,0.0,1.0,0.0,-1.4428232973175177e-12,-9.103201474236991e-13,1.5849625007182713,1.0,1.0000000000009104,0.0
role_oracle,55,16,0.0,0.0,1.0,-1.4428232973175177e-12,-9.103201474236991e-13,1.5849625007182713,1.0,1.0000000000009104,0.0
role_oracle,55,17,0.0,0.0,1.0,-1.4428232973175177e-12,-9.103201474236991e-13,1.5849625007182713,1.0,1.0000000000009104,0.0
role_oracle,55,18,0.0,0.0,1.0,-1.4428232973175177e-12,-9.103201474236991e-13,1.5849625007182713,1.0,1.0000000000009104,0.0
role_oracle,56,0,0.2,0.8,0.0,0.7219280948844771,0.4554859150017748,0.8630344058323514,0.8,0.4356112679985802,0.10890281699964505
role_oracle,56,1,0.2,0.8,0.0,0.7219280948844771,0.4554859150017748,0.8630344058323514,0.8,0.4356112679985802,0.10890281699964505
role_oracle,56,2,0.0,1.0,0.0,-1.4428232973175177e-12,-9.103201474236991e-13,1.5849625007182713,1.0,1.0000000000009104,0.0
role_oracle,56,3,0.0,1.0,0.0,-1.4428232973175177e-12,-9.103201474236991e-13,1.5849625007182713,1.0,1.0000000000009104,0.0
role_oracle,56,4,0.0,1.0,0.0,-1.4428232973175177e-12,-9.103201474236991e-13,1.5849625007182713,1.0,1.0000000000009104,0.0
role_oracle,56,5,0.0,1.0,0.0,-1.4428232973175177e-12,-9.103201474236991e-13,1.5849625007182713,1.0,1.0000000000009104,0.0
role_oracle,56,6,0.0,1.0,0.0,-1.4428232973175177e-12,-9.103201474236991e-13,1.5849625007182713,1.0,1.0000000000009104,0.0
role_oracle,56,7,0.0,1.0,0.0,-1.4428232973175177e-12,-9.103201474236991e-13,1.5849625007182713,1.0,1.0000000000009104,0.0
role_oracle,56,8,0.0,1.0,0.0,-1.4428232973175177e-12,-9.103201474236991e-13,1.5849625007182713,1.0,1.0000000000009104,0.0
role_oracle,56,9,0.0,1.0,0.0,-1.4428232973175177e-12,-9.103201474236991e-13,1.5849625007182713,1.0,1.0000000000009104,0.0
role_oracle,56,10,0.0,1.0,0.0,-1.4428232973175177e-12,-9.103201474236991e-13,1.5849625007182713,1.0,1.0000000000009104,0.0
role_oracle,56,11,0.0,1.0,0.0,-1.4428232973175177e-12,-9.103201474236991e-13,1.5849625007182713,1.0,1.0000000000009104,0.0
role_oracle,56,12,0.0,1.0,0.0,-1.4428232973175177e-12,-9.103201474236991e-13,1.5849625007182713,1.0,1.0000000000009104,0.0
role_oracle,56,13,0.0,1.0,0.0,-1.4428232973175177e-12,-9.103201474236991e-13,1.5849625007182713,1.0,1.0000000000009104,0.0
role_oracle,56,14,0.0,0.0,1.0,-1.4428232973175177e-12,-9.103201474236991e-13,1.5849625007182713,1.0,1.0000000000009104,0.0
role_oracle,56,15,0.0,0.0,1.0,-1.4428232973175177e-12,-9.103201474236991e-13,1.5849625007182713,1.0,1.0000000000009104,0.0
role_oracle,56,16,0.0,0.0,1.0,-1.4428232973175177e-12,-9.103201474236991e-13,1.5849625007182713,1.0,1.0000000000009104,0.0
role_oracle,57,0,0.0,1.0,0.0,-1.4428232973175177e-12,-9.103201474236991e-13,1.5849625007182713,1.0,1.0000000000009104,0.0
role_oracle,57,1,0.0,1.0,0.0,-1.4428232973175177e-12,-9.103201474236991e-13,1.5849625007182713,1.0,1.0000000000009104,0.0
role_oracle,57,2,0.0,1.0,0.0,-1.4428232973175177e-12,-9.103201474236991e-13,1.5849625007182713,1.0,1.0000000000009104,0.0
role_oracle,57,3,0.0,1.0,0.0,-1.4428232973175177e-12,-9.103201474236991e-13,1.5849625007182713,1.0,1.0000000000009104,0.0
role_oracle,57,4,0.0,1.0,0.0,-1.4428232973175177e-12,-9.103201474236991e-13,1.5849625007182713,1.0,1.0000000000009104,0.0
role_oracle,57,5,0.0,1.0,0.0,-1.4428232973175177e-12,-9.103201474236991e-13,1.5849625007182713,1.0,1.0000000000009104,0.0
role_oracle,57,6,0.0,1.0,0.0,-1.4428232973175177e-12,-9.103201474236991e-13,1.5849625007182713,1.0,1.0000000000009104,0.0
role_oracle,57,7,0.0,1.0,0.0,-1.4428232973175177e-12,-9.103201474236991e-13,1.5849625007182713,1.0,1.0000000000009104,0.0
role_oracle,57,8,0.0,1.0,0.0,-1.4428232973175177e-12,-9.103201474236991e-13,1.5849625007182713,1.0,1.0000000000009104,0.0
role_oracle,57,9,0.0,1.0,0.0,-1.4428232973175177e-12,-9.103201474236991e-13,1.5849625007182713,1.0,1.0000000000009104,0.0
role_oracle,57,10,0.0,1.0,0.0,-1.4428232973175177e-12,-9.103201474236991e-13,1.5849625007182713,1.0,1.0000000000009104,0.0
role_oracle,57,11,0.0,1.0,0.0,-1.4428232973175177e-12,-9.103201474236991e-13,1.5849625007182713,1.0,1.0000000000009104,0.0
role_oracle,57,12,0.0,0.0,1.0,-1.4428232973175177e-12,-9.103201474236991e-13,1.5849625007182713,1.0,1.0000000000009104,0.0
role_oracle,57,13,0.0,0.0,1.0,-1.4428232973175177e-12,-9.103201474236991e-13,1.5849625007182713,1.0,1.0000000000009104,0.0
role_oracle,57,14,0.0,0.0,1.0,-1.4428232973175177e-12,-9.103201474236991e-13,1.5849625007182713,1.0,1.0000000000009104,0.0
role_oracle,58,0,0.2,0.8,0.0,0.7219280948844771,0.4554859150017748,0.8630344058323514,0.8,0.4356112679985802,0.10890281699964505
role_oracle,58,1,0.0,1.0,0.0,-1.4428232973175177e-12,-9.103201474236991e-13,1.5849625007182713,1.0,1.0000000000009104,0.0
role_oracle,58,2,0.0,1.0,0.0,-1.4428232973175177e-12,-9.103201474236991e-13,1.5849625007182713,1.0,1.0000000000009104,0.0
role_oracle,58,3,0.0,1.0,0.0,-1.4428232973175177e-12,-9.103201474236991e-13,1.5849625007182713,1.0,1.0000000000009104,0.0
role_oracle,58,4,0.0,1.0,0.0,-1.4428232973175177e-12,-9.103201474236991e-13,1.5849625007182713,1.0,1.0000000000009104,0.0
role_oracle,58,5,0.0,1.0,0.0,-1.4428232973175177e-12,-9.103201474236991e-13,1.5849625007182713,1.0,1.0000000000009104,0.0
role_oracle,58,6,0.0,1.0,0.0,-1.4428232973175177e-12,-9.103201474236991e-13,1.5849625007182713,1.0,1.0000000000009104,0.0
role_oracle,58,7,0.0,1.0,0.0,-1.4428232973175177e-12,-9.103201474236991e-13,1.5849625007182713,1.0,1.0000000000009104,0.0
role_oracle,58,8,0.0,1.0,0.0,-1.4428232973175177e-12,-9.103201474236991e-13,1.5849625007182713,1.0,1.0000000000009104,0.0
role_oracle,58,9,0.0,1.0,0.0,-1.4428232973175177e-12,-9.103201474236991e-13,1.5849625007182713,1.0,1.0000000000009104,0.0
role_oracle,58,10,0.0,1.0,0.0,-1.4428232973175177e-12,-9.103201474236991e-13,1.5849625007182713,1.0,1.0000000000009104,0.0
role_oracle,58,11,0.0,1.0,0.0,-1.4428232973175177e-12,-9.103201474236991e-13,1.5849625007182713,1.0,1.0000000000009104,0.0
role_oracle,58,12,0.0,1.0,0.0,-1.4428232973175177e-12,-9.103201474236991e-13,1.5849625007182713,1.0,1.0000000000009104,0.0
role_oracle,58,13,0.0,1.0,0.0,-1.4428232973175177e-12,-9.103201474236991e-13,1.5849625007182713,1.0,1.0000000000009104,0.0
role_oracle,58,14,0.0,0.0,1.0,-1.4428232973175177e-12,-9.103201474236991e-13,1.5849625007182713,1.0,1.0000000000009104,0.0
role_oracle,58,15,0.0,0.0,1.0,-1.4428232973175177e-12,-9.103201474236991e-13,1.5849625007182713,1.0,1.0000000000009104,0.0
role_oracle,58,16,0.0,0.0,1.0,-1.4428232973175177e-12,-9.103201474236991e-13,1.5849625007182713,1.0,1.0000000000009104,0.0
role_oracle,59,0,0.0,1.0,0.0,-1.4428232973175177e-12,-9.103201474236991e-13,1.5849625007182713,1.0,1.0000000000009104,0.0
role_oracle,59,1,0.0,1.0,0.0,-1.4428232973175177e-12,-9.103201474236991e-13,1.5849625007182713,1.0,1.0000000000009104,0.0
role_oracle,59,2,0.0,1.0,0.0,-1.4428232973175177e-12,-9.103201474236991e-13,1.5849625007182713,1.0,1.0000000000009104,0.0
role_oracle,59,3,0.0,1.0,0.0,-1.4428232973175177e-12,-9.103201474236991e-13,1.5849625007182713,1.0,1.0000000000009104,0.0
role_oracle,59,4,0.0,1.0,0.0,-1.4428232973175177e-12,-9.103201474236991e-13,1.5849625007182713,1.0,1.0000000000009104,0.0
role_oracle,59,5,0.0,1.0,0.0,-1.4428232973175177e-12,-9.103201474236991e-13,1.5849625007182713,1.0,1.0000000000009104,0.0
role_oracle,59,6,0.0,1.0,0.0,-1.4428232973175177e-12,-9.103201474236991e-13,1.5849625007182713,1.0,1.0000000000009104,0.0
role_oracle,59,7,0.0,1.0,0.0,-1.4428232973175177e-12,-9.103201474236991e-13,1.5849625007182713,1.0,1.0000000000009104,0.0
role_oracle,59,8,0.0,1.0,0.0,-1.4428232973175177e-12,-9.103201474236991e-13,1.5849625007182713,1.0,1.0000000000009104,0.0
role_oracle,59,9,0.0,1.0,0.0,-1.4428232973175177e-12,-9.103201474236991e-13,1.5849625007182713,1.0,1.0000000000009104,0.0
role_oracle,59,10,0.0,1.0,0.0,-1.4428232973175177e-12,-9.103201474236991e-13,1.5849625007182713,1.0,1.0000000000009104,0.0
role_oracle,59,11,0.0,1.0,0.0,-1.4428232973175177e-12,-9.103201474236991e-13,1.5849625007182713,1.0,1.0000000000009104,0.0
role_oracle,59,12,0.0,1.0,0.0,-1.4428232973175177e-12,-9.103201474236991e-13,1.5849625007182713,1.0,1.0000000000009104,0.0
role_oracle,59,13,0.0,1.0,0.0,-1.4428232973175177e-12,-9.103201474236991e-13,1.5849625007182713,1.0,1.0000000000009104,0.0
role_oracle,59,14,0.0,1.0,0.0,-1.4428232973175177e-12,-9.103201474236991e-13,1.5849625007182713,1.0,1.0000000000009104,0.0
role_oracle,59,15,0.0,0.0,1.0,-1.4428232973175177e-12,-9.103201474236991e-13,1.5849625007182713,1.0,1.0000000000009104,0.0
role_oracle,59,16,0.0,0.0,1.0,-1.4428232973175177e-12,-9.103201474236991e-13,1.5849625007182713,1.0,1.0000000000009104,0.0
role_oracle,59,17,0.0,0.0,1.0,-1.4428232973175177e-12,-9.103201474236991e-13,1.5849625007182713,1.0,1.0000000000009104,0.0
role_oracle,59,18,0.0,0.0,1.0,-1.4428232973175177e-12,-9.103201474236991e-13,1.5849625007182713,1.0,1.0000000000009104,0.0
role_oracle,60,0,0.4,0.6,0.0,0.9709505944517833,0.6126016192875238,0.6140119062650451,0.6,0.23243902842748573,0.1549593522849905
role_oracle,60,1,0.0,1.0,0.0,-1.4428232973175177e-12,-9.103201474236991e-13,1.5849625007182713,1.0,1.0000000000009104,0.0
role_oracle,60,2,0.0,1.0,0.0,-1.4428232973175177e-12,-9.103201474236991e-13,1.5849625007182713,1.0,1.0000000000009104,0.0
role_oracle,60,3,0.0,1.0,0.0,-1.4428232973175177e-12,-9.103201474236991e-13,1.5849625007182713,1.0,1.0000000000009104,0.0
role_oracle,60,4,0.0,1.0,0.0,-1.4428232973175177e-12,-9.103201474236991e-13,1.5849625007182713,1.0,1.0000000000009104,0.0
role_oracle,60,5,0.0,1.0,0.0,-1.4428232973175177e-12,-9.103201474236991e-13,1.5849625007182713,1.0,1.0000000000009104,0.0
role_oracle,60,6,0.0,1.0,0.0,-1.4428232973175177e-12,-9.103201474236991e-13,1.5849625007182713,1.0,1.0000000000009104,0.0
role_oracle,60,7,0.0,1.0,0.0,-1.4428232973175177e-12,-9.103201474236991e-13,1.5849625007182713,1.0,1.0000000000009104,0.0
role_oracle,60,8,0.0,1.0,0.0,-1.4428232973175177e-12,-9.103201474236991e-13,1.5849625007182713,1.0,1.0000000000009104,0.0
role_oracle,60,9,0.0,1.0,0.0,-1.4428232973175177e-12,-9.103201474236991e-13,1.5849625007182713,1.0,1.0000000000009104,0.0
role_oracle,60,10,0.0,1.0,0.0,-1.4428232973175177e-12,-9.103201474236991e-13,1.5849625007182713,1.0,1.0000000000009104,0.0
role_oracle,60,11,0.0,1.0,0.0,-1.4428232973175177e-12,-9.103201474236991e-13,1.5849625007182713,1.0,1.0000000000009104,0.0
role_oracle,60,12,0.0,1.0,0.0,-1.4428232973175177e-12,-9.103201474236991e-13,1.5849625007182713,1.0,1.0000000000009104,0.0
role_oracle,60,13,0.0,1.0,0.0,-1.4428232973175177e-12,-9.103201474236991e-13,1.5849625007182713,1.0,1.0000000000009104,0.0
role_oracle,60,14,0.0,1.0,0.0,-1.4428232973175177e-12,-9.103201474236991e-13,1.5849625007182713,1.0,1.0000000000009104,0.0
role_oracle,60,15,0.0,0.0,1.0,-1.4428232973175177e-12,-9.103201474236991e-13,1.5849625007182713,1.0,1.0000000000009104,0.0
role_oracle,60,16,0.0,0.0,1.0,-1.4428232973175177e-12,-9.103201474236991e-13,1.5849625007182713,1.0,1.0000000000009104,0.0
role_oracle,60,17,0.0,0.0,1.0,-1.4428232973175177e-12,-9.103201474236991e-13,1.5849625007182713,1.0,1.0000000000009104,0.0
role_oracle,61,0,0.0,1.0,0.0,-1.4428232973175177e-12,-9.103201474236991e-13,1.5849625007182713,1.0,1.0000000000009104,0.0
role_oracle,61,1,0.0,1.0,0.0,-1.4428232973175177e-12,-9.103201474236991e-13,1.5849625007182713,1.0,1.0000000000009104,0.0
role_oracle,61,2,0.0,1.0,0.0,-1.4428232973175177e-12,-9.103201474236991e-13,1.5849625007182713,1.0,1.0000000000009104,0.0
role_oracle,61,3,0.0,1.0,0.0,-1.4428232973175177e-12,-9.103201474236991e-13,1.5849625007182713,1.0,1.0000000000009104,0.0
role_oracle,61,4,0.0,1.0,0.0,-1.4428232973175177e-12,-9.103201474236991e-13,1.5849625007182713,1.0,1.0000000000009104,0.0
role_oracle,61,5,0.0,1.0,0.0,-1.4428232973175177e-12,-9.103201474236991e-13,1.5849625007182713,1.0,1.0000000000009104,0.0
role_oracle,61,6,0.0,1.0,0.0,-1.4428232973175177e-12,-9.103201474236991e-13,1.5849625007182713,1.0,1.0000000000009104,0.0
role_oracle,61,7,0.0,1.0,0.0,-1.4428232973175177e-12,-9.103201474236991e-13,1.5849625007182713,1.0,1.0000000000009104,0.0
role_oracle,61,8,0.0,1.0,0.0,-1.4428232973175177e-12,-9.103201474236991e-13,1.5849625007182713,1.0,1.0000000000009104,0.0
role_oracle,61,9,0.0,1.0,0.0,-1.4428232973175177e-12,-9.103201474236991e-13,1.5849625007182713,1.0,1.0000000000009104,0.0
role_oracle,61,10,0.0,1.0,0.0,-1.4428232973175177e-12,-9.103201474236991e-13,1.5849625007182713,1.0,1.0000000000009104,0.0
role_oracle,61,11,0.0,1.0,0.0,-1.4428232973175177e-12,-9.103201474236991e-13,1.5849625007182713,1.0,1.0000000000009104,0.0
role_oracle,61,12,0.0,1.0,0.0,-1.4428232973175177e-12,-9.103201474236991e-13,1.5849625007182713,1.0,1.0000000000009104,0.0
role_oracle,61,13,0.0,1.0,0.0,-1.4428232973175177e-12,-9.103201474236991e-13,1.5849625007182713,1.0,1.0000000000009104,0.0
role_oracle,61,14,0.0,0.0,1.0,-1.4428232973175177e-12,-9.103201474236991e-13,1.5849625007182713,1.0,1.0000000000009104,0.0
role_oracle,61,15,0.0,0.0,1.0,-1.4428232973175177e-12,-9.103201474236991e-13,1.5849625007182713,1.0,1.0000000000009104,0.0
role_oracle,61,16,0.0,0.0,1.0,-1.4428232973175177e-12,-9.103201474236991e-13,1.5849625007182713,1.0,1.0000000000009104,0.0
role_oracle,62,0,0.0,1.0,0.0,-1.4428232973175177e-12,-9.103201474236991e-13,1.5849625007182713,1.0,1.0000000000009104,0.0
role_oracle,62,1,0.0,1.0,0.0,-1.4428232973175177e-12,-9.103201474236991e-13,1.5849625007182713,1.0,1.0000000000009104,0.0
role_oracle,62,2,0.0,1.0,0.0,-1.4428232973175177e-12,-9.103201474236991e-13,1.5849625007182713,1.0,1.0000000000009104,0.0
role_oracle,62,3,0.0,1.0,0.0,-1.4428232973175177e-12,-9.103201474236991e-13,1.5849625007182713,1.0,1.0000000000009104,0.0
role_oracle,62,4,0.0,1.0,0.0,-1.4428232973175177e-12,-9.103201474236991e-13,1.5849625007182713,1.0,1.0000000000009104,0.0
role_oracle,62,5,0.0,1.0,0.0,-1.4428232973175177e-12,-9.103201474236991e-13,1.5849625007182713,1.0,1.0000000000009104,0.0
role_oracle,62,6,0.0,1.0,0.0,-1.4428232973175177e-12,-9.103201474236991e-13,1.5849625007182713,1.0,1.0000000000009104,0.0
role_oracle,62,7,0.0,1.0,0.0,-1.4428232973175177e-12,-9.103201474236991e-13,1.5849625007182713,1.0,1.0000000000009104,0.0
role_oracle,62,8,0.0,1.0,0.0,-1.4428232973175177e-12,-9.103201474236991e-13,1.5849625007182713,1.0,1.0000000000009104,0.0
role_oracle,62,9,0.0,1.0,0.0,-1.4428232973175177e-12,-9.103201474236991e-13,1.5849625007182713,1.0,1.0000000000009104,0.0
role_oracle,62,10,0.0,1.0,0.0,-1.4428232973175177e-12,-9.103201474236991e-13,1.5849625007182713,1.0,1.0000000000009104,0.0
role_oracle,62,11,0.0,1.0,0.0,-1.4428232973175177e-12,-9.103201474236991e-13,1.5849625007182713,1.0,1.0000000000009104,0.0
role_oracle,62,12,0.0,0.0,1.0,-1.4428232973175177e-12,-9.103201474236991e-13,1.5849625007182713,1.0,1.0000000000009104,0.0
role_oracle,62,13,0.0,0.0,1.0,-1.4428232973175177e-12,-9.103201474236991e-13,1.5849625007182713,1.0,1.0000000000009104,0.0
role_oracle,62,14,0.0,0.0,1.0,-1.4428232973175177e-12,-9.103201474236991e-13,1.5849625007182713,1.0,1.0000000000009104,0.0
role_oracle,63,0,0.0,1.0,0.0,-1.4428232973175177e-12,-9.103201474236991e-13,1.5849625007182713,1.0,1.0000000000009104,0.0
role_oracle,63,1,0.0,1.0,0.0,-1.4428232973175177e-12,-9.103201474236991e-13,1.5849625007182713,1.0,1.0000000000009104,0.0
role_oracle,63,2,0.0,1.0,0.0,-1.4428232973175177e-12,-9.103201474236991e-13,1.5849625007182713,1.0,1.0000000000009104,0.0
role_oracle,63,3,0.0,1.0,0.0,-1.4428232973175177e-12,-9.103201474236991e-13,1.5849625007182713,1.0,1.0000000000009104,0.0
role_oracle,63,4,0.0,1.0,0.0,-1.4428232973175177e-12,-9.103201474236991e-13,1.5849625007182713,1.0,1.0000000000009104,0.0
role_oracle,63,5,0.0,1.0,0.0,-1.4428232973175177e-12,-9.103201474236991e-13,1.5849625007182713,1.0,1.0000000000009104,0.0
