Gym has been unmaintained since 2022 and does not support NumPy 2.0 amongst other critical functionality.
Please upgrade to Gymnasium, the maintained drop-in replacement of Gym, or contact the authors of your software and request that they upgrade.
Users of this version of Gym should be able to simply replace 'import gym' with 'import gymnasium as gym' in the vast majority of cases.
See the migration guide at https://gymnasium.farama.org/introduction/migration_guide/ for additional information.
[pair_H] {"steps": 2048, "elapsed_s": 1.5, "coordination_ring_sparse20": 0.0, "coordination_ring_potter0_20": 0.0, "large_room_sparse20": 0.0, "large_room_potter0_20": null}
[pair_H] {"steps": 4096, "elapsed_s": 3.1, "coordination_ring_sparse20": 0.0, "coordination_ring_potter0_20": 0.0, "large_room_sparse20": 0.0, "large_room_potter0_20": 0.0}
[pair_H] {"steps": 6144, "elapsed_s": 4.7, "coordination_ring_sparse20": 0.0, "coordination_ring_potter0_20": 0.2, "large_room_sparse20": 0.0, "large_room_potter0_20": 0.2}
[pair_H] {"steps": 8192, "elapsed_s": 6.2, "coordination_ring_sparse20": 0.0, "coordination_ring_potter0_20": 0.14285714285714285, "large_room_sparse20": 0.0, "large_room_potter0_20": 0.42857142857142855}
[pair_H] {"steps": 10240, "elapsed_s": 7.7, "coordination_ring_sparse20": 0.0, "coordination_ring_potter0_20": 0.2, "large_room_sparse20": 0.0, "large_room_potter0_20": 0.4444444444444444}
[pair_H] {"steps": 12288, "elapsed_s": 9.1, "coordination_ring_sparse20": 0.0, "coordination_ring_potter0_20": 0.2727272727272727, "large_room_sparse20": 0.0, "large_room_potter0_20": 0.46153846153846156}
[pair_H] {"steps": 14336, "elapsed_s": 10.5, "coordination_ring_sparse20": 0.0, "coordination_ring_potter0_20": 0.3076923076923077, "large_room_sparse20": 0.0, "large_room_potter0_20": 0.5333333333333333}
[pair_H] {"steps": 16384, "elapsed_s": 12.0, "coordination_ring_sparse20": 0.0, "coordination_ring_potter0_20": 0.4117647058823529, "large_room_sparse20": 0.0, "large_room_potter0_20": 0.5}
[pair_H] {"steps": 18432, "elapsed_s": 13.6, "coordination_ring_sparse20": 0.0, "coordination_ring_potter0_20": 0.42105263157894735, "large_room_sparse20": 0.0, "large_room_potter0_20": 0.5}
[pair_H] {"steps": 20480, "elapsed_s": 15.1, "coordination_ring_sparse20": 0.0, "coordination_ring_potter0_20": 0.4, "large_room_sparse20": 0.0, "large_room_potter0_20": 0.55}
[pair_H] {"steps": 22528, "elapsed_s": 16.6, "coordination_ring_sparse20": 0.0, "coordination_ring_potter0_20": 0.45, "large_room_sparse20": 0.0, "large_room_potter0_20": 0.5}
[pair_H] {"steps": 24576, "elapsed_s": 18.1, "coordination_ring_sparse20": 0.0, "coordination_ring_potter0_20": 0.4, "large_room_sparse20": 0.0, "large_room_potter0_20": 0.55}
[pair_H] {"steps": 26624, "elapsed_s": 19.7, "coordination_ring_sparse20": 0.0, "coordination_ring_potter0_20": 0.5, "large_room_sparse20": 0.0, "large_room_potter0_20": 0.55}
[pair_H] {"steps": 28672, "elapsed_s": 21.1, "coordination_ring_sparse20": 0.0, "coordination_ring_potter0_20": 0.5, "large_room_sparse20": 0.0, "large_room_potter0_20": 0.55}
[pair_H] {"steps": 30720, "elapsed_s": 22.6, "coordination_ring_sparse20": 0.0, "coordination_ring_potter0_20": 0.5, "large_room_sparse20": 0.0, "large_room_potter0_20": 0.5}
[pair_H] {"steps": 32768, "elapsed_s": 24.2, "coordination_ring_sparse20": 0.0, "coordination_ring_potter0_20": 0.5, "large_room_sparse20": 0.0, "large_room_potter0_20": 0.55}
[pair_H] {"steps": 34816, "elapsed_s": 25.7, "coordination_ring_sparse20": 0.0, "coordination_ring_potter0_20": 0.5, "large_room_sparse20": 0.0, "large_room_potter0_20": 0.5}
[pair_H] {"steps": 36864, "elapsed_s": 27.2, "coordination_ring_sparse20": 0.0, "coordination_ring_potter0_20": 0.45, "large_room_sparse20": 0.0, "large_room_potter0_20": 0.5}
[pair_H] {"steps": 38912, "elapsed_s": 28.9, "coordination_ring_sparse20": 0.0, "coordination_ring_potter0_20": 0.5, "large_room_sparse20": 0.0, "large_room_potter0_20": 0.45}
[pair_H] {"steps": 40960, "elapsed_s": 30.4, "coordination_ring_sparse20": 0.0, "coordination_ring_potter0_20": 0.45, "large_room_sparse20": 0.0, "large_room_potter0_20": 0.45}
[pair_H] {"steps": 43008, "elapsed_s": 31.9, "coordination_ring_sparse20": 0.0, "coordination_ring_potter0_20": 0.45, "large_room_sparse20": 0.0, "large_room_potter0_20": 0.5}
[pair_H] {"steps": 45056, "elapsed_s": 33.4, "coordination_ring_sparse20": 0.0, "coordination_ring_potter0_20": 0.4, "large_room_sparse20": 0.0, "large_room_potter0_20": 0.45}
[pair_H] {"steps": 47104, "elapsed_s": 34.9, "coordination_ring_sparse20": 0.0, "coordination_ring_potter0_20": 0.35, "large_room_sparse20": 0.0, "large_room_potter0_20": 0.6}
[pair_H] {"steps": 49152, "elapsed_s": 36.3, "coordination_ring_sparse20": 0.0, "coordination_ring_potter0_20": 0.35, "large_room_sparse20": 0.0, "large_room_potter0_20": 0.7}
[pair_H] {"steps": 51200, "elapsed_s": 38.0, "coordination_ring_sparse20": 0.0, "coordination_ring_potter0_20": 0.3, "large_room_sparse20": 0.0, "large_room_potter0_20": 0.7}
[pair_H] {"steps": 53248, "elapsed_s": 39.6, "coordination_ring_sparse20": 0.0, "coordination_ring_potter0_20": 0.3, "large_room_sparse20": 0.0, "large_room_potter0_20": 0.65}
[pair_H] {"steps": 55296, "elapsed_s": 41.2, "coordination_ring_sparse20": 0.0, "coordination_ring_potter0_20": 0.35, "large_room_sparse20": 0.0, "large_room_potter0_20": 0.6}
[pair_H] {"steps": 57344, "elapsed_s": 42.8, "coordination_ring_sparse20": 0.0, "coordination_ring_potter0_20": 0.35, "large_room_sparse20": 0.0, "large_room_potter0_20": 0.5}
[pair_H] {"steps": 59392, "elapsed_s": 44.3, "coordination_ring_sparse20": 0.0, "coordination_ring_potter0_20": 0.3, "large_room_sparse20": 0.0, "large_room_potter0_20": 0.5}
[pair_H] {"steps": 61440, "elapsed_s": 45.9, "coordination_ring_sparse20": 0.0, "coordination_ring_potter0_20": 0.3, "large_room_sparse20": 0.0, "large_room_potter0_20": 0.55}
[pair_H] {"steps": 63488, "elapsed_s": 47.4, "coordination_ring_sparse20": 0.0, "coordination_ring_potter0_20": 0.25, "large_room_sparse20": 0.0, "large_room_potter0_20": 0.5}
[pair_H] {"steps": 65536, "elapsed_s": 48.9, "coordination_ring_sparse20": 0.0, "coordination_ring_potter0_20": 0.15, "large_room_sparse20": 0.0, "large_room_potter0_20": 0.55}
[pair_H] {"steps": 67584, "elapsed_s": 50.5, "coordination_ring_sparse20": 1.0, "coordination_ring_potter0_20": 0.2, "large_room_sparse20": 0.0, "large_room_potter0_20": 0.55}
[pair_H] {"steps": 69632, "elapsed_s": 52.4, "coordination_ring_sparse20": 1.0, "coordination_ring_potter0_20": 0.2, "large_room_sparse20": 0.0, "large_room_potter0_20": 0.65}
[pair_H] {"steps": 71680, "elapsed_s": 54.1, "coordination_ring_sparse20": 1.0, "coordination_ring_potter0_20": 0.2, "large_room_sparse20": 0.0, "large_room_potter0_20": 0.6}
[pair_H] {"steps": 73728, "elapsed_s": 55.9, "coordination_ring_sparse20": 1.0, "coordination_ring_potter0_20": 0.2, "large_room_sparse20": 0.0, "large_room_potter0_20": 0.65}
[pair_H] {"steps": 75776, "elapsed_s": 57.5, "coordination_ring_sparse20": 1.0, "coordination_ring_potter0_20": 0.2, "large_room_sparse20": 0.0, "large_room_potter0_20": 0.7}
[pair_H] {"steps": 77824, "elapsed_s": 59.1, "coordination_ring_sparse20": 1.0, "coordination_ring_potter0_20": 0.25, "large_room_sparse20": 0.0, "large_room_potter0_20": 0.65}
[pair_H] {"steps": 79872, "elapsed_s": 60.6, "coordination_ring_sparse20": 1.0, "coordination_ring_potter0_20": 0.15, "large_room_sparse20": 0.0, "large_room_potter0_20": 0.7}
[pair_H] {"steps": 81920, "elapsed_s": 62.2, "coordination_ring_sparse20": 1.0, "coordination_ring_potter0_20": 0.2, "large_room_sparse20": 0.0, "large_room_potter0_20": 0.7}
[pair_H] {"steps": 83968, "elapsed_s": 64.2, "coordination_ring_sparse20": 1.0, "coordination_ring_potter0_20": 0.2, "large_room_sparse20": 0.0, "large_room_potter0_20": 0.7}
[pair_H] {"steps": 86016, "elapsed_s": 65.9, "coordination_ring_sparse20": 1.0, "coordination_ring_potter0_20": 0.2, "large_room_sparse20": 0.0, "large_room_potter0_20": 0.7}
[pair_H] {"steps": 88064, "elapsed_s": 67.7, "coordination_ring_sparse20": 1.0, "coordination_ring_potter0_20": 0.2, "large_room_sparse20": 0.0, "large_room_potter0_20": 0.6}
[pair_H] {"steps": 90112, "elapsed_s": 69.4, "coordination_ring_sparse20": 0.0, "coordination_ring_potter0_20": 0.2, "large_room_sparse20": 0.0, "large_room_potter0_20": 0.65}
[pair_H] {"steps": 92160, "elapsed_s": 71.0, "coordination_ring_sparse20": 0.0, "coordination_ring_potter0_20": 0.25, "large_room_sparse20": 0.0, "large_room_potter0_20": 0.65}
[pair_H] {"steps": 94208, "elapsed_s": 72.5, "coordination_ring_sparse20": 0.0, "coordination_ring_potter0_20": 0.2, "large_room_sparse20": 0.0, "large_room_potter0_20": 0.6}
[pair_H] {"steps": 96256, "elapsed_s": 73.9, "coordination_ring_sparse20": 0.0, "coordination_ring_potter0_20": 0.2, "large_room_sparse20": 0.0, "large_room_potter0_20": 0.55}
[pair_H] {"steps": 98304, "elapsed_s": 75.3, "coordination_ring_sparse20": 0.0, "coordination_ring_potter0_20": 0.2, "large_room_sparse20": 0.0, "large_room_potter0_20": 0.55}
[pair_H] {"steps": 100352, "elapsed_s": 76.8, "coordination_ring_sparse20": 0.0, "coordination_ring_potter0_20": 0.25, "large_room_sparse20": 0.0, "large_room_potter0_20": 0.55}
[pair_H] {"steps": 102400, "elapsed_s": 78.3, "coordination_ring_sparse20": 0.0, "coordination_ring_potter0_20": 0.25, "large_room_sparse20": 0.0, "large_room_potter0_20": 0.45}
[pair_H] {"steps": 104448, "elapsed_s": 80.0, "coordination_ring_sparse20": 0.0, "coordination_ring_potter0_20": 0.3, "large_room_sparse20": 0.0, "large_room_potter0_20": 0.45}
[pair_H] {"steps": 106496, "elapsed_s": 81.7, "coordination_ring_sparse20": 0.0, "coordination_ring_potter0_20": 0.2, "large_room_sparse20": 0.0, "large_room_potter0_20": 0.4}
[pair_H] {"steps": 108544, "elapsed_s": 83.1, "coordination_ring_sparse20": 0.0, "coordination_ring_potter0_20": 0.25, "large_room_sparse20": 0.0, "large_room_potter0_20": 0.4}
[pair_H] {"steps": 110592, "elapsed_s": 84.5, "coordination_ring_sparse20": 0.0, "coordination_ring_potter0_20": 0.25, "large_room_sparse20": 0.0, "large_room_potter0_20": 0.4}
[pair_H] {"steps": 112640, "elapsed_s": 86.6, "coordination_ring_sparse20": 0.0, "coordination_ring_potter0_20": 0.3, "large_room_sparse20": 0.0, "large_room_potter0_20": 0.4}
[pair_H] {"steps": 114688, "elapsed_s": 88.3, "coordination_ring_sparse20": 0.0, "coordination_ring_potter0_20": 0.2, "large_room_sparse20": 0.0, "large_room_potter0_20": 0.3}
[pair_H] {"steps": 116736, "elapsed_s": 89.8, "coordination_ring_sparse20": 0.0, "coordination_ring_potter0_20": 0.2, "large_room_sparse20": 0.0, "large_room_potter0_20": 0.35}
[pair_H] {"steps": 118784, "elapsed_s": 91.2, "coordination_ring_sparse20": 0.0, "coordination_ring_potter0_20": 0.15, "large_room_sparse20": 0.0, "large_room_potter0_20": 0.5}
[pair_H] {"steps": 120832, "elapsed_s": 92.6, "coordination_ring_sparse20": 0.0, "coordination_ring_potter0_20": 0.15, "large_room_sparse20": 0.0, "large_room_potter0_20": 0.55}
[pair_H] {"steps": 122880, "elapsed_s": 94.1, "coordination_ring_sparse20": 0.0, "coordination_ring_potter0_20": 0.2, "large_room_sparse20": 0.0, "large_room_potter0_20": 0.55}
[pair_H] {"steps": 124928, "elapsed_s": 95.6, "coordination_ring_sparse20": 0.0, "coordination_ring_potter0_20": 0.15, "large_room_sparse20": 0.0, "large_room_potter0_20": 0.55}
[pair_H] {"steps": 126976, "elapsed_s": 97.0, "coordination_ring_sparse20": 0.0, "coordination_ring_potter0_20": 0.2, "large_room_sparse20": 0.0, "large_room_potter0_20": 0.55}
[pair_H] {"steps": 129024, "elapsed_s": 98.4, "coordination_ring_sparse20": 0.0, "coordination_ring_potter0_20": 0.15, "large_room_sparse20": 0.0, "large_room_potter0_20": 0.6}
[pair_H] {"steps": 131072, "elapsed_s": 99.9, "coordination_ring_sparse20": 0.0, "coordination_ring_potter0_20": 0.15, "large_room_sparse20": 0.0, "large_room_potter0_20": 0.6}
[pair_H] {"steps": 133120, "elapsed_s": 101.4, "coordination_ring_sparse20": 0.0, "coordination_ring_potter0_20": 0.2, "large_room_sparse20": 0.0, "large_room_potter0_20": 0.6}
[pair_H] {"steps": 135168, "elapsed_s": 102.9, "coordination_ring_sparse20": 0.0, "coordination_ring_potter0_20": 0.25, "large_room_sparse20": 0.0, "large_room_potter0_20": 0.5}
[pair_H] {"steps": 137216, "elapsed_s": 104.4, "coordination_ring_sparse20": 0.0, "coordination_ring_potter0_20": 0.25, "large_room_sparse20": 0.0, "large_room_potter0_20": 0.55}
[pair_H] {"steps": 139264, "elapsed_s": 106.1, "coordination_ring_sparse20": 0.0, "coordination_ring_potter0_20": 0.25, "large_room_sparse20": 0.0, "large_room_potter0_20": 0.6}
[pair_H] {"steps": 141312, "elapsed_s": 107.5, "coordination_ring_sparse20": 1.0, "coordination_ring_potter0_20": 0.25, "large_room_sparse20": 0.0, "large_room_potter0_20": 0.55}
[pair_H] {"steps": 143360, "elapsed_s": 108.9, "coordination_ring_sparse20": 2.0, "coordination_ring_potter0_20": 0.25, "large_room_sparse20": 0.0, "large_room_potter0_20": 0.55}
[pair_H] {"steps": 145408, "elapsed_s": 110.4, "coordination_ring_sparse20": 2.0, "coordination_ring_potter0_20": 0.25, "large_room_sparse20": 0.0, "large_room_potter0_20": 0.55}
[pair_H] {"steps": 147456, "elapsed_s": 111.9, "coordination_ring_sparse20": 3.0, "coordination_ring_potter0_20": 0.2, "large_room_sparse20": 0.0, "large_room_potter0_20": 0.5}
[pair_H] {"steps": 149504, "elapsed_s": 113.4, "coordination_ring_sparse20": 3.0, "coordination_ring_potter0_20": 0.2, "large_room_sparse20": 0.0, "large_room_potter0_20": 0.5}
[pair_H] {"steps": 151552, "elapsed_s": 114.9, "coordination_ring_sparse20": 3.0, "coordination_ring_potter0_20": 0.25, "large_room_sparse20": 0.0, "large_room_potter0_20": 0.6}
[pair_H] {"steps": 153600, "elapsed_s": 116.6, "coordination_ring_sparse20": 3.0, "coordination_ring_potter0_20": 0.25, "large_room_sparse20": 0.0, "large_room_potter0_20": 0.55}
[pair_H] {"steps": 155648, "elapsed_s": 118.1, "coordination_ring_sparse20": 3.0, "coordination_ring_potter0_20": 0.25, "large_room_sparse20": 0.0, "large_room_potter0_20": 0.5}
[pair_H] {"steps": 157696, "elapsed_s": 119.7, "coordination_ring_sparse20": 2.0, "coordination_ring_potter0_20": 0.3, "large_room_sparse20": 0.0, "large_room_potter0_20": 0.45}
[pair_H] {"steps": 159744, "elapsed_s": 121.2, "coordination_ring_sparse20": 3.0, "coordination_ring_potter0_20": 0.35, "large_room_sparse20": 0.0, "large_room_potter0_20": 0.45}
[pair_H] {"steps": 161792, "elapsed_s": 122.9, "coordination_ring_sparse20": 3.0, "coordination_ring_potter0_20": 0.4, "large_room_sparse20": 0.0, "large_room_potter0_20": 0.4}
[pair_H] {"steps": 163840, "elapsed_s": 124.5, "coordination_ring_sparse20": 3.0, "coordination_ring_potter0_20": 0.4, "large_room_sparse20": 0.0, "large_room_potter0_20": 0.45}
[pair_H] {"steps": 165888, "elapsed_s": 126.1, "coordination_ring_sparse20": 3.0, "coordination_ring_potter0_20": 0.35, "large_room_sparse20": 0.0, "large_room_potter0_20": 0.45}
[pair_H] {"steps": 167936, "elapsed_s": 127.8, "coordination_ring_sparse20": 3.0, "coordination_ring_potter0_20": 0.25, "large_room_sparse20": 0.0, "large_room_potter0_20": 0.45}
[pair_H] {"steps": 169984, "elapsed_s": 129.5, "coordination_ring_sparse20": 3.0, "coordination_ring_potter0_20": 0.2, "large_room_sparse20": 0.0, "large_room_potter0_20": 0.35}
[pair_H] {"steps": 172032, "elapsed_s": 131.2, "coordination_ring_sparse20": 2.0, "coordination_ring_potter0_20": 0.2, "large_room_sparse20": 0.0, "large_room_potter0_20": 0.45}
[pair_H] {"steps": 174080, "elapsed_s": 132.7, "coordination_ring_sparse20": 2.0, "coordination_ring_potter0_20": 0.15, "large_room_sparse20": 0.0, "large_room_potter0_20": 0.5}
[pair_H] {"steps": 176128, "elapsed_s": 134.5, "coordination_ring_sparse20": 2.0, "coordination_ring_potter0_20": 0.1, "large_room_sparse20": 0.0, "large_room_potter0_20": 0.55}
[pair_H] {"steps": 178176, "elapsed_s": 136.4, "coordination_ring_sparse20": 1.0, "coordination_ring_potter0_20": 0.1, "large_room_sparse20": 0.0, "large_room_potter0_20": 0.5}
[pair_H] {"steps": 180224, "elapsed_s": 138.6, "coordination_ring_sparse20": 1.0, "coordination_ring_potter0_20": 0.05, "large_room_sparse20": 0.0, "large_room_potter0_20": 0.55}
[pair_H] {"steps": 182272, "elapsed_s": 140.4, "coordination_ring_sparse20": 1.0, "coordination_ring_potter0_20": 0.05, "large_room_sparse20": 0.0, "large_room_potter0_20": 0.55}
[pair_H] {"steps": 184320, "elapsed_s": 142.1, "coordination_ring_sparse20": 1.0, "coordination_ring_potter0_20": 0.05, "large_room_sparse20": 0.0, "large_room_potter0_20": 0.5}
[pair_H] {"steps": 186368, "elapsed_s": 143.8, "coordination_ring_sparse20": 1.0, "coordination_ring_potter0_20": 0.2, "large_room_sparse20": 0.0, "large_room_potter0_20": 0.45}
[pair_H] {"steps": 188416, "elapsed_s": 145.4, "coordination_ring_sparse20": 1.0, "coordination_ring_potter0_20": 0.2, "large_room_sparse20": 0.0, "large_room_potter0_20": 0.45}
[pair_H] {"steps": 190464, "elapsed_s": 147.0, "coordination_ring_sparse20": 1.0, "coordination_ring_potter0_20": 0.3, "large_room_sparse20": 0.0, "large_room_potter0_20": 0.5}
[pair_H] {"steps": 192512, "elapsed_s": 148.8, "coordination_ring_sparse20": 1.0, "coordination_ring_potter0_20": 0.35, "large_room_sparse20": 0.0, "large_room_potter0_20": 0.45}
[pair_H] {"steps": 194560, "elapsed_s": 150.5, "coordination_ring_sparse20": 1.0, "coordination_ring_potter0_20": 0.3, "large_room_sparse20": 0.0, "large_room_potter0_20": 0.5}
[pair_H] {"steps": 196608, "elapsed_s": 152.1, "coordination_ring_sparse20": 1.0, "coordination_ring_potter0_20": 0.3, "large_room_sparse20": 0.0, "large_room_potter0_20": 0.55}
[pair_H] {"steps": 198656, "elapsed_s": 153.7, "coordination_ring_sparse20": 1.0, "coordination_ring_potter0_20": 0.3, "large_room_sparse20": 0.0, "large_room_potter0_20": 0.65}
[pair_H] {"steps": 200704, "elapsed_s": 155.3, "coordination_ring_sparse20": 2.0, "coordination_ring_potter0_20": 0.35, "large_room_sparse20": 0.0, "large_room_potter0_20": 0.7}
[pair_H] {"steps": 202752, "elapsed_s": 156.8, "coordination_ring_sparse20": 2.0, "coordination_ring_potter0_20": 0.35, "large_room_sparse20": 0.0, "large_room_potter0_20": 0.7}
[pair_H] {"steps": 204800, "elapsed_s": 158.4, "coordination_ring_sparse20": 3.0, "coordination_ring_potter0_20": 0.25, "large_room_sparse20": 0.0, "large_room_potter0_20": 0.65}
[pair_H] {"steps": 206848, "elapsed_s": 160.1, "coordination_ring_sparse20": 3.0, "coordination_ring_potter0_20": 0.1, "large_room_sparse20": 0.0, "large_room_potter0_20": 0.6}
[pair_H] {"steps": 208896, "elapsed_s": 161.9, "coordination_ring_sparse20": 3.0, "coordination_ring_potter0_20": 0.1, "large_room_sparse20": 0.0, "large_room_potter0_20": 0.65}
[pair_H] {"steps": 210944, "elapsed_s": 163.6, "coordination_ring_sparse20": 3.0, "coordination_ring_potter0_20": 0.1, "large_room_sparse20": 0.0, "large_room_potter0_20": 0.65}
[pair_H] {"steps": 212992, "elapsed_s": 165.3, "coordination_ring_sparse20": 2.0, "coordination_ring_potter0_20": 0.1, "large_room_sparse20": 0.0, "large_room_potter0_20": 0.65}
[pair_H] {"steps": 215040, "elapsed_s": 167.0, "coordination_ring_sparse20": 2.0, "coordination_ring_potter0_20": 0.05, "large_room_sparse20": 0.0, "large_room_potter0_20": 0.5}
[pair_H] {"steps": 217088, "elapsed_s": 168.9, "coordination_ring_sparse20": 2.0, "coordination_ring_potter0_20": 0.0, "large_room_sparse20": 0.0, "large_room_potter0_20": 0.5}
[pair_H] {"steps": 219136, "elapsed_s": 170.9, "coordination_ring_sparse20": 2.0, "coordination_ring_potter0_20": 0.05, "large_room_sparse20": 0.0, "large_room_potter0_20": 0.5}
[pair_H] {"steps": 221184, "elapsed_s": 173.4, "coordination_ring_sparse20": 1.0, "coordination_ring_potter0_20": 0.05, "large_room_sparse20": 0.0, "large_room_potter0_20": 0.55}
[pair_H] {"steps": 223232, "elapsed_s": 176.1, "coordination_ring_sparse20": 1.0, "coordination_ring_potter0_20": 0.05, "large_room_sparse20": 0.0, "large_room_potter0_20": 0.55}
[pair_H] {"steps": 225280, "elapsed_s": 178.6, "coordination_ring_sparse20": 1.0, "coordination_ring_potter0_20": 0.1, "large_room_sparse20": 0.0, "large_room_potter0_20": 0.5}
[pair_H] {"steps": 227328, "elapsed_s": 181.2, "coordination_ring_sparse20": 1.0, "coordination_ring_potter0_20": 0.1, "large_room_sparse20": 0.0, "large_room_potter0_20": 0.4}
[pair_H] {"steps": 229376, "elapsed_s": 183.9, "coordination_ring_sparse20": 0.0, "coordination_ring_potter0_20": 0.1, "large_room_sparse20": 0.0, "large_room_potter0_20": 0.45}
[pair_H] {"steps": 231424, "elapsed_s": 186.2, "coordination_ring_sparse20": 0.0, "coordination_ring_potter0_20": 0.05, "large_room_sparse20": 0.0, "large_room_potter0_20": 0.4}
[pair_H] {"steps": 233472, "elapsed_s": 188.7, "coordination_ring_sparse20": 1.0, "coordination_ring_potter0_20": 0.05, "large_room_sparse20": 0.0, "large_room_potter0_20": 0.45}
[pair_H] {"steps": 235520, "elapsed_s": 190.6, "coordination_ring_sparse20": 1.0, "coordination_ring_potter0_20": 0.05, "large_room_sparse20": 0.0, "large_room_potter0_20": 0.5}
[pair_H] {"steps": 237568, "elapsed_s": 192.5, "coordination_ring_sparse20": 2.0, "coordination_ring_potter0_20": 0.1, "large_room_sparse20": 0.0, "large_room_potter0_20": 0.45}
[pair_H] {"steps": 239616, "elapsed_s": 194.1, "coordination_ring_sparse20": 2.0, "coordination_ring_potter0_20": 0.1, "large_room_sparse20": 0.0, "large_room_potter0_20": 0.45}
[pair_H] {"steps": 241664, "elapsed_s": 195.7, "coordination_ring_sparse20": 2.0, "coordination_ring_potter0_20": 0.05, "large_room_sparse20": 0.0, "large_room_potter0_20": 0.45}
[pair_H] {"steps": 243712, "elapsed_s": 197.4, "coordination_ring_sparse20": 2.0, "coordination_ring_potter0_20": 0.05, "large_room_sparse20": 0.0, "large_room_potter0_20": 0.4}
[pair_H] {"steps": 245760, "elapsed_s": 199.1, "coordination_ring_sparse20": 2.0, "coordination_ring_potter0_20": 0.05, "large_room_sparse20": 0.0, "large_room_potter0_20": 0.35}
[pair_H] {"steps": 247808, "elapsed_s": 200.7, "coordination_ring_sparse20": 2.0, "coordination_ring_potter0_20": 0.05, "large_room_sparse20": 0.0, "large_room_potter0_20": 0.35}
[pair_H] {"steps": 249856, "elapsed_s": 202.3, "coordination_ring_sparse20": 2.0, "coordination_ring_potter0_20": 0.05, "large_room_sparse20": 0.0, "large_room_potter0_20": 0.4}
[pair_H] {"steps": 251904, "elapsed_s": 204.0, "coordination_ring_sparse20": 2.0, "coordination_ring_potter0_20": 0.05, "large_room_sparse20": 0.0, "large_room_potter0_20": 0.5}
[pair_H] {"steps": 253952, "elapsed_s": 205.7, "coordination_ring_sparse20": 2.0, "coordination_ring_potter0_20": 0.05, "large_room_sparse20": 0.0, "large_room_potter0_20": 0.45}
[pair_H] {"steps": 256000, "elapsed_s": 207.5, "coordination_ring_sparse20": 2.0, "coordination_ring_potter0_20": 0.0, "large_room_sparse20": 0.0, "large_room_potter0_20": 0.5}
[pair_H] {"steps": 258048, "elapsed_s": 209.0, "coordination_ring_sparse20": 3.0, "coordination_ring_potter0_20": 0.0, "large_room_sparse20": 0.0, "large_room_potter0_20": 0.5}
[pair_H] {"steps": 260096, "elapsed_s": 210.7, "coordination_ring_sparse20": 3.0, "coordination_ring_potter0_20": 0.0, "large_room_sparse20": 0.0, "large_room_potter0_20": 0.55}
[pair_H] {"steps": 262144, "elapsed_s": 212.4, "coordination_ring_sparse20": 3.0, "coordination_ring_potter0_20": 0.05, "large_room_sparse20": 0.0, "large_room_potter0_20": 0.55}
[pair_H] {"steps": 264192, "elapsed_s": 214.1, "coordination_ring_sparse20": 3.0, "coordination_ring_potter0_20": 0.1, "large_room_sparse20": 0.0, "large_room_potter0_20": 0.5}
[pair_H] {"steps": 266240, "elapsed_s": 216.2, "coordination_ring_sparse20": 3.0, "coordination_ring_potter0_20": 0.1, "large_room_sparse20": 0.0, "large_room_potter0_20": 0.35}
[pair_H] {"steps": 268288, "elapsed_s": 218.0, "coordination_ring_sparse20": 3.0, "coordination_ring_potter0_20": 0.1, "large_room_sparse20": 0.0, "large_room_potter0_20": 0.3}
[pair_H] {"steps": 270336, "elapsed_s": 219.9, "coordination_ring_sparse20": 4.0, "coordination_ring_potter0_20": 0.1, "large_room_sparse20": 0.0, "large_room_potter0_20": 0.35}
[pair_H] {"steps": 272384, "elapsed_s": 222.0, "coordination_ring_sparse20": 5.0, "coordination_ring_potter0_20": 0.1, "large_room_sparse20": 0.0, "large_room_potter0_20": 0.45}
[pair_H] {"steps": 274432, "elapsed_s": 224.2, "coordination_ring_sparse20": 4.0, "coordination_ring_potter0_20": 0.1, "large_room_sparse20": 0.0, "large_room_potter0_20": 0.5}
[pair_H] {"steps": 276480, "elapsed_s": 226.1, "coordination_ring_sparse20": 4.0, "coordination_ring_potter0_20": 0.05, "large_room_sparse20": 0.0, "large_room_potter0_20": 0.45}
[pair_H] {"steps": 278528, "elapsed_s": 228.1, "coordination_ring_sparse20": 4.0, "coordination_ring_potter0_20": 0.05, "large_room_sparse20": 0.0, "large_room_potter0_20": 0.45}
[pair_H] {"steps": 280576, "elapsed_s": 230.1, "coordination_ring_sparse20": 4.0, "coordination_ring_potter0_20": 0.0, "large_room_sparse20": 0.0, "large_room_potter0_20": 0.45}
[pair_H] {"steps": 282624, "elapsed_s": 231.9, "coordination_ring_sparse20": 4.0, "coordination_ring_potter0_20": 0.0, "large_room_sparse20": 0.0, "large_room_potter0_20": 0.5}
[pair_H] {"steps": 284672, "elapsed_s": 233.7, "coordination_ring_sparse20": 3.0, "coordination_ring_potter0_20": 0.05, "large_room_sparse20": 0.0, "large_room_potter0_20": 0.55}
[pair_H] {"steps": 286720, "elapsed_s": 235.5, "coordination_ring_sparse20": 3.0, "coordination_ring_potter0_20": 0.1, "large_room_sparse20": 0.0, "large_room_potter0_20": 0.6}
[pair_H] {"steps": 288768, "elapsed_s": 237.7, "coordination_ring_sparse20": 4.0, "coordination_ring_potter0_20": 0.1, "large_room_sparse20": 0.0, "large_room_potter0_20": 0.6}
[pair_H] {"steps": 290816, "elapsed_s": 240.0, "coordination_ring_sparse20": 3.0, "coordination_ring_potter0_20": 0.1, "large_room_sparse20": 0.0, "large_room_potter0_20": 0.6}
[pair_H] {"steps": 292864, "elapsed_s": 241.8, "coordination_ring_sparse20": 3.0, "coordination_ring_potter0_20": 0.1, "large_room_sparse20": 0.0, "large_room_potter0_20": 0.5}
[pair_H] {"steps": 294912, "elapsed_s": 243.7, "coordination_ring_sparse20": 3.0, "coordination_ring_potter0_20": 0.1, "large_room_sparse20": 0.0, "large_room_potter0_20": 0.45}
[pair_H] {"steps": 296960, "elapsed_s": 245.7, "coordination_ring_sparse20": 3.0, "coordination_ring_potter0_20": 0.1, "large_room_sparse20": 0.0, "large_room_potter0_20": 0.35}
[pair_H] {"steps": 299008, "elapsed_s": 247.7, "coordination_ring_sparse20": 2.0, "coordination_ring_potter0_20": 0.05, "large_room_sparse20": 0.0, "large_room_potter0_20": 0.3}
[pair_H] {"steps": 301056, "elapsed_s": 249.8, "coordination_ring_sparse20": 1.0, "coordination_ring_potter0_20": 0.05, "large_room_sparse20": 0.0, "large_room_potter0_20": 0.25}
[pair_H] {"steps": 303104, "elapsed_s": 251.6, "coordination_ring_sparse20": 1.0, "coordination_ring_potter0_20": 0.05, "large_room_sparse20": 0.0, "large_room_potter0_20": 0.15}
[pair_H] {"steps": 305152, "elapsed_s": 253.3, "coordination_ring_sparse20": 0.0, "coordination_ring_potter0_20": 0.05, "large_room_sparse20": 0.0, "large_room_potter0_20": 0.1}
[pair_H] {"steps": 307200, "elapsed_s": 255.0, "coordination_ring_sparse20": 0.0, "coordination_ring_potter0_20": 0.05, "large_room_sparse20": 0.0, "large_room_potter0_20": 0.1}
[pair_H] {"steps": 309248, "elapsed_s": 256.9, "coordination_ring_sparse20": 1.0, "coordination_ring_potter0_20": 0.05, "large_room_sparse20": 0.0, "large_room_potter0_20": 0.05}
[pair_H] {"steps": 311296, "elapsed_s": 259.3, "coordination_ring_sparse20": 1.0, "coordination_ring_potter0_20": 0.05, "large_room_sparse20": 0.0, "large_room_potter0_20": 0.05}
[pair_H] {"steps": 313344, "elapsed_s": 261.7, "coordination_ring_sparse20": 1.0, "coordination_ring_potter0_20": 0.05, "large_room_sparse20": 0.0, "large_room_potter0_20": 0.05}
[pair_H] {"steps": 315392, "elapsed_s": 264.2, "coordination_ring_sparse20": 1.0, "coordination_ring_potter0_20": 0.05, "large_room_sparse20": 0.0, "large_room_potter0_20": 0.05}
[pair_H] {"steps": 317440, "elapsed_s": 266.7, "coordination_ring_sparse20": 1.0, "coordination_ring_potter0_20": 0.05, "large_room_sparse20": 0.0, "large_room_potter0_20": 0.1}
[pair_H] {"steps": 319488, "elapsed_s": 269.0, "coordination_ring_sparse20": 1.0, "coordination_ring_potter0_20": 0.05, "large_room_sparse20": 0.0, "large_room_potter0_20": 0.05}
[pair_H] {"steps": 321536, "elapsed_s": 271.0, "coordination_ring_sparse20": 1.0, "coordination_ring_potter0_20": 0.0, "large_room_sparse20": 0.0, "large_room_potter0_20": 0.1}
[pair_H] {"steps": 323584, "elapsed_s": 272.9, "coordination_ring_sparse20": 2.0, "coordination_ring_potter0_20": 0.1, "large_room_sparse20": 0.0, "large_room_potter0_20": 0.1}
[pair_H] {"steps": 325632, "elapsed_s": 275.1, "coordination_ring_sparse20": 1.0, "coordination_ring_potter0_20": 0.1, "large_room_sparse20": 0.0, "large_room_potter0_20": 0.1}
[pair_H] {"steps": 327680, "elapsed_s": 277.3, "coordination_ring_sparse20": 1.0, "coordination_ring_potter0_20": 0.1, "large_room_sparse20": 0.0, "large_room_potter0_20": 0.1}
[pair_H] {"steps": 329728, "elapsed_s": 279.4, "coordination_ring_sparse20": 2.0, "coordination_ring_potter0_20": 0.1, "large_room_sparse20": 0.0, "large_room_potter0_20": 0.15}
[pair_H] {"steps": 331776, "elapsed_s": 281.6, "coordination_ring_sparse20": 2.0, "coordination_ring_potter0_20": 0.15, "large_room_sparse20": 0.0, "large_room_potter0_20": 0.15}
[pair_H] {"steps": 333824, "elapsed_s": 283.9, "coordination_ring_sparse20": 1.0, "coordination_ring_potter0_20": 0.05, "large_room_sparse20": 0.0, "large_room_potter0_20": 0.15}
[pair_H] {"steps": 335872, "elapsed_s": 286.3, "coordination_ring_sparse20": 2.0, "coordination_ring_potter0_20": 0.1, "large_room_sparse20": 0.0, "large_room_potter0_20": 0.15}
[pair_H] {"steps": 337920, "elapsed_s": 288.6, "coordination_ring_sparse20": 4.0, "coordination_ring_potter0_20": 0.15, "large_room_sparse20": 0.0, "large_room_potter0_20": 0.1}
[pair_H] {"steps": 339968, "elapsed_s": 290.9, "coordination_ring_sparse20": 4.0, "coordination_ring_potter0_20": 0.2, "large_room_sparse20": 0.0, "large_room_potter0_20": 0.1}
[pair_H] {"steps": 342016, "elapsed_s": 293.4, "coordination_ring_sparse20": 3.0, "coordination_ring_potter0_20": 0.25, "large_room_sparse20": 0.0, "large_room_potter0_20": 0.1}
[pair_H] {"steps": 344064, "elapsed_s": 295.6, "coordination_ring_sparse20": 4.0, "coordination_ring_potter0_20": 0.2, "large_room_sparse20": 0.0, "large_room_potter0_20": 0.05}
[pair_H] {"steps": 346112, "elapsed_s": 297.7, "coordination_ring_sparse20": 6.0, "coordination_ring_potter0_20": 0.2, "large_room_sparse20": 0.0, "large_room_potter0_20": 0.05}
[pair_H] {"steps": 348160, "elapsed_s": 299.8, "coordination_ring_sparse20": 6.0, "coordination_ring_potter0_20": 0.2, "large_room_sparse20": 0.0, "large_room_potter0_20": 0.05}
[pair_H] {"steps": 350208, "elapsed_s": 302.0, "coordination_ring_sparse20": 5.0, "coordination_ring_potter0_20": 0.15, "large_room_sparse20": 0.0, "large_room_potter0_20": 0.0}
[pair_H] {"steps": 352256, "elapsed_s": 303.6, "coordination_ring_sparse20": 5.0, "coordination_ring_potter0_20": 0.15, "large_room_sparse20": 0.0, "large_room_potter0_20": 0.0}
[pair_H] {"steps": 354304, "elapsed_s": 306.0, "coordination_ring_sparse20": 3.0, "coordination_ring_potter0_20": 0.1, "large_room_sparse20": 0.0, "large_room_potter0_20": 0.1}
[pair_H] {"steps": 356352, "elapsed_s": 308.1, "coordination_ring_sparse20": 3.0, "coordination_ring_potter0_20": 0.0, "large_room_sparse20": 0.0, "large_room_potter0_20": 0.1}
[pair_H] {"steps": 358400, "elapsed_s": 310.1, "coordination_ring_sparse20": 1.0, "coordination_ring_potter0_20": 0.05, "large_room_sparse20": 0.0, "large_room_potter0_20": 0.1}
[pair_H] {"steps": 360448, "elapsed_s": 312.3, "coordination_ring_sparse20": 2.0, "coordination_ring_potter0_20": 0.05, "large_room_sparse20": 0.0, "large_room_potter0_20": 0.15}
[pair_H] {"steps": 362496, "elapsed_s": 314.4, "coordination_ring_sparse20": 2.0, "coordination_ring_potter0_20": 0.05, "large_room_sparse20": 0.0, "large_room_potter0_20": 0.15}
[pair_H] {"steps": 364544, "elapsed_s": 316.6, "coordination_ring_sparse20": 2.0, "coordination_ring_potter0_20": 0.05, "large_room_sparse20": 0.0, "large_room_potter0_20": 0.2}
[pair_H] {"steps": 366592, "elapsed_s": 318.8, "coordination_ring_sparse20": 2.0, "coordination_ring_potter0_20": 0.05, "large_room_sparse20": 0.0, "large_room_potter0_20": 0.25}
[pair_H] {"steps": 368640, "elapsed_s": 321.0, "coordination_ring_sparse20": 2.0, "coordination_ring_potter0_20": 0.05, "large_room_sparse20": 0.0, "large_room_potter0_20": 0.35}
[pair_H] {"steps": 370688, "elapsed_s": 323.2, "coordination_ring_sparse20": 2.0, "coordination_ring_potter0_20": 0.05, "large_room_sparse20": 0.0, "large_room_potter0_20": 0.3}
[pair_H] {"steps": 372736, "elapsed_s": 325.3, "coordination_ring_sparse20": 2.0, "coordination_ring_potter0_20": 0.05, "large_room_sparse20": 0.0, "large_room_potter0_20": 0.3}
[pair_H] {"steps": 374784, "elapsed_s": 327.7, "coordination_ring_sparse20": 2.0, "coordination_ring_potter0_20": 0.05, "large_room_sparse20": 0.0, "large_room_potter0_20": 0.3}
[pair_H] {"steps": 376832, "elapsed_s": 329.8, "coordination_ring_sparse20": 2.0, "coordination_ring_potter0_20": 0.05, "large_room_sparse20": 0.0, "large_room_potter0_20": 0.25}
[pair_H] {"steps": 378880, "elapsed_s": 331.8, "coordination_ring_sparse20": 1.0, "coordination_ring_potter0_20": 0.0, "large_room_sparse20": 0.0, "large_room_potter0_20": 0.25}
[pair_H] {"steps": 380928, "elapsed_s": 334.0, "coordination_ring_sparse20": 1.0, "coordination_ring_potter0_20": 0.0, "large_room_sparse20": 0.0, "large_room_potter0_20": 0.3}
[pair_H] {"steps": 382976, "elapsed_s": 336.2, "coordination_ring_sparse20": 1.0, "coordination_ring_potter0_20": 0.0, "large_room_sparse20": 0.0, "large_room_potter0_20": 0.25}
[pair_H] {"steps": 385024, "elapsed_s": 338.2, "coordination_ring_sparse20": 1.0, "coordination_ring_potter0_20": 0.0, "large_room_sparse20": 0.0, "large_room_potter0_20": 0.2}
[pair_H] {"steps": 387072, "elapsed_s": 340.6, "coordination_ring_sparse20": 1.0, "coordination_ring_potter0_20": 0.05, "large_room_sparse20": 0.0, "large_room_potter0_20": 0.15}
[pair_H] {"steps": 389120, "elapsed_s": 343.0, "coordination_ring_sparse20": 0.0, "coordination_ring_potter0_20": 0.05, "large_room_sparse20": 0.0, "large_room_potter0_20": 0.15}
[pair_H] {"steps": 391168, "elapsed_s": 345.3, "coordination_ring_sparse20": 0.0, "coordination_ring_potter0_20": 0.1, "large_room_sparse20": 0.0, "large_room_potter0_20": 0.15}
[pair_H] {"steps": 393216, "elapsed_s": 347.3, "coordination_ring_sparse20": 0.0, "coordination_ring_potter0_20": 0.1, "large_room_sparse20": 0.0, "large_room_potter0_20": 0.2}
[pair_H] {"steps": 395264, "elapsed_s": 349.7, "coordination_ring_sparse20": 0.0, "coordination_ring_potter0_20": 0.1, "large_room_sparse20": 0.0, "large_room_potter0_20": 0.15}
[pair_H] {"steps": 397312, "elapsed_s": 352.0, "coordination_ring_sparse20": 1.0, "coordination_ring_potter0_20": 0.1, "large_room_sparse20": 0.0, "large_room_potter0_20": 0.1}
[pair_H] {"steps": 399360, "elapsed_s": 353.9, "coordination_ring_sparse20": 1.0, "coordination_ring_potter0_20": 0.1, "large_room_sparse20": 0.0, "large_room_potter0_20": 0.1}
[pair_H] {"steps": 401408, "elapsed_s": 356.2, "coordination_ring_sparse20": 2.0, "coordination_ring_potter0_20": 0.1, "large_room_sparse20": 0.0, "large_room_potter0_20": 0.1}
[pair_H] {"steps": 403456, "elapsed_s": 358.9, "coordination_ring_sparse20": 2.0, "coordination_ring_potter0_20": 0.1, "large_room_sparse20": 0.0, "large_room_potter0_20": 0.1}
[pair_H] {"steps": 405504, "elapsed_s": 360.8, "coordination_ring_sparse20": 2.0, "coordination_ring_potter0_20": 0.05, "large_room_sparse20": 0.0, "large_room_potter0_20": 0.1}
[pair_H] {"steps": 407552, "elapsed_s": 362.8, "coordination_ring_sparse20": 2.0, "coordination_ring_potter0_20": 0.05, "large_room_sparse20": 0.0, "large_room_potter0_20": 0.1}
[pair_H] {"steps": 409600, "elapsed_s": 365.0, "coordination_ring_sparse20": 2.0, "coordination_ring_potter0_20": 0.05, "large_room_sparse20": 0.0, "large_room_potter0_20": 0.05}
[pair_H] {"steps": 411648, "elapsed_s": 366.9, "coordination_ring_sparse20": 1.0, "coordination_ring_potter0_20": 0.1, "large_room_sparse20": 0.0, "large_room_potter0_20": 0.05}
[pair_H] {"steps": 413696, "elapsed_s": 369.3, "coordination_ring_sparse20": 1.0, "coordination_ring_potter0_20": 0.05, "large_room_sparse20": 0.0, "large_room_potter0_20": 0.05}
[pair_H] {"steps": 415744, "elapsed_s": 371.8, "coordination_ring_sparse20": 0.0, "coordination_ring_potter0_20": 0.1, "large_room_sparse20": 0.0, "large_room_potter0_20": 0.0}
[pair_H] {"steps": 417792, "elapsed_s": 374.3, "coordination_ring_sparse20": 1.0, "coordination_ring_potter0_20": 0.1, "large_room_sparse20": 0.0, "large_room_potter0_20": 0.15}
[pair_H] {"steps": 419840, "elapsed_s": 376.4, "coordination_ring_sparse20": 2.0, "coordination_ring_potter0_20": 0.1, "large_room_sparse20": 0.0, "large_room_potter0_20": 0.15}
[pair_H] {"steps": 421888, "elapsed_s": 378.2, "coordination_ring_sparse20": 5.0, "coordination_ring_potter0_20": 0.1, "large_room_sparse20": 0.0, "large_room_potter0_20": 0.15}
[pair_H] {"steps": 423936, "elapsed_s": 380.2, "coordination_ring_sparse20": 5.0, "coordination_ring_potter0_20": 0.25, "large_room_sparse20": 0.0, "large_room_potter0_20": 0.15}
[pair_H] {"steps": 425984, "elapsed_s": 382.9, "coordination_ring_sparse20": 5.0, "coordination_ring_potter0_20": 0.2, "large_room_sparse20": 0.0, "large_room_potter0_20": 0.2}
[pair_H] {"steps": 428032, "elapsed_s": 385.3, "coordination_ring_sparse20": 7.0, "coordination_ring_potter0_20": 0.2, "large_room_sparse20": 0.0, "large_room_potter0_20": 0.25}
[pair_H] {"steps": 430080, "elapsed_s": 387.4, "coordination_ring_sparse20": 10.0, "coordination_ring_potter0_20": 0.2, "large_room_sparse20": 0.0, "large_room_potter0_20": 0.25}
[pair_H] {"steps": 432128, "elapsed_s": 390.4, "coordination_ring_sparse20": 10.0, "coordination_ring_potter0_20": 0.2, "large_room_sparse20": 0.0, "large_room_potter0_20": 0.2}
[pair_H] {"steps": 434176, "elapsed_s": 392.9, "coordination_ring_sparse20": 8.0, "coordination_ring_potter0_20": 0.2, "large_room_sparse20": 0.0, "large_room_potter0_20": 0.15}
[pair_H] {"steps": 436224, "elapsed_s": 395.3, "coordination_ring_sparse20": 8.0, "coordination_ring_potter0_20": 0.2, "large_room_sparse20": 0.0, "large_room_potter0_20": 0.15}
[pair_H] {"steps": 438272, "elapsed_s": 397.7, "coordination_ring_sparse20": 7.0, "coordination_ring_potter0_20": 0.2, "large_room_sparse20": 0.0, "large_room_potter0_20": 0.15}
[pair_H] {"steps": 440320, "elapsed_s": 400.2, "coordination_ring_sparse20": 7.0, "coordination_ring_potter0_20": 0.2, "large_room_sparse20": 0.0, "large_room_potter0_20": 0.25}
[pair_H] {"steps": 442368, "elapsed_s": 402.8, "coordination_ring_sparse20": 8.0, "coordination_ring_potter0_20": 0.15, "large_room_sparse20": 0.0, "large_room_potter0_20": 0.3}
[pair_H] {"steps": 444416, "elapsed_s": 405.2, "coordination_ring_sparse20": 8.0, "coordination_ring_potter0_20": 0.05, "large_room_sparse20": 0.0, "large_room_potter0_20": 0.3}
[pair_H] {"steps": 446464, "elapsed_s": 407.6, "coordination_ring_sparse20": 9.0, "coordination_ring_potter0_20": 0.1, "large_room_sparse20": 0.0, "large_room_potter0_20": 0.25}
[pair_H] {"steps": 448512, "elapsed_s": 409.9, "coordination_ring_sparse20": 6.0, "coordination_ring_potter0_20": 0.1, "large_room_sparse20": 0.0, "large_room_potter0_20": 0.25}
[pair_H] {"steps": 450560, "elapsed_s": 412.2, "coordination_ring_sparse20": 6.0, "coordination_ring_potter0_20": 0.05, "large_room_sparse20": 0.0, "large_room_potter0_20": 0.3}
[pair_H] {"steps": 452608, "elapsed_s": 414.4, "coordination_ring_sparse20": 6.0, "coordination_ring_potter0_20": 0.05, "large_room_sparse20": 0.0, "large_room_potter0_20": 0.3}
[pair_H] {"steps": 454656, "elapsed_s": 417.0, "coordination_ring_sparse20": 6.0, "coordination_ring_potter0_20": 0.05, "large_room_sparse20": 0.0, "large_room_potter0_20": 0.2}
[pair_H] {"steps": 456704, "elapsed_s": 419.3, "coordination_ring_sparse20": 5.0, "coordination_ring_potter0_20": 0.05, "large_room_sparse20": 0.0, "large_room_potter0_20": 0.25}
[pair_H] {"steps": 458752, "elapsed_s": 421.6, "coordination_ring_sparse20": 5.0, "coordination_ring_potter0_20": 0.05, "large_room_sparse20": 0.0, "large_room_potter0_20": 0.3}
[pair_H] {"steps": 460800, "elapsed_s": 424.2, "coordination_ring_sparse20": 4.0, "coordination_ring_potter0_20": 0.05, "large_room_sparse20": 0.0, "large_room_potter0_20": 0.3}
[pair_H] {"steps": 462848, "elapsed_s": 426.9, "coordination_ring_sparse20": 4.0, "coordination_ring_potter0_20": 0.05, "large_room_sparse20": 0.0, "large_room_potter0_20": 0.2}
[pair_H] {"steps": 464896, "elapsed_s": 429.2, "coordination_ring_sparse20": 2.0, "coordination_ring_potter0_20": 0.0, "large_room_sparse20": 0.0, "large_room_potter0_20": 0.2}
[pair_H] {"steps": 466944, "elapsed_s": 431.4, "coordination_ring_sparse20": 4.0, "coordination_ring_potter0_20": 0.0, "large_room_sparse20": 0.0, "large_room_potter0_20": 0.2}
[pair_H] {"steps": 468992, "elapsed_s": 433.2, "coordination_ring_sparse20": 6.0, "coordination_ring_potter0_20": 0.0, "large_room_sparse20": 0.0, "large_room_potter0_20": 0.25}
[pair_H] {"steps": 471040, "elapsed_s": 435.3, "coordination_ring_sparse20": 8.0, "coordination_ring_potter0_20": 0.0, "large_room_sparse20": 0.0, "large_room_potter0_20": 0.2}
[pair_H] {"steps": 473088, "elapsed_s": 437.2, "coordination_ring_sparse20": 7.0, "coordination_ring_potter0_20": 0.0, "large_room_sparse20": 0.0, "large_room_potter0_20": 0.15}
[pair_H] {"steps": 475136, "elapsed_s": 439.4, "coordination_ring_sparse20": 10.0, "coordination_ring_potter0_20": 0.0, "large_room_sparse20": 0.0, "large_room_potter0_20": 0.2}
[pair_H] {"steps": 477184, "elapsed_s": 441.6, "coordination_ring_sparse20": 9.0, "coordination_ring_potter0_20": 0.05, "large_room_sparse20": 0.0, "large_room_potter0_20": 0.2}
[pair_H] {"steps": 479232, "elapsed_s": 444.1, "coordination_ring_sparse20": 9.0, "coordination_ring_potter0_20": 0.1, "large_room_sparse20": 0.0, "large_room_potter0_20": 0.15}
[pair_H] {"steps": 481280, "elapsed_s": 446.1, "coordination_ring_sparse20": 7.0, "coordination_ring_potter0_20": 0.1, "large_room_sparse20": 0.0, "large_room_potter0_20": 0.15}
[pair_H] {"steps": 483328, "elapsed_s": 448.7, "coordination_ring_sparse20": 7.0, "coordination_ring_potter0_20": 0.1, "large_room_sparse20": 0.0, "large_room_potter0_20": 0.2}
[pair_H] {"steps": 485376, "elapsed_s": 451.3, "coordination_ring_sparse20": 7.0, "coordination_ring_potter0_20": 0.15, "large_room_sparse20": 0.0, "large_room_potter0_20": 0.2}
[pair_H] {"steps": 487424, "elapsed_s": 453.6, "coordination_ring_sparse20": 5.0, "coordination_ring_potter0_20": 0.15, "large_room_sparse20": 0.0, "large_room_potter0_20": 0.2}
[pair_H] {"steps": 489472, "elapsed_s": 455.6, "coordination_ring_sparse20": 5.0, "coordination_ring_potter0_20": 0.15, "large_room_sparse20": 0.0, "large_room_potter0_20": 0.15}
[pair_H] {"steps": 491520, "elapsed_s": 457.8, "coordination_ring_sparse20": 5.0, "coordination_ring_potter0_20": 0.15, "large_room_sparse20": 0.0, "large_room_potter0_20": 0.1}
[pair_H] {"steps": 493568, "elapsed_s": 459.8, "coordination_ring_sparse20": 3.0, "coordination_ring_potter0_20": 0.05, "large_room_sparse20": 0.0, "large_room_potter0_20": 0.05}
[pair_H] {"steps": 495616, "elapsed_s": 461.9, "coordination_ring_sparse20": 2.0, "coordination_ring_potter0_20": 0.05, "large_room_sparse20": 0.0, "large_room_potter0_20": 0.05}
[pair_H] {"steps": 497664, "elapsed_s": 464.6, "coordination_ring_sparse20": 4.0, "coordination_ring_potter0_20": 0.1, "large_room_sparse20": 0.0, "large_room_potter0_20": 0.05}
[pair_H] {"steps": 499712, "elapsed_s": 467.0, "coordination_ring_sparse20": 5.0, "coordination_ring_potter0_20": 0.1, "large_room_sparse20": 0.0, "large_room_potter0_20": 0.1}
[pair_H] {"steps": 501760, "elapsed_s": 469.1, "coordination_ring_sparse20": 4.0, "coordination_ring_potter0_20": 0.1, "large_room_sparse20": 0.0, "large_room_potter0_20": 0.05}
[pair_H] {"steps": 503808, "elapsed_s": 471.3, "coordination_ring_sparse20": 6.0, "coordination_ring_potter0_20": 0.1, "large_room_sparse20": 0.0, "large_room_potter0_20": 0.05}
[pair_H] {"steps": 505856, "elapsed_s": 473.6, "coordination_ring_sparse20": 7.0, "coordination_ring_potter0_20": 0.1, "large_room_sparse20": 0.0, "large_room_potter0_20": 0.05}
[pair_H] {"steps": 507904, "elapsed_s": 476.1, "coordination_ring_sparse20": 7.0, "coordination_ring_potter0_20": 0.1, "large_room_sparse20": 0.0, "large_room_potter0_20": 0.1}
[pair_H] {"steps": 509952, "elapsed_s": 478.6, "coordination_ring_sparse20": 7.0, "coordination_ring_potter0_20": 0.1, "large_room_sparse20": 0.0, "large_room_potter0_20": 0.15}
[pair_H] {"steps": 512000, "elapsed_s": 481.1, "coordination_ring_sparse20": 5.0, "coordination_ring_potter0_20": 0.1, "large_room_sparse20": 0.0, "large_room_potter0_20": 0.2}
[pair_H] {"steps": 514048, "elapsed_s": 483.4, "coordination_ring_sparse20": 5.0, "coordination_ring_potter0_20": 0.05, "large_room_sparse20": 0.0, "large_room_potter0_20": 0.25}
[pair_H] {"steps": 516096, "elapsed_s": 485.4, "coordination_ring_sparse20": 5.0, "coordination_ring_potter0_20": 0.05, "large_room_sparse20": 0.0, "large_room_potter0_20": 0.3}
[pair_H] {"steps": 518144, "elapsed_s": 487.4, "coordination_ring_sparse20": 6.0, "coordination_ring_potter0_20": 0.0, "large_room_sparse20": 0.0, "large_room_potter0_20": 0.4}
[pair_H] {"steps": 520192, "elapsed_s": 490.1, "coordination_ring_sparse20": 6.0, "coordination_ring_potter0_20": 0.0, "large_room_sparse20": 0.0, "large_room_potter0_20": 0.4}
[pair_H] {"steps": 522240, "elapsed_s": 491.9, "coordination_ring_sparse20": 7.0, "coordination_ring_potter0_20": 0.0, "large_room_sparse20": 0.0, "large_room_potter0_20": 0.4}
[pair_H] {"steps": 524288, "elapsed_s": 493.5, "coordination_ring_sparse20": 6.0, "coordination_ring_potter0_20": 0.0, "large_room_sparse20": 0.0, "large_room_potter0_20": 0.35}
[pair_H] {"steps": 526336, "elapsed_s": 495.3, "coordination_ring_sparse20": 6.0, "coordination_ring_potter0_20": 0.0, "large_room_sparse20": 0.0, "large_room_potter0_20": 0.35}
[pair_H] {"steps": 528384, "elapsed_s": 497.4, "coordination_ring_sparse20": 6.0, "coordination_ring_potter0_20": 0.0, "large_room_sparse20": 0.0, "large_room_potter0_20": 0.35}
[pair_H] {"steps": 530432, "elapsed_s": 500.0, "coordination_ring_sparse20": 6.0, "coordination_ring_potter0_20": 0.0, "large_room_sparse20": 0.0, "large_room_potter0_20": 0.3}
[pair_H] {"steps": 532480, "elapsed_s": 502.6, "coordination_ring_sparse20": 4.0, "coordination_ring_potter0_20": 0.0, "large_room_sparse20": 0.0, "large_room_potter0_20": 0.3}
[pair_H] {"steps": 534528, "elapsed_s": 504.9, "coordination_ring_sparse20": 4.0, "coordination_ring_potter0_20": 0.0, "large_room_sparse20": 0.0, "large_room_potter0_20": 0.2}
[pair_H] {"steps": 536576, "elapsed_s": 507.1, "coordination_ring_sparse20": 4.0, "coordination_ring_potter0_20": 0.0, "large_room_sparse20": 0.0, "large_room_potter0_20": 0.25}
[pair_H] {"steps": 538624, "elapsed_s": 509.3, "coordination_ring_sparse20": 5.0, "coordination_ring_potter0_20": 0.05, "large_room_sparse20": 0.0, "large_room_potter0_20": 0.3}
[pair_H] {"steps": 540672, "elapsed_s": 511.2, "coordination_ring_sparse20": 5.0, "coordination_ring_potter0_20": 0.05, "large_room_sparse20": 0.0, "large_room_potter0_20": 0.4}
[pair_H] {"steps": 542720, "elapsed_s": 513.1, "coordination_ring_sparse20": 5.0, "coordination_ring_potter0_20": 0.05, "large_room_sparse20": 0.0, "large_room_potter0_20": 0.4}
[pair_H] {"steps": 544768, "elapsed_s": 515.3, "coordination_ring_sparse20": 6.0, "coordination_ring_potter0_20": 0.05, "large_room_sparse20": 0.0, "large_room_potter0_20": 0.4}
[pair_H] {"steps": 546816, "elapsed_s": 517.5, "coordination_ring_sparse20": 7.0, "coordination_ring_potter0_20": 0.05, "large_room_sparse20": 0.0, "large_room_potter0_20": 0.4}
[pair_H] {"steps": 548864, "elapsed_s": 519.9, "coordination_ring_sparse20": 7.0, "coordination_ring_potter0_20": 0.05, "large_room_sparse20": 0.0, "large_room_potter0_20": 0.4}
[pair_H] {"steps": 550912, "elapsed_s": 521.9, "coordination_ring_sparse20": 7.0, "coordination_ring_potter0_20": 0.05, "large_room_sparse20": 0.0, "large_room_potter0_20": 0.35}
[pair_H] {"steps": 552960, "elapsed_s": 524.2, "coordination_ring_sparse20": 7.0, "coordination_ring_potter0_20": 0.05, "large_room_sparse20": 0.0, "large_room_potter0_20": 0.25}
[pair_H] {"steps": 555008, "elapsed_s": 526.5, "coordination_ring_sparse20": 7.0, "coordination_ring_potter0_20": 0.1, "large_room_sparse20": 0.0, "large_room_potter0_20": 0.15}
[pair_H] {"steps": 557056, "elapsed_s": 528.9, "coordination_ring_sparse20": 5.0, "coordination_ring_potter0_20": 0.05, "large_room_sparse20": 0.0, "large_room_potter0_20": 0.15}
[pair_H] {"steps": 559104, "elapsed_s": 530.9, "coordination_ring_sparse20": 4.0, "coordination_ring_potter0_20": 0.05, "large_room_sparse20": 0.0, "large_room_potter0_20": 0.15}
[pair_H] {"steps": 561152, "elapsed_s": 533.3, "coordination_ring_sparse20": 3.0, "coordination_ring_potter0_20": 0.05, "large_room_sparse20": 0.0, "large_room_potter0_20": 0.1}
[pair_H] {"steps": 563200, "elapsed_s": 535.1, "coordination_ring_sparse20": 5.0, "coordination_ring_potter0_20": 0.1, "large_room_sparse20": 0.0, "large_room_potter0_20": 0.1}
[pair_H] {"steps": 565248, "elapsed_s": 537.3, "coordination_ring_sparse20": 5.0, "coordination_ring_potter0_20": 0.1, "large_room_sparse20": 0.0, "large_room_potter0_20": 0.1}
[pair_H] {"steps": 567296, "elapsed_s": 539.7, "coordination_ring_sparse20": 7.0, "coordination_ring_potter0_20": 0.1, "large_room_sparse20": 0.0, "large_room_potter0_20": 0.15}
[pair_H] {"steps": 569344, "elapsed_s": 541.7, "coordination_ring_sparse20": 7.0, "coordination_ring_potter0_20": 0.05, "large_room_sparse20": 0.0, "large_room_potter0_20": 0.25}
[pair_H] {"steps": 571392, "elapsed_s": 544.5, "coordination_ring_sparse20": 7.0, "coordination_ring_potter0_20": 0.05, "large_room_sparse20": 0.0, "large_room_potter0_20": 0.25}
[pair_H] {"steps": 573440, "elapsed_s": 546.8, "coordination_ring_sparse20": 7.0, "coordination_ring_potter0_20": 0.05, "large_room_sparse20": 0.0, "large_room_potter0_20": 0.3}
[pair_H] {"steps": 575488, "elapsed_s": 549.5, "coordination_ring_sparse20": 6.0, "coordination_ring_potter0_20": 0.05, "large_room_sparse20": 0.0, "large_room_potter0_20": 0.35}
[pair_H] {"steps": 577536, "elapsed_s": 552.3, "coordination_ring_sparse20": 6.0, "coordination_ring_potter0_20": 0.05, "large_room_sparse20": 0.0, "large_room_potter0_20": 0.4}
[pair_H] {"steps": 579584, "elapsed_s": 554.5, "coordination_ring_sparse20": 7.0, "coordination_ring_potter0_20": 0.0, "large_room_sparse20": 0.0, "large_room_potter0_20": 0.4}
[pair_H] {"steps": 581632, "elapsed_s": 556.9, "coordination_ring_sparse20": 7.0, "coordination_ring_potter0_20": 0.0, "large_room_sparse20": 0.0, "large_room_potter0_20": 0.4}
[pair_H] {"steps": 583680, "elapsed_s": 559.3, "coordination_ring_sparse20": 9.0, "coordination_ring_potter0_20": 0.0, "large_room_sparse20": 0.0, "large_room_potter0_20": 0.4}
[pair_H] {"steps": 585728, "elapsed_s": 561.7, "coordination_ring_sparse20": 9.0, "coordination_ring_potter0_20": 0.0, "large_room_sparse20": 0.0, "large_room_potter0_20": 0.35}
[pair_H] {"steps": 587776, "elapsed_s": 564.6, "coordination_ring_sparse20": 11.0, "coordination_ring_potter0_20": 0.0, "large_room_sparse20": 0.0, "large_room_potter0_20": 0.4}
[pair_H] {"steps": 589824, "elapsed_s": 567.0, "coordination_ring_sparse20": 11.0, "coordination_ring_potter0_20": 0.0, "large_room_sparse20": 0.0, "large_room_potter0_20": 0.4}
[pair_H] {"steps": 591872, "elapsed_s": 569.7, "coordination_ring_sparse20": 10.0, "coordination_ring_potter0_20": 0.0, "large_room_sparse20": 0.0, "large_room_potter0_20": 0.45}
[pair_H] {"steps": 593920, "elapsed_s": 572.1, "coordination_ring_sparse20": 10.0, "coordination_ring_potter0_20": 0.0, "large_room_sparse20": 0.0, "large_room_potter0_20": 0.35}
[pair_H] {"steps": 595968, "elapsed_s": 574.5, "coordination_ring_sparse20": 10.0, "coordination_ring_potter0_20": 0.0, "large_room_sparse20": 0.0, "large_room_potter0_20": 0.35}
[pair_H] {"steps": 598016, "elapsed_s": 576.6, "coordination_ring_sparse20": 8.0, "coordination_ring_potter0_20": 0.0, "large_room_sparse20": 0.0, "large_room_potter0_20": 0.3}
[pair_H] {"steps": 600064, "elapsed_s": 578.8, "coordination_ring_sparse20": 8.0, "coordination_ring_potter0_20": 0.0, "large_room_sparse20": 0.0, "large_room_potter0_20": 0.35}
[pair_H] {"steps": 602112, "elapsed_s": 581.1, "coordination_ring_sparse20": 11.0, "coordination_ring_potter0_20": 0.0, "large_room_sparse20": 0.0, "large_room_potter0_20": 0.4}
[pair_H] {"steps": 604160, "elapsed_s": 583.4, "coordination_ring_sparse20": 11.0, "coordination_ring_potter0_20": 0.0, "large_room_sparse20": 0.0, "large_room_potter0_20": 0.35}
[pair_H] {"steps": 606208, "elapsed_s": 585.6, "coordination_ring_sparse20": 11.0, "coordination_ring_potter0_20": 0.0, "large_room_sparse20": 0.0, "large_room_potter0_20": 0.25}
[pair_H] {"steps": 608256, "elapsed_s": 588.0, "coordination_ring_sparse20": 13.0, "coordination_ring_potter0_20": 0.0, "large_room_sparse20": 0.0, "large_room_potter0_20": 0.25}
[pair_H] {"steps": 610304, "elapsed_s": 590.1, "coordination_ring_sparse20": 13.0, "coordination_ring_potter0_20": 0.05, "large_room_sparse20": 0.0, "large_room_potter0_20": 0.25}
[pair_H] {"steps": 612352, "elapsed_s": 592.5, "coordination_ring_sparse20": 13.0, "coordination_ring_potter0_20": 0.05, "large_room_sparse20": 0.0, "large_room_potter0_20": 0.2}
[pair_H] {"steps": 614400, "elapsed_s": 595.4, "coordination_ring_sparse20": 14.0, "coordination_ring_potter0_20": 0.05, "large_room_sparse20": 0.0, "large_room_potter0_20": 0.2}
[pair_H] {"steps": 616448, "elapsed_s": 598.3, "coordination_ring_sparse20": 14.0, "coordination_ring_potter0_20": 0.05, "large_room_sparse20": 0.0, "large_room_potter0_20": 0.15}
[pair_H] {"steps": 618496, "elapsed_s": 600.6, "coordination_ring_sparse20": 13.0, "coordination_ring_potter0_20": 0.05, "large_room_sparse20": 0.0, "large_room_potter0_20": 0.1}
[pair_H] {"steps": 620544, "elapsed_s": 603.2, "coordination_ring_sparse20": 10.0, "coordination_ring_potter0_20": 0.1, "large_room_sparse20": 0.0, "large_room_potter0_20": 0.1}
[pair_H] {"steps": 622592, "elapsed_s": 605.8, "coordination_ring_sparse20": 7.0, "coordination_ring_potter0_20": 0.1, "large_room_sparse20": 0.0, "large_room_potter0_20": 0.1}
[pair_H] {"steps": 624640, "elapsed_s": 608.3, "coordination_ring_sparse20": 9.0, "coordination_ring_potter0_20": 0.1, "large_room_sparse20": 0.0, "large_room_potter0_20": 0.05}
[pair_H] {"steps": 626688, "elapsed_s": 611.1, "coordination_ring_sparse20": 9.0, "coordination_ring_potter0_20": 0.1, "large_room_sparse20": 0.0, "large_room_potter0_20": 0.05}
[pair_H] {"steps": 628736, "elapsed_s": 613.6, "coordination_ring_sparse20": 8.0, "coordination_ring_potter0_20": 0.1, "large_room_sparse20": 0.0, "large_room_potter0_20": 0.05}
[pair_H] {"steps": 630784, "elapsed_s": 616.0, "coordination_ring_sparse20": 9.0, "coordination_ring_potter0_20": 0.05, "large_room_sparse20": 0.0, "large_room_potter0_20": 0.1}
[pair_H] {"steps": 632832, "elapsed_s": 618.7, "coordination_ring_sparse20": 10.0, "coordination_ring_potter0_20": 0.05, "large_room_sparse20": 0.0, "large_room_potter0_20": 0.25}
[pair_H] {"steps": 634880, "elapsed_s": 621.1, "coordination_ring_sparse20": 10.0, "coordination_ring_potter0_20": 0.05, "large_room_sparse20": 0.0, "large_room_potter0_20": 0.3}
[pair_H] {"steps": 636928, "elapsed_s": 623.6, "coordination_ring_sparse20": 10.0, "coordination_ring_potter0_20": 0.05, "large_room_sparse20": 0.0, "large_room_potter0_20": 0.35}
[pair_H] {"steps": 638976, "elapsed_s": 625.3, "coordination_ring_sparse20": 9.0, "coordination_ring_potter0_20": 0.05, "large_room_sparse20": 0.0, "large_room_potter0_20": 0.3}
[pair_H] {"steps": 641024, "elapsed_s": 626.8, "coordination_ring_sparse20": 8.0, "coordination_ring_potter0_20": 0.05, "large_room_sparse20": 0.0, "large_room_potter0_20": 0.35}
[pair_H] {"steps": 643072, "elapsed_s": 628.6, "coordination_ring_sparse20": 8.0, "coordination_ring_potter0_20": 0.0, "large_room_sparse20": 0.0, "large_room_potter0_20": 0.3}
[pair_H] {"steps": 645120, "elapsed_s": 630.6, "coordination_ring_sparse20": 8.0, "coordination_ring_potter0_20": 0.0, "large_room_sparse20": 0.0, "large_room_potter0_20": 0.3}
[pair_H] {"steps": 647168, "elapsed_s": 633.2, "coordination_ring_sparse20": 6.0, "coordination_ring_potter0_20": 0.0, "large_room_sparse20": 0.0, "large_room_potter0_20": 0.3}
[pair_H] {"steps": 649216, "elapsed_s": 635.7, "coordination_ring_sparse20": 5.0, "coordination_ring_potter0_20": 0.05, "large_room_sparse20": 0.0, "large_room_potter0_20": 0.2}
[pair_H] {"steps": 651264, "elapsed_s": 638.1, "coordination_ring_sparse20": 5.0, "coordination_ring_potter0_20": 0.05, "large_room_sparse20": 0.0, "large_room_potter0_20": 0.15}
[pair_H] {"steps": 653312, "elapsed_s": 640.3, "coordination_ring_sparse20": 5.0, "coordination_ring_potter0_20": 0.05, "large_room_sparse20": 0.0, "large_room_potter0_20": 0.2}
[pair_H] {"steps": 655360, "elapsed_s": 642.7, "coordination_ring_sparse20": 5.0, "coordination_ring_potter0_20": 0.05, "large_room_sparse20": 0.0, "large_room_potter0_20": 0.15}
[pair_H] {"steps": 657408, "elapsed_s": 644.5, "coordination_ring_sparse20": 4.0, "coordination_ring_potter0_20": 0.05, "large_room_sparse20": 0.0, "large_room_potter0_20": 0.15}
[pair_H] {"steps": 659456, "elapsed_s": 647.1, "coordination_ring_sparse20": 8.0, "coordination_ring_potter0_20": 0.05, "large_room_sparse20": 0.0, "large_room_potter0_20": 0.1}
[pair_H] {"steps": 661504, "elapsed_s": 649.4, "coordination_ring_sparse20": 9.0, "coordination_ring_potter0_20": 0.05, "large_room_sparse20": 0.0, "large_room_potter0_20": 0.1}
[pair_H] {"steps": 663552, "elapsed_s": 651.7, "coordination_ring_sparse20": 9.0, "coordination_ring_potter0_20": 0.05, "large_room_sparse20": 0.0, "large_room_potter0_20": 0.1}
[pair_H] {"steps": 665600, "elapsed_s": 654.0, "coordination_ring_sparse20": 7.0, "coordination_ring_potter0_20": 0.0, "large_room_sparse20": 0.0, "large_room_potter0_20": 0.15}
[pair_H] {"steps": 667648, "elapsed_s": 656.4, "coordination_ring_sparse20": 8.0, "coordination_ring_potter0_20": 0.0, "large_room_sparse20": 0.0, "large_room_potter0_20": 0.15}
[pair_H] {"steps": 669696, "elapsed_s": 658.8, "coordination_ring_sparse20": 8.0, "coordination_ring_potter0_20": 0.0, "large_room_sparse20": 0.0, "large_room_potter0_20": 0.15}
[pair_H] {"steps": 671744, "elapsed_s": 660.7, "coordination_ring_sparse20": 8.0, "coordination_ring_potter0_20": 0.0, "large_room_sparse20": 0.0, "large_room_potter0_20": 0.15}
[pair_H] {"steps": 673792, "elapsed_s": 663.0, "coordination_ring_sparse20": 9.0, "coordination_ring_potter0_20": 0.05, "large_room_sparse20": 0.0, "large_room_potter0_20": 0.15}
[pair_H] {"steps": 675840, "elapsed_s": 665.1, "coordination_ring_sparse20": 6.0, "coordination_ring_potter0_20": 0.05, "large_room_sparse20": 0.0, "large_room_potter0_20": 0.15}
[pair_H] {"steps": 677888, "elapsed_s": 667.2, "coordination_ring_sparse20": 6.0, "coordination_ring_potter0_20": 0.05, "large_room_sparse20": 0.0, "large_room_potter0_20": 0.2}
[pair_H] {"steps": 679936, "elapsed_s": 669.2, "coordination_ring_sparse20": 7.0, "coordination_ring_potter0_20": 0.05, "large_room_sparse20": 0.0, "large_room_potter0_20": 0.15}
[pair_H] {"steps": 681984, "elapsed_s": 671.8, "coordination_ring_sparse20": 11.0, "coordination_ring_potter0_20": 0.05, "large_room_sparse20": 0.0, "large_room_potter0_20": 0.15}
[pair_H] {"steps": 684032, "elapsed_s": 674.6, "coordination_ring_sparse20": 11.0, "coordination_ring_potter0_20": 0.05, "large_room_sparse20": 0.0, "large_room_potter0_20": 0.15}
[pair_H] {"steps": 686080, "elapsed_s": 677.3, "coordination_ring_sparse20": 12.0, "coordination_ring_potter0_20": 0.05, "large_room_sparse20": 0.0, "large_room_potter0_20": 0.15}
[pair_H] {"steps": 688128, "elapsed_s": 680.2, "coordination_ring_sparse20": 15.0, "coordination_ring_potter0_20": 0.05, "large_room_sparse20": 0.0, "large_room_potter0_20": 0.2}
[pair_H] {"steps": 690176, "elapsed_s": 683.1, "coordination_ring_sparse20": 14.0, "coordination_ring_potter0_20": 0.05, "large_room_sparse20": 0.0, "large_room_potter0_20": 0.3}
[pair_H] {"steps": 692224, "elapsed_s": 685.7, "coordination_ring_sparse20": 15.0, "coordination_ring_potter0_20": 0.0, "large_room_sparse20": 0.0, "large_room_potter0_20": 0.3}
[pair_H] {"steps": 694272, "elapsed_s": 688.7, "coordination_ring_sparse20": 16.0, "coordination_ring_potter0_20": 0.0, "large_room_sparse20": 0.0, "large_room_potter0_20": 0.25}
[pair_H] {"steps": 696320, "elapsed_s": 691.1, "coordination_ring_sparse20": 19.0, "coordination_ring_potter0_20": 0.0, "large_room_sparse20": 0.0, "large_room_potter0_20": 0.2}
[pair_H] {"steps": 698368, "elapsed_s": 693.8, "coordination_ring_sparse20": 19.0, "coordination_ring_potter0_20": 0.0, "large_room_sparse20": 0.0, "large_room_potter0_20": 0.2}
[pair_H] {"steps": 700416, "elapsed_s": 696.7, "coordination_ring_sparse20": 19.0, "coordination_ring_potter0_20": 0.0, "large_room_sparse20": 0.0, "large_room_potter0_20": 0.25}
[pair_H] {"steps": 702464, "elapsed_s": 698.9, "coordination_ring_sparse20": 16.0, "coordination_ring_potter0_20": 0.0, "large_room_sparse20": 0.0, "large_room_potter0_20": 0.2}
[pair_H] {"steps": 704512, "elapsed_s": 700.9, "coordination_ring_sparse20": 17.0, "coordination_ring_potter0_20": 0.0, "large_room_sparse20": 0.0, "large_room_potter0_20": 0.2}
[pair_H] {"steps": 706560, "elapsed_s": 703.5, "coordination_ring_sparse20": 15.0, "coordination_ring_potter0_20": 0.0, "large_room_sparse20": 0.0, "large_room_potter0_20": 0.15}
[pair_H] {"steps": 708608, "elapsed_s": 705.9, "coordination_ring_sparse20": 15.0, "coordination_ring_potter0_20": 0.0, "large_room_sparse20": 0.0, "large_room_potter0_20": 0.15}
[pair_H] {"steps": 710656, "elapsed_s": 708.2, "coordination_ring_sparse20": 14.0, "coordination_ring_potter0_20": 0.0, "large_room_sparse20": 0.0, "large_room_potter0_20": 0.15}
[pair_H] {"steps": 712704, "elapsed_s": 710.6, "coordination_ring_sparse20": 14.0, "coordination_ring_potter0_20": 0.0, "large_room_sparse20": 0.0, "large_room_potter0_20": 0.1}
[pair_H] {"steps": 714752, "elapsed_s": 713.3, "coordination_ring_sparse20": 13.0, "coordination_ring_potter0_20": 0.0, "large_room_sparse20": 0.0, "large_room_potter0_20": 0.1}
[pair_H] {"steps": 716800, "elapsed_s": 716.2, "coordination_ring_sparse20": 10.0, "coordination_ring_potter0_20": 0.0, "large_room_sparse20": 0.0, "large_room_potter0_20": 0.15}
[pair_H] {"steps": 718848, "elapsed_s": 718.8, "coordination_ring_sparse20": 11.0, "coordination_ring_potter0_20": 0.0, "large_room_sparse20": 0.0, "large_room_potter0_20": 0.15}
[pair_H] {"steps": 720896, "elapsed_s": 721.8, "coordination_ring_sparse20": 10.0, "coordination_ring_potter0_20": 0.0, "large_room_sparse20": 0.0, "large_room_potter0_20": 0.15}
[pair_H] {"steps": 722944, "elapsed_s": 724.1, "coordination_ring_sparse20": 10.0, "coordination_ring_potter0_20": 0.0, "large_room_sparse20": 0.0, "large_room_potter0_20": 0.15}
[pair_H] {"steps": 724992, "elapsed_s": 726.8, "coordination_ring_sparse20": 12.0, "coordination_ring_potter0_20": 0.0, "large_room_sparse20": 0.0, "large_room_potter0_20": 0.2}
[pair_H] {"steps": 727040, "elapsed_s": 729.1, "coordination_ring_sparse20": 12.0, "coordination_ring_potter0_20": 0.0, "large_room_sparse20": 0.0, "large_room_potter0_20": 0.2}
[pair_H] {"steps": 729088, "elapsed_s": 731.3, "coordination_ring_sparse20": 10.0, "coordination_ring_potter0_20": 0.0, "large_room_sparse20": 0.0, "large_room_potter0_20": 0.2}
[pair_H] {"steps": 731136, "elapsed_s": 733.4, "coordination_ring_sparse20": 10.0, "coordination_ring_potter0_20": 0.0, "large_room_sparse20": 0.0, "large_room_potter0_20": 0.2}
[pair_H] {"steps": 733184, "elapsed_s": 735.8, "coordination_ring_sparse20": 7.0, "coordination_ring_potter0_20": 0.0, "large_room_sparse20": 0.0, "large_room_potter0_20": 0.2}
[pair_H] {"steps": 735232, "elapsed_s": 738.3, "coordination_ring_sparse20": 8.0, "coordination_ring_potter0_20": 0.0, "large_room_sparse20": 0.0, "large_room_potter0_20": 0.2}
[pair_H] {"steps": 737280, "elapsed_s": 740.9, "coordination_ring_sparse20": 8.0, "coordination_ring_potter0_20": 0.0, "large_room_sparse20": 0.0, "large_room_potter0_20": 0.2}
[pair_H] {"steps": 739328, "elapsed_s": 743.2, "coordination_ring_sparse20": 8.0, "coordination_ring_potter0_20": 0.0, "large_room_sparse20": 0.0, "large_room_potter0_20": 0.1}
[pair_H] {"steps": 741376, "elapsed_s": 745.5, "coordination_ring_sparse20": 7.0, "coordination_ring_potter0_20": 0.0, "large_room_sparse20": 0.0, "large_room_potter0_20": 0.2}
[pair_H] {"steps": 743424, "elapsed_s": 748.0, "coordination_ring_sparse20": 9.0, "coordination_ring_potter0_20": 0.05, "large_room_sparse20": 0.0, "large_room_potter0_20": 0.25}
[pair_H] {"steps": 745472, "elapsed_s": 750.1, "coordination_ring_sparse20": 10.0, "coordination_ring_potter0_20": 0.05, "large_room_sparse20": 0.0, "large_room_potter0_20": 0.25}
[pair_H] {"steps": 747520, "elapsed_s": 752.2, "coordination_ring_sparse20": 11.0, "coordination_ring_potter0_20": 0.05, "large_room_sparse20": 0.0, "large_room_potter0_20": 0.25}
[pair_H] {"steps": 749568, "elapsed_s": 754.9, "coordination_ring_sparse20": 16.0, "coordination_ring_potter0_20": 0.05, "large_room_sparse20": 0.0, "large_room_potter0_20": 0.2}
[pair_H] {"steps": 751616, "elapsed_s": 757.7, "coordination_ring_sparse20": 17.0, "coordination_ring_potter0_20": 0.1, "large_room_sparse20": 0.0, "large_room_potter0_20": 0.15}
[pair_H] {"steps": 753664, "elapsed_s": 759.7, "coordination_ring_sparse20": 20.0, "coordination_ring_potter0_20": 0.15, "large_room_sparse20": 0.0, "large_room_potter0_20": 0.2}
[pair_H] {"steps": 755712, "elapsed_s": 761.4, "coordination_ring_sparse20": 19.0, "coordination_ring_potter0_20": 0.1, "large_room_sparse20": 0.0, "large_room_potter0_20": 0.25}
[pair_H] {"steps": 757760, "elapsed_s": 763.3, "coordination_ring_sparse20": 20.0, "coordination_ring_potter0_20": 0.1, "large_room_sparse20": 0.0, "large_room_potter0_20": 0.25}
[pair_H] {"steps": 759808, "elapsed_s": 765.0, "coordination_ring_sparse20": 19.0, "coordination_ring_potter0_20": 0.1, "large_room_sparse20": 0.0, "large_room_potter0_20": 0.15}
[pair_H] {"steps": 761856, "elapsed_s": 766.8, "coordination_ring_sparse20": 23.0, "coordination_ring_potter0_20": 0.1, "large_room_sparse20": 0.0, "large_room_potter0_20": 0.1}
[pair_H] {"steps": 763904, "elapsed_s": 768.5, "coordination_ring_sparse20": 23.0, "coordination_ring_potter0_20": 0.1, "large_room_sparse20": 0.0, "large_room_potter0_20": 0.1}
[pair_H] {"steps": 765952, "elapsed_s": 770.2, "coordination_ring_sparse20": 21.0, "coordination_ring_potter0_20": 0.1, "large_room_sparse20": 0.0, "large_room_potter0_20": 0.1}
[pair_H] {"steps": 768000, "elapsed_s": 771.8, "coordination_ring_sparse20": 19.0, "coordination_ring_potter0_20": 0.05, "large_room_sparse20": 0.0, "large_room_potter0_20": 0.1}
[pair_H] {"steps": 770048, "elapsed_s": 773.5, "coordination_ring_sparse20": 18.0, "coordination_ring_potter0_20": 0.0, "large_room_sparse20": 0.0, "large_room_potter0_20": 0.05}
[pair_H] {"steps": 772096, "elapsed_s": 775.3, "coordination_ring_sparse20": 18.0, "coordination_ring_potter0_20": 0.0, "large_room_sparse20": 0.0, "large_room_potter0_20": 0.05}
[pair_H] {"steps": 774144, "elapsed_s": 777.0, "coordination_ring_sparse20": 15.0, "coordination_ring_potter0_20": 0.0, "large_room_sparse20": 0.0, "large_room_potter0_20": 0.05}
[pair_H] {"steps": 776192, "elapsed_s": 778.8, "coordination_ring_sparse20": 11.0, "coordination_ring_potter0_20": 0.0, "large_room_sparse20": 0.0, "large_room_potter0_20": 0.1}
[pair_H] {"steps": 778240, "elapsed_s": 780.7, "coordination_ring_sparse20": 12.0, "coordination_ring_potter0_20": 0.0, "large_room_sparse20": 0.0, "large_room_potter0_20": 0.1}
[pair_H] {"steps": 780288, "elapsed_s": 782.5, "coordination_ring_sparse20": 16.0, "coordination_ring_potter0_20": 0.05, "large_room_sparse20": 0.0, "large_room_potter0_20": 0.1}
[pair_H] {"steps": 782336, "elapsed_s": 784.3, "coordination_ring_sparse20": 16.0, "coordination_ring_potter0_20": 0.05, "large_room_sparse20": 0.0, "large_room_potter0_20": 0.15}
[pair_H] {"steps": 784384, "elapsed_s": 786.0, "coordination_ring_sparse20": 15.0, "coordination_ring_potter0_20": 0.05, "large_room_sparse20": 0.0, "large_room_potter0_20": 0.15}
[pair_H] {"steps": 786432, "elapsed_s": 787.7, "coordination_ring_sparse20": 14.0, "coordination_ring_potter0_20": 0.05, "large_room_sparse20": 0.0, "large_room_potter0_20": 0.15}
[pair_H] {"steps": 788480, "elapsed_s": 789.4, "coordination_ring_sparse20": 17.0, "coordination_ring_potter0_20": 0.05, "large_room_sparse20": 0.0, "large_room_potter0_20": 0.15}
[pair_H] {"steps": 790528, "elapsed_s": 791.1, "coordination_ring_sparse20": 17.0, "coordination_ring_potter0_20": 0.05, "large_room_sparse20": 0.0, "large_room_potter0_20": 0.2}
[pair_H] {"steps": 792576, "elapsed_s": 792.8, "coordination_ring_sparse20": 21.0, "coordination_ring_potter0_20": 0.05, "large_room_sparse20": 0.0, "large_room_potter0_20": 0.2}
[pair_H] {"steps": 794624, "elapsed_s": 794.8, "coordination_ring_sparse20": 20.0, "coordination_ring_potter0_20": 0.05, "large_room_sparse20": 0.0, "large_room_potter0_20": 0.15}
[pair_H] {"steps": 796672, "elapsed_s": 796.6, "coordination_ring_sparse20": 15.0, "coordination_ring_potter0_20": 0.1, "large_room_sparse20": 0.0, "large_room_potter0_20": 0.15}
[pair_H] {"steps": 798720, "elapsed_s": 798.4, "coordination_ring_sparse20": 18.0, "coordination_ring_potter0_20": 0.1, "large_room_sparse20": 0.0, "large_room_potter0_20": 0.15}
[pair_H] {"steps": 800768, "elapsed_s": 800.0, "coordination_ring_sparse20": 21.0, "coordination_ring_potter0_20": 0.05, "large_room_sparse20": 0.0, "large_room_potter0_20": 0.2}
[pair_H] {"steps": 802816, "elapsed_s": 802.2, "coordination_ring_sparse20": 20.0, "coordination_ring_potter0_20": 0.05, "large_room_sparse20": 0.0, "large_room_potter0_20": 0.2}
[pair_H] {"steps": 804864, "elapsed_s": 803.9, "coordination_ring_sparse20": 19.0, "coordination_ring_potter0_20": 0.05, "large_room_sparse20": 0.0, "large_room_potter0_20": 0.2}
[pair_H] {"steps": 806912, "elapsed_s": 805.5, "coordination_ring_sparse20": 18.0, "coordination_ring_potter0_20": 0.05, "large_room_sparse20": 0.0, "large_room_potter0_20": 0.2}
[pair_H] {"steps": 808960, "elapsed_s": 807.3, "coordination_ring_sparse20": 18.0, "coordination_ring_potter0_20": 0.05, "large_room_sparse20": 0.0, "large_room_potter0_20": 0.2}
[pair_H] {"steps": 811008, "elapsed_s": 809.1, "coordination_ring_sparse20": 18.0, "coordination_ring_potter0_20": 0.05, "large_room_sparse20": 0.0, "large_room_potter0_20": 0.25}
[pair_H] {"steps": 813056, "elapsed_s": 810.9, "coordination_ring_sparse20": 19.0, "coordination_ring_potter0_20": 0.0, "large_room_sparse20": 0.0, "large_room_potter0_20": 0.25}
[pair_H] {"steps": 815104, "elapsed_s": 812.8, "coordination_ring_sparse20": 16.0, "coordination_ring_potter0_20": 0.0, "large_room_sparse20": 0.0, "large_room_potter0_20": 0.25}
[pair_H] {"steps": 817152, "elapsed_s": 814.5, "coordination_ring_sparse20": 21.0, "coordination_ring_potter0_20": 0.0, "large_room_sparse20": 0.0, "large_room_potter0_20": 0.25}
[pair_H] {"steps": 819200, "elapsed_s": 816.1, "coordination_ring_sparse20": 23.0, "coordination_ring_potter0_20": 0.0, "large_room_sparse20": 0.0, "large_room_potter0_20": 0.25}
[pair_H] {"steps": 821248, "elapsed_s": 818.0, "coordination_ring_sparse20": 20.0, "coordination_ring_potter0_20": 0.0, "large_room_sparse20": 0.0, "large_room_potter0_20": 0.2}
[pair_H] {"steps": 823296, "elapsed_s": 819.6, "coordination_ring_sparse20": 22.0, "coordination_ring_potter0_20": 0.0, "large_room_sparse20": 0.0, "large_room_potter0_20": 0.2}
[pair_H] {"steps": 825344, "elapsed_s": 821.3, "coordination_ring_sparse20": 30.0, "coordination_ring_potter0_20": 0.0, "large_room_sparse20": 0.0, "large_room_potter0_20": 0.2}
[pair_H] {"steps": 827392, "elapsed_s": 823.0, "coordination_ring_sparse20": 26.0, "coordination_ring_potter0_20": 0.0, "large_room_sparse20": 0.0, "large_room_potter0_20": 0.2}
[pair_H] {"steps": 829440, "elapsed_s": 824.9, "coordination_ring_sparse20": 27.0, "coordination_ring_potter0_20": 0.0, "large_room_sparse20": 0.0, "large_room_potter0_20": 0.2}
[pair_H] {"steps": 831488, "elapsed_s": 826.7, "coordination_ring_sparse20": 31.0, "coordination_ring_potter0_20": 0.0, "large_room_sparse20": 0.0, "large_room_potter0_20": 0.15}
[pair_H] {"steps": 833536, "elapsed_s": 828.6, "coordination_ring_sparse20": 31.0, "coordination_ring_potter0_20": 0.0, "large_room_sparse20": 0.0, "large_room_potter0_20": 0.15}
[pair_H] {"steps": 835584, "elapsed_s": 830.3, "coordination_ring_sparse20": 30.0, "coordination_ring_potter0_20": 0.0, "large_room_sparse20": 0.0, "large_room_potter0_20": 0.25}
[pair_H] {"steps": 837632, "elapsed_s": 832.0, "coordination_ring_sparse20": 34.0, "coordination_ring_potter0_20": 0.0, "large_room_sparse20": 0.0, "large_room_potter0_20": 0.35}
[pair_H] {"steps": 839680, "elapsed_s": 833.6, "coordination_ring_sparse20": 35.0, "coordination_ring_potter0_20": 0.0, "large_room_sparse20": 0.0, "large_room_potter0_20": 0.3}
[pair_H] {"steps": 841728, "elapsed_s": 835.3, "coordination_ring_sparse20": 28.0, "coordination_ring_potter0_20": 0.0, "large_room_sparse20": 0.0, "large_room_potter0_20": 0.35}
[pair_H] {"steps": 843776, "elapsed_s": 837.0, "coordination_ring_sparse20": 29.0, "coordination_ring_potter0_20": 0.0, "large_room_sparse20": 0.0, "large_room_potter0_20": 0.3}
[pair_H] {"steps": 845824, "elapsed_s": 838.8, "coordination_ring_sparse20": 30.0, "coordination_ring_potter0_20": 0.0, "large_room_sparse20": 0.0, "large_room_potter0_20": 0.4}
[pair_H] {"steps": 847872, "elapsed_s": 840.3, "coordination_ring_sparse20": 28.0, "coordination_ring_potter0_20": 0.0, "large_room_sparse20": 0.0, "large_room_potter0_20": 0.4}
[pair_H] {"steps": 849920, "elapsed_s": 842.0, "coordination_ring_sparse20": 20.0, "coordination_ring_potter0_20": 0.0, "large_room_sparse20": 0.0, "large_room_potter0_20": 0.4}
[pair_H] {"steps": 851968, "elapsed_s": 843.8, "coordination_ring_sparse20": 17.0, "coordination_ring_potter0_20": 0.0, "large_room_sparse20": 0.0, "large_room_potter0_20": 0.3}
[pair_H] {"steps": 854016, "elapsed_s": 845.6, "coordination_ring_sparse20": 17.0, "coordination_ring_potter0_20": 0.0, "large_room_sparse20": 0.0, "large_room_potter0_20": 0.25}
[pair_H] {"steps": 856064, "elapsed_s": 847.4, "coordination_ring_sparse20": 14.0, "coordination_ring_potter0_20": 0.0, "large_room_sparse20": 0.0, "large_room_potter0_20": 0.25}
[pair_H] {"steps": 858112, "elapsed_s": 849.1, "coordination_ring_sparse20": 13.0, "coordination_ring_potter0_20": 0.0, "large_room_sparse20": 0.0, "large_room_potter0_20": 0.15}
[pair_H] {"steps": 860160, "elapsed_s": 850.7, "coordination_ring_sparse20": 12.0, "coordination_ring_potter0_20": 0.0, "large_room_sparse20": 0.0, "large_room_potter0_20": 0.1}
[pair_H] {"steps": 862208, "elapsed_s": 852.4, "coordination_ring_sparse20": 9.0, "coordination_ring_potter0_20": 0.0, "large_room_sparse20": 0.0, "large_room_potter0_20": 0.1}
[pair_H] {"steps": 864256, "elapsed_s": 854.2, "coordination_ring_sparse20": 9.0, "coordination_ring_potter0_20": 0.0, "large_room_sparse20": 0.0, "large_room_potter0_20": 0.15}
[pair_H] {"steps": 866304, "elapsed_s": 856.4, "coordination_ring_sparse20": 9.0, "coordination_ring_potter0_20": 0.05, "large_room_sparse20": 0.0, "large_room_potter0_20": 0.15}
[pair_H] {"steps": 868352, "elapsed_s": 858.4, "coordination_ring_sparse20": 6.0, "coordination_ring_potter0_20": 0.05, "large_room_sparse20": 0.0, "large_room_potter0_20": 0.1}
[pair_H] {"steps": 870400, "elapsed_s": 860.1, "coordination_ring_sparse20": 9.0, "coordination_ring_potter0_20": 0.05, "large_room_sparse20": 0.0, "large_room_potter0_20": 0.05}
[pair_H] {"steps": 872448, "elapsed_s": 861.7, "coordination_ring_sparse20": 10.0, "coordination_ring_potter0_20": 0.05, "large_room_sparse20": 0.0, "large_room_potter0_20": 0.05}
[pair_H] {"steps": 874496, "elapsed_s": 863.3, "coordination_ring_sparse20": 12.0, "coordination_ring_potter0_20": 0.05, "large_room_sparse20": 0.0, "large_room_potter0_20": 0.05}
[pair_H] {"steps": 876544, "elapsed_s": 865.0, "coordination_ring_sparse20": 13.0, "coordination_ring_potter0_20": 0.05, "large_room_sparse20": 0.0, "large_room_potter0_20": 0.05}
[pair_H] {"steps": 878592, "elapsed_s": 866.7, "coordination_ring_sparse20": 14.0, "coordination_ring_potter0_20": 0.0, "large_room_sparse20": 0.0, "large_room_potter0_20": 0.1}
[pair_H] {"steps": 880640, "elapsed_s": 868.3, "coordination_ring_sparse20": 14.0, "coordination_ring_potter0_20": 0.0, "large_room_sparse20": 0.0, "large_room_potter0_20": 0.1}
[pair_H] {"steps": 882688, "elapsed_s": 870.1, "coordination_ring_sparse20": 15.0, "coordination_ring_potter0_20": 0.0, "large_room_sparse20": 0.0, "large_room_potter0_20": 0.05}
[pair_H] {"steps": 884736, "elapsed_s": 872.1, "coordination_ring_sparse20": 15.0, "coordination_ring_potter0_20": 0.0, "large_room_sparse20": 0.0, "large_room_potter0_20": 0.05}
[pair_H] {"steps": 886784, "elapsed_s": 873.6, "coordination_ring_sparse20": 13.0, "coordination_ring_potter0_20": 0.0, "large_room_sparse20": 0.0, "large_room_potter0_20": 0.05}
[pair_H] {"steps": 888832, "elapsed_s": 875.3, "coordination_ring_sparse20": 13.0, "coordination_ring_potter0_20": 0.0, "large_room_sparse20": 0.0, "large_room_potter0_20": 0.05}
[pair_H] {"steps": 890880, "elapsed_s": 877.3, "coordination_ring_sparse20": 16.0, "coordination_ring_potter0_20": 0.0, "large_room_sparse20": 0.0, "large_room_potter0_20": 0.0}
[pair_H] {"steps": 892928, "elapsed_s": 879.5, "coordination_ring_sparse20": 15.0, "coordination_ring_potter0_20": 0.0, "large_room_sparse20": 0.0, "large_room_potter0_20": 0.0}
[pair_H] {"steps": 894976, "elapsed_s": 881.0, "coordination_ring_sparse20": 12.0, "coordination_ring_potter0_20": 0.05, "large_room_sparse20": 0.0, "large_room_potter0_20": 0.0}
[pair_H] {"steps": 897024, "elapsed_s": 882.6, "coordination_ring_sparse20": 18.0, "coordination_ring_potter0_20": 0.05, "large_room_sparse20": 0.0, "large_room_potter0_20": 0.0}
[pair_H] {"steps": 899072, "elapsed_s": 884.2, "coordination_ring_sparse20": 22.0, "coordination_ring_potter0_20": 0.05, "large_room_sparse20": 0.0, "large_room_potter0_20": 0.05}
[pair_H] {"steps": 901120, "elapsed_s": 885.9, "coordination_ring_sparse20": 23.0, "coordination_ring_potter0_20": 0.05, "large_room_sparse20": 0.0, "large_room_potter0_20": 0.05}
[pair_H] {"steps": 903168, "elapsed_s": 888.1, "coordination_ring_sparse20": 22.0, "coordination_ring_potter0_20": 0.05, "large_room_sparse20": 0.0, "large_room_potter0_20": 0.05}
[pair_H] {"steps": 905216, "elapsed_s": 890.1, "coordination_ring_sparse20": 23.0, "coordination_ring_potter0_20": 0.05, "large_room_sparse20": 0.0, "large_room_potter0_20": 0.05}
[pair_H] {"steps": 907264, "elapsed_s": 891.8, "coordination_ring_sparse20": 25.0, "coordination_ring_potter0_20": 0.05, "large_room_sparse20": 0.0, "large_room_potter0_20": 0.05}
[pair_H] {"steps": 909312, "elapsed_s": 893.6, "coordination_ring_sparse20": 27.0, "coordination_ring_potter0_20": 0.0, "large_room_sparse20": 0.0, "large_room_potter0_20": 0.1}
[pair_H] {"steps": 911360, "elapsed_s": 895.4, "coordination_ring_sparse20": 26.0, "coordination_ring_potter0_20": 0.05, "large_room_sparse20": 0.0, "large_room_potter0_20": 0.1}
[pair_H] {"steps": 913408, "elapsed_s": 897.1, "coordination_ring_sparse20": 29.0, "coordination_ring_potter0_20": 0.05, "large_room_sparse20": 0.0, "large_room_potter0_20": 0.1}
[pair_H] {"steps": 915456, "elapsed_s": 898.8, "coordination_ring_sparse20": 31.0, "coordination_ring_potter0_20": 0.05, "large_room_sparse20": 0.0, "large_room_potter0_20": 0.15}
[pair_H] {"steps": 917504, "elapsed_s": 900.5, "coordination_ring_sparse20": 31.0, "coordination_ring_potter0_20": 0.05, "large_room_sparse20": 0.0, "large_room_potter0_20": 0.1}
[pair_H] {"steps": 919552, "elapsed_s": 902.2, "coordination_ring_sparse20": 31.0, "coordination_ring_potter0_20": 0.05, "large_room_sparse20": 0.0, "large_room_potter0_20": 0.15}
[pair_H] {"steps": 921600, "elapsed_s": 904.1, "coordination_ring_sparse20": 33.0, "coordination_ring_potter0_20": 0.05, "large_room_sparse20": 0.0, "large_room_potter0_20": 0.15}
[pair_H] {"steps": 923648, "elapsed_s": 905.7, "coordination_ring_sparse20": 33.0, "coordination_ring_potter0_20": 0.05, "large_room_sparse20": 0.0, "large_room_potter0_20": 0.2}
[pair_H] {"steps": 925696, "elapsed_s": 907.5, "coordination_ring_sparse20": 32.0, "coordination_ring_potter0_20": 0.1, "large_room_sparse20": 0.0, "large_room_potter0_20": 0.15}
[pair_H] {"steps": 927744, "elapsed_s": 909.0, "coordination_ring_sparse20": 27.0, "coordination_ring_potter0_20": 0.15, "large_room_sparse20": 0.0, "large_room_potter0_20": 0.15}
[pair_H] {"steps": 929792, "elapsed_s": 910.6, "coordination_ring_sparse20": 25.0, "coordination_ring_potter0_20": 0.1, "large_room_sparse20": 0.0, "large_room_potter0_20": 0.2}
[pair_H] {"steps": 931840, "elapsed_s": 912.2, "coordination_ring_sparse20": 21.0, "coordination_ring_potter0_20": 0.1, "large_room_sparse20": 0.0, "large_room_potter0_20": 0.15}
[pair_H] {"steps": 933888, "elapsed_s": 913.8, "coordination_ring_sparse20": 21.0, "coordination_ring_potter0_20": 0.1, "large_room_sparse20": 0.0, "large_room_potter0_20": 0.15}
[pair_H] {"steps": 935936, "elapsed_s": 915.6, "coordination_ring_sparse20": 20.0, "coordination_ring_potter0_20": 0.1, "large_room_sparse20": 0.0, "large_room_potter0_20": 0.15}
[pair_H] {"steps": 937984, "elapsed_s": 917.3, "coordination_ring_sparse20": 19.0, "coordination_ring_potter0_20": 0.05, "large_room_sparse20": 0.0, "large_room_potter0_20": 0.15}
[pair_H] {"steps": 940032, "elapsed_s": 919.0, "coordination_ring_sparse20": 25.0, "coordination_ring_potter0_20": 0.0, "large_room_sparse20": 0.0, "large_room_potter0_20": 0.15}
[pair_H] {"steps": 942080, "elapsed_s": 920.6, "coordination_ring_sparse20": 25.0, "coordination_ring_potter0_20": 0.0, "large_room_sparse20": 0.0, "large_room_potter0_20": 0.1}
[pair_H] {"steps": 944128, "elapsed_s": 922.2, "coordination_ring_sparse20": 26.0, "coordination_ring_potter0_20": 0.0, "large_room_sparse20": 0.0, "large_room_potter0_20": 0.1}
[pair_H] {"steps": 946176, "elapsed_s": 923.8, "coordination_ring_sparse20": 26.0, "coordination_ring_potter0_20": 0.0, "large_room_sparse20": 0.0, "large_room_potter0_20": 0.2}
[pair_H] {"steps": 948224, "elapsed_s": 925.5, "coordination_ring_sparse20": 26.0, "coordination_ring_potter0_20": 0.0, "large_room_sparse20": 0.0, "large_room_potter0_20": 0.2}
[pair_H] {"steps": 950272, "elapsed_s": 927.1, "coordination_ring_sparse20": 26.0, "coordination_ring_potter0_20": 0.0, "large_room_sparse20": 0.0, "large_room_potter0_20": 0.2}
[pair_H] {"steps": 952320, "elapsed_s": 928.6, "coordination_ring_sparse20": 29.0, "coordination_ring_potter0_20": 0.0, "large_room_sparse20": 0.0, "large_room_potter0_20": 0.2}
[pair_H] {"steps": 954368, "elapsed_s": 930.2, "coordination_ring_sparse20": 27.0, "coordination_ring_potter0_20": 0.0, "large_room_sparse20": 0.0, "large_room_potter0_20": 0.2}
[pair_H] {"steps": 956416, "elapsed_s": 932.0, "coordination_ring_sparse20": 29.0, "coordination_ring_potter0_20": 0.0, "large_room_sparse20": 0.0, "large_room_potter0_20": 0.25}
[pair_H] {"steps": 958464, "elapsed_s": 933.8, "coordination_ring_sparse20": 27.0, "coordination_ring_potter0_20": 0.0, "large_room_sparse20": 0.0, "large_room_potter0_20": 0.3}
[pair_H] {"steps": 960512, "elapsed_s": 935.5, "coordination_ring_sparse20": 29.0, "coordination_ring_potter0_20": 0.05, "large_room_sparse20": 0.0, "large_room_potter0_20": 0.3}
[pair_H] {"steps": 962560, "elapsed_s": 937.3, "coordination_ring_sparse20": 29.0, "coordination_ring_potter0_20": 0.1, "large_room_sparse20": 0.0, "large_room_potter0_20": 0.3}
[pair_H] {"steps": 964608, "elapsed_s": 939.2, "coordination_ring_sparse20": 31.0, "coordination_ring_potter0_20": 0.1, "large_room_sparse20": 0.0, "large_room_potter0_20": 0.3}
[pair_H] {"steps": 966656, "elapsed_s": 941.5, "coordination_ring_sparse20": 30.0, "coordination_ring_potter0_20": 0.1, "large_room_sparse20": 0.0, "large_room_potter0_20": 0.2}
[pair_H] {"steps": 968704, "elapsed_s": 943.7, "coordination_ring_sparse20": 30.0, "coordination_ring_potter0_20": 0.1, "large_room_sparse20": 0.0, "large_room_potter0_20": 0.2}
[pair_H] {"steps": 970752, "elapsed_s": 945.3, "coordination_ring_sparse20": 32.0, "coordination_ring_potter0_20": 0.1, "large_room_sparse20": 0.0, "large_room_potter0_20": 0.2}
[pair_H] {"steps": 972800, "elapsed_s": 946.9, "coordination_ring_sparse20": 30.0, "coordination_ring_potter0_20": 0.1, "large_room_sparse20": 0.0, "large_room_potter0_20": 0.15}
[pair_H] {"steps": 974848, "elapsed_s": 948.5, "coordination_ring_sparse20": 31.0, "coordination_ring_potter0_20": 0.15, "large_room_sparse20": 0.0, "large_room_potter0_20": 0.1}
[pair_H] {"steps": 976896, "elapsed_s": 950.2, "coordination_ring_sparse20": 32.0, "coordination_ring_potter0_20": 0.1, "large_room_sparse20": 0.0, "large_room_potter0_20": 0.1}
[pair_H] {"steps": 978944, "elapsed_s": 951.9, "coordination_ring_sparse20": 32.0, "coordination_ring_potter0_20": 0.1, "large_room_sparse20": 0.0, "large_room_potter0_20": 0.05}
[pair_H] {"steps": 980992, "elapsed_s": 953.6, "coordination_ring_sparse20": 33.0, "coordination_ring_potter0_20": 0.15, "large_room_sparse20": 0.0, "large_room_potter0_20": 0.05}
[pair_H] {"steps": 983040, "elapsed_s": 955.7, "coordination_ring_sparse20": 29.0, "coordination_ring_potter0_20": 0.25, "large_room_sparse20": 0.0, "large_room_potter0_20": 0.05}
[pair_H] {"steps": 985088, "elapsed_s": 957.4, "coordination_ring_sparse20": 33.0, "coordination_ring_potter0_20": 0.25, "large_room_sparse20": 0.0, "large_room_potter0_20": 0.05}
[pair_H] {"steps": 987136, "elapsed_s": 959.1, "coordination_ring_sparse20": 33.0, "coordination_ring_potter0_20": 0.25, "large_room_sparse20": 0.0, "large_room_potter0_20": 0.05}
[pair_H] {"steps": 989184, "elapsed_s": 961.3, "coordination_ring_sparse20": 34.0, "coordination_ring_potter0_20": 0.25, "large_room_sparse20": 0.0, "large_room_potter0_20": 0.1}
[pair_H] {"steps": 991232, "elapsed_s": 963.1, "coordination_ring_sparse20": 30.0, "coordination_ring_potter0_20": 0.2, "large_room_sparse20": 0.0, "large_room_potter0_20": 0.1}
[pair_H] {"steps": 993280, "elapsed_s": 964.8, "coordination_ring_sparse20": 30.0, "coordination_ring_potter0_20": 0.2, "large_room_sparse20": 0.0, "large_room_potter0_20": 0.15}
[pair_H] {"steps": 995328, "elapsed_s": 966.4, "coordination_ring_sparse20": 29.0, "coordination_ring_potter0_20": 0.25, "large_room_sparse20": 0.0, "large_room_potter0_20": 0.15}
[pair_H] {"steps": 997376, "elapsed_s": 968.0, "coordination_ring_sparse20": 29.0, "coordination_ring_potter0_20": 0.15, "large_room_sparse20": 0.0, "large_room_potter0_20": 0.15}
[pair_H] {"steps": 999424, "elapsed_s": 969.6, "coordination_ring_sparse20": 31.0, "coordination_ring_potter0_20": 0.15, "large_room_sparse20": 0.0, "large_room_potter0_20": 0.2}
[pair_H] {"steps": 1001472, "elapsed_s": 971.2, "coordination_ring_sparse20": 24.0, "coordination_ring_potter0_20": 0.1, "large_room_sparse20": 0.0, "large_room_potter0_20": 0.2}
[pair_H] {"steps": 1003520, "elapsed_s": 972.9, "coordination_ring_sparse20": 21.0, "coordination_ring_potter0_20": 0.1, "large_room_sparse20": 0.0, "large_room_potter0_20": 0.25}
[pair_H] {"steps": 1005568, "elapsed_s": 974.6, "coordination_ring_sparse20": 28.0, "coordination_ring_potter0_20": 0.05, "large_room_sparse20": 0.0, "large_room_potter0_20": 0.2}
[pair_H] {"steps": 1007616, "elapsed_s": 976.3, "coordination_ring_sparse20": 29.0, "coordination_ring_potter0_20": 0.05, "large_room_sparse20": 0.0, "large_room_potter0_20": 0.25}
[pair_H] {"steps": 1009664, "elapsed_s": 978.1, "coordination_ring_sparse20": 31.0, "coordination_ring_potter0_20": 0.0, "large_room_sparse20": 0.0, "large_room_potter0_20": 0.2}
[pair_H] {"steps": 1011712, "elapsed_s": 979.8, "coordination_ring_sparse20": 31.0, "coordination_ring_potter0_20": 0.0, "large_room_sparse20": 0.0, "large_room_potter0_20": 0.2}
[pair_H] {"steps": 1013760, "elapsed_s": 981.5, "coordination_ring_sparse20": 34.0, "coordination_ring_potter0_20": 0.0, "large_room_sparse20": 0.0, "large_room_potter0_20": 0.2}
[pair_H] {"steps": 1015808, "elapsed_s": 983.2, "coordination_ring_sparse20": 34.0, "coordination_ring_potter0_20": 0.0, "large_room_sparse20": 0.0, "large_room_potter0_20": 0.1}
[pair_H] {"steps": 1017856, "elapsed_s": 984.8, "coordination_ring_sparse20": 32.0, "coordination_ring_potter0_20": 0.0, "large_room_sparse20": 0.0, "large_room_potter0_20": 0.05}
[pair_H] {"steps": 1019904, "elapsed_s": 986.4, "coordination_ring_sparse20": 34.0, "coordination_ring_potter0_20": 0.05, "large_room_sparse20": 0.0, "large_room_potter0_20": 0.0}
[pair_H] {"steps": 1021952, "elapsed_s": 988.1, "coordination_ring_sparse20": 35.0, "coordination_ring_potter0_20": 0.05, "large_room_sparse20": 0.0, "large_room_potter0_20": 0.0}
[pair_H] {"steps": 1024000, "elapsed_s": 989.9, "coordination_ring_sparse20": 33.0, "coordination_ring_potter0_20": 0.05, "large_room_sparse20": 0.0, "large_room_potter0_20": 0.0}
[pair_H] {"steps": 1026048, "elapsed_s": 991.9, "coordination_ring_sparse20": 33.0, "coordination_ring_potter0_20": 0.05, "large_room_sparse20": 0.0, "large_room_potter0_20": 0.05}
[pair_H] {"steps": 1028096, "elapsed_s": 993.7, "coordination_ring_sparse20": 34.0, "coordination_ring_potter0_20": 0.1, "large_room_sparse20": 0.0, "large_room_potter0_20": 0.05}
[pair_H] {"steps": 1030144, "elapsed_s": 995.4, "coordination_ring_sparse20": 32.0, "coordination_ring_potter0_20": 0.1, "large_room_sparse20": 0.0, "large_room_potter0_20": 0.1}
[pair_H] {"steps": 1032192, "elapsed_s": 997.4, "coordination_ring_sparse20": 34.0, "coordination_ring_potter0_20": 0.1, "large_room_sparse20": 0.0, "large_room_potter0_20": 0.1}
[pair_H] {"steps": 1034240, "elapsed_s": 999.6, "coordination_ring_sparse20": 36.0, "coordination_ring_potter0_20": 0.1, "large_room_sparse20": 0.0, "large_room_potter0_20": 0.1}
[pair_H] {"steps": 1036288, "elapsed_s": 1001.3, "coordination_ring_sparse20": 36.0, "coordination_ring_potter0_20": 0.1, "large_room_sparse20": 0.0, "large_room_potter0_20": 0.1}
[pair_H] {"steps": 1038336, "elapsed_s": 1003.6, "coordination_ring_sparse20": 35.0, "coordination_ring_potter0_20": 0.1, "large_room_sparse20": 0.0, "large_room_potter0_20": 0.1}
[pair_H] {"steps": 1040384, "elapsed_s": 1005.7, "coordination_ring_sparse20": 37.0, "coordination_ring_potter0_20": 0.1, "large_room_sparse20": 0.0, "large_room_potter0_20": 0.1}
[pair_H] {"steps": 1042432, "elapsed_s": 1007.4, "coordination_ring_sparse20": 36.0, "coordination_ring_potter0_20": 0.05, "large_room_sparse20": 0.0, "large_room_potter0_20": 0.1}
[pair_H] {"steps": 1044480, "elapsed_s": 1009.1, "coordination_ring_sparse20": 36.0, "coordination_ring_potter0_20": 0.05, "large_room_sparse20": 0.0, "large_room_potter0_20": 0.1}
[pair_H] {"steps": 1046528, "elapsed_s": 1011.1, "coordination_ring_sparse20": 32.0, "coordination_ring_potter0_20": 0.05, "large_room_sparse20": 0.0, "large_room_potter0_20": 0.15}
[pair_H] {"steps": 1048576, "elapsed_s": 1012.7, "coordination_ring_sparse20": 35.0, "coordination_ring_potter0_20": 0.0, "large_room_sparse20": 0.0, "large_room_potter0_20": 0.15}
[pair_H] {"steps": 1050624, "elapsed_s": 1014.4, "coordination_ring_sparse20": 35.0, "coordination_ring_potter0_20": 0.1, "large_room_sparse20": 0.0, "large_room_potter0_20": 0.2}
[pair_H] {"steps": 1052672, "elapsed_s": 1015.9, "coordination_ring_sparse20": 34.0, "coordination_ring_potter0_20": 0.1, "large_room_sparse20": 0.0, "large_room_potter0_20": 0.25}
[pair_H] {"steps": 1054720, "elapsed_s": 1017.6, "coordination_ring_sparse20": 36.0, "coordination_ring_potter0_20": 0.1, "large_room_sparse20": 0.0, "large_room_potter0_20": 0.3}
[pair_H] {"steps": 1056768, "elapsed_s": 1019.3, "coordination_ring_sparse20": 35.0, "coordination_ring_potter0_20": 0.1, "large_room_sparse20": 0.0, "large_room_potter0_20": 0.25}
[pair_H] {"steps": 1058816, "elapsed_s": 1021.0, "coordination_ring_sparse20": 38.0, "coordination_ring_potter0_20": 0.1, "large_room_sparse20": 0.0, "large_room_potter0_20": 0.25}
[pair_H] {"steps": 1060864, "elapsed_s": 1022.6, "coordination_ring_sparse20": 38.0, "coordination_ring_potter0_20": 0.1, "large_room_sparse20": 0.0, "large_room_potter0_20": 0.25}
[pair_H] {"steps": 1062912, "elapsed_s": 1024.4, "coordination_ring_sparse20": 35.0, "coordination_ring_potter0_20": 0.1, "large_room_sparse20": 0.0, "large_room_potter0_20": 0.2}
[pair_H] {"steps": 1064960, "elapsed_s": 1026.1, "coordination_ring_sparse20": 33.0, "coordination_ring_potter0_20": 0.05, "large_room_sparse20": 0.0, "large_room_potter0_20": 0.2}
[pair_H] {"steps": 1067008, "elapsed_s": 1027.6, "coordination_ring_sparse20": 31.0, "coordination_ring_potter0_20": 0.0, "large_room_sparse20": 0.0, "large_room_potter0_20": 0.15}
[pair_H] {"steps": 1069056, "elapsed_s": 1029.4, "coordination_ring_sparse20": 31.0, "coordination_ring_potter0_20": 0.0, "large_room_sparse20": 0.0, "large_room_potter0_20": 0.1}
[pair_H] {"steps": 1071104, "elapsed_s": 1031.0, "coordination_ring_sparse20": 28.0, "coordination_ring_potter0_20": 0.0, "large_room_sparse20": 0.0, "large_room_potter0_20": 0.1}
[pair_H] {"steps": 1073152, "elapsed_s": 1032.6, "coordination_ring_sparse20": 27.0, "coordination_ring_potter0_20": 0.0, "large_room_sparse20": 0.0, "large_room_potter0_20": 0.1}
[pair_H] {"steps": 1075200, "elapsed_s": 1034.1, "coordination_ring_sparse20": 27.0, "coordination_ring_potter0_20": 0.0, "large_room_sparse20": 0.0, "large_room_potter0_20": 0.15}
[pair_H] {"steps": 1077248, "elapsed_s": 1035.7, "coordination_ring_sparse20": 28.0, "coordination_ring_potter0_20": 0.0, "large_room_sparse20": 0.0, "large_room_potter0_20": 0.2}
[pair_H] {"steps": 1079296, "elapsed_s": 1037.4, "coordination_ring_sparse20": 27.0, "coordination_ring_potter0_20": 0.05, "large_room_sparse20": 0.0, "large_room_potter0_20": 0.25}
[pair_H] {"steps": 1081344, "elapsed_s": 1038.9, "coordination_ring_sparse20": 26.0, "coordination_ring_potter0_20": 0.05, "large_room_sparse20": 0.0, "large_room_potter0_20": 0.25}
[pair_H] {"steps": 1083392, "elapsed_s": 1040.4, "coordination_ring_sparse20": 29.0, "coordination_ring_potter0_20": 0.1, "large_room_sparse20": 0.0, "large_room_potter0_20": 0.25}
[pair_H] {"steps": 1085440, "elapsed_s": 1042.1, "coordination_ring_sparse20": 31.0, "coordination_ring_potter0_20": 0.1, "large_room_sparse20": 0.0, "large_room_potter0_20": 0.25}
[pair_H] {"steps": 1087488, "elapsed_s": 1043.7, "coordination_ring_sparse20": 33.0, "coordination_ring_potter0_20": 0.2, "large_room_sparse20": 0.0, "large_room_potter0_20": 0.25}
[pair_H] {"steps": 1089536, "elapsed_s": 1045.3, "coordination_ring_sparse20": 35.0, "coordination_ring_potter0_20": 0.2, "large_room_sparse20": 0.0, "large_room_potter0_20": 0.2}
[pair_H] {"steps": 1091584, "elapsed_s": 1046.9, "coordination_ring_sparse20": 33.0, "coordination_ring_potter0_20": 0.2, "large_room_sparse20": 0.0, "large_room_potter0_20": 0.25}
[pair_H] {"steps": 1093632, "elapsed_s": 1048.5, "coordination_ring_sparse20": 37.0, "coordination_ring_potter0_20": 0.2, "large_room_sparse20": 0.0, "large_room_potter0_20": 0.2}
[pair_H] {"steps": 1095680, "elapsed_s": 1050.3, "coordination_ring_sparse20": 37.0, "coordination_ring_potter0_20": 0.2, "large_room_sparse20": 0.0, "large_room_potter0_20": 0.15}
[pair_H] {"steps": 1097728, "elapsed_s": 1052.0, "coordination_ring_sparse20": 38.0, "coordination_ring_potter0_20": 0.15, "large_room_sparse20": 0.0, "large_room_potter0_20": 0.15}
[pair_H] {"steps": 1099776, "elapsed_s": 1053.7, "coordination_ring_sparse20": 43.0, "coordination_ring_potter0_20": 0.1, "large_room_sparse20": 0.0, "large_room_potter0_20": 0.05}
[pair_H] {"steps": 1101824, "elapsed_s": 1055.2, "coordination_ring_sparse20": 41.0, "coordination_ring_potter0_20": 0.05, "large_room_sparse20": 0.0, "large_room_potter0_20": 0.05}
[pair_H] {"steps": 1103872, "elapsed_s": 1056.9, "coordination_ring_sparse20": 43.0, "coordination_ring_potter0_20": 0.0, "large_room_sparse20": 0.0, "large_room_potter0_20": 0.05}
[pair_H] {"steps": 1105920, "elapsed_s": 1058.5, "coordination_ring_sparse20": 43.0, "coordination_ring_potter0_20": 0.0, "large_room_sparse20": 0.0, "large_room_potter0_20": 0.05}
[pair_H] {"steps": 1107968, "elapsed_s": 1060.0, "coordination_ring_sparse20": 42.0, "coordination_ring_potter0_20": 0.0, "large_room_sparse20": 0.0, "large_room_potter0_20": 0.05}
[pair_H] {"steps": 1110016, "elapsed_s": 1061.7, "coordination_ring_sparse20": 43.0, "coordination_ring_potter0_20": 0.0, "large_room_sparse20": 0.0, "large_room_potter0_20": 0.0}
[pair_H] {"steps": 1112064, "elapsed_s": 1063.8, "coordination_ring_sparse20": 37.0, "coordination_ring_potter0_20": 0.0, "large_room_sparse20": 0.0, "large_room_potter0_20": 0.0}
[pair_H] {"steps": 1114112, "elapsed_s": 1065.7, "coordination_ring_sparse20": 35.0, "coordination_ring_potter0_20": 0.0, "large_room_sparse20": 0.0, "large_room_potter0_20": 0.05}
[pair_H] {"steps": 1116160, "elapsed_s": 1067.4, "coordination_ring_sparse20": 34.0, "coordination_ring_potter0_20": 0.0, "large_room_sparse20": 0.0, "large_room_potter0_20": 0.05}
[pair_H] {"steps": 1118208, "elapsed_s": 1069.0, "coordination_ring_sparse20": 33.0, "coordination_ring_potter0_20": 0.0, "large_room_sparse20": 0.0, "large_room_potter0_20": 0.1}
[pair_H] {"steps": 1120256, "elapsed_s": 1070.6, "coordination_ring_sparse20": 29.0, "coordination_ring_potter0_20": 0.05, "large_room_sparse20": 0.0, "large_room_potter0_20": 0.15}
[pair_H] {"steps": 1122304, "elapsed_s": 1072.2, "coordination_ring_sparse20": 29.0, "coordination_ring_potter0_20": 0.1, "large_room_sparse20": 0.0, "large_room_potter0_20": 0.15}
[pair_H] {"steps": 1124352, "elapsed_s": 1074.1, "coordination_ring_sparse20": 29.0, "coordination_ring_potter0_20": 0.15, "large_room_sparse20": 0.0, "large_room_potter0_20": 0.2}
[pair_H] {"steps": 1126400, "elapsed_s": 1076.4, "coordination_ring_sparse20": 29.0, "coordination_ring_potter0_20": 0.15, "large_room_sparse20": 0.0, "large_room_potter0_20": 0.25}
[pair_H] {"steps": 1128448, "elapsed_s": 1078.7, "coordination_ring_sparse20": 34.0, "coordination_ring_potter0_20": 0.15, "large_room_sparse20": 0.0, "large_room_potter0_20": 0.25}
[pair_H] {"steps": 1130496, "elapsed_s": 1080.5, "coordination_ring_sparse20": 33.0, "coordination_ring_potter0_20": 0.15, "large_room_sparse20": 0.0, "large_room_potter0_20": 0.25}
[pair_H] {"steps": 1132544, "elapsed_s": 1081.9, "coordination_ring_sparse20": 34.0, "coordination_ring_potter0_20": 0.1, "large_room_sparse20": 0.0, "large_room_potter0_20": 0.25}
[pair_H] {"steps": 1134592, "elapsed_s": 1083.5, "coordination_ring_sparse20": 35.0, "coordination_ring_potter0_20": 0.15, "large_room_sparse20": 0.0, "large_room_potter0_20": 0.2}
[pair_H] {"steps": 1136640, "elapsed_s": 1085.3, "coordination_ring_sparse20": 40.0, "coordination_ring_potter0_20": 0.15, "large_room_sparse20": 0.0, "large_room_potter0_20": 0.2}
[pair_H] {"steps": 1138688, "elapsed_s": 1087.1, "coordination_ring_sparse20": 38.0, "coordination_ring_potter0_20": 0.15, "large_room_sparse20": 0.0, "large_room_potter0_20": 0.2}
[pair_H] {"steps": 1140736, "elapsed_s": 1088.8, "coordination_ring_sparse20": 38.0, "coordination_ring_potter0_20": 0.15, "large_room_sparse20": 0.0, "large_room_potter0_20": 0.2}
[pair_H] {"steps": 1142784, "elapsed_s": 1090.4, "coordination_ring_sparse20": 40.0, "coordination_ring_potter0_20": 0.15, "large_room_sparse20": 0.0, "large_room_potter0_20": 0.25}
[pair_H] {"steps": 1144832, "elapsed_s": 1092.5, "coordination_ring_sparse20": 39.0, "coordination_ring_potter0_20": 0.1, "large_room_sparse20": 0.0, "large_room_potter0_20": 0.25}
[pair_H] {"steps": 1146880, "elapsed_s": 1094.5, "coordination_ring_sparse20": 36.0, "coordination_ring_potter0_20": 0.1, "large_room_sparse20": 0.0, "large_room_potter0_20": 0.2}
[pair_H] {"steps": 1148928, "elapsed_s": 1096.3, "coordination_ring_sparse20": 35.0, "coordination_ring_potter0_20": 0.1, "large_room_sparse20": 0.0, "large_room_potter0_20": 0.2}
[pair_H] {"steps": 1150976, "elapsed_s": 1098.7, "coordination_ring_sparse20": 34.0, "coordination_ring_potter0_20": 0.05, "large_room_sparse20": 0.0, "large_room_potter0_20": 0.25}
[pair_H] {"steps": 1153024, "elapsed_s": 1100.3, "coordination_ring_sparse20": 31.0, "coordination_ring_potter0_20": 0.0, "large_room_sparse20": 0.0, "large_room_potter0_20": 0.25}
[pair_H] {"steps": 1155072, "elapsed_s": 1101.9, "coordination_ring_sparse20": 31.0, "coordination_ring_potter0_20": 0.0, "large_room_sparse20": 0.0, "large_room_potter0_20": 0.25}
[pair_H] {"steps": 1157120, "elapsed_s": 1103.5, "coordination_ring_sparse20": 31.0, "coordination_ring_potter0_20": 0.1, "large_room_sparse20": 0.0, "large_room_potter0_20": 0.25}
[pair_H] {"steps": 1159168, "elapsed_s": 1105.5, "coordination_ring_sparse20": 32.0, "coordination_ring_potter0_20": 0.1, "large_room_sparse20": 0.0, "large_room_potter0_20": 0.2}
[pair_H] {"steps": 1161216, "elapsed_s": 1107.7, "coordination_ring_sparse20": 30.0, "coordination_ring_potter0_20": 0.1, "large_room_sparse20": 0.0, "large_room_potter0_20": 0.2}
[pair_H] {"steps": 1163264, "elapsed_s": 1109.3, "coordination_ring_sparse20": 28.0, "coordination_ring_potter0_20": 0.1, "large_room_sparse20": 0.0, "large_room_potter0_20": 0.2}
[pair_H] {"steps": 1165312, "elapsed_s": 1111.0, "coordination_ring_sparse20": 24.0, "coordination_ring_potter0_20": 0.1, "large_room_sparse20": 0.0, "large_room_potter0_20": 0.15}
[pair_H] {"steps": 1167360, "elapsed_s": 1112.7, "coordination_ring_sparse20": 23.0, "coordination_ring_potter0_20": 0.15, "large_room_sparse20": 0.0, "large_room_potter0_20": 0.15}
[pair_H] {"steps": 1169408, "elapsed_s": 1114.4, "coordination_ring_sparse20": 22.0, "coordination_ring_potter0_20": 0.15, "large_room_sparse20": 0.0, "large_room_potter0_20": 0.15}
[pair_H] {"steps": 1171456, "elapsed_s": 1116.0, "coordination_ring_sparse20": 21.0, "coordination_ring_potter0_20": 0.15, "large_room_sparse20": 0.0, "large_room_potter0_20": 0.15}
[pair_H] {"steps": 1173504, "elapsed_s": 1117.9, "coordination_ring_sparse20": 21.0, "coordination_ring_potter0_20": 0.15, "large_room_sparse20": 0.0, "large_room_potter0_20": 0.2}
[pair_H] {"steps": 1175552, "elapsed_s": 1119.6, "coordination_ring_sparse20": 20.0, "coordination_ring_potter0_20": 0.15, "large_room_sparse20": 0.0, "large_room_potter0_20": 0.15}
[pair_H] {"steps": 1177600, "elapsed_s": 1121.2, "coordination_ring_sparse20": 18.0, "coordination_ring_potter0_20": 0.15, "large_room_sparse20": 0.0, "large_room_potter0_20": 0.15}
[pair_H] {"steps": 1179648, "elapsed_s": 1122.8, "coordination_ring_sparse20": 21.0, "coordination_ring_potter0_20": 0.2, "large_room_sparse20": 0.0, "large_room_potter0_20": 0.15}
[pair_H] {"steps": 1181696, "elapsed_s": 1124.5, "coordination_ring_sparse20": 26.0, "coordination_ring_potter0_20": 0.2, "large_room_sparse20": 0.0, "large_room_potter0_20": 0.15}
[pair_H] {"steps": 1183744, "elapsed_s": 1126.4, "coordination_ring_sparse20": 29.0, "coordination_ring_potter0_20": 0.2, "large_room_sparse20": 0.0, "large_room_potter0_20": 0.15}
[pair_H] {"steps": 1185792, "elapsed_s": 1128.1, "coordination_ring_sparse20": 31.0, "coordination_ring_potter0_20": 0.2, "large_room_sparse20": 0.0, "large_room_potter0_20": 0.15}
[pair_H] {"steps": 1187840, "elapsed_s": 1129.7, "coordination_ring_sparse20": 33.0, "coordination_ring_potter0_20": 0.15, "large_room_sparse20": 0.0, "large_room_potter0_20": 0.15}
[pair_H] {"steps": 1189888, "elapsed_s": 1131.3, "coordination_ring_sparse20": 37.0, "coordination_ring_potter0_20": 0.15, "large_room_sparse20": 0.0, "large_room_potter0_20": 0.15}
[pair_H] {"steps": 1191936, "elapsed_s": 1133.0, "coordination_ring_sparse20": 37.0, "coordination_ring_potter0_20": 0.1, "large_room_sparse20": 0.0, "large_room_potter0_20": 0.1}
[pair_H] {"steps": 1193984, "elapsed_s": 1134.5, "coordination_ring_sparse20": 41.0, "coordination_ring_potter0_20": 0.05, "large_room_sparse20": 0.0, "large_room_potter0_20": 0.1}
[pair_H] {"steps": 1196032, "elapsed_s": 1136.2, "coordination_ring_sparse20": 41.0, "coordination_ring_potter0_20": 0.05, "large_room_sparse20": 0.0, "large_room_potter0_20": 0.1}
[pair_H] {"steps": 1198080, "elapsed_s": 1137.9, "coordination_ring_sparse20": 38.0, "coordination_ring_potter0_20": 0.05, "large_room_sparse20": 0.0, "large_room_potter0_20": 0.1}
[pair_H] {"steps": 1200128, "elapsed_s": 1139.5, "coordination_ring_sparse20": 42.0, "coordination_ring_potter0_20": 0.05, "large_room_sparse20": 0.0, "large_room_potter0_20": 0.15}
[pair_H] {"steps": 1202176, "elapsed_s": 1141.2, "coordination_ring_sparse20": 36.0, "coordination_ring_potter0_20": 0.0, "large_room_sparse20": 0.0, "large_room_potter0_20": 0.2}
[pair_H] {"steps": 1204224, "elapsed_s": 1142.9, "coordination_ring_sparse20": 37.0, "coordination_ring_potter0_20": 0.0, "large_room_sparse20": 0.0, "large_room_potter0_20": 0.2}
[pair_H] {"steps": 1206272, "elapsed_s": 1144.4, "coordination_ring_sparse20": 38.0, "coordination_ring_potter0_20": 0.0, "large_room_sparse20": 0.0, "large_room_potter0_20": 0.15}
[pair_H] {"steps": 1208320, "elapsed_s": 1146.1, "coordination_ring_sparse20": 29.0, "coordination_ring_potter0_20": 0.1, "large_room_sparse20": 0.0, "large_room_potter0_20": 0.15}
[pair_H] {"steps": 1210368, "elapsed_s": 1148.1, "coordination_ring_sparse20": 29.0, "coordination_ring_potter0_20": 0.1, "large_room_sparse20": 0.0, "large_room_potter0_20": 0.15}
[pair_H] {"steps": 1212416, "elapsed_s": 1149.8, "coordination_ring_sparse20": 30.0, "coordination_ring_potter0_20": 0.15, "large_room_sparse20": 0.0, "large_room_potter0_20": 0.15}
[pair_H] {"steps": 1214464, "elapsed_s": 1151.3, "coordination_ring_sparse20": 35.0, "coordination_ring_potter0_20": 0.15, "large_room_sparse20": 0.0, "large_room_potter0_20": 0.15}
[pair_H] {"steps": 1216512, "elapsed_s": 1152.8, "coordination_ring_sparse20": 31.0, "coordination_ring_potter0_20": 0.15, "large_room_sparse20": 0.0, "large_room_potter0_20": 0.1}
[pair_H] {"steps": 1218560, "elapsed_s": 1154.5, "coordination_ring_sparse20": 31.0, "coordination_ring_potter0_20": 0.15, "large_room_sparse20": 0.0, "large_room_potter0_20": 0.1}
[pair_H] {"steps": 1220608, "elapsed_s": 1156.2, "coordination_ring_sparse20": 31.0, "coordination_ring_potter0_20": 0.2, "large_room_sparse20": 0.0, "large_room_potter0_20": 0.05}
[pair_H] {"steps": 1222656, "elapsed_s": 1157.8, "coordination_ring_sparse20": 31.0, "coordination_ring_potter0_20": 0.2, "large_room_sparse20": 0.0, "large_room_potter0_20": 0.1}
[pair_H] {"steps": 1224704, "elapsed_s": 1159.2, "coordination_ring_sparse20": 27.0, "coordination_ring_potter0_20": 0.1, "large_room_sparse20": 0.0, "large_room_potter0_20": 0.1}
[pair_H] {"steps": 1226752, "elapsed_s": 1160.7, "coordination_ring_sparse20": 28.0, "coordination_ring_potter0_20": 0.15, "large_room_sparse20": 0.0, "large_room_potter0_20": 0.1}
[pair_H] {"steps": 1228800, "elapsed_s": 1162.3, "coordination_ring_sparse20": 27.0, "coordination_ring_potter0_20": 0.15, "large_room_sparse20": 0.0, "large_room_potter0_20": 0.15}
[pair_H] {"steps": 1230848, "elapsed_s": 1163.9, "coordination_ring_sparse20": 30.0, "coordination_ring_potter0_20": 0.15, "large_room_sparse20": 0.0, "large_room_potter0_20": 0.15}
[pair_H] {"steps": 1232896, "elapsed_s": 1165.6, "coordination_ring_sparse20": 30.0, "coordination_ring_potter0_20": 0.15, "large_room_sparse20": 0.0, "large_room_potter0_20": 0.1}
[pair_H] {"steps": 1234944, "elapsed_s": 1167.2, "coordination_ring_sparse20": 30.0, "coordination_ring_potter0_20": 0.15, "large_room_sparse20": 0.0, "large_room_potter0_20": 0.1}
[pair_H] {"steps": 1236992, "elapsed_s": 1168.8, "coordination_ring_sparse20": 31.0, "coordination_ring_potter0_20": 0.1, "large_room_sparse20": 0.0, "large_room_potter0_20": 0.15}
[pair_H] {"steps": 1239040, "elapsed_s": 1170.4, "coordination_ring_sparse20": 35.0, "coordination_ring_potter0_20": 0.1, "large_room_sparse20": 0.0, "large_room_potter0_20": 0.15}
[pair_H] {"steps": 1241088, "elapsed_s": 1172.1, "coordination_ring_sparse20": 36.0, "coordination_ring_potter0_20": 0.1, "large_room_sparse20": 0.0, "large_room_potter0_20": 0.15}
[pair_H] {"steps": 1243136, "elapsed_s": 1173.9, "coordination_ring_sparse20": 35.0, "coordination_ring_potter0_20": 0.05, "large_room_sparse20": 0.0, "large_room_potter0_20": 0.1}
[pair_H] {"steps": 1245184, "elapsed_s": 1175.8, "coordination_ring_sparse20": 32.0, "coordination_ring_potter0_20": 0.0, "large_room_sparse20": 0.0, "large_room_potter0_20": 0.15}
[pair_H] {"steps": 1247232, "elapsed_s": 1177.5, "coordination_ring_sparse20": 29.0, "coordination_ring_potter0_20": 0.0, "large_room_sparse20": 0.0, "large_room_potter0_20": 0.3}
[pair_H] {"steps": 1249280, "elapsed_s": 1179.3, "coordination_ring_sparse20": 29.0, "coordination_ring_potter0_20": 0.0, "large_room_sparse20": 0.0, "large_room_potter0_20": 0.3}
[pair_H] {"steps": 1251328, "elapsed_s": 1181.4, "coordination_ring_sparse20": 26.0, "coordination_ring_potter0_20": 0.0, "large_room_sparse20": 0.0, "large_room_potter0_20": 0.3}
[pair_H] {"steps": 1253376, "elapsed_s": 1183.1, "coordination_ring_sparse20": 22.0, "coordination_ring_potter0_20": 0.0, "large_room_sparse20": 0.0, "large_room_potter0_20": 0.35}
[pair_H] {"steps": 1255424, "elapsed_s": 1185.3, "coordination_ring_sparse20": 16.0, "coordination_ring_potter0_20": 0.05, "large_room_sparse20": 0.0, "large_room_potter0_20": 0.45}
[pair_H] {"steps": 1257472, "elapsed_s": 1187.5, "coordination_ring_sparse20": 14.0, "coordination_ring_potter0_20": 0.05, "large_room_sparse20": 0.0, "large_room_potter0_20": 0.45}
[pair_H] {"steps": 1259520, "elapsed_s": 1189.5, "coordination_ring_sparse20": 13.0, "coordination_ring_potter0_20": 0.1, "large_room_sparse20": 0.0, "large_room_potter0_20": 0.55}
[pair_H] {"steps": 1261568, "elapsed_s": 1191.3, "coordination_ring_sparse20": 17.0, "coordination_ring_potter0_20": 0.1, "large_room_sparse20": 0.0, "large_room_potter0_20": 0.55}
[pair_H] {"steps": 1263616, "elapsed_s": 1192.8, "coordination_ring_sparse20": 15.0, "coordination_ring_potter0_20": 0.1, "large_room_sparse20": 0.0, "large_room_potter0_20": 0.55}
[pair_H] {"steps": 1265664, "elapsed_s": 1194.4, "coordination_ring_sparse20": 18.0, "coordination_ring_potter0_20": 0.1, "large_room_sparse20": 0.0, "large_room_potter0_20": 0.45}
[pair_H] {"steps": 1267712, "elapsed_s": 1196.4, "coordination_ring_sparse20": 27.0, "coordination_ring_potter0_20": 0.05, "large_room_sparse20": 0.0, "large_room_potter0_20": 0.4}
[pair_H] {"steps": 1269760, "elapsed_s": 1198.5, "coordination_ring_sparse20": 36.0, "coordination_ring_potter0_20": 0.0, "large_room_sparse20": 0.0, "large_room_potter0_20": 0.4}
[pair_H] {"steps": 1271808, "elapsed_s": 1200.6, "coordination_ring_sparse20": 38.0, "coordination_ring_potter0_20": 0.0, "large_room_sparse20": 0.0, "large_room_potter0_20": 0.35}
[pair_H] {"steps": 1273856, "elapsed_s": 1202.2, "coordination_ring_sparse20": 39.0, "coordination_ring_potter0_20": 0.0, "large_room_sparse20": 0.0, "large_room_potter0_20": 0.35}
[pair_H] {"steps": 1275904, "elapsed_s": 1203.7, "coordination_ring_sparse20": 44.0, "coordination_ring_potter0_20": 0.0, "large_room_sparse20": 0.0, "large_room_potter0_20": 0.4}
[pair_H] {"steps": 1277952, "elapsed_s": 1205.5, "coordination_ring_sparse20": 45.0, "coordination_ring_potter0_20": 0.0, "large_room_sparse20": 0.0, "large_room_potter0_20": 0.25}
[pair_H] {"steps": 1280000, "elapsed_s": 1207.4, "coordination_ring_sparse20": 46.0, "coordination_ring_potter0_20": 0.0, "large_room_sparse20": 0.0, "large_room_potter0_20": 0.15}
[pair_H] {"steps": 1282048, "elapsed_s": 1209.2, "coordination_ring_sparse20": 45.0, "coordination_ring_potter0_20": 0.0, "large_room_sparse20": 0.0, "large_room_potter0_20": 0.1}
[pair_H] {"steps": 1284096, "elapsed_s": 1210.8, "coordination_ring_sparse20": 43.0, "coordination_ring_potter0_20": 0.05, "large_room_sparse20": 0.0, "large_room_potter0_20": 0.15}
[pair_H] {"steps": 1286144, "elapsed_s": 1212.8, "coordination_ring_sparse20": 36.0, "coordination_ring_potter0_20": 0.05, "large_room_sparse20": 0.0, "large_room_potter0_20": 0.25}
[pair_H] {"steps": 1288192, "elapsed_s": 1214.5, "coordination_ring_sparse20": 36.0, "coordination_ring_potter0_20": 0.05, "large_room_sparse20": 0.0, "large_room_potter0_20": 0.3}
[pair_H] {"steps": 1290240, "elapsed_s": 1216.4, "coordination_ring_sparse20": 40.0, "coordination_ring_potter0_20": 0.1, "large_room_sparse20": 0.0, "large_room_potter0_20": 0.35}
[pair_H] {"steps": 1292288, "elapsed_s": 1217.9, "coordination_ring_sparse20": 38.0, "coordination_ring_potter0_20": 0.15, "large_room_sparse20": 0.0, "large_room_potter0_20": 0.3}
[pair_H] {"steps": 1294336, "elapsed_s": 1219.6, "coordination_ring_sparse20": 36.0, "coordination_ring_potter0_20": 0.1, "large_room_sparse20": 0.0, "large_room_potter0_20": 0.25}
[pair_H] {"steps": 1296384, "elapsed_s": 1221.1, "coordination_ring_sparse20": 38.0, "coordination_ring_potter0_20": 0.15, "large_room_sparse20": 0.0, "large_room_potter0_20": 0.3}
[pair_H] {"steps": 1298432, "elapsed_s": 1222.9, "coordination_ring_sparse20": 40.0, "coordination_ring_potter0_20": 0.15, "large_room_sparse20": 0.0, "large_room_potter0_20": 0.35}
[pair_H] {"steps": 1300480, "elapsed_s": 1224.6, "coordination_ring_sparse20": 42.0, "coordination_ring_potter0_20": 0.15, "large_room_sparse20": 0.0, "large_room_potter0_20": 0.4}
[pair_H] {"steps": 1302528, "elapsed_s": 1226.2, "coordination_ring_sparse20": 44.0, "coordination_ring_potter0_20": 0.15, "large_room_sparse20": 0.0, "large_room_potter0_20": 0.45}
[pair_H] {"steps": 1304576, "elapsed_s": 1227.9, "coordination_ring_sparse20": 37.0, "coordination_ring_potter0_20": 0.15, "large_room_sparse20": 0.0, "large_room_potter0_20": 0.4}
[pair_H] {"steps": 1306624, "elapsed_s": 1229.5, "coordination_ring_sparse20": 39.0, "coordination_ring_potter0_20": 0.15, "large_room_sparse20": 0.0, "large_room_potter0_20": 0.35}
[pair_H] {"steps": 1308672, "elapsed_s": 1231.2, "coordination_ring_sparse20": 44.0, "coordination_ring_potter0_20": 0.1, "large_room_sparse20": 0.0, "large_room_potter0_20": 0.3}
[pair_H] {"steps": 1310720, "elapsed_s": 1232.9, "coordination_ring_sparse20": 43.0, "coordination_ring_potter0_20": 0.15, "large_room_sparse20": 0.0, "large_room_potter0_20": 0.3}
[pair_H] {"steps": 1312768, "elapsed_s": 1234.5, "coordination_ring_sparse20": 47.0, "coordination_ring_potter0_20": 0.1, "large_room_sparse20": 0.0, "large_room_potter0_20": 0.3}
[pair_H] {"steps": 1314816, "elapsed_s": 1236.2, "coordination_ring_sparse20": 49.0, "coordination_ring_potter0_20": 0.1, "large_room_sparse20": 0.0, "large_room_potter0_20": 0.3}
[pair_H] {"steps": 1316864, "elapsed_s": 1238.2, "coordination_ring_sparse20": 46.0, "coordination_ring_potter0_20": 0.1, "large_room_sparse20": 0.0, "large_room_potter0_20": 0.25}
[pair_H] {"steps": 1318912, "elapsed_s": 1240.1, "coordination_ring_sparse20": 48.0, "coordination_ring_potter0_20": 0.05, "large_room_sparse20": 0.0, "large_room_potter0_20": 0.2}
[pair_H] {"steps": 1320960, "elapsed_s": 1242.0, "coordination_ring_sparse20": 45.0, "coordination_ring_potter0_20": 0.05, "large_room_sparse20": 0.0, "large_room_potter0_20": 0.25}
[pair_H] {"steps": 1323008, "elapsed_s": 1243.5, "coordination_ring_sparse20": 44.0, "coordination_ring_potter0_20": 0.05, "large_room_sparse20": 0.0, "large_room_potter0_20": 0.2}
[pair_H] {"steps": 1325056, "elapsed_s": 1245.1, "coordination_ring_sparse20": 38.0, "coordination_ring_potter0_20": 0.1, "large_room_sparse20": 0.0, "large_room_potter0_20": 0.2}
[pair_H] {"steps": 1327104, "elapsed_s": 1246.9, "coordination_ring_sparse20": 35.0, "coordination_ring_potter0_20": 0.15, "large_room_sparse20": 0.0, "large_room_potter0_20": 0.15}
[pair_H] {"steps": 1329152, "elapsed_s": 1248.4, "coordination_ring_sparse20": 33.0, "coordination_ring_potter0_20": 0.1, "large_room_sparse20": 0.0, "large_room_potter0_20": 0.15}
[pair_H] {"steps": 1331200, "elapsed_s": 1250.1, "coordination_ring_sparse20": 31.0, "coordination_ring_potter0_20": 0.1, "large_room_sparse20": 0.0, "large_room_potter0_20": 0.15}
[pair_H] {"steps": 1333248, "elapsed_s": 1251.9, "coordination_ring_sparse20": 25.0, "coordination_ring_potter0_20": 0.15, "large_room_sparse20": 0.0, "large_room_potter0_20": 0.15}
[pair_H] {"steps": 1335296, "elapsed_s": 1253.5, "coordination_ring_sparse20": 23.0, "coordination_ring_potter0_20": 0.15, "large_room_sparse20": 0.0, "large_room_potter0_20": 0.1}
[pair_H] {"steps": 1337344, "elapsed_s": 1255.2, "coordination_ring_sparse20": 31.0, "coordination_ring_potter0_20": 0.15, "large_room_sparse20": 0.0, "large_room_potter0_20": 0.05}
[pair_H] {"steps": 1339392, "elapsed_s": 1256.9, "coordination_ring_sparse20": 36.0, "coordination_ring_potter0_20": 0.15, "large_room_sparse20": 0.0, "large_room_potter0_20": 0.1}
[pair_H] {"steps": 1341440, "elapsed_s": 1259.1, "coordination_ring_sparse20": 35.0, "coordination_ring_potter0_20": 0.15, "large_room_sparse20": 0.0, "large_room_potter0_20": 0.15}
[pair_H] {"steps": 1343488, "elapsed_s": 1261.3, "coordination_ring_sparse20": 37.0, "coordination_ring_potter0_20": 0.05, "large_room_sparse20": 0.0, "large_room_potter0_20": 0.15}
[pair_H] {"steps": 1345536, "elapsed_s": 1263.5, "coordination_ring_sparse20": 36.0, "coordination_ring_potter0_20": 0.05, "large_room_sparse20": 0.0, "large_room_potter0_20": 0.15}
[pair_H] {"steps": 1347584, "elapsed_s": 1265.1, "coordination_ring_sparse20": 39.0, "coordination_ring_potter0_20": 0.05, "large_room_sparse20": 0.0, "large_room_potter0_20": 0.15}
[pair_H] {"steps": 1349632, "elapsed_s": 1266.7, "coordination_ring_sparse20": 40.0, "coordination_ring_potter0_20": 0.0, "large_room_sparse20": 0.0, "large_room_potter0_20": 0.1}
[pair_H] {"steps": 1351680, "elapsed_s": 1268.8, "coordination_ring_sparse20": 35.0, "coordination_ring_potter0_20": 0.0, "large_room_sparse20": 0.0, "large_room_potter0_20": 0.1}
[pair_H] {"steps": 1353728, "elapsed_s": 1270.4, "coordination_ring_sparse20": 41.0, "coordination_ring_potter0_20": 0.0, "large_room_sparse20": 0.0, "large_room_potter0_20": 0.1}
[pair_H] {"steps": 1355776, "elapsed_s": 1272.1, "coordination_ring_sparse20": 40.0, "coordination_ring_potter0_20": 0.05, "large_room_sparse20": 0.0, "large_room_potter0_20": 0.1}
[pair_H] {"steps": 1357824, "elapsed_s": 1273.8, "coordination_ring_sparse20": 41.0, "coordination_ring_potter0_20": 0.05, "large_room_sparse20": 0.0, "large_room_potter0_20": 0.1}
[pair_H] {"steps": 1359872, "elapsed_s": 1275.6, "coordination_ring_sparse20": 41.0, "coordination_ring_potter0_20": 0.05, "large_room_sparse20": 0.0, "large_room_potter0_20": 0.15}
[pair_H] {"steps": 1361920, "elapsed_s": 1277.2, "coordination_ring_sparse20": 39.0, "coordination_ring_potter0_20": 0.05, "large_room_sparse20": 0.0, "large_room_potter0_20": 0.05}
[pair_H] {"steps": 1363968, "elapsed_s": 1278.9, "coordination_ring_sparse20": 37.0, "coordination_ring_potter0_20": 0.05, "large_room_sparse20": 0.0, "large_room_potter0_20": 0.1}
[pair_H] {"steps": 1366016, "elapsed_s": 1280.6, "coordination_ring_sparse20": 34.0, "coordination_ring_potter0_20": 0.05, "large_room_sparse20": 0.0, "large_room_potter0_20": 0.1}
[pair_H] {"steps": 1368064, "elapsed_s": 1282.3, "coordination_ring_sparse20": 32.0, "coordination_ring_potter0_20": 0.05, "large_room_sparse20": 0.0, "large_room_potter0_20": 0.15}
[pair_H] {"steps": 1370112, "elapsed_s": 1283.8, "coordination_ring_sparse20": 31.0, "coordination_ring_potter0_20": 0.0, "large_room_sparse20": 0.0, "large_room_potter0_20": 0.15}
[pair_H] {"steps": 1372160, "elapsed_s": 1285.5, "coordination_ring_sparse20": 27.0, "coordination_ring_potter0_20": 0.0, "large_room_sparse20": 0.0, "large_room_potter0_20": 0.15}
[pair_H] {"steps": 1374208, "elapsed_s": 1287.0, "coordination_ring_sparse20": 39.0, "coordination_ring_potter0_20": 0.0, "large_room_sparse20": 0.0, "large_room_potter0_20": 0.15}
[pair_H] {"steps": 1376256, "elapsed_s": 1288.7, "coordination_ring_sparse20": 37.0, "coordination_ring_potter0_20": 0.0, "large_room_sparse20": 0.0, "large_room_potter0_20": 0.2}
[pair_H] {"steps": 1378304, "elapsed_s": 1290.9, "coordination_ring_sparse20": 36.0, "coordination_ring_potter0_20": 0.0, "large_room_sparse20": 0.0, "large_room_potter0_20": 0.2}
[pair_H] {"steps": 1380352, "elapsed_s": 1292.6, "coordination_ring_sparse20": 35.0, "coordination_ring_potter0_20": 0.0, "large_room_sparse20": 0.0, "large_room_potter0_20": 0.15}
[pair_H] {"steps": 1382400, "elapsed_s": 1294.3, "coordination_ring_sparse20": 32.0, "coordination_ring_potter0_20": 0.0, "large_room_sparse20": 0.0, "large_room_potter0_20": 0.1}
[pair_H] {"steps": 1384448, "elapsed_s": 1296.0, "coordination_ring_sparse20": 31.0, "coordination_ring_potter0_20": 0.0, "large_room_sparse20": 0.0, "large_room_potter0_20": 0.1}
[pair_H] {"steps": 1386496, "elapsed_s": 1297.6, "coordination_ring_sparse20": 34.0, "coordination_ring_potter0_20": 0.0, "large_room_sparse20": 0.0, "large_room_potter0_20": 0.1}
[pair_H] {"steps": 1388544, "elapsed_s": 1299.2, "coordination_ring_sparse20": 32.0, "coordination_ring_potter0_20": 0.0, "large_room_sparse20": 0.0, "large_room_potter0_20": 0.05}
[pair_H] {"steps": 1390592, "elapsed_s": 1301.0, "coordination_ring_sparse20": 31.0, "coordination_ring_potter0_20": 0.0, "large_room_sparse20": 0.0, "large_room_potter0_20": 0.05}
[pair_H] {"steps": 1392640, "elapsed_s": 1302.8, "coordination_ring_sparse20": 34.0, "coordination_ring_potter0_20": 0.0, "large_room_sparse20": 0.0, "large_room_potter0_20": 0.05}
[pair_H] {"steps": 1394688, "elapsed_s": 1304.8, "coordination_ring_sparse20": 37.0, "coordination_ring_potter0_20": 0.0, "large_room_sparse20": 0.0, "large_room_potter0_20": 0.05}
[pair_H] {"steps": 1396736, "elapsed_s": 1306.5, "coordination_ring_sparse20": 40.0, "coordination_ring_potter0_20": 0.0, "large_room_sparse20": 0.0, "large_room_potter0_20": 0.05}
[pair_H] {"steps": 1398784, "elapsed_s": 1308.1, "coordination_ring_sparse20": 42.0, "coordination_ring_potter0_20": 0.0, "large_room_sparse20": 0.0, "large_room_potter0_20": 0.05}
[pair_H] {"steps": 1400832, "elapsed_s": 1309.9, "coordination_ring_sparse20": 44.0, "coordination_ring_potter0_20": 0.0, "large_room_sparse20": 0.0, "large_room_potter0_20": 0.15}
[pair_H] {"steps": 1402880, "elapsed_s": 1311.5, "coordination_ring_sparse20": 44.0, "coordination_ring_potter0_20": 0.05, "large_room_sparse20": 0.0, "large_room_potter0_20": 0.2}
[pair_H] {"steps": 1404928, "elapsed_s": 1313.3, "coordination_ring_sparse20": 46.0, "coordination_ring_potter0_20": 0.05, "large_room_sparse20": 0.0, "large_room_potter0_20": 0.2}
[pair_H] {"steps": 1406976, "elapsed_s": 1314.9, "coordination_ring_sparse20": 44.0, "coordination_ring_potter0_20": 0.05, "large_room_sparse20": 0.0, "large_room_potter0_20": 0.25}
[pair_H] {"steps": 1409024, "elapsed_s": 1316.7, "coordination_ring_sparse20": 46.0, "coordination_ring_potter0_20": 0.05, "large_room_sparse20": 0.0, "large_room_potter0_20": 0.3}
[pair_H] {"steps": 1411072, "elapsed_s": 1318.6, "coordination_ring_sparse20": 41.0, "coordination_ring_potter0_20": 0.05, "large_room_sparse20": 0.0, "large_room_potter0_20": 0.25}
[pair_H] {"steps": 1413120, "elapsed_s": 1320.3, "coordination_ring_sparse20": 40.0, "coordination_ring_potter0_20": 0.05, "large_room_sparse20": 0.0, "large_room_potter0_20": 0.3}
[pair_H] {"steps": 1415168, "elapsed_s": 1322.0, "coordination_ring_sparse20": 38.0, "coordination_ring_potter0_20": 0.05, "large_room_sparse20": 0.0, "large_room_potter0_20": 0.3}
[pair_H] {"steps": 1417216, "elapsed_s": 1323.7, "coordination_ring_sparse20": 40.0, "coordination_ring_potter0_20": 0.0, "large_room_sparse20": 0.0, "large_room_potter0_20": 0.3}
[pair_H] {"steps": 1419264, "elapsed_s": 1325.7, "coordination_ring_sparse20": 36.0, "coordination_ring_potter0_20": 0.0, "large_room_sparse20": 0.0, "large_room_potter0_20": 0.25}
[pair_H] {"steps": 1421312, "elapsed_s": 1327.5, "coordination_ring_sparse20": 37.0, "coordination_ring_potter0_20": 0.0, "large_room_sparse20": 0.0, "large_room_potter0_20": 0.2}
[pair_H] {"steps": 1423360, "elapsed_s": 1329.6, "coordination_ring_sparse20": 33.0, "coordination_ring_potter0_20": 0.0, "large_room_sparse20": 0.0, "large_room_potter0_20": 0.2}
[pair_H] {"steps": 1425408, "elapsed_s": 1331.7, "coordination_ring_sparse20": 33.0, "coordination_ring_potter0_20": 0.05, "large_room_sparse20": 0.0, "large_room_potter0_20": 0.1}
[pair_H] {"steps": 1427456, "elapsed_s": 1334.0, "coordination_ring_sparse20": 35.0, "coordination_ring_potter0_20": 0.05, "large_room_sparse20": 0.0, "large_room_potter0_20": 0.1}
[pair_H] {"steps": 1429504, "elapsed_s": 1335.6, "coordination_ring_sparse20": 36.0, "coordination_ring_potter0_20": 0.05, "large_room_sparse20": 0.0, "large_room_potter0_20": 0.1}
[pair_H] {"steps": 1431552, "elapsed_s": 1337.3, "coordination_ring_sparse20": 35.0, "coordination_ring_potter0_20": 0.05, "large_room_sparse20": 0.0, "large_room_potter0_20": 0.15}
[pair_H] {"steps": 1433600, "elapsed_s": 1339.0, "coordination_ring_sparse20": 39.0, "coordination_ring_potter0_20": 0.1, "large_room_sparse20": 0.0, "large_room_potter0_20": 0.15}
[pair_H] {"steps": 1435648, "elapsed_s": 1340.7, "coordination_ring_sparse20": 35.0, "coordination_ring_potter0_20": 0.1, "large_room_sparse20": 0.0, "large_room_potter0_20": 0.2}
[pair_H] {"steps": 1437696, "elapsed_s": 1342.3, "coordination_ring_sparse20": 38.0, "coordination_ring_potter0_20": 0.1, "large_room_sparse20": 0.0, "large_room_potter0_20": 0.2}
[pair_H] {"steps": 1439744, "elapsed_s": 1343.9, "coordination_ring_sparse20": 34.0, "coordination_ring_potter0_20": 0.15, "large_room_sparse20": 0.0, "large_room_potter0_20": 0.25}
[pair_H] {"steps": 1441792, "elapsed_s": 1345.6, "coordination_ring_sparse20": 36.0, "coordination_ring_potter0_20": 0.15, "large_room_sparse20": 0.0, "large_room_potter0_20": 0.3}
[pair_H] {"steps": 1443840, "elapsed_s": 1347.3, "coordination_ring_sparse20": 41.0, "coordination_ring_potter0_20": 0.1, "large_room_sparse20": 0.0, "large_room_potter0_20": 0.3}
[pair_H] {"steps": 1445888, "elapsed_s": 1348.9, "coordination_ring_sparse20": 44.0, "coordination_ring_potter0_20": 0.1, "large_room_sparse20": 0.0, "large_room_potter0_20": 0.25}
[pair_H] {"steps": 1447936, "elapsed_s": 1350.5, "coordination_ring_sparse20": 40.0, "coordination_ring_potter0_20": 0.1, "large_room_sparse20": 0.0, "large_room_potter0_20": 0.25}
[pair_H] {"steps": 1449984, "elapsed_s": 1352.0, "coordination_ring_sparse20": 37.0, "coordination_ring_potter0_20": 0.1, "large_room_sparse20": 0.0, "large_room_potter0_20": 0.2}
[pair_H] {"steps": 1452032, "elapsed_s": 1353.7, "coordination_ring_sparse20": 34.0, "coordination_ring_potter0_20": 0.1, "large_room_sparse20": 0.0, "large_room_potter0_20": 0.2}
[pair_H] {"steps": 1454080, "elapsed_s": 1355.6, "coordination_ring_sparse20": 37.0, "coordination_ring_potter0_20": 0.05, "large_room_sparse20": 0.0, "large_room_potter0_20": 0.2}
[pair_H] {"steps": 1456128, "elapsed_s": 1357.5, "coordination_ring_sparse20": 33.0, "coordination_ring_potter0_20": 0.05, "large_room_sparse20": 0.0, "large_room_potter0_20": 0.25}
[pair_H] {"steps": 1458176, "elapsed_s": 1359.2, "coordination_ring_sparse20": 31.0, "coordination_ring_potter0_20": 0.05, "large_room_sparse20": 0.0, "large_room_potter0_20": 0.25}
[pair_H] {"steps": 1460224, "elapsed_s": 1360.7, "coordination_ring_sparse20": 32.0, "coordination_ring_potter0_20": 0.05, "large_room_sparse20": 0.0, "large_room_potter0_20": 0.15}
[pair_H] {"steps": 1462272, "elapsed_s": 1362.5, "coordination_ring_sparse20": 36.0, "coordination_ring_potter0_20": 0.05, "large_room_sparse20": 0.0, "large_room_potter0_20": 0.15}
[pair_H] {"steps": 1464320, "elapsed_s": 1364.2, "coordination_ring_sparse20": 39.0, "coordination_ring_potter0_20": 0.0, "large_room_sparse20": 0.0, "large_room_potter0_20": 0.15}
[pair_H] {"steps": 1466368, "elapsed_s": 1365.8, "coordination_ring_sparse20": 43.0, "coordination_ring_potter0_20": 0.0, "large_room_sparse20": 0.0, "large_room_potter0_20": 0.15}
[pair_H] {"steps": 1468416, "elapsed_s": 1367.4, "coordination_ring_sparse20": 46.0, "coordination_ring_potter0_20": 0.0, "large_room_sparse20": 0.0, "large_room_potter0_20": 0.15}
[pair_H] {"steps": 1470464, "elapsed_s": 1369.0, "coordination_ring_sparse20": 44.0, "coordination_ring_potter0_20": 0.0, "large_room_sparse20": 0.0, "large_room_potter0_20": 0.1}
[pair_H] {"steps": 1472512, "elapsed_s": 1370.7, "coordination_ring_sparse20": 48.0, "coordination_ring_potter0_20": 0.05, "large_room_sparse20": 0.0, "large_room_potter0_20": 0.05}
[pair_H] {"steps": 1474560, "elapsed_s": 1372.4, "coordination_ring_sparse20": 46.0, "coordination_ring_potter0_20": 0.05, "large_room_sparse20": 0.0, "large_room_potter0_20": 0.05}
[pair_H] {"steps": 1476608, "elapsed_s": 1374.0, "coordination_ring_sparse20": 45.0, "coordination_ring_potter0_20": 0.05, "large_room_sparse20": 0.0, "large_room_potter0_20": 0.05}
[pair_H] {"steps": 1478656, "elapsed_s": 1375.6, "coordination_ring_sparse20": 42.0, "coordination_ring_potter0_20": 0.05, "large_room_sparse20": 0.0, "large_room_potter0_20": 0.05}
[pair_H] {"steps": 1480704, "elapsed_s": 1377.1, "coordination_ring_sparse20": 44.0, "coordination_ring_potter0_20": 0.05, "large_room_sparse20": 0.0, "large_room_potter0_20": 0.05}
[pair_H] {"steps": 1482752, "elapsed_s": 1378.7, "coordination_ring_sparse20": 41.0, "coordination_ring_potter0_20": 0.05, "large_room_sparse20": 0.0, "large_room_potter0_20": 0.1}
[pair_H] {"steps": 1484800, "elapsed_s": 1380.3, "coordination_ring_sparse20": 39.0, "coordination_ring_potter0_20": 0.05, "large_room_sparse20": 0.0, "large_room_potter0_20": 0.15}
[pair_H] {"steps": 1486848, "elapsed_s": 1381.8, "coordination_ring_sparse20": 39.0, "coordination_ring_potter0_20": 0.1, "large_room_sparse20": 0.0, "large_room_potter0_20": 0.15}
[pair_H] {"steps": 1488896, "elapsed_s": 1383.4, "coordination_ring_sparse20": 39.0, "coordination_ring_potter0_20": 0.05, "large_room_sparse20": 0.0, "large_room_potter0_20": 0.15}
[pair_H] {"steps": 1490944, "elapsed_s": 1385.0, "coordination_ring_sparse20": 40.0, "coordination_ring_potter0_20": 0.05, "large_room_sparse20": 0.0, "large_room_potter0_20": 0.15}
[pair_H] {"steps": 1492992, "elapsed_s": 1386.6, "coordination_ring_sparse20": 39.0, "coordination_ring_potter0_20": 0.1, "large_room_sparse20": 0.0, "large_room_potter0_20": 0.15}
[pair_H] {"steps": 1495040, "elapsed_s": 1388.3, "coordination_ring_sparse20": 42.0, "coordination_ring_potter0_20": 0.1, "large_room_sparse20": 0.0, "large_room_potter0_20": 0.15}
[pair_H] {"steps": 1497088, "elapsed_s": 1390.0, "coordination_ring_sparse20": 43.0, "coordination_ring_potter0_20": 0.1, "large_room_sparse20": 0.0, "large_room_potter0_20": 0.15}
[pair_H] {"steps": 1499136, "elapsed_s": 1391.7, "coordination_ring_sparse20": 46.0, "coordination_ring_potter0_20": 0.1, "large_room_sparse20": 0.0, "large_room_potter0_20": 0.1}
[pair_H] {"steps": 1501184, "elapsed_s": 1393.2, "coordination_ring_sparse20": 47.0, "coordination_ring_potter0_20": 0.1, "large_room_sparse20": 0.0, "large_room_potter0_20": 0.1}
[pair_H] {"steps": 1503232, "elapsed_s": 1395.1, "coordination_ring_sparse20": 51.0, "coordination_ring_potter0_20": 0.1, "large_room_sparse20": 0.0, "large_room_potter0_20": 0.05}
[pair_H] {"steps": 1505280, "elapsed_s": 1396.8, "coordination_ring_sparse20": 57.0, "coordination_ring_potter0_20": 0.1, "large_room_sparse20": 0.0, "large_room_potter0_20": 0.05}
[pair_H] {"steps": 1507328, "elapsed_s": 1398.5, "coordination_ring_sparse20": 57.0, "coordination_ring_potter0_20": 0.1, "large_room_sparse20": 0.0, "large_room_potter0_20": 0.0}
[pair_H] {"steps": 1509376, "elapsed_s": 1400.0, "coordination_ring_sparse20": 58.0, "coordination_ring_potter0_20": 0.05, "large_room_sparse20": 0.0, "large_room_potter0_20": 0.0}
[pair_H] {"steps": 1511424, "elapsed_s": 1401.7, "coordination_ring_sparse20": 53.0, "coordination_ring_potter0_20": 0.05, "large_room_sparse20": 0.0, "large_room_potter0_20": 0.0}
[pair_H] {"steps": 1513472, "elapsed_s": 1403.4, "coordination_ring_sparse20": 54.0, "coordination_ring_potter0_20": 0.05, "large_room_sparse20": 0.0, "large_room_potter0_20": 0.0}
[pair_H] {"steps": 1515520, "elapsed_s": 1405.0, "coordination_ring_sparse20": 61.0, "coordination_ring_potter0_20": 0.05, "large_room_sparse20": 0.0, "large_room_potter0_20": 0.05}
[pair_H] {"steps": 1517568, "elapsed_s": 1406.8, "coordination_ring_sparse20": 64.0, "coordination_ring_potter0_20": 0.05, "large_room_sparse20": 0.0, "large_room_potter0_20": 0.05}
[pair_H] {"steps": 1519616, "elapsed_s": 1408.6, "coordination_ring_sparse20": 61.0, "coordination_ring_potter0_20": 0.05, "large_room_sparse20": 0.0, "large_room_potter0_20": 0.05}
[pair_H] {"steps": 1521664, "elapsed_s": 1410.4, "coordination_ring_sparse20": 61.0, "coordination_ring_potter0_20": 0.05, "large_room_sparse20": 0.0, "large_room_potter0_20": 0.05}
[pair_H] {"steps": 1523712, "elapsed_s": 1411.9, "coordination_ring_sparse20": 59.0, "coordination_ring_potter0_20": 0.05, "large_room_sparse20": 0.0, "large_room_potter0_20": 0.05}
[pair_H] {"steps": 1525760, "elapsed_s": 1413.7, "coordination_ring_sparse20": 56.0, "coordination_ring_potter0_20": 0.05, "large_room_sparse20": 0.0, "large_room_potter0_20": 0.05}
[pair_H] {"steps": 1527808, "elapsed_s": 1415.3, "coordination_ring_sparse20": 52.0, "coordination_ring_potter0_20": 0.05, "large_room_sparse20": 0.0, "large_room_potter0_20": 0.0}
[pair_H] {"steps": 1529856, "elapsed_s": 1416.9, "coordination_ring_sparse20": 56.0, "coordination_ring_potter0_20": 0.05, "large_room_sparse20": 0.0, "large_room_potter0_20": 0.05}
[pair_H] {"steps": 1531904, "elapsed_s": 1418.7, "coordination_ring_sparse20": 54.0, "coordination_ring_potter0_20": 0.05, "large_room_sparse20": 0.0, "large_room_potter0_20": 0.05}
[pair_H] {"steps": 1533952, "elapsed_s": 1420.4, "coordination_ring_sparse20": 52.0, "coordination_ring_potter0_20": 0.05, "large_room_sparse20": 0.0, "large_room_potter0_20": 0.1}
[pair_H] {"steps": 1536000, "elapsed_s": 1422.1, "coordination_ring_sparse20": 52.0, "coordination_ring_potter0_20": 0.05, "large_room_sparse20": 0.0, "large_room_potter0_20": 0.1}
[pair_H] {"steps": 1538048, "elapsed_s": 1423.8, "coordination_ring_sparse20": 53.0, "coordination_ring_potter0_20": 0.05, "large_room_sparse20": 0.0, "large_room_potter0_20": 0.1}
[pair_H] {"steps": 1540096, "elapsed_s": 1426.0, "coordination_ring_sparse20": 55.0, "coordination_ring_potter0_20": 0.05, "large_room_sparse20": 0.0, "large_room_potter0_20": 0.1}
[pair_H] {"steps": 1542144, "elapsed_s": 1428.4, "coordination_ring_sparse20": 56.0, "coordination_ring_potter0_20": 0.05, "large_room_sparse20": 0.0, "large_room_potter0_20": 0.1}
[pair_H] {"steps": 1544192, "elapsed_s": 1430.8, "coordination_ring_sparse20": 56.0, "coordination_ring_potter0_20": 0.05, "large_room_sparse20": 0.0, "large_room_potter0_20": 0.15}
[pair_H] {"steps": 1546240, "elapsed_s": 1432.7, "coordination_ring_sparse20": 56.0, "coordination_ring_potter0_20": 0.05, "large_room_sparse20": 0.0, "large_room_potter0_20": 0.15}
[pair_H] {"steps": 1548288, "elapsed_s": 1434.3, "coordination_ring_sparse20": 59.0, "coordination_ring_potter0_20": 0.1, "large_room_sparse20": 0.0, "large_room_potter0_20": 0.15}
[pair_H] {"steps": 1550336, "elapsed_s": 1435.9, "coordination_ring_sparse20": 61.0, "coordination_ring_potter0_20": 0.1, "large_room_sparse20": 0.0, "large_room_potter0_20": 0.15}
[pair_H] {"steps": 1552384, "elapsed_s": 1437.5, "coordination_ring_sparse20": 60.0, "coordination_ring_potter0_20": 0.1, "large_room_sparse20": 0.0, "large_room_potter0_20": 0.15}
[pair_H] {"steps": 1554432, "elapsed_s": 1439.4, "coordination_ring_sparse20": 59.0, "coordination_ring_potter0_20": 0.15, "large_room_sparse20": 0.0, "large_room_potter0_20": 0.15}
[pair_H] {"steps": 1556480, "elapsed_s": 1441.7, "coordination_ring_sparse20": 62.0, "coordination_ring_potter0_20": 0.1, "large_room_sparse20": 0.0, "large_room_potter0_20": 0.05}
[pair_H] {"steps": 1558528, "elapsed_s": 1443.3, "coordination_ring_sparse20": 56.0, "coordination_ring_potter0_20": 0.1, "large_room_sparse20": 0.0, "large_room_potter0_20": 0.05}
[pair_H] {"steps": 1560576, "elapsed_s": 1445.0, "coordination_ring_sparse20": 60.0, "coordination_ring_potter0_20": 0.05, "large_room_sparse20": 0.0, "large_room_potter0_20": 0.05}
[pair_H] {"steps": 1562624, "elapsed_s": 1446.9, "coordination_ring_sparse20": 57.0, "coordination_ring_potter0_20": 0.05, "large_room_sparse20": 0.0, "large_room_potter0_20": 0.05}
[pair_H] {"steps": 1564672, "elapsed_s": 1448.4, "coordination_ring_sparse20": 56.0, "coordination_ring_potter0_20": 0.1, "large_room_sparse20": 0.0, "large_room_potter0_20": 0.05}
[pair_H] {"steps": 1566720, "elapsed_s": 1450.5, "coordination_ring_sparse20": 53.0, "coordination_ring_potter0_20": 0.1, "large_room_sparse20": 0.0, "large_room_potter0_20": 0.05}
[pair_H] {"steps": 1568768, "elapsed_s": 1452.3, "coordination_ring_sparse20": 51.0, "coordination_ring_potter0_20": 0.1, "large_room_sparse20": 0.0, "large_room_potter0_20": 0.05}
[pair_H] {"steps": 1570816, "elapsed_s": 1453.9, "coordination_ring_sparse20": 48.0, "coordination_ring_potter0_20": 0.1, "large_room_sparse20": 0.0, "large_room_potter0_20": 0.05}
[pair_H] {"steps": 1572864, "elapsed_s": 1455.7, "coordination_ring_sparse20": 43.0, "coordination_ring_potter0_20": 0.1, "large_room_sparse20": 0.0, "large_room_potter0_20": 0.05}
[pair_H] {"steps": 1574912, "elapsed_s": 1457.8, "coordination_ring_sparse20": 46.0, "coordination_ring_potter0_20": 0.1, "large_room_sparse20": 0.0, "large_room_potter0_20": 0.05}
[pair_H] {"steps": 1576960, "elapsed_s": 1460.1, "coordination_ring_sparse20": 41.0, "coordination_ring_potter0_20": 0.15, "large_room_sparse20": 0.0, "large_room_potter0_20": 0.05}
[pair_H] {"steps": 1579008, "elapsed_s": 1462.5, "coordination_ring_sparse20": 39.0, "coordination_ring_potter0_20": 0.15, "large_room_sparse20": 0.0, "large_room_potter0_20": 0.05}
[pair_H] {"steps": 1581056, "elapsed_s": 1464.3, "coordination_ring_sparse20": 41.0, "coordination_ring_potter0_20": 0.15, "large_room_sparse20": 0.0, "large_room_potter0_20": 0.0}
[pair_H] {"steps": 1583104, "elapsed_s": 1465.8, "coordination_ring_sparse20": 43.0, "coordination_ring_potter0_20": 0.15, "large_room_sparse20": 0.0, "large_room_potter0_20": 0.05}
[pair_H] {"steps": 1585152, "elapsed_s": 1467.8, "coordination_ring_sparse20": 48.0, "coordination_ring_potter0_20": 0.15, "large_room_sparse20": 0.0, "large_room_potter0_20": 0.05}
[pair_H] {"steps": 1587200, "elapsed_s": 1469.6, "coordination_ring_sparse20": 52.0, "coordination_ring_potter0_20": 0.1, "large_room_sparse20": 0.0, "large_room_potter0_20": 0.05}
[pair_H] {"steps": 1589248, "elapsed_s": 1471.2, "coordination_ring_sparse20": 48.0, "coordination_ring_potter0_20": 0.1, "large_room_sparse20": 0.0, "large_room_potter0_20": 0.1}
[pair_H] {"steps": 1591296, "elapsed_s": 1472.9, "coordination_ring_sparse20": 51.0, "coordination_ring_potter0_20": 0.1, "large_room_sparse20": 0.0, "large_room_potter0_20": 0.1}
[pair_H] {"steps": 1593344, "elapsed_s": 1474.6, "coordination_ring_sparse20": 49.0, "coordination_ring_potter0_20": 0.1, "large_room_sparse20": 0.0, "large_room_potter0_20": 0.1}
[pair_H] {"steps": 1595392, "elapsed_s": 1476.7, "coordination_ring_sparse20": 50.0, "coordination_ring_potter0_20": 0.1, "large_room_sparse20": 0.0, "large_room_potter0_20": 0.1}
[pair_H] {"steps": 1597440, "elapsed_s": 1478.5, "coordination_ring_sparse20": 51.0, "coordination_ring_potter0_20": 0.05, "large_room_sparse20": 0.0, "large_room_potter0_20": 0.1}
[pair_H] {"steps": 1599488, "elapsed_s": 1480.2, "coordination_ring_sparse20": 52.0, "coordination_ring_potter0_20": 0.05, "large_room_sparse20": 0.0, "large_room_potter0_20": 0.05}
[pair_H] {"steps": 1601536, "elapsed_s": 1481.8, "coordination_ring_sparse20": 58.0, "coordination_ring_potter0_20": 0.1, "large_room_sparse20": 0.0, "large_room_potter0_20": 0.05}
[pair_H] {"steps": 1603584, "elapsed_s": 1483.6, "coordination_ring_sparse20": 58.0, "coordination_ring_potter0_20": 0.1, "large_room_sparse20": 0.0, "large_room_potter0_20": 0.05}
[pair_H] {"steps": 1605632, "elapsed_s": 1485.4, "coordination_ring_sparse20": 59.0, "coordination_ring_potter0_20": 0.1, "large_room_sparse20": 0.0, "large_room_potter0_20": 0.0}
[pair_H] {"steps": 1607680, "elapsed_s": 1487.2, "coordination_ring_sparse20": 60.0, "coordination_ring_potter0_20": 0.1, "large_room_sparse20": 0.0, "large_room_potter0_20": 0.05}
[pair_H] {"steps": 1609728, "elapsed_s": 1488.8, "coordination_ring_sparse20": 58.0, "coordination_ring_potter0_20": 0.05, "large_room_sparse20": 0.0, "large_room_potter0_20": 0.05}
[pair_H] {"steps": 1611776, "elapsed_s": 1490.4, "coordination_ring_sparse20": 62.0, "coordination_ring_potter0_20": 0.05, "large_room_sparse20": 0.0, "large_room_potter0_20": 0.1}
[pair_H] {"steps": 1613824, "elapsed_s": 1492.1, "coordination_ring_sparse20": 63.0, "coordination_ring_potter0_20": 0.05, "large_room_sparse20": 0.0, "large_room_potter0_20": 0.15}
[pair_H] {"steps": 1615872, "elapsed_s": 1493.7, "coordination_ring_sparse20": 63.0, "coordination_ring_potter0_20": 0.05, "large_room_sparse20": 0.0, "large_room_potter0_20": 0.2}
[pair_H] {"steps": 1617920, "elapsed_s": 1495.6, "coordination_ring_sparse20": 59.0, "coordination_ring_potter0_20": 0.1, "large_room_sparse20": 0.0, "large_room_potter0_20": 0.2}
[pair_H] {"steps": 1619968, "elapsed_s": 1497.1, "coordination_ring_sparse20": 53.0, "coordination_ring_potter0_20": 0.15, "large_room_sparse20": 0.0, "large_room_potter0_20": 0.2}
[pair_H] {"steps": 1622016, "elapsed_s": 1498.9, "coordination_ring_sparse20": 52.0, "coordination_ring_potter0_20": 0.15, "large_room_sparse20": 0.0, "large_room_potter0_20": 0.15}
[pair_H] {"steps": 1624064, "elapsed_s": 1500.5, "coordination_ring_sparse20": 55.0, "coordination_ring_potter0_20": 0.15, "large_room_sparse20": 0.0, "large_room_potter0_20": 0.15}
[pair_H] {"steps": 1626112, "elapsed_s": 1502.8, "coordination_ring_sparse20": 57.0, "coordination_ring_potter0_20": 0.15, "large_room_sparse20": 0.0, "large_room_potter0_20": 0.15}
[pair_H] {"steps": 1628160, "elapsed_s": 1505.2, "coordination_ring_sparse20": 57.0, "coordination_ring_potter0_20": 0.15, "large_room_sparse20": 0.0, "large_room_potter0_20": 0.0}
[pair_H] {"steps": 1630208, "elapsed_s": 1507.1, "coordination_ring_sparse20": 53.0, "coordination_ring_potter0_20": 0.15, "large_room_sparse20": 0.0, "large_room_potter0_20": 0.0}
[pair_H] {"steps": 1632256, "elapsed_s": 1508.6, "coordination_ring_sparse20": 53.0, "coordination_ring_potter0_20": 0.15, "large_room_sparse20": 0.0, "large_room_potter0_20": 0.0}
[pair_H] {"steps": 1634304, "elapsed_s": 1510.2, "coordination_ring_sparse20": 54.0, "coordination_ring_potter0_20": 0.15, "large_room_sparse20": 0.0, "large_room_potter0_20": 0.0}
[pair_H] {"steps": 1636352, "elapsed_s": 1511.8, "coordination_ring_sparse20": 59.0, "coordination_ring_potter0_20": 0.05, "large_room_sparse20": 0.0, "large_room_potter0_20": 0.0}
[pair_H] {"steps": 1638400, "elapsed_s": 1513.5, "coordination_ring_sparse20": 60.0, "coordination_ring_potter0_20": 0.0, "large_room_sparse20": 0.0, "large_room_potter0_20": 0.0}
[pair_H] {"steps": 1640448, "elapsed_s": 1515.3, "coordination_ring_sparse20": 58.0, "coordination_ring_potter0_20": 0.0, "large_room_sparse20": 0.0, "large_room_potter0_20": 0.0}
[pair_H] {"steps": 1642496, "elapsed_s": 1516.8, "coordination_ring_sparse20": 57.0, "coordination_ring_potter0_20": 0.0, "large_room_sparse20": 0.0, "large_room_potter0_20": 0.0}
[pair_H] {"steps": 1644544, "elapsed_s": 1518.3, "coordination_ring_sparse20": 60.0, "coordination_ring_potter0_20": 0.0, "large_room_sparse20": 0.0, "large_room_potter0_20": 0.0}
[pair_H] {"steps": 1646592, "elapsed_s": 1519.9, "coordination_ring_sparse20": 55.0, "coordination_ring_potter0_20": 0.0, "large_room_sparse20": 0.0, "large_room_potter0_20": 0.0}
[pair_H] {"steps": 1648640, "elapsed_s": 1521.5, "coordination_ring_sparse20": 57.0, "coordination_ring_potter0_20": 0.0, "large_room_sparse20": 0.0, "large_room_potter0_20": 0.0}
[pair_H] {"steps": 1650688, "elapsed_s": 1523.2, "coordination_ring_sparse20": 56.0, "coordination_ring_potter0_20": 0.0, "large_room_sparse20": 0.0, "large_room_potter0_20": 0.0}
[pair_H] {"steps": 1652736, "elapsed_s": 1525.0, "coordination_ring_sparse20": 55.0, "coordination_ring_potter0_20": 0.0, "large_room_sparse20": 0.0, "large_room_potter0_20": 0.0}
[pair_H] {"steps": 1654784, "elapsed_s": 1526.6, "coordination_ring_sparse20": 54.0, "coordination_ring_potter0_20": 0.0, "large_room_sparse20": 0.0, "large_room_potter0_20": 0.05}
[pair_H] {"steps": 1656832, "elapsed_s": 1528.5, "coordination_ring_sparse20": 55.0, "coordination_ring_potter0_20": 0.0, "large_room_sparse20": 0.0, "large_room_potter0_20": 0.05}
[pair_H] {"steps": 1658880, "elapsed_s": 1530.8, "coordination_ring_sparse20": 53.0, "coordination_ring_potter0_20": 0.0, "large_room_sparse20": 0.0, "large_room_potter0_20": 0.1}
[pair_H] {"steps": 1660928, "elapsed_s": 1532.6, "coordination_ring_sparse20": 56.0, "coordination_ring_potter0_20": 0.05, "large_room_sparse20": 0.0, "large_room_potter0_20": 0.1}
[pair_H] {"steps": 1662976, "elapsed_s": 1534.3, "coordination_ring_sparse20": 56.0, "coordination_ring_potter0_20": 0.05, "large_room_sparse20": 0.0, "large_room_potter0_20": 0.15}
[pair_H] {"steps": 1665024, "elapsed_s": 1536.0, "coordination_ring_sparse20": 54.0, "coordination_ring_potter0_20": 0.05, "large_room_sparse20": 0.0, "large_room_potter0_20": 0.15}
[pair_H] {"steps": 1667072, "elapsed_s": 1537.6, "coordination_ring_sparse20": 52.0, "coordination_ring_potter0_20": 0.05, "large_room_sparse20": 0.0, "large_room_potter0_20": 0.15}
[pair_H] {"steps": 1669120, "elapsed_s": 1539.5, "coordination_ring_sparse20": 51.0, "coordination_ring_potter0_20": 0.05, "large_room_sparse20": 0.0, "large_room_potter0_20": 0.1}
[pair_H] {"steps": 1671168, "elapsed_s": 1541.6, "coordination_ring_sparse20": 56.0, "coordination_ring_potter0_20": 0.05, "large_room_sparse20": 0.0, "large_room_potter0_20": 0.1}
[pair_H] {"steps": 1673216, "elapsed_s": 1543.5, "coordination_ring_sparse20": 53.0, "coordination_ring_potter0_20": 0.1, "large_room_sparse20": 0.0, "large_room_potter0_20": 0.15}
[pair_H] {"steps": 1675264, "elapsed_s": 1545.3, "coordination_ring_sparse20": 54.0, "coordination_ring_potter0_20": 0.1, "large_room_sparse20": 0.0, "large_room_potter0_20": 0.1}
[pair_H] {"steps": 1677312, "elapsed_s": 1547.0, "coordination_ring_sparse20": 55.0, "coordination_ring_potter0_20": 0.05, "large_room_sparse20": 0.0, "large_room_potter0_20": 0.1}
[pair_H] {"steps": 1679360, "elapsed_s": 1549.3, "coordination_ring_sparse20": 54.0, "coordination_ring_potter0_20": 0.05, "large_room_sparse20": 0.0, "large_room_potter0_20": 0.05}
[pair_H] {"steps": 1681408, "elapsed_s": 1551.1, "coordination_ring_sparse20": 52.0, "coordination_ring_potter0_20": 0.05, "large_room_sparse20": 0.0, "large_room_potter0_20": 0.05}
[pair_H] {"steps": 1683456, "elapsed_s": 1552.8, "coordination_ring_sparse20": 50.0, "coordination_ring_potter0_20": 0.05, "large_room_sparse20": 0.0, "large_room_potter0_20": 0.1}
[pair_H] {"steps": 1685504, "elapsed_s": 1554.5, "coordination_ring_sparse20": 46.0, "coordination_ring_potter0_20": 0.05, "large_room_sparse20": 0.0, "large_room_potter0_20": 0.1}
[pair_H] {"steps": 1687552, "elapsed_s": 1556.1, "coordination_ring_sparse20": 44.0, "coordination_ring_potter0_20": 0.05, "large_room_sparse20": 0.0, "large_room_potter0_20": 0.1}
[pair_H] {"steps": 1689600, "elapsed_s": 1557.8, "coordination_ring_sparse20": 46.0, "coordination_ring_potter0_20": 0.0, "large_room_sparse20": 0.0, "large_room_potter0_20": 0.05}
[pair_H] {"steps": 1691648, "elapsed_s": 1559.4, "coordination_ring_sparse20": 47.0, "coordination_ring_potter0_20": 0.0, "large_room_sparse20": 0.0, "large_room_potter0_20": 0.05}
[pair_H] {"steps": 1693696, "elapsed_s": 1561.2, "coordination_ring_sparse20": 47.0, "coordination_ring_potter0_20": 0.0, "large_room_sparse20": 0.0, "large_room_potter0_20": 0.1}
[pair_H] {"steps": 1695744, "elapsed_s": 1562.9, "coordination_ring_sparse20": 47.0, "coordination_ring_potter0_20": 0.0, "large_room_sparse20": 0.0, "large_room_potter0_20": 0.1}
[pair_H] {"steps": 1697792, "elapsed_s": 1564.5, "coordination_ring_sparse20": 51.0, "coordination_ring_potter0_20": 0.0, "large_room_sparse20": 0.0, "large_room_potter0_20": 0.1}
[pair_H] {"steps": 1699840, "elapsed_s": 1566.2, "coordination_ring_sparse20": 57.0, "coordination_ring_potter0_20": 0.0, "large_room_sparse20": 0.0, "large_room_potter0_20": 0.1}
[pair_H] {"steps": 1701888, "elapsed_s": 1567.9, "coordination_ring_sparse20": 56.0, "coordination_ring_potter0_20": 0.0, "large_room_sparse20": 0.0, "large_room_potter0_20": 0.05}
[pair_H] {"steps": 1703936, "elapsed_s": 1569.4, "coordination_ring_sparse20": 56.0, "coordination_ring_potter0_20": 0.0, "large_room_sparse20": 0.0, "large_room_potter0_20": 0.1}
[pair_H] {"steps": 1705984, "elapsed_s": 1571.1, "coordination_ring_sparse20": 57.0, "coordination_ring_potter0_20": 0.0, "large_room_sparse20": 0.0, "large_room_potter0_20": 0.15}
[pair_H] {"steps": 1708032, "elapsed_s": 1573.4, "coordination_ring_sparse20": 59.0, "coordination_ring_potter0_20": 0.0, "large_room_sparse20": 0.0, "large_room_potter0_20": 0.15}
[pair_H] {"steps": 1710080, "elapsed_s": 1574.9, "coordination_ring_sparse20": 61.0, "coordination_ring_potter0_20": 0.0, "large_room_sparse20": 0.0, "large_room_potter0_20": 0.2}
[pair_H] {"steps": 1712128, "elapsed_s": 1576.4, "coordination_ring_sparse20": 62.0, "coordination_ring_potter0_20": 0.0, "large_room_sparse20": 0.0, "large_room_potter0_20": 0.2}
[pair_H] {"steps": 1714176, "elapsed_s": 1578.1, "coordination_ring_sparse20": 60.0, "coordination_ring_potter0_20": 0.0, "large_room_sparse20": 0.0, "large_room_potter0_20": 0.2}
[pair_H] {"steps": 1716224, "elapsed_s": 1579.7, "coordination_ring_sparse20": 63.0, "coordination_ring_potter0_20": 0.0, "large_room_sparse20": 0.0, "large_room_potter0_20": 0.2}
[pair_H] {"steps": 1718272, "elapsed_s": 1581.3, "coordination_ring_sparse20": 70.0, "coordination_ring_potter0_20": 0.0, "large_room_sparse20": 0.0, "large_room_potter0_20": 0.3}
[pair_H] {"steps": 1720320, "elapsed_s": 1583.0, "coordination_ring_sparse20": 70.0, "coordination_ring_potter0_20": 0.0, "large_room_sparse20": 0.0, "large_room_potter0_20": 0.2}
[pair_H] {"steps": 1722368, "elapsed_s": 1584.7, "coordination_ring_sparse20": 69.0, "coordination_ring_potter0_20": 0.0, "large_room_sparse20": 0.0, "large_room_potter0_20": 0.15}
[pair_H] {"steps": 1724416, "elapsed_s": 1586.7, "coordination_ring_sparse20": 66.0, "coordination_ring_potter0_20": 0.05, "large_room_sparse20": 0.0, "large_room_potter0_20": 0.15}
[pair_H] {"steps": 1726464, "elapsed_s": 1588.4, "coordination_ring_sparse20": 64.0, "coordination_ring_potter0_20": 0.1, "large_room_sparse20": 0.0, "large_room_potter0_20": 0.15}
[pair_H] {"steps": 1728512, "elapsed_s": 1590.1, "coordination_ring_sparse20": 65.0, "coordination_ring_potter0_20": 0.1, "large_room_sparse20": 0.0, "large_room_potter0_20": 0.15}
[pair_H] {"steps": 1730560, "elapsed_s": 1592.0, "coordination_ring_sparse20": 67.0, "coordination_ring_potter0_20": 0.1, "large_room_sparse20": 0.0, "large_room_potter0_20": 0.2}
[pair_H] {"steps": 1732608, "elapsed_s": 1593.6, "coordination_ring_sparse20": 67.0, "coordination_ring_potter0_20": 0.1, "large_room_sparse20": 0.0, "large_room_potter0_20": 0.15}
[pair_H] {"steps": 1734656, "elapsed_s": 1595.4, "coordination_ring_sparse20": 65.0, "coordination_ring_potter0_20": 0.1, "large_room_sparse20": 0.0, "large_room_potter0_20": 0.1}
[pair_H] {"steps": 1736704, "elapsed_s": 1597.0, "coordination_ring_sparse20": 66.0, "coordination_ring_potter0_20": 0.05, "large_room_sparse20": 0.0, "large_room_potter0_20": 0.1}
[pair_H] {"steps": 1738752, "elapsed_s": 1598.5, "coordination_ring_sparse20": 66.0, "coordination_ring_potter0_20": 0.05, "large_room_sparse20": 0.0, "large_room_potter0_20": 0.1}
[pair_H] {"steps": 1740800, "elapsed_s": 1600.7, "coordination_ring_sparse20": 69.0, "coordination_ring_potter0_20": 0.0, "large_room_sparse20": 0.0, "large_room_potter0_20": 0.1}
[pair_H] {"steps": 1742848, "elapsed_s": 1602.6, "coordination_ring_sparse20": 68.0, "coordination_ring_potter0_20": 0.0, "large_room_sparse20": 0.0, "large_room_potter0_20": 0.05}
[pair_H] {"steps": 1744896, "elapsed_s": 1604.6, "coordination_ring_sparse20": 66.0, "coordination_ring_potter0_20": 0.0, "large_room_sparse20": 0.0, "large_room_potter0_20": 0.05}
[pair_H] {"steps": 1746944, "elapsed_s": 1606.2, "coordination_ring_sparse20": 66.0, "coordination_ring_potter0_20": 0.0, "large_room_sparse20": 0.0, "large_room_potter0_20": 0.05}
[pair_H] {"steps": 1748992, "elapsed_s": 1607.9, "coordination_ring_sparse20": 66.0, "coordination_ring_potter0_20": 0.0, "large_room_sparse20": 0.0, "large_room_potter0_20": 0.05}
[pair_H] {"steps": 1751040, "elapsed_s": 1609.5, "coordination_ring_sparse20": 61.0, "coordination_ring_potter0_20": 0.0, "large_room_sparse20": 0.0, "large_room_potter0_20": 0.05}
[pair_H] {"steps": 1753088, "elapsed_s": 1611.1, "coordination_ring_sparse20": 65.0, "coordination_ring_potter0_20": 0.0, "large_room_sparse20": 0.0, "large_room_potter0_20": 0.05}
[pair_H] {"steps": 1755136, "elapsed_s": 1612.8, "coordination_ring_sparse20": 66.0, "coordination_ring_potter0_20": 0.05, "large_room_sparse20": 0.0, "large_room_potter0_20": 0.15}
[pair_H] {"steps": 1757184, "elapsed_s": 1614.7, "coordination_ring_sparse20": 65.0, "coordination_ring_potter0_20": 0.05, "large_room_sparse20": 0.0, "large_room_potter0_20": 0.15}
[pair_H] {"steps": 1759232, "elapsed_s": 1616.3, "coordination_ring_sparse20": 66.0, "coordination_ring_potter0_20": 0.05, "large_room_sparse20": 0.0, "large_room_potter0_20": 0.15}
[pair_H] {"steps": 1761280, "elapsed_s": 1617.9, "coordination_ring_sparse20": 69.0, "coordination_ring_potter0_20": 0.05, "large_room_sparse20": 0.0, "large_room_potter0_20": 0.2}
[pair_H] {"steps": 1763328, "elapsed_s": 1619.4, "coordination_ring_sparse20": 73.0, "coordination_ring_potter0_20": 0.05, "large_room_sparse20": 0.0, "large_room_potter0_20": 0.2}
[pair_H] {"steps": 1765376, "elapsed_s": 1621.0, "coordination_ring_sparse20": 70.0, "coordination_ring_potter0_20": 0.05, "large_room_sparse20": 0.0, "large_room_potter0_20": 0.2}
[pair_H] {"steps": 1767424, "elapsed_s": 1622.9, "coordination_ring_sparse20": 69.0, "coordination_ring_potter0_20": 0.05, "large_room_sparse20": 0.0, "large_room_potter0_20": 0.15}
[pair_H] {"steps": 1769472, "elapsed_s": 1624.5, "coordination_ring_sparse20": 67.0, "coordination_ring_potter0_20": 0.05, "large_room_sparse20": 0.0, "large_room_potter0_20": 0.1}
[pair_H] {"steps": 1771520, "elapsed_s": 1626.2, "coordination_ring_sparse20": 61.0, "coordination_ring_potter0_20": 0.05, "large_room_sparse20": 0.0, "large_room_potter0_20": 0.05}
[pair_H] {"steps": 1773568, "elapsed_s": 1627.7, "coordination_ring_sparse20": 63.0, "coordination_ring_potter0_20": 0.05, "large_room_sparse20": 0.0, "large_room_potter0_20": 0.05}
[pair_H] {"steps": 1775616, "elapsed_s": 1629.6, "coordination_ring_sparse20": 62.0, "coordination_ring_potter0_20": 0.1, "large_room_sparse20": 0.0, "large_room_potter0_20": 0.05}
[pair_H] {"steps": 1777664, "elapsed_s": 1631.6, "coordination_ring_sparse20": 62.0, "coordination_ring_potter0_20": 0.1, "large_room_sparse20": 0.0, "large_room_potter0_20": 0.0}
[pair_H] {"steps": 1779712, "elapsed_s": 1633.4, "coordination_ring_sparse20": 56.0, "coordination_ring_potter0_20": 0.1, "large_room_sparse20": 0.0, "large_room_potter0_20": 0.0}
[pair_H] {"steps": 1781760, "elapsed_s": 1635.1, "coordination_ring_sparse20": 52.0, "coordination_ring_potter0_20": 0.1, "large_room_sparse20": 0.0, "large_room_potter0_20": 0.0}
[pair_H] {"steps": 1783808, "elapsed_s": 1636.7, "coordination_ring_sparse20": 53.0, "coordination_ring_potter0_20": 0.1, "large_room_sparse20": 0.0, "large_room_potter0_20": 0.0}
[pair_H] {"steps": 1785856, "elapsed_s": 1638.3, "coordination_ring_sparse20": 54.0, "coordination_ring_potter0_20": 0.1, "large_room_sparse20": 0.0, "large_room_potter0_20": 0.05}
[pair_H] {"steps": 1787904, "elapsed_s": 1639.9, "coordination_ring_sparse20": 54.0, "coordination_ring_potter0_20": 0.1, "large_room_sparse20": 0.0, "large_room_potter0_20": 0.05}
[pair_H] {"steps": 1789952, "elapsed_s": 1641.6, "coordination_ring_sparse20": 50.0, "coordination_ring_potter0_20": 0.05, "large_room_sparse20": 0.0, "large_room_potter0_20": 0.1}
[pair_H] {"steps": 1792000, "elapsed_s": 1643.3, "coordination_ring_sparse20": 46.0, "coordination_ring_potter0_20": 0.05, "large_room_sparse20": 0.0, "large_room_potter0_20": 0.2}
[pair_H] {"steps": 1794048, "elapsed_s": 1644.9, "coordination_ring_sparse20": 46.0, "coordination_ring_potter0_20": 0.0, "large_room_sparse20": 0.0, "large_room_potter0_20": 0.2}
[pair_H] {"steps": 1796096, "elapsed_s": 1646.5, "coordination_ring_sparse20": 52.0, "coordination_ring_potter0_20": 0.0, "large_room_sparse20": 0.0, "large_room_potter0_20": 0.2}
[pair_H] {"steps": 1798144, "elapsed_s": 1648.3, "coordination_ring_sparse20": 54.0, "coordination_ring_potter0_20": 0.05, "large_room_sparse20": 0.0, "large_room_potter0_20": 0.3}
[pair_H] {"steps": 1800192, "elapsed_s": 1649.9, "coordination_ring_sparse20": 57.0, "coordination_ring_potter0_20": 0.1, "large_room_sparse20": 0.0, "large_room_potter0_20": 0.3}
[pair_H] {"steps": 1802240, "elapsed_s": 1651.6, "coordination_ring_sparse20": 58.0, "coordination_ring_potter0_20": 0.1, "large_room_sparse20": 0.0, "large_room_potter0_20": 0.3}
[pair_H] {"steps": 1804288, "elapsed_s": 1653.1, "coordination_ring_sparse20": 61.0, "coordination_ring_potter0_20": 0.1, "large_room_sparse20": 0.0, "large_room_potter0_20": 0.3}
[pair_H] {"steps": 1806336, "elapsed_s": 1654.8, "coordination_ring_sparse20": 65.0, "coordination_ring_potter0_20": 0.1, "large_room_sparse20": 0.0, "large_room_potter0_20": 0.3}
[pair_H] {"steps": 1808384, "elapsed_s": 1656.4, "coordination_ring_sparse20": 67.0, "coordination_ring_potter0_20": 0.1, "large_room_sparse20": 0.0, "large_room_potter0_20": 0.25}
[pair_H] {"steps": 1810432, "elapsed_s": 1658.1, "coordination_ring_sparse20": 67.0, "coordination_ring_potter0_20": 0.1, "large_room_sparse20": 0.0, "large_room_potter0_20": 0.2}
[pair_H] {"steps": 1812480, "elapsed_s": 1659.7, "coordination_ring_sparse20": 69.0, "coordination_ring_potter0_20": 0.05, "large_room_sparse20": 0.0, "large_room_potter0_20": 0.2}
[pair_H] {"steps": 1814528, "elapsed_s": 1661.3, "coordination_ring_sparse20": 71.0, "coordination_ring_potter0_20": 0.0, "large_room_sparse20": 0.0, "large_room_potter0_20": 0.15}
[pair_H] {"steps": 1816576, "elapsed_s": 1663.2, "coordination_ring_sparse20": 72.0, "coordination_ring_potter0_20": 0.0, "large_room_sparse20": 0.0, "large_room_potter0_20": 0.1}
[pair_H] {"steps": 1818624, "elapsed_s": 1664.8, "coordination_ring_sparse20": 73.0, "coordination_ring_potter0_20": 0.0, "large_room_sparse20": 0.0, "large_room_potter0_20": 0.1}
[pair_H] {"steps": 1820672, "elapsed_s": 1666.4, "coordination_ring_sparse20": 69.0, "coordination_ring_potter0_20": 0.0, "large_room_sparse20": 0.0, "large_room_potter0_20": 0.1}
[pair_H] {"steps": 1822720, "elapsed_s": 1667.8, "coordination_ring_sparse20": 66.0, "coordination_ring_potter0_20": 0.0, "large_room_sparse20": 0.0, "large_room_potter0_20": 0.1}
[pair_H] {"steps": 1824768, "elapsed_s": 1669.4, "coordination_ring_sparse20": 67.0, "coordination_ring_potter0_20": 0.0, "large_room_sparse20": 0.0, "large_room_potter0_20": 0.1}
[pair_H] {"steps": 1826816, "elapsed_s": 1671.7, "coordination_ring_sparse20": 61.0, "coordination_ring_potter0_20": 0.0, "large_room_sparse20": 0.0, "large_room_potter0_20": 0.1}
[pair_H] {"steps": 1828864, "elapsed_s": 1674.0, "coordination_ring_sparse20": 59.0, "coordination_ring_potter0_20": 0.0, "large_room_sparse20": 0.0, "large_room_potter0_20": 0.2}
[pair_H] {"steps": 1830912, "elapsed_s": 1676.1, "coordination_ring_sparse20": 61.0, "coordination_ring_potter0_20": 0.0, "large_room_sparse20": 0.0, "large_room_potter0_20": 0.2}
[pair_H] {"steps": 1832960, "elapsed_s": 1677.7, "coordination_ring_sparse20": 63.0, "coordination_ring_potter0_20": 0.0, "large_room_sparse20": 0.0, "large_room_potter0_20": 0.2}
[pair_H] {"steps": 1835008, "elapsed_s": 1679.3, "coordination_ring_sparse20": 64.0, "coordination_ring_potter0_20": 0.05, "large_room_sparse20": 0.0, "large_room_potter0_20": 0.25}
[pair_H] {"steps": 1837056, "elapsed_s": 1680.9, "coordination_ring_sparse20": 67.0, "coordination_ring_potter0_20": 0.05, "large_room_sparse20": 0.0, "large_room_potter0_20": 0.25}
[pair_H] {"steps": 1839104, "elapsed_s": 1682.7, "coordination_ring_sparse20": 66.0, "coordination_ring_potter0_20": 0.05, "large_room_sparse20": 0.0, "large_room_potter0_20": 0.3}
[pair_H] {"steps": 1841152, "elapsed_s": 1684.5, "coordination_ring_sparse20": 70.0, "coordination_ring_potter0_20": 0.05, "large_room_sparse20": 0.0, "large_room_potter0_20": 0.25}
[pair_H] {"steps": 1843200, "elapsed_s": 1686.1, "coordination_ring_sparse20": 66.0, "coordination_ring_potter0_20": 0.05, "large_room_sparse20": 0.0, "large_room_potter0_20": 0.25}
[pair_H] {"steps": 1845248, "elapsed_s": 1687.7, "coordination_ring_sparse20": 61.0, "coordination_ring_potter0_20": 0.05, "large_room_sparse20": 0.0, "large_room_potter0_20": 0.25}
[pair_H] {"steps": 1847296, "elapsed_s": 1689.4, "coordination_ring_sparse20": 66.0, "coordination_ring_potter0_20": 0.05, "large_room_sparse20": 0.0, "large_room_potter0_20": 0.25}
[pair_H] {"steps": 1849344, "elapsed_s": 1691.0, "coordination_ring_sparse20": 66.0, "coordination_ring_potter0_20": 0.0, "large_room_sparse20": 0.0, "large_room_potter0_20": 0.2}
[pair_H] {"steps": 1851392, "elapsed_s": 1692.7, "coordination_ring_sparse20": 66.0, "coordination_ring_potter0_20": 0.0, "large_room_sparse20": 0.0, "large_room_potter0_20": 0.2}
[pair_H] {"steps": 1853440, "elapsed_s": 1694.4, "coordination_ring_sparse20": 65.0, "coordination_ring_potter0_20": 0.0, "large_room_sparse20": 0.0, "large_room_potter0_20": 0.2}
[pair_H] {"steps": 1855488, "elapsed_s": 1696.1, "coordination_ring_sparse20": 70.0, "coordination_ring_potter0_20": 0.0, "large_room_sparse20": 0.0, "large_room_potter0_20": 0.2}
[pair_H] {"steps": 1857536, "elapsed_s": 1697.8, "coordination_ring_sparse20": 74.0, "coordination_ring_potter0_20": 0.0, "large_room_sparse20": 0.0, "large_room_potter0_20": 0.3}
[pair_H] {"steps": 1859584, "elapsed_s": 1699.5, "coordination_ring_sparse20": 74.0, "coordination_ring_potter0_20": 0.0, "large_room_sparse20": 0.0, "large_room_potter0_20": 0.25}
[pair_H] {"steps": 1861632, "elapsed_s": 1701.2, "coordination_ring_sparse20": 77.0, "coordination_ring_potter0_20": 0.05, "large_room_sparse20": 0.0, "large_room_potter0_20": 0.3}
[pair_H] {"steps": 1863680, "elapsed_s": 1702.8, "coordination_ring_sparse20": 72.0, "coordination_ring_potter0_20": 0.05, "large_room_sparse20": 0.0, "large_room_potter0_20": 0.25}
[pair_H] {"steps": 1865728, "elapsed_s": 1704.3, "coordination_ring_sparse20": 72.0, "coordination_ring_potter0_20": 0.1, "large_room_sparse20": 0.0, "large_room_potter0_20": 0.25}
[pair_H] {"steps": 1867776, "elapsed_s": 1705.8, "coordination_ring_sparse20": 70.0, "coordination_ring_potter0_20": 0.1, "large_room_sparse20": 0.0, "large_room_potter0_20": 0.25}
[pair_H] {"steps": 1869824, "elapsed_s": 1707.2, "coordination_ring_sparse20": 66.0, "coordination_ring_potter0_20": 0.1, "large_room_sparse20": 0.0, "large_room_potter0_20": 0.2}
[pair_H] {"steps": 1871872, "elapsed_s": 1709.0, "coordination_ring_sparse20": 66.0, "coordination_ring_potter0_20": 0.1, "large_room_sparse20": 0.0, "large_room_potter0_20": 0.15}
[pair_H] {"steps": 1873920, "elapsed_s": 1710.5, "coordination_ring_sparse20": 69.0, "coordination_ring_potter0_20": 0.1, "large_room_sparse20": 0.0, "large_room_potter0_20": 0.1}
[pair_H] {"steps": 1875968, "elapsed_s": 1712.1, "coordination_ring_sparse20": 70.0, "coordination_ring_potter0_20": 0.05, "large_room_sparse20": 0.0, "large_room_potter0_20": 0.05}
[pair_H] {"steps": 1878016, "elapsed_s": 1713.7, "coordination_ring_sparse20": 69.0, "coordination_ring_potter0_20": 0.05, "large_room_sparse20": 0.0, "large_room_potter0_20": 0.15}
[pair_H] {"steps": 1880064, "elapsed_s": 1715.3, "coordination_ring_sparse20": 70.0, "coordination_ring_potter0_20": 0.05, "large_room_sparse20": 0.0, "large_room_potter0_20": 0.15}
[pair_H] {"steps": 1882112, "elapsed_s": 1716.9, "coordination_ring_sparse20": 72.0, "coordination_ring_potter0_20": 0.05, "large_room_sparse20": 0.0, "large_room_potter0_20": 0.15}
[pair_H] {"steps": 1884160, "elapsed_s": 1718.4, "coordination_ring_sparse20": 71.0, "coordination_ring_potter0_20": 0.05, "large_room_sparse20": 0.0, "large_room_potter0_20": 0.15}
[pair_H] {"steps": 1886208, "elapsed_s": 1719.9, "coordination_ring_sparse20": 70.0, "coordination_ring_potter0_20": 0.0, "large_room_sparse20": 0.0, "large_room_potter0_20": 0.15}
[pair_H] {"steps": 1888256, "elapsed_s": 1721.4, "coordination_ring_sparse20": 72.0, "coordination_ring_potter0_20": 0.0, "large_room_sparse20": 0.0, "large_room_potter0_20": 0.15}
[pair_H] {"steps": 1890304, "elapsed_s": 1723.3, "coordination_ring_sparse20": 75.0, "coordination_ring_potter0_20": 0.0, "large_room_sparse20": 0.0, "large_room_potter0_20": 0.15}
[pair_H] {"steps": 1892352, "elapsed_s": 1724.7, "coordination_ring_sparse20": 72.0, "coordination_ring_potter0_20": 0.1, "large_room_sparse20": 0.0, "large_room_potter0_20": 0.15}
[pair_H] {"steps": 1894400, "elapsed_s": 1726.3, "coordination_ring_sparse20": 72.0, "coordination_ring_potter0_20": 0.1, "large_room_sparse20": 0.0, "large_room_potter0_20": 0.1}
[pair_H] {"steps": 1896448, "elapsed_s": 1727.8, "coordination_ring_sparse20": 73.0, "coordination_ring_potter0_20": 0.1, "large_room_sparse20": 0.0, "large_room_potter0_20": 0.1}
[pair_H] {"steps": 1898496, "elapsed_s": 1729.3, "coordination_ring_sparse20": 74.0, "coordination_ring_potter0_20": 0.1, "large_room_sparse20": 0.0, "large_room_potter0_20": 0.1}
[pair_H] {"steps": 1900544, "elapsed_s": 1730.8, "coordination_ring_sparse20": 72.0, "coordination_ring_potter0_20": 0.1, "large_room_sparse20": 0.0, "large_room_potter0_20": 0.2}
[pair_H] {"steps": 1902592, "elapsed_s": 1732.4, "coordination_ring_sparse20": 73.0, "coordination_ring_potter0_20": 0.1, "large_room_sparse20": 0.0, "large_room_potter0_20": 0.25}
[pair_H] {"steps": 1904640, "elapsed_s": 1733.7, "coordination_ring_sparse20": 79.0, "coordination_ring_potter0_20": 0.15, "large_room_sparse20": 0.0, "large_room_potter0_20": 0.25}
[pair_H] {"steps": 1906688, "elapsed_s": 1735.3, "coordination_ring_sparse20": 80.0, "coordination_ring_potter0_20": 0.1, "large_room_sparse20": 0.0, "large_room_potter0_20": 0.25}
[pair_H] {"steps": 1908736, "elapsed_s": 1737.0, "coordination_ring_sparse20": 80.0, "coordination_ring_potter0_20": 0.1, "large_room_sparse20": 0.0, "large_room_potter0_20": 0.2}
[pair_H] {"steps": 1910784, "elapsed_s": 1738.4, "coordination_ring_sparse20": 85.0, "coordination_ring_potter0_20": 0.05, "large_room_sparse20": 0.0, "large_room_potter0_20": 0.2}
[pair_H] {"steps": 1912832, "elapsed_s": 1739.9, "coordination_ring_sparse20": 83.0, "coordination_ring_potter0_20": 0.05, "large_room_sparse20": 0.0, "large_room_potter0_20": 0.25}
[pair_H] {"steps": 1914880, "elapsed_s": 1741.5, "coordination_ring_sparse20": 82.0, "coordination_ring_potter0_20": 0.05, "large_room_sparse20": 0.0, "large_room_potter0_20": 0.3}
[pair_H] {"steps": 1916928, "elapsed_s": 1742.9, "coordination_ring_sparse20": 84.0, "coordination_ring_potter0_20": 0.05, "large_room_sparse20": 0.0, "large_room_potter0_20": 0.25}
[pair_H] {"steps": 1918976, "elapsed_s": 1744.3, "coordination_ring_sparse20": 84.0, "coordination_ring_potter0_20": 0.05, "large_room_sparse20": 0.0, "large_room_potter0_20": 0.3}
[pair_H] {"steps": 1921024, "elapsed_s": 1746.1, "coordination_ring_sparse20": 81.0, "coordination_ring_potter0_20": 0.0, "large_room_sparse20": 0.0, "large_room_potter0_20": 0.25}
[pair_H] {"steps": 1923072, "elapsed_s": 1747.5, "coordination_ring_sparse20": 84.0, "coordination_ring_potter0_20": 0.0, "large_room_sparse20": 0.0, "large_room_potter0_20": 0.25}
[pair_H] {"steps": 1925120, "elapsed_s": 1749.1, "coordination_ring_sparse20": 80.0, "coordination_ring_potter0_20": 0.0, "large_room_sparse20": 0.0, "large_room_potter0_20": 0.3}
[pair_H] {"steps": 1927168, "elapsed_s": 1750.6, "coordination_ring_sparse20": 85.0, "coordination_ring_potter0_20": 0.0, "large_room_sparse20": 0.0, "large_room_potter0_20": 0.3}
[pair_H] {"steps": 1929216, "elapsed_s": 1752.1, "coordination_ring_sparse20": 85.0, "coordination_ring_potter0_20": 0.0, "large_room_sparse20": 0.0, "large_room_potter0_20": 0.4}
[pair_H] {"steps": 1931264, "elapsed_s": 1753.5, "coordination_ring_sparse20": 86.0, "coordination_ring_potter0_20": 0.0, "large_room_sparse20": 0.0, "large_room_potter0_20": 0.4}
[pair_H] {"steps": 1933312, "elapsed_s": 1755.0, "coordination_ring_sparse20": 87.0, "coordination_ring_potter0_20": 0.0, "large_room_sparse20": 0.0, "large_room_potter0_20": 0.4}
[pair_H] {"steps": 1935360, "elapsed_s": 1756.5, "coordination_ring_sparse20": 85.0, "coordination_ring_potter0_20": 0.0, "large_room_sparse20": 0.0, "large_room_potter0_20": 0.35}
[pair_H] {"steps": 1937408, "elapsed_s": 1758.1, "coordination_ring_sparse20": 84.0, "coordination_ring_potter0_20": 0.0, "large_room_sparse20": 0.0, "large_room_potter0_20": 0.35}
[pair_H] {"steps": 1939456, "elapsed_s": 1759.6, "coordination_ring_sparse20": 88.0, "coordination_ring_potter0_20": 0.0, "large_room_sparse20": 0.0, "large_room_potter0_20": 0.3}
[pair_H] {"steps": 1941504, "elapsed_s": 1761.1, "coordination_ring_sparse20": 86.0, "coordination_ring_potter0_20": 0.0, "large_room_sparse20": 0.0, "large_room_potter0_20": 0.25}
[pair_H] {"steps": 1943552, "elapsed_s": 1762.6, "coordination_ring_sparse20": 84.0, "coordination_ring_potter0_20": 0.0, "large_room_sparse20": 0.0, "large_room_potter0_20": 0.25}
[pair_H] {"steps": 1945600, "elapsed_s": 1764.2, "coordination_ring_sparse20": 84.0, "coordination_ring_potter0_20": 0.0, "large_room_sparse20": 0.0, "large_room_potter0_20": 0.25}
[pair_H] {"steps": 1947648, "elapsed_s": 1765.6, "coordination_ring_sparse20": 81.0, "coordination_ring_potter0_20": 0.05, "large_room_sparse20": 0.0, "large_room_potter0_20": 0.3}
[pair_H] {"steps": 1949696, "elapsed_s": 1767.1, "coordination_ring_sparse20": 77.0, "coordination_ring_potter0_20": 0.05, "large_room_sparse20": 0.0, "large_room_potter0_20": 0.2}
[pair_H] {"steps": 1951744, "elapsed_s": 1768.7, "coordination_ring_sparse20": 80.0, "coordination_ring_potter0_20": 0.05, "large_room_sparse20": 0.0, "large_room_potter0_20": 0.2}
[pair_H] {"steps": 1953792, "elapsed_s": 1770.5, "coordination_ring_sparse20": 80.0, "coordination_ring_potter0_20": 0.05, "large_room_sparse20": 0.0, "large_room_potter0_20": 0.35}
[pair_H] {"steps": 1955840, "elapsed_s": 1772.1, "coordination_ring_sparse20": 77.0, "coordination_ring_potter0_20": 0.05, "large_room_sparse20": 0.0, "large_room_potter0_20": 0.4}
[pair_H] {"steps": 1957888, "elapsed_s": 1773.5, "coordination_ring_sparse20": 77.0, "coordination_ring_potter0_20": 0.05, "large_room_sparse20": 0.0, "large_room_potter0_20": 0.4}
[pair_H] {"steps": 1959936, "elapsed_s": 1774.9, "coordination_ring_sparse20": 80.0, "coordination_ring_potter0_20": 0.05, "large_room_sparse20": 0.0, "large_room_potter0_20": 0.35}
[pair_H] {"steps": 1961984, "elapsed_s": 1776.4, "coordination_ring_sparse20": 81.0, "coordination_ring_potter0_20": 0.0, "large_room_sparse20": 0.0, "large_room_potter0_20": 0.4}
[pair_H] {"steps": 1964032, "elapsed_s": 1778.3, "coordination_ring_sparse20": 83.0, "coordination_ring_potter0_20": 0.0, "large_room_sparse20": 0.0, "large_room_potter0_20": 0.35}
[pair_H] {"steps": 1966080, "elapsed_s": 1779.7, "coordination_ring_sparse20": 86.0, "coordination_ring_potter0_20": 0.0, "large_room_sparse20": 0.0, "large_room_potter0_20": 0.35}
[pair_H] {"steps": 1968128, "elapsed_s": 1781.2, "coordination_ring_sparse20": 80.0, "coordination_ring_potter0_20": 0.05, "large_room_sparse20": 0.0, "large_room_potter0_20": 0.35}
[pair_H] {"steps": 1970176, "elapsed_s": 1782.7, "coordination_ring_sparse20": 82.0, "coordination_ring_potter0_20": 0.05, "large_room_sparse20": 0.0, "large_room_potter0_20": 0.3}
[pair_H] {"steps": 1972224, "elapsed_s": 1784.1, "coordination_ring_sparse20": 79.0, "coordination_ring_potter0_20": 0.05, "large_room_sparse20": 0.0, "large_room_potter0_20": 0.25}
[pair_H] {"steps": 1974272, "elapsed_s": 1785.7, "coordination_ring_sparse20": 78.0, "coordination_ring_potter0_20": 0.05, "large_room_sparse20": 0.0, "large_room_potter0_20": 0.15}
[pair_H] {"steps": 1976320, "elapsed_s": 1787.2, "coordination_ring_sparse20": 74.0, "coordination_ring_potter0_20": 0.05, "large_room_sparse20": 0.0, "large_room_potter0_20": 0.1}
[pair_H] {"steps": 1978368, "elapsed_s": 1788.7, "coordination_ring_sparse20": 73.0, "coordination_ring_potter0_20": 0.05, "large_room_sparse20": 0.0, "large_room_potter0_20": 0.15}
[pair_H] {"steps": 1980416, "elapsed_s": 1790.2, "coordination_ring_sparse20": 81.0, "coordination_ring_potter0_20": 0.05, "large_room_sparse20": 0.0, "large_room_potter0_20": 0.1}
[pair_H] {"steps": 1982464, "elapsed_s": 1791.7, "coordination_ring_sparse20": 80.0, "coordination_ring_potter0_20": 0.0, "large_room_sparse20": 0.0, "large_room_potter0_20": 0.05}
[pair_H] {"steps": 1984512, "elapsed_s": 1793.2, "coordination_ring_sparse20": 81.0, "coordination_ring_potter0_20": 0.05, "large_room_sparse20": 0.0, "large_room_potter0_20": 0.05}
[pair_H] {"steps": 1986560, "elapsed_s": 1794.8, "coordination_ring_sparse20": 81.0, "coordination_ring_potter0_20": 0.05, "large_room_sparse20": 0.0, "large_room_potter0_20": 0.05}
[pair_H] {"steps": 1988608, "elapsed_s": 1796.5, "coordination_ring_sparse20": 81.0, "coordination_ring_potter0_20": 0.05, "large_room_sparse20": 0.0, "large_room_potter0_20": 0.1}
[pair_H] {"steps": 1990656, "elapsed_s": 1797.9, "coordination_ring_sparse20": 78.0, "coordination_ring_potter0_20": 0.05, "large_room_sparse20": 0.0, "large_room_potter0_20": 0.1}
[pair_H] {"steps": 1992704, "elapsed_s": 1799.4, "coordination_ring_sparse20": 88.0, "coordination_ring_potter0_20": 0.05, "large_room_sparse20": 0.0, "large_room_potter0_20": 0.05}
[pair_H] {"steps": 1994752, "elapsed_s": 1800.9, "coordination_ring_sparse20": 88.0, "coordination_ring_potter0_20": 0.05, "large_room_sparse20": 0.0, "large_room_potter0_20": 0.05}
[pair_H] {"steps": 1996800, "elapsed_s": 1802.3, "coordination_ring_sparse20": 85.0, "coordination_ring_potter0_20": 0.05, "large_room_sparse20": 0.0, "large_room_potter0_20": 0.05}
[pair_H] {"steps": 1998848, "elapsed_s": 1803.9, "coordination_ring_sparse20": 86.0, "coordination_ring_potter0_20": 0.1, "large_room_sparse20": 0.0, "large_room_potter0_20": 0.05}
[pair_H] {"steps": 2000896, "elapsed_s": 1805.7, "coordination_ring_sparse20": 87.0, "coordination_ring_potter0_20": 0.1, "large_room_sparse20": 0.0, "large_room_potter0_20": 0.05}
[pair_H] {"steps": 2002944, "elapsed_s": 1807.1, "coordination_ring_sparse20": 86.0, "coordination_ring_potter0_20": 0.05, "large_room_sparse20": 0.0, "large_room_potter0_20": 0.05}
[pair_H] {"steps": 2004992, "elapsed_s": 1808.6, "coordination_ring_sparse20": 88.0, "coordination_ring_potter0_20": 0.05, "large_room_sparse20": 0.0, "large_room_potter0_20": 0.05}
[pair_H] {"steps": 2007040, "elapsed_s": 1809.9, "coordination_ring_sparse20": 87.0, "coordination_ring_potter0_20": 0.05, "large_room_sparse20": 0.0, "large_room_potter0_20": 0.05}
[pair_H] {"steps": 2009088, "elapsed_s": 1811.4, "coordination_ring_sparse20": 90.0, "coordination_ring_potter0_20": 0.05, "large_room_sparse20": 0.0, "large_room_potter0_20": 0.05}
[pair_H] {"steps": 2011136, "elapsed_s": 1812.8, "coordination_ring_sparse20": 90.0, "coordination_ring_potter0_20": 0.05, "large_room_sparse20": 0.0, "large_room_potter0_20": 0.05}
[pair_H] {"steps": 2013184, "elapsed_s": 1814.4, "coordination_ring_sparse20": 87.0, "coordination_ring_potter0_20": 0.05, "large_room_sparse20": 0.0, "large_room_potter0_20": 0.05}
[pair_H] {"steps": 2015232, "elapsed_s": 1815.8, "coordination_ring_sparse20": 85.0, "coordination_ring_potter0_20": 0.05, "large_room_sparse20": 0.0, "large_room_potter0_20": 0.05}
[pair_H] {"steps": 2017280, "elapsed_s": 1817.4, "coordination_ring_sparse20": 86.0, "coordination_ring_potter0_20": 0.05, "large_room_sparse20": 0.0, "large_room_potter0_20": 0.05}
[pair_H] {"steps": 2019328, "elapsed_s": 1819.0, "coordination_ring_sparse20": 89.0, "coordination_ring_potter0_20": 0.05, "large_room_sparse20": 0.0, "large_room_potter0_20": 0.0}
[pair_H] {"steps": 2021376, "elapsed_s": 1820.6, "coordination_ring_sparse20": 87.0, "coordination_ring_potter0_20": 0.05, "large_room_sparse20": 0.0, "large_room_potter0_20": 0.0}
[pair_H] {"steps": 2023424, "elapsed_s": 1821.9, "coordination_ring_sparse20": 91.0, "coordination_ring_potter0_20": 0.05, "large_room_sparse20": 0.0, "large_room_potter0_20": 0.0}
[pair_H] {"steps": 2025472, "elapsed_s": 1823.4, "coordination_ring_sparse20": 91.0, "coordination_ring_potter0_20": 0.05, "large_room_sparse20": 0.0, "large_room_potter0_20": 0.0}
[pair_H] {"steps": 2027520, "elapsed_s": 1824.8, "coordination_ring_sparse20": 95.0, "coordination_ring_potter0_20": 0.0, "large_room_sparse20": 0.0, "large_room_potter0_20": 0.0}
[pair_H] {"steps": 2029568, "elapsed_s": 1826.3, "coordination_ring_sparse20": 92.0, "coordination_ring_potter0_20": 0.0, "large_room_sparse20": 0.0, "large_room_potter0_20": 0.0}
[pair_H] {"steps": 2031616, "elapsed_s": 1827.8, "coordination_ring_sparse20": 98.0, "coordination_ring_potter0_20": 0.0, "large_room_sparse20": 0.0, "large_room_potter0_20": 0.05}
[pair_H] {"steps": 2033664, "elapsed_s": 1829.3, "coordination_ring_sparse20": 94.0, "coordination_ring_potter0_20": 0.0, "large_room_sparse20": 0.0, "large_room_potter0_20": 0.05}
[pair_H] {"steps": 2035712, "elapsed_s": 1831.2, "coordination_ring_sparse20": 94.0, "coordination_ring_potter0_20": 0.0, "large_room_sparse20": 0.0, "large_room_potter0_20": 0.05}
[pair_H] {"steps": 2037760, "elapsed_s": 1832.6, "coordination_ring_sparse20": 94.0, "coordination_ring_potter0_20": 0.0, "large_room_sparse20": 0.0, "large_room_potter0_20": 0.1}
[pair_H] {"steps": 2039808, "elapsed_s": 1834.1, "coordination_ring_sparse20": 94.0, "coordination_ring_potter0_20": 0.0, "large_room_sparse20": 0.0, "large_room_potter0_20": 0.1}
[pair_H] {"steps": 2041856, "elapsed_s": 1835.5, "coordination_ring_sparse20": 95.0, "coordination_ring_potter0_20": 0.0, "large_room_sparse20": 0.0, "large_room_potter0_20": 0.1}
[pair_H] {"steps": 2043904, "elapsed_s": 1837.0, "coordination_ring_sparse20": 99.0, "coordination_ring_potter0_20": 0.0, "large_room_sparse20": 0.0, "large_room_potter0_20": 0.1}
[pair_H] {"steps": 2045952, "elapsed_s": 1838.5, "coordination_ring_sparse20": 92.0, "coordination_ring_potter0_20": 0.1, "large_room_sparse20": 0.0, "large_room_potter0_20": 0.1}
[pair_H] {"steps": 2048000, "elapsed_s": 1840.2, "coordination_ring_sparse20": 87.0, "coordination_ring_potter0_20": 0.15, "large_room_sparse20": 0.0, "large_room_potter0_20": 0.1}
[pair_H] {"steps": 2050048, "elapsed_s": 1841.8, "coordination_ring_sparse20": 83.0, "coordination_ring_potter0_20": 0.15, "large_room_sparse20": 0.0, "large_room_potter0_20": 0.1}
[pair_H] {"steps": 2052096, "elapsed_s": 1843.3, "coordination_ring_sparse20": 82.0, "coordination_ring_potter0_20": 0.15, "large_room_sparse20": 0.0, "large_room_potter0_20": 0.05}
[pair_H] {"steps": 2054144, "elapsed_s": 1845.0, "coordination_ring_sparse20": 81.0, "coordination_ring_potter0_20": 0.15, "large_room_sparse20": 0.0, "large_room_potter0_20": 0.05}
[pair_H] {"steps": 2056192, "elapsed_s": 1846.5, "coordination_ring_sparse20": 80.0, "coordination_ring_potter0_20": 0.15, "large_room_sparse20": 0.0, "large_room_potter0_20": 0.05}
[pair_H] {"steps": 2058240, "elapsed_s": 1848.3, "coordination_ring_sparse20": 77.0, "coordination_ring_potter0_20": 0.15, "large_room_sparse20": 0.0, "large_room_potter0_20": 0.05}
[pair_H] {"steps": 2060288, "elapsed_s": 1850.0, "coordination_ring_sparse20": 69.0, "coordination_ring_potter0_20": 0.15, "large_room_sparse20": 0.0, "large_room_potter0_20": 0.05}
[pair_H] {"steps": 2062336, "elapsed_s": 1851.7, "coordination_ring_sparse20": 70.0, "coordination_ring_potter0_20": 0.15, "large_room_sparse20": 0.0, "large_room_potter0_20": 0.0}
[pair_H] {"steps": 2064384, "elapsed_s": 1853.4, "coordination_ring_sparse20": 65.0, "coordination_ring_potter0_20": 0.15, "large_room_sparse20": 0.0, "large_room_potter0_20": 0.05}
[pair_H] {"steps": 2066432, "elapsed_s": 1855.1, "coordination_ring_sparse20": 65.0, "coordination_ring_potter0_20": 0.15, "large_room_sparse20": 0.0, "large_room_potter0_20": 0.1}
[pair_H] {"steps": 2068480, "elapsed_s": 1857.2, "coordination_ring_sparse20": 63.0, "coordination_ring_potter0_20": 0.05, "large_room_sparse20": 0.0, "large_room_potter0_20": 0.1}
[pair_H] {"steps": 2070528, "elapsed_s": 1858.9, "coordination_ring_sparse20": 64.0, "coordination_ring_potter0_20": 0.0, "large_room_sparse20": 0.0, "large_room_potter0_20": 0.15}
[pair_H] {"steps": 2072576, "elapsed_s": 1860.4, "coordination_ring_sparse20": 69.0, "coordination_ring_potter0_20": 0.0, "large_room_sparse20": 0.0, "large_room_potter0_20": 0.15}
[pair_H] {"steps": 2074624, "elapsed_s": 1862.0, "coordination_ring_sparse20": 68.0, "coordination_ring_potter0_20": 0.05, "large_room_sparse20": 0.0, "large_room_potter0_20": 0.15}
[pair_H] {"steps": 2076672, "elapsed_s": 1863.6, "coordination_ring_sparse20": 71.0, "coordination_ring_potter0_20": 0.05, "large_room_sparse20": 0.0, "large_room_potter0_20": 0.15}
[pair_H] {"steps": 2078720, "elapsed_s": 1865.2, "coordination_ring_sparse20": 72.0, "coordination_ring_potter0_20": 0.05, "large_room_sparse20": 0.0, "large_room_potter0_20": 0.15}
[pair_H] {"steps": 2080768, "elapsed_s": 1867.0, "coordination_ring_sparse20": 76.0, "coordination_ring_potter0_20": 0.05, "large_room_sparse20": 0.0, "large_room_potter0_20": 0.1}
[pair_H] {"steps": 2082816, "elapsed_s": 1868.5, "coordination_ring_sparse20": 81.0, "coordination_ring_potter0_20": 0.05, "large_room_sparse20": 0.0, "large_room_potter0_20": 0.05}
[pair_H] {"steps": 2084864, "elapsed_s": 1870.0, "coordination_ring_sparse20": 84.0, "coordination_ring_potter0_20": 0.05, "large_room_sparse20": 0.0, "large_room_potter0_20": 0.05}
[pair_H] {"steps": 2086912, "elapsed_s": 1871.5, "coordination_ring_sparse20": 82.0, "coordination_ring_potter0_20": 0.05, "large_room_sparse20": 0.0, "large_room_potter0_20": 0.05}
[pair_H] {"steps": 2088960, "elapsed_s": 1873.1, "coordination_ring_sparse20": 85.0, "coordination_ring_potter0_20": 0.05, "large_room_sparse20": 0.0, "large_room_potter0_20": 0.05}
[pair_H] {"steps": 2091008, "elapsed_s": 1874.7, "coordination_ring_sparse20": 83.0, "coordination_ring_potter0_20": 0.05, "large_room_sparse20": 0.0, "large_room_potter0_20": 0.05}
[pair_H] {"steps": 2093056, "elapsed_s": 1876.4, "coordination_ring_sparse20": 84.0, "coordination_ring_potter0_20": 0.05, "large_room_sparse20": 0.0, "large_room_potter0_20": 0.05}
[pair_H] {"steps": 2095104, "elapsed_s": 1878.2, "coordination_ring_sparse20": 88.0, "coordination_ring_potter0_20": 0.05, "large_room_sparse20": 0.0, "large_room_potter0_20": 0.1}
[pair_H] {"steps": 2097152, "elapsed_s": 1879.6, "coordination_ring_sparse20": 86.0, "coordination_ring_potter0_20": 0.05, "large_room_sparse20": 0.0, "large_room_potter0_20": 0.1}
[pair_H] {"steps": 2099200, "elapsed_s": 1881.1, "coordination_ring_sparse20": 80.0, "coordination_ring_potter0_20": 0.05, "large_room_sparse20": 0.0, "large_room_potter0_20": 0.1}
[pair_H] {"steps": 2101248, "elapsed_s": 1882.9, "coordination_ring_sparse20": 82.0, "coordination_ring_potter0_20": 0.05, "large_room_sparse20": 0.0, "large_room_potter0_20": 0.15}
[pair_H] {"steps": 2103296, "elapsed_s": 1884.6, "coordination_ring_sparse20": 79.0, "coordination_ring_potter0_20": 0.05, "large_room_sparse20": 0.0, "large_room_potter0_20": 0.15}
[pair_H] {"steps": 2105344, "elapsed_s": 1886.3, "coordination_ring_sparse20": 79.0, "coordination_ring_potter0_20": 0.05, "large_room_sparse20": 0.0, "large_room_potter0_20": 0.25}
[pair_H] {"steps": 2107392, "elapsed_s": 1888.5, "coordination_ring_sparse20": 74.0, "coordination_ring_potter0_20": 0.05, "large_room_sparse20": 0.0, "large_room_potter0_20": 0.3}
[pair_H] {"steps": 2109440, "elapsed_s": 1890.9, "coordination_ring_sparse20": 72.0, "coordination_ring_potter0_20": 0.05, "large_room_sparse20": 0.0, "large_room_potter0_20": 0.25}
[pair_H] {"steps": 2111488, "elapsed_s": 1893.5, "coordination_ring_sparse20": 73.0, "coordination_ring_potter0_20": 0.0, "large_room_sparse20": 0.0, "large_room_potter0_20": 0.3}
[pair_H] {"steps": 2113536, "elapsed_s": 1896.2, "coordination_ring_sparse20": 71.0, "coordination_ring_potter0_20": 0.0, "large_room_sparse20": 0.0, "large_room_potter0_20": 0.3}
[pair_H] {"steps": 2115584, "elapsed_s": 1898.2, "coordination_ring_sparse20": 78.0, "coordination_ring_potter0_20": 0.05, "large_room_sparse20": 0.0, "large_room_potter0_20": 0.25}
[pair_H] {"steps": 2117632, "elapsed_s": 1900.1, "coordination_ring_sparse20": 70.0, "coordination_ring_potter0_20": 0.05, "large_room_sparse20": 0.0, "large_room_potter0_20": 0.25}
[pair_H] {"steps": 2119680, "elapsed_s": 1902.3, "coordination_ring_sparse20": 74.0, "coordination_ring_potter0_20": 0.05, "large_room_sparse20": 0.0, "large_room_potter0_20": 0.25}
[pair_H] {"steps": 2121728, "elapsed_s": 1904.5, "coordination_ring_sparse20": 79.0, "coordination_ring_potter0_20": 0.05, "large_room_sparse20": 0.0, "large_room_potter0_20": 0.25}
[pair_H] {"steps": 2123776, "elapsed_s": 1907.2, "coordination_ring_sparse20": 78.0, "coordination_ring_potter0_20": 0.05, "large_room_sparse20": 0.0, "large_room_potter0_20": 0.2}
[pair_H] {"steps": 2125824, "elapsed_s": 1910.2, "coordination_ring_sparse20": 75.0, "coordination_ring_potter0_20": 0.05, "large_room_sparse20": 0.0, "large_room_potter0_20": 0.15}
[pair_H] {"steps": 2127872, "elapsed_s": 1912.8, "coordination_ring_sparse20": 74.0, "coordination_ring_potter0_20": 0.05, "large_room_sparse20": 0.0, "large_room_potter0_20": 0.15}
[pair_H] {"steps": 2129920, "elapsed_s": 1915.8, "coordination_ring_sparse20": 74.0, "coordination_ring_potter0_20": 0.05, "large_room_sparse20": 0.0, "large_room_potter0_20": 0.1}
[pair_H] {"steps": 2131968, "elapsed_s": 1918.5, "coordination_ring_sparse20": 75.0, "coordination_ring_potter0_20": 0.05, "large_room_sparse20": 0.0, "large_room_potter0_20": 0.05}
[pair_H] {"steps": 2134016, "elapsed_s": 1921.1, "coordination_ring_sparse20": 77.0, "coordination_ring_potter0_20": 0.0, "large_room_sparse20": 0.0, "large_room_potter0_20": 0.0}
[pair_H] {"steps": 2136064, "elapsed_s": 1923.2, "coordination_ring_sparse20": 81.0, "coordination_ring_potter0_20": 0.0, "large_room_sparse20": 0.0, "large_room_potter0_20": 0.0}
[pair_H] {"steps": 2138112, "elapsed_s": 1925.4, "coordination_ring_sparse20": 79.0, "coordination_ring_potter0_20": 0.0, "large_room_sparse20": 0.0, "large_room_potter0_20": 0.05}
[pair_H] {"steps": 2140160, "elapsed_s": 1927.9, "coordination_ring_sparse20": 79.0, "coordination_ring_potter0_20": 0.0, "large_room_sparse20": 0.0, "large_room_potter0_20": 0.1}
[pair_H] {"steps": 2142208, "elapsed_s": 1930.1, "coordination_ring_sparse20": 79.0, "coordination_ring_potter0_20": 0.0, "large_room_sparse20": 0.0, "large_room_potter0_20": 0.1}
[pair_H] {"steps": 2144256, "elapsed_s": 1932.8, "coordination_ring_sparse20": 82.0, "coordination_ring_potter0_20": 0.0, "large_room_sparse20": 0.0, "large_room_potter0_20": 0.15}
[pair_H] {"steps": 2146304, "elapsed_s": 1935.2, "coordination_ring_sparse20": 87.0, "coordination_ring_potter0_20": 0.0, "large_room_sparse20": 0.0, "large_room_potter0_20": 0.2}
[pair_H] {"steps": 2148352, "elapsed_s": 1938.0, "coordination_ring_sparse20": 87.0, "coordination_ring_potter0_20": 0.0, "large_room_sparse20": 0.0, "large_room_potter0_20": 0.2}
[pair_H] {"steps": 2150400, "elapsed_s": 1940.5, "coordination_ring_sparse20": 82.0, "coordination_ring_potter0_20": 0.0, "large_room_sparse20": 0.0, "large_room_potter0_20": 0.2}
[pair_H] {"steps": 2152448, "elapsed_s": 1942.8, "coordination_ring_sparse20": 80.0, "coordination_ring_potter0_20": 0.0, "large_room_sparse20": 0.0, "large_room_potter0_20": 0.25}
[pair_H] {"steps": 2154496, "elapsed_s": 1945.3, "coordination_ring_sparse20": 82.0, "coordination_ring_potter0_20": 0.0, "large_room_sparse20": 0.0, "large_room_potter0_20": 0.25}
[pair_H] {"steps": 2156544, "elapsed_s": 1947.7, "coordination_ring_sparse20": 84.0, "coordination_ring_potter0_20": 0.05, "large_room_sparse20": 0.0, "large_room_potter0_20": 0.2}
[pair_H] {"steps": 2158592, "elapsed_s": 1950.1, "coordination_ring_sparse20": 87.0, "coordination_ring_potter0_20": 0.05, "large_room_sparse20": 0.0, "large_room_potter0_20": 0.2}
[pair_H] {"steps": 2160640, "elapsed_s": 1952.3, "coordination_ring_sparse20": 85.0, "coordination_ring_potter0_20": 0.05, "large_room_sparse20": 0.0, "large_room_potter0_20": 0.2}
[pair_H] {"steps": 2162688, "elapsed_s": 1954.2, "coordination_ring_sparse20": 81.0, "coordination_ring_potter0_20": 0.1, "large_room_sparse20": 0.0, "large_room_potter0_20": 0.15}
[pair_H] {"steps": 2164736, "elapsed_s": 1956.2, "coordination_ring_sparse20": 86.0, "coordination_ring_potter0_20": 0.15, "large_room_sparse20": 0.0, "large_room_potter0_20": 0.15}
[pair_H] {"steps": 2166784, "elapsed_s": 1958.6, "coordination_ring_sparse20": 89.0, "coordination_ring_potter0_20": 0.15, "large_room_sparse20": 0.0, "large_room_potter0_20": 0.15}
[pair_H] {"steps": 2168832, "elapsed_s": 1960.9, "coordination_ring_sparse20": 89.0, "coordination_ring_potter0_20": 0.15, "large_room_sparse20": 0.0, "large_room_potter0_20": 0.15}
[pair_H] {"steps": 2170880, "elapsed_s": 1963.1, "coordination_ring_sparse20": 92.0, "coordination_ring_potter0_20": 0.1, "large_room_sparse20": 0.0, "large_room_potter0_20": 0.1}
[pair_H] {"steps": 2172928, "elapsed_s": 1964.9, "coordination_ring_sparse20": 90.0, "coordination_ring_potter0_20": 0.1, "large_room_sparse20": 0.0, "large_room_potter0_20": 0.1}
[pair_H] {"steps": 2174976, "elapsed_s": 1966.9, "coordination_ring_sparse20": 90.0, "coordination_ring_potter0_20": 0.1, "large_room_sparse20": 0.0, "large_room_potter0_20": 0.1}
[pair_H] {"steps": 2177024, "elapsed_s": 1969.2, "coordination_ring_sparse20": 90.0, "coordination_ring_potter0_20": 0.1, "large_room_sparse20": 0.0, "large_room_potter0_20": 0.05}
[pair_H] {"steps": 2179072, "elapsed_s": 1971.0, "coordination_ring_sparse20": 92.0, "coordination_ring_potter0_20": 0.05, "large_room_sparse20": 0.0, "large_room_potter0_20": 0.05}
[pair_H] {"steps": 2181120, "elapsed_s": 1972.9, "coordination_ring_sparse20": 96.0, "coordination_ring_potter0_20": 0.05, "large_room_sparse20": 0.0, "large_room_potter0_20": 0.05}
[pair_H] {"steps": 2183168, "elapsed_s": 1974.9, "coordination_ring_sparse20": 100.0, "coordination_ring_potter0_20": 0.0, "large_room_sparse20": 0.0, "large_room_potter0_20": 0.05}
[pair_H] {"steps": 2185216, "elapsed_s": 1977.1, "coordination_ring_sparse20": 102.0, "coordination_ring_potter0_20": 0.0, "large_room_sparse20": 0.0, "large_room_potter0_20": 0.05}
[pair_H] {"steps": 2187264, "elapsed_s": 1979.2, "coordination_ring_sparse20": 103.0, "coordination_ring_potter0_20": 0.0, "large_room_sparse20": 0.0, "large_room_potter0_20": 0.1}
[pair_H] {"steps": 2189312, "elapsed_s": 1981.5, "coordination_ring_sparse20": 99.0, "coordination_ring_potter0_20": 0.0, "large_room_sparse20": 0.0, "large_room_potter0_20": 0.1}
[pair_H] {"steps": 2191360, "elapsed_s": 1983.6, "coordination_ring_sparse20": 101.0, "coordination_ring_potter0_20": 0.05, "large_room_sparse20": 0.0, "large_room_potter0_20": 0.15}
[pair_H] {"steps": 2193408, "elapsed_s": 1985.2, "coordination_ring_sparse20": 102.0, "coordination_ring_potter0_20": 0.05, "large_room_sparse20": 0.0, "large_room_potter0_20": 0.2}
[pair_H] {"steps": 2195456, "elapsed_s": 1987.2, "coordination_ring_sparse20": 93.0, "coordination_ring_potter0_20": 0.05, "large_room_sparse20": 0.0, "large_room_potter0_20": 0.25}
[pair_H] {"steps": 2197504, "elapsed_s": 1989.2, "coordination_ring_sparse20": 92.0, "coordination_ring_potter0_20": 0.05, "large_room_sparse20": 0.0, "large_room_potter0_20": 0.35}
[pair_H] {"steps": 2199552, "elapsed_s": 1991.1, "coordination_ring_sparse20": 93.0, "coordination_ring_potter0_20": 0.05, "large_room_sparse20": 0.0, "large_room_potter0_20": 0.35}
[pair_H] {"steps": 2201600, "elapsed_s": 1993.6, "coordination_ring_sparse20": 93.0, "coordination_ring_potter0_20": 0.05, "large_room_sparse20": 0.0, "large_room_potter0_20": 0.3}
[pair_H] {"steps": 2203648, "elapsed_s": 1996.0, "coordination_ring_sparse20": 92.0, "coordination_ring_potter0_20": 0.05, "large_room_sparse20": 0.0, "large_room_potter0_20": 0.3}
[pair_H] {"steps": 2205696, "elapsed_s": 1998.0, "coordination_ring_sparse20": 89.0, "coordination_ring_potter0_20": 0.05, "large_room_sparse20": 0.0, "large_room_potter0_20": 0.25}
[pair_H] {"steps": 2207744, "elapsed_s": 2000.3, "coordination_ring_sparse20": 88.0, "coordination_ring_potter0_20": 0.05, "large_room_sparse20": 0.0, "large_room_potter0_20": 0.2}
[pair_H] {"steps": 2209792, "elapsed_s": 2002.8, "coordination_ring_sparse20": 88.0, "coordination_ring_potter0_20": 0.05, "large_room_sparse20": 0.0, "large_room_potter0_20": 0.2}
[pair_H] {"steps": 2211840, "elapsed_s": 2005.0, "coordination_ring_sparse20": 85.0, "coordination_ring_potter0_20": 0.0, "large_room_sparse20": 0.0, "large_room_potter0_20": 0.2}
[pair_H] {"steps": 2213888, "elapsed_s": 2007.2, "coordination_ring_sparse20": 82.0, "coordination_ring_potter0_20": 0.0, "large_room_sparse20": 0.0, "large_room_potter0_20": 0.2}
[pair_H] {"steps": 2215936, "elapsed_s": 2009.5, "coordination_ring_sparse20": 82.0, "coordination_ring_potter0_20": 0.0, "large_room_sparse20": 0.0, "large_room_potter0_20": 0.25}
[pair_H] {"steps": 2217984, "elapsed_s": 2011.2, "coordination_ring_sparse20": 85.0, "coordination_ring_potter0_20": 0.0, "large_room_sparse20": 0.0, "large_room_potter0_20": 0.3}
[pair_H] {"steps": 2220032, "elapsed_s": 2013.4, "coordination_ring_sparse20": 85.0, "coordination_ring_potter0_20": 0.0, "large_room_sparse20": 0.0, "large_room_potter0_20": 0.25}
[pair_H] {"steps": 2222080, "elapsed_s": 2015.1, "coordination_ring_sparse20": 82.0, "coordination_ring_potter0_20": 0.0, "large_room_sparse20": 0.0, "large_room_potter0_20": 0.3}
[pair_H] {"steps": 2224128, "elapsed_s": 2017.0, "coordination_ring_sparse20": 82.0, "coordination_ring_potter0_20": 0.0, "large_room_sparse20": 0.0, "large_room_potter0_20": 0.25}
[pair_H] {"steps": 2226176, "elapsed_s": 2019.0, "coordination_ring_sparse20": 82.0, "coordination_ring_potter0_20": 0.0, "large_room_sparse20": 0.0, "large_room_potter0_20": 0.25}
[pair_H] {"steps": 2228224, "elapsed_s": 2021.1, "coordination_ring_sparse20": 87.0, "coordination_ring_potter0_20": 0.0, "large_room_sparse20": 0.0, "large_room_potter0_20": 0.3}
[pair_H] {"steps": 2230272, "elapsed_s": 2023.2, "coordination_ring_sparse20": 86.0, "coordination_ring_potter0_20": 0.0, "large_room_sparse20": 0.0, "large_room_potter0_20": 0.25}
[pair_H] {"steps": 2232320, "elapsed_s": 2025.0, "coordination_ring_sparse20": 91.0, "coordination_ring_potter0_20": 0.0, "large_room_sparse20": 0.0, "large_room_potter0_20": 0.25}
[pair_H] {"steps": 2234368, "elapsed_s": 2027.1, "coordination_ring_sparse20": 94.0, "coordination_ring_potter0_20": 0.0, "large_room_sparse20": 0.0, "large_room_potter0_20": 0.2}
[pair_H] {"steps": 2236416, "elapsed_s": 2029.1, "coordination_ring_sparse20": 93.0, "coordination_ring_potter0_20": 0.0, "large_room_sparse20": 0.0, "large_room_potter0_20": 0.15}
[pair_H] {"steps": 2238464, "elapsed_s": 2031.3, "coordination_ring_sparse20": 92.0, "coordination_ring_potter0_20": 0.0, "large_room_sparse20": 0.0, "large_room_potter0_20": 0.15}
[pair_H] {"steps": 2240512, "elapsed_s": 2033.1, "coordination_ring_sparse20": 93.0, "coordination_ring_potter0_20": 0.0, "large_room_sparse20": 0.0, "large_room_potter0_20": 0.15}
[pair_H] {"steps": 2242560, "elapsed_s": 2035.0, "coordination_ring_sparse20": 88.0, "coordination_ring_potter0_20": 0.05, "large_room_sparse20": 0.0, "large_room_potter0_20": 0.15}
[pair_H] {"steps": 2244608, "elapsed_s": 2037.0, "coordination_ring_sparse20": 88.0, "coordination_ring_potter0_20": 0.05, "large_room_sparse20": 0.0, "large_room_potter0_20": 0.15}
[pair_H] {"steps": 2246656, "elapsed_s": 2039.3, "coordination_ring_sparse20": 86.0, "coordination_ring_potter0_20": 0.05, "large_room_sparse20": 0.0, "large_room_potter0_20": 0.15}
[pair_H] {"steps": 2248704, "elapsed_s": 2041.4, "coordination_ring_sparse20": 85.0, "coordination_ring_potter0_20": 0.05, "large_room_sparse20": 0.0, "large_room_potter0_20": 0.15}
[pair_H] {"steps": 2250752, "elapsed_s": 2043.1, "coordination_ring_sparse20": 81.0, "coordination_ring_potter0_20": 0.05, "large_room_sparse20": 0.0, "large_room_potter0_20": 0.15}
[pair_H] {"steps": 2252800, "elapsed_s": 2045.3, "coordination_ring_sparse20": 83.0, "coordination_ring_potter0_20": 0.05, "large_room_sparse20": 0.0, "large_room_potter0_20": 0.15}
[pair_H] {"steps": 2254848, "elapsed_s": 2047.4, "coordination_ring_sparse20": 88.0, "coordination_ring_potter0_20": 0.05, "large_room_sparse20": 0.0, "large_room_potter0_20": 0.15}
[pair_H] {"steps": 2256896, "elapsed_s": 2049.0, "coordination_ring_sparse20": 86.0, "coordination_ring_potter0_20": 0.05, "large_room_sparse20": 0.0, "large_room_potter0_20": 0.2}
[pair_H] {"steps": 2258944, "elapsed_s": 2050.5, "coordination_ring_sparse20": 84.0, "coordination_ring_potter0_20": 0.0, "large_room_sparse20": 0.0, "large_room_potter0_20": 0.25}
[pair_H] {"steps": 2260992, "elapsed_s": 2052.0, "coordination_ring_sparse20": 83.0, "coordination_ring_potter0_20": 0.0, "large_room_sparse20": 0.0, "large_room_potter0_20": 0.25}
[pair_H] {"steps": 2263040, "elapsed_s": 2053.5, "coordination_ring_sparse20": 83.0, "coordination_ring_potter0_20": 0.0, "large_room_sparse20": 0.0, "large_room_potter0_20": 0.25}
[pair_H] {"steps": 2265088, "elapsed_s": 2055.3, "coordination_ring_sparse20": 83.0, "coordination_ring_potter0_20": 0.0, "large_room_sparse20": 0.0, "large_room_potter0_20": 0.25}
[pair_H] {"steps": 2267136, "elapsed_s": 2057.2, "coordination_ring_sparse20": 85.0, "coordination_ring_potter0_20": 0.0, "large_room_sparse20": 0.0, "large_room_potter0_20": 0.25}
[pair_H] {"steps": 2269184, "elapsed_s": 2059.3, "coordination_ring_sparse20": 85.0, "coordination_ring_potter0_20": 0.0, "large_room_sparse20": 0.0, "large_room_potter0_20": 0.25}
[pair_H] {"steps": 2271232, "elapsed_s": 2061.3, "coordination_ring_sparse20": 85.0, "coordination_ring_potter0_20": 0.0, "large_room_sparse20": 0.0, "large_room_potter0_20": 0.3}
[pair_H] {"steps": 2273280, "elapsed_s": 2063.2, "coordination_ring_sparse20": 86.0, "coordination_ring_potter0_20": 0.0, "large_room_sparse20": 0.0, "large_room_potter0_20": 0.25}
[pair_H] {"steps": 2275328, "elapsed_s": 2065.5, "coordination_ring_sparse20": 91.0, "coordination_ring_potter0_20": 0.0, "large_room_sparse20": 0.0, "large_room_potter0_20": 0.2}
[pair_H] {"steps": 2277376, "elapsed_s": 2067.4, "coordination_ring_sparse20": 95.0, "coordination_ring_potter0_20": 0.0, "large_room_sparse20": 0.0, "large_room_potter0_20": 0.15}
[pair_H] {"steps": 2279424, "elapsed_s": 2070.0, "coordination_ring_sparse20": 94.0, "coordination_ring_potter0_20": 0.0, "large_room_sparse20": 0.0, "large_room_potter0_20": 0.15}
[pair_H] {"steps": 2281472, "elapsed_s": 2072.5, "coordination_ring_sparse20": 98.0, "coordination_ring_potter0_20": 0.0, "large_room_sparse20": 0.0, "large_room_potter0_20": 0.2}
[pair_H] {"steps": 2283520, "elapsed_s": 2075.0, "coordination_ring_sparse20": 99.0, "coordination_ring_potter0_20": 0.05, "large_room_sparse20": 0.0, "large_room_potter0_20": 0.15}
[pair_H] {"steps": 2285568, "elapsed_s": 2077.5, "coordination_ring_sparse20": 98.0, "coordination_ring_potter0_20": 0.05, "large_room_sparse20": 0.0, "large_room_potter0_20": 0.1}
[pair_H] {"steps": 2287616, "elapsed_s": 2079.8, "coordination_ring_sparse20": 102.0, "coordination_ring_potter0_20": 0.15, "large_room_sparse20": 0.0, "large_room_potter0_20": 0.1}
[pair_H] {"steps": 2289664, "elapsed_s": 2082.0, "coordination_ring_sparse20": 103.0, "coordination_ring_potter0_20": 0.15, "large_room_sparse20": 0.0, "large_room_potter0_20": 0.1}
[pair_H] {"steps": 2291712, "elapsed_s": 2084.7, "coordination_ring_sparse20": 106.0, "coordination_ring_potter0_20": 0.15, "large_room_sparse20": 0.0, "large_room_potter0_20": 0.1}
[pair_H] {"steps": 2293760, "elapsed_s": 2087.2, "coordination_ring_sparse20": 106.0, "coordination_ring_potter0_20": 0.2, "large_room_sparse20": 0.0, "large_room_potter0_20": 0.1}
[pair_H] {"steps": 2295808, "elapsed_s": 2089.7, "coordination_ring_sparse20": 108.0, "coordination_ring_potter0_20": 0.2, "large_room_sparse20": 0.0, "large_room_potter0_20": 0.05}
[pair_H] {"steps": 2297856, "elapsed_s": 2091.9, "coordination_ring_sparse20": 103.0, "coordination_ring_potter0_20": 0.2, "large_room_sparse20": 0.0, "large_room_potter0_20": 0.0}
[pair_H] {"steps": 2299904, "elapsed_s": 2094.6, "coordination_ring_sparse20": 105.0, "coordination_ring_potter0_20": 0.15, "large_room_sparse20": 0.0, "large_room_potter0_20": 0.05}
[pair_H] {"steps": 2301952, "elapsed_s": 2097.1, "coordination_ring_sparse20": 105.0, "coordination_ring_potter0_20": 0.1, "large_room_sparse20": 0.0, "large_room_potter0_20": 0.1}
[pair_H] {"steps": 2304000, "elapsed_s": 2099.6, "coordination_ring_sparse20": 104.0, "coordination_ring_potter0_20": 0.05, "large_room_sparse20": 0.0, "large_room_potter0_20": 0.15}
[pair_H] {"steps": 2306048, "elapsed_s": 2101.9, "coordination_ring_sparse20": 107.0, "coordination_ring_potter0_20": 0.05, "large_room_sparse20": 0.0, "large_room_potter0_20": 0.15}
[pair_H] {"steps": 2308096, "elapsed_s": 2104.3, "coordination_ring_sparse20": 105.0, "coordination_ring_potter0_20": 0.05, "large_room_sparse20": 0.0, "large_room_potter0_20": 0.15}
[pair_H] {"steps": 2310144, "elapsed_s": 2106.6, "coordination_ring_sparse20": 102.0, "coordination_ring_potter0_20": 0.0, "large_room_sparse20": 0.0, "large_room_potter0_20": 0.15}
[pair_H] {"steps": 2312192, "elapsed_s": 2108.7, "coordination_ring_sparse20": 103.0, "coordination_ring_potter0_20": 0.0, "large_room_sparse20": 0.0, "large_room_potter0_20": 0.15}
[pair_H] {"steps": 2314240, "elapsed_s": 2111.0, "coordination_ring_sparse20": 102.0, "coordination_ring_potter0_20": 0.0, "large_room_sparse20": 0.0, "large_room_potter0_20": 0.15}
[pair_H] {"steps": 2316288, "elapsed_s": 2112.8, "coordination_ring_sparse20": 101.0, "coordination_ring_potter0_20": 0.0, "large_room_sparse20": 0.0, "large_room_potter0_20": 0.2}
[pair_H] {"steps": 2318336, "elapsed_s": 2115.2, "coordination_ring_sparse20": 95.0, "coordination_ring_potter0_20": 0.0, "large_room_sparse20": 0.0, "large_room_potter0_20": 0.15}
[pair_H] {"steps": 2320384, "elapsed_s": 2117.1, "coordination_ring_sparse20": 88.0, "coordination_ring_potter0_20": 0.0, "large_room_sparse20": 0.0, "large_room_potter0_20": 0.2}
[pair_H] {"steps": 2322432, "elapsed_s": 2119.2, "coordination_ring_sparse20": 88.0, "coordination_ring_potter0_20": 0.0, "large_room_sparse20": 0.0, "large_room_potter0_20": 0.2}
[pair_H] {"steps": 2324480, "elapsed_s": 2121.4, "coordination_ring_sparse20": 86.0, "coordination_ring_potter0_20": 0.0, "large_room_sparse20": 0.0, "large_room_potter0_20": 0.15}
[pair_H] {"steps": 2326528, "elapsed_s": 2123.7, "coordination_ring_sparse20": 82.0, "coordination_ring_potter0_20": 0.0, "large_room_sparse20": 0.0, "large_room_potter0_20": 0.15}
[pair_H] {"steps": 2328576, "elapsed_s": 2125.9, "coordination_ring_sparse20": 83.0, "coordination_ring_potter0_20": 0.0, "large_room_sparse20": 0.0, "large_room_potter0_20": 0.2}
[pair_H] {"steps": 2330624, "elapsed_s": 2127.9, "coordination_ring_sparse20": 85.0, "coordination_ring_potter0_20": 0.0, "large_room_sparse20": 0.0, "large_room_potter0_20": 0.2}
[pair_H] {"steps": 2332672, "elapsed_s": 2130.2, "coordination_ring_sparse20": 86.0, "coordination_ring_potter0_20": 0.0, "large_room_sparse20": 0.0, "large_room_potter0_20": 0.3}
[pair_H] {"steps": 2334720, "elapsed_s": 2131.9, "coordination_ring_sparse20": 96.0, "coordination_ring_potter0_20": 0.0, "large_room_sparse20": 0.0, "large_room_potter0_20": 0.3}
[pair_H] {"steps": 2336768, "elapsed_s": 2134.2, "coordination_ring_sparse20": 98.0, "coordination_ring_potter0_20": 0.0, "large_room_sparse20": 0.0, "large_room_potter0_20": 0.25}
[pair_H] {"steps": 2338816, "elapsed_s": 2136.4, "coordination_ring_sparse20": 103.0, "coordination_ring_potter0_20": 0.0, "large_room_sparse20": 0.0, "large_room_potter0_20": 0.2}
[pair_H] {"steps": 2340864, "elapsed_s": 2138.6, "coordination_ring_sparse20": 103.0, "coordination_ring_potter0_20": 0.0, "large_room_sparse20": 0.0, "large_room_potter0_20": 0.2}
[pair_H] {"steps": 2342912, "elapsed_s": 2140.9, "coordination_ring_sparse20": 101.0, "coordination_ring_potter0_20": 0.0, "large_room_sparse20": 0.0, "large_room_potter0_20": 0.2}
[pair_H] {"steps": 2344960, "elapsed_s": 2142.6, "coordination_ring_sparse20": 100.0, "coordination_ring_potter0_20": 0.0, "large_room_sparse20": 0.0, "large_room_potter0_20": 0.25}
[pair_H] {"steps": 2347008, "elapsed_s": 2144.3, "coordination_ring_sparse20": 98.0, "coordination_ring_potter0_20": 0.0, "large_room_sparse20": 0.0, "large_room_potter0_20": 0.2}
[pair_H] {"steps": 2349056, "elapsed_s": 2145.8, "coordination_ring_sparse20": 97.0, "coordination_ring_potter0_20": 0.0, "large_room_sparse20": 0.0, "large_room_potter0_20": 0.25}
[pair_H] {"steps": 2351104, "elapsed_s": 2147.6, "coordination_ring_sparse20": 93.0, "coordination_ring_potter0_20": 0.0, "large_room_sparse20": 0.0, "large_room_potter0_20": 0.25}
[pair_H] {"steps": 2353152, "elapsed_s": 2149.4, "coordination_ring_sparse20": 89.0, "coordination_ring_potter0_20": 0.0, "large_room_sparse20": 0.0, "large_room_potter0_20": 0.2}
[pair_H] {"steps": 2355200, "elapsed_s": 2151.0, "coordination_ring_sparse20": 85.0, "coordination_ring_potter0_20": 0.0, "large_room_sparse20": 0.0, "large_room_potter0_20": 0.2}
[pair_H] {"steps": 2357248, "elapsed_s": 2152.4, "coordination_ring_sparse20": 86.0, "coordination_ring_potter0_20": 0.0, "large_room_sparse20": 0.0, "large_room_potter0_20": 0.2}
[pair_H] {"steps": 2359296, "elapsed_s": 2153.8, "coordination_ring_sparse20": 91.0, "coordination_ring_potter0_20": 0.0, "large_room_sparse20": 0.0, "large_room_potter0_20": 0.15}
[pair_H] {"steps": 2361344, "elapsed_s": 2155.2, "coordination_ring_sparse20": 91.0, "coordination_ring_potter0_20": 0.0, "large_room_sparse20": 0.0, "large_room_potter0_20": 0.15}
[pair_H] {"steps": 2363392, "elapsed_s": 2156.7, "coordination_ring_sparse20": 92.0, "coordination_ring_potter0_20": 0.0, "large_room_sparse20": 0.0, "large_room_potter0_20": 0.15}
[pair_H] {"steps": 2365440, "elapsed_s": 2158.5, "coordination_ring_sparse20": 91.0, "coordination_ring_potter0_20": 0.0, "large_room_sparse20": 0.0, "large_room_potter0_20": 0.1}
[pair_H] {"steps": 2367488, "elapsed_s": 2159.9, "coordination_ring_sparse20": 96.0, "coordination_ring_potter0_20": 0.0, "large_room_sparse20": 0.0, "large_room_potter0_20": 0.15}
[pair_H] {"steps": 2369536, "elapsed_s": 2161.4, "coordination_ring_sparse20": 97.0, "coordination_ring_potter0_20": 0.0, "large_room_sparse20": 0.0, "large_room_potter0_20": 0.05}
[pair_H] {"steps": 2371584, "elapsed_s": 2163.0, "coordination_ring_sparse20": 98.0, "coordination_ring_potter0_20": 0.0, "large_room_sparse20": 0.0, "large_room_potter0_20": 0.05}
[pair_H] {"steps": 2373632, "elapsed_s": 2164.5, "coordination_ring_sparse20": 100.0, "coordination_ring_potter0_20": 0.0, "large_room_sparse20": 0.0, "large_room_potter0_20": 0.05}
[pair_H] {"steps": 2375680, "elapsed_s": 2166.1, "coordination_ring_sparse20": 108.0, "coordination_ring_potter0_20": 0.0, "large_room_sparse20": 0.0, "large_room_potter0_20": 0.1}
[pair_H] {"steps": 2377728, "elapsed_s": 2167.6, "coordination_ring_sparse20": 106.0, "coordination_ring_potter0_20": 0.0, "large_room_sparse20": 0.0, "large_room_potter0_20": 0.1}
[pair_H] {"steps": 2379776, "elapsed_s": 2169.2, "coordination_ring_sparse20": 109.0, "coordination_ring_potter0_20": 0.0, "large_room_sparse20": 0.0, "large_room_potter0_20": 0.1}
[pair_H] {"steps": 2381824, "elapsed_s": 2170.7, "coordination_ring_sparse20": 110.0, "coordination_ring_potter0_20": 0.0, "large_room_sparse20": 0.0, "large_room_potter0_20": 0.15}
[pair_H] {"steps": 2383872, "elapsed_s": 2172.4, "coordination_ring_sparse20": 110.0, "coordination_ring_potter0_20": 0.0, "large_room_sparse20": 0.0, "large_room_potter0_20": 0.15}
[pair_H] {"steps": 2385920, "elapsed_s": 2173.8, "coordination_ring_sparse20": 110.0, "coordination_ring_potter0_20": 0.0, "large_room_sparse20": 0.0, "large_room_potter0_20": 0.15}
[pair_H] {"steps": 2387968, "elapsed_s": 2175.3, "coordination_ring_sparse20": 110.0, "coordination_ring_potter0_20": 0.0, "large_room_sparse20": 0.0, "large_room_potter0_20": 0.15}
[pair_H] {"steps": 2390016, "elapsed_s": 2177.0, "coordination_ring_sparse20": 107.0, "coordination_ring_potter0_20": 0.0, "large_room_sparse20": 0.0, "large_room_potter0_20": 0.15}
[pair_H] {"steps": 2392064, "elapsed_s": 2178.6, "coordination_ring_sparse20": 105.0, "coordination_ring_potter0_20": 0.0, "large_room_sparse20": 0.0, "large_room_potter0_20": 0.15}
[pair_H] {"steps": 2394112, "elapsed_s": 2180.1, "coordination_ring_sparse20": 103.0, "coordination_ring_potter0_20": 0.0, "large_room_sparse20": 0.0, "large_room_potter0_20": 0.2}
[pair_H] {"steps": 2396160, "elapsed_s": 2181.8, "coordination_ring_sparse20": 102.0, "coordination_ring_potter0_20": 0.0, "large_room_sparse20": 0.0, "large_room_potter0_20": 0.15}
[pair_H] {"steps": 2398208, "elapsed_s": 2183.4, "coordination_ring_sparse20": 102.0, "coordination_ring_potter0_20": 0.0, "large_room_sparse20": 0.0, "large_room_potter0_20": 0.15}
[pair_H] {"steps": 2400256, "elapsed_s": 2184.9, "coordination_ring_sparse20": 99.0, "coordination_ring_potter0_20": 0.0, "large_room_sparse20": 0.0, "large_room_potter0_20": 0.2}
[pair_H] {"steps": 2402304, "elapsed_s": 2186.5, "coordination_ring_sparse20": 99.0, "coordination_ring_potter0_20": 0.0, "large_room_sparse20": 0.0, "large_room_potter0_20": 0.15}
[pair_H] {"steps": 2404352, "elapsed_s": 2188.0, "coordination_ring_sparse20": 100.0, "coordination_ring_potter0_20": 0.0, "large_room_sparse20": 0.0, "large_room_potter0_20": 0.15}
[pair_H] {"steps": 2406400, "elapsed_s": 2189.5, "coordination_ring_sparse20": 99.0, "coordination_ring_potter0_20": 0.0, "large_room_sparse20": 0.0, "large_room_potter0_20": 0.15}
[pair_H] {"steps": 2408448, "elapsed_s": 2191.1, "coordination_ring_sparse20": 103.0, "coordination_ring_potter0_20": 0.0, "large_room_sparse20": 0.0, "large_room_potter0_20": 0.15}
[pair_H] {"steps": 2410496, "elapsed_s": 2192.7, "coordination_ring_sparse20": 101.0, "coordination_ring_potter0_20": 0.0, "large_room_sparse20": 0.0, "large_room_potter0_20": 0.2}
[pair_H] {"steps": 2412544, "elapsed_s": 2194.5, "coordination_ring_sparse20": 101.0, "coordination_ring_potter0_20": 0.0, "large_room_sparse20": 0.0, "large_room_potter0_20": 0.15}
[pair_H] {"steps": 2414592, "elapsed_s": 2196.1, "coordination_ring_sparse20": 101.0, "coordination_ring_potter0_20": 0.0, "large_room_sparse20": 0.0, "large_room_potter0_20": 0.1}
[pair_H] {"steps": 2416640, "elapsed_s": 2197.6, "coordination_ring_sparse20": 101.0, "coordination_ring_potter0_20": 0.0, "large_room_sparse20": 0.0, "large_room_potter0_20": 0.1}
[pair_H] {"steps": 2418688, "elapsed_s": 2199.1, "coordination_ring_sparse20": 105.0, "coordination_ring_potter0_20": 0.0, "large_room_sparse20": 0.0, "large_room_potter0_20": 0.05}
[pair_H] {"steps": 2420736, "elapsed_s": 2200.5, "coordination_ring_sparse20": 105.0, "coordination_ring_potter0_20": 0.0, "large_room_sparse20": 0.0, "large_room_potter0_20": 0.05}
[pair_H] {"steps": 2422784, "elapsed_s": 2202.3, "coordination_ring_sparse20": 105.0, "coordination_ring_potter0_20": 0.0, "large_room_sparse20": 0.0, "large_room_potter0_20": 0.15}
[pair_H] {"steps": 2424832, "elapsed_s": 2203.9, "coordination_ring_sparse20": 106.0, "coordination_ring_potter0_20": 0.0, "large_room_sparse20": 0.0, "large_room_potter0_20": 0.15}
[pair_H] {"steps": 2426880, "elapsed_s": 2205.4, "coordination_ring_sparse20": 107.0, "coordination_ring_potter0_20": 0.0, "large_room_sparse20": 0.0, "large_room_potter0_20": 0.2}
[pair_H] {"steps": 2428928, "elapsed_s": 2207.0, "coordination_ring_sparse20": 110.0, "coordination_ring_potter0_20": 0.0, "large_room_sparse20": 0.0, "large_room_potter0_20": 0.2}
[pair_H] {"steps": 2430976, "elapsed_s": 2208.5, "coordination_ring_sparse20": 108.0, "coordination_ring_potter0_20": 0.0, "large_room_sparse20": 0.0, "large_room_potter0_20": 0.2}
[pair_H] {"steps": 2433024, "elapsed_s": 2209.9, "coordination_ring_sparse20": 105.0, "coordination_ring_potter0_20": 0.0, "large_room_sparse20": 0.0, "large_room_potter0_20": 0.2}
[pair_H] {"steps": 2435072, "elapsed_s": 2211.4, "coordination_ring_sparse20": 105.0, "coordination_ring_potter0_20": 0.05, "large_room_sparse20": 0.0, "large_room_potter0_20": 0.2}
[pair_H] {"steps": 2437120, "elapsed_s": 2212.8, "coordination_ring_sparse20": 101.0, "coordination_ring_potter0_20": 0.05, "large_room_sparse20": 0.0, "large_room_potter0_20": 0.2}
[pair_H] {"steps": 2439168, "elapsed_s": 2214.4, "coordination_ring_sparse20": 91.0, "coordination_ring_potter0_20": 0.1, "large_room_sparse20": 0.0, "large_room_potter0_20": 0.1}
[pair_H] {"steps": 2441216, "elapsed_s": 2216.0, "coordination_ring_sparse20": 88.0, "coordination_ring_potter0_20": 0.1, "large_room_sparse20": 0.0, "large_room_potter0_20": 0.1}
[pair_H] {"steps": 2443264, "elapsed_s": 2217.5, "coordination_ring_sparse20": 82.0, "coordination_ring_potter0_20": 0.1, "large_room_sparse20": 0.0, "large_room_potter0_20": 0.1}
[pair_H] {"steps": 2445312, "elapsed_s": 2219.1, "coordination_ring_sparse20": 74.0, "coordination_ring_potter0_20": 0.1, "large_room_sparse20": 0.0, "large_room_potter0_20": 0.1}
[pair_H] {"steps": 2447360, "elapsed_s": 2220.8, "coordination_ring_sparse20": 78.0, "coordination_ring_potter0_20": 0.1, "large_room_sparse20": 0.0, "large_room_potter0_20": 0.1}
[pair_H] {"steps": 2449408, "elapsed_s": 2222.5, "coordination_ring_sparse20": 78.0, "coordination_ring_potter0_20": 0.1, "large_room_sparse20": 0.0, "large_room_potter0_20": 0.1}
[pair_H] {"steps": 2451456, "elapsed_s": 2224.1, "coordination_ring_sparse20": 79.0, "coordination_ring_potter0_20": 0.05, "large_room_sparse20": 0.0, "large_room_potter0_20": 0.1}
[pair_H] {"steps": 2453504, "elapsed_s": 2225.6, "coordination_ring_sparse20": 82.0, "coordination_ring_potter0_20": 0.0, "large_room_sparse20": 0.0, "large_room_potter0_20": 0.1}
[pair_H] {"steps": 2455552, "elapsed_s": 2227.0, "coordination_ring_sparse20": 87.0, "coordination_ring_potter0_20": 0.0, "large_room_sparse20": 0.0, "large_room_potter0_20": 0.1}
[pair_H] {"steps": 2457600, "elapsed_s": 2228.6, "coordination_ring_sparse20": 87.0, "coordination_ring_potter0_20": 0.0, "large_room_sparse20": 0.0, "large_room_potter0_20": 0.1}
[pair_H] {"steps": 2459648, "elapsed_s": 2230.0, "coordination_ring_sparse20": 94.0, "coordination_ring_potter0_20": 0.0, "large_room_sparse20": 0.0, "large_room_potter0_20": 0.1}
[pair_H] {"steps": 2461696, "elapsed_s": 2231.6, "coordination_ring_sparse20": 97.0, "coordination_ring_potter0_20": 0.0, "large_room_sparse20": 0.0, "large_room_potter0_20": 0.1}
[pair_H] {"steps": 2463744, "elapsed_s": 2233.1, "coordination_ring_sparse20": 98.0, "coordination_ring_potter0_20": 0.0, "large_room_sparse20": 0.0, "large_room_potter0_20": 0.05}
[pair_H] {"steps": 2465792, "elapsed_s": 2234.6, "coordination_ring_sparse20": 98.0, "coordination_ring_potter0_20": 0.0, "large_room_sparse20": 0.0, "large_room_potter0_20": 0.05}
[pair_H] {"steps": 2467840, "elapsed_s": 2236.1, "coordination_ring_sparse20": 96.0, "coordination_ring_potter0_20": 0.05, "large_room_sparse20": 0.0, "large_room_potter0_20": 0.05}
[pair_H] {"steps": 2469888, "elapsed_s": 2237.6, "coordination_ring_sparse20": 101.0, "coordination_ring_potter0_20": 0.05, "large_room_sparse20": 0.0, "large_room_potter0_20": 0.1}
[pair_H] {"steps": 2471936, "elapsed_s": 2239.2, "coordination_ring_sparse20": 101.0, "coordination_ring_potter0_20": 0.05, "large_room_sparse20": 0.0, "large_room_potter0_20": 0.05}
[pair_H] {"steps": 2473984, "elapsed_s": 2240.7, "coordination_ring_sparse20": 102.0, "coordination_ring_potter0_20": 0.05, "large_room_sparse20": 0.0, "large_room_potter0_20": 0.1}
[pair_H] {"steps": 2476032, "elapsed_s": 2242.2, "coordination_ring_sparse20": 99.0, "coordination_ring_potter0_20": 0.05, "large_room_sparse20": 0.0, "large_room_potter0_20": 0.1}
[pair_H] {"steps": 2478080, "elapsed_s": 2243.7, "coordination_ring_sparse20": 101.0, "coordination_ring_potter0_20": 0.05, "large_room_sparse20": 0.0, "large_room_potter0_20": 0.1}
[pair_H] {"steps": 2480128, "elapsed_s": 2245.2, "coordination_ring_sparse20": 104.0, "coordination_ring_potter0_20": 0.05, "large_room_sparse20": 0.0, "large_room_potter0_20": 0.1}
[pair_H] {"steps": 2482176, "elapsed_s": 2246.7, "coordination_ring_sparse20": 101.0, "coordination_ring_potter0_20": 0.05, "large_room_sparse20": 0.0, "large_room_potter0_20": 0.1}
[pair_H] {"steps": 2484224, "elapsed_s": 2248.3, "coordination_ring_sparse20": 104.0, "coordination_ring_potter0_20": 0.05, "large_room_sparse20": 0.0, "large_room_potter0_20": 0.1}
[pair_H] {"steps": 2486272, "elapsed_s": 2249.8, "coordination_ring_sparse20": 106.0, "coordination_ring_potter0_20": 0.05, "large_room_sparse20": 0.0, "large_room_potter0_20": 0.05}
[pair_H] {"steps": 2488320, "elapsed_s": 2251.2, "coordination_ring_sparse20": 105.0, "coordination_ring_potter0_20": 0.0, "large_room_sparse20": 0.0, "large_room_potter0_20": 0.1}
[pair_H] {"steps": 2490368, "elapsed_s": 2252.9, "coordination_ring_sparse20": 104.0, "coordination_ring_potter0_20": 0.0, "large_room_sparse20": 0.0, "large_room_potter0_20": 0.15}
[pair_H] {"steps": 2492416, "elapsed_s": 2254.5, "coordination_ring_sparse20": 105.0, "coordination_ring_potter0_20": 0.0, "large_room_sparse20": 0.0, "large_room_potter0_20": 0.15}
[pair_H] {"steps": 2494464, "elapsed_s": 2256.2, "coordination_ring_sparse20": 106.0, "coordination_ring_potter0_20": 0.0, "large_room_sparse20": 0.0, "large_room_potter0_20": 0.1}
[pair_H] {"steps": 2496512, "elapsed_s": 2257.7, "coordination_ring_sparse20": 109.0, "coordination_ring_potter0_20": 0.0, "large_room_sparse20": 0.0, "large_room_potter0_20": 0.1}
[pair_H] {"steps": 2498560, "elapsed_s": 2259.3, "coordination_ring_sparse20": 108.0, "coordination_ring_potter0_20": 0.0, "large_room_sparse20": 0.0, "large_room_potter0_20": 0.1}
[pair_H] {"steps": 2500608, "elapsed_s": 2260.7, "coordination_ring_sparse20": 106.0, "coordination_ring_potter0_20": 0.0, "large_room_sparse20": 0.0, "large_room_potter0_20": 0.05}
[pair_H] {"steps": 2502656, "elapsed_s": 2262.2, "coordination_ring_sparse20": 106.0, "coordination_ring_potter0_20": 0.0, "large_room_sparse20": 0.0, "large_room_potter0_20": 0.0}
[pair_H] {"steps": 2504704, "elapsed_s": 2263.8, "coordination_ring_sparse20": 104.0, "coordination_ring_potter0_20": 0.0, "large_room_sparse20": 0.0, "large_room_potter0_20": 0.0}
[pair_H] {"steps": 2506752, "elapsed_s": 2265.3, "coordination_ring_sparse20": 104.0, "coordination_ring_potter0_20": 0.0, "large_room_sparse20": 0.0, "large_room_potter0_20": 0.05}
[pair_H] {"steps": 2508800, "elapsed_s": 2266.8, "coordination_ring_sparse20": 100.0, "coordination_ring_potter0_20": 0.0, "large_room_sparse20": 0.0, "large_room_potter0_20": 0.05}
[pair_H] {"steps": 2510848, "elapsed_s": 2268.3, "coordination_ring_sparse20": 100.0, "coordination_ring_potter0_20": 0.0, "large_room_sparse20": 0.0, "large_room_potter0_20": 0.1}
[pair_H] {"steps": 2512896, "elapsed_s": 2269.7, "coordination_ring_sparse20": 96.0, "coordination_ring_potter0_20": 0.0, "large_room_sparse20": 0.0, "large_room_potter0_20": 0.1}
[pair_H] {"steps": 2514944, "elapsed_s": 2271.2, "coordination_ring_sparse20": 98.0, "coordination_ring_potter0_20": 0.0, "large_room_sparse20": 0.0, "large_room_potter0_20": 0.1}
[pair_H] {"steps": 2516992, "elapsed_s": 2272.7, "coordination_ring_sparse20": 97.0, "coordination_ring_potter0_20": 0.0, "large_room_sparse20": 0.0, "large_room_potter0_20": 0.15}
[pair_H] {"steps": 2519040, "elapsed_s": 2274.5, "coordination_ring_sparse20": 98.0, "coordination_ring_potter0_20": 0.0, "large_room_sparse20": 0.0, "large_room_potter0_20": 0.15}
[pair_H] {"steps": 2521088, "elapsed_s": 2276.1, "coordination_ring_sparse20": 103.0, "coordination_ring_potter0_20": 0.0, "large_room_sparse20": 0.0, "large_room_potter0_20": 0.15}
[pair_H] {"steps": 2523136, "elapsed_s": 2277.7, "coordination_ring_sparse20": 103.0, "coordination_ring_potter0_20": 0.0, "large_room_sparse20": 0.0, "large_room_potter0_20": 0.15}
[pair_H] {"steps": 2525184, "elapsed_s": 2279.3, "coordination_ring_sparse20": 105.0, "coordination_ring_potter0_20": 0.0, "large_room_sparse20": 0.0, "large_room_potter0_20": 0.1}
[pair_H] {"steps": 2527232, "elapsed_s": 2281.0, "coordination_ring_sparse20": 105.0, "coordination_ring_potter0_20": 0.0, "large_room_sparse20": 0.0, "large_room_potter0_20": 0.1}
[pair_H] {"steps": 2529280, "elapsed_s": 2282.6, "coordination_ring_sparse20": 107.0, "coordination_ring_potter0_20": 0.0, "large_room_sparse20": 0.0, "large_room_potter0_20": 0.15}
[pair_H] {"steps": 2531328, "elapsed_s": 2284.0, "coordination_ring_sparse20": 104.0, "coordination_ring_potter0_20": 0.0, "large_room_sparse20": 0.0, "large_room_potter0_20": 0.15}
[pair_H] {"steps": 2533376, "elapsed_s": 2285.6, "coordination_ring_sparse20": 101.0, "coordination_ring_potter0_20": 0.0, "large_room_sparse20": 0.0, "large_room_potter0_20": 0.15}
[pair_H] {"steps": 2535424, "elapsed_s": 2287.3, "coordination_ring_sparse20": 104.0, "coordination_ring_potter0_20": 0.0, "large_room_sparse20": 0.0, "large_room_potter0_20": 0.15}
[pair_H] {"steps": 2537472, "elapsed_s": 2289.0, "coordination_ring_sparse20": 104.0, "coordination_ring_potter0_20": 0.0, "large_room_sparse20": 0.0, "large_room_potter0_20": 0.15}
[pair_H] {"steps": 2539520, "elapsed_s": 2290.6, "coordination_ring_sparse20": 101.0, "coordination_ring_potter0_20": 0.0, "large_room_sparse20": 0.0, "large_room_potter0_20": 0.1}
[pair_H] {"steps": 2541568, "elapsed_s": 2292.1, "coordination_ring_sparse20": 96.0, "coordination_ring_potter0_20": 0.0, "large_room_sparse20": 0.0, "large_room_potter0_20": 0.1}
[pair_H] {"steps": 2543616, "elapsed_s": 2293.8, "coordination_ring_sparse20": 99.0, "coordination_ring_potter0_20": 0.0, "large_room_sparse20": 0.0, "large_room_potter0_20": 0.1}
[pair_H] {"steps": 2545664, "elapsed_s": 2295.3, "coordination_ring_sparse20": 105.0, "coordination_ring_potter0_20": 0.0, "large_room_sparse20": 0.0, "large_room_potter0_20": 0.05}
[pair_H] {"steps": 2547712, "elapsed_s": 2296.8, "coordination_ring_sparse20": 112.0, "coordination_ring_potter0_20": 0.05, "large_room_sparse20": 0.0, "large_room_potter0_20": 0.05}
[pair_H] {"steps": 2549760, "elapsed_s": 2298.4, "coordination_ring_sparse20": 113.0, "coordination_ring_potter0_20": 0.05, "large_room_sparse20": 0.0, "large_room_potter0_20": 0.05}
[pair_H] {"steps": 2551808, "elapsed_s": 2300.0, "coordination_ring_sparse20": 113.0, "coordination_ring_potter0_20": 0.05, "large_room_sparse20": 0.0, "large_room_potter0_20": 0.1}
[pair_H] {"steps": 2553856, "elapsed_s": 2301.4, "coordination_ring_sparse20": 108.0, "coordination_ring_potter0_20": 0.05, "large_room_sparse20": 0.0, "large_room_potter0_20": 0.1}
[pair_H] {"steps": 2555904, "elapsed_s": 2303.0, "coordination_ring_sparse20": 107.0, "coordination_ring_potter0_20": 0.05, "large_room_sparse20": 0.0, "large_room_potter0_20": 0.1}
[pair_H] {"steps": 2557952, "elapsed_s": 2304.5, "coordination_ring_sparse20": 112.0, "coordination_ring_potter0_20": 0.05, "large_room_sparse20": 0.0, "large_room_potter0_20": 0.1}
[pair_H] {"steps": 2560000, "elapsed_s": 2306.2, "coordination_ring_sparse20": 109.0, "coordination_ring_potter0_20": 0.05, "large_room_sparse20": 0.0, "large_room_potter0_20": 0.1}
[pair_H] {"steps": 2562048, "elapsed_s": 2307.7, "coordination_ring_sparse20": 111.0, "coordination_ring_potter0_20": 0.05, "large_room_sparse20": 0.0, "large_room_potter0_20": 0.05}
[pair_H] {"steps": 2564096, "elapsed_s": 2309.2, "coordination_ring_sparse20": 109.0, "coordination_ring_potter0_20": 0.05, "large_room_sparse20": 0.0, "large_room_potter0_20": 0.0}
[pair_H] {"steps": 2566144, "elapsed_s": 2310.9, "coordination_ring_sparse20": 109.0, "coordination_ring_potter0_20": 0.05, "large_room_sparse20": 0.0, "large_room_potter0_20": 0.2}
[pair_H] {"steps": 2568192, "elapsed_s": 2312.4, "coordination_ring_sparse20": 102.0, "coordination_ring_potter0_20": 0.05, "large_room_sparse20": 0.0, "large_room_potter0_20": 0.2}
[pair_H] {"steps": 2570240, "elapsed_s": 2313.9, "coordination_ring_sparse20": 98.0, "coordination_ring_potter0_20": 0.0, "large_room_sparse20": 0.0, "large_room_potter0_20": 0.2}
[pair_H] {"steps": 2572288, "elapsed_s": 2315.6, "coordination_ring_sparse20": 95.0, "coordination_ring_potter0_20": 0.0, "large_room_sparse20": 0.0, "large_room_potter0_20": 0.2}
[pair_H] {"steps": 2574336, "elapsed_s": 2317.2, "coordination_ring_sparse20": 99.0, "coordination_ring_potter0_20": 0.0, "large_room_sparse20": 0.0, "large_room_potter0_20": 0.2}
[pair_H] {"steps": 2576384, "elapsed_s": 2318.7, "coordination_ring_sparse20": 102.0, "coordination_ring_potter0_20": 0.0, "large_room_sparse20": 0.0, "large_room_potter0_20": 0.2}
[pair_H] {"steps": 2578432, "elapsed_s": 2320.2, "coordination_ring_sparse20": 102.0, "coordination_ring_potter0_20": 0.0, "large_room_sparse20": 0.0, "large_room_potter0_20": 0.15}
[pair_H] {"steps": 2580480, "elapsed_s": 2321.7, "coordination_ring_sparse20": 96.0, "coordination_ring_potter0_20": 0.05, "large_room_sparse20": 0.0, "large_room_potter0_20": 0.1}
[pair_H] {"steps": 2582528, "elapsed_s": 2323.2, "coordination_ring_sparse20": 100.0, "coordination_ring_potter0_20": 0.05, "large_room_sparse20": 0.0, "large_room_potter0_20": 0.0}
[pair_H] {"steps": 2584576, "elapsed_s": 2325.0, "coordination_ring_sparse20": 99.0, "coordination_ring_potter0_20": 0.05, "large_room_sparse20": 0.0, "large_room_potter0_20": 0.0}
[pair_H] {"steps": 2586624, "elapsed_s": 2326.5, "coordination_ring_sparse20": 98.0, "coordination_ring_potter0_20": 0.05, "large_room_sparse20": 0.0, "large_room_potter0_20": 0.0}
[pair_H] {"steps": 2588672, "elapsed_s": 2328.1, "coordination_ring_sparse20": 99.0, "coordination_ring_potter0_20": 0.05, "large_room_sparse20": 0.0, "large_room_potter0_20": 0.1}
[pair_H] {"steps": 2590720, "elapsed_s": 2329.5, "coordination_ring_sparse20": 101.0, "coordination_ring_potter0_20": 0.05, "large_room_sparse20": 0.0, "large_room_potter0_20": 0.15}
[pair_H] {"steps": 2592768, "elapsed_s": 2331.0, "coordination_ring_sparse20": 101.0, "coordination_ring_potter0_20": 0.05, "large_room_sparse20": 0.0, "large_room_potter0_20": 0.15}
[pair_H] {"steps": 2594816, "elapsed_s": 2332.8, "coordination_ring_sparse20": 102.0, "coordination_ring_potter0_20": 0.0, "large_room_sparse20": 0.0, "large_room_potter0_20": 0.15}
[pair_H] {"steps": 2596864, "elapsed_s": 2334.2, "coordination_ring_sparse20": 108.0, "coordination_ring_potter0_20": 0.0, "large_room_sparse20": 0.0, "large_room_potter0_20": 0.15}
[pair_H] {"steps": 2598912, "elapsed_s": 2335.8, "coordination_ring_sparse20": 107.0, "coordination_ring_potter0_20": 0.0, "large_room_sparse20": 0.0, "large_room_potter0_20": 0.2}
[pair_H] {"steps": 2600960, "elapsed_s": 2337.2, "coordination_ring_sparse20": 108.0, "coordination_ring_potter0_20": 0.0, "large_room_sparse20": 0.0, "large_room_potter0_20": 0.2}
[pair_H] {"steps": 2603008, "elapsed_s": 2338.7, "coordination_ring_sparse20": 104.0, "coordination_ring_potter0_20": 0.0, "large_room_sparse20": 0.0, "large_room_potter0_20": 0.2}
[pair_H] {"steps": 2605056, "elapsed_s": 2340.5, "coordination_ring_sparse20": 101.0, "coordination_ring_potter0_20": 0.0, "large_room_sparse20": 0.0, "large_room_potter0_20": 0.25}
[pair_H] {"steps": 2607104, "elapsed_s": 2342.0, "coordination_ring_sparse20": 102.0, "coordination_ring_potter0_20": 0.0, "large_room_sparse20": 0.0, "large_room_potter0_20": 0.2}
[pair_H] {"steps": 2609152, "elapsed_s": 2343.5, "coordination_ring_sparse20": 101.0, "coordination_ring_potter0_20": 0.0, "large_room_sparse20": 0.0, "large_room_potter0_20": 0.1}
[pair_H] {"steps": 2611200, "elapsed_s": 2345.1, "coordination_ring_sparse20": 97.0, "coordination_ring_potter0_20": 0.0, "large_room_sparse20": 0.0, "large_room_potter0_20": 0.1}
[pair_H] {"steps": 2613248, "elapsed_s": 2346.6, "coordination_ring_sparse20": 95.0, "coordination_ring_potter0_20": 0.0, "large_room_sparse20": 0.0, "large_room_potter0_20": 0.05}
[pair_H] {"steps": 2615296, "elapsed_s": 2348.1, "coordination_ring_sparse20": 89.0, "coordination_ring_potter0_20": 0.0, "large_room_sparse20": 0.0, "large_room_potter0_20": 0.05}
[pair_H] {"steps": 2617344, "elapsed_s": 2349.7, "coordination_ring_sparse20": 89.0, "coordination_ring_potter0_20": 0.0, "large_room_sparse20": 0.0, "large_room_potter0_20": 0.0}
[pair_H] {"steps": 2619392, "elapsed_s": 2351.3, "coordination_ring_sparse20": 89.0, "coordination_ring_potter0_20": 0.0, "large_room_sparse20": 0.0, "large_room_potter0_20": 0.05}
[pair_H] {"steps": 2621440, "elapsed_s": 2352.9, "coordination_ring_sparse20": 86.0, "coordination_ring_potter0_20": 0.0, "large_room_sparse20": 0.0, "large_room_potter0_20": 0.1}
[pair_H] {"steps": 2623488, "elapsed_s": 2354.3, "coordination_ring_sparse20": 87.0, "coordination_ring_potter0_20": 0.0, "large_room_sparse20": 0.0, "large_room_potter0_20": 0.1}
[pair_H] {"steps": 2625536, "elapsed_s": 2355.8, "coordination_ring_sparse20": 87.0, "coordination_ring_potter0_20": 0.0, "large_room_sparse20": 0.0, "large_room_potter0_20": 0.2}
[pair_H] {"steps": 2627584, "elapsed_s": 2357.4, "coordination_ring_sparse20": 90.0, "coordination_ring_potter0_20": 0.0, "large_room_sparse20": 0.0, "large_room_potter0_20": 0.25}
[pair_H] {"steps": 2629632, "elapsed_s": 2358.9, "coordination_ring_sparse20": 91.0, "coordination_ring_potter0_20": 0.0, "large_room_sparse20": 0.0, "large_room_potter0_20": 0.25}
[pair_H] {"steps": 2631680, "elapsed_s": 2360.5, "coordination_ring_sparse20": 92.0, "coordination_ring_potter0_20": 0.0, "large_room_sparse20": 0.0, "large_room_potter0_20": 0.3}
[pair_H] {"steps": 2633728, "elapsed_s": 2362.2, "coordination_ring_sparse20": 98.0, "coordination_ring_potter0_20": 0.0, "large_room_sparse20": 0.0, "large_room_potter0_20": 0.25}
[pair_H] {"steps": 2635776, "elapsed_s": 2363.7, "coordination_ring_sparse20": 103.0, "coordination_ring_potter0_20": 0.0, "large_room_sparse20": 0.0, "large_room_potter0_20": 0.25}
[pair_H] {"steps": 2637824, "elapsed_s": 2365.2, "coordination_ring_sparse20": 102.0, "coordination_ring_potter0_20": 0.0, "large_room_sparse20": 0.0, "large_room_potter0_20": 0.2}
[pair_H] {"steps": 2639872, "elapsed_s": 2366.7, "coordination_ring_sparse20": 103.0, "coordination_ring_potter0_20": 0.0, "large_room_sparse20": 0.0, "large_room_potter0_20": 0.1}
[pair_H] {"steps": 2641920, "elapsed_s": 2368.2, "coordination_ring_sparse20": 102.0, "coordination_ring_potter0_20": 0.0, "large_room_sparse20": 0.0, "large_room_potter0_20": 0.05}
[pair_H] {"steps": 2643968, "elapsed_s": 2369.9, "coordination_ring_sparse20": 99.0, "coordination_ring_potter0_20": 0.0, "large_room_sparse20": 0.0, "large_room_potter0_20": 0.05}
[pair_H] {"steps": 2646016, "elapsed_s": 2371.5, "coordination_ring_sparse20": 98.0, "coordination_ring_potter0_20": 0.0, "large_room_sparse20": 0.0, "large_room_potter0_20": 0.05}
[pair_H] {"steps": 2648064, "elapsed_s": 2372.9, "coordination_ring_sparse20": 94.0, "coordination_ring_potter0_20": 0.0, "large_room_sparse20": 0.0, "large_room_potter0_20": 0.05}
[pair_H] {"steps": 2650112, "elapsed_s": 2374.3, "coordination_ring_sparse20": 92.0, "coordination_ring_potter0_20": 0.0, "large_room_sparse20": 0.0, "large_room_potter0_20": 0.05}
[pair_H] {"steps": 2652160, "elapsed_s": 2376.3, "coordination_ring_sparse20": 88.0, "coordination_ring_potter0_20": 0.0, "large_room_sparse20": 0.0, "large_room_potter0_20": 0.05}
[pair_H] {"steps": 2654208, "elapsed_s": 2377.8, "coordination_ring_sparse20": 90.0, "coordination_ring_potter0_20": 0.0, "large_room_sparse20": 0.0, "large_room_potter0_20": 0.05}
[pair_H] {"steps": 2656256, "elapsed_s": 2379.2, "coordination_ring_sparse20": 97.0, "coordination_ring_potter0_20": 0.0, "large_room_sparse20": 0.0, "large_room_potter0_20": 0.05}
[pair_H] {"steps": 2658304, "elapsed_s": 2380.8, "coordination_ring_sparse20": 96.0, "coordination_ring_potter0_20": 0.0, "large_room_sparse20": 0.0, "large_room_potter0_20": 0.05}
[pair_H] {"steps": 2660352, "elapsed_s": 2382.2, "coordination_ring_sparse20": 98.0, "coordination_ring_potter0_20": 0.0, "large_room_sparse20": 0.0, "large_room_potter0_20": 0.1}
[pair_H] {"steps": 2662400, "elapsed_s": 2383.6, "coordination_ring_sparse20": 105.0, "coordination_ring_potter0_20": 0.0, "large_room_sparse20": 0.0, "large_room_potter0_20": 0.1}
[pair_H] {"steps": 2664448, "elapsed_s": 2385.3, "coordination_ring_sparse20": 102.0, "coordination_ring_potter0_20": 0.0, "large_room_sparse20": 0.0, "large_room_potter0_20": 0.05}
[pair_H] {"steps": 2666496, "elapsed_s": 2386.7, "coordination_ring_sparse20": 103.0, "coordination_ring_potter0_20": 0.0, "large_room_sparse20": 0.0, "large_room_potter0_20": 0.05}
[pair_H] {"steps": 2668544, "elapsed_s": 2388.1, "coordination_ring_sparse20": 103.0, "coordination_ring_potter0_20": 0.0, "large_room_sparse20": 0.0, "large_room_potter0_20": 0.05}
[pair_H] {"steps": 2670592, "elapsed_s": 2389.5, "coordination_ring_sparse20": 101.0, "coordination_ring_potter0_20": 0.0, "large_room_sparse20": 0.0, "large_room_potter0_20": 0.1}
[pair_H] {"steps": 2672640, "elapsed_s": 2390.9, "coordination_ring_sparse20": 99.0, "coordination_ring_potter0_20": 0.0, "large_room_sparse20": 0.0, "large_room_potter0_20": 0.15}
[pair_H] {"steps": 2674688, "elapsed_s": 2392.4, "coordination_ring_sparse20": 94.0, "coordination_ring_potter0_20": 0.0, "large_room_sparse20": 0.0, "large_room_potter0_20": 0.15}
[pair_H] {"steps": 2676736, "elapsed_s": 2393.8, "coordination_ring_sparse20": 94.0, "coordination_ring_potter0_20": 0.0, "large_room_sparse20": 0.0, "large_room_potter0_20": 0.15}
[pair_H] {"steps": 2678784, "elapsed_s": 2395.3, "coordination_ring_sparse20": 99.0, "coordination_ring_potter0_20": 0.0, "large_room_sparse20": 0.0, "large_room_potter0_20": 0.15}
[pair_H] {"steps": 2680832, "elapsed_s": 2396.9, "coordination_ring_sparse20": 100.0, "coordination_ring_potter0_20": 0.05, "large_room_sparse20": 0.0, "large_room_potter0_20": 0.1}
[pair_H] {"steps": 2682880, "elapsed_s": 2398.4, "coordination_ring_sparse20": 102.0, "coordination_ring_potter0_20": 0.05, "large_room_sparse20": 0.0, "large_room_potter0_20": 0.15}
[pair_H] {"steps": 2684928, "elapsed_s": 2400.0, "coordination_ring_sparse20": 102.0, "coordination_ring_potter0_20": 0.05, "large_room_sparse20": 0.0, "large_room_potter0_20": 0.15}
[pair_H] {"steps": 2686976, "elapsed_s": 2401.4, "coordination_ring_sparse20": 102.0, "coordination_ring_potter0_20": 0.05, "large_room_sparse20": 0.0, "large_room_potter0_20": 0.1}
[pair_H] {"steps": 2689024, "elapsed_s": 2402.9, "coordination_ring_sparse20": 99.0, "coordination_ring_potter0_20": 0.1, "large_room_sparse20": 0.0, "large_room_potter0_20": 0.05}
[pair_H] {"steps": 2691072, "elapsed_s": 2404.4, "coordination_ring_sparse20": 102.0, "coordination_ring_potter0_20": 0.1, "large_room_sparse20": 0.0, "large_room_potter0_20": 0.05}
[pair_H] {"steps": 2693120, "elapsed_s": 2405.9, "coordination_ring_sparse20": 106.0, "coordination_ring_potter0_20": 0.1, "large_room_sparse20": 0.0, "large_room_potter0_20": 0.1}
[pair_H] {"steps": 2695168, "elapsed_s": 2407.5, "coordination_ring_sparse20": 103.0, "coordination_ring_potter0_20": 0.1, "large_room_sparse20": 0.0, "large_room_potter0_20": 0.15}
[pair_H] {"steps": 2697216, "elapsed_s": 2409.0, "coordination_ring_sparse20": 103.0, "coordination_ring_potter0_20": 0.1, "large_room_sparse20": 0.0, "large_room_potter0_20": 0.1}
[pair_H] {"steps": 2699264, "elapsed_s": 2410.5, "coordination_ring_sparse20": 104.0, "coordination_ring_potter0_20": 0.05, "large_room_sparse20": 0.0, "large_room_potter0_20": 0.1}
[pair_H] {"steps": 2701312, "elapsed_s": 2412.2, "coordination_ring_sparse20": 105.0, "coordination_ring_potter0_20": 0.05, "large_room_sparse20": 0.0, "large_room_potter0_20": 0.1}
[pair_H] {"steps": 2703360, "elapsed_s": 2413.6, "coordination_ring_sparse20": 107.0, "coordination_ring_potter0_20": 0.0, "large_room_sparse20": 0.0, "large_room_potter0_20": 0.1}
[pair_H] {"steps": 2705408, "elapsed_s": 2415.1, "coordination_ring_sparse20": 108.0, "coordination_ring_potter0_20": 0.0, "large_room_sparse20": 0.0, "large_room_potter0_20": 0.15}
[pair_H] {"steps": 2707456, "elapsed_s": 2416.6, "coordination_ring_sparse20": 110.0, "coordination_ring_potter0_20": 0.0, "large_room_sparse20": 0.0, "large_room_potter0_20": 0.2}
[pair_H] {"steps": 2709504, "elapsed_s": 2418.1, "coordination_ring_sparse20": 111.0, "coordination_ring_potter0_20": 0.0, "large_room_sparse20": 0.0, "large_room_potter0_20": 0.25}
[pair_H] {"steps": 2711552, "elapsed_s": 2419.5, "coordination_ring_sparse20": 107.0, "coordination_ring_potter0_20": 0.0, "large_room_sparse20": 0.0, "large_room_potter0_20": 0.25}
[pair_H] {"steps": 2713600, "elapsed_s": 2421.1, "coordination_ring_sparse20": 104.0, "coordination_ring_potter0_20": 0.0, "large_room_sparse20": 0.0, "large_room_potter0_20": 0.25}
[pair_H] {"steps": 2715648, "elapsed_s": 2422.5, "coordination_ring_sparse20": 110.0, "coordination_ring_potter0_20": 0.0, "large_room_sparse20": 0.0, "large_room_potter0_20": 0.3}
[pair_H] {"steps": 2717696, "elapsed_s": 2424.1, "coordination_ring_sparse20": 108.0, "coordination_ring_potter0_20": 0.0, "large_room_sparse20": 0.0, "large_room_potter0_20": 0.25}
[pair_H] {"steps": 2719744, "elapsed_s": 2425.6, "coordination_ring_sparse20": 106.0, "coordination_ring_potter0_20": 0.0, "large_room_sparse20": 0.0, "large_room_potter0_20": 0.2}
[pair_H] {"steps": 2721792, "elapsed_s": 2427.1, "coordination_ring_sparse20": 106.0, "coordination_ring_potter0_20": 0.0, "large_room_sparse20": 0.0, "large_room_potter0_20": 0.15}
[pair_H] {"steps": 2723840, "elapsed_s": 2428.4, "coordination_ring_sparse20": 105.0, "coordination_ring_potter0_20": 0.0, "large_room_sparse20": 0.0, "large_room_potter0_20": 0.15}
[pair_H] {"steps": 2725888, "elapsed_s": 2429.8, "coordination_ring_sparse20": 99.0, "coordination_ring_potter0_20": 0.0, "large_room_sparse20": 0.0, "large_room_potter0_20": 0.15}
[pair_H] {"steps": 2727936, "elapsed_s": 2431.4, "coordination_ring_sparse20": 98.0, "coordination_ring_potter0_20": 0.0, "large_room_sparse20": 0.0, "large_room_potter0_20": 0.25}
[pair_H] {"steps": 2729984, "elapsed_s": 2433.0, "coordination_ring_sparse20": 101.0, "coordination_ring_potter0_20": 0.0, "large_room_sparse20": 0.0, "large_room_potter0_20": 0.2}
[pair_H] {"steps": 2732032, "elapsed_s": 2434.7, "coordination_ring_sparse20": 97.0, "coordination_ring_potter0_20": 0.0, "large_room_sparse20": 0.0, "large_room_potter0_20": 0.15}
[pair_H] {"steps": 2734080, "elapsed_s": 2436.2, "coordination_ring_sparse20": 95.0, "coordination_ring_potter0_20": 0.05, "large_room_sparse20": 0.0, "large_room_potter0_20": 0.2}
[pair_H] {"steps": 2736128, "elapsed_s": 2437.7, "coordination_ring_sparse20": 98.0, "coordination_ring_potter0_20": 0.05, "large_room_sparse20": 0.0, "large_room_potter0_20": 0.25}
[pair_H] {"steps": 2738176, "elapsed_s": 2439.2, "coordination_ring_sparse20": 96.0, "coordination_ring_potter0_20": 0.05, "large_room_sparse20": 0.0, "large_room_potter0_20": 0.25}
[pair_H] {"steps": 2740224, "elapsed_s": 2440.7, "coordination_ring_sparse20": 99.0, "coordination_ring_potter0_20": 0.05, "large_room_sparse20": 0.0, "large_room_potter0_20": 0.25}
[pair_H] {"steps": 2742272, "elapsed_s": 2442.2, "coordination_ring_sparse20": 103.0, "coordination_ring_potter0_20": 0.05, "large_room_sparse20": 0.0, "large_room_potter0_20": 0.2}
[pair_H] {"steps": 2744320, "elapsed_s": 2443.8, "coordination_ring_sparse20": 104.0, "coordination_ring_potter0_20": 0.05, "large_room_sparse20": 0.0, "large_room_potter0_20": 0.15}
[pair_H] {"steps": 2746368, "elapsed_s": 2445.3, "coordination_ring_sparse20": 104.0, "coordination_ring_potter0_20": 0.05, "large_room_sparse20": 0.0, "large_room_potter0_20": 0.2}
[pair_H] {"steps": 2748416, "elapsed_s": 2446.8, "coordination_ring_sparse20": 105.0, "coordination_ring_potter0_20": 0.05, "large_room_sparse20": 0.0, "large_room_potter0_20": 0.15}
[pair_H] {"steps": 2750464, "elapsed_s": 2448.3, "coordination_ring_sparse20": 106.0, "coordination_ring_potter0_20": 0.0, "large_room_sparse20": 0.0, "large_room_potter0_20": 0.2}
[pair_H] {"steps": 2752512, "elapsed_s": 2449.7, "coordination_ring_sparse20": 106.0, "coordination_ring_potter0_20": 0.0, "large_room_sparse20": 0.0, "large_room_potter0_20": 0.2}
[pair_H] {"steps": 2754560, "elapsed_s": 2451.2, "coordination_ring_sparse20": 106.0, "coordination_ring_potter0_20": 0.0, "large_room_sparse20": 0.0, "large_room_potter0_20": 0.2}
[pair_H] {"steps": 2756608, "elapsed_s": 2452.7, "coordination_ring_sparse20": 102.0, "coordination_ring_potter0_20": 0.0, "large_room_sparse20": 0.0, "large_room_potter0_20": 0.2}
[pair_H] {"steps": 2758656, "elapsed_s": 2454.3, "coordination_ring_sparse20": 102.0, "coordination_ring_potter0_20": 0.0, "large_room_sparse20": 0.0, "large_room_potter0_20": 0.25}
[pair_H] {"steps": 2760704, "elapsed_s": 2455.9, "coordination_ring_sparse20": 101.0, "coordination_ring_potter0_20": 0.0, "large_room_sparse20": 0.0, "large_room_potter0_20": 0.3}
[pair_H] {"steps": 2762752, "elapsed_s": 2457.4, "coordination_ring_sparse20": 105.0, "coordination_ring_potter0_20": 0.0, "large_room_sparse20": 0.0, "large_room_potter0_20": 0.4}
[pair_H] {"steps": 2764800, "elapsed_s": 2458.9, "coordination_ring_sparse20": 106.0, "coordination_ring_potter0_20": 0.0, "large_room_sparse20": 0.0, "large_room_potter0_20": 0.5}
[pair_H] {"steps": 2766848, "elapsed_s": 2460.4, "coordination_ring_sparse20": 105.0, "coordination_ring_potter0_20": 0.0, "large_room_sparse20": 0.0, "large_room_potter0_20": 0.45}
[pair_H] {"steps": 2768896, "elapsed_s": 2462.0, "coordination_ring_sparse20": 102.0, "coordination_ring_potter0_20": 0.0, "large_room_sparse20": 0.0, "large_room_potter0_20": 0.55}
[pair_H] {"steps": 2770944, "elapsed_s": 2463.4, "coordination_ring_sparse20": 106.0, "coordination_ring_potter0_20": 0.0, "large_room_sparse20": 0.0, "large_room_potter0_20": 0.5}
[pair_H] {"steps": 2772992, "elapsed_s": 2464.7, "coordination_ring_sparse20": 110.0, "coordination_ring_potter0_20": 0.0, "large_room_sparse20": 0.0, "large_room_potter0_20": 0.5}
[pair_H] {"steps": 2775040, "elapsed_s": 2466.1, "coordination_ring_sparse20": 112.0, "coordination_ring_potter0_20": 0.0, "large_room_sparse20": 0.0, "large_room_potter0_20": 0.5}
[pair_H] {"steps": 2777088, "elapsed_s": 2467.6, "coordination_ring_sparse20": 112.0, "coordination_ring_potter0_20": 0.0, "large_room_sparse20": 0.0, "large_room_potter0_20": 0.6}
[pair_H] {"steps": 2779136, "elapsed_s": 2469.1, "coordination_ring_sparse20": 116.0, "coordination_ring_potter0_20": 0.0, "large_room_sparse20": 0.0, "large_room_potter0_20": 0.55}
[pair_H] {"steps": 2781184, "elapsed_s": 2470.5, "coordination_ring_sparse20": 115.0, "coordination_ring_potter0_20": 0.0, "large_room_sparse20": 0.0, "large_room_potter0_20": 0.55}
[pair_H] {"steps": 2783232, "elapsed_s": 2471.9, "coordination_ring_sparse20": 114.0, "coordination_ring_potter0_20": 0.0, "large_room_sparse20": 0.0, "large_room_potter0_20": 0.55}
[pair_H] {"steps": 2785280, "elapsed_s": 2473.4, "coordination_ring_sparse20": 112.0, "coordination_ring_potter0_20": 0.0, "large_room_sparse20": 0.0, "large_room_potter0_20": 0.5}
[pair_H] {"steps": 2787328, "elapsed_s": 2475.0, "coordination_ring_sparse20": 113.0, "coordination_ring_potter0_20": 0.0, "large_room_sparse20": 0.0, "large_room_potter0_20": 0.45}
[pair_H] {"steps": 2789376, "elapsed_s": 2476.5, "coordination_ring_sparse20": 110.0, "coordination_ring_potter0_20": 0.0, "large_room_sparse20": 0.0, "large_room_potter0_20": 0.4}
[pair_H] {"steps": 2791424, "elapsed_s": 2477.9, "coordination_ring_sparse20": 112.0, "coordination_ring_potter0_20": 0.0, "large_room_sparse20": 0.0, "large_room_potter0_20": 0.45}
[pair_H] {"steps": 2793472, "elapsed_s": 2479.4, "coordination_ring_sparse20": 112.0, "coordination_ring_potter0_20": 0.0, "large_room_sparse20": 0.0, "large_room_potter0_20": 0.4}
[pair_H] {"steps": 2795520, "elapsed_s": 2480.9, "coordination_ring_sparse20": 110.0, "coordination_ring_potter0_20": 0.0, "large_room_sparse20": 0.0, "large_room_potter0_20": 0.5}
[pair_H] {"steps": 2797568, "elapsed_s": 2482.3, "coordination_ring_sparse20": 112.0, "coordination_ring_potter0_20": 0.0, "large_room_sparse20": 0.0, "large_room_potter0_20": 0.5}
[pair_H] {"steps": 2799616, "elapsed_s": 2483.8, "coordination_ring_sparse20": 113.0, "coordination_ring_potter0_20": 0.0, "large_room_sparse20": 0.0, "large_room_potter0_20": 0.65}
[pair_H] {"steps": 2801664, "elapsed_s": 2485.3, "coordination_ring_sparse20": 113.0, "coordination_ring_potter0_20": 0.0, "large_room_sparse20": 0.0, "large_room_potter0_20": 0.55}
[pair_H] {"steps": 2803712, "elapsed_s": 2487.2, "coordination_ring_sparse20": 117.0, "coordination_ring_potter0_20": 0.0, "large_room_sparse20": 0.0, "large_room_potter0_20": 0.6}
[pair_H] {"steps": 2805760, "elapsed_s": 2488.6, "coordination_ring_sparse20": 116.0, "coordination_ring_potter0_20": 0.0, "large_room_sparse20": 0.0, "large_room_potter0_20": 0.65}
[pair_H] {"steps": 2807808, "elapsed_s": 2490.2, "coordination_ring_sparse20": 113.0, "coordination_ring_potter0_20": 0.0, "large_room_sparse20": 0.0, "large_room_potter0_20": 0.65}
[pair_H] {"steps": 2809856, "elapsed_s": 2491.7, "coordination_ring_sparse20": 112.0, "coordination_ring_potter0_20": 0.0, "large_room_sparse20": 0.0, "large_room_potter0_20": 0.6}
[pair_H] {"steps": 2811904, "elapsed_s": 2493.3, "coordination_ring_sparse20": 107.0, "coordination_ring_potter0_20": 0.0, "large_room_sparse20": 0.0, "large_room_potter0_20": 0.55}
[pair_H] {"steps": 2813952, "elapsed_s": 2494.8, "coordination_ring_sparse20": 107.0, "coordination_ring_potter0_20": 0.0, "large_room_sparse20": 0.0, "large_room_potter0_20": 0.45}
[pair_H] {"steps": 2816000, "elapsed_s": 2496.4, "coordination_ring_sparse20": 104.0, "coordination_ring_potter0_20": 0.0, "large_room_sparse20": 0.0, "large_room_potter0_20": 0.4}
[pair_H] {"steps": 2818048, "elapsed_s": 2497.8, "coordination_ring_sparse20": 105.0, "coordination_ring_potter0_20": 0.0, "large_room_sparse20": 0.0, "large_room_potter0_20": 0.35}
[pair_H] {"steps": 2820096, "elapsed_s": 2499.4, "coordination_ring_sparse20": 108.0, "coordination_ring_potter0_20": 0.0, "large_room_sparse20": 0.0, "large_room_potter0_20": 0.45}
[pair_H] {"steps": 2822144, "elapsed_s": 2500.9, "coordination_ring_sparse20": 110.0, "coordination_ring_potter0_20": 0.0, "large_room_sparse20": 0.0, "large_room_potter0_20": 0.45}
[pair_H] {"steps": 2824192, "elapsed_s": 2502.3, "coordination_ring_sparse20": 112.0, "coordination_ring_potter0_20": 0.0, "large_room_sparse20": 0.0, "large_room_potter0_20": 0.4}
[pair_H] {"steps": 2826240, "elapsed_s": 2504.0, "coordination_ring_sparse20": 112.0, "coordination_ring_potter0_20": 0.0, "large_room_sparse20": 0.0, "large_room_potter0_20": 0.35}
[pair_H] {"steps": 2828288, "elapsed_s": 2505.6, "coordination_ring_sparse20": 105.0, "coordination_ring_potter0_20": 0.0, "large_room_sparse20": 0.0, "large_room_potter0_20": 0.4}
[pair_H] {"steps": 2830336, "elapsed_s": 2507.0, "coordination_ring_sparse20": 108.0, "coordination_ring_potter0_20": 0.0, "large_room_sparse20": 0.0, "large_room_potter0_20": 0.4}
[pair_H] {"steps": 2832384, "elapsed_s": 2508.3, "coordination_ring_sparse20": 107.0, "coordination_ring_potter0_20": 0.05, "large_room_sparse20": 0.0, "large_room_potter0_20": 0.4}
[pair_H] {"steps": 2834432, "elapsed_s": 2509.8, "coordination_ring_sparse20": 104.0, "coordination_ring_potter0_20": 0.05, "large_room_sparse20": 0.0, "large_room_potter0_20": 0.45}
[pair_H] {"steps": 2836480, "elapsed_s": 2511.2, "coordination_ring_sparse20": 107.0, "coordination_ring_potter0_20": 0.05, "large_room_sparse20": 0.0, "large_room_potter0_20": 0.45}
[pair_H] {"steps": 2838528, "elapsed_s": 2512.8, "coordination_ring_sparse20": 109.0, "coordination_ring_potter0_20": 0.05, "large_room_sparse20": 0.0, "large_room_potter0_20": 0.5}
[pair_H] {"steps": 2840576, "elapsed_s": 2514.2, "coordination_ring_sparse20": 117.0, "coordination_ring_potter0_20": 0.1, "large_room_sparse20": 0.0, "large_room_potter0_20": 0.45}
[pair_H] {"steps": 2842624, "elapsed_s": 2515.6, "coordination_ring_sparse20": 117.0, "coordination_ring_potter0_20": 0.05, "large_room_sparse20": 0.0, "large_room_potter0_20": 0.4}
[pair_H] {"steps": 2844672, "elapsed_s": 2517.3, "coordination_ring_sparse20": 118.0, "coordination_ring_potter0_20": 0.05, "large_room_sparse20": 0.0, "large_room_potter0_20": 0.4}
[pair_H] {"steps": 2846720, "elapsed_s": 2518.7, "coordination_ring_sparse20": 120.0, "coordination_ring_potter0_20": 0.05, "large_room_sparse20": 0.0, "large_room_potter0_20": 0.45}
[pair_H] {"steps": 2848768, "elapsed_s": 2520.2, "coordination_ring_sparse20": 120.0, "coordination_ring_potter0_20": 0.05, "large_room_sparse20": 0.0, "large_room_potter0_20": 0.4}
[pair_H] {"steps": 2850816, "elapsed_s": 2521.7, "coordination_ring_sparse20": 120.0, "coordination_ring_potter0_20": 0.05, "large_room_sparse20": 0.0, "large_room_potter0_20": 0.3}
[pair_H] {"steps": 2852864, "elapsed_s": 2523.2, "coordination_ring_sparse20": 115.0, "coordination_ring_potter0_20": 0.05, "large_room_sparse20": 0.0, "large_room_potter0_20": 0.3}
[pair_H] {"steps": 2854912, "elapsed_s": 2524.7, "coordination_ring_sparse20": 115.0, "coordination_ring_potter0_20": 0.0, "large_room_sparse20": 0.0, "large_room_potter0_20": 0.25}
[pair_H] {"steps": 2856960, "elapsed_s": 2526.2, "coordination_ring_sparse20": 113.0, "coordination_ring_potter0_20": 0.0, "large_room_sparse20": 0.0, "large_room_potter0_20": 0.2}
[pair_H] {"steps": 2859008, "elapsed_s": 2527.8, "coordination_ring_sparse20": 112.0, "coordination_ring_potter0_20": 0.0, "large_room_sparse20": 0.0, "large_room_potter0_20": 0.25}
[pair_H] {"steps": 2861056, "elapsed_s": 2529.3, "coordination_ring_sparse20": 111.0, "coordination_ring_potter0_20": 0.0, "large_room_sparse20": 0.0, "large_room_potter0_20": 0.3}
[pair_H] {"steps": 2863104, "elapsed_s": 2530.7, "coordination_ring_sparse20": 111.0, "coordination_ring_potter0_20": 0.0, "large_room_sparse20": 0.0, "large_room_potter0_20": 0.25}
[pair_H] {"steps": 2865152, "elapsed_s": 2532.2, "coordination_ring_sparse20": 109.0, "coordination_ring_potter0_20": 0.0, "large_room_sparse20": 0.0, "large_room_potter0_20": 0.35}
[pair_H] {"steps": 2867200, "elapsed_s": 2533.7, "coordination_ring_sparse20": 108.0, "coordination_ring_potter0_20": 0.0, "large_room_sparse20": 0.0, "large_room_potter0_20": 0.35}
[pair_H] {"steps": 2869248, "elapsed_s": 2535.1, "coordination_ring_sparse20": 105.0, "coordination_ring_potter0_20": 0.0, "large_room_sparse20": 0.0, "large_room_potter0_20": 0.35}
[pair_H] {"steps": 2871296, "elapsed_s": 2536.6, "coordination_ring_sparse20": 107.0, "coordination_ring_potter0_20": 0.0, "large_room_sparse20": 0.0, "large_room_potter0_20": 0.4}
[pair_H] {"steps": 2873344, "elapsed_s": 2538.0, "coordination_ring_sparse20": 109.0, "coordination_ring_potter0_20": 0.0, "large_room_sparse20": 0.0, "large_room_potter0_20": 0.45}
[pair_H] {"steps": 2875392, "elapsed_s": 2539.5, "coordination_ring_sparse20": 111.0, "coordination_ring_potter0_20": 0.0, "large_room_sparse20": 0.0, "large_room_potter0_20": 0.4}
[pair_H] {"steps": 2877440, "elapsed_s": 2540.9, "coordination_ring_sparse20": 107.0, "coordination_ring_potter0_20": 0.0, "large_room_sparse20": 0.0, "large_room_potter0_20": 0.4}
[pair_H] {"steps": 2879488, "elapsed_s": 2542.3, "coordination_ring_sparse20": 106.0, "coordination_ring_potter0_20": 0.0, "large_room_sparse20": 0.0, "large_room_potter0_20": 0.35}
[pair_H] {"steps": 2881536, "elapsed_s": 2544.1, "coordination_ring_sparse20": 105.0, "coordination_ring_potter0_20": 0.0, "large_room_sparse20": 0.0, "large_room_potter0_20": 0.35}
[pair_H] {"steps": 2883584, "elapsed_s": 2545.6, "coordination_ring_sparse20": 110.0, "coordination_ring_potter0_20": 0.0, "large_room_sparse20": 0.0, "large_room_potter0_20": 0.3}
[pair_H] {"steps": 2885632, "elapsed_s": 2547.2, "coordination_ring_sparse20": 110.0, "coordination_ring_potter0_20": 0.0, "large_room_sparse20": 0.0, "large_room_potter0_20": 0.4}
[pair_H] {"steps": 2887680, "elapsed_s": 2548.7, "coordination_ring_sparse20": 111.0, "coordination_ring_potter0_20": 0.0, "large_room_sparse20": 0.0, "large_room_potter0_20": 0.45}
[pair_H] {"steps": 2889728, "elapsed_s": 2550.3, "coordination_ring_sparse20": 109.0, "coordination_ring_potter0_20": 0.0, "large_room_sparse20": 0.0, "large_room_potter0_20": 0.5}
[pair_H] {"steps": 2891776, "elapsed_s": 2552.3, "coordination_ring_sparse20": 108.0, "coordination_ring_potter0_20": 0.0, "large_room_sparse20": 0.0, "large_room_potter0_20": 0.55}
[pair_H] {"steps": 2893824, "elapsed_s": 2554.8, "coordination_ring_sparse20": 111.0, "coordination_ring_potter0_20": 0.0, "large_room_sparse20": 0.0, "large_room_potter0_20": 0.5}
[pair_H] {"steps": 2895872, "elapsed_s": 2557.4, "coordination_ring_sparse20": 112.0, "coordination_ring_potter0_20": 0.0, "large_room_sparse20": 0.0, "large_room_potter0_20": 0.5}
[pair_H] {"steps": 2897920, "elapsed_s": 2559.6, "coordination_ring_sparse20": 115.0, "coordination_ring_potter0_20": 0.0, "large_room_sparse20": 0.0, "large_room_potter0_20": 0.45}
[pair_H] {"steps": 2899968, "elapsed_s": 2561.9, "coordination_ring_sparse20": 116.0, "coordination_ring_potter0_20": 0.0, "large_room_sparse20": 0.0, "large_room_potter0_20": 0.45}
[pair_H] {"steps": 2902016, "elapsed_s": 2563.8, "coordination_ring_sparse20": 119.0, "coordination_ring_potter0_20": 0.0, "large_room_sparse20": 0.0, "large_room_potter0_20": 0.55}
[pair_H] {"steps": 2904064, "elapsed_s": 2565.7, "coordination_ring_sparse20": 119.0, "coordination_ring_potter0_20": 0.0, "large_room_sparse20": 0.0, "large_room_potter0_20": 0.55}
[pair_H] {"steps": 2906112, "elapsed_s": 2567.7, "coordination_ring_sparse20": 118.0, "coordination_ring_potter0_20": 0.05, "large_room_sparse20": 0.0, "large_room_potter0_20": 0.55}
[pair_H] {"steps": 2908160, "elapsed_s": 2569.7, "coordination_ring_sparse20": 114.0, "coordination_ring_potter0_20": 0.05, "large_room_sparse20": 0.0, "large_room_potter0_20": 0.5}
[pair_H] {"steps": 2910208, "elapsed_s": 2571.6, "coordination_ring_sparse20": 111.0, "coordination_ring_potter0_20": 0.05, "large_room_sparse20": 0.0, "large_room_potter0_20": 0.5}
[pair_H] {"steps": 2912256, "elapsed_s": 2574.0, "coordination_ring_sparse20": 112.0, "coordination_ring_potter0_20": 0.05, "large_room_sparse20": 0.0, "large_room_potter0_20": 0.55}
[pair_H] {"steps": 2914304, "elapsed_s": 2576.1, "coordination_ring_sparse20": 108.0, "coordination_ring_potter0_20": 0.05, "large_room_sparse20": 0.0, "large_room_potter0_20": 0.6}
[pair_H] {"steps": 2916352, "elapsed_s": 2578.7, "coordination_ring_sparse20": 101.0, "coordination_ring_potter0_20": 0.1, "large_room_sparse20": 0.0, "large_room_potter0_20": 0.6}
[pair_H] {"steps": 2918400, "elapsed_s": 2581.1, "coordination_ring_sparse20": 103.0, "coordination_ring_potter0_20": 0.05, "large_room_sparse20": 0.0, "large_room_potter0_20": 0.65}
[pair_H] {"steps": 2920448, "elapsed_s": 2583.3, "coordination_ring_sparse20": 108.0, "coordination_ring_potter0_20": 0.05, "large_room_sparse20": 0.0, "large_room_potter0_20": 0.65}
[pair_H] {"steps": 2922496, "elapsed_s": 2585.4, "coordination_ring_sparse20": 109.0, "coordination_ring_potter0_20": 0.05, "large_room_sparse20": 0.0, "large_room_potter0_20": 0.7}
[pair_H] {"steps": 2924544, "elapsed_s": 2587.3, "coordination_ring_sparse20": 108.0, "coordination_ring_potter0_20": 0.05, "large_room_sparse20": 0.0, "large_room_potter0_20": 0.65}
[pair_H] {"steps": 2926592, "elapsed_s": 2589.6, "coordination_ring_sparse20": 106.0, "coordination_ring_potter0_20": 0.05, "large_room_sparse20": 0.0, "large_room_potter0_20": 0.6}
[pair_H] {"steps": 2928640, "elapsed_s": 2591.9, "coordination_ring_sparse20": 108.0, "coordination_ring_potter0_20": 0.05, "large_room_sparse20": 0.0, "large_room_potter0_20": 0.6}
[pair_H] {"steps": 2930688, "elapsed_s": 2594.5, "coordination_ring_sparse20": 110.0, "coordination_ring_potter0_20": 0.0, "large_room_sparse20": 0.0, "large_room_potter0_20": 0.6}
[pair_H] {"steps": 2932736, "elapsed_s": 2597.0, "coordination_ring_sparse20": 114.0, "coordination_ring_potter0_20": 0.0, "large_room_sparse20": 0.0, "large_room_potter0_20": 0.6}
[pair_H] {"steps": 2934784, "elapsed_s": 2599.3, "coordination_ring_sparse20": 116.0, "coordination_ring_potter0_20": 0.0, "large_room_sparse20": 0.0, "large_room_potter0_20": 0.5}
[pair_H] {"steps": 2936832, "elapsed_s": 2601.6, "coordination_ring_sparse20": 115.0, "coordination_ring_potter0_20": 0.0, "large_room_sparse20": 0.0, "large_room_potter0_20": 0.45}
[pair_H] {"steps": 2938880, "elapsed_s": 2604.1, "coordination_ring_sparse20": 116.0, "coordination_ring_potter0_20": 0.0, "large_room_sparse20": 0.0, "large_room_potter0_20": 0.5}
[pair_H] {"steps": 2940928, "elapsed_s": 2606.5, "coordination_ring_sparse20": 115.0, "coordination_ring_potter0_20": 0.0, "large_room_sparse20": 0.0, "large_room_potter0_20": 0.45}
[pair_H] {"steps": 2942976, "elapsed_s": 2608.9, "coordination_ring_sparse20": 110.0, "coordination_ring_potter0_20": 0.0, "large_room_sparse20": 0.0, "large_room_potter0_20": 0.4}
[pair_H] {"steps": 2945024, "elapsed_s": 2611.5, "coordination_ring_sparse20": 110.0, "coordination_ring_potter0_20": 0.0, "large_room_sparse20": 0.0, "large_room_potter0_20": 0.4}
[pair_H] {"steps": 2947072, "elapsed_s": 2613.4, "coordination_ring_sparse20": 112.0, "coordination_ring_potter0_20": 0.0, "large_room_sparse20": 0.0, "large_room_potter0_20": 0.35}
[pair_H] {"steps": 2949120, "elapsed_s": 2615.7, "coordination_ring_sparse20": 108.0, "coordination_ring_potter0_20": 0.0, "large_room_sparse20": 0.0, "large_room_potter0_20": 0.3}
[pair_H] {"steps": 2951168, "elapsed_s": 2618.3, "coordination_ring_sparse20": 108.0, "coordination_ring_potter0_20": 0.0, "large_room_sparse20": 0.0, "large_room_potter0_20": 0.25}
[pair_H] {"steps": 2953216, "elapsed_s": 2620.8, "coordination_ring_sparse20": 103.0, "coordination_ring_potter0_20": 0.0, "large_room_sparse20": 0.0, "large_room_potter0_20": 0.3}
[pair_H] {"steps": 2955264, "elapsed_s": 2623.2, "coordination_ring_sparse20": 104.0, "coordination_ring_potter0_20": 0.0, "large_room_sparse20": 0.0, "large_room_potter0_20": 0.2}
[pair_H] {"steps": 2957312, "elapsed_s": 2625.7, "coordination_ring_sparse20": 104.0, "coordination_ring_potter0_20": 0.0, "large_room_sparse20": 0.0, "large_room_potter0_20": 0.2}
[pair_H] {"steps": 2959360, "elapsed_s": 2628.3, "coordination_ring_sparse20": 104.0, "coordination_ring_potter0_20": 0.0, "large_room_sparse20": 0.0, "large_room_potter0_20": 0.2}
[pair_H] {"steps": 2961408, "elapsed_s": 2630.7, "coordination_ring_sparse20": 102.0, "coordination_ring_potter0_20": 0.0, "large_room_sparse20": 0.0, "large_room_potter0_20": 0.25}
[pair_H] {"steps": 2963456, "elapsed_s": 2632.9, "coordination_ring_sparse20": 105.0, "coordination_ring_potter0_20": 0.0, "large_room_sparse20": 0.0, "large_room_potter0_20": 0.35}
[pair_H] {"steps": 2965504, "elapsed_s": 2635.3, "coordination_ring_sparse20": 108.0, "coordination_ring_potter0_20": 0.0, "large_room_sparse20": 0.0, "large_room_potter0_20": 0.4}
[pair_H] {"steps": 2967552, "elapsed_s": 2637.7, "coordination_ring_sparse20": 106.0, "coordination_ring_potter0_20": 0.0, "large_room_sparse20": 0.0, "large_room_potter0_20": 0.35}
[pair_H] {"steps": 2969600, "elapsed_s": 2640.1, "coordination_ring_sparse20": 109.0, "coordination_ring_potter0_20": 0.0, "large_room_sparse20": 0.0, "large_room_potter0_20": 0.4}
[pair_H] {"steps": 2971648, "elapsed_s": 2642.9, "coordination_ring_sparse20": 112.0, "coordination_ring_potter0_20": 0.0, "large_room_sparse20": 0.0, "large_room_potter0_20": 0.4}
[pair_H] {"steps": 2973696, "elapsed_s": 2645.6, "coordination_ring_sparse20": 107.0, "coordination_ring_potter0_20": 0.0, "large_room_sparse20": 0.0, "large_room_potter0_20": 0.35}
[pair_H] {"steps": 2975744, "elapsed_s": 2648.2, "coordination_ring_sparse20": 110.0, "coordination_ring_potter0_20": 0.0, "large_room_sparse20": 0.0, "large_room_potter0_20": 0.4}
[pair_H] {"steps": 2977792, "elapsed_s": 2650.9, "coordination_ring_sparse20": 111.0, "coordination_ring_potter0_20": 0.0, "large_room_sparse20": 0.0, "large_room_potter0_20": 0.35}
[pair_H] {"steps": 2979840, "elapsed_s": 2653.2, "coordination_ring_sparse20": 107.0, "coordination_ring_potter0_20": 0.0, "large_room_sparse20": 0.0, "large_room_potter0_20": 0.35}
[pair_H] {"steps": 2981888, "elapsed_s": 2655.3, "coordination_ring_sparse20": 112.0, "coordination_ring_potter0_20": 0.0, "large_room_sparse20": 0.0, "large_room_potter0_20": 0.4}
[pair_H] {"steps": 2983936, "elapsed_s": 2657.1, "coordination_ring_sparse20": 108.0, "coordination_ring_potter0_20": 0.05, "large_room_sparse20": 0.0, "large_room_potter0_20": 0.4}
[pair_H] {"steps": 2985984, "elapsed_s": 2660.0, "coordination_ring_sparse20": 107.0, "coordination_ring_potter0_20": 0.05, "large_room_sparse20": 0.0, "large_room_potter0_20": 0.4}
[pair_H] {"steps": 2988032, "elapsed_s": 2662.7, "coordination_ring_sparse20": 107.0, "coordination_ring_potter0_20": 0.05, "large_room_sparse20": 0.0, "large_room_potter0_20": 0.4}
[pair_H] {"steps": 2990080, "elapsed_s": 2664.8, "coordination_ring_sparse20": 111.0, "coordination_ring_potter0_20": 0.05, "large_room_sparse20": 0.0, "large_room_potter0_20": 0.4}
[pair_H] {"steps": 2992128, "elapsed_s": 2667.3, "coordination_ring_sparse20": 104.0, "coordination_ring_potter0_20": 0.05, "large_room_sparse20": 0.0, "large_room_potter0_20": 0.35}
[pair_H] {"steps": 2994176, "elapsed_s": 2669.7, "coordination_ring_sparse20": 107.0, "coordination_ring_potter0_20": 0.05, "large_room_sparse20": 0.0, "large_room_potter0_20": 0.4}
[pair_H] {"steps": 2996224, "elapsed_s": 2672.1, "coordination_ring_sparse20": 105.0, "coordination_ring_potter0_20": 0.05, "large_room_sparse20": 0.0, "large_room_potter0_20": 0.35}
[pair_H] {"steps": 2998272, "elapsed_s": 2674.5, "coordination_ring_sparse20": 99.0, "coordination_ring_potter0_20": 0.0, "large_room_sparse20": 0.0, "large_room_potter0_20": 0.35}
[pair_H] {"steps": 3000320, "elapsed_s": 2676.6, "coordination_ring_sparse20": 101.0, "coordination_ring_potter0_20": 0.0, "large_room_sparse20": 0.0, "large_room_potter0_20": 0.3}
[pair_H] {"steps": 3002368, "elapsed_s": 2679.0, "coordination_ring_sparse20": 96.0, "coordination_ring_potter0_20": 0.05, "large_room_sparse20": 0.0, "large_room_potter0_20": 0.35}
[pair_H] {"steps": 3004416, "elapsed_s": 2681.6, "coordination_ring_sparse20": 96.0, "coordination_ring_potter0_20": 0.05, "large_room_sparse20": 0.0, "large_room_potter0_20": 0.35}
[pair_H] {"steps": 3006464, "elapsed_s": 2683.4, "coordination_ring_sparse20": 99.0, "coordination_ring_potter0_20": 0.05, "large_room_sparse20": 0.0, "large_room_potter0_20": 0.35}
[pair_H] {"steps": 3008512, "elapsed_s": 2685.7, "coordination_ring_sparse20": 101.0, "coordination_ring_potter0_20": 0.05, "large_room_sparse20": 0.0, "large_room_potter0_20": 0.35}
[pair_H] {"steps": 3010560, "elapsed_s": 2688.3, "coordination_ring_sparse20": 102.0, "coordination_ring_potter0_20": 0.1, "large_room_sparse20": 0.0, "large_room_potter0_20": 0.3}
[pair_H] {"steps": 3012608, "elapsed_s": 2690.6, "coordination_ring_sparse20": 106.0, "coordination_ring_potter0_20": 0.1, "large_room_sparse20": 0.0, "large_room_potter0_20": 0.3}
[pair_H] {"steps": 3014656, "elapsed_s": 2693.5, "coordination_ring_sparse20": 108.0, "coordination_ring_potter0_20": 0.05, "large_room_sparse20": 0.0, "large_room_potter0_20": 0.35}
[pair_H] {"steps": 3016704, "elapsed_s": 2696.6, "coordination_ring_sparse20": 108.0, "coordination_ring_potter0_20": 0.05, "large_room_sparse20": 0.0, "large_room_potter0_20": 0.3}
[pair_H] {"steps": 3018752, "elapsed_s": 2699.3, "coordination_ring_sparse20": 111.0, "coordination_ring_potter0_20": 0.05, "large_room_sparse20": 0.0, "large_room_potter0_20": 0.35}
[pair_H] {"steps": 3020800, "elapsed_s": 2702.2, "coordination_ring_sparse20": 116.0, "coordination_ring_potter0_20": 0.05, "large_room_sparse20": 0.0, "large_room_potter0_20": 0.35}
[pair_H] {"steps": 3022848, "elapsed_s": 2704.6, "coordination_ring_sparse20": 120.0, "coordination_ring_potter0_20": 0.05, "large_room_sparse20": 0.0, "large_room_potter0_20": 0.4}
[pair_H] {"steps": 3024896, "elapsed_s": 2706.7, "coordination_ring_sparse20": 120.0, "coordination_ring_potter0_20": 0.05, "large_room_sparse20": 0.0, "large_room_potter0_20": 0.4}
[pair_H] {"steps": 3026944, "elapsed_s": 2709.0, "coordination_ring_sparse20": 115.0, "coordination_ring_potter0_20": 0.0, "large_room_sparse20": 0.0, "large_room_potter0_20": 0.4}
[pair_H] {"steps": 3028992, "elapsed_s": 2711.4, "coordination_ring_sparse20": 117.0, "coordination_ring_potter0_20": 0.05, "large_room_sparse20": 0.0, "large_room_potter0_20": 0.45}
[pair_H] {"steps": 3031040, "elapsed_s": 2713.5, "coordination_ring_sparse20": 116.0, "coordination_ring_potter0_20": 0.05, "large_room_sparse20": 0.0, "large_room_potter0_20": 0.45}
[pair_H] {"steps": 3033088, "elapsed_s": 2716.1, "coordination_ring_sparse20": 116.0, "coordination_ring_potter0_20": 0.05, "large_room_sparse20": 0.0, "large_room_potter0_20": 0.45}
[pair_H] {"steps": 3035136, "elapsed_s": 2718.6, "coordination_ring_sparse20": 110.0, "coordination_ring_potter0_20": 0.05, "large_room_sparse20": 0.0, "large_room_potter0_20": 0.5}
[pair_H] {"steps": 3037184, "elapsed_s": 2721.3, "coordination_ring_sparse20": 110.0, "coordination_ring_potter0_20": 0.05, "large_room_sparse20": 0.0, "large_room_potter0_20": 0.5}
[pair_H] {"steps": 3039232, "elapsed_s": 2724.0, "coordination_ring_sparse20": 109.0, "coordination_ring_potter0_20": 0.05, "large_room_sparse20": 0.0, "large_room_potter0_20": 0.5}
[pair_H] {"steps": 3041280, "elapsed_s": 2726.6, "coordination_ring_sparse20": 111.0, "coordination_ring_potter0_20": 0.05, "large_room_sparse20": 0.0, "large_room_potter0_20": 0.6}
[pair_H] {"steps": 3043328, "elapsed_s": 2729.3, "coordination_ring_sparse20": 112.0, "coordination_ring_potter0_20": 0.05, "large_room_sparse20": 0.0, "large_room_potter0_20": 0.65}
[pair_H] {"steps": 3045376, "elapsed_s": 2732.1, "coordination_ring_sparse20": 111.0, "coordination_ring_potter0_20": 0.05, "large_room_sparse20": 0.0, "large_room_potter0_20": 0.65}
[pair_H] {"steps": 3047424, "elapsed_s": 2734.7, "coordination_ring_sparse20": 108.0, "coordination_ring_potter0_20": 0.05, "large_room_sparse20": 0.0, "large_room_potter0_20": 0.65}
[pair_H] {"steps": 3049472, "elapsed_s": 2737.7, "coordination_ring_sparse20": 108.0, "coordination_ring_potter0_20": 0.05, "large_room_sparse20": 0.0, "large_room_potter0_20": 0.55}
[pair_H] {"steps": 3051520, "elapsed_s": 2740.5, "coordination_ring_sparse20": 108.0, "coordination_ring_potter0_20": 0.05, "large_room_sparse20": 0.0, "large_room_potter0_20": 0.6}
[pair_H] {"steps": 3053568, "elapsed_s": 2742.6, "coordination_ring_sparse20": 106.0, "coordination_ring_potter0_20": 0.1, "large_room_sparse20": 0.0, "large_room_potter0_20": 0.6}
[pair_H] {"steps": 3055616, "elapsed_s": 2745.5, "coordination_ring_sparse20": 110.0, "coordination_ring_potter0_20": 0.1, "large_room_sparse20": 0.0, "large_room_potter0_20": 0.65}
[pair_H] {"steps": 3057664, "elapsed_s": 2748.1, "coordination_ring_sparse20": 108.0, "coordination_ring_potter0_20": 0.1, "large_room_sparse20": 0.0, "large_room_potter0_20": 0.65}
[pair_H] {"steps": 3059712, "elapsed_s": 2750.5, "coordination_ring_sparse20": 108.0, "coordination_ring_potter0_20": 0.05, "large_room_sparse20": 0.0, "large_room_potter0_20": 0.65}
[pair_H] {"steps": 3061760, "elapsed_s": 2753.1, "coordination_ring_sparse20": 108.0, "coordination_ring_potter0_20": 0.05, "large_room_sparse20": 0.0, "large_room_potter0_20": 0.6}
[pair_H] {"steps": 3063808, "elapsed_s": 2755.2, "coordination_ring_sparse20": 104.0, "coordination_ring_potter0_20": 0.05, "large_room_sparse20": 0.0, "large_room_potter0_20": 0.5}
[pair_H] {"steps": 3065856, "elapsed_s": 2757.1, "coordination_ring_sparse20": 101.0, "coordination_ring_potter0_20": 0.05, "large_room_sparse20": 0.0, "large_room_potter0_20": 0.45}
[pair_H] {"steps": 3067904, "elapsed_s": 2759.6, "coordination_ring_sparse20": 97.0, "coordination_ring_potter0_20": 0.0, "large_room_sparse20": 0.0, "large_room_potter0_20": 0.45}
[pair_H] {"steps": 3069952, "elapsed_s": 2762.2, "coordination_ring_sparse20": 97.0, "coordination_ring_potter0_20": 0.0, "large_room_sparse20": 0.0, "large_room_potter0_20": 0.5}
[pair_H] {"steps": 3072000, "elapsed_s": 2764.8, "coordination_ring_sparse20": 98.0, "coordination_ring_potter0_20": 0.0, "large_room_sparse20": 0.0, "large_room_potter0_20": 0.55}
[pair_H] {"steps": 3074048, "elapsed_s": 2766.8, "coordination_ring_sparse20": 96.0, "coordination_ring_potter0_20": 0.0, "large_room_sparse20": 0.0, "large_room_potter0_20": 0.55}
[pair_H] {"steps": 3076096, "elapsed_s": 2768.9, "coordination_ring_sparse20": 94.0, "coordination_ring_potter0_20": 0.0, "large_room_sparse20": 0.0, "large_room_potter0_20": 0.55}
[pair_H] {"steps": 3078144, "elapsed_s": 2771.3, "coordination_ring_sparse20": 98.0, "coordination_ring_potter0_20": 0.0, "large_room_sparse20": 0.0, "large_room_potter0_20": 0.55}
[pair_H] {"steps": 3080192, "elapsed_s": 2773.3, "coordination_ring_sparse20": 106.0, "coordination_ring_potter0_20": 0.0, "large_room_sparse20": 0.0, "large_room_potter0_20": 0.55}
[pair_H] {"steps": 3082240, "elapsed_s": 2774.8, "coordination_ring_sparse20": 116.0, "coordination_ring_potter0_20": 0.0, "large_room_sparse20": 0.0, "large_room_potter0_20": 0.55}
[pair_H] {"steps": 3084288, "elapsed_s": 2776.6, "coordination_ring_sparse20": 117.0, "coordination_ring_potter0_20": 0.0, "large_room_sparse20": 0.0, "large_room_potter0_20": 0.55}
[pair_H] {"steps": 3086336, "elapsed_s": 2778.4, "coordination_ring_sparse20": 122.0, "coordination_ring_potter0_20": 0.0, "large_room_sparse20": 0.0, "large_room_potter0_20": 0.55}
[pair_H] {"steps": 3088384, "elapsed_s": 2780.2, "coordination_ring_sparse20": 123.0, "coordination_ring_potter0_20": 0.0, "large_room_sparse20": 0.0, "large_room_potter0_20": 0.5}
[pair_H] {"steps": 3090432, "elapsed_s": 2782.4, "coordination_ring_sparse20": 120.0, "coordination_ring_potter0_20": 0.05, "large_room_sparse20": 0.0, "large_room_potter0_20": 0.5}
[pair_H] {"steps": 3092480, "elapsed_s": 2784.6, "coordination_ring_sparse20": 119.0, "coordination_ring_potter0_20": 0.05, "large_room_sparse20": 0.0, "large_room_potter0_20": 0.5}
[pair_H] {"steps": 3094528, "elapsed_s": 2787.1, "coordination_ring_sparse20": 122.0, "coordination_ring_potter0_20": 0.05, "large_room_sparse20": 0.0, "large_room_potter0_20": 0.5}
[pair_H] {"steps": 3096576, "elapsed_s": 2789.2, "coordination_ring_sparse20": 123.0, "coordination_ring_potter0_20": 0.05, "large_room_sparse20": 0.0, "large_room_potter0_20": 0.5}
[pair_H] {"steps": 3098624, "elapsed_s": 2791.0, "coordination_ring_sparse20": 118.0, "coordination_ring_potter0_20": 0.05, "large_room_sparse20": 0.0, "large_room_potter0_20": 0.55}
[pair_H] {"steps": 3100672, "elapsed_s": 2792.9, "coordination_ring_sparse20": 119.0, "coordination_ring_potter0_20": 0.05, "large_room_sparse20": 0.0, "large_room_potter0_20": 0.5}
[pair_H] {"steps": 3102720, "elapsed_s": 2794.8, "coordination_ring_sparse20": 114.0, "coordination_ring_potter0_20": 0.05, "large_room_sparse20": 0.0, "large_room_potter0_20": 0.45}
[pair_H] {"steps": 3104768, "elapsed_s": 2796.8, "coordination_ring_sparse20": 115.0, "coordination_ring_potter0_20": 0.05, "large_room_sparse20": 0.0, "large_room_potter0_20": 0.4}
[pair_H] {"steps": 3106816, "elapsed_s": 2799.1, "coordination_ring_sparse20": 117.0, "coordination_ring_potter0_20": 0.0, "large_room_sparse20": 0.0, "large_room_potter0_20": 0.45}
[pair_H] {"steps": 3108864, "elapsed_s": 2801.3, "coordination_ring_sparse20": 116.0, "coordination_ring_potter0_20": 0.0, "large_room_sparse20": 0.0, "large_room_potter0_20": 0.4}
[pair_H] {"steps": 3110912, "elapsed_s": 2803.0, "coordination_ring_sparse20": 112.0, "coordination_ring_potter0_20": 0.0, "large_room_sparse20": 0.0, "large_room_potter0_20": 0.4}
[pair_H] {"steps": 3112960, "elapsed_s": 2804.7, "coordination_ring_sparse20": 108.0, "coordination_ring_potter0_20": 0.0, "large_room_sparse20": 0.0, "large_room_potter0_20": 0.4}
[pair_H] {"steps": 3115008, "elapsed_s": 2806.8, "coordination_ring_sparse20": 112.0, "coordination_ring_potter0_20": 0.0, "large_room_sparse20": 0.0, "large_room_potter0_20": 0.4}
[pair_H] {"steps": 3117056, "elapsed_s": 2808.8, "coordination_ring_sparse20": 113.0, "coordination_ring_potter0_20": 0.0, "large_room_sparse20": 0.0, "large_room_potter0_20": 0.4}
[pair_H] {"steps": 3119104, "elapsed_s": 2811.3, "coordination_ring_sparse20": 109.0, "coordination_ring_potter0_20": 0.0, "large_room_sparse20": 0.0, "large_room_potter0_20": 0.4}
[pair_H] {"steps": 3121152, "elapsed_s": 2813.6, "coordination_ring_sparse20": 111.0, "coordination_ring_potter0_20": 0.0, "large_room_sparse20": 0.0, "large_room_potter0_20": 0.4}
[pair_H] {"steps": 3123200, "elapsed_s": 2815.6, "coordination_ring_sparse20": 109.0, "coordination_ring_potter0_20": 0.0, "large_room_sparse20": 0.0, "large_room_potter0_20": 0.4}
[pair_H] {"steps": 3125248, "elapsed_s": 2817.6, "coordination_ring_sparse20": 109.0, "coordination_ring_potter0_20": 0.0, "large_room_sparse20": 0.0, "large_room_potter0_20": 0.4}
[pair_H] {"steps": 3127296, "elapsed_s": 2819.9, "coordination_ring_sparse20": 111.0, "coordination_ring_potter0_20": 0.0, "large_room_sparse20": 0.0, "large_room_potter0_20": 0.4}
[pair_H] {"steps": 3129344, "elapsed_s": 2822.7, "coordination_ring_sparse20": 113.0, "coordination_ring_potter0_20": 0.0, "large_room_sparse20": 0.0, "large_room_potter0_20": 0.4}
[pair_H] {"steps": 3131392, "elapsed_s": 2824.9, "coordination_ring_sparse20": 113.0, "coordination_ring_potter0_20": 0.0, "large_room_sparse20": 0.0, "large_room_potter0_20": 0.4}
[pair_H] {"steps": 3133440, "elapsed_s": 2826.9, "coordination_ring_sparse20": 112.0, "coordination_ring_potter0_20": 0.05, "large_room_sparse20": 0.0, "large_room_potter0_20": 0.4}
[pair_H] {"steps": 3135488, "elapsed_s": 2828.8, "coordination_ring_sparse20": 114.0, "coordination_ring_potter0_20": 0.05, "large_room_sparse20": 0.0, "large_room_potter0_20": 0.4}
[pair_H] {"steps": 3137536, "elapsed_s": 2830.8, "coordination_ring_sparse20": 114.0, "coordination_ring_potter0_20": 0.05, "large_room_sparse20": 0.0, "large_room_potter0_20": 0.35}
[pair_H] {"steps": 3139584, "elapsed_s": 2832.7, "coordination_ring_sparse20": 116.0, "coordination_ring_potter0_20": 0.05, "large_room_sparse20": 0.0, "large_room_potter0_20": 0.35}
[pair_H] {"steps": 3141632, "elapsed_s": 2835.1, "coordination_ring_sparse20": 116.0, "coordination_ring_potter0_20": 0.05, "large_room_sparse20": 0.0, "large_room_potter0_20": 0.4}
[pair_H] {"steps": 3143680, "elapsed_s": 2837.2, "coordination_ring_sparse20": 116.0, "coordination_ring_potter0_20": 0.05, "large_room_sparse20": 0.0, "large_room_potter0_20": 0.4}
[pair_H] {"steps": 3145728, "elapsed_s": 2839.6, "coordination_ring_sparse20": 119.0, "coordination_ring_potter0_20": 0.05, "large_room_sparse20": 0.0, "large_room_potter0_20": 0.4}
[pair_H] {"steps": 3147776, "elapsed_s": 2841.7, "coordination_ring_sparse20": 115.0, "coordination_ring_potter0_20": 0.0, "large_room_sparse20": 0.0, "large_room_potter0_20": 0.4}
[pair_H] {"steps": 3149824, "elapsed_s": 2844.1, "coordination_ring_sparse20": 116.0, "coordination_ring_potter0_20": 0.0, "large_room_sparse20": 0.0, "large_room_potter0_20": 0.4}
[pair_H] {"steps": 3151872, "elapsed_s": 2846.4, "coordination_ring_sparse20": 111.0, "coordination_ring_potter0_20": 0.0, "large_room_sparse20": 0.0, "large_room_potter0_20": 0.4}
[pair_H] {"steps": 3153920, "elapsed_s": 2848.9, "coordination_ring_sparse20": 110.0, "coordination_ring_potter0_20": 0.0, "large_room_sparse20": 0.0, "large_room_potter0_20": 0.4}
[pair_H] {"steps": 3155968, "elapsed_s": 2851.3, "coordination_ring_sparse20": 101.0, "coordination_ring_potter0_20": 0.0, "large_room_sparse20": 0.0, "large_room_potter0_20": 0.35}
[pair_H] {"steps": 3158016, "elapsed_s": 2853.4, "coordination_ring_sparse20": 98.0, "coordination_ring_potter0_20": 0.0, "large_room_sparse20": 0.0, "large_room_potter0_20": 0.4}
[pair_H] {"steps": 3160064, "elapsed_s": 2855.8, "coordination_ring_sparse20": 98.0, "coordination_ring_potter0_20": 0.0, "large_room_sparse20": 0.0, "large_room_potter0_20": 0.4}
[pair_H] {"steps": 3162112, "elapsed_s": 2858.2, "coordination_ring_sparse20": 103.0, "coordination_ring_potter0_20": 0.0, "large_room_sparse20": 0.0, "large_room_potter0_20": 0.4}
[pair_H] {"steps": 3164160, "elapsed_s": 2860.7, "coordination_ring_sparse20": 104.0, "coordination_ring_potter0_20": 0.0, "large_room_sparse20": 0.0, "large_room_potter0_20": 0.4}
[pair_H] {"steps": 3166208, "elapsed_s": 2863.7, "coordination_ring_sparse20": 107.0, "coordination_ring_potter0_20": 0.0, "large_room_sparse20": 0.0, "large_room_potter0_20": 0.45}
[pair_H] {"steps": 3168256, "elapsed_s": 2866.9, "coordination_ring_sparse20": 108.0, "coordination_ring_potter0_20": 0.0, "large_room_sparse20": 0.0, "large_room_potter0_20": 0.45}
[pair_H] {"steps": 3170304, "elapsed_s": 2869.3, "coordination_ring_sparse20": 111.0, "coordination_ring_potter0_20": 0.0, "large_room_sparse20": 0.0, "large_room_potter0_20": 0.45}
[pair_H] {"steps": 3172352, "elapsed_s": 2871.8, "coordination_ring_sparse20": 111.0, "coordination_ring_potter0_20": 0.0, "large_room_sparse20": 0.0, "large_room_potter0_20": 0.45}
[pair_H] {"steps": 3174400, "elapsed_s": 2874.1, "coordination_ring_sparse20": 113.0, "coordination_ring_potter0_20": 0.0, "large_room_sparse20": 0.0, "large_room_potter0_20": 0.45}
[pair_H] {"steps": 3176448, "elapsed_s": 2876.1, "coordination_ring_sparse20": 108.0, "coordination_ring_potter0_20": 0.0, "large_room_sparse20": 0.0, "large_room_potter0_20": 0.45}
[pair_H] {"steps": 3178496, "elapsed_s": 2878.5, "coordination_ring_sparse20": 109.0, "coordination_ring_potter0_20": 0.0, "large_room_sparse20": 0.0, "large_room_potter0_20": 0.45}
[pair_H] {"steps": 3180544, "elapsed_s": 2881.1, "coordination_ring_sparse20": 109.0, "coordination_ring_potter0_20": 0.0, "large_room_sparse20": 0.0, "large_room_potter0_20": 0.4}
[pair_H] {"steps": 3182592, "elapsed_s": 2884.0, "coordination_ring_sparse20": 108.0, "coordination_ring_potter0_20": 0.0, "large_room_sparse20": 0.0, "large_room_potter0_20": 0.4}
[pair_H] {"steps": 3184640, "elapsed_s": 2887.1, "coordination_ring_sparse20": 109.0, "coordination_ring_potter0_20": 0.0, "large_room_sparse20": 0.0, "large_room_potter0_20": 0.4}
[pair_H] {"steps": 3186688, "elapsed_s": 2889.4, "coordination_ring_sparse20": 106.0, "coordination_ring_potter0_20": 0.0, "large_room_sparse20": 0.0, "large_room_potter0_20": 0.35}
[pair_H] {"steps": 3188736, "elapsed_s": 2891.4, "coordination_ring_sparse20": 109.0, "coordination_ring_potter0_20": 0.0, "large_room_sparse20": 0.0, "large_room_potter0_20": 0.35}
[pair_H] {"steps": 3190784, "elapsed_s": 2893.7, "coordination_ring_sparse20": 106.0, "coordination_ring_potter0_20": 0.0, "large_room_sparse20": 0.0, "large_room_potter0_20": 0.35}
[pair_H] {"steps": 3192832, "elapsed_s": 2896.3, "coordination_ring_sparse20": 107.0, "coordination_ring_potter0_20": 0.0, "large_room_sparse20": 0.0, "large_room_potter0_20": 0.35}
[pair_H] {"steps": 3194880, "elapsed_s": 2899.0, "coordination_ring_sparse20": 107.0, "coordination_ring_potter0_20": 0.0, "large_room_sparse20": 0.0, "large_room_potter0_20": 0.35}
[pair_H] {"steps": 3196928, "elapsed_s": 2901.7, "coordination_ring_sparse20": 106.0, "coordination_ring_potter0_20": 0.0, "large_room_sparse20": 0.0, "large_room_potter0_20": 0.35}
[pair_H] {"steps": 3198976, "elapsed_s": 2904.3, "coordination_ring_sparse20": 110.0, "coordination_ring_potter0_20": 0.0, "large_room_sparse20": 0.0, "large_room_potter0_20": 0.35}
[pair_H] {"steps": 3201024, "elapsed_s": 2906.7, "coordination_ring_sparse20": 112.0, "coordination_ring_potter0_20": 0.0, "large_room_sparse20": 0.0, "large_room_potter0_20": 0.35}
[pair_H] {"steps": 3203072, "elapsed_s": 2909.8, "coordination_ring_sparse20": 116.0, "coordination_ring_potter0_20": 0.0, "large_room_sparse20": 0.0, "large_room_potter0_20": 0.35}
[pair_H] {"steps": 3205120, "elapsed_s": 2912.5, "coordination_ring_sparse20": 119.0, "coordination_ring_potter0_20": 0.0, "large_room_sparse20": 0.0, "large_room_potter0_20": 0.35}
[pair_H] {"steps": 3207168, "elapsed_s": 2914.8, "coordination_ring_sparse20": 122.0, "coordination_ring_potter0_20": 0.0, "large_room_sparse20": 0.0, "large_room_potter0_20": 0.35}
[pair_H] {"steps": 3209216, "elapsed_s": 2917.2, "coordination_ring_sparse20": 118.0, "coordination_ring_potter0_20": 0.0, "large_room_sparse20": 0.0, "large_room_potter0_20": 0.35}
[pair_H] {"steps": 3211264, "elapsed_s": 2919.5, "coordination_ring_sparse20": 112.0, "coordination_ring_potter0_20": 0.0, "large_room_sparse20": 0.0, "large_room_potter0_20": 0.35}
[pair_H] {"steps": 3213312, "elapsed_s": 2922.4, "coordination_ring_sparse20": 111.0, "coordination_ring_potter0_20": 0.0, "large_room_sparse20": 0.0, "large_room_potter0_20": 0.35}
[pair_H] {"steps": 3215360, "elapsed_s": 2925.3, "coordination_ring_sparse20": 111.0, "coordination_ring_potter0_20": 0.0, "large_room_sparse20": 0.0, "large_room_potter0_20": 0.4}
[pair_H] {"steps": 3217408, "elapsed_s": 2928.2, "coordination_ring_sparse20": 105.0, "coordination_ring_potter0_20": 0.0, "large_room_sparse20": 0.0, "large_room_potter0_20": 0.4}
[pair_H] {"steps": 3219456, "elapsed_s": 2930.2, "coordination_ring_sparse20": 104.0, "coordination_ring_potter0_20": 0.0, "large_room_sparse20": 0.0, "large_room_potter0_20": 0.45}
[pair_H] {"steps": 3221504, "elapsed_s": 2932.6, "coordination_ring_sparse20": 97.0, "coordination_ring_potter0_20": 0.0, "large_room_sparse20": 0.0, "large_room_potter0_20": 0.45}
[pair_H] {"steps": 3223552, "elapsed_s": 2934.9, "coordination_ring_sparse20": 99.0, "coordination_ring_potter0_20": 0.0, "large_room_sparse20": 0.0, "large_room_potter0_20": 0.45}
[pair_H] {"steps": 3225600, "elapsed_s": 2937.0, "coordination_ring_sparse20": 104.0, "coordination_ring_potter0_20": 0.0, "large_room_sparse20": 0.0, "large_room_potter0_20": 0.45}
[pair_H] {"steps": 3227648, "elapsed_s": 2939.3, "coordination_ring_sparse20": 109.0, "coordination_ring_potter0_20": 0.0, "large_room_sparse20": 0.0, "large_room_potter0_20": 0.4}
[pair_H] {"steps": 3229696, "elapsed_s": 2941.6, "coordination_ring_sparse20": 114.0, "coordination_ring_potter0_20": 0.0, "large_room_sparse20": 0.0, "large_room_potter0_20": 0.4}
[pair_H] {"steps": 3231744, "elapsed_s": 2944.1, "coordination_ring_sparse20": 114.0, "coordination_ring_potter0_20": 0.0, "large_room_sparse20": 0.0, "large_room_potter0_20": 0.4}
[pair_H] {"steps": 3233792, "elapsed_s": 2946.3, "coordination_ring_sparse20": 119.0, "coordination_ring_potter0_20": 0.0, "large_room_sparse20": 0.0, "large_room_potter0_20": 0.4}
[pair_H] {"steps": 3235840, "elapsed_s": 2948.0, "coordination_ring_sparse20": 121.0, "coordination_ring_potter0_20": 0.0, "large_room_sparse20": 0.0, "large_room_potter0_20": 0.45}
[pair_H] {"steps": 3237888, "elapsed_s": 2949.7, "coordination_ring_sparse20": 120.0, "coordination_ring_potter0_20": 0.0, "large_room_sparse20": 0.0, "large_room_potter0_20": 0.4}
[pair_H] {"steps": 3239936, "elapsed_s": 2951.2, "coordination_ring_sparse20": 123.0, "coordination_ring_potter0_20": 0.0, "large_room_sparse20": 0.0, "large_room_potter0_20": 0.4}
[pair_H] {"steps": 3241984, "elapsed_s": 2952.7, "coordination_ring_sparse20": 120.0, "coordination_ring_potter0_20": 0.0, "large_room_sparse20": 0.0, "large_room_potter0_20": 0.4}
[pair_H] {"steps": 3244032, "elapsed_s": 2954.6, "coordination_ring_sparse20": 114.0, "coordination_ring_potter0_20": 0.0, "large_room_sparse20": 0.0, "large_room_potter0_20": 0.4}
[pair_H] {"steps": 3246080, "elapsed_s": 2956.5, "coordination_ring_sparse20": 112.0, "coordination_ring_potter0_20": 0.0, "large_room_sparse20": 0.0, "large_room_potter0_20": 0.4}
[pair_H] {"steps": 3248128, "elapsed_s": 2958.4, "coordination_ring_sparse20": 113.0, "coordination_ring_potter0_20": 0.0, "large_room_sparse20": 0.0, "large_room_potter0_20": 0.4}
[pair_H] {"steps": 3250176, "elapsed_s": 2960.7, "coordination_ring_sparse20": 114.0, "coordination_ring_potter0_20": 0.0, "large_room_sparse20": 0.0, "large_room_potter0_20": 0.45}
[pair_H] {"steps": 3252224, "elapsed_s": 2962.5, "coordination_ring_sparse20": 113.0, "coordination_ring_potter0_20": 0.0, "large_room_sparse20": 0.0, "large_room_potter0_20": 0.45}
[pair_H] {"steps": 3254272, "elapsed_s": 2964.5, "coordination_ring_sparse20": 113.0, "coordination_ring_potter0_20": 0.0, "large_room_sparse20": 0.0, "large_room_potter0_20": 0.45}
[pair_H] {"steps": 3256320, "elapsed_s": 2966.6, "coordination_ring_sparse20": 111.0, "coordination_ring_potter0_20": 0.0, "large_room_sparse20": 0.0, "large_room_potter0_20": 0.45}
[pair_H] {"steps": 3258368, "elapsed_s": 2968.7, "coordination_ring_sparse20": 112.0, "coordination_ring_potter0_20": 0.0, "large_room_sparse20": 0.0, "large_room_potter0_20": 0.45}
[pair_H] {"steps": 3260416, "elapsed_s": 2970.8, "coordination_ring_sparse20": 116.0, "coordination_ring_potter0_20": 0.05, "large_room_sparse20": 0.0, "large_room_potter0_20": 0.45}
[pair_H] {"steps": 3262464, "elapsed_s": 2972.7, "coordination_ring_sparse20": 120.0, "coordination_ring_potter0_20": 0.05, "large_room_sparse20": 0.0, "large_room_potter0_20": 0.45}
[pair_H] {"steps": 3264512, "elapsed_s": 2975.2, "coordination_ring_sparse20": 115.0, "coordination_ring_potter0_20": 0.05, "large_room_sparse20": 0.0, "large_room_potter0_20": 0.45}
[pair_H] {"steps": 3266560, "elapsed_s": 2977.3, "coordination_ring_sparse20": 111.0, "coordination_ring_potter0_20": 0.05, "large_room_sparse20": 0.0, "large_room_potter0_20": 0.45}
[pair_H] {"steps": 3268608, "elapsed_s": 2979.9, "coordination_ring_sparse20": 110.0, "coordination_ring_potter0_20": 0.05, "large_room_sparse20": 0.0, "large_room_potter0_20": 0.45}
[pair_H] {"steps": 3270656, "elapsed_s": 2982.3, "coordination_ring_sparse20": 115.0, "coordination_ring_potter0_20": 0.1, "large_room_sparse20": 0.0, "large_room_potter0_20": 0.45}
[pair_H] {"steps": 3272704, "elapsed_s": 2984.6, "coordination_ring_sparse20": 115.0, "coordination_ring_potter0_20": 0.1, "large_room_sparse20": 0.0, "large_room_potter0_20": 0.45}
[pair_H] {"steps": 3274752, "elapsed_s": 2987.3, "coordination_ring_sparse20": 115.0, "coordination_ring_potter0_20": 0.1, "large_room_sparse20": 0.0, "large_room_potter0_20": 0.5}
[pair_H] {"steps": 3276800, "elapsed_s": 2989.4, "coordination_ring_sparse20": 124.0, "coordination_ring_potter0_20": 0.1, "large_room_sparse20": 0.0, "large_room_potter0_20": 0.5}
[pair_H] {"steps": 3278848, "elapsed_s": 2991.9, "coordination_ring_sparse20": 124.0, "coordination_ring_potter0_20": 0.1, "large_room_sparse20": 0.0, "large_room_potter0_20": 0.5}
[pair_H] {"steps": 3280896, "elapsed_s": 2994.3, "coordination_ring_sparse20": 126.0, "coordination_ring_potter0_20": 0.1, "large_room_sparse20": 0.0, "large_room_potter0_20": 0.5}
[pair_H] {"steps": 3282944, "elapsed_s": 2997.1, "coordination_ring_sparse20": 123.0, "coordination_ring_potter0_20": 0.1, "large_room_sparse20": 0.0, "large_room_potter0_20": 0.4}
[pair_H] {"steps": 3284992, "elapsed_s": 2999.6, "coordination_ring_sparse20": 117.0, "coordination_ring_potter0_20": 0.05, "large_room_sparse20": 0.0, "large_room_potter0_20": 0.4}
[pair_H] {"steps": 3287040, "elapsed_s": 3002.3, "coordination_ring_sparse20": 118.0, "coordination_ring_potter0_20": 0.05, "large_room_sparse20": 0.0, "large_room_potter0_20": 0.4}
[pair_H] {"steps": 3289088, "elapsed_s": 3004.7, "coordination_ring_sparse20": 110.0, "coordination_ring_potter0_20": 0.0, "large_room_sparse20": 0.0, "large_room_potter0_20": 0.4}
[pair_H] {"steps": 3291136, "elapsed_s": 3007.6, "coordination_ring_sparse20": 109.0, "coordination_ring_potter0_20": 0.0, "large_room_sparse20": 0.0, "large_room_potter0_20": 0.4}
[pair_H] {"steps": 3293184, "elapsed_s": 3010.0, "coordination_ring_sparse20": 105.0, "coordination_ring_potter0_20": 0.0, "large_room_sparse20": 0.0, "large_room_potter0_20": 0.4}
[pair_H] {"steps": 3295232, "elapsed_s": 3013.1, "coordination_ring_sparse20": 102.0, "coordination_ring_potter0_20": 0.0, "large_room_sparse20": 0.0, "large_room_potter0_20": 0.4}
[pair_H] {"steps": 3297280, "elapsed_s": 3015.6, "coordination_ring_sparse20": 106.0, "coordination_ring_potter0_20": 0.0, "large_room_sparse20": 0.0, "large_room_potter0_20": 0.4}
[pair_H] {"steps": 3299328, "elapsed_s": 3018.5, "coordination_ring_sparse20": 105.0, "coordination_ring_potter0_20": 0.0, "large_room_sparse20": 0.0, "large_room_potter0_20": 0.35}
[pair_H] {"steps": 3301376, "elapsed_s": 3021.3, "coordination_ring_sparse20": 104.0, "coordination_ring_potter0_20": 0.0, "large_room_sparse20": 0.0, "large_room_potter0_20": 0.35}
[pair_H] {"steps": 3303424, "elapsed_s": 3024.3, "coordination_ring_sparse20": 105.0, "coordination_ring_potter0_20": 0.05, "large_room_sparse20": 0.0, "large_room_potter0_20": 0.3}
[pair_H] {"steps": 3305472, "elapsed_s": 3027.1, "coordination_ring_sparse20": 108.0, "coordination_ring_potter0_20": 0.05, "large_room_sparse20": 0.0, "large_room_potter0_20": 0.35}
[pair_H] {"steps": 3307520, "elapsed_s": 3029.8, "coordination_ring_sparse20": 108.0, "coordination_ring_potter0_20": 0.05, "large_room_sparse20": 0.0, "large_room_potter0_20": 0.35}
[pair_H] {"steps": 3309568, "elapsed_s": 3032.7, "coordination_ring_sparse20": 106.0, "coordination_ring_potter0_20": 0.05, "large_room_sparse20": 0.0, "large_room_potter0_20": 0.35}
[pair_H] {"steps": 3311616, "elapsed_s": 3035.3, "coordination_ring_sparse20": 112.0, "coordination_ring_potter0_20": 0.05, "large_room_sparse20": 0.0, "large_room_potter0_20": 0.35}
[pair_H] {"steps": 3313664, "elapsed_s": 3039.0, "coordination_ring_sparse20": 109.0, "coordination_ring_potter0_20": 0.0, "large_room_sparse20": 0.0, "large_room_potter0_20": 0.35}
[pair_H] {"steps": 3315712, "elapsed_s": 3041.9, "coordination_ring_sparse20": 110.0, "coordination_ring_potter0_20": 0.0, "large_room_sparse20": 0.0, "large_room_potter0_20": 0.35}
[pair_H] {"steps": 3317760, "elapsed_s": 3045.4, "coordination_ring_sparse20": 112.0, "coordination_ring_potter0_20": 0.0, "large_room_sparse20": 0.0, "large_room_potter0_20": 0.35}
[pair_H] {"steps": 3319808, "elapsed_s": 3048.7, "coordination_ring_sparse20": 116.0, "coordination_ring_potter0_20": 0.05, "large_room_sparse20": 0.0, "large_room_potter0_20": 0.35}
[pair_H] {"steps": 3321856, "elapsed_s": 3051.6, "coordination_ring_sparse20": 120.0, "coordination_ring_potter0_20": 0.05, "large_room_sparse20": 0.0, "large_room_potter0_20": 0.35}
[pair_H] {"steps": 3323904, "elapsed_s": 3054.5, "coordination_ring_sparse20": 120.0, "coordination_ring_potter0_20": 0.05, "large_room_sparse20": 0.0, "large_room_potter0_20": 0.35}
[pair_H] {"steps": 3325952, "elapsed_s": 3058.4, "coordination_ring_sparse20": 120.0, "coordination_ring_potter0_20": 0.05, "large_room_sparse20": 0.0, "large_room_potter0_20": 0.3}
[pair_H] {"steps": 3328000, "elapsed_s": 3061.7, "coordination_ring_sparse20": 119.0, "coordination_ring_potter0_20": 0.05, "large_room_sparse20": 0.0, "large_room_potter0_20": 0.3}
[pair_H] {"steps": 3330048, "elapsed_s": 3064.7, "coordination_ring_sparse20": 118.0, "coordination_ring_potter0_20": 0.05, "large_room_sparse20": 0.0, "large_room_potter0_20": 0.3}
[pair_H] {"steps": 3332096, "elapsed_s": 3067.9, "coordination_ring_sparse20": 124.0, "coordination_ring_potter0_20": 0.05, "large_room_sparse20": 0.0, "large_room_potter0_20": 0.3}
[pair_H] {"steps": 3334144, "elapsed_s": 3070.7, "coordination_ring_sparse20": 118.0, "coordination_ring_potter0_20": 0.05, "large_room_sparse20": 0.0, "large_room_potter0_20": 0.3}
[pair_H] {"steps": 3336192, "elapsed_s": 3073.8, "coordination_ring_sparse20": 114.0, "coordination_ring_potter0_20": 0.0, "large_room_sparse20": 0.0, "large_room_potter0_20": 0.35}
[pair_H] {"steps": 3338240, "elapsed_s": 3076.8, "coordination_ring_sparse20": 111.0, "coordination_ring_potter0_20": 0.0, "large_room_sparse20": 0.0, "large_room_potter0_20": 0.35}
[pair_H] {"steps": 3340288, "elapsed_s": 3079.4, "coordination_ring_sparse20": 112.0, "coordination_ring_potter0_20": 0.0, "large_room_sparse20": 0.0, "large_room_potter0_20": 0.35}
[pair_H] {"steps": 3342336, "elapsed_s": 3081.8, "coordination_ring_sparse20": 107.0, "coordination_ring_potter0_20": 0.0, "large_room_sparse20": 0.0, "large_room_potter0_20": 0.35}
[pair_H] {"steps": 3344384, "elapsed_s": 3084.5, "coordination_ring_sparse20": 108.0, "coordination_ring_potter0_20": 0.0, "large_room_sparse20": 0.0, "large_room_potter0_20": 0.4}
[pair_H] {"steps": 3346432, "elapsed_s": 3087.8, "coordination_ring_sparse20": 105.0, "coordination_ring_potter0_20": 0.0, "large_room_sparse20": 0.0, "large_room_potter0_20": 0.4}
[pair_H] {"steps": 3348480, "elapsed_s": 3091.6, "coordination_ring_sparse20": 105.0, "coordination_ring_potter0_20": 0.0, "large_room_sparse20": 0.0, "large_room_potter0_20": 0.4}
[pair_H] {"steps": 3350528, "elapsed_s": 3094.9, "coordination_ring_sparse20": 105.0, "coordination_ring_potter0_20": 0.0, "large_room_sparse20": 0.0, "large_room_potter0_20": 0.45}
[pair_H] {"steps": 3352576, "elapsed_s": 3098.1, "coordination_ring_sparse20": 108.0, "coordination_ring_potter0_20": 0.0, "large_room_sparse20": 0.0, "large_room_potter0_20": 0.5}
[pair_H] {"steps": 3354624, "elapsed_s": 3101.0, "coordination_ring_sparse20": 114.0, "coordination_ring_potter0_20": 0.0, "large_room_sparse20": 0.0, "large_room_potter0_20": 0.55}
[pair_H] {"steps": 3356672, "elapsed_s": 3104.2, "coordination_ring_sparse20": 116.0, "coordination_ring_potter0_20": 0.0, "large_room_sparse20": 0.0, "large_room_potter0_20": 0.55}
[pair_H] {"steps": 3358720, "elapsed_s": 3107.1, "coordination_ring_sparse20": 122.0, "coordination_ring_potter0_20": 0.0, "large_room_sparse20": 0.0, "large_room_potter0_20": 0.55}
[pair_H] {"steps": 3360768, "elapsed_s": 3110.2, "coordination_ring_sparse20": 122.0, "coordination_ring_potter0_20": 0.0, "large_room_sparse20": 0.0, "large_room_potter0_20": 0.5}
[pair_H] {"steps": 3362816, "elapsed_s": 3113.1, "coordination_ring_sparse20": 125.0, "coordination_ring_potter0_20": 0.0, "large_room_sparse20": 0.0, "large_room_potter0_20": 0.5}
[pair_H] {"steps": 3364864, "elapsed_s": 3116.2, "coordination_ring_sparse20": 125.0, "coordination_ring_potter0_20": 0.0, "large_room_sparse20": 0.0, "large_room_potter0_20": 0.5}
[pair_H] {"steps": 3366912, "elapsed_s": 3119.6, "coordination_ring_sparse20": 126.0, "coordination_ring_potter0_20": 0.0, "large_room_sparse20": 0.0, "large_room_potter0_20": 0.5}
[pair_H] {"steps": 3368960, "elapsed_s": 3122.6, "coordination_ring_sparse20": 126.0, "coordination_ring_potter0_20": 0.0, "large_room_sparse20": 0.0, "large_room_potter0_20": 0.5}
[pair_H] {"steps": 3371008, "elapsed_s": 3125.7, "coordination_ring_sparse20": 125.0, "coordination_ring_potter0_20": 0.0, "large_room_sparse20": 0.0, "large_room_potter0_20": 0.5}
[pair_H] {"steps": 3373056, "elapsed_s": 3128.7, "coordination_ring_sparse20": 120.0, "coordination_ring_potter0_20": 0.0, "large_room_sparse20": 0.0, "large_room_potter0_20": 0.55}
[pair_H] {"steps": 3375104, "elapsed_s": 3131.9, "coordination_ring_sparse20": 113.0, "coordination_ring_potter0_20": 0.0, "large_room_sparse20": 0.0, "large_room_potter0_20": 0.55}
[pair_H] {"steps": 3377152, "elapsed_s": 3134.6, "coordination_ring_sparse20": 111.0, "coordination_ring_potter0_20": 0.05, "large_room_sparse20": 0.0, "large_room_potter0_20": 0.55}
[pair_H] {"steps": 3379200, "elapsed_s": 3137.7, "coordination_ring_sparse20": 108.0, "coordination_ring_potter0_20": 0.05, "large_room_sparse20": 0.0, "large_room_potter0_20": 0.5}
[pair_H] {"steps": 3381248, "elapsed_s": 3141.8, "coordination_ring_sparse20": 104.0, "coordination_ring_potter0_20": 0.05, "large_room_sparse20": 0.0, "large_room_potter0_20": 0.5}
[pair_H] {"steps": 3383296, "elapsed_s": 3144.9, "coordination_ring_sparse20": 103.0, "coordination_ring_potter0_20": 0.05, "large_room_sparse20": 0.0, "large_room_potter0_20": 0.5}
[pair_H] {"steps": 3385344, "elapsed_s": 3147.7, "coordination_ring_sparse20": 107.0, "coordination_ring_potter0_20": 0.1, "large_room_sparse20": 0.0, "large_room_potter0_20": 0.5}
[pair_H] {"steps": 3387392, "elapsed_s": 3150.7, "coordination_ring_sparse20": 111.0, "coordination_ring_potter0_20": 0.1, "large_room_sparse20": 0.0, "large_room_potter0_20": 0.5}
[pair_H] {"steps": 3389440, "elapsed_s": 3153.8, "coordination_ring_sparse20": 109.0, "coordination_ring_potter0_20": 0.1, "large_room_sparse20": 0.0, "large_room_potter0_20": 0.5}
[pair_H] {"steps": 3391488, "elapsed_s": 3157.2, "coordination_ring_sparse20": 108.0, "coordination_ring_potter0_20": 0.1, "large_room_sparse20": 0.0, "large_room_potter0_20": 0.45}
[pair_H] {"steps": 3393536, "elapsed_s": 3160.3, "coordination_ring_sparse20": 112.0, "coordination_ring_potter0_20": 0.1, "large_room_sparse20": 0.0, "large_room_potter0_20": 0.45}
[pair_H] {"steps": 3395584, "elapsed_s": 3163.5, "coordination_ring_sparse20": 111.0, "coordination_ring_potter0_20": 0.1, "large_room_sparse20": 0.0, "large_room_potter0_20": 0.45}
[pair_H] {"steps": 3397632, "elapsed_s": 3166.4, "coordination_ring_sparse20": 110.0, "coordination_ring_potter0_20": 0.15, "large_room_sparse20": 0.0, "large_room_potter0_20": 0.45}
[pair_H] {"steps": 3399680, "elapsed_s": 3169.7, "coordination_ring_sparse20": 111.0, "coordination_ring_potter0_20": 0.1, "large_room_sparse20": 0.0, "large_room_potter0_20": 0.45}
[pair_H] {"steps": 3401728, "elapsed_s": 3172.9, "coordination_ring_sparse20": 114.0, "coordination_ring_potter0_20": 0.1, "large_room_sparse20": 0.0, "large_room_potter0_20": 0.45}
[pair_H] {"steps": 3403776, "elapsed_s": 3175.6, "coordination_ring_sparse20": 117.0, "coordination_ring_potter0_20": 0.05, "large_room_sparse20": 0.0, "large_room_potter0_20": 0.45}
[pair_H] {"steps": 3405824, "elapsed_s": 3178.5, "coordination_ring_sparse20": 122.0, "coordination_ring_potter0_20": 0.1, "large_room_sparse20": 0.0, "large_room_potter0_20": 0.45}
[pair_H] {"steps": 3407872, "elapsed_s": 3181.8, "coordination_ring_sparse20": 122.0, "coordination_ring_potter0_20": 0.1, "large_room_sparse20": 0.0, "large_room_potter0_20": 0.5}
[pair_H] {"steps": 3409920, "elapsed_s": 3184.9, "coordination_ring_sparse20": 125.0, "coordination_ring_potter0_20": 0.05, "large_room_sparse20": 0.0, "large_room_potter0_20": 0.5}
[pair_H] {"steps": 3411968, "elapsed_s": 3187.4, "coordination_ring_sparse20": 125.0, "coordination_ring_potter0_20": 0.05, "large_room_sparse20": 0.0, "large_room_potter0_20": 0.5}
[pair_H] {"steps": 3414016, "elapsed_s": 3190.5, "coordination_ring_sparse20": 122.0, "coordination_ring_potter0_20": 0.05, "large_room_sparse20": 0.0, "large_room_potter0_20": 0.5}
[pair_H] {"steps": 3416064, "elapsed_s": 3193.4, "coordination_ring_sparse20": 123.0, "coordination_ring_potter0_20": 0.05, "large_room_sparse20": 0.0, "large_room_potter0_20": 0.45}
[pair_H] {"steps": 3418112, "elapsed_s": 3196.4, "coordination_ring_sparse20": 123.0, "coordination_ring_potter0_20": 0.05, "large_room_sparse20": 0.0, "large_room_potter0_20": 0.45}
[pair_H] {"steps": 3420160, "elapsed_s": 3199.4, "coordination_ring_sparse20": 122.0, "coordination_ring_potter0_20": 0.0, "large_room_sparse20": 0.0, "large_room_potter0_20": 0.45}
[pair_H] {"steps": 3422208, "elapsed_s": 3202.3, "coordination_ring_sparse20": 121.0, "coordination_ring_potter0_20": 0.0, "large_room_sparse20": 0.0, "large_room_potter0_20": 0.45}
[pair_H] {"steps": 3424256, "elapsed_s": 3205.2, "coordination_ring_sparse20": 122.0, "coordination_ring_potter0_20": 0.0, "large_room_sparse20": 0.0, "large_room_potter0_20": 0.5}
[pair_H] {"steps": 3426304, "elapsed_s": 3208.1, "coordination_ring_sparse20": 125.0, "coordination_ring_potter0_20": 0.0, "large_room_sparse20": 0.0, "large_room_potter0_20": 0.5}
[pair_H] {"steps": 3428352, "elapsed_s": 3210.6, "coordination_ring_sparse20": 121.0, "coordination_ring_potter0_20": 0.0, "large_room_sparse20": 0.0, "large_room_potter0_20": 0.5}
[pair_H] {"steps": 3430400, "elapsed_s": 3213.8, "coordination_ring_sparse20": 122.0, "coordination_ring_potter0_20": 0.0, "large_room_sparse20": 0.0, "large_room_potter0_20": 0.5}
[pair_H] {"steps": 3432448, "elapsed_s": 3217.1, "coordination_ring_sparse20": 117.0, "coordination_ring_potter0_20": 0.05, "large_room_sparse20": 0.0, "large_room_potter0_20": 0.5}
[pair_H] {"steps": 3434496, "elapsed_s": 3220.3, "coordination_ring_sparse20": 109.0, "coordination_ring_potter0_20": 0.1, "large_room_sparse20": 0.0, "large_room_potter0_20": 0.5}
[pair_H] {"steps": 3436544, "elapsed_s": 3224.0, "coordination_ring_sparse20": 103.0, "coordination_ring_potter0_20": 0.1, "large_room_sparse20": 0.0, "large_room_potter0_20": 0.5}
[pair_H] {"steps": 3438592, "elapsed_s": 3227.0, "coordination_ring_sparse20": 101.0, "coordination_ring_potter0_20": 0.1, "large_room_sparse20": 0.0, "large_room_potter0_20": 0.5}
[pair_H] {"steps": 3440640, "elapsed_s": 3230.5, "coordination_ring_sparse20": 97.0, "coordination_ring_potter0_20": 0.1, "large_room_sparse20": 0.0, "large_room_potter0_20": 0.45}
[pair_H] {"steps": 3442688, "elapsed_s": 3233.2, "coordination_ring_sparse20": 93.0, "coordination_ring_potter0_20": 0.1, "large_room_sparse20": 0.0, "large_room_potter0_20": 0.45}
[pair_H] {"steps": 3444736, "elapsed_s": 3235.8, "coordination_ring_sparse20": 91.0, "coordination_ring_potter0_20": 0.1, "large_room_sparse20": 0.0, "large_room_potter0_20": 0.4}
[pair_H] {"steps": 3446784, "elapsed_s": 3238.6, "coordination_ring_sparse20": 86.0, "coordination_ring_potter0_20": 0.1, "large_room_sparse20": 0.0, "large_room_potter0_20": 0.4}
[pair_H] {"steps": 3448832, "elapsed_s": 3240.5, "coordination_ring_sparse20": 86.0, "coordination_ring_potter0_20": 0.1, "large_room_sparse20": 0.0, "large_room_potter0_20": 0.5}
[pair_H] {"steps": 3450880, "elapsed_s": 3242.0, "coordination_ring_sparse20": 95.0, "coordination_ring_potter0_20": 0.1, "large_room_sparse20": 0.0, "large_room_potter0_20": 0.5}
[pair_H] {"steps": 3452928, "elapsed_s": 3243.8, "coordination_ring_sparse20": 100.0, "coordination_ring_potter0_20": 0.15, "large_room_sparse20": 0.0, "large_room_potter0_20": 0.5}
[pair_H] {"steps": 3454976, "elapsed_s": 3245.4, "coordination_ring_sparse20": 107.0, "coordination_ring_potter0_20": 0.15, "large_room_sparse20": 0.0, "large_room_potter0_20": 0.5}
[pair_H] {"steps": 3457024, "elapsed_s": 3247.4, "coordination_ring_sparse20": 107.0, "coordination_ring_potter0_20": 0.15, "large_room_sparse20": 0.0, "large_room_potter0_20": 0.55}
[pair_H] {"steps": 3459072, "elapsed_s": 3249.1, "coordination_ring_sparse20": 107.0, "coordination_ring_potter0_20": 0.15, "large_room_sparse20": 0.0, "large_room_potter0_20": 0.55}
[pair_H] {"steps": 3461120, "elapsed_s": 3250.7, "coordination_ring_sparse20": 105.0, "coordination_ring_potter0_20": 0.15, "large_room_sparse20": 0.0, "large_room_potter0_20": 0.55}
[pair_H] {"steps": 3463168, "elapsed_s": 3252.3, "coordination_ring_sparse20": 107.0, "coordination_ring_potter0_20": 0.1, "large_room_sparse20": 0.0, "large_room_potter0_20": 0.55}
[pair_H] {"steps": 3465216, "elapsed_s": 3253.9, "coordination_ring_sparse20": 106.0, "coordination_ring_potter0_20": 0.05, "large_room_sparse20": 0.0, "large_room_potter0_20": 0.5}
[pair_H] {"steps": 3467264, "elapsed_s": 3255.5, "coordination_ring_sparse20": 106.0, "coordination_ring_potter0_20": 0.0, "large_room_sparse20": 0.0, "large_room_potter0_20": 0.5}
[pair_H] {"steps": 3469312, "elapsed_s": 3257.3, "coordination_ring_sparse20": 104.0, "coordination_ring_potter0_20": 0.0, "large_room_sparse20": 0.0, "large_room_potter0_20": 0.5}
[pair_H] {"steps": 3471360, "elapsed_s": 3258.8, "coordination_ring_sparse20": 107.0, "coordination_ring_potter0_20": 0.0, "large_room_sparse20": 0.0, "large_room_potter0_20": 0.45}
[pair_H] {"steps": 3473408, "elapsed_s": 3260.6, "coordination_ring_sparse20": 110.0, "coordination_ring_potter0_20": 0.0, "large_room_sparse20": 0.0, "large_room_potter0_20": 0.45}
[pair_H] {"steps": 3475456, "elapsed_s": 3262.1, "coordination_ring_sparse20": 112.0, "coordination_ring_potter0_20": 0.0, "large_room_sparse20": 0.0, "large_room_potter0_20": 0.45}
[pair_H] {"steps": 3477504, "elapsed_s": 3263.8, "coordination_ring_sparse20": 113.0, "coordination_ring_potter0_20": 0.0, "large_room_sparse20": 0.0, "large_room_potter0_20": 0.45}
[pair_H] {"steps": 3479552, "elapsed_s": 3265.5, "coordination_ring_sparse20": 111.0, "coordination_ring_potter0_20": 0.0, "large_room_sparse20": 0.0, "large_room_potter0_20": 0.45}
[pair_H] {"steps": 3481600, "elapsed_s": 3267.2, "coordination_ring_sparse20": 106.0, "coordination_ring_potter0_20": 0.0, "large_room_sparse20": 0.0, "large_room_potter0_20": 0.5}
[pair_H] {"steps": 3483648, "elapsed_s": 3269.3, "coordination_ring_sparse20": 105.0, "coordination_ring_potter0_20": 0.0, "large_room_sparse20": 0.0, "large_room_potter0_20": 0.5}
[pair_H] {"steps": 3485696, "elapsed_s": 3270.8, "coordination_ring_sparse20": 104.0, "coordination_ring_potter0_20": 0.0, "large_room_sparse20": 0.0, "large_room_potter0_20": 0.45}
[pair_H] {"steps": 3487744, "elapsed_s": 3272.4, "coordination_ring_sparse20": 104.0, "coordination_ring_potter0_20": 0.0, "large_room_sparse20": 0.0, "large_room_potter0_20": 0.45}
[pair_H] {"steps": 3489792, "elapsed_s": 3274.2, "coordination_ring_sparse20": 104.0, "coordination_ring_potter0_20": 0.0, "large_room_sparse20": 0.0, "large_room_potter0_20": 0.45}
[pair_H] {"steps": 3491840, "elapsed_s": 3276.1, "coordination_ring_sparse20": 105.0, "coordination_ring_potter0_20": 0.0, "large_room_sparse20": 0.0, "large_room_potter0_20": 0.5}
[pair_H] {"steps": 3493888, "elapsed_s": 3278.0, "coordination_ring_sparse20": 113.0, "coordination_ring_potter0_20": 0.05, "large_room_sparse20": 0.0, "large_room_potter0_20": 0.5}
[pair_H] {"steps": 3495936, "elapsed_s": 3279.7, "coordination_ring_sparse20": 116.0, "coordination_ring_potter0_20": 0.05, "large_room_sparse20": 0.0, "large_room_potter0_20": 0.5}
[pair_H] {"steps": 3497984, "elapsed_s": 3281.5, "coordination_ring_sparse20": 119.0, "coordination_ring_potter0_20": 0.05, "large_room_sparse20": 0.0, "large_room_potter0_20": 0.5}
[pair_H] {"steps": 3500032, "elapsed_s": 3283.2, "coordination_ring_sparse20": 123.0, "coordination_ring_potter0_20": 0.05, "large_room_sparse20": 0.0, "large_room_potter0_20": 0.45}
[pair_H] {"steps": 3502080, "elapsed_s": 3284.9, "coordination_ring_sparse20": 124.0, "coordination_ring_potter0_20": 0.05, "large_room_sparse20": 0.0, "large_room_potter0_20": 0.4}
[pair_H] {"steps": 3504128, "elapsed_s": 3286.7, "coordination_ring_sparse20": 126.0, "coordination_ring_potter0_20": 0.05, "large_room_sparse20": 0.0, "large_room_potter0_20": 0.4}
[pair_H] {"steps": 3506176, "elapsed_s": 3288.3, "coordination_ring_sparse20": 127.0, "coordination_ring_potter0_20": 0.05, "large_room_sparse20": 0.0, "large_room_potter0_20": 0.4}
[pair_H] {"steps": 3508224, "elapsed_s": 3289.8, "coordination_ring_sparse20": 127.0, "coordination_ring_potter0_20": 0.0, "large_room_sparse20": 0.0, "large_room_potter0_20": 0.4}
[pair_H] {"steps": 3510272, "elapsed_s": 3291.6, "coordination_ring_sparse20": 126.0, "coordination_ring_potter0_20": 0.0, "large_room_sparse20": 0.0, "large_room_potter0_20": 0.4}
[pair_H] {"steps": 3512320, "elapsed_s": 3293.3, "coordination_ring_sparse20": 128.0, "coordination_ring_potter0_20": 0.0, "large_room_sparse20": 0.0, "large_room_potter0_20": 0.45}
[pair_H] {"steps": 3514368, "elapsed_s": 3295.0, "coordination_ring_sparse20": 125.0, "coordination_ring_potter0_20": 0.0, "large_room_sparse20": 0.0, "large_room_potter0_20": 0.45}
[pair_H] {"steps": 3516416, "elapsed_s": 3296.6, "coordination_ring_sparse20": 124.0, "coordination_ring_potter0_20": 0.0, "large_room_sparse20": 0.0, "large_room_potter0_20": 0.45}
[pair_H] {"steps": 3518464, "elapsed_s": 3298.2, "coordination_ring_sparse20": 121.0, "coordination_ring_potter0_20": 0.0, "large_room_sparse20": 0.0, "large_room_potter0_20": 0.45}
[pair_H] {"steps": 3520512, "elapsed_s": 3299.8, "coordination_ring_sparse20": 122.0, "coordination_ring_potter0_20": 0.0, "large_room_sparse20": 0.0, "large_room_potter0_20": 0.45}
[pair_H] {"steps": 3522560, "elapsed_s": 3301.5, "coordination_ring_sparse20": 121.0, "coordination_ring_potter0_20": 0.0, "large_room_sparse20": 0.0, "large_room_potter0_20": 0.45}
[pair_H] {"steps": 3524608, "elapsed_s": 3303.2, "coordination_ring_sparse20": 122.0, "coordination_ring_potter0_20": 0.05, "large_room_sparse20": 0.0, "large_room_potter0_20": 0.45}
[pair_H] {"steps": 3526656, "elapsed_s": 3304.8, "coordination_ring_sparse20": 124.0, "coordination_ring_potter0_20": 0.05, "large_room_sparse20": 0.0, "large_room_potter0_20": 0.45}
[pair_H] {"steps": 3528704, "elapsed_s": 3306.4, "coordination_ring_sparse20": 124.0, "coordination_ring_potter0_20": 0.05, "large_room_sparse20": 0.0, "large_room_potter0_20": 0.45}
[pair_H] {"steps": 3530752, "elapsed_s": 3308.5, "coordination_ring_sparse20": 125.0, "coordination_ring_potter0_20": 0.05, "large_room_sparse20": 0.0, "large_room_potter0_20": 0.45}
[pair_H] {"steps": 3532800, "elapsed_s": 3310.2, "coordination_ring_sparse20": 121.0, "coordination_ring_potter0_20": 0.05, "large_room_sparse20": 0.0, "large_room_potter0_20": 0.45}
[pair_H] {"steps": 3534848, "elapsed_s": 3311.8, "coordination_ring_sparse20": 122.0, "coordination_ring_potter0_20": 0.05, "large_room_sparse20": 0.0, "large_room_potter0_20": 0.45}
[pair_H] {"steps": 3536896, "elapsed_s": 3313.5, "coordination_ring_sparse20": 121.0, "coordination_ring_potter0_20": 0.05, "large_room_sparse20": 0.0, "large_room_potter0_20": 0.45}
[pair_H] {"steps": 3538944, "elapsed_s": 3315.1, "coordination_ring_sparse20": 117.0, "coordination_ring_potter0_20": 0.0, "large_room_sparse20": 0.0, "large_room_potter0_20": 0.4}
[pair_H] {"steps": 3540992, "elapsed_s": 3316.7, "coordination_ring_sparse20": 117.0, "coordination_ring_potter0_20": 0.0, "large_room_sparse20": 0.0, "large_room_potter0_20": 0.4}
[pair_H] {"steps": 3543040, "elapsed_s": 3318.3, "coordination_ring_sparse20": 117.0, "coordination_ring_potter0_20": 0.0, "large_room_sparse20": 0.0, "large_room_potter0_20": 0.4}
[pair_H] {"steps": 3545088, "elapsed_s": 3320.0, "coordination_ring_sparse20": 118.0, "coordination_ring_potter0_20": 0.0, "large_room_sparse20": 0.0, "large_room_potter0_20": 0.4}
[pair_H] {"steps": 3547136, "elapsed_s": 3321.7, "coordination_ring_sparse20": 119.0, "coordination_ring_potter0_20": 0.0, "large_room_sparse20": 0.0, "large_room_potter0_20": 0.4}
[pair_H] {"steps": 3549184, "elapsed_s": 3323.2, "coordination_ring_sparse20": 116.0, "coordination_ring_potter0_20": 0.0, "large_room_sparse20": 0.0, "large_room_potter0_20": 0.4}
[pair_H] {"steps": 3551232, "elapsed_s": 3325.0, "coordination_ring_sparse20": 117.0, "coordination_ring_potter0_20": 0.0, "large_room_sparse20": 0.0, "large_room_potter0_20": 0.4}
[pair_H] {"steps": 3553280, "elapsed_s": 3326.7, "coordination_ring_sparse20": 121.0, "coordination_ring_potter0_20": 0.0, "large_room_sparse20": 0.0, "large_room_potter0_20": 0.4}
[pair_H] {"steps": 3555328, "elapsed_s": 3328.4, "coordination_ring_sparse20": 123.0, "coordination_ring_potter0_20": 0.0, "large_room_sparse20": 0.0, "large_room_potter0_20": 0.4}
[pair_H] {"steps": 3557376, "elapsed_s": 3330.1, "coordination_ring_sparse20": 121.0, "coordination_ring_potter0_20": 0.0, "large_room_sparse20": 0.0, "large_room_potter0_20": 0.35}
[pair_H] {"steps": 3559424, "elapsed_s": 3331.9, "coordination_ring_sparse20": 125.0, "coordination_ring_potter0_20": 0.0, "large_room_sparse20": 0.0, "large_room_potter0_20": 0.35}
[pair_H] {"steps": 3561472, "elapsed_s": 3333.6, "coordination_ring_sparse20": 126.0, "coordination_ring_potter0_20": 0.0, "large_room_sparse20": 0.0, "large_room_potter0_20": 0.35}
[pair_H] {"steps": 3563520, "elapsed_s": 3335.3, "coordination_ring_sparse20": 125.0, "coordination_ring_potter0_20": 0.0, "large_room_sparse20": 0.0, "large_room_potter0_20": 0.35}
[pair_H] {"steps": 3565568, "elapsed_s": 3337.0, "coordination_ring_sparse20": 122.0, "coordination_ring_potter0_20": 0.0, "large_room_sparse20": 0.0, "large_room_potter0_20": 0.4}
[pair_H] {"steps": 3567616, "elapsed_s": 3338.7, "coordination_ring_sparse20": 124.0, "coordination_ring_potter0_20": 0.0, "large_room_sparse20": 0.0, "large_room_potter0_20": 0.45}
[pair_H] {"steps": 3569664, "elapsed_s": 3340.5, "coordination_ring_sparse20": 125.0, "coordination_ring_potter0_20": 0.0, "large_room_sparse20": 0.0, "large_room_potter0_20": 0.45}
[pair_H] {"steps": 3571712, "elapsed_s": 3342.1, "coordination_ring_sparse20": 125.0, "coordination_ring_potter0_20": 0.0, "large_room_sparse20": 0.0, "large_room_potter0_20": 0.45}
[pair_H] {"steps": 3573760, "elapsed_s": 3344.1, "coordination_ring_sparse20": 124.0, "coordination_ring_potter0_20": 0.0, "large_room_sparse20": 0.0, "large_room_potter0_20": 0.45}
[pair_H] {"steps": 3575808, "elapsed_s": 3345.9, "coordination_ring_sparse20": 123.0, "coordination_ring_potter0_20": 0.0, "large_room_sparse20": 0.0, "large_room_potter0_20": 0.5}
[pair_H] {"steps": 3577856, "elapsed_s": 3347.5, "coordination_ring_sparse20": 122.0, "coordination_ring_potter0_20": 0.0, "large_room_sparse20": 0.0, "large_room_potter0_20": 0.5}
[pair_H] {"steps": 3579904, "elapsed_s": 3349.1, "coordination_ring_sparse20": 119.0, "coordination_ring_potter0_20": 0.0, "large_room_sparse20": 0.0, "large_room_potter0_20": 0.5}
[pair_H] {"steps": 3581952, "elapsed_s": 3350.6, "coordination_ring_sparse20": 116.0, "coordination_ring_potter0_20": 0.0, "large_room_sparse20": 0.0, "large_room_potter0_20": 0.5}
[pair_H] {"steps": 3584000, "elapsed_s": 3352.2, "coordination_ring_sparse20": 118.0, "coordination_ring_potter0_20": 0.0, "large_room_sparse20": 0.0, "large_room_potter0_20": 0.5}
[pair_H] {"steps": 3586048, "elapsed_s": 3354.1, "coordination_ring_sparse20": 117.0, "coordination_ring_potter0_20": 0.0, "large_room_sparse20": 0.0, "large_room_potter0_20": 0.5}
[pair_H] {"steps": 3588096, "elapsed_s": 3355.9, "coordination_ring_sparse20": 112.0, "coordination_ring_potter0_20": 0.0, "large_room_sparse20": 0.0, "large_room_potter0_20": 0.5}
[pair_H] {"steps": 3590144, "elapsed_s": 3357.5, "coordination_ring_sparse20": 114.0, "coordination_ring_potter0_20": 0.0, "large_room_sparse20": 0.0, "large_room_potter0_20": 0.5}
[pair_H] {"steps": 3592192, "elapsed_s": 3359.1, "coordination_ring_sparse20": 113.0, "coordination_ring_potter0_20": 0.0, "large_room_sparse20": 0.0, "large_room_potter0_20": 0.5}
[pair_H] {"steps": 3594240, "elapsed_s": 3360.7, "coordination_ring_sparse20": 118.0, "coordination_ring_potter0_20": 0.0, "large_room_sparse20": 0.0, "large_room_potter0_20": 0.5}
[pair_H] {"steps": 3596288, "elapsed_s": 3362.4, "coordination_ring_sparse20": 121.0, "coordination_ring_potter0_20": 0.0, "large_room_sparse20": 0.0, "large_room_potter0_20": 0.55}
[pair_H] {"steps": 3598336, "elapsed_s": 3364.3, "coordination_ring_sparse20": 124.0, "coordination_ring_potter0_20": 0.0, "large_room_sparse20": 0.0, "large_room_potter0_20": 0.55}
[pair_H] {"steps": 3600384, "elapsed_s": 3365.9, "coordination_ring_sparse20": 124.0, "coordination_ring_potter0_20": 0.0, "large_room_sparse20": 0.0, "large_room_potter0_20": 0.55}
[pair_H] {"steps": 3602432, "elapsed_s": 3367.5, "coordination_ring_sparse20": 132.0, "coordination_ring_potter0_20": 0.0, "large_room_sparse20": 0.0, "large_room_potter0_20": 0.55}
[pair_H] {"steps": 3604480, "elapsed_s": 3369.0, "coordination_ring_sparse20": 132.0, "coordination_ring_potter0_20": 0.0, "large_room_sparse20": 0.0, "large_room_potter0_20": 0.55}
[pair_H] {"steps": 3606528, "elapsed_s": 3370.6, "coordination_ring_sparse20": 128.0, "coordination_ring_potter0_20": 0.05, "large_room_sparse20": 0.0, "large_room_potter0_20": 0.55}
[pair_H] {"steps": 3608576, "elapsed_s": 3372.3, "coordination_ring_sparse20": 126.0, "coordination_ring_potter0_20": 0.05, "large_room_sparse20": 0.0, "large_room_potter0_20": 0.5}
[pair_H] {"steps": 3610624, "elapsed_s": 3373.9, "coordination_ring_sparse20": 125.0, "coordination_ring_potter0_20": 0.05, "large_room_sparse20": 0.0, "large_room_potter0_20": 0.5}
[pair_H] {"steps": 3612672, "elapsed_s": 3375.4, "coordination_ring_sparse20": 124.0, "coordination_ring_potter0_20": 0.05, "large_room_sparse20": 0.0, "large_room_potter0_20": 0.5}
[pair_H] {"steps": 3614720, "elapsed_s": 3376.9, "coordination_ring_sparse20": 122.0, "coordination_ring_potter0_20": 0.05, "large_room_sparse20": 0.0, "large_room_potter0_20": 0.5}
[pair_H] {"steps": 3616768, "elapsed_s": 3378.7, "coordination_ring_sparse20": 113.0, "coordination_ring_potter0_20": 0.05, "large_room_sparse20": 0.0, "large_room_potter0_20": 0.55}
[pair_H] {"steps": 3618816, "elapsed_s": 3380.3, "coordination_ring_sparse20": 111.0, "coordination_ring_potter0_20": 0.05, "large_room_sparse20": 0.0, "large_room_potter0_20": 0.6}
[pair_H] {"steps": 3620864, "elapsed_s": 3382.1, "coordination_ring_sparse20": 109.0, "coordination_ring_potter0_20": 0.05, "large_room_sparse20": 0.0, "large_room_potter0_20": 0.6}
[pair_H] {"steps": 3622912, "elapsed_s": 3383.7, "coordination_ring_sparse20": 106.0, "coordination_ring_potter0_20": 0.05, "large_room_sparse20": 0.0, "large_room_potter0_20": 0.55}
[pair_H] {"steps": 3624960, "elapsed_s": 3385.4, "coordination_ring_sparse20": 106.0, "coordination_ring_potter0_20": 0.05, "large_room_sparse20": 0.0, "large_room_potter0_20": 0.5}
[pair_H] {"steps": 3627008, "elapsed_s": 3386.9, "coordination_ring_sparse20": 102.0, "coordination_ring_potter0_20": 0.05, "large_room_sparse20": 0.0, "large_room_potter0_20": 0.5}
[pair_H] {"steps": 3629056, "elapsed_s": 3388.5, "coordination_ring_sparse20": 102.0, "coordination_ring_potter0_20": 0.05, "large_room_sparse20": 0.0, "large_room_potter0_20": 0.5}
[pair_H] {"steps": 3631104, "elapsed_s": 3390.0, "coordination_ring_sparse20": 104.0, "coordination_ring_potter0_20": 0.05, "large_room_sparse20": 0.0, "large_room_potter0_20": 0.5}
[pair_H] {"steps": 3633152, "elapsed_s": 3391.6, "coordination_ring_sparse20": 106.0, "coordination_ring_potter0_20": 0.05, "large_room_sparse20": 0.0, "large_room_potter0_20": 0.4}
[pair_H] {"steps": 3635200, "elapsed_s": 3393.5, "coordination_ring_sparse20": 104.0, "coordination_ring_potter0_20": 0.05, "large_room_sparse20": 0.0, "large_room_potter0_20": 0.35}
[pair_H] {"steps": 3637248, "elapsed_s": 3395.3, "coordination_ring_sparse20": 104.0, "coordination_ring_potter0_20": 0.05, "large_room_sparse20": 0.0, "large_room_potter0_20": 0.35}
[pair_H] {"steps": 3639296, "elapsed_s": 3397.0, "coordination_ring_sparse20": 106.0, "coordination_ring_potter0_20": 0.0, "large_room_sparse20": 0.0, "large_room_potter0_20": 0.35}
[pair_H] {"steps": 3641344, "elapsed_s": 3398.7, "coordination_ring_sparse20": 103.0, "coordination_ring_potter0_20": 0.0, "large_room_sparse20": 0.0, "large_room_potter0_20": 0.35}
[pair_H] {"steps": 3643392, "elapsed_s": 3400.3, "coordination_ring_sparse20": 104.0, "coordination_ring_potter0_20": 0.0, "large_room_sparse20": 0.0, "large_room_potter0_20": 0.4}
[pair_H] {"steps": 3645440, "elapsed_s": 3401.9, "coordination_ring_sparse20": 103.0, "coordination_ring_potter0_20": 0.0, "large_room_sparse20": 0.0, "large_room_potter0_20": 0.4}
[pair_H] {"steps": 3647488, "elapsed_s": 3403.8, "coordination_ring_sparse20": 100.0, "coordination_ring_potter0_20": 0.0, "large_room_sparse20": 0.0, "large_room_potter0_20": 0.4}
[pair_H] {"steps": 3649536, "elapsed_s": 3405.3, "coordination_ring_sparse20": 101.0, "coordination_ring_potter0_20": 0.0, "large_room_sparse20": 0.0, "large_room_potter0_20": 0.4}
[pair_H] {"steps": 3651584, "elapsed_s": 3406.9, "coordination_ring_sparse20": 101.0, "coordination_ring_potter0_20": 0.0, "large_room_sparse20": 0.0, "large_room_potter0_20": 0.4}
[pair_H] {"steps": 3653632, "elapsed_s": 3408.5, "coordination_ring_sparse20": 104.0, "coordination_ring_potter0_20": 0.0, "large_room_sparse20": 0.0, "large_room_potter0_20": 0.45}
[pair_H] {"steps": 3655680, "elapsed_s": 3410.2, "coordination_ring_sparse20": 102.0, "coordination_ring_potter0_20": 0.0, "large_room_sparse20": 0.0, "large_room_potter0_20": 0.55}
[pair_H] {"steps": 3657728, "elapsed_s": 3411.8, "coordination_ring_sparse20": 107.0, "coordination_ring_potter0_20": 0.0, "large_room_sparse20": 0.0, "large_room_potter0_20": 0.55}
[pair_H] {"steps": 3659776, "elapsed_s": 3413.4, "coordination_ring_sparse20": 107.0, "coordination_ring_potter0_20": 0.0, "large_room_sparse20": 0.0, "large_room_potter0_20": 0.45}
[pair_H] {"steps": 3661824, "elapsed_s": 3415.1, "coordination_ring_sparse20": 110.0, "coordination_ring_potter0_20": 0.0, "large_room_sparse20": 0.0, "large_room_potter0_20": 0.5}
[pair_H] {"steps": 3663872, "elapsed_s": 3416.7, "coordination_ring_sparse20": 108.0, "coordination_ring_potter0_20": 0.0, "large_room_sparse20": 0.0, "large_room_potter0_20": 0.55}
[pair_H] {"steps": 3665920, "elapsed_s": 3418.5, "coordination_ring_sparse20": 112.0, "coordination_ring_potter0_20": 0.0, "large_room_sparse20": 0.0, "large_room_potter0_20": 0.55}
[pair_H] {"steps": 3667968, "elapsed_s": 3420.0, "coordination_ring_sparse20": 115.0, "coordination_ring_potter0_20": 0.0, "large_room_sparse20": 0.0, "large_room_potter0_20": 0.55}
[pair_H] {"steps": 3670016, "elapsed_s": 3421.7, "coordination_ring_sparse20": 117.0, "coordination_ring_potter0_20": 0.0, "large_room_sparse20": 0.0, "large_room_potter0_20": 0.55}
[pair_H] {"steps": 3672064, "elapsed_s": 3423.4, "coordination_ring_sparse20": 120.0, "coordination_ring_potter0_20": 0.0, "large_room_sparse20": 0.0, "large_room_potter0_20": 0.6}
[pair_H] {"steps": 3674112, "elapsed_s": 3425.0, "coordination_ring_sparse20": 119.0, "coordination_ring_potter0_20": 0.0, "large_room_sparse20": 0.0, "large_room_potter0_20": 0.65}
[pair_H] {"steps": 3676160, "elapsed_s": 3426.6, "coordination_ring_sparse20": 119.0, "coordination_ring_potter0_20": 0.0, "large_room_sparse20": 0.0, "large_room_potter0_20": 0.65}
[pair_H] {"steps": 3678208, "elapsed_s": 3428.2, "coordination_ring_sparse20": 117.0, "coordination_ring_potter0_20": 0.0, "large_room_sparse20": 0.0, "large_room_potter0_20": 0.6}
[pair_H] {"steps": 3680256, "elapsed_s": 3429.7, "coordination_ring_sparse20": 122.0, "coordination_ring_potter0_20": 0.0, "large_room_sparse20": 0.0, "large_room_potter0_20": 0.6}
[pair_H] {"steps": 3682304, "elapsed_s": 3431.3, "coordination_ring_sparse20": 122.0, "coordination_ring_potter0_20": 0.0, "large_room_sparse20": 0.0, "large_room_potter0_20": 0.6}
[pair_H] {"steps": 3684352, "elapsed_s": 3432.9, "coordination_ring_sparse20": 119.0, "coordination_ring_potter0_20": 0.0, "large_room_sparse20": 0.0, "large_room_potter0_20": 0.6}
[pair_H] {"steps": 3686400, "elapsed_s": 3435.1, "coordination_ring_sparse20": 121.0, "coordination_ring_potter0_20": 0.0, "large_room_sparse20": 0.0, "large_room_potter0_20": 0.6}
[pair_H] {"steps": 3688448, "elapsed_s": 3436.8, "coordination_ring_sparse20": 124.0, "coordination_ring_potter0_20": 0.0, "large_room_sparse20": 0.0, "large_room_potter0_20": 0.55}
[pair_H] {"steps": 3690496, "elapsed_s": 3438.4, "coordination_ring_sparse20": 126.0, "coordination_ring_potter0_20": 0.0, "large_room_sparse20": 0.0, "large_room_potter0_20": 0.55}
[pair_H] {"steps": 3692544, "elapsed_s": 3440.2, "coordination_ring_sparse20": 129.0, "coordination_ring_potter0_20": 0.0, "large_room_sparse20": 0.0, "large_room_potter0_20": 0.6}
[pair_H] {"steps": 3694592, "elapsed_s": 3442.1, "coordination_ring_sparse20": 129.0, "coordination_ring_potter0_20": 0.0, "large_room_sparse20": 0.0, "large_room_potter0_20": 0.6}
[pair_H] {"steps": 3696640, "elapsed_s": 3444.3, "coordination_ring_sparse20": 129.0, "coordination_ring_potter0_20": 0.0, "large_room_sparse20": 0.0, "large_room_potter0_20": 0.65}
[pair_H] {"steps": 3698688, "elapsed_s": 3445.9, "coordination_ring_sparse20": 127.0, "coordination_ring_potter0_20": 0.0, "large_room_sparse20": 0.0, "large_room_potter0_20": 0.6}
[pair_H] {"steps": 3700736, "elapsed_s": 3447.4, "coordination_ring_sparse20": 129.0, "coordination_ring_potter0_20": 0.0, "large_room_sparse20": 0.0, "large_room_potter0_20": 0.6}
[pair_H] {"steps": 3702784, "elapsed_s": 3448.9, "coordination_ring_sparse20": 125.0, "coordination_ring_potter0_20": 0.0, "large_room_sparse20": 0.0, "large_room_potter0_20": 0.6}
[pair_H] {"steps": 3704832, "elapsed_s": 3451.0, "coordination_ring_sparse20": 120.0, "coordination_ring_potter0_20": 0.0, "large_room_sparse20": 0.0, "large_room_potter0_20": 0.6}
[pair_H] {"steps": 3706880, "elapsed_s": 3452.6, "coordination_ring_sparse20": 120.0, "coordination_ring_potter0_20": 0.0, "large_room_sparse20": 0.0, "large_room_potter0_20": 0.6}
[pair_H] {"steps": 3708928, "elapsed_s": 3454.2, "coordination_ring_sparse20": 117.0, "coordination_ring_potter0_20": 0.0, "large_room_sparse20": 0.0, "large_room_potter0_20": 0.6}
[pair_H] {"steps": 3710976, "elapsed_s": 3456.0, "coordination_ring_sparse20": 117.0, "coordination_ring_potter0_20": 0.0, "large_room_sparse20": 0.0, "large_room_potter0_20": 0.5}
[pair_H] {"steps": 3713024, "elapsed_s": 3457.7, "coordination_ring_sparse20": 118.0, "coordination_ring_potter0_20": 0.0, "large_room_sparse20": 0.0, "large_room_potter0_20": 0.5}
[pair_H] {"steps": 3715072, "elapsed_s": 3459.5, "coordination_ring_sparse20": 119.0, "coordination_ring_potter0_20": 0.0, "large_room_sparse20": 0.0, "large_room_potter0_20": 0.45}
[pair_H] {"steps": 3717120, "elapsed_s": 3461.0, "coordination_ring_sparse20": 120.0, "coordination_ring_potter0_20": 0.0, "large_room_sparse20": 0.0, "large_room_potter0_20": 0.45}
[pair_H] {"steps": 3719168, "elapsed_s": 3462.7, "coordination_ring_sparse20": 123.0, "coordination_ring_potter0_20": 0.0, "large_room_sparse20": 0.0, "large_room_potter0_20": 0.45}
[pair_H] {"steps": 3721216, "elapsed_s": 3464.3, "coordination_ring_sparse20": 125.0, "coordination_ring_potter0_20": 0.0, "large_room_sparse20": 0.0, "large_room_potter0_20": 0.5}
[pair_H] {"steps": 3723264, "elapsed_s": 3465.8, "coordination_ring_sparse20": 126.0, "coordination_ring_potter0_20": 0.0, "large_room_sparse20": 0.0, "large_room_potter0_20": 0.5}
[pair_H] {"steps": 3725312, "elapsed_s": 3467.4, "coordination_ring_sparse20": 125.0, "coordination_ring_potter0_20": 0.0, "large_room_sparse20": 0.0, "large_room_potter0_20": 0.55}
[pair_H] {"steps": 3727360, "elapsed_s": 3469.1, "coordination_ring_sparse20": 130.0, "coordination_ring_potter0_20": 0.0, "large_room_sparse20": 0.0, "large_room_potter0_20": 0.5}
[pair_H] {"steps": 3729408, "elapsed_s": 3470.8, "coordination_ring_sparse20": 132.0, "coordination_ring_potter0_20": 0.05, "large_room_sparse20": 0.0, "large_room_potter0_20": 0.5}
[pair_H] {"steps": 3731456, "elapsed_s": 3472.6, "coordination_ring_sparse20": 130.0, "coordination_ring_potter0_20": 0.05, "large_room_sparse20": 0.0, "large_room_potter0_20": 0.55}
[pair_H] {"steps": 3733504, "elapsed_s": 3474.2, "coordination_ring_sparse20": 120.0, "coordination_ring_potter0_20": 0.05, "large_room_sparse20": 0.0, "large_room_potter0_20": 0.55}
[pair_H] {"steps": 3735552, "elapsed_s": 3475.8, "coordination_ring_sparse20": 116.0, "coordination_ring_potter0_20": 0.05, "large_room_sparse20": 0.0, "large_room_potter0_20": 0.55}
[pair_H] {"steps": 3737600, "elapsed_s": 3478.1, "coordination_ring_sparse20": 116.0, "coordination_ring_potter0_20": 0.05, "large_room_sparse20": 0.0, "large_room_potter0_20": 0.55}
[pair_H] {"steps": 3739648, "elapsed_s": 3479.8, "coordination_ring_sparse20": 116.0, "coordination_ring_potter0_20": 0.05, "large_room_sparse20": 0.0, "large_room_potter0_20": 0.55}
[pair_H] {"steps": 3741696, "elapsed_s": 3481.3, "coordination_ring_sparse20": 113.0, "coordination_ring_potter0_20": 0.05, "large_room_sparse20": 0.0, "large_room_potter0_20": 0.55}
[pair_H] {"steps": 3743744, "elapsed_s": 3482.9, "coordination_ring_sparse20": 114.0, "coordination_ring_potter0_20": 0.05, "large_room_sparse20": 0.0, "large_room_potter0_20": 0.55}
[pair_H] {"steps": 3745792, "elapsed_s": 3484.5, "coordination_ring_sparse20": 113.0, "coordination_ring_potter0_20": 0.05, "large_room_sparse20": 0.0, "large_room_potter0_20": 0.55}
[pair_H] {"steps": 3747840, "elapsed_s": 3486.1, "coordination_ring_sparse20": 112.0, "coordination_ring_potter0_20": 0.0, "large_room_sparse20": 0.0, "large_room_potter0_20": 0.55}
[pair_H] {"steps": 3749888, "elapsed_s": 3487.8, "coordination_ring_sparse20": 113.0, "coordination_ring_potter0_20": 0.0, "large_room_sparse20": 0.0, "large_room_potter0_20": 0.55}
[pair_H] {"steps": 3751936, "elapsed_s": 3489.4, "coordination_ring_sparse20": 119.0, "coordination_ring_potter0_20": 0.0, "large_room_sparse20": 0.0, "large_room_potter0_20": 0.6}
[pair_H] {"steps": 3753984, "elapsed_s": 3491.2, "coordination_ring_sparse20": 120.0, "coordination_ring_potter0_20": 0.0, "large_room_sparse20": 0.0, "large_room_potter0_20": 0.6}
[pair_H] {"steps": 3756032, "elapsed_s": 3492.9, "coordination_ring_sparse20": 117.0, "coordination_ring_potter0_20": 0.0, "large_room_sparse20": 0.0, "large_room_potter0_20": 0.6}
[pair_H] {"steps": 3758080, "elapsed_s": 3494.7, "coordination_ring_sparse20": 120.0, "coordination_ring_potter0_20": 0.0, "large_room_sparse20": 0.0, "large_room_potter0_20": 0.6}
[pair_H] {"steps": 3760128, "elapsed_s": 3496.4, "coordination_ring_sparse20": 117.0, "coordination_ring_potter0_20": 0.0, "large_room_sparse20": 0.0, "large_room_potter0_20": 0.6}
[pair_H] {"steps": 3762176, "elapsed_s": 3497.9, "coordination_ring_sparse20": 117.0, "coordination_ring_potter0_20": 0.0, "large_room_sparse20": 0.0, "large_room_potter0_20": 0.6}
[pair_H] {"steps": 3764224, "elapsed_s": 3499.5, "coordination_ring_sparse20": 117.0, "coordination_ring_potter0_20": 0.0, "large_room_sparse20": 0.0, "large_room_potter0_20": 0.6}
[pair_H] {"steps": 3766272, "elapsed_s": 3501.2, "coordination_ring_sparse20": 118.0, "coordination_ring_potter0_20": 0.0, "large_room_sparse20": 0.0, "large_room_potter0_20": 0.6}
[pair_H] {"steps": 3768320, "elapsed_s": 3503.2, "coordination_ring_sparse20": 116.0, "coordination_ring_potter0_20": 0.0, "large_room_sparse20": 0.0, "large_room_potter0_20": 0.6}
[pair_H] {"steps": 3770368, "elapsed_s": 3505.1, "coordination_ring_sparse20": 118.0, "coordination_ring_potter0_20": 0.0, "large_room_sparse20": 0.0, "large_room_potter0_20": 0.6}
[pair_H] {"steps": 3772416, "elapsed_s": 3507.0, "coordination_ring_sparse20": 120.0, "coordination_ring_potter0_20": 0.0, "large_room_sparse20": 0.0, "large_room_potter0_20": 0.6}
[pair_H] {"steps": 3774464, "elapsed_s": 3508.6, "coordination_ring_sparse20": 123.0, "coordination_ring_potter0_20": 0.0, "large_room_sparse20": 0.0, "large_room_potter0_20": 0.6}
[pair_H] {"steps": 3776512, "elapsed_s": 3510.2, "coordination_ring_sparse20": 121.0, "coordination_ring_potter0_20": 0.0, "large_room_sparse20": 0.0, "large_room_potter0_20": 0.6}
[pair_H] {"steps": 3778560, "elapsed_s": 3512.1, "coordination_ring_sparse20": 120.0, "coordination_ring_potter0_20": 0.0, "large_room_sparse20": 0.0, "large_room_potter0_20": 0.6}
[pair_H] {"steps": 3780608, "elapsed_s": 3513.6, "coordination_ring_sparse20": 120.0, "coordination_ring_potter0_20": 0.0, "large_room_sparse20": 0.0, "large_room_potter0_20": 0.6}
[pair_H] {"steps": 3782656, "elapsed_s": 3515.3, "coordination_ring_sparse20": 119.0, "coordination_ring_potter0_20": 0.0, "large_room_sparse20": 0.0, "large_room_potter0_20": 0.6}
[pair_H] {"steps": 3784704, "elapsed_s": 3517.1, "coordination_ring_sparse20": 119.0, "coordination_ring_potter0_20": 0.0, "large_room_sparse20": 0.0, "large_room_potter0_20": 0.6}
[pair_H] {"steps": 3786752, "elapsed_s": 3518.7, "coordination_ring_sparse20": 115.0, "coordination_ring_potter0_20": 0.05, "large_room_sparse20": 0.0, "large_room_potter0_20": 0.6}
[pair_H] {"steps": 3788800, "elapsed_s": 3520.3, "coordination_ring_sparse20": 114.0, "coordination_ring_potter0_20": 0.05, "large_room_sparse20": 0.0, "large_room_potter0_20": 0.65}
[pair_H] {"steps": 3790848, "elapsed_s": 3521.8, "coordination_ring_sparse20": 109.0, "coordination_ring_potter0_20": 0.05, "large_room_sparse20": 0.0, "large_room_potter0_20": 0.65}
[pair_H] {"steps": 3792896, "elapsed_s": 3523.4, "coordination_ring_sparse20": 109.0, "coordination_ring_potter0_20": 0.05, "large_room_sparse20": 0.0, "large_room_potter0_20": 0.65}
[pair_H] {"steps": 3794944, "elapsed_s": 3525.0, "coordination_ring_sparse20": 108.0, "coordination_ring_potter0_20": 0.05, "large_room_sparse20": 0.0, "large_room_potter0_20": 0.65}
[pair_H] {"steps": 3796992, "elapsed_s": 3526.6, "coordination_ring_sparse20": 110.0, "coordination_ring_potter0_20": 0.05, "large_room_sparse20": 0.0, "large_room_potter0_20": 0.6}
[pair_H] {"steps": 3799040, "elapsed_s": 3528.2, "coordination_ring_sparse20": 110.0, "coordination_ring_potter0_20": 0.05, "large_room_sparse20": 0.0, "large_room_potter0_20": 0.65}
[pair_H] {"steps": 3801088, "elapsed_s": 3529.8, "coordination_ring_sparse20": 114.0, "coordination_ring_potter0_20": 0.0, "large_room_sparse20": 0.0, "large_room_potter0_20": 0.65}
[pair_H] {"steps": 3803136, "elapsed_s": 3531.6, "coordination_ring_sparse20": 116.0, "coordination_ring_potter0_20": 0.0, "large_room_sparse20": 0.0, "large_room_potter0_20": 0.7}
[pair_H] {"steps": 3805184, "elapsed_s": 3533.3, "coordination_ring_sparse20": 116.0, "coordination_ring_potter0_20": 0.0, "large_room_sparse20": 0.0, "large_room_potter0_20": 0.65}
[pair_H] {"steps": 3807232, "elapsed_s": 3534.8, "coordination_ring_sparse20": 119.0, "coordination_ring_potter0_20": 0.0, "large_room_sparse20": 0.0, "large_room_potter0_20": 0.7}
[pair_H] {"steps": 3809280, "elapsed_s": 3536.6, "coordination_ring_sparse20": 122.0, "coordination_ring_potter0_20": 0.0, "large_room_sparse20": 0.0, "large_room_potter0_20": 0.7}
[pair_H] {"steps": 3811328, "elapsed_s": 3538.2, "coordination_ring_sparse20": 121.0, "coordination_ring_potter0_20": 0.0, "large_room_sparse20": 0.0, "large_room_potter0_20": 0.65}
[pair_H] {"steps": 3813376, "elapsed_s": 3539.7, "coordination_ring_sparse20": 120.0, "coordination_ring_potter0_20": 0.0, "large_room_sparse20": 0.0, "large_room_potter0_20": 0.6}
[pair_H] {"steps": 3815424, "elapsed_s": 3541.3, "coordination_ring_sparse20": 122.0, "coordination_ring_potter0_20": 0.0, "large_room_sparse20": 0.0, "large_room_potter0_20": 0.6}
[pair_H] {"steps": 3817472, "elapsed_s": 3543.0, "coordination_ring_sparse20": 125.0, "coordination_ring_potter0_20": 0.0, "large_room_sparse20": 0.0, "large_room_potter0_20": 0.6}
[pair_H] {"steps": 3819520, "elapsed_s": 3544.6, "coordination_ring_sparse20": 127.0, "coordination_ring_potter0_20": 0.0, "large_room_sparse20": 0.0, "large_room_potter0_20": 0.6}
[pair_H] {"steps": 3821568, "elapsed_s": 3546.3, "coordination_ring_sparse20": 126.0, "coordination_ring_potter0_20": 0.0, "large_room_sparse20": 0.0, "large_room_potter0_20": 0.6}
[pair_H] {"steps": 3823616, "elapsed_s": 3547.8, "coordination_ring_sparse20": 123.0, "coordination_ring_potter0_20": 0.0, "large_room_sparse20": 0.0, "large_room_potter0_20": 0.6}
[pair_H] {"steps": 3825664, "elapsed_s": 3549.6, "coordination_ring_sparse20": 125.0, "coordination_ring_potter0_20": 0.0, "large_room_sparse20": 0.0, "large_room_potter0_20": 0.6}
[pair_H] {"steps": 3827712, "elapsed_s": 3551.2, "coordination_ring_sparse20": 128.0, "coordination_ring_potter0_20": 0.0, "large_room_sparse20": 0.0, "large_room_potter0_20": 0.6}
[pair_H] {"steps": 3829760, "elapsed_s": 3552.7, "coordination_ring_sparse20": 127.0, "coordination_ring_potter0_20": 0.0, "large_room_sparse20": 0.0, "large_room_potter0_20": 0.6}
[pair_H] {"steps": 3831808, "elapsed_s": 3554.4, "coordination_ring_sparse20": 125.0, "coordination_ring_potter0_20": 0.0, "large_room_sparse20": 0.0, "large_room_potter0_20": 0.6}
[pair_H] {"steps": 3833856, "elapsed_s": 3555.9, "coordination_ring_sparse20": 129.0, "coordination_ring_potter0_20": 0.0, "large_room_sparse20": 0.0, "large_room_potter0_20": 0.55}
[pair_H] {"steps": 3835904, "elapsed_s": 3557.7, "coordination_ring_sparse20": 133.0, "coordination_ring_potter0_20": 0.0, "large_room_sparse20": 0.0, "large_room_potter0_20": 0.55}
[pair_H] {"steps": 3837952, "elapsed_s": 3559.2, "coordination_ring_sparse20": 133.0, "coordination_ring_potter0_20": 0.0, "large_room_sparse20": 0.0, "large_room_potter0_20": 0.55}
[pair_H] {"steps": 3840000, "elapsed_s": 3560.8, "coordination_ring_sparse20": 131.0, "coordination_ring_potter0_20": 0.0, "large_room_sparse20": 0.0, "large_room_potter0_20": 0.5}
[pair_H] {"steps": 3842048, "elapsed_s": 3562.3, "coordination_ring_sparse20": 129.0, "coordination_ring_potter0_20": 0.0, "large_room_sparse20": 0.0, "large_room_potter0_20": 0.5}
[pair_H] {"steps": 3844096, "elapsed_s": 3564.0, "coordination_ring_sparse20": 125.0, "coordination_ring_potter0_20": 0.0, "large_room_sparse20": 0.0, "large_room_potter0_20": 0.4}
[pair_H] {"steps": 3846144, "elapsed_s": 3565.7, "coordination_ring_sparse20": 124.0, "coordination_ring_potter0_20": 0.0, "large_room_sparse20": 0.0, "large_room_potter0_20": 0.4}
[pair_H] {"steps": 3848192, "elapsed_s": 3567.3, "coordination_ring_sparse20": 125.0, "coordination_ring_potter0_20": 0.0, "large_room_sparse20": 0.0, "large_room_potter0_20": 0.35}
[pair_H] {"steps": 3850240, "elapsed_s": 3569.0, "coordination_ring_sparse20": 125.0, "coordination_ring_potter0_20": 0.0, "large_room_sparse20": 0.0, "large_room_potter0_20": 0.35}
[pair_H] {"steps": 3852288, "elapsed_s": 3570.5, "coordination_ring_sparse20": 124.0, "coordination_ring_potter0_20": 0.0, "large_room_sparse20": 0.0, "large_room_potter0_20": 0.3}
[pair_H] {"steps": 3854336, "elapsed_s": 3572.0, "coordination_ring_sparse20": 127.0, "coordination_ring_potter0_20": 0.0, "large_room_sparse20": 0.0, "large_room_potter0_20": 0.3}
[pair_H] {"steps": 3856384, "elapsed_s": 3573.7, "coordination_ring_sparse20": 127.0, "coordination_ring_potter0_20": 0.0, "large_room_sparse20": 0.0, "large_room_potter0_20": 0.35}
[pair_H] {"steps": 3858432, "elapsed_s": 3575.3, "coordination_ring_sparse20": 126.0, "coordination_ring_potter0_20": 0.0, "large_room_sparse20": 0.0, "large_room_potter0_20": 0.35}
[pair_H] {"steps": 3860480, "elapsed_s": 3576.8, "coordination_ring_sparse20": 125.0, "coordination_ring_potter0_20": 0.0, "large_room_sparse20": 0.0, "large_room_potter0_20": 0.4}
[pair_H] {"steps": 3862528, "elapsed_s": 3578.4, "coordination_ring_sparse20": 123.0, "coordination_ring_potter0_20": 0.0, "large_room_sparse20": 0.0, "large_room_potter0_20": 0.4}
[pair_H] {"steps": 3864576, "elapsed_s": 3580.0, "coordination_ring_sparse20": 121.0, "coordination_ring_potter0_20": 0.0, "large_room_sparse20": 0.0, "large_room_potter0_20": 0.45}
[pair_H] {"steps": 3866624, "elapsed_s": 3581.6, "coordination_ring_sparse20": 119.0, "coordination_ring_potter0_20": 0.0, "large_room_sparse20": 0.0, "large_room_potter0_20": 0.45}
[pair_H] {"steps": 3868672, "elapsed_s": 3583.1, "coordination_ring_sparse20": 116.0, "coordination_ring_potter0_20": 0.0, "large_room_sparse20": 0.0, "large_room_potter0_20": 0.5}
[pair_H] {"steps": 3870720, "elapsed_s": 3585.2, "coordination_ring_sparse20": 117.0, "coordination_ring_potter0_20": 0.0, "large_room_sparse20": 0.0, "large_room_potter0_20": 0.55}
[pair_H] {"steps": 3872768, "elapsed_s": 3586.8, "coordination_ring_sparse20": 116.0, "coordination_ring_potter0_20": 0.0, "large_room_sparse20": 0.0, "large_room_potter0_20": 0.55}
[pair_H] {"steps": 3874816, "elapsed_s": 3588.5, "coordination_ring_sparse20": 113.0, "coordination_ring_potter0_20": 0.0, "large_room_sparse20": 0.0, "large_room_potter0_20": 0.55}
[pair_H] {"steps": 3876864, "elapsed_s": 3590.1, "coordination_ring_sparse20": 117.0, "coordination_ring_potter0_20": 0.0, "large_room_sparse20": 0.0, "large_room_potter0_20": 0.55}
[pair_H] {"steps": 3878912, "elapsed_s": 3591.7, "coordination_ring_sparse20": 114.0, "coordination_ring_potter0_20": 0.0, "large_room_sparse20": 0.0, "large_room_potter0_20": 0.6}
[pair_H] {"steps": 3880960, "elapsed_s": 3593.5, "coordination_ring_sparse20": 114.0, "coordination_ring_potter0_20": 0.0, "large_room_sparse20": 0.0, "large_room_potter0_20": 0.65}
[pair_H] {"steps": 3883008, "elapsed_s": 3595.3, "coordination_ring_sparse20": 115.0, "coordination_ring_potter0_20": 0.0, "large_room_sparse20": 0.0, "large_room_potter0_20": 0.65}
[pair_H] {"steps": 3885056, "elapsed_s": 3597.3, "coordination_ring_sparse20": 115.0, "coordination_ring_potter0_20": 0.0, "large_room_sparse20": 0.0, "large_room_potter0_20": 0.55}
[pair_H] {"steps": 3887104, "elapsed_s": 3598.9, "coordination_ring_sparse20": 113.0, "coordination_ring_potter0_20": 0.0, "large_room_sparse20": 0.0, "large_room_potter0_20": 0.55}
[pair_H] {"steps": 3889152, "elapsed_s": 3600.4, "coordination_ring_sparse20": 110.0, "coordination_ring_potter0_20": 0.0, "large_room_sparse20": 0.0, "large_room_potter0_20": 0.55}
[pair_H] {"steps": 3891200, "elapsed_s": 3602.0, "coordination_ring_sparse20": 111.0, "coordination_ring_potter0_20": 0.0, "large_room_sparse20": 0.0, "large_room_potter0_20": 0.55}
[pair_H] {"steps": 3893248, "elapsed_s": 3603.5, "coordination_ring_sparse20": 114.0, "coordination_ring_potter0_20": 0.0, "large_room_sparse20": 0.0, "large_room_potter0_20": 0.55}
[pair_H] {"steps": 3895296, "elapsed_s": 3605.3, "coordination_ring_sparse20": 114.0, "coordination_ring_potter0_20": 0.0, "large_room_sparse20": 0.0, "large_room_potter0_20": 0.5}
[pair_H] {"steps": 3897344, "elapsed_s": 3607.0, "coordination_ring_sparse20": 115.0, "coordination_ring_potter0_20": 0.0, "large_room_sparse20": 0.0, "large_room_potter0_20": 0.5}
[pair_H] {"steps": 3899392, "elapsed_s": 3608.7, "coordination_ring_sparse20": 115.0, "coordination_ring_potter0_20": 0.0, "large_room_sparse20": 0.0, "large_room_potter0_20": 0.5}
[pair_H] {"steps": 3901440, "elapsed_s": 3610.8, "coordination_ring_sparse20": 115.0, "coordination_ring_potter0_20": 0.0, "large_room_sparse20": 0.0, "large_room_potter0_20": 0.45}
[pair_H] {"steps": 3903488, "elapsed_s": 3612.8, "coordination_ring_sparse20": 119.0, "coordination_ring_potter0_20": 0.0, "large_room_sparse20": 0.0, "large_room_potter0_20": 0.45}
[pair_H] {"steps": 3905536, "elapsed_s": 3614.7, "coordination_ring_sparse20": 120.0, "coordination_ring_potter0_20": 0.0, "large_room_sparse20": 0.0, "large_room_potter0_20": 0.45}
[pair_H] {"steps": 3907584, "elapsed_s": 3616.3, "coordination_ring_sparse20": 120.0, "coordination_ring_potter0_20": 0.0, "large_room_sparse20": 0.0, "large_room_potter0_20": 0.45}
[pair_H] {"steps": 3909632, "elapsed_s": 3618.0, "coordination_ring_sparse20": 121.0, "coordination_ring_potter0_20": 0.0, "large_room_sparse20": 0.0, "large_room_potter0_20": 0.45}
[pair_H] {"steps": 3911680, "elapsed_s": 3619.6, "coordination_ring_sparse20": 121.0, "coordination_ring_potter0_20": 0.0, "large_room_sparse20": 0.0, "large_room_potter0_20": 0.45}
[pair_H] {"steps": 3913728, "elapsed_s": 3621.3, "coordination_ring_sparse20": 120.0, "coordination_ring_potter0_20": 0.0, "large_room_sparse20": 0.0, "large_room_potter0_20": 0.45}
[pair_H] {"steps": 3915776, "elapsed_s": 3622.9, "coordination_ring_sparse20": 122.0, "coordination_ring_potter0_20": 0.0, "large_room_sparse20": 0.0, "large_room_potter0_20": 0.45}
[pair_H] {"steps": 3917824, "elapsed_s": 3624.5, "coordination_ring_sparse20": 125.0, "coordination_ring_potter0_20": 0.0, "large_room_sparse20": 0.0, "large_room_potter0_20": 0.45}
[pair_H] {"steps": 3919872, "elapsed_s": 3626.0, "coordination_ring_sparse20": 127.0, "coordination_ring_potter0_20": 0.0, "large_room_sparse20": 0.0, "large_room_potter0_20": 0.45}
[pair_H] {"steps": 3921920, "elapsed_s": 3627.8, "coordination_ring_sparse20": 129.0, "coordination_ring_potter0_20": 0.0, "large_room_sparse20": 0.0, "large_room_potter0_20": 0.35}
[pair_H] {"steps": 3923968, "elapsed_s": 3629.4, "coordination_ring_sparse20": 127.0, "coordination_ring_potter0_20": 0.0, "large_room_sparse20": 0.0, "large_room_potter0_20": 0.35}
[pair_H] {"steps": 3926016, "elapsed_s": 3631.0, "coordination_ring_sparse20": 129.0, "coordination_ring_potter0_20": 0.0, "large_room_sparse20": 0.0, "large_room_potter0_20": 0.35}
[pair_H] {"steps": 3928064, "elapsed_s": 3632.6, "coordination_ring_sparse20": 135.0, "coordination_ring_potter0_20": 0.0, "large_room_sparse20": 0.0, "large_room_potter0_20": 0.3}
[pair_H] {"steps": 3930112, "elapsed_s": 3634.3, "coordination_ring_sparse20": 135.0, "coordination_ring_potter0_20": 0.0, "large_room_sparse20": 0.0, "large_room_potter0_20": 0.4}
[pair_H] {"steps": 3932160, "elapsed_s": 3635.9, "coordination_ring_sparse20": 132.0, "coordination_ring_potter0_20": 0.0, "large_room_sparse20": 0.0, "large_room_potter0_20": 0.4}
[pair_H] {"steps": 3934208, "elapsed_s": 3637.6, "coordination_ring_sparse20": 131.0, "coordination_ring_potter0_20": 0.0, "large_room_sparse20": 0.0, "large_room_potter0_20": 0.45}
[pair_H] {"steps": 3936256, "elapsed_s": 3639.2, "coordination_ring_sparse20": 130.0, "coordination_ring_potter0_20": 0.0, "large_room_sparse20": 0.0, "large_room_potter0_20": 0.45}
[pair_H] {"steps": 3938304, "elapsed_s": 3640.6, "coordination_ring_sparse20": 130.0, "coordination_ring_potter0_20": 0.0, "large_room_sparse20": 0.0, "large_room_potter0_20": 0.45}
[pair_H] {"steps": 3940352, "elapsed_s": 3642.3, "coordination_ring_sparse20": 129.0, "coordination_ring_potter0_20": 0.0, "large_room_sparse20": 0.0, "large_room_potter0_20": 0.5}
[pair_H] {"steps": 3942400, "elapsed_s": 3644.2, "coordination_ring_sparse20": 128.0, "coordination_ring_potter0_20": 0.0, "large_room_sparse20": 0.0, "large_room_potter0_20": 0.45}
[pair_H] {"steps": 3944448, "elapsed_s": 3646.1, "coordination_ring_sparse20": 129.0, "coordination_ring_potter0_20": 0.0, "large_room_sparse20": 0.0, "large_room_potter0_20": 0.45}
[pair_H] {"steps": 3946496, "elapsed_s": 3647.8, "coordination_ring_sparse20": 128.0, "coordination_ring_potter0_20": 0.0, "large_room_sparse20": 0.0, "large_room_potter0_20": 0.45}
[pair_H] {"steps": 3948544, "elapsed_s": 3649.7, "coordination_ring_sparse20": 127.0, "coordination_ring_potter0_20": 0.0, "large_room_sparse20": 0.0, "large_room_potter0_20": 0.4}
[pair_H] {"steps": 3950592, "elapsed_s": 3651.4, "coordination_ring_sparse20": 131.0, "coordination_ring_potter0_20": 0.0, "large_room_sparse20": 0.0, "large_room_potter0_20": 0.4}
[pair_H] {"steps": 3952640, "elapsed_s": 3653.0, "coordination_ring_sparse20": 131.0, "coordination_ring_potter0_20": 0.0, "large_room_sparse20": 0.0, "large_room_potter0_20": 0.4}
[pair_H] {"steps": 3954688, "elapsed_s": 3654.8, "coordination_ring_sparse20": 132.0, "coordination_ring_potter0_20": 0.0, "large_room_sparse20": 0.0, "large_room_potter0_20": 0.4}
[pair_H] {"steps": 3956736, "elapsed_s": 3656.5, "coordination_ring_sparse20": 132.0, "coordination_ring_potter0_20": 0.0, "large_room_sparse20": 0.0, "large_room_potter0_20": 0.45}
[pair_H] {"steps": 3958784, "elapsed_s": 3658.1, "coordination_ring_sparse20": 131.0, "coordination_ring_potter0_20": 0.0, "large_room_sparse20": 0.0, "large_room_potter0_20": 0.5}
[pair_H] {"steps": 3960832, "elapsed_s": 3659.8, "coordination_ring_sparse20": 131.0, "coordination_ring_potter0_20": 0.0, "large_room_sparse20": 0.0, "large_room_potter0_20": 0.5}
[pair_H] {"steps": 3962880, "elapsed_s": 3661.3, "coordination_ring_sparse20": 134.0, "coordination_ring_potter0_20": 0.0, "large_room_sparse20": 0.0, "large_room_potter0_20": 0.5}
[pair_H] {"steps": 3964928, "elapsed_s": 3662.8, "coordination_ring_sparse20": 132.0, "coordination_ring_potter0_20": 0.0, "large_room_sparse20": 0.0, "large_room_potter0_20": 0.5}
[pair_H] {"steps": 3966976, "elapsed_s": 3664.5, "coordination_ring_sparse20": 132.0, "coordination_ring_potter0_20": 0.0, "large_room_sparse20": 0.0, "large_room_potter0_20": 0.5}
[pair_H] {"steps": 3969024, "elapsed_s": 3666.0, "coordination_ring_sparse20": 129.0, "coordination_ring_potter0_20": 0.0, "large_room_sparse20": 0.0, "large_room_potter0_20": 0.5}
[pair_H] {"steps": 3971072, "elapsed_s": 3667.5, "coordination_ring_sparse20": 129.0, "coordination_ring_potter0_20": 0.0, "large_room_sparse20": 0.0, "large_room_potter0_20": 0.5}
[pair_H] {"steps": 3973120, "elapsed_s": 3669.2, "coordination_ring_sparse20": 130.0, "coordination_ring_potter0_20": 0.0, "large_room_sparse20": 0.0, "large_room_potter0_20": 0.55}
[pair_H] {"steps": 3975168, "elapsed_s": 3670.7, "coordination_ring_sparse20": 127.0, "coordination_ring_potter0_20": 0.0, "large_room_sparse20": 0.0, "large_room_potter0_20": 0.55}
[pair_H] {"steps": 3977216, "elapsed_s": 3672.4, "coordination_ring_sparse20": 127.0, "coordination_ring_potter0_20": 0.0, "large_room_sparse20": 0.0, "large_room_potter0_20": 0.55}
[pair_H] {"steps": 3979264, "elapsed_s": 3674.1, "coordination_ring_sparse20": 126.0, "coordination_ring_potter0_20": 0.0, "large_room_sparse20": 0.0, "large_room_potter0_20": 0.55}
[pair_H] {"steps": 3981312, "elapsed_s": 3675.6, "coordination_ring_sparse20": 127.0, "coordination_ring_potter0_20": 0.0, "large_room_sparse20": 0.0, "large_room_potter0_20": 0.55}
[pair_H] {"steps": 3983360, "elapsed_s": 3677.4, "coordination_ring_sparse20": 124.0, "coordination_ring_potter0_20": 0.0, "large_room_sparse20": 0.0, "large_room_potter0_20": 0.55}
[pair_H] {"steps": 3985408, "elapsed_s": 3679.0, "coordination_ring_sparse20": 127.0, "coordination_ring_potter0_20": 0.0, "large_room_sparse20": 0.0, "large_room_potter0_20": 0.55}
[pair_H] {"steps": 3987456, "elapsed_s": 3680.6, "coordination_ring_sparse20": 123.0, "coordination_ring_potter0_20": 0.0, "large_room_sparse20": 0.0, "large_room_potter0_20": 0.55}
[pair_H] {"steps": 3989504, "elapsed_s": 3682.1, "coordination_ring_sparse20": 124.0, "coordination_ring_potter0_20": 0.0, "large_room_sparse20": 0.0, "large_room_potter0_20": 0.55}
[pair_H] {"steps": 3991552, "elapsed_s": 3683.9, "coordination_ring_sparse20": 125.0, "coordination_ring_potter0_20": 0.0, "large_room_sparse20": 0.0, "large_room_potter0_20": 0.6}
[pair_H] {"steps": 3993600, "elapsed_s": 3685.5, "coordination_ring_sparse20": 119.0, "coordination_ring_potter0_20": 0.0, "large_room_sparse20": 0.0, "large_room_potter0_20": 0.5}
[pair_H] {"steps": 3995648, "elapsed_s": 3687.1, "coordination_ring_sparse20": 111.0, "coordination_ring_potter0_20": 0.0, "large_room_sparse20": 0.0, "large_room_potter0_20": 0.45}
[pair_H] {"steps": 3997696, "elapsed_s": 3688.8, "coordination_ring_sparse20": 109.0, "coordination_ring_potter0_20": 0.0, "large_room_sparse20": 0.0, "large_room_potter0_20": 0.5}
[pair_H] {"steps": 3999744, "elapsed_s": 3690.3, "coordination_ring_sparse20": 101.0, "coordination_ring_potter0_20": 0.0, "large_room_sparse20": 0.0, "large_room_potter0_20": 0.45}
[pair_H] {"steps": 4001792, "elapsed_s": 3691.9, "coordination_ring_sparse20": 100.0, "coordination_ring_potter0_20": 0.0, "large_room_sparse20": 0.0, "large_room_potter0_20": 0.55}
[pair_H] {"steps": 4003840, "elapsed_s": 3693.5, "coordination_ring_sparse20": 98.0, "coordination_ring_potter0_20": 0.0, "large_room_sparse20": 0.0, "large_room_potter0_20": 0.5}
[pair_H] {"steps": 4005888, "elapsed_s": 3695.0, "coordination_ring_sparse20": 95.0, "coordination_ring_potter0_20": 0.0, "large_room_sparse20": 0.0, "large_room_potter0_20": 0.45}
[pair_H] {"steps": 4007936, "elapsed_s": 3696.6, "coordination_ring_sparse20": 95.0, "coordination_ring_potter0_20": 0.0, "large_room_sparse20": 0.0, "large_room_potter0_20": 0.4}
[pair_H] {"steps": 4009984, "elapsed_s": 3698.1, "coordination_ring_sparse20": 96.0, "coordination_ring_potter0_20": 0.0, "large_room_sparse20": 0.0, "large_room_potter0_20": 0.4}
[pair_H] {"steps": 4012032, "elapsed_s": 3699.7, "coordination_ring_sparse20": 96.0, "coordination_ring_potter0_20": 0.0, "large_room_sparse20": 0.0, "large_room_potter0_20": 0.35}
[pair_H] {"steps": 4014080, "elapsed_s": 3701.3, "coordination_ring_sparse20": 100.0, "coordination_ring_potter0_20": 0.0, "large_room_sparse20": 0.0, "large_room_potter0_20": 0.35}
[pair_H] {"steps": 4016128, "elapsed_s": 3703.0, "coordination_ring_sparse20": 105.0, "coordination_ring_potter0_20": 0.0, "large_room_sparse20": 0.0, "large_room_potter0_20": 0.45}
[pair_H] {"steps": 4018176, "elapsed_s": 3704.5, "coordination_ring_sparse20": 114.0, "coordination_ring_potter0_20": 0.0, "large_room_sparse20": 0.0, "large_room_potter0_20": 0.5}
[pair_H] {"steps": 4020224, "elapsed_s": 3706.4, "coordination_ring_sparse20": 120.0, "coordination_ring_potter0_20": 0.0, "large_room_sparse20": 0.0, "large_room_potter0_20": 0.55}
[pair_H] {"steps": 4022272, "elapsed_s": 3707.9, "coordination_ring_sparse20": 127.0, "coordination_ring_potter0_20": 0.0, "large_room_sparse20": 0.0, "large_room_potter0_20": 0.6}
[pair_H] {"steps": 4024320, "elapsed_s": 3709.4, "coordination_ring_sparse20": 132.0, "coordination_ring_potter0_20": 0.0, "large_room_sparse20": 0.0, "large_room_potter0_20": 0.65}
[pair_H] {"steps": 4026368, "elapsed_s": 3711.2, "coordination_ring_sparse20": 133.0, "coordination_ring_potter0_20": 0.0, "large_room_sparse20": 0.0, "large_room_potter0_20": 0.6}
[pair_H] {"steps": 4028416, "elapsed_s": 3713.4, "coordination_ring_sparse20": 130.0, "coordination_ring_potter0_20": 0.0, "large_room_sparse20": 0.0, "large_room_potter0_20": 0.7}
[pair_H] {"steps": 4030464, "elapsed_s": 3716.1, "coordination_ring_sparse20": 130.0, "coordination_ring_potter0_20": 0.0, "large_room_sparse20": 0.0, "large_room_potter0_20": 0.75}
[pair_H] {"steps": 4032512, "elapsed_s": 3718.5, "coordination_ring_sparse20": 132.0, "coordination_ring_potter0_20": 0.0, "large_room_sparse20": 0.0, "large_room_potter0_20": 0.75}
[pair_H] {"steps": 4034560, "elapsed_s": 3720.7, "coordination_ring_sparse20": 130.0, "coordination_ring_potter0_20": 0.0, "large_room_sparse20": 0.0, "large_room_potter0_20": 0.7}
[pair_H] {"steps": 4036608, "elapsed_s": 3723.8, "coordination_ring_sparse20": 131.0, "coordination_ring_potter0_20": 0.0, "large_room_sparse20": 0.0, "large_room_potter0_20": 0.6}
[pair_H] {"steps": 4038656, "elapsed_s": 3726.1, "coordination_ring_sparse20": 132.0, "coordination_ring_potter0_20": 0.0, "large_room_sparse20": 0.0, "large_room_potter0_20": 0.65}
[pair_H] {"steps": 4040704, "elapsed_s": 3728.2, "coordination_ring_sparse20": 131.0, "coordination_ring_potter0_20": 0.0, "large_room_sparse20": 0.0, "large_room_potter0_20": 0.6}
[pair_H] {"steps": 4042752, "elapsed_s": 3730.2, "coordination_ring_sparse20": 129.0, "coordination_ring_potter0_20": 0.0, "large_room_sparse20": 0.0, "large_room_potter0_20": 0.5}
[pair_H] {"steps": 4044800, "elapsed_s": 3732.4, "coordination_ring_sparse20": 130.0, "coordination_ring_potter0_20": 0.0, "large_room_sparse20": 0.0, "large_room_potter0_20": 0.5}
[pair_H] {"steps": 4046848, "elapsed_s": 3734.6, "coordination_ring_sparse20": 127.0, "coordination_ring_potter0_20": 0.0, "large_room_sparse20": 0.0, "large_room_potter0_20": 0.35}
[pair_H] {"steps": 4048896, "elapsed_s": 3736.7, "coordination_ring_sparse20": 127.0, "coordination_ring_potter0_20": 0.0, "large_room_sparse20": 0.0, "large_room_potter0_20": 0.3}
[pair_H] {"steps": 4050944, "elapsed_s": 3738.7, "coordination_ring_sparse20": 124.0, "coordination_ring_potter0_20": 0.0, "large_room_sparse20": 0.0, "large_room_potter0_20": 0.25}
[pair_H] {"steps": 4052992, "elapsed_s": 3741.2, "coordination_ring_sparse20": 115.0, "coordination_ring_potter0_20": 0.0, "large_room_sparse20": 0.0, "large_room_potter0_20": 0.3}
[pair_H] {"steps": 4055040, "elapsed_s": 3744.3, "coordination_ring_sparse20": 111.0, "coordination_ring_potter0_20": 0.0, "large_room_sparse20": 0.0, "large_room_potter0_20": 0.3}
[pair_H] {"steps": 4057088, "elapsed_s": 3747.7, "coordination_ring_sparse20": 104.0, "coordination_ring_potter0_20": 0.0, "large_room_sparse20": 0.0, "large_room_potter0_20": 0.3}
[pair_H] {"steps": 4059136, "elapsed_s": 3750.7, "coordination_ring_sparse20": 101.0, "coordination_ring_potter0_20": 0.0, "large_room_sparse20": 0.0, "large_room_potter0_20": 0.3}
[pair_H] {"steps": 4061184, "elapsed_s": 3753.6, "coordination_ring_sparse20": 105.0, "coordination_ring_potter0_20": 0.0, "large_room_sparse20": 0.0, "large_room_potter0_20": 0.35}
[pair_H] {"steps": 4063232, "elapsed_s": 3756.9, "coordination_ring_sparse20": 109.0, "coordination_ring_potter0_20": 0.0, "large_room_sparse20": 0.0, "large_room_potter0_20": 0.35}
[pair_H] {"steps": 4065280, "elapsed_s": 3760.2, "coordination_ring_sparse20": 114.0, "coordination_ring_potter0_20": 0.0, "large_room_sparse20": 0.0, "large_room_potter0_20": 0.35}
[pair_H] {"steps": 4067328, "elapsed_s": 3762.7, "coordination_ring_sparse20": 116.0, "coordination_ring_potter0_20": 0.0, "large_room_sparse20": 0.0, "large_room_potter0_20": 0.35}
[pair_H] {"steps": 4069376, "elapsed_s": 3765.3, "coordination_ring_sparse20": 120.0, "coordination_ring_potter0_20": 0.0, "large_room_sparse20": 0.0, "large_room_potter0_20": 0.4}
[pair_H] {"steps": 4071424, "elapsed_s": 3768.8, "coordination_ring_sparse20": 126.0, "coordination_ring_potter0_20": 0.0, "large_room_sparse20": 0.0, "large_room_potter0_20": 0.4}
[pair_H] {"steps": 4073472, "elapsed_s": 3771.9, "coordination_ring_sparse20": 129.0, "coordination_ring_potter0_20": 0.05, "large_room_sparse20": 0.0, "large_room_potter0_20": 0.4}
[pair_H] {"steps": 4075520, "elapsed_s": 3775.1, "coordination_ring_sparse20": 132.0, "coordination_ring_potter0_20": 0.05, "large_room_sparse20": 0.0, "large_room_potter0_20": 0.35}
[pair_H] {"steps": 4077568, "elapsed_s": 3779.0, "coordination_ring_sparse20": 124.0, "coordination_ring_potter0_20": 0.05, "large_room_sparse20": 0.0, "large_room_potter0_20": 0.35}
[pair_H] {"steps": 4079616, "elapsed_s": 3784.5, "coordination_ring_sparse20": 124.0, "coordination_ring_potter0_20": 0.05, "large_room_sparse20": 0.0, "large_room_potter0_20": 0.4}
[pair_H] {"steps": 4081664, "elapsed_s": 3787.8, "coordination_ring_sparse20": 125.0, "coordination_ring_potter0_20": 0.05, "large_room_sparse20": 0.0, "large_room_potter0_20": 0.4}
[pair_H] {"steps": 4083712, "elapsed_s": 3790.9, "coordination_ring_sparse20": 124.0, "coordination_ring_potter0_20": 0.05, "large_room_sparse20": 0.0, "large_room_potter0_20": 0.4}
[pair_H] {"steps": 4085760, "elapsed_s": 3794.4, "coordination_ring_sparse20": 124.0, "coordination_ring_potter0_20": 0.05, "large_room_sparse20": 0.0, "large_room_potter0_20": 0.45}
[pair_H] {"steps": 4087808, "elapsed_s": 3798.2, "coordination_ring_sparse20": 120.0, "coordination_ring_potter0_20": 0.05, "large_room_sparse20": 0.0, "large_room_potter0_20": 0.45}
[pair_H] {"steps": 4089856, "elapsed_s": 3801.3, "coordination_ring_sparse20": 121.0, "coordination_ring_potter0_20": 0.05, "large_room_sparse20": 0.0, "large_room_potter0_20": 0.5}
[pair_H] {"steps": 4091904, "elapsed_s": 3804.1, "coordination_ring_sparse20": 122.0, "coordination_ring_potter0_20": 0.0, "large_room_sparse20": 0.0, "large_room_potter0_20": 0.5}
[pair_H] {"steps": 4093952, "elapsed_s": 3807.1, "coordination_ring_sparse20": 119.0, "coordination_ring_potter0_20": 0.0, "large_room_sparse20": 0.0, "large_room_potter0_20": 0.45}
[pair_H] {"steps": 4096000, "elapsed_s": 3809.3, "coordination_ring_sparse20": 123.0, "coordination_ring_potter0_20": 0.0, "large_room_sparse20": 0.0, "large_room_potter0_20": 0.45}
[pair_H] {"steps": 4098048, "elapsed_s": 3812.3, "coordination_ring_sparse20": 121.0, "coordination_ring_potter0_20": 0.0, "large_room_sparse20": 0.0, "large_room_potter0_20": 0.5}
[pair_H] {"steps": 4100096, "elapsed_s": 3816.4, "coordination_ring_sparse20": 123.0, "coordination_ring_potter0_20": 0.0, "large_room_sparse20": 0.0, "large_room_potter0_20": 0.5}
[pair_H] {"steps": 4102144, "elapsed_s": 3819.8, "coordination_ring_sparse20": 122.0, "coordination_ring_potter0_20": 0.0, "large_room_sparse20": 0.0, "large_room_potter0_20": 0.5}
[pair_H] {"steps": 4104192, "elapsed_s": 3824.7, "coordination_ring_sparse20": 124.0, "coordination_ring_potter0_20": 0.0, "large_room_sparse20": 0.0, "large_room_potter0_20": 0.5}
[pair_H] {"steps": 4106240, "elapsed_s": 3830.2, "coordination_ring_sparse20": 124.0, "coordination_ring_potter0_20": 0.0, "large_room_sparse20": 0.0, "large_room_potter0_20": 0.5}
[pair_H] {"steps": 4108288, "elapsed_s": 3834.5, "coordination_ring_sparse20": 124.0, "coordination_ring_potter0_20": 0.0, "large_room_sparse20": 0.0, "large_room_potter0_20": 0.5}
[pair_H] {"steps": 4110336, "elapsed_s": 3839.6, "coordination_ring_sparse20": 120.0, "coordination_ring_potter0_20": 0.0, "large_room_sparse20": 0.0, "large_room_potter0_20": 0.5}
[pair_H] {"steps": 4112384, "elapsed_s": 3844.4, "coordination_ring_sparse20": 120.0, "coordination_ring_potter0_20": 0.0, "large_room_sparse20": 0.0, "large_room_potter0_20": 0.5}
[pair_H] {"steps": 4114432, "elapsed_s": 3849.1, "coordination_ring_sparse20": 121.0, "coordination_ring_potter0_20": 0.0, "large_room_sparse20": 0.0, "large_room_potter0_20": 0.5}
[pair_H] {"steps": 4116480, "elapsed_s": 3852.7, "coordination_ring_sparse20": 121.0, "coordination_ring_potter0_20": 0.0, "large_room_sparse20": 0.0, "large_room_potter0_20": 0.5}
[pair_H] {"steps": 4118528, "elapsed_s": 3856.9, "coordination_ring_sparse20": 123.0, "coordination_ring_potter0_20": 0.0, "large_room_sparse20": 0.0, "large_room_potter0_20": 0.5}
[pair_H] {"steps": 4120576, "elapsed_s": 3861.1, "coordination_ring_sparse20": 123.0, "coordination_ring_potter0_20": 0.0, "large_room_sparse20": 0.0, "large_room_potter0_20": 0.5}
[pair_H] {"steps": 4122624, "elapsed_s": 3865.9, "coordination_ring_sparse20": 126.0, "coordination_ring_potter0_20": 0.0, "large_room_sparse20": 0.0, "large_room_potter0_20": 0.55}
[pair_H] {"steps": 4124672, "elapsed_s": 3870.9, "coordination_ring_sparse20": 129.0, "coordination_ring_potter0_20": 0.0, "large_room_sparse20": 0.0, "large_room_potter0_20": 0.65}
[pair_H] {"steps": 4126720, "elapsed_s": 3875.8, "coordination_ring_sparse20": 131.0, "coordination_ring_potter0_20": 0.0, "large_room_sparse20": 0.0, "large_room_potter0_20": 0.55}
[pair_H] {"steps": 4128768, "elapsed_s": 3879.7, "coordination_ring_sparse20": 135.0, "coordination_ring_potter0_20": 0.0, "large_room_sparse20": 0.0, "large_room_potter0_20": 0.6}
[pair_H] {"steps": 4130816, "elapsed_s": 3884.5, "coordination_ring_sparse20": 137.0, "coordination_ring_potter0_20": 0.0, "large_room_sparse20": 0.0, "large_room_potter0_20": 0.55}
[pair_H] {"steps": 4132864, "elapsed_s": 3888.5, "coordination_ring_sparse20": 137.0, "coordination_ring_potter0_20": 0.0, "large_room_sparse20": 0.0, "large_room_potter0_20": 0.5}
[pair_H] {"steps": 4134912, "elapsed_s": 3893.5, "coordination_ring_sparse20": 138.0, "coordination_ring_potter0_20": 0.0, "large_room_sparse20": 0.0, "large_room_potter0_20": 0.5}
[pair_H] {"steps": 4136960, "elapsed_s": 3898.4, "coordination_ring_sparse20": 137.0, "coordination_ring_potter0_20": 0.0, "large_room_sparse20": 0.0, "large_room_potter0_20": 0.55}
[pair_H] {"steps": 4139008, "elapsed_s": 3903.3, "coordination_ring_sparse20": 135.0, "coordination_ring_potter0_20": 0.0, "large_room_sparse20": 0.0, "large_room_potter0_20": 0.55}
[pair_H] {"steps": 4141056, "elapsed_s": 3908.3, "coordination_ring_sparse20": 134.0, "coordination_ring_potter0_20": 0.0, "large_room_sparse20": 0.0, "large_room_potter0_20": 0.55}
[pair_H] {"steps": 4143104, "elapsed_s": 3913.5, "coordination_ring_sparse20": 134.0, "coordination_ring_potter0_20": 0.0, "large_room_sparse20": 0.0, "large_room_potter0_20": 0.5}
[pair_H] {"steps": 4145152, "elapsed_s": 3919.0, "coordination_ring_sparse20": 133.0, "coordination_ring_potter0_20": 0.0, "large_room_sparse20": 0.0, "large_room_potter0_20": 0.45}
[pair_H] {"steps": 4147200, "elapsed_s": 3922.9, "coordination_ring_sparse20": 131.0, "coordination_ring_potter0_20": 0.0, "large_room_sparse20": 0.0, "large_room_potter0_20": 0.5}
[pair_H] {"steps": 4149248, "elapsed_s": 3926.8, "coordination_ring_sparse20": 129.0, "coordination_ring_potter0_20": 0.0, "large_room_sparse20": 0.0, "large_room_potter0_20": 0.45}
[pair_H] {"steps": 4151296, "elapsed_s": 3932.0, "coordination_ring_sparse20": 131.0, "coordination_ring_potter0_20": 0.0, "large_room_sparse20": 0.0, "large_room_potter0_20": 0.4}
[pair_H] {"steps": 4153344, "elapsed_s": 3935.3, "coordination_ring_sparse20": 132.0, "coordination_ring_potter0_20": 0.0, "large_room_sparse20": 0.0, "large_room_potter0_20": 0.35}
[pair_H] {"steps": 4155392, "elapsed_s": 3938.4, "coordination_ring_sparse20": 132.0, "coordination_ring_potter0_20": 0.0, "large_room_sparse20": 0.0, "large_room_potter0_20": 0.3}
[pair_H] {"steps": 4157440, "elapsed_s": 3943.0, "coordination_ring_sparse20": 132.0, "coordination_ring_potter0_20": 0.05, "large_room_sparse20": 0.0, "large_room_potter0_20": 0.3}
[pair_H] {"steps": 4159488, "elapsed_s": 3949.6, "coordination_ring_sparse20": 133.0, "coordination_ring_potter0_20": 0.05, "large_room_sparse20": 0.0, "large_room_potter0_20": 0.35}
[pair_H] {"steps": 4161536, "elapsed_s": 3953.5, "coordination_ring_sparse20": 127.0, "coordination_ring_potter0_20": 0.05, "large_room_sparse20": 0.0, "large_room_potter0_20": 0.35}
[pair_H] {"steps": 4163584, "elapsed_s": 3957.4, "coordination_ring_sparse20": 131.0, "coordination_ring_potter0_20": 0.05, "large_room_sparse20": 0.0, "large_room_potter0_20": 0.35}
[pair_H] {"steps": 4165632, "elapsed_s": 3962.6, "coordination_ring_sparse20": 130.0, "coordination_ring_potter0_20": 0.05, "large_room_sparse20": 0.0, "large_room_potter0_20": 0.35}
[pair_H] {"steps": 4167680, "elapsed_s": 3967.6, "coordination_ring_sparse20": 130.0, "coordination_ring_potter0_20": 0.05, "large_room_sparse20": 0.0, "large_room_potter0_20": 0.35}
[pair_H] {"steps": 4169728, "elapsed_s": 3973.1, "coordination_ring_sparse20": 131.0, "coordination_ring_potter0_20": 0.0, "large_room_sparse20": 0.0, "large_room_potter0_20": 0.35}
[pair_H] {"steps": 4171776, "elapsed_s": 3977.9, "coordination_ring_sparse20": 139.0, "coordination_ring_potter0_20": 0.0, "large_room_sparse20": 0.0, "large_room_potter0_20": 0.35}
[pair_H] {"steps": 4173824, "elapsed_s": 3984.0, "coordination_ring_sparse20": 139.0, "coordination_ring_potter0_20": 0.0, "large_room_sparse20": 0.0, "large_room_potter0_20": 0.35}
[pair_H] {"steps": 4175872, "elapsed_s": 3989.4, "coordination_ring_sparse20": 137.0, "coordination_ring_potter0_20": 0.0, "large_room_sparse20": 0.0, "large_room_potter0_20": 0.35}
[pair_H] {"steps": 4177920, "elapsed_s": 3994.4, "coordination_ring_sparse20": 136.0, "coordination_ring_potter0_20": 0.0, "large_room_sparse20": 0.0, "large_room_potter0_20": 0.35}
[pair_H] {"steps": 4179968, "elapsed_s": 4000.4, "coordination_ring_sparse20": 135.0, "coordination_ring_potter0_20": 0.0, "large_room_sparse20": 0.0, "large_room_potter0_20": 0.35}
[pair_H] {"steps": 4182016, "elapsed_s": 4006.8, "coordination_ring_sparse20": 133.0, "coordination_ring_potter0_20": 0.0, "large_room_sparse20": 0.0, "large_room_potter0_20": 0.4}
[pair_H] {"steps": 4184064, "elapsed_s": 4011.2, "coordination_ring_sparse20": 118.0, "coordination_ring_potter0_20": 0.1, "large_room_sparse20": 0.0, "large_room_potter0_20": 0.4}
[pair_H] {"steps": 4186112, "elapsed_s": 4017.1, "coordination_ring_sparse20": 118.0, "coordination_ring_potter0_20": 0.1, "large_room_sparse20": 0.0, "large_room_potter0_20": 0.45}
[pair_H] {"steps": 4188160, "elapsed_s": 4021.8, "coordination_ring_sparse20": 117.0, "coordination_ring_potter0_20": 0.1, "large_room_sparse20": 0.0, "large_room_potter0_20": 0.4}
[pair_H] {"steps": 4190208, "elapsed_s": 4025.8, "coordination_ring_sparse20": 116.0, "coordination_ring_potter0_20": 0.1, "large_room_sparse20": 0.0, "large_room_potter0_20": 0.4}
[pair_H] {"steps": 4192256, "elapsed_s": 4030.3, "coordination_ring_sparse20": 115.0, "coordination_ring_potter0_20": 0.1, "large_room_sparse20": 0.0, "large_room_potter0_20": 0.35}
[pair_H] {"steps": 4194304, "elapsed_s": 4035.3, "coordination_ring_sparse20": 113.0, "coordination_ring_potter0_20": 0.1, "large_room_sparse20": 0.0, "large_room_potter0_20": 0.35}
[pair_H] {"steps": 4196352, "elapsed_s": 4039.0, "coordination_ring_sparse20": 113.0, "coordination_ring_potter0_20": 0.1, "large_room_sparse20": 0.0, "large_room_potter0_20": 0.35}
[pair_H] {"steps": 4198400, "elapsed_s": 4043.0, "coordination_ring_sparse20": 114.0, "coordination_ring_potter0_20": 0.1, "large_room_sparse20": 0.0, "large_room_potter0_20": 0.3}
[pair_H] {"steps": 4200448, "elapsed_s": 4047.4, "coordination_ring_sparse20": 117.0, "coordination_ring_potter0_20": 0.1, "large_room_sparse20": 0.0, "large_room_potter0_20": 0.3}
[pair_H] {"steps": 4202496, "elapsed_s": 4051.2, "coordination_ring_sparse20": 127.0, "coordination_ring_potter0_20": 0.1, "large_room_sparse20": 0.0, "large_room_potter0_20": 0.3}
[pair_H] {"steps": 4204544, "elapsed_s": 4056.3, "coordination_ring_sparse20": 130.0, "coordination_ring_potter0_20": 0.0, "large_room_sparse20": 0.0, "large_room_potter0_20": 0.3}
[pair_H] {"steps": 4206592, "elapsed_s": 4060.4, "coordination_ring_sparse20": 132.0, "coordination_ring_potter0_20": 0.0, "large_room_sparse20": 0.0, "large_room_potter0_20": 0.3}
[pair_H] {"steps": 4208640, "elapsed_s": 4064.1, "coordination_ring_sparse20": 129.0, "coordination_ring_potter0_20": 0.0, "large_room_sparse20": 0.0, "large_room_potter0_20": 0.3}
[pair_H] {"steps": 4210688, "elapsed_s": 4067.8, "coordination_ring_sparse20": 132.0, "coordination_ring_potter0_20": 0.0, "large_room_sparse20": 0.0, "large_room_potter0_20": 0.3}
[pair_H] {"steps": 4212736, "elapsed_s": 4072.6, "coordination_ring_sparse20": 134.0, "coordination_ring_potter0_20": 0.0, "large_room_sparse20": 0.0, "large_room_potter0_20": 0.35}
[pair_H] {"steps": 4214784, "elapsed_s": 4078.0, "coordination_ring_sparse20": 136.0, "coordination_ring_potter0_20": 0.0, "large_room_sparse20": 0.0, "large_room_potter0_20": 0.3}
[pair_H] {"steps": 4216832, "elapsed_s": 4082.6, "coordination_ring_sparse20": 136.0, "coordination_ring_potter0_20": 0.05, "large_room_sparse20": 0.0, "large_room_potter0_20": 0.3}
[pair_H] {"steps": 4218880, "elapsed_s": 4086.7, "coordination_ring_sparse20": 136.0, "coordination_ring_potter0_20": 0.05, "large_room_sparse20": 0.0, "large_room_potter0_20": 0.35}
[pair_H] {"steps": 4220928, "elapsed_s": 4091.9, "coordination_ring_sparse20": 135.0, "coordination_ring_potter0_20": 0.05, "large_room_sparse20": 0.0, "large_room_potter0_20": 0.35}
[pair_H] {"steps": 4222976, "elapsed_s": 4096.8, "coordination_ring_sparse20": 140.0, "coordination_ring_potter0_20": 0.05, "large_room_sparse20": 0.0, "large_room_potter0_20": 0.35}
[pair_H] {"steps": 4225024, "elapsed_s": 4101.9, "coordination_ring_sparse20": 138.0, "coordination_ring_potter0_20": 0.05, "large_room_sparse20": 0.0, "large_room_potter0_20": 0.4}
[pair_H] {"steps": 4227072, "elapsed_s": 4105.4, "coordination_ring_sparse20": 140.0, "coordination_ring_potter0_20": 0.05, "large_room_sparse20": 0.0, "large_room_potter0_20": 0.4}
[pair_H] {"steps": 4229120, "elapsed_s": 4109.6, "coordination_ring_sparse20": 136.0, "coordination_ring_potter0_20": 0.05, "large_room_sparse20": 0.0, "large_room_potter0_20": 0.4}
[pair_H] {"steps": 4231168, "elapsed_s": 4114.3, "coordination_ring_sparse20": 136.0, "coordination_ring_potter0_20": 0.0, "large_room_sparse20": 0.0, "large_room_potter0_20": 0.4}
[pair_H] {"steps": 4233216, "elapsed_s": 4119.7, "coordination_ring_sparse20": 137.0, "coordination_ring_potter0_20": 0.0, "large_room_sparse20": 0.0, "large_room_potter0_20": 0.45}
[pair_H] {"steps": 4235264, "elapsed_s": 4125.3, "coordination_ring_sparse20": 138.0, "coordination_ring_potter0_20": 0.0, "large_room_sparse20": 0.0, "large_room_potter0_20": 0.45}
[pair_H] {"steps": 4237312, "elapsed_s": 4130.5, "coordination_ring_sparse20": 138.0, "coordination_ring_potter0_20": 0.0, "large_room_sparse20": 0.0, "large_room_potter0_20": 0.45}
[pair_H] {"steps": 4239360, "elapsed_s": 4135.6, "coordination_ring_sparse20": 139.0, "coordination_ring_potter0_20": 0.0, "large_room_sparse20": 0.0, "large_room_potter0_20": 0.5}
[pair_H] {"steps": 4241408, "elapsed_s": 4140.8, "coordination_ring_sparse20": 138.0, "coordination_ring_potter0_20": 0.0, "large_room_sparse20": 0.0, "large_room_potter0_20": 0.5}
[pair_H] {"steps": 4243456, "elapsed_s": 4146.8, "coordination_ring_sparse20": 139.0, "coordination_ring_potter0_20": 0.0, "large_room_sparse20": 0.0, "large_room_potter0_20": 0.5}
[pair_H] {"steps": 4245504, "elapsed_s": 4152.4, "coordination_ring_sparse20": 139.0, "coordination_ring_potter0_20": 0.0, "large_room_sparse20": 0.0, "large_room_potter0_20": 0.5}
[pair_H] {"steps": 4247552, "elapsed_s": 4157.6, "coordination_ring_sparse20": 139.0, "coordination_ring_potter0_20": 0.0, "large_room_sparse20": 0.0, "large_room_potter0_20": 0.5}
[pair_H] {"steps": 4249600, "elapsed_s": 4162.1, "coordination_ring_sparse20": 139.0, "coordination_ring_potter0_20": 0.0, "large_room_sparse20": 0.0, "large_room_potter0_20": 0.55}
[pair_H] {"steps": 4251648, "elapsed_s": 4167.4, "coordination_ring_sparse20": 137.0, "coordination_ring_potter0_20": 0.0, "large_room_sparse20": 0.0, "large_room_potter0_20": 0.55}
[pair_H] {"steps": 4253696, "elapsed_s": 4174.0, "coordination_ring_sparse20": 136.0, "coordination_ring_potter0_20": 0.0, "large_room_sparse20": 0.0, "large_room_potter0_20": 0.55}
[pair_H] {"steps": 4255744, "elapsed_s": 4178.4, "coordination_ring_sparse20": 136.0, "coordination_ring_potter0_20": 0.0, "large_room_sparse20": 0.0, "large_room_potter0_20": 0.55}
[pair_H] {"steps": 4257792, "elapsed_s": 4182.8, "coordination_ring_sparse20": 134.0, "coordination_ring_potter0_20": 0.0, "large_room_sparse20": 0.0, "large_room_potter0_20": 0.55}
[pair_H] {"steps": 4259840, "elapsed_s": 4188.7, "coordination_ring_sparse20": 134.0, "coordination_ring_potter0_20": 0.0, "large_room_sparse20": 0.0, "large_room_potter0_20": 0.55}
[pair_H] {"steps": 4261888, "elapsed_s": 4194.6, "coordination_ring_sparse20": 132.0, "coordination_ring_potter0_20": 0.0, "large_room_sparse20": 0.0, "large_room_potter0_20": 0.55}
[pair_H] {"steps": 4263936, "elapsed_s": 4200.1, "coordination_ring_sparse20": 131.0, "coordination_ring_potter0_20": 0.0, "large_room_sparse20": 0.0, "large_room_potter0_20": 0.55}
[pair_H] {"steps": 4265984, "elapsed_s": 4204.7, "coordination_ring_sparse20": 122.0, "coordination_ring_potter0_20": 0.0, "large_room_sparse20": 0.0, "large_room_potter0_20": 0.55}
[pair_H] {"steps": 4268032, "elapsed_s": 4209.0, "coordination_ring_sparse20": 122.0, "coordination_ring_potter0_20": 0.0, "large_room_sparse20": 0.0, "large_room_potter0_20": 0.45}
[pair_H] {"steps": 4270080, "elapsed_s": 4213.7, "coordination_ring_sparse20": 121.0, "coordination_ring_potter0_20": 0.0, "large_room_sparse20": 0.0, "large_room_potter0_20": 0.45}
[pair_H] {"steps": 4272128, "elapsed_s": 4219.9, "coordination_ring_sparse20": 118.0, "coordination_ring_potter0_20": 0.0, "large_room_sparse20": 0.0, "large_room_potter0_20": 0.45}
[pair_H] {"steps": 4274176, "elapsed_s": 4224.8, "coordination_ring_sparse20": 115.0, "coordination_ring_potter0_20": 0.0, "large_room_sparse20": 0.0, "large_room_potter0_20": 0.45}
[pair_H] {"steps": 4276224, "elapsed_s": 4230.1, "coordination_ring_sparse20": 114.0, "coordination_ring_potter0_20": 0.0, "large_room_sparse20": 0.0, "large_room_potter0_20": 0.45}
[pair_H] {"steps": 4278272, "elapsed_s": 4234.8, "coordination_ring_sparse20": 112.0, "coordination_ring_potter0_20": 0.0, "large_room_sparse20": 0.0, "large_room_potter0_20": 0.4}
[pair_H] {"steps": 4280320, "elapsed_s": 4239.0, "coordination_ring_sparse20": 117.0, "coordination_ring_potter0_20": 0.0, "large_room_sparse20": 0.0, "large_room_potter0_20": 0.45}
[pair_H] {"steps": 4282368, "elapsed_s": 4244.4, "coordination_ring_sparse20": 113.0, "coordination_ring_potter0_20": 0.0, "large_room_sparse20": 0.0, "large_room_potter0_20": 0.45}
[pair_H] {"steps": 4284416, "elapsed_s": 4249.9, "coordination_ring_sparse20": 111.0, "coordination_ring_potter0_20": 0.0, "large_room_sparse20": 0.0, "large_room_potter0_20": 0.45}
[pair_H] {"steps": 4286464, "elapsed_s": 4253.6, "coordination_ring_sparse20": 111.0, "coordination_ring_potter0_20": 0.0, "large_room_sparse20": 0.0, "large_room_potter0_20": 0.45}
[pair_H] {"steps": 4288512, "elapsed_s": 4259.2, "coordination_ring_sparse20": 110.0, "coordination_ring_potter0_20": 0.0, "large_room_sparse20": 0.0, "large_room_potter0_20": 0.5}
[pair_H] {"steps": 4290560, "elapsed_s": 4264.5, "coordination_ring_sparse20": 115.0, "coordination_ring_potter0_20": 0.0, "large_room_sparse20": 0.0, "large_room_potter0_20": 0.5}
[pair_H] {"steps": 4292608, "elapsed_s": 4270.0, "coordination_ring_sparse20": 117.0, "coordination_ring_potter0_20": 0.0, "large_room_sparse20": 0.0, "large_room_potter0_20": 0.5}
[pair_H] {"steps": 4294656, "elapsed_s": 4273.7, "coordination_ring_sparse20": 122.0, "coordination_ring_potter0_20": 0.0, "large_room_sparse20": 0.0, "large_room_potter0_20": 0.5}
[pair_H] {"steps": 4296704, "elapsed_s": 4278.4, "coordination_ring_sparse20": 127.0, "coordination_ring_potter0_20": 0.0, "large_room_sparse20": 0.0, "large_room_potter0_20": 0.5}
[pair_H] {"steps": 4298752, "elapsed_s": 4284.1, "coordination_ring_sparse20": 126.0, "coordination_ring_potter0_20": 0.0, "large_room_sparse20": 0.0, "large_room_potter0_20": 0.45}
[pair_H] {"steps": 4300800, "elapsed_s": 4288.7, "coordination_ring_sparse20": 127.0, "coordination_ring_potter0_20": 0.0, "large_room_sparse20": 0.0, "large_room_potter0_20": 0.5}
[pair_H] {"steps": 4302848, "elapsed_s": 4294.9, "coordination_ring_sparse20": 127.0, "coordination_ring_potter0_20": 0.0, "large_room_sparse20": 0.0, "large_room_potter0_20": 0.45}
[pair_H] {"steps": 4304896, "elapsed_s": 4300.9, "coordination_ring_sparse20": 128.0, "coordination_ring_potter0_20": 0.0, "large_room_sparse20": 0.0, "large_room_potter0_20": 0.45}
[pair_H] {"steps": 4306944, "elapsed_s": 4307.0, "coordination_ring_sparse20": 123.0, "coordination_ring_potter0_20": 0.0, "large_room_sparse20": 0.0, "large_room_potter0_20": 0.45}
[pair_H] {"steps": 4308992, "elapsed_s": 4312.1, "coordination_ring_sparse20": 122.0, "coordination_ring_potter0_20": 0.0, "large_room_sparse20": 0.0, "large_room_potter0_20": 0.45}
[pair_H] {"steps": 4311040, "elapsed_s": 4316.6, "coordination_ring_sparse20": 119.0, "coordination_ring_potter0_20": 0.0, "large_room_sparse20": 0.0, "large_room_potter0_20": 0.45}
[pair_H] {"steps": 4313088, "elapsed_s": 4321.6, "coordination_ring_sparse20": 117.0, "coordination_ring_potter0_20": 0.0, "large_room_sparse20": 0.0, "large_room_potter0_20": 0.45}
[pair_H] {"steps": 4315136, "elapsed_s": 4326.3, "coordination_ring_sparse20": 116.0, "coordination_ring_potter0_20": 0.0, "large_room_sparse20": 0.0, "large_room_potter0_20": 0.45}
[pair_H] {"steps": 4317184, "elapsed_s": 4331.5, "coordination_ring_sparse20": 109.0, "coordination_ring_potter0_20": 0.0, "large_room_sparse20": 0.0, "large_room_potter0_20": 0.45}
[pair_H] {"steps": 4319232, "elapsed_s": 4336.3, "coordination_ring_sparse20": 103.0, "coordination_ring_potter0_20": 0.0, "large_room_sparse20": 0.0, "large_room_potter0_20": 0.5}
[pair_H] {"steps": 4321280, "elapsed_s": 4341.3, "coordination_ring_sparse20": 101.0, "coordination_ring_potter0_20": 0.0, "large_room_sparse20": 0.0, "large_room_potter0_20": 0.5}
[pair_H] {"steps": 4323328, "elapsed_s": 4347.7, "coordination_ring_sparse20": 101.0, "coordination_ring_potter0_20": 0.0, "large_room_sparse20": 0.0, "large_room_potter0_20": 0.45}
[pair_H] {"steps": 4325376, "elapsed_s": 4352.6, "coordination_ring_sparse20": 98.0, "coordination_ring_potter0_20": 0.0, "large_room_sparse20": 0.0, "large_room_potter0_20": 0.45}
[pair_H] {"steps": 4327424, "elapsed_s": 4357.4, "coordination_ring_sparse20": 98.0, "coordination_ring_potter0_20": 0.0, "large_room_sparse20": 0.0, "large_room_potter0_20": 0.45}
[pair_H] {"steps": 4329472, "elapsed_s": 4361.9, "coordination_ring_sparse20": 99.0, "coordination_ring_potter0_20": 0.0, "large_room_sparse20": 0.0, "large_room_potter0_20": 0.45}
[pair_H] {"steps": 4331520, "elapsed_s": 4366.8, "coordination_ring_sparse20": 104.0, "coordination_ring_potter0_20": 0.0, "large_room_sparse20": 0.0, "large_room_potter0_20": 0.45}
[pair_H] {"steps": 4333568, "elapsed_s": 4371.2, "coordination_ring_sparse20": 109.0, "coordination_ring_potter0_20": 0.0, "large_room_sparse20": 0.0, "large_room_potter0_20": 0.45}
[pair_H] {"steps": 4335616, "elapsed_s": 4376.4, "coordination_ring_sparse20": 121.0, "coordination_ring_potter0_20": 0.05, "large_room_sparse20": 0.0, "large_room_potter0_20": 0.45}
[pair_H] {"steps": 4337664, "elapsed_s": 4380.1, "coordination_ring_sparse20": 124.0, "coordination_ring_potter0_20": 0.05, "large_room_sparse20": 0.0, "large_room_potter0_20": 0.45}
[pair_H] {"steps": 4339712, "elapsed_s": 4383.5, "coordination_ring_sparse20": 130.0, "coordination_ring_potter0_20": 0.05, "large_room_sparse20": 0.0, "large_room_potter0_20": 0.45}
[pair_H] {"steps": 4341760, "elapsed_s": 4385.4, "coordination_ring_sparse20": 131.0, "coordination_ring_potter0_20": 0.05, "large_room_sparse20": 0.0, "large_room_potter0_20": 0.55}
[pair_H] {"steps": 4343808, "elapsed_s": 4387.2, "coordination_ring_sparse20": 131.0, "coordination_ring_potter0_20": 0.05, "large_room_sparse20": 0.0, "large_room_potter0_20": 0.55}
[pair_H] {"steps": 4345856, "elapsed_s": 4389.0, "coordination_ring_sparse20": 133.0, "coordination_ring_potter0_20": 0.05, "large_room_sparse20": 0.0, "large_room_potter0_20": 0.55}
[pair_H] {"steps": 4347904, "elapsed_s": 4390.6, "coordination_ring_sparse20": 134.0, "coordination_ring_potter0_20": 0.05, "large_room_sparse20": 0.0, "large_room_potter0_20": 0.55}
[pair_H] {"steps": 4349952, "elapsed_s": 4392.3, "coordination_ring_sparse20": 131.0, "coordination_ring_potter0_20": 0.0, "large_room_sparse20": 0.0, "large_room_potter0_20": 0.55}
[pair_H] {"steps": 4352000, "elapsed_s": 4394.5, "coordination_ring_sparse20": 129.0, "coordination_ring_potter0_20": 0.0, "large_room_sparse20": 0.0, "large_room_potter0_20": 0.5}
[pair_H] {"steps": 4354048, "elapsed_s": 4396.4, "coordination_ring_sparse20": 129.0, "coordination_ring_potter0_20": 0.0, "large_room_sparse20": 0.0, "large_room_potter0_20": 0.45}
[pair_H] {"steps": 4356096, "elapsed_s": 4397.9, "coordination_ring_sparse20": 124.0, "coordination_ring_potter0_20": 0.0, "large_room_sparse20": 0.0, "large_room_potter0_20": 0.45}
[pair_H] {"steps": 4358144, "elapsed_s": 4399.5, "coordination_ring_sparse20": 123.0, "coordination_ring_potter0_20": 0.0, "large_room_sparse20": 0.0, "large_room_potter0_20": 0.45}
[pair_H] {"steps": 4360192, "elapsed_s": 4401.2, "coordination_ring_sparse20": 125.0, "coordination_ring_potter0_20": 0.0, "large_room_sparse20": 0.0, "large_room_potter0_20": 0.45}
[pair_H] {"steps": 4362240, "elapsed_s": 4403.6, "coordination_ring_sparse20": 126.0, "coordination_ring_potter0_20": 0.0, "large_room_sparse20": 0.0, "large_room_potter0_20": 0.45}
[pair_H] {"steps": 4364288, "elapsed_s": 4409.0, "coordination_ring_sparse20": 127.0, "coordination_ring_potter0_20": 0.0, "large_room_sparse20": 0.0, "large_room_potter0_20": 0.45}
[pair_H] {"steps": 4366336, "elapsed_s": 4415.4, "coordination_ring_sparse20": 131.0, "coordination_ring_potter0_20": 0.0, "large_room_sparse20": 0.0, "large_room_potter0_20": 0.45}
[pair_H] {"steps": 4368384, "elapsed_s": 4423.0, "coordination_ring_sparse20": 131.0, "coordination_ring_potter0_20": 0.0, "large_room_sparse20": 0.0, "large_room_potter0_20": 0.45}
[pair_H] {"steps": 4370432, "elapsed_s": 4428.7, "coordination_ring_sparse20": 135.0, "coordination_ring_potter0_20": 0.0, "large_room_sparse20": 0.0, "large_room_potter0_20": 0.45}
[pair_H] {"steps": 4372480, "elapsed_s": 4434.8, "coordination_ring_sparse20": 134.0, "coordination_ring_potter0_20": 0.0, "large_room_sparse20": 0.0, "large_room_potter0_20": 0.4}
[pair_H] {"steps": 4374528, "elapsed_s": 4440.8, "coordination_ring_sparse20": 134.0, "coordination_ring_potter0_20": 0.0, "large_room_sparse20": 0.0, "large_room_potter0_20": 0.35}
[pair_H] {"steps": 4376576, "elapsed_s": 4448.1, "coordination_ring_sparse20": 133.0, "coordination_ring_potter0_20": 0.0, "large_room_sparse20": 0.0, "large_room_potter0_20": 0.35}
[pair_H] {"steps": 4378624, "elapsed_s": 4453.8, "coordination_ring_sparse20": 131.0, "coordination_ring_potter0_20": 0.0, "large_room_sparse20": 0.0, "large_room_potter0_20": 0.35}
[pair_H] {"steps": 4380672, "elapsed_s": 4458.9, "coordination_ring_sparse20": 128.0, "coordination_ring_potter0_20": 0.0, "large_room_sparse20": 0.0, "large_room_potter0_20": 0.35}
[pair_H] {"steps": 4382720, "elapsed_s": 4464.7, "coordination_ring_sparse20": 130.0, "coordination_ring_potter0_20": 0.0, "large_room_sparse20": 0.0, "large_room_potter0_20": 0.35}
[pair_H] {"steps": 4384768, "elapsed_s": 4471.3, "coordination_ring_sparse20": 132.0, "coordination_ring_potter0_20": 0.0, "large_room_sparse20": 0.0, "large_room_potter0_20": 0.3}
[pair_H] {"steps": 4386816, "elapsed_s": 4476.8, "coordination_ring_sparse20": 132.0, "coordination_ring_potter0_20": 0.0, "large_room_sparse20": 0.0, "large_room_potter0_20": 0.35}
[pair_H] {"steps": 4388864, "elapsed_s": 4483.8, "coordination_ring_sparse20": 134.0, "coordination_ring_potter0_20": 0.0, "large_room_sparse20": 0.0, "large_room_potter0_20": 0.35}
[pair_H] {"steps": 4390912, "elapsed_s": 4489.9, "coordination_ring_sparse20": 138.0, "coordination_ring_potter0_20": 0.0, "large_room_sparse20": 0.0, "large_room_potter0_20": 0.3}
[pair_H] {"steps": 4392960, "elapsed_s": 4496.6, "coordination_ring_sparse20": 139.0, "coordination_ring_potter0_20": 0.0, "large_room_sparse20": 0.0, "large_room_potter0_20": 0.3}
[pair_H] {"steps": 4395008, "elapsed_s": 4502.8, "coordination_ring_sparse20": 138.0, "coordination_ring_potter0_20": 0.0, "large_room_sparse20": 0.0, "large_room_potter0_20": 0.35}
[pair_H] {"steps": 4397056, "elapsed_s": 4507.5, "coordination_ring_sparse20": 138.0, "coordination_ring_potter0_20": 0.0, "large_room_sparse20": 0.0, "large_room_potter0_20": 0.35}
[pair_H] {"steps": 4399104, "elapsed_s": 4513.4, "coordination_ring_sparse20": 140.0, "coordination_ring_potter0_20": 0.0, "large_room_sparse20": 0.0, "large_room_potter0_20": 0.35}
[pair_H] {"steps": 4401152, "elapsed_s": 4517.9, "coordination_ring_sparse20": 140.0, "coordination_ring_potter0_20": 0.05, "large_room_sparse20": 0.0, "large_room_potter0_20": 0.35}
[pair_H] {"steps": 4403200, "elapsed_s": 4523.0, "coordination_ring_sparse20": 140.0, "coordination_ring_potter0_20": 0.05, "large_room_sparse20": 0.0, "large_room_potter0_20": 0.4}
[pair_H] {"steps": 4405248, "elapsed_s": 4527.9, "coordination_ring_sparse20": 142.0, "coordination_ring_potter0_20": 0.05, "large_room_sparse20": 0.0, "large_room_potter0_20": 0.4}
[pair_H] {"steps": 4407296, "elapsed_s": 4532.4, "coordination_ring_sparse20": 142.0, "coordination_ring_potter0_20": 0.05, "large_room_sparse20": 0.0, "large_room_potter0_20": 0.4}
[pair_H] {"steps": 4409344, "elapsed_s": 4538.7, "coordination_ring_sparse20": 143.0, "coordination_ring_potter0_20": 0.05, "large_room_sparse20": 0.0, "large_room_potter0_20": 0.4}
[pair_H] {"steps": 4411392, "elapsed_s": 4545.7, "coordination_ring_sparse20": 142.0, "coordination_ring_potter0_20": 0.05, "large_room_sparse20": 0.0, "large_room_potter0_20": 0.45}
[pair_H] {"steps": 4413440, "elapsed_s": 4551.6, "coordination_ring_sparse20": 141.0, "coordination_ring_potter0_20": 0.05, "large_room_sparse20": 0.0, "large_room_potter0_20": 0.45}
[pair_H] {"steps": 4415488, "elapsed_s": 4557.5, "coordination_ring_sparse20": 136.0, "coordination_ring_potter0_20": 0.05, "large_room_sparse20": 0.0, "large_room_potter0_20": 0.5}
[pair_H] {"steps": 4417536, "elapsed_s": 4561.6, "coordination_ring_sparse20": 136.0, "coordination_ring_potter0_20": 0.0, "large_room_sparse20": 0.0, "large_room_potter0_20": 0.5}
[pair_H] {"steps": 4419584, "elapsed_s": 4569.1, "coordination_ring_sparse20": 136.0, "coordination_ring_potter0_20": 0.0, "large_room_sparse20": 0.0, "large_room_potter0_20": 0.5}
[pair_H] {"steps": 4421632, "elapsed_s": 4575.0, "coordination_ring_sparse20": 136.0, "coordination_ring_potter0_20": 0.0, "large_room_sparse20": 0.0, "large_room_potter0_20": 0.55}
[pair_H] {"steps": 4423680, "elapsed_s": 4579.8, "coordination_ring_sparse20": 133.0, "coordination_ring_potter0_20": 0.0, "large_room_sparse20": 0.0, "large_room_potter0_20": 0.55}
[pair_H] {"steps": 4425728, "elapsed_s": 4584.3, "coordination_ring_sparse20": 130.0, "coordination_ring_potter0_20": 0.0, "large_room_sparse20": 0.0, "large_room_potter0_20": 0.6}
[pair_H] {"steps": 4427776, "elapsed_s": 4590.2, "coordination_ring_sparse20": 130.0, "coordination_ring_potter0_20": 0.0, "large_room_sparse20": 0.0, "large_room_potter0_20": 0.6}
[pair_H] {"steps": 4429824, "elapsed_s": 4595.5, "coordination_ring_sparse20": 130.0, "coordination_ring_potter0_20": 0.0, "large_room_sparse20": 0.0, "large_room_potter0_20": 0.55}
[pair_H] {"steps": 4431872, "elapsed_s": 4600.6, "coordination_ring_sparse20": 130.0, "coordination_ring_potter0_20": 0.0, "large_room_sparse20": 0.0, "large_room_potter0_20": 0.55}
[pair_H] {"steps": 4433920, "elapsed_s": 4606.4, "coordination_ring_sparse20": 130.0, "coordination_ring_potter0_20": 0.0, "large_room_sparse20": 0.0, "large_room_potter0_20": 0.55}
[pair_H] {"steps": 4435968, "elapsed_s": 4612.4, "coordination_ring_sparse20": 130.0, "coordination_ring_potter0_20": 0.0, "large_room_sparse20": 0.0, "large_room_potter0_20": 0.55}
[pair_H] {"steps": 4438016, "elapsed_s": 4616.7, "coordination_ring_sparse20": 130.0, "coordination_ring_potter0_20": 0.0, "large_room_sparse20": 0.0, "large_room_potter0_20": 0.6}
[pair_H] {"steps": 4440064, "elapsed_s": 4622.9, "coordination_ring_sparse20": 125.0, "coordination_ring_potter0_20": 0.0, "large_room_sparse20": 0.0, "large_room_potter0_20": 0.65}
[pair_H] {"steps": 4442112, "elapsed_s": 4628.6, "coordination_ring_sparse20": 122.0, "coordination_ring_potter0_20": 0.0, "large_room_sparse20": 0.0, "large_room_potter0_20": 0.65}
[pair_H] {"steps": 4444160, "elapsed_s": 4635.5, "coordination_ring_sparse20": 120.0, "coordination_ring_potter0_20": 0.0, "large_room_sparse20": 0.0, "large_room_potter0_20": 0.65}
[pair_H] {"steps": 4446208, "elapsed_s": 4641.6, "coordination_ring_sparse20": 120.0, "coordination_ring_potter0_20": 0.0, "large_room_sparse20": 0.0, "large_room_potter0_20": 0.65}
[pair_H] {"steps": 4448256, "elapsed_s": 4646.8, "coordination_ring_sparse20": 122.0, "coordination_ring_potter0_20": 0.0, "large_room_sparse20": 0.0, "large_room_potter0_20": 0.65}
[pair_H] {"steps": 4450304, "elapsed_s": 4652.6, "coordination_ring_sparse20": 121.0, "coordination_ring_potter0_20": 0.0, "large_room_sparse20": 0.0, "large_room_potter0_20": 0.65}
[pair_H] {"steps": 4452352, "elapsed_s": 4658.1, "coordination_ring_sparse20": 117.0, "coordination_ring_potter0_20": 0.05, "large_room_sparse20": 0.0, "large_room_potter0_20": 0.65}
[pair_H] {"steps": 4454400, "elapsed_s": 4664.5, "coordination_ring_sparse20": 123.0, "coordination_ring_potter0_20": 0.05, "large_room_sparse20": 0.0, "large_room_potter0_20": 0.65}
[pair_H] {"steps": 4456448, "elapsed_s": 4670.0, "coordination_ring_sparse20": 124.0, "coordination_ring_potter0_20": 0.05, "large_room_sparse20": 0.0, "large_room_potter0_20": 0.65}
[pair_H] {"steps": 4458496, "elapsed_s": 4674.6, "coordination_ring_sparse20": 125.0, "coordination_ring_potter0_20": 0.05, "large_room_sparse20": 0.0, "large_room_potter0_20": 0.6}
[pair_H] {"steps": 4460544, "elapsed_s": 4682.3, "coordination_ring_sparse20": 125.0, "coordination_ring_potter0_20": 0.05, "large_room_sparse20": 0.0, "large_room_potter0_20": 0.6}
[pair_H] {"steps": 4462592, "elapsed_s": 4687.3, "coordination_ring_sparse20": 128.0, "coordination_ring_potter0_20": 0.05, "large_room_sparse20": 0.0, "large_room_potter0_20": 0.6}
[pair_H] {"steps": 4464640, "elapsed_s": 4693.5, "coordination_ring_sparse20": 128.0, "coordination_ring_potter0_20": 0.05, "large_room_sparse20": 0.0, "large_room_potter0_20": 0.6}
[pair_H] {"steps": 4466688, "elapsed_s": 4699.1, "coordination_ring_sparse20": 134.0, "coordination_ring_potter0_20": 0.0, "large_room_sparse20": 0.0, "large_room_potter0_20": 0.55}
[pair_H] {"steps": 4468736, "elapsed_s": 4704.2, "coordination_ring_sparse20": 139.0, "coordination_ring_potter0_20": 0.0, "large_room_sparse20": 0.0, "large_room_potter0_20": 0.55}
[pair_H] {"steps": 4470784, "elapsed_s": 4709.6, "coordination_ring_sparse20": 141.0, "coordination_ring_potter0_20": 0.0, "large_room_sparse20": 0.0, "large_room_potter0_20": 0.55}
[pair_H] {"steps": 4472832, "elapsed_s": 4715.5, "coordination_ring_sparse20": 138.0, "coordination_ring_potter0_20": 0.0, "large_room_sparse20": 0.0, "large_room_potter0_20": 0.55}
[pair_H] {"steps": 4474880, "elapsed_s": 4719.6, "coordination_ring_sparse20": 137.0, "coordination_ring_potter0_20": 0.0, "large_room_sparse20": 0.0, "large_room_potter0_20": 0.55}
[pair_H] {"steps": 4476928, "elapsed_s": 4723.3, "coordination_ring_sparse20": 135.0, "coordination_ring_potter0_20": 0.0, "large_room_sparse20": 0.0, "large_room_potter0_20": 0.55}
[pair_H] {"steps": 4478976, "elapsed_s": 4728.4, "coordination_ring_sparse20": 134.0, "coordination_ring_potter0_20": 0.0, "large_room_sparse20": 0.0, "large_room_potter0_20": 0.5}
[pair_H] {"steps": 4481024, "elapsed_s": 4733.7, "coordination_ring_sparse20": 133.0, "coordination_ring_potter0_20": 0.0, "large_room_sparse20": 0.0, "large_room_potter0_20": 0.5}
[pair_H] {"steps": 4483072, "elapsed_s": 4738.0, "coordination_ring_sparse20": 131.0, "coordination_ring_potter0_20": 0.0, "large_room_sparse20": 0.0, "large_room_potter0_20": 0.5}
[pair_H] {"steps": 4485120, "elapsed_s": 4742.2, "coordination_ring_sparse20": 130.0, "coordination_ring_potter0_20": 0.0, "large_room_sparse20": 0.0, "large_room_potter0_20": 0.5}
[pair_H] {"steps": 4487168, "elapsed_s": 4747.1, "coordination_ring_sparse20": 123.0, "coordination_ring_potter0_20": 0.0, "large_room_sparse20": 0.0, "large_room_potter0_20": 0.5}
[pair_H] {"steps": 4489216, "elapsed_s": 4752.6, "coordination_ring_sparse20": 124.0, "coordination_ring_potter0_20": 0.0, "large_room_sparse20": 0.0, "large_room_potter0_20": 0.55}
[pair_H] {"steps": 4491264, "elapsed_s": 4757.9, "coordination_ring_sparse20": 125.0, "coordination_ring_potter0_20": 0.0, "large_room_sparse20": 0.0, "large_room_potter0_20": 0.45}
[pair_H] {"steps": 4493312, "elapsed_s": 4762.8, "coordination_ring_sparse20": 125.0, "coordination_ring_potter0_20": 0.0, "large_room_sparse20": 0.0, "large_room_potter0_20": 0.45}
[pair_H] {"steps": 4495360, "elapsed_s": 4768.1, "coordination_ring_sparse20": 125.0, "coordination_ring_potter0_20": 0.0, "large_room_sparse20": 0.0, "large_room_potter0_20": 0.4}
[pair_H] {"steps": 4497408, "elapsed_s": 4774.4, "coordination_ring_sparse20": 126.0, "coordination_ring_potter0_20": 0.0, "large_room_sparse20": 0.0, "large_room_potter0_20": 0.4}
[pair_H] {"steps": 4499456, "elapsed_s": 4779.5, "coordination_ring_sparse20": 129.0, "coordination_ring_potter0_20": 0.0, "large_room_sparse20": 0.0, "large_room_potter0_20": 0.4}
[pair_H] {"steps": 4501504, "elapsed_s": 4784.3, "coordination_ring_sparse20": 127.0, "coordination_ring_potter0_20": 0.0, "large_room_sparse20": 0.0, "large_room_potter0_20": 0.4}
[pair_H] {"steps": 4503552, "elapsed_s": 4790.4, "coordination_ring_sparse20": 129.0, "coordination_ring_potter0_20": 0.0, "large_room_sparse20": 0.0, "large_room_potter0_20": 0.5}
[pair_H] {"steps": 4505600, "elapsed_s": 4796.0, "coordination_ring_sparse20": 134.0, "coordination_ring_potter0_20": 0.05, "large_room_sparse20": 0.0, "large_room_potter0_20": 0.5}
[pair_H] {"steps": 4507648, "elapsed_s": 4801.0, "coordination_ring_sparse20": 134.0, "coordination_ring_potter0_20": 0.05, "large_room_sparse20": 0.0, "large_room_potter0_20": 0.5}
[pair_H] {"steps": 4509696, "elapsed_s": 4806.5, "coordination_ring_sparse20": 132.0, "coordination_ring_potter0_20": 0.05, "large_room_sparse20": 0.0, "large_room_potter0_20": 0.5}
[pair_H] {"steps": 4511744, "elapsed_s": 4812.1, "coordination_ring_sparse20": 129.0, "coordination_ring_potter0_20": 0.05, "large_room_sparse20": 0.0, "large_room_potter0_20": 0.5}
[pair_H] {"steps": 4513792, "elapsed_s": 4818.6, "coordination_ring_sparse20": 132.0, "coordination_ring_potter0_20": 0.05, "large_room_sparse20": 0.0, "large_room_potter0_20": 0.5}
[pair_H] {"steps": 4515840, "elapsed_s": 4824.4, "coordination_ring_sparse20": 132.0, "coordination_ring_potter0_20": 0.0, "large_room_sparse20": 0.0, "large_room_potter0_20": 0.55}
[pair_H] {"steps": 4517888, "elapsed_s": 4829.6, "coordination_ring_sparse20": 132.0, "coordination_ring_potter0_20": 0.0, "large_room_sparse20": 0.0, "large_room_potter0_20": 0.55}
[pair_H] {"steps": 4519936, "elapsed_s": 4835.3, "coordination_ring_sparse20": 134.0, "coordination_ring_potter0_20": 0.0, "large_room_sparse20": 0.0, "large_room_potter0_20": 0.5}
[pair_H] {"steps": 4521984, "elapsed_s": 4840.6, "coordination_ring_sparse20": 135.0, "coordination_ring_potter0_20": 0.0, "large_room_sparse20": 0.0, "large_room_potter0_20": 0.55}
[pair_H] {"steps": 4524032, "elapsed_s": 4845.5, "coordination_ring_sparse20": 136.0, "coordination_ring_potter0_20": 0.0, "large_room_sparse20": 0.0, "large_room_potter0_20": 0.55}
[pair_H] {"steps": 4526080, "elapsed_s": 4851.1, "coordination_ring_sparse20": 139.0, "coordination_ring_potter0_20": 0.0, "large_room_sparse20": 0.0, "large_room_potter0_20": 0.5}
[pair_H] {"steps": 4528128, "elapsed_s": 4857.4, "coordination_ring_sparse20": 138.0, "coordination_ring_potter0_20": 0.0, "large_room_sparse20": 0.0, "large_room_potter0_20": 0.45}
[pair_H] {"steps": 4530176, "elapsed_s": 4863.2, "coordination_ring_sparse20": 138.0, "coordination_ring_potter0_20": 0.0, "large_room_sparse20": 0.0, "large_room_potter0_20": 0.45}
[pair_H] {"steps": 4532224, "elapsed_s": 4870.4, "coordination_ring_sparse20": 136.0, "coordination_ring_potter0_20": 0.0, "large_room_sparse20": 0.0, "large_room_potter0_20": 0.45}
[pair_H] {"steps": 4534272, "elapsed_s": 4875.6, "coordination_ring_sparse20": 133.0, "coordination_ring_potter0_20": 0.0, "large_room_sparse20": 0.0, "large_room_potter0_20": 0.5}
[pair_H] {"steps": 4536320, "elapsed_s": 4880.8, "coordination_ring_sparse20": 133.0, "coordination_ring_potter0_20": 0.0, "large_room_sparse20": 0.0, "large_room_potter0_20": 0.5}
[pair_H] {"steps": 4538368, "elapsed_s": 4885.6, "coordination_ring_sparse20": 133.0, "coordination_ring_potter0_20": 0.0, "large_room_sparse20": 0.0, "large_room_potter0_20": 0.5}
[pair_H] {"steps": 4540416, "elapsed_s": 4890.8, "coordination_ring_sparse20": 132.0, "coordination_ring_potter0_20": 0.0, "large_room_sparse20": 0.0, "large_room_potter0_20": 0.5}
[pair_H] {"steps": 4542464, "elapsed_s": 4899.4, "coordination_ring_sparse20": 133.0, "coordination_ring_potter0_20": 0.0, "large_room_sparse20": 0.0, "large_room_potter0_20": 0.5}
[pair_H] {"steps": 4544512, "elapsed_s": 4910.2, "coordination_ring_sparse20": 137.0, "coordination_ring_potter0_20": 0.0, "large_room_sparse20": 0.0, "large_room_potter0_20": 0.5}
[pair_H] {"steps": 4546560, "elapsed_s": 4920.5, "coordination_ring_sparse20": 135.0, "coordination_ring_potter0_20": 0.0, "large_room_sparse20": 0.0, "large_room_potter0_20": 0.5}
[pair_H] {"steps": 4548608, "elapsed_s": 4929.0, "coordination_ring_sparse20": 137.0, "coordination_ring_potter0_20": 0.0, "large_room_sparse20": 0.0, "large_room_potter0_20": 0.5}
[pair_H] {"steps": 4550656, "elapsed_s": 4937.5, "coordination_ring_sparse20": 136.0, "coordination_ring_potter0_20": 0.0, "large_room_sparse20": 0.0, "large_room_potter0_20": 0.55}
[pair_H] {"steps": 4552704, "elapsed_s": 4945.9, "coordination_ring_sparse20": 135.0, "coordination_ring_potter0_20": 0.0, "large_room_sparse20": 0.0, "large_room_potter0_20": 0.55}
[pair_H] {"steps": 4554752, "elapsed_s": 4952.0, "coordination_ring_sparse20": 135.0, "coordination_ring_potter0_20": 0.0, "large_room_sparse20": 0.0, "large_room_potter0_20": 0.55}
[pair_H] {"steps": 4556800, "elapsed_s": 4959.2, "coordination_ring_sparse20": 133.0, "coordination_ring_potter0_20": 0.0, "large_room_sparse20": 0.0, "large_room_potter0_20": 0.55}
[pair_H] {"steps": 4558848, "elapsed_s": 4966.3, "coordination_ring_sparse20": 134.0, "coordination_ring_potter0_20": 0.0, "large_room_sparse20": 0.0, "large_room_potter0_20": 0.55}
[pair_H] {"steps": 4560896, "elapsed_s": 4973.8, "coordination_ring_sparse20": 134.0, "coordination_ring_potter0_20": 0.0, "large_room_sparse20": 0.0, "large_room_potter0_20": 0.55}
[pair_H] {"steps": 4562944, "elapsed_s": 4984.2, "coordination_ring_sparse20": 135.0, "coordination_ring_potter0_20": 0.0, "large_room_sparse20": 0.0, "large_room_potter0_20": 0.45}
[pair_H] {"steps": 4564992, "elapsed_s": 5024.4, "coordination_ring_sparse20": 129.0, "coordination_ring_potter0_20": 0.0, "large_room_sparse20": 0.0, "large_room_potter0_20": 0.45}
[pair_H] {"steps": 4567040, "elapsed_s": 5064.3, "coordination_ring_sparse20": 129.0, "coordination_ring_potter0_20": 0.0, "large_room_sparse20": 0.0, "large_room_potter0_20": 0.45}
[pair_H] {"steps": 4569088, "elapsed_s": 5108.5, "coordination_ring_sparse20": 129.0, "coordination_ring_potter0_20": 0.0, "large_room_sparse20": 0.0, "large_room_potter0_20": 0.45}
[pair_H] {"steps": 4571136, "elapsed_s": 5160.8, "coordination_ring_sparse20": 129.0, "coordination_ring_potter0_20": 0.0, "large_room_sparse20": 0.0, "large_room_potter0_20": 0.45}
[pair_H] {"steps": 4573184, "elapsed_s": 5204.3, "coordination_ring_sparse20": 130.0, "coordination_ring_potter0_20": 0.0, "large_room_sparse20": 0.0, "large_room_potter0_20": 0.5}
[pair_H] {"steps": 4575232, "elapsed_s": 5239.8, "coordination_ring_sparse20": 129.0, "coordination_ring_potter0_20": 0.0, "large_room_sparse20": 0.0, "large_room_potter0_20": 0.5}
[pair_H] {"steps": 4577280, "elapsed_s": 5269.1, "coordination_ring_sparse20": 126.0, "coordination_ring_potter0_20": 0.0, "large_room_sparse20": 0.0, "large_room_potter0_20": 0.5}
[pair_H] {"steps": 4579328, "elapsed_s": 5305.6, "coordination_ring_sparse20": 130.0, "coordination_ring_potter0_20": 0.0, "large_room_sparse20": 0.0, "large_room_potter0_20": 0.5}
[pair_H] {"steps": 4581376, "elapsed_s": 5339.0, "coordination_ring_sparse20": 125.0, "coordination_ring_potter0_20": 0.0, "large_room_sparse20": 0.0, "large_room_potter0_20": 0.55}
[pair_H] {"steps": 4583424, "elapsed_s": 5379.8, "coordination_ring_sparse20": 125.0, "coordination_ring_potter0_20": 0.0, "large_room_sparse20": 0.0, "large_room_potter0_20": 0.6}
[pair_H] {"steps": 4585472, "elapsed_s": 5413.9, "coordination_ring_sparse20": 120.0, "coordination_ring_potter0_20": 0.0, "large_room_sparse20": 0.0, "large_room_potter0_20": 0.6}
[pair_H] {"steps": 4587520, "elapsed_s": 5447.9, "coordination_ring_sparse20": 117.0, "coordination_ring_potter0_20": 0.0, "large_room_sparse20": 0.0, "large_room_potter0_20": 0.6}
[pair_H] {"steps": 4589568, "elapsed_s": 5479.7, "coordination_ring_sparse20": 118.0, "coordination_ring_potter0_20": 0.0, "large_room_sparse20": 0.0, "large_room_potter0_20": 0.6}
[pair_H] {"steps": 4591616, "elapsed_s": 5539.2, "coordination_ring_sparse20": 118.0, "coordination_ring_potter0_20": 0.0, "large_room_sparse20": 0.0, "large_room_potter0_20": 0.5}
[pair_H] {"steps": 4593664, "elapsed_s": 5586.9, "coordination_ring_sparse20": 109.0, "coordination_ring_potter0_20": 0.0, "large_room_sparse20": 0.0, "large_room_potter0_20": 0.5}
[pair_H] {"steps": 4595712, "elapsed_s": 5638.0, "coordination_ring_sparse20": 101.0, "coordination_ring_potter0_20": 0.0, "large_room_sparse20": 0.0, "large_room_potter0_20": 0.5}
[pair_H] {"steps": 4597760, "elapsed_s": 5691.4, "coordination_ring_sparse20": 85.0, "coordination_ring_potter0_20": 0.0, "large_room_sparse20": 0.0, "large_room_potter0_20": 0.5}
[pair_H] {"steps": 4599808, "elapsed_s": 5743.3, "coordination_ring_sparse20": 83.0, "coordination_ring_potter0_20": 0.0, "large_room_sparse20": 0.0, "large_room_potter0_20": 0.5}
[pair_H] {"steps": 4601856, "elapsed_s": 5787.4, "coordination_ring_sparse20": 76.0, "coordination_ring_potter0_20": 0.0, "large_room_sparse20": 0.0, "large_room_potter0_20": 0.45}
[pair_H] {"steps": 4603904, "elapsed_s": 5794.9, "coordination_ring_sparse20": 74.0, "coordination_ring_potter0_20": 0.0, "large_room_sparse20": 0.0, "large_room_potter0_20": 0.45}
[pair_H] {"steps": 4605952, "elapsed_s": 5848.6, "coordination_ring_sparse20": 67.0, "coordination_ring_potter0_20": 0.0, "large_room_sparse20": 0.0, "large_room_potter0_20": 0.45}
[pair_H] {"steps": 4608000, "elapsed_s": 5893.6, "coordination_ring_sparse20": 63.0, "coordination_ring_potter0_20": 0.0, "large_room_sparse20": 0.0, "large_room_potter0_20": 0.4}
[pair_H] {"steps": 4610048, "elapsed_s": 5947.4, "coordination_ring_sparse20": 65.0, "coordination_ring_potter0_20": 0.0, "large_room_sparse20": 0.0, "large_room_potter0_20": 0.4}
[pair_H] {"steps": 4612096, "elapsed_s": 5995.6, "coordination_ring_sparse20": 75.0, "coordination_ring_potter0_20": 0.0, "large_room_sparse20": 0.0, "large_room_potter0_20": 0.4}
[pair_H] {"steps": 4614144, "elapsed_s": 6042.0, "coordination_ring_sparse20": 80.0, "coordination_ring_potter0_20": 0.0, "large_room_sparse20": 0.0, "large_room_potter0_20": 0.4}
[pair_H] {"steps": 4616192, "elapsed_s": 6096.7, "coordination_ring_sparse20": 86.0, "coordination_ring_potter0_20": 0.0, "large_room_sparse20": 0.0, "large_room_potter0_20": 0.35}
[pair_H] {"steps": 4618240, "elapsed_s": 6136.0, "coordination_ring_sparse20": 93.0, "coordination_ring_potter0_20": 0.0, "large_room_sparse20": 0.0, "large_room_potter0_20": 0.35}
[pair_H] {"steps": 4620288, "elapsed_s": 6172.7, "coordination_ring_sparse20": 96.0, "coordination_ring_potter0_20": 0.0, "large_room_sparse20": 0.0, "large_room_potter0_20": 0.4}
[pair_H] {"steps": 4622336, "elapsed_s": 6211.8, "coordination_ring_sparse20": 99.0, "coordination_ring_potter0_20": 0.0, "large_room_sparse20": 0.0, "large_room_potter0_20": 0.45}
[pair_H] {"steps": 4624384, "elapsed_s": 6264.3, "coordination_ring_sparse20": 100.0, "coordination_ring_potter0_20": 0.0, "large_room_sparse20": 0.0, "large_room_potter0_20": 0.45}
[pair_H] {"steps": 4626432, "elapsed_s": 6319.5, "coordination_ring_sparse20": 102.0, "coordination_ring_potter0_20": 0.0, "large_room_sparse20": 0.0, "large_room_potter0_20": 0.4}
[pair_H] {"steps": 4628480, "elapsed_s": 6370.4, "coordination_ring_sparse20": 103.0, "coordination_ring_potter0_20": 0.0, "large_room_sparse20": 0.0, "large_room_potter0_20": 0.4}
[pair_H] {"steps": 4630528, "elapsed_s": 6419.0, "coordination_ring_sparse20": 103.0, "coordination_ring_potter0_20": 0.0, "large_room_sparse20": 0.0, "large_room_potter0_20": 0.4}
[pair_H] {"steps": 4632576, "elapsed_s": 6459.8, "coordination_ring_sparse20": 105.0, "coordination_ring_potter0_20": 0.0, "large_room_sparse20": 0.0, "large_room_potter0_20": 0.4}
[pair_H] {"steps": 4634624, "elapsed_s": 6498.8, "coordination_ring_sparse20": 105.0, "coordination_ring_potter0_20": 0.0, "large_room_sparse20": 0.0, "large_room_potter0_20": 0.35}
[pair_H] {"steps": 4636672, "elapsed_s": 6544.2, "coordination_ring_sparse20": 101.0, "coordination_ring_potter0_20": 0.0, "large_room_sparse20": 0.0, "large_room_potter0_20": 0.35}
[pair_H] {"steps": 4638720, "elapsed_s": 6588.6, "coordination_ring_sparse20": 100.0, "coordination_ring_potter0_20": 0.0, "large_room_sparse20": 0.0, "large_room_potter0_20": 0.3}
[pair_H] {"steps": 4640768, "elapsed_s": 6603.9, "coordination_ring_sparse20": 101.0, "coordination_ring_potter0_20": 0.0, "large_room_sparse20": 0.0, "large_room_potter0_20": 0.35}
[pair_H] {"steps": 4642816, "elapsed_s": 6611.6, "coordination_ring_sparse20": 101.0, "coordination_ring_potter0_20": 0.0, "large_room_sparse20": 0.0, "large_room_potter0_20": 0.35}
[pair_H] {"steps": 4644864, "elapsed_s": 6618.1, "coordination_ring_sparse20": 105.0, "coordination_ring_potter0_20": 0.0, "large_room_sparse20": 0.0, "large_room_potter0_20": 0.35}
[pair_H] {"steps": 4646912, "elapsed_s": 6629.1, "coordination_ring_sparse20": 107.0, "coordination_ring_potter0_20": 0.0, "large_room_sparse20": 0.0, "large_room_potter0_20": 0.35}
[pair_H] {"steps": 4648960, "elapsed_s": 6665.0, "coordination_ring_sparse20": 107.0, "coordination_ring_potter0_20": 0.0, "large_room_sparse20": 0.0, "large_room_potter0_20": 0.35}
[pair_H] {"steps": 4651008, "elapsed_s": 6710.9, "coordination_ring_sparse20": 108.0, "coordination_ring_potter0_20": 0.0, "large_room_sparse20": 0.0, "large_room_potter0_20": 0.35}
[pair_H] {"steps": 4653056, "elapsed_s": 6768.4, "coordination_ring_sparse20": 113.0, "coordination_ring_potter0_20": 0.0, "large_room_sparse20": 0.0, "large_room_potter0_20": 0.35}
[pair_H] {"steps": 4655104, "elapsed_s": 6827.1, "coordination_ring_sparse20": 118.0, "coordination_ring_potter0_20": 0.0, "large_room_sparse20": 0.0, "large_room_potter0_20": 0.35}
[pair_H] {"steps": 4657152, "elapsed_s": 6874.7, "coordination_ring_sparse20": 120.0, "coordination_ring_potter0_20": 0.0, "large_room_sparse20": 0.0, "large_room_potter0_20": 0.35}
[pair_H] {"steps": 4659200, "elapsed_s": 6922.8, "coordination_ring_sparse20": 119.0, "coordination_ring_potter0_20": 0.0, "large_room_sparse20": 0.0, "large_room_potter0_20": 0.35}
[pair_H] {"steps": 4661248, "elapsed_s": 6939.6, "coordination_ring_sparse20": 120.0, "coordination_ring_potter0_20": 0.0, "large_room_sparse20": 0.0, "large_room_potter0_20": 0.35}
[pair_H] {"steps": 4663296, "elapsed_s": 6957.4, "coordination_ring_sparse20": 126.0, "coordination_ring_potter0_20": 0.0, "large_room_sparse20": 0.0, "large_room_potter0_20": 0.35}
[pair_H] {"steps": 4665344, "elapsed_s": 6973.8, "coordination_ring_sparse20": 126.0, "coordination_ring_potter0_20": 0.0, "large_room_sparse20": 0.0, "large_room_potter0_20": 0.35}
[pair_H] {"steps": 4667392, "elapsed_s": 6983.3, "coordination_ring_sparse20": 126.0, "coordination_ring_potter0_20": 0.0, "large_room_sparse20": 0.0, "large_room_potter0_20": 0.35}
[pair_H] {"steps": 4669440, "elapsed_s": 6995.5, "coordination_ring_sparse20": 127.0, "coordination_ring_potter0_20": 0.05, "large_room_sparse20": 0.0, "large_room_potter0_20": 0.35}
[pair_H] {"steps": 4671488, "elapsed_s": 7014.0, "coordination_ring_sparse20": 118.0, "coordination_ring_potter0_20": 0.05, "large_room_sparse20": 0.0, "large_room_potter0_20": 0.35}
[pair_H] {"steps": 4673536, "elapsed_s": 7032.1, "coordination_ring_sparse20": 121.0, "coordination_ring_potter0_20": 0.05, "large_room_sparse20": 0.0, "large_room_potter0_20": 0.4}
[pair_H] {"steps": 4675584, "elapsed_s": 7049.7, "coordination_ring_sparse20": 120.0, "coordination_ring_potter0_20": 0.05, "large_room_sparse20": 0.0, "large_room_potter0_20": 0.4}
[pair_H] {"steps": 4677632, "elapsed_s": 7069.7, "coordination_ring_sparse20": 120.0, "coordination_ring_potter0_20": 0.05, "large_room_sparse20": 0.0, "large_room_potter0_20": 0.4}
[pair_H] {"steps": 4679680, "elapsed_s": 7089.2, "coordination_ring_sparse20": 120.0, "coordination_ring_potter0_20": 0.05, "large_room_sparse20": 0.0, "large_room_potter0_20": 0.4}
[pair_H] {"steps": 4681728, "elapsed_s": 7105.2, "coordination_ring_sparse20": 120.0, "coordination_ring_potter0_20": 0.05, "large_room_sparse20": 0.0, "large_room_potter0_20": 0.35}
[pair_H] {"steps": 4683776, "elapsed_s": 7118.3, "coordination_ring_sparse20": 118.0, "coordination_ring_potter0_20": 0.05, "large_room_sparse20": 0.0, "large_room_potter0_20": 0.4}
[pair_H] {"steps": 4685824, "elapsed_s": 7138.0, "coordination_ring_sparse20": 107.0, "coordination_ring_potter0_20": 0.0, "large_room_sparse20": 0.0, "large_room_potter0_20": 0.3}
[pair_H] {"steps": 4687872, "elapsed_s": 7159.6, "coordination_ring_sparse20": 109.0, "coordination_ring_potter0_20": 0.0, "large_room_sparse20": 0.0, "large_room_potter0_20": 0.3}
[pair_H] {"steps": 4689920, "elapsed_s": 7181.8, "coordination_ring_sparse20": 105.0, "coordination_ring_potter0_20": 0.0, "large_room_sparse20": 0.0, "large_room_potter0_20": 0.3}
[pair_H] {"steps": 4691968, "elapsed_s": 7199.9, "coordination_ring_sparse20": 103.0, "coordination_ring_potter0_20": 0.0, "large_room_sparse20": 0.0, "large_room_potter0_20": 0.3}
[pair_H] {"steps": 4694016, "elapsed_s": 7220.3, "coordination_ring_sparse20": 93.0, "coordination_ring_potter0_20": 0.05, "large_room_sparse20": 0.0, "large_room_potter0_20": 0.3}
[pair_H] {"steps": 4696064, "elapsed_s": 7240.1, "coordination_ring_sparse20": 85.0, "coordination_ring_potter0_20": 0.05, "large_room_sparse20": 0.0, "large_room_potter0_20": 0.35}
[pair_H] {"steps": 4698112, "elapsed_s": 7256.4, "coordination_ring_sparse20": 84.0, "coordination_ring_potter0_20": 0.05, "large_room_sparse20": 0.0, "large_room_potter0_20": 0.25}
[pair_H] {"steps": 4700160, "elapsed_s": 7279.0, "coordination_ring_sparse20": 92.0, "coordination_ring_potter0_20": 0.05, "large_room_sparse20": 0.0, "large_room_potter0_20": 0.3}
[pair_H] {"steps": 4702208, "elapsed_s": 7297.3, "coordination_ring_sparse20": 97.0, "coordination_ring_potter0_20": 0.05, "large_room_sparse20": 0.0, "large_room_potter0_20": 0.35}
[pair_H] {"steps": 4704256, "elapsed_s": 7306.5, "coordination_ring_sparse20": 98.0, "coordination_ring_potter0_20": 0.05, "large_room_sparse20": 0.0, "large_room_potter0_20": 0.35}
[pair_H] {"steps": 4706304, "elapsed_s": 7321.8, "coordination_ring_sparse20": 101.0, "coordination_ring_potter0_20": 0.05, "large_room_sparse20": 0.0, "large_room_potter0_20": 0.35}
[pair_H] {"steps": 4708352, "elapsed_s": 7335.3, "coordination_ring_sparse20": 104.0, "coordination_ring_potter0_20": 0.05, "large_room_sparse20": 0.0, "large_room_potter0_20": 0.35}
[pair_H] {"steps": 4710400, "elapsed_s": 7351.1, "coordination_ring_sparse20": 116.0, "coordination_ring_potter0_20": 0.0, "large_room_sparse20": 0.0, "large_room_potter0_20": 0.35}
[pair_H] {"steps": 4712448, "elapsed_s": 7371.1, "coordination_ring_sparse20": 121.0, "coordination_ring_potter0_20": 0.0, "large_room_sparse20": 0.0, "large_room_potter0_20": 0.35}
[pair_H] {"steps": 4714496, "elapsed_s": 7384.8, "coordination_ring_sparse20": 125.0, "coordination_ring_potter0_20": 0.05, "large_room_sparse20": 0.0, "large_room_potter0_20": 0.35}
[pair_H] {"steps": 4716544, "elapsed_s": 7403.1, "coordination_ring_sparse20": 125.0, "coordination_ring_potter0_20": 0.05, "large_room_sparse20": 0.0, "large_room_potter0_20": 0.4}
[pair_H] {"steps": 4718592, "elapsed_s": 7418.1, "coordination_ring_sparse20": 124.0, "coordination_ring_potter0_20": 0.05, "large_room_sparse20": 0.0, "large_room_potter0_20": 0.4}
[pair_H] {"steps": 4720640, "elapsed_s": 7430.8, "coordination_ring_sparse20": 126.0, "coordination_ring_potter0_20": 0.05, "large_room_sparse20": 0.0, "large_room_potter0_20": 0.35}
[pair_H] {"steps": 4722688, "elapsed_s": 7437.3, "coordination_ring_sparse20": 126.0, "coordination_ring_potter0_20": 0.05, "large_room_sparse20": 0.0, "large_room_potter0_20": 0.35}
[pair_H] {"steps": 4724736, "elapsed_s": 7456.7, "coordination_ring_sparse20": 127.0, "coordination_ring_potter0_20": 0.05, "large_room_sparse20": 0.0, "large_room_potter0_20": 0.35}
[pair_H] {"steps": 4726784, "elapsed_s": 7470.4, "coordination_ring_sparse20": 128.0, "coordination_ring_potter0_20": 0.05, "large_room_sparse20": 0.0, "large_room_potter0_20": 0.4}
[pair_H] {"steps": 4728832, "elapsed_s": 7485.6, "coordination_ring_sparse20": 129.0, "coordination_ring_potter0_20": 0.0, "large_room_sparse20": 0.0, "large_room_potter0_20": 0.4}
[pair_H] {"steps": 4730880, "elapsed_s": 7503.3, "coordination_ring_sparse20": 132.0, "coordination_ring_potter0_20": 0.0, "large_room_sparse20": 0.0, "large_room_potter0_20": 0.4}
[pair_H] {"steps": 4732928, "elapsed_s": 7522.2, "coordination_ring_sparse20": 134.0, "coordination_ring_potter0_20": 0.0, "large_room_sparse20": 0.0, "large_room_potter0_20": 0.45}
[pair_H] {"steps": 4734976, "elapsed_s": 7538.9, "coordination_ring_sparse20": 134.0, "coordination_ring_potter0_20": 0.0, "large_room_sparse20": 0.0, "large_room_potter0_20": 0.45}
[pair_H] {"steps": 4737024, "elapsed_s": 7557.1, "coordination_ring_sparse20": 132.0, "coordination_ring_potter0_20": 0.0, "large_room_sparse20": 0.0, "large_room_potter0_20": 0.45}
[pair_H] {"steps": 4739072, "elapsed_s": 7571.8, "coordination_ring_sparse20": 129.0, "coordination_ring_potter0_20": 0.0, "large_room_sparse20": 0.0, "large_room_potter0_20": 0.45}
[pair_H] {"steps": 4741120, "elapsed_s": 7582.4, "coordination_ring_sparse20": 130.0, "coordination_ring_potter0_20": 0.0, "large_room_sparse20": 0.0, "large_room_potter0_20": 0.45}
[pair_H] {"steps": 4743168, "elapsed_s": 7599.5, "coordination_ring_sparse20": 130.0, "coordination_ring_potter0_20": 0.0, "large_room_sparse20": 0.0, "large_room_potter0_20": 0.5}
[pair_H] {"steps": 4745216, "elapsed_s": 7613.9, "coordination_ring_sparse20": 129.0, "coordination_ring_potter0_20": 0.0, "large_room_sparse20": 0.0, "large_room_potter0_20": 0.5}
[pair_H] {"steps": 4747264, "elapsed_s": 7628.6, "coordination_ring_sparse20": 129.0, "coordination_ring_potter0_20": 0.0, "large_room_sparse20": 0.0, "large_room_potter0_20": 0.5}
[pair_H] {"steps": 4749312, "elapsed_s": 7642.6, "coordination_ring_sparse20": 129.0, "coordination_ring_potter0_20": 0.0, "large_room_sparse20": 0.0, "large_room_potter0_20": 0.6}
[pair_H] {"steps": 4751360, "elapsed_s": 7660.5, "coordination_ring_sparse20": 125.0, "coordination_ring_potter0_20": 0.0, "large_room_sparse20": 0.0, "large_room_potter0_20": 0.6}
[pair_H] {"steps": 4753408, "elapsed_s": 7670.5, "coordination_ring_sparse20": 125.0, "coordination_ring_potter0_20": 0.0, "large_room_sparse20": 0.0, "large_room_potter0_20": 0.55}
[pair_H] {"steps": 4755456, "elapsed_s": 7683.3, "coordination_ring_sparse20": 122.0, "coordination_ring_potter0_20": 0.0, "large_room_sparse20": 0.0, "large_room_potter0_20": 0.5}
[pair_H] {"steps": 4757504, "elapsed_s": 7696.4, "coordination_ring_sparse20": 122.0, "coordination_ring_potter0_20": 0.0, "large_room_sparse20": 0.0, "large_room_potter0_20": 0.5}
[pair_H] {"steps": 4759552, "elapsed_s": 7711.3, "coordination_ring_sparse20": 118.0, "coordination_ring_potter0_20": 0.0, "large_room_sparse20": 0.0, "large_room_potter0_20": 0.45}
[pair_H] {"steps": 4761600, "elapsed_s": 7728.4, "coordination_ring_sparse20": 115.0, "coordination_ring_potter0_20": 0.0, "large_room_sparse20": 0.0, "large_room_potter0_20": 0.35}
[pair_H] {"steps": 4763648, "elapsed_s": 7744.3, "coordination_ring_sparse20": 116.0, "coordination_ring_potter0_20": 0.0, "large_room_sparse20": 0.0, "large_room_potter0_20": 0.35}
[pair_H] {"steps": 4765696, "elapsed_s": 7757.5, "coordination_ring_sparse20": 117.0, "coordination_ring_potter0_20": 0.0, "large_room_sparse20": 0.0, "large_room_potter0_20": 0.3}
[pair_H] {"steps": 4767744, "elapsed_s": 7779.0, "coordination_ring_sparse20": 120.0, "coordination_ring_potter0_20": 0.0, "large_room_sparse20": 0.0, "large_room_potter0_20": 0.3}
[pair_H] {"steps": 4769792, "elapsed_s": 7790.7, "coordination_ring_sparse20": 126.0, "coordination_ring_potter0_20": 0.0, "large_room_sparse20": 0.0, "large_room_potter0_20": 0.25}
[pair_H] {"steps": 4771840, "elapsed_s": 7802.3, "coordination_ring_sparse20": 127.0, "coordination_ring_potter0_20": 0.0, "large_room_sparse20": 0.0, "large_room_potter0_20": 0.2}
[pair_H] {"steps": 4773888, "elapsed_s": 7818.6, "coordination_ring_sparse20": 130.0, "coordination_ring_potter0_20": 0.0, "large_room_sparse20": 0.0, "large_room_potter0_20": 0.2}
[pair_H] {"steps": 4775936, "elapsed_s": 7832.7, "coordination_ring_sparse20": 133.0, "coordination_ring_potter0_20": 0.0, "large_room_sparse20": 0.0, "large_room_potter0_20": 0.25}
[pair_H] {"steps": 4777984, "elapsed_s": 7843.0, "coordination_ring_sparse20": 133.0, "coordination_ring_potter0_20": 0.0, "large_room_sparse20": 0.0, "large_room_potter0_20": 0.25}
[pair_H] {"steps": 4780032, "elapsed_s": 7860.3, "coordination_ring_sparse20": 128.0, "coordination_ring_potter0_20": 0.0, "large_room_sparse20": 0.0, "large_room_potter0_20": 0.2}
[pair_H] {"steps": 4782080, "elapsed_s": 7875.4, "coordination_ring_sparse20": 123.0, "coordination_ring_potter0_20": 0.0, "large_room_sparse20": 0.0, "large_room_potter0_20": 0.2}
[pair_H] {"steps": 4784128, "elapsed_s": 7890.8, "coordination_ring_sparse20": 121.0, "coordination_ring_potter0_20": 0.0, "large_room_sparse20": 0.0, "large_room_potter0_20": 0.2}
[pair_H] {"steps": 4786176, "elapsed_s": 7903.6, "coordination_ring_sparse20": 121.0, "coordination_ring_potter0_20": 0.0, "large_room_sparse20": 0.0, "large_room_potter0_20": 0.25}
[pair_H] {"steps": 4788224, "elapsed_s": 7919.2, "coordination_ring_sparse20": 122.0, "coordination_ring_potter0_20": 0.0, "large_room_sparse20": 0.0, "large_room_potter0_20": 0.35}
[pair_H] {"steps": 4790272, "elapsed_s": 7935.1, "coordination_ring_sparse20": 123.0, "coordination_ring_potter0_20": 0.0, "large_room_sparse20": 0.0, "large_room_potter0_20": 0.35}
[pair_H] {"steps": 4792320, "elapsed_s": 7947.4, "coordination_ring_sparse20": 123.0, "coordination_ring_potter0_20": 0.0, "large_room_sparse20": 0.0, "large_room_potter0_20": 0.35}
[pair_H] {"steps": 4794368, "elapsed_s": 7963.8, "coordination_ring_sparse20": 122.0, "coordination_ring_potter0_20": 0.0, "large_room_sparse20": 0.0, "large_room_potter0_20": 0.3}
[pair_H] {"steps": 4796416, "elapsed_s": 7984.8, "coordination_ring_sparse20": 120.0, "coordination_ring_potter0_20": 0.0, "large_room_sparse20": 0.0, "large_room_potter0_20": 0.3}
[pair_H] {"steps": 4798464, "elapsed_s": 8004.3, "coordination_ring_sparse20": 121.0, "coordination_ring_potter0_20": 0.0, "large_room_sparse20": 0.0, "large_room_potter0_20": 0.3}
[pair_H] {"steps": 4800512, "elapsed_s": 8012.6, "coordination_ring_sparse20": 121.0, "coordination_ring_potter0_20": 0.0, "large_room_sparse20": 0.0, "large_room_potter0_20": 0.3}
[pair_H] {"steps": 4802560, "elapsed_s": 8022.6, "coordination_ring_sparse20": 123.0, "coordination_ring_potter0_20": 0.0, "large_room_sparse20": 0.0, "large_room_potter0_20": 0.3}
[pair_H] {"steps": 4804608, "elapsed_s": 8032.2, "coordination_ring_sparse20": 124.0, "coordination_ring_potter0_20": 0.0, "large_room_sparse20": 0.0, "large_room_potter0_20": 0.35}
[pair_H] {"steps": 4806656, "elapsed_s": 8045.2, "coordination_ring_sparse20": 124.0, "coordination_ring_potter0_20": 0.0, "large_room_sparse20": 0.0, "large_room_potter0_20": 0.4}
[pair_H] {"steps": 4808704, "elapsed_s": 8057.8, "coordination_ring_sparse20": 122.0, "coordination_ring_potter0_20": 0.0, "large_room_sparse20": 0.0, "large_room_potter0_20": 0.4}
[pair_H] {"steps": 4810752, "elapsed_s": 8073.2, "coordination_ring_sparse20": 127.0, "coordination_ring_potter0_20": 0.0, "large_room_sparse20": 0.0, "large_room_potter0_20": 0.4}
[pair_H] {"steps": 4812800, "elapsed_s": 8080.8, "coordination_ring_sparse20": 127.0, "coordination_ring_potter0_20": 0.0, "large_room_sparse20": 0.0, "large_room_potter0_20": 0.4}
[pair_H] {"steps": 4814848, "elapsed_s": 8090.4, "coordination_ring_sparse20": 128.0, "coordination_ring_potter0_20": 0.0, "large_room_sparse20": 0.0, "large_room_potter0_20": 0.4}
[pair_H] {"steps": 4816896, "elapsed_s": 8100.0, "coordination_ring_sparse20": 128.0, "coordination_ring_potter0_20": 0.0, "large_room_sparse20": 0.0, "large_room_potter0_20": 0.4}
[pair_H] {"steps": 4818944, "elapsed_s": 8110.0, "coordination_ring_sparse20": 123.0, "coordination_ring_potter0_20": 0.0, "large_room_sparse20": 0.0, "large_room_potter0_20": 0.4}
[pair_H] {"steps": 4820992, "elapsed_s": 8119.8, "coordination_ring_sparse20": 124.0, "coordination_ring_potter0_20": 0.0, "large_room_sparse20": 0.0, "large_room_potter0_20": 0.4}
[pair_H] {"steps": 4823040, "elapsed_s": 8135.1, "coordination_ring_sparse20": 121.0, "coordination_ring_potter0_20": 0.0, "large_room_sparse20": 0.0, "large_room_potter0_20": 0.4}
[pair_H] {"steps": 4825088, "elapsed_s": 8148.4, "coordination_ring_sparse20": 121.0, "coordination_ring_potter0_20": 0.0, "large_room_sparse20": 0.0, "large_room_potter0_20": 0.35}
[pair_H] {"steps": 4827136, "elapsed_s": 8166.9, "coordination_ring_sparse20": 121.0, "coordination_ring_potter0_20": 0.0, "large_room_sparse20": 0.0, "large_room_potter0_20": 0.35}
[pair_H] {"steps": 4829184, "elapsed_s": 8191.6, "coordination_ring_sparse20": 124.0, "coordination_ring_potter0_20": 0.0, "large_room_sparse20": 0.0, "large_room_potter0_20": 0.4}
[pair_H] {"steps": 4831232, "elapsed_s": 8203.2, "coordination_ring_sparse20": 125.0, "coordination_ring_potter0_20": 0.0, "large_room_sparse20": 0.0, "large_room_potter0_20": 0.4}
[pair_H] {"steps": 4833280, "elapsed_s": 8216.9, "coordination_ring_sparse20": 127.0, "coordination_ring_potter0_20": 0.0, "large_room_sparse20": 0.0, "large_room_potter0_20": 0.35}
[pair_H] {"steps": 4835328, "elapsed_s": 8231.3, "coordination_ring_sparse20": 130.0, "coordination_ring_potter0_20": 0.0, "large_room_sparse20": 0.0, "large_room_potter0_20": 0.35}
[pair_H] {"steps": 4837376, "elapsed_s": 8243.1, "coordination_ring_sparse20": 130.0, "coordination_ring_potter0_20": 0.0, "large_room_sparse20": 0.0, "large_room_potter0_20": 0.35}
[pair_H] {"steps": 4839424, "elapsed_s": 8252.6, "coordination_ring_sparse20": 139.0, "coordination_ring_potter0_20": 0.0, "large_room_sparse20": 0.0, "large_room_potter0_20": 0.35}
[pair_H] {"steps": 4841472, "elapsed_s": 8264.6, "coordination_ring_sparse20": 136.0, "coordination_ring_potter0_20": 0.0, "large_room_sparse20": 0.0, "large_room_potter0_20": 0.35}
[pair_H] {"steps": 4843520, "elapsed_s": 8278.5, "coordination_ring_sparse20": 137.0, "coordination_ring_potter0_20": 0.0, "large_room_sparse20": 0.0, "large_room_potter0_20": 0.35}
[pair_H] {"steps": 4845568, "elapsed_s": 8290.2, "coordination_ring_sparse20": 135.0, "coordination_ring_potter0_20": 0.05, "large_room_sparse20": 0.0, "large_room_potter0_20": 0.35}
[pair_H] {"steps": 4847616, "elapsed_s": 8307.2, "coordination_ring_sparse20": 136.0, "coordination_ring_potter0_20": 0.05, "large_room_sparse20": 0.0, "large_room_potter0_20": 0.35}
[pair_H] {"steps": 4849664, "elapsed_s": 8318.1, "coordination_ring_sparse20": 135.0, "coordination_ring_potter0_20": 0.05, "large_room_sparse20": 0.0, "large_room_potter0_20": 0.3}
[pair_H] {"steps": 4851712, "elapsed_s": 8332.2, "coordination_ring_sparse20": 135.0, "coordination_ring_potter0_20": 0.05, "large_room_sparse20": 0.0, "large_room_potter0_20": 0.3}
[pair_H] {"steps": 4853760, "elapsed_s": 8339.9, "coordination_ring_sparse20": 134.0, "coordination_ring_potter0_20": 0.05, "large_room_sparse20": 0.0, "large_room_potter0_20": 0.35}
[pair_H] {"steps": 4855808, "elapsed_s": 8348.8, "coordination_ring_sparse20": 132.0, "coordination_ring_potter0_20": 0.05, "large_room_sparse20": 0.0, "large_room_potter0_20": 0.35}
[pair_H] {"steps": 4857856, "elapsed_s": 8364.4, "coordination_ring_sparse20": 131.0, "coordination_ring_potter0_20": 0.05, "large_room_sparse20": 0.0, "large_room_potter0_20": 0.45}
[pair_H] {"steps": 4859904, "elapsed_s": 8374.6, "coordination_ring_sparse20": 133.0, "coordination_ring_potter0_20": 0.05, "large_room_sparse20": 0.0, "large_room_potter0_20": 0.45}
[pair_H] {"steps": 4861952, "elapsed_s": 8387.0, "coordination_ring_sparse20": 133.0, "coordination_ring_potter0_20": 0.05, "large_room_sparse20": 0.0, "large_room_potter0_20": 0.45}
[pair_H] {"steps": 4864000, "elapsed_s": 8402.2, "coordination_ring_sparse20": 133.0, "coordination_ring_potter0_20": 0.0, "large_room_sparse20": 0.0, "large_room_potter0_20": 0.45}
[pair_H] {"steps": 4866048, "elapsed_s": 8410.8, "coordination_ring_sparse20": 133.0, "coordination_ring_potter0_20": 0.0, "large_room_sparse20": 0.0, "large_room_potter0_20": 0.45}
[pair_H] {"steps": 4868096, "elapsed_s": 8417.8, "coordination_ring_sparse20": 136.0, "coordination_ring_potter0_20": 0.0, "large_room_sparse20": 0.0, "large_room_potter0_20": 0.4}
[pair_H] {"steps": 4870144, "elapsed_s": 8428.5, "coordination_ring_sparse20": 137.0, "coordination_ring_potter0_20": 0.05, "large_room_sparse20": 0.0, "large_room_potter0_20": 0.4}
[pair_H] {"steps": 4872192, "elapsed_s": 8439.0, "coordination_ring_sparse20": 135.0, "coordination_ring_potter0_20": 0.05, "large_room_sparse20": 0.0, "large_room_potter0_20": 0.4}
[pair_H] {"steps": 4874240, "elapsed_s": 8451.0, "coordination_ring_sparse20": 130.0, "coordination_ring_potter0_20": 0.05, "large_room_sparse20": 0.0, "large_room_potter0_20": 0.4}
[pair_H] {"steps": 4876288, "elapsed_s": 8459.1, "coordination_ring_sparse20": 128.0, "coordination_ring_potter0_20": 0.05, "large_room_sparse20": 0.0, "large_room_potter0_20": 0.45}
[pair_H] {"steps": 4878336, "elapsed_s": 8470.8, "coordination_ring_sparse20": 129.0, "coordination_ring_potter0_20": 0.05, "large_room_sparse20": 0.0, "large_room_potter0_20": 0.45}
[pair_H] {"steps": 4880384, "elapsed_s": 8479.9, "coordination_ring_sparse20": 128.0, "coordination_ring_potter0_20": 0.05, "large_room_sparse20": 0.0, "large_room_potter0_20": 0.45}
[pair_H] {"steps": 4882432, "elapsed_s": 8491.8, "coordination_ring_sparse20": 126.0, "coordination_ring_potter0_20": 0.05, "large_room_sparse20": 0.0, "large_room_potter0_20": 0.45}
[pair_H] {"steps": 4884480, "elapsed_s": 8500.0, "coordination_ring_sparse20": 125.0, "coordination_ring_potter0_20": 0.0, "large_room_sparse20": 0.0, "large_room_potter0_20": 0.4}
[pair_H] {"steps": 4886528, "elapsed_s": 8510.2, "coordination_ring_sparse20": 125.0, "coordination_ring_potter0_20": 0.0, "large_room_sparse20": 0.0, "large_room_potter0_20": 0.4}
[pair_H] {"steps": 4888576, "elapsed_s": 8521.9, "coordination_ring_sparse20": 127.0, "coordination_ring_potter0_20": 0.0, "large_room_sparse20": 0.0, "large_room_potter0_20": 0.45}
[pair_H] {"steps": 4890624, "elapsed_s": 8535.2, "coordination_ring_sparse20": 129.0, "coordination_ring_potter0_20": 0.0, "large_room_sparse20": 0.0, "large_room_potter0_20": 0.5}
[pair_H] {"steps": 4892672, "elapsed_s": 8545.5, "coordination_ring_sparse20": 128.0, "coordination_ring_potter0_20": 0.0, "large_room_sparse20": 0.0, "large_room_potter0_20": 0.5}
[pair_H] {"steps": 4894720, "elapsed_s": 8552.7, "coordination_ring_sparse20": 127.0, "coordination_ring_potter0_20": 0.0, "large_room_sparse20": 0.0, "large_room_potter0_20": 0.5}
[pair_H] {"steps": 4896768, "elapsed_s": 8562.9, "coordination_ring_sparse20": 127.0, "coordination_ring_potter0_20": 0.0, "large_room_sparse20": 0.0, "large_room_potter0_20": 0.5}
[pair_H] {"steps": 4898816, "elapsed_s": 8570.4, "coordination_ring_sparse20": 125.0, "coordination_ring_potter0_20": 0.0, "large_room_sparse20": 0.0, "large_room_potter0_20": 0.5}
[pair_H] {"steps": 4900864, "elapsed_s": 8579.0, "coordination_ring_sparse20": 123.0, "coordination_ring_potter0_20": 0.0, "large_room_sparse20": 0.0, "large_room_potter0_20": 0.5}
[pair_H] {"steps": 4902912, "elapsed_s": 8587.4, "coordination_ring_sparse20": 124.0, "coordination_ring_potter0_20": 0.0, "large_room_sparse20": 0.0, "large_room_potter0_20": 0.5}
[pair_H] {"steps": 4904960, "elapsed_s": 8596.2, "coordination_ring_sparse20": 122.0, "coordination_ring_potter0_20": 0.1, "large_room_sparse20": 0.0, "large_room_potter0_20": 0.55}
[pair_H] {"steps": 4907008, "elapsed_s": 8604.0, "coordination_ring_sparse20": 123.0, "coordination_ring_potter0_20": 0.15, "large_room_sparse20": 0.0, "large_room_potter0_20": 0.55}
[pair_H] {"steps": 4909056, "elapsed_s": 8613.3, "coordination_ring_sparse20": 122.0, "coordination_ring_potter0_20": 0.15, "large_room_sparse20": 0.0, "large_room_potter0_20": 0.55}
[pair_H] {"steps": 4911104, "elapsed_s": 8624.3, "coordination_ring_sparse20": 120.0, "coordination_ring_potter0_20": 0.15, "large_room_sparse20": 0.0, "large_room_potter0_20": 0.55}
[pair_H] {"steps": 4913152, "elapsed_s": 8632.6, "coordination_ring_sparse20": 120.0, "coordination_ring_potter0_20": 0.15, "large_room_sparse20": 0.0, "large_room_potter0_20": 0.55}
[pair_H] {"steps": 4915200, "elapsed_s": 8642.7, "coordination_ring_sparse20": 122.0, "coordination_ring_potter0_20": 0.15, "large_room_sparse20": 0.0, "large_room_potter0_20": 0.5}
[pair_H] {"steps": 4917248, "elapsed_s": 8648.9, "coordination_ring_sparse20": 121.0, "coordination_ring_potter0_20": 0.15, "large_room_sparse20": 0.0, "large_room_potter0_20": 0.45}
[pair_H] {"steps": 4919296, "elapsed_s": 8658.5, "coordination_ring_sparse20": 115.0, "coordination_ring_potter0_20": 0.1, "large_room_sparse20": 0.0, "large_room_potter0_20": 0.45}
[pair_H] {"steps": 4921344, "elapsed_s": 8668.1, "coordination_ring_sparse20": 115.0, "coordination_ring_potter0_20": 0.0, "large_room_sparse20": 0.0, "large_room_potter0_20": 0.45}
[pair_H] {"steps": 4923392, "elapsed_s": 8676.0, "coordination_ring_sparse20": 114.0, "coordination_ring_potter0_20": 0.0, "large_room_sparse20": 0.0, "large_room_potter0_20": 0.4}
[pair_H] {"steps": 4925440, "elapsed_s": 8683.0, "coordination_ring_sparse20": 115.0, "coordination_ring_potter0_20": 0.0, "large_room_sparse20": 0.0, "large_room_potter0_20": 0.4}
[pair_H] {"steps": 4927488, "elapsed_s": 8690.3, "coordination_ring_sparse20": 117.0, "coordination_ring_potter0_20": 0.0, "large_room_sparse20": 0.0, "large_room_potter0_20": 0.4}
[pair_H] {"steps": 4929536, "elapsed_s": 8699.8, "coordination_ring_sparse20": 114.0, "coordination_ring_potter0_20": 0.0, "large_room_sparse20": 0.0, "large_room_potter0_20": 0.4}
[pair_H] {"steps": 4931584, "elapsed_s": 8709.6, "coordination_ring_sparse20": 114.0, "coordination_ring_potter0_20": 0.0, "large_room_sparse20": 0.0, "large_room_potter0_20": 0.4}
[pair_H] {"steps": 4933632, "elapsed_s": 8721.5, "coordination_ring_sparse20": 114.0, "coordination_ring_potter0_20": 0.0, "large_room_sparse20": 0.0, "large_room_potter0_20": 0.4}
[pair_H] {"steps": 4935680, "elapsed_s": 8727.7, "coordination_ring_sparse20": 119.0, "coordination_ring_potter0_20": 0.05, "large_room_sparse20": 0.0, "large_room_potter0_20": 0.4}
[pair_H] {"steps": 4937728, "elapsed_s": 8737.0, "coordination_ring_sparse20": 120.0, "coordination_ring_potter0_20": 0.05, "large_room_sparse20": 0.0, "large_room_potter0_20": 0.45}
[pair_H] {"steps": 4939776, "elapsed_s": 8746.7, "coordination_ring_sparse20": 124.0, "coordination_ring_potter0_20": 0.05, "large_room_sparse20": 0.0, "large_room_potter0_20": 0.45}
[pair_H] {"steps": 4941824, "elapsed_s": 8756.1, "coordination_ring_sparse20": 121.0, "coordination_ring_potter0_20": 0.05, "large_room_sparse20": 0.0, "large_room_potter0_20": 0.4}
[pair_H] {"steps": 4943872, "elapsed_s": 8766.1, "coordination_ring_sparse20": 121.0, "coordination_ring_potter0_20": 0.05, "large_room_sparse20": 0.0, "large_room_potter0_20": 0.4}
[pair_H] {"steps": 4945920, "elapsed_s": 8774.9, "coordination_ring_sparse20": 126.0, "coordination_ring_potter0_20": 0.05, "large_room_sparse20": 0.0, "large_room_potter0_20": 0.4}
[pair_H] {"steps": 4947968, "elapsed_s": 8784.2, "coordination_ring_sparse20": 124.0, "coordination_ring_potter0_20": 0.05, "large_room_sparse20": 0.0, "large_room_potter0_20": 0.35}
[pair_H] {"steps": 4950016, "elapsed_s": 8791.9, "coordination_ring_sparse20": 128.0, "coordination_ring_potter0_20": 0.0, "large_room_sparse20": 0.0, "large_room_potter0_20": 0.3}
[pair_H] {"steps": 4952064, "elapsed_s": 8799.0, "coordination_ring_sparse20": 129.0, "coordination_ring_potter0_20": 0.0, "large_room_sparse20": 0.0, "large_room_potter0_20": 0.3}
[pair_H] {"steps": 4954112, "elapsed_s": 8805.9, "coordination_ring_sparse20": 130.0, "coordination_ring_potter0_20": 0.0, "large_room_sparse20": 0.0, "large_room_potter0_20": 0.35}
[pair_H] {"steps": 4956160, "elapsed_s": 8816.1, "coordination_ring_sparse20": 129.0, "coordination_ring_potter0_20": 0.0, "large_room_sparse20": 0.0, "large_room_potter0_20": 0.35}
[pair_H] {"steps": 4958208, "elapsed_s": 8828.2, "coordination_ring_sparse20": 130.0, "coordination_ring_potter0_20": 0.0, "large_room_sparse20": 0.0, "large_room_potter0_20": 0.4}
[pair_H] {"steps": 4960256, "elapsed_s": 8835.8, "coordination_ring_sparse20": 132.0, "coordination_ring_potter0_20": 0.0, "large_room_sparse20": 0.0, "large_room_potter0_20": 0.3}
[pair_H] {"steps": 4962304, "elapsed_s": 8844.9, "coordination_ring_sparse20": 134.0, "coordination_ring_potter0_20": 0.0, "large_room_sparse20": 0.0, "large_room_potter0_20": 0.35}
[pair_H] {"steps": 4964352, "elapsed_s": 8858.4, "coordination_ring_sparse20": 133.0, "coordination_ring_potter0_20": 0.0, "large_room_sparse20": 0.0, "large_room_potter0_20": 0.35}
[pair_H] {"steps": 4966400, "elapsed_s": 8869.8, "coordination_ring_sparse20": 130.0, "coordination_ring_potter0_20": 0.0, "large_room_sparse20": 0.0, "large_room_potter0_20": 0.4}
[pair_H] {"steps": 4968448, "elapsed_s": 8879.3, "coordination_ring_sparse20": 132.0, "coordination_ring_potter0_20": 0.0, "large_room_sparse20": 0.0, "large_room_potter0_20": 0.4}
[pair_H] {"steps": 4970496, "elapsed_s": 8887.0, "coordination_ring_sparse20": 130.0, "coordination_ring_potter0_20": 0.0, "large_room_sparse20": 0.0, "large_room_potter0_20": 0.45}
[pair_H] {"steps": 4972544, "elapsed_s": 8889.8, "coordination_ring_sparse20": 129.0, "coordination_ring_potter0_20": 0.0, "large_room_sparse20": 0.0, "large_room_potter0_20": 0.45}
[pair_H] {"steps": 4974592, "elapsed_s": 8892.7, "coordination_ring_sparse20": 122.0, "coordination_ring_potter0_20": 0.0, "large_room_sparse20": 0.0, "large_room_potter0_20": 0.45}
[pair_H] {"steps": 4976640, "elapsed_s": 8895.1, "coordination_ring_sparse20": 118.0, "coordination_ring_potter0_20": 0.0, "large_room_sparse20": 0.0, "large_room_potter0_20": 0.45}
[pair_H] {"steps": 4978688, "elapsed_s": 8898.3, "coordination_ring_sparse20": 117.0, "coordination_ring_potter0_20": 0.0, "large_room_sparse20": 0.0, "large_room_potter0_20": 0.45}
[pair_H] {"steps": 4980736, "elapsed_s": 8902.4, "coordination_ring_sparse20": 117.0, "coordination_ring_potter0_20": 0.0, "large_room_sparse20": 0.0, "large_room_potter0_20": 0.5}
[pair_H] {"steps": 4982784, "elapsed_s": 8906.5, "coordination_ring_sparse20": 113.0, "coordination_ring_potter0_20": 0.0, "large_room_sparse20": 0.0, "large_room_potter0_20": 0.55}
[pair_H] {"steps": 4984832, "elapsed_s": 8912.3, "coordination_ring_sparse20": 115.0, "coordination_ring_potter0_20": 0.0, "large_room_sparse20": 0.0, "large_room_potter0_20": 0.55}
[pair_H] {"steps": 4986880, "elapsed_s": 8917.1, "coordination_ring_sparse20": 115.0, "coordination_ring_potter0_20": 0.0, "large_room_sparse20": 0.0, "large_room_potter0_20": 0.6}
[pair_H] {"steps": 4988928, "elapsed_s": 8920.8, "coordination_ring_sparse20": 117.0, "coordination_ring_potter0_20": 0.0, "large_room_sparse20": 0.0, "large_room_potter0_20": 0.6}
[pair_H] {"steps": 4990976, "elapsed_s": 8925.8, "coordination_ring_sparse20": 118.0, "coordination_ring_potter0_20": 0.0, "large_room_sparse20": 0.0, "large_room_potter0_20": 0.55}
[pair_H] {"steps": 4993024, "elapsed_s": 8928.9, "coordination_ring_sparse20": 124.0, "coordination_ring_potter0_20": 0.0, "large_room_sparse20": 0.0, "large_room_potter0_20": 0.65}
[pair_H] {"steps": 4995072, "elapsed_s": 8931.6, "coordination_ring_sparse20": 123.0, "coordination_ring_potter0_20": 0.0, "large_room_sparse20": 0.0, "large_room_potter0_20": 0.65}
[pair_H] {"steps": 4997120, "elapsed_s": 8933.7, "coordination_ring_sparse20": 128.0, "coordination_ring_potter0_20": 0.0, "large_room_sparse20": 0.0, "large_room_potter0_20": 0.65}
[pair_H] {"steps": 4999168, "elapsed_s": 8936.1, "coordination_ring_sparse20": 128.0, "coordination_ring_potter0_20": 0.0, "large_room_sparse20": 0.0, "large_room_potter0_20": 0.6}
[pair_H] {"steps": 5001216, "elapsed_s": 8939.5, "coordination_ring_sparse20": 128.0, "coordination_ring_potter0_20": 0.0, "large_room_sparse20": 0.0, "large_room_potter0_20": 0.65}
checkpointed /home/Yixiang/MPARL/GOGOGO/outputs/overcooked_mixed_pilot.json
