Gym has been unmaintained since 2022 and does not support NumPy 2.0 amongst other critical functionality.
Please upgrade to Gymnasium, the maintained drop-in replacement of Gym, or contact the authors of your software and request that they upgrade.
Users of this version of Gym should be able to simply replace 'import gym' with 'import gymnasium as gym' in the vast majority of cases.
See the migration guide at https://gymnasium.farama.org/introduction/migration_guide/ for additional information.
[pair_D] {"steps": 2048, "elapsed_s": 1.8, "coordination_ring_sparse20": 0.0, "coordination_ring_potter0_20": 0.5, "counter_circuit_sparse20": 0.0, "counter_circuit_potter0_20": null}
[pair_D] {"steps": 4096, "elapsed_s": 3.4, "coordination_ring_sparse20": 0.0, "coordination_ring_potter0_20": 0.5, "counter_circuit_sparse20": 0.0, "counter_circuit_potter0_20": null}
[pair_D] {"steps": 6144, "elapsed_s": 4.9, "coordination_ring_sparse20": 0.0, "coordination_ring_potter0_20": 0.5714285714285714, "counter_circuit_sparse20": 0.0, "counter_circuit_potter0_20": null}
[pair_D] {"steps": 8192, "elapsed_s": 6.5, "coordination_ring_sparse20": 0.0, "coordination_ring_potter0_20": 0.5714285714285714, "counter_circuit_sparse20": 0.0, "counter_circuit_potter0_20": null}
[pair_D] {"steps": 10240, "elapsed_s": 8.1, "coordination_ring_sparse20": 0.0, "coordination_ring_potter0_20": 0.6, "counter_circuit_sparse20": 0.0, "counter_circuit_potter0_20": null}
[pair_D] {"steps": 12288, "elapsed_s": 9.5, "coordination_ring_sparse20": 0.0, "coordination_ring_potter0_20": 0.5, "counter_circuit_sparse20": 0.0, "counter_circuit_potter0_20": null}
[pair_D] {"steps": 14336, "elapsed_s": 11.1, "coordination_ring_sparse20": 0.0, "coordination_ring_potter0_20": 0.42857142857142855, "counter_circuit_sparse20": 0.0, "counter_circuit_potter0_20": null}
[pair_D] {"steps": 16384, "elapsed_s": 12.5, "coordination_ring_sparse20": 0.0, "coordination_ring_potter0_20": 0.4117647058823529, "counter_circuit_sparse20": 0.0, "counter_circuit_potter0_20": null}
[pair_D] {"steps": 18432, "elapsed_s": 13.9, "coordination_ring_sparse20": 0.0, "coordination_ring_potter0_20": 0.45, "counter_circuit_sparse20": 0.0, "counter_circuit_potter0_20": null}
[pair_D] {"steps": 20480, "elapsed_s": 15.4, "coordination_ring_sparse20": 0.0, "coordination_ring_potter0_20": 0.45, "counter_circuit_sparse20": 0.0, "counter_circuit_potter0_20": null}
[pair_D] {"steps": 22528, "elapsed_s": 16.9, "coordination_ring_sparse20": 0.0, "coordination_ring_potter0_20": 0.45, "counter_circuit_sparse20": 0.0, "counter_circuit_potter0_20": null}
[pair_D] {"steps": 24576, "elapsed_s": 18.4, "coordination_ring_sparse20": 0.0, "coordination_ring_potter0_20": 0.3, "counter_circuit_sparse20": 0.0, "counter_circuit_potter0_20": null}
[pair_D] {"steps": 26624, "elapsed_s": 19.9, "coordination_ring_sparse20": 0.0, "coordination_ring_potter0_20": 0.3, "counter_circuit_sparse20": 0.0, "counter_circuit_potter0_20": 0.0}
[pair_D] {"steps": 28672, "elapsed_s": 21.4, "coordination_ring_sparse20": 0.0, "coordination_ring_potter0_20": 0.25, "counter_circuit_sparse20": 0.0, "counter_circuit_potter0_20": 0.0}
[pair_D] {"steps": 30720, "elapsed_s": 23.3, "coordination_ring_sparse20": 0.0, "coordination_ring_potter0_20": 0.25, "counter_circuit_sparse20": 0.0, "counter_circuit_potter0_20": 0.0}
[pair_D] {"steps": 32768, "elapsed_s": 24.7, "coordination_ring_sparse20": 0.0, "coordination_ring_potter0_20": 0.35, "counter_circuit_sparse20": 0.0, "counter_circuit_potter0_20": 0.0}
[pair_D] {"steps": 34816, "elapsed_s": 26.2, "coordination_ring_sparse20": 0.0, "coordination_ring_potter0_20": 0.5, "counter_circuit_sparse20": 0.0, "counter_circuit_potter0_20": 0.0}
[pair_D] {"steps": 36864, "elapsed_s": 27.7, "coordination_ring_sparse20": 0.0, "coordination_ring_potter0_20": 0.5, "counter_circuit_sparse20": 0.0, "counter_circuit_potter0_20": 0.0}
[pair_D] {"steps": 38912, "elapsed_s": 29.2, "coordination_ring_sparse20": 0.0, "coordination_ring_potter0_20": 0.45, "counter_circuit_sparse20": 0.0, "counter_circuit_potter0_20": 0.0}
[pair_D] {"steps": 40960, "elapsed_s": 31.0, "coordination_ring_sparse20": 0.0, "coordination_ring_potter0_20": 0.5, "counter_circuit_sparse20": 0.0, "counter_circuit_potter0_20": 0.0}
[pair_D] {"steps": 43008, "elapsed_s": 32.9, "coordination_ring_sparse20": 0.0, "coordination_ring_potter0_20": 0.5, "counter_circuit_sparse20": 0.0, "counter_circuit_potter0_20": 0.0}
[pair_D] {"steps": 45056, "elapsed_s": 34.5, "coordination_ring_sparse20": 0.0, "coordination_ring_potter0_20": 0.6, "counter_circuit_sparse20": 0.0, "counter_circuit_potter0_20": 0.0}
[pair_D] {"steps": 47104, "elapsed_s": 35.9, "coordination_ring_sparse20": 0.0, "coordination_ring_potter0_20": 0.45, "counter_circuit_sparse20": 0.0, "counter_circuit_potter0_20": 0.0}
[pair_D] {"steps": 49152, "elapsed_s": 37.5, "coordination_ring_sparse20": 0.0, "coordination_ring_potter0_20": 0.4, "counter_circuit_sparse20": 0.0, "counter_circuit_potter0_20": 0.0}
[pair_D] {"steps": 51200, "elapsed_s": 38.9, "coordination_ring_sparse20": 0.0, "coordination_ring_potter0_20": 0.3, "counter_circuit_sparse20": 0.0, "counter_circuit_potter0_20": 0.0}
[pair_D] {"steps": 53248, "elapsed_s": 40.3, "coordination_ring_sparse20": 0.0, "coordination_ring_potter0_20": 0.25, "counter_circuit_sparse20": 0.0, "counter_circuit_potter0_20": 0.0}
[pair_D] {"steps": 55296, "elapsed_s": 41.8, "coordination_ring_sparse20": 0.0, "coordination_ring_potter0_20": 0.3, "counter_circuit_sparse20": 0.0, "counter_circuit_potter0_20": 0.0}
[pair_D] {"steps": 57344, "elapsed_s": 43.2, "coordination_ring_sparse20": 0.0, "coordination_ring_potter0_20": 0.25, "counter_circuit_sparse20": 0.0, "counter_circuit_potter0_20": 0.0}
[pair_D] {"steps": 59392, "elapsed_s": 44.7, "coordination_ring_sparse20": 0.0, "coordination_ring_potter0_20": 0.3, "counter_circuit_sparse20": 0.0, "counter_circuit_potter0_20": 0.0}
[pair_D] {"steps": 61440, "elapsed_s": 46.1, "coordination_ring_sparse20": 0.0, "coordination_ring_potter0_20": 0.35, "counter_circuit_sparse20": 0.0, "counter_circuit_potter0_20": 0.0}
[pair_D] {"steps": 63488, "elapsed_s": 47.5, "coordination_ring_sparse20": 0.0, "coordination_ring_potter0_20": 0.4, "counter_circuit_sparse20": 0.0, "counter_circuit_potter0_20": 0.0}
[pair_D] {"steps": 65536, "elapsed_s": 49.0, "coordination_ring_sparse20": 0.0, "coordination_ring_potter0_20": 0.3, "counter_circuit_sparse20": 0.0, "counter_circuit_potter0_20": 0.0}
[pair_D] {"steps": 67584, "elapsed_s": 50.9, "coordination_ring_sparse20": 0.0, "coordination_ring_potter0_20": 0.35, "counter_circuit_sparse20": 0.0, "counter_circuit_potter0_20": 0.0}
[pair_D] {"steps": 69632, "elapsed_s": 52.5, "coordination_ring_sparse20": 0.0, "coordination_ring_potter0_20": 0.4, "counter_circuit_sparse20": 0.0, "counter_circuit_potter0_20": 0.0}
[pair_D] {"steps": 71680, "elapsed_s": 54.1, "coordination_ring_sparse20": 0.0, "coordination_ring_potter0_20": 0.35, "counter_circuit_sparse20": 0.0, "counter_circuit_potter0_20": 0.0}
[pair_D] {"steps": 73728, "elapsed_s": 55.6, "coordination_ring_sparse20": 0.0, "coordination_ring_potter0_20": 0.35, "counter_circuit_sparse20": 0.0, "counter_circuit_potter0_20": 0.0}
[pair_D] {"steps": 75776, "elapsed_s": 57.3, "coordination_ring_sparse20": 0.0, "coordination_ring_potter0_20": 0.3, "counter_circuit_sparse20": 0.0, "counter_circuit_potter0_20": 0.0}
[pair_D] {"steps": 77824, "elapsed_s": 58.8, "coordination_ring_sparse20": 3.15, "coordination_ring_potter0_20": 0.35, "counter_circuit_sparse20": 0.0, "counter_circuit_potter0_20": 0.0}
[pair_D] {"steps": 79872, "elapsed_s": 60.2, "coordination_ring_sparse20": 3.15, "coordination_ring_potter0_20": 0.35, "counter_circuit_sparse20": 0.0, "counter_circuit_potter0_20": 0.0}
[pair_D] {"steps": 81920, "elapsed_s": 61.9, "coordination_ring_sparse20": 3.15, "coordination_ring_potter0_20": 0.3, "counter_circuit_sparse20": 0.0, "counter_circuit_potter0_20": 0.2}
[pair_D] {"steps": 83968, "elapsed_s": 63.4, "coordination_ring_sparse20": 3.15, "coordination_ring_potter0_20": 0.3, "counter_circuit_sparse20": 0.0, "counter_circuit_potter0_20": 0.3333333333333333}
[pair_D] {"steps": 86016, "elapsed_s": 64.8, "coordination_ring_sparse20": 3.15, "coordination_ring_potter0_20": 0.3, "counter_circuit_sparse20": 0.0, "counter_circuit_potter0_20": 0.3333333333333333}
[pair_D] {"steps": 88064, "elapsed_s": 66.4, "coordination_ring_sparse20": 3.15, "coordination_ring_potter0_20": 0.3, "counter_circuit_sparse20": 0.0, "counter_circuit_potter0_20": 0.42857142857142855}
[pair_D] {"steps": 90112, "elapsed_s": 67.9, "coordination_ring_sparse20": 3.15, "coordination_ring_potter0_20": 0.3, "counter_circuit_sparse20": 0.0, "counter_circuit_potter0_20": 0.5555555555555556}
[pair_D] {"steps": 92160, "elapsed_s": 69.4, "coordination_ring_sparse20": 0.0, "coordination_ring_potter0_20": 0.2, "counter_circuit_sparse20": 0.0, "counter_circuit_potter0_20": 0.5555555555555556}
[pair_D] {"steps": 94208, "elapsed_s": 71.1, "coordination_ring_sparse20": 0.0, "coordination_ring_potter0_20": 0.15, "counter_circuit_sparse20": 0.0, "counter_circuit_potter0_20": 0.5555555555555556}
[pair_D] {"steps": 96256, "elapsed_s": 72.7, "coordination_ring_sparse20": 0.0, "coordination_ring_potter0_20": 0.2, "counter_circuit_sparse20": 0.0, "counter_circuit_potter0_20": 0.6}
[pair_D] {"steps": 98304, "elapsed_s": 74.3, "coordination_ring_sparse20": 0.0, "coordination_ring_potter0_20": 0.25, "counter_circuit_sparse20": 0.0, "counter_circuit_potter0_20": 0.5833333333333334}
[pair_D] {"steps": 100352, "elapsed_s": 75.6, "coordination_ring_sparse20": 0.0, "coordination_ring_potter0_20": 0.2, "counter_circuit_sparse20": 0.0, "counter_circuit_potter0_20": 0.5833333333333334}
[pair_D] {"steps": 102400, "elapsed_s": 77.2, "coordination_ring_sparse20": 0.0, "coordination_ring_potter0_20": 0.3, "counter_circuit_sparse20": 0.0, "counter_circuit_potter0_20": 0.5833333333333334}
[pair_D] {"steps": 104448, "elapsed_s": 78.7, "coordination_ring_sparse20": 0.0, "coordination_ring_potter0_20": 0.35, "counter_circuit_sparse20": 0.0, "counter_circuit_potter0_20": 0.5833333333333334}
[pair_D] {"steps": 106496, "elapsed_s": 80.2, "coordination_ring_sparse20": 0.0, "coordination_ring_potter0_20": 0.4, "counter_circuit_sparse20": 0.0, "counter_circuit_potter0_20": 0.6428571428571429}
[pair_D] {"steps": 108544, "elapsed_s": 81.7, "coordination_ring_sparse20": 0.0, "coordination_ring_potter0_20": 0.45, "counter_circuit_sparse20": 0.0, "counter_circuit_potter0_20": 0.6428571428571429}
[pair_D] {"steps": 110592, "elapsed_s": 83.1, "coordination_ring_sparse20": 0.0, "coordination_ring_potter0_20": 0.35, "counter_circuit_sparse20": 0.0, "counter_circuit_potter0_20": 0.6666666666666666}
[pair_D] {"steps": 112640, "elapsed_s": 84.8, "coordination_ring_sparse20": 0.0, "coordination_ring_potter0_20": 0.35, "counter_circuit_sparse20": 0.0, "counter_circuit_potter0_20": 0.6470588235294118}
[pair_D] {"steps": 114688, "elapsed_s": 86.4, "coordination_ring_sparse20": 0.0, "coordination_ring_potter0_20": 0.3, "counter_circuit_sparse20": 0.0, "counter_circuit_potter0_20": 0.6666666666666666}
[pair_D] {"steps": 116736, "elapsed_s": 87.9, "coordination_ring_sparse20": 0.0, "coordination_ring_potter0_20": 0.25, "counter_circuit_sparse20": 0.0, "counter_circuit_potter0_20": 0.631578947368421}
[pair_D] {"steps": 118784, "elapsed_s": 89.7, "coordination_ring_sparse20": 0.0, "coordination_ring_potter0_20": 0.25, "counter_circuit_sparse20": 0.0, "counter_circuit_potter0_20": 0.7}
[pair_D] {"steps": 120832, "elapsed_s": 91.1, "coordination_ring_sparse20": 0.0, "coordination_ring_potter0_20": 0.15, "counter_circuit_sparse20": 0.0, "counter_circuit_potter0_20": 0.7}
[pair_D] {"steps": 122880, "elapsed_s": 92.6, "coordination_ring_sparse20": 0.0, "coordination_ring_potter0_20": 0.15, "counter_circuit_sparse20": 0.0, "counter_circuit_potter0_20": 0.7}
[pair_D] {"steps": 124928, "elapsed_s": 94.1, "coordination_ring_sparse20": 0.0, "coordination_ring_potter0_20": 0.15, "counter_circuit_sparse20": 0.0, "counter_circuit_potter0_20": 0.7}
[pair_D] {"steps": 126976, "elapsed_s": 95.7, "coordination_ring_sparse20": 0.0, "coordination_ring_potter0_20": 0.15, "counter_circuit_sparse20": 0.0, "counter_circuit_potter0_20": 0.7}
[pair_D] {"steps": 129024, "elapsed_s": 97.3, "coordination_ring_sparse20": 0.0, "coordination_ring_potter0_20": 0.25, "counter_circuit_sparse20": 0.0, "counter_circuit_potter0_20": 0.65}
[pair_D] {"steps": 131072, "elapsed_s": 98.8, "coordination_ring_sparse20": 0.0, "coordination_ring_potter0_20": 0.25, "counter_circuit_sparse20": 0.0, "counter_circuit_potter0_20": 0.6}
[pair_D] {"steps": 133120, "elapsed_s": 100.4, "coordination_ring_sparse20": 0.0, "coordination_ring_potter0_20": 0.25, "counter_circuit_sparse20": 0.0, "counter_circuit_potter0_20": 0.65}
[pair_D] {"steps": 135168, "elapsed_s": 101.8, "coordination_ring_sparse20": 0.0, "coordination_ring_potter0_20": 0.25, "counter_circuit_sparse20": 0.0, "counter_circuit_potter0_20": 0.65}
[pair_D] {"steps": 137216, "elapsed_s": 103.3, "coordination_ring_sparse20": 3.15, "coordination_ring_potter0_20": 0.25, "counter_circuit_sparse20": 0.0, "counter_circuit_potter0_20": 0.65}
[pair_D] {"steps": 139264, "elapsed_s": 104.8, "coordination_ring_sparse20": 3.15, "coordination_ring_potter0_20": 0.25, "counter_circuit_sparse20": 0.0, "counter_circuit_potter0_20": 0.6}
[pair_D] {"steps": 141312, "elapsed_s": 106.4, "coordination_ring_sparse20": 3.15, "coordination_ring_potter0_20": 0.25, "counter_circuit_sparse20": 0.0, "counter_circuit_potter0_20": 0.6}
[pair_D] {"steps": 143360, "elapsed_s": 107.8, "coordination_ring_sparse20": 3.15, "coordination_ring_potter0_20": 0.25, "counter_circuit_sparse20": 0.0, "counter_circuit_potter0_20": 0.6}
[pair_D] {"steps": 145408, "elapsed_s": 109.4, "coordination_ring_sparse20": 3.15, "coordination_ring_potter0_20": 0.35, "counter_circuit_sparse20": 0.0, "counter_circuit_potter0_20": 0.65}
[pair_D] {"steps": 147456, "elapsed_s": 110.9, "coordination_ring_sparse20": 3.15, "coordination_ring_potter0_20": 0.35, "counter_circuit_sparse20": 0.0, "counter_circuit_potter0_20": 0.6}
[pair_D] {"steps": 149504, "elapsed_s": 112.6, "coordination_ring_sparse20": 3.15, "coordination_ring_potter0_20": 0.35, "counter_circuit_sparse20": 0.0, "counter_circuit_potter0_20": 0.6}
[pair_D] {"steps": 151552, "elapsed_s": 114.2, "coordination_ring_sparse20": 0.0, "coordination_ring_potter0_20": 0.35, "counter_circuit_sparse20": 0.0, "counter_circuit_potter0_20": 0.6}
[pair_D] {"steps": 153600, "elapsed_s": 115.7, "coordination_ring_sparse20": 0.0, "coordination_ring_potter0_20": 0.4, "counter_circuit_sparse20": 0.0, "counter_circuit_potter0_20": 0.6}
[pair_D] {"steps": 155648, "elapsed_s": 117.3, "coordination_ring_sparse20": 0.0, "coordination_ring_potter0_20": 0.4, "counter_circuit_sparse20": 0.0, "counter_circuit_potter0_20": 0.6}
[pair_D] {"steps": 157696, "elapsed_s": 118.7, "coordination_ring_sparse20": 0.0, "coordination_ring_potter0_20": 0.4, "counter_circuit_sparse20": 0.0, "counter_circuit_potter0_20": 0.6}
[pair_D] {"steps": 159744, "elapsed_s": 120.2, "coordination_ring_sparse20": 0.0, "coordination_ring_potter0_20": 0.3, "counter_circuit_sparse20": 0.0, "counter_circuit_potter0_20": 0.6}
[pair_D] {"steps": 161792, "elapsed_s": 121.7, "coordination_ring_sparse20": 0.0, "coordination_ring_potter0_20": 0.25, "counter_circuit_sparse20": 0.0, "counter_circuit_potter0_20": 0.55}
[pair_D] {"steps": 163840, "elapsed_s": 123.2, "coordination_ring_sparse20": 0.0, "coordination_ring_potter0_20": 0.3, "counter_circuit_sparse20": 0.0, "counter_circuit_potter0_20": 0.55}
[pair_D] {"steps": 165888, "elapsed_s": 124.8, "coordination_ring_sparse20": 0.0, "coordination_ring_potter0_20": 0.3, "counter_circuit_sparse20": 0.0, "counter_circuit_potter0_20": 0.55}
[pair_D] {"steps": 167936, "elapsed_s": 126.7, "coordination_ring_sparse20": 0.0, "coordination_ring_potter0_20": 0.3, "counter_circuit_sparse20": 0.0, "counter_circuit_potter0_20": 0.5}
[pair_D] {"steps": 169984, "elapsed_s": 128.2, "coordination_ring_sparse20": 0.0, "coordination_ring_potter0_20": 0.3, "counter_circuit_sparse20": 0.0, "counter_circuit_potter0_20": 0.5}
[pair_D] {"steps": 172032, "elapsed_s": 129.7, "coordination_ring_sparse20": 0.0, "coordination_ring_potter0_20": 0.25, "counter_circuit_sparse20": 0.0, "counter_circuit_potter0_20": 0.45}
[pair_D] {"steps": 174080, "elapsed_s": 131.2, "coordination_ring_sparse20": 0.0, "coordination_ring_potter0_20": 0.2, "counter_circuit_sparse20": 0.0, "counter_circuit_potter0_20": 0.45}
[pair_D] {"steps": 176128, "elapsed_s": 132.7, "coordination_ring_sparse20": 0.0, "coordination_ring_potter0_20": 0.25, "counter_circuit_sparse20": 0.0, "counter_circuit_potter0_20": 0.5}
[pair_D] {"steps": 178176, "elapsed_s": 134.3, "coordination_ring_sparse20": 0.0, "coordination_ring_potter0_20": 0.25, "counter_circuit_sparse20": 0.0, "counter_circuit_potter0_20": 0.5}
[pair_D] {"steps": 180224, "elapsed_s": 135.8, "coordination_ring_sparse20": 0.0, "coordination_ring_potter0_20": 0.25, "counter_circuit_sparse20": 0.0, "counter_circuit_potter0_20": 0.45}
[pair_D] {"steps": 182272, "elapsed_s": 137.4, "coordination_ring_sparse20": 0.0, "coordination_ring_potter0_20": 0.3, "counter_circuit_sparse20": 0.0, "counter_circuit_potter0_20": 0.45}
[pair_D] {"steps": 184320, "elapsed_s": 138.9, "coordination_ring_sparse20": 0.0, "coordination_ring_potter0_20": 0.3, "counter_circuit_sparse20": 0.0, "counter_circuit_potter0_20": 0.45}
[pair_D] {"steps": 186368, "elapsed_s": 140.3, "coordination_ring_sparse20": 0.0, "coordination_ring_potter0_20": 0.25, "counter_circuit_sparse20": 0.0, "counter_circuit_potter0_20": 0.45}
[pair_D] {"steps": 188416, "elapsed_s": 141.8, "coordination_ring_sparse20": 0.0, "coordination_ring_potter0_20": 0.25, "counter_circuit_sparse20": 0.0, "counter_circuit_potter0_20": 0.45}
[pair_D] {"steps": 190464, "elapsed_s": 143.5, "coordination_ring_sparse20": 0.0, "coordination_ring_potter0_20": 0.2, "counter_circuit_sparse20": 0.0, "counter_circuit_potter0_20": 0.4}
[pair_D] {"steps": 192512, "elapsed_s": 145.1, "coordination_ring_sparse20": 0.0, "coordination_ring_potter0_20": 0.2, "counter_circuit_sparse20": 0.0, "counter_circuit_potter0_20": 0.4}
[pair_D] {"steps": 194560, "elapsed_s": 146.5, "coordination_ring_sparse20": 0.0, "coordination_ring_potter0_20": 0.2, "counter_circuit_sparse20": 0.0, "counter_circuit_potter0_20": 0.4}
[pair_D] {"steps": 196608, "elapsed_s": 148.1, "coordination_ring_sparse20": 0.0, "coordination_ring_potter0_20": 0.2, "counter_circuit_sparse20": 0.0, "counter_circuit_potter0_20": 0.4}
[pair_D] {"steps": 198656, "elapsed_s": 149.5, "coordination_ring_sparse20": 0.0, "coordination_ring_potter0_20": 0.15, "counter_circuit_sparse20": 0.0, "counter_circuit_potter0_20": 0.35}
[pair_D] {"steps": 200704, "elapsed_s": 150.9, "coordination_ring_sparse20": 0.0, "coordination_ring_potter0_20": 0.15, "counter_circuit_sparse20": 0.0, "counter_circuit_potter0_20": 0.4}
[pair_D] {"steps": 202752, "elapsed_s": 152.4, "coordination_ring_sparse20": 0.0, "coordination_ring_potter0_20": 0.15, "counter_circuit_sparse20": 0.0, "counter_circuit_potter0_20": 0.4}
[pair_D] {"steps": 204800, "elapsed_s": 153.9, "coordination_ring_sparse20": 0.0, "coordination_ring_potter0_20": 0.15, "counter_circuit_sparse20": 0.0, "counter_circuit_potter0_20": 0.4}
[pair_D] {"steps": 206848, "elapsed_s": 155.4, "coordination_ring_sparse20": 0.0, "coordination_ring_potter0_20": 0.15, "counter_circuit_sparse20": 0.0, "counter_circuit_potter0_20": 0.45}
[pair_D] {"steps": 208896, "elapsed_s": 156.9, "coordination_ring_sparse20": 0.0, "coordination_ring_potter0_20": 0.15, "counter_circuit_sparse20": 0.0, "counter_circuit_potter0_20": 0.45}
[pair_D] {"steps": 210944, "elapsed_s": 158.4, "coordination_ring_sparse20": 0.0, "coordination_ring_potter0_20": 0.15, "counter_circuit_sparse20": 0.0, "counter_circuit_potter0_20": 0.45}
[pair_D] {"steps": 212992, "elapsed_s": 160.1, "coordination_ring_sparse20": 0.0, "coordination_ring_potter0_20": 0.2, "counter_circuit_sparse20": 0.0, "counter_circuit_potter0_20": 0.5}
[pair_D] {"steps": 215040, "elapsed_s": 161.6, "coordination_ring_sparse20": 0.0, "coordination_ring_potter0_20": 0.25, "counter_circuit_sparse20": 0.0, "counter_circuit_potter0_20": 0.5}
[pair_D] {"steps": 217088, "elapsed_s": 163.4, "coordination_ring_sparse20": 0.0, "coordination_ring_potter0_20": 0.25, "counter_circuit_sparse20": 0.0, "counter_circuit_potter0_20": 0.55}
[pair_D] {"steps": 219136, "elapsed_s": 164.9, "coordination_ring_sparse20": 0.0, "coordination_ring_potter0_20": 0.25, "counter_circuit_sparse20": 0.0, "counter_circuit_potter0_20": 0.6}
[pair_D] {"steps": 221184, "elapsed_s": 166.4, "coordination_ring_sparse20": 0.0, "coordination_ring_potter0_20": 0.15, "counter_circuit_sparse20": 0.0, "counter_circuit_potter0_20": 0.6}
[pair_D] {"steps": 223232, "elapsed_s": 167.9, "coordination_ring_sparse20": 0.0, "coordination_ring_potter0_20": 0.2, "counter_circuit_sparse20": 0.0, "counter_circuit_potter0_20": 0.65}
[pair_D] {"steps": 225280, "elapsed_s": 169.5, "coordination_ring_sparse20": 0.0, "coordination_ring_potter0_20": 0.2, "counter_circuit_sparse20": 0.0, "counter_circuit_potter0_20": 0.7}
[pair_D] {"steps": 227328, "elapsed_s": 171.0, "coordination_ring_sparse20": 0.0, "coordination_ring_potter0_20": 0.25, "counter_circuit_sparse20": 0.0, "counter_circuit_potter0_20": 0.75}
[pair_D] {"steps": 229376, "elapsed_s": 172.5, "coordination_ring_sparse20": 0.0, "coordination_ring_potter0_20": 0.25, "counter_circuit_sparse20": 0.0, "counter_circuit_potter0_20": 0.7}
[pair_D] {"steps": 231424, "elapsed_s": 174.0, "coordination_ring_sparse20": 0.0, "coordination_ring_potter0_20": 0.2, "counter_circuit_sparse20": 0.0, "counter_circuit_potter0_20": 0.75}
[pair_D] {"steps": 233472, "elapsed_s": 175.6, "coordination_ring_sparse20": 0.0, "coordination_ring_potter0_20": 0.15, "counter_circuit_sparse20": 0.0, "counter_circuit_potter0_20": 0.75}
[pair_D] {"steps": 235520, "elapsed_s": 177.2, "coordination_ring_sparse20": 0.0, "coordination_ring_potter0_20": 0.15, "counter_circuit_sparse20": 0.0, "counter_circuit_potter0_20": 0.75}
[pair_D] {"steps": 237568, "elapsed_s": 178.6, "coordination_ring_sparse20": 0.0, "coordination_ring_potter0_20": 0.15, "counter_circuit_sparse20": 0.0, "counter_circuit_potter0_20": 0.7}
[pair_D] {"steps": 239616, "elapsed_s": 180.2, "coordination_ring_sparse20": 0.0, "coordination_ring_potter0_20": 0.1, "counter_circuit_sparse20": 0.0, "counter_circuit_potter0_20": 0.7}
[pair_D] {"steps": 241664, "elapsed_s": 181.7, "coordination_ring_sparse20": 3.15, "coordination_ring_potter0_20": 0.05, "counter_circuit_sparse20": 0.0, "counter_circuit_potter0_20": 0.7}
[pair_D] {"steps": 243712, "elapsed_s": 183.2, "coordination_ring_sparse20": 6.3, "coordination_ring_potter0_20": 0.05, "counter_circuit_sparse20": 0.0, "counter_circuit_potter0_20": 0.7}
[pair_D] {"steps": 245760, "elapsed_s": 184.7, "coordination_ring_sparse20": 6.3, "coordination_ring_potter0_20": 0.0, "counter_circuit_sparse20": 0.0, "counter_circuit_potter0_20": 0.7}
[pair_D] {"steps": 247808, "elapsed_s": 186.3, "coordination_ring_sparse20": 6.3, "coordination_ring_potter0_20": 0.0, "counter_circuit_sparse20": 0.0, "counter_circuit_potter0_20": 0.7}
[pair_D] {"steps": 249856, "elapsed_s": 187.8, "coordination_ring_sparse20": 6.3, "coordination_ring_potter0_20": 0.0, "counter_circuit_sparse20": 0.0, "counter_circuit_potter0_20": 0.75}
[pair_D] {"steps": 251904, "elapsed_s": 189.5, "coordination_ring_sparse20": 6.3, "coordination_ring_potter0_20": 0.0, "counter_circuit_sparse20": 0.0, "counter_circuit_potter0_20": 0.75}
[pair_D] {"steps": 253952, "elapsed_s": 191.2, "coordination_ring_sparse20": 6.3, "coordination_ring_potter0_20": 0.0, "counter_circuit_sparse20": 0.0, "counter_circuit_potter0_20": 0.7}
[pair_D] {"steps": 256000, "elapsed_s": 193.0, "coordination_ring_sparse20": 12.6, "coordination_ring_potter0_20": 0.05, "counter_circuit_sparse20": 0.0, "counter_circuit_potter0_20": 0.7}
[pair_D] {"steps": 258048, "elapsed_s": 194.5, "coordination_ring_sparse20": 6.3, "coordination_ring_potter0_20": 0.05, "counter_circuit_sparse20": 0.0, "counter_circuit_potter0_20": 0.75}
[pair_D] {"steps": 260096, "elapsed_s": 196.1, "coordination_ring_sparse20": 6.3, "coordination_ring_potter0_20": 0.1, "counter_circuit_sparse20": 0.0, "counter_circuit_potter0_20": 0.8}
[pair_D] {"steps": 262144, "elapsed_s": 197.6, "coordination_ring_sparse20": 6.3, "coordination_ring_potter0_20": 0.1, "counter_circuit_sparse20": 0.0, "counter_circuit_potter0_20": 0.8}
[pair_D] {"steps": 264192, "elapsed_s": 199.1, "coordination_ring_sparse20": 6.3, "coordination_ring_potter0_20": 0.15, "counter_circuit_sparse20": 0.0, "counter_circuit_potter0_20": 0.75}
[pair_D] {"steps": 266240, "elapsed_s": 200.6, "coordination_ring_sparse20": 6.3, "coordination_ring_potter0_20": 0.2, "counter_circuit_sparse20": 0.0, "counter_circuit_potter0_20": 0.75}
[pair_D] {"steps": 268288, "elapsed_s": 202.1, "coordination_ring_sparse20": 6.3, "coordination_ring_potter0_20": 0.2, "counter_circuit_sparse20": 0.0, "counter_circuit_potter0_20": 0.8}
[pair_D] {"steps": 270336, "elapsed_s": 203.5, "coordination_ring_sparse20": 0.0, "coordination_ring_potter0_20": 0.2, "counter_circuit_sparse20": 0.0, "counter_circuit_potter0_20": 0.8}
[pair_D] {"steps": 272384, "elapsed_s": 205.0, "coordination_ring_sparse20": 0.0, "coordination_ring_potter0_20": 0.15, "counter_circuit_sparse20": 0.0, "counter_circuit_potter0_20": 0.8}
[pair_D] {"steps": 274432, "elapsed_s": 206.5, "coordination_ring_sparse20": 0.0, "coordination_ring_potter0_20": 0.1, "counter_circuit_sparse20": 0.0, "counter_circuit_potter0_20": 0.8}
[pair_D] {"steps": 276480, "elapsed_s": 208.0, "coordination_ring_sparse20": 0.0, "coordination_ring_potter0_20": 0.15, "counter_circuit_sparse20": 0.0, "counter_circuit_potter0_20": 0.8}
[pair_D] {"steps": 278528, "elapsed_s": 209.8, "coordination_ring_sparse20": 0.0, "coordination_ring_potter0_20": 0.15, "counter_circuit_sparse20": 0.0, "counter_circuit_potter0_20": 0.8}
[pair_D] {"steps": 280576, "elapsed_s": 211.3, "coordination_ring_sparse20": 0.0, "coordination_ring_potter0_20": 0.2, "counter_circuit_sparse20": 0.0, "counter_circuit_potter0_20": 0.85}
[pair_D] {"steps": 282624, "elapsed_s": 212.7, "coordination_ring_sparse20": 0.0, "coordination_ring_potter0_20": 0.2, "counter_circuit_sparse20": 0.0, "counter_circuit_potter0_20": 0.85}
[pair_D] {"steps": 284672, "elapsed_s": 214.2, "coordination_ring_sparse20": 0.0, "coordination_ring_potter0_20": 0.2, "counter_circuit_sparse20": 0.0, "counter_circuit_potter0_20": 0.85}
[pair_D] {"steps": 286720, "elapsed_s": 215.6, "coordination_ring_sparse20": 0.0, "coordination_ring_potter0_20": 0.2, "counter_circuit_sparse20": 0.0, "counter_circuit_potter0_20": 0.85}
[pair_D] {"steps": 288768, "elapsed_s": 217.4, "coordination_ring_sparse20": 0.0, "coordination_ring_potter0_20": 0.2, "counter_circuit_sparse20": 0.0, "counter_circuit_potter0_20": 0.85}
[pair_D] {"steps": 290816, "elapsed_s": 218.9, "coordination_ring_sparse20": 3.15, "coordination_ring_potter0_20": 0.15, "counter_circuit_sparse20": 0.0, "counter_circuit_potter0_20": 0.85}
[pair_D] {"steps": 292864, "elapsed_s": 220.4, "coordination_ring_sparse20": 3.15, "coordination_ring_potter0_20": 0.05, "counter_circuit_sparse20": 0.0, "counter_circuit_potter0_20": 0.85}
[pair_D] {"steps": 294912, "elapsed_s": 221.8, "coordination_ring_sparse20": 3.15, "coordination_ring_potter0_20": 0.05, "counter_circuit_sparse20": 0.0, "counter_circuit_potter0_20": 0.8}
[pair_D] {"steps": 296960, "elapsed_s": 223.3, "coordination_ring_sparse20": 3.15, "coordination_ring_potter0_20": 0.05, "counter_circuit_sparse20": 0.0, "counter_circuit_potter0_20": 0.8}
[pair_D] {"steps": 299008, "elapsed_s": 224.8, "coordination_ring_sparse20": 3.15, "coordination_ring_potter0_20": 0.05, "counter_circuit_sparse20": 0.0, "counter_circuit_potter0_20": 0.8}
[pair_D] {"steps": 301056, "elapsed_s": 226.2, "coordination_ring_sparse20": 3.15, "coordination_ring_potter0_20": 0.05, "counter_circuit_sparse20": 0.0, "counter_circuit_potter0_20": 0.8}
[pair_D] {"steps": 303104, "elapsed_s": 227.8, "coordination_ring_sparse20": 3.15, "coordination_ring_potter0_20": 0.05, "counter_circuit_sparse20": 0.0, "counter_circuit_potter0_20": 0.75}
[pair_D] {"steps": 305152, "elapsed_s": 229.3, "coordination_ring_sparse20": 0.0, "coordination_ring_potter0_20": 0.05, "counter_circuit_sparse20": 0.0, "counter_circuit_potter0_20": 0.7}
[pair_D] {"steps": 307200, "elapsed_s": 230.9, "coordination_ring_sparse20": 0.0, "coordination_ring_potter0_20": 0.05, "counter_circuit_sparse20": 0.0, "counter_circuit_potter0_20": 0.75}
[pair_D] {"steps": 309248, "elapsed_s": 232.4, "coordination_ring_sparse20": 0.0, "coordination_ring_potter0_20": 0.05, "counter_circuit_sparse20": 0.0, "counter_circuit_potter0_20": 0.75}
[pair_D] {"steps": 311296, "elapsed_s": 233.9, "coordination_ring_sparse20": 0.0, "coordination_ring_potter0_20": 0.05, "counter_circuit_sparse20": 0.0, "counter_circuit_potter0_20": 0.75}
[pair_D] {"steps": 313344, "elapsed_s": 235.4, "coordination_ring_sparse20": 0.0, "coordination_ring_potter0_20": 0.0, "counter_circuit_sparse20": 0.0, "counter_circuit_potter0_20": 0.7}
[pair_D] {"steps": 315392, "elapsed_s": 236.9, "coordination_ring_sparse20": 0.0, "coordination_ring_potter0_20": 0.0, "counter_circuit_sparse20": 0.0, "counter_circuit_potter0_20": 0.7}
[pair_D] {"steps": 317440, "elapsed_s": 238.5, "coordination_ring_sparse20": 0.0, "coordination_ring_potter0_20": 0.0, "counter_circuit_sparse20": 0.0, "counter_circuit_potter0_20": 0.7}
[pair_D] {"steps": 319488, "elapsed_s": 240.1, "coordination_ring_sparse20": 0.0, "coordination_ring_potter0_20": 0.0, "counter_circuit_sparse20": 0.0, "counter_circuit_potter0_20": 0.7}
[pair_D] {"steps": 321536, "elapsed_s": 241.7, "coordination_ring_sparse20": 0.0, "coordination_ring_potter0_20": 0.0, "counter_circuit_sparse20": 0.0, "counter_circuit_potter0_20": 0.7}
[pair_D] {"steps": 323584, "elapsed_s": 243.4, "coordination_ring_sparse20": 0.0, "coordination_ring_potter0_20": 0.05, "counter_circuit_sparse20": 0.0, "counter_circuit_potter0_20": 0.65}
[pair_D] {"steps": 325632, "elapsed_s": 244.8, "coordination_ring_sparse20": 0.0, "coordination_ring_potter0_20": 0.05, "counter_circuit_sparse20": 0.0, "counter_circuit_potter0_20": 0.6}
[pair_D] {"steps": 327680, "elapsed_s": 246.4, "coordination_ring_sparse20": 0.0, "coordination_ring_potter0_20": 0.05, "counter_circuit_sparse20": 0.0, "counter_circuit_potter0_20": 0.6}
[pair_D] {"steps": 329728, "elapsed_s": 247.8, "coordination_ring_sparse20": 0.0, "coordination_ring_potter0_20": 0.05, "counter_circuit_sparse20": 0.0, "counter_circuit_potter0_20": 0.6}
[pair_D] {"steps": 331776, "elapsed_s": 249.3, "coordination_ring_sparse20": 0.0, "coordination_ring_potter0_20": 0.1, "counter_circuit_sparse20": 0.0, "counter_circuit_potter0_20": 0.6}
[pair_D] {"steps": 333824, "elapsed_s": 250.8, "coordination_ring_sparse20": 0.0, "coordination_ring_potter0_20": 0.1, "counter_circuit_sparse20": 0.0, "counter_circuit_potter0_20": 0.6}
[pair_D] {"steps": 335872, "elapsed_s": 252.4, "coordination_ring_sparse20": 0.0, "coordination_ring_potter0_20": 0.05, "counter_circuit_sparse20": 0.0, "counter_circuit_potter0_20": 0.6}
[pair_D] {"steps": 337920, "elapsed_s": 254.0, "coordination_ring_sparse20": 0.0, "coordination_ring_potter0_20": 0.05, "counter_circuit_sparse20": 0.0, "counter_circuit_potter0_20": 0.55}
[pair_D] {"steps": 339968, "elapsed_s": 255.4, "coordination_ring_sparse20": 0.0, "coordination_ring_potter0_20": 0.05, "counter_circuit_sparse20": 0.0, "counter_circuit_potter0_20": 0.6}
[pair_D] {"steps": 342016, "elapsed_s": 256.9, "coordination_ring_sparse20": 0.0, "coordination_ring_potter0_20": 0.05, "counter_circuit_sparse20": 0.0, "counter_circuit_potter0_20": 0.55}
[pair_D] {"steps": 344064, "elapsed_s": 258.5, "coordination_ring_sparse20": 3.15, "coordination_ring_potter0_20": 0.1, "counter_circuit_sparse20": 0.0, "counter_circuit_potter0_20": 0.55}
[pair_D] {"steps": 346112, "elapsed_s": 259.9, "coordination_ring_sparse20": 3.15, "coordination_ring_potter0_20": 0.1, "counter_circuit_sparse20": 0.0, "counter_circuit_potter0_20": 0.55}
[pair_D] {"steps": 348160, "elapsed_s": 261.5, "coordination_ring_sparse20": 3.15, "coordination_ring_potter0_20": 0.1, "counter_circuit_sparse20": 0.0, "counter_circuit_potter0_20": 0.6}
[pair_D] {"steps": 350208, "elapsed_s": 263.1, "coordination_ring_sparse20": 3.15, "coordination_ring_potter0_20": 0.15, "counter_circuit_sparse20": 0.0, "counter_circuit_potter0_20": 0.55}
[pair_D] {"steps": 352256, "elapsed_s": 264.5, "coordination_ring_sparse20": 3.15, "coordination_ring_potter0_20": 0.15, "counter_circuit_sparse20": 0.0, "counter_circuit_potter0_20": 0.55}
[pair_D] {"steps": 354304, "elapsed_s": 266.0, "coordination_ring_sparse20": 3.15, "coordination_ring_potter0_20": 0.15, "counter_circuit_sparse20": 0.0, "counter_circuit_potter0_20": 0.55}
[pair_D] {"steps": 356352, "elapsed_s": 267.5, "coordination_ring_sparse20": 3.15, "coordination_ring_potter0_20": 0.15, "counter_circuit_sparse20": 0.0, "counter_circuit_potter0_20": 0.5}
[pair_D] {"steps": 358400, "elapsed_s": 269.0, "coordination_ring_sparse20": 3.15, "coordination_ring_potter0_20": 0.15, "counter_circuit_sparse20": 0.0, "counter_circuit_potter0_20": 0.65}
[pair_D] {"steps": 360448, "elapsed_s": 270.6, "coordination_ring_sparse20": 0.0, "coordination_ring_potter0_20": 0.1, "counter_circuit_sparse20": 0.0, "counter_circuit_potter0_20": 0.65}
[pair_D] {"steps": 362496, "elapsed_s": 272.3, "coordination_ring_sparse20": 0.0, "coordination_ring_potter0_20": 0.05, "counter_circuit_sparse20": 0.0, "counter_circuit_potter0_20": 0.6}
[pair_D] {"steps": 364544, "elapsed_s": 273.7, "coordination_ring_sparse20": 0.0, "coordination_ring_potter0_20": 0.1, "counter_circuit_sparse20": 0.0, "counter_circuit_potter0_20": 0.6}
[pair_D] {"steps": 366592, "elapsed_s": 275.4, "coordination_ring_sparse20": 0.0, "coordination_ring_potter0_20": 0.1, "counter_circuit_sparse20": 0.0, "counter_circuit_potter0_20": 0.6}
[pair_D] {"steps": 368640, "elapsed_s": 276.9, "coordination_ring_sparse20": 0.0, "coordination_ring_potter0_20": 0.1, "counter_circuit_sparse20": 0.0, "counter_circuit_potter0_20": 0.6}
[pair_D] {"steps": 370688, "elapsed_s": 278.3, "coordination_ring_sparse20": 0.0, "coordination_ring_potter0_20": 0.1, "counter_circuit_sparse20": 0.0, "counter_circuit_potter0_20": 0.6}
[pair_D] {"steps": 372736, "elapsed_s": 279.8, "coordination_ring_sparse20": 0.0, "coordination_ring_potter0_20": 0.1, "counter_circuit_sparse20": 0.0, "counter_circuit_potter0_20": 0.6}
[pair_D] {"steps": 374784, "elapsed_s": 281.3, "coordination_ring_sparse20": 0.0, "coordination_ring_potter0_20": 0.1, "counter_circuit_sparse20": 0.0, "counter_circuit_potter0_20": 0.6}
[pair_D] {"steps": 376832, "elapsed_s": 282.8, "coordination_ring_sparse20": 0.0, "coordination_ring_potter0_20": 0.1, "counter_circuit_sparse20": 0.0, "counter_circuit_potter0_20": 0.55}
[pair_D] {"steps": 378880, "elapsed_s": 284.4, "coordination_ring_sparse20": 0.0, "coordination_ring_potter0_20": 0.15, "counter_circuit_sparse20": 0.0, "counter_circuit_potter0_20": 0.55}
[pair_D] {"steps": 380928, "elapsed_s": 285.9, "coordination_ring_sparse20": 0.0, "coordination_ring_potter0_20": 0.15, "counter_circuit_sparse20": 0.0, "counter_circuit_potter0_20": 0.5}
[pair_D] {"steps": 382976, "elapsed_s": 287.5, "coordination_ring_sparse20": 0.0, "coordination_ring_potter0_20": 0.15, "counter_circuit_sparse20": 0.0, "counter_circuit_potter0_20": 0.5}
[pair_D] {"steps": 385024, "elapsed_s": 288.9, "coordination_ring_sparse20": 0.0, "coordination_ring_potter0_20": 0.1, "counter_circuit_sparse20": 0.0, "counter_circuit_potter0_20": 0.55}
[pair_D] {"steps": 387072, "elapsed_s": 290.5, "coordination_ring_sparse20": 0.0, "coordination_ring_potter0_20": 0.05, "counter_circuit_sparse20": 0.0, "counter_circuit_potter0_20": 0.55}
[pair_D] {"steps": 389120, "elapsed_s": 291.9, "coordination_ring_sparse20": 0.0, "coordination_ring_potter0_20": 0.05, "counter_circuit_sparse20": 0.0, "counter_circuit_potter0_20": 0.55}
[pair_D] {"steps": 391168, "elapsed_s": 293.6, "coordination_ring_sparse20": 0.0, "coordination_ring_potter0_20": 0.05, "counter_circuit_sparse20": 0.0, "counter_circuit_potter0_20": 0.55}
[pair_D] {"steps": 393216, "elapsed_s": 295.0, "coordination_ring_sparse20": 0.0, "coordination_ring_potter0_20": 0.05, "counter_circuit_sparse20": 0.0, "counter_circuit_potter0_20": 0.5}
[pair_D] {"steps": 395264, "elapsed_s": 296.7, "coordination_ring_sparse20": 0.0, "coordination_ring_potter0_20": 0.05, "counter_circuit_sparse20": 0.0, "counter_circuit_potter0_20": 0.5}
[pair_D] {"steps": 397312, "elapsed_s": 298.2, "coordination_ring_sparse20": 0.0, "coordination_ring_potter0_20": 0.05, "counter_circuit_sparse20": 0.0, "counter_circuit_potter0_20": 0.5}
[pair_D] {"steps": 399360, "elapsed_s": 299.7, "coordination_ring_sparse20": 0.0, "coordination_ring_potter0_20": 0.05, "counter_circuit_sparse20": 0.0, "counter_circuit_potter0_20": 0.5}
[pair_D] {"steps": 401408, "elapsed_s": 301.3, "coordination_ring_sparse20": 0.0, "coordination_ring_potter0_20": 0.05, "counter_circuit_sparse20": 0.0, "counter_circuit_potter0_20": 0.5}
[pair_D] {"steps": 403456, "elapsed_s": 302.8, "coordination_ring_sparse20": 0.0, "coordination_ring_potter0_20": 0.05, "counter_circuit_sparse20": 0.0, "counter_circuit_potter0_20": 0.6}
[pair_D] {"steps": 405504, "elapsed_s": 304.3, "coordination_ring_sparse20": 0.0, "coordination_ring_potter0_20": 0.05, "counter_circuit_sparse20": 0.0, "counter_circuit_potter0_20": 0.55}
[pair_D] {"steps": 407552, "elapsed_s": 305.8, "coordination_ring_sparse20": 0.0, "coordination_ring_potter0_20": 0.05, "counter_circuit_sparse20": 0.0, "counter_circuit_potter0_20": 0.55}
[pair_D] {"steps": 409600, "elapsed_s": 307.3, "coordination_ring_sparse20": 0.0, "coordination_ring_potter0_20": 0.05, "counter_circuit_sparse20": 0.0, "counter_circuit_potter0_20": 0.5}
[pair_D] {"steps": 411648, "elapsed_s": 309.0, "coordination_ring_sparse20": 0.0, "coordination_ring_potter0_20": 0.0, "counter_circuit_sparse20": 0.0, "counter_circuit_potter0_20": 0.55}
[pair_D] {"steps": 413696, "elapsed_s": 310.5, "coordination_ring_sparse20": 0.0, "coordination_ring_potter0_20": 0.0, "counter_circuit_sparse20": 0.0, "counter_circuit_potter0_20": 0.55}
[pair_D] {"steps": 415744, "elapsed_s": 311.9, "coordination_ring_sparse20": 0.0, "coordination_ring_potter0_20": 0.0, "counter_circuit_sparse20": 0.0, "counter_circuit_potter0_20": 0.5}
[pair_D] {"steps": 417792, "elapsed_s": 313.5, "coordination_ring_sparse20": 0.0, "coordination_ring_potter0_20": 0.0, "counter_circuit_sparse20": 0.0, "counter_circuit_potter0_20": 0.6}
[pair_D] {"steps": 419840, "elapsed_s": 315.2, "coordination_ring_sparse20": 0.0, "coordination_ring_potter0_20": 0.0, "counter_circuit_sparse20": 0.0, "counter_circuit_potter0_20": 0.55}
[pair_D] {"steps": 421888, "elapsed_s": 316.8, "coordination_ring_sparse20": 0.0, "coordination_ring_potter0_20": 0.0, "counter_circuit_sparse20": 0.0, "counter_circuit_potter0_20": 0.65}
[pair_D] {"steps": 423936, "elapsed_s": 318.4, "coordination_ring_sparse20": 0.0, "coordination_ring_potter0_20": 0.0, "counter_circuit_sparse20": 0.0, "counter_circuit_potter0_20": 0.65}
[pair_D] {"steps": 425984, "elapsed_s": 319.9, "coordination_ring_sparse20": 0.0, "coordination_ring_potter0_20": 0.0, "counter_circuit_sparse20": 0.0, "counter_circuit_potter0_20": 0.75}
[pair_D] {"steps": 428032, "elapsed_s": 321.6, "coordination_ring_sparse20": 0.0, "coordination_ring_potter0_20": 0.0, "counter_circuit_sparse20": 0.0, "counter_circuit_potter0_20": 0.7}
[pair_D] {"steps": 430080, "elapsed_s": 323.4, "coordination_ring_sparse20": 0.0, "coordination_ring_potter0_20": 0.0, "counter_circuit_sparse20": 0.0, "counter_circuit_potter0_20": 0.8}
[pair_D] {"steps": 432128, "elapsed_s": 324.9, "coordination_ring_sparse20": 0.0, "coordination_ring_potter0_20": 0.0, "counter_circuit_sparse20": 0.0, "counter_circuit_potter0_20": 0.75}
[pair_D] {"steps": 434176, "elapsed_s": 326.4, "coordination_ring_sparse20": 0.0, "coordination_ring_potter0_20": 0.0, "counter_circuit_sparse20": 0.0, "counter_circuit_potter0_20": 0.75}
[pair_D] {"steps": 436224, "elapsed_s": 327.9, "coordination_ring_sparse20": 0.0, "coordination_ring_potter0_20": 0.0, "counter_circuit_sparse20": 0.0, "counter_circuit_potter0_20": 0.8}
[pair_D] {"steps": 438272, "elapsed_s": 329.5, "coordination_ring_sparse20": 0.0, "coordination_ring_potter0_20": 0.0, "counter_circuit_sparse20": 0.0, "counter_circuit_potter0_20": 0.8}
[pair_D] {"steps": 440320, "elapsed_s": 331.1, "coordination_ring_sparse20": 0.0, "coordination_ring_potter0_20": 0.0, "counter_circuit_sparse20": 0.0, "counter_circuit_potter0_20": 0.7}
[pair_D] {"steps": 442368, "elapsed_s": 332.7, "coordination_ring_sparse20": 0.0, "coordination_ring_potter0_20": 0.0, "counter_circuit_sparse20": 0.0, "counter_circuit_potter0_20": 0.7}
[pair_D] {"steps": 444416, "elapsed_s": 334.3, "coordination_ring_sparse20": 0.0, "coordination_ring_potter0_20": 0.0, "counter_circuit_sparse20": 0.0, "counter_circuit_potter0_20": 0.6}
[pair_D] {"steps": 446464, "elapsed_s": 335.8, "coordination_ring_sparse20": 0.0, "coordination_ring_potter0_20": 0.0, "counter_circuit_sparse20": 0.0, "counter_circuit_potter0_20": 0.55}
[pair_D] {"steps": 448512, "elapsed_s": 337.4, "coordination_ring_sparse20": 0.0, "coordination_ring_potter0_20": 0.0, "counter_circuit_sparse20": 0.0, "counter_circuit_potter0_20": 0.55}
[pair_D] {"steps": 450560, "elapsed_s": 338.8, "coordination_ring_sparse20": 0.0, "coordination_ring_potter0_20": 0.0, "counter_circuit_sparse20": 0.0, "counter_circuit_potter0_20": 0.55}
[pair_D] {"steps": 452608, "elapsed_s": 340.4, "coordination_ring_sparse20": 0.0, "coordination_ring_potter0_20": 0.0, "counter_circuit_sparse20": 0.0, "counter_circuit_potter0_20": 0.5}
[pair_D] {"steps": 454656, "elapsed_s": 341.9, "coordination_ring_sparse20": 0.0, "coordination_ring_potter0_20": 0.0, "counter_circuit_sparse20": 0.0, "counter_circuit_potter0_20": 0.4}
[pair_D] {"steps": 456704, "elapsed_s": 343.5, "coordination_ring_sparse20": 0.0, "coordination_ring_potter0_20": 0.0, "counter_circuit_sparse20": 0.0, "counter_circuit_potter0_20": 0.45}
[pair_D] {"steps": 458752, "elapsed_s": 345.2, "coordination_ring_sparse20": 0.0, "coordination_ring_potter0_20": 0.0, "counter_circuit_sparse20": 0.0, "counter_circuit_potter0_20": 0.4}
[pair_D] {"steps": 460800, "elapsed_s": 346.7, "coordination_ring_sparse20": 0.0, "coordination_ring_potter0_20": 0.0, "counter_circuit_sparse20": 0.0, "counter_circuit_potter0_20": 0.4}
[pair_D] {"steps": 462848, "elapsed_s": 348.3, "coordination_ring_sparse20": 0.0, "coordination_ring_potter0_20": 0.0, "counter_circuit_sparse20": 0.0, "counter_circuit_potter0_20": 0.4}
[pair_D] {"steps": 464896, "elapsed_s": 349.8, "coordination_ring_sparse20": 0.0, "coordination_ring_potter0_20": 0.0, "counter_circuit_sparse20": 0.0, "counter_circuit_potter0_20": 0.4}
[pair_D] {"steps": 466944, "elapsed_s": 351.3, "coordination_ring_sparse20": 0.0, "coordination_ring_potter0_20": 0.0, "counter_circuit_sparse20": 0.0, "counter_circuit_potter0_20": 0.45}
[pair_D] {"steps": 468992, "elapsed_s": 352.7, "coordination_ring_sparse20": 0.0, "coordination_ring_potter0_20": 0.0, "counter_circuit_sparse20": 0.0, "counter_circuit_potter0_20": 0.4}
[pair_D] {"steps": 471040, "elapsed_s": 354.2, "coordination_ring_sparse20": 0.0, "coordination_ring_potter0_20": 0.0, "counter_circuit_sparse20": 0.0, "counter_circuit_potter0_20": 0.45}
[pair_D] {"steps": 473088, "elapsed_s": 355.9, "coordination_ring_sparse20": 0.0, "coordination_ring_potter0_20": 0.0, "counter_circuit_sparse20": 0.0, "counter_circuit_potter0_20": 0.55}
[pair_D] {"steps": 475136, "elapsed_s": 357.4, "coordination_ring_sparse20": 0.0, "coordination_ring_potter0_20": 0.0, "counter_circuit_sparse20": 0.0, "counter_circuit_potter0_20": 0.5}
[pair_D] {"steps": 477184, "elapsed_s": 358.8, "coordination_ring_sparse20": 0.0, "coordination_ring_potter0_20": 0.0, "counter_circuit_sparse20": 0.0, "counter_circuit_potter0_20": 0.55}
[pair_D] {"steps": 479232, "elapsed_s": 360.3, "coordination_ring_sparse20": 0.0, "coordination_ring_potter0_20": 0.05, "counter_circuit_sparse20": 0.0, "counter_circuit_potter0_20": 0.55}
[pair_D] {"steps": 481280, "elapsed_s": 361.8, "coordination_ring_sparse20": 0.0, "coordination_ring_potter0_20": 0.05, "counter_circuit_sparse20": 0.0, "counter_circuit_potter0_20": 0.6}
[pair_D] {"steps": 483328, "elapsed_s": 363.3, "coordination_ring_sparse20": 0.0, "coordination_ring_potter0_20": 0.05, "counter_circuit_sparse20": 0.0, "counter_circuit_potter0_20": 0.7}
[pair_D] {"steps": 485376, "elapsed_s": 364.8, "coordination_ring_sparse20": 0.0, "coordination_ring_potter0_20": 0.05, "counter_circuit_sparse20": 0.0, "counter_circuit_potter0_20": 0.75}
[pair_D] {"steps": 487424, "elapsed_s": 366.3, "coordination_ring_sparse20": 0.0, "coordination_ring_potter0_20": 0.05, "counter_circuit_sparse20": 0.0, "counter_circuit_potter0_20": 0.8}
[pair_D] {"steps": 489472, "elapsed_s": 367.8, "coordination_ring_sparse20": 0.0, "coordination_ring_potter0_20": 0.05, "counter_circuit_sparse20": 0.0, "counter_circuit_potter0_20": 0.8}
[pair_D] {"steps": 491520, "elapsed_s": 369.4, "coordination_ring_sparse20": 0.0, "coordination_ring_potter0_20": 0.05, "counter_circuit_sparse20": 0.0, "counter_circuit_potter0_20": 0.85}
[pair_D] {"steps": 493568, "elapsed_s": 370.9, "coordination_ring_sparse20": 0.0, "coordination_ring_potter0_20": 0.0, "counter_circuit_sparse20": 0.0, "counter_circuit_potter0_20": 0.7}
[pair_D] {"steps": 495616, "elapsed_s": 372.4, "coordination_ring_sparse20": 0.0, "coordination_ring_potter0_20": 0.0, "counter_circuit_sparse20": 0.0, "counter_circuit_potter0_20": 0.7}
[pair_D] {"steps": 497664, "elapsed_s": 374.0, "coordination_ring_sparse20": 0.0, "coordination_ring_potter0_20": 0.0, "counter_circuit_sparse20": 0.0, "counter_circuit_potter0_20": 0.7}
[pair_D] {"steps": 499712, "elapsed_s": 375.7, "coordination_ring_sparse20": 0.0, "coordination_ring_potter0_20": 0.0, "counter_circuit_sparse20": 0.0, "counter_circuit_potter0_20": 0.7}
[pair_D] {"steps": 501760, "elapsed_s": 377.2, "coordination_ring_sparse20": 0.0, "coordination_ring_potter0_20": 0.0, "counter_circuit_sparse20": 0.0, "counter_circuit_potter0_20": 0.7}
[pair_D] {"steps": 503808, "elapsed_s": 378.7, "coordination_ring_sparse20": 0.0, "coordination_ring_potter0_20": 0.0, "counter_circuit_sparse20": 0.0, "counter_circuit_potter0_20": 0.65}
[pair_D] {"steps": 505856, "elapsed_s": 380.2, "coordination_ring_sparse20": 0.0, "coordination_ring_potter0_20": 0.0, "counter_circuit_sparse20": 0.0, "counter_circuit_potter0_20": 0.55}
[pair_D] {"steps": 507904, "elapsed_s": 381.7, "coordination_ring_sparse20": 0.0, "coordination_ring_potter0_20": 0.0, "counter_circuit_sparse20": 0.0, "counter_circuit_potter0_20": 0.55}
[pair_D] {"steps": 509952, "elapsed_s": 383.2, "coordination_ring_sparse20": 0.0, "coordination_ring_potter0_20": 0.0, "counter_circuit_sparse20": 0.0, "counter_circuit_potter0_20": 0.45}
[pair_D] {"steps": 512000, "elapsed_s": 384.7, "coordination_ring_sparse20": 0.0, "coordination_ring_potter0_20": 0.0, "counter_circuit_sparse20": 0.0, "counter_circuit_potter0_20": 0.45}
[pair_D] {"steps": 514048, "elapsed_s": 386.2, "coordination_ring_sparse20": 0.0, "coordination_ring_potter0_20": 0.0, "counter_circuit_sparse20": 0.0, "counter_circuit_potter0_20": 0.5}
[pair_D] {"steps": 516096, "elapsed_s": 387.8, "coordination_ring_sparse20": 0.0, "coordination_ring_potter0_20": 0.0, "counter_circuit_sparse20": 0.0, "counter_circuit_potter0_20": 0.45}
[pair_D] {"steps": 518144, "elapsed_s": 389.5, "coordination_ring_sparse20": 0.0, "coordination_ring_potter0_20": 0.0, "counter_circuit_sparse20": 0.0, "counter_circuit_potter0_20": 0.55}
[pair_D] {"steps": 520192, "elapsed_s": 391.1, "coordination_ring_sparse20": 0.0, "coordination_ring_potter0_20": 0.0, "counter_circuit_sparse20": 0.0, "counter_circuit_potter0_20": 0.65}
[pair_D] {"steps": 522240, "elapsed_s": 392.7, "coordination_ring_sparse20": 0.0, "coordination_ring_potter0_20": 0.0, "counter_circuit_sparse20": 0.0, "counter_circuit_potter0_20": 0.65}
[pair_D] {"steps": 524288, "elapsed_s": 394.3, "coordination_ring_sparse20": 0.0, "coordination_ring_potter0_20": 0.0, "counter_circuit_sparse20": 0.0, "counter_circuit_potter0_20": 0.7}
[pair_D] {"steps": 526336, "elapsed_s": 395.9, "coordination_ring_sparse20": 0.0, "coordination_ring_potter0_20": 0.0, "counter_circuit_sparse20": 0.0, "counter_circuit_potter0_20": 0.75}
[pair_D] {"steps": 528384, "elapsed_s": 397.5, "coordination_ring_sparse20": 0.0, "coordination_ring_potter0_20": 0.05, "counter_circuit_sparse20": 0.0, "counter_circuit_potter0_20": 0.85}
[pair_D] {"steps": 530432, "elapsed_s": 399.1, "coordination_ring_sparse20": 0.0, "coordination_ring_potter0_20": 0.05, "counter_circuit_sparse20": 0.0, "counter_circuit_potter0_20": 0.75}
[pair_D] {"steps": 532480, "elapsed_s": 400.8, "coordination_ring_sparse20": 0.0, "coordination_ring_potter0_20": 0.05, "counter_circuit_sparse20": 0.0, "counter_circuit_potter0_20": 0.7}
[pair_D] {"steps": 534528, "elapsed_s": 402.3, "coordination_ring_sparse20": 0.0, "coordination_ring_potter0_20": 0.05, "counter_circuit_sparse20": 0.0, "counter_circuit_potter0_20": 0.7}
[pair_D] {"steps": 536576, "elapsed_s": 403.8, "coordination_ring_sparse20": 0.0, "coordination_ring_potter0_20": 0.05, "counter_circuit_sparse20": 0.0, "counter_circuit_potter0_20": 0.7}
[pair_D] {"steps": 538624, "elapsed_s": 405.3, "coordination_ring_sparse20": 0.0, "coordination_ring_potter0_20": 0.05, "counter_circuit_sparse20": 0.0, "counter_circuit_potter0_20": 0.65}
[pair_D] {"steps": 540672, "elapsed_s": 406.8, "coordination_ring_sparse20": 0.0, "coordination_ring_potter0_20": 0.05, "counter_circuit_sparse20": 0.0, "counter_circuit_potter0_20": 0.65}
[pair_D] {"steps": 542720, "elapsed_s": 408.1, "coordination_ring_sparse20": 0.0, "coordination_ring_potter0_20": 0.05, "counter_circuit_sparse20": 0.0, "counter_circuit_potter0_20": 0.65}
[pair_D] {"steps": 544768, "elapsed_s": 409.7, "coordination_ring_sparse20": 0.0, "coordination_ring_potter0_20": 0.0, "counter_circuit_sparse20": 0.0, "counter_circuit_potter0_20": 0.65}
[pair_D] {"steps": 546816, "elapsed_s": 411.3, "coordination_ring_sparse20": 0.0, "coordination_ring_potter0_20": 0.0, "counter_circuit_sparse20": 0.0, "counter_circuit_potter0_20": 0.7}
[pair_D] {"steps": 548864, "elapsed_s": 412.9, "coordination_ring_sparse20": 0.0, "coordination_ring_potter0_20": 0.0, "counter_circuit_sparse20": 0.0, "counter_circuit_potter0_20": 0.75}
[pair_D] {"steps": 550912, "elapsed_s": 414.4, "coordination_ring_sparse20": 0.0, "coordination_ring_potter0_20": 0.0, "counter_circuit_sparse20": 0.0, "counter_circuit_potter0_20": 0.75}
[pair_D] {"steps": 552960, "elapsed_s": 415.9, "coordination_ring_sparse20": 0.0, "coordination_ring_potter0_20": 0.0, "counter_circuit_sparse20": 0.0, "counter_circuit_potter0_20": 0.8}
[pair_D] {"steps": 555008, "elapsed_s": 417.4, "coordination_ring_sparse20": 0.0, "coordination_ring_potter0_20": 0.0, "counter_circuit_sparse20": 0.0, "counter_circuit_potter0_20": 0.75}
[pair_D] {"steps": 557056, "elapsed_s": 418.8, "coordination_ring_sparse20": 0.0, "coordination_ring_potter0_20": 0.0, "counter_circuit_sparse20": 0.0, "counter_circuit_potter0_20": 0.75}
[pair_D] {"steps": 559104, "elapsed_s": 420.4, "coordination_ring_sparse20": 0.0, "coordination_ring_potter0_20": 0.0, "counter_circuit_sparse20": 0.0, "counter_circuit_potter0_20": 0.75}
[pair_D] {"steps": 561152, "elapsed_s": 421.9, "coordination_ring_sparse20": 0.0, "coordination_ring_potter0_20": 0.0, "counter_circuit_sparse20": 0.0, "counter_circuit_potter0_20": 0.75}
[pair_D] {"steps": 563200, "elapsed_s": 423.4, "coordination_ring_sparse20": 0.0, "coordination_ring_potter0_20": 0.0, "counter_circuit_sparse20": 0.0, "counter_circuit_potter0_20": 0.75}
[pair_D] {"steps": 565248, "elapsed_s": 424.9, "coordination_ring_sparse20": 0.0, "coordination_ring_potter0_20": 0.0, "counter_circuit_sparse20": 0.0, "counter_circuit_potter0_20": 0.8}
[pair_D] {"steps": 567296, "elapsed_s": 426.7, "coordination_ring_sparse20": 0.0, "coordination_ring_potter0_20": 0.0, "counter_circuit_sparse20": 0.0, "counter_circuit_potter0_20": 0.7}
[pair_D] {"steps": 569344, "elapsed_s": 428.2, "coordination_ring_sparse20": 0.0, "coordination_ring_potter0_20": 0.0, "counter_circuit_sparse20": 0.0, "counter_circuit_potter0_20": 0.65}
[pair_D] {"steps": 571392, "elapsed_s": 429.8, "coordination_ring_sparse20": 0.0, "coordination_ring_potter0_20": 0.0, "counter_circuit_sparse20": 0.0, "counter_circuit_potter0_20": 0.65}
[pair_D] {"steps": 573440, "elapsed_s": 431.3, "coordination_ring_sparse20": 0.0, "coordination_ring_potter0_20": 0.0, "counter_circuit_sparse20": 0.0, "counter_circuit_potter0_20": 0.65}
[pair_D] {"steps": 575488, "elapsed_s": 432.9, "coordination_ring_sparse20": 0.0, "coordination_ring_potter0_20": 0.0, "counter_circuit_sparse20": 0.0, "counter_circuit_potter0_20": 0.65}
[pair_D] {"steps": 577536, "elapsed_s": 434.5, "coordination_ring_sparse20": 0.0, "coordination_ring_potter0_20": 0.0, "counter_circuit_sparse20": 0.0, "counter_circuit_potter0_20": 0.65}
[pair_D] {"steps": 579584, "elapsed_s": 436.0, "coordination_ring_sparse20": 0.0, "coordination_ring_potter0_20": 0.0, "counter_circuit_sparse20": 0.0, "counter_circuit_potter0_20": 0.6}
[pair_D] {"steps": 581632, "elapsed_s": 437.4, "coordination_ring_sparse20": 0.0, "coordination_ring_potter0_20": 0.0, "counter_circuit_sparse20": 0.0, "counter_circuit_potter0_20": 0.6}
[pair_D] {"steps": 583680, "elapsed_s": 438.9, "coordination_ring_sparse20": 0.0, "coordination_ring_potter0_20": 0.05, "counter_circuit_sparse20": 0.0, "counter_circuit_potter0_20": 0.65}
[pair_D] {"steps": 585728, "elapsed_s": 440.5, "coordination_ring_sparse20": 0.0, "coordination_ring_potter0_20": 0.05, "counter_circuit_sparse20": 0.0, "counter_circuit_potter0_20": 0.7}
[pair_D] {"steps": 587776, "elapsed_s": 442.2, "coordination_ring_sparse20": 0.0, "coordination_ring_potter0_20": 0.05, "counter_circuit_sparse20": 0.0, "counter_circuit_potter0_20": 0.7}
[pair_D] {"steps": 589824, "elapsed_s": 443.7, "coordination_ring_sparse20": 0.0, "coordination_ring_potter0_20": 0.05, "counter_circuit_sparse20": 0.0, "counter_circuit_potter0_20": 0.75}
[pair_D] {"steps": 591872, "elapsed_s": 445.3, "coordination_ring_sparse20": 0.0, "coordination_ring_potter0_20": 0.05, "counter_circuit_sparse20": 0.0, "counter_circuit_potter0_20": 0.75}
[pair_D] {"steps": 593920, "elapsed_s": 446.9, "coordination_ring_sparse20": 0.0, "coordination_ring_potter0_20": 0.05, "counter_circuit_sparse20": 0.0, "counter_circuit_potter0_20": 0.8}
[pair_D] {"steps": 595968, "elapsed_s": 448.6, "coordination_ring_sparse20": 0.0, "coordination_ring_potter0_20": 0.05, "counter_circuit_sparse20": 0.0, "counter_circuit_potter0_20": 0.75}
[pair_D] {"steps": 598016, "elapsed_s": 450.0, "coordination_ring_sparse20": 0.0, "coordination_ring_potter0_20": 0.0, "counter_circuit_sparse20": 0.0, "counter_circuit_potter0_20": 0.75}
[pair_D] {"steps": 600064, "elapsed_s": 451.5, "coordination_ring_sparse20": 0.0, "coordination_ring_potter0_20": 0.0, "counter_circuit_sparse20": 0.0, "counter_circuit_potter0_20": 0.85}
[pair_D] {"steps": 602112, "elapsed_s": 453.2, "coordination_ring_sparse20": 0.0, "coordination_ring_potter0_20": 0.0, "counter_circuit_sparse20": 0.0, "counter_circuit_potter0_20": 0.85}
[pair_D] {"steps": 604160, "elapsed_s": 454.7, "coordination_ring_sparse20": 0.0, "coordination_ring_potter0_20": 0.0, "counter_circuit_sparse20": 0.0, "counter_circuit_potter0_20": 0.9}
[pair_D] {"steps": 606208, "elapsed_s": 456.2, "coordination_ring_sparse20": 0.0, "coordination_ring_potter0_20": 0.0, "counter_circuit_sparse20": 0.0, "counter_circuit_potter0_20": 0.9}
[pair_D] {"steps": 608256, "elapsed_s": 457.7, "coordination_ring_sparse20": 0.0, "coordination_ring_potter0_20": 0.0, "counter_circuit_sparse20": 0.0, "counter_circuit_potter0_20": 0.9}
[pair_D] {"steps": 610304, "elapsed_s": 459.2, "coordination_ring_sparse20": 0.0, "coordination_ring_potter0_20": 0.0, "counter_circuit_sparse20": 0.0, "counter_circuit_potter0_20": 0.9}
[pair_D] {"steps": 612352, "elapsed_s": 460.8, "coordination_ring_sparse20": 0.0, "coordination_ring_potter0_20": 0.0, "counter_circuit_sparse20": 0.0, "counter_circuit_potter0_20": 0.95}
[pair_D] {"steps": 614400, "elapsed_s": 462.3, "coordination_ring_sparse20": 0.0, "coordination_ring_potter0_20": 0.0, "counter_circuit_sparse20": 0.0, "counter_circuit_potter0_20": 0.9}
[pair_D] {"steps": 616448, "elapsed_s": 463.8, "coordination_ring_sparse20": 0.0, "coordination_ring_potter0_20": 0.0, "counter_circuit_sparse20": 0.0, "counter_circuit_potter0_20": 0.9}
[pair_D] {"steps": 618496, "elapsed_s": 465.3, "coordination_ring_sparse20": 0.0, "coordination_ring_potter0_20": 0.0, "counter_circuit_sparse20": 0.0, "counter_circuit_potter0_20": 0.9}
[pair_D] {"steps": 620544, "elapsed_s": 466.8, "coordination_ring_sparse20": 0.0, "coordination_ring_potter0_20": 0.0, "counter_circuit_sparse20": 0.0, "counter_circuit_potter0_20": 0.85}
[pair_D] {"steps": 622592, "elapsed_s": 468.3, "coordination_ring_sparse20": 0.0, "coordination_ring_potter0_20": 0.05, "counter_circuit_sparse20": 0.0, "counter_circuit_potter0_20": 0.9}
[pair_D] {"steps": 624640, "elapsed_s": 469.9, "coordination_ring_sparse20": 0.0, "coordination_ring_potter0_20": 0.05, "counter_circuit_sparse20": 0.0, "counter_circuit_potter0_20": 0.9}
[pair_D] {"steps": 626688, "elapsed_s": 471.5, "coordination_ring_sparse20": 0.0, "coordination_ring_potter0_20": 0.05, "counter_circuit_sparse20": 0.0, "counter_circuit_potter0_20": 0.9}
[pair_D] {"steps": 628736, "elapsed_s": 473.4, "coordination_ring_sparse20": 0.0, "coordination_ring_potter0_20": 0.05, "counter_circuit_sparse20": 0.0, "counter_circuit_potter0_20": 0.9}
[pair_D] {"steps": 630784, "elapsed_s": 475.0, "coordination_ring_sparse20": 0.0, "coordination_ring_potter0_20": 0.1, "counter_circuit_sparse20": 0.0, "counter_circuit_potter0_20": 0.95}
[pair_D] {"steps": 632832, "elapsed_s": 476.6, "coordination_ring_sparse20": 0.0, "coordination_ring_potter0_20": 0.1, "counter_circuit_sparse20": 0.0, "counter_circuit_potter0_20": 0.95}
[pair_D] {"steps": 634880, "elapsed_s": 478.4, "coordination_ring_sparse20": 0.0, "coordination_ring_potter0_20": 0.1, "counter_circuit_sparse20": 0.0, "counter_circuit_potter0_20": 0.9}
[pair_D] {"steps": 636928, "elapsed_s": 480.0, "coordination_ring_sparse20": 0.0, "coordination_ring_potter0_20": 0.1, "counter_circuit_sparse20": 0.0, "counter_circuit_potter0_20": 0.85}
[pair_D] {"steps": 638976, "elapsed_s": 481.6, "coordination_ring_sparse20": 0.0, "coordination_ring_potter0_20": 0.1, "counter_circuit_sparse20": 0.0, "counter_circuit_potter0_20": 0.8}
[pair_D] {"steps": 641024, "elapsed_s": 483.2, "coordination_ring_sparse20": 0.0, "coordination_ring_potter0_20": 0.1, "counter_circuit_sparse20": 0.0, "counter_circuit_potter0_20": 0.85}
[pair_D] {"steps": 643072, "elapsed_s": 484.7, "coordination_ring_sparse20": 0.0, "coordination_ring_potter0_20": 0.1, "counter_circuit_sparse20": 0.0, "counter_circuit_potter0_20": 0.8}
[pair_D] {"steps": 645120, "elapsed_s": 486.2, "coordination_ring_sparse20": 0.0, "coordination_ring_potter0_20": 0.05, "counter_circuit_sparse20": 0.0, "counter_circuit_potter0_20": 0.75}
[pair_D] {"steps": 647168, "elapsed_s": 487.7, "coordination_ring_sparse20": 0.0, "coordination_ring_potter0_20": 0.0, "counter_circuit_sparse20": 0.0, "counter_circuit_potter0_20": 0.75}
[pair_D] {"steps": 649216, "elapsed_s": 489.2, "coordination_ring_sparse20": 0.0, "coordination_ring_potter0_20": 0.0, "counter_circuit_sparse20": 0.0, "counter_circuit_potter0_20": 0.75}
[pair_D] {"steps": 651264, "elapsed_s": 490.7, "coordination_ring_sparse20": 0.0, "coordination_ring_potter0_20": 0.0, "counter_circuit_sparse20": 0.0, "counter_circuit_potter0_20": 0.75}
[pair_D] {"steps": 653312, "elapsed_s": 492.1, "coordination_ring_sparse20": 0.0, "coordination_ring_potter0_20": 0.0, "counter_circuit_sparse20": 0.0, "counter_circuit_potter0_20": 0.8}
[pair_D] {"steps": 655360, "elapsed_s": 493.7, "coordination_ring_sparse20": 0.0, "coordination_ring_potter0_20": 0.0, "counter_circuit_sparse20": 0.0, "counter_circuit_potter0_20": 0.75}
[pair_D] {"steps": 657408, "elapsed_s": 495.2, "coordination_ring_sparse20": 0.0, "coordination_ring_potter0_20": 0.0, "counter_circuit_sparse20": 0.0, "counter_circuit_potter0_20": 0.75}
[pair_D] {"steps": 659456, "elapsed_s": 496.7, "coordination_ring_sparse20": 0.0, "coordination_ring_potter0_20": 0.0, "counter_circuit_sparse20": 0.0, "counter_circuit_potter0_20": 0.75}
[pair_D] {"steps": 661504, "elapsed_s": 498.3, "coordination_ring_sparse20": 0.0, "coordination_ring_potter0_20": 0.0, "counter_circuit_sparse20": 0.0, "counter_circuit_potter0_20": 0.75}
[pair_D] {"steps": 663552, "elapsed_s": 499.7, "coordination_ring_sparse20": 0.0, "coordination_ring_potter0_20": 0.0, "counter_circuit_sparse20": 0.0, "counter_circuit_potter0_20": 0.7}
[pair_D] {"steps": 665600, "elapsed_s": 501.3, "coordination_ring_sparse20": 0.0, "coordination_ring_potter0_20": 0.0, "counter_circuit_sparse20": 0.0, "counter_circuit_potter0_20": 0.6}
[pair_D] {"steps": 667648, "elapsed_s": 502.8, "coordination_ring_sparse20": 0.0, "coordination_ring_potter0_20": 0.0, "counter_circuit_sparse20": 0.0, "counter_circuit_potter0_20": 0.65}
[pair_D] {"steps": 669696, "elapsed_s": 504.5, "coordination_ring_sparse20": 0.0, "coordination_ring_potter0_20": 0.0, "counter_circuit_sparse20": 0.0, "counter_circuit_potter0_20": 0.7}
[pair_D] {"steps": 671744, "elapsed_s": 506.0, "coordination_ring_sparse20": 0.0, "coordination_ring_potter0_20": 0.0, "counter_circuit_sparse20": 0.0, "counter_circuit_potter0_20": 0.7}
[pair_D] {"steps": 673792, "elapsed_s": 507.4, "coordination_ring_sparse20": 0.0, "coordination_ring_potter0_20": 0.0, "counter_circuit_sparse20": 0.0, "counter_circuit_potter0_20": 0.75}
[pair_D] {"steps": 675840, "elapsed_s": 508.9, "coordination_ring_sparse20": 0.0, "coordination_ring_potter0_20": 0.0, "counter_circuit_sparse20": 0.0, "counter_circuit_potter0_20": 0.75}
[pair_D] {"steps": 677888, "elapsed_s": 510.4, "coordination_ring_sparse20": 0.0, "coordination_ring_potter0_20": 0.0, "counter_circuit_sparse20": 0.0, "counter_circuit_potter0_20": 0.75}
[pair_D] {"steps": 679936, "elapsed_s": 512.1, "coordination_ring_sparse20": 0.0, "coordination_ring_potter0_20": 0.0, "counter_circuit_sparse20": 0.0, "counter_circuit_potter0_20": 0.8}
[pair_D] {"steps": 681984, "elapsed_s": 513.6, "coordination_ring_sparse20": 0.0, "coordination_ring_potter0_20": 0.0, "counter_circuit_sparse20": 0.0, "counter_circuit_potter0_20": 0.95}
[pair_D] {"steps": 684032, "elapsed_s": 515.2, "coordination_ring_sparse20": 0.0, "coordination_ring_potter0_20": 0.0, "counter_circuit_sparse20": 0.0, "counter_circuit_potter0_20": 0.95}
[pair_D] {"steps": 686080, "elapsed_s": 516.8, "coordination_ring_sparse20": 0.0, "coordination_ring_potter0_20": 0.0, "counter_circuit_sparse20": 0.0, "counter_circuit_potter0_20": 0.95}
[pair_D] {"steps": 688128, "elapsed_s": 518.2, "coordination_ring_sparse20": 0.0, "coordination_ring_potter0_20": 0.0, "counter_circuit_sparse20": 0.0, "counter_circuit_potter0_20": 0.95}
[pair_D] {"steps": 690176, "elapsed_s": 519.7, "coordination_ring_sparse20": 0.0, "coordination_ring_potter0_20": 0.0, "counter_circuit_sparse20": 0.0, "counter_circuit_potter0_20": 1.0}
[pair_D] {"steps": 692224, "elapsed_s": 521.1, "coordination_ring_sparse20": 0.0, "coordination_ring_potter0_20": 0.05, "counter_circuit_sparse20": 0.0, "counter_circuit_potter0_20": 1.0}
[pair_D] {"steps": 694272, "elapsed_s": 522.8, "coordination_ring_sparse20": 0.0, "coordination_ring_potter0_20": 0.05, "counter_circuit_sparse20": 0.0, "counter_circuit_potter0_20": 1.0}
[pair_D] {"steps": 696320, "elapsed_s": 524.3, "coordination_ring_sparse20": 0.0, "coordination_ring_potter0_20": 0.05, "counter_circuit_sparse20": 0.0, "counter_circuit_potter0_20": 1.0}
[pair_D] {"steps": 698368, "elapsed_s": 525.8, "coordination_ring_sparse20": 0.0, "coordination_ring_potter0_20": 0.05, "counter_circuit_sparse20": 0.0, "counter_circuit_potter0_20": 1.0}
[pair_D] {"steps": 700416, "elapsed_s": 527.4, "coordination_ring_sparse20": 0.0, "coordination_ring_potter0_20": 0.05, "counter_circuit_sparse20": 0.0, "counter_circuit_potter0_20": 1.0}
[pair_D] {"steps": 702464, "elapsed_s": 528.9, "coordination_ring_sparse20": 0.0, "coordination_ring_potter0_20": 0.0, "counter_circuit_sparse20": 0.0, "counter_circuit_potter0_20": 1.0}
[pair_D] {"steps": 704512, "elapsed_s": 530.5, "coordination_ring_sparse20": 0.0, "coordination_ring_potter0_20": 0.0, "counter_circuit_sparse20": 0.0, "counter_circuit_potter0_20": 1.0}
[pair_D] {"steps": 706560, "elapsed_s": 532.2, "coordination_ring_sparse20": 0.0, "coordination_ring_potter0_20": 0.0, "counter_circuit_sparse20": 0.0, "counter_circuit_potter0_20": 1.0}
[pair_D] {"steps": 708608, "elapsed_s": 534.0, "coordination_ring_sparse20": 0.0, "coordination_ring_potter0_20": 0.0, "counter_circuit_sparse20": 0.0, "counter_circuit_potter0_20": 1.0}
[pair_D] {"steps": 710656, "elapsed_s": 535.4, "coordination_ring_sparse20": 0.0, "coordination_ring_potter0_20": 0.0, "counter_circuit_sparse20": 0.0, "counter_circuit_potter0_20": 0.95}
[pair_D] {"steps": 712704, "elapsed_s": 537.4, "coordination_ring_sparse20": 0.0, "coordination_ring_potter0_20": 0.0, "counter_circuit_sparse20": 0.0, "counter_circuit_potter0_20": 0.9}
[pair_D] {"steps": 714752, "elapsed_s": 538.9, "coordination_ring_sparse20": 0.0, "coordination_ring_potter0_20": 0.0, "counter_circuit_sparse20": 0.0, "counter_circuit_potter0_20": 0.9}
[pair_D] {"steps": 716800, "elapsed_s": 540.4, "coordination_ring_sparse20": 0.0, "coordination_ring_potter0_20": 0.0, "counter_circuit_sparse20": 0.0, "counter_circuit_potter0_20": 0.9}
[pair_D] {"steps": 718848, "elapsed_s": 541.9, "coordination_ring_sparse20": 0.0, "coordination_ring_potter0_20": 0.05, "counter_circuit_sparse20": 0.0, "counter_circuit_potter0_20": 0.9}
[pair_D] {"steps": 720896, "elapsed_s": 543.5, "coordination_ring_sparse20": 0.0, "coordination_ring_potter0_20": 0.05, "counter_circuit_sparse20": 0.0, "counter_circuit_potter0_20": 0.9}
[pair_D] {"steps": 722944, "elapsed_s": 545.1, "coordination_ring_sparse20": 0.0, "coordination_ring_potter0_20": 0.05, "counter_circuit_sparse20": 0.0, "counter_circuit_potter0_20": 0.85}
[pair_D] {"steps": 724992, "elapsed_s": 546.5, "coordination_ring_sparse20": 0.0, "coordination_ring_potter0_20": 0.05, "counter_circuit_sparse20": 0.0, "counter_circuit_potter0_20": 0.9}
[pair_D] {"steps": 727040, "elapsed_s": 548.0, "coordination_ring_sparse20": 0.0, "coordination_ring_potter0_20": 0.05, "counter_circuit_sparse20": 0.0, "counter_circuit_potter0_20": 0.95}
[pair_D] {"steps": 729088, "elapsed_s": 549.5, "coordination_ring_sparse20": 0.0, "coordination_ring_potter0_20": 0.05, "counter_circuit_sparse20": 0.0, "counter_circuit_potter0_20": 0.95}
[pair_D] {"steps": 731136, "elapsed_s": 551.0, "coordination_ring_sparse20": 0.0, "coordination_ring_potter0_20": 0.1, "counter_circuit_sparse20": 0.0, "counter_circuit_potter0_20": 0.9}
[pair_D] {"steps": 733184, "elapsed_s": 552.5, "coordination_ring_sparse20": 0.0, "coordination_ring_potter0_20": 0.1, "counter_circuit_sparse20": 0.0, "counter_circuit_potter0_20": 0.9}
[pair_D] {"steps": 735232, "elapsed_s": 554.1, "coordination_ring_sparse20": 0.0, "coordination_ring_potter0_20": 0.05, "counter_circuit_sparse20": 0.0, "counter_circuit_potter0_20": 0.85}
[pair_D] {"steps": 737280, "elapsed_s": 555.6, "coordination_ring_sparse20": 0.0, "coordination_ring_potter0_20": 0.05, "counter_circuit_sparse20": 0.0, "counter_circuit_potter0_20": 0.8}
[pair_D] {"steps": 739328, "elapsed_s": 557.2, "coordination_ring_sparse20": 0.0, "coordination_ring_potter0_20": 0.05, "counter_circuit_sparse20": 0.0, "counter_circuit_potter0_20": 0.8}
[pair_D] {"steps": 741376, "elapsed_s": 558.8, "coordination_ring_sparse20": 0.0, "coordination_ring_potter0_20": 0.1, "counter_circuit_sparse20": 0.0, "counter_circuit_potter0_20": 0.8}
[pair_D] {"steps": 743424, "elapsed_s": 560.4, "coordination_ring_sparse20": 0.0, "coordination_ring_potter0_20": 0.1, "counter_circuit_sparse20": 0.0, "counter_circuit_potter0_20": 0.8}
[pair_D] {"steps": 745472, "elapsed_s": 561.8, "coordination_ring_sparse20": 0.0, "coordination_ring_potter0_20": 0.05, "counter_circuit_sparse20": 0.0, "counter_circuit_potter0_20": 0.8}
[pair_D] {"steps": 747520, "elapsed_s": 563.3, "coordination_ring_sparse20": 0.0, "coordination_ring_potter0_20": 0.1, "counter_circuit_sparse20": 0.0, "counter_circuit_potter0_20": 0.8}
[pair_D] {"steps": 749568, "elapsed_s": 564.9, "coordination_ring_sparse20": 0.0, "coordination_ring_potter0_20": 0.1, "counter_circuit_sparse20": 0.0, "counter_circuit_potter0_20": 0.85}
[pair_D] {"steps": 751616, "elapsed_s": 566.5, "coordination_ring_sparse20": 0.0, "coordination_ring_potter0_20": 0.1, "counter_circuit_sparse20": 0.0, "counter_circuit_potter0_20": 0.9}
[pair_D] {"steps": 753664, "elapsed_s": 568.0, "coordination_ring_sparse20": 0.0, "coordination_ring_potter0_20": 0.05, "counter_circuit_sparse20": 0.0, "counter_circuit_potter0_20": 0.9}
[pair_D] {"steps": 755712, "elapsed_s": 569.6, "coordination_ring_sparse20": 0.0, "coordination_ring_potter0_20": 0.05, "counter_circuit_sparse20": 0.0, "counter_circuit_potter0_20": 0.95}
[pair_D] {"steps": 757760, "elapsed_s": 571.1, "coordination_ring_sparse20": 0.0, "coordination_ring_potter0_20": 0.05, "counter_circuit_sparse20": 0.0, "counter_circuit_potter0_20": 0.95}
[pair_D] {"steps": 759808, "elapsed_s": 572.7, "coordination_ring_sparse20": 0.0, "coordination_ring_potter0_20": 0.05, "counter_circuit_sparse20": 0.0, "counter_circuit_potter0_20": 0.95}
[pair_D] {"steps": 761856, "elapsed_s": 574.4, "coordination_ring_sparse20": 0.0, "coordination_ring_potter0_20": 0.05, "counter_circuit_sparse20": 0.0, "counter_circuit_potter0_20": 0.95}
[pair_D] {"steps": 763904, "elapsed_s": 576.1, "coordination_ring_sparse20": 0.0, "coordination_ring_potter0_20": 0.05, "counter_circuit_sparse20": 0.0, "counter_circuit_potter0_20": 0.95}
[pair_D] {"steps": 765952, "elapsed_s": 577.8, "coordination_ring_sparse20": 0.0, "coordination_ring_potter0_20": 0.0, "counter_circuit_sparse20": 0.0, "counter_circuit_potter0_20": 1.0}
[pair_D] {"steps": 768000, "elapsed_s": 579.4, "coordination_ring_sparse20": 0.0, "coordination_ring_potter0_20": 0.0, "counter_circuit_sparse20": 0.0, "counter_circuit_potter0_20": 1.0}
[pair_D] {"steps": 770048, "elapsed_s": 581.0, "coordination_ring_sparse20": 0.0, "coordination_ring_potter0_20": 0.0, "counter_circuit_sparse20": 0.0, "counter_circuit_potter0_20": 1.0}
[pair_D] {"steps": 772096, "elapsed_s": 582.4, "coordination_ring_sparse20": 0.0, "coordination_ring_potter0_20": 0.0, "counter_circuit_sparse20": 0.0, "counter_circuit_potter0_20": 1.0}
[pair_D] {"steps": 774144, "elapsed_s": 583.9, "coordination_ring_sparse20": 0.0, "coordination_ring_potter0_20": 0.0, "counter_circuit_sparse20": 0.0, "counter_circuit_potter0_20": 1.0}
[pair_D] {"steps": 776192, "elapsed_s": 585.6, "coordination_ring_sparse20": 0.0, "coordination_ring_potter0_20": 0.0, "counter_circuit_sparse20": 0.0, "counter_circuit_potter0_20": 1.0}
[pair_D] {"steps": 778240, "elapsed_s": 587.0, "coordination_ring_sparse20": 0.0, "coordination_ring_potter0_20": 0.0, "counter_circuit_sparse20": 0.0, "counter_circuit_potter0_20": 1.0}
[pair_D] {"steps": 780288, "elapsed_s": 588.7, "coordination_ring_sparse20": 0.0, "coordination_ring_potter0_20": 0.0, "counter_circuit_sparse20": 0.0, "counter_circuit_potter0_20": 1.0}
[pair_D] {"steps": 782336, "elapsed_s": 590.7, "coordination_ring_sparse20": 0.0, "coordination_ring_potter0_20": 0.0, "counter_circuit_sparse20": 0.0, "counter_circuit_potter0_20": 0.95}
[pair_D] {"steps": 784384, "elapsed_s": 592.2, "coordination_ring_sparse20": 0.0, "coordination_ring_potter0_20": 0.0, "counter_circuit_sparse20": 0.0, "counter_circuit_potter0_20": 0.9}
[pair_D] {"steps": 786432, "elapsed_s": 593.7, "coordination_ring_sparse20": 0.0, "coordination_ring_potter0_20": 0.0, "counter_circuit_sparse20": 0.0, "counter_circuit_potter0_20": 0.9}
[pair_D] {"steps": 788480, "elapsed_s": 595.2, "coordination_ring_sparse20": 0.0, "coordination_ring_potter0_20": 0.0, "counter_circuit_sparse20": 0.0, "counter_circuit_potter0_20": 0.9}
[pair_D] {"steps": 790528, "elapsed_s": 596.8, "coordination_ring_sparse20": 0.0, "coordination_ring_potter0_20": 0.0, "counter_circuit_sparse20": 0.0, "counter_circuit_potter0_20": 0.9}
[pair_D] {"steps": 792576, "elapsed_s": 598.3, "coordination_ring_sparse20": 0.0, "coordination_ring_potter0_20": 0.05, "counter_circuit_sparse20": 0.0, "counter_circuit_potter0_20": 0.9}
[pair_D] {"steps": 794624, "elapsed_s": 599.8, "coordination_ring_sparse20": 0.0, "coordination_ring_potter0_20": 0.05, "counter_circuit_sparse20": 0.0, "counter_circuit_potter0_20": 0.9}
[pair_D] {"steps": 796672, "elapsed_s": 601.4, "coordination_ring_sparse20": 0.0, "coordination_ring_potter0_20": 0.05, "counter_circuit_sparse20": 0.0, "counter_circuit_potter0_20": 0.95}
[pair_D] {"steps": 798720, "elapsed_s": 602.9, "coordination_ring_sparse20": 0.0, "coordination_ring_potter0_20": 0.1, "counter_circuit_sparse20": 0.0, "counter_circuit_potter0_20": 1.0}
[pair_D] {"steps": 800768, "elapsed_s": 604.5, "coordination_ring_sparse20": 0.0, "coordination_ring_potter0_20": 0.1, "counter_circuit_sparse20": 0.0, "counter_circuit_potter0_20": 0.95}
[pair_D] {"steps": 802816, "elapsed_s": 606.0, "coordination_ring_sparse20": 0.0, "coordination_ring_potter0_20": 0.1, "counter_circuit_sparse20": 0.0, "counter_circuit_potter0_20": 0.95}
[pair_D] {"steps": 804864, "elapsed_s": 607.5, "coordination_ring_sparse20": 0.0, "coordination_ring_potter0_20": 0.1, "counter_circuit_sparse20": 0.0, "counter_circuit_potter0_20": 0.95}
[pair_D] {"steps": 806912, "elapsed_s": 609.2, "coordination_ring_sparse20": 0.0, "coordination_ring_potter0_20": 0.05, "counter_circuit_sparse20": 0.0, "counter_circuit_potter0_20": 0.95}
[pair_D] {"steps": 808960, "elapsed_s": 610.8, "coordination_ring_sparse20": 0.0, "coordination_ring_potter0_20": 0.1, "counter_circuit_sparse20": 0.0, "counter_circuit_potter0_20": 0.95}
[pair_D] {"steps": 811008, "elapsed_s": 612.5, "coordination_ring_sparse20": 0.0, "coordination_ring_potter0_20": 0.05, "counter_circuit_sparse20": 0.0, "counter_circuit_potter0_20": 0.95}
[pair_D] {"steps": 813056, "elapsed_s": 614.1, "coordination_ring_sparse20": 0.0, "coordination_ring_potter0_20": 0.05, "counter_circuit_sparse20": 0.0, "counter_circuit_potter0_20": 0.9}
[pair_D] {"steps": 815104, "elapsed_s": 615.7, "coordination_ring_sparse20": 0.0, "coordination_ring_potter0_20": 0.05, "counter_circuit_sparse20": 0.0, "counter_circuit_potter0_20": 0.85}
[pair_D] {"steps": 817152, "elapsed_s": 617.3, "coordination_ring_sparse20": 0.0, "coordination_ring_potter0_20": 0.05, "counter_circuit_sparse20": 0.0, "counter_circuit_potter0_20": 0.85}
[pair_D] {"steps": 819200, "elapsed_s": 618.8, "coordination_ring_sparse20": 0.0, "coordination_ring_potter0_20": 0.05, "counter_circuit_sparse20": 0.0, "counter_circuit_potter0_20": 0.85}
[pair_D] {"steps": 821248, "elapsed_s": 620.3, "coordination_ring_sparse20": 0.0, "coordination_ring_potter0_20": 0.05, "counter_circuit_sparse20": 0.0, "counter_circuit_potter0_20": 0.85}
[pair_D] {"steps": 823296, "elapsed_s": 622.0, "coordination_ring_sparse20": 0.0, "coordination_ring_potter0_20": 0.0, "counter_circuit_sparse20": 0.0, "counter_circuit_potter0_20": 0.8}
[pair_D] {"steps": 825344, "elapsed_s": 623.5, "coordination_ring_sparse20": 0.0, "coordination_ring_potter0_20": 0.0, "counter_circuit_sparse20": 0.0, "counter_circuit_potter0_20": 0.75}
[pair_D] {"steps": 827392, "elapsed_s": 625.1, "coordination_ring_sparse20": 0.0, "coordination_ring_potter0_20": 0.0, "counter_circuit_sparse20": 0.0, "counter_circuit_potter0_20": 0.8}
[pair_D] {"steps": 829440, "elapsed_s": 626.7, "coordination_ring_sparse20": 0.0, "coordination_ring_potter0_20": 0.05, "counter_circuit_sparse20": 0.0, "counter_circuit_potter0_20": 0.85}
[pair_D] {"steps": 831488, "elapsed_s": 628.2, "coordination_ring_sparse20": 0.0, "coordination_ring_potter0_20": 0.05, "counter_circuit_sparse20": 0.0, "counter_circuit_potter0_20": 0.85}
[pair_D] {"steps": 833536, "elapsed_s": 629.8, "coordination_ring_sparse20": 0.0, "coordination_ring_potter0_20": 0.05, "counter_circuit_sparse20": 0.0, "counter_circuit_potter0_20": 0.85}
[pair_D] {"steps": 835584, "elapsed_s": 631.6, "coordination_ring_sparse20": 0.0, "coordination_ring_potter0_20": 0.05, "counter_circuit_sparse20": 0.0, "counter_circuit_potter0_20": 0.85}
[pair_D] {"steps": 837632, "elapsed_s": 633.2, "coordination_ring_sparse20": 0.0, "coordination_ring_potter0_20": 0.05, "counter_circuit_sparse20": 0.0, "counter_circuit_potter0_20": 0.95}
[pair_D] {"steps": 839680, "elapsed_s": 634.8, "coordination_ring_sparse20": 0.0, "coordination_ring_potter0_20": 0.05, "counter_circuit_sparse20": 0.0, "counter_circuit_potter0_20": 0.95}
[pair_D] {"steps": 841728, "elapsed_s": 636.4, "coordination_ring_sparse20": 0.0, "coordination_ring_potter0_20": 0.05, "counter_circuit_sparse20": 0.0, "counter_circuit_potter0_20": 0.95}
[pair_D] {"steps": 843776, "elapsed_s": 637.9, "coordination_ring_sparse20": 0.0, "coordination_ring_potter0_20": 0.05, "counter_circuit_sparse20": 0.0, "counter_circuit_potter0_20": 0.95}
[pair_D] {"steps": 845824, "elapsed_s": 639.7, "coordination_ring_sparse20": 0.0, "coordination_ring_potter0_20": 0.1, "counter_circuit_sparse20": 0.0, "counter_circuit_potter0_20": 0.95}
[pair_D] {"steps": 847872, "elapsed_s": 641.3, "coordination_ring_sparse20": 0.0, "coordination_ring_potter0_20": 0.1, "counter_circuit_sparse20": 0.0, "counter_circuit_potter0_20": 1.0}
[pair_D] {"steps": 849920, "elapsed_s": 642.8, "coordination_ring_sparse20": 0.0, "coordination_ring_potter0_20": 0.05, "counter_circuit_sparse20": 0.0, "counter_circuit_potter0_20": 1.0}
[pair_D] {"steps": 851968, "elapsed_s": 644.3, "coordination_ring_sparse20": 0.0, "coordination_ring_potter0_20": 0.05, "counter_circuit_sparse20": 0.0, "counter_circuit_potter0_20": 1.0}
[pair_D] {"steps": 854016, "elapsed_s": 645.8, "coordination_ring_sparse20": 0.0, "coordination_ring_potter0_20": 0.05, "counter_circuit_sparse20": 0.0, "counter_circuit_potter0_20": 1.0}
[pair_D] {"steps": 856064, "elapsed_s": 647.4, "coordination_ring_sparse20": 0.0, "coordination_ring_potter0_20": 0.05, "counter_circuit_sparse20": 0.0, "counter_circuit_potter0_20": 1.0}
[pair_D] {"steps": 858112, "elapsed_s": 648.9, "coordination_ring_sparse20": 0.0, "coordination_ring_potter0_20": 0.05, "counter_circuit_sparse20": 0.0, "counter_circuit_potter0_20": 1.0}
[pair_D] {"steps": 860160, "elapsed_s": 650.5, "coordination_ring_sparse20": 0.0, "coordination_ring_potter0_20": 0.05, "counter_circuit_sparse20": 0.0, "counter_circuit_potter0_20": 1.0}
[pair_D] {"steps": 862208, "elapsed_s": 652.0, "coordination_ring_sparse20": 0.0, "coordination_ring_potter0_20": 0.0, "counter_circuit_sparse20": 0.0, "counter_circuit_potter0_20": 1.0}
[pair_D] {"steps": 864256, "elapsed_s": 653.6, "coordination_ring_sparse20": 0.0, "coordination_ring_potter0_20": 0.0, "counter_circuit_sparse20": 0.0, "counter_circuit_potter0_20": 1.0}
[pair_D] {"steps": 866304, "elapsed_s": 655.1, "coordination_ring_sparse20": 0.0, "coordination_ring_potter0_20": 0.0, "counter_circuit_sparse20": 0.0, "counter_circuit_potter0_20": 1.0}
[pair_D] {"steps": 868352, "elapsed_s": 656.7, "coordination_ring_sparse20": 3.15, "coordination_ring_potter0_20": 0.0, "counter_circuit_sparse20": 0.0, "counter_circuit_potter0_20": 1.0}
[pair_D] {"steps": 870400, "elapsed_s": 658.3, "coordination_ring_sparse20": 3.15, "coordination_ring_potter0_20": 0.0, "counter_circuit_sparse20": 0.0, "counter_circuit_potter0_20": 1.0}
[pair_D] {"steps": 872448, "elapsed_s": 660.0, "coordination_ring_sparse20": 3.15, "coordination_ring_potter0_20": 0.0, "counter_circuit_sparse20": 0.0, "counter_circuit_potter0_20": 0.95}
[pair_D] {"steps": 874496, "elapsed_s": 661.7, "coordination_ring_sparse20": 3.15, "coordination_ring_potter0_20": 0.0, "counter_circuit_sparse20": 0.0, "counter_circuit_potter0_20": 0.95}
[pair_D] {"steps": 876544, "elapsed_s": 663.3, "coordination_ring_sparse20": 3.15, "coordination_ring_potter0_20": 0.0, "counter_circuit_sparse20": 0.0, "counter_circuit_potter0_20": 0.9}
[pair_D] {"steps": 878592, "elapsed_s": 664.9, "coordination_ring_sparse20": 3.15, "coordination_ring_potter0_20": 0.0, "counter_circuit_sparse20": 0.0, "counter_circuit_potter0_20": 0.9}
[pair_D] {"steps": 880640, "elapsed_s": 666.6, "coordination_ring_sparse20": 3.15, "coordination_ring_potter0_20": 0.0, "counter_circuit_sparse20": 0.0, "counter_circuit_potter0_20": 0.9}
[pair_D] {"steps": 882688, "elapsed_s": 668.4, "coordination_ring_sparse20": 3.15, "coordination_ring_potter0_20": 0.0, "counter_circuit_sparse20": 0.0, "counter_circuit_potter0_20": 0.9}
[pair_D] {"steps": 884736, "elapsed_s": 670.0, "coordination_ring_sparse20": 3.15, "coordination_ring_potter0_20": 0.0, "counter_circuit_sparse20": 0.0, "counter_circuit_potter0_20": 0.9}
[pair_D] {"steps": 886784, "elapsed_s": 671.5, "coordination_ring_sparse20": 0.0, "coordination_ring_potter0_20": 0.0, "counter_circuit_sparse20": 0.0, "counter_circuit_potter0_20": 0.95}
[pair_D] {"steps": 888832, "elapsed_s": 673.0, "coordination_ring_sparse20": 0.0, "coordination_ring_potter0_20": 0.0, "counter_circuit_sparse20": 0.0, "counter_circuit_potter0_20": 0.95}
[pair_D] {"steps": 890880, "elapsed_s": 674.5, "coordination_ring_sparse20": 0.0, "coordination_ring_potter0_20": 0.05, "counter_circuit_sparse20": 0.0, "counter_circuit_potter0_20": 0.95}
[pair_D] {"steps": 892928, "elapsed_s": 676.1, "coordination_ring_sparse20": 0.0, "coordination_ring_potter0_20": 0.05, "counter_circuit_sparse20": 0.0, "counter_circuit_potter0_20": 1.0}
[pair_D] {"steps": 894976, "elapsed_s": 677.7, "coordination_ring_sparse20": 0.0, "coordination_ring_potter0_20": 0.05, "counter_circuit_sparse20": 0.0, "counter_circuit_potter0_20": 0.95}
[pair_D] {"steps": 897024, "elapsed_s": 679.1, "coordination_ring_sparse20": 0.0, "coordination_ring_potter0_20": 0.05, "counter_circuit_sparse20": 0.0, "counter_circuit_potter0_20": 0.95}
[pair_D] {"steps": 899072, "elapsed_s": 680.8, "coordination_ring_sparse20": 0.0, "coordination_ring_potter0_20": 0.05, "counter_circuit_sparse20": 0.0, "counter_circuit_potter0_20": 0.95}
[pair_D] {"steps": 901120, "elapsed_s": 682.4, "coordination_ring_sparse20": 0.0, "coordination_ring_potter0_20": 0.05, "counter_circuit_sparse20": 0.0, "counter_circuit_potter0_20": 0.95}
[pair_D] {"steps": 903168, "elapsed_s": 684.0, "coordination_ring_sparse20": 0.0, "coordination_ring_potter0_20": 0.05, "counter_circuit_sparse20": 0.0, "counter_circuit_potter0_20": 0.95}
[pair_D] {"steps": 905216, "elapsed_s": 685.6, "coordination_ring_sparse20": 0.0, "coordination_ring_potter0_20": 0.05, "counter_circuit_sparse20": 0.0, "counter_circuit_potter0_20": 0.95}
[pair_D] {"steps": 907264, "elapsed_s": 687.2, "coordination_ring_sparse20": 0.0, "coordination_ring_potter0_20": 0.1, "counter_circuit_sparse20": 0.0, "counter_circuit_potter0_20": 0.95}
[pair_D] {"steps": 909312, "elapsed_s": 689.0, "coordination_ring_sparse20": 0.0, "coordination_ring_potter0_20": 0.05, "counter_circuit_sparse20": 0.0, "counter_circuit_potter0_20": 0.95}
[pair_D] {"steps": 911360, "elapsed_s": 690.9, "coordination_ring_sparse20": 0.0, "coordination_ring_potter0_20": 0.05, "counter_circuit_sparse20": 0.0, "counter_circuit_potter0_20": 1.0}
[pair_D] {"steps": 913408, "elapsed_s": 692.7, "coordination_ring_sparse20": 0.0, "coordination_ring_potter0_20": 0.05, "counter_circuit_sparse20": 0.0, "counter_circuit_potter0_20": 1.0}
[pair_D] {"steps": 915456, "elapsed_s": 694.4, "coordination_ring_sparse20": 0.0, "coordination_ring_potter0_20": 0.05, "counter_circuit_sparse20": 0.0, "counter_circuit_potter0_20": 1.0}
[pair_D] {"steps": 917504, "elapsed_s": 696.1, "coordination_ring_sparse20": 0.0, "coordination_ring_potter0_20": 0.05, "counter_circuit_sparse20": 0.0, "counter_circuit_potter0_20": 0.95}
[pair_D] {"steps": 919552, "elapsed_s": 697.8, "coordination_ring_sparse20": 0.0, "coordination_ring_potter0_20": 0.05, "counter_circuit_sparse20": 0.0, "counter_circuit_potter0_20": 0.95}
[pair_D] {"steps": 921600, "elapsed_s": 699.6, "coordination_ring_sparse20": 0.0, "coordination_ring_potter0_20": 0.05, "counter_circuit_sparse20": 0.0, "counter_circuit_potter0_20": 0.95}
[pair_D] {"steps": 923648, "elapsed_s": 701.3, "coordination_ring_sparse20": 0.0, "coordination_ring_potter0_20": 0.05, "counter_circuit_sparse20": 0.0, "counter_circuit_potter0_20": 0.95}
[pair_D] {"steps": 925696, "elapsed_s": 703.0, "coordination_ring_sparse20": 0.0, "coordination_ring_potter0_20": 0.0, "counter_circuit_sparse20": 0.0, "counter_circuit_potter0_20": 0.95}
[pair_D] {"steps": 927744, "elapsed_s": 704.6, "coordination_ring_sparse20": 0.0, "coordination_ring_potter0_20": 0.0, "counter_circuit_sparse20": 0.0, "counter_circuit_potter0_20": 0.95}
[pair_D] {"steps": 929792, "elapsed_s": 706.3, "coordination_ring_sparse20": 0.0, "coordination_ring_potter0_20": 0.0, "counter_circuit_sparse20": 0.0, "counter_circuit_potter0_20": 0.95}
[pair_D] {"steps": 931840, "elapsed_s": 707.9, "coordination_ring_sparse20": 0.0, "coordination_ring_potter0_20": 0.0, "counter_circuit_sparse20": 0.0, "counter_circuit_potter0_20": 1.0}
[pair_D] {"steps": 933888, "elapsed_s": 709.5, "coordination_ring_sparse20": 0.0, "coordination_ring_potter0_20": 0.0, "counter_circuit_sparse20": 0.0, "counter_circuit_potter0_20": 1.0}
[pair_D] {"steps": 935936, "elapsed_s": 711.1, "coordination_ring_sparse20": 0.0, "coordination_ring_potter0_20": 0.0, "counter_circuit_sparse20": 0.0, "counter_circuit_potter0_20": 1.0}
[pair_D] {"steps": 937984, "elapsed_s": 712.6, "coordination_ring_sparse20": 0.0, "coordination_ring_potter0_20": 0.0, "counter_circuit_sparse20": 0.0, "counter_circuit_potter0_20": 1.0}
[pair_D] {"steps": 940032, "elapsed_s": 714.2, "coordination_ring_sparse20": 0.0, "coordination_ring_potter0_20": 0.0, "counter_circuit_sparse20": 0.0, "counter_circuit_potter0_20": 1.0}
[pair_D] {"steps": 942080, "elapsed_s": 715.7, "coordination_ring_sparse20": 0.0, "coordination_ring_potter0_20": 0.0, "counter_circuit_sparse20": 0.0, "counter_circuit_potter0_20": 1.0}
[pair_D] {"steps": 944128, "elapsed_s": 717.3, "coordination_ring_sparse20": 0.0, "coordination_ring_potter0_20": 0.0, "counter_circuit_sparse20": 0.0, "counter_circuit_potter0_20": 1.0}
[pair_D] {"steps": 946176, "elapsed_s": 718.9, "coordination_ring_sparse20": 0.0, "coordination_ring_potter0_20": 0.0, "counter_circuit_sparse20": 0.0, "counter_circuit_potter0_20": 1.0}
[pair_D] {"steps": 948224, "elapsed_s": 720.7, "coordination_ring_sparse20": 0.0, "coordination_ring_potter0_20": 0.0, "counter_circuit_sparse20": 0.0, "counter_circuit_potter0_20": 1.0}
[pair_D] {"steps": 950272, "elapsed_s": 722.2, "coordination_ring_sparse20": 0.0, "coordination_ring_potter0_20": 0.0, "counter_circuit_sparse20": 0.0, "counter_circuit_potter0_20": 1.0}
[pair_D] {"steps": 952320, "elapsed_s": 723.8, "coordination_ring_sparse20": 0.0, "coordination_ring_potter0_20": 0.0, "counter_circuit_sparse20": 0.0, "counter_circuit_potter0_20": 1.0}
[pair_D] {"steps": 954368, "elapsed_s": 725.4, "coordination_ring_sparse20": 0.0, "coordination_ring_potter0_20": 0.0, "counter_circuit_sparse20": 0.0, "counter_circuit_potter0_20": 1.0}
[pair_D] {"steps": 956416, "elapsed_s": 727.1, "coordination_ring_sparse20": 0.0, "coordination_ring_potter0_20": 0.0, "counter_circuit_sparse20": 0.0, "counter_circuit_potter0_20": 1.0}
[pair_D] {"steps": 958464, "elapsed_s": 728.6, "coordination_ring_sparse20": 0.0, "coordination_ring_potter0_20": 0.0, "counter_circuit_sparse20": 0.0, "counter_circuit_potter0_20": 1.0}
[pair_D] {"steps": 960512, "elapsed_s": 730.3, "coordination_ring_sparse20": 0.0, "coordination_ring_potter0_20": 0.0, "counter_circuit_sparse20": 0.0, "counter_circuit_potter0_20": 1.0}
[pair_D] {"steps": 962560, "elapsed_s": 731.8, "coordination_ring_sparse20": 0.0, "coordination_ring_potter0_20": 0.0, "counter_circuit_sparse20": 0.0, "counter_circuit_potter0_20": 1.0}
[pair_D] {"steps": 964608, "elapsed_s": 733.5, "coordination_ring_sparse20": 0.0, "coordination_ring_potter0_20": 0.0, "counter_circuit_sparse20": 0.0, "counter_circuit_potter0_20": 0.95}
[pair_D] {"steps": 966656, "elapsed_s": 735.0, "coordination_ring_sparse20": 0.0, "coordination_ring_potter0_20": 0.0, "counter_circuit_sparse20": 0.0, "counter_circuit_potter0_20": 0.95}
[pair_D] {"steps": 968704, "elapsed_s": 736.5, "coordination_ring_sparse20": 0.0, "coordination_ring_potter0_20": 0.0, "counter_circuit_sparse20": 0.0, "counter_circuit_potter0_20": 0.95}
[pair_D] {"steps": 970752, "elapsed_s": 738.2, "coordination_ring_sparse20": 0.0, "coordination_ring_potter0_20": 0.0, "counter_circuit_sparse20": 0.0, "counter_circuit_potter0_20": 0.95}
[pair_D] {"steps": 972800, "elapsed_s": 739.9, "coordination_ring_sparse20": 0.0, "coordination_ring_potter0_20": 0.0, "counter_circuit_sparse20": 0.0, "counter_circuit_potter0_20": 0.95}
[pair_D] {"steps": 974848, "elapsed_s": 741.5, "coordination_ring_sparse20": 0.0, "coordination_ring_potter0_20": 0.0, "counter_circuit_sparse20": 0.0, "counter_circuit_potter0_20": 0.95}
[pair_D] {"steps": 976896, "elapsed_s": 743.6, "coordination_ring_sparse20": 0.0, "coordination_ring_potter0_20": 0.0, "counter_circuit_sparse20": 0.0, "counter_circuit_potter0_20": 0.95}
[pair_D] {"steps": 978944, "elapsed_s": 745.9, "coordination_ring_sparse20": 0.0, "coordination_ring_potter0_20": 0.0, "counter_circuit_sparse20": 0.0, "counter_circuit_potter0_20": 0.95}
[pair_D] {"steps": 980992, "elapsed_s": 748.0, "coordination_ring_sparse20": 0.0, "coordination_ring_potter0_20": 0.0, "counter_circuit_sparse20": 0.0, "counter_circuit_potter0_20": 1.0}
[pair_D] {"steps": 983040, "elapsed_s": 750.2, "coordination_ring_sparse20": 0.0, "coordination_ring_potter0_20": 0.0, "counter_circuit_sparse20": 0.0, "counter_circuit_potter0_20": 1.0}
[pair_D] {"steps": 985088, "elapsed_s": 752.6, "coordination_ring_sparse20": 0.0, "coordination_ring_potter0_20": 0.0, "counter_circuit_sparse20": 0.0, "counter_circuit_potter0_20": 1.0}
[pair_D] {"steps": 987136, "elapsed_s": 755.3, "coordination_ring_sparse20": 0.0, "coordination_ring_potter0_20": 0.0, "counter_circuit_sparse20": 0.0, "counter_circuit_potter0_20": 1.0}
[pair_D] {"steps": 989184, "elapsed_s": 757.6, "coordination_ring_sparse20": 0.0, "coordination_ring_potter0_20": 0.0, "counter_circuit_sparse20": 0.0, "counter_circuit_potter0_20": 1.0}
[pair_D] {"steps": 991232, "elapsed_s": 759.6, "coordination_ring_sparse20": 0.0, "coordination_ring_potter0_20": 0.0, "counter_circuit_sparse20": 0.0, "counter_circuit_potter0_20": 1.0}
[pair_D] {"steps": 993280, "elapsed_s": 761.4, "coordination_ring_sparse20": 0.0, "coordination_ring_potter0_20": 0.0, "counter_circuit_sparse20": 0.0, "counter_circuit_potter0_20": 1.0}
[pair_D] {"steps": 995328, "elapsed_s": 763.2, "coordination_ring_sparse20": 0.0, "coordination_ring_potter0_20": 0.0, "counter_circuit_sparse20": 0.0, "counter_circuit_potter0_20": 1.0}
[pair_D] {"steps": 997376, "elapsed_s": 765.3, "coordination_ring_sparse20": 0.0, "coordination_ring_potter0_20": 0.0, "counter_circuit_sparse20": 0.0, "counter_circuit_potter0_20": 1.0}
[pair_D] {"steps": 999424, "elapsed_s": 767.9, "coordination_ring_sparse20": 0.0, "coordination_ring_potter0_20": 0.0, "counter_circuit_sparse20": 0.0, "counter_circuit_potter0_20": 1.0}
[pair_D] {"steps": 1001472, "elapsed_s": 770.1, "coordination_ring_sparse20": 0.0, "coordination_ring_potter0_20": 0.0, "counter_circuit_sparse20": 0.0, "counter_circuit_potter0_20": 1.0}
[pair_D] {"steps": 1003520, "elapsed_s": 772.3, "coordination_ring_sparse20": 0.0, "coordination_ring_potter0_20": 0.0, "counter_circuit_sparse20": 0.0, "counter_circuit_potter0_20": 0.95}
[pair_D] {"steps": 1005568, "elapsed_s": 774.6, "coordination_ring_sparse20": 0.0, "coordination_ring_potter0_20": 0.0, "counter_circuit_sparse20": 0.0, "counter_circuit_potter0_20": 0.95}
[pair_D] {"steps": 1007616, "elapsed_s": 777.1, "coordination_ring_sparse20": 0.0, "coordination_ring_potter0_20": 0.0, "counter_circuit_sparse20": 0.0, "counter_circuit_potter0_20": 0.95}
[pair_D] {"steps": 1009664, "elapsed_s": 779.6, "coordination_ring_sparse20": 0.0, "coordination_ring_potter0_20": 0.0, "counter_circuit_sparse20": 0.0, "counter_circuit_potter0_20": 0.95}
[pair_D] {"steps": 1011712, "elapsed_s": 781.8, "coordination_ring_sparse20": 0.0, "coordination_ring_potter0_20": 0.0, "counter_circuit_sparse20": 0.0, "counter_circuit_potter0_20": 0.95}
[pair_D] {"steps": 1013760, "elapsed_s": 784.1, "coordination_ring_sparse20": 0.0, "coordination_ring_potter0_20": 0.0, "counter_circuit_sparse20": 0.0, "counter_circuit_potter0_20": 0.95}
[pair_D] {"steps": 1015808, "elapsed_s": 786.8, "coordination_ring_sparse20": 0.0, "coordination_ring_potter0_20": 0.0, "counter_circuit_sparse20": 0.0, "counter_circuit_potter0_20": 0.95}
[pair_D] {"steps": 1017856, "elapsed_s": 789.1, "coordination_ring_sparse20": 0.0, "coordination_ring_potter0_20": 0.0, "counter_circuit_sparse20": 0.0, "counter_circuit_potter0_20": 1.0}
[pair_D] {"steps": 1019904, "elapsed_s": 791.7, "coordination_ring_sparse20": 0.0, "coordination_ring_potter0_20": 0.0, "counter_circuit_sparse20": 0.0, "counter_circuit_potter0_20": 1.0}
[pair_D] {"steps": 1021952, "elapsed_s": 794.1, "coordination_ring_sparse20": 0.0, "coordination_ring_potter0_20": 0.0, "counter_circuit_sparse20": 0.0, "counter_circuit_potter0_20": 1.0}
[pair_D] {"steps": 1024000, "elapsed_s": 796.1, "coordination_ring_sparse20": 0.0, "coordination_ring_potter0_20": 0.0, "counter_circuit_sparse20": 0.0, "counter_circuit_potter0_20": 1.0}
[pair_D] {"steps": 1026048, "elapsed_s": 798.1, "coordination_ring_sparse20": 0.0, "coordination_ring_potter0_20": 0.0, "counter_circuit_sparse20": 0.0, "counter_circuit_potter0_20": 1.0}
[pair_D] {"steps": 1028096, "elapsed_s": 800.0, "coordination_ring_sparse20": 0.0, "coordination_ring_potter0_20": 0.0, "counter_circuit_sparse20": 0.0, "counter_circuit_potter0_20": 1.0}
[pair_D] {"steps": 1030144, "elapsed_s": 802.0, "coordination_ring_sparse20": 0.0, "coordination_ring_potter0_20": 0.0, "counter_circuit_sparse20": 0.0, "counter_circuit_potter0_20": 1.0}
[pair_D] {"steps": 1032192, "elapsed_s": 804.0, "coordination_ring_sparse20": 0.0, "coordination_ring_potter0_20": 0.0, "counter_circuit_sparse20": 0.0, "counter_circuit_potter0_20": 1.0}
[pair_D] {"steps": 1034240, "elapsed_s": 805.9, "coordination_ring_sparse20": 0.0, "coordination_ring_potter0_20": 0.0, "counter_circuit_sparse20": 0.0, "counter_circuit_potter0_20": 1.0}
[pair_D] {"steps": 1036288, "elapsed_s": 808.0, "coordination_ring_sparse20": 0.0, "coordination_ring_potter0_20": 0.0, "counter_circuit_sparse20": 0.0, "counter_circuit_potter0_20": 1.0}
[pair_D] {"steps": 1038336, "elapsed_s": 810.2, "coordination_ring_sparse20": 0.0, "coordination_ring_potter0_20": 0.0, "counter_circuit_sparse20": 0.0, "counter_circuit_potter0_20": 1.0}
[pair_D] {"steps": 1040384, "elapsed_s": 812.4, "coordination_ring_sparse20": 0.0, "coordination_ring_potter0_20": 0.0, "counter_circuit_sparse20": 0.0, "counter_circuit_potter0_20": 1.0}
[pair_D] {"steps": 1042432, "elapsed_s": 814.5, "coordination_ring_sparse20": 0.0, "coordination_ring_potter0_20": 0.0, "counter_circuit_sparse20": 0.0, "counter_circuit_potter0_20": 1.0}
[pair_D] {"steps": 1044480, "elapsed_s": 816.4, "coordination_ring_sparse20": 0.0, "coordination_ring_potter0_20": 0.0, "counter_circuit_sparse20": 0.0, "counter_circuit_potter0_20": 1.0}
[pair_D] {"steps": 1046528, "elapsed_s": 819.0, "coordination_ring_sparse20": 0.0, "coordination_ring_potter0_20": 0.0, "counter_circuit_sparse20": 0.0, "counter_circuit_potter0_20": 1.0}
[pair_D] {"steps": 1048576, "elapsed_s": 820.9, "coordination_ring_sparse20": 0.0, "coordination_ring_potter0_20": 0.0, "counter_circuit_sparse20": 0.0, "counter_circuit_potter0_20": 1.0}
[pair_D] {"steps": 1050624, "elapsed_s": 822.9, "coordination_ring_sparse20": 0.0, "coordination_ring_potter0_20": 0.0, "counter_circuit_sparse20": 0.0, "counter_circuit_potter0_20": 1.0}
[pair_D] {"steps": 1052672, "elapsed_s": 824.8, "coordination_ring_sparse20": 0.0, "coordination_ring_potter0_20": 0.0, "counter_circuit_sparse20": 0.0, "counter_circuit_potter0_20": 1.0}
[pair_D] {"steps": 1054720, "elapsed_s": 827.0, "coordination_ring_sparse20": 0.0, "coordination_ring_potter0_20": 0.0, "counter_circuit_sparse20": 0.0, "counter_circuit_potter0_20": 1.0}
[pair_D] {"steps": 1056768, "elapsed_s": 829.0, "coordination_ring_sparse20": 0.0, "coordination_ring_potter0_20": 0.0, "counter_circuit_sparse20": 0.0, "counter_circuit_potter0_20": 1.0}
[pair_D] {"steps": 1058816, "elapsed_s": 831.3, "coordination_ring_sparse20": 0.0, "coordination_ring_potter0_20": 0.0, "counter_circuit_sparse20": 0.0, "counter_circuit_potter0_20": 1.0}
[pair_D] {"steps": 1060864, "elapsed_s": 833.1, "coordination_ring_sparse20": 0.0, "coordination_ring_potter0_20": 0.0, "counter_circuit_sparse20": 0.0, "counter_circuit_potter0_20": 1.0}
[pair_D] {"steps": 1062912, "elapsed_s": 835.2, "coordination_ring_sparse20": 0.0, "coordination_ring_potter0_20": 0.0, "counter_circuit_sparse20": 0.0, "counter_circuit_potter0_20": 1.0}
[pair_D] {"steps": 1064960, "elapsed_s": 837.2, "coordination_ring_sparse20": 0.0, "coordination_ring_potter0_20": 0.0, "counter_circuit_sparse20": 0.0, "counter_circuit_potter0_20": 1.0}
[pair_D] {"steps": 1067008, "elapsed_s": 839.7, "coordination_ring_sparse20": 0.0, "coordination_ring_potter0_20": 0.0, "counter_circuit_sparse20": 0.0, "counter_circuit_potter0_20": 1.0}
[pair_D] {"steps": 1069056, "elapsed_s": 841.9, "coordination_ring_sparse20": 0.0, "coordination_ring_potter0_20": 0.0, "counter_circuit_sparse20": 0.0, "counter_circuit_potter0_20": 1.0}
[pair_D] {"steps": 1071104, "elapsed_s": 844.1, "coordination_ring_sparse20": 0.0, "coordination_ring_potter0_20": 0.0, "counter_circuit_sparse20": 0.0, "counter_circuit_potter0_20": 1.0}
[pair_D] {"steps": 1073152, "elapsed_s": 846.3, "coordination_ring_sparse20": 0.0, "coordination_ring_potter0_20": 0.0, "counter_circuit_sparse20": 0.0, "counter_circuit_potter0_20": 1.0}
[pair_D] {"steps": 1075200, "elapsed_s": 848.7, "coordination_ring_sparse20": 0.0, "coordination_ring_potter0_20": 0.0, "counter_circuit_sparse20": 0.0, "counter_circuit_potter0_20": 1.0}
[pair_D] {"steps": 1077248, "elapsed_s": 851.3, "coordination_ring_sparse20": 0.0, "coordination_ring_potter0_20": 0.0, "counter_circuit_sparse20": 0.0, "counter_circuit_potter0_20": 0.95}
[pair_D] {"steps": 1079296, "elapsed_s": 853.5, "coordination_ring_sparse20": 0.0, "coordination_ring_potter0_20": 0.0, "counter_circuit_sparse20": 0.0, "counter_circuit_potter0_20": 0.95}
[pair_D] {"steps": 1081344, "elapsed_s": 855.6, "coordination_ring_sparse20": 0.0, "coordination_ring_potter0_20": 0.0, "counter_circuit_sparse20": 0.0, "counter_circuit_potter0_20": 0.95}
[pair_D] {"steps": 1083392, "elapsed_s": 858.0, "coordination_ring_sparse20": 0.0, "coordination_ring_potter0_20": 0.0, "counter_circuit_sparse20": 0.0, "counter_circuit_potter0_20": 0.9}
[pair_D] {"steps": 1085440, "elapsed_s": 860.3, "coordination_ring_sparse20": 0.0, "coordination_ring_potter0_20": 0.1, "counter_circuit_sparse20": 0.0, "counter_circuit_potter0_20": 0.9}
[pair_D] {"steps": 1087488, "elapsed_s": 862.2, "coordination_ring_sparse20": 0.0, "coordination_ring_potter0_20": 0.1, "counter_circuit_sparse20": 0.0, "counter_circuit_potter0_20": 0.9}
[pair_D] {"steps": 1089536, "elapsed_s": 864.7, "coordination_ring_sparse20": 0.0, "coordination_ring_potter0_20": 0.1, "counter_circuit_sparse20": 0.0, "counter_circuit_potter0_20": 0.9}
[pair_D] {"steps": 1091584, "elapsed_s": 866.8, "coordination_ring_sparse20": 0.0, "coordination_ring_potter0_20": 0.1, "counter_circuit_sparse20": 0.0, "counter_circuit_potter0_20": 0.9}
[pair_D] {"steps": 1093632, "elapsed_s": 869.1, "coordination_ring_sparse20": 0.0, "coordination_ring_potter0_20": 0.1, "counter_circuit_sparse20": 0.0, "counter_circuit_potter0_20": 0.9}
[pair_D] {"steps": 1095680, "elapsed_s": 871.4, "coordination_ring_sparse20": 0.0, "coordination_ring_potter0_20": 0.05, "counter_circuit_sparse20": 0.0, "counter_circuit_potter0_20": 0.9}
[pair_D] {"steps": 1097728, "elapsed_s": 873.4, "coordination_ring_sparse20": 0.0, "coordination_ring_potter0_20": 0.0, "counter_circuit_sparse20": 0.0, "counter_circuit_potter0_20": 0.9}
[pair_D] {"steps": 1099776, "elapsed_s": 875.7, "coordination_ring_sparse20": 0.0, "coordination_ring_potter0_20": 0.0, "counter_circuit_sparse20": 0.0, "counter_circuit_potter0_20": 0.95}
[pair_D] {"steps": 1101824, "elapsed_s": 878.0, "coordination_ring_sparse20": 0.0, "coordination_ring_potter0_20": 0.0, "counter_circuit_sparse20": 0.0, "counter_circuit_potter0_20": 0.95}
[pair_D] {"steps": 1103872, "elapsed_s": 880.4, "coordination_ring_sparse20": 0.0, "coordination_ring_potter0_20": 0.0, "counter_circuit_sparse20": 0.0, "counter_circuit_potter0_20": 0.95}
[pair_D] {"steps": 1105920, "elapsed_s": 882.9, "coordination_ring_sparse20": 0.0, "coordination_ring_potter0_20": 0.0, "counter_circuit_sparse20": 0.0, "counter_circuit_potter0_20": 1.0}
[pair_D] {"steps": 1107968, "elapsed_s": 885.2, "coordination_ring_sparse20": 0.0, "coordination_ring_potter0_20": 0.0, "counter_circuit_sparse20": 0.0, "counter_circuit_potter0_20": 1.0}
[pair_D] {"steps": 1110016, "elapsed_s": 887.5, "coordination_ring_sparse20": 0.0, "coordination_ring_potter0_20": 0.0, "counter_circuit_sparse20": 0.0, "counter_circuit_potter0_20": 1.0}
[pair_D] {"steps": 1112064, "elapsed_s": 889.8, "coordination_ring_sparse20": 0.0, "coordination_ring_potter0_20": 0.0, "counter_circuit_sparse20": 0.0, "counter_circuit_potter0_20": 1.0}
[pair_D] {"steps": 1114112, "elapsed_s": 892.6, "coordination_ring_sparse20": 0.0, "coordination_ring_potter0_20": 0.0, "counter_circuit_sparse20": 0.0, "counter_circuit_potter0_20": 1.0}
[pair_D] {"steps": 1116160, "elapsed_s": 895.0, "coordination_ring_sparse20": 0.0, "coordination_ring_potter0_20": 0.0, "counter_circuit_sparse20": 0.0, "counter_circuit_potter0_20": 1.0}
[pair_D] {"steps": 1118208, "elapsed_s": 897.5, "coordination_ring_sparse20": 0.0, "coordination_ring_potter0_20": 0.0, "counter_circuit_sparse20": 0.0, "counter_circuit_potter0_20": 1.0}
[pair_D] {"steps": 1120256, "elapsed_s": 899.8, "coordination_ring_sparse20": 0.0, "coordination_ring_potter0_20": 0.0, "counter_circuit_sparse20": 0.0, "counter_circuit_potter0_20": 1.0}
[pair_D] {"steps": 1122304, "elapsed_s": 901.8, "coordination_ring_sparse20": 0.0, "coordination_ring_potter0_20": 0.0, "counter_circuit_sparse20": 0.0, "counter_circuit_potter0_20": 1.0}
[pair_D] {"steps": 1124352, "elapsed_s": 903.7, "coordination_ring_sparse20": 0.0, "coordination_ring_potter0_20": 0.0, "counter_circuit_sparse20": 0.0, "counter_circuit_potter0_20": 1.0}
[pair_D] {"steps": 1126400, "elapsed_s": 906.6, "coordination_ring_sparse20": 0.0, "coordination_ring_potter0_20": 0.0, "counter_circuit_sparse20": 0.0, "counter_circuit_potter0_20": 1.0}
[pair_D] {"steps": 1128448, "elapsed_s": 909.1, "coordination_ring_sparse20": 0.0, "coordination_ring_potter0_20": 0.0, "counter_circuit_sparse20": 0.0, "counter_circuit_potter0_20": 1.0}
[pair_D] {"steps": 1130496, "elapsed_s": 911.4, "coordination_ring_sparse20": 0.0, "coordination_ring_potter0_20": 0.05, "counter_circuit_sparse20": 0.0, "counter_circuit_potter0_20": 1.0}
[pair_D] {"steps": 1132544, "elapsed_s": 913.8, "coordination_ring_sparse20": 0.0, "coordination_ring_potter0_20": 0.05, "counter_circuit_sparse20": 0.0, "counter_circuit_potter0_20": 1.0}
[pair_D] {"steps": 1134592, "elapsed_s": 916.3, "coordination_ring_sparse20": 0.0, "coordination_ring_potter0_20": 0.05, "counter_circuit_sparse20": 0.0, "counter_circuit_potter0_20": 1.0}
[pair_D] {"steps": 1136640, "elapsed_s": 918.9, "coordination_ring_sparse20": 0.0, "coordination_ring_potter0_20": 0.05, "counter_circuit_sparse20": 0.0, "counter_circuit_potter0_20": 1.0}
[pair_D] {"steps": 1138688, "elapsed_s": 921.7, "coordination_ring_sparse20": 0.0, "coordination_ring_potter0_20": 0.05, "counter_circuit_sparse20": 0.0, "counter_circuit_potter0_20": 1.0}
[pair_D] {"steps": 1140736, "elapsed_s": 924.3, "coordination_ring_sparse20": 0.0, "coordination_ring_potter0_20": 0.05, "counter_circuit_sparse20": 0.0, "counter_circuit_potter0_20": 1.0}
[pair_D] {"steps": 1142784, "elapsed_s": 926.9, "coordination_ring_sparse20": 0.0, "coordination_ring_potter0_20": 0.05, "counter_circuit_sparse20": 0.0, "counter_circuit_potter0_20": 1.0}
[pair_D] {"steps": 1144832, "elapsed_s": 929.3, "coordination_ring_sparse20": 0.0, "coordination_ring_potter0_20": 0.05, "counter_circuit_sparse20": 0.0, "counter_circuit_potter0_20": 1.0}
[pair_D] {"steps": 1146880, "elapsed_s": 932.1, "coordination_ring_sparse20": 0.0, "coordination_ring_potter0_20": 0.0, "counter_circuit_sparse20": 0.0, "counter_circuit_potter0_20": 1.0}
[pair_D] {"steps": 1148928, "elapsed_s": 934.8, "coordination_ring_sparse20": 0.0, "coordination_ring_potter0_20": 0.0, "counter_circuit_sparse20": 0.0, "counter_circuit_potter0_20": 1.0}
[pair_D] {"steps": 1150976, "elapsed_s": 937.0, "coordination_ring_sparse20": 0.0, "coordination_ring_potter0_20": 0.0, "counter_circuit_sparse20": 0.0, "counter_circuit_potter0_20": 1.0}
[pair_D] {"steps": 1153024, "elapsed_s": 939.6, "coordination_ring_sparse20": 0.0, "coordination_ring_potter0_20": 0.0, "counter_circuit_sparse20": 0.0, "counter_circuit_potter0_20": 1.0}
[pair_D] {"steps": 1155072, "elapsed_s": 942.3, "coordination_ring_sparse20": 0.0, "coordination_ring_potter0_20": 0.0, "counter_circuit_sparse20": 0.0, "counter_circuit_potter0_20": 1.0}
[pair_D] {"steps": 1157120, "elapsed_s": 945.2, "coordination_ring_sparse20": 0.0, "coordination_ring_potter0_20": 0.0, "counter_circuit_sparse20": 0.0, "counter_circuit_potter0_20": 1.0}
[pair_D] {"steps": 1159168, "elapsed_s": 947.4, "coordination_ring_sparse20": 0.0, "coordination_ring_potter0_20": 0.0, "counter_circuit_sparse20": 0.0, "counter_circuit_potter0_20": 1.0}
[pair_D] {"steps": 1161216, "elapsed_s": 950.0, "coordination_ring_sparse20": 0.0, "coordination_ring_potter0_20": 0.0, "counter_circuit_sparse20": 0.0, "counter_circuit_potter0_20": 1.0}
[pair_D] {"steps": 1163264, "elapsed_s": 952.6, "coordination_ring_sparse20": 0.0, "coordination_ring_potter0_20": 0.0, "counter_circuit_sparse20": 0.0, "counter_circuit_potter0_20": 1.0}
[pair_D] {"steps": 1165312, "elapsed_s": 955.1, "coordination_ring_sparse20": 0.0, "coordination_ring_potter0_20": 0.0, "counter_circuit_sparse20": 0.0, "counter_circuit_potter0_20": 1.0}
[pair_D] {"steps": 1167360, "elapsed_s": 957.6, "coordination_ring_sparse20": 0.0, "coordination_ring_potter0_20": 0.0, "counter_circuit_sparse20": 0.0, "counter_circuit_potter0_20": 1.0}
[pair_D] {"steps": 1169408, "elapsed_s": 959.8, "coordination_ring_sparse20": 0.0, "coordination_ring_potter0_20": 0.0, "counter_circuit_sparse20": 0.0, "counter_circuit_potter0_20": 1.0}
[pair_D] {"steps": 1171456, "elapsed_s": 961.6, "coordination_ring_sparse20": 0.0, "coordination_ring_potter0_20": 0.0, "counter_circuit_sparse20": 0.0, "counter_circuit_potter0_20": 1.0}
[pair_D] {"steps": 1173504, "elapsed_s": 963.6, "coordination_ring_sparse20": 0.0, "coordination_ring_potter0_20": 0.0, "counter_circuit_sparse20": 0.0, "counter_circuit_potter0_20": 1.0}
[pair_D] {"steps": 1175552, "elapsed_s": 965.8, "coordination_ring_sparse20": 0.0, "coordination_ring_potter0_20": 0.0, "counter_circuit_sparse20": 0.0, "counter_circuit_potter0_20": 1.0}
[pair_D] {"steps": 1177600, "elapsed_s": 967.5, "coordination_ring_sparse20": 0.0, "coordination_ring_potter0_20": 0.0, "counter_circuit_sparse20": 0.0, "counter_circuit_potter0_20": 1.0}
[pair_D] {"steps": 1179648, "elapsed_s": 969.2, "coordination_ring_sparse20": 0.0, "coordination_ring_potter0_20": 0.0, "counter_circuit_sparse20": 0.0, "counter_circuit_potter0_20": 1.0}
[pair_D] {"steps": 1181696, "elapsed_s": 970.9, "coordination_ring_sparse20": 0.0, "coordination_ring_potter0_20": 0.0, "counter_circuit_sparse20": 0.0, "counter_circuit_potter0_20": 1.0}
[pair_D] {"steps": 1183744, "elapsed_s": 972.6, "coordination_ring_sparse20": 0.0, "coordination_ring_potter0_20": 0.0, "counter_circuit_sparse20": 0.0, "counter_circuit_potter0_20": 1.0}
[pair_D] {"steps": 1185792, "elapsed_s": 974.3, "coordination_ring_sparse20": 0.0, "coordination_ring_potter0_20": 0.0, "counter_circuit_sparse20": 0.0, "counter_circuit_potter0_20": 1.0}
[pair_D] {"steps": 1187840, "elapsed_s": 976.1, "coordination_ring_sparse20": 0.0, "coordination_ring_potter0_20": 0.0, "counter_circuit_sparse20": 0.0, "counter_circuit_potter0_20": 1.0}
[pair_D] {"steps": 1189888, "elapsed_s": 977.7, "coordination_ring_sparse20": 0.0, "coordination_ring_potter0_20": 0.0, "counter_circuit_sparse20": 0.0, "counter_circuit_potter0_20": 1.0}
[pair_D] {"steps": 1191936, "elapsed_s": 979.4, "coordination_ring_sparse20": 0.0, "coordination_ring_potter0_20": 0.0, "counter_circuit_sparse20": 0.0, "counter_circuit_potter0_20": 1.0}
[pair_D] {"steps": 1193984, "elapsed_s": 981.2, "coordination_ring_sparse20": 0.0, "coordination_ring_potter0_20": 0.0, "counter_circuit_sparse20": 0.0, "counter_circuit_potter0_20": 1.0}
[pair_D] {"steps": 1196032, "elapsed_s": 983.0, "coordination_ring_sparse20": 0.0, "coordination_ring_potter0_20": 0.0, "counter_circuit_sparse20": 0.0, "counter_circuit_potter0_20": 1.0}
[pair_D] {"steps": 1198080, "elapsed_s": 985.0, "coordination_ring_sparse20": 0.0, "coordination_ring_potter0_20": 0.0, "counter_circuit_sparse20": 0.0, "counter_circuit_potter0_20": 1.0}
[pair_D] {"steps": 1200128, "elapsed_s": 986.5, "coordination_ring_sparse20": 0.0, "coordination_ring_potter0_20": 0.05, "counter_circuit_sparse20": 0.0, "counter_circuit_potter0_20": 1.0}
[pair_D] {"steps": 1202176, "elapsed_s": 988.4, "coordination_ring_sparse20": 0.0, "coordination_ring_potter0_20": 0.05, "counter_circuit_sparse20": 0.0, "counter_circuit_potter0_20": 1.0}
[pair_D] {"steps": 1204224, "elapsed_s": 990.2, "coordination_ring_sparse20": 0.0, "coordination_ring_potter0_20": 0.05, "counter_circuit_sparse20": 0.0, "counter_circuit_potter0_20": 1.0}
[pair_D] {"steps": 1206272, "elapsed_s": 991.7, "coordination_ring_sparse20": 0.0, "coordination_ring_potter0_20": 0.05, "counter_circuit_sparse20": 0.0, "counter_circuit_potter0_20": 1.0}
[pair_D] {"steps": 1208320, "elapsed_s": 993.3, "coordination_ring_sparse20": 0.0, "coordination_ring_potter0_20": 0.05, "counter_circuit_sparse20": 0.0, "counter_circuit_potter0_20": 1.0}
[pair_D] {"steps": 1210368, "elapsed_s": 995.1, "coordination_ring_sparse20": 0.0, "coordination_ring_potter0_20": 0.05, "counter_circuit_sparse20": 0.0, "counter_circuit_potter0_20": 1.0}
[pair_D] {"steps": 1212416, "elapsed_s": 996.9, "coordination_ring_sparse20": 0.0, "coordination_ring_potter0_20": 0.05, "counter_circuit_sparse20": 0.0, "counter_circuit_potter0_20": 1.0}
[pair_D] {"steps": 1214464, "elapsed_s": 998.6, "coordination_ring_sparse20": 0.0, "coordination_ring_potter0_20": 0.05, "counter_circuit_sparse20": 0.0, "counter_circuit_potter0_20": 1.0}
[pair_D] {"steps": 1216512, "elapsed_s": 1000.4, "coordination_ring_sparse20": 0.0, "coordination_ring_potter0_20": 0.05, "counter_circuit_sparse20": 0.0, "counter_circuit_potter0_20": 1.0}
[pair_D] {"steps": 1218560, "elapsed_s": 1001.9, "coordination_ring_sparse20": 0.0, "coordination_ring_potter0_20": 0.0, "counter_circuit_sparse20": 0.0, "counter_circuit_potter0_20": 1.0}
[pair_D] {"steps": 1220608, "elapsed_s": 1003.5, "coordination_ring_sparse20": 0.0, "coordination_ring_potter0_20": 0.0, "counter_circuit_sparse20": 0.0, "counter_circuit_potter0_20": 1.0}
[pair_D] {"steps": 1222656, "elapsed_s": 1005.3, "coordination_ring_sparse20": 0.0, "coordination_ring_potter0_20": 0.0, "counter_circuit_sparse20": 0.0, "counter_circuit_potter0_20": 1.0}
[pair_D] {"steps": 1224704, "elapsed_s": 1006.9, "coordination_ring_sparse20": 0.0, "coordination_ring_potter0_20": 0.0, "counter_circuit_sparse20": 0.0, "counter_circuit_potter0_20": 1.0}
[pair_D] {"steps": 1226752, "elapsed_s": 1008.5, "coordination_ring_sparse20": 0.0, "coordination_ring_potter0_20": 0.0, "counter_circuit_sparse20": 0.0, "counter_circuit_potter0_20": 1.0}
[pair_D] {"steps": 1228800, "elapsed_s": 1010.3, "coordination_ring_sparse20": 0.0, "coordination_ring_potter0_20": 0.05, "counter_circuit_sparse20": 0.0, "counter_circuit_potter0_20": 1.0}
[pair_D] {"steps": 1230848, "elapsed_s": 1012.3, "coordination_ring_sparse20": 0.0, "coordination_ring_potter0_20": 0.05, "counter_circuit_sparse20": 0.0, "counter_circuit_potter0_20": 1.0}
[pair_D] {"steps": 1232896, "elapsed_s": 1014.0, "coordination_ring_sparse20": 0.0, "coordination_ring_potter0_20": 0.05, "counter_circuit_sparse20": 0.0, "counter_circuit_potter0_20": 1.0}
[pair_D] {"steps": 1234944, "elapsed_s": 1015.7, "coordination_ring_sparse20": 0.0, "coordination_ring_potter0_20": 0.05, "counter_circuit_sparse20": 0.0, "counter_circuit_potter0_20": 1.0}
[pair_D] {"steps": 1236992, "elapsed_s": 1017.4, "coordination_ring_sparse20": 0.0, "coordination_ring_potter0_20": 0.05, "counter_circuit_sparse20": 0.0, "counter_circuit_potter0_20": 1.0}
[pair_D] {"steps": 1239040, "elapsed_s": 1019.0, "coordination_ring_sparse20": 0.0, "coordination_ring_potter0_20": 0.05, "counter_circuit_sparse20": 0.0, "counter_circuit_potter0_20": 1.0}
[pair_D] {"steps": 1241088, "elapsed_s": 1020.6, "coordination_ring_sparse20": 0.0, "coordination_ring_potter0_20": 0.05, "counter_circuit_sparse20": 0.0, "counter_circuit_potter0_20": 1.0}
[pair_D] {"steps": 1243136, "elapsed_s": 1022.3, "coordination_ring_sparse20": 0.0, "coordination_ring_potter0_20": 0.05, "counter_circuit_sparse20": 0.0, "counter_circuit_potter0_20": 1.0}
[pair_D] {"steps": 1245184, "elapsed_s": 1024.0, "coordination_ring_sparse20": 0.0, "coordination_ring_potter0_20": 0.05, "counter_circuit_sparse20": 0.0, "counter_circuit_potter0_20": 1.0}
[pair_D] {"steps": 1247232, "elapsed_s": 1025.8, "coordination_ring_sparse20": 0.0, "coordination_ring_potter0_20": 0.0, "counter_circuit_sparse20": 0.0, "counter_circuit_potter0_20": 1.0}
[pair_D] {"steps": 1249280, "elapsed_s": 1027.5, "coordination_ring_sparse20": 0.0, "coordination_ring_potter0_20": 0.0, "counter_circuit_sparse20": 0.0, "counter_circuit_potter0_20": 1.0}
[pair_D] {"steps": 1251328, "elapsed_s": 1029.1, "coordination_ring_sparse20": 0.0, "coordination_ring_potter0_20": 0.0, "counter_circuit_sparse20": 0.0, "counter_circuit_potter0_20": 1.0}
[pair_D] {"steps": 1253376, "elapsed_s": 1030.8, "coordination_ring_sparse20": 0.0, "coordination_ring_potter0_20": 0.0, "counter_circuit_sparse20": 0.0, "counter_circuit_potter0_20": 1.0}
[pair_D] {"steps": 1255424, "elapsed_s": 1032.5, "coordination_ring_sparse20": 0.0, "coordination_ring_potter0_20": 0.0, "counter_circuit_sparse20": 0.0, "counter_circuit_potter0_20": 1.0}
[pair_D] {"steps": 1257472, "elapsed_s": 1034.3, "coordination_ring_sparse20": 0.0, "coordination_ring_potter0_20": 0.0, "counter_circuit_sparse20": 0.0, "counter_circuit_potter0_20": 1.0}
[pair_D] {"steps": 1259520, "elapsed_s": 1035.8, "coordination_ring_sparse20": 0.0, "coordination_ring_potter0_20": 0.0, "counter_circuit_sparse20": 0.0, "counter_circuit_potter0_20": 1.0}
[pair_D] {"steps": 1261568, "elapsed_s": 1037.5, "coordination_ring_sparse20": 0.0, "coordination_ring_potter0_20": 0.0, "counter_circuit_sparse20": 0.0, "counter_circuit_potter0_20": 1.0}
[pair_D] {"steps": 1263616, "elapsed_s": 1039.0, "coordination_ring_sparse20": 0.0, "coordination_ring_potter0_20": 0.0, "counter_circuit_sparse20": 0.0, "counter_circuit_potter0_20": 1.0}
[pair_D] {"steps": 1265664, "elapsed_s": 1040.7, "coordination_ring_sparse20": 0.0, "coordination_ring_potter0_20": 0.0, "counter_circuit_sparse20": 0.0, "counter_circuit_potter0_20": 1.0}
[pair_D] {"steps": 1267712, "elapsed_s": 1042.2, "coordination_ring_sparse20": 0.0, "coordination_ring_potter0_20": 0.0, "counter_circuit_sparse20": 0.0, "counter_circuit_potter0_20": 1.0}
[pair_D] {"steps": 1269760, "elapsed_s": 1043.8, "coordination_ring_sparse20": 0.0, "coordination_ring_potter0_20": 0.0, "counter_circuit_sparse20": 0.0, "counter_circuit_potter0_20": 1.0}
[pair_D] {"steps": 1271808, "elapsed_s": 1045.4, "coordination_ring_sparse20": 0.0, "coordination_ring_potter0_20": 0.0, "counter_circuit_sparse20": 0.0, "counter_circuit_potter0_20": 1.0}
[pair_D] {"steps": 1273856, "elapsed_s": 1047.0, "coordination_ring_sparse20": 0.0, "coordination_ring_potter0_20": 0.0, "counter_circuit_sparse20": 0.0, "counter_circuit_potter0_20": 1.0}
[pair_D] {"steps": 1275904, "elapsed_s": 1048.6, "coordination_ring_sparse20": 0.0, "coordination_ring_potter0_20": 0.05, "counter_circuit_sparse20": 0.0, "counter_circuit_potter0_20": 1.0}
[pair_D] {"steps": 1277952, "elapsed_s": 1050.2, "coordination_ring_sparse20": 0.0, "coordination_ring_potter0_20": 0.05, "counter_circuit_sparse20": 0.0, "counter_circuit_potter0_20": 1.0}
[pair_D] {"steps": 1280000, "elapsed_s": 1051.8, "coordination_ring_sparse20": 0.0, "coordination_ring_potter0_20": 0.05, "counter_circuit_sparse20": 0.0, "counter_circuit_potter0_20": 1.0}
[pair_D] {"steps": 1282048, "elapsed_s": 1053.5, "coordination_ring_sparse20": 0.0, "coordination_ring_potter0_20": 0.05, "counter_circuit_sparse20": 0.0, "counter_circuit_potter0_20": 1.0}
[pair_D] {"steps": 1284096, "elapsed_s": 1055.3, "coordination_ring_sparse20": 0.0, "coordination_ring_potter0_20": 0.05, "counter_circuit_sparse20": 0.0, "counter_circuit_potter0_20": 1.0}
[pair_D] {"steps": 1286144, "elapsed_s": 1056.9, "coordination_ring_sparse20": 0.0, "coordination_ring_potter0_20": 0.05, "counter_circuit_sparse20": 0.0, "counter_circuit_potter0_20": 1.0}
[pair_D] {"steps": 1288192, "elapsed_s": 1058.6, "coordination_ring_sparse20": 0.0, "coordination_ring_potter0_20": 0.05, "counter_circuit_sparse20": 0.0, "counter_circuit_potter0_20": 1.0}
[pair_D] {"steps": 1290240, "elapsed_s": 1060.2, "coordination_ring_sparse20": 0.0, "coordination_ring_potter0_20": 0.0, "counter_circuit_sparse20": 0.0, "counter_circuit_potter0_20": 1.0}
[pair_D] {"steps": 1292288, "elapsed_s": 1061.7, "coordination_ring_sparse20": 0.0, "coordination_ring_potter0_20": 0.0, "counter_circuit_sparse20": 0.0, "counter_circuit_potter0_20": 1.0}
[pair_D] {"steps": 1294336, "elapsed_s": 1063.4, "coordination_ring_sparse20": 0.0, "coordination_ring_potter0_20": 0.05, "counter_circuit_sparse20": 0.0, "counter_circuit_potter0_20": 1.0}
[pair_D] {"steps": 1296384, "elapsed_s": 1065.0, "coordination_ring_sparse20": 0.0, "coordination_ring_potter0_20": 0.05, "counter_circuit_sparse20": 0.0, "counter_circuit_potter0_20": 1.0}
[pair_D] {"steps": 1298432, "elapsed_s": 1066.6, "coordination_ring_sparse20": 0.0, "coordination_ring_potter0_20": 0.05, "counter_circuit_sparse20": 0.0, "counter_circuit_potter0_20": 1.0}
[pair_D] {"steps": 1300480, "elapsed_s": 1068.3, "coordination_ring_sparse20": 0.0, "coordination_ring_potter0_20": 0.05, "counter_circuit_sparse20": 0.0, "counter_circuit_potter0_20": 1.0}
[pair_D] {"steps": 1302528, "elapsed_s": 1070.3, "coordination_ring_sparse20": 0.0, "coordination_ring_potter0_20": 0.05, "counter_circuit_sparse20": 0.0, "counter_circuit_potter0_20": 1.0}
[pair_D] {"steps": 1304576, "elapsed_s": 1072.0, "coordination_ring_sparse20": 0.0, "coordination_ring_potter0_20": 0.05, "counter_circuit_sparse20": 0.0, "counter_circuit_potter0_20": 1.0}
[pair_D] {"steps": 1306624, "elapsed_s": 1073.5, "coordination_ring_sparse20": 0.0, "coordination_ring_potter0_20": 0.05, "counter_circuit_sparse20": 0.0, "counter_circuit_potter0_20": 1.0}
[pair_D] {"steps": 1308672, "elapsed_s": 1075.1, "coordination_ring_sparse20": 0.0, "coordination_ring_potter0_20": 0.05, "counter_circuit_sparse20": 0.0, "counter_circuit_potter0_20": 1.0}
[pair_D] {"steps": 1310720, "elapsed_s": 1076.5, "coordination_ring_sparse20": 0.0, "coordination_ring_potter0_20": 0.0, "counter_circuit_sparse20": 0.0, "counter_circuit_potter0_20": 1.0}
[pair_D] {"steps": 1312768, "elapsed_s": 1078.2, "coordination_ring_sparse20": 0.0, "coordination_ring_potter0_20": 0.0, "counter_circuit_sparse20": 0.0, "counter_circuit_potter0_20": 1.0}
[pair_D] {"steps": 1314816, "elapsed_s": 1080.0, "coordination_ring_sparse20": 0.0, "coordination_ring_potter0_20": 0.0, "counter_circuit_sparse20": 0.0, "counter_circuit_potter0_20": 1.0}
[pair_D] {"steps": 1316864, "elapsed_s": 1081.5, "coordination_ring_sparse20": 0.0, "coordination_ring_potter0_20": 0.0, "counter_circuit_sparse20": 0.0, "counter_circuit_potter0_20": 1.0}
[pair_D] {"steps": 1318912, "elapsed_s": 1083.1, "coordination_ring_sparse20": 0.0, "coordination_ring_potter0_20": 0.0, "counter_circuit_sparse20": 0.0, "counter_circuit_potter0_20": 1.0}
[pair_D] {"steps": 1320960, "elapsed_s": 1084.7, "coordination_ring_sparse20": 0.0, "coordination_ring_potter0_20": 0.0, "counter_circuit_sparse20": 0.0, "counter_circuit_potter0_20": 1.0}
[pair_D] {"steps": 1323008, "elapsed_s": 1086.3, "coordination_ring_sparse20": 0.0, "coordination_ring_potter0_20": 0.0, "counter_circuit_sparse20": 0.0, "counter_circuit_potter0_20": 1.0}
[pair_D] {"steps": 1325056, "elapsed_s": 1087.9, "coordination_ring_sparse20": 0.0, "coordination_ring_potter0_20": 0.0, "counter_circuit_sparse20": 0.0, "counter_circuit_potter0_20": 1.0}
[pair_D] {"steps": 1327104, "elapsed_s": 1089.5, "coordination_ring_sparse20": 0.0, "coordination_ring_potter0_20": 0.0, "counter_circuit_sparse20": 0.0, "counter_circuit_potter0_20": 1.0}
[pair_D] {"steps": 1329152, "elapsed_s": 1091.1, "coordination_ring_sparse20": 0.0, "coordination_ring_potter0_20": 0.0, "counter_circuit_sparse20": 0.0, "counter_circuit_potter0_20": 1.0}
[pair_D] {"steps": 1331200, "elapsed_s": 1092.9, "coordination_ring_sparse20": 0.0, "coordination_ring_potter0_20": 0.0, "counter_circuit_sparse20": 0.0, "counter_circuit_potter0_20": 1.0}
[pair_D] {"steps": 1333248, "elapsed_s": 1094.6, "coordination_ring_sparse20": 0.0, "coordination_ring_potter0_20": 0.0, "counter_circuit_sparse20": 0.0, "counter_circuit_potter0_20": 1.0}
[pair_D] {"steps": 1335296, "elapsed_s": 1096.3, "coordination_ring_sparse20": 0.0, "coordination_ring_potter0_20": 0.0, "counter_circuit_sparse20": 0.0, "counter_circuit_potter0_20": 1.0}
[pair_D] {"steps": 1337344, "elapsed_s": 1098.2, "coordination_ring_sparse20": 0.0, "coordination_ring_potter0_20": 0.0, "counter_circuit_sparse20": 0.0, "counter_circuit_potter0_20": 1.0}
[pair_D] {"steps": 1339392, "elapsed_s": 1099.9, "coordination_ring_sparse20": 0.0, "coordination_ring_potter0_20": 0.0, "counter_circuit_sparse20": 0.0, "counter_circuit_potter0_20": 1.0}
[pair_D] {"steps": 1341440, "elapsed_s": 1101.4, "coordination_ring_sparse20": 0.0, "coordination_ring_potter0_20": 0.0, "counter_circuit_sparse20": 0.0, "counter_circuit_potter0_20": 1.0}
[pair_D] {"steps": 1343488, "elapsed_s": 1103.1, "coordination_ring_sparse20": 0.0, "coordination_ring_potter0_20": 0.0, "counter_circuit_sparse20": 0.0, "counter_circuit_potter0_20": 1.0}
[pair_D] {"steps": 1345536, "elapsed_s": 1104.7, "coordination_ring_sparse20": 0.0, "coordination_ring_potter0_20": 0.0, "counter_circuit_sparse20": 0.0, "counter_circuit_potter0_20": 1.0}
[pair_D] {"steps": 1347584, "elapsed_s": 1106.2, "coordination_ring_sparse20": 0.0, "coordination_ring_potter0_20": 0.0, "counter_circuit_sparse20": 0.0, "counter_circuit_potter0_20": 1.0}
[pair_D] {"steps": 1349632, "elapsed_s": 1107.8, "coordination_ring_sparse20": 0.0, "coordination_ring_potter0_20": 0.0, "counter_circuit_sparse20": 0.0, "counter_circuit_potter0_20": 1.0}
[pair_D] {"steps": 1351680, "elapsed_s": 1109.4, "coordination_ring_sparse20": 0.0, "coordination_ring_potter0_20": 0.0, "counter_circuit_sparse20": 0.0, "counter_circuit_potter0_20": 1.0}
[pair_D] {"steps": 1353728, "elapsed_s": 1110.9, "coordination_ring_sparse20": 0.0, "coordination_ring_potter0_20": 0.0, "counter_circuit_sparse20": 0.0, "counter_circuit_potter0_20": 1.0}
[pair_D] {"steps": 1355776, "elapsed_s": 1112.8, "coordination_ring_sparse20": 0.0, "coordination_ring_potter0_20": 0.0, "counter_circuit_sparse20": 0.0, "counter_circuit_potter0_20": 1.0}
[pair_D] {"steps": 1357824, "elapsed_s": 1114.5, "coordination_ring_sparse20": 0.0, "coordination_ring_potter0_20": 0.0, "counter_circuit_sparse20": 0.0, "counter_circuit_potter0_20": 1.0}
[pair_D] {"steps": 1359872, "elapsed_s": 1116.2, "coordination_ring_sparse20": 0.0, "coordination_ring_potter0_20": 0.0, "counter_circuit_sparse20": 0.0, "counter_circuit_potter0_20": 1.0}
[pair_D] {"steps": 1361920, "elapsed_s": 1117.8, "coordination_ring_sparse20": 0.0, "coordination_ring_potter0_20": 0.0, "counter_circuit_sparse20": 0.0, "counter_circuit_potter0_20": 1.0}
[pair_D] {"steps": 1363968, "elapsed_s": 1119.4, "coordination_ring_sparse20": 0.0, "coordination_ring_potter0_20": 0.0, "counter_circuit_sparse20": 0.0, "counter_circuit_potter0_20": 1.0}
[pair_D] {"steps": 1366016, "elapsed_s": 1121.1, "coordination_ring_sparse20": 0.0, "coordination_ring_potter0_20": 0.0, "counter_circuit_sparse20": 0.0, "counter_circuit_potter0_20": 1.0}
[pair_D] {"steps": 1368064, "elapsed_s": 1122.6, "coordination_ring_sparse20": 0.0, "coordination_ring_potter0_20": 0.0, "counter_circuit_sparse20": 0.0, "counter_circuit_potter0_20": 1.0}
[pair_D] {"steps": 1370112, "elapsed_s": 1124.1, "coordination_ring_sparse20": 0.0, "coordination_ring_potter0_20": 0.0, "counter_circuit_sparse20": 0.0, "counter_circuit_potter0_20": 1.0}
[pair_D] {"steps": 1372160, "elapsed_s": 1125.9, "coordination_ring_sparse20": 0.0, "coordination_ring_potter0_20": 0.0, "counter_circuit_sparse20": 0.0, "counter_circuit_potter0_20": 1.0}
[pair_D] {"steps": 1374208, "elapsed_s": 1127.4, "coordination_ring_sparse20": 0.0, "coordination_ring_potter0_20": 0.0, "counter_circuit_sparse20": 0.0, "counter_circuit_potter0_20": 1.0}
[pair_D] {"steps": 1376256, "elapsed_s": 1128.9, "coordination_ring_sparse20": 0.0, "coordination_ring_potter0_20": 0.0, "counter_circuit_sparse20": 0.0, "counter_circuit_potter0_20": 1.0}
[pair_D] {"steps": 1378304, "elapsed_s": 1130.4, "coordination_ring_sparse20": 0.0, "coordination_ring_potter0_20": 0.0, "counter_circuit_sparse20": 0.0, "counter_circuit_potter0_20": 1.0}
[pair_D] {"steps": 1380352, "elapsed_s": 1131.9, "coordination_ring_sparse20": 0.0, "coordination_ring_potter0_20": 0.0, "counter_circuit_sparse20": 0.0, "counter_circuit_potter0_20": 1.0}
[pair_D] {"steps": 1382400, "elapsed_s": 1133.5, "coordination_ring_sparse20": 0.0, "coordination_ring_potter0_20": 0.0, "counter_circuit_sparse20": 0.0, "counter_circuit_potter0_20": 1.0}
[pair_D] {"steps": 1384448, "elapsed_s": 1135.0, "coordination_ring_sparse20": 0.0, "coordination_ring_potter0_20": 0.05, "counter_circuit_sparse20": 0.0, "counter_circuit_potter0_20": 1.0}
[pair_D] {"steps": 1386496, "elapsed_s": 1136.6, "coordination_ring_sparse20": 0.0, "coordination_ring_potter0_20": 0.05, "counter_circuit_sparse20": 0.0, "counter_circuit_potter0_20": 1.0}
[pair_D] {"steps": 1388544, "elapsed_s": 1138.4, "coordination_ring_sparse20": 0.0, "coordination_ring_potter0_20": 0.05, "counter_circuit_sparse20": 0.0, "counter_circuit_potter0_20": 1.0}
[pair_D] {"steps": 1390592, "elapsed_s": 1140.0, "coordination_ring_sparse20": 0.0, "coordination_ring_potter0_20": 0.05, "counter_circuit_sparse20": 0.0, "counter_circuit_potter0_20": 1.0}
[pair_D] {"steps": 1392640, "elapsed_s": 1141.6, "coordination_ring_sparse20": 0.0, "coordination_ring_potter0_20": 0.05, "counter_circuit_sparse20": 0.0, "counter_circuit_potter0_20": 1.0}
[pair_D] {"steps": 1394688, "elapsed_s": 1143.3, "coordination_ring_sparse20": 0.0, "coordination_ring_potter0_20": 0.05, "counter_circuit_sparse20": 0.0, "counter_circuit_potter0_20": 1.0}
[pair_D] {"steps": 1396736, "elapsed_s": 1144.9, "coordination_ring_sparse20": 0.0, "coordination_ring_potter0_20": 0.0, "counter_circuit_sparse20": 0.0, "counter_circuit_potter0_20": 1.0}
[pair_D] {"steps": 1398784, "elapsed_s": 1146.6, "coordination_ring_sparse20": 0.0, "coordination_ring_potter0_20": 0.0, "counter_circuit_sparse20": 0.0, "counter_circuit_potter0_20": 1.0}
[pair_D] {"steps": 1400832, "elapsed_s": 1148.2, "coordination_ring_sparse20": 0.0, "coordination_ring_potter0_20": 0.0, "counter_circuit_sparse20": 0.0, "counter_circuit_potter0_20": 1.0}
[pair_D] {"steps": 1402880, "elapsed_s": 1149.7, "coordination_ring_sparse20": 0.0, "coordination_ring_potter0_20": 0.0, "counter_circuit_sparse20": 0.0, "counter_circuit_potter0_20": 1.0}
[pair_D] {"steps": 1404928, "elapsed_s": 1151.3, "coordination_ring_sparse20": 0.0, "coordination_ring_potter0_20": 0.0, "counter_circuit_sparse20": 0.0, "counter_circuit_potter0_20": 1.0}
[pair_D] {"steps": 1406976, "elapsed_s": 1152.9, "coordination_ring_sparse20": 0.0, "coordination_ring_potter0_20": 0.0, "counter_circuit_sparse20": 0.0, "counter_circuit_potter0_20": 1.0}
[pair_D] {"steps": 1409024, "elapsed_s": 1154.7, "coordination_ring_sparse20": 0.0, "coordination_ring_potter0_20": 0.0, "counter_circuit_sparse20": 0.0, "counter_circuit_potter0_20": 1.0}
[pair_D] {"steps": 1411072, "elapsed_s": 1156.2, "coordination_ring_sparse20": 0.0, "coordination_ring_potter0_20": 0.0, "counter_circuit_sparse20": 0.0, "counter_circuit_potter0_20": 1.0}
[pair_D] {"steps": 1413120, "elapsed_s": 1158.0, "coordination_ring_sparse20": 0.0, "coordination_ring_potter0_20": 0.0, "counter_circuit_sparse20": 0.0, "counter_circuit_potter0_20": 1.0}
[pair_D] {"steps": 1415168, "elapsed_s": 1159.6, "coordination_ring_sparse20": 0.0, "coordination_ring_potter0_20": 0.0, "counter_circuit_sparse20": 0.0, "counter_circuit_potter0_20": 1.0}
[pair_D] {"steps": 1417216, "elapsed_s": 1161.0, "coordination_ring_sparse20": 0.0, "coordination_ring_potter0_20": 0.0, "counter_circuit_sparse20": 0.0, "counter_circuit_potter0_20": 1.0}
[pair_D] {"steps": 1419264, "elapsed_s": 1162.5, "coordination_ring_sparse20": 0.0, "coordination_ring_potter0_20": 0.0, "counter_circuit_sparse20": 0.0, "counter_circuit_potter0_20": 1.0}
[pair_D] {"steps": 1421312, "elapsed_s": 1163.9, "coordination_ring_sparse20": 0.0, "coordination_ring_potter0_20": 0.05, "counter_circuit_sparse20": 0.0, "counter_circuit_potter0_20": 1.0}
[pair_D] {"steps": 1423360, "elapsed_s": 1165.4, "coordination_ring_sparse20": 0.0, "coordination_ring_potter0_20": 0.05, "counter_circuit_sparse20": 0.0, "counter_circuit_potter0_20": 1.0}
[pair_D] {"steps": 1425408, "elapsed_s": 1167.0, "coordination_ring_sparse20": 0.0, "coordination_ring_potter0_20": 0.05, "counter_circuit_sparse20": 0.0, "counter_circuit_potter0_20": 1.0}
[pair_D] {"steps": 1427456, "elapsed_s": 1168.5, "coordination_ring_sparse20": 0.0, "coordination_ring_potter0_20": 0.05, "counter_circuit_sparse20": 0.0, "counter_circuit_potter0_20": 1.0}
[pair_D] {"steps": 1429504, "elapsed_s": 1169.9, "coordination_ring_sparse20": 0.0, "coordination_ring_potter0_20": 0.05, "counter_circuit_sparse20": 0.0, "counter_circuit_potter0_20": 1.0}
[pair_D] {"steps": 1431552, "elapsed_s": 1171.4, "coordination_ring_sparse20": 0.0, "coordination_ring_potter0_20": 0.05, "counter_circuit_sparse20": 0.0, "counter_circuit_potter0_20": 1.0}
[pair_D] {"steps": 1433600, "elapsed_s": 1172.9, "coordination_ring_sparse20": 0.0, "coordination_ring_potter0_20": 0.05, "counter_circuit_sparse20": 0.0, "counter_circuit_potter0_20": 1.0}
[pair_D] {"steps": 1435648, "elapsed_s": 1174.4, "coordination_ring_sparse20": 0.0, "coordination_ring_potter0_20": 0.0, "counter_circuit_sparse20": 0.0, "counter_circuit_potter0_20": 1.0}
[pair_D] {"steps": 1437696, "elapsed_s": 1175.8, "coordination_ring_sparse20": 0.0, "coordination_ring_potter0_20": 0.0, "counter_circuit_sparse20": 0.0, "counter_circuit_potter0_20": 1.0}
[pair_D] {"steps": 1439744, "elapsed_s": 1177.2, "coordination_ring_sparse20": 0.0, "coordination_ring_potter0_20": 0.0, "counter_circuit_sparse20": 0.0, "counter_circuit_potter0_20": 1.0}
[pair_D] {"steps": 1441792, "elapsed_s": 1178.6, "coordination_ring_sparse20": 0.0, "coordination_ring_potter0_20": 0.0, "counter_circuit_sparse20": 0.0, "counter_circuit_potter0_20": 1.0}
[pair_D] {"steps": 1443840, "elapsed_s": 1180.1, "coordination_ring_sparse20": 0.0, "coordination_ring_potter0_20": 0.0, "counter_circuit_sparse20": 0.0, "counter_circuit_potter0_20": 1.0}
[pair_D] {"steps": 1445888, "elapsed_s": 1181.6, "coordination_ring_sparse20": 0.0, "coordination_ring_potter0_20": 0.0, "counter_circuit_sparse20": 0.0, "counter_circuit_potter0_20": 1.0}
[pair_D] {"steps": 1447936, "elapsed_s": 1183.1, "coordination_ring_sparse20": 0.0, "coordination_ring_potter0_20": 0.0, "counter_circuit_sparse20": 0.0, "counter_circuit_potter0_20": 1.0}
[pair_D] {"steps": 1449984, "elapsed_s": 1184.5, "coordination_ring_sparse20": 0.0, "coordination_ring_potter0_20": 0.0, "counter_circuit_sparse20": 0.0, "counter_circuit_potter0_20": 1.0}
[pair_D] {"steps": 1452032, "elapsed_s": 1186.1, "coordination_ring_sparse20": 0.0, "coordination_ring_potter0_20": 0.0, "counter_circuit_sparse20": 0.0, "counter_circuit_potter0_20": 1.0}
[pair_D] {"steps": 1454080, "elapsed_s": 1187.6, "coordination_ring_sparse20": 0.0, "coordination_ring_potter0_20": 0.0, "counter_circuit_sparse20": 0.0, "counter_circuit_potter0_20": 1.0}
[pair_D] {"steps": 1456128, "elapsed_s": 1189.0, "coordination_ring_sparse20": 0.0, "coordination_ring_potter0_20": 0.0, "counter_circuit_sparse20": 0.0, "counter_circuit_potter0_20": 1.0}
[pair_D] {"steps": 1458176, "elapsed_s": 1190.5, "coordination_ring_sparse20": 0.0, "coordination_ring_potter0_20": 0.0, "counter_circuit_sparse20": 0.0, "counter_circuit_potter0_20": 1.0}
[pair_D] {"steps": 1460224, "elapsed_s": 1192.0, "coordination_ring_sparse20": 0.0, "coordination_ring_potter0_20": 0.0, "counter_circuit_sparse20": 0.0, "counter_circuit_potter0_20": 1.0}
[pair_D] {"steps": 1462272, "elapsed_s": 1193.3, "coordination_ring_sparse20": 0.0, "coordination_ring_potter0_20": 0.0, "counter_circuit_sparse20": 0.0, "counter_circuit_potter0_20": 1.0}
[pair_D] {"steps": 1464320, "elapsed_s": 1194.8, "coordination_ring_sparse20": 0.0, "coordination_ring_potter0_20": 0.0, "counter_circuit_sparse20": 0.0, "counter_circuit_potter0_20": 1.0}
[pair_D] {"steps": 1466368, "elapsed_s": 1196.4, "coordination_ring_sparse20": 0.0, "coordination_ring_potter0_20": 0.0, "counter_circuit_sparse20": 0.0, "counter_circuit_potter0_20": 1.0}
[pair_D] {"steps": 1468416, "elapsed_s": 1197.9, "coordination_ring_sparse20": 0.0, "coordination_ring_potter0_20": 0.0, "counter_circuit_sparse20": 0.0, "counter_circuit_potter0_20": 1.0}
[pair_D] {"steps": 1470464, "elapsed_s": 1199.2, "coordination_ring_sparse20": 0.0, "coordination_ring_potter0_20": 0.0, "counter_circuit_sparse20": 0.0, "counter_circuit_potter0_20": 1.0}
[pair_D] {"steps": 1472512, "elapsed_s": 1200.6, "coordination_ring_sparse20": 0.0, "coordination_ring_potter0_20": 0.0, "counter_circuit_sparse20": 0.0, "counter_circuit_potter0_20": 1.0}
[pair_D] {"steps": 1474560, "elapsed_s": 1202.1, "coordination_ring_sparse20": 0.0, "coordination_ring_potter0_20": 0.0, "counter_circuit_sparse20": 0.0, "counter_circuit_potter0_20": 1.0}
[pair_D] {"steps": 1476608, "elapsed_s": 1203.5, "coordination_ring_sparse20": 0.0, "coordination_ring_potter0_20": 0.0, "counter_circuit_sparse20": 0.0, "counter_circuit_potter0_20": 1.0}
[pair_D] {"steps": 1478656, "elapsed_s": 1205.0, "coordination_ring_sparse20": 0.0, "coordination_ring_potter0_20": 0.0, "counter_circuit_sparse20": 0.0, "counter_circuit_potter0_20": 1.0}
[pair_D] {"steps": 1480704, "elapsed_s": 1206.5, "coordination_ring_sparse20": 0.0, "coordination_ring_potter0_20": 0.0, "counter_circuit_sparse20": 0.0, "counter_circuit_potter0_20": 1.0}
[pair_D] {"steps": 1482752, "elapsed_s": 1208.1, "coordination_ring_sparse20": 0.0, "coordination_ring_potter0_20": 0.05, "counter_circuit_sparse20": 0.0, "counter_circuit_potter0_20": 1.0}
[pair_D] {"steps": 1484800, "elapsed_s": 1209.6, "coordination_ring_sparse20": 0.0, "coordination_ring_potter0_20": 0.05, "counter_circuit_sparse20": 0.0, "counter_circuit_potter0_20": 1.0}
[pair_D] {"steps": 1486848, "elapsed_s": 1211.1, "coordination_ring_sparse20": 0.0, "coordination_ring_potter0_20": 0.05, "counter_circuit_sparse20": 0.0, "counter_circuit_potter0_20": 1.0}
[pair_D] {"steps": 1488896, "elapsed_s": 1212.7, "coordination_ring_sparse20": 0.0, "coordination_ring_potter0_20": 0.05, "counter_circuit_sparse20": 0.0, "counter_circuit_potter0_20": 1.0}
[pair_D] {"steps": 1490944, "elapsed_s": 1214.4, "coordination_ring_sparse20": 0.0, "coordination_ring_potter0_20": 0.05, "counter_circuit_sparse20": 0.0, "counter_circuit_potter0_20": 1.0}
[pair_D] {"steps": 1492992, "elapsed_s": 1216.0, "coordination_ring_sparse20": 0.0, "coordination_ring_potter0_20": 0.05, "counter_circuit_sparse20": 0.0, "counter_circuit_potter0_20": 1.0}
[pair_D] {"steps": 1495040, "elapsed_s": 1217.4, "coordination_ring_sparse20": 0.0, "coordination_ring_potter0_20": 0.05, "counter_circuit_sparse20": 0.0, "counter_circuit_potter0_20": 1.0}
[pair_D] {"steps": 1497088, "elapsed_s": 1219.0, "coordination_ring_sparse20": 0.0, "coordination_ring_potter0_20": 0.05, "counter_circuit_sparse20": 0.0, "counter_circuit_potter0_20": 1.0}
[pair_D] {"steps": 1499136, "elapsed_s": 1220.6, "coordination_ring_sparse20": 0.0, "coordination_ring_potter0_20": 0.05, "counter_circuit_sparse20": 0.0, "counter_circuit_potter0_20": 1.0}
[pair_D] {"steps": 1501184, "elapsed_s": 1222.0, "coordination_ring_sparse20": 0.0, "coordination_ring_potter0_20": 0.0, "counter_circuit_sparse20": 0.0, "counter_circuit_potter0_20": 1.0}
[pair_D] {"steps": 1503232, "elapsed_s": 1223.4, "coordination_ring_sparse20": 0.0, "coordination_ring_potter0_20": 0.0, "counter_circuit_sparse20": 0.0, "counter_circuit_potter0_20": 1.0}
[pair_D] {"steps": 1505280, "elapsed_s": 1224.8, "coordination_ring_sparse20": 0.0, "coordination_ring_potter0_20": 0.0, "counter_circuit_sparse20": 0.0, "counter_circuit_potter0_20": 1.0}
[pair_D] {"steps": 1507328, "elapsed_s": 1226.3, "coordination_ring_sparse20": 0.0, "coordination_ring_potter0_20": 0.0, "counter_circuit_sparse20": 0.0, "counter_circuit_potter0_20": 1.0}
[pair_D] {"steps": 1509376, "elapsed_s": 1227.9, "coordination_ring_sparse20": 0.0, "coordination_ring_potter0_20": 0.0, "counter_circuit_sparse20": 0.0, "counter_circuit_potter0_20": 1.0}
[pair_D] {"steps": 1511424, "elapsed_s": 1229.3, "coordination_ring_sparse20": 0.0, "coordination_ring_potter0_20": 0.0, "counter_circuit_sparse20": 0.0, "counter_circuit_potter0_20": 1.0}
[pair_D] {"steps": 1513472, "elapsed_s": 1230.9, "coordination_ring_sparse20": 0.0, "coordination_ring_potter0_20": 0.0, "counter_circuit_sparse20": 0.0, "counter_circuit_potter0_20": 1.0}
[pair_D] {"steps": 1515520, "elapsed_s": 1232.4, "coordination_ring_sparse20": 0.0, "coordination_ring_potter0_20": 0.0, "counter_circuit_sparse20": 0.0, "counter_circuit_potter0_20": 1.0}
[pair_D] {"steps": 1517568, "elapsed_s": 1234.2, "coordination_ring_sparse20": 0.0, "coordination_ring_potter0_20": 0.0, "counter_circuit_sparse20": 0.0, "counter_circuit_potter0_20": 1.0}
[pair_D] {"steps": 1519616, "elapsed_s": 1235.7, "coordination_ring_sparse20": 0.0, "coordination_ring_potter0_20": 0.0, "counter_circuit_sparse20": 0.0, "counter_circuit_potter0_20": 1.0}
[pair_D] {"steps": 1521664, "elapsed_s": 1237.3, "coordination_ring_sparse20": 0.0, "coordination_ring_potter0_20": 0.0, "counter_circuit_sparse20": 0.0, "counter_circuit_potter0_20": 1.0}
[pair_D] {"steps": 1523712, "elapsed_s": 1238.7, "coordination_ring_sparse20": 0.0, "coordination_ring_potter0_20": 0.0, "counter_circuit_sparse20": 0.0, "counter_circuit_potter0_20": 1.0}
[pair_D] {"steps": 1525760, "elapsed_s": 1240.3, "coordination_ring_sparse20": 0.0, "coordination_ring_potter0_20": 0.0, "counter_circuit_sparse20": 0.0, "counter_circuit_potter0_20": 1.0}
[pair_D] {"steps": 1527808, "elapsed_s": 1241.8, "coordination_ring_sparse20": 0.0, "coordination_ring_potter0_20": 0.0, "counter_circuit_sparse20": 0.0, "counter_circuit_potter0_20": 1.0}
[pair_D] {"steps": 1529856, "elapsed_s": 1243.3, "coordination_ring_sparse20": 0.0, "coordination_ring_potter0_20": 0.0, "counter_circuit_sparse20": 0.0, "counter_circuit_potter0_20": 1.0}
[pair_D] {"steps": 1531904, "elapsed_s": 1244.8, "coordination_ring_sparse20": 0.0, "coordination_ring_potter0_20": 0.0, "counter_circuit_sparse20": 0.0, "counter_circuit_potter0_20": 1.0}
[pair_D] {"steps": 1533952, "elapsed_s": 1246.2, "coordination_ring_sparse20": 0.0, "coordination_ring_potter0_20": 0.0, "counter_circuit_sparse20": 0.0, "counter_circuit_potter0_20": 1.0}
[pair_D] {"steps": 1536000, "elapsed_s": 1247.6, "coordination_ring_sparse20": 0.0, "coordination_ring_potter0_20": 0.0, "counter_circuit_sparse20": 0.0, "counter_circuit_potter0_20": 1.0}
[pair_D] {"steps": 1538048, "elapsed_s": 1249.0, "coordination_ring_sparse20": 0.0, "coordination_ring_potter0_20": 0.0, "counter_circuit_sparse20": 0.0, "counter_circuit_potter0_20": 1.0}
[pair_D] {"steps": 1540096, "elapsed_s": 1250.7, "coordination_ring_sparse20": 0.0, "coordination_ring_potter0_20": 0.0, "counter_circuit_sparse20": 0.0, "counter_circuit_potter0_20": 1.0}
[pair_D] {"steps": 1542144, "elapsed_s": 1252.1, "coordination_ring_sparse20": 0.0, "coordination_ring_potter0_20": 0.0, "counter_circuit_sparse20": 0.0, "counter_circuit_potter0_20": 1.0}
[pair_D] {"steps": 1544192, "elapsed_s": 1253.6, "coordination_ring_sparse20": 0.0, "coordination_ring_potter0_20": 0.0, "counter_circuit_sparse20": 0.0, "counter_circuit_potter0_20": 1.0}
[pair_D] {"steps": 1546240, "elapsed_s": 1255.1, "coordination_ring_sparse20": 0.0, "coordination_ring_potter0_20": 0.0, "counter_circuit_sparse20": 0.0, "counter_circuit_potter0_20": 1.0}
[pair_D] {"steps": 1548288, "elapsed_s": 1256.6, "coordination_ring_sparse20": 0.0, "coordination_ring_potter0_20": 0.0, "counter_circuit_sparse20": 0.0, "counter_circuit_potter0_20": 1.0}
[pair_D] {"steps": 1550336, "elapsed_s": 1258.0, "coordination_ring_sparse20": 0.0, "coordination_ring_potter0_20": 0.0, "counter_circuit_sparse20": 0.0, "counter_circuit_potter0_20": 1.0}
[pair_D] {"steps": 1552384, "elapsed_s": 1259.7, "coordination_ring_sparse20": 0.0, "coordination_ring_potter0_20": 0.0, "counter_circuit_sparse20": 0.0, "counter_circuit_potter0_20": 1.0}
[pair_D] {"steps": 1554432, "elapsed_s": 1261.3, "coordination_ring_sparse20": 0.0, "coordination_ring_potter0_20": 0.0, "counter_circuit_sparse20": 0.0, "counter_circuit_potter0_20": 1.0}
[pair_D] {"steps": 1556480, "elapsed_s": 1262.9, "coordination_ring_sparse20": 0.0, "coordination_ring_potter0_20": 0.0, "counter_circuit_sparse20": 0.0, "counter_circuit_potter0_20": 1.0}
[pair_D] {"steps": 1558528, "elapsed_s": 1264.4, "coordination_ring_sparse20": 0.0, "coordination_ring_potter0_20": 0.0, "counter_circuit_sparse20": 0.0, "counter_circuit_potter0_20": 1.0}
[pair_D] {"steps": 1560576, "elapsed_s": 1266.0, "coordination_ring_sparse20": 0.0, "coordination_ring_potter0_20": 0.0, "counter_circuit_sparse20": 0.0, "counter_circuit_potter0_20": 1.0}
[pair_D] {"steps": 1562624, "elapsed_s": 1267.5, "coordination_ring_sparse20": 0.0, "coordination_ring_potter0_20": 0.0, "counter_circuit_sparse20": 0.0, "counter_circuit_potter0_20": 1.0}
[pair_D] {"steps": 1564672, "elapsed_s": 1269.0, "coordination_ring_sparse20": 0.0, "coordination_ring_potter0_20": 0.0, "counter_circuit_sparse20": 0.0, "counter_circuit_potter0_20": 1.0}
[pair_D] {"steps": 1566720, "elapsed_s": 1270.4, "coordination_ring_sparse20": 0.0, "coordination_ring_potter0_20": 0.0, "counter_circuit_sparse20": 0.0, "counter_circuit_potter0_20": 1.0}
[pair_D] {"steps": 1568768, "elapsed_s": 1272.1, "coordination_ring_sparse20": 0.0, "coordination_ring_potter0_20": 0.0, "counter_circuit_sparse20": 0.0, "counter_circuit_potter0_20": 1.0}
[pair_D] {"steps": 1570816, "elapsed_s": 1273.6, "coordination_ring_sparse20": 0.0, "coordination_ring_potter0_20": 0.0, "counter_circuit_sparse20": 0.0, "counter_circuit_potter0_20": 1.0}
[pair_D] {"steps": 1572864, "elapsed_s": 1275.1, "coordination_ring_sparse20": 0.0, "coordination_ring_potter0_20": 0.0, "counter_circuit_sparse20": 0.0, "counter_circuit_potter0_20": 1.0}
[pair_D] {"steps": 1574912, "elapsed_s": 1276.6, "coordination_ring_sparse20": 0.0, "coordination_ring_potter0_20": 0.0, "counter_circuit_sparse20": 0.0, "counter_circuit_potter0_20": 1.0}
[pair_D] {"steps": 1576960, "elapsed_s": 1278.1, "coordination_ring_sparse20": 0.0, "coordination_ring_potter0_20": 0.0, "counter_circuit_sparse20": 0.0, "counter_circuit_potter0_20": 1.0}
[pair_D] {"steps": 1579008, "elapsed_s": 1279.7, "coordination_ring_sparse20": 0.0, "coordination_ring_potter0_20": 0.0, "counter_circuit_sparse20": 0.0, "counter_circuit_potter0_20": 1.0}
[pair_D] {"steps": 1581056, "elapsed_s": 1281.1, "coordination_ring_sparse20": 0.0, "coordination_ring_potter0_20": 0.0, "counter_circuit_sparse20": 0.0, "counter_circuit_potter0_20": 1.0}
[pair_D] {"steps": 1583104, "elapsed_s": 1282.6, "coordination_ring_sparse20": 0.0, "coordination_ring_potter0_20": 0.0, "counter_circuit_sparse20": 0.0, "counter_circuit_potter0_20": 1.0}
[pair_D] {"steps": 1585152, "elapsed_s": 1284.1, "coordination_ring_sparse20": 0.0, "coordination_ring_potter0_20": 0.0, "counter_circuit_sparse20": 0.0, "counter_circuit_potter0_20": 1.0}
[pair_D] {"steps": 1587200, "elapsed_s": 1285.7, "coordination_ring_sparse20": 0.0, "coordination_ring_potter0_20": 0.0, "counter_circuit_sparse20": 0.0, "counter_circuit_potter0_20": 1.0}
[pair_D] {"steps": 1589248, "elapsed_s": 1287.4, "coordination_ring_sparse20": 0.0, "coordination_ring_potter0_20": 0.05, "counter_circuit_sparse20": 0.0, "counter_circuit_potter0_20": 1.0}
[pair_D] {"steps": 1591296, "elapsed_s": 1289.0, "coordination_ring_sparse20": 0.0, "coordination_ring_potter0_20": 0.05, "counter_circuit_sparse20": 0.0, "counter_circuit_potter0_20": 1.0}
[pair_D] {"steps": 1593344, "elapsed_s": 1290.6, "coordination_ring_sparse20": 0.0, "coordination_ring_potter0_20": 0.05, "counter_circuit_sparse20": 0.0, "counter_circuit_potter0_20": 1.0}
[pair_D] {"steps": 1595392, "elapsed_s": 1292.2, "coordination_ring_sparse20": 0.0, "coordination_ring_potter0_20": 0.05, "counter_circuit_sparse20": 0.0, "counter_circuit_potter0_20": 1.0}
[pair_D] {"steps": 1597440, "elapsed_s": 1293.7, "coordination_ring_sparse20": 0.0, "coordination_ring_potter0_20": 0.05, "counter_circuit_sparse20": 0.0, "counter_circuit_potter0_20": 1.0}
[pair_D] {"steps": 1599488, "elapsed_s": 1295.3, "coordination_ring_sparse20": 0.0, "coordination_ring_potter0_20": 0.05, "counter_circuit_sparse20": 0.0, "counter_circuit_potter0_20": 1.0}
[pair_D] {"steps": 1601536, "elapsed_s": 1296.8, "coordination_ring_sparse20": 0.0, "coordination_ring_potter0_20": 0.05, "counter_circuit_sparse20": 0.0, "counter_circuit_potter0_20": 1.0}
[pair_D] {"steps": 1603584, "elapsed_s": 1298.3, "coordination_ring_sparse20": 0.0, "coordination_ring_potter0_20": 0.05, "counter_circuit_sparse20": 0.0, "counter_circuit_potter0_20": 1.0}
[pair_D] {"steps": 1605632, "elapsed_s": 1299.8, "coordination_ring_sparse20": 0.0, "coordination_ring_potter0_20": 0.0, "counter_circuit_sparse20": 0.0, "counter_circuit_potter0_20": 1.0}
[pair_D] {"steps": 1607680, "elapsed_s": 1301.3, "coordination_ring_sparse20": 0.0, "coordination_ring_potter0_20": 0.05, "counter_circuit_sparse20": 0.0, "counter_circuit_potter0_20": 1.0}
[pair_D] {"steps": 1609728, "elapsed_s": 1302.9, "coordination_ring_sparse20": 0.0, "coordination_ring_potter0_20": 0.05, "counter_circuit_sparse20": 0.0, "counter_circuit_potter0_20": 1.0}
[pair_D] {"steps": 1611776, "elapsed_s": 1304.4, "coordination_ring_sparse20": 0.0, "coordination_ring_potter0_20": 0.05, "counter_circuit_sparse20": 0.0, "counter_circuit_potter0_20": 1.0}
[pair_D] {"steps": 1613824, "elapsed_s": 1305.8, "coordination_ring_sparse20": 0.0, "coordination_ring_potter0_20": 0.05, "counter_circuit_sparse20": 0.0, "counter_circuit_potter0_20": 1.0}
[pair_D] {"steps": 1615872, "elapsed_s": 1307.3, "coordination_ring_sparse20": 0.0, "coordination_ring_potter0_20": 0.05, "counter_circuit_sparse20": 0.0, "counter_circuit_potter0_20": 1.0}
[pair_D] {"steps": 1617920, "elapsed_s": 1308.8, "coordination_ring_sparse20": 0.0, "coordination_ring_potter0_20": 0.05, "counter_circuit_sparse20": 0.0, "counter_circuit_potter0_20": 1.0}
[pair_D] {"steps": 1619968, "elapsed_s": 1310.3, "coordination_ring_sparse20": 0.0, "coordination_ring_potter0_20": 0.1, "counter_circuit_sparse20": 0.0, "counter_circuit_potter0_20": 1.0}
[pair_D] {"steps": 1622016, "elapsed_s": 1311.8, "coordination_ring_sparse20": 0.0, "coordination_ring_potter0_20": 0.1, "counter_circuit_sparse20": 0.0, "counter_circuit_potter0_20": 1.0}
[pair_D] {"steps": 1624064, "elapsed_s": 1313.5, "coordination_ring_sparse20": 0.0, "coordination_ring_potter0_20": 0.1, "counter_circuit_sparse20": 0.0, "counter_circuit_potter0_20": 1.0}
[pair_D] {"steps": 1626112, "elapsed_s": 1314.9, "coordination_ring_sparse20": 0.0, "coordination_ring_potter0_20": 0.05, "counter_circuit_sparse20": 0.0, "counter_circuit_potter0_20": 1.0}
[pair_D] {"steps": 1628160, "elapsed_s": 1316.4, "coordination_ring_sparse20": 0.0, "coordination_ring_potter0_20": 0.05, "counter_circuit_sparse20": 0.0, "counter_circuit_potter0_20": 1.0}
[pair_D] {"steps": 1630208, "elapsed_s": 1317.9, "coordination_ring_sparse20": 0.0, "coordination_ring_potter0_20": 0.05, "counter_circuit_sparse20": 0.0, "counter_circuit_potter0_20": 1.0}
[pair_D] {"steps": 1632256, "elapsed_s": 1319.5, "coordination_ring_sparse20": 0.0, "coordination_ring_potter0_20": 0.1, "counter_circuit_sparse20": 0.0, "counter_circuit_potter0_20": 1.0}
[pair_D] {"steps": 1634304, "elapsed_s": 1321.1, "coordination_ring_sparse20": 0.0, "coordination_ring_potter0_20": 0.1, "counter_circuit_sparse20": 0.0, "counter_circuit_potter0_20": 1.0}
[pair_D] {"steps": 1636352, "elapsed_s": 1322.7, "coordination_ring_sparse20": 0.0, "coordination_ring_potter0_20": 0.1, "counter_circuit_sparse20": 0.0, "counter_circuit_potter0_20": 1.0}
[pair_D] {"steps": 1638400, "elapsed_s": 1324.4, "coordination_ring_sparse20": 0.0, "coordination_ring_potter0_20": 0.05, "counter_circuit_sparse20": 0.0, "counter_circuit_potter0_20": 1.0}
[pair_D] {"steps": 1640448, "elapsed_s": 1325.9, "coordination_ring_sparse20": 0.0, "coordination_ring_potter0_20": 0.05, "counter_circuit_sparse20": 0.0, "counter_circuit_potter0_20": 1.0}
[pair_D] {"steps": 1642496, "elapsed_s": 1327.3, "coordination_ring_sparse20": 0.0, "coordination_ring_potter0_20": 0.05, "counter_circuit_sparse20": 0.0, "counter_circuit_potter0_20": 1.0}
[pair_D] {"steps": 1644544, "elapsed_s": 1328.7, "coordination_ring_sparse20": 0.0, "coordination_ring_potter0_20": 0.05, "counter_circuit_sparse20": 0.0, "counter_circuit_potter0_20": 1.0}
[pair_D] {"steps": 1646592, "elapsed_s": 1330.1, "coordination_ring_sparse20": 0.0, "coordination_ring_potter0_20": 0.0, "counter_circuit_sparse20": 0.0, "counter_circuit_potter0_20": 1.0}
[pair_D] {"steps": 1648640, "elapsed_s": 1331.6, "coordination_ring_sparse20": 0.0, "coordination_ring_potter0_20": 0.0, "counter_circuit_sparse20": 0.0, "counter_circuit_potter0_20": 1.0}
[pair_D] {"steps": 1650688, "elapsed_s": 1333.2, "coordination_ring_sparse20": 0.0, "coordination_ring_potter0_20": 0.0, "counter_circuit_sparse20": 0.0, "counter_circuit_potter0_20": 1.0}
[pair_D] {"steps": 1652736, "elapsed_s": 1334.6, "coordination_ring_sparse20": 0.0, "coordination_ring_potter0_20": 0.0, "counter_circuit_sparse20": 0.0, "counter_circuit_potter0_20": 1.0}
[pair_D] {"steps": 1654784, "elapsed_s": 1336.1, "coordination_ring_sparse20": 0.0, "coordination_ring_potter0_20": 0.0, "counter_circuit_sparse20": 0.0, "counter_circuit_potter0_20": 1.0}
[pair_D] {"steps": 1656832, "elapsed_s": 1337.6, "coordination_ring_sparse20": 0.0, "coordination_ring_potter0_20": 0.0, "counter_circuit_sparse20": 0.0, "counter_circuit_potter0_20": 1.0}
[pair_D] {"steps": 1658880, "elapsed_s": 1339.3, "coordination_ring_sparse20": 0.0, "coordination_ring_potter0_20": 0.0, "counter_circuit_sparse20": 0.0, "counter_circuit_potter0_20": 1.0}
[pair_D] {"steps": 1660928, "elapsed_s": 1340.9, "coordination_ring_sparse20": 0.0, "coordination_ring_potter0_20": 0.0, "counter_circuit_sparse20": 0.0, "counter_circuit_potter0_20": 1.0}
[pair_D] {"steps": 1662976, "elapsed_s": 1342.4, "coordination_ring_sparse20": 0.0, "coordination_ring_potter0_20": 0.0, "counter_circuit_sparse20": 0.0, "counter_circuit_potter0_20": 1.0}
[pair_D] {"steps": 1665024, "elapsed_s": 1344.0, "coordination_ring_sparse20": 0.0, "coordination_ring_potter0_20": 0.0, "counter_circuit_sparse20": 0.0, "counter_circuit_potter0_20": 1.0}
[pair_D] {"steps": 1667072, "elapsed_s": 1345.5, "coordination_ring_sparse20": 0.0, "coordination_ring_potter0_20": 0.0, "counter_circuit_sparse20": 0.0, "counter_circuit_potter0_20": 1.0}
[pair_D] {"steps": 1669120, "elapsed_s": 1347.2, "coordination_ring_sparse20": 0.0, "coordination_ring_potter0_20": 0.0, "counter_circuit_sparse20": 0.0, "counter_circuit_potter0_20": 1.0}
[pair_D] {"steps": 1671168, "elapsed_s": 1348.6, "coordination_ring_sparse20": 0.0, "coordination_ring_potter0_20": 0.05, "counter_circuit_sparse20": 0.0, "counter_circuit_potter0_20": 1.0}
[pair_D] {"steps": 1673216, "elapsed_s": 1350.2, "coordination_ring_sparse20": 0.0, "coordination_ring_potter0_20": 0.1, "counter_circuit_sparse20": 0.0, "counter_circuit_potter0_20": 1.0}
[pair_D] {"steps": 1675264, "elapsed_s": 1351.8, "coordination_ring_sparse20": 0.0, "coordination_ring_potter0_20": 0.1, "counter_circuit_sparse20": 0.0, "counter_circuit_potter0_20": 1.0}
[pair_D] {"steps": 1677312, "elapsed_s": 1353.4, "coordination_ring_sparse20": 0.0, "coordination_ring_potter0_20": 0.1, "counter_circuit_sparse20": 0.0, "counter_circuit_potter0_20": 1.0}
[pair_D] {"steps": 1679360, "elapsed_s": 1354.9, "coordination_ring_sparse20": 0.0, "coordination_ring_potter0_20": 0.1, "counter_circuit_sparse20": 0.0, "counter_circuit_potter0_20": 1.0}
[pair_D] {"steps": 1681408, "elapsed_s": 1356.5, "coordination_ring_sparse20": 0.0, "coordination_ring_potter0_20": 0.1, "counter_circuit_sparse20": 0.0, "counter_circuit_potter0_20": 1.0}
[pair_D] {"steps": 1683456, "elapsed_s": 1358.0, "coordination_ring_sparse20": 0.0, "coordination_ring_potter0_20": 0.1, "counter_circuit_sparse20": 0.0, "counter_circuit_potter0_20": 1.0}
[pair_D] {"steps": 1685504, "elapsed_s": 1359.5, "coordination_ring_sparse20": 0.0, "coordination_ring_potter0_20": 0.0, "counter_circuit_sparse20": 0.0, "counter_circuit_potter0_20": 1.0}
[pair_D] {"steps": 1687552, "elapsed_s": 1361.0, "coordination_ring_sparse20": 0.0, "coordination_ring_potter0_20": 0.0, "counter_circuit_sparse20": 0.0, "counter_circuit_potter0_20": 1.0}
[pair_D] {"steps": 1689600, "elapsed_s": 1362.5, "coordination_ring_sparse20": 0.0, "coordination_ring_potter0_20": 0.0, "counter_circuit_sparse20": 0.0, "counter_circuit_potter0_20": 1.0}
[pair_D] {"steps": 1691648, "elapsed_s": 1364.1, "coordination_ring_sparse20": 0.0, "coordination_ring_potter0_20": 0.0, "counter_circuit_sparse20": 0.0, "counter_circuit_potter0_20": 1.0}
[pair_D] {"steps": 1693696, "elapsed_s": 1365.8, "coordination_ring_sparse20": 0.0, "coordination_ring_potter0_20": 0.0, "counter_circuit_sparse20": 0.0, "counter_circuit_potter0_20": 1.0}
[pair_D] {"steps": 1695744, "elapsed_s": 1367.4, "coordination_ring_sparse20": 0.0, "coordination_ring_potter0_20": 0.0, "counter_circuit_sparse20": 0.0, "counter_circuit_potter0_20": 1.0}
[pair_D] {"steps": 1697792, "elapsed_s": 1369.1, "coordination_ring_sparse20": 0.0, "coordination_ring_potter0_20": 0.0, "counter_circuit_sparse20": 0.0, "counter_circuit_potter0_20": 1.0}
[pair_D] {"steps": 1699840, "elapsed_s": 1370.6, "coordination_ring_sparse20": 0.0, "coordination_ring_potter0_20": 0.0, "counter_circuit_sparse20": 0.0, "counter_circuit_potter0_20": 1.0}
[pair_D] {"steps": 1701888, "elapsed_s": 1372.1, "coordination_ring_sparse20": 0.0, "coordination_ring_potter0_20": 0.0, "counter_circuit_sparse20": 0.0, "counter_circuit_potter0_20": 1.0}
[pair_D] {"steps": 1703936, "elapsed_s": 1373.6, "coordination_ring_sparse20": 0.0, "coordination_ring_potter0_20": 0.0, "counter_circuit_sparse20": 0.0, "counter_circuit_potter0_20": 1.0}
[pair_D] {"steps": 1705984, "elapsed_s": 1375.1, "coordination_ring_sparse20": 0.0, "coordination_ring_potter0_20": 0.0, "counter_circuit_sparse20": 0.0, "counter_circuit_potter0_20": 1.0}
[pair_D] {"steps": 1708032, "elapsed_s": 1376.7, "coordination_ring_sparse20": 0.0, "coordination_ring_potter0_20": 0.0, "counter_circuit_sparse20": 0.0, "counter_circuit_potter0_20": 1.0}
[pair_D] {"steps": 1710080, "elapsed_s": 1378.3, "coordination_ring_sparse20": 0.0, "coordination_ring_potter0_20": 0.0, "counter_circuit_sparse20": 0.0, "counter_circuit_potter0_20": 1.0}
[pair_D] {"steps": 1712128, "elapsed_s": 1379.9, "coordination_ring_sparse20": 0.0, "coordination_ring_potter0_20": 0.0, "counter_circuit_sparse20": 0.0, "counter_circuit_potter0_20": 1.0}
[pair_D] {"steps": 1714176, "elapsed_s": 1381.5, "coordination_ring_sparse20": 0.0, "coordination_ring_potter0_20": 0.0, "counter_circuit_sparse20": 0.0, "counter_circuit_potter0_20": 1.0}
[pair_D] {"steps": 1716224, "elapsed_s": 1383.1, "coordination_ring_sparse20": 0.0, "coordination_ring_potter0_20": 0.0, "counter_circuit_sparse20": 0.0, "counter_circuit_potter0_20": 1.0}
[pair_D] {"steps": 1718272, "elapsed_s": 1384.7, "coordination_ring_sparse20": 0.0, "coordination_ring_potter0_20": 0.0, "counter_circuit_sparse20": 0.0, "counter_circuit_potter0_20": 1.0}
[pair_D] {"steps": 1720320, "elapsed_s": 1386.4, "coordination_ring_sparse20": 0.0, "coordination_ring_potter0_20": 0.0, "counter_circuit_sparse20": 0.0, "counter_circuit_potter0_20": 1.0}
[pair_D] {"steps": 1722368, "elapsed_s": 1388.0, "coordination_ring_sparse20": 0.0, "coordination_ring_potter0_20": 0.0, "counter_circuit_sparse20": 0.0, "counter_circuit_potter0_20": 1.0}
[pair_D] {"steps": 1724416, "elapsed_s": 1389.7, "coordination_ring_sparse20": 0.0, "coordination_ring_potter0_20": 0.0, "counter_circuit_sparse20": 0.0, "counter_circuit_potter0_20": 1.0}
[pair_D] {"steps": 1726464, "elapsed_s": 1391.3, "coordination_ring_sparse20": 0.0, "coordination_ring_potter0_20": 0.0, "counter_circuit_sparse20": 0.0, "counter_circuit_potter0_20": 1.0}
[pair_D] {"steps": 1728512, "elapsed_s": 1392.9, "coordination_ring_sparse20": 0.0, "coordination_ring_potter0_20": 0.0, "counter_circuit_sparse20": 0.0, "counter_circuit_potter0_20": 1.0}
[pair_D] {"steps": 1730560, "elapsed_s": 1394.4, "coordination_ring_sparse20": 0.0, "coordination_ring_potter0_20": 0.0, "counter_circuit_sparse20": 0.0, "counter_circuit_potter0_20": 1.0}
[pair_D] {"steps": 1732608, "elapsed_s": 1395.9, "coordination_ring_sparse20": 0.0, "coordination_ring_potter0_20": 0.0, "counter_circuit_sparse20": 0.0, "counter_circuit_potter0_20": 1.0}
[pair_D] {"steps": 1734656, "elapsed_s": 1397.4, "coordination_ring_sparse20": 0.0, "coordination_ring_potter0_20": 0.0, "counter_circuit_sparse20": 0.0, "counter_circuit_potter0_20": 1.0}
[pair_D] {"steps": 1736704, "elapsed_s": 1398.8, "coordination_ring_sparse20": 0.0, "coordination_ring_potter0_20": 0.0, "counter_circuit_sparse20": 0.0, "counter_circuit_potter0_20": 1.0}
[pair_D] {"steps": 1738752, "elapsed_s": 1400.3, "coordination_ring_sparse20": 0.0, "coordination_ring_potter0_20": 0.05, "counter_circuit_sparse20": 0.0, "counter_circuit_potter0_20": 1.0}
[pair_D] {"steps": 1740800, "elapsed_s": 1401.8, "coordination_ring_sparse20": 0.0, "coordination_ring_potter0_20": 0.05, "counter_circuit_sparse20": 0.0, "counter_circuit_potter0_20": 1.0}
[pair_D] {"steps": 1742848, "elapsed_s": 1403.2, "coordination_ring_sparse20": 0.0, "coordination_ring_potter0_20": 0.05, "counter_circuit_sparse20": 0.0, "counter_circuit_potter0_20": 1.0}
[pair_D] {"steps": 1744896, "elapsed_s": 1404.7, "coordination_ring_sparse20": 0.0, "coordination_ring_potter0_20": 0.05, "counter_circuit_sparse20": 0.0, "counter_circuit_potter0_20": 1.0}
[pair_D] {"steps": 1746944, "elapsed_s": 1406.5, "coordination_ring_sparse20": 0.0, "coordination_ring_potter0_20": 0.05, "counter_circuit_sparse20": 0.0, "counter_circuit_potter0_20": 1.0}
[pair_D] {"steps": 1748992, "elapsed_s": 1408.0, "coordination_ring_sparse20": 0.0, "coordination_ring_potter0_20": 0.05, "counter_circuit_sparse20": 0.0, "counter_circuit_potter0_20": 1.0}
[pair_D] {"steps": 1751040, "elapsed_s": 1409.5, "coordination_ring_sparse20": 0.0, "coordination_ring_potter0_20": 0.0, "counter_circuit_sparse20": 0.0, "counter_circuit_potter0_20": 1.0}
[pair_D] {"steps": 1753088, "elapsed_s": 1411.1, "coordination_ring_sparse20": 0.0, "coordination_ring_potter0_20": 0.0, "counter_circuit_sparse20": 0.0, "counter_circuit_potter0_20": 1.0}
[pair_D] {"steps": 1755136, "elapsed_s": 1412.6, "coordination_ring_sparse20": 0.0, "coordination_ring_potter0_20": 0.0, "counter_circuit_sparse20": 0.0, "counter_circuit_potter0_20": 1.0}
[pair_D] {"steps": 1757184, "elapsed_s": 1414.1, "coordination_ring_sparse20": 0.0, "coordination_ring_potter0_20": 0.0, "counter_circuit_sparse20": 0.0, "counter_circuit_potter0_20": 1.0}
[pair_D] {"steps": 1759232, "elapsed_s": 1415.5, "coordination_ring_sparse20": 0.0, "coordination_ring_potter0_20": 0.0, "counter_circuit_sparse20": 0.0, "counter_circuit_potter0_20": 1.0}
[pair_D] {"steps": 1761280, "elapsed_s": 1417.0, "coordination_ring_sparse20": 0.0, "coordination_ring_potter0_20": 0.0, "counter_circuit_sparse20": 0.0, "counter_circuit_potter0_20": 1.0}
[pair_D] {"steps": 1763328, "elapsed_s": 1418.5, "coordination_ring_sparse20": 0.0, "coordination_ring_potter0_20": 0.0, "counter_circuit_sparse20": 0.0, "counter_circuit_potter0_20": 1.0}
[pair_D] {"steps": 1765376, "elapsed_s": 1420.2, "coordination_ring_sparse20": 0.0, "coordination_ring_potter0_20": 0.0, "counter_circuit_sparse20": 0.0, "counter_circuit_potter0_20": 1.0}
[pair_D] {"steps": 1767424, "elapsed_s": 1421.7, "coordination_ring_sparse20": 0.0, "coordination_ring_potter0_20": 0.0, "counter_circuit_sparse20": 0.0, "counter_circuit_potter0_20": 1.0}
[pair_D] {"steps": 1769472, "elapsed_s": 1423.1, "coordination_ring_sparse20": 0.0, "coordination_ring_potter0_20": 0.0, "counter_circuit_sparse20": 0.0, "counter_circuit_potter0_20": 1.0}
[pair_D] {"steps": 1771520, "elapsed_s": 1424.7, "coordination_ring_sparse20": 0.0, "coordination_ring_potter0_20": 0.0, "counter_circuit_sparse20": 0.0, "counter_circuit_potter0_20": 1.0}
[pair_D] {"steps": 1773568, "elapsed_s": 1426.2, "coordination_ring_sparse20": 0.0, "coordination_ring_potter0_20": 0.0, "counter_circuit_sparse20": 0.0, "counter_circuit_potter0_20": 1.0}
[pair_D] {"steps": 1775616, "elapsed_s": 1427.7, "coordination_ring_sparse20": 0.0, "coordination_ring_potter0_20": 0.0, "counter_circuit_sparse20": 0.0, "counter_circuit_potter0_20": 1.0}
[pair_D] {"steps": 1777664, "elapsed_s": 1429.2, "coordination_ring_sparse20": 0.0, "coordination_ring_potter0_20": 0.0, "counter_circuit_sparse20": 0.0, "counter_circuit_potter0_20": 1.0}
[pair_D] {"steps": 1779712, "elapsed_s": 1430.7, "coordination_ring_sparse20": 0.0, "coordination_ring_potter0_20": 0.0, "counter_circuit_sparse20": 0.0, "counter_circuit_potter0_20": 1.0}
[pair_D] {"steps": 1781760, "elapsed_s": 1432.1, "coordination_ring_sparse20": 0.0, "coordination_ring_potter0_20": 0.0, "counter_circuit_sparse20": 0.0, "counter_circuit_potter0_20": 1.0}
[pair_D] {"steps": 1783808, "elapsed_s": 1433.5, "coordination_ring_sparse20": 0.0, "coordination_ring_potter0_20": 0.0, "counter_circuit_sparse20": 0.0, "counter_circuit_potter0_20": 1.0}
[pair_D] {"steps": 1785856, "elapsed_s": 1435.1, "coordination_ring_sparse20": 0.0, "coordination_ring_potter0_20": 0.0, "counter_circuit_sparse20": 0.0, "counter_circuit_potter0_20": 1.0}
[pair_D] {"steps": 1787904, "elapsed_s": 1436.7, "coordination_ring_sparse20": 0.0, "coordination_ring_potter0_20": 0.0, "counter_circuit_sparse20": 0.0, "counter_circuit_potter0_20": 1.0}
[pair_D] {"steps": 1789952, "elapsed_s": 1438.2, "coordination_ring_sparse20": 0.0, "coordination_ring_potter0_20": 0.0, "counter_circuit_sparse20": 0.0, "counter_circuit_potter0_20": 1.0}
[pair_D] {"steps": 1792000, "elapsed_s": 1439.7, "coordination_ring_sparse20": 0.0, "coordination_ring_potter0_20": 0.0, "counter_circuit_sparse20": 0.0, "counter_circuit_potter0_20": 1.0}
[pair_D] {"steps": 1794048, "elapsed_s": 1441.2, "coordination_ring_sparse20": 0.0, "coordination_ring_potter0_20": 0.0, "counter_circuit_sparse20": 0.0, "counter_circuit_potter0_20": 1.0}
[pair_D] {"steps": 1796096, "elapsed_s": 1442.7, "coordination_ring_sparse20": 0.0, "coordination_ring_potter0_20": 0.0, "counter_circuit_sparse20": 0.0, "counter_circuit_potter0_20": 1.0}
[pair_D] {"steps": 1798144, "elapsed_s": 1444.3, "coordination_ring_sparse20": 0.0, "coordination_ring_potter0_20": 0.0, "counter_circuit_sparse20": 0.0, "counter_circuit_potter0_20": 1.0}
[pair_D] {"steps": 1800192, "elapsed_s": 1445.9, "coordination_ring_sparse20": 0.0, "coordination_ring_potter0_20": 0.0, "counter_circuit_sparse20": 0.0, "counter_circuit_potter0_20": 1.0}
[pair_D] {"steps": 1802240, "elapsed_s": 1447.6, "coordination_ring_sparse20": 0.0, "coordination_ring_potter0_20": 0.0, "counter_circuit_sparse20": 0.0, "counter_circuit_potter0_20": 1.0}
[pair_D] {"steps": 1804288, "elapsed_s": 1449.1, "coordination_ring_sparse20": 0.0, "coordination_ring_potter0_20": 0.0, "counter_circuit_sparse20": 0.0, "counter_circuit_potter0_20": 1.0}
[pair_D] {"steps": 1806336, "elapsed_s": 1450.5, "coordination_ring_sparse20": 0.0, "coordination_ring_potter0_20": 0.05, "counter_circuit_sparse20": 0.0, "counter_circuit_potter0_20": 1.0}
[pair_D] {"steps": 1808384, "elapsed_s": 1452.2, "coordination_ring_sparse20": 0.0, "coordination_ring_potter0_20": 0.05, "counter_circuit_sparse20": 0.0, "counter_circuit_potter0_20": 1.0}
[pair_D] {"steps": 1810432, "elapsed_s": 1453.6, "coordination_ring_sparse20": 0.0, "coordination_ring_potter0_20": 0.1, "counter_circuit_sparse20": 0.0, "counter_circuit_potter0_20": 1.0}
[pair_D] {"steps": 1812480, "elapsed_s": 1455.1, "coordination_ring_sparse20": 0.0, "coordination_ring_potter0_20": 0.1, "counter_circuit_sparse20": 0.0, "counter_circuit_potter0_20": 1.0}
[pair_D] {"steps": 1814528, "elapsed_s": 1456.5, "coordination_ring_sparse20": 0.0, "coordination_ring_potter0_20": 0.1, "counter_circuit_sparse20": 0.0, "counter_circuit_potter0_20": 1.0}
[pair_D] {"steps": 1816576, "elapsed_s": 1458.0, "coordination_ring_sparse20": 0.0, "coordination_ring_potter0_20": 0.1, "counter_circuit_sparse20": 0.0, "counter_circuit_potter0_20": 1.0}
[pair_D] {"steps": 1818624, "elapsed_s": 1459.4, "coordination_ring_sparse20": 0.0, "coordination_ring_potter0_20": 0.05, "counter_circuit_sparse20": 0.0, "counter_circuit_potter0_20": 1.0}
[pair_D] {"steps": 1820672, "elapsed_s": 1460.9, "coordination_ring_sparse20": 0.0, "coordination_ring_potter0_20": 0.05, "counter_circuit_sparse20": 0.0, "counter_circuit_potter0_20": 1.0}
[pair_D] {"steps": 1822720, "elapsed_s": 1462.3, "coordination_ring_sparse20": 0.0, "coordination_ring_potter0_20": 0.0, "counter_circuit_sparse20": 0.0, "counter_circuit_potter0_20": 1.0}
[pair_D] {"steps": 1824768, "elapsed_s": 1463.8, "coordination_ring_sparse20": 0.0, "coordination_ring_potter0_20": 0.0, "counter_circuit_sparse20": 0.0, "counter_circuit_potter0_20": 1.0}
[pair_D] {"steps": 1826816, "elapsed_s": 1465.3, "coordination_ring_sparse20": 0.0, "coordination_ring_potter0_20": 0.0, "counter_circuit_sparse20": 0.0, "counter_circuit_potter0_20": 1.0}
[pair_D] {"steps": 1828864, "elapsed_s": 1466.9, "coordination_ring_sparse20": 0.0, "coordination_ring_potter0_20": 0.0, "counter_circuit_sparse20": 0.0, "counter_circuit_potter0_20": 1.0}
[pair_D] {"steps": 1830912, "elapsed_s": 1468.5, "coordination_ring_sparse20": 0.0, "coordination_ring_potter0_20": 0.0, "counter_circuit_sparse20": 0.0, "counter_circuit_potter0_20": 1.0}
[pair_D] {"steps": 1832960, "elapsed_s": 1470.0, "coordination_ring_sparse20": 0.0, "coordination_ring_potter0_20": 0.0, "counter_circuit_sparse20": 0.0, "counter_circuit_potter0_20": 1.0}
[pair_D] {"steps": 1835008, "elapsed_s": 1471.5, "coordination_ring_sparse20": 0.0, "coordination_ring_potter0_20": 0.0, "counter_circuit_sparse20": 0.0, "counter_circuit_potter0_20": 1.0}
[pair_D] {"steps": 1837056, "elapsed_s": 1473.2, "coordination_ring_sparse20": 0.0, "coordination_ring_potter0_20": 0.0, "counter_circuit_sparse20": 0.0, "counter_circuit_potter0_20": 1.0}
[pair_D] {"steps": 1839104, "elapsed_s": 1474.5, "coordination_ring_sparse20": 0.0, "coordination_ring_potter0_20": 0.0, "counter_circuit_sparse20": 0.0, "counter_circuit_potter0_20": 1.0}
[pair_D] {"steps": 1841152, "elapsed_s": 1475.9, "coordination_ring_sparse20": 0.0, "coordination_ring_potter0_20": 0.0, "counter_circuit_sparse20": 0.0, "counter_circuit_potter0_20": 1.0}
[pair_D] {"steps": 1843200, "elapsed_s": 1477.5, "coordination_ring_sparse20": 0.0, "coordination_ring_potter0_20": 0.0, "counter_circuit_sparse20": 0.0, "counter_circuit_potter0_20": 1.0}
[pair_D] {"steps": 1845248, "elapsed_s": 1478.9, "coordination_ring_sparse20": 0.0, "coordination_ring_potter0_20": 0.0, "counter_circuit_sparse20": 0.0, "counter_circuit_potter0_20": 1.0}
[pair_D] {"steps": 1847296, "elapsed_s": 1480.3, "coordination_ring_sparse20": 0.0, "coordination_ring_potter0_20": 0.0, "counter_circuit_sparse20": 0.0, "counter_circuit_potter0_20": 1.0}
[pair_D] {"steps": 1849344, "elapsed_s": 1481.8, "coordination_ring_sparse20": 0.0, "coordination_ring_potter0_20": 0.0, "counter_circuit_sparse20": 0.0, "counter_circuit_potter0_20": 1.0}
[pair_D] {"steps": 1851392, "elapsed_s": 1483.2, "coordination_ring_sparse20": 0.0, "coordination_ring_potter0_20": 0.0, "counter_circuit_sparse20": 0.0, "counter_circuit_potter0_20": 1.0}
[pair_D] {"steps": 1853440, "elapsed_s": 1484.6, "coordination_ring_sparse20": 0.0, "coordination_ring_potter0_20": 0.0, "counter_circuit_sparse20": 0.0, "counter_circuit_potter0_20": 1.0}
[pair_D] {"steps": 1855488, "elapsed_s": 1486.5, "coordination_ring_sparse20": 0.0, "coordination_ring_potter0_20": 0.05, "counter_circuit_sparse20": 0.0, "counter_circuit_potter0_20": 1.0}
[pair_D] {"steps": 1857536, "elapsed_s": 1488.1, "coordination_ring_sparse20": 0.0, "coordination_ring_potter0_20": 0.05, "counter_circuit_sparse20": 0.0, "counter_circuit_potter0_20": 1.0}
[pair_D] {"steps": 1859584, "elapsed_s": 1489.7, "coordination_ring_sparse20": 0.0, "coordination_ring_potter0_20": 0.05, "counter_circuit_sparse20": 0.0, "counter_circuit_potter0_20": 1.0}
[pair_D] {"steps": 1861632, "elapsed_s": 1491.2, "coordination_ring_sparse20": 0.0, "coordination_ring_potter0_20": 0.05, "counter_circuit_sparse20": 0.0, "counter_circuit_potter0_20": 1.0}
[pair_D] {"steps": 1863680, "elapsed_s": 1492.8, "coordination_ring_sparse20": 0.0, "coordination_ring_potter0_20": 0.05, "counter_circuit_sparse20": 0.0, "counter_circuit_potter0_20": 1.0}
[pair_D] {"steps": 1865728, "elapsed_s": 1494.2, "coordination_ring_sparse20": 0.0, "coordination_ring_potter0_20": 0.05, "counter_circuit_sparse20": 0.0, "counter_circuit_potter0_20": 1.0}
[pair_D] {"steps": 1867776, "elapsed_s": 1495.7, "coordination_ring_sparse20": 0.0, "coordination_ring_potter0_20": 0.05, "counter_circuit_sparse20": 0.0, "counter_circuit_potter0_20": 1.0}
[pair_D] {"steps": 1869824, "elapsed_s": 1497.2, "coordination_ring_sparse20": 0.0, "coordination_ring_potter0_20": 0.05, "counter_circuit_sparse20": 0.0, "counter_circuit_potter0_20": 0.95}
[pair_D] {"steps": 1871872, "elapsed_s": 1498.7, "coordination_ring_sparse20": 0.0, "coordination_ring_potter0_20": 0.05, "counter_circuit_sparse20": 0.0, "counter_circuit_potter0_20": 0.9}
[pair_D] {"steps": 1873920, "elapsed_s": 1500.3, "coordination_ring_sparse20": 0.0, "coordination_ring_potter0_20": 0.05, "counter_circuit_sparse20": 0.0, "counter_circuit_potter0_20": 0.9}
[pair_D] {"steps": 1875968, "elapsed_s": 1501.9, "coordination_ring_sparse20": 0.0, "coordination_ring_potter0_20": 0.0, "counter_circuit_sparse20": 0.0, "counter_circuit_potter0_20": 0.9}
[pair_D] {"steps": 1878016, "elapsed_s": 1503.3, "coordination_ring_sparse20": 0.0, "coordination_ring_potter0_20": 0.05, "counter_circuit_sparse20": 0.0, "counter_circuit_potter0_20": 0.9}
[pair_D] {"steps": 1880064, "elapsed_s": 1504.8, "coordination_ring_sparse20": 0.0, "coordination_ring_potter0_20": 0.05, "counter_circuit_sparse20": 0.0, "counter_circuit_potter0_20": 0.9}
[pair_D] {"steps": 1882112, "elapsed_s": 1506.8, "coordination_ring_sparse20": 0.0, "coordination_ring_potter0_20": 0.05, "counter_circuit_sparse20": 0.0, "counter_circuit_potter0_20": 0.9}
[pair_D] {"steps": 1884160, "elapsed_s": 1508.2, "coordination_ring_sparse20": 0.0, "coordination_ring_potter0_20": 0.05, "counter_circuit_sparse20": 0.0, "counter_circuit_potter0_20": 0.9}
[pair_D] {"steps": 1886208, "elapsed_s": 1509.7, "coordination_ring_sparse20": 0.0, "coordination_ring_potter0_20": 0.05, "counter_circuit_sparse20": 0.0, "counter_circuit_potter0_20": 0.95}
[pair_D] {"steps": 1888256, "elapsed_s": 1511.2, "coordination_ring_sparse20": 0.0, "coordination_ring_potter0_20": 0.05, "counter_circuit_sparse20": 0.0, "counter_circuit_potter0_20": 0.95}
[pair_D] {"steps": 1890304, "elapsed_s": 1512.7, "coordination_ring_sparse20": 0.0, "coordination_ring_potter0_20": 0.05, "counter_circuit_sparse20": 0.0, "counter_circuit_potter0_20": 0.95}
[pair_D] {"steps": 1892352, "elapsed_s": 1514.2, "coordination_ring_sparse20": 0.0, "coordination_ring_potter0_20": 0.05, "counter_circuit_sparse20": 0.0, "counter_circuit_potter0_20": 0.95}
[pair_D] {"steps": 1894400, "elapsed_s": 1515.7, "coordination_ring_sparse20": 0.0, "coordination_ring_potter0_20": 0.15, "counter_circuit_sparse20": 0.0, "counter_circuit_potter0_20": 0.95}
[pair_D] {"steps": 1896448, "elapsed_s": 1517.2, "coordination_ring_sparse20": 0.0, "coordination_ring_potter0_20": 0.1, "counter_circuit_sparse20": 0.0, "counter_circuit_potter0_20": 0.95}
[pair_D] {"steps": 1898496, "elapsed_s": 1518.7, "coordination_ring_sparse20": 0.0, "coordination_ring_potter0_20": 0.1, "counter_circuit_sparse20": 0.0, "counter_circuit_potter0_20": 0.95}
[pair_D] {"steps": 1900544, "elapsed_s": 1520.2, "coordination_ring_sparse20": 0.0, "coordination_ring_potter0_20": 0.15, "counter_circuit_sparse20": 0.0, "counter_circuit_potter0_20": 1.0}
[pair_D] {"steps": 1902592, "elapsed_s": 1521.6, "coordination_ring_sparse20": 0.0, "coordination_ring_potter0_20": 0.15, "counter_circuit_sparse20": 0.0, "counter_circuit_potter0_20": 1.0}
[pair_D] {"steps": 1904640, "elapsed_s": 1523.0, "coordination_ring_sparse20": 0.0, "coordination_ring_potter0_20": 0.15, "counter_circuit_sparse20": 0.0, "counter_circuit_potter0_20": 1.0}
[pair_D] {"steps": 1906688, "elapsed_s": 1524.6, "coordination_ring_sparse20": 0.0, "coordination_ring_potter0_20": 0.15, "counter_circuit_sparse20": 0.0, "counter_circuit_potter0_20": 1.0}
[pair_D] {"steps": 1908736, "elapsed_s": 1526.0, "coordination_ring_sparse20": 0.0, "coordination_ring_potter0_20": 0.15, "counter_circuit_sparse20": 0.0, "counter_circuit_potter0_20": 1.0}
[pair_D] {"steps": 1910784, "elapsed_s": 1527.5, "coordination_ring_sparse20": 0.0, "coordination_ring_potter0_20": 0.1, "counter_circuit_sparse20": 0.0, "counter_circuit_potter0_20": 1.0}
[pair_D] {"steps": 1912832, "elapsed_s": 1529.1, "coordination_ring_sparse20": 0.0, "coordination_ring_potter0_20": 0.05, "counter_circuit_sparse20": 0.0, "counter_circuit_potter0_20": 1.0}
[pair_D] {"steps": 1914880, "elapsed_s": 1530.5, "coordination_ring_sparse20": 0.0, "coordination_ring_potter0_20": 0.05, "counter_circuit_sparse20": 0.0, "counter_circuit_potter0_20": 1.0}
[pair_D] {"steps": 1916928, "elapsed_s": 1532.1, "coordination_ring_sparse20": 0.0, "coordination_ring_potter0_20": 0.0, "counter_circuit_sparse20": 0.0, "counter_circuit_potter0_20": 1.0}
[pair_D] {"steps": 1918976, "elapsed_s": 1533.5, "coordination_ring_sparse20": 0.0, "coordination_ring_potter0_20": 0.0, "counter_circuit_sparse20": 0.0, "counter_circuit_potter0_20": 1.0}
[pair_D] {"steps": 1921024, "elapsed_s": 1535.0, "coordination_ring_sparse20": 0.0, "coordination_ring_potter0_20": 0.0, "counter_circuit_sparse20": 0.0, "counter_circuit_potter0_20": 1.0}
[pair_D] {"steps": 1923072, "elapsed_s": 1536.5, "coordination_ring_sparse20": 0.0, "coordination_ring_potter0_20": 0.0, "counter_circuit_sparse20": 0.0, "counter_circuit_potter0_20": 1.0}
[pair_D] {"steps": 1925120, "elapsed_s": 1537.9, "coordination_ring_sparse20": 0.0, "coordination_ring_potter0_20": 0.0, "counter_circuit_sparse20": 0.0, "counter_circuit_potter0_20": 1.0}
[pair_D] {"steps": 1927168, "elapsed_s": 1539.4, "coordination_ring_sparse20": 0.0, "coordination_ring_potter0_20": 0.0, "counter_circuit_sparse20": 0.0, "counter_circuit_potter0_20": 1.0}
[pair_D] {"steps": 1929216, "elapsed_s": 1540.9, "coordination_ring_sparse20": 0.0, "coordination_ring_potter0_20": 0.0, "counter_circuit_sparse20": 0.0, "counter_circuit_potter0_20": 1.0}
[pair_D] {"steps": 1931264, "elapsed_s": 1542.5, "coordination_ring_sparse20": 0.0, "coordination_ring_potter0_20": 0.0, "counter_circuit_sparse20": 0.0, "counter_circuit_potter0_20": 1.0}
[pair_D] {"steps": 1933312, "elapsed_s": 1544.1, "coordination_ring_sparse20": 0.0, "coordination_ring_potter0_20": 0.0, "counter_circuit_sparse20": 0.0, "counter_circuit_potter0_20": 0.95}
[pair_D] {"steps": 1935360, "elapsed_s": 1545.7, "coordination_ring_sparse20": 0.0, "coordination_ring_potter0_20": 0.0, "counter_circuit_sparse20": 0.0, "counter_circuit_potter0_20": 0.85}
[pair_D] {"steps": 1937408, "elapsed_s": 1547.4, "coordination_ring_sparse20": 0.0, "coordination_ring_potter0_20": 0.0, "counter_circuit_sparse20": 0.0, "counter_circuit_potter0_20": 0.85}
[pair_D] {"steps": 1939456, "elapsed_s": 1548.9, "coordination_ring_sparse20": 0.0, "coordination_ring_potter0_20": 0.0, "counter_circuit_sparse20": 0.0, "counter_circuit_potter0_20": 0.85}
[pair_D] {"steps": 1941504, "elapsed_s": 1550.8, "coordination_ring_sparse20": 0.0, "coordination_ring_potter0_20": 0.0, "counter_circuit_sparse20": 0.0, "counter_circuit_potter0_20": 0.8}
[pair_D] {"steps": 1943552, "elapsed_s": 1552.3, "coordination_ring_sparse20": 0.0, "coordination_ring_potter0_20": 0.0, "counter_circuit_sparse20": 0.0, "counter_circuit_potter0_20": 0.75}
[pair_D] {"steps": 1945600, "elapsed_s": 1553.8, "coordination_ring_sparse20": 0.0, "coordination_ring_potter0_20": 0.0, "counter_circuit_sparse20": 0.0, "counter_circuit_potter0_20": 0.8}
[pair_D] {"steps": 1947648, "elapsed_s": 1555.3, "coordination_ring_sparse20": 0.0, "coordination_ring_potter0_20": 0.0, "counter_circuit_sparse20": 0.0, "counter_circuit_potter0_20": 0.8}
[pair_D] {"steps": 1949696, "elapsed_s": 1556.7, "coordination_ring_sparse20": 0.0, "coordination_ring_potter0_20": 0.0, "counter_circuit_sparse20": 0.0, "counter_circuit_potter0_20": 0.85}
[pair_D] {"steps": 1951744, "elapsed_s": 1558.2, "coordination_ring_sparse20": 0.0, "coordination_ring_potter0_20": 0.0, "counter_circuit_sparse20": 0.0, "counter_circuit_potter0_20": 0.85}
[pair_D] {"steps": 1953792, "elapsed_s": 1559.7, "coordination_ring_sparse20": 0.0, "coordination_ring_potter0_20": 0.0, "counter_circuit_sparse20": 0.0, "counter_circuit_potter0_20": 0.85}
[pair_D] {"steps": 1955840, "elapsed_s": 1561.3, "coordination_ring_sparse20": 0.0, "coordination_ring_potter0_20": 0.0, "counter_circuit_sparse20": 0.0, "counter_circuit_potter0_20": 0.85}
[pair_D] {"steps": 1957888, "elapsed_s": 1562.8, "coordination_ring_sparse20": 0.0, "coordination_ring_potter0_20": 0.0, "counter_circuit_sparse20": 0.0, "counter_circuit_potter0_20": 0.9}
[pair_D] {"steps": 1959936, "elapsed_s": 1564.2, "coordination_ring_sparse20": 0.0, "coordination_ring_potter0_20": 0.0, "counter_circuit_sparse20": 0.0, "counter_circuit_potter0_20": 0.9}
[pair_D] {"steps": 1961984, "elapsed_s": 1565.7, "coordination_ring_sparse20": 0.0, "coordination_ring_potter0_20": 0.0, "counter_circuit_sparse20": 0.0, "counter_circuit_potter0_20": 0.95}
[pair_D] {"steps": 1964032, "elapsed_s": 1567.2, "coordination_ring_sparse20": 0.0, "coordination_ring_potter0_20": 0.0, "counter_circuit_sparse20": 0.0, "counter_circuit_potter0_20": 0.9}
[pair_D] {"steps": 1966080, "elapsed_s": 1568.7, "coordination_ring_sparse20": 0.0, "coordination_ring_potter0_20": 0.0, "counter_circuit_sparse20": 0.0, "counter_circuit_potter0_20": 0.9}
[pair_D] {"steps": 1968128, "elapsed_s": 1570.1, "coordination_ring_sparse20": 0.0, "coordination_ring_potter0_20": 0.0, "counter_circuit_sparse20": 0.0, "counter_circuit_potter0_20": 0.95}
[pair_D] {"steps": 1970176, "elapsed_s": 1571.6, "coordination_ring_sparse20": 0.0, "coordination_ring_potter0_20": 0.0, "counter_circuit_sparse20": 0.0, "counter_circuit_potter0_20": 0.9}
[pair_D] {"steps": 1972224, "elapsed_s": 1572.9, "coordination_ring_sparse20": 0.0, "coordination_ring_potter0_20": 0.05, "counter_circuit_sparse20": 0.0, "counter_circuit_potter0_20": 0.9}
[pair_D] {"steps": 1974272, "elapsed_s": 1574.3, "coordination_ring_sparse20": 0.0, "coordination_ring_potter0_20": 0.1, "counter_circuit_sparse20": 0.0, "counter_circuit_potter0_20": 0.9}
[pair_D] {"steps": 1976320, "elapsed_s": 1575.8, "coordination_ring_sparse20": 0.0, "coordination_ring_potter0_20": 0.1, "counter_circuit_sparse20": 0.0, "counter_circuit_potter0_20": 0.9}
[pair_D] {"steps": 1978368, "elapsed_s": 1577.4, "coordination_ring_sparse20": 0.0, "coordination_ring_potter0_20": 0.1, "counter_circuit_sparse20": 0.0, "counter_circuit_potter0_20": 0.9}
[pair_D] {"steps": 1980416, "elapsed_s": 1578.9, "coordination_ring_sparse20": 0.0, "coordination_ring_potter0_20": 0.1, "counter_circuit_sparse20": 0.0, "counter_circuit_potter0_20": 0.9}
[pair_D] {"steps": 1982464, "elapsed_s": 1580.3, "coordination_ring_sparse20": 0.0, "coordination_ring_potter0_20": 0.05, "counter_circuit_sparse20": 0.0, "counter_circuit_potter0_20": 0.9}
[pair_D] {"steps": 1984512, "elapsed_s": 1581.7, "coordination_ring_sparse20": 0.0, "coordination_ring_potter0_20": 0.0, "counter_circuit_sparse20": 0.0, "counter_circuit_potter0_20": 0.85}
[pair_D] {"steps": 1986560, "elapsed_s": 1583.2, "coordination_ring_sparse20": 0.0, "coordination_ring_potter0_20": 0.0, "counter_circuit_sparse20": 0.0, "counter_circuit_potter0_20": 0.8}
[pair_D] {"steps": 1988608, "elapsed_s": 1584.7, "coordination_ring_sparse20": 0.0, "coordination_ring_potter0_20": 0.05, "counter_circuit_sparse20": 0.0, "counter_circuit_potter0_20": 0.8}
[pair_D] {"steps": 1990656, "elapsed_s": 1586.2, "coordination_ring_sparse20": 0.0, "coordination_ring_potter0_20": 0.05, "counter_circuit_sparse20": 0.0, "counter_circuit_potter0_20": 0.8}
[pair_D] {"steps": 1992704, "elapsed_s": 1587.7, "coordination_ring_sparse20": 0.0, "coordination_ring_potter0_20": 0.05, "counter_circuit_sparse20": 0.0, "counter_circuit_potter0_20": 0.75}
[pair_D] {"steps": 1994752, "elapsed_s": 1589.1, "coordination_ring_sparse20": 0.0, "coordination_ring_potter0_20": 0.1, "counter_circuit_sparse20": 0.0, "counter_circuit_potter0_20": 0.75}
[pair_D] {"steps": 1996800, "elapsed_s": 1590.7, "coordination_ring_sparse20": 0.0, "coordination_ring_potter0_20": 0.1, "counter_circuit_sparse20": 0.0, "counter_circuit_potter0_20": 0.65}
[pair_D] {"steps": 1998848, "elapsed_s": 1592.2, "coordination_ring_sparse20": 0.0, "coordination_ring_potter0_20": 0.1, "counter_circuit_sparse20": 0.0, "counter_circuit_potter0_20": 0.65}
[pair_D] {"steps": 2000896, "elapsed_s": 1593.6, "coordination_ring_sparse20": 0.0, "coordination_ring_potter0_20": 0.1, "counter_circuit_sparse20": 0.0, "counter_circuit_potter0_20": 0.65}
[pair_D] {"steps": 2002944, "elapsed_s": 1595.0, "coordination_ring_sparse20": 0.0, "coordination_ring_potter0_20": 0.1, "counter_circuit_sparse20": 0.0, "counter_circuit_potter0_20": 0.65}
[pair_D] {"steps": 2004992, "elapsed_s": 1596.4, "coordination_ring_sparse20": 0.0, "coordination_ring_potter0_20": 0.05, "counter_circuit_sparse20": 0.0, "counter_circuit_potter0_20": 0.65}
[pair_D] {"steps": 2007040, "elapsed_s": 1597.9, "coordination_ring_sparse20": 0.0, "coordination_ring_potter0_20": 0.05, "counter_circuit_sparse20": 0.0, "counter_circuit_potter0_20": 0.65}
[pair_D] {"steps": 2009088, "elapsed_s": 1599.4, "coordination_ring_sparse20": 0.0, "coordination_ring_potter0_20": 0.05, "counter_circuit_sparse20": 0.0, "counter_circuit_potter0_20": 0.65}
[pair_D] {"steps": 2011136, "elapsed_s": 1600.8, "coordination_ring_sparse20": 0.0, "coordination_ring_potter0_20": 0.1, "counter_circuit_sparse20": 0.0, "counter_circuit_potter0_20": 0.6}
[pair_D] {"steps": 2013184, "elapsed_s": 1602.3, "coordination_ring_sparse20": 0.0, "coordination_ring_potter0_20": 0.1, "counter_circuit_sparse20": 0.0, "counter_circuit_potter0_20": 0.6}
[pair_D] {"steps": 2015232, "elapsed_s": 1604.0, "coordination_ring_sparse20": 0.0, "coordination_ring_potter0_20": 0.1, "counter_circuit_sparse20": 0.0, "counter_circuit_potter0_20": 0.6}
[pair_D] {"steps": 2017280, "elapsed_s": 1605.4, "coordination_ring_sparse20": 0.0, "coordination_ring_potter0_20": 0.1, "counter_circuit_sparse20": 0.0, "counter_circuit_potter0_20": 0.6}
[pair_D] {"steps": 2019328, "elapsed_s": 1606.9, "coordination_ring_sparse20": 0.0, "coordination_ring_potter0_20": 0.1, "counter_circuit_sparse20": 0.0, "counter_circuit_potter0_20": 0.55}
[pair_D] {"steps": 2021376, "elapsed_s": 1608.4, "coordination_ring_sparse20": 0.0, "coordination_ring_potter0_20": 0.1, "counter_circuit_sparse20": 0.0, "counter_circuit_potter0_20": 0.55}
[pair_D] {"steps": 2023424, "elapsed_s": 1610.0, "coordination_ring_sparse20": 0.0, "coordination_ring_potter0_20": 0.1, "counter_circuit_sparse20": 0.0, "counter_circuit_potter0_20": 0.45}
[pair_D] {"steps": 2025472, "elapsed_s": 1611.4, "coordination_ring_sparse20": 0.0, "coordination_ring_potter0_20": 0.1, "counter_circuit_sparse20": 0.0, "counter_circuit_potter0_20": 0.3}
[pair_D] {"steps": 2027520, "elapsed_s": 1612.8, "coordination_ring_sparse20": 0.0, "coordination_ring_potter0_20": 0.15, "counter_circuit_sparse20": 0.0, "counter_circuit_potter0_20": 0.3}
[pair_D] {"steps": 2029568, "elapsed_s": 1614.2, "coordination_ring_sparse20": 0.0, "coordination_ring_potter0_20": 0.15, "counter_circuit_sparse20": 0.0, "counter_circuit_potter0_20": 0.3}
[pair_D] {"steps": 2031616, "elapsed_s": 1615.8, "coordination_ring_sparse20": 0.0, "coordination_ring_potter0_20": 0.15, "counter_circuit_sparse20": 0.0, "counter_circuit_potter0_20": 0.3}
[pair_D] {"steps": 2033664, "elapsed_s": 1617.3, "coordination_ring_sparse20": 0.0, "coordination_ring_potter0_20": 0.1, "counter_circuit_sparse20": 0.0, "counter_circuit_potter0_20": 0.3}
[pair_D] {"steps": 2035712, "elapsed_s": 1618.7, "coordination_ring_sparse20": 0.0, "coordination_ring_potter0_20": 0.05, "counter_circuit_sparse20": 0.0, "counter_circuit_potter0_20": 0.3}
[pair_D] {"steps": 2037760, "elapsed_s": 1620.2, "coordination_ring_sparse20": 0.0, "coordination_ring_potter0_20": 0.05, "counter_circuit_sparse20": 0.0, "counter_circuit_potter0_20": 0.3}
[pair_D] {"steps": 2039808, "elapsed_s": 1621.6, "coordination_ring_sparse20": 0.0, "coordination_ring_potter0_20": 0.05, "counter_circuit_sparse20": 0.0, "counter_circuit_potter0_20": 0.3}
[pair_D] {"steps": 2041856, "elapsed_s": 1623.0, "coordination_ring_sparse20": 0.0, "coordination_ring_potter0_20": 0.05, "counter_circuit_sparse20": 0.0, "counter_circuit_potter0_20": 0.3}
[pair_D] {"steps": 2043904, "elapsed_s": 1624.3, "coordination_ring_sparse20": 0.0, "coordination_ring_potter0_20": 0.0, "counter_circuit_sparse20": 0.0, "counter_circuit_potter0_20": 0.3}
[pair_D] {"steps": 2045952, "elapsed_s": 1625.8, "coordination_ring_sparse20": 0.0, "coordination_ring_potter0_20": 0.05, "counter_circuit_sparse20": 0.0, "counter_circuit_potter0_20": 0.25}
[pair_D] {"steps": 2048000, "elapsed_s": 1627.4, "coordination_ring_sparse20": 0.0, "coordination_ring_potter0_20": 0.05, "counter_circuit_sparse20": 0.0, "counter_circuit_potter0_20": 0.25}
[pair_D] {"steps": 2050048, "elapsed_s": 1628.8, "coordination_ring_sparse20": 0.0, "coordination_ring_potter0_20": 0.1, "counter_circuit_sparse20": 0.0, "counter_circuit_potter0_20": 0.25}
[pair_D] {"steps": 2052096, "elapsed_s": 1630.2, "coordination_ring_sparse20": 0.0, "coordination_ring_potter0_20": 0.15, "counter_circuit_sparse20": 0.0, "counter_circuit_potter0_20": 0.25}
[pair_D] {"steps": 2054144, "elapsed_s": 1631.7, "coordination_ring_sparse20": 0.0, "coordination_ring_potter0_20": 0.15, "counter_circuit_sparse20": 0.0, "counter_circuit_potter0_20": 0.2}
[pair_D] {"steps": 2056192, "elapsed_s": 1633.2, "coordination_ring_sparse20": 0.0, "coordination_ring_potter0_20": 0.15, "counter_circuit_sparse20": 0.0, "counter_circuit_potter0_20": 0.15}
[pair_D] {"steps": 2058240, "elapsed_s": 1634.6, "coordination_ring_sparse20": 0.0, "coordination_ring_potter0_20": 0.15, "counter_circuit_sparse20": 0.0, "counter_circuit_potter0_20": 0.15}
[pair_D] {"steps": 2060288, "elapsed_s": 1636.1, "coordination_ring_sparse20": 0.0, "coordination_ring_potter0_20": 0.1, "counter_circuit_sparse20": 0.0, "counter_circuit_potter0_20": 0.15}
[pair_D] {"steps": 2062336, "elapsed_s": 1637.7, "coordination_ring_sparse20": 0.0, "coordination_ring_potter0_20": 0.1, "counter_circuit_sparse20": 0.0, "counter_circuit_potter0_20": 0.1}
[pair_D] {"steps": 2064384, "elapsed_s": 1639.2, "coordination_ring_sparse20": 0.0, "coordination_ring_potter0_20": 0.1, "counter_circuit_sparse20": 0.0, "counter_circuit_potter0_20": 0.1}
[pair_D] {"steps": 2066432, "elapsed_s": 1640.6, "coordination_ring_sparse20": 0.0, "coordination_ring_potter0_20": 0.05, "counter_circuit_sparse20": 0.0, "counter_circuit_potter0_20": 0.0}
[pair_D] {"steps": 2068480, "elapsed_s": 1642.2, "coordination_ring_sparse20": 0.0, "coordination_ring_potter0_20": 0.05, "counter_circuit_sparse20": 0.0, "counter_circuit_potter0_20": 0.0}
[pair_D] {"steps": 2070528, "elapsed_s": 1643.6, "coordination_ring_sparse20": 0.0, "coordination_ring_potter0_20": 0.05, "counter_circuit_sparse20": 0.0, "counter_circuit_potter0_20": 0.0}
[pair_D] {"steps": 2072576, "elapsed_s": 1645.1, "coordination_ring_sparse20": 0.0, "coordination_ring_potter0_20": 0.05, "counter_circuit_sparse20": 0.0, "counter_circuit_potter0_20": 0.0}
[pair_D] {"steps": 2074624, "elapsed_s": 1646.5, "coordination_ring_sparse20": 0.0, "coordination_ring_potter0_20": 0.05, "counter_circuit_sparse20": 0.0, "counter_circuit_potter0_20": 0.05}
[pair_D] {"steps": 2076672, "elapsed_s": 1648.0, "coordination_ring_sparse20": 0.0, "coordination_ring_potter0_20": 0.05, "counter_circuit_sparse20": 0.0, "counter_circuit_potter0_20": 0.05}
[pair_D] {"steps": 2078720, "elapsed_s": 1649.4, "coordination_ring_sparse20": 0.0, "coordination_ring_potter0_20": 0.05, "counter_circuit_sparse20": 0.0, "counter_circuit_potter0_20": 0.05}
[pair_D] {"steps": 2080768, "elapsed_s": 1650.9, "coordination_ring_sparse20": 0.0, "coordination_ring_potter0_20": 0.05, "counter_circuit_sparse20": 0.0, "counter_circuit_potter0_20": 0.1}
[pair_D] {"steps": 2082816, "elapsed_s": 1652.6, "coordination_ring_sparse20": 0.0, "coordination_ring_potter0_20": 0.1, "counter_circuit_sparse20": 0.0, "counter_circuit_potter0_20": 0.25}
[pair_D] {"steps": 2084864, "elapsed_s": 1654.1, "coordination_ring_sparse20": 0.0, "coordination_ring_potter0_20": 0.15, "counter_circuit_sparse20": 0.0, "counter_circuit_potter0_20": 0.3}
[pair_D] {"steps": 2086912, "elapsed_s": 1655.5, "coordination_ring_sparse20": 0.0, "coordination_ring_potter0_20": 0.15, "counter_circuit_sparse20": 0.0, "counter_circuit_potter0_20": 0.35}
[pair_D] {"steps": 2088960, "elapsed_s": 1656.9, "coordination_ring_sparse20": 0.0, "coordination_ring_potter0_20": 0.2, "counter_circuit_sparse20": 0.0, "counter_circuit_potter0_20": 0.35}
[pair_D] {"steps": 2091008, "elapsed_s": 1658.3, "coordination_ring_sparse20": 0.0, "coordination_ring_potter0_20": 0.25, "counter_circuit_sparse20": 0.0, "counter_circuit_potter0_20": 0.35}
[pair_D] {"steps": 2093056, "elapsed_s": 1659.7, "coordination_ring_sparse20": 0.0, "coordination_ring_potter0_20": 0.25, "counter_circuit_sparse20": 0.0, "counter_circuit_potter0_20": 0.35}
[pair_D] {"steps": 2095104, "elapsed_s": 1661.1, "coordination_ring_sparse20": 0.0, "coordination_ring_potter0_20": 0.25, "counter_circuit_sparse20": 0.0, "counter_circuit_potter0_20": 0.35}
[pair_D] {"steps": 2097152, "elapsed_s": 1662.6, "coordination_ring_sparse20": 0.0, "coordination_ring_potter0_20": 0.2, "counter_circuit_sparse20": 0.0, "counter_circuit_potter0_20": 0.35}
[pair_D] {"steps": 2099200, "elapsed_s": 1664.1, "coordination_ring_sparse20": 0.0, "coordination_ring_potter0_20": 0.2, "counter_circuit_sparse20": 0.0, "counter_circuit_potter0_20": 0.35}
[pair_D] {"steps": 2101248, "elapsed_s": 1665.5, "coordination_ring_sparse20": 0.0, "coordination_ring_potter0_20": 0.2, "counter_circuit_sparse20": 0.0, "counter_circuit_potter0_20": 0.4}
[pair_D] {"steps": 2103296, "elapsed_s": 1666.9, "coordination_ring_sparse20": 0.0, "coordination_ring_potter0_20": 0.25, "counter_circuit_sparse20": 0.0, "counter_circuit_potter0_20": 0.4}
[pair_D] {"steps": 2105344, "elapsed_s": 1668.4, "coordination_ring_sparse20": 0.0, "coordination_ring_potter0_20": 0.15, "counter_circuit_sparse20": 0.0, "counter_circuit_potter0_20": 0.4}
[pair_D] {"steps": 2107392, "elapsed_s": 1669.9, "coordination_ring_sparse20": 0.0, "coordination_ring_potter0_20": 0.15, "counter_circuit_sparse20": 0.0, "counter_circuit_potter0_20": 0.4}
[pair_D] {"steps": 2109440, "elapsed_s": 1671.3, "coordination_ring_sparse20": 0.0, "coordination_ring_potter0_20": 0.15, "counter_circuit_sparse20": 0.0, "counter_circuit_potter0_20": 0.4}
[pair_D] {"steps": 2111488, "elapsed_s": 1672.8, "coordination_ring_sparse20": 0.0, "coordination_ring_potter0_20": 0.1, "counter_circuit_sparse20": 0.0, "counter_circuit_potter0_20": 0.4}
[pair_D] {"steps": 2113536, "elapsed_s": 1674.3, "coordination_ring_sparse20": 0.0, "coordination_ring_potter0_20": 0.1, "counter_circuit_sparse20": 0.0, "counter_circuit_potter0_20": 0.4}
[pair_D] {"steps": 2115584, "elapsed_s": 1675.8, "coordination_ring_sparse20": 0.0, "coordination_ring_potter0_20": 0.1, "counter_circuit_sparse20": 0.0, "counter_circuit_potter0_20": 0.4}
[pair_D] {"steps": 2117632, "elapsed_s": 1677.2, "coordination_ring_sparse20": 0.0, "coordination_ring_potter0_20": 0.1, "counter_circuit_sparse20": 0.0, "counter_circuit_potter0_20": 0.4}
[pair_D] {"steps": 2119680, "elapsed_s": 1678.8, "coordination_ring_sparse20": 0.0, "coordination_ring_potter0_20": 0.05, "counter_circuit_sparse20": 0.0, "counter_circuit_potter0_20": 0.4}
[pair_D] {"steps": 2121728, "elapsed_s": 1680.3, "coordination_ring_sparse20": 0.0, "coordination_ring_potter0_20": 0.05, "counter_circuit_sparse20": 0.0, "counter_circuit_potter0_20": 0.45}
[pair_D] {"steps": 2123776, "elapsed_s": 1681.9, "coordination_ring_sparse20": 0.0, "coordination_ring_potter0_20": 0.1, "counter_circuit_sparse20": 0.0, "counter_circuit_potter0_20": 0.45}
[pair_D] {"steps": 2125824, "elapsed_s": 1683.4, "coordination_ring_sparse20": 0.0, "coordination_ring_potter0_20": 0.1, "counter_circuit_sparse20": 0.0, "counter_circuit_potter0_20": 0.45}
[pair_D] {"steps": 2127872, "elapsed_s": 1684.8, "coordination_ring_sparse20": 0.0, "coordination_ring_potter0_20": 0.2, "counter_circuit_sparse20": 0.0, "counter_circuit_potter0_20": 0.4}
[pair_D] {"steps": 2129920, "elapsed_s": 1686.3, "coordination_ring_sparse20": 0.0, "coordination_ring_potter0_20": 0.2, "counter_circuit_sparse20": 0.0, "counter_circuit_potter0_20": 0.4}
[pair_D] {"steps": 2131968, "elapsed_s": 1687.8, "coordination_ring_sparse20": 0.0, "coordination_ring_potter0_20": 0.25, "counter_circuit_sparse20": 0.0, "counter_circuit_potter0_20": 0.4}
[pair_D] {"steps": 2134016, "elapsed_s": 1689.4, "coordination_ring_sparse20": 0.0, "coordination_ring_potter0_20": 0.3, "counter_circuit_sparse20": 0.0, "counter_circuit_potter0_20": 0.3}
[pair_D] {"steps": 2136064, "elapsed_s": 1690.9, "coordination_ring_sparse20": 0.0, "coordination_ring_potter0_20": 0.3, "counter_circuit_sparse20": 0.0, "counter_circuit_potter0_20": 0.3}
[pair_D] {"steps": 2138112, "elapsed_s": 1692.5, "coordination_ring_sparse20": 0.0, "coordination_ring_potter0_20": 0.3, "counter_circuit_sparse20": 0.0, "counter_circuit_potter0_20": 0.25}
[pair_D] {"steps": 2140160, "elapsed_s": 1694.0, "coordination_ring_sparse20": 0.0, "coordination_ring_potter0_20": 0.3, "counter_circuit_sparse20": 0.0, "counter_circuit_potter0_20": 0.3}
[pair_D] {"steps": 2142208, "elapsed_s": 1695.4, "coordination_ring_sparse20": 0.0, "coordination_ring_potter0_20": 0.3, "counter_circuit_sparse20": 0.0, "counter_circuit_potter0_20": 0.3}
[pair_D] {"steps": 2144256, "elapsed_s": 1696.9, "coordination_ring_sparse20": 0.0, "coordination_ring_potter0_20": 0.25, "counter_circuit_sparse20": 0.0, "counter_circuit_potter0_20": 0.3}
[pair_D] {"steps": 2146304, "elapsed_s": 1698.3, "coordination_ring_sparse20": 0.0, "coordination_ring_potter0_20": 0.35, "counter_circuit_sparse20": 0.0, "counter_circuit_potter0_20": 0.3}
[pair_D] {"steps": 2148352, "elapsed_s": 1699.7, "coordination_ring_sparse20": 0.0, "coordination_ring_potter0_20": 0.25, "counter_circuit_sparse20": 0.0, "counter_circuit_potter0_20": 0.3}
[pair_D] {"steps": 2150400, "elapsed_s": 1701.1, "coordination_ring_sparse20": 0.0, "coordination_ring_potter0_20": 0.25, "counter_circuit_sparse20": 0.0, "counter_circuit_potter0_20": 0.3}
[pair_D] {"steps": 2152448, "elapsed_s": 1702.5, "coordination_ring_sparse20": 0.0, "coordination_ring_potter0_20": 0.25, "counter_circuit_sparse20": 0.0, "counter_circuit_potter0_20": 0.3}
[pair_D] {"steps": 2154496, "elapsed_s": 1704.1, "coordination_ring_sparse20": 0.0, "coordination_ring_potter0_20": 0.25, "counter_circuit_sparse20": 0.0, "counter_circuit_potter0_20": 0.3}
[pair_D] {"steps": 2156544, "elapsed_s": 1705.6, "coordination_ring_sparse20": 0.0, "coordination_ring_potter0_20": 0.2, "counter_circuit_sparse20": 0.0, "counter_circuit_potter0_20": 0.3}
[pair_D] {"steps": 2158592, "elapsed_s": 1707.0, "coordination_ring_sparse20": 0.0, "coordination_ring_potter0_20": 0.2, "counter_circuit_sparse20": 0.0, "counter_circuit_potter0_20": 0.3}
[pair_D] {"steps": 2160640, "elapsed_s": 1708.4, "coordination_ring_sparse20": 0.0, "coordination_ring_potter0_20": 0.1, "counter_circuit_sparse20": 0.0, "counter_circuit_potter0_20": 0.35}
[pair_D] {"steps": 2162688, "elapsed_s": 1709.9, "coordination_ring_sparse20": 0.0, "coordination_ring_potter0_20": 0.15, "counter_circuit_sparse20": 0.0, "counter_circuit_potter0_20": 0.35}
[pair_D] {"steps": 2164736, "elapsed_s": 1711.4, "coordination_ring_sparse20": 0.0, "coordination_ring_potter0_20": 0.15, "counter_circuit_sparse20": 0.0, "counter_circuit_potter0_20": 0.35}
[pair_D] {"steps": 2166784, "elapsed_s": 1712.9, "coordination_ring_sparse20": 0.0, "coordination_ring_potter0_20": 0.1, "counter_circuit_sparse20": 0.0, "counter_circuit_potter0_20": 0.35}
[pair_D] {"steps": 2168832, "elapsed_s": 1714.5, "coordination_ring_sparse20": 0.0, "coordination_ring_potter0_20": 0.15, "counter_circuit_sparse20": 0.0, "counter_circuit_potter0_20": 0.3}
[pair_D] {"steps": 2170880, "elapsed_s": 1715.9, "coordination_ring_sparse20": 0.0, "coordination_ring_potter0_20": 0.2, "counter_circuit_sparse20": 0.0, "counter_circuit_potter0_20": 0.3}
[pair_D] {"steps": 2172928, "elapsed_s": 1717.4, "coordination_ring_sparse20": 0.0, "coordination_ring_potter0_20": 0.2, "counter_circuit_sparse20": 0.0, "counter_circuit_potter0_20": 0.3}
[pair_D] {"steps": 2174976, "elapsed_s": 1718.9, "coordination_ring_sparse20": 0.0, "coordination_ring_potter0_20": 0.2, "counter_circuit_sparse20": 0.0, "counter_circuit_potter0_20": 0.3}
[pair_D] {"steps": 2177024, "elapsed_s": 1720.4, "coordination_ring_sparse20": 0.0, "coordination_ring_potter0_20": 0.2, "counter_circuit_sparse20": 0.0, "counter_circuit_potter0_20": 0.25}
[pair_D] {"steps": 2179072, "elapsed_s": 1721.8, "coordination_ring_sparse20": 0.0, "coordination_ring_potter0_20": 0.2, "counter_circuit_sparse20": 0.0, "counter_circuit_potter0_20": 0.25}
[pair_D] {"steps": 2181120, "elapsed_s": 1723.2, "coordination_ring_sparse20": 0.0, "coordination_ring_potter0_20": 0.15, "counter_circuit_sparse20": 0.0, "counter_circuit_potter0_20": 0.25}
[pair_D] {"steps": 2183168, "elapsed_s": 1724.6, "coordination_ring_sparse20": 0.0, "coordination_ring_potter0_20": 0.15, "counter_circuit_sparse20": 0.0, "counter_circuit_potter0_20": 0.3}
[pair_D] {"steps": 2185216, "elapsed_s": 1726.0, "coordination_ring_sparse20": 0.0, "coordination_ring_potter0_20": 0.2, "counter_circuit_sparse20": 0.0, "counter_circuit_potter0_20": 0.3}
[pair_D] {"steps": 2187264, "elapsed_s": 1727.5, "coordination_ring_sparse20": 0.0, "coordination_ring_potter0_20": 0.25, "counter_circuit_sparse20": 0.0, "counter_circuit_potter0_20": 0.25}
[pair_D] {"steps": 2189312, "elapsed_s": 1729.0, "coordination_ring_sparse20": 0.0, "coordination_ring_potter0_20": 0.25, "counter_circuit_sparse20": 0.0, "counter_circuit_potter0_20": 0.25}
[pair_D] {"steps": 2191360, "elapsed_s": 1730.5, "coordination_ring_sparse20": 0.0, "coordination_ring_potter0_20": 0.3, "counter_circuit_sparse20": 0.0, "counter_circuit_potter0_20": 0.25}
[pair_D] {"steps": 2193408, "elapsed_s": 1732.0, "coordination_ring_sparse20": 0.0, "coordination_ring_potter0_20": 0.25, "counter_circuit_sparse20": 0.0, "counter_circuit_potter0_20": 0.25}
[pair_D] {"steps": 2195456, "elapsed_s": 1733.4, "coordination_ring_sparse20": 0.0, "coordination_ring_potter0_20": 0.3, "counter_circuit_sparse20": 0.0, "counter_circuit_potter0_20": 0.25}
[pair_D] {"steps": 2197504, "elapsed_s": 1734.8, "coordination_ring_sparse20": 0.0, "coordination_ring_potter0_20": 0.3, "counter_circuit_sparse20": 0.0, "counter_circuit_potter0_20": 0.25}
[pair_D] {"steps": 2199552, "elapsed_s": 1736.3, "coordination_ring_sparse20": 0.0, "coordination_ring_potter0_20": 0.3, "counter_circuit_sparse20": 0.0, "counter_circuit_potter0_20": 0.25}
[pair_D] {"steps": 2201600, "elapsed_s": 1737.8, "coordination_ring_sparse20": 0.0, "coordination_ring_potter0_20": 0.3, "counter_circuit_sparse20": 0.0, "counter_circuit_potter0_20": 0.25}
[pair_D] {"steps": 2203648, "elapsed_s": 1739.2, "coordination_ring_sparse20": 0.0, "coordination_ring_potter0_20": 0.25, "counter_circuit_sparse20": 0.0, "counter_circuit_potter0_20": 0.25}
[pair_D] {"steps": 2205696, "elapsed_s": 1740.8, "coordination_ring_sparse20": 0.0, "coordination_ring_potter0_20": 0.25, "counter_circuit_sparse20": 0.0, "counter_circuit_potter0_20": 0.15}
[pair_D] {"steps": 2207744, "elapsed_s": 1742.2, "coordination_ring_sparse20": 0.0, "coordination_ring_potter0_20": 0.25, "counter_circuit_sparse20": 0.0, "counter_circuit_potter0_20": 0.15}
[pair_D] {"steps": 2209792, "elapsed_s": 1743.6, "coordination_ring_sparse20": 0.0, "coordination_ring_potter0_20": 0.25, "counter_circuit_sparse20": 0.0, "counter_circuit_potter0_20": 0.15}
[pair_D] {"steps": 2211840, "elapsed_s": 1745.1, "coordination_ring_sparse20": 0.0, "coordination_ring_potter0_20": 0.25, "counter_circuit_sparse20": 0.0, "counter_circuit_potter0_20": 0.1}
[pair_D] {"steps": 2213888, "elapsed_s": 1746.4, "coordination_ring_sparse20": 0.0, "coordination_ring_potter0_20": 0.2, "counter_circuit_sparse20": 0.0, "counter_circuit_potter0_20": 0.1}
[pair_D] {"steps": 2215936, "elapsed_s": 1747.8, "coordination_ring_sparse20": 0.0, "coordination_ring_potter0_20": 0.2, "counter_circuit_sparse20": 0.0, "counter_circuit_potter0_20": 0.1}
[pair_D] {"steps": 2217984, "elapsed_s": 1749.3, "coordination_ring_sparse20": 0.0, "coordination_ring_potter0_20": 0.15, "counter_circuit_sparse20": 0.0, "counter_circuit_potter0_20": 0.1}
[pair_D] {"steps": 2220032, "elapsed_s": 1750.7, "coordination_ring_sparse20": 0.0, "coordination_ring_potter0_20": 0.2, "counter_circuit_sparse20": 0.0, "counter_circuit_potter0_20": 0.1}
[pair_D] {"steps": 2222080, "elapsed_s": 1752.3, "coordination_ring_sparse20": 0.0, "coordination_ring_potter0_20": 0.25, "counter_circuit_sparse20": 0.0, "counter_circuit_potter0_20": 0.1}
[pair_D] {"steps": 2224128, "elapsed_s": 1753.8, "coordination_ring_sparse20": 0.0, "coordination_ring_potter0_20": 0.25, "counter_circuit_sparse20": 0.0, "counter_circuit_potter0_20": 0.1}
[pair_D] {"steps": 2226176, "elapsed_s": 1755.3, "coordination_ring_sparse20": 0.0, "coordination_ring_potter0_20": 0.25, "counter_circuit_sparse20": 0.0, "counter_circuit_potter0_20": 0.15}
[pair_D] {"steps": 2228224, "elapsed_s": 1756.8, "coordination_ring_sparse20": 0.0, "coordination_ring_potter0_20": 0.25, "counter_circuit_sparse20": 0.0, "counter_circuit_potter0_20": 0.15}
[pair_D] {"steps": 2230272, "elapsed_s": 1758.2, "coordination_ring_sparse20": 0.0, "coordination_ring_potter0_20": 0.3, "counter_circuit_sparse20": 0.0, "counter_circuit_potter0_20": 0.15}
[pair_D] {"steps": 2232320, "elapsed_s": 1759.7, "coordination_ring_sparse20": 0.0, "coordination_ring_potter0_20": 0.3, "counter_circuit_sparse20": 0.0, "counter_circuit_potter0_20": 0.15}
[pair_D] {"steps": 2234368, "elapsed_s": 1761.0, "coordination_ring_sparse20": 0.0, "coordination_ring_potter0_20": 0.4, "counter_circuit_sparse20": 0.0, "counter_circuit_potter0_20": 0.15}
[pair_D] {"steps": 2236416, "elapsed_s": 1762.4, "coordination_ring_sparse20": 0.0, "coordination_ring_potter0_20": 0.35, "counter_circuit_sparse20": 0.0, "counter_circuit_potter0_20": 0.15}
[pair_D] {"steps": 2238464, "elapsed_s": 1763.8, "coordination_ring_sparse20": 0.0, "coordination_ring_potter0_20": 0.35, "counter_circuit_sparse20": 0.0, "counter_circuit_potter0_20": 0.15}
[pair_D] {"steps": 2240512, "elapsed_s": 1765.2, "coordination_ring_sparse20": 0.0, "coordination_ring_potter0_20": 0.3, "counter_circuit_sparse20": 0.0, "counter_circuit_potter0_20": 0.15}
[pair_D] {"steps": 2242560, "elapsed_s": 1766.6, "coordination_ring_sparse20": 0.0, "coordination_ring_potter0_20": 0.3, "counter_circuit_sparse20": 0.0, "counter_circuit_potter0_20": 0.15}
[pair_D] {"steps": 2244608, "elapsed_s": 1768.0, "coordination_ring_sparse20": 0.0, "coordination_ring_potter0_20": 0.4, "counter_circuit_sparse20": 0.0, "counter_circuit_potter0_20": 0.15}
[pair_D] {"steps": 2246656, "elapsed_s": 1769.6, "coordination_ring_sparse20": 0.0, "coordination_ring_potter0_20": 0.35, "counter_circuit_sparse20": 0.0, "counter_circuit_potter0_20": 0.1}
[pair_D] {"steps": 2248704, "elapsed_s": 1771.1, "coordination_ring_sparse20": 0.0, "coordination_ring_potter0_20": 0.35, "counter_circuit_sparse20": 0.0, "counter_circuit_potter0_20": 0.15}
[pair_D] {"steps": 2250752, "elapsed_s": 1772.5, "coordination_ring_sparse20": 0.0, "coordination_ring_potter0_20": 0.4, "counter_circuit_sparse20": 0.0, "counter_circuit_potter0_20": 0.15}
[pair_D] {"steps": 2252800, "elapsed_s": 1774.1, "coordination_ring_sparse20": 0.0, "coordination_ring_potter0_20": 0.35, "counter_circuit_sparse20": 0.0, "counter_circuit_potter0_20": 0.15}
[pair_D] {"steps": 2254848, "elapsed_s": 1775.8, "coordination_ring_sparse20": 0.0, "coordination_ring_potter0_20": 0.35, "counter_circuit_sparse20": 0.0, "counter_circuit_potter0_20": 0.15}
[pair_D] {"steps": 2256896, "elapsed_s": 1777.3, "coordination_ring_sparse20": 0.0, "coordination_ring_potter0_20": 0.35, "counter_circuit_sparse20": 0.0, "counter_circuit_potter0_20": 0.2}
[pair_D] {"steps": 2258944, "elapsed_s": 1778.7, "coordination_ring_sparse20": 0.0, "coordination_ring_potter0_20": 0.35, "counter_circuit_sparse20": 0.0, "counter_circuit_potter0_20": 0.2}
[pair_D] {"steps": 2260992, "elapsed_s": 1780.2, "coordination_ring_sparse20": 0.0, "coordination_ring_potter0_20": 0.45, "counter_circuit_sparse20": 0.0, "counter_circuit_potter0_20": 0.2}
[pair_D] {"steps": 2263040, "elapsed_s": 1781.7, "coordination_ring_sparse20": 0.0, "coordination_ring_potter0_20": 0.5, "counter_circuit_sparse20": 0.0, "counter_circuit_potter0_20": 0.15}
[pair_D] {"steps": 2265088, "elapsed_s": 1783.1, "coordination_ring_sparse20": 0.0, "coordination_ring_potter0_20": 0.55, "counter_circuit_sparse20": 0.0, "counter_circuit_potter0_20": 0.15}
[pair_D] {"steps": 2267136, "elapsed_s": 1784.7, "coordination_ring_sparse20": 0.0, "coordination_ring_potter0_20": 0.55, "counter_circuit_sparse20": 0.0, "counter_circuit_potter0_20": 0.15}
[pair_D] {"steps": 2269184, "elapsed_s": 1786.2, "coordination_ring_sparse20": 0.0, "coordination_ring_potter0_20": 0.55, "counter_circuit_sparse20": 0.0, "counter_circuit_potter0_20": 0.15}
[pair_D] {"steps": 2271232, "elapsed_s": 1787.6, "coordination_ring_sparse20": 0.0, "coordination_ring_potter0_20": 0.45, "counter_circuit_sparse20": 0.0, "counter_circuit_potter0_20": 0.1}
[pair_D] {"steps": 2273280, "elapsed_s": 1789.0, "coordination_ring_sparse20": 0.0, "coordination_ring_potter0_20": 0.45, "counter_circuit_sparse20": 0.0, "counter_circuit_potter0_20": 0.1}
[pair_D] {"steps": 2275328, "elapsed_s": 1790.5, "coordination_ring_sparse20": 0.0, "coordination_ring_potter0_20": 0.4, "counter_circuit_sparse20": 0.0, "counter_circuit_potter0_20": 0.1}
[pair_D] {"steps": 2277376, "elapsed_s": 1792.0, "coordination_ring_sparse20": 0.0, "coordination_ring_potter0_20": 0.3, "counter_circuit_sparse20": 0.0, "counter_circuit_potter0_20": 0.1}
[pair_D] {"steps": 2279424, "elapsed_s": 1793.6, "coordination_ring_sparse20": 0.0, "coordination_ring_potter0_20": 0.3, "counter_circuit_sparse20": 0.0, "counter_circuit_potter0_20": 0.1}
[pair_D] {"steps": 2281472, "elapsed_s": 1795.2, "coordination_ring_sparse20": 0.0, "coordination_ring_potter0_20": 0.3, "counter_circuit_sparse20": 0.0, "counter_circuit_potter0_20": 0.05}
[pair_D] {"steps": 2283520, "elapsed_s": 1796.6, "coordination_ring_sparse20": 0.0, "coordination_ring_potter0_20": 0.3, "counter_circuit_sparse20": 0.0, "counter_circuit_potter0_20": 0.05}
[pair_D] {"steps": 2285568, "elapsed_s": 1798.1, "coordination_ring_sparse20": 0.0, "coordination_ring_potter0_20": 0.3, "counter_circuit_sparse20": 0.0, "counter_circuit_potter0_20": 0.05}
[pair_D] {"steps": 2287616, "elapsed_s": 1799.8, "coordination_ring_sparse20": 0.0, "coordination_ring_potter0_20": 0.25, "counter_circuit_sparse20": 0.0, "counter_circuit_potter0_20": 0.05}
[pair_D] {"steps": 2289664, "elapsed_s": 1801.3, "coordination_ring_sparse20": 0.0, "coordination_ring_potter0_20": 0.25, "counter_circuit_sparse20": 0.0, "counter_circuit_potter0_20": 0.1}
[pair_D] {"steps": 2291712, "elapsed_s": 1802.7, "coordination_ring_sparse20": 0.0, "coordination_ring_potter0_20": 0.3, "counter_circuit_sparse20": 0.0, "counter_circuit_potter0_20": 0.1}
[pair_D] {"steps": 2293760, "elapsed_s": 1804.1, "coordination_ring_sparse20": 0.0, "coordination_ring_potter0_20": 0.3, "counter_circuit_sparse20": 0.0, "counter_circuit_potter0_20": 0.1}
[pair_D] {"steps": 2295808, "elapsed_s": 1805.7, "coordination_ring_sparse20": 0.0, "coordination_ring_potter0_20": 0.3, "counter_circuit_sparse20": 0.0, "counter_circuit_potter0_20": 0.15}
[pair_D] {"steps": 2297856, "elapsed_s": 1807.2, "coordination_ring_sparse20": 0.0, "coordination_ring_potter0_20": 0.3, "counter_circuit_sparse20": 0.0, "counter_circuit_potter0_20": 0.2}
[pair_D] {"steps": 2299904, "elapsed_s": 1808.7, "coordination_ring_sparse20": 0.0, "coordination_ring_potter0_20": 0.3, "counter_circuit_sparse20": 0.0, "counter_circuit_potter0_20": 0.2}
[pair_D] {"steps": 2301952, "elapsed_s": 1810.3, "coordination_ring_sparse20": 0.0, "coordination_ring_potter0_20": 0.3, "counter_circuit_sparse20": 0.0, "counter_circuit_potter0_20": 0.15}
[pair_D] {"steps": 2304000, "elapsed_s": 1811.8, "coordination_ring_sparse20": 0.0, "coordination_ring_potter0_20": 0.3, "counter_circuit_sparse20": 0.0, "counter_circuit_potter0_20": 0.2}
[pair_D] {"steps": 2306048, "elapsed_s": 1813.2, "coordination_ring_sparse20": 0.0, "coordination_ring_potter0_20": 0.3, "counter_circuit_sparse20": 0.0, "counter_circuit_potter0_20": 0.2}
[pair_D] {"steps": 2308096, "elapsed_s": 1814.7, "coordination_ring_sparse20": 0.0, "coordination_ring_potter0_20": 0.35, "counter_circuit_sparse20": 0.0, "counter_circuit_potter0_20": 0.25}
[pair_D] {"steps": 2310144, "elapsed_s": 1816.1, "coordination_ring_sparse20": 0.0, "coordination_ring_potter0_20": 0.35, "counter_circuit_sparse20": 0.0, "counter_circuit_potter0_20": 0.25}
[pair_D] {"steps": 2312192, "elapsed_s": 1817.5, "coordination_ring_sparse20": 0.0, "coordination_ring_potter0_20": 0.35, "counter_circuit_sparse20": 0.0, "counter_circuit_potter0_20": 0.25}
[pair_D] {"steps": 2314240, "elapsed_s": 1819.0, "coordination_ring_sparse20": 0.0, "coordination_ring_potter0_20": 0.35, "counter_circuit_sparse20": 0.0, "counter_circuit_potter0_20": 0.25}
[pair_D] {"steps": 2316288, "elapsed_s": 1820.6, "coordination_ring_sparse20": 0.0, "coordination_ring_potter0_20": 0.35, "counter_circuit_sparse20": 0.0, "counter_circuit_potter0_20": 0.25}
[pair_D] {"steps": 2318336, "elapsed_s": 1822.0, "coordination_ring_sparse20": 0.0, "coordination_ring_potter0_20": 0.35, "counter_circuit_sparse20": 0.0, "counter_circuit_potter0_20": 0.25}
[pair_D] {"steps": 2320384, "elapsed_s": 1823.4, "coordination_ring_sparse20": 0.0, "coordination_ring_potter0_20": 0.4, "counter_circuit_sparse20": 0.0, "counter_circuit_potter0_20": 0.25}
[pair_D] {"steps": 2322432, "elapsed_s": 1824.9, "coordination_ring_sparse20": 0.0, "coordination_ring_potter0_20": 0.45, "counter_circuit_sparse20": 0.0, "counter_circuit_potter0_20": 0.25}
[pair_D] {"steps": 2324480, "elapsed_s": 1826.5, "coordination_ring_sparse20": 0.0, "coordination_ring_potter0_20": 0.45, "counter_circuit_sparse20": 0.0, "counter_circuit_potter0_20": 0.25}
[pair_D] {"steps": 2326528, "elapsed_s": 1828.0, "coordination_ring_sparse20": 0.0, "coordination_ring_potter0_20": 0.55, "counter_circuit_sparse20": 0.0, "counter_circuit_potter0_20": 0.25}
[pair_D] {"steps": 2328576, "elapsed_s": 1829.4, "coordination_ring_sparse20": 0.0, "coordination_ring_potter0_20": 0.6, "counter_circuit_sparse20": 0.0, "counter_circuit_potter0_20": 0.25}
[pair_D] {"steps": 2330624, "elapsed_s": 1830.9, "coordination_ring_sparse20": 0.0, "coordination_ring_potter0_20": 0.7, "counter_circuit_sparse20": 0.0, "counter_circuit_potter0_20": 0.25}
[pair_D] {"steps": 2332672, "elapsed_s": 1832.3, "coordination_ring_sparse20": 0.0, "coordination_ring_potter0_20": 0.65, "counter_circuit_sparse20": 0.0, "counter_circuit_potter0_20": 0.25}
[pair_D] {"steps": 2334720, "elapsed_s": 1833.8, "coordination_ring_sparse20": 0.0, "coordination_ring_potter0_20": 0.6, "counter_circuit_sparse20": 0.0, "counter_circuit_potter0_20": 0.25}
[pair_D] {"steps": 2336768, "elapsed_s": 1835.3, "coordination_ring_sparse20": 0.0, "coordination_ring_potter0_20": 0.55, "counter_circuit_sparse20": 0.0, "counter_circuit_potter0_20": 0.25}
[pair_D] {"steps": 2338816, "elapsed_s": 1836.7, "coordination_ring_sparse20": 0.0, "coordination_ring_potter0_20": 0.55, "counter_circuit_sparse20": 0.0, "counter_circuit_potter0_20": 0.25}
[pair_D] {"steps": 2340864, "elapsed_s": 1838.1, "coordination_ring_sparse20": 0.0, "coordination_ring_potter0_20": 0.45, "counter_circuit_sparse20": 0.0, "counter_circuit_potter0_20": 0.25}
[pair_D] {"steps": 2342912, "elapsed_s": 1839.6, "coordination_ring_sparse20": 0.0, "coordination_ring_potter0_20": 0.45, "counter_circuit_sparse20": 0.0, "counter_circuit_potter0_20": 0.25}
[pair_D] {"steps": 2344960, "elapsed_s": 1841.1, "coordination_ring_sparse20": 0.0, "coordination_ring_potter0_20": 0.45, "counter_circuit_sparse20": 0.0, "counter_circuit_potter0_20": 0.25}
[pair_D] {"steps": 2347008, "elapsed_s": 1842.5, "coordination_ring_sparse20": 0.0, "coordination_ring_potter0_20": 0.4, "counter_circuit_sparse20": 0.0, "counter_circuit_potter0_20": 0.25}
[pair_D] {"steps": 2349056, "elapsed_s": 1844.0, "coordination_ring_sparse20": 0.0, "coordination_ring_potter0_20": 0.4, "counter_circuit_sparse20": 0.0, "counter_circuit_potter0_20": 0.25}
[pair_D] {"steps": 2351104, "elapsed_s": 1845.4, "coordination_ring_sparse20": 0.0, "coordination_ring_potter0_20": 0.45, "counter_circuit_sparse20": 0.0, "counter_circuit_potter0_20": 0.25}
[pair_D] {"steps": 2353152, "elapsed_s": 1846.7, "coordination_ring_sparse20": 0.0, "coordination_ring_potter0_20": 0.4, "counter_circuit_sparse20": 0.0, "counter_circuit_potter0_20": 0.25}
[pair_D] {"steps": 2355200, "elapsed_s": 1848.1, "coordination_ring_sparse20": 0.0, "coordination_ring_potter0_20": 0.4, "counter_circuit_sparse20": 0.0, "counter_circuit_potter0_20": 0.25}
[pair_D] {"steps": 2357248, "elapsed_s": 1849.5, "coordination_ring_sparse20": 0.0, "coordination_ring_potter0_20": 0.4, "counter_circuit_sparse20": 0.0, "counter_circuit_potter0_20": 0.25}
[pair_D] {"steps": 2359296, "elapsed_s": 1851.0, "coordination_ring_sparse20": 0.0, "coordination_ring_potter0_20": 0.4, "counter_circuit_sparse20": 0.0, "counter_circuit_potter0_20": 0.25}
[pair_D] {"steps": 2361344, "elapsed_s": 1852.4, "coordination_ring_sparse20": 0.0, "coordination_ring_potter0_20": 0.35, "counter_circuit_sparse20": 0.0, "counter_circuit_potter0_20": 0.25}
[pair_D] {"steps": 2363392, "elapsed_s": 1853.9, "coordination_ring_sparse20": 0.0, "coordination_ring_potter0_20": 0.45, "counter_circuit_sparse20": 0.0, "counter_circuit_potter0_20": 0.25}
[pair_D] {"steps": 2365440, "elapsed_s": 1855.4, "coordination_ring_sparse20": 0.0, "coordination_ring_potter0_20": 0.3, "counter_circuit_sparse20": 0.0, "counter_circuit_potter0_20": 0.25}
[pair_D] {"steps": 2367488, "elapsed_s": 1856.8, "coordination_ring_sparse20": 0.0, "coordination_ring_potter0_20": 0.3, "counter_circuit_sparse20": 0.0, "counter_circuit_potter0_20": 0.25}
[pair_D] {"steps": 2369536, "elapsed_s": 1858.1, "coordination_ring_sparse20": 0.0, "coordination_ring_potter0_20": 0.3, "counter_circuit_sparse20": 0.0, "counter_circuit_potter0_20": 0.25}
[pair_D] {"steps": 2371584, "elapsed_s": 1859.4, "coordination_ring_sparse20": 0.0, "coordination_ring_potter0_20": 0.25, "counter_circuit_sparse20": 0.0, "counter_circuit_potter0_20": 0.25}
[pair_D] {"steps": 2373632, "elapsed_s": 1860.9, "coordination_ring_sparse20": 0.0, "coordination_ring_potter0_20": 0.25, "counter_circuit_sparse20": 0.0, "counter_circuit_potter0_20": 0.25}
[pair_D] {"steps": 2375680, "elapsed_s": 1862.3, "coordination_ring_sparse20": 0.0, "coordination_ring_potter0_20": 0.3, "counter_circuit_sparse20": 0.0, "counter_circuit_potter0_20": 0.25}
[pair_D] {"steps": 2377728, "elapsed_s": 1863.6, "coordination_ring_sparse20": 0.0, "coordination_ring_potter0_20": 0.35, "counter_circuit_sparse20": 0.0, "counter_circuit_potter0_20": 0.25}
[pair_D] {"steps": 2379776, "elapsed_s": 1865.1, "coordination_ring_sparse20": 0.0, "coordination_ring_potter0_20": 0.35, "counter_circuit_sparse20": 0.0, "counter_circuit_potter0_20": 0.25}
[pair_D] {"steps": 2381824, "elapsed_s": 1866.5, "coordination_ring_sparse20": 0.0, "coordination_ring_potter0_20": 0.3, "counter_circuit_sparse20": 0.0, "counter_circuit_potter0_20": 0.25}
[pair_D] {"steps": 2383872, "elapsed_s": 1867.9, "coordination_ring_sparse20": 0.0, "coordination_ring_potter0_20": 0.35, "counter_circuit_sparse20": 0.0, "counter_circuit_potter0_20": 0.25}
[pair_D] {"steps": 2385920, "elapsed_s": 1869.3, "coordination_ring_sparse20": 0.0, "coordination_ring_potter0_20": 0.4, "counter_circuit_sparse20": 0.0, "counter_circuit_potter0_20": 0.25}
[pair_D] {"steps": 2387968, "elapsed_s": 1870.7, "coordination_ring_sparse20": 0.0, "coordination_ring_potter0_20": 0.4, "counter_circuit_sparse20": 0.0, "counter_circuit_potter0_20": 0.25}
[pair_D] {"steps": 2390016, "elapsed_s": 1872.2, "coordination_ring_sparse20": 0.0, "coordination_ring_potter0_20": 0.45, "counter_circuit_sparse20": 0.0, "counter_circuit_potter0_20": 0.25}
[pair_D] {"steps": 2392064, "elapsed_s": 1873.6, "coordination_ring_sparse20": 0.0, "coordination_ring_potter0_20": 0.5, "counter_circuit_sparse20": 0.0, "counter_circuit_potter0_20": 0.25}
[pair_D] {"steps": 2394112, "elapsed_s": 1875.1, "coordination_ring_sparse20": 0.0, "coordination_ring_potter0_20": 0.55, "counter_circuit_sparse20": 0.0, "counter_circuit_potter0_20": 0.25}
[pair_D] {"steps": 2396160, "elapsed_s": 1876.7, "coordination_ring_sparse20": 0.0, "coordination_ring_potter0_20": 0.6, "counter_circuit_sparse20": 0.0, "counter_circuit_potter0_20": 0.25}
[pair_D] {"steps": 2398208, "elapsed_s": 1878.0, "coordination_ring_sparse20": 0.0, "coordination_ring_potter0_20": 0.55, "counter_circuit_sparse20": 0.0, "counter_circuit_potter0_20": 0.25}
[pair_D] {"steps": 2400256, "elapsed_s": 1879.7, "coordination_ring_sparse20": 0.0, "coordination_ring_potter0_20": 0.65, "counter_circuit_sparse20": 0.0, "counter_circuit_potter0_20": 0.25}
[pair_D] {"steps": 2402304, "elapsed_s": 1881.1, "coordination_ring_sparse20": 0.0, "coordination_ring_potter0_20": 0.65, "counter_circuit_sparse20": 0.0, "counter_circuit_potter0_20": 0.25}
[pair_D] {"steps": 2404352, "elapsed_s": 1882.6, "coordination_ring_sparse20": 0.0, "coordination_ring_potter0_20": 0.65, "counter_circuit_sparse20": 0.0, "counter_circuit_potter0_20": 0.25}
[pair_D] {"steps": 2406400, "elapsed_s": 1884.2, "coordination_ring_sparse20": 0.0, "coordination_ring_potter0_20": 0.6, "counter_circuit_sparse20": 0.0, "counter_circuit_potter0_20": 0.25}
[pair_D] {"steps": 2408448, "elapsed_s": 1885.6, "coordination_ring_sparse20": 0.0, "coordination_ring_potter0_20": 0.55, "counter_circuit_sparse20": 0.0, "counter_circuit_potter0_20": 0.25}
[pair_D] {"steps": 2410496, "elapsed_s": 1887.2, "coordination_ring_sparse20": 0.0, "coordination_ring_potter0_20": 0.55, "counter_circuit_sparse20": 0.0, "counter_circuit_potter0_20": 0.25}
[pair_D] {"steps": 2412544, "elapsed_s": 1888.7, "coordination_ring_sparse20": 0.0, "coordination_ring_potter0_20": 0.55, "counter_circuit_sparse20": 0.0, "counter_circuit_potter0_20": 0.25}
[pair_D] {"steps": 2414592, "elapsed_s": 1890.2, "coordination_ring_sparse20": 0.0, "coordination_ring_potter0_20": 0.55, "counter_circuit_sparse20": 0.0, "counter_circuit_potter0_20": 0.25}
[pair_D] {"steps": 2416640, "elapsed_s": 1891.7, "coordination_ring_sparse20": 0.0, "coordination_ring_potter0_20": 0.55, "counter_circuit_sparse20": 0.0, "counter_circuit_potter0_20": 0.25}
[pair_D] {"steps": 2418688, "elapsed_s": 1893.2, "coordination_ring_sparse20": 0.0, "coordination_ring_potter0_20": 0.5, "counter_circuit_sparse20": 0.0, "counter_circuit_potter0_20": 0.25}
[pair_D] {"steps": 2420736, "elapsed_s": 1894.6, "coordination_ring_sparse20": 0.0, "coordination_ring_potter0_20": 0.55, "counter_circuit_sparse20": 0.0, "counter_circuit_potter0_20": 0.25}
[pair_D] {"steps": 2422784, "elapsed_s": 1895.9, "coordination_ring_sparse20": 0.0, "coordination_ring_potter0_20": 0.5, "counter_circuit_sparse20": 0.0, "counter_circuit_potter0_20": 0.25}
[pair_D] {"steps": 2424832, "elapsed_s": 1897.4, "coordination_ring_sparse20": 0.0, "coordination_ring_potter0_20": 0.55, "counter_circuit_sparse20": 0.0, "counter_circuit_potter0_20": 0.25}
[pair_D] {"steps": 2426880, "elapsed_s": 1898.8, "coordination_ring_sparse20": 0.0, "coordination_ring_potter0_20": 0.5, "counter_circuit_sparse20": 0.0, "counter_circuit_potter0_20": 0.25}
[pair_D] {"steps": 2428928, "elapsed_s": 1900.1, "coordination_ring_sparse20": 0.0, "coordination_ring_potter0_20": 0.55, "counter_circuit_sparse20": 0.0, "counter_circuit_potter0_20": 0.25}
[pair_D] {"steps": 2430976, "elapsed_s": 1901.4, "coordination_ring_sparse20": 0.0, "coordination_ring_potter0_20": 0.65, "counter_circuit_sparse20": 0.0, "counter_circuit_potter0_20": 0.25}
[pair_D] {"steps": 2433024, "elapsed_s": 1902.8, "coordination_ring_sparse20": 0.0, "coordination_ring_potter0_20": 0.6, "counter_circuit_sparse20": 0.0, "counter_circuit_potter0_20": 0.25}
[pair_D] {"steps": 2435072, "elapsed_s": 1904.2, "coordination_ring_sparse20": 0.0, "coordination_ring_potter0_20": 0.6, "counter_circuit_sparse20": 0.0, "counter_circuit_potter0_20": 0.25}
[pair_D] {"steps": 2437120, "elapsed_s": 1905.8, "coordination_ring_sparse20": 0.0, "coordination_ring_potter0_20": 0.6, "counter_circuit_sparse20": 0.0, "counter_circuit_potter0_20": 0.25}
[pair_D] {"steps": 2439168, "elapsed_s": 1907.2, "coordination_ring_sparse20": 0.0, "coordination_ring_potter0_20": 0.65, "counter_circuit_sparse20": 0.0, "counter_circuit_potter0_20": 0.25}
[pair_D] {"steps": 2441216, "elapsed_s": 1908.6, "coordination_ring_sparse20": 0.0, "coordination_ring_potter0_20": 0.65, "counter_circuit_sparse20": 0.0, "counter_circuit_potter0_20": 0.25}
[pair_D] {"steps": 2443264, "elapsed_s": 1910.2, "coordination_ring_sparse20": 0.0, "coordination_ring_potter0_20": 0.7, "counter_circuit_sparse20": 0.0, "counter_circuit_potter0_20": 0.25}
[pair_D] {"steps": 2445312, "elapsed_s": 1911.7, "coordination_ring_sparse20": 0.0, "coordination_ring_potter0_20": 0.7, "counter_circuit_sparse20": 0.0, "counter_circuit_potter0_20": 0.25}
[pair_D] {"steps": 2447360, "elapsed_s": 1913.1, "coordination_ring_sparse20": 0.0, "coordination_ring_potter0_20": 0.7, "counter_circuit_sparse20": 0.0, "counter_circuit_potter0_20": 0.25}
[pair_D] {"steps": 2449408, "elapsed_s": 1914.5, "coordination_ring_sparse20": 0.0, "coordination_ring_potter0_20": 0.7, "counter_circuit_sparse20": 0.0, "counter_circuit_potter0_20": 0.25}
[pair_D] {"steps": 2451456, "elapsed_s": 1916.0, "coordination_ring_sparse20": 0.0, "coordination_ring_potter0_20": 0.65, "counter_circuit_sparse20": 0.0, "counter_circuit_potter0_20": 0.25}
[pair_D] {"steps": 2453504, "elapsed_s": 1917.5, "coordination_ring_sparse20": 0.0, "coordination_ring_potter0_20": 0.65, "counter_circuit_sparse20": 0.0, "counter_circuit_potter0_20": 0.25}
[pair_D] {"steps": 2455552, "elapsed_s": 1918.8, "coordination_ring_sparse20": 0.0, "coordination_ring_potter0_20": 0.6, "counter_circuit_sparse20": 0.0, "counter_circuit_potter0_20": 0.2}
[pair_D] {"steps": 2457600, "elapsed_s": 1920.2, "coordination_ring_sparse20": 0.0, "coordination_ring_potter0_20": 0.55, "counter_circuit_sparse20": 0.0, "counter_circuit_potter0_20": 0.2}
[pair_D] {"steps": 2459648, "elapsed_s": 1921.7, "coordination_ring_sparse20": 0.0, "coordination_ring_potter0_20": 0.6, "counter_circuit_sparse20": 0.0, "counter_circuit_potter0_20": 0.2}
[pair_D] {"steps": 2461696, "elapsed_s": 1923.1, "coordination_ring_sparse20": 0.0, "coordination_ring_potter0_20": 0.55, "counter_circuit_sparse20": 0.0, "counter_circuit_potter0_20": 0.2}
[pair_D] {"steps": 2463744, "elapsed_s": 1924.5, "coordination_ring_sparse20": 0.0, "coordination_ring_potter0_20": 0.55, "counter_circuit_sparse20": 0.0, "counter_circuit_potter0_20": 0.2}
[pair_D] {"steps": 2465792, "elapsed_s": 1925.9, "coordination_ring_sparse20": 0.0, "coordination_ring_potter0_20": 0.55, "counter_circuit_sparse20": 0.0, "counter_circuit_potter0_20": 0.2}
[pair_D] {"steps": 2467840, "elapsed_s": 1927.3, "coordination_ring_sparse20": 0.0, "coordination_ring_potter0_20": 0.45, "counter_circuit_sparse20": 0.0, "counter_circuit_potter0_20": 0.15}
[pair_D] {"steps": 2469888, "elapsed_s": 1928.9, "coordination_ring_sparse20": 0.0, "coordination_ring_potter0_20": 0.5, "counter_circuit_sparse20": 0.0, "counter_circuit_potter0_20": 0.15}
[pair_D] {"steps": 2471936, "elapsed_s": 1930.4, "coordination_ring_sparse20": 0.0, "coordination_ring_potter0_20": 0.45, "counter_circuit_sparse20": 0.0, "counter_circuit_potter0_20": 0.15}
[pair_D] {"steps": 2473984, "elapsed_s": 1931.8, "coordination_ring_sparse20": 0.0, "coordination_ring_potter0_20": 0.45, "counter_circuit_sparse20": 0.0, "counter_circuit_potter0_20": 0.15}
[pair_D] {"steps": 2476032, "elapsed_s": 1933.1, "coordination_ring_sparse20": 0.0, "coordination_ring_potter0_20": 0.5, "counter_circuit_sparse20": 0.0, "counter_circuit_potter0_20": 0.15}
[pair_D] {"steps": 2478080, "elapsed_s": 1934.5, "coordination_ring_sparse20": 0.0, "coordination_ring_potter0_20": 0.55, "counter_circuit_sparse20": 0.0, "counter_circuit_potter0_20": 0.15}
[pair_D] {"steps": 2480128, "elapsed_s": 1935.9, "coordination_ring_sparse20": 0.0, "coordination_ring_potter0_20": 0.55, "counter_circuit_sparse20": 0.0, "counter_circuit_potter0_20": 0.15}
[pair_D] {"steps": 2482176, "elapsed_s": 1937.3, "coordination_ring_sparse20": 0.0, "coordination_ring_potter0_20": 0.5, "counter_circuit_sparse20": 0.0, "counter_circuit_potter0_20": 0.15}
[pair_D] {"steps": 2484224, "elapsed_s": 1938.6, "coordination_ring_sparse20": 0.0, "coordination_ring_potter0_20": 0.5, "counter_circuit_sparse20": 0.0, "counter_circuit_potter0_20": 0.15}
[pair_D] {"steps": 2486272, "elapsed_s": 1940.0, "coordination_ring_sparse20": 0.0, "coordination_ring_potter0_20": 0.5, "counter_circuit_sparse20": 0.0, "counter_circuit_potter0_20": 0.15}
[pair_D] {"steps": 2488320, "elapsed_s": 1941.5, "coordination_ring_sparse20": 0.0, "coordination_ring_potter0_20": 0.5, "counter_circuit_sparse20": 0.0, "counter_circuit_potter0_20": 0.15}
[pair_D] {"steps": 2490368, "elapsed_s": 1942.9, "coordination_ring_sparse20": 0.0, "coordination_ring_potter0_20": 0.5, "counter_circuit_sparse20": 0.0, "counter_circuit_potter0_20": 0.15}
[pair_D] {"steps": 2492416, "elapsed_s": 1944.3, "coordination_ring_sparse20": 0.0, "coordination_ring_potter0_20": 0.5, "counter_circuit_sparse20": 0.0, "counter_circuit_potter0_20": 0.1}
[pair_D] {"steps": 2494464, "elapsed_s": 1945.7, "coordination_ring_sparse20": 0.0, "coordination_ring_potter0_20": 0.45, "counter_circuit_sparse20": 0.0, "counter_circuit_potter0_20": 0.1}
[pair_D] {"steps": 2496512, "elapsed_s": 1947.1, "coordination_ring_sparse20": 0.0, "coordination_ring_potter0_20": 0.4, "counter_circuit_sparse20": 0.0, "counter_circuit_potter0_20": 0.1}
[pair_D] {"steps": 2498560, "elapsed_s": 1948.5, "coordination_ring_sparse20": 0.0, "coordination_ring_potter0_20": 0.4, "counter_circuit_sparse20": 0.0, "counter_circuit_potter0_20": 0.1}
[pair_D] {"steps": 2500608, "elapsed_s": 1950.0, "coordination_ring_sparse20": 0.0, "coordination_ring_potter0_20": 0.45, "counter_circuit_sparse20": 0.0, "counter_circuit_potter0_20": 0.1}
[pair_D] {"steps": 2502656, "elapsed_s": 1951.5, "coordination_ring_sparse20": 0.0, "coordination_ring_potter0_20": 0.4, "counter_circuit_sparse20": 0.0, "counter_circuit_potter0_20": 0.1}
[pair_D] {"steps": 2504704, "elapsed_s": 1952.8, "coordination_ring_sparse20": 0.0, "coordination_ring_potter0_20": 0.4, "counter_circuit_sparse20": 0.0, "counter_circuit_potter0_20": 0.1}
[pair_D] {"steps": 2506752, "elapsed_s": 1954.4, "coordination_ring_sparse20": 0.0, "coordination_ring_potter0_20": 0.45, "counter_circuit_sparse20": 0.0, "counter_circuit_potter0_20": 0.1}
[pair_D] {"steps": 2508800, "elapsed_s": 1956.0, "coordination_ring_sparse20": 0.0, "coordination_ring_potter0_20": 0.45, "counter_circuit_sparse20": 0.0, "counter_circuit_potter0_20": 0.1}
[pair_D] {"steps": 2510848, "elapsed_s": 1957.4, "coordination_ring_sparse20": 0.0, "coordination_ring_potter0_20": 0.4, "counter_circuit_sparse20": 0.0, "counter_circuit_potter0_20": 0.1}
[pair_D] {"steps": 2512896, "elapsed_s": 1959.0, "coordination_ring_sparse20": 0.0, "coordination_ring_potter0_20": 0.4, "counter_circuit_sparse20": 0.0, "counter_circuit_potter0_20": 0.1}
[pair_D] {"steps": 2514944, "elapsed_s": 1960.4, "coordination_ring_sparse20": 0.0, "coordination_ring_potter0_20": 0.45, "counter_circuit_sparse20": 0.0, "counter_circuit_potter0_20": 0.1}
[pair_D] {"steps": 2516992, "elapsed_s": 1961.7, "coordination_ring_sparse20": 0.0, "coordination_ring_potter0_20": 0.4, "counter_circuit_sparse20": 0.0, "counter_circuit_potter0_20": 0.1}
[pair_D] {"steps": 2519040, "elapsed_s": 1963.1, "coordination_ring_sparse20": 0.0, "coordination_ring_potter0_20": 0.45, "counter_circuit_sparse20": 0.0, "counter_circuit_potter0_20": 0.1}
[pair_D] {"steps": 2521088, "elapsed_s": 1964.6, "coordination_ring_sparse20": 0.0, "coordination_ring_potter0_20": 0.45, "counter_circuit_sparse20": 0.0, "counter_circuit_potter0_20": 0.1}
[pair_D] {"steps": 2523136, "elapsed_s": 1966.0, "coordination_ring_sparse20": 0.0, "coordination_ring_potter0_20": 0.5, "counter_circuit_sparse20": 0.0, "counter_circuit_potter0_20": 0.1}
[pair_D] {"steps": 2525184, "elapsed_s": 1967.5, "coordination_ring_sparse20": 0.0, "coordination_ring_potter0_20": 0.5, "counter_circuit_sparse20": 0.0, "counter_circuit_potter0_20": 0.1}
[pair_D] {"steps": 2527232, "elapsed_s": 1968.9, "coordination_ring_sparse20": 0.0, "coordination_ring_potter0_20": 0.55, "counter_circuit_sparse20": 0.0, "counter_circuit_potter0_20": 0.1}
[pair_D] {"steps": 2529280, "elapsed_s": 1970.3, "coordination_ring_sparse20": 0.0, "coordination_ring_potter0_20": 0.6, "counter_circuit_sparse20": 0.0, "counter_circuit_potter0_20": 0.1}
[pair_D] {"steps": 2531328, "elapsed_s": 1971.7, "coordination_ring_sparse20": 0.0, "coordination_ring_potter0_20": 0.6, "counter_circuit_sparse20": 0.0, "counter_circuit_potter0_20": 0.1}
[pair_D] {"steps": 2533376, "elapsed_s": 1973.1, "coordination_ring_sparse20": 0.0, "coordination_ring_potter0_20": 0.55, "counter_circuit_sparse20": 0.0, "counter_circuit_potter0_20": 0.1}
[pair_D] {"steps": 2535424, "elapsed_s": 1974.5, "coordination_ring_sparse20": 0.0, "coordination_ring_potter0_20": 0.6, "counter_circuit_sparse20": 0.0, "counter_circuit_potter0_20": 0.0}
[pair_D] {"steps": 2537472, "elapsed_s": 1975.9, "coordination_ring_sparse20": 0.0, "coordination_ring_potter0_20": 0.5, "counter_circuit_sparse20": 0.0, "counter_circuit_potter0_20": 0.0}
[pair_D] {"steps": 2539520, "elapsed_s": 1977.3, "coordination_ring_sparse20": 0.0, "coordination_ring_potter0_20": 0.5, "counter_circuit_sparse20": 0.0, "counter_circuit_potter0_20": 0.0}
[pair_D] {"steps": 2541568, "elapsed_s": 1978.9, "coordination_ring_sparse20": 0.0, "coordination_ring_potter0_20": 0.45, "counter_circuit_sparse20": 0.0, "counter_circuit_potter0_20": 0.0}
[pair_D] {"steps": 2543616, "elapsed_s": 1980.3, "coordination_ring_sparse20": 0.0, "coordination_ring_potter0_20": 0.45, "counter_circuit_sparse20": 0.0, "counter_circuit_potter0_20": 0.0}
[pair_D] {"steps": 2545664, "elapsed_s": 1981.7, "coordination_ring_sparse20": 0.0, "coordination_ring_potter0_20": 0.4, "counter_circuit_sparse20": 0.0, "counter_circuit_potter0_20": 0.0}
[pair_D] {"steps": 2547712, "elapsed_s": 1983.1, "coordination_ring_sparse20": 0.0, "coordination_ring_potter0_20": 0.35, "counter_circuit_sparse20": 0.0, "counter_circuit_potter0_20": 0.0}
[pair_D] {"steps": 2549760, "elapsed_s": 1984.5, "coordination_ring_sparse20": 0.0, "coordination_ring_potter0_20": 0.35, "counter_circuit_sparse20": 0.0, "counter_circuit_potter0_20": 0.0}
[pair_D] {"steps": 2551808, "elapsed_s": 1985.9, "coordination_ring_sparse20": 0.0, "coordination_ring_potter0_20": 0.3, "counter_circuit_sparse20": 0.0, "counter_circuit_potter0_20": 0.0}
[pair_D] {"steps": 2553856, "elapsed_s": 1987.3, "coordination_ring_sparse20": 0.0, "coordination_ring_potter0_20": 0.3, "counter_circuit_sparse20": 0.0, "counter_circuit_potter0_20": 0.0}
[pair_D] {"steps": 2555904, "elapsed_s": 1988.6, "coordination_ring_sparse20": 0.0, "coordination_ring_potter0_20": 0.3, "counter_circuit_sparse20": 0.0, "counter_circuit_potter0_20": 0.0}
[pair_D] {"steps": 2557952, "elapsed_s": 1990.1, "coordination_ring_sparse20": 0.0, "coordination_ring_potter0_20": 0.3, "counter_circuit_sparse20": 0.0, "counter_circuit_potter0_20": 0.0}
[pair_D] {"steps": 2560000, "elapsed_s": 1991.5, "coordination_ring_sparse20": 0.0, "coordination_ring_potter0_20": 0.25, "counter_circuit_sparse20": 0.0, "counter_circuit_potter0_20": 0.0}
[pair_D] {"steps": 2562048, "elapsed_s": 1993.0, "coordination_ring_sparse20": 0.0, "coordination_ring_potter0_20": 0.25, "counter_circuit_sparse20": 0.0, "counter_circuit_potter0_20": 0.0}
[pair_D] {"steps": 2564096, "elapsed_s": 1994.6, "coordination_ring_sparse20": 0.0, "coordination_ring_potter0_20": 0.3, "counter_circuit_sparse20": 0.0, "counter_circuit_potter0_20": 0.0}
[pair_D] {"steps": 2566144, "elapsed_s": 1996.0, "coordination_ring_sparse20": 0.0, "coordination_ring_potter0_20": 0.25, "counter_circuit_sparse20": 0.0, "counter_circuit_potter0_20": 0.0}
[pair_D] {"steps": 2568192, "elapsed_s": 1997.5, "coordination_ring_sparse20": 0.0, "coordination_ring_potter0_20": 0.25, "counter_circuit_sparse20": 0.0, "counter_circuit_potter0_20": 0.0}
[pair_D] {"steps": 2570240, "elapsed_s": 1999.0, "coordination_ring_sparse20": 0.0, "coordination_ring_potter0_20": 0.25, "counter_circuit_sparse20": 0.0, "counter_circuit_potter0_20": 0.0}
[pair_D] {"steps": 2572288, "elapsed_s": 2000.3, "coordination_ring_sparse20": 0.0, "coordination_ring_potter0_20": 0.2, "counter_circuit_sparse20": 0.0, "counter_circuit_potter0_20": 0.0}
[pair_D] {"steps": 2574336, "elapsed_s": 2001.8, "coordination_ring_sparse20": 0.0, "coordination_ring_potter0_20": 0.2, "counter_circuit_sparse20": 0.0, "counter_circuit_potter0_20": 0.0}
[pair_D] {"steps": 2576384, "elapsed_s": 2003.4, "coordination_ring_sparse20": 0.0, "coordination_ring_potter0_20": 0.2, "counter_circuit_sparse20": 0.0, "counter_circuit_potter0_20": 0.0}
[pair_D] {"steps": 2578432, "elapsed_s": 2004.9, "coordination_ring_sparse20": 0.0, "coordination_ring_potter0_20": 0.2, "counter_circuit_sparse20": 0.0, "counter_circuit_potter0_20": 0.0}
[pair_D] {"steps": 2580480, "elapsed_s": 2006.3, "coordination_ring_sparse20": 0.0, "coordination_ring_potter0_20": 0.15, "counter_circuit_sparse20": 0.0, "counter_circuit_potter0_20": 0.0}
[pair_D] {"steps": 2582528, "elapsed_s": 2007.7, "coordination_ring_sparse20": 0.0, "coordination_ring_potter0_20": 0.25, "counter_circuit_sparse20": 0.0, "counter_circuit_potter0_20": 0.0}
[pair_D] {"steps": 2584576, "elapsed_s": 2009.0, "coordination_ring_sparse20": 0.0, "coordination_ring_potter0_20": 0.35, "counter_circuit_sparse20": 0.0, "counter_circuit_potter0_20": 0.0}
[pair_D] {"steps": 2586624, "elapsed_s": 2010.3, "coordination_ring_sparse20": 0.0, "coordination_ring_potter0_20": 0.4, "counter_circuit_sparse20": 0.0, "counter_circuit_potter0_20": 0.0}
[pair_D] {"steps": 2588672, "elapsed_s": 2011.7, "coordination_ring_sparse20": 0.0, "coordination_ring_potter0_20": 0.45, "counter_circuit_sparse20": 0.0, "counter_circuit_potter0_20": 0.0}
[pair_D] {"steps": 2590720, "elapsed_s": 2013.1, "coordination_ring_sparse20": 0.0, "coordination_ring_potter0_20": 0.45, "counter_circuit_sparse20": 0.0, "counter_circuit_potter0_20": 0.0}
[pair_D] {"steps": 2592768, "elapsed_s": 2014.4, "coordination_ring_sparse20": 0.0, "coordination_ring_potter0_20": 0.45, "counter_circuit_sparse20": 0.0, "counter_circuit_potter0_20": 0.0}
[pair_D] {"steps": 2594816, "elapsed_s": 2015.8, "coordination_ring_sparse20": 0.0, "coordination_ring_potter0_20": 0.45, "counter_circuit_sparse20": 0.0, "counter_circuit_potter0_20": 0.0}
[pair_D] {"steps": 2596864, "elapsed_s": 2017.1, "coordination_ring_sparse20": 0.0, "coordination_ring_potter0_20": 0.5, "counter_circuit_sparse20": 0.0, "counter_circuit_potter0_20": 0.0}
[pair_D] {"steps": 2598912, "elapsed_s": 2018.5, "coordination_ring_sparse20": 0.0, "coordination_ring_potter0_20": 0.45, "counter_circuit_sparse20": 0.0, "counter_circuit_potter0_20": 0.0}
[pair_D] {"steps": 2600960, "elapsed_s": 2020.0, "coordination_ring_sparse20": 0.0, "coordination_ring_potter0_20": 0.45, "counter_circuit_sparse20": 0.0, "counter_circuit_potter0_20": 0.0}
[pair_D] {"steps": 2603008, "elapsed_s": 2021.4, "coordination_ring_sparse20": 0.0, "coordination_ring_potter0_20": 0.45, "counter_circuit_sparse20": 0.0, "counter_circuit_potter0_20": 0.0}
[pair_D] {"steps": 2605056, "elapsed_s": 2022.7, "coordination_ring_sparse20": 0.0, "coordination_ring_potter0_20": 0.45, "counter_circuit_sparse20": 0.0, "counter_circuit_potter0_20": 0.0}
[pair_D] {"steps": 2607104, "elapsed_s": 2024.0, "coordination_ring_sparse20": 0.0, "coordination_ring_potter0_20": 0.35, "counter_circuit_sparse20": 0.0, "counter_circuit_potter0_20": 0.0}
[pair_D] {"steps": 2609152, "elapsed_s": 2025.4, "coordination_ring_sparse20": 0.0, "coordination_ring_potter0_20": 0.35, "counter_circuit_sparse20": 0.0, "counter_circuit_potter0_20": 0.0}
[pair_D] {"steps": 2611200, "elapsed_s": 2027.0, "coordination_ring_sparse20": 0.0, "coordination_ring_potter0_20": 0.35, "counter_circuit_sparse20": 0.0, "counter_circuit_potter0_20": 0.0}
[pair_D] {"steps": 2613248, "elapsed_s": 2028.5, "coordination_ring_sparse20": 0.0, "coordination_ring_potter0_20": 0.3, "counter_circuit_sparse20": 0.0, "counter_circuit_potter0_20": 0.0}
[pair_D] {"steps": 2615296, "elapsed_s": 2029.8, "coordination_ring_sparse20": 0.0, "coordination_ring_potter0_20": 0.25, "counter_circuit_sparse20": 0.0, "counter_circuit_potter0_20": 0.0}
[pair_D] {"steps": 2617344, "elapsed_s": 2031.3, "coordination_ring_sparse20": 0.0, "coordination_ring_potter0_20": 0.25, "counter_circuit_sparse20": 0.0, "counter_circuit_potter0_20": 0.0}
[pair_D] {"steps": 2619392, "elapsed_s": 2032.7, "coordination_ring_sparse20": 0.0, "coordination_ring_potter0_20": 0.25, "counter_circuit_sparse20": 0.0, "counter_circuit_potter0_20": 0.0}
[pair_D] {"steps": 2621440, "elapsed_s": 2034.1, "coordination_ring_sparse20": 0.0, "coordination_ring_potter0_20": 0.3, "counter_circuit_sparse20": 0.0, "counter_circuit_potter0_20": 0.0}
[pair_D] {"steps": 2623488, "elapsed_s": 2035.4, "coordination_ring_sparse20": 0.0, "coordination_ring_potter0_20": 0.35, "counter_circuit_sparse20": 0.0, "counter_circuit_potter0_20": 0.05}
[pair_D] {"steps": 2625536, "elapsed_s": 2036.8, "coordination_ring_sparse20": 0.0, "coordination_ring_potter0_20": 0.3, "counter_circuit_sparse20": 0.0, "counter_circuit_potter0_20": 0.05}
[pair_D] {"steps": 2627584, "elapsed_s": 2038.3, "coordination_ring_sparse20": 0.0, "coordination_ring_potter0_20": 0.35, "counter_circuit_sparse20": 0.0, "counter_circuit_potter0_20": 0.05}
[pair_D] {"steps": 2629632, "elapsed_s": 2039.7, "coordination_ring_sparse20": 0.0, "coordination_ring_potter0_20": 0.4, "counter_circuit_sparse20": 0.0, "counter_circuit_potter0_20": 0.05}
[pair_D] {"steps": 2631680, "elapsed_s": 2041.1, "coordination_ring_sparse20": 0.0, "coordination_ring_potter0_20": 0.4, "counter_circuit_sparse20": 0.0, "counter_circuit_potter0_20": 0.05}
[pair_D] {"steps": 2633728, "elapsed_s": 2042.7, "coordination_ring_sparse20": 0.0, "coordination_ring_potter0_20": 0.4, "counter_circuit_sparse20": 0.0, "counter_circuit_potter0_20": 0.05}
[pair_D] {"steps": 2635776, "elapsed_s": 2044.1, "coordination_ring_sparse20": 0.0, "coordination_ring_potter0_20": 0.35, "counter_circuit_sparse20": 0.0, "counter_circuit_potter0_20": 0.05}
[pair_D] {"steps": 2637824, "elapsed_s": 2045.5, "coordination_ring_sparse20": 0.0, "coordination_ring_potter0_20": 0.4, "counter_circuit_sparse20": 0.0, "counter_circuit_potter0_20": 0.05}
[pair_D] {"steps": 2639872, "elapsed_s": 2046.8, "coordination_ring_sparse20": 0.0, "coordination_ring_potter0_20": 0.4, "counter_circuit_sparse20": 0.0, "counter_circuit_potter0_20": 0.05}
[pair_D] {"steps": 2641920, "elapsed_s": 2048.2, "coordination_ring_sparse20": 0.0, "coordination_ring_potter0_20": 0.35, "counter_circuit_sparse20": 0.0, "counter_circuit_potter0_20": 0.05}
[pair_D] {"steps": 2643968, "elapsed_s": 2049.6, "coordination_ring_sparse20": 0.0, "coordination_ring_potter0_20": 0.45, "counter_circuit_sparse20": 0.0, "counter_circuit_potter0_20": 0.05}
[pair_D] {"steps": 2646016, "elapsed_s": 2051.1, "coordination_ring_sparse20": 0.0, "coordination_ring_potter0_20": 0.45, "counter_circuit_sparse20": 0.0, "counter_circuit_potter0_20": 0.05}
[pair_D] {"steps": 2648064, "elapsed_s": 2052.7, "coordination_ring_sparse20": 0.0, "coordination_ring_potter0_20": 0.45, "counter_circuit_sparse20": 0.0, "counter_circuit_potter0_20": 0.05}
[pair_D] {"steps": 2650112, "elapsed_s": 2054.1, "coordination_ring_sparse20": 0.0, "coordination_ring_potter0_20": 0.45, "counter_circuit_sparse20": 0.0, "counter_circuit_potter0_20": 0.1}
[pair_D] {"steps": 2652160, "elapsed_s": 2055.5, "coordination_ring_sparse20": 0.0, "coordination_ring_potter0_20": 0.45, "counter_circuit_sparse20": 0.0, "counter_circuit_potter0_20": 0.1}
[pair_D] {"steps": 2654208, "elapsed_s": 2056.8, "coordination_ring_sparse20": 0.0, "coordination_ring_potter0_20": 0.4, "counter_circuit_sparse20": 0.0, "counter_circuit_potter0_20": 0.1}
[pair_D] {"steps": 2656256, "elapsed_s": 2058.3, "coordination_ring_sparse20": 0.0, "coordination_ring_potter0_20": 0.4, "counter_circuit_sparse20": 0.0, "counter_circuit_potter0_20": 0.1}
[pair_D] {"steps": 2658304, "elapsed_s": 2059.7, "coordination_ring_sparse20": 0.0, "coordination_ring_potter0_20": 0.45, "counter_circuit_sparse20": 0.0, "counter_circuit_potter0_20": 0.1}
[pair_D] {"steps": 2660352, "elapsed_s": 2061.0, "coordination_ring_sparse20": 0.0, "coordination_ring_potter0_20": 0.45, "counter_circuit_sparse20": 0.0, "counter_circuit_potter0_20": 0.1}
[pair_D] {"steps": 2662400, "elapsed_s": 2062.6, "coordination_ring_sparse20": 0.0, "coordination_ring_potter0_20": 0.45, "counter_circuit_sparse20": 0.0, "counter_circuit_potter0_20": 0.1}
[pair_D] {"steps": 2664448, "elapsed_s": 2064.1, "coordination_ring_sparse20": 0.0, "coordination_ring_potter0_20": 0.4, "counter_circuit_sparse20": 0.0, "counter_circuit_potter0_20": 0.1}
[pair_D] {"steps": 2666496, "elapsed_s": 2065.6, "coordination_ring_sparse20": 0.0, "coordination_ring_potter0_20": 0.4, "counter_circuit_sparse20": 0.0, "counter_circuit_potter0_20": 0.1}
[pair_D] {"steps": 2668544, "elapsed_s": 2067.1, "coordination_ring_sparse20": 0.0, "coordination_ring_potter0_20": 0.4, "counter_circuit_sparse20": 0.0, "counter_circuit_potter0_20": 0.1}
[pair_D] {"steps": 2670592, "elapsed_s": 2068.7, "coordination_ring_sparse20": 0.0, "coordination_ring_potter0_20": 0.4, "counter_circuit_sparse20": 0.0, "counter_circuit_potter0_20": 0.1}
[pair_D] {"steps": 2672640, "elapsed_s": 2070.2, "coordination_ring_sparse20": 0.0, "coordination_ring_potter0_20": 0.4, "counter_circuit_sparse20": 0.0, "counter_circuit_potter0_20": 0.1}
[pair_D] {"steps": 2674688, "elapsed_s": 2071.7, "coordination_ring_sparse20": 0.0, "coordination_ring_potter0_20": 0.4, "counter_circuit_sparse20": 0.0, "counter_circuit_potter0_20": 0.15}
[pair_D] {"steps": 2676736, "elapsed_s": 2073.3, "coordination_ring_sparse20": 0.0, "coordination_ring_potter0_20": 0.35, "counter_circuit_sparse20": 0.0, "counter_circuit_potter0_20": 0.15}
[pair_D] {"steps": 2678784, "elapsed_s": 2074.7, "coordination_ring_sparse20": 0.0, "coordination_ring_potter0_20": 0.5, "counter_circuit_sparse20": 0.0, "counter_circuit_potter0_20": 0.15}
[pair_D] {"steps": 2680832, "elapsed_s": 2076.1, "coordination_ring_sparse20": 0.0, "coordination_ring_potter0_20": 0.45, "counter_circuit_sparse20": 0.0, "counter_circuit_potter0_20": 0.15}
[pair_D] {"steps": 2682880, "elapsed_s": 2077.7, "coordination_ring_sparse20": 0.0, "coordination_ring_potter0_20": 0.4, "counter_circuit_sparse20": 0.0, "counter_circuit_potter0_20": 0.15}
[pair_D] {"steps": 2684928, "elapsed_s": 2079.3, "coordination_ring_sparse20": 0.0, "coordination_ring_potter0_20": 0.45, "counter_circuit_sparse20": 0.0, "counter_circuit_potter0_20": 0.15}
[pair_D] {"steps": 2686976, "elapsed_s": 2080.8, "coordination_ring_sparse20": 0.0, "coordination_ring_potter0_20": 0.4, "counter_circuit_sparse20": 0.0, "counter_circuit_potter0_20": 0.15}
[pair_D] {"steps": 2689024, "elapsed_s": 2082.4, "coordination_ring_sparse20": 0.0, "coordination_ring_potter0_20": 0.4, "counter_circuit_sparse20": 0.0, "counter_circuit_potter0_20": 0.15}
[pair_D] {"steps": 2691072, "elapsed_s": 2083.7, "coordination_ring_sparse20": 0.0, "coordination_ring_potter0_20": 0.4, "counter_circuit_sparse20": 0.0, "counter_circuit_potter0_20": 0.15}
[pair_D] {"steps": 2693120, "elapsed_s": 2085.3, "coordination_ring_sparse20": 0.0, "coordination_ring_potter0_20": 0.45, "counter_circuit_sparse20": 0.0, "counter_circuit_potter0_20": 0.15}
[pair_D] {"steps": 2695168, "elapsed_s": 2086.8, "coordination_ring_sparse20": 0.0, "coordination_ring_potter0_20": 0.4, "counter_circuit_sparse20": 0.0, "counter_circuit_potter0_20": 0.15}
[pair_D] {"steps": 2697216, "elapsed_s": 2088.3, "coordination_ring_sparse20": 0.0, "coordination_ring_potter0_20": 0.35, "counter_circuit_sparse20": 0.0, "counter_circuit_potter0_20": 0.15}
[pair_D] {"steps": 2699264, "elapsed_s": 2089.7, "coordination_ring_sparse20": 0.0, "coordination_ring_potter0_20": 0.35, "counter_circuit_sparse20": 0.0, "counter_circuit_potter0_20": 0.15}
[pair_D] {"steps": 2701312, "elapsed_s": 2091.2, "coordination_ring_sparse20": 0.0, "coordination_ring_potter0_20": 0.35, "counter_circuit_sparse20": 0.0, "counter_circuit_potter0_20": 0.15}
[pair_D] {"steps": 2703360, "elapsed_s": 2093.1, "coordination_ring_sparse20": 0.0, "coordination_ring_potter0_20": 0.3, "counter_circuit_sparse20": 0.0, "counter_circuit_potter0_20": 0.15}
[pair_D] {"steps": 2705408, "elapsed_s": 2095.3, "coordination_ring_sparse20": 0.0, "coordination_ring_potter0_20": 0.3, "counter_circuit_sparse20": 0.0, "counter_circuit_potter0_20": 0.15}
[pair_D] {"steps": 2707456, "elapsed_s": 2097.5, "coordination_ring_sparse20": 0.0, "coordination_ring_potter0_20": 0.3, "counter_circuit_sparse20": 0.0, "counter_circuit_potter0_20": 0.15}
[pair_D] {"steps": 2709504, "elapsed_s": 2099.8, "coordination_ring_sparse20": 0.0, "coordination_ring_potter0_20": 0.3, "counter_circuit_sparse20": 0.0, "counter_circuit_potter0_20": 0.15}
[pair_D] {"steps": 2711552, "elapsed_s": 2101.9, "coordination_ring_sparse20": 0.0, "coordination_ring_potter0_20": 0.3, "counter_circuit_sparse20": 0.0, "counter_circuit_potter0_20": 0.15}
[pair_D] {"steps": 2713600, "elapsed_s": 2104.1, "coordination_ring_sparse20": 0.0, "coordination_ring_potter0_20": 0.4, "counter_circuit_sparse20": 0.0, "counter_circuit_potter0_20": 0.15}
[pair_D] {"steps": 2715648, "elapsed_s": 2106.4, "coordination_ring_sparse20": 0.0, "coordination_ring_potter0_20": 0.45, "counter_circuit_sparse20": 0.0, "counter_circuit_potter0_20": 0.15}
[pair_D] {"steps": 2717696, "elapsed_s": 2108.6, "coordination_ring_sparse20": 0.0, "coordination_ring_potter0_20": 0.45, "counter_circuit_sparse20": 0.0, "counter_circuit_potter0_20": 0.15}
[pair_D] {"steps": 2719744, "elapsed_s": 2111.0, "coordination_ring_sparse20": 0.0, "coordination_ring_potter0_20": 0.45, "counter_circuit_sparse20": 0.0, "counter_circuit_potter0_20": 0.15}
[pair_D] {"steps": 2721792, "elapsed_s": 2113.2, "coordination_ring_sparse20": 0.0, "coordination_ring_potter0_20": 0.45, "counter_circuit_sparse20": 0.0, "counter_circuit_potter0_20": 0.15}
[pair_D] {"steps": 2723840, "elapsed_s": 2115.4, "coordination_ring_sparse20": 0.0, "coordination_ring_potter0_20": 0.45, "counter_circuit_sparse20": 0.0, "counter_circuit_potter0_20": 0.15}
[pair_D] {"steps": 2725888, "elapsed_s": 2117.6, "coordination_ring_sparse20": 0.0, "coordination_ring_potter0_20": 0.45, "counter_circuit_sparse20": 0.0, "counter_circuit_potter0_20": 0.15}
[pair_D] {"steps": 2727936, "elapsed_s": 2119.1, "coordination_ring_sparse20": 0.0, "coordination_ring_potter0_20": 0.45, "counter_circuit_sparse20": 0.0, "counter_circuit_potter0_20": 0.15}
[pair_D] {"steps": 2729984, "elapsed_s": 2120.6, "coordination_ring_sparse20": 0.0, "coordination_ring_potter0_20": 0.45, "counter_circuit_sparse20": 0.0, "counter_circuit_potter0_20": 0.15}
[pair_D] {"steps": 2732032, "elapsed_s": 2122.2, "coordination_ring_sparse20": 0.0, "coordination_ring_potter0_20": 0.5, "counter_circuit_sparse20": 0.0, "counter_circuit_potter0_20": 0.15}
[pair_D] {"steps": 2734080, "elapsed_s": 2123.7, "coordination_ring_sparse20": 0.0, "coordination_ring_potter0_20": 0.5, "counter_circuit_sparse20": 0.0, "counter_circuit_potter0_20": 0.15}
[pair_D] {"steps": 2736128, "elapsed_s": 2125.4, "coordination_ring_sparse20": 0.0, "coordination_ring_potter0_20": 0.5, "counter_circuit_sparse20": 0.0, "counter_circuit_potter0_20": 0.15}
[pair_D] {"steps": 2738176, "elapsed_s": 2126.9, "coordination_ring_sparse20": 0.0, "coordination_ring_potter0_20": 0.5, "counter_circuit_sparse20": 0.0, "counter_circuit_potter0_20": 0.15}
[pair_D] {"steps": 2740224, "elapsed_s": 2128.3, "coordination_ring_sparse20": 0.0, "coordination_ring_potter0_20": 0.55, "counter_circuit_sparse20": 0.0, "counter_circuit_potter0_20": 0.15}
[pair_D] {"steps": 2742272, "elapsed_s": 2129.9, "coordination_ring_sparse20": 0.0, "coordination_ring_potter0_20": 0.55, "counter_circuit_sparse20": 0.0, "counter_circuit_potter0_20": 0.15}
[pair_D] {"steps": 2744320, "elapsed_s": 2131.9, "coordination_ring_sparse20": 0.0, "coordination_ring_potter0_20": 0.6, "counter_circuit_sparse20": 0.0, "counter_circuit_potter0_20": 0.15}
[pair_D] {"steps": 2746368, "elapsed_s": 2134.1, "coordination_ring_sparse20": 0.0, "coordination_ring_potter0_20": 0.55, "counter_circuit_sparse20": 0.0, "counter_circuit_potter0_20": 0.15}
[pair_D] {"steps": 2748416, "elapsed_s": 2136.2, "coordination_ring_sparse20": 0.0, "coordination_ring_potter0_20": 0.6, "counter_circuit_sparse20": 0.0, "counter_circuit_potter0_20": 0.15}
[pair_D] {"steps": 2750464, "elapsed_s": 2138.3, "coordination_ring_sparse20": 0.0, "coordination_ring_potter0_20": 0.6, "counter_circuit_sparse20": 0.0, "counter_circuit_potter0_20": 0.15}
[pair_D] {"steps": 2752512, "elapsed_s": 2140.6, "coordination_ring_sparse20": 0.0, "coordination_ring_potter0_20": 0.6, "counter_circuit_sparse20": 0.0, "counter_circuit_potter0_20": 0.15}
[pair_D] {"steps": 2754560, "elapsed_s": 2142.8, "coordination_ring_sparse20": 0.0, "coordination_ring_potter0_20": 0.55, "counter_circuit_sparse20": 0.0, "counter_circuit_potter0_20": 0.15}
[pair_D] {"steps": 2756608, "elapsed_s": 2144.4, "coordination_ring_sparse20": 0.0, "coordination_ring_potter0_20": 0.55, "counter_circuit_sparse20": 0.0, "counter_circuit_potter0_20": 0.15}
[pair_D] {"steps": 2758656, "elapsed_s": 2146.0, "coordination_ring_sparse20": 0.0, "coordination_ring_potter0_20": 0.55, "counter_circuit_sparse20": 0.0, "counter_circuit_potter0_20": 0.15}
[pair_D] {"steps": 2760704, "elapsed_s": 2147.5, "coordination_ring_sparse20": 0.0, "coordination_ring_potter0_20": 0.55, "counter_circuit_sparse20": 0.0, "counter_circuit_potter0_20": 0.15}
[pair_D] {"steps": 2762752, "elapsed_s": 2149.0, "coordination_ring_sparse20": 0.0, "coordination_ring_potter0_20": 0.55, "counter_circuit_sparse20": 0.0, "counter_circuit_potter0_20": 0.15}
[pair_D] {"steps": 2764800, "elapsed_s": 2150.6, "coordination_ring_sparse20": 0.0, "coordination_ring_potter0_20": 0.55, "counter_circuit_sparse20": 0.0, "counter_circuit_potter0_20": 0.15}
[pair_D] {"steps": 2766848, "elapsed_s": 2152.4, "coordination_ring_sparse20": 0.0, "coordination_ring_potter0_20": 0.55, "counter_circuit_sparse20": 0.0, "counter_circuit_potter0_20": 0.15}
[pair_D] {"steps": 2768896, "elapsed_s": 2153.9, "coordination_ring_sparse20": 0.0, "coordination_ring_potter0_20": 0.55, "counter_circuit_sparse20": 0.0, "counter_circuit_potter0_20": 0.15}
[pair_D] {"steps": 2770944, "elapsed_s": 2155.5, "coordination_ring_sparse20": 0.0, "coordination_ring_potter0_20": 0.55, "counter_circuit_sparse20": 0.0, "counter_circuit_potter0_20": 0.15}
[pair_D] {"steps": 2772992, "elapsed_s": 2157.1, "coordination_ring_sparse20": 0.0, "coordination_ring_potter0_20": 0.55, "counter_circuit_sparse20": 0.0, "counter_circuit_potter0_20": 0.15}
[pair_D] {"steps": 2775040, "elapsed_s": 2158.6, "coordination_ring_sparse20": 0.0, "coordination_ring_potter0_20": 0.55, "counter_circuit_sparse20": 0.0, "counter_circuit_potter0_20": 0.15}
[pair_D] {"steps": 2777088, "elapsed_s": 2160.7, "coordination_ring_sparse20": 0.0, "coordination_ring_potter0_20": 0.55, "counter_circuit_sparse20": 0.0, "counter_circuit_potter0_20": 0.15}
[pair_D] {"steps": 2779136, "elapsed_s": 2162.5, "coordination_ring_sparse20": 0.0, "coordination_ring_potter0_20": 0.55, "counter_circuit_sparse20": 0.0, "counter_circuit_potter0_20": 0.15}
[pair_D] {"steps": 2781184, "elapsed_s": 2164.3, "coordination_ring_sparse20": 0.0, "coordination_ring_potter0_20": 0.55, "counter_circuit_sparse20": 0.0, "counter_circuit_potter0_20": 0.15}
[pair_D] {"steps": 2783232, "elapsed_s": 2165.9, "coordination_ring_sparse20": 0.0, "coordination_ring_potter0_20": 0.55, "counter_circuit_sparse20": 0.0, "counter_circuit_potter0_20": 0.15}
[pair_D] {"steps": 2785280, "elapsed_s": 2167.4, "coordination_ring_sparse20": 0.0, "coordination_ring_potter0_20": 0.5, "counter_circuit_sparse20": 0.0, "counter_circuit_potter0_20": 0.15}
[pair_D] {"steps": 2787328, "elapsed_s": 2169.0, "coordination_ring_sparse20": 0.0, "coordination_ring_potter0_20": 0.5, "counter_circuit_sparse20": 0.0, "counter_circuit_potter0_20": 0.15}
[pair_D] {"steps": 2789376, "elapsed_s": 2170.7, "coordination_ring_sparse20": 0.0, "coordination_ring_potter0_20": 0.5, "counter_circuit_sparse20": 0.0, "counter_circuit_potter0_20": 0.15}
[pair_D] {"steps": 2791424, "elapsed_s": 2172.5, "coordination_ring_sparse20": 0.0, "coordination_ring_potter0_20": 0.5, "counter_circuit_sparse20": 0.0, "counter_circuit_potter0_20": 0.15}
[pair_D] {"steps": 2793472, "elapsed_s": 2174.0, "coordination_ring_sparse20": 0.0, "coordination_ring_potter0_20": 0.5, "counter_circuit_sparse20": 0.0, "counter_circuit_potter0_20": 0.15}
[pair_D] {"steps": 2795520, "elapsed_s": 2175.5, "coordination_ring_sparse20": 0.0, "coordination_ring_potter0_20": 0.5, "counter_circuit_sparse20": 0.0, "counter_circuit_potter0_20": 0.15}
[pair_D] {"steps": 2797568, "elapsed_s": 2177.1, "coordination_ring_sparse20": 0.0, "coordination_ring_potter0_20": 0.5, "counter_circuit_sparse20": 0.0, "counter_circuit_potter0_20": 0.15}
[pair_D] {"steps": 2799616, "elapsed_s": 2179.4, "coordination_ring_sparse20": 0.0, "coordination_ring_potter0_20": 0.5, "counter_circuit_sparse20": 0.0, "counter_circuit_potter0_20": 0.15}
[pair_D] {"steps": 2801664, "elapsed_s": 2181.0, "coordination_ring_sparse20": 0.0, "coordination_ring_potter0_20": 0.5, "counter_circuit_sparse20": 0.0, "counter_circuit_potter0_20": 0.15}
[pair_D] {"steps": 2803712, "elapsed_s": 2182.4, "coordination_ring_sparse20": 0.0, "coordination_ring_potter0_20": 0.5, "counter_circuit_sparse20": 0.0, "counter_circuit_potter0_20": 0.15}
[pair_D] {"steps": 2805760, "elapsed_s": 2184.0, "coordination_ring_sparse20": 0.0, "coordination_ring_potter0_20": 0.5, "counter_circuit_sparse20": 0.0, "counter_circuit_potter0_20": 0.15}
[pair_D] {"steps": 2807808, "elapsed_s": 2185.5, "coordination_ring_sparse20": 0.0, "coordination_ring_potter0_20": 0.5, "counter_circuit_sparse20": 0.0, "counter_circuit_potter0_20": 0.15}
[pair_D] {"steps": 2809856, "elapsed_s": 2187.0, "coordination_ring_sparse20": 0.0, "coordination_ring_potter0_20": 0.5, "counter_circuit_sparse20": 0.0, "counter_circuit_potter0_20": 0.15}
[pair_D] {"steps": 2811904, "elapsed_s": 2188.6, "coordination_ring_sparse20": 0.0, "coordination_ring_potter0_20": 0.5, "counter_circuit_sparse20": 0.0, "counter_circuit_potter0_20": 0.15}
[pair_D] {"steps": 2813952, "elapsed_s": 2190.2, "coordination_ring_sparse20": 0.0, "coordination_ring_potter0_20": 0.5, "counter_circuit_sparse20": 0.0, "counter_circuit_potter0_20": 0.15}
[pair_D] {"steps": 2816000, "elapsed_s": 2192.1, "coordination_ring_sparse20": 0.0, "coordination_ring_potter0_20": 0.55, "counter_circuit_sparse20": 0.0, "counter_circuit_potter0_20": 0.15}
[pair_D] {"steps": 2818048, "elapsed_s": 2193.8, "coordination_ring_sparse20": 0.0, "coordination_ring_potter0_20": 0.55, "counter_circuit_sparse20": 0.0, "counter_circuit_potter0_20": 0.15}
[pair_D] {"steps": 2820096, "elapsed_s": 2195.3, "coordination_ring_sparse20": 0.0, "coordination_ring_potter0_20": 0.55, "counter_circuit_sparse20": 0.0, "counter_circuit_potter0_20": 0.15}
[pair_D] {"steps": 2822144, "elapsed_s": 2196.8, "coordination_ring_sparse20": 0.0, "coordination_ring_potter0_20": 0.55, "counter_circuit_sparse20": 0.0, "counter_circuit_potter0_20": 0.15}
[pair_D] {"steps": 2824192, "elapsed_s": 2198.4, "coordination_ring_sparse20": 0.0, "coordination_ring_potter0_20": 0.6, "counter_circuit_sparse20": 0.0, "counter_circuit_potter0_20": 0.15}
[pair_D] {"steps": 2826240, "elapsed_s": 2200.1, "coordination_ring_sparse20": 0.0, "coordination_ring_potter0_20": 0.6, "counter_circuit_sparse20": 0.0, "counter_circuit_potter0_20": 0.15}
[pair_D] {"steps": 2828288, "elapsed_s": 2201.5, "coordination_ring_sparse20": 0.0, "coordination_ring_potter0_20": 0.6, "counter_circuit_sparse20": 0.0, "counter_circuit_potter0_20": 0.15}
[pair_D] {"steps": 2830336, "elapsed_s": 2202.9, "coordination_ring_sparse20": 0.0, "coordination_ring_potter0_20": 0.6, "counter_circuit_sparse20": 0.0, "counter_circuit_potter0_20": 0.15}
[pair_D] {"steps": 2832384, "elapsed_s": 2204.4, "coordination_ring_sparse20": 0.0, "coordination_ring_potter0_20": 0.6, "counter_circuit_sparse20": 0.0, "counter_circuit_potter0_20": 0.15}
[pair_D] {"steps": 2834432, "elapsed_s": 2205.9, "coordination_ring_sparse20": 0.0, "coordination_ring_potter0_20": 0.6, "counter_circuit_sparse20": 0.0, "counter_circuit_potter0_20": 0.15}
[pair_D] {"steps": 2836480, "elapsed_s": 2207.4, "coordination_ring_sparse20": 0.0, "coordination_ring_potter0_20": 0.6, "counter_circuit_sparse20": 0.0, "counter_circuit_potter0_20": 0.15}
[pair_D] {"steps": 2838528, "elapsed_s": 2209.2, "coordination_ring_sparse20": 0.0, "coordination_ring_potter0_20": 0.6, "counter_circuit_sparse20": 0.0, "counter_circuit_potter0_20": 0.15}
[pair_D] {"steps": 2840576, "elapsed_s": 2211.0, "coordination_ring_sparse20": 0.0, "coordination_ring_potter0_20": 0.6, "counter_circuit_sparse20": 0.0, "counter_circuit_potter0_20": 0.15}
[pair_D] {"steps": 2842624, "elapsed_s": 2212.5, "coordination_ring_sparse20": 0.0, "coordination_ring_potter0_20": 0.6, "counter_circuit_sparse20": 0.0, "counter_circuit_potter0_20": 0.15}
[pair_D] {"steps": 2844672, "elapsed_s": 2214.0, "coordination_ring_sparse20": 0.0, "coordination_ring_potter0_20": 0.6, "counter_circuit_sparse20": 0.0, "counter_circuit_potter0_20": 0.15}
[pair_D] {"steps": 2846720, "elapsed_s": 2215.6, "coordination_ring_sparse20": 0.0, "coordination_ring_potter0_20": 0.6, "counter_circuit_sparse20": 0.0, "counter_circuit_potter0_20": 0.15}
[pair_D] {"steps": 2848768, "elapsed_s": 2217.1, "coordination_ring_sparse20": 0.0, "coordination_ring_potter0_20": 0.6, "counter_circuit_sparse20": 0.0, "counter_circuit_potter0_20": 0.15}
[pair_D] {"steps": 2850816, "elapsed_s": 2218.7, "coordination_ring_sparse20": 0.0, "coordination_ring_potter0_20": 0.6, "counter_circuit_sparse20": 0.0, "counter_circuit_potter0_20": 0.15}
[pair_D] {"steps": 2852864, "elapsed_s": 2220.8, "coordination_ring_sparse20": 0.0, "coordination_ring_potter0_20": 0.6, "counter_circuit_sparse20": 0.0, "counter_circuit_potter0_20": 0.15}
[pair_D] {"steps": 2854912, "elapsed_s": 2222.5, "coordination_ring_sparse20": 0.0, "coordination_ring_potter0_20": 0.6, "counter_circuit_sparse20": 0.0, "counter_circuit_potter0_20": 0.15}
[pair_D] {"steps": 2856960, "elapsed_s": 2224.1, "coordination_ring_sparse20": 0.0, "coordination_ring_potter0_20": 0.6, "counter_circuit_sparse20": 0.0, "counter_circuit_potter0_20": 0.15}
[pair_D] {"steps": 2859008, "elapsed_s": 2225.6, "coordination_ring_sparse20": 0.0, "coordination_ring_potter0_20": 0.6, "counter_circuit_sparse20": 0.0, "counter_circuit_potter0_20": 0.15}
[pair_D] {"steps": 2861056, "elapsed_s": 2227.1, "coordination_ring_sparse20": 0.0, "coordination_ring_potter0_20": 0.6, "counter_circuit_sparse20": 0.0, "counter_circuit_potter0_20": 0.15}
[pair_D] {"steps": 2863104, "elapsed_s": 2228.8, "coordination_ring_sparse20": 0.0, "coordination_ring_potter0_20": 0.55, "counter_circuit_sparse20": 0.0, "counter_circuit_potter0_20": 0.15}
[pair_D] {"steps": 2865152, "elapsed_s": 2230.3, "coordination_ring_sparse20": 0.0, "coordination_ring_potter0_20": 0.6, "counter_circuit_sparse20": 0.0, "counter_circuit_potter0_20": 0.15}
[pair_D] {"steps": 2867200, "elapsed_s": 2231.9, "coordination_ring_sparse20": 0.0, "coordination_ring_potter0_20": 0.6, "counter_circuit_sparse20": 0.0, "counter_circuit_potter0_20": 0.15}
[pair_D] {"steps": 2869248, "elapsed_s": 2233.3, "coordination_ring_sparse20": 0.0, "coordination_ring_potter0_20": 0.6, "counter_circuit_sparse20": 0.0, "counter_circuit_potter0_20": 0.15}
[pair_D] {"steps": 2871296, "elapsed_s": 2234.9, "coordination_ring_sparse20": 0.0, "coordination_ring_potter0_20": 0.6, "counter_circuit_sparse20": 0.0, "counter_circuit_potter0_20": 0.15}
[pair_D] {"steps": 2873344, "elapsed_s": 2236.5, "coordination_ring_sparse20": 0.0, "coordination_ring_potter0_20": 0.6, "counter_circuit_sparse20": 0.0, "counter_circuit_potter0_20": 0.15}
[pair_D] {"steps": 2875392, "elapsed_s": 2238.1, "coordination_ring_sparse20": 0.0, "coordination_ring_potter0_20": 0.6, "counter_circuit_sparse20": 0.0, "counter_circuit_potter0_20": 0.15}
[pair_D] {"steps": 2877440, "elapsed_s": 2239.6, "coordination_ring_sparse20": 0.0, "coordination_ring_potter0_20": 0.6, "counter_circuit_sparse20": 0.0, "counter_circuit_potter0_20": 0.15}
[pair_D] {"steps": 2879488, "elapsed_s": 2241.2, "coordination_ring_sparse20": 0.0, "coordination_ring_potter0_20": 0.6, "counter_circuit_sparse20": 0.0, "counter_circuit_potter0_20": 0.15}
[pair_D] {"steps": 2881536, "elapsed_s": 2242.8, "coordination_ring_sparse20": 0.0, "coordination_ring_potter0_20": 0.6, "counter_circuit_sparse20": 0.0, "counter_circuit_potter0_20": 0.15}
[pair_D] {"steps": 2883584, "elapsed_s": 2244.2, "coordination_ring_sparse20": 0.0, "coordination_ring_potter0_20": 0.6, "counter_circuit_sparse20": 0.0, "counter_circuit_potter0_20": 0.15}
[pair_D] {"steps": 2885632, "elapsed_s": 2245.7, "coordination_ring_sparse20": 0.0, "coordination_ring_potter0_20": 0.6, "counter_circuit_sparse20": 0.0, "counter_circuit_potter0_20": 0.15}
[pair_D] {"steps": 2887680, "elapsed_s": 2247.5, "coordination_ring_sparse20": 0.0, "coordination_ring_potter0_20": 0.6, "counter_circuit_sparse20": 0.0, "counter_circuit_potter0_20": 0.15}
[pair_D] {"steps": 2889728, "elapsed_s": 2249.6, "coordination_ring_sparse20": 0.0, "coordination_ring_potter0_20": 0.6, "counter_circuit_sparse20": 0.0, "counter_circuit_potter0_20": 0.15}
[pair_D] {"steps": 2891776, "elapsed_s": 2251.6, "coordination_ring_sparse20": 0.0, "coordination_ring_potter0_20": 0.6, "counter_circuit_sparse20": 0.0, "counter_circuit_potter0_20": 0.15}
[pair_D] {"steps": 2893824, "elapsed_s": 2253.1, "coordination_ring_sparse20": 0.0, "coordination_ring_potter0_20": 0.6, "counter_circuit_sparse20": 0.0, "counter_circuit_potter0_20": 0.15}
[pair_D] {"steps": 2895872, "elapsed_s": 2254.6, "coordination_ring_sparse20": 0.0, "coordination_ring_potter0_20": 0.6, "counter_circuit_sparse20": 0.0, "counter_circuit_potter0_20": 0.15}
[pair_D] {"steps": 2897920, "elapsed_s": 2256.1, "coordination_ring_sparse20": 0.0, "coordination_ring_potter0_20": 0.6, "counter_circuit_sparse20": 0.0, "counter_circuit_potter0_20": 0.15}
[pair_D] {"steps": 2899968, "elapsed_s": 2258.2, "coordination_ring_sparse20": 0.0, "coordination_ring_potter0_20": 0.6, "counter_circuit_sparse20": 0.0, "counter_circuit_potter0_20": 0.15}
[pair_D] {"steps": 2902016, "elapsed_s": 2259.7, "coordination_ring_sparse20": 0.0, "coordination_ring_potter0_20": 0.6, "counter_circuit_sparse20": 0.0, "counter_circuit_potter0_20": 0.15}
[pair_D] {"steps": 2904064, "elapsed_s": 2261.2, "coordination_ring_sparse20": 0.0, "coordination_ring_potter0_20": 0.6, "counter_circuit_sparse20": 0.0, "counter_circuit_potter0_20": 0.15}
[pair_D] {"steps": 2906112, "elapsed_s": 2262.8, "coordination_ring_sparse20": 0.0, "coordination_ring_potter0_20": 0.6, "counter_circuit_sparse20": 0.0, "counter_circuit_potter0_20": 0.15}
[pair_D] {"steps": 2908160, "elapsed_s": 2264.3, "coordination_ring_sparse20": 0.0, "coordination_ring_potter0_20": 0.6, "counter_circuit_sparse20": 0.0, "counter_circuit_potter0_20": 0.15}
[pair_D] {"steps": 2910208, "elapsed_s": 2266.0, "coordination_ring_sparse20": 0.0, "coordination_ring_potter0_20": 0.6, "counter_circuit_sparse20": 0.0, "counter_circuit_potter0_20": 0.15}
[pair_D] {"steps": 2912256, "elapsed_s": 2267.5, "coordination_ring_sparse20": 0.0, "coordination_ring_potter0_20": 0.55, "counter_circuit_sparse20": 0.0, "counter_circuit_potter0_20": 0.15}
[pair_D] {"steps": 2914304, "elapsed_s": 2268.9, "coordination_ring_sparse20": 0.0, "coordination_ring_potter0_20": 0.55, "counter_circuit_sparse20": 0.0, "counter_circuit_potter0_20": 0.15}
[pair_D] {"steps": 2916352, "elapsed_s": 2270.3, "coordination_ring_sparse20": 0.0, "coordination_ring_potter0_20": 0.5, "counter_circuit_sparse20": 0.0, "counter_circuit_potter0_20": 0.15}
[pair_D] {"steps": 2918400, "elapsed_s": 2271.9, "coordination_ring_sparse20": 0.0, "coordination_ring_potter0_20": 0.45, "counter_circuit_sparse20": 0.0, "counter_circuit_potter0_20": 0.15}
[pair_D] {"steps": 2920448, "elapsed_s": 2273.3, "coordination_ring_sparse20": 0.0, "coordination_ring_potter0_20": 0.45, "counter_circuit_sparse20": 0.0, "counter_circuit_potter0_20": 0.15}
[pair_D] {"steps": 2922496, "elapsed_s": 2275.0, "coordination_ring_sparse20": 0.0, "coordination_ring_potter0_20": 0.45, "counter_circuit_sparse20": 0.0, "counter_circuit_potter0_20": 0.15}
[pair_D] {"steps": 2924544, "elapsed_s": 2276.5, "coordination_ring_sparse20": 0.0, "coordination_ring_potter0_20": 0.5, "counter_circuit_sparse20": 0.0, "counter_circuit_potter0_20": 0.15}
[pair_D] {"steps": 2926592, "elapsed_s": 2278.0, "coordination_ring_sparse20": 0.0, "coordination_ring_potter0_20": 0.5, "counter_circuit_sparse20": 0.0, "counter_circuit_potter0_20": 0.15}
[pair_D] {"steps": 2928640, "elapsed_s": 2279.5, "coordination_ring_sparse20": 0.0, "coordination_ring_potter0_20": 0.5, "counter_circuit_sparse20": 0.0, "counter_circuit_potter0_20": 0.15}
[pair_D] {"steps": 2930688, "elapsed_s": 2281.0, "coordination_ring_sparse20": 0.0, "coordination_ring_potter0_20": 0.5, "counter_circuit_sparse20": 0.0, "counter_circuit_potter0_20": 0.15}
[pair_D] {"steps": 2932736, "elapsed_s": 2282.5, "coordination_ring_sparse20": 0.0, "coordination_ring_potter0_20": 0.5, "counter_circuit_sparse20": 0.0, "counter_circuit_potter0_20": 0.15}
[pair_D] {"steps": 2934784, "elapsed_s": 2284.0, "coordination_ring_sparse20": 0.0, "coordination_ring_potter0_20": 0.5, "counter_circuit_sparse20": 0.0, "counter_circuit_potter0_20": 0.15}
[pair_D] {"steps": 2936832, "elapsed_s": 2285.6, "coordination_ring_sparse20": 0.0, "coordination_ring_potter0_20": 0.45, "counter_circuit_sparse20": 0.0, "counter_circuit_potter0_20": 0.15}
[pair_D] {"steps": 2938880, "elapsed_s": 2287.1, "coordination_ring_sparse20": 0.0, "coordination_ring_potter0_20": 0.45, "counter_circuit_sparse20": 0.0, "counter_circuit_potter0_20": 0.15}
[pair_D] {"steps": 2940928, "elapsed_s": 2288.7, "coordination_ring_sparse20": 0.0, "coordination_ring_potter0_20": 0.45, "counter_circuit_sparse20": 0.0, "counter_circuit_potter0_20": 0.15}
[pair_D] {"steps": 2942976, "elapsed_s": 2290.2, "coordination_ring_sparse20": 0.0, "coordination_ring_potter0_20": 0.45, "counter_circuit_sparse20": 0.0, "counter_circuit_potter0_20": 0.15}
[pair_D] {"steps": 2945024, "elapsed_s": 2291.8, "coordination_ring_sparse20": 0.0, "coordination_ring_potter0_20": 0.45, "counter_circuit_sparse20": 0.0, "counter_circuit_potter0_20": 0.15}
[pair_D] {"steps": 2947072, "elapsed_s": 2293.6, "coordination_ring_sparse20": 0.0, "coordination_ring_potter0_20": 0.45, "counter_circuit_sparse20": 0.0, "counter_circuit_potter0_20": 0.15}
[pair_D] {"steps": 2949120, "elapsed_s": 2295.1, "coordination_ring_sparse20": 0.0, "coordination_ring_potter0_20": 0.45, "counter_circuit_sparse20": 0.0, "counter_circuit_potter0_20": 0.15}
[pair_D] {"steps": 2951168, "elapsed_s": 2296.7, "coordination_ring_sparse20": 0.0, "coordination_ring_potter0_20": 0.45, "counter_circuit_sparse20": 0.0, "counter_circuit_potter0_20": 0.15}
[pair_D] {"steps": 2953216, "elapsed_s": 2298.3, "coordination_ring_sparse20": 0.0, "coordination_ring_potter0_20": 0.45, "counter_circuit_sparse20": 0.0, "counter_circuit_potter0_20": 0.15}
[pair_D] {"steps": 2955264, "elapsed_s": 2299.9, "coordination_ring_sparse20": 0.0, "coordination_ring_potter0_20": 0.45, "counter_circuit_sparse20": 0.0, "counter_circuit_potter0_20": 0.15}
[pair_D] {"steps": 2957312, "elapsed_s": 2301.5, "coordination_ring_sparse20": 0.0, "coordination_ring_potter0_20": 0.5, "counter_circuit_sparse20": 0.0, "counter_circuit_potter0_20": 0.15}
[pair_D] {"steps": 2959360, "elapsed_s": 2303.1, "coordination_ring_sparse20": 0.0, "coordination_ring_potter0_20": 0.5, "counter_circuit_sparse20": 0.0, "counter_circuit_potter0_20": 0.15}
[pair_D] {"steps": 2961408, "elapsed_s": 2304.6, "coordination_ring_sparse20": 0.0, "coordination_ring_potter0_20": 0.5, "counter_circuit_sparse20": 0.0, "counter_circuit_potter0_20": 0.15}
[pair_D] {"steps": 2963456, "elapsed_s": 2306.0, "coordination_ring_sparse20": 0.0, "coordination_ring_potter0_20": 0.45, "counter_circuit_sparse20": 0.0, "counter_circuit_potter0_20": 0.15}
[pair_D] {"steps": 2965504, "elapsed_s": 2307.6, "coordination_ring_sparse20": 0.0, "coordination_ring_potter0_20": 0.4, "counter_circuit_sparse20": 0.0, "counter_circuit_potter0_20": 0.15}
[pair_D] {"steps": 2967552, "elapsed_s": 2309.1, "coordination_ring_sparse20": 0.0, "coordination_ring_potter0_20": 0.4, "counter_circuit_sparse20": 0.0, "counter_circuit_potter0_20": 0.15}
[pair_D] {"steps": 2969600, "elapsed_s": 2310.9, "coordination_ring_sparse20": 0.0, "coordination_ring_potter0_20": 0.4, "counter_circuit_sparse20": 0.0, "counter_circuit_potter0_20": 0.15}
[pair_D] {"steps": 2971648, "elapsed_s": 2313.3, "coordination_ring_sparse20": 0.0, "coordination_ring_potter0_20": 0.4, "counter_circuit_sparse20": 0.0, "counter_circuit_potter0_20": 0.15}
[pair_D] {"steps": 2973696, "elapsed_s": 2315.2, "coordination_ring_sparse20": 0.0, "coordination_ring_potter0_20": 0.4, "counter_circuit_sparse20": 0.0, "counter_circuit_potter0_20": 0.15}
[pair_D] {"steps": 2975744, "elapsed_s": 2316.7, "coordination_ring_sparse20": 0.0, "coordination_ring_potter0_20": 0.4, "counter_circuit_sparse20": 0.0, "counter_circuit_potter0_20": 0.15}
[pair_D] {"steps": 2977792, "elapsed_s": 2318.3, "coordination_ring_sparse20": 0.0, "coordination_ring_potter0_20": 0.4, "counter_circuit_sparse20": 0.0, "counter_circuit_potter0_20": 0.15}
[pair_D] {"steps": 2979840, "elapsed_s": 2319.8, "coordination_ring_sparse20": 0.0, "coordination_ring_potter0_20": 0.4, "counter_circuit_sparse20": 0.0, "counter_circuit_potter0_20": 0.15}
[pair_D] {"steps": 2981888, "elapsed_s": 2321.4, "coordination_ring_sparse20": 0.0, "coordination_ring_potter0_20": 0.4, "counter_circuit_sparse20": 0.0, "counter_circuit_potter0_20": 0.15}
[pair_D] {"steps": 2983936, "elapsed_s": 2323.0, "coordination_ring_sparse20": 0.0, "coordination_ring_potter0_20": 0.4, "counter_circuit_sparse20": 0.0, "counter_circuit_potter0_20": 0.15}
[pair_D] {"steps": 2985984, "elapsed_s": 2324.7, "coordination_ring_sparse20": 0.0, "coordination_ring_potter0_20": 0.4, "counter_circuit_sparse20": 0.0, "counter_circuit_potter0_20": 0.15}
[pair_D] {"steps": 2988032, "elapsed_s": 2326.3, "coordination_ring_sparse20": 0.0, "coordination_ring_potter0_20": 0.4, "counter_circuit_sparse20": 0.0, "counter_circuit_potter0_20": 0.15}
[pair_D] {"steps": 2990080, "elapsed_s": 2327.8, "coordination_ring_sparse20": 0.0, "coordination_ring_potter0_20": 0.4, "counter_circuit_sparse20": 0.0, "counter_circuit_potter0_20": 0.15}
[pair_D] {"steps": 2992128, "elapsed_s": 2329.4, "coordination_ring_sparse20": 0.0, "coordination_ring_potter0_20": 0.4, "counter_circuit_sparse20": 0.0, "counter_circuit_potter0_20": 0.15}
[pair_D] {"steps": 2994176, "elapsed_s": 2331.0, "coordination_ring_sparse20": 0.0, "coordination_ring_potter0_20": 0.4, "counter_circuit_sparse20": 0.0, "counter_circuit_potter0_20": 0.15}
[pair_D] {"steps": 2996224, "elapsed_s": 2332.6, "coordination_ring_sparse20": 0.0, "coordination_ring_potter0_20": 0.4, "counter_circuit_sparse20": 0.0, "counter_circuit_potter0_20": 0.15}
[pair_D] {"steps": 2998272, "elapsed_s": 2334.1, "coordination_ring_sparse20": 0.0, "coordination_ring_potter0_20": 0.4, "counter_circuit_sparse20": 0.0, "counter_circuit_potter0_20": 0.15}
[pair_D] {"steps": 3000320, "elapsed_s": 2336.1, "coordination_ring_sparse20": 0.0, "coordination_ring_potter0_20": 0.4, "counter_circuit_sparse20": 0.0, "counter_circuit_potter0_20": 0.15}
checkpointed /home/Yixiang/MPARL/GOGOGO/outputs/overcooked_mixed_pilot.json
