Gym has been unmaintained since 2022 and does not support NumPy 2.0 amongst other critical functionality.
Please upgrade to Gymnasium, the maintained drop-in replacement of Gym, or contact the authors of your software and request that they upgrade.
Users of this version of Gym should be able to simply replace 'import gym' with 'import gymnasium as gym' in the vast majority of cases.
See the migration guide at https://gymnasium.farama.org/introduction/migration_guide/ for additional information.
[pair_H] {"steps": 2048, "elapsed_s": 1.6, "coordination_ring_sparse20": 0.0, "coordination_ring_potter0_20": 1.0, "large_room_sparse20": 0.0, "large_room_potter0_20": 0.0}
[pair_H] {"steps": 4096, "elapsed_s": 3.6, "coordination_ring_sparse20": 0.0, "coordination_ring_potter0_20": 1.0, "large_room_sparse20": 0.0, "large_room_potter0_20": 0.0}
[pair_H] {"steps": 6144, "elapsed_s": 5.3, "coordination_ring_sparse20": 0.0, "coordination_ring_potter0_20": 1.0, "large_room_sparse20": 0.0, "large_room_potter0_20": 0.25}
[pair_H] {"steps": 8192, "elapsed_s": 6.9, "coordination_ring_sparse20": 0.0, "coordination_ring_potter0_20": 0.6, "large_room_sparse20": 0.0, "large_room_potter0_20": 0.4}
[pair_H] {"steps": 10240, "elapsed_s": 8.7, "coordination_ring_sparse20": 0.0, "coordination_ring_potter0_20": 0.5, "large_room_sparse20": 0.0, "large_room_potter0_20": 0.375}
[pair_H] {"steps": 12288, "elapsed_s": 10.2, "coordination_ring_sparse20": 0.0, "coordination_ring_potter0_20": 0.5, "large_room_sparse20": 0.0, "large_room_potter0_20": 0.45454545454545453}
[pair_H] {"steps": 14336, "elapsed_s": 11.7, "coordination_ring_sparse20": 0.0, "coordination_ring_potter0_20": 0.5, "large_room_sparse20": 0.0, "large_room_potter0_20": 0.4166666666666667}
[pair_H] {"steps": 16384, "elapsed_s": 13.2, "coordination_ring_sparse20": 0.0, "coordination_ring_potter0_20": 0.4666666666666667, "large_room_sparse20": 0.0, "large_room_potter0_20": 0.5}
[pair_H] {"steps": 18432, "elapsed_s": 14.7, "coordination_ring_sparse20": 0.0, "coordination_ring_potter0_20": 0.5789473684210527, "large_room_sparse20": 0.0, "large_room_potter0_20": 0.4666666666666667}
[pair_H] {"steps": 20480, "elapsed_s": 16.3, "coordination_ring_sparse20": 0.0, "coordination_ring_potter0_20": 0.5789473684210527, "large_room_sparse20": 0.0, "large_room_potter0_20": 0.45}
[pair_H] {"steps": 22528, "elapsed_s": 17.8, "coordination_ring_sparse20": 0.0, "coordination_ring_potter0_20": 0.6, "large_room_sparse20": 0.0, "large_room_potter0_20": 0.45}
[pair_H] {"steps": 24576, "elapsed_s": 19.4, "coordination_ring_sparse20": 0.0, "coordination_ring_potter0_20": 0.65, "large_room_sparse20": 0.0, "large_room_potter0_20": 0.4}
[pair_H] {"steps": 26624, "elapsed_s": 21.0, "coordination_ring_sparse20": 0.0, "coordination_ring_potter0_20": 0.65, "large_room_sparse20": 0.0, "large_room_potter0_20": 0.35}
[pair_H] {"steps": 28672, "elapsed_s": 22.9, "coordination_ring_sparse20": 0.0, "coordination_ring_potter0_20": 0.7, "large_room_sparse20": 0.0, "large_room_potter0_20": 0.35}
[pair_H] {"steps": 30720, "elapsed_s": 24.4, "coordination_ring_sparse20": 0.0, "coordination_ring_potter0_20": 0.7, "large_room_sparse20": 0.0, "large_room_potter0_20": 0.3}
[pair_H] {"steps": 32768, "elapsed_s": 26.0, "coordination_ring_sparse20": 0.0, "coordination_ring_potter0_20": 0.75, "large_room_sparse20": 0.0, "large_room_potter0_20": 0.25}
[pair_H] {"steps": 34816, "elapsed_s": 27.7, "coordination_ring_sparse20": 0.0, "coordination_ring_potter0_20": 0.65, "large_room_sparse20": 0.0, "large_room_potter0_20": 0.25}
[pair_H] {"steps": 36864, "elapsed_s": 29.6, "coordination_ring_sparse20": 0.0, "coordination_ring_potter0_20": 0.6, "large_room_sparse20": 0.0, "large_room_potter0_20": 0.4}
[pair_H] {"steps": 38912, "elapsed_s": 31.9, "coordination_ring_sparse20": 0.0, "coordination_ring_potter0_20": 0.4, "large_room_sparse20": 0.0, "large_room_potter0_20": 0.4}
[pair_H] {"steps": 40960, "elapsed_s": 33.5, "coordination_ring_sparse20": 0.0, "coordination_ring_potter0_20": 0.35, "large_room_sparse20": 0.0, "large_room_potter0_20": 0.35}
[pair_H] {"steps": 43008, "elapsed_s": 35.0, "coordination_ring_sparse20": 0.0, "coordination_ring_potter0_20": 0.35, "large_room_sparse20": 0.0, "large_room_potter0_20": 0.4}
[pair_H] {"steps": 45056, "elapsed_s": 36.8, "coordination_ring_sparse20": 0.0, "coordination_ring_potter0_20": 0.35, "large_room_sparse20": 0.0, "large_room_potter0_20": 0.4}
[pair_H] {"steps": 47104, "elapsed_s": 38.8, "coordination_ring_sparse20": 0.0, "coordination_ring_potter0_20": 0.35, "large_room_sparse20": 0.0, "large_room_potter0_20": 0.35}
[pair_H] {"steps": 49152, "elapsed_s": 40.2, "coordination_ring_sparse20": 0.0, "coordination_ring_potter0_20": 0.35, "large_room_sparse20": 0.0, "large_room_potter0_20": 0.35}
[pair_H] {"steps": 51200, "elapsed_s": 41.8, "coordination_ring_sparse20": 0.0, "coordination_ring_potter0_20": 0.35, "large_room_sparse20": 0.0, "large_room_potter0_20": 0.3}
[pair_H] {"steps": 53248, "elapsed_s": 43.3, "coordination_ring_sparse20": 0.0, "coordination_ring_potter0_20": 0.3, "large_room_sparse20": 0.0, "large_room_potter0_20": 0.25}
[pair_H] {"steps": 55296, "elapsed_s": 44.9, "coordination_ring_sparse20": 0.0, "coordination_ring_potter0_20": 0.25, "large_room_sparse20": 0.0, "large_room_potter0_20": 0.25}
[pair_H] {"steps": 57344, "elapsed_s": 46.4, "coordination_ring_sparse20": 0.0, "coordination_ring_potter0_20": 0.15, "large_room_sparse20": 0.0, "large_room_potter0_20": 0.2}
[pair_H] {"steps": 59392, "elapsed_s": 47.9, "coordination_ring_sparse20": 0.0, "coordination_ring_potter0_20": 0.2, "large_room_sparse20": 0.0, "large_room_potter0_20": 0.15}
[pair_H] {"steps": 61440, "elapsed_s": 49.4, "coordination_ring_sparse20": 0.0, "coordination_ring_potter0_20": 0.2, "large_room_sparse20": 0.0, "large_room_potter0_20": 0.2}
[pair_H] {"steps": 63488, "elapsed_s": 51.5, "coordination_ring_sparse20": 0.0, "coordination_ring_potter0_20": 0.25, "large_room_sparse20": 0.0, "large_room_potter0_20": 0.2}
[pair_H] {"steps": 65536, "elapsed_s": 53.1, "coordination_ring_sparse20": 0.0, "coordination_ring_potter0_20": 0.25, "large_room_sparse20": 0.0, "large_room_potter0_20": 0.3}
[pair_H] {"steps": 67584, "elapsed_s": 54.6, "coordination_ring_sparse20": 0.0, "coordination_ring_potter0_20": 0.2, "large_room_sparse20": 0.0, "large_room_potter0_20": 0.35}
[pair_H] {"steps": 69632, "elapsed_s": 56.3, "coordination_ring_sparse20": 0.0, "coordination_ring_potter0_20": 0.3, "large_room_sparse20": 0.0, "large_room_potter0_20": 0.45}
[pair_H] {"steps": 71680, "elapsed_s": 57.9, "coordination_ring_sparse20": 0.0, "coordination_ring_potter0_20": 0.35, "large_room_sparse20": 0.0, "large_room_potter0_20": 0.5}
[pair_H] {"steps": 73728, "elapsed_s": 59.4, "coordination_ring_sparse20": 0.0, "coordination_ring_potter0_20": 0.35, "large_room_sparse20": 0.0, "large_room_potter0_20": 0.5}
[pair_H] {"steps": 75776, "elapsed_s": 60.9, "coordination_ring_sparse20": 0.0, "coordination_ring_potter0_20": 0.35, "large_room_sparse20": 0.0, "large_room_potter0_20": 0.5}
[pair_H] {"steps": 77824, "elapsed_s": 62.7, "coordination_ring_sparse20": 0.0, "coordination_ring_potter0_20": 0.3, "large_room_sparse20": 0.0, "large_room_potter0_20": 0.55}
[pair_H] {"steps": 79872, "elapsed_s": 64.3, "coordination_ring_sparse20": 0.0, "coordination_ring_potter0_20": 0.35, "large_room_sparse20": 0.0, "large_room_potter0_20": 0.45}
[pair_H] {"steps": 81920, "elapsed_s": 65.9, "coordination_ring_sparse20": 0.0, "coordination_ring_potter0_20": 0.35, "large_room_sparse20": 0.0, "large_room_potter0_20": 0.4}
[pair_H] {"steps": 83968, "elapsed_s": 67.4, "coordination_ring_sparse20": 0.0, "coordination_ring_potter0_20": 0.3, "large_room_sparse20": 0.0, "large_room_potter0_20": 0.4}
[pair_H] {"steps": 86016, "elapsed_s": 69.1, "coordination_ring_sparse20": 0.0, "coordination_ring_potter0_20": 0.25, "large_room_sparse20": 0.0, "large_room_potter0_20": 0.35}
[pair_H] {"steps": 88064, "elapsed_s": 70.7, "coordination_ring_sparse20": 0.0, "coordination_ring_potter0_20": 0.25, "large_room_sparse20": 0.0, "large_room_potter0_20": 0.3}
[pair_H] {"steps": 90112, "elapsed_s": 72.2, "coordination_ring_sparse20": 0.0, "coordination_ring_potter0_20": 0.2, "large_room_sparse20": 0.0, "large_room_potter0_20": 0.4}
[pair_H] {"steps": 92160, "elapsed_s": 73.8, "coordination_ring_sparse20": 0.0, "coordination_ring_potter0_20": 0.2, "large_room_sparse20": 0.0, "large_room_potter0_20": 0.4}
[pair_H] {"steps": 94208, "elapsed_s": 75.3, "coordination_ring_sparse20": 0.0, "coordination_ring_potter0_20": 0.15, "large_room_sparse20": 0.0, "large_room_potter0_20": 0.45}
[pair_H] {"steps": 96256, "elapsed_s": 76.8, "coordination_ring_sparse20": 0.0, "coordination_ring_potter0_20": 0.15, "large_room_sparse20": 0.0, "large_room_potter0_20": 0.5}
[pair_H] {"steps": 98304, "elapsed_s": 78.4, "coordination_ring_sparse20": 0.0, "coordination_ring_potter0_20": 0.2, "large_room_sparse20": 0.0, "large_room_potter0_20": 0.45}
[pair_H] {"steps": 100352, "elapsed_s": 80.1, "coordination_ring_sparse20": 0.0, "coordination_ring_potter0_20": 0.2, "large_room_sparse20": 0.0, "large_room_potter0_20": 0.45}
[pair_H] {"steps": 102400, "elapsed_s": 81.6, "coordination_ring_sparse20": 0.0, "coordination_ring_potter0_20": 0.15, "large_room_sparse20": 0.0, "large_room_potter0_20": 0.5}
[pair_H] {"steps": 104448, "elapsed_s": 83.5, "coordination_ring_sparse20": 0.0, "coordination_ring_potter0_20": 0.2, "large_room_sparse20": 0.0, "large_room_potter0_20": 0.6}
[pair_H] {"steps": 106496, "elapsed_s": 85.1, "coordination_ring_sparse20": 0.0, "coordination_ring_potter0_20": 0.25, "large_room_sparse20": 0.0, "large_room_potter0_20": 0.6}
[pair_H] {"steps": 108544, "elapsed_s": 86.9, "coordination_ring_sparse20": 0.0, "coordination_ring_potter0_20": 0.25, "large_room_sparse20": 0.0, "large_room_potter0_20": 0.55}
[pair_H] {"steps": 110592, "elapsed_s": 88.8, "coordination_ring_sparse20": 0.0, "coordination_ring_potter0_20": 0.25, "large_room_sparse20": 0.0, "large_room_potter0_20": 0.45}
[pair_H] {"steps": 112640, "elapsed_s": 90.5, "coordination_ring_sparse20": 0.0, "coordination_ring_potter0_20": 0.2, "large_room_sparse20": 0.0, "large_room_potter0_20": 0.45}
[pair_H] {"steps": 114688, "elapsed_s": 92.0, "coordination_ring_sparse20": 0.0, "coordination_ring_potter0_20": 0.15, "large_room_sparse20": 0.0, "large_room_potter0_20": 0.45}
[pair_H] {"steps": 116736, "elapsed_s": 93.6, "coordination_ring_sparse20": 0.0, "coordination_ring_potter0_20": 0.15, "large_room_sparse20": 0.0, "large_room_potter0_20": 0.4}
[pair_H] {"steps": 118784, "elapsed_s": 95.0, "coordination_ring_sparse20": 0.0, "coordination_ring_potter0_20": 0.15, "large_room_sparse20": 0.0, "large_room_potter0_20": 0.4}
[pair_H] {"steps": 120832, "elapsed_s": 96.6, "coordination_ring_sparse20": 0.0, "coordination_ring_potter0_20": 0.15, "large_room_sparse20": 0.0, "large_room_potter0_20": 0.25}
[pair_H] {"steps": 122880, "elapsed_s": 98.2, "coordination_ring_sparse20": 0.0, "coordination_ring_potter0_20": 0.15, "large_room_sparse20": 0.0, "large_room_potter0_20": 0.15}
[pair_H] {"steps": 124928, "elapsed_s": 100.0, "coordination_ring_sparse20": 0.0, "coordination_ring_potter0_20": 0.1, "large_room_sparse20": 0.0, "large_room_potter0_20": 0.1}
[pair_H] {"steps": 126976, "elapsed_s": 101.5, "coordination_ring_sparse20": 0.0, "coordination_ring_potter0_20": 0.15, "large_room_sparse20": 0.0, "large_room_potter0_20": 0.1}
[pair_H] {"steps": 129024, "elapsed_s": 103.0, "coordination_ring_sparse20": 0.0, "coordination_ring_potter0_20": 0.2, "large_room_sparse20": 0.0, "large_room_potter0_20": 0.1}
[pair_H] {"steps": 131072, "elapsed_s": 104.5, "coordination_ring_sparse20": 0.0, "coordination_ring_potter0_20": 0.25, "large_room_sparse20": 0.0, "large_room_potter0_20": 0.1}
[pair_H] {"steps": 133120, "elapsed_s": 106.0, "coordination_ring_sparse20": 0.0, "coordination_ring_potter0_20": 0.2, "large_room_sparse20": 0.0, "large_room_potter0_20": 0.1}
[pair_H] {"steps": 135168, "elapsed_s": 107.5, "coordination_ring_sparse20": 0.0, "coordination_ring_potter0_20": 0.2, "large_room_sparse20": 0.0, "large_room_potter0_20": 0.05}
[pair_H] {"steps": 137216, "elapsed_s": 109.1, "coordination_ring_sparse20": 0.0, "coordination_ring_potter0_20": 0.2, "large_room_sparse20": 0.0, "large_room_potter0_20": 0.1}
[pair_H] {"steps": 139264, "elapsed_s": 111.2, "coordination_ring_sparse20": 0.0, "coordination_ring_potter0_20": 0.2, "large_room_sparse20": 0.0, "large_room_potter0_20": 0.1}
[pair_H] {"steps": 141312, "elapsed_s": 113.4, "coordination_ring_sparse20": 0.0, "coordination_ring_potter0_20": 0.2, "large_room_sparse20": 0.0, "large_room_potter0_20": 0.1}
[pair_H] {"steps": 143360, "elapsed_s": 115.6, "coordination_ring_sparse20": 0.0, "coordination_ring_potter0_20": 0.15, "large_room_sparse20": 0.0, "large_room_potter0_20": 0.15}
[pair_H] {"steps": 145408, "elapsed_s": 117.8, "coordination_ring_sparse20": 0.0, "coordination_ring_potter0_20": 0.15, "large_room_sparse20": 0.0, "large_room_potter0_20": 0.2}
[pair_H] {"steps": 147456, "elapsed_s": 120.0, "coordination_ring_sparse20": 0.0, "coordination_ring_potter0_20": 0.15, "large_room_sparse20": 0.0, "large_room_potter0_20": 0.25}
[pair_H] {"steps": 149504, "elapsed_s": 121.6, "coordination_ring_sparse20": 0.0, "coordination_ring_potter0_20": 0.15, "large_room_sparse20": 0.0, "large_room_potter0_20": 0.25}
[pair_H] {"steps": 151552, "elapsed_s": 123.2, "coordination_ring_sparse20": 0.0, "coordination_ring_potter0_20": 0.1, "large_room_sparse20": 0.0, "large_room_potter0_20": 0.25}
[pair_H] {"steps": 153600, "elapsed_s": 124.8, "coordination_ring_sparse20": 0.0, "coordination_ring_potter0_20": 0.1, "large_room_sparse20": 0.0, "large_room_potter0_20": 0.25}
[pair_H] {"steps": 155648, "elapsed_s": 126.4, "coordination_ring_sparse20": 0.0, "coordination_ring_potter0_20": 0.1, "large_room_sparse20": 0.0, "large_room_potter0_20": 0.25}
[pair_H] {"steps": 157696, "elapsed_s": 128.0, "coordination_ring_sparse20": 0.0, "coordination_ring_potter0_20": 0.1, "large_room_sparse20": 0.0, "large_room_potter0_20": 0.25}
[pair_H] {"steps": 159744, "elapsed_s": 130.2, "coordination_ring_sparse20": 0.0, "coordination_ring_potter0_20": 0.1, "large_room_sparse20": 0.0, "large_room_potter0_20": 0.25}
[pair_H] {"steps": 161792, "elapsed_s": 131.8, "coordination_ring_sparse20": 0.0, "coordination_ring_potter0_20": 0.1, "large_room_sparse20": 0.0, "large_room_potter0_20": 0.25}
[pair_H] {"steps": 163840, "elapsed_s": 133.5, "coordination_ring_sparse20": 0.0, "coordination_ring_potter0_20": 0.05, "large_room_sparse20": 0.0, "large_room_potter0_20": 0.15}
[pair_H] {"steps": 165888, "elapsed_s": 135.4, "coordination_ring_sparse20": 0.0, "coordination_ring_potter0_20": 0.1, "large_room_sparse20": 0.0, "large_room_potter0_20": 0.15}
[pair_H] {"steps": 167936, "elapsed_s": 137.0, "coordination_ring_sparse20": 0.0, "coordination_ring_potter0_20": 0.1, "large_room_sparse20": 0.0, "large_room_potter0_20": 0.15}
[pair_H] {"steps": 169984, "elapsed_s": 138.6, "coordination_ring_sparse20": 0.0, "coordination_ring_potter0_20": 0.1, "large_room_sparse20": 0.0, "large_room_potter0_20": 0.25}
[pair_H] {"steps": 172032, "elapsed_s": 140.3, "coordination_ring_sparse20": 0.0, "coordination_ring_potter0_20": 0.1, "large_room_sparse20": 0.0, "large_room_potter0_20": 0.15}
[pair_H] {"steps": 174080, "elapsed_s": 142.0, "coordination_ring_sparse20": 0.0, "coordination_ring_potter0_20": 0.1, "large_room_sparse20": 0.0, "large_room_potter0_20": 0.1}
[pair_H] {"steps": 176128, "elapsed_s": 143.6, "coordination_ring_sparse20": 0.0, "coordination_ring_potter0_20": 0.1, "large_room_sparse20": 0.0, "large_room_potter0_20": 0.15}
[pair_H] {"steps": 178176, "elapsed_s": 145.6, "coordination_ring_sparse20": 0.0, "coordination_ring_potter0_20": 0.2, "large_room_sparse20": 0.0, "large_room_potter0_20": 0.15}
[pair_H] {"steps": 180224, "elapsed_s": 147.0, "coordination_ring_sparse20": 0.0, "coordination_ring_potter0_20": 0.2, "large_room_sparse20": 0.0, "large_room_potter0_20": 0.15}
[pair_H] {"steps": 182272, "elapsed_s": 148.8, "coordination_ring_sparse20": 0.0, "coordination_ring_potter0_20": 0.2, "large_room_sparse20": 0.0, "large_room_potter0_20": 0.15}
[pair_H] {"steps": 184320, "elapsed_s": 150.8, "coordination_ring_sparse20": 0.0, "coordination_ring_potter0_20": 0.15, "large_room_sparse20": 0.0, "large_room_potter0_20": 0.05}
[pair_H] {"steps": 186368, "elapsed_s": 152.6, "coordination_ring_sparse20": 0.0, "coordination_ring_potter0_20": 0.15, "large_room_sparse20": 0.0, "large_room_potter0_20": 0.05}
[pair_H] {"steps": 188416, "elapsed_s": 154.3, "coordination_ring_sparse20": 0.0, "coordination_ring_potter0_20": 0.15, "large_room_sparse20": 0.0, "large_room_potter0_20": 0.05}
[pair_H] {"steps": 190464, "elapsed_s": 155.9, "coordination_ring_sparse20": 0.0, "coordination_ring_potter0_20": 0.15, "large_room_sparse20": 0.0, "large_room_potter0_20": 0.0}
[pair_H] {"steps": 192512, "elapsed_s": 157.4, "coordination_ring_sparse20": 0.0, "coordination_ring_potter0_20": 0.15, "large_room_sparse20": 0.0, "large_room_potter0_20": 0.0}
[pair_H] {"steps": 194560, "elapsed_s": 159.5, "coordination_ring_sparse20": 0.0, "coordination_ring_potter0_20": 0.05, "large_room_sparse20": 0.0, "large_room_potter0_20": 0.0}
[pair_H] {"steps": 196608, "elapsed_s": 161.1, "coordination_ring_sparse20": 0.0, "coordination_ring_potter0_20": 0.05, "large_room_sparse20": 0.0, "large_room_potter0_20": 0.0}
[pair_H] {"steps": 198656, "elapsed_s": 162.6, "coordination_ring_sparse20": 0.0, "coordination_ring_potter0_20": 0.05, "large_room_sparse20": 0.0, "large_room_potter0_20": 0.0}
[pair_H] {"steps": 200704, "elapsed_s": 164.4, "coordination_ring_sparse20": 0.0, "coordination_ring_potter0_20": 0.05, "large_room_sparse20": 0.0, "large_room_potter0_20": 0.0}
[pair_H] {"steps": 202752, "elapsed_s": 165.8, "coordination_ring_sparse20": 0.0, "coordination_ring_potter0_20": 0.05, "large_room_sparse20": 0.0, "large_room_potter0_20": 0.0}
[pair_H] {"steps": 204800, "elapsed_s": 167.4, "coordination_ring_sparse20": 0.0, "coordination_ring_potter0_20": 0.05, "large_room_sparse20": 0.0, "large_room_potter0_20": 0.05}
[pair_H] {"steps": 206848, "elapsed_s": 168.9, "coordination_ring_sparse20": 0.0, "coordination_ring_potter0_20": 0.05, "large_room_sparse20": 0.0, "large_room_potter0_20": 0.05}
[pair_H] {"steps": 208896, "elapsed_s": 170.4, "coordination_ring_sparse20": 0.0, "coordination_ring_potter0_20": 0.05, "large_room_sparse20": 0.0, "large_room_potter0_20": 0.05}
[pair_H] {"steps": 210944, "elapsed_s": 172.0, "coordination_ring_sparse20": 0.0, "coordination_ring_potter0_20": 0.1, "large_room_sparse20": 0.0, "large_room_potter0_20": 0.05}
[pair_H] {"steps": 212992, "elapsed_s": 173.7, "coordination_ring_sparse20": 0.0, "coordination_ring_potter0_20": 0.1, "large_room_sparse20": 0.0, "large_room_potter0_20": 0.05}
[pair_H] {"steps": 215040, "elapsed_s": 175.2, "coordination_ring_sparse20": 0.0, "coordination_ring_potter0_20": 0.1, "large_room_sparse20": 0.0, "large_room_potter0_20": 0.05}
[pair_H] {"steps": 217088, "elapsed_s": 176.7, "coordination_ring_sparse20": 0.0, "coordination_ring_potter0_20": 0.1, "large_room_sparse20": 0.0, "large_room_potter0_20": 0.05}
[pair_H] {"steps": 219136, "elapsed_s": 178.2, "coordination_ring_sparse20": 0.0, "coordination_ring_potter0_20": 0.1, "large_room_sparse20": 0.0, "large_room_potter0_20": 0.05}
[pair_H] {"steps": 221184, "elapsed_s": 180.0, "coordination_ring_sparse20": 0.0, "coordination_ring_potter0_20": 0.1, "large_room_sparse20": 0.0, "large_room_potter0_20": 0.05}
[pair_H] {"steps": 223232, "elapsed_s": 181.6, "coordination_ring_sparse20": 0.0, "coordination_ring_potter0_20": 0.1, "large_room_sparse20": 0.0, "large_room_potter0_20": 0.05}
[pair_H] {"steps": 225280, "elapsed_s": 183.2, "coordination_ring_sparse20": 0.0, "coordination_ring_potter0_20": 0.1, "large_room_sparse20": 0.0, "large_room_potter0_20": 0.15}
[pair_H] {"steps": 227328, "elapsed_s": 184.8, "coordination_ring_sparse20": 0.0, "coordination_ring_potter0_20": 0.1, "large_room_sparse20": 0.0, "large_room_potter0_20": 0.15}
[pair_H] {"steps": 229376, "elapsed_s": 186.6, "coordination_ring_sparse20": 0.0, "coordination_ring_potter0_20": 0.05, "large_room_sparse20": 0.0, "large_room_potter0_20": 0.15}
[pair_H] {"steps": 231424, "elapsed_s": 188.4, "coordination_ring_sparse20": 0.0, "coordination_ring_potter0_20": 0.05, "large_room_sparse20": 0.0, "large_room_potter0_20": 0.2}
[pair_H] {"steps": 233472, "elapsed_s": 190.1, "coordination_ring_sparse20": 0.0, "coordination_ring_potter0_20": 0.05, "large_room_sparse20": 0.0, "large_room_potter0_20": 0.15}
[pair_H] {"steps": 235520, "elapsed_s": 191.8, "coordination_ring_sparse20": 0.0, "coordination_ring_potter0_20": 0.1, "large_room_sparse20": 0.0, "large_room_potter0_20": 0.25}
[pair_H] {"steps": 237568, "elapsed_s": 193.4, "coordination_ring_sparse20": 0.0, "coordination_ring_potter0_20": 0.1, "large_room_sparse20": 0.0, "large_room_potter0_20": 0.25}
[pair_H] {"steps": 239616, "elapsed_s": 195.1, "coordination_ring_sparse20": 0.0, "coordination_ring_potter0_20": 0.15, "large_room_sparse20": 0.0, "large_room_potter0_20": 0.15}
[pair_H] {"steps": 241664, "elapsed_s": 196.7, "coordination_ring_sparse20": 0.0, "coordination_ring_potter0_20": 0.15, "large_room_sparse20": 0.0, "large_room_potter0_20": 0.15}
[pair_H] {"steps": 243712, "elapsed_s": 198.3, "coordination_ring_sparse20": 0.0, "coordination_ring_potter0_20": 0.1, "large_room_sparse20": 0.0, "large_room_potter0_20": 0.1}
[pair_H] {"steps": 245760, "elapsed_s": 199.9, "coordination_ring_sparse20": 0.0, "coordination_ring_potter0_20": 0.1, "large_room_sparse20": 0.0, "large_room_potter0_20": 0.1}
[pair_H] {"steps": 247808, "elapsed_s": 201.4, "coordination_ring_sparse20": 0.0, "coordination_ring_potter0_20": 0.1, "large_room_sparse20": 0.0, "large_room_potter0_20": 0.1}
[pair_H] {"steps": 249856, "elapsed_s": 203.0, "coordination_ring_sparse20": 0.0, "coordination_ring_potter0_20": 0.15, "large_room_sparse20": 0.0, "large_room_potter0_20": 0.05}
[pair_H] {"steps": 251904, "elapsed_s": 204.5, "coordination_ring_sparse20": 0.0, "coordination_ring_potter0_20": 0.1, "large_room_sparse20": 0.0, "large_room_potter0_20": 0.0}
[pair_H] {"steps": 253952, "elapsed_s": 206.0, "coordination_ring_sparse20": 0.0, "coordination_ring_potter0_20": 0.05, "large_room_sparse20": 0.0, "large_room_potter0_20": 0.0}
[pair_H] {"steps": 256000, "elapsed_s": 207.8, "coordination_ring_sparse20": 0.0, "coordination_ring_potter0_20": 0.05, "large_room_sparse20": 0.0, "large_room_potter0_20": 0.0}
[pair_H] {"steps": 258048, "elapsed_s": 209.4, "coordination_ring_sparse20": 0.0, "coordination_ring_potter0_20": 0.05, "large_room_sparse20": 0.0, "large_room_potter0_20": 0.0}
[pair_H] {"steps": 260096, "elapsed_s": 210.9, "coordination_ring_sparse20": 0.0, "coordination_ring_potter0_20": 0.05, "large_room_sparse20": 0.0, "large_room_potter0_20": 0.0}
[pair_H] {"steps": 262144, "elapsed_s": 212.4, "coordination_ring_sparse20": 0.0, "coordination_ring_potter0_20": 0.05, "large_room_sparse20": 0.0, "large_room_potter0_20": 0.0}
[pair_H] {"steps": 264192, "elapsed_s": 214.0, "coordination_ring_sparse20": 0.0, "coordination_ring_potter0_20": 0.0, "large_room_sparse20": 0.0, "large_room_potter0_20": 0.0}
[pair_H] {"steps": 266240, "elapsed_s": 215.6, "coordination_ring_sparse20": 0.0, "coordination_ring_potter0_20": 0.0, "large_room_sparse20": 0.0, "large_room_potter0_20": 0.0}
[pair_H] {"steps": 268288, "elapsed_s": 217.3, "coordination_ring_sparse20": 0.0, "coordination_ring_potter0_20": 0.0, "large_room_sparse20": 0.0, "large_room_potter0_20": 0.0}
[pair_H] {"steps": 270336, "elapsed_s": 218.8, "coordination_ring_sparse20": 0.0, "coordination_ring_potter0_20": 0.05, "large_room_sparse20": 0.0, "large_room_potter0_20": 0.0}
[pair_H] {"steps": 272384, "elapsed_s": 220.5, "coordination_ring_sparse20": 0.0, "coordination_ring_potter0_20": 0.05, "large_room_sparse20": 0.0, "large_room_potter0_20": 0.0}
[pair_H] {"steps": 274432, "elapsed_s": 222.0, "coordination_ring_sparse20": 0.0, "coordination_ring_potter0_20": 0.05, "large_room_sparse20": 0.0, "large_room_potter0_20": 0.0}
[pair_H] {"steps": 276480, "elapsed_s": 223.5, "coordination_ring_sparse20": 0.0, "coordination_ring_potter0_20": 0.1, "large_room_sparse20": 0.0, "large_room_potter0_20": 0.0}
[pair_H] {"steps": 278528, "elapsed_s": 225.1, "coordination_ring_sparse20": 0.0, "coordination_ring_potter0_20": 0.1, "large_room_sparse20": 0.0, "large_room_potter0_20": 0.05}
[pair_H] {"steps": 280576, "elapsed_s": 226.6, "coordination_ring_sparse20": 0.0, "coordination_ring_potter0_20": 0.1, "large_room_sparse20": 0.0, "large_room_potter0_20": 0.05}
[pair_H] {"steps": 282624, "elapsed_s": 228.2, "coordination_ring_sparse20": 0.0, "coordination_ring_potter0_20": 0.05, "large_room_sparse20": 0.0, "large_room_potter0_20": 0.05}
[pair_H] {"steps": 284672, "elapsed_s": 229.9, "coordination_ring_sparse20": 0.0, "coordination_ring_potter0_20": 0.05, "large_room_sparse20": 0.0, "large_room_potter0_20": 0.05}
[pair_H] {"steps": 286720, "elapsed_s": 231.5, "coordination_ring_sparse20": 0.0, "coordination_ring_potter0_20": 0.05, "large_room_sparse20": 0.0, "large_room_potter0_20": 0.1}
[pair_H] {"steps": 288768, "elapsed_s": 233.0, "coordination_ring_sparse20": 0.0, "coordination_ring_potter0_20": 0.05, "large_room_sparse20": 0.0, "large_room_potter0_20": 0.25}
[pair_H] {"steps": 290816, "elapsed_s": 234.8, "coordination_ring_sparse20": 0.0, "coordination_ring_potter0_20": 0.05, "large_room_sparse20": 0.0, "large_room_potter0_20": 0.25}
[pair_H] {"steps": 292864, "elapsed_s": 236.4, "coordination_ring_sparse20": 0.0, "coordination_ring_potter0_20": 0.05, "large_room_sparse20": 0.0, "large_room_potter0_20": 0.2}
[pair_H] {"steps": 294912, "elapsed_s": 237.9, "coordination_ring_sparse20": 0.0, "coordination_ring_potter0_20": 0.05, "large_room_sparse20": 0.0, "large_room_potter0_20": 0.25}
[pair_H] {"steps": 296960, "elapsed_s": 239.5, "coordination_ring_sparse20": 0.0, "coordination_ring_potter0_20": 0.05, "large_room_sparse20": 0.0, "large_room_potter0_20": 0.25}
[pair_H] {"steps": 299008, "elapsed_s": 241.0, "coordination_ring_sparse20": 0.0, "coordination_ring_potter0_20": 0.1, "large_room_sparse20": 0.0, "large_room_potter0_20": 0.25}
[pair_H] {"steps": 301056, "elapsed_s": 242.5, "coordination_ring_sparse20": 0.0, "coordination_ring_potter0_20": 0.1, "large_room_sparse20": 0.0, "large_room_potter0_20": 0.25}
[pair_H] {"steps": 303104, "elapsed_s": 244.0, "coordination_ring_sparse20": 0.0, "coordination_ring_potter0_20": 0.1, "large_room_sparse20": 0.0, "large_room_potter0_20": 0.2}
[pair_H] {"steps": 305152, "elapsed_s": 245.6, "coordination_ring_sparse20": 0.0, "coordination_ring_potter0_20": 0.1, "large_room_sparse20": 0.0, "large_room_potter0_20": 0.15}
[pair_H] {"steps": 307200, "elapsed_s": 247.2, "coordination_ring_sparse20": 0.0, "coordination_ring_potter0_20": 0.1, "large_room_sparse20": 0.0, "large_room_potter0_20": 0.05}
[pair_H] {"steps": 309248, "elapsed_s": 248.8, "coordination_ring_sparse20": 0.0, "coordination_ring_potter0_20": 0.05, "large_room_sparse20": 0.0, "large_room_potter0_20": 0.05}
[pair_H] {"steps": 311296, "elapsed_s": 250.5, "coordination_ring_sparse20": 0.0, "coordination_ring_potter0_20": 0.05, "large_room_sparse20": 0.0, "large_room_potter0_20": 0.05}
[pair_H] {"steps": 313344, "elapsed_s": 252.0, "coordination_ring_sparse20": 0.0, "coordination_ring_potter0_20": 0.05, "large_room_sparse20": 0.0, "large_room_potter0_20": 0.0}
[pair_H] {"steps": 315392, "elapsed_s": 253.6, "coordination_ring_sparse20": 0.0, "coordination_ring_potter0_20": 0.1, "large_room_sparse20": 0.0, "large_room_potter0_20": 0.0}
[pair_H] {"steps": 317440, "elapsed_s": 255.2, "coordination_ring_sparse20": 0.0, "coordination_ring_potter0_20": 0.1, "large_room_sparse20": 0.0, "large_room_potter0_20": 0.0}
[pair_H] {"steps": 319488, "elapsed_s": 256.8, "coordination_ring_sparse20": 0.0, "coordination_ring_potter0_20": 0.1, "large_room_sparse20": 0.0, "large_room_potter0_20": 0.0}
[pair_H] {"steps": 321536, "elapsed_s": 258.3, "coordination_ring_sparse20": 0.0, "coordination_ring_potter0_20": 0.1, "large_room_sparse20": 0.0, "large_room_potter0_20": 0.0}
[pair_H] {"steps": 323584, "elapsed_s": 259.9, "coordination_ring_sparse20": 0.0, "coordination_ring_potter0_20": 0.1, "large_room_sparse20": 0.0, "large_room_potter0_20": 0.05}
[pair_H] {"steps": 325632, "elapsed_s": 261.5, "coordination_ring_sparse20": 0.0, "coordination_ring_potter0_20": 0.05, "large_room_sparse20": 0.0, "large_room_potter0_20": 0.05}
[pair_H] {"steps": 327680, "elapsed_s": 263.1, "coordination_ring_sparse20": 0.0, "coordination_ring_potter0_20": 0.0, "large_room_sparse20": 0.0, "large_room_potter0_20": 0.05}
[pair_H] {"steps": 329728, "elapsed_s": 264.7, "coordination_ring_sparse20": 0.0, "coordination_ring_potter0_20": 0.0, "large_room_sparse20": 0.0, "large_room_potter0_20": 0.05}
[pair_H] {"steps": 331776, "elapsed_s": 266.3, "coordination_ring_sparse20": 0.0, "coordination_ring_potter0_20": 0.0, "large_room_sparse20": 0.0, "large_room_potter0_20": 0.05}
[pair_H] {"steps": 333824, "elapsed_s": 267.8, "coordination_ring_sparse20": 0.0, "coordination_ring_potter0_20": 0.05, "large_room_sparse20": 0.0, "large_room_potter0_20": 0.05}
[pair_H] {"steps": 335872, "elapsed_s": 269.5, "coordination_ring_sparse20": 0.0, "coordination_ring_potter0_20": 0.05, "large_room_sparse20": 0.0, "large_room_potter0_20": 0.05}
[pair_H] {"steps": 337920, "elapsed_s": 271.1, "coordination_ring_sparse20": 0.0, "coordination_ring_potter0_20": 0.05, "large_room_sparse20": 0.0, "large_room_potter0_20": 0.1}
[pair_H] {"steps": 339968, "elapsed_s": 272.6, "coordination_ring_sparse20": 0.0, "coordination_ring_potter0_20": 0.05, "large_room_sparse20": 0.0, "large_room_potter0_20": 0.1}
[pair_H] {"steps": 342016, "elapsed_s": 274.1, "coordination_ring_sparse20": 0.0, "coordination_ring_potter0_20": 0.05, "large_room_sparse20": 0.0, "large_room_potter0_20": 0.05}
[pair_H] {"steps": 344064, "elapsed_s": 275.7, "coordination_ring_sparse20": 0.0, "coordination_ring_potter0_20": 0.05, "large_room_sparse20": 0.0, "large_room_potter0_20": 0.05}
[pair_H] {"steps": 346112, "elapsed_s": 277.3, "coordination_ring_sparse20": 0.0, "coordination_ring_potter0_20": 0.05, "large_room_sparse20": 0.0, "large_room_potter0_20": 0.05}
[pair_H] {"steps": 348160, "elapsed_s": 278.8, "coordination_ring_sparse20": 0.0, "coordination_ring_potter0_20": 0.05, "large_room_sparse20": 0.0, "large_room_potter0_20": 0.1}
[pair_H] {"steps": 350208, "elapsed_s": 280.4, "coordination_ring_sparse20": 0.0, "coordination_ring_potter0_20": 0.05, "large_room_sparse20": 0.0, "large_room_potter0_20": 0.05}
[pair_H] {"steps": 352256, "elapsed_s": 282.0, "coordination_ring_sparse20": 0.0, "coordination_ring_potter0_20": 0.0, "large_room_sparse20": 0.0, "large_room_potter0_20": 0.1}
[pair_H] {"steps": 354304, "elapsed_s": 283.5, "coordination_ring_sparse20": 0.0, "coordination_ring_potter0_20": 0.0, "large_room_sparse20": 0.0, "large_room_potter0_20": 0.1}
[pair_H] {"steps": 356352, "elapsed_s": 285.1, "coordination_ring_sparse20": 0.0, "coordination_ring_potter0_20": 0.0, "large_room_sparse20": 0.0, "large_room_potter0_20": 0.1}
[pair_H] {"steps": 358400, "elapsed_s": 287.2, "coordination_ring_sparse20": 0.0, "coordination_ring_potter0_20": 0.0, "large_room_sparse20": 0.0, "large_room_potter0_20": 0.1}
[pair_H] {"steps": 360448, "elapsed_s": 288.8, "coordination_ring_sparse20": 0.0, "coordination_ring_potter0_20": 0.0, "large_room_sparse20": 0.0, "large_room_potter0_20": 0.1}
[pair_H] {"steps": 362496, "elapsed_s": 290.6, "coordination_ring_sparse20": 0.0, "coordination_ring_potter0_20": 0.05, "large_room_sparse20": 0.0, "large_room_potter0_20": 0.15}
[pair_H] {"steps": 364544, "elapsed_s": 292.2, "coordination_ring_sparse20": 0.0, "coordination_ring_potter0_20": 0.05, "large_room_sparse20": 0.0, "large_room_potter0_20": 0.1}
[pair_H] {"steps": 366592, "elapsed_s": 293.7, "coordination_ring_sparse20": 0.0, "coordination_ring_potter0_20": 0.05, "large_room_sparse20": 0.0, "large_room_potter0_20": 0.1}
[pair_H] {"steps": 368640, "elapsed_s": 295.2, "coordination_ring_sparse20": 0.0, "coordination_ring_potter0_20": 0.05, "large_room_sparse20": 0.0, "large_room_potter0_20": 0.05}
[pair_H] {"steps": 370688, "elapsed_s": 297.0, "coordination_ring_sparse20": 0.0, "coordination_ring_potter0_20": 0.05, "large_room_sparse20": 0.0, "large_room_potter0_20": 0.1}
[pair_H] {"steps": 372736, "elapsed_s": 298.8, "coordination_ring_sparse20": 0.0, "coordination_ring_potter0_20": 0.05, "large_room_sparse20": 0.0, "large_room_potter0_20": 0.1}
[pair_H] {"steps": 374784, "elapsed_s": 300.8, "coordination_ring_sparse20": 0.0, "coordination_ring_potter0_20": 0.05, "large_room_sparse20": 0.0, "large_room_potter0_20": 0.1}
[pair_H] {"steps": 376832, "elapsed_s": 302.5, "coordination_ring_sparse20": 0.0, "coordination_ring_potter0_20": 0.05, "large_room_sparse20": 0.0, "large_room_potter0_20": 0.05}
[pair_H] {"steps": 378880, "elapsed_s": 304.1, "coordination_ring_sparse20": 0.0, "coordination_ring_potter0_20": 0.05, "large_room_sparse20": 0.0, "large_room_potter0_20": 0.05}
[pair_H] {"steps": 380928, "elapsed_s": 305.8, "coordination_ring_sparse20": 0.0, "coordination_ring_potter0_20": 0.0, "large_room_sparse20": 0.0, "large_room_potter0_20": 0.0}
[pair_H] {"steps": 382976, "elapsed_s": 307.4, "coordination_ring_sparse20": 0.0, "coordination_ring_potter0_20": 0.0, "large_room_sparse20": 0.0, "large_room_potter0_20": 0.0}
[pair_H] {"steps": 385024, "elapsed_s": 309.0, "coordination_ring_sparse20": 0.0, "coordination_ring_potter0_20": 0.0, "large_room_sparse20": 0.0, "large_room_potter0_20": 0.1}
[pair_H] {"steps": 387072, "elapsed_s": 311.0, "coordination_ring_sparse20": 0.0, "coordination_ring_potter0_20": 0.0, "large_room_sparse20": 0.0, "large_room_potter0_20": 0.1}
[pair_H] {"steps": 389120, "elapsed_s": 312.6, "coordination_ring_sparse20": 0.0, "coordination_ring_potter0_20": 0.0, "large_room_sparse20": 0.0, "large_room_potter0_20": 0.1}
[pair_H] {"steps": 391168, "elapsed_s": 314.3, "coordination_ring_sparse20": 0.0, "coordination_ring_potter0_20": 0.0, "large_room_sparse20": 0.0, "large_room_potter0_20": 0.1}
[pair_H] {"steps": 393216, "elapsed_s": 316.1, "coordination_ring_sparse20": 0.0, "coordination_ring_potter0_20": 0.0, "large_room_sparse20": 0.0, "large_room_potter0_20": 0.15}
[pair_H] {"steps": 395264, "elapsed_s": 318.0, "coordination_ring_sparse20": 0.0, "coordination_ring_potter0_20": 0.0, "large_room_sparse20": 0.0, "large_room_potter0_20": 0.15}
[pair_H] {"steps": 397312, "elapsed_s": 320.3, "coordination_ring_sparse20": 0.0, "coordination_ring_potter0_20": 0.0, "large_room_sparse20": 0.0, "large_room_potter0_20": 0.1}
[pair_H] {"steps": 399360, "elapsed_s": 322.9, "coordination_ring_sparse20": 0.0, "coordination_ring_potter0_20": 0.0, "large_room_sparse20": 0.0, "large_room_potter0_20": 0.05}
[pair_H] {"steps": 401408, "elapsed_s": 325.2, "coordination_ring_sparse20": 0.0, "coordination_ring_potter0_20": 0.0, "large_room_sparse20": 0.0, "large_room_potter0_20": 0.05}
[pair_H] {"steps": 403456, "elapsed_s": 327.6, "coordination_ring_sparse20": 0.0, "coordination_ring_potter0_20": 0.05, "large_room_sparse20": 0.0, "large_room_potter0_20": 0.05}
[pair_H] {"steps": 405504, "elapsed_s": 329.4, "coordination_ring_sparse20": 0.0, "coordination_ring_potter0_20": 0.05, "large_room_sparse20": 0.0, "large_room_potter0_20": 0.1}
[pair_H] {"steps": 407552, "elapsed_s": 331.3, "coordination_ring_sparse20": 0.0, "coordination_ring_potter0_20": 0.05, "large_room_sparse20": 0.0, "large_room_potter0_20": 0.1}
[pair_H] {"steps": 409600, "elapsed_s": 332.9, "coordination_ring_sparse20": 0.0, "coordination_ring_potter0_20": 0.05, "large_room_sparse20": 0.0, "large_room_potter0_20": 0.1}
[pair_H] {"steps": 411648, "elapsed_s": 334.6, "coordination_ring_sparse20": 0.0, "coordination_ring_potter0_20": 0.05, "large_room_sparse20": 0.0, "large_room_potter0_20": 0.1}
[pair_H] {"steps": 413696, "elapsed_s": 336.1, "coordination_ring_sparse20": 0.0, "coordination_ring_potter0_20": 0.05, "large_room_sparse20": 0.0, "large_room_potter0_20": 0.1}
[pair_H] {"steps": 415744, "elapsed_s": 337.9, "coordination_ring_sparse20": 0.0, "coordination_ring_potter0_20": 0.05, "large_room_sparse20": 0.0, "large_room_potter0_20": 0.1}
[pair_H] {"steps": 417792, "elapsed_s": 339.6, "coordination_ring_sparse20": 0.0, "coordination_ring_potter0_20": 0.05, "large_room_sparse20": 0.0, "large_room_potter0_20": 0.15}
[pair_H] {"steps": 419840, "elapsed_s": 341.3, "coordination_ring_sparse20": 0.0, "coordination_ring_potter0_20": 0.0, "large_room_sparse20": 0.0, "large_room_potter0_20": 0.15}
[pair_H] {"steps": 421888, "elapsed_s": 343.0, "coordination_ring_sparse20": 0.0, "coordination_ring_potter0_20": 0.0, "large_room_sparse20": 0.0, "large_room_potter0_20": 0.15}
[pair_H] {"steps": 423936, "elapsed_s": 344.8, "coordination_ring_sparse20": 0.0, "coordination_ring_potter0_20": 0.0, "large_room_sparse20": 0.0, "large_room_potter0_20": 0.1}
[pair_H] {"steps": 425984, "elapsed_s": 346.5, "coordination_ring_sparse20": 0.0, "coordination_ring_potter0_20": 0.0, "large_room_sparse20": 0.0, "large_room_potter0_20": 0.1}
[pair_H] {"steps": 428032, "elapsed_s": 348.4, "coordination_ring_sparse20": 0.0, "coordination_ring_potter0_20": 0.0, "large_room_sparse20": 0.0, "large_room_potter0_20": 0.15}
[pair_H] {"steps": 430080, "elapsed_s": 349.9, "coordination_ring_sparse20": 0.0, "coordination_ring_potter0_20": 0.05, "large_room_sparse20": 0.0, "large_room_potter0_20": 0.15}
[pair_H] {"steps": 432128, "elapsed_s": 352.2, "coordination_ring_sparse20": 0.0, "coordination_ring_potter0_20": 0.05, "large_room_sparse20": 0.0, "large_room_potter0_20": 0.1}
[pair_H] {"steps": 434176, "elapsed_s": 354.3, "coordination_ring_sparse20": 0.0, "coordination_ring_potter0_20": 0.1, "large_room_sparse20": 0.0, "large_room_potter0_20": 0.1}
[pair_H] {"steps": 436224, "elapsed_s": 355.9, "coordination_ring_sparse20": 0.0, "coordination_ring_potter0_20": 0.1, "large_room_sparse20": 0.0, "large_room_potter0_20": 0.2}
[pair_H] {"steps": 438272, "elapsed_s": 357.4, "coordination_ring_sparse20": 0.0, "coordination_ring_potter0_20": 0.1, "large_room_sparse20": 0.0, "large_room_potter0_20": 0.15}
[pair_H] {"steps": 440320, "elapsed_s": 359.2, "coordination_ring_sparse20": 0.0, "coordination_ring_potter0_20": 0.1, "large_room_sparse20": 0.0, "large_room_potter0_20": 0.15}
[pair_H] {"steps": 442368, "elapsed_s": 360.9, "coordination_ring_sparse20": 0.0, "coordination_ring_potter0_20": 0.1, "large_room_sparse20": 0.0, "large_room_potter0_20": 0.15}
[pair_H] {"steps": 444416, "elapsed_s": 363.1, "coordination_ring_sparse20": 0.0, "coordination_ring_potter0_20": 0.1, "large_room_sparse20": 0.0, "large_room_potter0_20": 0.15}
[pair_H] {"steps": 446464, "elapsed_s": 364.8, "coordination_ring_sparse20": 0.0, "coordination_ring_potter0_20": 0.05, "large_room_sparse20": 0.0, "large_room_potter0_20": 0.2}
[pair_H] {"steps": 448512, "elapsed_s": 366.4, "coordination_ring_sparse20": 0.0, "coordination_ring_potter0_20": 0.05, "large_room_sparse20": 0.0, "large_room_potter0_20": 0.2}
[pair_H] {"steps": 450560, "elapsed_s": 368.3, "coordination_ring_sparse20": 0.0, "coordination_ring_potter0_20": 0.0, "large_room_sparse20": 0.0, "large_room_potter0_20": 0.2}
[pair_H] {"steps": 452608, "elapsed_s": 369.8, "coordination_ring_sparse20": 0.0, "coordination_ring_potter0_20": 0.0, "large_room_sparse20": 0.0, "large_room_potter0_20": 0.15}
[pair_H] {"steps": 454656, "elapsed_s": 371.7, "coordination_ring_sparse20": 0.0, "coordination_ring_potter0_20": 0.0, "large_room_sparse20": 0.0, "large_room_potter0_20": 0.15}
[pair_H] {"steps": 456704, "elapsed_s": 374.0, "coordination_ring_sparse20": 0.0, "coordination_ring_potter0_20": 0.0, "large_room_sparse20": 0.0, "large_room_potter0_20": 0.15}
[pair_H] {"steps": 458752, "elapsed_s": 376.2, "coordination_ring_sparse20": 0.0, "coordination_ring_potter0_20": 0.0, "large_room_sparse20": 0.0, "large_room_potter0_20": 0.15}
[pair_H] {"steps": 460800, "elapsed_s": 378.1, "coordination_ring_sparse20": 0.0, "coordination_ring_potter0_20": 0.0, "large_room_sparse20": 0.0, "large_room_potter0_20": 0.15}
[pair_H] {"steps": 462848, "elapsed_s": 379.8, "coordination_ring_sparse20": 0.0, "coordination_ring_potter0_20": 0.0, "large_room_sparse20": 0.0, "large_room_potter0_20": 0.15}
[pair_H] {"steps": 464896, "elapsed_s": 381.6, "coordination_ring_sparse20": 0.0, "coordination_ring_potter0_20": 0.0, "large_room_sparse20": 0.0, "large_room_potter0_20": 0.15}
[pair_H] {"steps": 466944, "elapsed_s": 383.4, "coordination_ring_sparse20": 0.0, "coordination_ring_potter0_20": 0.0, "large_room_sparse20": 0.0, "large_room_potter0_20": 0.15}
[pair_H] {"steps": 468992, "elapsed_s": 385.3, "coordination_ring_sparse20": 0.0, "coordination_ring_potter0_20": 0.0, "large_room_sparse20": 0.0, "large_room_potter0_20": 0.15}
[pair_H] {"steps": 471040, "elapsed_s": 386.9, "coordination_ring_sparse20": 0.0, "coordination_ring_potter0_20": 0.0, "large_room_sparse20": 0.0, "large_room_potter0_20": 0.1}
[pair_H] {"steps": 473088, "elapsed_s": 388.8, "coordination_ring_sparse20": 0.0, "coordination_ring_potter0_20": 0.0, "large_room_sparse20": 0.0, "large_room_potter0_20": 0.1}
[pair_H] {"steps": 475136, "elapsed_s": 390.7, "coordination_ring_sparse20": 0.0, "coordination_ring_potter0_20": 0.0, "large_room_sparse20": 0.0, "large_room_potter0_20": 0.05}
[pair_H] {"steps": 477184, "elapsed_s": 392.5, "coordination_ring_sparse20": 0.0, "coordination_ring_potter0_20": 0.0, "large_room_sparse20": 0.0, "large_room_potter0_20": 0.1}
[pair_H] {"steps": 479232, "elapsed_s": 394.9, "coordination_ring_sparse20": 0.0, "coordination_ring_potter0_20": 0.0, "large_room_sparse20": 0.0, "large_room_potter0_20": 0.1}
[pair_H] {"steps": 481280, "elapsed_s": 397.0, "coordination_ring_sparse20": 0.0, "coordination_ring_potter0_20": 0.0, "large_room_sparse20": 0.0, "large_room_potter0_20": 0.1}
[pair_H] {"steps": 483328, "elapsed_s": 399.0, "coordination_ring_sparse20": 0.0, "coordination_ring_potter0_20": 0.0, "large_room_sparse20": 0.0, "large_room_potter0_20": 0.15}
[pair_H] {"steps": 485376, "elapsed_s": 400.8, "coordination_ring_sparse20": 0.0, "coordination_ring_potter0_20": 0.0, "large_room_sparse20": 0.0, "large_room_potter0_20": 0.15}
[pair_H] {"steps": 487424, "elapsed_s": 402.6, "coordination_ring_sparse20": 0.0, "coordination_ring_potter0_20": 0.0, "large_room_sparse20": 0.0, "large_room_potter0_20": 0.2}
[pair_H] {"steps": 489472, "elapsed_s": 404.2, "coordination_ring_sparse20": 0.0, "coordination_ring_potter0_20": 0.0, "large_room_sparse20": 0.0, "large_room_potter0_20": 0.15}
[pair_H] {"steps": 491520, "elapsed_s": 405.9, "coordination_ring_sparse20": 0.0, "coordination_ring_potter0_20": 0.0, "large_room_sparse20": 0.0, "large_room_potter0_20": 0.15}
[pair_H] {"steps": 493568, "elapsed_s": 407.7, "coordination_ring_sparse20": 0.0, "coordination_ring_potter0_20": 0.0, "large_room_sparse20": 0.0, "large_room_potter0_20": 0.15}
[pair_H] {"steps": 495616, "elapsed_s": 409.6, "coordination_ring_sparse20": 0.0, "coordination_ring_potter0_20": 0.0, "large_room_sparse20": 0.0, "large_room_potter0_20": 0.15}
[pair_H] {"steps": 497664, "elapsed_s": 411.7, "coordination_ring_sparse20": 0.0, "coordination_ring_potter0_20": 0.0, "large_room_sparse20": 0.0, "large_room_potter0_20": 0.1}
[pair_H] {"steps": 499712, "elapsed_s": 413.4, "coordination_ring_sparse20": 0.0, "coordination_ring_potter0_20": 0.0, "large_room_sparse20": 0.0, "large_room_potter0_20": 0.1}
[pair_H] {"steps": 501760, "elapsed_s": 415.1, "coordination_ring_sparse20": 0.0, "coordination_ring_potter0_20": 0.0, "large_room_sparse20": 0.0, "large_room_potter0_20": 0.1}
[pair_H] {"steps": 503808, "elapsed_s": 417.7, "coordination_ring_sparse20": 0.0, "coordination_ring_potter0_20": 0.0, "large_room_sparse20": 0.0, "large_room_potter0_20": 0.25}
[pair_H] {"steps": 505856, "elapsed_s": 419.7, "coordination_ring_sparse20": 0.0, "coordination_ring_potter0_20": 0.0, "large_room_sparse20": 0.0, "large_room_potter0_20": 0.25}
[pair_H] {"steps": 507904, "elapsed_s": 421.3, "coordination_ring_sparse20": 0.0, "coordination_ring_potter0_20": 0.0, "large_room_sparse20": 0.0, "large_room_potter0_20": 0.3}
[pair_H] {"steps": 509952, "elapsed_s": 423.0, "coordination_ring_sparse20": 0.0, "coordination_ring_potter0_20": 0.0, "large_room_sparse20": 0.0, "large_room_potter0_20": 0.3}
[pair_H] {"steps": 512000, "elapsed_s": 424.7, "coordination_ring_sparse20": 0.0, "coordination_ring_potter0_20": 0.0, "large_room_sparse20": 0.0, "large_room_potter0_20": 0.25}
[pair_H] {"steps": 514048, "elapsed_s": 426.5, "coordination_ring_sparse20": 0.0, "coordination_ring_potter0_20": 0.0, "large_room_sparse20": 0.0, "large_room_potter0_20": 0.25}
[pair_H] {"steps": 516096, "elapsed_s": 428.3, "coordination_ring_sparse20": 0.0, "coordination_ring_potter0_20": 0.0, "large_room_sparse20": 0.0, "large_room_potter0_20": 0.25}
[pair_H] {"steps": 518144, "elapsed_s": 430.3, "coordination_ring_sparse20": 0.0, "coordination_ring_potter0_20": 0.0, "large_room_sparse20": 0.0, "large_room_potter0_20": 0.25}
[pair_H] {"steps": 520192, "elapsed_s": 431.9, "coordination_ring_sparse20": 0.0, "coordination_ring_potter0_20": 0.0, "large_room_sparse20": 0.0, "large_room_potter0_20": 0.15}
[pair_H] {"steps": 522240, "elapsed_s": 433.6, "coordination_ring_sparse20": 0.0, "coordination_ring_potter0_20": 0.0, "large_room_sparse20": 0.0, "large_room_potter0_20": 0.1}
[pair_H] {"steps": 524288, "elapsed_s": 435.5, "coordination_ring_sparse20": 0.0, "coordination_ring_potter0_20": 0.0, "large_room_sparse20": 0.0, "large_room_potter0_20": 0.05}
[pair_H] {"steps": 526336, "elapsed_s": 437.3, "coordination_ring_sparse20": 0.0, "coordination_ring_potter0_20": 0.0, "large_room_sparse20": 0.0, "large_room_potter0_20": 0.05}
[pair_H] {"steps": 528384, "elapsed_s": 439.1, "coordination_ring_sparse20": 0.0, "coordination_ring_potter0_20": 0.0, "large_room_sparse20": 0.0, "large_room_potter0_20": 0.05}
[pair_H] {"steps": 530432, "elapsed_s": 440.8, "coordination_ring_sparse20": 0.0, "coordination_ring_potter0_20": 0.0, "large_room_sparse20": 0.0, "large_room_potter0_20": 0.05}
[pair_H] {"steps": 532480, "elapsed_s": 442.7, "coordination_ring_sparse20": 0.0, "coordination_ring_potter0_20": 0.0, "large_room_sparse20": 0.0, "large_room_potter0_20": 0.0}
[pair_H] {"steps": 534528, "elapsed_s": 444.7, "coordination_ring_sparse20": 0.0, "coordination_ring_potter0_20": 0.0, "large_room_sparse20": 0.0, "large_room_potter0_20": 0.0}
[pair_H] {"steps": 536576, "elapsed_s": 446.7, "coordination_ring_sparse20": 0.0, "coordination_ring_potter0_20": 0.0, "large_room_sparse20": 0.0, "large_room_potter0_20": 0.0}
[pair_H] {"steps": 538624, "elapsed_s": 448.6, "coordination_ring_sparse20": 0.0, "coordination_ring_potter0_20": 0.0, "large_room_sparse20": 0.0, "large_room_potter0_20": 0.0}
[pair_H] {"steps": 540672, "elapsed_s": 450.3, "coordination_ring_sparse20": 0.0, "coordination_ring_potter0_20": 0.0, "large_room_sparse20": 0.0, "large_room_potter0_20": 0.0}
[pair_H] {"steps": 542720, "elapsed_s": 452.1, "coordination_ring_sparse20": 0.0, "coordination_ring_potter0_20": 0.0, "large_room_sparse20": 0.0, "large_room_potter0_20": 0.0}
[pair_H] {"steps": 544768, "elapsed_s": 453.9, "coordination_ring_sparse20": 0.0, "coordination_ring_potter0_20": 0.0, "large_room_sparse20": 0.0, "large_room_potter0_20": 0.0}
[pair_H] {"steps": 546816, "elapsed_s": 455.8, "coordination_ring_sparse20": 0.0, "coordination_ring_potter0_20": 0.0, "large_room_sparse20": 0.0, "large_room_potter0_20": 0.0}
[pair_H] {"steps": 548864, "elapsed_s": 457.5, "coordination_ring_sparse20": 0.0, "coordination_ring_potter0_20": 0.0, "large_room_sparse20": 0.0, "large_room_potter0_20": 0.05}
[pair_H] {"steps": 550912, "elapsed_s": 459.5, "coordination_ring_sparse20": 0.0, "coordination_ring_potter0_20": 0.0, "large_room_sparse20": 0.0, "large_room_potter0_20": 0.05}
[pair_H] {"steps": 552960, "elapsed_s": 461.2, "coordination_ring_sparse20": 0.0, "coordination_ring_potter0_20": 0.0, "large_room_sparse20": 0.0, "large_room_potter0_20": 0.05}
[pair_H] {"steps": 555008, "elapsed_s": 463.1, "coordination_ring_sparse20": 0.0, "coordination_ring_potter0_20": 0.0, "large_room_sparse20": 0.0, "large_room_potter0_20": 0.05}
[pair_H] {"steps": 557056, "elapsed_s": 465.1, "coordination_ring_sparse20": 0.0, "coordination_ring_potter0_20": 0.0, "large_room_sparse20": 0.0, "large_room_potter0_20": 0.1}
[pair_H] {"steps": 559104, "elapsed_s": 467.0, "coordination_ring_sparse20": 0.0, "coordination_ring_potter0_20": 0.0, "large_room_sparse20": 0.0, "large_room_potter0_20": 0.1}
[pair_H] {"steps": 561152, "elapsed_s": 469.0, "coordination_ring_sparse20": 0.0, "coordination_ring_potter0_20": 0.0, "large_room_sparse20": 0.0, "large_room_potter0_20": 0.15}
[pair_H] {"steps": 563200, "elapsed_s": 470.8, "coordination_ring_sparse20": 0.0, "coordination_ring_potter0_20": 0.0, "large_room_sparse20": 0.0, "large_room_potter0_20": 0.15}
[pair_H] {"steps": 565248, "elapsed_s": 472.7, "coordination_ring_sparse20": 0.0, "coordination_ring_potter0_20": 0.0, "large_room_sparse20": 0.0, "large_room_potter0_20": 0.1}
[pair_H] {"steps": 567296, "elapsed_s": 474.3, "coordination_ring_sparse20": 0.0, "coordination_ring_potter0_20": 0.0, "large_room_sparse20": 0.0, "large_room_potter0_20": 0.1}
[pair_H] {"steps": 569344, "elapsed_s": 476.2, "coordination_ring_sparse20": 0.0, "coordination_ring_potter0_20": 0.0, "large_room_sparse20": 0.0, "large_room_potter0_20": 0.05}
[pair_H] {"steps": 571392, "elapsed_s": 478.3, "coordination_ring_sparse20": 0.0, "coordination_ring_potter0_20": 0.0, "large_room_sparse20": 0.0, "large_room_potter0_20": 0.05}
[pair_H] {"steps": 573440, "elapsed_s": 480.0, "coordination_ring_sparse20": 0.0, "coordination_ring_potter0_20": 0.0, "large_room_sparse20": 0.0, "large_room_potter0_20": 0.05}
[pair_H] {"steps": 575488, "elapsed_s": 481.8, "coordination_ring_sparse20": 0.0, "coordination_ring_potter0_20": 0.0, "large_room_sparse20": 0.0, "large_room_potter0_20": 0.05}
[pair_H] {"steps": 577536, "elapsed_s": 483.6, "coordination_ring_sparse20": 0.0, "coordination_ring_potter0_20": 0.0, "large_room_sparse20": 0.0, "large_room_potter0_20": 0.05}
[pair_H] {"steps": 579584, "elapsed_s": 485.4, "coordination_ring_sparse20": 0.0, "coordination_ring_potter0_20": 0.0, "large_room_sparse20": 0.0, "large_room_potter0_20": 0.05}
[pair_H] {"steps": 581632, "elapsed_s": 487.3, "coordination_ring_sparse20": 0.0, "coordination_ring_potter0_20": 0.0, "large_room_sparse20": 0.0, "large_room_potter0_20": 0.05}
[pair_H] {"steps": 583680, "elapsed_s": 489.0, "coordination_ring_sparse20": 0.0, "coordination_ring_potter0_20": 0.05, "large_room_sparse20": 0.0, "large_room_potter0_20": 0.05}
[pair_H] {"steps": 585728, "elapsed_s": 490.7, "coordination_ring_sparse20": 0.0, "coordination_ring_potter0_20": 0.05, "large_room_sparse20": 0.0, "large_room_potter0_20": 0.15}
[pair_H] {"steps": 587776, "elapsed_s": 492.5, "coordination_ring_sparse20": 0.0, "coordination_ring_potter0_20": 0.05, "large_room_sparse20": 0.0, "large_room_potter0_20": 0.1}
[pair_H] {"steps": 589824, "elapsed_s": 494.2, "coordination_ring_sparse20": 0.0, "coordination_ring_potter0_20": 0.05, "large_room_sparse20": 0.0, "large_room_potter0_20": 0.1}
[pair_H] {"steps": 591872, "elapsed_s": 495.7, "coordination_ring_sparse20": 0.0, "coordination_ring_potter0_20": 0.05, "large_room_sparse20": 0.0, "large_room_potter0_20": 0.1}
[pair_H] {"steps": 593920, "elapsed_s": 497.7, "coordination_ring_sparse20": 0.0, "coordination_ring_potter0_20": 0.05, "large_room_sparse20": 0.0, "large_room_potter0_20": 0.1}
[pair_H] {"steps": 595968, "elapsed_s": 499.5, "coordination_ring_sparse20": 0.0, "coordination_ring_potter0_20": 0.05, "large_room_sparse20": 0.0, "large_room_potter0_20": 0.1}
[pair_H] {"steps": 598016, "elapsed_s": 501.2, "coordination_ring_sparse20": 0.0, "coordination_ring_potter0_20": 0.0, "large_room_sparse20": 0.0, "large_room_potter0_20": 0.1}
[pair_H] {"steps": 600064, "elapsed_s": 502.9, "coordination_ring_sparse20": 0.0, "coordination_ring_potter0_20": 0.0, "large_room_sparse20": 0.0, "large_room_potter0_20": 0.1}
[pair_H] {"steps": 602112, "elapsed_s": 504.6, "coordination_ring_sparse20": 0.0, "coordination_ring_potter0_20": 0.0, "large_room_sparse20": 0.0, "large_room_potter0_20": 0.15}
[pair_H] {"steps": 604160, "elapsed_s": 506.3, "coordination_ring_sparse20": 0.0, "coordination_ring_potter0_20": 0.0, "large_room_sparse20": 0.0, "large_room_potter0_20": 0.15}
[pair_H] {"steps": 606208, "elapsed_s": 508.4, "coordination_ring_sparse20": 0.0, "coordination_ring_potter0_20": 0.0, "large_room_sparse20": 0.0, "large_room_potter0_20": 0.05}
[pair_H] {"steps": 608256, "elapsed_s": 510.1, "coordination_ring_sparse20": 0.0, "coordination_ring_potter0_20": 0.0, "large_room_sparse20": 0.0, "large_room_potter0_20": 0.05}
[pair_H] {"steps": 610304, "elapsed_s": 511.8, "coordination_ring_sparse20": 0.0, "coordination_ring_potter0_20": 0.0, "large_room_sparse20": 0.0, "large_room_potter0_20": 0.05}
[pair_H] {"steps": 612352, "elapsed_s": 513.6, "coordination_ring_sparse20": 0.0, "coordination_ring_potter0_20": 0.0, "large_room_sparse20": 0.0, "large_room_potter0_20": 0.1}
[pair_H] {"steps": 614400, "elapsed_s": 515.4, "coordination_ring_sparse20": 0.0, "coordination_ring_potter0_20": 0.0, "large_room_sparse20": 0.0, "large_room_potter0_20": 0.1}
[pair_H] {"steps": 616448, "elapsed_s": 517.2, "coordination_ring_sparse20": 0.0, "coordination_ring_potter0_20": 0.0, "large_room_sparse20": 0.0, "large_room_potter0_20": 0.1}
[pair_H] {"steps": 618496, "elapsed_s": 519.0, "coordination_ring_sparse20": 0.0, "coordination_ring_potter0_20": 0.0, "large_room_sparse20": 0.0, "large_room_potter0_20": 0.05}
[pair_H] {"steps": 620544, "elapsed_s": 520.7, "coordination_ring_sparse20": 0.0, "coordination_ring_potter0_20": 0.0, "large_room_sparse20": 0.0, "large_room_potter0_20": 0.05}
[pair_H] {"steps": 622592, "elapsed_s": 522.5, "coordination_ring_sparse20": 0.0, "coordination_ring_potter0_20": 0.0, "large_room_sparse20": 0.0, "large_room_potter0_20": 0.05}
[pair_H] {"steps": 624640, "elapsed_s": 524.2, "coordination_ring_sparse20": 0.0, "coordination_ring_potter0_20": 0.0, "large_room_sparse20": 0.0, "large_room_potter0_20": 0.1}
[pair_H] {"steps": 626688, "elapsed_s": 526.3, "coordination_ring_sparse20": 0.0, "coordination_ring_potter0_20": 0.0, "large_room_sparse20": 0.0, "large_room_potter0_20": 0.1}
[pair_H] {"steps": 628736, "elapsed_s": 528.2, "coordination_ring_sparse20": 0.0, "coordination_ring_potter0_20": 0.0, "large_room_sparse20": 0.0, "large_room_potter0_20": 0.1}
[pair_H] {"steps": 630784, "elapsed_s": 529.8, "coordination_ring_sparse20": 0.0, "coordination_ring_potter0_20": 0.0, "large_room_sparse20": 0.0, "large_room_potter0_20": 0.1}
[pair_H] {"steps": 632832, "elapsed_s": 531.6, "coordination_ring_sparse20": 0.0, "coordination_ring_potter0_20": 0.0, "large_room_sparse20": 0.0, "large_room_potter0_20": 0.1}
[pair_H] {"steps": 634880, "elapsed_s": 533.1, "coordination_ring_sparse20": 0.0, "coordination_ring_potter0_20": 0.0, "large_room_sparse20": 0.0, "large_room_potter0_20": 0.1}
[pair_H] {"steps": 636928, "elapsed_s": 534.7, "coordination_ring_sparse20": 0.0, "coordination_ring_potter0_20": 0.0, "large_room_sparse20": 0.0, "large_room_potter0_20": 0.1}
[pair_H] {"steps": 638976, "elapsed_s": 536.5, "coordination_ring_sparse20": 0.0, "coordination_ring_potter0_20": 0.0, "large_room_sparse20": 0.0, "large_room_potter0_20": 0.2}
[pair_H] {"steps": 641024, "elapsed_s": 538.1, "coordination_ring_sparse20": 0.0, "coordination_ring_potter0_20": 0.0, "large_room_sparse20": 0.0, "large_room_potter0_20": 0.15}
[pair_H] {"steps": 643072, "elapsed_s": 540.1, "coordination_ring_sparse20": 0.0, "coordination_ring_potter0_20": 0.0, "large_room_sparse20": 0.0, "large_room_potter0_20": 0.15}
[pair_H] {"steps": 645120, "elapsed_s": 541.8, "coordination_ring_sparse20": 0.0, "coordination_ring_potter0_20": 0.05, "large_room_sparse20": 0.0, "large_room_potter0_20": 0.1}
[pair_H] {"steps": 647168, "elapsed_s": 543.3, "coordination_ring_sparse20": 0.0, "coordination_ring_potter0_20": 0.05, "large_room_sparse20": 0.0, "large_room_potter0_20": 0.1}
[pair_H] {"steps": 649216, "elapsed_s": 545.0, "coordination_ring_sparse20": 0.0, "coordination_ring_potter0_20": 0.05, "large_room_sparse20": 0.0, "large_room_potter0_20": 0.2}
[pair_H] {"steps": 651264, "elapsed_s": 546.6, "coordination_ring_sparse20": 0.0, "coordination_ring_potter0_20": 0.1, "large_room_sparse20": 0.0, "large_room_potter0_20": 0.2}
[pair_H] {"steps": 653312, "elapsed_s": 548.5, "coordination_ring_sparse20": 0.0, "coordination_ring_potter0_20": 0.1, "large_room_sparse20": 0.0, "large_room_potter0_20": 0.25}
[pair_H] {"steps": 655360, "elapsed_s": 550.7, "coordination_ring_sparse20": 0.0, "coordination_ring_potter0_20": 0.1, "large_room_sparse20": 0.0, "large_room_potter0_20": 0.25}
[pair_H] {"steps": 657408, "elapsed_s": 552.6, "coordination_ring_sparse20": 0.0, "coordination_ring_potter0_20": 0.1, "large_room_sparse20": 0.0, "large_room_potter0_20": 0.3}
[pair_H] {"steps": 659456, "elapsed_s": 554.4, "coordination_ring_sparse20": 0.0, "coordination_ring_potter0_20": 0.1, "large_room_sparse20": 0.0, "large_room_potter0_20": 0.3}
[pair_H] {"steps": 661504, "elapsed_s": 556.2, "coordination_ring_sparse20": 0.0, "coordination_ring_potter0_20": 0.05, "large_room_sparse20": 0.0, "large_room_potter0_20": 0.35}
[pair_H] {"steps": 663552, "elapsed_s": 558.6, "coordination_ring_sparse20": 0.0, "coordination_ring_potter0_20": 0.05, "large_room_sparse20": 0.0, "large_room_potter0_20": 0.4}
[pair_H] {"steps": 665600, "elapsed_s": 560.5, "coordination_ring_sparse20": 0.0, "coordination_ring_potter0_20": 0.05, "large_room_sparse20": 0.0, "large_room_potter0_20": 0.35}
[pair_H] {"steps": 667648, "elapsed_s": 562.3, "coordination_ring_sparse20": 0.0, "coordination_ring_potter0_20": 0.05, "large_room_sparse20": 0.0, "large_room_potter0_20": 0.2}
[pair_H] {"steps": 669696, "elapsed_s": 563.9, "coordination_ring_sparse20": 0.0, "coordination_ring_potter0_20": 0.05, "large_room_sparse20": 0.0, "large_room_potter0_20": 0.2}
[pair_H] {"steps": 671744, "elapsed_s": 565.7, "coordination_ring_sparse20": 0.0, "coordination_ring_potter0_20": 0.0, "large_room_sparse20": 0.0, "large_room_potter0_20": 0.2}
[pair_H] {"steps": 673792, "elapsed_s": 567.4, "coordination_ring_sparse20": 0.0, "coordination_ring_potter0_20": 0.0, "large_room_sparse20": 0.0, "large_room_potter0_20": 0.15}
[pair_H] {"steps": 675840, "elapsed_s": 569.3, "coordination_ring_sparse20": 0.0, "coordination_ring_potter0_20": 0.0, "large_room_sparse20": 0.0, "large_room_potter0_20": 0.1}
[pair_H] {"steps": 677888, "elapsed_s": 571.1, "coordination_ring_sparse20": 0.0, "coordination_ring_potter0_20": 0.0, "large_room_sparse20": 0.0, "large_room_potter0_20": 0.1}
[pair_H] {"steps": 679936, "elapsed_s": 572.8, "coordination_ring_sparse20": 0.0, "coordination_ring_potter0_20": 0.0, "large_room_sparse20": 0.0, "large_room_potter0_20": 0.1}
[pair_H] {"steps": 681984, "elapsed_s": 574.4, "coordination_ring_sparse20": 0.0, "coordination_ring_potter0_20": 0.0, "large_room_sparse20": 0.0, "large_room_potter0_20": 0.1}
[pair_H] {"steps": 684032, "elapsed_s": 576.1, "coordination_ring_sparse20": 0.0, "coordination_ring_potter0_20": 0.0, "large_room_sparse20": 0.0, "large_room_potter0_20": 0.1}
[pair_H] {"steps": 686080, "elapsed_s": 577.8, "coordination_ring_sparse20": 0.0, "coordination_ring_potter0_20": 0.0, "large_room_sparse20": 0.0, "large_room_potter0_20": 0.1}
[pair_H] {"steps": 688128, "elapsed_s": 579.5, "coordination_ring_sparse20": 0.0, "coordination_ring_potter0_20": 0.0, "large_room_sparse20": 0.0, "large_room_potter0_20": 0.1}
[pair_H] {"steps": 690176, "elapsed_s": 581.1, "coordination_ring_sparse20": 0.0, "coordination_ring_potter0_20": 0.0, "large_room_sparse20": 0.0, "large_room_potter0_20": 0.05}
[pair_H] {"steps": 692224, "elapsed_s": 582.7, "coordination_ring_sparse20": 0.0, "coordination_ring_potter0_20": 0.0, "large_room_sparse20": 0.0, "large_room_potter0_20": 0.05}
[pair_H] {"steps": 694272, "elapsed_s": 584.3, "coordination_ring_sparse20": 0.0, "coordination_ring_potter0_20": 0.0, "large_room_sparse20": 0.0, "large_room_potter0_20": 0.0}
[pair_H] {"steps": 696320, "elapsed_s": 586.1, "coordination_ring_sparse20": 0.0, "coordination_ring_potter0_20": 0.0, "large_room_sparse20": 0.0, "large_room_potter0_20": 0.0}
[pair_H] {"steps": 698368, "elapsed_s": 587.9, "coordination_ring_sparse20": 0.0, "coordination_ring_potter0_20": 0.0, "large_room_sparse20": 0.0, "large_room_potter0_20": 0.0}
[pair_H] {"steps": 700416, "elapsed_s": 589.5, "coordination_ring_sparse20": 0.0, "coordination_ring_potter0_20": 0.0, "large_room_sparse20": 0.0, "large_room_potter0_20": 0.05}
[pair_H] {"steps": 702464, "elapsed_s": 591.1, "coordination_ring_sparse20": 0.0, "coordination_ring_potter0_20": 0.0, "large_room_sparse20": 0.0, "large_room_potter0_20": 0.05}
[pair_H] {"steps": 704512, "elapsed_s": 592.7, "coordination_ring_sparse20": 0.0, "coordination_ring_potter0_20": 0.0, "large_room_sparse20": 0.0, "large_room_potter0_20": 0.05}
[pair_H] {"steps": 706560, "elapsed_s": 594.4, "coordination_ring_sparse20": 0.0, "coordination_ring_potter0_20": 0.0, "large_room_sparse20": 0.0, "large_room_potter0_20": 0.1}
[pair_H] {"steps": 708608, "elapsed_s": 596.1, "coordination_ring_sparse20": 0.0, "coordination_ring_potter0_20": 0.0, "large_room_sparse20": 0.0, "large_room_potter0_20": 0.1}
[pair_H] {"steps": 710656, "elapsed_s": 597.9, "coordination_ring_sparse20": 0.0, "coordination_ring_potter0_20": 0.0, "large_room_sparse20": 0.0, "large_room_potter0_20": 0.15}
[pair_H] {"steps": 712704, "elapsed_s": 599.6, "coordination_ring_sparse20": 0.0, "coordination_ring_potter0_20": 0.0, "large_room_sparse20": 0.0, "large_room_potter0_20": 0.15}
[pair_H] {"steps": 714752, "elapsed_s": 601.4, "coordination_ring_sparse20": 0.0, "coordination_ring_potter0_20": 0.0, "large_room_sparse20": 0.0, "large_room_potter0_20": 0.2}
[pair_H] {"steps": 716800, "elapsed_s": 603.1, "coordination_ring_sparse20": 0.0, "coordination_ring_potter0_20": 0.0, "large_room_sparse20": 0.0, "large_room_potter0_20": 0.25}
[pair_H] {"steps": 718848, "elapsed_s": 605.3, "coordination_ring_sparse20": 0.0, "coordination_ring_potter0_20": 0.0, "large_room_sparse20": 0.0, "large_room_potter0_20": 0.2}
[pair_H] {"steps": 720896, "elapsed_s": 607.0, "coordination_ring_sparse20": 0.0, "coordination_ring_potter0_20": 0.0, "large_room_sparse20": 0.0, "large_room_potter0_20": 0.25}
[pair_H] {"steps": 722944, "elapsed_s": 608.8, "coordination_ring_sparse20": 0.0, "coordination_ring_potter0_20": 0.0, "large_room_sparse20": 0.0, "large_room_potter0_20": 0.3}
[pair_H] {"steps": 724992, "elapsed_s": 610.5, "coordination_ring_sparse20": 0.0, "coordination_ring_potter0_20": 0.0, "large_room_sparse20": 0.0, "large_room_potter0_20": 0.3}
[pair_H] {"steps": 727040, "elapsed_s": 612.1, "coordination_ring_sparse20": 0.0, "coordination_ring_potter0_20": 0.0, "large_room_sparse20": 0.0, "large_room_potter0_20": 0.3}
[pair_H] {"steps": 729088, "elapsed_s": 613.6, "coordination_ring_sparse20": 0.0, "coordination_ring_potter0_20": 0.0, "large_room_sparse20": 0.0, "large_room_potter0_20": 0.3}
[pair_H] {"steps": 731136, "elapsed_s": 615.1, "coordination_ring_sparse20": 0.0, "coordination_ring_potter0_20": 0.0, "large_room_sparse20": 0.0, "large_room_potter0_20": 0.25}
[pair_H] {"steps": 733184, "elapsed_s": 616.7, "coordination_ring_sparse20": 0.0, "coordination_ring_potter0_20": 0.0, "large_room_sparse20": 0.0, "large_room_potter0_20": 0.25}
[pair_H] {"steps": 735232, "elapsed_s": 618.6, "coordination_ring_sparse20": 0.0, "coordination_ring_potter0_20": 0.0, "large_room_sparse20": 0.0, "large_room_potter0_20": 0.2}
[pair_H] {"steps": 737280, "elapsed_s": 620.4, "coordination_ring_sparse20": 0.0, "coordination_ring_potter0_20": 0.0, "large_room_sparse20": 0.0, "large_room_potter0_20": 0.15}
[pair_H] {"steps": 739328, "elapsed_s": 622.1, "coordination_ring_sparse20": 0.0, "coordination_ring_potter0_20": 0.05, "large_room_sparse20": 0.0, "large_room_potter0_20": 0.1}
[pair_H] {"steps": 741376, "elapsed_s": 623.8, "coordination_ring_sparse20": 0.0, "coordination_ring_potter0_20": 0.05, "large_room_sparse20": 0.0, "large_room_potter0_20": 0.05}
[pair_H] {"steps": 743424, "elapsed_s": 625.6, "coordination_ring_sparse20": 0.0, "coordination_ring_potter0_20": 0.05, "large_room_sparse20": 0.0, "large_room_potter0_20": 0.0}
[pair_H] {"steps": 745472, "elapsed_s": 627.5, "coordination_ring_sparse20": 0.0, "coordination_ring_potter0_20": 0.05, "large_room_sparse20": 0.0, "large_room_potter0_20": 0.05}
[pair_H] {"steps": 747520, "elapsed_s": 629.4, "coordination_ring_sparse20": 0.0, "coordination_ring_potter0_20": 0.05, "large_room_sparse20": 0.0, "large_room_potter0_20": 0.1}
[pair_H] {"steps": 749568, "elapsed_s": 630.9, "coordination_ring_sparse20": 0.0, "coordination_ring_potter0_20": 0.05, "large_room_sparse20": 0.0, "large_room_potter0_20": 0.15}
[pair_H] {"steps": 751616, "elapsed_s": 633.1, "coordination_ring_sparse20": 0.0, "coordination_ring_potter0_20": 0.05, "large_room_sparse20": 0.0, "large_room_potter0_20": 0.15}
[pair_H] {"steps": 753664, "elapsed_s": 635.4, "coordination_ring_sparse20": 0.0, "coordination_ring_potter0_20": 0.05, "large_room_sparse20": 0.0, "large_room_potter0_20": 0.15}
[pair_H] {"steps": 755712, "elapsed_s": 637.0, "coordination_ring_sparse20": 0.0, "coordination_ring_potter0_20": 0.0, "large_room_sparse20": 0.0, "large_room_potter0_20": 0.15}
[pair_H] {"steps": 757760, "elapsed_s": 638.7, "coordination_ring_sparse20": 0.0, "coordination_ring_potter0_20": 0.0, "large_room_sparse20": 0.0, "large_room_potter0_20": 0.15}
[pair_H] {"steps": 759808, "elapsed_s": 640.4, "coordination_ring_sparse20": 0.0, "coordination_ring_potter0_20": 0.0, "large_room_sparse20": 0.0, "large_room_potter0_20": 0.15}
[pair_H] {"steps": 761856, "elapsed_s": 642.1, "coordination_ring_sparse20": 0.0, "coordination_ring_potter0_20": 0.0, "large_room_sparse20": 0.0, "large_room_potter0_20": 0.15}
[pair_H] {"steps": 763904, "elapsed_s": 643.7, "coordination_ring_sparse20": 0.0, "coordination_ring_potter0_20": 0.0, "large_room_sparse20": 0.0, "large_room_potter0_20": 0.05}
[pair_H] {"steps": 765952, "elapsed_s": 645.7, "coordination_ring_sparse20": 0.0, "coordination_ring_potter0_20": 0.0, "large_room_sparse20": 0.0, "large_room_potter0_20": 0.05}
[pair_H] {"steps": 768000, "elapsed_s": 647.4, "coordination_ring_sparse20": 0.0, "coordination_ring_potter0_20": 0.0, "large_room_sparse20": 0.0, "large_room_potter0_20": 0.05}
[pair_H] {"steps": 770048, "elapsed_s": 648.9, "coordination_ring_sparse20": 0.0, "coordination_ring_potter0_20": 0.0, "large_room_sparse20": 0.0, "large_room_potter0_20": 0.05}
[pair_H] {"steps": 772096, "elapsed_s": 650.6, "coordination_ring_sparse20": 0.0, "coordination_ring_potter0_20": 0.0, "large_room_sparse20": 0.0, "large_room_potter0_20": 0.05}
[pair_H] {"steps": 774144, "elapsed_s": 652.3, "coordination_ring_sparse20": 0.0, "coordination_ring_potter0_20": 0.0, "large_room_sparse20": 0.0, "large_room_potter0_20": 0.05}
[pair_H] {"steps": 776192, "elapsed_s": 653.9, "coordination_ring_sparse20": 0.0, "coordination_ring_potter0_20": 0.0, "large_room_sparse20": 0.0, "large_room_potter0_20": 0.05}
[pair_H] {"steps": 778240, "elapsed_s": 655.6, "coordination_ring_sparse20": 0.0, "coordination_ring_potter0_20": 0.0, "large_room_sparse20": 0.0, "large_room_potter0_20": 0.05}
[pair_H] {"steps": 780288, "elapsed_s": 657.8, "coordination_ring_sparse20": 0.0, "coordination_ring_potter0_20": 0.0, "large_room_sparse20": 0.0, "large_room_potter0_20": 0.1}
[pair_H] {"steps": 782336, "elapsed_s": 659.4, "coordination_ring_sparse20": 0.0, "coordination_ring_potter0_20": 0.0, "large_room_sparse20": 0.0, "large_room_potter0_20": 0.1}
[pair_H] {"steps": 784384, "elapsed_s": 661.0, "coordination_ring_sparse20": 0.0, "coordination_ring_potter0_20": 0.0, "large_room_sparse20": 0.0, "large_room_potter0_20": 0.1}
[pair_H] {"steps": 786432, "elapsed_s": 662.8, "coordination_ring_sparse20": 0.0, "coordination_ring_potter0_20": 0.0, "large_room_sparse20": 0.0, "large_room_potter0_20": 0.1}
[pair_H] {"steps": 788480, "elapsed_s": 664.3, "coordination_ring_sparse20": 0.0, "coordination_ring_potter0_20": 0.0, "large_room_sparse20": 0.0, "large_room_potter0_20": 0.1}
[pair_H] {"steps": 790528, "elapsed_s": 666.3, "coordination_ring_sparse20": 0.0, "coordination_ring_potter0_20": 0.0, "large_room_sparse20": 0.0, "large_room_potter0_20": 0.15}
[pair_H] {"steps": 792576, "elapsed_s": 668.1, "coordination_ring_sparse20": 0.0, "coordination_ring_potter0_20": 0.0, "large_room_sparse20": 0.0, "large_room_potter0_20": 0.1}
[pair_H] {"steps": 794624, "elapsed_s": 670.0, "coordination_ring_sparse20": 0.0, "coordination_ring_potter0_20": 0.0, "large_room_sparse20": 0.0, "large_room_potter0_20": 0.1}
[pair_H] {"steps": 796672, "elapsed_s": 671.7, "coordination_ring_sparse20": 0.0, "coordination_ring_potter0_20": 0.0, "large_room_sparse20": 0.0, "large_room_potter0_20": 0.05}
[pair_H] {"steps": 798720, "elapsed_s": 673.4, "coordination_ring_sparse20": 0.0, "coordination_ring_potter0_20": 0.0, "large_room_sparse20": 0.0, "large_room_potter0_20": 0.05}
[pair_H] {"steps": 800768, "elapsed_s": 674.9, "coordination_ring_sparse20": 0.0, "coordination_ring_potter0_20": 0.0, "large_room_sparse20": 0.0, "large_room_potter0_20": 0.1}
[pair_H] {"steps": 802816, "elapsed_s": 676.6, "coordination_ring_sparse20": 0.0, "coordination_ring_potter0_20": 0.0, "large_room_sparse20": 0.0, "large_room_potter0_20": 0.1}
[pair_H] {"steps": 804864, "elapsed_s": 678.4, "coordination_ring_sparse20": 0.0, "coordination_ring_potter0_20": 0.0, "large_room_sparse20": 0.0, "large_room_potter0_20": 0.1}
[pair_H] {"steps": 806912, "elapsed_s": 680.1, "coordination_ring_sparse20": 0.0, "coordination_ring_potter0_20": 0.0, "large_room_sparse20": 0.0, "large_room_potter0_20": 0.05}
[pair_H] {"steps": 808960, "elapsed_s": 681.7, "coordination_ring_sparse20": 0.0, "coordination_ring_potter0_20": 0.0, "large_room_sparse20": 0.0, "large_room_potter0_20": 0.1}
[pair_H] {"steps": 811008, "elapsed_s": 683.8, "coordination_ring_sparse20": 0.0, "coordination_ring_potter0_20": 0.05, "large_room_sparse20": 0.0, "large_room_potter0_20": 0.1}
[pair_H] {"steps": 813056, "elapsed_s": 685.8, "coordination_ring_sparse20": 0.0, "coordination_ring_potter0_20": 0.05, "large_room_sparse20": 0.0, "large_room_potter0_20": 0.1}
[pair_H] {"steps": 815104, "elapsed_s": 687.4, "coordination_ring_sparse20": 0.0, "coordination_ring_potter0_20": 0.05, "large_room_sparse20": 0.0, "large_room_potter0_20": 0.05}
[pair_H] {"steps": 817152, "elapsed_s": 689.2, "coordination_ring_sparse20": 0.0, "coordination_ring_potter0_20": 0.05, "large_room_sparse20": 0.0, "large_room_potter0_20": 0.05}
[pair_H] {"steps": 819200, "elapsed_s": 691.1, "coordination_ring_sparse20": 0.0, "coordination_ring_potter0_20": 0.05, "large_room_sparse20": 0.0, "large_room_potter0_20": 0.05}
[pair_H] {"steps": 821248, "elapsed_s": 692.9, "coordination_ring_sparse20": 0.0, "coordination_ring_potter0_20": 0.05, "large_room_sparse20": 0.0, "large_room_potter0_20": 0.0}
[pair_H] {"steps": 823296, "elapsed_s": 694.8, "coordination_ring_sparse20": 0.0, "coordination_ring_potter0_20": 0.05, "large_room_sparse20": 0.0, "large_room_potter0_20": 0.0}
[pair_H] {"steps": 825344, "elapsed_s": 696.5, "coordination_ring_sparse20": 0.0, "coordination_ring_potter0_20": 0.05, "large_room_sparse20": 0.0, "large_room_potter0_20": 0.05}
[pair_H] {"steps": 827392, "elapsed_s": 698.2, "coordination_ring_sparse20": 1.0, "coordination_ring_potter0_20": 0.05, "large_room_sparse20": 0.0, "large_room_potter0_20": 0.05}
[pair_H] {"steps": 829440, "elapsed_s": 700.0, "coordination_ring_sparse20": 1.0, "coordination_ring_potter0_20": 0.05, "large_room_sparse20": 0.0, "large_room_potter0_20": 0.05}
[pair_H] {"steps": 831488, "elapsed_s": 701.7, "coordination_ring_sparse20": 1.0, "coordination_ring_potter0_20": 0.05, "large_room_sparse20": 0.0, "large_room_potter0_20": 0.05}
[pair_H] {"steps": 833536, "elapsed_s": 703.4, "coordination_ring_sparse20": 1.0, "coordination_ring_potter0_20": 0.0, "large_room_sparse20": 0.0, "large_room_potter0_20": 0.05}
[pair_H] {"steps": 835584, "elapsed_s": 705.1, "coordination_ring_sparse20": 1.0, "coordination_ring_potter0_20": 0.0, "large_room_sparse20": 0.0, "large_room_potter0_20": 0.05}
[pair_H] {"steps": 837632, "elapsed_s": 706.8, "coordination_ring_sparse20": 1.0, "coordination_ring_potter0_20": 0.0, "large_room_sparse20": 0.0, "large_room_potter0_20": 0.05}
[pair_H] {"steps": 839680, "elapsed_s": 708.8, "coordination_ring_sparse20": 1.0, "coordination_ring_potter0_20": 0.0, "large_room_sparse20": 0.0, "large_room_potter0_20": 0.05}
[pair_H] {"steps": 841728, "elapsed_s": 710.5, "coordination_ring_sparse20": 0.0, "coordination_ring_potter0_20": 0.0, "large_room_sparse20": 0.0, "large_room_potter0_20": 0.1}
[pair_H] {"steps": 843776, "elapsed_s": 712.4, "coordination_ring_sparse20": 0.0, "coordination_ring_potter0_20": 0.0, "large_room_sparse20": 0.0, "large_room_potter0_20": 0.1}
[pair_H] {"steps": 845824, "elapsed_s": 714.2, "coordination_ring_sparse20": 0.0, "coordination_ring_potter0_20": 0.0, "large_room_sparse20": 0.0, "large_room_potter0_20": 0.1}
[pair_H] {"steps": 847872, "elapsed_s": 715.8, "coordination_ring_sparse20": 0.0, "coordination_ring_potter0_20": 0.0, "large_room_sparse20": 0.0, "large_room_potter0_20": 0.1}
[pair_H] {"steps": 849920, "elapsed_s": 718.2, "coordination_ring_sparse20": 0.0, "coordination_ring_potter0_20": 0.0, "large_room_sparse20": 0.0, "large_room_potter0_20": 0.15}
[pair_H] {"steps": 851968, "elapsed_s": 720.1, "coordination_ring_sparse20": 0.0, "coordination_ring_potter0_20": 0.0, "large_room_sparse20": 0.0, "large_room_potter0_20": 0.2}
[pair_H] {"steps": 854016, "elapsed_s": 721.7, "coordination_ring_sparse20": 0.0, "coordination_ring_potter0_20": 0.0, "large_room_sparse20": 0.0, "large_room_potter0_20": 0.2}
[pair_H] {"steps": 856064, "elapsed_s": 723.4, "coordination_ring_sparse20": 0.0, "coordination_ring_potter0_20": 0.0, "large_room_sparse20": 0.0, "large_room_potter0_20": 0.2}
[pair_H] {"steps": 858112, "elapsed_s": 725.2, "coordination_ring_sparse20": 0.0, "coordination_ring_potter0_20": 0.0, "large_room_sparse20": 0.0, "large_room_potter0_20": 0.15}
[pair_H] {"steps": 860160, "elapsed_s": 726.8, "coordination_ring_sparse20": 0.0, "coordination_ring_potter0_20": 0.0, "large_room_sparse20": 0.0, "large_room_potter0_20": 0.2}
[pair_H] {"steps": 862208, "elapsed_s": 728.5, "coordination_ring_sparse20": 0.0, "coordination_ring_potter0_20": 0.0, "large_room_sparse20": 0.0, "large_room_potter0_20": 0.25}
[pair_H] {"steps": 864256, "elapsed_s": 730.1, "coordination_ring_sparse20": 0.0, "coordination_ring_potter0_20": 0.0, "large_room_sparse20": 0.0, "large_room_potter0_20": 0.2}
[pair_H] {"steps": 866304, "elapsed_s": 731.8, "coordination_ring_sparse20": 1.0, "coordination_ring_potter0_20": 0.0, "large_room_sparse20": 0.0, "large_room_potter0_20": 0.2}
[pair_H] {"steps": 868352, "elapsed_s": 733.7, "coordination_ring_sparse20": 1.0, "coordination_ring_potter0_20": 0.0, "large_room_sparse20": 0.0, "large_room_potter0_20": 0.15}
[pair_H] {"steps": 870400, "elapsed_s": 735.8, "coordination_ring_sparse20": 1.0, "coordination_ring_potter0_20": 0.0, "large_room_sparse20": 0.0, "large_room_potter0_20": 0.15}
[pair_H] {"steps": 872448, "elapsed_s": 737.5, "coordination_ring_sparse20": 1.0, "coordination_ring_potter0_20": 0.0, "large_room_sparse20": 0.0, "large_room_potter0_20": 0.1}
[pair_H] {"steps": 874496, "elapsed_s": 739.1, "coordination_ring_sparse20": 1.0, "coordination_ring_potter0_20": 0.0, "large_room_sparse20": 0.0, "large_room_potter0_20": 0.05}
[pair_H] {"steps": 876544, "elapsed_s": 740.7, "coordination_ring_sparse20": 1.0, "coordination_ring_potter0_20": 0.0, "large_room_sparse20": 0.0, "large_room_potter0_20": 0.05}
[pair_H] {"steps": 878592, "elapsed_s": 742.6, "coordination_ring_sparse20": 1.0, "coordination_ring_potter0_20": 0.0, "large_room_sparse20": 0.0, "large_room_potter0_20": 0.0}
[pair_H] {"steps": 880640, "elapsed_s": 744.6, "coordination_ring_sparse20": 1.0, "coordination_ring_potter0_20": 0.05, "large_room_sparse20": 0.0, "large_room_potter0_20": 0.05}
[pair_H] {"steps": 882688, "elapsed_s": 746.6, "coordination_ring_sparse20": 1.0, "coordination_ring_potter0_20": 0.05, "large_room_sparse20": 0.0, "large_room_potter0_20": 0.1}
[pair_H] {"steps": 884736, "elapsed_s": 748.2, "coordination_ring_sparse20": 0.0, "coordination_ring_potter0_20": 0.05, "large_room_sparse20": 0.0, "large_room_potter0_20": 0.1}
[pair_H] {"steps": 886784, "elapsed_s": 750.1, "coordination_ring_sparse20": 1.0, "coordination_ring_potter0_20": 0.05, "large_room_sparse20": 0.0, "large_room_potter0_20": 0.1}
[pair_H] {"steps": 888832, "elapsed_s": 751.8, "coordination_ring_sparse20": 2.0, "coordination_ring_potter0_20": 0.05, "large_room_sparse20": 0.0, "large_room_potter0_20": 0.1}
[pair_H] {"steps": 890880, "elapsed_s": 753.6, "coordination_ring_sparse20": 2.0, "coordination_ring_potter0_20": 0.05, "large_room_sparse20": 0.0, "large_room_potter0_20": 0.1}
[pair_H] {"steps": 892928, "elapsed_s": 755.2, "coordination_ring_sparse20": 2.0, "coordination_ring_potter0_20": 0.05, "large_room_sparse20": 0.0, "large_room_potter0_20": 0.15}
[pair_H] {"steps": 894976, "elapsed_s": 756.8, "coordination_ring_sparse20": 2.0, "coordination_ring_potter0_20": 0.05, "large_room_sparse20": 0.0, "large_room_potter0_20": 0.15}
[pair_H] {"steps": 897024, "elapsed_s": 758.4, "coordination_ring_sparse20": 2.0, "coordination_ring_potter0_20": 0.0, "large_room_sparse20": 0.0, "large_room_potter0_20": 0.15}
[pair_H] {"steps": 899072, "elapsed_s": 760.0, "coordination_ring_sparse20": 2.0, "coordination_ring_potter0_20": 0.0, "large_room_sparse20": 0.0, "large_room_potter0_20": 0.15}
[pair_H] {"steps": 901120, "elapsed_s": 761.8, "coordination_ring_sparse20": 1.0, "coordination_ring_potter0_20": 0.0, "large_room_sparse20": 0.0, "large_room_potter0_20": 0.1}
[pair_H] {"steps": 903168, "elapsed_s": 763.6, "coordination_ring_sparse20": 1.0, "coordination_ring_potter0_20": 0.0, "large_room_sparse20": 0.0, "large_room_potter0_20": 0.1}
[pair_H] {"steps": 905216, "elapsed_s": 765.4, "coordination_ring_sparse20": 1.0, "coordination_ring_potter0_20": 0.0, "large_room_sparse20": 0.0, "large_room_potter0_20": 0.1}
[pair_H] {"steps": 907264, "elapsed_s": 767.0, "coordination_ring_sparse20": 0.0, "coordination_ring_potter0_20": 0.05, "large_room_sparse20": 0.0, "large_room_potter0_20": 0.1}
[pair_H] {"steps": 909312, "elapsed_s": 768.6, "coordination_ring_sparse20": 0.0, "coordination_ring_potter0_20": 0.05, "large_room_sparse20": 0.0, "large_room_potter0_20": 0.05}
[pair_H] {"steps": 911360, "elapsed_s": 770.2, "coordination_ring_sparse20": 0.0, "coordination_ring_potter0_20": 0.05, "large_room_sparse20": 0.0, "large_room_potter0_20": 0.05}
[pair_H] {"steps": 913408, "elapsed_s": 771.8, "coordination_ring_sparse20": 0.0, "coordination_ring_potter0_20": 0.05, "large_room_sparse20": 0.0, "large_room_potter0_20": 0.05}
[pair_H] {"steps": 915456, "elapsed_s": 773.8, "coordination_ring_sparse20": 0.0, "coordination_ring_potter0_20": 0.05, "large_room_sparse20": 0.0, "large_room_potter0_20": 0.05}
[pair_H] {"steps": 917504, "elapsed_s": 775.5, "coordination_ring_sparse20": 0.0, "coordination_ring_potter0_20": 0.05, "large_room_sparse20": 0.0, "large_room_potter0_20": 0.05}
[pair_H] {"steps": 919552, "elapsed_s": 777.1, "coordination_ring_sparse20": 0.0, "coordination_ring_potter0_20": 0.05, "large_room_sparse20": 0.0, "large_room_potter0_20": 0.05}
[pair_H] {"steps": 921600, "elapsed_s": 779.1, "coordination_ring_sparse20": 0.0, "coordination_ring_potter0_20": 0.0, "large_room_sparse20": 0.0, "large_room_potter0_20": 0.05}
[pair_H] {"steps": 923648, "elapsed_s": 780.8, "coordination_ring_sparse20": 0.0, "coordination_ring_potter0_20": 0.0, "large_room_sparse20": 0.0, "large_room_potter0_20": 0.0}
[pair_H] {"steps": 925696, "elapsed_s": 782.5, "coordination_ring_sparse20": 0.0, "coordination_ring_potter0_20": 0.0, "large_room_sparse20": 0.0, "large_room_potter0_20": 0.0}
[pair_H] {"steps": 927744, "elapsed_s": 784.4, "coordination_ring_sparse20": 0.0, "coordination_ring_potter0_20": 0.0, "large_room_sparse20": 0.0, "large_room_potter0_20": 0.05}
[pair_H] {"steps": 929792, "elapsed_s": 785.9, "coordination_ring_sparse20": 0.0, "coordination_ring_potter0_20": 0.0, "large_room_sparse20": 0.0, "large_room_potter0_20": 0.05}
[pair_H] {"steps": 931840, "elapsed_s": 787.5, "coordination_ring_sparse20": 0.0, "coordination_ring_potter0_20": 0.05, "large_room_sparse20": 0.0, "large_room_potter0_20": 0.05}
[pair_H] {"steps": 933888, "elapsed_s": 789.7, "coordination_ring_sparse20": 0.0, "coordination_ring_potter0_20": 0.05, "large_room_sparse20": 0.0, "large_room_potter0_20": 0.1}
[pair_H] {"steps": 935936, "elapsed_s": 792.0, "coordination_ring_sparse20": 0.0, "coordination_ring_potter0_20": 0.05, "large_room_sparse20": 0.0, "large_room_potter0_20": 0.1}
[pair_H] {"steps": 937984, "elapsed_s": 793.8, "coordination_ring_sparse20": 0.0, "coordination_ring_potter0_20": 0.05, "large_room_sparse20": 0.0, "large_room_potter0_20": 0.1}
[pair_H] {"steps": 940032, "elapsed_s": 795.4, "coordination_ring_sparse20": 0.0, "coordination_ring_potter0_20": 0.05, "large_room_sparse20": 0.0, "large_room_potter0_20": 0.1}
[pair_H] {"steps": 942080, "elapsed_s": 797.1, "coordination_ring_sparse20": 0.0, "coordination_ring_potter0_20": 0.05, "large_room_sparse20": 0.0, "large_room_potter0_20": 0.15}
[pair_H] {"steps": 944128, "elapsed_s": 798.7, "coordination_ring_sparse20": 0.0, "coordination_ring_potter0_20": 0.05, "large_room_sparse20": 0.0, "large_room_potter0_20": 0.15}
[pair_H] {"steps": 946176, "elapsed_s": 800.3, "coordination_ring_sparse20": 1.0, "coordination_ring_potter0_20": 0.0, "large_room_sparse20": 0.0, "large_room_potter0_20": 0.15}
[pair_H] {"steps": 948224, "elapsed_s": 802.6, "coordination_ring_sparse20": 1.0, "coordination_ring_potter0_20": 0.0, "large_room_sparse20": 0.0, "large_room_potter0_20": 0.1}
[pair_H] {"steps": 950272, "elapsed_s": 804.5, "coordination_ring_sparse20": 1.0, "coordination_ring_potter0_20": 0.0, "large_room_sparse20": 0.0, "large_room_potter0_20": 0.05}
[pair_H] {"steps": 952320, "elapsed_s": 806.7, "coordination_ring_sparse20": 1.0, "coordination_ring_potter0_20": 0.0, "large_room_sparse20": 0.0, "large_room_potter0_20": 0.05}
[pair_H] {"steps": 954368, "elapsed_s": 808.7, "coordination_ring_sparse20": 1.0, "coordination_ring_potter0_20": 0.05, "large_room_sparse20": 0.0, "large_room_potter0_20": 0.05}
[pair_H] {"steps": 956416, "elapsed_s": 810.7, "coordination_ring_sparse20": 1.0, "coordination_ring_potter0_20": 0.05, "large_room_sparse20": 0.0, "large_room_potter0_20": 0.05}
[pair_H] {"steps": 958464, "elapsed_s": 812.3, "coordination_ring_sparse20": 1.0, "coordination_ring_potter0_20": 0.05, "large_room_sparse20": 0.0, "large_room_potter0_20": 0.05}
[pair_H] {"steps": 960512, "elapsed_s": 814.2, "coordination_ring_sparse20": 1.0, "coordination_ring_potter0_20": 0.05, "large_room_sparse20": 0.0, "large_room_potter0_20": 0.0}
[pair_H] {"steps": 962560, "elapsed_s": 815.9, "coordination_ring_sparse20": 0.0, "coordination_ring_potter0_20": 0.05, "large_room_sparse20": 0.0, "large_room_potter0_20": 0.05}
[pair_H] {"steps": 964608, "elapsed_s": 818.1, "coordination_ring_sparse20": 1.0, "coordination_ring_potter0_20": 0.05, "large_room_sparse20": 0.0, "large_room_potter0_20": 0.05}
[pair_H] {"steps": 966656, "elapsed_s": 819.8, "coordination_ring_sparse20": 2.0, "coordination_ring_potter0_20": 0.05, "large_room_sparse20": 0.0, "large_room_potter0_20": 0.05}
[pair_H] {"steps": 968704, "elapsed_s": 821.6, "coordination_ring_sparse20": 4.0, "coordination_ring_potter0_20": 0.05, "large_room_sparse20": 0.0, "large_room_potter0_20": 0.05}
[pair_H] {"steps": 970752, "elapsed_s": 823.2, "coordination_ring_sparse20": 6.0, "coordination_ring_potter0_20": 0.0, "large_room_sparse20": 0.0, "large_room_potter0_20": 0.05}
[pair_H] {"steps": 972800, "elapsed_s": 824.8, "coordination_ring_sparse20": 10.0, "coordination_ring_potter0_20": 0.0, "large_room_sparse20": 0.0, "large_room_potter0_20": 0.05}
[pair_H] {"steps": 974848, "elapsed_s": 826.4, "coordination_ring_sparse20": 13.0, "coordination_ring_potter0_20": 0.0, "large_room_sparse20": 0.0, "large_room_potter0_20": 0.05}
[pair_H] {"steps": 976896, "elapsed_s": 828.2, "coordination_ring_sparse20": 12.0, "coordination_ring_potter0_20": 0.0, "large_room_sparse20": 0.0, "large_room_potter0_20": 0.05}
[pair_H] {"steps": 978944, "elapsed_s": 829.9, "coordination_ring_sparse20": 12.0, "coordination_ring_potter0_20": 0.0, "large_room_sparse20": 0.0, "large_room_potter0_20": 0.05}
[pair_H] {"steps": 980992, "elapsed_s": 831.5, "coordination_ring_sparse20": 11.0, "coordination_ring_potter0_20": 0.0, "large_room_sparse20": 0.0, "large_room_potter0_20": 0.05}
[pair_H] {"steps": 983040, "elapsed_s": 833.5, "coordination_ring_sparse20": 12.0, "coordination_ring_potter0_20": 0.0, "large_room_sparse20": 0.0, "large_room_potter0_20": 0.0}
[pair_H] {"steps": 985088, "elapsed_s": 835.2, "coordination_ring_sparse20": 13.0, "coordination_ring_potter0_20": 0.0, "large_room_sparse20": 0.0, "large_room_potter0_20": 0.0}
[pair_H] {"steps": 987136, "elapsed_s": 836.7, "coordination_ring_sparse20": 13.0, "coordination_ring_potter0_20": 0.0, "large_room_sparse20": 0.0, "large_room_potter0_20": 0.05}
[pair_H] {"steps": 989184, "elapsed_s": 838.5, "coordination_ring_sparse20": 15.0, "coordination_ring_potter0_20": 0.0, "large_room_sparse20": 0.0, "large_room_potter0_20": 0.05}
[pair_H] {"steps": 991232, "elapsed_s": 840.3, "coordination_ring_sparse20": 14.0, "coordination_ring_potter0_20": 0.0, "large_room_sparse20": 0.0, "large_room_potter0_20": 0.1}
[pair_H] {"steps": 993280, "elapsed_s": 842.4, "coordination_ring_sparse20": 14.0, "coordination_ring_potter0_20": 0.0, "large_room_sparse20": 0.0, "large_room_potter0_20": 0.2}
[pair_H] {"steps": 995328, "elapsed_s": 844.3, "coordination_ring_sparse20": 15.0, "coordination_ring_potter0_20": 0.0, "large_room_sparse20": 0.0, "large_room_potter0_20": 0.2}
[pair_H] {"steps": 997376, "elapsed_s": 845.9, "coordination_ring_sparse20": 16.0, "coordination_ring_potter0_20": 0.0, "large_room_sparse20": 0.0, "large_room_potter0_20": 0.2}
[pair_H] {"steps": 999424, "elapsed_s": 847.4, "coordination_ring_sparse20": 16.0, "coordination_ring_potter0_20": 0.0, "large_room_sparse20": 0.0, "large_room_potter0_20": 0.2}
[pair_H] {"steps": 1001472, "elapsed_s": 849.5, "coordination_ring_sparse20": 13.0, "coordination_ring_potter0_20": 0.0, "large_room_sparse20": 0.0, "large_room_potter0_20": 0.2}
[pair_H] {"steps": 1003520, "elapsed_s": 851.8, "coordination_ring_sparse20": 10.0, "coordination_ring_potter0_20": 0.0, "large_room_sparse20": 0.0, "large_room_potter0_20": 0.15}
[pair_H] {"steps": 1005568, "elapsed_s": 853.5, "coordination_ring_sparse20": 6.0, "coordination_ring_potter0_20": 0.0, "large_room_sparse20": 0.0, "large_room_potter0_20": 0.15}
[pair_H] {"steps": 1007616, "elapsed_s": 855.2, "coordination_ring_sparse20": 4.0, "coordination_ring_potter0_20": 0.0, "large_room_sparse20": 0.0, "large_room_potter0_20": 0.2}
[pair_H] {"steps": 1009664, "elapsed_s": 857.4, "coordination_ring_sparse20": 3.0, "coordination_ring_potter0_20": 0.0, "large_room_sparse20": 0.0, "large_room_potter0_20": 0.2}
[pair_H] {"steps": 1011712, "elapsed_s": 859.3, "coordination_ring_sparse20": 2.0, "coordination_ring_potter0_20": 0.0, "large_room_sparse20": 0.0, "large_room_potter0_20": 0.15}
[pair_H] {"steps": 1013760, "elapsed_s": 861.1, "coordination_ring_sparse20": 1.0, "coordination_ring_potter0_20": 0.0, "large_room_sparse20": 0.0, "large_room_potter0_20": 0.15}
[pair_H] {"steps": 1015808, "elapsed_s": 862.8, "coordination_ring_sparse20": 3.0, "coordination_ring_potter0_20": 0.0, "large_room_sparse20": 0.0, "large_room_potter0_20": 0.15}
[pair_H] {"steps": 1017856, "elapsed_s": 864.4, "coordination_ring_sparse20": 4.0, "coordination_ring_potter0_20": 0.0, "large_room_sparse20": 0.0, "large_room_potter0_20": 0.15}
[pair_H] {"steps": 1019904, "elapsed_s": 866.1, "coordination_ring_sparse20": 3.0, "coordination_ring_potter0_20": 0.0, "large_room_sparse20": 0.0, "large_room_potter0_20": 0.15}
[pair_H] {"steps": 1021952, "elapsed_s": 867.8, "coordination_ring_sparse20": 3.0, "coordination_ring_potter0_20": 0.0, "large_room_sparse20": 0.0, "large_room_potter0_20": 0.1}
[pair_H] {"steps": 1024000, "elapsed_s": 869.7, "coordination_ring_sparse20": 4.0, "coordination_ring_potter0_20": 0.0, "large_room_sparse20": 0.0, "large_room_potter0_20": 0.1}
[pair_H] {"steps": 1026048, "elapsed_s": 871.4, "coordination_ring_sparse20": 4.0, "coordination_ring_potter0_20": 0.0, "large_room_sparse20": 0.0, "large_room_potter0_20": 0.05}
[pair_H] {"steps": 1028096, "elapsed_s": 873.0, "coordination_ring_sparse20": 4.0, "coordination_ring_potter0_20": 0.0, "large_room_sparse20": 0.0, "large_room_potter0_20": 0.05}
[pair_H] {"steps": 1030144, "elapsed_s": 874.6, "coordination_ring_sparse20": 4.0, "coordination_ring_potter0_20": 0.0, "large_room_sparse20": 0.0, "large_room_potter0_20": 0.05}
[pair_H] {"steps": 1032192, "elapsed_s": 876.0, "coordination_ring_sparse20": 3.0, "coordination_ring_potter0_20": 0.0, "large_room_sparse20": 0.0, "large_room_potter0_20": 0.05}
[pair_H] {"steps": 1034240, "elapsed_s": 877.5, "coordination_ring_sparse20": 1.0, "coordination_ring_potter0_20": 0.1, "large_room_sparse20": 0.0, "large_room_potter0_20": 0.05}
[pair_H] {"steps": 1036288, "elapsed_s": 879.2, "coordination_ring_sparse20": 1.0, "coordination_ring_potter0_20": 0.1, "large_room_sparse20": 0.0, "large_room_potter0_20": 0.05}
[pair_H] {"steps": 1038336, "elapsed_s": 880.8, "coordination_ring_sparse20": 2.0, "coordination_ring_potter0_20": 0.1, "large_room_sparse20": 0.0, "large_room_potter0_20": 0.05}
[pair_H] {"steps": 1040384, "elapsed_s": 882.6, "coordination_ring_sparse20": 2.0, "coordination_ring_potter0_20": 0.1, "large_room_sparse20": 0.0, "large_room_potter0_20": 0.05}
[pair_H] {"steps": 1042432, "elapsed_s": 884.3, "coordination_ring_sparse20": 2.0, "coordination_ring_potter0_20": 0.1, "large_room_sparse20": 0.0, "large_room_potter0_20": 0.05}
[pair_H] {"steps": 1044480, "elapsed_s": 886.1, "coordination_ring_sparse20": 2.0, "coordination_ring_potter0_20": 0.1, "large_room_sparse20": 0.0, "large_room_potter0_20": 0.0}
[pair_H] {"steps": 1046528, "elapsed_s": 887.9, "coordination_ring_sparse20": 2.0, "coordination_ring_potter0_20": 0.1, "large_room_sparse20": 0.0, "large_room_potter0_20": 0.1}
[pair_H] {"steps": 1048576, "elapsed_s": 889.6, "coordination_ring_sparse20": 2.0, "coordination_ring_potter0_20": 0.1, "large_room_sparse20": 0.0, "large_room_potter0_20": 0.15}
[pair_H] {"steps": 1050624, "elapsed_s": 891.9, "coordination_ring_sparse20": 2.0, "coordination_ring_potter0_20": 0.1, "large_room_sparse20": 0.0, "large_room_potter0_20": 0.15}
[pair_H] {"steps": 1052672, "elapsed_s": 893.5, "coordination_ring_sparse20": 2.0, "coordination_ring_potter0_20": 0.05, "large_room_sparse20": 0.0, "large_room_potter0_20": 0.15}
[pair_H] {"steps": 1054720, "elapsed_s": 895.7, "coordination_ring_sparse20": 3.0, "coordination_ring_potter0_20": 0.0, "large_room_sparse20": 0.0, "large_room_potter0_20": 0.2}
[pair_H] {"steps": 1056768, "elapsed_s": 897.5, "coordination_ring_sparse20": 3.0, "coordination_ring_potter0_20": 0.0, "large_room_sparse20": 0.0, "large_room_potter0_20": 0.15}
[pair_H] {"steps": 1058816, "elapsed_s": 899.2, "coordination_ring_sparse20": 4.0, "coordination_ring_potter0_20": 0.0, "large_room_sparse20": 0.0, "large_room_potter0_20": 0.05}
[pair_H] {"steps": 1060864, "elapsed_s": 901.1, "coordination_ring_sparse20": 4.0, "coordination_ring_potter0_20": 0.0, "large_room_sparse20": 0.0, "large_room_potter0_20": 0.05}
[pair_H] {"steps": 1062912, "elapsed_s": 902.9, "coordination_ring_sparse20": 5.0, "coordination_ring_potter0_20": 0.0, "large_room_sparse20": 0.0, "large_room_potter0_20": 0.1}
[pair_H] {"steps": 1064960, "elapsed_s": 904.6, "coordination_ring_sparse20": 7.0, "coordination_ring_potter0_20": 0.0, "large_room_sparse20": 0.0, "large_room_potter0_20": 0.1}
[pair_H] {"steps": 1067008, "elapsed_s": 906.3, "coordination_ring_sparse20": 9.0, "coordination_ring_potter0_20": 0.05, "large_room_sparse20": 0.0, "large_room_potter0_20": 0.05}
[pair_H] {"steps": 1069056, "elapsed_s": 908.1, "coordination_ring_sparse20": 9.0, "coordination_ring_potter0_20": 0.05, "large_room_sparse20": 0.0, "large_room_potter0_20": 0.1}
[pair_H] {"steps": 1071104, "elapsed_s": 910.0, "coordination_ring_sparse20": 9.0, "coordination_ring_potter0_20": 0.05, "large_room_sparse20": 0.0, "large_room_potter0_20": 0.15}
[pair_H] {"steps": 1073152, "elapsed_s": 911.6, "coordination_ring_sparse20": 9.0, "coordination_ring_potter0_20": 0.05, "large_room_sparse20": 0.0, "large_room_potter0_20": 0.15}
[pair_H] {"steps": 1075200, "elapsed_s": 913.3, "coordination_ring_sparse20": 9.0, "coordination_ring_potter0_20": 0.05, "large_room_sparse20": 0.0, "large_room_potter0_20": 0.15}
[pair_H] {"steps": 1077248, "elapsed_s": 915.4, "coordination_ring_sparse20": 10.0, "coordination_ring_potter0_20": 0.05, "large_room_sparse20": 0.0, "large_room_potter0_20": 0.1}
[pair_H] {"steps": 1079296, "elapsed_s": 917.4, "coordination_ring_sparse20": 9.0, "coordination_ring_potter0_20": 0.05, "large_room_sparse20": 0.0, "large_room_potter0_20": 0.15}
[pair_H] {"steps": 1081344, "elapsed_s": 919.1, "coordination_ring_sparse20": 9.0, "coordination_ring_potter0_20": 0.05, "large_room_sparse20": 0.0, "large_room_potter0_20": 0.1}
[pair_H] {"steps": 1083392, "elapsed_s": 920.9, "coordination_ring_sparse20": 7.0, "coordination_ring_potter0_20": 0.05, "large_room_sparse20": 0.0, "large_room_potter0_20": 0.1}
[pair_H] {"steps": 1085440, "elapsed_s": 922.7, "coordination_ring_sparse20": 6.0, "coordination_ring_potter0_20": 0.0, "large_room_sparse20": 0.0, "large_room_potter0_20": 0.1}
[pair_H] {"steps": 1087488, "elapsed_s": 925.0, "coordination_ring_sparse20": 7.0, "coordination_ring_potter0_20": 0.0, "large_room_sparse20": 0.0, "large_room_potter0_20": 0.1}
[pair_H] {"steps": 1089536, "elapsed_s": 926.7, "coordination_ring_sparse20": 7.0, "coordination_ring_potter0_20": 0.0, "large_room_sparse20": 0.0, "large_room_potter0_20": 0.1}
[pair_H] {"steps": 1091584, "elapsed_s": 928.9, "coordination_ring_sparse20": 8.0, "coordination_ring_potter0_20": 0.0, "large_room_sparse20": 0.0, "large_room_potter0_20": 0.1}
[pair_H] {"steps": 1093632, "elapsed_s": 930.6, "coordination_ring_sparse20": 9.0, "coordination_ring_potter0_20": 0.0, "large_room_sparse20": 0.0, "large_room_potter0_20": 0.1}
[pair_H] {"steps": 1095680, "elapsed_s": 932.4, "coordination_ring_sparse20": 9.0, "coordination_ring_potter0_20": 0.0, "large_room_sparse20": 0.0, "large_room_potter0_20": 0.05}
[pair_H] {"steps": 1097728, "elapsed_s": 934.3, "coordination_ring_sparse20": 7.0, "coordination_ring_potter0_20": 0.0, "large_room_sparse20": 0.0, "large_room_potter0_20": 0.1}
[pair_H] {"steps": 1099776, "elapsed_s": 935.9, "coordination_ring_sparse20": 8.0, "coordination_ring_potter0_20": 0.0, "large_room_sparse20": 0.0, "large_room_potter0_20": 0.1}
[pair_H] {"steps": 1101824, "elapsed_s": 937.5, "coordination_ring_sparse20": 8.0, "coordination_ring_potter0_20": 0.0, "large_room_sparse20": 0.0, "large_room_potter0_20": 0.15}
[pair_H] {"steps": 1103872, "elapsed_s": 939.2, "coordination_ring_sparse20": 10.0, "coordination_ring_potter0_20": 0.0, "large_room_sparse20": 0.0, "large_room_potter0_20": 0.1}
[pair_H] {"steps": 1105920, "elapsed_s": 941.2, "coordination_ring_sparse20": 8.0, "coordination_ring_potter0_20": 0.0, "large_room_sparse20": 0.0, "large_room_potter0_20": 0.1}
[pair_H] {"steps": 1107968, "elapsed_s": 943.3, "coordination_ring_sparse20": 7.0, "coordination_ring_potter0_20": 0.0, "large_room_sparse20": 0.0, "large_room_potter0_20": 0.15}
[pair_H] {"steps": 1110016, "elapsed_s": 945.0, "coordination_ring_sparse20": 7.0, "coordination_ring_potter0_20": 0.0, "large_room_sparse20": 0.0, "large_room_potter0_20": 0.2}
[pair_H] {"steps": 1112064, "elapsed_s": 946.6, "coordination_ring_sparse20": 8.0, "coordination_ring_potter0_20": 0.0, "large_room_sparse20": 0.0, "large_room_potter0_20": 0.2}
[pair_H] {"steps": 1114112, "elapsed_s": 948.3, "coordination_ring_sparse20": 10.0, "coordination_ring_potter0_20": 0.0, "large_room_sparse20": 0.0, "large_room_potter0_20": 0.2}
[pair_H] {"steps": 1116160, "elapsed_s": 950.5, "coordination_ring_sparse20": 8.0, "coordination_ring_potter0_20": 0.0, "large_room_sparse20": 0.0, "large_room_potter0_20": 0.15}
[pair_H] {"steps": 1118208, "elapsed_s": 952.1, "coordination_ring_sparse20": 9.0, "coordination_ring_potter0_20": 0.0, "large_room_sparse20": 0.0, "large_room_potter0_20": 0.15}
[pair_H] {"steps": 1120256, "elapsed_s": 954.4, "coordination_ring_sparse20": 8.0, "coordination_ring_potter0_20": 0.0, "large_room_sparse20": 0.0, "large_room_potter0_20": 0.15}
[pair_H] {"steps": 1122304, "elapsed_s": 956.1, "coordination_ring_sparse20": 9.0, "coordination_ring_potter0_20": 0.0, "large_room_sparse20": 0.0, "large_room_potter0_20": 0.1}
[pair_H] {"steps": 1124352, "elapsed_s": 957.8, "coordination_ring_sparse20": 9.0, "coordination_ring_potter0_20": 0.05, "large_room_sparse20": 0.0, "large_room_potter0_20": 0.05}
[pair_H] {"steps": 1126400, "elapsed_s": 959.5, "coordination_ring_sparse20": 9.0, "coordination_ring_potter0_20": 0.05, "large_room_sparse20": 0.0, "large_room_potter0_20": 0.05}
[pair_H] {"steps": 1128448, "elapsed_s": 961.5, "coordination_ring_sparse20": 6.0, "coordination_ring_potter0_20": 0.05, "large_room_sparse20": 0.0, "large_room_potter0_20": 0.1}
[pair_H] {"steps": 1130496, "elapsed_s": 963.1, "coordination_ring_sparse20": 4.0, "coordination_ring_potter0_20": 0.05, "large_room_sparse20": 0.0, "large_room_potter0_20": 0.15}
[pair_H] {"steps": 1132544, "elapsed_s": 965.4, "coordination_ring_sparse20": 6.0, "coordination_ring_potter0_20": 0.05, "large_room_sparse20": 0.0, "large_room_potter0_20": 0.15}
[pair_H] {"steps": 1134592, "elapsed_s": 967.0, "coordination_ring_sparse20": 4.0, "coordination_ring_potter0_20": 0.05, "large_room_sparse20": 0.0, "large_room_potter0_20": 0.1}
[pair_H] {"steps": 1136640, "elapsed_s": 969.0, "coordination_ring_sparse20": 5.0, "coordination_ring_potter0_20": 0.05, "large_room_sparse20": 0.0, "large_room_potter0_20": 0.1}
[pair_H] {"steps": 1138688, "elapsed_s": 971.1, "coordination_ring_sparse20": 6.0, "coordination_ring_potter0_20": 0.05, "large_room_sparse20": 0.0, "large_room_potter0_20": 0.1}
[pair_H] {"steps": 1140736, "elapsed_s": 972.6, "coordination_ring_sparse20": 7.0, "coordination_ring_potter0_20": 0.0, "large_room_sparse20": 0.0, "large_room_potter0_20": 0.1}
[pair_H] {"steps": 1142784, "elapsed_s": 974.4, "coordination_ring_sparse20": 10.0, "coordination_ring_potter0_20": 0.05, "large_room_sparse20": 0.0, "large_room_potter0_20": 0.1}
[pair_H] {"steps": 1144832, "elapsed_s": 976.4, "coordination_ring_sparse20": 14.0, "coordination_ring_potter0_20": 0.05, "large_room_sparse20": 0.0, "large_room_potter0_20": 0.05}
[pair_H] {"steps": 1146880, "elapsed_s": 978.2, "coordination_ring_sparse20": 16.0, "coordination_ring_potter0_20": 0.1, "large_room_sparse20": 0.0, "large_room_potter0_20": 0.0}
[pair_H] {"steps": 1148928, "elapsed_s": 979.8, "coordination_ring_sparse20": 17.0, "coordination_ring_potter0_20": 0.1, "large_room_sparse20": 0.0, "large_room_potter0_20": 0.05}
[pair_H] {"steps": 1150976, "elapsed_s": 981.4, "coordination_ring_sparse20": 18.0, "coordination_ring_potter0_20": 0.1, "large_room_sparse20": 0.0, "large_room_potter0_20": 0.05}
[pair_H] {"steps": 1153024, "elapsed_s": 983.1, "coordination_ring_sparse20": 19.0, "coordination_ring_potter0_20": 0.1, "large_room_sparse20": 0.0, "large_room_potter0_20": 0.05}
[pair_H] {"steps": 1155072, "elapsed_s": 985.0, "coordination_ring_sparse20": 20.0, "coordination_ring_potter0_20": 0.1, "large_room_sparse20": 0.0, "large_room_potter0_20": 0.05}
[pair_H] {"steps": 1157120, "elapsed_s": 986.8, "coordination_ring_sparse20": 21.0, "coordination_ring_potter0_20": 0.1, "large_room_sparse20": 0.0, "large_room_potter0_20": 0.1}
[pair_H] {"steps": 1159168, "elapsed_s": 988.5, "coordination_ring_sparse20": 21.0, "coordination_ring_potter0_20": 0.05, "large_room_sparse20": 0.0, "large_room_potter0_20": 0.15}
[pair_H] {"steps": 1161216, "elapsed_s": 990.1, "coordination_ring_sparse20": 22.0, "coordination_ring_potter0_20": 0.15, "large_room_sparse20": 0.0, "large_room_potter0_20": 0.15}
[pair_H] {"steps": 1163264, "elapsed_s": 991.7, "coordination_ring_sparse20": 21.0, "coordination_ring_potter0_20": 0.1, "large_room_sparse20": 0.0, "large_room_potter0_20": 0.15}
[pair_H] {"steps": 1165312, "elapsed_s": 993.4, "coordination_ring_sparse20": 20.0, "coordination_ring_potter0_20": 0.1, "large_room_sparse20": 0.0, "large_room_potter0_20": 0.15}
[pair_H] {"steps": 1167360, "elapsed_s": 995.0, "coordination_ring_sparse20": 25.0, "coordination_ring_potter0_20": 0.1, "large_room_sparse20": 0.0, "large_room_potter0_20": 0.1}
[pair_H] {"steps": 1169408, "elapsed_s": 996.9, "coordination_ring_sparse20": 28.0, "coordination_ring_potter0_20": 0.1, "large_room_sparse20": 0.0, "large_room_potter0_20": 0.15}
[pair_H] {"steps": 1171456, "elapsed_s": 999.0, "coordination_ring_sparse20": 28.0, "coordination_ring_potter0_20": 0.1, "large_room_sparse20": 0.0, "large_room_potter0_20": 0.15}
[pair_H] {"steps": 1173504, "elapsed_s": 1000.6, "coordination_ring_sparse20": 31.0, "coordination_ring_potter0_20": 0.1, "large_room_sparse20": 0.0, "large_room_potter0_20": 0.15}
[pair_H] {"steps": 1175552, "elapsed_s": 1002.3, "coordination_ring_sparse20": 33.0, "coordination_ring_potter0_20": 0.1, "large_room_sparse20": 0.0, "large_room_potter0_20": 0.1}
[pair_H] {"steps": 1177600, "elapsed_s": 1004.1, "coordination_ring_sparse20": 33.0, "coordination_ring_potter0_20": 0.05, "large_room_sparse20": 0.0, "large_room_potter0_20": 0.05}
[pair_H] {"steps": 1179648, "elapsed_s": 1005.8, "coordination_ring_sparse20": 35.0, "coordination_ring_potter0_20": 0.05, "large_room_sparse20": 0.0, "large_room_potter0_20": 0.05}
[pair_H] {"steps": 1181696, "elapsed_s": 1007.9, "coordination_ring_sparse20": 35.0, "coordination_ring_potter0_20": 0.05, "large_room_sparse20": 0.0, "large_room_potter0_20": 0.05}
[pair_H] {"steps": 1183744, "elapsed_s": 1009.9, "coordination_ring_sparse20": 37.0, "coordination_ring_potter0_20": 0.05, "large_room_sparse20": 0.0, "large_room_potter0_20": 0.05}
[pair_H] {"steps": 1185792, "elapsed_s": 1011.9, "coordination_ring_sparse20": 35.0, "coordination_ring_potter0_20": 0.05, "large_room_sparse20": 0.0, "large_room_potter0_20": 0.05}
[pair_H] {"steps": 1187840, "elapsed_s": 1013.6, "coordination_ring_sparse20": 35.0, "coordination_ring_potter0_20": 0.05, "large_room_sparse20": 0.0, "large_room_potter0_20": 0.05}
[pair_H] {"steps": 1189888, "elapsed_s": 1015.3, "coordination_ring_sparse20": 34.0, "coordination_ring_potter0_20": 0.05, "large_room_sparse20": 0.0, "large_room_potter0_20": 0.05}
[pair_H] {"steps": 1191936, "elapsed_s": 1016.8, "coordination_ring_sparse20": 35.0, "coordination_ring_potter0_20": 0.0, "large_room_sparse20": 0.0, "large_room_potter0_20": 0.05}
[pair_H] {"steps": 1193984, "elapsed_s": 1019.0, "coordination_ring_sparse20": 37.0, "coordination_ring_potter0_20": 0.0, "large_room_sparse20": 0.0, "large_room_potter0_20": 0.1}
[pair_H] {"steps": 1196032, "elapsed_s": 1021.2, "coordination_ring_sparse20": 31.0, "coordination_ring_potter0_20": 0.0, "large_room_sparse20": 0.0, "large_room_potter0_20": 0.1}
[pair_H] {"steps": 1198080, "elapsed_s": 1022.9, "coordination_ring_sparse20": 34.0, "coordination_ring_potter0_20": 0.0, "large_room_sparse20": 0.0, "large_room_potter0_20": 0.1}
[pair_H] {"steps": 1200128, "elapsed_s": 1024.7, "coordination_ring_sparse20": 32.0, "coordination_ring_potter0_20": 0.0, "large_room_sparse20": 0.0, "large_room_potter0_20": 0.1}
[pair_H] {"steps": 1202176, "elapsed_s": 1026.4, "coordination_ring_sparse20": 34.0, "coordination_ring_potter0_20": 0.0, "large_room_sparse20": 0.0, "large_room_potter0_20": 0.1}
[pair_H] {"steps": 1204224, "elapsed_s": 1028.4, "coordination_ring_sparse20": 32.0, "coordination_ring_potter0_20": 0.0, "large_room_sparse20": 0.0, "large_room_potter0_20": 0.1}
[pair_H] {"steps": 1206272, "elapsed_s": 1030.2, "coordination_ring_sparse20": 32.0, "coordination_ring_potter0_20": 0.0, "large_room_sparse20": 0.0, "large_room_potter0_20": 0.1}
[pair_H] {"steps": 1208320, "elapsed_s": 1032.1, "coordination_ring_sparse20": 31.0, "coordination_ring_potter0_20": 0.0, "large_room_sparse20": 0.0, "large_room_potter0_20": 0.1}
[pair_H] {"steps": 1210368, "elapsed_s": 1033.8, "coordination_ring_sparse20": 29.0, "coordination_ring_potter0_20": 0.0, "large_room_sparse20": 0.0, "large_room_potter0_20": 0.2}
[pair_H] {"steps": 1212416, "elapsed_s": 1035.4, "coordination_ring_sparse20": 28.0, "coordination_ring_potter0_20": 0.0, "large_room_sparse20": 0.0, "large_room_potter0_20": 0.25}
[pair_H] {"steps": 1214464, "elapsed_s": 1037.3, "coordination_ring_sparse20": 30.0, "coordination_ring_potter0_20": 0.1, "large_room_sparse20": 0.0, "large_room_potter0_20": 0.25}
[pair_H] {"steps": 1216512, "elapsed_s": 1039.1, "coordination_ring_sparse20": 28.0, "coordination_ring_potter0_20": 0.15, "large_room_sparse20": 0.0, "large_room_potter0_20": 0.25}
[pair_H] {"steps": 1218560, "elapsed_s": 1040.7, "coordination_ring_sparse20": 29.0, "coordination_ring_potter0_20": 0.15, "large_room_sparse20": 0.0, "large_room_potter0_20": 0.25}
[pair_H] {"steps": 1220608, "elapsed_s": 1042.3, "coordination_ring_sparse20": 33.0, "coordination_ring_potter0_20": 0.15, "large_room_sparse20": 0.0, "large_room_potter0_20": 0.25}
[pair_H] {"steps": 1222656, "elapsed_s": 1043.9, "coordination_ring_sparse20": 33.0, "coordination_ring_potter0_20": 0.15, "large_room_sparse20": 0.0, "large_room_potter0_20": 0.3}
[pair_H] {"steps": 1224704, "elapsed_s": 1045.7, "coordination_ring_sparse20": 33.0, "coordination_ring_potter0_20": 0.15, "large_room_sparse20": 0.0, "large_room_potter0_20": 0.3}
[pair_H] {"steps": 1226752, "elapsed_s": 1047.3, "coordination_ring_sparse20": 32.0, "coordination_ring_potter0_20": 0.1, "large_room_sparse20": 0.0, "large_room_potter0_20": 0.35}
[pair_H] {"steps": 1228800, "elapsed_s": 1049.1, "coordination_ring_sparse20": 33.0, "coordination_ring_potter0_20": 0.05, "large_room_sparse20": 0.0, "large_room_potter0_20": 0.2}
[pair_H] {"steps": 1230848, "elapsed_s": 1050.7, "coordination_ring_sparse20": 28.0, "coordination_ring_potter0_20": 0.0, "large_room_sparse20": 0.0, "large_room_potter0_20": 0.15}
[pair_H] {"steps": 1232896, "elapsed_s": 1052.4, "coordination_ring_sparse20": 30.0, "coordination_ring_potter0_20": 0.05, "large_room_sparse20": 0.0, "large_room_potter0_20": 0.15}
[pair_H] {"steps": 1234944, "elapsed_s": 1054.0, "coordination_ring_sparse20": 30.0, "coordination_ring_potter0_20": 0.05, "large_room_sparse20": 0.0, "large_room_potter0_20": 0.15}
[pair_H] {"steps": 1236992, "elapsed_s": 1055.6, "coordination_ring_sparse20": 30.0, "coordination_ring_potter0_20": 0.05, "large_room_sparse20": 0.0, "large_room_potter0_20": 0.1}
[pair_H] {"steps": 1239040, "elapsed_s": 1057.5, "coordination_ring_sparse20": 29.0, "coordination_ring_potter0_20": 0.05, "large_room_sparse20": 0.0, "large_room_potter0_20": 0.05}
[pair_H] {"steps": 1241088, "elapsed_s": 1059.1, "coordination_ring_sparse20": 32.0, "coordination_ring_potter0_20": 0.05, "large_room_sparse20": 0.0, "large_room_potter0_20": 0.1}
[pair_H] {"steps": 1243136, "elapsed_s": 1060.9, "coordination_ring_sparse20": 34.0, "coordination_ring_potter0_20": 0.05, "large_room_sparse20": 0.0, "large_room_potter0_20": 0.1}
[pair_H] {"steps": 1245184, "elapsed_s": 1062.6, "coordination_ring_sparse20": 38.0, "coordination_ring_potter0_20": 0.05, "large_room_sparse20": 0.0, "large_room_potter0_20": 0.1}
[pair_H] {"steps": 1247232, "elapsed_s": 1064.3, "coordination_ring_sparse20": 42.0, "coordination_ring_potter0_20": 0.1, "large_room_sparse20": 0.0, "large_room_potter0_20": 0.2}
[pair_H] {"steps": 1249280, "elapsed_s": 1066.0, "coordination_ring_sparse20": 44.0, "coordination_ring_potter0_20": 0.1, "large_room_sparse20": 0.0, "large_room_potter0_20": 0.2}
[pair_H] {"steps": 1251328, "elapsed_s": 1067.7, "coordination_ring_sparse20": 42.0, "coordination_ring_potter0_20": 0.05, "large_room_sparse20": 0.0, "large_room_potter0_20": 0.25}
[pair_H] {"steps": 1253376, "elapsed_s": 1069.4, "coordination_ring_sparse20": 38.0, "coordination_ring_potter0_20": 0.05, "large_room_sparse20": 0.0, "large_room_potter0_20": 0.3}
[pair_H] {"steps": 1255424, "elapsed_s": 1071.3, "coordination_ring_sparse20": 41.0, "coordination_ring_potter0_20": 0.05, "large_room_sparse20": 0.0, "large_room_potter0_20": 0.3}
[pair_H] {"steps": 1257472, "elapsed_s": 1073.0, "coordination_ring_sparse20": 39.0, "coordination_ring_potter0_20": 0.05, "large_room_sparse20": 0.0, "large_room_potter0_20": 0.25}
[pair_H] {"steps": 1259520, "elapsed_s": 1074.7, "coordination_ring_sparse20": 40.0, "coordination_ring_potter0_20": 0.05, "large_room_sparse20": 0.0, "large_room_potter0_20": 0.25}
[pair_H] {"steps": 1261568, "elapsed_s": 1076.6, "coordination_ring_sparse20": 39.0, "coordination_ring_potter0_20": 0.05, "large_room_sparse20": 0.0, "large_room_potter0_20": 0.25}
[pair_H] {"steps": 1263616, "elapsed_s": 1078.5, "coordination_ring_sparse20": 36.0, "coordination_ring_potter0_20": 0.0, "large_room_sparse20": 0.0, "large_room_potter0_20": 0.2}
[pair_H] {"steps": 1265664, "elapsed_s": 1080.1, "coordination_ring_sparse20": 37.0, "coordination_ring_potter0_20": 0.0, "large_room_sparse20": 0.0, "large_room_potter0_20": 0.2}
[pair_H] {"steps": 1267712, "elapsed_s": 1081.9, "coordination_ring_sparse20": 41.0, "coordination_ring_potter0_20": 0.0, "large_room_sparse20": 0.0, "large_room_potter0_20": 0.2}
[pair_H] {"steps": 1269760, "elapsed_s": 1083.6, "coordination_ring_sparse20": 42.0, "coordination_ring_potter0_20": 0.0, "large_room_sparse20": 0.0, "large_room_potter0_20": 0.2}
[pair_H] {"steps": 1271808, "elapsed_s": 1085.3, "coordination_ring_sparse20": 38.0, "coordination_ring_potter0_20": 0.0, "large_room_sparse20": 0.0, "large_room_potter0_20": 0.25}
[pair_H] {"steps": 1273856, "elapsed_s": 1087.1, "coordination_ring_sparse20": 36.0, "coordination_ring_potter0_20": 0.0, "large_room_sparse20": 0.0, "large_room_potter0_20": 0.3}
[pair_H] {"steps": 1275904, "elapsed_s": 1088.9, "coordination_ring_sparse20": 39.0, "coordination_ring_potter0_20": 0.0, "large_room_sparse20": 0.0, "large_room_potter0_20": 0.35}
[pair_H] {"steps": 1277952, "elapsed_s": 1090.6, "coordination_ring_sparse20": 38.0, "coordination_ring_potter0_20": 0.0, "large_room_sparse20": 0.0, "large_room_potter0_20": 0.4}
[pair_H] {"steps": 1280000, "elapsed_s": 1092.4, "coordination_ring_sparse20": 38.0, "coordination_ring_potter0_20": 0.0, "large_room_sparse20": 0.0, "large_room_potter0_20": 0.55}
[pair_H] {"steps": 1282048, "elapsed_s": 1094.2, "coordination_ring_sparse20": 38.0, "coordination_ring_potter0_20": 0.0, "large_room_sparse20": 0.0, "large_room_potter0_20": 0.45}
[pair_H] {"steps": 1284096, "elapsed_s": 1096.0, "coordination_ring_sparse20": 38.0, "coordination_ring_potter0_20": 0.0, "large_room_sparse20": 0.0, "large_room_potter0_20": 0.45}
[pair_H] {"steps": 1286144, "elapsed_s": 1097.5, "coordination_ring_sparse20": 39.0, "coordination_ring_potter0_20": 0.0, "large_room_sparse20": 0.0, "large_room_potter0_20": 0.45}
[pair_H] {"steps": 1288192, "elapsed_s": 1099.1, "coordination_ring_sparse20": 41.0, "coordination_ring_potter0_20": 0.0, "large_room_sparse20": 0.0, "large_room_potter0_20": 0.35}
[pair_H] {"steps": 1290240, "elapsed_s": 1101.2, "coordination_ring_sparse20": 43.0, "coordination_ring_potter0_20": 0.0, "large_room_sparse20": 0.0, "large_room_potter0_20": 0.35}
[pair_H] {"steps": 1292288, "elapsed_s": 1102.7, "coordination_ring_sparse20": 40.0, "coordination_ring_potter0_20": 0.0, "large_room_sparse20": 0.0, "large_room_potter0_20": 0.3}
[pair_H] {"steps": 1294336, "elapsed_s": 1104.2, "coordination_ring_sparse20": 42.0, "coordination_ring_potter0_20": 0.0, "large_room_sparse20": 0.0, "large_room_potter0_20": 0.25}
[pair_H] {"steps": 1296384, "elapsed_s": 1105.9, "coordination_ring_sparse20": 46.0, "coordination_ring_potter0_20": 0.0, "large_room_sparse20": 0.0, "large_room_potter0_20": 0.3}
[pair_H] {"steps": 1298432, "elapsed_s": 1107.5, "coordination_ring_sparse20": 44.0, "coordination_ring_potter0_20": 0.05, "large_room_sparse20": 0.0, "large_room_potter0_20": 0.2}
[pair_H] {"steps": 1300480, "elapsed_s": 1109.1, "coordination_ring_sparse20": 44.0, "coordination_ring_potter0_20": 0.05, "large_room_sparse20": 0.0, "large_room_potter0_20": 0.3}
[pair_H] {"steps": 1302528, "elapsed_s": 1110.8, "coordination_ring_sparse20": 46.0, "coordination_ring_potter0_20": 0.05, "large_room_sparse20": 0.0, "large_room_potter0_20": 0.3}
[pair_H] {"steps": 1304576, "elapsed_s": 1112.6, "coordination_ring_sparse20": 42.0, "coordination_ring_potter0_20": 0.05, "large_room_sparse20": 0.0, "large_room_potter0_20": 0.4}
[pair_H] {"steps": 1306624, "elapsed_s": 1114.1, "coordination_ring_sparse20": 41.0, "coordination_ring_potter0_20": 0.05, "large_room_sparse20": 0.0, "large_room_potter0_20": 0.4}
[pair_H] {"steps": 1308672, "elapsed_s": 1116.0, "coordination_ring_sparse20": 43.0, "coordination_ring_potter0_20": 0.05, "large_room_sparse20": 0.0, "large_room_potter0_20": 0.45}
[pair_H] {"steps": 1310720, "elapsed_s": 1117.9, "coordination_ring_sparse20": 43.0, "coordination_ring_potter0_20": 0.05, "large_room_sparse20": 0.0, "large_room_potter0_20": 0.4}
[pair_H] {"steps": 1312768, "elapsed_s": 1119.6, "coordination_ring_sparse20": 45.0, "coordination_ring_potter0_20": 0.05, "large_room_sparse20": 0.0, "large_room_potter0_20": 0.45}
[pair_H] {"steps": 1314816, "elapsed_s": 1121.2, "coordination_ring_sparse20": 48.0, "coordination_ring_potter0_20": 0.0, "large_room_sparse20": 0.0, "large_room_potter0_20": 0.4}
[pair_H] {"steps": 1316864, "elapsed_s": 1123.0, "coordination_ring_sparse20": 48.0, "coordination_ring_potter0_20": 0.0, "large_room_sparse20": 0.0, "large_room_potter0_20": 0.35}
[pair_H] {"steps": 1318912, "elapsed_s": 1124.4, "coordination_ring_sparse20": 53.0, "coordination_ring_potter0_20": 0.0, "large_room_sparse20": 0.0, "large_room_potter0_20": 0.3}
[pair_H] {"steps": 1320960, "elapsed_s": 1126.1, "coordination_ring_sparse20": 54.0, "coordination_ring_potter0_20": 0.0, "large_room_sparse20": 0.0, "large_room_potter0_20": 0.2}
[pair_H] {"steps": 1323008, "elapsed_s": 1127.6, "coordination_ring_sparse20": 53.0, "coordination_ring_potter0_20": 0.0, "large_room_sparse20": 0.0, "large_room_potter0_20": 0.2}
[pair_H] {"steps": 1325056, "elapsed_s": 1129.1, "coordination_ring_sparse20": 51.0, "coordination_ring_potter0_20": 0.0, "large_room_sparse20": 0.0, "large_room_potter0_20": 0.2}
[pair_H] {"steps": 1327104, "elapsed_s": 1130.7, "coordination_ring_sparse20": 51.0, "coordination_ring_potter0_20": 0.0, "large_room_sparse20": 0.0, "large_room_potter0_20": 0.2}
[pair_H] {"steps": 1329152, "elapsed_s": 1132.4, "coordination_ring_sparse20": 51.0, "coordination_ring_potter0_20": 0.0, "large_room_sparse20": 0.0, "large_room_potter0_20": 0.15}
[pair_H] {"steps": 1331200, "elapsed_s": 1134.6, "coordination_ring_sparse20": 49.0, "coordination_ring_potter0_20": 0.0, "large_room_sparse20": 0.0, "large_room_potter0_20": 0.15}
[pair_H] {"steps": 1333248, "elapsed_s": 1136.4, "coordination_ring_sparse20": 47.0, "coordination_ring_potter0_20": 0.0, "large_room_sparse20": 0.0, "large_room_potter0_20": 0.15}
[pair_H] {"steps": 1335296, "elapsed_s": 1137.9, "coordination_ring_sparse20": 58.0, "coordination_ring_potter0_20": 0.0, "large_room_sparse20": 0.0, "large_room_potter0_20": 0.15}
[pair_H] {"steps": 1337344, "elapsed_s": 1139.6, "coordination_ring_sparse20": 55.0, "coordination_ring_potter0_20": 0.0, "large_room_sparse20": 0.0, "large_room_potter0_20": 0.2}
[pair_H] {"steps": 1339392, "elapsed_s": 1141.4, "coordination_ring_sparse20": 55.0, "coordination_ring_potter0_20": 0.0, "large_room_sparse20": 0.0, "large_room_potter0_20": 0.25}
[pair_H] {"steps": 1341440, "elapsed_s": 1143.1, "coordination_ring_sparse20": 48.0, "coordination_ring_potter0_20": 0.0, "large_room_sparse20": 0.0, "large_room_potter0_20": 0.2}
[pair_H] {"steps": 1343488, "elapsed_s": 1144.8, "coordination_ring_sparse20": 48.0, "coordination_ring_potter0_20": 0.0, "large_room_sparse20": 0.0, "large_room_potter0_20": 0.2}
[pair_H] {"steps": 1345536, "elapsed_s": 1146.4, "coordination_ring_sparse20": 45.0, "coordination_ring_potter0_20": 0.05, "large_room_sparse20": 0.0, "large_room_potter0_20": 0.15}
[pair_H] {"steps": 1347584, "elapsed_s": 1148.1, "coordination_ring_sparse20": 41.0, "coordination_ring_potter0_20": 0.05, "large_room_sparse20": 0.0, "large_room_potter0_20": 0.2}
[pair_H] {"steps": 1349632, "elapsed_s": 1149.6, "coordination_ring_sparse20": 42.0, "coordination_ring_potter0_20": 0.05, "large_room_sparse20": 0.0, "large_room_potter0_20": 0.2}
[pair_H] {"steps": 1351680, "elapsed_s": 1151.3, "coordination_ring_sparse20": 43.0, "coordination_ring_potter0_20": 0.1, "large_room_sparse20": 0.0, "large_room_potter0_20": 0.25}
[pair_H] {"steps": 1353728, "elapsed_s": 1152.9, "coordination_ring_sparse20": 41.0, "coordination_ring_potter0_20": 0.1, "large_room_sparse20": 0.0, "large_room_potter0_20": 0.2}
[pair_H] {"steps": 1355776, "elapsed_s": 1154.5, "coordination_ring_sparse20": 44.0, "coordination_ring_potter0_20": 0.1, "large_room_sparse20": 0.0, "large_room_potter0_20": 0.2}
[pair_H] {"steps": 1357824, "elapsed_s": 1156.2, "coordination_ring_sparse20": 43.0, "coordination_ring_potter0_20": 0.15, "large_room_sparse20": 0.0, "large_room_potter0_20": 0.25}
[pair_H] {"steps": 1359872, "elapsed_s": 1158.1, "coordination_ring_sparse20": 46.0, "coordination_ring_potter0_20": 0.15, "large_room_sparse20": 0.0, "large_room_potter0_20": 0.2}
[pair_H] {"steps": 1361920, "elapsed_s": 1160.1, "coordination_ring_sparse20": 50.0, "coordination_ring_potter0_20": 0.15, "large_room_sparse20": 0.0, "large_room_potter0_20": 0.2}
[pair_H] {"steps": 1363968, "elapsed_s": 1162.0, "coordination_ring_sparse20": 51.0, "coordination_ring_potter0_20": 0.15, "large_room_sparse20": 0.0, "large_room_potter0_20": 0.15}
[pair_H] {"steps": 1366016, "elapsed_s": 1163.5, "coordination_ring_sparse20": 53.0, "coordination_ring_potter0_20": 0.1, "large_room_sparse20": 0.0, "large_room_potter0_20": 0.15}
[pair_H] {"steps": 1368064, "elapsed_s": 1165.2, "coordination_ring_sparse20": 55.0, "coordination_ring_potter0_20": 0.1, "large_room_sparse20": 0.0, "large_room_potter0_20": 0.2}
[pair_H] {"steps": 1370112, "elapsed_s": 1166.9, "coordination_ring_sparse20": 59.0, "coordination_ring_potter0_20": 0.1, "large_room_sparse20": 0.0, "large_room_potter0_20": 0.2}
[pair_H] {"steps": 1372160, "elapsed_s": 1168.7, "coordination_ring_sparse20": 54.0, "coordination_ring_potter0_20": 0.1, "large_room_sparse20": 0.0, "large_room_potter0_20": 0.2}
[pair_H] {"steps": 1374208, "elapsed_s": 1170.9, "coordination_ring_sparse20": 53.0, "coordination_ring_potter0_20": 0.05, "large_room_sparse20": 0.0, "large_room_potter0_20": 0.25}
[pair_H] {"steps": 1376256, "elapsed_s": 1172.5, "coordination_ring_sparse20": 57.0, "coordination_ring_potter0_20": 0.1, "large_room_sparse20": 0.0, "large_room_potter0_20": 0.25}
[pair_H] {"steps": 1378304, "elapsed_s": 1174.1, "coordination_ring_sparse20": 57.0, "coordination_ring_potter0_20": 0.15, "large_room_sparse20": 0.0, "large_room_potter0_20": 0.2}
[pair_H] {"steps": 1380352, "elapsed_s": 1176.2, "coordination_ring_sparse20": 56.0, "coordination_ring_potter0_20": 0.15, "large_room_sparse20": 0.0, "large_room_potter0_20": 0.3}
[pair_H] {"steps": 1382400, "elapsed_s": 1177.9, "coordination_ring_sparse20": 57.0, "coordination_ring_potter0_20": 0.15, "large_room_sparse20": 0.0, "large_room_potter0_20": 0.35}
[pair_H] {"steps": 1384448, "elapsed_s": 1179.7, "coordination_ring_sparse20": 57.0, "coordination_ring_potter0_20": 0.15, "large_room_sparse20": 0.0, "large_room_potter0_20": 0.35}
[pair_H] {"steps": 1386496, "elapsed_s": 1181.4, "coordination_ring_sparse20": 64.0, "coordination_ring_potter0_20": 0.15, "large_room_sparse20": 0.0, "large_room_potter0_20": 0.4}
[pair_H] {"steps": 1388544, "elapsed_s": 1182.9, "coordination_ring_sparse20": 68.0, "coordination_ring_potter0_20": 0.2, "large_room_sparse20": 0.0, "large_room_potter0_20": 0.35}
[pair_H] {"steps": 1390592, "elapsed_s": 1184.6, "coordination_ring_sparse20": 70.0, "coordination_ring_potter0_20": 0.1, "large_room_sparse20": 0.0, "large_room_potter0_20": 0.35}
[pair_H] {"steps": 1392640, "elapsed_s": 1186.2, "coordination_ring_sparse20": 66.0, "coordination_ring_potter0_20": 0.05, "large_room_sparse20": 0.0, "large_room_potter0_20": 0.3}
[pair_H] {"steps": 1394688, "elapsed_s": 1187.8, "coordination_ring_sparse20": 68.0, "coordination_ring_potter0_20": 0.05, "large_room_sparse20": 0.0, "large_room_potter0_20": 0.3}
[pair_H] {"steps": 1396736, "elapsed_s": 1189.6, "coordination_ring_sparse20": 68.0, "coordination_ring_potter0_20": 0.1, "large_room_sparse20": 0.0, "large_room_potter0_20": 0.35}
[pair_H] {"steps": 1398784, "elapsed_s": 1191.3, "coordination_ring_sparse20": 68.0, "coordination_ring_potter0_20": 0.15, "large_room_sparse20": 0.0, "large_room_potter0_20": 0.3}
[pair_H] {"steps": 1400832, "elapsed_s": 1192.9, "coordination_ring_sparse20": 58.0, "coordination_ring_potter0_20": 0.15, "large_room_sparse20": 0.0, "large_room_potter0_20": 0.2}
[pair_H] {"steps": 1402880, "elapsed_s": 1194.7, "coordination_ring_sparse20": 50.0, "coordination_ring_potter0_20": 0.1, "large_room_sparse20": 0.0, "large_room_potter0_20": 0.2}
[pair_H] {"steps": 1404928, "elapsed_s": 1196.4, "coordination_ring_sparse20": 49.0, "coordination_ring_potter0_20": 0.1, "large_room_sparse20": 0.0, "large_room_potter0_20": 0.15}
[pair_H] {"steps": 1406976, "elapsed_s": 1198.3, "coordination_ring_sparse20": 51.0, "coordination_ring_potter0_20": 0.1, "large_room_sparse20": 0.0, "large_room_potter0_20": 0.15}
[pair_H] {"steps": 1409024, "elapsed_s": 1200.0, "coordination_ring_sparse20": 55.0, "coordination_ring_potter0_20": 0.05, "large_room_sparse20": 0.0, "large_room_potter0_20": 0.15}
[pair_H] {"steps": 1411072, "elapsed_s": 1201.6, "coordination_ring_sparse20": 55.0, "coordination_ring_potter0_20": 0.05, "large_room_sparse20": 0.0, "large_room_potter0_20": 0.15}
[pair_H] {"steps": 1413120, "elapsed_s": 1203.3, "coordination_ring_sparse20": 57.0, "coordination_ring_potter0_20": 0.0, "large_room_sparse20": 0.0, "large_room_potter0_20": 0.15}
[pair_H] {"steps": 1415168, "elapsed_s": 1204.9, "coordination_ring_sparse20": 68.0, "coordination_ring_potter0_20": 0.0, "large_room_sparse20": 0.0, "large_room_potter0_20": 0.15}
[pair_H] {"steps": 1417216, "elapsed_s": 1206.7, "coordination_ring_sparse20": 74.0, "coordination_ring_potter0_20": 0.0, "large_room_sparse20": 0.0, "large_room_potter0_20": 0.15}
[pair_H] {"steps": 1419264, "elapsed_s": 1208.4, "coordination_ring_sparse20": 71.0, "coordination_ring_potter0_20": 0.0, "large_room_sparse20": 0.0, "large_room_potter0_20": 0.1}
[pair_H] {"steps": 1421312, "elapsed_s": 1210.0, "coordination_ring_sparse20": 73.0, "coordination_ring_potter0_20": 0.0, "large_room_sparse20": 0.0, "large_room_potter0_20": 0.15}
[pair_H] {"steps": 1423360, "elapsed_s": 1211.5, "coordination_ring_sparse20": 72.0, "coordination_ring_potter0_20": 0.0, "large_room_sparse20": 0.0, "large_room_potter0_20": 0.2}
[pair_H] {"steps": 1425408, "elapsed_s": 1213.2, "coordination_ring_sparse20": 70.0, "coordination_ring_potter0_20": 0.05, "large_room_sparse20": 0.0, "large_room_potter0_20": 0.25}
[pair_H] {"steps": 1427456, "elapsed_s": 1214.7, "coordination_ring_sparse20": 68.0, "coordination_ring_potter0_20": 0.05, "large_room_sparse20": 0.0, "large_room_potter0_20": 0.25}
[pair_H] {"steps": 1429504, "elapsed_s": 1216.3, "coordination_ring_sparse20": 66.0, "coordination_ring_potter0_20": 0.05, "large_room_sparse20": 0.0, "large_room_potter0_20": 0.25}
[pair_H] {"steps": 1431552, "elapsed_s": 1217.8, "coordination_ring_sparse20": 68.0, "coordination_ring_potter0_20": 0.05, "large_room_sparse20": 0.0, "large_room_potter0_20": 0.3}
[pair_H] {"steps": 1433600, "elapsed_s": 1219.4, "coordination_ring_sparse20": 65.0, "coordination_ring_potter0_20": 0.05, "large_room_sparse20": 0.0, "large_room_potter0_20": 0.3}
[pair_H] {"steps": 1435648, "elapsed_s": 1221.1, "coordination_ring_sparse20": 61.0, "coordination_ring_potter0_20": 0.05, "large_room_sparse20": 0.0, "large_room_potter0_20": 0.35}
[pair_H] {"steps": 1437696, "elapsed_s": 1223.0, "coordination_ring_sparse20": 56.0, "coordination_ring_potter0_20": 0.05, "large_room_sparse20": 0.0, "large_room_potter0_20": 0.3}
[pair_H] {"steps": 1439744, "elapsed_s": 1225.1, "coordination_ring_sparse20": 54.0, "coordination_ring_potter0_20": 0.0, "large_room_sparse20": 0.0, "large_room_potter0_20": 0.25}
[pair_H] {"steps": 1441792, "elapsed_s": 1226.8, "coordination_ring_sparse20": 54.0, "coordination_ring_potter0_20": 0.0, "large_room_sparse20": 0.0, "large_room_potter0_20": 0.3}
[pair_H] {"steps": 1443840, "elapsed_s": 1228.5, "coordination_ring_sparse20": 52.0, "coordination_ring_potter0_20": 0.0, "large_room_sparse20": 0.0, "large_room_potter0_20": 0.3}
[pair_H] {"steps": 1445888, "elapsed_s": 1230.1, "coordination_ring_sparse20": 42.0, "coordination_ring_potter0_20": 0.0, "large_room_sparse20": 0.0, "large_room_potter0_20": 0.3}
[pair_H] {"steps": 1447936, "elapsed_s": 1231.7, "coordination_ring_sparse20": 40.0, "coordination_ring_potter0_20": 0.0, "large_room_sparse20": 0.0, "large_room_potter0_20": 0.35}
[pair_H] {"steps": 1449984, "elapsed_s": 1233.3, "coordination_ring_sparse20": 39.0, "coordination_ring_potter0_20": 0.0, "large_room_sparse20": 0.0, "large_room_potter0_20": 0.4}
[pair_H] {"steps": 1452032, "elapsed_s": 1235.1, "coordination_ring_sparse20": 45.0, "coordination_ring_potter0_20": 0.0, "large_room_sparse20": 0.0, "large_room_potter0_20": 0.35}
[pair_H] {"steps": 1454080, "elapsed_s": 1236.8, "coordination_ring_sparse20": 45.0, "coordination_ring_potter0_20": 0.0, "large_room_sparse20": 0.0, "large_room_potter0_20": 0.35}
[pair_H] {"steps": 1456128, "elapsed_s": 1238.4, "coordination_ring_sparse20": 52.0, "coordination_ring_potter0_20": 0.0, "large_room_sparse20": 0.0, "large_room_potter0_20": 0.35}
[pair_H] {"steps": 1458176, "elapsed_s": 1240.0, "coordination_ring_sparse20": 54.0, "coordination_ring_potter0_20": 0.0, "large_room_sparse20": 0.0, "large_room_potter0_20": 0.4}
[pair_H] {"steps": 1460224, "elapsed_s": 1241.9, "coordination_ring_sparse20": 53.0, "coordination_ring_potter0_20": 0.0, "large_room_sparse20": 0.0, "large_room_potter0_20": 0.4}
[pair_H] {"steps": 1462272, "elapsed_s": 1244.0, "coordination_ring_sparse20": 56.0, "coordination_ring_potter0_20": 0.05, "large_room_sparse20": 0.0, "large_room_potter0_20": 0.35}
[pair_H] {"steps": 1464320, "elapsed_s": 1245.8, "coordination_ring_sparse20": 56.0, "coordination_ring_potter0_20": 0.05, "large_room_sparse20": 0.0, "large_room_potter0_20": 0.45}
[pair_H] {"steps": 1466368, "elapsed_s": 1247.5, "coordination_ring_sparse20": 57.0, "coordination_ring_potter0_20": 0.05, "large_room_sparse20": 0.0, "large_room_potter0_20": 0.4}
[pair_H] {"steps": 1468416, "elapsed_s": 1249.2, "coordination_ring_sparse20": 59.0, "coordination_ring_potter0_20": 0.05, "large_room_sparse20": 0.0, "large_room_potter0_20": 0.35}
[pair_H] {"steps": 1470464, "elapsed_s": 1250.8, "coordination_ring_sparse20": 60.0, "coordination_ring_potter0_20": 0.05, "large_room_sparse20": 0.0, "large_room_potter0_20": 0.4}
[pair_H] {"steps": 1472512, "elapsed_s": 1252.6, "coordination_ring_sparse20": 63.0, "coordination_ring_potter0_20": 0.05, "large_room_sparse20": 0.0, "large_room_potter0_20": 0.35}
[pair_H] {"steps": 1474560, "elapsed_s": 1254.6, "coordination_ring_sparse20": 57.0, "coordination_ring_potter0_20": 0.05, "large_room_sparse20": 0.0, "large_room_potter0_20": 0.4}
[pair_H] {"steps": 1476608, "elapsed_s": 1256.1, "coordination_ring_sparse20": 58.0, "coordination_ring_potter0_20": 0.05, "large_room_sparse20": 0.0, "large_room_potter0_20": 0.35}
[pair_H] {"steps": 1478656, "elapsed_s": 1257.9, "coordination_ring_sparse20": 59.0, "coordination_ring_potter0_20": 0.05, "large_room_sparse20": 0.0, "large_room_potter0_20": 0.3}
[pair_H] {"steps": 1480704, "elapsed_s": 1259.5, "coordination_ring_sparse20": 62.0, "coordination_ring_potter0_20": 0.05, "large_room_sparse20": 0.0, "large_room_potter0_20": 0.3}
[pair_H] {"steps": 1482752, "elapsed_s": 1261.1, "coordination_ring_sparse20": 67.0, "coordination_ring_potter0_20": 0.05, "large_room_sparse20": 0.0, "large_room_potter0_20": 0.25}
[pair_H] {"steps": 1484800, "elapsed_s": 1262.9, "coordination_ring_sparse20": 62.0, "coordination_ring_potter0_20": 0.05, "large_room_sparse20": 0.0, "large_room_potter0_20": 0.3}
[pair_H] {"steps": 1486848, "elapsed_s": 1264.5, "coordination_ring_sparse20": 66.0, "coordination_ring_potter0_20": 0.05, "large_room_sparse20": 0.0, "large_room_potter0_20": 0.3}
[pair_H] {"steps": 1488896, "elapsed_s": 1266.4, "coordination_ring_sparse20": 66.0, "coordination_ring_potter0_20": 0.05, "large_room_sparse20": 0.0, "large_room_potter0_20": 0.3}
[pair_H] {"steps": 1490944, "elapsed_s": 1268.0, "coordination_ring_sparse20": 67.0, "coordination_ring_potter0_20": 0.05, "large_room_sparse20": 0.0, "large_room_potter0_20": 0.2}
[pair_H] {"steps": 1492992, "elapsed_s": 1269.6, "coordination_ring_sparse20": 60.0, "coordination_ring_potter0_20": 0.05, "large_room_sparse20": 0.0, "large_room_potter0_20": 0.2}
[pair_H] {"steps": 1495040, "elapsed_s": 1271.1, "coordination_ring_sparse20": 60.0, "coordination_ring_potter0_20": 0.05, "large_room_sparse20": 0.0, "large_room_potter0_20": 0.2}
[pair_H] {"steps": 1497088, "elapsed_s": 1272.7, "coordination_ring_sparse20": 58.0, "coordination_ring_potter0_20": 0.05, "large_room_sparse20": 0.0, "large_room_potter0_20": 0.2}
[pair_H] {"steps": 1499136, "elapsed_s": 1274.3, "coordination_ring_sparse20": 60.0, "coordination_ring_potter0_20": 0.1, "large_room_sparse20": 0.0, "large_room_potter0_20": 0.2}
[pair_H] {"steps": 1501184, "elapsed_s": 1276.4, "coordination_ring_sparse20": 59.0, "coordination_ring_potter0_20": 0.1, "large_room_sparse20": 0.0, "large_room_potter0_20": 0.2}
[pair_H] {"steps": 1503232, "elapsed_s": 1278.1, "coordination_ring_sparse20": 57.0, "coordination_ring_potter0_20": 0.25, "large_room_sparse20": 0.0, "large_room_potter0_20": 0.2}
[pair_H] {"steps": 1505280, "elapsed_s": 1279.9, "coordination_ring_sparse20": 60.0, "coordination_ring_potter0_20": 0.35, "large_room_sparse20": 0.0, "large_room_potter0_20": 0.2}
[pair_H] {"steps": 1507328, "elapsed_s": 1281.6, "coordination_ring_sparse20": 59.0, "coordination_ring_potter0_20": 0.35, "large_room_sparse20": 0.0, "large_room_potter0_20": 0.15}
[pair_H] {"steps": 1509376, "elapsed_s": 1283.8, "coordination_ring_sparse20": 60.0, "coordination_ring_potter0_20": 0.35, "large_room_sparse20": 0.0, "large_room_potter0_20": 0.25}
[pair_H] {"steps": 1511424, "elapsed_s": 1285.5, "coordination_ring_sparse20": 60.0, "coordination_ring_potter0_20": 0.35, "large_room_sparse20": 0.0, "large_room_potter0_20": 0.2}
[pair_H] {"steps": 1513472, "elapsed_s": 1287.1, "coordination_ring_sparse20": 62.0, "coordination_ring_potter0_20": 0.35, "large_room_sparse20": 0.0, "large_room_potter0_20": 0.2}
[pair_H] {"steps": 1515520, "elapsed_s": 1288.9, "coordination_ring_sparse20": 63.0, "coordination_ring_potter0_20": 0.35, "large_room_sparse20": 0.0, "large_room_potter0_20": 0.25}
[pair_H] {"steps": 1517568, "elapsed_s": 1290.5, "coordination_ring_sparse20": 62.0, "coordination_ring_potter0_20": 0.35, "large_room_sparse20": 0.0, "large_room_potter0_20": 0.25}
[pair_H] {"steps": 1519616, "elapsed_s": 1292.5, "coordination_ring_sparse20": 57.0, "coordination_ring_potter0_20": 0.3, "large_room_sparse20": 0.0, "large_room_potter0_20": 0.25}
[pair_H] {"steps": 1521664, "elapsed_s": 1293.9, "coordination_ring_sparse20": 61.0, "coordination_ring_potter0_20": 0.15, "large_room_sparse20": 0.0, "large_room_potter0_20": 0.3}
[pair_H] {"steps": 1523712, "elapsed_s": 1295.6, "coordination_ring_sparse20": 64.0, "coordination_ring_potter0_20": 0.05, "large_room_sparse20": 0.0, "large_room_potter0_20": 0.25}
[pair_H] {"steps": 1525760, "elapsed_s": 1297.1, "coordination_ring_sparse20": 67.0, "coordination_ring_potter0_20": 0.05, "large_room_sparse20": 0.0, "large_room_potter0_20": 0.25}
[pair_H] {"steps": 1527808, "elapsed_s": 1298.8, "coordination_ring_sparse20": 71.0, "coordination_ring_potter0_20": 0.05, "large_room_sparse20": 0.0, "large_room_potter0_20": 0.3}
[pair_H] {"steps": 1529856, "elapsed_s": 1300.5, "coordination_ring_sparse20": 69.0, "coordination_ring_potter0_20": 0.05, "large_room_sparse20": 0.0, "large_room_potter0_20": 0.25}
[pair_H] {"steps": 1531904, "elapsed_s": 1302.2, "coordination_ring_sparse20": 68.0, "coordination_ring_potter0_20": 0.05, "large_room_sparse20": 0.0, "large_room_potter0_20": 0.2}
[pair_H] {"steps": 1533952, "elapsed_s": 1303.8, "coordination_ring_sparse20": 66.0, "coordination_ring_potter0_20": 0.05, "large_room_sparse20": 0.0, "large_room_potter0_20": 0.25}
[pair_H] {"steps": 1536000, "elapsed_s": 1305.3, "coordination_ring_sparse20": 72.0, "coordination_ring_potter0_20": 0.05, "large_room_sparse20": 0.0, "large_room_potter0_20": 0.25}
[pair_H] {"steps": 1538048, "elapsed_s": 1306.9, "coordination_ring_sparse20": 70.0, "coordination_ring_potter0_20": 0.05, "large_room_sparse20": 0.0, "large_room_potter0_20": 0.25}
[pair_H] {"steps": 1540096, "elapsed_s": 1308.4, "coordination_ring_sparse20": 66.0, "coordination_ring_potter0_20": 0.0, "large_room_sparse20": 0.0, "large_room_potter0_20": 0.25}
[pair_H] {"steps": 1542144, "elapsed_s": 1309.9, "coordination_ring_sparse20": 61.0, "coordination_ring_potter0_20": 0.0, "large_room_sparse20": 0.0, "large_room_potter0_20": 0.25}
[pair_H] {"steps": 1544192, "elapsed_s": 1311.6, "coordination_ring_sparse20": 62.0, "coordination_ring_potter0_20": 0.0, "large_room_sparse20": 0.0, "large_room_potter0_20": 0.2}
[pair_H] {"steps": 1546240, "elapsed_s": 1313.2, "coordination_ring_sparse20": 65.0, "coordination_ring_potter0_20": 0.0, "large_room_sparse20": 0.0, "large_room_potter0_20": 0.2}
[pair_H] {"steps": 1548288, "elapsed_s": 1314.7, "coordination_ring_sparse20": 71.0, "coordination_ring_potter0_20": 0.0, "large_room_sparse20": 0.0, "large_room_potter0_20": 0.25}
[pair_H] {"steps": 1550336, "elapsed_s": 1316.3, "coordination_ring_sparse20": 73.0, "coordination_ring_potter0_20": 0.0, "large_room_sparse20": 0.0, "large_room_potter0_20": 0.2}
[pair_H] {"steps": 1552384, "elapsed_s": 1317.9, "coordination_ring_sparse20": 68.0, "coordination_ring_potter0_20": 0.0, "large_room_sparse20": 0.0, "large_room_potter0_20": 0.25}
[pair_H] {"steps": 1554432, "elapsed_s": 1319.5, "coordination_ring_sparse20": 70.0, "coordination_ring_potter0_20": 0.0, "large_room_sparse20": 0.0, "large_room_potter0_20": 0.25}
[pair_H] {"steps": 1556480, "elapsed_s": 1321.0, "coordination_ring_sparse20": 70.0, "coordination_ring_potter0_20": 0.0, "large_room_sparse20": 0.0, "large_room_potter0_20": 0.3}
[pair_H] {"steps": 1558528, "elapsed_s": 1323.0, "coordination_ring_sparse20": 72.0, "coordination_ring_potter0_20": 0.0, "large_room_sparse20": 0.0, "large_room_potter0_20": 0.25}
[pair_H] {"steps": 1560576, "elapsed_s": 1324.6, "coordination_ring_sparse20": 74.0, "coordination_ring_potter0_20": 0.0, "large_room_sparse20": 0.0, "large_room_potter0_20": 0.3}
[pair_H] {"steps": 1562624, "elapsed_s": 1326.2, "coordination_ring_sparse20": 75.0, "coordination_ring_potter0_20": 0.0, "large_room_sparse20": 0.0, "large_room_potter0_20": 0.25}
[pair_H] {"steps": 1564672, "elapsed_s": 1327.7, "coordination_ring_sparse20": 67.0, "coordination_ring_potter0_20": 0.0, "large_room_sparse20": 0.0, "large_room_potter0_20": 0.25}
[pair_H] {"steps": 1566720, "elapsed_s": 1329.3, "coordination_ring_sparse20": 73.0, "coordination_ring_potter0_20": 0.0, "large_room_sparse20": 0.0, "large_room_potter0_20": 0.25}
[pair_H] {"steps": 1568768, "elapsed_s": 1330.8, "coordination_ring_sparse20": 76.0, "coordination_ring_potter0_20": 0.0, "large_room_sparse20": 0.0, "large_room_potter0_20": 0.25}
[pair_H] {"steps": 1570816, "elapsed_s": 1332.4, "coordination_ring_sparse20": 76.0, "coordination_ring_potter0_20": 0.0, "large_room_sparse20": 0.0, "large_room_potter0_20": 0.15}
[pair_H] {"steps": 1572864, "elapsed_s": 1334.1, "coordination_ring_sparse20": 76.0, "coordination_ring_potter0_20": 0.0, "large_room_sparse20": 0.0, "large_room_potter0_20": 0.15}
[pair_H] {"steps": 1574912, "elapsed_s": 1335.7, "coordination_ring_sparse20": 78.0, "coordination_ring_potter0_20": 0.0, "large_room_sparse20": 0.0, "large_room_potter0_20": 0.15}
[pair_H] {"steps": 1576960, "elapsed_s": 1337.2, "coordination_ring_sparse20": 85.0, "coordination_ring_potter0_20": 0.0, "large_room_sparse20": 0.0, "large_room_potter0_20": 0.2}
[pair_H] {"steps": 1579008, "elapsed_s": 1338.8, "coordination_ring_sparse20": 89.0, "coordination_ring_potter0_20": 0.0, "large_room_sparse20": 0.0, "large_room_potter0_20": 0.2}
[pair_H] {"steps": 1581056, "elapsed_s": 1340.4, "coordination_ring_sparse20": 86.0, "coordination_ring_potter0_20": 0.0, "large_room_sparse20": 0.0, "large_room_potter0_20": 0.2}
[pair_H] {"steps": 1583104, "elapsed_s": 1342.0, "coordination_ring_sparse20": 82.0, "coordination_ring_potter0_20": 0.0, "large_room_sparse20": 0.0, "large_room_potter0_20": 0.2}
[pair_H] {"steps": 1585152, "elapsed_s": 1343.8, "coordination_ring_sparse20": 82.0, "coordination_ring_potter0_20": 0.0, "large_room_sparse20": 0.0, "large_room_potter0_20": 0.25}
[pair_H] {"steps": 1587200, "elapsed_s": 1345.6, "coordination_ring_sparse20": 87.0, "coordination_ring_potter0_20": 0.0, "large_room_sparse20": 0.0, "large_room_potter0_20": 0.2}
[pair_H] {"steps": 1589248, "elapsed_s": 1347.2, "coordination_ring_sparse20": 85.0, "coordination_ring_potter0_20": 0.0, "large_room_sparse20": 0.0, "large_room_potter0_20": 0.2}
[pair_H] {"steps": 1591296, "elapsed_s": 1348.8, "coordination_ring_sparse20": 87.0, "coordination_ring_potter0_20": 0.0, "large_room_sparse20": 0.0, "large_room_potter0_20": 0.15}
[pair_H] {"steps": 1593344, "elapsed_s": 1350.4, "coordination_ring_sparse20": 85.0, "coordination_ring_potter0_20": 0.0, "large_room_sparse20": 0.0, "large_room_potter0_20": 0.15}
[pair_H] {"steps": 1595392, "elapsed_s": 1352.3, "coordination_ring_sparse20": 85.0, "coordination_ring_potter0_20": 0.0, "large_room_sparse20": 0.0, "large_room_potter0_20": 0.15}
[pair_H] {"steps": 1597440, "elapsed_s": 1353.8, "coordination_ring_sparse20": 89.0, "coordination_ring_potter0_20": 0.0, "large_room_sparse20": 0.0, "large_room_potter0_20": 0.15}
[pair_H] {"steps": 1599488, "elapsed_s": 1355.5, "coordination_ring_sparse20": 88.0, "coordination_ring_potter0_20": 0.0, "large_room_sparse20": 0.0, "large_room_potter0_20": 0.2}
[pair_H] {"steps": 1601536, "elapsed_s": 1357.3, "coordination_ring_sparse20": 87.0, "coordination_ring_potter0_20": 0.0, "large_room_sparse20": 0.0, "large_room_potter0_20": 0.25}
[pair_H] {"steps": 1603584, "elapsed_s": 1359.3, "coordination_ring_sparse20": 80.0, "coordination_ring_potter0_20": 0.0, "large_room_sparse20": 0.0, "large_room_potter0_20": 0.25}
[pair_H] {"steps": 1605632, "elapsed_s": 1361.0, "coordination_ring_sparse20": 70.0, "coordination_ring_potter0_20": 0.0, "large_room_sparse20": 0.0, "large_room_potter0_20": 0.3}
[pair_H] {"steps": 1607680, "elapsed_s": 1362.5, "coordination_ring_sparse20": 65.0, "coordination_ring_potter0_20": 0.05, "large_room_sparse20": 0.0, "large_room_potter0_20": 0.3}
[pair_H] {"steps": 1609728, "elapsed_s": 1364.2, "coordination_ring_sparse20": 63.0, "coordination_ring_potter0_20": 0.05, "large_room_sparse20": 0.0, "large_room_potter0_20": 0.35}
[pair_H] {"steps": 1611776, "elapsed_s": 1365.9, "coordination_ring_sparse20": 62.0, "coordination_ring_potter0_20": 0.05, "large_room_sparse20": 0.0, "large_room_potter0_20": 0.3}
[pair_H] {"steps": 1613824, "elapsed_s": 1367.6, "coordination_ring_sparse20": 63.0, "coordination_ring_potter0_20": 0.05, "large_room_sparse20": 0.0, "large_room_potter0_20": 0.2}
[pair_H] {"steps": 1615872, "elapsed_s": 1369.2, "coordination_ring_sparse20": 59.0, "coordination_ring_potter0_20": 0.05, "large_room_sparse20": 0.0, "large_room_potter0_20": 0.2}
[pair_H] {"steps": 1617920, "elapsed_s": 1370.9, "coordination_ring_sparse20": 56.0, "coordination_ring_potter0_20": 0.05, "large_room_sparse20": 0.0, "large_room_potter0_20": 0.15}
[pair_H] {"steps": 1619968, "elapsed_s": 1372.5, "coordination_ring_sparse20": 57.0, "coordination_ring_potter0_20": 0.05, "large_room_sparse20": 0.0, "large_room_potter0_20": 0.15}
[pair_H] {"steps": 1622016, "elapsed_s": 1374.1, "coordination_ring_sparse20": 57.0, "coordination_ring_potter0_20": 0.05, "large_room_sparse20": 0.0, "large_room_potter0_20": 0.15}
[pair_H] {"steps": 1624064, "elapsed_s": 1375.7, "coordination_ring_sparse20": 63.0, "coordination_ring_potter0_20": 0.05, "large_room_sparse20": 0.0, "large_room_potter0_20": 0.2}
[pair_H] {"steps": 1626112, "elapsed_s": 1377.2, "coordination_ring_sparse20": 71.0, "coordination_ring_potter0_20": 0.0, "large_room_sparse20": 0.0, "large_room_potter0_20": 0.25}
[pair_H] {"steps": 1628160, "elapsed_s": 1379.4, "coordination_ring_sparse20": 79.0, "coordination_ring_potter0_20": 0.0, "large_room_sparse20": 0.0, "large_room_potter0_20": 0.25}
[pair_H] {"steps": 1630208, "elapsed_s": 1381.1, "coordination_ring_sparse20": 80.0, "coordination_ring_potter0_20": 0.0, "large_room_sparse20": 0.0, "large_room_potter0_20": 0.4}
[pair_H] {"steps": 1632256, "elapsed_s": 1382.6, "coordination_ring_sparse20": 81.0, "coordination_ring_potter0_20": 0.0, "large_room_sparse20": 0.0, "large_room_potter0_20": 0.45}
[pair_H] {"steps": 1634304, "elapsed_s": 1384.3, "coordination_ring_sparse20": 82.0, "coordination_ring_potter0_20": 0.0, "large_room_sparse20": 0.0, "large_room_potter0_20": 0.5}
[pair_H] {"steps": 1636352, "elapsed_s": 1385.9, "coordination_ring_sparse20": 86.0, "coordination_ring_potter0_20": 0.0, "large_room_sparse20": 0.0, "large_room_potter0_20": 0.5}
[pair_H] {"steps": 1638400, "elapsed_s": 1387.5, "coordination_ring_sparse20": 91.0, "coordination_ring_potter0_20": 0.0, "large_room_sparse20": 0.0, "large_room_potter0_20": 0.45}
[pair_H] {"steps": 1640448, "elapsed_s": 1389.0, "coordination_ring_sparse20": 85.0, "coordination_ring_potter0_20": 0.0, "large_room_sparse20": 0.0, "large_room_potter0_20": 0.45}
[pair_H] {"steps": 1642496, "elapsed_s": 1390.6, "coordination_ring_sparse20": 80.0, "coordination_ring_potter0_20": 0.0, "large_room_sparse20": 0.0, "large_room_potter0_20": 0.4}
[pair_H] {"steps": 1644544, "elapsed_s": 1392.2, "coordination_ring_sparse20": 76.0, "coordination_ring_potter0_20": 0.0, "large_room_sparse20": 0.0, "large_room_potter0_20": 0.35}
[pair_H] {"steps": 1646592, "elapsed_s": 1393.8, "coordination_ring_sparse20": 79.0, "coordination_ring_potter0_20": 0.0, "large_room_sparse20": 0.0, "large_room_potter0_20": 0.35}
[pair_H] {"steps": 1648640, "elapsed_s": 1395.4, "coordination_ring_sparse20": 77.0, "coordination_ring_potter0_20": 0.0, "large_room_sparse20": 0.0, "large_room_potter0_20": 0.3}
[pair_H] {"steps": 1650688, "elapsed_s": 1396.9, "coordination_ring_sparse20": 78.0, "coordination_ring_potter0_20": 0.0, "large_room_sparse20": 0.0, "large_room_potter0_20": 0.25}
[pair_H] {"steps": 1652736, "elapsed_s": 1398.4, "coordination_ring_sparse20": 82.0, "coordination_ring_potter0_20": 0.0, "large_room_sparse20": 0.0, "large_room_potter0_20": 0.25}
[pair_H] {"steps": 1654784, "elapsed_s": 1400.3, "coordination_ring_sparse20": 86.0, "coordination_ring_potter0_20": 0.0, "large_room_sparse20": 0.0, "large_room_potter0_20": 0.25}
[pair_H] {"steps": 1656832, "elapsed_s": 1401.9, "coordination_ring_sparse20": 82.0, "coordination_ring_potter0_20": 0.0, "large_room_sparse20": 0.0, "large_room_potter0_20": 0.25}
[pair_H] {"steps": 1658880, "elapsed_s": 1403.4, "coordination_ring_sparse20": 80.0, "coordination_ring_potter0_20": 0.0, "large_room_sparse20": 0.0, "large_room_potter0_20": 0.3}
[pair_H] {"steps": 1660928, "elapsed_s": 1405.0, "coordination_ring_sparse20": 81.0, "coordination_ring_potter0_20": 0.0, "large_room_sparse20": 0.0, "large_room_potter0_20": 0.3}
[pair_H] {"steps": 1662976, "elapsed_s": 1406.6, "coordination_ring_sparse20": 81.0, "coordination_ring_potter0_20": 0.0, "large_room_sparse20": 0.0, "large_room_potter0_20": 0.35}
[pair_H] {"steps": 1665024, "elapsed_s": 1408.3, "coordination_ring_sparse20": 82.0, "coordination_ring_potter0_20": 0.0, "large_room_sparse20": 0.0, "large_room_potter0_20": 0.35}
[pair_H] {"steps": 1667072, "elapsed_s": 1410.0, "coordination_ring_sparse20": 79.0, "coordination_ring_potter0_20": 0.0, "large_room_sparse20": 0.0, "large_room_potter0_20": 0.3}
[pair_H] {"steps": 1669120, "elapsed_s": 1411.7, "coordination_ring_sparse20": 83.0, "coordination_ring_potter0_20": 0.0, "large_room_sparse20": 0.0, "large_room_potter0_20": 0.3}
[pair_H] {"steps": 1671168, "elapsed_s": 1413.2, "coordination_ring_sparse20": 92.0, "coordination_ring_potter0_20": 0.0, "large_room_sparse20": 0.0, "large_room_potter0_20": 0.3}
[pair_H] {"steps": 1673216, "elapsed_s": 1415.1, "coordination_ring_sparse20": 97.0, "coordination_ring_potter0_20": 0.0, "large_room_sparse20": 0.0, "large_room_potter0_20": 0.3}
[pair_H] {"steps": 1675264, "elapsed_s": 1416.7, "coordination_ring_sparse20": 99.0, "coordination_ring_potter0_20": 0.0, "large_room_sparse20": 0.0, "large_room_potter0_20": 0.25}
[pair_H] {"steps": 1677312, "elapsed_s": 1418.2, "coordination_ring_sparse20": 101.0, "coordination_ring_potter0_20": 0.0, "large_room_sparse20": 0.0, "large_room_potter0_20": 0.25}
[pair_H] {"steps": 1679360, "elapsed_s": 1419.8, "coordination_ring_sparse20": 101.0, "coordination_ring_potter0_20": 0.0, "large_room_sparse20": 0.0, "large_room_potter0_20": 0.2}
[pair_H] {"steps": 1681408, "elapsed_s": 1421.6, "coordination_ring_sparse20": 102.0, "coordination_ring_potter0_20": 0.0, "large_room_sparse20": 0.0, "large_room_potter0_20": 0.25}
[pair_H] {"steps": 1683456, "elapsed_s": 1423.1, "coordination_ring_sparse20": 98.0, "coordination_ring_potter0_20": 0.0, "large_room_sparse20": 0.0, "large_room_potter0_20": 0.25}
[pair_H] {"steps": 1685504, "elapsed_s": 1424.7, "coordination_ring_sparse20": 93.0, "coordination_ring_potter0_20": 0.0, "large_room_sparse20": 0.0, "large_room_potter0_20": 0.25}
[pair_H] {"steps": 1687552, "elapsed_s": 1426.5, "coordination_ring_sparse20": 95.0, "coordination_ring_potter0_20": 0.0, "large_room_sparse20": 0.0, "large_room_potter0_20": 0.2}
[pair_H] {"steps": 1689600, "elapsed_s": 1428.5, "coordination_ring_sparse20": 90.0, "coordination_ring_potter0_20": 0.05, "large_room_sparse20": 0.0, "large_room_potter0_20": 0.3}
[pair_H] {"steps": 1691648, "elapsed_s": 1430.1, "coordination_ring_sparse20": 90.0, "coordination_ring_potter0_20": 0.05, "large_room_sparse20": 0.0, "large_room_potter0_20": 0.25}
[pair_H] {"steps": 1693696, "elapsed_s": 1431.7, "coordination_ring_sparse20": 87.0, "coordination_ring_potter0_20": 0.05, "large_room_sparse20": 0.0, "large_room_potter0_20": 0.2}
[pair_H] {"steps": 1695744, "elapsed_s": 1433.2, "coordination_ring_sparse20": 91.0, "coordination_ring_potter0_20": 0.05, "large_room_sparse20": 0.0, "large_room_potter0_20": 0.2}
[pair_H] {"steps": 1697792, "elapsed_s": 1434.7, "coordination_ring_sparse20": 84.0, "coordination_ring_potter0_20": 0.05, "large_room_sparse20": 0.0, "large_room_potter0_20": 0.2}
[pair_H] {"steps": 1699840, "elapsed_s": 1436.5, "coordination_ring_sparse20": 84.0, "coordination_ring_potter0_20": 0.05, "large_room_sparse20": 0.0, "large_room_potter0_20": 0.25}
[pair_H] {"steps": 1701888, "elapsed_s": 1438.1, "coordination_ring_sparse20": 84.0, "coordination_ring_potter0_20": 0.05, "large_room_sparse20": 0.0, "large_room_potter0_20": 0.25}
[pair_H] {"steps": 1703936, "elapsed_s": 1439.8, "coordination_ring_sparse20": 87.0, "coordination_ring_potter0_20": 0.1, "large_room_sparse20": 0.0, "large_room_potter0_20": 0.3}
[pair_H] {"steps": 1705984, "elapsed_s": 1441.5, "coordination_ring_sparse20": 85.0, "coordination_ring_potter0_20": 0.15, "large_room_sparse20": 0.0, "large_room_potter0_20": 0.35}
[pair_H] {"steps": 1708032, "elapsed_s": 1443.1, "coordination_ring_sparse20": 89.0, "coordination_ring_potter0_20": 0.1, "large_room_sparse20": 0.0, "large_room_potter0_20": 0.4}
[pair_H] {"steps": 1710080, "elapsed_s": 1444.7, "coordination_ring_sparse20": 90.0, "coordination_ring_potter0_20": 0.1, "large_room_sparse20": 0.0, "large_room_potter0_20": 0.35}
[pair_H] {"steps": 1712128, "elapsed_s": 1446.2, "coordination_ring_sparse20": 90.0, "coordination_ring_potter0_20": 0.1, "large_room_sparse20": 0.0, "large_room_potter0_20": 0.25}
[pair_H] {"steps": 1714176, "elapsed_s": 1447.7, "coordination_ring_sparse20": 93.0, "coordination_ring_potter0_20": 0.1, "large_room_sparse20": 0.0, "large_room_potter0_20": 0.35}
[pair_H] {"steps": 1716224, "elapsed_s": 1449.2, "coordination_ring_sparse20": 94.0, "coordination_ring_potter0_20": 0.1, "large_room_sparse20": 0.0, "large_room_potter0_20": 0.3}
[pair_H] {"steps": 1718272, "elapsed_s": 1450.6, "coordination_ring_sparse20": 98.0, "coordination_ring_potter0_20": 0.1, "large_room_sparse20": 0.0, "large_room_potter0_20": 0.3}
[pair_H] {"steps": 1720320, "elapsed_s": 1452.1, "coordination_ring_sparse20": 92.0, "coordination_ring_potter0_20": 0.1, "large_room_sparse20": 0.0, "large_room_potter0_20": 0.25}
[pair_H] {"steps": 1722368, "elapsed_s": 1453.7, "coordination_ring_sparse20": 89.0, "coordination_ring_potter0_20": 0.0, "large_room_sparse20": 0.0, "large_room_potter0_20": 0.3}
[pair_H] {"steps": 1724416, "elapsed_s": 1455.2, "coordination_ring_sparse20": 88.0, "coordination_ring_potter0_20": 0.0, "large_room_sparse20": 0.0, "large_room_potter0_20": 0.3}
[pair_H] {"steps": 1726464, "elapsed_s": 1456.8, "coordination_ring_sparse20": 88.0, "coordination_ring_potter0_20": 0.0, "large_room_sparse20": 0.0, "large_room_potter0_20": 0.45}
[pair_H] {"steps": 1728512, "elapsed_s": 1458.3, "coordination_ring_sparse20": 88.0, "coordination_ring_potter0_20": 0.0, "large_room_sparse20": 0.0, "large_room_potter0_20": 0.35}
[pair_H] {"steps": 1730560, "elapsed_s": 1459.6, "coordination_ring_sparse20": 83.0, "coordination_ring_potter0_20": 0.0, "large_room_sparse20": 0.0, "large_room_potter0_20": 0.35}
[pair_H] {"steps": 1732608, "elapsed_s": 1461.1, "coordination_ring_sparse20": 81.0, "coordination_ring_potter0_20": 0.0, "large_room_sparse20": 0.0, "large_room_potter0_20": 0.4}
[pair_H] {"steps": 1734656, "elapsed_s": 1462.6, "coordination_ring_sparse20": 81.0, "coordination_ring_potter0_20": 0.0, "large_room_sparse20": 0.0, "large_room_potter0_20": 0.4}
[pair_H] {"steps": 1736704, "elapsed_s": 1464.1, "coordination_ring_sparse20": 81.0, "coordination_ring_potter0_20": 0.0, "large_room_sparse20": 0.0, "large_room_potter0_20": 0.35}
[pair_H] {"steps": 1738752, "elapsed_s": 1465.6, "coordination_ring_sparse20": 88.0, "coordination_ring_potter0_20": 0.0, "large_room_sparse20": 0.0, "large_room_potter0_20": 0.4}
[pair_H] {"steps": 1740800, "elapsed_s": 1467.1, "coordination_ring_sparse20": 93.0, "coordination_ring_potter0_20": 0.0, "large_room_sparse20": 0.0, "large_room_potter0_20": 0.4}
[pair_H] {"steps": 1742848, "elapsed_s": 1468.7, "coordination_ring_sparse20": 94.0, "coordination_ring_potter0_20": 0.0, "large_room_sparse20": 0.0, "large_room_potter0_20": 0.35}
[pair_H] {"steps": 1744896, "elapsed_s": 1470.2, "coordination_ring_sparse20": 91.0, "coordination_ring_potter0_20": 0.0, "large_room_sparse20": 0.0, "large_room_potter0_20": 0.4}
[pair_H] {"steps": 1746944, "elapsed_s": 1471.7, "coordination_ring_sparse20": 88.0, "coordination_ring_potter0_20": 0.0, "large_room_sparse20": 0.0, "large_room_potter0_20": 0.4}
[pair_H] {"steps": 1748992, "elapsed_s": 1473.1, "coordination_ring_sparse20": 84.0, "coordination_ring_potter0_20": 0.0, "large_room_sparse20": 0.0, "large_room_potter0_20": 0.35}
[pair_H] {"steps": 1751040, "elapsed_s": 1474.8, "coordination_ring_sparse20": 84.0, "coordination_ring_potter0_20": 0.0, "large_room_sparse20": 0.0, "large_room_potter0_20": 0.25}
[pair_H] {"steps": 1753088, "elapsed_s": 1476.2, "coordination_ring_sparse20": 86.0, "coordination_ring_potter0_20": 0.0, "large_room_sparse20": 0.0, "large_room_potter0_20": 0.25}
[pair_H] {"steps": 1755136, "elapsed_s": 1477.6, "coordination_ring_sparse20": 88.0, "coordination_ring_potter0_20": 0.0, "large_room_sparse20": 0.0, "large_room_potter0_20": 0.2}
[pair_H] {"steps": 1757184, "elapsed_s": 1479.2, "coordination_ring_sparse20": 85.0, "coordination_ring_potter0_20": 0.0, "large_room_sparse20": 0.0, "large_room_potter0_20": 0.3}
[pair_H] {"steps": 1759232, "elapsed_s": 1480.7, "coordination_ring_sparse20": 86.0, "coordination_ring_potter0_20": 0.0, "large_room_sparse20": 0.0, "large_room_potter0_20": 0.3}
[pair_H] {"steps": 1761280, "elapsed_s": 1482.1, "coordination_ring_sparse20": 92.0, "coordination_ring_potter0_20": 0.0, "large_room_sparse20": 0.0, "large_room_potter0_20": 0.35}
[pair_H] {"steps": 1763328, "elapsed_s": 1483.6, "coordination_ring_sparse20": 96.0, "coordination_ring_potter0_20": 0.0, "large_room_sparse20": 0.0, "large_room_potter0_20": 0.25}
[pair_H] {"steps": 1765376, "elapsed_s": 1485.2, "coordination_ring_sparse20": 96.0, "coordination_ring_potter0_20": 0.0, "large_room_sparse20": 0.0, "large_room_potter0_20": 0.2}
[pair_H] {"steps": 1767424, "elapsed_s": 1486.5, "coordination_ring_sparse20": 98.0, "coordination_ring_potter0_20": 0.0, "large_room_sparse20": 0.0, "large_room_potter0_20": 0.25}
[pair_H] {"steps": 1769472, "elapsed_s": 1488.0, "coordination_ring_sparse20": 98.0, "coordination_ring_potter0_20": 0.0, "large_room_sparse20": 0.0, "large_room_potter0_20": 0.25}
[pair_H] {"steps": 1771520, "elapsed_s": 1489.3, "coordination_ring_sparse20": 94.0, "coordination_ring_potter0_20": 0.0, "large_room_sparse20": 0.0, "large_room_potter0_20": 0.3}
[pair_H] {"steps": 1773568, "elapsed_s": 1491.0, "coordination_ring_sparse20": 91.0, "coordination_ring_potter0_20": 0.0, "large_room_sparse20": 0.0, "large_room_potter0_20": 0.35}
[pair_H] {"steps": 1775616, "elapsed_s": 1492.4, "coordination_ring_sparse20": 91.0, "coordination_ring_potter0_20": 0.0, "large_room_sparse20": 0.0, "large_room_potter0_20": 0.35}
[pair_H] {"steps": 1777664, "elapsed_s": 1493.8, "coordination_ring_sparse20": 89.0, "coordination_ring_potter0_20": 0.05, "large_room_sparse20": 0.0, "large_room_potter0_20": 0.4}
[pair_H] {"steps": 1779712, "elapsed_s": 1495.3, "coordination_ring_sparse20": 84.0, "coordination_ring_potter0_20": 0.05, "large_room_sparse20": 0.0, "large_room_potter0_20": 0.45}
[pair_H] {"steps": 1781760, "elapsed_s": 1496.7, "coordination_ring_sparse20": 81.0, "coordination_ring_potter0_20": 0.05, "large_room_sparse20": 0.0, "large_room_potter0_20": 0.55}
[pair_H] {"steps": 1783808, "elapsed_s": 1498.1, "coordination_ring_sparse20": 84.0, "coordination_ring_potter0_20": 0.05, "large_room_sparse20": 0.0, "large_room_potter0_20": 0.5}
[pair_H] {"steps": 1785856, "elapsed_s": 1499.6, "coordination_ring_sparse20": 83.0, "coordination_ring_potter0_20": 0.05, "large_room_sparse20": 0.0, "large_room_potter0_20": 0.5}
[pair_H] {"steps": 1787904, "elapsed_s": 1501.1, "coordination_ring_sparse20": 84.0, "coordination_ring_potter0_20": 0.05, "large_room_sparse20": 0.0, "large_room_potter0_20": 0.5}
[pair_H] {"steps": 1789952, "elapsed_s": 1502.5, "coordination_ring_sparse20": 83.0, "coordination_ring_potter0_20": 0.05, "large_room_sparse20": 0.0, "large_room_potter0_20": 0.45}
[pair_H] {"steps": 1792000, "elapsed_s": 1503.8, "coordination_ring_sparse20": 82.0, "coordination_ring_potter0_20": 0.0, "large_room_sparse20": 0.0, "large_room_potter0_20": 0.45}
[pair_H] {"steps": 1794048, "elapsed_s": 1505.3, "coordination_ring_sparse20": 86.0, "coordination_ring_potter0_20": 0.05, "large_room_sparse20": 0.0, "large_room_potter0_20": 0.45}
[pair_H] {"steps": 1796096, "elapsed_s": 1506.6, "coordination_ring_sparse20": 86.0, "coordination_ring_potter0_20": 0.1, "large_room_sparse20": 0.0, "large_room_potter0_20": 0.45}
[pair_H] {"steps": 1798144, "elapsed_s": 1508.1, "coordination_ring_sparse20": 89.0, "coordination_ring_potter0_20": 0.1, "large_room_sparse20": 0.0, "large_room_potter0_20": 0.5}
[pair_H] {"steps": 1800192, "elapsed_s": 1509.6, "coordination_ring_sparse20": 89.0, "coordination_ring_potter0_20": 0.1, "large_room_sparse20": 0.0, "large_room_potter0_20": 0.45}
[pair_H] {"steps": 1802240, "elapsed_s": 1511.0, "coordination_ring_sparse20": 89.0, "coordination_ring_potter0_20": 0.1, "large_room_sparse20": 0.0, "large_room_potter0_20": 0.5}
[pair_H] {"steps": 1804288, "elapsed_s": 1512.5, "coordination_ring_sparse20": 89.0, "coordination_ring_potter0_20": 0.1, "large_room_sparse20": 0.0, "large_room_potter0_20": 0.45}
[pair_H] {"steps": 1806336, "elapsed_s": 1513.9, "coordination_ring_sparse20": 91.0, "coordination_ring_potter0_20": 0.1, "large_room_sparse20": 0.0, "large_room_potter0_20": 0.45}
[pair_H] {"steps": 1808384, "elapsed_s": 1515.4, "coordination_ring_sparse20": 92.0, "coordination_ring_potter0_20": 0.1, "large_room_sparse20": 0.0, "large_room_potter0_20": 0.35}
[pair_H] {"steps": 1810432, "elapsed_s": 1517.1, "coordination_ring_sparse20": 92.0, "coordination_ring_potter0_20": 0.05, "large_room_sparse20": 0.0, "large_room_potter0_20": 0.3}
[pair_H] {"steps": 1812480, "elapsed_s": 1518.7, "coordination_ring_sparse20": 93.0, "coordination_ring_potter0_20": 0.05, "large_room_sparse20": 0.0, "large_room_potter0_20": 0.15}
[pair_H] {"steps": 1814528, "elapsed_s": 1520.2, "coordination_ring_sparse20": 93.0, "coordination_ring_potter0_20": 0.05, "large_room_sparse20": 0.0, "large_room_potter0_20": 0.1}
[pair_H] {"steps": 1816576, "elapsed_s": 1521.6, "coordination_ring_sparse20": 94.0, "coordination_ring_potter0_20": 0.05, "large_room_sparse20": 0.0, "large_room_potter0_20": 0.15}
[pair_H] {"steps": 1818624, "elapsed_s": 1523.3, "coordination_ring_sparse20": 93.0, "coordination_ring_potter0_20": 0.05, "large_room_sparse20": 0.0, "large_room_potter0_20": 0.2}
[pair_H] {"steps": 1820672, "elapsed_s": 1524.7, "coordination_ring_sparse20": 93.0, "coordination_ring_potter0_20": 0.05, "large_room_sparse20": 0.0, "large_room_potter0_20": 0.2}
[pair_H] {"steps": 1822720, "elapsed_s": 1526.4, "coordination_ring_sparse20": 89.0, "coordination_ring_potter0_20": 0.05, "large_room_sparse20": 0.0, "large_room_potter0_20": 0.25}
[pair_H] {"steps": 1824768, "elapsed_s": 1527.8, "coordination_ring_sparse20": 83.0, "coordination_ring_potter0_20": 0.05, "large_room_sparse20": 0.0, "large_room_potter0_20": 0.3}
[pair_H] {"steps": 1826816, "elapsed_s": 1529.2, "coordination_ring_sparse20": 80.0, "coordination_ring_potter0_20": 0.05, "large_room_sparse20": 0.0, "large_room_potter0_20": 0.35}
[pair_H] {"steps": 1828864, "elapsed_s": 1530.5, "coordination_ring_sparse20": 81.0, "coordination_ring_potter0_20": 0.0, "large_room_sparse20": 0.0, "large_room_potter0_20": 0.4}
[pair_H] {"steps": 1830912, "elapsed_s": 1532.0, "coordination_ring_sparse20": 82.0, "coordination_ring_potter0_20": 0.0, "large_room_sparse20": 0.0, "large_room_potter0_20": 0.45}
[pair_H] {"steps": 1832960, "elapsed_s": 1533.5, "coordination_ring_sparse20": 81.0, "coordination_ring_potter0_20": 0.0, "large_room_sparse20": 0.0, "large_room_potter0_20": 0.55}
[pair_H] {"steps": 1835008, "elapsed_s": 1535.2, "coordination_ring_sparse20": 84.0, "coordination_ring_potter0_20": 0.0, "large_room_sparse20": 0.0, "large_room_potter0_20": 0.6}
[pair_H] {"steps": 1837056, "elapsed_s": 1536.6, "coordination_ring_sparse20": 87.0, "coordination_ring_potter0_20": 0.0, "large_room_sparse20": 0.0, "large_room_potter0_20": 0.6}
[pair_H] {"steps": 1839104, "elapsed_s": 1538.0, "coordination_ring_sparse20": 82.0, "coordination_ring_potter0_20": 0.0, "large_room_sparse20": 0.0, "large_room_potter0_20": 0.6}
[pair_H] {"steps": 1841152, "elapsed_s": 1539.4, "coordination_ring_sparse20": 87.0, "coordination_ring_potter0_20": 0.0, "large_room_sparse20": 0.0, "large_room_potter0_20": 0.5}
[pair_H] {"steps": 1843200, "elapsed_s": 1540.8, "coordination_ring_sparse20": 84.0, "coordination_ring_potter0_20": 0.0, "large_room_sparse20": 0.0, "large_room_potter0_20": 0.5}
[pair_H] {"steps": 1845248, "elapsed_s": 1542.3, "coordination_ring_sparse20": 82.0, "coordination_ring_potter0_20": 0.0, "large_room_sparse20": 0.0, "large_room_potter0_20": 0.5}
[pair_H] {"steps": 1847296, "elapsed_s": 1544.0, "coordination_ring_sparse20": 83.0, "coordination_ring_potter0_20": 0.0, "large_room_sparse20": 0.0, "large_room_potter0_20": 0.5}
[pair_H] {"steps": 1849344, "elapsed_s": 1545.4, "coordination_ring_sparse20": 82.0, "coordination_ring_potter0_20": 0.0, "large_room_sparse20": 0.0, "large_room_potter0_20": 0.5}
[pair_H] {"steps": 1851392, "elapsed_s": 1546.9, "coordination_ring_sparse20": 85.0, "coordination_ring_potter0_20": 0.0, "large_room_sparse20": 0.0, "large_room_potter0_20": 0.5}
[pair_H] {"steps": 1853440, "elapsed_s": 1548.4, "coordination_ring_sparse20": 82.0, "coordination_ring_potter0_20": 0.0, "large_room_sparse20": 0.0, "large_room_potter0_20": 0.55}
[pair_H] {"steps": 1855488, "elapsed_s": 1549.9, "coordination_ring_sparse20": 83.0, "coordination_ring_potter0_20": 0.0, "large_room_sparse20": 0.0, "large_room_potter0_20": 0.45}
[pair_H] {"steps": 1857536, "elapsed_s": 1551.5, "coordination_ring_sparse20": 82.0, "coordination_ring_potter0_20": 0.0, "large_room_sparse20": 0.0, "large_room_potter0_20": 0.45}
[pair_H] {"steps": 1859584, "elapsed_s": 1553.1, "coordination_ring_sparse20": 83.0, "coordination_ring_potter0_20": 0.05, "large_room_sparse20": 0.0, "large_room_potter0_20": 0.5}
[pair_H] {"steps": 1861632, "elapsed_s": 1554.6, "coordination_ring_sparse20": 80.0, "coordination_ring_potter0_20": 0.05, "large_room_sparse20": 0.0, "large_room_potter0_20": 0.55}
[pair_H] {"steps": 1863680, "elapsed_s": 1555.9, "coordination_ring_sparse20": 86.0, "coordination_ring_potter0_20": 0.05, "large_room_sparse20": 0.0, "large_room_potter0_20": 0.5}
[pair_H] {"steps": 1865728, "elapsed_s": 1557.5, "coordination_ring_sparse20": 88.0, "coordination_ring_potter0_20": 0.1, "large_room_sparse20": 0.0, "large_room_potter0_20": 0.5}
[pair_H] {"steps": 1867776, "elapsed_s": 1558.9, "coordination_ring_sparse20": 85.0, "coordination_ring_potter0_20": 0.1, "large_room_sparse20": 0.0, "large_room_potter0_20": 0.55}
[pair_H] {"steps": 1869824, "elapsed_s": 1560.3, "coordination_ring_sparse20": 90.0, "coordination_ring_potter0_20": 0.1, "large_room_sparse20": 0.0, "large_room_potter0_20": 0.5}
[pair_H] {"steps": 1871872, "elapsed_s": 1561.8, "coordination_ring_sparse20": 86.0, "coordination_ring_potter0_20": 0.1, "large_room_sparse20": 0.0, "large_room_potter0_20": 0.45}
[pair_H] {"steps": 1873920, "elapsed_s": 1563.2, "coordination_ring_sparse20": 86.0, "coordination_ring_potter0_20": 0.1, "large_room_sparse20": 0.0, "large_room_potter0_20": 0.45}
[pair_H] {"steps": 1875968, "elapsed_s": 1564.6, "coordination_ring_sparse20": 86.0, "coordination_ring_potter0_20": 0.05, "large_room_sparse20": 0.0, "large_room_potter0_20": 0.5}
[pair_H] {"steps": 1878016, "elapsed_s": 1566.1, "coordination_ring_sparse20": 88.0, "coordination_ring_potter0_20": 0.05, "large_room_sparse20": 0.0, "large_room_potter0_20": 0.55}
[pair_H] {"steps": 1880064, "elapsed_s": 1567.4, "coordination_ring_sparse20": 88.0, "coordination_ring_potter0_20": 0.05, "large_room_sparse20": 0.0, "large_room_potter0_20": 0.55}
[pair_H] {"steps": 1882112, "elapsed_s": 1569.0, "coordination_ring_sparse20": 93.0, "coordination_ring_potter0_20": 0.0, "large_room_sparse20": 0.0, "large_room_potter0_20": 0.55}
[pair_H] {"steps": 1884160, "elapsed_s": 1570.5, "coordination_ring_sparse20": 93.0, "coordination_ring_potter0_20": 0.0, "large_room_sparse20": 0.0, "large_room_potter0_20": 0.45}
[pair_H] {"steps": 1886208, "elapsed_s": 1572.1, "coordination_ring_sparse20": 93.0, "coordination_ring_potter0_20": 0.0, "large_room_sparse20": 0.0, "large_room_potter0_20": 0.4}
[pair_H] {"steps": 1888256, "elapsed_s": 1573.5, "coordination_ring_sparse20": 93.0, "coordination_ring_potter0_20": 0.0, "large_room_sparse20": 0.0, "large_room_potter0_20": 0.4}
[pair_H] {"steps": 1890304, "elapsed_s": 1575.0, "coordination_ring_sparse20": 97.0, "coordination_ring_potter0_20": 0.0, "large_room_sparse20": 0.0, "large_room_potter0_20": 0.4}
[pair_H] {"steps": 1892352, "elapsed_s": 1576.5, "coordination_ring_sparse20": 98.0, "coordination_ring_potter0_20": 0.0, "large_room_sparse20": 0.0, "large_room_potter0_20": 0.35}
[pair_H] {"steps": 1894400, "elapsed_s": 1577.9, "coordination_ring_sparse20": 96.0, "coordination_ring_potter0_20": 0.0, "large_room_sparse20": 0.0, "large_room_potter0_20": 0.35}
[pair_H] {"steps": 1896448, "elapsed_s": 1579.4, "coordination_ring_sparse20": 98.0, "coordination_ring_potter0_20": 0.0, "large_room_sparse20": 0.0, "large_room_potter0_20": 0.3}
[pair_H] {"steps": 1898496, "elapsed_s": 1580.8, "coordination_ring_sparse20": 97.0, "coordination_ring_potter0_20": 0.0, "large_room_sparse20": 0.0, "large_room_potter0_20": 0.35}
[pair_H] {"steps": 1900544, "elapsed_s": 1582.3, "coordination_ring_sparse20": 95.0, "coordination_ring_potter0_20": 0.0, "large_room_sparse20": 0.0, "large_room_potter0_20": 0.35}
[pair_H] {"steps": 1902592, "elapsed_s": 1583.7, "coordination_ring_sparse20": 90.0, "coordination_ring_potter0_20": 0.0, "large_room_sparse20": 0.0, "large_room_potter0_20": 0.4}
[pair_H] {"steps": 1904640, "elapsed_s": 1585.3, "coordination_ring_sparse20": 90.0, "coordination_ring_potter0_20": 0.05, "large_room_sparse20": 0.0, "large_room_potter0_20": 0.4}
[pair_H] {"steps": 1906688, "elapsed_s": 1586.7, "coordination_ring_sparse20": 89.0, "coordination_ring_potter0_20": 0.05, "large_room_sparse20": 0.0, "large_room_potter0_20": 0.4}
[pair_H] {"steps": 1908736, "elapsed_s": 1588.1, "coordination_ring_sparse20": 89.0, "coordination_ring_potter0_20": 0.05, "large_room_sparse20": 0.0, "large_room_potter0_20": 0.45}
[pair_H] {"steps": 1910784, "elapsed_s": 1589.7, "coordination_ring_sparse20": 88.0, "coordination_ring_potter0_20": 0.1, "large_room_sparse20": 0.0, "large_room_potter0_20": 0.5}
[pair_H] {"steps": 1912832, "elapsed_s": 1591.3, "coordination_ring_sparse20": 89.0, "coordination_ring_potter0_20": 0.1, "large_room_sparse20": 0.0, "large_room_potter0_20": 0.45}
[pair_H] {"steps": 1914880, "elapsed_s": 1592.7, "coordination_ring_sparse20": 89.0, "coordination_ring_potter0_20": 0.1, "large_room_sparse20": 0.0, "large_room_potter0_20": 0.45}
[pair_H] {"steps": 1916928, "elapsed_s": 1594.4, "coordination_ring_sparse20": 88.0, "coordination_ring_potter0_20": 0.1, "large_room_sparse20": 0.0, "large_room_potter0_20": 0.45}
[pair_H] {"steps": 1918976, "elapsed_s": 1595.9, "coordination_ring_sparse20": 91.0, "coordination_ring_potter0_20": 0.1, "large_room_sparse20": 0.0, "large_room_potter0_20": 0.55}
[pair_H] {"steps": 1921024, "elapsed_s": 1597.2, "coordination_ring_sparse20": 95.0, "coordination_ring_potter0_20": 0.1, "large_room_sparse20": 0.0, "large_room_potter0_20": 0.55}
[pair_H] {"steps": 1923072, "elapsed_s": 1598.6, "coordination_ring_sparse20": 93.0, "coordination_ring_potter0_20": 0.05, "large_room_sparse20": 0.0, "large_room_potter0_20": 0.55}
[pair_H] {"steps": 1925120, "elapsed_s": 1600.1, "coordination_ring_sparse20": 96.0, "coordination_ring_potter0_20": 0.05, "large_room_sparse20": 0.0, "large_room_potter0_20": 0.5}
[pair_H] {"steps": 1927168, "elapsed_s": 1601.5, "coordination_ring_sparse20": 96.0, "coordination_ring_potter0_20": 0.0, "large_room_sparse20": 0.0, "large_room_potter0_20": 0.45}
[pair_H] {"steps": 1929216, "elapsed_s": 1603.0, "coordination_ring_sparse20": 98.0, "coordination_ring_potter0_20": 0.0, "large_room_sparse20": 0.0, "large_room_potter0_20": 0.5}
[pair_H] {"steps": 1931264, "elapsed_s": 1604.5, "coordination_ring_sparse20": 104.0, "coordination_ring_potter0_20": 0.0, "large_room_sparse20": 0.0, "large_room_potter0_20": 0.5}
[pair_H] {"steps": 1933312, "elapsed_s": 1606.0, "coordination_ring_sparse20": 104.0, "coordination_ring_potter0_20": 0.0, "large_room_sparse20": 0.0, "large_room_potter0_20": 0.45}
[pair_H] {"steps": 1935360, "elapsed_s": 1607.4, "coordination_ring_sparse20": 101.0, "coordination_ring_potter0_20": 0.0, "large_room_sparse20": 0.0, "large_room_potter0_20": 0.4}
[pair_H] {"steps": 1937408, "elapsed_s": 1608.8, "coordination_ring_sparse20": 102.0, "coordination_ring_potter0_20": 0.0, "large_room_sparse20": 0.0, "large_room_potter0_20": 0.45}
[pair_H] {"steps": 1939456, "elapsed_s": 1610.4, "coordination_ring_sparse20": 101.0, "coordination_ring_potter0_20": 0.0, "large_room_sparse20": 0.0, "large_room_potter0_20": 0.5}
[pair_H] {"steps": 1941504, "elapsed_s": 1611.7, "coordination_ring_sparse20": 97.0, "coordination_ring_potter0_20": 0.05, "large_room_sparse20": 0.0, "large_room_potter0_20": 0.5}
[pair_H] {"steps": 1943552, "elapsed_s": 1613.1, "coordination_ring_sparse20": 100.0, "coordination_ring_potter0_20": 0.05, "large_room_sparse20": 0.0, "large_room_potter0_20": 0.45}
[pair_H] {"steps": 1945600, "elapsed_s": 1614.6, "coordination_ring_sparse20": 94.0, "coordination_ring_potter0_20": 0.1, "large_room_sparse20": 0.0, "large_room_potter0_20": 0.45}
[pair_H] {"steps": 1947648, "elapsed_s": 1616.0, "coordination_ring_sparse20": 92.0, "coordination_ring_potter0_20": 0.1, "large_room_sparse20": 0.0, "large_room_potter0_20": 0.45}
[pair_H] {"steps": 1949696, "elapsed_s": 1617.4, "coordination_ring_sparse20": 91.0, "coordination_ring_potter0_20": 0.1, "large_room_sparse20": 0.0, "large_room_potter0_20": 0.45}
[pair_H] {"steps": 1951744, "elapsed_s": 1618.7, "coordination_ring_sparse20": 90.0, "coordination_ring_potter0_20": 0.1, "large_room_sparse20": 0.0, "large_room_potter0_20": 0.45}
[pair_H] {"steps": 1953792, "elapsed_s": 1620.3, "coordination_ring_sparse20": 91.0, "coordination_ring_potter0_20": 0.05, "large_room_sparse20": 0.0, "large_room_potter0_20": 0.45}
[pair_H] {"steps": 1955840, "elapsed_s": 1621.8, "coordination_ring_sparse20": 90.0, "coordination_ring_potter0_20": 0.05, "large_room_sparse20": 0.0, "large_room_potter0_20": 0.45}
[pair_H] {"steps": 1957888, "elapsed_s": 1623.1, "coordination_ring_sparse20": 86.0, "coordination_ring_potter0_20": 0.05, "large_room_sparse20": 0.0, "large_room_potter0_20": 0.45}
[pair_H] {"steps": 1959936, "elapsed_s": 1624.5, "coordination_ring_sparse20": 84.0, "coordination_ring_potter0_20": 0.05, "large_room_sparse20": 0.0, "large_room_potter0_20": 0.45}
[pair_H] {"steps": 1961984, "elapsed_s": 1626.3, "coordination_ring_sparse20": 84.0, "coordination_ring_potter0_20": 0.05, "large_room_sparse20": 0.0, "large_room_potter0_20": 0.45}
[pair_H] {"steps": 1964032, "elapsed_s": 1627.8, "coordination_ring_sparse20": 80.0, "coordination_ring_potter0_20": 0.05, "large_room_sparse20": 0.0, "large_room_potter0_20": 0.45}
[pair_H] {"steps": 1966080, "elapsed_s": 1629.2, "coordination_ring_sparse20": 79.0, "coordination_ring_potter0_20": 0.05, "large_room_sparse20": 0.0, "large_room_potter0_20": 0.45}
[pair_H] {"steps": 1968128, "elapsed_s": 1630.6, "coordination_ring_sparse20": 78.0, "coordination_ring_potter0_20": 0.05, "large_room_sparse20": 0.0, "large_room_potter0_20": 0.45}
[pair_H] {"steps": 1970176, "elapsed_s": 1632.0, "coordination_ring_sparse20": 72.0, "coordination_ring_potter0_20": 0.05, "large_room_sparse20": 0.0, "large_room_potter0_20": 0.45}
[pair_H] {"steps": 1972224, "elapsed_s": 1633.5, "coordination_ring_sparse20": 73.0, "coordination_ring_potter0_20": 0.05, "large_room_sparse20": 0.0, "large_room_potter0_20": 0.45}
[pair_H] {"steps": 1974272, "elapsed_s": 1634.9, "coordination_ring_sparse20": 73.0, "coordination_ring_potter0_20": 0.05, "large_room_sparse20": 0.0, "large_room_potter0_20": 0.4}
[pair_H] {"steps": 1976320, "elapsed_s": 1636.4, "coordination_ring_sparse20": 76.0, "coordination_ring_potter0_20": 0.05, "large_room_sparse20": 0.0, "large_room_potter0_20": 0.4}
[pair_H] {"steps": 1978368, "elapsed_s": 1637.8, "coordination_ring_sparse20": 77.0, "coordination_ring_potter0_20": 0.05, "large_room_sparse20": 0.0, "large_room_potter0_20": 0.4}
[pair_H] {"steps": 1980416, "elapsed_s": 1639.4, "coordination_ring_sparse20": 74.0, "coordination_ring_potter0_20": 0.05, "large_room_sparse20": 0.0, "large_room_potter0_20": 0.4}
[pair_H] {"steps": 1982464, "elapsed_s": 1640.9, "coordination_ring_sparse20": 78.0, "coordination_ring_potter0_20": 0.05, "large_room_sparse20": 0.0, "large_room_potter0_20": 0.4}
[pair_H] {"steps": 1984512, "elapsed_s": 1642.3, "coordination_ring_sparse20": 73.0, "coordination_ring_potter0_20": 0.05, "large_room_sparse20": 0.0, "large_room_potter0_20": 0.45}
[pair_H] {"steps": 1986560, "elapsed_s": 1643.7, "coordination_ring_sparse20": 82.0, "coordination_ring_potter0_20": 0.05, "large_room_sparse20": 0.0, "large_room_potter0_20": 0.45}
[pair_H] {"steps": 1988608, "elapsed_s": 1645.4, "coordination_ring_sparse20": 82.0, "coordination_ring_potter0_20": 0.05, "large_room_sparse20": 0.0, "large_room_potter0_20": 0.4}
[pair_H] {"steps": 1990656, "elapsed_s": 1646.8, "coordination_ring_sparse20": 81.0, "coordination_ring_potter0_20": 0.05, "large_room_sparse20": 0.0, "large_room_potter0_20": 0.4}
[pair_H] {"steps": 1992704, "elapsed_s": 1648.2, "coordination_ring_sparse20": 77.0, "coordination_ring_potter0_20": 0.05, "large_room_sparse20": 0.0, "large_room_potter0_20": 0.4}
[pair_H] {"steps": 1994752, "elapsed_s": 1649.5, "coordination_ring_sparse20": 81.0, "coordination_ring_potter0_20": 0.0, "large_room_sparse20": 0.0, "large_room_potter0_20": 0.4}
[pair_H] {"steps": 1996800, "elapsed_s": 1650.9, "coordination_ring_sparse20": 86.0, "coordination_ring_potter0_20": 0.0, "large_room_sparse20": 0.0, "large_room_potter0_20": 0.4}
[pair_H] {"steps": 1998848, "elapsed_s": 1652.4, "coordination_ring_sparse20": 86.0, "coordination_ring_potter0_20": 0.0, "large_room_sparse20": 0.0, "large_room_potter0_20": 0.35}
[pair_H] {"steps": 2000896, "elapsed_s": 1653.8, "coordination_ring_sparse20": 87.0, "coordination_ring_potter0_20": 0.05, "large_room_sparse20": 0.0, "large_room_potter0_20": 0.35}
[pair_H] {"steps": 2002944, "elapsed_s": 1655.3, "coordination_ring_sparse20": 89.0, "coordination_ring_potter0_20": 0.05, "large_room_sparse20": 0.0, "large_room_potter0_20": 0.3}
[pair_H] {"steps": 2004992, "elapsed_s": 1656.8, "coordination_ring_sparse20": 86.0, "coordination_ring_potter0_20": 0.05, "large_room_sparse20": 0.0, "large_room_potter0_20": 0.3}
[pair_H] {"steps": 2007040, "elapsed_s": 1658.3, "coordination_ring_sparse20": 88.0, "coordination_ring_potter0_20": 0.05, "large_room_sparse20": 0.0, "large_room_potter0_20": 0.3}
[pair_H] {"steps": 2009088, "elapsed_s": 1659.7, "coordination_ring_sparse20": 89.0, "coordination_ring_potter0_20": 0.05, "large_room_sparse20": 0.0, "large_room_potter0_20": 0.3}
[pair_H] {"steps": 2011136, "elapsed_s": 1661.2, "coordination_ring_sparse20": 91.0, "coordination_ring_potter0_20": 0.05, "large_room_sparse20": 0.0, "large_room_potter0_20": 0.3}
[pair_H] {"steps": 2013184, "elapsed_s": 1662.6, "coordination_ring_sparse20": 94.0, "coordination_ring_potter0_20": 0.05, "large_room_sparse20": 0.0, "large_room_potter0_20": 0.25}
[pair_H] {"steps": 2015232, "elapsed_s": 1664.1, "coordination_ring_sparse20": 89.0, "coordination_ring_potter0_20": 0.0, "large_room_sparse20": 0.0, "large_room_potter0_20": 0.25}
[pair_H] {"steps": 2017280, "elapsed_s": 1665.4, "coordination_ring_sparse20": 91.0, "coordination_ring_potter0_20": 0.0, "large_room_sparse20": 0.0, "large_room_potter0_20": 0.25}
[pair_H] {"steps": 2019328, "elapsed_s": 1667.0, "coordination_ring_sparse20": 98.0, "coordination_ring_potter0_20": 0.0, "large_room_sparse20": 0.0, "large_room_potter0_20": 0.25}
[pair_H] {"steps": 2021376, "elapsed_s": 1668.4, "coordination_ring_sparse20": 99.0, "coordination_ring_potter0_20": 0.0, "large_room_sparse20": 0.0, "large_room_potter0_20": 0.25}
[pair_H] {"steps": 2023424, "elapsed_s": 1670.1, "coordination_ring_sparse20": 102.0, "coordination_ring_potter0_20": 0.0, "large_room_sparse20": 0.0, "large_room_potter0_20": 0.3}
[pair_H] {"steps": 2025472, "elapsed_s": 1671.5, "coordination_ring_sparse20": 100.0, "coordination_ring_potter0_20": 0.1, "large_room_sparse20": 0.0, "large_room_potter0_20": 0.3}
[pair_H] {"steps": 2027520, "elapsed_s": 1673.0, "coordination_ring_sparse20": 101.0, "coordination_ring_potter0_20": 0.1, "large_room_sparse20": 0.0, "large_room_potter0_20": 0.3}
[pair_H] {"steps": 2029568, "elapsed_s": 1674.5, "coordination_ring_sparse20": 101.0, "coordination_ring_potter0_20": 0.1, "large_room_sparse20": 0.0, "large_room_potter0_20": 0.3}
[pair_H] {"steps": 2031616, "elapsed_s": 1676.0, "coordination_ring_sparse20": 106.0, "coordination_ring_potter0_20": 0.1, "large_room_sparse20": 0.0, "large_room_potter0_20": 0.25}
[pair_H] {"steps": 2033664, "elapsed_s": 1677.4, "coordination_ring_sparse20": 106.0, "coordination_ring_potter0_20": 0.1, "large_room_sparse20": 0.0, "large_room_potter0_20": 0.25}
[pair_H] {"steps": 2035712, "elapsed_s": 1678.9, "coordination_ring_sparse20": 106.0, "coordination_ring_potter0_20": 0.1, "large_room_sparse20": 0.0, "large_room_potter0_20": 0.25}
[pair_H] {"steps": 2037760, "elapsed_s": 1680.4, "coordination_ring_sparse20": 103.0, "coordination_ring_potter0_20": 0.15, "large_room_sparse20": 0.0, "large_room_potter0_20": 0.25}
[pair_H] {"steps": 2039808, "elapsed_s": 1681.9, "coordination_ring_sparse20": 102.0, "coordination_ring_potter0_20": 0.15, "large_room_sparse20": 0.0, "large_room_potter0_20": 0.3}
[pair_H] {"steps": 2041856, "elapsed_s": 1683.4, "coordination_ring_sparse20": 103.0, "coordination_ring_potter0_20": 0.05, "large_room_sparse20": 0.0, "large_room_potter0_20": 0.3}
[pair_H] {"steps": 2043904, "elapsed_s": 1684.9, "coordination_ring_sparse20": 100.0, "coordination_ring_potter0_20": 0.05, "large_room_sparse20": 0.0, "large_room_potter0_20": 0.25}
[pair_H] {"steps": 2045952, "elapsed_s": 1686.4, "coordination_ring_sparse20": 101.0, "coordination_ring_potter0_20": 0.05, "large_room_sparse20": 0.0, "large_room_potter0_20": 0.35}
[pair_H] {"steps": 2048000, "elapsed_s": 1687.8, "coordination_ring_sparse20": 101.0, "coordination_ring_potter0_20": 0.1, "large_room_sparse20": 0.0, "large_room_potter0_20": 0.35}
[pair_H] {"steps": 2050048, "elapsed_s": 1689.3, "coordination_ring_sparse20": 101.0, "coordination_ring_potter0_20": 0.1, "large_room_sparse20": 0.0, "large_room_potter0_20": 0.4}
[pair_H] {"steps": 2052096, "elapsed_s": 1690.8, "coordination_ring_sparse20": 102.0, "coordination_ring_potter0_20": 0.1, "large_room_sparse20": 0.0, "large_room_potter0_20": 0.45}
[pair_H] {"steps": 2054144, "elapsed_s": 1692.2, "coordination_ring_sparse20": 95.0, "coordination_ring_potter0_20": 0.05, "large_room_sparse20": 0.0, "large_room_potter0_20": 0.45}
[pair_H] {"steps": 2056192, "elapsed_s": 1693.7, "coordination_ring_sparse20": 94.0, "coordination_ring_potter0_20": 0.05, "large_room_sparse20": 0.0, "large_room_potter0_20": 0.6}
[pair_H] {"steps": 2058240, "elapsed_s": 1695.1, "coordination_ring_sparse20": 96.0, "coordination_ring_potter0_20": 0.05, "large_room_sparse20": 0.0, "large_room_potter0_20": 0.55}
[pair_H] {"steps": 2060288, "elapsed_s": 1696.6, "coordination_ring_sparse20": 100.0, "coordination_ring_potter0_20": 0.1, "large_room_sparse20": 0.0, "large_room_potter0_20": 0.55}
[pair_H] {"steps": 2062336, "elapsed_s": 1698.1, "coordination_ring_sparse20": 100.0, "coordination_ring_potter0_20": 0.05, "large_room_sparse20": 0.0, "large_room_potter0_20": 0.6}
[pair_H] {"steps": 2064384, "elapsed_s": 1699.5, "coordination_ring_sparse20": 99.0, "coordination_ring_potter0_20": 0.1, "large_room_sparse20": 0.0, "large_room_potter0_20": 0.55}
[pair_H] {"steps": 2066432, "elapsed_s": 1701.0, "coordination_ring_sparse20": 96.0, "coordination_ring_potter0_20": 0.1, "large_room_sparse20": 0.0, "large_room_potter0_20": 0.5}
[pair_H] {"steps": 2068480, "elapsed_s": 1702.4, "coordination_ring_sparse20": 98.0, "coordination_ring_potter0_20": 0.1, "large_room_sparse20": 0.0, "large_room_potter0_20": 0.5}
[pair_H] {"steps": 2070528, "elapsed_s": 1704.0, "coordination_ring_sparse20": 101.0, "coordination_ring_potter0_20": 0.1, "large_room_sparse20": 0.0, "large_room_potter0_20": 0.5}
[pair_H] {"steps": 2072576, "elapsed_s": 1705.4, "coordination_ring_sparse20": 93.0, "coordination_ring_potter0_20": 0.1, "large_room_sparse20": 0.0, "large_room_potter0_20": 0.45}
[pair_H] {"steps": 2074624, "elapsed_s": 1706.9, "coordination_ring_sparse20": 90.0, "coordination_ring_potter0_20": 0.1, "large_room_sparse20": 0.0, "large_room_potter0_20": 0.5}
[pair_H] {"steps": 2076672, "elapsed_s": 1708.2, "coordination_ring_sparse20": 79.0, "coordination_ring_potter0_20": 0.05, "large_room_sparse20": 0.0, "large_room_potter0_20": 0.5}
[pair_H] {"steps": 2078720, "elapsed_s": 1709.7, "coordination_ring_sparse20": 81.0, "coordination_ring_potter0_20": 0.05, "large_room_sparse20": 0.0, "large_room_potter0_20": 0.5}
[pair_H] {"steps": 2080768, "elapsed_s": 1711.2, "coordination_ring_sparse20": 81.0, "coordination_ring_potter0_20": 0.05, "large_room_sparse20": 0.0, "large_room_potter0_20": 0.5}
[pair_H] {"steps": 2082816, "elapsed_s": 1712.6, "coordination_ring_sparse20": 79.0, "coordination_ring_potter0_20": 0.0, "large_room_sparse20": 0.0, "large_room_potter0_20": 0.5}
[pair_H] {"steps": 2084864, "elapsed_s": 1714.2, "coordination_ring_sparse20": 78.0, "coordination_ring_potter0_20": 0.0, "large_room_sparse20": 0.0, "large_room_potter0_20": 0.55}
[pair_H] {"steps": 2086912, "elapsed_s": 1715.7, "coordination_ring_sparse20": 78.0, "coordination_ring_potter0_20": 0.0, "large_room_sparse20": 0.0, "large_room_potter0_20": 0.5}
[pair_H] {"steps": 2088960, "elapsed_s": 1717.3, "coordination_ring_sparse20": 91.0, "coordination_ring_potter0_20": 0.0, "large_room_sparse20": 0.0, "large_room_potter0_20": 0.5}
[pair_H] {"steps": 2091008, "elapsed_s": 1718.8, "coordination_ring_sparse20": 91.0, "coordination_ring_potter0_20": 0.0, "large_room_sparse20": 0.0, "large_room_potter0_20": 0.45}
[pair_H] {"steps": 2093056, "elapsed_s": 1720.2, "coordination_ring_sparse20": 102.0, "coordination_ring_potter0_20": 0.0, "large_room_sparse20": 0.0, "large_room_potter0_20": 0.45}
[pair_H] {"steps": 2095104, "elapsed_s": 1721.9, "coordination_ring_sparse20": 105.0, "coordination_ring_potter0_20": 0.0, "large_room_sparse20": 0.0, "large_room_potter0_20": 0.45}
[pair_H] {"steps": 2097152, "elapsed_s": 1723.4, "coordination_ring_sparse20": 105.0, "coordination_ring_potter0_20": 0.0, "large_room_sparse20": 0.0, "large_room_potter0_20": 0.5}
[pair_H] {"steps": 2099200, "elapsed_s": 1724.9, "coordination_ring_sparse20": 106.0, "coordination_ring_potter0_20": 0.0, "large_room_sparse20": 0.0, "large_room_potter0_20": 0.5}
[pair_H] {"steps": 2101248, "elapsed_s": 1726.5, "coordination_ring_sparse20": 106.0, "coordination_ring_potter0_20": 0.0, "large_room_sparse20": 0.0, "large_room_potter0_20": 0.55}
[pair_H] {"steps": 2103296, "elapsed_s": 1728.3, "coordination_ring_sparse20": 102.0, "coordination_ring_potter0_20": 0.0, "large_room_sparse20": 0.0, "large_room_potter0_20": 0.6}
[pair_H] {"steps": 2105344, "elapsed_s": 1729.8, "coordination_ring_sparse20": 102.0, "coordination_ring_potter0_20": 0.0, "large_room_sparse20": 0.0, "large_room_potter0_20": 0.65}
[pair_H] {"steps": 2107392, "elapsed_s": 1731.2, "coordination_ring_sparse20": 97.0, "coordination_ring_potter0_20": 0.0, "large_room_sparse20": 0.0, "large_room_potter0_20": 0.6}
[pair_H] {"steps": 2109440, "elapsed_s": 1732.7, "coordination_ring_sparse20": 94.0, "coordination_ring_potter0_20": 0.05, "large_room_sparse20": 0.0, "large_room_potter0_20": 0.6}
[pair_H] {"steps": 2111488, "elapsed_s": 1734.2, "coordination_ring_sparse20": 94.0, "coordination_ring_potter0_20": 0.05, "large_room_sparse20": 0.0, "large_room_potter0_20": 0.6}
[pair_H] {"steps": 2113536, "elapsed_s": 1735.6, "coordination_ring_sparse20": 91.0, "coordination_ring_potter0_20": 0.05, "large_room_sparse20": 0.0, "large_room_potter0_20": 0.55}
[pair_H] {"steps": 2115584, "elapsed_s": 1737.1, "coordination_ring_sparse20": 90.0, "coordination_ring_potter0_20": 0.05, "large_room_sparse20": 0.0, "large_room_potter0_20": 0.55}
[pair_H] {"steps": 2117632, "elapsed_s": 1738.7, "coordination_ring_sparse20": 87.0, "coordination_ring_potter0_20": 0.05, "large_room_sparse20": 0.0, "large_room_potter0_20": 0.6}
[pair_H] {"steps": 2119680, "elapsed_s": 1740.3, "coordination_ring_sparse20": 90.0, "coordination_ring_potter0_20": 0.05, "large_room_sparse20": 0.0, "large_room_potter0_20": 0.65}
[pair_H] {"steps": 2121728, "elapsed_s": 1741.7, "coordination_ring_sparse20": 91.0, "coordination_ring_potter0_20": 0.05, "large_room_sparse20": 0.0, "large_room_potter0_20": 0.65}
[pair_H] {"steps": 2123776, "elapsed_s": 1743.1, "coordination_ring_sparse20": 87.0, "coordination_ring_potter0_20": 0.0, "large_room_sparse20": 0.0, "large_room_potter0_20": 0.65}
[pair_H] {"steps": 2125824, "elapsed_s": 1744.6, "coordination_ring_sparse20": 87.0, "coordination_ring_potter0_20": 0.0, "large_room_sparse20": 0.0, "large_room_potter0_20": 0.65}
[pair_H] {"steps": 2127872, "elapsed_s": 1746.0, "coordination_ring_sparse20": 83.0, "coordination_ring_potter0_20": 0.05, "large_room_sparse20": 0.0, "large_room_potter0_20": 0.65}
[pair_H] {"steps": 2129920, "elapsed_s": 1747.6, "coordination_ring_sparse20": 86.0, "coordination_ring_potter0_20": 0.05, "large_room_sparse20": 0.0, "large_room_potter0_20": 0.65}
[pair_H] {"steps": 2131968, "elapsed_s": 1749.3, "coordination_ring_sparse20": 86.0, "coordination_ring_potter0_20": 0.05, "large_room_sparse20": 0.0, "large_room_potter0_20": 0.65}
[pair_H] {"steps": 2134016, "elapsed_s": 1750.9, "coordination_ring_sparse20": 87.0, "coordination_ring_potter0_20": 0.05, "large_room_sparse20": 0.0, "large_room_potter0_20": 0.6}
[pair_H] {"steps": 2136064, "elapsed_s": 1752.4, "coordination_ring_sparse20": 86.0, "coordination_ring_potter0_20": 0.05, "large_room_sparse20": 0.0, "large_room_potter0_20": 0.65}
[pair_H] {"steps": 2138112, "elapsed_s": 1753.8, "coordination_ring_sparse20": 86.0, "coordination_ring_potter0_20": 0.05, "large_room_sparse20": 0.0, "large_room_potter0_20": 0.65}
[pair_H] {"steps": 2140160, "elapsed_s": 1755.3, "coordination_ring_sparse20": 90.0, "coordination_ring_potter0_20": 0.05, "large_room_sparse20": 0.0, "large_room_potter0_20": 0.6}
[pair_H] {"steps": 2142208, "elapsed_s": 1756.7, "coordination_ring_sparse20": 90.0, "coordination_ring_potter0_20": 0.05, "large_room_sparse20": 0.0, "large_room_potter0_20": 0.6}
[pair_H] {"steps": 2144256, "elapsed_s": 1758.1, "coordination_ring_sparse20": 91.0, "coordination_ring_potter0_20": 0.05, "large_room_sparse20": 0.0, "large_room_potter0_20": 0.6}
[pair_H] {"steps": 2146304, "elapsed_s": 1759.6, "coordination_ring_sparse20": 90.0, "coordination_ring_potter0_20": 0.05, "large_room_sparse20": 0.0, "large_room_potter0_20": 0.6}
[pair_H] {"steps": 2148352, "elapsed_s": 1761.0, "coordination_ring_sparse20": 89.0, "coordination_ring_potter0_20": 0.0, "large_room_sparse20": 0.0, "large_room_potter0_20": 0.65}
[pair_H] {"steps": 2150400, "elapsed_s": 1762.5, "coordination_ring_sparse20": 87.0, "coordination_ring_potter0_20": 0.0, "large_room_sparse20": 0.0, "large_room_potter0_20": 0.6}
[pair_H] {"steps": 2152448, "elapsed_s": 1763.9, "coordination_ring_sparse20": 70.0, "coordination_ring_potter0_20": 0.05, "large_room_sparse20": 0.0, "large_room_potter0_20": 0.6}
[pair_H] {"steps": 2154496, "elapsed_s": 1765.3, "coordination_ring_sparse20": 69.0, "coordination_ring_potter0_20": 0.05, "large_room_sparse20": 0.0, "large_room_potter0_20": 0.6}
[pair_H] {"steps": 2156544, "elapsed_s": 1766.8, "coordination_ring_sparse20": 65.0, "coordination_ring_potter0_20": 0.05, "large_room_sparse20": 0.0, "large_room_potter0_20": 0.6}
[pair_H] {"steps": 2158592, "elapsed_s": 1768.2, "coordination_ring_sparse20": 58.0, "coordination_ring_potter0_20": 0.05, "large_room_sparse20": 0.0, "large_room_potter0_20": 0.6}
[pair_H] {"steps": 2160640, "elapsed_s": 1769.6, "coordination_ring_sparse20": 51.0, "coordination_ring_potter0_20": 0.05, "large_room_sparse20": 0.0, "large_room_potter0_20": 0.6}
[pair_H] {"steps": 2162688, "elapsed_s": 1771.5, "coordination_ring_sparse20": 51.0, "coordination_ring_potter0_20": 0.05, "large_room_sparse20": 0.0, "large_room_potter0_20": 0.6}
[pair_H] {"steps": 2164736, "elapsed_s": 1772.8, "coordination_ring_sparse20": 46.0, "coordination_ring_potter0_20": 0.05, "large_room_sparse20": 0.0, "large_room_potter0_20": 0.6}
[pair_H] {"steps": 2166784, "elapsed_s": 1774.3, "coordination_ring_sparse20": 45.0, "coordination_ring_potter0_20": 0.05, "large_room_sparse20": 0.0, "large_room_potter0_20": 0.6}
[pair_H] {"steps": 2168832, "elapsed_s": 1775.7, "coordination_ring_sparse20": 42.0, "coordination_ring_potter0_20": 0.05, "large_room_sparse20": 0.0, "large_room_potter0_20": 0.6}
[pair_H] {"steps": 2170880, "elapsed_s": 1777.2, "coordination_ring_sparse20": 43.0, "coordination_ring_potter0_20": 0.05, "large_room_sparse20": 0.0, "large_room_potter0_20": 0.5}
[pair_H] {"steps": 2172928, "elapsed_s": 1778.7, "coordination_ring_sparse20": 45.0, "coordination_ring_potter0_20": 0.0, "large_room_sparse20": 0.0, "large_room_potter0_20": 0.5}
[pair_H] {"steps": 2174976, "elapsed_s": 1780.1, "coordination_ring_sparse20": 50.0, "coordination_ring_potter0_20": 0.0, "large_room_sparse20": 0.0, "large_room_potter0_20": 0.55}
[pair_H] {"steps": 2177024, "elapsed_s": 1781.6, "coordination_ring_sparse20": 50.0, "coordination_ring_potter0_20": 0.0, "large_room_sparse20": 0.0, "large_room_potter0_20": 0.5}
[pair_H] {"steps": 2179072, "elapsed_s": 1783.0, "coordination_ring_sparse20": 57.0, "coordination_ring_potter0_20": 0.0, "large_room_sparse20": 0.0, "large_room_potter0_20": 0.5}
[pair_H] {"steps": 2181120, "elapsed_s": 1784.5, "coordination_ring_sparse20": 62.0, "coordination_ring_potter0_20": 0.05, "large_room_sparse20": 0.0, "large_room_potter0_20": 0.5}
[pair_H] {"steps": 2183168, "elapsed_s": 1785.9, "coordination_ring_sparse20": 70.0, "coordination_ring_potter0_20": 0.05, "large_room_sparse20": 0.0, "large_room_potter0_20": 0.5}
[pair_H] {"steps": 2185216, "elapsed_s": 1787.3, "coordination_ring_sparse20": 74.0, "coordination_ring_potter0_20": 0.05, "large_room_sparse20": 0.0, "large_room_potter0_20": 0.5}
[pair_H] {"steps": 2187264, "elapsed_s": 1788.6, "coordination_ring_sparse20": 79.0, "coordination_ring_potter0_20": 0.05, "large_room_sparse20": 0.0, "large_room_potter0_20": 0.5}
[pair_H] {"steps": 2189312, "elapsed_s": 1790.1, "coordination_ring_sparse20": 84.0, "coordination_ring_potter0_20": 0.05, "large_room_sparse20": 0.0, "large_room_potter0_20": 0.45}
[pair_H] {"steps": 2191360, "elapsed_s": 1791.4, "coordination_ring_sparse20": 90.0, "coordination_ring_potter0_20": 0.05, "large_room_sparse20": 0.0, "large_room_potter0_20": 0.4}
[pair_H] {"steps": 2193408, "elapsed_s": 1792.9, "coordination_ring_sparse20": 91.0, "coordination_ring_potter0_20": 0.05, "large_room_sparse20": 0.0, "large_room_potter0_20": 0.4}
[pair_H] {"steps": 2195456, "elapsed_s": 1794.3, "coordination_ring_sparse20": 89.0, "coordination_ring_potter0_20": 0.05, "large_room_sparse20": 0.0, "large_room_potter0_20": 0.35}
[pair_H] {"steps": 2197504, "elapsed_s": 1796.1, "coordination_ring_sparse20": 94.0, "coordination_ring_potter0_20": 0.0, "large_room_sparse20": 0.0, "large_room_potter0_20": 0.25}
[pair_H] {"steps": 2199552, "elapsed_s": 1797.5, "coordination_ring_sparse20": 94.0, "coordination_ring_potter0_20": 0.0, "large_room_sparse20": 0.0, "large_room_potter0_20": 0.25}
[pair_H] {"steps": 2201600, "elapsed_s": 1799.1, "coordination_ring_sparse20": 97.0, "coordination_ring_potter0_20": 0.0, "large_room_sparse20": 0.0, "large_room_potter0_20": 0.3}
[pair_H] {"steps": 2203648, "elapsed_s": 1800.5, "coordination_ring_sparse20": 94.0, "coordination_ring_potter0_20": 0.0, "large_room_sparse20": 0.0, "large_room_potter0_20": 0.3}
[pair_H] {"steps": 2205696, "elapsed_s": 1801.9, "coordination_ring_sparse20": 100.0, "coordination_ring_potter0_20": 0.0, "large_room_sparse20": 0.0, "large_room_potter0_20": 0.3}
[pair_H] {"steps": 2207744, "elapsed_s": 1803.8, "coordination_ring_sparse20": 102.0, "coordination_ring_potter0_20": 0.0, "large_room_sparse20": 0.0, "large_room_potter0_20": 0.35}
[pair_H] {"steps": 2209792, "elapsed_s": 1805.3, "coordination_ring_sparse20": 100.0, "coordination_ring_potter0_20": 0.0, "large_room_sparse20": 0.0, "large_room_potter0_20": 0.35}
[pair_H] {"steps": 2211840, "elapsed_s": 1806.6, "coordination_ring_sparse20": 105.0, "coordination_ring_potter0_20": 0.0, "large_room_sparse20": 0.0, "large_room_potter0_20": 0.35}
[pair_H] {"steps": 2213888, "elapsed_s": 1807.9, "coordination_ring_sparse20": 104.0, "coordination_ring_potter0_20": 0.0, "large_room_sparse20": 0.0, "large_room_potter0_20": 0.4}
[pair_H] {"steps": 2215936, "elapsed_s": 1809.3, "coordination_ring_sparse20": 101.0, "coordination_ring_potter0_20": 0.0, "large_room_sparse20": 0.0, "large_room_potter0_20": 0.4}
[pair_H] {"steps": 2217984, "elapsed_s": 1810.6, "coordination_ring_sparse20": 99.0, "coordination_ring_potter0_20": 0.0, "large_room_sparse20": 0.0, "large_room_potter0_20": 0.4}
[pair_H] {"steps": 2220032, "elapsed_s": 1812.0, "coordination_ring_sparse20": 101.0, "coordination_ring_potter0_20": 0.0, "large_room_sparse20": 0.0, "large_room_potter0_20": 0.4}
[pair_H] {"steps": 2222080, "elapsed_s": 1813.4, "coordination_ring_sparse20": 103.0, "coordination_ring_potter0_20": 0.0, "large_room_sparse20": 0.0, "large_room_potter0_20": 0.4}
[pair_H] {"steps": 2224128, "elapsed_s": 1814.7, "coordination_ring_sparse20": 106.0, "coordination_ring_potter0_20": 0.0, "large_room_sparse20": 0.0, "large_room_potter0_20": 0.4}
[pair_H] {"steps": 2226176, "elapsed_s": 1816.1, "coordination_ring_sparse20": 113.0, "coordination_ring_potter0_20": 0.0, "large_room_sparse20": 0.0, "large_room_potter0_20": 0.4}
[pair_H] {"steps": 2228224, "elapsed_s": 1817.5, "coordination_ring_sparse20": 111.0, "coordination_ring_potter0_20": 0.0, "large_room_sparse20": 0.0, "large_room_potter0_20": 0.4}
[pair_H] {"steps": 2230272, "elapsed_s": 1818.9, "coordination_ring_sparse20": 117.0, "coordination_ring_potter0_20": 0.0, "large_room_sparse20": 0.0, "large_room_potter0_20": 0.45}
[pair_H] {"steps": 2232320, "elapsed_s": 1820.3, "coordination_ring_sparse20": 110.0, "coordination_ring_potter0_20": 0.0, "large_room_sparse20": 0.0, "large_room_potter0_20": 0.45}
[pair_H] {"steps": 2234368, "elapsed_s": 1821.9, "coordination_ring_sparse20": 104.0, "coordination_ring_potter0_20": 0.0, "large_room_sparse20": 0.0, "large_room_potter0_20": 0.55}
[pair_H] {"steps": 2236416, "elapsed_s": 1823.5, "coordination_ring_sparse20": 97.0, "coordination_ring_potter0_20": 0.05, "large_room_sparse20": 0.0, "large_room_potter0_20": 0.6}
[pair_H] {"steps": 2238464, "elapsed_s": 1825.0, "coordination_ring_sparse20": 99.0, "coordination_ring_potter0_20": 0.05, "large_room_sparse20": 0.0, "large_room_potter0_20": 0.65}
[pair_H] {"steps": 2240512, "elapsed_s": 1826.4, "coordination_ring_sparse20": 99.0, "coordination_ring_potter0_20": 0.05, "large_room_sparse20": 0.0, "large_room_potter0_20": 0.55}
[pair_H] {"steps": 2242560, "elapsed_s": 1827.8, "coordination_ring_sparse20": 97.0, "coordination_ring_potter0_20": 0.05, "large_room_sparse20": 0.0, "large_room_potter0_20": 0.55}
[pair_H] {"steps": 2244608, "elapsed_s": 1829.2, "coordination_ring_sparse20": 89.0, "coordination_ring_potter0_20": 0.05, "large_room_sparse20": 0.0, "large_room_potter0_20": 0.55}
[pair_H] {"steps": 2246656, "elapsed_s": 1830.7, "coordination_ring_sparse20": 94.0, "coordination_ring_potter0_20": 0.05, "large_room_sparse20": 0.0, "large_room_potter0_20": 0.5}
[pair_H] {"steps": 2248704, "elapsed_s": 1832.1, "coordination_ring_sparse20": 90.0, "coordination_ring_potter0_20": 0.05, "large_room_sparse20": 0.0, "large_room_potter0_20": 0.45}
[pair_H] {"steps": 2250752, "elapsed_s": 1833.6, "coordination_ring_sparse20": 98.0, "coordination_ring_potter0_20": 0.0, "large_room_sparse20": 0.0, "large_room_potter0_20": 0.45}
[pair_H] {"steps": 2252800, "elapsed_s": 1835.3, "coordination_ring_sparse20": 98.0, "coordination_ring_potter0_20": 0.0, "large_room_sparse20": 0.0, "large_room_potter0_20": 0.5}
[pair_H] {"steps": 2254848, "elapsed_s": 1836.7, "coordination_ring_sparse20": 93.0, "coordination_ring_potter0_20": 0.0, "large_room_sparse20": 0.0, "large_room_potter0_20": 0.5}
[pair_H] {"steps": 2256896, "elapsed_s": 1838.0, "coordination_ring_sparse20": 94.0, "coordination_ring_potter0_20": 0.0, "large_room_sparse20": 0.0, "large_room_potter0_20": 0.55}
[pair_H] {"steps": 2258944, "elapsed_s": 1839.4, "coordination_ring_sparse20": 94.0, "coordination_ring_potter0_20": 0.0, "large_room_sparse20": 0.0, "large_room_potter0_20": 0.55}
[pair_H] {"steps": 2260992, "elapsed_s": 1840.9, "coordination_ring_sparse20": 98.0, "coordination_ring_potter0_20": 0.0, "large_room_sparse20": 0.0, "large_room_potter0_20": 0.5}
[pair_H] {"steps": 2263040, "elapsed_s": 1842.3, "coordination_ring_sparse20": 101.0, "coordination_ring_potter0_20": 0.0, "large_room_sparse20": 0.0, "large_room_potter0_20": 0.55}
[pair_H] {"steps": 2265088, "elapsed_s": 1843.8, "coordination_ring_sparse20": 101.0, "coordination_ring_potter0_20": 0.0, "large_room_sparse20": 0.0, "large_room_potter0_20": 0.55}
[pair_H] {"steps": 2267136, "elapsed_s": 1845.3, "coordination_ring_sparse20": 97.0, "coordination_ring_potter0_20": 0.0, "large_room_sparse20": 0.0, "large_room_potter0_20": 0.55}
[pair_H] {"steps": 2269184, "elapsed_s": 1846.9, "coordination_ring_sparse20": 86.0, "coordination_ring_potter0_20": 0.0, "large_room_sparse20": 0.0, "large_room_potter0_20": 0.55}
[pair_H] {"steps": 2271232, "elapsed_s": 1848.4, "coordination_ring_sparse20": 84.0, "coordination_ring_potter0_20": 0.0, "large_room_sparse20": 0.0, "large_room_potter0_20": 0.55}
[pair_H] {"steps": 2273280, "elapsed_s": 1849.9, "coordination_ring_sparse20": 73.0, "coordination_ring_potter0_20": 0.0, "large_room_sparse20": 0.0, "large_room_potter0_20": 0.55}
[pair_H] {"steps": 2275328, "elapsed_s": 1851.7, "coordination_ring_sparse20": 67.0, "coordination_ring_potter0_20": 0.0, "large_room_sparse20": 0.0, "large_room_potter0_20": 0.55}
[pair_H] {"steps": 2277376, "elapsed_s": 1853.3, "coordination_ring_sparse20": 62.0, "coordination_ring_potter0_20": 0.0, "large_room_sparse20": 0.0, "large_room_potter0_20": 0.5}
[pair_H] {"steps": 2279424, "elapsed_s": 1854.8, "coordination_ring_sparse20": 61.0, "coordination_ring_potter0_20": 0.0, "large_room_sparse20": 0.0, "large_room_potter0_20": 0.45}
[pair_H] {"steps": 2281472, "elapsed_s": 1856.3, "coordination_ring_sparse20": 63.0, "coordination_ring_potter0_20": 0.0, "large_room_sparse20": 0.0, "large_room_potter0_20": 0.45}
[pair_H] {"steps": 2283520, "elapsed_s": 1857.9, "coordination_ring_sparse20": 62.0, "coordination_ring_potter0_20": 0.0, "large_room_sparse20": 0.0, "large_room_potter0_20": 0.45}
[pair_H] {"steps": 2285568, "elapsed_s": 1859.5, "coordination_ring_sparse20": 63.0, "coordination_ring_potter0_20": 0.0, "large_room_sparse20": 0.0, "large_room_potter0_20": 0.4}
[pair_H] {"steps": 2287616, "elapsed_s": 1861.0, "coordination_ring_sparse20": 69.0, "coordination_ring_potter0_20": 0.0, "large_room_sparse20": 0.0, "large_room_potter0_20": 0.4}
[pair_H] {"steps": 2289664, "elapsed_s": 1863.2, "coordination_ring_sparse20": 78.0, "coordination_ring_potter0_20": 0.0, "large_room_sparse20": 0.0, "large_room_potter0_20": 0.35}
[pair_H] {"steps": 2291712, "elapsed_s": 1864.8, "coordination_ring_sparse20": 81.0, "coordination_ring_potter0_20": 0.05, "large_room_sparse20": 0.0, "large_room_potter0_20": 0.35}
[pair_H] {"steps": 2293760, "elapsed_s": 1866.4, "coordination_ring_sparse20": 85.0, "coordination_ring_potter0_20": 0.05, "large_room_sparse20": 0.0, "large_room_potter0_20": 0.4}
[pair_H] {"steps": 2295808, "elapsed_s": 1867.9, "coordination_ring_sparse20": 92.0, "coordination_ring_potter0_20": 0.05, "large_room_sparse20": 0.0, "large_room_potter0_20": 0.45}
[pair_H] {"steps": 2297856, "elapsed_s": 1869.4, "coordination_ring_sparse20": 96.0, "coordination_ring_potter0_20": 0.05, "large_room_sparse20": 0.0, "large_room_potter0_20": 0.45}
[pair_H] {"steps": 2299904, "elapsed_s": 1871.0, "coordination_ring_sparse20": 98.0, "coordination_ring_potter0_20": 0.05, "large_room_sparse20": 0.0, "large_room_potter0_20": 0.45}
[pair_H] {"steps": 2301952, "elapsed_s": 1872.5, "coordination_ring_sparse20": 101.0, "coordination_ring_potter0_20": 0.05, "large_room_sparse20": 0.0, "large_room_potter0_20": 0.45}
[pair_H] {"steps": 2304000, "elapsed_s": 1874.0, "coordination_ring_sparse20": 105.0, "coordination_ring_potter0_20": 0.05, "large_room_sparse20": 0.0, "large_room_potter0_20": 0.45}
[pair_H] {"steps": 2306048, "elapsed_s": 1875.6, "coordination_ring_sparse20": 108.0, "coordination_ring_potter0_20": 0.0, "large_room_sparse20": 0.0, "large_room_potter0_20": 0.45}
[pair_H] {"steps": 2308096, "elapsed_s": 1877.2, "coordination_ring_sparse20": 105.0, "coordination_ring_potter0_20": 0.0, "large_room_sparse20": 0.0, "large_room_potter0_20": 0.45}
[pair_H] {"steps": 2310144, "elapsed_s": 1878.7, "coordination_ring_sparse20": 102.0, "coordination_ring_potter0_20": 0.0, "large_room_sparse20": 0.0, "large_room_potter0_20": 0.45}
[pair_H] {"steps": 2312192, "elapsed_s": 1880.1, "coordination_ring_sparse20": 101.0, "coordination_ring_potter0_20": 0.0, "large_room_sparse20": 0.0, "large_room_potter0_20": 0.45}
[pair_H] {"steps": 2314240, "elapsed_s": 1881.5, "coordination_ring_sparse20": 104.0, "coordination_ring_potter0_20": 0.05, "large_room_sparse20": 0.0, "large_room_potter0_20": 0.45}
[pair_H] {"steps": 2316288, "elapsed_s": 1882.9, "coordination_ring_sparse20": 103.0, "coordination_ring_potter0_20": 0.05, "large_room_sparse20": 0.0, "large_room_potter0_20": 0.45}
[pair_H] {"steps": 2318336, "elapsed_s": 1884.5, "coordination_ring_sparse20": 99.0, "coordination_ring_potter0_20": 0.05, "large_room_sparse20": 0.0, "large_room_potter0_20": 0.45}
[pair_H] {"steps": 2320384, "elapsed_s": 1886.0, "coordination_ring_sparse20": 96.0, "coordination_ring_potter0_20": 0.05, "large_room_sparse20": 0.0, "large_room_potter0_20": 0.4}
[pair_H] {"steps": 2322432, "elapsed_s": 1887.4, "coordination_ring_sparse20": 97.0, "coordination_ring_potter0_20": 0.05, "large_room_sparse20": 0.0, "large_room_potter0_20": 0.45}
[pair_H] {"steps": 2324480, "elapsed_s": 1888.8, "coordination_ring_sparse20": 98.0, "coordination_ring_potter0_20": 0.05, "large_room_sparse20": 0.0, "large_room_potter0_20": 0.45}
[pair_H] {"steps": 2326528, "elapsed_s": 1890.2, "coordination_ring_sparse20": 101.0, "coordination_ring_potter0_20": 0.05, "large_room_sparse20": 0.0, "large_room_potter0_20": 0.45}
[pair_H] {"steps": 2328576, "elapsed_s": 1891.7, "coordination_ring_sparse20": 98.0, "coordination_ring_potter0_20": 0.0, "large_room_sparse20": 0.0, "large_room_potter0_20": 0.45}
[pair_H] {"steps": 2330624, "elapsed_s": 1893.1, "coordination_ring_sparse20": 98.0, "coordination_ring_potter0_20": 0.0, "large_room_sparse20": 0.0, "large_room_potter0_20": 0.55}
[pair_H] {"steps": 2332672, "elapsed_s": 1894.6, "coordination_ring_sparse20": 104.0, "coordination_ring_potter0_20": 0.0, "large_room_sparse20": 0.0, "large_room_potter0_20": 0.55}
[pair_H] {"steps": 2334720, "elapsed_s": 1896.1, "coordination_ring_sparse20": 106.0, "coordination_ring_potter0_20": 0.0, "large_room_sparse20": 0.0, "large_room_potter0_20": 0.6}
[pair_H] {"steps": 2336768, "elapsed_s": 1897.5, "coordination_ring_sparse20": 105.0, "coordination_ring_potter0_20": 0.0, "large_room_sparse20": 0.0, "large_room_potter0_20": 0.65}
[pair_H] {"steps": 2338816, "elapsed_s": 1899.0, "coordination_ring_sparse20": 108.0, "coordination_ring_potter0_20": 0.0, "large_room_sparse20": 0.0, "large_room_potter0_20": 0.7}
[pair_H] {"steps": 2340864, "elapsed_s": 1900.5, "coordination_ring_sparse20": 108.0, "coordination_ring_potter0_20": 0.0, "large_room_sparse20": 0.0, "large_room_potter0_20": 0.7}
[pair_H] {"steps": 2342912, "elapsed_s": 1902.0, "coordination_ring_sparse20": 108.0, "coordination_ring_potter0_20": 0.0, "large_room_sparse20": 0.0, "large_room_potter0_20": 0.65}
[pair_H] {"steps": 2344960, "elapsed_s": 1903.6, "coordination_ring_sparse20": 102.0, "coordination_ring_potter0_20": 0.0, "large_room_sparse20": 0.0, "large_room_potter0_20": 0.65}
[pair_H] {"steps": 2347008, "elapsed_s": 1905.0, "coordination_ring_sparse20": 91.0, "coordination_ring_potter0_20": 0.0, "large_room_sparse20": 0.0, "large_room_potter0_20": 0.65}
[pair_H] {"steps": 2349056, "elapsed_s": 1906.5, "coordination_ring_sparse20": 81.0, "coordination_ring_potter0_20": 0.0, "large_room_sparse20": 0.0, "large_room_potter0_20": 0.65}
[pair_H] {"steps": 2351104, "elapsed_s": 1907.8, "coordination_ring_sparse20": 73.0, "coordination_ring_potter0_20": 0.0, "large_room_sparse20": 0.0, "large_room_potter0_20": 0.65}
[pair_H] {"steps": 2353152, "elapsed_s": 1909.2, "coordination_ring_sparse20": 73.0, "coordination_ring_potter0_20": 0.0, "large_room_sparse20": 0.0, "large_room_potter0_20": 0.65}
[pair_H] {"steps": 2355200, "elapsed_s": 1910.6, "coordination_ring_sparse20": 66.0, "coordination_ring_potter0_20": 0.0, "large_room_sparse20": 0.0, "large_room_potter0_20": 0.7}
[pair_H] {"steps": 2357248, "elapsed_s": 1911.9, "coordination_ring_sparse20": 73.0, "coordination_ring_potter0_20": 0.0, "large_room_sparse20": 0.0, "large_room_potter0_20": 0.65}
[pair_H] {"steps": 2359296, "elapsed_s": 1913.4, "coordination_ring_sparse20": 80.0, "coordination_ring_potter0_20": 0.0, "large_room_sparse20": 0.0, "large_room_potter0_20": 0.7}
[pair_H] {"steps": 2361344, "elapsed_s": 1914.7, "coordination_ring_sparse20": 84.0, "coordination_ring_potter0_20": 0.0, "large_room_sparse20": 0.0, "large_room_potter0_20": 0.7}
[pair_H] {"steps": 2363392, "elapsed_s": 1916.1, "coordination_ring_sparse20": 81.0, "coordination_ring_potter0_20": 0.0, "large_room_sparse20": 0.0, "large_room_potter0_20": 0.7}
[pair_H] {"steps": 2365440, "elapsed_s": 1917.4, "coordination_ring_sparse20": 87.0, "coordination_ring_potter0_20": 0.0, "large_room_sparse20": 0.0, "large_room_potter0_20": 0.7}
[pair_H] {"steps": 2367488, "elapsed_s": 1918.8, "coordination_ring_sparse20": 88.0, "coordination_ring_potter0_20": 0.0, "large_room_sparse20": 0.0, "large_room_potter0_20": 0.7}
[pair_H] {"steps": 2369536, "elapsed_s": 1920.2, "coordination_ring_sparse20": 84.0, "coordination_ring_potter0_20": 0.0, "large_room_sparse20": 0.0, "large_room_potter0_20": 0.7}
[pair_H] {"steps": 2371584, "elapsed_s": 1921.6, "coordination_ring_sparse20": 91.0, "coordination_ring_potter0_20": 0.0, "large_room_sparse20": 0.0, "large_room_potter0_20": 0.7}
[pair_H] {"steps": 2373632, "elapsed_s": 1923.1, "coordination_ring_sparse20": 90.0, "coordination_ring_potter0_20": 0.0, "large_room_sparse20": 0.0, "large_room_potter0_20": 0.7}
[pair_H] {"steps": 2375680, "elapsed_s": 1924.5, "coordination_ring_sparse20": 92.0, "coordination_ring_potter0_20": 0.0, "large_room_sparse20": 0.0, "large_room_potter0_20": 0.65}
[pair_H] {"steps": 2377728, "elapsed_s": 1926.0, "coordination_ring_sparse20": 97.0, "coordination_ring_potter0_20": 0.0, "large_room_sparse20": 0.0, "large_room_potter0_20": 0.6}
[pair_H] {"steps": 2379776, "elapsed_s": 1927.4, "coordination_ring_sparse20": 96.0, "coordination_ring_potter0_20": 0.0, "large_room_sparse20": 0.0, "large_room_potter0_20": 0.6}
[pair_H] {"steps": 2381824, "elapsed_s": 1928.9, "coordination_ring_sparse20": 93.0, "coordination_ring_potter0_20": 0.0, "large_room_sparse20": 0.0, "large_room_potter0_20": 0.55}
[pair_H] {"steps": 2383872, "elapsed_s": 1930.3, "coordination_ring_sparse20": 97.0, "coordination_ring_potter0_20": 0.0, "large_room_sparse20": 0.0, "large_room_potter0_20": 0.5}
[pair_H] {"steps": 2385920, "elapsed_s": 1931.7, "coordination_ring_sparse20": 98.0, "coordination_ring_potter0_20": 0.0, "large_room_sparse20": 0.0, "large_room_potter0_20": 0.5}
[pair_H] {"steps": 2387968, "elapsed_s": 1933.1, "coordination_ring_sparse20": 95.0, "coordination_ring_potter0_20": 0.05, "large_room_sparse20": 0.0, "large_room_potter0_20": 0.5}
[pair_H] {"steps": 2390016, "elapsed_s": 1934.5, "coordination_ring_sparse20": 94.0, "coordination_ring_potter0_20": 0.05, "large_room_sparse20": 0.0, "large_room_potter0_20": 0.5}
[pair_H] {"steps": 2392064, "elapsed_s": 1935.9, "coordination_ring_sparse20": 95.0, "coordination_ring_potter0_20": 0.05, "large_room_sparse20": 0.0, "large_room_potter0_20": 0.4}
[pair_H] {"steps": 2394112, "elapsed_s": 1937.4, "coordination_ring_sparse20": 96.0, "coordination_ring_potter0_20": 0.05, "large_room_sparse20": 0.0, "large_room_potter0_20": 0.4}
[pair_H] {"steps": 2396160, "elapsed_s": 1938.9, "coordination_ring_sparse20": 95.0, "coordination_ring_potter0_20": 0.05, "large_room_sparse20": 0.0, "large_room_potter0_20": 0.4}
[pair_H] {"steps": 2398208, "elapsed_s": 1940.5, "coordination_ring_sparse20": 94.0, "coordination_ring_potter0_20": 0.05, "large_room_sparse20": 0.0, "large_room_potter0_20": 0.4}
[pair_H] {"steps": 2400256, "elapsed_s": 1941.9, "coordination_ring_sparse20": 94.0, "coordination_ring_potter0_20": 0.05, "large_room_sparse20": 0.0, "large_room_potter0_20": 0.4}
[pair_H] {"steps": 2402304, "elapsed_s": 1943.3, "coordination_ring_sparse20": 100.0, "coordination_ring_potter0_20": 0.0, "large_room_sparse20": 0.0, "large_room_potter0_20": 0.35}
[pair_H] {"steps": 2404352, "elapsed_s": 1944.7, "coordination_ring_sparse20": 98.0, "coordination_ring_potter0_20": 0.0, "large_room_sparse20": 0.0, "large_room_potter0_20": 0.35}
[pair_H] {"steps": 2406400, "elapsed_s": 1946.1, "coordination_ring_sparse20": 97.0, "coordination_ring_potter0_20": 0.0, "large_room_sparse20": 0.0, "large_room_potter0_20": 0.35}
[pair_H] {"steps": 2408448, "elapsed_s": 1947.5, "coordination_ring_sparse20": 96.0, "coordination_ring_potter0_20": 0.0, "large_room_sparse20": 0.0, "large_room_potter0_20": 0.3}
[pair_H] {"steps": 2410496, "elapsed_s": 1948.9, "coordination_ring_sparse20": 112.0, "coordination_ring_potter0_20": 0.0, "large_room_sparse20": 0.0, "large_room_potter0_20": 0.3}
[pair_H] {"steps": 2412544, "elapsed_s": 1950.4, "coordination_ring_sparse20": 108.0, "coordination_ring_potter0_20": 0.0, "large_room_sparse20": 0.0, "large_room_potter0_20": 0.3}
[pair_H] {"steps": 2414592, "elapsed_s": 1951.8, "coordination_ring_sparse20": 107.0, "coordination_ring_potter0_20": 0.0, "large_room_sparse20": 0.0, "large_room_potter0_20": 0.3}
[pair_H] {"steps": 2416640, "elapsed_s": 1953.3, "coordination_ring_sparse20": 107.0, "coordination_ring_potter0_20": 0.0, "large_room_sparse20": 0.0, "large_room_potter0_20": 0.3}
[pair_H] {"steps": 2418688, "elapsed_s": 1955.3, "coordination_ring_sparse20": 109.0, "coordination_ring_potter0_20": 0.0, "large_room_sparse20": 0.0, "large_room_potter0_20": 0.35}
[pair_H] {"steps": 2420736, "elapsed_s": 1956.8, "coordination_ring_sparse20": 113.0, "coordination_ring_potter0_20": 0.0, "large_room_sparse20": 0.0, "large_room_potter0_20": 0.35}
[pair_H] {"steps": 2422784, "elapsed_s": 1958.3, "coordination_ring_sparse20": 115.0, "coordination_ring_potter0_20": 0.0, "large_room_sparse20": 0.0, "large_room_potter0_20": 0.35}
[pair_H] {"steps": 2424832, "elapsed_s": 1959.7, "coordination_ring_sparse20": 115.0, "coordination_ring_potter0_20": 0.0, "large_room_sparse20": 0.0, "large_room_potter0_20": 0.35}
[pair_H] {"steps": 2426880, "elapsed_s": 1961.1, "coordination_ring_sparse20": 112.0, "coordination_ring_potter0_20": 0.05, "large_room_sparse20": 0.0, "large_room_potter0_20": 0.35}
[pair_H] {"steps": 2428928, "elapsed_s": 1962.6, "coordination_ring_sparse20": 111.0, "coordination_ring_potter0_20": 0.05, "large_room_sparse20": 0.0, "large_room_potter0_20": 0.35}
[pair_H] {"steps": 2430976, "elapsed_s": 1964.0, "coordination_ring_sparse20": 110.0, "coordination_ring_potter0_20": 0.05, "large_room_sparse20": 0.0, "large_room_potter0_20": 0.45}
[pair_H] {"steps": 2433024, "elapsed_s": 1965.4, "coordination_ring_sparse20": 111.0, "coordination_ring_potter0_20": 0.05, "large_room_sparse20": 0.0, "large_room_potter0_20": 0.45}
[pair_H] {"steps": 2435072, "elapsed_s": 1966.9, "coordination_ring_sparse20": 107.0, "coordination_ring_potter0_20": 0.05, "large_room_sparse20": 0.0, "large_room_potter0_20": 0.45}
[pair_H] {"steps": 2437120, "elapsed_s": 1968.3, "coordination_ring_sparse20": 103.0, "coordination_ring_potter0_20": 0.05, "large_room_sparse20": 0.0, "large_room_potter0_20": 0.4}
[pair_H] {"steps": 2439168, "elapsed_s": 1969.7, "coordination_ring_sparse20": 102.0, "coordination_ring_potter0_20": 0.05, "large_room_sparse20": 0.0, "large_room_potter0_20": 0.45}
[pair_H] {"steps": 2441216, "elapsed_s": 1971.1, "coordination_ring_sparse20": 100.0, "coordination_ring_potter0_20": 0.05, "large_room_sparse20": 0.0, "large_room_potter0_20": 0.35}
[pair_H] {"steps": 2443264, "elapsed_s": 1972.6, "coordination_ring_sparse20": 100.0, "coordination_ring_potter0_20": 0.05, "large_room_sparse20": 0.0, "large_room_potter0_20": 0.35}
[pair_H] {"steps": 2445312, "elapsed_s": 1974.0, "coordination_ring_sparse20": 100.0, "coordination_ring_potter0_20": 0.05, "large_room_sparse20": 0.0, "large_room_potter0_20": 0.35}
[pair_H] {"steps": 2447360, "elapsed_s": 1975.3, "coordination_ring_sparse20": 99.0, "coordination_ring_potter0_20": 0.05, "large_room_sparse20": 0.0, "large_room_potter0_20": 0.35}
[pair_H] {"steps": 2449408, "elapsed_s": 1976.7, "coordination_ring_sparse20": 93.0, "coordination_ring_potter0_20": 0.0, "large_room_sparse20": 0.0, "large_room_potter0_20": 0.35}
[pair_H] {"steps": 2451456, "elapsed_s": 1978.0, "coordination_ring_sparse20": 94.0, "coordination_ring_potter0_20": 0.0, "large_room_sparse20": 0.0, "large_room_potter0_20": 0.35}
[pair_H] {"steps": 2453504, "elapsed_s": 1979.6, "coordination_ring_sparse20": 92.0, "coordination_ring_potter0_20": 0.0, "large_room_sparse20": 0.0, "large_room_potter0_20": 0.35}
[pair_H] {"steps": 2455552, "elapsed_s": 1981.0, "coordination_ring_sparse20": 93.0, "coordination_ring_potter0_20": 0.0, "large_room_sparse20": 0.0, "large_room_potter0_20": 0.3}
[pair_H] {"steps": 2457600, "elapsed_s": 1982.5, "coordination_ring_sparse20": 93.0, "coordination_ring_potter0_20": 0.0, "large_room_sparse20": 0.0, "large_room_potter0_20": 0.5}
[pair_H] {"steps": 2459648, "elapsed_s": 1983.9, "coordination_ring_sparse20": 90.0, "coordination_ring_potter0_20": 0.0, "large_room_sparse20": 0.0, "large_room_potter0_20": 0.55}
[pair_H] {"steps": 2461696, "elapsed_s": 1985.3, "coordination_ring_sparse20": 90.0, "coordination_ring_potter0_20": 0.0, "large_room_sparse20": 0.0, "large_room_potter0_20": 0.55}
[pair_H] {"steps": 2463744, "elapsed_s": 1986.9, "coordination_ring_sparse20": 90.0, "coordination_ring_potter0_20": 0.0, "large_room_sparse20": 0.0, "large_room_potter0_20": 0.55}
[pair_H] {"steps": 2465792, "elapsed_s": 1988.2, "coordination_ring_sparse20": 84.0, "coordination_ring_potter0_20": 0.0, "large_room_sparse20": 0.0, "large_room_potter0_20": 0.55}
[pair_H] {"steps": 2467840, "elapsed_s": 1989.6, "coordination_ring_sparse20": 80.0, "coordination_ring_potter0_20": 0.0, "large_room_sparse20": 0.0, "large_room_potter0_20": 0.55}
[pair_H] {"steps": 2469888, "elapsed_s": 1991.1, "coordination_ring_sparse20": 80.0, "coordination_ring_potter0_20": 0.0, "large_room_sparse20": 0.0, "large_room_potter0_20": 0.5}
[pair_H] {"steps": 2471936, "elapsed_s": 1992.5, "coordination_ring_sparse20": 67.0, "coordination_ring_potter0_20": 0.0, "large_room_sparse20": 0.0, "large_room_potter0_20": 0.5}
[pair_H] {"steps": 2473984, "elapsed_s": 1993.9, "coordination_ring_sparse20": 63.0, "coordination_ring_potter0_20": 0.0, "large_room_sparse20": 0.0, "large_room_potter0_20": 0.45}
[pair_H] {"steps": 2476032, "elapsed_s": 1995.4, "coordination_ring_sparse20": 63.0, "coordination_ring_potter0_20": 0.05, "large_room_sparse20": 0.0, "large_room_potter0_20": 0.45}
[pair_H] {"steps": 2478080, "elapsed_s": 1997.1, "coordination_ring_sparse20": 64.0, "coordination_ring_potter0_20": 0.1, "large_room_sparse20": 0.0, "large_room_potter0_20": 0.45}
[pair_H] {"steps": 2480128, "elapsed_s": 1998.8, "coordination_ring_sparse20": 63.0, "coordination_ring_potter0_20": 0.1, "large_room_sparse20": 0.0, "large_room_potter0_20": 0.45}
[pair_H] {"steps": 2482176, "elapsed_s": 2000.2, "coordination_ring_sparse20": 59.0, "coordination_ring_potter0_20": 0.1, "large_room_sparse20": 0.0, "large_room_potter0_20": 0.45}
[pair_H] {"steps": 2484224, "elapsed_s": 2001.5, "coordination_ring_sparse20": 57.0, "coordination_ring_potter0_20": 0.1, "large_room_sparse20": 0.0, "large_room_potter0_20": 0.4}
[pair_H] {"steps": 2486272, "elapsed_s": 2003.3, "coordination_ring_sparse20": 60.0, "coordination_ring_potter0_20": 0.15, "large_room_sparse20": 0.0, "large_room_potter0_20": 0.4}
[pair_H] {"steps": 2488320, "elapsed_s": 2004.7, "coordination_ring_sparse20": 60.0, "coordination_ring_potter0_20": 0.15, "large_room_sparse20": 0.0, "large_room_potter0_20": 0.4}
[pair_H] {"steps": 2490368, "elapsed_s": 2006.2, "coordination_ring_sparse20": 64.0, "coordination_ring_potter0_20": 0.15, "large_room_sparse20": 0.0, "large_room_potter0_20": 0.4}
[pair_H] {"steps": 2492416, "elapsed_s": 2007.7, "coordination_ring_sparse20": 71.0, "coordination_ring_potter0_20": 0.15, "large_room_sparse20": 0.0, "large_room_potter0_20": 0.3}
[pair_H] {"steps": 2494464, "elapsed_s": 2009.1, "coordination_ring_sparse20": 74.0, "coordination_ring_potter0_20": 0.15, "large_room_sparse20": 0.0, "large_room_potter0_20": 0.3}
[pair_H] {"steps": 2496512, "elapsed_s": 2010.7, "coordination_ring_sparse20": 69.0, "coordination_ring_potter0_20": 0.15, "large_room_sparse20": 0.0, "large_room_potter0_20": 0.25}
[pair_H] {"steps": 2498560, "elapsed_s": 2012.1, "coordination_ring_sparse20": 67.0, "coordination_ring_potter0_20": 0.05, "large_room_sparse20": 0.0, "large_room_potter0_20": 0.25}
[pair_H] {"steps": 2500608, "elapsed_s": 2014.1, "coordination_ring_sparse20": 71.0, "coordination_ring_potter0_20": 0.1, "large_room_sparse20": 0.0, "large_room_potter0_20": 0.25}
[pair_H] {"steps": 2502656, "elapsed_s": 2015.5, "coordination_ring_sparse20": 67.0, "coordination_ring_potter0_20": 0.1, "large_room_sparse20": 0.0, "large_room_potter0_20": 0.25}
[pair_H] {"steps": 2504704, "elapsed_s": 2016.8, "coordination_ring_sparse20": 61.0, "coordination_ring_potter0_20": 0.1, "large_room_sparse20": 0.0, "large_room_potter0_20": 0.25}
[pair_H] {"steps": 2506752, "elapsed_s": 2018.2, "coordination_ring_sparse20": 58.0, "coordination_ring_potter0_20": 0.05, "large_room_sparse20": 0.0, "large_room_potter0_20": 0.25}
[pair_H] {"steps": 2508800, "elapsed_s": 2019.6, "coordination_ring_sparse20": 58.0, "coordination_ring_potter0_20": 0.1, "large_room_sparse20": 0.0, "large_room_potter0_20": 0.25}
[pair_H] {"steps": 2510848, "elapsed_s": 2021.1, "coordination_ring_sparse20": 65.0, "coordination_ring_potter0_20": 0.1, "large_room_sparse20": 0.0, "large_room_potter0_20": 0.3}
[pair_H] {"steps": 2512896, "elapsed_s": 2022.4, "coordination_ring_sparse20": 70.0, "coordination_ring_potter0_20": 0.15, "large_room_sparse20": 0.0, "large_room_potter0_20": 0.3}
[pair_H] {"steps": 2514944, "elapsed_s": 2023.9, "coordination_ring_sparse20": 66.0, "coordination_ring_potter0_20": 0.1, "large_room_sparse20": 0.0, "large_room_potter0_20": 0.35}
[pair_H] {"steps": 2516992, "elapsed_s": 2025.4, "coordination_ring_sparse20": 76.0, "coordination_ring_potter0_20": 0.1, "large_room_sparse20": 0.0, "large_room_potter0_20": 0.4}
[pair_H] {"steps": 2519040, "elapsed_s": 2026.9, "coordination_ring_sparse20": 85.0, "coordination_ring_potter0_20": 0.15, "large_room_sparse20": 0.0, "large_room_potter0_20": 0.45}
[pair_H] {"steps": 2521088, "elapsed_s": 2028.4, "coordination_ring_sparse20": 85.0, "coordination_ring_potter0_20": 0.15, "large_room_sparse20": 0.0, "large_room_potter0_20": 0.45}
[pair_H] {"steps": 2523136, "elapsed_s": 2029.9, "coordination_ring_sparse20": 88.0, "coordination_ring_potter0_20": 0.15, "large_room_sparse20": 0.0, "large_room_potter0_20": 0.5}
[pair_H] {"steps": 2525184, "elapsed_s": 2031.2, "coordination_ring_sparse20": 92.0, "coordination_ring_potter0_20": 0.1, "large_room_sparse20": 0.0, "large_room_potter0_20": 0.5}
[pair_H] {"steps": 2527232, "elapsed_s": 2032.6, "coordination_ring_sparse20": 94.0, "coordination_ring_potter0_20": 0.1, "large_room_sparse20": 0.0, "large_room_potter0_20": 0.45}
[pair_H] {"steps": 2529280, "elapsed_s": 2034.1, "coordination_ring_sparse20": 105.0, "coordination_ring_potter0_20": 0.05, "large_room_sparse20": 0.0, "large_room_potter0_20": 0.45}
[pair_H] {"steps": 2531328, "elapsed_s": 2035.5, "coordination_ring_sparse20": 101.0, "coordination_ring_potter0_20": 0.05, "large_room_sparse20": 0.0, "large_room_potter0_20": 0.45}
[pair_H] {"steps": 2533376, "elapsed_s": 2036.8, "coordination_ring_sparse20": 101.0, "coordination_ring_potter0_20": 0.05, "large_room_sparse20": 0.0, "large_room_potter0_20": 0.5}
[pair_H] {"steps": 2535424, "elapsed_s": 2038.2, "coordination_ring_sparse20": 101.0, "coordination_ring_potter0_20": 0.0, "large_room_sparse20": 0.0, "large_room_potter0_20": 0.5}
[pair_H] {"steps": 2537472, "elapsed_s": 2039.7, "coordination_ring_sparse20": 100.0, "coordination_ring_potter0_20": 0.0, "large_room_sparse20": 0.0, "large_room_potter0_20": 0.5}
[pair_H] {"steps": 2539520, "elapsed_s": 2041.2, "coordination_ring_sparse20": 99.0, "coordination_ring_potter0_20": 0.0, "large_room_sparse20": 0.0, "large_room_potter0_20": 0.55}
[pair_H] {"steps": 2541568, "elapsed_s": 2042.6, "coordination_ring_sparse20": 95.0, "coordination_ring_potter0_20": 0.0, "large_room_sparse20": 0.0, "large_room_potter0_20": 0.55}
[pair_H] {"steps": 2543616, "elapsed_s": 2044.1, "coordination_ring_sparse20": 98.0, "coordination_ring_potter0_20": 0.0, "large_room_sparse20": 0.0, "large_room_potter0_20": 0.55}
[pair_H] {"steps": 2545664, "elapsed_s": 2045.7, "coordination_ring_sparse20": 98.0, "coordination_ring_potter0_20": 0.0, "large_room_sparse20": 0.0, "large_room_potter0_20": 0.6}
[pair_H] {"steps": 2547712, "elapsed_s": 2047.1, "coordination_ring_sparse20": 97.0, "coordination_ring_potter0_20": 0.0, "large_room_sparse20": 0.0, "large_room_potter0_20": 0.65}
[pair_H] {"steps": 2549760, "elapsed_s": 2048.5, "coordination_ring_sparse20": 96.0, "coordination_ring_potter0_20": 0.0, "large_room_sparse20": 0.0, "large_room_potter0_20": 0.6}
[pair_H] {"steps": 2551808, "elapsed_s": 2050.0, "coordination_ring_sparse20": 96.0, "coordination_ring_potter0_20": 0.0, "large_room_sparse20": 0.0, "large_room_potter0_20": 0.6}
[pair_H] {"steps": 2553856, "elapsed_s": 2051.6, "coordination_ring_sparse20": 97.0, "coordination_ring_potter0_20": 0.0, "large_room_sparse20": 0.0, "large_room_potter0_20": 0.65}
[pair_H] {"steps": 2555904, "elapsed_s": 2053.1, "coordination_ring_sparse20": 100.0, "coordination_ring_potter0_20": 0.0, "large_room_sparse20": 0.0, "large_room_potter0_20": 0.6}
[pair_H] {"steps": 2557952, "elapsed_s": 2054.6, "coordination_ring_sparse20": 99.0, "coordination_ring_potter0_20": 0.0, "large_room_sparse20": 0.0, "large_room_potter0_20": 0.6}
[pair_H] {"steps": 2560000, "elapsed_s": 2056.2, "coordination_ring_sparse20": 99.0, "coordination_ring_potter0_20": 0.0, "large_room_sparse20": 0.0, "large_room_potter0_20": 0.6}
[pair_H] {"steps": 2562048, "elapsed_s": 2057.7, "coordination_ring_sparse20": 97.0, "coordination_ring_potter0_20": 0.0, "large_room_sparse20": 0.0, "large_room_potter0_20": 0.6}
[pair_H] {"steps": 2564096, "elapsed_s": 2059.1, "coordination_ring_sparse20": 97.0, "coordination_ring_potter0_20": 0.0, "large_room_sparse20": 0.0, "large_room_potter0_20": 0.6}
[pair_H] {"steps": 2566144, "elapsed_s": 2060.5, "coordination_ring_sparse20": 90.0, "coordination_ring_potter0_20": 0.0, "large_room_sparse20": 0.0, "large_room_potter0_20": 0.55}
[pair_H] {"steps": 2568192, "elapsed_s": 2061.9, "coordination_ring_sparse20": 86.0, "coordination_ring_potter0_20": 0.0, "large_room_sparse20": 0.0, "large_room_potter0_20": 0.45}
[pair_H] {"steps": 2570240, "elapsed_s": 2063.3, "coordination_ring_sparse20": 81.0, "coordination_ring_potter0_20": 0.0, "large_room_sparse20": 0.0, "large_room_potter0_20": 0.4}
[pair_H] {"steps": 2572288, "elapsed_s": 2064.6, "coordination_ring_sparse20": 74.0, "coordination_ring_potter0_20": 0.0, "large_room_sparse20": 0.0, "large_room_potter0_20": 0.4}
[pair_H] {"steps": 2574336, "elapsed_s": 2066.0, "coordination_ring_sparse20": 73.0, "coordination_ring_potter0_20": 0.0, "large_room_sparse20": 0.0, "large_room_potter0_20": 0.45}
[pair_H] {"steps": 2576384, "elapsed_s": 2067.5, "coordination_ring_sparse20": 75.0, "coordination_ring_potter0_20": 0.0, "large_room_sparse20": 0.0, "large_room_potter0_20": 0.45}
[pair_H] {"steps": 2578432, "elapsed_s": 2068.9, "coordination_ring_sparse20": 77.0, "coordination_ring_potter0_20": 0.0, "large_room_sparse20": 0.0, "large_room_potter0_20": 0.55}
[pair_H] {"steps": 2580480, "elapsed_s": 2070.3, "coordination_ring_sparse20": 82.0, "coordination_ring_potter0_20": 0.0, "large_room_sparse20": 0.0, "large_room_potter0_20": 0.55}
[pair_H] {"steps": 2582528, "elapsed_s": 2071.7, "coordination_ring_sparse20": 90.0, "coordination_ring_potter0_20": 0.0, "large_room_sparse20": 0.0, "large_room_potter0_20": 0.5}
[pair_H] {"steps": 2584576, "elapsed_s": 2073.1, "coordination_ring_sparse20": 95.0, "coordination_ring_potter0_20": 0.0, "large_room_sparse20": 0.0, "large_room_potter0_20": 0.5}
[pair_H] {"steps": 2586624, "elapsed_s": 2074.4, "coordination_ring_sparse20": 101.0, "coordination_ring_potter0_20": 0.0, "large_room_sparse20": 0.0, "large_room_potter0_20": 0.5}
[pair_H] {"steps": 2588672, "elapsed_s": 2075.8, "coordination_ring_sparse20": 102.0, "coordination_ring_potter0_20": 0.0, "large_room_sparse20": 0.0, "large_room_potter0_20": 0.5}
[pair_H] {"steps": 2590720, "elapsed_s": 2077.3, "coordination_ring_sparse20": 109.0, "coordination_ring_potter0_20": 0.0, "large_room_sparse20": 0.0, "large_room_potter0_20": 0.5}
[pair_H] {"steps": 2592768, "elapsed_s": 2078.9, "coordination_ring_sparse20": 111.0, "coordination_ring_potter0_20": 0.0, "large_room_sparse20": 0.0, "large_room_potter0_20": 0.45}
[pair_H] {"steps": 2594816, "elapsed_s": 2080.5, "coordination_ring_sparse20": 113.0, "coordination_ring_potter0_20": 0.0, "large_room_sparse20": 0.0, "large_room_potter0_20": 0.45}
[pair_H] {"steps": 2596864, "elapsed_s": 2082.0, "coordination_ring_sparse20": 114.0, "coordination_ring_potter0_20": 0.0, "large_room_sparse20": 0.0, "large_room_potter0_20": 0.45}
[pair_H] {"steps": 2598912, "elapsed_s": 2083.4, "coordination_ring_sparse20": 115.0, "coordination_ring_potter0_20": 0.0, "large_room_sparse20": 0.0, "large_room_potter0_20": 0.45}
[pair_H] {"steps": 2600960, "elapsed_s": 2084.9, "coordination_ring_sparse20": 119.0, "coordination_ring_potter0_20": 0.0, "large_room_sparse20": 0.0, "large_room_potter0_20": 0.45}
[pair_H] {"steps": 2603008, "elapsed_s": 2086.2, "coordination_ring_sparse20": 117.0, "coordination_ring_potter0_20": 0.0, "large_room_sparse20": 0.0, "large_room_potter0_20": 0.5}
[pair_H] {"steps": 2605056, "elapsed_s": 2087.7, "coordination_ring_sparse20": 115.0, "coordination_ring_potter0_20": 0.0, "large_room_sparse20": 0.0, "large_room_potter0_20": 0.5}
[pair_H] {"steps": 2607104, "elapsed_s": 2089.0, "coordination_ring_sparse20": 116.0, "coordination_ring_potter0_20": 0.0, "large_room_sparse20": 0.0, "large_room_potter0_20": 0.5}
[pair_H] {"steps": 2609152, "elapsed_s": 2090.5, "coordination_ring_sparse20": 116.0, "coordination_ring_potter0_20": 0.0, "large_room_sparse20": 0.0, "large_room_potter0_20": 0.5}
[pair_H] {"steps": 2611200, "elapsed_s": 2091.9, "coordination_ring_sparse20": 117.0, "coordination_ring_potter0_20": 0.0, "large_room_sparse20": 0.0, "large_room_potter0_20": 0.4}
[pair_H] {"steps": 2613248, "elapsed_s": 2093.4, "coordination_ring_sparse20": 117.0, "coordination_ring_potter0_20": 0.0, "large_room_sparse20": 0.0, "large_room_potter0_20": 0.45}
[pair_H] {"steps": 2615296, "elapsed_s": 2094.9, "coordination_ring_sparse20": 117.0, "coordination_ring_potter0_20": 0.0, "large_room_sparse20": 0.0, "large_room_potter0_20": 0.4}
[pair_H] {"steps": 2617344, "elapsed_s": 2096.3, "coordination_ring_sparse20": 123.0, "coordination_ring_potter0_20": 0.0, "large_room_sparse20": 0.0, "large_room_potter0_20": 0.4}
[pair_H] {"steps": 2619392, "elapsed_s": 2097.6, "coordination_ring_sparse20": 127.0, "coordination_ring_potter0_20": 0.0, "large_room_sparse20": 0.0, "large_room_potter0_20": 0.4}
[pair_H] {"steps": 2621440, "elapsed_s": 2099.1, "coordination_ring_sparse20": 122.0, "coordination_ring_potter0_20": 0.0, "large_room_sparse20": 0.0, "large_room_potter0_20": 0.4}
[pair_H] {"steps": 2623488, "elapsed_s": 2100.4, "coordination_ring_sparse20": 123.0, "coordination_ring_potter0_20": 0.0, "large_room_sparse20": 0.0, "large_room_potter0_20": 0.4}
[pair_H] {"steps": 2625536, "elapsed_s": 2101.8, "coordination_ring_sparse20": 119.0, "coordination_ring_potter0_20": 0.0, "large_room_sparse20": 0.0, "large_room_potter0_20": 0.4}
[pair_H] {"steps": 2627584, "elapsed_s": 2103.3, "coordination_ring_sparse20": 121.0, "coordination_ring_potter0_20": 0.0, "large_room_sparse20": 0.0, "large_room_potter0_20": 0.4}
[pair_H] {"steps": 2629632, "elapsed_s": 2104.9, "coordination_ring_sparse20": 111.0, "coordination_ring_potter0_20": 0.0, "large_room_sparse20": 0.0, "large_room_potter0_20": 0.4}
[pair_H] {"steps": 2631680, "elapsed_s": 2106.3, "coordination_ring_sparse20": 111.0, "coordination_ring_potter0_20": 0.0, "large_room_sparse20": 0.0, "large_room_potter0_20": 0.4}
[pair_H] {"steps": 2633728, "elapsed_s": 2107.8, "coordination_ring_sparse20": 105.0, "coordination_ring_potter0_20": 0.0, "large_room_sparse20": 0.0, "large_room_potter0_20": 0.45}
[pair_H] {"steps": 2635776, "elapsed_s": 2109.3, "coordination_ring_sparse20": 107.0, "coordination_ring_potter0_20": 0.0, "large_room_sparse20": 0.0, "large_room_potter0_20": 0.45}
[pair_H] {"steps": 2637824, "elapsed_s": 2110.9, "coordination_ring_sparse20": 108.0, "coordination_ring_potter0_20": 0.0, "large_room_sparse20": 0.0, "large_room_potter0_20": 0.45}
[pair_H] {"steps": 2639872, "elapsed_s": 2112.3, "coordination_ring_sparse20": 101.0, "coordination_ring_potter0_20": 0.0, "large_room_sparse20": 0.0, "large_room_potter0_20": 0.45}
[pair_H] {"steps": 2641920, "elapsed_s": 2113.8, "coordination_ring_sparse20": 103.0, "coordination_ring_potter0_20": 0.0, "large_room_sparse20": 0.0, "large_room_potter0_20": 0.45}
[pair_H] {"steps": 2643968, "elapsed_s": 2115.2, "coordination_ring_sparse20": 106.0, "coordination_ring_potter0_20": 0.0, "large_room_sparse20": 0.0, "large_room_potter0_20": 0.45}
[pair_H] {"steps": 2646016, "elapsed_s": 2116.5, "coordination_ring_sparse20": 114.0, "coordination_ring_potter0_20": 0.0, "large_room_sparse20": 0.0, "large_room_potter0_20": 0.45}
[pair_H] {"steps": 2648064, "elapsed_s": 2117.9, "coordination_ring_sparse20": 116.0, "coordination_ring_potter0_20": 0.0, "large_room_sparse20": 0.0, "large_room_potter0_20": 0.45}
[pair_H] {"steps": 2650112, "elapsed_s": 2119.4, "coordination_ring_sparse20": 110.0, "coordination_ring_potter0_20": 0.0, "large_room_sparse20": 0.0, "large_room_potter0_20": 0.45}
[pair_H] {"steps": 2652160, "elapsed_s": 2121.0, "coordination_ring_sparse20": 112.0, "coordination_ring_potter0_20": 0.0, "large_room_sparse20": 0.0, "large_room_potter0_20": 0.4}
[pair_H] {"steps": 2654208, "elapsed_s": 2122.5, "coordination_ring_sparse20": 114.0, "coordination_ring_potter0_20": 0.0, "large_room_sparse20": 0.0, "large_room_potter0_20": 0.4}
[pair_H] {"steps": 2656256, "elapsed_s": 2123.9, "coordination_ring_sparse20": 110.0, "coordination_ring_potter0_20": 0.0, "large_room_sparse20": 0.0, "large_room_potter0_20": 0.4}
[pair_H] {"steps": 2658304, "elapsed_s": 2125.4, "coordination_ring_sparse20": 110.0, "coordination_ring_potter0_20": 0.0, "large_room_sparse20": 0.0, "large_room_potter0_20": 0.4}
[pair_H] {"steps": 2660352, "elapsed_s": 2126.9, "coordination_ring_sparse20": 109.0, "coordination_ring_potter0_20": 0.0, "large_room_sparse20": 0.0, "large_room_potter0_20": 0.4}
[pair_H] {"steps": 2662400, "elapsed_s": 2128.5, "coordination_ring_sparse20": 107.0, "coordination_ring_potter0_20": 0.0, "large_room_sparse20": 0.0, "large_room_potter0_20": 0.4}
[pair_H] {"steps": 2664448, "elapsed_s": 2130.1, "coordination_ring_sparse20": 104.0, "coordination_ring_potter0_20": 0.0, "large_room_sparse20": 0.0, "large_room_potter0_20": 0.4}
[pair_H] {"steps": 2666496, "elapsed_s": 2131.7, "coordination_ring_sparse20": 110.0, "coordination_ring_potter0_20": 0.0, "large_room_sparse20": 0.0, "large_room_potter0_20": 0.4}
[pair_H] {"steps": 2668544, "elapsed_s": 2133.2, "coordination_ring_sparse20": 108.0, "coordination_ring_potter0_20": 0.0, "large_room_sparse20": 0.0, "large_room_potter0_20": 0.4}
[pair_H] {"steps": 2670592, "elapsed_s": 2134.6, "coordination_ring_sparse20": 104.0, "coordination_ring_potter0_20": 0.0, "large_room_sparse20": 0.0, "large_room_potter0_20": 0.4}
[pair_H] {"steps": 2672640, "elapsed_s": 2136.1, "coordination_ring_sparse20": 105.0, "coordination_ring_potter0_20": 0.0, "large_room_sparse20": 0.0, "large_room_potter0_20": 0.45}
[pair_H] {"steps": 2674688, "elapsed_s": 2137.6, "coordination_ring_sparse20": 107.0, "coordination_ring_potter0_20": 0.0, "large_room_sparse20": 0.0, "large_room_potter0_20": 0.45}
[pair_H] {"steps": 2676736, "elapsed_s": 2139.0, "coordination_ring_sparse20": 107.0, "coordination_ring_potter0_20": 0.05, "large_room_sparse20": 0.0, "large_room_potter0_20": 0.45}
[pair_H] {"steps": 2678784, "elapsed_s": 2140.4, "coordination_ring_sparse20": 106.0, "coordination_ring_potter0_20": 0.05, "large_room_sparse20": 0.0, "large_room_potter0_20": 0.45}
[pair_H] {"steps": 2680832, "elapsed_s": 2142.0, "coordination_ring_sparse20": 111.0, "coordination_ring_potter0_20": 0.05, "large_room_sparse20": 0.0, "large_room_potter0_20": 0.45}
[pair_H] {"steps": 2682880, "elapsed_s": 2143.4, "coordination_ring_sparse20": 111.0, "coordination_ring_potter0_20": 0.05, "large_room_sparse20": 0.0, "large_room_potter0_20": 0.45}
[pair_H] {"steps": 2684928, "elapsed_s": 2145.0, "coordination_ring_sparse20": 114.0, "coordination_ring_potter0_20": 0.05, "large_room_sparse20": 0.0, "large_room_potter0_20": 0.45}
[pair_H] {"steps": 2686976, "elapsed_s": 2146.4, "coordination_ring_sparse20": 110.0, "coordination_ring_potter0_20": 0.1, "large_room_sparse20": 0.0, "large_room_potter0_20": 0.45}
[pair_H] {"steps": 2689024, "elapsed_s": 2147.9, "coordination_ring_sparse20": 108.0, "coordination_ring_potter0_20": 0.1, "large_room_sparse20": 0.0, "large_room_potter0_20": 0.45}
[pair_H] {"steps": 2691072, "elapsed_s": 2149.3, "coordination_ring_sparse20": 109.0, "coordination_ring_potter0_20": 0.05, "large_room_sparse20": 0.0, "large_room_potter0_20": 0.45}
[pair_H] {"steps": 2693120, "elapsed_s": 2150.7, "coordination_ring_sparse20": 108.0, "coordination_ring_potter0_20": 0.05, "large_room_sparse20": 0.0, "large_room_potter0_20": 0.45}
[pair_H] {"steps": 2695168, "elapsed_s": 2152.3, "coordination_ring_sparse20": 108.0, "coordination_ring_potter0_20": 0.05, "large_room_sparse20": 0.0, "large_room_potter0_20": 0.5}
[pair_H] {"steps": 2697216, "elapsed_s": 2153.8, "coordination_ring_sparse20": 107.0, "coordination_ring_potter0_20": 0.05, "large_room_sparse20": 0.0, "large_room_potter0_20": 0.45}
[pair_H] {"steps": 2699264, "elapsed_s": 2155.5, "coordination_ring_sparse20": 105.0, "coordination_ring_potter0_20": 0.1, "large_room_sparse20": 0.0, "large_room_potter0_20": 0.45}
[pair_H] {"steps": 2701312, "elapsed_s": 2157.0, "coordination_ring_sparse20": 107.0, "coordination_ring_potter0_20": 0.1, "large_room_sparse20": 0.0, "large_room_potter0_20": 0.45}
[pair_H] {"steps": 2703360, "elapsed_s": 2158.6, "coordination_ring_sparse20": 105.0, "coordination_ring_potter0_20": 0.05, "large_room_sparse20": 0.0, "large_room_potter0_20": 0.45}
[pair_H] {"steps": 2705408, "elapsed_s": 2160.0, "coordination_ring_sparse20": 107.0, "coordination_ring_potter0_20": 0.05, "large_room_sparse20": 0.0, "large_room_potter0_20": 0.5}
[pair_H] {"steps": 2707456, "elapsed_s": 2161.4, "coordination_ring_sparse20": 107.0, "coordination_ring_potter0_20": 0.05, "large_room_sparse20": 0.0, "large_room_potter0_20": 0.55}
[pair_H] {"steps": 2709504, "elapsed_s": 2162.9, "coordination_ring_sparse20": 110.0, "coordination_ring_potter0_20": 0.05, "large_room_sparse20": 0.0, "large_room_potter0_20": 0.6}
[pair_H] {"steps": 2711552, "elapsed_s": 2164.3, "coordination_ring_sparse20": 106.0, "coordination_ring_potter0_20": 0.05, "large_room_sparse20": 0.0, "large_room_potter0_20": 0.6}
[pair_H] {"steps": 2713600, "elapsed_s": 2165.8, "coordination_ring_sparse20": 110.0, "coordination_ring_potter0_20": 0.05, "large_room_sparse20": 0.0, "large_room_potter0_20": 0.6}
[pair_H] {"steps": 2715648, "elapsed_s": 2167.3, "coordination_ring_sparse20": 113.0, "coordination_ring_potter0_20": 0.0, "large_room_sparse20": 0.0, "large_room_potter0_20": 0.6}
[pair_H] {"steps": 2717696, "elapsed_s": 2168.8, "coordination_ring_sparse20": 117.0, "coordination_ring_potter0_20": 0.0, "large_room_sparse20": 0.0, "large_room_potter0_20": 0.65}
[pair_H] {"steps": 2719744, "elapsed_s": 2170.3, "coordination_ring_sparse20": 118.0, "coordination_ring_potter0_20": 0.0, "large_room_sparse20": 0.0, "large_room_potter0_20": 0.6}
[pair_H] {"steps": 2721792, "elapsed_s": 2171.7, "coordination_ring_sparse20": 119.0, "coordination_ring_potter0_20": 0.0, "large_room_sparse20": 0.0, "large_room_potter0_20": 0.5}
[pair_H] {"steps": 2723840, "elapsed_s": 2173.1, "coordination_ring_sparse20": 121.0, "coordination_ring_potter0_20": 0.0, "large_room_sparse20": 0.0, "large_room_potter0_20": 0.5}
[pair_H] {"steps": 2725888, "elapsed_s": 2174.5, "coordination_ring_sparse20": 120.0, "coordination_ring_potter0_20": 0.0, "large_room_sparse20": 0.0, "large_room_potter0_20": 0.45}
[pair_H] {"steps": 2727936, "elapsed_s": 2176.0, "coordination_ring_sparse20": 124.0, "coordination_ring_potter0_20": 0.0, "large_room_sparse20": 0.0, "large_room_potter0_20": 0.45}
[pair_H] {"steps": 2729984, "elapsed_s": 2177.5, "coordination_ring_sparse20": 116.0, "coordination_ring_potter0_20": 0.0, "large_room_sparse20": 0.0, "large_room_potter0_20": 0.5}
[pair_H] {"steps": 2732032, "elapsed_s": 2178.9, "coordination_ring_sparse20": 108.0, "coordination_ring_potter0_20": 0.0, "large_room_sparse20": 0.0, "large_room_potter0_20": 0.45}
[pair_H] {"steps": 2734080, "elapsed_s": 2180.4, "coordination_ring_sparse20": 107.0, "coordination_ring_potter0_20": 0.0, "large_room_sparse20": 0.0, "large_room_potter0_20": 0.5}
[pair_H] {"steps": 2736128, "elapsed_s": 2182.0, "coordination_ring_sparse20": 109.0, "coordination_ring_potter0_20": 0.0, "large_room_sparse20": 0.0, "large_room_potter0_20": 0.5}
[pair_H] {"steps": 2738176, "elapsed_s": 2183.5, "coordination_ring_sparse20": 110.0, "coordination_ring_potter0_20": 0.05, "large_room_sparse20": 0.0, "large_room_potter0_20": 0.5}
[pair_H] {"steps": 2740224, "elapsed_s": 2184.9, "coordination_ring_sparse20": 103.0, "coordination_ring_potter0_20": 0.05, "large_room_sparse20": 0.0, "large_room_potter0_20": 0.45}
[pair_H] {"steps": 2742272, "elapsed_s": 2186.4, "coordination_ring_sparse20": 97.0, "coordination_ring_potter0_20": 0.05, "large_room_sparse20": 0.0, "large_room_potter0_20": 0.45}
[pair_H] {"steps": 2744320, "elapsed_s": 2187.9, "coordination_ring_sparse20": 99.0, "coordination_ring_potter0_20": 0.05, "large_room_sparse20": 0.0, "large_room_potter0_20": 0.4}
[pair_H] {"steps": 2746368, "elapsed_s": 2189.6, "coordination_ring_sparse20": 100.0, "coordination_ring_potter0_20": 0.05, "large_room_sparse20": 0.0, "large_room_potter0_20": 0.45}
[pair_H] {"steps": 2748416, "elapsed_s": 2191.0, "coordination_ring_sparse20": 100.0, "coordination_ring_potter0_20": 0.05, "large_room_sparse20": 0.0, "large_room_potter0_20": 0.5}
[pair_H] {"steps": 2750464, "elapsed_s": 2192.4, "coordination_ring_sparse20": 100.0, "coordination_ring_potter0_20": 0.05, "large_room_sparse20": 0.0, "large_room_potter0_20": 0.5}
[pair_H] {"steps": 2752512, "elapsed_s": 2193.9, "coordination_ring_sparse20": 97.0, "coordination_ring_potter0_20": 0.05, "large_room_sparse20": 0.0, "large_room_potter0_20": 0.5}
[pair_H] {"steps": 2754560, "elapsed_s": 2195.3, "coordination_ring_sparse20": 93.0, "coordination_ring_potter0_20": 0.0, "large_room_sparse20": 0.0, "large_room_potter0_20": 0.5}
[pair_H] {"steps": 2756608, "elapsed_s": 2196.7, "coordination_ring_sparse20": 97.0, "coordination_ring_potter0_20": 0.0, "large_room_sparse20": 0.0, "large_room_potter0_20": 0.5}
[pair_H] {"steps": 2758656, "elapsed_s": 2198.2, "coordination_ring_sparse20": 108.0, "coordination_ring_potter0_20": 0.0, "large_room_sparse20": 0.0, "large_room_potter0_20": 0.5}
[pair_H] {"steps": 2760704, "elapsed_s": 2199.6, "coordination_ring_sparse20": 109.0, "coordination_ring_potter0_20": 0.05, "large_room_sparse20": 0.0, "large_room_potter0_20": 0.55}
[pair_H] {"steps": 2762752, "elapsed_s": 2201.2, "coordination_ring_sparse20": 108.0, "coordination_ring_potter0_20": 0.05, "large_room_sparse20": 0.0, "large_room_potter0_20": 0.55}
[pair_H] {"steps": 2764800, "elapsed_s": 2202.7, "coordination_ring_sparse20": 113.0, "coordination_ring_potter0_20": 0.05, "large_room_sparse20": 0.0, "large_room_potter0_20": 0.55}
[pair_H] {"steps": 2766848, "elapsed_s": 2204.1, "coordination_ring_sparse20": 120.0, "coordination_ring_potter0_20": 0.05, "large_room_sparse20": 0.0, "large_room_potter0_20": 0.6}
[pair_H] {"steps": 2768896, "elapsed_s": 2205.5, "coordination_ring_sparse20": 124.0, "coordination_ring_potter0_20": 0.05, "large_room_sparse20": 0.0, "large_room_potter0_20": 0.55}
[pair_H] {"steps": 2770944, "elapsed_s": 2207.0, "coordination_ring_sparse20": 125.0, "coordination_ring_potter0_20": 0.05, "large_room_sparse20": 0.0, "large_room_potter0_20": 0.45}
[pair_H] {"steps": 2772992, "elapsed_s": 2208.6, "coordination_ring_sparse20": 119.0, "coordination_ring_potter0_20": 0.05, "large_room_sparse20": 0.0, "large_room_potter0_20": 0.5}
[pair_H] {"steps": 2775040, "elapsed_s": 2210.2, "coordination_ring_sparse20": 121.0, "coordination_ring_potter0_20": 0.0, "large_room_sparse20": 0.0, "large_room_potter0_20": 0.5}
[pair_H] {"steps": 2777088, "elapsed_s": 2211.6, "coordination_ring_sparse20": 110.0, "coordination_ring_potter0_20": 0.0, "large_room_sparse20": 0.0, "large_room_potter0_20": 0.55}
[pair_H] {"steps": 2779136, "elapsed_s": 2213.1, "coordination_ring_sparse20": 106.0, "coordination_ring_potter0_20": 0.0, "large_room_sparse20": 0.0, "large_room_potter0_20": 0.6}
[pair_H] {"steps": 2781184, "elapsed_s": 2214.5, "coordination_ring_sparse20": 104.0, "coordination_ring_potter0_20": 0.0, "large_room_sparse20": 0.0, "large_room_potter0_20": 0.5}
[pair_H] {"steps": 2783232, "elapsed_s": 2216.0, "coordination_ring_sparse20": 103.0, "coordination_ring_potter0_20": 0.0, "large_room_sparse20": 0.0, "large_room_potter0_20": 0.45}
[pair_H] {"steps": 2785280, "elapsed_s": 2217.3, "coordination_ring_sparse20": 105.0, "coordination_ring_potter0_20": 0.0, "large_room_sparse20": 0.0, "large_room_potter0_20": 0.45}
[pair_H] {"steps": 2787328, "elapsed_s": 2218.9, "coordination_ring_sparse20": 106.0, "coordination_ring_potter0_20": 0.0, "large_room_sparse20": 0.0, "large_room_potter0_20": 0.45}
[pair_H] {"steps": 2789376, "elapsed_s": 2220.2, "coordination_ring_sparse20": 106.0, "coordination_ring_potter0_20": 0.0, "large_room_sparse20": 0.0, "large_room_potter0_20": 0.45}
[pair_H] {"steps": 2791424, "elapsed_s": 2221.6, "coordination_ring_sparse20": 116.0, "coordination_ring_potter0_20": 0.0, "large_room_sparse20": 0.0, "large_room_potter0_20": 0.45}
[pair_H] {"steps": 2793472, "elapsed_s": 2223.0, "coordination_ring_sparse20": 115.0, "coordination_ring_potter0_20": 0.0, "large_room_sparse20": 0.0, "large_room_potter0_20": 0.4}
[pair_H] {"steps": 2795520, "elapsed_s": 2224.4, "coordination_ring_sparse20": 114.0, "coordination_ring_potter0_20": 0.0, "large_room_sparse20": 0.0, "large_room_potter0_20": 0.4}
[pair_H] {"steps": 2797568, "elapsed_s": 2225.9, "coordination_ring_sparse20": 113.0, "coordination_ring_potter0_20": 0.0, "large_room_sparse20": 0.0, "large_room_potter0_20": 0.4}
[pair_H] {"steps": 2799616, "elapsed_s": 2227.5, "coordination_ring_sparse20": 114.0, "coordination_ring_potter0_20": 0.0, "large_room_sparse20": 0.0, "large_room_potter0_20": 0.45}
[pair_H] {"steps": 2801664, "elapsed_s": 2228.9, "coordination_ring_sparse20": 114.0, "coordination_ring_potter0_20": 0.0, "large_room_sparse20": 0.0, "large_room_potter0_20": 0.45}
[pair_H] {"steps": 2803712, "elapsed_s": 2230.5, "coordination_ring_sparse20": 116.0, "coordination_ring_potter0_20": 0.0, "large_room_sparse20": 0.0, "large_room_potter0_20": 0.45}
[pair_H] {"steps": 2805760, "elapsed_s": 2232.1, "coordination_ring_sparse20": 117.0, "coordination_ring_potter0_20": 0.0, "large_room_sparse20": 0.0, "large_room_potter0_20": 0.45}
[pair_H] {"steps": 2807808, "elapsed_s": 2233.7, "coordination_ring_sparse20": 118.0, "coordination_ring_potter0_20": 0.0, "large_room_sparse20": 0.0, "large_room_potter0_20": 0.4}
[pair_H] {"steps": 2809856, "elapsed_s": 2235.2, "coordination_ring_sparse20": 119.0, "coordination_ring_potter0_20": 0.0, "large_room_sparse20": 0.0, "large_room_potter0_20": 0.4}
[pair_H] {"steps": 2811904, "elapsed_s": 2236.6, "coordination_ring_sparse20": 120.0, "coordination_ring_potter0_20": 0.0, "large_room_sparse20": 0.0, "large_room_potter0_20": 0.4}
[pair_H] {"steps": 2813952, "elapsed_s": 2238.1, "coordination_ring_sparse20": 121.0, "coordination_ring_potter0_20": 0.0, "large_room_sparse20": 0.0, "large_room_potter0_20": 0.4}
[pair_H] {"steps": 2816000, "elapsed_s": 2239.6, "coordination_ring_sparse20": 126.0, "coordination_ring_potter0_20": 0.0, "large_room_sparse20": 0.0, "large_room_potter0_20": 0.3}
[pair_H] {"steps": 2818048, "elapsed_s": 2241.1, "coordination_ring_sparse20": 126.0, "coordination_ring_potter0_20": 0.0, "large_room_sparse20": 0.0, "large_room_potter0_20": 0.3}
[pair_H] {"steps": 2820096, "elapsed_s": 2242.6, "coordination_ring_sparse20": 122.0, "coordination_ring_potter0_20": 0.0, "large_room_sparse20": 0.0, "large_room_potter0_20": 0.3}
[pair_H] {"steps": 2822144, "elapsed_s": 2244.1, "coordination_ring_sparse20": 121.0, "coordination_ring_potter0_20": 0.0, "large_room_sparse20": 0.0, "large_room_potter0_20": 0.3}
[pair_H] {"steps": 2824192, "elapsed_s": 2245.6, "coordination_ring_sparse20": 121.0, "coordination_ring_potter0_20": 0.0, "large_room_sparse20": 0.0, "large_room_potter0_20": 0.3}
[pair_H] {"steps": 2826240, "elapsed_s": 2247.1, "coordination_ring_sparse20": 118.0, "coordination_ring_potter0_20": 0.0, "large_room_sparse20": 0.0, "large_room_potter0_20": 0.35}
[pair_H] {"steps": 2828288, "elapsed_s": 2248.5, "coordination_ring_sparse20": 111.0, "coordination_ring_potter0_20": 0.0, "large_room_sparse20": 0.0, "large_room_potter0_20": 0.35}
[pair_H] {"steps": 2830336, "elapsed_s": 2250.0, "coordination_ring_sparse20": 111.0, "coordination_ring_potter0_20": 0.0, "large_room_sparse20": 0.0, "large_room_potter0_20": 0.35}
[pair_H] {"steps": 2832384, "elapsed_s": 2251.4, "coordination_ring_sparse20": 100.0, "coordination_ring_potter0_20": 0.0, "large_room_sparse20": 0.0, "large_room_potter0_20": 0.35}
[pair_H] {"steps": 2834432, "elapsed_s": 2252.8, "coordination_ring_sparse20": 103.0, "coordination_ring_potter0_20": 0.0, "large_room_sparse20": 0.0, "large_room_potter0_20": 0.35}
[pair_H] {"steps": 2836480, "elapsed_s": 2254.2, "coordination_ring_sparse20": 107.0, "coordination_ring_potter0_20": 0.0, "large_room_sparse20": 0.0, "large_room_potter0_20": 0.35}
[pair_H] {"steps": 2838528, "elapsed_s": 2255.6, "coordination_ring_sparse20": 109.0, "coordination_ring_potter0_20": 0.0, "large_room_sparse20": 0.0, "large_room_potter0_20": 0.4}
[pair_H] {"steps": 2840576, "elapsed_s": 2257.0, "coordination_ring_sparse20": 109.0, "coordination_ring_potter0_20": 0.0, "large_room_sparse20": 0.0, "large_room_potter0_20": 0.4}
[pair_H] {"steps": 2842624, "elapsed_s": 2258.6, "coordination_ring_sparse20": 109.0, "coordination_ring_potter0_20": 0.0, "large_room_sparse20": 0.0, "large_room_potter0_20": 0.35}
[pair_H] {"steps": 2844672, "elapsed_s": 2260.1, "coordination_ring_sparse20": 112.0, "coordination_ring_potter0_20": 0.0, "large_room_sparse20": 0.0, "large_room_potter0_20": 0.35}
[pair_H] {"steps": 2846720, "elapsed_s": 2261.5, "coordination_ring_sparse20": 122.0, "coordination_ring_potter0_20": 0.0, "large_room_sparse20": 0.0, "large_room_potter0_20": 0.35}
[pair_H] {"steps": 2848768, "elapsed_s": 2262.9, "coordination_ring_sparse20": 122.0, "coordination_ring_potter0_20": 0.0, "large_room_sparse20": 0.0, "large_room_potter0_20": 0.35}
[pair_H] {"steps": 2850816, "elapsed_s": 2264.4, "coordination_ring_sparse20": 120.0, "coordination_ring_potter0_20": 0.0, "large_room_sparse20": 0.0, "large_room_potter0_20": 0.35}
[pair_H] {"steps": 2852864, "elapsed_s": 2265.8, "coordination_ring_sparse20": 120.0, "coordination_ring_potter0_20": 0.0, "large_room_sparse20": 0.0, "large_room_potter0_20": 0.4}
[pair_H] {"steps": 2854912, "elapsed_s": 2267.3, "coordination_ring_sparse20": 128.0, "coordination_ring_potter0_20": 0.0, "large_room_sparse20": 0.0, "large_room_potter0_20": 0.4}
[pair_H] {"steps": 2856960, "elapsed_s": 2268.7, "coordination_ring_sparse20": 128.0, "coordination_ring_potter0_20": 0.0, "large_room_sparse20": 0.0, "large_room_potter0_20": 0.4}
[pair_H] {"steps": 2859008, "elapsed_s": 2270.3, "coordination_ring_sparse20": 129.0, "coordination_ring_potter0_20": 0.0, "large_room_sparse20": 0.0, "large_room_potter0_20": 0.45}
[pair_H] {"steps": 2861056, "elapsed_s": 2271.8, "coordination_ring_sparse20": 129.0, "coordination_ring_potter0_20": 0.0, "large_room_sparse20": 0.0, "large_room_potter0_20": 0.45}
[pair_H] {"steps": 2863104, "elapsed_s": 2273.5, "coordination_ring_sparse20": 127.0, "coordination_ring_potter0_20": 0.0, "large_room_sparse20": 0.0, "large_room_potter0_20": 0.45}
[pair_H] {"steps": 2865152, "elapsed_s": 2274.9, "coordination_ring_sparse20": 121.0, "coordination_ring_potter0_20": 0.0, "large_room_sparse20": 0.0, "large_room_potter0_20": 0.4}
[pair_H] {"steps": 2867200, "elapsed_s": 2276.3, "coordination_ring_sparse20": 121.0, "coordination_ring_potter0_20": 0.0, "large_room_sparse20": 0.0, "large_room_potter0_20": 0.35}
[pair_H] {"steps": 2869248, "elapsed_s": 2278.0, "coordination_ring_sparse20": 117.0, "coordination_ring_potter0_20": 0.0, "large_room_sparse20": 0.0, "large_room_potter0_20": 0.35}
[pair_H] {"steps": 2871296, "elapsed_s": 2279.6, "coordination_ring_sparse20": 117.0, "coordination_ring_potter0_20": 0.0, "large_room_sparse20": 0.0, "large_room_potter0_20": 0.35}
[pair_H] {"steps": 2873344, "elapsed_s": 2281.0, "coordination_ring_sparse20": 117.0, "coordination_ring_potter0_20": 0.0, "large_room_sparse20": 0.0, "large_room_potter0_20": 0.35}
[pair_H] {"steps": 2875392, "elapsed_s": 2282.5, "coordination_ring_sparse20": 117.0, "coordination_ring_potter0_20": 0.0, "large_room_sparse20": 0.0, "large_room_potter0_20": 0.35}
[pair_H] {"steps": 2877440, "elapsed_s": 2284.3, "coordination_ring_sparse20": 115.0, "coordination_ring_potter0_20": 0.05, "large_room_sparse20": 0.0, "large_room_potter0_20": 0.3}
[pair_H] {"steps": 2879488, "elapsed_s": 2285.8, "coordination_ring_sparse20": 116.0, "coordination_ring_potter0_20": 0.05, "large_room_sparse20": 0.0, "large_room_potter0_20": 0.25}
[pair_H] {"steps": 2881536, "elapsed_s": 2287.2, "coordination_ring_sparse20": 116.0, "coordination_ring_potter0_20": 0.05, "large_room_sparse20": 0.0, "large_room_potter0_20": 0.3}
[pair_H] {"steps": 2883584, "elapsed_s": 2288.7, "coordination_ring_sparse20": 119.0, "coordination_ring_potter0_20": 0.05, "large_room_sparse20": 0.0, "large_room_potter0_20": 0.25}
[pair_H] {"steps": 2885632, "elapsed_s": 2290.3, "coordination_ring_sparse20": 125.0, "coordination_ring_potter0_20": 0.05, "large_room_sparse20": 0.0, "large_room_potter0_20": 0.25}
[pair_H] {"steps": 2887680, "elapsed_s": 2291.7, "coordination_ring_sparse20": 124.0, "coordination_ring_potter0_20": 0.1, "large_room_sparse20": 0.0, "large_room_potter0_20": 0.3}
[pair_H] {"steps": 2889728, "elapsed_s": 2293.2, "coordination_ring_sparse20": 122.0, "coordination_ring_potter0_20": 0.1, "large_room_sparse20": 0.0, "large_room_potter0_20": 0.3}
[pair_H] {"steps": 2891776, "elapsed_s": 2294.7, "coordination_ring_sparse20": 121.0, "coordination_ring_potter0_20": 0.1, "large_room_sparse20": 0.0, "large_room_potter0_20": 0.3}
[pair_H] {"steps": 2893824, "elapsed_s": 2296.3, "coordination_ring_sparse20": 120.0, "coordination_ring_potter0_20": 0.1, "large_room_sparse20": 0.0, "large_room_potter0_20": 0.35}
[pair_H] {"steps": 2895872, "elapsed_s": 2297.9, "coordination_ring_sparse20": 121.0, "coordination_ring_potter0_20": 0.05, "large_room_sparse20": 0.0, "large_room_potter0_20": 0.4}
[pair_H] {"steps": 2897920, "elapsed_s": 2299.5, "coordination_ring_sparse20": 116.0, "coordination_ring_potter0_20": 0.05, "large_room_sparse20": 0.0, "large_room_potter0_20": 0.35}
[pair_H] {"steps": 2899968, "elapsed_s": 2300.9, "coordination_ring_sparse20": 110.0, "coordination_ring_potter0_20": 0.05, "large_room_sparse20": 0.0, "large_room_potter0_20": 0.35}
[pair_H] {"steps": 2902016, "elapsed_s": 2302.4, "coordination_ring_sparse20": 104.0, "coordination_ring_potter0_20": 0.1, "large_room_sparse20": 0.0, "large_room_potter0_20": 0.35}
[pair_H] {"steps": 2904064, "elapsed_s": 2303.9, "coordination_ring_sparse20": 97.0, "coordination_ring_potter0_20": 0.1, "large_room_sparse20": 0.0, "large_room_potter0_20": 0.35}
[pair_H] {"steps": 2906112, "elapsed_s": 2305.4, "coordination_ring_sparse20": 98.0, "coordination_ring_potter0_20": 0.1, "large_room_sparse20": 0.0, "large_room_potter0_20": 0.4}
[pair_H] {"steps": 2908160, "elapsed_s": 2307.1, "coordination_ring_sparse20": 97.0, "coordination_ring_potter0_20": 0.1, "large_room_sparse20": 0.0, "large_room_potter0_20": 0.4}
[pair_H] {"steps": 2910208, "elapsed_s": 2309.4, "coordination_ring_sparse20": 94.0, "coordination_ring_potter0_20": 0.1, "large_room_sparse20": 0.0, "large_room_potter0_20": 0.4}
[pair_H] {"steps": 2912256, "elapsed_s": 2310.9, "coordination_ring_sparse20": 94.0, "coordination_ring_potter0_20": 0.1, "large_room_sparse20": 0.0, "large_room_potter0_20": 0.4}
[pair_H] {"steps": 2914304, "elapsed_s": 2312.4, "coordination_ring_sparse20": 94.0, "coordination_ring_potter0_20": 0.1, "large_room_sparse20": 0.0, "large_room_potter0_20": 0.4}
[pair_H] {"steps": 2916352, "elapsed_s": 2313.9, "coordination_ring_sparse20": 91.0, "coordination_ring_potter0_20": 0.1, "large_room_sparse20": 0.0, "large_room_potter0_20": 0.35}
[pair_H] {"steps": 2918400, "elapsed_s": 2315.5, "coordination_ring_sparse20": 92.0, "coordination_ring_potter0_20": 0.1, "large_room_sparse20": 0.0, "large_room_potter0_20": 0.35}
[pair_H] {"steps": 2920448, "elapsed_s": 2317.1, "coordination_ring_sparse20": 90.0, "coordination_ring_potter0_20": 0.15, "large_room_sparse20": 0.0, "large_room_potter0_20": 0.3}
[pair_H] {"steps": 2922496, "elapsed_s": 2318.4, "coordination_ring_sparse20": 83.0, "coordination_ring_potter0_20": 0.1, "large_room_sparse20": 0.0, "large_room_potter0_20": 0.3}
[pair_H] {"steps": 2924544, "elapsed_s": 2320.0, "coordination_ring_sparse20": 82.0, "coordination_ring_potter0_20": 0.1, "large_room_sparse20": 0.0, "large_room_potter0_20": 0.35}
[pair_H] {"steps": 2926592, "elapsed_s": 2321.5, "coordination_ring_sparse20": 81.0, "coordination_ring_potter0_20": 0.1, "large_room_sparse20": 0.0, "large_room_potter0_20": 0.35}
[pair_H] {"steps": 2928640, "elapsed_s": 2322.8, "coordination_ring_sparse20": 78.0, "coordination_ring_potter0_20": 0.05, "large_room_sparse20": 0.0, "large_room_potter0_20": 0.3}
[pair_H] {"steps": 2930688, "elapsed_s": 2324.4, "coordination_ring_sparse20": 75.0, "coordination_ring_potter0_20": 0.1, "large_room_sparse20": 0.0, "large_room_potter0_20": 0.3}
[pair_H] {"steps": 2932736, "elapsed_s": 2325.7, "coordination_ring_sparse20": 76.0, "coordination_ring_potter0_20": 0.1, "large_room_sparse20": 0.0, "large_room_potter0_20": 0.35}
[pair_H] {"steps": 2934784, "elapsed_s": 2327.2, "coordination_ring_sparse20": 72.0, "coordination_ring_potter0_20": 0.15, "large_room_sparse20": 0.0, "large_room_potter0_20": 0.35}
[pair_H] {"steps": 2936832, "elapsed_s": 2328.6, "coordination_ring_sparse20": 76.0, "coordination_ring_potter0_20": 0.1, "large_room_sparse20": 0.0, "large_room_potter0_20": 0.35}
[pair_H] {"steps": 2938880, "elapsed_s": 2330.0, "coordination_ring_sparse20": 87.0, "coordination_ring_potter0_20": 0.1, "large_room_sparse20": 0.0, "large_room_potter0_20": 0.35}
[pair_H] {"steps": 2940928, "elapsed_s": 2331.5, "coordination_ring_sparse20": 86.0, "coordination_ring_potter0_20": 0.1, "large_room_sparse20": 0.0, "large_room_potter0_20": 0.4}
[pair_H] {"steps": 2942976, "elapsed_s": 2332.9, "coordination_ring_sparse20": 91.0, "coordination_ring_potter0_20": 0.15, "large_room_sparse20": 0.0, "large_room_potter0_20": 0.4}
[pair_H] {"steps": 2945024, "elapsed_s": 2334.6, "coordination_ring_sparse20": 91.0, "coordination_ring_potter0_20": 0.15, "large_room_sparse20": 0.0, "large_room_potter0_20": 0.45}
[pair_H] {"steps": 2947072, "elapsed_s": 2336.1, "coordination_ring_sparse20": 91.0, "coordination_ring_potter0_20": 0.15, "large_room_sparse20": 0.0, "large_room_potter0_20": 0.4}
[pair_H] {"steps": 2949120, "elapsed_s": 2337.6, "coordination_ring_sparse20": 91.0, "coordination_ring_potter0_20": 0.15, "large_room_sparse20": 0.0, "large_room_potter0_20": 0.4}
[pair_H] {"steps": 2951168, "elapsed_s": 2339.1, "coordination_ring_sparse20": 97.0, "coordination_ring_potter0_20": 0.1, "large_room_sparse20": 0.0, "large_room_potter0_20": 0.4}
[pair_H] {"steps": 2953216, "elapsed_s": 2340.8, "coordination_ring_sparse20": 99.0, "coordination_ring_potter0_20": 0.05, "large_room_sparse20": 0.0, "large_room_potter0_20": 0.35}
[pair_H] {"steps": 2955264, "elapsed_s": 2342.3, "coordination_ring_sparse20": 100.0, "coordination_ring_potter0_20": 0.05, "large_room_sparse20": 0.0, "large_room_potter0_20": 0.4}
[pair_H] {"steps": 2957312, "elapsed_s": 2343.8, "coordination_ring_sparse20": 98.0, "coordination_ring_potter0_20": 0.05, "large_room_sparse20": 0.0, "large_room_potter0_20": 0.35}
[pair_H] {"steps": 2959360, "elapsed_s": 2345.3, "coordination_ring_sparse20": 101.0, "coordination_ring_potter0_20": 0.05, "large_room_sparse20": 0.0, "large_room_potter0_20": 0.4}
[pair_H] {"steps": 2961408, "elapsed_s": 2346.7, "coordination_ring_sparse20": 103.0, "coordination_ring_potter0_20": 0.0, "large_room_sparse20": 0.0, "large_room_potter0_20": 0.4}
[pair_H] {"steps": 2963456, "elapsed_s": 2348.1, "coordination_ring_sparse20": 110.0, "coordination_ring_potter0_20": 0.0, "large_room_sparse20": 0.0, "large_room_potter0_20": 0.4}
[pair_H] {"steps": 2965504, "elapsed_s": 2349.8, "coordination_ring_sparse20": 112.0, "coordination_ring_potter0_20": 0.0, "large_room_sparse20": 0.0, "large_room_potter0_20": 0.35}
[pair_H] {"steps": 2967552, "elapsed_s": 2351.2, "coordination_ring_sparse20": 116.0, "coordination_ring_potter0_20": 0.0, "large_room_sparse20": 0.0, "large_room_potter0_20": 0.35}
[pair_H] {"steps": 2969600, "elapsed_s": 2352.9, "coordination_ring_sparse20": 113.0, "coordination_ring_potter0_20": 0.0, "large_room_sparse20": 0.0, "large_room_potter0_20": 0.4}
[pair_H] {"steps": 2971648, "elapsed_s": 2355.0, "coordination_ring_sparse20": 114.0, "coordination_ring_potter0_20": 0.0, "large_room_sparse20": 0.0, "large_room_potter0_20": 0.4}
[pair_H] {"steps": 2973696, "elapsed_s": 2357.0, "coordination_ring_sparse20": 120.0, "coordination_ring_potter0_20": 0.0, "large_room_sparse20": 0.0, "large_room_potter0_20": 0.4}
[pair_H] {"steps": 2975744, "elapsed_s": 2358.7, "coordination_ring_sparse20": 113.0, "coordination_ring_potter0_20": 0.0, "large_room_sparse20": 0.0, "large_room_potter0_20": 0.4}
[pair_H] {"steps": 2977792, "elapsed_s": 2361.2, "coordination_ring_sparse20": 116.0, "coordination_ring_potter0_20": 0.0, "large_room_sparse20": 0.0, "large_room_potter0_20": 0.4}
[pair_H] {"steps": 2979840, "elapsed_s": 2363.5, "coordination_ring_sparse20": 114.0, "coordination_ring_potter0_20": 0.0, "large_room_sparse20": 0.0, "large_room_potter0_20": 0.4}
[pair_H] {"steps": 2981888, "elapsed_s": 2366.0, "coordination_ring_sparse20": 115.0, "coordination_ring_potter0_20": 0.0, "large_room_sparse20": 0.0, "large_room_potter0_20": 0.35}
[pair_H] {"steps": 2983936, "elapsed_s": 2368.2, "coordination_ring_sparse20": 114.0, "coordination_ring_potter0_20": 0.0, "large_room_sparse20": 0.0, "large_room_potter0_20": 0.4}
[pair_H] {"steps": 2985984, "elapsed_s": 2370.6, "coordination_ring_sparse20": 117.0, "coordination_ring_potter0_20": 0.0, "large_room_sparse20": 0.0, "large_room_potter0_20": 0.4}
[pair_H] {"steps": 2988032, "elapsed_s": 2373.0, "coordination_ring_sparse20": 112.0, "coordination_ring_potter0_20": 0.0, "large_room_sparse20": 0.0, "large_room_potter0_20": 0.4}
[pair_H] {"steps": 2990080, "elapsed_s": 2375.6, "coordination_ring_sparse20": 116.0, "coordination_ring_potter0_20": 0.0, "large_room_sparse20": 0.0, "large_room_potter0_20": 0.4}
[pair_H] {"steps": 2992128, "elapsed_s": 2377.9, "coordination_ring_sparse20": 115.0, "coordination_ring_potter0_20": 0.0, "large_room_sparse20": 0.0, "large_room_potter0_20": 0.45}
[pair_H] {"steps": 2994176, "elapsed_s": 2380.3, "coordination_ring_sparse20": 112.0, "coordination_ring_potter0_20": 0.0, "large_room_sparse20": 0.0, "large_room_potter0_20": 0.45}
[pair_H] {"steps": 2996224, "elapsed_s": 2382.9, "coordination_ring_sparse20": 113.0, "coordination_ring_potter0_20": 0.0, "large_room_sparse20": 0.0, "large_room_potter0_20": 0.5}
[pair_H] {"steps": 2998272, "elapsed_s": 2384.9, "coordination_ring_sparse20": 116.0, "coordination_ring_potter0_20": 0.0, "large_room_sparse20": 0.0, "large_room_potter0_20": 0.5}
[pair_H] {"steps": 3000320, "elapsed_s": 2386.7, "coordination_ring_sparse20": 115.0, "coordination_ring_potter0_20": 0.0, "large_room_sparse20": 0.0, "large_room_potter0_20": 0.5}
checkpointed /home/Yixiang/MPARL/GOGOGO/outputs/overcooked_mixed_pilot.json
