Gym has been unmaintained since 2022 and does not support NumPy 2.0 amongst other critical functionality.
Please upgrade to Gymnasium, the maintained drop-in replacement of Gym, or contact the authors of your software and request that they upgrade.
Users of this version of Gym should be able to simply replace 'import gym' with 'import gymnasium as gym' in the vast majority of cases.
See the migration guide at https://gymnasium.farama.org/introduction/migration_guide/ for additional information.
[pair_J] {"steps": 2048, "elapsed_s": 46.5, "cramped_room_sparse20": 0.0, "cramped_room_potter0_20": 0.6666666666666666, "centre_pots_sparse20": 0.0, "centre_pots_potter0_20": 0.0}
[pair_J] {"steps": 4096, "elapsed_s": 95.3, "cramped_room_sparse20": 0.0, "cramped_room_potter0_20": 0.6666666666666666, "centre_pots_sparse20": 0.0, "centre_pots_potter0_20": 0.3333333333333333}
[pair_J] {"steps": 6144, "elapsed_s": 158.0, "cramped_room_sparse20": 0.0, "cramped_room_potter0_20": 0.8, "centre_pots_sparse20": 0.0, "centre_pots_potter0_20": 0.5555555555555556}
[pair_J] {"steps": 8192, "elapsed_s": 212.5, "cramped_room_sparse20": 0.0, "cramped_room_potter0_20": 0.6666666666666666, "centre_pots_sparse20": 0.0, "centre_pots_potter0_20": 0.5}
[pair_J] {"steps": 10240, "elapsed_s": 258.9, "cramped_room_sparse20": 0.0, "cramped_room_potter0_20": 0.6923076923076923, "centre_pots_sparse20": 0.0, "centre_pots_potter0_20": 0.45454545454545453}
[pair_J] {"steps": 12288, "elapsed_s": 294.3, "cramped_room_sparse20": 0.0, "cramped_room_potter0_20": 0.6428571428571429, "centre_pots_sparse20": 0.0, "centre_pots_potter0_20": 0.5333333333333333}
[pair_J] {"steps": 14336, "elapsed_s": 307.2, "cramped_room_sparse20": 0.0, "cramped_room_potter0_20": 0.6428571428571429, "centre_pots_sparse20": 0.0, "centre_pots_potter0_20": 0.5}
[pair_J] {"steps": 16384, "elapsed_s": 325.2, "cramped_room_sparse20": 0.0, "cramped_room_potter0_20": 0.6666666666666666, "centre_pots_sparse20": 0.0, "centre_pots_potter0_20": 0.5}
[pair_J] {"steps": 18432, "elapsed_s": 338.2, "cramped_room_sparse20": 0.0, "cramped_room_potter0_20": 0.6, "centre_pots_sparse20": 0.0, "centre_pots_potter0_20": 0.5}
[pair_J] {"steps": 20480, "elapsed_s": 356.8, "cramped_room_sparse20": 0.0, "cramped_room_potter0_20": 0.6, "centre_pots_sparse20": 0.0, "centre_pots_potter0_20": 0.5}
[pair_J] {"steps": 22528, "elapsed_s": 378.0, "cramped_room_sparse20": 0.0, "cramped_room_potter0_20": 0.55, "centre_pots_sparse20": 0.0, "centre_pots_potter0_20": 0.5}
[pair_J] {"steps": 24576, "elapsed_s": 401.2, "cramped_room_sparse20": 0.0, "cramped_room_potter0_20": 0.5, "centre_pots_sparse20": 0.0, "centre_pots_potter0_20": 0.55}
[pair_J] {"steps": 26624, "elapsed_s": 413.4, "cramped_room_sparse20": 0.0, "cramped_room_potter0_20": 0.5, "centre_pots_sparse20": 0.0, "centre_pots_potter0_20": 0.5}
[pair_J] {"steps": 28672, "elapsed_s": 433.0, "cramped_room_sparse20": 0.0, "cramped_room_potter0_20": 0.5, "centre_pots_sparse20": 0.0, "centre_pots_potter0_20": 0.5}
[pair_J] {"steps": 30720, "elapsed_s": 448.9, "cramped_room_sparse20": 0.0, "cramped_room_potter0_20": 0.45, "centre_pots_sparse20": 0.0, "centre_pots_potter0_20": 0.5}
[pair_J] {"steps": 32768, "elapsed_s": 469.8, "cramped_room_sparse20": 0.0, "cramped_room_potter0_20": 0.35, "centre_pots_sparse20": 0.0, "centre_pots_potter0_20": 0.6}
[pair_J] {"steps": 34816, "elapsed_s": 483.6, "cramped_room_sparse20": 0.0, "cramped_room_potter0_20": 0.4, "centre_pots_sparse20": 0.0, "centre_pots_potter0_20": 0.7}
[pair_J] {"steps": 36864, "elapsed_s": 503.1, "cramped_room_sparse20": 0.0, "cramped_room_potter0_20": 0.3, "centre_pots_sparse20": 0.0, "centre_pots_potter0_20": 0.7}
[pair_J] {"steps": 38912, "elapsed_s": 530.7, "cramped_room_sparse20": 0.0, "cramped_room_potter0_20": 0.25, "centre_pots_sparse20": 0.0, "centre_pots_potter0_20": 0.7}
[pair_J] {"steps": 40960, "elapsed_s": 547.7, "cramped_room_sparse20": 0.0, "cramped_room_potter0_20": 0.3, "centre_pots_sparse20": 0.0, "centre_pots_potter0_20": 0.75}
[pair_J] {"steps": 43008, "elapsed_s": 567.1, "cramped_room_sparse20": 0.0, "cramped_room_potter0_20": 0.25, "centre_pots_sparse20": 0.0, "centre_pots_potter0_20": 0.75}
[pair_J] {"steps": 45056, "elapsed_s": 582.3, "cramped_room_sparse20": 0.0, "cramped_room_potter0_20": 0.25, "centre_pots_sparse20": 0.0, "centre_pots_potter0_20": 0.8}
[pair_J] {"steps": 47104, "elapsed_s": 598.5, "cramped_room_sparse20": 0.0, "cramped_room_potter0_20": 0.3, "centre_pots_sparse20": 0.0, "centre_pots_potter0_20": 0.75}
[pair_J] {"steps": 49152, "elapsed_s": 615.0, "cramped_room_sparse20": 0.0, "cramped_room_potter0_20": 0.35, "centre_pots_sparse20": 0.0, "centre_pots_potter0_20": 0.8}
[pair_J] {"steps": 51200, "elapsed_s": 631.4, "cramped_room_sparse20": 0.0, "cramped_room_potter0_20": 0.5, "centre_pots_sparse20": 0.0, "centre_pots_potter0_20": 0.75}
[pair_J] {"steps": 53248, "elapsed_s": 642.9, "cramped_room_sparse20": 0.0, "cramped_room_potter0_20": 0.55, "centre_pots_sparse20": 0.0, "centre_pots_potter0_20": 0.75}
[pair_J] {"steps": 55296, "elapsed_s": 660.9, "cramped_room_sparse20": 0.0, "cramped_room_potter0_20": 0.6, "centre_pots_sparse20": 0.0, "centre_pots_potter0_20": 0.75}
[pair_J] {"steps": 57344, "elapsed_s": 672.1, "cramped_room_sparse20": 0.0, "cramped_room_potter0_20": 0.65, "centre_pots_sparse20": 0.0, "centre_pots_potter0_20": 0.65}
[pair_J] {"steps": 59392, "elapsed_s": 693.7, "cramped_room_sparse20": 0.0, "cramped_room_potter0_20": 0.6, "centre_pots_sparse20": 0.0, "centre_pots_potter0_20": 0.6}
[pair_J] {"steps": 61440, "elapsed_s": 707.4, "cramped_room_sparse20": 0.0, "cramped_room_potter0_20": 0.6, "centre_pots_sparse20": 0.0, "centre_pots_potter0_20": 0.5}
[pair_J] {"steps": 63488, "elapsed_s": 722.9, "cramped_room_sparse20": 0.0, "cramped_room_potter0_20": 0.6, "centre_pots_sparse20": 0.0, "centre_pots_potter0_20": 0.55}
[pair_J] {"steps": 65536, "elapsed_s": 738.1, "cramped_room_sparse20": 0.0, "cramped_room_potter0_20": 0.6, "centre_pots_sparse20": 0.0, "centre_pots_potter0_20": 0.6}
[pair_J] {"steps": 67584, "elapsed_s": 751.0, "cramped_room_sparse20": 0.0, "cramped_room_potter0_20": 0.5, "centre_pots_sparse20": 0.0, "centre_pots_potter0_20": 0.55}
[pair_J] {"steps": 69632, "elapsed_s": 770.3, "cramped_room_sparse20": 0.0, "cramped_room_potter0_20": 0.5, "centre_pots_sparse20": 0.0, "centre_pots_potter0_20": 0.6}
[pair_J] {"steps": 71680, "elapsed_s": 783.8, "cramped_room_sparse20": 0.0, "cramped_room_potter0_20": 0.45, "centre_pots_sparse20": 0.0, "centre_pots_potter0_20": 0.65}
[pair_J] {"steps": 73728, "elapsed_s": 797.0, "cramped_room_sparse20": 0.0, "cramped_room_potter0_20": 0.45, "centre_pots_sparse20": 0.0, "centre_pots_potter0_20": 0.65}
[pair_J] {"steps": 75776, "elapsed_s": 812.8, "cramped_room_sparse20": 1.0, "cramped_room_potter0_20": 0.5, "centre_pots_sparse20": 0.0, "centre_pots_potter0_20": 0.6}
[pair_J] {"steps": 77824, "elapsed_s": 828.9, "cramped_room_sparse20": 1.0, "cramped_room_potter0_20": 0.35, "centre_pots_sparse20": 0.0, "centre_pots_potter0_20": 0.55}
[pair_J] {"steps": 79872, "elapsed_s": 847.1, "cramped_room_sparse20": 1.0, "cramped_room_potter0_20": 0.35, "centre_pots_sparse20": 0.0, "centre_pots_potter0_20": 0.6}
[pair_J] {"steps": 81920, "elapsed_s": 863.1, "cramped_room_sparse20": 1.0, "cramped_room_potter0_20": 0.35, "centre_pots_sparse20": 0.0, "centre_pots_potter0_20": 0.5}
[pair_J] {"steps": 83968, "elapsed_s": 888.4, "cramped_room_sparse20": 1.0, "cramped_room_potter0_20": 0.25, "centre_pots_sparse20": 0.0, "centre_pots_potter0_20": 0.5}
[pair_J] {"steps": 86016, "elapsed_s": 903.5, "cramped_room_sparse20": 1.0, "cramped_room_potter0_20": 0.15, "centre_pots_sparse20": 0.0, "centre_pots_potter0_20": 0.45}
[pair_J] {"steps": 88064, "elapsed_s": 920.8, "cramped_room_sparse20": 1.0, "cramped_room_potter0_20": 0.15, "centre_pots_sparse20": 0.0, "centre_pots_potter0_20": 0.45}
[pair_J] {"steps": 90112, "elapsed_s": 934.2, "cramped_room_sparse20": 1.0, "cramped_room_potter0_20": 0.15, "centre_pots_sparse20": 0.0, "centre_pots_potter0_20": 0.5}
[pair_J] {"steps": 92160, "elapsed_s": 944.7, "cramped_room_sparse20": 0.0, "cramped_room_potter0_20": 0.15, "centre_pots_sparse20": 0.0, "centre_pots_potter0_20": 0.55}
[pair_J] {"steps": 94208, "elapsed_s": 953.4, "cramped_room_sparse20": 1.0, "cramped_room_potter0_20": 0.2, "centre_pots_sparse20": 0.0, "centre_pots_potter0_20": 0.55}
[pair_J] {"steps": 96256, "elapsed_s": 965.7, "cramped_room_sparse20": 1.0, "cramped_room_potter0_20": 0.25, "centre_pots_sparse20": 0.0, "centre_pots_potter0_20": 0.5}
[pair_J] {"steps": 98304, "elapsed_s": 980.1, "cramped_room_sparse20": 1.0, "cramped_room_potter0_20": 0.25, "centre_pots_sparse20": 0.0, "centre_pots_potter0_20": 0.5}
[pair_J] {"steps": 100352, "elapsed_s": 999.0, "cramped_room_sparse20": 1.0, "cramped_room_potter0_20": 0.25, "centre_pots_sparse20": 0.0, "centre_pots_potter0_20": 0.45}
[pair_J] {"steps": 102400, "elapsed_s": 1014.2, "cramped_room_sparse20": 1.0, "cramped_room_potter0_20": 0.25, "centre_pots_sparse20": 0.0, "centre_pots_potter0_20": 0.4}
[pair_J] {"steps": 104448, "elapsed_s": 1028.8, "cramped_room_sparse20": 1.0, "cramped_room_potter0_20": 0.35, "centre_pots_sparse20": 0.0, "centre_pots_potter0_20": 0.45}
[pair_J] {"steps": 106496, "elapsed_s": 1043.1, "cramped_room_sparse20": 1.0, "cramped_room_potter0_20": 0.5, "centre_pots_sparse20": 0.0, "centre_pots_potter0_20": 0.5}
[pair_J] {"steps": 108544, "elapsed_s": 1055.8, "cramped_room_sparse20": 1.0, "cramped_room_potter0_20": 0.5, "centre_pots_sparse20": 0.0, "centre_pots_potter0_20": 0.4}
[pair_J] {"steps": 110592, "elapsed_s": 1068.6, "cramped_room_sparse20": 1.0, "cramped_room_potter0_20": 0.45, "centre_pots_sparse20": 0.0, "centre_pots_potter0_20": 0.5}
[pair_J] {"steps": 112640, "elapsed_s": 1088.0, "cramped_room_sparse20": 1.0, "cramped_room_potter0_20": 0.45, "centre_pots_sparse20": 0.0, "centre_pots_potter0_20": 0.55}
[pair_J] {"steps": 114688, "elapsed_s": 1106.4, "cramped_room_sparse20": 1.0, "cramped_room_potter0_20": 0.45, "centre_pots_sparse20": 0.0, "centre_pots_potter0_20": 0.45}
[pair_J] {"steps": 116736, "elapsed_s": 1121.6, "cramped_room_sparse20": 2.0, "cramped_room_potter0_20": 0.45, "centre_pots_sparse20": 0.0, "centre_pots_potter0_20": 0.5}
[pair_J] {"steps": 118784, "elapsed_s": 1133.2, "cramped_room_sparse20": 2.0, "cramped_room_potter0_20": 0.4, "centre_pots_sparse20": 0.0, "centre_pots_potter0_20": 0.45}
[pair_J] {"steps": 120832, "elapsed_s": 1147.4, "cramped_room_sparse20": 2.0, "cramped_room_potter0_20": 0.4, "centre_pots_sparse20": 0.0, "centre_pots_potter0_20": 0.35}
[pair_J] {"steps": 122880, "elapsed_s": 1163.0, "cramped_room_sparse20": 4.0, "cramped_room_potter0_20": 0.3, "centre_pots_sparse20": 0.0, "centre_pots_potter0_20": 0.35}
[pair_J] {"steps": 124928, "elapsed_s": 1184.2, "cramped_room_sparse20": 4.0, "cramped_room_potter0_20": 0.35, "centre_pots_sparse20": 0.0, "centre_pots_potter0_20": 0.45}
[pair_J] {"steps": 126976, "elapsed_s": 1195.7, "cramped_room_sparse20": 4.0, "cramped_room_potter0_20": 0.35, "centre_pots_sparse20": 0.0, "centre_pots_potter0_20": 0.5}
[pair_J] {"steps": 129024, "elapsed_s": 1215.0, "cramped_room_sparse20": 4.0, "cramped_room_potter0_20": 0.35, "centre_pots_sparse20": 0.0, "centre_pots_potter0_20": 0.45}
[pair_J] {"steps": 131072, "elapsed_s": 1229.7, "cramped_room_sparse20": 5.0, "cramped_room_potter0_20": 0.4, "centre_pots_sparse20": 0.0, "centre_pots_potter0_20": 0.6}
[pair_J] {"steps": 133120, "elapsed_s": 1246.7, "cramped_room_sparse20": 5.0, "cramped_room_potter0_20": 0.35, "centre_pots_sparse20": 0.0, "centre_pots_potter0_20": 0.7}
[pair_J] {"steps": 135168, "elapsed_s": 1265.8, "cramped_room_sparse20": 5.0, "cramped_room_potter0_20": 0.35, "centre_pots_sparse20": 0.0, "centre_pots_potter0_20": 0.65}
[pair_J] {"steps": 137216, "elapsed_s": 1286.1, "cramped_room_sparse20": 5.0, "cramped_room_potter0_20": 0.4, "centre_pots_sparse20": 0.0, "centre_pots_potter0_20": 0.7}
[pair_J] {"steps": 139264, "elapsed_s": 1299.6, "cramped_room_sparse20": 3.0, "cramped_room_potter0_20": 0.45, "centre_pots_sparse20": 1.0, "centre_pots_potter0_20": 0.7}
[pair_J] {"steps": 141312, "elapsed_s": 1308.0, "cramped_room_sparse20": 4.0, "cramped_room_potter0_20": 0.4, "centre_pots_sparse20": 1.0, "centre_pots_potter0_20": 0.7}
[pair_J] {"steps": 143360, "elapsed_s": 1329.6, "cramped_room_sparse20": 4.0, "cramped_room_potter0_20": 0.4, "centre_pots_sparse20": 1.0, "centre_pots_potter0_20": 0.8}
[pair_J] {"steps": 145408, "elapsed_s": 1343.9, "cramped_room_sparse20": 3.0, "cramped_room_potter0_20": 0.35, "centre_pots_sparse20": 1.0, "centre_pots_potter0_20": 0.75}
[pair_J] {"steps": 147456, "elapsed_s": 1352.6, "cramped_room_sparse20": 2.0, "cramped_room_potter0_20": 0.4, "centre_pots_sparse20": 1.0, "centre_pots_potter0_20": 0.7}
[pair_J] {"steps": 149504, "elapsed_s": 1366.9, "cramped_room_sparse20": 1.0, "cramped_room_potter0_20": 0.55, "centre_pots_sparse20": 1.0, "centre_pots_potter0_20": 0.65}
[pair_J] {"steps": 151552, "elapsed_s": 1377.9, "cramped_room_sparse20": 1.0, "cramped_room_potter0_20": 0.5, "centre_pots_sparse20": 1.0, "centre_pots_potter0_20": 0.65}
[pair_J] {"steps": 153600, "elapsed_s": 1386.4, "cramped_room_sparse20": 1.0, "cramped_room_potter0_20": 0.5, "centre_pots_sparse20": 1.0, "centre_pots_potter0_20": 0.6}
[pair_J] {"steps": 155648, "elapsed_s": 1397.8, "cramped_room_sparse20": 0.0, "cramped_room_potter0_20": 0.55, "centre_pots_sparse20": 1.0, "centre_pots_potter0_20": 0.6}
[pair_J] {"steps": 157696, "elapsed_s": 1407.1, "cramped_room_sparse20": 0.0, "cramped_room_potter0_20": 0.6, "centre_pots_sparse20": 1.0, "centre_pots_potter0_20": 0.55}
[pair_J] {"steps": 159744, "elapsed_s": 1415.6, "cramped_room_sparse20": 0.0, "cramped_room_potter0_20": 0.55, "centre_pots_sparse20": 0.0, "centre_pots_potter0_20": 0.55}
[pair_J] {"steps": 161792, "elapsed_s": 1430.1, "cramped_room_sparse20": 0.0, "cramped_room_potter0_20": 0.5, "centre_pots_sparse20": 0.0, "centre_pots_potter0_20": 0.5}
[pair_J] {"steps": 163840, "elapsed_s": 1442.1, "cramped_room_sparse20": 1.0, "cramped_room_potter0_20": 0.45, "centre_pots_sparse20": 0.0, "centre_pots_potter0_20": 0.5}
[pair_J] {"steps": 165888, "elapsed_s": 1454.9, "cramped_room_sparse20": 1.0, "cramped_room_potter0_20": 0.45, "centre_pots_sparse20": 0.0, "centre_pots_potter0_20": 0.45}
[pair_J] {"steps": 167936, "elapsed_s": 1468.3, "cramped_room_sparse20": 2.0, "cramped_room_potter0_20": 0.45, "centre_pots_sparse20": 0.0, "centre_pots_potter0_20": 0.55}
[pair_J] {"steps": 169984, "elapsed_s": 1478.1, "cramped_room_sparse20": 2.0, "cramped_room_potter0_20": 0.5, "centre_pots_sparse20": 0.0, "centre_pots_potter0_20": 0.6}
[pair_J] {"steps": 172032, "elapsed_s": 1490.4, "cramped_room_sparse20": 3.0, "cramped_room_potter0_20": 0.45, "centre_pots_sparse20": 0.0, "centre_pots_potter0_20": 0.65}
[pair_J] {"steps": 174080, "elapsed_s": 1503.6, "cramped_room_sparse20": 3.0, "cramped_room_potter0_20": 0.45, "centre_pots_sparse20": 0.0, "centre_pots_potter0_20": 0.75}
[pair_J] {"steps": 176128, "elapsed_s": 1520.7, "cramped_room_sparse20": 3.0, "cramped_room_potter0_20": 0.45, "centre_pots_sparse20": 0.0, "centre_pots_potter0_20": 0.75}
[pair_J] {"steps": 178176, "elapsed_s": 1547.9, "cramped_room_sparse20": 3.0, "cramped_room_potter0_20": 0.45, "centre_pots_sparse20": 0.0, "centre_pots_potter0_20": 0.75}
[pair_J] {"steps": 180224, "elapsed_s": 1562.4, "cramped_room_sparse20": 2.0, "cramped_room_potter0_20": 0.45, "centre_pots_sparse20": 0.0, "centre_pots_potter0_20": 0.75}
[pair_J] {"steps": 182272, "elapsed_s": 1580.7, "cramped_room_sparse20": 2.0, "cramped_room_potter0_20": 0.4, "centre_pots_sparse20": 0.0, "centre_pots_potter0_20": 0.7}
[pair_J] {"steps": 184320, "elapsed_s": 1593.3, "cramped_room_sparse20": 2.0, "cramped_room_potter0_20": 0.4, "centre_pots_sparse20": 0.0, "centre_pots_potter0_20": 0.7}
[pair_J] {"steps": 186368, "elapsed_s": 1604.0, "cramped_room_sparse20": 2.0, "cramped_room_potter0_20": 0.3, "centre_pots_sparse20": 0.0, "centre_pots_potter0_20": 0.65}
[pair_J] {"steps": 188416, "elapsed_s": 1614.0, "cramped_room_sparse20": 1.0, "cramped_room_potter0_20": 0.3, "centre_pots_sparse20": 0.0, "centre_pots_potter0_20": 0.55}
[pair_J] {"steps": 190464, "elapsed_s": 1624.7, "cramped_room_sparse20": 1.0, "cramped_room_potter0_20": 0.3, "centre_pots_sparse20": 0.0, "centre_pots_potter0_20": 0.5}
[pair_J] {"steps": 192512, "elapsed_s": 1636.7, "cramped_room_sparse20": 2.0, "cramped_room_potter0_20": 0.25, "centre_pots_sparse20": 0.0, "centre_pots_potter0_20": 0.5}
[pair_J] {"steps": 194560, "elapsed_s": 1647.2, "cramped_room_sparse20": 2.0, "cramped_room_potter0_20": 0.2, "centre_pots_sparse20": 0.0, "centre_pots_potter0_20": 0.35}
[pair_J] {"steps": 196608, "elapsed_s": 1670.4, "cramped_room_sparse20": 2.0, "cramped_room_potter0_20": 0.2, "centre_pots_sparse20": 0.0, "centre_pots_potter0_20": 0.35}
[pair_J] {"steps": 198656, "elapsed_s": 1678.2, "cramped_room_sparse20": 2.0, "cramped_room_potter0_20": 0.2, "centre_pots_sparse20": 0.0, "centre_pots_potter0_20": 0.35}
[pair_J] {"steps": 200704, "elapsed_s": 1692.4, "cramped_room_sparse20": 1.0, "cramped_room_potter0_20": 0.2, "centre_pots_sparse20": 0.0, "centre_pots_potter0_20": 0.3}
[pair_J] {"steps": 202752, "elapsed_s": 1702.4, "cramped_room_sparse20": 1.0, "cramped_room_potter0_20": 0.2, "centre_pots_sparse20": 0.0, "centre_pots_potter0_20": 0.35}
[pair_J] {"steps": 204800, "elapsed_s": 1715.7, "cramped_room_sparse20": 1.0, "cramped_room_potter0_20": 0.2, "centre_pots_sparse20": 0.0, "centre_pots_potter0_20": 0.45}
[pair_J] {"steps": 206848, "elapsed_s": 1727.5, "cramped_room_sparse20": 1.0, "cramped_room_potter0_20": 0.2, "centre_pots_sparse20": 0.0, "centre_pots_potter0_20": 0.5}
[pair_J] {"steps": 208896, "elapsed_s": 1738.1, "cramped_room_sparse20": 1.0, "cramped_room_potter0_20": 0.2, "centre_pots_sparse20": 0.0, "centre_pots_potter0_20": 0.5}
[pair_J] {"steps": 210944, "elapsed_s": 1748.0, "cramped_room_sparse20": 1.0, "cramped_room_potter0_20": 0.2, "centre_pots_sparse20": 0.0, "centre_pots_potter0_20": 0.6}
[pair_J] {"steps": 212992, "elapsed_s": 1758.9, "cramped_room_sparse20": 1.0, "cramped_room_potter0_20": 0.15, "centre_pots_sparse20": 0.0, "centre_pots_potter0_20": 0.6}
[pair_J] {"steps": 215040, "elapsed_s": 1767.4, "cramped_room_sparse20": 1.0, "cramped_room_potter0_20": 0.15, "centre_pots_sparse20": 0.0, "centre_pots_potter0_20": 0.55}
[pair_J] {"steps": 217088, "elapsed_s": 1777.6, "cramped_room_sparse20": 1.0, "cramped_room_potter0_20": 0.2, "centre_pots_sparse20": 0.0, "centre_pots_potter0_20": 0.55}
[pair_J] {"steps": 219136, "elapsed_s": 1787.8, "cramped_room_sparse20": 1.0, "cramped_room_potter0_20": 0.3, "centre_pots_sparse20": 0.0, "centre_pots_potter0_20": 0.5}
[pair_J] {"steps": 221184, "elapsed_s": 1797.2, "cramped_room_sparse20": 1.0, "cramped_room_potter0_20": 0.25, "centre_pots_sparse20": 0.0, "centre_pots_potter0_20": 0.6}
[pair_J] {"steps": 223232, "elapsed_s": 1807.0, "cramped_room_sparse20": 3.0, "cramped_room_potter0_20": 0.3, "centre_pots_sparse20": 0.0, "centre_pots_potter0_20": 0.6}
[pair_J] {"steps": 225280, "elapsed_s": 1818.4, "cramped_room_sparse20": 4.0, "cramped_room_potter0_20": 0.3, "centre_pots_sparse20": 0.0, "centre_pots_potter0_20": 0.5}
[pair_J] {"steps": 227328, "elapsed_s": 1829.7, "cramped_room_sparse20": 6.0, "cramped_room_potter0_20": 0.35, "centre_pots_sparse20": 0.0, "centre_pots_potter0_20": 0.45}
[pair_J] {"steps": 229376, "elapsed_s": 1843.8, "cramped_room_sparse20": 5.0, "cramped_room_potter0_20": 0.3, "centre_pots_sparse20": 0.0, "centre_pots_potter0_20": 0.55}
[pair_J] {"steps": 231424, "elapsed_s": 1855.4, "cramped_room_sparse20": 5.0, "cramped_room_potter0_20": 0.3, "centre_pots_sparse20": 0.0, "centre_pots_potter0_20": 0.6}
[pair_J] {"steps": 233472, "elapsed_s": 1868.0, "cramped_room_sparse20": 6.0, "cramped_room_potter0_20": 0.3, "centre_pots_sparse20": 0.0, "centre_pots_potter0_20": 0.65}
[pair_J] {"steps": 235520, "elapsed_s": 1880.3, "cramped_room_sparse20": 6.0, "cramped_room_potter0_20": 0.3, "centre_pots_sparse20": 0.0, "centre_pots_potter0_20": 0.65}
[pair_J] {"steps": 237568, "elapsed_s": 1895.4, "cramped_room_sparse20": 6.0, "cramped_room_potter0_20": 0.3, "centre_pots_sparse20": 0.0, "centre_pots_potter0_20": 0.55}
[pair_J] {"steps": 239616, "elapsed_s": 1905.3, "cramped_room_sparse20": 7.0, "cramped_room_potter0_20": 0.35, "centre_pots_sparse20": 0.0, "centre_pots_potter0_20": 0.6}
[pair_J] {"steps": 241664, "elapsed_s": 1913.1, "cramped_room_sparse20": 6.0, "cramped_room_potter0_20": 0.45, "centre_pots_sparse20": 0.0, "centre_pots_potter0_20": 0.5}
[pair_J] {"steps": 243712, "elapsed_s": 1922.1, "cramped_room_sparse20": 6.0, "cramped_room_potter0_20": 0.35, "centre_pots_sparse20": 0.0, "centre_pots_potter0_20": 0.35}
[pair_J] {"steps": 245760, "elapsed_s": 1931.4, "cramped_room_sparse20": 5.0, "cramped_room_potter0_20": 0.35, "centre_pots_sparse20": 0.0, "centre_pots_potter0_20": 0.3}
[pair_J] {"steps": 247808, "elapsed_s": 1940.2, "cramped_room_sparse20": 4.0, "cramped_room_potter0_20": 0.4, "centre_pots_sparse20": 0.0, "centre_pots_potter0_20": 0.4}
[pair_J] {"steps": 249856, "elapsed_s": 1949.6, "cramped_room_sparse20": 3.0, "cramped_room_potter0_20": 0.4, "centre_pots_sparse20": 0.0, "centre_pots_potter0_20": 0.5}
[pair_J] {"steps": 251904, "elapsed_s": 1958.6, "cramped_room_sparse20": 4.0, "cramped_room_potter0_20": 0.45, "centre_pots_sparse20": 0.0, "centre_pots_potter0_20": 0.45}
[pair_J] {"steps": 253952, "elapsed_s": 1965.9, "cramped_room_sparse20": 3.0, "cramped_room_potter0_20": 0.4, "centre_pots_sparse20": 0.0, "centre_pots_potter0_20": 0.4}
[pair_J] {"steps": 256000, "elapsed_s": 1975.4, "cramped_room_sparse20": 6.0, "cramped_room_potter0_20": 0.35, "centre_pots_sparse20": 0.0, "centre_pots_potter0_20": 0.35}
[pair_J] {"steps": 258048, "elapsed_s": 1983.6, "cramped_room_sparse20": 6.0, "cramped_room_potter0_20": 0.35, "centre_pots_sparse20": 1.0, "centre_pots_potter0_20": 0.35}
[pair_J] {"steps": 260096, "elapsed_s": 1991.7, "cramped_room_sparse20": 8.0, "cramped_room_potter0_20": 0.35, "centre_pots_sparse20": 1.0, "centre_pots_potter0_20": 0.45}
[pair_J] {"steps": 262144, "elapsed_s": 2000.1, "cramped_room_sparse20": 10.0, "cramped_room_potter0_20": 0.3, "centre_pots_sparse20": 1.0, "centre_pots_potter0_20": 0.45}
[pair_J] {"steps": 264192, "elapsed_s": 2006.3, "cramped_room_sparse20": 9.0, "cramped_room_potter0_20": 0.25, "centre_pots_sparse20": 1.0, "centre_pots_potter0_20": 0.5}
[pair_J] {"steps": 266240, "elapsed_s": 2016.5, "cramped_room_sparse20": 9.0, "cramped_room_potter0_20": 0.3, "centre_pots_sparse20": 1.0, "centre_pots_potter0_20": 0.35}
[pair_J] {"steps": 268288, "elapsed_s": 2025.0, "cramped_room_sparse20": 6.0, "cramped_room_potter0_20": 0.2, "centre_pots_sparse20": 1.0, "centre_pots_potter0_20": 0.3}
[pair_J] {"steps": 270336, "elapsed_s": 2034.4, "cramped_room_sparse20": 7.0, "cramped_room_potter0_20": 0.2, "centre_pots_sparse20": 1.0, "centre_pots_potter0_20": 0.3}
[pair_J] {"steps": 272384, "elapsed_s": 2045.3, "cramped_room_sparse20": 8.0, "cramped_room_potter0_20": 0.15, "centre_pots_sparse20": 1.0, "centre_pots_potter0_20": 0.35}
[pair_J] {"steps": 274432, "elapsed_s": 2053.5, "cramped_room_sparse20": 7.0, "cramped_room_potter0_20": 0.15, "centre_pots_sparse20": 0.0, "centre_pots_potter0_20": 0.4}
[pair_J] {"steps": 276480, "elapsed_s": 2059.6, "cramped_room_sparse20": 5.0, "cramped_room_potter0_20": 0.25, "centre_pots_sparse20": 1.0, "centre_pots_potter0_20": 0.4}
[pair_J] {"steps": 278528, "elapsed_s": 2066.9, "cramped_room_sparse20": 4.0, "cramped_room_potter0_20": 0.2, "centre_pots_sparse20": 1.0, "centre_pots_potter0_20": 0.4}
[pair_J] {"steps": 280576, "elapsed_s": 2079.1, "cramped_room_sparse20": 4.0, "cramped_room_potter0_20": 0.2, "centre_pots_sparse20": 1.0, "centre_pots_potter0_20": 0.35}
[pair_J] {"steps": 282624, "elapsed_s": 2088.3, "cramped_room_sparse20": 4.0, "cramped_room_potter0_20": 0.2, "centre_pots_sparse20": 2.0, "centre_pots_potter0_20": 0.5}
[pair_J] {"steps": 284672, "elapsed_s": 2095.5, "cramped_room_sparse20": 5.0, "cramped_room_potter0_20": 0.15, "centre_pots_sparse20": 2.0, "centre_pots_potter0_20": 0.45}
[pair_J] {"steps": 286720, "elapsed_s": 2107.3, "cramped_room_sparse20": 5.0, "cramped_room_potter0_20": 0.2, "centre_pots_sparse20": 2.0, "centre_pots_potter0_20": 0.35}
[pair_J] {"steps": 288768, "elapsed_s": 2118.4, "cramped_room_sparse20": 3.0, "cramped_room_potter0_20": 0.2, "centre_pots_sparse20": 3.0, "centre_pots_potter0_20": 0.3}
[pair_J] {"steps": 290816, "elapsed_s": 2127.5, "cramped_room_sparse20": 5.0, "cramped_room_potter0_20": 0.25, "centre_pots_sparse20": 2.0, "centre_pots_potter0_20": 0.35}
[pair_J] {"steps": 292864, "elapsed_s": 2137.2, "cramped_room_sparse20": 8.0, "cramped_room_potter0_20": 0.25, "centre_pots_sparse20": 2.0, "centre_pots_potter0_20": 0.35}
[pair_J] {"steps": 294912, "elapsed_s": 2144.4, "cramped_room_sparse20": 11.0, "cramped_room_potter0_20": 0.25, "centre_pots_sparse20": 2.0, "centre_pots_potter0_20": 0.35}
[pair_J] {"steps": 296960, "elapsed_s": 2154.1, "cramped_room_sparse20": 10.0, "cramped_room_potter0_20": 0.25, "centre_pots_sparse20": 2.0, "centre_pots_potter0_20": 0.35}
[pair_J] {"steps": 299008, "elapsed_s": 2161.2, "cramped_room_sparse20": 13.0, "cramped_room_potter0_20": 0.25, "centre_pots_sparse20": 2.0, "centre_pots_potter0_20": 0.4}
[pair_J] {"steps": 301056, "elapsed_s": 2169.9, "cramped_room_sparse20": 16.0, "cramped_room_potter0_20": 0.3, "centre_pots_sparse20": 2.0, "centre_pots_potter0_20": 0.35}
[pair_J] {"steps": 303104, "elapsed_s": 2177.9, "cramped_room_sparse20": 16.0, "cramped_room_potter0_20": 0.25, "centre_pots_sparse20": 1.0, "centre_pots_potter0_20": 0.4}
[pair_J] {"steps": 305152, "elapsed_s": 2187.8, "cramped_room_sparse20": 17.0, "cramped_room_potter0_20": 0.2, "centre_pots_sparse20": 1.0, "centre_pots_potter0_20": 0.4}
[pair_J] {"steps": 307200, "elapsed_s": 2198.0, "cramped_room_sparse20": 15.0, "cramped_room_potter0_20": 0.2, "centre_pots_sparse20": 2.0, "centre_pots_potter0_20": 0.4}
[pair_J] {"steps": 309248, "elapsed_s": 2210.7, "cramped_room_sparse20": 13.0, "cramped_room_potter0_20": 0.1, "centre_pots_sparse20": 1.0, "centre_pots_potter0_20": 0.45}
[pair_J] {"steps": 311296, "elapsed_s": 2222.9, "cramped_room_sparse20": 13.0, "cramped_room_potter0_20": 0.1, "centre_pots_sparse20": 1.0, "centre_pots_potter0_20": 0.4}
[pair_J] {"steps": 313344, "elapsed_s": 2233.4, "cramped_room_sparse20": 13.0, "cramped_room_potter0_20": 0.05, "centre_pots_sparse20": 2.0, "centre_pots_potter0_20": 0.45}
[pair_J] {"steps": 315392, "elapsed_s": 2244.3, "cramped_room_sparse20": 12.0, "cramped_room_potter0_20": 0.1, "centre_pots_sparse20": 2.0, "centre_pots_potter0_20": 0.45}
[pair_J] {"steps": 317440, "elapsed_s": 2250.6, "cramped_room_sparse20": 9.0, "cramped_room_potter0_20": 0.05, "centre_pots_sparse20": 2.0, "centre_pots_potter0_20": 0.4}
[pair_J] {"steps": 319488, "elapsed_s": 2253.7, "cramped_room_sparse20": 10.0, "cramped_room_potter0_20": 0.05, "centre_pots_sparse20": 3.0, "centre_pots_potter0_20": 0.3}
[pair_J] {"steps": 321536, "elapsed_s": 2257.2, "cramped_room_sparse20": 9.0, "cramped_room_potter0_20": 0.05, "centre_pots_sparse20": 2.0, "centre_pots_potter0_20": 0.35}
[pair_J] {"steps": 323584, "elapsed_s": 2260.8, "cramped_room_sparse20": 8.0, "cramped_room_potter0_20": 0.1, "centre_pots_sparse20": 2.0, "centre_pots_potter0_20": 0.35}
[pair_J] {"steps": 325632, "elapsed_s": 2265.6, "cramped_room_sparse20": 9.0, "cramped_room_potter0_20": 0.15, "centre_pots_sparse20": 2.0, "centre_pots_potter0_20": 0.4}
[pair_J] {"steps": 327680, "elapsed_s": 2270.2, "cramped_room_sparse20": 9.0, "cramped_room_potter0_20": 0.15, "centre_pots_sparse20": 1.0, "centre_pots_potter0_20": 0.4}
[pair_J] {"steps": 329728, "elapsed_s": 2275.7, "cramped_room_sparse20": 9.0, "cramped_room_potter0_20": 0.2, "centre_pots_sparse20": 1.0, "centre_pots_potter0_20": 0.45}
[pair_J] {"steps": 331776, "elapsed_s": 2281.5, "cramped_room_sparse20": 8.0, "cramped_room_potter0_20": 0.2, "centre_pots_sparse20": 2.0, "centre_pots_potter0_20": 0.5}
[pair_J] {"steps": 333824, "elapsed_s": 2285.7, "cramped_room_sparse20": 8.0, "cramped_room_potter0_20": 0.2, "centre_pots_sparse20": 1.0, "centre_pots_potter0_20": 0.6}
[pair_J] {"steps": 335872, "elapsed_s": 2290.6, "cramped_room_sparse20": 9.0, "cramped_room_potter0_20": 0.3, "centre_pots_sparse20": 1.0, "centre_pots_potter0_20": 0.55}
[pair_J] {"steps": 337920, "elapsed_s": 2293.9, "cramped_room_sparse20": 8.0, "cramped_room_potter0_20": 0.3, "centre_pots_sparse20": 3.0, "centre_pots_potter0_20": 0.55}
[pair_J] {"steps": 339968, "elapsed_s": 2296.9, "cramped_room_sparse20": 10.0, "cramped_room_potter0_20": 0.3, "centre_pots_sparse20": 3.0, "centre_pots_potter0_20": 0.45}
[pair_J] {"steps": 342016, "elapsed_s": 2299.2, "cramped_room_sparse20": 10.0, "cramped_room_potter0_20": 0.35, "centre_pots_sparse20": 3.0, "centre_pots_potter0_20": 0.4}
[pair_J] {"steps": 344064, "elapsed_s": 2303.9, "cramped_room_sparse20": 11.0, "cramped_room_potter0_20": 0.3, "centre_pots_sparse20": 2.0, "centre_pots_potter0_20": 0.4}
[pair_J] {"steps": 346112, "elapsed_s": 2308.4, "cramped_room_sparse20": 13.0, "cramped_room_potter0_20": 0.35, "centre_pots_sparse20": 2.0, "centre_pots_potter0_20": 0.4}
[pair_J] {"steps": 348160, "elapsed_s": 2313.3, "cramped_room_sparse20": 14.0, "cramped_room_potter0_20": 0.35, "centre_pots_sparse20": 3.0, "centre_pots_potter0_20": 0.3}
[pair_J] {"steps": 350208, "elapsed_s": 2321.4, "cramped_room_sparse20": 17.0, "cramped_room_potter0_20": 0.3, "centre_pots_sparse20": 1.0, "centre_pots_potter0_20": 0.35}
[pair_J] {"steps": 352256, "elapsed_s": 2327.5, "cramped_room_sparse20": 17.0, "cramped_room_potter0_20": 0.3, "centre_pots_sparse20": 1.0, "centre_pots_potter0_20": 0.45}
[pair_J] {"steps": 354304, "elapsed_s": 2334.1, "cramped_room_sparse20": 17.0, "cramped_room_potter0_20": 0.4, "centre_pots_sparse20": 2.0, "centre_pots_potter0_20": 0.4}
[pair_J] {"steps": 356352, "elapsed_s": 2339.1, "cramped_room_sparse20": 19.0, "cramped_room_potter0_20": 0.35, "centre_pots_sparse20": 4.0, "centre_pots_potter0_20": 0.35}
[pair_J] {"steps": 358400, "elapsed_s": 2345.5, "cramped_room_sparse20": 23.0, "cramped_room_potter0_20": 0.4, "centre_pots_sparse20": 4.0, "centre_pots_potter0_20": 0.25}
[pair_J] {"steps": 360448, "elapsed_s": 2351.5, "cramped_room_sparse20": 19.0, "cramped_room_potter0_20": 0.4, "centre_pots_sparse20": 4.0, "centre_pots_potter0_20": 0.3}
[pair_J] {"steps": 362496, "elapsed_s": 2358.1, "cramped_room_sparse20": 17.0, "cramped_room_potter0_20": 0.35, "centre_pots_sparse20": 4.0, "centre_pots_potter0_20": 0.3}
[pair_J] {"steps": 364544, "elapsed_s": 2364.3, "cramped_room_sparse20": 18.0, "cramped_room_potter0_20": 0.35, "centre_pots_sparse20": 5.0, "centre_pots_potter0_20": 0.2}
[pair_J] {"steps": 366592, "elapsed_s": 2370.8, "cramped_room_sparse20": 18.0, "cramped_room_potter0_20": 0.4, "centre_pots_sparse20": 5.0, "centre_pots_potter0_20": 0.15}
[pair_J] {"steps": 368640, "elapsed_s": 2376.2, "cramped_room_sparse20": 18.0, "cramped_room_potter0_20": 0.4, "centre_pots_sparse20": 4.0, "centre_pots_potter0_20": 0.2}
[pair_J] {"steps": 370688, "elapsed_s": 2381.9, "cramped_room_sparse20": 19.0, "cramped_room_potter0_20": 0.45, "centre_pots_sparse20": 2.0, "centre_pots_potter0_20": 0.2}
[pair_J] {"steps": 372736, "elapsed_s": 2386.5, "cramped_room_sparse20": 20.0, "cramped_room_potter0_20": 0.4, "centre_pots_sparse20": 3.0, "centre_pots_potter0_20": 0.3}
[pair_J] {"steps": 374784, "elapsed_s": 2393.0, "cramped_room_sparse20": 14.0, "cramped_room_potter0_20": 0.35, "centre_pots_sparse20": 3.0, "centre_pots_potter0_20": 0.3}
[pair_J] {"steps": 376832, "elapsed_s": 2398.8, "cramped_room_sparse20": 12.0, "cramped_room_potter0_20": 0.3, "centre_pots_sparse20": 2.0, "centre_pots_potter0_20": 0.3}
[pair_J] {"steps": 378880, "elapsed_s": 2405.2, "cramped_room_sparse20": 14.0, "cramped_room_potter0_20": 0.35, "centre_pots_sparse20": 2.0, "centre_pots_potter0_20": 0.35}
[pair_J] {"steps": 380928, "elapsed_s": 2412.8, "cramped_room_sparse20": 12.0, "cramped_room_potter0_20": 0.3, "centre_pots_sparse20": 2.0, "centre_pots_potter0_20": 0.4}
[pair_J] {"steps": 382976, "elapsed_s": 2419.3, "cramped_room_sparse20": 9.0, "cramped_room_potter0_20": 0.35, "centre_pots_sparse20": 2.0, "centre_pots_potter0_20": 0.4}
[pair_J] {"steps": 385024, "elapsed_s": 2426.4, "cramped_room_sparse20": 11.0, "cramped_room_potter0_20": 0.3, "centre_pots_sparse20": 2.0, "centre_pots_potter0_20": 0.4}
[pair_J] {"steps": 387072, "elapsed_s": 2432.3, "cramped_room_sparse20": 11.0, "cramped_room_potter0_20": 0.3, "centre_pots_sparse20": 3.0, "centre_pots_potter0_20": 0.55}
[pair_J] {"steps": 389120, "elapsed_s": 2437.2, "cramped_room_sparse20": 15.0, "cramped_room_potter0_20": 0.3, "centre_pots_sparse20": 2.0, "centre_pots_potter0_20": 0.45}
[pair_J] {"steps": 391168, "elapsed_s": 2443.2, "cramped_room_sparse20": 17.0, "cramped_room_potter0_20": 0.3, "centre_pots_sparse20": 2.0, "centre_pots_potter0_20": 0.45}
[pair_J] {"steps": 393216, "elapsed_s": 2449.1, "cramped_room_sparse20": 20.0, "cramped_room_potter0_20": 0.3, "centre_pots_sparse20": 1.0, "centre_pots_potter0_20": 0.4}
[pair_J] {"steps": 395264, "elapsed_s": 2454.9, "cramped_room_sparse20": 21.0, "cramped_room_potter0_20": 0.3, "centre_pots_sparse20": 2.0, "centre_pots_potter0_20": 0.35}
[pair_J] {"steps": 397312, "elapsed_s": 2459.4, "cramped_room_sparse20": 20.0, "cramped_room_potter0_20": 0.3, "centre_pots_sparse20": 2.0, "centre_pots_potter0_20": 0.4}
[pair_J] {"steps": 399360, "elapsed_s": 2465.1, "cramped_room_sparse20": 19.0, "cramped_room_potter0_20": 0.35, "centre_pots_sparse20": 2.0, "centre_pots_potter0_20": 0.4}
[pair_J] {"steps": 401408, "elapsed_s": 2472.4, "cramped_room_sparse20": 20.0, "cramped_room_potter0_20": 0.3, "centre_pots_sparse20": 4.0, "centre_pots_potter0_20": 0.3}
[pair_J] {"steps": 403456, "elapsed_s": 2478.9, "cramped_room_sparse20": 21.0, "cramped_room_potter0_20": 0.35, "centre_pots_sparse20": 8.0, "centre_pots_potter0_20": 0.35}
[pair_J] {"steps": 405504, "elapsed_s": 2484.5, "cramped_room_sparse20": 18.0, "cramped_room_potter0_20": 0.35, "centre_pots_sparse20": 8.0, "centre_pots_potter0_20": 0.4}
[pair_J] {"steps": 407552, "elapsed_s": 2488.6, "cramped_room_sparse20": 17.0, "cramped_room_potter0_20": 0.4, "centre_pots_sparse20": 8.0, "centre_pots_potter0_20": 0.5}
[pair_J] {"steps": 409600, "elapsed_s": 2492.8, "cramped_room_sparse20": 16.0, "cramped_room_potter0_20": 0.45, "centre_pots_sparse20": 10.0, "centre_pots_potter0_20": 0.4}
[pair_J] {"steps": 411648, "elapsed_s": 2497.7, "cramped_room_sparse20": 17.0, "cramped_room_potter0_20": 0.45, "centre_pots_sparse20": 10.0, "centre_pots_potter0_20": 0.35}
[pair_J] {"steps": 413696, "elapsed_s": 2502.8, "cramped_room_sparse20": 19.0, "cramped_room_potter0_20": 0.45, "centre_pots_sparse20": 10.0, "centre_pots_potter0_20": 0.35}
[pair_J] {"steps": 415744, "elapsed_s": 2508.0, "cramped_room_sparse20": 20.0, "cramped_room_potter0_20": 0.4, "centre_pots_sparse20": 11.0, "centre_pots_potter0_20": 0.45}
[pair_J] {"steps": 417792, "elapsed_s": 2512.1, "cramped_room_sparse20": 22.0, "cramped_room_potter0_20": 0.3, "centre_pots_sparse20": 10.0, "centre_pots_potter0_20": 0.5}
[pair_J] {"steps": 419840, "elapsed_s": 2517.9, "cramped_room_sparse20": 22.0, "cramped_room_potter0_20": 0.25, "centre_pots_sparse20": 7.0, "centre_pots_potter0_20": 0.5}
[pair_J] {"steps": 421888, "elapsed_s": 2522.4, "cramped_room_sparse20": 23.0, "cramped_room_potter0_20": 0.35, "centre_pots_sparse20": 6.0, "centre_pots_potter0_20": 0.45}
[pair_J] {"steps": 423936, "elapsed_s": 2527.8, "cramped_room_sparse20": 23.0, "cramped_room_potter0_20": 0.35, "centre_pots_sparse20": 5.0, "centre_pots_potter0_20": 0.5}
[pair_J] {"steps": 425984, "elapsed_s": 2533.1, "cramped_room_sparse20": 24.0, "cramped_room_potter0_20": 0.4, "centre_pots_sparse20": 7.0, "centre_pots_potter0_20": 0.45}
[pair_J] {"steps": 428032, "elapsed_s": 2538.2, "cramped_room_sparse20": 23.0, "cramped_room_potter0_20": 0.45, "centre_pots_sparse20": 6.0, "centre_pots_potter0_20": 0.5}
[pair_J] {"steps": 430080, "elapsed_s": 2542.4, "cramped_room_sparse20": 28.0, "cramped_room_potter0_20": 0.55, "centre_pots_sparse20": 6.0, "centre_pots_potter0_20": 0.5}
[pair_J] {"steps": 432128, "elapsed_s": 2548.0, "cramped_room_sparse20": 29.0, "cramped_room_potter0_20": 0.55, "centre_pots_sparse20": 5.0, "centre_pots_potter0_20": 0.55}
[pair_J] {"steps": 434176, "elapsed_s": 2554.3, "cramped_room_sparse20": 30.0, "cramped_room_potter0_20": 0.5, "centre_pots_sparse20": 6.0, "centre_pots_potter0_20": 0.55}
[pair_J] {"steps": 436224, "elapsed_s": 2560.3, "cramped_room_sparse20": 33.0, "cramped_room_potter0_20": 0.5, "centre_pots_sparse20": 4.0, "centre_pots_potter0_20": 0.5}
[pair_J] {"steps": 438272, "elapsed_s": 2578.2, "cramped_room_sparse20": 33.0, "cramped_room_potter0_20": 0.5, "centre_pots_sparse20": 4.0, "centre_pots_potter0_20": 0.5}
[pair_J] {"steps": 440320, "elapsed_s": 2585.6, "cramped_room_sparse20": 31.0, "cramped_room_potter0_20": 0.4, "centre_pots_sparse20": 6.0, "centre_pots_potter0_20": 0.45}
[pair_J] {"steps": 442368, "elapsed_s": 2596.6, "cramped_room_sparse20": 31.0, "cramped_room_potter0_20": 0.4, "centre_pots_sparse20": 4.0, "centre_pots_potter0_20": 0.5}
[pair_J] {"steps": 444416, "elapsed_s": 2602.2, "cramped_room_sparse20": 27.0, "cramped_room_potter0_20": 0.5, "centre_pots_sparse20": 4.0, "centre_pots_potter0_20": 0.5}
[pair_J] {"steps": 446464, "elapsed_s": 2607.3, "cramped_room_sparse20": 27.0, "cramped_room_potter0_20": 0.65, "centre_pots_sparse20": 5.0, "centre_pots_potter0_20": 0.5}
[pair_J] {"steps": 448512, "elapsed_s": 2618.0, "cramped_room_sparse20": 26.0, "cramped_room_potter0_20": 0.6, "centre_pots_sparse20": 7.0, "centre_pots_potter0_20": 0.45}
[pair_J] {"steps": 450560, "elapsed_s": 2633.8, "cramped_room_sparse20": 23.0, "cramped_room_potter0_20": 0.6, "centre_pots_sparse20": 7.0, "centre_pots_potter0_20": 0.45}
[pair_J] {"steps": 452608, "elapsed_s": 2644.2, "cramped_room_sparse20": 27.0, "cramped_room_potter0_20": 0.75, "centre_pots_sparse20": 7.0, "centre_pots_potter0_20": 0.45}
[pair_J] {"steps": 454656, "elapsed_s": 2651.3, "cramped_room_sparse20": 27.0, "cramped_room_potter0_20": 0.7, "centre_pots_sparse20": 7.0, "centre_pots_potter0_20": 0.45}
[pair_J] {"steps": 456704, "elapsed_s": 2657.5, "cramped_room_sparse20": 27.0, "cramped_room_potter0_20": 0.65, "centre_pots_sparse20": 7.0, "centre_pots_potter0_20": 0.4}
[pair_J] {"steps": 458752, "elapsed_s": 2663.1, "cramped_room_sparse20": 28.0, "cramped_room_potter0_20": 0.6, "centre_pots_sparse20": 7.0, "centre_pots_potter0_20": 0.4}
[pair_J] {"steps": 460800, "elapsed_s": 2670.2, "cramped_room_sparse20": 27.0, "cramped_room_potter0_20": 0.55, "centre_pots_sparse20": 6.0, "centre_pots_potter0_20": 0.35}
[pair_J] {"steps": 462848, "elapsed_s": 2674.8, "cramped_room_sparse20": 26.0, "cramped_room_potter0_20": 0.5, "centre_pots_sparse20": 5.0, "centre_pots_potter0_20": 0.35}
[pair_J] {"steps": 464896, "elapsed_s": 2680.6, "cramped_room_sparse20": 26.0, "cramped_room_potter0_20": 0.5, "centre_pots_sparse20": 6.0, "centre_pots_potter0_20": 0.35}
[pair_J] {"steps": 466944, "elapsed_s": 2687.8, "cramped_room_sparse20": 26.0, "cramped_room_potter0_20": 0.45, "centre_pots_sparse20": 7.0, "centre_pots_potter0_20": 0.4}
[pair_J] {"steps": 468992, "elapsed_s": 2700.7, "cramped_room_sparse20": 25.0, "cramped_room_potter0_20": 0.4, "centre_pots_sparse20": 9.0, "centre_pots_potter0_20": 0.5}
[pair_J] {"steps": 471040, "elapsed_s": 2711.6, "cramped_room_sparse20": 22.0, "cramped_room_potter0_20": 0.3, "centre_pots_sparse20": 9.0, "centre_pots_potter0_20": 0.6}
[pair_J] {"steps": 473088, "elapsed_s": 2721.5, "cramped_room_sparse20": 21.0, "cramped_room_potter0_20": 0.3, "centre_pots_sparse20": 10.0, "centre_pots_potter0_20": 0.55}
[pair_J] {"steps": 475136, "elapsed_s": 2727.6, "cramped_room_sparse20": 21.0, "cramped_room_potter0_20": 0.35, "centre_pots_sparse20": 10.0, "centre_pots_potter0_20": 0.55}
[pair_J] {"steps": 477184, "elapsed_s": 2732.8, "cramped_room_sparse20": 20.0, "cramped_room_potter0_20": 0.35, "centre_pots_sparse20": 9.0, "centre_pots_potter0_20": 0.55}
[pair_J] {"steps": 479232, "elapsed_s": 2739.9, "cramped_room_sparse20": 18.0, "cramped_room_potter0_20": 0.25, "centre_pots_sparse20": 8.0, "centre_pots_potter0_20": 0.6}
[pair_J] {"steps": 481280, "elapsed_s": 2746.9, "cramped_room_sparse20": 21.0, "cramped_room_potter0_20": 0.35, "centre_pots_sparse20": 8.0, "centre_pots_potter0_20": 0.55}
[pair_J] {"steps": 483328, "elapsed_s": 2752.8, "cramped_room_sparse20": 24.0, "cramped_room_potter0_20": 0.3, "centre_pots_sparse20": 7.0, "centre_pots_potter0_20": 0.55}
[pair_J] {"steps": 485376, "elapsed_s": 2759.0, "cramped_room_sparse20": 27.0, "cramped_room_potter0_20": 0.35, "centre_pots_sparse20": 7.0, "centre_pots_potter0_20": 0.45}
[pair_J] {"steps": 487424, "elapsed_s": 2764.0, "cramped_room_sparse20": 31.0, "cramped_room_potter0_20": 0.3, "centre_pots_sparse20": 7.0, "centre_pots_potter0_20": 0.4}
[pair_J] {"steps": 489472, "elapsed_s": 2770.4, "cramped_room_sparse20": 33.0, "cramped_room_potter0_20": 0.3, "centre_pots_sparse20": 7.0, "centre_pots_potter0_20": 0.45}
[pair_J] {"steps": 491520, "elapsed_s": 2774.9, "cramped_room_sparse20": 33.0, "cramped_room_potter0_20": 0.25, "centre_pots_sparse20": 6.0, "centre_pots_potter0_20": 0.5}
[pair_J] {"steps": 493568, "elapsed_s": 2780.8, "cramped_room_sparse20": 34.0, "cramped_room_potter0_20": 0.25, "centre_pots_sparse20": 7.0, "centre_pots_potter0_20": 0.5}
[pair_J] {"steps": 495616, "elapsed_s": 2786.6, "cramped_room_sparse20": 35.0, "cramped_room_potter0_20": 0.15, "centre_pots_sparse20": 8.0, "centre_pots_potter0_20": 0.5}
[pair_J] {"steps": 497664, "elapsed_s": 2792.1, "cramped_room_sparse20": 36.0, "cramped_room_potter0_20": 0.15, "centre_pots_sparse20": 6.0, "centre_pots_potter0_20": 0.5}
[pair_J] {"steps": 499712, "elapsed_s": 2805.4, "cramped_room_sparse20": 30.0, "cramped_room_potter0_20": 0.15, "centre_pots_sparse20": 6.0, "centre_pots_potter0_20": 0.5}
[pair_J] {"steps": 501760, "elapsed_s": 2818.0, "cramped_room_sparse20": 30.0, "cramped_room_potter0_20": 0.25, "centre_pots_sparse20": 7.0, "centre_pots_potter0_20": 0.5}
[pair_J] {"steps": 503808, "elapsed_s": 2828.1, "cramped_room_sparse20": 30.0, "cramped_room_potter0_20": 0.35, "centre_pots_sparse20": 7.0, "centre_pots_potter0_20": 0.5}
[pair_J] {"steps": 505856, "elapsed_s": 2835.3, "cramped_room_sparse20": 31.0, "cramped_room_potter0_20": 0.5, "centre_pots_sparse20": 8.0, "centre_pots_potter0_20": 0.55}
[pair_J] {"steps": 507904, "elapsed_s": 2841.4, "cramped_room_sparse20": 30.0, "cramped_room_potter0_20": 0.55, "centre_pots_sparse20": 8.0, "centre_pots_potter0_20": 0.5}
[pair_J] {"steps": 509952, "elapsed_s": 2849.3, "cramped_room_sparse20": 28.0, "cramped_room_potter0_20": 0.6, "centre_pots_sparse20": 10.0, "centre_pots_potter0_20": 0.5}
[pair_J] {"steps": 512000, "elapsed_s": 2857.3, "cramped_room_sparse20": 28.0, "cramped_room_potter0_20": 0.7, "centre_pots_sparse20": 9.0, "centre_pots_potter0_20": 0.55}
[pair_J] {"steps": 514048, "elapsed_s": 2862.8, "cramped_room_sparse20": 27.0, "cramped_room_potter0_20": 0.7, "centre_pots_sparse20": 7.0, "centre_pots_potter0_20": 0.5}
[pair_J] {"steps": 516096, "elapsed_s": 2871.1, "cramped_room_sparse20": 26.0, "cramped_room_potter0_20": 0.7, "centre_pots_sparse20": 7.0, "centre_pots_potter0_20": 0.5}
[pair_J] {"steps": 518144, "elapsed_s": 2878.0, "cramped_room_sparse20": 26.0, "cramped_room_potter0_20": 0.7, "centre_pots_sparse20": 7.0, "centre_pots_potter0_20": 0.55}
[pair_J] {"steps": 520192, "elapsed_s": 2884.7, "cramped_room_sparse20": 28.0, "cramped_room_potter0_20": 0.6, "centre_pots_sparse20": 8.0, "centre_pots_potter0_20": 0.6}
[pair_J] {"steps": 522240, "elapsed_s": 2889.1, "cramped_room_sparse20": 25.0, "cramped_room_potter0_20": 0.6, "centre_pots_sparse20": 7.0, "centre_pots_potter0_20": 0.55}
[pair_J] {"steps": 524288, "elapsed_s": 2895.1, "cramped_room_sparse20": 27.0, "cramped_room_potter0_20": 0.6, "centre_pots_sparse20": 7.0, "centre_pots_potter0_20": 0.45}
[pair_J] {"steps": 526336, "elapsed_s": 2901.4, "cramped_room_sparse20": 26.0, "cramped_room_potter0_20": 0.5, "centre_pots_sparse20": 8.0, "centre_pots_potter0_20": 0.5}
[pair_J] {"steps": 528384, "elapsed_s": 2910.4, "cramped_room_sparse20": 25.0, "cramped_room_potter0_20": 0.55, "centre_pots_sparse20": 9.0, "centre_pots_potter0_20": 0.45}
[pair_J] {"steps": 530432, "elapsed_s": 2918.1, "cramped_room_sparse20": 25.0, "cramped_room_potter0_20": 0.45, "centre_pots_sparse20": 9.0, "centre_pots_potter0_20": 0.45}
[pair_J] {"steps": 532480, "elapsed_s": 2923.5, "cramped_room_sparse20": 26.0, "cramped_room_potter0_20": 0.45, "centre_pots_sparse20": 6.0, "centre_pots_potter0_20": 0.3}
[pair_J] {"steps": 534528, "elapsed_s": 2931.2, "cramped_room_sparse20": 29.0, "cramped_room_potter0_20": 0.45, "centre_pots_sparse20": 5.0, "centre_pots_potter0_20": 0.4}
[pair_J] {"steps": 536576, "elapsed_s": 2939.5, "cramped_room_sparse20": 27.0, "cramped_room_potter0_20": 0.4, "centre_pots_sparse20": 3.0, "centre_pots_potter0_20": 0.4}
[pair_J] {"steps": 538624, "elapsed_s": 2943.8, "cramped_room_sparse20": 28.0, "cramped_room_potter0_20": 0.4, "centre_pots_sparse20": 3.0, "centre_pots_potter0_20": 0.4}
[pair_J] {"steps": 540672, "elapsed_s": 2951.4, "cramped_room_sparse20": 30.0, "cramped_room_potter0_20": 0.3, "centre_pots_sparse20": 3.0, "centre_pots_potter0_20": 0.4}
[pair_J] {"steps": 542720, "elapsed_s": 2958.6, "cramped_room_sparse20": 32.0, "cramped_room_potter0_20": 0.25, "centre_pots_sparse20": 2.0, "centre_pots_potter0_20": 0.45}
[pair_J] {"steps": 544768, "elapsed_s": 2967.4, "cramped_room_sparse20": 32.0, "cramped_room_potter0_20": 0.2, "centre_pots_sparse20": 2.0, "centre_pots_potter0_20": 0.35}
[pair_J] {"steps": 546816, "elapsed_s": 2984.2, "cramped_room_sparse20": 28.0, "cramped_room_potter0_20": 0.25, "centre_pots_sparse20": 2.0, "centre_pots_potter0_20": 0.35}
[pair_J] {"steps": 548864, "elapsed_s": 2991.0, "cramped_room_sparse20": 28.0, "cramped_room_potter0_20": 0.25, "centre_pots_sparse20": 2.0, "centre_pots_potter0_20": 0.35}
[pair_J] {"steps": 550912, "elapsed_s": 2995.0, "cramped_room_sparse20": 28.0, "cramped_room_potter0_20": 0.2, "centre_pots_sparse20": 5.0, "centre_pots_potter0_20": 0.4}
[pair_J] {"steps": 552960, "elapsed_s": 3001.9, "cramped_room_sparse20": 30.0, "cramped_room_potter0_20": 0.25, "centre_pots_sparse20": 6.0, "centre_pots_potter0_20": 0.3}
[pair_J] {"steps": 555008, "elapsed_s": 3008.3, "cramped_room_sparse20": 30.0, "cramped_room_potter0_20": 0.25, "centre_pots_sparse20": 6.0, "centre_pots_potter0_20": 0.3}
[pair_J] {"steps": 557056, "elapsed_s": 3018.9, "cramped_room_sparse20": 31.0, "cramped_room_potter0_20": 0.25, "centre_pots_sparse20": 8.0, "centre_pots_potter0_20": 0.35}
[pair_J] {"steps": 559104, "elapsed_s": 3022.5, "cramped_room_sparse20": 30.0, "cramped_room_potter0_20": 0.25, "centre_pots_sparse20": 9.0, "centre_pots_potter0_20": 0.45}
[pair_J] {"steps": 561152, "elapsed_s": 3027.6, "cramped_room_sparse20": 32.0, "cramped_room_potter0_20": 0.3, "centre_pots_sparse20": 10.0, "centre_pots_potter0_20": 0.4}
[pair_J] {"steps": 563200, "elapsed_s": 3033.6, "cramped_room_sparse20": 36.0, "cramped_room_potter0_20": 0.25, "centre_pots_sparse20": 9.0, "centre_pots_potter0_20": 0.45}
[pair_J] {"steps": 565248, "elapsed_s": 3038.6, "cramped_room_sparse20": 38.0, "cramped_room_potter0_20": 0.2, "centre_pots_sparse20": 9.0, "centre_pots_potter0_20": 0.5}
[pair_J] {"steps": 567296, "elapsed_s": 3045.1, "cramped_room_sparse20": 37.0, "cramped_room_potter0_20": 0.2, "centre_pots_sparse20": 10.0, "centre_pots_potter0_20": 0.5}
[pair_J] {"steps": 569344, "elapsed_s": 3050.4, "cramped_room_sparse20": 39.0, "cramped_room_potter0_20": 0.2, "centre_pots_sparse20": 11.0, "centre_pots_potter0_20": 0.45}
[pair_J] {"steps": 571392, "elapsed_s": 3059.0, "cramped_room_sparse20": 38.0, "cramped_room_potter0_20": 0.25, "centre_pots_sparse20": 11.0, "centre_pots_potter0_20": 0.45}
[pair_J] {"steps": 573440, "elapsed_s": 3065.6, "cramped_room_sparse20": 38.0, "cramped_room_potter0_20": 0.25, "centre_pots_sparse20": 12.0, "centre_pots_potter0_20": 0.45}
[pair_J] {"steps": 575488, "elapsed_s": 3071.1, "cramped_room_sparse20": 42.0, "cramped_room_potter0_20": 0.2, "centre_pots_sparse20": 11.0, "centre_pots_potter0_20": 0.35}
[pair_J] {"steps": 577536, "elapsed_s": 3075.6, "cramped_room_sparse20": 45.0, "cramped_room_potter0_20": 0.2, "centre_pots_sparse20": 11.0, "centre_pots_potter0_20": 0.35}
[pair_J] {"steps": 579584, "elapsed_s": 3080.9, "cramped_room_sparse20": 43.0, "cramped_room_potter0_20": 0.2, "centre_pots_sparse20": 11.0, "centre_pots_potter0_20": 0.3}
[pair_J] {"steps": 581632, "elapsed_s": 3085.4, "cramped_room_sparse20": 45.0, "cramped_room_potter0_20": 0.2, "centre_pots_sparse20": 13.0, "centre_pots_potter0_20": 0.3}
[pair_J] {"steps": 583680, "elapsed_s": 3089.5, "cramped_room_sparse20": 47.0, "cramped_room_potter0_20": 0.25, "centre_pots_sparse20": 15.0, "centre_pots_potter0_20": 0.3}
[pair_J] {"steps": 585728, "elapsed_s": 3095.7, "cramped_room_sparse20": 50.0, "cramped_room_potter0_20": 0.3, "centre_pots_sparse20": 13.0, "centre_pots_potter0_20": 0.2}
[pair_J] {"steps": 587776, "elapsed_s": 3101.0, "cramped_room_sparse20": 53.0, "cramped_room_potter0_20": 0.3, "centre_pots_sparse20": 12.0, "centre_pots_potter0_20": 0.15}
[pair_J] {"steps": 589824, "elapsed_s": 3105.4, "cramped_room_sparse20": 48.0, "cramped_room_potter0_20": 0.4, "centre_pots_sparse20": 13.0, "centre_pots_potter0_20": 0.15}
[pair_J] {"steps": 591872, "elapsed_s": 3110.7, "cramped_room_sparse20": 48.0, "cramped_room_potter0_20": 0.35, "centre_pots_sparse20": 16.0, "centre_pots_potter0_20": 0.2}
[pair_J] {"steps": 593920, "elapsed_s": 3116.1, "cramped_room_sparse20": 50.0, "cramped_room_potter0_20": 0.35, "centre_pots_sparse20": 15.0, "centre_pots_potter0_20": 0.25}
[pair_J] {"steps": 595968, "elapsed_s": 3122.3, "cramped_room_sparse20": 47.0, "cramped_room_potter0_20": 0.35, "centre_pots_sparse20": 14.0, "centre_pots_potter0_20": 0.3}
[pair_J] {"steps": 598016, "elapsed_s": 3127.7, "cramped_room_sparse20": 51.0, "cramped_room_potter0_20": 0.35, "centre_pots_sparse20": 13.0, "centre_pots_potter0_20": 0.4}
[pair_J] {"steps": 600064, "elapsed_s": 3132.9, "cramped_room_sparse20": 54.0, "cramped_room_potter0_20": 0.25, "centre_pots_sparse20": 13.0, "centre_pots_potter0_20": 0.4}
[pair_J] {"steps": 602112, "elapsed_s": 3137.6, "cramped_room_sparse20": 57.0, "cramped_room_potter0_20": 0.15, "centre_pots_sparse20": 13.0, "centre_pots_potter0_20": 0.4}
[pair_J] {"steps": 604160, "elapsed_s": 3141.4, "cramped_room_sparse20": 55.0, "cramped_room_potter0_20": 0.25, "centre_pots_sparse20": 11.0, "centre_pots_potter0_20": 0.45}
[pair_J] {"steps": 606208, "elapsed_s": 3147.6, "cramped_room_sparse20": 57.0, "cramped_room_potter0_20": 0.3, "centre_pots_sparse20": 12.0, "centre_pots_potter0_20": 0.55}
[pair_J] {"steps": 608256, "elapsed_s": 3152.8, "cramped_room_sparse20": 58.0, "cramped_room_potter0_20": 0.35, "centre_pots_sparse20": 10.0, "centre_pots_potter0_20": 0.65}
[pair_J] {"steps": 610304, "elapsed_s": 3157.5, "cramped_room_sparse20": 54.0, "cramped_room_potter0_20": 0.4, "centre_pots_sparse20": 11.0, "centre_pots_potter0_20": 0.7}
[pair_J] {"steps": 612352, "elapsed_s": 3163.1, "cramped_room_sparse20": 52.0, "cramped_room_potter0_20": 0.45, "centre_pots_sparse20": 10.0, "centre_pots_potter0_20": 0.65}
[pair_J] {"steps": 614400, "elapsed_s": 3167.7, "cramped_room_sparse20": 56.0, "cramped_room_potter0_20": 0.45, "centre_pots_sparse20": 12.0, "centre_pots_potter0_20": 0.55}
[pair_J] {"steps": 616448, "elapsed_s": 3172.4, "cramped_room_sparse20": 50.0, "cramped_room_potter0_20": 0.5, "centre_pots_sparse20": 12.0, "centre_pots_potter0_20": 0.6}
[pair_J] {"steps": 618496, "elapsed_s": 3177.4, "cramped_room_sparse20": 49.0, "cramped_room_potter0_20": 0.55, "centre_pots_sparse20": 12.0, "centre_pots_potter0_20": 0.6}
[pair_J] {"steps": 620544, "elapsed_s": 3182.2, "cramped_room_sparse20": 48.0, "cramped_room_potter0_20": 0.45, "centre_pots_sparse20": 10.0, "centre_pots_potter0_20": 0.55}
[pair_J] {"steps": 622592, "elapsed_s": 3188.2, "cramped_room_sparse20": 48.0, "cramped_room_potter0_20": 0.35, "centre_pots_sparse20": 9.0, "centre_pots_potter0_20": 0.55}
[pair_J] {"steps": 624640, "elapsed_s": 3192.8, "cramped_room_sparse20": 45.0, "cramped_room_potter0_20": 0.3, "centre_pots_sparse20": 10.0, "centre_pots_potter0_20": 0.4}
[pair_J] {"steps": 626688, "elapsed_s": 3196.2, "cramped_room_sparse20": 47.0, "cramped_room_potter0_20": 0.35, "centre_pots_sparse20": 9.0, "centre_pots_potter0_20": 0.45}
[pair_J] {"steps": 628736, "elapsed_s": 3199.4, "cramped_room_sparse20": 49.0, "cramped_room_potter0_20": 0.3, "centre_pots_sparse20": 9.0, "centre_pots_potter0_20": 0.35}
[pair_J] {"steps": 630784, "elapsed_s": 3202.3, "cramped_room_sparse20": 48.0, "cramped_room_potter0_20": 0.15, "centre_pots_sparse20": 9.0, "centre_pots_potter0_20": 0.35}
[pair_J] {"steps": 632832, "elapsed_s": 3207.5, "cramped_room_sparse20": 45.0, "cramped_room_potter0_20": 0.15, "centre_pots_sparse20": 7.0, "centre_pots_potter0_20": 0.3}
[pair_J] {"steps": 634880, "elapsed_s": 3210.6, "cramped_room_sparse20": 51.0, "cramped_room_potter0_20": 0.25, "centre_pots_sparse20": 7.0, "centre_pots_potter0_20": 0.35}
[pair_J] {"steps": 636928, "elapsed_s": 3214.9, "cramped_room_sparse20": 48.0, "cramped_room_potter0_20": 0.25, "centre_pots_sparse20": 8.0, "centre_pots_potter0_20": 0.35}
[pair_J] {"steps": 638976, "elapsed_s": 3220.0, "cramped_room_sparse20": 48.0, "cramped_room_potter0_20": 0.25, "centre_pots_sparse20": 11.0, "centre_pots_potter0_20": 0.3}
[pair_J] {"steps": 641024, "elapsed_s": 3225.2, "cramped_room_sparse20": 46.0, "cramped_room_potter0_20": 0.2, "centre_pots_sparse20": 11.0, "centre_pots_potter0_20": 0.35}
[pair_J] {"steps": 643072, "elapsed_s": 3229.0, "cramped_room_sparse20": 46.0, "cramped_room_potter0_20": 0.25, "centre_pots_sparse20": 15.0, "centre_pots_potter0_20": 0.25}
[pair_J] {"steps": 645120, "elapsed_s": 3233.1, "cramped_room_sparse20": 44.0, "cramped_room_potter0_20": 0.25, "centre_pots_sparse20": 16.0, "centre_pots_potter0_20": 0.3}
[pair_J] {"steps": 647168, "elapsed_s": 3237.1, "cramped_room_sparse20": 44.0, "cramped_room_potter0_20": 0.2, "centre_pots_sparse20": 17.0, "centre_pots_potter0_20": 0.3}
[pair_J] {"steps": 649216, "elapsed_s": 3241.3, "cramped_room_sparse20": 45.0, "cramped_room_potter0_20": 0.2, "centre_pots_sparse20": 16.0, "centre_pots_potter0_20": 0.2}
[pair_J] {"steps": 651264, "elapsed_s": 3245.9, "cramped_room_sparse20": 44.0, "cramped_room_potter0_20": 0.2, "centre_pots_sparse20": 13.0, "centre_pots_potter0_20": 0.3}
[pair_J] {"steps": 653312, "elapsed_s": 3249.4, "cramped_room_sparse20": 46.0, "cramped_room_potter0_20": 0.25, "centre_pots_sparse20": 11.0, "centre_pots_potter0_20": 0.25}
[pair_J] {"steps": 655360, "elapsed_s": 3253.6, "cramped_room_sparse20": 45.0, "cramped_room_potter0_20": 0.3, "centre_pots_sparse20": 12.0, "centre_pots_potter0_20": 0.4}
[pair_J] {"steps": 657408, "elapsed_s": 3257.7, "cramped_room_sparse20": 39.0, "cramped_room_potter0_20": 0.3, "centre_pots_sparse20": 14.0, "centre_pots_potter0_20": 0.4}
[pair_J] {"steps": 659456, "elapsed_s": 3262.6, "cramped_room_sparse20": 37.0, "cramped_room_potter0_20": 0.3, "centre_pots_sparse20": 14.0, "centre_pots_potter0_20": 0.35}
[pair_J] {"steps": 661504, "elapsed_s": 3267.7, "cramped_room_sparse20": 36.0, "cramped_room_potter0_20": 0.25, "centre_pots_sparse20": 16.0, "centre_pots_potter0_20": 0.5}
[pair_J] {"steps": 663552, "elapsed_s": 3271.4, "cramped_room_sparse20": 37.0, "cramped_room_potter0_20": 0.3, "centre_pots_sparse20": 19.0, "centre_pots_potter0_20": 0.45}
[pair_J] {"steps": 665600, "elapsed_s": 3276.0, "cramped_room_sparse20": 37.0, "cramped_room_potter0_20": 0.4, "centre_pots_sparse20": 23.0, "centre_pots_potter0_20": 0.45}
[pair_J] {"steps": 667648, "elapsed_s": 3279.8, "cramped_room_sparse20": 35.0, "cramped_room_potter0_20": 0.5, "centre_pots_sparse20": 28.0, "centre_pots_potter0_20": 0.5}
[pair_J] {"steps": 669696, "elapsed_s": 3283.4, "cramped_room_sparse20": 35.0, "cramped_room_potter0_20": 0.5, "centre_pots_sparse20": 28.0, "centre_pots_potter0_20": 0.45}
[pair_J] {"steps": 671744, "elapsed_s": 3286.8, "cramped_room_sparse20": 41.0, "cramped_room_potter0_20": 0.4, "centre_pots_sparse20": 28.0, "centre_pots_potter0_20": 0.4}
[pair_J] {"steps": 673792, "elapsed_s": 3290.6, "cramped_room_sparse20": 49.0, "cramped_room_potter0_20": 0.45, "centre_pots_sparse20": 28.0, "centre_pots_potter0_20": 0.4}
[pair_J] {"steps": 675840, "elapsed_s": 3295.6, "cramped_room_sparse20": 49.0, "cramped_room_potter0_20": 0.35, "centre_pots_sparse20": 26.0, "centre_pots_potter0_20": 0.35}
[pair_J] {"steps": 677888, "elapsed_s": 3300.8, "cramped_room_sparse20": 52.0, "cramped_room_potter0_20": 0.35, "centre_pots_sparse20": 24.0, "centre_pots_potter0_20": 0.45}
[pair_J] {"steps": 679936, "elapsed_s": 3306.2, "cramped_room_sparse20": 53.0, "cramped_room_potter0_20": 0.35, "centre_pots_sparse20": 25.0, "centre_pots_potter0_20": 0.35}
[pair_J] {"steps": 681984, "elapsed_s": 3310.0, "cramped_room_sparse20": 56.0, "cramped_room_potter0_20": 0.4, "centre_pots_sparse20": 25.0, "centre_pots_potter0_20": 0.4}
[pair_J] {"steps": 684032, "elapsed_s": 3314.5, "cramped_room_sparse20": 54.0, "cramped_room_potter0_20": 0.4, "centre_pots_sparse20": 24.0, "centre_pots_potter0_20": 0.35}
[pair_J] {"steps": 686080, "elapsed_s": 3320.4, "cramped_room_sparse20": 54.0, "cramped_room_potter0_20": 0.35, "centre_pots_sparse20": 18.0, "centre_pots_potter0_20": 0.3}
[pair_J] {"steps": 688128, "elapsed_s": 3324.5, "cramped_room_sparse20": 55.0, "cramped_room_potter0_20": 0.35, "centre_pots_sparse20": 19.0, "centre_pots_potter0_20": 0.25}
[pair_J] {"steps": 690176, "elapsed_s": 3328.9, "cramped_room_sparse20": 53.0, "cramped_room_potter0_20": 0.35, "centre_pots_sparse20": 19.0, "centre_pots_potter0_20": 0.4}
[pair_J] {"steps": 692224, "elapsed_s": 3333.6, "cramped_room_sparse20": 56.0, "cramped_room_potter0_20": 0.3, "centre_pots_sparse20": 22.0, "centre_pots_potter0_20": 0.4}
[pair_J] {"steps": 694272, "elapsed_s": 3337.9, "cramped_room_sparse20": 56.0, "cramped_room_potter0_20": 0.3, "centre_pots_sparse20": 21.0, "centre_pots_potter0_20": 0.4}
[pair_J] {"steps": 696320, "elapsed_s": 3342.7, "cramped_room_sparse20": 59.0, "cramped_room_potter0_20": 0.2, "centre_pots_sparse20": 24.0, "centre_pots_potter0_20": 0.45}
[pair_J] {"steps": 698368, "elapsed_s": 3347.0, "cramped_room_sparse20": 63.0, "cramped_room_potter0_20": 0.15, "centre_pots_sparse20": 24.0, "centre_pots_potter0_20": 0.45}
[pair_J] {"steps": 700416, "elapsed_s": 3352.2, "cramped_room_sparse20": 65.0, "cramped_room_potter0_20": 0.1, "centre_pots_sparse20": 22.0, "centre_pots_potter0_20": 0.45}
[pair_J] {"steps": 702464, "elapsed_s": 3356.8, "cramped_room_sparse20": 65.0, "cramped_room_potter0_20": 0.1, "centre_pots_sparse20": 23.0, "centre_pots_potter0_20": 0.45}
[pair_J] {"steps": 704512, "elapsed_s": 3360.9, "cramped_room_sparse20": 65.0, "cramped_room_potter0_20": 0.15, "centre_pots_sparse20": 22.0, "centre_pots_potter0_20": 0.4}
[pair_J] {"steps": 706560, "elapsed_s": 3364.2, "cramped_room_sparse20": 61.0, "cramped_room_potter0_20": 0.2, "centre_pots_sparse20": 22.0, "centre_pots_potter0_20": 0.35}
[pair_J] {"steps": 708608, "elapsed_s": 3368.1, "cramped_room_sparse20": 58.0, "cramped_room_potter0_20": 0.2, "centre_pots_sparse20": 22.0, "centre_pots_potter0_20": 0.3}
[pair_J] {"steps": 710656, "elapsed_s": 3371.5, "cramped_room_sparse20": 56.0, "cramped_room_potter0_20": 0.25, "centre_pots_sparse20": 26.0, "centre_pots_potter0_20": 0.3}
[pair_J] {"steps": 712704, "elapsed_s": 3375.7, "cramped_room_sparse20": 54.0, "cramped_room_potter0_20": 0.35, "centre_pots_sparse20": 26.0, "centre_pots_potter0_20": 0.25}
[pair_J] {"steps": 714752, "elapsed_s": 3380.3, "cramped_room_sparse20": 53.0, "cramped_room_potter0_20": 0.45, "centre_pots_sparse20": 27.0, "centre_pots_potter0_20": 0.3}
[pair_J] {"steps": 716800, "elapsed_s": 3384.5, "cramped_room_sparse20": 51.0, "cramped_room_potter0_20": 0.45, "centre_pots_sparse20": 31.0, "centre_pots_potter0_20": 0.35}
[pair_J] {"steps": 718848, "elapsed_s": 3388.1, "cramped_room_sparse20": 52.0, "cramped_room_potter0_20": 0.45, "centre_pots_sparse20": 30.0, "centre_pots_potter0_20": 0.35}
[pair_J] {"steps": 720896, "elapsed_s": 3391.9, "cramped_room_sparse20": 51.0, "cramped_room_potter0_20": 0.5, "centre_pots_sparse20": 31.0, "centre_pots_potter0_20": 0.35}
[pair_J] {"steps": 722944, "elapsed_s": 3395.5, "cramped_room_sparse20": 56.0, "cramped_room_potter0_20": 0.5, "centre_pots_sparse20": 34.0, "centre_pots_potter0_20": 0.4}
[pair_J] {"steps": 724992, "elapsed_s": 3399.0, "cramped_room_sparse20": 57.0, "cramped_room_potter0_20": 0.5, "centre_pots_sparse20": 28.0, "centre_pots_potter0_20": 0.4}
[pair_J] {"steps": 727040, "elapsed_s": 3402.5, "cramped_room_sparse20": 59.0, "cramped_room_potter0_20": 0.5, "centre_pots_sparse20": 29.0, "centre_pots_potter0_20": 0.35}
[pair_J] {"steps": 729088, "elapsed_s": 3406.0, "cramped_room_sparse20": 59.0, "cramped_room_potter0_20": 0.5, "centre_pots_sparse20": 30.0, "centre_pots_potter0_20": 0.3}
[pair_J] {"steps": 731136, "elapsed_s": 3409.3, "cramped_room_sparse20": 64.0, "cramped_room_potter0_20": 0.4, "centre_pots_sparse20": 27.0, "centre_pots_potter0_20": 0.25}
[pair_J] {"steps": 733184, "elapsed_s": 3411.5, "cramped_room_sparse20": 62.0, "cramped_room_potter0_20": 0.4, "centre_pots_sparse20": 26.0, "centre_pots_potter0_20": 0.2}
[pair_J] {"steps": 735232, "elapsed_s": 3414.0, "cramped_room_sparse20": 67.0, "cramped_room_potter0_20": 0.5, "centre_pots_sparse20": 28.0, "centre_pots_potter0_20": 0.2}
[pair_J] {"steps": 737280, "elapsed_s": 3416.4, "cramped_room_sparse20": 62.0, "cramped_room_potter0_20": 0.5, "centre_pots_sparse20": 29.0, "centre_pots_potter0_20": 0.25}
[pair_J] {"steps": 739328, "elapsed_s": 3419.6, "cramped_room_sparse20": 61.0, "cramped_room_potter0_20": 0.5, "centre_pots_sparse20": 30.0, "centre_pots_potter0_20": 0.25}
[pair_J] {"steps": 741376, "elapsed_s": 3422.4, "cramped_room_sparse20": 57.0, "cramped_room_potter0_20": 0.6, "centre_pots_sparse20": 28.0, "centre_pots_potter0_20": 0.2}
[pair_J] {"steps": 743424, "elapsed_s": 3425.5, "cramped_room_sparse20": 56.0, "cramped_room_potter0_20": 0.6, "centre_pots_sparse20": 29.0, "centre_pots_potter0_20": 0.25}
[pair_J] {"steps": 745472, "elapsed_s": 3428.4, "cramped_room_sparse20": 57.0, "cramped_room_potter0_20": 0.45, "centre_pots_sparse20": 30.0, "centre_pots_potter0_20": 0.25}
[pair_J] {"steps": 747520, "elapsed_s": 3431.5, "cramped_room_sparse20": 53.0, "cramped_room_potter0_20": 0.5, "centre_pots_sparse20": 35.0, "centre_pots_potter0_20": 0.2}
[pair_J] {"steps": 749568, "elapsed_s": 3434.4, "cramped_room_sparse20": 50.0, "cramped_room_potter0_20": 0.45, "centre_pots_sparse20": 35.0, "centre_pots_potter0_20": 0.2}
[pair_J] {"steps": 751616, "elapsed_s": 3436.3, "cramped_room_sparse20": 52.0, "cramped_room_potter0_20": 0.5, "centre_pots_sparse20": 35.0, "centre_pots_potter0_20": 0.2}
[pair_J] {"steps": 753664, "elapsed_s": 3439.7, "cramped_room_sparse20": 56.0, "cramped_room_potter0_20": 0.6, "centre_pots_sparse20": 33.0, "centre_pots_potter0_20": 0.2}
[pair_J] {"steps": 755712, "elapsed_s": 3442.7, "cramped_room_sparse20": 60.0, "cramped_room_potter0_20": 0.6, "centre_pots_sparse20": 33.0, "centre_pots_potter0_20": 0.25}
[pair_J] {"steps": 757760, "elapsed_s": 3445.7, "cramped_room_sparse20": 61.0, "cramped_room_potter0_20": 0.6, "centre_pots_sparse20": 31.0, "centre_pots_potter0_20": 0.35}
[pair_J] {"steps": 759808, "elapsed_s": 3448.4, "cramped_room_sparse20": 64.0, "cramped_room_potter0_20": 0.6, "centre_pots_sparse20": 32.0, "centre_pots_potter0_20": 0.35}
[pair_J] {"steps": 761856, "elapsed_s": 3451.3, "cramped_room_sparse20": 68.0, "cramped_room_potter0_20": 0.7, "centre_pots_sparse20": 33.0, "centre_pots_potter0_20": 0.35}
[pair_J] {"steps": 763904, "elapsed_s": 3453.9, "cramped_room_sparse20": 66.0, "cramped_room_potter0_20": 0.6, "centre_pots_sparse20": 32.0, "centre_pots_potter0_20": 0.3}
[pair_J] {"steps": 765952, "elapsed_s": 3456.7, "cramped_room_sparse20": 61.0, "cramped_room_potter0_20": 0.55, "centre_pots_sparse20": 31.0, "centre_pots_potter0_20": 0.25}
[pair_J] {"steps": 768000, "elapsed_s": 3459.9, "cramped_room_sparse20": 57.0, "cramped_room_potter0_20": 0.55, "centre_pots_sparse20": 31.0, "centre_pots_potter0_20": 0.2}
[pair_J] {"steps": 770048, "elapsed_s": 3463.3, "cramped_room_sparse20": 55.0, "cramped_room_potter0_20": 0.6, "centre_pots_sparse20": 26.0, "centre_pots_potter0_20": 0.25}
[pair_J] {"steps": 772096, "elapsed_s": 3466.2, "cramped_room_sparse20": 54.0, "cramped_room_potter0_20": 0.6, "centre_pots_sparse20": 25.0, "centre_pots_potter0_20": 0.25}
[pair_J] {"steps": 774144, "elapsed_s": 3469.5, "cramped_room_sparse20": 57.0, "cramped_room_potter0_20": 0.45, "centre_pots_sparse20": 25.0, "centre_pots_potter0_20": 0.2}
[pair_J] {"steps": 776192, "elapsed_s": 3472.8, "cramped_room_sparse20": 54.0, "cramped_room_potter0_20": 0.5, "centre_pots_sparse20": 24.0, "centre_pots_potter0_20": 0.15}
[pair_J] {"steps": 778240, "elapsed_s": 3477.0, "cramped_room_sparse20": 54.0, "cramped_room_potter0_20": 0.5, "centre_pots_sparse20": 21.0, "centre_pots_potter0_20": 0.15}
[pair_J] {"steps": 780288, "elapsed_s": 3480.6, "cramped_room_sparse20": 59.0, "cramped_room_potter0_20": 0.45, "centre_pots_sparse20": 20.0, "centre_pots_potter0_20": 0.2}
[pair_J] {"steps": 782336, "elapsed_s": 3484.3, "cramped_room_sparse20": 57.0, "cramped_room_potter0_20": 0.45, "centre_pots_sparse20": 16.0, "centre_pots_potter0_20": 0.35}
[pair_J] {"steps": 784384, "elapsed_s": 3488.0, "cramped_room_sparse20": 56.0, "cramped_room_potter0_20": 0.4, "centre_pots_sparse20": 16.0, "centre_pots_potter0_20": 0.35}
[pair_J] {"steps": 786432, "elapsed_s": 3492.4, "cramped_room_sparse20": 54.0, "cramped_room_potter0_20": 0.45, "centre_pots_sparse20": 21.0, "centre_pots_potter0_20": 0.45}
[pair_J] {"steps": 788480, "elapsed_s": 3496.0, "cramped_room_sparse20": 53.0, "cramped_room_potter0_20": 0.35, "centre_pots_sparse20": 22.0, "centre_pots_potter0_20": 0.5}
[pair_J] {"steps": 790528, "elapsed_s": 3501.0, "cramped_room_sparse20": 53.0, "cramped_room_potter0_20": 0.4, "centre_pots_sparse20": 23.0, "centre_pots_potter0_20": 0.45}
[pair_J] {"steps": 792576, "elapsed_s": 3504.3, "cramped_room_sparse20": 53.0, "cramped_room_potter0_20": 0.35, "centre_pots_sparse20": 24.0, "centre_pots_potter0_20": 0.45}
[pair_J] {"steps": 794624, "elapsed_s": 3509.1, "cramped_room_sparse20": 53.0, "cramped_room_potter0_20": 0.3, "centre_pots_sparse20": 28.0, "centre_pots_potter0_20": 0.45}
[pair_J] {"steps": 796672, "elapsed_s": 3513.3, "cramped_room_sparse20": 53.0, "cramped_room_potter0_20": 0.3, "centre_pots_sparse20": 27.0, "centre_pots_potter0_20": 0.35}
[pair_J] {"steps": 798720, "elapsed_s": 3516.4, "cramped_room_sparse20": 53.0, "cramped_room_potter0_20": 0.2, "centre_pots_sparse20": 28.0, "centre_pots_potter0_20": 0.3}
[pair_J] {"steps": 800768, "elapsed_s": 3520.1, "cramped_room_sparse20": 52.0, "cramped_room_potter0_20": 0.25, "centre_pots_sparse20": 30.0, "centre_pots_potter0_20": 0.3}
[pair_J] {"steps": 802816, "elapsed_s": 3524.7, "cramped_room_sparse20": 54.0, "cramped_room_potter0_20": 0.2, "centre_pots_sparse20": 24.0, "centre_pots_potter0_20": 0.2}
[pair_J] {"steps": 804864, "elapsed_s": 3528.1, "cramped_room_sparse20": 52.0, "cramped_room_potter0_20": 0.25, "centre_pots_sparse20": 24.0, "centre_pots_potter0_20": 0.25}
[pair_J] {"steps": 806912, "elapsed_s": 3531.6, "cramped_room_sparse20": 53.0, "cramped_room_potter0_20": 0.25, "centre_pots_sparse20": 24.0, "centre_pots_potter0_20": 0.25}
[pair_J] {"steps": 808960, "elapsed_s": 3535.9, "cramped_room_sparse20": 53.0, "cramped_room_potter0_20": 0.25, "centre_pots_sparse20": 25.0, "centre_pots_potter0_20": 0.25}
[pair_J] {"steps": 811008, "elapsed_s": 3539.6, "cramped_room_sparse20": 50.0, "cramped_room_potter0_20": 0.25, "centre_pots_sparse20": 27.0, "centre_pots_potter0_20": 0.3}
[pair_J] {"steps": 813056, "elapsed_s": 3544.5, "cramped_room_sparse20": 52.0, "cramped_room_potter0_20": 0.3, "centre_pots_sparse20": 28.0, "centre_pots_potter0_20": 0.4}
[pair_J] {"steps": 815104, "elapsed_s": 3549.3, "cramped_room_sparse20": 51.0, "cramped_room_potter0_20": 0.3, "centre_pots_sparse20": 30.0, "centre_pots_potter0_20": 0.3}
[pair_J] {"steps": 817152, "elapsed_s": 3553.0, "cramped_room_sparse20": 53.0, "cramped_room_potter0_20": 0.3, "centre_pots_sparse20": 31.0, "centre_pots_potter0_20": 0.3}
[pair_J] {"steps": 819200, "elapsed_s": 3557.2, "cramped_room_sparse20": 52.0, "cramped_room_potter0_20": 0.4, "centre_pots_sparse20": 30.0, "centre_pots_potter0_20": 0.25}
[pair_J] {"steps": 821248, "elapsed_s": 3560.3, "cramped_room_sparse20": 54.0, "cramped_room_potter0_20": 0.45, "centre_pots_sparse20": 33.0, "centre_pots_potter0_20": 0.25}
[pair_J] {"steps": 823296, "elapsed_s": 3564.0, "cramped_room_sparse20": 57.0, "cramped_room_potter0_20": 0.4, "centre_pots_sparse20": 34.0, "centre_pots_potter0_20": 0.2}
[pair_J] {"steps": 825344, "elapsed_s": 3567.8, "cramped_room_sparse20": 63.0, "cramped_room_potter0_20": 0.4, "centre_pots_sparse20": 33.0, "centre_pots_potter0_20": 0.2}
[pair_J] {"steps": 827392, "elapsed_s": 3571.2, "cramped_room_sparse20": 63.0, "cramped_room_potter0_20": 0.4, "centre_pots_sparse20": 30.0, "centre_pots_potter0_20": 0.15}
[pair_J] {"steps": 829440, "elapsed_s": 3574.0, "cramped_room_sparse20": 65.0, "cramped_room_potter0_20": 0.35, "centre_pots_sparse20": 31.0, "centre_pots_potter0_20": 0.15}
[pair_J] {"steps": 831488, "elapsed_s": 3577.5, "cramped_room_sparse20": 66.0, "cramped_room_potter0_20": 0.3, "centre_pots_sparse20": 33.0, "centre_pots_potter0_20": 0.15}
[pair_J] {"steps": 833536, "elapsed_s": 3580.2, "cramped_room_sparse20": 68.0, "cramped_room_potter0_20": 0.25, "centre_pots_sparse20": 34.0, "centre_pots_potter0_20": 0.15}
[pair_J] {"steps": 835584, "elapsed_s": 3584.5, "cramped_room_sparse20": 64.0, "cramped_room_potter0_20": 0.25, "centre_pots_sparse20": 37.0, "centre_pots_potter0_20": 0.2}
[pair_J] {"steps": 837632, "elapsed_s": 3588.1, "cramped_room_sparse20": 65.0, "cramped_room_potter0_20": 0.2, "centre_pots_sparse20": 38.0, "centre_pots_potter0_20": 0.2}
[pair_J] {"steps": 839680, "elapsed_s": 3592.6, "cramped_room_sparse20": 65.0, "cramped_room_potter0_20": 0.2, "centre_pots_sparse20": 39.0, "centre_pots_potter0_20": 0.25}
[pair_J] {"steps": 841728, "elapsed_s": 3595.7, "cramped_room_sparse20": 66.0, "cramped_room_potter0_20": 0.2, "centre_pots_sparse20": 37.0, "centre_pots_potter0_20": 0.2}
[pair_J] {"steps": 843776, "elapsed_s": 3597.8, "cramped_room_sparse20": 66.0, "cramped_room_potter0_20": 0.15, "centre_pots_sparse20": 40.0, "centre_pots_potter0_20": 0.15}
[pair_J] {"steps": 845824, "elapsed_s": 3599.1, "cramped_room_sparse20": 67.0, "cramped_room_potter0_20": 0.2, "centre_pots_sparse20": 40.0, "centre_pots_potter0_20": 0.15}
[pair_J] {"steps": 847872, "elapsed_s": 3601.1, "cramped_room_sparse20": 67.0, "cramped_room_potter0_20": 0.2, "centre_pots_sparse20": 36.0, "centre_pots_potter0_20": 0.15}
[pair_J] {"steps": 849920, "elapsed_s": 3603.1, "cramped_room_sparse20": 71.0, "cramped_room_potter0_20": 0.2, "centre_pots_sparse20": 36.0, "centre_pots_potter0_20": 0.15}
[pair_J] {"steps": 851968, "elapsed_s": 3604.9, "cramped_room_sparse20": 74.0, "cramped_room_potter0_20": 0.25, "centre_pots_sparse20": 30.0, "centre_pots_potter0_20": 0.15}
[pair_J] {"steps": 854016, "elapsed_s": 3607.2, "cramped_room_sparse20": 75.0, "cramped_room_potter0_20": 0.25, "centre_pots_sparse20": 33.0, "centre_pots_potter0_20": 0.1}
[pair_J] {"steps": 856064, "elapsed_s": 3609.2, "cramped_room_sparse20": 76.0, "cramped_room_potter0_20": 0.25, "centre_pots_sparse20": 30.0, "centre_pots_potter0_20": 0.15}
[pair_J] {"steps": 858112, "elapsed_s": 3611.1, "cramped_room_sparse20": 75.0, "cramped_room_potter0_20": 0.25, "centre_pots_sparse20": 33.0, "centre_pots_potter0_20": 0.15}
[pair_J] {"steps": 860160, "elapsed_s": 3613.0, "cramped_room_sparse20": 73.0, "cramped_room_potter0_20": 0.25, "centre_pots_sparse20": 35.0, "centre_pots_potter0_20": 0.2}
[pair_J] {"steps": 862208, "elapsed_s": 3615.0, "cramped_room_sparse20": 71.0, "cramped_room_potter0_20": 0.2, "centre_pots_sparse20": 33.0, "centre_pots_potter0_20": 0.3}
[pair_J] {"steps": 864256, "elapsed_s": 3616.4, "cramped_room_sparse20": 68.0, "cramped_room_potter0_20": 0.35, "centre_pots_sparse20": 33.0, "centre_pots_potter0_20": 0.3}
[pair_J] {"steps": 866304, "elapsed_s": 3618.5, "cramped_room_sparse20": 72.0, "cramped_room_potter0_20": 0.3, "centre_pots_sparse20": 42.0, "centre_pots_potter0_20": 0.25}
[pair_J] {"steps": 868352, "elapsed_s": 3620.3, "cramped_room_sparse20": 72.0, "cramped_room_potter0_20": 0.35, "centre_pots_sparse20": 43.0, "centre_pots_potter0_20": 0.2}
[pair_J] {"steps": 870400, "elapsed_s": 3622.2, "cramped_room_sparse20": 67.0, "cramped_room_potter0_20": 0.35, "centre_pots_sparse20": 43.0, "centre_pots_potter0_20": 0.25}
[pair_J] {"steps": 872448, "elapsed_s": 3624.2, "cramped_room_sparse20": 68.0, "cramped_room_potter0_20": 0.3, "centre_pots_sparse20": 47.0, "centre_pots_potter0_20": 0.2}
[pair_J] {"steps": 874496, "elapsed_s": 3625.9, "cramped_room_sparse20": 69.0, "cramped_room_potter0_20": 0.35, "centre_pots_sparse20": 47.0, "centre_pots_potter0_20": 0.2}
[pair_J] {"steps": 876544, "elapsed_s": 3627.8, "cramped_room_sparse20": 74.0, "cramped_room_potter0_20": 0.3, "centre_pots_sparse20": 48.0, "centre_pots_potter0_20": 0.2}
[pair_J] {"steps": 878592, "elapsed_s": 3629.4, "cramped_room_sparse20": 79.0, "cramped_room_potter0_20": 0.25, "centre_pots_sparse20": 46.0, "centre_pots_potter0_20": 0.2}
[pair_J] {"steps": 880640, "elapsed_s": 3631.6, "cramped_room_sparse20": 77.0, "cramped_room_potter0_20": 0.25, "centre_pots_sparse20": 45.0, "centre_pots_potter0_20": 0.25}
[pair_J] {"steps": 882688, "elapsed_s": 3633.8, "cramped_room_sparse20": 79.0, "cramped_room_potter0_20": 0.2, "centre_pots_sparse20": 40.0, "centre_pots_potter0_20": 0.25}
[pair_J] {"steps": 884736, "elapsed_s": 3635.8, "cramped_room_sparse20": 76.0, "cramped_room_potter0_20": 0.2, "centre_pots_sparse20": 41.0, "centre_pots_potter0_20": 0.35}
[pair_J] {"steps": 886784, "elapsed_s": 3637.7, "cramped_room_sparse20": 79.0, "cramped_room_potter0_20": 0.15, "centre_pots_sparse20": 38.0, "centre_pots_potter0_20": 0.3}
[pair_J] {"steps": 888832, "elapsed_s": 3639.3, "cramped_room_sparse20": 76.0, "cramped_room_potter0_20": 0.2, "centre_pots_sparse20": 37.0, "centre_pots_potter0_20": 0.35}
[pair_J] {"steps": 890880, "elapsed_s": 3641.8, "cramped_room_sparse20": 77.0, "cramped_room_potter0_20": 0.15, "centre_pots_sparse20": 38.0, "centre_pots_potter0_20": 0.5}
[pair_J] {"steps": 892928, "elapsed_s": 3643.7, "cramped_room_sparse20": 77.0, "cramped_room_potter0_20": 0.25, "centre_pots_sparse20": 39.0, "centre_pots_potter0_20": 0.5}
[pair_J] {"steps": 894976, "elapsed_s": 3645.7, "cramped_room_sparse20": 74.0, "cramped_room_potter0_20": 0.2, "centre_pots_sparse20": 38.0, "centre_pots_potter0_20": 0.4}
[pair_J] {"steps": 897024, "elapsed_s": 3647.5, "cramped_room_sparse20": 73.0, "cramped_room_potter0_20": 0.25, "centre_pots_sparse20": 40.0, "centre_pots_potter0_20": 0.4}
[pair_J] {"steps": 899072, "elapsed_s": 3649.5, "cramped_room_sparse20": 72.0, "cramped_room_potter0_20": 0.25, "centre_pots_sparse20": 39.0, "centre_pots_potter0_20": 0.45}
[pair_J] {"steps": 901120, "elapsed_s": 3651.7, "cramped_room_sparse20": 71.0, "cramped_room_potter0_20": 0.3, "centre_pots_sparse20": 41.0, "centre_pots_potter0_20": 0.45}
[pair_J] {"steps": 903168, "elapsed_s": 3653.6, "cramped_room_sparse20": 72.0, "cramped_room_potter0_20": 0.35, "centre_pots_sparse20": 41.0, "centre_pots_potter0_20": 0.5}
[pair_J] {"steps": 905216, "elapsed_s": 3655.4, "cramped_room_sparse20": 76.0, "cramped_room_potter0_20": 0.4, "centre_pots_sparse20": 38.0, "centre_pots_potter0_20": 0.45}
[pair_J] {"steps": 907264, "elapsed_s": 3657.5, "cramped_room_sparse20": 76.0, "cramped_room_potter0_20": 0.4, "centre_pots_sparse20": 40.0, "centre_pots_potter0_20": 0.45}
[pair_J] {"steps": 909312, "elapsed_s": 3659.6, "cramped_room_sparse20": 75.0, "cramped_room_potter0_20": 0.35, "centre_pots_sparse20": 42.0, "centre_pots_potter0_20": 0.45}
[pair_J] {"steps": 911360, "elapsed_s": 3661.3, "cramped_room_sparse20": 77.0, "cramped_room_potter0_20": 0.35, "centre_pots_sparse20": 44.0, "centre_pots_potter0_20": 0.45}
[pair_J] {"steps": 913408, "elapsed_s": 3663.0, "cramped_room_sparse20": 76.0, "cramped_room_potter0_20": 0.35, "centre_pots_sparse20": 44.0, "centre_pots_potter0_20": 0.5}
[pair_J] {"steps": 915456, "elapsed_s": 3665.0, "cramped_room_sparse20": 77.0, "cramped_room_potter0_20": 0.35, "centre_pots_sparse20": 39.0, "centre_pots_potter0_20": 0.45}
[pair_J] {"steps": 917504, "elapsed_s": 3667.0, "cramped_room_sparse20": 78.0, "cramped_room_potter0_20": 0.35, "centre_pots_sparse20": 36.0, "centre_pots_potter0_20": 0.4}
[pair_J] {"steps": 919552, "elapsed_s": 3668.8, "cramped_room_sparse20": 77.0, "cramped_room_potter0_20": 0.35, "centre_pots_sparse20": 36.0, "centre_pots_potter0_20": 0.35}
[pair_J] {"steps": 921600, "elapsed_s": 3670.5, "cramped_room_sparse20": 75.0, "cramped_room_potter0_20": 0.3, "centre_pots_sparse20": 36.0, "centre_pots_potter0_20": 0.35}
[pair_J] {"steps": 923648, "elapsed_s": 3672.4, "cramped_room_sparse20": 76.0, "cramped_room_potter0_20": 0.4, "centre_pots_sparse20": 33.0, "centre_pots_potter0_20": 0.35}
[pair_J] {"steps": 925696, "elapsed_s": 3674.7, "cramped_room_sparse20": 75.0, "cramped_room_potter0_20": 0.45, "centre_pots_sparse20": 37.0, "centre_pots_potter0_20": 0.4}
[pair_J] {"steps": 927744, "elapsed_s": 3676.4, "cramped_room_sparse20": 72.0, "cramped_room_potter0_20": 0.45, "centre_pots_sparse20": 38.0, "centre_pots_potter0_20": 0.35}
[pair_J] {"steps": 929792, "elapsed_s": 3678.4, "cramped_room_sparse20": 73.0, "cramped_room_potter0_20": 0.5, "centre_pots_sparse20": 45.0, "centre_pots_potter0_20": 0.4}
[pair_J] {"steps": 931840, "elapsed_s": 3680.3, "cramped_room_sparse20": 75.0, "cramped_room_potter0_20": 0.45, "centre_pots_sparse20": 47.0, "centre_pots_potter0_20": 0.45}
[pair_J] {"steps": 933888, "elapsed_s": 3682.2, "cramped_room_sparse20": 76.0, "cramped_room_potter0_20": 0.5, "centre_pots_sparse20": 46.0, "centre_pots_potter0_20": 0.45}
[pair_J] {"steps": 935936, "elapsed_s": 3684.1, "cramped_room_sparse20": 71.0, "cramped_room_potter0_20": 0.45, "centre_pots_sparse20": 51.0, "centre_pots_potter0_20": 0.4}
[pair_J] {"steps": 937984, "elapsed_s": 3686.0, "cramped_room_sparse20": 70.0, "cramped_room_potter0_20": 0.45, "centre_pots_sparse20": 54.0, "centre_pots_potter0_20": 0.35}
[pair_J] {"steps": 940032, "elapsed_s": 3688.2, "cramped_room_sparse20": 70.0, "cramped_room_potter0_20": 0.45, "centre_pots_sparse20": 47.0, "centre_pots_potter0_20": 0.35}
[pair_J] {"steps": 942080, "elapsed_s": 3689.9, "cramped_room_sparse20": 66.0, "cramped_room_potter0_20": 0.4, "centre_pots_sparse20": 44.0, "centre_pots_potter0_20": 0.4}
[pair_J] {"steps": 944128, "elapsed_s": 3691.9, "cramped_room_sparse20": 67.0, "cramped_room_potter0_20": 0.4, "centre_pots_sparse20": 42.0, "centre_pots_potter0_20": 0.45}
[pair_J] {"steps": 946176, "elapsed_s": 3693.8, "cramped_room_sparse20": 70.0, "cramped_room_potter0_20": 0.35, "centre_pots_sparse20": 40.0, "centre_pots_potter0_20": 0.4}
[pair_J] {"steps": 948224, "elapsed_s": 3695.7, "cramped_room_sparse20": 68.0, "cramped_room_potter0_20": 0.4, "centre_pots_sparse20": 36.0, "centre_pots_potter0_20": 0.35}
[pair_J] {"steps": 950272, "elapsed_s": 3697.8, "cramped_room_sparse20": 73.0, "cramped_room_potter0_20": 0.35, "centre_pots_sparse20": 30.0, "centre_pots_potter0_20": 0.35}
[pair_J] {"steps": 952320, "elapsed_s": 3699.8, "cramped_room_sparse20": 73.0, "cramped_room_potter0_20": 0.3, "centre_pots_sparse20": 31.0, "centre_pots_potter0_20": 0.3}
[pair_J] {"steps": 954368, "elapsed_s": 3701.7, "cramped_room_sparse20": 75.0, "cramped_room_potter0_20": 0.35, "centre_pots_sparse20": 30.0, "centre_pots_potter0_20": 0.3}
[pair_J] {"steps": 956416, "elapsed_s": 3704.2, "cramped_room_sparse20": 75.0, "cramped_room_potter0_20": 0.35, "centre_pots_sparse20": 35.0, "centre_pots_potter0_20": 0.25}
[pair_J] {"steps": 958464, "elapsed_s": 3706.2, "cramped_room_sparse20": 72.0, "cramped_room_potter0_20": 0.4, "centre_pots_sparse20": 38.0, "centre_pots_potter0_20": 0.2}
[pair_J] {"steps": 960512, "elapsed_s": 3708.1, "cramped_room_sparse20": 80.0, "cramped_room_potter0_20": 0.45, "centre_pots_sparse20": 37.0, "centre_pots_potter0_20": 0.15}
[pair_J] {"steps": 962560, "elapsed_s": 3710.2, "cramped_room_sparse20": 81.0, "cramped_room_potter0_20": 0.4, "centre_pots_sparse20": 40.0, "centre_pots_potter0_20": 0.2}
[pair_J] {"steps": 964608, "elapsed_s": 3712.0, "cramped_room_sparse20": 80.0, "cramped_room_potter0_20": 0.4, "centre_pots_sparse20": 40.0, "centre_pots_potter0_20": 0.2}
[pair_J] {"steps": 966656, "elapsed_s": 3713.5, "cramped_room_sparse20": 78.0, "cramped_room_potter0_20": 0.4, "centre_pots_sparse20": 40.0, "centre_pots_potter0_20": 0.2}
[pair_J] {"steps": 968704, "elapsed_s": 3715.6, "cramped_room_sparse20": 79.0, "cramped_room_potter0_20": 0.4, "centre_pots_sparse20": 37.0, "centre_pots_potter0_20": 0.2}
[pair_J] {"steps": 970752, "elapsed_s": 3717.7, "cramped_room_sparse20": 81.0, "cramped_room_potter0_20": 0.4, "centre_pots_sparse20": 38.0, "centre_pots_potter0_20": 0.2}
[pair_J] {"steps": 972800, "elapsed_s": 3719.9, "cramped_room_sparse20": 86.0, "cramped_room_potter0_20": 0.35, "centre_pots_sparse20": 37.0, "centre_pots_potter0_20": 0.1}
[pair_J] {"steps": 974848, "elapsed_s": 3721.6, "cramped_room_sparse20": 82.0, "cramped_room_potter0_20": 0.35, "centre_pots_sparse20": 33.0, "centre_pots_potter0_20": 0.15}
[pair_J] {"steps": 976896, "elapsed_s": 3723.5, "cramped_room_sparse20": 77.0, "cramped_room_potter0_20": 0.35, "centre_pots_sparse20": 30.0, "centre_pots_potter0_20": 0.15}
[pair_J] {"steps": 978944, "elapsed_s": 3725.5, "cramped_room_sparse20": 73.0, "cramped_room_potter0_20": 0.35, "centre_pots_sparse20": 28.0, "centre_pots_potter0_20": 0.25}
[pair_J] {"steps": 980992, "elapsed_s": 3727.2, "cramped_room_sparse20": 74.0, "cramped_room_potter0_20": 0.35, "centre_pots_sparse20": 31.0, "centre_pots_potter0_20": 0.25}
[pair_J] {"steps": 983040, "elapsed_s": 3729.0, "cramped_room_sparse20": 82.0, "cramped_room_potter0_20": 0.35, "centre_pots_sparse20": 30.0, "centre_pots_potter0_20": 0.3}
[pair_J] {"steps": 985088, "elapsed_s": 3731.0, "cramped_room_sparse20": 78.0, "cramped_room_potter0_20": 0.3, "centre_pots_sparse20": 29.0, "centre_pots_potter0_20": 0.35}
[pair_J] {"steps": 987136, "elapsed_s": 3733.1, "cramped_room_sparse20": 79.0, "cramped_room_potter0_20": 0.3, "centre_pots_sparse20": 32.0, "centre_pots_potter0_20": 0.45}
[pair_J] {"steps": 989184, "elapsed_s": 3735.1, "cramped_room_sparse20": 77.0, "cramped_room_potter0_20": 0.3, "centre_pots_sparse20": 34.0, "centre_pots_potter0_20": 0.45}
[pair_J] {"steps": 991232, "elapsed_s": 3737.2, "cramped_room_sparse20": 79.0, "cramped_room_potter0_20": 0.4, "centre_pots_sparse20": 42.0, "centre_pots_potter0_20": 0.45}
[pair_J] {"steps": 993280, "elapsed_s": 3739.3, "cramped_room_sparse20": 75.0, "cramped_room_potter0_20": 0.35, "centre_pots_sparse20": 44.0, "centre_pots_potter0_20": 0.35}
[pair_J] {"steps": 995328, "elapsed_s": 3741.1, "cramped_room_sparse20": 77.0, "cramped_room_potter0_20": 0.3, "centre_pots_sparse20": 45.0, "centre_pots_potter0_20": 0.35}
[pair_J] {"steps": 997376, "elapsed_s": 3743.1, "cramped_room_sparse20": 77.0, "cramped_room_potter0_20": 0.3, "centre_pots_sparse20": 47.0, "centre_pots_potter0_20": 0.3}
[pair_J] {"steps": 999424, "elapsed_s": 3744.6, "cramped_room_sparse20": 74.0, "cramped_room_potter0_20": 0.3, "centre_pots_sparse20": 46.0, "centre_pots_potter0_20": 0.3}
[pair_J] {"steps": 1001472, "elapsed_s": 3746.6, "cramped_room_sparse20": 73.0, "cramped_room_potter0_20": 0.3, "centre_pots_sparse20": 47.0, "centre_pots_potter0_20": 0.3}
[pair_J] {"steps": 1003520, "elapsed_s": 3748.4, "cramped_room_sparse20": 72.0, "cramped_room_potter0_20": 0.25, "centre_pots_sparse20": 48.0, "centre_pots_potter0_20": 0.25}
[pair_J] {"steps": 1005568, "elapsed_s": 3750.6, "cramped_room_sparse20": 72.0, "cramped_room_potter0_20": 0.25, "centre_pots_sparse20": 40.0, "centre_pots_potter0_20": 0.3}
[pair_J] {"steps": 1007616, "elapsed_s": 3752.7, "cramped_room_sparse20": 67.0, "cramped_room_potter0_20": 0.25, "centre_pots_sparse20": 43.0, "centre_pots_potter0_20": 0.35}
[pair_J] {"steps": 1009664, "elapsed_s": 3754.5, "cramped_room_sparse20": 70.0, "cramped_room_potter0_20": 0.15, "centre_pots_sparse20": 41.0, "centre_pots_potter0_20": 0.35}
[pair_J] {"steps": 1011712, "elapsed_s": 3756.3, "cramped_room_sparse20": 74.0, "cramped_room_potter0_20": 0.1, "centre_pots_sparse20": 42.0, "centre_pots_potter0_20": 0.45}
[pair_J] {"steps": 1013760, "elapsed_s": 3758.0, "cramped_room_sparse20": 74.0, "cramped_room_potter0_20": 0.05, "centre_pots_sparse20": 42.0, "centre_pots_potter0_20": 0.45}
[pair_J] {"steps": 1015808, "elapsed_s": 3760.0, "cramped_room_sparse20": 74.0, "cramped_room_potter0_20": 0.05, "centre_pots_sparse20": 46.0, "centre_pots_potter0_20": 0.45}
[pair_J] {"steps": 1017856, "elapsed_s": 3761.7, "cramped_room_sparse20": 76.0, "cramped_room_potter0_20": 0.0, "centre_pots_sparse20": 47.0, "centre_pots_potter0_20": 0.45}
[pair_J] {"steps": 1019904, "elapsed_s": 3763.8, "cramped_room_sparse20": 78.0, "cramped_room_potter0_20": 0.05, "centre_pots_sparse20": 50.0, "centre_pots_potter0_20": 0.35}
[pair_J] {"steps": 1021952, "elapsed_s": 3766.0, "cramped_room_sparse20": 79.0, "cramped_room_potter0_20": 0.1, "centre_pots_sparse20": 52.0, "centre_pots_potter0_20": 0.4}
[pair_J] {"steps": 1024000, "elapsed_s": 3768.4, "cramped_room_sparse20": 78.0, "cramped_room_potter0_20": 0.1, "centre_pots_sparse20": 43.0, "centre_pots_potter0_20": 0.45}
[pair_J] {"steps": 1026048, "elapsed_s": 3770.4, "cramped_room_sparse20": 82.0, "cramped_room_potter0_20": 0.1, "centre_pots_sparse20": 41.0, "centre_pots_potter0_20": 0.4}
[pair_J] {"steps": 1028096, "elapsed_s": 3772.8, "cramped_room_sparse20": 81.0, "cramped_room_potter0_20": 0.15, "centre_pots_sparse20": 35.0, "centre_pots_potter0_20": 0.4}
[pair_J] {"steps": 1030144, "elapsed_s": 3774.7, "cramped_room_sparse20": 79.0, "cramped_room_potter0_20": 0.2, "centre_pots_sparse20": 29.0, "centre_pots_potter0_20": 0.4}
[pair_J] {"steps": 1032192, "elapsed_s": 3776.5, "cramped_room_sparse20": 80.0, "cramped_room_potter0_20": 0.25, "centre_pots_sparse20": 26.0, "centre_pots_potter0_20": 0.4}
[pair_J] {"steps": 1034240, "elapsed_s": 3778.4, "cramped_room_sparse20": 81.0, "cramped_room_potter0_20": 0.25, "centre_pots_sparse20": 26.0, "centre_pots_potter0_20": 0.35}
[pair_J] {"steps": 1036288, "elapsed_s": 3780.4, "cramped_room_sparse20": 78.0, "cramped_room_potter0_20": 0.35, "centre_pots_sparse20": 26.0, "centre_pots_potter0_20": 0.3}
[pair_J] {"steps": 1038336, "elapsed_s": 3782.2, "cramped_room_sparse20": 75.0, "cramped_room_potter0_20": 0.3, "centre_pots_sparse20": 24.0, "centre_pots_potter0_20": 0.25}
[pair_J] {"steps": 1040384, "elapsed_s": 3783.8, "cramped_room_sparse20": 78.0, "cramped_room_potter0_20": 0.25, "centre_pots_sparse20": 28.0, "centre_pots_potter0_20": 0.25}
[pair_J] {"steps": 1042432, "elapsed_s": 3785.7, "cramped_room_sparse20": 79.0, "cramped_room_potter0_20": 0.2, "centre_pots_sparse20": 30.0, "centre_pots_potter0_20": 0.3}
[pair_J] {"steps": 1044480, "elapsed_s": 3787.7, "cramped_room_sparse20": 80.0, "cramped_room_potter0_20": 0.15, "centre_pots_sparse20": 27.0, "centre_pots_potter0_20": 0.2}
[pair_J] {"steps": 1046528, "elapsed_s": 3789.5, "cramped_room_sparse20": 78.0, "cramped_room_potter0_20": 0.1, "centre_pots_sparse20": 27.0, "centre_pots_potter0_20": 0.15}
[pair_J] {"steps": 1048576, "elapsed_s": 3791.6, "cramped_room_sparse20": 78.0, "cramped_room_potter0_20": 0.1, "centre_pots_sparse20": 31.0, "centre_pots_potter0_20": 0.2}
[pair_J] {"steps": 1050624, "elapsed_s": 3793.7, "cramped_room_sparse20": 76.0, "cramped_room_potter0_20": 0.1, "centre_pots_sparse20": 33.0, "centre_pots_potter0_20": 0.2}
[pair_J] {"steps": 1052672, "elapsed_s": 3795.9, "cramped_room_sparse20": 79.0, "cramped_room_potter0_20": 0.05, "centre_pots_sparse20": 35.0, "centre_pots_potter0_20": 0.25}
[pair_J] {"steps": 1054720, "elapsed_s": 3797.6, "cramped_room_sparse20": 82.0, "cramped_room_potter0_20": 0.05, "centre_pots_sparse20": 41.0, "centre_pots_potter0_20": 0.2}
[pair_J] {"steps": 1056768, "elapsed_s": 3799.4, "cramped_room_sparse20": 83.0, "cramped_room_potter0_20": 0.1, "centre_pots_sparse20": 41.0, "centre_pots_potter0_20": 0.2}
[pair_J] {"steps": 1058816, "elapsed_s": 3801.8, "cramped_room_sparse20": 83.0, "cramped_room_potter0_20": 0.1, "centre_pots_sparse20": 43.0, "centre_pots_potter0_20": 0.2}
[pair_J] {"steps": 1060864, "elapsed_s": 3803.7, "cramped_room_sparse20": 81.0, "cramped_room_potter0_20": 0.1, "centre_pots_sparse20": 43.0, "centre_pots_potter0_20": 0.15}
[pair_J] {"steps": 1062912, "elapsed_s": 3805.7, "cramped_room_sparse20": 79.0, "cramped_room_potter0_20": 0.1, "centre_pots_sparse20": 42.0, "centre_pots_potter0_20": 0.15}
[pair_J] {"steps": 1064960, "elapsed_s": 3807.5, "cramped_room_sparse20": 84.0, "cramped_room_potter0_20": 0.1, "centre_pots_sparse20": 42.0, "centre_pots_potter0_20": 0.15}
[pair_J] {"steps": 1067008, "elapsed_s": 3809.7, "cramped_room_sparse20": 81.0, "cramped_room_potter0_20": 0.1, "centre_pots_sparse20": 41.0, "centre_pots_potter0_20": 0.2}
[pair_J] {"steps": 1069056, "elapsed_s": 3811.7, "cramped_room_sparse20": 81.0, "cramped_room_potter0_20": 0.05, "centre_pots_sparse20": 40.0, "centre_pots_potter0_20": 0.25}
[pair_J] {"steps": 1071104, "elapsed_s": 3813.3, "cramped_room_sparse20": 84.0, "cramped_room_potter0_20": 0.1, "centre_pots_sparse20": 36.0, "centre_pots_potter0_20": 0.25}
[pair_J] {"steps": 1073152, "elapsed_s": 3815.7, "cramped_room_sparse20": 86.0, "cramped_room_potter0_20": 0.05, "centre_pots_sparse20": 31.0, "centre_pots_potter0_20": 0.2}
[pair_J] {"steps": 1075200, "elapsed_s": 3818.2, "cramped_room_sparse20": 90.0, "cramped_room_potter0_20": 0.05, "centre_pots_sparse20": 30.0, "centre_pots_potter0_20": 0.2}
[pair_J] {"steps": 1077248, "elapsed_s": 3820.3, "cramped_room_sparse20": 94.0, "cramped_room_potter0_20": 0.05, "centre_pots_sparse20": 28.0, "centre_pots_potter0_20": 0.2}
[pair_J] {"steps": 1079296, "elapsed_s": 3822.2, "cramped_room_sparse20": 91.0, "cramped_room_potter0_20": 0.1, "centre_pots_sparse20": 28.0, "centre_pots_potter0_20": 0.2}
[pair_J] {"steps": 1081344, "elapsed_s": 3824.3, "cramped_room_sparse20": 91.0, "cramped_room_potter0_20": 0.1, "centre_pots_sparse20": 28.0, "centre_pots_potter0_20": 0.15}
[pair_J] {"steps": 1083392, "elapsed_s": 3826.1, "cramped_room_sparse20": 96.0, "cramped_room_potter0_20": 0.1, "centre_pots_sparse20": 28.0, "centre_pots_potter0_20": 0.15}
[pair_J] {"steps": 1085440, "elapsed_s": 3828.2, "cramped_room_sparse20": 98.0, "cramped_room_potter0_20": 0.1, "centre_pots_sparse20": 26.0, "centre_pots_potter0_20": 0.15}
[pair_J] {"steps": 1087488, "elapsed_s": 3830.2, "cramped_room_sparse20": 100.0, "cramped_room_potter0_20": 0.05, "centre_pots_sparse20": 27.0, "centre_pots_potter0_20": 0.15}
[pair_J] {"steps": 1089536, "elapsed_s": 3832.1, "cramped_room_sparse20": 95.0, "cramped_room_potter0_20": 0.05, "centre_pots_sparse20": 29.0, "centre_pots_potter0_20": 0.2}
[pair_J] {"steps": 1091584, "elapsed_s": 3833.8, "cramped_room_sparse20": 93.0, "cramped_room_potter0_20": 0.05, "centre_pots_sparse20": 30.0, "centre_pots_potter0_20": 0.25}
[pair_J] {"steps": 1093632, "elapsed_s": 3835.9, "cramped_room_sparse20": 93.0, "cramped_room_potter0_20": 0.05, "centre_pots_sparse20": 29.0, "centre_pots_potter0_20": 0.35}
[pair_J] {"steps": 1095680, "elapsed_s": 3838.1, "cramped_room_sparse20": 93.0, "cramped_room_potter0_20": 0.05, "centre_pots_sparse20": 25.0, "centre_pots_potter0_20": 0.5}
[pair_J] {"steps": 1097728, "elapsed_s": 3839.9, "cramped_room_sparse20": 89.0, "cramped_room_potter0_20": 0.0, "centre_pots_sparse20": 25.0, "centre_pots_potter0_20": 0.45}
[pair_J] {"steps": 1099776, "elapsed_s": 3841.7, "cramped_room_sparse20": 82.0, "cramped_room_potter0_20": 0.0, "centre_pots_sparse20": 25.0, "centre_pots_potter0_20": 0.45}
[pair_J] {"steps": 1101824, "elapsed_s": 3843.7, "cramped_room_sparse20": 84.0, "cramped_room_potter0_20": 0.15, "centre_pots_sparse20": 25.0, "centre_pots_potter0_20": 0.45}
[pair_J] {"steps": 1103872, "elapsed_s": 3845.3, "cramped_room_sparse20": 86.0, "cramped_room_potter0_20": 0.15, "centre_pots_sparse20": 27.0, "centre_pots_potter0_20": 0.5}
[pair_J] {"steps": 1105920, "elapsed_s": 3847.2, "cramped_room_sparse20": 88.0, "cramped_room_potter0_20": 0.15, "centre_pots_sparse20": 28.0, "centre_pots_potter0_20": 0.55}
[pair_J] {"steps": 1107968, "elapsed_s": 3848.8, "cramped_room_sparse20": 88.0, "cramped_room_potter0_20": 0.2, "centre_pots_sparse20": 28.0, "centre_pots_potter0_20": 0.55}
[pair_J] {"steps": 1110016, "elapsed_s": 3850.8, "cramped_room_sparse20": 89.0, "cramped_room_potter0_20": 0.2, "centre_pots_sparse20": 26.0, "centre_pots_potter0_20": 0.5}
[pair_J] {"steps": 1112064, "elapsed_s": 3853.1, "cramped_room_sparse20": 92.0, "cramped_room_potter0_20": 0.2, "centre_pots_sparse20": 31.0, "centre_pots_potter0_20": 0.6}
[pair_J] {"steps": 1114112, "elapsed_s": 3855.1, "cramped_room_sparse20": 94.0, "cramped_room_potter0_20": 0.15, "centre_pots_sparse20": 31.0, "centre_pots_potter0_20": 0.55}
[pair_J] {"steps": 1116160, "elapsed_s": 3856.7, "cramped_room_sparse20": 93.0, "cramped_room_potter0_20": 0.05, "centre_pots_sparse20": 37.0, "centre_pots_potter0_20": 0.5}
[pair_J] {"steps": 1118208, "elapsed_s": 3859.1, "cramped_room_sparse20": 90.0, "cramped_room_potter0_20": 0.05, "centre_pots_sparse20": 42.0, "centre_pots_potter0_20": 0.55}
[pair_J] {"steps": 1120256, "elapsed_s": 3861.5, "cramped_room_sparse20": 90.0, "cramped_room_potter0_20": 0.05, "centre_pots_sparse20": 40.0, "centre_pots_potter0_20": 0.45}
[pair_J] {"steps": 1122304, "elapsed_s": 3863.2, "cramped_room_sparse20": 90.0, "cramped_room_potter0_20": 0.05, "centre_pots_sparse20": 40.0, "centre_pots_potter0_20": 0.4}
[pair_J] {"steps": 1124352, "elapsed_s": 3865.2, "cramped_room_sparse20": 91.0, "cramped_room_potter0_20": 0.05, "centre_pots_sparse20": 40.0, "centre_pots_potter0_20": 0.35}
[pair_J] {"steps": 1126400, "elapsed_s": 3867.2, "cramped_room_sparse20": 97.0, "cramped_room_potter0_20": 0.0, "centre_pots_sparse20": 40.0, "centre_pots_potter0_20": 0.3}
[pair_J] {"steps": 1128448, "elapsed_s": 3868.6, "cramped_room_sparse20": 101.0, "cramped_room_potter0_20": 0.05, "centre_pots_sparse20": 40.0, "centre_pots_potter0_20": 0.3}
[pair_J] {"steps": 1130496, "elapsed_s": 3870.1, "cramped_room_sparse20": 96.0, "cramped_room_potter0_20": 0.05, "centre_pots_sparse20": 42.0, "centre_pots_potter0_20": 0.25}
[pair_J] {"steps": 1132544, "elapsed_s": 3871.7, "cramped_room_sparse20": 98.0, "cramped_room_potter0_20": 0.05, "centre_pots_sparse20": 40.0, "centre_pots_potter0_20": 0.3}
[pair_J] {"steps": 1134592, "elapsed_s": 3873.7, "cramped_room_sparse20": 98.0, "cramped_room_potter0_20": 0.05, "centre_pots_sparse20": 37.0, "centre_pots_potter0_20": 0.25}
[pair_J] {"steps": 1136640, "elapsed_s": 3875.4, "cramped_room_sparse20": 92.0, "cramped_room_potter0_20": 0.1, "centre_pots_sparse20": 38.0, "centre_pots_potter0_20": 0.25}
[pair_J] {"steps": 1138688, "elapsed_s": 3877.2, "cramped_room_sparse20": 87.0, "cramped_room_potter0_20": 0.15, "centre_pots_sparse20": 36.0, "centre_pots_potter0_20": 0.2}
[pair_J] {"steps": 1140736, "elapsed_s": 3879.4, "cramped_room_sparse20": 91.0, "cramped_room_potter0_20": 0.1, "centre_pots_sparse20": 38.0, "centre_pots_potter0_20": 0.2}
[pair_J] {"steps": 1142784, "elapsed_s": 3881.1, "cramped_room_sparse20": 92.0, "cramped_room_potter0_20": 0.1, "centre_pots_sparse20": 40.0, "centre_pots_potter0_20": 0.3}
[pair_J] {"steps": 1144832, "elapsed_s": 3883.2, "cramped_room_sparse20": 95.0, "cramped_room_potter0_20": 0.1, "centre_pots_sparse20": 41.0, "centre_pots_potter0_20": 0.35}
[pair_J] {"steps": 1146880, "elapsed_s": 3884.9, "cramped_room_sparse20": 92.0, "cramped_room_potter0_20": 0.1, "centre_pots_sparse20": 42.0, "centre_pots_potter0_20": 0.25}
[pair_J] {"steps": 1148928, "elapsed_s": 3887.0, "cramped_room_sparse20": 92.0, "cramped_room_potter0_20": 0.1, "centre_pots_sparse20": 45.0, "centre_pots_potter0_20": 0.3}
[pair_J] {"steps": 1150976, "elapsed_s": 3889.0, "cramped_room_sparse20": 93.0, "cramped_room_potter0_20": 0.05, "centre_pots_sparse20": 42.0, "centre_pots_potter0_20": 0.3}
[pair_J] {"steps": 1153024, "elapsed_s": 3890.8, "cramped_room_sparse20": 93.0, "cramped_room_potter0_20": 0.05, "centre_pots_sparse20": 45.0, "centre_pots_potter0_20": 0.3}
[pair_J] {"steps": 1155072, "elapsed_s": 3892.7, "cramped_room_sparse20": 94.0, "cramped_room_potter0_20": 0.0, "centre_pots_sparse20": 45.0, "centre_pots_potter0_20": 0.25}
[pair_J] {"steps": 1157120, "elapsed_s": 3894.3, "cramped_room_sparse20": 92.0, "cramped_room_potter0_20": 0.0, "centre_pots_sparse20": 45.0, "centre_pots_potter0_20": 0.25}
[pair_J] {"steps": 1159168, "elapsed_s": 3895.9, "cramped_room_sparse20": 94.0, "cramped_room_potter0_20": 0.05, "centre_pots_sparse20": 41.0, "centre_pots_potter0_20": 0.2}
[pair_J] {"steps": 1161216, "elapsed_s": 3897.8, "cramped_room_sparse20": 88.0, "cramped_room_potter0_20": 0.15, "centre_pots_sparse20": 40.0, "centre_pots_potter0_20": 0.25}
[pair_J] {"steps": 1163264, "elapsed_s": 3899.7, "cramped_room_sparse20": 86.0, "cramped_room_potter0_20": 0.15, "centre_pots_sparse20": 41.0, "centre_pots_potter0_20": 0.35}
[pair_J] {"steps": 1165312, "elapsed_s": 3901.4, "cramped_room_sparse20": 86.0, "cramped_room_potter0_20": 0.15, "centre_pots_sparse20": 39.0, "centre_pots_potter0_20": 0.4}
[pair_J] {"steps": 1167360, "elapsed_s": 3903.6, "cramped_room_sparse20": 87.0, "cramped_room_potter0_20": 0.15, "centre_pots_sparse20": 36.0, "centre_pots_potter0_20": 0.55}
[pair_J] {"steps": 1169408, "elapsed_s": 3905.6, "cramped_room_sparse20": 88.0, "cramped_room_potter0_20": 0.15, "centre_pots_sparse20": 41.0, "centre_pots_potter0_20": 0.6}
[pair_J] {"steps": 1171456, "elapsed_s": 3907.1, "cramped_room_sparse20": 91.0, "cramped_room_potter0_20": 0.15, "centre_pots_sparse20": 41.0, "centre_pots_potter0_20": 0.6}
[pair_J] {"steps": 1173504, "elapsed_s": 3908.8, "cramped_room_sparse20": 92.0, "cramped_room_potter0_20": 0.1, "centre_pots_sparse20": 40.0, "centre_pots_potter0_20": 0.6}
[pair_J] {"steps": 1175552, "elapsed_s": 3910.7, "cramped_room_sparse20": 98.0, "cramped_room_potter0_20": 0.0, "centre_pots_sparse20": 39.0, "centre_pots_potter0_20": 0.6}
[pair_J] {"steps": 1177600, "elapsed_s": 3912.5, "cramped_room_sparse20": 98.0, "cramped_room_potter0_20": 0.0, "centre_pots_sparse20": 44.0, "centre_pots_potter0_20": 0.55}
[pair_J] {"steps": 1179648, "elapsed_s": 3914.2, "cramped_room_sparse20": 100.0, "cramped_room_potter0_20": 0.0, "centre_pots_sparse20": 44.0, "centre_pots_potter0_20": 0.45}
[pair_J] {"steps": 1181696, "elapsed_s": 3916.3, "cramped_room_sparse20": 93.0, "cramped_room_potter0_20": 0.0, "centre_pots_sparse20": 47.0, "centre_pots_potter0_20": 0.4}
[pair_J] {"steps": 1183744, "elapsed_s": 3918.3, "cramped_room_sparse20": 92.0, "cramped_room_potter0_20": 0.0, "centre_pots_sparse20": 49.0, "centre_pots_potter0_20": 0.3}
[pair_J] {"steps": 1185792, "elapsed_s": 3920.4, "cramped_room_sparse20": 94.0, "cramped_room_potter0_20": 0.0, "centre_pots_sparse20": 46.0, "centre_pots_potter0_20": 0.3}
[pair_J] {"steps": 1187840, "elapsed_s": 3922.3, "cramped_room_sparse20": 89.0, "cramped_room_potter0_20": 0.0, "centre_pots_sparse20": 47.0, "centre_pots_potter0_20": 0.35}
[pair_J] {"steps": 1189888, "elapsed_s": 3924.0, "cramped_room_sparse20": 85.0, "cramped_room_potter0_20": 0.05, "centre_pots_sparse20": 47.0, "centre_pots_potter0_20": 0.4}
[pair_J] {"steps": 1191936, "elapsed_s": 3926.1, "cramped_room_sparse20": 84.0, "cramped_room_potter0_20": 0.05, "centre_pots_sparse20": 44.0, "centre_pots_potter0_20": 0.35}
[pair_J] {"steps": 1193984, "elapsed_s": 3927.9, "cramped_room_sparse20": 84.0, "cramped_room_potter0_20": 0.05, "centre_pots_sparse20": 48.0, "centre_pots_potter0_20": 0.4}
[pair_J] {"steps": 1196032, "elapsed_s": 3929.6, "cramped_room_sparse20": 85.0, "cramped_room_potter0_20": 0.05, "centre_pots_sparse20": 49.0, "centre_pots_potter0_20": 0.45}
[pair_J] {"steps": 1198080, "elapsed_s": 3931.3, "cramped_room_sparse20": 95.0, "cramped_room_potter0_20": 0.05, "centre_pots_sparse20": 49.0, "centre_pots_potter0_20": 0.45}
[pair_J] {"steps": 1200128, "elapsed_s": 3933.1, "cramped_room_sparse20": 92.0, "cramped_room_potter0_20": 0.1, "centre_pots_sparse20": 52.0, "centre_pots_potter0_20": 0.45}
[pair_J] {"steps": 1202176, "elapsed_s": 3934.5, "cramped_room_sparse20": 90.0, "cramped_room_potter0_20": 0.1, "centre_pots_sparse20": 52.0, "centre_pots_potter0_20": 0.45}
[pair_J] {"steps": 1204224, "elapsed_s": 3936.2, "cramped_room_sparse20": 95.0, "cramped_room_potter0_20": 0.05, "centre_pots_sparse20": 52.0, "centre_pots_potter0_20": 0.4}
[pair_J] {"steps": 1206272, "elapsed_s": 3938.2, "cramped_room_sparse20": 94.0, "cramped_room_potter0_20": 0.05, "centre_pots_sparse20": 53.0, "centre_pots_potter0_20": 0.5}
[pair_J] {"steps": 1208320, "elapsed_s": 3939.9, "cramped_room_sparse20": 96.0, "cramped_room_potter0_20": 0.05, "centre_pots_sparse20": 58.0, "centre_pots_potter0_20": 0.4}
[pair_J] {"steps": 1210368, "elapsed_s": 3941.3, "cramped_room_sparse20": 98.0, "cramped_room_potter0_20": 0.15, "centre_pots_sparse20": 58.0, "centre_pots_potter0_20": 0.4}
[pair_J] {"steps": 1212416, "elapsed_s": 3943.1, "cramped_room_sparse20": 108.0, "cramped_room_potter0_20": 0.1, "centre_pots_sparse20": 56.0, "centre_pots_potter0_20": 0.45}
[pair_J] {"steps": 1214464, "elapsed_s": 3945.0, "cramped_room_sparse20": 108.0, "cramped_room_potter0_20": 0.1, "centre_pots_sparse20": 53.0, "centre_pots_potter0_20": 0.4}
[pair_J] {"steps": 1216512, "elapsed_s": 3946.7, "cramped_room_sparse20": 107.0, "cramped_room_potter0_20": 0.1, "centre_pots_sparse20": 50.0, "centre_pots_potter0_20": 0.4}
[pair_J] {"steps": 1218560, "elapsed_s": 3948.7, "cramped_room_sparse20": 105.0, "cramped_room_potter0_20": 0.1, "centre_pots_sparse20": 48.0, "centre_pots_potter0_20": 0.35}
[pair_J] {"steps": 1220608, "elapsed_s": 3950.5, "cramped_room_sparse20": 103.0, "cramped_room_potter0_20": 0.1, "centre_pots_sparse20": 47.0, "centre_pots_potter0_20": 0.3}
[pair_J] {"steps": 1222656, "elapsed_s": 3952.4, "cramped_room_sparse20": 105.0, "cramped_room_potter0_20": 0.05, "centre_pots_sparse20": 49.0, "centre_pots_potter0_20": 0.35}
[pair_J] {"steps": 1224704, "elapsed_s": 3954.6, "cramped_room_sparse20": 107.0, "cramped_room_potter0_20": 0.1, "centre_pots_sparse20": 47.0, "centre_pots_potter0_20": 0.4}
[pair_J] {"steps": 1226752, "elapsed_s": 3956.3, "cramped_room_sparse20": 103.0, "cramped_room_potter0_20": 0.1, "centre_pots_sparse20": 48.0, "centre_pots_potter0_20": 0.35}
[pair_J] {"steps": 1228800, "elapsed_s": 3957.9, "cramped_room_sparse20": 102.0, "cramped_room_potter0_20": 0.1, "centre_pots_sparse20": 50.0, "centre_pots_potter0_20": 0.35}
[pair_J] {"steps": 1230848, "elapsed_s": 3959.3, "cramped_room_sparse20": 98.0, "cramped_room_potter0_20": 0.15, "centre_pots_sparse20": 50.0, "centre_pots_potter0_20": 0.35}
[pair_J] {"steps": 1232896, "elapsed_s": 3961.0, "cramped_room_sparse20": 101.0, "cramped_room_potter0_20": 0.2, "centre_pots_sparse20": 52.0, "centre_pots_potter0_20": 0.4}
[pair_J] {"steps": 1234944, "elapsed_s": 3963.0, "cramped_room_sparse20": 100.0, "cramped_room_potter0_20": 0.2, "centre_pots_sparse20": 54.0, "centre_pots_potter0_20": 0.45}
[pair_J] {"steps": 1236992, "elapsed_s": 3964.6, "cramped_room_sparse20": 101.0, "cramped_room_potter0_20": 0.1, "centre_pots_sparse20": 58.0, "centre_pots_potter0_20": 0.4}
[pair_J] {"steps": 1239040, "elapsed_s": 3966.5, "cramped_room_sparse20": 102.0, "cramped_room_potter0_20": 0.1, "centre_pots_sparse20": 60.0, "centre_pots_potter0_20": 0.45}
[pair_J] {"steps": 1241088, "elapsed_s": 3968.4, "cramped_room_sparse20": 99.0, "cramped_room_potter0_20": 0.1, "centre_pots_sparse20": 59.0, "centre_pots_potter0_20": 0.5}
[pair_J] {"steps": 1243136, "elapsed_s": 3970.1, "cramped_room_sparse20": 96.0, "cramped_room_potter0_20": 0.1, "centre_pots_sparse20": 63.0, "centre_pots_potter0_20": 0.45}
[pair_J] {"steps": 1245184, "elapsed_s": 3972.2, "cramped_room_sparse20": 93.0, "cramped_room_potter0_20": 0.1, "centre_pots_sparse20": 65.0, "centre_pots_potter0_20": 0.3}
[pair_J] {"steps": 1247232, "elapsed_s": 3974.2, "cramped_room_sparse20": 103.0, "cramped_room_potter0_20": 0.05, "centre_pots_sparse20": 68.0, "centre_pots_potter0_20": 0.35}
[pair_J] {"steps": 1249280, "elapsed_s": 3976.3, "cramped_room_sparse20": 100.0, "cramped_room_potter0_20": 0.05, "centre_pots_sparse20": 66.0, "centre_pots_potter0_20": 0.3}
[pair_J] {"steps": 1251328, "elapsed_s": 3978.0, "cramped_room_sparse20": 95.0, "cramped_room_potter0_20": 0.1, "centre_pots_sparse20": 66.0, "centre_pots_potter0_20": 0.2}
[pair_J] {"steps": 1253376, "elapsed_s": 3979.6, "cramped_room_sparse20": 91.0, "cramped_room_potter0_20": 0.1, "centre_pots_sparse20": 65.0, "centre_pots_potter0_20": 0.25}
[pair_J] {"steps": 1255424, "elapsed_s": 3981.3, "cramped_room_sparse20": 81.0, "cramped_room_potter0_20": 0.1, "centre_pots_sparse20": 65.0, "centre_pots_potter0_20": 0.3}
[pair_J] {"steps": 1257472, "elapsed_s": 3982.9, "cramped_room_sparse20": 83.0, "cramped_room_potter0_20": 0.1, "centre_pots_sparse20": 64.0, "centre_pots_potter0_20": 0.25}
[pair_J] {"steps": 1259520, "elapsed_s": 3984.9, "cramped_room_sparse20": 88.0, "cramped_room_potter0_20": 0.1, "centre_pots_sparse20": 66.0, "centre_pots_potter0_20": 0.2}
[pair_J] {"steps": 1261568, "elapsed_s": 3986.7, "cramped_room_sparse20": 88.0, "cramped_room_potter0_20": 0.1, "centre_pots_sparse20": 62.0, "centre_pots_potter0_20": 0.25}
[pair_J] {"steps": 1263616, "elapsed_s": 3988.6, "cramped_room_sparse20": 92.0, "cramped_room_potter0_20": 0.05, "centre_pots_sparse20": 62.0, "centre_pots_potter0_20": 0.3}
[pair_J] {"steps": 1265664, "elapsed_s": 3990.2, "cramped_room_sparse20": 97.0, "cramped_room_potter0_20": 0.05, "centre_pots_sparse20": 61.0, "centre_pots_potter0_20": 0.3}
[pair_J] {"steps": 1267712, "elapsed_s": 3992.6, "cramped_room_sparse20": 97.0, "cramped_room_potter0_20": 0.1, "centre_pots_sparse20": 62.0, "centre_pots_potter0_20": 0.35}
[pair_J] {"steps": 1269760, "elapsed_s": 3994.6, "cramped_room_sparse20": 97.0, "cramped_room_potter0_20": 0.1, "centre_pots_sparse20": 60.0, "centre_pots_potter0_20": 0.35}
[pair_J] {"steps": 1271808, "elapsed_s": 3996.7, "cramped_room_sparse20": 100.0, "cramped_room_potter0_20": 0.1, "centre_pots_sparse20": 56.0, "centre_pots_potter0_20": 0.4}
[pair_J] {"steps": 1273856, "elapsed_s": 3998.5, "cramped_room_sparse20": 107.0, "cramped_room_potter0_20": 0.1, "centre_pots_sparse20": 51.0, "centre_pots_potter0_20": 0.35}
[pair_J] {"steps": 1275904, "elapsed_s": 4000.4, "cramped_room_sparse20": 107.0, "cramped_room_potter0_20": 0.1, "centre_pots_sparse20": 50.0, "centre_pots_potter0_20": 0.4}
[pair_J] {"steps": 1277952, "elapsed_s": 4002.1, "cramped_room_sparse20": 104.0, "cramped_room_potter0_20": 0.15, "centre_pots_sparse20": 50.0, "centre_pots_potter0_20": 0.4}
[pair_J] {"steps": 1280000, "elapsed_s": 4004.0, "cramped_room_sparse20": 99.0, "cramped_room_potter0_20": 0.15, "centre_pots_sparse20": 51.0, "centre_pots_potter0_20": 0.45}
[pair_J] {"steps": 1282048, "elapsed_s": 4005.7, "cramped_room_sparse20": 101.0, "cramped_room_potter0_20": 0.15, "centre_pots_sparse20": 50.0, "centre_pots_potter0_20": 0.4}
[pair_J] {"steps": 1284096, "elapsed_s": 4007.9, "cramped_room_sparse20": 99.0, "cramped_room_potter0_20": 0.15, "centre_pots_sparse20": 49.0, "centre_pots_potter0_20": 0.45}
[pair_J] {"steps": 1286144, "elapsed_s": 4009.7, "cramped_room_sparse20": 98.0, "cramped_room_potter0_20": 0.1, "centre_pots_sparse20": 51.0, "centre_pots_potter0_20": 0.4}
[pair_J] {"steps": 1288192, "elapsed_s": 4011.9, "cramped_room_sparse20": 96.0, "cramped_room_potter0_20": 0.05, "centre_pots_sparse20": 54.0, "centre_pots_potter0_20": 0.45}
[pair_J] {"steps": 1290240, "elapsed_s": 4013.7, "cramped_room_sparse20": 97.0, "cramped_room_potter0_20": 0.1, "centre_pots_sparse20": 57.0, "centre_pots_potter0_20": 0.55}
[pair_J] {"steps": 1292288, "elapsed_s": 4015.6, "cramped_room_sparse20": 101.0, "cramped_room_potter0_20": 0.1, "centre_pots_sparse20": 55.0, "centre_pots_potter0_20": 0.55}
[pair_J] {"steps": 1294336, "elapsed_s": 4017.4, "cramped_room_sparse20": 104.0, "cramped_room_potter0_20": 0.05, "centre_pots_sparse20": 55.0, "centre_pots_potter0_20": 0.55}
[pair_J] {"steps": 1296384, "elapsed_s": 4019.3, "cramped_room_sparse20": 103.0, "cramped_room_potter0_20": 0.05, "centre_pots_sparse20": 53.0, "centre_pots_potter0_20": 0.55}
[pair_J] {"steps": 1298432, "elapsed_s": 4021.4, "cramped_room_sparse20": 104.0, "cramped_room_potter0_20": 0.1, "centre_pots_sparse20": 60.0, "centre_pots_potter0_20": 0.55}
[pair_J] {"steps": 1300480, "elapsed_s": 4023.2, "cramped_room_sparse20": 108.0, "cramped_room_potter0_20": 0.1, "centre_pots_sparse20": 59.0, "centre_pots_potter0_20": 0.6}
[pair_J] {"steps": 1302528, "elapsed_s": 4025.2, "cramped_room_sparse20": 104.0, "cramped_room_potter0_20": 0.1, "centre_pots_sparse20": 57.0, "centre_pots_potter0_20": 0.55}
[pair_J] {"steps": 1304576, "elapsed_s": 4026.7, "cramped_room_sparse20": 108.0, "cramped_room_potter0_20": 0.1, "centre_pots_sparse20": 58.0, "centre_pots_potter0_20": 0.5}
[pair_J] {"steps": 1306624, "elapsed_s": 4028.5, "cramped_room_sparse20": 109.0, "cramped_room_potter0_20": 0.1, "centre_pots_sparse20": 61.0, "centre_pots_potter0_20": 0.35}
[pair_J] {"steps": 1308672, "elapsed_s": 4030.4, "cramped_room_sparse20": 105.0, "cramped_room_potter0_20": 0.05, "centre_pots_sparse20": 63.0, "centre_pots_potter0_20": 0.3}
[pair_J] {"steps": 1310720, "elapsed_s": 4032.4, "cramped_room_sparse20": 105.0, "cramped_room_potter0_20": 0.05, "centre_pots_sparse20": 68.0, "centre_pots_potter0_20": 0.3}
[pair_J] {"steps": 1312768, "elapsed_s": 4034.6, "cramped_room_sparse20": 105.0, "cramped_room_potter0_20": 0.05, "centre_pots_sparse20": 68.0, "centre_pots_potter0_20": 0.15}
[pair_J] {"steps": 1314816, "elapsed_s": 4036.2, "cramped_room_sparse20": 108.0, "cramped_room_potter0_20": 0.05, "centre_pots_sparse20": 68.0, "centre_pots_potter0_20": 0.2}
[pair_J] {"steps": 1316864, "elapsed_s": 4038.1, "cramped_room_sparse20": 103.0, "cramped_room_potter0_20": 0.0, "centre_pots_sparse20": 69.0, "centre_pots_potter0_20": 0.15}
[pair_J] {"steps": 1318912, "elapsed_s": 4039.6, "cramped_room_sparse20": 104.0, "cramped_room_potter0_20": 0.0, "centre_pots_sparse20": 69.0, "centre_pots_potter0_20": 0.15}
[pair_J] {"steps": 1320960, "elapsed_s": 4041.6, "cramped_room_sparse20": 105.0, "cramped_room_potter0_20": 0.0, "centre_pots_sparse20": 64.0, "centre_pots_potter0_20": 0.2}
[pair_J] {"steps": 1323008, "elapsed_s": 4043.3, "cramped_room_sparse20": 102.0, "cramped_room_potter0_20": 0.05, "centre_pots_sparse20": 62.0, "centre_pots_potter0_20": 0.25}
[pair_J] {"steps": 1325056, "elapsed_s": 4045.1, "cramped_room_sparse20": 106.0, "cramped_room_potter0_20": 0.05, "centre_pots_sparse20": 58.0, "centre_pots_potter0_20": 0.3}
[pair_J] {"steps": 1327104, "elapsed_s": 4046.8, "cramped_room_sparse20": 105.0, "cramped_room_potter0_20": 0.05, "centre_pots_sparse20": 53.0, "centre_pots_potter0_20": 0.35}
[pair_J] {"steps": 1329152, "elapsed_s": 4048.4, "cramped_room_sparse20": 107.0, "cramped_room_potter0_20": 0.05, "centre_pots_sparse20": 53.0, "centre_pots_potter0_20": 0.35}
[pair_J] {"steps": 1331200, "elapsed_s": 4050.6, "cramped_room_sparse20": 108.0, "cramped_room_potter0_20": 0.05, "centre_pots_sparse20": 51.0, "centre_pots_potter0_20": 0.3}
[pair_J] {"steps": 1333248, "elapsed_s": 4052.2, "cramped_room_sparse20": 112.0, "cramped_room_potter0_20": 0.1, "centre_pots_sparse20": 52.0, "centre_pots_potter0_20": 0.35}
[pair_J] {"steps": 1335296, "elapsed_s": 4054.0, "cramped_room_sparse20": 112.0, "cramped_room_potter0_20": 0.1, "centre_pots_sparse20": 52.0, "centre_pots_potter0_20": 0.35}
[pair_J] {"steps": 1337344, "elapsed_s": 4055.8, "cramped_room_sparse20": 114.0, "cramped_room_potter0_20": 0.1, "centre_pots_sparse20": 55.0, "centre_pots_potter0_20": 0.3}
[pair_J] {"steps": 1339392, "elapsed_s": 4057.5, "cramped_room_sparse20": 114.0, "cramped_room_potter0_20": 0.05, "centre_pots_sparse20": 51.0, "centre_pots_potter0_20": 0.25}
[pair_J] {"steps": 1341440, "elapsed_s": 4059.5, "cramped_room_sparse20": 113.0, "cramped_room_potter0_20": 0.05, "centre_pots_sparse20": 52.0, "centre_pots_potter0_20": 0.2}
[pair_J] {"steps": 1343488, "elapsed_s": 4061.5, "cramped_room_sparse20": 114.0, "cramped_room_potter0_20": 0.05, "centre_pots_sparse20": 51.0, "centre_pots_potter0_20": 0.25}
[pair_J] {"steps": 1345536, "elapsed_s": 4063.3, "cramped_room_sparse20": 116.0, "cramped_room_potter0_20": 0.05, "centre_pots_sparse20": 47.0, "centre_pots_potter0_20": 0.2}
[pair_J] {"steps": 1347584, "elapsed_s": 4065.0, "cramped_room_sparse20": 117.0, "cramped_room_potter0_20": 0.1, "centre_pots_sparse20": 51.0, "centre_pots_potter0_20": 0.2}
[pair_J] {"steps": 1349632, "elapsed_s": 4066.7, "cramped_room_sparse20": 117.0, "cramped_room_potter0_20": 0.1, "centre_pots_sparse20": 50.0, "centre_pots_potter0_20": 0.2}
[pair_J] {"steps": 1351680, "elapsed_s": 4068.8, "cramped_room_sparse20": 114.0, "cramped_room_potter0_20": 0.05, "centre_pots_sparse20": 48.0, "centre_pots_potter0_20": 0.25}
[pair_J] {"steps": 1353728, "elapsed_s": 4070.3, "cramped_room_sparse20": 112.0, "cramped_room_potter0_20": 0.1, "centre_pots_sparse20": 54.0, "centre_pots_potter0_20": 0.3}
[pair_J] {"steps": 1355776, "elapsed_s": 4072.2, "cramped_room_sparse20": 108.0, "cramped_room_potter0_20": 0.1, "centre_pots_sparse20": 54.0, "centre_pots_potter0_20": 0.45}
[pair_J] {"steps": 1357824, "elapsed_s": 4074.0, "cramped_room_sparse20": 108.0, "cramped_room_potter0_20": 0.1, "centre_pots_sparse20": 55.0, "centre_pots_potter0_20": 0.45}
[pair_J] {"steps": 1359872, "elapsed_s": 4075.6, "cramped_room_sparse20": 100.0, "cramped_room_potter0_20": 0.1, "centre_pots_sparse20": 54.0, "centre_pots_potter0_20": 0.45}
[pair_J] {"steps": 1361920, "elapsed_s": 4076.9, "cramped_room_sparse20": 95.0, "cramped_room_potter0_20": 0.05, "centre_pots_sparse20": 54.0, "centre_pots_potter0_20": 0.45}
[pair_J] {"steps": 1363968, "elapsed_s": 4078.8, "cramped_room_sparse20": 92.0, "cramped_room_potter0_20": 0.05, "centre_pots_sparse20": 60.0, "centre_pots_potter0_20": 0.5}
[pair_J] {"steps": 1366016, "elapsed_s": 4080.6, "cramped_room_sparse20": 93.0, "cramped_room_potter0_20": 0.05, "centre_pots_sparse20": 59.0, "centre_pots_potter0_20": 0.5}
[pair_J] {"steps": 1368064, "elapsed_s": 4082.4, "cramped_room_sparse20": 94.0, "cramped_room_potter0_20": 0.0, "centre_pots_sparse20": 54.0, "centre_pots_potter0_20": 0.5}
[pair_J] {"steps": 1370112, "elapsed_s": 4083.9, "cramped_room_sparse20": 93.0, "cramped_room_potter0_20": 0.0, "centre_pots_sparse20": 56.0, "centre_pots_potter0_20": 0.5}
[pair_J] {"steps": 1372160, "elapsed_s": 4085.4, "cramped_room_sparse20": 97.0, "cramped_room_potter0_20": 0.0, "centre_pots_sparse20": 56.0, "centre_pots_potter0_20": 0.5}
[pair_J] {"steps": 1374208, "elapsed_s": 4087.1, "cramped_room_sparse20": 97.0, "cramped_room_potter0_20": 0.0, "centre_pots_sparse20": 52.0, "centre_pots_potter0_20": 0.45}
[pair_J] {"steps": 1376256, "elapsed_s": 4088.8, "cramped_room_sparse20": 95.0, "cramped_room_potter0_20": 0.0, "centre_pots_sparse20": 57.0, "centre_pots_potter0_20": 0.35}
[pair_J] {"steps": 1378304, "elapsed_s": 4090.7, "cramped_room_sparse20": 94.0, "cramped_room_potter0_20": 0.05, "centre_pots_sparse20": 60.0, "centre_pots_potter0_20": 0.35}
[pair_J] {"steps": 1380352, "elapsed_s": 4092.6, "cramped_room_sparse20": 93.0, "cramped_room_potter0_20": 0.05, "centre_pots_sparse20": 59.0, "centre_pots_potter0_20": 0.3}
[pair_J] {"steps": 1382400, "elapsed_s": 4094.5, "cramped_room_sparse20": 92.0, "cramped_room_potter0_20": 0.05, "centre_pots_sparse20": 57.0, "centre_pots_potter0_20": 0.25}
[pair_J] {"steps": 1384448, "elapsed_s": 4095.8, "cramped_room_sparse20": 88.0, "cramped_room_potter0_20": 0.05, "centre_pots_sparse20": 55.0, "centre_pots_potter0_20": 0.3}
[pair_J] {"steps": 1386496, "elapsed_s": 4097.3, "cramped_room_sparse20": 88.0, "cramped_room_potter0_20": 0.05, "centre_pots_sparse20": 54.0, "centre_pots_potter0_20": 0.25}
[pair_J] {"steps": 1388544, "elapsed_s": 4099.1, "cramped_room_sparse20": 93.0, "cramped_room_potter0_20": 0.05, "centre_pots_sparse20": 53.0, "centre_pots_potter0_20": 0.25}
[pair_J] {"steps": 1390592, "elapsed_s": 4101.0, "cramped_room_sparse20": 97.0, "cramped_room_potter0_20": 0.05, "centre_pots_sparse20": 54.0, "centre_pots_potter0_20": 0.25}
[pair_J] {"steps": 1392640, "elapsed_s": 4103.0, "cramped_room_sparse20": 97.0, "cramped_room_potter0_20": 0.05, "centre_pots_sparse20": 54.0, "centre_pots_potter0_20": 0.4}
[pair_J] {"steps": 1394688, "elapsed_s": 4104.7, "cramped_room_sparse20": 102.0, "cramped_room_potter0_20": 0.05, "centre_pots_sparse20": 55.0, "centre_pots_potter0_20": 0.35}
[pair_J] {"steps": 1396736, "elapsed_s": 4106.4, "cramped_room_sparse20": 103.0, "cramped_room_potter0_20": 0.05, "centre_pots_sparse20": 54.0, "centre_pots_potter0_20": 0.3}
[pair_J] {"steps": 1398784, "elapsed_s": 4108.1, "cramped_room_sparse20": 104.0, "cramped_room_potter0_20": 0.05, "centre_pots_sparse20": 51.0, "centre_pots_potter0_20": 0.3}
[pair_J] {"steps": 1400832, "elapsed_s": 4110.1, "cramped_room_sparse20": 106.0, "cramped_room_potter0_20": 0.05, "centre_pots_sparse20": 52.0, "centre_pots_potter0_20": 0.3}
[pair_J] {"steps": 1402880, "elapsed_s": 4111.8, "cramped_room_sparse20": 109.0, "cramped_room_potter0_20": 0.1, "centre_pots_sparse20": 56.0, "centre_pots_potter0_20": 0.3}
[pair_J] {"steps": 1404928, "elapsed_s": 4113.7, "cramped_room_sparse20": 108.0, "cramped_room_potter0_20": 0.1, "centre_pots_sparse20": 59.0, "centre_pots_potter0_20": 0.4}
[pair_J] {"steps": 1406976, "elapsed_s": 4115.8, "cramped_room_sparse20": 108.0, "cramped_room_potter0_20": 0.1, "centre_pots_sparse20": 59.0, "centre_pots_potter0_20": 0.35}
[pair_J] {"steps": 1409024, "elapsed_s": 4117.4, "cramped_room_sparse20": 105.0, "cramped_room_potter0_20": 0.1, "centre_pots_sparse20": 54.0, "centre_pots_potter0_20": 0.3}
[pair_J] {"steps": 1411072, "elapsed_s": 4119.1, "cramped_room_sparse20": 99.0, "cramped_room_potter0_20": 0.15, "centre_pots_sparse20": 56.0, "centre_pots_potter0_20": 0.25}
[pair_J] {"steps": 1413120, "elapsed_s": 4120.5, "cramped_room_sparse20": 99.0, "cramped_room_potter0_20": 0.2, "centre_pots_sparse20": 56.0, "centre_pots_potter0_20": 0.25}
[pair_J] {"steps": 1415168, "elapsed_s": 4122.4, "cramped_room_sparse20": 97.0, "cramped_room_potter0_20": 0.25, "centre_pots_sparse20": 53.0, "centre_pots_potter0_20": 0.25}
[pair_J] {"steps": 1417216, "elapsed_s": 4124.2, "cramped_room_sparse20": 97.0, "cramped_room_potter0_20": 0.2, "centre_pots_sparse20": 60.0, "centre_pots_potter0_20": 0.25}
[pair_J] {"steps": 1419264, "elapsed_s": 4125.9, "cramped_room_sparse20": 97.0, "cramped_room_potter0_20": 0.2, "centre_pots_sparse20": 61.0, "centre_pots_potter0_20": 0.2}
[pair_J] {"steps": 1421312, "elapsed_s": 4127.4, "cramped_room_sparse20": 103.0, "cramped_room_potter0_20": 0.15, "centre_pots_sparse20": 57.0, "centre_pots_potter0_20": 0.2}
[pair_J] {"steps": 1423360, "elapsed_s": 4129.0, "cramped_room_sparse20": 115.0, "cramped_room_potter0_20": 0.1, "centre_pots_sparse20": 57.0, "centre_pots_potter0_20": 0.2}
[pair_J] {"steps": 1425408, "elapsed_s": 4130.8, "cramped_room_sparse20": 117.0, "cramped_room_potter0_20": 0.1, "centre_pots_sparse20": 52.0, "centre_pots_potter0_20": 0.2}
[pair_J] {"steps": 1427456, "elapsed_s": 4132.5, "cramped_room_sparse20": 115.0, "cramped_room_potter0_20": 0.05, "centre_pots_sparse20": 51.0, "centre_pots_potter0_20": 0.15}
[pair_J] {"steps": 1429504, "elapsed_s": 4134.2, "cramped_room_sparse20": 113.0, "cramped_room_potter0_20": 0.05, "centre_pots_sparse20": 51.0, "centre_pots_potter0_20": 0.1}
[pair_J] {"steps": 1431552, "elapsed_s": 4136.0, "cramped_room_sparse20": 112.0, "cramped_room_potter0_20": 0.05, "centre_pots_sparse20": 51.0, "centre_pots_potter0_20": 0.15}
[pair_J] {"steps": 1433600, "elapsed_s": 4137.7, "cramped_room_sparse20": 111.0, "cramped_room_potter0_20": 0.0, "centre_pots_sparse20": 53.0, "centre_pots_potter0_20": 0.2}
[pair_J] {"steps": 1435648, "elapsed_s": 4139.3, "cramped_room_sparse20": 103.0, "cramped_room_potter0_20": 0.0, "centre_pots_sparse20": 51.0, "centre_pots_potter0_20": 0.3}
[pair_J] {"steps": 1437696, "elapsed_s": 4140.9, "cramped_room_sparse20": 104.0, "cramped_room_potter0_20": 0.05, "centre_pots_sparse20": 51.0, "centre_pots_potter0_20": 0.3}
[pair_J] {"steps": 1439744, "elapsed_s": 4142.6, "cramped_room_sparse20": 107.0, "cramped_room_potter0_20": 0.05, "centre_pots_sparse20": 53.0, "centre_pots_potter0_20": 0.3}
[pair_J] {"steps": 1441792, "elapsed_s": 4144.3, "cramped_room_sparse20": 108.0, "cramped_room_potter0_20": 0.05, "centre_pots_sparse20": 50.0, "centre_pots_potter0_20": 0.35}
[pair_J] {"steps": 1443840, "elapsed_s": 4145.9, "cramped_room_sparse20": 109.0, "cramped_room_potter0_20": 0.05, "centre_pots_sparse20": 51.0, "centre_pots_potter0_20": 0.35}
[pair_J] {"steps": 1445888, "elapsed_s": 4147.5, "cramped_room_sparse20": 99.0, "cramped_room_potter0_20": 0.05, "centre_pots_sparse20": 54.0, "centre_pots_potter0_20": 0.45}
[pair_J] {"steps": 1447936, "elapsed_s": 4149.4, "cramped_room_sparse20": 100.0, "cramped_room_potter0_20": 0.05, "centre_pots_sparse20": 61.0, "centre_pots_potter0_20": 0.45}
[pair_J] {"steps": 1449984, "elapsed_s": 4151.0, "cramped_room_sparse20": 109.0, "cramped_room_potter0_20": 0.1, "centre_pots_sparse20": 61.0, "centre_pots_potter0_20": 0.5}
[pair_J] {"steps": 1452032, "elapsed_s": 4152.8, "cramped_room_sparse20": 106.0, "cramped_room_potter0_20": 0.05, "centre_pots_sparse20": 61.0, "centre_pots_potter0_20": 0.5}
[pair_J] {"steps": 1454080, "elapsed_s": 4154.7, "cramped_room_sparse20": 105.0, "cramped_room_potter0_20": 0.05, "centre_pots_sparse20": 64.0, "centre_pots_potter0_20": 0.5}
[pair_J] {"steps": 1456128, "elapsed_s": 4156.7, "cramped_room_sparse20": 105.0, "cramped_room_potter0_20": 0.05, "centre_pots_sparse20": 60.0, "centre_pots_potter0_20": 0.55}
[pair_J] {"steps": 1458176, "elapsed_s": 4158.1, "cramped_room_sparse20": 108.0, "cramped_room_potter0_20": 0.05, "centre_pots_sparse20": 61.0, "centre_pots_potter0_20": 0.55}
[pair_J] {"steps": 1460224, "elapsed_s": 4159.7, "cramped_room_sparse20": 112.0, "cramped_room_potter0_20": 0.05, "centre_pots_sparse20": 60.0, "centre_pots_potter0_20": 0.5}
[pair_J] {"steps": 1462272, "elapsed_s": 4161.4, "cramped_room_sparse20": 111.0, "cramped_room_potter0_20": 0.05, "centre_pots_sparse20": 58.0, "centre_pots_potter0_20": 0.55}
[pair_J] {"steps": 1464320, "elapsed_s": 4163.4, "cramped_room_sparse20": 110.0, "cramped_room_potter0_20": 0.0, "centre_pots_sparse20": 55.0, "centre_pots_potter0_20": 0.55}
[pair_J] {"steps": 1466368, "elapsed_s": 4165.3, "cramped_room_sparse20": 112.0, "cramped_room_potter0_20": 0.0, "centre_pots_sparse20": 50.0, "centre_pots_potter0_20": 0.55}
[pair_J] {"steps": 1468416, "elapsed_s": 4166.9, "cramped_room_sparse20": 107.0, "cramped_room_potter0_20": 0.05, "centre_pots_sparse20": 51.0, "centre_pots_potter0_20": 0.55}
[pair_J] {"steps": 1470464, "elapsed_s": 4168.6, "cramped_room_sparse20": 103.0, "cramped_room_potter0_20": 0.1, "centre_pots_sparse20": 49.0, "centre_pots_potter0_20": 0.5}
[pair_J] {"steps": 1472512, "elapsed_s": 4170.3, "cramped_room_sparse20": 102.0, "cramped_room_potter0_20": 0.15, "centre_pots_sparse20": 49.0, "centre_pots_potter0_20": 0.55}
[pair_J] {"steps": 1474560, "elapsed_s": 4172.1, "cramped_room_sparse20": 102.0, "cramped_room_potter0_20": 0.15, "centre_pots_sparse20": 52.0, "centre_pots_potter0_20": 0.5}
[pair_J] {"steps": 1476608, "elapsed_s": 4173.8, "cramped_room_sparse20": 107.0, "cramped_room_potter0_20": 0.2, "centre_pots_sparse20": 56.0, "centre_pots_potter0_20": 0.55}
[pair_J] {"steps": 1478656, "elapsed_s": 4175.6, "cramped_room_sparse20": 111.0, "cramped_room_potter0_20": 0.2, "centre_pots_sparse20": 57.0, "centre_pots_potter0_20": 0.6}
[pair_J] {"steps": 1480704, "elapsed_s": 4177.2, "cramped_room_sparse20": 113.0, "cramped_room_potter0_20": 0.2, "centre_pots_sparse20": 57.0, "centre_pots_potter0_20": 0.6}
[pair_J] {"steps": 1482752, "elapsed_s": 4179.1, "cramped_room_sparse20": 118.0, "cramped_room_potter0_20": 0.2, "centre_pots_sparse20": 60.0, "centre_pots_potter0_20": 0.65}
[pair_J] {"steps": 1484800, "elapsed_s": 4181.0, "cramped_room_sparse20": 124.0, "cramped_room_potter0_20": 0.1, "centre_pots_sparse20": 58.0, "centre_pots_potter0_20": 0.65}
[pair_J] {"steps": 1486848, "elapsed_s": 4182.6, "cramped_room_sparse20": 126.0, "cramped_room_potter0_20": 0.05, "centre_pots_sparse20": 59.0, "centre_pots_potter0_20": 0.7}
[pair_J] {"steps": 1488896, "elapsed_s": 4184.1, "cramped_room_sparse20": 127.0, "cramped_room_potter0_20": 0.0, "centre_pots_sparse20": 60.0, "centre_pots_potter0_20": 0.7}
[pair_J] {"steps": 1490944, "elapsed_s": 4185.8, "cramped_room_sparse20": 126.0, "cramped_room_potter0_20": 0.0, "centre_pots_sparse20": 60.0, "centre_pots_potter0_20": 0.6}
[pair_J] {"steps": 1492992, "elapsed_s": 4187.6, "cramped_room_sparse20": 124.0, "cramped_room_potter0_20": 0.05, "centre_pots_sparse20": 60.0, "centre_pots_potter0_20": 0.65}
[pair_J] {"steps": 1495040, "elapsed_s": 4189.6, "cramped_room_sparse20": 123.0, "cramped_room_potter0_20": 0.05, "centre_pots_sparse20": 60.0, "centre_pots_potter0_20": 0.55}
[pair_J] {"steps": 1497088, "elapsed_s": 4191.5, "cramped_room_sparse20": 124.0, "cramped_room_potter0_20": 0.05, "centre_pots_sparse20": 57.0, "centre_pots_potter0_20": 0.45}
[pair_J] {"steps": 1499136, "elapsed_s": 4193.4, "cramped_room_sparse20": 125.0, "cramped_room_potter0_20": 0.05, "centre_pots_sparse20": 59.0, "centre_pots_potter0_20": 0.4}
[pair_J] {"steps": 1501184, "elapsed_s": 4195.5, "cramped_room_sparse20": 121.0, "cramped_room_potter0_20": 0.05, "centre_pots_sparse20": 64.0, "centre_pots_potter0_20": 0.5}
[pair_J] {"steps": 1503232, "elapsed_s": 4197.6, "cramped_room_sparse20": 122.0, "cramped_room_potter0_20": 0.1, "centre_pots_sparse20": 64.0, "centre_pots_potter0_20": 0.4}
[pair_J] {"steps": 1505280, "elapsed_s": 4199.2, "cramped_room_sparse20": 122.0, "cramped_room_potter0_20": 0.1, "centre_pots_sparse20": 66.0, "centre_pots_potter0_20": 0.45}
[pair_J] {"steps": 1507328, "elapsed_s": 4201.1, "cramped_room_sparse20": 126.0, "cramped_room_potter0_20": 0.15, "centre_pots_sparse20": 63.0, "centre_pots_potter0_20": 0.4}
[pair_J] {"steps": 1509376, "elapsed_s": 4202.7, "cramped_room_sparse20": 128.0, "cramped_room_potter0_20": 0.15, "centre_pots_sparse20": 63.0, "centre_pots_potter0_20": 0.4}
[pair_J] {"steps": 1511424, "elapsed_s": 4204.4, "cramped_room_sparse20": 127.0, "cramped_room_potter0_20": 0.1, "centre_pots_sparse20": 65.0, "centre_pots_potter0_20": 0.45}
[pair_J] {"steps": 1513472, "elapsed_s": 4206.1, "cramped_room_sparse20": 125.0, "cramped_room_potter0_20": 0.1, "centre_pots_sparse20": 62.0, "centre_pots_potter0_20": 0.4}
[pair_J] {"steps": 1515520, "elapsed_s": 4207.9, "cramped_room_sparse20": 123.0, "cramped_room_potter0_20": 0.1, "centre_pots_sparse20": 60.0, "centre_pots_potter0_20": 0.25}
[pair_J] {"steps": 1517568, "elapsed_s": 4209.9, "cramped_room_sparse20": 121.0, "cramped_room_potter0_20": 0.1, "centre_pots_sparse20": 64.0, "centre_pots_potter0_20": 0.3}
[pair_J] {"steps": 1519616, "elapsed_s": 4211.7, "cramped_room_sparse20": 119.0, "cramped_room_potter0_20": 0.05, "centre_pots_sparse20": 59.0, "centre_pots_potter0_20": 0.25}
[pair_J] {"steps": 1521664, "elapsed_s": 4213.4, "cramped_room_sparse20": 122.0, "cramped_room_potter0_20": 0.05, "centre_pots_sparse20": 56.0, "centre_pots_potter0_20": 0.25}
[pair_J] {"steps": 1523712, "elapsed_s": 4215.2, "cramped_room_sparse20": 117.0, "cramped_room_potter0_20": 0.0, "centre_pots_sparse20": 52.0, "centre_pots_potter0_20": 0.25}
[pair_J] {"steps": 1525760, "elapsed_s": 4217.1, "cramped_room_sparse20": 117.0, "cramped_room_potter0_20": 0.0, "centre_pots_sparse20": 50.0, "centre_pots_potter0_20": 0.3}
[pair_J] {"steps": 1527808, "elapsed_s": 4218.7, "cramped_room_sparse20": 114.0, "cramped_room_potter0_20": 0.0, "centre_pots_sparse20": 47.0, "centre_pots_potter0_20": 0.35}
[pair_J] {"steps": 1529856, "elapsed_s": 4220.6, "cramped_room_sparse20": 114.0, "cramped_room_potter0_20": 0.0, "centre_pots_sparse20": 43.0, "centre_pots_potter0_20": 0.45}
[pair_J] {"steps": 1531904, "elapsed_s": 4222.2, "cramped_room_sparse20": 107.0, "cramped_room_potter0_20": 0.0, "centre_pots_sparse20": 41.0, "centre_pots_potter0_20": 0.4}
[pair_J] {"steps": 1533952, "elapsed_s": 4224.0, "cramped_room_sparse20": 106.0, "cramped_room_potter0_20": 0.0, "centre_pots_sparse20": 42.0, "centre_pots_potter0_20": 0.5}
[pair_J] {"steps": 1536000, "elapsed_s": 4226.2, "cramped_room_sparse20": 107.0, "cramped_room_potter0_20": 0.0, "centre_pots_sparse20": 49.0, "centre_pots_potter0_20": 0.6}
[pair_J] {"steps": 1538048, "elapsed_s": 4228.1, "cramped_room_sparse20": 109.0, "cramped_room_potter0_20": 0.05, "centre_pots_sparse20": 59.0, "centre_pots_potter0_20": 0.7}
[pair_J] {"steps": 1540096, "elapsed_s": 4229.8, "cramped_room_sparse20": 109.0, "cramped_room_potter0_20": 0.05, "centre_pots_sparse20": 61.0, "centre_pots_potter0_20": 0.65}
[pair_J] {"steps": 1542144, "elapsed_s": 4231.2, "cramped_room_sparse20": 109.0, "cramped_room_potter0_20": 0.15, "centre_pots_sparse20": 65.0, "centre_pots_potter0_20": 0.65}
[pair_J] {"steps": 1544192, "elapsed_s": 4233.1, "cramped_room_sparse20": 110.0, "cramped_room_potter0_20": 0.15, "centre_pots_sparse20": 72.0, "centre_pots_potter0_20": 0.75}
[pair_J] {"steps": 1546240, "elapsed_s": 4235.0, "cramped_room_sparse20": 113.0, "cramped_room_potter0_20": 0.2, "centre_pots_sparse20": 74.0, "centre_pots_potter0_20": 0.75}
[pair_J] {"steps": 1548288, "elapsed_s": 4236.5, "cramped_room_sparse20": 122.0, "cramped_room_potter0_20": 0.2, "centre_pots_sparse20": 73.0, "centre_pots_potter0_20": 0.8}
[pair_J] {"steps": 1550336, "elapsed_s": 4238.3, "cramped_room_sparse20": 120.0, "cramped_room_potter0_20": 0.2, "centre_pots_sparse20": 71.0, "centre_pots_potter0_20": 0.75}
[pair_J] {"steps": 1552384, "elapsed_s": 4240.0, "cramped_room_sparse20": 116.0, "cramped_room_potter0_20": 0.15, "centre_pots_sparse20": 72.0, "centre_pots_potter0_20": 0.75}
[pair_J] {"steps": 1554432, "elapsed_s": 4241.6, "cramped_room_sparse20": 121.0, "cramped_room_potter0_20": 0.1, "centre_pots_sparse20": 70.0, "centre_pots_potter0_20": 0.7}
[pair_J] {"steps": 1556480, "elapsed_s": 4243.2, "cramped_room_sparse20": 125.0, "cramped_room_potter0_20": 0.05, "centre_pots_sparse20": 69.0, "centre_pots_potter0_20": 0.65}
[pair_J] {"steps": 1558528, "elapsed_s": 4244.9, "cramped_room_sparse20": 120.0, "cramped_room_potter0_20": 0.0, "centre_pots_sparse20": 65.0, "centre_pots_potter0_20": 0.5}
[pair_J] {"steps": 1560576, "elapsed_s": 4246.4, "cramped_room_sparse20": 115.0, "cramped_room_potter0_20": 0.0, "centre_pots_sparse20": 66.0, "centre_pots_potter0_20": 0.5}
[pair_J] {"steps": 1562624, "elapsed_s": 4248.1, "cramped_room_sparse20": 116.0, "cramped_room_potter0_20": 0.0, "centre_pots_sparse20": 62.0, "centre_pots_potter0_20": 0.45}
[pair_J] {"steps": 1564672, "elapsed_s": 4249.7, "cramped_room_sparse20": 117.0, "cramped_room_potter0_20": 0.0, "centre_pots_sparse20": 59.0, "centre_pots_potter0_20": 0.35}
[pair_J] {"steps": 1566720, "elapsed_s": 4251.6, "cramped_room_sparse20": 118.0, "cramped_room_potter0_20": 0.0, "centre_pots_sparse20": 56.0, "centre_pots_potter0_20": 0.45}
[pair_J] {"steps": 1568768, "elapsed_s": 4253.7, "cramped_room_sparse20": 117.0, "cramped_room_potter0_20": 0.0, "centre_pots_sparse20": 51.0, "centre_pots_potter0_20": 0.35}
[pair_J] {"steps": 1570816, "elapsed_s": 4256.2, "cramped_room_sparse20": 117.0, "cramped_room_potter0_20": 0.0, "centre_pots_sparse20": 56.0, "centre_pots_potter0_20": 0.55}
[pair_J] {"steps": 1572864, "elapsed_s": 4257.5, "cramped_room_sparse20": 117.0, "cramped_room_potter0_20": 0.0, "centre_pots_sparse20": 57.0, "centre_pots_potter0_20": 0.55}
[pair_J] {"steps": 1574912, "elapsed_s": 4259.2, "cramped_room_sparse20": 113.0, "cramped_room_potter0_20": 0.0, "centre_pots_sparse20": 58.0, "centre_pots_potter0_20": 0.55}
[pair_J] {"steps": 1576960, "elapsed_s": 4261.1, "cramped_room_sparse20": 117.0, "cramped_room_potter0_20": 0.0, "centre_pots_sparse20": 55.0, "centre_pots_potter0_20": 0.55}
[pair_J] {"steps": 1579008, "elapsed_s": 4262.9, "cramped_room_sparse20": 119.0, "cramped_room_potter0_20": 0.0, "centre_pots_sparse20": 62.0, "centre_pots_potter0_20": 0.5}
[pair_J] {"steps": 1581056, "elapsed_s": 4264.7, "cramped_room_sparse20": 127.0, "cramped_room_potter0_20": 0.0, "centre_pots_sparse20": 67.0, "centre_pots_potter0_20": 0.5}
[pair_J] {"steps": 1583104, "elapsed_s": 4266.2, "cramped_room_sparse20": 130.0, "cramped_room_potter0_20": 0.0, "centre_pots_sparse20": 73.0, "centre_pots_potter0_20": 0.6}
[pair_J] {"steps": 1585152, "elapsed_s": 4268.0, "cramped_room_sparse20": 129.0, "cramped_room_potter0_20": 0.0, "centre_pots_sparse20": 74.0, "centre_pots_potter0_20": 0.6}
[pair_J] {"steps": 1587200, "elapsed_s": 4269.8, "cramped_room_sparse20": 128.0, "cramped_room_potter0_20": 0.0, "centre_pots_sparse20": 68.0, "centre_pots_potter0_20": 0.6}
[pair_J] {"steps": 1589248, "elapsed_s": 4271.6, "cramped_room_sparse20": 124.0, "cramped_room_potter0_20": 0.0, "centre_pots_sparse20": 69.0, "centre_pots_potter0_20": 0.7}
[pair_J] {"steps": 1591296, "elapsed_s": 4273.5, "cramped_room_sparse20": 126.0, "cramped_room_potter0_20": 0.0, "centre_pots_sparse20": 71.0, "centre_pots_potter0_20": 0.6}
[pair_J] {"steps": 1593344, "elapsed_s": 4275.1, "cramped_room_sparse20": 126.0, "cramped_room_potter0_20": 0.0, "centre_pots_sparse20": 71.0, "centre_pots_potter0_20": 0.6}
[pair_J] {"steps": 1595392, "elapsed_s": 4276.8, "cramped_room_sparse20": 125.0, "cramped_room_potter0_20": 0.0, "centre_pots_sparse20": 64.0, "centre_pots_potter0_20": 0.55}
[pair_J] {"steps": 1597440, "elapsed_s": 4278.6, "cramped_room_sparse20": 124.0, "cramped_room_potter0_20": 0.0, "centre_pots_sparse20": 63.0, "centre_pots_potter0_20": 0.5}
[pair_J] {"steps": 1599488, "elapsed_s": 4280.4, "cramped_room_sparse20": 123.0, "cramped_room_potter0_20": 0.0, "centre_pots_sparse20": 63.0, "centre_pots_potter0_20": 0.5}
[pair_J] {"steps": 1601536, "elapsed_s": 4282.5, "cramped_room_sparse20": 123.0, "cramped_room_potter0_20": 0.0, "centre_pots_sparse20": 62.0, "centre_pots_potter0_20": 0.35}
[pair_J] {"steps": 1603584, "elapsed_s": 4284.2, "cramped_room_sparse20": 124.0, "cramped_room_potter0_20": 0.05, "centre_pots_sparse20": 56.0, "centre_pots_potter0_20": 0.3}
[pair_J] {"steps": 1605632, "elapsed_s": 4286.0, "cramped_room_sparse20": 130.0, "cramped_room_potter0_20": 0.15, "centre_pots_sparse20": 56.0, "centre_pots_potter0_20": 0.25}
[pair_J] {"steps": 1607680, "elapsed_s": 4287.7, "cramped_room_sparse20": 131.0, "cramped_room_potter0_20": 0.15, "centre_pots_sparse20": 57.0, "centre_pots_potter0_20": 0.4}
[pair_J] {"steps": 1609728, "elapsed_s": 4289.4, "cramped_room_sparse20": 127.0, "cramped_room_potter0_20": 0.2, "centre_pots_sparse20": 58.0, "centre_pots_potter0_20": 0.45}
[pair_J] {"steps": 1611776, "elapsed_s": 4290.8, "cramped_room_sparse20": 127.0, "cramped_room_potter0_20": 0.25, "centre_pots_sparse20": 57.0, "centre_pots_potter0_20": 0.5}
[pair_J] {"steps": 1613824, "elapsed_s": 4292.9, "cramped_room_sparse20": 128.0, "cramped_room_potter0_20": 0.25, "centre_pots_sparse20": 53.0, "centre_pots_potter0_20": 0.5}
[pair_J] {"steps": 1615872, "elapsed_s": 4294.4, "cramped_room_sparse20": 129.0, "cramped_room_potter0_20": 0.25, "centre_pots_sparse20": 45.0, "centre_pots_potter0_20": 0.55}
[pair_J] {"steps": 1617920, "elapsed_s": 4296.5, "cramped_room_sparse20": 124.0, "cramped_room_potter0_20": 0.25, "centre_pots_sparse20": 42.0, "centre_pots_potter0_20": 0.6}
[pair_J] {"steps": 1619968, "elapsed_s": 4298.5, "cramped_room_sparse20": 122.0, "cramped_room_potter0_20": 0.2, "centre_pots_sparse20": 41.0, "centre_pots_potter0_20": 0.5}
[pair_J] {"steps": 1622016, "elapsed_s": 4300.6, "cramped_room_sparse20": 123.0, "cramped_room_potter0_20": 0.2, "centre_pots_sparse20": 40.0, "centre_pots_potter0_20": 0.45}
[pair_J] {"steps": 1624064, "elapsed_s": 4302.3, "cramped_room_sparse20": 120.0, "cramped_room_potter0_20": 0.3, "centre_pots_sparse20": 38.0, "centre_pots_potter0_20": 0.45}
[pair_J] {"steps": 1626112, "elapsed_s": 4303.9, "cramped_room_sparse20": 121.0, "cramped_room_potter0_20": 0.25, "centre_pots_sparse20": 42.0, "centre_pots_potter0_20": 0.45}
[pair_J] {"steps": 1628160, "elapsed_s": 4306.0, "cramped_room_sparse20": 123.0, "cramped_room_potter0_20": 0.25, "centre_pots_sparse20": 43.0, "centre_pots_potter0_20": 0.4}
[pair_J] {"steps": 1630208, "elapsed_s": 4307.5, "cramped_room_sparse20": 124.0, "cramped_room_potter0_20": 0.2, "centre_pots_sparse20": 44.0, "centre_pots_potter0_20": 0.35}
[pair_J] {"steps": 1632256, "elapsed_s": 4308.9, "cramped_room_sparse20": 132.0, "cramped_room_potter0_20": 0.25, "centre_pots_sparse20": 45.0, "centre_pots_potter0_20": 0.3}
[pair_J] {"steps": 1634304, "elapsed_s": 4310.4, "cramped_room_sparse20": 135.0, "cramped_room_potter0_20": 0.2, "centre_pots_sparse20": 45.0, "centre_pots_potter0_20": 0.25}
[pair_J] {"steps": 1636352, "elapsed_s": 4312.4, "cramped_room_sparse20": 136.0, "cramped_room_potter0_20": 0.1, "centre_pots_sparse20": 45.0, "centre_pots_potter0_20": 0.25}
[pair_J] {"steps": 1638400, "elapsed_s": 4314.2, "cramped_room_sparse20": 136.0, "cramped_room_potter0_20": 0.1, "centre_pots_sparse20": 45.0, "centre_pots_potter0_20": 0.3}
[pair_J] {"steps": 1640448, "elapsed_s": 4316.4, "cramped_room_sparse20": 136.0, "cramped_room_potter0_20": 0.1, "centre_pots_sparse20": 41.0, "centre_pots_potter0_20": 0.25}
[pair_J] {"steps": 1642496, "elapsed_s": 4318.3, "cramped_room_sparse20": 137.0, "cramped_room_potter0_20": 0.1, "centre_pots_sparse20": 44.0, "centre_pots_potter0_20": 0.25}
[pair_J] {"steps": 1644544, "elapsed_s": 4320.3, "cramped_room_sparse20": 135.0, "cramped_room_potter0_20": 0.1, "centre_pots_sparse20": 44.0, "centre_pots_potter0_20": 0.3}
[pair_J] {"steps": 1646592, "elapsed_s": 4322.2, "cramped_room_sparse20": 135.0, "cramped_room_potter0_20": 0.1, "centre_pots_sparse20": 49.0, "centre_pots_potter0_20": 0.35}
[pair_J] {"steps": 1648640, "elapsed_s": 4323.7, "cramped_room_sparse20": 129.0, "cramped_room_potter0_20": 0.15, "centre_pots_sparse20": 54.0, "centre_pots_potter0_20": 0.4}
[pair_J] {"steps": 1650688, "elapsed_s": 4325.6, "cramped_room_sparse20": 128.0, "cramped_room_potter0_20": 0.2, "centre_pots_sparse20": 55.0, "centre_pots_potter0_20": 0.35}
[pair_J] {"steps": 1652736, "elapsed_s": 4327.5, "cramped_room_sparse20": 129.0, "cramped_room_potter0_20": 0.25, "centre_pots_sparse20": 62.0, "centre_pots_potter0_20": 0.3}
[pair_J] {"steps": 1654784, "elapsed_s": 4329.3, "cramped_room_sparse20": 127.0, "cramped_room_potter0_20": 0.3, "centre_pots_sparse20": 67.0, "centre_pots_potter0_20": 0.35}
[pair_J] {"steps": 1656832, "elapsed_s": 4330.9, "cramped_room_sparse20": 125.0, "cramped_room_potter0_20": 0.45, "centre_pots_sparse20": 68.0, "centre_pots_potter0_20": 0.3}
[pair_J] {"steps": 1658880, "elapsed_s": 4332.6, "cramped_room_sparse20": 127.0, "cramped_room_potter0_20": 0.5, "centre_pots_sparse20": 68.0, "centre_pots_potter0_20": 0.25}
[pair_J] {"steps": 1660928, "elapsed_s": 4334.3, "cramped_room_sparse20": 126.0, "cramped_room_potter0_20": 0.5, "centre_pots_sparse20": 66.0, "centre_pots_potter0_20": 0.2}
[pair_J] {"steps": 1662976, "elapsed_s": 4336.2, "cramped_room_sparse20": 127.0, "cramped_room_potter0_20": 0.55, "centre_pots_sparse20": 67.0, "centre_pots_potter0_20": 0.2}
[pair_J] {"steps": 1665024, "elapsed_s": 4337.9, "cramped_room_sparse20": 128.0, "cramped_room_potter0_20": 0.55, "centre_pots_sparse20": 65.0, "centre_pots_potter0_20": 0.25}
[pair_J] {"steps": 1667072, "elapsed_s": 4339.6, "cramped_room_sparse20": 126.0, "cramped_room_potter0_20": 0.5, "centre_pots_sparse20": 68.0, "centre_pots_potter0_20": 0.25}
[pair_J] {"steps": 1669120, "elapsed_s": 4341.2, "cramped_room_sparse20": 125.0, "cramped_room_potter0_20": 0.4, "centre_pots_sparse20": 67.0, "centre_pots_potter0_20": 0.3}
[pair_J] {"steps": 1671168, "elapsed_s": 4343.2, "cramped_room_sparse20": 126.0, "cramped_room_potter0_20": 0.35, "centre_pots_sparse20": 67.0, "centre_pots_potter0_20": 0.25}
[pair_J] {"steps": 1673216, "elapsed_s": 4345.0, "cramped_room_sparse20": 129.0, "cramped_room_potter0_20": 0.35, "centre_pots_sparse20": 68.0, "centre_pots_potter0_20": 0.35}
[pair_J] {"steps": 1675264, "elapsed_s": 4346.7, "cramped_room_sparse20": 128.0, "cramped_room_potter0_20": 0.4, "centre_pots_sparse20": 64.0, "centre_pots_potter0_20": 0.4}
[pair_J] {"steps": 1677312, "elapsed_s": 4348.9, "cramped_room_sparse20": 126.0, "cramped_room_potter0_20": 0.35, "centre_pots_sparse20": 63.0, "centre_pots_potter0_20": 0.5}
[pair_J] {"steps": 1679360, "elapsed_s": 4350.5, "cramped_room_sparse20": 128.0, "cramped_room_potter0_20": 0.4, "centre_pots_sparse20": 63.0, "centre_pots_potter0_20": 0.5}
[pair_J] {"steps": 1681408, "elapsed_s": 4352.1, "cramped_room_sparse20": 126.0, "cramped_room_potter0_20": 0.4, "centre_pots_sparse20": 60.0, "centre_pots_potter0_20": 0.55}
[pair_J] {"steps": 1683456, "elapsed_s": 4353.9, "cramped_room_sparse20": 128.0, "cramped_room_potter0_20": 0.4, "centre_pots_sparse20": 61.0, "centre_pots_potter0_20": 0.55}
[pair_J] {"steps": 1685504, "elapsed_s": 4355.4, "cramped_room_sparse20": 123.0, "cramped_room_potter0_20": 0.35, "centre_pots_sparse20": 63.0, "centre_pots_potter0_20": 0.55}
[pair_J] {"steps": 1687552, "elapsed_s": 4357.1, "cramped_room_sparse20": 120.0, "cramped_room_potter0_20": 0.35, "centre_pots_sparse20": 55.0, "centre_pots_potter0_20": 0.65}
[pair_J] {"steps": 1689600, "elapsed_s": 4359.2, "cramped_room_sparse20": 120.0, "cramped_room_potter0_20": 0.35, "centre_pots_sparse20": 57.0, "centre_pots_potter0_20": 0.55}
[pair_J] {"steps": 1691648, "elapsed_s": 4360.9, "cramped_room_sparse20": 114.0, "cramped_room_potter0_20": 0.35, "centre_pots_sparse20": 55.0, "centre_pots_potter0_20": 0.5}
[pair_J] {"steps": 1693696, "elapsed_s": 4362.7, "cramped_room_sparse20": 111.0, "cramped_room_potter0_20": 0.4, "centre_pots_sparse20": 54.0, "centre_pots_potter0_20": 0.45}
[pair_J] {"steps": 1695744, "elapsed_s": 4364.5, "cramped_room_sparse20": 110.0, "cramped_room_potter0_20": 0.4, "centre_pots_sparse20": 53.0, "centre_pots_potter0_20": 0.4}
[pair_J] {"steps": 1697792, "elapsed_s": 4365.8, "cramped_room_sparse20": 101.0, "cramped_room_potter0_20": 0.4, "centre_pots_sparse20": 53.0, "centre_pots_potter0_20": 0.4}
[pair_J] {"steps": 1699840, "elapsed_s": 4367.3, "cramped_room_sparse20": 104.0, "cramped_room_potter0_20": 0.45, "centre_pots_sparse20": 51.0, "centre_pots_potter0_20": 0.4}
[pair_J] {"steps": 1701888, "elapsed_s": 4369.1, "cramped_room_sparse20": 105.0, "cramped_room_potter0_20": 0.45, "centre_pots_sparse20": 46.0, "centre_pots_potter0_20": 0.4}
[pair_J] {"steps": 1703936, "elapsed_s": 4371.0, "cramped_room_sparse20": 104.0, "cramped_room_potter0_20": 0.45, "centre_pots_sparse20": 47.0, "centre_pots_potter0_20": 0.35}
[pair_J] {"steps": 1705984, "elapsed_s": 4373.1, "cramped_room_sparse20": 104.0, "cramped_room_potter0_20": 0.45, "centre_pots_sparse20": 48.0, "centre_pots_potter0_20": 0.35}
[pair_J] {"steps": 1708032, "elapsed_s": 4375.2, "cramped_room_sparse20": 103.0, "cramped_room_potter0_20": 0.35, "centre_pots_sparse20": 52.0, "centre_pots_potter0_20": 0.5}
[pair_J] {"steps": 1710080, "elapsed_s": 4377.3, "cramped_room_sparse20": 103.0, "cramped_room_potter0_20": 0.35, "centre_pots_sparse20": 56.0, "centre_pots_potter0_20": 0.6}
[pair_J] {"steps": 1712128, "elapsed_s": 4379.0, "cramped_room_sparse20": 105.0, "cramped_room_potter0_20": 0.4, "centre_pots_sparse20": 60.0, "centre_pots_potter0_20": 0.55}
[pair_J] {"steps": 1714176, "elapsed_s": 4380.7, "cramped_room_sparse20": 106.0, "cramped_room_potter0_20": 0.45, "centre_pots_sparse20": 61.0, "centre_pots_potter0_20": 0.55}
[pair_J] {"steps": 1716224, "elapsed_s": 4382.3, "cramped_room_sparse20": 103.0, "cramped_room_potter0_20": 0.45, "centre_pots_sparse20": 61.0, "centre_pots_potter0_20": 0.55}
[pair_J] {"steps": 1718272, "elapsed_s": 4383.9, "cramped_room_sparse20": 96.0, "cramped_room_potter0_20": 0.5, "centre_pots_sparse20": 60.0, "centre_pots_potter0_20": 0.55}
[pair_J] {"steps": 1720320, "elapsed_s": 4385.4, "cramped_room_sparse20": 92.0, "cramped_room_potter0_20": 0.45, "centre_pots_sparse20": 59.0, "centre_pots_potter0_20": 0.55}
[pair_J] {"steps": 1722368, "elapsed_s": 4387.4, "cramped_room_sparse20": 92.0, "cramped_room_potter0_20": 0.45, "centre_pots_sparse20": 56.0, "centre_pots_potter0_20": 0.55}
[pair_J] {"steps": 1724416, "elapsed_s": 4389.3, "cramped_room_sparse20": 96.0, "cramped_room_potter0_20": 0.4, "centre_pots_sparse20": 59.0, "centre_pots_potter0_20": 0.45}
[pair_J] {"steps": 1726464, "elapsed_s": 4391.0, "cramped_room_sparse20": 103.0, "cramped_room_potter0_20": 0.4, "centre_pots_sparse20": 66.0, "centre_pots_potter0_20": 0.45}
[pair_J] {"steps": 1728512, "elapsed_s": 4392.6, "cramped_room_sparse20": 107.0, "cramped_room_potter0_20": 0.3, "centre_pots_sparse20": 68.0, "centre_pots_potter0_20": 0.55}
[pair_J] {"steps": 1730560, "elapsed_s": 4394.4, "cramped_room_sparse20": 111.0, "cramped_room_potter0_20": 0.35, "centre_pots_sparse20": 68.0, "centre_pots_potter0_20": 0.55}
[pair_J] {"steps": 1732608, "elapsed_s": 4396.0, "cramped_room_sparse20": 113.0, "cramped_room_potter0_20": 0.35, "centre_pots_sparse20": 71.0, "centre_pots_potter0_20": 0.6}
[pair_J] {"steps": 1734656, "elapsed_s": 4397.5, "cramped_room_sparse20": 122.0, "cramped_room_potter0_20": 0.3, "centre_pots_sparse20": 70.0, "centre_pots_potter0_20": 0.65}
[pair_J] {"steps": 1736704, "elapsed_s": 4399.2, "cramped_room_sparse20": 125.0, "cramped_room_potter0_20": 0.45, "centre_pots_sparse20": 67.0, "centre_pots_potter0_20": 0.65}
[pair_J] {"steps": 1738752, "elapsed_s": 4401.1, "cramped_room_sparse20": 131.0, "cramped_room_potter0_20": 0.5, "centre_pots_sparse20": 66.0, "centre_pots_potter0_20": 0.7}
[pair_J] {"steps": 1740800, "elapsed_s": 4402.8, "cramped_room_sparse20": 127.0, "cramped_room_potter0_20": 0.55, "centre_pots_sparse20": 64.0, "centre_pots_potter0_20": 0.65}
[pair_J] {"steps": 1742848, "elapsed_s": 4404.5, "cramped_room_sparse20": 123.0, "cramped_room_potter0_20": 0.6, "centre_pots_sparse20": 61.0, "centre_pots_potter0_20": 0.75}
[pair_J] {"steps": 1744896, "elapsed_s": 4406.4, "cramped_room_sparse20": 122.0, "cramped_room_potter0_20": 0.5, "centre_pots_sparse20": 56.0, "centre_pots_potter0_20": 0.65}
[pair_J] {"steps": 1746944, "elapsed_s": 4408.1, "cramped_room_sparse20": 120.0, "cramped_room_potter0_20": 0.5, "centre_pots_sparse20": 55.0, "centre_pots_potter0_20": 0.6}
[pair_J] {"steps": 1748992, "elapsed_s": 4409.7, "cramped_room_sparse20": 122.0, "cramped_room_potter0_20": 0.45, "centre_pots_sparse20": 55.0, "centre_pots_potter0_20": 0.6}
[pair_J] {"steps": 1751040, "elapsed_s": 4411.2, "cramped_room_sparse20": 119.0, "cramped_room_potter0_20": 0.45, "centre_pots_sparse20": 51.0, "centre_pots_potter0_20": 0.55}
[pair_J] {"steps": 1753088, "elapsed_s": 4412.9, "cramped_room_sparse20": 117.0, "cramped_room_potter0_20": 0.4, "centre_pots_sparse20": 53.0, "centre_pots_potter0_20": 0.65}
[pair_J] {"steps": 1755136, "elapsed_s": 4414.9, "cramped_room_sparse20": 115.0, "cramped_room_potter0_20": 0.45, "centre_pots_sparse20": 59.0, "centre_pots_potter0_20": 0.55}
[pair_J] {"steps": 1757184, "elapsed_s": 4416.7, "cramped_room_sparse20": 113.0, "cramped_room_potter0_20": 0.5, "centre_pots_sparse20": 60.0, "centre_pots_potter0_20": 0.5}
[pair_J] {"steps": 1759232, "elapsed_s": 4418.3, "cramped_room_sparse20": 110.0, "cramped_room_potter0_20": 0.5, "centre_pots_sparse20": 56.0, "centre_pots_potter0_20": 0.45}
[pair_J] {"steps": 1761280, "elapsed_s": 4420.3, "cramped_room_sparse20": 109.0, "cramped_room_potter0_20": 0.55, "centre_pots_sparse20": 58.0, "centre_pots_potter0_20": 0.45}
[pair_J] {"steps": 1763328, "elapsed_s": 4421.7, "cramped_room_sparse20": 108.0, "cramped_room_potter0_20": 0.55, "centre_pots_sparse20": 59.0, "centre_pots_potter0_20": 0.5}
[pair_J] {"steps": 1765376, "elapsed_s": 4423.8, "cramped_room_sparse20": 108.0, "cramped_room_potter0_20": 0.6, "centre_pots_sparse20": 62.0, "centre_pots_potter0_20": 0.55}
[pair_J] {"steps": 1767424, "elapsed_s": 4425.7, "cramped_room_sparse20": 109.0, "cramped_room_potter0_20": 0.55, "centre_pots_sparse20": 61.0, "centre_pots_potter0_20": 0.5}
[pair_J] {"steps": 1769472, "elapsed_s": 4427.5, "cramped_room_sparse20": 109.0, "cramped_room_potter0_20": 0.55, "centre_pots_sparse20": 61.0, "centre_pots_potter0_20": 0.5}
[pair_J] {"steps": 1771520, "elapsed_s": 4429.3, "cramped_room_sparse20": 110.0, "cramped_room_potter0_20": 0.5, "centre_pots_sparse20": 66.0, "centre_pots_potter0_20": 0.55}
[pair_J] {"steps": 1773568, "elapsed_s": 4431.2, "cramped_room_sparse20": 108.0, "cramped_room_potter0_20": 0.5, "centre_pots_sparse20": 64.0, "centre_pots_potter0_20": 0.6}
[pair_J] {"steps": 1775616, "elapsed_s": 4433.6, "cramped_room_sparse20": 108.0, "cramped_room_potter0_20": 0.5, "centre_pots_sparse20": 65.0, "centre_pots_potter0_20": 0.55}
[pair_J] {"steps": 1777664, "elapsed_s": 4435.0, "cramped_room_sparse20": 106.0, "cramped_room_potter0_20": 0.5, "centre_pots_sparse20": 65.0, "centre_pots_potter0_20": 0.55}
[pair_J] {"steps": 1779712, "elapsed_s": 4437.1, "cramped_room_sparse20": 107.0, "cramped_room_potter0_20": 0.5, "centre_pots_sparse20": 65.0, "centre_pots_potter0_20": 0.55}
[pair_J] {"steps": 1781760, "elapsed_s": 4439.2, "cramped_room_sparse20": 107.0, "cramped_room_potter0_20": 0.55, "centre_pots_sparse20": 62.0, "centre_pots_potter0_20": 0.5}
[pair_J] {"steps": 1783808, "elapsed_s": 4440.8, "cramped_room_sparse20": 104.0, "cramped_room_potter0_20": 0.5, "centre_pots_sparse20": 60.0, "centre_pots_potter0_20": 0.55}
[pair_J] {"steps": 1785856, "elapsed_s": 4442.7, "cramped_room_sparse20": 102.0, "cramped_room_potter0_20": 0.5, "centre_pots_sparse20": 56.0, "centre_pots_potter0_20": 0.5}
[pair_J] {"steps": 1787904, "elapsed_s": 4444.5, "cramped_room_sparse20": 101.0, "cramped_room_potter0_20": 0.4, "centre_pots_sparse20": 58.0, "centre_pots_potter0_20": 0.5}
[pair_J] {"steps": 1789952, "elapsed_s": 4446.0, "cramped_room_sparse20": 100.0, "cramped_room_potter0_20": 0.4, "centre_pots_sparse20": 56.0, "centre_pots_potter0_20": 0.45}
[pair_J] {"steps": 1792000, "elapsed_s": 4448.0, "cramped_room_sparse20": 103.0, "cramped_room_potter0_20": 0.4, "centre_pots_sparse20": 58.0, "centre_pots_potter0_20": 0.4}
[pair_J] {"steps": 1794048, "elapsed_s": 4449.6, "cramped_room_sparse20": 109.0, "cramped_room_potter0_20": 0.45, "centre_pots_sparse20": 59.0, "centre_pots_potter0_20": 0.4}
[pair_J] {"steps": 1796096, "elapsed_s": 4451.4, "cramped_room_sparse20": 112.0, "cramped_room_potter0_20": 0.45, "centre_pots_sparse20": 62.0, "centre_pots_potter0_20": 0.4}
[pair_J] {"steps": 1798144, "elapsed_s": 4453.0, "cramped_room_sparse20": 115.0, "cramped_room_potter0_20": 0.4, "centre_pots_sparse20": 64.0, "centre_pots_potter0_20": 0.35}
[pair_J] {"steps": 1800192, "elapsed_s": 4454.9, "cramped_room_sparse20": 119.0, "cramped_room_potter0_20": 0.4, "centre_pots_sparse20": 63.0, "centre_pots_potter0_20": 0.35}
[pair_J] {"steps": 1802240, "elapsed_s": 4456.3, "cramped_room_sparse20": 125.0, "cramped_room_potter0_20": 0.45, "centre_pots_sparse20": 65.0, "centre_pots_potter0_20": 0.3}
[pair_J] {"steps": 1804288, "elapsed_s": 4458.2, "cramped_room_sparse20": 124.0, "cramped_room_potter0_20": 0.4, "centre_pots_sparse20": 62.0, "centre_pots_potter0_20": 0.35}
[pair_J] {"steps": 1806336, "elapsed_s": 4459.8, "cramped_room_sparse20": 120.0, "cramped_room_potter0_20": 0.35, "centre_pots_sparse20": 64.0, "centre_pots_potter0_20": 0.4}
[pair_J] {"steps": 1808384, "elapsed_s": 4461.4, "cramped_room_sparse20": 113.0, "cramped_room_potter0_20": 0.35, "centre_pots_sparse20": 63.0, "centre_pots_potter0_20": 0.35}
[pair_J] {"steps": 1810432, "elapsed_s": 4463.2, "cramped_room_sparse20": 113.0, "cramped_room_potter0_20": 0.2, "centre_pots_sparse20": 65.0, "centre_pots_potter0_20": 0.4}
[pair_J] {"steps": 1812480, "elapsed_s": 4464.6, "cramped_room_sparse20": 115.0, "cramped_room_potter0_20": 0.2, "centre_pots_sparse20": 65.0, "centre_pots_potter0_20": 0.4}
[pair_J] {"steps": 1814528, "elapsed_s": 4466.3, "cramped_room_sparse20": 116.0, "cramped_room_potter0_20": 0.15, "centre_pots_sparse20": 58.0, "centre_pots_potter0_20": 0.4}
[pair_J] {"steps": 1816576, "elapsed_s": 4468.3, "cramped_room_sparse20": 114.0, "cramped_room_potter0_20": 0.15, "centre_pots_sparse20": 59.0, "centre_pots_potter0_20": 0.4}
[pair_J] {"steps": 1818624, "elapsed_s": 4470.3, "cramped_room_sparse20": 109.0, "cramped_room_potter0_20": 0.15, "centre_pots_sparse20": 59.0, "centre_pots_potter0_20": 0.45}
[pair_J] {"steps": 1820672, "elapsed_s": 4471.9, "cramped_room_sparse20": 117.0, "cramped_room_potter0_20": 0.25, "centre_pots_sparse20": 66.0, "centre_pots_potter0_20": 0.45}
[pair_J] {"steps": 1822720, "elapsed_s": 4473.4, "cramped_room_sparse20": 123.0, "cramped_room_potter0_20": 0.3, "centre_pots_sparse20": 63.0, "centre_pots_potter0_20": 0.4}
[pair_J] {"steps": 1824768, "elapsed_s": 4475.3, "cramped_room_sparse20": 130.0, "cramped_room_potter0_20": 0.3, "centre_pots_sparse20": 64.0, "centre_pots_potter0_20": 0.4}
[pair_J] {"steps": 1826816, "elapsed_s": 4477.3, "cramped_room_sparse20": 128.0, "cramped_room_potter0_20": 0.3, "centre_pots_sparse20": 71.0, "centre_pots_potter0_20": 0.4}
[pair_J] {"steps": 1828864, "elapsed_s": 4479.0, "cramped_room_sparse20": 119.0, "cramped_room_potter0_20": 0.3, "centre_pots_sparse20": 72.0, "centre_pots_potter0_20": 0.4}
[pair_J] {"steps": 1830912, "elapsed_s": 4480.5, "cramped_room_sparse20": 116.0, "cramped_room_potter0_20": 0.35, "centre_pots_sparse20": 74.0, "centre_pots_potter0_20": 0.45}
[pair_J] {"steps": 1832960, "elapsed_s": 4482.1, "cramped_room_sparse20": 116.0, "cramped_room_potter0_20": 0.3, "centre_pots_sparse20": 76.0, "centre_pots_potter0_20": 0.45}
[pair_J] {"steps": 1835008, "elapsed_s": 4483.6, "cramped_room_sparse20": 107.0, "cramped_room_potter0_20": 0.25, "centre_pots_sparse20": 74.0, "centre_pots_potter0_20": 0.5}
[pair_J] {"steps": 1837056, "elapsed_s": 4485.2, "cramped_room_sparse20": 105.0, "cramped_room_potter0_20": 0.2, "centre_pots_sparse20": 70.0, "centre_pots_potter0_20": 0.5}
[pair_J] {"steps": 1839104, "elapsed_s": 4487.2, "cramped_room_sparse20": 105.0, "cramped_room_potter0_20": 0.2, "centre_pots_sparse20": 65.0, "centre_pots_potter0_20": 0.5}
[pair_J] {"steps": 1841152, "elapsed_s": 4488.8, "cramped_room_sparse20": 105.0, "cramped_room_potter0_20": 0.2, "centre_pots_sparse20": 61.0, "centre_pots_potter0_20": 0.45}
[pair_J] {"steps": 1843200, "elapsed_s": 4490.6, "cramped_room_sparse20": 105.0, "cramped_room_potter0_20": 0.15, "centre_pots_sparse20": 56.0, "centre_pots_potter0_20": 0.45}
[pair_J] {"steps": 1845248, "elapsed_s": 4492.0, "cramped_room_sparse20": 108.0, "cramped_room_potter0_20": 0.15, "centre_pots_sparse20": 55.0, "centre_pots_potter0_20": 0.4}
[pair_J] {"steps": 1847296, "elapsed_s": 4493.5, "cramped_room_sparse20": 113.0, "cramped_room_potter0_20": 0.05, "centre_pots_sparse20": 51.0, "centre_pots_potter0_20": 0.35}
[pair_J] {"steps": 1849344, "elapsed_s": 4495.2, "cramped_room_sparse20": 116.0, "cramped_room_potter0_20": 0.1, "centre_pots_sparse20": 46.0, "centre_pots_potter0_20": 0.4}
[pair_J] {"steps": 1851392, "elapsed_s": 4496.8, "cramped_room_sparse20": 117.0, "cramped_room_potter0_20": 0.1, "centre_pots_sparse20": 48.0, "centre_pots_potter0_20": 0.3}
[pair_J] {"steps": 1853440, "elapsed_s": 4498.9, "cramped_room_sparse20": 120.0, "cramped_room_potter0_20": 0.1, "centre_pots_sparse20": 42.0, "centre_pots_potter0_20": 0.3}
[pair_J] {"steps": 1855488, "elapsed_s": 4500.3, "cramped_room_sparse20": 123.0, "cramped_room_potter0_20": 0.1, "centre_pots_sparse20": 44.0, "centre_pots_potter0_20": 0.35}
[pair_J] {"steps": 1857536, "elapsed_s": 4502.1, "cramped_room_sparse20": 125.0, "cramped_room_potter0_20": 0.1, "centre_pots_sparse20": 48.0, "centre_pots_potter0_20": 0.35}
[pair_J] {"steps": 1859584, "elapsed_s": 4504.1, "cramped_room_sparse20": 127.0, "cramped_room_potter0_20": 0.1, "centre_pots_sparse20": 51.0, "centre_pots_potter0_20": 0.4}
[pair_J] {"steps": 1861632, "elapsed_s": 4505.9, "cramped_room_sparse20": 125.0, "cramped_room_potter0_20": 0.15, "centre_pots_sparse20": 47.0, "centre_pots_potter0_20": 0.55}
[pair_J] {"steps": 1863680, "elapsed_s": 4507.6, "cramped_room_sparse20": 126.0, "cramped_room_potter0_20": 0.15, "centre_pots_sparse20": 57.0, "centre_pots_potter0_20": 0.6}
[pair_J] {"steps": 1865728, "elapsed_s": 4508.9, "cramped_room_sparse20": 125.0, "cramped_room_potter0_20": 0.1, "centre_pots_sparse20": 57.0, "centre_pots_potter0_20": 0.6}
[pair_J] {"steps": 1867776, "elapsed_s": 4510.6, "cramped_room_sparse20": 123.0, "cramped_room_potter0_20": 0.1, "centre_pots_sparse20": 56.0, "centre_pots_potter0_20": 0.7}
[pair_J] {"steps": 1869824, "elapsed_s": 4512.4, "cramped_room_sparse20": 126.0, "cramped_room_potter0_20": 0.1, "centre_pots_sparse20": 58.0, "centre_pots_potter0_20": 0.65}
[pair_J] {"steps": 1871872, "elapsed_s": 4514.4, "cramped_room_sparse20": 125.0, "cramped_room_potter0_20": 0.1, "centre_pots_sparse20": 62.0, "centre_pots_potter0_20": 0.65}
[pair_J] {"steps": 1873920, "elapsed_s": 4516.5, "cramped_room_sparse20": 125.0, "cramped_room_potter0_20": 0.1, "centre_pots_sparse20": 63.0, "centre_pots_potter0_20": 0.65}
[pair_J] {"steps": 1875968, "elapsed_s": 4518.5, "cramped_room_sparse20": 126.0, "cramped_room_potter0_20": 0.15, "centre_pots_sparse20": 66.0, "centre_pots_potter0_20": 0.65}
[pair_J] {"steps": 1878016, "elapsed_s": 4520.1, "cramped_room_sparse20": 128.0, "cramped_room_potter0_20": 0.15, "centre_pots_sparse20": 67.0, "centre_pots_potter0_20": 0.5}
[pair_J] {"steps": 1880064, "elapsed_s": 4521.6, "cramped_room_sparse20": 123.0, "cramped_room_potter0_20": 0.1, "centre_pots_sparse20": 67.0, "centre_pots_potter0_20": 0.5}
[pair_J] {"steps": 1882112, "elapsed_s": 4523.5, "cramped_room_sparse20": 119.0, "cramped_room_potter0_20": 0.1, "centre_pots_sparse20": 68.0, "centre_pots_potter0_20": 0.45}
[pair_J] {"steps": 1884160, "elapsed_s": 4525.0, "cramped_room_sparse20": 121.0, "cramped_room_potter0_20": 0.15, "centre_pots_sparse20": 70.0, "centre_pots_potter0_20": 0.45}
[pair_J] {"steps": 1886208, "elapsed_s": 4526.7, "cramped_room_sparse20": 122.0, "cramped_room_potter0_20": 0.15, "centre_pots_sparse20": 65.0, "centre_pots_potter0_20": 0.45}
[pair_J] {"steps": 1888256, "elapsed_s": 4528.4, "cramped_room_sparse20": 119.0, "cramped_room_potter0_20": 0.15, "centre_pots_sparse20": 71.0, "centre_pots_potter0_20": 0.45}
[pair_J] {"steps": 1890304, "elapsed_s": 4530.0, "cramped_room_sparse20": 105.0, "cramped_room_potter0_20": 0.2, "centre_pots_sparse20": 70.0, "centre_pots_potter0_20": 0.45}
[pair_J] {"steps": 1892352, "elapsed_s": 4531.6, "cramped_room_sparse20": 107.0, "cramped_room_potter0_20": 0.2, "centre_pots_sparse20": 75.0, "centre_pots_potter0_20": 0.45}
[pair_J] {"steps": 1894400, "elapsed_s": 4533.4, "cramped_room_sparse20": 110.0, "cramped_room_potter0_20": 0.25, "centre_pots_sparse20": 80.0, "centre_pots_potter0_20": 0.45}
[pair_J] {"steps": 1896448, "elapsed_s": 4535.2, "cramped_room_sparse20": 113.0, "cramped_room_potter0_20": 0.3, "centre_pots_sparse20": 84.0, "centre_pots_potter0_20": 0.5}
[pair_J] {"steps": 1898496, "elapsed_s": 4536.9, "cramped_room_sparse20": 114.0, "cramped_room_potter0_20": 0.25, "centre_pots_sparse20": 80.0, "centre_pots_potter0_20": 0.65}
[pair_J] {"steps": 1900544, "elapsed_s": 4538.6, "cramped_room_sparse20": 112.0, "cramped_room_potter0_20": 0.25, "centre_pots_sparse20": 74.0, "centre_pots_potter0_20": 0.65}
[pair_J] {"steps": 1902592, "elapsed_s": 4540.4, "cramped_room_sparse20": 109.0, "cramped_room_potter0_20": 0.25, "centre_pots_sparse20": 74.0, "centre_pots_potter0_20": 0.7}
[pair_J] {"steps": 1904640, "elapsed_s": 4541.8, "cramped_room_sparse20": 113.0, "cramped_room_potter0_20": 0.2, "centre_pots_sparse20": 82.0, "centre_pots_potter0_20": 0.75}
[pair_J] {"steps": 1906688, "elapsed_s": 4543.5, "cramped_room_sparse20": 113.0, "cramped_room_potter0_20": 0.2, "centre_pots_sparse20": 80.0, "centre_pots_potter0_20": 0.75}
[pair_J] {"steps": 1908736, "elapsed_s": 4545.5, "cramped_room_sparse20": 113.0, "cramped_room_potter0_20": 0.25, "centre_pots_sparse20": 78.0, "centre_pots_potter0_20": 0.75}
[pair_J] {"steps": 1910784, "elapsed_s": 4547.2, "cramped_room_sparse20": 114.0, "cramped_room_potter0_20": 0.2, "centre_pots_sparse20": 68.0, "centre_pots_potter0_20": 0.75}
[pair_J] {"steps": 1912832, "elapsed_s": 4548.9, "cramped_room_sparse20": 112.0, "cramped_room_potter0_20": 0.15, "centre_pots_sparse20": 69.0, "centre_pots_potter0_20": 0.7}
[pair_J] {"steps": 1914880, "elapsed_s": 4550.6, "cramped_room_sparse20": 112.0, "cramped_room_potter0_20": 0.15, "centre_pots_sparse20": 68.0, "centre_pots_potter0_20": 0.6}
[pair_J] {"steps": 1916928, "elapsed_s": 4552.4, "cramped_room_sparse20": 111.0, "cramped_room_potter0_20": 0.15, "centre_pots_sparse20": 69.0, "centre_pots_potter0_20": 0.5}
[pair_J] {"steps": 1918976, "elapsed_s": 4554.2, "cramped_room_sparse20": 121.0, "cramped_room_potter0_20": 0.2, "centre_pots_sparse20": 67.0, "centre_pots_potter0_20": 0.5}
[pair_J] {"steps": 1921024, "elapsed_s": 4556.2, "cramped_room_sparse20": 123.0, "cramped_room_potter0_20": 0.2, "centre_pots_sparse20": 61.0, "centre_pots_potter0_20": 0.45}
[pair_J] {"steps": 1923072, "elapsed_s": 4557.9, "cramped_room_sparse20": 127.0, "cramped_room_potter0_20": 0.2, "centre_pots_sparse20": 59.0, "centre_pots_potter0_20": 0.4}
[pair_J] {"steps": 1925120, "elapsed_s": 4560.1, "cramped_room_sparse20": 128.0, "cramped_room_potter0_20": 0.2, "centre_pots_sparse20": 59.0, "centre_pots_potter0_20": 0.4}
[pair_J] {"steps": 1927168, "elapsed_s": 4561.4, "cramped_room_sparse20": 129.0, "cramped_room_potter0_20": 0.2, "centre_pots_sparse20": 60.0, "centre_pots_potter0_20": 0.35}
[pair_J] {"steps": 1929216, "elapsed_s": 4563.5, "cramped_room_sparse20": 130.0, "cramped_room_potter0_20": 0.3, "centre_pots_sparse20": 58.0, "centre_pots_potter0_20": 0.35}
[pair_J] {"steps": 1931264, "elapsed_s": 4565.4, "cramped_room_sparse20": 130.0, "cramped_room_potter0_20": 0.3, "centre_pots_sparse20": 58.0, "centre_pots_potter0_20": 0.35}
[pair_J] {"steps": 1933312, "elapsed_s": 4567.1, "cramped_room_sparse20": 131.0, "cramped_room_potter0_20": 0.3, "centre_pots_sparse20": 57.0, "centre_pots_potter0_20": 0.4}
[pair_J] {"steps": 1935360, "elapsed_s": 4568.7, "cramped_room_sparse20": 129.0, "cramped_room_potter0_20": 0.2, "centre_pots_sparse20": 59.0, "centre_pots_potter0_20": 0.45}
[pair_J] {"steps": 1937408, "elapsed_s": 4570.0, "cramped_room_sparse20": 130.0, "cramped_room_potter0_20": 0.15, "centre_pots_sparse20": 58.0, "centre_pots_potter0_20": 0.45}
[pair_J] {"steps": 1939456, "elapsed_s": 4571.6, "cramped_room_sparse20": 131.0, "cramped_room_potter0_20": 0.15, "centre_pots_sparse20": 58.0, "centre_pots_potter0_20": 0.45}
[pair_J] {"steps": 1941504, "elapsed_s": 4573.7, "cramped_room_sparse20": 131.0, "cramped_room_potter0_20": 0.1, "centre_pots_sparse20": 62.0, "centre_pots_potter0_20": 0.45}
[pair_J] {"steps": 1943552, "elapsed_s": 4575.5, "cramped_room_sparse20": 130.0, "cramped_room_potter0_20": 0.1, "centre_pots_sparse20": 61.0, "centre_pots_potter0_20": 0.55}
[pair_J] {"steps": 1945600, "elapsed_s": 4577.5, "cramped_room_sparse20": 128.0, "cramped_room_potter0_20": 0.0, "centre_pots_sparse20": 62.0, "centre_pots_potter0_20": 0.6}
[pair_J] {"steps": 1947648, "elapsed_s": 4579.4, "cramped_room_sparse20": 128.0, "cramped_room_potter0_20": 0.0, "centre_pots_sparse20": 65.0, "centre_pots_potter0_20": 0.6}
[pair_J] {"steps": 1949696, "elapsed_s": 4580.9, "cramped_room_sparse20": 127.0, "cramped_room_potter0_20": 0.0, "centre_pots_sparse20": 66.0, "centre_pots_potter0_20": 0.55}
[pair_J] {"steps": 1951744, "elapsed_s": 4582.8, "cramped_room_sparse20": 129.0, "cramped_room_potter0_20": 0.05, "centre_pots_sparse20": 70.0, "centre_pots_potter0_20": 0.5}
[pair_J] {"steps": 1953792, "elapsed_s": 4584.3, "cramped_room_sparse20": 127.0, "cramped_room_potter0_20": 0.1, "centre_pots_sparse20": 69.0, "centre_pots_potter0_20": 0.55}
[pair_J] {"steps": 1955840, "elapsed_s": 4585.9, "cramped_room_sparse20": 124.0, "cramped_room_potter0_20": 0.2, "centre_pots_sparse20": 72.0, "centre_pots_potter0_20": 0.5}
[pair_J] {"steps": 1957888, "elapsed_s": 4587.6, "cramped_room_sparse20": 125.0, "cramped_room_potter0_20": 0.25, "centre_pots_sparse20": 70.0, "centre_pots_potter0_20": 0.4}
[pair_J] {"steps": 1959936, "elapsed_s": 4589.2, "cramped_room_sparse20": 126.0, "cramped_room_potter0_20": 0.3, "centre_pots_sparse20": 73.0, "centre_pots_potter0_20": 0.35}
[pair_J] {"steps": 1961984, "elapsed_s": 4590.7, "cramped_room_sparse20": 127.0, "cramped_room_potter0_20": 0.35, "centre_pots_sparse20": 72.0, "centre_pots_potter0_20": 0.35}
[pair_J] {"steps": 1964032, "elapsed_s": 4592.6, "cramped_room_sparse20": 123.0, "cramped_room_potter0_20": 0.3, "centre_pots_sparse20": 70.0, "centre_pots_potter0_20": 0.45}
[pair_J] {"steps": 1966080, "elapsed_s": 4594.3, "cramped_room_sparse20": 122.0, "cramped_room_potter0_20": 0.3, "centre_pots_sparse20": 73.0, "centre_pots_potter0_20": 0.5}
[pair_J] {"steps": 1968128, "elapsed_s": 4596.0, "cramped_room_sparse20": 121.0, "cramped_room_potter0_20": 0.2, "centre_pots_sparse20": 75.0, "centre_pots_potter0_20": 0.55}
[pair_J] {"steps": 1970176, "elapsed_s": 4597.9, "cramped_room_sparse20": 122.0, "cramped_room_potter0_20": 0.15, "centre_pots_sparse20": 77.0, "centre_pots_potter0_20": 0.55}
[pair_J] {"steps": 1972224, "elapsed_s": 4599.5, "cramped_room_sparse20": 117.0, "cramped_room_potter0_20": 0.15, "centre_pots_sparse20": 77.0, "centre_pots_potter0_20": 0.6}
[pair_J] {"steps": 1974272, "elapsed_s": 4601.4, "cramped_room_sparse20": 122.0, "cramped_room_potter0_20": 0.1, "centre_pots_sparse20": 73.0, "centre_pots_potter0_20": 0.6}
[pair_J] {"steps": 1976320, "elapsed_s": 4603.0, "cramped_room_sparse20": 118.0, "cramped_room_potter0_20": 0.15, "centre_pots_sparse20": 72.0, "centre_pots_potter0_20": 0.65}
[pair_J] {"steps": 1978368, "elapsed_s": 4604.8, "cramped_room_sparse20": 115.0, "cramped_room_potter0_20": 0.15, "centre_pots_sparse20": 75.0, "centre_pots_potter0_20": 0.75}
[pair_J] {"steps": 1980416, "elapsed_s": 4606.8, "cramped_room_sparse20": 115.0, "cramped_room_potter0_20": 0.2, "centre_pots_sparse20": 69.0, "centre_pots_potter0_20": 0.7}
[pair_J] {"steps": 1982464, "elapsed_s": 4608.4, "cramped_room_sparse20": 120.0, "cramped_room_potter0_20": 0.2, "centre_pots_sparse20": 66.0, "centre_pots_potter0_20": 0.65}
[pair_J] {"steps": 1984512, "elapsed_s": 4610.2, "cramped_room_sparse20": 121.0, "cramped_room_potter0_20": 0.2, "centre_pots_sparse20": 61.0, "centre_pots_potter0_20": 0.7}
[pair_J] {"steps": 1986560, "elapsed_s": 4611.9, "cramped_room_sparse20": 121.0, "cramped_room_potter0_20": 0.2, "centre_pots_sparse20": 55.0, "centre_pots_potter0_20": 0.7}
[pair_J] {"steps": 1988608, "elapsed_s": 4613.5, "cramped_room_sparse20": 122.0, "cramped_room_potter0_20": 0.15, "centre_pots_sparse20": 55.0, "centre_pots_potter0_20": 0.6}
[pair_J] {"steps": 1990656, "elapsed_s": 4615.2, "cramped_room_sparse20": 122.0, "cramped_room_potter0_20": 0.15, "centre_pots_sparse20": 57.0, "centre_pots_potter0_20": 0.65}
[pair_J] {"steps": 1992704, "elapsed_s": 4616.7, "cramped_room_sparse20": 122.0, "cramped_room_potter0_20": 0.1, "centre_pots_sparse20": 56.0, "centre_pots_potter0_20": 0.7}
[pair_J] {"steps": 1994752, "elapsed_s": 4618.3, "cramped_room_sparse20": 117.0, "cramped_room_potter0_20": 0.1, "centre_pots_sparse20": 54.0, "centre_pots_potter0_20": 0.75}
[pair_J] {"steps": 1996800, "elapsed_s": 4620.1, "cramped_room_sparse20": 117.0, "cramped_room_potter0_20": 0.1, "centre_pots_sparse20": 53.0, "centre_pots_potter0_20": 0.75}
[pair_J] {"steps": 1998848, "elapsed_s": 4622.0, "cramped_room_sparse20": 118.0, "cramped_room_potter0_20": 0.15, "centre_pots_sparse20": 50.0, "centre_pots_potter0_20": 0.7}
[pair_J] {"steps": 2000896, "elapsed_s": 4623.6, "cramped_room_sparse20": 121.0, "cramped_room_potter0_20": 0.15, "centre_pots_sparse20": 49.0, "centre_pots_potter0_20": 0.6}
[pair_J] {"steps": 2002944, "elapsed_s": 4625.4, "cramped_room_sparse20": 124.0, "cramped_room_potter0_20": 0.1, "centre_pots_sparse20": 51.0, "centre_pots_potter0_20": 0.65}
[pair_J] {"steps": 2004992, "elapsed_s": 4627.3, "cramped_room_sparse20": 126.0, "cramped_room_potter0_20": 0.1, "centre_pots_sparse20": 56.0, "centre_pots_potter0_20": 0.65}
[pair_J] {"steps": 2007040, "elapsed_s": 4628.9, "cramped_room_sparse20": 121.0, "cramped_room_potter0_20": 0.05, "centre_pots_sparse20": 62.0, "centre_pots_potter0_20": 0.65}
[pair_J] {"steps": 2009088, "elapsed_s": 4630.5, "cramped_room_sparse20": 122.0, "cramped_room_potter0_20": 0.1, "centre_pots_sparse20": 62.0, "centre_pots_potter0_20": 0.65}
[pair_J] {"steps": 2011136, "elapsed_s": 4632.5, "cramped_room_sparse20": 123.0, "cramped_room_potter0_20": 0.1, "centre_pots_sparse20": 67.0, "centre_pots_potter0_20": 0.65}
[pair_J] {"steps": 2013184, "elapsed_s": 4634.0, "cramped_room_sparse20": 116.0, "cramped_room_potter0_20": 0.1, "centre_pots_sparse20": 68.0, "centre_pots_potter0_20": 0.6}
[pair_J] {"steps": 2015232, "elapsed_s": 4635.8, "cramped_room_sparse20": 111.0, "cramped_room_potter0_20": 0.05, "centre_pots_sparse20": 68.0, "centre_pots_potter0_20": 0.65}
[pair_J] {"steps": 2017280, "elapsed_s": 4637.2, "cramped_room_sparse20": 107.0, "cramped_room_potter0_20": 0.1, "centre_pots_sparse20": 65.0, "centre_pots_potter0_20": 0.7}
[pair_J] {"steps": 2019328, "elapsed_s": 4638.9, "cramped_room_sparse20": 103.0, "cramped_room_potter0_20": 0.15, "centre_pots_sparse20": 71.0, "centre_pots_potter0_20": 0.75}
[pair_J] {"steps": 2021376, "elapsed_s": 4640.5, "cramped_room_sparse20": 99.0, "cramped_room_potter0_20": 0.15, "centre_pots_sparse20": 71.0, "centre_pots_potter0_20": 0.75}
[pair_J] {"steps": 2023424, "elapsed_s": 4642.1, "cramped_room_sparse20": 94.0, "cramped_room_potter0_20": 0.15, "centre_pots_sparse20": 72.0, "centre_pots_potter0_20": 0.75}
[pair_J] {"steps": 2025472, "elapsed_s": 4643.4, "cramped_room_sparse20": 91.0, "cramped_room_potter0_20": 0.25, "centre_pots_sparse20": 72.0, "centre_pots_potter0_20": 0.75}
[pair_J] {"steps": 2027520, "elapsed_s": 4644.9, "cramped_room_sparse20": 87.0, "cramped_room_potter0_20": 0.25, "centre_pots_sparse20": 75.0, "centre_pots_potter0_20": 0.8}
[pair_J] {"steps": 2029568, "elapsed_s": 4646.4, "cramped_room_sparse20": 84.0, "cramped_room_potter0_20": 0.2, "centre_pots_sparse20": 76.0, "centre_pots_potter0_20": 0.75}
[pair_J] {"steps": 2031616, "elapsed_s": 4647.9, "cramped_room_sparse20": 88.0, "cramped_room_potter0_20": 0.2, "centre_pots_sparse20": 76.0, "centre_pots_potter0_20": 0.7}
[pair_J] {"steps": 2033664, "elapsed_s": 4649.7, "cramped_room_sparse20": 92.0, "cramped_room_potter0_20": 0.2, "centre_pots_sparse20": 73.0, "centre_pots_potter0_20": 0.8}
[pair_J] {"steps": 2035712, "elapsed_s": 4651.4, "cramped_room_sparse20": 98.0, "cramped_room_potter0_20": 0.2, "centre_pots_sparse20": 68.0, "centre_pots_potter0_20": 0.7}
[pair_J] {"steps": 2037760, "elapsed_s": 4653.2, "cramped_room_sparse20": 95.0, "cramped_room_potter0_20": 0.2, "centre_pots_sparse20": 62.0, "centre_pots_potter0_20": 0.75}
[pair_J] {"steps": 2039808, "elapsed_s": 4654.9, "cramped_room_sparse20": 89.0, "cramped_room_potter0_20": 0.15, "centre_pots_sparse20": 60.0, "centre_pots_potter0_20": 0.65}
[pair_J] {"steps": 2041856, "elapsed_s": 4656.6, "cramped_room_sparse20": 93.0, "cramped_room_potter0_20": 0.15, "centre_pots_sparse20": 54.0, "centre_pots_potter0_20": 0.65}
[pair_J] {"steps": 2043904, "elapsed_s": 4658.4, "cramped_room_sparse20": 88.0, "cramped_room_potter0_20": 0.15, "centre_pots_sparse20": 49.0, "centre_pots_potter0_20": 0.65}
[pair_J] {"steps": 2045952, "elapsed_s": 4660.1, "cramped_room_sparse20": 86.0, "cramped_room_potter0_20": 0.2, "centre_pots_sparse20": 44.0, "centre_pots_potter0_20": 0.6}
[pair_J] {"steps": 2048000, "elapsed_s": 4661.7, "cramped_room_sparse20": 79.0, "cramped_room_potter0_20": 0.2, "centre_pots_sparse20": 41.0, "centre_pots_potter0_20": 0.6}
[pair_J] {"steps": 2050048, "elapsed_s": 4663.5, "cramped_room_sparse20": 79.0, "cramped_room_potter0_20": 0.15, "centre_pots_sparse20": 32.0, "centre_pots_potter0_20": 0.6}
[pair_J] {"steps": 2052096, "elapsed_s": 4665.2, "cramped_room_sparse20": 89.0, "cramped_room_potter0_20": 0.1, "centre_pots_sparse20": 28.0, "centre_pots_potter0_20": 0.65}
[pair_J] {"steps": 2054144, "elapsed_s": 4666.9, "cramped_room_sparse20": 98.0, "cramped_room_potter0_20": 0.15, "centre_pots_sparse20": 30.0, "centre_pots_potter0_20": 0.7}
[pair_J] {"steps": 2056192, "elapsed_s": 4668.7, "cramped_room_sparse20": 96.0, "cramped_room_potter0_20": 0.15, "centre_pots_sparse20": 37.0, "centre_pots_potter0_20": 0.75}
[pair_J] {"steps": 2058240, "elapsed_s": 4670.6, "cramped_room_sparse20": 96.0, "cramped_room_potter0_20": 0.15, "centre_pots_sparse20": 46.0, "centre_pots_potter0_20": 0.75}
[pair_J] {"steps": 2060288, "elapsed_s": 4672.0, "cramped_room_sparse20": 101.0, "cramped_room_potter0_20": 0.15, "centre_pots_sparse20": 44.0, "centre_pots_potter0_20": 0.8}
[pair_J] {"steps": 2062336, "elapsed_s": 4673.8, "cramped_room_sparse20": 104.0, "cramped_room_potter0_20": 0.1, "centre_pots_sparse20": 48.0, "centre_pots_potter0_20": 0.75}
[pair_J] {"steps": 2064384, "elapsed_s": 4675.6, "cramped_room_sparse20": 108.0, "cramped_room_potter0_20": 0.1, "centre_pots_sparse20": 58.0, "centre_pots_potter0_20": 0.75}
[pair_J] {"steps": 2066432, "elapsed_s": 4677.5, "cramped_room_sparse20": 110.0, "cramped_room_potter0_20": 0.15, "centre_pots_sparse20": 58.0, "centre_pots_potter0_20": 0.7}
[pair_J] {"steps": 2068480, "elapsed_s": 4679.4, "cramped_room_sparse20": 109.0, "cramped_room_potter0_20": 0.2, "centre_pots_sparse20": 62.0, "centre_pots_potter0_20": 0.6}
[pair_J] {"steps": 2070528, "elapsed_s": 4681.0, "cramped_room_sparse20": 107.0, "cramped_room_potter0_20": 0.2, "centre_pots_sparse20": 62.0, "centre_pots_potter0_20": 0.6}
[pair_J] {"steps": 2072576, "elapsed_s": 4683.1, "cramped_room_sparse20": 108.0, "cramped_room_potter0_20": 0.2, "centre_pots_sparse20": 67.0, "centre_pots_potter0_20": 0.6}
[pair_J] {"steps": 2074624, "elapsed_s": 4684.8, "cramped_room_sparse20": 107.0, "cramped_room_potter0_20": 0.2, "centre_pots_sparse20": 70.0, "centre_pots_potter0_20": 0.6}
[pair_J] {"steps": 2076672, "elapsed_s": 4686.4, "cramped_room_sparse20": 113.0, "cramped_room_potter0_20": 0.2, "centre_pots_sparse20": 71.0, "centre_pots_potter0_20": 0.55}
[pair_J] {"steps": 2078720, "elapsed_s": 4688.2, "cramped_room_sparse20": 112.0, "cramped_room_potter0_20": 0.15, "centre_pots_sparse20": 73.0, "centre_pots_potter0_20": 0.55}
[pair_J] {"steps": 2080768, "elapsed_s": 4689.4, "cramped_room_sparse20": 112.0, "cramped_room_potter0_20": 0.15, "centre_pots_sparse20": 73.0, "centre_pots_potter0_20": 0.5}
[pair_J] {"steps": 2082816, "elapsed_s": 4690.8, "cramped_room_sparse20": 111.0, "cramped_room_potter0_20": 0.1, "centre_pots_sparse20": 73.0, "centre_pots_potter0_20": 0.5}
[pair_J] {"steps": 2084864, "elapsed_s": 4692.4, "cramped_room_sparse20": 109.0, "cramped_room_potter0_20": 0.05, "centre_pots_sparse20": 73.0, "centre_pots_potter0_20": 0.55}
[pair_J] {"steps": 2086912, "elapsed_s": 4694.0, "cramped_room_sparse20": 111.0, "cramped_room_potter0_20": 0.05, "centre_pots_sparse20": 72.0, "centre_pots_potter0_20": 0.55}
[pair_J] {"steps": 2088960, "elapsed_s": 4696.0, "cramped_room_sparse20": 110.0, "cramped_room_potter0_20": 0.1, "centre_pots_sparse20": 75.0, "centre_pots_potter0_20": 0.6}
[pair_J] {"steps": 2091008, "elapsed_s": 4697.9, "cramped_room_sparse20": 110.0, "cramped_room_potter0_20": 0.15, "centre_pots_sparse20": 69.0, "centre_pots_potter0_20": 0.6}
[pair_J] {"steps": 2093056, "elapsed_s": 4699.9, "cramped_room_sparse20": 110.0, "cramped_room_potter0_20": 0.15, "centre_pots_sparse20": 65.0, "centre_pots_potter0_20": 0.7}
[pair_J] {"steps": 2095104, "elapsed_s": 4701.6, "cramped_room_sparse20": 110.0, "cramped_room_potter0_20": 0.2, "centre_pots_sparse20": 61.0, "centre_pots_potter0_20": 0.8}
[pair_J] {"steps": 2097152, "elapsed_s": 4703.5, "cramped_room_sparse20": 109.0, "cramped_room_potter0_20": 0.2, "centre_pots_sparse20": 66.0, "centre_pots_potter0_20": 0.75}
[pair_J] {"steps": 2099200, "elapsed_s": 4705.1, "cramped_room_sparse20": 109.0, "cramped_room_potter0_20": 0.2, "centre_pots_sparse20": 64.0, "centre_pots_potter0_20": 0.75}
[pair_J] {"steps": 2101248, "elapsed_s": 4706.7, "cramped_room_sparse20": 113.0, "cramped_room_potter0_20": 0.25, "centre_pots_sparse20": 62.0, "centre_pots_potter0_20": 0.8}
[pair_J] {"steps": 2103296, "elapsed_s": 4708.8, "cramped_room_sparse20": 114.0, "cramped_room_potter0_20": 0.3, "centre_pots_sparse20": 51.0, "centre_pots_potter0_20": 0.75}
[pair_J] {"steps": 2105344, "elapsed_s": 4710.3, "cramped_room_sparse20": 115.0, "cramped_room_potter0_20": 0.4, "centre_pots_sparse20": 51.0, "centre_pots_potter0_20": 0.75}
[pair_J] {"steps": 2107392, "elapsed_s": 4712.2, "cramped_room_sparse20": 118.0, "cramped_room_potter0_20": 0.35, "centre_pots_sparse20": 52.0, "centre_pots_potter0_20": 0.75}
[pair_J] {"steps": 2109440, "elapsed_s": 4714.0, "cramped_room_sparse20": 119.0, "cramped_room_potter0_20": 0.3, "centre_pots_sparse20": 43.0, "centre_pots_potter0_20": 0.7}
[pair_J] {"steps": 2111488, "elapsed_s": 4715.7, "cramped_room_sparse20": 118.0, "cramped_room_potter0_20": 0.3, "centre_pots_sparse20": 40.0, "centre_pots_potter0_20": 0.75}
[pair_J] {"steps": 2113536, "elapsed_s": 4717.3, "cramped_room_sparse20": 117.0, "cramped_room_potter0_20": 0.35, "centre_pots_sparse20": 38.0, "centre_pots_potter0_20": 0.7}
[pair_J] {"steps": 2115584, "elapsed_s": 4719.2, "cramped_room_sparse20": 118.0, "cramped_room_potter0_20": 0.3, "centre_pots_sparse20": 44.0, "centre_pots_potter0_20": 0.65}
[pair_J] {"steps": 2117632, "elapsed_s": 4721.0, "cramped_room_sparse20": 113.0, "cramped_room_potter0_20": 0.25, "centre_pots_sparse20": 57.0, "centre_pots_potter0_20": 0.6}
[pair_J] {"steps": 2119680, "elapsed_s": 4722.5, "cramped_room_sparse20": 108.0, "cramped_room_potter0_20": 0.15, "centre_pots_sparse20": 59.0, "centre_pots_potter0_20": 0.6}
[pair_J] {"steps": 2121728, "elapsed_s": 4724.7, "cramped_room_sparse20": 109.0, "cramped_room_potter0_20": 0.1, "centre_pots_sparse20": 68.0, "centre_pots_potter0_20": 0.6}
[pair_J] {"steps": 2123776, "elapsed_s": 4726.7, "cramped_room_sparse20": 102.0, "cramped_room_potter0_20": 0.1, "centre_pots_sparse20": 81.0, "centre_pots_potter0_20": 0.45}
[pair_J] {"steps": 2125824, "elapsed_s": 4728.7, "cramped_room_sparse20": 102.0, "cramped_room_potter0_20": 0.1, "centre_pots_sparse20": 84.0, "centre_pots_potter0_20": 0.45}
[pair_J] {"steps": 2127872, "elapsed_s": 4730.5, "cramped_room_sparse20": 89.0, "cramped_room_potter0_20": 0.1, "centre_pots_sparse20": 77.0, "centre_pots_potter0_20": 0.5}
[pair_J] {"steps": 2129920, "elapsed_s": 4732.5, "cramped_room_sparse20": 85.0, "cramped_room_potter0_20": 0.05, "centre_pots_sparse20": 70.0, "centre_pots_potter0_20": 0.45}
[pair_J] {"steps": 2131968, "elapsed_s": 4734.5, "cramped_room_sparse20": 84.0, "cramped_room_potter0_20": 0.05, "centre_pots_sparse20": 65.0, "centre_pots_potter0_20": 0.45}
[pair_J] {"steps": 2134016, "elapsed_s": 4736.1, "cramped_room_sparse20": 68.0, "cramped_room_potter0_20": 0.05, "centre_pots_sparse20": 61.0, "centre_pots_potter0_20": 0.45}
[pair_J] {"steps": 2136064, "elapsed_s": 4737.8, "cramped_room_sparse20": 57.0, "cramped_room_potter0_20": 0.1, "centre_pots_sparse20": 58.0, "centre_pots_potter0_20": 0.5}
[pair_J] {"steps": 2138112, "elapsed_s": 4739.6, "cramped_room_sparse20": 53.0, "cramped_room_potter0_20": 0.1, "centre_pots_sparse20": 51.0, "centre_pots_potter0_20": 0.5}
[pair_J] {"steps": 2140160, "elapsed_s": 4741.4, "cramped_room_sparse20": 46.0, "cramped_room_potter0_20": 0.15, "centre_pots_sparse20": 52.0, "centre_pots_potter0_20": 0.5}
[pair_J] {"steps": 2142208, "elapsed_s": 4743.8, "cramped_room_sparse20": 46.0, "cramped_room_potter0_20": 0.15, "centre_pots_sparse20": 53.0, "centre_pots_potter0_20": 0.5}
[pair_J] {"steps": 2144256, "elapsed_s": 4745.5, "cramped_room_sparse20": 45.0, "cramped_room_potter0_20": 0.2, "centre_pots_sparse20": 54.0, "centre_pots_potter0_20": 0.45}
[pair_J] {"steps": 2146304, "elapsed_s": 4747.4, "cramped_room_sparse20": 47.0, "cramped_room_potter0_20": 0.25, "centre_pots_sparse20": 56.0, "centre_pots_potter0_20": 0.35}
[pair_J] {"steps": 2148352, "elapsed_s": 4749.0, "cramped_room_sparse20": 46.0, "cramped_room_potter0_20": 0.3, "centre_pots_sparse20": 54.0, "centre_pots_potter0_20": 0.25}
[pair_J] {"steps": 2150400, "elapsed_s": 4750.8, "cramped_room_sparse20": 52.0, "cramped_room_potter0_20": 0.35, "centre_pots_sparse20": 53.0, "centre_pots_potter0_20": 0.25}
[pair_J] {"steps": 2152448, "elapsed_s": 4752.4, "cramped_room_sparse20": 58.0, "cramped_room_potter0_20": 0.35, "centre_pots_sparse20": 55.0, "centre_pots_potter0_20": 0.25}
[pair_J] {"steps": 2154496, "elapsed_s": 4754.4, "cramped_room_sparse20": 64.0, "cramped_room_potter0_20": 0.4, "centre_pots_sparse20": 59.0, "centre_pots_potter0_20": 0.2}
[pair_J] {"steps": 2156544, "elapsed_s": 4756.2, "cramped_room_sparse20": 68.0, "cramped_room_potter0_20": 0.35, "centre_pots_sparse20": 66.0, "centre_pots_potter0_20": 0.2}
[pair_J] {"steps": 2158592, "elapsed_s": 4757.9, "cramped_room_sparse20": 72.0, "cramped_room_potter0_20": 0.4, "centre_pots_sparse20": 65.0, "centre_pots_potter0_20": 0.15}
[pair_J] {"steps": 2160640, "elapsed_s": 4759.7, "cramped_room_sparse20": 80.0, "cramped_room_potter0_20": 0.35, "centre_pots_sparse20": 61.0, "centre_pots_potter0_20": 0.15}
[pair_J] {"steps": 2162688, "elapsed_s": 4761.9, "cramped_room_sparse20": 80.0, "cramped_room_potter0_20": 0.35, "centre_pots_sparse20": 62.0, "centre_pots_potter0_20": 0.3}
[pair_J] {"steps": 2164736, "elapsed_s": 4763.5, "cramped_room_sparse20": 82.0, "cramped_room_potter0_20": 0.35, "centre_pots_sparse20": 74.0, "centre_pots_potter0_20": 0.4}
[pair_J] {"steps": 2166784, "elapsed_s": 4765.2, "cramped_room_sparse20": 81.0, "cramped_room_potter0_20": 0.25, "centre_pots_sparse20": 69.0, "centre_pots_potter0_20": 0.4}
[pair_J] {"steps": 2168832, "elapsed_s": 4767.2, "cramped_room_sparse20": 87.0, "cramped_room_potter0_20": 0.2, "centre_pots_sparse20": 67.0, "centre_pots_potter0_20": 0.35}
[pair_J] {"steps": 2170880, "elapsed_s": 4769.0, "cramped_room_sparse20": 89.0, "cramped_room_potter0_20": 0.2, "centre_pots_sparse20": 68.0, "centre_pots_potter0_20": 0.45}
[pair_J] {"steps": 2172928, "elapsed_s": 4770.9, "cramped_room_sparse20": 88.0, "cramped_room_potter0_20": 0.1, "centre_pots_sparse20": 66.0, "centre_pots_potter0_20": 0.45}
[pair_J] {"steps": 2174976, "elapsed_s": 4772.6, "cramped_room_sparse20": 95.0, "cramped_room_potter0_20": 0.05, "centre_pots_sparse20": 74.0, "centre_pots_potter0_20": 0.4}
[pair_J] {"steps": 2177024, "elapsed_s": 4774.6, "cramped_room_sparse20": 95.0, "cramped_room_potter0_20": 0.05, "centre_pots_sparse20": 70.0, "centre_pots_potter0_20": 0.35}
[pair_J] {"steps": 2179072, "elapsed_s": 4776.4, "cramped_room_sparse20": 96.0, "cramped_room_potter0_20": 0.05, "centre_pots_sparse20": 64.0, "centre_pots_potter0_20": 0.25}
[pair_J] {"steps": 2181120, "elapsed_s": 4777.9, "cramped_room_sparse20": 101.0, "cramped_room_potter0_20": 0.05, "centre_pots_sparse20": 65.0, "centre_pots_potter0_20": 0.25}
[pair_J] {"steps": 2183168, "elapsed_s": 4779.6, "cramped_room_sparse20": 110.0, "cramped_room_potter0_20": 0.05, "centre_pots_sparse20": 62.0, "centre_pots_potter0_20": 0.35}
[pair_J] {"steps": 2185216, "elapsed_s": 4781.4, "cramped_room_sparse20": 114.0, "cramped_room_potter0_20": 0.1, "centre_pots_sparse20": 55.0, "centre_pots_potter0_20": 0.4}
[pair_J] {"steps": 2187264, "elapsed_s": 4783.5, "cramped_room_sparse20": 114.0, "cramped_room_potter0_20": 0.1, "centre_pots_sparse20": 61.0, "centre_pots_potter0_20": 0.6}
[pair_J] {"steps": 2189312, "elapsed_s": 4785.2, "cramped_room_sparse20": 119.0, "cramped_room_potter0_20": 0.1, "centre_pots_sparse20": 57.0, "centre_pots_potter0_20": 0.65}
[pair_J] {"steps": 2191360, "elapsed_s": 4787.1, "cramped_room_sparse20": 123.0, "cramped_room_potter0_20": 0.1, "centre_pots_sparse20": 60.0, "centre_pots_potter0_20": 0.7}
[pair_J] {"steps": 2193408, "elapsed_s": 4789.0, "cramped_room_sparse20": 123.0, "cramped_room_potter0_20": 0.1, "centre_pots_sparse20": 55.0, "centre_pots_potter0_20": 0.75}
[pair_J] {"steps": 2195456, "elapsed_s": 4790.6, "cramped_room_sparse20": 124.0, "cramped_room_potter0_20": 0.1, "centre_pots_sparse20": 60.0, "centre_pots_potter0_20": 0.7}
[pair_J] {"steps": 2197504, "elapsed_s": 4792.4, "cramped_room_sparse20": 122.0, "cramped_room_potter0_20": 0.1, "centre_pots_sparse20": 62.0, "centre_pots_potter0_20": 0.7}
[pair_J] {"steps": 2199552, "elapsed_s": 4794.1, "cramped_room_sparse20": 121.0, "cramped_room_potter0_20": 0.05, "centre_pots_sparse20": 63.0, "centre_pots_potter0_20": 0.65}
[pair_J] {"steps": 2201600, "elapsed_s": 4795.8, "cramped_room_sparse20": 116.0, "cramped_room_potter0_20": 0.05, "centre_pots_sparse20": 60.0, "centre_pots_potter0_20": 0.6}
[pair_J] {"steps": 2203648, "elapsed_s": 4797.3, "cramped_room_sparse20": 117.0, "cramped_room_potter0_20": 0.0, "centre_pots_sparse20": 65.0, "centre_pots_potter0_20": 0.55}
[pair_J] {"steps": 2205696, "elapsed_s": 4798.9, "cramped_room_sparse20": 119.0, "cramped_room_potter0_20": 0.0, "centre_pots_sparse20": 66.0, "centre_pots_potter0_20": 0.6}
[pair_J] {"steps": 2207744, "elapsed_s": 4800.7, "cramped_room_sparse20": 114.0, "cramped_room_potter0_20": 0.0, "centre_pots_sparse20": 67.0, "centre_pots_potter0_20": 0.6}
[pair_J] {"steps": 2209792, "elapsed_s": 4802.2, "cramped_room_sparse20": 112.0, "cramped_room_potter0_20": 0.0, "centre_pots_sparse20": 69.0, "centre_pots_potter0_20": 0.55}
[pair_J] {"steps": 2211840, "elapsed_s": 4804.2, "cramped_room_sparse20": 114.0, "cramped_room_potter0_20": 0.05, "centre_pots_sparse20": 68.0, "centre_pots_potter0_20": 0.5}
[pair_J] {"steps": 2213888, "elapsed_s": 4806.3, "cramped_room_sparse20": 114.0, "cramped_room_potter0_20": 0.05, "centre_pots_sparse20": 59.0, "centre_pots_potter0_20": 0.55}
[pair_J] {"steps": 2215936, "elapsed_s": 4808.1, "cramped_room_sparse20": 113.0, "cramped_room_potter0_20": 0.1, "centre_pots_sparse20": 65.0, "centre_pots_potter0_20": 0.55}
[pair_J] {"steps": 2217984, "elapsed_s": 4809.9, "cramped_room_sparse20": 115.0, "cramped_room_potter0_20": 0.15, "centre_pots_sparse20": 64.0, "centre_pots_potter0_20": 0.5}
[pair_J] {"steps": 2220032, "elapsed_s": 4811.8, "cramped_room_sparse20": 118.0, "cramped_room_potter0_20": 0.15, "centre_pots_sparse20": 68.0, "centre_pots_potter0_20": 0.35}
[pair_J] {"steps": 2222080, "elapsed_s": 4813.2, "cramped_room_sparse20": 113.0, "cramped_room_potter0_20": 0.15, "centre_pots_sparse20": 71.0, "centre_pots_potter0_20": 0.35}
[pair_J] {"steps": 2224128, "elapsed_s": 4814.8, "cramped_room_sparse20": 115.0, "cramped_room_potter0_20": 0.15, "centre_pots_sparse20": 70.0, "centre_pots_potter0_20": 0.4}
[pair_J] {"steps": 2226176, "elapsed_s": 4816.6, "cramped_room_sparse20": 116.0, "cramped_room_potter0_20": 0.15, "centre_pots_sparse20": 78.0, "centre_pots_potter0_20": 0.45}
[pair_J] {"steps": 2228224, "elapsed_s": 4818.1, "cramped_room_sparse20": 110.0, "cramped_room_potter0_20": 0.1, "centre_pots_sparse20": 80.0, "centre_pots_potter0_20": 0.4}
[pair_J] {"steps": 2230272, "elapsed_s": 4820.0, "cramped_room_sparse20": 109.0, "cramped_room_potter0_20": 0.05, "centre_pots_sparse20": 87.0, "centre_pots_potter0_20": 0.35}
[pair_J] {"steps": 2232320, "elapsed_s": 4822.0, "cramped_room_sparse20": 108.0, "cramped_room_potter0_20": 0.0, "centre_pots_sparse20": 80.0, "centre_pots_potter0_20": 0.4}
[pair_J] {"steps": 2234368, "elapsed_s": 4823.4, "cramped_room_sparse20": 105.0, "cramped_room_potter0_20": 0.0, "centre_pots_sparse20": 83.0, "centre_pots_potter0_20": 0.45}
[pair_J] {"steps": 2236416, "elapsed_s": 4825.2, "cramped_room_sparse20": 108.0, "cramped_room_potter0_20": 0.05, "centre_pots_sparse20": 77.0, "centre_pots_potter0_20": 0.6}
[pair_J] {"steps": 2238464, "elapsed_s": 4827.0, "cramped_room_sparse20": 101.0, "cramped_room_potter0_20": 0.05, "centre_pots_sparse20": 69.0, "centre_pots_potter0_20": 0.6}
[pair_J] {"steps": 2240512, "elapsed_s": 4828.5, "cramped_room_sparse20": 96.0, "cramped_room_potter0_20": 0.05, "centre_pots_sparse20": 69.0, "centre_pots_potter0_20": 0.6}
[pair_J] {"steps": 2242560, "elapsed_s": 4830.1, "cramped_room_sparse20": 95.0, "cramped_room_potter0_20": 0.1, "centre_pots_sparse20": 70.0, "centre_pots_potter0_20": 0.55}
[pair_J] {"steps": 2244608, "elapsed_s": 4831.8, "cramped_room_sparse20": 94.0, "cramped_room_potter0_20": 0.1, "centre_pots_sparse20": 62.0, "centre_pots_potter0_20": 0.6}
[pair_J] {"steps": 2246656, "elapsed_s": 4833.7, "cramped_room_sparse20": 95.0, "cramped_room_potter0_20": 0.15, "centre_pots_sparse20": 63.0, "centre_pots_potter0_20": 0.55}
[pair_J] {"steps": 2248704, "elapsed_s": 4835.4, "cramped_room_sparse20": 94.0, "cramped_room_potter0_20": 0.15, "centre_pots_sparse20": 58.0, "centre_pots_potter0_20": 0.45}
[pair_J] {"steps": 2250752, "elapsed_s": 4837.4, "cramped_room_sparse20": 94.0, "cramped_room_potter0_20": 0.2, "centre_pots_sparse20": 61.0, "centre_pots_potter0_20": 0.5}
[pair_J] {"steps": 2252800, "elapsed_s": 4839.5, "cramped_room_sparse20": 94.0, "cramped_room_potter0_20": 0.2, "centre_pots_sparse20": 61.0, "centre_pots_potter0_20": 0.45}
[pair_J] {"steps": 2254848, "elapsed_s": 4840.9, "cramped_room_sparse20": 100.0, "cramped_room_potter0_20": 0.2, "centre_pots_sparse20": 65.0, "centre_pots_potter0_20": 0.45}
[pair_J] {"steps": 2256896, "elapsed_s": 4842.6, "cramped_room_sparse20": 98.0, "cramped_room_potter0_20": 0.15, "centre_pots_sparse20": 65.0, "centre_pots_potter0_20": 0.45}
[pair_J] {"steps": 2258944, "elapsed_s": 4844.5, "cramped_room_sparse20": 99.0, "cramped_room_potter0_20": 0.15, "centre_pots_sparse20": 66.0, "centre_pots_potter0_20": 0.4}
[pair_J] {"steps": 2260992, "elapsed_s": 4846.0, "cramped_room_sparse20": 101.0, "cramped_room_potter0_20": 0.15, "centre_pots_sparse20": 67.0, "centre_pots_potter0_20": 0.4}
[pair_J] {"steps": 2263040, "elapsed_s": 4847.7, "cramped_room_sparse20": 98.0, "cramped_room_potter0_20": 0.1, "centre_pots_sparse20": 70.0, "centre_pots_potter0_20": 0.45}
[pair_J] {"steps": 2265088, "elapsed_s": 4849.5, "cramped_room_sparse20": 97.0, "cramped_room_potter0_20": 0.15, "centre_pots_sparse20": 75.0, "centre_pots_potter0_20": 0.35}
[pair_J] {"steps": 2267136, "elapsed_s": 4851.4, "cramped_room_sparse20": 98.0, "cramped_room_potter0_20": 0.15, "centre_pots_sparse20": 76.0, "centre_pots_potter0_20": 0.4}
[pair_J] {"steps": 2269184, "elapsed_s": 4853.0, "cramped_room_sparse20": 102.0, "cramped_room_potter0_20": 0.1, "centre_pots_sparse20": 79.0, "centre_pots_potter0_20": 0.3}
[pair_J] {"steps": 2271232, "elapsed_s": 4854.8, "cramped_room_sparse20": 104.0, "cramped_room_potter0_20": 0.1, "centre_pots_sparse20": 76.0, "centre_pots_potter0_20": 0.25}
[pair_J] {"steps": 2273280, "elapsed_s": 4856.6, "cramped_room_sparse20": 106.0, "cramped_room_potter0_20": 0.1, "centre_pots_sparse20": 74.0, "centre_pots_potter0_20": 0.2}
[pair_J] {"steps": 2275328, "elapsed_s": 4858.7, "cramped_room_sparse20": 109.0, "cramped_room_potter0_20": 0.1, "centre_pots_sparse20": 73.0, "centre_pots_potter0_20": 0.2}
[pair_J] {"steps": 2277376, "elapsed_s": 4860.5, "cramped_room_sparse20": 114.0, "cramped_room_potter0_20": 0.1, "centre_pots_sparse20": 71.0, "centre_pots_potter0_20": 0.2}
[pair_J] {"steps": 2279424, "elapsed_s": 4862.0, "cramped_room_sparse20": 118.0, "cramped_room_potter0_20": 0.1, "centre_pots_sparse20": 66.0, "centre_pots_potter0_20": 0.25}
[pair_J] {"steps": 2281472, "elapsed_s": 4863.6, "cramped_room_sparse20": 127.0, "cramped_room_potter0_20": 0.0, "centre_pots_sparse20": 66.0, "centre_pots_potter0_20": 0.25}
[pair_J] {"steps": 2283520, "elapsed_s": 4865.5, "cramped_room_sparse20": 126.0, "cramped_room_potter0_20": 0.0, "centre_pots_sparse20": 68.0, "centre_pots_potter0_20": 0.2}
[pair_J] {"steps": 2285568, "elapsed_s": 4867.2, "cramped_room_sparse20": 124.0, "cramped_room_potter0_20": 0.0, "centre_pots_sparse20": 64.0, "centre_pots_potter0_20": 0.25}
[pair_J] {"steps": 2287616, "elapsed_s": 4869.1, "cramped_room_sparse20": 125.0, "cramped_room_potter0_20": 0.0, "centre_pots_sparse20": 53.0, "centre_pots_potter0_20": 0.4}
[pair_J] {"steps": 2289664, "elapsed_s": 4870.8, "cramped_room_sparse20": 116.0, "cramped_room_potter0_20": 0.05, "centre_pots_sparse20": 51.0, "centre_pots_potter0_20": 0.45}
[pair_J] {"steps": 2291712, "elapsed_s": 4872.9, "cramped_room_sparse20": 116.0, "cramped_room_potter0_20": 0.05, "centre_pots_sparse20": 37.0, "centre_pots_potter0_20": 0.6}
[pair_J] {"steps": 2293760, "elapsed_s": 4874.5, "cramped_room_sparse20": 115.0, "cramped_room_potter0_20": 0.05, "centre_pots_sparse20": 30.0, "centre_pots_potter0_20": 0.6}
[pair_J] {"steps": 2295808, "elapsed_s": 4875.8, "cramped_room_sparse20": 112.0, "cramped_room_potter0_20": 0.05, "centre_pots_sparse20": 30.0, "centre_pots_potter0_20": 0.6}
[pair_J] {"steps": 2297856, "elapsed_s": 4877.5, "cramped_room_sparse20": 104.0, "cramped_room_potter0_20": 0.1, "centre_pots_sparse20": 21.0, "centre_pots_potter0_20": 0.6}
[pair_J] {"steps": 2299904, "elapsed_s": 4879.6, "cramped_room_sparse20": 105.0, "cramped_room_potter0_20": 0.15, "centre_pots_sparse20": 11.0, "centre_pots_potter0_20": 0.55}
[pair_J] {"steps": 2301952, "elapsed_s": 4881.1, "cramped_room_sparse20": 103.0, "cramped_room_potter0_20": 0.15, "centre_pots_sparse20": 10.0, "centre_pots_potter0_20": 0.55}
[pair_J] {"steps": 2304000, "elapsed_s": 4882.9, "cramped_room_sparse20": 110.0, "cramped_room_potter0_20": 0.1, "centre_pots_sparse20": 13.0, "centre_pots_potter0_20": 0.55}
[pair_J] {"steps": 2306048, "elapsed_s": 4884.3, "cramped_room_sparse20": 113.0, "cramped_room_potter0_20": 0.1, "centre_pots_sparse20": 12.0, "centre_pots_potter0_20": 0.6}
[pair_J] {"steps": 2308096, "elapsed_s": 4886.2, "cramped_room_sparse20": 109.0, "cramped_room_potter0_20": 0.15, "centre_pots_sparse20": 16.0, "centre_pots_potter0_20": 0.6}
[pair_J] {"steps": 2310144, "elapsed_s": 4887.7, "cramped_room_sparse20": 110.0, "cramped_room_potter0_20": 0.15, "centre_pots_sparse20": 20.0, "centre_pots_potter0_20": 0.5}
[pair_J] {"steps": 2312192, "elapsed_s": 4889.5, "cramped_room_sparse20": 117.0, "cramped_room_potter0_20": 0.1, "centre_pots_sparse20": 23.0, "centre_pots_potter0_20": 0.45}
[pair_J] {"steps": 2314240, "elapsed_s": 4891.3, "cramped_room_sparse20": 118.0, "cramped_room_potter0_20": 0.05, "centre_pots_sparse20": 27.0, "centre_pots_potter0_20": 0.5}
[pair_J] {"steps": 2316288, "elapsed_s": 4893.2, "cramped_room_sparse20": 121.0, "cramped_room_potter0_20": 0.1, "centre_pots_sparse20": 30.0, "centre_pots_potter0_20": 0.6}
[pair_J] {"steps": 2318336, "elapsed_s": 4895.1, "cramped_room_sparse20": 122.0, "cramped_room_potter0_20": 0.1, "centre_pots_sparse20": 31.0, "centre_pots_potter0_20": 0.6}
[pair_J] {"steps": 2320384, "elapsed_s": 4897.0, "cramped_room_sparse20": 120.0, "cramped_room_potter0_20": 0.1, "centre_pots_sparse20": 35.0, "centre_pots_potter0_20": 0.5}
[pair_J] {"steps": 2322432, "elapsed_s": 4899.0, "cramped_room_sparse20": 118.0, "cramped_room_potter0_20": 0.1, "centre_pots_sparse20": 38.0, "centre_pots_potter0_20": 0.45}
[pair_J] {"steps": 2324480, "elapsed_s": 4900.8, "cramped_room_sparse20": 119.0, "cramped_room_potter0_20": 0.1, "centre_pots_sparse20": 38.0, "centre_pots_potter0_20": 0.45}
[pair_J] {"steps": 2326528, "elapsed_s": 4902.3, "cramped_room_sparse20": 122.0, "cramped_room_potter0_20": 0.05, "centre_pots_sparse20": 40.0, "centre_pots_potter0_20": 0.45}
[pair_J] {"steps": 2328576, "elapsed_s": 4903.9, "cramped_room_sparse20": 128.0, "cramped_room_potter0_20": 0.1, "centre_pots_sparse20": 41.0, "centre_pots_potter0_20": 0.5}
[pair_J] {"steps": 2330624, "elapsed_s": 4905.4, "cramped_room_sparse20": 130.0, "cramped_room_potter0_20": 0.1, "centre_pots_sparse20": 48.0, "centre_pots_potter0_20": 0.45}
[pair_J] {"steps": 2332672, "elapsed_s": 4907.0, "cramped_room_sparse20": 128.0, "cramped_room_potter0_20": 0.05, "centre_pots_sparse20": 55.0, "centre_pots_potter0_20": 0.35}
[pair_J] {"steps": 2334720, "elapsed_s": 4908.8, "cramped_room_sparse20": 132.0, "cramped_room_potter0_20": 0.05, "centre_pots_sparse20": 59.0, "centre_pots_potter0_20": 0.3}
[pair_J] {"steps": 2336768, "elapsed_s": 4910.6, "cramped_room_sparse20": 133.0, "cramped_room_potter0_20": 0.05, "centre_pots_sparse20": 67.0, "centre_pots_potter0_20": 0.3}
[pair_J] {"steps": 2338816, "elapsed_s": 4912.2, "cramped_room_sparse20": 126.0, "cramped_room_potter0_20": 0.05, "centre_pots_sparse20": 69.0, "centre_pots_potter0_20": 0.25}
[pair_J] {"steps": 2340864, "elapsed_s": 4914.1, "cramped_room_sparse20": 124.0, "cramped_room_potter0_20": 0.05, "centre_pots_sparse20": 69.0, "centre_pots_potter0_20": 0.3}
[pair_J] {"steps": 2342912, "elapsed_s": 4916.1, "cramped_room_sparse20": 123.0, "cramped_room_potter0_20": 0.0, "centre_pots_sparse20": 71.0, "centre_pots_potter0_20": 0.3}
[pair_J] {"steps": 2344960, "elapsed_s": 4917.4, "cramped_room_sparse20": 114.0, "cramped_room_potter0_20": 0.0, "centre_pots_sparse20": 72.0, "centre_pots_potter0_20": 0.3}
[pair_J] {"steps": 2347008, "elapsed_s": 4919.3, "cramped_room_sparse20": 116.0, "cramped_room_potter0_20": 0.05, "centre_pots_sparse20": 73.0, "centre_pots_potter0_20": 0.25}
[pair_J] {"steps": 2349056, "elapsed_s": 4921.3, "cramped_room_sparse20": 118.0, "cramped_room_potter0_20": 0.05, "centre_pots_sparse20": 68.0, "centre_pots_potter0_20": 0.25}
[pair_J] {"steps": 2351104, "elapsed_s": 4922.8, "cramped_room_sparse20": 123.0, "cramped_room_potter0_20": 0.1, "centre_pots_sparse20": 66.0, "centre_pots_potter0_20": 0.25}
[pair_J] {"steps": 2353152, "elapsed_s": 4925.1, "cramped_room_sparse20": 124.0, "cramped_room_potter0_20": 0.1, "centre_pots_sparse20": 57.0, "centre_pots_potter0_20": 0.45}
[pair_J] {"steps": 2355200, "elapsed_s": 4926.7, "cramped_room_sparse20": 131.0, "cramped_room_potter0_20": 0.15, "centre_pots_sparse20": 57.0, "centre_pots_potter0_20": 0.45}
[pair_J] {"steps": 2357248, "elapsed_s": 4928.6, "cramped_room_sparse20": 131.0, "cramped_room_potter0_20": 0.15, "centre_pots_sparse20": 59.0, "centre_pots_potter0_20": 0.4}
[pair_J] {"steps": 2359296, "elapsed_s": 4930.3, "cramped_room_sparse20": 133.0, "cramped_room_potter0_20": 0.2, "centre_pots_sparse20": 59.0, "centre_pots_potter0_20": 0.4}
[pair_J] {"steps": 2361344, "elapsed_s": 4932.0, "cramped_room_sparse20": 133.0, "cramped_room_potter0_20": 0.2, "centre_pots_sparse20": 58.0, "centre_pots_potter0_20": 0.4}
[pair_J] {"steps": 2363392, "elapsed_s": 4933.8, "cramped_room_sparse20": 132.0, "cramped_room_potter0_20": 0.15, "centre_pots_sparse20": 60.0, "centre_pots_potter0_20": 0.5}
[pair_J] {"steps": 2365440, "elapsed_s": 4935.4, "cramped_room_sparse20": 124.0, "cramped_room_potter0_20": 0.2, "centre_pots_sparse20": 55.0, "centre_pots_potter0_20": 0.5}
[pair_J] {"steps": 2367488, "elapsed_s": 4937.0, "cramped_room_sparse20": 120.0, "cramped_room_potter0_20": 0.15, "centre_pots_sparse20": 58.0, "centre_pots_potter0_20": 0.5}
[pair_J] {"steps": 2369536, "elapsed_s": 4938.6, "cramped_room_sparse20": 117.0, "cramped_room_potter0_20": 0.1, "centre_pots_sparse20": 60.0, "centre_pots_potter0_20": 0.4}
[pair_J] {"steps": 2371584, "elapsed_s": 4940.1, "cramped_room_sparse20": 112.0, "cramped_room_potter0_20": 0.1, "centre_pots_sparse20": 63.0, "centre_pots_potter0_20": 0.35}
[pair_J] {"steps": 2373632, "elapsed_s": 4942.0, "cramped_room_sparse20": 113.0, "cramped_room_potter0_20": 0.05, "centre_pots_sparse20": 58.0, "centre_pots_potter0_20": 0.35}
[pair_J] {"steps": 2375680, "elapsed_s": 4943.6, "cramped_room_sparse20": 112.0, "cramped_room_potter0_20": 0.1, "centre_pots_sparse20": 58.0, "centre_pots_potter0_20": 0.4}
[pair_J] {"steps": 2377728, "elapsed_s": 4945.2, "cramped_room_sparse20": 115.0, "cramped_room_potter0_20": 0.1, "centre_pots_sparse20": 60.0, "centre_pots_potter0_20": 0.35}
[pair_J] {"steps": 2379776, "elapsed_s": 4947.1, "cramped_room_sparse20": 108.0, "cramped_room_potter0_20": 0.05, "centre_pots_sparse20": 57.0, "centre_pots_potter0_20": 0.35}
[pair_J] {"steps": 2381824, "elapsed_s": 4948.9, "cramped_room_sparse20": 103.0, "cramped_room_potter0_20": 0.05, "centre_pots_sparse20": 57.0, "centre_pots_potter0_20": 0.3}
[pair_J] {"steps": 2383872, "elapsed_s": 4950.6, "cramped_room_sparse20": 101.0, "cramped_room_potter0_20": 0.15, "centre_pots_sparse20": 56.0, "centre_pots_potter0_20": 0.25}
[pair_J] {"steps": 2385920, "elapsed_s": 4952.4, "cramped_room_sparse20": 100.0, "cramped_room_potter0_20": 0.2, "centre_pots_sparse20": 56.0, "centre_pots_potter0_20": 0.25}
[pair_J] {"steps": 2387968, "elapsed_s": 4953.9, "cramped_room_sparse20": 107.0, "cramped_room_potter0_20": 0.2, "centre_pots_sparse20": 56.0, "centre_pots_potter0_20": 0.25}
[pair_J] {"steps": 2390016, "elapsed_s": 4956.0, "cramped_room_sparse20": 104.0, "cramped_room_potter0_20": 0.2, "centre_pots_sparse20": 63.0, "centre_pots_potter0_20": 0.2}
[pair_J] {"steps": 2392064, "elapsed_s": 4957.7, "cramped_room_sparse20": 106.0, "cramped_room_potter0_20": 0.2, "centre_pots_sparse20": 71.0, "centre_pots_potter0_20": 0.2}
[pair_J] {"steps": 2394112, "elapsed_s": 4959.5, "cramped_room_sparse20": 115.0, "cramped_room_potter0_20": 0.2, "centre_pots_sparse20": 69.0, "centre_pots_potter0_20": 0.2}
[pair_J] {"steps": 2396160, "elapsed_s": 4961.1, "cramped_room_sparse20": 114.0, "cramped_room_potter0_20": 0.2, "centre_pots_sparse20": 66.0, "centre_pots_potter0_20": 0.15}
[pair_J] {"steps": 2398208, "elapsed_s": 4962.9, "cramped_room_sparse20": 117.0, "cramped_room_potter0_20": 0.15, "centre_pots_sparse20": 62.0, "centre_pots_potter0_20": 0.2}
[pair_J] {"steps": 2400256, "elapsed_s": 4964.8, "cramped_room_sparse20": 121.0, "cramped_room_potter0_20": 0.15, "centre_pots_sparse20": 59.0, "centre_pots_potter0_20": 0.1}
[pair_J] {"steps": 2402304, "elapsed_s": 4966.7, "cramped_room_sparse20": 121.0, "cramped_room_potter0_20": 0.15, "centre_pots_sparse20": 50.0, "centre_pots_potter0_20": 0.15}
[pair_J] {"steps": 2404352, "elapsed_s": 4968.5, "cramped_room_sparse20": 119.0, "cramped_room_potter0_20": 0.1, "centre_pots_sparse20": 48.0, "centre_pots_potter0_20": 0.15}
[pair_J] {"steps": 2406400, "elapsed_s": 4970.1, "cramped_room_sparse20": 114.0, "cramped_room_potter0_20": 0.05, "centre_pots_sparse20": 48.0, "centre_pots_potter0_20": 0.1}
[pair_J] {"steps": 2408448, "elapsed_s": 4972.1, "cramped_room_sparse20": 113.0, "cramped_room_potter0_20": 0.05, "centre_pots_sparse20": 52.0, "centre_pots_potter0_20": 0.1}
[pair_J] {"steps": 2410496, "elapsed_s": 4973.8, "cramped_room_sparse20": 114.0, "cramped_room_potter0_20": 0.1, "centre_pots_sparse20": 58.0, "centre_pots_potter0_20": 0.1}
[pair_J] {"steps": 2412544, "elapsed_s": 4975.4, "cramped_room_sparse20": 103.0, "cramped_room_potter0_20": 0.1, "centre_pots_sparse20": 61.0, "centre_pots_potter0_20": 0.15}
[pair_J] {"steps": 2414592, "elapsed_s": 4977.0, "cramped_room_sparse20": 101.0, "cramped_room_potter0_20": 0.1, "centre_pots_sparse20": 64.0, "centre_pots_potter0_20": 0.15}
[pair_J] {"steps": 2416640, "elapsed_s": 4978.8, "cramped_room_sparse20": 103.0, "cramped_room_potter0_20": 0.1, "centre_pots_sparse20": 63.0, "centre_pots_potter0_20": 0.15}
[pair_J] {"steps": 2418688, "elapsed_s": 4980.8, "cramped_room_sparse20": 103.0, "cramped_room_potter0_20": 0.05, "centre_pots_sparse20": 68.0, "centre_pots_potter0_20": 0.15}
[pair_J] {"steps": 2420736, "elapsed_s": 4982.4, "cramped_room_sparse20": 106.0, "cramped_room_potter0_20": 0.05, "centre_pots_sparse20": 63.0, "centre_pots_potter0_20": 0.2}
[pair_J] {"steps": 2422784, "elapsed_s": 4983.8, "cramped_room_sparse20": 111.0, "cramped_room_potter0_20": 0.05, "centre_pots_sparse20": 63.0, "centre_pots_potter0_20": 0.2}
[pair_J] {"steps": 2424832, "elapsed_s": 4985.3, "cramped_room_sparse20": 120.0, "cramped_room_potter0_20": 0.05, "centre_pots_sparse20": 63.0, "centre_pots_potter0_20": 0.2}
[pair_J] {"steps": 2426880, "elapsed_s": 4986.7, "cramped_room_sparse20": 125.0, "cramped_room_potter0_20": 0.1, "centre_pots_sparse20": 65.0, "centre_pots_potter0_20": 0.2}
[pair_J] {"steps": 2428928, "elapsed_s": 4988.8, "cramped_room_sparse20": 127.0, "cramped_room_potter0_20": 0.1, "centre_pots_sparse20": 62.0, "centre_pots_potter0_20": 0.25}
[pair_J] {"steps": 2430976, "elapsed_s": 4990.3, "cramped_room_sparse20": 126.0, "cramped_room_potter0_20": 0.1, "centre_pots_sparse20": 62.0, "centre_pots_potter0_20": 0.2}
[pair_J] {"steps": 2433024, "elapsed_s": 4992.3, "cramped_room_sparse20": 125.0, "cramped_room_potter0_20": 0.1, "centre_pots_sparse20": 58.0, "centre_pots_potter0_20": 0.2}
[pair_J] {"steps": 2435072, "elapsed_s": 4994.3, "cramped_room_sparse20": 125.0, "cramped_room_potter0_20": 0.1, "centre_pots_sparse20": 55.0, "centre_pots_potter0_20": 0.2}
[pair_J] {"steps": 2437120, "elapsed_s": 4995.9, "cramped_room_sparse20": 127.0, "cramped_room_potter0_20": 0.1, "centre_pots_sparse20": 56.0, "centre_pots_potter0_20": 0.2}
[pair_J] {"steps": 2439168, "elapsed_s": 4997.5, "cramped_room_sparse20": 128.0, "cramped_room_potter0_20": 0.05, "centre_pots_sparse20": 55.0, "centre_pots_potter0_20": 0.2}
[pair_J] {"steps": 2441216, "elapsed_s": 4999.3, "cramped_room_sparse20": 127.0, "cramped_room_potter0_20": 0.05, "centre_pots_sparse20": 57.0, "centre_pots_potter0_20": 0.3}
[pair_J] {"steps": 2443264, "elapsed_s": 5000.7, "cramped_room_sparse20": 129.0, "cramped_room_potter0_20": 0.05, "centre_pots_sparse20": 60.0, "centre_pots_potter0_20": 0.3}
[pair_J] {"steps": 2445312, "elapsed_s": 5002.3, "cramped_room_sparse20": 131.0, "cramped_room_potter0_20": 0.0, "centre_pots_sparse20": 62.0, "centre_pots_potter0_20": 0.3}
[pair_J] {"steps": 2447360, "elapsed_s": 5004.0, "cramped_room_sparse20": 133.0, "cramped_room_potter0_20": 0.0, "centre_pots_sparse20": 59.0, "centre_pots_potter0_20": 0.35}
[pair_J] {"steps": 2449408, "elapsed_s": 5005.6, "cramped_room_sparse20": 135.0, "cramped_room_potter0_20": 0.0, "centre_pots_sparse20": 63.0, "centre_pots_potter0_20": 0.35}
[pair_J] {"steps": 2451456, "elapsed_s": 5007.5, "cramped_room_sparse20": 136.0, "cramped_room_potter0_20": 0.0, "centre_pots_sparse20": 68.0, "centre_pots_potter0_20": 0.45}
[pair_J] {"steps": 2453504, "elapsed_s": 5008.8, "cramped_room_sparse20": 131.0, "cramped_room_potter0_20": 0.0, "centre_pots_sparse20": 64.0, "centre_pots_potter0_20": 0.5}
[pair_J] {"steps": 2455552, "elapsed_s": 5010.4, "cramped_room_sparse20": 132.0, "cramped_room_potter0_20": 0.0, "centre_pots_sparse20": 68.0, "centre_pots_potter0_20": 0.5}
[pair_J] {"steps": 2457600, "elapsed_s": 5012.4, "cramped_room_sparse20": 129.0, "cramped_room_potter0_20": 0.05, "centre_pots_sparse20": 72.0, "centre_pots_potter0_20": 0.55}
[pair_J] {"steps": 2459648, "elapsed_s": 5014.0, "cramped_room_sparse20": 128.0, "cramped_room_potter0_20": 0.1, "centre_pots_sparse20": 74.0, "centre_pots_potter0_20": 0.5}
[pair_J] {"steps": 2461696, "elapsed_s": 5015.9, "cramped_room_sparse20": 130.0, "cramped_room_potter0_20": 0.1, "centre_pots_sparse20": 70.0, "centre_pots_potter0_20": 0.45}
[pair_J] {"steps": 2463744, "elapsed_s": 5017.6, "cramped_room_sparse20": 128.0, "cramped_room_potter0_20": 0.1, "centre_pots_sparse20": 66.0, "centre_pots_potter0_20": 0.45}
[pair_J] {"steps": 2465792, "elapsed_s": 5019.1, "cramped_room_sparse20": 134.0, "cramped_room_potter0_20": 0.15, "centre_pots_sparse20": 67.0, "centre_pots_potter0_20": 0.45}
[pair_J] {"steps": 2467840, "elapsed_s": 5021.1, "cramped_room_sparse20": 136.0, "cramped_room_potter0_20": 0.15, "centre_pots_sparse20": 72.0, "centre_pots_potter0_20": 0.35}
[pair_J] {"steps": 2469888, "elapsed_s": 5022.6, "cramped_room_sparse20": 139.0, "cramped_room_potter0_20": 0.15, "centre_pots_sparse20": 73.0, "centre_pots_potter0_20": 0.25}
[pair_J] {"steps": 2471936, "elapsed_s": 5024.4, "cramped_room_sparse20": 143.0, "cramped_room_potter0_20": 0.2, "centre_pots_sparse20": 76.0, "centre_pots_potter0_20": 0.2}
[pair_J] {"steps": 2473984, "elapsed_s": 5026.4, "cramped_room_sparse20": 144.0, "cramped_room_potter0_20": 0.2, "centre_pots_sparse20": 77.0, "centre_pots_potter0_20": 0.05}
[pair_J] {"steps": 2476032, "elapsed_s": 5028.0, "cramped_room_sparse20": 144.0, "cramped_room_potter0_20": 0.15, "centre_pots_sparse20": 74.0, "centre_pots_potter0_20": 0.05}
[pair_J] {"steps": 2478080, "elapsed_s": 5030.0, "cramped_room_sparse20": 143.0, "cramped_room_potter0_20": 0.15, "centre_pots_sparse20": 77.0, "centre_pots_potter0_20": 0.1}
[pair_J] {"steps": 2480128, "elapsed_s": 5031.5, "cramped_room_sparse20": 143.0, "cramped_room_potter0_20": 0.1, "centre_pots_sparse20": 81.0, "centre_pots_potter0_20": 0.15}
[pair_J] {"steps": 2482176, "elapsed_s": 5033.0, "cramped_room_sparse20": 137.0, "cramped_room_potter0_20": 0.2, "centre_pots_sparse20": 84.0, "centre_pots_potter0_20": 0.15}
[pair_J] {"steps": 2484224, "elapsed_s": 5035.0, "cramped_room_sparse20": 135.0, "cramped_room_potter0_20": 0.2, "centre_pots_sparse20": 83.0, "centre_pots_potter0_20": 0.2}
[pair_J] {"steps": 2486272, "elapsed_s": 5036.8, "cramped_room_sparse20": 133.0, "cramped_room_potter0_20": 0.2, "centre_pots_sparse20": 81.0, "centre_pots_potter0_20": 0.25}
[pair_J] {"steps": 2488320, "elapsed_s": 5038.5, "cramped_room_sparse20": 134.0, "cramped_room_potter0_20": 0.15, "centre_pots_sparse20": 82.0, "centre_pots_potter0_20": 0.25}
[pair_J] {"steps": 2490368, "elapsed_s": 5040.1, "cramped_room_sparse20": 134.0, "cramped_room_potter0_20": 0.2, "centre_pots_sparse20": 83.0, "centre_pots_potter0_20": 0.3}
[pair_J] {"steps": 2492416, "elapsed_s": 5042.3, "cramped_room_sparse20": 134.0, "cramped_room_potter0_20": 0.2, "centre_pots_sparse20": 85.0, "centre_pots_potter0_20": 0.3}
[pair_J] {"steps": 2494464, "elapsed_s": 5043.9, "cramped_room_sparse20": 127.0, "cramped_room_potter0_20": 0.2, "centre_pots_sparse20": 85.0, "centre_pots_potter0_20": 0.2}
[pair_J] {"steps": 2496512, "elapsed_s": 5045.8, "cramped_room_sparse20": 116.0, "cramped_room_potter0_20": 0.2, "centre_pots_sparse20": 81.0, "centre_pots_potter0_20": 0.15}
[pair_J] {"steps": 2498560, "elapsed_s": 5047.7, "cramped_room_sparse20": 112.0, "cramped_room_potter0_20": 0.25, "centre_pots_sparse20": 78.0, "centre_pots_potter0_20": 0.1}
[pair_J] {"steps": 2500608, "elapsed_s": 5049.4, "cramped_room_sparse20": 104.0, "cramped_room_potter0_20": 0.25, "centre_pots_sparse20": 81.0, "centre_pots_potter0_20": 0.1}
[pair_J] {"steps": 2502656, "elapsed_s": 5051.2, "cramped_room_sparse20": 86.0, "cramped_room_potter0_20": 0.3, "centre_pots_sparse20": 79.0, "centre_pots_potter0_20": 0.1}
[pair_J] {"steps": 2504704, "elapsed_s": 5053.0, "cramped_room_sparse20": 74.0, "cramped_room_potter0_20": 0.3, "centre_pots_sparse20": 79.0, "centre_pots_potter0_20": 0.15}
[pair_J] {"steps": 2506752, "elapsed_s": 5054.6, "cramped_room_sparse20": 56.0, "cramped_room_potter0_20": 0.35, "centre_pots_sparse20": 76.0, "centre_pots_potter0_20": 0.2}
[pair_J] {"steps": 2508800, "elapsed_s": 5056.5, "cramped_room_sparse20": 48.0, "cramped_room_potter0_20": 0.4, "centre_pots_sparse20": 66.0, "centre_pots_potter0_20": 0.2}
[pair_J] {"steps": 2510848, "elapsed_s": 5058.2, "cramped_room_sparse20": 40.0, "cramped_room_potter0_20": 0.5, "centre_pots_sparse20": 65.0, "centre_pots_potter0_20": 0.2}
[pair_J] {"steps": 2512896, "elapsed_s": 5059.7, "cramped_room_sparse20": 35.0, "cramped_room_potter0_20": 0.55, "centre_pots_sparse20": 64.0, "centre_pots_potter0_20": 0.2}
[pair_J] {"steps": 2514944, "elapsed_s": 5061.1, "cramped_room_sparse20": 28.0, "cramped_room_potter0_20": 0.5, "centre_pots_sparse20": 64.0, "centre_pots_potter0_20": 0.2}
[pair_J] {"steps": 2516992, "elapsed_s": 5062.8, "cramped_room_sparse20": 33.0, "cramped_room_potter0_20": 0.55, "centre_pots_sparse20": 64.0, "centre_pots_potter0_20": 0.25}
[pair_J] {"steps": 2519040, "elapsed_s": 5064.4, "cramped_room_sparse20": 38.0, "cramped_room_potter0_20": 0.45, "centre_pots_sparse20": 64.0, "centre_pots_potter0_20": 0.25}
[pair_J] {"steps": 2521088, "elapsed_s": 5065.8, "cramped_room_sparse20": 46.0, "cramped_room_potter0_20": 0.4, "centre_pots_sparse20": 64.0, "centre_pots_potter0_20": 0.3}
[pair_J] {"steps": 2523136, "elapsed_s": 5067.8, "cramped_room_sparse20": 48.0, "cramped_room_potter0_20": 0.35, "centre_pots_sparse20": 61.0, "centre_pots_potter0_20": 0.35}
[pair_J] {"steps": 2525184, "elapsed_s": 5069.8, "cramped_room_sparse20": 49.0, "cramped_room_potter0_20": 0.35, "centre_pots_sparse20": 65.0, "centre_pots_potter0_20": 0.25}
[pair_J] {"steps": 2527232, "elapsed_s": 5071.6, "cramped_room_sparse20": 57.0, "cramped_room_potter0_20": 0.4, "centre_pots_sparse20": 67.0, "centre_pots_potter0_20": 0.35}
[pair_J] {"steps": 2529280, "elapsed_s": 5073.2, "cramped_room_sparse20": 68.0, "cramped_room_potter0_20": 0.4, "centre_pots_sparse20": 67.0, "centre_pots_potter0_20": 0.4}
[pair_J] {"steps": 2531328, "elapsed_s": 5074.8, "cramped_room_sparse20": 73.0, "cramped_room_potter0_20": 0.35, "centre_pots_sparse20": 66.0, "centre_pots_potter0_20": 0.45}
[pair_J] {"steps": 2533376, "elapsed_s": 5076.9, "cramped_room_sparse20": 74.0, "cramped_room_potter0_20": 0.4, "centre_pots_sparse20": 67.0, "centre_pots_potter0_20": 0.55}
[pair_J] {"steps": 2535424, "elapsed_s": 5078.4, "cramped_room_sparse20": 79.0, "cramped_room_potter0_20": 0.45, "centre_pots_sparse20": 65.0, "centre_pots_potter0_20": 0.6}
[pair_J] {"steps": 2537472, "elapsed_s": 5080.0, "cramped_room_sparse20": 79.0, "cramped_room_potter0_20": 0.4, "centre_pots_sparse20": 65.0, "centre_pots_potter0_20": 0.6}
[pair_J] {"steps": 2539520, "elapsed_s": 5081.8, "cramped_room_sparse20": 82.0, "cramped_room_potter0_20": 0.45, "centre_pots_sparse20": 66.0, "centre_pots_potter0_20": 0.65}
[pair_J] {"steps": 2541568, "elapsed_s": 5083.4, "cramped_room_sparse20": 83.0, "cramped_room_potter0_20": 0.35, "centre_pots_sparse20": 69.0, "centre_pots_potter0_20": 0.65}
[pair_J] {"steps": 2543616, "elapsed_s": 5085.3, "cramped_room_sparse20": 85.0, "cramped_room_potter0_20": 0.3, "centre_pots_sparse20": 70.0, "centre_pots_potter0_20": 0.65}
[pair_J] {"steps": 2545664, "elapsed_s": 5086.8, "cramped_room_sparse20": 85.0, "cramped_room_potter0_20": 0.3, "centre_pots_sparse20": 69.0, "centre_pots_potter0_20": 0.7}
[pair_J] {"steps": 2547712, "elapsed_s": 5088.7, "cramped_room_sparse20": 87.0, "cramped_room_potter0_20": 0.25, "centre_pots_sparse20": 65.0, "centre_pots_potter0_20": 0.6}
[pair_J] {"steps": 2549760, "elapsed_s": 5090.4, "cramped_room_sparse20": 85.0, "cramped_room_potter0_20": 0.25, "centre_pots_sparse20": 61.0, "centre_pots_potter0_20": 0.45}
[pair_J] {"steps": 2551808, "elapsed_s": 5092.3, "cramped_room_sparse20": 85.0, "cramped_room_potter0_20": 0.15, "centre_pots_sparse20": 61.0, "centre_pots_potter0_20": 0.5}
[pair_J] {"steps": 2553856, "elapsed_s": 5093.8, "cramped_room_sparse20": 91.0, "cramped_room_potter0_20": 0.15, "centre_pots_sparse20": 58.0, "centre_pots_potter0_20": 0.5}
[pair_J] {"steps": 2555904, "elapsed_s": 5095.5, "cramped_room_sparse20": 96.0, "cramped_room_potter0_20": 0.1, "centre_pots_sparse20": 55.0, "centre_pots_potter0_20": 0.45}
[pair_J] {"steps": 2557952, "elapsed_s": 5097.4, "cramped_room_sparse20": 99.0, "cramped_room_potter0_20": 0.05, "centre_pots_sparse20": 57.0, "centre_pots_potter0_20": 0.45}
[pair_J] {"steps": 2560000, "elapsed_s": 5099.2, "cramped_room_sparse20": 103.0, "cramped_room_potter0_20": 0.1, "centre_pots_sparse20": 57.0, "centre_pots_potter0_20": 0.45}
[pair_J] {"steps": 2562048, "elapsed_s": 5101.2, "cramped_room_sparse20": 103.0, "cramped_room_potter0_20": 0.1, "centre_pots_sparse20": 64.0, "centre_pots_potter0_20": 0.4}
[pair_J] {"steps": 2564096, "elapsed_s": 5102.7, "cramped_room_sparse20": 108.0, "cramped_room_potter0_20": 0.1, "centre_pots_sparse20": 66.0, "centre_pots_potter0_20": 0.45}
[pair_J] {"steps": 2566144, "elapsed_s": 5104.8, "cramped_room_sparse20": 108.0, "cramped_room_potter0_20": 0.1, "centre_pots_sparse20": 69.0, "centre_pots_potter0_20": 0.35}
[pair_J] {"steps": 2568192, "elapsed_s": 5106.5, "cramped_room_sparse20": 113.0, "cramped_room_potter0_20": 0.15, "centre_pots_sparse20": 73.0, "centre_pots_potter0_20": 0.4}
[pair_J] {"steps": 2570240, "elapsed_s": 5108.4, "cramped_room_sparse20": 113.0, "cramped_room_potter0_20": 0.15, "centre_pots_sparse20": 78.0, "centre_pots_potter0_20": 0.4}
[pair_J] {"steps": 2572288, "elapsed_s": 5110.0, "cramped_room_sparse20": 113.0, "cramped_room_potter0_20": 0.1, "centre_pots_sparse20": 80.0, "centre_pots_potter0_20": 0.35}
[pair_J] {"steps": 2574336, "elapsed_s": 5111.8, "cramped_room_sparse20": 112.0, "cramped_room_potter0_20": 0.1, "centre_pots_sparse20": 80.0, "centre_pots_potter0_20": 0.45}
[pair_J] {"steps": 2576384, "elapsed_s": 5113.5, "cramped_room_sparse20": 115.0, "cramped_room_potter0_20": 0.1, "centre_pots_sparse20": 83.0, "centre_pots_potter0_20": 0.45}
[pair_J] {"steps": 2578432, "elapsed_s": 5115.6, "cramped_room_sparse20": 115.0, "cramped_room_potter0_20": 0.15, "centre_pots_sparse20": 84.0, "centre_pots_potter0_20": 0.35}
[pair_J] {"steps": 2580480, "elapsed_s": 5117.5, "cramped_room_sparse20": 115.0, "cramped_room_potter0_20": 0.2, "centre_pots_sparse20": 79.0, "centre_pots_potter0_20": 0.35}
[pair_J] {"steps": 2582528, "elapsed_s": 5119.0, "cramped_room_sparse20": 104.0, "cramped_room_potter0_20": 0.25, "centre_pots_sparse20": 84.0, "centre_pots_potter0_20": 0.35}
[pair_J] {"steps": 2584576, "elapsed_s": 5120.8, "cramped_room_sparse20": 102.0, "cramped_room_potter0_20": 0.3, "centre_pots_sparse20": 81.0, "centre_pots_potter0_20": 0.35}
[pair_J] {"steps": 2586624, "elapsed_s": 5122.4, "cramped_room_sparse20": 104.0, "cramped_room_potter0_20": 0.3, "centre_pots_sparse20": 79.0, "centre_pots_potter0_20": 0.35}
[pair_J] {"steps": 2588672, "elapsed_s": 5124.4, "cramped_room_sparse20": 104.0, "cramped_room_potter0_20": 0.3, "centre_pots_sparse20": 69.0, "centre_pots_potter0_20": 0.35}
[pair_J] {"steps": 2590720, "elapsed_s": 5126.3, "cramped_room_sparse20": 106.0, "cramped_room_potter0_20": 0.35, "centre_pots_sparse20": 65.0, "centre_pots_potter0_20": 0.4}
[pair_J] {"steps": 2592768, "elapsed_s": 5127.9, "cramped_room_sparse20": 103.0, "cramped_room_potter0_20": 0.4, "centre_pots_sparse20": 64.0, "centre_pots_potter0_20": 0.4}
[pair_J] {"steps": 2594816, "elapsed_s": 5129.5, "cramped_room_sparse20": 105.0, "cramped_room_potter0_20": 0.35, "centre_pots_sparse20": 60.0, "centre_pots_potter0_20": 0.4}
[pair_J] {"steps": 2596864, "elapsed_s": 5131.3, "cramped_room_sparse20": 109.0, "cramped_room_potter0_20": 0.3, "centre_pots_sparse20": 63.0, "centre_pots_potter0_20": 0.4}
[pair_J] {"steps": 2598912, "elapsed_s": 5133.2, "cramped_room_sparse20": 114.0, "cramped_room_potter0_20": 0.3, "centre_pots_sparse20": 62.0, "centre_pots_potter0_20": 0.45}
[pair_J] {"steps": 2600960, "elapsed_s": 5134.9, "cramped_room_sparse20": 119.0, "cramped_room_potter0_20": 0.25, "centre_pots_sparse20": 66.0, "centre_pots_potter0_20": 0.4}
[pair_J] {"steps": 2603008, "elapsed_s": 5136.8, "cramped_room_sparse20": 115.0, "cramped_room_potter0_20": 0.2, "centre_pots_sparse20": 71.0, "centre_pots_potter0_20": 0.35}
[pair_J] {"steps": 2605056, "elapsed_s": 5138.7, "cramped_room_sparse20": 119.0, "cramped_room_potter0_20": 0.25, "centre_pots_sparse20": 75.0, "centre_pots_potter0_20": 0.4}
[pair_J] {"steps": 2607104, "elapsed_s": 5140.7, "cramped_room_sparse20": 120.0, "cramped_room_potter0_20": 0.2, "centre_pots_sparse20": 77.0, "centre_pots_potter0_20": 0.4}
[pair_J] {"steps": 2609152, "elapsed_s": 5142.5, "cramped_room_sparse20": 125.0, "cramped_room_potter0_20": 0.15, "centre_pots_sparse20": 83.0, "centre_pots_potter0_20": 0.45}
[pair_J] {"steps": 2611200, "elapsed_s": 5144.4, "cramped_room_sparse20": 127.0, "cramped_room_potter0_20": 0.1, "centre_pots_sparse20": 84.0, "centre_pots_potter0_20": 0.45}
[pair_J] {"steps": 2613248, "elapsed_s": 5146.0, "cramped_room_sparse20": 124.0, "cramped_room_potter0_20": 0.1, "centre_pots_sparse20": 84.0, "centre_pots_potter0_20": 0.45}
[pair_J] {"steps": 2615296, "elapsed_s": 5148.0, "cramped_room_sparse20": 123.0, "cramped_room_potter0_20": 0.1, "centre_pots_sparse20": 86.0, "centre_pots_potter0_20": 0.45}
[pair_J] {"steps": 2617344, "elapsed_s": 5149.6, "cramped_room_sparse20": 128.0, "cramped_room_potter0_20": 0.05, "centre_pots_sparse20": 79.0, "centre_pots_potter0_20": 0.5}
[pair_J] {"steps": 2619392, "elapsed_s": 5151.5, "cramped_room_sparse20": 127.0, "cramped_room_potter0_20": 0.05, "centre_pots_sparse20": 76.0, "centre_pots_potter0_20": 0.55}
[pair_J] {"steps": 2621440, "elapsed_s": 5153.3, "cramped_room_sparse20": 126.0, "cramped_room_potter0_20": 0.0, "centre_pots_sparse20": 68.0, "centre_pots_potter0_20": 0.55}
[pair_J] {"steps": 2623488, "elapsed_s": 5155.2, "cramped_room_sparse20": 122.0, "cramped_room_potter0_20": 0.05, "centre_pots_sparse20": 74.0, "centre_pots_potter0_20": 0.5}
[pair_J] {"steps": 2625536, "elapsed_s": 5156.7, "cramped_room_sparse20": 118.0, "cramped_room_potter0_20": 0.1, "centre_pots_sparse20": 67.0, "centre_pots_potter0_20": 0.55}
[pair_J] {"steps": 2627584, "elapsed_s": 5158.6, "cramped_room_sparse20": 119.0, "cramped_room_potter0_20": 0.1, "centre_pots_sparse20": 63.0, "centre_pots_potter0_20": 0.55}
[pair_J] {"steps": 2629632, "elapsed_s": 5160.5, "cramped_room_sparse20": 124.0, "cramped_room_potter0_20": 0.15, "centre_pots_sparse20": 65.0, "centre_pots_potter0_20": 0.6}
[pair_J] {"steps": 2631680, "elapsed_s": 5162.6, "cramped_room_sparse20": 124.0, "cramped_room_potter0_20": 0.15, "centre_pots_sparse20": 65.0, "centre_pots_potter0_20": 0.55}
[pair_J] {"steps": 2633728, "elapsed_s": 5164.4, "cramped_room_sparse20": 126.0, "cramped_room_potter0_20": 0.15, "centre_pots_sparse20": 66.0, "centre_pots_potter0_20": 0.5}
[pair_J] {"steps": 2635776, "elapsed_s": 5166.0, "cramped_room_sparse20": 120.0, "cramped_room_potter0_20": 0.2, "centre_pots_sparse20": 68.0, "centre_pots_potter0_20": 0.45}
[pair_J] {"steps": 2637824, "elapsed_s": 5168.0, "cramped_room_sparse20": 120.0, "cramped_room_potter0_20": 0.2, "centre_pots_sparse20": 69.0, "centre_pots_potter0_20": 0.5}
[pair_J] {"steps": 2639872, "elapsed_s": 5169.9, "cramped_room_sparse20": 120.0, "cramped_room_potter0_20": 0.2, "centre_pots_sparse20": 69.0, "centre_pots_potter0_20": 0.4}
[pair_J] {"steps": 2641920, "elapsed_s": 5171.6, "cramped_room_sparse20": 120.0, "cramped_room_potter0_20": 0.15, "centre_pots_sparse20": 72.0, "centre_pots_potter0_20": 0.3}
[pair_J] {"steps": 2643968, "elapsed_s": 5173.0, "cramped_room_sparse20": 125.0, "cramped_room_potter0_20": 0.15, "centre_pots_sparse20": 75.0, "centre_pots_potter0_20": 0.25}
[pair_J] {"steps": 2646016, "elapsed_s": 5174.9, "cramped_room_sparse20": 122.0, "cramped_room_potter0_20": 0.15, "centre_pots_sparse20": 78.0, "centre_pots_potter0_20": 0.25}
[pair_J] {"steps": 2648064, "elapsed_s": 5176.8, "cramped_room_sparse20": 119.0, "cramped_room_potter0_20": 0.1, "centre_pots_sparse20": 83.0, "centre_pots_potter0_20": 0.15}
[pair_J] {"steps": 2650112, "elapsed_s": 5178.4, "cramped_room_sparse20": 120.0, "cramped_room_potter0_20": 0.15, "centre_pots_sparse20": 83.0, "centre_pots_potter0_20": 0.15}
[pair_J] {"steps": 2652160, "elapsed_s": 5180.2, "cramped_room_sparse20": 124.0, "cramped_room_potter0_20": 0.15, "centre_pots_sparse20": 82.0, "centre_pots_potter0_20": 0.15}
[pair_J] {"steps": 2654208, "elapsed_s": 5182.0, "cramped_room_sparse20": 124.0, "cramped_room_potter0_20": 0.15, "centre_pots_sparse20": 80.0, "centre_pots_potter0_20": 0.05}
[pair_J] {"steps": 2656256, "elapsed_s": 5183.6, "cramped_room_sparse20": 127.0, "cramped_room_potter0_20": 0.15, "centre_pots_sparse20": 72.0, "centre_pots_potter0_20": 0.05}
[pair_J] {"steps": 2658304, "elapsed_s": 5185.2, "cramped_room_sparse20": 128.0, "cramped_room_potter0_20": 0.2, "centre_pots_sparse20": 71.0, "centre_pots_potter0_20": 0.1}
[pair_J] {"steps": 2660352, "elapsed_s": 5186.6, "cramped_room_sparse20": 123.0, "cramped_room_potter0_20": 0.15, "centre_pots_sparse20": 66.0, "centre_pots_potter0_20": 0.15}
[pair_J] {"steps": 2662400, "elapsed_s": 5188.0, "cramped_room_sparse20": 123.0, "cramped_room_potter0_20": 0.1, "centre_pots_sparse20": 66.0, "centre_pots_potter0_20": 0.15}
[pair_J] {"steps": 2664448, "elapsed_s": 5189.7, "cramped_room_sparse20": 123.0, "cramped_room_potter0_20": 0.05, "centre_pots_sparse20": 61.0, "centre_pots_potter0_20": 0.2}
[pair_J] {"steps": 2666496, "elapsed_s": 5191.4, "cramped_room_sparse20": 124.0, "cramped_room_potter0_20": 0.05, "centre_pots_sparse20": 59.0, "centre_pots_potter0_20": 0.3}
[pair_J] {"steps": 2668544, "elapsed_s": 5193.5, "cramped_room_sparse20": 124.0, "cramped_room_potter0_20": 0.05, "centre_pots_sparse20": 53.0, "centre_pots_potter0_20": 0.4}
[pair_J] {"steps": 2670592, "elapsed_s": 5195.5, "cramped_room_sparse20": 124.0, "cramped_room_potter0_20": 0.05, "centre_pots_sparse20": 51.0, "centre_pots_potter0_20": 0.55}
[pair_J] {"steps": 2672640, "elapsed_s": 5197.6, "cramped_room_sparse20": 123.0, "cramped_room_potter0_20": 0.05, "centre_pots_sparse20": 52.0, "centre_pots_potter0_20": 0.55}
[pair_J] {"steps": 2674688, "elapsed_s": 5199.6, "cramped_room_sparse20": 123.0, "cramped_room_potter0_20": 0.0, "centre_pots_sparse20": 56.0, "centre_pots_potter0_20": 0.5}
[pair_J] {"steps": 2676736, "elapsed_s": 5201.3, "cramped_room_sparse20": 121.0, "cramped_room_potter0_20": 0.1, "centre_pots_sparse20": 61.0, "centre_pots_potter0_20": 0.45}
[pair_J] {"steps": 2678784, "elapsed_s": 5202.9, "cramped_room_sparse20": 123.0, "cramped_room_potter0_20": 0.1, "centre_pots_sparse20": 58.0, "centre_pots_potter0_20": 0.4}
[pair_J] {"steps": 2680832, "elapsed_s": 5204.5, "cramped_room_sparse20": 124.0, "cramped_room_potter0_20": 0.15, "centre_pots_sparse20": 62.0, "centre_pots_potter0_20": 0.45}
[pair_J] {"steps": 2682880, "elapsed_s": 5206.1, "cramped_room_sparse20": 121.0, "cramped_room_potter0_20": 0.15, "centre_pots_sparse20": 63.0, "centre_pots_potter0_20": 0.45}
[pair_J] {"steps": 2684928, "elapsed_s": 5207.8, "cramped_room_sparse20": 123.0, "cramped_room_potter0_20": 0.15, "centre_pots_sparse20": 67.0, "centre_pots_potter0_20": 0.4}
[pair_J] {"steps": 2686976, "elapsed_s": 5209.7, "cramped_room_sparse20": 124.0, "cramped_room_potter0_20": 0.2, "centre_pots_sparse20": 68.0, "centre_pots_potter0_20": 0.35}
[pair_J] {"steps": 2689024, "elapsed_s": 5211.3, "cramped_room_sparse20": 126.0, "cramped_room_potter0_20": 0.15, "centre_pots_sparse20": 73.0, "centre_pots_potter0_20": 0.35}
[pair_J] {"steps": 2691072, "elapsed_s": 5213.1, "cramped_room_sparse20": 126.0, "cramped_room_potter0_20": 0.1, "centre_pots_sparse20": 79.0, "centre_pots_potter0_20": 0.4}
[pair_J] {"steps": 2693120, "elapsed_s": 5215.1, "cramped_room_sparse20": 126.0, "cramped_room_potter0_20": 0.1, "centre_pots_sparse20": 79.0, "centre_pots_potter0_20": 0.45}
[pair_J] {"steps": 2695168, "elapsed_s": 5217.1, "cramped_room_sparse20": 126.0, "cramped_room_potter0_20": 0.1, "centre_pots_sparse20": 80.0, "centre_pots_potter0_20": 0.4}
[pair_J] {"steps": 2697216, "elapsed_s": 5219.1, "cramped_room_sparse20": 124.0, "cramped_room_potter0_20": 0.05, "centre_pots_sparse20": 75.0, "centre_pots_potter0_20": 0.3}
[pair_J] {"steps": 2699264, "elapsed_s": 5220.9, "cramped_room_sparse20": 123.0, "cramped_room_potter0_20": 0.05, "centre_pots_sparse20": 68.0, "centre_pots_potter0_20": 0.3}
[pair_J] {"steps": 2701312, "elapsed_s": 5222.6, "cramped_room_sparse20": 125.0, "cramped_room_potter0_20": 0.05, "centre_pots_sparse20": 66.0, "centre_pots_potter0_20": 0.3}
[pair_J] {"steps": 2703360, "elapsed_s": 5224.7, "cramped_room_sparse20": 121.0, "cramped_room_potter0_20": 0.05, "centre_pots_sparse20": 61.0, "centre_pots_potter0_20": 0.3}
[pair_J] {"steps": 2705408, "elapsed_s": 5226.8, "cramped_room_sparse20": 119.0, "cramped_room_potter0_20": 0.0, "centre_pots_sparse20": 58.0, "centre_pots_potter0_20": 0.2}
[pair_J] {"steps": 2707456, "elapsed_s": 5228.5, "cramped_room_sparse20": 118.0, "cramped_room_potter0_20": 0.0, "centre_pots_sparse20": 62.0, "centre_pots_potter0_20": 0.2}
[pair_J] {"steps": 2709504, "elapsed_s": 5230.2, "cramped_room_sparse20": 118.0, "cramped_room_potter0_20": 0.0, "centre_pots_sparse20": 62.0, "centre_pots_potter0_20": 0.2}
[pair_J] {"steps": 2711552, "elapsed_s": 5232.1, "cramped_room_sparse20": 118.0, "cramped_room_potter0_20": 0.0, "centre_pots_sparse20": 54.0, "centre_pots_potter0_20": 0.25}
[pair_J] {"steps": 2713600, "elapsed_s": 5234.0, "cramped_room_sparse20": 117.0, "cramped_room_potter0_20": 0.0, "centre_pots_sparse20": 56.0, "centre_pots_potter0_20": 0.2}
[pair_J] {"steps": 2715648, "elapsed_s": 5236.0, "cramped_room_sparse20": 115.0, "cramped_room_potter0_20": 0.0, "centre_pots_sparse20": 62.0, "centre_pots_potter0_20": 0.2}
[pair_J] {"steps": 2717696, "elapsed_s": 5238.1, "cramped_room_sparse20": 115.0, "cramped_room_potter0_20": 0.0, "centre_pots_sparse20": 63.0, "centre_pots_potter0_20": 0.25}
[pair_J] {"steps": 2719744, "elapsed_s": 5239.9, "cramped_room_sparse20": 112.0, "cramped_room_potter0_20": 0.0, "centre_pots_sparse20": 61.0, "centre_pots_potter0_20": 0.3}
[pair_J] {"steps": 2721792, "elapsed_s": 5241.5, "cramped_room_sparse20": 112.0, "cramped_room_potter0_20": 0.0, "centre_pots_sparse20": 62.0, "centre_pots_potter0_20": 0.3}
[pair_J] {"steps": 2723840, "elapsed_s": 5243.5, "cramped_room_sparse20": 109.0, "cramped_room_potter0_20": 0.0, "centre_pots_sparse20": 64.0, "centre_pots_potter0_20": 0.3}
[pair_J] {"steps": 2725888, "elapsed_s": 5245.5, "cramped_room_sparse20": 108.0, "cramped_room_potter0_20": 0.0, "centre_pots_sparse20": 69.0, "centre_pots_potter0_20": 0.35}
[pair_J] {"steps": 2727936, "elapsed_s": 5247.3, "cramped_room_sparse20": 108.0, "cramped_room_potter0_20": 0.0, "centre_pots_sparse20": 67.0, "centre_pots_potter0_20": 0.3}
[pair_J] {"steps": 2729984, "elapsed_s": 5248.9, "cramped_room_sparse20": 107.0, "cramped_room_potter0_20": 0.0, "centre_pots_sparse20": 67.0, "centre_pots_potter0_20": 0.3}
[pair_J] {"steps": 2732032, "elapsed_s": 5250.8, "cramped_room_sparse20": 109.0, "cramped_room_potter0_20": 0.05, "centre_pots_sparse20": 61.0, "centre_pots_potter0_20": 0.3}
[pair_J] {"steps": 2734080, "elapsed_s": 5252.5, "cramped_room_sparse20": 113.0, "cramped_room_potter0_20": 0.05, "centre_pots_sparse20": 54.0, "centre_pots_potter0_20": 0.25}
[pair_J] {"steps": 2736128, "elapsed_s": 5254.4, "cramped_room_sparse20": 119.0, "cramped_room_potter0_20": 0.05, "centre_pots_sparse20": 46.0, "centre_pots_potter0_20": 0.25}
[pair_J] {"steps": 2738176, "elapsed_s": 5255.7, "cramped_room_sparse20": 116.0, "cramped_room_potter0_20": 0.1, "centre_pots_sparse20": 50.0, "centre_pots_potter0_20": 0.3}
[pair_J] {"steps": 2740224, "elapsed_s": 5257.4, "cramped_room_sparse20": 124.0, "cramped_room_potter0_20": 0.1, "centre_pots_sparse20": 51.0, "centre_pots_potter0_20": 0.25}
[pair_J] {"steps": 2742272, "elapsed_s": 5259.0, "cramped_room_sparse20": 126.0, "cramped_room_potter0_20": 0.15, "centre_pots_sparse20": 48.0, "centre_pots_potter0_20": 0.25}
[pair_J] {"steps": 2744320, "elapsed_s": 5260.9, "cramped_room_sparse20": 128.0, "cramped_room_potter0_20": 0.15, "centre_pots_sparse20": 43.0, "centre_pots_potter0_20": 0.15}
[pair_J] {"steps": 2746368, "elapsed_s": 5262.4, "cramped_room_sparse20": 127.0, "cramped_room_potter0_20": 0.1, "centre_pots_sparse20": 43.0, "centre_pots_potter0_20": 0.15}
[pair_J] {"steps": 2748416, "elapsed_s": 5264.3, "cramped_room_sparse20": 126.0, "cramped_room_potter0_20": 0.15, "centre_pots_sparse20": 47.0, "centre_pots_potter0_20": 0.15}
[pair_J] {"steps": 2750464, "elapsed_s": 5266.0, "cramped_room_sparse20": 127.0, "cramped_room_potter0_20": 0.15, "centre_pots_sparse20": 45.0, "centre_pots_potter0_20": 0.25}
[pair_J] {"steps": 2752512, "elapsed_s": 5267.6, "cramped_room_sparse20": 129.0, "cramped_room_potter0_20": 0.1, "centre_pots_sparse20": 50.0, "centre_pots_potter0_20": 0.25}
[pair_J] {"steps": 2754560, "elapsed_s": 5269.6, "cramped_room_sparse20": 125.0, "cramped_room_potter0_20": 0.1, "centre_pots_sparse20": 59.0, "centre_pots_potter0_20": 0.35}
[pair_J] {"steps": 2756608, "elapsed_s": 5271.6, "cramped_room_sparse20": 125.0, "cramped_room_potter0_20": 0.1, "centre_pots_sparse20": 63.0, "centre_pots_potter0_20": 0.35}
[pair_J] {"steps": 2758656, "elapsed_s": 5273.5, "cramped_room_sparse20": 125.0, "cramped_room_potter0_20": 0.05, "centre_pots_sparse20": 61.0, "centre_pots_potter0_20": 0.4}
[pair_J] {"steps": 2760704, "elapsed_s": 5275.2, "cramped_room_sparse20": 124.0, "cramped_room_potter0_20": 0.1, "centre_pots_sparse20": 61.0, "centre_pots_potter0_20": 0.5}
[pair_J] {"steps": 2762752, "elapsed_s": 5277.1, "cramped_room_sparse20": 120.0, "cramped_room_potter0_20": 0.1, "centre_pots_sparse20": 64.0, "centre_pots_potter0_20": 0.5}
[pair_J] {"steps": 2764800, "elapsed_s": 5278.5, "cramped_room_sparse20": 116.0, "cramped_room_potter0_20": 0.15, "centre_pots_sparse20": 65.0, "centre_pots_potter0_20": 0.55}
[pair_J] {"steps": 2766848, "elapsed_s": 5280.5, "cramped_room_sparse20": 118.0, "cramped_room_potter0_20": 0.1, "centre_pots_sparse20": 64.0, "centre_pots_potter0_20": 0.65}
[pair_J] {"steps": 2768896, "elapsed_s": 5281.9, "cramped_room_sparse20": 115.0, "cramped_room_potter0_20": 0.1, "centre_pots_sparse20": 61.0, "centre_pots_potter0_20": 0.65}
[pair_J] {"steps": 2770944, "elapsed_s": 5283.6, "cramped_room_sparse20": 113.0, "cramped_room_potter0_20": 0.1, "centre_pots_sparse20": 63.0, "centre_pots_potter0_20": 0.7}
[pair_J] {"steps": 2772992, "elapsed_s": 5285.0, "cramped_room_sparse20": 112.0, "cramped_room_potter0_20": 0.1, "centre_pots_sparse20": 63.0, "centre_pots_potter0_20": 0.75}
[pair_J] {"steps": 2775040, "elapsed_s": 5286.6, "cramped_room_sparse20": 117.0, "cramped_room_potter0_20": 0.05, "centre_pots_sparse20": 64.0, "centre_pots_potter0_20": 0.75}
[pair_J] {"steps": 2777088, "elapsed_s": 5288.4, "cramped_room_sparse20": 118.0, "cramped_room_potter0_20": 0.05, "centre_pots_sparse20": 63.0, "centre_pots_potter0_20": 0.75}
[pair_J] {"steps": 2779136, "elapsed_s": 5289.9, "cramped_room_sparse20": 119.0, "cramped_room_potter0_20": 0.0, "centre_pots_sparse20": 62.0, "centre_pots_potter0_20": 0.7}
[pair_J] {"steps": 2781184, "elapsed_s": 5291.4, "cramped_room_sparse20": 120.0, "cramped_room_potter0_20": 0.0, "centre_pots_sparse20": 62.0, "centre_pots_potter0_20": 0.7}
[pair_J] {"steps": 2783232, "elapsed_s": 5293.1, "cramped_room_sparse20": 124.0, "cramped_room_potter0_20": 0.05, "centre_pots_sparse20": 64.0, "centre_pots_potter0_20": 0.65}
[pair_J] {"steps": 2785280, "elapsed_s": 5295.0, "cramped_room_sparse20": 127.0, "cramped_room_potter0_20": 0.05, "centre_pots_sparse20": 65.0, "centre_pots_potter0_20": 0.55}
[pair_J] {"steps": 2787328, "elapsed_s": 5296.6, "cramped_room_sparse20": 127.0, "cramped_room_potter0_20": 0.05, "centre_pots_sparse20": 71.0, "centre_pots_potter0_20": 0.5}
[pair_J] {"steps": 2789376, "elapsed_s": 5298.5, "cramped_room_sparse20": 127.0, "cramped_room_potter0_20": 0.05, "centre_pots_sparse20": 66.0, "centre_pots_potter0_20": 0.4}
[pair_J] {"steps": 2791424, "elapsed_s": 5300.2, "cramped_room_sparse20": 126.0, "cramped_room_potter0_20": 0.05, "centre_pots_sparse20": 67.0, "centre_pots_potter0_20": 0.3}
[pair_J] {"steps": 2793472, "elapsed_s": 5301.9, "cramped_room_sparse20": 126.0, "cramped_room_potter0_20": 0.1, "centre_pots_sparse20": 68.0, "centre_pots_potter0_20": 0.35}
[pair_J] {"steps": 2795520, "elapsed_s": 5303.3, "cramped_room_sparse20": 127.0, "cramped_room_potter0_20": 0.1, "centre_pots_sparse20": 71.0, "centre_pots_potter0_20": 0.3}
[pair_J] {"steps": 2797568, "elapsed_s": 5305.0, "cramped_room_sparse20": 128.0, "cramped_room_potter0_20": 0.1, "centre_pots_sparse20": 70.0, "centre_pots_potter0_20": 0.35}
[pair_J] {"steps": 2799616, "elapsed_s": 5306.9, "cramped_room_sparse20": 128.0, "cramped_room_potter0_20": 0.1, "centre_pots_sparse20": 69.0, "centre_pots_potter0_20": 0.4}
[pair_J] {"steps": 2801664, "elapsed_s": 5308.7, "cramped_room_sparse20": 125.0, "cramped_room_potter0_20": 0.05, "centre_pots_sparse20": 65.0, "centre_pots_potter0_20": 0.4}
[pair_J] {"steps": 2803712, "elapsed_s": 5310.3, "cramped_room_sparse20": 123.0, "cramped_room_potter0_20": 0.1, "centre_pots_sparse20": 70.0, "centre_pots_potter0_20": 0.4}
[pair_J] {"steps": 2805760, "elapsed_s": 5312.0, "cramped_room_sparse20": 116.0, "cramped_room_potter0_20": 0.1, "centre_pots_sparse20": 70.0, "centre_pots_potter0_20": 0.35}
[pair_J] {"steps": 2807808, "elapsed_s": 5313.6, "cramped_room_sparse20": 119.0, "cramped_room_potter0_20": 0.1, "centre_pots_sparse20": 70.0, "centre_pots_potter0_20": 0.45}
[pair_J] {"steps": 2809856, "elapsed_s": 5315.0, "cramped_room_sparse20": 119.0, "cramped_room_potter0_20": 0.05, "centre_pots_sparse20": 70.0, "centre_pots_potter0_20": 0.45}
[pair_J] {"steps": 2811904, "elapsed_s": 5316.8, "cramped_room_sparse20": 120.0, "cramped_room_potter0_20": 0.05, "centre_pots_sparse20": 64.0, "centre_pots_potter0_20": 0.4}
[pair_J] {"steps": 2813952, "elapsed_s": 5318.3, "cramped_room_sparse20": 118.0, "cramped_room_potter0_20": 0.1, "centre_pots_sparse20": 66.0, "centre_pots_potter0_20": 0.4}
[pair_J] {"steps": 2816000, "elapsed_s": 5320.1, "cramped_room_sparse20": 117.0, "cramped_room_potter0_20": 0.05, "centre_pots_sparse20": 64.0, "centre_pots_potter0_20": 0.35}
[pair_J] {"steps": 2818048, "elapsed_s": 5321.6, "cramped_room_sparse20": 120.0, "cramped_room_potter0_20": 0.05, "centre_pots_sparse20": 64.0, "centre_pots_potter0_20": 0.3}
[pair_J] {"steps": 2820096, "elapsed_s": 5323.3, "cramped_room_sparse20": 117.0, "cramped_room_potter0_20": 0.05, "centre_pots_sparse20": 67.0, "centre_pots_potter0_20": 0.3}
[pair_J] {"steps": 2822144, "elapsed_s": 5324.7, "cramped_room_sparse20": 115.0, "cramped_room_potter0_20": 0.05, "centre_pots_sparse20": 66.0, "centre_pots_potter0_20": 0.25}
[pair_J] {"steps": 2824192, "elapsed_s": 5326.7, "cramped_room_sparse20": 115.0, "cramped_room_potter0_20": 0.05, "centre_pots_sparse20": 54.0, "centre_pots_potter0_20": 0.4}
[pair_J] {"steps": 2826240, "elapsed_s": 5328.2, "cramped_room_sparse20": 117.0, "cramped_room_potter0_20": 0.05, "centre_pots_sparse20": 51.0, "centre_pots_potter0_20": 0.5}
[pair_J] {"steps": 2828288, "elapsed_s": 5329.7, "cramped_room_sparse20": 118.0, "cramped_room_potter0_20": 0.05, "centre_pots_sparse20": 51.0, "centre_pots_potter0_20": 0.5}
[pair_J] {"steps": 2830336, "elapsed_s": 5331.7, "cramped_room_sparse20": 121.0, "cramped_room_potter0_20": 0.05, "centre_pots_sparse20": 50.0, "centre_pots_potter0_20": 0.4}
[pair_J] {"steps": 2832384, "elapsed_s": 5333.4, "cramped_room_sparse20": 120.0, "cramped_room_potter0_20": 0.05, "centre_pots_sparse20": 53.0, "centre_pots_potter0_20": 0.4}
[pair_J] {"steps": 2834432, "elapsed_s": 5335.2, "cramped_room_sparse20": 117.0, "cramped_room_potter0_20": 0.05, "centre_pots_sparse20": 52.0, "centre_pots_potter0_20": 0.35}
[pair_J] {"steps": 2836480, "elapsed_s": 5336.9, "cramped_room_sparse20": 110.0, "cramped_room_potter0_20": 0.05, "centre_pots_sparse20": 43.0, "centre_pots_potter0_20": 0.35}
[pair_J] {"steps": 2838528, "elapsed_s": 5338.4, "cramped_room_sparse20": 112.0, "cramped_room_potter0_20": 0.05, "centre_pots_sparse20": 43.0, "centre_pots_potter0_20": 0.35}
[pair_J] {"steps": 2840576, "elapsed_s": 5340.1, "cramped_room_sparse20": 111.0, "cramped_room_potter0_20": 0.05, "centre_pots_sparse20": 34.0, "centre_pots_potter0_20": 0.4}
[pair_J] {"steps": 2842624, "elapsed_s": 5342.0, "cramped_room_sparse20": 110.0, "cramped_room_potter0_20": 0.05, "centre_pots_sparse20": 33.0, "centre_pots_potter0_20": 0.3}
[pair_J] {"steps": 2844672, "elapsed_s": 5343.8, "cramped_room_sparse20": 111.0, "cramped_room_potter0_20": 0.05, "centre_pots_sparse20": 26.0, "centre_pots_potter0_20": 0.25}
[pair_J] {"steps": 2846720, "elapsed_s": 5345.8, "cramped_room_sparse20": 107.0, "cramped_room_potter0_20": 0.05, "centre_pots_sparse20": 24.0, "centre_pots_potter0_20": 0.25}
[pair_J] {"steps": 2848768, "elapsed_s": 5347.5, "cramped_room_sparse20": 101.0, "cramped_room_potter0_20": 0.05, "centre_pots_sparse20": 15.0, "centre_pots_potter0_20": 0.3}
[pair_J] {"steps": 2850816, "elapsed_s": 5349.4, "cramped_room_sparse20": 105.0, "cramped_room_potter0_20": 0.1, "centre_pots_sparse20": 15.0, "centre_pots_potter0_20": 0.35}
[pair_J] {"steps": 2852864, "elapsed_s": 5351.3, "cramped_room_sparse20": 104.0, "cramped_room_potter0_20": 0.15, "centre_pots_sparse20": 19.0, "centre_pots_potter0_20": 0.3}
[pair_J] {"steps": 2854912, "elapsed_s": 5353.3, "cramped_room_sparse20": 105.0, "cramped_room_potter0_20": 0.2, "centre_pots_sparse20": 23.0, "centre_pots_potter0_20": 0.3}
[pair_J] {"steps": 2856960, "elapsed_s": 5354.9, "cramped_room_sparse20": 101.0, "cramped_room_potter0_20": 0.2, "centre_pots_sparse20": 28.0, "centre_pots_potter0_20": 0.25}
[pair_J] {"steps": 2859008, "elapsed_s": 5357.1, "cramped_room_sparse20": 101.0, "cramped_room_potter0_20": 0.2, "centre_pots_sparse20": 35.0, "centre_pots_potter0_20": 0.25}
[pair_J] {"steps": 2861056, "elapsed_s": 5358.9, "cramped_room_sparse20": 101.0, "cramped_room_potter0_20": 0.15, "centre_pots_sparse20": 46.0, "centre_pots_potter0_20": 0.2}
[pair_J] {"steps": 2863104, "elapsed_s": 5360.7, "cramped_room_sparse20": 102.0, "cramped_room_potter0_20": 0.15, "centre_pots_sparse20": 56.0, "centre_pots_potter0_20": 0.2}
[pair_J] {"steps": 2865152, "elapsed_s": 5362.7, "cramped_room_sparse20": 98.0, "cramped_room_potter0_20": 0.15, "centre_pots_sparse20": 62.0, "centre_pots_potter0_20": 0.2}
[pair_J] {"steps": 2867200, "elapsed_s": 5364.5, "cramped_room_sparse20": 96.0, "cramped_room_potter0_20": 0.15, "centre_pots_sparse20": 66.0, "centre_pots_potter0_20": 0.3}
[pair_J] {"steps": 2869248, "elapsed_s": 5366.1, "cramped_room_sparse20": 104.0, "cramped_room_potter0_20": 0.15, "centre_pots_sparse20": 63.0, "centre_pots_potter0_20": 0.35}
[pair_J] {"steps": 2871296, "elapsed_s": 5367.6, "cramped_room_sparse20": 105.0, "cramped_room_potter0_20": 0.1, "centre_pots_sparse20": 65.0, "centre_pots_potter0_20": 0.3}
[pair_J] {"steps": 2873344, "elapsed_s": 5369.3, "cramped_room_sparse20": 100.0, "cramped_room_potter0_20": 0.0, "centre_pots_sparse20": 62.0, "centre_pots_potter0_20": 0.35}
[pair_J] {"steps": 2875392, "elapsed_s": 5371.2, "cramped_room_sparse20": 97.0, "cramped_room_potter0_20": 0.0, "centre_pots_sparse20": 60.0, "centre_pots_potter0_20": 0.4}
[pair_J] {"steps": 2877440, "elapsed_s": 5373.0, "cramped_room_sparse20": 97.0, "cramped_room_potter0_20": 0.0, "centre_pots_sparse20": 57.0, "centre_pots_potter0_20": 0.5}
[pair_J] {"steps": 2879488, "elapsed_s": 5374.5, "cramped_room_sparse20": 99.0, "cramped_room_potter0_20": 0.0, "centre_pots_sparse20": 54.0, "centre_pots_potter0_20": 0.5}
[pair_J] {"steps": 2881536, "elapsed_s": 5376.1, "cramped_room_sparse20": 102.0, "cramped_room_potter0_20": 0.05, "centre_pots_sparse20": 52.0, "centre_pots_potter0_20": 0.5}
[pair_J] {"steps": 2883584, "elapsed_s": 5378.1, "cramped_room_sparse20": 100.0, "cramped_room_potter0_20": 0.05, "centre_pots_sparse20": 45.0, "centre_pots_potter0_20": 0.4}
[pair_J] {"steps": 2885632, "elapsed_s": 5380.2, "cramped_room_sparse20": 100.0, "cramped_room_potter0_20": 0.05, "centre_pots_sparse20": 55.0, "centre_pots_potter0_20": 0.4}
[pair_J] {"steps": 2887680, "elapsed_s": 5382.2, "cramped_room_sparse20": 98.0, "cramped_room_potter0_20": 0.05, "centre_pots_sparse20": 62.0, "centre_pots_potter0_20": 0.5}
[pair_J] {"steps": 2889728, "elapsed_s": 5383.8, "cramped_room_sparse20": 98.0, "cramped_room_potter0_20": 0.05, "centre_pots_sparse20": 63.0, "centre_pots_potter0_20": 0.5}
[pair_J] {"steps": 2891776, "elapsed_s": 5385.2, "cramped_room_sparse20": 102.0, "cramped_room_potter0_20": 0.05, "centre_pots_sparse20": 63.0, "centre_pots_potter0_20": 0.5}
[pair_J] {"steps": 2893824, "elapsed_s": 5386.8, "cramped_room_sparse20": 100.0, "cramped_room_potter0_20": 0.05, "centre_pots_sparse20": 66.0, "centre_pots_potter0_20": 0.5}
[pair_J] {"steps": 2895872, "elapsed_s": 5388.9, "cramped_room_sparse20": 101.0, "cramped_room_potter0_20": 0.05, "centre_pots_sparse20": 67.0, "centre_pots_potter0_20": 0.55}
[pair_J] {"steps": 2897920, "elapsed_s": 5390.3, "cramped_room_sparse20": 100.0, "cramped_room_potter0_20": 0.0, "centre_pots_sparse20": 73.0, "centre_pots_potter0_20": 0.55}
[pair_J] {"steps": 2899968, "elapsed_s": 5392.1, "cramped_room_sparse20": 97.0, "cramped_room_potter0_20": 0.0, "centre_pots_sparse20": 76.0, "centre_pots_potter0_20": 0.6}
[pair_J] {"steps": 2902016, "elapsed_s": 5394.1, "cramped_room_sparse20": 97.0, "cramped_room_potter0_20": 0.0, "centre_pots_sparse20": 74.0, "centre_pots_potter0_20": 0.45}
[pair_J] {"steps": 2904064, "elapsed_s": 5395.6, "cramped_room_sparse20": 97.0, "cramped_room_potter0_20": 0.0, "centre_pots_sparse20": 74.0, "centre_pots_potter0_20": 0.45}
[pair_J] {"steps": 2906112, "elapsed_s": 5397.5, "cramped_room_sparse20": 99.0, "cramped_room_potter0_20": 0.0, "centre_pots_sparse20": 70.0, "centre_pots_potter0_20": 0.4}
[pair_J] {"steps": 2908160, "elapsed_s": 5399.0, "cramped_room_sparse20": 97.0, "cramped_room_potter0_20": 0.0, "centre_pots_sparse20": 67.0, "centre_pots_potter0_20": 0.35}
[pair_J] {"steps": 2910208, "elapsed_s": 5400.6, "cramped_room_sparse20": 100.0, "cramped_room_potter0_20": 0.0, "centre_pots_sparse20": 67.0, "centre_pots_potter0_20": 0.35}
[pair_J] {"steps": 2912256, "elapsed_s": 5401.9, "cramped_room_sparse20": 101.0, "cramped_room_potter0_20": 0.0, "centre_pots_sparse20": 67.0, "centre_pots_potter0_20": 0.35}
[pair_J] {"steps": 2914304, "elapsed_s": 5403.7, "cramped_room_sparse20": 99.0, "cramped_room_potter0_20": 0.0, "centre_pots_sparse20": 65.0, "centre_pots_potter0_20": 0.3}
[pair_J] {"steps": 2916352, "elapsed_s": 5405.4, "cramped_room_sparse20": 99.0, "cramped_room_potter0_20": 0.0, "centre_pots_sparse20": 62.0, "centre_pots_potter0_20": 0.25}
[pair_J] {"steps": 2918400, "elapsed_s": 5407.2, "cramped_room_sparse20": 102.0, "cramped_room_potter0_20": 0.0, "centre_pots_sparse20": 62.0, "centre_pots_potter0_20": 0.25}
[pair_J] {"steps": 2920448, "elapsed_s": 5408.9, "cramped_room_sparse20": 104.0, "cramped_room_potter0_20": 0.0, "centre_pots_sparse20": 61.0, "centre_pots_potter0_20": 0.3}
[pair_J] {"steps": 2922496, "elapsed_s": 5411.0, "cramped_room_sparse20": 104.0, "cramped_room_potter0_20": 0.0, "centre_pots_sparse20": 65.0, "centre_pots_potter0_20": 0.2}
[pair_J] {"steps": 2924544, "elapsed_s": 5412.6, "cramped_room_sparse20": 89.0, "cramped_room_potter0_20": 0.15, "centre_pots_sparse20": 66.0, "centre_pots_potter0_20": 0.2}
[pair_J] {"steps": 2926592, "elapsed_s": 5414.3, "cramped_room_sparse20": 89.0, "cramped_room_potter0_20": 0.15, "centre_pots_sparse20": 67.0, "centre_pots_potter0_20": 0.15}
[pair_J] {"steps": 2928640, "elapsed_s": 5416.3, "cramped_room_sparse20": 90.0, "cramped_room_potter0_20": 0.15, "centre_pots_sparse20": 72.0, "centre_pots_potter0_20": 0.2}
[pair_J] {"steps": 2930688, "elapsed_s": 5418.2, "cramped_room_sparse20": 92.0, "cramped_room_potter0_20": 0.15, "centre_pots_sparse20": 71.0, "centre_pots_potter0_20": 0.2}
[pair_J] {"steps": 2932736, "elapsed_s": 5419.6, "cramped_room_sparse20": 91.0, "cramped_room_potter0_20": 0.15, "centre_pots_sparse20": 70.0, "centre_pots_potter0_20": 0.2}
[pair_J] {"steps": 2934784, "elapsed_s": 5421.2, "cramped_room_sparse20": 87.0, "cramped_room_potter0_20": 0.15, "centre_pots_sparse20": 72.0, "centre_pots_potter0_20": 0.15}
[pair_J] {"steps": 2936832, "elapsed_s": 5423.1, "cramped_room_sparse20": 88.0, "cramped_room_potter0_20": 0.15, "centre_pots_sparse20": 70.0, "centre_pots_potter0_20": 0.15}
[pair_J] {"steps": 2938880, "elapsed_s": 5424.6, "cramped_room_sparse20": 90.0, "cramped_room_potter0_20": 0.1, "centre_pots_sparse20": 70.0, "centre_pots_potter0_20": 0.2}
[pair_J] {"steps": 2940928, "elapsed_s": 5426.1, "cramped_room_sparse20": 99.0, "cramped_room_potter0_20": 0.05, "centre_pots_sparse20": 69.0, "centre_pots_potter0_20": 0.2}
[pair_J] {"steps": 2942976, "elapsed_s": 5427.9, "cramped_room_sparse20": 99.0, "cramped_room_potter0_20": 0.05, "centre_pots_sparse20": 65.0, "centre_pots_potter0_20": 0.2}
[pair_J] {"steps": 2945024, "elapsed_s": 5430.0, "cramped_room_sparse20": 99.0, "cramped_room_potter0_20": 0.05, "centre_pots_sparse20": 60.0, "centre_pots_potter0_20": 0.15}
[pair_J] {"steps": 2947072, "elapsed_s": 5431.9, "cramped_room_sparse20": 99.0, "cramped_room_potter0_20": 0.05, "centre_pots_sparse20": 59.0, "centre_pots_potter0_20": 0.25}
[pair_J] {"steps": 2949120, "elapsed_s": 5433.5, "cramped_room_sparse20": 97.0, "cramped_room_potter0_20": 0.1, "centre_pots_sparse20": 61.0, "centre_pots_potter0_20": 0.25}
[pair_J] {"steps": 2951168, "elapsed_s": 5435.5, "cramped_room_sparse20": 102.0, "cramped_room_potter0_20": 0.1, "centre_pots_sparse20": 58.0, "centre_pots_potter0_20": 0.35}
[pair_J] {"steps": 2953216, "elapsed_s": 5437.4, "cramped_room_sparse20": 104.0, "cramped_room_potter0_20": 0.1, "centre_pots_sparse20": 55.0, "centre_pots_potter0_20": 0.3}
[pair_J] {"steps": 2955264, "elapsed_s": 5438.9, "cramped_room_sparse20": 109.0, "cramped_room_potter0_20": 0.1, "centre_pots_sparse20": 53.0, "centre_pots_potter0_20": 0.3}
[pair_J] {"steps": 2957312, "elapsed_s": 5440.8, "cramped_room_sparse20": 119.0, "cramped_room_potter0_20": 0.05, "centre_pots_sparse20": 51.0, "centre_pots_potter0_20": 0.25}
[pair_J] {"steps": 2959360, "elapsed_s": 5442.5, "cramped_room_sparse20": 125.0, "cramped_room_potter0_20": 0.05, "centre_pots_sparse20": 56.0, "centre_pots_potter0_20": 0.3}
[pair_J] {"steps": 2961408, "elapsed_s": 5444.2, "cramped_room_sparse20": 130.0, "cramped_room_potter0_20": 0.05, "centre_pots_sparse20": 54.0, "centre_pots_potter0_20": 0.25}
[pair_J] {"steps": 2963456, "elapsed_s": 5446.1, "cramped_room_sparse20": 130.0, "cramped_room_potter0_20": 0.05, "centre_pots_sparse20": 47.0, "centre_pots_potter0_20": 0.3}
[pair_J] {"steps": 2965504, "elapsed_s": 5447.8, "cramped_room_sparse20": 124.0, "cramped_room_potter0_20": 0.05, "centre_pots_sparse20": 44.0, "centre_pots_potter0_20": 0.25}
[pair_J] {"steps": 2967552, "elapsed_s": 5449.7, "cramped_room_sparse20": 117.0, "cramped_room_potter0_20": 0.0, "centre_pots_sparse20": 42.0, "centre_pots_potter0_20": 0.35}
[pair_J] {"steps": 2969600, "elapsed_s": 5451.5, "cramped_room_sparse20": 103.0, "cramped_room_potter0_20": 0.0, "centre_pots_sparse20": 45.0, "centre_pots_potter0_20": 0.4}
[pair_J] {"steps": 2971648, "elapsed_s": 5453.2, "cramped_room_sparse20": 84.0, "cramped_room_potter0_20": 0.0, "centre_pots_sparse20": 40.0, "centre_pots_potter0_20": 0.45}
[pair_J] {"steps": 2973696, "elapsed_s": 5455.1, "cramped_room_sparse20": 76.0, "cramped_room_potter0_20": 0.0, "centre_pots_sparse20": 34.0, "centre_pots_potter0_20": 0.5}
[pair_J] {"steps": 2975744, "elapsed_s": 5456.7, "cramped_room_sparse20": 47.0, "cramped_room_potter0_20": 0.1, "centre_pots_sparse20": 32.0, "centre_pots_potter0_20": 0.55}
[pair_J] {"steps": 2977792, "elapsed_s": 5458.5, "cramped_room_sparse20": 32.0, "cramped_room_potter0_20": 0.2, "centre_pots_sparse20": 40.0, "centre_pots_potter0_20": 0.5}
[pair_J] {"steps": 2979840, "elapsed_s": 5460.5, "cramped_room_sparse20": 32.0, "cramped_room_potter0_20": 0.2, "centre_pots_sparse20": 39.0, "centre_pots_potter0_20": 0.4}
[pair_J] {"steps": 2981888, "elapsed_s": 5462.4, "cramped_room_sparse20": 12.0, "cramped_room_potter0_20": 0.25, "centre_pots_sparse20": 38.0, "centre_pots_potter0_20": 0.4}
[pair_J] {"steps": 2983936, "elapsed_s": 5464.4, "cramped_room_sparse20": 6.0, "cramped_room_potter0_20": 0.25, "centre_pots_sparse20": 44.0, "centre_pots_potter0_20": 0.5}
[pair_J] {"steps": 2985984, "elapsed_s": 5466.2, "cramped_room_sparse20": 2.0, "cramped_room_potter0_20": 0.35, "centre_pots_sparse20": 47.0, "centre_pots_potter0_20": 0.4}
[pair_J] {"steps": 2988032, "elapsed_s": 5468.2, "cramped_room_sparse20": 2.0, "cramped_room_potter0_20": 0.35, "centre_pots_sparse20": 49.0, "centre_pots_potter0_20": 0.4}
[pair_J] {"steps": 2990080, "elapsed_s": 5469.8, "cramped_room_sparse20": 0.0, "cramped_room_potter0_20": 0.45, "centre_pots_sparse20": 48.0, "centre_pots_potter0_20": 0.4}
[pair_J] {"steps": 2992128, "elapsed_s": 5471.9, "cramped_room_sparse20": 0.0, "cramped_room_potter0_20": 0.55, "centre_pots_sparse20": 46.0, "centre_pots_potter0_20": 0.4}
[pair_J] {"steps": 2994176, "elapsed_s": 5473.4, "cramped_room_sparse20": 0.0, "cramped_room_potter0_20": 0.55, "centre_pots_sparse20": 53.0, "centre_pots_potter0_20": 0.35}
[pair_J] {"steps": 2996224, "elapsed_s": 5475.2, "cramped_room_sparse20": 0.0, "cramped_room_potter0_20": 0.55, "centre_pots_sparse20": 55.0, "centre_pots_potter0_20": 0.3}
[pair_J] {"steps": 2998272, "elapsed_s": 5476.9, "cramped_room_sparse20": 0.0, "cramped_room_potter0_20": 0.6, "centre_pots_sparse20": 57.0, "centre_pots_potter0_20": 0.3}
[pair_J] {"steps": 3000320, "elapsed_s": 5478.7, "cramped_room_sparse20": 0.0, "cramped_room_potter0_20": 0.65, "centre_pots_sparse20": 55.0, "centre_pots_potter0_20": 0.2}
[pair_J] {"steps": 3002368, "elapsed_s": 5480.6, "cramped_room_sparse20": 0.0, "cramped_room_potter0_20": 0.6, "centre_pots_sparse20": 56.0, "centre_pots_potter0_20": 0.3}
[pair_J] {"steps": 3004416, "elapsed_s": 5482.4, "cramped_room_sparse20": 0.0, "cramped_room_potter0_20": 0.55, "centre_pots_sparse20": 55.0, "centre_pots_potter0_20": 0.25}
[pair_J] {"steps": 3006464, "elapsed_s": 5484.3, "cramped_room_sparse20": 0.0, "cramped_room_potter0_20": 0.5, "centre_pots_sparse20": 56.0, "centre_pots_potter0_20": 0.25}
[pair_J] {"steps": 3008512, "elapsed_s": 5486.4, "cramped_room_sparse20": 0.0, "cramped_room_potter0_20": 0.5, "centre_pots_sparse20": 59.0, "centre_pots_potter0_20": 0.35}
[pair_J] {"steps": 3010560, "elapsed_s": 5488.4, "cramped_room_sparse20": 0.0, "cramped_room_potter0_20": 0.5, "centre_pots_sparse20": 58.0, "centre_pots_potter0_20": 0.3}
[pair_J] {"steps": 3012608, "elapsed_s": 5490.1, "cramped_room_sparse20": 0.0, "cramped_room_potter0_20": 0.55, "centre_pots_sparse20": 55.0, "centre_pots_potter0_20": 0.2}
[pair_J] {"steps": 3014656, "elapsed_s": 5491.8, "cramped_room_sparse20": 0.0, "cramped_room_potter0_20": 0.5, "centre_pots_sparse20": 55.0, "centre_pots_potter0_20": 0.2}
[pair_J] {"steps": 3016704, "elapsed_s": 5493.0, "cramped_room_sparse20": 0.0, "cramped_room_potter0_20": 0.4, "centre_pots_sparse20": 55.0, "centre_pots_potter0_20": 0.2}
[pair_J] {"steps": 3018752, "elapsed_s": 5494.8, "cramped_room_sparse20": 0.0, "cramped_room_potter0_20": 0.45, "centre_pots_sparse20": 56.0, "centre_pots_potter0_20": 0.25}
[pair_J] {"steps": 3020800, "elapsed_s": 5496.7, "cramped_room_sparse20": 0.0, "cramped_room_potter0_20": 0.35, "centre_pots_sparse20": 55.0, "centre_pots_potter0_20": 0.25}
[pair_J] {"steps": 3022848, "elapsed_s": 5498.4, "cramped_room_sparse20": 0.0, "cramped_room_potter0_20": 0.35, "centre_pots_sparse20": 52.0, "centre_pots_potter0_20": 0.3}
[pair_J] {"steps": 3024896, "elapsed_s": 5500.2, "cramped_room_sparse20": 0.0, "cramped_room_potter0_20": 0.45, "centre_pots_sparse20": 49.0, "centre_pots_potter0_20": 0.25}
[pair_J] {"steps": 3026944, "elapsed_s": 5501.6, "cramped_room_sparse20": 0.0, "cramped_room_potter0_20": 0.5, "centre_pots_sparse20": 51.0, "centre_pots_potter0_20": 0.3}
[pair_J] {"steps": 3028992, "elapsed_s": 5503.4, "cramped_room_sparse20": 0.0, "cramped_room_potter0_20": 0.5, "centre_pots_sparse20": 56.0, "centre_pots_potter0_20": 0.3}
[pair_J] {"steps": 3031040, "elapsed_s": 5505.0, "cramped_room_sparse20": 0.0, "cramped_room_potter0_20": 0.5, "centre_pots_sparse20": 54.0, "centre_pots_potter0_20": 0.35}
[pair_J] {"steps": 3033088, "elapsed_s": 5506.4, "cramped_room_sparse20": 0.0, "cramped_room_potter0_20": 0.65, "centre_pots_sparse20": 55.0, "centre_pots_potter0_20": 0.35}
[pair_J] {"steps": 3035136, "elapsed_s": 5507.9, "cramped_room_sparse20": 0.0, "cramped_room_potter0_20": 0.6, "centre_pots_sparse20": 54.0, "centre_pots_potter0_20": 0.4}
[pair_J] {"steps": 3037184, "elapsed_s": 5509.6, "cramped_room_sparse20": 0.0, "cramped_room_potter0_20": 0.6, "centre_pots_sparse20": 56.0, "centre_pots_potter0_20": 0.4}
[pair_J] {"steps": 3039232, "elapsed_s": 5511.8, "cramped_room_sparse20": 0.0, "cramped_room_potter0_20": 0.65, "centre_pots_sparse20": 61.0, "centre_pots_potter0_20": 0.45}
[pair_J] {"steps": 3041280, "elapsed_s": 5513.5, "cramped_room_sparse20": 0.0, "cramped_room_potter0_20": 0.6, "centre_pots_sparse20": 64.0, "centre_pots_potter0_20": 0.5}
[pair_J] {"steps": 3043328, "elapsed_s": 5515.2, "cramped_room_sparse20": 0.0, "cramped_room_potter0_20": 0.5, "centre_pots_sparse20": 62.0, "centre_pots_potter0_20": 0.5}
[pair_J] {"steps": 3045376, "elapsed_s": 5517.2, "cramped_room_sparse20": 0.0, "cramped_room_potter0_20": 0.5, "centre_pots_sparse20": 61.0, "centre_pots_potter0_20": 0.6}
[pair_J] {"steps": 3047424, "elapsed_s": 5519.0, "cramped_room_sparse20": 0.0, "cramped_room_potter0_20": 0.45, "centre_pots_sparse20": 62.0, "centre_pots_potter0_20": 0.55}
[pair_J] {"steps": 3049472, "elapsed_s": 5520.8, "cramped_room_sparse20": 0.0, "cramped_room_potter0_20": 0.45, "centre_pots_sparse20": 64.0, "centre_pots_potter0_20": 0.55}
[pair_J] {"steps": 3051520, "elapsed_s": 5522.5, "cramped_room_sparse20": 0.0, "cramped_room_potter0_20": 0.45, "centre_pots_sparse20": 57.0, "centre_pots_potter0_20": 0.45}
[pair_J] {"steps": 3053568, "elapsed_s": 5524.1, "cramped_room_sparse20": 0.0, "cramped_room_potter0_20": 0.35, "centre_pots_sparse20": 57.0, "centre_pots_potter0_20": 0.4}
[pair_J] {"steps": 3055616, "elapsed_s": 5526.0, "cramped_room_sparse20": 0.0, "cramped_room_potter0_20": 0.35, "centre_pots_sparse20": 62.0, "centre_pots_potter0_20": 0.35}
[pair_J] {"steps": 3057664, "elapsed_s": 5527.7, "cramped_room_sparse20": 0.0, "cramped_room_potter0_20": 0.4, "centre_pots_sparse20": 60.0, "centre_pots_potter0_20": 0.35}
[pair_J] {"steps": 3059712, "elapsed_s": 5529.3, "cramped_room_sparse20": 0.0, "cramped_room_potter0_20": 0.35, "centre_pots_sparse20": 58.0, "centre_pots_potter0_20": 0.35}
[pair_J] {"steps": 3061760, "elapsed_s": 5530.9, "cramped_room_sparse20": 0.0, "cramped_room_potter0_20": 0.3, "centre_pots_sparse20": 60.0, "centre_pots_potter0_20": 0.3}
[pair_J] {"steps": 3063808, "elapsed_s": 5533.0, "cramped_room_sparse20": 0.0, "cramped_room_potter0_20": 0.3, "centre_pots_sparse20": 62.0, "centre_pots_potter0_20": 0.3}
[pair_J] {"steps": 3065856, "elapsed_s": 5534.6, "cramped_room_sparse20": 0.0, "cramped_room_potter0_20": 0.45, "centre_pots_sparse20": 65.0, "centre_pots_potter0_20": 0.35}
[pair_J] {"steps": 3067904, "elapsed_s": 5536.3, "cramped_room_sparse20": 0.0, "cramped_room_potter0_20": 0.45, "centre_pots_sparse20": 69.0, "centre_pots_potter0_20": 0.3}
[pair_J] {"steps": 3069952, "elapsed_s": 5537.7, "cramped_room_sparse20": 0.0, "cramped_room_potter0_20": 0.5, "centre_pots_sparse20": 72.0, "centre_pots_potter0_20": 0.3}
[pair_J] {"steps": 3072000, "elapsed_s": 5539.6, "cramped_room_sparse20": 0.0, "cramped_room_potter0_20": 0.45, "centre_pots_sparse20": 69.0, "centre_pots_potter0_20": 0.3}
[pair_J] {"steps": 3074048, "elapsed_s": 5541.3, "cramped_room_sparse20": 0.0, "cramped_room_potter0_20": 0.5, "centre_pots_sparse20": 69.0, "centre_pots_potter0_20": 0.35}
[pair_J] {"steps": 3076096, "elapsed_s": 5543.0, "cramped_room_sparse20": 0.0, "cramped_room_potter0_20": 0.55, "centre_pots_sparse20": 68.0, "centre_pots_potter0_20": 0.3}
[pair_J] {"steps": 3078144, "elapsed_s": 5544.8, "cramped_room_sparse20": 0.0, "cramped_room_potter0_20": 0.55, "centre_pots_sparse20": 67.0, "centre_pots_potter0_20": 0.3}
[pair_J] {"steps": 3080192, "elapsed_s": 5546.9, "cramped_room_sparse20": 0.0, "cramped_room_potter0_20": 0.5, "centre_pots_sparse20": 68.0, "centre_pots_potter0_20": 0.3}
[pair_J] {"steps": 3082240, "elapsed_s": 5548.5, "cramped_room_sparse20": 0.0, "cramped_room_potter0_20": 0.45, "centre_pots_sparse20": 64.0, "centre_pots_potter0_20": 0.35}
[pair_J] {"steps": 3084288, "elapsed_s": 5549.9, "cramped_room_sparse20": 0.0, "cramped_room_potter0_20": 0.45, "centre_pots_sparse20": 64.0, "centre_pots_potter0_20": 0.35}
[pair_J] {"steps": 3086336, "elapsed_s": 5551.9, "cramped_room_sparse20": 0.0, "cramped_room_potter0_20": 0.45, "centre_pots_sparse20": 63.0, "centre_pots_potter0_20": 0.5}
[pair_J] {"steps": 3088384, "elapsed_s": 5553.5, "cramped_room_sparse20": 0.0, "cramped_room_potter0_20": 0.4, "centre_pots_sparse20": 64.0, "centre_pots_potter0_20": 0.55}
[pair_J] {"steps": 3090432, "elapsed_s": 5555.4, "cramped_room_sparse20": 0.0, "cramped_room_potter0_20": 0.45, "centre_pots_sparse20": 67.0, "centre_pots_potter0_20": 0.45}
[pair_J] {"steps": 3092480, "elapsed_s": 5556.9, "cramped_room_sparse20": 0.0, "cramped_room_potter0_20": 0.4, "centre_pots_sparse20": 70.0, "centre_pots_potter0_20": 0.45}
[pair_J] {"steps": 3094528, "elapsed_s": 5558.7, "cramped_room_sparse20": 0.0, "cramped_room_potter0_20": 0.35, "centre_pots_sparse20": 68.0, "centre_pots_potter0_20": 0.45}
[pair_J] {"steps": 3096576, "elapsed_s": 5560.5, "cramped_room_sparse20": 0.0, "cramped_room_potter0_20": 0.4, "centre_pots_sparse20": 66.0, "centre_pots_potter0_20": 0.45}
[pair_J] {"steps": 3098624, "elapsed_s": 5562.2, "cramped_room_sparse20": 0.0, "cramped_room_potter0_20": 0.45, "centre_pots_sparse20": 67.0, "centre_pots_potter0_20": 0.45}
[pair_J] {"steps": 3100672, "elapsed_s": 5563.9, "cramped_room_sparse20": 0.0, "cramped_room_potter0_20": 0.45, "centre_pots_sparse20": 64.0, "centre_pots_potter0_20": 0.4}
[pair_J] {"steps": 3102720, "elapsed_s": 5565.6, "cramped_room_sparse20": 0.0, "cramped_room_potter0_20": 0.45, "centre_pots_sparse20": 66.0, "centre_pots_potter0_20": 0.35}
[pair_J] {"steps": 3104768, "elapsed_s": 5567.5, "cramped_room_sparse20": 0.0, "cramped_room_potter0_20": 0.45, "centre_pots_sparse20": 64.0, "centre_pots_potter0_20": 0.4}
[pair_J] {"steps": 3106816, "elapsed_s": 5569.1, "cramped_room_sparse20": 0.0, "cramped_room_potter0_20": 0.5, "centre_pots_sparse20": 58.0, "centre_pots_potter0_20": 0.45}
[pair_J] {"steps": 3108864, "elapsed_s": 5571.1, "cramped_room_sparse20": 0.0, "cramped_room_potter0_20": 0.5, "centre_pots_sparse20": 59.0, "centre_pots_potter0_20": 0.4}
[pair_J] {"steps": 3110912, "elapsed_s": 5572.5, "cramped_room_sparse20": 0.0, "cramped_room_potter0_20": 0.5, "centre_pots_sparse20": 60.0, "centre_pots_potter0_20": 0.45}
[pair_J] {"steps": 3112960, "elapsed_s": 5574.4, "cramped_room_sparse20": 0.0, "cramped_room_potter0_20": 0.45, "centre_pots_sparse20": 62.0, "centre_pots_potter0_20": 0.45}
[pair_J] {"steps": 3115008, "elapsed_s": 5576.4, "cramped_room_sparse20": 0.0, "cramped_room_potter0_20": 0.45, "centre_pots_sparse20": 62.0, "centre_pots_potter0_20": 0.5}
[pair_J] {"steps": 3117056, "elapsed_s": 5578.2, "cramped_room_sparse20": 0.0, "cramped_room_potter0_20": 0.45, "centre_pots_sparse20": 64.0, "centre_pots_potter0_20": 0.55}
[pair_J] {"steps": 3119104, "elapsed_s": 5580.1, "cramped_room_sparse20": 0.0, "cramped_room_potter0_20": 0.45, "centre_pots_sparse20": 68.0, "centre_pots_potter0_20": 0.5}
[pair_J] {"steps": 3121152, "elapsed_s": 5582.0, "cramped_room_sparse20": 0.0, "cramped_room_potter0_20": 0.45, "centre_pots_sparse20": 65.0, "centre_pots_potter0_20": 0.5}
[pair_J] {"steps": 3123200, "elapsed_s": 5583.7, "cramped_room_sparse20": 0.0, "cramped_room_potter0_20": 0.4, "centre_pots_sparse20": 66.0, "centre_pots_potter0_20": 0.5}
[pair_J] {"steps": 3125248, "elapsed_s": 5585.1, "cramped_room_sparse20": 0.0, "cramped_room_potter0_20": 0.4, "centre_pots_sparse20": 66.0, "centre_pots_potter0_20": 0.5}
[pair_J] {"steps": 3127296, "elapsed_s": 5586.9, "cramped_room_sparse20": 0.0, "cramped_room_potter0_20": 0.45, "centre_pots_sparse20": 66.0, "centre_pots_potter0_20": 0.5}
[pair_J] {"steps": 3129344, "elapsed_s": 5588.5, "cramped_room_sparse20": 0.0, "cramped_room_potter0_20": 0.45, "centre_pots_sparse20": 63.0, "centre_pots_potter0_20": 0.55}
[pair_J] {"steps": 3131392, "elapsed_s": 5590.5, "cramped_room_sparse20": 0.0, "cramped_room_potter0_20": 0.35, "centre_pots_sparse20": 66.0, "centre_pots_potter0_20": 0.55}
[pair_J] {"steps": 3133440, "elapsed_s": 5592.3, "cramped_room_sparse20": 0.0, "cramped_room_potter0_20": 0.35, "centre_pots_sparse20": 62.0, "centre_pots_potter0_20": 0.4}
[pair_J] {"steps": 3135488, "elapsed_s": 5594.1, "cramped_room_sparse20": 0.0, "cramped_room_potter0_20": 0.4, "centre_pots_sparse20": 64.0, "centre_pots_potter0_20": 0.4}
[pair_J] {"steps": 3137536, "elapsed_s": 5595.6, "cramped_room_sparse20": 0.0, "cramped_room_potter0_20": 0.35, "centre_pots_sparse20": 65.0, "centre_pots_potter0_20": 0.45}
[pair_J] {"steps": 3139584, "elapsed_s": 5597.5, "cramped_room_sparse20": 0.0, "cramped_room_potter0_20": 0.35, "centre_pots_sparse20": 72.0, "centre_pots_potter0_20": 0.5}
[pair_J] {"steps": 3141632, "elapsed_s": 5599.6, "cramped_room_sparse20": 0.0, "cramped_room_potter0_20": 0.35, "centre_pots_sparse20": 79.0, "centre_pots_potter0_20": 0.4}
[pair_J] {"steps": 3143680, "elapsed_s": 5601.2, "cramped_room_sparse20": 0.0, "cramped_room_potter0_20": 0.45, "centre_pots_sparse20": 84.0, "centre_pots_potter0_20": 0.35}
[pair_J] {"steps": 3145728, "elapsed_s": 5602.7, "cramped_room_sparse20": 0.0, "cramped_room_potter0_20": 0.4, "centre_pots_sparse20": 78.0, "centre_pots_potter0_20": 0.4}
[pair_J] {"steps": 3147776, "elapsed_s": 5604.6, "cramped_room_sparse20": 0.0, "cramped_room_potter0_20": 0.4, "centre_pots_sparse20": 82.0, "centre_pots_potter0_20": 0.45}
[pair_J] {"steps": 3149824, "elapsed_s": 5606.3, "cramped_room_sparse20": 0.0, "cramped_room_potter0_20": 0.4, "centre_pots_sparse20": 88.0, "centre_pots_potter0_20": 0.45}
[pair_J] {"steps": 3151872, "elapsed_s": 5607.8, "cramped_room_sparse20": 0.0, "cramped_room_potter0_20": 0.5, "centre_pots_sparse20": 86.0, "centre_pots_potter0_20": 0.45}
[pair_J] {"steps": 3153920, "elapsed_s": 5609.4, "cramped_room_sparse20": 0.0, "cramped_room_potter0_20": 0.4, "centre_pots_sparse20": 89.0, "centre_pots_potter0_20": 0.45}
[pair_J] {"steps": 3155968, "elapsed_s": 5611.2, "cramped_room_sparse20": 0.0, "cramped_room_potter0_20": 0.4, "centre_pots_sparse20": 89.0, "centre_pots_potter0_20": 0.45}
[pair_J] {"steps": 3158016, "elapsed_s": 5612.9, "cramped_room_sparse20": 0.0, "cramped_room_potter0_20": 0.45, "centre_pots_sparse20": 88.0, "centre_pots_potter0_20": 0.5}
[pair_J] {"steps": 3160064, "elapsed_s": 5614.5, "cramped_room_sparse20": 0.0, "cramped_room_potter0_20": 0.4, "centre_pots_sparse20": 87.0, "centre_pots_potter0_20": 0.5}
[pair_J] {"steps": 3162112, "elapsed_s": 5616.5, "cramped_room_sparse20": 0.0, "cramped_room_potter0_20": 0.45, "centre_pots_sparse20": 89.0, "centre_pots_potter0_20": 0.35}
[pair_J] {"steps": 3164160, "elapsed_s": 5617.8, "cramped_room_sparse20": 0.0, "cramped_room_potter0_20": 0.45, "centre_pots_sparse20": 89.0, "centre_pots_potter0_20": 0.4}
[pair_J] {"steps": 3166208, "elapsed_s": 5619.9, "cramped_room_sparse20": 0.0, "cramped_room_potter0_20": 0.4, "centre_pots_sparse20": 88.0, "centre_pots_potter0_20": 0.5}
[pair_J] {"steps": 3168256, "elapsed_s": 5621.7, "cramped_room_sparse20": 0.0, "cramped_room_potter0_20": 0.35, "centre_pots_sparse20": 83.0, "centre_pots_potter0_20": 0.5}
[pair_J] {"steps": 3170304, "elapsed_s": 5623.7, "cramped_room_sparse20": 0.0, "cramped_room_potter0_20": 0.35, "centre_pots_sparse20": 83.0, "centre_pots_potter0_20": 0.45}
[pair_J] {"steps": 3172352, "elapsed_s": 5625.4, "cramped_room_sparse20": 0.0, "cramped_room_potter0_20": 0.35, "centre_pots_sparse20": 82.0, "centre_pots_potter0_20": 0.5}
[pair_J] {"steps": 3174400, "elapsed_s": 5626.9, "cramped_room_sparse20": 0.0, "cramped_room_potter0_20": 0.35, "centre_pots_sparse20": 83.0, "centre_pots_potter0_20": 0.45}
[pair_J] {"steps": 3176448, "elapsed_s": 5628.5, "cramped_room_sparse20": 0.0, "cramped_room_potter0_20": 0.3, "centre_pots_sparse20": 86.0, "centre_pots_potter0_20": 0.45}
[pair_J] {"steps": 3178496, "elapsed_s": 5630.4, "cramped_room_sparse20": 0.0, "cramped_room_potter0_20": 0.3, "centre_pots_sparse20": 88.0, "centre_pots_potter0_20": 0.55}
[pair_J] {"steps": 3180544, "elapsed_s": 5632.0, "cramped_room_sparse20": 0.0, "cramped_room_potter0_20": 0.4, "centre_pots_sparse20": 88.0, "centre_pots_potter0_20": 0.55}
[pair_J] {"steps": 3182592, "elapsed_s": 5633.5, "cramped_room_sparse20": 0.0, "cramped_room_potter0_20": 0.4, "centre_pots_sparse20": 88.0, "centre_pots_potter0_20": 0.55}
[pair_J] {"steps": 3184640, "elapsed_s": 5634.8, "cramped_room_sparse20": 0.0, "cramped_room_potter0_20": 0.45, "centre_pots_sparse20": 88.0, "centre_pots_potter0_20": 0.55}
[pair_J] {"steps": 3186688, "elapsed_s": 5636.6, "cramped_room_sparse20": 0.0, "cramped_room_potter0_20": 0.5, "centre_pots_sparse20": 83.0, "centre_pots_potter0_20": 0.55}
[pair_J] {"steps": 3188736, "elapsed_s": 5638.1, "cramped_room_sparse20": 0.0, "cramped_room_potter0_20": 0.5, "centre_pots_sparse20": 86.0, "centre_pots_potter0_20": 0.6}
[pair_J] {"steps": 3190784, "elapsed_s": 5639.7, "cramped_room_sparse20": 0.0, "cramped_room_potter0_20": 0.5, "centre_pots_sparse20": 81.0, "centre_pots_potter0_20": 0.6}
[pair_J] {"steps": 3192832, "elapsed_s": 5641.4, "cramped_room_sparse20": 0.0, "cramped_room_potter0_20": 0.35, "centre_pots_sparse20": 82.0, "centre_pots_potter0_20": 0.55}
[pair_J] {"steps": 3194880, "elapsed_s": 5643.0, "cramped_room_sparse20": 0.0, "cramped_room_potter0_20": 0.5, "centre_pots_sparse20": 79.0, "centre_pots_potter0_20": 0.6}
[pair_J] {"steps": 3196928, "elapsed_s": 5644.4, "cramped_room_sparse20": 0.0, "cramped_room_potter0_20": 0.5, "centre_pots_sparse20": 77.0, "centre_pots_potter0_20": 0.6}
[pair_J] {"steps": 3198976, "elapsed_s": 5646.2, "cramped_room_sparse20": 0.0, "cramped_room_potter0_20": 0.5, "centre_pots_sparse20": 73.0, "centre_pots_potter0_20": 0.6}
[pair_J] {"steps": 3201024, "elapsed_s": 5647.8, "cramped_room_sparse20": 0.0, "cramped_room_potter0_20": 0.55, "centre_pots_sparse20": 70.0, "centre_pots_potter0_20": 0.6}
[pair_J] {"steps": 3203072, "elapsed_s": 5650.1, "cramped_room_sparse20": 0.0, "cramped_room_potter0_20": 0.55, "centre_pots_sparse20": 68.0, "centre_pots_potter0_20": 0.5}
[pair_J] {"steps": 3205120, "elapsed_s": 5651.7, "cramped_room_sparse20": 0.0, "cramped_room_potter0_20": 0.5, "centre_pots_sparse20": 68.0, "centre_pots_potter0_20": 0.45}
[pair_J] {"steps": 3207168, "elapsed_s": 5653.3, "cramped_room_sparse20": 0.0, "cramped_room_potter0_20": 0.55, "centre_pots_sparse20": 65.0, "centre_pots_potter0_20": 0.4}
[pair_J] {"steps": 3209216, "elapsed_s": 5655.4, "cramped_room_sparse20": 0.0, "cramped_room_potter0_20": 0.6, "centre_pots_sparse20": 66.0, "centre_pots_potter0_20": 0.4}
[pair_J] {"steps": 3211264, "elapsed_s": 5656.9, "cramped_room_sparse20": 0.0, "cramped_room_potter0_20": 0.6, "centre_pots_sparse20": 62.0, "centre_pots_potter0_20": 0.35}
[pair_J] {"steps": 3213312, "elapsed_s": 5658.8, "cramped_room_sparse20": 0.0, "cramped_room_potter0_20": 0.5, "centre_pots_sparse20": 65.0, "centre_pots_potter0_20": 0.35}
[pair_J] {"steps": 3215360, "elapsed_s": 5660.6, "cramped_room_sparse20": 0.0, "cramped_room_potter0_20": 0.45, "centre_pots_sparse20": 70.0, "centre_pots_potter0_20": 0.45}
[pair_J] {"steps": 3217408, "elapsed_s": 5662.1, "cramped_room_sparse20": 0.0, "cramped_room_potter0_20": 0.5, "centre_pots_sparse20": 72.0, "centre_pots_potter0_20": 0.5}
[pair_J] {"steps": 3219456, "elapsed_s": 5663.5, "cramped_room_sparse20": 0.0, "cramped_room_potter0_20": 0.4, "centre_pots_sparse20": 72.0, "centre_pots_potter0_20": 0.5}
[pair_J] {"steps": 3221504, "elapsed_s": 5665.1, "cramped_room_sparse20": 0.0, "cramped_room_potter0_20": 0.4, "centre_pots_sparse20": 73.0, "centre_pots_potter0_20": 0.5}
[pair_J] {"steps": 3223552, "elapsed_s": 5666.7, "cramped_room_sparse20": 0.0, "cramped_room_potter0_20": 0.35, "centre_pots_sparse20": 75.0, "centre_pots_potter0_20": 0.5}
[pair_J] {"steps": 3225600, "elapsed_s": 5668.6, "cramped_room_sparse20": 0.0, "cramped_room_potter0_20": 0.3, "centre_pots_sparse20": 76.0, "centre_pots_potter0_20": 0.6}
[pair_J] {"steps": 3227648, "elapsed_s": 5670.2, "cramped_room_sparse20": 0.0, "cramped_room_potter0_20": 0.4, "centre_pots_sparse20": 77.0, "centre_pots_potter0_20": 0.55}
[pair_J] {"steps": 3229696, "elapsed_s": 5671.7, "cramped_room_sparse20": 0.0, "cramped_room_potter0_20": 0.4, "centre_pots_sparse20": 77.0, "centre_pots_potter0_20": 0.6}
[pair_J] {"steps": 3231744, "elapsed_s": 5673.5, "cramped_room_sparse20": 0.0, "cramped_room_potter0_20": 0.4, "centre_pots_sparse20": 85.0, "centre_pots_potter0_20": 0.55}
[pair_J] {"steps": 3233792, "elapsed_s": 5675.1, "cramped_room_sparse20": 0.0, "cramped_room_potter0_20": 0.35, "centre_pots_sparse20": 80.0, "centre_pots_potter0_20": 0.45}
[pair_J] {"steps": 3235840, "elapsed_s": 5676.7, "cramped_room_sparse20": 0.0, "cramped_room_potter0_20": 0.45, "centre_pots_sparse20": 80.0, "centre_pots_potter0_20": 0.45}
[pair_J] {"steps": 3237888, "elapsed_s": 5678.6, "cramped_room_sparse20": 0.0, "cramped_room_potter0_20": 0.4, "centre_pots_sparse20": 78.0, "centre_pots_potter0_20": 0.45}
[pair_J] {"steps": 3239936, "elapsed_s": 5680.3, "cramped_room_sparse20": 0.0, "cramped_room_potter0_20": 0.45, "centre_pots_sparse20": 76.0, "centre_pots_potter0_20": 0.4}
[pair_J] {"steps": 3241984, "elapsed_s": 5681.9, "cramped_room_sparse20": 0.0, "cramped_room_potter0_20": 0.5, "centre_pots_sparse20": 79.0, "centre_pots_potter0_20": 0.4}
[pair_J] {"steps": 3244032, "elapsed_s": 5683.5, "cramped_room_sparse20": 0.0, "cramped_room_potter0_20": 0.5, "centre_pots_sparse20": 80.0, "centre_pots_potter0_20": 0.4}
[pair_J] {"steps": 3246080, "elapsed_s": 5685.2, "cramped_room_sparse20": 0.0, "cramped_room_potter0_20": 0.5, "centre_pots_sparse20": 84.0, "centre_pots_potter0_20": 0.4}
[pair_J] {"steps": 3248128, "elapsed_s": 5687.0, "cramped_room_sparse20": 0.0, "cramped_room_potter0_20": 0.55, "centre_pots_sparse20": 84.0, "centre_pots_potter0_20": 0.35}
[pair_J] {"steps": 3250176, "elapsed_s": 5688.6, "cramped_room_sparse20": 0.0, "cramped_room_potter0_20": 0.55, "centre_pots_sparse20": 86.0, "centre_pots_potter0_20": 0.35}
[pair_J] {"steps": 3252224, "elapsed_s": 5690.6, "cramped_room_sparse20": 0.0, "cramped_room_potter0_20": 0.55, "centre_pots_sparse20": 78.0, "centre_pots_potter0_20": 0.35}
[pair_J] {"steps": 3254272, "elapsed_s": 5692.2, "cramped_room_sparse20": 0.0, "cramped_room_potter0_20": 0.5, "centre_pots_sparse20": 85.0, "centre_pots_potter0_20": 0.35}
[pair_J] {"steps": 3256320, "elapsed_s": 5693.9, "cramped_room_sparse20": 0.0, "cramped_room_potter0_20": 0.45, "centre_pots_sparse20": 89.0, "centre_pots_potter0_20": 0.45}
[pair_J] {"steps": 3258368, "elapsed_s": 5695.4, "cramped_room_sparse20": 0.0, "cramped_room_potter0_20": 0.5, "centre_pots_sparse20": 89.0, "centre_pots_potter0_20": 0.45}
[pair_J] {"steps": 3260416, "elapsed_s": 5697.0, "cramped_room_sparse20": 0.0, "cramped_room_potter0_20": 0.5, "centre_pots_sparse20": 87.0, "centre_pots_potter0_20": 0.45}
[pair_J] {"steps": 3262464, "elapsed_s": 5698.5, "cramped_room_sparse20": 0.0, "cramped_room_potter0_20": 0.45, "centre_pots_sparse20": 83.0, "centre_pots_potter0_20": 0.45}
[pair_J] {"steps": 3264512, "elapsed_s": 5700.4, "cramped_room_sparse20": 0.0, "cramped_room_potter0_20": 0.4, "centre_pots_sparse20": 78.0, "centre_pots_potter0_20": 0.45}
[pair_J] {"steps": 3266560, "elapsed_s": 5702.0, "cramped_room_sparse20": 0.0, "cramped_room_potter0_20": 0.4, "centre_pots_sparse20": 77.0, "centre_pots_potter0_20": 0.45}
[pair_J] {"steps": 3268608, "elapsed_s": 5703.7, "cramped_room_sparse20": 0.0, "cramped_room_potter0_20": 0.35, "centre_pots_sparse20": 86.0, "centre_pots_potter0_20": 0.45}
[pair_J] {"steps": 3270656, "elapsed_s": 5705.3, "cramped_room_sparse20": 0.0, "cramped_room_potter0_20": 0.3, "centre_pots_sparse20": 85.0, "centre_pots_potter0_20": 0.4}
[pair_J] {"steps": 3272704, "elapsed_s": 5707.2, "cramped_room_sparse20": 0.0, "cramped_room_potter0_20": 0.3, "centre_pots_sparse20": 82.0, "centre_pots_potter0_20": 0.3}
[pair_J] {"steps": 3274752, "elapsed_s": 5708.9, "cramped_room_sparse20": 0.0, "cramped_room_potter0_20": 0.3, "centre_pots_sparse20": 79.0, "centre_pots_potter0_20": 0.35}
[pair_J] {"steps": 3276800, "elapsed_s": 5710.6, "cramped_room_sparse20": 0.0, "cramped_room_potter0_20": 0.35, "centre_pots_sparse20": 82.0, "centre_pots_potter0_20": 0.3}
[pair_J] {"steps": 3278848, "elapsed_s": 5712.5, "cramped_room_sparse20": 0.0, "cramped_room_potter0_20": 0.4, "centre_pots_sparse20": 88.0, "centre_pots_potter0_20": 0.4}
[pair_J] {"steps": 3280896, "elapsed_s": 5714.2, "cramped_room_sparse20": 0.0, "cramped_room_potter0_20": 0.35, "centre_pots_sparse20": 88.0, "centre_pots_potter0_20": 0.45}
[pair_J] {"steps": 3282944, "elapsed_s": 5715.9, "cramped_room_sparse20": 0.0, "cramped_room_potter0_20": 0.35, "centre_pots_sparse20": 91.0, "centre_pots_potter0_20": 0.5}
[pair_J] {"steps": 3284992, "elapsed_s": 5717.3, "cramped_room_sparse20": 0.0, "cramped_room_potter0_20": 0.5, "centre_pots_sparse20": 89.0, "centre_pots_potter0_20": 0.55}
[pair_J] {"steps": 3287040, "elapsed_s": 5718.7, "cramped_room_sparse20": 0.0, "cramped_room_potter0_20": 0.45, "centre_pots_sparse20": 89.0, "centre_pots_potter0_20": 0.6}
[pair_J] {"steps": 3289088, "elapsed_s": 5720.3, "cramped_room_sparse20": 0.0, "cramped_room_potter0_20": 0.5, "centre_pots_sparse20": 89.0, "centre_pots_potter0_20": 0.65}
[pair_J] {"steps": 3291136, "elapsed_s": 5722.0, "cramped_room_sparse20": 0.0, "cramped_room_potter0_20": 0.55, "centre_pots_sparse20": 86.0, "centre_pots_potter0_20": 0.65}
[pair_J] {"steps": 3293184, "elapsed_s": 5723.7, "cramped_room_sparse20": 0.0, "cramped_room_potter0_20": 0.55, "centre_pots_sparse20": 85.0, "centre_pots_potter0_20": 0.65}
[pair_J] {"steps": 3295232, "elapsed_s": 5725.7, "cramped_room_sparse20": 0.0, "cramped_room_potter0_20": 0.55, "centre_pots_sparse20": 83.0, "centre_pots_potter0_20": 0.75}
[pair_J] {"steps": 3297280, "elapsed_s": 5727.6, "cramped_room_sparse20": 0.0, "cramped_room_potter0_20": 0.55, "centre_pots_sparse20": 80.0, "centre_pots_potter0_20": 0.7}
[pair_J] {"steps": 3299328, "elapsed_s": 5729.0, "cramped_room_sparse20": 0.0, "cramped_room_potter0_20": 0.55, "centre_pots_sparse20": 81.0, "centre_pots_potter0_20": 0.65}
[pair_J] {"steps": 3301376, "elapsed_s": 5731.0, "cramped_room_sparse20": 0.0, "cramped_room_potter0_20": 0.55, "centre_pots_sparse20": 74.0, "centre_pots_potter0_20": 0.7}
[pair_J] {"steps": 3303424, "elapsed_s": 5732.6, "cramped_room_sparse20": 0.0, "cramped_room_potter0_20": 0.55, "centre_pots_sparse20": 77.0, "centre_pots_potter0_20": 0.7}
[pair_J] {"steps": 3305472, "elapsed_s": 5734.3, "cramped_room_sparse20": 0.0, "cramped_room_potter0_20": 0.5, "centre_pots_sparse20": 78.0, "centre_pots_potter0_20": 0.7}
[pair_J] {"steps": 3307520, "elapsed_s": 5735.7, "cramped_room_sparse20": 0.0, "cramped_room_potter0_20": 0.6, "centre_pots_sparse20": 80.0, "centre_pots_potter0_20": 0.75}
[pair_J] {"steps": 3309568, "elapsed_s": 5737.4, "cramped_room_sparse20": 0.0, "cramped_room_potter0_20": 0.5, "centre_pots_sparse20": 77.0, "centre_pots_potter0_20": 0.65}
[pair_J] {"steps": 3311616, "elapsed_s": 5739.5, "cramped_room_sparse20": 0.0, "cramped_room_potter0_20": 0.5, "centre_pots_sparse20": 76.0, "centre_pots_potter0_20": 0.6}
[pair_J] {"steps": 3313664, "elapsed_s": 5741.4, "cramped_room_sparse20": 0.0, "cramped_room_potter0_20": 0.5, "centre_pots_sparse20": 77.0, "centre_pots_potter0_20": 0.55}
[pair_J] {"steps": 3315712, "elapsed_s": 5743.3, "cramped_room_sparse20": 0.0, "cramped_room_potter0_20": 0.5, "centre_pots_sparse20": 83.0, "centre_pots_potter0_20": 0.45}
[pair_J] {"steps": 3317760, "elapsed_s": 5744.7, "cramped_room_sparse20": 0.0, "cramped_room_potter0_20": 0.5, "centre_pots_sparse20": 84.0, "centre_pots_potter0_20": 0.4}
[pair_J] {"steps": 3319808, "elapsed_s": 5746.4, "cramped_room_sparse20": 0.0, "cramped_room_potter0_20": 0.5, "centre_pots_sparse20": 85.0, "centre_pots_potter0_20": 0.35}
[pair_J] {"steps": 3321856, "elapsed_s": 5747.8, "cramped_room_sparse20": 0.0, "cramped_room_potter0_20": 0.5, "centre_pots_sparse20": 87.0, "centre_pots_potter0_20": 0.35}
[pair_J] {"steps": 3323904, "elapsed_s": 5749.3, "cramped_room_sparse20": 0.0, "cramped_room_potter0_20": 0.45, "centre_pots_sparse20": 85.0, "centre_pots_potter0_20": 0.3}
[pair_J] {"steps": 3325952, "elapsed_s": 5751.3, "cramped_room_sparse20": 0.0, "cramped_room_potter0_20": 0.45, "centre_pots_sparse20": 90.0, "centre_pots_potter0_20": 0.3}
[pair_J] {"steps": 3328000, "elapsed_s": 5752.7, "cramped_room_sparse20": 0.0, "cramped_room_potter0_20": 0.4, "centre_pots_sparse20": 88.0, "centre_pots_potter0_20": 0.35}
[pair_J] {"steps": 3330048, "elapsed_s": 5754.1, "cramped_room_sparse20": 0.0, "cramped_room_potter0_20": 0.35, "centre_pots_sparse20": 85.0, "centre_pots_potter0_20": 0.35}
[pair_J] {"steps": 3332096, "elapsed_s": 5756.1, "cramped_room_sparse20": 0.0, "cramped_room_potter0_20": 0.3, "centre_pots_sparse20": 79.0, "centre_pots_potter0_20": 0.3}
[pair_J] {"steps": 3334144, "elapsed_s": 5757.8, "cramped_room_sparse20": 0.0, "cramped_room_potter0_20": 0.35, "centre_pots_sparse20": 70.0, "centre_pots_potter0_20": 0.3}
[pair_J] {"steps": 3336192, "elapsed_s": 5759.2, "cramped_room_sparse20": 0.0, "cramped_room_potter0_20": 0.3, "centre_pots_sparse20": 67.0, "centre_pots_potter0_20": 0.3}
[pair_J] {"steps": 3338240, "elapsed_s": 5761.1, "cramped_room_sparse20": 0.0, "cramped_room_potter0_20": 0.35, "centre_pots_sparse20": 64.0, "centre_pots_potter0_20": 0.35}
[pair_J] {"steps": 3340288, "elapsed_s": 5763.1, "cramped_room_sparse20": 0.0, "cramped_room_potter0_20": 0.35, "centre_pots_sparse20": 58.0, "centre_pots_potter0_20": 0.3}
[pair_J] {"steps": 3342336, "elapsed_s": 5765.3, "cramped_room_sparse20": 0.0, "cramped_room_potter0_20": 0.35, "centre_pots_sparse20": 58.0, "centre_pots_potter0_20": 0.25}
[pair_J] {"steps": 3344384, "elapsed_s": 5767.2, "cramped_room_sparse20": 0.0, "cramped_room_potter0_20": 0.35, "centre_pots_sparse20": 60.0, "centre_pots_potter0_20": 0.3}
[pair_J] {"steps": 3346432, "elapsed_s": 5769.3, "cramped_room_sparse20": 0.0, "cramped_room_potter0_20": 0.35, "centre_pots_sparse20": 69.0, "centre_pots_potter0_20": 0.3}
[pair_J] {"steps": 3348480, "elapsed_s": 5771.2, "cramped_room_sparse20": 0.0, "cramped_room_potter0_20": 0.35, "centre_pots_sparse20": 70.0, "centre_pots_potter0_20": 0.35}
[pair_J] {"steps": 3350528, "elapsed_s": 5772.7, "cramped_room_sparse20": 0.0, "cramped_room_potter0_20": 0.3, "centre_pots_sparse20": 70.0, "centre_pots_potter0_20": 0.35}
[pair_J] {"steps": 3352576, "elapsed_s": 5774.3, "cramped_room_sparse20": 0.0, "cramped_room_potter0_20": 0.3, "centre_pots_sparse20": 72.0, "centre_pots_potter0_20": 0.3}
[pair_J] {"steps": 3354624, "elapsed_s": 5776.3, "cramped_room_sparse20": 0.0, "cramped_room_potter0_20": 0.3, "centre_pots_sparse20": 68.0, "centre_pots_potter0_20": 0.3}
[pair_J] {"steps": 3356672, "elapsed_s": 5777.9, "cramped_room_sparse20": 0.0, "cramped_room_potter0_20": 0.35, "centre_pots_sparse20": 68.0, "centre_pots_potter0_20": 0.3}
[pair_J] {"steps": 3358720, "elapsed_s": 5779.9, "cramped_room_sparse20": 0.0, "cramped_room_potter0_20": 0.35, "centre_pots_sparse20": 68.0, "centre_pots_potter0_20": 0.25}
[pair_J] {"steps": 3360768, "elapsed_s": 5781.7, "cramped_room_sparse20": 0.0, "cramped_room_potter0_20": 0.35, "centre_pots_sparse20": 63.0, "centre_pots_potter0_20": 0.25}
[pair_J] {"steps": 3362816, "elapsed_s": 5783.1, "cramped_room_sparse20": 0.0, "cramped_room_potter0_20": 0.4, "centre_pots_sparse20": 65.0, "centre_pots_potter0_20": 0.25}
[pair_J] {"steps": 3364864, "elapsed_s": 5784.9, "cramped_room_sparse20": 0.0, "cramped_room_potter0_20": 0.4, "centre_pots_sparse20": 67.0, "centre_pots_potter0_20": 0.2}
[pair_J] {"steps": 3366912, "elapsed_s": 5786.8, "cramped_room_sparse20": 0.0, "cramped_room_potter0_20": 0.4, "centre_pots_sparse20": 72.0, "centre_pots_potter0_20": 0.2}
[pair_J] {"steps": 3368960, "elapsed_s": 5788.7, "cramped_room_sparse20": 0.0, "cramped_room_potter0_20": 0.4, "centre_pots_sparse20": 77.0, "centre_pots_potter0_20": 0.15}
[pair_J] {"steps": 3371008, "elapsed_s": 5790.1, "cramped_room_sparse20": 0.0, "cramped_room_potter0_20": 0.45, "centre_pots_sparse20": 77.0, "centre_pots_potter0_20": 0.15}
[pair_J] {"steps": 3373056, "elapsed_s": 5792.1, "cramped_room_sparse20": 0.0, "cramped_room_potter0_20": 0.45, "centre_pots_sparse20": 70.0, "centre_pots_potter0_20": 0.15}
[pair_J] {"steps": 3375104, "elapsed_s": 5793.6, "cramped_room_sparse20": 0.0, "cramped_room_potter0_20": 0.55, "centre_pots_sparse20": 78.0, "centre_pots_potter0_20": 0.15}
[pair_J] {"steps": 3377152, "elapsed_s": 5795.5, "cramped_room_sparse20": 0.0, "cramped_room_potter0_20": 0.6, "centre_pots_sparse20": 78.0, "centre_pots_potter0_20": 0.2}
[pair_J] {"steps": 3379200, "elapsed_s": 5797.5, "cramped_room_sparse20": 0.0, "cramped_room_potter0_20": 0.65, "centre_pots_sparse20": 76.0, "centre_pots_potter0_20": 0.2}
[pair_J] {"steps": 3381248, "elapsed_s": 5799.1, "cramped_room_sparse20": 0.0, "cramped_room_potter0_20": 0.5, "centre_pots_sparse20": 77.0, "centre_pots_potter0_20": 0.2}
[pair_J] {"steps": 3383296, "elapsed_s": 5800.5, "cramped_room_sparse20": 0.0, "cramped_room_potter0_20": 0.55, "centre_pots_sparse20": 74.0, "centre_pots_potter0_20": 0.25}
[pair_J] {"steps": 3385344, "elapsed_s": 5802.1, "cramped_room_sparse20": 0.0, "cramped_room_potter0_20": 0.6, "centre_pots_sparse20": 67.0, "centre_pots_potter0_20": 0.3}
[pair_J] {"steps": 3387392, "elapsed_s": 5803.7, "cramped_room_sparse20": 0.0, "cramped_room_potter0_20": 0.6, "centre_pots_sparse20": 71.0, "centre_pots_potter0_20": 0.35}
[pair_J] {"steps": 3389440, "elapsed_s": 5805.8, "cramped_room_sparse20": 0.0, "cramped_room_potter0_20": 0.55, "centre_pots_sparse20": 76.0, "centre_pots_potter0_20": 0.5}
[pair_J] {"steps": 3391488, "elapsed_s": 5807.5, "cramped_room_sparse20": 0.0, "cramped_room_potter0_20": 0.6, "centre_pots_sparse20": 78.0, "centre_pots_potter0_20": 0.45}
[pair_J] {"steps": 3393536, "elapsed_s": 5809.0, "cramped_room_sparse20": 0.0, "cramped_room_potter0_20": 0.55, "centre_pots_sparse20": 75.0, "centre_pots_potter0_20": 0.4}
[pair_J] {"steps": 3395584, "elapsed_s": 5810.5, "cramped_room_sparse20": 0.0, "cramped_room_potter0_20": 0.5, "centre_pots_sparse20": 77.0, "centre_pots_potter0_20": 0.4}
[pair_J] {"steps": 3397632, "elapsed_s": 5812.4, "cramped_room_sparse20": 0.0, "cramped_room_potter0_20": 0.5, "centre_pots_sparse20": 78.0, "centre_pots_potter0_20": 0.45}
[pair_J] {"steps": 3399680, "elapsed_s": 5814.2, "cramped_room_sparse20": 0.0, "cramped_room_potter0_20": 0.5, "centre_pots_sparse20": 87.0, "centre_pots_potter0_20": 0.4}
[pair_J] {"steps": 3401728, "elapsed_s": 5816.1, "cramped_room_sparse20": 0.0, "cramped_room_potter0_20": 0.55, "centre_pots_sparse20": 88.0, "centre_pots_potter0_20": 0.45}
[pair_J] {"steps": 3403776, "elapsed_s": 5818.1, "cramped_room_sparse20": 0.0, "cramped_room_potter0_20": 0.55, "centre_pots_sparse20": 85.0, "centre_pots_potter0_20": 0.35}
[pair_J] {"steps": 3405824, "elapsed_s": 5820.0, "cramped_room_sparse20": 0.0, "cramped_room_potter0_20": 0.55, "centre_pots_sparse20": 91.0, "centre_pots_potter0_20": 0.35}
[pair_J] {"steps": 3407872, "elapsed_s": 5822.0, "cramped_room_sparse20": 0.0, "cramped_room_potter0_20": 0.55, "centre_pots_sparse20": 95.0, "centre_pots_potter0_20": 0.35}
[pair_J] {"steps": 3409920, "elapsed_s": 5823.6, "cramped_room_sparse20": 0.0, "cramped_room_potter0_20": 0.65, "centre_pots_sparse20": 97.0, "centre_pots_potter0_20": 0.35}
[pair_J] {"steps": 3411968, "elapsed_s": 5825.2, "cramped_room_sparse20": 0.0, "cramped_room_potter0_20": 0.65, "centre_pots_sparse20": 92.0, "centre_pots_potter0_20": 0.4}
[pair_J] {"steps": 3414016, "elapsed_s": 5826.7, "cramped_room_sparse20": 0.0, "cramped_room_potter0_20": 0.7, "centre_pots_sparse20": 93.0, "centre_pots_potter0_20": 0.45}
[pair_J] {"steps": 3416064, "elapsed_s": 5828.9, "cramped_room_sparse20": 0.0, "cramped_room_potter0_20": 0.7, "centre_pots_sparse20": 91.0, "centre_pots_potter0_20": 0.45}
[pair_J] {"steps": 3418112, "elapsed_s": 5830.4, "cramped_room_sparse20": 0.0, "cramped_room_potter0_20": 0.8, "centre_pots_sparse20": 96.0, "centre_pots_potter0_20": 0.55}
[pair_J] {"steps": 3420160, "elapsed_s": 5832.1, "cramped_room_sparse20": 0.0, "cramped_room_potter0_20": 0.75, "centre_pots_sparse20": 93.0, "centre_pots_potter0_20": 0.55}
[pair_J] {"steps": 3422208, "elapsed_s": 5833.9, "cramped_room_sparse20": 0.0, "cramped_room_potter0_20": 0.65, "centre_pots_sparse20": 91.0, "centre_pots_potter0_20": 0.5}
[pair_J] {"steps": 3424256, "elapsed_s": 5835.5, "cramped_room_sparse20": 0.0, "cramped_room_potter0_20": 0.7, "centre_pots_sparse20": 91.0, "centre_pots_potter0_20": 0.5}
[pair_J] {"steps": 3426304, "elapsed_s": 5837.4, "cramped_room_sparse20": 0.0, "cramped_room_potter0_20": 0.65, "centre_pots_sparse20": 90.0, "centre_pots_potter0_20": 0.5}
[pair_J] {"steps": 3428352, "elapsed_s": 5839.0, "cramped_room_sparse20": 0.0, "cramped_room_potter0_20": 0.65, "centre_pots_sparse20": 94.0, "centre_pots_potter0_20": 0.45}
[pair_J] {"steps": 3430400, "elapsed_s": 5840.5, "cramped_room_sparse20": 0.0, "cramped_room_potter0_20": 0.45, "centre_pots_sparse20": 94.0, "centre_pots_potter0_20": 0.45}
[pair_J] {"steps": 3432448, "elapsed_s": 5842.1, "cramped_room_sparse20": 0.0, "cramped_room_potter0_20": 0.35, "centre_pots_sparse20": 98.0, "centre_pots_potter0_20": 0.4}
[pair_J] {"steps": 3434496, "elapsed_s": 5843.8, "cramped_room_sparse20": 0.0, "cramped_room_potter0_20": 0.35, "centre_pots_sparse20": 97.0, "centre_pots_potter0_20": 0.35}
[pair_J] {"steps": 3436544, "elapsed_s": 5845.3, "cramped_room_sparse20": 0.0, "cramped_room_potter0_20": 0.3, "centre_pots_sparse20": 100.0, "centre_pots_potter0_20": 0.4}
[pair_J] {"steps": 3438592, "elapsed_s": 5847.4, "cramped_room_sparse20": 0.0, "cramped_room_potter0_20": 0.3, "centre_pots_sparse20": 97.0, "centre_pots_potter0_20": 0.45}
[pair_J] {"steps": 3440640, "elapsed_s": 5849.1, "cramped_room_sparse20": 0.0, "cramped_room_potter0_20": 0.3, "centre_pots_sparse20": 97.0, "centre_pots_potter0_20": 0.5}
[pair_J] {"steps": 3442688, "elapsed_s": 5850.6, "cramped_room_sparse20": 0.0, "cramped_room_potter0_20": 0.3, "centre_pots_sparse20": 96.0, "centre_pots_potter0_20": 0.45}
[pair_J] {"steps": 3444736, "elapsed_s": 5851.8, "cramped_room_sparse20": 0.0, "cramped_room_potter0_20": 0.3, "centre_pots_sparse20": 96.0, "centre_pots_potter0_20": 0.45}
[pair_J] {"steps": 3446784, "elapsed_s": 5853.7, "cramped_room_sparse20": 0.0, "cramped_room_potter0_20": 0.35, "centre_pots_sparse20": 95.0, "centre_pots_potter0_20": 0.4}
[pair_J] {"steps": 3448832, "elapsed_s": 5855.8, "cramped_room_sparse20": 0.0, "cramped_room_potter0_20": 0.35, "centre_pots_sparse20": 83.0, "centre_pots_potter0_20": 0.35}
[pair_J] {"steps": 3450880, "elapsed_s": 5857.6, "cramped_room_sparse20": 0.0, "cramped_room_potter0_20": 0.5, "centre_pots_sparse20": 83.0, "centre_pots_potter0_20": 0.3}
[pair_J] {"steps": 3452928, "elapsed_s": 5859.6, "cramped_room_sparse20": 0.0, "cramped_room_potter0_20": 0.55, "centre_pots_sparse20": 76.0, "centre_pots_potter0_20": 0.3}
[pair_J] {"steps": 3454976, "elapsed_s": 5860.9, "cramped_room_sparse20": 0.0, "cramped_room_potter0_20": 0.6, "centre_pots_sparse20": 76.0, "centre_pots_potter0_20": 0.3}
[pair_J] {"steps": 3457024, "elapsed_s": 5862.6, "cramped_room_sparse20": 0.0, "cramped_room_potter0_20": 0.55, "centre_pots_sparse20": 73.0, "centre_pots_potter0_20": 0.25}
[pair_J] {"steps": 3459072, "elapsed_s": 5864.6, "cramped_room_sparse20": 0.0, "cramped_room_potter0_20": 0.55, "centre_pots_sparse20": 66.0, "centre_pots_potter0_20": 0.3}
[pair_J] {"steps": 3461120, "elapsed_s": 5866.3, "cramped_room_sparse20": 0.0, "cramped_room_potter0_20": 0.5, "centre_pots_sparse20": 66.0, "centre_pots_potter0_20": 0.3}
[pair_J] {"steps": 3463168, "elapsed_s": 5868.0, "cramped_room_sparse20": 0.0, "cramped_room_potter0_20": 0.55, "centre_pots_sparse20": 68.0, "centre_pots_potter0_20": 0.35}
[pair_J] {"steps": 3465216, "elapsed_s": 5869.7, "cramped_room_sparse20": 0.0, "cramped_room_potter0_20": 0.55, "centre_pots_sparse20": 71.0, "centre_pots_potter0_20": 0.3}
[pair_J] {"steps": 3467264, "elapsed_s": 5871.2, "cramped_room_sparse20": 0.0, "cramped_room_potter0_20": 0.6, "centre_pots_sparse20": 73.0, "centre_pots_potter0_20": 0.3}
[pair_J] {"steps": 3469312, "elapsed_s": 5873.0, "cramped_room_sparse20": 0.0, "cramped_room_potter0_20": 0.6, "centre_pots_sparse20": 73.0, "centre_pots_potter0_20": 0.3}
[pair_J] {"steps": 3471360, "elapsed_s": 5874.7, "cramped_room_sparse20": 0.0, "cramped_room_potter0_20": 0.55, "centre_pots_sparse20": 69.0, "centre_pots_potter0_20": 0.3}
[pair_J] {"steps": 3473408, "elapsed_s": 5876.6, "cramped_room_sparse20": 0.0, "cramped_room_potter0_20": 0.55, "centre_pots_sparse20": 68.0, "centre_pots_potter0_20": 0.35}
[pair_J] {"steps": 3475456, "elapsed_s": 5878.3, "cramped_room_sparse20": 0.0, "cramped_room_potter0_20": 0.55, "centre_pots_sparse20": 65.0, "centre_pots_potter0_20": 0.4}
[pair_J] {"steps": 3477504, "elapsed_s": 5879.9, "cramped_room_sparse20": 0.0, "cramped_room_potter0_20": 0.6, "centre_pots_sparse20": 64.0, "centre_pots_potter0_20": 0.4}
[pair_J] {"steps": 3479552, "elapsed_s": 5881.4, "cramped_room_sparse20": 0.0, "cramped_room_potter0_20": 0.75, "centre_pots_sparse20": 66.0, "centre_pots_potter0_20": 0.4}
[pair_J] {"steps": 3481600, "elapsed_s": 5882.8, "cramped_room_sparse20": 1.0, "cramped_room_potter0_20": 0.75, "centre_pots_sparse20": 64.0, "centre_pots_potter0_20": 0.45}
[pair_J] {"steps": 3483648, "elapsed_s": 5884.8, "cramped_room_sparse20": 1.0, "cramped_room_potter0_20": 0.7, "centre_pots_sparse20": 62.0, "centre_pots_potter0_20": 0.5}
[pair_J] {"steps": 3485696, "elapsed_s": 5886.8, "cramped_room_sparse20": 1.0, "cramped_room_potter0_20": 0.65, "centre_pots_sparse20": 65.0, "centre_pots_potter0_20": 0.5}
[pair_J] {"steps": 3487744, "elapsed_s": 5888.5, "cramped_room_sparse20": 1.0, "cramped_room_potter0_20": 0.6, "centre_pots_sparse20": 73.0, "centre_pots_potter0_20": 0.4}
[pair_J] {"steps": 3489792, "elapsed_s": 5889.8, "cramped_room_sparse20": 1.0, "cramped_room_potter0_20": 0.65, "centre_pots_sparse20": 72.0, "centre_pots_potter0_20": 0.4}
[pair_J] {"steps": 3491840, "elapsed_s": 5891.3, "cramped_room_sparse20": 1.0, "cramped_room_potter0_20": 0.6, "centre_pots_sparse20": 73.0, "centre_pots_potter0_20": 0.4}
[pair_J] {"steps": 3493888, "elapsed_s": 5892.9, "cramped_room_sparse20": 1.0, "cramped_room_potter0_20": 0.5, "centre_pots_sparse20": 74.0, "centre_pots_potter0_20": 0.4}
[pair_J] {"steps": 3495936, "elapsed_s": 5894.3, "cramped_room_sparse20": 0.0, "cramped_room_potter0_20": 0.4, "centre_pots_sparse20": 73.0, "centre_pots_potter0_20": 0.35}
[pair_J] {"steps": 3497984, "elapsed_s": 5895.9, "cramped_room_sparse20": 0.0, "cramped_room_potter0_20": 0.5, "centre_pots_sparse20": 69.0, "centre_pots_potter0_20": 0.3}
[pair_J] {"steps": 3500032, "elapsed_s": 5897.6, "cramped_room_sparse20": 0.0, "cramped_room_potter0_20": 0.45, "centre_pots_sparse20": 72.0, "centre_pots_potter0_20": 0.25}
[pair_J] {"steps": 3502080, "elapsed_s": 5899.0, "cramped_room_sparse20": 0.0, "cramped_room_potter0_20": 0.4, "centre_pots_sparse20": 74.0, "centre_pots_potter0_20": 0.2}
[pair_J] {"steps": 3504128, "elapsed_s": 5900.7, "cramped_room_sparse20": 0.0, "cramped_room_potter0_20": 0.4, "centre_pots_sparse20": 74.0, "centre_pots_potter0_20": 0.25}
[pair_J] {"steps": 3506176, "elapsed_s": 5902.6, "cramped_room_sparse20": 0.0, "cramped_room_potter0_20": 0.45, "centre_pots_sparse20": 75.0, "centre_pots_potter0_20": 0.2}
[pair_J] {"steps": 3508224, "elapsed_s": 5904.1, "cramped_room_sparse20": 0.0, "cramped_room_potter0_20": 0.45, "centre_pots_sparse20": 74.0, "centre_pots_potter0_20": 0.25}
[pair_J] {"steps": 3510272, "elapsed_s": 5905.8, "cramped_room_sparse20": 0.0, "cramped_room_potter0_20": 0.55, "centre_pots_sparse20": 78.0, "centre_pots_potter0_20": 0.25}
[pair_J] {"steps": 3512320, "elapsed_s": 5907.3, "cramped_room_sparse20": 0.0, "cramped_room_potter0_20": 0.6, "centre_pots_sparse20": 80.0, "centre_pots_potter0_20": 0.25}
[pair_J] {"steps": 3514368, "elapsed_s": 5909.1, "cramped_room_sparse20": 0.0, "cramped_room_potter0_20": 0.65, "centre_pots_sparse20": 88.0, "centre_pots_potter0_20": 0.2}
[pair_J] {"steps": 3516416, "elapsed_s": 5910.9, "cramped_room_sparse20": 0.0, "cramped_room_potter0_20": 0.7, "centre_pots_sparse20": 83.0, "centre_pots_potter0_20": 0.2}
[pair_J] {"steps": 3518464, "elapsed_s": 5912.8, "cramped_room_sparse20": 0.0, "cramped_room_potter0_20": 0.7, "centre_pots_sparse20": 85.0, "centre_pots_potter0_20": 0.15}
[pair_J] {"steps": 3520512, "elapsed_s": 5914.5, "cramped_room_sparse20": 0.0, "cramped_room_potter0_20": 0.65, "centre_pots_sparse20": 85.0, "centre_pots_potter0_20": 0.2}
[pair_J] {"steps": 3522560, "elapsed_s": 5916.5, "cramped_room_sparse20": 0.0, "cramped_room_potter0_20": 0.55, "centre_pots_sparse20": 87.0, "centre_pots_potter0_20": 0.25}
[pair_J] {"steps": 3524608, "elapsed_s": 5917.9, "cramped_room_sparse20": 0.0, "cramped_room_potter0_20": 0.55, "centre_pots_sparse20": 88.0, "centre_pots_potter0_20": 0.3}
[pair_J] {"steps": 3526656, "elapsed_s": 5919.5, "cramped_room_sparse20": 0.0, "cramped_room_potter0_20": 0.5, "centre_pots_sparse20": 83.0, "centre_pots_potter0_20": 0.3}
[pair_J] {"steps": 3528704, "elapsed_s": 5920.9, "cramped_room_sparse20": 0.0, "cramped_room_potter0_20": 0.5, "centre_pots_sparse20": 81.0, "centre_pots_potter0_20": 0.35}
[pair_J] {"steps": 3530752, "elapsed_s": 5922.7, "cramped_room_sparse20": 0.0, "cramped_room_potter0_20": 0.5, "centre_pots_sparse20": 79.0, "centre_pots_potter0_20": 0.4}
[pair_J] {"steps": 3532800, "elapsed_s": 5924.7, "cramped_room_sparse20": 0.0, "cramped_room_potter0_20": 0.5, "centre_pots_sparse20": 75.0, "centre_pots_potter0_20": 0.55}
[pair_J] {"steps": 3534848, "elapsed_s": 5926.6, "cramped_room_sparse20": 0.0, "cramped_room_potter0_20": 0.45, "centre_pots_sparse20": 70.0, "centre_pots_potter0_20": 0.65}
[pair_J] {"steps": 3536896, "elapsed_s": 5928.0, "cramped_room_sparse20": 0.0, "cramped_room_potter0_20": 0.45, "centre_pots_sparse20": 67.0, "centre_pots_potter0_20": 0.65}
[pair_J] {"steps": 3538944, "elapsed_s": 5929.9, "cramped_room_sparse20": 0.0, "cramped_room_potter0_20": 0.45, "centre_pots_sparse20": 58.0, "centre_pots_potter0_20": 0.65}
[pair_J] {"steps": 3540992, "elapsed_s": 5931.3, "cramped_room_sparse20": 0.0, "cramped_room_potter0_20": 0.5, "centre_pots_sparse20": 56.0, "centre_pots_potter0_20": 0.6}
[pair_J] {"steps": 3543040, "elapsed_s": 5932.8, "cramped_room_sparse20": 0.0, "cramped_room_potter0_20": 0.55, "centre_pots_sparse20": 59.0, "centre_pots_potter0_20": 0.65}
[pair_J] {"steps": 3545088, "elapsed_s": 5934.4, "cramped_room_sparse20": 0.0, "cramped_room_potter0_20": 0.65, "centre_pots_sparse20": 57.0, "centre_pots_potter0_20": 0.7}
[pair_J] {"steps": 3547136, "elapsed_s": 5935.7, "cramped_room_sparse20": 0.0, "cramped_room_potter0_20": 0.6, "centre_pots_sparse20": 57.0, "centre_pots_potter0_20": 0.7}
[pair_J] {"steps": 3549184, "elapsed_s": 5937.4, "cramped_room_sparse20": 0.0, "cramped_room_potter0_20": 0.55, "centre_pots_sparse20": 56.0, "centre_pots_potter0_20": 0.75}
[pair_J] {"steps": 3551232, "elapsed_s": 5938.9, "cramped_room_sparse20": 0.0, "cramped_room_potter0_20": 0.45, "centre_pots_sparse20": 58.0, "centre_pots_potter0_20": 0.7}
[pair_J] {"steps": 3553280, "elapsed_s": 5940.6, "cramped_room_sparse20": 0.0, "cramped_room_potter0_20": 0.4, "centre_pots_sparse20": 55.0, "centre_pots_potter0_20": 0.7}
[pair_J] {"steps": 3555328, "elapsed_s": 5942.2, "cramped_room_sparse20": 0.0, "cramped_room_potter0_20": 0.4, "centre_pots_sparse20": 58.0, "centre_pots_potter0_20": 0.6}
[pair_J] {"steps": 3557376, "elapsed_s": 5944.1, "cramped_room_sparse20": 0.0, "cramped_room_potter0_20": 0.4, "centre_pots_sparse20": 60.0, "centre_pots_potter0_20": 0.65}
[pair_J] {"steps": 3559424, "elapsed_s": 5946.0, "cramped_room_sparse20": 0.0, "cramped_room_potter0_20": 0.4, "centre_pots_sparse20": 66.0, "centre_pots_potter0_20": 0.65}
[pair_J] {"steps": 3561472, "elapsed_s": 5947.3, "cramped_room_sparse20": 0.0, "cramped_room_potter0_20": 0.4, "centre_pots_sparse20": 67.0, "centre_pots_potter0_20": 0.65}
[pair_J] {"steps": 3563520, "elapsed_s": 5948.8, "cramped_room_sparse20": 0.0, "cramped_room_potter0_20": 0.45, "centre_pots_sparse20": 69.0, "centre_pots_potter0_20": 0.65}
[pair_J] {"steps": 3565568, "elapsed_s": 5950.6, "cramped_room_sparse20": 0.0, "cramped_room_potter0_20": 0.5, "centre_pots_sparse20": 67.0, "centre_pots_potter0_20": 0.55}
[pair_J] {"steps": 3567616, "elapsed_s": 5952.5, "cramped_room_sparse20": 0.0, "cramped_room_potter0_20": 0.45, "centre_pots_sparse20": 80.0, "centre_pots_potter0_20": 0.45}
[pair_J] {"steps": 3569664, "elapsed_s": 5954.3, "cramped_room_sparse20": 0.0, "cramped_room_potter0_20": 0.5, "centre_pots_sparse20": 83.0, "centre_pots_potter0_20": 0.4}
[pair_J] {"steps": 3571712, "elapsed_s": 5955.8, "cramped_room_sparse20": 0.0, "cramped_room_potter0_20": 0.5, "centre_pots_sparse20": 84.0, "centre_pots_potter0_20": 0.4}
[pair_J] {"steps": 3573760, "elapsed_s": 5957.7, "cramped_room_sparse20": 0.0, "cramped_room_potter0_20": 0.55, "centre_pots_sparse20": 82.0, "centre_pots_potter0_20": 0.25}
[pair_J] {"steps": 3575808, "elapsed_s": 5959.2, "cramped_room_sparse20": 0.0, "cramped_room_potter0_20": 0.6, "centre_pots_sparse20": 83.0, "centre_pots_potter0_20": 0.3}
[pair_J] {"steps": 3577856, "elapsed_s": 5960.6, "cramped_room_sparse20": 0.0, "cramped_room_potter0_20": 0.65, "centre_pots_sparse20": 82.0, "centre_pots_potter0_20": 0.35}
[pair_J] {"steps": 3579904, "elapsed_s": 5962.4, "cramped_room_sparse20": 0.0, "cramped_room_potter0_20": 0.65, "centre_pots_sparse20": 77.0, "centre_pots_potter0_20": 0.35}
[pair_J] {"steps": 3581952, "elapsed_s": 5964.5, "cramped_room_sparse20": 0.0, "cramped_room_potter0_20": 0.65, "centre_pots_sparse20": 67.0, "centre_pots_potter0_20": 0.4}
[pair_J] {"steps": 3584000, "elapsed_s": 5966.4, "cramped_room_sparse20": 0.0, "cramped_room_potter0_20": 0.65, "centre_pots_sparse20": 63.0, "centre_pots_potter0_20": 0.5}
[pair_J] {"steps": 3586048, "elapsed_s": 5967.9, "cramped_room_sparse20": 0.0, "cramped_room_potter0_20": 0.7, "centre_pots_sparse20": 67.0, "centre_pots_potter0_20": 0.5}
[pair_J] {"steps": 3588096, "elapsed_s": 5969.9, "cramped_room_sparse20": 0.0, "cramped_room_potter0_20": 0.65, "centre_pots_sparse20": 66.0, "centre_pots_potter0_20": 0.55}
[pair_J] {"steps": 3590144, "elapsed_s": 5971.8, "cramped_room_sparse20": 0.0, "cramped_room_potter0_20": 0.65, "centre_pots_sparse20": 68.0, "centre_pots_potter0_20": 0.55}
[pair_J] {"steps": 3592192, "elapsed_s": 5973.7, "cramped_room_sparse20": 0.0, "cramped_room_potter0_20": 0.6, "centre_pots_sparse20": 73.0, "centre_pots_potter0_20": 0.6}
[pair_J] {"steps": 3594240, "elapsed_s": 5975.4, "cramped_room_sparse20": 0.0, "cramped_room_potter0_20": 0.6, "centre_pots_sparse20": 76.0, "centre_pots_potter0_20": 0.55}
[pair_J] {"steps": 3596288, "elapsed_s": 5977.1, "cramped_room_sparse20": 0.0, "cramped_room_potter0_20": 0.55, "centre_pots_sparse20": 81.0, "centre_pots_potter0_20": 0.55}
[pair_J] {"steps": 3598336, "elapsed_s": 5979.0, "cramped_room_sparse20": 0.0, "cramped_room_potter0_20": 0.6, "centre_pots_sparse20": 82.0, "centre_pots_potter0_20": 0.6}
[pair_J] {"steps": 3600384, "elapsed_s": 5980.6, "cramped_room_sparse20": 0.0, "cramped_room_potter0_20": 0.6, "centre_pots_sparse20": 81.0, "centre_pots_potter0_20": 0.65}
[pair_J] {"steps": 3602432, "elapsed_s": 5982.3, "cramped_room_sparse20": 0.0, "cramped_room_potter0_20": 0.6, "centre_pots_sparse20": 82.0, "centre_pots_potter0_20": 0.7}
[pair_J] {"steps": 3604480, "elapsed_s": 5984.0, "cramped_room_sparse20": 0.0, "cramped_room_potter0_20": 0.6, "centre_pots_sparse20": 84.0, "centre_pots_potter0_20": 0.7}
[pair_J] {"steps": 3606528, "elapsed_s": 5985.8, "cramped_room_sparse20": 0.0, "cramped_room_potter0_20": 0.5, "centre_pots_sparse20": 85.0, "centre_pots_potter0_20": 0.6}
[pair_J] {"steps": 3608576, "elapsed_s": 5987.6, "cramped_room_sparse20": 0.0, "cramped_room_potter0_20": 0.5, "centre_pots_sparse20": 88.0, "centre_pots_potter0_20": 0.55}
[pair_J] {"steps": 3610624, "elapsed_s": 5989.5, "cramped_room_sparse20": 0.0, "cramped_room_potter0_20": 0.5, "centre_pots_sparse20": 87.0, "centre_pots_potter0_20": 0.55}
[pair_J] {"steps": 3612672, "elapsed_s": 5991.2, "cramped_room_sparse20": 0.0, "cramped_room_potter0_20": 0.45, "centre_pots_sparse20": 90.0, "centre_pots_potter0_20": 0.45}
[pair_J] {"steps": 3614720, "elapsed_s": 5993.1, "cramped_room_sparse20": 0.0, "cramped_room_potter0_20": 0.4, "centre_pots_sparse20": 87.0, "centre_pots_potter0_20": 0.4}
[pair_J] {"steps": 3616768, "elapsed_s": 5994.5, "cramped_room_sparse20": 0.0, "cramped_room_potter0_20": 0.45, "centre_pots_sparse20": 87.0, "centre_pots_potter0_20": 0.35}
[pair_J] {"steps": 3618816, "elapsed_s": 5996.2, "cramped_room_sparse20": 0.0, "cramped_room_potter0_20": 0.45, "centre_pots_sparse20": 88.0, "centre_pots_potter0_20": 0.3}
[pair_J] {"steps": 3620864, "elapsed_s": 5998.1, "cramped_room_sparse20": 0.0, "cramped_room_potter0_20": 0.4, "centre_pots_sparse20": 92.0, "centre_pots_potter0_20": 0.25}
[pair_J] {"steps": 3622912, "elapsed_s": 5999.9, "cramped_room_sparse20": 0.0, "cramped_room_potter0_20": 0.45, "centre_pots_sparse20": 95.0, "centre_pots_potter0_20": 0.35}
[pair_J] {"steps": 3624960, "elapsed_s": 6001.7, "cramped_room_sparse20": 0.0, "cramped_room_potter0_20": 0.4, "centre_pots_sparse20": 99.0, "centre_pots_potter0_20": 0.3}
[pair_J] {"steps": 3627008, "elapsed_s": 6003.1, "cramped_room_sparse20": 0.0, "cramped_room_potter0_20": 0.35, "centre_pots_sparse20": 97.0, "centre_pots_potter0_20": 0.35}
[pair_J] {"steps": 3629056, "elapsed_s": 6005.0, "cramped_room_sparse20": 0.0, "cramped_room_potter0_20": 0.35, "centre_pots_sparse20": 93.0, "centre_pots_potter0_20": 0.45}
[pair_J] {"steps": 3631104, "elapsed_s": 6006.6, "cramped_room_sparse20": 0.0, "cramped_room_potter0_20": 0.3, "centre_pots_sparse20": 94.0, "centre_pots_potter0_20": 0.4}
[pair_J] {"steps": 3633152, "elapsed_s": 6008.0, "cramped_room_sparse20": 0.0, "cramped_room_potter0_20": 0.3, "centre_pots_sparse20": 91.0, "centre_pots_potter0_20": 0.35}
[pair_J] {"steps": 3635200, "elapsed_s": 6009.8, "cramped_room_sparse20": 0.0, "cramped_room_potter0_20": 0.25, "centre_pots_sparse20": 85.0, "centre_pots_potter0_20": 0.4}
[pair_J] {"steps": 3637248, "elapsed_s": 6011.7, "cramped_room_sparse20": 0.0, "cramped_room_potter0_20": 0.25, "centre_pots_sparse20": 77.0, "centre_pots_potter0_20": 0.55}
[pair_J] {"steps": 3639296, "elapsed_s": 6013.4, "cramped_room_sparse20": 0.0, "cramped_room_potter0_20": 0.25, "centre_pots_sparse20": 70.0, "centre_pots_potter0_20": 0.55}
[pair_J] {"steps": 3641344, "elapsed_s": 6015.1, "cramped_room_sparse20": 0.0, "cramped_room_potter0_20": 0.2, "centre_pots_sparse20": 66.0, "centre_pots_potter0_20": 0.55}
[pair_J] {"steps": 3643392, "elapsed_s": 6017.1, "cramped_room_sparse20": 0.0, "cramped_room_potter0_20": 0.2, "centre_pots_sparse20": 62.0, "centre_pots_potter0_20": 0.4}
[pair_J] {"steps": 3645440, "elapsed_s": 6018.7, "cramped_room_sparse20": 0.0, "cramped_room_potter0_20": 0.2, "centre_pots_sparse20": 65.0, "centre_pots_potter0_20": 0.35}
[pair_J] {"steps": 3647488, "elapsed_s": 6020.0, "cramped_room_sparse20": 0.0, "cramped_room_potter0_20": 0.2, "centre_pots_sparse20": 65.0, "centre_pots_potter0_20": 0.35}
[pair_J] {"steps": 3649536, "elapsed_s": 6021.5, "cramped_room_sparse20": 0.0, "cramped_room_potter0_20": 0.35, "centre_pots_sparse20": 67.0, "centre_pots_potter0_20": 0.35}
[pair_J] {"steps": 3651584, "elapsed_s": 6023.1, "cramped_room_sparse20": 0.0, "cramped_room_potter0_20": 0.4, "centre_pots_sparse20": 68.0, "centre_pots_potter0_20": 0.35}
[pair_J] {"steps": 3653632, "elapsed_s": 6025.0, "cramped_room_sparse20": 0.0, "cramped_room_potter0_20": 0.45, "centre_pots_sparse20": 76.0, "centre_pots_potter0_20": 0.25}
[pair_J] {"steps": 3655680, "elapsed_s": 6027.1, "cramped_room_sparse20": 0.0, "cramped_room_potter0_20": 0.45, "centre_pots_sparse20": 83.0, "centre_pots_potter0_20": 0.3}
[pair_J] {"steps": 3657728, "elapsed_s": 6029.2, "cramped_room_sparse20": 0.0, "cramped_room_potter0_20": 0.45, "centre_pots_sparse20": 89.0, "centre_pots_potter0_20": 0.4}
[pair_J] {"steps": 3659776, "elapsed_s": 6030.9, "cramped_room_sparse20": 0.0, "cramped_room_potter0_20": 0.45, "centre_pots_sparse20": 90.0, "centre_pots_potter0_20": 0.55}
[pair_J] {"steps": 3661824, "elapsed_s": 6032.4, "cramped_room_sparse20": 0.0, "cramped_room_potter0_20": 0.45, "centre_pots_sparse20": 90.0, "centre_pots_potter0_20": 0.5}
[pair_J] {"steps": 3663872, "elapsed_s": 6034.4, "cramped_room_sparse20": 0.0, "cramped_room_potter0_20": 0.45, "centre_pots_sparse20": 90.0, "centre_pots_potter0_20": 0.5}
[pair_J] {"steps": 3665920, "elapsed_s": 6035.6, "cramped_room_sparse20": 0.0, "cramped_room_potter0_20": 0.65, "centre_pots_sparse20": 90.0, "centre_pots_potter0_20": 0.5}
[pair_J] {"steps": 3667968, "elapsed_s": 6037.2, "cramped_room_sparse20": 0.0, "cramped_room_potter0_20": 0.7, "centre_pots_sparse20": 91.0, "centre_pots_potter0_20": 0.5}
[pair_J] {"steps": 3670016, "elapsed_s": 6038.8, "cramped_room_sparse20": 0.0, "cramped_room_potter0_20": 0.75, "centre_pots_sparse20": 90.0, "centre_pots_potter0_20": 0.5}
[pair_J] {"steps": 3672064, "elapsed_s": 6040.6, "cramped_room_sparse20": 0.0, "cramped_room_potter0_20": 0.75, "centre_pots_sparse20": 90.0, "centre_pots_potter0_20": 0.45}
[pair_J] {"steps": 3674112, "elapsed_s": 6042.3, "cramped_room_sparse20": 0.0, "cramped_room_potter0_20": 0.8, "centre_pots_sparse20": 93.0, "centre_pots_potter0_20": 0.45}
[pair_J] {"steps": 3676160, "elapsed_s": 6044.0, "cramped_room_sparse20": 0.0, "cramped_room_potter0_20": 0.8, "centre_pots_sparse20": 92.0, "centre_pots_potter0_20": 0.45}
[pair_J] {"steps": 3678208, "elapsed_s": 6045.8, "cramped_room_sparse20": 0.0, "cramped_room_potter0_20": 0.85, "centre_pots_sparse20": 94.0, "centre_pots_potter0_20": 0.3}
[pair_J] {"steps": 3680256, "elapsed_s": 6047.7, "cramped_room_sparse20": 0.0, "cramped_room_potter0_20": 0.85, "centre_pots_sparse20": 91.0, "centre_pots_potter0_20": 0.3}
[pair_J] {"steps": 3682304, "elapsed_s": 6049.4, "cramped_room_sparse20": 0.0, "cramped_room_potter0_20": 0.85, "centre_pots_sparse20": 89.0, "centre_pots_potter0_20": 0.3}
[pair_J] {"steps": 3684352, "elapsed_s": 6050.9, "cramped_room_sparse20": 0.0, "cramped_room_potter0_20": 0.9, "centre_pots_sparse20": 88.0, "centre_pots_potter0_20": 0.3}
[pair_J] {"steps": 3686400, "elapsed_s": 6052.6, "cramped_room_sparse20": 0.0, "cramped_room_potter0_20": 0.9, "centre_pots_sparse20": 85.0, "centre_pots_potter0_20": 0.2}
[pair_J] {"steps": 3688448, "elapsed_s": 6054.3, "cramped_room_sparse20": 0.0, "cramped_room_potter0_20": 0.9, "centre_pots_sparse20": 84.0, "centre_pots_potter0_20": 0.2}
[pair_J] {"steps": 3690496, "elapsed_s": 6056.0, "cramped_room_sparse20": 0.0, "cramped_room_potter0_20": 0.85, "centre_pots_sparse20": 84.0, "centre_pots_potter0_20": 0.1}
[pair_J] {"steps": 3692544, "elapsed_s": 6057.4, "cramped_room_sparse20": 0.0, "cramped_room_potter0_20": 0.75, "centre_pots_sparse20": 85.0, "centre_pots_potter0_20": 0.1}
[pair_J] {"steps": 3694592, "elapsed_s": 6059.1, "cramped_room_sparse20": 0.0, "cramped_room_potter0_20": 0.75, "centre_pots_sparse20": 83.0, "centre_pots_potter0_20": 0.2}
[pair_J] {"steps": 3696640, "elapsed_s": 6060.9, "cramped_room_sparse20": 0.0, "cramped_room_potter0_20": 0.7, "centre_pots_sparse20": 83.0, "centre_pots_potter0_20": 0.3}
[pair_J] {"steps": 3698688, "elapsed_s": 6062.5, "cramped_room_sparse20": 0.0, "cramped_room_potter0_20": 0.75, "centre_pots_sparse20": 85.0, "centre_pots_potter0_20": 0.2}
[pair_J] {"steps": 3700736, "elapsed_s": 6064.2, "cramped_room_sparse20": 0.0, "cramped_room_potter0_20": 0.75, "centre_pots_sparse20": 84.0, "centre_pots_potter0_20": 0.2}
[pair_J] {"steps": 3702784, "elapsed_s": 6065.8, "cramped_room_sparse20": 0.0, "cramped_room_potter0_20": 0.8, "centre_pots_sparse20": 83.0, "centre_pots_potter0_20": 0.2}
[pair_J] {"steps": 3704832, "elapsed_s": 6067.3, "cramped_room_sparse20": 0.0, "cramped_room_potter0_20": 0.65, "centre_pots_sparse20": 81.0, "centre_pots_potter0_20": 0.2}
[pair_J] {"steps": 3706880, "elapsed_s": 6069.2, "cramped_room_sparse20": 0.0, "cramped_room_potter0_20": 0.65, "centre_pots_sparse20": 78.0, "centre_pots_potter0_20": 0.3}
[pair_J] {"steps": 3708928, "elapsed_s": 6070.6, "cramped_room_sparse20": 0.0, "cramped_room_potter0_20": 0.65, "centre_pots_sparse20": 74.0, "centre_pots_potter0_20": 0.3}
[pair_J] {"steps": 3710976, "elapsed_s": 6072.4, "cramped_room_sparse20": 0.0, "cramped_room_potter0_20": 0.7, "centre_pots_sparse20": 72.0, "centre_pots_potter0_20": 0.4}
[pair_J] {"steps": 3713024, "elapsed_s": 6074.2, "cramped_room_sparse20": 0.0, "cramped_room_potter0_20": 0.7, "centre_pots_sparse20": 69.0, "centre_pots_potter0_20": 0.35}
[pair_J] {"steps": 3715072, "elapsed_s": 6075.6, "cramped_room_sparse20": 0.0, "cramped_room_potter0_20": 0.75, "centre_pots_sparse20": 67.0, "centre_pots_potter0_20": 0.3}
[pair_J] {"steps": 3717120, "elapsed_s": 6077.4, "cramped_room_sparse20": 0.0, "cramped_room_potter0_20": 0.75, "centre_pots_sparse20": 65.0, "centre_pots_potter0_20": 0.3}
[pair_J] {"steps": 3719168, "elapsed_s": 6078.8, "cramped_room_sparse20": 0.0, "cramped_room_potter0_20": 0.8, "centre_pots_sparse20": 65.0, "centre_pots_potter0_20": 0.35}
[pair_J] {"steps": 3721216, "elapsed_s": 6080.3, "cramped_room_sparse20": 0.0, "cramped_room_potter0_20": 0.7, "centre_pots_sparse20": 63.0, "centre_pots_potter0_20": 0.4}
[pair_J] {"steps": 3723264, "elapsed_s": 6082.1, "cramped_room_sparse20": 0.0, "cramped_room_potter0_20": 0.7, "centre_pots_sparse20": 66.0, "centre_pots_potter0_20": 0.4}
[pair_J] {"steps": 3725312, "elapsed_s": 6083.9, "cramped_room_sparse20": 0.0, "cramped_room_potter0_20": 0.65, "centre_pots_sparse20": 65.0, "centre_pots_potter0_20": 0.4}
[pair_J] {"steps": 3727360, "elapsed_s": 6085.6, "cramped_room_sparse20": 0.0, "cramped_room_potter0_20": 0.75, "centre_pots_sparse20": 70.0, "centre_pots_potter0_20": 0.3}
[pair_J] {"steps": 3729408, "elapsed_s": 6087.0, "cramped_room_sparse20": 0.0, "cramped_room_potter0_20": 0.75, "centre_pots_sparse20": 71.0, "centre_pots_potter0_20": 0.25}
[pair_J] {"steps": 3731456, "elapsed_s": 6088.8, "cramped_room_sparse20": 0.0, "cramped_room_potter0_20": 0.75, "centre_pots_sparse20": 73.0, "centre_pots_potter0_20": 0.15}
[pair_J] {"steps": 3733504, "elapsed_s": 6090.6, "cramped_room_sparse20": 0.0, "cramped_room_potter0_20": 0.75, "centre_pots_sparse20": 79.0, "centre_pots_potter0_20": 0.2}
[pair_J] {"steps": 3735552, "elapsed_s": 6092.2, "cramped_room_sparse20": 0.0, "cramped_room_potter0_20": 0.75, "centre_pots_sparse20": 81.0, "centre_pots_potter0_20": 0.2}
[pair_J] {"steps": 3737600, "elapsed_s": 6093.9, "cramped_room_sparse20": 0.0, "cramped_room_potter0_20": 0.75, "centre_pots_sparse20": 88.0, "centre_pots_potter0_20": 0.15}
[pair_J] {"steps": 3739648, "elapsed_s": 6095.9, "cramped_room_sparse20": 0.0, "cramped_room_potter0_20": 0.75, "centre_pots_sparse20": 88.0, "centre_pots_potter0_20": 0.2}
[pair_J] {"steps": 3741696, "elapsed_s": 6097.2, "cramped_room_sparse20": 0.0, "cramped_room_potter0_20": 0.75, "centre_pots_sparse20": 88.0, "centre_pots_potter0_20": 0.2}
[pair_J] {"steps": 3743744, "elapsed_s": 6099.1, "cramped_room_sparse20": 0.0, "cramped_room_potter0_20": 0.7, "centre_pots_sparse20": 88.0, "centre_pots_potter0_20": 0.3}
[pair_J] {"steps": 3745792, "elapsed_s": 6100.8, "cramped_room_sparse20": 0.0, "cramped_room_potter0_20": 0.7, "centre_pots_sparse20": 89.0, "centre_pots_potter0_20": 0.35}
[pair_J] {"steps": 3747840, "elapsed_s": 6102.8, "cramped_room_sparse20": 0.0, "cramped_room_potter0_20": 0.7, "centre_pots_sparse20": 91.0, "centre_pots_potter0_20": 0.35}
[pair_J] {"steps": 3749888, "elapsed_s": 6104.4, "cramped_room_sparse20": 0.0, "cramped_room_potter0_20": 0.7, "centre_pots_sparse20": 90.0, "centre_pots_potter0_20": 0.35}
[pair_J] {"steps": 3751936, "elapsed_s": 6105.9, "cramped_room_sparse20": 0.0, "cramped_room_potter0_20": 0.7, "centre_pots_sparse20": 92.0, "centre_pots_potter0_20": 0.4}
[pair_J] {"steps": 3753984, "elapsed_s": 6107.6, "cramped_room_sparse20": 0.0, "cramped_room_potter0_20": 0.65, "centre_pots_sparse20": 89.0, "centre_pots_potter0_20": 0.4}
[pair_J] {"steps": 3756032, "elapsed_s": 6109.2, "cramped_room_sparse20": 0.0, "cramped_room_potter0_20": 0.6, "centre_pots_sparse20": 87.0, "centre_pots_potter0_20": 0.4}
[pair_J] {"steps": 3758080, "elapsed_s": 6111.0, "cramped_room_sparse20": 0.0, "cramped_room_potter0_20": 0.55, "centre_pots_sparse20": 90.0, "centre_pots_potter0_20": 0.3}
[pair_J] {"steps": 3760128, "elapsed_s": 6112.8, "cramped_room_sparse20": 0.0, "cramped_room_potter0_20": 0.55, "centre_pots_sparse20": 91.0, "centre_pots_potter0_20": 0.3}
[pair_J] {"steps": 3762176, "elapsed_s": 6114.4, "cramped_room_sparse20": 0.0, "cramped_room_potter0_20": 0.6, "centre_pots_sparse20": 94.0, "centre_pots_potter0_20": 0.25}
[pair_J] {"steps": 3764224, "elapsed_s": 6116.1, "cramped_room_sparse20": 0.0, "cramped_room_potter0_20": 0.45, "centre_pots_sparse20": 96.0, "centre_pots_potter0_20": 0.25}
[pair_J] {"steps": 3766272, "elapsed_s": 6117.5, "cramped_room_sparse20": 0.0, "cramped_room_potter0_20": 0.55, "centre_pots_sparse20": 93.0, "centre_pots_potter0_20": 0.3}
[pair_J] {"steps": 3768320, "elapsed_s": 6119.3, "cramped_room_sparse20": 0.0, "cramped_room_potter0_20": 0.55, "centre_pots_sparse20": 92.0, "centre_pots_potter0_20": 0.25}
[pair_J] {"steps": 3770368, "elapsed_s": 6120.9, "cramped_room_sparse20": 0.0, "cramped_room_potter0_20": 0.55, "centre_pots_sparse20": 91.0, "centre_pots_potter0_20": 0.35}
[pair_J] {"steps": 3772416, "elapsed_s": 6123.1, "cramped_room_sparse20": 0.0, "cramped_room_potter0_20": 0.65, "centre_pots_sparse20": 93.0, "centre_pots_potter0_20": 0.25}
[pair_J] {"steps": 3774464, "elapsed_s": 6124.4, "cramped_room_sparse20": 0.0, "cramped_room_potter0_20": 0.6, "centre_pots_sparse20": 91.0, "centre_pots_potter0_20": 0.25}
[pair_J] {"steps": 3776512, "elapsed_s": 6126.0, "cramped_room_sparse20": 0.0, "cramped_room_potter0_20": 0.7, "centre_pots_sparse20": 88.0, "centre_pots_potter0_20": 0.25}
[pair_J] {"steps": 3778560, "elapsed_s": 6127.9, "cramped_room_sparse20": 0.0, "cramped_room_potter0_20": 0.7, "centre_pots_sparse20": 79.0, "centre_pots_potter0_20": 0.3}
[pair_J] {"steps": 3780608, "elapsed_s": 6129.8, "cramped_room_sparse20": 0.0, "cramped_room_potter0_20": 0.7, "centre_pots_sparse20": 77.0, "centre_pots_potter0_20": 0.25}
[pair_J] {"steps": 3782656, "elapsed_s": 6131.4, "cramped_room_sparse20": 0.0, "cramped_room_potter0_20": 0.7, "centre_pots_sparse20": 77.0, "centre_pots_potter0_20": 0.25}
[pair_J] {"steps": 3784704, "elapsed_s": 6133.0, "cramped_room_sparse20": 0.0, "cramped_room_potter0_20": 0.8, "centre_pots_sparse20": 79.0, "centre_pots_potter0_20": 0.2}
[pair_J] {"steps": 3786752, "elapsed_s": 6134.7, "cramped_room_sparse20": 0.0, "cramped_room_potter0_20": 0.7, "centre_pots_sparse20": 75.0, "centre_pots_potter0_20": 0.2}
[pair_J] {"steps": 3788800, "elapsed_s": 6136.2, "cramped_room_sparse20": 0.0, "cramped_room_potter0_20": 0.7, "centre_pots_sparse20": 72.0, "centre_pots_potter0_20": 0.25}
[pair_J] {"steps": 3790848, "elapsed_s": 6138.1, "cramped_room_sparse20": 0.0, "cramped_room_potter0_20": 0.7, "centre_pots_sparse20": 71.0, "centre_pots_potter0_20": 0.35}
[pair_J] {"steps": 3792896, "elapsed_s": 6139.5, "cramped_room_sparse20": 0.0, "cramped_room_potter0_20": 0.75, "centre_pots_sparse20": 69.0, "centre_pots_potter0_20": 0.4}
[pair_J] {"steps": 3794944, "elapsed_s": 6141.0, "cramped_room_sparse20": 0.0, "cramped_room_potter0_20": 0.75, "centre_pots_sparse20": 69.0, "centre_pots_potter0_20": 0.35}
[pair_J] {"steps": 3796992, "elapsed_s": 6142.8, "cramped_room_sparse20": 0.0, "cramped_room_potter0_20": 0.7, "centre_pots_sparse20": 68.0, "centre_pots_potter0_20": 0.3}
[pair_J] {"steps": 3799040, "elapsed_s": 6144.6, "cramped_room_sparse20": 0.0, "cramped_room_potter0_20": 0.7, "centre_pots_sparse20": 65.0, "centre_pots_potter0_20": 0.35}
[pair_J] {"steps": 3801088, "elapsed_s": 6146.1, "cramped_room_sparse20": 0.0, "cramped_room_potter0_20": 0.7, "centre_pots_sparse20": 63.0, "centre_pots_potter0_20": 0.5}
[pair_J] {"steps": 3803136, "elapsed_s": 6147.7, "cramped_room_sparse20": 0.0, "cramped_room_potter0_20": 0.65, "centre_pots_sparse20": 64.0, "centre_pots_potter0_20": 0.5}
[pair_J] {"steps": 3805184, "elapsed_s": 6149.5, "cramped_room_sparse20": 0.0, "cramped_room_potter0_20": 0.7, "centre_pots_sparse20": 65.0, "centre_pots_potter0_20": 0.45}
[pair_J] {"steps": 3807232, "elapsed_s": 6151.4, "cramped_room_sparse20": 0.0, "cramped_room_potter0_20": 0.65, "centre_pots_sparse20": 68.0, "centre_pots_potter0_20": 0.5}
[pair_J] {"steps": 3809280, "elapsed_s": 6153.0, "cramped_room_sparse20": 0.0, "cramped_room_potter0_20": 0.6, "centre_pots_sparse20": 70.0, "centre_pots_potter0_20": 0.4}
[pair_J] {"steps": 3811328, "elapsed_s": 6154.4, "cramped_room_sparse20": 0.0, "cramped_room_potter0_20": 0.6, "centre_pots_sparse20": 68.0, "centre_pots_potter0_20": 0.45}
[pair_J] {"steps": 3813376, "elapsed_s": 6156.4, "cramped_room_sparse20": 0.0, "cramped_room_potter0_20": 0.55, "centre_pots_sparse20": 74.0, "centre_pots_potter0_20": 0.45}
[pair_J] {"steps": 3815424, "elapsed_s": 6158.2, "cramped_room_sparse20": 0.0, "cramped_room_potter0_20": 0.4, "centre_pots_sparse20": 78.0, "centre_pots_potter0_20": 0.45}
[pair_J] {"steps": 3817472, "elapsed_s": 6160.0, "cramped_room_sparse20": 0.0, "cramped_room_potter0_20": 0.5, "centre_pots_sparse20": 83.0, "centre_pots_potter0_20": 0.3}
[pair_J] {"steps": 3819520, "elapsed_s": 6161.4, "cramped_room_sparse20": 0.0, "cramped_room_potter0_20": 0.55, "centre_pots_sparse20": 83.0, "centre_pots_potter0_20": 0.3}
[pair_J] {"steps": 3821568, "elapsed_s": 6163.0, "cramped_room_sparse20": 0.0, "cramped_room_potter0_20": 0.6, "centre_pots_sparse20": 88.0, "centre_pots_potter0_20": 0.3}
[pair_J] {"steps": 3823616, "elapsed_s": 6164.7, "cramped_room_sparse20": 0.0, "cramped_room_potter0_20": 0.6, "centre_pots_sparse20": 83.0, "centre_pots_potter0_20": 0.35}
[pair_J] {"steps": 3825664, "elapsed_s": 6166.2, "cramped_room_sparse20": 0.0, "cramped_room_potter0_20": 0.65, "centre_pots_sparse20": 80.0, "centre_pots_potter0_20": 0.4}
[pair_J] {"steps": 3827712, "elapsed_s": 6168.1, "cramped_room_sparse20": 0.0, "cramped_room_potter0_20": 0.55, "centre_pots_sparse20": 78.0, "centre_pots_potter0_20": 0.45}
[pair_J] {"steps": 3829760, "elapsed_s": 6169.8, "cramped_room_sparse20": 0.0, "cramped_room_potter0_20": 0.55, "centre_pots_sparse20": 74.0, "centre_pots_potter0_20": 0.45}
[pair_J] {"steps": 3831808, "elapsed_s": 6171.6, "cramped_room_sparse20": 0.0, "cramped_room_potter0_20": 0.55, "centre_pots_sparse20": 78.0, "centre_pots_potter0_20": 0.45}
[pair_J] {"steps": 3833856, "elapsed_s": 6173.1, "cramped_room_sparse20": 0.0, "cramped_room_potter0_20": 0.55, "centre_pots_sparse20": 78.0, "centre_pots_potter0_20": 0.45}
[pair_J] {"steps": 3835904, "elapsed_s": 6174.8, "cramped_room_sparse20": 0.0, "cramped_room_potter0_20": 0.5, "centre_pots_sparse20": 75.0, "centre_pots_potter0_20": 0.5}
[pair_J] {"steps": 3837952, "elapsed_s": 6176.4, "cramped_room_sparse20": 0.0, "cramped_room_potter0_20": 0.45, "centre_pots_sparse20": 70.0, "centre_pots_potter0_20": 0.45}
[pair_J] {"steps": 3840000, "elapsed_s": 6178.1, "cramped_room_sparse20": 0.0, "cramped_room_potter0_20": 0.45, "centre_pots_sparse20": 69.0, "centre_pots_potter0_20": 0.45}
[pair_J] {"steps": 3842048, "elapsed_s": 6179.6, "cramped_room_sparse20": 0.0, "cramped_room_potter0_20": 0.4, "centre_pots_sparse20": 73.0, "centre_pots_potter0_20": 0.4}
[pair_J] {"steps": 3844096, "elapsed_s": 6181.5, "cramped_room_sparse20": 0.0, "cramped_room_potter0_20": 0.4, "centre_pots_sparse20": 80.0, "centre_pots_potter0_20": 0.3}
[pair_J] {"steps": 3846144, "elapsed_s": 6183.2, "cramped_room_sparse20": 0.0, "cramped_room_potter0_20": 0.4, "centre_pots_sparse20": 80.0, "centre_pots_potter0_20": 0.2}
[pair_J] {"steps": 3848192, "elapsed_s": 6185.0, "cramped_room_sparse20": 0.0, "cramped_room_potter0_20": 0.4, "centre_pots_sparse20": 82.0, "centre_pots_potter0_20": 0.2}
[pair_J] {"steps": 3850240, "elapsed_s": 6186.8, "cramped_room_sparse20": 0.0, "cramped_room_potter0_20": 0.45, "centre_pots_sparse20": 79.0, "centre_pots_potter0_20": 0.15}
[pair_J] {"steps": 3852288, "elapsed_s": 6188.3, "cramped_room_sparse20": 0.0, "cramped_room_potter0_20": 0.45, "centre_pots_sparse20": 86.0, "centre_pots_potter0_20": 0.15}
[pair_J] {"steps": 3854336, "elapsed_s": 6190.1, "cramped_room_sparse20": 0.0, "cramped_room_potter0_20": 0.45, "centre_pots_sparse20": 86.0, "centre_pots_potter0_20": 0.25}
[pair_J] {"steps": 3856384, "elapsed_s": 6191.5, "cramped_room_sparse20": 0.0, "cramped_room_potter0_20": 0.5, "centre_pots_sparse20": 82.0, "centre_pots_potter0_20": 0.3}
[pair_J] {"steps": 3858432, "elapsed_s": 6193.5, "cramped_room_sparse20": 0.0, "cramped_room_potter0_20": 0.45, "centre_pots_sparse20": 84.0, "centre_pots_potter0_20": 0.2}
[pair_J] {"steps": 3860480, "elapsed_s": 6195.3, "cramped_room_sparse20": 0.0, "cramped_room_potter0_20": 0.45, "centre_pots_sparse20": 80.0, "centre_pots_potter0_20": 0.2}
[pair_J] {"steps": 3862528, "elapsed_s": 6197.1, "cramped_room_sparse20": 0.0, "cramped_room_potter0_20": 0.45, "centre_pots_sparse20": 76.0, "centre_pots_potter0_20": 0.25}
[pair_J] {"steps": 3864576, "elapsed_s": 6199.2, "cramped_room_sparse20": 0.0, "cramped_room_potter0_20": 0.45, "centre_pots_sparse20": 71.0, "centre_pots_potter0_20": 0.25}
[pair_J] {"steps": 3866624, "elapsed_s": 6201.0, "cramped_room_sparse20": 0.0, "cramped_room_potter0_20": 0.45, "centre_pots_sparse20": 66.0, "centre_pots_potter0_20": 0.2}
[pair_J] {"steps": 3868672, "elapsed_s": 6202.5, "cramped_room_sparse20": 0.0, "cramped_room_potter0_20": 0.4, "centre_pots_sparse20": 69.0, "centre_pots_potter0_20": 0.2}
[pair_J] {"steps": 3870720, "elapsed_s": 6204.3, "cramped_room_sparse20": 0.0, "cramped_room_potter0_20": 0.4, "centre_pots_sparse20": 70.0, "centre_pots_potter0_20": 0.2}
[pair_J] {"steps": 3872768, "elapsed_s": 6205.5, "cramped_room_sparse20": 0.0, "cramped_room_potter0_20": 0.4, "centre_pots_sparse20": 69.0, "centre_pots_potter0_20": 0.2}
[pair_J] {"steps": 3874816, "elapsed_s": 6207.4, "cramped_room_sparse20": 0.0, "cramped_room_potter0_20": 0.35, "centre_pots_sparse20": 69.0, "centre_pots_potter0_20": 0.2}
[pair_J] {"steps": 3876864, "elapsed_s": 6209.3, "cramped_room_sparse20": 0.0, "cramped_room_potter0_20": 0.35, "centre_pots_sparse20": 70.0, "centre_pots_potter0_20": 0.15}
[pair_J] {"steps": 3878912, "elapsed_s": 6211.1, "cramped_room_sparse20": 0.0, "cramped_room_potter0_20": 0.35, "centre_pots_sparse20": 63.0, "centre_pots_potter0_20": 0.15}
[pair_J] {"steps": 3880960, "elapsed_s": 6212.8, "cramped_room_sparse20": 0.0, "cramped_room_potter0_20": 0.4, "centre_pots_sparse20": 65.0, "centre_pots_potter0_20": 0.1}
[pair_J] {"steps": 3883008, "elapsed_s": 6214.9, "cramped_room_sparse20": 0.0, "cramped_room_potter0_20": 0.4, "centre_pots_sparse20": 62.0, "centre_pots_potter0_20": 0.05}
[pair_J] {"steps": 3885056, "elapsed_s": 6216.7, "cramped_room_sparse20": 0.0, "cramped_room_potter0_20": 0.45, "centre_pots_sparse20": 61.0, "centre_pots_potter0_20": 0.05}
[pair_J] {"steps": 3887104, "elapsed_s": 6218.3, "cramped_room_sparse20": 0.0, "cramped_room_potter0_20": 0.45, "centre_pots_sparse20": 64.0, "centre_pots_potter0_20": 0.05}
[pair_J] {"steps": 3889152, "elapsed_s": 6220.1, "cramped_room_sparse20": 0.0, "cramped_room_potter0_20": 0.45, "centre_pots_sparse20": 60.0, "centre_pots_potter0_20": 0.05}
[pair_J] {"steps": 3891200, "elapsed_s": 6221.8, "cramped_room_sparse20": 0.0, "cramped_room_potter0_20": 0.5, "centre_pots_sparse20": 59.0, "centre_pots_potter0_20": 0.15}
[pair_J] {"steps": 3893248, "elapsed_s": 6223.5, "cramped_room_sparse20": 0.0, "cramped_room_potter0_20": 0.55, "centre_pots_sparse20": 66.0, "centre_pots_potter0_20": 0.15}
[pair_J] {"steps": 3895296, "elapsed_s": 6225.2, "cramped_room_sparse20": 0.0, "cramped_room_potter0_20": 0.55, "centre_pots_sparse20": 71.0, "centre_pots_potter0_20": 0.2}
[pair_J] {"steps": 3897344, "elapsed_s": 6226.7, "cramped_room_sparse20": 0.0, "cramped_room_potter0_20": 0.65, "centre_pots_sparse20": 70.0, "centre_pots_potter0_20": 0.2}
[pair_J] {"steps": 3899392, "elapsed_s": 6228.8, "cramped_room_sparse20": 0.0, "cramped_room_potter0_20": 0.65, "centre_pots_sparse20": 75.0, "centre_pots_potter0_20": 0.3}
[pair_J] {"steps": 3901440, "elapsed_s": 6230.5, "cramped_room_sparse20": 0.0, "cramped_room_potter0_20": 0.6, "centre_pots_sparse20": 71.0, "centre_pots_potter0_20": 0.3}
[pair_J] {"steps": 3903488, "elapsed_s": 6231.7, "cramped_room_sparse20": 0.0, "cramped_room_potter0_20": 0.55, "centre_pots_sparse20": 71.0, "centre_pots_potter0_20": 0.3}
[pair_J] {"steps": 3905536, "elapsed_s": 6233.3, "cramped_room_sparse20": 0.0, "cramped_room_potter0_20": 0.65, "centre_pots_sparse20": 72.0, "centre_pots_potter0_20": 0.3}
[pair_J] {"steps": 3907584, "elapsed_s": 6234.7, "cramped_room_sparse20": 0.0, "cramped_room_potter0_20": 0.5, "centre_pots_sparse20": 74.0, "centre_pots_potter0_20": 0.3}
[pair_J] {"steps": 3909632, "elapsed_s": 6236.6, "cramped_room_sparse20": 0.0, "cramped_room_potter0_20": 0.5, "centre_pots_sparse20": 79.0, "centre_pots_potter0_20": 0.25}
[pair_J] {"steps": 3911680, "elapsed_s": 6238.4, "cramped_room_sparse20": 0.0, "cramped_room_potter0_20": 0.5, "centre_pots_sparse20": 80.0, "centre_pots_potter0_20": 0.35}
[pair_J] {"steps": 3913728, "elapsed_s": 6240.0, "cramped_room_sparse20": 0.0, "cramped_room_potter0_20": 0.5, "centre_pots_sparse20": 81.0, "centre_pots_potter0_20": 0.3}
[pair_J] {"steps": 3915776, "elapsed_s": 6241.8, "cramped_room_sparse20": 0.0, "cramped_room_potter0_20": 0.5, "centre_pots_sparse20": 87.0, "centre_pots_potter0_20": 0.3}
[pair_J] {"steps": 3917824, "elapsed_s": 6243.6, "cramped_room_sparse20": 0.0, "cramped_room_potter0_20": 0.5, "centre_pots_sparse20": 94.0, "centre_pots_potter0_20": 0.25}
[pair_J] {"steps": 3919872, "elapsed_s": 6245.4, "cramped_room_sparse20": 0.0, "cramped_room_potter0_20": 0.45, "centre_pots_sparse20": 97.0, "centre_pots_potter0_20": 0.25}
[pair_J] {"steps": 3921920, "elapsed_s": 6247.1, "cramped_room_sparse20": 0.0, "cramped_room_potter0_20": 0.45, "centre_pots_sparse20": 98.0, "centre_pots_potter0_20": 0.2}
[pair_J] {"steps": 3923968, "elapsed_s": 6248.8, "cramped_room_sparse20": 0.0, "cramped_room_potter0_20": 0.4, "centre_pots_sparse20": 95.0, "centre_pots_potter0_20": 0.35}
[pair_J] {"steps": 3926016, "elapsed_s": 6250.7, "cramped_room_sparse20": 0.0, "cramped_room_potter0_20": 0.4, "centre_pots_sparse20": 95.0, "centre_pots_potter0_20": 0.3}
[pair_J] {"steps": 3928064, "elapsed_s": 6252.5, "cramped_room_sparse20": 0.0, "cramped_room_potter0_20": 0.5, "centre_pots_sparse20": 88.0, "centre_pots_potter0_20": 0.35}
[pair_J] {"steps": 3930112, "elapsed_s": 6254.2, "cramped_room_sparse20": 0.0, "cramped_room_potter0_20": 0.55, "centre_pots_sparse20": 80.0, "centre_pots_potter0_20": 0.4}
[pair_J] {"steps": 3932160, "elapsed_s": 6255.8, "cramped_room_sparse20": 0.0, "cramped_room_potter0_20": 0.5, "centre_pots_sparse20": 77.0, "centre_pots_potter0_20": 0.45}
[pair_J] {"steps": 3934208, "elapsed_s": 6257.6, "cramped_room_sparse20": 0.0, "cramped_room_potter0_20": 0.5, "centre_pots_sparse20": 77.0, "centre_pots_potter0_20": 0.45}
[pair_J] {"steps": 3936256, "elapsed_s": 6259.4, "cramped_room_sparse20": 0.0, "cramped_room_potter0_20": 0.5, "centre_pots_sparse20": 78.0, "centre_pots_potter0_20": 0.4}
[pair_J] {"steps": 3938304, "elapsed_s": 6260.6, "cramped_room_sparse20": 0.0, "cramped_room_potter0_20": 0.55, "centre_pots_sparse20": 78.0, "centre_pots_potter0_20": 0.4}
[pair_J] {"steps": 3940352, "elapsed_s": 6262.6, "cramped_room_sparse20": 0.0, "cramped_room_potter0_20": 0.6, "centre_pots_sparse20": 77.0, "centre_pots_potter0_20": 0.35}
[pair_J] {"steps": 3942400, "elapsed_s": 6264.3, "cramped_room_sparse20": 0.0, "cramped_room_potter0_20": 0.55, "centre_pots_sparse20": 76.0, "centre_pots_potter0_20": 0.35}
[pair_J] {"steps": 3944448, "elapsed_s": 6266.2, "cramped_room_sparse20": 0.0, "cramped_room_potter0_20": 0.6, "centre_pots_sparse20": 80.0, "centre_pots_potter0_20": 0.3}
[pair_J] {"steps": 3946496, "elapsed_s": 6267.7, "cramped_room_sparse20": 0.0, "cramped_room_potter0_20": 0.55, "centre_pots_sparse20": 78.0, "centre_pots_potter0_20": 0.25}
[pair_J] {"steps": 3948544, "elapsed_s": 6269.2, "cramped_room_sparse20": 0.0, "cramped_room_potter0_20": 0.55, "centre_pots_sparse20": 78.0, "centre_pots_potter0_20": 0.25}
[pair_J] {"steps": 3950592, "elapsed_s": 6271.4, "cramped_room_sparse20": 0.0, "cramped_room_potter0_20": 0.55, "centre_pots_sparse20": 78.0, "centre_pots_potter0_20": 0.3}
[pair_J] {"steps": 3952640, "elapsed_s": 6273.3, "cramped_room_sparse20": 0.0, "cramped_room_potter0_20": 0.6, "centre_pots_sparse20": 75.0, "centre_pots_potter0_20": 0.35}
[pair_J] {"steps": 3954688, "elapsed_s": 6275.1, "cramped_room_sparse20": 0.0, "cramped_room_potter0_20": 0.7, "centre_pots_sparse20": 77.0, "centre_pots_potter0_20": 0.35}
[pair_J] {"steps": 3956736, "elapsed_s": 6276.6, "cramped_room_sparse20": 0.0, "cramped_room_potter0_20": 0.6, "centre_pots_sparse20": 78.0, "centre_pots_potter0_20": 0.35}
[pair_J] {"steps": 3958784, "elapsed_s": 6278.3, "cramped_room_sparse20": 0.0, "cramped_room_potter0_20": 0.6, "centre_pots_sparse20": 79.0, "centre_pots_potter0_20": 0.45}
[pair_J] {"steps": 3960832, "elapsed_s": 6280.3, "cramped_room_sparse20": 0.0, "cramped_room_potter0_20": 0.6, "centre_pots_sparse20": 80.0, "centre_pots_potter0_20": 0.45}
[pair_J] {"steps": 3962880, "elapsed_s": 6282.0, "cramped_room_sparse20": 0.0, "cramped_room_potter0_20": 0.6, "centre_pots_sparse20": 81.0, "centre_pots_potter0_20": 0.35}
[pair_J] {"steps": 3964928, "elapsed_s": 6283.8, "cramped_room_sparse20": 0.0, "cramped_room_potter0_20": 0.65, "centre_pots_sparse20": 85.0, "centre_pots_potter0_20": 0.35}
[pair_J] {"steps": 3966976, "elapsed_s": 6285.3, "cramped_room_sparse20": 0.0, "cramped_room_potter0_20": 0.65, "centre_pots_sparse20": 86.0, "centre_pots_potter0_20": 0.3}
[pair_J] {"steps": 3969024, "elapsed_s": 6287.3, "cramped_room_sparse20": 0.0, "cramped_room_potter0_20": 0.55, "centre_pots_sparse20": 84.0, "centre_pots_potter0_20": 0.3}
[pair_J] {"steps": 3971072, "elapsed_s": 6288.7, "cramped_room_sparse20": 0.0, "cramped_room_potter0_20": 0.6, "centre_pots_sparse20": 84.0, "centre_pots_potter0_20": 0.25}
[pair_J] {"steps": 3973120, "elapsed_s": 6290.3, "cramped_room_sparse20": 0.0, "cramped_room_potter0_20": 0.5, "centre_pots_sparse20": 87.0, "centre_pots_potter0_20": 0.25}
[pair_J] {"steps": 3975168, "elapsed_s": 6292.3, "cramped_room_sparse20": 0.0, "cramped_room_potter0_20": 0.5, "centre_pots_sparse20": 81.0, "centre_pots_potter0_20": 0.3}
[pair_J] {"steps": 3977216, "elapsed_s": 6293.8, "cramped_room_sparse20": 0.0, "cramped_room_potter0_20": 0.45, "centre_pots_sparse20": 78.0, "centre_pots_potter0_20": 0.3}
[pair_J] {"steps": 3979264, "elapsed_s": 6295.3, "cramped_room_sparse20": 0.0, "cramped_room_potter0_20": 0.45, "centre_pots_sparse20": 79.0, "centre_pots_potter0_20": 0.3}
[pair_J] {"steps": 3981312, "elapsed_s": 6296.9, "cramped_room_sparse20": 0.0, "cramped_room_potter0_20": 0.55, "centre_pots_sparse20": 78.0, "centre_pots_potter0_20": 0.4}
[pair_J] {"steps": 3983360, "elapsed_s": 6298.9, "cramped_room_sparse20": 0.0, "cramped_room_potter0_20": 0.6, "centre_pots_sparse20": 74.0, "centre_pots_potter0_20": 0.45}
[pair_J] {"steps": 3985408, "elapsed_s": 6300.8, "cramped_room_sparse20": 0.0, "cramped_room_potter0_20": 0.65, "centre_pots_sparse20": 75.0, "centre_pots_potter0_20": 0.5}
[pair_J] {"steps": 3987456, "elapsed_s": 6302.3, "cramped_room_sparse20": 0.0, "cramped_room_potter0_20": 0.65, "centre_pots_sparse20": 76.0, "centre_pots_potter0_20": 0.45}
[pair_J] {"steps": 3989504, "elapsed_s": 6304.1, "cramped_room_sparse20": 0.0, "cramped_room_potter0_20": 0.65, "centre_pots_sparse20": 75.0, "centre_pots_potter0_20": 0.4}
[pair_J] {"steps": 3991552, "elapsed_s": 6305.9, "cramped_room_sparse20": 0.0, "cramped_room_potter0_20": 0.65, "centre_pots_sparse20": 75.0, "centre_pots_potter0_20": 0.45}
[pair_J] {"steps": 3993600, "elapsed_s": 6307.7, "cramped_room_sparse20": 0.0, "cramped_room_potter0_20": 0.65, "centre_pots_sparse20": 82.0, "centre_pots_potter0_20": 0.45}
[pair_J] {"steps": 3995648, "elapsed_s": 6309.6, "cramped_room_sparse20": 0.0, "cramped_room_potter0_20": 0.65, "centre_pots_sparse20": 83.0, "centre_pots_potter0_20": 0.45}
[pair_J] {"steps": 3997696, "elapsed_s": 6311.2, "cramped_room_sparse20": 0.0, "cramped_room_potter0_20": 0.7, "centre_pots_sparse20": 85.0, "centre_pots_potter0_20": 0.35}
[pair_J] {"steps": 3999744, "elapsed_s": 6313.1, "cramped_room_sparse20": 0.0, "cramped_room_potter0_20": 0.65, "centre_pots_sparse20": 84.0, "centre_pots_potter0_20": 0.35}
[pair_J] {"steps": 4001792, "elapsed_s": 6314.8, "cramped_room_sparse20": 0.0, "cramped_room_potter0_20": 0.55, "centre_pots_sparse20": 82.0, "centre_pots_potter0_20": 0.35}
[pair_J] {"steps": 4003840, "elapsed_s": 6316.7, "cramped_room_sparse20": 0.0, "cramped_room_potter0_20": 0.5, "centre_pots_sparse20": 78.0, "centre_pots_potter0_20": 0.45}
[pair_J] {"steps": 4005888, "elapsed_s": 6318.4, "cramped_room_sparse20": 0.0, "cramped_room_potter0_20": 0.45, "centre_pots_sparse20": 75.0, "centre_pots_potter0_20": 0.45}
[pair_J] {"steps": 4007936, "elapsed_s": 6320.3, "cramped_room_sparse20": 0.0, "cramped_room_potter0_20": 0.45, "centre_pots_sparse20": 78.0, "centre_pots_potter0_20": 0.45}
[pair_J] {"steps": 4009984, "elapsed_s": 6322.0, "cramped_room_sparse20": 0.0, "cramped_room_potter0_20": 0.45, "centre_pots_sparse20": 80.0, "centre_pots_potter0_20": 0.6}
[pair_J] {"steps": 4012032, "elapsed_s": 6323.7, "cramped_room_sparse20": 0.0, "cramped_room_potter0_20": 0.4, "centre_pots_sparse20": 80.0, "centre_pots_potter0_20": 0.55}
[pair_J] {"steps": 4014080, "elapsed_s": 6325.3, "cramped_room_sparse20": 0.0, "cramped_room_potter0_20": 0.45, "centre_pots_sparse20": 84.0, "centre_pots_potter0_20": 0.65}
[pair_J] {"steps": 4016128, "elapsed_s": 6327.3, "cramped_room_sparse20": 0.0, "cramped_room_potter0_20": 0.45, "centre_pots_sparse20": 91.0, "centre_pots_potter0_20": 0.7}
[pair_J] {"steps": 4018176, "elapsed_s": 6329.2, "cramped_room_sparse20": 0.0, "cramped_room_potter0_20": 0.45, "centre_pots_sparse20": 92.0, "centre_pots_potter0_20": 0.65}
[pair_J] {"steps": 4020224, "elapsed_s": 6331.2, "cramped_room_sparse20": 0.0, "cramped_room_potter0_20": 0.45, "centre_pots_sparse20": 92.0, "centre_pots_potter0_20": 0.7}
[pair_J] {"steps": 4022272, "elapsed_s": 6332.7, "cramped_room_sparse20": 0.0, "cramped_room_potter0_20": 0.4, "centre_pots_sparse20": 90.0, "centre_pots_potter0_20": 0.75}
[pair_J] {"steps": 4024320, "elapsed_s": 6334.2, "cramped_room_sparse20": 0.0, "cramped_room_potter0_20": 0.45, "centre_pots_sparse20": 92.0, "centre_pots_potter0_20": 0.7}
[pair_J] {"steps": 4026368, "elapsed_s": 6336.0, "cramped_room_sparse20": 0.0, "cramped_room_potter0_20": 0.5, "centre_pots_sparse20": 90.0, "centre_pots_potter0_20": 0.75}
[pair_J] {"steps": 4028416, "elapsed_s": 6337.8, "cramped_room_sparse20": 0.0, "cramped_room_potter0_20": 0.5, "centre_pots_sparse20": 93.0, "centre_pots_potter0_20": 0.7}
[pair_J] {"steps": 4030464, "elapsed_s": 6339.5, "cramped_room_sparse20": 0.0, "cramped_room_potter0_20": 0.45, "centre_pots_sparse20": 87.0, "centre_pots_potter0_20": 0.7}
[pair_J] {"steps": 4032512, "elapsed_s": 6341.3, "cramped_room_sparse20": 0.0, "cramped_room_potter0_20": 0.45, "centre_pots_sparse20": 85.0, "centre_pots_potter0_20": 0.65}
[pair_J] {"steps": 4034560, "elapsed_s": 6342.9, "cramped_room_sparse20": 0.0, "cramped_room_potter0_20": 0.35, "centre_pots_sparse20": 85.0, "centre_pots_potter0_20": 0.65}
[pair_J] {"steps": 4036608, "elapsed_s": 6344.6, "cramped_room_sparse20": 0.0, "cramped_room_potter0_20": 0.35, "centre_pots_sparse20": 82.0, "centre_pots_potter0_20": 0.6}
[pair_J] {"steps": 4038656, "elapsed_s": 6346.7, "cramped_room_sparse20": 0.0, "cramped_room_potter0_20": 0.35, "centre_pots_sparse20": 84.0, "centre_pots_potter0_20": 0.5}
[pair_J] {"steps": 4040704, "elapsed_s": 6348.5, "cramped_room_sparse20": 0.0, "cramped_room_potter0_20": 0.35, "centre_pots_sparse20": 82.0, "centre_pots_potter0_20": 0.55}
[pair_J] {"steps": 4042752, "elapsed_s": 6350.0, "cramped_room_sparse20": 0.0, "cramped_room_potter0_20": 0.4, "centre_pots_sparse20": 83.0, "centre_pots_potter0_20": 0.65}
[pair_J] {"steps": 4044800, "elapsed_s": 6352.0, "cramped_room_sparse20": 0.0, "cramped_room_potter0_20": 0.4, "centre_pots_sparse20": 89.0, "centre_pots_potter0_20": 0.5}
[pair_J] {"steps": 4046848, "elapsed_s": 6353.6, "cramped_room_sparse20": 0.0, "cramped_room_potter0_20": 0.4, "centre_pots_sparse20": 92.0, "centre_pots_potter0_20": 0.45}
[pair_J] {"steps": 4048896, "elapsed_s": 6355.0, "cramped_room_sparse20": 0.0, "cramped_room_potter0_20": 0.35, "centre_pots_sparse20": 91.0, "centre_pots_potter0_20": 0.45}
[pair_J] {"steps": 4050944, "elapsed_s": 6356.8, "cramped_room_sparse20": 0.0, "cramped_room_potter0_20": 0.35, "centre_pots_sparse20": 92.0, "centre_pots_potter0_20": 0.4}
[pair_J] {"steps": 4052992, "elapsed_s": 6358.7, "cramped_room_sparse20": 0.0, "cramped_room_potter0_20": 0.4, "centre_pots_sparse20": 90.0, "centre_pots_potter0_20": 0.4}
[pair_J] {"steps": 4055040, "elapsed_s": 6360.3, "cramped_room_sparse20": 0.0, "cramped_room_potter0_20": 0.5, "centre_pots_sparse20": 85.0, "centre_pots_potter0_20": 0.35}
[pair_J] {"steps": 4057088, "elapsed_s": 6361.7, "cramped_room_sparse20": 0.0, "cramped_room_potter0_20": 0.55, "centre_pots_sparse20": 82.0, "centre_pots_potter0_20": 0.25}
[pair_J] {"steps": 4059136, "elapsed_s": 6362.9, "cramped_room_sparse20": 0.0, "cramped_room_potter0_20": 0.6, "centre_pots_sparse20": 82.0, "centre_pots_potter0_20": 0.25}
[pair_J] {"steps": 4061184, "elapsed_s": 6364.8, "cramped_room_sparse20": 0.0, "cramped_room_potter0_20": 0.65, "centre_pots_sparse20": 77.0, "centre_pots_potter0_20": 0.25}
[pair_J] {"steps": 4063232, "elapsed_s": 6366.5, "cramped_room_sparse20": 0.0, "cramped_room_potter0_20": 0.65, "centre_pots_sparse20": 75.0, "centre_pots_potter0_20": 0.25}
[pair_J] {"steps": 4065280, "elapsed_s": 6368.3, "cramped_room_sparse20": 0.0, "cramped_room_potter0_20": 0.6, "centre_pots_sparse20": 70.0, "centre_pots_potter0_20": 0.3}
[pair_J] {"steps": 4067328, "elapsed_s": 6370.3, "cramped_room_sparse20": 0.0, "cramped_room_potter0_20": 0.65, "centre_pots_sparse20": 67.0, "centre_pots_potter0_20": 0.35}
[pair_J] {"steps": 4069376, "elapsed_s": 6372.0, "cramped_room_sparse20": 0.0, "cramped_room_potter0_20": 0.6, "centre_pots_sparse20": 67.0, "centre_pots_potter0_20": 0.35}
[pair_J] {"steps": 4071424, "elapsed_s": 6373.9, "cramped_room_sparse20": 0.0, "cramped_room_potter0_20": 0.65, "centre_pots_sparse20": 69.0, "centre_pots_potter0_20": 0.45}
[pair_J] {"steps": 4073472, "elapsed_s": 6375.6, "cramped_room_sparse20": 0.0, "cramped_room_potter0_20": 0.65, "centre_pots_sparse20": 71.0, "centre_pots_potter0_20": 0.4}
[pair_J] {"steps": 4075520, "elapsed_s": 6377.1, "cramped_room_sparse20": 0.0, "cramped_room_potter0_20": 0.6, "centre_pots_sparse20": 70.0, "centre_pots_potter0_20": 0.4}
[pair_J] {"steps": 4077568, "elapsed_s": 6378.3, "cramped_room_sparse20": 0.0, "cramped_room_potter0_20": 0.65, "centre_pots_sparse20": 68.0, "centre_pots_potter0_20": 0.35}
[pair_J] {"steps": 4079616, "elapsed_s": 6380.0, "cramped_room_sparse20": 0.0, "cramped_room_potter0_20": 0.5, "centre_pots_sparse20": 70.0, "centre_pots_potter0_20": 0.35}
[pair_J] {"steps": 4081664, "elapsed_s": 6381.9, "cramped_room_sparse20": 0.0, "cramped_room_potter0_20": 0.5, "centre_pots_sparse20": 64.0, "centre_pots_potter0_20": 0.35}
[pair_J] {"steps": 4083712, "elapsed_s": 6383.8, "cramped_room_sparse20": 0.0, "cramped_room_potter0_20": 0.55, "centre_pots_sparse20": 64.0, "centre_pots_potter0_20": 0.25}
[pair_J] {"steps": 4085760, "elapsed_s": 6386.0, "cramped_room_sparse20": 0.0, "cramped_room_potter0_20": 0.55, "centre_pots_sparse20": 64.0, "centre_pots_potter0_20": 0.25}
[pair_J] {"steps": 4087808, "elapsed_s": 6387.8, "cramped_room_sparse20": 0.0, "cramped_room_potter0_20": 0.45, "centre_pots_sparse20": 63.0, "centre_pots_potter0_20": 0.2}
[pair_J] {"steps": 4089856, "elapsed_s": 6389.4, "cramped_room_sparse20": 0.0, "cramped_room_potter0_20": 0.5, "centre_pots_sparse20": 62.0, "centre_pots_potter0_20": 0.2}
[pair_J] {"steps": 4091904, "elapsed_s": 6391.0, "cramped_room_sparse20": 0.0, "cramped_room_potter0_20": 0.45, "centre_pots_sparse20": 59.0, "centre_pots_potter0_20": 0.2}
[pair_J] {"steps": 4093952, "elapsed_s": 6392.9, "cramped_room_sparse20": 0.0, "cramped_room_potter0_20": 0.45, "centre_pots_sparse20": 63.0, "centre_pots_potter0_20": 0.2}
[pair_J] {"steps": 4096000, "elapsed_s": 6394.6, "cramped_room_sparse20": 0.0, "cramped_room_potter0_20": 0.5, "centre_pots_sparse20": 66.0, "centre_pots_potter0_20": 0.3}
[pair_J] {"steps": 4098048, "elapsed_s": 6396.0, "cramped_room_sparse20": 0.0, "cramped_room_potter0_20": 0.55, "centre_pots_sparse20": 65.0, "centre_pots_potter0_20": 0.3}
[pair_J] {"steps": 4100096, "elapsed_s": 6397.4, "cramped_room_sparse20": 0.0, "cramped_room_potter0_20": 0.55, "centre_pots_sparse20": 65.0, "centre_pots_potter0_20": 0.35}
[pair_J] {"steps": 4102144, "elapsed_s": 6399.3, "cramped_room_sparse20": 0.0, "cramped_room_potter0_20": 0.5, "centre_pots_sparse20": 70.0, "centre_pots_potter0_20": 0.3}
[pair_J] {"steps": 4104192, "elapsed_s": 6401.2, "cramped_room_sparse20": 0.0, "cramped_room_potter0_20": 0.55, "centre_pots_sparse20": 77.0, "centre_pots_potter0_20": 0.35}
[pair_J] {"steps": 4106240, "elapsed_s": 6402.7, "cramped_room_sparse20": 0.0, "cramped_room_potter0_20": 0.65, "centre_pots_sparse20": 78.0, "centre_pots_potter0_20": 0.3}
[pair_J] {"steps": 4108288, "elapsed_s": 6404.7, "cramped_room_sparse20": 0.0, "cramped_room_potter0_20": 0.65, "centre_pots_sparse20": 83.0, "centre_pots_potter0_20": 0.4}
[pair_J] {"steps": 4110336, "elapsed_s": 6406.5, "cramped_room_sparse20": 0.0, "cramped_room_potter0_20": 0.7, "centre_pots_sparse20": 86.0, "centre_pots_potter0_20": 0.35}
[pair_J] {"steps": 4112384, "elapsed_s": 6408.2, "cramped_room_sparse20": 0.0, "cramped_room_potter0_20": 0.75, "centre_pots_sparse20": 88.0, "centre_pots_potter0_20": 0.45}
[pair_J] {"steps": 4114432, "elapsed_s": 6409.8, "cramped_room_sparse20": 0.0, "cramped_room_potter0_20": 0.7, "centre_pots_sparse20": 86.0, "centre_pots_potter0_20": 0.45}
[pair_J] {"steps": 4116480, "elapsed_s": 6411.5, "cramped_room_sparse20": 0.0, "cramped_room_potter0_20": 0.7, "centre_pots_sparse20": 90.0, "centre_pots_potter0_20": 0.4}
[pair_J] {"steps": 4118528, "elapsed_s": 6412.8, "cramped_room_sparse20": 0.0, "cramped_room_potter0_20": 0.6, "centre_pots_sparse20": 90.0, "centre_pots_potter0_20": 0.35}
[pair_J] {"steps": 4120576, "elapsed_s": 6414.7, "cramped_room_sparse20": 0.0, "cramped_room_potter0_20": 0.6, "centre_pots_sparse20": 93.0, "centre_pots_potter0_20": 0.4}
[pair_J] {"steps": 4122624, "elapsed_s": 6416.6, "cramped_room_sparse20": 0.0, "cramped_room_potter0_20": 0.65, "centre_pots_sparse20": 89.0, "centre_pots_potter0_20": 0.35}
[pair_J] {"steps": 4124672, "elapsed_s": 6418.1, "cramped_room_sparse20": 0.0, "cramped_room_potter0_20": 0.65, "centre_pots_sparse20": 90.0, "centre_pots_potter0_20": 0.4}
[pair_J] {"steps": 4126720, "elapsed_s": 6420.0, "cramped_room_sparse20": 0.0, "cramped_room_potter0_20": 0.6, "centre_pots_sparse20": 91.0, "centre_pots_potter0_20": 0.45}
[pair_J] {"steps": 4128768, "elapsed_s": 6421.4, "cramped_room_sparse20": 0.0, "cramped_room_potter0_20": 0.6, "centre_pots_sparse20": 88.0, "centre_pots_potter0_20": 0.35}
[pair_J] {"steps": 4130816, "elapsed_s": 6423.3, "cramped_room_sparse20": 0.0, "cramped_room_potter0_20": 0.65, "centre_pots_sparse20": 86.0, "centre_pots_potter0_20": 0.35}
[pair_J] {"steps": 4132864, "elapsed_s": 6425.0, "cramped_room_sparse20": 0.0, "cramped_room_potter0_20": 0.65, "centre_pots_sparse20": 83.0, "centre_pots_potter0_20": 0.4}
[pair_J] {"steps": 4134912, "elapsed_s": 6426.7, "cramped_room_sparse20": 0.0, "cramped_room_potter0_20": 0.6, "centre_pots_sparse20": 81.0, "centre_pots_potter0_20": 0.5}
[pair_J] {"steps": 4136960, "elapsed_s": 6428.2, "cramped_room_sparse20": 0.0, "cramped_room_potter0_20": 0.65, "centre_pots_sparse20": 80.0, "centre_pots_potter0_20": 0.55}
[pair_J] {"steps": 4139008, "elapsed_s": 6430.1, "cramped_room_sparse20": 0.0, "cramped_room_potter0_20": 0.65, "centre_pots_sparse20": 80.0, "centre_pots_potter0_20": 0.6}
[pair_J] {"steps": 4141056, "elapsed_s": 6431.9, "cramped_room_sparse20": 0.0, "cramped_room_potter0_20": 0.6, "centre_pots_sparse20": 79.0, "centre_pots_potter0_20": 0.6}
[pair_J] {"steps": 4143104, "elapsed_s": 6433.5, "cramped_room_sparse20": 0.0, "cramped_room_potter0_20": 0.6, "centre_pots_sparse20": 79.0, "centre_pots_potter0_20": 0.6}
[pair_J] {"steps": 4145152, "elapsed_s": 6435.0, "cramped_room_sparse20": 0.0, "cramped_room_potter0_20": 0.55, "centre_pots_sparse20": 79.0, "centre_pots_potter0_20": 0.55}
[pair_J] {"steps": 4147200, "elapsed_s": 6437.0, "cramped_room_sparse20": 0.0, "cramped_room_potter0_20": 0.55, "centre_pots_sparse20": 82.0, "centre_pots_potter0_20": 0.55}
[pair_J] {"steps": 4149248, "elapsed_s": 6438.7, "cramped_room_sparse20": 0.0, "cramped_room_potter0_20": 0.55, "centre_pots_sparse20": 81.0, "centre_pots_potter0_20": 0.5}
[pair_J] {"steps": 4151296, "elapsed_s": 6440.4, "cramped_room_sparse20": 0.0, "cramped_room_potter0_20": 0.65, "centre_pots_sparse20": 79.0, "centre_pots_potter0_20": 0.4}
[pair_J] {"steps": 4153344, "elapsed_s": 6442.0, "cramped_room_sparse20": 0.0, "cramped_room_potter0_20": 0.55, "centre_pots_sparse20": 79.0, "centre_pots_potter0_20": 0.35}
[pair_J] {"steps": 4155392, "elapsed_s": 6443.5, "cramped_room_sparse20": 0.0, "cramped_room_potter0_20": 0.6, "centre_pots_sparse20": 77.0, "centre_pots_potter0_20": 0.25}
[pair_J] {"steps": 4157440, "elapsed_s": 6445.4, "cramped_room_sparse20": 0.0, "cramped_room_potter0_20": 0.55, "centre_pots_sparse20": 73.0, "centre_pots_potter0_20": 0.3}
[pair_J] {"steps": 4159488, "elapsed_s": 6447.3, "cramped_room_sparse20": 0.0, "cramped_room_potter0_20": 0.6, "centre_pots_sparse20": 70.0, "centre_pots_potter0_20": 0.4}
[pair_J] {"steps": 4161536, "elapsed_s": 6449.0, "cramped_room_sparse20": 0.0, "cramped_room_potter0_20": 0.65, "centre_pots_sparse20": 66.0, "centre_pots_potter0_20": 0.45}
[pair_J] {"steps": 4163584, "elapsed_s": 6450.4, "cramped_room_sparse20": 0.0, "cramped_room_potter0_20": 0.65, "centre_pots_sparse20": 66.0, "centre_pots_potter0_20": 0.45}
[pair_J] {"steps": 4165632, "elapsed_s": 6452.4, "cramped_room_sparse20": 0.0, "cramped_room_potter0_20": 0.75, "centre_pots_sparse20": 62.0, "centre_pots_potter0_20": 0.5}
[pair_J] {"steps": 4167680, "elapsed_s": 6454.1, "cramped_room_sparse20": 0.0, "cramped_room_potter0_20": 0.65, "centre_pots_sparse20": 66.0, "centre_pots_potter0_20": 0.5}
[pair_J] {"steps": 4169728, "elapsed_s": 6455.7, "cramped_room_sparse20": 0.0, "cramped_room_potter0_20": 0.7, "centre_pots_sparse20": 64.0, "centre_pots_potter0_20": 0.6}
[pair_J] {"steps": 4171776, "elapsed_s": 6457.3, "cramped_room_sparse20": 0.0, "cramped_room_potter0_20": 0.7, "centre_pots_sparse20": 68.0, "centre_pots_potter0_20": 0.6}
[pair_J] {"steps": 4173824, "elapsed_s": 6459.2, "cramped_room_sparse20": 0.0, "cramped_room_potter0_20": 0.7, "centre_pots_sparse20": 72.0, "centre_pots_potter0_20": 0.6}
[pair_J] {"steps": 4175872, "elapsed_s": 6461.1, "cramped_room_sparse20": 0.0, "cramped_room_potter0_20": 0.65, "centre_pots_sparse20": 78.0, "centre_pots_potter0_20": 0.5}
[pair_J] {"steps": 4177920, "elapsed_s": 6462.8, "cramped_room_sparse20": 0.0, "cramped_room_potter0_20": 0.65, "centre_pots_sparse20": 81.0, "centre_pots_potter0_20": 0.4}
[pair_J] {"steps": 4179968, "elapsed_s": 6464.4, "cramped_room_sparse20": 0.0, "cramped_room_potter0_20": 0.55, "centre_pots_sparse20": 85.0, "centre_pots_potter0_20": 0.35}
[pair_J] {"steps": 4182016, "elapsed_s": 6466.0, "cramped_room_sparse20": 0.0, "cramped_room_potter0_20": 0.55, "centre_pots_sparse20": 84.0, "centre_pots_potter0_20": 0.35}
[pair_J] {"steps": 4184064, "elapsed_s": 6467.4, "cramped_room_sparse20": 0.0, "cramped_room_potter0_20": 0.6, "centre_pots_sparse20": 86.0, "centre_pots_potter0_20": 0.4}
[pair_J] {"steps": 4186112, "elapsed_s": 6469.1, "cramped_room_sparse20": 0.0, "cramped_room_potter0_20": 0.65, "centre_pots_sparse20": 87.0, "centre_pots_potter0_20": 0.4}
[pair_J] {"steps": 4188160, "elapsed_s": 6470.7, "cramped_room_sparse20": 0.0, "cramped_room_potter0_20": 0.6, "centre_pots_sparse20": 84.0, "centre_pots_potter0_20": 0.35}
[pair_J] {"steps": 4190208, "elapsed_s": 6472.3, "cramped_room_sparse20": 0.0, "cramped_room_potter0_20": 0.55, "centre_pots_sparse20": 85.0, "centre_pots_potter0_20": 0.35}
[pair_J] {"steps": 4192256, "elapsed_s": 6473.9, "cramped_room_sparse20": 0.0, "cramped_room_potter0_20": 0.65, "centre_pots_sparse20": 88.0, "centre_pots_potter0_20": 0.35}
[pair_J] {"steps": 4194304, "elapsed_s": 6475.7, "cramped_room_sparse20": 0.0, "cramped_room_potter0_20": 0.7, "centre_pots_sparse20": 88.0, "centre_pots_potter0_20": 0.35}
[pair_J] {"steps": 4196352, "elapsed_s": 6477.2, "cramped_room_sparse20": 0.0, "cramped_room_potter0_20": 0.75, "centre_pots_sparse20": 83.0, "centre_pots_potter0_20": 0.4}
[pair_J] {"steps": 4198400, "elapsed_s": 6478.8, "cramped_room_sparse20": 0.0, "cramped_room_potter0_20": 0.7, "centre_pots_sparse20": 83.0, "centre_pots_potter0_20": 0.45}
[pair_J] {"steps": 4200448, "elapsed_s": 6480.6, "cramped_room_sparse20": 0.0, "cramped_room_potter0_20": 0.7, "centre_pots_sparse20": 79.0, "centre_pots_potter0_20": 0.45}
[pair_J] {"steps": 4202496, "elapsed_s": 6482.1, "cramped_room_sparse20": 0.0, "cramped_room_potter0_20": 0.65, "centre_pots_sparse20": 79.0, "centre_pots_potter0_20": 0.45}
[pair_J] {"steps": 4204544, "elapsed_s": 6483.9, "cramped_room_sparse20": 0.0, "cramped_room_potter0_20": 0.65, "centre_pots_sparse20": 85.0, "centre_pots_potter0_20": 0.4}
[pair_J] {"steps": 4206592, "elapsed_s": 6485.5, "cramped_room_sparse20": 0.0, "cramped_room_potter0_20": 0.6, "centre_pots_sparse20": 86.0, "centre_pots_potter0_20": 0.4}
[pair_J] {"steps": 4208640, "elapsed_s": 6487.3, "cramped_room_sparse20": 0.0, "cramped_room_potter0_20": 0.55, "centre_pots_sparse20": 88.0, "centre_pots_potter0_20": 0.4}
[pair_J] {"steps": 4210688, "elapsed_s": 6488.9, "cramped_room_sparse20": 0.0, "cramped_room_potter0_20": 0.5, "centre_pots_sparse20": 82.0, "centre_pots_potter0_20": 0.3}
[pair_J] {"steps": 4212736, "elapsed_s": 6490.6, "cramped_room_sparse20": 0.0, "cramped_room_potter0_20": 0.55, "centre_pots_sparse20": 84.0, "centre_pots_potter0_20": 0.3}
[pair_J] {"steps": 4214784, "elapsed_s": 6492.2, "cramped_room_sparse20": 0.0, "cramped_room_potter0_20": 0.55, "centre_pots_sparse20": 86.0, "centre_pots_potter0_20": 0.3}
[pair_J] {"steps": 4216832, "elapsed_s": 6494.0, "cramped_room_sparse20": 0.0, "cramped_room_potter0_20": 0.5, "centre_pots_sparse20": 85.0, "centre_pots_potter0_20": 0.35}
[pair_J] {"steps": 4218880, "elapsed_s": 6496.1, "cramped_room_sparse20": 0.0, "cramped_room_potter0_20": 0.55, "centre_pots_sparse20": 88.0, "centre_pots_potter0_20": 0.25}
[pair_J] {"steps": 4220928, "elapsed_s": 6497.7, "cramped_room_sparse20": 0.0, "cramped_room_potter0_20": 0.65, "centre_pots_sparse20": 88.0, "centre_pots_potter0_20": 0.3}
[pair_J] {"steps": 4222976, "elapsed_s": 6499.1, "cramped_room_sparse20": 0.0, "cramped_room_potter0_20": 0.7, "centre_pots_sparse20": 88.0, "centre_pots_potter0_20": 0.25}
[pair_J] {"steps": 4225024, "elapsed_s": 6501.1, "cramped_room_sparse20": 0.0, "cramped_room_potter0_20": 0.7, "centre_pots_sparse20": 87.0, "centre_pots_potter0_20": 0.25}
[pair_J] {"steps": 4227072, "elapsed_s": 6503.0, "cramped_room_sparse20": 0.0, "cramped_room_potter0_20": 0.75, "centre_pots_sparse20": 90.0, "centre_pots_potter0_20": 0.25}
[pair_J] {"steps": 4229120, "elapsed_s": 6504.6, "cramped_room_sparse20": 0.0, "cramped_room_potter0_20": 0.85, "centre_pots_sparse20": 89.0, "centre_pots_potter0_20": 0.15}
[pair_J] {"steps": 4231168, "elapsed_s": 6506.7, "cramped_room_sparse20": 0.0, "cramped_room_potter0_20": 0.8, "centre_pots_sparse20": 89.0, "centre_pots_potter0_20": 0.1}
[pair_J] {"steps": 4233216, "elapsed_s": 6508.6, "cramped_room_sparse20": 0.0, "cramped_room_potter0_20": 0.8, "centre_pots_sparse20": 90.0, "centre_pots_potter0_20": 0.1}
[pair_J] {"steps": 4235264, "elapsed_s": 6510.2, "cramped_room_sparse20": 0.0, "cramped_room_potter0_20": 0.75, "centre_pots_sparse20": 91.0, "centre_pots_potter0_20": 0.1}
[pair_J] {"steps": 4237312, "elapsed_s": 6511.8, "cramped_room_sparse20": 0.0, "cramped_room_potter0_20": 0.65, "centre_pots_sparse20": 89.0, "centre_pots_potter0_20": 0.1}
[pair_J] {"steps": 4239360, "elapsed_s": 6513.8, "cramped_room_sparse20": 0.0, "cramped_room_potter0_20": 0.65, "centre_pots_sparse20": 91.0, "centre_pots_potter0_20": 0.1}
[pair_J] {"steps": 4241408, "elapsed_s": 6515.2, "cramped_room_sparse20": 0.0, "cramped_room_potter0_20": 0.6, "centre_pots_sparse20": 94.0, "centre_pots_potter0_20": 0.05}
[pair_J] {"steps": 4243456, "elapsed_s": 6517.0, "cramped_room_sparse20": 0.0, "cramped_room_potter0_20": 0.55, "centre_pots_sparse20": 95.0, "centre_pots_potter0_20": 0.05}
[pair_J] {"steps": 4245504, "elapsed_s": 6519.0, "cramped_room_sparse20": 0.0, "cramped_room_potter0_20": 0.55, "centre_pots_sparse20": 96.0, "centre_pots_potter0_20": 0.0}
[pair_J] {"steps": 4247552, "elapsed_s": 6520.5, "cramped_room_sparse20": 0.0, "cramped_room_potter0_20": 0.55, "centre_pots_sparse20": 96.0, "centre_pots_potter0_20": 0.0}
[pair_J] {"steps": 4249600, "elapsed_s": 6522.4, "cramped_room_sparse20": 0.0, "cramped_room_potter0_20": 0.5, "centre_pots_sparse20": 96.0, "centre_pots_potter0_20": 0.0}
[pair_J] {"steps": 4251648, "elapsed_s": 6524.0, "cramped_room_sparse20": 0.0, "cramped_room_potter0_20": 0.5, "centre_pots_sparse20": 99.0, "centre_pots_potter0_20": 0.0}
[pair_J] {"steps": 4253696, "elapsed_s": 6526.0, "cramped_room_sparse20": 0.0, "cramped_room_potter0_20": 0.5, "centre_pots_sparse20": 92.0, "centre_pots_potter0_20": 0.0}
[pair_J] {"steps": 4255744, "elapsed_s": 6527.9, "cramped_room_sparse20": 0.0, "cramped_room_potter0_20": 0.5, "centre_pots_sparse20": 90.0, "centre_pots_potter0_20": 0.0}
[pair_J] {"steps": 4257792, "elapsed_s": 6529.7, "cramped_room_sparse20": 0.0, "cramped_room_potter0_20": 0.5, "centre_pots_sparse20": 85.0, "centre_pots_potter0_20": 0.0}
[pair_J] {"steps": 4259840, "elapsed_s": 6531.0, "cramped_room_sparse20": 0.0, "cramped_room_potter0_20": 0.45, "centre_pots_sparse20": 84.0, "centre_pots_potter0_20": 0.0}
[pair_J] {"steps": 4261888, "elapsed_s": 6532.5, "cramped_room_sparse20": 0.0, "cramped_room_potter0_20": 0.35, "centre_pots_sparse20": 86.0, "centre_pots_potter0_20": 0.0}
[pair_J] {"steps": 4263936, "elapsed_s": 6534.2, "cramped_room_sparse20": 0.0, "cramped_room_potter0_20": 0.25, "centre_pots_sparse20": 83.0, "centre_pots_potter0_20": 0.0}
[pair_J] {"steps": 4265984, "elapsed_s": 6536.0, "cramped_room_sparse20": 0.0, "cramped_room_potter0_20": 0.25, "centre_pots_sparse20": 71.0, "centre_pots_potter0_20": 0.0}
[pair_J] {"steps": 4268032, "elapsed_s": 6537.7, "cramped_room_sparse20": 0.0, "cramped_room_potter0_20": 0.3, "centre_pots_sparse20": 61.0, "centre_pots_potter0_20": 0.0}
[pair_J] {"steps": 4270080, "elapsed_s": 6539.7, "cramped_room_sparse20": 0.0, "cramped_room_potter0_20": 0.25, "centre_pots_sparse20": 59.0, "centre_pots_potter0_20": 0.0}
[pair_J] {"steps": 4272128, "elapsed_s": 6541.6, "cramped_room_sparse20": 0.0, "cramped_room_potter0_20": 0.2, "centre_pots_sparse20": 52.0, "centre_pots_potter0_20": 0.05}
[pair_J] {"steps": 4274176, "elapsed_s": 6543.3, "cramped_room_sparse20": 0.0, "cramped_room_potter0_20": 0.2, "centre_pots_sparse20": 47.0, "centre_pots_potter0_20": 0.05}
[pair_J] {"steps": 4276224, "elapsed_s": 6545.0, "cramped_room_sparse20": 0.0, "cramped_room_potter0_20": 0.3, "centre_pots_sparse20": 42.0, "centre_pots_potter0_20": 0.1}
[pair_J] {"steps": 4278272, "elapsed_s": 6546.8, "cramped_room_sparse20": 0.0, "cramped_room_potter0_20": 0.35, "centre_pots_sparse20": 47.0, "centre_pots_potter0_20": 0.1}
[pair_J] {"steps": 4280320, "elapsed_s": 6548.5, "cramped_room_sparse20": 0.0, "cramped_room_potter0_20": 0.4, "centre_pots_sparse20": 49.0, "centre_pots_potter0_20": 0.1}
[pair_J] {"steps": 4282368, "elapsed_s": 6550.3, "cramped_room_sparse20": 0.0, "cramped_room_potter0_20": 0.45, "centre_pots_sparse20": 51.0, "centre_pots_potter0_20": 0.1}
[pair_J] {"steps": 4284416, "elapsed_s": 6552.2, "cramped_room_sparse20": 0.0, "cramped_room_potter0_20": 0.55, "centre_pots_sparse20": 53.0, "centre_pots_potter0_20": 0.05}
[pair_J] {"steps": 4286464, "elapsed_s": 6553.9, "cramped_room_sparse20": 0.0, "cramped_room_potter0_20": 0.55, "centre_pots_sparse20": 54.0, "centre_pots_potter0_20": 0.05}
[pair_J] {"steps": 4288512, "elapsed_s": 6555.5, "cramped_room_sparse20": 0.0, "cramped_room_potter0_20": 0.6, "centre_pots_sparse20": 55.0, "centre_pots_potter0_20": 0.05}
[pair_J] {"steps": 4290560, "elapsed_s": 6556.9, "cramped_room_sparse20": 0.0, "cramped_room_potter0_20": 0.65, "centre_pots_sparse20": 56.0, "centre_pots_potter0_20": 0.05}
[pair_J] {"steps": 4292608, "elapsed_s": 6559.0, "cramped_room_sparse20": 0.0, "cramped_room_potter0_20": 0.65, "centre_pots_sparse20": 54.0, "centre_pots_potter0_20": 0.0}
[pair_J] {"steps": 4294656, "elapsed_s": 6560.3, "cramped_room_sparse20": 0.0, "cramped_room_potter0_20": 0.65, "centre_pots_sparse20": 55.0, "centre_pots_potter0_20": 0.0}
[pair_J] {"steps": 4296704, "elapsed_s": 6562.1, "cramped_room_sparse20": 0.0, "cramped_room_potter0_20": 0.55, "centre_pots_sparse20": 52.0, "centre_pots_potter0_20": 0.0}
[pair_J] {"steps": 4298752, "elapsed_s": 6563.5, "cramped_room_sparse20": 0.0, "cramped_room_potter0_20": 0.5, "centre_pots_sparse20": 56.0, "centre_pots_potter0_20": 0.0}
[pair_J] {"steps": 4300800, "elapsed_s": 6565.6, "cramped_room_sparse20": 0.0, "cramped_room_potter0_20": 0.45, "centre_pots_sparse20": 64.0, "centre_pots_potter0_20": 0.0}
[pair_J] {"steps": 4302848, "elapsed_s": 6567.5, "cramped_room_sparse20": 0.0, "cramped_room_potter0_20": 0.5, "centre_pots_sparse20": 61.0, "centre_pots_potter0_20": 0.0}
[pair_J] {"steps": 4304896, "elapsed_s": 6569.5, "cramped_room_sparse20": 0.0, "cramped_room_potter0_20": 0.45, "centre_pots_sparse20": 61.0, "centre_pots_potter0_20": 0.05}
[pair_J] {"steps": 4306944, "elapsed_s": 6570.9, "cramped_room_sparse20": 0.0, "cramped_room_potter0_20": 0.5, "centre_pots_sparse20": 59.0, "centre_pots_potter0_20": 0.1}
[pair_J] {"steps": 4308992, "elapsed_s": 6572.4, "cramped_room_sparse20": 0.0, "cramped_room_potter0_20": 0.5, "centre_pots_sparse20": 58.0, "centre_pots_potter0_20": 0.15}
[pair_J] {"steps": 4311040, "elapsed_s": 6574.1, "cramped_room_sparse20": 0.0, "cramped_room_potter0_20": 0.4, "centre_pots_sparse20": 56.0, "centre_pots_potter0_20": 0.2}
[pair_J] {"steps": 4313088, "elapsed_s": 6575.8, "cramped_room_sparse20": 0.0, "cramped_room_potter0_20": 0.5, "centre_pots_sparse20": 55.0, "centre_pots_potter0_20": 0.2}
[pair_J] {"steps": 4315136, "elapsed_s": 6577.5, "cramped_room_sparse20": 0.0, "cramped_room_potter0_20": 0.55, "centre_pots_sparse20": 55.0, "centre_pots_potter0_20": 0.25}
[pair_J] {"steps": 4317184, "elapsed_s": 6579.3, "cramped_room_sparse20": 0.0, "cramped_room_potter0_20": 0.55, "centre_pots_sparse20": 54.0, "centre_pots_potter0_20": 0.35}
[pair_J] {"steps": 4319232, "elapsed_s": 6581.2, "cramped_room_sparse20": 0.0, "cramped_room_potter0_20": 0.5, "centre_pots_sparse20": 68.0, "centre_pots_potter0_20": 0.45}
[pair_J] {"steps": 4321280, "elapsed_s": 6583.0, "cramped_room_sparse20": 0.0, "cramped_room_potter0_20": 0.55, "centre_pots_sparse20": 71.0, "centre_pots_potter0_20": 0.35}
[pair_J] {"steps": 4323328, "elapsed_s": 6585.1, "cramped_room_sparse20": 0.0, "cramped_room_potter0_20": 0.55, "centre_pots_sparse20": 80.0, "centre_pots_potter0_20": 0.35}
[pair_J] {"steps": 4325376, "elapsed_s": 6586.8, "cramped_room_sparse20": 0.0, "cramped_room_potter0_20": 0.6, "centre_pots_sparse20": 87.0, "centre_pots_potter0_20": 0.35}
[pair_J] {"steps": 4327424, "elapsed_s": 6588.9, "cramped_room_sparse20": 0.0, "cramped_room_potter0_20": 0.6, "centre_pots_sparse20": 88.0, "centre_pots_potter0_20": 0.25}
[pair_J] {"steps": 4329472, "elapsed_s": 6590.7, "cramped_room_sparse20": 0.0, "cramped_room_potter0_20": 0.6, "centre_pots_sparse20": 91.0, "centre_pots_potter0_20": 0.2}
[pair_J] {"steps": 4331520, "elapsed_s": 6592.5, "cramped_room_sparse20": 0.0, "cramped_room_potter0_20": 0.55, "centre_pots_sparse20": 88.0, "centre_pots_potter0_20": 0.15}
[pair_J] {"steps": 4333568, "elapsed_s": 6594.3, "cramped_room_sparse20": 0.0, "cramped_room_potter0_20": 0.5, "centre_pots_sparse20": 89.0, "centre_pots_potter0_20": 0.15}
[pair_J] {"steps": 4335616, "elapsed_s": 6595.9, "cramped_room_sparse20": 0.0, "cramped_room_potter0_20": 0.55, "centre_pots_sparse20": 90.0, "centre_pots_potter0_20": 0.15}
[pair_J] {"steps": 4337664, "elapsed_s": 6597.5, "cramped_room_sparse20": 0.0, "cramped_room_potter0_20": 0.65, "centre_pots_sparse20": 87.0, "centre_pots_potter0_20": 0.05}
[pair_J] {"steps": 4339712, "elapsed_s": 6599.4, "cramped_room_sparse20": 0.0, "cramped_room_potter0_20": 0.65, "centre_pots_sparse20": 88.0, "centre_pots_potter0_20": 0.05}
[pair_J] {"steps": 4341760, "elapsed_s": 6600.8, "cramped_room_sparse20": 1.0, "cramped_room_potter0_20": 0.6, "centre_pots_sparse20": 85.0, "centre_pots_potter0_20": 0.05}
[pair_J] {"steps": 4343808, "elapsed_s": 6602.4, "cramped_room_sparse20": 1.0, "cramped_room_potter0_20": 0.6, "centre_pots_sparse20": 83.0, "centre_pots_potter0_20": 0.0}
[pair_J] {"steps": 4345856, "elapsed_s": 6604.4, "cramped_room_sparse20": 1.0, "cramped_room_potter0_20": 0.65, "centre_pots_sparse20": 81.0, "centre_pots_potter0_20": 0.05}
[pair_J] {"steps": 4347904, "elapsed_s": 6606.3, "cramped_room_sparse20": 1.0, "cramped_room_potter0_20": 0.65, "centre_pots_sparse20": 82.0, "centre_pots_potter0_20": 0.1}
[pair_J] {"steps": 4349952, "elapsed_s": 6608.3, "cramped_room_sparse20": 1.0, "cramped_room_potter0_20": 0.6, "centre_pots_sparse20": 82.0, "centre_pots_potter0_20": 0.15}
[pair_J] {"steps": 4352000, "elapsed_s": 6610.0, "cramped_room_sparse20": 1.0, "cramped_room_potter0_20": 0.6, "centre_pots_sparse20": 81.0, "centre_pots_potter0_20": 0.15}
[pair_J] {"steps": 4354048, "elapsed_s": 6612.0, "cramped_room_sparse20": 1.0, "cramped_room_potter0_20": 0.65, "centre_pots_sparse20": 82.0, "centre_pots_potter0_20": 0.2}
[pair_J] {"steps": 4356096, "elapsed_s": 6613.7, "cramped_room_sparse20": 1.0, "cramped_room_potter0_20": 0.55, "centre_pots_sparse20": 84.0, "centre_pots_potter0_20": 0.3}
[pair_J] {"steps": 4358144, "elapsed_s": 6615.2, "cramped_room_sparse20": 1.0, "cramped_room_potter0_20": 0.45, "centre_pots_sparse20": 85.0, "centre_pots_potter0_20": 0.3}
[pair_J] {"steps": 4360192, "elapsed_s": 6616.9, "cramped_room_sparse20": 0.0, "cramped_room_potter0_20": 0.45, "centre_pots_sparse20": 88.0, "centre_pots_potter0_20": 0.35}
[pair_J] {"steps": 4362240, "elapsed_s": 6618.6, "cramped_room_sparse20": 0.0, "cramped_room_potter0_20": 0.45, "centre_pots_sparse20": 88.0, "centre_pots_potter0_20": 0.25}
[pair_J] {"steps": 4364288, "elapsed_s": 6620.4, "cramped_room_sparse20": 0.0, "cramped_room_potter0_20": 0.45, "centre_pots_sparse20": 82.0, "centre_pots_potter0_20": 0.25}
[pair_J] {"steps": 4366336, "elapsed_s": 6622.0, "cramped_room_sparse20": 0.0, "cramped_room_potter0_20": 0.55, "centre_pots_sparse20": 84.0, "centre_pots_potter0_20": 0.25}
[pair_J] {"steps": 4368384, "elapsed_s": 6624.0, "cramped_room_sparse20": 0.0, "cramped_room_potter0_20": 0.55, "centre_pots_sparse20": 82.0, "centre_pots_potter0_20": 0.3}
[pair_J] {"steps": 4370432, "elapsed_s": 6625.6, "cramped_room_sparse20": 0.0, "cramped_room_potter0_20": 0.65, "centre_pots_sparse20": 78.0, "centre_pots_potter0_20": 0.35}
[pair_J] {"steps": 4372480, "elapsed_s": 6627.1, "cramped_room_sparse20": 0.0, "cramped_room_potter0_20": 0.55, "centre_pots_sparse20": 76.0, "centre_pots_potter0_20": 0.3}
[pair_J] {"steps": 4374528, "elapsed_s": 6628.9, "cramped_room_sparse20": 0.0, "cramped_room_potter0_20": 0.55, "centre_pots_sparse20": 78.0, "centre_pots_potter0_20": 0.25}
[pair_J] {"steps": 4376576, "elapsed_s": 6630.8, "cramped_room_sparse20": 0.0, "cramped_room_potter0_20": 0.55, "centre_pots_sparse20": 75.0, "centre_pots_potter0_20": 0.25}
[pair_J] {"steps": 4378624, "elapsed_s": 6632.3, "cramped_room_sparse20": 0.0, "cramped_room_potter0_20": 0.6, "centre_pots_sparse20": 77.0, "centre_pots_potter0_20": 0.3}
[pair_J] {"steps": 4380672, "elapsed_s": 6633.7, "cramped_room_sparse20": 0.0, "cramped_room_potter0_20": 0.65, "centre_pots_sparse20": 82.0, "centre_pots_potter0_20": 0.35}
[pair_J] {"steps": 4382720, "elapsed_s": 6635.3, "cramped_room_sparse20": 0.0, "cramped_room_potter0_20": 0.6, "centre_pots_sparse20": 86.0, "centre_pots_potter0_20": 0.35}
[pair_J] {"steps": 4384768, "elapsed_s": 6636.9, "cramped_room_sparse20": 0.0, "cramped_room_potter0_20": 0.6, "centre_pots_sparse20": 86.0, "centre_pots_potter0_20": 0.3}
[pair_J] {"steps": 4386816, "elapsed_s": 6638.7, "cramped_room_sparse20": 0.0, "cramped_room_potter0_20": 0.7, "centre_pots_sparse20": 88.0, "centre_pots_potter0_20": 0.25}
[pair_J] {"steps": 4388864, "elapsed_s": 6640.3, "cramped_room_sparse20": 0.0, "cramped_room_potter0_20": 0.75, "centre_pots_sparse20": 90.0, "centre_pots_potter0_20": 0.25}
[pair_J] {"steps": 4390912, "elapsed_s": 6642.1, "cramped_room_sparse20": 0.0, "cramped_room_potter0_20": 0.75, "centre_pots_sparse20": 93.0, "centre_pots_potter0_20": 0.2}
[pair_J] {"steps": 4392960, "elapsed_s": 6643.5, "cramped_room_sparse20": 0.0, "cramped_room_potter0_20": 0.65, "centre_pots_sparse20": 91.0, "centre_pots_potter0_20": 0.2}
[pair_J] {"steps": 4395008, "elapsed_s": 6645.2, "cramped_room_sparse20": 0.0, "cramped_room_potter0_20": 0.65, "centre_pots_sparse20": 93.0, "centre_pots_potter0_20": 0.15}
[pair_J] {"steps": 4397056, "elapsed_s": 6647.3, "cramped_room_sparse20": 0.0, "cramped_room_potter0_20": 0.65, "centre_pots_sparse20": 95.0, "centre_pots_potter0_20": 0.1}
[pair_J] {"steps": 4399104, "elapsed_s": 6649.1, "cramped_room_sparse20": 0.0, "cramped_room_potter0_20": 0.65, "centre_pots_sparse20": 97.0, "centre_pots_potter0_20": 0.15}
[pair_J] {"steps": 4401152, "elapsed_s": 6651.0, "cramped_room_sparse20": 0.0, "cramped_room_potter0_20": 0.7, "centre_pots_sparse20": 98.0, "centre_pots_potter0_20": 0.15}
[pair_J] {"steps": 4403200, "elapsed_s": 6652.8, "cramped_room_sparse20": 0.0, "cramped_room_potter0_20": 0.6, "centre_pots_sparse20": 95.0, "centre_pots_potter0_20": 0.1}
[pair_J] {"steps": 4405248, "elapsed_s": 6654.6, "cramped_room_sparse20": 0.0, "cramped_room_potter0_20": 0.55, "centre_pots_sparse20": 91.0, "centre_pots_potter0_20": 0.1}
[pair_J] {"steps": 4407296, "elapsed_s": 6656.3, "cramped_room_sparse20": 0.0, "cramped_room_potter0_20": 0.6, "centre_pots_sparse20": 92.0, "centre_pots_potter0_20": 0.1}
[pair_J] {"steps": 4409344, "elapsed_s": 6657.9, "cramped_room_sparse20": 0.0, "cramped_room_potter0_20": 0.6, "centre_pots_sparse20": 91.0, "centre_pots_potter0_20": 0.1}
[pair_J] {"steps": 4411392, "elapsed_s": 6659.3, "cramped_room_sparse20": 0.0, "cramped_room_potter0_20": 0.65, "centre_pots_sparse20": 92.0, "centre_pots_potter0_20": 0.05}
[pair_J] {"steps": 4413440, "elapsed_s": 6661.1, "cramped_room_sparse20": 0.0, "cramped_room_potter0_20": 0.6, "centre_pots_sparse20": 95.0, "centre_pots_potter0_20": 0.0}
[pair_J] {"steps": 4415488, "elapsed_s": 6662.9, "cramped_room_sparse20": 0.0, "cramped_room_potter0_20": 0.65, "centre_pots_sparse20": 91.0, "centre_pots_potter0_20": 0.0}
[pair_J] {"steps": 4417536, "elapsed_s": 6664.2, "cramped_room_sparse20": 0.0, "cramped_room_potter0_20": 0.55, "centre_pots_sparse20": 89.0, "centre_pots_potter0_20": 0.0}
[pair_J] {"steps": 4419584, "elapsed_s": 6666.1, "cramped_room_sparse20": 0.0, "cramped_room_potter0_20": 0.5, "centre_pots_sparse20": 94.0, "centre_pots_potter0_20": 0.0}
[pair_J] {"steps": 4421632, "elapsed_s": 6668.0, "cramped_room_sparse20": 0.0, "cramped_room_potter0_20": 0.55, "centre_pots_sparse20": 91.0, "centre_pots_potter0_20": 0.0}
[pair_J] {"steps": 4423680, "elapsed_s": 6669.5, "cramped_room_sparse20": 0.0, "cramped_room_potter0_20": 0.5, "centre_pots_sparse20": 93.0, "centre_pots_potter0_20": 0.0}
[pair_J] {"steps": 4425728, "elapsed_s": 6671.2, "cramped_room_sparse20": 0.0, "cramped_room_potter0_20": 0.45, "centre_pots_sparse20": 91.0, "centre_pots_potter0_20": 0.0}
[pair_J] {"steps": 4427776, "elapsed_s": 6672.9, "cramped_room_sparse20": 0.0, "cramped_room_potter0_20": 0.4, "centre_pots_sparse20": 90.0, "centre_pots_potter0_20": 0.0}
[pair_J] {"steps": 4429824, "elapsed_s": 6674.8, "cramped_room_sparse20": 0.0, "cramped_room_potter0_20": 0.4, "centre_pots_sparse20": 84.0, "centre_pots_potter0_20": 0.0}
[pair_J] {"steps": 4431872, "elapsed_s": 6676.5, "cramped_room_sparse20": 0.0, "cramped_room_potter0_20": 0.35, "centre_pots_sparse20": 86.0, "centre_pots_potter0_20": 0.0}
[pair_J] {"steps": 4433920, "elapsed_s": 6678.5, "cramped_room_sparse20": 0.0, "cramped_room_potter0_20": 0.35, "centre_pots_sparse20": 89.0, "centre_pots_potter0_20": 0.1}
[pair_J] {"steps": 4435968, "elapsed_s": 6680.0, "cramped_room_sparse20": 0.0, "cramped_room_potter0_20": 0.3, "centre_pots_sparse20": 88.0, "centre_pots_potter0_20": 0.1}
[pair_J] {"steps": 4438016, "elapsed_s": 6681.9, "cramped_room_sparse20": 0.0, "cramped_room_potter0_20": 0.25, "centre_pots_sparse20": 86.0, "centre_pots_potter0_20": 0.1}
[pair_J] {"steps": 4440064, "elapsed_s": 6683.9, "cramped_room_sparse20": 0.0, "cramped_room_potter0_20": 0.2, "centre_pots_sparse20": 86.0, "centre_pots_potter0_20": 0.2}
[pair_J] {"steps": 4442112, "elapsed_s": 6685.3, "cramped_room_sparse20": 0.0, "cramped_room_potter0_20": 0.2, "centre_pots_sparse20": 86.0, "centre_pots_potter0_20": 0.2}
[pair_J] {"steps": 4444160, "elapsed_s": 6686.9, "cramped_room_sparse20": 0.0, "cramped_room_potter0_20": 0.2, "centre_pots_sparse20": 84.0, "centre_pots_potter0_20": 0.25}
[pair_J] {"steps": 4446208, "elapsed_s": 6688.5, "cramped_room_sparse20": 0.0, "cramped_room_potter0_20": 0.25, "centre_pots_sparse20": 84.0, "centre_pots_potter0_20": 0.35}
[pair_J] {"steps": 4448256, "elapsed_s": 6690.3, "cramped_room_sparse20": 1.0, "cramped_room_potter0_20": 0.2, "centre_pots_sparse20": 83.0, "centre_pots_potter0_20": 0.35}
[pair_J] {"steps": 4450304, "elapsed_s": 6692.0, "cramped_room_sparse20": 1.0, "cramped_room_potter0_20": 0.25, "centre_pots_sparse20": 84.0, "centre_pots_potter0_20": 0.3}
[pair_J] {"steps": 4452352, "elapsed_s": 6693.7, "cramped_room_sparse20": 1.0, "cramped_room_potter0_20": 0.3, "centre_pots_sparse20": 85.0, "centre_pots_potter0_20": 0.3}
[pair_J] {"steps": 4454400, "elapsed_s": 6695.4, "cramped_room_sparse20": 1.0, "cramped_room_potter0_20": 0.4, "centre_pots_sparse20": 87.0, "centre_pots_potter0_20": 0.25}
[pair_J] {"steps": 4456448, "elapsed_s": 6697.5, "cramped_room_sparse20": 1.0, "cramped_room_potter0_20": 0.4, "centre_pots_sparse20": 92.0, "centre_pots_potter0_20": 0.2}
[pair_J] {"steps": 4458496, "elapsed_s": 6699.3, "cramped_room_sparse20": 1.0, "cramped_room_potter0_20": 0.35, "centre_pots_sparse20": 94.0, "centre_pots_potter0_20": 0.25}
[pair_J] {"steps": 4460544, "elapsed_s": 6700.8, "cramped_room_sparse20": 1.0, "cramped_room_potter0_20": 0.35, "centre_pots_sparse20": 94.0, "centre_pots_potter0_20": 0.2}
[pair_J] {"steps": 4462592, "elapsed_s": 6702.6, "cramped_room_sparse20": 1.0, "cramped_room_potter0_20": 0.35, "centre_pots_sparse20": 94.0, "centre_pots_potter0_20": 0.25}
[pair_J] {"steps": 4464640, "elapsed_s": 6704.3, "cramped_room_sparse20": 1.0, "cramped_room_potter0_20": 0.4, "centre_pots_sparse20": 93.0, "centre_pots_potter0_20": 0.3}
[pair_J] {"steps": 4466688, "elapsed_s": 6706.1, "cramped_room_sparse20": 0.0, "cramped_room_potter0_20": 0.45, "centre_pots_sparse20": 90.0, "centre_pots_potter0_20": 0.4}
[pair_J] {"steps": 4468736, "elapsed_s": 6707.7, "cramped_room_sparse20": 0.0, "cramped_room_potter0_20": 0.45, "centre_pots_sparse20": 89.0, "centre_pots_potter0_20": 0.4}
[pair_J] {"steps": 4470784, "elapsed_s": 6709.4, "cramped_room_sparse20": 0.0, "cramped_room_potter0_20": 0.5, "centre_pots_sparse20": 88.0, "centre_pots_potter0_20": 0.45}
[pair_J] {"steps": 4472832, "elapsed_s": 6711.3, "cramped_room_sparse20": 0.0, "cramped_room_potter0_20": 0.45, "centre_pots_sparse20": 87.0, "centre_pots_potter0_20": 0.35}
[pair_J] {"steps": 4474880, "elapsed_s": 6713.4, "cramped_room_sparse20": 0.0, "cramped_room_potter0_20": 0.45, "centre_pots_sparse20": 88.0, "centre_pots_potter0_20": 0.35}
[pair_J] {"steps": 4476928, "elapsed_s": 6715.3, "cramped_room_sparse20": 0.0, "cramped_room_potter0_20": 0.5, "centre_pots_sparse20": 89.0, "centre_pots_potter0_20": 0.35}
[pair_J] {"steps": 4478976, "elapsed_s": 6716.8, "cramped_room_sparse20": 0.0, "cramped_room_potter0_20": 0.55, "centre_pots_sparse20": 87.0, "centre_pots_potter0_20": 0.3}
[pair_J] {"steps": 4481024, "elapsed_s": 6718.5, "cramped_room_sparse20": 0.0, "cramped_room_potter0_20": 0.6, "centre_pots_sparse20": 87.0, "centre_pots_potter0_20": 0.2}
[pair_J] {"steps": 4483072, "elapsed_s": 6720.0, "cramped_room_sparse20": 0.0, "cramped_room_potter0_20": 0.55, "centre_pots_sparse20": 89.0, "centre_pots_potter0_20": 0.2}
[pair_J] {"steps": 4485120, "elapsed_s": 6721.8, "cramped_room_sparse20": 0.0, "cramped_room_potter0_20": 0.6, "centre_pots_sparse20": 92.0, "centre_pots_potter0_20": 0.2}
[pair_J] {"steps": 4487168, "elapsed_s": 6723.9, "cramped_room_sparse20": 0.0, "cramped_room_potter0_20": 0.6, "centre_pots_sparse20": 93.0, "centre_pots_potter0_20": 0.25}
[pair_J] {"steps": 4489216, "elapsed_s": 6725.6, "cramped_room_sparse20": 0.0, "cramped_room_potter0_20": 0.6, "centre_pots_sparse20": 94.0, "centre_pots_potter0_20": 0.2}
[pair_J] {"steps": 4491264, "elapsed_s": 6727.3, "cramped_room_sparse20": 0.0, "cramped_room_potter0_20": 0.65, "centre_pots_sparse20": 96.0, "centre_pots_potter0_20": 0.2}
[pair_J] {"steps": 4493312, "elapsed_s": 6729.2, "cramped_room_sparse20": 0.0, "cramped_room_potter0_20": 0.6, "centre_pots_sparse20": 95.0, "centre_pots_potter0_20": 0.15}
[pair_J] {"steps": 4495360, "elapsed_s": 6730.6, "cramped_room_sparse20": 0.0, "cramped_room_potter0_20": 0.65, "centre_pots_sparse20": 95.0, "centre_pots_potter0_20": 0.15}
[pair_J] {"steps": 4497408, "elapsed_s": 6732.2, "cramped_room_sparse20": 0.0, "cramped_room_potter0_20": 0.6, "centre_pots_sparse20": 96.0, "centre_pots_potter0_20": 0.1}
[pair_J] {"steps": 4499456, "elapsed_s": 6733.8, "cramped_room_sparse20": 0.0, "cramped_room_potter0_20": 0.6, "centre_pots_sparse20": 94.0, "centre_pots_potter0_20": 0.1}
[pair_J] {"steps": 4501504, "elapsed_s": 6735.7, "cramped_room_sparse20": 0.0, "cramped_room_potter0_20": 0.6, "centre_pots_sparse20": 95.0, "centre_pots_potter0_20": 0.1}
[pair_J] {"steps": 4503552, "elapsed_s": 6737.3, "cramped_room_sparse20": 0.0, "cramped_room_potter0_20": 0.55, "centre_pots_sparse20": 96.0, "centre_pots_potter0_20": 0.1}
[pair_J] {"steps": 4505600, "elapsed_s": 6739.2, "cramped_room_sparse20": 0.0, "cramped_room_potter0_20": 0.5, "centre_pots_sparse20": 98.0, "centre_pots_potter0_20": 0.1}
[pair_J] {"steps": 4507648, "elapsed_s": 6740.8, "cramped_room_sparse20": 0.0, "cramped_room_potter0_20": 0.45, "centre_pots_sparse20": 99.0, "centre_pots_potter0_20": 0.1}
[pair_J] {"steps": 4509696, "elapsed_s": 6742.5, "cramped_room_sparse20": 0.0, "cramped_room_potter0_20": 0.3, "centre_pots_sparse20": 100.0, "centre_pots_potter0_20": 0.1}
[pair_J] {"steps": 4511744, "elapsed_s": 6744.1, "cramped_room_sparse20": 0.0, "cramped_room_potter0_20": 0.25, "centre_pots_sparse20": 100.0, "centre_pots_potter0_20": 0.1}
[pair_J] {"steps": 4513792, "elapsed_s": 6746.3, "cramped_room_sparse20": 0.0, "cramped_room_potter0_20": 0.25, "centre_pots_sparse20": 101.0, "centre_pots_potter0_20": 0.1}
[pair_J] {"steps": 4515840, "elapsed_s": 6748.1, "cramped_room_sparse20": 0.0, "cramped_room_potter0_20": 0.25, "centre_pots_sparse20": 99.0, "centre_pots_potter0_20": 0.0}
[pair_J] {"steps": 4517888, "elapsed_s": 6750.0, "cramped_room_sparse20": 0.0, "cramped_room_potter0_20": 0.25, "centre_pots_sparse20": 97.0, "centre_pots_potter0_20": 0.0}
[pair_J] {"steps": 4519936, "elapsed_s": 6751.8, "cramped_room_sparse20": 0.0, "cramped_room_potter0_20": 0.2, "centre_pots_sparse20": 97.0, "centre_pots_potter0_20": 0.0}
[pair_J] {"steps": 4521984, "elapsed_s": 6753.6, "cramped_room_sparse20": 0.0, "cramped_room_potter0_20": 0.25, "centre_pots_sparse20": 91.0, "centre_pots_potter0_20": 0.0}
[pair_J] {"steps": 4524032, "elapsed_s": 6755.4, "cramped_room_sparse20": 0.0, "cramped_room_potter0_20": 0.3, "centre_pots_sparse20": 89.0, "centre_pots_potter0_20": 0.0}
[pair_J] {"steps": 4526080, "elapsed_s": 6756.9, "cramped_room_sparse20": 0.0, "cramped_room_potter0_20": 0.25, "centre_pots_sparse20": 84.0, "centre_pots_potter0_20": 0.0}
[pair_J] {"steps": 4528128, "elapsed_s": 6758.3, "cramped_room_sparse20": 0.0, "cramped_room_potter0_20": 0.3, "centre_pots_sparse20": 82.0, "centre_pots_potter0_20": 0.0}
[pair_J] {"steps": 4530176, "elapsed_s": 6759.7, "cramped_room_sparse20": 0.0, "cramped_room_potter0_20": 0.3, "centre_pots_sparse20": 79.0, "centre_pots_potter0_20": 0.0}
[pair_J] {"steps": 4532224, "elapsed_s": 6761.3, "cramped_room_sparse20": 0.0, "cramped_room_potter0_20": 0.25, "centre_pots_sparse20": 77.0, "centre_pots_potter0_20": 0.0}
[pair_J] {"steps": 4534272, "elapsed_s": 6762.9, "cramped_room_sparse20": 0.0, "cramped_room_potter0_20": 0.3, "centre_pots_sparse20": 75.0, "centre_pots_potter0_20": 0.0}
[pair_J] {"steps": 4536320, "elapsed_s": 6764.7, "cramped_room_sparse20": 0.0, "cramped_room_potter0_20": 0.3, "centre_pots_sparse20": 74.0, "centre_pots_potter0_20": 0.0}
[pair_J] {"steps": 4538368, "elapsed_s": 6766.3, "cramped_room_sparse20": 0.0, "cramped_room_potter0_20": 0.3, "centre_pots_sparse20": 74.0, "centre_pots_potter0_20": 0.0}
[pair_J] {"steps": 4540416, "elapsed_s": 6768.0, "cramped_room_sparse20": 0.0, "cramped_room_potter0_20": 0.35, "centre_pots_sparse20": 77.0, "centre_pots_potter0_20": 0.05}
[pair_J] {"steps": 4542464, "elapsed_s": 6769.7, "cramped_room_sparse20": 0.0, "cramped_room_potter0_20": 0.4, "centre_pots_sparse20": 80.0, "centre_pots_potter0_20": 0.05}
[pair_J] {"steps": 4544512, "elapsed_s": 6771.4, "cramped_room_sparse20": 0.0, "cramped_room_potter0_20": 0.45, "centre_pots_sparse20": 87.0, "centre_pots_potter0_20": 0.05}
[pair_J] {"steps": 4546560, "elapsed_s": 6773.1, "cramped_room_sparse20": 0.0, "cramped_room_potter0_20": 0.55, "centre_pots_sparse20": 93.0, "centre_pots_potter0_20": 0.05}
[pair_J] {"steps": 4548608, "elapsed_s": 6774.6, "cramped_room_sparse20": 0.0, "cramped_room_potter0_20": 0.5, "centre_pots_sparse20": 96.0, "centre_pots_potter0_20": 0.05}
[pair_J] {"steps": 4550656, "elapsed_s": 6776.4, "cramped_room_sparse20": 0.0, "cramped_room_potter0_20": 0.6, "centre_pots_sparse20": 100.0, "centre_pots_potter0_20": 0.1}
[pair_J] {"steps": 4552704, "elapsed_s": 6778.3, "cramped_room_sparse20": 0.0, "cramped_room_potter0_20": 0.6, "centre_pots_sparse20": 101.0, "centre_pots_potter0_20": 0.1}
[pair_J] {"steps": 4554752, "elapsed_s": 6779.9, "cramped_room_sparse20": 0.0, "cramped_room_potter0_20": 0.6, "centre_pots_sparse20": 97.0, "centre_pots_potter0_20": 0.1}
[pair_J] {"steps": 4556800, "elapsed_s": 6781.2, "cramped_room_sparse20": 0.0, "cramped_room_potter0_20": 0.6, "centre_pots_sparse20": 96.0, "centre_pots_potter0_20": 0.1}
[pair_J] {"steps": 4558848, "elapsed_s": 6782.6, "cramped_room_sparse20": 0.0, "cramped_room_potter0_20": 0.55, "centre_pots_sparse20": 96.0, "centre_pots_potter0_20": 0.1}
[pair_J] {"steps": 4560896, "elapsed_s": 6784.6, "cramped_room_sparse20": 0.0, "cramped_room_potter0_20": 0.5, "centre_pots_sparse20": 95.0, "centre_pots_potter0_20": 0.2}
[pair_J] {"steps": 4562944, "elapsed_s": 6786.2, "cramped_room_sparse20": 0.0, "cramped_room_potter0_20": 0.45, "centre_pots_sparse20": 96.0, "centre_pots_potter0_20": 0.2}
[pair_J] {"steps": 4564992, "elapsed_s": 6788.0, "cramped_room_sparse20": 0.0, "cramped_room_potter0_20": 0.45, "centre_pots_sparse20": 84.0, "centre_pots_potter0_20": 0.25}
[pair_J] {"steps": 4567040, "elapsed_s": 6789.6, "cramped_room_sparse20": 0.0, "cramped_room_potter0_20": 0.5, "centre_pots_sparse20": 82.0, "centre_pots_potter0_20": 0.25}
[pair_J] {"steps": 4569088, "elapsed_s": 6790.9, "cramped_room_sparse20": 0.0, "cramped_room_potter0_20": 0.45, "centre_pots_sparse20": 79.0, "centre_pots_potter0_20": 0.25}
[pair_J] {"steps": 4571136, "elapsed_s": 6792.8, "cramped_room_sparse20": 0.0, "cramped_room_potter0_20": 0.45, "centre_pots_sparse20": 77.0, "centre_pots_potter0_20": 0.2}
[pair_J] {"steps": 4573184, "elapsed_s": 6794.8, "cramped_room_sparse20": 0.0, "cramped_room_potter0_20": 0.5, "centre_pots_sparse20": 74.0, "centre_pots_potter0_20": 0.2}
[pair_J] {"steps": 4575232, "elapsed_s": 6796.4, "cramped_room_sparse20": 0.0, "cramped_room_potter0_20": 0.45, "centre_pots_sparse20": 69.0, "centre_pots_potter0_20": 0.15}
[pair_J] {"steps": 4577280, "elapsed_s": 6798.3, "cramped_room_sparse20": 0.0, "cramped_room_potter0_20": 0.45, "centre_pots_sparse20": 61.0, "centre_pots_potter0_20": 0.25}
[pair_J] {"steps": 4579328, "elapsed_s": 6800.0, "cramped_room_sparse20": 0.0, "cramped_room_potter0_20": 0.55, "centre_pots_sparse20": 63.0, "centre_pots_potter0_20": 0.3}
[pair_J] {"steps": 4581376, "elapsed_s": 6801.5, "cramped_room_sparse20": 0.0, "cramped_room_potter0_20": 0.65, "centre_pots_sparse20": 67.0, "centre_pots_potter0_20": 0.25}
[pair_J] {"steps": 4583424, "elapsed_s": 6803.1, "cramped_room_sparse20": 0.0, "cramped_room_potter0_20": 0.55, "centre_pots_sparse20": 60.0, "centre_pots_potter0_20": 0.3}
[pair_J] {"steps": 4585472, "elapsed_s": 6804.5, "cramped_room_sparse20": 0.0, "cramped_room_potter0_20": 0.55, "centre_pots_sparse20": 59.0, "centre_pots_potter0_20": 0.3}
[pair_J] {"steps": 4587520, "elapsed_s": 6806.2, "cramped_room_sparse20": 0.0, "cramped_room_potter0_20": 0.5, "centre_pots_sparse20": 56.0, "centre_pots_potter0_20": 0.3}
[pair_J] {"steps": 4589568, "elapsed_s": 6808.1, "cramped_room_sparse20": 0.0, "cramped_room_potter0_20": 0.5, "centre_pots_sparse20": 56.0, "centre_pots_potter0_20": 0.4}
[pair_J] {"steps": 4591616, "elapsed_s": 6810.2, "cramped_room_sparse20": 0.0, "cramped_room_potter0_20": 0.5, "centre_pots_sparse20": 59.0, "centre_pots_potter0_20": 0.3}
[pair_J] {"steps": 4593664, "elapsed_s": 6811.8, "cramped_room_sparse20": 0.0, "cramped_room_potter0_20": 0.45, "centre_pots_sparse20": 68.0, "centre_pots_potter0_20": 0.25}
[pair_J] {"steps": 4595712, "elapsed_s": 6813.3, "cramped_room_sparse20": 0.0, "cramped_room_potter0_20": 0.35, "centre_pots_sparse20": 66.0, "centre_pots_potter0_20": 0.2}
[pair_J] {"steps": 4597760, "elapsed_s": 6815.1, "cramped_room_sparse20": 0.0, "cramped_room_potter0_20": 0.3, "centre_pots_sparse20": 69.0, "centre_pots_potter0_20": 0.2}
[pair_J] {"steps": 4599808, "elapsed_s": 6816.6, "cramped_room_sparse20": 0.0, "cramped_room_potter0_20": 0.3, "centre_pots_sparse20": 75.0, "centre_pots_potter0_20": 0.2}
[pair_J] {"steps": 4601856, "elapsed_s": 6818.7, "cramped_room_sparse20": 0.0, "cramped_room_potter0_20": 0.3, "centre_pots_sparse20": 83.0, "centre_pots_potter0_20": 0.15}
[pair_J] {"steps": 4603904, "elapsed_s": 6820.3, "cramped_room_sparse20": 0.0, "cramped_room_potter0_20": 0.35, "centre_pots_sparse20": 86.0, "centre_pots_potter0_20": 0.1}
[pair_J] {"steps": 4605952, "elapsed_s": 6822.2, "cramped_room_sparse20": 0.0, "cramped_room_potter0_20": 0.4, "centre_pots_sparse20": 89.0, "centre_pots_potter0_20": 0.1}
[pair_J] {"steps": 4608000, "elapsed_s": 6824.0, "cramped_room_sparse20": 0.0, "cramped_room_potter0_20": 0.4, "centre_pots_sparse20": 89.0, "centre_pots_potter0_20": 0.1}
[pair_J] {"steps": 4610048, "elapsed_s": 6825.6, "cramped_room_sparse20": 0.0, "cramped_room_potter0_20": 0.35, "centre_pots_sparse20": 85.0, "centre_pots_potter0_20": 0.05}
[pair_J] {"steps": 4612096, "elapsed_s": 6827.3, "cramped_room_sparse20": 0.0, "cramped_room_potter0_20": 0.3, "centre_pots_sparse20": 88.0, "centre_pots_potter0_20": 0.0}
[pair_J] {"steps": 4614144, "elapsed_s": 6829.3, "cramped_room_sparse20": 0.0, "cramped_room_potter0_20": 0.3, "centre_pots_sparse20": 86.0, "centre_pots_potter0_20": 0.0}
[pair_J] {"steps": 4616192, "elapsed_s": 6831.0, "cramped_room_sparse20": 0.0, "cramped_room_potter0_20": 0.35, "centre_pots_sparse20": 88.0, "centre_pots_potter0_20": 0.0}
[pair_J] {"steps": 4618240, "elapsed_s": 6832.6, "cramped_room_sparse20": 0.0, "cramped_room_potter0_20": 0.45, "centre_pots_sparse20": 89.0, "centre_pots_potter0_20": 0.0}
[pair_J] {"steps": 4620288, "elapsed_s": 6834.6, "cramped_room_sparse20": 0.0, "cramped_room_potter0_20": 0.45, "centre_pots_sparse20": 93.0, "centre_pots_potter0_20": 0.0}
[pair_J] {"steps": 4622336, "elapsed_s": 6836.5, "cramped_room_sparse20": 0.0, "cramped_room_potter0_20": 0.45, "centre_pots_sparse20": 98.0, "centre_pots_potter0_20": 0.05}
[pair_J] {"steps": 4624384, "elapsed_s": 6837.8, "cramped_room_sparse20": 0.0, "cramped_room_potter0_20": 0.5, "centre_pots_sparse20": 100.0, "centre_pots_potter0_20": 0.05}
[pair_J] {"steps": 4626432, "elapsed_s": 6839.8, "cramped_room_sparse20": 0.0, "cramped_room_potter0_20": 0.45, "centre_pots_sparse20": 100.0, "centre_pots_potter0_20": 0.1}
[pair_J] {"steps": 4628480, "elapsed_s": 6841.2, "cramped_room_sparse20": 0.0, "cramped_room_potter0_20": 0.5, "centre_pots_sparse20": 101.0, "centre_pots_potter0_20": 0.1}
[pair_J] {"steps": 4630528, "elapsed_s": 6843.0, "cramped_room_sparse20": 0.0, "cramped_room_potter0_20": 0.55, "centre_pots_sparse20": 101.0, "centre_pots_potter0_20": 0.1}
[pair_J] {"steps": 4632576, "elapsed_s": 6844.8, "cramped_room_sparse20": 0.0, "cramped_room_potter0_20": 0.55, "centre_pots_sparse20": 93.0, "centre_pots_potter0_20": 0.1}
[pair_J] {"steps": 4634624, "elapsed_s": 6846.5, "cramped_room_sparse20": 0.0, "cramped_room_potter0_20": 0.55, "centre_pots_sparse20": 87.0, "centre_pots_potter0_20": 0.1}
[pair_J] {"steps": 4636672, "elapsed_s": 6848.1, "cramped_room_sparse20": 0.0, "cramped_room_potter0_20": 0.5, "centre_pots_sparse20": 87.0, "centre_pots_potter0_20": 0.1}
[pair_J] {"steps": 4638720, "elapsed_s": 6849.6, "cramped_room_sparse20": 0.0, "cramped_room_potter0_20": 0.5, "centre_pots_sparse20": 89.0, "centre_pots_potter0_20": 0.05}
[pair_J] {"steps": 4640768, "elapsed_s": 6851.3, "cramped_room_sparse20": 0.0, "cramped_room_potter0_20": 0.45, "centre_pots_sparse20": 87.0, "centre_pots_potter0_20": 0.05}
[pair_J] {"steps": 4642816, "elapsed_s": 6853.3, "cramped_room_sparse20": 0.0, "cramped_room_potter0_20": 0.45, "centre_pots_sparse20": 84.0, "centre_pots_potter0_20": 0.05}
[pair_J] {"steps": 4644864, "elapsed_s": 6855.5, "cramped_room_sparse20": 0.0, "cramped_room_potter0_20": 0.4, "centre_pots_sparse20": 79.0, "centre_pots_potter0_20": 0.05}
[pair_J] {"steps": 4646912, "elapsed_s": 6857.7, "cramped_room_sparse20": 0.0, "cramped_room_potter0_20": 0.4, "centre_pots_sparse20": 84.0, "centre_pots_potter0_20": 0.05}
[pair_J] {"steps": 4648960, "elapsed_s": 6859.3, "cramped_room_sparse20": 1.0, "cramped_room_potter0_20": 0.45, "centre_pots_sparse20": 86.0, "centre_pots_potter0_20": 0.05}
[pair_J] {"steps": 4651008, "elapsed_s": 6861.5, "cramped_room_sparse20": 1.0, "cramped_room_potter0_20": 0.45, "centre_pots_sparse20": 87.0, "centre_pots_potter0_20": 0.05}
[pair_J] {"steps": 4653056, "elapsed_s": 6862.9, "cramped_room_sparse20": 1.0, "cramped_room_potter0_20": 0.5, "centre_pots_sparse20": 87.0, "centre_pots_potter0_20": 0.0}
[pair_J] {"steps": 4655104, "elapsed_s": 6864.5, "cramped_room_sparse20": 1.0, "cramped_room_potter0_20": 0.45, "centre_pots_sparse20": 86.0, "centre_pots_potter0_20": 0.05}
[pair_J] {"steps": 4657152, "elapsed_s": 6866.4, "cramped_room_sparse20": 1.0, "cramped_room_potter0_20": 0.45, "centre_pots_sparse20": 90.0, "centre_pots_potter0_20": 0.05}
[pair_J] {"steps": 4659200, "elapsed_s": 6867.9, "cramped_room_sparse20": 2.0, "cramped_room_potter0_20": 0.4, "centre_pots_sparse20": 88.0, "centre_pots_potter0_20": 0.05}
[pair_J] {"steps": 4661248, "elapsed_s": 6869.6, "cramped_room_sparse20": 2.0, "cramped_room_potter0_20": 0.45, "centre_pots_sparse20": 85.0, "centre_pots_potter0_20": 0.05}
[pair_J] {"steps": 4663296, "elapsed_s": 6871.5, "cramped_room_sparse20": 2.0, "cramped_room_potter0_20": 0.4, "centre_pots_sparse20": 82.0, "centre_pots_potter0_20": 0.05}
[pair_J] {"steps": 4665344, "elapsed_s": 6873.3, "cramped_room_sparse20": 1.0, "cramped_room_potter0_20": 0.4, "centre_pots_sparse20": 80.0, "centre_pots_potter0_20": 0.05}
[pair_J] {"steps": 4667392, "elapsed_s": 6874.9, "cramped_room_sparse20": 2.0, "cramped_room_potter0_20": 0.4, "centre_pots_sparse20": 79.0, "centre_pots_potter0_20": 0.05}
[pair_J] {"steps": 4669440, "elapsed_s": 6876.7, "cramped_room_sparse20": 2.0, "cramped_room_potter0_20": 0.5, "centre_pots_sparse20": 74.0, "centre_pots_potter0_20": 0.05}
[pair_J] {"steps": 4671488, "elapsed_s": 6878.6, "cramped_room_sparse20": 2.0, "cramped_room_potter0_20": 0.5, "centre_pots_sparse20": 74.0, "centre_pots_potter0_20": 0.0}
[pair_J] {"steps": 4673536, "elapsed_s": 6880.1, "cramped_room_sparse20": 2.0, "cramped_room_potter0_20": 0.55, "centre_pots_sparse20": 74.0, "centre_pots_potter0_20": 0.0}
[pair_J] {"steps": 4675584, "elapsed_s": 6881.7, "cramped_room_sparse20": 1.0, "cramped_room_potter0_20": 0.45, "centre_pots_sparse20": 72.0, "centre_pots_potter0_20": 0.0}
[pair_J] {"steps": 4677632, "elapsed_s": 6883.4, "cramped_room_sparse20": 1.0, "cramped_room_potter0_20": 0.4, "centre_pots_sparse20": 76.0, "centre_pots_potter0_20": 0.05}
[pair_J] {"steps": 4679680, "elapsed_s": 6884.9, "cramped_room_sparse20": 1.0, "cramped_room_potter0_20": 0.4, "centre_pots_sparse20": 81.0, "centre_pots_potter0_20": 0.1}
[pair_J] {"steps": 4681728, "elapsed_s": 6886.6, "cramped_room_sparse20": 0.0, "cramped_room_potter0_20": 0.3, "centre_pots_sparse20": 83.0, "centre_pots_potter0_20": 0.1}
[pair_J] {"steps": 4683776, "elapsed_s": 6888.5, "cramped_room_sparse20": 0.0, "cramped_room_potter0_20": 0.3, "centre_pots_sparse20": 85.0, "centre_pots_potter0_20": 0.1}
[pair_J] {"steps": 4685824, "elapsed_s": 6890.5, "cramped_room_sparse20": 0.0, "cramped_room_potter0_20": 0.35, "centre_pots_sparse20": 83.0, "centre_pots_potter0_20": 0.2}
[pair_J] {"steps": 4687872, "elapsed_s": 6892.1, "cramped_room_sparse20": 0.0, "cramped_room_potter0_20": 0.25, "centre_pots_sparse20": 84.0, "centre_pots_potter0_20": 0.2}
[pair_J] {"steps": 4689920, "elapsed_s": 6893.8, "cramped_room_sparse20": 0.0, "cramped_room_potter0_20": 0.2, "centre_pots_sparse20": 83.0, "centre_pots_potter0_20": 0.2}
[pair_J] {"steps": 4691968, "elapsed_s": 6895.4, "cramped_room_sparse20": 0.0, "cramped_room_potter0_20": 0.3, "centre_pots_sparse20": 84.0, "centre_pots_potter0_20": 0.25}
[pair_J] {"steps": 4694016, "elapsed_s": 6897.1, "cramped_room_sparse20": 0.0, "cramped_room_potter0_20": 0.35, "centre_pots_sparse20": 91.0, "centre_pots_potter0_20": 0.2}
[pair_J] {"steps": 4696064, "elapsed_s": 6899.1, "cramped_room_sparse20": 0.0, "cramped_room_potter0_20": 0.35, "centre_pots_sparse20": 92.0, "centre_pots_potter0_20": 0.15}
[pair_J] {"steps": 4698112, "elapsed_s": 6900.7, "cramped_room_sparse20": 0.0, "cramped_room_potter0_20": 0.4, "centre_pots_sparse20": 94.0, "centre_pots_potter0_20": 0.15}
[pair_J] {"steps": 4700160, "elapsed_s": 6902.2, "cramped_room_sparse20": 0.0, "cramped_room_potter0_20": 0.45, "centre_pots_sparse20": 96.0, "centre_pots_potter0_20": 0.1}
[pair_J] {"steps": 4702208, "elapsed_s": 6904.0, "cramped_room_sparse20": 1.0, "cramped_room_potter0_20": 0.45, "centre_pots_sparse20": 97.0, "centre_pots_potter0_20": 0.05}
[pair_J] {"steps": 4704256, "elapsed_s": 6905.6, "cramped_room_sparse20": 1.0, "cramped_room_potter0_20": 0.45, "centre_pots_sparse20": 97.0, "centre_pots_potter0_20": 0.05}
[pair_J] {"steps": 4706304, "elapsed_s": 6907.4, "cramped_room_sparse20": 1.0, "cramped_room_potter0_20": 0.45, "centre_pots_sparse20": 97.0, "centre_pots_potter0_20": 0.1}
[pair_J] {"steps": 4708352, "elapsed_s": 6909.0, "cramped_room_sparse20": 1.0, "cramped_room_potter0_20": 0.4, "centre_pots_sparse20": 100.0, "centre_pots_potter0_20": 0.05}
[pair_J] {"steps": 4710400, "elapsed_s": 6911.0, "cramped_room_sparse20": 1.0, "cramped_room_potter0_20": 0.4, "centre_pots_sparse20": 95.0, "centre_pots_potter0_20": 0.1}
[pair_J] {"steps": 4712448, "elapsed_s": 6912.5, "cramped_room_sparse20": 1.0, "cramped_room_potter0_20": 0.45, "centre_pots_sparse20": 89.0, "centre_pots_potter0_20": 0.1}
[pair_J] {"steps": 4714496, "elapsed_s": 6913.8, "cramped_room_sparse20": 1.0, "cramped_room_potter0_20": 0.5, "centre_pots_sparse20": 89.0, "centre_pots_potter0_20": 0.1}
[pair_J] {"steps": 4716544, "elapsed_s": 6915.1, "cramped_room_sparse20": 0.0, "cramped_room_potter0_20": 0.4, "centre_pots_sparse20": 89.0, "centre_pots_potter0_20": 0.1}
[pair_J] {"steps": 4718592, "elapsed_s": 6916.6, "cramped_room_sparse20": 0.0, "cramped_room_potter0_20": 0.45, "centre_pots_sparse20": 88.0, "centre_pots_potter0_20": 0.1}
[pair_J] {"steps": 4720640, "elapsed_s": 6918.2, "cramped_room_sparse20": 1.0, "cramped_room_potter0_20": 0.5, "centre_pots_sparse20": 89.0, "centre_pots_potter0_20": 0.1}
[pair_J] {"steps": 4722688, "elapsed_s": 6919.8, "cramped_room_sparse20": 1.0, "cramped_room_potter0_20": 0.45, "centre_pots_sparse20": 89.0, "centre_pots_potter0_20": 0.1}
[pair_J] {"steps": 4724736, "elapsed_s": 6921.5, "cramped_room_sparse20": 1.0, "cramped_room_potter0_20": 0.55, "centre_pots_sparse20": 91.0, "centre_pots_potter0_20": 0.1}
[pair_J] {"steps": 4726784, "elapsed_s": 6923.3, "cramped_room_sparse20": 1.0, "cramped_room_potter0_20": 0.55, "centre_pots_sparse20": 92.0, "centre_pots_potter0_20": 0.05}
[pair_J] {"steps": 4728832, "elapsed_s": 6924.8, "cramped_room_sparse20": 1.0, "cramped_room_potter0_20": 0.65, "centre_pots_sparse20": 91.0, "centre_pots_potter0_20": 0.05}
[pair_J] {"steps": 4730880, "elapsed_s": 6926.6, "cramped_room_sparse20": 1.0, "cramped_room_potter0_20": 0.7, "centre_pots_sparse20": 92.0, "centre_pots_potter0_20": 0.0}
[pair_J] {"steps": 4732928, "elapsed_s": 6928.4, "cramped_room_sparse20": 1.0, "cramped_room_potter0_20": 0.65, "centre_pots_sparse20": 91.0, "centre_pots_potter0_20": 0.0}
[pair_J] {"steps": 4734976, "elapsed_s": 6930.4, "cramped_room_sparse20": 1.0, "cramped_room_potter0_20": 0.65, "centre_pots_sparse20": 93.0, "centre_pots_potter0_20": 0.0}
[pair_J] {"steps": 4737024, "elapsed_s": 6931.7, "cramped_room_sparse20": 0.0, "cramped_room_potter0_20": 0.7, "centre_pots_sparse20": 93.0, "centre_pots_potter0_20": 0.0}
[pair_J] {"steps": 4739072, "elapsed_s": 6933.4, "cramped_room_sparse20": 0.0, "cramped_room_potter0_20": 0.65, "centre_pots_sparse20": 95.0, "centre_pots_potter0_20": 0.0}
[pair_J] {"steps": 4741120, "elapsed_s": 6934.9, "cramped_room_sparse20": 0.0, "cramped_room_potter0_20": 0.5, "centre_pots_sparse20": 94.0, "centre_pots_potter0_20": 0.0}
[pair_J] {"steps": 4743168, "elapsed_s": 6936.6, "cramped_room_sparse20": 0.0, "cramped_room_potter0_20": 0.55, "centre_pots_sparse20": 94.0, "centre_pots_potter0_20": 0.0}
[pair_J] {"steps": 4745216, "elapsed_s": 6938.3, "cramped_room_sparse20": 0.0, "cramped_room_potter0_20": 0.5, "centre_pots_sparse20": 95.0, "centre_pots_potter0_20": 0.0}
[pair_J] {"steps": 4747264, "elapsed_s": 6939.9, "cramped_room_sparse20": 0.0, "cramped_room_potter0_20": 0.55, "centre_pots_sparse20": 95.0, "centre_pots_potter0_20": 0.05}
[pair_J] {"steps": 4749312, "elapsed_s": 6941.6, "cramped_room_sparse20": 0.0, "cramped_room_potter0_20": 0.5, "centre_pots_sparse20": 94.0, "centre_pots_potter0_20": 0.05}
[pair_J] {"steps": 4751360, "elapsed_s": 6943.2, "cramped_room_sparse20": 0.0, "cramped_room_potter0_20": 0.5, "centre_pots_sparse20": 94.0, "centre_pots_potter0_20": 0.05}
[pair_J] {"steps": 4753408, "elapsed_s": 6944.9, "cramped_room_sparse20": 0.0, "cramped_room_potter0_20": 0.55, "centre_pots_sparse20": 92.0, "centre_pots_potter0_20": 0.05}
[pair_J] {"steps": 4755456, "elapsed_s": 6946.4, "cramped_room_sparse20": 0.0, "cramped_room_potter0_20": 0.55, "centre_pots_sparse20": 95.0, "centre_pots_potter0_20": 0.05}
[pair_J] {"steps": 4757504, "elapsed_s": 6948.5, "cramped_room_sparse20": 0.0, "cramped_room_potter0_20": 0.6, "centre_pots_sparse20": 93.0, "centre_pots_potter0_20": 0.05}
[pair_J] {"steps": 4759552, "elapsed_s": 6950.0, "cramped_room_sparse20": 0.0, "cramped_room_potter0_20": 0.45, "centre_pots_sparse20": 92.0, "centre_pots_potter0_20": 0.1}
[pair_J] {"steps": 4761600, "elapsed_s": 6952.1, "cramped_room_sparse20": 0.0, "cramped_room_potter0_20": 0.45, "centre_pots_sparse20": 90.0, "centre_pots_potter0_20": 0.15}
[pair_J] {"steps": 4763648, "elapsed_s": 6954.2, "cramped_room_sparse20": 0.0, "cramped_room_potter0_20": 0.45, "centre_pots_sparse20": 92.0, "centre_pots_potter0_20": 0.1}
[pair_J] {"steps": 4765696, "elapsed_s": 6955.5, "cramped_room_sparse20": 0.0, "cramped_room_potter0_20": 0.4, "centre_pots_sparse20": 92.0, "centre_pots_potter0_20": 0.1}
[pair_J] {"steps": 4767744, "elapsed_s": 6957.2, "cramped_room_sparse20": 0.0, "cramped_room_potter0_20": 0.4, "centre_pots_sparse20": 94.0, "centre_pots_potter0_20": 0.1}
[pair_J] {"steps": 4769792, "elapsed_s": 6958.7, "cramped_room_sparse20": 0.0, "cramped_room_potter0_20": 0.4, "centre_pots_sparse20": 90.0, "centre_pots_potter0_20": 0.1}
[pair_J] {"steps": 4771840, "elapsed_s": 6960.2, "cramped_room_sparse20": 0.0, "cramped_room_potter0_20": 0.4, "centre_pots_sparse20": 91.0, "centre_pots_potter0_20": 0.1}
[pair_J] {"steps": 4773888, "elapsed_s": 6961.6, "cramped_room_sparse20": 0.0, "cramped_room_potter0_20": 0.4, "centre_pots_sparse20": 92.0, "centre_pots_potter0_20": 0.1}
[pair_J] {"steps": 4775936, "elapsed_s": 6963.0, "cramped_room_sparse20": 0.0, "cramped_room_potter0_20": 0.5, "centre_pots_sparse20": 94.0, "centre_pots_potter0_20": 0.1}
[pair_J] {"steps": 4777984, "elapsed_s": 6964.9, "cramped_room_sparse20": 0.0, "cramped_room_potter0_20": 0.55, "centre_pots_sparse20": 95.0, "centre_pots_potter0_20": 0.05}
[pair_J] {"steps": 4780032, "elapsed_s": 6966.7, "cramped_room_sparse20": 0.0, "cramped_room_potter0_20": 0.55, "centre_pots_sparse20": 95.0, "centre_pots_potter0_20": 0.0}
[pair_J] {"steps": 4782080, "elapsed_s": 6968.4, "cramped_room_sparse20": 0.0, "cramped_room_potter0_20": 0.55, "centre_pots_sparse20": 94.0, "centre_pots_potter0_20": 0.05}
[pair_J] {"steps": 4784128, "elapsed_s": 6970.0, "cramped_room_sparse20": 0.0, "cramped_room_potter0_20": 0.55, "centre_pots_sparse20": 93.0, "centre_pots_potter0_20": 0.05}
[pair_J] {"steps": 4786176, "elapsed_s": 6971.6, "cramped_room_sparse20": 0.0, "cramped_room_potter0_20": 0.55, "centre_pots_sparse20": 88.0, "centre_pots_potter0_20": 0.05}
[pair_J] {"steps": 4788224, "elapsed_s": 6973.3, "cramped_room_sparse20": 0.0, "cramped_room_potter0_20": 0.65, "centre_pots_sparse20": 94.0, "centre_pots_potter0_20": 0.05}
[pair_J] {"steps": 4790272, "elapsed_s": 6975.1, "cramped_room_sparse20": 0.0, "cramped_room_potter0_20": 0.6, "centre_pots_sparse20": 90.0, "centre_pots_potter0_20": 0.05}
[pair_J] {"steps": 4792320, "elapsed_s": 6976.4, "cramped_room_sparse20": 0.0, "cramped_room_potter0_20": 0.5, "centre_pots_sparse20": 91.0, "centre_pots_potter0_20": 0.05}
[pair_J] {"steps": 4794368, "elapsed_s": 6978.2, "cramped_room_sparse20": 0.0, "cramped_room_potter0_20": 0.45, "centre_pots_sparse20": 89.0, "centre_pots_potter0_20": 0.05}
[pair_J] {"steps": 4796416, "elapsed_s": 6979.8, "cramped_room_sparse20": 0.0, "cramped_room_potter0_20": 0.55, "centre_pots_sparse20": 90.0, "centre_pots_potter0_20": 0.05}
[pair_J] {"steps": 4798464, "elapsed_s": 6981.5, "cramped_room_sparse20": 0.0, "cramped_room_potter0_20": 0.5, "centre_pots_sparse20": 91.0, "centre_pots_potter0_20": 0.05}
[pair_J] {"steps": 4800512, "elapsed_s": 6983.0, "cramped_room_sparse20": 0.0, "cramped_room_potter0_20": 0.45, "centre_pots_sparse20": 91.0, "centre_pots_potter0_20": 0.05}
[pair_J] {"steps": 4802560, "elapsed_s": 6984.6, "cramped_room_sparse20": 0.0, "cramped_room_potter0_20": 0.45, "centre_pots_sparse20": 94.0, "centre_pots_potter0_20": 0.05}
[pair_J] {"steps": 4804608, "elapsed_s": 6986.4, "cramped_room_sparse20": 0.0, "cramped_room_potter0_20": 0.45, "centre_pots_sparse20": 94.0, "centre_pots_potter0_20": 0.05}
[pair_J] {"steps": 4806656, "elapsed_s": 6988.0, "cramped_room_sparse20": 0.0, "cramped_room_potter0_20": 0.5, "centre_pots_sparse20": 93.0, "centre_pots_potter0_20": 0.05}
[pair_J] {"steps": 4808704, "elapsed_s": 6989.1, "cramped_room_sparse20": 0.0, "cramped_room_potter0_20": 0.45, "centre_pots_sparse20": 93.0, "centre_pots_potter0_20": 0.05}
[pair_J] {"steps": 4810752, "elapsed_s": 6990.5, "cramped_room_sparse20": 0.0, "cramped_room_potter0_20": 0.4, "centre_pots_sparse20": 94.0, "centre_pots_potter0_20": 0.05}
[pair_J] {"steps": 4812800, "elapsed_s": 6992.4, "cramped_room_sparse20": 0.0, "cramped_room_potter0_20": 0.4, "centre_pots_sparse20": 86.0, "centre_pots_potter0_20": 0.05}
[pair_J] {"steps": 4814848, "elapsed_s": 6994.2, "cramped_room_sparse20": 0.0, "cramped_room_potter0_20": 0.45, "centre_pots_sparse20": 86.0, "centre_pots_potter0_20": 0.1}
[pair_J] {"steps": 4816896, "elapsed_s": 6995.9, "cramped_room_sparse20": 0.0, "cramped_room_potter0_20": 0.5, "centre_pots_sparse20": 86.0, "centre_pots_potter0_20": 0.1}
[pair_J] {"steps": 4818944, "elapsed_s": 6997.5, "cramped_room_sparse20": 0.0, "cramped_room_potter0_20": 0.55, "centre_pots_sparse20": 87.0, "centre_pots_potter0_20": 0.05}
[pair_J] {"steps": 4820992, "elapsed_s": 6999.4, "cramped_room_sparse20": 0.0, "cramped_room_potter0_20": 0.65, "centre_pots_sparse20": 86.0, "centre_pots_potter0_20": 0.05}
[pair_J] {"steps": 4823040, "elapsed_s": 7001.3, "cramped_room_sparse20": 0.0, "cramped_room_potter0_20": 0.65, "centre_pots_sparse20": 90.0, "centre_pots_potter0_20": 0.05}
[pair_J] {"steps": 4825088, "elapsed_s": 7002.7, "cramped_room_sparse20": 0.0, "cramped_room_potter0_20": 0.65, "centre_pots_sparse20": 89.0, "centre_pots_potter0_20": 0.05}
[pair_J] {"steps": 4827136, "elapsed_s": 7004.4, "cramped_room_sparse20": 0.0, "cramped_room_potter0_20": 0.6, "centre_pots_sparse20": 88.0, "centre_pots_potter0_20": 0.05}
[pair_J] {"steps": 4829184, "elapsed_s": 7006.1, "cramped_room_sparse20": 0.0, "cramped_room_potter0_20": 0.65, "centre_pots_sparse20": 93.0, "centre_pots_potter0_20": 0.05}
[pair_J] {"steps": 4831232, "elapsed_s": 7007.9, "cramped_room_sparse20": 0.0, "cramped_room_potter0_20": 0.75, "centre_pots_sparse20": 86.0, "centre_pots_potter0_20": 0.0}
[pair_J] {"steps": 4833280, "elapsed_s": 7009.6, "cramped_room_sparse20": 0.0, "cramped_room_potter0_20": 0.65, "centre_pots_sparse20": 82.0, "centre_pots_potter0_20": 0.0}
[pair_J] {"steps": 4835328, "elapsed_s": 7011.5, "cramped_room_sparse20": 0.0, "cramped_room_potter0_20": 0.65, "centre_pots_sparse20": 79.0, "centre_pots_potter0_20": 0.0}
[pair_J] {"steps": 4837376, "elapsed_s": 7012.9, "cramped_room_sparse20": 0.0, "cramped_room_potter0_20": 0.55, "centre_pots_sparse20": 80.0, "centre_pots_potter0_20": 0.0}
[pair_J] {"steps": 4839424, "elapsed_s": 7014.8, "cramped_room_sparse20": 0.0, "cramped_room_potter0_20": 0.6, "centre_pots_sparse20": 80.0, "centre_pots_potter0_20": 0.05}
[pair_J] {"steps": 4841472, "elapsed_s": 7016.4, "cramped_room_sparse20": 0.0, "cramped_room_potter0_20": 0.55, "centre_pots_sparse20": 81.0, "centre_pots_potter0_20": 0.05}
[pair_J] {"steps": 4843520, "elapsed_s": 7018.5, "cramped_room_sparse20": 0.0, "cramped_room_potter0_20": 0.55, "centre_pots_sparse20": 88.0, "centre_pots_potter0_20": 0.05}
[pair_J] {"steps": 4845568, "elapsed_s": 7020.0, "cramped_room_sparse20": 0.0, "cramped_room_potter0_20": 0.6, "centre_pots_sparse20": 91.0, "centre_pots_potter0_20": 0.05}
[pair_J] {"steps": 4847616, "elapsed_s": 7021.6, "cramped_room_sparse20": 0.0, "cramped_room_potter0_20": 0.6, "centre_pots_sparse20": 92.0, "centre_pots_potter0_20": 0.05}
[pair_J] {"steps": 4849664, "elapsed_s": 7023.5, "cramped_room_sparse20": 0.0, "cramped_room_potter0_20": 0.55, "centre_pots_sparse20": 92.0, "centre_pots_potter0_20": 0.05}
[pair_J] {"steps": 4851712, "elapsed_s": 7025.2, "cramped_room_sparse20": 0.0, "cramped_room_potter0_20": 0.6, "centre_pots_sparse20": 93.0, "centre_pots_potter0_20": 0.05}
[pair_J] {"steps": 4853760, "elapsed_s": 7026.6, "cramped_room_sparse20": 0.0, "cramped_room_potter0_20": 0.55, "centre_pots_sparse20": 94.0, "centre_pots_potter0_20": 0.05}
[pair_J] {"steps": 4855808, "elapsed_s": 7028.5, "cramped_room_sparse20": 0.0, "cramped_room_potter0_20": 0.5, "centre_pots_sparse20": 96.0, "centre_pots_potter0_20": 0.0}
[pair_J] {"steps": 4857856, "elapsed_s": 7029.8, "cramped_room_sparse20": 0.0, "cramped_room_potter0_20": 0.45, "centre_pots_sparse20": 96.0, "centre_pots_potter0_20": 0.0}
[pair_J] {"steps": 4859904, "elapsed_s": 7031.7, "cramped_room_sparse20": 0.0, "cramped_room_potter0_20": 0.5, "centre_pots_sparse20": 93.0, "centre_pots_potter0_20": 0.0}
[pair_J] {"steps": 4861952, "elapsed_s": 7033.1, "cramped_room_sparse20": 0.0, "cramped_room_potter0_20": 0.5, "centre_pots_sparse20": 94.0, "centre_pots_potter0_20": 0.0}
[pair_J] {"steps": 4864000, "elapsed_s": 7034.6, "cramped_room_sparse20": 0.0, "cramped_room_potter0_20": 0.45, "centre_pots_sparse20": 93.0, "centre_pots_potter0_20": 0.0}
[pair_J] {"steps": 4866048, "elapsed_s": 7036.7, "cramped_room_sparse20": 0.0, "cramped_room_potter0_20": 0.5, "centre_pots_sparse20": 96.0, "centre_pots_potter0_20": 0.0}
[pair_J] {"steps": 4868096, "elapsed_s": 7038.6, "cramped_room_sparse20": 0.0, "cramped_room_potter0_20": 0.45, "centre_pots_sparse20": 98.0, "centre_pots_potter0_20": 0.0}
[pair_J] {"steps": 4870144, "elapsed_s": 7040.0, "cramped_room_sparse20": 0.0, "cramped_room_potter0_20": 0.35, "centre_pots_sparse20": 98.0, "centre_pots_potter0_20": 0.0}
[pair_J] {"steps": 4872192, "elapsed_s": 7041.8, "cramped_room_sparse20": 0.0, "cramped_room_potter0_20": 0.35, "centre_pots_sparse20": 101.0, "centre_pots_potter0_20": 0.0}
[pair_J] {"steps": 4874240, "elapsed_s": 7043.5, "cramped_room_sparse20": 0.0, "cramped_room_potter0_20": 0.4, "centre_pots_sparse20": 94.0, "centre_pots_potter0_20": 0.0}
[pair_J] {"steps": 4876288, "elapsed_s": 7045.4, "cramped_room_sparse20": 0.0, "cramped_room_potter0_20": 0.4, "centre_pots_sparse20": 93.0, "centre_pots_potter0_20": 0.0}
[pair_J] {"steps": 4878336, "elapsed_s": 7047.2, "cramped_room_sparse20": 0.0, "cramped_room_potter0_20": 0.45, "centre_pots_sparse20": 94.0, "centre_pots_potter0_20": 0.0}
[pair_J] {"steps": 4880384, "elapsed_s": 7048.8, "cramped_room_sparse20": 1.0, "cramped_room_potter0_20": 0.45, "centre_pots_sparse20": 86.0, "centre_pots_potter0_20": 0.0}
[pair_J] {"steps": 4882432, "elapsed_s": 7050.7, "cramped_room_sparse20": 1.0, "cramped_room_potter0_20": 0.5, "centre_pots_sparse20": 84.0, "centre_pots_potter0_20": 0.0}
[pair_J] {"steps": 4884480, "elapsed_s": 7052.5, "cramped_room_sparse20": 1.0, "cramped_room_potter0_20": 0.5, "centre_pots_sparse20": 84.0, "centre_pots_potter0_20": 0.0}
[pair_J] {"steps": 4886528, "elapsed_s": 7054.2, "cramped_room_sparse20": 1.0, "cramped_room_potter0_20": 0.5, "centre_pots_sparse20": 91.0, "centre_pots_potter0_20": 0.0}
[pair_J] {"steps": 4888576, "elapsed_s": 7056.1, "cramped_room_sparse20": 1.0, "cramped_room_potter0_20": 0.5, "centre_pots_sparse20": 91.0, "centre_pots_potter0_20": 0.0}
[pair_J] {"steps": 4890624, "elapsed_s": 7058.0, "cramped_room_sparse20": 1.0, "cramped_room_potter0_20": 0.5, "centre_pots_sparse20": 95.0, "centre_pots_potter0_20": 0.0}
[pair_J] {"steps": 4892672, "elapsed_s": 7059.8, "cramped_room_sparse20": 1.0, "cramped_room_potter0_20": 0.45, "centre_pots_sparse20": 100.0, "centre_pots_potter0_20": 0.0}
[pair_J] {"steps": 4894720, "elapsed_s": 7061.2, "cramped_room_sparse20": 1.0, "cramped_room_potter0_20": 0.5, "centre_pots_sparse20": 98.0, "centre_pots_potter0_20": 0.0}
[pair_J] {"steps": 4896768, "elapsed_s": 7063.0, "cramped_room_sparse20": 1.0, "cramped_room_potter0_20": 0.45, "centre_pots_sparse20": 100.0, "centre_pots_potter0_20": 0.0}
[pair_J] {"steps": 4898816, "elapsed_s": 7064.8, "cramped_room_sparse20": 1.0, "cramped_room_potter0_20": 0.5, "centre_pots_sparse20": 100.0, "centre_pots_potter0_20": 0.0}
[pair_J] {"steps": 4900864, "elapsed_s": 7066.4, "cramped_room_sparse20": 0.0, "cramped_room_potter0_20": 0.55, "centre_pots_sparse20": 96.0, "centre_pots_potter0_20": 0.0}
[pair_J] {"steps": 4902912, "elapsed_s": 7068.2, "cramped_room_sparse20": 0.0, "cramped_room_potter0_20": 0.6, "centre_pots_sparse20": 95.0, "centre_pots_potter0_20": 0.0}
[pair_J] {"steps": 4904960, "elapsed_s": 7069.7, "cramped_room_sparse20": 0.0, "cramped_room_potter0_20": 0.6, "centre_pots_sparse20": 99.0, "centre_pots_potter0_20": 0.0}
[pair_J] {"steps": 4907008, "elapsed_s": 7071.6, "cramped_room_sparse20": 0.0, "cramped_room_potter0_20": 0.6, "centre_pots_sparse20": 90.0, "centre_pots_potter0_20": 0.0}
[pair_J] {"steps": 4909056, "elapsed_s": 7073.3, "cramped_room_sparse20": 0.0, "cramped_room_potter0_20": 0.65, "centre_pots_sparse20": 85.0, "centre_pots_potter0_20": 0.0}
[pair_J] {"steps": 4911104, "elapsed_s": 7074.7, "cramped_room_sparse20": 0.0, "cramped_room_potter0_20": 0.75, "centre_pots_sparse20": 85.0, "centre_pots_potter0_20": 0.0}
[pair_J] {"steps": 4913152, "elapsed_s": 7076.3, "cramped_room_sparse20": 0.0, "cramped_room_potter0_20": 0.7, "centre_pots_sparse20": 82.0, "centre_pots_potter0_20": 0.1}
[pair_J] {"steps": 4915200, "elapsed_s": 7078.1, "cramped_room_sparse20": 0.0, "cramped_room_potter0_20": 0.75, "centre_pots_sparse20": 87.0, "centre_pots_potter0_20": 0.1}
[pair_J] {"steps": 4917248, "elapsed_s": 7079.4, "cramped_room_sparse20": 0.0, "cramped_room_potter0_20": 0.7, "centre_pots_sparse20": 87.0, "centre_pots_potter0_20": 0.1}
[pair_J] {"steps": 4919296, "elapsed_s": 7080.9, "cramped_room_sparse20": 0.0, "cramped_room_potter0_20": 0.55, "centre_pots_sparse20": 85.0, "centre_pots_potter0_20": 0.1}
[pair_J] {"steps": 4921344, "elapsed_s": 7082.3, "cramped_room_sparse20": 0.0, "cramped_room_potter0_20": 0.5, "centre_pots_sparse20": 83.0, "centre_pots_potter0_20": 0.1}
[pair_J] {"steps": 4923392, "elapsed_s": 7083.8, "cramped_room_sparse20": 0.0, "cramped_room_potter0_20": 0.5, "centre_pots_sparse20": 83.0, "centre_pots_potter0_20": 0.1}
[pair_J] {"steps": 4925440, "elapsed_s": 7085.5, "cramped_room_sparse20": 0.0, "cramped_room_potter0_20": 0.55, "centre_pots_sparse20": 87.0, "centre_pots_potter0_20": 0.1}
[pair_J] {"steps": 4927488, "elapsed_s": 7086.8, "cramped_room_sparse20": 0.0, "cramped_room_potter0_20": 0.45, "centre_pots_sparse20": 91.0, "centre_pots_potter0_20": 0.1}
[pair_J] {"steps": 4929536, "elapsed_s": 7088.7, "cramped_room_sparse20": 0.0, "cramped_room_potter0_20": 0.35, "centre_pots_sparse20": 97.0, "centre_pots_potter0_20": 0.1}
[pair_J] {"steps": 4931584, "elapsed_s": 7090.4, "cramped_room_sparse20": 0.0, "cramped_room_potter0_20": 0.3, "centre_pots_sparse20": 101.0, "centre_pots_potter0_20": 0.1}
[pair_J] {"steps": 4933632, "elapsed_s": 7092.0, "cramped_room_sparse20": 0.0, "cramped_room_potter0_20": 0.4, "centre_pots_sparse20": 108.0, "centre_pots_potter0_20": 0.1}
[pair_J] {"steps": 4935680, "elapsed_s": 7094.0, "cramped_room_sparse20": 0.0, "cramped_room_potter0_20": 0.4, "centre_pots_sparse20": 112.0, "centre_pots_potter0_20": 0.0}
[pair_J] {"steps": 4937728, "elapsed_s": 7096.0, "cramped_room_sparse20": 0.0, "cramped_room_potter0_20": 0.35, "centre_pots_sparse20": 119.0, "centre_pots_potter0_20": 0.0}
[pair_J] {"steps": 4939776, "elapsed_s": 7097.5, "cramped_room_sparse20": 0.0, "cramped_room_potter0_20": 0.35, "centre_pots_sparse20": 121.0, "centre_pots_potter0_20": 0.05}
[pair_J] {"steps": 4941824, "elapsed_s": 7099.0, "cramped_room_sparse20": 0.0, "cramped_room_potter0_20": 0.35, "centre_pots_sparse20": 121.0, "centre_pots_potter0_20": 0.05}
[pair_J] {"steps": 4943872, "elapsed_s": 7101.0, "cramped_room_sparse20": 0.0, "cramped_room_potter0_20": 0.4, "centre_pots_sparse20": 114.0, "centre_pots_potter0_20": 0.1}
[pair_J] {"steps": 4945920, "elapsed_s": 7102.8, "cramped_room_sparse20": 0.0, "cramped_room_potter0_20": 0.35, "centre_pots_sparse20": 113.0, "centre_pots_potter0_20": 0.1}
[pair_J] {"steps": 4947968, "elapsed_s": 7104.4, "cramped_room_sparse20": 0.0, "cramped_room_potter0_20": 0.4, "centre_pots_sparse20": 110.0, "centre_pots_potter0_20": 0.1}
[pair_J] {"steps": 4950016, "elapsed_s": 7105.9, "cramped_room_sparse20": 0.0, "cramped_room_potter0_20": 0.4, "centre_pots_sparse20": 110.0, "centre_pots_potter0_20": 0.1}
[pair_J] {"steps": 4952064, "elapsed_s": 7107.4, "cramped_room_sparse20": 0.0, "cramped_room_potter0_20": 0.45, "centre_pots_sparse20": 107.0, "centre_pots_potter0_20": 0.1}
[pair_J] {"steps": 4954112, "elapsed_s": 7108.9, "cramped_room_sparse20": 1.0, "cramped_room_potter0_20": 0.45, "centre_pots_sparse20": 108.0, "centre_pots_potter0_20": 0.1}
[pair_J] {"steps": 4956160, "elapsed_s": 7110.8, "cramped_room_sparse20": 1.0, "cramped_room_potter0_20": 0.45, "centre_pots_sparse20": 106.0, "centre_pots_potter0_20": 0.1}
[pair_J] {"steps": 4958208, "elapsed_s": 7112.5, "cramped_room_sparse20": 2.0, "cramped_room_potter0_20": 0.45, "centre_pots_sparse20": 107.0, "centre_pots_potter0_20": 0.05}
[pair_J] {"steps": 4960256, "elapsed_s": 7114.2, "cramped_room_sparse20": 2.0, "cramped_room_potter0_20": 0.55, "centre_pots_sparse20": 111.0, "centre_pots_potter0_20": 0.05}
[pair_J] {"steps": 4962304, "elapsed_s": 7115.9, "cramped_room_sparse20": 2.0, "cramped_room_potter0_20": 0.5, "centre_pots_sparse20": 116.0, "centre_pots_potter0_20": 0.0}
[pair_J] {"steps": 4964352, "elapsed_s": 7117.5, "cramped_room_sparse20": 2.0, "cramped_room_potter0_20": 0.5, "centre_pots_sparse20": 117.0, "centre_pots_potter0_20": 0.0}
[pair_J] {"steps": 4966400, "elapsed_s": 7119.0, "cramped_room_sparse20": 2.0, "cramped_room_potter0_20": 0.55, "centre_pots_sparse20": 117.0, "centre_pots_potter0_20": 0.0}
[pair_J] {"steps": 4968448, "elapsed_s": 7120.4, "cramped_room_sparse20": 1.0, "cramped_room_potter0_20": 0.4, "centre_pots_sparse20": 117.0, "centre_pots_potter0_20": 0.0}
[pair_J] {"steps": 4970496, "elapsed_s": 7122.2, "cramped_room_sparse20": 0.0, "cramped_room_potter0_20": 0.4, "centre_pots_sparse20": 120.0, "centre_pots_potter0_20": 0.0}
[pair_J] {"steps": 4972544, "elapsed_s": 7123.8, "cramped_room_sparse20": 0.0, "cramped_room_potter0_20": 0.35, "centre_pots_sparse20": 122.0, "centre_pots_potter0_20": 0.0}
[pair_J] {"steps": 4974592, "elapsed_s": 7125.8, "cramped_room_sparse20": 0.0, "cramped_room_potter0_20": 0.4, "centre_pots_sparse20": 117.0, "centre_pots_potter0_20": 0.0}
[pair_J] {"steps": 4976640, "elapsed_s": 7127.3, "cramped_room_sparse20": 0.0, "cramped_room_potter0_20": 0.4, "centre_pots_sparse20": 112.0, "centre_pots_potter0_20": 0.0}
[pair_J] {"steps": 4978688, "elapsed_s": 7129.1, "cramped_room_sparse20": 0.0, "cramped_room_potter0_20": 0.4, "centre_pots_sparse20": 107.0, "centre_pots_potter0_20": 0.0}
[pair_J] {"steps": 4980736, "elapsed_s": 7130.7, "cramped_room_sparse20": 0.0, "cramped_room_potter0_20": 0.4, "centre_pots_sparse20": 106.0, "centre_pots_potter0_20": 0.05}
[pair_J] {"steps": 4982784, "elapsed_s": 7132.9, "cramped_room_sparse20": 0.0, "cramped_room_potter0_20": 0.4, "centre_pots_sparse20": 102.0, "centre_pots_potter0_20": 0.05}
[pair_J] {"steps": 4984832, "elapsed_s": 7134.3, "cramped_room_sparse20": 0.0, "cramped_room_potter0_20": 0.6, "centre_pots_sparse20": 103.0, "centre_pots_potter0_20": 0.05}
[pair_J] {"steps": 4986880, "elapsed_s": 7135.9, "cramped_room_sparse20": 0.0, "cramped_room_potter0_20": 0.7, "centre_pots_sparse20": 100.0, "centre_pots_potter0_20": 0.05}
[pair_J] {"steps": 4988928, "elapsed_s": 7137.7, "cramped_room_sparse20": 0.0, "cramped_room_potter0_20": 0.7, "centre_pots_sparse20": 99.0, "centre_pots_potter0_20": 0.05}
[pair_J] {"steps": 4990976, "elapsed_s": 7139.3, "cramped_room_sparse20": 0.0, "cramped_room_potter0_20": 0.7, "centre_pots_sparse20": 99.0, "centre_pots_potter0_20": 0.05}
[pair_J] {"steps": 4993024, "elapsed_s": 7141.0, "cramped_room_sparse20": 0.0, "cramped_room_potter0_20": 0.7, "centre_pots_sparse20": 102.0, "centre_pots_potter0_20": 0.05}
[pair_J] {"steps": 4995072, "elapsed_s": 7142.8, "cramped_room_sparse20": 1.0, "cramped_room_potter0_20": 0.7, "centre_pots_sparse20": 99.0, "centre_pots_potter0_20": 0.1}
[pair_J] {"steps": 4997120, "elapsed_s": 7144.4, "cramped_room_sparse20": 1.0, "cramped_room_potter0_20": 0.7, "centre_pots_sparse20": 98.0, "centre_pots_potter0_20": 0.05}
[pair_J] {"steps": 4999168, "elapsed_s": 7145.9, "cramped_room_sparse20": 1.0, "cramped_room_potter0_20": 0.6, "centre_pots_sparse20": 96.0, "centre_pots_potter0_20": 0.05}
[pair_J] {"steps": 5001216, "elapsed_s": 7147.3, "cramped_room_sparse20": 1.0, "cramped_room_potter0_20": 0.5, "centre_pots_sparse20": 96.0, "centre_pots_potter0_20": 0.05}
checkpointed /home/Yixiang/MPARL/GOGOGO/outputs/overcooked_mixed_pilot.json
