Gym has been unmaintained since 2022 and does not support NumPy 2.0 amongst other critical functionality.
Please upgrade to Gymnasium, the maintained drop-in replacement of Gym, or contact the authors of your software and request that they upgrade.
Users of this version of Gym should be able to simply replace 'import gym' with 'import gymnasium as gym' in the vast majority of cases.
See the migration guide at https://gymnasium.farama.org/introduction/migration_guide/ for additional information.
[pair_G] {"steps": 2048, "elapsed_s": 1.7, "coordination_ring_sparse20": 0.0, "coordination_ring_potter0_20": 0.5, "centre_pots_sparse20": 0.0, "centre_pots_potter0_20": 0.0}
[pair_G] {"steps": 4096, "elapsed_s": 3.5, "coordination_ring_sparse20": 0.0, "coordination_ring_potter0_20": 0.16666666666666666, "centre_pots_sparse20": 0.0, "centre_pots_potter0_20": 0.0}
[pair_G] {"steps": 6144, "elapsed_s": 5.1, "coordination_ring_sparse20": 0.0, "coordination_ring_potter0_20": 0.375, "centre_pots_sparse20": 0.0, "centre_pots_potter0_20": 0.25}
[pair_G] {"steps": 8192, "elapsed_s": 7.0, "coordination_ring_sparse20": 0.0, "coordination_ring_potter0_20": 0.4444444444444444, "centre_pots_sparse20": 0.0, "centre_pots_potter0_20": 0.5}
[pair_G] {"steps": 10240, "elapsed_s": 9.0, "coordination_ring_sparse20": 0.0, "coordination_ring_potter0_20": 0.5, "centre_pots_sparse20": 0.0, "centre_pots_potter0_20": 0.5833333333333334}
[pair_G] {"steps": 12288, "elapsed_s": 10.7, "coordination_ring_sparse20": 0.0, "coordination_ring_potter0_20": 0.46153846153846156, "centre_pots_sparse20": 0.0, "centre_pots_potter0_20": 0.5714285714285714}
[pair_G] {"steps": 14336, "elapsed_s": 12.6, "coordination_ring_sparse20": 0.0, "coordination_ring_potter0_20": 0.42857142857142855, "centre_pots_sparse20": 0.0, "centre_pots_potter0_20": 0.5555555555555556}
[pair_G] {"steps": 16384, "elapsed_s": 14.4, "coordination_ring_sparse20": 0.0, "coordination_ring_potter0_20": 0.4375, "centre_pots_sparse20": 0.0, "centre_pots_potter0_20": 0.6}
[pair_G] {"steps": 18432, "elapsed_s": 16.1, "coordination_ring_sparse20": 0.0, "coordination_ring_potter0_20": 0.42105263157894735, "centre_pots_sparse20": 0.0, "centre_pots_potter0_20": 0.65}
[pair_G] {"steps": 20480, "elapsed_s": 17.8, "coordination_ring_sparse20": 0.0, "coordination_ring_potter0_20": 0.45, "centre_pots_sparse20": 0.0, "centre_pots_potter0_20": 0.7}
[pair_G] {"steps": 22528, "elapsed_s": 19.6, "coordination_ring_sparse20": 0.0, "coordination_ring_potter0_20": 0.45, "centre_pots_sparse20": 0.0, "centre_pots_potter0_20": 0.7}
[pair_G] {"steps": 24576, "elapsed_s": 21.2, "coordination_ring_sparse20": 0.0, "coordination_ring_potter0_20": 0.55, "centre_pots_sparse20": 0.0, "centre_pots_potter0_20": 0.7}
[pair_G] {"steps": 26624, "elapsed_s": 23.2, "coordination_ring_sparse20": 0.0, "coordination_ring_potter0_20": 0.55, "centre_pots_sparse20": 0.0, "centre_pots_potter0_20": 0.7}
[pair_G] {"steps": 28672, "elapsed_s": 24.9, "coordination_ring_sparse20": 0.0, "coordination_ring_potter0_20": 0.5, "centre_pots_sparse20": 0.0, "centre_pots_potter0_20": 0.7}
[pair_G] {"steps": 30720, "elapsed_s": 26.6, "coordination_ring_sparse20": 0.0, "coordination_ring_potter0_20": 0.6, "centre_pots_sparse20": 0.0, "centre_pots_potter0_20": 0.75}
[pair_G] {"steps": 32768, "elapsed_s": 28.2, "coordination_ring_sparse20": 0.0, "coordination_ring_potter0_20": 0.65, "centre_pots_sparse20": 0.0, "centre_pots_potter0_20": 0.7}
[pair_G] {"steps": 34816, "elapsed_s": 29.9, "coordination_ring_sparse20": 0.0, "coordination_ring_potter0_20": 0.7, "centre_pots_sparse20": 0.0, "centre_pots_potter0_20": 0.7}
[pair_G] {"steps": 36864, "elapsed_s": 31.8, "coordination_ring_sparse20": 0.0, "coordination_ring_potter0_20": 0.65, "centre_pots_sparse20": 0.0, "centre_pots_potter0_20": 0.65}
[pair_G] {"steps": 38912, "elapsed_s": 34.0, "coordination_ring_sparse20": 0.0, "coordination_ring_potter0_20": 0.65, "centre_pots_sparse20": 0.0, "centre_pots_potter0_20": 0.6}
[pair_G] {"steps": 40960, "elapsed_s": 35.9, "coordination_ring_sparse20": 0.0, "coordination_ring_potter0_20": 0.65, "centre_pots_sparse20": 0.0, "centre_pots_potter0_20": 0.7}
[pair_G] {"steps": 43008, "elapsed_s": 37.5, "coordination_ring_sparse20": 0.0, "coordination_ring_potter0_20": 0.55, "centre_pots_sparse20": 0.0, "centre_pots_potter0_20": 0.65}
[pair_G] {"steps": 45056, "elapsed_s": 39.2, "coordination_ring_sparse20": 0.0, "coordination_ring_potter0_20": 0.55, "centre_pots_sparse20": 0.0, "centre_pots_potter0_20": 0.65}
[pair_G] {"steps": 47104, "elapsed_s": 40.8, "coordination_ring_sparse20": 0.0, "coordination_ring_potter0_20": 0.55, "centre_pots_sparse20": 0.0, "centre_pots_potter0_20": 0.65}
[pair_G] {"steps": 49152, "elapsed_s": 42.8, "coordination_ring_sparse20": 0.0, "coordination_ring_potter0_20": 0.55, "centre_pots_sparse20": 0.0, "centre_pots_potter0_20": 0.75}
[pair_G] {"steps": 51200, "elapsed_s": 44.4, "coordination_ring_sparse20": 0.0, "coordination_ring_potter0_20": 0.5, "centre_pots_sparse20": 0.0, "centre_pots_potter0_20": 0.7}
[pair_G] {"steps": 53248, "elapsed_s": 46.3, "coordination_ring_sparse20": 0.0, "coordination_ring_potter0_20": 0.5, "centre_pots_sparse20": 0.0, "centre_pots_potter0_20": 0.8}
[pair_G] {"steps": 55296, "elapsed_s": 48.1, "coordination_ring_sparse20": 0.0, "coordination_ring_potter0_20": 0.55, "centre_pots_sparse20": 0.0, "centre_pots_potter0_20": 0.75}
[pair_G] {"steps": 57344, "elapsed_s": 49.6, "coordination_ring_sparse20": 0.0, "coordination_ring_potter0_20": 0.5, "centre_pots_sparse20": 0.0, "centre_pots_potter0_20": 0.75}
[pair_G] {"steps": 59392, "elapsed_s": 51.2, "coordination_ring_sparse20": 0.0, "coordination_ring_potter0_20": 0.45, "centre_pots_sparse20": 0.0, "centre_pots_potter0_20": 0.7}
[pair_G] {"steps": 61440, "elapsed_s": 53.2, "coordination_ring_sparse20": 0.0, "coordination_ring_potter0_20": 0.45, "centre_pots_sparse20": 0.0, "centre_pots_potter0_20": 0.7}
[pair_G] {"steps": 63488, "elapsed_s": 55.1, "coordination_ring_sparse20": 0.0, "coordination_ring_potter0_20": 0.55, "centre_pots_sparse20": 0.0, "centre_pots_potter0_20": 0.7}
[pair_G] {"steps": 65536, "elapsed_s": 57.1, "coordination_ring_sparse20": 0.0, "coordination_ring_potter0_20": 0.55, "centre_pots_sparse20": 1.0, "centre_pots_potter0_20": 0.75}
[pair_G] {"steps": 67584, "elapsed_s": 59.0, "coordination_ring_sparse20": 0.0, "coordination_ring_potter0_20": 0.6, "centre_pots_sparse20": 1.0, "centre_pots_potter0_20": 0.7}
[pair_G] {"steps": 69632, "elapsed_s": 61.3, "coordination_ring_sparse20": 0.0, "coordination_ring_potter0_20": 0.6, "centre_pots_sparse20": 1.0, "centre_pots_potter0_20": 0.7}
[pair_G] {"steps": 71680, "elapsed_s": 63.1, "coordination_ring_sparse20": 0.0, "coordination_ring_potter0_20": 0.6, "centre_pots_sparse20": 1.0, "centre_pots_potter0_20": 0.7}
[pair_G] {"steps": 73728, "elapsed_s": 64.9, "coordination_ring_sparse20": 0.0, "coordination_ring_potter0_20": 0.65, "centre_pots_sparse20": 1.0, "centre_pots_potter0_20": 0.65}
[pair_G] {"steps": 75776, "elapsed_s": 67.0, "coordination_ring_sparse20": 0.0, "coordination_ring_potter0_20": 0.55, "centre_pots_sparse20": 2.0, "centre_pots_potter0_20": 0.65}
[pair_G] {"steps": 77824, "elapsed_s": 69.0, "coordination_ring_sparse20": 0.0, "coordination_ring_potter0_20": 0.55, "centre_pots_sparse20": 2.0, "centre_pots_potter0_20": 0.75}
[pair_G] {"steps": 79872, "elapsed_s": 70.9, "coordination_ring_sparse20": 0.0, "coordination_ring_potter0_20": 0.6, "centre_pots_sparse20": 2.0, "centre_pots_potter0_20": 0.75}
[pair_G] {"steps": 81920, "elapsed_s": 72.4, "coordination_ring_sparse20": 0.0, "coordination_ring_potter0_20": 0.6, "centre_pots_sparse20": 2.0, "centre_pots_potter0_20": 0.75}
[pair_G] {"steps": 83968, "elapsed_s": 73.9, "coordination_ring_sparse20": 0.0, "coordination_ring_potter0_20": 0.5, "centre_pots_sparse20": 2.0, "centre_pots_potter0_20": 0.7}
[pair_G] {"steps": 86016, "elapsed_s": 75.7, "coordination_ring_sparse20": 0.0, "coordination_ring_potter0_20": 0.55, "centre_pots_sparse20": 1.0, "centre_pots_potter0_20": 0.75}
[pair_G] {"steps": 88064, "elapsed_s": 77.4, "coordination_ring_sparse20": 0.0, "coordination_ring_potter0_20": 0.6, "centre_pots_sparse20": 1.0, "centre_pots_potter0_20": 0.75}
[pair_G] {"steps": 90112, "elapsed_s": 79.2, "coordination_ring_sparse20": 0.0, "coordination_ring_potter0_20": 0.6, "centre_pots_sparse20": 2.0, "centre_pots_potter0_20": 0.8}
[pair_G] {"steps": 92160, "elapsed_s": 80.9, "coordination_ring_sparse20": 0.0, "coordination_ring_potter0_20": 0.5, "centre_pots_sparse20": 2.0, "centre_pots_potter0_20": 0.85}
[pair_G] {"steps": 94208, "elapsed_s": 82.7, "coordination_ring_sparse20": 0.0, "coordination_ring_potter0_20": 0.5, "centre_pots_sparse20": 2.0, "centre_pots_potter0_20": 0.75}
[pair_G] {"steps": 96256, "elapsed_s": 84.9, "coordination_ring_sparse20": 0.0, "coordination_ring_potter0_20": 0.45, "centre_pots_sparse20": 3.0, "centre_pots_potter0_20": 0.75}
[pair_G] {"steps": 98304, "elapsed_s": 87.2, "coordination_ring_sparse20": 0.0, "coordination_ring_potter0_20": 0.45, "centre_pots_sparse20": 3.0, "centre_pots_potter0_20": 0.7}
[pair_G] {"steps": 100352, "elapsed_s": 89.0, "coordination_ring_sparse20": 0.0, "coordination_ring_potter0_20": 0.5, "centre_pots_sparse20": 3.0, "centre_pots_potter0_20": 0.65}
[pair_G] {"steps": 102400, "elapsed_s": 91.0, "coordination_ring_sparse20": 0.0, "coordination_ring_potter0_20": 0.55, "centre_pots_sparse20": 3.0, "centre_pots_potter0_20": 0.6}
[pair_G] {"steps": 104448, "elapsed_s": 92.8, "coordination_ring_sparse20": 0.0, "coordination_ring_potter0_20": 0.45, "centre_pots_sparse20": 3.0, "centre_pots_potter0_20": 0.6}
[pair_G] {"steps": 106496, "elapsed_s": 94.7, "coordination_ring_sparse20": 0.0, "coordination_ring_potter0_20": 0.45, "centre_pots_sparse20": 5.0, "centre_pots_potter0_20": 0.5}
[pair_G] {"steps": 108544, "elapsed_s": 96.4, "coordination_ring_sparse20": 0.0, "coordination_ring_potter0_20": 0.35, "centre_pots_sparse20": 4.0, "centre_pots_potter0_20": 0.5}
[pair_G] {"steps": 110592, "elapsed_s": 98.3, "coordination_ring_sparse20": 0.0, "coordination_ring_potter0_20": 0.35, "centre_pots_sparse20": 3.0, "centre_pots_potter0_20": 0.45}
[pair_G] {"steps": 112640, "elapsed_s": 99.9, "coordination_ring_sparse20": 0.0, "coordination_ring_potter0_20": 0.35, "centre_pots_sparse20": 3.0, "centre_pots_potter0_20": 0.45}
[pair_G] {"steps": 114688, "elapsed_s": 101.5, "coordination_ring_sparse20": 0.0, "coordination_ring_potter0_20": 0.3, "centre_pots_sparse20": 3.0, "centre_pots_potter0_20": 0.45}
[pair_G] {"steps": 116736, "elapsed_s": 103.3, "coordination_ring_sparse20": 0.0, "coordination_ring_potter0_20": 0.25, "centre_pots_sparse20": 3.0, "centre_pots_potter0_20": 0.4}
[pair_G] {"steps": 118784, "elapsed_s": 105.1, "coordination_ring_sparse20": 0.0, "coordination_ring_potter0_20": 0.25, "centre_pots_sparse20": 5.0, "centre_pots_potter0_20": 0.35}
[pair_G] {"steps": 120832, "elapsed_s": 106.9, "coordination_ring_sparse20": 0.0, "coordination_ring_potter0_20": 0.3, "centre_pots_sparse20": 3.0, "centre_pots_potter0_20": 0.3}
[pair_G] {"steps": 122880, "elapsed_s": 108.6, "coordination_ring_sparse20": 0.0, "coordination_ring_potter0_20": 0.35, "centre_pots_sparse20": 3.0, "centre_pots_potter0_20": 0.3}
[pair_G] {"steps": 124928, "elapsed_s": 110.3, "coordination_ring_sparse20": 0.0, "coordination_ring_potter0_20": 0.5, "centre_pots_sparse20": 2.0, "centre_pots_potter0_20": 0.35}
[pair_G] {"steps": 126976, "elapsed_s": 112.3, "coordination_ring_sparse20": 0.0, "coordination_ring_potter0_20": 0.45, "centre_pots_sparse20": 2.0, "centre_pots_potter0_20": 0.45}
[pair_G] {"steps": 129024, "elapsed_s": 114.7, "coordination_ring_sparse20": 0.0, "coordination_ring_potter0_20": 0.4, "centre_pots_sparse20": 2.0, "centre_pots_potter0_20": 0.5}
[pair_G] {"steps": 131072, "elapsed_s": 116.4, "coordination_ring_sparse20": 0.0, "coordination_ring_potter0_20": 0.35, "centre_pots_sparse20": 3.0, "centre_pots_potter0_20": 0.55}
[pair_G] {"steps": 133120, "elapsed_s": 118.2, "coordination_ring_sparse20": 0.0, "coordination_ring_potter0_20": 0.45, "centre_pots_sparse20": 4.0, "centre_pots_potter0_20": 0.6}
[pair_G] {"steps": 135168, "elapsed_s": 119.8, "coordination_ring_sparse20": 0.0, "coordination_ring_potter0_20": 0.55, "centre_pots_sparse20": 2.0, "centre_pots_potter0_20": 0.65}
[pair_G] {"steps": 137216, "elapsed_s": 121.8, "coordination_ring_sparse20": 0.0, "coordination_ring_potter0_20": 0.5, "centre_pots_sparse20": 2.0, "centre_pots_potter0_20": 0.65}
[pair_G] {"steps": 139264, "elapsed_s": 123.6, "coordination_ring_sparse20": 0.0, "coordination_ring_potter0_20": 0.45, "centre_pots_sparse20": 2.0, "centre_pots_potter0_20": 0.65}
[pair_G] {"steps": 141312, "elapsed_s": 125.3, "coordination_ring_sparse20": 0.0, "coordination_ring_potter0_20": 0.45, "centre_pots_sparse20": 2.0, "centre_pots_potter0_20": 0.55}
[pair_G] {"steps": 143360, "elapsed_s": 127.1, "coordination_ring_sparse20": 0.0, "coordination_ring_potter0_20": 0.5, "centre_pots_sparse20": 2.0, "centre_pots_potter0_20": 0.55}
[pair_G] {"steps": 145408, "elapsed_s": 128.9, "coordination_ring_sparse20": 0.0, "coordination_ring_potter0_20": 0.55, "centre_pots_sparse20": 2.0, "centre_pots_potter0_20": 0.5}
[pair_G] {"steps": 147456, "elapsed_s": 131.1, "coordination_ring_sparse20": 0.0, "coordination_ring_potter0_20": 0.55, "centre_pots_sparse20": 4.0, "centre_pots_potter0_20": 0.6}
[pair_G] {"steps": 149504, "elapsed_s": 133.1, "coordination_ring_sparse20": 0.0, "coordination_ring_potter0_20": 0.5, "centre_pots_sparse20": 3.0, "centre_pots_potter0_20": 0.45}
[pair_G] {"steps": 151552, "elapsed_s": 134.9, "coordination_ring_sparse20": 0.0, "coordination_ring_potter0_20": 0.45, "centre_pots_sparse20": 3.0, "centre_pots_potter0_20": 0.45}
[pair_G] {"steps": 153600, "elapsed_s": 136.5, "coordination_ring_sparse20": 0.0, "coordination_ring_potter0_20": 0.45, "centre_pots_sparse20": 3.0, "centre_pots_potter0_20": 0.45}
[pair_G] {"steps": 155648, "elapsed_s": 138.6, "coordination_ring_sparse20": 0.0, "coordination_ring_potter0_20": 0.45, "centre_pots_sparse20": 3.0, "centre_pots_potter0_20": 0.6}
[pair_G] {"steps": 157696, "elapsed_s": 140.4, "coordination_ring_sparse20": 0.0, "coordination_ring_potter0_20": 0.5, "centre_pots_sparse20": 3.0, "centre_pots_potter0_20": 0.55}
[pair_G] {"steps": 159744, "elapsed_s": 142.3, "coordination_ring_sparse20": 0.0, "coordination_ring_potter0_20": 0.45, "centre_pots_sparse20": 2.0, "centre_pots_potter0_20": 0.5}
[pair_G] {"steps": 161792, "elapsed_s": 144.1, "coordination_ring_sparse20": 0.0, "coordination_ring_potter0_20": 0.4, "centre_pots_sparse20": 2.0, "centre_pots_potter0_20": 0.6}
[pair_G] {"steps": 163840, "elapsed_s": 145.9, "coordination_ring_sparse20": 0.0, "coordination_ring_potter0_20": 0.45, "centre_pots_sparse20": 2.0, "centre_pots_potter0_20": 0.55}
[pair_G] {"steps": 165888, "elapsed_s": 147.9, "coordination_ring_sparse20": 0.0, "coordination_ring_potter0_20": 0.5, "centre_pots_sparse20": 2.0, "centre_pots_potter0_20": 0.65}
[pair_G] {"steps": 167936, "elapsed_s": 149.6, "coordination_ring_sparse20": 0.0, "coordination_ring_potter0_20": 0.4, "centre_pots_sparse20": 2.0, "centre_pots_potter0_20": 0.6}
[pair_G] {"steps": 169984, "elapsed_s": 151.6, "coordination_ring_sparse20": 0.0, "coordination_ring_potter0_20": 0.4, "centre_pots_sparse20": 2.0, "centre_pots_potter0_20": 0.5}
[pair_G] {"steps": 172032, "elapsed_s": 153.2, "coordination_ring_sparse20": 0.0, "coordination_ring_potter0_20": 0.35, "centre_pots_sparse20": 2.0, "centre_pots_potter0_20": 0.6}
[pair_G] {"steps": 174080, "elapsed_s": 155.3, "coordination_ring_sparse20": 0.0, "coordination_ring_potter0_20": 0.3, "centre_pots_sparse20": 3.0, "centre_pots_potter0_20": 0.6}
[pair_G] {"steps": 176128, "elapsed_s": 157.1, "coordination_ring_sparse20": 0.0, "coordination_ring_potter0_20": 0.25, "centre_pots_sparse20": 1.0, "centre_pots_potter0_20": 0.6}
[pair_G] {"steps": 178176, "elapsed_s": 158.7, "coordination_ring_sparse20": 0.0, "coordination_ring_potter0_20": 0.3, "centre_pots_sparse20": 2.0, "centre_pots_potter0_20": 0.6}
[pair_G] {"steps": 180224, "elapsed_s": 160.7, "coordination_ring_sparse20": 0.0, "coordination_ring_potter0_20": 0.35, "centre_pots_sparse20": 2.0, "centre_pots_potter0_20": 0.55}
[pair_G] {"steps": 182272, "elapsed_s": 162.6, "coordination_ring_sparse20": 0.0, "coordination_ring_potter0_20": 0.3, "centre_pots_sparse20": 2.0, "centre_pots_potter0_20": 0.55}
[pair_G] {"steps": 184320, "elapsed_s": 164.6, "coordination_ring_sparse20": 0.0, "coordination_ring_potter0_20": 0.3, "centre_pots_sparse20": 2.0, "centre_pots_potter0_20": 0.65}
[pair_G] {"steps": 186368, "elapsed_s": 166.5, "coordination_ring_sparse20": 0.0, "coordination_ring_potter0_20": 0.3, "centre_pots_sparse20": 1.0, "centre_pots_potter0_20": 0.65}
[pair_G] {"steps": 188416, "elapsed_s": 168.6, "coordination_ring_sparse20": 0.0, "coordination_ring_potter0_20": 0.35, "centre_pots_sparse20": 1.0, "centre_pots_potter0_20": 0.65}
[pair_G] {"steps": 190464, "elapsed_s": 171.2, "coordination_ring_sparse20": 0.0, "coordination_ring_potter0_20": 0.35, "centre_pots_sparse20": 0.0, "centre_pots_potter0_20": 0.7}
[pair_G] {"steps": 192512, "elapsed_s": 173.7, "coordination_ring_sparse20": 0.0, "coordination_ring_potter0_20": 0.45, "centre_pots_sparse20": 0.0, "centre_pots_potter0_20": 0.75}
[pair_G] {"steps": 194560, "elapsed_s": 175.9, "coordination_ring_sparse20": 0.0, "coordination_ring_potter0_20": 0.55, "centre_pots_sparse20": 0.0, "centre_pots_potter0_20": 0.65}
[pair_G] {"steps": 196608, "elapsed_s": 178.6, "coordination_ring_sparse20": 0.0, "coordination_ring_potter0_20": 0.5, "centre_pots_sparse20": 1.0, "centre_pots_potter0_20": 0.65}
[pair_G] {"steps": 198656, "elapsed_s": 180.9, "coordination_ring_sparse20": 0.0, "coordination_ring_potter0_20": 0.45, "centre_pots_sparse20": 2.0, "centre_pots_potter0_20": 0.6}
[pair_G] {"steps": 200704, "elapsed_s": 183.6, "coordination_ring_sparse20": 0.0, "coordination_ring_potter0_20": 0.45, "centre_pots_sparse20": 3.0, "centre_pots_potter0_20": 0.55}
[pair_G] {"steps": 202752, "elapsed_s": 186.9, "coordination_ring_sparse20": 0.0, "coordination_ring_potter0_20": 0.45, "centre_pots_sparse20": 4.0, "centre_pots_potter0_20": 0.5}
[pair_G] {"steps": 204800, "elapsed_s": 189.0, "coordination_ring_sparse20": 0.0, "coordination_ring_potter0_20": 0.4, "centre_pots_sparse20": 5.0, "centre_pots_potter0_20": 0.55}
[pair_G] {"steps": 206848, "elapsed_s": 190.8, "coordination_ring_sparse20": 0.0, "coordination_ring_potter0_20": 0.4, "centre_pots_sparse20": 6.0, "centre_pots_potter0_20": 0.55}
[pair_G] {"steps": 208896, "elapsed_s": 192.6, "coordination_ring_sparse20": 0.0, "coordination_ring_potter0_20": 0.35, "centre_pots_sparse20": 8.0, "centre_pots_potter0_20": 0.55}
[pair_G] {"steps": 210944, "elapsed_s": 194.5, "coordination_ring_sparse20": 0.0, "coordination_ring_potter0_20": 0.25, "centre_pots_sparse20": 8.0, "centre_pots_potter0_20": 0.55}
[pair_G] {"steps": 212992, "elapsed_s": 196.3, "coordination_ring_sparse20": 0.0, "coordination_ring_potter0_20": 0.2, "centre_pots_sparse20": 7.0, "centre_pots_potter0_20": 0.6}
[pair_G] {"steps": 215040, "elapsed_s": 198.5, "coordination_ring_sparse20": 0.0, "coordination_ring_potter0_20": 0.2, "centre_pots_sparse20": 7.0, "centre_pots_potter0_20": 0.65}
[pair_G] {"steps": 217088, "elapsed_s": 200.3, "coordination_ring_sparse20": 0.0, "coordination_ring_potter0_20": 0.2, "centre_pots_sparse20": 7.0, "centre_pots_potter0_20": 0.65}
[pair_G] {"steps": 219136, "elapsed_s": 202.2, "coordination_ring_sparse20": 0.0, "coordination_ring_potter0_20": 0.25, "centre_pots_sparse20": 6.0, "centre_pots_potter0_20": 0.65}
[pair_G] {"steps": 221184, "elapsed_s": 203.8, "coordination_ring_sparse20": 0.0, "coordination_ring_potter0_20": 0.3, "centre_pots_sparse20": 6.0, "centre_pots_potter0_20": 0.65}
[pair_G] {"steps": 223232, "elapsed_s": 205.7, "coordination_ring_sparse20": 0.0, "coordination_ring_potter0_20": 0.4, "centre_pots_sparse20": 5.0, "centre_pots_potter0_20": 0.75}
[pair_G] {"steps": 225280, "elapsed_s": 207.5, "coordination_ring_sparse20": 0.0, "coordination_ring_potter0_20": 0.45, "centre_pots_sparse20": 6.0, "centre_pots_potter0_20": 0.8}
[pair_G] {"steps": 227328, "elapsed_s": 209.6, "coordination_ring_sparse20": 0.0, "coordination_ring_potter0_20": 0.4, "centre_pots_sparse20": 5.0, "centre_pots_potter0_20": 0.75}
[pair_G] {"steps": 229376, "elapsed_s": 211.4, "coordination_ring_sparse20": 0.0, "coordination_ring_potter0_20": 0.35, "centre_pots_sparse20": 4.0, "centre_pots_potter0_20": 0.65}
[pair_G] {"steps": 231424, "elapsed_s": 213.5, "coordination_ring_sparse20": 0.0, "coordination_ring_potter0_20": 0.4, "centre_pots_sparse20": 4.0, "centre_pots_potter0_20": 0.65}
[pair_G] {"steps": 233472, "elapsed_s": 215.3, "coordination_ring_sparse20": 0.0, "coordination_ring_potter0_20": 0.45, "centre_pots_sparse20": 4.0, "centre_pots_potter0_20": 0.55}
[pair_G] {"steps": 235520, "elapsed_s": 217.0, "coordination_ring_sparse20": 0.0, "coordination_ring_potter0_20": 0.45, "centre_pots_sparse20": 4.0, "centre_pots_potter0_20": 0.45}
[pair_G] {"steps": 237568, "elapsed_s": 219.2, "coordination_ring_sparse20": 0.0, "coordination_ring_potter0_20": 0.4, "centre_pots_sparse20": 4.0, "centre_pots_potter0_20": 0.45}
[pair_G] {"steps": 239616, "elapsed_s": 221.9, "coordination_ring_sparse20": 0.0, "coordination_ring_potter0_20": 0.35, "centre_pots_sparse20": 3.0, "centre_pots_potter0_20": 0.35}
[pair_G] {"steps": 241664, "elapsed_s": 223.7, "coordination_ring_sparse20": 0.0, "coordination_ring_potter0_20": 0.3, "centre_pots_sparse20": 4.0, "centre_pots_potter0_20": 0.35}
[pair_G] {"steps": 243712, "elapsed_s": 225.6, "coordination_ring_sparse20": 0.0, "coordination_ring_potter0_20": 0.35, "centre_pots_sparse20": 4.0, "centre_pots_potter0_20": 0.35}
[pair_G] {"steps": 245760, "elapsed_s": 227.5, "coordination_ring_sparse20": 0.0, "coordination_ring_potter0_20": 0.35, "centre_pots_sparse20": 5.0, "centre_pots_potter0_20": 0.4}
[pair_G] {"steps": 247808, "elapsed_s": 230.0, "coordination_ring_sparse20": 0.0, "coordination_ring_potter0_20": 0.35, "centre_pots_sparse20": 5.0, "centre_pots_potter0_20": 0.5}
[pair_G] {"steps": 249856, "elapsed_s": 232.5, "coordination_ring_sparse20": 0.0, "coordination_ring_potter0_20": 0.35, "centre_pots_sparse20": 7.0, "centre_pots_potter0_20": 0.5}
[pair_G] {"steps": 251904, "elapsed_s": 234.8, "coordination_ring_sparse20": 0.0, "coordination_ring_potter0_20": 0.35, "centre_pots_sparse20": 6.0, "centre_pots_potter0_20": 0.5}
[pair_G] {"steps": 253952, "elapsed_s": 237.1, "coordination_ring_sparse20": 0.0, "coordination_ring_potter0_20": 0.3, "centre_pots_sparse20": 7.0, "centre_pots_potter0_20": 0.55}
[pair_G] {"steps": 256000, "elapsed_s": 239.8, "coordination_ring_sparse20": 0.0, "coordination_ring_potter0_20": 0.3, "centre_pots_sparse20": 6.0, "centre_pots_potter0_20": 0.55}
[pair_G] {"steps": 258048, "elapsed_s": 241.6, "coordination_ring_sparse20": 0.0, "coordination_ring_potter0_20": 0.25, "centre_pots_sparse20": 6.0, "centre_pots_potter0_20": 0.55}
[pair_G] {"steps": 260096, "elapsed_s": 244.0, "coordination_ring_sparse20": 0.0, "coordination_ring_potter0_20": 0.2, "centre_pots_sparse20": 7.0, "centre_pots_potter0_20": 0.5}
[pair_G] {"steps": 262144, "elapsed_s": 247.1, "coordination_ring_sparse20": 0.0, "coordination_ring_potter0_20": 0.1, "centre_pots_sparse20": 6.0, "centre_pots_potter0_20": 0.45}
[pair_G] {"steps": 264192, "elapsed_s": 249.6, "coordination_ring_sparse20": 0.0, "coordination_ring_potter0_20": 0.15, "centre_pots_sparse20": 6.0, "centre_pots_potter0_20": 0.45}
[pair_G] {"steps": 266240, "elapsed_s": 251.4, "coordination_ring_sparse20": 0.0, "coordination_ring_potter0_20": 0.15, "centre_pots_sparse20": 6.0, "centre_pots_potter0_20": 0.45}
[pair_G] {"steps": 268288, "elapsed_s": 254.2, "coordination_ring_sparse20": 0.0, "coordination_ring_potter0_20": 0.2, "centre_pots_sparse20": 4.0, "centre_pots_potter0_20": 0.45}
[pair_G] {"steps": 270336, "elapsed_s": 257.4, "coordination_ring_sparse20": 0.0, "coordination_ring_potter0_20": 0.2, "centre_pots_sparse20": 5.0, "centre_pots_potter0_20": 0.4}
[pair_G] {"steps": 272384, "elapsed_s": 260.8, "coordination_ring_sparse20": 0.0, "coordination_ring_potter0_20": 0.2, "centre_pots_sparse20": 5.0, "centre_pots_potter0_20": 0.4}
[pair_G] {"steps": 274432, "elapsed_s": 263.9, "coordination_ring_sparse20": 0.0, "coordination_ring_potter0_20": 0.3, "centre_pots_sparse20": 5.0, "centre_pots_potter0_20": 0.5}
[pair_G] {"steps": 276480, "elapsed_s": 267.5, "coordination_ring_sparse20": 0.0, "coordination_ring_potter0_20": 0.35, "centre_pots_sparse20": 3.0, "centre_pots_potter0_20": 0.4}
[pair_G] {"steps": 278528, "elapsed_s": 270.6, "coordination_ring_sparse20": 0.0, "coordination_ring_potter0_20": 0.35, "centre_pots_sparse20": 3.0, "centre_pots_potter0_20": 0.45}
[pair_G] {"steps": 280576, "elapsed_s": 273.2, "coordination_ring_sparse20": 0.0, "coordination_ring_potter0_20": 0.25, "centre_pots_sparse20": 3.0, "centre_pots_potter0_20": 0.45}
[pair_G] {"steps": 282624, "elapsed_s": 276.8, "coordination_ring_sparse20": 0.0, "coordination_ring_potter0_20": 0.25, "centre_pots_sparse20": 2.0, "centre_pots_potter0_20": 0.45}
[pair_G] {"steps": 284672, "elapsed_s": 280.2, "coordination_ring_sparse20": 0.0, "coordination_ring_potter0_20": 0.25, "centre_pots_sparse20": 2.0, "centre_pots_potter0_20": 0.5}
[pair_G] {"steps": 286720, "elapsed_s": 282.7, "coordination_ring_sparse20": 0.0, "coordination_ring_potter0_20": 0.25, "centre_pots_sparse20": 2.0, "centre_pots_potter0_20": 0.45}
[pair_G] {"steps": 288768, "elapsed_s": 285.8, "coordination_ring_sparse20": 0.0, "coordination_ring_potter0_20": 0.2, "centre_pots_sparse20": 3.0, "centre_pots_potter0_20": 0.45}
[pair_G] {"steps": 290816, "elapsed_s": 289.2, "coordination_ring_sparse20": 0.0, "coordination_ring_potter0_20": 0.15, "centre_pots_sparse20": 4.0, "centre_pots_potter0_20": 0.45}
[pair_G] {"steps": 292864, "elapsed_s": 292.8, "coordination_ring_sparse20": 0.0, "coordination_ring_potter0_20": 0.15, "centre_pots_sparse20": 6.0, "centre_pots_potter0_20": 0.45}
[pair_G] {"steps": 294912, "elapsed_s": 295.7, "coordination_ring_sparse20": 0.0, "coordination_ring_potter0_20": 0.25, "centre_pots_sparse20": 7.0, "centre_pots_potter0_20": 0.35}
[pair_G] {"steps": 296960, "elapsed_s": 299.1, "coordination_ring_sparse20": 0.0, "coordination_ring_potter0_20": 0.3, "centre_pots_sparse20": 9.0, "centre_pots_potter0_20": 0.4}
[pair_G] {"steps": 299008, "elapsed_s": 301.6, "coordination_ring_sparse20": 0.0, "coordination_ring_potter0_20": 0.3, "centre_pots_sparse20": 9.0, "centre_pots_potter0_20": 0.4}
[pair_G] {"steps": 301056, "elapsed_s": 304.4, "coordination_ring_sparse20": 0.0, "coordination_ring_potter0_20": 0.3, "centre_pots_sparse20": 9.0, "centre_pots_potter0_20": 0.3}
[pair_G] {"steps": 303104, "elapsed_s": 307.2, "coordination_ring_sparse20": 0.0, "coordination_ring_potter0_20": 0.3, "centre_pots_sparse20": 8.0, "centre_pots_potter0_20": 0.35}
[pair_G] {"steps": 305152, "elapsed_s": 310.7, "coordination_ring_sparse20": 0.0, "coordination_ring_potter0_20": 0.3, "centre_pots_sparse20": 8.0, "centre_pots_potter0_20": 0.35}
[pair_G] {"steps": 307200, "elapsed_s": 314.0, "coordination_ring_sparse20": 0.0, "coordination_ring_potter0_20": 0.35, "centre_pots_sparse20": 7.0, "centre_pots_potter0_20": 0.4}
[pair_G] {"steps": 309248, "elapsed_s": 316.7, "coordination_ring_sparse20": 0.0, "coordination_ring_potter0_20": 0.25, "centre_pots_sparse20": 6.0, "centre_pots_potter0_20": 0.4}
[pair_G] {"steps": 311296, "elapsed_s": 319.1, "coordination_ring_sparse20": 0.0, "coordination_ring_potter0_20": 0.2, "centre_pots_sparse20": 5.0, "centre_pots_potter0_20": 0.45}
[pair_G] {"steps": 313344, "elapsed_s": 322.6, "coordination_ring_sparse20": 0.0, "coordination_ring_potter0_20": 0.15, "centre_pots_sparse20": 5.0, "centre_pots_potter0_20": 0.45}
[pair_G] {"steps": 315392, "elapsed_s": 325.1, "coordination_ring_sparse20": 0.0, "coordination_ring_potter0_20": 0.25, "centre_pots_sparse20": 4.0, "centre_pots_potter0_20": 0.45}
[pair_G] {"steps": 317440, "elapsed_s": 328.0, "coordination_ring_sparse20": 0.0, "coordination_ring_potter0_20": 0.3, "centre_pots_sparse20": 4.0, "centre_pots_potter0_20": 0.45}
[pair_G] {"steps": 319488, "elapsed_s": 330.6, "coordination_ring_sparse20": 0.0, "coordination_ring_potter0_20": 0.2, "centre_pots_sparse20": 4.0, "centre_pots_potter0_20": 0.45}
[pair_G] {"steps": 321536, "elapsed_s": 334.3, "coordination_ring_sparse20": 0.0, "coordination_ring_potter0_20": 0.25, "centre_pots_sparse20": 4.0, "centre_pots_potter0_20": 0.5}
[pair_G] {"steps": 323584, "elapsed_s": 337.0, "coordination_ring_sparse20": 0.0, "coordination_ring_potter0_20": 0.3, "centre_pots_sparse20": 4.0, "centre_pots_potter0_20": 0.5}
[pair_G] {"steps": 325632, "elapsed_s": 339.7, "coordination_ring_sparse20": 0.0, "coordination_ring_potter0_20": 0.25, "centre_pots_sparse20": 4.0, "centre_pots_potter0_20": 0.5}
[pair_G] {"steps": 327680, "elapsed_s": 343.3, "coordination_ring_sparse20": 0.0, "coordination_ring_potter0_20": 0.25, "centre_pots_sparse20": 4.0, "centre_pots_potter0_20": 0.5}
[pair_G] {"steps": 329728, "elapsed_s": 346.8, "coordination_ring_sparse20": 0.0, "coordination_ring_potter0_20": 0.25, "centre_pots_sparse20": 9.0, "centre_pots_potter0_20": 0.5}
[pair_G] {"steps": 331776, "elapsed_s": 350.0, "coordination_ring_sparse20": 0.0, "coordination_ring_potter0_20": 0.25, "centre_pots_sparse20": 11.0, "centre_pots_potter0_20": 0.55}
[pair_G] {"steps": 333824, "elapsed_s": 353.8, "coordination_ring_sparse20": 0.0, "coordination_ring_potter0_20": 0.25, "centre_pots_sparse20": 12.0, "centre_pots_potter0_20": 0.6}
[pair_G] {"steps": 335872, "elapsed_s": 357.6, "coordination_ring_sparse20": 0.0, "coordination_ring_potter0_20": 0.25, "centre_pots_sparse20": 13.0, "centre_pots_potter0_20": 0.55}
[pair_G] {"steps": 337920, "elapsed_s": 360.0, "coordination_ring_sparse20": 0.0, "coordination_ring_potter0_20": 0.35, "centre_pots_sparse20": 14.0, "centre_pots_potter0_20": 0.6}
[pair_G] {"steps": 339968, "elapsed_s": 362.3, "coordination_ring_sparse20": 0.0, "coordination_ring_potter0_20": 0.4, "centre_pots_sparse20": 12.0, "centre_pots_potter0_20": 0.65}
[pair_G] {"steps": 342016, "elapsed_s": 365.2, "coordination_ring_sparse20": 0.0, "coordination_ring_potter0_20": 0.35, "centre_pots_sparse20": 10.0, "centre_pots_potter0_20": 0.6}
[pair_G] {"steps": 344064, "elapsed_s": 367.9, "coordination_ring_sparse20": 0.0, "coordination_ring_potter0_20": 0.35, "centre_pots_sparse20": 8.0, "centre_pots_potter0_20": 0.55}
[pair_G] {"steps": 346112, "elapsed_s": 370.7, "coordination_ring_sparse20": 0.0, "coordination_ring_potter0_20": 0.35, "centre_pots_sparse20": 7.0, "centre_pots_potter0_20": 0.55}
[pair_G] {"steps": 348160, "elapsed_s": 372.8, "coordination_ring_sparse20": 0.0, "coordination_ring_potter0_20": 0.45, "centre_pots_sparse20": 7.0, "centre_pots_potter0_20": 0.55}
[pair_G] {"steps": 350208, "elapsed_s": 375.7, "coordination_ring_sparse20": 0.0, "coordination_ring_potter0_20": 0.4, "centre_pots_sparse20": 7.0, "centre_pots_potter0_20": 0.6}
[pair_G] {"steps": 352256, "elapsed_s": 378.8, "coordination_ring_sparse20": 0.0, "coordination_ring_potter0_20": 0.4, "centre_pots_sparse20": 7.0, "centre_pots_potter0_20": 0.7}
[pair_G] {"steps": 354304, "elapsed_s": 381.3, "coordination_ring_sparse20": 0.0, "coordination_ring_potter0_20": 0.35, "centre_pots_sparse20": 7.0, "centre_pots_potter0_20": 0.7}
[pair_G] {"steps": 356352, "elapsed_s": 384.8, "coordination_ring_sparse20": 0.0, "coordination_ring_potter0_20": 0.35, "centre_pots_sparse20": 10.0, "centre_pots_potter0_20": 0.7}
[pair_G] {"steps": 358400, "elapsed_s": 387.5, "coordination_ring_sparse20": 0.0, "coordination_ring_potter0_20": 0.3, "centre_pots_sparse20": 11.0, "centre_pots_potter0_20": 0.7}
[pair_G] {"steps": 360448, "elapsed_s": 389.9, "coordination_ring_sparse20": 0.0, "coordination_ring_potter0_20": 0.3, "centre_pots_sparse20": 12.0, "centre_pots_potter0_20": 0.75}
[pair_G] {"steps": 362496, "elapsed_s": 392.7, "coordination_ring_sparse20": 0.0, "coordination_ring_potter0_20": 0.3, "centre_pots_sparse20": 13.0, "centre_pots_potter0_20": 0.8}
[pair_G] {"steps": 364544, "elapsed_s": 396.1, "coordination_ring_sparse20": 0.0, "coordination_ring_potter0_20": 0.3, "centre_pots_sparse20": 15.0, "centre_pots_potter0_20": 0.7}
[pair_G] {"steps": 366592, "elapsed_s": 399.2, "coordination_ring_sparse20": 0.0, "coordination_ring_potter0_20": 0.3, "centre_pots_sparse20": 17.0, "centre_pots_potter0_20": 0.55}
[pair_G] {"steps": 368640, "elapsed_s": 402.9, "coordination_ring_sparse20": 0.0, "coordination_ring_potter0_20": 0.3, "centre_pots_sparse20": 17.0, "centre_pots_potter0_20": 0.5}
[pair_G] {"steps": 370688, "elapsed_s": 405.7, "coordination_ring_sparse20": 0.0, "coordination_ring_potter0_20": 0.3, "centre_pots_sparse20": 15.0, "centre_pots_potter0_20": 0.4}
[pair_G] {"steps": 372736, "elapsed_s": 408.9, "coordination_ring_sparse20": 0.0, "coordination_ring_potter0_20": 0.3, "centre_pots_sparse20": 15.0, "centre_pots_potter0_20": 0.35}
[pair_G] {"steps": 374784, "elapsed_s": 411.2, "coordination_ring_sparse20": 0.0, "coordination_ring_potter0_20": 0.2, "centre_pots_sparse20": 15.0, "centre_pots_potter0_20": 0.3}
[pair_G] {"steps": 376832, "elapsed_s": 414.5, "coordination_ring_sparse20": 0.0, "coordination_ring_potter0_20": 0.2, "centre_pots_sparse20": 12.0, "centre_pots_potter0_20": 0.3}
[pair_G] {"steps": 378880, "elapsed_s": 418.1, "coordination_ring_sparse20": 0.0, "coordination_ring_potter0_20": 0.2, "centre_pots_sparse20": 12.0, "centre_pots_potter0_20": 0.3}
[pair_G] {"steps": 380928, "elapsed_s": 420.5, "coordination_ring_sparse20": 0.0, "coordination_ring_potter0_20": 0.2, "centre_pots_sparse20": 10.0, "centre_pots_potter0_20": 0.4}
[pair_G] {"steps": 382976, "elapsed_s": 424.1, "coordination_ring_sparse20": 0.0, "coordination_ring_potter0_20": 0.2, "centre_pots_sparse20": 9.0, "centre_pots_potter0_20": 0.4}
[pair_G] {"steps": 385024, "elapsed_s": 427.0, "coordination_ring_sparse20": 0.0, "coordination_ring_potter0_20": 0.2, "centre_pots_sparse20": 9.0, "centre_pots_potter0_20": 0.35}
[pair_G] {"steps": 387072, "elapsed_s": 429.3, "coordination_ring_sparse20": 0.0, "coordination_ring_potter0_20": 0.25, "centre_pots_sparse20": 7.0, "centre_pots_potter0_20": 0.45}
[pair_G] {"steps": 389120, "elapsed_s": 432.3, "coordination_ring_sparse20": 0.0, "coordination_ring_potter0_20": 0.25, "centre_pots_sparse20": 8.0, "centre_pots_potter0_20": 0.45}
[pair_G] {"steps": 391168, "elapsed_s": 434.5, "coordination_ring_sparse20": 0.0, "coordination_ring_potter0_20": 0.25, "centre_pots_sparse20": 8.0, "centre_pots_potter0_20": 0.4}
[pair_G] {"steps": 393216, "elapsed_s": 437.4, "coordination_ring_sparse20": 1.0, "coordination_ring_potter0_20": 0.3, "centre_pots_sparse20": 6.0, "centre_pots_potter0_20": 0.4}
[pair_G] {"steps": 395264, "elapsed_s": 440.1, "coordination_ring_sparse20": 1.0, "coordination_ring_potter0_20": 0.35, "centre_pots_sparse20": 5.0, "centre_pots_potter0_20": 0.45}
[pair_G] {"steps": 397312, "elapsed_s": 443.3, "coordination_ring_sparse20": 2.0, "coordination_ring_potter0_20": 0.3, "centre_pots_sparse20": 5.0, "centre_pots_potter0_20": 0.4}
[pair_G] {"steps": 399360, "elapsed_s": 445.9, "coordination_ring_sparse20": 2.0, "coordination_ring_potter0_20": 0.35, "centre_pots_sparse20": 5.0, "centre_pots_potter0_20": 0.35}
[pair_G] {"steps": 401408, "elapsed_s": 449.3, "coordination_ring_sparse20": 2.0, "coordination_ring_potter0_20": 0.25, "centre_pots_sparse20": 4.0, "centre_pots_potter0_20": 0.4}
[pair_G] {"steps": 403456, "elapsed_s": 452.3, "coordination_ring_sparse20": 2.0, "coordination_ring_potter0_20": 0.25, "centre_pots_sparse20": 5.0, "centre_pots_potter0_20": 0.35}
[pair_G] {"steps": 405504, "elapsed_s": 454.7, "coordination_ring_sparse20": 2.0, "coordination_ring_potter0_20": 0.3, "centre_pots_sparse20": 5.0, "centre_pots_potter0_20": 0.4}
[pair_G] {"steps": 407552, "elapsed_s": 457.2, "coordination_ring_sparse20": 2.0, "coordination_ring_potter0_20": 0.35, "centre_pots_sparse20": 5.0, "centre_pots_potter0_20": 0.45}
[pair_G] {"steps": 409600, "elapsed_s": 460.2, "coordination_ring_sparse20": 2.0, "coordination_ring_potter0_20": 0.3, "centre_pots_sparse20": 9.0, "centre_pots_potter0_20": 0.5}
[pair_G] {"steps": 411648, "elapsed_s": 463.0, "coordination_ring_sparse20": 1.0, "coordination_ring_potter0_20": 0.4, "centre_pots_sparse20": 9.0, "centre_pots_potter0_20": 0.5}
[pair_G] {"steps": 413696, "elapsed_s": 465.7, "coordination_ring_sparse20": 0.0, "coordination_ring_potter0_20": 0.4, "centre_pots_sparse20": 10.0, "centre_pots_potter0_20": 0.55}
[pair_G] {"steps": 415744, "elapsed_s": 469.0, "coordination_ring_sparse20": 0.0, "coordination_ring_potter0_20": 0.5, "centre_pots_sparse20": 10.0, "centre_pots_potter0_20": 0.55}
[pair_G] {"steps": 417792, "elapsed_s": 471.9, "coordination_ring_sparse20": 0.0, "coordination_ring_potter0_20": 0.5, "centre_pots_sparse20": 11.0, "centre_pots_potter0_20": 0.65}
[pair_G] {"steps": 419840, "elapsed_s": 475.0, "coordination_ring_sparse20": 0.0, "coordination_ring_potter0_20": 0.55, "centre_pots_sparse20": 10.0, "centre_pots_potter0_20": 0.6}
[pair_G] {"steps": 421888, "elapsed_s": 477.7, "coordination_ring_sparse20": 0.0, "coordination_ring_potter0_20": 0.5, "centre_pots_sparse20": 12.0, "centre_pots_potter0_20": 0.65}
[pair_G] {"steps": 423936, "elapsed_s": 480.4, "coordination_ring_sparse20": 0.0, "coordination_ring_potter0_20": 0.5, "centre_pots_sparse20": 11.0, "centre_pots_potter0_20": 0.65}
[pair_G] {"steps": 425984, "elapsed_s": 483.2, "coordination_ring_sparse20": 0.0, "coordination_ring_potter0_20": 0.6, "centre_pots_sparse20": 11.0, "centre_pots_potter0_20": 0.6}
[pair_G] {"steps": 428032, "elapsed_s": 486.6, "coordination_ring_sparse20": 0.0, "coordination_ring_potter0_20": 0.6, "centre_pots_sparse20": 9.0, "centre_pots_potter0_20": 0.55}
[pair_G] {"steps": 430080, "elapsed_s": 490.0, "coordination_ring_sparse20": 0.0, "coordination_ring_potter0_20": 0.7, "centre_pots_sparse20": 12.0, "centre_pots_potter0_20": 0.5}
[pair_G] {"steps": 432128, "elapsed_s": 492.4, "coordination_ring_sparse20": 0.0, "coordination_ring_potter0_20": 0.6, "centre_pots_sparse20": 12.0, "centre_pots_potter0_20": 0.55}
[pair_G] {"steps": 434176, "elapsed_s": 495.0, "coordination_ring_sparse20": 0.0, "coordination_ring_potter0_20": 0.65, "centre_pots_sparse20": 13.0, "centre_pots_potter0_20": 0.6}
[pair_G] {"steps": 436224, "elapsed_s": 498.0, "coordination_ring_sparse20": 0.0, "coordination_ring_potter0_20": 0.65, "centre_pots_sparse20": 13.0, "centre_pots_potter0_20": 0.5}
[pair_G] {"steps": 438272, "elapsed_s": 500.6, "coordination_ring_sparse20": 0.0, "coordination_ring_potter0_20": 0.6, "centre_pots_sparse20": 15.0, "centre_pots_potter0_20": 0.45}
[pair_G] {"steps": 440320, "elapsed_s": 503.2, "coordination_ring_sparse20": 0.0, "coordination_ring_potter0_20": 0.6, "centre_pots_sparse20": 14.0, "centre_pots_potter0_20": 0.4}
[pair_G] {"steps": 442368, "elapsed_s": 505.5, "coordination_ring_sparse20": 1.0, "coordination_ring_potter0_20": 0.55, "centre_pots_sparse20": 14.0, "centre_pots_potter0_20": 0.4}
[pair_G] {"steps": 444416, "elapsed_s": 507.7, "coordination_ring_sparse20": 1.0, "coordination_ring_potter0_20": 0.5, "centre_pots_sparse20": 13.0, "centre_pots_potter0_20": 0.45}
[pair_G] {"steps": 446464, "elapsed_s": 509.9, "coordination_ring_sparse20": 1.0, "coordination_ring_potter0_20": 0.5, "centre_pots_sparse20": 12.0, "centre_pots_potter0_20": 0.45}
[pair_G] {"steps": 448512, "elapsed_s": 512.6, "coordination_ring_sparse20": 1.0, "coordination_ring_potter0_20": 0.45, "centre_pots_sparse20": 11.0, "centre_pots_potter0_20": 0.45}
[pair_G] {"steps": 450560, "elapsed_s": 515.3, "coordination_ring_sparse20": 1.0, "coordination_ring_potter0_20": 0.45, "centre_pots_sparse20": 11.0, "centre_pots_potter0_20": 0.45}
[pair_G] {"steps": 452608, "elapsed_s": 518.3, "coordination_ring_sparse20": 1.0, "coordination_ring_potter0_20": 0.5, "centre_pots_sparse20": 11.0, "centre_pots_potter0_20": 0.5}
[pair_G] {"steps": 454656, "elapsed_s": 521.3, "coordination_ring_sparse20": 1.0, "coordination_ring_potter0_20": 0.45, "centre_pots_sparse20": 11.0, "centre_pots_potter0_20": 0.6}
[pair_G] {"steps": 456704, "elapsed_s": 523.9, "coordination_ring_sparse20": 1.0, "coordination_ring_potter0_20": 0.45, "centre_pots_sparse20": 12.0, "centre_pots_potter0_20": 0.65}
[pair_G] {"steps": 458752, "elapsed_s": 526.7, "coordination_ring_sparse20": 1.0, "coordination_ring_potter0_20": 0.35, "centre_pots_sparse20": 13.0, "centre_pots_potter0_20": 0.65}
[pair_G] {"steps": 460800, "elapsed_s": 529.5, "coordination_ring_sparse20": 1.0, "coordination_ring_potter0_20": 0.25, "centre_pots_sparse20": 14.0, "centre_pots_potter0_20": 0.65}
[pair_G] {"steps": 462848, "elapsed_s": 532.1, "coordination_ring_sparse20": 1.0, "coordination_ring_potter0_20": 0.25, "centre_pots_sparse20": 15.0, "centre_pots_potter0_20": 0.7}
[pair_G] {"steps": 464896, "elapsed_s": 534.4, "coordination_ring_sparse20": 1.0, "coordination_ring_potter0_20": 0.2, "centre_pots_sparse20": 16.0, "centre_pots_potter0_20": 0.6}
[pair_G] {"steps": 466944, "elapsed_s": 536.6, "coordination_ring_sparse20": 1.0, "coordination_ring_potter0_20": 0.2, "centre_pots_sparse20": 17.0, "centre_pots_potter0_20": 0.6}
[pair_G] {"steps": 468992, "elapsed_s": 539.8, "coordination_ring_sparse20": 2.0, "coordination_ring_potter0_20": 0.15, "centre_pots_sparse20": 13.0, "centre_pots_potter0_20": 0.45}
[pair_G] {"steps": 471040, "elapsed_s": 542.4, "coordination_ring_sparse20": 2.0, "coordination_ring_potter0_20": 0.15, "centre_pots_sparse20": 17.0, "centre_pots_potter0_20": 0.4}
[pair_G] {"steps": 473088, "elapsed_s": 545.1, "coordination_ring_sparse20": 3.0, "coordination_ring_potter0_20": 0.2, "centre_pots_sparse20": 18.0, "centre_pots_potter0_20": 0.5}
[pair_G] {"steps": 475136, "elapsed_s": 547.5, "coordination_ring_sparse20": 2.0, "coordination_ring_potter0_20": 0.2, "centre_pots_sparse20": 17.0, "centre_pots_potter0_20": 0.6}
[pair_G] {"steps": 477184, "elapsed_s": 549.6, "coordination_ring_sparse20": 2.0, "coordination_ring_potter0_20": 0.3, "centre_pots_sparse20": 17.0, "centre_pots_potter0_20": 0.6}
[pair_G] {"steps": 479232, "elapsed_s": 552.1, "coordination_ring_sparse20": 2.0, "coordination_ring_potter0_20": 0.3, "centre_pots_sparse20": 16.0, "centre_pots_potter0_20": 0.55}
[pair_G] {"steps": 481280, "elapsed_s": 554.8, "coordination_ring_sparse20": 2.0, "coordination_ring_potter0_20": 0.35, "centre_pots_sparse20": 15.0, "centre_pots_potter0_20": 0.5}
[pair_G] {"steps": 483328, "elapsed_s": 557.8, "coordination_ring_sparse20": 1.0, "coordination_ring_potter0_20": 0.35, "centre_pots_sparse20": 17.0, "centre_pots_potter0_20": 0.6}
[pair_G] {"steps": 485376, "elapsed_s": 560.3, "coordination_ring_sparse20": 0.0, "coordination_ring_potter0_20": 0.25, "centre_pots_sparse20": 19.0, "centre_pots_potter0_20": 0.6}
[pair_G] {"steps": 487424, "elapsed_s": 562.8, "coordination_ring_sparse20": 0.0, "coordination_ring_potter0_20": 0.25, "centre_pots_sparse20": 18.0, "centre_pots_potter0_20": 0.6}
[pair_G] {"steps": 489472, "elapsed_s": 565.3, "coordination_ring_sparse20": 0.0, "coordination_ring_potter0_20": 0.25, "centre_pots_sparse20": 16.0, "centre_pots_potter0_20": 0.65}
[pair_G] {"steps": 491520, "elapsed_s": 567.8, "coordination_ring_sparse20": 1.0, "coordination_ring_potter0_20": 0.25, "centre_pots_sparse20": 16.0, "centre_pots_potter0_20": 0.5}
[pair_G] {"steps": 493568, "elapsed_s": 570.1, "coordination_ring_sparse20": 2.0, "coordination_ring_potter0_20": 0.2, "centre_pots_sparse20": 15.0, "centre_pots_potter0_20": 0.4}
[pair_G] {"steps": 495616, "elapsed_s": 573.2, "coordination_ring_sparse20": 3.0, "coordination_ring_potter0_20": 0.25, "centre_pots_sparse20": 14.0, "centre_pots_potter0_20": 0.45}
[pair_G] {"steps": 497664, "elapsed_s": 575.8, "coordination_ring_sparse20": 3.0, "coordination_ring_potter0_20": 0.25, "centre_pots_sparse20": 12.0, "centre_pots_potter0_20": 0.45}
[pair_G] {"steps": 499712, "elapsed_s": 578.4, "coordination_ring_sparse20": 3.0, "coordination_ring_potter0_20": 0.3, "centre_pots_sparse20": 13.0, "centre_pots_potter0_20": 0.5}
[pair_G] {"steps": 501760, "elapsed_s": 581.6, "coordination_ring_sparse20": 4.0, "coordination_ring_potter0_20": 0.3, "centre_pots_sparse20": 11.0, "centre_pots_potter0_20": 0.5}
[pair_G] {"steps": 503808, "elapsed_s": 583.8, "coordination_ring_sparse20": 5.0, "coordination_ring_potter0_20": 0.3, "centre_pots_sparse20": 12.0, "centre_pots_potter0_20": 0.55}
[pair_G] {"steps": 505856, "elapsed_s": 586.7, "coordination_ring_sparse20": 5.0, "coordination_ring_potter0_20": 0.25, "centre_pots_sparse20": 12.0, "centre_pots_potter0_20": 0.5}
[pair_G] {"steps": 507904, "elapsed_s": 589.3, "coordination_ring_sparse20": 4.0, "coordination_ring_potter0_20": 0.3, "centre_pots_sparse20": 12.0, "centre_pots_potter0_20": 0.5}
[pair_G] {"steps": 509952, "elapsed_s": 592.1, "coordination_ring_sparse20": 4.0, "coordination_ring_potter0_20": 0.25, "centre_pots_sparse20": 13.0, "centre_pots_potter0_20": 0.6}
[pair_G] {"steps": 512000, "elapsed_s": 594.4, "coordination_ring_sparse20": 4.0, "coordination_ring_potter0_20": 0.25, "centre_pots_sparse20": 14.0, "centre_pots_potter0_20": 0.55}
[pair_G] {"steps": 514048, "elapsed_s": 596.6, "coordination_ring_sparse20": 3.0, "coordination_ring_potter0_20": 0.15, "centre_pots_sparse20": 15.0, "centre_pots_potter0_20": 0.6}
[pair_G] {"steps": 516096, "elapsed_s": 599.9, "coordination_ring_sparse20": 2.0, "coordination_ring_potter0_20": 0.15, "centre_pots_sparse20": 17.0, "centre_pots_potter0_20": 0.55}
[pair_G] {"steps": 518144, "elapsed_s": 602.4, "coordination_ring_sparse20": 4.0, "coordination_ring_potter0_20": 0.15, "centre_pots_sparse20": 14.0, "centre_pots_potter0_20": 0.55}
[pair_G] {"steps": 520192, "elapsed_s": 605.2, "coordination_ring_sparse20": 2.0, "coordination_ring_potter0_20": 0.15, "centre_pots_sparse20": 14.0, "centre_pots_potter0_20": 0.55}
[pair_G] {"steps": 522240, "elapsed_s": 608.3, "coordination_ring_sparse20": 2.0, "coordination_ring_potter0_20": 0.15, "centre_pots_sparse20": 13.0, "centre_pots_potter0_20": 0.6}
[pair_G] {"steps": 524288, "elapsed_s": 610.8, "coordination_ring_sparse20": 2.0, "coordination_ring_potter0_20": 0.1, "centre_pots_sparse20": 11.0, "centre_pots_potter0_20": 0.65}
[pair_G] {"steps": 526336, "elapsed_s": 613.3, "coordination_ring_sparse20": 2.0, "coordination_ring_potter0_20": 0.05, "centre_pots_sparse20": 11.0, "centre_pots_potter0_20": 0.6}
[pair_G] {"steps": 528384, "elapsed_s": 616.0, "coordination_ring_sparse20": 2.0, "coordination_ring_potter0_20": 0.1, "centre_pots_sparse20": 10.0, "centre_pots_potter0_20": 0.6}
[pair_G] {"steps": 530432, "elapsed_s": 619.2, "coordination_ring_sparse20": 3.0, "coordination_ring_potter0_20": 0.1, "centre_pots_sparse20": 13.0, "centre_pots_potter0_20": 0.5}
[pair_G] {"steps": 532480, "elapsed_s": 622.2, "coordination_ring_sparse20": 3.0, "coordination_ring_potter0_20": 0.15, "centre_pots_sparse20": 12.0, "centre_pots_potter0_20": 0.5}
[pair_G] {"steps": 534528, "elapsed_s": 624.4, "coordination_ring_sparse20": 2.0, "coordination_ring_potter0_20": 0.15, "centre_pots_sparse20": 15.0, "centre_pots_potter0_20": 0.35}
[pair_G] {"steps": 536576, "elapsed_s": 626.9, "coordination_ring_sparse20": 1.0, "coordination_ring_potter0_20": 0.15, "centre_pots_sparse20": 14.0, "centre_pots_potter0_20": 0.25}
[pair_G] {"steps": 538624, "elapsed_s": 628.7, "coordination_ring_sparse20": 2.0, "coordination_ring_potter0_20": 0.25, "centre_pots_sparse20": 18.0, "centre_pots_potter0_20": 0.3}
[pair_G] {"steps": 540672, "elapsed_s": 630.5, "coordination_ring_sparse20": 2.0, "coordination_ring_potter0_20": 0.35, "centre_pots_sparse20": 18.0, "centre_pots_potter0_20": 0.3}
[pair_G] {"steps": 542720, "elapsed_s": 632.8, "coordination_ring_sparse20": 3.0, "coordination_ring_potter0_20": 0.35, "centre_pots_sparse20": 19.0, "centre_pots_potter0_20": 0.45}
[pair_G] {"steps": 544768, "elapsed_s": 635.7, "coordination_ring_sparse20": 3.0, "coordination_ring_potter0_20": 0.35, "centre_pots_sparse20": 21.0, "centre_pots_potter0_20": 0.6}
[pair_G] {"steps": 546816, "elapsed_s": 638.0, "coordination_ring_sparse20": 3.0, "coordination_ring_potter0_20": 0.35, "centre_pots_sparse20": 22.0, "centre_pots_potter0_20": 0.65}
[pair_G] {"steps": 548864, "elapsed_s": 640.0, "coordination_ring_sparse20": 3.0, "coordination_ring_potter0_20": 0.3, "centre_pots_sparse20": 23.0, "centre_pots_potter0_20": 0.7}
[pair_G] {"steps": 550912, "elapsed_s": 642.5, "coordination_ring_sparse20": 2.0, "coordination_ring_potter0_20": 0.35, "centre_pots_sparse20": 23.0, "centre_pots_potter0_20": 0.6}
[pair_G] {"steps": 552960, "elapsed_s": 644.6, "coordination_ring_sparse20": 2.0, "coordination_ring_potter0_20": 0.35, "centre_pots_sparse20": 22.0, "centre_pots_potter0_20": 0.6}
[pair_G] {"steps": 555008, "elapsed_s": 646.6, "coordination_ring_sparse20": 2.0, "coordination_ring_potter0_20": 0.35, "centre_pots_sparse20": 19.0, "centre_pots_potter0_20": 0.65}
[pair_G] {"steps": 557056, "elapsed_s": 649.1, "coordination_ring_sparse20": 1.0, "coordination_ring_potter0_20": 0.2, "centre_pots_sparse20": 18.0, "centre_pots_potter0_20": 0.6}
[pair_G] {"steps": 559104, "elapsed_s": 651.8, "coordination_ring_sparse20": 2.0, "coordination_ring_potter0_20": 0.15, "centre_pots_sparse20": 14.0, "centre_pots_potter0_20": 0.6}
[pair_G] {"steps": 561152, "elapsed_s": 653.7, "coordination_ring_sparse20": 2.0, "coordination_ring_potter0_20": 0.15, "centre_pots_sparse20": 14.0, "centre_pots_potter0_20": 0.65}
[pair_G] {"steps": 563200, "elapsed_s": 656.5, "coordination_ring_sparse20": 4.0, "coordination_ring_potter0_20": 0.15, "centre_pots_sparse20": 18.0, "centre_pots_potter0_20": 0.6}
[pair_G] {"steps": 565248, "elapsed_s": 658.9, "coordination_ring_sparse20": 4.0, "coordination_ring_potter0_20": 0.15, "centre_pots_sparse20": 19.0, "centre_pots_potter0_20": 0.7}
[pair_G] {"steps": 567296, "elapsed_s": 661.3, "coordination_ring_sparse20": 4.0, "coordination_ring_potter0_20": 0.15, "centre_pots_sparse20": 22.0, "centre_pots_potter0_20": 0.65}
[pair_G] {"steps": 569344, "elapsed_s": 663.4, "coordination_ring_sparse20": 4.0, "coordination_ring_potter0_20": 0.1, "centre_pots_sparse20": 24.0, "centre_pots_potter0_20": 0.6}
[pair_G] {"steps": 571392, "elapsed_s": 666.0, "coordination_ring_sparse20": 4.0, "coordination_ring_potter0_20": 0.1, "centre_pots_sparse20": 24.0, "centre_pots_potter0_20": 0.6}
[pair_G] {"steps": 573440, "elapsed_s": 668.4, "coordination_ring_sparse20": 4.0, "coordination_ring_potter0_20": 0.1, "centre_pots_sparse20": 25.0, "centre_pots_potter0_20": 0.55}
[pair_G] {"steps": 575488, "elapsed_s": 670.7, "coordination_ring_sparse20": 4.0, "coordination_ring_potter0_20": 0.1, "centre_pots_sparse20": 22.0, "centre_pots_potter0_20": 0.4}
[pair_G] {"steps": 577536, "elapsed_s": 673.0, "coordination_ring_sparse20": 3.0, "coordination_ring_potter0_20": 0.1, "centre_pots_sparse20": 22.0, "centre_pots_potter0_20": 0.4}
[pair_G] {"steps": 579584, "elapsed_s": 675.4, "coordination_ring_sparse20": 3.0, "coordination_ring_potter0_20": 0.05, "centre_pots_sparse20": 21.0, "centre_pots_potter0_20": 0.45}
[pair_G] {"steps": 581632, "elapsed_s": 677.4, "coordination_ring_sparse20": 0.0, "coordination_ring_potter0_20": 0.05, "centre_pots_sparse20": 21.0, "centre_pots_potter0_20": 0.5}
[pair_G] {"steps": 583680, "elapsed_s": 679.9, "coordination_ring_sparse20": 0.0, "coordination_ring_potter0_20": 0.05, "centre_pots_sparse20": 18.0, "centre_pots_potter0_20": 0.55}
[pair_G] {"steps": 585728, "elapsed_s": 682.4, "coordination_ring_sparse20": 0.0, "coordination_ring_potter0_20": 0.1, "centre_pots_sparse20": 18.0, "centre_pots_potter0_20": 0.6}
[pair_G] {"steps": 587776, "elapsed_s": 684.7, "coordination_ring_sparse20": 1.0, "coordination_ring_potter0_20": 0.1, "centre_pots_sparse20": 19.0, "centre_pots_potter0_20": 0.6}
[pair_G] {"steps": 589824, "elapsed_s": 687.1, "coordination_ring_sparse20": 1.0, "coordination_ring_potter0_20": 0.1, "centre_pots_sparse20": 18.0, "centre_pots_potter0_20": 0.6}
[pair_G] {"steps": 591872, "elapsed_s": 689.5, "coordination_ring_sparse20": 2.0, "coordination_ring_potter0_20": 0.15, "centre_pots_sparse20": 18.0, "centre_pots_potter0_20": 0.65}
[pair_G] {"steps": 593920, "elapsed_s": 691.8, "coordination_ring_sparse20": 2.0, "coordination_ring_potter0_20": 0.15, "centre_pots_sparse20": 19.0, "centre_pots_potter0_20": 0.65}
[pair_G] {"steps": 595968, "elapsed_s": 694.3, "coordination_ring_sparse20": 2.0, "coordination_ring_potter0_20": 0.15, "centre_pots_sparse20": 17.0, "centre_pots_potter0_20": 0.65}
[pair_G] {"steps": 598016, "elapsed_s": 697.3, "coordination_ring_sparse20": 3.0, "coordination_ring_potter0_20": 0.15, "centre_pots_sparse20": 16.0, "centre_pots_potter0_20": 0.55}
[pair_G] {"steps": 600064, "elapsed_s": 699.8, "coordination_ring_sparse20": 3.0, "coordination_ring_potter0_20": 0.2, "centre_pots_sparse20": 15.0, "centre_pots_potter0_20": 0.55}
[pair_G] {"steps": 602112, "elapsed_s": 702.6, "coordination_ring_sparse20": 3.0, "coordination_ring_potter0_20": 0.15, "centre_pots_sparse20": 17.0, "centre_pots_potter0_20": 0.5}
[pair_G] {"steps": 604160, "elapsed_s": 704.9, "coordination_ring_sparse20": 2.0, "coordination_ring_potter0_20": 0.15, "centre_pots_sparse20": 16.0, "centre_pots_potter0_20": 0.55}
[pair_G] {"steps": 606208, "elapsed_s": 706.7, "coordination_ring_sparse20": 2.0, "coordination_ring_potter0_20": 0.15, "centre_pots_sparse20": 16.0, "centre_pots_potter0_20": 0.55}
[pair_G] {"steps": 608256, "elapsed_s": 709.0, "coordination_ring_sparse20": 1.0, "coordination_ring_potter0_20": 0.15, "centre_pots_sparse20": 19.0, "centre_pots_potter0_20": 0.5}
[pair_G] {"steps": 610304, "elapsed_s": 711.1, "coordination_ring_sparse20": 0.0, "coordination_ring_potter0_20": 0.15, "centre_pots_sparse20": 19.0, "centre_pots_potter0_20": 0.45}
[pair_G] {"steps": 612352, "elapsed_s": 713.5, "coordination_ring_sparse20": 0.0, "coordination_ring_potter0_20": 0.15, "centre_pots_sparse20": 19.0, "centre_pots_potter0_20": 0.55}
[pair_G] {"steps": 614400, "elapsed_s": 715.5, "coordination_ring_sparse20": 0.0, "coordination_ring_potter0_20": 0.2, "centre_pots_sparse20": 20.0, "centre_pots_potter0_20": 0.55}
[pair_G] {"steps": 616448, "elapsed_s": 717.7, "coordination_ring_sparse20": 0.0, "coordination_ring_potter0_20": 0.2, "centre_pots_sparse20": 21.0, "centre_pots_potter0_20": 0.6}
[pair_G] {"steps": 618496, "elapsed_s": 719.6, "coordination_ring_sparse20": 0.0, "coordination_ring_potter0_20": 0.2, "centre_pots_sparse20": 20.0, "centre_pots_potter0_20": 0.6}
[pair_G] {"steps": 620544, "elapsed_s": 721.6, "coordination_ring_sparse20": 0.0, "coordination_ring_potter0_20": 0.2, "centre_pots_sparse20": 21.0, "centre_pots_potter0_20": 0.6}
[pair_G] {"steps": 622592, "elapsed_s": 724.0, "coordination_ring_sparse20": 0.0, "coordination_ring_potter0_20": 0.2, "centre_pots_sparse20": 23.0, "centre_pots_potter0_20": 0.65}
[pair_G] {"steps": 624640, "elapsed_s": 726.6, "coordination_ring_sparse20": 0.0, "coordination_ring_potter0_20": 0.25, "centre_pots_sparse20": 25.0, "centre_pots_potter0_20": 0.7}
[pair_G] {"steps": 626688, "elapsed_s": 729.3, "coordination_ring_sparse20": 0.0, "coordination_ring_potter0_20": 0.2, "centre_pots_sparse20": 23.0, "centre_pots_potter0_20": 0.7}
[pair_G] {"steps": 628736, "elapsed_s": 731.9, "coordination_ring_sparse20": 0.0, "coordination_ring_potter0_20": 0.15, "centre_pots_sparse20": 25.0, "centre_pots_potter0_20": 0.75}
[pair_G] {"steps": 630784, "elapsed_s": 734.6, "coordination_ring_sparse20": 0.0, "coordination_ring_potter0_20": 0.15, "centre_pots_sparse20": 24.0, "centre_pots_potter0_20": 0.75}
[pair_G] {"steps": 632832, "elapsed_s": 737.0, "coordination_ring_sparse20": 0.0, "coordination_ring_potter0_20": 0.15, "centre_pots_sparse20": 22.0, "centre_pots_potter0_20": 0.8}
[pair_G] {"steps": 634880, "elapsed_s": 739.2, "coordination_ring_sparse20": 0.0, "coordination_ring_potter0_20": 0.1, "centre_pots_sparse20": 21.0, "centre_pots_potter0_20": 0.7}
[pair_G] {"steps": 636928, "elapsed_s": 741.7, "coordination_ring_sparse20": 1.0, "coordination_ring_potter0_20": 0.1, "centre_pots_sparse20": 21.0, "centre_pots_potter0_20": 0.7}
[pair_G] {"steps": 638976, "elapsed_s": 744.2, "coordination_ring_sparse20": 1.0, "coordination_ring_potter0_20": 0.1, "centre_pots_sparse20": 19.0, "centre_pots_potter0_20": 0.7}
[pair_G] {"steps": 641024, "elapsed_s": 746.7, "coordination_ring_sparse20": 2.0, "coordination_ring_potter0_20": 0.15, "centre_pots_sparse20": 19.0, "centre_pots_potter0_20": 0.7}
[pair_G] {"steps": 643072, "elapsed_s": 748.9, "coordination_ring_sparse20": 2.0, "coordination_ring_potter0_20": 0.1, "centre_pots_sparse20": 19.0, "centre_pots_potter0_20": 0.65}
[pair_G] {"steps": 645120, "elapsed_s": 751.2, "coordination_ring_sparse20": 3.0, "coordination_ring_potter0_20": 0.25, "centre_pots_sparse20": 19.0, "centre_pots_potter0_20": 0.65}
[pair_G] {"steps": 647168, "elapsed_s": 753.3, "coordination_ring_sparse20": 3.0, "coordination_ring_potter0_20": 0.35, "centre_pots_sparse20": 18.0, "centre_pots_potter0_20": 0.6}
[pair_G] {"steps": 649216, "elapsed_s": 755.9, "coordination_ring_sparse20": 4.0, "coordination_ring_potter0_20": 0.35, "centre_pots_sparse20": 16.0, "centre_pots_potter0_20": 0.6}
[pair_G] {"steps": 651264, "elapsed_s": 757.7, "coordination_ring_sparse20": 4.0, "coordination_ring_potter0_20": 0.4, "centre_pots_sparse20": 15.0, "centre_pots_potter0_20": 0.7}
[pair_G] {"steps": 653312, "elapsed_s": 759.5, "coordination_ring_sparse20": 3.0, "coordination_ring_potter0_20": 0.35, "centre_pots_sparse20": 16.0, "centre_pots_potter0_20": 0.7}
[pair_G] {"steps": 655360, "elapsed_s": 761.0, "coordination_ring_sparse20": 2.0, "coordination_ring_potter0_20": 0.3, "centre_pots_sparse20": 17.0, "centre_pots_potter0_20": 0.65}
[pair_G] {"steps": 657408, "elapsed_s": 762.6, "coordination_ring_sparse20": 3.0, "coordination_ring_potter0_20": 0.25, "centre_pots_sparse20": 16.0, "centre_pots_potter0_20": 0.65}
[pair_G] {"steps": 659456, "elapsed_s": 764.4, "coordination_ring_sparse20": 4.0, "coordination_ring_potter0_20": 0.15, "centre_pots_sparse20": 15.0, "centre_pots_potter0_20": 0.65}
[pair_G] {"steps": 661504, "elapsed_s": 766.3, "coordination_ring_sparse20": 5.0, "coordination_ring_potter0_20": 0.1, "centre_pots_sparse20": 14.0, "centre_pots_potter0_20": 0.65}
[pair_G] {"steps": 663552, "elapsed_s": 768.1, "coordination_ring_sparse20": 4.0, "coordination_ring_potter0_20": 0.1, "centre_pots_sparse20": 15.0, "centre_pots_potter0_20": 0.65}
[pair_G] {"steps": 665600, "elapsed_s": 770.0, "coordination_ring_sparse20": 4.0, "coordination_ring_potter0_20": 0.15, "centre_pots_sparse20": 17.0, "centre_pots_potter0_20": 0.6}
[pair_G] {"steps": 667648, "elapsed_s": 771.8, "coordination_ring_sparse20": 4.0, "coordination_ring_potter0_20": 0.15, "centre_pots_sparse20": 17.0, "centre_pots_potter0_20": 0.6}
[pair_G] {"steps": 669696, "elapsed_s": 773.6, "coordination_ring_sparse20": 4.0, "coordination_ring_potter0_20": 0.2, "centre_pots_sparse20": 16.0, "centre_pots_potter0_20": 0.45}
[pair_G] {"steps": 671744, "elapsed_s": 775.3, "coordination_ring_sparse20": 4.0, "coordination_ring_potter0_20": 0.2, "centre_pots_sparse20": 16.0, "centre_pots_potter0_20": 0.5}
[pair_G] {"steps": 673792, "elapsed_s": 777.2, "coordination_ring_sparse20": 2.0, "coordination_ring_potter0_20": 0.2, "centre_pots_sparse20": 17.0, "centre_pots_potter0_20": 0.4}
[pair_G] {"steps": 675840, "elapsed_s": 778.8, "coordination_ring_sparse20": 1.0, "coordination_ring_potter0_20": 0.2, "centre_pots_sparse20": 17.0, "centre_pots_potter0_20": 0.45}
[pair_G] {"steps": 677888, "elapsed_s": 780.8, "coordination_ring_sparse20": 1.0, "coordination_ring_potter0_20": 0.25, "centre_pots_sparse20": 18.0, "centre_pots_potter0_20": 0.5}
[pair_G] {"steps": 679936, "elapsed_s": 782.5, "coordination_ring_sparse20": 1.0, "coordination_ring_potter0_20": 0.2, "centre_pots_sparse20": 17.0, "centre_pots_potter0_20": 0.55}
[pair_G] {"steps": 681984, "elapsed_s": 784.4, "coordination_ring_sparse20": 1.0, "coordination_ring_potter0_20": 0.15, "centre_pots_sparse20": 17.0, "centre_pots_potter0_20": 0.55}
[pair_G] {"steps": 684032, "elapsed_s": 786.4, "coordination_ring_sparse20": 1.0, "coordination_ring_potter0_20": 0.15, "centre_pots_sparse20": 20.0, "centre_pots_potter0_20": 0.45}
[pair_G] {"steps": 686080, "elapsed_s": 788.1, "coordination_ring_sparse20": 1.0, "coordination_ring_potter0_20": 0.1, "centre_pots_sparse20": 19.0, "centre_pots_potter0_20": 0.5}
[pair_G] {"steps": 688128, "elapsed_s": 789.9, "coordination_ring_sparse20": 2.0, "coordination_ring_potter0_20": 0.15, "centre_pots_sparse20": 18.0, "centre_pots_potter0_20": 0.6}
[pair_G] {"steps": 690176, "elapsed_s": 791.7, "coordination_ring_sparse20": 2.0, "coordination_ring_potter0_20": 0.1, "centre_pots_sparse20": 17.0, "centre_pots_potter0_20": 0.55}
[pair_G] {"steps": 692224, "elapsed_s": 793.6, "coordination_ring_sparse20": 1.0, "coordination_ring_potter0_20": 0.1, "centre_pots_sparse20": 19.0, "centre_pots_potter0_20": 0.55}
[pair_G] {"steps": 694272, "elapsed_s": 795.6, "coordination_ring_sparse20": 2.0, "coordination_ring_potter0_20": 0.15, "centre_pots_sparse20": 16.0, "centre_pots_potter0_20": 0.5}
[pair_G] {"steps": 696320, "elapsed_s": 797.6, "coordination_ring_sparse20": 2.0, "coordination_ring_potter0_20": 0.15, "centre_pots_sparse20": 17.0, "centre_pots_potter0_20": 0.5}
[pair_G] {"steps": 698368, "elapsed_s": 799.1, "coordination_ring_sparse20": 4.0, "coordination_ring_potter0_20": 0.15, "centre_pots_sparse20": 17.0, "centre_pots_potter0_20": 0.5}
[pair_G] {"steps": 700416, "elapsed_s": 800.7, "coordination_ring_sparse20": 5.0, "coordination_ring_potter0_20": 0.15, "centre_pots_sparse20": 17.0, "centre_pots_potter0_20": 0.5}
[pair_G] {"steps": 702464, "elapsed_s": 802.3, "coordination_ring_sparse20": 7.0, "coordination_ring_potter0_20": 0.1, "centre_pots_sparse20": 18.0, "centre_pots_potter0_20": 0.45}
[pair_G] {"steps": 704512, "elapsed_s": 804.0, "coordination_ring_sparse20": 6.0, "coordination_ring_potter0_20": 0.1, "centre_pots_sparse20": 17.0, "centre_pots_potter0_20": 0.4}
[pair_G] {"steps": 706560, "elapsed_s": 805.9, "coordination_ring_sparse20": 7.0, "coordination_ring_potter0_20": 0.1, "centre_pots_sparse20": 20.0, "centre_pots_potter0_20": 0.3}
[pair_G] {"steps": 708608, "elapsed_s": 807.6, "coordination_ring_sparse20": 7.0, "coordination_ring_potter0_20": 0.1, "centre_pots_sparse20": 18.0, "centre_pots_potter0_20": 0.35}
[pair_G] {"steps": 710656, "elapsed_s": 809.7, "coordination_ring_sparse20": 7.0, "coordination_ring_potter0_20": 0.1, "centre_pots_sparse20": 15.0, "centre_pots_potter0_20": 0.35}
[pair_G] {"steps": 712704, "elapsed_s": 811.6, "coordination_ring_sparse20": 5.0, "coordination_ring_potter0_20": 0.15, "centre_pots_sparse20": 17.0, "centre_pots_potter0_20": 0.35}
[pair_G] {"steps": 714752, "elapsed_s": 813.5, "coordination_ring_sparse20": 5.0, "coordination_ring_potter0_20": 0.25, "centre_pots_sparse20": 16.0, "centre_pots_potter0_20": 0.35}
[pair_G] {"steps": 716800, "elapsed_s": 815.5, "coordination_ring_sparse20": 4.0, "coordination_ring_potter0_20": 0.25, "centre_pots_sparse20": 18.0, "centre_pots_potter0_20": 0.4}
[pair_G] {"steps": 718848, "elapsed_s": 817.2, "coordination_ring_sparse20": 3.0, "coordination_ring_potter0_20": 0.3, "centre_pots_sparse20": 18.0, "centre_pots_potter0_20": 0.5}
[pair_G] {"steps": 720896, "elapsed_s": 818.8, "coordination_ring_sparse20": 2.0, "coordination_ring_potter0_20": 0.3, "centre_pots_sparse20": 19.0, "centre_pots_potter0_20": 0.55}
[pair_G] {"steps": 722944, "elapsed_s": 820.4, "coordination_ring_sparse20": 1.0, "coordination_ring_potter0_20": 0.3, "centre_pots_sparse20": 21.0, "centre_pots_potter0_20": 0.6}
[pair_G] {"steps": 724992, "elapsed_s": 822.3, "coordination_ring_sparse20": 2.0, "coordination_ring_potter0_20": 0.25, "centre_pots_sparse20": 22.0, "centre_pots_potter0_20": 0.65}
[pair_G] {"steps": 727040, "elapsed_s": 824.3, "coordination_ring_sparse20": 1.0, "coordination_ring_potter0_20": 0.25, "centre_pots_sparse20": 22.0, "centre_pots_potter0_20": 0.7}
[pair_G] {"steps": 729088, "elapsed_s": 826.1, "coordination_ring_sparse20": 1.0, "coordination_ring_potter0_20": 0.15, "centre_pots_sparse20": 21.0, "centre_pots_potter0_20": 0.7}
[pair_G] {"steps": 731136, "elapsed_s": 827.7, "coordination_ring_sparse20": 1.0, "coordination_ring_potter0_20": 0.1, "centre_pots_sparse20": 23.0, "centre_pots_potter0_20": 0.7}
[pair_G] {"steps": 733184, "elapsed_s": 829.2, "coordination_ring_sparse20": 3.0, "coordination_ring_potter0_20": 0.1, "centre_pots_sparse20": 23.0, "centre_pots_potter0_20": 0.65}
[pair_G] {"steps": 735232, "elapsed_s": 831.1, "coordination_ring_sparse20": 4.0, "coordination_ring_potter0_20": 0.15, "centre_pots_sparse20": 25.0, "centre_pots_potter0_20": 0.55}
[pair_G] {"steps": 737280, "elapsed_s": 832.7, "coordination_ring_sparse20": 3.0, "coordination_ring_potter0_20": 0.1, "centre_pots_sparse20": 22.0, "centre_pots_potter0_20": 0.6}
[pair_G] {"steps": 739328, "elapsed_s": 834.5, "coordination_ring_sparse20": 3.0, "coordination_ring_potter0_20": 0.15, "centre_pots_sparse20": 20.0, "centre_pots_potter0_20": 0.55}
[pair_G] {"steps": 741376, "elapsed_s": 837.0, "coordination_ring_sparse20": 3.0, "coordination_ring_potter0_20": 0.15, "centre_pots_sparse20": 16.0, "centre_pots_potter0_20": 0.45}
[pair_G] {"steps": 743424, "elapsed_s": 839.1, "coordination_ring_sparse20": 3.0, "coordination_ring_potter0_20": 0.15, "centre_pots_sparse20": 16.0, "centre_pots_potter0_20": 0.4}
[pair_G] {"steps": 745472, "elapsed_s": 840.7, "coordination_ring_sparse20": 3.0, "coordination_ring_potter0_20": 0.15, "centre_pots_sparse20": 16.0, "centre_pots_potter0_20": 0.35}
[pair_G] {"steps": 747520, "elapsed_s": 842.8, "coordination_ring_sparse20": 2.0, "coordination_ring_potter0_20": 0.2, "centre_pots_sparse20": 17.0, "centre_pots_potter0_20": 0.35}
[pair_G] {"steps": 749568, "elapsed_s": 844.5, "coordination_ring_sparse20": 2.0, "coordination_ring_potter0_20": 0.15, "centre_pots_sparse20": 14.0, "centre_pots_potter0_20": 0.35}
[pair_G] {"steps": 751616, "elapsed_s": 846.5, "coordination_ring_sparse20": 1.0, "coordination_ring_potter0_20": 0.2, "centre_pots_sparse20": 9.0, "centre_pots_potter0_20": 0.5}
[pair_G] {"steps": 753664, "elapsed_s": 848.3, "coordination_ring_sparse20": 1.0, "coordination_ring_potter0_20": 0.15, "centre_pots_sparse20": 8.0, "centre_pots_potter0_20": 0.65}
[pair_G] {"steps": 755712, "elapsed_s": 850.2, "coordination_ring_sparse20": 1.0, "coordination_ring_potter0_20": 0.2, "centre_pots_sparse20": 11.0, "centre_pots_potter0_20": 0.6}
[pair_G] {"steps": 757760, "elapsed_s": 852.4, "coordination_ring_sparse20": 1.0, "coordination_ring_potter0_20": 0.15, "centre_pots_sparse20": 10.0, "centre_pots_potter0_20": 0.55}
[pair_G] {"steps": 759808, "elapsed_s": 854.2, "coordination_ring_sparse20": 1.0, "coordination_ring_potter0_20": 0.15, "centre_pots_sparse20": 11.0, "centre_pots_potter0_20": 0.65}
[pair_G] {"steps": 761856, "elapsed_s": 855.9, "coordination_ring_sparse20": 1.0, "coordination_ring_potter0_20": 0.15, "centre_pots_sparse20": 15.0, "centre_pots_potter0_20": 0.65}
[pair_G] {"steps": 763904, "elapsed_s": 858.0, "coordination_ring_sparse20": 2.0, "coordination_ring_potter0_20": 0.15, "centre_pots_sparse20": 18.0, "centre_pots_potter0_20": 0.55}
[pair_G] {"steps": 765952, "elapsed_s": 859.7, "coordination_ring_sparse20": 2.0, "coordination_ring_potter0_20": 0.1, "centre_pots_sparse20": 21.0, "centre_pots_potter0_20": 0.5}
[pair_G] {"steps": 768000, "elapsed_s": 861.4, "coordination_ring_sparse20": 2.0, "coordination_ring_potter0_20": 0.1, "centre_pots_sparse20": 23.0, "centre_pots_potter0_20": 0.5}
[pair_G] {"steps": 770048, "elapsed_s": 863.2, "coordination_ring_sparse20": 3.0, "coordination_ring_potter0_20": 0.15, "centre_pots_sparse20": 22.0, "centre_pots_potter0_20": 0.5}
[pair_G] {"steps": 772096, "elapsed_s": 865.0, "coordination_ring_sparse20": 3.0, "coordination_ring_potter0_20": 0.15, "centre_pots_sparse20": 21.0, "centre_pots_potter0_20": 0.55}
[pair_G] {"steps": 774144, "elapsed_s": 866.7, "coordination_ring_sparse20": 3.0, "coordination_ring_potter0_20": 0.15, "centre_pots_sparse20": 19.0, "centre_pots_potter0_20": 0.6}
[pair_G] {"steps": 776192, "elapsed_s": 868.5, "coordination_ring_sparse20": 4.0, "coordination_ring_potter0_20": 0.15, "centre_pots_sparse20": 18.0, "centre_pots_potter0_20": 0.65}
[pair_G] {"steps": 778240, "elapsed_s": 870.5, "coordination_ring_sparse20": 4.0, "coordination_ring_potter0_20": 0.15, "centre_pots_sparse20": 18.0, "centre_pots_potter0_20": 0.7}
[pair_G] {"steps": 780288, "elapsed_s": 872.5, "coordination_ring_sparse20": 4.0, "coordination_ring_potter0_20": 0.15, "centre_pots_sparse20": 18.0, "centre_pots_potter0_20": 0.75}
[pair_G] {"steps": 782336, "elapsed_s": 874.3, "coordination_ring_sparse20": 3.0, "coordination_ring_potter0_20": 0.15, "centre_pots_sparse20": 17.0, "centre_pots_potter0_20": 0.7}
[pair_G] {"steps": 784384, "elapsed_s": 876.1, "coordination_ring_sparse20": 2.0, "coordination_ring_potter0_20": 0.15, "centre_pots_sparse20": 20.0, "centre_pots_potter0_20": 0.65}
[pair_G] {"steps": 786432, "elapsed_s": 877.9, "coordination_ring_sparse20": 3.0, "coordination_ring_potter0_20": 0.1, "centre_pots_sparse20": 22.0, "centre_pots_potter0_20": 0.55}
[pair_G] {"steps": 788480, "elapsed_s": 879.9, "coordination_ring_sparse20": 3.0, "coordination_ring_potter0_20": 0.1, "centre_pots_sparse20": 20.0, "centre_pots_potter0_20": 0.55}
[pair_G] {"steps": 790528, "elapsed_s": 881.7, "coordination_ring_sparse20": 2.0, "coordination_ring_potter0_20": 0.05, "centre_pots_sparse20": 20.0, "centre_pots_potter0_20": 0.45}
[pair_G] {"steps": 792576, "elapsed_s": 883.7, "coordination_ring_sparse20": 2.0, "coordination_ring_potter0_20": 0.1, "centre_pots_sparse20": 26.0, "centre_pots_potter0_20": 0.4}
[pair_G] {"steps": 794624, "elapsed_s": 885.4, "coordination_ring_sparse20": 3.0, "coordination_ring_potter0_20": 0.05, "centre_pots_sparse20": 24.0, "centre_pots_potter0_20": 0.45}
[pair_G] {"steps": 796672, "elapsed_s": 887.2, "coordination_ring_sparse20": 3.0, "coordination_ring_potter0_20": 0.1, "centre_pots_sparse20": 24.0, "centre_pots_potter0_20": 0.5}
[pair_G] {"steps": 798720, "elapsed_s": 889.2, "coordination_ring_sparse20": 3.0, "coordination_ring_potter0_20": 0.1, "centre_pots_sparse20": 27.0, "centre_pots_potter0_20": 0.6}
[pair_G] {"steps": 800768, "elapsed_s": 890.9, "coordination_ring_sparse20": 3.0, "coordination_ring_potter0_20": 0.1, "centre_pots_sparse20": 26.0, "centre_pots_potter0_20": 0.55}
[pair_G] {"steps": 802816, "elapsed_s": 892.8, "coordination_ring_sparse20": 3.0, "coordination_ring_potter0_20": 0.1, "centre_pots_sparse20": 28.0, "centre_pots_potter0_20": 0.55}
[pair_G] {"steps": 804864, "elapsed_s": 894.6, "coordination_ring_sparse20": 3.0, "coordination_ring_potter0_20": 0.1, "centre_pots_sparse20": 24.0, "centre_pots_potter0_20": 0.5}
[pair_G] {"steps": 806912, "elapsed_s": 896.4, "coordination_ring_sparse20": 2.0, "coordination_ring_potter0_20": 0.15, "centre_pots_sparse20": 24.0, "centre_pots_potter0_20": 0.6}
[pair_G] {"steps": 808960, "elapsed_s": 898.2, "coordination_ring_sparse20": 2.0, "coordination_ring_potter0_20": 0.15, "centre_pots_sparse20": 29.0, "centre_pots_potter0_20": 0.5}
[pair_G] {"steps": 811008, "elapsed_s": 900.2, "coordination_ring_sparse20": 2.0, "coordination_ring_potter0_20": 0.15, "centre_pots_sparse20": 30.0, "centre_pots_potter0_20": 0.5}
[pair_G] {"steps": 813056, "elapsed_s": 902.4, "coordination_ring_sparse20": 2.0, "coordination_ring_potter0_20": 0.15, "centre_pots_sparse20": 32.0, "centre_pots_potter0_20": 0.5}
[pair_G] {"steps": 815104, "elapsed_s": 904.7, "coordination_ring_sparse20": 1.0, "coordination_ring_potter0_20": 0.2, "centre_pots_sparse20": 32.0, "centre_pots_potter0_20": 0.45}
[pair_G] {"steps": 817152, "elapsed_s": 906.6, "coordination_ring_sparse20": 0.0, "coordination_ring_potter0_20": 0.15, "centre_pots_sparse20": 33.0, "centre_pots_potter0_20": 0.4}
[pair_G] {"steps": 819200, "elapsed_s": 908.5, "coordination_ring_sparse20": 0.0, "coordination_ring_potter0_20": 0.15, "centre_pots_sparse20": 32.0, "centre_pots_potter0_20": 0.4}
[pair_G] {"steps": 821248, "elapsed_s": 910.4, "coordination_ring_sparse20": 0.0, "coordination_ring_potter0_20": 0.2, "centre_pots_sparse20": 28.0, "centre_pots_potter0_20": 0.35}
[pair_G] {"steps": 823296, "elapsed_s": 912.2, "coordination_ring_sparse20": 0.0, "coordination_ring_potter0_20": 0.25, "centre_pots_sparse20": 28.0, "centre_pots_potter0_20": 0.4}
[pair_G] {"steps": 825344, "elapsed_s": 914.1, "coordination_ring_sparse20": 0.0, "coordination_ring_potter0_20": 0.25, "centre_pots_sparse20": 28.0, "centre_pots_potter0_20": 0.4}
[pair_G] {"steps": 827392, "elapsed_s": 916.2, "coordination_ring_sparse20": 0.0, "coordination_ring_potter0_20": 0.3, "centre_pots_sparse20": 32.0, "centre_pots_potter0_20": 0.5}
[pair_G] {"steps": 829440, "elapsed_s": 917.9, "coordination_ring_sparse20": 1.0, "coordination_ring_potter0_20": 0.25, "centre_pots_sparse20": 31.0, "centre_pots_potter0_20": 0.55}
[pair_G] {"steps": 831488, "elapsed_s": 919.6, "coordination_ring_sparse20": 1.0, "coordination_ring_potter0_20": 0.25, "centre_pots_sparse20": 32.0, "centre_pots_potter0_20": 0.55}
[pair_G] {"steps": 833536, "elapsed_s": 921.5, "coordination_ring_sparse20": 2.0, "coordination_ring_potter0_20": 0.25, "centre_pots_sparse20": 34.0, "centre_pots_potter0_20": 0.5}
[pair_G] {"steps": 835584, "elapsed_s": 923.3, "coordination_ring_sparse20": 6.0, "coordination_ring_potter0_20": 0.2, "centre_pots_sparse20": 35.0, "centre_pots_potter0_20": 0.5}
[pair_G] {"steps": 837632, "elapsed_s": 925.1, "coordination_ring_sparse20": 6.0, "coordination_ring_potter0_20": 0.25, "centre_pots_sparse20": 34.0, "centre_pots_potter0_20": 0.4}
[pair_G] {"steps": 839680, "elapsed_s": 927.0, "coordination_ring_sparse20": 7.0, "coordination_ring_potter0_20": 0.2, "centre_pots_sparse20": 38.0, "centre_pots_potter0_20": 0.35}
[pair_G] {"steps": 841728, "elapsed_s": 928.7, "coordination_ring_sparse20": 7.0, "coordination_ring_potter0_20": 0.2, "centre_pots_sparse20": 33.0, "centre_pots_potter0_20": 0.35}
[pair_G] {"steps": 843776, "elapsed_s": 930.2, "coordination_ring_sparse20": 8.0, "coordination_ring_potter0_20": 0.1, "centre_pots_sparse20": 33.0, "centre_pots_potter0_20": 0.35}
[pair_G] {"steps": 845824, "elapsed_s": 932.0, "coordination_ring_sparse20": 8.0, "coordination_ring_potter0_20": 0.1, "centre_pots_sparse20": 33.0, "centre_pots_potter0_20": 0.3}
[pair_G] {"steps": 847872, "elapsed_s": 933.8, "coordination_ring_sparse20": 7.0, "coordination_ring_potter0_20": 0.05, "centre_pots_sparse20": 31.0, "centre_pots_potter0_20": 0.3}
[pair_G] {"steps": 849920, "elapsed_s": 935.5, "coordination_ring_sparse20": 4.0, "coordination_ring_potter0_20": 0.05, "centre_pots_sparse20": 29.0, "centre_pots_potter0_20": 0.3}
[pair_G] {"steps": 851968, "elapsed_s": 937.3, "coordination_ring_sparse20": 5.0, "coordination_ring_potter0_20": 0.05, "centre_pots_sparse20": 27.0, "centre_pots_potter0_20": 0.35}
[pair_G] {"steps": 854016, "elapsed_s": 939.0, "coordination_ring_sparse20": 6.0, "coordination_ring_potter0_20": 0.05, "centre_pots_sparse20": 27.0, "centre_pots_potter0_20": 0.3}
[pair_G] {"steps": 856064, "elapsed_s": 940.8, "coordination_ring_sparse20": 6.0, "coordination_ring_potter0_20": 0.05, "centre_pots_sparse20": 24.0, "centre_pots_potter0_20": 0.35}
[pair_G] {"steps": 858112, "elapsed_s": 942.7, "coordination_ring_sparse20": 5.0, "coordination_ring_potter0_20": 0.05, "centre_pots_sparse20": 22.0, "centre_pots_potter0_20": 0.4}
[pair_G] {"steps": 860160, "elapsed_s": 944.6, "coordination_ring_sparse20": 5.0, "coordination_ring_potter0_20": 0.05, "centre_pots_sparse20": 23.0, "centre_pots_potter0_20": 0.45}
[pair_G] {"steps": 862208, "elapsed_s": 946.6, "coordination_ring_sparse20": 5.0, "coordination_ring_potter0_20": 0.05, "centre_pots_sparse20": 23.0, "centre_pots_potter0_20": 0.45}
[pair_G] {"steps": 864256, "elapsed_s": 948.2, "coordination_ring_sparse20": 6.0, "coordination_ring_potter0_20": 0.1, "centre_pots_sparse20": 23.0, "centre_pots_potter0_20": 0.45}
[pair_G] {"steps": 866304, "elapsed_s": 950.0, "coordination_ring_sparse20": 8.0, "coordination_ring_potter0_20": 0.1, "centre_pots_sparse20": 25.0, "centre_pots_potter0_20": 0.45}
[pair_G] {"steps": 868352, "elapsed_s": 951.9, "coordination_ring_sparse20": 7.0, "coordination_ring_potter0_20": 0.1, "centre_pots_sparse20": 26.0, "centre_pots_potter0_20": 0.45}
[pair_G] {"steps": 870400, "elapsed_s": 953.9, "coordination_ring_sparse20": 6.0, "coordination_ring_potter0_20": 0.05, "centre_pots_sparse20": 28.0, "centre_pots_potter0_20": 0.55}
[pair_G] {"steps": 872448, "elapsed_s": 955.7, "coordination_ring_sparse20": 5.0, "coordination_ring_potter0_20": 0.05, "centre_pots_sparse20": 29.0, "centre_pots_potter0_20": 0.6}
[pair_G] {"steps": 874496, "elapsed_s": 957.2, "coordination_ring_sparse20": 7.0, "coordination_ring_potter0_20": 0.05, "centre_pots_sparse20": 29.0, "centre_pots_potter0_20": 0.6}
[pair_G] {"steps": 876544, "elapsed_s": 958.8, "coordination_ring_sparse20": 9.0, "coordination_ring_potter0_20": 0.05, "centre_pots_sparse20": 29.0, "centre_pots_potter0_20": 0.6}
[pair_G] {"steps": 878592, "elapsed_s": 960.4, "coordination_ring_sparse20": 9.0, "coordination_ring_potter0_20": 0.0, "centre_pots_sparse20": 26.0, "centre_pots_potter0_20": 0.6}
[pair_G] {"steps": 880640, "elapsed_s": 962.4, "coordination_ring_sparse20": 9.0, "coordination_ring_potter0_20": 0.0, "centre_pots_sparse20": 25.0, "centre_pots_potter0_20": 0.65}
[pair_G] {"steps": 882688, "elapsed_s": 964.3, "coordination_ring_sparse20": 10.0, "coordination_ring_potter0_20": 0.0, "centre_pots_sparse20": 24.0, "centre_pots_potter0_20": 0.6}
[pair_G] {"steps": 884736, "elapsed_s": 966.4, "coordination_ring_sparse20": 12.0, "coordination_ring_potter0_20": 0.0, "centre_pots_sparse20": 25.0, "centre_pots_potter0_20": 0.6}
[pair_G] {"steps": 886784, "elapsed_s": 968.0, "coordination_ring_sparse20": 13.0, "coordination_ring_potter0_20": 0.05, "centre_pots_sparse20": 27.0, "centre_pots_potter0_20": 0.6}
[pair_G] {"steps": 888832, "elapsed_s": 969.6, "coordination_ring_sparse20": 16.0, "coordination_ring_potter0_20": 0.1, "centre_pots_sparse20": 27.0, "centre_pots_potter0_20": 0.6}
[pair_G] {"steps": 890880, "elapsed_s": 971.2, "coordination_ring_sparse20": 15.0, "coordination_ring_potter0_20": 0.1, "centre_pots_sparse20": 26.0, "centre_pots_potter0_20": 0.55}
[pair_G] {"steps": 892928, "elapsed_s": 973.0, "coordination_ring_sparse20": 14.0, "coordination_ring_potter0_20": 0.1, "centre_pots_sparse20": 22.0, "centre_pots_potter0_20": 0.45}
[pair_G] {"steps": 894976, "elapsed_s": 974.9, "coordination_ring_sparse20": 15.0, "coordination_ring_potter0_20": 0.1, "centre_pots_sparse20": 22.0, "centre_pots_potter0_20": 0.45}
[pair_G] {"steps": 897024, "elapsed_s": 976.8, "coordination_ring_sparse20": 15.0, "coordination_ring_potter0_20": 0.1, "centre_pots_sparse20": 26.0, "centre_pots_potter0_20": 0.4}
[pair_G] {"steps": 899072, "elapsed_s": 978.7, "coordination_ring_sparse20": 14.0, "coordination_ring_potter0_20": 0.1, "centre_pots_sparse20": 29.0, "centre_pots_potter0_20": 0.4}
[pair_G] {"steps": 901120, "elapsed_s": 980.5, "coordination_ring_sparse20": 13.0, "coordination_ring_potter0_20": 0.1, "centre_pots_sparse20": 29.0, "centre_pots_potter0_20": 0.35}
[pair_G] {"steps": 903168, "elapsed_s": 982.0, "coordination_ring_sparse20": 15.0, "coordination_ring_potter0_20": 0.1, "centre_pots_sparse20": 29.0, "centre_pots_potter0_20": 0.35}
[pair_G] {"steps": 905216, "elapsed_s": 983.9, "coordination_ring_sparse20": 11.0, "coordination_ring_potter0_20": 0.2, "centre_pots_sparse20": 26.0, "centre_pots_potter0_20": 0.5}
[pair_G] {"steps": 907264, "elapsed_s": 985.8, "coordination_ring_sparse20": 9.0, "coordination_ring_potter0_20": 0.25, "centre_pots_sparse20": 25.0, "centre_pots_potter0_20": 0.55}
[pair_G] {"steps": 909312, "elapsed_s": 987.5, "coordination_ring_sparse20": 8.0, "coordination_ring_potter0_20": 0.3, "centre_pots_sparse20": 26.0, "centre_pots_potter0_20": 0.5}
[pair_G] {"steps": 911360, "elapsed_s": 989.3, "coordination_ring_sparse20": 6.0, "coordination_ring_potter0_20": 0.3, "centre_pots_sparse20": 22.0, "centre_pots_potter0_20": 0.4}
[pair_G] {"steps": 913408, "elapsed_s": 991.2, "coordination_ring_sparse20": 6.0, "coordination_ring_potter0_20": 0.3, "centre_pots_sparse20": 16.0, "centre_pots_potter0_20": 0.4}
[pair_G] {"steps": 915456, "elapsed_s": 993.0, "coordination_ring_sparse20": 6.0, "coordination_ring_potter0_20": 0.3, "centre_pots_sparse20": 15.0, "centre_pots_potter0_20": 0.4}
[pair_G] {"steps": 917504, "elapsed_s": 994.9, "coordination_ring_sparse20": 3.0, "coordination_ring_potter0_20": 0.3, "centre_pots_sparse20": 17.0, "centre_pots_potter0_20": 0.35}
[pair_G] {"steps": 919552, "elapsed_s": 996.7, "coordination_ring_sparse20": 3.0, "coordination_ring_potter0_20": 0.25, "centre_pots_sparse20": 20.0, "centre_pots_potter0_20": 0.25}
[pair_G] {"steps": 921600, "elapsed_s": 999.0, "coordination_ring_sparse20": 2.0, "coordination_ring_potter0_20": 0.25, "centre_pots_sparse20": 26.0, "centre_pots_potter0_20": 0.2}
[pair_G] {"steps": 923648, "elapsed_s": 1001.0, "coordination_ring_sparse20": 2.0, "coordination_ring_potter0_20": 0.25, "centre_pots_sparse20": 35.0, "centre_pots_potter0_20": 0.25}
[pair_G] {"steps": 925696, "elapsed_s": 1003.1, "coordination_ring_sparse20": 2.0, "coordination_ring_potter0_20": 0.15, "centre_pots_sparse20": 36.0, "centre_pots_potter0_20": 0.2}
[pair_G] {"steps": 927744, "elapsed_s": 1005.0, "coordination_ring_sparse20": 3.0, "coordination_ring_potter0_20": 0.15, "centre_pots_sparse20": 35.0, "centre_pots_potter0_20": 0.3}
[pair_G] {"steps": 929792, "elapsed_s": 1006.6, "coordination_ring_sparse20": 3.0, "coordination_ring_potter0_20": 0.1, "centre_pots_sparse20": 35.0, "centre_pots_potter0_20": 0.3}
[pair_G] {"steps": 931840, "elapsed_s": 1008.1, "coordination_ring_sparse20": 5.0, "coordination_ring_potter0_20": 0.05, "centre_pots_sparse20": 32.0, "centre_pots_potter0_20": 0.3}
[pair_G] {"steps": 933888, "elapsed_s": 1009.9, "coordination_ring_sparse20": 5.0, "coordination_ring_potter0_20": 0.05, "centre_pots_sparse20": 31.0, "centre_pots_potter0_20": 0.25}
[pair_G] {"steps": 935936, "elapsed_s": 1011.8, "coordination_ring_sparse20": 8.0, "coordination_ring_potter0_20": 0.05, "centre_pots_sparse20": 32.0, "centre_pots_potter0_20": 0.25}
[pair_G] {"steps": 937984, "elapsed_s": 1013.4, "coordination_ring_sparse20": 9.0, "coordination_ring_potter0_20": 0.1, "centre_pots_sparse20": 33.0, "centre_pots_potter0_20": 0.3}
[pair_G] {"steps": 940032, "elapsed_s": 1015.3, "coordination_ring_sparse20": 10.0, "coordination_ring_potter0_20": 0.1, "centre_pots_sparse20": 33.0, "centre_pots_potter0_20": 0.4}
[pair_G] {"steps": 942080, "elapsed_s": 1016.9, "coordination_ring_sparse20": 11.0, "coordination_ring_potter0_20": 0.1, "centre_pots_sparse20": 31.0, "centre_pots_potter0_20": 0.35}
[pair_G] {"steps": 944128, "elapsed_s": 1018.8, "coordination_ring_sparse20": 10.0, "coordination_ring_potter0_20": 0.1, "centre_pots_sparse20": 31.0, "centre_pots_potter0_20": 0.35}
[pair_G] {"steps": 946176, "elapsed_s": 1020.7, "coordination_ring_sparse20": 11.0, "coordination_ring_potter0_20": 0.15, "centre_pots_sparse20": 33.0, "centre_pots_potter0_20": 0.45}
[pair_G] {"steps": 948224, "elapsed_s": 1022.4, "coordination_ring_sparse20": 11.0, "coordination_ring_potter0_20": 0.1, "centre_pots_sparse20": 32.0, "centre_pots_potter0_20": 0.45}
[pair_G] {"steps": 950272, "elapsed_s": 1024.3, "coordination_ring_sparse20": 8.0, "coordination_ring_potter0_20": 0.1, "centre_pots_sparse20": 33.0, "centre_pots_potter0_20": 0.55}
[pair_G] {"steps": 952320, "elapsed_s": 1025.9, "coordination_ring_sparse20": 8.0, "coordination_ring_potter0_20": 0.05, "centre_pots_sparse20": 32.0, "centre_pots_potter0_20": 0.55}
[pair_G] {"steps": 954368, "elapsed_s": 1027.7, "coordination_ring_sparse20": 6.0, "coordination_ring_potter0_20": 0.05, "centre_pots_sparse20": 30.0, "centre_pots_potter0_20": 0.5}
[pair_G] {"steps": 956416, "elapsed_s": 1029.8, "coordination_ring_sparse20": 5.0, "coordination_ring_potter0_20": 0.1, "centre_pots_sparse20": 33.0, "centre_pots_potter0_20": 0.4}
[pair_G] {"steps": 958464, "elapsed_s": 1031.6, "coordination_ring_sparse20": 4.0, "coordination_ring_potter0_20": 0.1, "centre_pots_sparse20": 32.0, "centre_pots_potter0_20": 0.45}
[pair_G] {"steps": 960512, "elapsed_s": 1033.4, "coordination_ring_sparse20": 4.0, "coordination_ring_potter0_20": 0.1, "centre_pots_sparse20": 29.0, "centre_pots_potter0_20": 0.55}
[pair_G] {"steps": 962560, "elapsed_s": 1035.2, "coordination_ring_sparse20": 5.0, "coordination_ring_potter0_20": 0.1, "centre_pots_sparse20": 25.0, "centre_pots_potter0_20": 0.5}
[pair_G] {"steps": 964608, "elapsed_s": 1037.0, "coordination_ring_sparse20": 4.0, "coordination_ring_potter0_20": 0.1, "centre_pots_sparse20": 23.0, "centre_pots_potter0_20": 0.4}
[pair_G] {"steps": 966656, "elapsed_s": 1038.8, "coordination_ring_sparse20": 4.0, "coordination_ring_potter0_20": 0.1, "centre_pots_sparse20": 28.0, "centre_pots_potter0_20": 0.45}
[pair_G] {"steps": 968704, "elapsed_s": 1040.5, "coordination_ring_sparse20": 3.0, "coordination_ring_potter0_20": 0.1, "centre_pots_sparse20": 29.0, "centre_pots_potter0_20": 0.45}
[pair_G] {"steps": 970752, "elapsed_s": 1042.4, "coordination_ring_sparse20": 3.0, "coordination_ring_potter0_20": 0.1, "centre_pots_sparse20": 26.0, "centre_pots_potter0_20": 0.6}
[pair_G] {"steps": 972800, "elapsed_s": 1044.5, "coordination_ring_sparse20": 4.0, "coordination_ring_potter0_20": 0.1, "centre_pots_sparse20": 25.0, "centre_pots_potter0_20": 0.45}
[pair_G] {"steps": 974848, "elapsed_s": 1046.2, "coordination_ring_sparse20": 5.0, "coordination_ring_potter0_20": 0.05, "centre_pots_sparse20": 24.0, "centre_pots_potter0_20": 0.4}
[pair_G] {"steps": 976896, "elapsed_s": 1047.9, "coordination_ring_sparse20": 4.0, "coordination_ring_potter0_20": 0.05, "centre_pots_sparse20": 26.0, "centre_pots_potter0_20": 0.35}
[pair_G] {"steps": 978944, "elapsed_s": 1049.7, "coordination_ring_sparse20": 3.0, "coordination_ring_potter0_20": 0.0, "centre_pots_sparse20": 29.0, "centre_pots_potter0_20": 0.25}
[pair_G] {"steps": 980992, "elapsed_s": 1051.5, "coordination_ring_sparse20": 3.0, "coordination_ring_potter0_20": 0.0, "centre_pots_sparse20": 27.0, "centre_pots_potter0_20": 0.25}
[pair_G] {"steps": 983040, "elapsed_s": 1053.5, "coordination_ring_sparse20": 3.0, "coordination_ring_potter0_20": 0.05, "centre_pots_sparse20": 27.0, "centre_pots_potter0_20": 0.3}
[pair_G] {"steps": 985088, "elapsed_s": 1055.3, "coordination_ring_sparse20": 3.0, "coordination_ring_potter0_20": 0.05, "centre_pots_sparse20": 30.0, "centre_pots_potter0_20": 0.2}
[pair_G] {"steps": 987136, "elapsed_s": 1057.3, "coordination_ring_sparse20": 4.0, "coordination_ring_potter0_20": 0.05, "centre_pots_sparse20": 34.0, "centre_pots_potter0_20": 0.25}
[pair_G] {"steps": 989184, "elapsed_s": 1058.9, "coordination_ring_sparse20": 4.0, "coordination_ring_potter0_20": 0.05, "centre_pots_sparse20": 34.0, "centre_pots_potter0_20": 0.35}
[pair_G] {"steps": 991232, "elapsed_s": 1060.8, "coordination_ring_sparse20": 4.0, "coordination_ring_potter0_20": 0.15, "centre_pots_sparse20": 32.0, "centre_pots_potter0_20": 0.45}
[pair_G] {"steps": 993280, "elapsed_s": 1062.6, "coordination_ring_sparse20": 4.0, "coordination_ring_potter0_20": 0.2, "centre_pots_sparse20": 31.0, "centre_pots_potter0_20": 0.5}
[pair_G] {"steps": 995328, "elapsed_s": 1064.2, "coordination_ring_sparse20": 3.0, "coordination_ring_potter0_20": 0.2, "centre_pots_sparse20": 31.0, "centre_pots_potter0_20": 0.55}
[pair_G] {"steps": 997376, "elapsed_s": 1066.1, "coordination_ring_sparse20": 3.0, "coordination_ring_potter0_20": 0.2, "centre_pots_sparse20": 30.0, "centre_pots_potter0_20": 0.4}
[pair_G] {"steps": 999424, "elapsed_s": 1067.8, "coordination_ring_sparse20": 4.0, "coordination_ring_potter0_20": 0.2, "centre_pots_sparse20": 29.0, "centre_pots_potter0_20": 0.45}
[pair_G] {"steps": 1001472, "elapsed_s": 1069.6, "coordination_ring_sparse20": 5.0, "coordination_ring_potter0_20": 0.15, "centre_pots_sparse20": 27.0, "centre_pots_potter0_20": 0.45}
[pair_G] {"steps": 1003520, "elapsed_s": 1071.3, "coordination_ring_sparse20": 5.0, "coordination_ring_potter0_20": 0.15, "centre_pots_sparse20": 24.0, "centre_pots_potter0_20": 0.5}
[pair_G] {"steps": 1005568, "elapsed_s": 1073.1, "coordination_ring_sparse20": 6.0, "coordination_ring_potter0_20": 0.15, "centre_pots_sparse20": 24.0, "centre_pots_potter0_20": 0.5}
[pair_G] {"steps": 1007616, "elapsed_s": 1074.7, "coordination_ring_sparse20": 6.0, "coordination_ring_potter0_20": 0.05, "centre_pots_sparse20": 24.0, "centre_pots_potter0_20": 0.5}
[pair_G] {"steps": 1009664, "elapsed_s": 1076.2, "coordination_ring_sparse20": 7.0, "coordination_ring_potter0_20": 0.15, "centre_pots_sparse20": 24.0, "centre_pots_potter0_20": 0.5}
[pair_G] {"steps": 1011712, "elapsed_s": 1077.8, "coordination_ring_sparse20": 8.0, "coordination_ring_potter0_20": 0.15, "centre_pots_sparse20": 27.0, "centre_pots_potter0_20": 0.4}
[pair_G] {"steps": 1013760, "elapsed_s": 1079.7, "coordination_ring_sparse20": 9.0, "coordination_ring_potter0_20": 0.15, "centre_pots_sparse20": 26.0, "centre_pots_potter0_20": 0.3}
[pair_G] {"steps": 1015808, "elapsed_s": 1081.5, "coordination_ring_sparse20": 9.0, "coordination_ring_potter0_20": 0.15, "centre_pots_sparse20": 19.0, "centre_pots_potter0_20": 0.35}
[pair_G] {"steps": 1017856, "elapsed_s": 1083.2, "coordination_ring_sparse20": 10.0, "coordination_ring_potter0_20": 0.15, "centre_pots_sparse20": 20.0, "centre_pots_potter0_20": 0.4}
[pair_G] {"steps": 1019904, "elapsed_s": 1084.9, "coordination_ring_sparse20": 11.0, "coordination_ring_potter0_20": 0.15, "centre_pots_sparse20": 18.0, "centre_pots_potter0_20": 0.5}
[pair_G] {"steps": 1021952, "elapsed_s": 1086.7, "coordination_ring_sparse20": 12.0, "coordination_ring_potter0_20": 0.1, "centre_pots_sparse20": 17.0, "centre_pots_potter0_20": 0.45}
[pair_G] {"steps": 1024000, "elapsed_s": 1088.8, "coordination_ring_sparse20": 12.0, "coordination_ring_potter0_20": 0.1, "centre_pots_sparse20": 21.0, "centre_pots_potter0_20": 0.35}
[pair_G] {"steps": 1026048, "elapsed_s": 1090.9, "coordination_ring_sparse20": 12.0, "coordination_ring_potter0_20": 0.1, "centre_pots_sparse20": 18.0, "centre_pots_potter0_20": 0.45}
[pair_G] {"steps": 1028096, "elapsed_s": 1092.8, "coordination_ring_sparse20": 14.0, "coordination_ring_potter0_20": 0.1, "centre_pots_sparse20": 20.0, "centre_pots_potter0_20": 0.5}
[pair_G] {"steps": 1030144, "elapsed_s": 1094.5, "coordination_ring_sparse20": 13.0, "coordination_ring_potter0_20": 0.05, "centre_pots_sparse20": 22.0, "centre_pots_potter0_20": 0.35}
[pair_G] {"steps": 1032192, "elapsed_s": 1095.9, "coordination_ring_sparse20": 10.0, "coordination_ring_potter0_20": 0.05, "centre_pots_sparse20": 22.0, "centre_pots_potter0_20": 0.35}
[pair_G] {"steps": 1034240, "elapsed_s": 1097.8, "coordination_ring_sparse20": 11.0, "coordination_ring_potter0_20": 0.05, "centre_pots_sparse20": 21.0, "centre_pots_potter0_20": 0.4}
[pair_G] {"steps": 1036288, "elapsed_s": 1099.7, "coordination_ring_sparse20": 10.0, "coordination_ring_potter0_20": 0.05, "centre_pots_sparse20": 28.0, "centre_pots_potter0_20": 0.4}
[pair_G] {"steps": 1038336, "elapsed_s": 1101.5, "coordination_ring_sparse20": 10.0, "coordination_ring_potter0_20": 0.1, "centre_pots_sparse20": 25.0, "centre_pots_potter0_20": 0.45}
[pair_G] {"steps": 1040384, "elapsed_s": 1103.4, "coordination_ring_sparse20": 9.0, "coordination_ring_potter0_20": 0.1, "centre_pots_sparse20": 26.0, "centre_pots_potter0_20": 0.4}
[pair_G] {"steps": 1042432, "elapsed_s": 1105.1, "coordination_ring_sparse20": 9.0, "coordination_ring_potter0_20": 0.15, "centre_pots_sparse20": 28.0, "centre_pots_potter0_20": 0.4}
[pair_G] {"steps": 1044480, "elapsed_s": 1106.7, "coordination_ring_sparse20": 10.0, "coordination_ring_potter0_20": 0.25, "centre_pots_sparse20": 28.0, "centre_pots_potter0_20": 0.35}
[pair_G] {"steps": 1046528, "elapsed_s": 1108.3, "coordination_ring_sparse20": 11.0, "coordination_ring_potter0_20": 0.3, "centre_pots_sparse20": 29.0, "centre_pots_potter0_20": 0.35}
[pair_G] {"steps": 1048576, "elapsed_s": 1109.8, "coordination_ring_sparse20": 8.0, "coordination_ring_potter0_20": 0.25, "centre_pots_sparse20": 29.0, "centre_pots_potter0_20": 0.35}
[pair_G] {"steps": 1050624, "elapsed_s": 1111.8, "coordination_ring_sparse20": 8.0, "coordination_ring_potter0_20": 0.2, "centre_pots_sparse20": 29.0, "centre_pots_potter0_20": 0.35}
[pair_G] {"steps": 1052672, "elapsed_s": 1113.5, "coordination_ring_sparse20": 8.0, "coordination_ring_potter0_20": 0.25, "centre_pots_sparse20": 29.0, "centre_pots_potter0_20": 0.4}
[pair_G] {"steps": 1054720, "elapsed_s": 1115.2, "coordination_ring_sparse20": 7.0, "coordination_ring_potter0_20": 0.2, "centre_pots_sparse20": 25.0, "centre_pots_potter0_20": 0.4}
[pair_G] {"steps": 1056768, "elapsed_s": 1116.9, "coordination_ring_sparse20": 7.0, "coordination_ring_potter0_20": 0.15, "centre_pots_sparse20": 23.0, "centre_pots_potter0_20": 0.5}
[pair_G] {"steps": 1058816, "elapsed_s": 1118.8, "coordination_ring_sparse20": 7.0, "coordination_ring_potter0_20": 0.15, "centre_pots_sparse20": 22.0, "centre_pots_potter0_20": 0.45}
[pair_G] {"steps": 1060864, "elapsed_s": 1120.5, "coordination_ring_sparse20": 8.0, "coordination_ring_potter0_20": 0.1, "centre_pots_sparse20": 23.0, "centre_pots_potter0_20": 0.5}
[pair_G] {"steps": 1062912, "elapsed_s": 1122.7, "coordination_ring_sparse20": 8.0, "coordination_ring_potter0_20": 0.1, "centre_pots_sparse20": 23.0, "centre_pots_potter0_20": 0.55}
[pair_G] {"steps": 1064960, "elapsed_s": 1124.3, "coordination_ring_sparse20": 5.0, "coordination_ring_potter0_20": 0.2, "centre_pots_sparse20": 24.0, "centre_pots_potter0_20": 0.6}
[pair_G] {"steps": 1067008, "elapsed_s": 1126.4, "coordination_ring_sparse20": 5.0, "coordination_ring_potter0_20": 0.2, "centre_pots_sparse20": 32.0, "centre_pots_potter0_20": 0.6}
[pair_G] {"steps": 1069056, "elapsed_s": 1128.2, "coordination_ring_sparse20": 5.0, "coordination_ring_potter0_20": 0.2, "centre_pots_sparse20": 32.0, "centre_pots_potter0_20": 0.55}
[pair_G] {"steps": 1071104, "elapsed_s": 1129.9, "coordination_ring_sparse20": 6.0, "coordination_ring_potter0_20": 0.15, "centre_pots_sparse20": 34.0, "centre_pots_potter0_20": 0.6}
[pair_G] {"steps": 1073152, "elapsed_s": 1131.6, "coordination_ring_sparse20": 7.0, "coordination_ring_potter0_20": 0.25, "centre_pots_sparse20": 32.0, "centre_pots_potter0_20": 0.55}
[pair_G] {"steps": 1075200, "elapsed_s": 1133.7, "coordination_ring_sparse20": 6.0, "coordination_ring_potter0_20": 0.25, "centre_pots_sparse20": 26.0, "centre_pots_potter0_20": 0.55}
[pair_G] {"steps": 1077248, "elapsed_s": 1135.2, "coordination_ring_sparse20": 5.0, "coordination_ring_potter0_20": 0.3, "centre_pots_sparse20": 26.0, "centre_pots_potter0_20": 0.55}
[pair_G] {"steps": 1079296, "elapsed_s": 1137.1, "coordination_ring_sparse20": 3.0, "coordination_ring_potter0_20": 0.35, "centre_pots_sparse20": 23.0, "centre_pots_potter0_20": 0.5}
[pair_G] {"steps": 1081344, "elapsed_s": 1138.8, "coordination_ring_sparse20": 3.0, "coordination_ring_potter0_20": 0.3, "centre_pots_sparse20": 20.0, "centre_pots_potter0_20": 0.45}
[pair_G] {"steps": 1083392, "elapsed_s": 1140.6, "coordination_ring_sparse20": 6.0, "coordination_ring_potter0_20": 0.25, "centre_pots_sparse20": 20.0, "centre_pots_potter0_20": 0.45}
[pair_G] {"steps": 1085440, "elapsed_s": 1142.2, "coordination_ring_sparse20": 8.0, "coordination_ring_potter0_20": 0.2, "centre_pots_sparse20": 20.0, "centre_pots_potter0_20": 0.4}
[pair_G] {"steps": 1087488, "elapsed_s": 1144.2, "coordination_ring_sparse20": 8.0, "coordination_ring_potter0_20": 0.2, "centre_pots_sparse20": 24.0, "centre_pots_potter0_20": 0.4}
[pair_G] {"steps": 1089536, "elapsed_s": 1146.1, "coordination_ring_sparse20": 8.0, "coordination_ring_potter0_20": 0.2, "centre_pots_sparse20": 28.0, "centre_pots_potter0_20": 0.4}
[pair_G] {"steps": 1091584, "elapsed_s": 1148.1, "coordination_ring_sparse20": 7.0, "coordination_ring_potter0_20": 0.2, "centre_pots_sparse20": 27.0, "centre_pots_potter0_20": 0.5}
[pair_G] {"steps": 1093632, "elapsed_s": 1150.0, "coordination_ring_sparse20": 8.0, "coordination_ring_potter0_20": 0.25, "centre_pots_sparse20": 28.0, "centre_pots_potter0_20": 0.55}
[pair_G] {"steps": 1095680, "elapsed_s": 1151.9, "coordination_ring_sparse20": 8.0, "coordination_ring_potter0_20": 0.2, "centre_pots_sparse20": 29.0, "centre_pots_potter0_20": 0.55}
[pair_G] {"steps": 1097728, "elapsed_s": 1153.5, "coordination_ring_sparse20": 10.0, "coordination_ring_potter0_20": 0.15, "centre_pots_sparse20": 30.0, "centre_pots_potter0_20": 0.55}
[pair_G] {"steps": 1099776, "elapsed_s": 1155.1, "coordination_ring_sparse20": 14.0, "coordination_ring_potter0_20": 0.1, "centre_pots_sparse20": 30.0, "centre_pots_potter0_20": 0.55}
[pair_G] {"steps": 1101824, "elapsed_s": 1157.1, "coordination_ring_sparse20": 15.0, "coordination_ring_potter0_20": 0.1, "centre_pots_sparse20": 27.0, "centre_pots_potter0_20": 0.55}
[pair_G] {"steps": 1103872, "elapsed_s": 1159.0, "coordination_ring_sparse20": 14.0, "coordination_ring_potter0_20": 0.1, "centre_pots_sparse20": 28.0, "centre_pots_potter0_20": 0.5}
[pair_G] {"steps": 1105920, "elapsed_s": 1160.8, "coordination_ring_sparse20": 13.0, "coordination_ring_potter0_20": 0.2, "centre_pots_sparse20": 28.0, "centre_pots_potter0_20": 0.55}
[pair_G] {"steps": 1107968, "elapsed_s": 1162.7, "coordination_ring_sparse20": 14.0, "coordination_ring_potter0_20": 0.25, "centre_pots_sparse20": 26.0, "centre_pots_potter0_20": 0.5}
[pair_G] {"steps": 1110016, "elapsed_s": 1164.4, "coordination_ring_sparse20": 13.0, "coordination_ring_potter0_20": 0.2, "centre_pots_sparse20": 26.0, "centre_pots_potter0_20": 0.5}
[pair_G] {"steps": 1112064, "elapsed_s": 1166.2, "coordination_ring_sparse20": 12.0, "coordination_ring_potter0_20": 0.2, "centre_pots_sparse20": 27.0, "centre_pots_potter0_20": 0.5}
[pair_G] {"steps": 1114112, "elapsed_s": 1167.8, "coordination_ring_sparse20": 13.0, "coordination_ring_potter0_20": 0.25, "centre_pots_sparse20": 26.0, "centre_pots_potter0_20": 0.55}
[pair_G] {"steps": 1116160, "elapsed_s": 1169.6, "coordination_ring_sparse20": 12.0, "coordination_ring_potter0_20": 0.25, "centre_pots_sparse20": 26.0, "centre_pots_potter0_20": 0.65}
[pair_G] {"steps": 1118208, "elapsed_s": 1171.7, "coordination_ring_sparse20": 10.0, "coordination_ring_potter0_20": 0.25, "centre_pots_sparse20": 27.0, "centre_pots_potter0_20": 0.65}
[pair_G] {"steps": 1120256, "elapsed_s": 1173.9, "coordination_ring_sparse20": 12.0, "coordination_ring_potter0_20": 0.2, "centre_pots_sparse20": 26.0, "centre_pots_potter0_20": 0.65}
[pair_G] {"steps": 1122304, "elapsed_s": 1175.9, "coordination_ring_sparse20": 11.0, "coordination_ring_potter0_20": 0.15, "centre_pots_sparse20": 27.0, "centre_pots_potter0_20": 0.6}
[pair_G] {"steps": 1124352, "elapsed_s": 1177.8, "coordination_ring_sparse20": 12.0, "coordination_ring_potter0_20": 0.1, "centre_pots_sparse20": 27.0, "centre_pots_potter0_20": 0.65}
[pair_G] {"steps": 1126400, "elapsed_s": 1179.6, "coordination_ring_sparse20": 13.0, "coordination_ring_potter0_20": 0.1, "centre_pots_sparse20": 25.0, "centre_pots_potter0_20": 0.55}
[pair_G] {"steps": 1128448, "elapsed_s": 1181.4, "coordination_ring_sparse20": 11.0, "coordination_ring_potter0_20": 0.1, "centre_pots_sparse20": 23.0, "centre_pots_potter0_20": 0.55}
[pair_G] {"steps": 1130496, "elapsed_s": 1183.0, "coordination_ring_sparse20": 8.0, "coordination_ring_potter0_20": 0.1, "centre_pots_sparse20": 22.0, "centre_pots_potter0_20": 0.5}
[pair_G] {"steps": 1132544, "elapsed_s": 1184.9, "coordination_ring_sparse20": 7.0, "coordination_ring_potter0_20": 0.2, "centre_pots_sparse20": 24.0, "centre_pots_potter0_20": 0.55}
[pair_G] {"steps": 1134592, "elapsed_s": 1186.8, "coordination_ring_sparse20": 7.0, "coordination_ring_potter0_20": 0.2, "centre_pots_sparse20": 23.0, "centre_pots_potter0_20": 0.65}
[pair_G] {"steps": 1136640, "elapsed_s": 1188.5, "coordination_ring_sparse20": 5.0, "coordination_ring_potter0_20": 0.25, "centre_pots_sparse20": 24.0, "centre_pots_potter0_20": 0.7}
[pair_G] {"steps": 1138688, "elapsed_s": 1190.5, "coordination_ring_sparse20": 5.0, "coordination_ring_potter0_20": 0.25, "centre_pots_sparse20": 28.0, "centre_pots_potter0_20": 0.7}
[pair_G] {"steps": 1140736, "elapsed_s": 1192.4, "coordination_ring_sparse20": 6.0, "coordination_ring_potter0_20": 0.25, "centre_pots_sparse20": 32.0, "centre_pots_potter0_20": 0.75}
[pair_G] {"steps": 1142784, "elapsed_s": 1194.0, "coordination_ring_sparse20": 7.0, "coordination_ring_potter0_20": 0.35, "centre_pots_sparse20": 33.0, "centre_pots_potter0_20": 0.8}
[pair_G] {"steps": 1144832, "elapsed_s": 1195.7, "coordination_ring_sparse20": 7.0, "coordination_ring_potter0_20": 0.4, "centre_pots_sparse20": 33.0, "centre_pots_potter0_20": 0.7}
[pair_G] {"steps": 1146880, "elapsed_s": 1197.4, "coordination_ring_sparse20": 7.0, "coordination_ring_potter0_20": 0.45, "centre_pots_sparse20": 33.0, "centre_pots_potter0_20": 0.6}
[pair_G] {"steps": 1148928, "elapsed_s": 1199.0, "coordination_ring_sparse20": 8.0, "coordination_ring_potter0_20": 0.35, "centre_pots_sparse20": 34.0, "centre_pots_potter0_20": 0.6}
[pair_G] {"steps": 1150976, "elapsed_s": 1200.7, "coordination_ring_sparse20": 10.0, "coordination_ring_potter0_20": 0.35, "centre_pots_sparse20": 33.0, "centre_pots_potter0_20": 0.5}
[pair_G] {"steps": 1153024, "elapsed_s": 1202.4, "coordination_ring_sparse20": 9.0, "coordination_ring_potter0_20": 0.25, "centre_pots_sparse20": 31.0, "centre_pots_potter0_20": 0.5}
[pair_G] {"steps": 1155072, "elapsed_s": 1204.1, "coordination_ring_sparse20": 10.0, "coordination_ring_potter0_20": 0.25, "centre_pots_sparse20": 32.0, "centre_pots_potter0_20": 0.4}
[pair_G] {"steps": 1157120, "elapsed_s": 1206.0, "coordination_ring_sparse20": 10.0, "coordination_ring_potter0_20": 0.25, "centre_pots_sparse20": 30.0, "centre_pots_potter0_20": 0.45}
[pair_G] {"steps": 1159168, "elapsed_s": 1207.6, "coordination_ring_sparse20": 10.0, "coordination_ring_potter0_20": 0.2, "centre_pots_sparse20": 30.0, "centre_pots_potter0_20": 0.5}
[pair_G] {"steps": 1161216, "elapsed_s": 1209.6, "coordination_ring_sparse20": 9.0, "coordination_ring_potter0_20": 0.2, "centre_pots_sparse20": 31.0, "centre_pots_potter0_20": 0.55}
[pair_G] {"steps": 1163264, "elapsed_s": 1211.2, "coordination_ring_sparse20": 13.0, "coordination_ring_potter0_20": 0.2, "centre_pots_sparse20": 31.0, "centre_pots_potter0_20": 0.6}
[pair_G] {"steps": 1165312, "elapsed_s": 1212.9, "coordination_ring_sparse20": 12.0, "coordination_ring_potter0_20": 0.15, "centre_pots_sparse20": 34.0, "centre_pots_potter0_20": 0.7}
[pair_G] {"steps": 1167360, "elapsed_s": 1214.7, "coordination_ring_sparse20": 12.0, "coordination_ring_potter0_20": 0.15, "centre_pots_sparse20": 36.0, "centre_pots_potter0_20": 0.8}
[pair_G] {"steps": 1169408, "elapsed_s": 1216.4, "coordination_ring_sparse20": 10.0, "coordination_ring_potter0_20": 0.1, "centre_pots_sparse20": 37.0, "centre_pots_potter0_20": 0.75}
[pair_G] {"steps": 1171456, "elapsed_s": 1218.2, "coordination_ring_sparse20": 11.0, "coordination_ring_potter0_20": 0.1, "centre_pots_sparse20": 37.0, "centre_pots_potter0_20": 0.75}
[pair_G] {"steps": 1173504, "elapsed_s": 1219.8, "coordination_ring_sparse20": 8.0, "coordination_ring_potter0_20": 0.15, "centre_pots_sparse20": 38.0, "centre_pots_potter0_20": 0.7}
[pair_G] {"steps": 1175552, "elapsed_s": 1221.4, "coordination_ring_sparse20": 6.0, "coordination_ring_potter0_20": 0.15, "centre_pots_sparse20": 38.0, "centre_pots_potter0_20": 0.7}
[pair_G] {"steps": 1177600, "elapsed_s": 1223.0, "coordination_ring_sparse20": 6.0, "coordination_ring_potter0_20": 0.15, "centre_pots_sparse20": 41.0, "centre_pots_potter0_20": 0.65}
[pair_G] {"steps": 1179648, "elapsed_s": 1224.7, "coordination_ring_sparse20": 5.0, "coordination_ring_potter0_20": 0.15, "centre_pots_sparse20": 40.0, "centre_pots_potter0_20": 0.55}
[pair_G] {"steps": 1181696, "elapsed_s": 1226.4, "coordination_ring_sparse20": 6.0, "coordination_ring_potter0_20": 0.1, "centre_pots_sparse20": 40.0, "centre_pots_potter0_20": 0.55}
[pair_G] {"steps": 1183744, "elapsed_s": 1228.0, "coordination_ring_sparse20": 5.0, "coordination_ring_potter0_20": 0.15, "centre_pots_sparse20": 43.0, "centre_pots_potter0_20": 0.55}
[pair_G] {"steps": 1185792, "elapsed_s": 1230.0, "coordination_ring_sparse20": 6.0, "coordination_ring_potter0_20": 0.15, "centre_pots_sparse20": 41.0, "centre_pots_potter0_20": 0.45}
[pair_G] {"steps": 1187840, "elapsed_s": 1232.2, "coordination_ring_sparse20": 6.0, "coordination_ring_potter0_20": 0.1, "centre_pots_sparse20": 39.0, "centre_pots_potter0_20": 0.4}
[pair_G] {"steps": 1189888, "elapsed_s": 1233.8, "coordination_ring_sparse20": 10.0, "coordination_ring_potter0_20": 0.15, "centre_pots_sparse20": 39.0, "centre_pots_potter0_20": 0.4}
[pair_G] {"steps": 1191936, "elapsed_s": 1235.6, "coordination_ring_sparse20": 11.0, "coordination_ring_potter0_20": 0.1, "centre_pots_sparse20": 40.0, "centre_pots_potter0_20": 0.45}
[pair_G] {"steps": 1193984, "elapsed_s": 1237.0, "coordination_ring_sparse20": 11.0, "coordination_ring_potter0_20": 0.15, "centre_pots_sparse20": 42.0, "centre_pots_potter0_20": 0.45}
[pair_G] {"steps": 1196032, "elapsed_s": 1239.0, "coordination_ring_sparse20": 10.0, "coordination_ring_potter0_20": 0.15, "centre_pots_sparse20": 40.0, "centre_pots_potter0_20": 0.4}
[pair_G] {"steps": 1198080, "elapsed_s": 1240.4, "coordination_ring_sparse20": 10.0, "coordination_ring_potter0_20": 0.15, "centre_pots_sparse20": 41.0, "centre_pots_potter0_20": 0.4}
[pair_G] {"steps": 1200128, "elapsed_s": 1242.2, "coordination_ring_sparse20": 11.0, "coordination_ring_potter0_20": 0.2, "centre_pots_sparse20": 40.0, "centre_pots_potter0_20": 0.4}
[pair_G] {"steps": 1202176, "elapsed_s": 1244.0, "coordination_ring_sparse20": 10.0, "coordination_ring_potter0_20": 0.2, "centre_pots_sparse20": 39.0, "centre_pots_potter0_20": 0.4}
[pair_G] {"steps": 1204224, "elapsed_s": 1245.8, "coordination_ring_sparse20": 10.0, "coordination_ring_potter0_20": 0.15, "centre_pots_sparse20": 41.0, "centre_pots_potter0_20": 0.45}
[pair_G] {"steps": 1206272, "elapsed_s": 1247.6, "coordination_ring_sparse20": 8.0, "coordination_ring_potter0_20": 0.15, "centre_pots_sparse20": 46.0, "centre_pots_potter0_20": 0.4}
[pair_G] {"steps": 1208320, "elapsed_s": 1249.4, "coordination_ring_sparse20": 8.0, "coordination_ring_potter0_20": 0.15, "centre_pots_sparse20": 43.0, "centre_pots_potter0_20": 0.4}
[pair_G] {"steps": 1210368, "elapsed_s": 1251.1, "coordination_ring_sparse20": 9.0, "coordination_ring_potter0_20": 0.1, "centre_pots_sparse20": 43.0, "centre_pots_potter0_20": 0.5}
[pair_G] {"steps": 1212416, "elapsed_s": 1253.1, "coordination_ring_sparse20": 9.0, "coordination_ring_potter0_20": 0.1, "centre_pots_sparse20": 39.0, "centre_pots_potter0_20": 0.6}
[pair_G] {"steps": 1214464, "elapsed_s": 1254.6, "coordination_ring_sparse20": 9.0, "coordination_ring_potter0_20": 0.05, "centre_pots_sparse20": 39.0, "centre_pots_potter0_20": 0.65}
[pair_G] {"steps": 1216512, "elapsed_s": 1256.6, "coordination_ring_sparse20": 11.0, "coordination_ring_potter0_20": 0.05, "centre_pots_sparse20": 39.0, "centre_pots_potter0_20": 0.55}
[pair_G] {"steps": 1218560, "elapsed_s": 1258.2, "coordination_ring_sparse20": 10.0, "coordination_ring_potter0_20": 0.0, "centre_pots_sparse20": 36.0, "centre_pots_potter0_20": 0.55}
[pair_G] {"steps": 1220608, "elapsed_s": 1260.1, "coordination_ring_sparse20": 8.0, "coordination_ring_potter0_20": 0.05, "centre_pots_sparse20": 32.0, "centre_pots_potter0_20": 0.6}
[pair_G] {"steps": 1222656, "elapsed_s": 1261.8, "coordination_ring_sparse20": 8.0, "coordination_ring_potter0_20": 0.1, "centre_pots_sparse20": 36.0, "centre_pots_potter0_20": 0.65}
[pair_G] {"steps": 1224704, "elapsed_s": 1263.7, "coordination_ring_sparse20": 8.0, "coordination_ring_potter0_20": 0.1, "centre_pots_sparse20": 35.0, "centre_pots_potter0_20": 0.6}
[pair_G] {"steps": 1226752, "elapsed_s": 1265.4, "coordination_ring_sparse20": 7.0, "coordination_ring_potter0_20": 0.15, "centre_pots_sparse20": 37.0, "centre_pots_potter0_20": 0.55}
[pair_G] {"steps": 1228800, "elapsed_s": 1267.1, "coordination_ring_sparse20": 5.0, "coordination_ring_potter0_20": 0.3, "centre_pots_sparse20": 36.0, "centre_pots_potter0_20": 0.55}
[pair_G] {"steps": 1230848, "elapsed_s": 1268.8, "coordination_ring_sparse20": 5.0, "coordination_ring_potter0_20": 0.3, "centre_pots_sparse20": 34.0, "centre_pots_potter0_20": 0.5}
[pair_G] {"steps": 1232896, "elapsed_s": 1270.8, "coordination_ring_sparse20": 5.0, "coordination_ring_potter0_20": 0.3, "centre_pots_sparse20": 35.0, "centre_pots_potter0_20": 0.5}
[pair_G] {"steps": 1234944, "elapsed_s": 1272.6, "coordination_ring_sparse20": 4.0, "coordination_ring_potter0_20": 0.35, "centre_pots_sparse20": 35.0, "centre_pots_potter0_20": 0.5}
[pair_G] {"steps": 1236992, "elapsed_s": 1274.4, "coordination_ring_sparse20": 5.0, "coordination_ring_potter0_20": 0.35, "centre_pots_sparse20": 42.0, "centre_pots_potter0_20": 0.55}
[pair_G] {"steps": 1239040, "elapsed_s": 1276.1, "coordination_ring_sparse20": 7.0, "coordination_ring_potter0_20": 0.45, "centre_pots_sparse20": 40.0, "centre_pots_potter0_20": 0.6}
[pair_G] {"steps": 1241088, "elapsed_s": 1277.9, "coordination_ring_sparse20": 9.0, "coordination_ring_potter0_20": 0.4, "centre_pots_sparse20": 42.0, "centre_pots_potter0_20": 0.55}
[pair_G] {"steps": 1243136, "elapsed_s": 1279.7, "coordination_ring_sparse20": 8.0, "coordination_ring_potter0_20": 0.35, "centre_pots_sparse20": 41.0, "centre_pots_potter0_20": 0.5}
[pair_G] {"steps": 1245184, "elapsed_s": 1281.1, "coordination_ring_sparse20": 8.0, "coordination_ring_potter0_20": 0.25, "centre_pots_sparse20": 41.0, "centre_pots_potter0_20": 0.5}
[pair_G] {"steps": 1247232, "elapsed_s": 1282.7, "coordination_ring_sparse20": 9.0, "coordination_ring_potter0_20": 0.2, "centre_pots_sparse20": 41.0, "centre_pots_potter0_20": 0.5}
[pair_G] {"steps": 1249280, "elapsed_s": 1284.4, "coordination_ring_sparse20": 8.0, "coordination_ring_potter0_20": 0.15, "centre_pots_sparse20": 43.0, "centre_pots_potter0_20": 0.5}
[pair_G] {"steps": 1251328, "elapsed_s": 1286.2, "coordination_ring_sparse20": 6.0, "coordination_ring_potter0_20": 0.15, "centre_pots_sparse20": 48.0, "centre_pots_potter0_20": 0.45}
[pair_G] {"steps": 1253376, "elapsed_s": 1288.0, "coordination_ring_sparse20": 5.0, "coordination_ring_potter0_20": 0.15, "centre_pots_sparse20": 47.0, "centre_pots_potter0_20": 0.5}
[pair_G] {"steps": 1255424, "elapsed_s": 1289.7, "coordination_ring_sparse20": 3.0, "coordination_ring_potter0_20": 0.15, "centre_pots_sparse20": 47.0, "centre_pots_potter0_20": 0.5}
[pair_G] {"steps": 1257472, "elapsed_s": 1291.5, "coordination_ring_sparse20": 3.0, "coordination_ring_potter0_20": 0.2, "centre_pots_sparse20": 44.0, "centre_pots_potter0_20": 0.5}
[pair_G] {"steps": 1259520, "elapsed_s": 1293.4, "coordination_ring_sparse20": 3.0, "coordination_ring_potter0_20": 0.15, "centre_pots_sparse20": 43.0, "centre_pots_potter0_20": 0.5}
[pair_G] {"steps": 1261568, "elapsed_s": 1295.1, "coordination_ring_sparse20": 5.0, "coordination_ring_potter0_20": 0.15, "centre_pots_sparse20": 44.0, "centre_pots_potter0_20": 0.55}
[pair_G] {"steps": 1263616, "elapsed_s": 1296.8, "coordination_ring_sparse20": 7.0, "coordination_ring_potter0_20": 0.05, "centre_pots_sparse20": 45.0, "centre_pots_potter0_20": 0.55}
[pair_G] {"steps": 1265664, "elapsed_s": 1298.6, "coordination_ring_sparse20": 8.0, "coordination_ring_potter0_20": 0.05, "centre_pots_sparse20": 45.0, "centre_pots_potter0_20": 0.65}
[pair_G] {"steps": 1267712, "elapsed_s": 1300.4, "coordination_ring_sparse20": 10.0, "coordination_ring_potter0_20": 0.05, "centre_pots_sparse20": 46.0, "centre_pots_potter0_20": 0.65}
[pair_G] {"steps": 1269760, "elapsed_s": 1302.1, "coordination_ring_sparse20": 9.0, "coordination_ring_potter0_20": 0.05, "centre_pots_sparse20": 44.0, "centre_pots_potter0_20": 0.7}
[pair_G] {"steps": 1271808, "elapsed_s": 1304.0, "coordination_ring_sparse20": 9.0, "coordination_ring_potter0_20": 0.0, "centre_pots_sparse20": 42.0, "centre_pots_potter0_20": 0.65}
[pair_G] {"steps": 1273856, "elapsed_s": 1305.8, "coordination_ring_sparse20": 9.0, "coordination_ring_potter0_20": 0.0, "centre_pots_sparse20": 39.0, "centre_pots_potter0_20": 0.65}
[pair_G] {"steps": 1275904, "elapsed_s": 1307.7, "coordination_ring_sparse20": 7.0, "coordination_ring_potter0_20": 0.05, "centre_pots_sparse20": 39.0, "centre_pots_potter0_20": 0.6}
[pair_G] {"steps": 1277952, "elapsed_s": 1309.4, "coordination_ring_sparse20": 7.0, "coordination_ring_potter0_20": 0.05, "centre_pots_sparse20": 41.0, "centre_pots_potter0_20": 0.45}
[pair_G] {"steps": 1280000, "elapsed_s": 1311.2, "coordination_ring_sparse20": 6.0, "coordination_ring_potter0_20": 0.05, "centre_pots_sparse20": 42.0, "centre_pots_potter0_20": 0.45}
[pair_G] {"steps": 1282048, "elapsed_s": 1312.7, "coordination_ring_sparse20": 4.0, "coordination_ring_potter0_20": 0.05, "centre_pots_sparse20": 41.0, "centre_pots_potter0_20": 0.5}
[pair_G] {"steps": 1284096, "elapsed_s": 1314.6, "coordination_ring_sparse20": 7.0, "coordination_ring_potter0_20": 0.1, "centre_pots_sparse20": 41.0, "centre_pots_potter0_20": 0.5}
[pair_G] {"steps": 1286144, "elapsed_s": 1316.1, "coordination_ring_sparse20": 8.0, "coordination_ring_potter0_20": 0.1, "centre_pots_sparse20": 39.0, "centre_pots_potter0_20": 0.5}
[pair_G] {"steps": 1288192, "elapsed_s": 1317.7, "coordination_ring_sparse20": 8.0, "coordination_ring_potter0_20": 0.1, "centre_pots_sparse20": 36.0, "centre_pots_potter0_20": 0.55}
[pair_G] {"steps": 1290240, "elapsed_s": 1319.5, "coordination_ring_sparse20": 8.0, "coordination_ring_potter0_20": 0.1, "centre_pots_sparse20": 37.0, "centre_pots_potter0_20": 0.45}
[pair_G] {"steps": 1292288, "elapsed_s": 1321.4, "coordination_ring_sparse20": 8.0, "coordination_ring_potter0_20": 0.1, "centre_pots_sparse20": 33.0, "centre_pots_potter0_20": 0.45}
[pair_G] {"steps": 1294336, "elapsed_s": 1323.0, "coordination_ring_sparse20": 8.0, "coordination_ring_potter0_20": 0.1, "centre_pots_sparse20": 36.0, "centre_pots_potter0_20": 0.4}
[pair_G] {"steps": 1296384, "elapsed_s": 1324.9, "coordination_ring_sparse20": 8.0, "coordination_ring_potter0_20": 0.1, "centre_pots_sparse20": 38.0, "centre_pots_potter0_20": 0.55}
[pair_G] {"steps": 1298432, "elapsed_s": 1326.8, "coordination_ring_sparse20": 7.0, "coordination_ring_potter0_20": 0.1, "centre_pots_sparse20": 34.0, "centre_pots_potter0_20": 0.65}
[pair_G] {"steps": 1300480, "elapsed_s": 1328.3, "coordination_ring_sparse20": 5.0, "coordination_ring_potter0_20": 0.1, "centre_pots_sparse20": 34.0, "centre_pots_potter0_20": 0.6}
[pair_G] {"steps": 1302528, "elapsed_s": 1330.0, "coordination_ring_sparse20": 5.0, "coordination_ring_potter0_20": 0.1, "centre_pots_sparse20": 34.0, "centre_pots_potter0_20": 0.6}
[pair_G] {"steps": 1304576, "elapsed_s": 1332.0, "coordination_ring_sparse20": 4.0, "coordination_ring_potter0_20": 0.1, "centre_pots_sparse20": 30.0, "centre_pots_potter0_20": 0.65}
[pair_G] {"steps": 1306624, "elapsed_s": 1333.9, "coordination_ring_sparse20": 4.0, "coordination_ring_potter0_20": 0.1, "centre_pots_sparse20": 35.0, "centre_pots_potter0_20": 0.6}
[pair_G] {"steps": 1308672, "elapsed_s": 1335.5, "coordination_ring_sparse20": 3.0, "coordination_ring_potter0_20": 0.15, "centre_pots_sparse20": 36.0, "centre_pots_potter0_20": 0.6}
[pair_G] {"steps": 1310720, "elapsed_s": 1337.2, "coordination_ring_sparse20": 2.0, "coordination_ring_potter0_20": 0.2, "centre_pots_sparse20": 37.0, "centre_pots_potter0_20": 0.55}
[pair_G] {"steps": 1312768, "elapsed_s": 1339.2, "coordination_ring_sparse20": 2.0, "coordination_ring_potter0_20": 0.2, "centre_pots_sparse20": 39.0, "centre_pots_potter0_20": 0.55}
[pair_G] {"steps": 1314816, "elapsed_s": 1340.8, "coordination_ring_sparse20": 2.0, "coordination_ring_potter0_20": 0.15, "centre_pots_sparse20": 38.0, "centre_pots_potter0_20": 0.55}
[pair_G] {"steps": 1316864, "elapsed_s": 1342.5, "coordination_ring_sparse20": 2.0, "coordination_ring_potter0_20": 0.25, "centre_pots_sparse20": 38.0, "centre_pots_potter0_20": 0.6}
[pair_G] {"steps": 1318912, "elapsed_s": 1344.3, "coordination_ring_sparse20": 3.0, "coordination_ring_potter0_20": 0.35, "centre_pots_sparse20": 42.0, "centre_pots_potter0_20": 0.55}
[pair_G] {"steps": 1320960, "elapsed_s": 1345.9, "coordination_ring_sparse20": 6.0, "coordination_ring_potter0_20": 0.3, "centre_pots_sparse20": 45.0, "centre_pots_potter0_20": 0.5}
[pair_G] {"steps": 1323008, "elapsed_s": 1347.7, "coordination_ring_sparse20": 6.0, "coordination_ring_potter0_20": 0.3, "centre_pots_sparse20": 48.0, "centre_pots_potter0_20": 0.6}
[pair_G] {"steps": 1325056, "elapsed_s": 1349.5, "coordination_ring_sparse20": 6.0, "coordination_ring_potter0_20": 0.25, "centre_pots_sparse20": 43.0, "centre_pots_potter0_20": 0.65}
[pair_G] {"steps": 1327104, "elapsed_s": 1351.3, "coordination_ring_sparse20": 7.0, "coordination_ring_potter0_20": 0.2, "centre_pots_sparse20": 41.0, "centre_pots_potter0_20": 0.6}
[pair_G] {"steps": 1329152, "elapsed_s": 1353.2, "coordination_ring_sparse20": 7.0, "coordination_ring_potter0_20": 0.2, "centre_pots_sparse20": 39.0, "centre_pots_potter0_20": 0.65}
[pair_G] {"steps": 1331200, "elapsed_s": 1354.9, "coordination_ring_sparse20": 8.0, "coordination_ring_potter0_20": 0.2, "centre_pots_sparse20": 40.0, "centre_pots_potter0_20": 0.55}
[pair_G] {"steps": 1333248, "elapsed_s": 1356.5, "coordination_ring_sparse20": 10.0, "coordination_ring_potter0_20": 0.1, "centre_pots_sparse20": 38.0, "centre_pots_potter0_20": 0.55}
[pair_G] {"steps": 1335296, "elapsed_s": 1358.5, "coordination_ring_sparse20": 10.0, "coordination_ring_potter0_20": 0.1, "centre_pots_sparse20": 33.0, "centre_pots_potter0_20": 0.6}
[pair_G] {"steps": 1337344, "elapsed_s": 1360.1, "coordination_ring_sparse20": 10.0, "coordination_ring_potter0_20": 0.05, "centre_pots_sparse20": 34.0, "centre_pots_potter0_20": 0.6}
[pair_G] {"steps": 1339392, "elapsed_s": 1361.8, "coordination_ring_sparse20": 10.0, "coordination_ring_potter0_20": 0.05, "centre_pots_sparse20": 38.0, "centre_pots_potter0_20": 0.6}
[pair_G] {"steps": 1341440, "elapsed_s": 1363.8, "coordination_ring_sparse20": 10.0, "coordination_ring_potter0_20": 0.15, "centre_pots_sparse20": 42.0, "centre_pots_potter0_20": 0.55}
[pair_G] {"steps": 1343488, "elapsed_s": 1365.4, "coordination_ring_sparse20": 9.0, "coordination_ring_potter0_20": 0.15, "centre_pots_sparse20": 45.0, "centre_pots_potter0_20": 0.65}
[pair_G] {"steps": 1345536, "elapsed_s": 1367.0, "coordination_ring_sparse20": 11.0, "coordination_ring_potter0_20": 0.2, "centre_pots_sparse20": 45.0, "centre_pots_potter0_20": 0.6}
[pair_G] {"steps": 1347584, "elapsed_s": 1368.6, "coordination_ring_sparse20": 8.0, "coordination_ring_potter0_20": 0.2, "centre_pots_sparse20": 45.0, "centre_pots_potter0_20": 0.6}
[pair_G] {"steps": 1349632, "elapsed_s": 1370.6, "coordination_ring_sparse20": 5.0, "coordination_ring_potter0_20": 0.25, "centre_pots_sparse20": 48.0, "centre_pots_potter0_20": 0.6}
[pair_G] {"steps": 1351680, "elapsed_s": 1372.4, "coordination_ring_sparse20": 5.0, "coordination_ring_potter0_20": 0.2, "centre_pots_sparse20": 45.0, "centre_pots_potter0_20": 0.6}
[pair_G] {"steps": 1353728, "elapsed_s": 1374.1, "coordination_ring_sparse20": 6.0, "coordination_ring_potter0_20": 0.2, "centre_pots_sparse20": 44.0, "centre_pots_potter0_20": 0.65}
[pair_G] {"steps": 1355776, "elapsed_s": 1375.6, "coordination_ring_sparse20": 9.0, "coordination_ring_potter0_20": 0.2, "centre_pots_sparse20": 44.0, "centre_pots_potter0_20": 0.65}
[pair_G] {"steps": 1357824, "elapsed_s": 1377.4, "coordination_ring_sparse20": 11.0, "coordination_ring_potter0_20": 0.15, "centre_pots_sparse20": 40.0, "centre_pots_potter0_20": 0.6}
[pair_G] {"steps": 1359872, "elapsed_s": 1379.3, "coordination_ring_sparse20": 9.0, "coordination_ring_potter0_20": 0.15, "centre_pots_sparse20": 36.0, "centre_pots_potter0_20": 0.55}
[pair_G] {"steps": 1361920, "elapsed_s": 1381.2, "coordination_ring_sparse20": 9.0, "coordination_ring_potter0_20": 0.15, "centre_pots_sparse20": 35.0, "centre_pots_potter0_20": 0.55}
[pair_G] {"steps": 1363968, "elapsed_s": 1383.0, "coordination_ring_sparse20": 11.0, "coordination_ring_potter0_20": 0.2, "centre_pots_sparse20": 33.0, "centre_pots_potter0_20": 0.5}
[pair_G] {"steps": 1366016, "elapsed_s": 1385.1, "coordination_ring_sparse20": 11.0, "coordination_ring_potter0_20": 0.2, "centre_pots_sparse20": 39.0, "centre_pots_potter0_20": 0.45}
[pair_G] {"steps": 1368064, "elapsed_s": 1386.8, "coordination_ring_sparse20": 13.0, "coordination_ring_potter0_20": 0.15, "centre_pots_sparse20": 43.0, "centre_pots_potter0_20": 0.45}
[pair_G] {"steps": 1370112, "elapsed_s": 1388.5, "coordination_ring_sparse20": 14.0, "coordination_ring_potter0_20": 0.15, "centre_pots_sparse20": 42.0, "centre_pots_potter0_20": 0.55}
[pair_G] {"steps": 1372160, "elapsed_s": 1390.2, "coordination_ring_sparse20": 14.0, "coordination_ring_potter0_20": 0.2, "centre_pots_sparse20": 44.0, "centre_pots_potter0_20": 0.65}
[pair_G] {"steps": 1374208, "elapsed_s": 1391.9, "coordination_ring_sparse20": 13.0, "coordination_ring_potter0_20": 0.2, "centre_pots_sparse20": 46.0, "centre_pots_potter0_20": 0.65}
[pair_G] {"steps": 1376256, "elapsed_s": 1393.9, "coordination_ring_sparse20": 12.0, "coordination_ring_potter0_20": 0.25, "centre_pots_sparse20": 46.0, "centre_pots_potter0_20": 0.6}
[pair_G] {"steps": 1378304, "elapsed_s": 1395.5, "coordination_ring_sparse20": 11.0, "coordination_ring_potter0_20": 0.35, "centre_pots_sparse20": 47.0, "centre_pots_potter0_20": 0.6}
[pair_G] {"steps": 1380352, "elapsed_s": 1397.1, "coordination_ring_sparse20": 12.0, "coordination_ring_potter0_20": 0.35, "centre_pots_sparse20": 44.0, "centre_pots_potter0_20": 0.6}
[pair_G] {"steps": 1382400, "elapsed_s": 1398.7, "coordination_ring_sparse20": 9.0, "coordination_ring_potter0_20": 0.3, "centre_pots_sparse20": 42.0, "centre_pots_potter0_20": 0.55}
[pair_G] {"steps": 1384448, "elapsed_s": 1400.5, "coordination_ring_sparse20": 11.0, "coordination_ring_potter0_20": 0.25, "centre_pots_sparse20": 43.0, "centre_pots_potter0_20": 0.55}
[pair_G] {"steps": 1386496, "elapsed_s": 1402.1, "coordination_ring_sparse20": 11.0, "coordination_ring_potter0_20": 0.25, "centre_pots_sparse20": 41.0, "centre_pots_potter0_20": 0.5}
[pair_G] {"steps": 1388544, "elapsed_s": 1404.0, "coordination_ring_sparse20": 12.0, "coordination_ring_potter0_20": 0.15, "centre_pots_sparse20": 39.0, "centre_pots_potter0_20": 0.45}
[pair_G] {"steps": 1390592, "elapsed_s": 1406.0, "coordination_ring_sparse20": 12.0, "coordination_ring_potter0_20": 0.15, "centre_pots_sparse20": 42.0, "centre_pots_potter0_20": 0.4}
[pair_G] {"steps": 1392640, "elapsed_s": 1407.9, "coordination_ring_sparse20": 11.0, "coordination_ring_potter0_20": 0.1, "centre_pots_sparse20": 41.0, "centre_pots_potter0_20": 0.45}
[pair_G] {"steps": 1394688, "elapsed_s": 1409.6, "coordination_ring_sparse20": 11.0, "coordination_ring_potter0_20": 0.1, "centre_pots_sparse20": 39.0, "centre_pots_potter0_20": 0.45}
[pair_G] {"steps": 1396736, "elapsed_s": 1411.4, "coordination_ring_sparse20": 12.0, "coordination_ring_potter0_20": 0.15, "centre_pots_sparse20": 44.0, "centre_pots_potter0_20": 0.5}
[pair_G] {"steps": 1398784, "elapsed_s": 1413.1, "coordination_ring_sparse20": 14.0, "coordination_ring_potter0_20": 0.2, "centre_pots_sparse20": 49.0, "centre_pots_potter0_20": 0.55}
[pair_G] {"steps": 1400832, "elapsed_s": 1414.9, "coordination_ring_sparse20": 14.0, "coordination_ring_potter0_20": 0.3, "centre_pots_sparse20": 52.0, "centre_pots_potter0_20": 0.6}
[pair_G] {"steps": 1402880, "elapsed_s": 1416.6, "coordination_ring_sparse20": 12.0, "coordination_ring_potter0_20": 0.35, "centre_pots_sparse20": 54.0, "centre_pots_potter0_20": 0.55}
[pair_G] {"steps": 1404928, "elapsed_s": 1418.3, "coordination_ring_sparse20": 15.0, "coordination_ring_potter0_20": 0.35, "centre_pots_sparse20": 52.0, "centre_pots_potter0_20": 0.55}
[pair_G] {"steps": 1406976, "elapsed_s": 1419.9, "coordination_ring_sparse20": 15.0, "coordination_ring_potter0_20": 0.35, "centre_pots_sparse20": 50.0, "centre_pots_potter0_20": 0.55}
[pair_G] {"steps": 1409024, "elapsed_s": 1421.4, "coordination_ring_sparse20": 14.0, "coordination_ring_potter0_20": 0.25, "centre_pots_sparse20": 50.0, "centre_pots_potter0_20": 0.55}
[pair_G] {"steps": 1411072, "elapsed_s": 1423.2, "coordination_ring_sparse20": 13.0, "coordination_ring_potter0_20": 0.2, "centre_pots_sparse20": 51.0, "centre_pots_potter0_20": 0.45}
[pair_G] {"steps": 1413120, "elapsed_s": 1425.1, "coordination_ring_sparse20": 14.0, "coordination_ring_potter0_20": 0.15, "centre_pots_sparse20": 51.0, "centre_pots_potter0_20": 0.5}
[pair_G] {"steps": 1415168, "elapsed_s": 1426.7, "coordination_ring_sparse20": 14.0, "coordination_ring_potter0_20": 0.15, "centre_pots_sparse20": 48.0, "centre_pots_potter0_20": 0.45}
[pair_G] {"steps": 1417216, "elapsed_s": 1428.7, "coordination_ring_sparse20": 15.0, "coordination_ring_potter0_20": 0.1, "centre_pots_sparse20": 42.0, "centre_pots_potter0_20": 0.5}
[pair_G] {"steps": 1419264, "elapsed_s": 1430.7, "coordination_ring_sparse20": 15.0, "coordination_ring_potter0_20": 0.05, "centre_pots_sparse20": 40.0, "centre_pots_potter0_20": 0.45}
[pair_G] {"steps": 1421312, "elapsed_s": 1432.3, "coordination_ring_sparse20": 13.0, "coordination_ring_potter0_20": 0.05, "centre_pots_sparse20": 40.0, "centre_pots_potter0_20": 0.45}
[pair_G] {"steps": 1423360, "elapsed_s": 1434.0, "coordination_ring_sparse20": 11.0, "coordination_ring_potter0_20": 0.05, "centre_pots_sparse20": 40.0, "centre_pots_potter0_20": 0.5}
[pair_G] {"steps": 1425408, "elapsed_s": 1435.7, "coordination_ring_sparse20": 11.0, "coordination_ring_potter0_20": 0.1, "centre_pots_sparse20": 39.0, "centre_pots_potter0_20": 0.5}
[pair_G] {"steps": 1427456, "elapsed_s": 1437.5, "coordination_ring_sparse20": 10.0, "coordination_ring_potter0_20": 0.1, "centre_pots_sparse20": 41.0, "centre_pots_potter0_20": 0.45}
[pair_G] {"steps": 1429504, "elapsed_s": 1439.4, "coordination_ring_sparse20": 11.0, "coordination_ring_potter0_20": 0.05, "centre_pots_sparse20": 43.0, "centre_pots_potter0_20": 0.45}
[pair_G] {"steps": 1431552, "elapsed_s": 1441.2, "coordination_ring_sparse20": 10.0, "coordination_ring_potter0_20": 0.05, "centre_pots_sparse20": 44.0, "centre_pots_potter0_20": 0.45}
[pair_G] {"steps": 1433600, "elapsed_s": 1443.1, "coordination_ring_sparse20": 9.0, "coordination_ring_potter0_20": 0.05, "centre_pots_sparse20": 46.0, "centre_pots_potter0_20": 0.45}
[pair_G] {"steps": 1435648, "elapsed_s": 1444.8, "coordination_ring_sparse20": 9.0, "coordination_ring_potter0_20": 0.1, "centre_pots_sparse20": 46.0, "centre_pots_potter0_20": 0.5}
[pair_G] {"steps": 1437696, "elapsed_s": 1446.4, "coordination_ring_sparse20": 10.0, "coordination_ring_potter0_20": 0.1, "centre_pots_sparse20": 47.0, "centre_pots_potter0_20": 0.45}
[pair_G] {"steps": 1439744, "elapsed_s": 1448.2, "coordination_ring_sparse20": 9.0, "coordination_ring_potter0_20": 0.1, "centre_pots_sparse20": 52.0, "centre_pots_potter0_20": 0.45}
[pair_G] {"steps": 1441792, "elapsed_s": 1450.3, "coordination_ring_sparse20": 10.0, "coordination_ring_potter0_20": 0.1, "centre_pots_sparse20": 46.0, "centre_pots_potter0_20": 0.45}
[pair_G] {"steps": 1443840, "elapsed_s": 1451.7, "coordination_ring_sparse20": 11.0, "coordination_ring_potter0_20": 0.1, "centre_pots_sparse20": 48.0, "centre_pots_potter0_20": 0.5}
[pair_G] {"steps": 1445888, "elapsed_s": 1453.8, "coordination_ring_sparse20": 12.0, "coordination_ring_potter0_20": 0.1, "centre_pots_sparse20": 48.0, "centre_pots_potter0_20": 0.5}
[pair_G] {"steps": 1447936, "elapsed_s": 1455.8, "coordination_ring_sparse20": 12.0, "coordination_ring_potter0_20": 0.1, "centre_pots_sparse20": 48.0, "centre_pots_potter0_20": 0.55}
[pair_G] {"steps": 1449984, "elapsed_s": 1457.5, "coordination_ring_sparse20": 13.0, "coordination_ring_potter0_20": 0.1, "centre_pots_sparse20": 51.0, "centre_pots_potter0_20": 0.6}
[pair_G] {"steps": 1452032, "elapsed_s": 1459.2, "coordination_ring_sparse20": 11.0, "coordination_ring_potter0_20": 0.1, "centre_pots_sparse20": 49.0, "centre_pots_potter0_20": 0.5}
[pair_G] {"steps": 1454080, "elapsed_s": 1461.5, "coordination_ring_sparse20": 11.0, "coordination_ring_potter0_20": 0.1, "centre_pots_sparse20": 46.0, "centre_pots_potter0_20": 0.5}
[pair_G] {"steps": 1456128, "elapsed_s": 1463.2, "coordination_ring_sparse20": 11.0, "coordination_ring_potter0_20": 0.15, "centre_pots_sparse20": 52.0, "centre_pots_potter0_20": 0.45}
[pair_G] {"steps": 1458176, "elapsed_s": 1464.8, "coordination_ring_sparse20": 13.0, "coordination_ring_potter0_20": 0.1, "centre_pots_sparse20": 52.0, "centre_pots_potter0_20": 0.45}
[pair_G] {"steps": 1460224, "elapsed_s": 1466.6, "coordination_ring_sparse20": 12.0, "coordination_ring_potter0_20": 0.1, "centre_pots_sparse20": 52.0, "centre_pots_potter0_20": 0.45}
[pair_G] {"steps": 1462272, "elapsed_s": 1468.4, "coordination_ring_sparse20": 9.0, "coordination_ring_potter0_20": 0.1, "centre_pots_sparse20": 57.0, "centre_pots_potter0_20": 0.45}
[pair_G] {"steps": 1464320, "elapsed_s": 1470.1, "coordination_ring_sparse20": 9.0, "coordination_ring_potter0_20": 0.15, "centre_pots_sparse20": 57.0, "centre_pots_potter0_20": 0.5}
[pair_G] {"steps": 1466368, "elapsed_s": 1472.0, "coordination_ring_sparse20": 8.0, "coordination_ring_potter0_20": 0.25, "centre_pots_sparse20": 55.0, "centre_pots_potter0_20": 0.5}
[pair_G] {"steps": 1468416, "elapsed_s": 1473.4, "coordination_ring_sparse20": 10.0, "coordination_ring_potter0_20": 0.25, "centre_pots_sparse20": 55.0, "centre_pots_potter0_20": 0.5}
[pair_G] {"steps": 1470464, "elapsed_s": 1475.3, "coordination_ring_sparse20": 10.0, "coordination_ring_potter0_20": 0.25, "centre_pots_sparse20": 57.0, "centre_pots_potter0_20": 0.55}
[pair_G] {"steps": 1472512, "elapsed_s": 1477.1, "coordination_ring_sparse20": 9.0, "coordination_ring_potter0_20": 0.2, "centre_pots_sparse20": 57.0, "centre_pots_potter0_20": 0.6}
[pair_G] {"steps": 1474560, "elapsed_s": 1478.8, "coordination_ring_sparse20": 8.0, "coordination_ring_potter0_20": 0.2, "centre_pots_sparse20": 53.0, "centre_pots_potter0_20": 0.5}
[pair_G] {"steps": 1476608, "elapsed_s": 1480.5, "coordination_ring_sparse20": 9.0, "coordination_ring_potter0_20": 0.25, "centre_pots_sparse20": 50.0, "centre_pots_potter0_20": 0.45}
[pair_G] {"steps": 1478656, "elapsed_s": 1482.2, "coordination_ring_sparse20": 12.0, "coordination_ring_potter0_20": 0.25, "centre_pots_sparse20": 52.0, "centre_pots_potter0_20": 0.5}
[pair_G] {"steps": 1480704, "elapsed_s": 1484.0, "coordination_ring_sparse20": 13.0, "coordination_ring_potter0_20": 0.2, "centre_pots_sparse20": 51.0, "centre_pots_potter0_20": 0.5}
[pair_G] {"steps": 1482752, "elapsed_s": 1485.9, "coordination_ring_sparse20": 12.0, "coordination_ring_potter0_20": 0.1, "centre_pots_sparse20": 49.0, "centre_pots_potter0_20": 0.45}
[pair_G] {"steps": 1484800, "elapsed_s": 1487.5, "coordination_ring_sparse20": 10.0, "coordination_ring_potter0_20": 0.1, "centre_pots_sparse20": 49.0, "centre_pots_potter0_20": 0.5}
[pair_G] {"steps": 1486848, "elapsed_s": 1489.2, "coordination_ring_sparse20": 11.0, "coordination_ring_potter0_20": 0.05, "centre_pots_sparse20": 50.0, "centre_pots_potter0_20": 0.55}
[pair_G] {"steps": 1488896, "elapsed_s": 1491.0, "coordination_ring_sparse20": 10.0, "coordination_ring_potter0_20": 0.05, "centre_pots_sparse20": 50.0, "centre_pots_potter0_20": 0.55}
[pair_G] {"steps": 1490944, "elapsed_s": 1492.9, "coordination_ring_sparse20": 10.0, "coordination_ring_potter0_20": 0.1, "centre_pots_sparse20": 53.0, "centre_pots_potter0_20": 0.6}
[pair_G] {"steps": 1492992, "elapsed_s": 1494.7, "coordination_ring_sparse20": 11.0, "coordination_ring_potter0_20": 0.1, "centre_pots_sparse20": 51.0, "centre_pots_potter0_20": 0.6}
[pair_G] {"steps": 1495040, "elapsed_s": 1496.6, "coordination_ring_sparse20": 11.0, "coordination_ring_potter0_20": 0.1, "centre_pots_sparse20": 39.0, "centre_pots_potter0_20": 0.6}
[pair_G] {"steps": 1497088, "elapsed_s": 1498.4, "coordination_ring_sparse20": 9.0, "coordination_ring_potter0_20": 0.15, "centre_pots_sparse20": 38.0, "centre_pots_potter0_20": 0.6}
[pair_G] {"steps": 1499136, "elapsed_s": 1500.2, "coordination_ring_sparse20": 8.0, "coordination_ring_potter0_20": 0.15, "centre_pots_sparse20": 37.0, "centre_pots_potter0_20": 0.6}
[pair_G] {"steps": 1501184, "elapsed_s": 1502.1, "coordination_ring_sparse20": 9.0, "coordination_ring_potter0_20": 0.15, "centre_pots_sparse20": 38.0, "centre_pots_potter0_20": 0.45}
[pair_G] {"steps": 1503232, "elapsed_s": 1504.2, "coordination_ring_sparse20": 11.0, "coordination_ring_potter0_20": 0.15, "centre_pots_sparse20": 40.0, "centre_pots_potter0_20": 0.45}
[pair_G] {"steps": 1505280, "elapsed_s": 1506.1, "coordination_ring_sparse20": 10.0, "coordination_ring_potter0_20": 0.2, "centre_pots_sparse20": 45.0, "centre_pots_potter0_20": 0.35}
[pair_G] {"steps": 1507328, "elapsed_s": 1507.9, "coordination_ring_sparse20": 9.0, "coordination_ring_potter0_20": 0.2, "centre_pots_sparse20": 49.0, "centre_pots_potter0_20": 0.3}
[pair_G] {"steps": 1509376, "elapsed_s": 1509.8, "coordination_ring_sparse20": 12.0, "coordination_ring_potter0_20": 0.2, "centre_pots_sparse20": 50.0, "centre_pots_potter0_20": 0.3}
[pair_G] {"steps": 1511424, "elapsed_s": 1511.3, "coordination_ring_sparse20": 11.0, "coordination_ring_potter0_20": 0.25, "centre_pots_sparse20": 52.0, "centre_pots_potter0_20": 0.3}
[pair_G] {"steps": 1513472, "elapsed_s": 1512.8, "coordination_ring_sparse20": 8.0, "coordination_ring_potter0_20": 0.2, "centre_pots_sparse20": 52.0, "centre_pots_potter0_20": 0.3}
[pair_G] {"steps": 1515520, "elapsed_s": 1514.6, "coordination_ring_sparse20": 8.0, "coordination_ring_potter0_20": 0.25, "centre_pots_sparse20": 50.0, "centre_pots_potter0_20": 0.3}
[pair_G] {"steps": 1517568, "elapsed_s": 1516.1, "coordination_ring_sparse20": 4.0, "coordination_ring_potter0_20": 0.3, "centre_pots_sparse20": 49.0, "centre_pots_potter0_20": 0.25}
[pair_G] {"steps": 1519616, "elapsed_s": 1518.0, "coordination_ring_sparse20": 5.0, "coordination_ring_potter0_20": 0.3, "centre_pots_sparse20": 48.0, "centre_pots_potter0_20": 0.3}
[pair_G] {"steps": 1521664, "elapsed_s": 1519.7, "coordination_ring_sparse20": 7.0, "coordination_ring_potter0_20": 0.3, "centre_pots_sparse20": 49.0, "centre_pots_potter0_20": 0.35}
[pair_G] {"steps": 1523712, "elapsed_s": 1521.4, "coordination_ring_sparse20": 4.0, "coordination_ring_potter0_20": 0.3, "centre_pots_sparse20": 50.0, "centre_pots_potter0_20": 0.4}
[pair_G] {"steps": 1525760, "elapsed_s": 1523.3, "coordination_ring_sparse20": 5.0, "coordination_ring_potter0_20": 0.2, "centre_pots_sparse20": 50.0, "centre_pots_potter0_20": 0.45}
[pair_G] {"steps": 1527808, "elapsed_s": 1525.1, "coordination_ring_sparse20": 4.0, "coordination_ring_potter0_20": 0.25, "centre_pots_sparse20": 51.0, "centre_pots_potter0_20": 0.4}
[pair_G] {"steps": 1529856, "elapsed_s": 1526.8, "coordination_ring_sparse20": 5.0, "coordination_ring_potter0_20": 0.3, "centre_pots_sparse20": 52.0, "centre_pots_potter0_20": 0.35}
[pair_G] {"steps": 1531904, "elapsed_s": 1528.4, "coordination_ring_sparse20": 6.0, "coordination_ring_potter0_20": 0.3, "centre_pots_sparse20": 52.0, "centre_pots_potter0_20": 0.4}
[pair_G] {"steps": 1533952, "elapsed_s": 1530.3, "coordination_ring_sparse20": 7.0, "coordination_ring_potter0_20": 0.3, "centre_pots_sparse20": 52.0, "centre_pots_potter0_20": 0.5}
[pair_G] {"steps": 1536000, "elapsed_s": 1532.3, "coordination_ring_sparse20": 6.0, "coordination_ring_potter0_20": 0.3, "centre_pots_sparse20": 54.0, "centre_pots_potter0_20": 0.6}
[pair_G] {"steps": 1538048, "elapsed_s": 1534.1, "coordination_ring_sparse20": 5.0, "coordination_ring_potter0_20": 0.35, "centre_pots_sparse20": 49.0, "centre_pots_potter0_20": 0.5}
[pair_G] {"steps": 1540096, "elapsed_s": 1535.9, "coordination_ring_sparse20": 6.0, "coordination_ring_potter0_20": 0.35, "centre_pots_sparse20": 47.0, "centre_pots_potter0_20": 0.5}
[pair_G] {"steps": 1542144, "elapsed_s": 1537.7, "coordination_ring_sparse20": 5.0, "coordination_ring_potter0_20": 0.45, "centre_pots_sparse20": 44.0, "centre_pots_potter0_20": 0.55}
[pair_G] {"steps": 1544192, "elapsed_s": 1539.4, "coordination_ring_sparse20": 6.0, "coordination_ring_potter0_20": 0.45, "centre_pots_sparse20": 43.0, "centre_pots_potter0_20": 0.5}
[pair_G] {"steps": 1546240, "elapsed_s": 1541.2, "coordination_ring_sparse20": 6.0, "coordination_ring_potter0_20": 0.4, "centre_pots_sparse20": 44.0, "centre_pots_potter0_20": 0.5}
[pair_G] {"steps": 1548288, "elapsed_s": 1542.8, "coordination_ring_sparse20": 4.0, "coordination_ring_potter0_20": 0.4, "centre_pots_sparse20": 44.0, "centre_pots_potter0_20": 0.5}
[pair_G] {"steps": 1550336, "elapsed_s": 1544.5, "coordination_ring_sparse20": 6.0, "coordination_ring_potter0_20": 0.45, "centre_pots_sparse20": 40.0, "centre_pots_potter0_20": 0.5}
[pair_G] {"steps": 1552384, "elapsed_s": 1546.1, "coordination_ring_sparse20": 5.0, "coordination_ring_potter0_20": 0.45, "centre_pots_sparse20": 44.0, "centre_pots_potter0_20": 0.5}
[pair_G] {"steps": 1554432, "elapsed_s": 1547.6, "coordination_ring_sparse20": 4.0, "coordination_ring_potter0_20": 0.45, "centre_pots_sparse20": 44.0, "centre_pots_potter0_20": 0.5}
[pair_G] {"steps": 1556480, "elapsed_s": 1549.1, "coordination_ring_sparse20": 6.0, "coordination_ring_potter0_20": 0.5, "centre_pots_sparse20": 43.0, "centre_pots_potter0_20": 0.5}
[pair_G] {"steps": 1558528, "elapsed_s": 1551.0, "coordination_ring_sparse20": 7.0, "coordination_ring_potter0_20": 0.45, "centre_pots_sparse20": 46.0, "centre_pots_potter0_20": 0.5}
[pair_G] {"steps": 1560576, "elapsed_s": 1552.4, "coordination_ring_sparse20": 5.0, "coordination_ring_potter0_20": 0.3, "centre_pots_sparse20": 46.0, "centre_pots_potter0_20": 0.5}
[pair_G] {"steps": 1562624, "elapsed_s": 1554.4, "coordination_ring_sparse20": 6.0, "coordination_ring_potter0_20": 0.2, "centre_pots_sparse20": 46.0, "centre_pots_potter0_20": 0.5}
[pair_G] {"steps": 1564672, "elapsed_s": 1556.5, "coordination_ring_sparse20": 5.0, "coordination_ring_potter0_20": 0.2, "centre_pots_sparse20": 52.0, "centre_pots_potter0_20": 0.4}
[pair_G] {"steps": 1566720, "elapsed_s": 1558.2, "coordination_ring_sparse20": 5.0, "coordination_ring_potter0_20": 0.2, "centre_pots_sparse20": 54.0, "centre_pots_potter0_20": 0.35}
[pair_G] {"steps": 1568768, "elapsed_s": 1559.9, "coordination_ring_sparse20": 5.0, "coordination_ring_potter0_20": 0.1, "centre_pots_sparse20": 55.0, "centre_pots_potter0_20": 0.35}
[pair_G] {"steps": 1570816, "elapsed_s": 1561.6, "coordination_ring_sparse20": 5.0, "coordination_ring_potter0_20": 0.05, "centre_pots_sparse20": 57.0, "centre_pots_potter0_20": 0.35}
[pair_G] {"steps": 1572864, "elapsed_s": 1563.4, "coordination_ring_sparse20": 3.0, "coordination_ring_potter0_20": 0.05, "centre_pots_sparse20": 59.0, "centre_pots_potter0_20": 0.35}
[pair_G] {"steps": 1574912, "elapsed_s": 1565.3, "coordination_ring_sparse20": 3.0, "coordination_ring_potter0_20": 0.1, "centre_pots_sparse20": 59.0, "centre_pots_potter0_20": 0.45}
[pair_G] {"steps": 1576960, "elapsed_s": 1567.0, "coordination_ring_sparse20": 3.0, "coordination_ring_potter0_20": 0.2, "centre_pots_sparse20": 60.0, "centre_pots_potter0_20": 0.45}
[pair_G] {"steps": 1579008, "elapsed_s": 1568.8, "coordination_ring_sparse20": 2.0, "coordination_ring_potter0_20": 0.2, "centre_pots_sparse20": 61.0, "centre_pots_potter0_20": 0.5}
[pair_G] {"steps": 1581056, "elapsed_s": 1570.6, "coordination_ring_sparse20": 3.0, "coordination_ring_potter0_20": 0.2, "centre_pots_sparse20": 54.0, "centre_pots_potter0_20": 0.6}
[pair_G] {"steps": 1583104, "elapsed_s": 1572.3, "coordination_ring_sparse20": 5.0, "coordination_ring_potter0_20": 0.25, "centre_pots_sparse20": 54.0, "centre_pots_potter0_20": 0.6}
[pair_G] {"steps": 1585152, "elapsed_s": 1574.3, "coordination_ring_sparse20": 5.0, "coordination_ring_potter0_20": 0.25, "centre_pots_sparse20": 55.0, "centre_pots_potter0_20": 0.7}
[pair_G] {"steps": 1587200, "elapsed_s": 1576.1, "coordination_ring_sparse20": 5.0, "coordination_ring_potter0_20": 0.3, "centre_pots_sparse20": 53.0, "centre_pots_potter0_20": 0.75}
[pair_G] {"steps": 1589248, "elapsed_s": 1577.9, "coordination_ring_sparse20": 4.0, "coordination_ring_potter0_20": 0.35, "centre_pots_sparse20": 54.0, "centre_pots_potter0_20": 0.75}
[pair_G] {"steps": 1591296, "elapsed_s": 1579.7, "coordination_ring_sparse20": 6.0, "coordination_ring_potter0_20": 0.3, "centre_pots_sparse20": 57.0, "centre_pots_potter0_20": 0.7}
[pair_G] {"steps": 1593344, "elapsed_s": 1581.7, "coordination_ring_sparse20": 6.0, "coordination_ring_potter0_20": 0.3, "centre_pots_sparse20": 48.0, "centre_pots_potter0_20": 0.6}
[pair_G] {"steps": 1595392, "elapsed_s": 1583.8, "coordination_ring_sparse20": 6.0, "coordination_ring_potter0_20": 0.3, "centre_pots_sparse20": 50.0, "centre_pots_potter0_20": 0.6}
[pair_G] {"steps": 1597440, "elapsed_s": 1585.5, "coordination_ring_sparse20": 8.0, "coordination_ring_potter0_20": 0.2, "centre_pots_sparse20": 52.0, "centre_pots_potter0_20": 0.6}
[pair_G] {"steps": 1599488, "elapsed_s": 1587.3, "coordination_ring_sparse20": 9.0, "coordination_ring_potter0_20": 0.2, "centre_pots_sparse20": 53.0, "centre_pots_potter0_20": 0.55}
[pair_G] {"steps": 1601536, "elapsed_s": 1588.9, "coordination_ring_sparse20": 10.0, "coordination_ring_potter0_20": 0.15, "centre_pots_sparse20": 53.0, "centre_pots_potter0_20": 0.55}
[pair_G] {"steps": 1603584, "elapsed_s": 1590.6, "coordination_ring_sparse20": 9.0, "coordination_ring_potter0_20": 0.2, "centre_pots_sparse20": 52.0, "centre_pots_potter0_20": 0.5}
[pair_G] {"steps": 1605632, "elapsed_s": 1592.4, "coordination_ring_sparse20": 10.0, "coordination_ring_potter0_20": 0.1, "centre_pots_sparse20": 55.0, "centre_pots_potter0_20": 0.6}
[pair_G] {"steps": 1607680, "elapsed_s": 1594.1, "coordination_ring_sparse20": 9.0, "coordination_ring_potter0_20": 0.15, "centre_pots_sparse20": 59.0, "centre_pots_potter0_20": 0.7}
[pair_G] {"steps": 1609728, "elapsed_s": 1595.8, "coordination_ring_sparse20": 8.0, "coordination_ring_potter0_20": 0.15, "centre_pots_sparse20": 61.0, "centre_pots_potter0_20": 0.6}
[pair_G] {"steps": 1611776, "elapsed_s": 1597.4, "coordination_ring_sparse20": 8.0, "coordination_ring_potter0_20": 0.15, "centre_pots_sparse20": 63.0, "centre_pots_potter0_20": 0.65}
[pair_G] {"steps": 1613824, "elapsed_s": 1599.0, "coordination_ring_sparse20": 6.0, "coordination_ring_potter0_20": 0.15, "centre_pots_sparse20": 62.0, "centre_pots_potter0_20": 0.7}
[pair_G] {"steps": 1615872, "elapsed_s": 1600.6, "coordination_ring_sparse20": 5.0, "coordination_ring_potter0_20": 0.15, "centre_pots_sparse20": 62.0, "centre_pots_potter0_20": 0.7}
[pair_G] {"steps": 1617920, "elapsed_s": 1602.2, "coordination_ring_sparse20": 5.0, "coordination_ring_potter0_20": 0.15, "centre_pots_sparse20": 61.0, "centre_pots_potter0_20": 0.7}
[pair_G] {"steps": 1619968, "elapsed_s": 1603.9, "coordination_ring_sparse20": 6.0, "coordination_ring_potter0_20": 0.1, "centre_pots_sparse20": 61.0, "centre_pots_potter0_20": 0.65}
[pair_G] {"steps": 1622016, "elapsed_s": 1605.8, "coordination_ring_sparse20": 9.0, "coordination_ring_potter0_20": 0.15, "centre_pots_sparse20": 62.0, "centre_pots_potter0_20": 0.65}
[pair_G] {"steps": 1624064, "elapsed_s": 1607.5, "coordination_ring_sparse20": 8.0, "coordination_ring_potter0_20": 0.15, "centre_pots_sparse20": 65.0, "centre_pots_potter0_20": 0.7}
[pair_G] {"steps": 1626112, "elapsed_s": 1609.2, "coordination_ring_sparse20": 10.0, "coordination_ring_potter0_20": 0.15, "centre_pots_sparse20": 64.0, "centre_pots_potter0_20": 0.7}
[pair_G] {"steps": 1628160, "elapsed_s": 1611.2, "coordination_ring_sparse20": 10.0, "coordination_ring_potter0_20": 0.15, "centre_pots_sparse20": 66.0, "centre_pots_potter0_20": 0.65}
[pair_G] {"steps": 1630208, "elapsed_s": 1612.7, "coordination_ring_sparse20": 11.0, "coordination_ring_potter0_20": 0.1, "centre_pots_sparse20": 66.0, "centre_pots_potter0_20": 0.7}
[pair_G] {"steps": 1632256, "elapsed_s": 1614.4, "coordination_ring_sparse20": 10.0, "coordination_ring_potter0_20": 0.25, "centre_pots_sparse20": 64.0, "centre_pots_potter0_20": 0.7}
[pair_G] {"steps": 1634304, "elapsed_s": 1616.2, "coordination_ring_sparse20": 8.0, "coordination_ring_potter0_20": 0.2, "centre_pots_sparse20": 62.0, "centre_pots_potter0_20": 0.6}
[pair_G] {"steps": 1636352, "elapsed_s": 1618.0, "coordination_ring_sparse20": 6.0, "coordination_ring_potter0_20": 0.25, "centre_pots_sparse20": 58.0, "centre_pots_potter0_20": 0.5}
[pair_G] {"steps": 1638400, "elapsed_s": 1619.5, "coordination_ring_sparse20": 7.0, "coordination_ring_potter0_20": 0.2, "centre_pots_sparse20": 58.0, "centre_pots_potter0_20": 0.5}
[pair_G] {"steps": 1640448, "elapsed_s": 1621.1, "coordination_ring_sparse20": 7.0, "coordination_ring_potter0_20": 0.2, "centre_pots_sparse20": 59.0, "centre_pots_potter0_20": 0.55}
[pair_G] {"steps": 1642496, "elapsed_s": 1622.8, "coordination_ring_sparse20": 10.0, "coordination_ring_potter0_20": 0.15, "centre_pots_sparse20": 59.0, "centre_pots_potter0_20": 0.5}
[pair_G] {"steps": 1644544, "elapsed_s": 1624.7, "coordination_ring_sparse20": 12.0, "coordination_ring_potter0_20": 0.1, "centre_pots_sparse20": 56.0, "centre_pots_potter0_20": 0.5}
[pair_G] {"steps": 1646592, "elapsed_s": 1626.4, "coordination_ring_sparse20": 12.0, "coordination_ring_potter0_20": 0.05, "centre_pots_sparse20": 50.0, "centre_pots_potter0_20": 0.4}
[pair_G] {"steps": 1648640, "elapsed_s": 1628.4, "coordination_ring_sparse20": 13.0, "coordination_ring_potter0_20": 0.0, "centre_pots_sparse20": 49.0, "centre_pots_potter0_20": 0.4}
[pair_G] {"steps": 1650688, "elapsed_s": 1630.2, "coordination_ring_sparse20": 12.0, "coordination_ring_potter0_20": 0.0, "centre_pots_sparse20": 47.0, "centre_pots_potter0_20": 0.35}
[pair_G] {"steps": 1652736, "elapsed_s": 1631.9, "coordination_ring_sparse20": 11.0, "coordination_ring_potter0_20": 0.05, "centre_pots_sparse20": 49.0, "centre_pots_potter0_20": 0.4}
[pair_G] {"steps": 1654784, "elapsed_s": 1633.6, "coordination_ring_sparse20": 11.0, "coordination_ring_potter0_20": 0.1, "centre_pots_sparse20": 50.0, "centre_pots_potter0_20": 0.5}
[pair_G] {"steps": 1656832, "elapsed_s": 1635.3, "coordination_ring_sparse20": 7.0, "coordination_ring_potter0_20": 0.1, "centre_pots_sparse20": 49.0, "centre_pots_potter0_20": 0.55}
[pair_G] {"steps": 1658880, "elapsed_s": 1637.0, "coordination_ring_sparse20": 7.0, "coordination_ring_potter0_20": 0.25, "centre_pots_sparse20": 49.0, "centre_pots_potter0_20": 0.55}
[pair_G] {"steps": 1660928, "elapsed_s": 1638.6, "coordination_ring_sparse20": 6.0, "coordination_ring_potter0_20": 0.25, "centre_pots_sparse20": 44.0, "centre_pots_potter0_20": 0.55}
[pair_G] {"steps": 1662976, "elapsed_s": 1640.4, "coordination_ring_sparse20": 7.0, "coordination_ring_potter0_20": 0.25, "centre_pots_sparse20": 41.0, "centre_pots_potter0_20": 0.6}
[pair_G] {"steps": 1665024, "elapsed_s": 1642.1, "coordination_ring_sparse20": 7.0, "coordination_ring_potter0_20": 0.3, "centre_pots_sparse20": 47.0, "centre_pots_potter0_20": 0.65}
[pair_G] {"steps": 1667072, "elapsed_s": 1644.0, "coordination_ring_sparse20": 9.0, "coordination_ring_potter0_20": 0.3, "centre_pots_sparse20": 44.0, "centre_pots_potter0_20": 0.7}
[pair_G] {"steps": 1669120, "elapsed_s": 1645.8, "coordination_ring_sparse20": 10.0, "coordination_ring_potter0_20": 0.3, "centre_pots_sparse20": 41.0, "centre_pots_potter0_20": 0.7}
[pair_G] {"steps": 1671168, "elapsed_s": 1647.5, "coordination_ring_sparse20": 10.0, "coordination_ring_potter0_20": 0.35, "centre_pots_sparse20": 42.0, "centre_pots_potter0_20": 0.7}
[pair_G] {"steps": 1673216, "elapsed_s": 1649.4, "coordination_ring_sparse20": 10.0, "coordination_ring_potter0_20": 0.35, "centre_pots_sparse20": 40.0, "centre_pots_potter0_20": 0.55}
[pair_G] {"steps": 1675264, "elapsed_s": 1651.3, "coordination_ring_sparse20": 9.0, "coordination_ring_potter0_20": 0.25, "centre_pots_sparse20": 38.0, "centre_pots_potter0_20": 0.6}
[pair_G] {"steps": 1677312, "elapsed_s": 1653.2, "coordination_ring_sparse20": 11.0, "coordination_ring_potter0_20": 0.25, "centre_pots_sparse20": 40.0, "centre_pots_potter0_20": 0.55}
[pair_G] {"steps": 1679360, "elapsed_s": 1655.1, "coordination_ring_sparse20": 11.0, "coordination_ring_potter0_20": 0.25, "centre_pots_sparse20": 44.0, "centre_pots_potter0_20": 0.65}
[pair_G] {"steps": 1681408, "elapsed_s": 1656.9, "coordination_ring_sparse20": 13.0, "coordination_ring_potter0_20": 0.25, "centre_pots_sparse20": 45.0, "centre_pots_potter0_20": 0.65}
[pair_G] {"steps": 1683456, "elapsed_s": 1658.7, "coordination_ring_sparse20": 15.0, "coordination_ring_potter0_20": 0.2, "centre_pots_sparse20": 46.0, "centre_pots_potter0_20": 0.7}
[pair_G] {"steps": 1685504, "elapsed_s": 1660.5, "coordination_ring_sparse20": 14.0, "coordination_ring_potter0_20": 0.2, "centre_pots_sparse20": 49.0, "centre_pots_potter0_20": 0.7}
[pair_G] {"steps": 1687552, "elapsed_s": 1662.3, "coordination_ring_sparse20": 14.0, "coordination_ring_potter0_20": 0.25, "centre_pots_sparse20": 50.0, "centre_pots_potter0_20": 0.75}
[pair_G] {"steps": 1689600, "elapsed_s": 1664.3, "coordination_ring_sparse20": 13.0, "coordination_ring_potter0_20": 0.2, "centre_pots_sparse20": 50.0, "centre_pots_potter0_20": 0.7}
[pair_G] {"steps": 1691648, "elapsed_s": 1666.2, "coordination_ring_sparse20": 13.0, "coordination_ring_potter0_20": 0.25, "centre_pots_sparse20": 51.0, "centre_pots_potter0_20": 0.55}
[pair_G] {"steps": 1693696, "elapsed_s": 1667.8, "coordination_ring_sparse20": 15.0, "coordination_ring_potter0_20": 0.2, "centre_pots_sparse20": 52.0, "centre_pots_potter0_20": 0.5}
[pair_G] {"steps": 1695744, "elapsed_s": 1669.6, "coordination_ring_sparse20": 16.0, "coordination_ring_potter0_20": 0.15, "centre_pots_sparse20": 53.0, "centre_pots_potter0_20": 0.55}
[pair_G] {"steps": 1697792, "elapsed_s": 1671.8, "coordination_ring_sparse20": 13.0, "coordination_ring_potter0_20": 0.15, "centre_pots_sparse20": 48.0, "centre_pots_potter0_20": 0.55}
[pair_G] {"steps": 1699840, "elapsed_s": 1673.6, "coordination_ring_sparse20": 13.0, "coordination_ring_potter0_20": 0.2, "centre_pots_sparse20": 47.0, "centre_pots_potter0_20": 0.55}
[pair_G] {"steps": 1701888, "elapsed_s": 1675.4, "coordination_ring_sparse20": 12.0, "coordination_ring_potter0_20": 0.2, "centre_pots_sparse20": 54.0, "centre_pots_potter0_20": 0.45}
[pair_G] {"steps": 1703936, "elapsed_s": 1677.5, "coordination_ring_sparse20": 13.0, "coordination_ring_potter0_20": 0.1, "centre_pots_sparse20": 54.0, "centre_pots_potter0_20": 0.4}
[pair_G] {"steps": 1705984, "elapsed_s": 1679.7, "coordination_ring_sparse20": 13.0, "coordination_ring_potter0_20": 0.1, "centre_pots_sparse20": 53.0, "centre_pots_potter0_20": 0.55}
[pair_G] {"steps": 1708032, "elapsed_s": 1681.7, "coordination_ring_sparse20": 14.0, "coordination_ring_potter0_20": 0.1, "centre_pots_sparse20": 53.0, "centre_pots_potter0_20": 0.6}
[pair_G] {"steps": 1710080, "elapsed_s": 1683.6, "coordination_ring_sparse20": 15.0, "coordination_ring_potter0_20": 0.05, "centre_pots_sparse20": 59.0, "centre_pots_potter0_20": 0.65}
[pair_G] {"steps": 1712128, "elapsed_s": 1685.4, "coordination_ring_sparse20": 14.0, "coordination_ring_potter0_20": 0.1, "centre_pots_sparse20": 59.0, "centre_pots_potter0_20": 0.6}
[pair_G] {"steps": 1714176, "elapsed_s": 1687.4, "coordination_ring_sparse20": 13.0, "coordination_ring_potter0_20": 0.2, "centre_pots_sparse20": 54.0, "centre_pots_potter0_20": 0.55}
[pair_G] {"steps": 1716224, "elapsed_s": 1689.3, "coordination_ring_sparse20": 15.0, "coordination_ring_potter0_20": 0.2, "centre_pots_sparse20": 57.0, "centre_pots_potter0_20": 0.5}
[pair_G] {"steps": 1718272, "elapsed_s": 1691.2, "coordination_ring_sparse20": 17.0, "coordination_ring_potter0_20": 0.2, "centre_pots_sparse20": 56.0, "centre_pots_potter0_20": 0.5}
[pair_G] {"steps": 1720320, "elapsed_s": 1692.9, "coordination_ring_sparse20": 15.0, "coordination_ring_potter0_20": 0.2, "centre_pots_sparse20": 55.0, "centre_pots_potter0_20": 0.5}
[pair_G] {"steps": 1722368, "elapsed_s": 1694.5, "coordination_ring_sparse20": 14.0, "coordination_ring_potter0_20": 0.25, "centre_pots_sparse20": 55.0, "centre_pots_potter0_20": 0.5}
[pair_G] {"steps": 1724416, "elapsed_s": 1696.4, "coordination_ring_sparse20": 11.0, "coordination_ring_potter0_20": 0.3, "centre_pots_sparse20": 54.0, "centre_pots_potter0_20": 0.5}
[pair_G] {"steps": 1726464, "elapsed_s": 1698.2, "coordination_ring_sparse20": 11.0, "coordination_ring_potter0_20": 0.3, "centre_pots_sparse20": 50.0, "centre_pots_potter0_20": 0.55}
[pair_G] {"steps": 1728512, "elapsed_s": 1700.0, "coordination_ring_sparse20": 12.0, "coordination_ring_potter0_20": 0.3, "centre_pots_sparse20": 49.0, "centre_pots_potter0_20": 0.6}
[pair_G] {"steps": 1730560, "elapsed_s": 1701.7, "coordination_ring_sparse20": 11.0, "coordination_ring_potter0_20": 0.25, "centre_pots_sparse20": 51.0, "centre_pots_potter0_20": 0.7}
[pair_G] {"steps": 1732608, "elapsed_s": 1703.4, "coordination_ring_sparse20": 10.0, "coordination_ring_potter0_20": 0.35, "centre_pots_sparse20": 51.0, "centre_pots_potter0_20": 0.7}
[pair_G] {"steps": 1734656, "elapsed_s": 1704.8, "coordination_ring_sparse20": 10.0, "coordination_ring_potter0_20": 0.3, "centre_pots_sparse20": 52.0, "centre_pots_potter0_20": 0.7}
[pair_G] {"steps": 1736704, "elapsed_s": 1706.3, "coordination_ring_sparse20": 10.0, "coordination_ring_potter0_20": 0.25, "centre_pots_sparse20": 52.0, "centre_pots_potter0_20": 0.7}
[pair_G] {"steps": 1738752, "elapsed_s": 1708.0, "coordination_ring_sparse20": 12.0, "coordination_ring_potter0_20": 0.25, "centre_pots_sparse20": 51.0, "centre_pots_potter0_20": 0.75}
[pair_G] {"steps": 1740800, "elapsed_s": 1710.1, "coordination_ring_sparse20": 14.0, "coordination_ring_potter0_20": 0.35, "centre_pots_sparse20": 50.0, "centre_pots_potter0_20": 0.75}
[pair_G] {"steps": 1742848, "elapsed_s": 1711.9, "coordination_ring_sparse20": 14.0, "coordination_ring_potter0_20": 0.35, "centre_pots_sparse20": 52.0, "centre_pots_potter0_20": 0.65}
[pair_G] {"steps": 1744896, "elapsed_s": 1713.8, "coordination_ring_sparse20": 15.0, "coordination_ring_potter0_20": 0.3, "centre_pots_sparse20": 52.0, "centre_pots_potter0_20": 0.7}
[pair_G] {"steps": 1746944, "elapsed_s": 1715.7, "coordination_ring_sparse20": 16.0, "coordination_ring_potter0_20": 0.2, "centre_pots_sparse20": 50.0, "centre_pots_potter0_20": 0.7}
[pair_G] {"steps": 1748992, "elapsed_s": 1717.6, "coordination_ring_sparse20": 15.0, "coordination_ring_potter0_20": 0.25, "centre_pots_sparse20": 53.0, "centre_pots_potter0_20": 0.7}
[pair_G] {"steps": 1751040, "elapsed_s": 1719.2, "coordination_ring_sparse20": 13.0, "coordination_ring_potter0_20": 0.25, "centre_pots_sparse20": 49.0, "centre_pots_potter0_20": 0.7}
[pair_G] {"steps": 1753088, "elapsed_s": 1720.9, "coordination_ring_sparse20": 15.0, "coordination_ring_potter0_20": 0.35, "centre_pots_sparse20": 50.0, "centre_pots_potter0_20": 0.65}
[pair_G] {"steps": 1755136, "elapsed_s": 1722.6, "coordination_ring_sparse20": 13.0, "coordination_ring_potter0_20": 0.3, "centre_pots_sparse20": 47.0, "centre_pots_potter0_20": 0.65}
[pair_G] {"steps": 1757184, "elapsed_s": 1724.6, "coordination_ring_sparse20": 13.0, "coordination_ring_potter0_20": 0.25, "centre_pots_sparse20": 46.0, "centre_pots_potter0_20": 0.7}
[pair_G] {"steps": 1759232, "elapsed_s": 1726.4, "coordination_ring_sparse20": 16.0, "coordination_ring_potter0_20": 0.2, "centre_pots_sparse20": 45.0, "centre_pots_potter0_20": 0.7}
[pair_G] {"steps": 1761280, "elapsed_s": 1728.0, "coordination_ring_sparse20": 15.0, "coordination_ring_potter0_20": 0.2, "centre_pots_sparse20": 42.0, "centre_pots_potter0_20": 0.65}
[pair_G] {"steps": 1763328, "elapsed_s": 1729.7, "coordination_ring_sparse20": 15.0, "coordination_ring_potter0_20": 0.15, "centre_pots_sparse20": 43.0, "centre_pots_potter0_20": 0.65}
[pair_G] {"steps": 1765376, "elapsed_s": 1731.2, "coordination_ring_sparse20": 14.0, "coordination_ring_potter0_20": 0.15, "centre_pots_sparse20": 44.0, "centre_pots_potter0_20": 0.65}
[pair_G] {"steps": 1767424, "elapsed_s": 1733.1, "coordination_ring_sparse20": 14.0, "coordination_ring_potter0_20": 0.1, "centre_pots_sparse20": 41.0, "centre_pots_potter0_20": 0.65}
[pair_G] {"steps": 1769472, "elapsed_s": 1734.9, "coordination_ring_sparse20": 15.0, "coordination_ring_potter0_20": 0.15, "centre_pots_sparse20": 45.0, "centre_pots_potter0_20": 0.7}
[pair_G] {"steps": 1771520, "elapsed_s": 1736.9, "coordination_ring_sparse20": 15.0, "coordination_ring_potter0_20": 0.15, "centre_pots_sparse20": 49.0, "centre_pots_potter0_20": 0.7}
[pair_G] {"steps": 1773568, "elapsed_s": 1738.6, "coordination_ring_sparse20": 14.0, "coordination_ring_potter0_20": 0.25, "centre_pots_sparse20": 54.0, "centre_pots_potter0_20": 0.65}
[pair_G] {"steps": 1775616, "elapsed_s": 1740.7, "coordination_ring_sparse20": 10.0, "coordination_ring_potter0_20": 0.25, "centre_pots_sparse20": 54.0, "centre_pots_potter0_20": 0.65}
[pair_G] {"steps": 1777664, "elapsed_s": 1742.3, "coordination_ring_sparse20": 13.0, "coordination_ring_potter0_20": 0.3, "centre_pots_sparse20": 58.0, "centre_pots_potter0_20": 0.6}
[pair_G] {"steps": 1779712, "elapsed_s": 1744.1, "coordination_ring_sparse20": 12.0, "coordination_ring_potter0_20": 0.45, "centre_pots_sparse20": 56.0, "centre_pots_potter0_20": 0.55}
[pair_G] {"steps": 1781760, "elapsed_s": 1745.9, "coordination_ring_sparse20": 11.0, "coordination_ring_potter0_20": 0.5, "centre_pots_sparse20": 55.0, "centre_pots_potter0_20": 0.55}
[pair_G] {"steps": 1783808, "elapsed_s": 1747.6, "coordination_ring_sparse20": 10.0, "coordination_ring_potter0_20": 0.4, "centre_pots_sparse20": 55.0, "centre_pots_potter0_20": 0.55}
[pair_G] {"steps": 1785856, "elapsed_s": 1749.2, "coordination_ring_sparse20": 8.0, "coordination_ring_potter0_20": 0.45, "centre_pots_sparse20": 50.0, "centre_pots_potter0_20": 0.55}
[pair_G] {"steps": 1787904, "elapsed_s": 1750.9, "coordination_ring_sparse20": 5.0, "coordination_ring_potter0_20": 0.4, "centre_pots_sparse20": 49.0, "centre_pots_potter0_20": 0.55}
[pair_G] {"steps": 1789952, "elapsed_s": 1752.6, "coordination_ring_sparse20": 5.0, "coordination_ring_potter0_20": 0.45, "centre_pots_sparse20": 48.0, "centre_pots_potter0_20": 0.55}
[pair_G] {"steps": 1792000, "elapsed_s": 1754.4, "coordination_ring_sparse20": 3.0, "coordination_ring_potter0_20": 0.4, "centre_pots_sparse20": 44.0, "centre_pots_potter0_20": 0.6}
[pair_G] {"steps": 1794048, "elapsed_s": 1756.2, "coordination_ring_sparse20": 2.0, "coordination_ring_potter0_20": 0.3, "centre_pots_sparse20": 47.0, "centre_pots_potter0_20": 0.6}
[pair_G] {"steps": 1796096, "elapsed_s": 1757.7, "coordination_ring_sparse20": 2.0, "coordination_ring_potter0_20": 0.3, "centre_pots_sparse20": 46.0, "centre_pots_potter0_20": 0.6}
[pair_G] {"steps": 1798144, "elapsed_s": 1759.6, "coordination_ring_sparse20": 1.0, "coordination_ring_potter0_20": 0.3, "centre_pots_sparse20": 45.0, "centre_pots_potter0_20": 0.6}
[pair_G] {"steps": 1800192, "elapsed_s": 1761.6, "coordination_ring_sparse20": 1.0, "coordination_ring_potter0_20": 0.25, "centre_pots_sparse20": 45.0, "centre_pots_potter0_20": 0.6}
[pair_G] {"steps": 1802240, "elapsed_s": 1763.6, "coordination_ring_sparse20": 2.0, "coordination_ring_potter0_20": 0.25, "centre_pots_sparse20": 45.0, "centre_pots_potter0_20": 0.55}
[pair_G] {"steps": 1804288, "elapsed_s": 1765.4, "coordination_ring_sparse20": 3.0, "coordination_ring_potter0_20": 0.25, "centre_pots_sparse20": 48.0, "centre_pots_potter0_20": 0.55}
[pair_G] {"steps": 1806336, "elapsed_s": 1767.4, "coordination_ring_sparse20": 5.0, "coordination_ring_potter0_20": 0.25, "centre_pots_sparse20": 50.0, "centre_pots_potter0_20": 0.55}
[pair_G] {"steps": 1808384, "elapsed_s": 1768.9, "coordination_ring_sparse20": 6.0, "coordination_ring_potter0_20": 0.25, "centre_pots_sparse20": 51.0, "centre_pots_potter0_20": 0.55}
[pair_G] {"steps": 1810432, "elapsed_s": 1770.7, "coordination_ring_sparse20": 7.0, "coordination_ring_potter0_20": 0.25, "centre_pots_sparse20": 50.0, "centre_pots_potter0_20": 0.5}
[pair_G] {"steps": 1812480, "elapsed_s": 1772.6, "coordination_ring_sparse20": 7.0, "coordination_ring_potter0_20": 0.15, "centre_pots_sparse20": 50.0, "centre_pots_potter0_20": 0.5}
[pair_G] {"steps": 1814528, "elapsed_s": 1774.1, "coordination_ring_sparse20": 7.0, "coordination_ring_potter0_20": 0.15, "centre_pots_sparse20": 50.0, "centre_pots_potter0_20": 0.5}
[pair_G] {"steps": 1816576, "elapsed_s": 1775.9, "coordination_ring_sparse20": 4.0, "coordination_ring_potter0_20": 0.2, "centre_pots_sparse20": 52.0, "centre_pots_potter0_20": 0.5}
[pair_G] {"steps": 1818624, "elapsed_s": 1777.5, "coordination_ring_sparse20": 2.0, "coordination_ring_potter0_20": 0.15, "centre_pots_sparse20": 52.0, "centre_pots_potter0_20": 0.5}
[pair_G] {"steps": 1820672, "elapsed_s": 1779.1, "coordination_ring_sparse20": 2.0, "coordination_ring_potter0_20": 0.2, "centre_pots_sparse20": 53.0, "centre_pots_potter0_20": 0.5}
[pair_G] {"steps": 1822720, "elapsed_s": 1780.9, "coordination_ring_sparse20": 2.0, "coordination_ring_potter0_20": 0.3, "centre_pots_sparse20": 55.0, "centre_pots_potter0_20": 0.5}
[pair_G] {"steps": 1824768, "elapsed_s": 1783.0, "coordination_ring_sparse20": 2.0, "coordination_ring_potter0_20": 0.3, "centre_pots_sparse20": 56.0, "centre_pots_potter0_20": 0.5}
[pair_G] {"steps": 1826816, "elapsed_s": 1784.8, "coordination_ring_sparse20": 4.0, "coordination_ring_potter0_20": 0.25, "centre_pots_sparse20": 53.0, "centre_pots_potter0_20": 0.45}
[pair_G] {"steps": 1828864, "elapsed_s": 1786.1, "coordination_ring_sparse20": 5.0, "coordination_ring_potter0_20": 0.15, "centre_pots_sparse20": 53.0, "centre_pots_potter0_20": 0.45}
[pair_G] {"steps": 1830912, "elapsed_s": 1788.0, "coordination_ring_sparse20": 7.0, "coordination_ring_potter0_20": 0.15, "centre_pots_sparse20": 53.0, "centre_pots_potter0_20": 0.45}
[pair_G] {"steps": 1832960, "elapsed_s": 1790.2, "coordination_ring_sparse20": 7.0, "coordination_ring_potter0_20": 0.15, "centre_pots_sparse20": 49.0, "centre_pots_potter0_20": 0.5}
[pair_G] {"steps": 1835008, "elapsed_s": 1792.1, "coordination_ring_sparse20": 8.0, "coordination_ring_potter0_20": 0.15, "centre_pots_sparse20": 51.0, "centre_pots_potter0_20": 0.55}
[pair_G] {"steps": 1837056, "elapsed_s": 1793.9, "coordination_ring_sparse20": 8.0, "coordination_ring_potter0_20": 0.1, "centre_pots_sparse20": 49.0, "centre_pots_potter0_20": 0.55}
[pair_G] {"steps": 1839104, "elapsed_s": 1795.6, "coordination_ring_sparse20": 8.0, "coordination_ring_potter0_20": 0.1, "centre_pots_sparse20": 50.0, "centre_pots_potter0_20": 0.6}
[pair_G] {"steps": 1841152, "elapsed_s": 1797.1, "coordination_ring_sparse20": 8.0, "coordination_ring_potter0_20": 0.1, "centre_pots_sparse20": 49.0, "centre_pots_potter0_20": 0.6}
[pair_G] {"steps": 1843200, "elapsed_s": 1799.2, "coordination_ring_sparse20": 7.0, "coordination_ring_potter0_20": 0.1, "centre_pots_sparse20": 43.0, "centre_pots_potter0_20": 0.6}
[pair_G] {"steps": 1845248, "elapsed_s": 1801.1, "coordination_ring_sparse20": 8.0, "coordination_ring_potter0_20": 0.15, "centre_pots_sparse20": 42.0, "centre_pots_potter0_20": 0.6}
[pair_G] {"steps": 1847296, "elapsed_s": 1803.0, "coordination_ring_sparse20": 8.0, "coordination_ring_potter0_20": 0.2, "centre_pots_sparse20": 43.0, "centre_pots_potter0_20": 0.6}
[pair_G] {"steps": 1849344, "elapsed_s": 1805.0, "coordination_ring_sparse20": 6.0, "coordination_ring_potter0_20": 0.25, "centre_pots_sparse20": 43.0, "centre_pots_potter0_20": 0.65}
[pair_G] {"steps": 1851392, "elapsed_s": 1806.5, "coordination_ring_sparse20": 7.0, "coordination_ring_potter0_20": 0.3, "centre_pots_sparse20": 43.0, "centre_pots_potter0_20": 0.65}
[pair_G] {"steps": 1853440, "elapsed_s": 1808.1, "coordination_ring_sparse20": 7.0, "coordination_ring_potter0_20": 0.3, "centre_pots_sparse20": 41.0, "centre_pots_potter0_20": 0.65}
[pair_G] {"steps": 1855488, "elapsed_s": 1809.7, "coordination_ring_sparse20": 6.0, "coordination_ring_potter0_20": 0.25, "centre_pots_sparse20": 41.0, "centre_pots_potter0_20": 0.65}
[pair_G] {"steps": 1857536, "elapsed_s": 1811.3, "coordination_ring_sparse20": 10.0, "coordination_ring_potter0_20": 0.25, "centre_pots_sparse20": 40.0, "centre_pots_potter0_20": 0.65}
[pair_G] {"steps": 1859584, "elapsed_s": 1813.0, "coordination_ring_sparse20": 10.0, "coordination_ring_potter0_20": 0.2, "centre_pots_sparse20": 45.0, "centre_pots_potter0_20": 0.6}
[pair_G] {"steps": 1861632, "elapsed_s": 1815.0, "coordination_ring_sparse20": 11.0, "coordination_ring_potter0_20": 0.15, "centre_pots_sparse20": 50.0, "centre_pots_potter0_20": 0.65}
[pair_G] {"steps": 1863680, "elapsed_s": 1817.0, "coordination_ring_sparse20": 12.0, "coordination_ring_potter0_20": 0.15, "centre_pots_sparse20": 51.0, "centre_pots_potter0_20": 0.65}
[pair_G] {"steps": 1865728, "elapsed_s": 1818.7, "coordination_ring_sparse20": 11.0, "coordination_ring_potter0_20": 0.15, "centre_pots_sparse20": 53.0, "centre_pots_potter0_20": 0.65}
[pair_G] {"steps": 1867776, "elapsed_s": 1820.8, "coordination_ring_sparse20": 10.0, "coordination_ring_potter0_20": 0.15, "centre_pots_sparse20": 52.0, "centre_pots_potter0_20": 0.6}
[pair_G] {"steps": 1869824, "elapsed_s": 1822.5, "coordination_ring_sparse20": 10.0, "coordination_ring_potter0_20": 0.15, "centre_pots_sparse20": 59.0, "centre_pots_potter0_20": 0.6}
[pair_G] {"steps": 1871872, "elapsed_s": 1824.3, "coordination_ring_sparse20": 8.0, "coordination_ring_potter0_20": 0.2, "centre_pots_sparse20": 57.0, "centre_pots_potter0_20": 0.6}
[pair_G] {"steps": 1873920, "elapsed_s": 1826.0, "coordination_ring_sparse20": 9.0, "coordination_ring_potter0_20": 0.2, "centre_pots_sparse20": 52.0, "centre_pots_potter0_20": 0.55}
[pair_G] {"steps": 1875968, "elapsed_s": 1827.8, "coordination_ring_sparse20": 8.0, "coordination_ring_potter0_20": 0.15, "centre_pots_sparse20": 56.0, "centre_pots_potter0_20": 0.6}
[pair_G] {"steps": 1878016, "elapsed_s": 1829.9, "coordination_ring_sparse20": 7.0, "coordination_ring_potter0_20": 0.15, "centre_pots_sparse20": 49.0, "centre_pots_potter0_20": 0.65}
[pair_G] {"steps": 1880064, "elapsed_s": 1831.6, "coordination_ring_sparse20": 8.0, "coordination_ring_potter0_20": 0.15, "centre_pots_sparse20": 42.0, "centre_pots_potter0_20": 0.6}
[pair_G] {"steps": 1882112, "elapsed_s": 1833.4, "coordination_ring_sparse20": 7.0, "coordination_ring_potter0_20": 0.15, "centre_pots_sparse20": 41.0, "centre_pots_potter0_20": 0.65}
[pair_G] {"steps": 1884160, "elapsed_s": 1835.4, "coordination_ring_sparse20": 8.0, "coordination_ring_potter0_20": 0.15, "centre_pots_sparse20": 40.0, "centre_pots_potter0_20": 0.7}
[pair_G] {"steps": 1886208, "elapsed_s": 1837.1, "coordination_ring_sparse20": 9.0, "coordination_ring_potter0_20": 0.1, "centre_pots_sparse20": 40.0, "centre_pots_potter0_20": 0.75}
[pair_G] {"steps": 1888256, "elapsed_s": 1838.7, "coordination_ring_sparse20": 11.0, "coordination_ring_potter0_20": 0.05, "centre_pots_sparse20": 46.0, "centre_pots_potter0_20": 0.8}
[pair_G] {"steps": 1890304, "elapsed_s": 1840.3, "coordination_ring_sparse20": 12.0, "coordination_ring_potter0_20": 0.1, "centre_pots_sparse20": 46.0, "centre_pots_potter0_20": 0.75}
[pair_G] {"steps": 1892352, "elapsed_s": 1842.2, "coordination_ring_sparse20": 11.0, "coordination_ring_potter0_20": 0.15, "centre_pots_sparse20": 45.0, "centre_pots_potter0_20": 0.85}
[pair_G] {"steps": 1894400, "elapsed_s": 1844.4, "coordination_ring_sparse20": 11.0, "coordination_ring_potter0_20": 0.15, "centre_pots_sparse20": 56.0, "centre_pots_potter0_20": 0.8}
[pair_G] {"steps": 1896448, "elapsed_s": 1846.4, "coordination_ring_sparse20": 10.0, "coordination_ring_potter0_20": 0.2, "centre_pots_sparse20": 59.0, "centre_pots_potter0_20": 0.75}
[pair_G] {"steps": 1898496, "elapsed_s": 1848.8, "coordination_ring_sparse20": 12.0, "coordination_ring_potter0_20": 0.2, "centre_pots_sparse20": 60.0, "centre_pots_potter0_20": 0.7}
[pair_G] {"steps": 1900544, "elapsed_s": 1851.1, "coordination_ring_sparse20": 14.0, "coordination_ring_potter0_20": 0.2, "centre_pots_sparse20": 61.0, "centre_pots_potter0_20": 0.6}
[pair_G] {"steps": 1902592, "elapsed_s": 1853.5, "coordination_ring_sparse20": 16.0, "coordination_ring_potter0_20": 0.2, "centre_pots_sparse20": 58.0, "centre_pots_potter0_20": 0.5}
[pair_G] {"steps": 1904640, "elapsed_s": 1855.4, "coordination_ring_sparse20": 15.0, "coordination_ring_potter0_20": 0.25, "centre_pots_sparse20": 60.0, "centre_pots_potter0_20": 0.45}
[pair_G] {"steps": 1906688, "elapsed_s": 1857.8, "coordination_ring_sparse20": 16.0, "coordination_ring_potter0_20": 0.35, "centre_pots_sparse20": 59.0, "centre_pots_potter0_20": 0.4}
[pair_G] {"steps": 1908736, "elapsed_s": 1860.6, "coordination_ring_sparse20": 17.0, "coordination_ring_potter0_20": 0.35, "centre_pots_sparse20": 56.0, "centre_pots_potter0_20": 0.4}
[pair_G] {"steps": 1910784, "elapsed_s": 1862.4, "coordination_ring_sparse20": 16.0, "coordination_ring_potter0_20": 0.25, "centre_pots_sparse20": 56.0, "centre_pots_potter0_20": 0.35}
[pair_G] {"steps": 1912832, "elapsed_s": 1864.5, "coordination_ring_sparse20": 16.0, "coordination_ring_potter0_20": 0.25, "centre_pots_sparse20": 50.0, "centre_pots_potter0_20": 0.45}
[pair_G] {"steps": 1914880, "elapsed_s": 1866.2, "coordination_ring_sparse20": 14.0, "coordination_ring_potter0_20": 0.3, "centre_pots_sparse20": 48.0, "centre_pots_potter0_20": 0.5}
[pair_G] {"steps": 1916928, "elapsed_s": 1868.5, "coordination_ring_sparse20": 14.0, "coordination_ring_potter0_20": 0.3, "centre_pots_sparse20": 47.0, "centre_pots_potter0_20": 0.4}
[pair_G] {"steps": 1918976, "elapsed_s": 1869.9, "coordination_ring_sparse20": 10.0, "coordination_ring_potter0_20": 0.35, "centre_pots_sparse20": 48.0, "centre_pots_potter0_20": 0.45}
[pair_G] {"steps": 1921024, "elapsed_s": 1871.5, "coordination_ring_sparse20": 13.0, "coordination_ring_potter0_20": 0.3, "centre_pots_sparse20": 45.0, "centre_pots_potter0_20": 0.45}
[pair_G] {"steps": 1923072, "elapsed_s": 1873.4, "coordination_ring_sparse20": 10.0, "coordination_ring_potter0_20": 0.25, "centre_pots_sparse20": 46.0, "centre_pots_potter0_20": 0.45}
[pair_G] {"steps": 1925120, "elapsed_s": 1875.1, "coordination_ring_sparse20": 9.0, "coordination_ring_potter0_20": 0.25, "centre_pots_sparse20": 49.0, "centre_pots_potter0_20": 0.5}
[pair_G] {"steps": 1927168, "elapsed_s": 1876.8, "coordination_ring_sparse20": 12.0, "coordination_ring_potter0_20": 0.25, "centre_pots_sparse20": 50.0, "centre_pots_potter0_20": 0.55}
[pair_G] {"steps": 1929216, "elapsed_s": 1878.5, "coordination_ring_sparse20": 12.0, "coordination_ring_potter0_20": 0.3, "centre_pots_sparse20": 51.0, "centre_pots_potter0_20": 0.55}
[pair_G] {"steps": 1931264, "elapsed_s": 1880.2, "coordination_ring_sparse20": 14.0, "coordination_ring_potter0_20": 0.25, "centre_pots_sparse20": 49.0, "centre_pots_potter0_20": 0.55}
[pair_G] {"steps": 1933312, "elapsed_s": 1881.7, "coordination_ring_sparse20": 14.0, "coordination_ring_potter0_20": 0.25, "centre_pots_sparse20": 48.0, "centre_pots_potter0_20": 0.5}
[pair_G] {"steps": 1935360, "elapsed_s": 1883.5, "coordination_ring_sparse20": 14.0, "coordination_ring_potter0_20": 0.3, "centre_pots_sparse20": 55.0, "centre_pots_potter0_20": 0.5}
[pair_G] {"steps": 1937408, "elapsed_s": 1885.2, "coordination_ring_sparse20": 16.0, "coordination_ring_potter0_20": 0.25, "centre_pots_sparse20": 54.0, "centre_pots_potter0_20": 0.5}
[pair_G] {"steps": 1939456, "elapsed_s": 1887.4, "coordination_ring_sparse20": 16.0, "coordination_ring_potter0_20": 0.25, "centre_pots_sparse20": 53.0, "centre_pots_potter0_20": 0.45}
[pair_G] {"steps": 1941504, "elapsed_s": 1890.6, "coordination_ring_sparse20": 16.0, "coordination_ring_potter0_20": 0.25, "centre_pots_sparse20": 50.0, "centre_pots_potter0_20": 0.4}
[pair_G] {"steps": 1943552, "elapsed_s": 1893.1, "coordination_ring_sparse20": 17.0, "coordination_ring_potter0_20": 0.3, "centre_pots_sparse20": 52.0, "centre_pots_potter0_20": 0.4}
[pair_G] {"steps": 1945600, "elapsed_s": 1895.7, "coordination_ring_sparse20": 19.0, "coordination_ring_potter0_20": 0.3, "centre_pots_sparse20": 60.0, "centre_pots_potter0_20": 0.35}
[pair_G] {"steps": 1947648, "elapsed_s": 1898.6, "coordination_ring_sparse20": 17.0, "coordination_ring_potter0_20": 0.3, "centre_pots_sparse20": 63.0, "centre_pots_potter0_20": 0.35}
[pair_G] {"steps": 1949696, "elapsed_s": 1901.8, "coordination_ring_sparse20": 17.0, "coordination_ring_potter0_20": 0.3, "centre_pots_sparse20": 64.0, "centre_pots_potter0_20": 0.55}
[pair_G] {"steps": 1951744, "elapsed_s": 1905.0, "coordination_ring_sparse20": 17.0, "coordination_ring_potter0_20": 0.3, "centre_pots_sparse20": 60.0, "centre_pots_potter0_20": 0.7}
[pair_G] {"steps": 1953792, "elapsed_s": 1907.9, "coordination_ring_sparse20": 16.0, "coordination_ring_potter0_20": 0.3, "centre_pots_sparse20": 60.0, "centre_pots_potter0_20": 0.75}
[pair_G] {"steps": 1955840, "elapsed_s": 1910.1, "coordination_ring_sparse20": 17.0, "coordination_ring_potter0_20": 0.35, "centre_pots_sparse20": 60.0, "centre_pots_potter0_20": 0.7}
[pair_G] {"steps": 1957888, "elapsed_s": 1912.4, "coordination_ring_sparse20": 19.0, "coordination_ring_potter0_20": 0.35, "centre_pots_sparse20": 58.0, "centre_pots_potter0_20": 0.75}
[pair_G] {"steps": 1959936, "elapsed_s": 1914.9, "coordination_ring_sparse20": 17.0, "coordination_ring_potter0_20": 0.35, "centre_pots_sparse20": 57.0, "centre_pots_potter0_20": 0.75}
[pair_G] {"steps": 1961984, "elapsed_s": 1918.1, "coordination_ring_sparse20": 17.0, "coordination_ring_potter0_20": 0.35, "centre_pots_sparse20": 53.0, "centre_pots_potter0_20": 0.7}
[pair_G] {"steps": 1964032, "elapsed_s": 1920.4, "coordination_ring_sparse20": 15.0, "coordination_ring_potter0_20": 0.3, "centre_pots_sparse20": 62.0, "centre_pots_potter0_20": 0.7}
[pair_G] {"steps": 1966080, "elapsed_s": 1922.6, "coordination_ring_sparse20": 10.0, "coordination_ring_potter0_20": 0.25, "centre_pots_sparse20": 63.0, "centre_pots_potter0_20": 0.65}
[pair_G] {"steps": 1968128, "elapsed_s": 1925.2, "coordination_ring_sparse20": 10.0, "coordination_ring_potter0_20": 0.25, "centre_pots_sparse20": 66.0, "centre_pots_potter0_20": 0.6}
[pair_G] {"steps": 1970176, "elapsed_s": 1927.9, "coordination_ring_sparse20": 10.0, "coordination_ring_potter0_20": 0.25, "centre_pots_sparse20": 72.0, "centre_pots_potter0_20": 0.55}
[pair_G] {"steps": 1972224, "elapsed_s": 1930.6, "coordination_ring_sparse20": 8.0, "coordination_ring_potter0_20": 0.3, "centre_pots_sparse20": 75.0, "centre_pots_potter0_20": 0.55}
[pair_G] {"steps": 1974272, "elapsed_s": 1933.9, "coordination_ring_sparse20": 8.0, "coordination_ring_potter0_20": 0.3, "centre_pots_sparse20": 75.0, "centre_pots_potter0_20": 0.5}
[pair_G] {"steps": 1976320, "elapsed_s": 1936.7, "coordination_ring_sparse20": 8.0, "coordination_ring_potter0_20": 0.3, "centre_pots_sparse20": 74.0, "centre_pots_potter0_20": 0.5}
[pair_G] {"steps": 1978368, "elapsed_s": 1939.4, "coordination_ring_sparse20": 7.0, "coordination_ring_potter0_20": 0.3, "centre_pots_sparse20": 75.0, "centre_pots_potter0_20": 0.4}
[pair_G] {"steps": 1980416, "elapsed_s": 1941.9, "coordination_ring_sparse20": 6.0, "coordination_ring_potter0_20": 0.3, "centre_pots_sparse20": 73.0, "centre_pots_potter0_20": 0.45}
[pair_G] {"steps": 1982464, "elapsed_s": 1944.0, "coordination_ring_sparse20": 7.0, "coordination_ring_potter0_20": 0.35, "centre_pots_sparse20": 73.0, "centre_pots_potter0_20": 0.45}
[pair_G] {"steps": 1984512, "elapsed_s": 1946.5, "coordination_ring_sparse20": 6.0, "coordination_ring_potter0_20": 0.35, "centre_pots_sparse20": 74.0, "centre_pots_potter0_20": 0.45}
[pair_G] {"steps": 1986560, "elapsed_s": 1949.3, "coordination_ring_sparse20": 8.0, "coordination_ring_potter0_20": 0.35, "centre_pots_sparse20": 74.0, "centre_pots_potter0_20": 0.45}
[pair_G] {"steps": 1988608, "elapsed_s": 1951.8, "coordination_ring_sparse20": 7.0, "coordination_ring_potter0_20": 0.4, "centre_pots_sparse20": 70.0, "centre_pots_potter0_20": 0.45}
[pair_G] {"steps": 1990656, "elapsed_s": 1954.6, "coordination_ring_sparse20": 7.0, "coordination_ring_potter0_20": 0.3, "centre_pots_sparse20": 67.0, "centre_pots_potter0_20": 0.35}
[pair_G] {"steps": 1992704, "elapsed_s": 1956.4, "coordination_ring_sparse20": 6.0, "coordination_ring_potter0_20": 0.3, "centre_pots_sparse20": 66.0, "centre_pots_potter0_20": 0.35}
[pair_G] {"steps": 1994752, "elapsed_s": 1958.9, "coordination_ring_sparse20": 5.0, "coordination_ring_potter0_20": 0.35, "centre_pots_sparse20": 64.0, "centre_pots_potter0_20": 0.3}
[pair_G] {"steps": 1996800, "elapsed_s": 1961.5, "coordination_ring_sparse20": 5.0, "coordination_ring_potter0_20": 0.35, "centre_pots_sparse20": 63.0, "centre_pots_potter0_20": 0.4}
[pair_G] {"steps": 1998848, "elapsed_s": 1963.9, "coordination_ring_sparse20": 7.0, "coordination_ring_potter0_20": 0.4, "centre_pots_sparse20": 60.0, "centre_pots_potter0_20": 0.5}
[pair_G] {"steps": 2000896, "elapsed_s": 1966.5, "coordination_ring_sparse20": 5.0, "coordination_ring_potter0_20": 0.35, "centre_pots_sparse20": 62.0, "centre_pots_potter0_20": 0.45}
[pair_G] {"steps": 2002944, "elapsed_s": 1968.6, "coordination_ring_sparse20": 5.0, "coordination_ring_potter0_20": 0.25, "centre_pots_sparse20": 62.0, "centre_pots_potter0_20": 0.4}
[pair_G] {"steps": 2004992, "elapsed_s": 1970.8, "coordination_ring_sparse20": 2.0, "coordination_ring_potter0_20": 0.25, "centre_pots_sparse20": 63.0, "centre_pots_potter0_20": 0.45}
[pair_G] {"steps": 2007040, "elapsed_s": 1973.5, "coordination_ring_sparse20": 2.0, "coordination_ring_potter0_20": 0.3, "centre_pots_sparse20": 63.0, "centre_pots_potter0_20": 0.4}
[pair_G] {"steps": 2009088, "elapsed_s": 1975.9, "coordination_ring_sparse20": 2.0, "coordination_ring_potter0_20": 0.3, "centre_pots_sparse20": 68.0, "centre_pots_potter0_20": 0.3}
[pair_G] {"steps": 2011136, "elapsed_s": 1977.6, "coordination_ring_sparse20": 4.0, "coordination_ring_potter0_20": 0.3, "centre_pots_sparse20": 68.0, "centre_pots_potter0_20": 0.3}
[pair_G] {"steps": 2013184, "elapsed_s": 1979.1, "coordination_ring_sparse20": 4.0, "coordination_ring_potter0_20": 0.3, "centre_pots_sparse20": 68.0, "centre_pots_potter0_20": 0.25}
[pair_G] {"steps": 2015232, "elapsed_s": 1981.4, "coordination_ring_sparse20": 3.0, "coordination_ring_potter0_20": 0.3, "centre_pots_sparse20": 64.0, "centre_pots_potter0_20": 0.2}
[pair_G] {"steps": 2017280, "elapsed_s": 1983.6, "coordination_ring_sparse20": 5.0, "coordination_ring_potter0_20": 0.45, "centre_pots_sparse20": 63.0, "centre_pots_potter0_20": 0.2}
[pair_G] {"steps": 2019328, "elapsed_s": 1985.7, "coordination_ring_sparse20": 7.0, "coordination_ring_potter0_20": 0.45, "centre_pots_sparse20": 64.0, "centre_pots_potter0_20": 0.25}
[pair_G] {"steps": 2021376, "elapsed_s": 1988.1, "coordination_ring_sparse20": 7.0, "coordination_ring_potter0_20": 0.5, "centre_pots_sparse20": 63.0, "centre_pots_potter0_20": 0.3}
[pair_G] {"steps": 2023424, "elapsed_s": 1990.5, "coordination_ring_sparse20": 7.0, "coordination_ring_potter0_20": 0.45, "centre_pots_sparse20": 63.0, "centre_pots_potter0_20": 0.3}
[pair_G] {"steps": 2025472, "elapsed_s": 1992.7, "coordination_ring_sparse20": 6.0, "coordination_ring_potter0_20": 0.4, "centre_pots_sparse20": 63.0, "centre_pots_potter0_20": 0.3}
[pair_G] {"steps": 2027520, "elapsed_s": 1995.2, "coordination_ring_sparse20": 6.0, "coordination_ring_potter0_20": 0.35, "centre_pots_sparse20": 65.0, "centre_pots_potter0_20": 0.4}
[pair_G] {"steps": 2029568, "elapsed_s": 1997.9, "coordination_ring_sparse20": 7.0, "coordination_ring_potter0_20": 0.25, "centre_pots_sparse20": 58.0, "centre_pots_potter0_20": 0.45}
[pair_G] {"steps": 2031616, "elapsed_s": 2001.1, "coordination_ring_sparse20": 6.0, "coordination_ring_potter0_20": 0.3, "centre_pots_sparse20": 55.0, "centre_pots_potter0_20": 0.65}
[pair_G] {"steps": 2033664, "elapsed_s": 2003.4, "coordination_ring_sparse20": 7.0, "coordination_ring_potter0_20": 0.3, "centre_pots_sparse20": 53.0, "centre_pots_potter0_20": 0.6}
[pair_G] {"steps": 2035712, "elapsed_s": 2005.3, "coordination_ring_sparse20": 11.0, "coordination_ring_potter0_20": 0.3, "centre_pots_sparse20": 53.0, "centre_pots_potter0_20": 0.6}
[pair_G] {"steps": 2037760, "elapsed_s": 2007.7, "coordination_ring_sparse20": 13.0, "coordination_ring_potter0_20": 0.25, "centre_pots_sparse20": 53.0, "centre_pots_potter0_20": 0.65}
[pair_G] {"steps": 2039808, "elapsed_s": 2010.1, "coordination_ring_sparse20": 13.0, "coordination_ring_potter0_20": 0.2, "centre_pots_sparse20": 49.0, "centre_pots_potter0_20": 0.65}
[pair_G] {"steps": 2041856, "elapsed_s": 2012.4, "coordination_ring_sparse20": 13.0, "coordination_ring_potter0_20": 0.15, "centre_pots_sparse20": 50.0, "centre_pots_potter0_20": 0.7}
[pair_G] {"steps": 2043904, "elapsed_s": 2014.8, "coordination_ring_sparse20": 13.0, "coordination_ring_potter0_20": 0.2, "centre_pots_sparse20": 55.0, "centre_pots_potter0_20": 0.7}
[pair_G] {"steps": 2045952, "elapsed_s": 2017.3, "coordination_ring_sparse20": 13.0, "coordination_ring_potter0_20": 0.25, "centre_pots_sparse20": 58.0, "centre_pots_potter0_20": 0.65}
[pair_G] {"steps": 2048000, "elapsed_s": 2019.2, "coordination_ring_sparse20": 10.0, "coordination_ring_potter0_20": 0.2, "centre_pots_sparse20": 63.0, "centre_pots_potter0_20": 0.6}
[pair_G] {"steps": 2050048, "elapsed_s": 2021.8, "coordination_ring_sparse20": 10.0, "coordination_ring_potter0_20": 0.2, "centre_pots_sparse20": 70.0, "centre_pots_potter0_20": 0.6}
[pair_G] {"steps": 2052096, "elapsed_s": 2024.9, "coordination_ring_sparse20": 9.0, "coordination_ring_potter0_20": 0.15, "centre_pots_sparse20": 64.0, "centre_pots_potter0_20": 0.6}
[pair_G] {"steps": 2054144, "elapsed_s": 2027.5, "coordination_ring_sparse20": 8.0, "coordination_ring_potter0_20": 0.15, "centre_pots_sparse20": 63.0, "centre_pots_potter0_20": 0.65}
[pair_G] {"steps": 2056192, "elapsed_s": 2029.9, "coordination_ring_sparse20": 8.0, "coordination_ring_potter0_20": 0.2, "centre_pots_sparse20": 65.0, "centre_pots_potter0_20": 0.65}
[pair_G] {"steps": 2058240, "elapsed_s": 2032.1, "coordination_ring_sparse20": 11.0, "coordination_ring_potter0_20": 0.3, "centre_pots_sparse20": 62.0, "centre_pots_potter0_20": 0.65}
[pair_G] {"steps": 2060288, "elapsed_s": 2034.6, "coordination_ring_sparse20": 13.0, "coordination_ring_potter0_20": 0.25, "centre_pots_sparse20": 62.0, "centre_pots_potter0_20": 0.6}
[pair_G] {"steps": 2062336, "elapsed_s": 2037.1, "coordination_ring_sparse20": 16.0, "coordination_ring_potter0_20": 0.15, "centre_pots_sparse20": 63.0, "centre_pots_potter0_20": 0.6}
[pair_G] {"steps": 2064384, "elapsed_s": 2039.6, "coordination_ring_sparse20": 16.0, "coordination_ring_potter0_20": 0.15, "centre_pots_sparse20": 66.0, "centre_pots_potter0_20": 0.55}
[pair_G] {"steps": 2066432, "elapsed_s": 2042.0, "coordination_ring_sparse20": 16.0, "coordination_ring_potter0_20": 0.15, "centre_pots_sparse20": 61.0, "centre_pots_potter0_20": 0.6}
[pair_G] {"steps": 2068480, "elapsed_s": 2044.7, "coordination_ring_sparse20": 19.0, "coordination_ring_potter0_20": 0.15, "centre_pots_sparse20": 63.0, "centre_pots_potter0_20": 0.5}
[pair_G] {"steps": 2070528, "elapsed_s": 2047.2, "coordination_ring_sparse20": 23.0, "coordination_ring_potter0_20": 0.2, "centre_pots_sparse20": 67.0, "centre_pots_potter0_20": 0.5}
[pair_G] {"steps": 2072576, "elapsed_s": 2049.3, "coordination_ring_sparse20": 23.0, "coordination_ring_potter0_20": 0.1, "centre_pots_sparse20": 72.0, "centre_pots_potter0_20": 0.45}
[pair_G] {"steps": 2074624, "elapsed_s": 2051.3, "coordination_ring_sparse20": 23.0, "coordination_ring_potter0_20": 0.1, "centre_pots_sparse20": 68.0, "centre_pots_potter0_20": 0.35}
[pair_G] {"steps": 2076672, "elapsed_s": 2052.9, "coordination_ring_sparse20": 20.0, "coordination_ring_potter0_20": 0.2, "centre_pots_sparse20": 68.0, "centre_pots_potter0_20": 0.4}
[pair_G] {"steps": 2078720, "elapsed_s": 2054.9, "coordination_ring_sparse20": 22.0, "coordination_ring_potter0_20": 0.25, "centre_pots_sparse20": 68.0, "centre_pots_potter0_20": 0.45}
[pair_G] {"steps": 2080768, "elapsed_s": 2056.7, "coordination_ring_sparse20": 24.0, "coordination_ring_potter0_20": 0.25, "centre_pots_sparse20": 64.0, "centre_pots_potter0_20": 0.45}
[pair_G] {"steps": 2082816, "elapsed_s": 2058.8, "coordination_ring_sparse20": 18.0, "coordination_ring_potter0_20": 0.3, "centre_pots_sparse20": 63.0, "centre_pots_potter0_20": 0.5}
[pair_G] {"steps": 2084864, "elapsed_s": 2061.3, "coordination_ring_sparse20": 18.0, "coordination_ring_potter0_20": 0.2, "centre_pots_sparse20": 61.0, "centre_pots_potter0_20": 0.45}
[pair_G] {"steps": 2086912, "elapsed_s": 2063.4, "coordination_ring_sparse20": 17.0, "coordination_ring_potter0_20": 0.3, "centre_pots_sparse20": 63.0, "centre_pots_potter0_20": 0.5}
[pair_G] {"steps": 2088960, "elapsed_s": 2065.6, "coordination_ring_sparse20": 16.0, "coordination_ring_potter0_20": 0.25, "centre_pots_sparse20": 64.0, "centre_pots_potter0_20": 0.55}
[pair_G] {"steps": 2091008, "elapsed_s": 2068.3, "coordination_ring_sparse20": 16.0, "coordination_ring_potter0_20": 0.25, "centre_pots_sparse20": 62.0, "centre_pots_potter0_20": 0.6}
[pair_G] {"steps": 2093056, "elapsed_s": 2070.6, "coordination_ring_sparse20": 9.0, "coordination_ring_potter0_20": 0.3, "centre_pots_sparse20": 62.0, "centre_pots_potter0_20": 0.6}
[pair_G] {"steps": 2095104, "elapsed_s": 2073.3, "coordination_ring_sparse20": 9.0, "coordination_ring_potter0_20": 0.4, "centre_pots_sparse20": 64.0, "centre_pots_potter0_20": 0.5}
[pair_G] {"steps": 2097152, "elapsed_s": 2076.0, "coordination_ring_sparse20": 9.0, "coordination_ring_potter0_20": 0.35, "centre_pots_sparse20": 61.0, "centre_pots_potter0_20": 0.45}
[pair_G] {"steps": 2099200, "elapsed_s": 2079.4, "coordination_ring_sparse20": 8.0, "coordination_ring_potter0_20": 0.45, "centre_pots_sparse20": 66.0, "centre_pots_potter0_20": 0.5}
[pair_G] {"steps": 2101248, "elapsed_s": 2081.3, "coordination_ring_sparse20": 6.0, "coordination_ring_potter0_20": 0.45, "centre_pots_sparse20": 69.0, "centre_pots_potter0_20": 0.45}
[pair_G] {"steps": 2103296, "elapsed_s": 2083.7, "coordination_ring_sparse20": 7.0, "coordination_ring_potter0_20": 0.4, "centre_pots_sparse20": 68.0, "centre_pots_potter0_20": 0.45}
[pair_G] {"steps": 2105344, "elapsed_s": 2086.7, "coordination_ring_sparse20": 9.0, "coordination_ring_potter0_20": 0.35, "centre_pots_sparse20": 70.0, "centre_pots_potter0_20": 0.4}
[pair_G] {"steps": 2107392, "elapsed_s": 2089.7, "coordination_ring_sparse20": 9.0, "coordination_ring_potter0_20": 0.35, "centre_pots_sparse20": 71.0, "centre_pots_potter0_20": 0.25}
[pair_G] {"steps": 2109440, "elapsed_s": 2092.2, "coordination_ring_sparse20": 10.0, "coordination_ring_potter0_20": 0.35, "centre_pots_sparse20": 70.0, "centre_pots_potter0_20": 0.45}
[pair_G] {"steps": 2111488, "elapsed_s": 2095.2, "coordination_ring_sparse20": 11.0, "coordination_ring_potter0_20": 0.25, "centre_pots_sparse20": 73.0, "centre_pots_potter0_20": 0.5}
[pair_G] {"steps": 2113536, "elapsed_s": 2098.2, "coordination_ring_sparse20": 13.0, "coordination_ring_potter0_20": 0.25, "centre_pots_sparse20": 72.0, "centre_pots_potter0_20": 0.6}
[pair_G] {"steps": 2115584, "elapsed_s": 2100.6, "coordination_ring_sparse20": 12.0, "coordination_ring_potter0_20": 0.2, "centre_pots_sparse20": 72.0, "centre_pots_potter0_20": 0.6}
[pair_G] {"steps": 2117632, "elapsed_s": 2103.4, "coordination_ring_sparse20": 12.0, "coordination_ring_potter0_20": 0.15, "centre_pots_sparse20": 72.0, "centre_pots_potter0_20": 0.65}
[pair_G] {"steps": 2119680, "elapsed_s": 2105.9, "coordination_ring_sparse20": 15.0, "coordination_ring_potter0_20": 0.05, "centre_pots_sparse20": 71.0, "centre_pots_potter0_20": 0.65}
[pair_G] {"steps": 2121728, "elapsed_s": 2108.3, "coordination_ring_sparse20": 16.0, "coordination_ring_potter0_20": 0.05, "centre_pots_sparse20": 72.0, "centre_pots_potter0_20": 0.6}
[pair_G] {"steps": 2123776, "elapsed_s": 2110.6, "coordination_ring_sparse20": 18.0, "coordination_ring_potter0_20": 0.1, "centre_pots_sparse20": 72.0, "centre_pots_potter0_20": 0.6}
[pair_G] {"steps": 2125824, "elapsed_s": 2113.3, "coordination_ring_sparse20": 18.0, "coordination_ring_potter0_20": 0.1, "centre_pots_sparse20": 69.0, "centre_pots_potter0_20": 0.65}
[pair_G] {"steps": 2127872, "elapsed_s": 2115.6, "coordination_ring_sparse20": 20.0, "coordination_ring_potter0_20": 0.1, "centre_pots_sparse20": 66.0, "centre_pots_potter0_20": 0.7}
[pair_G] {"steps": 2129920, "elapsed_s": 2118.3, "coordination_ring_sparse20": 20.0, "coordination_ring_potter0_20": 0.05, "centre_pots_sparse20": 65.0, "centre_pots_potter0_20": 0.7}
[pair_G] {"steps": 2131968, "elapsed_s": 2121.0, "coordination_ring_sparse20": 21.0, "coordination_ring_potter0_20": 0.05, "centre_pots_sparse20": 64.0, "centre_pots_potter0_20": 0.8}
[pair_G] {"steps": 2134016, "elapsed_s": 2124.3, "coordination_ring_sparse20": 22.0, "coordination_ring_potter0_20": 0.05, "centre_pots_sparse20": 65.0, "centre_pots_potter0_20": 0.85}
[pair_G] {"steps": 2136064, "elapsed_s": 2126.9, "coordination_ring_sparse20": 22.0, "coordination_ring_potter0_20": 0.05, "centre_pots_sparse20": 64.0, "centre_pots_potter0_20": 0.9}
[pair_G] {"steps": 2138112, "elapsed_s": 2129.8, "coordination_ring_sparse20": 22.0, "coordination_ring_potter0_20": 0.1, "centre_pots_sparse20": 64.0, "centre_pots_potter0_20": 0.85}
[pair_G] {"steps": 2140160, "elapsed_s": 2132.5, "coordination_ring_sparse20": 22.0, "coordination_ring_potter0_20": 0.15, "centre_pots_sparse20": 65.0, "centre_pots_potter0_20": 0.85}
[pair_G] {"steps": 2142208, "elapsed_s": 2135.5, "coordination_ring_sparse20": 21.0, "coordination_ring_potter0_20": 0.2, "centre_pots_sparse20": 64.0, "centre_pots_potter0_20": 0.75}
[pair_G] {"steps": 2144256, "elapsed_s": 2138.2, "coordination_ring_sparse20": 20.0, "coordination_ring_potter0_20": 0.15, "centre_pots_sparse20": 65.0, "centre_pots_potter0_20": 0.65}
[pair_G] {"steps": 2146304, "elapsed_s": 2140.8, "coordination_ring_sparse20": 19.0, "coordination_ring_potter0_20": 0.15, "centre_pots_sparse20": 65.0, "centre_pots_potter0_20": 0.7}
[pair_G] {"steps": 2148352, "elapsed_s": 2142.6, "coordination_ring_sparse20": 17.0, "coordination_ring_potter0_20": 0.2, "centre_pots_sparse20": 67.0, "centre_pots_potter0_20": 0.7}
[pair_G] {"steps": 2150400, "elapsed_s": 2144.6, "coordination_ring_sparse20": 17.0, "coordination_ring_potter0_20": 0.25, "centre_pots_sparse20": 62.0, "centre_pots_potter0_20": 0.65}
[pair_G] {"steps": 2152448, "elapsed_s": 2146.4, "coordination_ring_sparse20": 16.0, "coordination_ring_potter0_20": 0.35, "centre_pots_sparse20": 61.0, "centre_pots_potter0_20": 0.6}
[pair_G] {"steps": 2154496, "elapsed_s": 2148.1, "coordination_ring_sparse20": 15.0, "coordination_ring_potter0_20": 0.4, "centre_pots_sparse20": 56.0, "centre_pots_potter0_20": 0.65}
[pair_G] {"steps": 2156544, "elapsed_s": 2149.8, "coordination_ring_sparse20": 17.0, "coordination_ring_potter0_20": 0.4, "centre_pots_sparse20": 61.0, "centre_pots_potter0_20": 0.65}
[pair_G] {"steps": 2158592, "elapsed_s": 2151.6, "coordination_ring_sparse20": 19.0, "coordination_ring_potter0_20": 0.4, "centre_pots_sparse20": 57.0, "centre_pots_potter0_20": 0.6}
[pair_G] {"steps": 2160640, "elapsed_s": 2153.2, "coordination_ring_sparse20": 20.0, "coordination_ring_potter0_20": 0.35, "centre_pots_sparse20": 56.0, "centre_pots_potter0_20": 0.55}
[pair_G] {"steps": 2162688, "elapsed_s": 2155.2, "coordination_ring_sparse20": 21.0, "coordination_ring_potter0_20": 0.35, "centre_pots_sparse20": 58.0, "centre_pots_potter0_20": 0.55}
[pair_G] {"steps": 2164736, "elapsed_s": 2157.3, "coordination_ring_sparse20": 22.0, "coordination_ring_potter0_20": 0.4, "centre_pots_sparse20": 59.0, "centre_pots_potter0_20": 0.5}
[pair_G] {"steps": 2166784, "elapsed_s": 2159.2, "coordination_ring_sparse20": 24.0, "coordination_ring_potter0_20": 0.35, "centre_pots_sparse20": 61.0, "centre_pots_potter0_20": 0.5}
[pair_G] {"steps": 2168832, "elapsed_s": 2161.0, "coordination_ring_sparse20": 25.0, "coordination_ring_potter0_20": 0.35, "centre_pots_sparse20": 67.0, "centre_pots_potter0_20": 0.5}
[pair_G] {"steps": 2170880, "elapsed_s": 2162.6, "coordination_ring_sparse20": 31.0, "coordination_ring_potter0_20": 0.3, "centre_pots_sparse20": 64.0, "centre_pots_potter0_20": 0.5}
[pair_G] {"steps": 2172928, "elapsed_s": 2164.4, "coordination_ring_sparse20": 29.0, "coordination_ring_potter0_20": 0.25, "centre_pots_sparse20": 62.0, "centre_pots_potter0_20": 0.6}
[pair_G] {"steps": 2174976, "elapsed_s": 2166.2, "coordination_ring_sparse20": 29.0, "coordination_ring_potter0_20": 0.25, "centre_pots_sparse20": 61.0, "centre_pots_potter0_20": 0.6}
[pair_G] {"steps": 2177024, "elapsed_s": 2167.9, "coordination_ring_sparse20": 29.0, "coordination_ring_potter0_20": 0.25, "centre_pots_sparse20": 59.0, "centre_pots_potter0_20": 0.65}
[pair_G] {"steps": 2179072, "elapsed_s": 2169.5, "coordination_ring_sparse20": 32.0, "coordination_ring_potter0_20": 0.3, "centre_pots_sparse20": 58.0, "centre_pots_potter0_20": 0.65}
[pair_G] {"steps": 2181120, "elapsed_s": 2171.7, "coordination_ring_sparse20": 32.0, "coordination_ring_potter0_20": 0.3, "centre_pots_sparse20": 60.0, "centre_pots_potter0_20": 0.75}
[pair_G] {"steps": 2183168, "elapsed_s": 2173.3, "coordination_ring_sparse20": 33.0, "coordination_ring_potter0_20": 0.25, "centre_pots_sparse20": 61.0, "centre_pots_potter0_20": 0.8}
[pair_G] {"steps": 2185216, "elapsed_s": 2175.4, "coordination_ring_sparse20": 33.0, "coordination_ring_potter0_20": 0.3, "centre_pots_sparse20": 67.0, "centre_pots_potter0_20": 0.85}
[pair_G] {"steps": 2187264, "elapsed_s": 2177.4, "coordination_ring_sparse20": 33.0, "coordination_ring_potter0_20": 0.25, "centre_pots_sparse20": 75.0, "centre_pots_potter0_20": 0.95}
[pair_G] {"steps": 2189312, "elapsed_s": 2179.2, "coordination_ring_sparse20": 31.0, "coordination_ring_potter0_20": 0.3, "centre_pots_sparse20": 71.0, "centre_pots_potter0_20": 0.95}
[pair_G] {"steps": 2191360, "elapsed_s": 2180.9, "coordination_ring_sparse20": 26.0, "coordination_ring_potter0_20": 0.25, "centre_pots_sparse20": 70.0, "centre_pots_potter0_20": 0.95}
[pair_G] {"steps": 2193408, "elapsed_s": 2182.5, "coordination_ring_sparse20": 23.0, "coordination_ring_potter0_20": 0.2, "centre_pots_sparse20": 67.0, "centre_pots_potter0_20": 0.95}
[pair_G] {"steps": 2195456, "elapsed_s": 2184.2, "coordination_ring_sparse20": 24.0, "coordination_ring_potter0_20": 0.2, "centre_pots_sparse20": 66.0, "centre_pots_potter0_20": 0.85}
[pair_G] {"steps": 2197504, "elapsed_s": 2186.1, "coordination_ring_sparse20": 19.0, "coordination_ring_potter0_20": 0.3, "centre_pots_sparse20": 65.0, "centre_pots_potter0_20": 0.85}
[pair_G] {"steps": 2199552, "elapsed_s": 2187.9, "coordination_ring_sparse20": 16.0, "coordination_ring_potter0_20": 0.25, "centre_pots_sparse20": 62.0, "centre_pots_potter0_20": 0.8}
[pair_G] {"steps": 2201600, "elapsed_s": 2190.0, "coordination_ring_sparse20": 12.0, "coordination_ring_potter0_20": 0.25, "centre_pots_sparse20": 56.0, "centre_pots_potter0_20": 0.8}
[pair_G] {"steps": 2203648, "elapsed_s": 2191.6, "coordination_ring_sparse20": 12.0, "coordination_ring_potter0_20": 0.25, "centre_pots_sparse20": 51.0, "centre_pots_potter0_20": 0.7}
[pair_G] {"steps": 2205696, "elapsed_s": 2193.4, "coordination_ring_sparse20": 13.0, "coordination_ring_potter0_20": 0.25, "centre_pots_sparse20": 51.0, "centre_pots_potter0_20": 0.65}
[pair_G] {"steps": 2207744, "elapsed_s": 2195.5, "coordination_ring_sparse20": 12.0, "coordination_ring_potter0_20": 0.3, "centre_pots_sparse20": 50.0, "centre_pots_potter0_20": 0.6}
[pair_G] {"steps": 2209792, "elapsed_s": 2197.4, "coordination_ring_sparse20": 10.0, "coordination_ring_potter0_20": 0.25, "centre_pots_sparse20": 49.0, "centre_pots_potter0_20": 0.5}
[pair_G] {"steps": 2211840, "elapsed_s": 2199.3, "coordination_ring_sparse20": 11.0, "coordination_ring_potter0_20": 0.25, "centre_pots_sparse20": 52.0, "centre_pots_potter0_20": 0.5}
[pair_G] {"steps": 2213888, "elapsed_s": 2201.2, "coordination_ring_sparse20": 11.0, "coordination_ring_potter0_20": 0.2, "centre_pots_sparse20": 46.0, "centre_pots_potter0_20": 0.45}
[pair_G] {"steps": 2215936, "elapsed_s": 2203.1, "coordination_ring_sparse20": 11.0, "coordination_ring_potter0_20": 0.15, "centre_pots_sparse20": 50.0, "centre_pots_potter0_20": 0.45}
[pair_G] {"steps": 2217984, "elapsed_s": 2205.2, "coordination_ring_sparse20": 10.0, "coordination_ring_potter0_20": 0.2, "centre_pots_sparse20": 54.0, "centre_pots_potter0_20": 0.5}
[pair_G] {"steps": 2220032, "elapsed_s": 2206.8, "coordination_ring_sparse20": 8.0, "coordination_ring_potter0_20": 0.25, "centre_pots_sparse20": 58.0, "centre_pots_potter0_20": 0.45}
[pair_G] {"steps": 2222080, "elapsed_s": 2208.9, "coordination_ring_sparse20": 8.0, "coordination_ring_potter0_20": 0.2, "centre_pots_sparse20": 63.0, "centre_pots_potter0_20": 0.5}
[pair_G] {"steps": 2224128, "elapsed_s": 2210.6, "coordination_ring_sparse20": 8.0, "coordination_ring_potter0_20": 0.2, "centre_pots_sparse20": 65.0, "centre_pots_potter0_20": 0.45}
[pair_G] {"steps": 2226176, "elapsed_s": 2212.2, "coordination_ring_sparse20": 10.0, "coordination_ring_potter0_20": 0.15, "centre_pots_sparse20": 61.0, "centre_pots_potter0_20": 0.45}
[pair_G] {"steps": 2228224, "elapsed_s": 2213.7, "coordination_ring_sparse20": 12.0, "coordination_ring_potter0_20": 0.25, "centre_pots_sparse20": 62.0, "centre_pots_potter0_20": 0.45}
[pair_G] {"steps": 2230272, "elapsed_s": 2215.8, "coordination_ring_sparse20": 15.0, "coordination_ring_potter0_20": 0.25, "centre_pots_sparse20": 65.0, "centre_pots_potter0_20": 0.45}
[pair_G] {"steps": 2232320, "elapsed_s": 2218.1, "coordination_ring_sparse20": 15.0, "coordination_ring_potter0_20": 0.25, "centre_pots_sparse20": 66.0, "centre_pots_potter0_20": 0.45}
[pair_G] {"steps": 2234368, "elapsed_s": 2220.0, "coordination_ring_sparse20": 16.0, "coordination_ring_potter0_20": 0.25, "centre_pots_sparse20": 64.0, "centre_pots_potter0_20": 0.45}
[pair_G] {"steps": 2236416, "elapsed_s": 2221.8, "coordination_ring_sparse20": 19.0, "coordination_ring_potter0_20": 0.2, "centre_pots_sparse20": 63.0, "centre_pots_potter0_20": 0.5}
[pair_G] {"steps": 2238464, "elapsed_s": 2223.8, "coordination_ring_sparse20": 20.0, "coordination_ring_potter0_20": 0.2, "centre_pots_sparse20": 66.0, "centre_pots_potter0_20": 0.55}
[pair_G] {"steps": 2240512, "elapsed_s": 2225.4, "coordination_ring_sparse20": 21.0, "coordination_ring_potter0_20": 0.3, "centre_pots_sparse20": 67.0, "centre_pots_potter0_20": 0.55}
[pair_G] {"steps": 2242560, "elapsed_s": 2227.2, "coordination_ring_sparse20": 21.0, "coordination_ring_potter0_20": 0.4, "centre_pots_sparse20": 71.0, "centre_pots_potter0_20": 0.55}
[pair_G] {"steps": 2244608, "elapsed_s": 2229.0, "coordination_ring_sparse20": 22.0, "coordination_ring_potter0_20": 0.35, "centre_pots_sparse20": 67.0, "centre_pots_potter0_20": 0.55}
[pair_G] {"steps": 2246656, "elapsed_s": 2231.1, "coordination_ring_sparse20": 22.0, "coordination_ring_potter0_20": 0.35, "centre_pots_sparse20": 69.0, "centre_pots_potter0_20": 0.5}
[pair_G] {"steps": 2248704, "elapsed_s": 2232.9, "coordination_ring_sparse20": 20.0, "coordination_ring_potter0_20": 0.35, "centre_pots_sparse20": 64.0, "centre_pots_potter0_20": 0.55}
[pair_G] {"steps": 2250752, "elapsed_s": 2234.9, "coordination_ring_sparse20": 18.0, "coordination_ring_potter0_20": 0.3, "centre_pots_sparse20": 63.0, "centre_pots_potter0_20": 0.45}
[pair_G] {"steps": 2252800, "elapsed_s": 2236.6, "coordination_ring_sparse20": 18.0, "coordination_ring_potter0_20": 0.3, "centre_pots_sparse20": 65.0, "centre_pots_potter0_20": 0.45}
[pair_G] {"steps": 2254848, "elapsed_s": 2238.1, "coordination_ring_sparse20": 23.0, "coordination_ring_potter0_20": 0.2, "centre_pots_sparse20": 65.0, "centre_pots_potter0_20": 0.45}
[pair_G] {"steps": 2256896, "elapsed_s": 2240.1, "coordination_ring_sparse20": 22.0, "coordination_ring_potter0_20": 0.15, "centre_pots_sparse20": 60.0, "centre_pots_potter0_20": 0.5}
[pair_G] {"steps": 2258944, "elapsed_s": 2242.1, "coordination_ring_sparse20": 22.0, "coordination_ring_potter0_20": 0.15, "centre_pots_sparse20": 66.0, "centre_pots_potter0_20": 0.45}
[pair_G] {"steps": 2260992, "elapsed_s": 2244.1, "coordination_ring_sparse20": 22.0, "coordination_ring_potter0_20": 0.2, "centre_pots_sparse20": 69.0, "centre_pots_potter0_20": 0.55}
[pair_G] {"steps": 2263040, "elapsed_s": 2246.1, "coordination_ring_sparse20": 21.0, "coordination_ring_potter0_20": 0.25, "centre_pots_sparse20": 76.0, "centre_pots_potter0_20": 0.55}
[pair_G] {"steps": 2265088, "elapsed_s": 2248.3, "coordination_ring_sparse20": 21.0, "coordination_ring_potter0_20": 0.25, "centre_pots_sparse20": 73.0, "centre_pots_potter0_20": 0.6}
[pair_G] {"steps": 2267136, "elapsed_s": 2250.3, "coordination_ring_sparse20": 20.0, "coordination_ring_potter0_20": 0.2, "centre_pots_sparse20": 74.0, "centre_pots_potter0_20": 0.6}
[pair_G] {"steps": 2269184, "elapsed_s": 2252.0, "coordination_ring_sparse20": 21.0, "coordination_ring_potter0_20": 0.25, "centre_pots_sparse20": 77.0, "centre_pots_potter0_20": 0.55}
[pair_G] {"steps": 2271232, "elapsed_s": 2253.9, "coordination_ring_sparse20": 20.0, "coordination_ring_potter0_20": 0.2, "centre_pots_sparse20": 73.0, "centre_pots_potter0_20": 0.6}
[pair_G] {"steps": 2273280, "elapsed_s": 2255.7, "coordination_ring_sparse20": 21.0, "coordination_ring_potter0_20": 0.2, "centre_pots_sparse20": 70.0, "centre_pots_potter0_20": 0.5}
[pair_G] {"steps": 2275328, "elapsed_s": 2257.7, "coordination_ring_sparse20": 19.0, "coordination_ring_potter0_20": 0.2, "centre_pots_sparse20": 70.0, "centre_pots_potter0_20": 0.5}
[pair_G] {"steps": 2277376, "elapsed_s": 2259.4, "coordination_ring_sparse20": 19.0, "coordination_ring_potter0_20": 0.2, "centre_pots_sparse20": 72.0, "centre_pots_potter0_20": 0.6}
[pair_G] {"steps": 2279424, "elapsed_s": 2261.0, "coordination_ring_sparse20": 17.0, "coordination_ring_potter0_20": 0.2, "centre_pots_sparse20": 72.0, "centre_pots_potter0_20": 0.6}
[pair_G] {"steps": 2281472, "elapsed_s": 2262.5, "coordination_ring_sparse20": 11.0, "coordination_ring_potter0_20": 0.2, "centre_pots_sparse20": 72.0, "centre_pots_potter0_20": 0.55}
[pair_G] {"steps": 2283520, "elapsed_s": 2264.2, "coordination_ring_sparse20": 8.0, "coordination_ring_potter0_20": 0.15, "centre_pots_sparse20": 70.0, "centre_pots_potter0_20": 0.55}
[pair_G] {"steps": 2285568, "elapsed_s": 2266.1, "coordination_ring_sparse20": 8.0, "coordination_ring_potter0_20": 0.2, "centre_pots_sparse20": 62.0, "centre_pots_potter0_20": 0.6}
[pair_G] {"steps": 2287616, "elapsed_s": 2268.0, "coordination_ring_sparse20": 8.0, "coordination_ring_potter0_20": 0.2, "centre_pots_sparse20": 60.0, "centre_pots_potter0_20": 0.7}
[pair_G] {"steps": 2289664, "elapsed_s": 2269.5, "coordination_ring_sparse20": 5.0, "coordination_ring_potter0_20": 0.2, "centre_pots_sparse20": 58.0, "centre_pots_potter0_20": 0.7}
[pair_G] {"steps": 2291712, "elapsed_s": 2271.0, "coordination_ring_sparse20": 4.0, "coordination_ring_potter0_20": 0.25, "centre_pots_sparse20": 59.0, "centre_pots_potter0_20": 0.7}
[pair_G] {"steps": 2293760, "elapsed_s": 2272.9, "coordination_ring_sparse20": 3.0, "coordination_ring_potter0_20": 0.25, "centre_pots_sparse20": 54.0, "centre_pots_potter0_20": 0.75}
[pair_G] {"steps": 2295808, "elapsed_s": 2274.7, "coordination_ring_sparse20": 3.0, "coordination_ring_potter0_20": 0.3, "centre_pots_sparse20": 54.0, "centre_pots_potter0_20": 0.75}
[pair_G] {"steps": 2297856, "elapsed_s": 2276.6, "coordination_ring_sparse20": 5.0, "coordination_ring_potter0_20": 0.25, "centre_pots_sparse20": 54.0, "centre_pots_potter0_20": 0.7}
[pair_G] {"steps": 2299904, "elapsed_s": 2278.3, "coordination_ring_sparse20": 6.0, "coordination_ring_potter0_20": 0.35, "centre_pots_sparse20": 55.0, "centre_pots_potter0_20": 0.7}
[pair_G] {"steps": 2301952, "elapsed_s": 2280.3, "coordination_ring_sparse20": 6.0, "coordination_ring_potter0_20": 0.35, "centre_pots_sparse20": 61.0, "centre_pots_potter0_20": 0.7}
[pair_G] {"steps": 2304000, "elapsed_s": 2282.3, "coordination_ring_sparse20": 4.0, "coordination_ring_potter0_20": 0.4, "centre_pots_sparse20": 61.0, "centre_pots_potter0_20": 0.55}
[pair_G] {"steps": 2306048, "elapsed_s": 2284.1, "coordination_ring_sparse20": 4.0, "coordination_ring_potter0_20": 0.45, "centre_pots_sparse20": 63.0, "centre_pots_potter0_20": 0.55}
[pair_G] {"steps": 2308096, "elapsed_s": 2285.8, "coordination_ring_sparse20": 5.0, "coordination_ring_potter0_20": 0.45, "centre_pots_sparse20": 68.0, "centre_pots_potter0_20": 0.55}
[pair_G] {"steps": 2310144, "elapsed_s": 2287.4, "coordination_ring_sparse20": 5.0, "coordination_ring_potter0_20": 0.4, "centre_pots_sparse20": 68.0, "centre_pots_potter0_20": 0.6}
[pair_G] {"steps": 2312192, "elapsed_s": 2289.2, "coordination_ring_sparse20": 7.0, "coordination_ring_potter0_20": 0.4, "centre_pots_sparse20": 68.0, "centre_pots_potter0_20": 0.6}
[pair_G] {"steps": 2314240, "elapsed_s": 2290.7, "coordination_ring_sparse20": 7.0, "coordination_ring_potter0_20": 0.3, "centre_pots_sparse20": 68.0, "centre_pots_potter0_20": 0.6}
[pair_G] {"steps": 2316288, "elapsed_s": 2292.7, "coordination_ring_sparse20": 6.0, "coordination_ring_potter0_20": 0.25, "centre_pots_sparse20": 68.0, "centre_pots_potter0_20": 0.6}
[pair_G] {"steps": 2318336, "elapsed_s": 2294.4, "coordination_ring_sparse20": 8.0, "coordination_ring_potter0_20": 0.25, "centre_pots_sparse20": 69.0, "centre_pots_potter0_20": 0.55}
[pair_G] {"steps": 2320384, "elapsed_s": 2296.1, "coordination_ring_sparse20": 8.0, "coordination_ring_potter0_20": 0.2, "centre_pots_sparse20": 73.0, "centre_pots_potter0_20": 0.65}
[pair_G] {"steps": 2322432, "elapsed_s": 2297.9, "coordination_ring_sparse20": 8.0, "coordination_ring_potter0_20": 0.2, "centre_pots_sparse20": 73.0, "centre_pots_potter0_20": 0.7}
[pair_G] {"steps": 2324480, "elapsed_s": 2299.6, "coordination_ring_sparse20": 8.0, "coordination_ring_potter0_20": 0.2, "centre_pots_sparse20": 69.0, "centre_pots_potter0_20": 0.7}
[pair_G] {"steps": 2326528, "elapsed_s": 2301.6, "coordination_ring_sparse20": 9.0, "coordination_ring_potter0_20": 0.25, "centre_pots_sparse20": 69.0, "centre_pots_potter0_20": 0.7}
[pair_G] {"steps": 2328576, "elapsed_s": 2303.3, "coordination_ring_sparse20": 9.0, "coordination_ring_potter0_20": 0.15, "centre_pots_sparse20": 68.0, "centre_pots_potter0_20": 0.75}
[pair_G] {"steps": 2330624, "elapsed_s": 2305.0, "coordination_ring_sparse20": 6.0, "coordination_ring_potter0_20": 0.2, "centre_pots_sparse20": 62.0, "centre_pots_potter0_20": 0.7}
[pair_G] {"steps": 2332672, "elapsed_s": 2306.9, "coordination_ring_sparse20": 8.0, "coordination_ring_potter0_20": 0.2, "centre_pots_sparse20": 62.0, "centre_pots_potter0_20": 0.65}
[pair_G] {"steps": 2334720, "elapsed_s": 2308.5, "coordination_ring_sparse20": 7.0, "coordination_ring_potter0_20": 0.25, "centre_pots_sparse20": 62.0, "centre_pots_potter0_20": 0.65}
[pair_G] {"steps": 2336768, "elapsed_s": 2309.9, "coordination_ring_sparse20": 8.0, "coordination_ring_potter0_20": 0.25, "centre_pots_sparse20": 57.0, "centre_pots_potter0_20": 0.65}
[pair_G] {"steps": 2338816, "elapsed_s": 2311.9, "coordination_ring_sparse20": 8.0, "coordination_ring_potter0_20": 0.2, "centre_pots_sparse20": 59.0, "centre_pots_potter0_20": 0.6}
[pair_G] {"steps": 2340864, "elapsed_s": 2313.6, "coordination_ring_sparse20": 9.0, "coordination_ring_potter0_20": 0.15, "centre_pots_sparse20": 63.0, "centre_pots_potter0_20": 0.55}
[pair_G] {"steps": 2342912, "elapsed_s": 2315.2, "coordination_ring_sparse20": 9.0, "coordination_ring_potter0_20": 0.15, "centre_pots_sparse20": 63.0, "centre_pots_potter0_20": 0.5}
[pair_G] {"steps": 2344960, "elapsed_s": 2317.3, "coordination_ring_sparse20": 8.0, "coordination_ring_potter0_20": 0.2, "centre_pots_sparse20": 54.0, "centre_pots_potter0_20": 0.5}
[pair_G] {"steps": 2347008, "elapsed_s": 2318.9, "coordination_ring_sparse20": 7.0, "coordination_ring_potter0_20": 0.2, "centre_pots_sparse20": 55.0, "centre_pots_potter0_20": 0.45}
[pair_G] {"steps": 2349056, "elapsed_s": 2321.0, "coordination_ring_sparse20": 7.0, "coordination_ring_potter0_20": 0.2, "centre_pots_sparse20": 56.0, "centre_pots_potter0_20": 0.45}
[pair_G] {"steps": 2351104, "elapsed_s": 2322.7, "coordination_ring_sparse20": 7.0, "coordination_ring_potter0_20": 0.25, "centre_pots_sparse20": 56.0, "centre_pots_potter0_20": 0.45}
[pair_G] {"steps": 2353152, "elapsed_s": 2324.4, "coordination_ring_sparse20": 8.0, "coordination_ring_potter0_20": 0.3, "centre_pots_sparse20": 58.0, "centre_pots_potter0_20": 0.45}
[pair_G] {"steps": 2355200, "elapsed_s": 2326.4, "coordination_ring_sparse20": 9.0, "coordination_ring_potter0_20": 0.3, "centre_pots_sparse20": 53.0, "centre_pots_potter0_20": 0.5}
[pair_G] {"steps": 2357248, "elapsed_s": 2328.2, "coordination_ring_sparse20": 9.0, "coordination_ring_potter0_20": 0.35, "centre_pots_sparse20": 59.0, "centre_pots_potter0_20": 0.5}
[pair_G] {"steps": 2359296, "elapsed_s": 2329.8, "coordination_ring_sparse20": 7.0, "coordination_ring_potter0_20": 0.35, "centre_pots_sparse20": 59.0, "centre_pots_potter0_20": 0.45}
[pair_G] {"steps": 2361344, "elapsed_s": 2331.6, "coordination_ring_sparse20": 7.0, "coordination_ring_potter0_20": 0.4, "centre_pots_sparse20": 60.0, "centre_pots_potter0_20": 0.45}
[pair_G] {"steps": 2363392, "elapsed_s": 2333.4, "coordination_ring_sparse20": 7.0, "coordination_ring_potter0_20": 0.35, "centre_pots_sparse20": 64.0, "centre_pots_potter0_20": 0.45}
[pair_G] {"steps": 2365440, "elapsed_s": 2335.1, "coordination_ring_sparse20": 7.0, "coordination_ring_potter0_20": 0.45, "centre_pots_sparse20": 65.0, "centre_pots_potter0_20": 0.45}
[pair_G] {"steps": 2367488, "elapsed_s": 2336.9, "coordination_ring_sparse20": 7.0, "coordination_ring_potter0_20": 0.4, "centre_pots_sparse20": 67.0, "centre_pots_potter0_20": 0.4}
[pair_G] {"steps": 2369536, "elapsed_s": 2338.8, "coordination_ring_sparse20": 7.0, "coordination_ring_potter0_20": 0.4, "centre_pots_sparse20": 73.0, "centre_pots_potter0_20": 0.45}
[pair_G] {"steps": 2371584, "elapsed_s": 2340.6, "coordination_ring_sparse20": 5.0, "coordination_ring_potter0_20": 0.4, "centre_pots_sparse20": 72.0, "centre_pots_potter0_20": 0.35}
[pair_G] {"steps": 2373632, "elapsed_s": 2342.7, "coordination_ring_sparse20": 6.0, "coordination_ring_potter0_20": 0.4, "centre_pots_sparse20": 71.0, "centre_pots_potter0_20": 0.45}
[pair_G] {"steps": 2375680, "elapsed_s": 2344.6, "coordination_ring_sparse20": 6.0, "coordination_ring_potter0_20": 0.4, "centre_pots_sparse20": 74.0, "centre_pots_potter0_20": 0.45}
[pair_G] {"steps": 2377728, "elapsed_s": 2346.4, "coordination_ring_sparse20": 5.0, "coordination_ring_potter0_20": 0.4, "centre_pots_sparse20": 71.0, "centre_pots_potter0_20": 0.45}
[pair_G] {"steps": 2379776, "elapsed_s": 2348.2, "coordination_ring_sparse20": 5.0, "coordination_ring_potter0_20": 0.4, "centre_pots_sparse20": 70.0, "centre_pots_potter0_20": 0.45}
[pair_G] {"steps": 2381824, "elapsed_s": 2349.9, "coordination_ring_sparse20": 5.0, "coordination_ring_potter0_20": 0.35, "centre_pots_sparse20": 70.0, "centre_pots_potter0_20": 0.45}
[pair_G] {"steps": 2383872, "elapsed_s": 2351.7, "coordination_ring_sparse20": 5.0, "coordination_ring_potter0_20": 0.35, "centre_pots_sparse20": 64.0, "centre_pots_potter0_20": 0.4}
[pair_G] {"steps": 2385920, "elapsed_s": 2353.5, "coordination_ring_sparse20": 4.0, "coordination_ring_potter0_20": 0.35, "centre_pots_sparse20": 63.0, "centre_pots_potter0_20": 0.45}
[pair_G] {"steps": 2387968, "elapsed_s": 2355.0, "coordination_ring_sparse20": 5.0, "coordination_ring_potter0_20": 0.35, "centre_pots_sparse20": 63.0, "centre_pots_potter0_20": 0.4}
[pair_G] {"steps": 2390016, "elapsed_s": 2357.0, "coordination_ring_sparse20": 7.0, "coordination_ring_potter0_20": 0.35, "centre_pots_sparse20": 59.0, "centre_pots_potter0_20": 0.45}
[pair_G] {"steps": 2392064, "elapsed_s": 2358.8, "coordination_ring_sparse20": 6.0, "coordination_ring_potter0_20": 0.35, "centre_pots_sparse20": 55.0, "centre_pots_potter0_20": 0.45}
[pair_G] {"steps": 2394112, "elapsed_s": 2360.5, "coordination_ring_sparse20": 7.0, "coordination_ring_potter0_20": 0.3, "centre_pots_sparse20": 58.0, "centre_pots_potter0_20": 0.4}
[pair_G] {"steps": 2396160, "elapsed_s": 2362.2, "coordination_ring_sparse20": 7.0, "coordination_ring_potter0_20": 0.25, "centre_pots_sparse20": 52.0, "centre_pots_potter0_20": 0.45}
[pair_G] {"steps": 2398208, "elapsed_s": 2364.3, "coordination_ring_sparse20": 8.0, "coordination_ring_potter0_20": 0.25, "centre_pots_sparse20": 54.0, "centre_pots_potter0_20": 0.5}
[pair_G] {"steps": 2400256, "elapsed_s": 2366.2, "coordination_ring_sparse20": 9.0, "coordination_ring_potter0_20": 0.3, "centre_pots_sparse20": 53.0, "centre_pots_potter0_20": 0.55}
[pair_G] {"steps": 2402304, "elapsed_s": 2368.1, "coordination_ring_sparse20": 9.0, "coordination_ring_potter0_20": 0.25, "centre_pots_sparse20": 59.0, "centre_pots_potter0_20": 0.55}
[pair_G] {"steps": 2404352, "elapsed_s": 2370.0, "coordination_ring_sparse20": 10.0, "coordination_ring_potter0_20": 0.3, "centre_pots_sparse20": 59.0, "centre_pots_potter0_20": 0.5}
[pair_G] {"steps": 2406400, "elapsed_s": 2372.0, "coordination_ring_sparse20": 10.0, "coordination_ring_potter0_20": 0.3, "centre_pots_sparse20": 61.0, "centre_pots_potter0_20": 0.55}
[pair_G] {"steps": 2408448, "elapsed_s": 2374.0, "coordination_ring_sparse20": 8.0, "coordination_ring_potter0_20": 0.35, "centre_pots_sparse20": 60.0, "centre_pots_potter0_20": 0.55}
[pair_G] {"steps": 2410496, "elapsed_s": 2375.7, "coordination_ring_sparse20": 9.0, "coordination_ring_potter0_20": 0.35, "centre_pots_sparse20": 61.0, "centre_pots_potter0_20": 0.45}
[pair_G] {"steps": 2412544, "elapsed_s": 2377.4, "coordination_ring_sparse20": 10.0, "coordination_ring_potter0_20": 0.45, "centre_pots_sparse20": 59.0, "centre_pots_potter0_20": 0.45}
[pair_G] {"steps": 2414592, "elapsed_s": 2379.0, "coordination_ring_sparse20": 10.0, "coordination_ring_potter0_20": 0.55, "centre_pots_sparse20": 56.0, "centre_pots_potter0_20": 0.45}
[pair_G] {"steps": 2416640, "elapsed_s": 2380.8, "coordination_ring_sparse20": 9.0, "coordination_ring_potter0_20": 0.65, "centre_pots_sparse20": 59.0, "centre_pots_potter0_20": 0.45}
[pair_G] {"steps": 2418688, "elapsed_s": 2382.8, "coordination_ring_sparse20": 9.0, "coordination_ring_potter0_20": 0.6, "centre_pots_sparse20": 60.0, "centre_pots_potter0_20": 0.35}
[pair_G] {"steps": 2420736, "elapsed_s": 2384.3, "coordination_ring_sparse20": 8.0, "coordination_ring_potter0_20": 0.55, "centre_pots_sparse20": 57.0, "centre_pots_potter0_20": 0.35}
[pair_G] {"steps": 2422784, "elapsed_s": 2386.1, "coordination_ring_sparse20": 8.0, "coordination_ring_potter0_20": 0.55, "centre_pots_sparse20": 58.0, "centre_pots_potter0_20": 0.3}
[pair_G] {"steps": 2424832, "elapsed_s": 2387.9, "coordination_ring_sparse20": 7.0, "coordination_ring_potter0_20": 0.55, "centre_pots_sparse20": 59.0, "centre_pots_potter0_20": 0.3}
[pair_G] {"steps": 2426880, "elapsed_s": 2389.8, "coordination_ring_sparse20": 7.0, "coordination_ring_potter0_20": 0.55, "centre_pots_sparse20": 60.0, "centre_pots_potter0_20": 0.45}
[pair_G] {"steps": 2428928, "elapsed_s": 2391.8, "coordination_ring_sparse20": 8.0, "coordination_ring_potter0_20": 0.5, "centre_pots_sparse20": 60.0, "centre_pots_potter0_20": 0.55}
[pair_G] {"steps": 2430976, "elapsed_s": 2393.5, "coordination_ring_sparse20": 8.0, "coordination_ring_potter0_20": 0.35, "centre_pots_sparse20": 62.0, "centre_pots_potter0_20": 0.6}
[pair_G] {"steps": 2433024, "elapsed_s": 2395.2, "coordination_ring_sparse20": 8.0, "coordination_ring_potter0_20": 0.25, "centre_pots_sparse20": 62.0, "centre_pots_potter0_20": 0.65}
[pair_G] {"steps": 2435072, "elapsed_s": 2397.1, "coordination_ring_sparse20": 10.0, "coordination_ring_potter0_20": 0.25, "centre_pots_sparse20": 60.0, "centre_pots_potter0_20": 0.75}
[pair_G] {"steps": 2437120, "elapsed_s": 2399.3, "coordination_ring_sparse20": 10.0, "coordination_ring_potter0_20": 0.25, "centre_pots_sparse20": 63.0, "centre_pots_potter0_20": 0.7}
[pair_G] {"steps": 2439168, "elapsed_s": 2401.0, "coordination_ring_sparse20": 8.0, "coordination_ring_potter0_20": 0.2, "centre_pots_sparse20": 64.0, "centre_pots_potter0_20": 0.65}
[pair_G] {"steps": 2441216, "elapsed_s": 2403.4, "coordination_ring_sparse20": 8.0, "coordination_ring_potter0_20": 0.2, "centre_pots_sparse20": 70.0, "centre_pots_potter0_20": 0.55}
[pair_G] {"steps": 2443264, "elapsed_s": 2405.0, "coordination_ring_sparse20": 8.0, "coordination_ring_potter0_20": 0.25, "centre_pots_sparse20": 71.0, "centre_pots_potter0_20": 0.5}
[pair_G] {"steps": 2445312, "elapsed_s": 2406.7, "coordination_ring_sparse20": 9.0, "coordination_ring_potter0_20": 0.3, "centre_pots_sparse20": 72.0, "centre_pots_potter0_20": 0.45}
[pair_G] {"steps": 2447360, "elapsed_s": 2408.4, "coordination_ring_sparse20": 7.0, "coordination_ring_potter0_20": 0.25, "centre_pots_sparse20": 73.0, "centre_pots_potter0_20": 0.45}
[pair_G] {"steps": 2449408, "elapsed_s": 2410.2, "coordination_ring_sparse20": 6.0, "coordination_ring_potter0_20": 0.3, "centre_pots_sparse20": 77.0, "centre_pots_potter0_20": 0.35}
[pair_G] {"steps": 2451456, "elapsed_s": 2412.2, "coordination_ring_sparse20": 7.0, "coordination_ring_potter0_20": 0.35, "centre_pots_sparse20": 75.0, "centre_pots_potter0_20": 0.3}
[pair_G] {"steps": 2453504, "elapsed_s": 2414.0, "coordination_ring_sparse20": 6.0, "coordination_ring_potter0_20": 0.4, "centre_pots_sparse20": 75.0, "centre_pots_potter0_20": 0.35}
[pair_G] {"steps": 2455552, "elapsed_s": 2415.9, "coordination_ring_sparse20": 6.0, "coordination_ring_potter0_20": 0.45, "centre_pots_sparse20": 76.0, "centre_pots_potter0_20": 0.35}
[pair_G] {"steps": 2457600, "elapsed_s": 2418.0, "coordination_ring_sparse20": 6.0, "coordination_ring_potter0_20": 0.45, "centre_pots_sparse20": 72.0, "centre_pots_potter0_20": 0.4}
[pair_G] {"steps": 2459648, "elapsed_s": 2419.7, "coordination_ring_sparse20": 7.0, "coordination_ring_potter0_20": 0.45, "centre_pots_sparse20": 72.0, "centre_pots_potter0_20": 0.55}
[pair_G] {"steps": 2461696, "elapsed_s": 2421.3, "coordination_ring_sparse20": 5.0, "coordination_ring_potter0_20": 0.4, "centre_pots_sparse20": 72.0, "centre_pots_potter0_20": 0.55}
[pair_G] {"steps": 2463744, "elapsed_s": 2423.1, "coordination_ring_sparse20": 6.0, "coordination_ring_potter0_20": 0.45, "centre_pots_sparse20": 72.0, "centre_pots_potter0_20": 0.6}
[pair_G] {"steps": 2465792, "elapsed_s": 2424.6, "coordination_ring_sparse20": 6.0, "coordination_ring_potter0_20": 0.5, "centre_pots_sparse20": 71.0, "centre_pots_potter0_20": 0.6}
[pair_G] {"steps": 2467840, "elapsed_s": 2426.5, "coordination_ring_sparse20": 6.0, "coordination_ring_potter0_20": 0.55, "centre_pots_sparse20": 66.0, "centre_pots_potter0_20": 0.6}
[pair_G] {"steps": 2469888, "elapsed_s": 2428.3, "coordination_ring_sparse20": 5.0, "coordination_ring_potter0_20": 0.5, "centre_pots_sparse20": 70.0, "centre_pots_potter0_20": 0.55}
[pair_G] {"steps": 2471936, "elapsed_s": 2430.4, "coordination_ring_sparse20": 5.0, "coordination_ring_potter0_20": 0.55, "centre_pots_sparse20": 71.0, "centre_pots_potter0_20": 0.55}
[pair_G] {"steps": 2473984, "elapsed_s": 2432.3, "coordination_ring_sparse20": 7.0, "coordination_ring_potter0_20": 0.55, "centre_pots_sparse20": 74.0, "centre_pots_potter0_20": 0.45}
[pair_G] {"steps": 2476032, "elapsed_s": 2434.2, "coordination_ring_sparse20": 7.0, "coordination_ring_potter0_20": 0.6, "centre_pots_sparse20": 72.0, "centre_pots_potter0_20": 0.5}
[pair_G] {"steps": 2478080, "elapsed_s": 2436.3, "coordination_ring_sparse20": 6.0, "coordination_ring_potter0_20": 0.55, "centre_pots_sparse20": 67.0, "centre_pots_potter0_20": 0.45}
[pair_G] {"steps": 2480128, "elapsed_s": 2438.5, "coordination_ring_sparse20": 6.0, "coordination_ring_potter0_20": 0.55, "centre_pots_sparse20": 66.0, "centre_pots_potter0_20": 0.45}
[pair_G] {"steps": 2482176, "elapsed_s": 2440.4, "coordination_ring_sparse20": 6.0, "coordination_ring_potter0_20": 0.6, "centre_pots_sparse20": 76.0, "centre_pots_potter0_20": 0.35}
[pair_G] {"steps": 2484224, "elapsed_s": 2442.3, "coordination_ring_sparse20": 6.0, "coordination_ring_potter0_20": 0.65, "centre_pots_sparse20": 78.0, "centre_pots_potter0_20": 0.35}
[pair_G] {"steps": 2486272, "elapsed_s": 2443.9, "coordination_ring_sparse20": 8.0, "coordination_ring_potter0_20": 0.65, "centre_pots_sparse20": 77.0, "centre_pots_potter0_20": 0.4}
[pair_G] {"steps": 2488320, "elapsed_s": 2445.5, "coordination_ring_sparse20": 8.0, "coordination_ring_potter0_20": 0.65, "centre_pots_sparse20": 79.0, "centre_pots_potter0_20": 0.35}
[pair_G] {"steps": 2490368, "elapsed_s": 2447.2, "coordination_ring_sparse20": 7.0, "coordination_ring_potter0_20": 0.55, "centre_pots_sparse20": 76.0, "centre_pots_potter0_20": 0.3}
[pair_G] {"steps": 2492416, "elapsed_s": 2448.9, "coordination_ring_sparse20": 6.0, "coordination_ring_potter0_20": 0.5, "centre_pots_sparse20": 78.0, "centre_pots_potter0_20": 0.35}
[pair_G] {"steps": 2494464, "elapsed_s": 2450.8, "coordination_ring_sparse20": 5.0, "coordination_ring_potter0_20": 0.45, "centre_pots_sparse20": 80.0, "centre_pots_potter0_20": 0.4}
[pair_G] {"steps": 2496512, "elapsed_s": 2453.0, "coordination_ring_sparse20": 5.0, "coordination_ring_potter0_20": 0.45, "centre_pots_sparse20": 78.0, "centre_pots_potter0_20": 0.35}
[pair_G] {"steps": 2498560, "elapsed_s": 2454.8, "coordination_ring_sparse20": 5.0, "coordination_ring_potter0_20": 0.45, "centre_pots_sparse20": 69.0, "centre_pots_potter0_20": 0.35}
[pair_G] {"steps": 2500608, "elapsed_s": 2456.4, "coordination_ring_sparse20": 3.0, "coordination_ring_potter0_20": 0.4, "centre_pots_sparse20": 71.0, "centre_pots_potter0_20": 0.35}
[pair_G] {"steps": 2502656, "elapsed_s": 2458.2, "coordination_ring_sparse20": 2.0, "coordination_ring_potter0_20": 0.35, "centre_pots_sparse20": 67.0, "centre_pots_potter0_20": 0.45}
[pair_G] {"steps": 2504704, "elapsed_s": 2459.7, "coordination_ring_sparse20": 3.0, "coordination_ring_potter0_20": 0.4, "centre_pots_sparse20": 70.0, "centre_pots_potter0_20": 0.45}
[pair_G] {"steps": 2506752, "elapsed_s": 2461.4, "coordination_ring_sparse20": 2.0, "coordination_ring_potter0_20": 0.45, "centre_pots_sparse20": 71.0, "centre_pots_potter0_20": 0.4}
[pair_G] {"steps": 2508800, "elapsed_s": 2463.5, "coordination_ring_sparse20": 2.0, "coordination_ring_potter0_20": 0.5, "centre_pots_sparse20": 67.0, "centre_pots_potter0_20": 0.3}
[pair_G] {"steps": 2510848, "elapsed_s": 2465.4, "coordination_ring_sparse20": 2.0, "coordination_ring_potter0_20": 0.6, "centre_pots_sparse20": 67.0, "centre_pots_potter0_20": 0.35}
[pair_G] {"steps": 2512896, "elapsed_s": 2466.9, "coordination_ring_sparse20": 4.0, "coordination_ring_potter0_20": 0.65, "centre_pots_sparse20": 66.0, "centre_pots_potter0_20": 0.35}
[pair_G] {"steps": 2514944, "elapsed_s": 2468.7, "coordination_ring_sparse20": 6.0, "coordination_ring_potter0_20": 0.6, "centre_pots_sparse20": 62.0, "centre_pots_potter0_20": 0.35}
[pair_G] {"steps": 2516992, "elapsed_s": 2470.5, "coordination_ring_sparse20": 6.0, "coordination_ring_potter0_20": 0.55, "centre_pots_sparse20": 64.0, "centre_pots_potter0_20": 0.35}
[pair_G] {"steps": 2519040, "elapsed_s": 2472.4, "coordination_ring_sparse20": 6.0, "coordination_ring_potter0_20": 0.55, "centre_pots_sparse20": 55.0, "centre_pots_potter0_20": 0.35}
[pair_G] {"steps": 2521088, "elapsed_s": 2474.1, "coordination_ring_sparse20": 5.0, "coordination_ring_potter0_20": 0.5, "centre_pots_sparse20": 56.0, "centre_pots_potter0_20": 0.35}
[pair_G] {"steps": 2523136, "elapsed_s": 2476.1, "coordination_ring_sparse20": 5.0, "coordination_ring_potter0_20": 0.5, "centre_pots_sparse20": 57.0, "centre_pots_potter0_20": 0.5}
[pair_G] {"steps": 2525184, "elapsed_s": 2478.0, "coordination_ring_sparse20": 5.0, "coordination_ring_potter0_20": 0.5, "centre_pots_sparse20": 56.0, "centre_pots_potter0_20": 0.6}
[pair_G] {"steps": 2527232, "elapsed_s": 2479.5, "coordination_ring_sparse20": 4.0, "coordination_ring_potter0_20": 0.4, "centre_pots_sparse20": 57.0, "centre_pots_potter0_20": 0.6}
[pair_G] {"steps": 2529280, "elapsed_s": 2481.2, "coordination_ring_sparse20": 2.0, "coordination_ring_potter0_20": 0.35, "centre_pots_sparse20": 57.0, "centre_pots_potter0_20": 0.6}
[pair_G] {"steps": 2531328, "elapsed_s": 2482.8, "coordination_ring_sparse20": 0.0, "coordination_ring_potter0_20": 0.4, "centre_pots_sparse20": 55.0, "centre_pots_potter0_20": 0.6}
[pair_G] {"steps": 2533376, "elapsed_s": 2484.4, "coordination_ring_sparse20": 0.0, "coordination_ring_potter0_20": 0.5, "centre_pots_sparse20": 56.0, "centre_pots_potter0_20": 0.55}
[pair_G] {"steps": 2535424, "elapsed_s": 2486.2, "coordination_ring_sparse20": 0.0, "coordination_ring_potter0_20": 0.5, "centre_pots_sparse20": 63.0, "centre_pots_potter0_20": 0.55}
[pair_G] {"steps": 2537472, "elapsed_s": 2488.1, "coordination_ring_sparse20": 0.0, "coordination_ring_potter0_20": 0.5, "centre_pots_sparse20": 65.0, "centre_pots_potter0_20": 0.6}
[pair_G] {"steps": 2539520, "elapsed_s": 2490.1, "coordination_ring_sparse20": 0.0, "coordination_ring_potter0_20": 0.5, "centre_pots_sparse20": 69.0, "centre_pots_potter0_20": 0.5}
[pair_G] {"steps": 2541568, "elapsed_s": 2492.1, "coordination_ring_sparse20": 0.0, "coordination_ring_potter0_20": 0.5, "centre_pots_sparse20": 69.0, "centre_pots_potter0_20": 0.45}
[pair_G] {"steps": 2543616, "elapsed_s": 2493.9, "coordination_ring_sparse20": 0.0, "coordination_ring_potter0_20": 0.55, "centre_pots_sparse20": 71.0, "centre_pots_potter0_20": 0.4}
[pair_G] {"steps": 2545664, "elapsed_s": 2495.8, "coordination_ring_sparse20": 0.0, "coordination_ring_potter0_20": 0.55, "centre_pots_sparse20": 71.0, "centre_pots_potter0_20": 0.45}
[pair_G] {"steps": 2547712, "elapsed_s": 2497.5, "coordination_ring_sparse20": 0.0, "coordination_ring_potter0_20": 0.5, "centre_pots_sparse20": 68.0, "centre_pots_potter0_20": 0.5}
[pair_G] {"steps": 2549760, "elapsed_s": 2499.2, "coordination_ring_sparse20": 0.0, "coordination_ring_potter0_20": 0.45, "centre_pots_sparse20": 61.0, "centre_pots_potter0_20": 0.6}
[pair_G] {"steps": 2551808, "elapsed_s": 2501.3, "coordination_ring_sparse20": 0.0, "coordination_ring_potter0_20": 0.5, "centre_pots_sparse20": 55.0, "centre_pots_potter0_20": 0.5}
[pair_G] {"steps": 2553856, "elapsed_s": 2503.1, "coordination_ring_sparse20": 0.0, "coordination_ring_potter0_20": 0.5, "centre_pots_sparse20": 54.0, "centre_pots_potter0_20": 0.45}
[pair_G] {"steps": 2555904, "elapsed_s": 2504.9, "coordination_ring_sparse20": 0.0, "coordination_ring_potter0_20": 0.45, "centre_pots_sparse20": 57.0, "centre_pots_potter0_20": 0.45}
[pair_G] {"steps": 2557952, "elapsed_s": 2506.8, "coordination_ring_sparse20": 0.0, "coordination_ring_potter0_20": 0.4, "centre_pots_sparse20": 61.0, "centre_pots_potter0_20": 0.35}
[pair_G] {"steps": 2560000, "elapsed_s": 2508.5, "coordination_ring_sparse20": 0.0, "coordination_ring_potter0_20": 0.4, "centre_pots_sparse20": 61.0, "centre_pots_potter0_20": 0.35}
[pair_G] {"steps": 2562048, "elapsed_s": 2510.3, "coordination_ring_sparse20": 0.0, "coordination_ring_potter0_20": 0.4, "centre_pots_sparse20": 64.0, "centre_pots_potter0_20": 0.2}
[pair_G] {"steps": 2564096, "elapsed_s": 2512.3, "coordination_ring_sparse20": 0.0, "coordination_ring_potter0_20": 0.35, "centre_pots_sparse20": 67.0, "centre_pots_potter0_20": 0.15}
[pair_G] {"steps": 2566144, "elapsed_s": 2514.2, "coordination_ring_sparse20": 0.0, "coordination_ring_potter0_20": 0.35, "centre_pots_sparse20": 67.0, "centre_pots_potter0_20": 0.3}
[pair_G] {"steps": 2568192, "elapsed_s": 2516.5, "coordination_ring_sparse20": 0.0, "coordination_ring_potter0_20": 0.35, "centre_pots_sparse20": 67.0, "centre_pots_potter0_20": 0.35}
[pair_G] {"steps": 2570240, "elapsed_s": 2518.3, "coordination_ring_sparse20": 0.0, "coordination_ring_potter0_20": 0.4, "centre_pots_sparse20": 66.0, "centre_pots_potter0_20": 0.35}
[pair_G] {"steps": 2572288, "elapsed_s": 2520.0, "coordination_ring_sparse20": 0.0, "coordination_ring_potter0_20": 0.5, "centre_pots_sparse20": 67.0, "centre_pots_potter0_20": 0.35}
[pair_G] {"steps": 2574336, "elapsed_s": 2521.8, "coordination_ring_sparse20": 0.0, "coordination_ring_potter0_20": 0.55, "centre_pots_sparse20": 69.0, "centre_pots_potter0_20": 0.35}
[pair_G] {"steps": 2576384, "elapsed_s": 2523.6, "coordination_ring_sparse20": 0.0, "coordination_ring_potter0_20": 0.55, "centre_pots_sparse20": 69.0, "centre_pots_potter0_20": 0.35}
[pair_G] {"steps": 2578432, "elapsed_s": 2525.5, "coordination_ring_sparse20": 0.0, "coordination_ring_potter0_20": 0.7, "centre_pots_sparse20": 67.0, "centre_pots_potter0_20": 0.4}
[pair_G] {"steps": 2580480, "elapsed_s": 2527.0, "coordination_ring_sparse20": 0.0, "coordination_ring_potter0_20": 0.7, "centre_pots_sparse20": 67.0, "centre_pots_potter0_20": 0.4}
[pair_G] {"steps": 2582528, "elapsed_s": 2529.2, "coordination_ring_sparse20": 0.0, "coordination_ring_potter0_20": 0.65, "centre_pots_sparse20": 67.0, "centre_pots_potter0_20": 0.3}
[pair_G] {"steps": 2584576, "elapsed_s": 2530.8, "coordination_ring_sparse20": 0.0, "coordination_ring_potter0_20": 0.6, "centre_pots_sparse20": 69.0, "centre_pots_potter0_20": 0.35}
[pair_G] {"steps": 2586624, "elapsed_s": 2532.6, "coordination_ring_sparse20": 0.0, "coordination_ring_potter0_20": 0.6, "centre_pots_sparse20": 67.0, "centre_pots_potter0_20": 0.45}
[pair_G] {"steps": 2588672, "elapsed_s": 2534.6, "coordination_ring_sparse20": 0.0, "coordination_ring_potter0_20": 0.65, "centre_pots_sparse20": 66.0, "centre_pots_potter0_20": 0.45}
[pair_G] {"steps": 2590720, "elapsed_s": 2536.7, "coordination_ring_sparse20": 0.0, "coordination_ring_potter0_20": 0.65, "centre_pots_sparse20": 61.0, "centre_pots_potter0_20": 0.45}
[pair_G] {"steps": 2592768, "elapsed_s": 2538.3, "coordination_ring_sparse20": 0.0, "coordination_ring_potter0_20": 0.65, "centre_pots_sparse20": 65.0, "centre_pots_potter0_20": 0.4}
[pair_G] {"steps": 2594816, "elapsed_s": 2540.3, "coordination_ring_sparse20": 0.0, "coordination_ring_potter0_20": 0.65, "centre_pots_sparse20": 61.0, "centre_pots_potter0_20": 0.45}
[pair_G] {"steps": 2596864, "elapsed_s": 2542.2, "coordination_ring_sparse20": 0.0, "coordination_ring_potter0_20": 0.6, "centre_pots_sparse20": 61.0, "centre_pots_potter0_20": 0.55}
[pair_G] {"steps": 2598912, "elapsed_s": 2543.7, "coordination_ring_sparse20": 0.0, "coordination_ring_potter0_20": 0.6, "centre_pots_sparse20": 61.0, "centre_pots_potter0_20": 0.5}
[pair_G] {"steps": 2600960, "elapsed_s": 2545.5, "coordination_ring_sparse20": 0.0, "coordination_ring_potter0_20": 0.65, "centre_pots_sparse20": 60.0, "centre_pots_potter0_20": 0.5}
[pair_G] {"steps": 2603008, "elapsed_s": 2547.3, "coordination_ring_sparse20": 0.0, "coordination_ring_potter0_20": 0.6, "centre_pots_sparse20": 65.0, "centre_pots_potter0_20": 0.55}
[pair_G] {"steps": 2605056, "elapsed_s": 2549.0, "coordination_ring_sparse20": 0.0, "coordination_ring_potter0_20": 0.6, "centre_pots_sparse20": 60.0, "centre_pots_potter0_20": 0.55}
[pair_G] {"steps": 2607104, "elapsed_s": 2550.9, "coordination_ring_sparse20": 0.0, "coordination_ring_potter0_20": 0.55, "centre_pots_sparse20": 59.0, "centre_pots_potter0_20": 0.55}
[pair_G] {"steps": 2609152, "elapsed_s": 2553.2, "coordination_ring_sparse20": 0.0, "coordination_ring_potter0_20": 0.55, "centre_pots_sparse20": 61.0, "centre_pots_potter0_20": 0.6}
[pair_G] {"steps": 2611200, "elapsed_s": 2555.9, "coordination_ring_sparse20": 0.0, "coordination_ring_potter0_20": 0.45, "centre_pots_sparse20": 59.0, "centre_pots_potter0_20": 0.55}
[pair_G] {"steps": 2613248, "elapsed_s": 2558.9, "coordination_ring_sparse20": 0.0, "coordination_ring_potter0_20": 0.4, "centre_pots_sparse20": 60.0, "centre_pots_potter0_20": 0.5}
[pair_G] {"steps": 2615296, "elapsed_s": 2561.8, "coordination_ring_sparse20": 0.0, "coordination_ring_potter0_20": 0.4, "centre_pots_sparse20": 59.0, "centre_pots_potter0_20": 0.65}
[pair_G] {"steps": 2617344, "elapsed_s": 2564.5, "coordination_ring_sparse20": 0.0, "coordination_ring_potter0_20": 0.35, "centre_pots_sparse20": 51.0, "centre_pots_potter0_20": 0.55}
[pair_G] {"steps": 2619392, "elapsed_s": 2567.2, "coordination_ring_sparse20": 0.0, "coordination_ring_potter0_20": 0.35, "centre_pots_sparse20": 53.0, "centre_pots_potter0_20": 0.6}
[pair_G] {"steps": 2621440, "elapsed_s": 2570.0, "coordination_ring_sparse20": 0.0, "coordination_ring_potter0_20": 0.35, "centre_pots_sparse20": 49.0, "centre_pots_potter0_20": 0.5}
[pair_G] {"steps": 2623488, "elapsed_s": 2572.3, "coordination_ring_sparse20": 0.0, "coordination_ring_potter0_20": 0.35, "centre_pots_sparse20": 50.0, "centre_pots_potter0_20": 0.55}
[pair_G] {"steps": 2625536, "elapsed_s": 2574.7, "coordination_ring_sparse20": 0.0, "coordination_ring_potter0_20": 0.45, "centre_pots_sparse20": 53.0, "centre_pots_potter0_20": 0.5}
[pair_G] {"steps": 2627584, "elapsed_s": 2578.0, "coordination_ring_sparse20": 0.0, "coordination_ring_potter0_20": 0.45, "centre_pots_sparse20": 52.0, "centre_pots_potter0_20": 0.4}
[pair_G] {"steps": 2629632, "elapsed_s": 2580.7, "coordination_ring_sparse20": 0.0, "coordination_ring_potter0_20": 0.4, "centre_pots_sparse20": 46.0, "centre_pots_potter0_20": 0.3}
[pair_G] {"steps": 2631680, "elapsed_s": 2583.1, "coordination_ring_sparse20": 0.0, "coordination_ring_potter0_20": 0.45, "centre_pots_sparse20": 47.0, "centre_pots_potter0_20": 0.35}
[pair_G] {"steps": 2633728, "elapsed_s": 2585.8, "coordination_ring_sparse20": 0.0, "coordination_ring_potter0_20": 0.45, "centre_pots_sparse20": 46.0, "centre_pots_potter0_20": 0.35}
[pair_G] {"steps": 2635776, "elapsed_s": 2588.4, "coordination_ring_sparse20": 0.0, "coordination_ring_potter0_20": 0.55, "centre_pots_sparse20": 46.0, "centre_pots_potter0_20": 0.35}
[pair_G] {"steps": 2637824, "elapsed_s": 2590.8, "coordination_ring_sparse20": 0.0, "coordination_ring_potter0_20": 0.5, "centre_pots_sparse20": 46.0, "centre_pots_potter0_20": 0.3}
[pair_G] {"steps": 2639872, "elapsed_s": 2593.6, "coordination_ring_sparse20": 0.0, "coordination_ring_potter0_20": 0.5, "centre_pots_sparse20": 47.0, "centre_pots_potter0_20": 0.35}
[pair_G] {"steps": 2641920, "elapsed_s": 2596.5, "coordination_ring_sparse20": 0.0, "coordination_ring_potter0_20": 0.55, "centre_pots_sparse20": 48.0, "centre_pots_potter0_20": 0.45}
[pair_G] {"steps": 2643968, "elapsed_s": 2598.9, "coordination_ring_sparse20": 0.0, "coordination_ring_potter0_20": 0.55, "centre_pots_sparse20": 50.0, "centre_pots_potter0_20": 0.55}
[pair_G] {"steps": 2646016, "elapsed_s": 2601.0, "coordination_ring_sparse20": 0.0, "coordination_ring_potter0_20": 0.45, "centre_pots_sparse20": 51.0, "centre_pots_potter0_20": 0.6}
[pair_G] {"steps": 2648064, "elapsed_s": 2603.1, "coordination_ring_sparse20": 0.0, "coordination_ring_potter0_20": 0.35, "centre_pots_sparse20": 51.0, "centre_pots_potter0_20": 0.6}
[pair_G] {"steps": 2650112, "elapsed_s": 2605.6, "coordination_ring_sparse20": 0.0, "coordination_ring_potter0_20": 0.35, "centre_pots_sparse20": 47.0, "centre_pots_potter0_20": 0.6}
[pair_G] {"steps": 2652160, "elapsed_s": 2608.7, "coordination_ring_sparse20": 0.0, "coordination_ring_potter0_20": 0.3, "centre_pots_sparse20": 52.0, "centre_pots_potter0_20": 0.7}
[pair_G] {"steps": 2654208, "elapsed_s": 2611.1, "coordination_ring_sparse20": 0.0, "coordination_ring_potter0_20": 0.3, "centre_pots_sparse20": 52.0, "centre_pots_potter0_20": 0.75}
[pair_G] {"steps": 2656256, "elapsed_s": 2613.6, "coordination_ring_sparse20": 0.0, "coordination_ring_potter0_20": 0.35, "centre_pots_sparse20": 53.0, "centre_pots_potter0_20": 0.75}
[pair_G] {"steps": 2658304, "elapsed_s": 2616.4, "coordination_ring_sparse20": 0.0, "coordination_ring_potter0_20": 0.35, "centre_pots_sparse20": 54.0, "centre_pots_potter0_20": 0.7}
[pair_G] {"steps": 2660352, "elapsed_s": 2619.3, "coordination_ring_sparse20": 0.0, "coordination_ring_potter0_20": 0.35, "centre_pots_sparse20": 53.0, "centre_pots_potter0_20": 0.75}
[pair_G] {"steps": 2662400, "elapsed_s": 2621.4, "coordination_ring_sparse20": 0.0, "coordination_ring_potter0_20": 0.4, "centre_pots_sparse20": 52.0, "centre_pots_potter0_20": 0.75}
[pair_G] {"steps": 2664448, "elapsed_s": 2624.5, "coordination_ring_sparse20": 0.0, "coordination_ring_potter0_20": 0.4, "centre_pots_sparse20": 55.0, "centre_pots_potter0_20": 0.7}
[pair_G] {"steps": 2666496, "elapsed_s": 2626.9, "coordination_ring_sparse20": 0.0, "coordination_ring_potter0_20": 0.5, "centre_pots_sparse20": 56.0, "centre_pots_potter0_20": 0.65}
[pair_G] {"steps": 2668544, "elapsed_s": 2629.4, "coordination_ring_sparse20": 0.0, "coordination_ring_potter0_20": 0.6, "centre_pots_sparse20": 55.0, "centre_pots_potter0_20": 0.65}
[pair_G] {"steps": 2670592, "elapsed_s": 2631.5, "coordination_ring_sparse20": 0.0, "coordination_ring_potter0_20": 0.55, "centre_pots_sparse20": 56.0, "centre_pots_potter0_20": 0.65}
[pair_G] {"steps": 2672640, "elapsed_s": 2633.9, "coordination_ring_sparse20": 0.0, "coordination_ring_potter0_20": 0.5, "centre_pots_sparse20": 55.0, "centre_pots_potter0_20": 0.6}
[pair_G] {"steps": 2674688, "elapsed_s": 2635.9, "coordination_ring_sparse20": 0.0, "coordination_ring_potter0_20": 0.45, "centre_pots_sparse20": 55.0, "centre_pots_potter0_20": 0.6}
[pair_G] {"steps": 2676736, "elapsed_s": 2638.5, "coordination_ring_sparse20": 0.0, "coordination_ring_potter0_20": 0.45, "centre_pots_sparse20": 54.0, "centre_pots_potter0_20": 0.55}
[pair_G] {"steps": 2678784, "elapsed_s": 2641.1, "coordination_ring_sparse20": 0.0, "coordination_ring_potter0_20": 0.3, "centre_pots_sparse20": 55.0, "centre_pots_potter0_20": 0.55}
[pair_G] {"steps": 2680832, "elapsed_s": 2643.8, "coordination_ring_sparse20": 0.0, "coordination_ring_potter0_20": 0.35, "centre_pots_sparse20": 55.0, "centre_pots_potter0_20": 0.55}
[pair_G] {"steps": 2682880, "elapsed_s": 2646.2, "coordination_ring_sparse20": 0.0, "coordination_ring_potter0_20": 0.4, "centre_pots_sparse20": 56.0, "centre_pots_potter0_20": 0.4}
[pair_G] {"steps": 2684928, "elapsed_s": 2648.7, "coordination_ring_sparse20": 0.0, "coordination_ring_potter0_20": 0.4, "centre_pots_sparse20": 55.0, "centre_pots_potter0_20": 0.3}
[pair_G] {"steps": 2686976, "elapsed_s": 2651.7, "coordination_ring_sparse20": 0.0, "coordination_ring_potter0_20": 0.45, "centre_pots_sparse20": 52.0, "centre_pots_potter0_20": 0.35}
[pair_G] {"steps": 2689024, "elapsed_s": 2654.4, "coordination_ring_sparse20": 0.0, "coordination_ring_potter0_20": 0.45, "centre_pots_sparse20": 51.0, "centre_pots_potter0_20": 0.4}
[pair_G] {"steps": 2691072, "elapsed_s": 2657.0, "coordination_ring_sparse20": 0.0, "coordination_ring_potter0_20": 0.55, "centre_pots_sparse20": 49.0, "centre_pots_potter0_20": 0.4}
[pair_G] {"steps": 2693120, "elapsed_s": 2659.8, "coordination_ring_sparse20": 0.0, "coordination_ring_potter0_20": 0.6, "centre_pots_sparse20": 49.0, "centre_pots_potter0_20": 0.35}
[pair_G] {"steps": 2695168, "elapsed_s": 2662.0, "coordination_ring_sparse20": 0.0, "coordination_ring_potter0_20": 0.65, "centre_pots_sparse20": 52.0, "centre_pots_potter0_20": 0.35}
[pair_G] {"steps": 2697216, "elapsed_s": 2664.7, "coordination_ring_sparse20": 0.0, "coordination_ring_potter0_20": 0.55, "centre_pots_sparse20": 48.0, "centre_pots_potter0_20": 0.3}
[pair_G] {"steps": 2699264, "elapsed_s": 2667.4, "coordination_ring_sparse20": 0.0, "coordination_ring_potter0_20": 0.55, "centre_pots_sparse20": 51.0, "centre_pots_potter0_20": 0.3}
[pair_G] {"steps": 2701312, "elapsed_s": 2669.5, "coordination_ring_sparse20": 0.0, "coordination_ring_potter0_20": 0.6, "centre_pots_sparse20": 52.0, "centre_pots_potter0_20": 0.35}
[pair_G] {"steps": 2703360, "elapsed_s": 2672.1, "coordination_ring_sparse20": 0.0, "coordination_ring_potter0_20": 0.55, "centre_pots_sparse20": 56.0, "centre_pots_potter0_20": 0.35}
[pair_G] {"steps": 2705408, "elapsed_s": 2674.7, "coordination_ring_sparse20": 0.0, "coordination_ring_potter0_20": 0.5, "centre_pots_sparse20": 55.0, "centre_pots_potter0_20": 0.3}
[pair_G] {"steps": 2707456, "elapsed_s": 2677.4, "coordination_ring_sparse20": 0.0, "coordination_ring_potter0_20": 0.45, "centre_pots_sparse20": 58.0, "centre_pots_potter0_20": 0.3}
[pair_G] {"steps": 2709504, "elapsed_s": 2680.6, "coordination_ring_sparse20": 0.0, "coordination_ring_potter0_20": 0.45, "centre_pots_sparse20": 59.0, "centre_pots_potter0_20": 0.2}
[pair_G] {"steps": 2711552, "elapsed_s": 2683.1, "coordination_ring_sparse20": 0.0, "coordination_ring_potter0_20": 0.45, "centre_pots_sparse20": 58.0, "centre_pots_potter0_20": 0.2}
[pair_G] {"steps": 2713600, "elapsed_s": 2686.4, "coordination_ring_sparse20": 0.0, "coordination_ring_potter0_20": 0.35, "centre_pots_sparse20": 57.0, "centre_pots_potter0_20": 0.25}
[pair_G] {"steps": 2715648, "elapsed_s": 2689.3, "coordination_ring_sparse20": 1.0, "coordination_ring_potter0_20": 0.35, "centre_pots_sparse20": 60.0, "centre_pots_potter0_20": 0.25}
[pair_G] {"steps": 2717696, "elapsed_s": 2691.6, "coordination_ring_sparse20": 1.0, "coordination_ring_potter0_20": 0.35, "centre_pots_sparse20": 60.0, "centre_pots_potter0_20": 0.3}
[pair_G] {"steps": 2719744, "elapsed_s": 2694.7, "coordination_ring_sparse20": 1.0, "coordination_ring_potter0_20": 0.35, "centre_pots_sparse20": 60.0, "centre_pots_potter0_20": 0.35}
[pair_G] {"steps": 2721792, "elapsed_s": 2697.9, "coordination_ring_sparse20": 1.0, "coordination_ring_potter0_20": 0.4, "centre_pots_sparse20": 63.0, "centre_pots_potter0_20": 0.4}
[pair_G] {"steps": 2723840, "elapsed_s": 2700.3, "coordination_ring_sparse20": 1.0, "coordination_ring_potter0_20": 0.35, "centre_pots_sparse20": 62.0, "centre_pots_potter0_20": 0.4}
[pair_G] {"steps": 2725888, "elapsed_s": 2703.2, "coordination_ring_sparse20": 1.0, "coordination_ring_potter0_20": 0.4, "centre_pots_sparse20": 61.0, "centre_pots_potter0_20": 0.45}
[pair_G] {"steps": 2727936, "elapsed_s": 2706.2, "coordination_ring_sparse20": 1.0, "coordination_ring_potter0_20": 0.5, "centre_pots_sparse20": 58.0, "centre_pots_potter0_20": 0.5}
[pair_G] {"steps": 2729984, "elapsed_s": 2709.4, "coordination_ring_sparse20": 0.0, "coordination_ring_potter0_20": 0.45, "centre_pots_sparse20": 62.0, "centre_pots_potter0_20": 0.45}
[pair_G] {"steps": 2732032, "elapsed_s": 2712.1, "coordination_ring_sparse20": 0.0, "coordination_ring_potter0_20": 0.45, "centre_pots_sparse20": 65.0, "centre_pots_potter0_20": 0.45}
[pair_G] {"steps": 2734080, "elapsed_s": 2714.8, "coordination_ring_sparse20": 0.0, "coordination_ring_potter0_20": 0.4, "centre_pots_sparse20": 64.0, "centre_pots_potter0_20": 0.45}
[pair_G] {"steps": 2736128, "elapsed_s": 2717.9, "coordination_ring_sparse20": 0.0, "coordination_ring_potter0_20": 0.45, "centre_pots_sparse20": 58.0, "centre_pots_potter0_20": 0.4}
[pair_G] {"steps": 2738176, "elapsed_s": 2720.8, "coordination_ring_sparse20": 0.0, "coordination_ring_potter0_20": 0.55, "centre_pots_sparse20": 57.0, "centre_pots_potter0_20": 0.4}
[pair_G] {"steps": 2740224, "elapsed_s": 2723.8, "coordination_ring_sparse20": 0.0, "coordination_ring_potter0_20": 0.5, "centre_pots_sparse20": 57.0, "centre_pots_potter0_20": 0.3}
[pair_G] {"steps": 2742272, "elapsed_s": 2726.8, "coordination_ring_sparse20": 0.0, "coordination_ring_potter0_20": 0.6, "centre_pots_sparse20": 54.0, "centre_pots_potter0_20": 0.25}
[pair_G] {"steps": 2744320, "elapsed_s": 2729.5, "coordination_ring_sparse20": 0.0, "coordination_ring_potter0_20": 0.55, "centre_pots_sparse20": 57.0, "centre_pots_potter0_20": 0.3}
[pair_G] {"steps": 2746368, "elapsed_s": 2732.5, "coordination_ring_sparse20": 0.0, "coordination_ring_potter0_20": 0.55, "centre_pots_sparse20": 55.0, "centre_pots_potter0_20": 0.35}
[pair_G] {"steps": 2748416, "elapsed_s": 2735.5, "coordination_ring_sparse20": 0.0, "coordination_ring_potter0_20": 0.55, "centre_pots_sparse20": 58.0, "centre_pots_potter0_20": 0.4}
[pair_G] {"steps": 2750464, "elapsed_s": 2738.4, "coordination_ring_sparse20": 0.0, "coordination_ring_potter0_20": 0.5, "centre_pots_sparse20": 62.0, "centre_pots_potter0_20": 0.45}
[pair_G] {"steps": 2752512, "elapsed_s": 2741.4, "coordination_ring_sparse20": 0.0, "coordination_ring_potter0_20": 0.55, "centre_pots_sparse20": 63.0, "centre_pots_potter0_20": 0.4}
[pair_G] {"steps": 2754560, "elapsed_s": 2744.6, "coordination_ring_sparse20": 0.0, "coordination_ring_potter0_20": 0.55, "centre_pots_sparse20": 59.0, "centre_pots_potter0_20": 0.5}
[pair_G] {"steps": 2756608, "elapsed_s": 2747.9, "coordination_ring_sparse20": 0.0, "coordination_ring_potter0_20": 0.45, "centre_pots_sparse20": 68.0, "centre_pots_potter0_20": 0.55}
[pair_G] {"steps": 2758656, "elapsed_s": 2750.6, "coordination_ring_sparse20": 0.0, "coordination_ring_potter0_20": 0.4, "centre_pots_sparse20": 63.0, "centre_pots_potter0_20": 0.45}
[pair_G] {"steps": 2760704, "elapsed_s": 2752.8, "coordination_ring_sparse20": 0.0, "coordination_ring_potter0_20": 0.4, "centre_pots_sparse20": 63.0, "centre_pots_potter0_20": 0.45}
[pair_G] {"steps": 2762752, "elapsed_s": 2755.4, "coordination_ring_sparse20": 0.0, "coordination_ring_potter0_20": 0.4, "centre_pots_sparse20": 62.0, "centre_pots_potter0_20": 0.45}
[pair_G] {"steps": 2764800, "elapsed_s": 2758.6, "coordination_ring_sparse20": 0.0, "coordination_ring_potter0_20": 0.4, "centre_pots_sparse20": 61.0, "centre_pots_potter0_20": 0.35}
[pair_G] {"steps": 2766848, "elapsed_s": 2761.5, "coordination_ring_sparse20": 0.0, "coordination_ring_potter0_20": 0.4, "centre_pots_sparse20": 62.0, "centre_pots_potter0_20": 0.35}
[pair_G] {"steps": 2768896, "elapsed_s": 2765.0, "coordination_ring_sparse20": 0.0, "coordination_ring_potter0_20": 0.4, "centre_pots_sparse20": 61.0, "centre_pots_potter0_20": 0.15}
[pair_G] {"steps": 2770944, "elapsed_s": 2766.9, "coordination_ring_sparse20": 0.0, "coordination_ring_potter0_20": 0.45, "centre_pots_sparse20": 62.0, "centre_pots_potter0_20": 0.15}
[pair_G] {"steps": 2772992, "elapsed_s": 2768.9, "coordination_ring_sparse20": 0.0, "coordination_ring_potter0_20": 0.4, "centre_pots_sparse20": 68.0, "centre_pots_potter0_20": 0.1}
[pair_G] {"steps": 2775040, "elapsed_s": 2771.2, "coordination_ring_sparse20": 0.0, "coordination_ring_potter0_20": 0.4, "centre_pots_sparse20": 68.0, "centre_pots_potter0_20": 0.05}
[pair_G] {"steps": 2777088, "elapsed_s": 2773.8, "coordination_ring_sparse20": 0.0, "coordination_ring_potter0_20": 0.4, "centre_pots_sparse20": 70.0, "centre_pots_potter0_20": 0.05}
[pair_G] {"steps": 2779136, "elapsed_s": 2776.7, "coordination_ring_sparse20": 0.0, "coordination_ring_potter0_20": 0.35, "centre_pots_sparse20": 67.0, "centre_pots_potter0_20": 0.1}
[pair_G] {"steps": 2781184, "elapsed_s": 2779.8, "coordination_ring_sparse20": 0.0, "coordination_ring_potter0_20": 0.4, "centre_pots_sparse20": 62.0, "centre_pots_potter0_20": 0.2}
[pair_G] {"steps": 2783232, "elapsed_s": 2782.4, "coordination_ring_sparse20": 0.0, "coordination_ring_potter0_20": 0.4, "centre_pots_sparse20": 63.0, "centre_pots_potter0_20": 0.3}
[pair_G] {"steps": 2785280, "elapsed_s": 2785.3, "coordination_ring_sparse20": 0.0, "coordination_ring_potter0_20": 0.35, "centre_pots_sparse20": 69.0, "centre_pots_potter0_20": 0.3}
[pair_G] {"steps": 2787328, "elapsed_s": 2787.8, "coordination_ring_sparse20": 0.0, "coordination_ring_potter0_20": 0.25, "centre_pots_sparse20": 67.0, "centre_pots_potter0_20": 0.3}
[pair_G] {"steps": 2789376, "elapsed_s": 2790.5, "coordination_ring_sparse20": 0.0, "coordination_ring_potter0_20": 0.25, "centre_pots_sparse20": 61.0, "centre_pots_potter0_20": 0.4}
[pair_G] {"steps": 2791424, "elapsed_s": 2794.0, "coordination_ring_sparse20": 0.0, "coordination_ring_potter0_20": 0.3, "centre_pots_sparse20": 56.0, "centre_pots_potter0_20": 0.4}
[pair_G] {"steps": 2793472, "elapsed_s": 2796.1, "coordination_ring_sparse20": 0.0, "coordination_ring_potter0_20": 0.4, "centre_pots_sparse20": 56.0, "centre_pots_potter0_20": 0.5}
[pair_G] {"steps": 2795520, "elapsed_s": 2798.6, "coordination_ring_sparse20": 0.0, "coordination_ring_potter0_20": 0.4, "centre_pots_sparse20": 61.0, "centre_pots_potter0_20": 0.45}
[pair_G] {"steps": 2797568, "elapsed_s": 2800.9, "coordination_ring_sparse20": 0.0, "coordination_ring_potter0_20": 0.45, "centre_pots_sparse20": 59.0, "centre_pots_potter0_20": 0.45}
[pair_G] {"steps": 2799616, "elapsed_s": 2803.6, "coordination_ring_sparse20": 0.0, "coordination_ring_potter0_20": 0.45, "centre_pots_sparse20": 54.0, "centre_pots_potter0_20": 0.4}
[pair_G] {"steps": 2801664, "elapsed_s": 2806.4, "coordination_ring_sparse20": 0.0, "coordination_ring_potter0_20": 0.45, "centre_pots_sparse20": 49.0, "centre_pots_potter0_20": 0.5}
[pair_G] {"steps": 2803712, "elapsed_s": 2808.8, "coordination_ring_sparse20": 0.0, "coordination_ring_potter0_20": 0.5, "centre_pots_sparse20": 50.0, "centre_pots_potter0_20": 0.45}
[pair_G] {"steps": 2805760, "elapsed_s": 2811.7, "coordination_ring_sparse20": 0.0, "coordination_ring_potter0_20": 0.6, "centre_pots_sparse20": 52.0, "centre_pots_potter0_20": 0.45}
[pair_G] {"steps": 2807808, "elapsed_s": 2814.5, "coordination_ring_sparse20": 0.0, "coordination_ring_potter0_20": 0.65, "centre_pots_sparse20": 52.0, "centre_pots_potter0_20": 0.45}
[pair_G] {"steps": 2809856, "elapsed_s": 2816.6, "coordination_ring_sparse20": 0.0, "coordination_ring_potter0_20": 0.5, "centre_pots_sparse20": 53.0, "centre_pots_potter0_20": 0.45}
[pair_G] {"steps": 2811904, "elapsed_s": 2819.6, "coordination_ring_sparse20": 0.0, "coordination_ring_potter0_20": 0.5, "centre_pots_sparse20": 53.0, "centre_pots_potter0_20": 0.35}
[pair_G] {"steps": 2813952, "elapsed_s": 2822.3, "coordination_ring_sparse20": 0.0, "coordination_ring_potter0_20": 0.45, "centre_pots_sparse20": 53.0, "centre_pots_potter0_20": 0.35}
[pair_G] {"steps": 2816000, "elapsed_s": 2824.7, "coordination_ring_sparse20": 0.0, "coordination_ring_potter0_20": 0.45, "centre_pots_sparse20": 56.0, "centre_pots_potter0_20": 0.4}
[pair_G] {"steps": 2818048, "elapsed_s": 2828.1, "coordination_ring_sparse20": 0.0, "coordination_ring_potter0_20": 0.45, "centre_pots_sparse20": 59.0, "centre_pots_potter0_20": 0.25}
[pair_G] {"steps": 2820096, "elapsed_s": 2830.9, "coordination_ring_sparse20": 0.0, "coordination_ring_potter0_20": 0.35, "centre_pots_sparse20": 60.0, "centre_pots_potter0_20": 0.25}
[pair_G] {"steps": 2822144, "elapsed_s": 2834.0, "coordination_ring_sparse20": 0.0, "coordination_ring_potter0_20": 0.35, "centre_pots_sparse20": 59.0, "centre_pots_potter0_20": 0.3}
[pair_G] {"steps": 2824192, "elapsed_s": 2837.1, "coordination_ring_sparse20": 0.0, "coordination_ring_potter0_20": 0.35, "centre_pots_sparse20": 68.0, "centre_pots_potter0_20": 0.4}
[pair_G] {"steps": 2826240, "elapsed_s": 2839.6, "coordination_ring_sparse20": 0.0, "coordination_ring_potter0_20": 0.3, "centre_pots_sparse20": 70.0, "centre_pots_potter0_20": 0.4}
[pair_G] {"steps": 2828288, "elapsed_s": 2842.1, "coordination_ring_sparse20": 0.0, "coordination_ring_potter0_20": 0.35, "centre_pots_sparse20": 69.0, "centre_pots_potter0_20": 0.4}
[pair_G] {"steps": 2830336, "elapsed_s": 2844.3, "coordination_ring_sparse20": 0.0, "coordination_ring_potter0_20": 0.35, "centre_pots_sparse20": 72.0, "centre_pots_potter0_20": 0.45}
[pair_G] {"steps": 2832384, "elapsed_s": 2846.5, "coordination_ring_sparse20": 0.0, "coordination_ring_potter0_20": 0.4, "centre_pots_sparse20": 72.0, "centre_pots_potter0_20": 0.4}
[pair_G] {"steps": 2834432, "elapsed_s": 2849.3, "coordination_ring_sparse20": 0.0, "coordination_ring_potter0_20": 0.45, "centre_pots_sparse20": 77.0, "centre_pots_potter0_20": 0.4}
[pair_G] {"steps": 2836480, "elapsed_s": 2851.5, "coordination_ring_sparse20": 0.0, "coordination_ring_potter0_20": 0.4, "centre_pots_sparse20": 81.0, "centre_pots_potter0_20": 0.35}
[pair_G] {"steps": 2838528, "elapsed_s": 2854.6, "coordination_ring_sparse20": 0.0, "coordination_ring_potter0_20": 0.4, "centre_pots_sparse20": 82.0, "centre_pots_potter0_20": 0.3}
[pair_G] {"steps": 2840576, "elapsed_s": 2857.5, "coordination_ring_sparse20": 0.0, "coordination_ring_potter0_20": 0.45, "centre_pots_sparse20": 84.0, "centre_pots_potter0_20": 0.2}
[pair_G] {"steps": 2842624, "elapsed_s": 2860.3, "coordination_ring_sparse20": 0.0, "coordination_ring_potter0_20": 0.45, "centre_pots_sparse20": 87.0, "centre_pots_potter0_20": 0.25}
[pair_G] {"steps": 2844672, "elapsed_s": 2862.7, "coordination_ring_sparse20": 0.0, "coordination_ring_potter0_20": 0.55, "centre_pots_sparse20": 88.0, "centre_pots_potter0_20": 0.25}
[pair_G] {"steps": 2846720, "elapsed_s": 2865.7, "coordination_ring_sparse20": 0.0, "coordination_ring_potter0_20": 0.55, "centre_pots_sparse20": 86.0, "centre_pots_potter0_20": 0.25}
[pair_G] {"steps": 2848768, "elapsed_s": 2868.7, "coordination_ring_sparse20": 0.0, "coordination_ring_potter0_20": 0.5, "centre_pots_sparse20": 87.0, "centre_pots_potter0_20": 0.2}
[pair_G] {"steps": 2850816, "elapsed_s": 2871.7, "coordination_ring_sparse20": 0.0, "coordination_ring_potter0_20": 0.45, "centre_pots_sparse20": 86.0, "centre_pots_potter0_20": 0.2}
[pair_G] {"steps": 2852864, "elapsed_s": 2873.8, "coordination_ring_sparse20": 0.0, "coordination_ring_potter0_20": 0.45, "centre_pots_sparse20": 86.0, "centre_pots_potter0_20": 0.2}
[pair_G] {"steps": 2854912, "elapsed_s": 2876.6, "coordination_ring_sparse20": 0.0, "coordination_ring_potter0_20": 0.5, "centre_pots_sparse20": 85.0, "centre_pots_potter0_20": 0.3}
[pair_G] {"steps": 2856960, "elapsed_s": 2879.7, "coordination_ring_sparse20": 0.0, "coordination_ring_potter0_20": 0.5, "centre_pots_sparse20": 82.0, "centre_pots_potter0_20": 0.35}
[pair_G] {"steps": 2859008, "elapsed_s": 2883.1, "coordination_ring_sparse20": 0.0, "coordination_ring_potter0_20": 0.5, "centre_pots_sparse20": 70.0, "centre_pots_potter0_20": 0.4}
[pair_G] {"steps": 2861056, "elapsed_s": 2886.4, "coordination_ring_sparse20": 0.0, "coordination_ring_potter0_20": 0.4, "centre_pots_sparse20": 66.0, "centre_pots_potter0_20": 0.4}
[pair_G] {"steps": 2863104, "elapsed_s": 2890.4, "coordination_ring_sparse20": 0.0, "coordination_ring_potter0_20": 0.35, "centre_pots_sparse20": 63.0, "centre_pots_potter0_20": 0.55}
[pair_G] {"steps": 2865152, "elapsed_s": 2893.4, "coordination_ring_sparse20": 0.0, "coordination_ring_potter0_20": 0.35, "centre_pots_sparse20": 59.0, "centre_pots_potter0_20": 0.55}
[pair_G] {"steps": 2867200, "elapsed_s": 2896.9, "coordination_ring_sparse20": 0.0, "coordination_ring_potter0_20": 0.3, "centre_pots_sparse20": 58.0, "centre_pots_potter0_20": 0.45}
[pair_G] {"steps": 2869248, "elapsed_s": 2899.4, "coordination_ring_sparse20": 0.0, "coordination_ring_potter0_20": 0.4, "centre_pots_sparse20": 57.0, "centre_pots_potter0_20": 0.4}
[pair_G] {"steps": 2871296, "elapsed_s": 2902.0, "coordination_ring_sparse20": 0.0, "coordination_ring_potter0_20": 0.4, "centre_pots_sparse20": 56.0, "centre_pots_potter0_20": 0.45}
[pair_G] {"steps": 2873344, "elapsed_s": 2904.8, "coordination_ring_sparse20": 0.0, "coordination_ring_potter0_20": 0.3, "centre_pots_sparse20": 57.0, "centre_pots_potter0_20": 0.4}
[pair_G] {"steps": 2875392, "elapsed_s": 2907.7, "coordination_ring_sparse20": 0.0, "coordination_ring_potter0_20": 0.25, "centre_pots_sparse20": 60.0, "centre_pots_potter0_20": 0.4}
[pair_G] {"steps": 2877440, "elapsed_s": 2910.6, "coordination_ring_sparse20": 0.0, "coordination_ring_potter0_20": 0.25, "centre_pots_sparse20": 66.0, "centre_pots_potter0_20": 0.35}
[pair_G] {"steps": 2879488, "elapsed_s": 2913.4, "coordination_ring_sparse20": 0.0, "coordination_ring_potter0_20": 0.25, "centre_pots_sparse20": 73.0, "centre_pots_potter0_20": 0.3}
[pair_G] {"steps": 2881536, "elapsed_s": 2916.5, "coordination_ring_sparse20": 0.0, "coordination_ring_potter0_20": 0.35, "centre_pots_sparse20": 81.0, "centre_pots_potter0_20": 0.2}
[pair_G] {"steps": 2883584, "elapsed_s": 2919.3, "coordination_ring_sparse20": 0.0, "coordination_ring_potter0_20": 0.35, "centre_pots_sparse20": 86.0, "centre_pots_potter0_20": 0.25}
[pair_G] {"steps": 2885632, "elapsed_s": 2923.0, "coordination_ring_sparse20": 0.0, "coordination_ring_potter0_20": 0.4, "centre_pots_sparse20": 87.0, "centre_pots_potter0_20": 0.3}
[pair_G] {"steps": 2887680, "elapsed_s": 2925.6, "coordination_ring_sparse20": 0.0, "coordination_ring_potter0_20": 0.35, "centre_pots_sparse20": 90.0, "centre_pots_potter0_20": 0.35}
[pair_G] {"steps": 2889728, "elapsed_s": 2928.1, "coordination_ring_sparse20": 0.0, "coordination_ring_potter0_20": 0.35, "centre_pots_sparse20": 85.0, "centre_pots_potter0_20": 0.45}
[pair_G] {"steps": 2891776, "elapsed_s": 2930.7, "coordination_ring_sparse20": 0.0, "coordination_ring_potter0_20": 0.35, "centre_pots_sparse20": 81.0, "centre_pots_potter0_20": 0.55}
[pair_G] {"steps": 2893824, "elapsed_s": 2933.0, "coordination_ring_sparse20": 0.0, "coordination_ring_potter0_20": 0.4, "centre_pots_sparse20": 80.0, "centre_pots_potter0_20": 0.55}
[pair_G] {"steps": 2895872, "elapsed_s": 2936.3, "coordination_ring_sparse20": 0.0, "coordination_ring_potter0_20": 0.4, "centre_pots_sparse20": 68.0, "centre_pots_potter0_20": 0.55}
[pair_G] {"steps": 2897920, "elapsed_s": 2939.2, "coordination_ring_sparse20": 0.0, "coordination_ring_potter0_20": 0.45, "centre_pots_sparse20": 64.0, "centre_pots_potter0_20": 0.65}
[pair_G] {"steps": 2899968, "elapsed_s": 2942.0, "coordination_ring_sparse20": 0.0, "coordination_ring_potter0_20": 0.5, "centre_pots_sparse20": 63.0, "centre_pots_potter0_20": 0.65}
[pair_G] {"steps": 2902016, "elapsed_s": 2944.0, "coordination_ring_sparse20": 0.0, "coordination_ring_potter0_20": 0.6, "centre_pots_sparse20": 59.0, "centre_pots_potter0_20": 0.65}
[pair_G] {"steps": 2904064, "elapsed_s": 2946.3, "coordination_ring_sparse20": 0.0, "coordination_ring_potter0_20": 0.55, "centre_pots_sparse20": 63.0, "centre_pots_potter0_20": 0.6}
[pair_G] {"steps": 2906112, "elapsed_s": 2947.9, "coordination_ring_sparse20": 0.0, "coordination_ring_potter0_20": 0.5, "centre_pots_sparse20": 60.0, "centre_pots_potter0_20": 0.6}
[pair_G] {"steps": 2908160, "elapsed_s": 2950.1, "coordination_ring_sparse20": 0.0, "coordination_ring_potter0_20": 0.5, "centre_pots_sparse20": 63.0, "centre_pots_potter0_20": 0.6}
[pair_G] {"steps": 2910208, "elapsed_s": 2952.4, "coordination_ring_sparse20": 0.0, "coordination_ring_potter0_20": 0.45, "centre_pots_sparse20": 61.0, "centre_pots_potter0_20": 0.6}
[pair_G] {"steps": 2912256, "elapsed_s": 2955.0, "coordination_ring_sparse20": 0.0, "coordination_ring_potter0_20": 0.4, "centre_pots_sparse20": 63.0, "centre_pots_potter0_20": 0.7}
[pair_G] {"steps": 2914304, "elapsed_s": 2956.9, "coordination_ring_sparse20": 0.0, "coordination_ring_potter0_20": 0.3, "centre_pots_sparse20": 63.0, "centre_pots_potter0_20": 0.7}
[pair_G] {"steps": 2916352, "elapsed_s": 2958.7, "coordination_ring_sparse20": 0.0, "coordination_ring_potter0_20": 0.2, "centre_pots_sparse20": 63.0, "centre_pots_potter0_20": 0.7}
[pair_G] {"steps": 2918400, "elapsed_s": 2961.3, "coordination_ring_sparse20": 0.0, "coordination_ring_potter0_20": 0.2, "centre_pots_sparse20": 62.0, "centre_pots_potter0_20": 0.65}
[pair_G] {"steps": 2920448, "elapsed_s": 2963.6, "coordination_ring_sparse20": 0.0, "coordination_ring_potter0_20": 0.2, "centre_pots_sparse20": 65.0, "centre_pots_potter0_20": 0.65}
[pair_G] {"steps": 2922496, "elapsed_s": 2966.0, "coordination_ring_sparse20": 0.0, "coordination_ring_potter0_20": 0.25, "centre_pots_sparse20": 68.0, "centre_pots_potter0_20": 0.6}
[pair_G] {"steps": 2924544, "elapsed_s": 2968.2, "coordination_ring_sparse20": 0.0, "coordination_ring_potter0_20": 0.2, "centre_pots_sparse20": 69.0, "centre_pots_potter0_20": 0.6}
[pair_G] {"steps": 2926592, "elapsed_s": 2970.2, "coordination_ring_sparse20": 0.0, "coordination_ring_potter0_20": 0.25, "centre_pots_sparse20": 70.0, "centre_pots_potter0_20": 0.5}
[pair_G] {"steps": 2928640, "elapsed_s": 2972.9, "coordination_ring_sparse20": 0.0, "coordination_ring_potter0_20": 0.25, "centre_pots_sparse20": 72.0, "centre_pots_potter0_20": 0.4}
[pair_G] {"steps": 2930688, "elapsed_s": 2975.0, "coordination_ring_sparse20": 0.0, "coordination_ring_potter0_20": 0.35, "centre_pots_sparse20": 77.0, "centre_pots_potter0_20": 0.4}
[pair_G] {"steps": 2932736, "elapsed_s": 2977.6, "coordination_ring_sparse20": 0.0, "coordination_ring_potter0_20": 0.35, "centre_pots_sparse20": 80.0, "centre_pots_potter0_20": 0.35}
[pair_G] {"steps": 2934784, "elapsed_s": 2980.2, "coordination_ring_sparse20": 0.0, "coordination_ring_potter0_20": 0.4, "centre_pots_sparse20": 80.0, "centre_pots_potter0_20": 0.45}
[pair_G] {"steps": 2936832, "elapsed_s": 2982.8, "coordination_ring_sparse20": 0.0, "coordination_ring_potter0_20": 0.4, "centre_pots_sparse20": 76.0, "centre_pots_potter0_20": 0.45}
[pair_G] {"steps": 2938880, "elapsed_s": 2985.3, "coordination_ring_sparse20": 0.0, "coordination_ring_potter0_20": 0.4, "centre_pots_sparse20": 76.0, "centre_pots_potter0_20": 0.55}
[pair_G] {"steps": 2940928, "elapsed_s": 2987.8, "coordination_ring_sparse20": 0.0, "coordination_ring_potter0_20": 0.4, "centre_pots_sparse20": 76.0, "centre_pots_potter0_20": 0.65}
[pair_G] {"steps": 2942976, "elapsed_s": 2990.6, "coordination_ring_sparse20": 0.0, "coordination_ring_potter0_20": 0.55, "centre_pots_sparse20": 74.0, "centre_pots_potter0_20": 0.65}
[pair_G] {"steps": 2945024, "elapsed_s": 2993.4, "coordination_ring_sparse20": 0.0, "coordination_ring_potter0_20": 0.55, "centre_pots_sparse20": 77.0, "centre_pots_potter0_20": 0.7}
[pair_G] {"steps": 2947072, "elapsed_s": 2995.7, "coordination_ring_sparse20": 0.0, "coordination_ring_potter0_20": 0.5, "centre_pots_sparse20": 80.0, "centre_pots_potter0_20": 0.6}
[pair_G] {"steps": 2949120, "elapsed_s": 2998.4, "coordination_ring_sparse20": 0.0, "coordination_ring_potter0_20": 0.55, "centre_pots_sparse20": 84.0, "centre_pots_potter0_20": 0.5}
[pair_G] {"steps": 2951168, "elapsed_s": 3000.3, "coordination_ring_sparse20": 0.0, "coordination_ring_potter0_20": 0.5, "centre_pots_sparse20": 85.0, "centre_pots_potter0_20": 0.6}
[pair_G] {"steps": 2953216, "elapsed_s": 3002.3, "coordination_ring_sparse20": 0.0, "coordination_ring_potter0_20": 0.55, "centre_pots_sparse20": 89.0, "centre_pots_potter0_20": 0.55}
[pair_G] {"steps": 2955264, "elapsed_s": 3004.4, "coordination_ring_sparse20": 0.0, "coordination_ring_potter0_20": 0.65, "centre_pots_sparse20": 89.0, "centre_pots_potter0_20": 0.5}
[pair_G] {"steps": 2957312, "elapsed_s": 3006.6, "coordination_ring_sparse20": 0.0, "coordination_ring_potter0_20": 0.65, "centre_pots_sparse20": 84.0, "centre_pots_potter0_20": 0.45}
[pair_G] {"steps": 2959360, "elapsed_s": 3008.7, "coordination_ring_sparse20": 0.0, "coordination_ring_potter0_20": 0.55, "centre_pots_sparse20": 83.0, "centre_pots_potter0_20": 0.45}
[pair_G] {"steps": 2961408, "elapsed_s": 3011.2, "coordination_ring_sparse20": 0.0, "coordination_ring_potter0_20": 0.5, "centre_pots_sparse20": 76.0, "centre_pots_potter0_20": 0.55}
[pair_G] {"steps": 2963456, "elapsed_s": 3012.8, "coordination_ring_sparse20": 0.0, "coordination_ring_potter0_20": 0.55, "centre_pots_sparse20": 75.0, "centre_pots_potter0_20": 0.6}
[pair_G] {"steps": 2965504, "elapsed_s": 3015.2, "coordination_ring_sparse20": 0.0, "coordination_ring_potter0_20": 0.6, "centre_pots_sparse20": 67.0, "centre_pots_potter0_20": 0.65}
[pair_G] {"steps": 2967552, "elapsed_s": 3017.5, "coordination_ring_sparse20": 0.0, "coordination_ring_potter0_20": 0.65, "centre_pots_sparse20": 64.0, "centre_pots_potter0_20": 0.65}
[pair_G] {"steps": 2969600, "elapsed_s": 3020.1, "coordination_ring_sparse20": 0.0, "coordination_ring_potter0_20": 0.6, "centre_pots_sparse20": 59.0, "centre_pots_potter0_20": 0.6}
[pair_G] {"steps": 2971648, "elapsed_s": 3022.5, "coordination_ring_sparse20": 0.0, "coordination_ring_potter0_20": 0.55, "centre_pots_sparse20": 61.0, "centre_pots_potter0_20": 0.6}
[pair_G] {"steps": 2973696, "elapsed_s": 3024.6, "coordination_ring_sparse20": 0.0, "coordination_ring_potter0_20": 0.45, "centre_pots_sparse20": 57.0, "centre_pots_potter0_20": 0.6}
[pair_G] {"steps": 2975744, "elapsed_s": 3026.8, "coordination_ring_sparse20": 0.0, "coordination_ring_potter0_20": 0.45, "centre_pots_sparse20": 60.0, "centre_pots_potter0_20": 0.55}
[pair_G] {"steps": 2977792, "elapsed_s": 3028.9, "coordination_ring_sparse20": 0.0, "coordination_ring_potter0_20": 0.45, "centre_pots_sparse20": 61.0, "centre_pots_potter0_20": 0.45}
[pair_G] {"steps": 2979840, "elapsed_s": 3030.9, "coordination_ring_sparse20": 0.0, "coordination_ring_potter0_20": 0.45, "centre_pots_sparse20": 63.0, "centre_pots_potter0_20": 0.45}
[pair_G] {"steps": 2981888, "elapsed_s": 3033.0, "coordination_ring_sparse20": 0.0, "coordination_ring_potter0_20": 0.35, "centre_pots_sparse20": 61.0, "centre_pots_potter0_20": 0.45}
[pair_G] {"steps": 2983936, "elapsed_s": 3034.8, "coordination_ring_sparse20": 0.0, "coordination_ring_potter0_20": 0.4, "centre_pots_sparse20": 64.0, "centre_pots_potter0_20": 0.5}
[pair_G] {"steps": 2985984, "elapsed_s": 3036.9, "coordination_ring_sparse20": 0.0, "coordination_ring_potter0_20": 0.5, "centre_pots_sparse20": 64.0, "centre_pots_potter0_20": 0.5}
[pair_G] {"steps": 2988032, "elapsed_s": 3038.7, "coordination_ring_sparse20": 0.0, "coordination_ring_potter0_20": 0.6, "centre_pots_sparse20": 67.0, "centre_pots_potter0_20": 0.55}
[pair_G] {"steps": 2990080, "elapsed_s": 3040.8, "coordination_ring_sparse20": 0.0, "coordination_ring_potter0_20": 0.55, "centre_pots_sparse20": 66.0, "centre_pots_potter0_20": 0.55}
[pair_G] {"steps": 2992128, "elapsed_s": 3042.8, "coordination_ring_sparse20": 0.0, "coordination_ring_potter0_20": 0.5, "centre_pots_sparse20": 65.0, "centre_pots_potter0_20": 0.55}
[pair_G] {"steps": 2994176, "elapsed_s": 3045.2, "coordination_ring_sparse20": 0.0, "coordination_ring_potter0_20": 0.5, "centre_pots_sparse20": 68.0, "centre_pots_potter0_20": 0.55}
[pair_G] {"steps": 2996224, "elapsed_s": 3047.1, "coordination_ring_sparse20": 0.0, "coordination_ring_potter0_20": 0.65, "centre_pots_sparse20": 69.0, "centre_pots_potter0_20": 0.5}
[pair_G] {"steps": 2998272, "elapsed_s": 3048.7, "coordination_ring_sparse20": 0.0, "coordination_ring_potter0_20": 0.55, "centre_pots_sparse20": 71.0, "centre_pots_potter0_20": 0.5}
[pair_G] {"steps": 3000320, "elapsed_s": 3050.8, "coordination_ring_sparse20": 0.0, "coordination_ring_potter0_20": 0.4, "centre_pots_sparse20": 68.0, "centre_pots_potter0_20": 0.6}
[pair_G] {"steps": 3002368, "elapsed_s": 3052.6, "coordination_ring_sparse20": 0.0, "coordination_ring_potter0_20": 0.45, "centre_pots_sparse20": 66.0, "centre_pots_potter0_20": 0.6}
[pair_G] {"steps": 3004416, "elapsed_s": 3055.1, "coordination_ring_sparse20": 0.0, "coordination_ring_potter0_20": 0.5, "centre_pots_sparse20": 69.0, "centre_pots_potter0_20": 0.6}
[pair_G] {"steps": 3006464, "elapsed_s": 3057.5, "coordination_ring_sparse20": 0.0, "coordination_ring_potter0_20": 0.6, "centre_pots_sparse20": 65.0, "centre_pots_potter0_20": 0.65}
[pair_G] {"steps": 3008512, "elapsed_s": 3059.5, "coordination_ring_sparse20": 0.0, "coordination_ring_potter0_20": 0.65, "centre_pots_sparse20": 61.0, "centre_pots_potter0_20": 0.6}
[pair_G] {"steps": 3010560, "elapsed_s": 3061.7, "coordination_ring_sparse20": 0.0, "coordination_ring_potter0_20": 0.6, "centre_pots_sparse20": 63.0, "centre_pots_potter0_20": 0.55}
[pair_G] {"steps": 3012608, "elapsed_s": 3064.2, "coordination_ring_sparse20": 0.0, "coordination_ring_potter0_20": 0.55, "centre_pots_sparse20": 67.0, "centre_pots_potter0_20": 0.5}
[pair_G] {"steps": 3014656, "elapsed_s": 3066.4, "coordination_ring_sparse20": 0.0, "coordination_ring_potter0_20": 0.6, "centre_pots_sparse20": 66.0, "centre_pots_potter0_20": 0.45}
[pair_G] {"steps": 3016704, "elapsed_s": 3068.4, "coordination_ring_sparse20": 0.0, "coordination_ring_potter0_20": 0.6, "centre_pots_sparse20": 63.0, "centre_pots_potter0_20": 0.45}
[pair_G] {"steps": 3018752, "elapsed_s": 3070.7, "coordination_ring_sparse20": 0.0, "coordination_ring_potter0_20": 0.65, "centre_pots_sparse20": 63.0, "centre_pots_potter0_20": 0.35}
[pair_G] {"steps": 3020800, "elapsed_s": 3073.3, "coordination_ring_sparse20": 0.0, "coordination_ring_potter0_20": 0.65, "centre_pots_sparse20": 65.0, "centre_pots_potter0_20": 0.3}
[pair_G] {"steps": 3022848, "elapsed_s": 3075.5, "coordination_ring_sparse20": 0.0, "coordination_ring_potter0_20": 0.5, "centre_pots_sparse20": 65.0, "centre_pots_potter0_20": 0.3}
[pair_G] {"steps": 3024896, "elapsed_s": 3077.7, "coordination_ring_sparse20": 0.0, "coordination_ring_potter0_20": 0.5, "centre_pots_sparse20": 67.0, "centre_pots_potter0_20": 0.4}
[pair_G] {"steps": 3026944, "elapsed_s": 3080.0, "coordination_ring_sparse20": 0.0, "coordination_ring_potter0_20": 0.5, "centre_pots_sparse20": 65.0, "centre_pots_potter0_20": 0.4}
[pair_G] {"steps": 3028992, "elapsed_s": 3081.9, "coordination_ring_sparse20": 0.0, "coordination_ring_potter0_20": 0.45, "centre_pots_sparse20": 62.0, "centre_pots_potter0_20": 0.4}
[pair_G] {"steps": 3031040, "elapsed_s": 3084.0, "coordination_ring_sparse20": 0.0, "coordination_ring_potter0_20": 0.45, "centre_pots_sparse20": 68.0, "centre_pots_potter0_20": 0.5}
[pair_G] {"steps": 3033088, "elapsed_s": 3086.0, "coordination_ring_sparse20": 0.0, "coordination_ring_potter0_20": 0.45, "centre_pots_sparse20": 69.0, "centre_pots_potter0_20": 0.55}
[pair_G] {"steps": 3035136, "elapsed_s": 3087.9, "coordination_ring_sparse20": 0.0, "coordination_ring_potter0_20": 0.55, "centre_pots_sparse20": 70.0, "centre_pots_potter0_20": 0.55}
[pair_G] {"steps": 3037184, "elapsed_s": 3089.8, "coordination_ring_sparse20": 0.0, "coordination_ring_potter0_20": 0.5, "centre_pots_sparse20": 67.0, "centre_pots_potter0_20": 0.6}
[pair_G] {"steps": 3039232, "elapsed_s": 3091.8, "coordination_ring_sparse20": 0.0, "coordination_ring_potter0_20": 0.5, "centre_pots_sparse20": 68.0, "centre_pots_potter0_20": 0.55}
[pair_G] {"steps": 3041280, "elapsed_s": 3093.9, "coordination_ring_sparse20": 0.0, "coordination_ring_potter0_20": 0.55, "centre_pots_sparse20": 66.0, "centre_pots_potter0_20": 0.55}
[pair_G] {"steps": 3043328, "elapsed_s": 3096.6, "coordination_ring_sparse20": 0.0, "coordination_ring_potter0_20": 0.6, "centre_pots_sparse20": 65.0, "centre_pots_potter0_20": 0.5}
[pair_G] {"steps": 3045376, "elapsed_s": 3098.6, "coordination_ring_sparse20": 0.0, "coordination_ring_potter0_20": 0.6, "centre_pots_sparse20": 66.0, "centre_pots_potter0_20": 0.5}
[pair_G] {"steps": 3047424, "elapsed_s": 3100.5, "coordination_ring_sparse20": 0.0, "coordination_ring_potter0_20": 0.6, "centre_pots_sparse20": 66.0, "centre_pots_potter0_20": 0.45}
[pair_G] {"steps": 3049472, "elapsed_s": 3102.7, "coordination_ring_sparse20": 0.0, "coordination_ring_potter0_20": 0.55, "centre_pots_sparse20": 68.0, "centre_pots_potter0_20": 0.4}
[pair_G] {"steps": 3051520, "elapsed_s": 3104.5, "coordination_ring_sparse20": 0.0, "coordination_ring_potter0_20": 0.6, "centre_pots_sparse20": 68.0, "centre_pots_potter0_20": 0.4}
[pair_G] {"steps": 3053568, "elapsed_s": 3106.6, "coordination_ring_sparse20": 0.0, "coordination_ring_potter0_20": 0.7, "centre_pots_sparse20": 65.0, "centre_pots_potter0_20": 0.45}
[pair_G] {"steps": 3055616, "elapsed_s": 3109.0, "coordination_ring_sparse20": 0.0, "coordination_ring_potter0_20": 0.55, "centre_pots_sparse20": 63.0, "centre_pots_potter0_20": 0.35}
[pair_G] {"steps": 3057664, "elapsed_s": 3111.4, "coordination_ring_sparse20": 0.0, "coordination_ring_potter0_20": 0.5, "centre_pots_sparse20": 66.0, "centre_pots_potter0_20": 0.35}
[pair_G] {"steps": 3059712, "elapsed_s": 3113.7, "coordination_ring_sparse20": 0.0, "coordination_ring_potter0_20": 0.4, "centre_pots_sparse20": 66.0, "centre_pots_potter0_20": 0.45}
[pair_G] {"steps": 3061760, "elapsed_s": 3116.0, "coordination_ring_sparse20": 0.0, "coordination_ring_potter0_20": 0.45, "centre_pots_sparse20": 63.0, "centre_pots_potter0_20": 0.45}
[pair_G] {"steps": 3063808, "elapsed_s": 3118.4, "coordination_ring_sparse20": 0.0, "coordination_ring_potter0_20": 0.4, "centre_pots_sparse20": 61.0, "centre_pots_potter0_20": 0.5}
[pair_G] {"steps": 3065856, "elapsed_s": 3120.9, "coordination_ring_sparse20": 0.0, "coordination_ring_potter0_20": 0.4, "centre_pots_sparse20": 64.0, "centre_pots_potter0_20": 0.5}
[pair_G] {"steps": 3067904, "elapsed_s": 3122.9, "coordination_ring_sparse20": 0.0, "coordination_ring_potter0_20": 0.4, "centre_pots_sparse20": 65.0, "centre_pots_potter0_20": 0.55}
[pair_G] {"steps": 3069952, "elapsed_s": 3125.3, "coordination_ring_sparse20": 0.0, "coordination_ring_potter0_20": 0.4, "centre_pots_sparse20": 69.0, "centre_pots_potter0_20": 0.55}
[pair_G] {"steps": 3072000, "elapsed_s": 3127.5, "coordination_ring_sparse20": 0.0, "coordination_ring_potter0_20": 0.35, "centre_pots_sparse20": 70.0, "centre_pots_potter0_20": 0.55}
[pair_G] {"steps": 3074048, "elapsed_s": 3129.3, "coordination_ring_sparse20": 0.0, "coordination_ring_potter0_20": 0.3, "centre_pots_sparse20": 68.0, "centre_pots_potter0_20": 0.6}
[pair_G] {"steps": 3076096, "elapsed_s": 3132.1, "coordination_ring_sparse20": 0.0, "coordination_ring_potter0_20": 0.35, "centre_pots_sparse20": 62.0, "centre_pots_potter0_20": 0.55}
[pair_G] {"steps": 3078144, "elapsed_s": 3134.7, "coordination_ring_sparse20": 0.0, "coordination_ring_potter0_20": 0.4, "centre_pots_sparse20": 67.0, "centre_pots_potter0_20": 0.45}
[pair_G] {"steps": 3080192, "elapsed_s": 3137.4, "coordination_ring_sparse20": 0.0, "coordination_ring_potter0_20": 0.45, "centre_pots_sparse20": 72.0, "centre_pots_potter0_20": 0.5}
[pair_G] {"steps": 3082240, "elapsed_s": 3139.4, "coordination_ring_sparse20": 0.0, "coordination_ring_potter0_20": 0.45, "centre_pots_sparse20": 64.0, "centre_pots_potter0_20": 0.45}
[pair_G] {"steps": 3084288, "elapsed_s": 3141.9, "coordination_ring_sparse20": 0.0, "coordination_ring_potter0_20": 0.4, "centre_pots_sparse20": 60.0, "centre_pots_potter0_20": 0.35}
[pair_G] {"steps": 3086336, "elapsed_s": 3143.8, "coordination_ring_sparse20": 0.0, "coordination_ring_potter0_20": 0.4, "centre_pots_sparse20": 58.0, "centre_pots_potter0_20": 0.4}
[pair_G] {"steps": 3088384, "elapsed_s": 3145.9, "coordination_ring_sparse20": 0.0, "coordination_ring_potter0_20": 0.45, "centre_pots_sparse20": 58.0, "centre_pots_potter0_20": 0.45}
[pair_G] {"steps": 3090432, "elapsed_s": 3147.8, "coordination_ring_sparse20": 0.0, "coordination_ring_potter0_20": 0.5, "centre_pots_sparse20": 58.0, "centre_pots_potter0_20": 0.4}
[pair_G] {"steps": 3092480, "elapsed_s": 3150.1, "coordination_ring_sparse20": 0.0, "coordination_ring_potter0_20": 0.5, "centre_pots_sparse20": 55.0, "centre_pots_potter0_20": 0.45}
[pair_G] {"steps": 3094528, "elapsed_s": 3152.0, "coordination_ring_sparse20": 0.0, "coordination_ring_potter0_20": 0.45, "centre_pots_sparse20": 53.0, "centre_pots_potter0_20": 0.5}
[pair_G] {"steps": 3096576, "elapsed_s": 3154.2, "coordination_ring_sparse20": 0.0, "coordination_ring_potter0_20": 0.45, "centre_pots_sparse20": 52.0, "centre_pots_potter0_20": 0.5}
[pair_G] {"steps": 3098624, "elapsed_s": 3156.3, "coordination_ring_sparse20": 0.0, "coordination_ring_potter0_20": 0.45, "centre_pots_sparse20": 46.0, "centre_pots_potter0_20": 0.6}
[pair_G] {"steps": 3100672, "elapsed_s": 3158.4, "coordination_ring_sparse20": 0.0, "coordination_ring_potter0_20": 0.45, "centre_pots_sparse20": 47.0, "centre_pots_potter0_20": 0.65}
[pair_G] {"steps": 3102720, "elapsed_s": 3160.3, "coordination_ring_sparse20": 0.0, "coordination_ring_potter0_20": 0.5, "centre_pots_sparse20": 46.0, "centre_pots_potter0_20": 0.7}
[pair_G] {"steps": 3104768, "elapsed_s": 3162.4, "coordination_ring_sparse20": 0.0, "coordination_ring_potter0_20": 0.55, "centre_pots_sparse20": 43.0, "centre_pots_potter0_20": 0.8}
[pair_G] {"steps": 3106816, "elapsed_s": 3164.7, "coordination_ring_sparse20": 0.0, "coordination_ring_potter0_20": 0.45, "centre_pots_sparse20": 43.0, "centre_pots_potter0_20": 0.7}
[pair_G] {"steps": 3108864, "elapsed_s": 3166.8, "coordination_ring_sparse20": 0.0, "coordination_ring_potter0_20": 0.35, "centre_pots_sparse20": 47.0, "centre_pots_potter0_20": 0.7}
[pair_G] {"steps": 3110912, "elapsed_s": 3169.3, "coordination_ring_sparse20": 0.0, "coordination_ring_potter0_20": 0.45, "centre_pots_sparse20": 49.0, "centre_pots_potter0_20": 0.7}
[pair_G] {"steps": 3112960, "elapsed_s": 3171.8, "coordination_ring_sparse20": 0.0, "coordination_ring_potter0_20": 0.45, "centre_pots_sparse20": 51.0, "centre_pots_potter0_20": 0.65}
[pair_G] {"steps": 3115008, "elapsed_s": 3174.2, "coordination_ring_sparse20": 0.0, "coordination_ring_potter0_20": 0.5, "centre_pots_sparse20": 55.0, "centre_pots_potter0_20": 0.65}
[pair_G] {"steps": 3117056, "elapsed_s": 3176.5, "coordination_ring_sparse20": 0.0, "coordination_ring_potter0_20": 0.5, "centre_pots_sparse20": 58.0, "centre_pots_potter0_20": 0.6}
[pair_G] {"steps": 3119104, "elapsed_s": 3178.8, "coordination_ring_sparse20": 0.0, "coordination_ring_potter0_20": 0.5, "centre_pots_sparse20": 61.0, "centre_pots_potter0_20": 0.6}
[pair_G] {"steps": 3121152, "elapsed_s": 3181.2, "coordination_ring_sparse20": 0.0, "coordination_ring_potter0_20": 0.55, "centre_pots_sparse20": 64.0, "centre_pots_potter0_20": 0.7}
[pair_G] {"steps": 3123200, "elapsed_s": 3183.8, "coordination_ring_sparse20": 0.0, "coordination_ring_potter0_20": 0.55, "centre_pots_sparse20": 63.0, "centre_pots_potter0_20": 0.65}
[pair_G] {"steps": 3125248, "elapsed_s": 3185.8, "coordination_ring_sparse20": 0.0, "coordination_ring_potter0_20": 0.6, "centre_pots_sparse20": 65.0, "centre_pots_potter0_20": 0.5}
[pair_G] {"steps": 3127296, "elapsed_s": 3188.0, "coordination_ring_sparse20": 0.0, "coordination_ring_potter0_20": 0.55, "centre_pots_sparse20": 68.0, "centre_pots_potter0_20": 0.45}
[pair_G] {"steps": 3129344, "elapsed_s": 3190.0, "coordination_ring_sparse20": 0.0, "coordination_ring_potter0_20": 0.55, "centre_pots_sparse20": 68.0, "centre_pots_potter0_20": 0.45}
[pair_G] {"steps": 3131392, "elapsed_s": 3192.0, "coordination_ring_sparse20": 0.0, "coordination_ring_potter0_20": 0.55, "centre_pots_sparse20": 72.0, "centre_pots_potter0_20": 0.35}
[pair_G] {"steps": 3133440, "elapsed_s": 3194.2, "coordination_ring_sparse20": 0.0, "coordination_ring_potter0_20": 0.5, "centre_pots_sparse20": 70.0, "centre_pots_potter0_20": 0.4}
[pair_G] {"steps": 3135488, "elapsed_s": 3196.3, "coordination_ring_sparse20": 0.0, "coordination_ring_potter0_20": 0.45, "centre_pots_sparse20": 69.0, "centre_pots_potter0_20": 0.45}
[pair_G] {"steps": 3137536, "elapsed_s": 3198.6, "coordination_ring_sparse20": 0.0, "coordination_ring_potter0_20": 0.5, "centre_pots_sparse20": 72.0, "centre_pots_potter0_20": 0.5}
[pair_G] {"steps": 3139584, "elapsed_s": 3200.9, "coordination_ring_sparse20": 0.0, "coordination_ring_potter0_20": 0.45, "centre_pots_sparse20": 77.0, "centre_pots_potter0_20": 0.55}
[pair_G] {"steps": 3141632, "elapsed_s": 3202.8, "coordination_ring_sparse20": 0.0, "coordination_ring_potter0_20": 0.3, "centre_pots_sparse20": 74.0, "centre_pots_potter0_20": 0.55}
[pair_G] {"steps": 3143680, "elapsed_s": 3205.2, "coordination_ring_sparse20": 0.0, "coordination_ring_potter0_20": 0.25, "centre_pots_sparse20": 71.0, "centre_pots_potter0_20": 0.45}
[pair_G] {"steps": 3145728, "elapsed_s": 3207.3, "coordination_ring_sparse20": 0.0, "coordination_ring_potter0_20": 0.35, "centre_pots_sparse20": 71.0, "centre_pots_potter0_20": 0.45}
[pair_G] {"steps": 3147776, "elapsed_s": 3209.4, "coordination_ring_sparse20": 0.0, "coordination_ring_potter0_20": 0.3, "centre_pots_sparse20": 70.0, "centre_pots_potter0_20": 0.5}
[pair_G] {"steps": 3149824, "elapsed_s": 3211.4, "coordination_ring_sparse20": 0.0, "coordination_ring_potter0_20": 0.4, "centre_pots_sparse20": 70.0, "centre_pots_potter0_20": 0.5}
[pair_G] {"steps": 3151872, "elapsed_s": 3213.3, "coordination_ring_sparse20": 0.0, "coordination_ring_potter0_20": 0.4, "centre_pots_sparse20": 70.0, "centre_pots_potter0_20": 0.45}
[pair_G] {"steps": 3153920, "elapsed_s": 3215.5, "coordination_ring_sparse20": 0.0, "coordination_ring_potter0_20": 0.4, "centre_pots_sparse20": 66.0, "centre_pots_potter0_20": 0.4}
[pair_G] {"steps": 3155968, "elapsed_s": 3217.7, "coordination_ring_sparse20": 0.0, "coordination_ring_potter0_20": 0.4, "centre_pots_sparse20": 65.0, "centre_pots_potter0_20": 0.4}
[pair_G] {"steps": 3158016, "elapsed_s": 3219.7, "coordination_ring_sparse20": 0.0, "coordination_ring_potter0_20": 0.45, "centre_pots_sparse20": 69.0, "centre_pots_potter0_20": 0.35}
[pair_G] {"steps": 3160064, "elapsed_s": 3221.6, "coordination_ring_sparse20": 0.0, "coordination_ring_potter0_20": 0.45, "centre_pots_sparse20": 71.0, "centre_pots_potter0_20": 0.45}
[pair_G] {"steps": 3162112, "elapsed_s": 3223.6, "coordination_ring_sparse20": 0.0, "coordination_ring_potter0_20": 0.5, "centre_pots_sparse20": 69.0, "centre_pots_potter0_20": 0.45}
[pair_G] {"steps": 3164160, "elapsed_s": 3225.8, "coordination_ring_sparse20": 0.0, "coordination_ring_potter0_20": 0.5, "centre_pots_sparse20": 66.0, "centre_pots_potter0_20": 0.5}
[pair_G] {"steps": 3166208, "elapsed_s": 3228.0, "coordination_ring_sparse20": 0.0, "coordination_ring_potter0_20": 0.4, "centre_pots_sparse20": 69.0, "centre_pots_potter0_20": 0.45}
[pair_G] {"steps": 3168256, "elapsed_s": 3230.5, "coordination_ring_sparse20": 0.0, "coordination_ring_potter0_20": 0.35, "centre_pots_sparse20": 72.0, "centre_pots_potter0_20": 0.5}
[pair_G] {"steps": 3170304, "elapsed_s": 3232.8, "coordination_ring_sparse20": 0.0, "coordination_ring_potter0_20": 0.35, "centre_pots_sparse20": 71.0, "centre_pots_potter0_20": 0.45}
[pair_G] {"steps": 3172352, "elapsed_s": 3235.4, "coordination_ring_sparse20": 0.0, "coordination_ring_potter0_20": 0.35, "centre_pots_sparse20": 64.0, "centre_pots_potter0_20": 0.45}
[pair_G] {"steps": 3174400, "elapsed_s": 3237.3, "coordination_ring_sparse20": 0.0, "coordination_ring_potter0_20": 0.3, "centre_pots_sparse20": 65.0, "centre_pots_potter0_20": 0.45}
[pair_G] {"steps": 3176448, "elapsed_s": 3239.2, "coordination_ring_sparse20": 0.0, "coordination_ring_potter0_20": 0.4, "centre_pots_sparse20": 63.0, "centre_pots_potter0_20": 0.55}
[pair_G] {"steps": 3178496, "elapsed_s": 3241.1, "coordination_ring_sparse20": 0.0, "coordination_ring_potter0_20": 0.45, "centre_pots_sparse20": 66.0, "centre_pots_potter0_20": 0.6}
[pair_G] {"steps": 3180544, "elapsed_s": 3243.1, "coordination_ring_sparse20": 0.0, "coordination_ring_potter0_20": 0.4, "centre_pots_sparse20": 63.0, "centre_pots_potter0_20": 0.65}
[pair_G] {"steps": 3182592, "elapsed_s": 3245.3, "coordination_ring_sparse20": 0.0, "coordination_ring_potter0_20": 0.5, "centre_pots_sparse20": 60.0, "centre_pots_potter0_20": 0.65}
[pair_G] {"steps": 3184640, "elapsed_s": 3247.2, "coordination_ring_sparse20": 0.0, "coordination_ring_potter0_20": 0.6, "centre_pots_sparse20": 59.0, "centre_pots_potter0_20": 0.65}
[pair_G] {"steps": 3186688, "elapsed_s": 3249.0, "coordination_ring_sparse20": 0.0, "coordination_ring_potter0_20": 0.65, "centre_pots_sparse20": 59.0, "centre_pots_potter0_20": 0.65}
[pair_G] {"steps": 3188736, "elapsed_s": 3251.2, "coordination_ring_sparse20": 0.0, "coordination_ring_potter0_20": 0.65, "centre_pots_sparse20": 67.0, "centre_pots_potter0_20": 0.6}
[pair_G] {"steps": 3190784, "elapsed_s": 3253.1, "coordination_ring_sparse20": 0.0, "coordination_ring_potter0_20": 0.6, "centre_pots_sparse20": 69.0, "centre_pots_potter0_20": 0.55}
[pair_G] {"steps": 3192832, "elapsed_s": 3255.5, "coordination_ring_sparse20": 0.0, "coordination_ring_potter0_20": 0.6, "centre_pots_sparse20": 73.0, "centre_pots_potter0_20": 0.4}
[pair_G] {"steps": 3194880, "elapsed_s": 3257.6, "coordination_ring_sparse20": 0.0, "coordination_ring_potter0_20": 0.55, "centre_pots_sparse20": 80.0, "centre_pots_potter0_20": 0.35}
[pair_G] {"steps": 3196928, "elapsed_s": 3259.7, "coordination_ring_sparse20": 0.0, "coordination_ring_potter0_20": 0.55, "centre_pots_sparse20": 82.0, "centre_pots_potter0_20": 0.35}
[pair_G] {"steps": 3198976, "elapsed_s": 3261.8, "coordination_ring_sparse20": 0.0, "coordination_ring_potter0_20": 0.5, "centre_pots_sparse20": 81.0, "centre_pots_potter0_20": 0.3}
[pair_G] {"steps": 3201024, "elapsed_s": 3264.2, "coordination_ring_sparse20": 0.0, "coordination_ring_potter0_20": 0.5, "centre_pots_sparse20": 77.0, "centre_pots_potter0_20": 0.45}
[pair_G] {"steps": 3203072, "elapsed_s": 3266.5, "coordination_ring_sparse20": 0.0, "coordination_ring_potter0_20": 0.5, "centre_pots_sparse20": 82.0, "centre_pots_potter0_20": 0.55}
[pair_G] {"steps": 3205120, "elapsed_s": 3268.9, "coordination_ring_sparse20": 0.0, "coordination_ring_potter0_20": 0.45, "centre_pots_sparse20": 82.0, "centre_pots_potter0_20": 0.55}
[pair_G] {"steps": 3207168, "elapsed_s": 3271.1, "coordination_ring_sparse20": 0.0, "coordination_ring_potter0_20": 0.45, "centre_pots_sparse20": 72.0, "centre_pots_potter0_20": 0.45}
[pair_G] {"steps": 3209216, "elapsed_s": 3273.3, "coordination_ring_sparse20": 0.0, "coordination_ring_potter0_20": 0.45, "centre_pots_sparse20": 76.0, "centre_pots_potter0_20": 0.35}
[pair_G] {"steps": 3211264, "elapsed_s": 3274.9, "coordination_ring_sparse20": 0.0, "coordination_ring_potter0_20": 0.4, "centre_pots_sparse20": 77.0, "centre_pots_potter0_20": 0.35}
[pair_G] {"steps": 3213312, "elapsed_s": 3276.6, "coordination_ring_sparse20": 0.0, "coordination_ring_potter0_20": 0.35, "centre_pots_sparse20": 77.0, "centre_pots_potter0_20": 0.35}
[pair_G] {"steps": 3215360, "elapsed_s": 3278.9, "coordination_ring_sparse20": 0.0, "coordination_ring_potter0_20": 0.35, "centre_pots_sparse20": 74.0, "centre_pots_potter0_20": 0.3}
[pair_G] {"steps": 3217408, "elapsed_s": 3280.6, "coordination_ring_sparse20": 0.0, "coordination_ring_potter0_20": 0.35, "centre_pots_sparse20": 76.0, "centre_pots_potter0_20": 0.35}
[pair_G] {"steps": 3219456, "elapsed_s": 3282.5, "coordination_ring_sparse20": 0.0, "coordination_ring_potter0_20": 0.35, "centre_pots_sparse20": 67.0, "centre_pots_potter0_20": 0.2}
[pair_G] {"steps": 3221504, "elapsed_s": 3284.8, "coordination_ring_sparse20": 0.0, "coordination_ring_potter0_20": 0.3, "centre_pots_sparse20": 63.0, "centre_pots_potter0_20": 0.2}
[pair_G] {"steps": 3223552, "elapsed_s": 3287.3, "coordination_ring_sparse20": 0.0, "coordination_ring_potter0_20": 0.35, "centre_pots_sparse20": 63.0, "centre_pots_potter0_20": 0.25}
[pair_G] {"steps": 3225600, "elapsed_s": 3289.5, "coordination_ring_sparse20": 0.0, "coordination_ring_potter0_20": 0.3, "centre_pots_sparse20": 72.0, "centre_pots_potter0_20": 0.3}
[pair_G] {"steps": 3227648, "elapsed_s": 3291.5, "coordination_ring_sparse20": 0.0, "coordination_ring_potter0_20": 0.35, "centre_pots_sparse20": 70.0, "centre_pots_potter0_20": 0.3}
[pair_G] {"steps": 3229696, "elapsed_s": 3294.2, "coordination_ring_sparse20": 0.0, "coordination_ring_potter0_20": 0.35, "centre_pots_sparse20": 73.0, "centre_pots_potter0_20": 0.4}
[pair_G] {"steps": 3231744, "elapsed_s": 3296.3, "coordination_ring_sparse20": 0.0, "coordination_ring_potter0_20": 0.4, "centre_pots_sparse20": 71.0, "centre_pots_potter0_20": 0.45}
[pair_G] {"steps": 3233792, "elapsed_s": 3298.5, "coordination_ring_sparse20": 0.0, "coordination_ring_potter0_20": 0.35, "centre_pots_sparse20": 85.0, "centre_pots_potter0_20": 0.55}
[pair_G] {"steps": 3235840, "elapsed_s": 3300.6, "coordination_ring_sparse20": 0.0, "coordination_ring_potter0_20": 0.4, "centre_pots_sparse20": 83.0, "centre_pots_potter0_20": 0.5}
[pair_G] {"steps": 3237888, "elapsed_s": 3303.3, "coordination_ring_sparse20": 0.0, "coordination_ring_potter0_20": 0.5, "centre_pots_sparse20": 87.0, "centre_pots_potter0_20": 0.6}
[pair_G] {"steps": 3239936, "elapsed_s": 3305.3, "coordination_ring_sparse20": 0.0, "coordination_ring_potter0_20": 0.55, "centre_pots_sparse20": 85.0, "centre_pots_potter0_20": 0.7}
[pair_G] {"steps": 3241984, "elapsed_s": 3307.5, "coordination_ring_sparse20": 0.0, "coordination_ring_potter0_20": 0.55, "centre_pots_sparse20": 83.0, "centre_pots_potter0_20": 0.75}
[pair_G] {"steps": 3244032, "elapsed_s": 3310.2, "coordination_ring_sparse20": 0.0, "coordination_ring_potter0_20": 0.5, "centre_pots_sparse20": 79.0, "centre_pots_potter0_20": 0.75}
[pair_G] {"steps": 3246080, "elapsed_s": 3312.2, "coordination_ring_sparse20": 0.0, "coordination_ring_potter0_20": 0.5, "centre_pots_sparse20": 74.0, "centre_pots_potter0_20": 0.7}
[pair_G] {"steps": 3248128, "elapsed_s": 3313.9, "coordination_ring_sparse20": 0.0, "coordination_ring_potter0_20": 0.5, "centre_pots_sparse20": 76.0, "centre_pots_potter0_20": 0.7}
[pair_G] {"steps": 3250176, "elapsed_s": 3315.8, "coordination_ring_sparse20": 0.0, "coordination_ring_potter0_20": 0.4, "centre_pots_sparse20": 71.0, "centre_pots_potter0_20": 0.7}
[pair_G] {"steps": 3252224, "elapsed_s": 3317.7, "coordination_ring_sparse20": 0.0, "coordination_ring_potter0_20": 0.4, "centre_pots_sparse20": 69.0, "centre_pots_potter0_20": 0.75}
[pair_G] {"steps": 3254272, "elapsed_s": 3319.5, "coordination_ring_sparse20": 0.0, "coordination_ring_potter0_20": 0.4, "centre_pots_sparse20": 69.0, "centre_pots_potter0_20": 0.75}
[pair_G] {"steps": 3256320, "elapsed_s": 3321.9, "coordination_ring_sparse20": 0.0, "coordination_ring_potter0_20": 0.4, "centre_pots_sparse20": 69.0, "centre_pots_potter0_20": 0.7}
[pair_G] {"steps": 3258368, "elapsed_s": 3323.5, "coordination_ring_sparse20": 0.0, "coordination_ring_potter0_20": 0.4, "centre_pots_sparse20": 72.0, "centre_pots_potter0_20": 0.65}
[pair_G] {"steps": 3260416, "elapsed_s": 3325.6, "coordination_ring_sparse20": 0.0, "coordination_ring_potter0_20": 0.4, "centre_pots_sparse20": 69.0, "centre_pots_potter0_20": 0.55}
[pair_G] {"steps": 3262464, "elapsed_s": 3327.9, "coordination_ring_sparse20": 0.0, "coordination_ring_potter0_20": 0.5, "centre_pots_sparse20": 73.0, "centre_pots_potter0_20": 0.55}
[pair_G] {"steps": 3264512, "elapsed_s": 3330.4, "coordination_ring_sparse20": 0.0, "coordination_ring_potter0_20": 0.5, "centre_pots_sparse20": 73.0, "centre_pots_potter0_20": 0.55}
[pair_G] {"steps": 3266560, "elapsed_s": 3332.7, "coordination_ring_sparse20": 0.0, "coordination_ring_potter0_20": 0.55, "centre_pots_sparse20": 78.0, "centre_pots_potter0_20": 0.45}
[pair_G] {"steps": 3268608, "elapsed_s": 3334.8, "coordination_ring_sparse20": 0.0, "coordination_ring_potter0_20": 0.6, "centre_pots_sparse20": 76.0, "centre_pots_potter0_20": 0.35}
[pair_G] {"steps": 3270656, "elapsed_s": 3336.9, "coordination_ring_sparse20": 0.0, "coordination_ring_potter0_20": 0.55, "centre_pots_sparse20": 71.0, "centre_pots_potter0_20": 0.3}
[pair_G] {"steps": 3272704, "elapsed_s": 3339.1, "coordination_ring_sparse20": 0.0, "coordination_ring_potter0_20": 0.55, "centre_pots_sparse20": 70.0, "centre_pots_potter0_20": 0.35}
[pair_G] {"steps": 3274752, "elapsed_s": 3341.0, "coordination_ring_sparse20": 0.0, "coordination_ring_potter0_20": 0.55, "centre_pots_sparse20": 71.0, "centre_pots_potter0_20": 0.4}
[pair_G] {"steps": 3276800, "elapsed_s": 3343.3, "coordination_ring_sparse20": 0.0, "coordination_ring_potter0_20": 0.5, "centre_pots_sparse20": 75.0, "centre_pots_potter0_20": 0.35}
[pair_G] {"steps": 3278848, "elapsed_s": 3345.3, "coordination_ring_sparse20": 0.0, "coordination_ring_potter0_20": 0.55, "centre_pots_sparse20": 70.0, "centre_pots_potter0_20": 0.4}
[pair_G] {"steps": 3280896, "elapsed_s": 3347.6, "coordination_ring_sparse20": 0.0, "coordination_ring_potter0_20": 0.55, "centre_pots_sparse20": 68.0, "centre_pots_potter0_20": 0.4}
[pair_G] {"steps": 3282944, "elapsed_s": 3349.6, "coordination_ring_sparse20": 0.0, "coordination_ring_potter0_20": 0.45, "centre_pots_sparse20": 69.0, "centre_pots_potter0_20": 0.4}
[pair_G] {"steps": 3284992, "elapsed_s": 3351.7, "coordination_ring_sparse20": 0.0, "coordination_ring_potter0_20": 0.45, "centre_pots_sparse20": 77.0, "centre_pots_potter0_20": 0.5}
[pair_G] {"steps": 3287040, "elapsed_s": 3354.0, "coordination_ring_sparse20": 0.0, "coordination_ring_potter0_20": 0.4, "centre_pots_sparse20": 77.0, "centre_pots_potter0_20": 0.5}
[pair_G] {"steps": 3289088, "elapsed_s": 3356.3, "coordination_ring_sparse20": 0.0, "coordination_ring_potter0_20": 0.35, "centre_pots_sparse20": 76.0, "centre_pots_potter0_20": 0.5}
[pair_G] {"steps": 3291136, "elapsed_s": 3358.2, "coordination_ring_sparse20": 0.0, "coordination_ring_potter0_20": 0.4, "centre_pots_sparse20": 78.0, "centre_pots_potter0_20": 0.5}
[pair_G] {"steps": 3293184, "elapsed_s": 3359.8, "coordination_ring_sparse20": 0.0, "coordination_ring_potter0_20": 0.4, "centre_pots_sparse20": 78.0, "centre_pots_potter0_20": 0.5}
[pair_G] {"steps": 3295232, "elapsed_s": 3362.0, "coordination_ring_sparse20": 0.0, "coordination_ring_potter0_20": 0.4, "centre_pots_sparse20": 78.0, "centre_pots_potter0_20": 0.4}
[pair_G] {"steps": 3297280, "elapsed_s": 3363.9, "coordination_ring_sparse20": 0.0, "coordination_ring_potter0_20": 0.4, "centre_pots_sparse20": 75.0, "centre_pots_potter0_20": 0.4}
[pair_G] {"steps": 3299328, "elapsed_s": 3365.8, "coordination_ring_sparse20": 0.0, "coordination_ring_potter0_20": 0.4, "centre_pots_sparse20": 76.0, "centre_pots_potter0_20": 0.4}
[pair_G] {"steps": 3301376, "elapsed_s": 3367.8, "coordination_ring_sparse20": 0.0, "coordination_ring_potter0_20": 0.45, "centre_pots_sparse20": 80.0, "centre_pots_potter0_20": 0.4}
[pair_G] {"steps": 3303424, "elapsed_s": 3370.0, "coordination_ring_sparse20": 0.0, "coordination_ring_potter0_20": 0.5, "centre_pots_sparse20": 81.0, "centre_pots_potter0_20": 0.3}
[pair_G] {"steps": 3305472, "elapsed_s": 3371.8, "coordination_ring_sparse20": 0.0, "coordination_ring_potter0_20": 0.55, "centre_pots_sparse20": 77.0, "centre_pots_potter0_20": 0.3}
[pair_G] {"steps": 3307520, "elapsed_s": 3373.8, "coordination_ring_sparse20": 0.0, "coordination_ring_potter0_20": 0.55, "centre_pots_sparse20": 80.0, "centre_pots_potter0_20": 0.3}
[pair_G] {"steps": 3309568, "elapsed_s": 3375.9, "coordination_ring_sparse20": 0.0, "coordination_ring_potter0_20": 0.55, "centre_pots_sparse20": 84.0, "centre_pots_potter0_20": 0.35}
[pair_G] {"steps": 3311616, "elapsed_s": 3377.6, "coordination_ring_sparse20": 0.0, "coordination_ring_potter0_20": 0.5, "centre_pots_sparse20": 83.0, "centre_pots_potter0_20": 0.4}
[pair_G] {"steps": 3313664, "elapsed_s": 3379.6, "coordination_ring_sparse20": 0.0, "coordination_ring_potter0_20": 0.55, "centre_pots_sparse20": 90.0, "centre_pots_potter0_20": 0.5}
[pair_G] {"steps": 3315712, "elapsed_s": 3381.6, "coordination_ring_sparse20": 0.0, "coordination_ring_potter0_20": 0.5, "centre_pots_sparse20": 87.0, "centre_pots_potter0_20": 0.5}
[pair_G] {"steps": 3317760, "elapsed_s": 3383.3, "coordination_ring_sparse20": 0.0, "coordination_ring_potter0_20": 0.55, "centre_pots_sparse20": 84.0, "centre_pots_potter0_20": 0.55}
[pair_G] {"steps": 3319808, "elapsed_s": 3385.6, "coordination_ring_sparse20": 0.0, "coordination_ring_potter0_20": 0.5, "centre_pots_sparse20": 80.0, "centre_pots_potter0_20": 0.5}
[pair_G] {"steps": 3321856, "elapsed_s": 3387.9, "coordination_ring_sparse20": 0.0, "coordination_ring_potter0_20": 0.5, "centre_pots_sparse20": 79.0, "centre_pots_potter0_20": 0.4}
[pair_G] {"steps": 3323904, "elapsed_s": 3389.7, "coordination_ring_sparse20": 0.0, "coordination_ring_potter0_20": 0.45, "centre_pots_sparse20": 80.0, "centre_pots_potter0_20": 0.35}
[pair_G] {"steps": 3325952, "elapsed_s": 3391.9, "coordination_ring_sparse20": 0.0, "coordination_ring_potter0_20": 0.4, "centre_pots_sparse20": 81.0, "centre_pots_potter0_20": 0.3}
[pair_G] {"steps": 3328000, "elapsed_s": 3393.9, "coordination_ring_sparse20": 0.0, "coordination_ring_potter0_20": 0.4, "centre_pots_sparse20": 79.0, "centre_pots_potter0_20": 0.25}
[pair_G] {"steps": 3330048, "elapsed_s": 3396.0, "coordination_ring_sparse20": 0.0, "coordination_ring_potter0_20": 0.4, "centre_pots_sparse20": 75.0, "centre_pots_potter0_20": 0.35}
[pair_G] {"steps": 3332096, "elapsed_s": 3398.4, "coordination_ring_sparse20": 0.0, "coordination_ring_potter0_20": 0.35, "centre_pots_sparse20": 74.0, "centre_pots_potter0_20": 0.3}
[pair_G] {"steps": 3334144, "elapsed_s": 3400.6, "coordination_ring_sparse20": 0.0, "coordination_ring_potter0_20": 0.35, "centre_pots_sparse20": 73.0, "centre_pots_potter0_20": 0.35}
[pair_G] {"steps": 3336192, "elapsed_s": 3402.6, "coordination_ring_sparse20": 0.0, "coordination_ring_potter0_20": 0.35, "centre_pots_sparse20": 73.0, "centre_pots_potter0_20": 0.35}
[pair_G] {"steps": 3338240, "elapsed_s": 3404.5, "coordination_ring_sparse20": 0.0, "coordination_ring_potter0_20": 0.3, "centre_pots_sparse20": 75.0, "centre_pots_potter0_20": 0.4}
[pair_G] {"steps": 3340288, "elapsed_s": 3406.6, "coordination_ring_sparse20": 0.0, "coordination_ring_potter0_20": 0.3, "centre_pots_sparse20": 72.0, "centre_pots_potter0_20": 0.35}
[pair_G] {"steps": 3342336, "elapsed_s": 3409.1, "coordination_ring_sparse20": 0.0, "coordination_ring_potter0_20": 0.3, "centre_pots_sparse20": 68.0, "centre_pots_potter0_20": 0.3}
[pair_G] {"steps": 3344384, "elapsed_s": 3411.3, "coordination_ring_sparse20": 0.0, "coordination_ring_potter0_20": 0.3, "centre_pots_sparse20": 67.0, "centre_pots_potter0_20": 0.25}
[pair_G] {"steps": 3346432, "elapsed_s": 3414.1, "coordination_ring_sparse20": 0.0, "coordination_ring_potter0_20": 0.25, "centre_pots_sparse20": 71.0, "centre_pots_potter0_20": 0.3}
[pair_G] {"steps": 3348480, "elapsed_s": 3415.8, "coordination_ring_sparse20": 0.0, "coordination_ring_potter0_20": 0.25, "centre_pots_sparse20": 68.0, "centre_pots_potter0_20": 0.3}
[pair_G] {"steps": 3350528, "elapsed_s": 3417.7, "coordination_ring_sparse20": 0.0, "coordination_ring_potter0_20": 0.3, "centre_pots_sparse20": 67.0, "centre_pots_potter0_20": 0.3}
[pair_G] {"steps": 3352576, "elapsed_s": 3420.0, "coordination_ring_sparse20": 0.0, "coordination_ring_potter0_20": 0.4, "centre_pots_sparse20": 63.0, "centre_pots_potter0_20": 0.3}
[pair_G] {"steps": 3354624, "elapsed_s": 3421.8, "coordination_ring_sparse20": 0.0, "coordination_ring_potter0_20": 0.45, "centre_pots_sparse20": 64.0, "centre_pots_potter0_20": 0.3}
[pair_G] {"steps": 3356672, "elapsed_s": 3423.7, "coordination_ring_sparse20": 0.0, "coordination_ring_potter0_20": 0.45, "centre_pots_sparse20": 66.0, "centre_pots_potter0_20": 0.3}
[pair_G] {"steps": 3358720, "elapsed_s": 3425.8, "coordination_ring_sparse20": 0.0, "coordination_ring_potter0_20": 0.5, "centre_pots_sparse20": 72.0, "centre_pots_potter0_20": 0.35}
[pair_G] {"steps": 3360768, "elapsed_s": 3428.2, "coordination_ring_sparse20": 0.0, "coordination_ring_potter0_20": 0.5, "centre_pots_sparse20": 71.0, "centre_pots_potter0_20": 0.3}
[pair_G] {"steps": 3362816, "elapsed_s": 3430.2, "coordination_ring_sparse20": 0.0, "coordination_ring_potter0_20": 0.5, "centre_pots_sparse20": 69.0, "centre_pots_potter0_20": 0.3}
[pair_G] {"steps": 3364864, "elapsed_s": 3431.8, "coordination_ring_sparse20": 0.0, "coordination_ring_potter0_20": 0.55, "centre_pots_sparse20": 69.0, "centre_pots_potter0_20": 0.3}
[pair_G] {"steps": 3366912, "elapsed_s": 3433.8, "coordination_ring_sparse20": 0.0, "coordination_ring_potter0_20": 0.55, "centre_pots_sparse20": 69.0, "centre_pots_potter0_20": 0.25}
[pair_G] {"steps": 3368960, "elapsed_s": 3435.6, "coordination_ring_sparse20": 0.0, "coordination_ring_potter0_20": 0.55, "centre_pots_sparse20": 71.0, "centre_pots_potter0_20": 0.3}
[pair_G] {"steps": 3371008, "elapsed_s": 3437.2, "coordination_ring_sparse20": 0.0, "coordination_ring_potter0_20": 0.45, "centre_pots_sparse20": 71.0, "centre_pots_potter0_20": 0.3}
[pair_G] {"steps": 3373056, "elapsed_s": 3439.2, "coordination_ring_sparse20": 0.0, "coordination_ring_potter0_20": 0.55, "centre_pots_sparse20": 75.0, "centre_pots_potter0_20": 0.3}
[pair_G] {"steps": 3375104, "elapsed_s": 3441.2, "coordination_ring_sparse20": 0.0, "coordination_ring_potter0_20": 0.55, "centre_pots_sparse20": 76.0, "centre_pots_potter0_20": 0.3}
[pair_G] {"steps": 3377152, "elapsed_s": 3443.3, "coordination_ring_sparse20": 0.0, "coordination_ring_potter0_20": 0.6, "centre_pots_sparse20": 73.0, "centre_pots_potter0_20": 0.25}
[pair_G] {"steps": 3379200, "elapsed_s": 3445.6, "coordination_ring_sparse20": 0.0, "coordination_ring_potter0_20": 0.65, "centre_pots_sparse20": 74.0, "centre_pots_potter0_20": 0.25}
[pair_G] {"steps": 3381248, "elapsed_s": 3447.2, "coordination_ring_sparse20": 0.0, "coordination_ring_potter0_20": 0.6, "centre_pots_sparse20": 78.0, "centre_pots_potter0_20": 0.3}
[pair_G] {"steps": 3383296, "elapsed_s": 3449.5, "coordination_ring_sparse20": 0.0, "coordination_ring_potter0_20": 0.65, "centre_pots_sparse20": 78.0, "centre_pots_potter0_20": 0.15}
[pair_G] {"steps": 3385344, "elapsed_s": 3451.6, "coordination_ring_sparse20": 0.0, "coordination_ring_potter0_20": 0.65, "centre_pots_sparse20": 76.0, "centre_pots_potter0_20": 0.2}
[pair_G] {"steps": 3387392, "elapsed_s": 3453.5, "coordination_ring_sparse20": 0.0, "coordination_ring_potter0_20": 0.6, "centre_pots_sparse20": 75.0, "centre_pots_potter0_20": 0.2}
[pair_G] {"steps": 3389440, "elapsed_s": 3455.4, "coordination_ring_sparse20": 0.0, "coordination_ring_potter0_20": 0.65, "centre_pots_sparse20": 74.0, "centre_pots_potter0_20": 0.25}
[pair_G] {"steps": 3391488, "elapsed_s": 3457.8, "coordination_ring_sparse20": 0.0, "coordination_ring_potter0_20": 0.65, "centre_pots_sparse20": 69.0, "centre_pots_potter0_20": 0.25}
[pair_G] {"steps": 3393536, "elapsed_s": 3459.8, "coordination_ring_sparse20": 0.0, "coordination_ring_potter0_20": 0.65, "centre_pots_sparse20": 70.0, "centre_pots_potter0_20": 0.2}
[pair_G] {"steps": 3395584, "elapsed_s": 3462.0, "coordination_ring_sparse20": 0.0, "coordination_ring_potter0_20": 0.65, "centre_pots_sparse20": 63.0, "centre_pots_potter0_20": 0.2}
[pair_G] {"steps": 3397632, "elapsed_s": 3464.1, "coordination_ring_sparse20": 0.0, "coordination_ring_potter0_20": 0.5, "centre_pots_sparse20": 66.0, "centre_pots_potter0_20": 0.2}
[pair_G] {"steps": 3399680, "elapsed_s": 3466.9, "coordination_ring_sparse20": 0.0, "coordination_ring_potter0_20": 0.5, "centre_pots_sparse20": 59.0, "centre_pots_potter0_20": 0.15}
[pair_G] {"steps": 3401728, "elapsed_s": 3468.9, "coordination_ring_sparse20": 0.0, "coordination_ring_potter0_20": 0.5, "centre_pots_sparse20": 58.0, "centre_pots_potter0_20": 0.1}
[pair_G] {"steps": 3403776, "elapsed_s": 3470.7, "coordination_ring_sparse20": 0.0, "coordination_ring_potter0_20": 0.55, "centre_pots_sparse20": 61.0, "centre_pots_potter0_20": 0.15}
[pair_G] {"steps": 3405824, "elapsed_s": 3472.7, "coordination_ring_sparse20": 0.0, "coordination_ring_potter0_20": 0.55, "centre_pots_sparse20": 62.0, "centre_pots_potter0_20": 0.15}
[pair_G] {"steps": 3407872, "elapsed_s": 3474.9, "coordination_ring_sparse20": 0.0, "coordination_ring_potter0_20": 0.55, "centre_pots_sparse20": 57.0, "centre_pots_potter0_20": 0.3}
[pair_G] {"steps": 3409920, "elapsed_s": 3476.5, "coordination_ring_sparse20": 0.0, "coordination_ring_potter0_20": 0.5, "centre_pots_sparse20": 56.0, "centre_pots_potter0_20": 0.3}
[pair_G] {"steps": 3411968, "elapsed_s": 3478.7, "coordination_ring_sparse20": 0.0, "coordination_ring_potter0_20": 0.55, "centre_pots_sparse20": 60.0, "centre_pots_potter0_20": 0.25}
[pair_G] {"steps": 3414016, "elapsed_s": 3480.4, "coordination_ring_sparse20": 0.0, "coordination_ring_potter0_20": 0.6, "centre_pots_sparse20": 63.0, "centre_pots_potter0_20": 0.25}
[pair_G] {"steps": 3416064, "elapsed_s": 3482.3, "coordination_ring_sparse20": 0.0, "coordination_ring_potter0_20": 0.5, "centre_pots_sparse20": 63.0, "centre_pots_potter0_20": 0.25}
[pair_G] {"steps": 3418112, "elapsed_s": 3484.9, "coordination_ring_sparse20": 0.0, "coordination_ring_potter0_20": 0.5, "centre_pots_sparse20": 68.0, "centre_pots_potter0_20": 0.4}
[pair_G] {"steps": 3420160, "elapsed_s": 3486.8, "coordination_ring_sparse20": 0.0, "coordination_ring_potter0_20": 0.45, "centre_pots_sparse20": 72.0, "centre_pots_potter0_20": 0.4}
[pair_G] {"steps": 3422208, "elapsed_s": 3488.5, "coordination_ring_sparse20": 0.0, "coordination_ring_potter0_20": 0.3, "centre_pots_sparse20": 72.0, "centre_pots_potter0_20": 0.4}
[pair_G] {"steps": 3424256, "elapsed_s": 3490.5, "coordination_ring_sparse20": 0.0, "coordination_ring_potter0_20": 0.3, "centre_pots_sparse20": 76.0, "centre_pots_potter0_20": 0.35}
[pair_G] {"steps": 3426304, "elapsed_s": 3491.9, "coordination_ring_sparse20": 0.0, "coordination_ring_potter0_20": 0.35, "centre_pots_sparse20": 76.0, "centre_pots_potter0_20": 0.35}
[pair_G] {"steps": 3428352, "elapsed_s": 3494.2, "coordination_ring_sparse20": 0.0, "coordination_ring_potter0_20": 0.35, "centre_pots_sparse20": 77.0, "centre_pots_potter0_20": 0.4}
[pair_G] {"steps": 3430400, "elapsed_s": 3496.5, "coordination_ring_sparse20": 0.0, "coordination_ring_potter0_20": 0.3, "centre_pots_sparse20": 79.0, "centre_pots_potter0_20": 0.4}
[pair_G] {"steps": 3432448, "elapsed_s": 3498.5, "coordination_ring_sparse20": 0.0, "coordination_ring_potter0_20": 0.3, "centre_pots_sparse20": 85.0, "centre_pots_potter0_20": 0.4}
[pair_G] {"steps": 3434496, "elapsed_s": 3500.8, "coordination_ring_sparse20": 0.0, "coordination_ring_potter0_20": 0.35, "centre_pots_sparse20": 83.0, "centre_pots_potter0_20": 0.45}
[pair_G] {"steps": 3436544, "elapsed_s": 3503.1, "coordination_ring_sparse20": 0.0, "coordination_ring_potter0_20": 0.4, "centre_pots_sparse20": 80.0, "centre_pots_potter0_20": 0.35}
[pair_G] {"steps": 3438592, "elapsed_s": 3505.1, "coordination_ring_sparse20": 0.0, "coordination_ring_potter0_20": 0.45, "centre_pots_sparse20": 77.0, "centre_pots_potter0_20": 0.35}
[pair_G] {"steps": 3440640, "elapsed_s": 3507.1, "coordination_ring_sparse20": 0.0, "coordination_ring_potter0_20": 0.45, "centre_pots_sparse20": 82.0, "centre_pots_potter0_20": 0.25}
[pair_G] {"steps": 3442688, "elapsed_s": 3509.2, "coordination_ring_sparse20": 0.0, "coordination_ring_potter0_20": 0.5, "centre_pots_sparse20": 80.0, "centre_pots_potter0_20": 0.25}
[pair_G] {"steps": 3444736, "elapsed_s": 3511.6, "coordination_ring_sparse20": 0.0, "coordination_ring_potter0_20": 0.55, "centre_pots_sparse20": 77.0, "centre_pots_potter0_20": 0.25}
[pair_G] {"steps": 3446784, "elapsed_s": 3513.4, "coordination_ring_sparse20": 0.0, "coordination_ring_potter0_20": 0.55, "centre_pots_sparse20": 77.0, "centre_pots_potter0_20": 0.25}
[pair_G] {"steps": 3448832, "elapsed_s": 3515.6, "coordination_ring_sparse20": 0.0, "coordination_ring_potter0_20": 0.55, "centre_pots_sparse20": 77.0, "centre_pots_potter0_20": 0.25}
[pair_G] {"steps": 3450880, "elapsed_s": 3517.7, "coordination_ring_sparse20": 0.0, "coordination_ring_potter0_20": 0.6, "centre_pots_sparse20": 77.0, "centre_pots_potter0_20": 0.25}
[pair_G] {"steps": 3452928, "elapsed_s": 3519.7, "coordination_ring_sparse20": 0.0, "coordination_ring_potter0_20": 0.55, "centre_pots_sparse20": 75.0, "centre_pots_potter0_20": 0.2}
[pair_G] {"steps": 3454976, "elapsed_s": 3522.0, "coordination_ring_sparse20": 0.0, "coordination_ring_potter0_20": 0.55, "centre_pots_sparse20": 73.0, "centre_pots_potter0_20": 0.25}
[pair_G] {"steps": 3457024, "elapsed_s": 3523.9, "coordination_ring_sparse20": 0.0, "coordination_ring_potter0_20": 0.6, "centre_pots_sparse20": 70.0, "centre_pots_potter0_20": 0.25}
[pair_G] {"steps": 3459072, "elapsed_s": 3525.9, "coordination_ring_sparse20": 0.0, "coordination_ring_potter0_20": 0.6, "centre_pots_sparse20": 72.0, "centre_pots_potter0_20": 0.2}
[pair_G] {"steps": 3461120, "elapsed_s": 3528.3, "coordination_ring_sparse20": 0.0, "coordination_ring_potter0_20": 0.65, "centre_pots_sparse20": 71.0, "centre_pots_potter0_20": 0.2}
[pair_G] {"steps": 3463168, "elapsed_s": 3530.1, "coordination_ring_sparse20": 0.0, "coordination_ring_potter0_20": 0.55, "centre_pots_sparse20": 61.0, "centre_pots_potter0_20": 0.25}
[pair_G] {"steps": 3465216, "elapsed_s": 3532.2, "coordination_ring_sparse20": 0.0, "coordination_ring_potter0_20": 0.55, "centre_pots_sparse20": 65.0, "centre_pots_potter0_20": 0.35}
[pair_G] {"steps": 3467264, "elapsed_s": 3534.3, "coordination_ring_sparse20": 0.0, "coordination_ring_potter0_20": 0.5, "centre_pots_sparse20": 71.0, "centre_pots_potter0_20": 0.45}
[pair_G] {"steps": 3469312, "elapsed_s": 3536.1, "coordination_ring_sparse20": 0.0, "coordination_ring_potter0_20": 0.6, "centre_pots_sparse20": 70.0, "centre_pots_potter0_20": 0.45}
[pair_G] {"steps": 3471360, "elapsed_s": 3537.9, "coordination_ring_sparse20": 0.0, "coordination_ring_potter0_20": 0.5, "centre_pots_sparse20": 72.0, "centre_pots_potter0_20": 0.45}
[pair_G] {"steps": 3473408, "elapsed_s": 3539.8, "coordination_ring_sparse20": 0.0, "coordination_ring_potter0_20": 0.45, "centre_pots_sparse20": 72.0, "centre_pots_potter0_20": 0.5}
[pair_G] {"steps": 3475456, "elapsed_s": 3542.2, "coordination_ring_sparse20": 0.0, "coordination_ring_potter0_20": 0.4, "centre_pots_sparse20": 73.0, "centre_pots_potter0_20": 0.55}
[pair_G] {"steps": 3477504, "elapsed_s": 3544.2, "coordination_ring_sparse20": 0.0, "coordination_ring_potter0_20": 0.35, "centre_pots_sparse20": 69.0, "centre_pots_potter0_20": 0.55}
[pair_G] {"steps": 3479552, "elapsed_s": 3545.7, "coordination_ring_sparse20": 0.0, "coordination_ring_potter0_20": 0.4, "centre_pots_sparse20": 69.0, "centre_pots_potter0_20": 0.55}
[pair_G] {"steps": 3481600, "elapsed_s": 3547.9, "coordination_ring_sparse20": 0.0, "coordination_ring_potter0_20": 0.4, "centre_pots_sparse20": 68.0, "centre_pots_potter0_20": 0.45}
[pair_G] {"steps": 3483648, "elapsed_s": 3549.6, "coordination_ring_sparse20": 0.0, "coordination_ring_potter0_20": 0.35, "centre_pots_sparse20": 68.0, "centre_pots_potter0_20": 0.45}
[pair_G] {"steps": 3485696, "elapsed_s": 3551.6, "coordination_ring_sparse20": 0.0, "coordination_ring_potter0_20": 0.3, "centre_pots_sparse20": 67.0, "centre_pots_potter0_20": 0.3}
[pair_G] {"steps": 3487744, "elapsed_s": 3553.1, "coordination_ring_sparse20": 0.0, "coordination_ring_potter0_20": 0.35, "centre_pots_sparse20": 67.0, "centre_pots_potter0_20": 0.3}
[pair_G] {"steps": 3489792, "elapsed_s": 3555.4, "coordination_ring_sparse20": 0.0, "coordination_ring_potter0_20": 0.35, "centre_pots_sparse20": 69.0, "centre_pots_potter0_20": 0.25}
[pair_G] {"steps": 3491840, "elapsed_s": 3557.2, "coordination_ring_sparse20": 0.0, "coordination_ring_potter0_20": 0.35, "centre_pots_sparse20": 67.0, "centre_pots_potter0_20": 0.35}
[pair_G] {"steps": 3493888, "elapsed_s": 3559.5, "coordination_ring_sparse20": 0.0, "coordination_ring_potter0_20": 0.4, "centre_pots_sparse20": 74.0, "centre_pots_potter0_20": 0.2}
[pair_G] {"steps": 3495936, "elapsed_s": 3561.2, "coordination_ring_sparse20": 0.0, "coordination_ring_potter0_20": 0.4, "centre_pots_sparse20": 76.0, "centre_pots_potter0_20": 0.2}
[pair_G] {"steps": 3497984, "elapsed_s": 3563.3, "coordination_ring_sparse20": 0.0, "coordination_ring_potter0_20": 0.4, "centre_pots_sparse20": 81.0, "centre_pots_potter0_20": 0.25}
[pair_G] {"steps": 3500032, "elapsed_s": 3565.5, "coordination_ring_sparse20": 0.0, "coordination_ring_potter0_20": 0.4, "centre_pots_sparse20": 89.0, "centre_pots_potter0_20": 0.35}
[pair_G] {"steps": 3502080, "elapsed_s": 3568.2, "coordination_ring_sparse20": 0.0, "coordination_ring_potter0_20": 0.5, "centre_pots_sparse20": 89.0, "centre_pots_potter0_20": 0.4}
[pair_G] {"steps": 3504128, "elapsed_s": 3570.6, "coordination_ring_sparse20": 0.0, "coordination_ring_potter0_20": 0.45, "centre_pots_sparse20": 88.0, "centre_pots_potter0_20": 0.4}
[pair_G] {"steps": 3506176, "elapsed_s": 3572.8, "coordination_ring_sparse20": 0.0, "coordination_ring_potter0_20": 0.5, "centre_pots_sparse20": 86.0, "centre_pots_potter0_20": 0.45}
[pair_G] {"steps": 3508224, "elapsed_s": 3574.6, "coordination_ring_sparse20": 0.0, "coordination_ring_potter0_20": 0.5, "centre_pots_sparse20": 85.0, "centre_pots_potter0_20": 0.45}
[pair_G] {"steps": 3510272, "elapsed_s": 3576.1, "coordination_ring_sparse20": 0.0, "coordination_ring_potter0_20": 0.6, "centre_pots_sparse20": 83.0, "centre_pots_potter0_20": 0.45}
[pair_G] {"steps": 3512320, "elapsed_s": 3578.1, "coordination_ring_sparse20": 0.0, "coordination_ring_potter0_20": 0.65, "centre_pots_sparse20": 84.0, "centre_pots_potter0_20": 0.4}
[pair_G] {"steps": 3514368, "elapsed_s": 3580.2, "coordination_ring_sparse20": 0.0, "coordination_ring_potter0_20": 0.7, "centre_pots_sparse20": 83.0, "centre_pots_potter0_20": 0.35}
[pair_G] {"steps": 3516416, "elapsed_s": 3582.9, "coordination_ring_sparse20": 0.0, "coordination_ring_potter0_20": 0.7, "centre_pots_sparse20": 82.0, "centre_pots_potter0_20": 0.25}
[pair_G] {"steps": 3518464, "elapsed_s": 3584.5, "coordination_ring_sparse20": 0.0, "coordination_ring_potter0_20": 0.65, "centre_pots_sparse20": 80.0, "centre_pots_potter0_20": 0.25}
[pair_G] {"steps": 3520512, "elapsed_s": 3586.2, "coordination_ring_sparse20": 0.0, "coordination_ring_potter0_20": 0.55, "centre_pots_sparse20": 80.0, "centre_pots_potter0_20": 0.25}
[pair_G] {"steps": 3522560, "elapsed_s": 3588.6, "coordination_ring_sparse20": 0.0, "coordination_ring_potter0_20": 0.55, "centre_pots_sparse20": 78.0, "centre_pots_potter0_20": 0.3}
[pair_G] {"steps": 3524608, "elapsed_s": 3590.6, "coordination_ring_sparse20": 0.0, "coordination_ring_potter0_20": 0.5, "centre_pots_sparse20": 79.0, "centre_pots_potter0_20": 0.2}
[pair_G] {"steps": 3526656, "elapsed_s": 3592.8, "coordination_ring_sparse20": 0.0, "coordination_ring_potter0_20": 0.5, "centre_pots_sparse20": 82.0, "centre_pots_potter0_20": 0.2}
[pair_G] {"steps": 3528704, "elapsed_s": 3595.1, "coordination_ring_sparse20": 0.0, "coordination_ring_potter0_20": 0.5, "centre_pots_sparse20": 83.0, "centre_pots_potter0_20": 0.3}
[pair_G] {"steps": 3530752, "elapsed_s": 3597.1, "coordination_ring_sparse20": 0.0, "coordination_ring_potter0_20": 0.5, "centre_pots_sparse20": 85.0, "centre_pots_potter0_20": 0.35}
[pair_G] {"steps": 3532800, "elapsed_s": 3599.4, "coordination_ring_sparse20": 0.0, "coordination_ring_potter0_20": 0.5, "centre_pots_sparse20": 87.0, "centre_pots_potter0_20": 0.4}
[pair_G] {"steps": 3534848, "elapsed_s": 3601.4, "coordination_ring_sparse20": 0.0, "coordination_ring_potter0_20": 0.5, "centre_pots_sparse20": 87.0, "centre_pots_potter0_20": 0.45}
[pair_G] {"steps": 3536896, "elapsed_s": 3603.6, "coordination_ring_sparse20": 0.0, "coordination_ring_potter0_20": 0.5, "centre_pots_sparse20": 85.0, "centre_pots_potter0_20": 0.4}
[pair_G] {"steps": 3538944, "elapsed_s": 3605.8, "coordination_ring_sparse20": 0.0, "coordination_ring_potter0_20": 0.45, "centre_pots_sparse20": 82.0, "centre_pots_potter0_20": 0.45}
[pair_G] {"steps": 3540992, "elapsed_s": 3608.0, "coordination_ring_sparse20": 0.0, "coordination_ring_potter0_20": 0.45, "centre_pots_sparse20": 82.0, "centre_pots_potter0_20": 0.55}
[pair_G] {"steps": 3543040, "elapsed_s": 3610.1, "coordination_ring_sparse20": 0.0, "coordination_ring_potter0_20": 0.55, "centre_pots_sparse20": 81.0, "centre_pots_potter0_20": 0.55}
[pair_G] {"steps": 3545088, "elapsed_s": 3612.2, "coordination_ring_sparse20": 0.0, "coordination_ring_potter0_20": 0.55, "centre_pots_sparse20": 80.0, "centre_pots_potter0_20": 0.55}
[pair_G] {"steps": 3547136, "elapsed_s": 3614.1, "coordination_ring_sparse20": 0.0, "coordination_ring_potter0_20": 0.6, "centre_pots_sparse20": 79.0, "centre_pots_potter0_20": 0.6}
[pair_G] {"steps": 3549184, "elapsed_s": 3616.0, "coordination_ring_sparse20": 0.0, "coordination_ring_potter0_20": 0.65, "centre_pots_sparse20": 81.0, "centre_pots_potter0_20": 0.5}
[pair_G] {"steps": 3551232, "elapsed_s": 3618.3, "coordination_ring_sparse20": 0.0, "coordination_ring_potter0_20": 0.55, "centre_pots_sparse20": 81.0, "centre_pots_potter0_20": 0.5}
[pair_G] {"steps": 3553280, "elapsed_s": 3620.1, "coordination_ring_sparse20": 0.0, "coordination_ring_potter0_20": 0.6, "centre_pots_sparse20": 83.0, "centre_pots_potter0_20": 0.5}
[pair_G] {"steps": 3555328, "elapsed_s": 3622.2, "coordination_ring_sparse20": 0.0, "coordination_ring_potter0_20": 0.45, "centre_pots_sparse20": 86.0, "centre_pots_potter0_20": 0.45}
[pair_G] {"steps": 3557376, "elapsed_s": 3624.0, "coordination_ring_sparse20": 0.0, "coordination_ring_potter0_20": 0.35, "centre_pots_sparse20": 86.0, "centre_pots_potter0_20": 0.4}
[pair_G] {"steps": 3559424, "elapsed_s": 3625.8, "coordination_ring_sparse20": 0.0, "coordination_ring_potter0_20": 0.35, "centre_pots_sparse20": 84.0, "centre_pots_potter0_20": 0.4}
[pair_G] {"steps": 3561472, "elapsed_s": 3627.9, "coordination_ring_sparse20": 0.0, "coordination_ring_potter0_20": 0.4, "centre_pots_sparse20": 84.0, "centre_pots_potter0_20": 0.35}
[pair_G] {"steps": 3563520, "elapsed_s": 3629.9, "coordination_ring_sparse20": 0.0, "coordination_ring_potter0_20": 0.35, "centre_pots_sparse20": 81.0, "centre_pots_potter0_20": 0.3}
[pair_G] {"steps": 3565568, "elapsed_s": 3631.9, "coordination_ring_sparse20": 0.0, "coordination_ring_potter0_20": 0.4, "centre_pots_sparse20": 78.0, "centre_pots_potter0_20": 0.35}
[pair_G] {"steps": 3567616, "elapsed_s": 3634.1, "coordination_ring_sparse20": 0.0, "coordination_ring_potter0_20": 0.4, "centre_pots_sparse20": 82.0, "centre_pots_potter0_20": 0.35}
[pair_G] {"steps": 3569664, "elapsed_s": 3636.2, "coordination_ring_sparse20": 0.0, "coordination_ring_potter0_20": 0.35, "centre_pots_sparse20": 82.0, "centre_pots_potter0_20": 0.3}
[pair_G] {"steps": 3571712, "elapsed_s": 3638.3, "coordination_ring_sparse20": 0.0, "coordination_ring_potter0_20": 0.45, "centre_pots_sparse20": 84.0, "centre_pots_potter0_20": 0.35}
[pair_G] {"steps": 3573760, "elapsed_s": 3639.9, "coordination_ring_sparse20": 0.0, "coordination_ring_potter0_20": 0.5, "centre_pots_sparse20": 84.0, "centre_pots_potter0_20": 0.35}
[pair_G] {"steps": 3575808, "elapsed_s": 3642.1, "coordination_ring_sparse20": 0.0, "coordination_ring_potter0_20": 0.5, "centre_pots_sparse20": 80.0, "centre_pots_potter0_20": 0.35}
[pair_G] {"steps": 3577856, "elapsed_s": 3644.2, "coordination_ring_sparse20": 0.0, "coordination_ring_potter0_20": 0.55, "centre_pots_sparse20": 80.0, "centre_pots_potter0_20": 0.35}
[pair_G] {"steps": 3579904, "elapsed_s": 3646.1, "coordination_ring_sparse20": 0.0, "coordination_ring_potter0_20": 0.6, "centre_pots_sparse20": 80.0, "centre_pots_potter0_20": 0.35}
[pair_G] {"steps": 3581952, "elapsed_s": 3648.4, "coordination_ring_sparse20": 0.0, "coordination_ring_potter0_20": 0.55, "centre_pots_sparse20": 80.0, "centre_pots_potter0_20": 0.45}
[pair_G] {"steps": 3584000, "elapsed_s": 3650.6, "coordination_ring_sparse20": 0.0, "coordination_ring_potter0_20": 0.55, "centre_pots_sparse20": 79.0, "centre_pots_potter0_20": 0.45}
[pair_G] {"steps": 3586048, "elapsed_s": 3652.3, "coordination_ring_sparse20": 0.0, "coordination_ring_potter0_20": 0.5, "centre_pots_sparse20": 79.0, "centre_pots_potter0_20": 0.45}
[pair_G] {"steps": 3588096, "elapsed_s": 3653.7, "coordination_ring_sparse20": 0.0, "coordination_ring_potter0_20": 0.4, "centre_pots_sparse20": 78.0, "centre_pots_potter0_20": 0.5}
[pair_G] {"steps": 3590144, "elapsed_s": 3655.9, "coordination_ring_sparse20": 0.0, "coordination_ring_potter0_20": 0.35, "centre_pots_sparse20": 77.0, "centre_pots_potter0_20": 0.5}
[pair_G] {"steps": 3592192, "elapsed_s": 3657.6, "coordination_ring_sparse20": 0.0, "coordination_ring_potter0_20": 0.3, "centre_pots_sparse20": 74.0, "centre_pots_potter0_20": 0.55}
[pair_G] {"steps": 3594240, "elapsed_s": 3659.9, "coordination_ring_sparse20": 0.0, "coordination_ring_potter0_20": 0.25, "centre_pots_sparse20": 73.0, "centre_pots_potter0_20": 0.55}
[pair_G] {"steps": 3596288, "elapsed_s": 3662.5, "coordination_ring_sparse20": 0.0, "coordination_ring_potter0_20": 0.35, "centre_pots_sparse20": 74.0, "centre_pots_potter0_20": 0.65}
[pair_G] {"steps": 3598336, "elapsed_s": 3665.1, "coordination_ring_sparse20": 0.0, "coordination_ring_potter0_20": 0.3, "centre_pots_sparse20": 71.0, "centre_pots_potter0_20": 0.55}
[pair_G] {"steps": 3600384, "elapsed_s": 3667.4, "coordination_ring_sparse20": 0.0, "coordination_ring_potter0_20": 0.25, "centre_pots_sparse20": 67.0, "centre_pots_potter0_20": 0.65}
[pair_G] {"steps": 3602432, "elapsed_s": 3670.0, "coordination_ring_sparse20": 0.0, "coordination_ring_potter0_20": 0.25, "centre_pots_sparse20": 63.0, "centre_pots_potter0_20": 0.65}
[pair_G] {"steps": 3604480, "elapsed_s": 3672.2, "coordination_ring_sparse20": 0.0, "coordination_ring_potter0_20": 0.35, "centre_pots_sparse20": 66.0, "centre_pots_potter0_20": 0.7}
[pair_G] {"steps": 3606528, "elapsed_s": 3674.3, "coordination_ring_sparse20": 0.0, "coordination_ring_potter0_20": 0.25, "centre_pots_sparse20": 66.0, "centre_pots_potter0_20": 0.7}
[pair_G] {"steps": 3608576, "elapsed_s": 3676.4, "coordination_ring_sparse20": 0.0, "coordination_ring_potter0_20": 0.3, "centre_pots_sparse20": 67.0, "centre_pots_potter0_20": 0.7}
[pair_G] {"steps": 3610624, "elapsed_s": 3678.3, "coordination_ring_sparse20": 0.0, "coordination_ring_potter0_20": 0.4, "centre_pots_sparse20": 66.0, "centre_pots_potter0_20": 0.7}
[pair_G] {"steps": 3612672, "elapsed_s": 3680.3, "coordination_ring_sparse20": 0.0, "coordination_ring_potter0_20": 0.4, "centre_pots_sparse20": 63.0, "centre_pots_potter0_20": 0.8}
[pair_G] {"steps": 3614720, "elapsed_s": 3682.1, "coordination_ring_sparse20": 0.0, "coordination_ring_potter0_20": 0.4, "centre_pots_sparse20": 62.0, "centre_pots_potter0_20": 0.85}
[pair_G] {"steps": 3616768, "elapsed_s": 3684.4, "coordination_ring_sparse20": 0.0, "coordination_ring_potter0_20": 0.4, "centre_pots_sparse20": 70.0, "centre_pots_potter0_20": 0.75}
[pair_G] {"steps": 3618816, "elapsed_s": 3686.4, "coordination_ring_sparse20": 0.0, "coordination_ring_potter0_20": 0.45, "centre_pots_sparse20": 77.0, "centre_pots_potter0_20": 0.65}
[pair_G] {"steps": 3620864, "elapsed_s": 3688.9, "coordination_ring_sparse20": 0.0, "coordination_ring_potter0_20": 0.45, "centre_pots_sparse20": 81.0, "centre_pots_potter0_20": 0.6}
[pair_G] {"steps": 3622912, "elapsed_s": 3690.9, "coordination_ring_sparse20": 0.0, "coordination_ring_potter0_20": 0.4, "centre_pots_sparse20": 83.0, "centre_pots_potter0_20": 0.6}
[pair_G] {"steps": 3624960, "elapsed_s": 3693.4, "coordination_ring_sparse20": 0.0, "coordination_ring_potter0_20": 0.4, "centre_pots_sparse20": 83.0, "centre_pots_potter0_20": 0.45}
[pair_G] {"steps": 3627008, "elapsed_s": 3695.3, "coordination_ring_sparse20": 0.0, "coordination_ring_potter0_20": 0.45, "centre_pots_sparse20": 95.0, "centre_pots_potter0_20": 0.4}
[pair_G] {"steps": 3629056, "elapsed_s": 3697.2, "coordination_ring_sparse20": 0.0, "coordination_ring_potter0_20": 0.5, "centre_pots_sparse20": 99.0, "centre_pots_potter0_20": 0.35}
[pair_G] {"steps": 3631104, "elapsed_s": 3699.5, "coordination_ring_sparse20": 0.0, "coordination_ring_potter0_20": 0.5, "centre_pots_sparse20": 100.0, "centre_pots_potter0_20": 0.4}
[pair_G] {"steps": 3633152, "elapsed_s": 3701.0, "coordination_ring_sparse20": 0.0, "coordination_ring_potter0_20": 0.55, "centre_pots_sparse20": 98.0, "centre_pots_potter0_20": 0.4}
[pair_G] {"steps": 3635200, "elapsed_s": 3703.5, "coordination_ring_sparse20": 0.0, "coordination_ring_potter0_20": 0.5, "centre_pots_sparse20": 97.0, "centre_pots_potter0_20": 0.35}
[pair_G] {"steps": 3637248, "elapsed_s": 3705.8, "coordination_ring_sparse20": 0.0, "coordination_ring_potter0_20": 0.45, "centre_pots_sparse20": 91.0, "centre_pots_potter0_20": 0.35}
[pair_G] {"steps": 3639296, "elapsed_s": 3708.0, "coordination_ring_sparse20": 0.0, "coordination_ring_potter0_20": 0.4, "centre_pots_sparse20": 85.0, "centre_pots_potter0_20": 0.35}
[pair_G] {"steps": 3641344, "elapsed_s": 3709.5, "coordination_ring_sparse20": 0.0, "coordination_ring_potter0_20": 0.4, "centre_pots_sparse20": 86.0, "centre_pots_potter0_20": 0.4}
[pair_G] {"steps": 3643392, "elapsed_s": 3711.4, "coordination_ring_sparse20": 0.0, "coordination_ring_potter0_20": 0.35, "centre_pots_sparse20": 86.0, "centre_pots_potter0_20": 0.4}
[pair_G] {"steps": 3645440, "elapsed_s": 3714.2, "coordination_ring_sparse20": 0.0, "coordination_ring_potter0_20": 0.25, "centre_pots_sparse20": 87.0, "centre_pots_potter0_20": 0.55}
[pair_G] {"steps": 3647488, "elapsed_s": 3716.7, "coordination_ring_sparse20": 0.0, "coordination_ring_potter0_20": 0.3, "centre_pots_sparse20": 79.0, "centre_pots_potter0_20": 0.55}
[pair_G] {"steps": 3649536, "elapsed_s": 3718.9, "coordination_ring_sparse20": 0.0, "coordination_ring_potter0_20": 0.3, "centre_pots_sparse20": 81.0, "centre_pots_potter0_20": 0.5}
[pair_G] {"steps": 3651584, "elapsed_s": 3721.0, "coordination_ring_sparse20": 0.0, "coordination_ring_potter0_20": 0.4, "centre_pots_sparse20": 76.0, "centre_pots_potter0_20": 0.55}
[pair_G] {"steps": 3653632, "elapsed_s": 3723.3, "coordination_ring_sparse20": 0.0, "coordination_ring_potter0_20": 0.45, "centre_pots_sparse20": 71.0, "centre_pots_potter0_20": 0.55}
[pair_G] {"steps": 3655680, "elapsed_s": 3725.9, "coordination_ring_sparse20": 0.0, "coordination_ring_potter0_20": 0.4, "centre_pots_sparse20": 74.0, "centre_pots_potter0_20": 0.6}
[pair_G] {"steps": 3657728, "elapsed_s": 3728.5, "coordination_ring_sparse20": 0.0, "coordination_ring_potter0_20": 0.5, "centre_pots_sparse20": 71.0, "centre_pots_potter0_20": 0.65}
[pair_G] {"steps": 3659776, "elapsed_s": 3731.4, "coordination_ring_sparse20": 0.0, "coordination_ring_potter0_20": 0.45, "centre_pots_sparse20": 73.0, "centre_pots_potter0_20": 0.65}
[pair_G] {"steps": 3661824, "elapsed_s": 3734.1, "coordination_ring_sparse20": 0.0, "coordination_ring_potter0_20": 0.55, "centre_pots_sparse20": 83.0, "centre_pots_potter0_20": 0.65}
[pair_G] {"steps": 3663872, "elapsed_s": 3737.1, "coordination_ring_sparse20": 0.0, "coordination_ring_potter0_20": 0.55, "centre_pots_sparse20": 83.0, "centre_pots_potter0_20": 0.55}
[pair_G] {"steps": 3665920, "elapsed_s": 3739.6, "coordination_ring_sparse20": 0.0, "coordination_ring_potter0_20": 0.55, "centre_pots_sparse20": 83.0, "centre_pots_potter0_20": 0.45}
[pair_G] {"steps": 3667968, "elapsed_s": 3741.4, "coordination_ring_sparse20": 0.0, "coordination_ring_potter0_20": 0.45, "centre_pots_sparse20": 88.0, "centre_pots_potter0_20": 0.45}
[pair_G] {"steps": 3670016, "elapsed_s": 3743.5, "coordination_ring_sparse20": 0.0, "coordination_ring_potter0_20": 0.35, "centre_pots_sparse20": 90.0, "centre_pots_potter0_20": 0.5}
[pair_G] {"steps": 3672064, "elapsed_s": 3745.5, "coordination_ring_sparse20": 0.0, "coordination_ring_potter0_20": 0.4, "centre_pots_sparse20": 91.0, "centre_pots_potter0_20": 0.55}
[pair_G] {"steps": 3674112, "elapsed_s": 3747.6, "coordination_ring_sparse20": 0.0, "coordination_ring_potter0_20": 0.4, "centre_pots_sparse20": 93.0, "centre_pots_potter0_20": 0.55}
[pair_G] {"steps": 3676160, "elapsed_s": 3749.7, "coordination_ring_sparse20": 0.0, "coordination_ring_potter0_20": 0.35, "centre_pots_sparse20": 90.0, "centre_pots_potter0_20": 0.6}
[pair_G] {"steps": 3678208, "elapsed_s": 3751.8, "coordination_ring_sparse20": 0.0, "coordination_ring_potter0_20": 0.25, "centre_pots_sparse20": 95.0, "centre_pots_potter0_20": 0.6}
[pair_G] {"steps": 3680256, "elapsed_s": 3754.4, "coordination_ring_sparse20": 0.0, "coordination_ring_potter0_20": 0.25, "centre_pots_sparse20": 92.0, "centre_pots_potter0_20": 0.6}
[pair_G] {"steps": 3682304, "elapsed_s": 3756.6, "coordination_ring_sparse20": 0.0, "coordination_ring_potter0_20": 0.25, "centre_pots_sparse20": 93.0, "centre_pots_potter0_20": 0.65}
[pair_G] {"steps": 3684352, "elapsed_s": 3758.5, "coordination_ring_sparse20": 0.0, "coordination_ring_potter0_20": 0.25, "centre_pots_sparse20": 93.0, "centre_pots_potter0_20": 0.6}
[pair_G] {"steps": 3686400, "elapsed_s": 3760.4, "coordination_ring_sparse20": 0.0, "coordination_ring_potter0_20": 0.25, "centre_pots_sparse20": 95.0, "centre_pots_potter0_20": 0.6}
[pair_G] {"steps": 3688448, "elapsed_s": 3762.9, "coordination_ring_sparse20": 0.0, "coordination_ring_potter0_20": 0.2, "centre_pots_sparse20": 91.0, "centre_pots_potter0_20": 0.6}
[pair_G] {"steps": 3690496, "elapsed_s": 3764.9, "coordination_ring_sparse20": 0.0, "coordination_ring_potter0_20": 0.25, "centre_pots_sparse20": 93.0, "centre_pots_potter0_20": 0.6}
[pair_G] {"steps": 3692544, "elapsed_s": 3767.1, "coordination_ring_sparse20": 0.0, "coordination_ring_potter0_20": 0.25, "centre_pots_sparse20": 92.0, "centre_pots_potter0_20": 0.5}
[pair_G] {"steps": 3694592, "elapsed_s": 3769.1, "coordination_ring_sparse20": 0.0, "coordination_ring_potter0_20": 0.3, "centre_pots_sparse20": 90.0, "centre_pots_potter0_20": 0.55}
[pair_G] {"steps": 3696640, "elapsed_s": 3771.2, "coordination_ring_sparse20": 0.0, "coordination_ring_potter0_20": 0.35, "centre_pots_sparse20": 87.0, "centre_pots_potter0_20": 0.5}
[pair_G] {"steps": 3698688, "elapsed_s": 3773.0, "coordination_ring_sparse20": 0.0, "coordination_ring_potter0_20": 0.4, "centre_pots_sparse20": 85.0, "centre_pots_potter0_20": 0.45}
[pair_G] {"steps": 3700736, "elapsed_s": 3775.0, "coordination_ring_sparse20": 0.0, "coordination_ring_potter0_20": 0.35, "centre_pots_sparse20": 83.0, "centre_pots_potter0_20": 0.45}
[pair_G] {"steps": 3702784, "elapsed_s": 3777.1, "coordination_ring_sparse20": 0.0, "coordination_ring_potter0_20": 0.45, "centre_pots_sparse20": 78.0, "centre_pots_potter0_20": 0.45}
[pair_G] {"steps": 3704832, "elapsed_s": 3779.3, "coordination_ring_sparse20": 0.0, "coordination_ring_potter0_20": 0.5, "centre_pots_sparse20": 80.0, "centre_pots_potter0_20": 0.4}
[pair_G] {"steps": 3706880, "elapsed_s": 3781.4, "coordination_ring_sparse20": 0.0, "coordination_ring_potter0_20": 0.4, "centre_pots_sparse20": 82.0, "centre_pots_potter0_20": 0.45}
[pair_G] {"steps": 3708928, "elapsed_s": 3783.4, "coordination_ring_sparse20": 0.0, "coordination_ring_potter0_20": 0.45, "centre_pots_sparse20": 85.0, "centre_pots_potter0_20": 0.5}
[pair_G] {"steps": 3710976, "elapsed_s": 3785.3, "coordination_ring_sparse20": 0.0, "coordination_ring_potter0_20": 0.35, "centre_pots_sparse20": 87.0, "centre_pots_potter0_20": 0.55}
[pair_G] {"steps": 3713024, "elapsed_s": 3787.2, "coordination_ring_sparse20": 0.0, "coordination_ring_potter0_20": 0.35, "centre_pots_sparse20": 88.0, "centre_pots_potter0_20": 0.55}
[pair_G] {"steps": 3715072, "elapsed_s": 3789.6, "coordination_ring_sparse20": 0.0, "coordination_ring_potter0_20": 0.35, "centre_pots_sparse20": 89.0, "centre_pots_potter0_20": 0.6}
[pair_G] {"steps": 3717120, "elapsed_s": 3791.7, "coordination_ring_sparse20": 0.0, "coordination_ring_potter0_20": 0.35, "centre_pots_sparse20": 91.0, "centre_pots_potter0_20": 0.65}
[pair_G] {"steps": 3719168, "elapsed_s": 3794.0, "coordination_ring_sparse20": 0.0, "coordination_ring_potter0_20": 0.35, "centre_pots_sparse20": 94.0, "centre_pots_potter0_20": 0.75}
[pair_G] {"steps": 3721216, "elapsed_s": 3796.4, "coordination_ring_sparse20": 0.0, "coordination_ring_potter0_20": 0.35, "centre_pots_sparse20": 93.0, "centre_pots_potter0_20": 0.7}
[pair_G] {"steps": 3723264, "elapsed_s": 3798.3, "coordination_ring_sparse20": 0.0, "coordination_ring_potter0_20": 0.4, "centre_pots_sparse20": 93.0, "centre_pots_potter0_20": 0.7}
[pair_G] {"steps": 3725312, "elapsed_s": 3800.0, "coordination_ring_sparse20": 0.0, "coordination_ring_potter0_20": 0.45, "centre_pots_sparse20": 94.0, "centre_pots_potter0_20": 0.7}
[pair_G] {"steps": 3727360, "elapsed_s": 3802.2, "coordination_ring_sparse20": 0.0, "coordination_ring_potter0_20": 0.5, "centre_pots_sparse20": 90.0, "centre_pots_potter0_20": 0.7}
[pair_G] {"steps": 3729408, "elapsed_s": 3804.2, "coordination_ring_sparse20": 0.0, "coordination_ring_potter0_20": 0.5, "centre_pots_sparse20": 89.0, "centre_pots_potter0_20": 0.75}
[pair_G] {"steps": 3731456, "elapsed_s": 3806.2, "coordination_ring_sparse20": 0.0, "coordination_ring_potter0_20": 0.45, "centre_pots_sparse20": 85.0, "centre_pots_potter0_20": 0.65}
[pair_G] {"steps": 3733504, "elapsed_s": 3808.5, "coordination_ring_sparse20": 0.0, "coordination_ring_potter0_20": 0.45, "centre_pots_sparse20": 84.0, "centre_pots_potter0_20": 0.6}
[pair_G] {"steps": 3735552, "elapsed_s": 3810.7, "coordination_ring_sparse20": 0.0, "coordination_ring_potter0_20": 0.5, "centre_pots_sparse20": 87.0, "centre_pots_potter0_20": 0.6}
[pair_G] {"steps": 3737600, "elapsed_s": 3813.0, "coordination_ring_sparse20": 0.0, "coordination_ring_potter0_20": 0.45, "centre_pots_sparse20": 87.0, "centre_pots_potter0_20": 0.65}
[pair_G] {"steps": 3739648, "elapsed_s": 3815.3, "coordination_ring_sparse20": 0.0, "coordination_ring_potter0_20": 0.4, "centre_pots_sparse20": 83.0, "centre_pots_potter0_20": 0.5}
[pair_G] {"steps": 3741696, "elapsed_s": 3817.8, "coordination_ring_sparse20": 0.0, "coordination_ring_potter0_20": 0.45, "centre_pots_sparse20": 88.0, "centre_pots_potter0_20": 0.45}
[pair_G] {"steps": 3743744, "elapsed_s": 3820.3, "coordination_ring_sparse20": 0.0, "coordination_ring_potter0_20": 0.45, "centre_pots_sparse20": 86.0, "centre_pots_potter0_20": 0.45}
[pair_G] {"steps": 3745792, "elapsed_s": 3822.2, "coordination_ring_sparse20": 0.0, "coordination_ring_potter0_20": 0.4, "centre_pots_sparse20": 90.0, "centre_pots_potter0_20": 0.4}
[pair_G] {"steps": 3747840, "elapsed_s": 3824.4, "coordination_ring_sparse20": 0.0, "coordination_ring_potter0_20": 0.45, "centre_pots_sparse20": 85.0, "centre_pots_potter0_20": 0.4}
[pair_G] {"steps": 3749888, "elapsed_s": 3827.1, "coordination_ring_sparse20": 0.0, "coordination_ring_potter0_20": 0.5, "centre_pots_sparse20": 85.0, "centre_pots_potter0_20": 0.4}
[pair_G] {"steps": 3751936, "elapsed_s": 3828.9, "coordination_ring_sparse20": 0.0, "coordination_ring_potter0_20": 0.5, "centre_pots_sparse20": 81.0, "centre_pots_potter0_20": 0.45}
[pair_G] {"steps": 3753984, "elapsed_s": 3831.2, "coordination_ring_sparse20": 0.0, "coordination_ring_potter0_20": 0.5, "centre_pots_sparse20": 82.0, "centre_pots_potter0_20": 0.45}
[pair_G] {"steps": 3756032, "elapsed_s": 3834.1, "coordination_ring_sparse20": 0.0, "coordination_ring_potter0_20": 0.5, "centre_pots_sparse20": 77.0, "centre_pots_potter0_20": 0.5}
[pair_G] {"steps": 3758080, "elapsed_s": 3836.4, "coordination_ring_sparse20": 0.0, "coordination_ring_potter0_20": 0.45, "centre_pots_sparse20": 76.0, "centre_pots_potter0_20": 0.5}
[pair_G] {"steps": 3760128, "elapsed_s": 3838.6, "coordination_ring_sparse20": 0.0, "coordination_ring_potter0_20": 0.45, "centre_pots_sparse20": 79.0, "centre_pots_potter0_20": 0.45}
[pair_G] {"steps": 3762176, "elapsed_s": 3840.6, "coordination_ring_sparse20": 0.0, "coordination_ring_potter0_20": 0.35, "centre_pots_sparse20": 77.0, "centre_pots_potter0_20": 0.45}
[pair_G] {"steps": 3764224, "elapsed_s": 3842.9, "coordination_ring_sparse20": 0.0, "coordination_ring_potter0_20": 0.4, "centre_pots_sparse20": 76.0, "centre_pots_potter0_20": 0.45}
[pair_G] {"steps": 3766272, "elapsed_s": 3845.0, "coordination_ring_sparse20": 0.0, "coordination_ring_potter0_20": 0.35, "centre_pots_sparse20": 78.0, "centre_pots_potter0_20": 0.45}
[pair_G] {"steps": 3768320, "elapsed_s": 3847.3, "coordination_ring_sparse20": 0.0, "coordination_ring_potter0_20": 0.25, "centre_pots_sparse20": 84.0, "centre_pots_potter0_20": 0.45}
[pair_G] {"steps": 3770368, "elapsed_s": 3850.0, "coordination_ring_sparse20": 0.0, "coordination_ring_potter0_20": 0.3, "centre_pots_sparse20": 83.0, "centre_pots_potter0_20": 0.5}
[pair_G] {"steps": 3772416, "elapsed_s": 3853.2, "coordination_ring_sparse20": 0.0, "coordination_ring_potter0_20": 0.35, "centre_pots_sparse20": 91.0, "centre_pots_potter0_20": 0.5}
[pair_G] {"steps": 3774464, "elapsed_s": 3855.0, "coordination_ring_sparse20": 0.0, "coordination_ring_potter0_20": 0.45, "centre_pots_sparse20": 88.0, "centre_pots_potter0_20": 0.55}
[pair_G] {"steps": 3776512, "elapsed_s": 3857.7, "coordination_ring_sparse20": 0.0, "coordination_ring_potter0_20": 0.45, "centre_pots_sparse20": 90.0, "centre_pots_potter0_20": 0.65}
[pair_G] {"steps": 3778560, "elapsed_s": 3859.8, "coordination_ring_sparse20": 0.0, "coordination_ring_potter0_20": 0.45, "centre_pots_sparse20": 94.0, "centre_pots_potter0_20": 0.6}
[pair_G] {"steps": 3780608, "elapsed_s": 3862.0, "coordination_ring_sparse20": 0.0, "coordination_ring_potter0_20": 0.45, "centre_pots_sparse20": 92.0, "centre_pots_potter0_20": 0.6}
[pair_G] {"steps": 3782656, "elapsed_s": 3864.1, "coordination_ring_sparse20": 0.0, "coordination_ring_potter0_20": 0.55, "centre_pots_sparse20": 91.0, "centre_pots_potter0_20": 0.55}
[pair_G] {"steps": 3784704, "elapsed_s": 3866.1, "coordination_ring_sparse20": 0.0, "coordination_ring_potter0_20": 0.55, "centre_pots_sparse20": 93.0, "centre_pots_potter0_20": 0.5}
[pair_G] {"steps": 3786752, "elapsed_s": 3868.1, "coordination_ring_sparse20": 0.0, "coordination_ring_potter0_20": 0.55, "centre_pots_sparse20": 95.0, "centre_pots_potter0_20": 0.45}
[pair_G] {"steps": 3788800, "elapsed_s": 3870.7, "coordination_ring_sparse20": 0.0, "coordination_ring_potter0_20": 0.55, "centre_pots_sparse20": 94.0, "centre_pots_potter0_20": 0.4}
[pair_G] {"steps": 3790848, "elapsed_s": 3873.1, "coordination_ring_sparse20": 0.0, "coordination_ring_potter0_20": 0.5, "centre_pots_sparse20": 101.0, "centre_pots_potter0_20": 0.25}
[pair_G] {"steps": 3792896, "elapsed_s": 3876.0, "coordination_ring_sparse20": 0.0, "coordination_ring_potter0_20": 0.5, "centre_pots_sparse20": 96.0, "centre_pots_potter0_20": 0.2}
[pair_G] {"steps": 3794944, "elapsed_s": 3878.4, "coordination_ring_sparse20": 0.0, "coordination_ring_potter0_20": 0.5, "centre_pots_sparse20": 99.0, "centre_pots_potter0_20": 0.1}
[pair_G] {"steps": 3796992, "elapsed_s": 3880.6, "coordination_ring_sparse20": 0.0, "coordination_ring_potter0_20": 0.45, "centre_pots_sparse20": 99.0, "centre_pots_potter0_20": 0.1}
[pair_G] {"steps": 3799040, "elapsed_s": 3882.7, "coordination_ring_sparse20": 0.0, "coordination_ring_potter0_20": 0.45, "centre_pots_sparse20": 100.0, "centre_pots_potter0_20": 0.15}
[pair_G] {"steps": 3801088, "elapsed_s": 3885.4, "coordination_ring_sparse20": 0.0, "coordination_ring_potter0_20": 0.4, "centre_pots_sparse20": 92.0, "centre_pots_potter0_20": 0.25}
[pair_G] {"steps": 3803136, "elapsed_s": 3887.6, "coordination_ring_sparse20": 0.0, "coordination_ring_potter0_20": 0.35, "centre_pots_sparse20": 92.0, "centre_pots_potter0_20": 0.25}
[pair_G] {"steps": 3805184, "elapsed_s": 3889.9, "coordination_ring_sparse20": 0.0, "coordination_ring_potter0_20": 0.35, "centre_pots_sparse20": 93.0, "centre_pots_potter0_20": 0.35}
[pair_G] {"steps": 3807232, "elapsed_s": 3892.4, "coordination_ring_sparse20": 0.0, "coordination_ring_potter0_20": 0.35, "centre_pots_sparse20": 93.0, "centre_pots_potter0_20": 0.4}
[pair_G] {"steps": 3809280, "elapsed_s": 3895.0, "coordination_ring_sparse20": 0.0, "coordination_ring_potter0_20": 0.35, "centre_pots_sparse20": 90.0, "centre_pots_potter0_20": 0.5}
[pair_G] {"steps": 3811328, "elapsed_s": 3897.4, "coordination_ring_sparse20": 0.0, "coordination_ring_potter0_20": 0.4, "centre_pots_sparse20": 87.0, "centre_pots_potter0_20": 0.55}
[pair_G] {"steps": 3813376, "elapsed_s": 3899.8, "coordination_ring_sparse20": 0.0, "coordination_ring_potter0_20": 0.4, "centre_pots_sparse20": 86.0, "centre_pots_potter0_20": 0.65}
[pair_G] {"steps": 3815424, "elapsed_s": 3902.4, "coordination_ring_sparse20": 0.0, "coordination_ring_potter0_20": 0.4, "centre_pots_sparse20": 81.0, "centre_pots_potter0_20": 0.7}
[pair_G] {"steps": 3817472, "elapsed_s": 3904.9, "coordination_ring_sparse20": 0.0, "coordination_ring_potter0_20": 0.45, "centre_pots_sparse20": 74.0, "centre_pots_potter0_20": 0.75}
[pair_G] {"steps": 3819520, "elapsed_s": 3907.3, "coordination_ring_sparse20": 0.0, "coordination_ring_potter0_20": 0.5, "centre_pots_sparse20": 73.0, "centre_pots_potter0_20": 0.8}
[pair_G] {"steps": 3821568, "elapsed_s": 3910.1, "coordination_ring_sparse20": 0.0, "coordination_ring_potter0_20": 0.55, "centre_pots_sparse20": 67.0, "centre_pots_potter0_20": 0.8}
[pair_G] {"steps": 3823616, "elapsed_s": 3912.3, "coordination_ring_sparse20": 0.0, "coordination_ring_potter0_20": 0.65, "centre_pots_sparse20": 63.0, "centre_pots_potter0_20": 0.85}
[pair_G] {"steps": 3825664, "elapsed_s": 3914.9, "coordination_ring_sparse20": 0.0, "coordination_ring_potter0_20": 0.65, "centre_pots_sparse20": 60.0, "centre_pots_potter0_20": 0.9}
[pair_G] {"steps": 3827712, "elapsed_s": 3917.2, "coordination_ring_sparse20": 0.0, "coordination_ring_potter0_20": 0.6, "centre_pots_sparse20": 60.0, "centre_pots_potter0_20": 0.9}
[pair_G] {"steps": 3829760, "elapsed_s": 3919.9, "coordination_ring_sparse20": 0.0, "coordination_ring_potter0_20": 0.6, "centre_pots_sparse20": 62.0, "centre_pots_potter0_20": 0.9}
[pair_G] {"steps": 3831808, "elapsed_s": 3922.3, "coordination_ring_sparse20": 0.0, "coordination_ring_potter0_20": 0.55, "centre_pots_sparse20": 68.0, "centre_pots_potter0_20": 0.9}
[pair_G] {"steps": 3833856, "elapsed_s": 3924.9, "coordination_ring_sparse20": 0.0, "coordination_ring_potter0_20": 0.5, "centre_pots_sparse20": 72.0, "centre_pots_potter0_20": 0.9}
[pair_G] {"steps": 3835904, "elapsed_s": 3927.2, "coordination_ring_sparse20": 0.0, "coordination_ring_potter0_20": 0.45, "centre_pots_sparse20": 72.0, "centre_pots_potter0_20": 0.95}
[pair_G] {"steps": 3837952, "elapsed_s": 3929.7, "coordination_ring_sparse20": 0.0, "coordination_ring_potter0_20": 0.35, "centre_pots_sparse20": 74.0, "centre_pots_potter0_20": 0.95}
[pair_G] {"steps": 3840000, "elapsed_s": 3932.3, "coordination_ring_sparse20": 0.0, "coordination_ring_potter0_20": 0.35, "centre_pots_sparse20": 89.0, "centre_pots_potter0_20": 1.0}
[pair_G] {"steps": 3842048, "elapsed_s": 3934.6, "coordination_ring_sparse20": 0.0, "coordination_ring_potter0_20": 0.35, "centre_pots_sparse20": 91.0, "centre_pots_potter0_20": 0.95}
[pair_G] {"steps": 3844096, "elapsed_s": 3936.8, "coordination_ring_sparse20": 0.0, "coordination_ring_potter0_20": 0.35, "centre_pots_sparse20": 100.0, "centre_pots_potter0_20": 0.9}
[pair_G] {"steps": 3846144, "elapsed_s": 3939.4, "coordination_ring_sparse20": 0.0, "coordination_ring_potter0_20": 0.45, "centre_pots_sparse20": 108.0, "centre_pots_potter0_20": 0.85}
[pair_G] {"steps": 3848192, "elapsed_s": 3942.2, "coordination_ring_sparse20": 0.0, "coordination_ring_potter0_20": 0.45, "centre_pots_sparse20": 111.0, "centre_pots_potter0_20": 0.75}
[pair_G] {"steps": 3850240, "elapsed_s": 3944.7, "coordination_ring_sparse20": 0.0, "coordination_ring_potter0_20": 0.5, "centre_pots_sparse20": 113.0, "centre_pots_potter0_20": 0.7}
[pair_G] {"steps": 3852288, "elapsed_s": 3946.6, "coordination_ring_sparse20": 0.0, "coordination_ring_potter0_20": 0.6, "centre_pots_sparse20": 110.0, "centre_pots_potter0_20": 0.7}
[pair_G] {"steps": 3854336, "elapsed_s": 3948.7, "coordination_ring_sparse20": 0.0, "coordination_ring_potter0_20": 0.65, "centre_pots_sparse20": 110.0, "centre_pots_potter0_20": 0.7}
[pair_G] {"steps": 3856384, "elapsed_s": 3951.8, "coordination_ring_sparse20": 0.0, "coordination_ring_potter0_20": 0.65, "centre_pots_sparse20": 100.0, "centre_pots_potter0_20": 0.65}
[pair_G] {"steps": 3858432, "elapsed_s": 3954.7, "coordination_ring_sparse20": 0.0, "coordination_ring_potter0_20": 0.65, "centre_pots_sparse20": 90.0, "centre_pots_potter0_20": 0.6}
[pair_G] {"steps": 3860480, "elapsed_s": 3956.6, "coordination_ring_sparse20": 0.0, "coordination_ring_potter0_20": 0.7, "centre_pots_sparse20": 86.0, "centre_pots_potter0_20": 0.6}
[pair_G] {"steps": 3862528, "elapsed_s": 3959.1, "coordination_ring_sparse20": 0.0, "coordination_ring_potter0_20": 0.75, "centre_pots_sparse20": 81.0, "centre_pots_potter0_20": 0.6}
[pair_G] {"steps": 3864576, "elapsed_s": 3961.2, "coordination_ring_sparse20": 0.0, "coordination_ring_potter0_20": 0.75, "centre_pots_sparse20": 80.0, "centre_pots_potter0_20": 0.65}
[pair_G] {"steps": 3866624, "elapsed_s": 3963.6, "coordination_ring_sparse20": 0.0, "coordination_ring_potter0_20": 0.7, "centre_pots_sparse20": 82.0, "centre_pots_potter0_20": 0.65}
[pair_G] {"steps": 3868672, "elapsed_s": 3965.6, "coordination_ring_sparse20": 0.0, "coordination_ring_potter0_20": 0.55, "centre_pots_sparse20": 82.0, "centre_pots_potter0_20": 0.65}
[pair_G] {"steps": 3870720, "elapsed_s": 3968.0, "coordination_ring_sparse20": 0.0, "coordination_ring_potter0_20": 0.55, "centre_pots_sparse20": 82.0, "centre_pots_potter0_20": 0.6}
[pair_G] {"steps": 3872768, "elapsed_s": 3970.3, "coordination_ring_sparse20": 0.0, "coordination_ring_potter0_20": 0.55, "centre_pots_sparse20": 88.0, "centre_pots_potter0_20": 0.6}
[pair_G] {"steps": 3874816, "elapsed_s": 3972.8, "coordination_ring_sparse20": 0.0, "coordination_ring_potter0_20": 0.5, "centre_pots_sparse20": 97.0, "centre_pots_potter0_20": 0.7}
[pair_G] {"steps": 3876864, "elapsed_s": 3975.1, "coordination_ring_sparse20": 0.0, "coordination_ring_potter0_20": 0.45, "centre_pots_sparse20": 100.0, "centre_pots_potter0_20": 0.7}
[pair_G] {"steps": 3878912, "elapsed_s": 3977.9, "coordination_ring_sparse20": 0.0, "coordination_ring_potter0_20": 0.45, "centre_pots_sparse20": 101.0, "centre_pots_potter0_20": 0.7}
[pair_G] {"steps": 3880960, "elapsed_s": 3980.7, "coordination_ring_sparse20": 0.0, "coordination_ring_potter0_20": 0.45, "centre_pots_sparse20": 99.0, "centre_pots_potter0_20": 0.6}
[pair_G] {"steps": 3883008, "elapsed_s": 3983.0, "coordination_ring_sparse20": 0.0, "coordination_ring_potter0_20": 0.45, "centre_pots_sparse20": 102.0, "centre_pots_potter0_20": 0.65}
[pair_G] {"steps": 3885056, "elapsed_s": 3985.7, "coordination_ring_sparse20": 0.0, "coordination_ring_potter0_20": 0.5, "centre_pots_sparse20": 103.0, "centre_pots_potter0_20": 0.65}
[pair_G] {"steps": 3887104, "elapsed_s": 3988.2, "coordination_ring_sparse20": 0.0, "coordination_ring_potter0_20": 0.55, "centre_pots_sparse20": 99.0, "centre_pots_potter0_20": 0.65}
[pair_G] {"steps": 3889152, "elapsed_s": 3990.5, "coordination_ring_sparse20": 0.0, "coordination_ring_potter0_20": 0.55, "centre_pots_sparse20": 91.0, "centre_pots_potter0_20": 0.5}
[pair_G] {"steps": 3891200, "elapsed_s": 3992.6, "coordination_ring_sparse20": 0.0, "coordination_ring_potter0_20": 0.55, "centre_pots_sparse20": 92.0, "centre_pots_potter0_20": 0.5}
[pair_G] {"steps": 3893248, "elapsed_s": 3995.1, "coordination_ring_sparse20": 0.0, "coordination_ring_potter0_20": 0.55, "centre_pots_sparse20": 91.0, "centre_pots_potter0_20": 0.55}
[pair_G] {"steps": 3895296, "elapsed_s": 3997.3, "coordination_ring_sparse20": 0.0, "coordination_ring_potter0_20": 0.55, "centre_pots_sparse20": 89.0, "centre_pots_potter0_20": 0.5}
[pair_G] {"steps": 3897344, "elapsed_s": 3999.8, "coordination_ring_sparse20": 0.0, "coordination_ring_potter0_20": 0.65, "centre_pots_sparse20": 90.0, "centre_pots_potter0_20": 0.4}
[pair_G] {"steps": 3899392, "elapsed_s": 4001.8, "coordination_ring_sparse20": 0.0, "coordination_ring_potter0_20": 0.65, "centre_pots_sparse20": 89.0, "centre_pots_potter0_20": 0.45}
[pair_G] {"steps": 3901440, "elapsed_s": 4004.3, "coordination_ring_sparse20": 0.0, "coordination_ring_potter0_20": 0.65, "centre_pots_sparse20": 94.0, "centre_pots_potter0_20": 0.5}
[pair_G] {"steps": 3903488, "elapsed_s": 4006.8, "coordination_ring_sparse20": 0.0, "coordination_ring_potter0_20": 0.7, "centre_pots_sparse20": 95.0, "centre_pots_potter0_20": 0.6}
[pair_G] {"steps": 3905536, "elapsed_s": 4009.3, "coordination_ring_sparse20": 0.0, "coordination_ring_potter0_20": 0.75, "centre_pots_sparse20": 101.0, "centre_pots_potter0_20": 0.55}
[pair_G] {"steps": 3907584, "elapsed_s": 4011.4, "coordination_ring_sparse20": 0.0, "coordination_ring_potter0_20": 0.65, "centre_pots_sparse20": 103.0, "centre_pots_potter0_20": 0.6}
[pair_G] {"steps": 3909632, "elapsed_s": 4013.4, "coordination_ring_sparse20": 0.0, "coordination_ring_potter0_20": 0.65, "centre_pots_sparse20": 103.0, "centre_pots_potter0_20": 0.6}
[pair_G] {"steps": 3911680, "elapsed_s": 4016.2, "coordination_ring_sparse20": 0.0, "coordination_ring_potter0_20": 0.65, "centre_pots_sparse20": 97.0, "centre_pots_potter0_20": 0.7}
[pair_G] {"steps": 3913728, "elapsed_s": 4018.5, "coordination_ring_sparse20": 0.0, "coordination_ring_potter0_20": 0.65, "centre_pots_sparse20": 98.0, "centre_pots_potter0_20": 0.7}
[pair_G] {"steps": 3915776, "elapsed_s": 4020.9, "coordination_ring_sparse20": 0.0, "coordination_ring_potter0_20": 0.6, "centre_pots_sparse20": 95.0, "centre_pots_potter0_20": 0.65}
[pair_G] {"steps": 3917824, "elapsed_s": 4023.8, "coordination_ring_sparse20": 0.0, "coordination_ring_potter0_20": 0.55, "centre_pots_sparse20": 98.0, "centre_pots_potter0_20": 0.6}
[pair_G] {"steps": 3919872, "elapsed_s": 4026.3, "coordination_ring_sparse20": 0.0, "coordination_ring_potter0_20": 0.45, "centre_pots_sparse20": 100.0, "centre_pots_potter0_20": 0.6}
[pair_G] {"steps": 3921920, "elapsed_s": 4028.0, "coordination_ring_sparse20": 0.0, "coordination_ring_potter0_20": 0.4, "centre_pots_sparse20": 92.0, "centre_pots_potter0_20": 0.6}
[pair_G] {"steps": 3923968, "elapsed_s": 4030.5, "coordination_ring_sparse20": 0.0, "coordination_ring_potter0_20": 0.4, "centre_pots_sparse20": 83.0, "centre_pots_potter0_20": 0.55}
[pair_G] {"steps": 3926016, "elapsed_s": 4033.0, "coordination_ring_sparse20": 0.0, "coordination_ring_potter0_20": 0.5, "centre_pots_sparse20": 79.0, "centre_pots_potter0_20": 0.5}
[pair_G] {"steps": 3928064, "elapsed_s": 4035.0, "coordination_ring_sparse20": 0.0, "coordination_ring_potter0_20": 0.55, "centre_pots_sparse20": 77.0, "centre_pots_potter0_20": 0.5}
[pair_G] {"steps": 3930112, "elapsed_s": 4038.2, "coordination_ring_sparse20": 0.0, "coordination_ring_potter0_20": 0.55, "centre_pots_sparse20": 73.0, "centre_pots_potter0_20": 0.6}
[pair_G] {"steps": 3932160, "elapsed_s": 4041.5, "coordination_ring_sparse20": 0.0, "coordination_ring_potter0_20": 0.55, "centre_pots_sparse20": 69.0, "centre_pots_potter0_20": 0.6}
[pair_G] {"steps": 3934208, "elapsed_s": 4044.1, "coordination_ring_sparse20": 0.0, "coordination_ring_potter0_20": 0.5, "centre_pots_sparse20": 62.0, "centre_pots_potter0_20": 0.65}
[pair_G] {"steps": 3936256, "elapsed_s": 4046.4, "coordination_ring_sparse20": 0.0, "coordination_ring_potter0_20": 0.5, "centre_pots_sparse20": 62.0, "centre_pots_potter0_20": 0.7}
[pair_G] {"steps": 3938304, "elapsed_s": 4049.0, "coordination_ring_sparse20": 0.0, "coordination_ring_potter0_20": 0.5, "centre_pots_sparse20": 64.0, "centre_pots_potter0_20": 0.65}
[pair_G] {"steps": 3940352, "elapsed_s": 4051.6, "coordination_ring_sparse20": 0.0, "coordination_ring_potter0_20": 0.5, "centre_pots_sparse20": 66.0, "centre_pots_potter0_20": 0.7}
[pair_G] {"steps": 3942400, "elapsed_s": 4053.9, "coordination_ring_sparse20": 0.0, "coordination_ring_potter0_20": 0.45, "centre_pots_sparse20": 62.0, "centre_pots_potter0_20": 0.75}
[pair_G] {"steps": 3944448, "elapsed_s": 4056.7, "coordination_ring_sparse20": 0.0, "coordination_ring_potter0_20": 0.45, "centre_pots_sparse20": 56.0, "centre_pots_potter0_20": 0.75}
[pair_G] {"steps": 3946496, "elapsed_s": 4058.9, "coordination_ring_sparse20": 0.0, "coordination_ring_potter0_20": 0.3, "centre_pots_sparse20": 56.0, "centre_pots_potter0_20": 0.75}
[pair_G] {"steps": 3948544, "elapsed_s": 4061.9, "coordination_ring_sparse20": 0.0, "coordination_ring_potter0_20": 0.35, "centre_pots_sparse20": 63.0, "centre_pots_potter0_20": 0.75}
[pair_G] {"steps": 3950592, "elapsed_s": 4064.3, "coordination_ring_sparse20": 0.0, "coordination_ring_potter0_20": 0.3, "centre_pots_sparse20": 66.0, "centre_pots_potter0_20": 0.8}
[pair_G] {"steps": 3952640, "elapsed_s": 4066.5, "coordination_ring_sparse20": 0.0, "coordination_ring_potter0_20": 0.35, "centre_pots_sparse20": 70.0, "centre_pots_potter0_20": 0.8}
[pair_G] {"steps": 3954688, "elapsed_s": 4068.9, "coordination_ring_sparse20": 0.0, "coordination_ring_potter0_20": 0.4, "centre_pots_sparse20": 70.0, "centre_pots_potter0_20": 0.75}
[pair_G] {"steps": 3956736, "elapsed_s": 4071.1, "coordination_ring_sparse20": 0.0, "coordination_ring_potter0_20": 0.4, "centre_pots_sparse20": 71.0, "centre_pots_potter0_20": 0.8}
[pair_G] {"steps": 3958784, "elapsed_s": 4073.9, "coordination_ring_sparse20": 0.0, "coordination_ring_potter0_20": 0.45, "centre_pots_sparse20": 78.0, "centre_pots_potter0_20": 0.75}
[pair_G] {"steps": 3960832, "elapsed_s": 4076.4, "coordination_ring_sparse20": 0.0, "coordination_ring_potter0_20": 0.5, "centre_pots_sparse20": 80.0, "centre_pots_potter0_20": 0.7}
[pair_G] {"steps": 3962880, "elapsed_s": 4079.0, "coordination_ring_sparse20": 0.0, "coordination_ring_potter0_20": 0.55, "centre_pots_sparse20": 83.0, "centre_pots_potter0_20": 0.75}
[pair_G] {"steps": 3964928, "elapsed_s": 4081.4, "coordination_ring_sparse20": 0.0, "coordination_ring_potter0_20": 0.5, "centre_pots_sparse20": 82.0, "centre_pots_potter0_20": 0.75}
[pair_G] {"steps": 3966976, "elapsed_s": 4083.7, "coordination_ring_sparse20": 0.0, "coordination_ring_potter0_20": 0.5, "centre_pots_sparse20": 84.0, "centre_pots_potter0_20": 0.75}
[pair_G] {"steps": 3969024, "elapsed_s": 4085.6, "coordination_ring_sparse20": 0.0, "coordination_ring_potter0_20": 0.45, "centre_pots_sparse20": 86.0, "centre_pots_potter0_20": 0.7}
[pair_G] {"steps": 3971072, "elapsed_s": 4088.2, "coordination_ring_sparse20": 0.0, "coordination_ring_potter0_20": 0.5, "centre_pots_sparse20": 80.0, "centre_pots_potter0_20": 0.8}
[pair_G] {"steps": 3973120, "elapsed_s": 4090.6, "coordination_ring_sparse20": 0.0, "coordination_ring_potter0_20": 0.45, "centre_pots_sparse20": 77.0, "centre_pots_potter0_20": 0.8}
[pair_G] {"steps": 3975168, "elapsed_s": 4093.2, "coordination_ring_sparse20": 0.0, "coordination_ring_potter0_20": 0.5, "centre_pots_sparse20": 77.0, "centre_pots_potter0_20": 0.75}
[pair_G] {"steps": 3977216, "elapsed_s": 4095.7, "coordination_ring_sparse20": 0.0, "coordination_ring_potter0_20": 0.45, "centre_pots_sparse20": 80.0, "centre_pots_potter0_20": 0.8}
[pair_G] {"steps": 3979264, "elapsed_s": 4098.2, "coordination_ring_sparse20": 0.0, "coordination_ring_potter0_20": 0.45, "centre_pots_sparse20": 85.0, "centre_pots_potter0_20": 0.75}
[pair_G] {"steps": 3981312, "elapsed_s": 4100.7, "coordination_ring_sparse20": 0.0, "coordination_ring_potter0_20": 0.5, "centre_pots_sparse20": 83.0, "centre_pots_potter0_20": 0.75}
[pair_G] {"steps": 3983360, "elapsed_s": 4103.4, "coordination_ring_sparse20": 0.0, "coordination_ring_potter0_20": 0.45, "centre_pots_sparse20": 87.0, "centre_pots_potter0_20": 0.7}
[pair_G] {"steps": 3985408, "elapsed_s": 4105.8, "coordination_ring_sparse20": 0.0, "coordination_ring_potter0_20": 0.45, "centre_pots_sparse20": 93.0, "centre_pots_potter0_20": 0.7}
[pair_G] {"steps": 3987456, "elapsed_s": 4108.1, "coordination_ring_sparse20": 0.0, "coordination_ring_potter0_20": 0.4, "centre_pots_sparse20": 95.0, "centre_pots_potter0_20": 0.8}
[pair_G] {"steps": 3989504, "elapsed_s": 4110.8, "coordination_ring_sparse20": 0.0, "coordination_ring_potter0_20": 0.45, "centre_pots_sparse20": 99.0, "centre_pots_potter0_20": 0.8}
[pair_G] {"steps": 3991552, "elapsed_s": 4113.5, "coordination_ring_sparse20": 0.0, "coordination_ring_potter0_20": 0.5, "centre_pots_sparse20": 100.0, "centre_pots_potter0_20": 0.8}
[pair_G] {"steps": 3993600, "elapsed_s": 4115.8, "coordination_ring_sparse20": 0.0, "coordination_ring_potter0_20": 0.6, "centre_pots_sparse20": 101.0, "centre_pots_potter0_20": 0.85}
[pair_G] {"steps": 3995648, "elapsed_s": 4118.3, "coordination_ring_sparse20": 0.0, "coordination_ring_potter0_20": 0.5, "centre_pots_sparse20": 101.0, "centre_pots_potter0_20": 0.9}
[pair_G] {"steps": 3997696, "elapsed_s": 4120.7, "coordination_ring_sparse20": 0.0, "coordination_ring_potter0_20": 0.55, "centre_pots_sparse20": 101.0, "centre_pots_potter0_20": 0.85}
[pair_G] {"steps": 3999744, "elapsed_s": 4123.1, "coordination_ring_sparse20": 0.0, "coordination_ring_potter0_20": 0.5, "centre_pots_sparse20": 95.0, "centre_pots_potter0_20": 0.8}
[pair_G] {"steps": 4001792, "elapsed_s": 4125.6, "coordination_ring_sparse20": 0.0, "coordination_ring_potter0_20": 0.5, "centre_pots_sparse20": 93.0, "centre_pots_potter0_20": 0.8}
[pair_G] {"steps": 4003840, "elapsed_s": 4128.3, "coordination_ring_sparse20": 0.0, "coordination_ring_potter0_20": 0.45, "centre_pots_sparse20": 94.0, "centre_pots_potter0_20": 0.8}
[pair_G] {"steps": 4005888, "elapsed_s": 4131.0, "coordination_ring_sparse20": 0.0, "coordination_ring_potter0_20": 0.45, "centre_pots_sparse20": 91.0, "centre_pots_potter0_20": 0.85}
[pair_G] {"steps": 4007936, "elapsed_s": 4133.1, "coordination_ring_sparse20": 0.0, "coordination_ring_potter0_20": 0.45, "centre_pots_sparse20": 87.0, "centre_pots_potter0_20": 0.8}
[pair_G] {"steps": 4009984, "elapsed_s": 4135.5, "coordination_ring_sparse20": 0.0, "coordination_ring_potter0_20": 0.4, "centre_pots_sparse20": 86.0, "centre_pots_potter0_20": 0.8}
[pair_G] {"steps": 4012032, "elapsed_s": 4137.5, "coordination_ring_sparse20": 0.0, "coordination_ring_potter0_20": 0.5, "centre_pots_sparse20": 85.0, "centre_pots_potter0_20": 0.8}
[pair_G] {"steps": 4014080, "elapsed_s": 4140.1, "coordination_ring_sparse20": 0.0, "coordination_ring_potter0_20": 0.5, "centre_pots_sparse20": 82.0, "centre_pots_potter0_20": 0.9}
[pair_G] {"steps": 4016128, "elapsed_s": 4142.1, "coordination_ring_sparse20": 0.0, "coordination_ring_potter0_20": 0.55, "centre_pots_sparse20": 78.0, "centre_pots_potter0_20": 0.95}
[pair_G] {"steps": 4018176, "elapsed_s": 4144.4, "coordination_ring_sparse20": 0.0, "coordination_ring_potter0_20": 0.6, "centre_pots_sparse20": 81.0, "centre_pots_potter0_20": 0.95}
[pair_G] {"steps": 4020224, "elapsed_s": 4146.8, "coordination_ring_sparse20": 0.0, "coordination_ring_potter0_20": 0.6, "centre_pots_sparse20": 72.0, "centre_pots_potter0_20": 0.95}
[pair_G] {"steps": 4022272, "elapsed_s": 4149.1, "coordination_ring_sparse20": 0.0, "coordination_ring_potter0_20": 0.6, "centre_pots_sparse20": 73.0, "centre_pots_potter0_20": 0.95}
[pair_G] {"steps": 4024320, "elapsed_s": 4151.8, "coordination_ring_sparse20": 0.0, "coordination_ring_potter0_20": 0.6, "centre_pots_sparse20": 80.0, "centre_pots_potter0_20": 0.95}
[pair_G] {"steps": 4026368, "elapsed_s": 4154.5, "coordination_ring_sparse20": 0.0, "coordination_ring_potter0_20": 0.65, "centre_pots_sparse20": 85.0, "centre_pots_potter0_20": 0.95}
[pair_G] {"steps": 4028416, "elapsed_s": 4157.3, "coordination_ring_sparse20": 0.0, "coordination_ring_potter0_20": 0.7, "centre_pots_sparse20": 84.0, "centre_pots_potter0_20": 0.95}
[pair_G] {"steps": 4030464, "elapsed_s": 4159.2, "coordination_ring_sparse20": 0.0, "coordination_ring_potter0_20": 0.65, "centre_pots_sparse20": 89.0, "centre_pots_potter0_20": 0.95}
[pair_G] {"steps": 4032512, "elapsed_s": 4161.2, "coordination_ring_sparse20": 0.0, "coordination_ring_potter0_20": 0.45, "centre_pots_sparse20": 89.0, "centre_pots_potter0_20": 0.95}
[pair_G] {"steps": 4034560, "elapsed_s": 4163.6, "coordination_ring_sparse20": 0.0, "coordination_ring_potter0_20": 0.4, "centre_pots_sparse20": 85.0, "centre_pots_potter0_20": 0.95}
[pair_G] {"steps": 4036608, "elapsed_s": 4166.5, "coordination_ring_sparse20": 0.0, "coordination_ring_potter0_20": 0.35, "centre_pots_sparse20": 85.0, "centre_pots_potter0_20": 0.9}
[pair_G] {"steps": 4038656, "elapsed_s": 4168.9, "coordination_ring_sparse20": 0.0, "coordination_ring_potter0_20": 0.4, "centre_pots_sparse20": 85.0, "centre_pots_potter0_20": 0.9}
[pair_G] {"steps": 4040704, "elapsed_s": 4171.8, "coordination_ring_sparse20": 0.0, "coordination_ring_potter0_20": 0.35, "centre_pots_sparse20": 88.0, "centre_pots_potter0_20": 0.95}
[pair_G] {"steps": 4042752, "elapsed_s": 4174.1, "coordination_ring_sparse20": 0.0, "coordination_ring_potter0_20": 0.35, "centre_pots_sparse20": 87.0, "centre_pots_potter0_20": 0.9}
[pair_G] {"steps": 4044800, "elapsed_s": 4176.7, "coordination_ring_sparse20": 0.0, "coordination_ring_potter0_20": 0.3, "centre_pots_sparse20": 92.0, "centre_pots_potter0_20": 0.9}
[pair_G] {"steps": 4046848, "elapsed_s": 4178.7, "coordination_ring_sparse20": 0.0, "coordination_ring_potter0_20": 0.25, "centre_pots_sparse20": 94.0, "centre_pots_potter0_20": 0.85}
[pair_G] {"steps": 4048896, "elapsed_s": 4180.8, "coordination_ring_sparse20": 0.0, "coordination_ring_potter0_20": 0.25, "centre_pots_sparse20": 92.0, "centre_pots_potter0_20": 0.85}
[pair_G] {"steps": 4050944, "elapsed_s": 4183.4, "coordination_ring_sparse20": 0.0, "coordination_ring_potter0_20": 0.25, "centre_pots_sparse20": 95.0, "centre_pots_potter0_20": 0.9}
[pair_G] {"steps": 4052992, "elapsed_s": 4185.9, "coordination_ring_sparse20": 0.0, "coordination_ring_potter0_20": 0.25, "centre_pots_sparse20": 94.0, "centre_pots_potter0_20": 0.8}
[pair_G] {"steps": 4055040, "elapsed_s": 4188.4, "coordination_ring_sparse20": 0.0, "coordination_ring_potter0_20": 0.35, "centre_pots_sparse20": 90.0, "centre_pots_potter0_20": 0.8}
[pair_G] {"steps": 4057088, "elapsed_s": 4190.8, "coordination_ring_sparse20": 0.0, "coordination_ring_potter0_20": 0.4, "centre_pots_sparse20": 91.0, "centre_pots_potter0_20": 0.85}
[pair_G] {"steps": 4059136, "elapsed_s": 4193.3, "coordination_ring_sparse20": 0.0, "coordination_ring_potter0_20": 0.35, "centre_pots_sparse20": 92.0, "centre_pots_potter0_20": 0.9}
[pair_G] {"steps": 4061184, "elapsed_s": 4195.8, "coordination_ring_sparse20": 0.0, "coordination_ring_potter0_20": 0.35, "centre_pots_sparse20": 91.0, "centre_pots_potter0_20": 0.85}
[pair_G] {"steps": 4063232, "elapsed_s": 4198.5, "coordination_ring_sparse20": 0.0, "coordination_ring_potter0_20": 0.4, "centre_pots_sparse20": 89.0, "centre_pots_potter0_20": 0.85}
[pair_G] {"steps": 4065280, "elapsed_s": 4201.0, "coordination_ring_sparse20": 0.0, "coordination_ring_potter0_20": 0.5, "centre_pots_sparse20": 91.0, "centre_pots_potter0_20": 0.85}
[pair_G] {"steps": 4067328, "elapsed_s": 4203.2, "coordination_ring_sparse20": 0.0, "coordination_ring_potter0_20": 0.55, "centre_pots_sparse20": 89.0, "centre_pots_potter0_20": 0.85}
[pair_G] {"steps": 4069376, "elapsed_s": 4205.8, "coordination_ring_sparse20": 0.0, "coordination_ring_potter0_20": 0.5, "centre_pots_sparse20": 91.0, "centre_pots_potter0_20": 0.85}
[pair_G] {"steps": 4071424, "elapsed_s": 4207.9, "coordination_ring_sparse20": 0.0, "coordination_ring_potter0_20": 0.55, "centre_pots_sparse20": 91.0, "centre_pots_potter0_20": 0.85}
[pair_G] {"steps": 4073472, "elapsed_s": 4210.7, "coordination_ring_sparse20": 0.0, "coordination_ring_potter0_20": 0.5, "centre_pots_sparse20": 90.0, "centre_pots_potter0_20": 0.8}
[pair_G] {"steps": 4075520, "elapsed_s": 4213.4, "coordination_ring_sparse20": 0.0, "coordination_ring_potter0_20": 0.55, "centre_pots_sparse20": 89.0, "centre_pots_potter0_20": 0.8}
[pair_G] {"steps": 4077568, "elapsed_s": 4215.6, "coordination_ring_sparse20": 0.0, "coordination_ring_potter0_20": 0.6, "centre_pots_sparse20": 90.0, "centre_pots_potter0_20": 0.85}
[pair_G] {"steps": 4079616, "elapsed_s": 4218.2, "coordination_ring_sparse20": 0.0, "coordination_ring_potter0_20": 0.55, "centre_pots_sparse20": 91.0, "centre_pots_potter0_20": 0.85}
[pair_G] {"steps": 4081664, "elapsed_s": 4220.8, "coordination_ring_sparse20": 0.0, "coordination_ring_potter0_20": 0.5, "centre_pots_sparse20": 91.0, "centre_pots_potter0_20": 0.7}
[pair_G] {"steps": 4083712, "elapsed_s": 4223.2, "coordination_ring_sparse20": 0.0, "coordination_ring_potter0_20": 0.4, "centre_pots_sparse20": 95.0, "centre_pots_potter0_20": 0.75}
[pair_G] {"steps": 4085760, "elapsed_s": 4225.9, "coordination_ring_sparse20": 0.0, "coordination_ring_potter0_20": 0.4, "centre_pots_sparse20": 93.0, "centre_pots_potter0_20": 0.75}
[pair_G] {"steps": 4087808, "elapsed_s": 4227.8, "coordination_ring_sparse20": 0.0, "coordination_ring_potter0_20": 0.35, "centre_pots_sparse20": 94.0, "centre_pots_potter0_20": 0.75}
[pair_G] {"steps": 4089856, "elapsed_s": 4230.0, "coordination_ring_sparse20": 0.0, "coordination_ring_potter0_20": 0.3, "centre_pots_sparse20": 94.0, "centre_pots_potter0_20": 0.75}
[pair_G] {"steps": 4091904, "elapsed_s": 4232.1, "coordination_ring_sparse20": 0.0, "coordination_ring_potter0_20": 0.3, "centre_pots_sparse20": 94.0, "centre_pots_potter0_20": 0.75}
[pair_G] {"steps": 4093952, "elapsed_s": 4234.4, "coordination_ring_sparse20": 0.0, "coordination_ring_potter0_20": 0.25, "centre_pots_sparse20": 95.0, "centre_pots_potter0_20": 0.75}
[pair_G] {"steps": 4096000, "elapsed_s": 4236.8, "coordination_ring_sparse20": 0.0, "coordination_ring_potter0_20": 0.3, "centre_pots_sparse20": 90.0, "centre_pots_potter0_20": 0.75}
[pair_G] {"steps": 4098048, "elapsed_s": 4239.0, "coordination_ring_sparse20": 0.0, "coordination_ring_potter0_20": 0.3, "centre_pots_sparse20": 90.0, "centre_pots_potter0_20": 0.7}
[pair_G] {"steps": 4100096, "elapsed_s": 4241.6, "coordination_ring_sparse20": 0.0, "coordination_ring_potter0_20": 0.3, "centre_pots_sparse20": 88.0, "centre_pots_potter0_20": 0.75}
[pair_G] {"steps": 4102144, "elapsed_s": 4243.9, "coordination_ring_sparse20": 0.0, "coordination_ring_potter0_20": 0.3, "centre_pots_sparse20": 91.0, "centre_pots_potter0_20": 0.75}
[pair_G] {"steps": 4104192, "elapsed_s": 4246.1, "coordination_ring_sparse20": 0.0, "coordination_ring_potter0_20": 0.35, "centre_pots_sparse20": 92.0, "centre_pots_potter0_20": 0.8}
[pair_G] {"steps": 4106240, "elapsed_s": 4248.5, "coordination_ring_sparse20": 0.0, "coordination_ring_potter0_20": 0.35, "centre_pots_sparse20": 84.0, "centre_pots_potter0_20": 0.75}
[pair_G] {"steps": 4108288, "elapsed_s": 4251.0, "coordination_ring_sparse20": 0.0, "coordination_ring_potter0_20": 0.3, "centre_pots_sparse20": 84.0, "centre_pots_potter0_20": 0.75}
[pair_G] {"steps": 4110336, "elapsed_s": 4253.3, "coordination_ring_sparse20": 0.0, "coordination_ring_potter0_20": 0.35, "centre_pots_sparse20": 83.0, "centre_pots_potter0_20": 0.75}
[pair_G] {"steps": 4112384, "elapsed_s": 4255.9, "coordination_ring_sparse20": 0.0, "coordination_ring_potter0_20": 0.4, "centre_pots_sparse20": 82.0, "centre_pots_potter0_20": 0.75}
[pair_G] {"steps": 4114432, "elapsed_s": 4258.9, "coordination_ring_sparse20": 0.0, "coordination_ring_potter0_20": 0.35, "centre_pots_sparse20": 87.0, "centre_pots_potter0_20": 0.65}
[pair_G] {"steps": 4116480, "elapsed_s": 4261.7, "coordination_ring_sparse20": 0.0, "coordination_ring_potter0_20": 0.35, "centre_pots_sparse20": 86.0, "centre_pots_potter0_20": 0.55}
[pair_G] {"steps": 4118528, "elapsed_s": 4264.0, "coordination_ring_sparse20": 0.0, "coordination_ring_potter0_20": 0.35, "centre_pots_sparse20": 86.0, "centre_pots_potter0_20": 0.55}
[pair_G] {"steps": 4120576, "elapsed_s": 4266.8, "coordination_ring_sparse20": 0.0, "coordination_ring_potter0_20": 0.35, "centre_pots_sparse20": 83.0, "centre_pots_potter0_20": 0.55}
[pair_G] {"steps": 4122624, "elapsed_s": 4269.5, "coordination_ring_sparse20": 0.0, "coordination_ring_potter0_20": 0.35, "centre_pots_sparse20": 87.0, "centre_pots_potter0_20": 0.55}
[pair_G] {"steps": 4124672, "elapsed_s": 4272.5, "coordination_ring_sparse20": 0.0, "coordination_ring_potter0_20": 0.4, "centre_pots_sparse20": 85.0, "centre_pots_potter0_20": 0.55}
[pair_G] {"steps": 4126720, "elapsed_s": 4274.7, "coordination_ring_sparse20": 0.0, "coordination_ring_potter0_20": 0.45, "centre_pots_sparse20": 79.0, "centre_pots_potter0_20": 0.6}
[pair_G] {"steps": 4128768, "elapsed_s": 4277.2, "coordination_ring_sparse20": 0.0, "coordination_ring_potter0_20": 0.5, "centre_pots_sparse20": 82.0, "centre_pots_potter0_20": 0.75}
[pair_G] {"steps": 4130816, "elapsed_s": 4279.6, "coordination_ring_sparse20": 0.0, "coordination_ring_potter0_20": 0.55, "centre_pots_sparse20": 83.0, "centre_pots_potter0_20": 0.8}
[pair_G] {"steps": 4132864, "elapsed_s": 4282.2, "coordination_ring_sparse20": 0.0, "coordination_ring_potter0_20": 0.55, "centre_pots_sparse20": 86.0, "centre_pots_potter0_20": 0.7}
[pair_G] {"steps": 4134912, "elapsed_s": 4284.5, "coordination_ring_sparse20": 0.0, "coordination_ring_potter0_20": 0.5, "centre_pots_sparse20": 86.0, "centre_pots_potter0_20": 0.7}
[pair_G] {"steps": 4136960, "elapsed_s": 4287.0, "coordination_ring_sparse20": 0.0, "coordination_ring_potter0_20": 0.45, "centre_pots_sparse20": 91.0, "centre_pots_potter0_20": 0.7}
[pair_G] {"steps": 4139008, "elapsed_s": 4289.6, "coordination_ring_sparse20": 0.0, "coordination_ring_potter0_20": 0.55, "centre_pots_sparse20": 90.0, "centre_pots_potter0_20": 0.7}
[pair_G] {"steps": 4141056, "elapsed_s": 4291.8, "coordination_ring_sparse20": 0.0, "coordination_ring_potter0_20": 0.55, "centre_pots_sparse20": 92.0, "centre_pots_potter0_20": 0.7}
[pair_G] {"steps": 4143104, "elapsed_s": 4294.8, "coordination_ring_sparse20": 0.0, "coordination_ring_potter0_20": 0.5, "centre_pots_sparse20": 92.0, "centre_pots_potter0_20": 0.75}
[pair_G] {"steps": 4145152, "elapsed_s": 4297.0, "coordination_ring_sparse20": 0.0, "coordination_ring_potter0_20": 0.5, "centre_pots_sparse20": 98.0, "centre_pots_potter0_20": 0.75}
[pair_G] {"steps": 4147200, "elapsed_s": 4300.0, "coordination_ring_sparse20": 0.0, "coordination_ring_potter0_20": 0.5, "centre_pots_sparse20": 94.0, "centre_pots_potter0_20": 0.65}
[pair_G] {"steps": 4149248, "elapsed_s": 4302.2, "coordination_ring_sparse20": 0.0, "coordination_ring_potter0_20": 0.4, "centre_pots_sparse20": 93.0, "centre_pots_potter0_20": 0.7}
[pair_G] {"steps": 4151296, "elapsed_s": 4304.4, "coordination_ring_sparse20": 0.0, "coordination_ring_potter0_20": 0.4, "centre_pots_sparse20": 91.0, "centre_pots_potter0_20": 0.8}
[pair_G] {"steps": 4153344, "elapsed_s": 4306.7, "coordination_ring_sparse20": 0.0, "coordination_ring_potter0_20": 0.4, "centre_pots_sparse20": 91.0, "centre_pots_potter0_20": 0.75}
[pair_G] {"steps": 4155392, "elapsed_s": 4308.8, "coordination_ring_sparse20": 0.0, "coordination_ring_potter0_20": 0.4, "centre_pots_sparse20": 90.0, "centre_pots_potter0_20": 0.7}
[pair_G] {"steps": 4157440, "elapsed_s": 4311.1, "coordination_ring_sparse20": 0.0, "coordination_ring_potter0_20": 0.45, "centre_pots_sparse20": 90.0, "centre_pots_potter0_20": 0.65}
[pair_G] {"steps": 4159488, "elapsed_s": 4313.8, "coordination_ring_sparse20": 0.0, "coordination_ring_potter0_20": 0.5, "centre_pots_sparse20": 88.0, "centre_pots_potter0_20": 0.55}
[pair_G] {"steps": 4161536, "elapsed_s": 4316.2, "coordination_ring_sparse20": 0.0, "coordination_ring_potter0_20": 0.45, "centre_pots_sparse20": 83.0, "centre_pots_potter0_20": 0.55}
[pair_G] {"steps": 4163584, "elapsed_s": 4318.7, "coordination_ring_sparse20": 0.0, "coordination_ring_potter0_20": 0.5, "centre_pots_sparse20": 82.0, "centre_pots_potter0_20": 0.45}
[pair_G] {"steps": 4165632, "elapsed_s": 4321.1, "coordination_ring_sparse20": 0.0, "coordination_ring_potter0_20": 0.55, "centre_pots_sparse20": 77.0, "centre_pots_potter0_20": 0.45}
[pair_G] {"steps": 4167680, "elapsed_s": 4324.0, "coordination_ring_sparse20": 0.0, "coordination_ring_potter0_20": 0.55, "centre_pots_sparse20": 75.0, "centre_pots_potter0_20": 0.45}
[pair_G] {"steps": 4169728, "elapsed_s": 4326.3, "coordination_ring_sparse20": 0.0, "coordination_ring_potter0_20": 0.5, "centre_pots_sparse20": 76.0, "centre_pots_potter0_20": 0.5}
[pair_G] {"steps": 4171776, "elapsed_s": 4328.4, "coordination_ring_sparse20": 0.0, "coordination_ring_potter0_20": 0.4, "centre_pots_sparse20": 72.0, "centre_pots_potter0_20": 0.5}
[pair_G] {"steps": 4173824, "elapsed_s": 4330.8, "coordination_ring_sparse20": 0.0, "coordination_ring_potter0_20": 0.35, "centre_pots_sparse20": 74.0, "centre_pots_potter0_20": 0.6}
[pair_G] {"steps": 4175872, "elapsed_s": 4333.0, "coordination_ring_sparse20": 0.0, "coordination_ring_potter0_20": 0.4, "centre_pots_sparse20": 69.0, "centre_pots_potter0_20": 0.6}
[pair_G] {"steps": 4177920, "elapsed_s": 4335.6, "coordination_ring_sparse20": 0.0, "coordination_ring_potter0_20": 0.4, "centre_pots_sparse20": 77.0, "centre_pots_potter0_20": 0.55}
[pair_G] {"steps": 4179968, "elapsed_s": 4338.1, "coordination_ring_sparse20": 0.0, "coordination_ring_potter0_20": 0.45, "centre_pots_sparse20": 77.0, "centre_pots_potter0_20": 0.65}
[pair_G] {"steps": 4182016, "elapsed_s": 4340.6, "coordination_ring_sparse20": 0.0, "coordination_ring_potter0_20": 0.45, "centre_pots_sparse20": 81.0, "centre_pots_potter0_20": 0.7}
[pair_G] {"steps": 4184064, "elapsed_s": 4343.1, "coordination_ring_sparse20": 0.0, "coordination_ring_potter0_20": 0.5, "centre_pots_sparse20": 81.0, "centre_pots_potter0_20": 0.65}
[pair_G] {"steps": 4186112, "elapsed_s": 4345.6, "coordination_ring_sparse20": 0.0, "coordination_ring_potter0_20": 0.55, "centre_pots_sparse20": 86.0, "centre_pots_potter0_20": 0.65}
[pair_G] {"steps": 4188160, "elapsed_s": 4347.8, "coordination_ring_sparse20": 0.0, "coordination_ring_potter0_20": 0.6, "centre_pots_sparse20": 86.0, "centre_pots_potter0_20": 0.65}
[pair_G] {"steps": 4190208, "elapsed_s": 4350.8, "coordination_ring_sparse20": 0.0, "coordination_ring_potter0_20": 0.55, "centre_pots_sparse20": 90.0, "centre_pots_potter0_20": 0.55}
[pair_G] {"steps": 4192256, "elapsed_s": 4353.5, "coordination_ring_sparse20": 0.0, "coordination_ring_potter0_20": 0.5, "centre_pots_sparse20": 90.0, "centre_pots_potter0_20": 0.6}
[pair_G] {"steps": 4194304, "elapsed_s": 4355.8, "coordination_ring_sparse20": 0.0, "coordination_ring_potter0_20": 0.5, "centre_pots_sparse20": 87.0, "centre_pots_potter0_20": 0.6}
[pair_G] {"steps": 4196352, "elapsed_s": 4358.6, "coordination_ring_sparse20": 0.0, "coordination_ring_potter0_20": 0.45, "centre_pots_sparse20": 87.0, "centre_pots_potter0_20": 0.65}
[pair_G] {"steps": 4198400, "elapsed_s": 4361.0, "coordination_ring_sparse20": 0.0, "coordination_ring_potter0_20": 0.45, "centre_pots_sparse20": 87.0, "centre_pots_potter0_20": 0.7}
[pair_G] {"steps": 4200448, "elapsed_s": 4363.8, "coordination_ring_sparse20": 0.0, "coordination_ring_potter0_20": 0.45, "centre_pots_sparse20": 78.0, "centre_pots_potter0_20": 0.75}
[pair_G] {"steps": 4202496, "elapsed_s": 4365.9, "coordination_ring_sparse20": 0.0, "coordination_ring_potter0_20": 0.45, "centre_pots_sparse20": 78.0, "centre_pots_potter0_20": 0.75}
[pair_G] {"steps": 4204544, "elapsed_s": 4368.6, "coordination_ring_sparse20": 0.0, "coordination_ring_potter0_20": 0.45, "centre_pots_sparse20": 74.0, "centre_pots_potter0_20": 0.85}
[pair_G] {"steps": 4206592, "elapsed_s": 4370.7, "coordination_ring_sparse20": 0.0, "coordination_ring_potter0_20": 0.4, "centre_pots_sparse20": 75.0, "centre_pots_potter0_20": 0.85}
[pair_G] {"steps": 4208640, "elapsed_s": 4373.0, "coordination_ring_sparse20": 0.0, "coordination_ring_potter0_20": 0.4, "centre_pots_sparse20": 75.0, "centre_pots_potter0_20": 0.85}
[pair_G] {"steps": 4210688, "elapsed_s": 4374.9, "coordination_ring_sparse20": 0.0, "coordination_ring_potter0_20": 0.4, "centre_pots_sparse20": 74.0, "centre_pots_potter0_20": 0.85}
[pair_G] {"steps": 4212736, "elapsed_s": 4377.0, "coordination_ring_sparse20": 0.0, "coordination_ring_potter0_20": 0.45, "centre_pots_sparse20": 72.0, "centre_pots_potter0_20": 0.9}
[pair_G] {"steps": 4214784, "elapsed_s": 4379.8, "coordination_ring_sparse20": 0.0, "coordination_ring_potter0_20": 0.4, "centre_pots_sparse20": 64.0, "centre_pots_potter0_20": 0.9}
[pair_G] {"steps": 4216832, "elapsed_s": 4382.9, "coordination_ring_sparse20": 0.0, "coordination_ring_potter0_20": 0.45, "centre_pots_sparse20": 66.0, "centre_pots_potter0_20": 0.9}
[pair_G] {"steps": 4218880, "elapsed_s": 4385.0, "coordination_ring_sparse20": 0.0, "coordination_ring_potter0_20": 0.5, "centre_pots_sparse20": 67.0, "centre_pots_potter0_20": 0.85}
[pair_G] {"steps": 4220928, "elapsed_s": 4387.0, "coordination_ring_sparse20": 0.0, "coordination_ring_potter0_20": 0.5, "centre_pots_sparse20": 64.0, "centre_pots_potter0_20": 0.85}
[pair_G] {"steps": 4222976, "elapsed_s": 4389.2, "coordination_ring_sparse20": 0.0, "coordination_ring_potter0_20": 0.5, "centre_pots_sparse20": 66.0, "centre_pots_potter0_20": 0.85}
[pair_G] {"steps": 4225024, "elapsed_s": 4391.2, "coordination_ring_sparse20": 0.0, "coordination_ring_potter0_20": 0.6, "centre_pots_sparse20": 75.0, "centre_pots_potter0_20": 0.8}
[pair_G] {"steps": 4227072, "elapsed_s": 4393.6, "coordination_ring_sparse20": 0.0, "coordination_ring_potter0_20": 0.6, "centre_pots_sparse20": 81.0, "centre_pots_potter0_20": 0.75}
[pair_G] {"steps": 4229120, "elapsed_s": 4396.0, "coordination_ring_sparse20": 0.0, "coordination_ring_potter0_20": 0.55, "centre_pots_sparse20": 82.0, "centre_pots_potter0_20": 0.75}
[pair_G] {"steps": 4231168, "elapsed_s": 4398.6, "coordination_ring_sparse20": 0.0, "coordination_ring_potter0_20": 0.55, "centre_pots_sparse20": 83.0, "centre_pots_potter0_20": 0.75}
[pair_G] {"steps": 4233216, "elapsed_s": 4400.8, "coordination_ring_sparse20": 0.0, "coordination_ring_potter0_20": 0.6, "centre_pots_sparse20": 87.0, "centre_pots_potter0_20": 0.7}
[pair_G] {"steps": 4235264, "elapsed_s": 4403.2, "coordination_ring_sparse20": 0.0, "coordination_ring_potter0_20": 0.65, "centre_pots_sparse20": 86.0, "centre_pots_potter0_20": 0.65}
[pair_G] {"steps": 4237312, "elapsed_s": 4405.6, "coordination_ring_sparse20": 0.0, "coordination_ring_potter0_20": 0.6, "centre_pots_sparse20": 86.0, "centre_pots_potter0_20": 0.65}
[pair_G] {"steps": 4239360, "elapsed_s": 4408.4, "coordination_ring_sparse20": 0.0, "coordination_ring_potter0_20": 0.55, "centre_pots_sparse20": 94.0, "centre_pots_potter0_20": 0.7}
[pair_G] {"steps": 4241408, "elapsed_s": 4411.0, "coordination_ring_sparse20": 0.0, "coordination_ring_potter0_20": 0.6, "centre_pots_sparse20": 98.0, "centre_pots_potter0_20": 0.7}
[pair_G] {"steps": 4243456, "elapsed_s": 4413.5, "coordination_ring_sparse20": 0.0, "coordination_ring_potter0_20": 0.5, "centre_pots_sparse20": 101.0, "centre_pots_potter0_20": 0.75}
[pair_G] {"steps": 4245504, "elapsed_s": 4416.6, "coordination_ring_sparse20": 0.0, "coordination_ring_potter0_20": 0.45, "centre_pots_sparse20": 94.0, "centre_pots_potter0_20": 0.85}
[pair_G] {"steps": 4247552, "elapsed_s": 4419.2, "coordination_ring_sparse20": 0.0, "coordination_ring_potter0_20": 0.45, "centre_pots_sparse20": 96.0, "centre_pots_potter0_20": 0.9}
[pair_G] {"steps": 4249600, "elapsed_s": 4421.9, "coordination_ring_sparse20": 0.0, "coordination_ring_potter0_20": 0.25, "centre_pots_sparse20": 97.0, "centre_pots_potter0_20": 0.85}
[pair_G] {"steps": 4251648, "elapsed_s": 4424.7, "coordination_ring_sparse20": 0.0, "coordination_ring_potter0_20": 0.25, "centre_pots_sparse20": 95.0, "centre_pots_potter0_20": 0.85}
[pair_G] {"steps": 4253696, "elapsed_s": 4427.2, "coordination_ring_sparse20": 0.0, "coordination_ring_potter0_20": 0.25, "centre_pots_sparse20": 96.0, "centre_pots_potter0_20": 0.9}
[pair_G] {"steps": 4255744, "elapsed_s": 4429.7, "coordination_ring_sparse20": 0.0, "coordination_ring_potter0_20": 0.2, "centre_pots_sparse20": 89.0, "centre_pots_potter0_20": 0.9}
[pair_G] {"steps": 4257792, "elapsed_s": 4432.4, "coordination_ring_sparse20": 0.0, "coordination_ring_potter0_20": 0.3, "centre_pots_sparse20": 87.0, "centre_pots_potter0_20": 0.85}
[pair_G] {"steps": 4259840, "elapsed_s": 4435.0, "coordination_ring_sparse20": 0.0, "coordination_ring_potter0_20": 0.25, "centre_pots_sparse20": 84.0, "centre_pots_potter0_20": 0.8}
[pair_G] {"steps": 4261888, "elapsed_s": 4437.9, "coordination_ring_sparse20": 0.0, "coordination_ring_potter0_20": 0.25, "centre_pots_sparse20": 86.0, "centre_pots_potter0_20": 0.75}
[pair_G] {"steps": 4263936, "elapsed_s": 4440.6, "coordination_ring_sparse20": 0.0, "coordination_ring_potter0_20": 0.3, "centre_pots_sparse20": 86.0, "centre_pots_potter0_20": 0.75}
[pair_G] {"steps": 4265984, "elapsed_s": 4443.6, "coordination_ring_sparse20": 0.0, "coordination_ring_potter0_20": 0.3, "centre_pots_sparse20": 79.0, "centre_pots_potter0_20": 0.85}
[pair_G] {"steps": 4268032, "elapsed_s": 4446.4, "coordination_ring_sparse20": 0.0, "coordination_ring_potter0_20": 0.35, "centre_pots_sparse20": 79.0, "centre_pots_potter0_20": 0.85}
[pair_G] {"steps": 4270080, "elapsed_s": 4449.3, "coordination_ring_sparse20": 0.0, "coordination_ring_potter0_20": 0.4, "centre_pots_sparse20": 81.0, "centre_pots_potter0_20": 0.85}
[pair_G] {"steps": 4272128, "elapsed_s": 4451.8, "coordination_ring_sparse20": 0.0, "coordination_ring_potter0_20": 0.45, "centre_pots_sparse20": 80.0, "centre_pots_potter0_20": 0.8}
[pair_G] {"steps": 4274176, "elapsed_s": 4454.7, "coordination_ring_sparse20": 0.0, "coordination_ring_potter0_20": 0.45, "centre_pots_sparse20": 84.0, "centre_pots_potter0_20": 0.9}
[pair_G] {"steps": 4276224, "elapsed_s": 4457.3, "coordination_ring_sparse20": 0.0, "coordination_ring_potter0_20": 0.45, "centre_pots_sparse20": 84.0, "centre_pots_potter0_20": 0.9}
[pair_G] {"steps": 4278272, "elapsed_s": 4459.8, "coordination_ring_sparse20": 0.0, "coordination_ring_potter0_20": 0.5, "centre_pots_sparse20": 85.0, "centre_pots_potter0_20": 0.95}
[pair_G] {"steps": 4280320, "elapsed_s": 4462.6, "coordination_ring_sparse20": 0.0, "coordination_ring_potter0_20": 0.5, "centre_pots_sparse20": 84.0, "centre_pots_potter0_20": 0.95}
[pair_G] {"steps": 4282368, "elapsed_s": 4464.9, "coordination_ring_sparse20": 0.0, "coordination_ring_potter0_20": 0.45, "centre_pots_sparse20": 87.0, "centre_pots_potter0_20": 0.95}
[pair_G] {"steps": 4284416, "elapsed_s": 4467.9, "coordination_ring_sparse20": 0.0, "coordination_ring_potter0_20": 0.45, "centre_pots_sparse20": 90.0, "centre_pots_potter0_20": 0.95}
[pair_G] {"steps": 4286464, "elapsed_s": 4470.9, "coordination_ring_sparse20": 0.0, "coordination_ring_potter0_20": 0.5, "centre_pots_sparse20": 87.0, "centre_pots_potter0_20": 0.9}
[pair_G] {"steps": 4288512, "elapsed_s": 4473.3, "coordination_ring_sparse20": 0.0, "coordination_ring_potter0_20": 0.5, "centre_pots_sparse20": 88.0, "centre_pots_potter0_20": 0.9}
[pair_G] {"steps": 4290560, "elapsed_s": 4475.6, "coordination_ring_sparse20": 0.0, "coordination_ring_potter0_20": 0.5, "centre_pots_sparse20": 87.0, "centre_pots_potter0_20": 0.95}
[pair_G] {"steps": 4292608, "elapsed_s": 4478.5, "coordination_ring_sparse20": 0.0, "coordination_ring_potter0_20": 0.5, "centre_pots_sparse20": 85.0, "centre_pots_potter0_20": 0.95}
[pair_G] {"steps": 4294656, "elapsed_s": 4481.1, "coordination_ring_sparse20": 0.0, "coordination_ring_potter0_20": 0.45, "centre_pots_sparse20": 88.0, "centre_pots_potter0_20": 0.9}
[pair_G] {"steps": 4296704, "elapsed_s": 4484.0, "coordination_ring_sparse20": 0.0, "coordination_ring_potter0_20": 0.45, "centre_pots_sparse20": 85.0, "centre_pots_potter0_20": 0.85}
[pair_G] {"steps": 4298752, "elapsed_s": 4485.9, "coordination_ring_sparse20": 0.0, "coordination_ring_potter0_20": 0.45, "centre_pots_sparse20": 85.0, "centre_pots_potter0_20": 0.85}
[pair_G] {"steps": 4300800, "elapsed_s": 4487.9, "coordination_ring_sparse20": 0.0, "coordination_ring_potter0_20": 0.5, "centre_pots_sparse20": 90.0, "centre_pots_potter0_20": 0.8}
[pair_G] {"steps": 4302848, "elapsed_s": 4490.5, "coordination_ring_sparse20": 0.0, "coordination_ring_potter0_20": 0.55, "centre_pots_sparse20": 87.0, "centre_pots_potter0_20": 0.8}
[pair_G] {"steps": 4304896, "elapsed_s": 4492.7, "coordination_ring_sparse20": 0.0, "coordination_ring_potter0_20": 0.55, "centre_pots_sparse20": 88.0, "centre_pots_potter0_20": 0.7}
[pair_G] {"steps": 4306944, "elapsed_s": 4494.8, "coordination_ring_sparse20": 0.0, "coordination_ring_potter0_20": 0.5, "centre_pots_sparse20": 87.0, "centre_pots_potter0_20": 0.7}
[pair_G] {"steps": 4308992, "elapsed_s": 4497.1, "coordination_ring_sparse20": 0.0, "coordination_ring_potter0_20": 0.6, "centre_pots_sparse20": 87.0, "centre_pots_potter0_20": 0.7}
[pair_G] {"steps": 4311040, "elapsed_s": 4499.6, "coordination_ring_sparse20": 0.0, "coordination_ring_potter0_20": 0.6, "centre_pots_sparse20": 87.0, "centre_pots_potter0_20": 0.65}
[pair_G] {"steps": 4313088, "elapsed_s": 4502.6, "coordination_ring_sparse20": 0.0, "coordination_ring_potter0_20": 0.55, "centre_pots_sparse20": 84.0, "centre_pots_potter0_20": 0.55}
[pair_G] {"steps": 4315136, "elapsed_s": 4506.3, "coordination_ring_sparse20": 0.0, "coordination_ring_potter0_20": 0.55, "centre_pots_sparse20": 74.0, "centre_pots_potter0_20": 0.6}
[pair_G] {"steps": 4317184, "elapsed_s": 4508.7, "coordination_ring_sparse20": 0.0, "coordination_ring_potter0_20": 0.6, "centre_pots_sparse20": 72.0, "centre_pots_potter0_20": 0.6}
[pair_G] {"steps": 4319232, "elapsed_s": 4511.2, "coordination_ring_sparse20": 0.0, "coordination_ring_potter0_20": 0.6, "centre_pots_sparse20": 73.0, "centre_pots_potter0_20": 0.6}
[pair_G] {"steps": 4321280, "elapsed_s": 4513.9, "coordination_ring_sparse20": 0.0, "coordination_ring_potter0_20": 0.65, "centre_pots_sparse20": 78.0, "centre_pots_potter0_20": 0.65}
[pair_G] {"steps": 4323328, "elapsed_s": 4516.4, "coordination_ring_sparse20": 0.0, "coordination_ring_potter0_20": 0.65, "centre_pots_sparse20": 81.0, "centre_pots_potter0_20": 0.7}
[pair_G] {"steps": 4325376, "elapsed_s": 4518.8, "coordination_ring_sparse20": 0.0, "coordination_ring_potter0_20": 0.55, "centre_pots_sparse20": 86.0, "centre_pots_potter0_20": 0.8}
[pair_G] {"steps": 4327424, "elapsed_s": 4521.4, "coordination_ring_sparse20": 0.0, "coordination_ring_potter0_20": 0.6, "centre_pots_sparse20": 89.0, "centre_pots_potter0_20": 0.75}
[pair_G] {"steps": 4329472, "elapsed_s": 4523.7, "coordination_ring_sparse20": 0.0, "coordination_ring_potter0_20": 0.45, "centre_pots_sparse20": 93.0, "centre_pots_potter0_20": 0.7}
[pair_G] {"steps": 4331520, "elapsed_s": 4526.5, "coordination_ring_sparse20": 0.0, "coordination_ring_potter0_20": 0.5, "centre_pots_sparse20": 98.0, "centre_pots_potter0_20": 0.65}
[pair_G] {"steps": 4333568, "elapsed_s": 4528.8, "coordination_ring_sparse20": 0.0, "coordination_ring_potter0_20": 0.5, "centre_pots_sparse20": 100.0, "centre_pots_potter0_20": 0.7}
[pair_G] {"steps": 4335616, "elapsed_s": 4531.8, "coordination_ring_sparse20": 0.0, "coordination_ring_potter0_20": 0.5, "centre_pots_sparse20": 96.0, "centre_pots_potter0_20": 0.75}
[pair_G] {"steps": 4337664, "elapsed_s": 4534.4, "coordination_ring_sparse20": 0.0, "coordination_ring_potter0_20": 0.5, "centre_pots_sparse20": 85.0, "centre_pots_potter0_20": 0.75}
[pair_G] {"steps": 4339712, "elapsed_s": 4536.6, "coordination_ring_sparse20": 0.0, "coordination_ring_potter0_20": 0.5, "centre_pots_sparse20": 86.0, "centre_pots_potter0_20": 0.75}
[pair_G] {"steps": 4341760, "elapsed_s": 4539.0, "coordination_ring_sparse20": 0.0, "coordination_ring_potter0_20": 0.55, "centre_pots_sparse20": 86.0, "centre_pots_potter0_20": 0.7}
[pair_G] {"steps": 4343808, "elapsed_s": 4541.3, "coordination_ring_sparse20": 0.0, "coordination_ring_potter0_20": 0.55, "centre_pots_sparse20": 84.0, "centre_pots_potter0_20": 0.7}
[pair_G] {"steps": 4345856, "elapsed_s": 4543.5, "coordination_ring_sparse20": 0.0, "coordination_ring_potter0_20": 0.5, "centre_pots_sparse20": 82.0, "centre_pots_potter0_20": 0.65}
[pair_G] {"steps": 4347904, "elapsed_s": 4545.8, "coordination_ring_sparse20": 0.0, "coordination_ring_potter0_20": 0.5, "centre_pots_sparse20": 80.0, "centre_pots_potter0_20": 0.65}
[pair_G] {"steps": 4349952, "elapsed_s": 4548.3, "coordination_ring_sparse20": 0.0, "coordination_ring_potter0_20": 0.45, "centre_pots_sparse20": 77.0, "centre_pots_potter0_20": 0.7}
[pair_G] {"steps": 4352000, "elapsed_s": 4550.7, "coordination_ring_sparse20": 0.0, "coordination_ring_potter0_20": 0.45, "centre_pots_sparse20": 75.0, "centre_pots_potter0_20": 0.7}
[pair_G] {"steps": 4354048, "elapsed_s": 4553.2, "coordination_ring_sparse20": 0.0, "coordination_ring_potter0_20": 0.45, "centre_pots_sparse20": 71.0, "centre_pots_potter0_20": 0.75}
[pair_G] {"steps": 4356096, "elapsed_s": 4556.4, "coordination_ring_sparse20": 0.0, "coordination_ring_potter0_20": 0.5, "centre_pots_sparse20": 73.0, "centre_pots_potter0_20": 0.65}
[pair_G] {"steps": 4358144, "elapsed_s": 4558.9, "coordination_ring_sparse20": 0.0, "coordination_ring_potter0_20": 0.45, "centre_pots_sparse20": 73.0, "centre_pots_potter0_20": 0.6}
[pair_G] {"steps": 4360192, "elapsed_s": 4562.1, "coordination_ring_sparse20": 0.0, "coordination_ring_potter0_20": 0.35, "centre_pots_sparse20": 68.0, "centre_pots_potter0_20": 0.55}
[pair_G] {"steps": 4362240, "elapsed_s": 4564.2, "coordination_ring_sparse20": 0.0, "coordination_ring_potter0_20": 0.45, "centre_pots_sparse20": 69.0, "centre_pots_potter0_20": 0.55}
[pair_G] {"steps": 4364288, "elapsed_s": 4566.6, "coordination_ring_sparse20": 0.0, "coordination_ring_potter0_20": 0.45, "centre_pots_sparse20": 65.0, "centre_pots_potter0_20": 0.6}
[pair_G] {"steps": 4366336, "elapsed_s": 4570.0, "coordination_ring_sparse20": 0.0, "coordination_ring_potter0_20": 0.45, "centre_pots_sparse20": 60.0, "centre_pots_potter0_20": 0.65}
[pair_G] {"steps": 4368384, "elapsed_s": 4573.6, "coordination_ring_sparse20": 0.0, "coordination_ring_potter0_20": 0.45, "centre_pots_sparse20": 59.0, "centre_pots_potter0_20": 0.6}
[pair_G] {"steps": 4370432, "elapsed_s": 4576.8, "coordination_ring_sparse20": 0.0, "coordination_ring_potter0_20": 0.45, "centre_pots_sparse20": 59.0, "centre_pots_potter0_20": 0.5}
[pair_G] {"steps": 4372480, "elapsed_s": 4579.5, "coordination_ring_sparse20": 0.0, "coordination_ring_potter0_20": 0.5, "centre_pots_sparse20": 55.0, "centre_pots_potter0_20": 0.45}
[pair_G] {"steps": 4374528, "elapsed_s": 4582.3, "coordination_ring_sparse20": 0.0, "coordination_ring_potter0_20": 0.5, "centre_pots_sparse20": 56.0, "centre_pots_potter0_20": 0.4}
[pair_G] {"steps": 4376576, "elapsed_s": 4585.4, "coordination_ring_sparse20": 0.0, "coordination_ring_potter0_20": 0.5, "centre_pots_sparse20": 59.0, "centre_pots_potter0_20": 0.45}
[pair_G] {"steps": 4378624, "elapsed_s": 4588.7, "coordination_ring_sparse20": 0.0, "coordination_ring_potter0_20": 0.5, "centre_pots_sparse20": 60.0, "centre_pots_potter0_20": 0.35}
[pair_G] {"steps": 4380672, "elapsed_s": 4591.6, "coordination_ring_sparse20": 0.0, "coordination_ring_potter0_20": 0.5, "centre_pots_sparse20": 65.0, "centre_pots_potter0_20": 0.35}
[pair_G] {"steps": 4382720, "elapsed_s": 4594.4, "coordination_ring_sparse20": 0.0, "coordination_ring_potter0_20": 0.55, "centre_pots_sparse20": 66.0, "centre_pots_potter0_20": 0.35}
[pair_G] {"steps": 4384768, "elapsed_s": 4597.4, "coordination_ring_sparse20": 0.0, "coordination_ring_potter0_20": 0.5, "centre_pots_sparse20": 67.0, "centre_pots_potter0_20": 0.35}
[pair_G] {"steps": 4386816, "elapsed_s": 4600.5, "coordination_ring_sparse20": 0.0, "coordination_ring_potter0_20": 0.55, "centre_pots_sparse20": 75.0, "centre_pots_potter0_20": 0.4}
[pair_G] {"steps": 4388864, "elapsed_s": 4604.1, "coordination_ring_sparse20": 0.0, "coordination_ring_potter0_20": 0.55, "centre_pots_sparse20": 76.0, "centre_pots_potter0_20": 0.45}
[pair_G] {"steps": 4390912, "elapsed_s": 4607.0, "coordination_ring_sparse20": 0.0, "coordination_ring_potter0_20": 0.55, "centre_pots_sparse20": 80.0, "centre_pots_potter0_20": 0.4}
[pair_G] {"steps": 4392960, "elapsed_s": 4609.9, "coordination_ring_sparse20": 0.0, "coordination_ring_potter0_20": 0.45, "centre_pots_sparse20": 79.0, "centre_pots_potter0_20": 0.35}
[pair_G] {"steps": 4395008, "elapsed_s": 4612.9, "coordination_ring_sparse20": 0.0, "coordination_ring_potter0_20": 0.4, "centre_pots_sparse20": 83.0, "centre_pots_potter0_20": 0.3}
[pair_G] {"steps": 4397056, "elapsed_s": 4616.1, "coordination_ring_sparse20": 0.0, "coordination_ring_potter0_20": 0.35, "centre_pots_sparse20": 89.0, "centre_pots_potter0_20": 0.4}
[pair_G] {"steps": 4399104, "elapsed_s": 4619.1, "coordination_ring_sparse20": 0.0, "coordination_ring_potter0_20": 0.35, "centre_pots_sparse20": 89.0, "centre_pots_potter0_20": 0.5}
[pair_G] {"steps": 4401152, "elapsed_s": 4622.9, "coordination_ring_sparse20": 0.0, "coordination_ring_potter0_20": 0.35, "centre_pots_sparse20": 87.0, "centre_pots_potter0_20": 0.5}
[pair_G] {"steps": 4403200, "elapsed_s": 4626.4, "coordination_ring_sparse20": 0.0, "coordination_ring_potter0_20": 0.4, "centre_pots_sparse20": 87.0, "centre_pots_potter0_20": 0.6}
[pair_G] {"steps": 4405248, "elapsed_s": 4629.7, "coordination_ring_sparse20": 0.0, "coordination_ring_potter0_20": 0.45, "centre_pots_sparse20": 87.0, "centre_pots_potter0_20": 0.55}
[pair_G] {"steps": 4407296, "elapsed_s": 4633.3, "coordination_ring_sparse20": 0.0, "coordination_ring_potter0_20": 0.45, "centre_pots_sparse20": 80.0, "centre_pots_potter0_20": 0.6}
[pair_G] {"steps": 4409344, "elapsed_s": 4636.5, "coordination_ring_sparse20": 0.0, "coordination_ring_potter0_20": 0.4, "centre_pots_sparse20": 78.0, "centre_pots_potter0_20": 0.5}
[pair_G] {"steps": 4411392, "elapsed_s": 4639.6, "coordination_ring_sparse20": 0.0, "coordination_ring_potter0_20": 0.4, "centre_pots_sparse20": 75.0, "centre_pots_potter0_20": 0.5}
[pair_G] {"steps": 4413440, "elapsed_s": 4642.5, "coordination_ring_sparse20": 0.0, "coordination_ring_potter0_20": 0.35, "centre_pots_sparse20": 78.0, "centre_pots_potter0_20": 0.45}
[pair_G] {"steps": 4415488, "elapsed_s": 4644.9, "coordination_ring_sparse20": 0.0, "coordination_ring_potter0_20": 0.4, "centre_pots_sparse20": 78.0, "centre_pots_potter0_20": 0.45}
[pair_G] {"steps": 4417536, "elapsed_s": 4648.0, "coordination_ring_sparse20": 0.0, "coordination_ring_potter0_20": 0.45, "centre_pots_sparse20": 74.0, "centre_pots_potter0_20": 0.4}
[pair_G] {"steps": 4419584, "elapsed_s": 4650.4, "coordination_ring_sparse20": 0.0, "coordination_ring_potter0_20": 0.55, "centre_pots_sparse20": 71.0, "centre_pots_potter0_20": 0.45}
[pair_G] {"steps": 4421632, "elapsed_s": 4653.0, "coordination_ring_sparse20": 0.0, "coordination_ring_potter0_20": 0.5, "centre_pots_sparse20": 71.0, "centre_pots_potter0_20": 0.45}
[pair_G] {"steps": 4423680, "elapsed_s": 4655.8, "coordination_ring_sparse20": 0.0, "coordination_ring_potter0_20": 0.55, "centre_pots_sparse20": 71.0, "centre_pots_potter0_20": 0.5}
[pair_G] {"steps": 4425728, "elapsed_s": 4658.9, "coordination_ring_sparse20": 0.0, "coordination_ring_potter0_20": 0.6, "centre_pots_sparse20": 68.0, "centre_pots_potter0_20": 0.55}
[pair_G] {"steps": 4427776, "elapsed_s": 4661.7, "coordination_ring_sparse20": 0.0, "coordination_ring_potter0_20": 0.6, "centre_pots_sparse20": 71.0, "centre_pots_potter0_20": 0.4}
[pair_G] {"steps": 4429824, "elapsed_s": 4664.8, "coordination_ring_sparse20": 0.0, "coordination_ring_potter0_20": 0.5, "centre_pots_sparse20": 69.0, "centre_pots_potter0_20": 0.4}
[pair_G] {"steps": 4431872, "elapsed_s": 4668.4, "coordination_ring_sparse20": 0.0, "coordination_ring_potter0_20": 0.55, "centre_pots_sparse20": 75.0, "centre_pots_potter0_20": 0.45}
[pair_G] {"steps": 4433920, "elapsed_s": 4671.2, "coordination_ring_sparse20": 0.0, "coordination_ring_potter0_20": 0.5, "centre_pots_sparse20": 83.0, "centre_pots_potter0_20": 0.5}
[pair_G] {"steps": 4435968, "elapsed_s": 4674.6, "coordination_ring_sparse20": 0.0, "coordination_ring_potter0_20": 0.5, "centre_pots_sparse20": 85.0, "centre_pots_potter0_20": 0.55}
[pair_G] {"steps": 4438016, "elapsed_s": 4677.3, "coordination_ring_sparse20": 0.0, "coordination_ring_potter0_20": 0.4, "centre_pots_sparse20": 91.0, "centre_pots_potter0_20": 0.5}
[pair_G] {"steps": 4440064, "elapsed_s": 4680.4, "coordination_ring_sparse20": 0.0, "coordination_ring_potter0_20": 0.4, "centre_pots_sparse20": 96.0, "centre_pots_potter0_20": 0.6}
[pair_G] {"steps": 4442112, "elapsed_s": 4684.0, "coordination_ring_sparse20": 0.0, "coordination_ring_potter0_20": 0.4, "centre_pots_sparse20": 98.0, "centre_pots_potter0_20": 0.7}
[pair_G] {"steps": 4444160, "elapsed_s": 4687.5, "coordination_ring_sparse20": 0.0, "coordination_ring_potter0_20": 0.45, "centre_pots_sparse20": 94.0, "centre_pots_potter0_20": 0.75}
[pair_G] {"steps": 4446208, "elapsed_s": 4690.1, "coordination_ring_sparse20": 0.0, "coordination_ring_potter0_20": 0.5, "centre_pots_sparse20": 93.0, "centre_pots_potter0_20": 0.75}
[pair_G] {"steps": 4448256, "elapsed_s": 4693.1, "coordination_ring_sparse20": 0.0, "coordination_ring_potter0_20": 0.4, "centre_pots_sparse20": 95.0, "centre_pots_potter0_20": 0.8}
[pair_G] {"steps": 4450304, "elapsed_s": 4696.4, "coordination_ring_sparse20": 0.0, "coordination_ring_potter0_20": 0.4, "centre_pots_sparse20": 91.0, "centre_pots_potter0_20": 0.9}
[pair_G] {"steps": 4452352, "elapsed_s": 4699.5, "coordination_ring_sparse20": 0.0, "coordination_ring_potter0_20": 0.45, "centre_pots_sparse20": 87.0, "centre_pots_potter0_20": 0.9}
[pair_G] {"steps": 4454400, "elapsed_s": 4703.1, "coordination_ring_sparse20": 0.0, "coordination_ring_potter0_20": 0.35, "centre_pots_sparse20": 86.0, "centre_pots_potter0_20": 0.95}
[pair_G] {"steps": 4456448, "elapsed_s": 4706.7, "coordination_ring_sparse20": 0.0, "coordination_ring_potter0_20": 0.4, "centre_pots_sparse20": 86.0, "centre_pots_potter0_20": 0.9}
[pair_G] {"steps": 4458496, "elapsed_s": 4710.0, "coordination_ring_sparse20": 0.0, "coordination_ring_potter0_20": 0.5, "centre_pots_sparse20": 86.0, "centre_pots_potter0_20": 0.85}
[pair_G] {"steps": 4460544, "elapsed_s": 4713.1, "coordination_ring_sparse20": 0.0, "coordination_ring_potter0_20": 0.55, "centre_pots_sparse20": 86.0, "centre_pots_potter0_20": 0.85}
[pair_G] {"steps": 4462592, "elapsed_s": 4716.2, "coordination_ring_sparse20": 0.0, "coordination_ring_potter0_20": 0.45, "centre_pots_sparse20": 82.0, "centre_pots_potter0_20": 0.85}
[pair_G] {"steps": 4464640, "elapsed_s": 4719.1, "coordination_ring_sparse20": 0.0, "coordination_ring_potter0_20": 0.55, "centre_pots_sparse20": 79.0, "centre_pots_potter0_20": 0.9}
[pair_G] {"steps": 4466688, "elapsed_s": 4722.7, "coordination_ring_sparse20": 0.0, "coordination_ring_potter0_20": 0.55, "centre_pots_sparse20": 79.0, "centre_pots_potter0_20": 0.9}
[pair_G] {"steps": 4468736, "elapsed_s": 4726.0, "coordination_ring_sparse20": 0.0, "coordination_ring_potter0_20": 0.65, "centre_pots_sparse20": 86.0, "centre_pots_potter0_20": 0.9}
[pair_G] {"steps": 4470784, "elapsed_s": 4729.2, "coordination_ring_sparse20": 0.0, "coordination_ring_potter0_20": 0.65, "centre_pots_sparse20": 89.0, "centre_pots_potter0_20": 0.95}
[pair_G] {"steps": 4472832, "elapsed_s": 4732.9, "coordination_ring_sparse20": 0.0, "coordination_ring_potter0_20": 0.65, "centre_pots_sparse20": 86.0, "centre_pots_potter0_20": 0.95}
[pair_G] {"steps": 4474880, "elapsed_s": 4736.8, "coordination_ring_sparse20": 0.0, "coordination_ring_potter0_20": 0.65, "centre_pots_sparse20": 94.0, "centre_pots_potter0_20": 1.0}
[pair_G] {"steps": 4476928, "elapsed_s": 4739.8, "coordination_ring_sparse20": 0.0, "coordination_ring_potter0_20": 0.55, "centre_pots_sparse20": 100.0, "centre_pots_potter0_20": 1.0}
[pair_G] {"steps": 4478976, "elapsed_s": 4742.7, "coordination_ring_sparse20": 0.0, "coordination_ring_potter0_20": 0.55, "centre_pots_sparse20": 98.0, "centre_pots_potter0_20": 1.0}
[pair_G] {"steps": 4481024, "elapsed_s": 4745.6, "coordination_ring_sparse20": 0.0, "coordination_ring_potter0_20": 0.55, "centre_pots_sparse20": 97.0, "centre_pots_potter0_20": 0.95}
[pair_G] {"steps": 4483072, "elapsed_s": 4748.9, "coordination_ring_sparse20": 0.0, "coordination_ring_potter0_20": 0.45, "centre_pots_sparse20": 95.0, "centre_pots_potter0_20": 0.95}
[pair_G] {"steps": 4485120, "elapsed_s": 4751.9, "coordination_ring_sparse20": 0.0, "coordination_ring_potter0_20": 0.4, "centre_pots_sparse20": 100.0, "centre_pots_potter0_20": 0.9}
[pair_G] {"steps": 4487168, "elapsed_s": 4754.9, "coordination_ring_sparse20": 0.0, "coordination_ring_potter0_20": 0.45, "centre_pots_sparse20": 96.0, "centre_pots_potter0_20": 0.85}
[pair_G] {"steps": 4489216, "elapsed_s": 4757.9, "coordination_ring_sparse20": 0.0, "coordination_ring_potter0_20": 0.35, "centre_pots_sparse20": 100.0, "centre_pots_potter0_20": 0.85}
[pair_G] {"steps": 4491264, "elapsed_s": 4761.5, "coordination_ring_sparse20": 0.0, "coordination_ring_potter0_20": 0.35, "centre_pots_sparse20": 97.0, "centre_pots_potter0_20": 0.8}
[pair_G] {"steps": 4493312, "elapsed_s": 4764.9, "coordination_ring_sparse20": 0.0, "coordination_ring_potter0_20": 0.3, "centre_pots_sparse20": 101.0, "centre_pots_potter0_20": 0.8}
[pair_G] {"steps": 4495360, "elapsed_s": 4768.2, "coordination_ring_sparse20": 0.0, "coordination_ring_potter0_20": 0.35, "centre_pots_sparse20": 91.0, "centre_pots_potter0_20": 0.8}
[pair_G] {"steps": 4497408, "elapsed_s": 4770.9, "coordination_ring_sparse20": 0.0, "coordination_ring_potter0_20": 0.35, "centre_pots_sparse20": 91.0, "centre_pots_potter0_20": 0.8}
[pair_G] {"steps": 4499456, "elapsed_s": 4773.9, "coordination_ring_sparse20": 0.0, "coordination_ring_potter0_20": 0.45, "centre_pots_sparse20": 86.0, "centre_pots_potter0_20": 0.85}
[pair_G] {"steps": 4501504, "elapsed_s": 4777.1, "coordination_ring_sparse20": 0.0, "coordination_ring_potter0_20": 0.45, "centre_pots_sparse20": 86.0, "centre_pots_potter0_20": 0.9}
[pair_G] {"steps": 4503552, "elapsed_s": 4780.0, "coordination_ring_sparse20": 0.0, "coordination_ring_potter0_20": 0.45, "centre_pots_sparse20": 90.0, "centre_pots_potter0_20": 0.9}
[pair_G] {"steps": 4505600, "elapsed_s": 4783.2, "coordination_ring_sparse20": 0.0, "coordination_ring_potter0_20": 0.5, "centre_pots_sparse20": 92.0, "centre_pots_potter0_20": 0.95}
[pair_G] {"steps": 4507648, "elapsed_s": 4786.3, "coordination_ring_sparse20": 0.0, "coordination_ring_potter0_20": 0.45, "centre_pots_sparse20": 92.0, "centre_pots_potter0_20": 0.95}
[pair_G] {"steps": 4509696, "elapsed_s": 4789.5, "coordination_ring_sparse20": 0.0, "coordination_ring_potter0_20": 0.45, "centre_pots_sparse20": 89.0, "centre_pots_potter0_20": 1.0}
[pair_G] {"steps": 4511744, "elapsed_s": 4793.2, "coordination_ring_sparse20": 0.0, "coordination_ring_potter0_20": 0.45, "centre_pots_sparse20": 80.0, "centre_pots_potter0_20": 0.95}
[pair_G] {"steps": 4513792, "elapsed_s": 4796.2, "coordination_ring_sparse20": 0.0, "coordination_ring_potter0_20": 0.45, "centre_pots_sparse20": 86.0, "centre_pots_potter0_20": 0.95}
[pair_G] {"steps": 4515840, "elapsed_s": 4799.1, "coordination_ring_sparse20": 0.0, "coordination_ring_potter0_20": 0.5, "centre_pots_sparse20": 94.0, "centre_pots_potter0_20": 0.95}
[pair_G] {"steps": 4517888, "elapsed_s": 4801.8, "coordination_ring_sparse20": 0.0, "coordination_ring_potter0_20": 0.35, "centre_pots_sparse20": 94.0, "centre_pots_potter0_20": 0.95}
[pair_G] {"steps": 4519936, "elapsed_s": 4804.6, "coordination_ring_sparse20": 0.0, "coordination_ring_potter0_20": 0.4, "centre_pots_sparse20": 94.0, "centre_pots_potter0_20": 0.95}
[pair_G] {"steps": 4521984, "elapsed_s": 4807.2, "coordination_ring_sparse20": 0.0, "coordination_ring_potter0_20": 0.5, "centre_pots_sparse20": 94.0, "centre_pots_potter0_20": 0.95}
[pair_G] {"steps": 4524032, "elapsed_s": 4810.6, "coordination_ring_sparse20": 0.0, "coordination_ring_potter0_20": 0.5, "centre_pots_sparse20": 95.0, "centre_pots_potter0_20": 0.85}
[pair_G] {"steps": 4526080, "elapsed_s": 4813.7, "coordination_ring_sparse20": 0.0, "coordination_ring_potter0_20": 0.55, "centre_pots_sparse20": 94.0, "centre_pots_potter0_20": 0.8}
[pair_G] {"steps": 4528128, "elapsed_s": 4817.1, "coordination_ring_sparse20": 0.0, "coordination_ring_potter0_20": 0.55, "centre_pots_sparse20": 96.0, "centre_pots_potter0_20": 0.8}
[pair_G] {"steps": 4530176, "elapsed_s": 4819.8, "coordination_ring_sparse20": 0.0, "coordination_ring_potter0_20": 0.55, "centre_pots_sparse20": 90.0, "centre_pots_potter0_20": 0.75}
[pair_G] {"steps": 4532224, "elapsed_s": 4823.4, "coordination_ring_sparse20": 0.0, "coordination_ring_potter0_20": 0.6, "centre_pots_sparse20": 95.0, "centre_pots_potter0_20": 0.7}
[pair_G] {"steps": 4534272, "elapsed_s": 4825.7, "coordination_ring_sparse20": 0.0, "coordination_ring_potter0_20": 0.65, "centre_pots_sparse20": 97.0, "centre_pots_potter0_20": 0.7}
[pair_G] {"steps": 4536320, "elapsed_s": 4828.9, "coordination_ring_sparse20": 0.0, "coordination_ring_potter0_20": 0.55, "centre_pots_sparse20": 93.0, "centre_pots_potter0_20": 0.7}
[pair_G] {"steps": 4538368, "elapsed_s": 4831.8, "coordination_ring_sparse20": 0.0, "coordination_ring_potter0_20": 0.5, "centre_pots_sparse20": 90.0, "centre_pots_potter0_20": 0.7}
[pair_G] {"steps": 4540416, "elapsed_s": 4835.5, "coordination_ring_sparse20": 0.0, "coordination_ring_potter0_20": 0.55, "centre_pots_sparse20": 89.0, "centre_pots_potter0_20": 0.7}
[pair_G] {"steps": 4542464, "elapsed_s": 4838.7, "coordination_ring_sparse20": 0.0, "coordination_ring_potter0_20": 0.55, "centre_pots_sparse20": 89.0, "centre_pots_potter0_20": 0.75}
[pair_G] {"steps": 4544512, "elapsed_s": 4842.6, "coordination_ring_sparse20": 0.0, "coordination_ring_potter0_20": 0.55, "centre_pots_sparse20": 87.0, "centre_pots_potter0_20": 0.65}
[pair_G] {"steps": 4546560, "elapsed_s": 4845.8, "coordination_ring_sparse20": 0.0, "coordination_ring_potter0_20": 0.5, "centre_pots_sparse20": 90.0, "centre_pots_potter0_20": 0.6}
[pair_G] {"steps": 4548608, "elapsed_s": 4848.9, "coordination_ring_sparse20": 0.0, "coordination_ring_potter0_20": 0.5, "centre_pots_sparse20": 92.0, "centre_pots_potter0_20": 0.65}
[pair_G] {"steps": 4550656, "elapsed_s": 4852.1, "coordination_ring_sparse20": 0.0, "coordination_ring_potter0_20": 0.5, "centre_pots_sparse20": 94.0, "centre_pots_potter0_20": 0.65}
[pair_G] {"steps": 4552704, "elapsed_s": 4855.3, "coordination_ring_sparse20": 0.0, "coordination_ring_potter0_20": 0.6, "centre_pots_sparse20": 95.0, "centre_pots_potter0_20": 0.65}
[pair_G] {"steps": 4554752, "elapsed_s": 4858.1, "coordination_ring_sparse20": 0.0, "coordination_ring_potter0_20": 0.5, "centre_pots_sparse20": 97.0, "centre_pots_potter0_20": 0.65}
[pair_G] {"steps": 4556800, "elapsed_s": 4861.5, "coordination_ring_sparse20": 0.0, "coordination_ring_potter0_20": 0.6, "centre_pots_sparse20": 96.0, "centre_pots_potter0_20": 0.65}
[pair_G] {"steps": 4558848, "elapsed_s": 4864.8, "coordination_ring_sparse20": 0.0, "coordination_ring_potter0_20": 0.55, "centre_pots_sparse20": 92.0, "centre_pots_potter0_20": 0.6}
[pair_G] {"steps": 4560896, "elapsed_s": 4868.0, "coordination_ring_sparse20": 0.0, "coordination_ring_potter0_20": 0.55, "centre_pots_sparse20": 83.0, "centre_pots_potter0_20": 0.7}
[pair_G] {"steps": 4562944, "elapsed_s": 4871.0, "coordination_ring_sparse20": 0.0, "coordination_ring_potter0_20": 0.55, "centre_pots_sparse20": 79.0, "centre_pots_potter0_20": 0.75}
[pair_G] {"steps": 4564992, "elapsed_s": 4874.1, "coordination_ring_sparse20": 0.0, "coordination_ring_potter0_20": 0.5, "centre_pots_sparse20": 70.0, "centre_pots_potter0_20": 0.8}
[pair_G] {"steps": 4567040, "elapsed_s": 4877.5, "coordination_ring_sparse20": 0.0, "coordination_ring_potter0_20": 0.6, "centre_pots_sparse20": 64.0, "centre_pots_potter0_20": 0.75}
[pair_G] {"steps": 4569088, "elapsed_s": 4880.5, "coordination_ring_sparse20": 0.0, "coordination_ring_potter0_20": 0.55, "centre_pots_sparse20": 63.0, "centre_pots_potter0_20": 0.75}
[pair_G] {"steps": 4571136, "elapsed_s": 4883.3, "coordination_ring_sparse20": 0.0, "coordination_ring_potter0_20": 0.5, "centre_pots_sparse20": 60.0, "centre_pots_potter0_20": 0.8}
[pair_G] {"steps": 4573184, "elapsed_s": 4886.2, "coordination_ring_sparse20": 0.0, "coordination_ring_potter0_20": 0.5, "centre_pots_sparse20": 61.0, "centre_pots_potter0_20": 0.8}
[pair_G] {"steps": 4575232, "elapsed_s": 4889.5, "coordination_ring_sparse20": 0.0, "coordination_ring_potter0_20": 0.5, "centre_pots_sparse20": 61.0, "centre_pots_potter0_20": 0.75}
[pair_G] {"steps": 4577280, "elapsed_s": 4895.5, "coordination_ring_sparse20": 0.0, "coordination_ring_potter0_20": 0.45, "centre_pots_sparse20": 69.0, "centre_pots_potter0_20": 0.65}
[pair_G] {"steps": 4579328, "elapsed_s": 4919.3, "coordination_ring_sparse20": 0.0, "coordination_ring_potter0_20": 0.5, "centre_pots_sparse20": 72.0, "centre_pots_potter0_20": 0.6}
[pair_G] {"steps": 4581376, "elapsed_s": 4936.4, "coordination_ring_sparse20": 0.0, "coordination_ring_potter0_20": 0.5, "centre_pots_sparse20": 82.0, "centre_pots_potter0_20": 0.55}
[pair_G] {"steps": 4583424, "elapsed_s": 4954.0, "coordination_ring_sparse20": 0.0, "coordination_ring_potter0_20": 0.55, "centre_pots_sparse20": 83.0, "centre_pots_potter0_20": 0.6}
[pair_G] {"steps": 4585472, "elapsed_s": 4970.0, "coordination_ring_sparse20": 0.0, "coordination_ring_potter0_20": 0.45, "centre_pots_sparse20": 84.0, "centre_pots_potter0_20": 0.55}
[pair_G] {"steps": 4587520, "elapsed_s": 4993.9, "coordination_ring_sparse20": 0.0, "coordination_ring_potter0_20": 0.4, "centre_pots_sparse20": 92.0, "centre_pots_potter0_20": 0.6}
[pair_G] {"steps": 4589568, "elapsed_s": 5035.0, "coordination_ring_sparse20": 0.0, "coordination_ring_potter0_20": 0.4, "centre_pots_sparse20": 94.0, "centre_pots_potter0_20": 0.55}
[pair_G] {"steps": 4591616, "elapsed_s": 5073.4, "coordination_ring_sparse20": 0.0, "coordination_ring_potter0_20": 0.45, "centre_pots_sparse20": 96.0, "centre_pots_potter0_20": 0.7}
[pair_G] {"steps": 4593664, "elapsed_s": 5111.4, "coordination_ring_sparse20": 0.0, "coordination_ring_potter0_20": 0.45, "centre_pots_sparse20": 89.0, "centre_pots_potter0_20": 0.6}
[pair_G] {"steps": 4595712, "elapsed_s": 5148.3, "coordination_ring_sparse20": 0.0, "coordination_ring_potter0_20": 0.45, "centre_pots_sparse20": 89.0, "centre_pots_potter0_20": 0.55}
[pair_G] {"steps": 4597760, "elapsed_s": 5180.3, "coordination_ring_sparse20": 0.0, "coordination_ring_potter0_20": 0.4, "centre_pots_sparse20": 96.0, "centre_pots_potter0_20": 0.5}
[pair_G] {"steps": 4599808, "elapsed_s": 5222.1, "coordination_ring_sparse20": 0.0, "coordination_ring_potter0_20": 0.45, "centre_pots_sparse20": 93.0, "centre_pots_potter0_20": 0.45}
[pair_G] {"steps": 4601856, "elapsed_s": 5267.3, "coordination_ring_sparse20": 0.0, "coordination_ring_potter0_20": 0.5, "centre_pots_sparse20": 84.0, "centre_pots_potter0_20": 0.45}
[pair_G] {"steps": 4603904, "elapsed_s": 5311.3, "coordination_ring_sparse20": 0.0, "coordination_ring_potter0_20": 0.5, "centre_pots_sparse20": 82.0, "centre_pots_potter0_20": 0.45}
[pair_G] {"steps": 4605952, "elapsed_s": 5349.8, "coordination_ring_sparse20": 0.0, "coordination_ring_potter0_20": 0.45, "centre_pots_sparse20": 82.0, "centre_pots_potter0_20": 0.45}
[pair_G] {"steps": 4608000, "elapsed_s": 5390.8, "coordination_ring_sparse20": 0.0, "coordination_ring_potter0_20": 0.55, "centre_pots_sparse20": 72.0, "centre_pots_potter0_20": 0.4}
[pair_G] {"steps": 4610048, "elapsed_s": 5432.1, "coordination_ring_sparse20": 0.0, "coordination_ring_potter0_20": 0.6, "centre_pots_sparse20": 66.0, "centre_pots_potter0_20": 0.45}
[pair_G] {"steps": 4612096, "elapsed_s": 5480.6, "coordination_ring_sparse20": 0.0, "coordination_ring_potter0_20": 0.55, "centre_pots_sparse20": 63.0, "centre_pots_potter0_20": 0.4}
[pair_G] {"steps": 4614144, "elapsed_s": 5522.6, "coordination_ring_sparse20": 0.0, "coordination_ring_potter0_20": 0.55, "centre_pots_sparse20": 62.0, "centre_pots_potter0_20": 0.45}
[pair_G] {"steps": 4616192, "elapsed_s": 5558.4, "coordination_ring_sparse20": 0.0, "coordination_ring_potter0_20": 0.5, "centre_pots_sparse20": 66.0, "centre_pots_potter0_20": 0.45}
[pair_G] {"steps": 4618240, "elapsed_s": 5589.6, "coordination_ring_sparse20": 0.0, "coordination_ring_potter0_20": 0.45, "centre_pots_sparse20": 72.0, "centre_pots_potter0_20": 0.45}
[pair_G] {"steps": 4620288, "elapsed_s": 5627.7, "coordination_ring_sparse20": 0.0, "coordination_ring_potter0_20": 0.5, "centre_pots_sparse20": 73.0, "centre_pots_potter0_20": 0.4}
[pair_G] {"steps": 4622336, "elapsed_s": 5659.1, "coordination_ring_sparse20": 0.0, "coordination_ring_potter0_20": 0.6, "centre_pots_sparse20": 72.0, "centre_pots_potter0_20": 0.45}
[pair_G] {"steps": 4624384, "elapsed_s": 5692.4, "coordination_ring_sparse20": 0.0, "coordination_ring_potter0_20": 0.5, "centre_pots_sparse20": 79.0, "centre_pots_potter0_20": 0.45}
[pair_G] {"steps": 4626432, "elapsed_s": 5734.1, "coordination_ring_sparse20": 0.0, "coordination_ring_potter0_20": 0.55, "centre_pots_sparse20": 81.0, "centre_pots_potter0_20": 0.5}
[pair_G] {"steps": 4628480, "elapsed_s": 5768.0, "coordination_ring_sparse20": 0.0, "coordination_ring_potter0_20": 0.6, "centre_pots_sparse20": 77.0, "centre_pots_potter0_20": 0.65}
[pair_G] {"steps": 4630528, "elapsed_s": 5810.0, "coordination_ring_sparse20": 0.0, "coordination_ring_potter0_20": 0.55, "centre_pots_sparse20": 73.0, "centre_pots_potter0_20": 0.6}
[pair_G] {"steps": 4632576, "elapsed_s": 5848.1, "coordination_ring_sparse20": 0.0, "coordination_ring_potter0_20": 0.55, "centre_pots_sparse20": 67.0, "centre_pots_potter0_20": 0.7}
[pair_G] {"steps": 4634624, "elapsed_s": 5892.5, "coordination_ring_sparse20": 0.0, "coordination_ring_potter0_20": 0.6, "centre_pots_sparse20": 76.0, "centre_pots_potter0_20": 0.7}
[pair_G] {"steps": 4636672, "elapsed_s": 5928.8, "coordination_ring_sparse20": 0.0, "coordination_ring_potter0_20": 0.6, "centre_pots_sparse20": 77.0, "centre_pots_potter0_20": 0.65}
[pair_G] {"steps": 4638720, "elapsed_s": 5969.5, "coordination_ring_sparse20": 0.0, "coordination_ring_potter0_20": 0.5, "centre_pots_sparse20": 73.0, "centre_pots_potter0_20": 0.65}
[pair_G] {"steps": 4640768, "elapsed_s": 6020.9, "coordination_ring_sparse20": 0.0, "coordination_ring_potter0_20": 0.5, "centre_pots_sparse20": 71.0, "centre_pots_potter0_20": 0.55}
[pair_G] {"steps": 4642816, "elapsed_s": 6063.3, "coordination_ring_sparse20": 0.0, "coordination_ring_potter0_20": 0.5, "centre_pots_sparse20": 71.0, "centre_pots_potter0_20": 0.55}
[pair_G] {"steps": 4644864, "elapsed_s": 6109.2, "coordination_ring_sparse20": 0.0, "coordination_ring_potter0_20": 0.4, "centre_pots_sparse20": 73.0, "centre_pots_potter0_20": 0.5}
[pair_G] {"steps": 4646912, "elapsed_s": 6158.6, "coordination_ring_sparse20": 0.0, "coordination_ring_potter0_20": 0.5, "centre_pots_sparse20": 75.0, "centre_pots_potter0_20": 0.6}
[pair_G] {"steps": 4648960, "elapsed_s": 6206.6, "coordination_ring_sparse20": 0.0, "coordination_ring_potter0_20": 0.55, "centre_pots_sparse20": 75.0, "centre_pots_potter0_20": 0.55}
[pair_G] {"steps": 4651008, "elapsed_s": 6243.7, "coordination_ring_sparse20": 0.0, "coordination_ring_potter0_20": 0.5, "centre_pots_sparse20": 76.0, "centre_pots_potter0_20": 0.6}
[pair_G] {"steps": 4653056, "elapsed_s": 6281.7, "coordination_ring_sparse20": 0.0, "coordination_ring_potter0_20": 0.5, "centre_pots_sparse20": 77.0, "centre_pots_potter0_20": 0.75}
[pair_G] {"steps": 4655104, "elapsed_s": 6313.1, "coordination_ring_sparse20": 0.0, "coordination_ring_potter0_20": 0.5, "centre_pots_sparse20": 78.0, "centre_pots_potter0_20": 0.8}
[pair_G] {"steps": 4657152, "elapsed_s": 6352.6, "coordination_ring_sparse20": 0.0, "coordination_ring_potter0_20": 0.5, "centre_pots_sparse20": 81.0, "centre_pots_potter0_20": 0.85}
[pair_G] {"steps": 4659200, "elapsed_s": 6398.1, "coordination_ring_sparse20": 0.0, "coordination_ring_potter0_20": 0.55, "centre_pots_sparse20": 87.0, "centre_pots_potter0_20": 0.9}
[pair_G] {"steps": 4661248, "elapsed_s": 6446.5, "coordination_ring_sparse20": 0.0, "coordination_ring_potter0_20": 0.6, "centre_pots_sparse20": 86.0, "centre_pots_potter0_20": 0.95}
[pair_G] {"steps": 4663296, "elapsed_s": 6496.3, "coordination_ring_sparse20": 0.0, "coordination_ring_potter0_20": 0.55, "centre_pots_sparse20": 90.0, "centre_pots_potter0_20": 0.95}
[pair_G] {"steps": 4665344, "elapsed_s": 6536.0, "coordination_ring_sparse20": 0.0, "coordination_ring_potter0_20": 0.55, "centre_pots_sparse20": 92.0, "centre_pots_potter0_20": 0.9}
[pair_G] {"steps": 4667392, "elapsed_s": 6567.5, "coordination_ring_sparse20": 0.0, "coordination_ring_potter0_20": 0.5, "centre_pots_sparse20": 87.0, "centre_pots_potter0_20": 0.9}
[pair_G] {"steps": 4669440, "elapsed_s": 6604.2, "coordination_ring_sparse20": 0.0, "coordination_ring_potter0_20": 0.5, "centre_pots_sparse20": 96.0, "centre_pots_potter0_20": 0.9}
[pair_G] {"steps": 4671488, "elapsed_s": 6620.4, "coordination_ring_sparse20": 0.0, "coordination_ring_potter0_20": 0.55, "centre_pots_sparse20": 93.0, "centre_pots_potter0_20": 0.9}
[pair_G] {"steps": 4673536, "elapsed_s": 6642.6, "coordination_ring_sparse20": 0.0, "coordination_ring_potter0_20": 0.55, "centre_pots_sparse20": 91.0, "centre_pots_potter0_20": 0.9}
[pair_G] {"steps": 4675584, "elapsed_s": 6700.9, "coordination_ring_sparse20": 0.0, "coordination_ring_potter0_20": 0.55, "centre_pots_sparse20": 86.0, "centre_pots_potter0_20": 0.9}
[pair_G] {"steps": 4677632, "elapsed_s": 6756.6, "coordination_ring_sparse20": 0.0, "coordination_ring_potter0_20": 0.45, "centre_pots_sparse20": 82.0, "centre_pots_potter0_20": 0.9}
[pair_G] {"steps": 4679680, "elapsed_s": 6800.0, "coordination_ring_sparse20": 0.0, "coordination_ring_potter0_20": 0.45, "centre_pots_sparse20": 81.0, "centre_pots_potter0_20": 0.9}
[pair_G] {"steps": 4681728, "elapsed_s": 6846.3, "coordination_ring_sparse20": 0.0, "coordination_ring_potter0_20": 0.5, "centre_pots_sparse20": 81.0, "centre_pots_potter0_20": 0.9}
[pair_G] {"steps": 4683776, "elapsed_s": 6895.8, "coordination_ring_sparse20": 0.0, "coordination_ring_potter0_20": 0.55, "centre_pots_sparse20": 76.0, "centre_pots_potter0_20": 0.85}
[pair_G] {"steps": 4685824, "elapsed_s": 6932.1, "coordination_ring_sparse20": 0.0, "coordination_ring_potter0_20": 0.55, "centre_pots_sparse20": 73.0, "centre_pots_potter0_20": 0.9}
[pair_G] {"steps": 4687872, "elapsed_s": 6959.5, "coordination_ring_sparse20": 0.0, "coordination_ring_potter0_20": 0.65, "centre_pots_sparse20": 67.0, "centre_pots_potter0_20": 0.9}
[pair_G] {"steps": 4689920, "elapsed_s": 6996.2, "coordination_ring_sparse20": 0.0, "coordination_ring_potter0_20": 0.65, "centre_pots_sparse20": 66.0, "centre_pots_potter0_20": 0.9}
[pair_G] {"steps": 4691968, "elapsed_s": 7027.4, "coordination_ring_sparse20": 0.0, "coordination_ring_potter0_20": 0.6, "centre_pots_sparse20": 65.0, "centre_pots_potter0_20": 0.9}
[pair_G] {"steps": 4694016, "elapsed_s": 7059.3, "coordination_ring_sparse20": 0.0, "coordination_ring_potter0_20": 0.55, "centre_pots_sparse20": 64.0, "centre_pots_potter0_20": 0.9}
[pair_G] {"steps": 4696064, "elapsed_s": 7087.0, "coordination_ring_sparse20": 0.0, "coordination_ring_potter0_20": 0.7, "centre_pots_sparse20": 66.0, "centre_pots_potter0_20": 0.9}
[pair_G] {"steps": 4698112, "elapsed_s": 7116.0, "coordination_ring_sparse20": 0.0, "coordination_ring_potter0_20": 0.65, "centre_pots_sparse20": 62.0, "centre_pots_potter0_20": 0.9}
[pair_G] {"steps": 4700160, "elapsed_s": 7143.1, "coordination_ring_sparse20": 0.0, "coordination_ring_potter0_20": 0.6, "centre_pots_sparse20": 62.0, "centre_pots_potter0_20": 0.9}
[pair_G] {"steps": 4702208, "elapsed_s": 7165.3, "coordination_ring_sparse20": 0.0, "coordination_ring_potter0_20": 0.5, "centre_pots_sparse20": 60.0, "centre_pots_potter0_20": 0.95}
[pair_G] {"steps": 4704256, "elapsed_s": 7188.3, "coordination_ring_sparse20": 0.0, "coordination_ring_potter0_20": 0.45, "centre_pots_sparse20": 57.0, "centre_pots_potter0_20": 0.95}
[pair_G] {"steps": 4706304, "elapsed_s": 7221.8, "coordination_ring_sparse20": 0.0, "coordination_ring_potter0_20": 0.4, "centre_pots_sparse20": 60.0, "centre_pots_potter0_20": 0.95}
[pair_G] {"steps": 4708352, "elapsed_s": 7241.6, "coordination_ring_sparse20": 0.0, "coordination_ring_potter0_20": 0.45, "centre_pots_sparse20": 61.0, "centre_pots_potter0_20": 0.85}
[pair_G] {"steps": 4710400, "elapsed_s": 7275.2, "coordination_ring_sparse20": 0.0, "coordination_ring_potter0_20": 0.5, "centre_pots_sparse20": 67.0, "centre_pots_potter0_20": 0.85}
[pair_G] {"steps": 4712448, "elapsed_s": 7300.0, "coordination_ring_sparse20": 0.0, "coordination_ring_potter0_20": 0.5, "centre_pots_sparse20": 64.0, "centre_pots_potter0_20": 0.8}
[pair_G] {"steps": 4714496, "elapsed_s": 7323.9, "coordination_ring_sparse20": 0.0, "coordination_ring_potter0_20": 0.35, "centre_pots_sparse20": 66.0, "centre_pots_potter0_20": 0.8}
[pair_G] {"steps": 4716544, "elapsed_s": 7350.2, "coordination_ring_sparse20": 0.0, "coordination_ring_potter0_20": 0.4, "centre_pots_sparse20": 71.0, "centre_pots_potter0_20": 0.8}
[pair_G] {"steps": 4718592, "elapsed_s": 7373.5, "coordination_ring_sparse20": 0.0, "coordination_ring_potter0_20": 0.5, "centre_pots_sparse20": 73.0, "centre_pots_potter0_20": 0.85}
[pair_G] {"steps": 4720640, "elapsed_s": 7402.7, "coordination_ring_sparse20": 0.0, "coordination_ring_potter0_20": 0.55, "centre_pots_sparse20": 79.0, "centre_pots_potter0_20": 0.8}
[pair_G] {"steps": 4722688, "elapsed_s": 7431.2, "coordination_ring_sparse20": 0.0, "coordination_ring_potter0_20": 0.55, "centre_pots_sparse20": 80.0, "centre_pots_potter0_20": 0.7}
[pair_G] {"steps": 4724736, "elapsed_s": 7462.5, "coordination_ring_sparse20": 0.0, "coordination_ring_potter0_20": 0.5, "centre_pots_sparse20": 79.0, "centre_pots_potter0_20": 0.75}
[pair_G] {"steps": 4726784, "elapsed_s": 7487.6, "coordination_ring_sparse20": 0.0, "coordination_ring_potter0_20": 0.4, "centre_pots_sparse20": 77.0, "centre_pots_potter0_20": 0.8}
[pair_G] {"steps": 4728832, "elapsed_s": 7514.9, "coordination_ring_sparse20": 0.0, "coordination_ring_potter0_20": 0.35, "centre_pots_sparse20": 62.0, "centre_pots_potter0_20": 0.8}
[pair_G] {"steps": 4730880, "elapsed_s": 7539.6, "coordination_ring_sparse20": 0.0, "coordination_ring_potter0_20": 0.4, "centre_pots_sparse20": 62.0, "centre_pots_potter0_20": 0.8}
[pair_G] {"steps": 4732928, "elapsed_s": 7572.2, "coordination_ring_sparse20": 0.0, "coordination_ring_potter0_20": 0.4, "centre_pots_sparse20": 55.0, "centre_pots_potter0_20": 0.75}
[pair_G] {"steps": 4734976, "elapsed_s": 7593.0, "coordination_ring_sparse20": 0.0, "coordination_ring_potter0_20": 0.4, "centre_pots_sparse20": 46.0, "centre_pots_potter0_20": 0.7}
[pair_G] {"steps": 4737024, "elapsed_s": 7621.8, "coordination_ring_sparse20": 0.0, "coordination_ring_potter0_20": 0.4, "centre_pots_sparse20": 36.0, "centre_pots_potter0_20": 0.7}
[pair_G] {"steps": 4739072, "elapsed_s": 7647.6, "coordination_ring_sparse20": 0.0, "coordination_ring_potter0_20": 0.35, "centre_pots_sparse20": 28.0, "centre_pots_potter0_20": 0.8}
[pair_G] {"steps": 4741120, "elapsed_s": 7673.0, "coordination_ring_sparse20": 0.0, "coordination_ring_potter0_20": 0.3, "centre_pots_sparse20": 21.0, "centre_pots_potter0_20": 0.7}
[pair_G] {"steps": 4743168, "elapsed_s": 7698.0, "coordination_ring_sparse20": 0.0, "coordination_ring_potter0_20": 0.3, "centre_pots_sparse20": 28.0, "centre_pots_potter0_20": 0.75}
[pair_G] {"steps": 4745216, "elapsed_s": 7722.3, "coordination_ring_sparse20": 0.0, "coordination_ring_potter0_20": 0.45, "centre_pots_sparse20": 36.0, "centre_pots_potter0_20": 0.7}
[pair_G] {"steps": 4747264, "elapsed_s": 7744.2, "coordination_ring_sparse20": 0.0, "coordination_ring_potter0_20": 0.45, "centre_pots_sparse20": 41.0, "centre_pots_potter0_20": 0.75}
[pair_G] {"steps": 4749312, "elapsed_s": 7768.2, "coordination_ring_sparse20": 0.0, "coordination_ring_potter0_20": 0.45, "centre_pots_sparse20": 45.0, "centre_pots_potter0_20": 0.8}
[pair_G] {"steps": 4751360, "elapsed_s": 7798.4, "coordination_ring_sparse20": 0.0, "coordination_ring_potter0_20": 0.45, "centre_pots_sparse20": 51.0, "centre_pots_potter0_20": 0.75}
[pair_G] {"steps": 4753408, "elapsed_s": 7826.5, "coordination_ring_sparse20": 0.0, "coordination_ring_potter0_20": 0.45, "centre_pots_sparse20": 58.0, "centre_pots_potter0_20": 0.8}
[pair_G] {"steps": 4755456, "elapsed_s": 7851.7, "coordination_ring_sparse20": 0.0, "coordination_ring_potter0_20": 0.35, "centre_pots_sparse20": 57.0, "centre_pots_potter0_20": 0.85}
[pair_G] {"steps": 4757504, "elapsed_s": 7879.9, "coordination_ring_sparse20": 0.0, "coordination_ring_potter0_20": 0.4, "centre_pots_sparse20": 54.0, "centre_pots_potter0_20": 0.75}
[pair_G] {"steps": 4759552, "elapsed_s": 7901.8, "coordination_ring_sparse20": 0.0, "coordination_ring_potter0_20": 0.55, "centre_pots_sparse20": 55.0, "centre_pots_potter0_20": 0.75}
[pair_G] {"steps": 4761600, "elapsed_s": 7929.0, "coordination_ring_sparse20": 0.0, "coordination_ring_potter0_20": 0.6, "centre_pots_sparse20": 56.0, "centre_pots_potter0_20": 0.7}
[pair_G] {"steps": 4763648, "elapsed_s": 7956.8, "coordination_ring_sparse20": 0.0, "coordination_ring_potter0_20": 0.65, "centre_pots_sparse20": 59.0, "centre_pots_potter0_20": 0.7}
[pair_G] {"steps": 4765696, "elapsed_s": 7984.3, "coordination_ring_sparse20": 0.0, "coordination_ring_potter0_20": 0.6, "centre_pots_sparse20": 56.0, "centre_pots_potter0_20": 0.75}
[pair_G] {"steps": 4767744, "elapsed_s": 8021.4, "coordination_ring_sparse20": 0.0, "coordination_ring_potter0_20": 0.65, "centre_pots_sparse20": 59.0, "centre_pots_potter0_20": 0.75}
[pair_G] {"steps": 4769792, "elapsed_s": 8056.4, "coordination_ring_sparse20": 0.0, "coordination_ring_potter0_20": 0.65, "centre_pots_sparse20": 66.0, "centre_pots_potter0_20": 0.75}
[pair_G] {"steps": 4771840, "elapsed_s": 8082.3, "coordination_ring_sparse20": 0.0, "coordination_ring_potter0_20": 0.65, "centre_pots_sparse20": 63.0, "centre_pots_potter0_20": 0.7}
[pair_G] {"steps": 4773888, "elapsed_s": 8113.0, "coordination_ring_sparse20": 0.0, "coordination_ring_potter0_20": 0.65, "centre_pots_sparse20": 71.0, "centre_pots_potter0_20": 0.7}
[pair_G] {"steps": 4775936, "elapsed_s": 8142.6, "coordination_ring_sparse20": 0.0, "coordination_ring_potter0_20": 0.65, "centre_pots_sparse20": 81.0, "centre_pots_potter0_20": 0.8}
[pair_G] {"steps": 4777984, "elapsed_s": 8167.5, "coordination_ring_sparse20": 0.0, "coordination_ring_potter0_20": 0.65, "centre_pots_sparse20": 80.0, "centre_pots_potter0_20": 0.85}
[pair_G] {"steps": 4780032, "elapsed_s": 8185.5, "coordination_ring_sparse20": 0.0, "coordination_ring_potter0_20": 0.55, "centre_pots_sparse20": 88.0, "centre_pots_potter0_20": 0.85}
[pair_G] {"steps": 4782080, "elapsed_s": 8215.5, "coordination_ring_sparse20": 0.0, "coordination_ring_potter0_20": 0.6, "centre_pots_sparse20": 89.0, "centre_pots_potter0_20": 0.85}
[pair_G] {"steps": 4784128, "elapsed_s": 8246.7, "coordination_ring_sparse20": 0.0, "coordination_ring_potter0_20": 0.45, "centre_pots_sparse20": 89.0, "centre_pots_potter0_20": 0.85}
[pair_G] {"steps": 4786176, "elapsed_s": 8279.7, "coordination_ring_sparse20": 0.0, "coordination_ring_potter0_20": 0.5, "centre_pots_sparse20": 87.0, "centre_pots_potter0_20": 0.8}
[pair_G] {"steps": 4788224, "elapsed_s": 8313.3, "coordination_ring_sparse20": 0.0, "coordination_ring_potter0_20": 0.45, "centre_pots_sparse20": 86.0, "centre_pots_potter0_20": 0.75}
[pair_G] {"steps": 4790272, "elapsed_s": 8348.0, "coordination_ring_sparse20": 0.0, "coordination_ring_potter0_20": 0.45, "centre_pots_sparse20": 83.0, "centre_pots_potter0_20": 0.7}
[pair_G] {"steps": 4792320, "elapsed_s": 8380.3, "coordination_ring_sparse20": 0.0, "coordination_ring_potter0_20": 0.45, "centre_pots_sparse20": 82.0, "centre_pots_potter0_20": 0.75}
[pair_G] {"steps": 4794368, "elapsed_s": 8406.2, "coordination_ring_sparse20": 0.0, "coordination_ring_potter0_20": 0.55, "centre_pots_sparse20": 83.0, "centre_pots_potter0_20": 0.75}
[pair_G] {"steps": 4796416, "elapsed_s": 8438.5, "coordination_ring_sparse20": 0.0, "coordination_ring_potter0_20": 0.6, "centre_pots_sparse20": 83.0, "centre_pots_potter0_20": 0.75}
[pair_G] {"steps": 4798464, "elapsed_s": 8474.9, "coordination_ring_sparse20": 0.0, "coordination_ring_potter0_20": 0.6, "centre_pots_sparse20": 83.0, "centre_pots_potter0_20": 0.75}
[pair_G] {"steps": 4800512, "elapsed_s": 8517.2, "coordination_ring_sparse20": 0.0, "coordination_ring_potter0_20": 0.65, "centre_pots_sparse20": 81.0, "centre_pots_potter0_20": 0.7}
[pair_G] {"steps": 4802560, "elapsed_s": 8543.6, "coordination_ring_sparse20": 0.0, "coordination_ring_potter0_20": 0.65, "centre_pots_sparse20": 85.0, "centre_pots_potter0_20": 0.65}
[pair_G] {"steps": 4804608, "elapsed_s": 8560.4, "coordination_ring_sparse20": 0.0, "coordination_ring_potter0_20": 0.55, "centre_pots_sparse20": 86.0, "centre_pots_potter0_20": 0.65}
[pair_G] {"steps": 4806656, "elapsed_s": 8585.7, "coordination_ring_sparse20": 0.0, "coordination_ring_potter0_20": 0.45, "centre_pots_sparse20": 81.0, "centre_pots_potter0_20": 0.6}
[pair_G] {"steps": 4808704, "elapsed_s": 8602.8, "coordination_ring_sparse20": 0.0, "coordination_ring_potter0_20": 0.45, "centre_pots_sparse20": 81.0, "centre_pots_potter0_20": 0.65}
[pair_G] {"steps": 4810752, "elapsed_s": 8616.7, "coordination_ring_sparse20": 0.0, "coordination_ring_potter0_20": 0.5, "centre_pots_sparse20": 83.0, "centre_pots_potter0_20": 0.8}
[pair_G] {"steps": 4812800, "elapsed_s": 8638.4, "coordination_ring_sparse20": 0.0, "coordination_ring_potter0_20": 0.55, "centre_pots_sparse20": 84.0, "centre_pots_potter0_20": 0.75}
[pair_G] {"steps": 4814848, "elapsed_s": 8658.4, "coordination_ring_sparse20": 0.0, "coordination_ring_potter0_20": 0.55, "centre_pots_sparse20": 85.0, "centre_pots_potter0_20": 0.75}
[pair_G] {"steps": 4816896, "elapsed_s": 8670.9, "coordination_ring_sparse20": 0.0, "coordination_ring_potter0_20": 0.55, "centre_pots_sparse20": 86.0, "centre_pots_potter0_20": 0.75}
[pair_G] {"steps": 4818944, "elapsed_s": 8692.8, "coordination_ring_sparse20": 0.0, "coordination_ring_potter0_20": 0.55, "centre_pots_sparse20": 81.0, "centre_pots_potter0_20": 0.7}
[pair_G] {"steps": 4820992, "elapsed_s": 8708.7, "coordination_ring_sparse20": 0.0, "coordination_ring_potter0_20": 0.55, "centre_pots_sparse20": 88.0, "centre_pots_potter0_20": 0.6}
[pair_G] {"steps": 4823040, "elapsed_s": 8729.8, "coordination_ring_sparse20": 0.0, "coordination_ring_potter0_20": 0.55, "centre_pots_sparse20": 88.0, "centre_pots_potter0_20": 0.5}
[pair_G] {"steps": 4825088, "elapsed_s": 8744.4, "coordination_ring_sparse20": 0.0, "coordination_ring_potter0_20": 0.65, "centre_pots_sparse20": 92.0, "centre_pots_potter0_20": 0.5}
[pair_G] {"steps": 4827136, "elapsed_s": 8766.9, "coordination_ring_sparse20": 0.0, "coordination_ring_potter0_20": 0.65, "centre_pots_sparse20": 88.0, "centre_pots_potter0_20": 0.45}
[pair_G] {"steps": 4829184, "elapsed_s": 8793.2, "coordination_ring_sparse20": 0.0, "coordination_ring_potter0_20": 0.65, "centre_pots_sparse20": 86.0, "centre_pots_potter0_20": 0.45}
[pair_G] {"steps": 4831232, "elapsed_s": 8819.1, "coordination_ring_sparse20": 0.0, "coordination_ring_potter0_20": 0.55, "centre_pots_sparse20": 86.0, "centre_pots_potter0_20": 0.5}
[pair_G] {"steps": 4833280, "elapsed_s": 8837.3, "coordination_ring_sparse20": 0.0, "coordination_ring_potter0_20": 0.5, "centre_pots_sparse20": 80.0, "centre_pots_potter0_20": 0.5}
[pair_G] {"steps": 4835328, "elapsed_s": 8853.8, "coordination_ring_sparse20": 0.0, "coordination_ring_potter0_20": 0.55, "centre_pots_sparse20": 79.0, "centre_pots_potter0_20": 0.55}
[pair_G] {"steps": 4837376, "elapsed_s": 8869.1, "coordination_ring_sparse20": 0.0, "coordination_ring_potter0_20": 0.55, "centre_pots_sparse20": 88.0, "centre_pots_potter0_20": 0.55}
[pair_G] {"steps": 4839424, "elapsed_s": 8885.5, "coordination_ring_sparse20": 0.0, "coordination_ring_potter0_20": 0.55, "centre_pots_sparse20": 84.0, "centre_pots_potter0_20": 0.6}
[pair_G] {"steps": 4841472, "elapsed_s": 8890.7, "coordination_ring_sparse20": 0.0, "coordination_ring_potter0_20": 0.55, "centre_pots_sparse20": 93.0, "centre_pots_potter0_20": 0.65}
[pair_G] {"steps": 4843520, "elapsed_s": 8895.4, "coordination_ring_sparse20": 0.0, "coordination_ring_potter0_20": 0.55, "centre_pots_sparse20": 99.0, "centre_pots_potter0_20": 0.6}
[pair_G] {"steps": 4845568, "elapsed_s": 8898.5, "coordination_ring_sparse20": 0.0, "coordination_ring_potter0_20": 0.5, "centre_pots_sparse20": 99.0, "centre_pots_potter0_20": 0.6}
[pair_G] {"steps": 4847616, "elapsed_s": 8901.5, "coordination_ring_sparse20": 0.0, "coordination_ring_potter0_20": 0.4, "centre_pots_sparse20": 98.0, "centre_pots_potter0_20": 0.55}
[pair_G] {"steps": 4849664, "elapsed_s": 8904.6, "coordination_ring_sparse20": 0.0, "coordination_ring_potter0_20": 0.4, "centre_pots_sparse20": 107.0, "centre_pots_potter0_20": 0.5}
[pair_G] {"steps": 4851712, "elapsed_s": 8907.9, "coordination_ring_sparse20": 0.0, "coordination_ring_potter0_20": 0.4, "centre_pots_sparse20": 108.0, "centre_pots_potter0_20": 0.4}
[pair_G] {"steps": 4853760, "elapsed_s": 8911.5, "coordination_ring_sparse20": 0.0, "coordination_ring_potter0_20": 0.4, "centre_pots_sparse20": 106.0, "centre_pots_potter0_20": 0.35}
[pair_G] {"steps": 4855808, "elapsed_s": 8914.2, "coordination_ring_sparse20": 0.0, "coordination_ring_potter0_20": 0.35, "centre_pots_sparse20": 100.0, "centre_pots_potter0_20": 0.3}
[pair_G] {"steps": 4857856, "elapsed_s": 8916.7, "coordination_ring_sparse20": 0.0, "coordination_ring_potter0_20": 0.3, "centre_pots_sparse20": 99.0, "centre_pots_potter0_20": 0.3}
[pair_G] {"steps": 4859904, "elapsed_s": 8919.8, "coordination_ring_sparse20": 0.0, "coordination_ring_potter0_20": 0.25, "centre_pots_sparse20": 93.0, "centre_pots_potter0_20": 0.25}
[pair_G] {"steps": 4861952, "elapsed_s": 8922.8, "coordination_ring_sparse20": 0.0, "coordination_ring_potter0_20": 0.25, "centre_pots_sparse20": 96.0, "centre_pots_potter0_20": 0.25}
[pair_G] {"steps": 4864000, "elapsed_s": 8926.0, "coordination_ring_sparse20": 0.0, "coordination_ring_potter0_20": 0.25, "centre_pots_sparse20": 73.0, "centre_pots_potter0_20": 0.5}
[pair_G] {"steps": 4866048, "elapsed_s": 8929.5, "coordination_ring_sparse20": 0.0, "coordination_ring_potter0_20": 0.3, "centre_pots_sparse20": 69.0, "centre_pots_potter0_20": 0.45}
[pair_G] {"steps": 4868096, "elapsed_s": 8933.6, "coordination_ring_sparse20": 0.0, "coordination_ring_potter0_20": 0.35, "centre_pots_sparse20": 74.0, "centre_pots_potter0_20": 0.5}
[pair_G] {"steps": 4870144, "elapsed_s": 8937.3, "coordination_ring_sparse20": 0.0, "coordination_ring_potter0_20": 0.3, "centre_pots_sparse20": 79.0, "centre_pots_potter0_20": 0.6}
[pair_G] {"steps": 4872192, "elapsed_s": 8939.6, "coordination_ring_sparse20": 0.0, "coordination_ring_potter0_20": 0.35, "centre_pots_sparse20": 78.0, "centre_pots_potter0_20": 0.55}
[pair_G] {"steps": 4874240, "elapsed_s": 8941.4, "coordination_ring_sparse20": 0.0, "coordination_ring_potter0_20": 0.45, "centre_pots_sparse20": 79.0, "centre_pots_potter0_20": 0.55}
[pair_G] {"steps": 4876288, "elapsed_s": 8943.9, "coordination_ring_sparse20": 0.0, "coordination_ring_potter0_20": 0.45, "centre_pots_sparse20": 84.0, "centre_pots_potter0_20": 0.55}
[pair_G] {"steps": 4878336, "elapsed_s": 8946.0, "coordination_ring_sparse20": 0.0, "coordination_ring_potter0_20": 0.5, "centre_pots_sparse20": 92.0, "centre_pots_potter0_20": 0.55}
[pair_G] {"steps": 4880384, "elapsed_s": 8948.4, "coordination_ring_sparse20": 0.0, "coordination_ring_potter0_20": 0.4, "centre_pots_sparse20": 96.0, "centre_pots_potter0_20": 0.5}
[pair_G] {"steps": 4882432, "elapsed_s": 8951.0, "coordination_ring_sparse20": 0.0, "coordination_ring_potter0_20": 0.5, "centre_pots_sparse20": 110.0, "centre_pots_potter0_20": 0.5}
[pair_G] {"steps": 4884480, "elapsed_s": 8953.0, "coordination_ring_sparse20": 0.0, "coordination_ring_potter0_20": 0.5, "centre_pots_sparse20": 115.0, "centre_pots_potter0_20": 0.5}
[pair_G] {"steps": 4886528, "elapsed_s": 8955.5, "coordination_ring_sparse20": 0.0, "coordination_ring_potter0_20": 0.55, "centre_pots_sparse20": 109.0, "centre_pots_potter0_20": 0.4}
[pair_G] {"steps": 4888576, "elapsed_s": 8957.8, "coordination_ring_sparse20": 0.0, "coordination_ring_potter0_20": 0.5, "centre_pots_sparse20": 103.0, "centre_pots_potter0_20": 0.35}
[pair_G] {"steps": 4890624, "elapsed_s": 8960.1, "coordination_ring_sparse20": 0.0, "coordination_ring_potter0_20": 0.5, "centre_pots_sparse20": 104.0, "centre_pots_potter0_20": 0.4}
[pair_G] {"steps": 4892672, "elapsed_s": 8962.3, "coordination_ring_sparse20": 0.0, "coordination_ring_potter0_20": 0.5, "centre_pots_sparse20": 95.0, "centre_pots_potter0_20": 0.3}
[pair_G] {"steps": 4894720, "elapsed_s": 8965.0, "coordination_ring_sparse20": 0.0, "coordination_ring_potter0_20": 0.5, "centre_pots_sparse20": 91.0, "centre_pots_potter0_20": 0.35}
[pair_G] {"steps": 4896768, "elapsed_s": 8967.4, "coordination_ring_sparse20": 0.0, "coordination_ring_potter0_20": 0.45, "centre_pots_sparse20": 78.0, "centre_pots_potter0_20": 0.25}
[pair_G] {"steps": 4898816, "elapsed_s": 8969.9, "coordination_ring_sparse20": 0.0, "coordination_ring_potter0_20": 0.55, "centre_pots_sparse20": 63.0, "centre_pots_potter0_20": 0.25}
[pair_G] {"steps": 4900864, "elapsed_s": 8972.2, "coordination_ring_sparse20": 0.0, "coordination_ring_potter0_20": 0.6, "centre_pots_sparse20": 60.0, "centre_pots_potter0_20": 0.25}
[pair_G] {"steps": 4902912, "elapsed_s": 8974.7, "coordination_ring_sparse20": 0.0, "coordination_ring_potter0_20": 0.6, "centre_pots_sparse20": 66.0, "centre_pots_potter0_20": 0.25}
[pair_G] {"steps": 4904960, "elapsed_s": 8977.3, "coordination_ring_sparse20": 0.0, "coordination_ring_potter0_20": 0.6, "centre_pots_sparse20": 62.0, "centre_pots_potter0_20": 0.25}
[pair_G] {"steps": 4907008, "elapsed_s": 8979.4, "coordination_ring_sparse20": 0.0, "coordination_ring_potter0_20": 0.6, "centre_pots_sparse20": 68.0, "centre_pots_potter0_20": 0.4}
[pair_G] {"steps": 4909056, "elapsed_s": 8981.7, "coordination_ring_sparse20": 0.0, "coordination_ring_potter0_20": 0.6, "centre_pots_sparse20": 69.0, "centre_pots_potter0_20": 0.45}
[pair_G] {"steps": 4911104, "elapsed_s": 8983.4, "coordination_ring_sparse20": 0.0, "coordination_ring_potter0_20": 0.65, "centre_pots_sparse20": 69.0, "centre_pots_potter0_20": 0.45}
[pair_G] {"steps": 4913152, "elapsed_s": 8985.5, "coordination_ring_sparse20": 0.0, "coordination_ring_potter0_20": 0.75, "centre_pots_sparse20": 71.0, "centre_pots_potter0_20": 0.5}
[pair_G] {"steps": 4915200, "elapsed_s": 8987.6, "coordination_ring_sparse20": 0.0, "coordination_ring_potter0_20": 0.7, "centre_pots_sparse20": 79.0, "centre_pots_potter0_20": 0.6}
[pair_G] {"steps": 4917248, "elapsed_s": 8990.0, "coordination_ring_sparse20": 0.0, "coordination_ring_potter0_20": 0.65, "centre_pots_sparse20": 81.0, "centre_pots_potter0_20": 0.65}
[pair_G] {"steps": 4919296, "elapsed_s": 8992.5, "coordination_ring_sparse20": 0.0, "coordination_ring_potter0_20": 0.6, "centre_pots_sparse20": 81.0, "centre_pots_potter0_20": 0.75}
[pair_G] {"steps": 4921344, "elapsed_s": 8994.8, "coordination_ring_sparse20": 0.0, "coordination_ring_potter0_20": 0.6, "centre_pots_sparse20": 82.0, "centre_pots_potter0_20": 0.75}
[pair_G] {"steps": 4923392, "elapsed_s": 8997.3, "coordination_ring_sparse20": 0.0, "coordination_ring_potter0_20": 0.6, "centre_pots_sparse20": 81.0, "centre_pots_potter0_20": 0.75}
[pair_G] {"steps": 4925440, "elapsed_s": 8999.7, "coordination_ring_sparse20": 0.0, "coordination_ring_potter0_20": 0.55, "centre_pots_sparse20": 78.0, "centre_pots_potter0_20": 0.7}
[pair_G] {"steps": 4927488, "elapsed_s": 9002.0, "coordination_ring_sparse20": 0.0, "coordination_ring_potter0_20": 0.5, "centre_pots_sparse20": 78.0, "centre_pots_potter0_20": 0.65}
[pair_G] {"steps": 4929536, "elapsed_s": 9004.0, "coordination_ring_sparse20": 0.0, "coordination_ring_potter0_20": 0.5, "centre_pots_sparse20": 78.0, "centre_pots_potter0_20": 0.65}
[pair_G] {"steps": 4931584, "elapsed_s": 9006.1, "coordination_ring_sparse20": 0.0, "coordination_ring_potter0_20": 0.45, "centre_pots_sparse20": 78.0, "centre_pots_potter0_20": 0.65}
[pair_G] {"steps": 4933632, "elapsed_s": 9008.6, "coordination_ring_sparse20": 0.0, "coordination_ring_potter0_20": 0.4, "centre_pots_sparse20": 87.0, "centre_pots_potter0_20": 0.65}
[pair_G] {"steps": 4935680, "elapsed_s": 9010.9, "coordination_ring_sparse20": 0.0, "coordination_ring_potter0_20": 0.4, "centre_pots_sparse20": 88.0, "centre_pots_potter0_20": 0.65}
[pair_G] {"steps": 4937728, "elapsed_s": 9012.6, "coordination_ring_sparse20": 0.0, "coordination_ring_potter0_20": 0.35, "centre_pots_sparse20": 88.0, "centre_pots_potter0_20": 0.65}
[pair_G] {"steps": 4939776, "elapsed_s": 9014.6, "coordination_ring_sparse20": 0.0, "coordination_ring_potter0_20": 0.3, "centre_pots_sparse20": 89.0, "centre_pots_potter0_20": 0.7}
[pair_G] {"steps": 4941824, "elapsed_s": 9016.6, "coordination_ring_sparse20": 0.0, "coordination_ring_potter0_20": 0.35, "centre_pots_sparse20": 92.0, "centre_pots_potter0_20": 0.65}
[pair_G] {"steps": 4943872, "elapsed_s": 9018.5, "coordination_ring_sparse20": 0.0, "coordination_ring_potter0_20": 0.35, "centre_pots_sparse20": 95.0, "centre_pots_potter0_20": 0.6}
[pair_G] {"steps": 4945920, "elapsed_s": 9020.5, "coordination_ring_sparse20": 0.0, "coordination_ring_potter0_20": 0.3, "centre_pots_sparse20": 95.0, "centre_pots_potter0_20": 0.6}
[pair_G] {"steps": 4947968, "elapsed_s": 9022.9, "coordination_ring_sparse20": 0.0, "coordination_ring_potter0_20": 0.3, "centre_pots_sparse20": 97.0, "centre_pots_potter0_20": 0.45}
[pair_G] {"steps": 4950016, "elapsed_s": 9024.7, "coordination_ring_sparse20": 0.0, "coordination_ring_potter0_20": 0.25, "centre_pots_sparse20": 97.0, "centre_pots_potter0_20": 0.4}
[pair_G] {"steps": 4952064, "elapsed_s": 9027.2, "coordination_ring_sparse20": 0.0, "coordination_ring_potter0_20": 0.25, "centre_pots_sparse20": 98.0, "centre_pots_potter0_20": 0.35}
[pair_G] {"steps": 4954112, "elapsed_s": 9029.2, "coordination_ring_sparse20": 0.0, "coordination_ring_potter0_20": 0.35, "centre_pots_sparse20": 95.0, "centre_pots_potter0_20": 0.35}
[pair_G] {"steps": 4956160, "elapsed_s": 9031.4, "coordination_ring_sparse20": 0.0, "coordination_ring_potter0_20": 0.25, "centre_pots_sparse20": 91.0, "centre_pots_potter0_20": 0.25}
[pair_G] {"steps": 4958208, "elapsed_s": 9033.8, "coordination_ring_sparse20": 0.0, "coordination_ring_potter0_20": 0.25, "centre_pots_sparse20": 94.0, "centre_pots_potter0_20": 0.25}
[pair_G] {"steps": 4960256, "elapsed_s": 9036.4, "coordination_ring_sparse20": 0.0, "coordination_ring_potter0_20": 0.25, "centre_pots_sparse20": 90.0, "centre_pots_potter0_20": 0.25}
[pair_G] {"steps": 4962304, "elapsed_s": 9038.5, "coordination_ring_sparse20": 0.0, "coordination_ring_potter0_20": 0.35, "centre_pots_sparse20": 88.0, "centre_pots_potter0_20": 0.25}
[pair_G] {"steps": 4964352, "elapsed_s": 9040.4, "coordination_ring_sparse20": 0.0, "coordination_ring_potter0_20": 0.4, "centre_pots_sparse20": 92.0, "centre_pots_potter0_20": 0.3}
[pair_G] {"steps": 4966400, "elapsed_s": 9042.9, "coordination_ring_sparse20": 0.0, "coordination_ring_potter0_20": 0.4, "centre_pots_sparse20": 84.0, "centre_pots_potter0_20": 0.4}
[pair_G] {"steps": 4968448, "elapsed_s": 9044.6, "coordination_ring_sparse20": 0.0, "coordination_ring_potter0_20": 0.35, "centre_pots_sparse20": 84.0, "centre_pots_potter0_20": 0.4}
[pair_G] {"steps": 4970496, "elapsed_s": 9046.6, "coordination_ring_sparse20": 0.0, "coordination_ring_potter0_20": 0.3, "centre_pots_sparse20": 86.0, "centre_pots_potter0_20": 0.4}
[pair_G] {"steps": 4972544, "elapsed_s": 9048.8, "coordination_ring_sparse20": 0.0, "coordination_ring_potter0_20": 0.3, "centre_pots_sparse20": 86.0, "centre_pots_potter0_20": 0.4}
[pair_G] {"steps": 4974592, "elapsed_s": 9050.8, "coordination_ring_sparse20": 0.0, "coordination_ring_potter0_20": 0.35, "centre_pots_sparse20": 90.0, "centre_pots_potter0_20": 0.45}
[pair_G] {"steps": 4976640, "elapsed_s": 9053.2, "coordination_ring_sparse20": 0.0, "coordination_ring_potter0_20": 0.35, "centre_pots_sparse20": 89.0, "centre_pots_potter0_20": 0.45}
[pair_G] {"steps": 4978688, "elapsed_s": 9055.4, "coordination_ring_sparse20": 0.0, "coordination_ring_potter0_20": 0.3, "centre_pots_sparse20": 86.0, "centre_pots_potter0_20": 0.5}
[pair_G] {"steps": 4980736, "elapsed_s": 9057.9, "coordination_ring_sparse20": 0.0, "coordination_ring_potter0_20": 0.25, "centre_pots_sparse20": 94.0, "centre_pots_potter0_20": 0.55}
[pair_G] {"steps": 4982784, "elapsed_s": 9059.6, "coordination_ring_sparse20": 0.0, "coordination_ring_potter0_20": 0.35, "centre_pots_sparse20": 94.0, "centre_pots_potter0_20": 0.5}
[pair_G] {"steps": 4984832, "elapsed_s": 9062.0, "coordination_ring_sparse20": 0.0, "coordination_ring_potter0_20": 0.35, "centre_pots_sparse20": 99.0, "centre_pots_potter0_20": 0.5}
[pair_G] {"steps": 4986880, "elapsed_s": 9064.3, "coordination_ring_sparse20": 0.0, "coordination_ring_potter0_20": 0.4, "centre_pots_sparse20": 98.0, "centre_pots_potter0_20": 0.5}
[pair_G] {"steps": 4988928, "elapsed_s": 9066.7, "coordination_ring_sparse20": 0.0, "coordination_ring_potter0_20": 0.35, "centre_pots_sparse20": 93.0, "centre_pots_potter0_20": 0.4}
[pair_G] {"steps": 4990976, "elapsed_s": 9069.1, "coordination_ring_sparse20": 0.0, "coordination_ring_potter0_20": 0.4, "centre_pots_sparse20": 99.0, "centre_pots_potter0_20": 0.4}
[pair_G] {"steps": 4993024, "elapsed_s": 9070.9, "coordination_ring_sparse20": 0.0, "coordination_ring_potter0_20": 0.4, "centre_pots_sparse20": 99.0, "centre_pots_potter0_20": 0.4}
[pair_G] {"steps": 4995072, "elapsed_s": 9072.9, "coordination_ring_sparse20": 0.0, "coordination_ring_potter0_20": 0.45, "centre_pots_sparse20": 97.0, "centre_pots_potter0_20": 0.45}
[pair_G] {"steps": 4997120, "elapsed_s": 9075.3, "coordination_ring_sparse20": 0.0, "coordination_ring_potter0_20": 0.4, "centre_pots_sparse20": 93.0, "centre_pots_potter0_20": 0.4}
[pair_G] {"steps": 4999168, "elapsed_s": 9077.7, "coordination_ring_sparse20": 0.0, "coordination_ring_potter0_20": 0.45, "centre_pots_sparse20": 85.0, "centre_pots_potter0_20": 0.35}
[pair_G] {"steps": 5001216, "elapsed_s": 9080.1, "coordination_ring_sparse20": 0.0, "coordination_ring_potter0_20": 0.45, "centre_pots_sparse20": 88.0, "centre_pots_potter0_20": 0.4}
checkpointed /home/Yixiang/MPARL/GOGOGO/outputs/overcooked_mixed_pilot.json
