Gym has been unmaintained since 2022 and does not support NumPy 2.0 amongst other critical functionality.
Please upgrade to Gymnasium, the maintained drop-in replacement of Gym, or contact the authors of your software and request that they upgrade.
Users of this version of Gym should be able to simply replace 'import gym' with 'import gymnasium as gym' in the vast majority of cases.
See the migration guide at https://gymnasium.farama.org/introduction/migration_guide/ for additional information.
[pair_E] {"steps": 2048, "elapsed_s": 1.5, "coordination_ring_sparse20": 0.0, "coordination_ring_potter0_20": 1.0, "bottleneck_sparse20": 0.0, "bottleneck_potter0_20": 0.0}
[pair_E] {"steps": 4096, "elapsed_s": 2.8, "coordination_ring_sparse20": 0.0, "coordination_ring_potter0_20": 0.5, "bottleneck_sparse20": 0.0, "bottleneck_potter0_20": 0.0}
[pair_E] {"steps": 6144, "elapsed_s": 4.4, "coordination_ring_sparse20": 0.0, "coordination_ring_potter0_20": 0.5, "bottleneck_sparse20": 0.0, "bottleneck_potter0_20": 0.0}
[pair_E] {"steps": 8192, "elapsed_s": 5.7, "coordination_ring_sparse20": 0.0, "coordination_ring_potter0_20": 0.5454545454545454, "bottleneck_sparse20": 0.0, "bottleneck_potter0_20": 0.0}
[pair_E] {"steps": 10240, "elapsed_s": 7.1, "coordination_ring_sparse20": 0.0, "coordination_ring_potter0_20": 0.6153846153846154, "bottleneck_sparse20": 0.0, "bottleneck_potter0_20": 0.0}
[pair_E] {"steps": 12288, "elapsed_s": 8.6, "coordination_ring_sparse20": 0.0, "coordination_ring_potter0_20": 0.6, "bottleneck_sparse20": 0.0, "bottleneck_potter0_20": 0.0}
[pair_E] {"steps": 14336, "elapsed_s": 9.9, "coordination_ring_sparse20": 0.0, "coordination_ring_potter0_20": 0.6666666666666666, "bottleneck_sparse20": 0.0, "bottleneck_potter0_20": 0.5}
[pair_E] {"steps": 16384, "elapsed_s": 11.2, "coordination_ring_sparse20": 0.0, "coordination_ring_potter0_20": 0.55, "bottleneck_sparse20": 0.0, "bottleneck_potter0_20": 0.5}
[pair_E] {"steps": 18432, "elapsed_s": 12.6, "coordination_ring_sparse20": 0.0, "coordination_ring_potter0_20": 0.5, "bottleneck_sparse20": 0.0, "bottleneck_potter0_20": 0.4}
[pair_E] {"steps": 20480, "elapsed_s": 13.9, "coordination_ring_sparse20": 0.0, "coordination_ring_potter0_20": 0.5, "bottleneck_sparse20": 0.0, "bottleneck_potter0_20": 0.3333333333333333}
[pair_E] {"steps": 22528, "elapsed_s": 15.2, "coordination_ring_sparse20": 0.0, "coordination_ring_potter0_20": 0.45, "bottleneck_sparse20": 0.0, "bottleneck_potter0_20": 0.2857142857142857}
[pair_E] {"steps": 24576, "elapsed_s": 16.6, "coordination_ring_sparse20": 0.0, "coordination_ring_potter0_20": 0.45, "bottleneck_sparse20": 0.0, "bottleneck_potter0_20": 0.2857142857142857}
[pair_E] {"steps": 26624, "elapsed_s": 18.0, "coordination_ring_sparse20": 0.0, "coordination_ring_potter0_20": 0.4, "bottleneck_sparse20": 0.0, "bottleneck_potter0_20": 0.2857142857142857}
[pair_E] {"steps": 28672, "elapsed_s": 19.5, "coordination_ring_sparse20": 0.0, "coordination_ring_potter0_20": 0.3, "bottleneck_sparse20": 0.0, "bottleneck_potter0_20": 0.2857142857142857}
[pair_E] {"steps": 30720, "elapsed_s": 20.9, "coordination_ring_sparse20": 0.0, "coordination_ring_potter0_20": 0.25, "bottleneck_sparse20": 0.0, "bottleneck_potter0_20": 0.375}
[pair_E] {"steps": 32768, "elapsed_s": 22.4, "coordination_ring_sparse20": 0.0, "coordination_ring_potter0_20": 0.35, "bottleneck_sparse20": 0.0, "bottleneck_potter0_20": 0.375}
[pair_E] {"steps": 34816, "elapsed_s": 23.8, "coordination_ring_sparse20": 0.0, "coordination_ring_potter0_20": 0.4, "bottleneck_sparse20": 0.0, "bottleneck_potter0_20": 0.3333333333333333}
[pair_E] {"steps": 36864, "elapsed_s": 25.2, "coordination_ring_sparse20": 0.0, "coordination_ring_potter0_20": 0.45, "bottleneck_sparse20": 0.0, "bottleneck_potter0_20": 0.4}
[pair_E] {"steps": 38912, "elapsed_s": 26.6, "coordination_ring_sparse20": 0.0, "coordination_ring_potter0_20": 0.3, "bottleneck_sparse20": 0.0, "bottleneck_potter0_20": 0.4}
[pair_E] {"steps": 40960, "elapsed_s": 28.0, "coordination_ring_sparse20": 0.0, "coordination_ring_potter0_20": 0.35, "bottleneck_sparse20": 0.0, "bottleneck_potter0_20": 0.4}
[pair_E] {"steps": 43008, "elapsed_s": 29.5, "coordination_ring_sparse20": 0.0, "coordination_ring_potter0_20": 0.4, "bottleneck_sparse20": 0.0, "bottleneck_potter0_20": 0.4}
[pair_E] {"steps": 45056, "elapsed_s": 30.8, "coordination_ring_sparse20": 0.0, "coordination_ring_potter0_20": 0.4, "bottleneck_sparse20": 0.0, "bottleneck_potter0_20": 0.36363636363636365}
[pair_E] {"steps": 47104, "elapsed_s": 32.1, "coordination_ring_sparse20": 0.0, "coordination_ring_potter0_20": 0.35, "bottleneck_sparse20": 0.0, "bottleneck_potter0_20": 0.4166666666666667}
[pair_E] {"steps": 49152, "elapsed_s": 33.5, "coordination_ring_sparse20": 0.0, "coordination_ring_potter0_20": 0.35, "bottleneck_sparse20": 0.0, "bottleneck_potter0_20": 0.46153846153846156}
[pair_E] {"steps": 51200, "elapsed_s": 34.9, "coordination_ring_sparse20": 0.0, "coordination_ring_potter0_20": 0.4, "bottleneck_sparse20": 0.0, "bottleneck_potter0_20": 0.46153846153846156}
[pair_E] {"steps": 53248, "elapsed_s": 36.2, "coordination_ring_sparse20": 0.0, "coordination_ring_potter0_20": 0.35, "bottleneck_sparse20": 0.0, "bottleneck_potter0_20": 0.5}
[pair_E] {"steps": 55296, "elapsed_s": 37.5, "coordination_ring_sparse20": 0.0, "coordination_ring_potter0_20": 0.4, "bottleneck_sparse20": 0.0, "bottleneck_potter0_20": 0.5333333333333333}
[pair_E] {"steps": 57344, "elapsed_s": 38.9, "coordination_ring_sparse20": 0.0, "coordination_ring_potter0_20": 0.4, "bottleneck_sparse20": 0.0, "bottleneck_potter0_20": 0.5333333333333333}
[pair_E] {"steps": 59392, "elapsed_s": 40.4, "coordination_ring_sparse20": 0.0, "coordination_ring_potter0_20": 0.45, "bottleneck_sparse20": 0.0, "bottleneck_potter0_20": 0.5625}
[pair_E] {"steps": 61440, "elapsed_s": 41.8, "coordination_ring_sparse20": 0.0, "coordination_ring_potter0_20": 0.4, "bottleneck_sparse20": 0.0, "bottleneck_potter0_20": 0.5882352941176471}
[pair_E] {"steps": 63488, "elapsed_s": 43.1, "coordination_ring_sparse20": 0.0, "coordination_ring_potter0_20": 0.3, "bottleneck_sparse20": 0.0, "bottleneck_potter0_20": 0.5882352941176471}
[pair_E] {"steps": 65536, "elapsed_s": 44.7, "coordination_ring_sparse20": 0.0, "coordination_ring_potter0_20": 0.25, "bottleneck_sparse20": 0.0, "bottleneck_potter0_20": 0.5882352941176471}
[pair_E] {"steps": 67584, "elapsed_s": 46.1, "coordination_ring_sparse20": 0.0, "coordination_ring_potter0_20": 0.15, "bottleneck_sparse20": 0.0, "bottleneck_potter0_20": 0.5882352941176471}
[pair_E] {"steps": 69632, "elapsed_s": 47.7, "coordination_ring_sparse20": 0.0, "coordination_ring_potter0_20": 0.1, "bottleneck_sparse20": 0.0, "bottleneck_potter0_20": 0.6}
[pair_E] {"steps": 71680, "elapsed_s": 49.1, "coordination_ring_sparse20": 0.0, "coordination_ring_potter0_20": 0.1, "bottleneck_sparse20": 0.0, "bottleneck_potter0_20": 0.65}
[pair_E] {"steps": 73728, "elapsed_s": 50.6, "coordination_ring_sparse20": 0.0, "coordination_ring_potter0_20": 0.05, "bottleneck_sparse20": 0.0, "bottleneck_potter0_20": 0.65}
[pair_E] {"steps": 75776, "elapsed_s": 52.2, "coordination_ring_sparse20": 0.0, "coordination_ring_potter0_20": 0.05, "bottleneck_sparse20": 0.0, "bottleneck_potter0_20": 0.7}
[pair_E] {"steps": 77824, "elapsed_s": 53.7, "coordination_ring_sparse20": 0.0, "coordination_ring_potter0_20": 0.05, "bottleneck_sparse20": 0.0, "bottleneck_potter0_20": 0.8}
[pair_E] {"steps": 79872, "elapsed_s": 55.1, "coordination_ring_sparse20": 0.0, "coordination_ring_potter0_20": 0.1, "bottleneck_sparse20": 0.0, "bottleneck_potter0_20": 0.8}
[pair_E] {"steps": 81920, "elapsed_s": 56.5, "coordination_ring_sparse20": 0.0, "coordination_ring_potter0_20": 0.2, "bottleneck_sparse20": 0.0, "bottleneck_potter0_20": 0.9}
[pair_E] {"steps": 83968, "elapsed_s": 57.9, "coordination_ring_sparse20": 1.0, "coordination_ring_potter0_20": 0.25, "bottleneck_sparse20": 0.0, "bottleneck_potter0_20": 0.9}
[pair_E] {"steps": 86016, "elapsed_s": 59.3, "coordination_ring_sparse20": 2.0, "coordination_ring_potter0_20": 0.35, "bottleneck_sparse20": 0.0, "bottleneck_potter0_20": 0.9}
[pair_E] {"steps": 88064, "elapsed_s": 60.8, "coordination_ring_sparse20": 2.0, "coordination_ring_potter0_20": 0.4, "bottleneck_sparse20": 0.0, "bottleneck_potter0_20": 0.95}
[pair_E] {"steps": 90112, "elapsed_s": 62.3, "coordination_ring_sparse20": 2.0, "coordination_ring_potter0_20": 0.4, "bottleneck_sparse20": 0.0, "bottleneck_potter0_20": 0.95}
[pair_E] {"steps": 92160, "elapsed_s": 63.7, "coordination_ring_sparse20": 2.0, "coordination_ring_potter0_20": 0.45, "bottleneck_sparse20": 0.0, "bottleneck_potter0_20": 0.95}
[pair_E] {"steps": 94208, "elapsed_s": 65.0, "coordination_ring_sparse20": 3.0, "coordination_ring_potter0_20": 0.55, "bottleneck_sparse20": 0.0, "bottleneck_potter0_20": 0.95}
[pair_E] {"steps": 96256, "elapsed_s": 66.5, "coordination_ring_sparse20": 4.0, "coordination_ring_potter0_20": 0.6, "bottleneck_sparse20": 0.0, "bottleneck_potter0_20": 0.95}
[pair_E] {"steps": 98304, "elapsed_s": 67.9, "coordination_ring_sparse20": 5.0, "coordination_ring_potter0_20": 0.55, "bottleneck_sparse20": 0.0, "bottleneck_potter0_20": 0.9}
[pair_E] {"steps": 100352, "elapsed_s": 69.3, "coordination_ring_sparse20": 5.0, "coordination_ring_potter0_20": 0.55, "bottleneck_sparse20": 0.0, "bottleneck_potter0_20": 0.9}
[pair_E] {"steps": 102400, "elapsed_s": 70.7, "coordination_ring_sparse20": 3.0, "coordination_ring_potter0_20": 0.5, "bottleneck_sparse20": 0.0, "bottleneck_potter0_20": 0.85}
[pair_E] {"steps": 104448, "elapsed_s": 72.1, "coordination_ring_sparse20": 3.0, "coordination_ring_potter0_20": 0.55, "bottleneck_sparse20": 0.0, "bottleneck_potter0_20": 0.8}
[pair_E] {"steps": 106496, "elapsed_s": 73.5, "coordination_ring_sparse20": 3.0, "coordination_ring_potter0_20": 0.55, "bottleneck_sparse20": 0.0, "bottleneck_potter0_20": 0.75}
[pair_E] {"steps": 108544, "elapsed_s": 74.9, "coordination_ring_sparse20": 3.0, "coordination_ring_potter0_20": 0.5, "bottleneck_sparse20": 0.0, "bottleneck_potter0_20": 0.65}
[pair_E] {"steps": 110592, "elapsed_s": 76.4, "coordination_ring_sparse20": 3.0, "coordination_ring_potter0_20": 0.45, "bottleneck_sparse20": 0.0, "bottleneck_potter0_20": 0.6}
[pair_E] {"steps": 112640, "elapsed_s": 78.1, "coordination_ring_sparse20": 1.0, "coordination_ring_potter0_20": 0.35, "bottleneck_sparse20": 0.0, "bottleneck_potter0_20": 0.6}
[pair_E] {"steps": 114688, "elapsed_s": 79.5, "coordination_ring_sparse20": 0.0, "coordination_ring_potter0_20": 0.35, "bottleneck_sparse20": 0.0, "bottleneck_potter0_20": 0.55}
[pair_E] {"steps": 116736, "elapsed_s": 80.8, "coordination_ring_sparse20": 1.0, "coordination_ring_potter0_20": 0.25, "bottleneck_sparse20": 0.0, "bottleneck_potter0_20": 0.55}
[pair_E] {"steps": 118784, "elapsed_s": 82.3, "coordination_ring_sparse20": 1.0, "coordination_ring_potter0_20": 0.25, "bottleneck_sparse20": 0.0, "bottleneck_potter0_20": 0.55}
[pair_E] {"steps": 120832, "elapsed_s": 83.7, "coordination_ring_sparse20": 1.0, "coordination_ring_potter0_20": 0.35, "bottleneck_sparse20": 0.0, "bottleneck_potter0_20": 0.55}
[pair_E] {"steps": 122880, "elapsed_s": 85.1, "coordination_ring_sparse20": 1.0, "coordination_ring_potter0_20": 0.3, "bottleneck_sparse20": 0.0, "bottleneck_potter0_20": 0.65}
[pair_E] {"steps": 124928, "elapsed_s": 86.5, "coordination_ring_sparse20": 1.0, "coordination_ring_potter0_20": 0.3, "bottleneck_sparse20": 0.0, "bottleneck_potter0_20": 0.65}
[pair_E] {"steps": 126976, "elapsed_s": 87.9, "coordination_ring_sparse20": 1.0, "coordination_ring_potter0_20": 0.3, "bottleneck_sparse20": 0.0, "bottleneck_potter0_20": 0.55}
[pair_E] {"steps": 129024, "elapsed_s": 89.4, "coordination_ring_sparse20": 3.0, "coordination_ring_potter0_20": 0.45, "bottleneck_sparse20": 0.0, "bottleneck_potter0_20": 0.55}
[pair_E] {"steps": 131072, "elapsed_s": 90.8, "coordination_ring_sparse20": 2.0, "coordination_ring_potter0_20": 0.5, "bottleneck_sparse20": 0.0, "bottleneck_potter0_20": 0.65}
[pair_E] {"steps": 133120, "elapsed_s": 92.2, "coordination_ring_sparse20": 2.0, "coordination_ring_potter0_20": 0.45, "bottleneck_sparse20": 0.0, "bottleneck_potter0_20": 0.65}
[pair_E] {"steps": 135168, "elapsed_s": 93.6, "coordination_ring_sparse20": 2.0, "coordination_ring_potter0_20": 0.4, "bottleneck_sparse20": 0.0, "bottleneck_potter0_20": 0.75}
[pair_E] {"steps": 137216, "elapsed_s": 95.0, "coordination_ring_sparse20": 2.0, "coordination_ring_potter0_20": 0.45, "bottleneck_sparse20": 0.0, "bottleneck_potter0_20": 0.7}
[pair_E] {"steps": 139264, "elapsed_s": 96.4, "coordination_ring_sparse20": 2.0, "coordination_ring_potter0_20": 0.45, "bottleneck_sparse20": 0.0, "bottleneck_potter0_20": 0.65}
[pair_E] {"steps": 141312, "elapsed_s": 97.9, "coordination_ring_sparse20": 2.0, "coordination_ring_potter0_20": 0.45, "bottleneck_sparse20": 0.0, "bottleneck_potter0_20": 0.7}
[pair_E] {"steps": 143360, "elapsed_s": 99.4, "coordination_ring_sparse20": 2.0, "coordination_ring_potter0_20": 0.45, "bottleneck_sparse20": 0.0, "bottleneck_potter0_20": 0.7}
[pair_E] {"steps": 145408, "elapsed_s": 100.9, "coordination_ring_sparse20": 2.0, "coordination_ring_potter0_20": 0.4, "bottleneck_sparse20": 0.0, "bottleneck_potter0_20": 0.75}
[pair_E] {"steps": 147456, "elapsed_s": 102.2, "coordination_ring_sparse20": 3.0, "coordination_ring_potter0_20": 0.35, "bottleneck_sparse20": 0.0, "bottleneck_potter0_20": 0.75}
[pair_E] {"steps": 149504, "elapsed_s": 103.7, "coordination_ring_sparse20": 2.0, "coordination_ring_potter0_20": 0.25, "bottleneck_sparse20": 0.0, "bottleneck_potter0_20": 0.8}
[pair_E] {"steps": 151552, "elapsed_s": 105.2, "coordination_ring_sparse20": 2.0, "coordination_ring_potter0_20": 0.3, "bottleneck_sparse20": 0.0, "bottleneck_potter0_20": 0.8}
[pair_E] {"steps": 153600, "elapsed_s": 106.7, "coordination_ring_sparse20": 2.0, "coordination_ring_potter0_20": 0.3, "bottleneck_sparse20": 0.0, "bottleneck_potter0_20": 0.85}
[pair_E] {"steps": 155648, "elapsed_s": 108.1, "coordination_ring_sparse20": 2.0, "coordination_ring_potter0_20": 0.35, "bottleneck_sparse20": 0.0, "bottleneck_potter0_20": 0.85}
[pair_E] {"steps": 157696, "elapsed_s": 109.5, "coordination_ring_sparse20": 3.0, "coordination_ring_potter0_20": 0.35, "bottleneck_sparse20": 0.0, "bottleneck_potter0_20": 0.9}
[pair_E] {"steps": 159744, "elapsed_s": 110.8, "coordination_ring_sparse20": 3.0, "coordination_ring_potter0_20": 0.35, "bottleneck_sparse20": 0.0, "bottleneck_potter0_20": 0.9}
[pair_E] {"steps": 161792, "elapsed_s": 112.2, "coordination_ring_sparse20": 4.0, "coordination_ring_potter0_20": 0.35, "bottleneck_sparse20": 0.0, "bottleneck_potter0_20": 0.9}
[pair_E] {"steps": 163840, "elapsed_s": 113.6, "coordination_ring_sparse20": 3.0, "coordination_ring_potter0_20": 0.35, "bottleneck_sparse20": 0.0, "bottleneck_potter0_20": 0.9}
[pair_E] {"steps": 165888, "elapsed_s": 115.1, "coordination_ring_sparse20": 2.0, "coordination_ring_potter0_20": 0.35, "bottleneck_sparse20": 0.0, "bottleneck_potter0_20": 0.9}
[pair_E] {"steps": 167936, "elapsed_s": 116.6, "coordination_ring_sparse20": 2.0, "coordination_ring_potter0_20": 0.35, "bottleneck_sparse20": 0.0, "bottleneck_potter0_20": 0.85}
[pair_E] {"steps": 169984, "elapsed_s": 118.0, "coordination_ring_sparse20": 2.0, "coordination_ring_potter0_20": 0.35, "bottleneck_sparse20": 0.0, "bottleneck_potter0_20": 0.85}
[pair_E] {"steps": 172032, "elapsed_s": 119.3, "coordination_ring_sparse20": 2.0, "coordination_ring_potter0_20": 0.3, "bottleneck_sparse20": 0.0, "bottleneck_potter0_20": 0.85}
[pair_E] {"steps": 174080, "elapsed_s": 120.8, "coordination_ring_sparse20": 2.0, "coordination_ring_potter0_20": 0.35, "bottleneck_sparse20": 0.0, "bottleneck_potter0_20": 0.75}
[pair_E] {"steps": 176128, "elapsed_s": 122.4, "coordination_ring_sparse20": 1.0, "coordination_ring_potter0_20": 0.3, "bottleneck_sparse20": 0.0, "bottleneck_potter0_20": 0.75}
[pair_E] {"steps": 178176, "elapsed_s": 123.8, "coordination_ring_sparse20": 1.0, "coordination_ring_potter0_20": 0.3, "bottleneck_sparse20": 0.0, "bottleneck_potter0_20": 0.8}
[pair_E] {"steps": 180224, "elapsed_s": 125.2, "coordination_ring_sparse20": 1.0, "coordination_ring_potter0_20": 0.4, "bottleneck_sparse20": 0.0, "bottleneck_potter0_20": 0.8}
[pair_E] {"steps": 182272, "elapsed_s": 126.6, "coordination_ring_sparse20": 2.0, "coordination_ring_potter0_20": 0.4, "bottleneck_sparse20": 0.0, "bottleneck_potter0_20": 0.85}
[pair_E] {"steps": 184320, "elapsed_s": 128.2, "coordination_ring_sparse20": 2.0, "coordination_ring_potter0_20": 0.4, "bottleneck_sparse20": 0.0, "bottleneck_potter0_20": 0.85}
[pair_E] {"steps": 186368, "elapsed_s": 129.6, "coordination_ring_sparse20": 2.0, "coordination_ring_potter0_20": 0.35, "bottleneck_sparse20": 0.0, "bottleneck_potter0_20": 0.85}
[pair_E] {"steps": 188416, "elapsed_s": 131.1, "coordination_ring_sparse20": 3.0, "coordination_ring_potter0_20": 0.3, "bottleneck_sparse20": 0.0, "bottleneck_potter0_20": 0.85}
[pair_E] {"steps": 190464, "elapsed_s": 132.5, "coordination_ring_sparse20": 3.0, "coordination_ring_potter0_20": 0.3, "bottleneck_sparse20": 0.0, "bottleneck_potter0_20": 0.85}
[pair_E] {"steps": 192512, "elapsed_s": 133.9, "coordination_ring_sparse20": 2.0, "coordination_ring_potter0_20": 0.25, "bottleneck_sparse20": 0.0, "bottleneck_potter0_20": 0.9}
[pair_E] {"steps": 194560, "elapsed_s": 135.2, "coordination_ring_sparse20": 2.0, "coordination_ring_potter0_20": 0.3, "bottleneck_sparse20": 0.0, "bottleneck_potter0_20": 0.95}
[pair_E] {"steps": 196608, "elapsed_s": 136.6, "coordination_ring_sparse20": 2.0, "coordination_ring_potter0_20": 0.25, "bottleneck_sparse20": 0.0, "bottleneck_potter0_20": 0.9}
[pair_E] {"steps": 198656, "elapsed_s": 138.0, "coordination_ring_sparse20": 2.0, "coordination_ring_potter0_20": 0.25, "bottleneck_sparse20": 0.0, "bottleneck_potter0_20": 0.8}
[pair_E] {"steps": 200704, "elapsed_s": 139.5, "coordination_ring_sparse20": 3.0, "coordination_ring_potter0_20": 0.2, "bottleneck_sparse20": 0.0, "bottleneck_potter0_20": 0.85}
[pair_E] {"steps": 202752, "elapsed_s": 140.8, "coordination_ring_sparse20": 3.0, "coordination_ring_potter0_20": 0.25, "bottleneck_sparse20": 0.0, "bottleneck_potter0_20": 0.8}
[pair_E] {"steps": 204800, "elapsed_s": 142.2, "coordination_ring_sparse20": 3.0, "coordination_ring_potter0_20": 0.35, "bottleneck_sparse20": 0.0, "bottleneck_potter0_20": 0.75}
[pair_E] {"steps": 206848, "elapsed_s": 143.6, "coordination_ring_sparse20": 3.0, "coordination_ring_potter0_20": 0.4, "bottleneck_sparse20": 0.0, "bottleneck_potter0_20": 0.65}
[pair_E] {"steps": 208896, "elapsed_s": 145.1, "coordination_ring_sparse20": 3.0, "coordination_ring_potter0_20": 0.45, "bottleneck_sparse20": 0.0, "bottleneck_potter0_20": 0.6}
[pair_E] {"steps": 210944, "elapsed_s": 146.5, "coordination_ring_sparse20": 3.0, "coordination_ring_potter0_20": 0.35, "bottleneck_sparse20": 0.0, "bottleneck_potter0_20": 0.6}
[pair_E] {"steps": 212992, "elapsed_s": 147.9, "coordination_ring_sparse20": 3.0, "coordination_ring_potter0_20": 0.35, "bottleneck_sparse20": 0.0, "bottleneck_potter0_20": 0.65}
[pair_E] {"steps": 215040, "elapsed_s": 149.4, "coordination_ring_sparse20": 3.0, "coordination_ring_potter0_20": 0.35, "bottleneck_sparse20": 0.0, "bottleneck_potter0_20": 0.65}
[pair_E] {"steps": 217088, "elapsed_s": 151.0, "coordination_ring_sparse20": 2.0, "coordination_ring_potter0_20": 0.4, "bottleneck_sparse20": 0.0, "bottleneck_potter0_20": 0.65}
[pair_E] {"steps": 219136, "elapsed_s": 152.7, "coordination_ring_sparse20": 1.0, "coordination_ring_potter0_20": 0.4, "bottleneck_sparse20": 0.0, "bottleneck_potter0_20": 0.65}
[pair_E] {"steps": 221184, "elapsed_s": 154.2, "coordination_ring_sparse20": 1.0, "coordination_ring_potter0_20": 0.4, "bottleneck_sparse20": 0.0, "bottleneck_potter0_20": 0.7}
[pair_E] {"steps": 223232, "elapsed_s": 155.6, "coordination_ring_sparse20": 1.0, "coordination_ring_potter0_20": 0.4, "bottleneck_sparse20": 0.0, "bottleneck_potter0_20": 0.85}
[pair_E] {"steps": 225280, "elapsed_s": 157.0, "coordination_ring_sparse20": 2.0, "coordination_ring_potter0_20": 0.35, "bottleneck_sparse20": 0.0, "bottleneck_potter0_20": 0.9}
[pair_E] {"steps": 227328, "elapsed_s": 158.6, "coordination_ring_sparse20": 2.0, "coordination_ring_potter0_20": 0.35, "bottleneck_sparse20": 0.0, "bottleneck_potter0_20": 0.9}
[pair_E] {"steps": 229376, "elapsed_s": 160.0, "coordination_ring_sparse20": 1.0, "coordination_ring_potter0_20": 0.35, "bottleneck_sparse20": 0.0, "bottleneck_potter0_20": 1.0}
[pair_E] {"steps": 231424, "elapsed_s": 161.5, "coordination_ring_sparse20": 1.0, "coordination_ring_potter0_20": 0.45, "bottleneck_sparse20": 0.0, "bottleneck_potter0_20": 1.0}
[pair_E] {"steps": 233472, "elapsed_s": 162.9, "coordination_ring_sparse20": 1.0, "coordination_ring_potter0_20": 0.35, "bottleneck_sparse20": 0.0, "bottleneck_potter0_20": 0.95}
[pair_E] {"steps": 235520, "elapsed_s": 164.2, "coordination_ring_sparse20": 1.0, "coordination_ring_potter0_20": 0.3, "bottleneck_sparse20": 0.0, "bottleneck_potter0_20": 0.95}
[pair_E] {"steps": 237568, "elapsed_s": 165.7, "coordination_ring_sparse20": 1.0, "coordination_ring_potter0_20": 0.25, "bottleneck_sparse20": 0.0, "bottleneck_potter0_20": 0.9}
[pair_E] {"steps": 239616, "elapsed_s": 167.1, "coordination_ring_sparse20": 1.0, "coordination_ring_potter0_20": 0.3, "bottleneck_sparse20": 0.0, "bottleneck_potter0_20": 0.8}
[pair_E] {"steps": 241664, "elapsed_s": 168.5, "coordination_ring_sparse20": 0.0, "coordination_ring_potter0_20": 0.3, "bottleneck_sparse20": 0.0, "bottleneck_potter0_20": 0.8}
[pair_E] {"steps": 243712, "elapsed_s": 170.0, "coordination_ring_sparse20": 0.0, "coordination_ring_potter0_20": 0.35, "bottleneck_sparse20": 0.0, "bottleneck_potter0_20": 0.8}
[pair_E] {"steps": 245760, "elapsed_s": 171.4, "coordination_ring_sparse20": 0.0, "coordination_ring_potter0_20": 0.35, "bottleneck_sparse20": 0.0, "bottleneck_potter0_20": 0.8}
[pair_E] {"steps": 247808, "elapsed_s": 172.8, "coordination_ring_sparse20": 0.0, "coordination_ring_potter0_20": 0.3, "bottleneck_sparse20": 0.0, "bottleneck_potter0_20": 0.8}
[pair_E] {"steps": 249856, "elapsed_s": 174.3, "coordination_ring_sparse20": 0.0, "coordination_ring_potter0_20": 0.3, "bottleneck_sparse20": 0.0, "bottleneck_potter0_20": 0.8}
[pair_E] {"steps": 251904, "elapsed_s": 175.8, "coordination_ring_sparse20": 0.0, "coordination_ring_potter0_20": 0.3, "bottleneck_sparse20": 0.0, "bottleneck_potter0_20": 0.85}
[pair_E] {"steps": 253952, "elapsed_s": 177.2, "coordination_ring_sparse20": 0.0, "coordination_ring_potter0_20": 0.2, "bottleneck_sparse20": 0.0, "bottleneck_potter0_20": 0.9}
[pair_E] {"steps": 256000, "elapsed_s": 178.7, "coordination_ring_sparse20": 0.0, "coordination_ring_potter0_20": 0.15, "bottleneck_sparse20": 0.0, "bottleneck_potter0_20": 0.9}
[pair_E] {"steps": 258048, "elapsed_s": 180.1, "coordination_ring_sparse20": 1.0, "coordination_ring_potter0_20": 0.15, "bottleneck_sparse20": 0.0, "bottleneck_potter0_20": 0.95}
[pair_E] {"steps": 260096, "elapsed_s": 181.5, "coordination_ring_sparse20": 1.0, "coordination_ring_potter0_20": 0.1, "bottleneck_sparse20": 0.0, "bottleneck_potter0_20": 0.95}
[pair_E] {"steps": 262144, "elapsed_s": 182.9, "coordination_ring_sparse20": 1.0, "coordination_ring_potter0_20": 0.05, "bottleneck_sparse20": 0.0, "bottleneck_potter0_20": 0.95}
[pair_E] {"steps": 264192, "elapsed_s": 184.2, "coordination_ring_sparse20": 1.0, "coordination_ring_potter0_20": 0.05, "bottleneck_sparse20": 0.0, "bottleneck_potter0_20": 0.95}
[pair_E] {"steps": 266240, "elapsed_s": 185.7, "coordination_ring_sparse20": 2.0, "coordination_ring_potter0_20": 0.1, "bottleneck_sparse20": 0.0, "bottleneck_potter0_20": 0.95}
[pair_E] {"steps": 268288, "elapsed_s": 187.1, "coordination_ring_sparse20": 5.0, "coordination_ring_potter0_20": 0.1, "bottleneck_sparse20": 0.0, "bottleneck_potter0_20": 0.95}
[pair_E] {"steps": 270336, "elapsed_s": 188.6, "coordination_ring_sparse20": 5.0, "coordination_ring_potter0_20": 0.1, "bottleneck_sparse20": 0.0, "bottleneck_potter0_20": 0.95}
[pair_E] {"steps": 272384, "elapsed_s": 190.3, "coordination_ring_sparse20": 4.0, "coordination_ring_potter0_20": 0.05, "bottleneck_sparse20": 0.0, "bottleneck_potter0_20": 0.9}
[pair_E] {"steps": 274432, "elapsed_s": 191.8, "coordination_ring_sparse20": 5.0, "coordination_ring_potter0_20": 0.05, "bottleneck_sparse20": 0.0, "bottleneck_potter0_20": 0.95}
[pair_E] {"steps": 276480, "elapsed_s": 193.2, "coordination_ring_sparse20": 6.0, "coordination_ring_potter0_20": 0.1, "bottleneck_sparse20": 0.0, "bottleneck_potter0_20": 0.95}
[pair_E] {"steps": 278528, "elapsed_s": 194.8, "coordination_ring_sparse20": 6.0, "coordination_ring_potter0_20": 0.1, "bottleneck_sparse20": 0.0, "bottleneck_potter0_20": 0.85}
[pair_E] {"steps": 280576, "elapsed_s": 196.2, "coordination_ring_sparse20": 8.0, "coordination_ring_potter0_20": 0.1, "bottleneck_sparse20": 0.0, "bottleneck_potter0_20": 0.85}
[pair_E] {"steps": 282624, "elapsed_s": 197.7, "coordination_ring_sparse20": 7.0, "coordination_ring_potter0_20": 0.05, "bottleneck_sparse20": 0.0, "bottleneck_potter0_20": 0.85}
[pair_E] {"steps": 284672, "elapsed_s": 199.3, "coordination_ring_sparse20": 4.0, "coordination_ring_potter0_20": 0.15, "bottleneck_sparse20": 0.0, "bottleneck_potter0_20": 0.8}
[pair_E] {"steps": 286720, "elapsed_s": 200.6, "coordination_ring_sparse20": 4.0, "coordination_ring_potter0_20": 0.2, "bottleneck_sparse20": 0.0, "bottleneck_potter0_20": 0.8}
[pair_E] {"steps": 288768, "elapsed_s": 202.1, "coordination_ring_sparse20": 4.0, "coordination_ring_potter0_20": 0.2, "bottleneck_sparse20": 0.0, "bottleneck_potter0_20": 0.85}
[pair_E] {"steps": 290816, "elapsed_s": 203.5, "coordination_ring_sparse20": 6.0, "coordination_ring_potter0_20": 0.25, "bottleneck_sparse20": 0.0, "bottleneck_potter0_20": 0.85}
[pair_E] {"steps": 292864, "elapsed_s": 205.0, "coordination_ring_sparse20": 5.0, "coordination_ring_potter0_20": 0.25, "bottleneck_sparse20": 0.0, "bottleneck_potter0_20": 0.9}
[pair_E] {"steps": 294912, "elapsed_s": 206.3, "coordination_ring_sparse20": 6.0, "coordination_ring_potter0_20": 0.2, "bottleneck_sparse20": 0.0, "bottleneck_potter0_20": 0.9}
[pair_E] {"steps": 296960, "elapsed_s": 207.7, "coordination_ring_sparse20": 5.0, "coordination_ring_potter0_20": 0.2, "bottleneck_sparse20": 0.0, "bottleneck_potter0_20": 0.9}
[pair_E] {"steps": 299008, "elapsed_s": 209.1, "coordination_ring_sparse20": 6.0, "coordination_ring_potter0_20": 0.2, "bottleneck_sparse20": 0.0, "bottleneck_potter0_20": 0.9}
[pair_E] {"steps": 301056, "elapsed_s": 210.5, "coordination_ring_sparse20": 6.0, "coordination_ring_potter0_20": 0.25, "bottleneck_sparse20": 0.0, "bottleneck_potter0_20": 0.9}
[pair_E] {"steps": 303104, "elapsed_s": 211.9, "coordination_ring_sparse20": 7.0, "coordination_ring_potter0_20": 0.3, "bottleneck_sparse20": 0.0, "bottleneck_potter0_20": 0.9}
[pair_E] {"steps": 305152, "elapsed_s": 213.3, "coordination_ring_sparse20": 8.0, "coordination_ring_potter0_20": 0.3, "bottleneck_sparse20": 0.0, "bottleneck_potter0_20": 0.8}
[pair_E] {"steps": 307200, "elapsed_s": 214.7, "coordination_ring_sparse20": 10.0, "coordination_ring_potter0_20": 0.25, "bottleneck_sparse20": 0.0, "bottleneck_potter0_20": 0.8}
[pair_E] {"steps": 309248, "elapsed_s": 216.2, "coordination_ring_sparse20": 11.0, "coordination_ring_potter0_20": 0.3, "bottleneck_sparse20": 0.0, "bottleneck_potter0_20": 0.8}
[pair_E] {"steps": 311296, "elapsed_s": 217.6, "coordination_ring_sparse20": 10.0, "coordination_ring_potter0_20": 0.35, "bottleneck_sparse20": 0.0, "bottleneck_potter0_20": 0.8}
[pair_E] {"steps": 313344, "elapsed_s": 219.0, "coordination_ring_sparse20": 10.0, "coordination_ring_potter0_20": 0.35, "bottleneck_sparse20": 0.0, "bottleneck_potter0_20": 0.8}
[pair_E] {"steps": 315392, "elapsed_s": 220.6, "coordination_ring_sparse20": 9.0, "coordination_ring_potter0_20": 0.45, "bottleneck_sparse20": 0.0, "bottleneck_potter0_20": 0.85}
[pair_E] {"steps": 317440, "elapsed_s": 222.0, "coordination_ring_sparse20": 14.0, "coordination_ring_potter0_20": 0.4, "bottleneck_sparse20": 0.0, "bottleneck_potter0_20": 0.85}
[pair_E] {"steps": 319488, "elapsed_s": 223.5, "coordination_ring_sparse20": 16.0, "coordination_ring_potter0_20": 0.3, "bottleneck_sparse20": 0.0, "bottleneck_potter0_20": 0.85}
[pair_E] {"steps": 321536, "elapsed_s": 224.9, "coordination_ring_sparse20": 16.0, "coordination_ring_potter0_20": 0.3, "bottleneck_sparse20": 0.0, "bottleneck_potter0_20": 0.95}
[pair_E] {"steps": 323584, "elapsed_s": 226.4, "coordination_ring_sparse20": 17.0, "coordination_ring_potter0_20": 0.45, "bottleneck_sparse20": 0.0, "bottleneck_potter0_20": 0.95}
[pair_E] {"steps": 325632, "elapsed_s": 227.9, "coordination_ring_sparse20": 16.0, "coordination_ring_potter0_20": 0.45, "bottleneck_sparse20": 0.0, "bottleneck_potter0_20": 1.0}
[pair_E] {"steps": 327680, "elapsed_s": 229.3, "coordination_ring_sparse20": 17.0, "coordination_ring_potter0_20": 0.5, "bottleneck_sparse20": 0.0, "bottleneck_potter0_20": 1.0}
[pair_E] {"steps": 329728, "elapsed_s": 230.7, "coordination_ring_sparse20": 17.0, "coordination_ring_potter0_20": 0.5, "bottleneck_sparse20": 0.0, "bottleneck_potter0_20": 1.0}
[pair_E] {"steps": 331776, "elapsed_s": 232.2, "coordination_ring_sparse20": 18.0, "coordination_ring_potter0_20": 0.45, "bottleneck_sparse20": 0.0, "bottleneck_potter0_20": 0.95}
[pair_E] {"steps": 333824, "elapsed_s": 233.7, "coordination_ring_sparse20": 15.0, "coordination_ring_potter0_20": 0.45, "bottleneck_sparse20": 0.0, "bottleneck_potter0_20": 0.9}
[pair_E] {"steps": 335872, "elapsed_s": 235.1, "coordination_ring_sparse20": 13.0, "coordination_ring_potter0_20": 0.45, "bottleneck_sparse20": 0.0, "bottleneck_potter0_20": 0.9}
[pair_E] {"steps": 337920, "elapsed_s": 236.6, "coordination_ring_sparse20": 13.0, "coordination_ring_potter0_20": 0.45, "bottleneck_sparse20": 0.0, "bottleneck_potter0_20": 0.85}
[pair_E] {"steps": 339968, "elapsed_s": 238.4, "coordination_ring_sparse20": 13.0, "coordination_ring_potter0_20": 0.45, "bottleneck_sparse20": 0.0, "bottleneck_potter0_20": 0.85}
[pair_E] {"steps": 342016, "elapsed_s": 240.2, "coordination_ring_sparse20": 12.0, "coordination_ring_potter0_20": 0.45, "bottleneck_sparse20": 0.0, "bottleneck_potter0_20": 0.85}
[pair_E] {"steps": 344064, "elapsed_s": 241.6, "coordination_ring_sparse20": 9.0, "coordination_ring_potter0_20": 0.35, "bottleneck_sparse20": 0.0, "bottleneck_potter0_20": 0.9}
[pair_E] {"steps": 346112, "elapsed_s": 243.1, "coordination_ring_sparse20": 9.0, "coordination_ring_potter0_20": 0.25, "bottleneck_sparse20": 0.0, "bottleneck_potter0_20": 0.9}
[pair_E] {"steps": 348160, "elapsed_s": 244.5, "coordination_ring_sparse20": 12.0, "coordination_ring_potter0_20": 0.3, "bottleneck_sparse20": 0.0, "bottleneck_potter0_20": 0.95}
[pair_E] {"steps": 350208, "elapsed_s": 246.0, "coordination_ring_sparse20": 12.0, "coordination_ring_potter0_20": 0.25, "bottleneck_sparse20": 0.0, "bottleneck_potter0_20": 0.95}
[pair_E] {"steps": 352256, "elapsed_s": 247.4, "coordination_ring_sparse20": 13.0, "coordination_ring_potter0_20": 0.2, "bottleneck_sparse20": 0.0, "bottleneck_potter0_20": 0.9}
[pair_E] {"steps": 354304, "elapsed_s": 248.9, "coordination_ring_sparse20": 13.0, "coordination_ring_potter0_20": 0.15, "bottleneck_sparse20": 0.0, "bottleneck_potter0_20": 0.85}
[pair_E] {"steps": 356352, "elapsed_s": 250.3, "coordination_ring_sparse20": 12.0, "coordination_ring_potter0_20": 0.2, "bottleneck_sparse20": 0.0, "bottleneck_potter0_20": 0.75}
[pair_E] {"steps": 358400, "elapsed_s": 251.7, "coordination_ring_sparse20": 13.0, "coordination_ring_potter0_20": 0.2, "bottleneck_sparse20": 0.0, "bottleneck_potter0_20": 0.75}
[pair_E] {"steps": 360448, "elapsed_s": 253.1, "coordination_ring_sparse20": 12.0, "coordination_ring_potter0_20": 0.15, "bottleneck_sparse20": 0.0, "bottleneck_potter0_20": 0.75}
[pair_E] {"steps": 362496, "elapsed_s": 254.5, "coordination_ring_sparse20": 12.0, "coordination_ring_potter0_20": 0.25, "bottleneck_sparse20": 0.0, "bottleneck_potter0_20": 0.75}
[pair_E] {"steps": 364544, "elapsed_s": 255.9, "coordination_ring_sparse20": 7.0, "coordination_ring_potter0_20": 0.3, "bottleneck_sparse20": 0.0, "bottleneck_potter0_20": 0.7}
[pair_E] {"steps": 366592, "elapsed_s": 257.3, "coordination_ring_sparse20": 8.0, "coordination_ring_potter0_20": 0.3, "bottleneck_sparse20": 0.0, "bottleneck_potter0_20": 0.65}
[pair_E] {"steps": 368640, "elapsed_s": 258.9, "coordination_ring_sparse20": 10.0, "coordination_ring_potter0_20": 0.4, "bottleneck_sparse20": 0.0, "bottleneck_potter0_20": 0.6}
[pair_E] {"steps": 370688, "elapsed_s": 260.2, "coordination_ring_sparse20": 10.0, "coordination_ring_potter0_20": 0.35, "bottleneck_sparse20": 0.0, "bottleneck_potter0_20": 0.65}
[pair_E] {"steps": 372736, "elapsed_s": 261.6, "coordination_ring_sparse20": 8.0, "coordination_ring_potter0_20": 0.3, "bottleneck_sparse20": 0.0, "bottleneck_potter0_20": 0.7}
[pair_E] {"steps": 374784, "elapsed_s": 263.1, "coordination_ring_sparse20": 8.0, "coordination_ring_potter0_20": 0.25, "bottleneck_sparse20": 0.0, "bottleneck_potter0_20": 0.7}
[pair_E] {"steps": 376832, "elapsed_s": 264.5, "coordination_ring_sparse20": 8.0, "coordination_ring_potter0_20": 0.35, "bottleneck_sparse20": 0.0, "bottleneck_potter0_20": 0.75}
[pair_E] {"steps": 378880, "elapsed_s": 266.2, "coordination_ring_sparse20": 8.0, "coordination_ring_potter0_20": 0.3, "bottleneck_sparse20": 0.0, "bottleneck_potter0_20": 0.7}
[pair_E] {"steps": 380928, "elapsed_s": 267.7, "coordination_ring_sparse20": 9.0, "coordination_ring_potter0_20": 0.3, "bottleneck_sparse20": 0.0, "bottleneck_potter0_20": 0.75}
[pair_E] {"steps": 382976, "elapsed_s": 269.2, "coordination_ring_sparse20": 6.0, "coordination_ring_potter0_20": 0.3, "bottleneck_sparse20": 0.0, "bottleneck_potter0_20": 0.75}
[pair_E] {"steps": 385024, "elapsed_s": 270.9, "coordination_ring_sparse20": 7.0, "coordination_ring_potter0_20": 0.25, "bottleneck_sparse20": 0.0, "bottleneck_potter0_20": 0.8}
[pair_E] {"steps": 387072, "elapsed_s": 272.4, "coordination_ring_sparse20": 8.0, "coordination_ring_potter0_20": 0.25, "bottleneck_sparse20": 0.0, "bottleneck_potter0_20": 0.85}
[pair_E] {"steps": 389120, "elapsed_s": 273.8, "coordination_ring_sparse20": 9.0, "coordination_ring_potter0_20": 0.3, "bottleneck_sparse20": 0.0, "bottleneck_potter0_20": 0.9}
[pair_E] {"steps": 391168, "elapsed_s": 275.4, "coordination_ring_sparse20": 11.0, "coordination_ring_potter0_20": 0.3, "bottleneck_sparse20": 0.0, "bottleneck_potter0_20": 0.9}
[pair_E] {"steps": 393216, "elapsed_s": 276.8, "coordination_ring_sparse20": 12.0, "coordination_ring_potter0_20": 0.15, "bottleneck_sparse20": 0.0, "bottleneck_potter0_20": 0.9}
[pair_E] {"steps": 395264, "elapsed_s": 278.2, "coordination_ring_sparse20": 14.0, "coordination_ring_potter0_20": 0.15, "bottleneck_sparse20": 0.0, "bottleneck_potter0_20": 0.95}
[pair_E] {"steps": 397312, "elapsed_s": 279.6, "coordination_ring_sparse20": 15.0, "coordination_ring_potter0_20": 0.15, "bottleneck_sparse20": 0.0, "bottleneck_potter0_20": 0.95}
[pair_E] {"steps": 399360, "elapsed_s": 281.0, "coordination_ring_sparse20": 15.0, "coordination_ring_potter0_20": 0.1, "bottleneck_sparse20": 0.0, "bottleneck_potter0_20": 1.0}
[pair_E] {"steps": 401408, "elapsed_s": 282.5, "coordination_ring_sparse20": 13.0, "coordination_ring_potter0_20": 0.1, "bottleneck_sparse20": 0.0, "bottleneck_potter0_20": 1.0}
[pair_E] {"steps": 403456, "elapsed_s": 283.8, "coordination_ring_sparse20": 12.0, "coordination_ring_potter0_20": 0.1, "bottleneck_sparse20": 0.0, "bottleneck_potter0_20": 1.0}
[pair_E] {"steps": 405504, "elapsed_s": 285.3, "coordination_ring_sparse20": 12.0, "coordination_ring_potter0_20": 0.15, "bottleneck_sparse20": 0.0, "bottleneck_potter0_20": 1.0}
[pair_E] {"steps": 407552, "elapsed_s": 286.7, "coordination_ring_sparse20": 11.0, "coordination_ring_potter0_20": 0.2, "bottleneck_sparse20": 0.0, "bottleneck_potter0_20": 1.0}
[pair_E] {"steps": 409600, "elapsed_s": 288.1, "coordination_ring_sparse20": 10.0, "coordination_ring_potter0_20": 0.3, "bottleneck_sparse20": 0.0, "bottleneck_potter0_20": 1.0}
[pair_E] {"steps": 411648, "elapsed_s": 289.5, "coordination_ring_sparse20": 10.0, "coordination_ring_potter0_20": 0.4, "bottleneck_sparse20": 0.0, "bottleneck_potter0_20": 1.0}
[pair_E] {"steps": 413696, "elapsed_s": 291.0, "coordination_ring_sparse20": 7.0, "coordination_ring_potter0_20": 0.4, "bottleneck_sparse20": 0.0, "bottleneck_potter0_20": 1.0}
[pair_E] {"steps": 415744, "elapsed_s": 292.4, "coordination_ring_sparse20": 6.0, "coordination_ring_potter0_20": 0.5, "bottleneck_sparse20": 0.0, "bottleneck_potter0_20": 1.0}
[pair_E] {"steps": 417792, "elapsed_s": 293.8, "coordination_ring_sparse20": 6.0, "coordination_ring_potter0_20": 0.55, "bottleneck_sparse20": 0.0, "bottleneck_potter0_20": 1.0}
[pair_E] {"steps": 419840, "elapsed_s": 295.3, "coordination_ring_sparse20": 6.0, "coordination_ring_potter0_20": 0.55, "bottleneck_sparse20": 0.0, "bottleneck_potter0_20": 0.95}
[pair_E] {"steps": 421888, "elapsed_s": 296.7, "coordination_ring_sparse20": 8.0, "coordination_ring_potter0_20": 0.6, "bottleneck_sparse20": 0.0, "bottleneck_potter0_20": 0.95}
[pair_E] {"steps": 423936, "elapsed_s": 298.2, "coordination_ring_sparse20": 9.0, "coordination_ring_potter0_20": 0.5, "bottleneck_sparse20": 0.0, "bottleneck_potter0_20": 0.95}
[pair_E] {"steps": 425984, "elapsed_s": 299.7, "coordination_ring_sparse20": 8.0, "coordination_ring_potter0_20": 0.35, "bottleneck_sparse20": 0.0, "bottleneck_potter0_20": 0.95}
[pair_E] {"steps": 428032, "elapsed_s": 301.0, "coordination_ring_sparse20": 12.0, "coordination_ring_potter0_20": 0.2, "bottleneck_sparse20": 0.0, "bottleneck_potter0_20": 0.95}
[pair_E] {"steps": 430080, "elapsed_s": 302.5, "coordination_ring_sparse20": 13.0, "coordination_ring_potter0_20": 0.1, "bottleneck_sparse20": 0.0, "bottleneck_potter0_20": 0.9}
[pair_E] {"steps": 432128, "elapsed_s": 304.2, "coordination_ring_sparse20": 10.0, "coordination_ring_potter0_20": 0.1, "bottleneck_sparse20": 0.0, "bottleneck_potter0_20": 0.9}
[pair_E] {"steps": 434176, "elapsed_s": 305.6, "coordination_ring_sparse20": 9.0, "coordination_ring_potter0_20": 0.15, "bottleneck_sparse20": 0.0, "bottleneck_potter0_20": 0.9}
[pair_E] {"steps": 436224, "elapsed_s": 307.0, "coordination_ring_sparse20": 11.0, "coordination_ring_potter0_20": 0.15, "bottleneck_sparse20": 0.0, "bottleneck_potter0_20": 0.9}
[pair_E] {"steps": 438272, "elapsed_s": 308.6, "coordination_ring_sparse20": 12.0, "coordination_ring_potter0_20": 0.2, "bottleneck_sparse20": 0.0, "bottleneck_potter0_20": 0.95}
[pair_E] {"steps": 440320, "elapsed_s": 310.1, "coordination_ring_sparse20": 13.0, "coordination_ring_potter0_20": 0.3, "bottleneck_sparse20": 0.0, "bottleneck_potter0_20": 0.95}
[pair_E] {"steps": 442368, "elapsed_s": 311.6, "coordination_ring_sparse20": 11.0, "coordination_ring_potter0_20": 0.3, "bottleneck_sparse20": 0.0, "bottleneck_potter0_20": 0.95}
[pair_E] {"steps": 444416, "elapsed_s": 313.0, "coordination_ring_sparse20": 11.0, "coordination_ring_potter0_20": 0.35, "bottleneck_sparse20": 0.0, "bottleneck_potter0_20": 0.9}
[pair_E] {"steps": 446464, "elapsed_s": 314.7, "coordination_ring_sparse20": 13.0, "coordination_ring_potter0_20": 0.4, "bottleneck_sparse20": 0.0, "bottleneck_potter0_20": 0.9}
[pair_E] {"steps": 448512, "elapsed_s": 316.0, "coordination_ring_sparse20": 15.0, "coordination_ring_potter0_20": 0.35, "bottleneck_sparse20": 0.0, "bottleneck_potter0_20": 0.95}
[pair_E] {"steps": 450560, "elapsed_s": 317.4, "coordination_ring_sparse20": 12.0, "coordination_ring_potter0_20": 0.4, "bottleneck_sparse20": 0.0, "bottleneck_potter0_20": 0.95}
[pair_E] {"steps": 452608, "elapsed_s": 318.9, "coordination_ring_sparse20": 12.0, "coordination_ring_potter0_20": 0.45, "bottleneck_sparse20": 0.0, "bottleneck_potter0_20": 0.95}
[pair_E] {"steps": 454656, "elapsed_s": 320.4, "coordination_ring_sparse20": 11.0, "coordination_ring_potter0_20": 0.4, "bottleneck_sparse20": 0.0, "bottleneck_potter0_20": 0.95}
[pair_E] {"steps": 456704, "elapsed_s": 321.8, "coordination_ring_sparse20": 13.0, "coordination_ring_potter0_20": 0.45, "bottleneck_sparse20": 0.0, "bottleneck_potter0_20": 0.95}
[pair_E] {"steps": 458752, "elapsed_s": 323.3, "coordination_ring_sparse20": 13.0, "coordination_ring_potter0_20": 0.45, "bottleneck_sparse20": 0.0, "bottleneck_potter0_20": 0.95}
[pair_E] {"steps": 460800, "elapsed_s": 324.8, "coordination_ring_sparse20": 14.0, "coordination_ring_potter0_20": 0.45, "bottleneck_sparse20": 0.0, "bottleneck_potter0_20": 0.95}
[pair_E] {"steps": 462848, "elapsed_s": 326.3, "coordination_ring_sparse20": 15.0, "coordination_ring_potter0_20": 0.45, "bottleneck_sparse20": 0.0, "bottleneck_potter0_20": 0.95}
[pair_E] {"steps": 464896, "elapsed_s": 327.8, "coordination_ring_sparse20": 18.0, "coordination_ring_potter0_20": 0.45, "bottleneck_sparse20": 0.0, "bottleneck_potter0_20": 1.0}
[pair_E] {"steps": 466944, "elapsed_s": 329.2, "coordination_ring_sparse20": 17.0, "coordination_ring_potter0_20": 0.4, "bottleneck_sparse20": 0.0, "bottleneck_potter0_20": 1.0}
[pair_E] {"steps": 468992, "elapsed_s": 330.6, "coordination_ring_sparse20": 13.0, "coordination_ring_potter0_20": 0.35, "bottleneck_sparse20": 0.0, "bottleneck_potter0_20": 1.0}
[pair_E] {"steps": 471040, "elapsed_s": 332.1, "coordination_ring_sparse20": 12.0, "coordination_ring_potter0_20": 0.25, "bottleneck_sparse20": 0.0, "bottleneck_potter0_20": 1.0}
[pair_E] {"steps": 473088, "elapsed_s": 333.5, "coordination_ring_sparse20": 12.0, "coordination_ring_potter0_20": 0.25, "bottleneck_sparse20": 0.0, "bottleneck_potter0_20": 0.95}
[pair_E] {"steps": 475136, "elapsed_s": 334.8, "coordination_ring_sparse20": 11.0, "coordination_ring_potter0_20": 0.2, "bottleneck_sparse20": 0.0, "bottleneck_potter0_20": 0.95}
[pair_E] {"steps": 477184, "elapsed_s": 336.2, "coordination_ring_sparse20": 12.0, "coordination_ring_potter0_20": 0.15, "bottleneck_sparse20": 0.0, "bottleneck_potter0_20": 0.95}
[pair_E] {"steps": 479232, "elapsed_s": 337.7, "coordination_ring_sparse20": 10.0, "coordination_ring_potter0_20": 0.15, "bottleneck_sparse20": 0.0, "bottleneck_potter0_20": 0.9}
[pair_E] {"steps": 481280, "elapsed_s": 339.1, "coordination_ring_sparse20": 10.0, "coordination_ring_potter0_20": 0.2, "bottleneck_sparse20": 0.0, "bottleneck_potter0_20": 0.9}
[pair_E] {"steps": 483328, "elapsed_s": 340.5, "coordination_ring_sparse20": 9.0, "coordination_ring_potter0_20": 0.2, "bottleneck_sparse20": 0.0, "bottleneck_potter0_20": 0.9}
[pair_E] {"steps": 485376, "elapsed_s": 342.1, "coordination_ring_sparse20": 7.0, "coordination_ring_potter0_20": 0.25, "bottleneck_sparse20": 0.0, "bottleneck_potter0_20": 0.9}
[pair_E] {"steps": 487424, "elapsed_s": 343.5, "coordination_ring_sparse20": 7.0, "coordination_ring_potter0_20": 0.25, "bottleneck_sparse20": 0.0, "bottleneck_potter0_20": 0.9}
[pair_E] {"steps": 489472, "elapsed_s": 344.9, "coordination_ring_sparse20": 6.0, "coordination_ring_potter0_20": 0.25, "bottleneck_sparse20": 0.0, "bottleneck_potter0_20": 0.9}
[pair_E] {"steps": 491520, "elapsed_s": 346.6, "coordination_ring_sparse20": 7.0, "coordination_ring_potter0_20": 0.3, "bottleneck_sparse20": 0.0, "bottleneck_potter0_20": 0.9}
[pair_E] {"steps": 493568, "elapsed_s": 348.0, "coordination_ring_sparse20": 4.0, "coordination_ring_potter0_20": 0.4, "bottleneck_sparse20": 0.0, "bottleneck_potter0_20": 0.9}
[pair_E] {"steps": 495616, "elapsed_s": 349.4, "coordination_ring_sparse20": 6.0, "coordination_ring_potter0_20": 0.45, "bottleneck_sparse20": 0.0, "bottleneck_potter0_20": 0.95}
[pair_E] {"steps": 497664, "elapsed_s": 350.9, "coordination_ring_sparse20": 6.0, "coordination_ring_potter0_20": 0.5, "bottleneck_sparse20": 0.0, "bottleneck_potter0_20": 0.95}
[pair_E] {"steps": 499712, "elapsed_s": 352.3, "coordination_ring_sparse20": 8.0, "coordination_ring_potter0_20": 0.4, "bottleneck_sparse20": 0.0, "bottleneck_potter0_20": 0.95}
[pair_E] {"steps": 501760, "elapsed_s": 353.9, "coordination_ring_sparse20": 8.0, "coordination_ring_potter0_20": 0.4, "bottleneck_sparse20": 0.0, "bottleneck_potter0_20": 1.0}
[pair_E] {"steps": 503808, "elapsed_s": 355.6, "coordination_ring_sparse20": 9.0, "coordination_ring_potter0_20": 0.35, "bottleneck_sparse20": 0.0, "bottleneck_potter0_20": 1.0}
[pair_E] {"steps": 505856, "elapsed_s": 357.0, "coordination_ring_sparse20": 9.0, "coordination_ring_potter0_20": 0.4, "bottleneck_sparse20": 0.0, "bottleneck_potter0_20": 1.0}
[pair_E] {"steps": 507904, "elapsed_s": 358.4, "coordination_ring_sparse20": 9.0, "coordination_ring_potter0_20": 0.35, "bottleneck_sparse20": 0.0, "bottleneck_potter0_20": 1.0}
[pair_E] {"steps": 509952, "elapsed_s": 360.2, "coordination_ring_sparse20": 8.0, "coordination_ring_potter0_20": 0.45, "bottleneck_sparse20": 0.0, "bottleneck_potter0_20": 1.0}
[pair_E] {"steps": 512000, "elapsed_s": 361.7, "coordination_ring_sparse20": 6.0, "coordination_ring_potter0_20": 0.45, "bottleneck_sparse20": 0.0, "bottleneck_potter0_20": 0.95}
[pair_E] {"steps": 514048, "elapsed_s": 363.1, "coordination_ring_sparse20": 5.0, "coordination_ring_potter0_20": 0.35, "bottleneck_sparse20": 0.0, "bottleneck_potter0_20": 0.95}
[pair_E] {"steps": 516096, "elapsed_s": 364.5, "coordination_ring_sparse20": 4.0, "coordination_ring_potter0_20": 0.25, "bottleneck_sparse20": 0.0, "bottleneck_potter0_20": 0.95}
[pair_E] {"steps": 518144, "elapsed_s": 366.0, "coordination_ring_sparse20": 4.0, "coordination_ring_potter0_20": 0.25, "bottleneck_sparse20": 0.0, "bottleneck_potter0_20": 0.95}
[pair_E] {"steps": 520192, "elapsed_s": 367.5, "coordination_ring_sparse20": 4.0, "coordination_ring_potter0_20": 0.25, "bottleneck_sparse20": 0.0, "bottleneck_potter0_20": 0.95}
[pair_E] {"steps": 522240, "elapsed_s": 369.3, "coordination_ring_sparse20": 5.0, "coordination_ring_potter0_20": 0.25, "bottleneck_sparse20": 0.0, "bottleneck_potter0_20": 0.95}
[pair_E] {"steps": 524288, "elapsed_s": 370.9, "coordination_ring_sparse20": 5.0, "coordination_ring_potter0_20": 0.15, "bottleneck_sparse20": 0.0, "bottleneck_potter0_20": 0.95}
[pair_E] {"steps": 526336, "elapsed_s": 372.4, "coordination_ring_sparse20": 5.0, "coordination_ring_potter0_20": 0.1, "bottleneck_sparse20": 0.0, "bottleneck_potter0_20": 0.95}
[pair_E] {"steps": 528384, "elapsed_s": 373.9, "coordination_ring_sparse20": 7.0, "coordination_ring_potter0_20": 0.1, "bottleneck_sparse20": 0.0, "bottleneck_potter0_20": 0.9}
[pair_E] {"steps": 530432, "elapsed_s": 375.4, "coordination_ring_sparse20": 9.0, "coordination_ring_potter0_20": 0.2, "bottleneck_sparse20": 0.0, "bottleneck_potter0_20": 0.9}
[pair_E] {"steps": 532480, "elapsed_s": 376.9, "coordination_ring_sparse20": 9.0, "coordination_ring_potter0_20": 0.2, "bottleneck_sparse20": 0.0, "bottleneck_potter0_20": 0.9}
[pair_E] {"steps": 534528, "elapsed_s": 378.4, "coordination_ring_sparse20": 8.0, "coordination_ring_potter0_20": 0.25, "bottleneck_sparse20": 0.0, "bottleneck_potter0_20": 0.9}
[pair_E] {"steps": 536576, "elapsed_s": 379.9, "coordination_ring_sparse20": 8.0, "coordination_ring_potter0_20": 0.3, "bottleneck_sparse20": 0.0, "bottleneck_potter0_20": 0.9}
[pair_E] {"steps": 538624, "elapsed_s": 381.5, "coordination_ring_sparse20": 9.0, "coordination_ring_potter0_20": 0.25, "bottleneck_sparse20": 0.0, "bottleneck_potter0_20": 0.9}
[pair_E] {"steps": 540672, "elapsed_s": 382.9, "coordination_ring_sparse20": 11.0, "coordination_ring_potter0_20": 0.25, "bottleneck_sparse20": 0.0, "bottleneck_potter0_20": 0.9}
[pair_E] {"steps": 542720, "elapsed_s": 384.3, "coordination_ring_sparse20": 11.0, "coordination_ring_potter0_20": 0.25, "bottleneck_sparse20": 0.0, "bottleneck_potter0_20": 0.9}
[pair_E] {"steps": 544768, "elapsed_s": 385.7, "coordination_ring_sparse20": 10.0, "coordination_ring_potter0_20": 0.25, "bottleneck_sparse20": 0.0, "bottleneck_potter0_20": 0.9}
[pair_E] {"steps": 546816, "elapsed_s": 387.4, "coordination_ring_sparse20": 10.0, "coordination_ring_potter0_20": 0.2, "bottleneck_sparse20": 0.0, "bottleneck_potter0_20": 1.0}
[pair_E] {"steps": 548864, "elapsed_s": 388.7, "coordination_ring_sparse20": 10.0, "coordination_ring_potter0_20": 0.15, "bottleneck_sparse20": 0.0, "bottleneck_potter0_20": 1.0}
[pair_E] {"steps": 550912, "elapsed_s": 390.3, "coordination_ring_sparse20": 11.0, "coordination_ring_potter0_20": 0.2, "bottleneck_sparse20": 0.0, "bottleneck_potter0_20": 1.0}
[pair_E] {"steps": 552960, "elapsed_s": 391.6, "coordination_ring_sparse20": 10.0, "coordination_ring_potter0_20": 0.15, "bottleneck_sparse20": 0.0, "bottleneck_potter0_20": 1.0}
[pair_E] {"steps": 555008, "elapsed_s": 393.3, "coordination_ring_sparse20": 11.0, "coordination_ring_potter0_20": 0.2, "bottleneck_sparse20": 0.0, "bottleneck_potter0_20": 1.0}
[pair_E] {"steps": 557056, "elapsed_s": 394.8, "coordination_ring_sparse20": 10.0, "coordination_ring_potter0_20": 0.2, "bottleneck_sparse20": 0.0, "bottleneck_potter0_20": 1.0}
[pair_E] {"steps": 559104, "elapsed_s": 396.2, "coordination_ring_sparse20": 8.0, "coordination_ring_potter0_20": 0.15, "bottleneck_sparse20": 0.0, "bottleneck_potter0_20": 1.0}
[pair_E] {"steps": 561152, "elapsed_s": 397.6, "coordination_ring_sparse20": 7.0, "coordination_ring_potter0_20": 0.15, "bottleneck_sparse20": 0.0, "bottleneck_potter0_20": 1.0}
[pair_E] {"steps": 563200, "elapsed_s": 399.0, "coordination_ring_sparse20": 5.0, "coordination_ring_potter0_20": 0.15, "bottleneck_sparse20": 0.0, "bottleneck_potter0_20": 1.0}
[pair_E] {"steps": 565248, "elapsed_s": 400.4, "coordination_ring_sparse20": 3.0, "coordination_ring_potter0_20": 0.15, "bottleneck_sparse20": 0.0, "bottleneck_potter0_20": 1.0}
[pair_E] {"steps": 567296, "elapsed_s": 401.9, "coordination_ring_sparse20": 2.0, "coordination_ring_potter0_20": 0.15, "bottleneck_sparse20": 0.0, "bottleneck_potter0_20": 1.0}
[pair_E] {"steps": 569344, "elapsed_s": 403.4, "coordination_ring_sparse20": 3.0, "coordination_ring_potter0_20": 0.1, "bottleneck_sparse20": 0.0, "bottleneck_potter0_20": 1.0}
[pair_E] {"steps": 571392, "elapsed_s": 404.9, "coordination_ring_sparse20": 4.0, "coordination_ring_potter0_20": 0.1, "bottleneck_sparse20": 0.0, "bottleneck_potter0_20": 1.0}
[pair_E] {"steps": 573440, "elapsed_s": 406.3, "coordination_ring_sparse20": 4.0, "coordination_ring_potter0_20": 0.05, "bottleneck_sparse20": 0.0, "bottleneck_potter0_20": 1.0}
[pair_E] {"steps": 575488, "elapsed_s": 407.7, "coordination_ring_sparse20": 5.0, "coordination_ring_potter0_20": 0.1, "bottleneck_sparse20": 0.0, "bottleneck_potter0_20": 1.0}
[pair_E] {"steps": 577536, "elapsed_s": 409.1, "coordination_ring_sparse20": 7.0, "coordination_ring_potter0_20": 0.1, "bottleneck_sparse20": 0.0, "bottleneck_potter0_20": 1.0}
[pair_E] {"steps": 579584, "elapsed_s": 410.5, "coordination_ring_sparse20": 8.0, "coordination_ring_potter0_20": 0.05, "bottleneck_sparse20": 0.0, "bottleneck_potter0_20": 1.0}
[pair_E] {"steps": 581632, "elapsed_s": 411.9, "coordination_ring_sparse20": 10.0, "coordination_ring_potter0_20": 0.05, "bottleneck_sparse20": 0.0, "bottleneck_potter0_20": 1.0}
[pair_E] {"steps": 583680, "elapsed_s": 413.3, "coordination_ring_sparse20": 10.0, "coordination_ring_potter0_20": 0.05, "bottleneck_sparse20": 0.0, "bottleneck_potter0_20": 1.0}
[pair_E] {"steps": 585728, "elapsed_s": 414.7, "coordination_ring_sparse20": 11.0, "coordination_ring_potter0_20": 0.05, "bottleneck_sparse20": 0.0, "bottleneck_potter0_20": 0.95}
[pair_E] {"steps": 587776, "elapsed_s": 416.1, "coordination_ring_sparse20": 12.0, "coordination_ring_potter0_20": 0.05, "bottleneck_sparse20": 0.0, "bottleneck_potter0_20": 0.95}
[pair_E] {"steps": 589824, "elapsed_s": 417.5, "coordination_ring_sparse20": 13.0, "coordination_ring_potter0_20": 0.05, "bottleneck_sparse20": 0.0, "bottleneck_potter0_20": 0.95}
[pair_E] {"steps": 591872, "elapsed_s": 419.0, "coordination_ring_sparse20": 13.0, "coordination_ring_potter0_20": 0.05, "bottleneck_sparse20": 0.0, "bottleneck_potter0_20": 0.95}
[pair_E] {"steps": 593920, "elapsed_s": 420.5, "coordination_ring_sparse20": 18.0, "coordination_ring_potter0_20": 0.05, "bottleneck_sparse20": 0.0, "bottleneck_potter0_20": 0.95}
[pair_E] {"steps": 595968, "elapsed_s": 421.9, "coordination_ring_sparse20": 19.0, "coordination_ring_potter0_20": 0.05, "bottleneck_sparse20": 0.0, "bottleneck_potter0_20": 0.95}
[pair_E] {"steps": 598016, "elapsed_s": 423.3, "coordination_ring_sparse20": 19.0, "coordination_ring_potter0_20": 0.05, "bottleneck_sparse20": 0.0, "bottleneck_potter0_20": 0.95}
[pair_E] {"steps": 600064, "elapsed_s": 424.7, "coordination_ring_sparse20": 21.0, "coordination_ring_potter0_20": 0.05, "bottleneck_sparse20": 0.0, "bottleneck_potter0_20": 0.95}
[pair_E] {"steps": 602112, "elapsed_s": 426.1, "coordination_ring_sparse20": 20.0, "coordination_ring_potter0_20": 0.05, "bottleneck_sparse20": 0.0, "bottleneck_potter0_20": 1.0}
[pair_E] {"steps": 604160, "elapsed_s": 427.5, "coordination_ring_sparse20": 22.0, "coordination_ring_potter0_20": 0.05, "bottleneck_sparse20": 0.0, "bottleneck_potter0_20": 1.0}
[pair_E] {"steps": 606208, "elapsed_s": 429.0, "coordination_ring_sparse20": 22.0, "coordination_ring_potter0_20": 0.05, "bottleneck_sparse20": 0.0, "bottleneck_potter0_20": 0.95}
[pair_E] {"steps": 608256, "elapsed_s": 430.6, "coordination_ring_sparse20": 19.0, "coordination_ring_potter0_20": 0.05, "bottleneck_sparse20": 0.0, "bottleneck_potter0_20": 0.95}
[pair_E] {"steps": 610304, "elapsed_s": 432.0, "coordination_ring_sparse20": 19.0, "coordination_ring_potter0_20": 0.05, "bottleneck_sparse20": 0.0, "bottleneck_potter0_20": 0.9}
[pair_E] {"steps": 612352, "elapsed_s": 433.7, "coordination_ring_sparse20": 19.0, "coordination_ring_potter0_20": 0.1, "bottleneck_sparse20": 0.0, "bottleneck_potter0_20": 0.9}
[pair_E] {"steps": 614400, "elapsed_s": 435.2, "coordination_ring_sparse20": 17.0, "coordination_ring_potter0_20": 0.05, "bottleneck_sparse20": 0.0, "bottleneck_potter0_20": 0.9}
[pair_E] {"steps": 616448, "elapsed_s": 436.8, "coordination_ring_sparse20": 13.0, "coordination_ring_potter0_20": 0.05, "bottleneck_sparse20": 0.0, "bottleneck_potter0_20": 0.9}
[pair_E] {"steps": 618496, "elapsed_s": 438.4, "coordination_ring_sparse20": 13.0, "coordination_ring_potter0_20": 0.1, "bottleneck_sparse20": 0.0, "bottleneck_potter0_20": 0.9}
[pair_E] {"steps": 620544, "elapsed_s": 439.8, "coordination_ring_sparse20": 15.0, "coordination_ring_potter0_20": 0.15, "bottleneck_sparse20": 0.0, "bottleneck_potter0_20": 0.9}
[pair_E] {"steps": 622592, "elapsed_s": 441.1, "coordination_ring_sparse20": 17.0, "coordination_ring_potter0_20": 0.15, "bottleneck_sparse20": 0.0, "bottleneck_potter0_20": 0.9}
[pair_E] {"steps": 624640, "elapsed_s": 442.5, "coordination_ring_sparse20": 17.0, "coordination_ring_potter0_20": 0.1, "bottleneck_sparse20": 0.0, "bottleneck_potter0_20": 0.95}
[pair_E] {"steps": 626688, "elapsed_s": 443.9, "coordination_ring_sparse20": 18.0, "coordination_ring_potter0_20": 0.1, "bottleneck_sparse20": 0.0, "bottleneck_potter0_20": 0.95}
[pair_E] {"steps": 628736, "elapsed_s": 445.4, "coordination_ring_sparse20": 20.0, "coordination_ring_potter0_20": 0.15, "bottleneck_sparse20": 0.0, "bottleneck_potter0_20": 1.0}
[pair_E] {"steps": 630784, "elapsed_s": 446.8, "coordination_ring_sparse20": 23.0, "coordination_ring_potter0_20": 0.15, "bottleneck_sparse20": 0.0, "bottleneck_potter0_20": 1.0}
[pair_E] {"steps": 632832, "elapsed_s": 448.2, "coordination_ring_sparse20": 24.0, "coordination_ring_potter0_20": 0.2, "bottleneck_sparse20": 0.0, "bottleneck_potter0_20": 0.95}
[pair_E] {"steps": 634880, "elapsed_s": 449.5, "coordination_ring_sparse20": 23.0, "coordination_ring_potter0_20": 0.2, "bottleneck_sparse20": 0.0, "bottleneck_potter0_20": 0.95}
[pair_E] {"steps": 636928, "elapsed_s": 451.2, "coordination_ring_sparse20": 18.0, "coordination_ring_potter0_20": 0.15, "bottleneck_sparse20": 0.0, "bottleneck_potter0_20": 0.95}
[pair_E] {"steps": 638976, "elapsed_s": 452.6, "coordination_ring_sparse20": 22.0, "coordination_ring_potter0_20": 0.15, "bottleneck_sparse20": 0.0, "bottleneck_potter0_20": 0.95}
[pair_E] {"steps": 641024, "elapsed_s": 454.1, "coordination_ring_sparse20": 23.0, "coordination_ring_potter0_20": 0.15, "bottleneck_sparse20": 0.0, "bottleneck_potter0_20": 0.95}
[pair_E] {"steps": 643072, "elapsed_s": 455.5, "coordination_ring_sparse20": 25.0, "coordination_ring_potter0_20": 0.15, "bottleneck_sparse20": 0.0, "bottleneck_potter0_20": 0.95}
[pair_E] {"steps": 645120, "elapsed_s": 457.0, "coordination_ring_sparse20": 26.0, "coordination_ring_potter0_20": 0.15, "bottleneck_sparse20": 0.0, "bottleneck_potter0_20": 1.0}
[pair_E] {"steps": 647168, "elapsed_s": 458.4, "coordination_ring_sparse20": 27.0, "coordination_ring_potter0_20": 0.2, "bottleneck_sparse20": 0.0, "bottleneck_potter0_20": 1.0}
[pair_E] {"steps": 649216, "elapsed_s": 459.8, "coordination_ring_sparse20": 26.0, "coordination_ring_potter0_20": 0.2, "bottleneck_sparse20": 0.0, "bottleneck_potter0_20": 0.95}
[pair_E] {"steps": 651264, "elapsed_s": 461.4, "coordination_ring_sparse20": 28.0, "coordination_ring_potter0_20": 0.2, "bottleneck_sparse20": 0.0, "bottleneck_potter0_20": 0.95}
[pair_E] {"steps": 653312, "elapsed_s": 462.8, "coordination_ring_sparse20": 31.0, "coordination_ring_potter0_20": 0.15, "bottleneck_sparse20": 0.0, "bottleneck_potter0_20": 0.95}
[pair_E] {"steps": 655360, "elapsed_s": 464.2, "coordination_ring_sparse20": 31.0, "coordination_ring_potter0_20": 0.15, "bottleneck_sparse20": 0.0, "bottleneck_potter0_20": 0.95}
[pair_E] {"steps": 657408, "elapsed_s": 465.7, "coordination_ring_sparse20": 31.0, "coordination_ring_potter0_20": 0.1, "bottleneck_sparse20": 0.0, "bottleneck_potter0_20": 0.85}
[pair_E] {"steps": 659456, "elapsed_s": 467.1, "coordination_ring_sparse20": 33.0, "coordination_ring_potter0_20": 0.1, "bottleneck_sparse20": 0.0, "bottleneck_potter0_20": 0.85}
[pair_E] {"steps": 661504, "elapsed_s": 468.6, "coordination_ring_sparse20": 33.0, "coordination_ring_potter0_20": 0.1, "bottleneck_sparse20": 0.0, "bottleneck_potter0_20": 0.8}
[pair_E] {"steps": 663552, "elapsed_s": 470.0, "coordination_ring_sparse20": 28.0, "coordination_ring_potter0_20": 0.1, "bottleneck_sparse20": 0.0, "bottleneck_potter0_20": 0.8}
[pair_E] {"steps": 665600, "elapsed_s": 471.4, "coordination_ring_sparse20": 23.0, "coordination_ring_potter0_20": 0.05, "bottleneck_sparse20": 0.0, "bottleneck_potter0_20": 0.75}
[pair_E] {"steps": 667648, "elapsed_s": 472.9, "coordination_ring_sparse20": 22.0, "coordination_ring_potter0_20": 0.05, "bottleneck_sparse20": 0.0, "bottleneck_potter0_20": 0.75}
[pair_E] {"steps": 669696, "elapsed_s": 474.3, "coordination_ring_sparse20": 21.0, "coordination_ring_potter0_20": 0.05, "bottleneck_sparse20": 0.0, "bottleneck_potter0_20": 0.75}
[pair_E] {"steps": 671744, "elapsed_s": 475.7, "coordination_ring_sparse20": 21.0, "coordination_ring_potter0_20": 0.05, "bottleneck_sparse20": 0.0, "bottleneck_potter0_20": 0.75}
[pair_E] {"steps": 673792, "elapsed_s": 477.2, "coordination_ring_sparse20": 20.0, "coordination_ring_potter0_20": 0.05, "bottleneck_sparse20": 0.0, "bottleneck_potter0_20": 0.85}
[pair_E] {"steps": 675840, "elapsed_s": 478.8, "coordination_ring_sparse20": 23.0, "coordination_ring_potter0_20": 0.1, "bottleneck_sparse20": 0.0, "bottleneck_potter0_20": 0.85}
[pair_E] {"steps": 677888, "elapsed_s": 480.2, "coordination_ring_sparse20": 26.0, "coordination_ring_potter0_20": 0.1, "bottleneck_sparse20": 0.0, "bottleneck_potter0_20": 0.9}
[pair_E] {"steps": 679936, "elapsed_s": 481.7, "coordination_ring_sparse20": 24.0, "coordination_ring_potter0_20": 0.1, "bottleneck_sparse20": 0.0, "bottleneck_potter0_20": 1.0}
[pair_E] {"steps": 681984, "elapsed_s": 483.1, "coordination_ring_sparse20": 27.0, "coordination_ring_potter0_20": 0.15, "bottleneck_sparse20": 0.0, "bottleneck_potter0_20": 1.0}
[pair_E] {"steps": 684032, "elapsed_s": 484.6, "coordination_ring_sparse20": 27.0, "coordination_ring_potter0_20": 0.15, "bottleneck_sparse20": 0.0, "bottleneck_potter0_20": 1.0}
[pair_E] {"steps": 686080, "elapsed_s": 486.0, "coordination_ring_sparse20": 23.0, "coordination_ring_potter0_20": 0.2, "bottleneck_sparse20": 0.0, "bottleneck_potter0_20": 1.0}
[pair_E] {"steps": 688128, "elapsed_s": 487.5, "coordination_ring_sparse20": 26.0, "coordination_ring_potter0_20": 0.25, "bottleneck_sparse20": 0.0, "bottleneck_potter0_20": 1.0}
[pair_E] {"steps": 690176, "elapsed_s": 489.0, "coordination_ring_sparse20": 24.0, "coordination_ring_potter0_20": 0.25, "bottleneck_sparse20": 0.0, "bottleneck_potter0_20": 1.0}
[pair_E] {"steps": 692224, "elapsed_s": 490.4, "coordination_ring_sparse20": 21.0, "coordination_ring_potter0_20": 0.25, "bottleneck_sparse20": 0.0, "bottleneck_potter0_20": 1.0}
[pair_E] {"steps": 694272, "elapsed_s": 491.8, "coordination_ring_sparse20": 20.0, "coordination_ring_potter0_20": 0.2, "bottleneck_sparse20": 0.0, "bottleneck_potter0_20": 1.0}
[pair_E] {"steps": 696320, "elapsed_s": 493.2, "coordination_ring_sparse20": 23.0, "coordination_ring_potter0_20": 0.2, "bottleneck_sparse20": 0.0, "bottleneck_potter0_20": 1.0}
[pair_E] {"steps": 698368, "elapsed_s": 494.8, "coordination_ring_sparse20": 22.0, "coordination_ring_potter0_20": 0.15, "bottleneck_sparse20": 0.0, "bottleneck_potter0_20": 0.95}
[pair_E] {"steps": 700416, "elapsed_s": 496.2, "coordination_ring_sparse20": 22.0, "coordination_ring_potter0_20": 0.15, "bottleneck_sparse20": 0.0, "bottleneck_potter0_20": 0.95}
[pair_E] {"steps": 702464, "elapsed_s": 497.6, "coordination_ring_sparse20": 28.0, "coordination_ring_potter0_20": 0.15, "bottleneck_sparse20": 0.0, "bottleneck_potter0_20": 0.95}
[pair_E] {"steps": 704512, "elapsed_s": 499.1, "coordination_ring_sparse20": 29.0, "coordination_ring_potter0_20": 0.15, "bottleneck_sparse20": 0.0, "bottleneck_potter0_20": 0.95}
[pair_E] {"steps": 706560, "elapsed_s": 500.5, "coordination_ring_sparse20": 31.0, "coordination_ring_potter0_20": 0.15, "bottleneck_sparse20": 0.0, "bottleneck_potter0_20": 0.95}
[pair_E] {"steps": 708608, "elapsed_s": 501.9, "coordination_ring_sparse20": 31.0, "coordination_ring_potter0_20": 0.15, "bottleneck_sparse20": 0.0, "bottleneck_potter0_20": 0.95}
[pair_E] {"steps": 710656, "elapsed_s": 503.4, "coordination_ring_sparse20": 30.0, "coordination_ring_potter0_20": 0.1, "bottleneck_sparse20": 0.0, "bottleneck_potter0_20": 0.85}
[pair_E] {"steps": 712704, "elapsed_s": 504.7, "coordination_ring_sparse20": 28.0, "coordination_ring_potter0_20": 0.1, "bottleneck_sparse20": 0.0, "bottleneck_potter0_20": 0.9}
[pair_E] {"steps": 714752, "elapsed_s": 506.1, "coordination_ring_sparse20": 28.0, "coordination_ring_potter0_20": 0.1, "bottleneck_sparse20": 0.0, "bottleneck_potter0_20": 0.9}
[pair_E] {"steps": 716800, "elapsed_s": 507.5, "coordination_ring_sparse20": 30.0, "coordination_ring_potter0_20": 0.05, "bottleneck_sparse20": 0.0, "bottleneck_potter0_20": 0.9}
[pair_E] {"steps": 718848, "elapsed_s": 508.9, "coordination_ring_sparse20": 30.0, "coordination_ring_potter0_20": 0.0, "bottleneck_sparse20": 0.0, "bottleneck_potter0_20": 0.9}
[pair_E] {"steps": 720896, "elapsed_s": 510.8, "coordination_ring_sparse20": 29.0, "coordination_ring_potter0_20": 0.05, "bottleneck_sparse20": 0.0, "bottleneck_potter0_20": 0.9}
[pair_E] {"steps": 722944, "elapsed_s": 512.2, "coordination_ring_sparse20": 27.0, "coordination_ring_potter0_20": 0.1, "bottleneck_sparse20": 0.0, "bottleneck_potter0_20": 0.9}
[pair_E] {"steps": 724992, "elapsed_s": 513.7, "coordination_ring_sparse20": 28.0, "coordination_ring_potter0_20": 0.1, "bottleneck_sparse20": 0.0, "bottleneck_potter0_20": 1.0}
[pair_E] {"steps": 727040, "elapsed_s": 515.1, "coordination_ring_sparse20": 24.0, "coordination_ring_potter0_20": 0.1, "bottleneck_sparse20": 0.0, "bottleneck_potter0_20": 1.0}
[pair_E] {"steps": 729088, "elapsed_s": 516.5, "coordination_ring_sparse20": 23.0, "coordination_ring_potter0_20": 0.1, "bottleneck_sparse20": 0.0, "bottleneck_potter0_20": 1.0}
[pair_E] {"steps": 731136, "elapsed_s": 518.0, "coordination_ring_sparse20": 23.0, "coordination_ring_potter0_20": 0.1, "bottleneck_sparse20": 0.0, "bottleneck_potter0_20": 1.0}
[pair_E] {"steps": 733184, "elapsed_s": 519.4, "coordination_ring_sparse20": 18.0, "coordination_ring_potter0_20": 0.1, "bottleneck_sparse20": 0.0, "bottleneck_potter0_20": 1.0}
[pair_E] {"steps": 735232, "elapsed_s": 520.8, "coordination_ring_sparse20": 15.0, "coordination_ring_potter0_20": 0.2, "bottleneck_sparse20": 0.0, "bottleneck_potter0_20": 0.95}
[pair_E] {"steps": 737280, "elapsed_s": 522.3, "coordination_ring_sparse20": 17.0, "coordination_ring_potter0_20": 0.2, "bottleneck_sparse20": 0.0, "bottleneck_potter0_20": 0.9}
[pair_E] {"steps": 739328, "elapsed_s": 523.7, "coordination_ring_sparse20": 16.0, "coordination_ring_potter0_20": 0.2, "bottleneck_sparse20": 0.0, "bottleneck_potter0_20": 0.9}
[pair_E] {"steps": 741376, "elapsed_s": 525.2, "coordination_ring_sparse20": 17.0, "coordination_ring_potter0_20": 0.25, "bottleneck_sparse20": 0.0, "bottleneck_potter0_20": 0.9}
[pair_E] {"steps": 743424, "elapsed_s": 526.5, "coordination_ring_sparse20": 18.0, "coordination_ring_potter0_20": 0.15, "bottleneck_sparse20": 0.0, "bottleneck_potter0_20": 0.85}
[pair_E] {"steps": 745472, "elapsed_s": 528.0, "coordination_ring_sparse20": 19.0, "coordination_ring_potter0_20": 0.15, "bottleneck_sparse20": 0.0, "bottleneck_potter0_20": 0.85}
[pair_E] {"steps": 747520, "elapsed_s": 529.4, "coordination_ring_sparse20": 21.0, "coordination_ring_potter0_20": 0.2, "bottleneck_sparse20": 0.0, "bottleneck_potter0_20": 0.85}
[pair_E] {"steps": 749568, "elapsed_s": 530.8, "coordination_ring_sparse20": 22.0, "coordination_ring_potter0_20": 0.2, "bottleneck_sparse20": 0.0, "bottleneck_potter0_20": 0.85}
[pair_E] {"steps": 751616, "elapsed_s": 532.8, "coordination_ring_sparse20": 23.0, "coordination_ring_potter0_20": 0.1, "bottleneck_sparse20": 0.0, "bottleneck_potter0_20": 0.95}
[pair_E] {"steps": 753664, "elapsed_s": 534.2, "coordination_ring_sparse20": 23.0, "coordination_ring_potter0_20": 0.1, "bottleneck_sparse20": 0.0, "bottleneck_potter0_20": 0.9}
[pair_E] {"steps": 755712, "elapsed_s": 535.6, "coordination_ring_sparse20": 20.0, "coordination_ring_potter0_20": 0.1, "bottleneck_sparse20": 0.0, "bottleneck_potter0_20": 0.9}
[pair_E] {"steps": 757760, "elapsed_s": 537.1, "coordination_ring_sparse20": 20.0, "coordination_ring_potter0_20": 0.1, "bottleneck_sparse20": 0.0, "bottleneck_potter0_20": 0.9}
[pair_E] {"steps": 759808, "elapsed_s": 538.5, "coordination_ring_sparse20": 22.0, "coordination_ring_potter0_20": 0.1, "bottleneck_sparse20": 0.0, "bottleneck_potter0_20": 0.85}
[pair_E] {"steps": 761856, "elapsed_s": 539.8, "coordination_ring_sparse20": 26.0, "coordination_ring_potter0_20": 0.1, "bottleneck_sparse20": 0.0, "bottleneck_potter0_20": 0.9}
[pair_E] {"steps": 763904, "elapsed_s": 541.3, "coordination_ring_sparse20": 25.0, "coordination_ring_potter0_20": 0.05, "bottleneck_sparse20": 0.0, "bottleneck_potter0_20": 0.9}
[pair_E] {"steps": 765952, "elapsed_s": 542.8, "coordination_ring_sparse20": 24.0, "coordination_ring_potter0_20": 0.05, "bottleneck_sparse20": 0.0, "bottleneck_potter0_20": 0.9}
[pair_E] {"steps": 768000, "elapsed_s": 544.1, "coordination_ring_sparse20": 26.0, "coordination_ring_potter0_20": 0.05, "bottleneck_sparse20": 0.0, "bottleneck_potter0_20": 0.9}
[pair_E] {"steps": 770048, "elapsed_s": 545.5, "coordination_ring_sparse20": 25.0, "coordination_ring_potter0_20": 0.05, "bottleneck_sparse20": 0.0, "bottleneck_potter0_20": 0.9}
[pair_E] {"steps": 772096, "elapsed_s": 546.9, "coordination_ring_sparse20": 26.0, "coordination_ring_potter0_20": 0.0, "bottleneck_sparse20": 0.0, "bottleneck_potter0_20": 0.9}
[pair_E] {"steps": 774144, "elapsed_s": 548.5, "coordination_ring_sparse20": 27.0, "coordination_ring_potter0_20": 0.0, "bottleneck_sparse20": 0.0, "bottleneck_potter0_20": 0.9}
[pair_E] {"steps": 776192, "elapsed_s": 549.8, "coordination_ring_sparse20": 26.0, "coordination_ring_potter0_20": 0.0, "bottleneck_sparse20": 0.0, "bottleneck_potter0_20": 0.9}
[pair_E] {"steps": 778240, "elapsed_s": 551.2, "coordination_ring_sparse20": 30.0, "coordination_ring_potter0_20": 0.0, "bottleneck_sparse20": 0.0, "bottleneck_potter0_20": 0.9}
[pair_E] {"steps": 780288, "elapsed_s": 552.7, "coordination_ring_sparse20": 28.0, "coordination_ring_potter0_20": 0.0, "bottleneck_sparse20": 0.0, "bottleneck_potter0_20": 0.9}
[pair_E] {"steps": 782336, "elapsed_s": 554.2, "coordination_ring_sparse20": 30.0, "coordination_ring_potter0_20": 0.0, "bottleneck_sparse20": 0.0, "bottleneck_potter0_20": 0.85}
[pair_E] {"steps": 784384, "elapsed_s": 555.6, "coordination_ring_sparse20": 32.0, "coordination_ring_potter0_20": 0.0, "bottleneck_sparse20": 0.0, "bottleneck_potter0_20": 0.85}
[pair_E] {"steps": 786432, "elapsed_s": 557.0, "coordination_ring_sparse20": 31.0, "coordination_ring_potter0_20": 0.0, "bottleneck_sparse20": 0.0, "bottleneck_potter0_20": 0.9}
[pair_E] {"steps": 788480, "elapsed_s": 558.6, "coordination_ring_sparse20": 30.0, "coordination_ring_potter0_20": 0.0, "bottleneck_sparse20": 0.0, "bottleneck_potter0_20": 0.9}
[pair_E] {"steps": 790528, "elapsed_s": 560.2, "coordination_ring_sparse20": 30.0, "coordination_ring_potter0_20": 0.0, "bottleneck_sparse20": 1.0, "bottleneck_potter0_20": 0.9}
[pair_E] {"steps": 792576, "elapsed_s": 561.6, "coordination_ring_sparse20": 30.0, "coordination_ring_potter0_20": 0.0, "bottleneck_sparse20": 2.0, "bottleneck_potter0_20": 0.95}
[pair_E] {"steps": 794624, "elapsed_s": 563.1, "coordination_ring_sparse20": 30.0, "coordination_ring_potter0_20": 0.0, "bottleneck_sparse20": 2.0, "bottleneck_potter0_20": 1.0}
[pair_E] {"steps": 796672, "elapsed_s": 564.6, "coordination_ring_sparse20": 29.0, "coordination_ring_potter0_20": 0.05, "bottleneck_sparse20": 2.0, "bottleneck_potter0_20": 1.0}
[pair_E] {"steps": 798720, "elapsed_s": 566.1, "coordination_ring_sparse20": 28.0, "coordination_ring_potter0_20": 0.1, "bottleneck_sparse20": 2.0, "bottleneck_potter0_20": 1.0}
[pair_E] {"steps": 800768, "elapsed_s": 567.6, "coordination_ring_sparse20": 22.0, "coordination_ring_potter0_20": 0.1, "bottleneck_sparse20": 2.0, "bottleneck_potter0_20": 1.0}
[pair_E] {"steps": 802816, "elapsed_s": 569.1, "coordination_ring_sparse20": 22.0, "coordination_ring_potter0_20": 0.1, "bottleneck_sparse20": 2.0, "bottleneck_potter0_20": 1.0}
[pair_E] {"steps": 804864, "elapsed_s": 570.7, "coordination_ring_sparse20": 21.0, "coordination_ring_potter0_20": 0.1, "bottleneck_sparse20": 1.0, "bottleneck_potter0_20": 1.0}
[pair_E] {"steps": 806912, "elapsed_s": 572.1, "coordination_ring_sparse20": 22.0, "coordination_ring_potter0_20": 0.15, "bottleneck_sparse20": 1.0, "bottleneck_potter0_20": 1.0}
[pair_E] {"steps": 808960, "elapsed_s": 573.6, "coordination_ring_sparse20": 18.0, "coordination_ring_potter0_20": 0.15, "bottleneck_sparse20": 0.0, "bottleneck_potter0_20": 1.0}
[pair_E] {"steps": 811008, "elapsed_s": 575.0, "coordination_ring_sparse20": 17.0, "coordination_ring_potter0_20": 0.15, "bottleneck_sparse20": 0.0, "bottleneck_potter0_20": 1.0}
[pair_E] {"steps": 813056, "elapsed_s": 576.5, "coordination_ring_sparse20": 18.0, "coordination_ring_potter0_20": 0.1, "bottleneck_sparse20": 0.0, "bottleneck_potter0_20": 1.0}
[pair_E] {"steps": 815104, "elapsed_s": 578.0, "coordination_ring_sparse20": 22.0, "coordination_ring_potter0_20": 0.05, "bottleneck_sparse20": 0.0, "bottleneck_potter0_20": 1.0}
[pair_E] {"steps": 817152, "elapsed_s": 579.4, "coordination_ring_sparse20": 23.0, "coordination_ring_potter0_20": 0.05, "bottleneck_sparse20": 0.0, "bottleneck_potter0_20": 1.0}
[pair_E] {"steps": 819200, "elapsed_s": 580.7, "coordination_ring_sparse20": 29.0, "coordination_ring_potter0_20": 0.05, "bottleneck_sparse20": 0.0, "bottleneck_potter0_20": 1.0}
[pair_E] {"steps": 821248, "elapsed_s": 582.1, "coordination_ring_sparse20": 32.0, "coordination_ring_potter0_20": 0.0, "bottleneck_sparse20": 0.0, "bottleneck_potter0_20": 1.0}
[pair_E] {"steps": 823296, "elapsed_s": 583.6, "coordination_ring_sparse20": 37.0, "coordination_ring_potter0_20": 0.0, "bottleneck_sparse20": 0.0, "bottleneck_potter0_20": 1.0}
[pair_E] {"steps": 825344, "elapsed_s": 585.1, "coordination_ring_sparse20": 37.0, "coordination_ring_potter0_20": 0.0, "bottleneck_sparse20": 0.0, "bottleneck_potter0_20": 0.95}
[pair_E] {"steps": 827392, "elapsed_s": 586.4, "coordination_ring_sparse20": 38.0, "coordination_ring_potter0_20": 0.0, "bottleneck_sparse20": 0.0, "bottleneck_potter0_20": 0.95}
[pair_E] {"steps": 829440, "elapsed_s": 587.8, "coordination_ring_sparse20": 40.0, "coordination_ring_potter0_20": 0.0, "bottleneck_sparse20": 0.0, "bottleneck_potter0_20": 0.95}
[pair_E] {"steps": 831488, "elapsed_s": 589.2, "coordination_ring_sparse20": 41.0, "coordination_ring_potter0_20": 0.0, "bottleneck_sparse20": 0.0, "bottleneck_potter0_20": 0.9}
[pair_E] {"steps": 833536, "elapsed_s": 590.6, "coordination_ring_sparse20": 36.0, "coordination_ring_potter0_20": 0.0, "bottleneck_sparse20": 0.0, "bottleneck_potter0_20": 0.9}
[pair_E] {"steps": 835584, "elapsed_s": 592.0, "coordination_ring_sparse20": 35.0, "coordination_ring_potter0_20": 0.0, "bottleneck_sparse20": 0.0, "bottleneck_potter0_20": 0.9}
[pair_E] {"steps": 837632, "elapsed_s": 593.4, "coordination_ring_sparse20": 33.0, "coordination_ring_potter0_20": 0.0, "bottleneck_sparse20": 0.0, "bottleneck_potter0_20": 0.9}
[pair_E] {"steps": 839680, "elapsed_s": 594.8, "coordination_ring_sparse20": 31.0, "coordination_ring_potter0_20": 0.0, "bottleneck_sparse20": 1.0, "bottleneck_potter0_20": 0.9}
[pair_E] {"steps": 841728, "elapsed_s": 596.3, "coordination_ring_sparse20": 35.0, "coordination_ring_potter0_20": 0.05, "bottleneck_sparse20": 1.0, "bottleneck_potter0_20": 0.85}
[pair_E] {"steps": 843776, "elapsed_s": 597.7, "coordination_ring_sparse20": 31.0, "coordination_ring_potter0_20": 0.1, "bottleneck_sparse20": 1.0, "bottleneck_potter0_20": 0.9}
[pair_E] {"steps": 845824, "elapsed_s": 599.1, "coordination_ring_sparse20": 31.0, "coordination_ring_potter0_20": 0.1, "bottleneck_sparse20": 1.0, "bottleneck_potter0_20": 0.95}
[pair_E] {"steps": 847872, "elapsed_s": 600.6, "coordination_ring_sparse20": 32.0, "coordination_ring_potter0_20": 0.1, "bottleneck_sparse20": 1.0, "bottleneck_potter0_20": 0.95}
[pair_E] {"steps": 849920, "elapsed_s": 602.0, "coordination_ring_sparse20": 31.0, "coordination_ring_potter0_20": 0.1, "bottleneck_sparse20": 1.0, "bottleneck_potter0_20": 0.95}
[pair_E] {"steps": 851968, "elapsed_s": 603.4, "coordination_ring_sparse20": 31.0, "coordination_ring_potter0_20": 0.1, "bottleneck_sparse20": 1.0, "bottleneck_potter0_20": 0.85}
[pair_E] {"steps": 854016, "elapsed_s": 605.1, "coordination_ring_sparse20": 30.0, "coordination_ring_potter0_20": 0.1, "bottleneck_sparse20": 1.0, "bottleneck_potter0_20": 0.85}
[pair_E] {"steps": 856064, "elapsed_s": 606.6, "coordination_ring_sparse20": 30.0, "coordination_ring_potter0_20": 0.1, "bottleneck_sparse20": 0.0, "bottleneck_potter0_20": 0.85}
[pair_E] {"steps": 858112, "elapsed_s": 608.2, "coordination_ring_sparse20": 32.0, "coordination_ring_potter0_20": 0.1, "bottleneck_sparse20": 0.0, "bottleneck_potter0_20": 0.85}
[pair_E] {"steps": 860160, "elapsed_s": 609.6, "coordination_ring_sparse20": 29.0, "coordination_ring_potter0_20": 0.1, "bottleneck_sparse20": 0.0, "bottleneck_potter0_20": 0.85}
[pair_E] {"steps": 862208, "elapsed_s": 611.1, "coordination_ring_sparse20": 29.0, "coordination_ring_potter0_20": 0.05, "bottleneck_sparse20": 0.0, "bottleneck_potter0_20": 0.85}
[pair_E] {"steps": 864256, "elapsed_s": 612.5, "coordination_ring_sparse20": 31.0, "coordination_ring_potter0_20": 0.05, "bottleneck_sparse20": 0.0, "bottleneck_potter0_20": 0.9}
[pair_E] {"steps": 866304, "elapsed_s": 613.9, "coordination_ring_sparse20": 31.0, "coordination_ring_potter0_20": 0.05, "bottleneck_sparse20": 0.0, "bottleneck_potter0_20": 0.9}
[pair_E] {"steps": 868352, "elapsed_s": 615.4, "coordination_ring_sparse20": 30.0, "coordination_ring_potter0_20": 0.15, "bottleneck_sparse20": 0.0, "bottleneck_potter0_20": 0.9}
[pair_E] {"steps": 870400, "elapsed_s": 616.8, "coordination_ring_sparse20": 30.0, "coordination_ring_potter0_20": 0.25, "bottleneck_sparse20": 0.0, "bottleneck_potter0_20": 0.9}
[pair_E] {"steps": 872448, "elapsed_s": 618.2, "coordination_ring_sparse20": 34.0, "coordination_ring_potter0_20": 0.25, "bottleneck_sparse20": 0.0, "bottleneck_potter0_20": 0.9}
[pair_E] {"steps": 874496, "elapsed_s": 619.9, "coordination_ring_sparse20": 33.0, "coordination_ring_potter0_20": 0.25, "bottleneck_sparse20": 0.0, "bottleneck_potter0_20": 0.9}
[pair_E] {"steps": 876544, "elapsed_s": 621.4, "coordination_ring_sparse20": 32.0, "coordination_ring_potter0_20": 0.2, "bottleneck_sparse20": 0.0, "bottleneck_potter0_20": 0.9}
[pair_E] {"steps": 878592, "elapsed_s": 622.8, "coordination_ring_sparse20": 34.0, "coordination_ring_potter0_20": 0.2, "bottleneck_sparse20": 0.0, "bottleneck_potter0_20": 0.85}
[pair_E] {"steps": 880640, "elapsed_s": 624.4, "coordination_ring_sparse20": 33.0, "coordination_ring_potter0_20": 0.25, "bottleneck_sparse20": 0.0, "bottleneck_potter0_20": 0.85}
[pair_E] {"steps": 882688, "elapsed_s": 626.1, "coordination_ring_sparse20": 35.0, "coordination_ring_potter0_20": 0.2, "bottleneck_sparse20": 0.0, "bottleneck_potter0_20": 0.85}
[pair_E] {"steps": 884736, "elapsed_s": 627.5, "coordination_ring_sparse20": 33.0, "coordination_ring_potter0_20": 0.2, "bottleneck_sparse20": 0.0, "bottleneck_potter0_20": 0.9}
[pair_E] {"steps": 886784, "elapsed_s": 629.1, "coordination_ring_sparse20": 35.0, "coordination_ring_potter0_20": 0.2, "bottleneck_sparse20": 0.0, "bottleneck_potter0_20": 0.9}
[pair_E] {"steps": 888832, "elapsed_s": 630.6, "coordination_ring_sparse20": 35.0, "coordination_ring_potter0_20": 0.2, "bottleneck_sparse20": 0.0, "bottleneck_potter0_20": 0.9}
[pair_E] {"steps": 890880, "elapsed_s": 632.0, "coordination_ring_sparse20": 33.0, "coordination_ring_potter0_20": 0.25, "bottleneck_sparse20": 0.0, "bottleneck_potter0_20": 0.95}
[pair_E] {"steps": 892928, "elapsed_s": 633.4, "coordination_ring_sparse20": 33.0, "coordination_ring_potter0_20": 0.25, "bottleneck_sparse20": 0.0, "bottleneck_potter0_20": 0.9}
[pair_E] {"steps": 894976, "elapsed_s": 635.1, "coordination_ring_sparse20": 33.0, "coordination_ring_potter0_20": 0.2, "bottleneck_sparse20": 0.0, "bottleneck_potter0_20": 0.9}
[pair_E] {"steps": 897024, "elapsed_s": 636.5, "coordination_ring_sparse20": 28.0, "coordination_ring_potter0_20": 0.25, "bottleneck_sparse20": 0.0, "bottleneck_potter0_20": 0.95}
[pair_E] {"steps": 899072, "elapsed_s": 638.0, "coordination_ring_sparse20": 29.0, "coordination_ring_potter0_20": 0.2, "bottleneck_sparse20": 0.0, "bottleneck_potter0_20": 0.95}
[pair_E] {"steps": 901120, "elapsed_s": 639.6, "coordination_ring_sparse20": 29.0, "coordination_ring_potter0_20": 0.2, "bottleneck_sparse20": 0.0, "bottleneck_potter0_20": 0.95}
[pair_E] {"steps": 903168, "elapsed_s": 641.2, "coordination_ring_sparse20": 30.0, "coordination_ring_potter0_20": 0.2, "bottleneck_sparse20": 0.0, "bottleneck_potter0_20": 0.95}
[pair_E] {"steps": 905216, "elapsed_s": 642.7, "coordination_ring_sparse20": 31.0, "coordination_ring_potter0_20": 0.2, "bottleneck_sparse20": 0.0, "bottleneck_potter0_20": 0.95}
[pair_E] {"steps": 907264, "elapsed_s": 644.3, "coordination_ring_sparse20": 32.0, "coordination_ring_potter0_20": 0.25, "bottleneck_sparse20": 0.0, "bottleneck_potter0_20": 0.95}
[pair_E] {"steps": 909312, "elapsed_s": 645.8, "coordination_ring_sparse20": 31.0, "coordination_ring_potter0_20": 0.25, "bottleneck_sparse20": 0.0, "bottleneck_potter0_20": 0.95}
[pair_E] {"steps": 911360, "elapsed_s": 647.4, "coordination_ring_sparse20": 31.0, "coordination_ring_potter0_20": 0.25, "bottleneck_sparse20": 0.0, "bottleneck_potter0_20": 1.0}
[pair_E] {"steps": 913408, "elapsed_s": 648.7, "coordination_ring_sparse20": 35.0, "coordination_ring_potter0_20": 0.25, "bottleneck_sparse20": 0.0, "bottleneck_potter0_20": 1.0}
[pair_E] {"steps": 915456, "elapsed_s": 650.2, "coordination_ring_sparse20": 38.0, "coordination_ring_potter0_20": 0.2, "bottleneck_sparse20": 0.0, "bottleneck_potter0_20": 1.0}
[pair_E] {"steps": 917504, "elapsed_s": 651.7, "coordination_ring_sparse20": 38.0, "coordination_ring_potter0_20": 0.2, "bottleneck_sparse20": 0.0, "bottleneck_potter0_20": 1.0}
[pair_E] {"steps": 919552, "elapsed_s": 653.3, "coordination_ring_sparse20": 39.0, "coordination_ring_potter0_20": 0.25, "bottleneck_sparse20": 0.0, "bottleneck_potter0_20": 0.95}
[pair_E] {"steps": 921600, "elapsed_s": 654.7, "coordination_ring_sparse20": 35.0, "coordination_ring_potter0_20": 0.2, "bottleneck_sparse20": 0.0, "bottleneck_potter0_20": 0.95}
[pair_E] {"steps": 923648, "elapsed_s": 656.2, "coordination_ring_sparse20": 36.0, "coordination_ring_potter0_20": 0.15, "bottleneck_sparse20": 0.0, "bottleneck_potter0_20": 0.95}
[pair_E] {"steps": 925696, "elapsed_s": 657.7, "coordination_ring_sparse20": 37.0, "coordination_ring_potter0_20": 0.1, "bottleneck_sparse20": 0.0, "bottleneck_potter0_20": 0.9}
[pair_E] {"steps": 927744, "elapsed_s": 659.2, "coordination_ring_sparse20": 40.0, "coordination_ring_potter0_20": 0.1, "bottleneck_sparse20": 0.0, "bottleneck_potter0_20": 0.85}
[pair_E] {"steps": 929792, "elapsed_s": 660.8, "coordination_ring_sparse20": 42.0, "coordination_ring_potter0_20": 0.1, "bottleneck_sparse20": 0.0, "bottleneck_potter0_20": 0.85}
[pair_E] {"steps": 931840, "elapsed_s": 662.3, "coordination_ring_sparse20": 42.0, "coordination_ring_potter0_20": 0.05, "bottleneck_sparse20": 0.0, "bottleneck_potter0_20": 0.85}
[pair_E] {"steps": 933888, "elapsed_s": 663.9, "coordination_ring_sparse20": 42.0, "coordination_ring_potter0_20": 0.1, "bottleneck_sparse20": 0.0, "bottleneck_potter0_20": 0.9}
[pair_E] {"steps": 935936, "elapsed_s": 665.6, "coordination_ring_sparse20": 41.0, "coordination_ring_potter0_20": 0.1, "bottleneck_sparse20": 0.0, "bottleneck_potter0_20": 0.85}
[pair_E] {"steps": 937984, "elapsed_s": 667.1, "coordination_ring_sparse20": 39.0, "coordination_ring_potter0_20": 0.1, "bottleneck_sparse20": 0.0, "bottleneck_potter0_20": 0.85}
[pair_E] {"steps": 940032, "elapsed_s": 668.5, "coordination_ring_sparse20": 44.0, "coordination_ring_potter0_20": 0.25, "bottleneck_sparse20": 0.0, "bottleneck_potter0_20": 0.9}
[pair_E] {"steps": 942080, "elapsed_s": 670.0, "coordination_ring_sparse20": 40.0, "coordination_ring_potter0_20": 0.25, "bottleneck_sparse20": 0.0, "bottleneck_potter0_20": 0.9}
[pair_E] {"steps": 944128, "elapsed_s": 671.6, "coordination_ring_sparse20": 41.0, "coordination_ring_potter0_20": 0.3, "bottleneck_sparse20": 0.0, "bottleneck_potter0_20": 0.95}
[pair_E] {"steps": 946176, "elapsed_s": 673.7, "coordination_ring_sparse20": 44.0, "coordination_ring_potter0_20": 0.35, "bottleneck_sparse20": 0.0, "bottleneck_potter0_20": 0.95}
[pair_E] {"steps": 948224, "elapsed_s": 675.1, "coordination_ring_sparse20": 46.0, "coordination_ring_potter0_20": 0.35, "bottleneck_sparse20": 0.0, "bottleneck_potter0_20": 0.95}
[pair_E] {"steps": 950272, "elapsed_s": 676.5, "coordination_ring_sparse20": 45.0, "coordination_ring_potter0_20": 0.3, "bottleneck_sparse20": 0.0, "bottleneck_potter0_20": 0.95}
[pair_E] {"steps": 952320, "elapsed_s": 677.9, "coordination_ring_sparse20": 42.0, "coordination_ring_potter0_20": 0.4, "bottleneck_sparse20": 0.0, "bottleneck_potter0_20": 0.95}
[pair_E] {"steps": 954368, "elapsed_s": 679.3, "coordination_ring_sparse20": 44.0, "coordination_ring_potter0_20": 0.35, "bottleneck_sparse20": 0.0, "bottleneck_potter0_20": 0.95}
[pair_E] {"steps": 956416, "elapsed_s": 680.8, "coordination_ring_sparse20": 42.0, "coordination_ring_potter0_20": 0.25, "bottleneck_sparse20": 0.0, "bottleneck_potter0_20": 0.95}
[pair_E] {"steps": 958464, "elapsed_s": 682.8, "coordination_ring_sparse20": 41.0, "coordination_ring_potter0_20": 0.25, "bottleneck_sparse20": 0.0, "bottleneck_potter0_20": 0.9}
[pair_E] {"steps": 960512, "elapsed_s": 684.3, "coordination_ring_sparse20": 40.0, "coordination_ring_potter0_20": 0.2, "bottleneck_sparse20": 0.0, "bottleneck_potter0_20": 0.85}
[pair_E] {"steps": 962560, "elapsed_s": 685.8, "coordination_ring_sparse20": 40.0, "coordination_ring_potter0_20": 0.2, "bottleneck_sparse20": 0.0, "bottleneck_potter0_20": 0.8}
[pair_E] {"steps": 964608, "elapsed_s": 687.6, "coordination_ring_sparse20": 39.0, "coordination_ring_potter0_20": 0.15, "bottleneck_sparse20": 0.0, "bottleneck_potter0_20": 0.8}
[pair_E] {"steps": 966656, "elapsed_s": 689.1, "coordination_ring_sparse20": 35.0, "coordination_ring_potter0_20": 0.15, "bottleneck_sparse20": 0.0, "bottleneck_potter0_20": 0.8}
[pair_E] {"steps": 968704, "elapsed_s": 690.6, "coordination_ring_sparse20": 34.0, "coordination_ring_potter0_20": 0.1, "bottleneck_sparse20": 0.0, "bottleneck_potter0_20": 0.8}
[pair_E] {"steps": 970752, "elapsed_s": 692.2, "coordination_ring_sparse20": 31.0, "coordination_ring_potter0_20": 0.15, "bottleneck_sparse20": 0.0, "bottleneck_potter0_20": 0.75}
[pair_E] {"steps": 972800, "elapsed_s": 693.8, "coordination_ring_sparse20": 35.0, "coordination_ring_potter0_20": 0.1, "bottleneck_sparse20": 0.0, "bottleneck_potter0_20": 0.75}
[pair_E] {"steps": 974848, "elapsed_s": 695.4, "coordination_ring_sparse20": 36.0, "coordination_ring_potter0_20": 0.1, "bottleneck_sparse20": 0.0, "bottleneck_potter0_20": 0.75}
[pair_E] {"steps": 976896, "elapsed_s": 697.3, "coordination_ring_sparse20": 36.0, "coordination_ring_potter0_20": 0.1, "bottleneck_sparse20": 0.0, "bottleneck_potter0_20": 0.85}
[pair_E] {"steps": 978944, "elapsed_s": 698.9, "coordination_ring_sparse20": 35.0, "coordination_ring_potter0_20": 0.1, "bottleneck_sparse20": 0.0, "bottleneck_potter0_20": 0.9}
[pair_E] {"steps": 980992, "elapsed_s": 700.5, "coordination_ring_sparse20": 35.0, "coordination_ring_potter0_20": 0.15, "bottleneck_sparse20": 0.0, "bottleneck_potter0_20": 0.9}
[pair_E] {"steps": 983040, "elapsed_s": 702.2, "coordination_ring_sparse20": 37.0, "coordination_ring_potter0_20": 0.2, "bottleneck_sparse20": 0.0, "bottleneck_potter0_20": 0.95}
[pair_E] {"steps": 985088, "elapsed_s": 703.8, "coordination_ring_sparse20": 41.0, "coordination_ring_potter0_20": 0.15, "bottleneck_sparse20": 0.0, "bottleneck_potter0_20": 0.95}
[pair_E] {"steps": 987136, "elapsed_s": 705.5, "coordination_ring_sparse20": 39.0, "coordination_ring_potter0_20": 0.1, "bottleneck_sparse20": 0.0, "bottleneck_potter0_20": 1.0}
[pair_E] {"steps": 989184, "elapsed_s": 707.6, "coordination_ring_sparse20": 39.0, "coordination_ring_potter0_20": 0.1, "bottleneck_sparse20": 0.0, "bottleneck_potter0_20": 0.95}
[pair_E] {"steps": 991232, "elapsed_s": 709.9, "coordination_ring_sparse20": 39.0, "coordination_ring_potter0_20": 0.1, "bottleneck_sparse20": 0.0, "bottleneck_potter0_20": 0.95}
[pair_E] {"steps": 993280, "elapsed_s": 712.2, "coordination_ring_sparse20": 39.0, "coordination_ring_potter0_20": 0.1, "bottleneck_sparse20": 0.0, "bottleneck_potter0_20": 0.85}
[pair_E] {"steps": 995328, "elapsed_s": 713.8, "coordination_ring_sparse20": 39.0, "coordination_ring_potter0_20": 0.1, "bottleneck_sparse20": 0.0, "bottleneck_potter0_20": 0.85}
[pair_E] {"steps": 997376, "elapsed_s": 715.4, "coordination_ring_sparse20": 38.0, "coordination_ring_potter0_20": 0.1, "bottleneck_sparse20": 0.0, "bottleneck_potter0_20": 0.85}
[pair_E] {"steps": 999424, "elapsed_s": 717.0, "coordination_ring_sparse20": 40.0, "coordination_ring_potter0_20": 0.15, "bottleneck_sparse20": 0.0, "bottleneck_potter0_20": 0.9}
[pair_E] {"steps": 1001472, "elapsed_s": 718.6, "coordination_ring_sparse20": 40.0, "coordination_ring_potter0_20": 0.15, "bottleneck_sparse20": 0.0, "bottleneck_potter0_20": 0.9}
[pair_E] {"steps": 1003520, "elapsed_s": 720.2, "coordination_ring_sparse20": 40.0, "coordination_ring_potter0_20": 0.1, "bottleneck_sparse20": 0.0, "bottleneck_potter0_20": 0.9}
[pair_E] {"steps": 1005568, "elapsed_s": 721.8, "coordination_ring_sparse20": 38.0, "coordination_ring_potter0_20": 0.05, "bottleneck_sparse20": 0.0, "bottleneck_potter0_20": 0.95}
[pair_E] {"steps": 1007616, "elapsed_s": 723.5, "coordination_ring_sparse20": 37.0, "coordination_ring_potter0_20": 0.05, "bottleneck_sparse20": 0.0, "bottleneck_potter0_20": 0.95}
[pair_E] {"steps": 1009664, "elapsed_s": 725.1, "coordination_ring_sparse20": 40.0, "coordination_ring_potter0_20": 0.15, "bottleneck_sparse20": 0.0, "bottleneck_potter0_20": 0.9}
[pair_E] {"steps": 1011712, "elapsed_s": 726.7, "coordination_ring_sparse20": 42.0, "coordination_ring_potter0_20": 0.2, "bottleneck_sparse20": 0.0, "bottleneck_potter0_20": 0.85}
[pair_E] {"steps": 1013760, "elapsed_s": 728.4, "coordination_ring_sparse20": 40.0, "coordination_ring_potter0_20": 0.2, "bottleneck_sparse20": 0.0, "bottleneck_potter0_20": 0.85}
[pair_E] {"steps": 1015808, "elapsed_s": 729.9, "coordination_ring_sparse20": 42.0, "coordination_ring_potter0_20": 0.2, "bottleneck_sparse20": 0.0, "bottleneck_potter0_20": 0.85}
[pair_E] {"steps": 1017856, "elapsed_s": 731.5, "coordination_ring_sparse20": 43.0, "coordination_ring_potter0_20": 0.15, "bottleneck_sparse20": 0.0, "bottleneck_potter0_20": 0.8}
[pair_E] {"steps": 1019904, "elapsed_s": 733.1, "coordination_ring_sparse20": 46.0, "coordination_ring_potter0_20": 0.15, "bottleneck_sparse20": 0.0, "bottleneck_potter0_20": 0.8}
[pair_E] {"steps": 1021952, "elapsed_s": 734.7, "coordination_ring_sparse20": 48.0, "coordination_ring_potter0_20": 0.25, "bottleneck_sparse20": 0.0, "bottleneck_potter0_20": 0.8}
[pair_E] {"steps": 1024000, "elapsed_s": 736.2, "coordination_ring_sparse20": 49.0, "coordination_ring_potter0_20": 0.2, "bottleneck_sparse20": 0.0, "bottleneck_potter0_20": 0.85}
[pair_E] {"steps": 1026048, "elapsed_s": 737.8, "coordination_ring_sparse20": 50.0, "coordination_ring_potter0_20": 0.25, "bottleneck_sparse20": 0.0, "bottleneck_potter0_20": 0.85}
[pair_E] {"steps": 1028096, "elapsed_s": 739.5, "coordination_ring_sparse20": 51.0, "coordination_ring_potter0_20": 0.2, "bottleneck_sparse20": 0.0, "bottleneck_potter0_20": 0.9}
[pair_E] {"steps": 1030144, "elapsed_s": 741.0, "coordination_ring_sparse20": 53.0, "coordination_ring_potter0_20": 0.2, "bottleneck_sparse20": 0.0, "bottleneck_potter0_20": 0.85}
[pair_E] {"steps": 1032192, "elapsed_s": 742.7, "coordination_ring_sparse20": 53.0, "coordination_ring_potter0_20": 0.2, "bottleneck_sparse20": 0.0, "bottleneck_potter0_20": 0.85}
[pair_E] {"steps": 1034240, "elapsed_s": 744.6, "coordination_ring_sparse20": 53.0, "coordination_ring_potter0_20": 0.2, "bottleneck_sparse20": 0.0, "bottleneck_potter0_20": 0.85}
[pair_E] {"steps": 1036288, "elapsed_s": 747.0, "coordination_ring_sparse20": 58.0, "coordination_ring_potter0_20": 0.1, "bottleneck_sparse20": 0.0, "bottleneck_potter0_20": 0.9}
[pair_E] {"steps": 1038336, "elapsed_s": 749.3, "coordination_ring_sparse20": 52.0, "coordination_ring_potter0_20": 0.0, "bottleneck_sparse20": 0.0, "bottleneck_potter0_20": 0.9}
[pair_E] {"steps": 1040384, "elapsed_s": 751.9, "coordination_ring_sparse20": 52.0, "coordination_ring_potter0_20": 0.0, "bottleneck_sparse20": 0.0, "bottleneck_potter0_20": 0.9}
[pair_E] {"steps": 1042432, "elapsed_s": 754.9, "coordination_ring_sparse20": 47.0, "coordination_ring_potter0_20": 0.05, "bottleneck_sparse20": 0.0, "bottleneck_potter0_20": 0.9}
[pair_E] {"steps": 1044480, "elapsed_s": 757.3, "coordination_ring_sparse20": 51.0, "coordination_ring_potter0_20": 0.1, "bottleneck_sparse20": 0.0, "bottleneck_potter0_20": 0.95}
[pair_E] {"steps": 1046528, "elapsed_s": 759.5, "coordination_ring_sparse20": 50.0, "coordination_ring_potter0_20": 0.1, "bottleneck_sparse20": 0.0, "bottleneck_potter0_20": 0.95}
[pair_E] {"steps": 1048576, "elapsed_s": 761.7, "coordination_ring_sparse20": 51.0, "coordination_ring_potter0_20": 0.1, "bottleneck_sparse20": 0.0, "bottleneck_potter0_20": 0.9}
[pair_E] {"steps": 1050624, "elapsed_s": 763.6, "coordination_ring_sparse20": 47.0, "coordination_ring_potter0_20": 0.1, "bottleneck_sparse20": 0.0, "bottleneck_potter0_20": 0.85}
[pair_E] {"steps": 1052672, "elapsed_s": 765.5, "coordination_ring_sparse20": 46.0, "coordination_ring_potter0_20": 0.15, "bottleneck_sparse20": 0.0, "bottleneck_potter0_20": 0.85}
[pair_E] {"steps": 1054720, "elapsed_s": 767.8, "coordination_ring_sparse20": 49.0, "coordination_ring_potter0_20": 0.15, "bottleneck_sparse20": 1.0, "bottleneck_potter0_20": 0.85}
[pair_E] {"steps": 1056768, "elapsed_s": 770.2, "coordination_ring_sparse20": 54.0, "coordination_ring_potter0_20": 0.1, "bottleneck_sparse20": 1.0, "bottleneck_potter0_20": 0.85}
[pair_E] {"steps": 1058816, "elapsed_s": 772.8, "coordination_ring_sparse20": 50.0, "coordination_ring_potter0_20": 0.05, "bottleneck_sparse20": 1.0, "bottleneck_potter0_20": 0.85}
[pair_E] {"steps": 1060864, "elapsed_s": 775.4, "coordination_ring_sparse20": 50.0, "coordination_ring_potter0_20": 0.1, "bottleneck_sparse20": 1.0, "bottleneck_potter0_20": 0.85}
[pair_E] {"steps": 1062912, "elapsed_s": 777.7, "coordination_ring_sparse20": 51.0, "coordination_ring_potter0_20": 0.05, "bottleneck_sparse20": 1.0, "bottleneck_potter0_20": 0.85}
[pair_E] {"steps": 1064960, "elapsed_s": 779.9, "coordination_ring_sparse20": 48.0, "coordination_ring_potter0_20": 0.05, "bottleneck_sparse20": 1.0, "bottleneck_potter0_20": 0.85}
[pair_E] {"steps": 1067008, "elapsed_s": 782.5, "coordination_ring_sparse20": 50.0, "coordination_ring_potter0_20": 0.05, "bottleneck_sparse20": 1.0, "bottleneck_potter0_20": 0.85}
[pair_E] {"steps": 1069056, "elapsed_s": 784.8, "coordination_ring_sparse20": 49.0, "coordination_ring_potter0_20": 0.05, "bottleneck_sparse20": 1.0, "bottleneck_potter0_20": 0.9}
[pair_E] {"steps": 1071104, "elapsed_s": 787.3, "coordination_ring_sparse20": 50.0, "coordination_ring_potter0_20": 0.05, "bottleneck_sparse20": 1.0, "bottleneck_potter0_20": 0.9}
[pair_E] {"steps": 1073152, "elapsed_s": 790.0, "coordination_ring_sparse20": 50.0, "coordination_ring_potter0_20": 0.05, "bottleneck_sparse20": 1.0, "bottleneck_potter0_20": 0.95}
[pair_E] {"steps": 1075200, "elapsed_s": 793.3, "coordination_ring_sparse20": 45.0, "coordination_ring_potter0_20": 0.0, "bottleneck_sparse20": 0.0, "bottleneck_potter0_20": 0.9}
[pair_E] {"steps": 1077248, "elapsed_s": 795.8, "coordination_ring_sparse20": 41.0, "coordination_ring_potter0_20": 0.0, "bottleneck_sparse20": 0.0, "bottleneck_potter0_20": 0.9}
[pair_E] {"steps": 1079296, "elapsed_s": 798.0, "coordination_ring_sparse20": 39.0, "coordination_ring_potter0_20": 0.05, "bottleneck_sparse20": 0.0, "bottleneck_potter0_20": 0.9}
[pair_E] {"steps": 1081344, "elapsed_s": 800.5, "coordination_ring_sparse20": 37.0, "coordination_ring_potter0_20": 0.05, "bottleneck_sparse20": 1.0, "bottleneck_potter0_20": 0.9}
[pair_E] {"steps": 1083392, "elapsed_s": 802.5, "coordination_ring_sparse20": 35.0, "coordination_ring_potter0_20": 0.05, "bottleneck_sparse20": 2.0, "bottleneck_potter0_20": 0.9}
[pair_E] {"steps": 1085440, "elapsed_s": 805.1, "coordination_ring_sparse20": 36.0, "coordination_ring_potter0_20": 0.05, "bottleneck_sparse20": 2.0, "bottleneck_potter0_20": 0.9}
[pair_E] {"steps": 1087488, "elapsed_s": 807.2, "coordination_ring_sparse20": 35.0, "coordination_ring_potter0_20": 0.1, "bottleneck_sparse20": 3.0, "bottleneck_potter0_20": 0.95}
[pair_E] {"steps": 1089536, "elapsed_s": 809.2, "coordination_ring_sparse20": 34.0, "coordination_ring_potter0_20": 0.15, "bottleneck_sparse20": 3.0, "bottleneck_potter0_20": 0.95}
[pair_E] {"steps": 1091584, "elapsed_s": 813.0, "coordination_ring_sparse20": 33.0, "coordination_ring_potter0_20": 0.2, "bottleneck_sparse20": 3.0, "bottleneck_potter0_20": 0.95}
[pair_E] {"steps": 1093632, "elapsed_s": 815.2, "coordination_ring_sparse20": 33.0, "coordination_ring_potter0_20": 0.2, "bottleneck_sparse20": 2.0, "bottleneck_potter0_20": 0.9}
[pair_E] {"steps": 1095680, "elapsed_s": 817.2, "coordination_ring_sparse20": 34.0, "coordination_ring_potter0_20": 0.2, "bottleneck_sparse20": 1.0, "bottleneck_potter0_20": 0.9}
[pair_E] {"steps": 1097728, "elapsed_s": 819.8, "coordination_ring_sparse20": 27.0, "coordination_ring_potter0_20": 0.15, "bottleneck_sparse20": 1.0, "bottleneck_potter0_20": 0.85}
[pair_E] {"steps": 1099776, "elapsed_s": 822.3, "coordination_ring_sparse20": 29.0, "coordination_ring_potter0_20": 0.15, "bottleneck_sparse20": 0.0, "bottleneck_potter0_20": 0.85}
[pair_E] {"steps": 1101824, "elapsed_s": 825.0, "coordination_ring_sparse20": 29.0, "coordination_ring_potter0_20": 0.15, "bottleneck_sparse20": 0.0, "bottleneck_potter0_20": 0.85}
[pair_E] {"steps": 1103872, "elapsed_s": 828.4, "coordination_ring_sparse20": 29.0, "coordination_ring_potter0_20": 0.15, "bottleneck_sparse20": 0.0, "bottleneck_potter0_20": 0.9}
[pair_E] {"steps": 1105920, "elapsed_s": 830.9, "coordination_ring_sparse20": 29.0, "coordination_ring_potter0_20": 0.1, "bottleneck_sparse20": 0.0, "bottleneck_potter0_20": 0.85}
[pair_E] {"steps": 1107968, "elapsed_s": 833.0, "coordination_ring_sparse20": 32.0, "coordination_ring_potter0_20": 0.05, "bottleneck_sparse20": 0.0, "bottleneck_potter0_20": 0.85}
[pair_E] {"steps": 1110016, "elapsed_s": 835.6, "coordination_ring_sparse20": 41.0, "coordination_ring_potter0_20": 0.05, "bottleneck_sparse20": 0.0, "bottleneck_potter0_20": 0.85}
[pair_E] {"steps": 1112064, "elapsed_s": 838.0, "coordination_ring_sparse20": 44.0, "coordination_ring_potter0_20": 0.05, "bottleneck_sparse20": 0.0, "bottleneck_potter0_20": 0.85}
[pair_E] {"steps": 1114112, "elapsed_s": 840.7, "coordination_ring_sparse20": 46.0, "coordination_ring_potter0_20": 0.05, "bottleneck_sparse20": 0.0, "bottleneck_potter0_20": 0.9}
[pair_E] {"steps": 1116160, "elapsed_s": 842.9, "coordination_ring_sparse20": 45.0, "coordination_ring_potter0_20": 0.05, "bottleneck_sparse20": 0.0, "bottleneck_potter0_20": 0.9}
[pair_E] {"steps": 1118208, "elapsed_s": 845.1, "coordination_ring_sparse20": 45.0, "coordination_ring_potter0_20": 0.05, "bottleneck_sparse20": 0.0, "bottleneck_potter0_20": 0.8}
[pair_E] {"steps": 1120256, "elapsed_s": 847.7, "coordination_ring_sparse20": 43.0, "coordination_ring_potter0_20": 0.05, "bottleneck_sparse20": 0.0, "bottleneck_potter0_20": 0.8}
[pair_E] {"steps": 1122304, "elapsed_s": 850.0, "coordination_ring_sparse20": 48.0, "coordination_ring_potter0_20": 0.05, "bottleneck_sparse20": 0.0, "bottleneck_potter0_20": 0.85}
[pair_E] {"steps": 1124352, "elapsed_s": 853.2, "coordination_ring_sparse20": 47.0, "coordination_ring_potter0_20": 0.1, "bottleneck_sparse20": 0.0, "bottleneck_potter0_20": 0.9}
[pair_E] {"steps": 1126400, "elapsed_s": 855.2, "coordination_ring_sparse20": 47.0, "coordination_ring_potter0_20": 0.15, "bottleneck_sparse20": 0.0, "bottleneck_potter0_20": 0.9}
[pair_E] {"steps": 1128448, "elapsed_s": 857.9, "coordination_ring_sparse20": 48.0, "coordination_ring_potter0_20": 0.1, "bottleneck_sparse20": 0.0, "bottleneck_potter0_20": 0.85}
[pair_E] {"steps": 1130496, "elapsed_s": 860.5, "coordination_ring_sparse20": 42.0, "coordination_ring_potter0_20": 0.1, "bottleneck_sparse20": 0.0, "bottleneck_potter0_20": 0.95}
[pair_E] {"steps": 1132544, "elapsed_s": 862.8, "coordination_ring_sparse20": 43.0, "coordination_ring_potter0_20": 0.15, "bottleneck_sparse20": 0.0, "bottleneck_potter0_20": 0.9}
[pair_E] {"steps": 1134592, "elapsed_s": 865.3, "coordination_ring_sparse20": 44.0, "coordination_ring_potter0_20": 0.15, "bottleneck_sparse20": 0.0, "bottleneck_potter0_20": 0.9}
[pair_E] {"steps": 1136640, "elapsed_s": 867.8, "coordination_ring_sparse20": 45.0, "coordination_ring_potter0_20": 0.15, "bottleneck_sparse20": 0.0, "bottleneck_potter0_20": 0.9}
[pair_E] {"steps": 1138688, "elapsed_s": 870.4, "coordination_ring_sparse20": 43.0, "coordination_ring_potter0_20": 0.15, "bottleneck_sparse20": 1.0, "bottleneck_potter0_20": 0.9}
[pair_E] {"steps": 1140736, "elapsed_s": 872.6, "coordination_ring_sparse20": 40.0, "coordination_ring_potter0_20": 0.1, "bottleneck_sparse20": 2.0, "bottleneck_potter0_20": 0.85}
[pair_E] {"steps": 1142784, "elapsed_s": 874.9, "coordination_ring_sparse20": 40.0, "coordination_ring_potter0_20": 0.1, "bottleneck_sparse20": 2.0, "bottleneck_potter0_20": 0.85}
[pair_E] {"steps": 1144832, "elapsed_s": 877.4, "coordination_ring_sparse20": 38.0, "coordination_ring_potter0_20": 0.05, "bottleneck_sparse20": 2.0, "bottleneck_potter0_20": 0.85}
[pair_E] {"steps": 1146880, "elapsed_s": 879.9, "coordination_ring_sparse20": 38.0, "coordination_ring_potter0_20": 0.05, "bottleneck_sparse20": 2.0, "bottleneck_potter0_20": 0.9}
[pair_E] {"steps": 1148928, "elapsed_s": 881.8, "coordination_ring_sparse20": 41.0, "coordination_ring_potter0_20": 0.05, "bottleneck_sparse20": 2.0, "bottleneck_potter0_20": 0.85}
[pair_E] {"steps": 1150976, "elapsed_s": 884.1, "coordination_ring_sparse20": 43.0, "coordination_ring_potter0_20": 0.05, "bottleneck_sparse20": 1.0, "bottleneck_potter0_20": 0.8}
[pair_E] {"steps": 1153024, "elapsed_s": 886.5, "coordination_ring_sparse20": 47.0, "coordination_ring_potter0_20": 0.05, "bottleneck_sparse20": 1.0, "bottleneck_potter0_20": 0.8}
[pair_E] {"steps": 1155072, "elapsed_s": 888.6, "coordination_ring_sparse20": 45.0, "coordination_ring_potter0_20": 0.05, "bottleneck_sparse20": 0.0, "bottleneck_potter0_20": 0.9}
[pair_E] {"steps": 1157120, "elapsed_s": 890.9, "coordination_ring_sparse20": 46.0, "coordination_ring_potter0_20": 0.05, "bottleneck_sparse20": 0.0, "bottleneck_potter0_20": 0.9}
[pair_E] {"steps": 1159168, "elapsed_s": 893.6, "coordination_ring_sparse20": 51.0, "coordination_ring_potter0_20": 0.1, "bottleneck_sparse20": 0.0, "bottleneck_potter0_20": 0.9}
[pair_E] {"steps": 1161216, "elapsed_s": 896.4, "coordination_ring_sparse20": 51.0, "coordination_ring_potter0_20": 0.1, "bottleneck_sparse20": 0.0, "bottleneck_potter0_20": 0.9}
[pair_E] {"steps": 1163264, "elapsed_s": 898.6, "coordination_ring_sparse20": 52.0, "coordination_ring_potter0_20": 0.1, "bottleneck_sparse20": 0.0, "bottleneck_potter0_20": 0.9}
[pair_E] {"steps": 1165312, "elapsed_s": 901.2, "coordination_ring_sparse20": 52.0, "coordination_ring_potter0_20": 0.1, "bottleneck_sparse20": 0.0, "bottleneck_potter0_20": 1.0}
[pair_E] {"steps": 1167360, "elapsed_s": 903.9, "coordination_ring_sparse20": 56.0, "coordination_ring_potter0_20": 0.05, "bottleneck_sparse20": 0.0, "bottleneck_potter0_20": 1.0}
[pair_E] {"steps": 1169408, "elapsed_s": 905.9, "coordination_ring_sparse20": 56.0, "coordination_ring_potter0_20": 0.05, "bottleneck_sparse20": 0.0, "bottleneck_potter0_20": 1.0}
[pair_E] {"steps": 1171456, "elapsed_s": 908.5, "coordination_ring_sparse20": 55.0, "coordination_ring_potter0_20": 0.05, "bottleneck_sparse20": 0.0, "bottleneck_potter0_20": 1.0}
[pair_E] {"steps": 1173504, "elapsed_s": 910.8, "coordination_ring_sparse20": 49.0, "coordination_ring_potter0_20": 0.05, "bottleneck_sparse20": 0.0, "bottleneck_potter0_20": 1.0}
[pair_E] {"steps": 1175552, "elapsed_s": 912.7, "coordination_ring_sparse20": 50.0, "coordination_ring_potter0_20": 0.0, "bottleneck_sparse20": 0.0, "bottleneck_potter0_20": 1.0}
[pair_E] {"steps": 1177600, "elapsed_s": 915.8, "coordination_ring_sparse20": 48.0, "coordination_ring_potter0_20": 0.0, "bottleneck_sparse20": 0.0, "bottleneck_potter0_20": 0.95}
[pair_E] {"steps": 1179648, "elapsed_s": 918.5, "coordination_ring_sparse20": 51.0, "coordination_ring_potter0_20": 0.0, "bottleneck_sparse20": 0.0, "bottleneck_potter0_20": 0.95}
[pair_E] {"steps": 1181696, "elapsed_s": 921.0, "coordination_ring_sparse20": 53.0, "coordination_ring_potter0_20": 0.0, "bottleneck_sparse20": 0.0, "bottleneck_potter0_20": 0.95}
[pair_E] {"steps": 1183744, "elapsed_s": 923.5, "coordination_ring_sparse20": 51.0, "coordination_ring_potter0_20": 0.0, "bottleneck_sparse20": 0.0, "bottleneck_potter0_20": 0.95}
[pair_E] {"steps": 1185792, "elapsed_s": 925.8, "coordination_ring_sparse20": 52.0, "coordination_ring_potter0_20": 0.0, "bottleneck_sparse20": 0.0, "bottleneck_potter0_20": 0.95}
[pair_E] {"steps": 1187840, "elapsed_s": 928.2, "coordination_ring_sparse20": 54.0, "coordination_ring_potter0_20": 0.0, "bottleneck_sparse20": 0.0, "bottleneck_potter0_20": 0.95}
[pair_E] {"steps": 1189888, "elapsed_s": 930.7, "coordination_ring_sparse20": 53.0, "coordination_ring_potter0_20": 0.0, "bottleneck_sparse20": 0.0, "bottleneck_potter0_20": 0.95}
[pair_E] {"steps": 1191936, "elapsed_s": 933.3, "coordination_ring_sparse20": 58.0, "coordination_ring_potter0_20": 0.0, "bottleneck_sparse20": 0.0, "bottleneck_potter0_20": 1.0}
[pair_E] {"steps": 1193984, "elapsed_s": 936.0, "coordination_ring_sparse20": 56.0, "coordination_ring_potter0_20": 0.0, "bottleneck_sparse20": 0.0, "bottleneck_potter0_20": 0.95}
[pair_E] {"steps": 1196032, "elapsed_s": 938.7, "coordination_ring_sparse20": 60.0, "coordination_ring_potter0_20": 0.0, "bottleneck_sparse20": 0.0, "bottleneck_potter0_20": 0.9}
[pair_E] {"steps": 1198080, "elapsed_s": 941.2, "coordination_ring_sparse20": 59.0, "coordination_ring_potter0_20": 0.05, "bottleneck_sparse20": 0.0, "bottleneck_potter0_20": 0.9}
[pair_E] {"steps": 1200128, "elapsed_s": 943.9, "coordination_ring_sparse20": 61.0, "coordination_ring_potter0_20": 0.05, "bottleneck_sparse20": 0.0, "bottleneck_potter0_20": 0.9}
[pair_E] {"steps": 1202176, "elapsed_s": 946.1, "coordination_ring_sparse20": 59.0, "coordination_ring_potter0_20": 0.05, "bottleneck_sparse20": 0.0, "bottleneck_potter0_20": 0.9}
[pair_E] {"steps": 1204224, "elapsed_s": 948.8, "coordination_ring_sparse20": 57.0, "coordination_ring_potter0_20": 0.05, "bottleneck_sparse20": 0.0, "bottleneck_potter0_20": 0.9}
[pair_E] {"steps": 1206272, "elapsed_s": 950.8, "coordination_ring_sparse20": 56.0, "coordination_ring_potter0_20": 0.1, "bottleneck_sparse20": 0.0, "bottleneck_potter0_20": 0.9}
[pair_E] {"steps": 1208320, "elapsed_s": 953.3, "coordination_ring_sparse20": 60.0, "coordination_ring_potter0_20": 0.15, "bottleneck_sparse20": 0.0, "bottleneck_potter0_20": 0.9}
[pair_E] {"steps": 1210368, "elapsed_s": 956.3, "coordination_ring_sparse20": 59.0, "coordination_ring_potter0_20": 0.2, "bottleneck_sparse20": 0.0, "bottleneck_potter0_20": 0.9}
[pair_E] {"steps": 1212416, "elapsed_s": 959.0, "coordination_ring_sparse20": 61.0, "coordination_ring_potter0_20": 0.15, "bottleneck_sparse20": 0.0, "bottleneck_potter0_20": 0.95}
[pair_E] {"steps": 1214464, "elapsed_s": 961.2, "coordination_ring_sparse20": 63.0, "coordination_ring_potter0_20": 0.15, "bottleneck_sparse20": 0.0, "bottleneck_potter0_20": 0.95}
[pair_E] {"steps": 1216512, "elapsed_s": 962.7, "coordination_ring_sparse20": 61.0, "coordination_ring_potter0_20": 0.15, "bottleneck_sparse20": 0.0, "bottleneck_potter0_20": 0.95}
[pair_E] {"steps": 1218560, "elapsed_s": 964.4, "coordination_ring_sparse20": 58.0, "coordination_ring_potter0_20": 0.15, "bottleneck_sparse20": 0.0, "bottleneck_potter0_20": 0.95}
[pair_E] {"steps": 1220608, "elapsed_s": 965.9, "coordination_ring_sparse20": 55.0, "coordination_ring_potter0_20": 0.15, "bottleneck_sparse20": 0.0, "bottleneck_potter0_20": 0.95}
[pair_E] {"steps": 1222656, "elapsed_s": 967.4, "coordination_ring_sparse20": 60.0, "coordination_ring_potter0_20": 0.15, "bottleneck_sparse20": 0.0, "bottleneck_potter0_20": 0.9}
[pair_E] {"steps": 1224704, "elapsed_s": 969.1, "coordination_ring_sparse20": 60.0, "coordination_ring_potter0_20": 0.1, "bottleneck_sparse20": 0.0, "bottleneck_potter0_20": 0.9}
[pair_E] {"steps": 1226752, "elapsed_s": 970.5, "coordination_ring_sparse20": 59.0, "coordination_ring_potter0_20": 0.15, "bottleneck_sparse20": 0.0, "bottleneck_potter0_20": 0.9}
[pair_E] {"steps": 1228800, "elapsed_s": 971.9, "coordination_ring_sparse20": 51.0, "coordination_ring_potter0_20": 0.1, "bottleneck_sparse20": 0.0, "bottleneck_potter0_20": 0.9}
[pair_E] {"steps": 1230848, "elapsed_s": 973.6, "coordination_ring_sparse20": 55.0, "coordination_ring_potter0_20": 0.1, "bottleneck_sparse20": 0.0, "bottleneck_potter0_20": 0.9}
[pair_E] {"steps": 1232896, "elapsed_s": 975.2, "coordination_ring_sparse20": 58.0, "coordination_ring_potter0_20": 0.1, "bottleneck_sparse20": 0.0, "bottleneck_potter0_20": 0.85}
[pair_E] {"steps": 1234944, "elapsed_s": 976.7, "coordination_ring_sparse20": 60.0, "coordination_ring_potter0_20": 0.1, "bottleneck_sparse20": 0.0, "bottleneck_potter0_20": 0.85}
[pair_E] {"steps": 1236992, "elapsed_s": 978.1, "coordination_ring_sparse20": 57.0, "coordination_ring_potter0_20": 0.1, "bottleneck_sparse20": 0.0, "bottleneck_potter0_20": 0.8}
[pair_E] {"steps": 1239040, "elapsed_s": 979.7, "coordination_ring_sparse20": 59.0, "coordination_ring_potter0_20": 0.1, "bottleneck_sparse20": 0.0, "bottleneck_potter0_20": 0.85}
[pair_E] {"steps": 1241088, "elapsed_s": 981.6, "coordination_ring_sparse20": 59.0, "coordination_ring_potter0_20": 0.1, "bottleneck_sparse20": 0.0, "bottleneck_potter0_20": 0.85}
[pair_E] {"steps": 1243136, "elapsed_s": 983.2, "coordination_ring_sparse20": 59.0, "coordination_ring_potter0_20": 0.1, "bottleneck_sparse20": 0.0, "bottleneck_potter0_20": 0.9}
[pair_E] {"steps": 1245184, "elapsed_s": 984.6, "coordination_ring_sparse20": 60.0, "coordination_ring_potter0_20": 0.1, "bottleneck_sparse20": 0.0, "bottleneck_potter0_20": 0.95}
[pair_E] {"steps": 1247232, "elapsed_s": 986.1, "coordination_ring_sparse20": 58.0, "coordination_ring_potter0_20": 0.05, "bottleneck_sparse20": 0.0, "bottleneck_potter0_20": 0.95}
[pair_E] {"steps": 1249280, "elapsed_s": 987.5, "coordination_ring_sparse20": 62.0, "coordination_ring_potter0_20": 0.1, "bottleneck_sparse20": 0.0, "bottleneck_potter0_20": 0.95}
[pair_E] {"steps": 1251328, "elapsed_s": 988.9, "coordination_ring_sparse20": 62.0, "coordination_ring_potter0_20": 0.1, "bottleneck_sparse20": 0.0, "bottleneck_potter0_20": 0.95}
[pair_E] {"steps": 1253376, "elapsed_s": 990.6, "coordination_ring_sparse20": 63.0, "coordination_ring_potter0_20": 0.1, "bottleneck_sparse20": 0.0, "bottleneck_potter0_20": 0.95}
[pair_E] {"steps": 1255424, "elapsed_s": 992.2, "coordination_ring_sparse20": 68.0, "coordination_ring_potter0_20": 0.15, "bottleneck_sparse20": 0.0, "bottleneck_potter0_20": 0.95}
[pair_E] {"steps": 1257472, "elapsed_s": 993.7, "coordination_ring_sparse20": 59.0, "coordination_ring_potter0_20": 0.1, "bottleneck_sparse20": 0.0, "bottleneck_potter0_20": 0.95}
[pair_E] {"steps": 1259520, "elapsed_s": 995.3, "coordination_ring_sparse20": 59.0, "coordination_ring_potter0_20": 0.1, "bottleneck_sparse20": 0.0, "bottleneck_potter0_20": 0.95}
[pair_E] {"steps": 1261568, "elapsed_s": 996.8, "coordination_ring_sparse20": 59.0, "coordination_ring_potter0_20": 0.1, "bottleneck_sparse20": 0.0, "bottleneck_potter0_20": 0.95}
[pair_E] {"steps": 1263616, "elapsed_s": 998.3, "coordination_ring_sparse20": 61.0, "coordination_ring_potter0_20": 0.1, "bottleneck_sparse20": 1.0, "bottleneck_potter0_20": 0.95}
[pair_E] {"steps": 1265664, "elapsed_s": 999.7, "coordination_ring_sparse20": 55.0, "coordination_ring_potter0_20": 0.15, "bottleneck_sparse20": 1.0, "bottleneck_potter0_20": 0.95}
[pair_E] {"steps": 1267712, "elapsed_s": 1001.3, "coordination_ring_sparse20": 53.0, "coordination_ring_potter0_20": 0.15, "bottleneck_sparse20": 1.0, "bottleneck_potter0_20": 1.0}
[pair_E] {"steps": 1269760, "elapsed_s": 1002.9, "coordination_ring_sparse20": 48.0, "coordination_ring_potter0_20": 0.1, "bottleneck_sparse20": 1.0, "bottleneck_potter0_20": 0.95}
[pair_E] {"steps": 1271808, "elapsed_s": 1005.1, "coordination_ring_sparse20": 46.0, "coordination_ring_potter0_20": 0.1, "bottleneck_sparse20": 1.0, "bottleneck_potter0_20": 0.9}
[pair_E] {"steps": 1273856, "elapsed_s": 1007.2, "coordination_ring_sparse20": 50.0, "coordination_ring_potter0_20": 0.1, "bottleneck_sparse20": 1.0, "bottleneck_potter0_20": 0.9}
[pair_E] {"steps": 1275904, "elapsed_s": 1009.2, "coordination_ring_sparse20": 55.0, "coordination_ring_potter0_20": 0.1, "bottleneck_sparse20": 1.0, "bottleneck_potter0_20": 0.9}
[pair_E] {"steps": 1277952, "elapsed_s": 1011.4, "coordination_ring_sparse20": 57.0, "coordination_ring_potter0_20": 0.05, "bottleneck_sparse20": 1.0, "bottleneck_potter0_20": 0.85}
[pair_E] {"steps": 1280000, "elapsed_s": 1013.5, "coordination_ring_sparse20": 53.0, "coordination_ring_potter0_20": 0.05, "bottleneck_sparse20": 0.0, "bottleneck_potter0_20": 0.85}
[pair_E] {"steps": 1282048, "elapsed_s": 1015.6, "coordination_ring_sparse20": 61.0, "coordination_ring_potter0_20": 0.0, "bottleneck_sparse20": 0.0, "bottleneck_potter0_20": 0.85}
[pair_E] {"steps": 1284096, "elapsed_s": 1017.9, "coordination_ring_sparse20": 66.0, "coordination_ring_potter0_20": 0.1, "bottleneck_sparse20": 0.0, "bottleneck_potter0_20": 0.85}
[pair_E] {"steps": 1286144, "elapsed_s": 1020.0, "coordination_ring_sparse20": 70.0, "coordination_ring_potter0_20": 0.1, "bottleneck_sparse20": 0.0, "bottleneck_potter0_20": 0.85}
[pair_E] {"steps": 1288192, "elapsed_s": 1022.1, "coordination_ring_sparse20": 72.0, "coordination_ring_potter0_20": 0.1, "bottleneck_sparse20": 0.0, "bottleneck_potter0_20": 0.9}
[pair_E] {"steps": 1290240, "elapsed_s": 1024.2, "coordination_ring_sparse20": 72.0, "coordination_ring_potter0_20": 0.1, "bottleneck_sparse20": 0.0, "bottleneck_potter0_20": 0.9}
[pair_E] {"steps": 1292288, "elapsed_s": 1026.3, "coordination_ring_sparse20": 75.0, "coordination_ring_potter0_20": 0.1, "bottleneck_sparse20": 0.0, "bottleneck_potter0_20": 0.9}
[pair_E] {"steps": 1294336, "elapsed_s": 1028.3, "coordination_ring_sparse20": 78.0, "coordination_ring_potter0_20": 0.1, "bottleneck_sparse20": 0.0, "bottleneck_potter0_20": 0.9}
[pair_E] {"steps": 1296384, "elapsed_s": 1029.8, "coordination_ring_sparse20": 76.0, "coordination_ring_potter0_20": 0.1, "bottleneck_sparse20": 0.0, "bottleneck_potter0_20": 0.85}
[pair_E] {"steps": 1298432, "elapsed_s": 1031.4, "coordination_ring_sparse20": 73.0, "coordination_ring_potter0_20": 0.05, "bottleneck_sparse20": 0.0, "bottleneck_potter0_20": 0.85}
[pair_E] {"steps": 1300480, "elapsed_s": 1033.0, "coordination_ring_sparse20": 74.0, "coordination_ring_potter0_20": 0.0, "bottleneck_sparse20": 0.0, "bottleneck_potter0_20": 0.85}
[pair_E] {"steps": 1302528, "elapsed_s": 1034.5, "coordination_ring_sparse20": 76.0, "coordination_ring_potter0_20": 0.0, "bottleneck_sparse20": 0.0, "bottleneck_potter0_20": 0.85}
[pair_E] {"steps": 1304576, "elapsed_s": 1036.0, "coordination_ring_sparse20": 78.0, "coordination_ring_potter0_20": 0.0, "bottleneck_sparse20": 0.0, "bottleneck_potter0_20": 0.85}
[pair_E] {"steps": 1306624, "elapsed_s": 1037.6, "coordination_ring_sparse20": 76.0, "coordination_ring_potter0_20": 0.0, "bottleneck_sparse20": 0.0, "bottleneck_potter0_20": 0.8}
[pair_E] {"steps": 1308672, "elapsed_s": 1039.2, "coordination_ring_sparse20": 74.0, "coordination_ring_potter0_20": 0.0, "bottleneck_sparse20": 0.0, "bottleneck_potter0_20": 0.8}
[pair_E] {"steps": 1310720, "elapsed_s": 1040.7, "coordination_ring_sparse20": 70.0, "coordination_ring_potter0_20": 0.0, "bottleneck_sparse20": 0.0, "bottleneck_potter0_20": 0.8}
[pair_E] {"steps": 1312768, "elapsed_s": 1042.1, "coordination_ring_sparse20": 68.0, "coordination_ring_potter0_20": 0.0, "bottleneck_sparse20": 0.0, "bottleneck_potter0_20": 0.85}
[pair_E] {"steps": 1314816, "elapsed_s": 1043.8, "coordination_ring_sparse20": 62.0, "coordination_ring_potter0_20": 0.0, "bottleneck_sparse20": 0.0, "bottleneck_potter0_20": 0.8}
[pair_E] {"steps": 1316864, "elapsed_s": 1045.2, "coordination_ring_sparse20": 64.0, "coordination_ring_potter0_20": 0.0, "bottleneck_sparse20": 0.0, "bottleneck_potter0_20": 0.8}
[pair_E] {"steps": 1318912, "elapsed_s": 1046.6, "coordination_ring_sparse20": 62.0, "coordination_ring_potter0_20": 0.0, "bottleneck_sparse20": 0.0, "bottleneck_potter0_20": 0.8}
[pair_E] {"steps": 1320960, "elapsed_s": 1048.0, "coordination_ring_sparse20": 64.0, "coordination_ring_potter0_20": 0.0, "bottleneck_sparse20": 0.0, "bottleneck_potter0_20": 0.8}
[pair_E] {"steps": 1323008, "elapsed_s": 1049.4, "coordination_ring_sparse20": 66.0, "coordination_ring_potter0_20": 0.0, "bottleneck_sparse20": 0.0, "bottleneck_potter0_20": 0.8}
[pair_E] {"steps": 1325056, "elapsed_s": 1050.8, "coordination_ring_sparse20": 68.0, "coordination_ring_potter0_20": 0.0, "bottleneck_sparse20": 0.0, "bottleneck_potter0_20": 0.85}
[pair_E] {"steps": 1327104, "elapsed_s": 1052.3, "coordination_ring_sparse20": 68.0, "coordination_ring_potter0_20": 0.0, "bottleneck_sparse20": 0.0, "bottleneck_potter0_20": 0.9}
[pair_E] {"steps": 1329152, "elapsed_s": 1053.7, "coordination_ring_sparse20": 71.0, "coordination_ring_potter0_20": 0.0, "bottleneck_sparse20": 0.0, "bottleneck_potter0_20": 0.85}
[pair_E] {"steps": 1331200, "elapsed_s": 1055.2, "coordination_ring_sparse20": 71.0, "coordination_ring_potter0_20": 0.0, "bottleneck_sparse20": 0.0, "bottleneck_potter0_20": 0.8}
[pair_E] {"steps": 1333248, "elapsed_s": 1056.6, "coordination_ring_sparse20": 71.0, "coordination_ring_potter0_20": 0.05, "bottleneck_sparse20": 0.0, "bottleneck_potter0_20": 0.85}
[pair_E] {"steps": 1335296, "elapsed_s": 1058.1, "coordination_ring_sparse20": 70.0, "coordination_ring_potter0_20": 0.05, "bottleneck_sparse20": 0.0, "bottleneck_potter0_20": 0.85}
[pair_E] {"steps": 1337344, "elapsed_s": 1059.8, "coordination_ring_sparse20": 66.0, "coordination_ring_potter0_20": 0.05, "bottleneck_sparse20": 0.0, "bottleneck_potter0_20": 0.9}
[pair_E] {"steps": 1339392, "elapsed_s": 1061.3, "coordination_ring_sparse20": 66.0, "coordination_ring_potter0_20": 0.05, "bottleneck_sparse20": 0.0, "bottleneck_potter0_20": 0.9}
[pair_E] {"steps": 1341440, "elapsed_s": 1062.8, "coordination_ring_sparse20": 65.0, "coordination_ring_potter0_20": 0.05, "bottleneck_sparse20": 0.0, "bottleneck_potter0_20": 0.9}
[pair_E] {"steps": 1343488, "elapsed_s": 1064.2, "coordination_ring_sparse20": 61.0, "coordination_ring_potter0_20": 0.1, "bottleneck_sparse20": 0.0, "bottleneck_potter0_20": 0.95}
[pair_E] {"steps": 1345536, "elapsed_s": 1065.7, "coordination_ring_sparse20": 61.0, "coordination_ring_potter0_20": 0.1, "bottleneck_sparse20": 0.0, "bottleneck_potter0_20": 0.9}
[pair_E] {"steps": 1347584, "elapsed_s": 1067.2, "coordination_ring_sparse20": 59.0, "coordination_ring_potter0_20": 0.1, "bottleneck_sparse20": 0.0, "bottleneck_potter0_20": 0.95}
[pair_E] {"steps": 1349632, "elapsed_s": 1068.6, "coordination_ring_sparse20": 62.0, "coordination_ring_potter0_20": 0.05, "bottleneck_sparse20": 0.0, "bottleneck_potter0_20": 0.95}
[pair_E] {"steps": 1351680, "elapsed_s": 1070.3, "coordination_ring_sparse20": 63.0, "coordination_ring_potter0_20": 0.05, "bottleneck_sparse20": 0.0, "bottleneck_potter0_20": 0.85}
[pair_E] {"steps": 1353728, "elapsed_s": 1071.9, "coordination_ring_sparse20": 62.0, "coordination_ring_potter0_20": 0.05, "bottleneck_sparse20": 0.0, "bottleneck_potter0_20": 0.85}
[pair_E] {"steps": 1355776, "elapsed_s": 1073.4, "coordination_ring_sparse20": 66.0, "coordination_ring_potter0_20": 0.05, "bottleneck_sparse20": 0.0, "bottleneck_potter0_20": 0.85}
[pair_E] {"steps": 1357824, "elapsed_s": 1075.1, "coordination_ring_sparse20": 72.0, "coordination_ring_potter0_20": 0.0, "bottleneck_sparse20": 0.0, "bottleneck_potter0_20": 0.85}
[pair_E] {"steps": 1359872, "elapsed_s": 1076.7, "coordination_ring_sparse20": 77.0, "coordination_ring_potter0_20": 0.0, "bottleneck_sparse20": 0.0, "bottleneck_potter0_20": 0.8}
[pair_E] {"steps": 1361920, "elapsed_s": 1078.3, "coordination_ring_sparse20": 76.0, "coordination_ring_potter0_20": 0.0, "bottleneck_sparse20": 0.0, "bottleneck_potter0_20": 0.85}
[pair_E] {"steps": 1363968, "elapsed_s": 1079.8, "coordination_ring_sparse20": 82.0, "coordination_ring_potter0_20": 0.0, "bottleneck_sparse20": 0.0, "bottleneck_potter0_20": 0.8}
[pair_E] {"steps": 1366016, "elapsed_s": 1081.3, "coordination_ring_sparse20": 78.0, "coordination_ring_potter0_20": 0.0, "bottleneck_sparse20": 1.0, "bottleneck_potter0_20": 0.8}
[pair_E] {"steps": 1368064, "elapsed_s": 1082.8, "coordination_ring_sparse20": 81.0, "coordination_ring_potter0_20": 0.05, "bottleneck_sparse20": 1.0, "bottleneck_potter0_20": 0.8}
[pair_E] {"steps": 1370112, "elapsed_s": 1084.2, "coordination_ring_sparse20": 79.0, "coordination_ring_potter0_20": 0.05, "bottleneck_sparse20": 1.0, "bottleneck_potter0_20": 0.8}
[pair_E] {"steps": 1372160, "elapsed_s": 1085.6, "coordination_ring_sparse20": 85.0, "coordination_ring_potter0_20": 0.15, "bottleneck_sparse20": 1.0, "bottleneck_potter0_20": 0.85}
[pair_E] {"steps": 1374208, "elapsed_s": 1087.0, "coordination_ring_sparse20": 83.0, "coordination_ring_potter0_20": 0.15, "bottleneck_sparse20": 1.0, "bottleneck_potter0_20": 0.9}
[pair_E] {"steps": 1376256, "elapsed_s": 1088.5, "coordination_ring_sparse20": 86.0, "coordination_ring_potter0_20": 0.15, "bottleneck_sparse20": 1.0, "bottleneck_potter0_20": 0.9}
[pair_E] {"steps": 1378304, "elapsed_s": 1089.9, "coordination_ring_sparse20": 87.0, "coordination_ring_potter0_20": 0.15, "bottleneck_sparse20": 1.0, "bottleneck_potter0_20": 0.85}
[pair_E] {"steps": 1380352, "elapsed_s": 1091.3, "coordination_ring_sparse20": 85.0, "coordination_ring_potter0_20": 0.15, "bottleneck_sparse20": 1.0, "bottleneck_potter0_20": 0.85}
[pair_E] {"steps": 1382400, "elapsed_s": 1093.0, "coordination_ring_sparse20": 85.0, "coordination_ring_potter0_20": 0.1, "bottleneck_sparse20": 1.0, "bottleneck_potter0_20": 0.8}
[pair_E] {"steps": 1384448, "elapsed_s": 1094.4, "coordination_ring_sparse20": 78.0, "coordination_ring_potter0_20": 0.1, "bottleneck_sparse20": 0.0, "bottleneck_potter0_20": 0.8}
[pair_E] {"steps": 1386496, "elapsed_s": 1095.8, "coordination_ring_sparse20": 78.0, "coordination_ring_potter0_20": 0.05, "bottleneck_sparse20": 0.0, "bottleneck_potter0_20": 0.75}
[pair_E] {"steps": 1388544, "elapsed_s": 1097.2, "coordination_ring_sparse20": 78.0, "coordination_ring_potter0_20": 0.0, "bottleneck_sparse20": 0.0, "bottleneck_potter0_20": 0.75}
[pair_E] {"steps": 1390592, "elapsed_s": 1098.8, "coordination_ring_sparse20": 78.0, "coordination_ring_potter0_20": 0.0, "bottleneck_sparse20": 0.0, "bottleneck_potter0_20": 0.75}
[pair_E] {"steps": 1392640, "elapsed_s": 1100.2, "coordination_ring_sparse20": 76.0, "coordination_ring_potter0_20": 0.0, "bottleneck_sparse20": 0.0, "bottleneck_potter0_20": 0.75}
[pair_E] {"steps": 1394688, "elapsed_s": 1101.7, "coordination_ring_sparse20": 75.0, "coordination_ring_potter0_20": 0.0, "bottleneck_sparse20": 0.0, "bottleneck_potter0_20": 0.85}
[pair_E] {"steps": 1396736, "elapsed_s": 1103.2, "coordination_ring_sparse20": 77.0, "coordination_ring_potter0_20": 0.0, "bottleneck_sparse20": 0.0, "bottleneck_potter0_20": 0.85}
[pair_E] {"steps": 1398784, "elapsed_s": 1104.7, "coordination_ring_sparse20": 80.0, "coordination_ring_potter0_20": 0.05, "bottleneck_sparse20": 0.0, "bottleneck_potter0_20": 0.9}
[pair_E] {"steps": 1400832, "elapsed_s": 1106.2, "coordination_ring_sparse20": 86.0, "coordination_ring_potter0_20": 0.1, "bottleneck_sparse20": 0.0, "bottleneck_potter0_20": 0.95}
[pair_E] {"steps": 1402880, "elapsed_s": 1107.7, "coordination_ring_sparse20": 82.0, "coordination_ring_potter0_20": 0.1, "bottleneck_sparse20": 0.0, "bottleneck_potter0_20": 0.95}
[pair_E] {"steps": 1404928, "elapsed_s": 1109.2, "coordination_ring_sparse20": 83.0, "coordination_ring_potter0_20": 0.15, "bottleneck_sparse20": 0.0, "bottleneck_potter0_20": 0.95}
[pair_E] {"steps": 1406976, "elapsed_s": 1110.8, "coordination_ring_sparse20": 84.0, "coordination_ring_potter0_20": 0.15, "bottleneck_sparse20": 0.0, "bottleneck_potter0_20": 0.95}
[pair_E] {"steps": 1409024, "elapsed_s": 1112.3, "coordination_ring_sparse20": 87.0, "coordination_ring_potter0_20": 0.15, "bottleneck_sparse20": 0.0, "bottleneck_potter0_20": 0.95}
[pair_E] {"steps": 1411072, "elapsed_s": 1113.8, "coordination_ring_sparse20": 88.0, "coordination_ring_potter0_20": 0.2, "bottleneck_sparse20": 0.0, "bottleneck_potter0_20": 0.95}
[pair_E] {"steps": 1413120, "elapsed_s": 1115.5, "coordination_ring_sparse20": 90.0, "coordination_ring_potter0_20": 0.25, "bottleneck_sparse20": 1.0, "bottleneck_potter0_20": 0.95}
[pair_E] {"steps": 1415168, "elapsed_s": 1117.0, "coordination_ring_sparse20": 88.0, "coordination_ring_potter0_20": 0.2, "bottleneck_sparse20": 1.0, "bottleneck_potter0_20": 0.95}
[pair_E] {"steps": 1417216, "elapsed_s": 1118.7, "coordination_ring_sparse20": 82.0, "coordination_ring_potter0_20": 0.15, "bottleneck_sparse20": 1.0, "bottleneck_potter0_20": 0.9}
[pair_E] {"steps": 1419264, "elapsed_s": 1120.2, "coordination_ring_sparse20": 84.0, "coordination_ring_potter0_20": 0.15, "bottleneck_sparse20": 1.0, "bottleneck_potter0_20": 0.95}
[pair_E] {"steps": 1421312, "elapsed_s": 1121.7, "coordination_ring_sparse20": 85.0, "coordination_ring_potter0_20": 0.15, "bottleneck_sparse20": 1.0, "bottleneck_potter0_20": 0.9}
[pair_E] {"steps": 1423360, "elapsed_s": 1123.2, "coordination_ring_sparse20": 87.0, "coordination_ring_potter0_20": 0.1, "bottleneck_sparse20": 1.0, "bottleneck_potter0_20": 0.8}
[pair_E] {"steps": 1425408, "elapsed_s": 1124.7, "coordination_ring_sparse20": 81.0, "coordination_ring_potter0_20": 0.1, "bottleneck_sparse20": 0.0, "bottleneck_potter0_20": 0.8}
[pair_E] {"steps": 1427456, "elapsed_s": 1126.3, "coordination_ring_sparse20": 80.0, "coordination_ring_potter0_20": 0.1, "bottleneck_sparse20": 0.0, "bottleneck_potter0_20": 0.8}
[pair_E] {"steps": 1429504, "elapsed_s": 1127.9, "coordination_ring_sparse20": 73.0, "coordination_ring_potter0_20": 0.05, "bottleneck_sparse20": 0.0, "bottleneck_potter0_20": 0.8}
[pair_E] {"steps": 1431552, "elapsed_s": 1129.6, "coordination_ring_sparse20": 68.0, "coordination_ring_potter0_20": 0.0, "bottleneck_sparse20": 0.0, "bottleneck_potter0_20": 0.75}
[pair_E] {"steps": 1433600, "elapsed_s": 1131.1, "coordination_ring_sparse20": 74.0, "coordination_ring_potter0_20": 0.05, "bottleneck_sparse20": 0.0, "bottleneck_potter0_20": 0.8}
[pair_E] {"steps": 1435648, "elapsed_s": 1132.5, "coordination_ring_sparse20": 71.0, "coordination_ring_potter0_20": 0.05, "bottleneck_sparse20": 0.0, "bottleneck_potter0_20": 0.8}
[pair_E] {"steps": 1437696, "elapsed_s": 1133.9, "coordination_ring_sparse20": 68.0, "coordination_ring_potter0_20": 0.05, "bottleneck_sparse20": 0.0, "bottleneck_potter0_20": 0.8}
[pair_E] {"steps": 1439744, "elapsed_s": 1135.3, "coordination_ring_sparse20": 70.0, "coordination_ring_potter0_20": 0.05, "bottleneck_sparse20": 0.0, "bottleneck_potter0_20": 0.8}
[pair_E] {"steps": 1441792, "elapsed_s": 1136.7, "coordination_ring_sparse20": 76.0, "coordination_ring_potter0_20": 0.05, "bottleneck_sparse20": 0.0, "bottleneck_potter0_20": 0.85}
[pair_E] {"steps": 1443840, "elapsed_s": 1138.3, "coordination_ring_sparse20": 78.0, "coordination_ring_potter0_20": 0.05, "bottleneck_sparse20": 0.0, "bottleneck_potter0_20": 0.85}
[pair_E] {"steps": 1445888, "elapsed_s": 1139.7, "coordination_ring_sparse20": 78.0, "coordination_ring_potter0_20": 0.05, "bottleneck_sparse20": 0.0, "bottleneck_potter0_20": 0.85}
[pair_E] {"steps": 1447936, "elapsed_s": 1141.1, "coordination_ring_sparse20": 76.0, "coordination_ring_potter0_20": 0.0, "bottleneck_sparse20": 0.0, "bottleneck_potter0_20": 0.85}
[pair_E] {"steps": 1449984, "elapsed_s": 1142.5, "coordination_ring_sparse20": 77.0, "coordination_ring_potter0_20": 0.0, "bottleneck_sparse20": 0.0, "bottleneck_potter0_20": 0.9}
[pair_E] {"steps": 1452032, "elapsed_s": 1143.9, "coordination_ring_sparse20": 77.0, "coordination_ring_potter0_20": 0.0, "bottleneck_sparse20": 0.0, "bottleneck_potter0_20": 0.9}
[pair_E] {"steps": 1454080, "elapsed_s": 1145.3, "coordination_ring_sparse20": 77.0, "coordination_ring_potter0_20": 0.0, "bottleneck_sparse20": 0.0, "bottleneck_potter0_20": 0.9}
[pair_E] {"steps": 1456128, "elapsed_s": 1146.7, "coordination_ring_sparse20": 72.0, "coordination_ring_potter0_20": 0.0, "bottleneck_sparse20": 0.0, "bottleneck_potter0_20": 0.9}
[pair_E] {"steps": 1458176, "elapsed_s": 1148.1, "coordination_ring_sparse20": 71.0, "coordination_ring_potter0_20": 0.0, "bottleneck_sparse20": 0.0, "bottleneck_potter0_20": 0.9}
[pair_E] {"steps": 1460224, "elapsed_s": 1149.4, "coordination_ring_sparse20": 71.0, "coordination_ring_potter0_20": 0.0, "bottleneck_sparse20": 0.0, "bottleneck_potter0_20": 0.85}
[pair_E] {"steps": 1462272, "elapsed_s": 1150.9, "coordination_ring_sparse20": 68.0, "coordination_ring_potter0_20": 0.0, "bottleneck_sparse20": 0.0, "bottleneck_potter0_20": 0.85}
[pair_E] {"steps": 1464320, "elapsed_s": 1152.3, "coordination_ring_sparse20": 68.0, "coordination_ring_potter0_20": 0.0, "bottleneck_sparse20": 0.0, "bottleneck_potter0_20": 0.85}
[pair_E] {"steps": 1466368, "elapsed_s": 1153.8, "coordination_ring_sparse20": 70.0, "coordination_ring_potter0_20": 0.0, "bottleneck_sparse20": 0.0, "bottleneck_potter0_20": 0.85}
[pair_E] {"steps": 1468416, "elapsed_s": 1155.2, "coordination_ring_sparse20": 71.0, "coordination_ring_potter0_20": 0.0, "bottleneck_sparse20": 0.0, "bottleneck_potter0_20": 0.85}
[pair_E] {"steps": 1470464, "elapsed_s": 1156.5, "coordination_ring_sparse20": 71.0, "coordination_ring_potter0_20": 0.0, "bottleneck_sparse20": 0.0, "bottleneck_potter0_20": 0.8}
[pair_E] {"steps": 1472512, "elapsed_s": 1158.0, "coordination_ring_sparse20": 74.0, "coordination_ring_potter0_20": 0.0, "bottleneck_sparse20": 0.0, "bottleneck_potter0_20": 0.8}
[pair_E] {"steps": 1474560, "elapsed_s": 1159.4, "coordination_ring_sparse20": 75.0, "coordination_ring_potter0_20": 0.0, "bottleneck_sparse20": 0.0, "bottleneck_potter0_20": 0.75}
[pair_E] {"steps": 1476608, "elapsed_s": 1160.9, "coordination_ring_sparse20": 75.0, "coordination_ring_potter0_20": 0.0, "bottleneck_sparse20": 0.0, "bottleneck_potter0_20": 0.75}
[pair_E] {"steps": 1478656, "elapsed_s": 1162.6, "coordination_ring_sparse20": 75.0, "coordination_ring_potter0_20": 0.0, "bottleneck_sparse20": 0.0, "bottleneck_potter0_20": 0.75}
[pair_E] {"steps": 1480704, "elapsed_s": 1164.1, "coordination_ring_sparse20": 73.0, "coordination_ring_potter0_20": 0.0, "bottleneck_sparse20": 0.0, "bottleneck_potter0_20": 0.75}
[pair_E] {"steps": 1482752, "elapsed_s": 1165.5, "coordination_ring_sparse20": 79.0, "coordination_ring_potter0_20": 0.05, "bottleneck_sparse20": 0.0, "bottleneck_potter0_20": 0.75}
[pair_E] {"steps": 1484800, "elapsed_s": 1166.9, "coordination_ring_sparse20": 78.0, "coordination_ring_potter0_20": 0.05, "bottleneck_sparse20": 0.0, "bottleneck_potter0_20": 0.8}
[pair_E] {"steps": 1486848, "elapsed_s": 1168.3, "coordination_ring_sparse20": 77.0, "coordination_ring_potter0_20": 0.05, "bottleneck_sparse20": 0.0, "bottleneck_potter0_20": 0.85}
[pair_E] {"steps": 1488896, "elapsed_s": 1169.7, "coordination_ring_sparse20": 76.0, "coordination_ring_potter0_20": 0.05, "bottleneck_sparse20": 0.0, "bottleneck_potter0_20": 0.85}
[pair_E] {"steps": 1490944, "elapsed_s": 1171.3, "coordination_ring_sparse20": 74.0, "coordination_ring_potter0_20": 0.05, "bottleneck_sparse20": 0.0, "bottleneck_potter0_20": 0.8}
[pair_E] {"steps": 1492992, "elapsed_s": 1172.8, "coordination_ring_sparse20": 76.0, "coordination_ring_potter0_20": 0.1, "bottleneck_sparse20": 0.0, "bottleneck_potter0_20": 0.85}
[pair_E] {"steps": 1495040, "elapsed_s": 1174.1, "coordination_ring_sparse20": 81.0, "coordination_ring_potter0_20": 0.15, "bottleneck_sparse20": 0.0, "bottleneck_potter0_20": 0.85}
[pair_E] {"steps": 1497088, "elapsed_s": 1175.7, "coordination_ring_sparse20": 82.0, "coordination_ring_potter0_20": 0.15, "bottleneck_sparse20": 0.0, "bottleneck_potter0_20": 0.75}
[pair_E] {"steps": 1499136, "elapsed_s": 1177.1, "coordination_ring_sparse20": 86.0, "coordination_ring_potter0_20": 0.15, "bottleneck_sparse20": 0.0, "bottleneck_potter0_20": 0.7}
[pair_E] {"steps": 1501184, "elapsed_s": 1178.5, "coordination_ring_sparse20": 89.0, "coordination_ring_potter0_20": 0.2, "bottleneck_sparse20": 0.0, "bottleneck_potter0_20": 0.75}
[pair_E] {"steps": 1503232, "elapsed_s": 1179.9, "coordination_ring_sparse20": 95.0, "coordination_ring_potter0_20": 0.15, "bottleneck_sparse20": 0.0, "bottleneck_potter0_20": 0.75}
[pair_E] {"steps": 1505280, "elapsed_s": 1181.3, "coordination_ring_sparse20": 99.0, "coordination_ring_potter0_20": 0.15, "bottleneck_sparse20": 0.0, "bottleneck_potter0_20": 0.7}
[pair_E] {"steps": 1507328, "elapsed_s": 1182.7, "coordination_ring_sparse20": 100.0, "coordination_ring_potter0_20": 0.15, "bottleneck_sparse20": 0.0, "bottleneck_potter0_20": 0.75}
[pair_E] {"steps": 1509376, "elapsed_s": 1184.1, "coordination_ring_sparse20": 98.0, "coordination_ring_potter0_20": 0.15, "bottleneck_sparse20": 0.0, "bottleneck_potter0_20": 0.8}
[pair_E] {"steps": 1511424, "elapsed_s": 1185.5, "coordination_ring_sparse20": 97.0, "coordination_ring_potter0_20": 0.15, "bottleneck_sparse20": 0.0, "bottleneck_potter0_20": 0.7}
[pair_E] {"steps": 1513472, "elapsed_s": 1186.9, "coordination_ring_sparse20": 87.0, "coordination_ring_potter0_20": 0.1, "bottleneck_sparse20": 0.0, "bottleneck_potter0_20": 0.7}
[pair_E] {"steps": 1515520, "elapsed_s": 1188.3, "coordination_ring_sparse20": 84.0, "coordination_ring_potter0_20": 0.1, "bottleneck_sparse20": 0.0, "bottleneck_potter0_20": 0.7}
[pair_E] {"steps": 1517568, "elapsed_s": 1189.7, "coordination_ring_sparse20": 79.0, "coordination_ring_potter0_20": 0.1, "bottleneck_sparse20": 0.0, "bottleneck_potter0_20": 0.7}
[pair_E] {"steps": 1519616, "elapsed_s": 1191.0, "coordination_ring_sparse20": 81.0, "coordination_ring_potter0_20": 0.1, "bottleneck_sparse20": 0.0, "bottleneck_potter0_20": 0.75}
[pair_E] {"steps": 1521664, "elapsed_s": 1192.4, "coordination_ring_sparse20": 78.0, "coordination_ring_potter0_20": 0.1, "bottleneck_sparse20": 0.0, "bottleneck_potter0_20": 0.75}
[pair_E] {"steps": 1523712, "elapsed_s": 1193.8, "coordination_ring_sparse20": 73.0, "coordination_ring_potter0_20": 0.05, "bottleneck_sparse20": 0.0, "bottleneck_potter0_20": 0.75}
[pair_E] {"steps": 1525760, "elapsed_s": 1195.1, "coordination_ring_sparse20": 71.0, "coordination_ring_potter0_20": 0.1, "bottleneck_sparse20": 0.0, "bottleneck_potter0_20": 0.75}
[pair_E] {"steps": 1527808, "elapsed_s": 1196.5, "coordination_ring_sparse20": 71.0, "coordination_ring_potter0_20": 0.15, "bottleneck_sparse20": 0.0, "bottleneck_potter0_20": 0.75}
[pair_E] {"steps": 1529856, "elapsed_s": 1198.0, "coordination_ring_sparse20": 75.0, "coordination_ring_potter0_20": 0.15, "bottleneck_sparse20": 0.0, "bottleneck_potter0_20": 0.75}
[pair_E] {"steps": 1531904, "elapsed_s": 1199.5, "coordination_ring_sparse20": 82.0, "coordination_ring_potter0_20": 0.15, "bottleneck_sparse20": 0.0, "bottleneck_potter0_20": 0.75}
[pair_E] {"steps": 1533952, "elapsed_s": 1200.8, "coordination_ring_sparse20": 86.0, "coordination_ring_potter0_20": 0.15, "bottleneck_sparse20": 0.0, "bottleneck_potter0_20": 0.8}
[pair_E] {"steps": 1536000, "elapsed_s": 1202.2, "coordination_ring_sparse20": 91.0, "coordination_ring_potter0_20": 0.2, "bottleneck_sparse20": 0.0, "bottleneck_potter0_20": 0.75}
[pair_E] {"steps": 1538048, "elapsed_s": 1203.6, "coordination_ring_sparse20": 99.0, "coordination_ring_potter0_20": 0.1, "bottleneck_sparse20": 0.0, "bottleneck_potter0_20": 0.8}
[pair_E] {"steps": 1540096, "elapsed_s": 1205.0, "coordination_ring_sparse20": 97.0, "coordination_ring_potter0_20": 0.05, "bottleneck_sparse20": 0.0, "bottleneck_potter0_20": 0.75}
[pair_E] {"steps": 1542144, "elapsed_s": 1206.3, "coordination_ring_sparse20": 93.0, "coordination_ring_potter0_20": 0.05, "bottleneck_sparse20": 0.0, "bottleneck_potter0_20": 0.7}
[pair_E] {"steps": 1544192, "elapsed_s": 1207.7, "coordination_ring_sparse20": 91.0, "coordination_ring_potter0_20": 0.05, "bottleneck_sparse20": 0.0, "bottleneck_potter0_20": 0.65}
[pair_E] {"steps": 1546240, "elapsed_s": 1209.0, "coordination_ring_sparse20": 92.0, "coordination_ring_potter0_20": 0.05, "bottleneck_sparse20": 0.0, "bottleneck_potter0_20": 0.6}
[pair_E] {"steps": 1548288, "elapsed_s": 1210.4, "coordination_ring_sparse20": 90.0, "coordination_ring_potter0_20": 0.05, "bottleneck_sparse20": 0.0, "bottleneck_potter0_20": 0.55}
[pair_E] {"steps": 1550336, "elapsed_s": 1211.8, "coordination_ring_sparse20": 90.0, "coordination_ring_potter0_20": 0.05, "bottleneck_sparse20": 0.0, "bottleneck_potter0_20": 0.65}
[pair_E] {"steps": 1552384, "elapsed_s": 1213.2, "coordination_ring_sparse20": 90.0, "coordination_ring_potter0_20": 0.0, "bottleneck_sparse20": 0.0, "bottleneck_potter0_20": 0.7}
[pair_E] {"steps": 1554432, "elapsed_s": 1214.6, "coordination_ring_sparse20": 89.0, "coordination_ring_potter0_20": 0.0, "bottleneck_sparse20": 0.0, "bottleneck_potter0_20": 0.7}
[pair_E] {"steps": 1556480, "elapsed_s": 1216.0, "coordination_ring_sparse20": 93.0, "coordination_ring_potter0_20": 0.0, "bottleneck_sparse20": 0.0, "bottleneck_potter0_20": 0.7}
[pair_E] {"steps": 1558528, "elapsed_s": 1217.3, "coordination_ring_sparse20": 93.0, "coordination_ring_potter0_20": 0.0, "bottleneck_sparse20": 0.0, "bottleneck_potter0_20": 0.85}
[pair_E] {"steps": 1560576, "elapsed_s": 1218.6, "coordination_ring_sparse20": 93.0, "coordination_ring_potter0_20": 0.0, "bottleneck_sparse20": 0.0, "bottleneck_potter0_20": 0.7}
[pair_E] {"steps": 1562624, "elapsed_s": 1220.0, "coordination_ring_sparse20": 95.0, "coordination_ring_potter0_20": 0.0, "bottleneck_sparse20": 0.0, "bottleneck_potter0_20": 0.7}
[pair_E] {"steps": 1564672, "elapsed_s": 1221.4, "coordination_ring_sparse20": 97.0, "coordination_ring_potter0_20": 0.05, "bottleneck_sparse20": 0.0, "bottleneck_potter0_20": 0.65}
[pair_E] {"steps": 1566720, "elapsed_s": 1222.8, "coordination_ring_sparse20": 97.0, "coordination_ring_potter0_20": 0.05, "bottleneck_sparse20": 0.0, "bottleneck_potter0_20": 0.55}
[pair_E] {"steps": 1568768, "elapsed_s": 1224.2, "coordination_ring_sparse20": 96.0, "coordination_ring_potter0_20": 0.1, "bottleneck_sparse20": 0.0, "bottleneck_potter0_20": 0.45}
[pair_E] {"steps": 1570816, "elapsed_s": 1225.6, "coordination_ring_sparse20": 96.0, "coordination_ring_potter0_20": 0.1, "bottleneck_sparse20": 0.0, "bottleneck_potter0_20": 0.4}
[pair_E] {"steps": 1572864, "elapsed_s": 1227.0, "coordination_ring_sparse20": 92.0, "coordination_ring_potter0_20": 0.1, "bottleneck_sparse20": 0.0, "bottleneck_potter0_20": 0.4}
[pair_E] {"steps": 1574912, "elapsed_s": 1228.4, "coordination_ring_sparse20": 89.0, "coordination_ring_potter0_20": 0.15, "bottleneck_sparse20": 0.0, "bottleneck_potter0_20": 0.4}
[pair_E] {"steps": 1576960, "elapsed_s": 1229.7, "coordination_ring_sparse20": 86.0, "coordination_ring_potter0_20": 0.15, "bottleneck_sparse20": 0.0, "bottleneck_potter0_20": 0.4}
[pair_E] {"steps": 1579008, "elapsed_s": 1231.2, "coordination_ring_sparse20": 90.0, "coordination_ring_potter0_20": 0.1, "bottleneck_sparse20": 0.0, "bottleneck_potter0_20": 0.4}
[pair_E] {"steps": 1581056, "elapsed_s": 1232.6, "coordination_ring_sparse20": 86.0, "coordination_ring_potter0_20": 0.1, "bottleneck_sparse20": 0.0, "bottleneck_potter0_20": 0.4}
[pair_E] {"steps": 1583104, "elapsed_s": 1234.1, "coordination_ring_sparse20": 87.0, "coordination_ring_potter0_20": 0.05, "bottleneck_sparse20": 0.0, "bottleneck_potter0_20": 0.4}
[pair_E] {"steps": 1585152, "elapsed_s": 1235.5, "coordination_ring_sparse20": 84.0, "coordination_ring_potter0_20": 0.05, "bottleneck_sparse20": 0.0, "bottleneck_potter0_20": 0.5}
[pair_E] {"steps": 1587200, "elapsed_s": 1237.0, "coordination_ring_sparse20": 92.0, "coordination_ring_potter0_20": 0.1, "bottleneck_sparse20": 0.0, "bottleneck_potter0_20": 0.55}
[pair_E] {"steps": 1589248, "elapsed_s": 1238.4, "coordination_ring_sparse20": 91.0, "coordination_ring_potter0_20": 0.05, "bottleneck_sparse20": 0.0, "bottleneck_potter0_20": 0.5}
[pair_E] {"steps": 1591296, "elapsed_s": 1239.9, "coordination_ring_sparse20": 94.0, "coordination_ring_potter0_20": 0.05, "bottleneck_sparse20": 0.0, "bottleneck_potter0_20": 0.45}
[pair_E] {"steps": 1593344, "elapsed_s": 1241.3, "coordination_ring_sparse20": 96.0, "coordination_ring_potter0_20": 0.05, "bottleneck_sparse20": 0.0, "bottleneck_potter0_20": 0.5}
[pair_E] {"steps": 1595392, "elapsed_s": 1242.7, "coordination_ring_sparse20": 96.0, "coordination_ring_potter0_20": 0.05, "bottleneck_sparse20": 0.0, "bottleneck_potter0_20": 0.4}
[pair_E] {"steps": 1597440, "elapsed_s": 1244.1, "coordination_ring_sparse20": 96.0, "coordination_ring_potter0_20": 0.05, "bottleneck_sparse20": 0.0, "bottleneck_potter0_20": 0.45}
[pair_E] {"steps": 1599488, "elapsed_s": 1245.5, "coordination_ring_sparse20": 95.0, "coordination_ring_potter0_20": 0.05, "bottleneck_sparse20": 0.0, "bottleneck_potter0_20": 0.5}
[pair_E] {"steps": 1601536, "elapsed_s": 1246.9, "coordination_ring_sparse20": 95.0, "coordination_ring_potter0_20": 0.05, "bottleneck_sparse20": 0.0, "bottleneck_potter0_20": 0.6}
[pair_E] {"steps": 1603584, "elapsed_s": 1248.4, "coordination_ring_sparse20": 95.0, "coordination_ring_potter0_20": 0.05, "bottleneck_sparse20": 0.0, "bottleneck_potter0_20": 0.55}
[pair_E] {"steps": 1605632, "elapsed_s": 1249.8, "coordination_ring_sparse20": 93.0, "coordination_ring_potter0_20": 0.1, "bottleneck_sparse20": 0.0, "bottleneck_potter0_20": 0.55}
[pair_E] {"steps": 1607680, "elapsed_s": 1251.2, "coordination_ring_sparse20": 94.0, "coordination_ring_potter0_20": 0.1, "bottleneck_sparse20": 0.0, "bottleneck_potter0_20": 0.6}
[pair_E] {"steps": 1609728, "elapsed_s": 1252.7, "coordination_ring_sparse20": 93.0, "coordination_ring_potter0_20": 0.1, "bottleneck_sparse20": 0.0, "bottleneck_potter0_20": 0.65}
[pair_E] {"steps": 1611776, "elapsed_s": 1254.0, "coordination_ring_sparse20": 91.0, "coordination_ring_potter0_20": 0.1, "bottleneck_sparse20": 0.0, "bottleneck_potter0_20": 0.7}
[pair_E] {"steps": 1613824, "elapsed_s": 1255.4, "coordination_ring_sparse20": 91.0, "coordination_ring_potter0_20": 0.1, "bottleneck_sparse20": 0.0, "bottleneck_potter0_20": 0.75}
[pair_E] {"steps": 1615872, "elapsed_s": 1256.8, "coordination_ring_sparse20": 90.0, "coordination_ring_potter0_20": 0.05, "bottleneck_sparse20": 0.0, "bottleneck_potter0_20": 0.75}
[pair_E] {"steps": 1617920, "elapsed_s": 1258.2, "coordination_ring_sparse20": 91.0, "coordination_ring_potter0_20": 0.0, "bottleneck_sparse20": 0.0, "bottleneck_potter0_20": 0.8}
[pair_E] {"steps": 1619968, "elapsed_s": 1259.6, "coordination_ring_sparse20": 91.0, "coordination_ring_potter0_20": 0.0, "bottleneck_sparse20": 0.0, "bottleneck_potter0_20": 0.7}
[pair_E] {"steps": 1622016, "elapsed_s": 1261.0, "coordination_ring_sparse20": 88.0, "coordination_ring_potter0_20": 0.0, "bottleneck_sparse20": 0.0, "bottleneck_potter0_20": 0.75}
[pair_E] {"steps": 1624064, "elapsed_s": 1262.3, "coordination_ring_sparse20": 89.0, "coordination_ring_potter0_20": 0.05, "bottleneck_sparse20": 0.0, "bottleneck_potter0_20": 0.8}
[pair_E] {"steps": 1626112, "elapsed_s": 1263.8, "coordination_ring_sparse20": 91.0, "coordination_ring_potter0_20": 0.1, "bottleneck_sparse20": 0.0, "bottleneck_potter0_20": 0.8}
[pair_E] {"steps": 1628160, "elapsed_s": 1265.2, "coordination_ring_sparse20": 93.0, "coordination_ring_potter0_20": 0.1, "bottleneck_sparse20": 0.0, "bottleneck_potter0_20": 0.75}
[pair_E] {"steps": 1630208, "elapsed_s": 1266.6, "coordination_ring_sparse20": 94.0, "coordination_ring_potter0_20": 0.1, "bottleneck_sparse20": 0.0, "bottleneck_potter0_20": 0.75}
[pair_E] {"steps": 1632256, "elapsed_s": 1268.0, "coordination_ring_sparse20": 96.0, "coordination_ring_potter0_20": 0.15, "bottleneck_sparse20": 0.0, "bottleneck_potter0_20": 0.75}
[pair_E] {"steps": 1634304, "elapsed_s": 1269.4, "coordination_ring_sparse20": 98.0, "coordination_ring_potter0_20": 0.2, "bottleneck_sparse20": 0.0, "bottleneck_potter0_20": 0.7}
[pair_E] {"steps": 1636352, "elapsed_s": 1270.7, "coordination_ring_sparse20": 98.0, "coordination_ring_potter0_20": 0.2, "bottleneck_sparse20": 0.0, "bottleneck_potter0_20": 0.7}
[pair_E] {"steps": 1638400, "elapsed_s": 1272.1, "coordination_ring_sparse20": 100.0, "coordination_ring_potter0_20": 0.2, "bottleneck_sparse20": 0.0, "bottleneck_potter0_20": 0.7}
[pair_E] {"steps": 1640448, "elapsed_s": 1273.4, "coordination_ring_sparse20": 102.0, "coordination_ring_potter0_20": 0.15, "bottleneck_sparse20": 0.0, "bottleneck_potter0_20": 0.75}
[pair_E] {"steps": 1642496, "elapsed_s": 1274.8, "coordination_ring_sparse20": 101.0, "coordination_ring_potter0_20": 0.2, "bottleneck_sparse20": 0.0, "bottleneck_potter0_20": 0.75}
[pair_E] {"steps": 1644544, "elapsed_s": 1276.2, "coordination_ring_sparse20": 98.0, "coordination_ring_potter0_20": 0.15, "bottleneck_sparse20": 0.0, "bottleneck_potter0_20": 0.75}
[pair_E] {"steps": 1646592, "elapsed_s": 1277.7, "coordination_ring_sparse20": 99.0, "coordination_ring_potter0_20": 0.2, "bottleneck_sparse20": 0.0, "bottleneck_potter0_20": 0.75}
[pair_E] {"steps": 1648640, "elapsed_s": 1279.0, "coordination_ring_sparse20": 93.0, "coordination_ring_potter0_20": 0.2, "bottleneck_sparse20": 0.0, "bottleneck_potter0_20": 0.8}
[pair_E] {"steps": 1650688, "elapsed_s": 1280.4, "coordination_ring_sparse20": 87.0, "coordination_ring_potter0_20": 0.15, "bottleneck_sparse20": 0.0, "bottleneck_potter0_20": 0.8}
[pair_E] {"steps": 1652736, "elapsed_s": 1281.8, "coordination_ring_sparse20": 86.0, "coordination_ring_potter0_20": 0.1, "bottleneck_sparse20": 0.0, "bottleneck_potter0_20": 0.9}
[pair_E] {"steps": 1654784, "elapsed_s": 1283.1, "coordination_ring_sparse20": 83.0, "coordination_ring_potter0_20": 0.1, "bottleneck_sparse20": 0.0, "bottleneck_potter0_20": 0.95}
[pair_E] {"steps": 1656832, "elapsed_s": 1284.6, "coordination_ring_sparse20": 84.0, "coordination_ring_potter0_20": 0.05, "bottleneck_sparse20": 0.0, "bottleneck_potter0_20": 0.9}
[pair_E] {"steps": 1658880, "elapsed_s": 1286.1, "coordination_ring_sparse20": 84.0, "coordination_ring_potter0_20": 0.05, "bottleneck_sparse20": 0.0, "bottleneck_potter0_20": 0.9}
[pair_E] {"steps": 1660928, "elapsed_s": 1287.4, "coordination_ring_sparse20": 84.0, "coordination_ring_potter0_20": 0.1, "bottleneck_sparse20": 0.0, "bottleneck_potter0_20": 0.85}
[pair_E] {"steps": 1662976, "elapsed_s": 1288.8, "coordination_ring_sparse20": 81.0, "coordination_ring_potter0_20": 0.05, "bottleneck_sparse20": 0.0, "bottleneck_potter0_20": 0.8}
[pair_E] {"steps": 1665024, "elapsed_s": 1290.1, "coordination_ring_sparse20": 76.0, "coordination_ring_potter0_20": 0.05, "bottleneck_sparse20": 0.0, "bottleneck_potter0_20": 0.8}
[pair_E] {"steps": 1667072, "elapsed_s": 1291.4, "coordination_ring_sparse20": 79.0, "coordination_ring_potter0_20": 0.05, "bottleneck_sparse20": 0.0, "bottleneck_potter0_20": 0.8}
[pair_E] {"steps": 1669120, "elapsed_s": 1292.9, "coordination_ring_sparse20": 78.0, "coordination_ring_potter0_20": 0.05, "bottleneck_sparse20": 0.0, "bottleneck_potter0_20": 0.8}
[pair_E] {"steps": 1671168, "elapsed_s": 1294.3, "coordination_ring_sparse20": 80.0, "coordination_ring_potter0_20": 0.1, "bottleneck_sparse20": 0.0, "bottleneck_potter0_20": 0.8}
[pair_E] {"steps": 1673216, "elapsed_s": 1295.7, "coordination_ring_sparse20": 81.0, "coordination_ring_potter0_20": 0.15, "bottleneck_sparse20": 0.0, "bottleneck_potter0_20": 0.65}
[pair_E] {"steps": 1675264, "elapsed_s": 1297.0, "coordination_ring_sparse20": 83.0, "coordination_ring_potter0_20": 0.1, "bottleneck_sparse20": 0.0, "bottleneck_potter0_20": 0.65}
[pair_E] {"steps": 1677312, "elapsed_s": 1298.5, "coordination_ring_sparse20": 85.0, "coordination_ring_potter0_20": 0.1, "bottleneck_sparse20": 0.0, "bottleneck_potter0_20": 0.7}
[pair_E] {"steps": 1679360, "elapsed_s": 1299.8, "coordination_ring_sparse20": 88.0, "coordination_ring_potter0_20": 0.1, "bottleneck_sparse20": 0.0, "bottleneck_potter0_20": 0.75}
[pair_E] {"steps": 1681408, "elapsed_s": 1301.2, "coordination_ring_sparse20": 92.0, "coordination_ring_potter0_20": 0.1, "bottleneck_sparse20": 0.0, "bottleneck_potter0_20": 0.75}
[pair_E] {"steps": 1683456, "elapsed_s": 1302.6, "coordination_ring_sparse20": 93.0, "coordination_ring_potter0_20": 0.1, "bottleneck_sparse20": 0.0, "bottleneck_potter0_20": 0.7}
[pair_E] {"steps": 1685504, "elapsed_s": 1304.1, "coordination_ring_sparse20": 86.0, "coordination_ring_potter0_20": 0.0, "bottleneck_sparse20": 0.0, "bottleneck_potter0_20": 0.65}
[pair_E] {"steps": 1687552, "elapsed_s": 1305.5, "coordination_ring_sparse20": 87.0, "coordination_ring_potter0_20": 0.0, "bottleneck_sparse20": 0.0, "bottleneck_potter0_20": 0.65}
[pair_E] {"steps": 1689600, "elapsed_s": 1306.8, "coordination_ring_sparse20": 92.0, "coordination_ring_potter0_20": 0.05, "bottleneck_sparse20": 0.0, "bottleneck_potter0_20": 0.6}
[pair_E] {"steps": 1691648, "elapsed_s": 1308.2, "coordination_ring_sparse20": 96.0, "coordination_ring_potter0_20": 0.1, "bottleneck_sparse20": 0.0, "bottleneck_potter0_20": 0.65}
[pair_E] {"steps": 1693696, "elapsed_s": 1309.6, "coordination_ring_sparse20": 101.0, "coordination_ring_potter0_20": 0.1, "bottleneck_sparse20": 0.0, "bottleneck_potter0_20": 0.65}
[pair_E] {"steps": 1695744, "elapsed_s": 1311.0, "coordination_ring_sparse20": 101.0, "coordination_ring_potter0_20": 0.1, "bottleneck_sparse20": 0.0, "bottleneck_potter0_20": 0.6}
[pair_E] {"steps": 1697792, "elapsed_s": 1312.4, "coordination_ring_sparse20": 103.0, "coordination_ring_potter0_20": 0.15, "bottleneck_sparse20": 0.0, "bottleneck_potter0_20": 0.55}
[pair_E] {"steps": 1699840, "elapsed_s": 1313.9, "coordination_ring_sparse20": 106.0, "coordination_ring_potter0_20": 0.15, "bottleneck_sparse20": 0.0, "bottleneck_potter0_20": 0.6}
[pair_E] {"steps": 1701888, "elapsed_s": 1315.3, "coordination_ring_sparse20": 106.0, "coordination_ring_potter0_20": 0.2, "bottleneck_sparse20": 0.0, "bottleneck_potter0_20": 0.6}
[pair_E] {"steps": 1703936, "elapsed_s": 1316.6, "coordination_ring_sparse20": 105.0, "coordination_ring_potter0_20": 0.2, "bottleneck_sparse20": 0.0, "bottleneck_potter0_20": 0.6}
[pair_E] {"steps": 1705984, "elapsed_s": 1317.9, "coordination_ring_sparse20": 107.0, "coordination_ring_potter0_20": 0.2, "bottleneck_sparse20": 0.0, "bottleneck_potter0_20": 0.65}
[pair_E] {"steps": 1708032, "elapsed_s": 1319.4, "coordination_ring_sparse20": 107.0, "coordination_ring_potter0_20": 0.15, "bottleneck_sparse20": 0.0, "bottleneck_potter0_20": 0.65}
[pair_E] {"steps": 1710080, "elapsed_s": 1320.7, "coordination_ring_sparse20": 102.0, "coordination_ring_potter0_20": 0.1, "bottleneck_sparse20": 0.0, "bottleneck_potter0_20": 0.6}
[pair_E] {"steps": 1712128, "elapsed_s": 1322.1, "coordination_ring_sparse20": 97.0, "coordination_ring_potter0_20": 0.1, "bottleneck_sparse20": 0.0, "bottleneck_potter0_20": 0.65}
[pair_E] {"steps": 1714176, "elapsed_s": 1323.5, "coordination_ring_sparse20": 101.0, "coordination_ring_potter0_20": 0.05, "bottleneck_sparse20": 0.0, "bottleneck_potter0_20": 0.65}
[pair_E] {"steps": 1716224, "elapsed_s": 1324.9, "coordination_ring_sparse20": 101.0, "coordination_ring_potter0_20": 0.05, "bottleneck_sparse20": 0.0, "bottleneck_potter0_20": 0.75}
[pair_E] {"steps": 1718272, "elapsed_s": 1326.3, "coordination_ring_sparse20": 104.0, "coordination_ring_potter0_20": 0.05, "bottleneck_sparse20": 0.0, "bottleneck_potter0_20": 0.8}
[pair_E] {"steps": 1720320, "elapsed_s": 1327.8, "coordination_ring_sparse20": 106.0, "coordination_ring_potter0_20": 0.0, "bottleneck_sparse20": 0.0, "bottleneck_potter0_20": 0.8}
[pair_E] {"steps": 1722368, "elapsed_s": 1329.2, "coordination_ring_sparse20": 107.0, "coordination_ring_potter0_20": 0.0, "bottleneck_sparse20": 0.0, "bottleneck_potter0_20": 0.85}
[pair_E] {"steps": 1724416, "elapsed_s": 1330.6, "coordination_ring_sparse20": 101.0, "coordination_ring_potter0_20": 0.0, "bottleneck_sparse20": 0.0, "bottleneck_potter0_20": 0.75}
[pair_E] {"steps": 1726464, "elapsed_s": 1332.0, "coordination_ring_sparse20": 107.0, "coordination_ring_potter0_20": 0.0, "bottleneck_sparse20": 0.0, "bottleneck_potter0_20": 0.8}
[pair_E] {"steps": 1728512, "elapsed_s": 1333.4, "coordination_ring_sparse20": 108.0, "coordination_ring_potter0_20": 0.0, "bottleneck_sparse20": 0.0, "bottleneck_potter0_20": 0.75}
[pair_E] {"steps": 1730560, "elapsed_s": 1334.8, "coordination_ring_sparse20": 101.0, "coordination_ring_potter0_20": 0.05, "bottleneck_sparse20": 0.0, "bottleneck_potter0_20": 0.7}
[pair_E] {"steps": 1732608, "elapsed_s": 1336.1, "coordination_ring_sparse20": 102.0, "coordination_ring_potter0_20": 0.05, "bottleneck_sparse20": 0.0, "bottleneck_potter0_20": 0.65}
[pair_E] {"steps": 1734656, "elapsed_s": 1337.4, "coordination_ring_sparse20": 102.0, "coordination_ring_potter0_20": 0.05, "bottleneck_sparse20": 0.0, "bottleneck_potter0_20": 0.55}
[pair_E] {"steps": 1736704, "elapsed_s": 1338.8, "coordination_ring_sparse20": 100.0, "coordination_ring_potter0_20": 0.05, "bottleneck_sparse20": 0.0, "bottleneck_potter0_20": 0.5}
[pair_E] {"steps": 1738752, "elapsed_s": 1340.1, "coordination_ring_sparse20": 99.0, "coordination_ring_potter0_20": 0.05, "bottleneck_sparse20": 0.0, "bottleneck_potter0_20": 0.5}
[pair_E] {"steps": 1740800, "elapsed_s": 1341.4, "coordination_ring_sparse20": 97.0, "coordination_ring_potter0_20": 0.05, "bottleneck_sparse20": 0.0, "bottleneck_potter0_20": 0.5}
[pair_E] {"steps": 1742848, "elapsed_s": 1342.8, "coordination_ring_sparse20": 96.0, "coordination_ring_potter0_20": 0.1, "bottleneck_sparse20": 0.0, "bottleneck_potter0_20": 0.55}
[pair_E] {"steps": 1744896, "elapsed_s": 1344.1, "coordination_ring_sparse20": 92.0, "coordination_ring_potter0_20": 0.15, "bottleneck_sparse20": 0.0, "bottleneck_potter0_20": 0.55}
[pair_E] {"steps": 1746944, "elapsed_s": 1345.5, "coordination_ring_sparse20": 87.0, "coordination_ring_potter0_20": 0.2, "bottleneck_sparse20": 0.0, "bottleneck_potter0_20": 0.65}
[pair_E] {"steps": 1748992, "elapsed_s": 1346.9, "coordination_ring_sparse20": 84.0, "coordination_ring_potter0_20": 0.15, "bottleneck_sparse20": 0.0, "bottleneck_potter0_20": 0.65}
[pair_E] {"steps": 1751040, "elapsed_s": 1348.2, "coordination_ring_sparse20": 76.0, "coordination_ring_potter0_20": 0.25, "bottleneck_sparse20": 0.0, "bottleneck_potter0_20": 0.65}
[pair_E] {"steps": 1753088, "elapsed_s": 1349.5, "coordination_ring_sparse20": 77.0, "coordination_ring_potter0_20": 0.25, "bottleneck_sparse20": 0.0, "bottleneck_potter0_20": 0.6}
[pair_E] {"steps": 1755136, "elapsed_s": 1351.4, "coordination_ring_sparse20": 80.0, "coordination_ring_potter0_20": 0.2, "bottleneck_sparse20": 0.0, "bottleneck_potter0_20": 0.55}
[pair_E] {"steps": 1757184, "elapsed_s": 1352.8, "coordination_ring_sparse20": 80.0, "coordination_ring_potter0_20": 0.2, "bottleneck_sparse20": 0.0, "bottleneck_potter0_20": 0.5}
[pair_E] {"steps": 1759232, "elapsed_s": 1354.2, "coordination_ring_sparse20": 82.0, "coordination_ring_potter0_20": 0.2, "bottleneck_sparse20": 0.0, "bottleneck_potter0_20": 0.55}
[pair_E] {"steps": 1761280, "elapsed_s": 1355.7, "coordination_ring_sparse20": 77.0, "coordination_ring_potter0_20": 0.15, "bottleneck_sparse20": 0.0, "bottleneck_potter0_20": 0.6}
[pair_E] {"steps": 1763328, "elapsed_s": 1357.0, "coordination_ring_sparse20": 77.0, "coordination_ring_potter0_20": 0.1, "bottleneck_sparse20": 0.0, "bottleneck_potter0_20": 0.55}
[pair_E] {"steps": 1765376, "elapsed_s": 1358.5, "coordination_ring_sparse20": 79.0, "coordination_ring_potter0_20": 0.1, "bottleneck_sparse20": 0.0, "bottleneck_potter0_20": 0.5}
[pair_E] {"steps": 1767424, "elapsed_s": 1359.9, "coordination_ring_sparse20": 79.0, "coordination_ring_potter0_20": 0.05, "bottleneck_sparse20": 0.0, "bottleneck_potter0_20": 0.45}
[pair_E] {"steps": 1769472, "elapsed_s": 1361.2, "coordination_ring_sparse20": 85.0, "coordination_ring_potter0_20": 0.0, "bottleneck_sparse20": 0.0, "bottleneck_potter0_20": 0.45}
[pair_E] {"steps": 1771520, "elapsed_s": 1362.6, "coordination_ring_sparse20": 85.0, "coordination_ring_potter0_20": 0.0, "bottleneck_sparse20": 0.0, "bottleneck_potter0_20": 0.5}
[pair_E] {"steps": 1773568, "elapsed_s": 1363.9, "coordination_ring_sparse20": 81.0, "coordination_ring_potter0_20": 0.0, "bottleneck_sparse20": 0.0, "bottleneck_potter0_20": 0.5}
[pair_E] {"steps": 1775616, "elapsed_s": 1365.3, "coordination_ring_sparse20": 82.0, "coordination_ring_potter0_20": 0.0, "bottleneck_sparse20": 0.0, "bottleneck_potter0_20": 0.45}
[pair_E] {"steps": 1777664, "elapsed_s": 1366.7, "coordination_ring_sparse20": 84.0, "coordination_ring_potter0_20": 0.0, "bottleneck_sparse20": 0.0, "bottleneck_potter0_20": 0.45}
[pair_E] {"steps": 1779712, "elapsed_s": 1368.1, "coordination_ring_sparse20": 87.0, "coordination_ring_potter0_20": 0.0, "bottleneck_sparse20": 0.0, "bottleneck_potter0_20": 0.4}
[pair_E] {"steps": 1781760, "elapsed_s": 1369.5, "coordination_ring_sparse20": 90.0, "coordination_ring_potter0_20": 0.0, "bottleneck_sparse20": 0.0, "bottleneck_potter0_20": 0.4}
[pair_E] {"steps": 1783808, "elapsed_s": 1370.8, "coordination_ring_sparse20": 94.0, "coordination_ring_potter0_20": 0.0, "bottleneck_sparse20": 0.0, "bottleneck_potter0_20": 0.55}
[pair_E] {"steps": 1785856, "elapsed_s": 1372.1, "coordination_ring_sparse20": 99.0, "coordination_ring_potter0_20": 0.0, "bottleneck_sparse20": 0.0, "bottleneck_potter0_20": 0.55}
[pair_E] {"steps": 1787904, "elapsed_s": 1373.6, "coordination_ring_sparse20": 102.0, "coordination_ring_potter0_20": 0.0, "bottleneck_sparse20": 0.0, "bottleneck_potter0_20": 0.55}
[pair_E] {"steps": 1789952, "elapsed_s": 1374.9, "coordination_ring_sparse20": 106.0, "coordination_ring_potter0_20": 0.0, "bottleneck_sparse20": 0.0, "bottleneck_potter0_20": 0.45}
[pair_E] {"steps": 1792000, "elapsed_s": 1376.3, "coordination_ring_sparse20": 111.0, "coordination_ring_potter0_20": 0.0, "bottleneck_sparse20": 0.0, "bottleneck_potter0_20": 0.4}
[pair_E] {"steps": 1794048, "elapsed_s": 1377.6, "coordination_ring_sparse20": 113.0, "coordination_ring_potter0_20": 0.0, "bottleneck_sparse20": 0.0, "bottleneck_potter0_20": 0.45}
[pair_E] {"steps": 1796096, "elapsed_s": 1378.9, "coordination_ring_sparse20": 108.0, "coordination_ring_potter0_20": 0.05, "bottleneck_sparse20": 0.0, "bottleneck_potter0_20": 0.4}
[pair_E] {"steps": 1798144, "elapsed_s": 1380.3, "coordination_ring_sparse20": 102.0, "coordination_ring_potter0_20": 0.05, "bottleneck_sparse20": 0.0, "bottleneck_potter0_20": 0.5}
[pair_E] {"steps": 1800192, "elapsed_s": 1381.7, "coordination_ring_sparse20": 106.0, "coordination_ring_potter0_20": 0.05, "bottleneck_sparse20": 0.0, "bottleneck_potter0_20": 0.5}
[pair_E] {"steps": 1802240, "elapsed_s": 1383.0, "coordination_ring_sparse20": 107.0, "coordination_ring_potter0_20": 0.05, "bottleneck_sparse20": 0.0, "bottleneck_potter0_20": 0.5}
[pair_E] {"steps": 1804288, "elapsed_s": 1384.4, "coordination_ring_sparse20": 109.0, "coordination_ring_potter0_20": 0.05, "bottleneck_sparse20": 0.0, "bottleneck_potter0_20": 0.5}
[pair_E] {"steps": 1806336, "elapsed_s": 1385.8, "coordination_ring_sparse20": 109.0, "coordination_ring_potter0_20": 0.05, "bottleneck_sparse20": 0.0, "bottleneck_potter0_20": 0.6}
[pair_E] {"steps": 1808384, "elapsed_s": 1387.2, "coordination_ring_sparse20": 107.0, "coordination_ring_potter0_20": 0.1, "bottleneck_sparse20": 0.0, "bottleneck_potter0_20": 0.6}
[pair_E] {"steps": 1810432, "elapsed_s": 1388.6, "coordination_ring_sparse20": 114.0, "coordination_ring_potter0_20": 0.05, "bottleneck_sparse20": 0.0, "bottleneck_potter0_20": 0.65}
[pair_E] {"steps": 1812480, "elapsed_s": 1390.1, "coordination_ring_sparse20": 113.0, "coordination_ring_potter0_20": 0.05, "bottleneck_sparse20": 0.0, "bottleneck_potter0_20": 0.75}
[pair_E] {"steps": 1814528, "elapsed_s": 1391.6, "coordination_ring_sparse20": 113.0, "coordination_ring_potter0_20": 0.05, "bottleneck_sparse20": 0.0, "bottleneck_potter0_20": 0.6}
[pair_E] {"steps": 1816576, "elapsed_s": 1393.1, "coordination_ring_sparse20": 111.0, "coordination_ring_potter0_20": 0.05, "bottleneck_sparse20": 0.0, "bottleneck_potter0_20": 0.6}
[pair_E] {"steps": 1818624, "elapsed_s": 1394.5, "coordination_ring_sparse20": 111.0, "coordination_ring_potter0_20": 0.05, "bottleneck_sparse20": 0.0, "bottleneck_potter0_20": 0.6}
[pair_E] {"steps": 1820672, "elapsed_s": 1395.9, "coordination_ring_sparse20": 109.0, "coordination_ring_potter0_20": 0.05, "bottleneck_sparse20": 0.0, "bottleneck_potter0_20": 0.45}
[pair_E] {"steps": 1822720, "elapsed_s": 1397.3, "coordination_ring_sparse20": 104.0, "coordination_ring_potter0_20": 0.05, "bottleneck_sparse20": 0.0, "bottleneck_potter0_20": 0.5}
[pair_E] {"steps": 1824768, "elapsed_s": 1398.7, "coordination_ring_sparse20": 104.0, "coordination_ring_potter0_20": 0.05, "bottleneck_sparse20": 0.0, "bottleneck_potter0_20": 0.55}
[pair_E] {"steps": 1826816, "elapsed_s": 1400.1, "coordination_ring_sparse20": 100.0, "coordination_ring_potter0_20": 0.05, "bottleneck_sparse20": 0.0, "bottleneck_potter0_20": 0.6}
[pair_E] {"steps": 1828864, "elapsed_s": 1401.4, "coordination_ring_sparse20": 97.0, "coordination_ring_potter0_20": 0.05, "bottleneck_sparse20": 0.0, "bottleneck_potter0_20": 0.55}
[pair_E] {"steps": 1830912, "elapsed_s": 1402.8, "coordination_ring_sparse20": 99.0, "coordination_ring_potter0_20": 0.0, "bottleneck_sparse20": 0.0, "bottleneck_potter0_20": 0.45}
[pair_E] {"steps": 1832960, "elapsed_s": 1404.2, "coordination_ring_sparse20": 97.0, "coordination_ring_potter0_20": 0.0, "bottleneck_sparse20": 0.0, "bottleneck_potter0_20": 0.55}
[pair_E] {"steps": 1835008, "elapsed_s": 1405.6, "coordination_ring_sparse20": 97.0, "coordination_ring_potter0_20": 0.0, "bottleneck_sparse20": 0.0, "bottleneck_potter0_20": 0.6}
[pair_E] {"steps": 1837056, "elapsed_s": 1407.0, "coordination_ring_sparse20": 95.0, "coordination_ring_potter0_20": 0.0, "bottleneck_sparse20": 0.0, "bottleneck_potter0_20": 0.55}
[pair_E] {"steps": 1839104, "elapsed_s": 1408.4, "coordination_ring_sparse20": 95.0, "coordination_ring_potter0_20": 0.0, "bottleneck_sparse20": 0.0, "bottleneck_potter0_20": 0.6}
[pair_E] {"steps": 1841152, "elapsed_s": 1409.8, "coordination_ring_sparse20": 96.0, "coordination_ring_potter0_20": 0.0, "bottleneck_sparse20": 0.0, "bottleneck_potter0_20": 0.65}
[pair_E] {"steps": 1843200, "elapsed_s": 1411.3, "coordination_ring_sparse20": 98.0, "coordination_ring_potter0_20": 0.0, "bottleneck_sparse20": 0.0, "bottleneck_potter0_20": 0.75}
[pair_E] {"steps": 1845248, "elapsed_s": 1412.9, "coordination_ring_sparse20": 98.0, "coordination_ring_potter0_20": 0.0, "bottleneck_sparse20": 0.0, "bottleneck_potter0_20": 0.8}
[pair_E] {"steps": 1847296, "elapsed_s": 1414.3, "coordination_ring_sparse20": 100.0, "coordination_ring_potter0_20": 0.0, "bottleneck_sparse20": 0.0, "bottleneck_potter0_20": 0.75}
[pair_E] {"steps": 1849344, "elapsed_s": 1415.6, "coordination_ring_sparse20": 103.0, "coordination_ring_potter0_20": 0.0, "bottleneck_sparse20": 0.0, "bottleneck_potter0_20": 0.65}
[pair_E] {"steps": 1851392, "elapsed_s": 1417.1, "coordination_ring_sparse20": 103.0, "coordination_ring_potter0_20": 0.0, "bottleneck_sparse20": 0.0, "bottleneck_potter0_20": 0.65}
[pair_E] {"steps": 1853440, "elapsed_s": 1418.5, "coordination_ring_sparse20": 103.0, "coordination_ring_potter0_20": 0.0, "bottleneck_sparse20": 0.0, "bottleneck_potter0_20": 0.65}
[pair_E] {"steps": 1855488, "elapsed_s": 1419.9, "coordination_ring_sparse20": 103.0, "coordination_ring_potter0_20": 0.05, "bottleneck_sparse20": 0.0, "bottleneck_potter0_20": 0.65}
[pair_E] {"steps": 1857536, "elapsed_s": 1421.2, "coordination_ring_sparse20": 107.0, "coordination_ring_potter0_20": 0.1, "bottleneck_sparse20": 0.0, "bottleneck_potter0_20": 0.6}
[pair_E] {"steps": 1859584, "elapsed_s": 1422.6, "coordination_ring_sparse20": 109.0, "coordination_ring_potter0_20": 0.1, "bottleneck_sparse20": 0.0, "bottleneck_potter0_20": 0.5}
[pair_E] {"steps": 1861632, "elapsed_s": 1424.2, "coordination_ring_sparse20": 109.0, "coordination_ring_potter0_20": 0.1, "bottleneck_sparse20": 0.0, "bottleneck_potter0_20": 0.5}
[pair_E] {"steps": 1863680, "elapsed_s": 1425.6, "coordination_ring_sparse20": 109.0, "coordination_ring_potter0_20": 0.1, "bottleneck_sparse20": 0.0, "bottleneck_potter0_20": 0.55}
[pair_E] {"steps": 1865728, "elapsed_s": 1426.9, "coordination_ring_sparse20": 106.0, "coordination_ring_potter0_20": 0.1, "bottleneck_sparse20": 0.0, "bottleneck_potter0_20": 0.6}
[pair_E] {"steps": 1867776, "elapsed_s": 1428.5, "coordination_ring_sparse20": 101.0, "coordination_ring_potter0_20": 0.1, "bottleneck_sparse20": 0.0, "bottleneck_potter0_20": 0.55}
[pair_E] {"steps": 1869824, "elapsed_s": 1430.0, "coordination_ring_sparse20": 104.0, "coordination_ring_potter0_20": 0.1, "bottleneck_sparse20": 0.0, "bottleneck_potter0_20": 0.5}
[pair_E] {"steps": 1871872, "elapsed_s": 1431.4, "coordination_ring_sparse20": 105.0, "coordination_ring_potter0_20": 0.0, "bottleneck_sparse20": 0.0, "bottleneck_potter0_20": 0.45}
[pair_E] {"steps": 1873920, "elapsed_s": 1432.8, "coordination_ring_sparse20": 102.0, "coordination_ring_potter0_20": 0.0, "bottleneck_sparse20": 0.0, "bottleneck_potter0_20": 0.5}
[pair_E] {"steps": 1875968, "elapsed_s": 1434.1, "coordination_ring_sparse20": 105.0, "coordination_ring_potter0_20": 0.0, "bottleneck_sparse20": 0.0, "bottleneck_potter0_20": 0.5}
[pair_E] {"steps": 1878016, "elapsed_s": 1435.6, "coordination_ring_sparse20": 107.0, "coordination_ring_potter0_20": 0.0, "bottleneck_sparse20": 0.0, "bottleneck_potter0_20": 0.5}
[pair_E] {"steps": 1880064, "elapsed_s": 1436.9, "coordination_ring_sparse20": 111.0, "coordination_ring_potter0_20": 0.0, "bottleneck_sparse20": 0.0, "bottleneck_potter0_20": 0.55}
[pair_E] {"steps": 1882112, "elapsed_s": 1438.3, "coordination_ring_sparse20": 107.0, "coordination_ring_potter0_20": 0.0, "bottleneck_sparse20": 0.0, "bottleneck_potter0_20": 0.45}
[pair_E] {"steps": 1884160, "elapsed_s": 1439.7, "coordination_ring_sparse20": 105.0, "coordination_ring_potter0_20": 0.0, "bottleneck_sparse20": 0.0, "bottleneck_potter0_20": 0.4}
[pair_E] {"steps": 1886208, "elapsed_s": 1441.1, "coordination_ring_sparse20": 104.0, "coordination_ring_potter0_20": 0.0, "bottleneck_sparse20": 0.0, "bottleneck_potter0_20": 0.4}
[pair_E] {"steps": 1888256, "elapsed_s": 1442.6, "coordination_ring_sparse20": 103.0, "coordination_ring_potter0_20": 0.0, "bottleneck_sparse20": 0.0, "bottleneck_potter0_20": 0.45}
[pair_E] {"steps": 1890304, "elapsed_s": 1443.9, "coordination_ring_sparse20": 103.0, "coordination_ring_potter0_20": 0.0, "bottleneck_sparse20": 0.0, "bottleneck_potter0_20": 0.5}
[pair_E] {"steps": 1892352, "elapsed_s": 1445.3, "coordination_ring_sparse20": 102.0, "coordination_ring_potter0_20": 0.0, "bottleneck_sparse20": 0.0, "bottleneck_potter0_20": 0.55}
[pair_E] {"steps": 1894400, "elapsed_s": 1446.6, "coordination_ring_sparse20": 105.0, "coordination_ring_potter0_20": 0.0, "bottleneck_sparse20": 0.0, "bottleneck_potter0_20": 0.5}
[pair_E] {"steps": 1896448, "elapsed_s": 1448.0, "coordination_ring_sparse20": 105.0, "coordination_ring_potter0_20": 0.0, "bottleneck_sparse20": 0.0, "bottleneck_potter0_20": 0.5}
[pair_E] {"steps": 1898496, "elapsed_s": 1449.3, "coordination_ring_sparse20": 106.0, "coordination_ring_potter0_20": 0.0, "bottleneck_sparse20": 0.0, "bottleneck_potter0_20": 0.5}
[pair_E] {"steps": 1900544, "elapsed_s": 1450.7, "coordination_ring_sparse20": 108.0, "coordination_ring_potter0_20": 0.05, "bottleneck_sparse20": 0.0, "bottleneck_potter0_20": 0.55}
[pair_E] {"steps": 1902592, "elapsed_s": 1452.1, "coordination_ring_sparse20": 108.0, "coordination_ring_potter0_20": 0.05, "bottleneck_sparse20": 0.0, "bottleneck_potter0_20": 0.6}
[pair_E] {"steps": 1904640, "elapsed_s": 1453.5, "coordination_ring_sparse20": 110.0, "coordination_ring_potter0_20": 0.05, "bottleneck_sparse20": 0.0, "bottleneck_potter0_20": 0.7}
[pair_E] {"steps": 1906688, "elapsed_s": 1455.0, "coordination_ring_sparse20": 113.0, "coordination_ring_potter0_20": 0.05, "bottleneck_sparse20": 0.0, "bottleneck_potter0_20": 0.8}
[pair_E] {"steps": 1908736, "elapsed_s": 1456.3, "coordination_ring_sparse20": 117.0, "coordination_ring_potter0_20": 0.05, "bottleneck_sparse20": 0.0, "bottleneck_potter0_20": 0.75}
[pair_E] {"steps": 1910784, "elapsed_s": 1457.7, "coordination_ring_sparse20": 118.0, "coordination_ring_potter0_20": 0.05, "bottleneck_sparse20": 0.0, "bottleneck_potter0_20": 0.75}
[pair_E] {"steps": 1912832, "elapsed_s": 1459.1, "coordination_ring_sparse20": 120.0, "coordination_ring_potter0_20": 0.05, "bottleneck_sparse20": 0.0, "bottleneck_potter0_20": 0.8}
[pair_E] {"steps": 1914880, "elapsed_s": 1460.6, "coordination_ring_sparse20": 124.0, "coordination_ring_potter0_20": 0.05, "bottleneck_sparse20": 0.0, "bottleneck_potter0_20": 0.75}
[pair_E] {"steps": 1916928, "elapsed_s": 1461.9, "coordination_ring_sparse20": 125.0, "coordination_ring_potter0_20": 0.0, "bottleneck_sparse20": 0.0, "bottleneck_potter0_20": 0.75}
[pair_E] {"steps": 1918976, "elapsed_s": 1463.2, "coordination_ring_sparse20": 126.0, "coordination_ring_potter0_20": 0.0, "bottleneck_sparse20": 0.0, "bottleneck_potter0_20": 0.7}
[pair_E] {"steps": 1921024, "elapsed_s": 1464.8, "coordination_ring_sparse20": 126.0, "coordination_ring_potter0_20": 0.0, "bottleneck_sparse20": 0.0, "bottleneck_potter0_20": 0.6}
[pair_E] {"steps": 1923072, "elapsed_s": 1466.1, "coordination_ring_sparse20": 123.0, "coordination_ring_potter0_20": 0.05, "bottleneck_sparse20": 0.0, "bottleneck_potter0_20": 0.6}
[pair_E] {"steps": 1925120, "elapsed_s": 1467.5, "coordination_ring_sparse20": 119.0, "coordination_ring_potter0_20": 0.05, "bottleneck_sparse20": 0.0, "bottleneck_potter0_20": 0.6}
[pair_E] {"steps": 1927168, "elapsed_s": 1468.8, "coordination_ring_sparse20": 118.0, "coordination_ring_potter0_20": 0.05, "bottleneck_sparse20": 0.0, "bottleneck_potter0_20": 0.6}
[pair_E] {"steps": 1929216, "elapsed_s": 1470.3, "coordination_ring_sparse20": 116.0, "coordination_ring_potter0_20": 0.05, "bottleneck_sparse20": 0.0, "bottleneck_potter0_20": 0.55}
[pair_E] {"steps": 1931264, "elapsed_s": 1471.7, "coordination_ring_sparse20": 115.0, "coordination_ring_potter0_20": 0.05, "bottleneck_sparse20": 0.0, "bottleneck_potter0_20": 0.55}
[pair_E] {"steps": 1933312, "elapsed_s": 1473.3, "coordination_ring_sparse20": 113.0, "coordination_ring_potter0_20": 0.05, "bottleneck_sparse20": 0.0, "bottleneck_potter0_20": 0.55}
[pair_E] {"steps": 1935360, "elapsed_s": 1474.7, "coordination_ring_sparse20": 112.0, "coordination_ring_potter0_20": 0.05, "bottleneck_sparse20": 0.0, "bottleneck_potter0_20": 0.55}
[pair_E] {"steps": 1937408, "elapsed_s": 1476.1, "coordination_ring_sparse20": 108.0, "coordination_ring_potter0_20": 0.0, "bottleneck_sparse20": 0.0, "bottleneck_potter0_20": 0.55}
[pair_E] {"steps": 1939456, "elapsed_s": 1477.6, "coordination_ring_sparse20": 108.0, "coordination_ring_potter0_20": 0.0, "bottleneck_sparse20": 0.0, "bottleneck_potter0_20": 0.6}
[pair_E] {"steps": 1941504, "elapsed_s": 1479.0, "coordination_ring_sparse20": 108.0, "coordination_ring_potter0_20": 0.05, "bottleneck_sparse20": 0.0, "bottleneck_potter0_20": 0.6}
[pair_E] {"steps": 1943552, "elapsed_s": 1480.4, "coordination_ring_sparse20": 105.0, "coordination_ring_potter0_20": 0.05, "bottleneck_sparse20": 0.0, "bottleneck_potter0_20": 0.65}
[pair_E] {"steps": 1945600, "elapsed_s": 1481.8, "coordination_ring_sparse20": 109.0, "coordination_ring_potter0_20": 0.05, "bottleneck_sparse20": 0.0, "bottleneck_potter0_20": 0.65}
[pair_E] {"steps": 1947648, "elapsed_s": 1483.2, "coordination_ring_sparse20": 109.0, "coordination_ring_potter0_20": 0.05, "bottleneck_sparse20": 0.0, "bottleneck_potter0_20": 0.55}
[pair_E] {"steps": 1949696, "elapsed_s": 1484.6, "coordination_ring_sparse20": 108.0, "coordination_ring_potter0_20": 0.05, "bottleneck_sparse20": 0.0, "bottleneck_potter0_20": 0.5}
[pair_E] {"steps": 1951744, "elapsed_s": 1486.0, "coordination_ring_sparse20": 105.0, "coordination_ring_potter0_20": 0.05, "bottleneck_sparse20": 0.0, "bottleneck_potter0_20": 0.5}
[pair_E] {"steps": 1953792, "elapsed_s": 1487.4, "coordination_ring_sparse20": 109.0, "coordination_ring_potter0_20": 0.05, "bottleneck_sparse20": 0.0, "bottleneck_potter0_20": 0.5}
[pair_E] {"steps": 1955840, "elapsed_s": 1488.8, "coordination_ring_sparse20": 110.0, "coordination_ring_potter0_20": 0.05, "bottleneck_sparse20": 0.0, "bottleneck_potter0_20": 0.55}
[pair_E] {"steps": 1957888, "elapsed_s": 1490.1, "coordination_ring_sparse20": 112.0, "coordination_ring_potter0_20": 0.0, "bottleneck_sparse20": 0.0, "bottleneck_potter0_20": 0.55}
[pair_E] {"steps": 1959936, "elapsed_s": 1491.5, "coordination_ring_sparse20": 113.0, "coordination_ring_potter0_20": 0.05, "bottleneck_sparse20": 0.0, "bottleneck_potter0_20": 0.45}
[pair_E] {"steps": 1961984, "elapsed_s": 1492.9, "coordination_ring_sparse20": 108.0, "coordination_ring_potter0_20": 0.05, "bottleneck_sparse20": 0.0, "bottleneck_potter0_20": 0.45}
[pair_E] {"steps": 1964032, "elapsed_s": 1494.3, "coordination_ring_sparse20": 105.0, "coordination_ring_potter0_20": 0.05, "bottleneck_sparse20": 0.0, "bottleneck_potter0_20": 0.5}
[pair_E] {"steps": 1966080, "elapsed_s": 1495.7, "coordination_ring_sparse20": 106.0, "coordination_ring_potter0_20": 0.05, "bottleneck_sparse20": 0.0, "bottleneck_potter0_20": 0.6}
[pair_E] {"steps": 1968128, "elapsed_s": 1497.0, "coordination_ring_sparse20": 103.0, "coordination_ring_potter0_20": 0.05, "bottleneck_sparse20": 0.0, "bottleneck_potter0_20": 0.65}
[pair_E] {"steps": 1970176, "elapsed_s": 1498.4, "coordination_ring_sparse20": 107.0, "coordination_ring_potter0_20": 0.05, "bottleneck_sparse20": 0.0, "bottleneck_potter0_20": 0.65}
[pair_E] {"steps": 1972224, "elapsed_s": 1499.9, "coordination_ring_sparse20": 107.0, "coordination_ring_potter0_20": 0.05, "bottleneck_sparse20": 0.0, "bottleneck_potter0_20": 0.7}
[pair_E] {"steps": 1974272, "elapsed_s": 1501.6, "coordination_ring_sparse20": 101.0, "coordination_ring_potter0_20": 0.05, "bottleneck_sparse20": 0.0, "bottleneck_potter0_20": 0.7}
[pair_E] {"steps": 1976320, "elapsed_s": 1503.0, "coordination_ring_sparse20": 102.0, "coordination_ring_potter0_20": 0.0, "bottleneck_sparse20": 0.0, "bottleneck_potter0_20": 0.65}
[pair_E] {"steps": 1978368, "elapsed_s": 1504.6, "coordination_ring_sparse20": 106.0, "coordination_ring_potter0_20": 0.0, "bottleneck_sparse20": 0.0, "bottleneck_potter0_20": 0.7}
[pair_E] {"steps": 1980416, "elapsed_s": 1506.0, "coordination_ring_sparse20": 102.0, "coordination_ring_potter0_20": 0.0, "bottleneck_sparse20": 0.0, "bottleneck_potter0_20": 0.7}
[pair_E] {"steps": 1982464, "elapsed_s": 1507.3, "coordination_ring_sparse20": 107.0, "coordination_ring_potter0_20": 0.0, "bottleneck_sparse20": 0.0, "bottleneck_potter0_20": 0.7}
[pair_E] {"steps": 1984512, "elapsed_s": 1508.7, "coordination_ring_sparse20": 101.0, "coordination_ring_potter0_20": 0.0, "bottleneck_sparse20": 0.0, "bottleneck_potter0_20": 0.7}
[pair_E] {"steps": 1986560, "elapsed_s": 1510.1, "coordination_ring_sparse20": 101.0, "coordination_ring_potter0_20": 0.0, "bottleneck_sparse20": 0.0, "bottleneck_potter0_20": 0.6}
[pair_E] {"steps": 1988608, "elapsed_s": 1511.5, "coordination_ring_sparse20": 102.0, "coordination_ring_potter0_20": 0.05, "bottleneck_sparse20": 0.0, "bottleneck_potter0_20": 0.6}
[pair_E] {"steps": 1990656, "elapsed_s": 1513.0, "coordination_ring_sparse20": 102.0, "coordination_ring_potter0_20": 0.05, "bottleneck_sparse20": 0.0, "bottleneck_potter0_20": 0.55}
[pair_E] {"steps": 1992704, "elapsed_s": 1514.4, "coordination_ring_sparse20": 105.0, "coordination_ring_potter0_20": 0.05, "bottleneck_sparse20": 0.0, "bottleneck_potter0_20": 0.55}
[pair_E] {"steps": 1994752, "elapsed_s": 1516.0, "coordination_ring_sparse20": 108.0, "coordination_ring_potter0_20": 0.05, "bottleneck_sparse20": 0.0, "bottleneck_potter0_20": 0.5}
[pair_E] {"steps": 1996800, "elapsed_s": 1517.4, "coordination_ring_sparse20": 110.0, "coordination_ring_potter0_20": 0.1, "bottleneck_sparse20": 0.0, "bottleneck_potter0_20": 0.45}
[pair_E] {"steps": 1998848, "elapsed_s": 1518.8, "coordination_ring_sparse20": 117.0, "coordination_ring_potter0_20": 0.1, "bottleneck_sparse20": 0.0, "bottleneck_potter0_20": 0.45}
[pair_E] {"steps": 2000896, "elapsed_s": 1520.2, "coordination_ring_sparse20": 122.0, "coordination_ring_potter0_20": 0.05, "bottleneck_sparse20": 0.0, "bottleneck_potter0_20": 0.5}
[pair_E] {"steps": 2002944, "elapsed_s": 1521.5, "coordination_ring_sparse20": 126.0, "coordination_ring_potter0_20": 0.05, "bottleneck_sparse20": 0.0, "bottleneck_potter0_20": 0.55}
[pair_E] {"steps": 2004992, "elapsed_s": 1523.0, "coordination_ring_sparse20": 125.0, "coordination_ring_potter0_20": 0.05, "bottleneck_sparse20": 0.0, "bottleneck_potter0_20": 0.5}
[pair_E] {"steps": 2007040, "elapsed_s": 1524.4, "coordination_ring_sparse20": 119.0, "coordination_ring_potter0_20": 0.05, "bottleneck_sparse20": 0.0, "bottleneck_potter0_20": 0.55}
[pair_E] {"steps": 2009088, "elapsed_s": 1525.8, "coordination_ring_sparse20": 120.0, "coordination_ring_potter0_20": 0.05, "bottleneck_sparse20": 0.0, "bottleneck_potter0_20": 0.6}
[pair_E] {"steps": 2011136, "elapsed_s": 1527.2, "coordination_ring_sparse20": 110.0, "coordination_ring_potter0_20": 0.05, "bottleneck_sparse20": 0.0, "bottleneck_potter0_20": 0.6}
[pair_E] {"steps": 2013184, "elapsed_s": 1528.6, "coordination_ring_sparse20": 107.0, "coordination_ring_potter0_20": 0.05, "bottleneck_sparse20": 0.0, "bottleneck_potter0_20": 0.55}
[pair_E] {"steps": 2015232, "elapsed_s": 1530.1, "coordination_ring_sparse20": 106.0, "coordination_ring_potter0_20": 0.05, "bottleneck_sparse20": 0.0, "bottleneck_potter0_20": 0.55}
[pair_E] {"steps": 2017280, "elapsed_s": 1531.5, "coordination_ring_sparse20": 105.0, "coordination_ring_potter0_20": 0.05, "bottleneck_sparse20": 0.0, "bottleneck_potter0_20": 0.55}
[pair_E] {"steps": 2019328, "elapsed_s": 1532.9, "coordination_ring_sparse20": 106.0, "coordination_ring_potter0_20": 0.05, "bottleneck_sparse20": 0.0, "bottleneck_potter0_20": 0.5}
[pair_E] {"steps": 2021376, "elapsed_s": 1534.3, "coordination_ring_sparse20": 109.0, "coordination_ring_potter0_20": 0.05, "bottleneck_sparse20": 0.0, "bottleneck_potter0_20": 0.45}
[pair_E] {"steps": 2023424, "elapsed_s": 1535.8, "coordination_ring_sparse20": 113.0, "coordination_ring_potter0_20": 0.05, "bottleneck_sparse20": 0.0, "bottleneck_potter0_20": 0.5}
[pair_E] {"steps": 2025472, "elapsed_s": 1537.2, "coordination_ring_sparse20": 110.0, "coordination_ring_potter0_20": 0.0, "bottleneck_sparse20": 0.0, "bottleneck_potter0_20": 0.5}
[pair_E] {"steps": 2027520, "elapsed_s": 1538.8, "coordination_ring_sparse20": 110.0, "coordination_ring_potter0_20": 0.0, "bottleneck_sparse20": 0.0, "bottleneck_potter0_20": 0.45}
[pair_E] {"steps": 2029568, "elapsed_s": 1540.2, "coordination_ring_sparse20": 109.0, "coordination_ring_potter0_20": 0.0, "bottleneck_sparse20": 0.0, "bottleneck_potter0_20": 0.45}
[pair_E] {"steps": 2031616, "elapsed_s": 1541.7, "coordination_ring_sparse20": 107.0, "coordination_ring_potter0_20": 0.0, "bottleneck_sparse20": 0.0, "bottleneck_potter0_20": 0.45}
[pair_E] {"steps": 2033664, "elapsed_s": 1543.1, "coordination_ring_sparse20": 108.0, "coordination_ring_potter0_20": 0.0, "bottleneck_sparse20": 0.0, "bottleneck_potter0_20": 0.45}
[pair_E] {"steps": 2035712, "elapsed_s": 1544.5, "coordination_ring_sparse20": 113.0, "coordination_ring_potter0_20": 0.05, "bottleneck_sparse20": 0.0, "bottleneck_potter0_20": 0.45}
[pair_E] {"steps": 2037760, "elapsed_s": 1545.8, "coordination_ring_sparse20": 117.0, "coordination_ring_potter0_20": 0.05, "bottleneck_sparse20": 0.0, "bottleneck_potter0_20": 0.5}
[pair_E] {"steps": 2039808, "elapsed_s": 1547.2, "coordination_ring_sparse20": 120.0, "coordination_ring_potter0_20": 0.05, "bottleneck_sparse20": 0.0, "bottleneck_potter0_20": 0.5}
[pair_E] {"steps": 2041856, "elapsed_s": 1548.6, "coordination_ring_sparse20": 117.0, "coordination_ring_potter0_20": 0.05, "bottleneck_sparse20": 0.0, "bottleneck_potter0_20": 0.55}
[pair_E] {"steps": 2043904, "elapsed_s": 1550.0, "coordination_ring_sparse20": 116.0, "coordination_ring_potter0_20": 0.05, "bottleneck_sparse20": 0.0, "bottleneck_potter0_20": 0.6}
[pair_E] {"steps": 2045952, "elapsed_s": 1551.4, "coordination_ring_sparse20": 117.0, "coordination_ring_potter0_20": 0.05, "bottleneck_sparse20": 0.0, "bottleneck_potter0_20": 0.65}
[pair_E] {"steps": 2048000, "elapsed_s": 1552.7, "coordination_ring_sparse20": 121.0, "coordination_ring_potter0_20": 0.05, "bottleneck_sparse20": 0.0, "bottleneck_potter0_20": 0.6}
[pair_E] {"steps": 2050048, "elapsed_s": 1554.2, "coordination_ring_sparse20": 116.0, "coordination_ring_potter0_20": 0.0, "bottleneck_sparse20": 0.0, "bottleneck_potter0_20": 0.55}
[pair_E] {"steps": 2052096, "elapsed_s": 1555.7, "coordination_ring_sparse20": 113.0, "coordination_ring_potter0_20": 0.0, "bottleneck_sparse20": 0.0, "bottleneck_potter0_20": 0.55}
[pair_E] {"steps": 2054144, "elapsed_s": 1557.1, "coordination_ring_sparse20": 112.0, "coordination_ring_potter0_20": 0.0, "bottleneck_sparse20": 0.0, "bottleneck_potter0_20": 0.65}
[pair_E] {"steps": 2056192, "elapsed_s": 1558.5, "coordination_ring_sparse20": 117.0, "coordination_ring_potter0_20": 0.0, "bottleneck_sparse20": 0.0, "bottleneck_potter0_20": 0.65}
[pair_E] {"steps": 2058240, "elapsed_s": 1560.0, "coordination_ring_sparse20": 118.0, "coordination_ring_potter0_20": 0.0, "bottleneck_sparse20": 0.0, "bottleneck_potter0_20": 0.6}
[pair_E] {"steps": 2060288, "elapsed_s": 1561.3, "coordination_ring_sparse20": 118.0, "coordination_ring_potter0_20": 0.0, "bottleneck_sparse20": 0.0, "bottleneck_potter0_20": 0.6}
[pair_E] {"steps": 2062336, "elapsed_s": 1562.7, "coordination_ring_sparse20": 116.0, "coordination_ring_potter0_20": 0.0, "bottleneck_sparse20": 0.0, "bottleneck_potter0_20": 0.6}
[pair_E] {"steps": 2064384, "elapsed_s": 1564.1, "coordination_ring_sparse20": 119.0, "coordination_ring_potter0_20": 0.0, "bottleneck_sparse20": 0.0, "bottleneck_potter0_20": 0.65}
[pair_E] {"steps": 2066432, "elapsed_s": 1565.5, "coordination_ring_sparse20": 121.0, "coordination_ring_potter0_20": 0.0, "bottleneck_sparse20": 0.0, "bottleneck_potter0_20": 0.65}
[pair_E] {"steps": 2068480, "elapsed_s": 1566.9, "coordination_ring_sparse20": 118.0, "coordination_ring_potter0_20": 0.0, "bottleneck_sparse20": 0.0, "bottleneck_potter0_20": 0.65}
[pair_E] {"steps": 2070528, "elapsed_s": 1568.3, "coordination_ring_sparse20": 121.0, "coordination_ring_potter0_20": 0.0, "bottleneck_sparse20": 0.0, "bottleneck_potter0_20": 0.6}
[pair_E] {"steps": 2072576, "elapsed_s": 1569.6, "coordination_ring_sparse20": 121.0, "coordination_ring_potter0_20": 0.05, "bottleneck_sparse20": 0.0, "bottleneck_potter0_20": 0.6}
[pair_E] {"steps": 2074624, "elapsed_s": 1571.0, "coordination_ring_sparse20": 124.0, "coordination_ring_potter0_20": 0.05, "bottleneck_sparse20": 0.0, "bottleneck_potter0_20": 0.6}
[pair_E] {"steps": 2076672, "elapsed_s": 1572.4, "coordination_ring_sparse20": 124.0, "coordination_ring_potter0_20": 0.05, "bottleneck_sparse20": 0.0, "bottleneck_potter0_20": 0.65}
[pair_E] {"steps": 2078720, "elapsed_s": 1573.8, "coordination_ring_sparse20": 122.0, "coordination_ring_potter0_20": 0.05, "bottleneck_sparse20": 0.0, "bottleneck_potter0_20": 0.7}
[pair_E] {"steps": 2080768, "elapsed_s": 1575.4, "coordination_ring_sparse20": 122.0, "coordination_ring_potter0_20": 0.05, "bottleneck_sparse20": 0.0, "bottleneck_potter0_20": 0.7}
[pair_E] {"steps": 2082816, "elapsed_s": 1576.8, "coordination_ring_sparse20": 121.0, "coordination_ring_potter0_20": 0.05, "bottleneck_sparse20": 0.0, "bottleneck_potter0_20": 0.65}
[pair_E] {"steps": 2084864, "elapsed_s": 1578.2, "coordination_ring_sparse20": 120.0, "coordination_ring_potter0_20": 0.05, "bottleneck_sparse20": 0.0, "bottleneck_potter0_20": 0.6}
[pair_E] {"steps": 2086912, "elapsed_s": 1579.5, "coordination_ring_sparse20": 120.0, "coordination_ring_potter0_20": 0.05, "bottleneck_sparse20": 0.0, "bottleneck_potter0_20": 0.6}
[pair_E] {"steps": 2088960, "elapsed_s": 1581.0, "coordination_ring_sparse20": 119.0, "coordination_ring_potter0_20": 0.05, "bottleneck_sparse20": 0.0, "bottleneck_potter0_20": 0.6}
[pair_E] {"steps": 2091008, "elapsed_s": 1582.4, "coordination_ring_sparse20": 115.0, "coordination_ring_potter0_20": 0.0, "bottleneck_sparse20": 0.0, "bottleneck_potter0_20": 0.55}
[pair_E] {"steps": 2093056, "elapsed_s": 1583.8, "coordination_ring_sparse20": 111.0, "coordination_ring_potter0_20": 0.0, "bottleneck_sparse20": 0.0, "bottleneck_potter0_20": 0.55}
[pair_E] {"steps": 2095104, "elapsed_s": 1585.2, "coordination_ring_sparse20": 111.0, "coordination_ring_potter0_20": 0.0, "bottleneck_sparse20": 0.0, "bottleneck_potter0_20": 0.6}
[pair_E] {"steps": 2097152, "elapsed_s": 1586.7, "coordination_ring_sparse20": 117.0, "coordination_ring_potter0_20": 0.05, "bottleneck_sparse20": 0.0, "bottleneck_potter0_20": 0.6}
[pair_E] {"steps": 2099200, "elapsed_s": 1588.1, "coordination_ring_sparse20": 120.0, "coordination_ring_potter0_20": 0.05, "bottleneck_sparse20": 0.0, "bottleneck_potter0_20": 0.55}
[pair_E] {"steps": 2101248, "elapsed_s": 1589.5, "coordination_ring_sparse20": 121.0, "coordination_ring_potter0_20": 0.05, "bottleneck_sparse20": 0.0, "bottleneck_potter0_20": 0.5}
[pair_E] {"steps": 2103296, "elapsed_s": 1591.0, "coordination_ring_sparse20": 122.0, "coordination_ring_potter0_20": 0.05, "bottleneck_sparse20": 0.0, "bottleneck_potter0_20": 0.45}
[pair_E] {"steps": 2105344, "elapsed_s": 1592.4, "coordination_ring_sparse20": 122.0, "coordination_ring_potter0_20": 0.05, "bottleneck_sparse20": 0.0, "bottleneck_potter0_20": 0.5}
[pair_E] {"steps": 2107392, "elapsed_s": 1593.8, "coordination_ring_sparse20": 125.0, "coordination_ring_potter0_20": 0.05, "bottleneck_sparse20": 0.0, "bottleneck_potter0_20": 0.5}
[pair_E] {"steps": 2109440, "elapsed_s": 1595.2, "coordination_ring_sparse20": 124.0, "coordination_ring_potter0_20": 0.05, "bottleneck_sparse20": 0.0, "bottleneck_potter0_20": 0.45}
[pair_E] {"steps": 2111488, "elapsed_s": 1596.7, "coordination_ring_sparse20": 119.0, "coordination_ring_potter0_20": 0.05, "bottleneck_sparse20": 0.0, "bottleneck_potter0_20": 0.45}
[pair_E] {"steps": 2113536, "elapsed_s": 1598.1, "coordination_ring_sparse20": 117.0, "coordination_ring_potter0_20": 0.05, "bottleneck_sparse20": 0.0, "bottleneck_potter0_20": 0.45}
[pair_E] {"steps": 2115584, "elapsed_s": 1599.5, "coordination_ring_sparse20": 105.0, "coordination_ring_potter0_20": 0.05, "bottleneck_sparse20": 0.0, "bottleneck_potter0_20": 0.45}
[pair_E] {"steps": 2117632, "elapsed_s": 1600.9, "coordination_ring_sparse20": 107.0, "coordination_ring_potter0_20": 0.05, "bottleneck_sparse20": 0.0, "bottleneck_potter0_20": 0.5}
[pair_E] {"steps": 2119680, "elapsed_s": 1602.3, "coordination_ring_sparse20": 109.0, "coordination_ring_potter0_20": 0.05, "bottleneck_sparse20": 0.0, "bottleneck_potter0_20": 0.5}
[pair_E] {"steps": 2121728, "elapsed_s": 1603.6, "coordination_ring_sparse20": 112.0, "coordination_ring_potter0_20": 0.05, "bottleneck_sparse20": 0.0, "bottleneck_potter0_20": 0.5}
[pair_E] {"steps": 2123776, "elapsed_s": 1605.0, "coordination_ring_sparse20": 113.0, "coordination_ring_potter0_20": 0.0, "bottleneck_sparse20": 0.0, "bottleneck_potter0_20": 0.5}
[pair_E] {"steps": 2125824, "elapsed_s": 1606.4, "coordination_ring_sparse20": 118.0, "coordination_ring_potter0_20": 0.05, "bottleneck_sparse20": 0.0, "bottleneck_potter0_20": 0.5}
[pair_E] {"steps": 2127872, "elapsed_s": 1607.8, "coordination_ring_sparse20": 121.0, "coordination_ring_potter0_20": 0.05, "bottleneck_sparse20": 0.0, "bottleneck_potter0_20": 0.5}
[pair_E] {"steps": 2129920, "elapsed_s": 1609.2, "coordination_ring_sparse20": 123.0, "coordination_ring_potter0_20": 0.05, "bottleneck_sparse20": 0.0, "bottleneck_potter0_20": 0.5}
[pair_E] {"steps": 2131968, "elapsed_s": 1610.6, "coordination_ring_sparse20": 125.0, "coordination_ring_potter0_20": 0.05, "bottleneck_sparse20": 0.0, "bottleneck_potter0_20": 0.4}
[pair_E] {"steps": 2134016, "elapsed_s": 1612.1, "coordination_ring_sparse20": 122.0, "coordination_ring_potter0_20": 0.05, "bottleneck_sparse20": 0.0, "bottleneck_potter0_20": 0.35}
[pair_E] {"steps": 2136064, "elapsed_s": 1613.4, "coordination_ring_sparse20": 121.0, "coordination_ring_potter0_20": 0.05, "bottleneck_sparse20": 0.0, "bottleneck_potter0_20": 0.35}
[pair_E] {"steps": 2138112, "elapsed_s": 1614.8, "coordination_ring_sparse20": 119.0, "coordination_ring_potter0_20": 0.05, "bottleneck_sparse20": 0.0, "bottleneck_potter0_20": 0.35}
[pair_E] {"steps": 2140160, "elapsed_s": 1616.2, "coordination_ring_sparse20": 120.0, "coordination_ring_potter0_20": 0.05, "bottleneck_sparse20": 0.0, "bottleneck_potter0_20": 0.4}
[pair_E] {"steps": 2142208, "elapsed_s": 1617.5, "coordination_ring_sparse20": 119.0, "coordination_ring_potter0_20": 0.05, "bottleneck_sparse20": 0.0, "bottleneck_potter0_20": 0.4}
[pair_E] {"steps": 2144256, "elapsed_s": 1618.9, "coordination_ring_sparse20": 119.0, "coordination_ring_potter0_20": 0.05, "bottleneck_sparse20": 0.0, "bottleneck_potter0_20": 0.5}
[pair_E] {"steps": 2146304, "elapsed_s": 1620.3, "coordination_ring_sparse20": 120.0, "coordination_ring_potter0_20": 0.05, "bottleneck_sparse20": 0.0, "bottleneck_potter0_20": 0.45}
[pair_E] {"steps": 2148352, "elapsed_s": 1621.8, "coordination_ring_sparse20": 116.0, "coordination_ring_potter0_20": 0.1, "bottleneck_sparse20": 0.0, "bottleneck_potter0_20": 0.45}
[pair_E] {"steps": 2150400, "elapsed_s": 1623.2, "coordination_ring_sparse20": 111.0, "coordination_ring_potter0_20": 0.1, "bottleneck_sparse20": 0.0, "bottleneck_potter0_20": 0.45}
[pair_E] {"steps": 2152448, "elapsed_s": 1624.6, "coordination_ring_sparse20": 112.0, "coordination_ring_potter0_20": 0.1, "bottleneck_sparse20": 0.0, "bottleneck_potter0_20": 0.45}
[pair_E] {"steps": 2154496, "elapsed_s": 1626.0, "coordination_ring_sparse20": 112.0, "coordination_ring_potter0_20": 0.05, "bottleneck_sparse20": 0.0, "bottleneck_potter0_20": 0.45}
[pair_E] {"steps": 2156544, "elapsed_s": 1627.4, "coordination_ring_sparse20": 111.0, "coordination_ring_potter0_20": 0.05, "bottleneck_sparse20": 0.0, "bottleneck_potter0_20": 0.45}
[pair_E] {"steps": 2158592, "elapsed_s": 1628.8, "coordination_ring_sparse20": 115.0, "coordination_ring_potter0_20": 0.0, "bottleneck_sparse20": 0.0, "bottleneck_potter0_20": 0.5}
[pair_E] {"steps": 2160640, "elapsed_s": 1630.2, "coordination_ring_sparse20": 115.0, "coordination_ring_potter0_20": 0.0, "bottleneck_sparse20": 0.0, "bottleneck_potter0_20": 0.5}
[pair_E] {"steps": 2162688, "elapsed_s": 1631.6, "coordination_ring_sparse20": 117.0, "coordination_ring_potter0_20": 0.0, "bottleneck_sparse20": 0.0, "bottleneck_potter0_20": 0.55}
[pair_E] {"steps": 2164736, "elapsed_s": 1633.0, "coordination_ring_sparse20": 119.0, "coordination_ring_potter0_20": 0.0, "bottleneck_sparse20": 0.0, "bottleneck_potter0_20": 0.45}
[pair_E] {"steps": 2166784, "elapsed_s": 1634.4, "coordination_ring_sparse20": 121.0, "coordination_ring_potter0_20": 0.0, "bottleneck_sparse20": 0.0, "bottleneck_potter0_20": 0.5}
[pair_E] {"steps": 2168832, "elapsed_s": 1635.8, "coordination_ring_sparse20": 124.0, "coordination_ring_potter0_20": 0.0, "bottleneck_sparse20": 0.0, "bottleneck_potter0_20": 0.55}
[pair_E] {"steps": 2170880, "elapsed_s": 1637.3, "coordination_ring_sparse20": 125.0, "coordination_ring_potter0_20": 0.0, "bottleneck_sparse20": 0.0, "bottleneck_potter0_20": 0.55}
[pair_E] {"steps": 2172928, "elapsed_s": 1638.7, "coordination_ring_sparse20": 122.0, "coordination_ring_potter0_20": 0.05, "bottleneck_sparse20": 0.0, "bottleneck_potter0_20": 0.55}
[pair_E] {"steps": 2174976, "elapsed_s": 1640.2, "coordination_ring_sparse20": 122.0, "coordination_ring_potter0_20": 0.1, "bottleneck_sparse20": 0.0, "bottleneck_potter0_20": 0.5}
[pair_E] {"steps": 2177024, "elapsed_s": 1641.5, "coordination_ring_sparse20": 121.0, "coordination_ring_potter0_20": 0.1, "bottleneck_sparse20": 0.0, "bottleneck_potter0_20": 0.45}
[pair_E] {"steps": 2179072, "elapsed_s": 1643.0, "coordination_ring_sparse20": 121.0, "coordination_ring_potter0_20": 0.1, "bottleneck_sparse20": 0.0, "bottleneck_potter0_20": 0.45}
[pair_E] {"steps": 2181120, "elapsed_s": 1644.4, "coordination_ring_sparse20": 123.0, "coordination_ring_potter0_20": 0.1, "bottleneck_sparse20": 0.0, "bottleneck_potter0_20": 0.45}
[pair_E] {"steps": 2183168, "elapsed_s": 1645.8, "coordination_ring_sparse20": 121.0, "coordination_ring_potter0_20": 0.1, "bottleneck_sparse20": 0.0, "bottleneck_potter0_20": 0.45}
[pair_E] {"steps": 2185216, "elapsed_s": 1647.2, "coordination_ring_sparse20": 119.0, "coordination_ring_potter0_20": 0.1, "bottleneck_sparse20": 0.0, "bottleneck_potter0_20": 0.55}
[pair_E] {"steps": 2187264, "elapsed_s": 1648.8, "coordination_ring_sparse20": 120.0, "coordination_ring_potter0_20": 0.05, "bottleneck_sparse20": 0.0, "bottleneck_potter0_20": 0.55}
[pair_E] {"steps": 2189312, "elapsed_s": 1650.2, "coordination_ring_sparse20": 124.0, "coordination_ring_potter0_20": 0.0, "bottleneck_sparse20": 0.0, "bottleneck_potter0_20": 0.55}
[pair_E] {"steps": 2191360, "elapsed_s": 1651.7, "coordination_ring_sparse20": 128.0, "coordination_ring_potter0_20": 0.1, "bottleneck_sparse20": 0.0, "bottleneck_potter0_20": 0.55}
[pair_E] {"steps": 2193408, "elapsed_s": 1653.0, "coordination_ring_sparse20": 129.0, "coordination_ring_potter0_20": 0.1, "bottleneck_sparse20": 0.0, "bottleneck_potter0_20": 0.6}
[pair_E] {"steps": 2195456, "elapsed_s": 1654.4, "coordination_ring_sparse20": 129.0, "coordination_ring_potter0_20": 0.1, "bottleneck_sparse20": 0.0, "bottleneck_potter0_20": 0.6}
[pair_E] {"steps": 2197504, "elapsed_s": 1655.8, "coordination_ring_sparse20": 127.0, "coordination_ring_potter0_20": 0.15, "bottleneck_sparse20": 0.0, "bottleneck_potter0_20": 0.6}
[pair_E] {"steps": 2199552, "elapsed_s": 1657.2, "coordination_ring_sparse20": 126.0, "coordination_ring_potter0_20": 0.15, "bottleneck_sparse20": 0.0, "bottleneck_potter0_20": 0.65}
[pair_E] {"steps": 2201600, "elapsed_s": 1658.6, "coordination_ring_sparse20": 126.0, "coordination_ring_potter0_20": 0.15, "bottleneck_sparse20": 0.0, "bottleneck_potter0_20": 0.65}
[pair_E] {"steps": 2203648, "elapsed_s": 1660.0, "coordination_ring_sparse20": 127.0, "coordination_ring_potter0_20": 0.25, "bottleneck_sparse20": 0.0, "bottleneck_potter0_20": 0.6}
[pair_E] {"steps": 2205696, "elapsed_s": 1661.5, "coordination_ring_sparse20": 126.0, "coordination_ring_potter0_20": 0.3, "bottleneck_sparse20": 0.0, "bottleneck_potter0_20": 0.7}
[pair_E] {"steps": 2207744, "elapsed_s": 1662.9, "coordination_ring_sparse20": 123.0, "coordination_ring_potter0_20": 0.25, "bottleneck_sparse20": 0.0, "bottleneck_potter0_20": 0.7}
[pair_E] {"steps": 2209792, "elapsed_s": 1664.3, "coordination_ring_sparse20": 123.0, "coordination_ring_potter0_20": 0.25, "bottleneck_sparse20": 0.0, "bottleneck_potter0_20": 0.65}
[pair_E] {"steps": 2211840, "elapsed_s": 1665.6, "coordination_ring_sparse20": 119.0, "coordination_ring_potter0_20": 0.2, "bottleneck_sparse20": 0.0, "bottleneck_potter0_20": 0.65}
[pair_E] {"steps": 2213888, "elapsed_s": 1667.2, "coordination_ring_sparse20": 121.0, "coordination_ring_potter0_20": 0.2, "bottleneck_sparse20": 0.0, "bottleneck_potter0_20": 0.65}
[pair_E] {"steps": 2215936, "elapsed_s": 1668.5, "coordination_ring_sparse20": 121.0, "coordination_ring_potter0_20": 0.35, "bottleneck_sparse20": 0.0, "bottleneck_potter0_20": 0.65}
[pair_E] {"steps": 2217984, "elapsed_s": 1669.9, "coordination_ring_sparse20": 120.0, "coordination_ring_potter0_20": 0.2, "bottleneck_sparse20": 0.0, "bottleneck_potter0_20": 0.6}
[pair_E] {"steps": 2220032, "elapsed_s": 1671.3, "coordination_ring_sparse20": 121.0, "coordination_ring_potter0_20": 0.25, "bottleneck_sparse20": 0.0, "bottleneck_potter0_20": 0.6}
[pair_E] {"steps": 2222080, "elapsed_s": 1672.7, "coordination_ring_sparse20": 120.0, "coordination_ring_potter0_20": 0.2, "bottleneck_sparse20": 0.0, "bottleneck_potter0_20": 0.65}
[pair_E] {"steps": 2224128, "elapsed_s": 1674.1, "coordination_ring_sparse20": 122.0, "coordination_ring_potter0_20": 0.2, "bottleneck_sparse20": 0.0, "bottleneck_potter0_20": 0.6}
[pair_E] {"steps": 2226176, "elapsed_s": 1675.5, "coordination_ring_sparse20": 121.0, "coordination_ring_potter0_20": 0.2, "bottleneck_sparse20": 0.0, "bottleneck_potter0_20": 0.6}
[pair_E] {"steps": 2228224, "elapsed_s": 1676.9, "coordination_ring_sparse20": 121.0, "coordination_ring_potter0_20": 0.2, "bottleneck_sparse20": 0.0, "bottleneck_potter0_20": 0.6}
[pair_E] {"steps": 2230272, "elapsed_s": 1678.2, "coordination_ring_sparse20": 119.0, "coordination_ring_potter0_20": 0.2, "bottleneck_sparse20": 0.0, "bottleneck_potter0_20": 0.6}
[pair_E] {"steps": 2232320, "elapsed_s": 1679.6, "coordination_ring_sparse20": 117.0, "coordination_ring_potter0_20": 0.15, "bottleneck_sparse20": 0.0, "bottleneck_potter0_20": 0.55}
[pair_E] {"steps": 2234368, "elapsed_s": 1681.0, "coordination_ring_sparse20": 116.0, "coordination_ring_potter0_20": 0.05, "bottleneck_sparse20": 0.0, "bottleneck_potter0_20": 0.55}
[pair_E] {"steps": 2236416, "elapsed_s": 1682.5, "coordination_ring_sparse20": 115.0, "coordination_ring_potter0_20": 0.1, "bottleneck_sparse20": 0.0, "bottleneck_potter0_20": 0.55}
[pair_E] {"steps": 2238464, "elapsed_s": 1683.8, "coordination_ring_sparse20": 116.0, "coordination_ring_potter0_20": 0.05, "bottleneck_sparse20": 0.0, "bottleneck_potter0_20": 0.6}
[pair_E] {"steps": 2240512, "elapsed_s": 1685.4, "coordination_ring_sparse20": 115.0, "coordination_ring_potter0_20": 0.05, "bottleneck_sparse20": 0.0, "bottleneck_potter0_20": 0.65}
[pair_E] {"steps": 2242560, "elapsed_s": 1686.8, "coordination_ring_sparse20": 114.0, "coordination_ring_potter0_20": 0.05, "bottleneck_sparse20": 0.0, "bottleneck_potter0_20": 0.6}
[pair_E] {"steps": 2244608, "elapsed_s": 1688.1, "coordination_ring_sparse20": 111.0, "coordination_ring_potter0_20": 0.05, "bottleneck_sparse20": 0.0, "bottleneck_potter0_20": 0.6}
[pair_E] {"steps": 2246656, "elapsed_s": 1689.5, "coordination_ring_sparse20": 110.0, "coordination_ring_potter0_20": 0.05, "bottleneck_sparse20": 0.0, "bottleneck_potter0_20": 0.55}
[pair_E] {"steps": 2248704, "elapsed_s": 1690.8, "coordination_ring_sparse20": 108.0, "coordination_ring_potter0_20": 0.1, "bottleneck_sparse20": 0.0, "bottleneck_potter0_20": 0.55}
[pair_E] {"steps": 2250752, "elapsed_s": 1692.3, "coordination_ring_sparse20": 109.0, "coordination_ring_potter0_20": 0.1, "bottleneck_sparse20": 0.0, "bottleneck_potter0_20": 0.55}
[pair_E] {"steps": 2252800, "elapsed_s": 1693.8, "coordination_ring_sparse20": 110.0, "coordination_ring_potter0_20": 0.1, "bottleneck_sparse20": 0.0, "bottleneck_potter0_20": 0.6}
[pair_E] {"steps": 2254848, "elapsed_s": 1695.2, "coordination_ring_sparse20": 112.0, "coordination_ring_potter0_20": 0.05, "bottleneck_sparse20": 0.0, "bottleneck_potter0_20": 0.6}
[pair_E] {"steps": 2256896, "elapsed_s": 1696.6, "coordination_ring_sparse20": 115.0, "coordination_ring_potter0_20": 0.05, "bottleneck_sparse20": 0.0, "bottleneck_potter0_20": 0.6}
[pair_E] {"steps": 2258944, "elapsed_s": 1698.0, "coordination_ring_sparse20": 116.0, "coordination_ring_potter0_20": 0.05, "bottleneck_sparse20": 0.0, "bottleneck_potter0_20": 0.7}
[pair_E] {"steps": 2260992, "elapsed_s": 1699.7, "coordination_ring_sparse20": 120.0, "coordination_ring_potter0_20": 0.05, "bottleneck_sparse20": 0.0, "bottleneck_potter0_20": 0.7}
[pair_E] {"steps": 2263040, "elapsed_s": 1701.2, "coordination_ring_sparse20": 127.0, "coordination_ring_potter0_20": 0.0, "bottleneck_sparse20": 0.0, "bottleneck_potter0_20": 0.75}
[pair_E] {"steps": 2265088, "elapsed_s": 1702.6, "coordination_ring_sparse20": 125.0, "coordination_ring_potter0_20": 0.0, "bottleneck_sparse20": 0.0, "bottleneck_potter0_20": 0.7}
[pair_E] {"steps": 2267136, "elapsed_s": 1703.9, "coordination_ring_sparse20": 125.0, "coordination_ring_potter0_20": 0.0, "bottleneck_sparse20": 0.0, "bottleneck_potter0_20": 0.7}
[pair_E] {"steps": 2269184, "elapsed_s": 1705.3, "coordination_ring_sparse20": 122.0, "coordination_ring_potter0_20": 0.0, "bottleneck_sparse20": 0.0, "bottleneck_potter0_20": 0.7}
[pair_E] {"steps": 2271232, "elapsed_s": 1706.7, "coordination_ring_sparse20": 119.0, "coordination_ring_potter0_20": 0.0, "bottleneck_sparse20": 0.0, "bottleneck_potter0_20": 0.75}
[pair_E] {"steps": 2273280, "elapsed_s": 1708.1, "coordination_ring_sparse20": 117.0, "coordination_ring_potter0_20": 0.0, "bottleneck_sparse20": 0.0, "bottleneck_potter0_20": 0.85}
[pair_E] {"steps": 2275328, "elapsed_s": 1709.6, "coordination_ring_sparse20": 115.0, "coordination_ring_potter0_20": 0.0, "bottleneck_sparse20": 0.0, "bottleneck_potter0_20": 0.8}
[pair_E] {"steps": 2277376, "elapsed_s": 1710.9, "coordination_ring_sparse20": 115.0, "coordination_ring_potter0_20": 0.05, "bottleneck_sparse20": 0.0, "bottleneck_potter0_20": 0.8}
[pair_E] {"steps": 2279424, "elapsed_s": 1712.4, "coordination_ring_sparse20": 115.0, "coordination_ring_potter0_20": 0.05, "bottleneck_sparse20": 0.0, "bottleneck_potter0_20": 0.75}
[pair_E] {"steps": 2281472, "elapsed_s": 1713.7, "coordination_ring_sparse20": 117.0, "coordination_ring_potter0_20": 0.1, "bottleneck_sparse20": 0.0, "bottleneck_potter0_20": 0.7}
[pair_E] {"steps": 2283520, "elapsed_s": 1715.2, "coordination_ring_sparse20": 121.0, "coordination_ring_potter0_20": 0.1, "bottleneck_sparse20": 0.0, "bottleneck_potter0_20": 0.7}
[pair_E] {"steps": 2285568, "elapsed_s": 1716.6, "coordination_ring_sparse20": 121.0, "coordination_ring_potter0_20": 0.1, "bottleneck_sparse20": 0.0, "bottleneck_potter0_20": 0.7}
[pair_E] {"steps": 2287616, "elapsed_s": 1717.9, "coordination_ring_sparse20": 123.0, "coordination_ring_potter0_20": 0.15, "bottleneck_sparse20": 0.0, "bottleneck_potter0_20": 0.7}
[pair_E] {"steps": 2289664, "elapsed_s": 1719.3, "coordination_ring_sparse20": 122.0, "coordination_ring_potter0_20": 0.15, "bottleneck_sparse20": 0.0, "bottleneck_potter0_20": 0.65}
[pair_E] {"steps": 2291712, "elapsed_s": 1720.7, "coordination_ring_sparse20": 122.0, "coordination_ring_potter0_20": 0.15, "bottleneck_sparse20": 0.0, "bottleneck_potter0_20": 0.6}
[pair_E] {"steps": 2293760, "elapsed_s": 1722.2, "coordination_ring_sparse20": 122.0, "coordination_ring_potter0_20": 0.1, "bottleneck_sparse20": 0.0, "bottleneck_potter0_20": 0.65}
[pair_E] {"steps": 2295808, "elapsed_s": 1723.6, "coordination_ring_sparse20": 121.0, "coordination_ring_potter0_20": 0.1, "bottleneck_sparse20": 0.0, "bottleneck_potter0_20": 0.65}
[pair_E] {"steps": 2297856, "elapsed_s": 1724.9, "coordination_ring_sparse20": 118.0, "coordination_ring_potter0_20": 0.15, "bottleneck_sparse20": 0.0, "bottleneck_potter0_20": 0.65}
[pair_E] {"steps": 2299904, "elapsed_s": 1726.5, "coordination_ring_sparse20": 118.0, "coordination_ring_potter0_20": 0.15, "bottleneck_sparse20": 0.0, "bottleneck_potter0_20": 0.65}
[pair_E] {"steps": 2301952, "elapsed_s": 1727.8, "coordination_ring_sparse20": 118.0, "coordination_ring_potter0_20": 0.15, "bottleneck_sparse20": 0.0, "bottleneck_potter0_20": 0.6}
[pair_E] {"steps": 2304000, "elapsed_s": 1729.2, "coordination_ring_sparse20": 118.0, "coordination_ring_potter0_20": 0.2, "bottleneck_sparse20": 0.0, "bottleneck_potter0_20": 0.6}
[pair_E] {"steps": 2306048, "elapsed_s": 1730.7, "coordination_ring_sparse20": 121.0, "coordination_ring_potter0_20": 0.2, "bottleneck_sparse20": 0.0, "bottleneck_potter0_20": 0.6}
[pair_E] {"steps": 2308096, "elapsed_s": 1732.0, "coordination_ring_sparse20": 121.0, "coordination_ring_potter0_20": 0.2, "bottleneck_sparse20": 0.0, "bottleneck_potter0_20": 0.65}
[pair_E] {"steps": 2310144, "elapsed_s": 1733.4, "coordination_ring_sparse20": 119.0, "coordination_ring_potter0_20": 0.25, "bottleneck_sparse20": 0.0, "bottleneck_potter0_20": 0.7}
[pair_E] {"steps": 2312192, "elapsed_s": 1734.8, "coordination_ring_sparse20": 118.0, "coordination_ring_potter0_20": 0.25, "bottleneck_sparse20": 0.0, "bottleneck_potter0_20": 0.7}
[pair_E] {"steps": 2314240, "elapsed_s": 1736.2, "coordination_ring_sparse20": 114.0, "coordination_ring_potter0_20": 0.15, "bottleneck_sparse20": 0.0, "bottleneck_potter0_20": 0.75}
[pair_E] {"steps": 2316288, "elapsed_s": 1737.5, "coordination_ring_sparse20": 106.0, "coordination_ring_potter0_20": 0.2, "bottleneck_sparse20": 0.0, "bottleneck_potter0_20": 0.75}
[pair_E] {"steps": 2318336, "elapsed_s": 1739.0, "coordination_ring_sparse20": 106.0, "coordination_ring_potter0_20": 0.15, "bottleneck_sparse20": 0.0, "bottleneck_potter0_20": 0.8}
[pair_E] {"steps": 2320384, "elapsed_s": 1740.4, "coordination_ring_sparse20": 105.0, "coordination_ring_potter0_20": 0.15, "bottleneck_sparse20": 0.0, "bottleneck_potter0_20": 0.75}
[pair_E] {"steps": 2322432, "elapsed_s": 1741.8, "coordination_ring_sparse20": 103.0, "coordination_ring_potter0_20": 0.15, "bottleneck_sparse20": 0.0, "bottleneck_potter0_20": 0.75}
[pair_E] {"steps": 2324480, "elapsed_s": 1743.1, "coordination_ring_sparse20": 104.0, "coordination_ring_potter0_20": 0.1, "bottleneck_sparse20": 0.0, "bottleneck_potter0_20": 0.75}
[pair_E] {"steps": 2326528, "elapsed_s": 1744.5, "coordination_ring_sparse20": 105.0, "coordination_ring_potter0_20": 0.1, "bottleneck_sparse20": 0.0, "bottleneck_potter0_20": 0.75}
[pair_E] {"steps": 2328576, "elapsed_s": 1745.9, "coordination_ring_sparse20": 108.0, "coordination_ring_potter0_20": 0.1, "bottleneck_sparse20": 0.0, "bottleneck_potter0_20": 0.75}
[pair_E] {"steps": 2330624, "elapsed_s": 1747.3, "coordination_ring_sparse20": 109.0, "coordination_ring_potter0_20": 0.1, "bottleneck_sparse20": 0.0, "bottleneck_potter0_20": 0.7}
[pair_E] {"steps": 2332672, "elapsed_s": 1748.7, "coordination_ring_sparse20": 112.0, "coordination_ring_potter0_20": 0.05, "bottleneck_sparse20": 0.0, "bottleneck_potter0_20": 0.7}
[pair_E] {"steps": 2334720, "elapsed_s": 1749.9, "coordination_ring_sparse20": 112.0, "coordination_ring_potter0_20": 0.05, "bottleneck_sparse20": 0.0, "bottleneck_potter0_20": 0.7}
[pair_E] {"steps": 2336768, "elapsed_s": 1751.3, "coordination_ring_sparse20": 113.0, "coordination_ring_potter0_20": 0.05, "bottleneck_sparse20": 0.0, "bottleneck_potter0_20": 0.7}
[pair_E] {"steps": 2338816, "elapsed_s": 1752.6, "coordination_ring_sparse20": 113.0, "coordination_ring_potter0_20": 0.0, "bottleneck_sparse20": 0.0, "bottleneck_potter0_20": 0.7}
[pair_E] {"steps": 2340864, "elapsed_s": 1754.0, "coordination_ring_sparse20": 113.0, "coordination_ring_potter0_20": 0.0, "bottleneck_sparse20": 0.0, "bottleneck_potter0_20": 0.7}
[pair_E] {"steps": 2342912, "elapsed_s": 1755.3, "coordination_ring_sparse20": 113.0, "coordination_ring_potter0_20": 0.0, "bottleneck_sparse20": 0.0, "bottleneck_potter0_20": 0.7}
[pair_E] {"steps": 2344960, "elapsed_s": 1756.6, "coordination_ring_sparse20": 115.0, "coordination_ring_potter0_20": 0.0, "bottleneck_sparse20": 0.0, "bottleneck_potter0_20": 0.7}
[pair_E] {"steps": 2347008, "elapsed_s": 1758.1, "coordination_ring_sparse20": 116.0, "coordination_ring_potter0_20": 0.0, "bottleneck_sparse20": 0.0, "bottleneck_potter0_20": 0.6}
[pair_E] {"steps": 2349056, "elapsed_s": 1759.5, "coordination_ring_sparse20": 117.0, "coordination_ring_potter0_20": 0.0, "bottleneck_sparse20": 0.0, "bottleneck_potter0_20": 0.55}
[pair_E] {"steps": 2351104, "elapsed_s": 1760.9, "coordination_ring_sparse20": 120.0, "coordination_ring_potter0_20": 0.0, "bottleneck_sparse20": 0.0, "bottleneck_potter0_20": 0.5}
[pair_E] {"steps": 2353152, "elapsed_s": 1762.4, "coordination_ring_sparse20": 120.0, "coordination_ring_potter0_20": 0.0, "bottleneck_sparse20": 0.0, "bottleneck_potter0_20": 0.5}
[pair_E] {"steps": 2355200, "elapsed_s": 1763.8, "coordination_ring_sparse20": 120.0, "coordination_ring_potter0_20": 0.0, "bottleneck_sparse20": 0.0, "bottleneck_potter0_20": 0.5}
[pair_E] {"steps": 2357248, "elapsed_s": 1765.3, "coordination_ring_sparse20": 120.0, "coordination_ring_potter0_20": 0.0, "bottleneck_sparse20": 0.0, "bottleneck_potter0_20": 0.55}
[pair_E] {"steps": 2359296, "elapsed_s": 1766.7, "coordination_ring_sparse20": 117.0, "coordination_ring_potter0_20": 0.05, "bottleneck_sparse20": 0.0, "bottleneck_potter0_20": 0.5}
[pair_E] {"steps": 2361344, "elapsed_s": 1768.1, "coordination_ring_sparse20": 119.0, "coordination_ring_potter0_20": 0.1, "bottleneck_sparse20": 0.0, "bottleneck_potter0_20": 0.5}
[pair_E] {"steps": 2363392, "elapsed_s": 1769.5, "coordination_ring_sparse20": 122.0, "coordination_ring_potter0_20": 0.1, "bottleneck_sparse20": 0.0, "bottleneck_potter0_20": 0.5}
[pair_E] {"steps": 2365440, "elapsed_s": 1770.9, "coordination_ring_sparse20": 122.0, "coordination_ring_potter0_20": 0.1, "bottleneck_sparse20": 0.0, "bottleneck_potter0_20": 0.5}
[pair_E] {"steps": 2367488, "elapsed_s": 1772.3, "coordination_ring_sparse20": 118.0, "coordination_ring_potter0_20": 0.1, "bottleneck_sparse20": 0.0, "bottleneck_potter0_20": 0.45}
[pair_E] {"steps": 2369536, "elapsed_s": 1773.7, "coordination_ring_sparse20": 117.0, "coordination_ring_potter0_20": 0.1, "bottleneck_sparse20": 0.0, "bottleneck_potter0_20": 0.45}
[pair_E] {"steps": 2371584, "elapsed_s": 1775.1, "coordination_ring_sparse20": 119.0, "coordination_ring_potter0_20": 0.1, "bottleneck_sparse20": 0.0, "bottleneck_potter0_20": 0.45}
[pair_E] {"steps": 2373632, "elapsed_s": 1776.4, "coordination_ring_sparse20": 121.0, "coordination_ring_potter0_20": 0.05, "bottleneck_sparse20": 0.0, "bottleneck_potter0_20": 0.45}
[pair_E] {"steps": 2375680, "elapsed_s": 1777.8, "coordination_ring_sparse20": 120.0, "coordination_ring_potter0_20": 0.05, "bottleneck_sparse20": 0.0, "bottleneck_potter0_20": 0.45}
[pair_E] {"steps": 2377728, "elapsed_s": 1779.2, "coordination_ring_sparse20": 119.0, "coordination_ring_potter0_20": 0.05, "bottleneck_sparse20": 0.0, "bottleneck_potter0_20": 0.5}
[pair_E] {"steps": 2379776, "elapsed_s": 1780.5, "coordination_ring_sparse20": 118.0, "coordination_ring_potter0_20": 0.05, "bottleneck_sparse20": 0.0, "bottleneck_potter0_20": 0.5}
[pair_E] {"steps": 2381824, "elapsed_s": 1781.9, "coordination_ring_sparse20": 116.0, "coordination_ring_potter0_20": 0.05, "bottleneck_sparse20": 0.0, "bottleneck_potter0_20": 0.5}
[pair_E] {"steps": 2383872, "elapsed_s": 1783.2, "coordination_ring_sparse20": 113.0, "coordination_ring_potter0_20": 0.05, "bottleneck_sparse20": 0.0, "bottleneck_potter0_20": 0.5}
[pair_E] {"steps": 2385920, "elapsed_s": 1784.8, "coordination_ring_sparse20": 117.0, "coordination_ring_potter0_20": 0.05, "bottleneck_sparse20": 0.0, "bottleneck_potter0_20": 0.45}
[pair_E] {"steps": 2387968, "elapsed_s": 1786.1, "coordination_ring_sparse20": 115.0, "coordination_ring_potter0_20": 0.05, "bottleneck_sparse20": 0.0, "bottleneck_potter0_20": 0.45}
[pair_E] {"steps": 2390016, "elapsed_s": 1787.4, "coordination_ring_sparse20": 112.0, "coordination_ring_potter0_20": 0.0, "bottleneck_sparse20": 0.0, "bottleneck_potter0_20": 0.4}
[pair_E] {"steps": 2392064, "elapsed_s": 1788.7, "coordination_ring_sparse20": 112.0, "coordination_ring_potter0_20": 0.0, "bottleneck_sparse20": 0.0, "bottleneck_potter0_20": 0.35}
[pair_E] {"steps": 2394112, "elapsed_s": 1790.1, "coordination_ring_sparse20": 113.0, "coordination_ring_potter0_20": 0.0, "bottleneck_sparse20": 0.0, "bottleneck_potter0_20": 0.4}
[pair_E] {"steps": 2396160, "elapsed_s": 1791.5, "coordination_ring_sparse20": 115.0, "coordination_ring_potter0_20": 0.0, "bottleneck_sparse20": 0.0, "bottleneck_potter0_20": 0.4}
[pair_E] {"steps": 2398208, "elapsed_s": 1792.9, "coordination_ring_sparse20": 116.0, "coordination_ring_potter0_20": 0.0, "bottleneck_sparse20": 0.0, "bottleneck_potter0_20": 0.4}
[pair_E] {"steps": 2400256, "elapsed_s": 1794.4, "coordination_ring_sparse20": 120.0, "coordination_ring_potter0_20": 0.0, "bottleneck_sparse20": 0.0, "bottleneck_potter0_20": 0.4}
[pair_E] {"steps": 2402304, "elapsed_s": 1795.9, "coordination_ring_sparse20": 119.0, "coordination_ring_potter0_20": 0.0, "bottleneck_sparse20": 0.0, "bottleneck_potter0_20": 0.4}
[pair_E] {"steps": 2404352, "elapsed_s": 1797.3, "coordination_ring_sparse20": 121.0, "coordination_ring_potter0_20": 0.0, "bottleneck_sparse20": 0.0, "bottleneck_potter0_20": 0.4}
[pair_E] {"steps": 2406400, "elapsed_s": 1798.6, "coordination_ring_sparse20": 125.0, "coordination_ring_potter0_20": 0.0, "bottleneck_sparse20": 0.0, "bottleneck_potter0_20": 0.4}
[pair_E] {"steps": 2408448, "elapsed_s": 1799.9, "coordination_ring_sparse20": 125.0, "coordination_ring_potter0_20": 0.0, "bottleneck_sparse20": 0.0, "bottleneck_potter0_20": 0.4}
[pair_E] {"steps": 2410496, "elapsed_s": 1801.2, "coordination_ring_sparse20": 127.0, "coordination_ring_potter0_20": 0.0, "bottleneck_sparse20": 0.0, "bottleneck_potter0_20": 0.45}
[pair_E] {"steps": 2412544, "elapsed_s": 1802.6, "coordination_ring_sparse20": 124.0, "coordination_ring_potter0_20": 0.0, "bottleneck_sparse20": 0.0, "bottleneck_potter0_20": 0.45}
[pair_E] {"steps": 2414592, "elapsed_s": 1804.0, "coordination_ring_sparse20": 125.0, "coordination_ring_potter0_20": 0.0, "bottleneck_sparse20": 0.0, "bottleneck_potter0_20": 0.5}
[pair_E] {"steps": 2416640, "elapsed_s": 1805.4, "coordination_ring_sparse20": 124.0, "coordination_ring_potter0_20": 0.0, "bottleneck_sparse20": 0.0, "bottleneck_potter0_20": 0.45}
[pair_E] {"steps": 2418688, "elapsed_s": 1806.7, "coordination_ring_sparse20": 123.0, "coordination_ring_potter0_20": 0.0, "bottleneck_sparse20": 0.0, "bottleneck_potter0_20": 0.45}
[pair_E] {"steps": 2420736, "elapsed_s": 1808.0, "coordination_ring_sparse20": 118.0, "coordination_ring_potter0_20": 0.0, "bottleneck_sparse20": 0.0, "bottleneck_potter0_20": 0.45}
[pair_E] {"steps": 2422784, "elapsed_s": 1809.4, "coordination_ring_sparse20": 117.0, "coordination_ring_potter0_20": 0.0, "bottleneck_sparse20": 0.0, "bottleneck_potter0_20": 0.4}
[pair_E] {"steps": 2424832, "elapsed_s": 1810.9, "coordination_ring_sparse20": 114.0, "coordination_ring_potter0_20": 0.0, "bottleneck_sparse20": 0.0, "bottleneck_potter0_20": 0.4}
[pair_E] {"steps": 2426880, "elapsed_s": 1812.1, "coordination_ring_sparse20": 115.0, "coordination_ring_potter0_20": 0.0, "bottleneck_sparse20": 0.0, "bottleneck_potter0_20": 0.45}
[pair_E] {"steps": 2428928, "elapsed_s": 1813.5, "coordination_ring_sparse20": 113.0, "coordination_ring_potter0_20": 0.0, "bottleneck_sparse20": 0.0, "bottleneck_potter0_20": 0.5}
[pair_E] {"steps": 2430976, "elapsed_s": 1814.8, "coordination_ring_sparse20": 113.0, "coordination_ring_potter0_20": 0.0, "bottleneck_sparse20": 0.0, "bottleneck_potter0_20": 0.5}
[pair_E] {"steps": 2433024, "elapsed_s": 1816.2, "coordination_ring_sparse20": 114.0, "coordination_ring_potter0_20": 0.0, "bottleneck_sparse20": 0.0, "bottleneck_potter0_20": 0.45}
[pair_E] {"steps": 2435072, "elapsed_s": 1817.5, "coordination_ring_sparse20": 115.0, "coordination_ring_potter0_20": 0.0, "bottleneck_sparse20": 0.0, "bottleneck_potter0_20": 0.45}
[pair_E] {"steps": 2437120, "elapsed_s": 1818.8, "coordination_ring_sparse20": 120.0, "coordination_ring_potter0_20": 0.0, "bottleneck_sparse20": 0.0, "bottleneck_potter0_20": 0.45}
[pair_E] {"steps": 2439168, "elapsed_s": 1820.1, "coordination_ring_sparse20": 121.0, "coordination_ring_potter0_20": 0.0, "bottleneck_sparse20": 0.0, "bottleneck_potter0_20": 0.45}
[pair_E] {"steps": 2441216, "elapsed_s": 1821.6, "coordination_ring_sparse20": 121.0, "coordination_ring_potter0_20": 0.0, "bottleneck_sparse20": 0.0, "bottleneck_potter0_20": 0.5}
[pair_E] {"steps": 2443264, "elapsed_s": 1823.0, "coordination_ring_sparse20": 121.0, "coordination_ring_potter0_20": 0.0, "bottleneck_sparse20": 0.0, "bottleneck_potter0_20": 0.5}
[pair_E] {"steps": 2445312, "elapsed_s": 1824.3, "coordination_ring_sparse20": 121.0, "coordination_ring_potter0_20": 0.0, "bottleneck_sparse20": 0.0, "bottleneck_potter0_20": 0.5}
[pair_E] {"steps": 2447360, "elapsed_s": 1825.6, "coordination_ring_sparse20": 122.0, "coordination_ring_potter0_20": 0.0, "bottleneck_sparse20": 0.0, "bottleneck_potter0_20": 0.5}
[pair_E] {"steps": 2449408, "elapsed_s": 1827.0, "coordination_ring_sparse20": 122.0, "coordination_ring_potter0_20": 0.05, "bottleneck_sparse20": 0.0, "bottleneck_potter0_20": 0.55}
[pair_E] {"steps": 2451456, "elapsed_s": 1828.4, "coordination_ring_sparse20": 120.0, "coordination_ring_potter0_20": 0.05, "bottleneck_sparse20": 0.0, "bottleneck_potter0_20": 0.55}
[pair_E] {"steps": 2453504, "elapsed_s": 1829.9, "coordination_ring_sparse20": 118.0, "coordination_ring_potter0_20": 0.05, "bottleneck_sparse20": 0.0, "bottleneck_potter0_20": 0.55}
[pair_E] {"steps": 2455552, "elapsed_s": 1831.3, "coordination_ring_sparse20": 117.0, "coordination_ring_potter0_20": 0.05, "bottleneck_sparse20": 0.0, "bottleneck_potter0_20": 0.55}
[pair_E] {"steps": 2457600, "elapsed_s": 1832.6, "coordination_ring_sparse20": 117.0, "coordination_ring_potter0_20": 0.1, "bottleneck_sparse20": 0.0, "bottleneck_potter0_20": 0.55}
[pair_E] {"steps": 2459648, "elapsed_s": 1834.0, "coordination_ring_sparse20": 121.0, "coordination_ring_potter0_20": 0.1, "bottleneck_sparse20": 0.0, "bottleneck_potter0_20": 0.55}
[pair_E] {"steps": 2461696, "elapsed_s": 1835.3, "coordination_ring_sparse20": 117.0, "coordination_ring_potter0_20": 0.1, "bottleneck_sparse20": 0.0, "bottleneck_potter0_20": 0.6}
[pair_E] {"steps": 2463744, "elapsed_s": 1836.6, "coordination_ring_sparse20": 118.0, "coordination_ring_potter0_20": 0.05, "bottleneck_sparse20": 0.0, "bottleneck_potter0_20": 0.6}
[pair_E] {"steps": 2465792, "elapsed_s": 1838.0, "coordination_ring_sparse20": 119.0, "coordination_ring_potter0_20": 0.05, "bottleneck_sparse20": 0.0, "bottleneck_potter0_20": 0.6}
[pair_E] {"steps": 2467840, "elapsed_s": 1839.3, "coordination_ring_sparse20": 119.0, "coordination_ring_potter0_20": 0.05, "bottleneck_sparse20": 0.0, "bottleneck_potter0_20": 0.65}
[pair_E] {"steps": 2469888, "elapsed_s": 1840.6, "coordination_ring_sparse20": 122.0, "coordination_ring_potter0_20": 0.05, "bottleneck_sparse20": 0.0, "bottleneck_potter0_20": 0.65}
[pair_E] {"steps": 2471936, "elapsed_s": 1841.8, "coordination_ring_sparse20": 119.0, "coordination_ring_potter0_20": 0.0, "bottleneck_sparse20": 0.0, "bottleneck_potter0_20": 0.65}
[pair_E] {"steps": 2473984, "elapsed_s": 1843.2, "coordination_ring_sparse20": 117.0, "coordination_ring_potter0_20": 0.0, "bottleneck_sparse20": 0.0, "bottleneck_potter0_20": 0.6}
[pair_E] {"steps": 2476032, "elapsed_s": 1844.5, "coordination_ring_sparse20": 113.0, "coordination_ring_potter0_20": 0.0, "bottleneck_sparse20": 0.0, "bottleneck_potter0_20": 0.6}
[pair_E] {"steps": 2478080, "elapsed_s": 1845.8, "coordination_ring_sparse20": 113.0, "coordination_ring_potter0_20": 0.0, "bottleneck_sparse20": 0.0, "bottleneck_potter0_20": 0.6}
[pair_E] {"steps": 2480128, "elapsed_s": 1847.2, "coordination_ring_sparse20": 112.0, "coordination_ring_potter0_20": 0.0, "bottleneck_sparse20": 0.0, "bottleneck_potter0_20": 0.6}
[pair_E] {"steps": 2482176, "elapsed_s": 1848.4, "coordination_ring_sparse20": 109.0, "coordination_ring_potter0_20": 0.0, "bottleneck_sparse20": 0.0, "bottleneck_potter0_20": 0.6}
[pair_E] {"steps": 2484224, "elapsed_s": 1849.8, "coordination_ring_sparse20": 113.0, "coordination_ring_potter0_20": 0.0, "bottleneck_sparse20": 0.0, "bottleneck_potter0_20": 0.65}
[pair_E] {"steps": 2486272, "elapsed_s": 1851.1, "coordination_ring_sparse20": 110.0, "coordination_ring_potter0_20": 0.0, "bottleneck_sparse20": 0.0, "bottleneck_potter0_20": 0.65}
[pair_E] {"steps": 2488320, "elapsed_s": 1852.5, "coordination_ring_sparse20": 113.0, "coordination_ring_potter0_20": 0.0, "bottleneck_sparse20": 0.0, "bottleneck_potter0_20": 0.65}
[pair_E] {"steps": 2490368, "elapsed_s": 1853.8, "coordination_ring_sparse20": 116.0, "coordination_ring_potter0_20": 0.0, "bottleneck_sparse20": 0.0, "bottleneck_potter0_20": 0.65}
[pair_E] {"steps": 2492416, "elapsed_s": 1855.1, "coordination_ring_sparse20": 118.0, "coordination_ring_potter0_20": 0.0, "bottleneck_sparse20": 0.0, "bottleneck_potter0_20": 0.6}
[pair_E] {"steps": 2494464, "elapsed_s": 1856.5, "coordination_ring_sparse20": 116.0, "coordination_ring_potter0_20": 0.0, "bottleneck_sparse20": 0.0, "bottleneck_potter0_20": 0.55}
[pair_E] {"steps": 2496512, "elapsed_s": 1857.9, "coordination_ring_sparse20": 114.0, "coordination_ring_potter0_20": 0.0, "bottleneck_sparse20": 0.0, "bottleneck_potter0_20": 0.55}
[pair_E] {"steps": 2498560, "elapsed_s": 1859.2, "coordination_ring_sparse20": 114.0, "coordination_ring_potter0_20": 0.0, "bottleneck_sparse20": 0.0, "bottleneck_potter0_20": 0.55}
[pair_E] {"steps": 2500608, "elapsed_s": 1860.6, "coordination_ring_sparse20": 114.0, "coordination_ring_potter0_20": 0.0, "bottleneck_sparse20": 0.0, "bottleneck_potter0_20": 0.55}
[pair_E] {"steps": 2502656, "elapsed_s": 1861.9, "coordination_ring_sparse20": 111.0, "coordination_ring_potter0_20": 0.0, "bottleneck_sparse20": 0.0, "bottleneck_potter0_20": 0.55}
[pair_E] {"steps": 2504704, "elapsed_s": 1863.3, "coordination_ring_sparse20": 111.0, "coordination_ring_potter0_20": 0.0, "bottleneck_sparse20": 0.0, "bottleneck_potter0_20": 0.55}
[pair_E] {"steps": 2506752, "elapsed_s": 1864.8, "coordination_ring_sparse20": 114.0, "coordination_ring_potter0_20": 0.0, "bottleneck_sparse20": 0.0, "bottleneck_potter0_20": 0.5}
[pair_E] {"steps": 2508800, "elapsed_s": 1866.2, "coordination_ring_sparse20": 113.0, "coordination_ring_potter0_20": 0.0, "bottleneck_sparse20": 0.0, "bottleneck_potter0_20": 0.45}
[pair_E] {"steps": 2510848, "elapsed_s": 1867.7, "coordination_ring_sparse20": 115.0, "coordination_ring_potter0_20": 0.0, "bottleneck_sparse20": 0.0, "bottleneck_potter0_20": 0.45}
[pair_E] {"steps": 2512896, "elapsed_s": 1869.1, "coordination_ring_sparse20": 115.0, "coordination_ring_potter0_20": 0.0, "bottleneck_sparse20": 0.0, "bottleneck_potter0_20": 0.4}
[pair_E] {"steps": 2514944, "elapsed_s": 1870.4, "coordination_ring_sparse20": 117.0, "coordination_ring_potter0_20": 0.0, "bottleneck_sparse20": 0.0, "bottleneck_potter0_20": 0.4}
[pair_E] {"steps": 2516992, "elapsed_s": 1871.9, "coordination_ring_sparse20": 117.0, "coordination_ring_potter0_20": 0.0, "bottleneck_sparse20": 0.0, "bottleneck_potter0_20": 0.35}
[pair_E] {"steps": 2519040, "elapsed_s": 1873.2, "coordination_ring_sparse20": 116.0, "coordination_ring_potter0_20": 0.0, "bottleneck_sparse20": 0.0, "bottleneck_potter0_20": 0.35}
[pair_E] {"steps": 2521088, "elapsed_s": 1874.6, "coordination_ring_sparse20": 116.0, "coordination_ring_potter0_20": 0.0, "bottleneck_sparse20": 0.0, "bottleneck_potter0_20": 0.3}
[pair_E] {"steps": 2523136, "elapsed_s": 1875.9, "coordination_ring_sparse20": 117.0, "coordination_ring_potter0_20": 0.0, "bottleneck_sparse20": 0.0, "bottleneck_potter0_20": 0.3}
[pair_E] {"steps": 2525184, "elapsed_s": 1877.2, "coordination_ring_sparse20": 121.0, "coordination_ring_potter0_20": 0.0, "bottleneck_sparse20": 0.0, "bottleneck_potter0_20": 0.3}
[pair_E] {"steps": 2527232, "elapsed_s": 1878.5, "coordination_ring_sparse20": 124.0, "coordination_ring_potter0_20": 0.0, "bottleneck_sparse20": 0.0, "bottleneck_potter0_20": 0.3}
[pair_E] {"steps": 2529280, "elapsed_s": 1879.8, "coordination_ring_sparse20": 122.0, "coordination_ring_potter0_20": 0.0, "bottleneck_sparse20": 0.0, "bottleneck_potter0_20": 0.3}
[pair_E] {"steps": 2531328, "elapsed_s": 1881.1, "coordination_ring_sparse20": 122.0, "coordination_ring_potter0_20": 0.0, "bottleneck_sparse20": 0.0, "bottleneck_potter0_20": 0.3}
[pair_E] {"steps": 2533376, "elapsed_s": 1882.4, "coordination_ring_sparse20": 122.0, "coordination_ring_potter0_20": 0.05, "bottleneck_sparse20": 0.0, "bottleneck_potter0_20": 0.35}
[pair_E] {"steps": 2535424, "elapsed_s": 1883.7, "coordination_ring_sparse20": 122.0, "coordination_ring_potter0_20": 0.05, "bottleneck_sparse20": 0.0, "bottleneck_potter0_20": 0.35}
[pair_E] {"steps": 2537472, "elapsed_s": 1885.1, "coordination_ring_sparse20": 128.0, "coordination_ring_potter0_20": 0.05, "bottleneck_sparse20": 0.0, "bottleneck_potter0_20": 0.35}
[pair_E] {"steps": 2539520, "elapsed_s": 1886.5, "coordination_ring_sparse20": 126.0, "coordination_ring_potter0_20": 0.1, "bottleneck_sparse20": 0.0, "bottleneck_potter0_20": 0.35}
[pair_E] {"steps": 2541568, "elapsed_s": 1887.9, "coordination_ring_sparse20": 119.0, "coordination_ring_potter0_20": 0.1, "bottleneck_sparse20": 0.0, "bottleneck_potter0_20": 0.35}
[pair_E] {"steps": 2543616, "elapsed_s": 1889.2, "coordination_ring_sparse20": 110.0, "coordination_ring_potter0_20": 0.1, "bottleneck_sparse20": 0.0, "bottleneck_potter0_20": 0.35}
[pair_E] {"steps": 2545664, "elapsed_s": 1890.6, "coordination_ring_sparse20": 110.0, "coordination_ring_potter0_20": 0.1, "bottleneck_sparse20": 0.0, "bottleneck_potter0_20": 0.35}
[pair_E] {"steps": 2547712, "elapsed_s": 1892.0, "coordination_ring_sparse20": 109.0, "coordination_ring_potter0_20": 0.05, "bottleneck_sparse20": 0.0, "bottleneck_potter0_20": 0.4}
[pair_E] {"steps": 2549760, "elapsed_s": 1893.3, "coordination_ring_sparse20": 108.0, "coordination_ring_potter0_20": 0.05, "bottleneck_sparse20": 0.0, "bottleneck_potter0_20": 0.4}
[pair_E] {"steps": 2551808, "elapsed_s": 1894.7, "coordination_ring_sparse20": 104.0, "coordination_ring_potter0_20": 0.05, "bottleneck_sparse20": 0.0, "bottleneck_potter0_20": 0.4}
[pair_E] {"steps": 2553856, "elapsed_s": 1895.9, "coordination_ring_sparse20": 100.0, "coordination_ring_potter0_20": 0.05, "bottleneck_sparse20": 0.0, "bottleneck_potter0_20": 0.45}
[pair_E] {"steps": 2555904, "elapsed_s": 1897.2, "coordination_ring_sparse20": 101.0, "coordination_ring_potter0_20": 0.1, "bottleneck_sparse20": 0.0, "bottleneck_potter0_20": 0.5}
[pair_E] {"steps": 2557952, "elapsed_s": 1898.6, "coordination_ring_sparse20": 100.0, "coordination_ring_potter0_20": 0.1, "bottleneck_sparse20": 0.0, "bottleneck_potter0_20": 0.55}
[pair_E] {"steps": 2560000, "elapsed_s": 1900.0, "coordination_ring_sparse20": 114.0, "coordination_ring_potter0_20": 0.1, "bottleneck_sparse20": 0.0, "bottleneck_potter0_20": 0.55}
[pair_E] {"steps": 2562048, "elapsed_s": 1901.4, "coordination_ring_sparse20": 119.0, "coordination_ring_potter0_20": 0.1, "bottleneck_sparse20": 0.0, "bottleneck_potter0_20": 0.5}
[pair_E] {"steps": 2564096, "elapsed_s": 1902.8, "coordination_ring_sparse20": 124.0, "coordination_ring_potter0_20": 0.1, "bottleneck_sparse20": 0.0, "bottleneck_potter0_20": 0.55}
[pair_E] {"steps": 2566144, "elapsed_s": 1904.3, "coordination_ring_sparse20": 129.0, "coordination_ring_potter0_20": 0.2, "bottleneck_sparse20": 0.0, "bottleneck_potter0_20": 0.55}
[pair_E] {"steps": 2568192, "elapsed_s": 1905.7, "coordination_ring_sparse20": 127.0, "coordination_ring_potter0_20": 0.1, "bottleneck_sparse20": 0.0, "bottleneck_potter0_20": 0.55}
[pair_E] {"steps": 2570240, "elapsed_s": 1907.0, "coordination_ring_sparse20": 128.0, "coordination_ring_potter0_20": 0.1, "bottleneck_sparse20": 0.0, "bottleneck_potter0_20": 0.55}
[pair_E] {"steps": 2572288, "elapsed_s": 1908.3, "coordination_ring_sparse20": 125.0, "coordination_ring_potter0_20": 0.1, "bottleneck_sparse20": 0.0, "bottleneck_potter0_20": 0.55}
[pair_E] {"steps": 2574336, "elapsed_s": 1909.7, "coordination_ring_sparse20": 125.0, "coordination_ring_potter0_20": 0.1, "bottleneck_sparse20": 0.0, "bottleneck_potter0_20": 0.55}
[pair_E] {"steps": 2576384, "elapsed_s": 1911.0, "coordination_ring_sparse20": 123.0, "coordination_ring_potter0_20": 0.1, "bottleneck_sparse20": 0.0, "bottleneck_potter0_20": 0.5}
[pair_E] {"steps": 2578432, "elapsed_s": 1912.4, "coordination_ring_sparse20": 119.0, "coordination_ring_potter0_20": 0.0, "bottleneck_sparse20": 0.0, "bottleneck_potter0_20": 0.5}
[pair_E] {"steps": 2580480, "elapsed_s": 1913.7, "coordination_ring_sparse20": 120.0, "coordination_ring_potter0_20": 0.0, "bottleneck_sparse20": 0.0, "bottleneck_potter0_20": 0.55}
[pair_E] {"steps": 2582528, "elapsed_s": 1915.1, "coordination_ring_sparse20": 122.0, "coordination_ring_potter0_20": 0.0, "bottleneck_sparse20": 0.0, "bottleneck_potter0_20": 0.55}
[pair_E] {"steps": 2584576, "elapsed_s": 1916.4, "coordination_ring_sparse20": 121.0, "coordination_ring_potter0_20": 0.0, "bottleneck_sparse20": 0.0, "bottleneck_potter0_20": 0.55}
[pair_E] {"steps": 2586624, "elapsed_s": 1917.7, "coordination_ring_sparse20": 125.0, "coordination_ring_potter0_20": 0.0, "bottleneck_sparse20": 0.0, "bottleneck_potter0_20": 0.55}
[pair_E] {"steps": 2588672, "elapsed_s": 1919.0, "coordination_ring_sparse20": 124.0, "coordination_ring_potter0_20": 0.0, "bottleneck_sparse20": 0.0, "bottleneck_potter0_20": 0.55}
[pair_E] {"steps": 2590720, "elapsed_s": 1920.4, "coordination_ring_sparse20": 123.0, "coordination_ring_potter0_20": 0.0, "bottleneck_sparse20": 0.0, "bottleneck_potter0_20": 0.5}
[pair_E] {"steps": 2592768, "elapsed_s": 1921.8, "coordination_ring_sparse20": 121.0, "coordination_ring_potter0_20": 0.0, "bottleneck_sparse20": 0.0, "bottleneck_potter0_20": 0.5}
[pair_E] {"steps": 2594816, "elapsed_s": 1923.1, "coordination_ring_sparse20": 120.0, "coordination_ring_potter0_20": 0.0, "bottleneck_sparse20": 0.0, "bottleneck_potter0_20": 0.5}
[pair_E] {"steps": 2596864, "elapsed_s": 1924.5, "coordination_ring_sparse20": 119.0, "coordination_ring_potter0_20": 0.0, "bottleneck_sparse20": 0.0, "bottleneck_potter0_20": 0.55}
[pair_E] {"steps": 2598912, "elapsed_s": 1925.8, "coordination_ring_sparse20": 120.0, "coordination_ring_potter0_20": 0.0, "bottleneck_sparse20": 0.0, "bottleneck_potter0_20": 0.55}
[pair_E] {"steps": 2600960, "elapsed_s": 1927.2, "coordination_ring_sparse20": 119.0, "coordination_ring_potter0_20": 0.0, "bottleneck_sparse20": 0.0, "bottleneck_potter0_20": 0.5}
[pair_E] {"steps": 2603008, "elapsed_s": 1928.5, "coordination_ring_sparse20": 118.0, "coordination_ring_potter0_20": 0.0, "bottleneck_sparse20": 0.0, "bottleneck_potter0_20": 0.5}
[pair_E] {"steps": 2605056, "elapsed_s": 1929.9, "coordination_ring_sparse20": 116.0, "coordination_ring_potter0_20": 0.0, "bottleneck_sparse20": 0.0, "bottleneck_potter0_20": 0.5}
[pair_E] {"steps": 2607104, "elapsed_s": 1931.2, "coordination_ring_sparse20": 111.0, "coordination_ring_potter0_20": 0.0, "bottleneck_sparse20": 0.0, "bottleneck_potter0_20": 0.5}
[pair_E] {"steps": 2609152, "elapsed_s": 1932.5, "coordination_ring_sparse20": 110.0, "coordination_ring_potter0_20": 0.0, "bottleneck_sparse20": 0.0, "bottleneck_potter0_20": 0.5}
[pair_E] {"steps": 2611200, "elapsed_s": 1933.8, "coordination_ring_sparse20": 108.0, "coordination_ring_potter0_20": 0.0, "bottleneck_sparse20": 0.0, "bottleneck_potter0_20": 0.45}
[pair_E] {"steps": 2613248, "elapsed_s": 1935.3, "coordination_ring_sparse20": 106.0, "coordination_ring_potter0_20": 0.0, "bottleneck_sparse20": 0.0, "bottleneck_potter0_20": 0.45}
[pair_E] {"steps": 2615296, "elapsed_s": 1936.6, "coordination_ring_sparse20": 107.0, "coordination_ring_potter0_20": 0.0, "bottleneck_sparse20": 0.0, "bottleneck_potter0_20": 0.45}
[pair_E] {"steps": 2617344, "elapsed_s": 1938.0, "coordination_ring_sparse20": 109.0, "coordination_ring_potter0_20": 0.0, "bottleneck_sparse20": 0.0, "bottleneck_potter0_20": 0.45}
[pair_E] {"steps": 2619392, "elapsed_s": 1939.3, "coordination_ring_sparse20": 110.0, "coordination_ring_potter0_20": 0.0, "bottleneck_sparse20": 0.0, "bottleneck_potter0_20": 0.4}
[pair_E] {"steps": 2621440, "elapsed_s": 1940.6, "coordination_ring_sparse20": 115.0, "coordination_ring_potter0_20": 0.0, "bottleneck_sparse20": 0.0, "bottleneck_potter0_20": 0.35}
[pair_E] {"steps": 2623488, "elapsed_s": 1941.9, "coordination_ring_sparse20": 115.0, "coordination_ring_potter0_20": 0.0, "bottleneck_sparse20": 0.0, "bottleneck_potter0_20": 0.3}
[pair_E] {"steps": 2625536, "elapsed_s": 1943.3, "coordination_ring_sparse20": 116.0, "coordination_ring_potter0_20": 0.0, "bottleneck_sparse20": 0.0, "bottleneck_potter0_20": 0.3}
[pair_E] {"steps": 2627584, "elapsed_s": 1944.6, "coordination_ring_sparse20": 116.0, "coordination_ring_potter0_20": 0.0, "bottleneck_sparse20": 0.0, "bottleneck_potter0_20": 0.3}
[pair_E] {"steps": 2629632, "elapsed_s": 1946.0, "coordination_ring_sparse20": 120.0, "coordination_ring_potter0_20": 0.0, "bottleneck_sparse20": 0.0, "bottleneck_potter0_20": 0.3}
[pair_E] {"steps": 2631680, "elapsed_s": 1947.3, "coordination_ring_sparse20": 120.0, "coordination_ring_potter0_20": 0.0, "bottleneck_sparse20": 0.0, "bottleneck_potter0_20": 0.3}
[pair_E] {"steps": 2633728, "elapsed_s": 1948.6, "coordination_ring_sparse20": 120.0, "coordination_ring_potter0_20": 0.0, "bottleneck_sparse20": 0.0, "bottleneck_potter0_20": 0.3}
[pair_E] {"steps": 2635776, "elapsed_s": 1950.0, "coordination_ring_sparse20": 119.0, "coordination_ring_potter0_20": 0.0, "bottleneck_sparse20": 0.0, "bottleneck_potter0_20": 0.3}
[pair_E] {"steps": 2637824, "elapsed_s": 1951.4, "coordination_ring_sparse20": 118.0, "coordination_ring_potter0_20": 0.0, "bottleneck_sparse20": 0.0, "bottleneck_potter0_20": 0.3}
[pair_E] {"steps": 2639872, "elapsed_s": 1952.7, "coordination_ring_sparse20": 118.0, "coordination_ring_potter0_20": 0.0, "bottleneck_sparse20": 0.0, "bottleneck_potter0_20": 0.3}
[pair_E] {"steps": 2641920, "elapsed_s": 1954.0, "coordination_ring_sparse20": 118.0, "coordination_ring_potter0_20": 0.0, "bottleneck_sparse20": 0.0, "bottleneck_potter0_20": 0.3}
[pair_E] {"steps": 2643968, "elapsed_s": 1955.4, "coordination_ring_sparse20": 116.0, "coordination_ring_potter0_20": 0.05, "bottleneck_sparse20": 0.0, "bottleneck_potter0_20": 0.3}
[pair_E] {"steps": 2646016, "elapsed_s": 1956.7, "coordination_ring_sparse20": 113.0, "coordination_ring_potter0_20": 0.05, "bottleneck_sparse20": 0.0, "bottleneck_potter0_20": 0.3}
[pair_E] {"steps": 2648064, "elapsed_s": 1958.1, "coordination_ring_sparse20": 113.0, "coordination_ring_potter0_20": 0.1, "bottleneck_sparse20": 0.0, "bottleneck_potter0_20": 0.4}
[pair_E] {"steps": 2650112, "elapsed_s": 1959.5, "coordination_ring_sparse20": 112.0, "coordination_ring_potter0_20": 0.1, "bottleneck_sparse20": 0.0, "bottleneck_potter0_20": 0.4}
[pair_E] {"steps": 2652160, "elapsed_s": 1960.8, "coordination_ring_sparse20": 111.0, "coordination_ring_potter0_20": 0.1, "bottleneck_sparse20": 0.0, "bottleneck_potter0_20": 0.45}
[pair_E] {"steps": 2654208, "elapsed_s": 1962.1, "coordination_ring_sparse20": 110.0, "coordination_ring_potter0_20": 0.1, "bottleneck_sparse20": 0.0, "bottleneck_potter0_20": 0.5}
[pair_E] {"steps": 2656256, "elapsed_s": 1963.4, "coordination_ring_sparse20": 110.0, "coordination_ring_potter0_20": 0.1, "bottleneck_sparse20": 0.0, "bottleneck_potter0_20": 0.5}
[pair_E] {"steps": 2658304, "elapsed_s": 1964.9, "coordination_ring_sparse20": 111.0, "coordination_ring_potter0_20": 0.1, "bottleneck_sparse20": 0.0, "bottleneck_potter0_20": 0.55}
[pair_E] {"steps": 2660352, "elapsed_s": 1966.2, "coordination_ring_sparse20": 111.0, "coordination_ring_potter0_20": 0.05, "bottleneck_sparse20": 0.0, "bottleneck_potter0_20": 0.6}
[pair_E] {"steps": 2662400, "elapsed_s": 1967.6, "coordination_ring_sparse20": 111.0, "coordination_ring_potter0_20": 0.05, "bottleneck_sparse20": 0.0, "bottleneck_potter0_20": 0.6}
[pair_E] {"steps": 2664448, "elapsed_s": 1968.9, "coordination_ring_sparse20": 116.0, "coordination_ring_potter0_20": 0.05, "bottleneck_sparse20": 0.0, "bottleneck_potter0_20": 0.55}
[pair_E] {"steps": 2666496, "elapsed_s": 1970.6, "coordination_ring_sparse20": 114.0, "coordination_ring_potter0_20": 0.05, "bottleneck_sparse20": 0.0, "bottleneck_potter0_20": 0.55}
[pair_E] {"steps": 2668544, "elapsed_s": 1971.9, "coordination_ring_sparse20": 114.0, "coordination_ring_potter0_20": 0.05, "bottleneck_sparse20": 0.0, "bottleneck_potter0_20": 0.5}
[pair_E] {"steps": 2670592, "elapsed_s": 1973.2, "coordination_ring_sparse20": 114.0, "coordination_ring_potter0_20": 0.0, "bottleneck_sparse20": 0.0, "bottleneck_potter0_20": 0.45}
[pair_E] {"steps": 2672640, "elapsed_s": 1974.5, "coordination_ring_sparse20": 113.0, "coordination_ring_potter0_20": 0.0, "bottleneck_sparse20": 0.0, "bottleneck_potter0_20": 0.45}
[pair_E] {"steps": 2674688, "elapsed_s": 1975.8, "coordination_ring_sparse20": 110.0, "coordination_ring_potter0_20": 0.0, "bottleneck_sparse20": 0.0, "bottleneck_potter0_20": 0.5}
[pair_E] {"steps": 2676736, "elapsed_s": 1977.2, "coordination_ring_sparse20": 107.0, "coordination_ring_potter0_20": 0.05, "bottleneck_sparse20": 0.0, "bottleneck_potter0_20": 0.5}
[pair_E] {"steps": 2678784, "elapsed_s": 1978.5, "coordination_ring_sparse20": 103.0, "coordination_ring_potter0_20": 0.05, "bottleneck_sparse20": 0.0, "bottleneck_potter0_20": 0.5}
[pair_E] {"steps": 2680832, "elapsed_s": 1979.8, "coordination_ring_sparse20": 102.0, "coordination_ring_potter0_20": 0.05, "bottleneck_sparse20": 0.0, "bottleneck_potter0_20": 0.5}
[pair_E] {"steps": 2682880, "elapsed_s": 1981.2, "coordination_ring_sparse20": 98.0, "coordination_ring_potter0_20": 0.05, "bottleneck_sparse20": 0.0, "bottleneck_potter0_20": 0.45}
[pair_E] {"steps": 2684928, "elapsed_s": 1982.4, "coordination_ring_sparse20": 91.0, "coordination_ring_potter0_20": 0.05, "bottleneck_sparse20": 0.0, "bottleneck_potter0_20": 0.5}
[pair_E] {"steps": 2686976, "elapsed_s": 1983.8, "coordination_ring_sparse20": 85.0, "coordination_ring_potter0_20": 0.05, "bottleneck_sparse20": 0.0, "bottleneck_potter0_20": 0.5}
[pair_E] {"steps": 2689024, "elapsed_s": 1985.1, "coordination_ring_sparse20": 79.0, "coordination_ring_potter0_20": 0.15, "bottleneck_sparse20": 0.0, "bottleneck_potter0_20": 0.5}
[pair_E] {"steps": 2691072, "elapsed_s": 1986.4, "coordination_ring_sparse20": 72.0, "coordination_ring_potter0_20": 0.15, "bottleneck_sparse20": 0.0, "bottleneck_potter0_20": 0.5}
[pair_E] {"steps": 2693120, "elapsed_s": 1987.7, "coordination_ring_sparse20": 75.0, "coordination_ring_potter0_20": 0.15, "bottleneck_sparse20": 0.0, "bottleneck_potter0_20": 0.55}
[pair_E] {"steps": 2695168, "elapsed_s": 1989.0, "coordination_ring_sparse20": 74.0, "coordination_ring_potter0_20": 0.1, "bottleneck_sparse20": 0.0, "bottleneck_potter0_20": 0.55}
[pair_E] {"steps": 2697216, "elapsed_s": 1990.4, "coordination_ring_sparse20": 74.0, "coordination_ring_potter0_20": 0.1, "bottleneck_sparse20": 0.0, "bottleneck_potter0_20": 0.55}
[pair_E] {"steps": 2699264, "elapsed_s": 1991.7, "coordination_ring_sparse20": 76.0, "coordination_ring_potter0_20": 0.1, "bottleneck_sparse20": 0.0, "bottleneck_potter0_20": 0.6}
[pair_E] {"steps": 2701312, "elapsed_s": 1993.0, "coordination_ring_sparse20": 82.0, "coordination_ring_potter0_20": 0.1, "bottleneck_sparse20": 0.0, "bottleneck_potter0_20": 0.6}
[pair_E] {"steps": 2703360, "elapsed_s": 1994.4, "coordination_ring_sparse20": 86.0, "coordination_ring_potter0_20": 0.1, "bottleneck_sparse20": 0.0, "bottleneck_potter0_20": 0.65}
[pair_E] {"steps": 2705408, "elapsed_s": 1995.9, "coordination_ring_sparse20": 89.0, "coordination_ring_potter0_20": 0.05, "bottleneck_sparse20": 0.0, "bottleneck_potter0_20": 0.6}
[pair_E] {"steps": 2707456, "elapsed_s": 1997.3, "coordination_ring_sparse20": 87.0, "coordination_ring_potter0_20": 0.0, "bottleneck_sparse20": 0.0, "bottleneck_potter0_20": 0.6}
[pair_E] {"steps": 2709504, "elapsed_s": 1998.8, "coordination_ring_sparse20": 88.0, "coordination_ring_potter0_20": 0.05, "bottleneck_sparse20": 0.0, "bottleneck_potter0_20": 0.6}
[pair_E] {"steps": 2711552, "elapsed_s": 2000.2, "coordination_ring_sparse20": 88.0, "coordination_ring_potter0_20": 0.05, "bottleneck_sparse20": 0.0, "bottleneck_potter0_20": 0.55}
[pair_E] {"steps": 2713600, "elapsed_s": 2001.6, "coordination_ring_sparse20": 93.0, "coordination_ring_potter0_20": 0.05, "bottleneck_sparse20": 0.0, "bottleneck_potter0_20": 0.5}
[pair_E] {"steps": 2715648, "elapsed_s": 2002.9, "coordination_ring_sparse20": 91.0, "coordination_ring_potter0_20": 0.05, "bottleneck_sparse20": 0.0, "bottleneck_potter0_20": 0.55}
[pair_E] {"steps": 2717696, "elapsed_s": 2004.2, "coordination_ring_sparse20": 87.0, "coordination_ring_potter0_20": 0.05, "bottleneck_sparse20": 0.0, "bottleneck_potter0_20": 0.5}
[pair_E] {"steps": 2719744, "elapsed_s": 2005.8, "coordination_ring_sparse20": 83.0, "coordination_ring_potter0_20": 0.1, "bottleneck_sparse20": 0.0, "bottleneck_potter0_20": 0.55}
[pair_E] {"steps": 2721792, "elapsed_s": 2007.2, "coordination_ring_sparse20": 83.0, "coordination_ring_potter0_20": 0.1, "bottleneck_sparse20": 0.0, "bottleneck_potter0_20": 0.55}
[pair_E] {"steps": 2723840, "elapsed_s": 2008.6, "coordination_ring_sparse20": 81.0, "coordination_ring_potter0_20": 0.1, "bottleneck_sparse20": 0.0, "bottleneck_potter0_20": 0.5}
[pair_E] {"steps": 2725888, "elapsed_s": 2009.9, "coordination_ring_sparse20": 83.0, "coordination_ring_potter0_20": 0.15, "bottleneck_sparse20": 0.0, "bottleneck_potter0_20": 0.5}
[pair_E] {"steps": 2727936, "elapsed_s": 2011.3, "coordination_ring_sparse20": 88.0, "coordination_ring_potter0_20": 0.1, "bottleneck_sparse20": 0.0, "bottleneck_potter0_20": 0.5}
[pair_E] {"steps": 2729984, "elapsed_s": 2012.7, "coordination_ring_sparse20": 87.0, "coordination_ring_potter0_20": 0.1, "bottleneck_sparse20": 0.0, "bottleneck_potter0_20": 0.5}
[pair_E] {"steps": 2732032, "elapsed_s": 2014.1, "coordination_ring_sparse20": 87.0, "coordination_ring_potter0_20": 0.1, "bottleneck_sparse20": 0.0, "bottleneck_potter0_20": 0.45}
[pair_E] {"steps": 2734080, "elapsed_s": 2015.4, "coordination_ring_sparse20": 88.0, "coordination_ring_potter0_20": 0.1, "bottleneck_sparse20": 0.0, "bottleneck_potter0_20": 0.45}
[pair_E] {"steps": 2736128, "elapsed_s": 2016.8, "coordination_ring_sparse20": 92.0, "coordination_ring_potter0_20": 0.1, "bottleneck_sparse20": 0.0, "bottleneck_potter0_20": 0.45}
[pair_E] {"steps": 2738176, "elapsed_s": 2018.0, "coordination_ring_sparse20": 96.0, "coordination_ring_potter0_20": 0.1, "bottleneck_sparse20": 0.0, "bottleneck_potter0_20": 0.5}
[pair_E] {"steps": 2740224, "elapsed_s": 2019.3, "coordination_ring_sparse20": 103.0, "coordination_ring_potter0_20": 0.05, "bottleneck_sparse20": 0.0, "bottleneck_potter0_20": 0.5}
[pair_E] {"steps": 2742272, "elapsed_s": 2020.6, "coordination_ring_sparse20": 106.0, "coordination_ring_potter0_20": 0.05, "bottleneck_sparse20": 0.0, "bottleneck_potter0_20": 0.45}
[pair_E] {"steps": 2744320, "elapsed_s": 2022.0, "coordination_ring_sparse20": 107.0, "coordination_ring_potter0_20": 0.0, "bottleneck_sparse20": 0.0, "bottleneck_potter0_20": 0.45}
[pair_E] {"steps": 2746368, "elapsed_s": 2023.4, "coordination_ring_sparse20": 107.0, "coordination_ring_potter0_20": 0.0, "bottleneck_sparse20": 0.0, "bottleneck_potter0_20": 0.5}
[pair_E] {"steps": 2748416, "elapsed_s": 2024.8, "coordination_ring_sparse20": 111.0, "coordination_ring_potter0_20": 0.0, "bottleneck_sparse20": 0.0, "bottleneck_potter0_20": 0.5}
[pair_E] {"steps": 2750464, "elapsed_s": 2026.1, "coordination_ring_sparse20": 108.0, "coordination_ring_potter0_20": 0.0, "bottleneck_sparse20": 0.0, "bottleneck_potter0_20": 0.5}
[pair_E] {"steps": 2752512, "elapsed_s": 2027.5, "coordination_ring_sparse20": 105.0, "coordination_ring_potter0_20": 0.0, "bottleneck_sparse20": 0.0, "bottleneck_potter0_20": 0.5}
[pair_E] {"steps": 2754560, "elapsed_s": 2028.9, "coordination_ring_sparse20": 106.0, "coordination_ring_potter0_20": 0.0, "bottleneck_sparse20": 0.0, "bottleneck_potter0_20": 0.55}
[pair_E] {"steps": 2756608, "elapsed_s": 2030.2, "coordination_ring_sparse20": 110.0, "coordination_ring_potter0_20": 0.0, "bottleneck_sparse20": 0.0, "bottleneck_potter0_20": 0.55}
[pair_E] {"steps": 2758656, "elapsed_s": 2031.5, "coordination_ring_sparse20": 111.0, "coordination_ring_potter0_20": 0.0, "bottleneck_sparse20": 0.0, "bottleneck_potter0_20": 0.55}
[pair_E] {"steps": 2760704, "elapsed_s": 2032.8, "coordination_ring_sparse20": 115.0, "coordination_ring_potter0_20": 0.0, "bottleneck_sparse20": 0.0, "bottleneck_potter0_20": 0.55}
[pair_E] {"steps": 2762752, "elapsed_s": 2034.1, "coordination_ring_sparse20": 115.0, "coordination_ring_potter0_20": 0.0, "bottleneck_sparse20": 0.0, "bottleneck_potter0_20": 0.55}
[pair_E] {"steps": 2764800, "elapsed_s": 2035.4, "coordination_ring_sparse20": 116.0, "coordination_ring_potter0_20": 0.0, "bottleneck_sparse20": 0.0, "bottleneck_potter0_20": 0.5}
[pair_E] {"steps": 2766848, "elapsed_s": 2036.8, "coordination_ring_sparse20": 121.0, "coordination_ring_potter0_20": 0.0, "bottleneck_sparse20": 0.0, "bottleneck_potter0_20": 0.5}
[pair_E] {"steps": 2768896, "elapsed_s": 2038.2, "coordination_ring_sparse20": 121.0, "coordination_ring_potter0_20": 0.0, "bottleneck_sparse20": 0.0, "bottleneck_potter0_20": 0.5}
[pair_E] {"steps": 2770944, "elapsed_s": 2039.5, "coordination_ring_sparse20": 118.0, "coordination_ring_potter0_20": 0.0, "bottleneck_sparse20": 0.0, "bottleneck_potter0_20": 0.55}
[pair_E] {"steps": 2772992, "elapsed_s": 2041.0, "coordination_ring_sparse20": 117.0, "coordination_ring_potter0_20": 0.0, "bottleneck_sparse20": 0.0, "bottleneck_potter0_20": 0.55}
[pair_E] {"steps": 2775040, "elapsed_s": 2042.4, "coordination_ring_sparse20": 116.0, "coordination_ring_potter0_20": 0.0, "bottleneck_sparse20": 0.0, "bottleneck_potter0_20": 0.55}
[pair_E] {"steps": 2777088, "elapsed_s": 2043.8, "coordination_ring_sparse20": 115.0, "coordination_ring_potter0_20": 0.0, "bottleneck_sparse20": 0.0, "bottleneck_potter0_20": 0.55}
[pair_E] {"steps": 2779136, "elapsed_s": 2045.1, "coordination_ring_sparse20": 119.0, "coordination_ring_potter0_20": 0.0, "bottleneck_sparse20": 0.0, "bottleneck_potter0_20": 0.55}
[pair_E] {"steps": 2781184, "elapsed_s": 2046.4, "coordination_ring_sparse20": 118.0, "coordination_ring_potter0_20": 0.0, "bottleneck_sparse20": 0.0, "bottleneck_potter0_20": 0.45}
[pair_E] {"steps": 2783232, "elapsed_s": 2047.7, "coordination_ring_sparse20": 117.0, "coordination_ring_potter0_20": 0.0, "bottleneck_sparse20": 0.0, "bottleneck_potter0_20": 0.45}
[pair_E] {"steps": 2785280, "elapsed_s": 2049.1, "coordination_ring_sparse20": 118.0, "coordination_ring_potter0_20": 0.0, "bottleneck_sparse20": 0.0, "bottleneck_potter0_20": 0.45}
[pair_E] {"steps": 2787328, "elapsed_s": 2050.4, "coordination_ring_sparse20": 120.0, "coordination_ring_potter0_20": 0.0, "bottleneck_sparse20": 0.0, "bottleneck_potter0_20": 0.5}
[pair_E] {"steps": 2789376, "elapsed_s": 2051.8, "coordination_ring_sparse20": 121.0, "coordination_ring_potter0_20": 0.0, "bottleneck_sparse20": 0.0, "bottleneck_potter0_20": 0.5}
[pair_E] {"steps": 2791424, "elapsed_s": 2053.1, "coordination_ring_sparse20": 125.0, "coordination_ring_potter0_20": 0.0, "bottleneck_sparse20": 0.0, "bottleneck_potter0_20": 0.5}
[pair_E] {"steps": 2793472, "elapsed_s": 2054.4, "coordination_ring_sparse20": 124.0, "coordination_ring_potter0_20": 0.0, "bottleneck_sparse20": 0.0, "bottleneck_potter0_20": 0.55}
[pair_E] {"steps": 2795520, "elapsed_s": 2055.7, "coordination_ring_sparse20": 123.0, "coordination_ring_potter0_20": 0.0, "bottleneck_sparse20": 0.0, "bottleneck_potter0_20": 0.45}
[pair_E] {"steps": 2797568, "elapsed_s": 2057.1, "coordination_ring_sparse20": 123.0, "coordination_ring_potter0_20": 0.0, "bottleneck_sparse20": 0.0, "bottleneck_potter0_20": 0.45}
[pair_E] {"steps": 2799616, "elapsed_s": 2058.4, "coordination_ring_sparse20": 120.0, "coordination_ring_potter0_20": 0.0, "bottleneck_sparse20": 0.0, "bottleneck_potter0_20": 0.45}
[pair_E] {"steps": 2801664, "elapsed_s": 2059.8, "coordination_ring_sparse20": 123.0, "coordination_ring_potter0_20": 0.0, "bottleneck_sparse20": 0.0, "bottleneck_potter0_20": 0.45}
[pair_E] {"steps": 2803712, "elapsed_s": 2061.1, "coordination_ring_sparse20": 124.0, "coordination_ring_potter0_20": 0.0, "bottleneck_sparse20": 0.0, "bottleneck_potter0_20": 0.45}
[pair_E] {"steps": 2805760, "elapsed_s": 2062.4, "coordination_ring_sparse20": 120.0, "coordination_ring_potter0_20": 0.0, "bottleneck_sparse20": 0.0, "bottleneck_potter0_20": 0.55}
[pair_E] {"steps": 2807808, "elapsed_s": 2063.8, "coordination_ring_sparse20": 119.0, "coordination_ring_potter0_20": 0.0, "bottleneck_sparse20": 0.0, "bottleneck_potter0_20": 0.6}
[pair_E] {"steps": 2809856, "elapsed_s": 2065.2, "coordination_ring_sparse20": 119.0, "coordination_ring_potter0_20": 0.0, "bottleneck_sparse20": 0.0, "bottleneck_potter0_20": 0.6}
[pair_E] {"steps": 2811904, "elapsed_s": 2066.6, "coordination_ring_sparse20": 122.0, "coordination_ring_potter0_20": 0.0, "bottleneck_sparse20": 0.0, "bottleneck_potter0_20": 0.55}
[pair_E] {"steps": 2813952, "elapsed_s": 2068.0, "coordination_ring_sparse20": 123.0, "coordination_ring_potter0_20": 0.0, "bottleneck_sparse20": 0.0, "bottleneck_potter0_20": 0.55}
[pair_E] {"steps": 2816000, "elapsed_s": 2069.5, "coordination_ring_sparse20": 125.0, "coordination_ring_potter0_20": 0.0, "bottleneck_sparse20": 0.0, "bottleneck_potter0_20": 0.55}
[pair_E] {"steps": 2818048, "elapsed_s": 2070.9, "coordination_ring_sparse20": 122.0, "coordination_ring_potter0_20": 0.0, "bottleneck_sparse20": 0.0, "bottleneck_potter0_20": 0.55}
[pair_E] {"steps": 2820096, "elapsed_s": 2072.4, "coordination_ring_sparse20": 124.0, "coordination_ring_potter0_20": 0.0, "bottleneck_sparse20": 0.0, "bottleneck_potter0_20": 0.45}
[pair_E] {"steps": 2822144, "elapsed_s": 2073.8, "coordination_ring_sparse20": 127.0, "coordination_ring_potter0_20": 0.0, "bottleneck_sparse20": 0.0, "bottleneck_potter0_20": 0.45}
[pair_E] {"steps": 2824192, "elapsed_s": 2075.3, "coordination_ring_sparse20": 126.0, "coordination_ring_potter0_20": 0.0, "bottleneck_sparse20": 0.0, "bottleneck_potter0_20": 0.5}
[pair_E] {"steps": 2826240, "elapsed_s": 2076.9, "coordination_ring_sparse20": 129.0, "coordination_ring_potter0_20": 0.0, "bottleneck_sparse20": 0.0, "bottleneck_potter0_20": 0.45}
[pair_E] {"steps": 2828288, "elapsed_s": 2078.4, "coordination_ring_sparse20": 128.0, "coordination_ring_potter0_20": 0.0, "bottleneck_sparse20": 0.0, "bottleneck_potter0_20": 0.45}
[pair_E] {"steps": 2830336, "elapsed_s": 2079.8, "coordination_ring_sparse20": 128.0, "coordination_ring_potter0_20": 0.0, "bottleneck_sparse20": 0.0, "bottleneck_potter0_20": 0.45}
[pair_E] {"steps": 2832384, "elapsed_s": 2081.2, "coordination_ring_sparse20": 127.0, "coordination_ring_potter0_20": 0.0, "bottleneck_sparse20": 0.0, "bottleneck_potter0_20": 0.45}
[pair_E] {"steps": 2834432, "elapsed_s": 2082.7, "coordination_ring_sparse20": 128.0, "coordination_ring_potter0_20": 0.0, "bottleneck_sparse20": 0.0, "bottleneck_potter0_20": 0.4}
[pair_E] {"steps": 2836480, "elapsed_s": 2084.2, "coordination_ring_sparse20": 128.0, "coordination_ring_potter0_20": 0.0, "bottleneck_sparse20": 0.0, "bottleneck_potter0_20": 0.4}
[pair_E] {"steps": 2838528, "elapsed_s": 2085.6, "coordination_ring_sparse20": 129.0, "coordination_ring_potter0_20": 0.0, "bottleneck_sparse20": 0.0, "bottleneck_potter0_20": 0.4}
[pair_E] {"steps": 2840576, "elapsed_s": 2087.0, "coordination_ring_sparse20": 130.0, "coordination_ring_potter0_20": 0.0, "bottleneck_sparse20": 0.0, "bottleneck_potter0_20": 0.35}
[pair_E] {"steps": 2842624, "elapsed_s": 2088.5, "coordination_ring_sparse20": 130.0, "coordination_ring_potter0_20": 0.0, "bottleneck_sparse20": 0.0, "bottleneck_potter0_20": 0.4}
[pair_E] {"steps": 2844672, "elapsed_s": 2089.9, "coordination_ring_sparse20": 132.0, "coordination_ring_potter0_20": 0.0, "bottleneck_sparse20": 0.0, "bottleneck_potter0_20": 0.4}
[pair_E] {"steps": 2846720, "elapsed_s": 2091.4, "coordination_ring_sparse20": 128.0, "coordination_ring_potter0_20": 0.0, "bottleneck_sparse20": 0.0, "bottleneck_potter0_20": 0.35}
[pair_E] {"steps": 2848768, "elapsed_s": 2093.1, "coordination_ring_sparse20": 125.0, "coordination_ring_potter0_20": 0.0, "bottleneck_sparse20": 0.0, "bottleneck_potter0_20": 0.35}
[pair_E] {"steps": 2850816, "elapsed_s": 2095.3, "coordination_ring_sparse20": 127.0, "coordination_ring_potter0_20": 0.0, "bottleneck_sparse20": 0.0, "bottleneck_potter0_20": 0.4}
[pair_E] {"steps": 2852864, "elapsed_s": 2097.4, "coordination_ring_sparse20": 127.0, "coordination_ring_potter0_20": 0.0, "bottleneck_sparse20": 0.0, "bottleneck_potter0_20": 0.4}
[pair_E] {"steps": 2854912, "elapsed_s": 2099.5, "coordination_ring_sparse20": 127.0, "coordination_ring_potter0_20": 0.0, "bottleneck_sparse20": 0.0, "bottleneck_potter0_20": 0.4}
[pair_E] {"steps": 2856960, "elapsed_s": 2101.5, "coordination_ring_sparse20": 126.0, "coordination_ring_potter0_20": 0.0, "bottleneck_sparse20": 0.0, "bottleneck_potter0_20": 0.45}
[pair_E] {"steps": 2859008, "elapsed_s": 2103.6, "coordination_ring_sparse20": 125.0, "coordination_ring_potter0_20": 0.0, "bottleneck_sparse20": 0.0, "bottleneck_potter0_20": 0.5}
[pair_E] {"steps": 2861056, "elapsed_s": 2105.7, "coordination_ring_sparse20": 128.0, "coordination_ring_potter0_20": 0.0, "bottleneck_sparse20": 0.0, "bottleneck_potter0_20": 0.55}
[pair_E] {"steps": 2863104, "elapsed_s": 2107.8, "coordination_ring_sparse20": 132.0, "coordination_ring_potter0_20": 0.0, "bottleneck_sparse20": 0.0, "bottleneck_potter0_20": 0.55}
[pair_E] {"steps": 2865152, "elapsed_s": 2109.9, "coordination_ring_sparse20": 132.0, "coordination_ring_potter0_20": 0.0, "bottleneck_sparse20": 0.0, "bottleneck_potter0_20": 0.5}
[pair_E] {"steps": 2867200, "elapsed_s": 2111.9, "coordination_ring_sparse20": 129.0, "coordination_ring_potter0_20": 0.0, "bottleneck_sparse20": 0.0, "bottleneck_potter0_20": 0.65}
[pair_E] {"steps": 2869248, "elapsed_s": 2114.0, "coordination_ring_sparse20": 130.0, "coordination_ring_potter0_20": 0.0, "bottleneck_sparse20": 0.0, "bottleneck_potter0_20": 0.7}
[pair_E] {"steps": 2871296, "elapsed_s": 2116.1, "coordination_ring_sparse20": 129.0, "coordination_ring_potter0_20": 0.0, "bottleneck_sparse20": 0.0, "bottleneck_potter0_20": 0.65}
[pair_E] {"steps": 2873344, "elapsed_s": 2118.0, "coordination_ring_sparse20": 129.0, "coordination_ring_potter0_20": 0.0, "bottleneck_sparse20": 0.0, "bottleneck_potter0_20": 0.7}
[pair_E] {"steps": 2875392, "elapsed_s": 2119.5, "coordination_ring_sparse20": 130.0, "coordination_ring_potter0_20": 0.0, "bottleneck_sparse20": 0.0, "bottleneck_potter0_20": 0.7}
[pair_E] {"steps": 2877440, "elapsed_s": 2121.0, "coordination_ring_sparse20": 128.0, "coordination_ring_potter0_20": 0.0, "bottleneck_sparse20": 0.0, "bottleneck_potter0_20": 0.7}
[pair_E] {"steps": 2879488, "elapsed_s": 2122.7, "coordination_ring_sparse20": 129.0, "coordination_ring_potter0_20": 0.05, "bottleneck_sparse20": 0.0, "bottleneck_potter0_20": 0.7}
[pair_E] {"steps": 2881536, "elapsed_s": 2124.5, "coordination_ring_sparse20": 131.0, "coordination_ring_potter0_20": 0.05, "bottleneck_sparse20": 0.0, "bottleneck_potter0_20": 0.7}
[pair_E] {"steps": 2883584, "elapsed_s": 2126.6, "coordination_ring_sparse20": 133.0, "coordination_ring_potter0_20": 0.05, "bottleneck_sparse20": 0.0, "bottleneck_potter0_20": 0.65}
[pair_E] {"steps": 2885632, "elapsed_s": 2128.6, "coordination_ring_sparse20": 133.0, "coordination_ring_potter0_20": 0.05, "bottleneck_sparse20": 0.0, "bottleneck_potter0_20": 0.65}
[pair_E] {"steps": 2887680, "elapsed_s": 2130.2, "coordination_ring_sparse20": 133.0, "coordination_ring_potter0_20": 0.05, "bottleneck_sparse20": 0.0, "bottleneck_potter0_20": 0.65}
[pair_E] {"steps": 2889728, "elapsed_s": 2131.7, "coordination_ring_sparse20": 133.0, "coordination_ring_potter0_20": 0.05, "bottleneck_sparse20": 0.0, "bottleneck_potter0_20": 0.7}
[pair_E] {"steps": 2891776, "elapsed_s": 2133.1, "coordination_ring_sparse20": 132.0, "coordination_ring_potter0_20": 0.05, "bottleneck_sparse20": 0.0, "bottleneck_potter0_20": 0.65}
[pair_E] {"steps": 2893824, "elapsed_s": 2134.5, "coordination_ring_sparse20": 129.0, "coordination_ring_potter0_20": 0.05, "bottleneck_sparse20": 0.0, "bottleneck_potter0_20": 0.65}
[pair_E] {"steps": 2895872, "elapsed_s": 2135.9, "coordination_ring_sparse20": 128.0, "coordination_ring_potter0_20": 0.0, "bottleneck_sparse20": 0.0, "bottleneck_potter0_20": 0.65}
[pair_E] {"steps": 2897920, "elapsed_s": 2137.3, "coordination_ring_sparse20": 128.0, "coordination_ring_potter0_20": 0.0, "bottleneck_sparse20": 0.0, "bottleneck_potter0_20": 0.65}
[pair_E] {"steps": 2899968, "elapsed_s": 2138.7, "coordination_ring_sparse20": 126.0, "coordination_ring_potter0_20": 0.0, "bottleneck_sparse20": 0.0, "bottleneck_potter0_20": 0.65}
[pair_E] {"steps": 2902016, "elapsed_s": 2140.2, "coordination_ring_sparse20": 121.0, "coordination_ring_potter0_20": 0.0, "bottleneck_sparse20": 0.0, "bottleneck_potter0_20": 0.65}
[pair_E] {"steps": 2904064, "elapsed_s": 2141.7, "coordination_ring_sparse20": 121.0, "coordination_ring_potter0_20": 0.0, "bottleneck_sparse20": 0.0, "bottleneck_potter0_20": 0.55}
[pair_E] {"steps": 2906112, "elapsed_s": 2143.1, "coordination_ring_sparse20": 120.0, "coordination_ring_potter0_20": 0.0, "bottleneck_sparse20": 0.0, "bottleneck_potter0_20": 0.55}
[pair_E] {"steps": 2908160, "elapsed_s": 2145.1, "coordination_ring_sparse20": 118.0, "coordination_ring_potter0_20": 0.0, "bottleneck_sparse20": 0.0, "bottleneck_potter0_20": 0.5}
[pair_E] {"steps": 2910208, "elapsed_s": 2147.1, "coordination_ring_sparse20": 121.0, "coordination_ring_potter0_20": 0.0, "bottleneck_sparse20": 0.0, "bottleneck_potter0_20": 0.5}
[pair_E] {"steps": 2912256, "elapsed_s": 2148.7, "coordination_ring_sparse20": 120.0, "coordination_ring_potter0_20": 0.0, "bottleneck_sparse20": 0.0, "bottleneck_potter0_20": 0.5}
[pair_E] {"steps": 2914304, "elapsed_s": 2150.2, "coordination_ring_sparse20": 119.0, "coordination_ring_potter0_20": 0.0, "bottleneck_sparse20": 0.0, "bottleneck_potter0_20": 0.45}
[pair_E] {"steps": 2916352, "elapsed_s": 2151.5, "coordination_ring_sparse20": 123.0, "coordination_ring_potter0_20": 0.0, "bottleneck_sparse20": 0.0, "bottleneck_potter0_20": 0.45}
[pair_E] {"steps": 2918400, "elapsed_s": 2152.9, "coordination_ring_sparse20": 124.0, "coordination_ring_potter0_20": 0.0, "bottleneck_sparse20": 0.0, "bottleneck_potter0_20": 0.45}
[pair_E] {"steps": 2920448, "elapsed_s": 2154.4, "coordination_ring_sparse20": 123.0, "coordination_ring_potter0_20": 0.0, "bottleneck_sparse20": 0.0, "bottleneck_potter0_20": 0.45}
[pair_E] {"steps": 2922496, "elapsed_s": 2155.8, "coordination_ring_sparse20": 124.0, "coordination_ring_potter0_20": 0.0, "bottleneck_sparse20": 0.0, "bottleneck_potter0_20": 0.45}
[pair_E] {"steps": 2924544, "elapsed_s": 2157.8, "coordination_ring_sparse20": 124.0, "coordination_ring_potter0_20": 0.0, "bottleneck_sparse20": 0.0, "bottleneck_potter0_20": 0.45}
[pair_E] {"steps": 2926592, "elapsed_s": 2159.4, "coordination_ring_sparse20": 126.0, "coordination_ring_potter0_20": 0.0, "bottleneck_sparse20": 0.0, "bottleneck_potter0_20": 0.5}
[pair_E] {"steps": 2928640, "elapsed_s": 2160.9, "coordination_ring_sparse20": 128.0, "coordination_ring_potter0_20": 0.0, "bottleneck_sparse20": 0.0, "bottleneck_potter0_20": 0.45}
[pair_E] {"steps": 2930688, "elapsed_s": 2162.4, "coordination_ring_sparse20": 126.0, "coordination_ring_potter0_20": 0.0, "bottleneck_sparse20": 0.0, "bottleneck_potter0_20": 0.45}
[pair_E] {"steps": 2932736, "elapsed_s": 2164.4, "coordination_ring_sparse20": 125.0, "coordination_ring_potter0_20": 0.0, "bottleneck_sparse20": 0.0, "bottleneck_potter0_20": 0.45}
[pair_E] {"steps": 2934784, "elapsed_s": 2166.3, "coordination_ring_sparse20": 120.0, "coordination_ring_potter0_20": 0.0, "bottleneck_sparse20": 0.0, "bottleneck_potter0_20": 0.5}
[pair_E] {"steps": 2936832, "elapsed_s": 2167.7, "coordination_ring_sparse20": 119.0, "coordination_ring_potter0_20": 0.0, "bottleneck_sparse20": 0.0, "bottleneck_potter0_20": 0.45}
[pair_E] {"steps": 2938880, "elapsed_s": 2169.1, "coordination_ring_sparse20": 112.0, "coordination_ring_potter0_20": 0.0, "bottleneck_sparse20": 0.0, "bottleneck_potter0_20": 0.45}
[pair_E] {"steps": 2940928, "elapsed_s": 2170.6, "coordination_ring_sparse20": 104.0, "coordination_ring_potter0_20": 0.05, "bottleneck_sparse20": 0.0, "bottleneck_potter0_20": 0.45}
[pair_E] {"steps": 2942976, "elapsed_s": 2172.3, "coordination_ring_sparse20": 94.0, "coordination_ring_potter0_20": 0.05, "bottleneck_sparse20": 0.0, "bottleneck_potter0_20": 0.45}
[pair_E] {"steps": 2945024, "elapsed_s": 2173.8, "coordination_ring_sparse20": 89.0, "coordination_ring_potter0_20": 0.05, "bottleneck_sparse20": 0.0, "bottleneck_potter0_20": 0.45}
[pair_E] {"steps": 2947072, "elapsed_s": 2175.3, "coordination_ring_sparse20": 80.0, "coordination_ring_potter0_20": 0.05, "bottleneck_sparse20": 0.0, "bottleneck_potter0_20": 0.45}
[pair_E] {"steps": 2949120, "elapsed_s": 2176.7, "coordination_ring_sparse20": 76.0, "coordination_ring_potter0_20": 0.05, "bottleneck_sparse20": 0.0, "bottleneck_potter0_20": 0.4}
[pair_E] {"steps": 2951168, "elapsed_s": 2178.4, "coordination_ring_sparse20": 78.0, "coordination_ring_potter0_20": 0.05, "bottleneck_sparse20": 0.0, "bottleneck_potter0_20": 0.4}
[pair_E] {"steps": 2953216, "elapsed_s": 2180.0, "coordination_ring_sparse20": 80.0, "coordination_ring_potter0_20": 0.1, "bottleneck_sparse20": 0.0, "bottleneck_potter0_20": 0.45}
[pair_E] {"steps": 2955264, "elapsed_s": 2181.6, "coordination_ring_sparse20": 84.0, "coordination_ring_potter0_20": 0.1, "bottleneck_sparse20": 0.0, "bottleneck_potter0_20": 0.45}
[pair_E] {"steps": 2957312, "elapsed_s": 2183.1, "coordination_ring_sparse20": 89.0, "coordination_ring_potter0_20": 0.05, "bottleneck_sparse20": 0.0, "bottleneck_potter0_20": 0.45}
[pair_E] {"steps": 2959360, "elapsed_s": 2184.5, "coordination_ring_sparse20": 95.0, "coordination_ring_potter0_20": 0.1, "bottleneck_sparse20": 0.0, "bottleneck_potter0_20": 0.45}
[pair_E] {"steps": 2961408, "elapsed_s": 2186.0, "coordination_ring_sparse20": 102.0, "coordination_ring_potter0_20": 0.1, "bottleneck_sparse20": 0.0, "bottleneck_potter0_20": 0.45}
[pair_E] {"steps": 2963456, "elapsed_s": 2187.5, "coordination_ring_sparse20": 107.0, "coordination_ring_potter0_20": 0.1, "bottleneck_sparse20": 0.0, "bottleneck_potter0_20": 0.45}
[pair_E] {"steps": 2965504, "elapsed_s": 2189.0, "coordination_ring_sparse20": 110.0, "coordination_ring_potter0_20": 0.05, "bottleneck_sparse20": 0.0, "bottleneck_potter0_20": 0.45}
[pair_E] {"steps": 2967552, "elapsed_s": 2190.9, "coordination_ring_sparse20": 109.0, "coordination_ring_potter0_20": 0.05, "bottleneck_sparse20": 0.0, "bottleneck_potter0_20": 0.45}
[pair_E] {"steps": 2969600, "elapsed_s": 2192.6, "coordination_ring_sparse20": 110.0, "coordination_ring_potter0_20": 0.05, "bottleneck_sparse20": 0.0, "bottleneck_potter0_20": 0.45}
[pair_E] {"steps": 2971648, "elapsed_s": 2194.5, "coordination_ring_sparse20": 110.0, "coordination_ring_potter0_20": 0.05, "bottleneck_sparse20": 0.0, "bottleneck_potter0_20": 0.4}
[pair_E] {"steps": 2973696, "elapsed_s": 2196.0, "coordination_ring_sparse20": 112.0, "coordination_ring_potter0_20": 0.05, "bottleneck_sparse20": 0.0, "bottleneck_potter0_20": 0.4}
[pair_E] {"steps": 2975744, "elapsed_s": 2197.9, "coordination_ring_sparse20": 111.0, "coordination_ring_potter0_20": 0.05, "bottleneck_sparse20": 0.0, "bottleneck_potter0_20": 0.45}
[pair_E] {"steps": 2977792, "elapsed_s": 2199.7, "coordination_ring_sparse20": 111.0, "coordination_ring_potter0_20": 0.0, "bottleneck_sparse20": 0.0, "bottleneck_potter0_20": 0.4}
[pair_E] {"steps": 2979840, "elapsed_s": 2201.6, "coordination_ring_sparse20": 111.0, "coordination_ring_potter0_20": 0.0, "bottleneck_sparse20": 0.0, "bottleneck_potter0_20": 0.4}
[pair_E] {"steps": 2981888, "elapsed_s": 2203.2, "coordination_ring_sparse20": 112.0, "coordination_ring_potter0_20": 0.0, "bottleneck_sparse20": 0.0, "bottleneck_potter0_20": 0.4}
[pair_E] {"steps": 2983936, "elapsed_s": 2205.0, "coordination_ring_sparse20": 113.0, "coordination_ring_potter0_20": 0.0, "bottleneck_sparse20": 0.0, "bottleneck_potter0_20": 0.45}
[pair_E] {"steps": 2985984, "elapsed_s": 2206.7, "coordination_ring_sparse20": 118.0, "coordination_ring_potter0_20": 0.0, "bottleneck_sparse20": 0.0, "bottleneck_potter0_20": 0.4}
[pair_E] {"steps": 2988032, "elapsed_s": 2208.2, "coordination_ring_sparse20": 120.0, "coordination_ring_potter0_20": 0.0, "bottleneck_sparse20": 0.0, "bottleneck_potter0_20": 0.45}
[pair_E] {"steps": 2990080, "elapsed_s": 2209.7, "coordination_ring_sparse20": 120.0, "coordination_ring_potter0_20": 0.0, "bottleneck_sparse20": 0.0, "bottleneck_potter0_20": 0.45}
[pair_E] {"steps": 2992128, "elapsed_s": 2211.1, "coordination_ring_sparse20": 128.0, "coordination_ring_potter0_20": 0.0, "bottleneck_sparse20": 0.0, "bottleneck_potter0_20": 0.45}
[pair_E] {"steps": 2994176, "elapsed_s": 2212.7, "coordination_ring_sparse20": 125.0, "coordination_ring_potter0_20": 0.0, "bottleneck_sparse20": 0.0, "bottleneck_potter0_20": 0.5}
[pair_E] {"steps": 2996224, "elapsed_s": 2214.1, "coordination_ring_sparse20": 126.0, "coordination_ring_potter0_20": 0.0, "bottleneck_sparse20": 0.0, "bottleneck_potter0_20": 0.5}
[pair_E] {"steps": 2998272, "elapsed_s": 2215.5, "coordination_ring_sparse20": 127.0, "coordination_ring_potter0_20": 0.0, "bottleneck_sparse20": 0.0, "bottleneck_potter0_20": 0.55}
[pair_E] {"steps": 3000320, "elapsed_s": 2217.0, "coordination_ring_sparse20": 123.0, "coordination_ring_potter0_20": 0.0, "bottleneck_sparse20": 0.0, "bottleneck_potter0_20": 0.55}
checkpointed /home/Yixiang/MPARL/GOGOGO/outputs/overcooked_mixed_pilot.json
