Gym has been unmaintained since 2022 and does not support NumPy 2.0 amongst other critical functionality.
Please upgrade to Gymnasium, the maintained drop-in replacement of Gym, or contact the authors of your software and request that they upgrade.
Users of this version of Gym should be able to simply replace 'import gym' with 'import gymnasium as gym' in the vast majority of cases.
See the migration guide at https://gymnasium.farama.org/introduction/migration_guide/ for additional information.
[pair_F] {"steps": 2048, "elapsed_s": 2.1, "coordination_ring_sparse20": 0.0, "coordination_ring_potter0_20": 1.0, "asymmetric_advantages_sparse20": 0.0, "asymmetric_advantages_potter0_20": 0.3333333333333333}
[pair_F] {"steps": 4096, "elapsed_s": 3.8, "coordination_ring_sparse20": 0.0, "coordination_ring_potter0_20": 0.6666666666666666, "asymmetric_advantages_sparse20": 0.0, "asymmetric_advantages_potter0_20": 0.6}
[pair_F] {"steps": 6144, "elapsed_s": 6.4, "coordination_ring_sparse20": 0.0, "coordination_ring_potter0_20": 0.75, "asymmetric_advantages_sparse20": 2.0, "asymmetric_advantages_potter0_20": 0.625}
[pair_F] {"steps": 8192, "elapsed_s": 8.3, "coordination_ring_sparse20": 0.0, "coordination_ring_potter0_20": 0.5714285714285714, "asymmetric_advantages_sparse20": 1.6666666666666667, "asymmetric_advantages_potter0_20": 0.7}
[pair_F] {"steps": 10240, "elapsed_s": 10.2, "coordination_ring_sparse20": 0.0, "coordination_ring_potter0_20": 0.6, "asymmetric_advantages_sparse20": 1.4285714285714286, "asymmetric_advantages_potter0_20": 0.75}
[pair_F] {"steps": 12288, "elapsed_s": 11.9, "coordination_ring_sparse20": 0.0, "coordination_ring_potter0_20": 0.6, "asymmetric_advantages_sparse20": 1.1111111111111112, "asymmetric_advantages_potter0_20": 0.7857142857142857}
[pair_F] {"steps": 14336, "elapsed_s": 13.8, "coordination_ring_sparse20": 0.0, "coordination_ring_potter0_20": 0.5454545454545454, "asymmetric_advantages_sparse20": 1.0, "asymmetric_advantages_potter0_20": 0.8125}
[pair_F] {"steps": 16384, "elapsed_s": 15.7, "coordination_ring_sparse20": 0.0, "coordination_ring_potter0_20": 0.5, "asymmetric_advantages_sparse20": 1.0, "asymmetric_advantages_potter0_20": 0.8235294117647058}
[pair_F] {"steps": 18432, "elapsed_s": 17.6, "coordination_ring_sparse20": 0.0, "coordination_ring_potter0_20": 0.5625, "asymmetric_advantages_sparse20": 1.0, "asymmetric_advantages_potter0_20": 0.8333333333333334}
[pair_F] {"steps": 20480, "elapsed_s": 19.4, "coordination_ring_sparse20": 0.0, "coordination_ring_potter0_20": 0.5, "asymmetric_advantages_sparse20": 1.0, "asymmetric_advantages_potter0_20": 0.85}
[pair_F] {"steps": 22528, "elapsed_s": 21.3, "coordination_ring_sparse20": 0.0, "coordination_ring_potter0_20": 0.55, "asymmetric_advantages_sparse20": 1.0, "asymmetric_advantages_potter0_20": 0.95}
[pair_F] {"steps": 24576, "elapsed_s": 23.2, "coordination_ring_sparse20": 0.0, "coordination_ring_potter0_20": 0.55, "asymmetric_advantages_sparse20": 1.0, "asymmetric_advantages_potter0_20": 1.0}
[pair_F] {"steps": 26624, "elapsed_s": 25.1, "coordination_ring_sparse20": 0.0, "coordination_ring_potter0_20": 0.55, "asymmetric_advantages_sparse20": 1.0, "asymmetric_advantages_potter0_20": 1.0}
[pair_F] {"steps": 28672, "elapsed_s": 26.7, "coordination_ring_sparse20": 0.0, "coordination_ring_potter0_20": 0.5, "asymmetric_advantages_sparse20": 1.0, "asymmetric_advantages_potter0_20": 1.0}
[pair_F] {"steps": 30720, "elapsed_s": 28.5, "coordination_ring_sparse20": 0.0, "coordination_ring_potter0_20": 0.5, "asymmetric_advantages_sparse20": 1.0, "asymmetric_advantages_potter0_20": 1.0}
[pair_F] {"steps": 32768, "elapsed_s": 30.3, "coordination_ring_sparse20": 0.0, "coordination_ring_potter0_20": 0.5, "asymmetric_advantages_sparse20": 1.0, "asymmetric_advantages_potter0_20": 1.0}
[pair_F] {"steps": 34816, "elapsed_s": 32.6, "coordination_ring_sparse20": 0.0, "coordination_ring_potter0_20": 0.65, "asymmetric_advantages_sparse20": 1.0, "asymmetric_advantages_potter0_20": 1.0}
[pair_F] {"steps": 36864, "elapsed_s": 34.5, "coordination_ring_sparse20": 0.0, "coordination_ring_potter0_20": 0.65, "asymmetric_advantages_sparse20": 1.0, "asymmetric_advantages_potter0_20": 1.0}
[pair_F] {"steps": 38912, "elapsed_s": 36.6, "coordination_ring_sparse20": 0.0, "coordination_ring_potter0_20": 0.6, "asymmetric_advantages_sparse20": 1.0, "asymmetric_advantages_potter0_20": 1.0}
[pair_F] {"steps": 40960, "elapsed_s": 39.0, "coordination_ring_sparse20": 0.0, "coordination_ring_potter0_20": 0.6, "asymmetric_advantages_sparse20": 0.0, "asymmetric_advantages_potter0_20": 1.0}
[pair_F] {"steps": 43008, "elapsed_s": 40.8, "coordination_ring_sparse20": 0.0, "coordination_ring_potter0_20": 0.65, "asymmetric_advantages_sparse20": 0.0, "asymmetric_advantages_potter0_20": 1.0}
[pair_F] {"steps": 45056, "elapsed_s": 42.4, "coordination_ring_sparse20": 0.0, "coordination_ring_potter0_20": 0.6, "asymmetric_advantages_sparse20": 0.0, "asymmetric_advantages_potter0_20": 1.0}
[pair_F] {"steps": 47104, "elapsed_s": 44.4, "coordination_ring_sparse20": 0.0, "coordination_ring_potter0_20": 0.5, "asymmetric_advantages_sparse20": 0.0, "asymmetric_advantages_potter0_20": 1.0}
[pair_F] {"steps": 49152, "elapsed_s": 46.5, "coordination_ring_sparse20": 0.0, "coordination_ring_potter0_20": 0.55, "asymmetric_advantages_sparse20": 0.0, "asymmetric_advantages_potter0_20": 1.0}
[pair_F] {"steps": 51200, "elapsed_s": 48.7, "coordination_ring_sparse20": 0.0, "coordination_ring_potter0_20": 0.6, "asymmetric_advantages_sparse20": 1.0, "asymmetric_advantages_potter0_20": 1.0}
[pair_F] {"steps": 53248, "elapsed_s": 51.0, "coordination_ring_sparse20": 0.0, "coordination_ring_potter0_20": 0.5, "asymmetric_advantages_sparse20": 1.0, "asymmetric_advantages_potter0_20": 1.0}
[pair_F] {"steps": 55296, "elapsed_s": 52.7, "coordination_ring_sparse20": 0.0, "coordination_ring_potter0_20": 0.5, "asymmetric_advantages_sparse20": 1.0, "asymmetric_advantages_potter0_20": 1.0}
[pair_F] {"steps": 57344, "elapsed_s": 55.1, "coordination_ring_sparse20": 0.0, "coordination_ring_potter0_20": 0.35, "asymmetric_advantages_sparse20": 1.0, "asymmetric_advantages_potter0_20": 1.0}
[pair_F] {"steps": 59392, "elapsed_s": 58.1, "coordination_ring_sparse20": 0.0, "coordination_ring_potter0_20": 0.4, "asymmetric_advantages_sparse20": 1.0, "asymmetric_advantages_potter0_20": 1.0}
[pair_F] {"steps": 61440, "elapsed_s": 60.4, "coordination_ring_sparse20": 0.0, "coordination_ring_potter0_20": 0.4, "asymmetric_advantages_sparse20": 2.0, "asymmetric_advantages_potter0_20": 1.0}
[pair_F] {"steps": 63488, "elapsed_s": 62.4, "coordination_ring_sparse20": 0.0, "coordination_ring_potter0_20": 0.4, "asymmetric_advantages_sparse20": 2.0, "asymmetric_advantages_potter0_20": 1.0}
[pair_F] {"steps": 65536, "elapsed_s": 64.8, "coordination_ring_sparse20": 0.0, "coordination_ring_potter0_20": 0.4, "asymmetric_advantages_sparse20": 1.0, "asymmetric_advantages_potter0_20": 1.0}
[pair_F] {"steps": 67584, "elapsed_s": 67.5, "coordination_ring_sparse20": 0.0, "coordination_ring_potter0_20": 0.45, "asymmetric_advantages_sparse20": 2.0, "asymmetric_advantages_potter0_20": 1.0}
[pair_F] {"steps": 69632, "elapsed_s": 69.7, "coordination_ring_sparse20": 0.0, "coordination_ring_potter0_20": 0.5, "asymmetric_advantages_sparse20": 2.0, "asymmetric_advantages_potter0_20": 1.0}
[pair_F] {"steps": 71680, "elapsed_s": 72.0, "coordination_ring_sparse20": 0.0, "coordination_ring_potter0_20": 0.5, "asymmetric_advantages_sparse20": 1.0, "asymmetric_advantages_potter0_20": 1.0}
[pair_F] {"steps": 73728, "elapsed_s": 74.7, "coordination_ring_sparse20": 0.0, "coordination_ring_potter0_20": 0.5, "asymmetric_advantages_sparse20": 1.0, "asymmetric_advantages_potter0_20": 1.0}
[pair_F] {"steps": 75776, "elapsed_s": 77.2, "coordination_ring_sparse20": 0.0, "coordination_ring_potter0_20": 0.45, "asymmetric_advantages_sparse20": 1.0, "asymmetric_advantages_potter0_20": 1.0}
[pair_F] {"steps": 77824, "elapsed_s": 79.4, "coordination_ring_sparse20": 0.0, "coordination_ring_potter0_20": 0.55, "asymmetric_advantages_sparse20": 1.0, "asymmetric_advantages_potter0_20": 1.0}
[pair_F] {"steps": 79872, "elapsed_s": 81.4, "coordination_ring_sparse20": 0.0, "coordination_ring_potter0_20": 0.6, "asymmetric_advantages_sparse20": 0.0, "asymmetric_advantages_potter0_20": 1.0}
[pair_F] {"steps": 81920, "elapsed_s": 83.6, "coordination_ring_sparse20": 0.0, "coordination_ring_potter0_20": 0.55, "asymmetric_advantages_sparse20": 0.0, "asymmetric_advantages_potter0_20": 1.0}
[pair_F] {"steps": 83968, "elapsed_s": 85.9, "coordination_ring_sparse20": 0.0, "coordination_ring_potter0_20": 0.55, "asymmetric_advantages_sparse20": 0.0, "asymmetric_advantages_potter0_20": 1.0}
[pair_F] {"steps": 86016, "elapsed_s": 88.3, "coordination_ring_sparse20": 0.0, "coordination_ring_potter0_20": 0.6, "asymmetric_advantages_sparse20": 1.0, "asymmetric_advantages_potter0_20": 1.0}
[pair_F] {"steps": 88064, "elapsed_s": 91.0, "coordination_ring_sparse20": 0.0, "coordination_ring_potter0_20": 0.65, "asymmetric_advantages_sparse20": 2.0, "asymmetric_advantages_potter0_20": 1.0}
[pair_F] {"steps": 90112, "elapsed_s": 93.1, "coordination_ring_sparse20": 0.0, "coordination_ring_potter0_20": 0.55, "asymmetric_advantages_sparse20": 2.0, "asymmetric_advantages_potter0_20": 1.0}
[pair_F] {"steps": 92160, "elapsed_s": 95.5, "coordination_ring_sparse20": 0.0, "coordination_ring_potter0_20": 0.6, "asymmetric_advantages_sparse20": 3.0, "asymmetric_advantages_potter0_20": 1.0}
[pair_F] {"steps": 94208, "elapsed_s": 97.8, "coordination_ring_sparse20": 0.0, "coordination_ring_potter0_20": 0.55, "asymmetric_advantages_sparse20": 3.0, "asymmetric_advantages_potter0_20": 1.0}
[pair_F] {"steps": 96256, "elapsed_s": 100.5, "coordination_ring_sparse20": 0.0, "coordination_ring_potter0_20": 0.55, "asymmetric_advantages_sparse20": 3.0, "asymmetric_advantages_potter0_20": 1.0}
[pair_F] {"steps": 98304, "elapsed_s": 103.0, "coordination_ring_sparse20": 0.0, "coordination_ring_potter0_20": 0.5, "asymmetric_advantages_sparse20": 3.0, "asymmetric_advantages_potter0_20": 1.0}
[pair_F] {"steps": 100352, "elapsed_s": 105.3, "coordination_ring_sparse20": 0.0, "coordination_ring_potter0_20": 0.5, "asymmetric_advantages_sparse20": 3.0, "asymmetric_advantages_potter0_20": 1.0}
[pair_F] {"steps": 102400, "elapsed_s": 107.9, "coordination_ring_sparse20": 0.0, "coordination_ring_potter0_20": 0.5, "asymmetric_advantages_sparse20": 3.0, "asymmetric_advantages_potter0_20": 1.0}
[pair_F] {"steps": 104448, "elapsed_s": 111.0, "coordination_ring_sparse20": 0.0, "coordination_ring_potter0_20": 0.6, "asymmetric_advantages_sparse20": 3.0, "asymmetric_advantages_potter0_20": 1.0}
[pair_F] {"steps": 106496, "elapsed_s": 113.3, "coordination_ring_sparse20": 0.0, "coordination_ring_potter0_20": 0.55, "asymmetric_advantages_sparse20": 2.0, "asymmetric_advantages_potter0_20": 1.0}
[pair_F] {"steps": 108544, "elapsed_s": 115.8, "coordination_ring_sparse20": 0.0, "coordination_ring_potter0_20": 0.5, "asymmetric_advantages_sparse20": 2.0, "asymmetric_advantages_potter0_20": 1.0}
[pair_F] {"steps": 110592, "elapsed_s": 118.2, "coordination_ring_sparse20": 0.0, "coordination_ring_potter0_20": 0.55, "asymmetric_advantages_sparse20": 1.0, "asymmetric_advantages_potter0_20": 1.0}
[pair_F] {"steps": 112640, "elapsed_s": 120.9, "coordination_ring_sparse20": 0.0, "coordination_ring_potter0_20": 0.65, "asymmetric_advantages_sparse20": 1.0, "asymmetric_advantages_potter0_20": 1.0}
[pair_F] {"steps": 114688, "elapsed_s": 123.0, "coordination_ring_sparse20": 0.0, "coordination_ring_potter0_20": 0.7, "asymmetric_advantages_sparse20": 1.0, "asymmetric_advantages_potter0_20": 1.0}
[pair_F] {"steps": 116736, "elapsed_s": 125.6, "coordination_ring_sparse20": 0.0, "coordination_ring_potter0_20": 0.7, "asymmetric_advantages_sparse20": 1.0, "asymmetric_advantages_potter0_20": 1.0}
[pair_F] {"steps": 118784, "elapsed_s": 128.0, "coordination_ring_sparse20": 0.0, "coordination_ring_potter0_20": 0.7, "asymmetric_advantages_sparse20": 2.0, "asymmetric_advantages_potter0_20": 1.0}
[pair_F] {"steps": 120832, "elapsed_s": 130.3, "coordination_ring_sparse20": 0.0, "coordination_ring_potter0_20": 0.65, "asymmetric_advantages_sparse20": 2.0, "asymmetric_advantages_potter0_20": 1.0}
[pair_F] {"steps": 122880, "elapsed_s": 133.3, "coordination_ring_sparse20": 0.0, "coordination_ring_potter0_20": 0.6, "asymmetric_advantages_sparse20": 2.0, "asymmetric_advantages_potter0_20": 1.0}
[pair_F] {"steps": 124928, "elapsed_s": 136.2, "coordination_ring_sparse20": 0.0, "coordination_ring_potter0_20": 0.55, "asymmetric_advantages_sparse20": 2.0, "asymmetric_advantages_potter0_20": 1.0}
[pair_F] {"steps": 126976, "elapsed_s": 138.5, "coordination_ring_sparse20": 0.0, "coordination_ring_potter0_20": 0.55, "asymmetric_advantages_sparse20": 2.0, "asymmetric_advantages_potter0_20": 1.0}
[pair_F] {"steps": 129024, "elapsed_s": 141.7, "coordination_ring_sparse20": 0.0, "coordination_ring_potter0_20": 0.55, "asymmetric_advantages_sparse20": 3.0, "asymmetric_advantages_potter0_20": 1.0}
[pair_F] {"steps": 131072, "elapsed_s": 144.3, "coordination_ring_sparse20": 0.0, "coordination_ring_potter0_20": 0.55, "asymmetric_advantages_sparse20": 3.0, "asymmetric_advantages_potter0_20": 1.0}
[pair_F] {"steps": 133120, "elapsed_s": 146.9, "coordination_ring_sparse20": 0.0, "coordination_ring_potter0_20": 0.4, "asymmetric_advantages_sparse20": 3.0, "asymmetric_advantages_potter0_20": 1.0}
[pair_F] {"steps": 135168, "elapsed_s": 149.8, "coordination_ring_sparse20": 0.0, "coordination_ring_potter0_20": 0.3, "asymmetric_advantages_sparse20": 2.0, "asymmetric_advantages_potter0_20": 1.0}
[pair_F] {"steps": 137216, "elapsed_s": 151.9, "coordination_ring_sparse20": 0.0, "coordination_ring_potter0_20": 0.4, "asymmetric_advantages_sparse20": 2.0, "asymmetric_advantages_potter0_20": 1.0}
[pair_F] {"steps": 139264, "elapsed_s": 154.0, "coordination_ring_sparse20": 0.0, "coordination_ring_potter0_20": 0.35, "asymmetric_advantages_sparse20": 1.0, "asymmetric_advantages_potter0_20": 1.0}
[pair_F] {"steps": 141312, "elapsed_s": 156.3, "coordination_ring_sparse20": 0.0, "coordination_ring_potter0_20": 0.35, "asymmetric_advantages_sparse20": 3.0, "asymmetric_advantages_potter0_20": 1.0}
[pair_F] {"steps": 143360, "elapsed_s": 159.4, "coordination_ring_sparse20": 0.0, "coordination_ring_potter0_20": 0.35, "asymmetric_advantages_sparse20": 4.0, "asymmetric_advantages_potter0_20": 1.0}
[pair_F] {"steps": 145408, "elapsed_s": 161.6, "coordination_ring_sparse20": 0.0, "coordination_ring_potter0_20": 0.35, "asymmetric_advantages_sparse20": 4.0, "asymmetric_advantages_potter0_20": 1.0}
[pair_F] {"steps": 147456, "elapsed_s": 164.2, "coordination_ring_sparse20": 0.0, "coordination_ring_potter0_20": 0.3, "asymmetric_advantages_sparse20": 4.0, "asymmetric_advantages_potter0_20": 1.0}
[pair_F] {"steps": 149504, "elapsed_s": 166.2, "coordination_ring_sparse20": 0.0, "coordination_ring_potter0_20": 0.45, "asymmetric_advantages_sparse20": 3.0, "asymmetric_advantages_potter0_20": 1.0}
[pair_F] {"steps": 151552, "elapsed_s": 168.6, "coordination_ring_sparse20": 0.0, "coordination_ring_potter0_20": 0.5, "asymmetric_advantages_sparse20": 4.0, "asymmetric_advantages_potter0_20": 1.0}
[pair_F] {"steps": 153600, "elapsed_s": 171.0, "coordination_ring_sparse20": 0.0, "coordination_ring_potter0_20": 0.55, "asymmetric_advantages_sparse20": 5.0, "asymmetric_advantages_potter0_20": 1.0}
[pair_F] {"steps": 155648, "elapsed_s": 173.2, "coordination_ring_sparse20": 0.0, "coordination_ring_potter0_20": 0.6, "asymmetric_advantages_sparse20": 5.0, "asymmetric_advantages_potter0_20": 1.0}
[pair_F] {"steps": 157696, "elapsed_s": 175.5, "coordination_ring_sparse20": 0.0, "coordination_ring_potter0_20": 0.6, "asymmetric_advantages_sparse20": 3.0, "asymmetric_advantages_potter0_20": 1.0}
[pair_F] {"steps": 159744, "elapsed_s": 177.9, "coordination_ring_sparse20": 0.0, "coordination_ring_potter0_20": 0.65, "asymmetric_advantages_sparse20": 3.0, "asymmetric_advantages_potter0_20": 1.0}
[pair_F] {"steps": 161792, "elapsed_s": 180.7, "coordination_ring_sparse20": 0.0, "coordination_ring_potter0_20": 0.6, "asymmetric_advantages_sparse20": 3.0, "asymmetric_advantages_potter0_20": 1.0}
[pair_F] {"steps": 163840, "elapsed_s": 183.4, "coordination_ring_sparse20": 0.0, "coordination_ring_potter0_20": 0.6, "asymmetric_advantages_sparse20": 4.0, "asymmetric_advantages_potter0_20": 1.0}
[pair_F] {"steps": 165888, "elapsed_s": 186.2, "coordination_ring_sparse20": 0.0, "coordination_ring_potter0_20": 0.55, "asymmetric_advantages_sparse20": 3.0, "asymmetric_advantages_potter0_20": 1.0}
[pair_F] {"steps": 167936, "elapsed_s": 188.1, "coordination_ring_sparse20": 0.0, "coordination_ring_potter0_20": 0.55, "asymmetric_advantages_sparse20": 2.0, "asymmetric_advantages_potter0_20": 1.0}
[pair_F] {"steps": 169984, "elapsed_s": 190.3, "coordination_ring_sparse20": 0.0, "coordination_ring_potter0_20": 0.55, "asymmetric_advantages_sparse20": 2.0, "asymmetric_advantages_potter0_20": 1.0}
[pair_F] {"steps": 172032, "elapsed_s": 192.6, "coordination_ring_sparse20": 0.0, "coordination_ring_potter0_20": 0.5, "asymmetric_advantages_sparse20": 2.0, "asymmetric_advantages_potter0_20": 1.0}
[pair_F] {"steps": 174080, "elapsed_s": 194.8, "coordination_ring_sparse20": 0.0, "coordination_ring_potter0_20": 0.5, "asymmetric_advantages_sparse20": 2.0, "asymmetric_advantages_potter0_20": 1.0}
[pair_F] {"steps": 176128, "elapsed_s": 197.4, "coordination_ring_sparse20": 0.0, "coordination_ring_potter0_20": 0.5, "asymmetric_advantages_sparse20": 2.0, "asymmetric_advantages_potter0_20": 1.0}
[pair_F] {"steps": 178176, "elapsed_s": 199.7, "coordination_ring_sparse20": 0.0, "coordination_ring_potter0_20": 0.5, "asymmetric_advantages_sparse20": 3.0, "asymmetric_advantages_potter0_20": 1.0}
[pair_F] {"steps": 180224, "elapsed_s": 202.4, "coordination_ring_sparse20": 0.0, "coordination_ring_potter0_20": 0.55, "asymmetric_advantages_sparse20": 3.0, "asymmetric_advantages_potter0_20": 1.0}
[pair_F] {"steps": 182272, "elapsed_s": 204.8, "coordination_ring_sparse20": 0.0, "coordination_ring_potter0_20": 0.6, "asymmetric_advantages_sparse20": 4.0, "asymmetric_advantages_potter0_20": 1.0}
[pair_F] {"steps": 184320, "elapsed_s": 207.3, "coordination_ring_sparse20": 0.0, "coordination_ring_potter0_20": 0.55, "asymmetric_advantages_sparse20": 5.0, "asymmetric_advantages_potter0_20": 1.0}
[pair_F] {"steps": 186368, "elapsed_s": 209.4, "coordination_ring_sparse20": 0.0, "coordination_ring_potter0_20": 0.5, "asymmetric_advantages_sparse20": 5.0, "asymmetric_advantages_potter0_20": 1.0}
[pair_F] {"steps": 188416, "elapsed_s": 211.7, "coordination_ring_sparse20": 0.0, "coordination_ring_potter0_20": 0.45, "asymmetric_advantages_sparse20": 5.0, "asymmetric_advantages_potter0_20": 1.0}
[pair_F] {"steps": 190464, "elapsed_s": 214.2, "coordination_ring_sparse20": 0.0, "coordination_ring_potter0_20": 0.45, "asymmetric_advantages_sparse20": 5.0, "asymmetric_advantages_potter0_20": 1.0}
[pair_F] {"steps": 192512, "elapsed_s": 216.3, "coordination_ring_sparse20": 0.0, "coordination_ring_potter0_20": 0.45, "asymmetric_advantages_sparse20": 4.0, "asymmetric_advantages_potter0_20": 1.0}
[pair_F] {"steps": 194560, "elapsed_s": 218.2, "coordination_ring_sparse20": 0.0, "coordination_ring_potter0_20": 0.4, "asymmetric_advantages_sparse20": 4.0, "asymmetric_advantages_potter0_20": 1.0}
[pair_F] {"steps": 196608, "elapsed_s": 220.0, "coordination_ring_sparse20": 0.0, "coordination_ring_potter0_20": 0.35, "asymmetric_advantages_sparse20": 5.0, "asymmetric_advantages_potter0_20": 1.0}
[pair_F] {"steps": 198656, "elapsed_s": 222.0, "coordination_ring_sparse20": 0.0, "coordination_ring_potter0_20": 0.4, "asymmetric_advantages_sparse20": 4.0, "asymmetric_advantages_potter0_20": 1.0}
[pair_F] {"steps": 200704, "elapsed_s": 224.2, "coordination_ring_sparse20": 0.0, "coordination_ring_potter0_20": 0.4, "asymmetric_advantages_sparse20": 3.0, "asymmetric_advantages_potter0_20": 1.0}
[pair_F] {"steps": 202752, "elapsed_s": 226.7, "coordination_ring_sparse20": 0.0, "coordination_ring_potter0_20": 0.45, "asymmetric_advantages_sparse20": 4.0, "asymmetric_advantages_potter0_20": 1.0}
[pair_F] {"steps": 204800, "elapsed_s": 228.7, "coordination_ring_sparse20": 0.0, "coordination_ring_potter0_20": 0.5, "asymmetric_advantages_sparse20": 3.0, "asymmetric_advantages_potter0_20": 1.0}
[pair_F] {"steps": 206848, "elapsed_s": 230.6, "coordination_ring_sparse20": 0.0, "coordination_ring_potter0_20": 0.45, "asymmetric_advantages_sparse20": 3.0, "asymmetric_advantages_potter0_20": 1.0}
[pair_F] {"steps": 208896, "elapsed_s": 232.6, "coordination_ring_sparse20": 0.0, "coordination_ring_potter0_20": 0.5, "asymmetric_advantages_sparse20": 4.0, "asymmetric_advantages_potter0_20": 1.0}
[pair_F] {"steps": 210944, "elapsed_s": 234.9, "coordination_ring_sparse20": 0.0, "coordination_ring_potter0_20": 0.4, "asymmetric_advantages_sparse20": 4.0, "asymmetric_advantages_potter0_20": 1.0}
[pair_F] {"steps": 212992, "elapsed_s": 236.7, "coordination_ring_sparse20": 0.0, "coordination_ring_potter0_20": 0.35, "asymmetric_advantages_sparse20": 4.0, "asymmetric_advantages_potter0_20": 1.0}
[pair_F] {"steps": 215040, "elapsed_s": 238.6, "coordination_ring_sparse20": 0.0, "coordination_ring_potter0_20": 0.3, "asymmetric_advantages_sparse20": 3.0, "asymmetric_advantages_potter0_20": 1.0}
[pair_F] {"steps": 217088, "elapsed_s": 240.4, "coordination_ring_sparse20": 0.0, "coordination_ring_potter0_20": 0.2, "asymmetric_advantages_sparse20": 4.0, "asymmetric_advantages_potter0_20": 1.0}
[pair_F] {"steps": 219136, "elapsed_s": 243.0, "coordination_ring_sparse20": 0.0, "coordination_ring_potter0_20": 0.2, "asymmetric_advantages_sparse20": 4.0, "asymmetric_advantages_potter0_20": 1.0}
[pair_F] {"steps": 221184, "elapsed_s": 245.3, "coordination_ring_sparse20": 0.0, "coordination_ring_potter0_20": 0.2, "asymmetric_advantages_sparse20": 3.0, "asymmetric_advantages_potter0_20": 1.0}
[pair_F] {"steps": 223232, "elapsed_s": 247.4, "coordination_ring_sparse20": 0.0, "coordination_ring_potter0_20": 0.25, "asymmetric_advantages_sparse20": 3.0, "asymmetric_advantages_potter0_20": 1.0}
[pair_F] {"steps": 225280, "elapsed_s": 249.7, "coordination_ring_sparse20": 0.0, "coordination_ring_potter0_20": 0.35, "asymmetric_advantages_sparse20": 3.0, "asymmetric_advantages_potter0_20": 1.0}
[pair_F] {"steps": 227328, "elapsed_s": 251.7, "coordination_ring_sparse20": 0.0, "coordination_ring_potter0_20": 0.4, "asymmetric_advantages_sparse20": 3.0, "asymmetric_advantages_potter0_20": 1.0}
[pair_F] {"steps": 229376, "elapsed_s": 253.7, "coordination_ring_sparse20": 0.0, "coordination_ring_potter0_20": 0.5, "asymmetric_advantages_sparse20": 4.0, "asymmetric_advantages_potter0_20": 1.0}
[pair_F] {"steps": 231424, "elapsed_s": 255.7, "coordination_ring_sparse20": 0.0, "coordination_ring_potter0_20": 0.6, "asymmetric_advantages_sparse20": 3.0, "asymmetric_advantages_potter0_20": 1.0}
[pair_F] {"steps": 233472, "elapsed_s": 257.9, "coordination_ring_sparse20": 0.0, "coordination_ring_potter0_20": 0.6, "asymmetric_advantages_sparse20": 4.0, "asymmetric_advantages_potter0_20": 1.0}
[pair_F] {"steps": 235520, "elapsed_s": 259.9, "coordination_ring_sparse20": 0.0, "coordination_ring_potter0_20": 0.6, "asymmetric_advantages_sparse20": 3.0, "asymmetric_advantages_potter0_20": 1.0}
[pair_F] {"steps": 237568, "elapsed_s": 262.0, "coordination_ring_sparse20": 0.0, "coordination_ring_potter0_20": 0.55, "asymmetric_advantages_sparse20": 3.0, "asymmetric_advantages_potter0_20": 1.0}
[pair_F] {"steps": 239616, "elapsed_s": 264.2, "coordination_ring_sparse20": 0.0, "coordination_ring_potter0_20": 0.55, "asymmetric_advantages_sparse20": 5.0, "asymmetric_advantages_potter0_20": 1.0}
[pair_F] {"steps": 241664, "elapsed_s": 266.2, "coordination_ring_sparse20": 0.0, "coordination_ring_potter0_20": 0.55, "asymmetric_advantages_sparse20": 6.0, "asymmetric_advantages_potter0_20": 1.0}
[pair_F] {"steps": 243712, "elapsed_s": 268.3, "coordination_ring_sparse20": 0.0, "coordination_ring_potter0_20": 0.5, "asymmetric_advantages_sparse20": 9.0, "asymmetric_advantages_potter0_20": 1.0}
[pair_F] {"steps": 245760, "elapsed_s": 270.2, "coordination_ring_sparse20": 0.0, "coordination_ring_potter0_20": 0.55, "asymmetric_advantages_sparse20": 10.0, "asymmetric_advantages_potter0_20": 1.0}
[pair_F] {"steps": 247808, "elapsed_s": 272.0, "coordination_ring_sparse20": 0.0, "coordination_ring_potter0_20": 0.5, "asymmetric_advantages_sparse20": 10.0, "asymmetric_advantages_potter0_20": 1.0}
[pair_F] {"steps": 249856, "elapsed_s": 274.1, "coordination_ring_sparse20": 0.0, "coordination_ring_potter0_20": 0.5, "asymmetric_advantages_sparse20": 12.0, "asymmetric_advantages_potter0_20": 1.0}
[pair_F] {"steps": 251904, "elapsed_s": 276.0, "coordination_ring_sparse20": 1.0, "coordination_ring_potter0_20": 0.5, "asymmetric_advantages_sparse20": 11.0, "asymmetric_advantages_potter0_20": 1.0}
[pair_F] {"steps": 253952, "elapsed_s": 278.0, "coordination_ring_sparse20": 1.0, "coordination_ring_potter0_20": 0.45, "asymmetric_advantages_sparse20": 11.0, "asymmetric_advantages_potter0_20": 1.0}
[pair_F] {"steps": 256000, "elapsed_s": 279.9, "coordination_ring_sparse20": 1.0, "coordination_ring_potter0_20": 0.5, "asymmetric_advantages_sparse20": 12.0, "asymmetric_advantages_potter0_20": 1.0}
[pair_F] {"steps": 258048, "elapsed_s": 281.8, "coordination_ring_sparse20": 1.0, "coordination_ring_potter0_20": 0.55, "asymmetric_advantages_sparse20": 11.0, "asymmetric_advantages_potter0_20": 1.0}
[pair_F] {"steps": 260096, "elapsed_s": 283.9, "coordination_ring_sparse20": 1.0, "coordination_ring_potter0_20": 0.6, "asymmetric_advantages_sparse20": 11.0, "asymmetric_advantages_potter0_20": 1.0}
[pair_F] {"steps": 262144, "elapsed_s": 285.7, "coordination_ring_sparse20": 1.0, "coordination_ring_potter0_20": 0.6, "asymmetric_advantages_sparse20": 13.0, "asymmetric_advantages_potter0_20": 1.0}
[pair_F] {"steps": 264192, "elapsed_s": 287.6, "coordination_ring_sparse20": 1.0, "coordination_ring_potter0_20": 0.55, "asymmetric_advantages_sparse20": 12.0, "asymmetric_advantages_potter0_20": 1.0}
[pair_F] {"steps": 266240, "elapsed_s": 289.7, "coordination_ring_sparse20": 1.0, "coordination_ring_potter0_20": 0.55, "asymmetric_advantages_sparse20": 14.0, "asymmetric_advantages_potter0_20": 1.0}
[pair_F] {"steps": 268288, "elapsed_s": 291.7, "coordination_ring_sparse20": 1.0, "coordination_ring_potter0_20": 0.55, "asymmetric_advantages_sparse20": 10.0, "asymmetric_advantages_potter0_20": 1.0}
[pair_F] {"steps": 270336, "elapsed_s": 293.5, "coordination_ring_sparse20": 0.0, "coordination_ring_potter0_20": 0.55, "asymmetric_advantages_sparse20": 12.0, "asymmetric_advantages_potter0_20": 1.0}
[pair_F] {"steps": 272384, "elapsed_s": 295.5, "coordination_ring_sparse20": 0.0, "coordination_ring_potter0_20": 0.55, "asymmetric_advantages_sparse20": 12.0, "asymmetric_advantages_potter0_20": 1.0}
[pair_F] {"steps": 274432, "elapsed_s": 297.3, "coordination_ring_sparse20": 0.0, "coordination_ring_potter0_20": 0.55, "asymmetric_advantages_sparse20": 11.0, "asymmetric_advantages_potter0_20": 1.0}
[pair_F] {"steps": 276480, "elapsed_s": 299.2, "coordination_ring_sparse20": 0.0, "coordination_ring_potter0_20": 0.5, "asymmetric_advantages_sparse20": 12.0, "asymmetric_advantages_potter0_20": 1.0}
[pair_F] {"steps": 278528, "elapsed_s": 301.2, "coordination_ring_sparse20": 0.0, "coordination_ring_potter0_20": 0.5, "asymmetric_advantages_sparse20": 15.0, "asymmetric_advantages_potter0_20": 1.0}
[pair_F] {"steps": 280576, "elapsed_s": 303.1, "coordination_ring_sparse20": 0.0, "coordination_ring_potter0_20": 0.55, "asymmetric_advantages_sparse20": 16.0, "asymmetric_advantages_potter0_20": 1.0}
[pair_F] {"steps": 282624, "elapsed_s": 304.9, "coordination_ring_sparse20": 0.0, "coordination_ring_potter0_20": 0.45, "asymmetric_advantages_sparse20": 14.0, "asymmetric_advantages_potter0_20": 1.0}
[pair_F] {"steps": 284672, "elapsed_s": 306.8, "coordination_ring_sparse20": 0.0, "coordination_ring_potter0_20": 0.45, "asymmetric_advantages_sparse20": 15.0, "asymmetric_advantages_potter0_20": 1.0}
[pair_F] {"steps": 286720, "elapsed_s": 308.6, "coordination_ring_sparse20": 0.0, "coordination_ring_potter0_20": 0.5, "asymmetric_advantages_sparse20": 14.0, "asymmetric_advantages_potter0_20": 1.0}
[pair_F] {"steps": 288768, "elapsed_s": 310.3, "coordination_ring_sparse20": 0.0, "coordination_ring_potter0_20": 0.5, "asymmetric_advantages_sparse20": 16.0, "asymmetric_advantages_potter0_20": 1.0}
[pair_F] {"steps": 290816, "elapsed_s": 312.2, "coordination_ring_sparse20": 0.0, "coordination_ring_potter0_20": 0.6, "asymmetric_advantages_sparse20": 16.0, "asymmetric_advantages_potter0_20": 1.0}
[pair_F] {"steps": 292864, "elapsed_s": 314.2, "coordination_ring_sparse20": 0.0, "coordination_ring_potter0_20": 0.5, "asymmetric_advantages_sparse20": 12.0, "asymmetric_advantages_potter0_20": 1.0}
[pair_F] {"steps": 294912, "elapsed_s": 316.3, "coordination_ring_sparse20": 0.0, "coordination_ring_potter0_20": 0.55, "asymmetric_advantages_sparse20": 10.0, "asymmetric_advantages_potter0_20": 1.0}
[pair_F] {"steps": 296960, "elapsed_s": 318.3, "coordination_ring_sparse20": 0.0, "coordination_ring_potter0_20": 0.55, "asymmetric_advantages_sparse20": 11.0, "asymmetric_advantages_potter0_20": 1.0}
[pair_F] {"steps": 299008, "elapsed_s": 320.1, "coordination_ring_sparse20": 0.0, "coordination_ring_potter0_20": 0.5, "asymmetric_advantages_sparse20": 10.0, "asymmetric_advantages_potter0_20": 1.0}
[pair_F] {"steps": 301056, "elapsed_s": 321.9, "coordination_ring_sparse20": 0.0, "coordination_ring_potter0_20": 0.55, "asymmetric_advantages_sparse20": 10.0, "asymmetric_advantages_potter0_20": 1.0}
[pair_F] {"steps": 303104, "elapsed_s": 323.9, "coordination_ring_sparse20": 0.0, "coordination_ring_potter0_20": 0.5, "asymmetric_advantages_sparse20": 9.0, "asymmetric_advantages_potter0_20": 1.0}
[pair_F] {"steps": 305152, "elapsed_s": 325.9, "coordination_ring_sparse20": 0.0, "coordination_ring_potter0_20": 0.35, "asymmetric_advantages_sparse20": 7.0, "asymmetric_advantages_potter0_20": 1.0}
[pair_F] {"steps": 307200, "elapsed_s": 327.9, "coordination_ring_sparse20": 0.0, "coordination_ring_potter0_20": 0.25, "asymmetric_advantages_sparse20": 6.0, "asymmetric_advantages_potter0_20": 1.0}
[pair_F] {"steps": 309248, "elapsed_s": 329.9, "coordination_ring_sparse20": 0.0, "coordination_ring_potter0_20": 0.3, "asymmetric_advantages_sparse20": 8.0, "asymmetric_advantages_potter0_20": 1.0}
[pair_F] {"steps": 311296, "elapsed_s": 331.9, "coordination_ring_sparse20": 0.0, "coordination_ring_potter0_20": 0.35, "asymmetric_advantages_sparse20": 9.0, "asymmetric_advantages_potter0_20": 1.0}
[pair_F] {"steps": 313344, "elapsed_s": 333.6, "coordination_ring_sparse20": 0.0, "coordination_ring_potter0_20": 0.4, "asymmetric_advantages_sparse20": 9.0, "asymmetric_advantages_potter0_20": 1.0}
[pair_F] {"steps": 315392, "elapsed_s": 335.5, "coordination_ring_sparse20": 0.0, "coordination_ring_potter0_20": 0.4, "asymmetric_advantages_sparse20": 13.0, "asymmetric_advantages_potter0_20": 1.0}
[pair_F] {"steps": 317440, "elapsed_s": 337.4, "coordination_ring_sparse20": 0.0, "coordination_ring_potter0_20": 0.5, "asymmetric_advantages_sparse20": 16.0, "asymmetric_advantages_potter0_20": 1.0}
[pair_F] {"steps": 319488, "elapsed_s": 339.4, "coordination_ring_sparse20": 0.0, "coordination_ring_potter0_20": 0.5, "asymmetric_advantages_sparse20": 15.0, "asymmetric_advantages_potter0_20": 1.0}
[pair_F] {"steps": 321536, "elapsed_s": 341.5, "coordination_ring_sparse20": 0.0, "coordination_ring_potter0_20": 0.5, "asymmetric_advantages_sparse20": 21.0, "asymmetric_advantages_potter0_20": 1.0}
[pair_F] {"steps": 323584, "elapsed_s": 343.4, "coordination_ring_sparse20": 0.0, "coordination_ring_potter0_20": 0.55, "asymmetric_advantages_sparse20": 20.0, "asymmetric_advantages_potter0_20": 1.0}
[pair_F] {"steps": 325632, "elapsed_s": 345.4, "coordination_ring_sparse20": 0.0, "coordination_ring_potter0_20": 0.65, "asymmetric_advantages_sparse20": 19.0, "asymmetric_advantages_potter0_20": 1.0}
[pair_F] {"steps": 327680, "elapsed_s": 347.3, "coordination_ring_sparse20": 0.0, "coordination_ring_potter0_20": 0.55, "asymmetric_advantages_sparse20": 19.0, "asymmetric_advantages_potter0_20": 1.0}
[pair_F] {"steps": 329728, "elapsed_s": 349.1, "coordination_ring_sparse20": 0.0, "coordination_ring_potter0_20": 0.55, "asymmetric_advantages_sparse20": 18.0, "asymmetric_advantages_potter0_20": 1.0}
[pair_F] {"steps": 331776, "elapsed_s": 351.1, "coordination_ring_sparse20": 0.0, "coordination_ring_potter0_20": 0.55, "asymmetric_advantages_sparse20": 16.0, "asymmetric_advantages_potter0_20": 1.0}
[pair_F] {"steps": 333824, "elapsed_s": 352.8, "coordination_ring_sparse20": 0.0, "coordination_ring_potter0_20": 0.55, "asymmetric_advantages_sparse20": 10.0, "asymmetric_advantages_potter0_20": 1.0}
[pair_F] {"steps": 335872, "elapsed_s": 354.6, "coordination_ring_sparse20": 0.0, "coordination_ring_potter0_20": 0.4, "asymmetric_advantages_sparse20": 8.0, "asymmetric_advantages_potter0_20": 1.0}
[pair_F] {"steps": 337920, "elapsed_s": 356.4, "coordination_ring_sparse20": 0.0, "coordination_ring_potter0_20": 0.5, "asymmetric_advantages_sparse20": 9.0, "asymmetric_advantages_potter0_20": 1.0}
[pair_F] {"steps": 339968, "elapsed_s": 358.6, "coordination_ring_sparse20": 1.0, "coordination_ring_potter0_20": 0.55, "asymmetric_advantages_sparse20": 10.0, "asymmetric_advantages_potter0_20": 1.0}
[pair_F] {"steps": 342016, "elapsed_s": 360.4, "coordination_ring_sparse20": 1.0, "coordination_ring_potter0_20": 0.5, "asymmetric_advantages_sparse20": 11.0, "asymmetric_advantages_potter0_20": 1.0}
[pair_F] {"steps": 344064, "elapsed_s": 362.4, "coordination_ring_sparse20": 1.0, "coordination_ring_potter0_20": 0.45, "asymmetric_advantages_sparse20": 10.0, "asymmetric_advantages_potter0_20": 1.0}
[pair_F] {"steps": 346112, "elapsed_s": 364.3, "coordination_ring_sparse20": 1.0, "coordination_ring_potter0_20": 0.45, "asymmetric_advantages_sparse20": 12.0, "asymmetric_advantages_potter0_20": 1.0}
[pair_F] {"steps": 348160, "elapsed_s": 366.1, "coordination_ring_sparse20": 1.0, "coordination_ring_potter0_20": 0.45, "asymmetric_advantages_sparse20": 12.0, "asymmetric_advantages_potter0_20": 1.0}
[pair_F] {"steps": 350208, "elapsed_s": 368.0, "coordination_ring_sparse20": 1.0, "coordination_ring_potter0_20": 0.45, "asymmetric_advantages_sparse20": 14.0, "asymmetric_advantages_potter0_20": 1.0}
[pair_F] {"steps": 352256, "elapsed_s": 369.9, "coordination_ring_sparse20": 1.0, "coordination_ring_potter0_20": 0.35, "asymmetric_advantages_sparse20": 15.0, "asymmetric_advantages_potter0_20": 1.0}
[pair_F] {"steps": 354304, "elapsed_s": 371.8, "coordination_ring_sparse20": 0.0, "coordination_ring_potter0_20": 0.3, "asymmetric_advantages_sparse20": 17.0, "asymmetric_advantages_potter0_20": 1.0}
[pair_F] {"steps": 356352, "elapsed_s": 373.7, "coordination_ring_sparse20": 0.0, "coordination_ring_potter0_20": 0.35, "asymmetric_advantages_sparse20": 17.0, "asymmetric_advantages_potter0_20": 1.0}
[pair_F] {"steps": 358400, "elapsed_s": 375.8, "coordination_ring_sparse20": 0.0, "coordination_ring_potter0_20": 0.35, "asymmetric_advantages_sparse20": 14.0, "asymmetric_advantages_potter0_20": 1.0}
[pair_F] {"steps": 360448, "elapsed_s": 377.7, "coordination_ring_sparse20": 0.0, "coordination_ring_potter0_20": 0.35, "asymmetric_advantages_sparse20": 15.0, "asymmetric_advantages_potter0_20": 1.0}
[pair_F] {"steps": 362496, "elapsed_s": 379.6, "coordination_ring_sparse20": 0.0, "coordination_ring_potter0_20": 0.4, "asymmetric_advantages_sparse20": 14.0, "asymmetric_advantages_potter0_20": 1.0}
[pair_F] {"steps": 364544, "elapsed_s": 381.4, "coordination_ring_sparse20": 0.0, "coordination_ring_potter0_20": 0.4, "asymmetric_advantages_sparse20": 13.0, "asymmetric_advantages_potter0_20": 1.0}
[pair_F] {"steps": 366592, "elapsed_s": 383.2, "coordination_ring_sparse20": 0.0, "coordination_ring_potter0_20": 0.4, "asymmetric_advantages_sparse20": 13.0, "asymmetric_advantages_potter0_20": 1.0}
[pair_F] {"steps": 368640, "elapsed_s": 384.9, "coordination_ring_sparse20": 0.0, "coordination_ring_potter0_20": 0.4, "asymmetric_advantages_sparse20": 10.0, "asymmetric_advantages_potter0_20": 1.0}
[pair_F] {"steps": 370688, "elapsed_s": 386.9, "coordination_ring_sparse20": 0.0, "coordination_ring_potter0_20": 0.45, "asymmetric_advantages_sparse20": 10.0, "asymmetric_advantages_potter0_20": 1.0}
[pair_F] {"steps": 372736, "elapsed_s": 389.0, "coordination_ring_sparse20": 0.0, "coordination_ring_potter0_20": 0.45, "asymmetric_advantages_sparse20": 11.0, "asymmetric_advantages_potter0_20": 1.0}
[pair_F] {"steps": 374784, "elapsed_s": 391.0, "coordination_ring_sparse20": 0.0, "coordination_ring_potter0_20": 0.45, "asymmetric_advantages_sparse20": 8.0, "asymmetric_advantages_potter0_20": 1.0}
[pair_F] {"steps": 376832, "elapsed_s": 393.2, "coordination_ring_sparse20": 0.0, "coordination_ring_potter0_20": 0.45, "asymmetric_advantages_sparse20": 9.0, "asymmetric_advantages_potter0_20": 1.0}
[pair_F] {"steps": 378880, "elapsed_s": 395.2, "coordination_ring_sparse20": 0.0, "coordination_ring_potter0_20": 0.45, "asymmetric_advantages_sparse20": 12.0, "asymmetric_advantages_potter0_20": 1.0}
[pair_F] {"steps": 380928, "elapsed_s": 397.0, "coordination_ring_sparse20": 0.0, "coordination_ring_potter0_20": 0.4, "asymmetric_advantages_sparse20": 13.0, "asymmetric_advantages_potter0_20": 1.0}
[pair_F] {"steps": 382976, "elapsed_s": 398.8, "coordination_ring_sparse20": 0.0, "coordination_ring_potter0_20": 0.4, "asymmetric_advantages_sparse20": 14.0, "asymmetric_advantages_potter0_20": 1.0}
[pair_F] {"steps": 385024, "elapsed_s": 400.7, "coordination_ring_sparse20": 0.0, "coordination_ring_potter0_20": 0.5, "asymmetric_advantages_sparse20": 17.0, "asymmetric_advantages_potter0_20": 1.0}
[pair_F] {"steps": 387072, "elapsed_s": 402.7, "coordination_ring_sparse20": 0.0, "coordination_ring_potter0_20": 0.55, "asymmetric_advantages_sparse20": 16.0, "asymmetric_advantages_potter0_20": 1.0}
[pair_F] {"steps": 389120, "elapsed_s": 404.7, "coordination_ring_sparse20": 0.0, "coordination_ring_potter0_20": 0.5, "asymmetric_advantages_sparse20": 15.0, "asymmetric_advantages_potter0_20": 1.0}
[pair_F] {"steps": 391168, "elapsed_s": 406.6, "coordination_ring_sparse20": 0.0, "coordination_ring_potter0_20": 0.4, "asymmetric_advantages_sparse20": 15.0, "asymmetric_advantages_potter0_20": 1.0}
[pair_F] {"steps": 393216, "elapsed_s": 409.0, "coordination_ring_sparse20": 1.0, "coordination_ring_potter0_20": 0.45, "asymmetric_advantages_sparse20": 15.0, "asymmetric_advantages_potter0_20": 1.0}
[pair_F] {"steps": 395264, "elapsed_s": 410.8, "coordination_ring_sparse20": 1.0, "coordination_ring_potter0_20": 0.35, "asymmetric_advantages_sparse20": 16.0, "asymmetric_advantages_potter0_20": 1.0}
[pair_F] {"steps": 397312, "elapsed_s": 412.7, "coordination_ring_sparse20": 1.0, "coordination_ring_potter0_20": 0.4, "asymmetric_advantages_sparse20": 17.0, "asymmetric_advantages_potter0_20": 1.0}
[pair_F] {"steps": 399360, "elapsed_s": 414.8, "coordination_ring_sparse20": 1.0, "coordination_ring_potter0_20": 0.35, "asymmetric_advantages_sparse20": 17.0, "asymmetric_advantages_potter0_20": 1.0}
[pair_F] {"steps": 401408, "elapsed_s": 416.6, "coordination_ring_sparse20": 1.0, "coordination_ring_potter0_20": 0.35, "asymmetric_advantages_sparse20": 14.0, "asymmetric_advantages_potter0_20": 1.0}
[pair_F] {"steps": 403456, "elapsed_s": 418.6, "coordination_ring_sparse20": 1.0, "coordination_ring_potter0_20": 0.35, "asymmetric_advantages_sparse20": 18.0, "asymmetric_advantages_potter0_20": 1.0}
[pair_F] {"steps": 405504, "elapsed_s": 421.1, "coordination_ring_sparse20": 1.0, "coordination_ring_potter0_20": 0.4, "asymmetric_advantages_sparse20": 19.0, "asymmetric_advantages_potter0_20": 1.0}
[pair_F] {"steps": 407552, "elapsed_s": 423.0, "coordination_ring_sparse20": 1.0, "coordination_ring_potter0_20": 0.4, "asymmetric_advantages_sparse20": 15.0, "asymmetric_advantages_potter0_20": 1.0}
[pair_F] {"steps": 409600, "elapsed_s": 424.9, "coordination_ring_sparse20": 2.0, "coordination_ring_potter0_20": 0.35, "asymmetric_advantages_sparse20": 15.0, "asymmetric_advantages_potter0_20": 1.0}
[pair_F] {"steps": 411648, "elapsed_s": 426.6, "coordination_ring_sparse20": 1.0, "coordination_ring_potter0_20": 0.35, "asymmetric_advantages_sparse20": 16.0, "asymmetric_advantages_potter0_20": 1.0}
[pair_F] {"steps": 413696, "elapsed_s": 428.6, "coordination_ring_sparse20": 1.0, "coordination_ring_potter0_20": 0.45, "asymmetric_advantages_sparse20": 18.0, "asymmetric_advantages_potter0_20": 1.0}
[pair_F] {"steps": 415744, "elapsed_s": 430.6, "coordination_ring_sparse20": 1.0, "coordination_ring_potter0_20": 0.4, "asymmetric_advantages_sparse20": 20.0, "asymmetric_advantages_potter0_20": 1.0}
[pair_F] {"steps": 417792, "elapsed_s": 432.4, "coordination_ring_sparse20": 1.0, "coordination_ring_potter0_20": 0.3, "asymmetric_advantages_sparse20": 19.0, "asymmetric_advantages_potter0_20": 1.0}
[pair_F] {"steps": 419840, "elapsed_s": 434.2, "coordination_ring_sparse20": 1.0, "coordination_ring_potter0_20": 0.25, "asymmetric_advantages_sparse20": 19.0, "asymmetric_advantages_potter0_20": 1.0}
[pair_F] {"steps": 421888, "elapsed_s": 436.5, "coordination_ring_sparse20": 1.0, "coordination_ring_potter0_20": 0.25, "asymmetric_advantages_sparse20": 18.0, "asymmetric_advantages_potter0_20": 1.0}
[pair_F] {"steps": 423936, "elapsed_s": 438.5, "coordination_ring_sparse20": 0.0, "coordination_ring_potter0_20": 0.3, "asymmetric_advantages_sparse20": 19.0, "asymmetric_advantages_potter0_20": 1.0}
[pair_F] {"steps": 425984, "elapsed_s": 440.4, "coordination_ring_sparse20": 0.0, "coordination_ring_potter0_20": 0.25, "asymmetric_advantages_sparse20": 19.0, "asymmetric_advantages_potter0_20": 1.0}
[pair_F] {"steps": 428032, "elapsed_s": 442.3, "coordination_ring_sparse20": 0.0, "coordination_ring_potter0_20": 0.25, "asymmetric_advantages_sparse20": 22.0, "asymmetric_advantages_potter0_20": 1.0}
[pair_F] {"steps": 430080, "elapsed_s": 444.5, "coordination_ring_sparse20": 0.0, "coordination_ring_potter0_20": 0.2, "asymmetric_advantages_sparse20": 21.0, "asymmetric_advantages_potter0_20": 1.0}
[pair_F] {"steps": 432128, "elapsed_s": 446.8, "coordination_ring_sparse20": 0.0, "coordination_ring_potter0_20": 0.2, "asymmetric_advantages_sparse20": 17.0, "asymmetric_advantages_potter0_20": 1.0}
[pair_F] {"steps": 434176, "elapsed_s": 449.0, "coordination_ring_sparse20": 0.0, "coordination_ring_potter0_20": 0.35, "asymmetric_advantages_sparse20": 15.0, "asymmetric_advantages_potter0_20": 1.0}
[pair_F] {"steps": 436224, "elapsed_s": 451.3, "coordination_ring_sparse20": 0.0, "coordination_ring_potter0_20": 0.45, "asymmetric_advantages_sparse20": 15.0, "asymmetric_advantages_potter0_20": 1.0}
[pair_F] {"steps": 438272, "elapsed_s": 453.3, "coordination_ring_sparse20": 0.0, "coordination_ring_potter0_20": 0.45, "asymmetric_advantages_sparse20": 15.0, "asymmetric_advantages_potter0_20": 1.0}
[pair_F] {"steps": 440320, "elapsed_s": 455.1, "coordination_ring_sparse20": 0.0, "coordination_ring_potter0_20": 0.5, "asymmetric_advantages_sparse20": 15.0, "asymmetric_advantages_potter0_20": 1.0}
[pair_F] {"steps": 442368, "elapsed_s": 457.0, "coordination_ring_sparse20": 1.0, "coordination_ring_potter0_20": 0.45, "asymmetric_advantages_sparse20": 15.0, "asymmetric_advantages_potter0_20": 1.0}
[pair_F] {"steps": 444416, "elapsed_s": 459.1, "coordination_ring_sparse20": 2.0, "coordination_ring_potter0_20": 0.5, "asymmetric_advantages_sparse20": 15.0, "asymmetric_advantages_potter0_20": 1.0}
[pair_F] {"steps": 446464, "elapsed_s": 461.0, "coordination_ring_sparse20": 2.0, "coordination_ring_potter0_20": 0.5, "asymmetric_advantages_sparse20": 14.0, "asymmetric_advantages_potter0_20": 1.0}
[pair_F] {"steps": 448512, "elapsed_s": 463.2, "coordination_ring_sparse20": 2.0, "coordination_ring_potter0_20": 0.6, "asymmetric_advantages_sparse20": 16.0, "asymmetric_advantages_potter0_20": 1.0}
[pair_F] {"steps": 450560, "elapsed_s": 465.2, "coordination_ring_sparse20": 2.0, "coordination_ring_potter0_20": 0.55, "asymmetric_advantages_sparse20": 15.0, "asymmetric_advantages_potter0_20": 1.0}
[pair_F] {"steps": 452608, "elapsed_s": 467.1, "coordination_ring_sparse20": 2.0, "coordination_ring_potter0_20": 0.6, "asymmetric_advantages_sparse20": 16.0, "asymmetric_advantages_potter0_20": 1.0}
[pair_F] {"steps": 454656, "elapsed_s": 469.2, "coordination_ring_sparse20": 2.0, "coordination_ring_potter0_20": 0.55, "asymmetric_advantages_sparse20": 18.0, "asymmetric_advantages_potter0_20": 1.0}
[pair_F] {"steps": 456704, "elapsed_s": 471.0, "coordination_ring_sparse20": 2.0, "coordination_ring_potter0_20": 0.6, "asymmetric_advantages_sparse20": 17.0, "asymmetric_advantages_potter0_20": 1.0}
[pair_F] {"steps": 458752, "elapsed_s": 473.2, "coordination_ring_sparse20": 2.0, "coordination_ring_potter0_20": 0.6, "asymmetric_advantages_sparse20": 20.0, "asymmetric_advantages_potter0_20": 1.0}
[pair_F] {"steps": 460800, "elapsed_s": 475.3, "coordination_ring_sparse20": 1.0, "coordination_ring_potter0_20": 0.65, "asymmetric_advantages_sparse20": 21.0, "asymmetric_advantages_potter0_20": 1.0}
[pair_F] {"steps": 462848, "elapsed_s": 477.3, "coordination_ring_sparse20": 1.0, "coordination_ring_potter0_20": 0.6, "asymmetric_advantages_sparse20": 20.0, "asymmetric_advantages_potter0_20": 1.0}
[pair_F] {"steps": 464896, "elapsed_s": 479.4, "coordination_ring_sparse20": 0.0, "coordination_ring_potter0_20": 0.6, "asymmetric_advantages_sparse20": 20.0, "asymmetric_advantages_potter0_20": 1.0}
[pair_F] {"steps": 466944, "elapsed_s": 481.4, "coordination_ring_sparse20": 0.0, "coordination_ring_potter0_20": 0.5, "asymmetric_advantages_sparse20": 18.0, "asymmetric_advantages_potter0_20": 1.0}
[pair_F] {"steps": 468992, "elapsed_s": 483.2, "coordination_ring_sparse20": 0.0, "coordination_ring_potter0_20": 0.5, "asymmetric_advantages_sparse20": 14.0, "asymmetric_advantages_potter0_20": 1.0}
[pair_F] {"steps": 471040, "elapsed_s": 485.4, "coordination_ring_sparse20": 0.0, "coordination_ring_potter0_20": 0.5, "asymmetric_advantages_sparse20": 12.0, "asymmetric_advantages_potter0_20": 1.0}
[pair_F] {"steps": 473088, "elapsed_s": 487.5, "coordination_ring_sparse20": 0.0, "coordination_ring_potter0_20": 0.45, "asymmetric_advantages_sparse20": 14.0, "asymmetric_advantages_potter0_20": 1.0}
[pair_F] {"steps": 475136, "elapsed_s": 489.4, "coordination_ring_sparse20": 0.0, "coordination_ring_potter0_20": 0.5, "asymmetric_advantages_sparse20": 15.0, "asymmetric_advantages_potter0_20": 1.0}
[pair_F] {"steps": 477184, "elapsed_s": 491.2, "coordination_ring_sparse20": 0.0, "coordination_ring_potter0_20": 0.5, "asymmetric_advantages_sparse20": 18.0, "asymmetric_advantages_potter0_20": 1.0}
[pair_F] {"steps": 479232, "elapsed_s": 493.2, "coordination_ring_sparse20": 0.0, "coordination_ring_potter0_20": 0.45, "asymmetric_advantages_sparse20": 22.0, "asymmetric_advantages_potter0_20": 1.0}
[pair_F] {"steps": 481280, "elapsed_s": 495.1, "coordination_ring_sparse20": 0.0, "coordination_ring_potter0_20": 0.4, "asymmetric_advantages_sparse20": 23.0, "asymmetric_advantages_potter0_20": 1.0}
[pair_F] {"steps": 483328, "elapsed_s": 497.0, "coordination_ring_sparse20": 0.0, "coordination_ring_potter0_20": 0.4, "asymmetric_advantages_sparse20": 24.0, "asymmetric_advantages_potter0_20": 1.0}
[pair_F] {"steps": 485376, "elapsed_s": 499.2, "coordination_ring_sparse20": 0.0, "coordination_ring_potter0_20": 0.4, "asymmetric_advantages_sparse20": 22.0, "asymmetric_advantages_potter0_20": 1.0}
[pair_F] {"steps": 487424, "elapsed_s": 501.3, "coordination_ring_sparse20": 0.0, "coordination_ring_potter0_20": 0.4, "asymmetric_advantages_sparse20": 20.0, "asymmetric_advantages_potter0_20": 1.0}
[pair_F] {"steps": 489472, "elapsed_s": 503.3, "coordination_ring_sparse20": 0.0, "coordination_ring_potter0_20": 0.45, "asymmetric_advantages_sparse20": 21.0, "asymmetric_advantages_potter0_20": 1.0}
[pair_F] {"steps": 491520, "elapsed_s": 505.2, "coordination_ring_sparse20": 0.0, "coordination_ring_potter0_20": 0.45, "asymmetric_advantages_sparse20": 20.0, "asymmetric_advantages_potter0_20": 1.0}
[pair_F] {"steps": 493568, "elapsed_s": 507.1, "coordination_ring_sparse20": 0.0, "coordination_ring_potter0_20": 0.45, "asymmetric_advantages_sparse20": 16.0, "asymmetric_advantages_potter0_20": 1.0}
[pair_F] {"steps": 495616, "elapsed_s": 509.4, "coordination_ring_sparse20": 0.0, "coordination_ring_potter0_20": 0.55, "asymmetric_advantages_sparse20": 15.0, "asymmetric_advantages_potter0_20": 1.0}
[pair_F] {"steps": 497664, "elapsed_s": 511.5, "coordination_ring_sparse20": 0.0, "coordination_ring_potter0_20": 0.5, "asymmetric_advantages_sparse20": 16.0, "asymmetric_advantages_potter0_20": 1.0}
[pair_F] {"steps": 499712, "elapsed_s": 513.4, "coordination_ring_sparse20": 0.0, "coordination_ring_potter0_20": 0.55, "asymmetric_advantages_sparse20": 18.0, "asymmetric_advantages_potter0_20": 1.0}
[pair_F] {"steps": 501760, "elapsed_s": 515.4, "coordination_ring_sparse20": 0.0, "coordination_ring_potter0_20": 0.6, "asymmetric_advantages_sparse20": 17.0, "asymmetric_advantages_potter0_20": 1.0}
[pair_F] {"steps": 503808, "elapsed_s": 517.3, "coordination_ring_sparse20": 0.0, "coordination_ring_potter0_20": 0.55, "asymmetric_advantages_sparse20": 17.0, "asymmetric_advantages_potter0_20": 1.0}
[pair_F] {"steps": 505856, "elapsed_s": 519.1, "coordination_ring_sparse20": 0.0, "coordination_ring_potter0_20": 0.6, "asymmetric_advantages_sparse20": 19.0, "asymmetric_advantages_potter0_20": 1.0}
[pair_F] {"steps": 507904, "elapsed_s": 521.1, "coordination_ring_sparse20": 0.0, "coordination_ring_potter0_20": 0.55, "asymmetric_advantages_sparse20": 19.0, "asymmetric_advantages_potter0_20": 1.0}
[pair_F] {"steps": 509952, "elapsed_s": 522.9, "coordination_ring_sparse20": 0.0, "coordination_ring_potter0_20": 0.45, "asymmetric_advantages_sparse20": 24.0, "asymmetric_advantages_potter0_20": 1.0}
[pair_F] {"steps": 512000, "elapsed_s": 524.9, "coordination_ring_sparse20": 0.0, "coordination_ring_potter0_20": 0.4, "asymmetric_advantages_sparse20": 21.0, "asymmetric_advantages_potter0_20": 1.0}
[pair_F] {"steps": 514048, "elapsed_s": 526.8, "coordination_ring_sparse20": 0.0, "coordination_ring_potter0_20": 0.35, "asymmetric_advantages_sparse20": 19.0, "asymmetric_advantages_potter0_20": 1.0}
[pair_F] {"steps": 516096, "elapsed_s": 528.4, "coordination_ring_sparse20": 0.0, "coordination_ring_potter0_20": 0.45, "asymmetric_advantages_sparse20": 18.0, "asymmetric_advantages_potter0_20": 1.0}
[pair_F] {"steps": 518144, "elapsed_s": 530.4, "coordination_ring_sparse20": 0.0, "coordination_ring_potter0_20": 0.4, "asymmetric_advantages_sparse20": 17.0, "asymmetric_advantages_potter0_20": 1.0}
[pair_F] {"steps": 520192, "elapsed_s": 532.4, "coordination_ring_sparse20": 1.0, "coordination_ring_potter0_20": 0.4, "asymmetric_advantages_sparse20": 17.0, "asymmetric_advantages_potter0_20": 1.0}
[pair_F] {"steps": 522240, "elapsed_s": 534.4, "coordination_ring_sparse20": 1.0, "coordination_ring_potter0_20": 0.4, "asymmetric_advantages_sparse20": 15.0, "asymmetric_advantages_potter0_20": 1.0}
[pair_F] {"steps": 524288, "elapsed_s": 536.6, "coordination_ring_sparse20": 2.0, "coordination_ring_potter0_20": 0.35, "asymmetric_advantages_sparse20": 14.0, "asymmetric_advantages_potter0_20": 1.0}
[pair_F] {"steps": 526336, "elapsed_s": 538.7, "coordination_ring_sparse20": 2.0, "coordination_ring_potter0_20": 0.4, "asymmetric_advantages_sparse20": 10.0, "asymmetric_advantages_potter0_20": 1.0}
[pair_F] {"steps": 528384, "elapsed_s": 540.5, "coordination_ring_sparse20": 2.0, "coordination_ring_potter0_20": 0.5, "asymmetric_advantages_sparse20": 10.0, "asymmetric_advantages_potter0_20": 1.0}
[pair_F] {"steps": 530432, "elapsed_s": 542.5, "coordination_ring_sparse20": 2.0, "coordination_ring_potter0_20": 0.5, "asymmetric_advantages_sparse20": 13.0, "asymmetric_advantages_potter0_20": 1.0}
[pair_F] {"steps": 532480, "elapsed_s": 544.5, "coordination_ring_sparse20": 2.0, "coordination_ring_potter0_20": 0.5, "asymmetric_advantages_sparse20": 12.0, "asymmetric_advantages_potter0_20": 1.0}
[pair_F] {"steps": 534528, "elapsed_s": 546.6, "coordination_ring_sparse20": 2.0, "coordination_ring_potter0_20": 0.5, "asymmetric_advantages_sparse20": 14.0, "asymmetric_advantages_potter0_20": 1.0}
[pair_F] {"steps": 536576, "elapsed_s": 548.5, "coordination_ring_sparse20": 2.0, "coordination_ring_potter0_20": 0.55, "asymmetric_advantages_sparse20": 17.0, "asymmetric_advantages_potter0_20": 1.0}
[pair_F] {"steps": 538624, "elapsed_s": 550.7, "coordination_ring_sparse20": 2.0, "coordination_ring_potter0_20": 0.55, "asymmetric_advantages_sparse20": 16.0, "asymmetric_advantages_potter0_20": 1.0}
[pair_F] {"steps": 540672, "elapsed_s": 552.4, "coordination_ring_sparse20": 1.0, "coordination_ring_potter0_20": 0.6, "asymmetric_advantages_sparse20": 16.0, "asymmetric_advantages_potter0_20": 1.0}
[pair_F] {"steps": 542720, "elapsed_s": 554.5, "coordination_ring_sparse20": 1.0, "coordination_ring_potter0_20": 0.45, "asymmetric_advantages_sparse20": 17.0, "asymmetric_advantages_potter0_20": 1.0}
[pair_F] {"steps": 544768, "elapsed_s": 556.6, "coordination_ring_sparse20": 1.0, "coordination_ring_potter0_20": 0.6, "asymmetric_advantages_sparse20": 19.0, "asymmetric_advantages_potter0_20": 1.0}
[pair_F] {"steps": 546816, "elapsed_s": 558.6, "coordination_ring_sparse20": 1.0, "coordination_ring_potter0_20": 0.6, "asymmetric_advantages_sparse20": 19.0, "asymmetric_advantages_potter0_20": 1.0}
[pair_F] {"steps": 548864, "elapsed_s": 560.4, "coordination_ring_sparse20": 1.0, "coordination_ring_potter0_20": 0.55, "asymmetric_advantages_sparse20": 17.0, "asymmetric_advantages_potter0_20": 1.0}
[pair_F] {"steps": 550912, "elapsed_s": 562.2, "coordination_ring_sparse20": 1.0, "coordination_ring_potter0_20": 0.5, "asymmetric_advantages_sparse20": 15.0, "asymmetric_advantages_potter0_20": 1.0}
[pair_F] {"steps": 552960, "elapsed_s": 564.0, "coordination_ring_sparse20": 0.0, "coordination_ring_potter0_20": 0.45, "asymmetric_advantages_sparse20": 13.0, "asymmetric_advantages_potter0_20": 1.0}
[pair_F] {"steps": 555008, "elapsed_s": 565.9, "coordination_ring_sparse20": 0.0, "coordination_ring_potter0_20": 0.5, "asymmetric_advantages_sparse20": 14.0, "asymmetric_advantages_potter0_20": 1.0}
[pair_F] {"steps": 557056, "elapsed_s": 567.9, "coordination_ring_sparse20": 0.0, "coordination_ring_potter0_20": 0.4, "asymmetric_advantages_sparse20": 13.0, "asymmetric_advantages_potter0_20": 1.0}
[pair_F] {"steps": 559104, "elapsed_s": 570.0, "coordination_ring_sparse20": 0.0, "coordination_ring_potter0_20": 0.45, "asymmetric_advantages_sparse20": 11.0, "asymmetric_advantages_potter0_20": 1.0}
[pair_F] {"steps": 561152, "elapsed_s": 571.6, "coordination_ring_sparse20": 0.0, "coordination_ring_potter0_20": 0.5, "asymmetric_advantages_sparse20": 14.0, "asymmetric_advantages_potter0_20": 1.0}
[pair_F] {"steps": 563200, "elapsed_s": 573.3, "coordination_ring_sparse20": 0.0, "coordination_ring_potter0_20": 0.5, "asymmetric_advantages_sparse20": 15.0, "asymmetric_advantages_potter0_20": 1.0}
[pair_F] {"steps": 565248, "elapsed_s": 574.9, "coordination_ring_sparse20": 0.0, "coordination_ring_potter0_20": 0.55, "asymmetric_advantages_sparse20": 19.0, "asymmetric_advantages_potter0_20": 1.0}
[pair_F] {"steps": 567296, "elapsed_s": 576.9, "coordination_ring_sparse20": 0.0, "coordination_ring_potter0_20": 0.5, "asymmetric_advantages_sparse20": 25.0, "asymmetric_advantages_potter0_20": 1.0}
[pair_F] {"steps": 569344, "elapsed_s": 578.5, "coordination_ring_sparse20": 0.0, "coordination_ring_potter0_20": 0.5, "asymmetric_advantages_sparse20": 27.0, "asymmetric_advantages_potter0_20": 1.0}
[pair_F] {"steps": 571392, "elapsed_s": 580.1, "coordination_ring_sparse20": 0.0, "coordination_ring_potter0_20": 0.45, "asymmetric_advantages_sparse20": 27.0, "asymmetric_advantages_potter0_20": 1.0}
[pair_F] {"steps": 573440, "elapsed_s": 581.8, "coordination_ring_sparse20": 0.0, "coordination_ring_potter0_20": 0.5, "asymmetric_advantages_sparse20": 25.0, "asymmetric_advantages_potter0_20": 1.0}
[pair_F] {"steps": 575488, "elapsed_s": 583.4, "coordination_ring_sparse20": 0.0, "coordination_ring_potter0_20": 0.5, "asymmetric_advantages_sparse20": 26.0, "asymmetric_advantages_potter0_20": 1.0}
[pair_F] {"steps": 577536, "elapsed_s": 585.1, "coordination_ring_sparse20": 0.0, "coordination_ring_potter0_20": 0.5, "asymmetric_advantages_sparse20": 25.0, "asymmetric_advantages_potter0_20": 1.0}
[pair_F] {"steps": 579584, "elapsed_s": 586.7, "coordination_ring_sparse20": 0.0, "coordination_ring_potter0_20": 0.4, "asymmetric_advantages_sparse20": 23.0, "asymmetric_advantages_potter0_20": 1.0}
[pair_F] {"steps": 581632, "elapsed_s": 588.6, "coordination_ring_sparse20": 0.0, "coordination_ring_potter0_20": 0.35, "asymmetric_advantages_sparse20": 20.0, "asymmetric_advantages_potter0_20": 1.0}
[pair_F] {"steps": 583680, "elapsed_s": 590.4, "coordination_ring_sparse20": 0.0, "coordination_ring_potter0_20": 0.35, "asymmetric_advantages_sparse20": 14.0, "asymmetric_advantages_potter0_20": 1.0}
[pair_F] {"steps": 585728, "elapsed_s": 592.5, "coordination_ring_sparse20": 0.0, "coordination_ring_potter0_20": 0.45, "asymmetric_advantages_sparse20": 15.0, "asymmetric_advantages_potter0_20": 1.0}
[pair_F] {"steps": 587776, "elapsed_s": 594.7, "coordination_ring_sparse20": 0.0, "coordination_ring_potter0_20": 0.4, "asymmetric_advantages_sparse20": 16.0, "asymmetric_advantages_potter0_20": 1.0}
[pair_F] {"steps": 589824, "elapsed_s": 596.9, "coordination_ring_sparse20": 0.0, "coordination_ring_potter0_20": 0.35, "asymmetric_advantages_sparse20": 16.0, "asymmetric_advantages_potter0_20": 1.0}
[pair_F] {"steps": 591872, "elapsed_s": 599.2, "coordination_ring_sparse20": 0.0, "coordination_ring_potter0_20": 0.4, "asymmetric_advantages_sparse20": 18.0, "asymmetric_advantages_potter0_20": 1.0}
[pair_F] {"steps": 593920, "elapsed_s": 601.3, "coordination_ring_sparse20": 0.0, "coordination_ring_potter0_20": 0.45, "asymmetric_advantages_sparse20": 16.0, "asymmetric_advantages_potter0_20": 1.0}
[pair_F] {"steps": 595968, "elapsed_s": 603.3, "coordination_ring_sparse20": 0.0, "coordination_ring_potter0_20": 0.45, "asymmetric_advantages_sparse20": 22.0, "asymmetric_advantages_potter0_20": 1.0}
[pair_F] {"steps": 598016, "elapsed_s": 605.3, "coordination_ring_sparse20": 0.0, "coordination_ring_potter0_20": 0.5, "asymmetric_advantages_sparse20": 24.0, "asymmetric_advantages_potter0_20": 1.0}
[pair_F] {"steps": 600064, "elapsed_s": 607.5, "coordination_ring_sparse20": 0.0, "coordination_ring_potter0_20": 0.5, "asymmetric_advantages_sparse20": 25.0, "asymmetric_advantages_potter0_20": 1.0}
[pair_F] {"steps": 602112, "elapsed_s": 609.6, "coordination_ring_sparse20": 0.0, "coordination_ring_potter0_20": 0.5, "asymmetric_advantages_sparse20": 26.0, "asymmetric_advantages_potter0_20": 1.0}
[pair_F] {"steps": 604160, "elapsed_s": 611.8, "coordination_ring_sparse20": 0.0, "coordination_ring_potter0_20": 0.45, "asymmetric_advantages_sparse20": 28.0, "asymmetric_advantages_potter0_20": 1.0}
[pair_F] {"steps": 606208, "elapsed_s": 613.7, "coordination_ring_sparse20": 0.0, "coordination_ring_potter0_20": 0.45, "asymmetric_advantages_sparse20": 31.0, "asymmetric_advantages_potter0_20": 1.0}
[pair_F] {"steps": 608256, "elapsed_s": 615.8, "coordination_ring_sparse20": 0.0, "coordination_ring_potter0_20": 0.45, "asymmetric_advantages_sparse20": 33.0, "asymmetric_advantages_potter0_20": 1.0}
[pair_F] {"steps": 610304, "elapsed_s": 618.0, "coordination_ring_sparse20": 0.0, "coordination_ring_potter0_20": 0.45, "asymmetric_advantages_sparse20": 31.0, "asymmetric_advantages_potter0_20": 1.0}
[pair_F] {"steps": 612352, "elapsed_s": 620.1, "coordination_ring_sparse20": 0.0, "coordination_ring_potter0_20": 0.45, "asymmetric_advantages_sparse20": 30.0, "asymmetric_advantages_potter0_20": 1.0}
[pair_F] {"steps": 614400, "elapsed_s": 622.2, "coordination_ring_sparse20": 0.0, "coordination_ring_potter0_20": 0.45, "asymmetric_advantages_sparse20": 32.0, "asymmetric_advantages_potter0_20": 1.0}
[pair_F] {"steps": 616448, "elapsed_s": 624.3, "coordination_ring_sparse20": 0.0, "coordination_ring_potter0_20": 0.35, "asymmetric_advantages_sparse20": 29.0, "asymmetric_advantages_potter0_20": 1.0}
[pair_F] {"steps": 618496, "elapsed_s": 626.5, "coordination_ring_sparse20": 0.0, "coordination_ring_potter0_20": 0.35, "asymmetric_advantages_sparse20": 25.0, "asymmetric_advantages_potter0_20": 1.0}
[pair_F] {"steps": 620544, "elapsed_s": 628.6, "coordination_ring_sparse20": 0.0, "coordination_ring_potter0_20": 0.35, "asymmetric_advantages_sparse20": 22.0, "asymmetric_advantages_potter0_20": 1.0}
[pair_F] {"steps": 622592, "elapsed_s": 630.9, "coordination_ring_sparse20": 0.0, "coordination_ring_potter0_20": 0.25, "asymmetric_advantages_sparse20": 22.0, "asymmetric_advantages_potter0_20": 1.0}
[pair_F] {"steps": 624640, "elapsed_s": 633.1, "coordination_ring_sparse20": 0.0, "coordination_ring_potter0_20": 0.3, "asymmetric_advantages_sparse20": 22.0, "asymmetric_advantages_potter0_20": 1.0}
[pair_F] {"steps": 626688, "elapsed_s": 635.1, "coordination_ring_sparse20": 0.0, "coordination_ring_potter0_20": 0.4, "asymmetric_advantages_sparse20": 22.0, "asymmetric_advantages_potter0_20": 1.0}
[pair_F] {"steps": 628736, "elapsed_s": 637.1, "coordination_ring_sparse20": 0.0, "coordination_ring_potter0_20": 0.45, "asymmetric_advantages_sparse20": 25.0, "asymmetric_advantages_potter0_20": 1.0}
[pair_F] {"steps": 630784, "elapsed_s": 639.8, "coordination_ring_sparse20": 0.0, "coordination_ring_potter0_20": 0.5, "asymmetric_advantages_sparse20": 31.0, "asymmetric_advantages_potter0_20": 1.0}
[pair_F] {"steps": 632832, "elapsed_s": 642.0, "coordination_ring_sparse20": 0.0, "coordination_ring_potter0_20": 0.5, "asymmetric_advantages_sparse20": 32.0, "asymmetric_advantages_potter0_20": 1.0}
[pair_F] {"steps": 634880, "elapsed_s": 644.0, "coordination_ring_sparse20": 0.0, "coordination_ring_potter0_20": 0.5, "asymmetric_advantages_sparse20": 32.0, "asymmetric_advantages_potter0_20": 1.0}
[pair_F] {"steps": 636928, "elapsed_s": 646.2, "coordination_ring_sparse20": 0.0, "coordination_ring_potter0_20": 0.55, "asymmetric_advantages_sparse20": 30.0, "asymmetric_advantages_potter0_20": 1.0}
[pair_F] {"steps": 638976, "elapsed_s": 648.3, "coordination_ring_sparse20": 0.0, "coordination_ring_potter0_20": 0.6, "asymmetric_advantages_sparse20": 31.0, "asymmetric_advantages_potter0_20": 1.0}
[pair_F] {"steps": 641024, "elapsed_s": 650.6, "coordination_ring_sparse20": 0.0, "coordination_ring_potter0_20": 0.5, "asymmetric_advantages_sparse20": 28.0, "asymmetric_advantages_potter0_20": 1.0}
[pair_F] {"steps": 643072, "elapsed_s": 652.8, "coordination_ring_sparse20": 0.0, "coordination_ring_potter0_20": 0.4, "asymmetric_advantages_sparse20": 27.0, "asymmetric_advantages_potter0_20": 1.0}
[pair_F] {"steps": 645120, "elapsed_s": 655.1, "coordination_ring_sparse20": 0.0, "coordination_ring_potter0_20": 0.35, "asymmetric_advantages_sparse20": 24.0, "asymmetric_advantages_potter0_20": 1.0}
[pair_F] {"steps": 647168, "elapsed_s": 657.2, "coordination_ring_sparse20": 0.0, "coordination_ring_potter0_20": 0.4, "asymmetric_advantages_sparse20": 23.0, "asymmetric_advantages_potter0_20": 1.0}
[pair_F] {"steps": 649216, "elapsed_s": 659.2, "coordination_ring_sparse20": 0.0, "coordination_ring_potter0_20": 0.4, "asymmetric_advantages_sparse20": 22.0, "asymmetric_advantages_potter0_20": 1.0}
[pair_F] {"steps": 651264, "elapsed_s": 661.3, "coordination_ring_sparse20": 0.0, "coordination_ring_potter0_20": 0.3, "asymmetric_advantages_sparse20": 21.0, "asymmetric_advantages_potter0_20": 1.0}
[pair_F] {"steps": 653312, "elapsed_s": 663.3, "coordination_ring_sparse20": 0.0, "coordination_ring_potter0_20": 0.3, "asymmetric_advantages_sparse20": 24.0, "asymmetric_advantages_potter0_20": 1.0}
[pair_F] {"steps": 655360, "elapsed_s": 665.5, "coordination_ring_sparse20": 0.0, "coordination_ring_potter0_20": 0.3, "asymmetric_advantages_sparse20": 23.0, "asymmetric_advantages_potter0_20": 1.0}
[pair_F] {"steps": 657408, "elapsed_s": 667.7, "coordination_ring_sparse20": 0.0, "coordination_ring_potter0_20": 0.3, "asymmetric_advantages_sparse20": 24.0, "asymmetric_advantages_potter0_20": 1.0}
[pair_F] {"steps": 659456, "elapsed_s": 669.7, "coordination_ring_sparse20": 0.0, "coordination_ring_potter0_20": 0.3, "asymmetric_advantages_sparse20": 24.0, "asymmetric_advantages_potter0_20": 1.0}
[pair_F] {"steps": 661504, "elapsed_s": 671.8, "coordination_ring_sparse20": 0.0, "coordination_ring_potter0_20": 0.25, "asymmetric_advantages_sparse20": 22.0, "asymmetric_advantages_potter0_20": 1.0}
[pair_F] {"steps": 663552, "elapsed_s": 673.9, "coordination_ring_sparse20": 1.0, "coordination_ring_potter0_20": 0.3, "asymmetric_advantages_sparse20": 24.0, "asymmetric_advantages_potter0_20": 1.0}
[pair_F] {"steps": 665600, "elapsed_s": 676.1, "coordination_ring_sparse20": 1.0, "coordination_ring_potter0_20": 0.3, "asymmetric_advantages_sparse20": 23.0, "asymmetric_advantages_potter0_20": 1.0}
[pair_F] {"steps": 667648, "elapsed_s": 678.2, "coordination_ring_sparse20": 1.0, "coordination_ring_potter0_20": 0.25, "asymmetric_advantages_sparse20": 23.0, "asymmetric_advantages_potter0_20": 1.0}
[pair_F] {"steps": 669696, "elapsed_s": 680.4, "coordination_ring_sparse20": 1.0, "coordination_ring_potter0_20": 0.25, "asymmetric_advantages_sparse20": 25.0, "asymmetric_advantages_potter0_20": 1.0}
[pair_F] {"steps": 671744, "elapsed_s": 682.2, "coordination_ring_sparse20": 1.0, "coordination_ring_potter0_20": 0.4, "asymmetric_advantages_sparse20": 25.0, "asymmetric_advantages_potter0_20": 1.0}
[pair_F] {"steps": 673792, "elapsed_s": 684.4, "coordination_ring_sparse20": 1.0, "coordination_ring_potter0_20": 0.35, "asymmetric_advantages_sparse20": 24.0, "asymmetric_advantages_potter0_20": 1.0}
[pair_F] {"steps": 675840, "elapsed_s": 686.6, "coordination_ring_sparse20": 1.0, "coordination_ring_potter0_20": 0.3, "asymmetric_advantages_sparse20": 28.0, "asymmetric_advantages_potter0_20": 1.0}
[pair_F] {"steps": 677888, "elapsed_s": 689.4, "coordination_ring_sparse20": 0.0, "coordination_ring_potter0_20": 0.3, "asymmetric_advantages_sparse20": 27.0, "asymmetric_advantages_potter0_20": 1.0}
[pair_F] {"steps": 679936, "elapsed_s": 691.7, "coordination_ring_sparse20": 0.0, "coordination_ring_potter0_20": 0.35, "asymmetric_advantages_sparse20": 28.0, "asymmetric_advantages_potter0_20": 1.0}
[pair_F] {"steps": 681984, "elapsed_s": 693.9, "coordination_ring_sparse20": 0.0, "coordination_ring_potter0_20": 0.35, "asymmetric_advantages_sparse20": 28.0, "asymmetric_advantages_potter0_20": 1.0}
[pair_F] {"steps": 684032, "elapsed_s": 695.9, "coordination_ring_sparse20": 0.0, "coordination_ring_potter0_20": 0.35, "asymmetric_advantages_sparse20": 30.0, "asymmetric_advantages_potter0_20": 1.0}
[pair_F] {"steps": 686080, "elapsed_s": 697.9, "coordination_ring_sparse20": 0.0, "coordination_ring_potter0_20": 0.3, "asymmetric_advantages_sparse20": 27.0, "asymmetric_advantages_potter0_20": 1.0}
[pair_F] {"steps": 688128, "elapsed_s": 699.8, "coordination_ring_sparse20": 0.0, "coordination_ring_potter0_20": 0.35, "asymmetric_advantages_sparse20": 26.0, "asymmetric_advantages_potter0_20": 1.0}
[pair_F] {"steps": 690176, "elapsed_s": 701.8, "coordination_ring_sparse20": 0.0, "coordination_ring_potter0_20": 0.35, "asymmetric_advantages_sparse20": 27.0, "asymmetric_advantages_potter0_20": 1.0}
[pair_F] {"steps": 692224, "elapsed_s": 703.9, "coordination_ring_sparse20": 0.0, "coordination_ring_potter0_20": 0.35, "asymmetric_advantages_sparse20": 28.0, "asymmetric_advantages_potter0_20": 1.0}
[pair_F] {"steps": 694272, "elapsed_s": 705.5, "coordination_ring_sparse20": 0.0, "coordination_ring_potter0_20": 0.35, "asymmetric_advantages_sparse20": 28.0, "asymmetric_advantages_potter0_20": 1.0}
[pair_F] {"steps": 696320, "elapsed_s": 707.7, "coordination_ring_sparse20": 0.0, "coordination_ring_potter0_20": 0.35, "asymmetric_advantages_sparse20": 29.0, "asymmetric_advantages_potter0_20": 1.0}
[pair_F] {"steps": 698368, "elapsed_s": 710.3, "coordination_ring_sparse20": 0.0, "coordination_ring_potter0_20": 0.3, "asymmetric_advantages_sparse20": 29.0, "asymmetric_advantages_potter0_20": 1.0}
[pair_F] {"steps": 700416, "elapsed_s": 712.1, "coordination_ring_sparse20": 0.0, "coordination_ring_potter0_20": 0.3, "asymmetric_advantages_sparse20": 23.0, "asymmetric_advantages_potter0_20": 1.0}
[pair_F] {"steps": 702464, "elapsed_s": 714.1, "coordination_ring_sparse20": 0.0, "coordination_ring_potter0_20": 0.3, "asymmetric_advantages_sparse20": 27.0, "asymmetric_advantages_potter0_20": 1.0}
[pair_F] {"steps": 704512, "elapsed_s": 715.8, "coordination_ring_sparse20": 0.0, "coordination_ring_potter0_20": 0.3, "asymmetric_advantages_sparse20": 29.0, "asymmetric_advantages_potter0_20": 1.0}
[pair_F] {"steps": 706560, "elapsed_s": 717.8, "coordination_ring_sparse20": 0.0, "coordination_ring_potter0_20": 0.35, "asymmetric_advantages_sparse20": 29.0, "asymmetric_advantages_potter0_20": 1.0}
[pair_F] {"steps": 708608, "elapsed_s": 719.9, "coordination_ring_sparse20": 0.0, "coordination_ring_potter0_20": 0.3, "asymmetric_advantages_sparse20": 28.0, "asymmetric_advantages_potter0_20": 1.0}
[pair_F] {"steps": 710656, "elapsed_s": 721.9, "coordination_ring_sparse20": 0.0, "coordination_ring_potter0_20": 0.3, "asymmetric_advantages_sparse20": 26.0, "asymmetric_advantages_potter0_20": 1.0}
[pair_F] {"steps": 712704, "elapsed_s": 724.0, "coordination_ring_sparse20": 0.0, "coordination_ring_potter0_20": 0.25, "asymmetric_advantages_sparse20": 24.0, "asymmetric_advantages_potter0_20": 1.0}
[pair_F] {"steps": 714752, "elapsed_s": 725.9, "coordination_ring_sparse20": 0.0, "coordination_ring_potter0_20": 0.3, "asymmetric_advantages_sparse20": 25.0, "asymmetric_advantages_potter0_20": 1.0}
[pair_F] {"steps": 716800, "elapsed_s": 727.9, "coordination_ring_sparse20": 0.0, "coordination_ring_potter0_20": 0.35, "asymmetric_advantages_sparse20": 29.0, "asymmetric_advantages_potter0_20": 1.0}
[pair_F] {"steps": 718848, "elapsed_s": 729.8, "coordination_ring_sparse20": 0.0, "coordination_ring_potter0_20": 0.35, "asymmetric_advantages_sparse20": 27.0, "asymmetric_advantages_potter0_20": 1.0}
[pair_F] {"steps": 720896, "elapsed_s": 731.8, "coordination_ring_sparse20": 0.0, "coordination_ring_potter0_20": 0.35, "asymmetric_advantages_sparse20": 30.0, "asymmetric_advantages_potter0_20": 1.0}
[pair_F] {"steps": 722944, "elapsed_s": 733.6, "coordination_ring_sparse20": 0.0, "coordination_ring_potter0_20": 0.3, "asymmetric_advantages_sparse20": 31.0, "asymmetric_advantages_potter0_20": 1.0}
[pair_F] {"steps": 724992, "elapsed_s": 735.7, "coordination_ring_sparse20": 0.0, "coordination_ring_potter0_20": 0.3, "asymmetric_advantages_sparse20": 31.0, "asymmetric_advantages_potter0_20": 1.0}
[pair_F] {"steps": 727040, "elapsed_s": 737.8, "coordination_ring_sparse20": 0.0, "coordination_ring_potter0_20": 0.3, "asymmetric_advantages_sparse20": 34.0, "asymmetric_advantages_potter0_20": 1.0}
[pair_F] {"steps": 729088, "elapsed_s": 740.5, "coordination_ring_sparse20": 0.0, "coordination_ring_potter0_20": 0.4, "asymmetric_advantages_sparse20": 32.0, "asymmetric_advantages_potter0_20": 1.0}
[pair_F] {"steps": 731136, "elapsed_s": 742.8, "coordination_ring_sparse20": 0.0, "coordination_ring_potter0_20": 0.45, "asymmetric_advantages_sparse20": 34.0, "asymmetric_advantages_potter0_20": 1.0}
[pair_F] {"steps": 733184, "elapsed_s": 745.1, "coordination_ring_sparse20": 0.0, "coordination_ring_potter0_20": 0.4, "asymmetric_advantages_sparse20": 37.0, "asymmetric_advantages_potter0_20": 1.0}
[pair_F] {"steps": 735232, "elapsed_s": 748.1, "coordination_ring_sparse20": 0.0, "coordination_ring_potter0_20": 0.4, "asymmetric_advantages_sparse20": 34.0, "asymmetric_advantages_potter0_20": 1.0}
[pair_F] {"steps": 737280, "elapsed_s": 750.4, "coordination_ring_sparse20": 0.0, "coordination_ring_potter0_20": 0.4, "asymmetric_advantages_sparse20": 35.0, "asymmetric_advantages_potter0_20": 1.0}
[pair_F] {"steps": 739328, "elapsed_s": 752.2, "coordination_ring_sparse20": 0.0, "coordination_ring_potter0_20": 0.4, "asymmetric_advantages_sparse20": 43.0, "asymmetric_advantages_potter0_20": 1.0}
[pair_F] {"steps": 741376, "elapsed_s": 754.5, "coordination_ring_sparse20": 0.0, "coordination_ring_potter0_20": 0.45, "asymmetric_advantages_sparse20": 42.0, "asymmetric_advantages_potter0_20": 1.0}
[pair_F] {"steps": 743424, "elapsed_s": 757.1, "coordination_ring_sparse20": 0.0, "coordination_ring_potter0_20": 0.45, "asymmetric_advantages_sparse20": 41.0, "asymmetric_advantages_potter0_20": 1.0}
[pair_F] {"steps": 745472, "elapsed_s": 759.9, "coordination_ring_sparse20": 0.0, "coordination_ring_potter0_20": 0.5, "asymmetric_advantages_sparse20": 36.0, "asymmetric_advantages_potter0_20": 1.0}
[pair_F] {"steps": 747520, "elapsed_s": 762.7, "coordination_ring_sparse20": 0.0, "coordination_ring_potter0_20": 0.45, "asymmetric_advantages_sparse20": 36.0, "asymmetric_advantages_potter0_20": 1.0}
[pair_F] {"steps": 749568, "elapsed_s": 764.7, "coordination_ring_sparse20": 0.0, "coordination_ring_potter0_20": 0.45, "asymmetric_advantages_sparse20": 36.0, "asymmetric_advantages_potter0_20": 1.0}
[pair_F] {"steps": 751616, "elapsed_s": 767.4, "coordination_ring_sparse20": 0.0, "coordination_ring_potter0_20": 0.35, "asymmetric_advantages_sparse20": 31.0, "asymmetric_advantages_potter0_20": 1.0}
[pair_F] {"steps": 753664, "elapsed_s": 769.9, "coordination_ring_sparse20": 0.0, "coordination_ring_potter0_20": 0.4, "asymmetric_advantages_sparse20": 29.0, "asymmetric_advantages_potter0_20": 1.0}
[pair_F] {"steps": 755712, "elapsed_s": 772.4, "coordination_ring_sparse20": 0.0, "coordination_ring_potter0_20": 0.4, "asymmetric_advantages_sparse20": 27.0, "asymmetric_advantages_potter0_20": 1.0}
[pair_F] {"steps": 757760, "elapsed_s": 775.1, "coordination_ring_sparse20": 0.0, "coordination_ring_potter0_20": 0.4, "asymmetric_advantages_sparse20": 32.0, "asymmetric_advantages_potter0_20": 1.0}
[pair_F] {"steps": 759808, "elapsed_s": 777.7, "coordination_ring_sparse20": 0.0, "coordination_ring_potter0_20": 0.4, "asymmetric_advantages_sparse20": 32.0, "asymmetric_advantages_potter0_20": 1.0}
[pair_F] {"steps": 761856, "elapsed_s": 780.4, "coordination_ring_sparse20": 0.0, "coordination_ring_potter0_20": 0.4, "asymmetric_advantages_sparse20": 31.0, "asymmetric_advantages_potter0_20": 1.0}
[pair_F] {"steps": 763904, "elapsed_s": 782.9, "coordination_ring_sparse20": 1.0, "coordination_ring_potter0_20": 0.45, "asymmetric_advantages_sparse20": 35.0, "asymmetric_advantages_potter0_20": 1.0}
[pair_F] {"steps": 765952, "elapsed_s": 785.2, "coordination_ring_sparse20": 1.0, "coordination_ring_potter0_20": 0.45, "asymmetric_advantages_sparse20": 42.0, "asymmetric_advantages_potter0_20": 1.0}
[pair_F] {"steps": 768000, "elapsed_s": 787.7, "coordination_ring_sparse20": 1.0, "coordination_ring_potter0_20": 0.5, "asymmetric_advantages_sparse20": 41.0, "asymmetric_advantages_potter0_20": 1.0}
[pair_F] {"steps": 770048, "elapsed_s": 790.6, "coordination_ring_sparse20": 1.0, "coordination_ring_potter0_20": 0.55, "asymmetric_advantages_sparse20": 39.0, "asymmetric_advantages_potter0_20": 1.0}
[pair_F] {"steps": 772096, "elapsed_s": 792.9, "coordination_ring_sparse20": 1.0, "coordination_ring_potter0_20": 0.4, "asymmetric_advantages_sparse20": 38.0, "asymmetric_advantages_potter0_20": 1.0}
[pair_F] {"steps": 774144, "elapsed_s": 795.0, "coordination_ring_sparse20": 1.0, "coordination_ring_potter0_20": 0.5, "asymmetric_advantages_sparse20": 36.0, "asymmetric_advantages_potter0_20": 1.0}
[pair_F] {"steps": 776192, "elapsed_s": 797.2, "coordination_ring_sparse20": 1.0, "coordination_ring_potter0_20": 0.5, "asymmetric_advantages_sparse20": 36.0, "asymmetric_advantages_potter0_20": 1.0}
[pair_F] {"steps": 778240, "elapsed_s": 799.9, "coordination_ring_sparse20": 0.0, "coordination_ring_potter0_20": 0.55, "asymmetric_advantages_sparse20": 36.0, "asymmetric_advantages_potter0_20": 1.0}
[pair_F] {"steps": 780288, "elapsed_s": 802.3, "coordination_ring_sparse20": 0.0, "coordination_ring_potter0_20": 0.5, "asymmetric_advantages_sparse20": 30.0, "asymmetric_advantages_potter0_20": 1.0}
[pair_F] {"steps": 782336, "elapsed_s": 804.6, "coordination_ring_sparse20": 0.0, "coordination_ring_potter0_20": 0.45, "asymmetric_advantages_sparse20": 26.0, "asymmetric_advantages_potter0_20": 1.0}
[pair_F] {"steps": 784384, "elapsed_s": 807.2, "coordination_ring_sparse20": 1.0, "coordination_ring_potter0_20": 0.55, "asymmetric_advantages_sparse20": 25.0, "asymmetric_advantages_potter0_20": 1.0}
[pair_F] {"steps": 786432, "elapsed_s": 810.0, "coordination_ring_sparse20": 1.0, "coordination_ring_potter0_20": 0.5, "asymmetric_advantages_sparse20": 23.0, "asymmetric_advantages_potter0_20": 1.0}
[pair_F] {"steps": 788480, "elapsed_s": 812.6, "coordination_ring_sparse20": 1.0, "coordination_ring_potter0_20": 0.5, "asymmetric_advantages_sparse20": 24.0, "asymmetric_advantages_potter0_20": 1.0}
[pair_F] {"steps": 790528, "elapsed_s": 815.1, "coordination_ring_sparse20": 1.0, "coordination_ring_potter0_20": 0.5, "asymmetric_advantages_sparse20": 23.0, "asymmetric_advantages_potter0_20": 1.0}
[pair_F] {"steps": 792576, "elapsed_s": 817.7, "coordination_ring_sparse20": 1.0, "coordination_ring_potter0_20": 0.5, "asymmetric_advantages_sparse20": 23.0, "asymmetric_advantages_potter0_20": 1.0}
[pair_F] {"steps": 794624, "elapsed_s": 820.3, "coordination_ring_sparse20": 2.0, "coordination_ring_potter0_20": 0.45, "asymmetric_advantages_sparse20": 23.0, "asymmetric_advantages_potter0_20": 1.0}
[pair_F] {"steps": 796672, "elapsed_s": 823.1, "coordination_ring_sparse20": 2.0, "coordination_ring_potter0_20": 0.5, "asymmetric_advantages_sparse20": 22.0, "asymmetric_advantages_potter0_20": 1.0}
[pair_F] {"steps": 798720, "elapsed_s": 825.9, "coordination_ring_sparse20": 2.0, "coordination_ring_potter0_20": 0.45, "asymmetric_advantages_sparse20": 27.0, "asymmetric_advantages_potter0_20": 1.0}
[pair_F] {"steps": 800768, "elapsed_s": 828.4, "coordination_ring_sparse20": 1.0, "coordination_ring_potter0_20": 0.5, "asymmetric_advantages_sparse20": 30.0, "asymmetric_advantages_potter0_20": 1.0}
[pair_F] {"steps": 802816, "elapsed_s": 830.9, "coordination_ring_sparse20": 1.0, "coordination_ring_potter0_20": 0.45, "asymmetric_advantages_sparse20": 31.0, "asymmetric_advantages_potter0_20": 1.0}
[pair_F] {"steps": 804864, "elapsed_s": 833.9, "coordination_ring_sparse20": 1.0, "coordination_ring_potter0_20": 0.35, "asymmetric_advantages_sparse20": 31.0, "asymmetric_advantages_potter0_20": 1.0}
[pair_F] {"steps": 806912, "elapsed_s": 836.4, "coordination_ring_sparse20": 1.0, "coordination_ring_potter0_20": 0.35, "asymmetric_advantages_sparse20": 30.0, "asymmetric_advantages_potter0_20": 1.0}
[pair_F] {"steps": 808960, "elapsed_s": 839.0, "coordination_ring_sparse20": 0.0, "coordination_ring_potter0_20": 0.45, "asymmetric_advantages_sparse20": 31.0, "asymmetric_advantages_potter0_20": 1.0}
[pair_F] {"steps": 811008, "elapsed_s": 841.3, "coordination_ring_sparse20": 0.0, "coordination_ring_potter0_20": 0.5, "asymmetric_advantages_sparse20": 30.0, "asymmetric_advantages_potter0_20": 1.0}
[pair_F] {"steps": 813056, "elapsed_s": 843.8, "coordination_ring_sparse20": 0.0, "coordination_ring_potter0_20": 0.45, "asymmetric_advantages_sparse20": 31.0, "asymmetric_advantages_potter0_20": 1.0}
[pair_F] {"steps": 815104, "elapsed_s": 846.4, "coordination_ring_sparse20": 0.0, "coordination_ring_potter0_20": 0.5, "asymmetric_advantages_sparse20": 32.0, "asymmetric_advantages_potter0_20": 1.0}
[pair_F] {"steps": 817152, "elapsed_s": 848.7, "coordination_ring_sparse20": 0.0, "coordination_ring_potter0_20": 0.45, "asymmetric_advantages_sparse20": 32.0, "asymmetric_advantages_potter0_20": 1.0}
[pair_F] {"steps": 819200, "elapsed_s": 851.5, "coordination_ring_sparse20": 0.0, "coordination_ring_potter0_20": 0.45, "asymmetric_advantages_sparse20": 32.0, "asymmetric_advantages_potter0_20": 1.0}
[pair_F] {"steps": 821248, "elapsed_s": 854.6, "coordination_ring_sparse20": 0.0, "coordination_ring_potter0_20": 0.4, "asymmetric_advantages_sparse20": 33.0, "asymmetric_advantages_potter0_20": 1.0}
[pair_F] {"steps": 823296, "elapsed_s": 857.1, "coordination_ring_sparse20": 0.0, "coordination_ring_potter0_20": 0.4, "asymmetric_advantages_sparse20": 34.0, "asymmetric_advantages_potter0_20": 1.0}
[pair_F] {"steps": 825344, "elapsed_s": 859.5, "coordination_ring_sparse20": 0.0, "coordination_ring_potter0_20": 0.35, "asymmetric_advantages_sparse20": 36.0, "asymmetric_advantages_potter0_20": 1.0}
[pair_F] {"steps": 827392, "elapsed_s": 862.2, "coordination_ring_sparse20": 0.0, "coordination_ring_potter0_20": 0.35, "asymmetric_advantages_sparse20": 35.0, "asymmetric_advantages_potter0_20": 1.0}
[pair_F] {"steps": 829440, "elapsed_s": 864.2, "coordination_ring_sparse20": 1.0, "coordination_ring_potter0_20": 0.3, "asymmetric_advantages_sparse20": 35.0, "asymmetric_advantages_potter0_20": 1.0}
[pair_F] {"steps": 831488, "elapsed_s": 866.6, "coordination_ring_sparse20": 1.0, "coordination_ring_potter0_20": 0.3, "asymmetric_advantages_sparse20": 35.0, "asymmetric_advantages_potter0_20": 1.0}
[pair_F] {"steps": 833536, "elapsed_s": 869.2, "coordination_ring_sparse20": 1.0, "coordination_ring_potter0_20": 0.3, "asymmetric_advantages_sparse20": 34.0, "asymmetric_advantages_potter0_20": 1.0}
[pair_F] {"steps": 835584, "elapsed_s": 871.6, "coordination_ring_sparse20": 1.0, "coordination_ring_potter0_20": 0.4, "asymmetric_advantages_sparse20": 34.0, "asymmetric_advantages_potter0_20": 1.0}
[pair_F] {"steps": 837632, "elapsed_s": 874.2, "coordination_ring_sparse20": 1.0, "coordination_ring_potter0_20": 0.35, "asymmetric_advantages_sparse20": 35.0, "asymmetric_advantages_potter0_20": 1.0}
[pair_F] {"steps": 839680, "elapsed_s": 876.8, "coordination_ring_sparse20": 1.0, "coordination_ring_potter0_20": 0.4, "asymmetric_advantages_sparse20": 38.0, "asymmetric_advantages_potter0_20": 1.0}
[pair_F] {"steps": 841728, "elapsed_s": 879.3, "coordination_ring_sparse20": 0.0, "coordination_ring_potter0_20": 0.4, "asymmetric_advantages_sparse20": 34.0, "asymmetric_advantages_potter0_20": 1.0}
[pair_F] {"steps": 843776, "elapsed_s": 881.6, "coordination_ring_sparse20": 0.0, "coordination_ring_potter0_20": 0.4, "asymmetric_advantages_sparse20": 36.0, "asymmetric_advantages_potter0_20": 1.0}
[pair_F] {"steps": 845824, "elapsed_s": 884.3, "coordination_ring_sparse20": 0.0, "coordination_ring_potter0_20": 0.45, "asymmetric_advantages_sparse20": 38.0, "asymmetric_advantages_potter0_20": 1.0}
[pair_F] {"steps": 847872, "elapsed_s": 886.8, "coordination_ring_sparse20": 0.0, "coordination_ring_potter0_20": 0.45, "asymmetric_advantages_sparse20": 40.0, "asymmetric_advantages_potter0_20": 1.0}
[pair_F] {"steps": 849920, "elapsed_s": 889.3, "coordination_ring_sparse20": 1.0, "coordination_ring_potter0_20": 0.35, "asymmetric_advantages_sparse20": 39.0, "asymmetric_advantages_potter0_20": 1.0}
[pair_F] {"steps": 851968, "elapsed_s": 891.8, "coordination_ring_sparse20": 1.0, "coordination_ring_potter0_20": 0.4, "asymmetric_advantages_sparse20": 41.0, "asymmetric_advantages_potter0_20": 1.0}
[pair_F] {"steps": 854016, "elapsed_s": 894.6, "coordination_ring_sparse20": 1.0, "coordination_ring_potter0_20": 0.4, "asymmetric_advantages_sparse20": 40.0, "asymmetric_advantages_potter0_20": 1.0}
[pair_F] {"steps": 856064, "elapsed_s": 897.1, "coordination_ring_sparse20": 1.0, "coordination_ring_potter0_20": 0.4, "asymmetric_advantages_sparse20": 40.0, "asymmetric_advantages_potter0_20": 1.0}
[pair_F] {"steps": 858112, "elapsed_s": 899.9, "coordination_ring_sparse20": 1.0, "coordination_ring_potter0_20": 0.4, "asymmetric_advantages_sparse20": 39.0, "asymmetric_advantages_potter0_20": 1.0}
[pair_F] {"steps": 860160, "elapsed_s": 902.4, "coordination_ring_sparse20": 1.0, "coordination_ring_potter0_20": 0.4, "asymmetric_advantages_sparse20": 37.0, "asymmetric_advantages_potter0_20": 1.0}
[pair_F] {"steps": 862208, "elapsed_s": 905.2, "coordination_ring_sparse20": 1.0, "coordination_ring_potter0_20": 0.4, "asymmetric_advantages_sparse20": 31.0, "asymmetric_advantages_potter0_20": 1.0}
[pair_F] {"steps": 864256, "elapsed_s": 907.6, "coordination_ring_sparse20": 1.0, "coordination_ring_potter0_20": 0.4, "asymmetric_advantages_sparse20": 37.0, "asymmetric_advantages_potter0_20": 1.0}
[pair_F] {"steps": 866304, "elapsed_s": 910.6, "coordination_ring_sparse20": 1.0, "coordination_ring_potter0_20": 0.4, "asymmetric_advantages_sparse20": 39.0, "asymmetric_advantages_potter0_20": 1.0}
[pair_F] {"steps": 868352, "elapsed_s": 913.3, "coordination_ring_sparse20": 0.0, "coordination_ring_potter0_20": 0.35, "asymmetric_advantages_sparse20": 37.0, "asymmetric_advantages_potter0_20": 1.0}
[pair_F] {"steps": 870400, "elapsed_s": 916.0, "coordination_ring_sparse20": 0.0, "coordination_ring_potter0_20": 0.4, "asymmetric_advantages_sparse20": 38.0, "asymmetric_advantages_potter0_20": 1.0}
[pair_F] {"steps": 872448, "elapsed_s": 918.8, "coordination_ring_sparse20": 0.0, "coordination_ring_potter0_20": 0.4, "asymmetric_advantages_sparse20": 41.0, "asymmetric_advantages_potter0_20": 1.0}
[pair_F] {"steps": 874496, "elapsed_s": 921.6, "coordination_ring_sparse20": 0.0, "coordination_ring_potter0_20": 0.4, "asymmetric_advantages_sparse20": 46.0, "asymmetric_advantages_potter0_20": 1.0}
[pair_F] {"steps": 876544, "elapsed_s": 924.7, "coordination_ring_sparse20": 0.0, "coordination_ring_potter0_20": 0.4, "asymmetric_advantages_sparse20": 46.0, "asymmetric_advantages_potter0_20": 1.0}
[pair_F] {"steps": 878592, "elapsed_s": 927.2, "coordination_ring_sparse20": 0.0, "coordination_ring_potter0_20": 0.35, "asymmetric_advantages_sparse20": 47.0, "asymmetric_advantages_potter0_20": 1.0}
[pair_F] {"steps": 880640, "elapsed_s": 929.6, "coordination_ring_sparse20": 0.0, "coordination_ring_potter0_20": 0.4, "asymmetric_advantages_sparse20": 47.0, "asymmetric_advantages_potter0_20": 1.0}
[pair_F] {"steps": 882688, "elapsed_s": 932.1, "coordination_ring_sparse20": 0.0, "coordination_ring_potter0_20": 0.45, "asymmetric_advantages_sparse20": 45.0, "asymmetric_advantages_potter0_20": 1.0}
[pair_F] {"steps": 884736, "elapsed_s": 935.0, "coordination_ring_sparse20": 0.0, "coordination_ring_potter0_20": 0.5, "asymmetric_advantages_sparse20": 42.0, "asymmetric_advantages_potter0_20": 1.0}
[pair_F] {"steps": 886784, "elapsed_s": 937.4, "coordination_ring_sparse20": 0.0, "coordination_ring_potter0_20": 0.55, "asymmetric_advantages_sparse20": 41.0, "asymmetric_advantages_potter0_20": 1.0}
[pair_F] {"steps": 888832, "elapsed_s": 940.1, "coordination_ring_sparse20": 0.0, "coordination_ring_potter0_20": 0.55, "asymmetric_advantages_sparse20": 42.0, "asymmetric_advantages_potter0_20": 1.0}
[pair_F] {"steps": 890880, "elapsed_s": 942.8, "coordination_ring_sparse20": 0.0, "coordination_ring_potter0_20": 0.55, "asymmetric_advantages_sparse20": 42.0, "asymmetric_advantages_potter0_20": 1.0}
[pair_F] {"steps": 892928, "elapsed_s": 945.7, "coordination_ring_sparse20": 0.0, "coordination_ring_potter0_20": 0.6, "asymmetric_advantages_sparse20": 41.0, "asymmetric_advantages_potter0_20": 1.0}
[pair_F] {"steps": 894976, "elapsed_s": 948.5, "coordination_ring_sparse20": 0.0, "coordination_ring_potter0_20": 0.5, "asymmetric_advantages_sparse20": 38.0, "asymmetric_advantages_potter0_20": 1.0}
[pair_F] {"steps": 897024, "elapsed_s": 951.4, "coordination_ring_sparse20": 0.0, "coordination_ring_potter0_20": 0.45, "asymmetric_advantages_sparse20": 32.0, "asymmetric_advantages_potter0_20": 1.0}
[pair_F] {"steps": 899072, "elapsed_s": 953.7, "coordination_ring_sparse20": 0.0, "coordination_ring_potter0_20": 0.5, "asymmetric_advantages_sparse20": 30.0, "asymmetric_advantages_potter0_20": 1.0}
[pair_F] {"steps": 901120, "elapsed_s": 956.3, "coordination_ring_sparse20": 0.0, "coordination_ring_potter0_20": 0.5, "asymmetric_advantages_sparse20": 27.0, "asymmetric_advantages_potter0_20": 1.0}
[pair_F] {"steps": 903168, "elapsed_s": 958.9, "coordination_ring_sparse20": 0.0, "coordination_ring_potter0_20": 0.5, "asymmetric_advantages_sparse20": 27.0, "asymmetric_advantages_potter0_20": 1.0}
[pair_F] {"steps": 905216, "elapsed_s": 961.3, "coordination_ring_sparse20": 0.0, "coordination_ring_potter0_20": 0.5, "asymmetric_advantages_sparse20": 27.0, "asymmetric_advantages_potter0_20": 1.0}
[pair_F] {"steps": 907264, "elapsed_s": 963.7, "coordination_ring_sparse20": 0.0, "coordination_ring_potter0_20": 0.4, "asymmetric_advantages_sparse20": 30.0, "asymmetric_advantages_potter0_20": 1.0}
[pair_F] {"steps": 909312, "elapsed_s": 966.3, "coordination_ring_sparse20": 0.0, "coordination_ring_potter0_20": 0.4, "asymmetric_advantages_sparse20": 30.0, "asymmetric_advantages_potter0_20": 1.0}
[pair_F] {"steps": 911360, "elapsed_s": 969.4, "coordination_ring_sparse20": 0.0, "coordination_ring_potter0_20": 0.4, "asymmetric_advantages_sparse20": 32.0, "asymmetric_advantages_potter0_20": 1.0}
[pair_F] {"steps": 913408, "elapsed_s": 972.3, "coordination_ring_sparse20": 0.0, "coordination_ring_potter0_20": 0.3, "asymmetric_advantages_sparse20": 35.0, "asymmetric_advantages_potter0_20": 1.0}
[pair_F] {"steps": 915456, "elapsed_s": 974.7, "coordination_ring_sparse20": 0.0, "coordination_ring_potter0_20": 0.4, "asymmetric_advantages_sparse20": 35.0, "asymmetric_advantages_potter0_20": 1.0}
[pair_F] {"steps": 917504, "elapsed_s": 977.4, "coordination_ring_sparse20": 0.0, "coordination_ring_potter0_20": 0.45, "asymmetric_advantages_sparse20": 34.0, "asymmetric_advantages_potter0_20": 1.0}
[pair_F] {"steps": 919552, "elapsed_s": 980.1, "coordination_ring_sparse20": 0.0, "coordination_ring_potter0_20": 0.45, "asymmetric_advantages_sparse20": 32.0, "asymmetric_advantages_potter0_20": 1.0}
[pair_F] {"steps": 921600, "elapsed_s": 982.9, "coordination_ring_sparse20": 0.0, "coordination_ring_potter0_20": 0.45, "asymmetric_advantages_sparse20": 36.0, "asymmetric_advantages_potter0_20": 1.0}
[pair_F] {"steps": 923648, "elapsed_s": 985.7, "coordination_ring_sparse20": 0.0, "coordination_ring_potter0_20": 0.4, "asymmetric_advantages_sparse20": 36.0, "asymmetric_advantages_potter0_20": 1.0}
[pair_F] {"steps": 925696, "elapsed_s": 988.4, "coordination_ring_sparse20": 0.0, "coordination_ring_potter0_20": 0.4, "asymmetric_advantages_sparse20": 33.0, "asymmetric_advantages_potter0_20": 1.0}
[pair_F] {"steps": 927744, "elapsed_s": 991.0, "coordination_ring_sparse20": 0.0, "coordination_ring_potter0_20": 0.45, "asymmetric_advantages_sparse20": 36.0, "asymmetric_advantages_potter0_20": 1.0}
[pair_F] {"steps": 929792, "elapsed_s": 993.6, "coordination_ring_sparse20": 0.0, "coordination_ring_potter0_20": 0.5, "asymmetric_advantages_sparse20": 37.0, "asymmetric_advantages_potter0_20": 1.0}
[pair_F] {"steps": 931840, "elapsed_s": 996.2, "coordination_ring_sparse20": 0.0, "coordination_ring_potter0_20": 0.45, "asymmetric_advantages_sparse20": 36.0, "asymmetric_advantages_potter0_20": 1.0}
[pair_F] {"steps": 933888, "elapsed_s": 998.8, "coordination_ring_sparse20": 1.0, "coordination_ring_potter0_20": 0.3, "asymmetric_advantages_sparse20": 38.0, "asymmetric_advantages_potter0_20": 1.0}
[pair_F] {"steps": 935936, "elapsed_s": 1001.2, "coordination_ring_sparse20": 1.0, "coordination_ring_potter0_20": 0.3, "asymmetric_advantages_sparse20": 39.0, "asymmetric_advantages_potter0_20": 1.0}
[pair_F] {"steps": 937984, "elapsed_s": 1003.9, "coordination_ring_sparse20": 1.0, "coordination_ring_potter0_20": 0.3, "asymmetric_advantages_sparse20": 38.0, "asymmetric_advantages_potter0_20": 1.0}
[pair_F] {"steps": 940032, "elapsed_s": 1006.6, "coordination_ring_sparse20": 1.0, "coordination_ring_potter0_20": 0.3, "asymmetric_advantages_sparse20": 39.0, "asymmetric_advantages_potter0_20": 1.0}
[pair_F] {"steps": 942080, "elapsed_s": 1009.1, "coordination_ring_sparse20": 1.0, "coordination_ring_potter0_20": 0.35, "asymmetric_advantages_sparse20": 43.0, "asymmetric_advantages_potter0_20": 1.0}
[pair_F] {"steps": 944128, "elapsed_s": 1011.6, "coordination_ring_sparse20": 1.0, "coordination_ring_potter0_20": 0.3, "asymmetric_advantages_sparse20": 43.0, "asymmetric_advantages_potter0_20": 1.0}
[pair_F] {"steps": 946176, "elapsed_s": 1014.1, "coordination_ring_sparse20": 1.0, "coordination_ring_potter0_20": 0.4, "asymmetric_advantages_sparse20": 43.0, "asymmetric_advantages_potter0_20": 1.0}
[pair_F] {"steps": 948224, "elapsed_s": 1016.6, "coordination_ring_sparse20": 1.0, "coordination_ring_potter0_20": 0.4, "asymmetric_advantages_sparse20": 48.0, "asymmetric_advantages_potter0_20": 1.0}
[pair_F] {"steps": 950272, "elapsed_s": 1019.1, "coordination_ring_sparse20": 0.0, "coordination_ring_potter0_20": 0.5, "asymmetric_advantages_sparse20": 46.0, "asymmetric_advantages_potter0_20": 1.0}
[pair_F] {"steps": 952320, "elapsed_s": 1021.9, "coordination_ring_sparse20": 0.0, "coordination_ring_potter0_20": 0.5, "asymmetric_advantages_sparse20": 47.0, "asymmetric_advantages_potter0_20": 1.0}
[pair_F] {"steps": 954368, "elapsed_s": 1024.9, "coordination_ring_sparse20": 0.0, "coordination_ring_potter0_20": 0.35, "asymmetric_advantages_sparse20": 47.0, "asymmetric_advantages_potter0_20": 1.0}
[pair_F] {"steps": 956416, "elapsed_s": 1027.7, "coordination_ring_sparse20": 0.0, "coordination_ring_potter0_20": 0.25, "asymmetric_advantages_sparse20": 51.0, "asymmetric_advantages_potter0_20": 1.0}
[pair_F] {"steps": 958464, "elapsed_s": 1030.8, "coordination_ring_sparse20": 0.0, "coordination_ring_potter0_20": 0.3, "asymmetric_advantages_sparse20": 54.0, "asymmetric_advantages_potter0_20": 1.0}
[pair_F] {"steps": 960512, "elapsed_s": 1033.3, "coordination_ring_sparse20": 0.0, "coordination_ring_potter0_20": 0.35, "asymmetric_advantages_sparse20": 55.0, "asymmetric_advantages_potter0_20": 1.0}
[pair_F] {"steps": 962560, "elapsed_s": 1036.1, "coordination_ring_sparse20": 0.0, "coordination_ring_potter0_20": 0.35, "asymmetric_advantages_sparse20": 52.0, "asymmetric_advantages_potter0_20": 1.0}
[pair_F] {"steps": 964608, "elapsed_s": 1039.2, "coordination_ring_sparse20": 1.0, "coordination_ring_potter0_20": 0.35, "asymmetric_advantages_sparse20": 53.0, "asymmetric_advantages_potter0_20": 1.0}
[pair_F] {"steps": 966656, "elapsed_s": 1041.9, "coordination_ring_sparse20": 1.0, "coordination_ring_potter0_20": 0.3, "asymmetric_advantages_sparse20": 53.0, "asymmetric_advantages_potter0_20": 1.0}
[pair_F] {"steps": 968704, "elapsed_s": 1044.6, "coordination_ring_sparse20": 1.0, "coordination_ring_potter0_20": 0.35, "asymmetric_advantages_sparse20": 50.0, "asymmetric_advantages_potter0_20": 1.0}
[pair_F] {"steps": 970752, "elapsed_s": 1047.1, "coordination_ring_sparse20": 1.0, "coordination_ring_potter0_20": 0.4, "asymmetric_advantages_sparse20": 46.0, "asymmetric_advantages_potter0_20": 1.0}
[pair_F] {"steps": 972800, "elapsed_s": 1050.0, "coordination_ring_sparse20": 1.0, "coordination_ring_potter0_20": 0.45, "asymmetric_advantages_sparse20": 45.0, "asymmetric_advantages_potter0_20": 1.0}
[pair_F] {"steps": 974848, "elapsed_s": 1052.3, "coordination_ring_sparse20": 0.0, "coordination_ring_potter0_20": 0.45, "asymmetric_advantages_sparse20": 46.0, "asymmetric_advantages_potter0_20": 1.0}
[pair_F] {"steps": 976896, "elapsed_s": 1055.0, "coordination_ring_sparse20": 0.0, "coordination_ring_potter0_20": 0.4, "asymmetric_advantages_sparse20": 46.0, "asymmetric_advantages_potter0_20": 1.0}
[pair_F] {"steps": 978944, "elapsed_s": 1057.3, "coordination_ring_sparse20": 0.0, "coordination_ring_potter0_20": 0.4, "asymmetric_advantages_sparse20": 41.0, "asymmetric_advantages_potter0_20": 1.0}
[pair_F] {"steps": 980992, "elapsed_s": 1059.9, "coordination_ring_sparse20": 0.0, "coordination_ring_potter0_20": 0.35, "asymmetric_advantages_sparse20": 40.0, "asymmetric_advantages_potter0_20": 1.0}
[pair_F] {"steps": 983040, "elapsed_s": 1062.4, "coordination_ring_sparse20": 0.0, "coordination_ring_potter0_20": 0.4, "asymmetric_advantages_sparse20": 42.0, "asymmetric_advantages_potter0_20": 1.0}
[pair_F] {"steps": 985088, "elapsed_s": 1064.9, "coordination_ring_sparse20": 1.0, "coordination_ring_potter0_20": 0.3, "asymmetric_advantages_sparse20": 44.0, "asymmetric_advantages_potter0_20": 1.0}
[pair_F] {"steps": 987136, "elapsed_s": 1067.6, "coordination_ring_sparse20": 1.0, "coordination_ring_potter0_20": 0.3, "asymmetric_advantages_sparse20": 46.0, "asymmetric_advantages_potter0_20": 1.0}
[pair_F] {"steps": 989184, "elapsed_s": 1069.9, "coordination_ring_sparse20": 1.0, "coordination_ring_potter0_20": 0.25, "asymmetric_advantages_sparse20": 52.0, "asymmetric_advantages_potter0_20": 1.0}
[pair_F] {"steps": 991232, "elapsed_s": 1072.4, "coordination_ring_sparse20": 1.0, "coordination_ring_potter0_20": 0.3, "asymmetric_advantages_sparse20": 51.0, "asymmetric_advantages_potter0_20": 1.0}
[pair_F] {"steps": 993280, "elapsed_s": 1075.1, "coordination_ring_sparse20": 1.0, "coordination_ring_potter0_20": 0.25, "asymmetric_advantages_sparse20": 51.0, "asymmetric_advantages_potter0_20": 1.0}
[pair_F] {"steps": 995328, "elapsed_s": 1077.6, "coordination_ring_sparse20": 1.0, "coordination_ring_potter0_20": 0.3, "asymmetric_advantages_sparse20": 52.0, "asymmetric_advantages_potter0_20": 1.0}
[pair_F] {"steps": 997376, "elapsed_s": 1082.0, "coordination_ring_sparse20": 1.0, "coordination_ring_potter0_20": 0.25, "asymmetric_advantages_sparse20": 53.0, "asymmetric_advantages_potter0_20": 1.0}
[pair_F] {"steps": 999424, "elapsed_s": 1099.5, "coordination_ring_sparse20": 1.0, "coordination_ring_potter0_20": 0.3, "asymmetric_advantages_sparse20": 44.0, "asymmetric_advantages_potter0_20": 1.0}
[pair_F] {"steps": 1001472, "elapsed_s": 1120.3, "coordination_ring_sparse20": 0.0, "coordination_ring_potter0_20": 0.3, "asymmetric_advantages_sparse20": 46.0, "asymmetric_advantages_potter0_20": 1.0}
[pair_F] {"steps": 1003520, "elapsed_s": 1135.4, "coordination_ring_sparse20": 0.0, "coordination_ring_potter0_20": 0.45, "asymmetric_advantages_sparse20": 43.0, "asymmetric_advantages_potter0_20": 1.0}
[pair_F] {"steps": 1005568, "elapsed_s": 1149.0, "coordination_ring_sparse20": 0.0, "coordination_ring_potter0_20": 0.4, "asymmetric_advantages_sparse20": 39.0, "asymmetric_advantages_potter0_20": 1.0}
[pair_F] {"steps": 1007616, "elapsed_s": 1167.8, "coordination_ring_sparse20": 0.0, "coordination_ring_potter0_20": 0.45, "asymmetric_advantages_sparse20": 38.0, "asymmetric_advantages_potter0_20": 1.0}
[pair_F] {"steps": 1009664, "elapsed_s": 1192.6, "coordination_ring_sparse20": 0.0, "coordination_ring_potter0_20": 0.45, "asymmetric_advantages_sparse20": 39.0, "asymmetric_advantages_potter0_20": 1.0}
[pair_F] {"steps": 1011712, "elapsed_s": 1232.2, "coordination_ring_sparse20": 0.0, "coordination_ring_potter0_20": 0.4, "asymmetric_advantages_sparse20": 40.0, "asymmetric_advantages_potter0_20": 1.0}
[pair_F] {"steps": 1013760, "elapsed_s": 1272.3, "coordination_ring_sparse20": 0.0, "coordination_ring_potter0_20": 0.4, "asymmetric_advantages_sparse20": 45.0, "asymmetric_advantages_potter0_20": 1.0}
[pair_F] {"steps": 1015808, "elapsed_s": 1305.0, "coordination_ring_sparse20": 0.0, "coordination_ring_potter0_20": 0.35, "asymmetric_advantages_sparse20": 51.0, "asymmetric_advantages_potter0_20": 1.0}
[pair_F] {"steps": 1017856, "elapsed_s": 1335.8, "coordination_ring_sparse20": 1.0, "coordination_ring_potter0_20": 0.25, "asymmetric_advantages_sparse20": 46.0, "asymmetric_advantages_potter0_20": 1.0}
[pair_F] {"steps": 1019904, "elapsed_s": 1377.2, "coordination_ring_sparse20": 1.0, "coordination_ring_potter0_20": 0.2, "asymmetric_advantages_sparse20": 53.0, "asymmetric_advantages_potter0_20": 1.0}
[pair_F] {"steps": 1021952, "elapsed_s": 1421.3, "coordination_ring_sparse20": 1.0, "coordination_ring_potter0_20": 0.3, "asymmetric_advantages_sparse20": 51.0, "asymmetric_advantages_potter0_20": 1.0}
[pair_F] {"steps": 1024000, "elapsed_s": 1464.0, "coordination_ring_sparse20": 1.0, "coordination_ring_potter0_20": 0.35, "asymmetric_advantages_sparse20": 49.0, "asymmetric_advantages_potter0_20": 1.0}
[pair_F] {"steps": 1026048, "elapsed_s": 1502.5, "coordination_ring_sparse20": 1.0, "coordination_ring_potter0_20": 0.35, "asymmetric_advantages_sparse20": 51.0, "asymmetric_advantages_potter0_20": 1.0}
[pair_F] {"steps": 1028096, "elapsed_s": 1537.4, "coordination_ring_sparse20": 1.0, "coordination_ring_potter0_20": 0.35, "asymmetric_advantages_sparse20": 51.0, "asymmetric_advantages_potter0_20": 1.0}
[pair_F] {"steps": 1030144, "elapsed_s": 1570.2, "coordination_ring_sparse20": 1.0, "coordination_ring_potter0_20": 0.35, "asymmetric_advantages_sparse20": 54.0, "asymmetric_advantages_potter0_20": 1.0}
[pair_F] {"steps": 1032192, "elapsed_s": 1613.4, "coordination_ring_sparse20": 1.0, "coordination_ring_potter0_20": 0.4, "asymmetric_advantages_sparse20": 55.0, "asymmetric_advantages_potter0_20": 1.0}
[pair_F] {"steps": 1034240, "elapsed_s": 1657.1, "coordination_ring_sparse20": 1.0, "coordination_ring_potter0_20": 0.45, "asymmetric_advantages_sparse20": 54.0, "asymmetric_advantages_potter0_20": 1.0}
[pair_F] {"steps": 1036288, "elapsed_s": 1697.3, "coordination_ring_sparse20": 0.0, "coordination_ring_potter0_20": 0.45, "asymmetric_advantages_sparse20": 51.0, "asymmetric_advantages_potter0_20": 1.0}
[pair_F] {"steps": 1038336, "elapsed_s": 1733.6, "coordination_ring_sparse20": 0.0, "coordination_ring_potter0_20": 0.5, "asymmetric_advantages_sparse20": 53.0, "asymmetric_advantages_potter0_20": 1.0}
[pair_F] {"steps": 1040384, "elapsed_s": 1778.1, "coordination_ring_sparse20": 0.0, "coordination_ring_potter0_20": 0.45, "asymmetric_advantages_sparse20": 60.0, "asymmetric_advantages_potter0_20": 1.0}
[pair_F] {"steps": 1042432, "elapsed_s": 1816.8, "coordination_ring_sparse20": 0.0, "coordination_ring_potter0_20": 0.45, "asymmetric_advantages_sparse20": 63.0, "asymmetric_advantages_potter0_20": 1.0}
[pair_F] {"steps": 1044480, "elapsed_s": 1853.2, "coordination_ring_sparse20": 0.0, "coordination_ring_potter0_20": 0.45, "asymmetric_advantages_sparse20": 63.0, "asymmetric_advantages_potter0_20": 1.0}
[pair_F] {"steps": 1046528, "elapsed_s": 1896.4, "coordination_ring_sparse20": 0.0, "coordination_ring_potter0_20": 0.4, "asymmetric_advantages_sparse20": 63.0, "asymmetric_advantages_potter0_20": 1.0}
[pair_F] {"steps": 1048576, "elapsed_s": 1934.3, "coordination_ring_sparse20": 0.0, "coordination_ring_potter0_20": 0.4, "asymmetric_advantages_sparse20": 66.0, "asymmetric_advantages_potter0_20": 1.0}
[pair_F] {"steps": 1050624, "elapsed_s": 1963.6, "coordination_ring_sparse20": 0.0, "coordination_ring_potter0_20": 0.45, "asymmetric_advantages_sparse20": 66.0, "asymmetric_advantages_potter0_20": 1.0}
[pair_F] {"steps": 1052672, "elapsed_s": 2000.3, "coordination_ring_sparse20": 0.0, "coordination_ring_potter0_20": 0.45, "asymmetric_advantages_sparse20": 65.0, "asymmetric_advantages_potter0_20": 1.0}
[pair_F] {"steps": 1054720, "elapsed_s": 2040.1, "coordination_ring_sparse20": 0.0, "coordination_ring_potter0_20": 0.45, "asymmetric_advantages_sparse20": 61.0, "asymmetric_advantages_potter0_20": 1.0}
[pair_F] {"steps": 1056768, "elapsed_s": 2081.1, "coordination_ring_sparse20": 0.0, "coordination_ring_potter0_20": 0.35, "asymmetric_advantages_sparse20": 61.0, "asymmetric_advantages_potter0_20": 1.0}
[pair_F] {"steps": 1058816, "elapsed_s": 2120.2, "coordination_ring_sparse20": 0.0, "coordination_ring_potter0_20": 0.35, "asymmetric_advantages_sparse20": 57.0, "asymmetric_advantages_potter0_20": 1.0}
[pair_F] {"steps": 1060864, "elapsed_s": 2157.3, "coordination_ring_sparse20": 1.0, "coordination_ring_potter0_20": 0.4, "asymmetric_advantages_sparse20": 56.0, "asymmetric_advantages_potter0_20": 1.0}
[pair_F] {"steps": 1062912, "elapsed_s": 2202.7, "coordination_ring_sparse20": 1.0, "coordination_ring_potter0_20": 0.3, "asymmetric_advantages_sparse20": 57.0, "asymmetric_advantages_potter0_20": 1.0}
[pair_F] {"steps": 1064960, "elapsed_s": 2246.8, "coordination_ring_sparse20": 1.0, "coordination_ring_potter0_20": 0.3, "asymmetric_advantages_sparse20": 65.0, "asymmetric_advantages_potter0_20": 1.0}
[pair_F] {"steps": 1067008, "elapsed_s": 2284.5, "coordination_ring_sparse20": 1.0, "coordination_ring_potter0_20": 0.35, "asymmetric_advantages_sparse20": 67.0, "asymmetric_advantages_potter0_20": 1.0}
[pair_F] {"steps": 1069056, "elapsed_s": 2333.2, "coordination_ring_sparse20": 1.0, "coordination_ring_potter0_20": 0.35, "asymmetric_advantages_sparse20": 64.0, "asymmetric_advantages_potter0_20": 1.0}
[pair_F] {"steps": 1071104, "elapsed_s": 2375.8, "coordination_ring_sparse20": 1.0, "coordination_ring_potter0_20": 0.35, "asymmetric_advantages_sparse20": 66.0, "asymmetric_advantages_potter0_20": 1.0}
[pair_F] {"steps": 1073152, "elapsed_s": 2416.8, "coordination_ring_sparse20": 1.0, "coordination_ring_potter0_20": 0.4, "asymmetric_advantages_sparse20": 65.0, "asymmetric_advantages_potter0_20": 1.0}
[pair_F] {"steps": 1075200, "elapsed_s": 2456.2, "coordination_ring_sparse20": 1.0, "coordination_ring_potter0_20": 0.4, "asymmetric_advantages_sparse20": 64.0, "asymmetric_advantages_potter0_20": 1.0}
[pair_F] {"steps": 1077248, "elapsed_s": 2494.0, "coordination_ring_sparse20": 1.0, "coordination_ring_potter0_20": 0.4, "asymmetric_advantages_sparse20": 64.0, "asymmetric_advantages_potter0_20": 1.0}
[pair_F] {"steps": 1079296, "elapsed_s": 2536.3, "coordination_ring_sparse20": 0.0, "coordination_ring_potter0_20": 0.45, "asymmetric_advantages_sparse20": 59.0, "asymmetric_advantages_potter0_20": 1.0}
[pair_F] {"steps": 1081344, "elapsed_s": 2585.0, "coordination_ring_sparse20": 0.0, "coordination_ring_potter0_20": 0.5, "asymmetric_advantages_sparse20": 54.0, "asymmetric_advantages_potter0_20": 1.0}
[pair_F] {"steps": 1083392, "elapsed_s": 2624.2, "coordination_ring_sparse20": 0.0, "coordination_ring_potter0_20": 0.5, "asymmetric_advantages_sparse20": 51.0, "asymmetric_advantages_potter0_20": 1.0}
[pair_F] {"steps": 1085440, "elapsed_s": 2673.6, "coordination_ring_sparse20": 0.0, "coordination_ring_potter0_20": 0.5, "asymmetric_advantages_sparse20": 55.0, "asymmetric_advantages_potter0_20": 1.0}
[pair_F] {"steps": 1087488, "elapsed_s": 2719.6, "coordination_ring_sparse20": 0.0, "coordination_ring_potter0_20": 0.45, "asymmetric_advantages_sparse20": 55.0, "asymmetric_advantages_potter0_20": 1.0}
[pair_F] {"steps": 1089536, "elapsed_s": 2760.1, "coordination_ring_sparse20": 0.0, "coordination_ring_potter0_20": 0.5, "asymmetric_advantages_sparse20": 56.0, "asymmetric_advantages_potter0_20": 1.0}
[pair_F] {"steps": 1091584, "elapsed_s": 2801.7, "coordination_ring_sparse20": 0.0, "coordination_ring_potter0_20": 0.45, "asymmetric_advantages_sparse20": 54.0, "asymmetric_advantages_potter0_20": 1.0}
[pair_F] {"steps": 1093632, "elapsed_s": 2823.7, "coordination_ring_sparse20": 0.0, "coordination_ring_potter0_20": 0.5, "asymmetric_advantages_sparse20": 53.0, "asymmetric_advantages_potter0_20": 1.0}
[pair_F] {"steps": 1095680, "elapsed_s": 2879.1, "coordination_ring_sparse20": 0.0, "coordination_ring_potter0_20": 0.5, "asymmetric_advantages_sparse20": 52.0, "asymmetric_advantages_potter0_20": 1.0}
[pair_F] {"steps": 1097728, "elapsed_s": 2928.7, "coordination_ring_sparse20": 0.0, "coordination_ring_potter0_20": 0.45, "asymmetric_advantages_sparse20": 48.0, "asymmetric_advantages_potter0_20": 1.0}
[pair_F] {"steps": 1099776, "elapsed_s": 2981.4, "coordination_ring_sparse20": 0.0, "coordination_ring_potter0_20": 0.4, "asymmetric_advantages_sparse20": 53.0, "asymmetric_advantages_potter0_20": 1.0}
[pair_F] {"steps": 1101824, "elapsed_s": 3038.2, "coordination_ring_sparse20": 0.0, "coordination_ring_potter0_20": 0.45, "asymmetric_advantages_sparse20": 54.0, "asymmetric_advantages_potter0_20": 1.0}
[pair_F] {"steps": 1103872, "elapsed_s": 3101.4, "coordination_ring_sparse20": 0.0, "coordination_ring_potter0_20": 0.4, "asymmetric_advantages_sparse20": 51.0, "asymmetric_advantages_potter0_20": 1.0}
[pair_F] {"steps": 1105920, "elapsed_s": 3141.9, "coordination_ring_sparse20": 0.0, "coordination_ring_potter0_20": 0.4, "asymmetric_advantages_sparse20": 51.0, "asymmetric_advantages_potter0_20": 1.0}
[pair_F] {"steps": 1107968, "elapsed_s": 3166.2, "coordination_ring_sparse20": 0.0, "coordination_ring_potter0_20": 0.3, "asymmetric_advantages_sparse20": 53.0, "asymmetric_advantages_potter0_20": 1.0}
[pair_F] {"steps": 1110016, "elapsed_s": 3196.5, "coordination_ring_sparse20": 1.0, "coordination_ring_potter0_20": 0.35, "asymmetric_advantages_sparse20": 51.0, "asymmetric_advantages_potter0_20": 1.0}
[pair_F] {"steps": 1112064, "elapsed_s": 3228.1, "coordination_ring_sparse20": 1.0, "coordination_ring_potter0_20": 0.35, "asymmetric_advantages_sparse20": 47.0, "asymmetric_advantages_potter0_20": 1.0}
[pair_F] {"steps": 1114112, "elapsed_s": 3258.8, "coordination_ring_sparse20": 1.0, "coordination_ring_potter0_20": 0.25, "asymmetric_advantages_sparse20": 50.0, "asymmetric_advantages_potter0_20": 1.0}
[pair_F] {"steps": 1116160, "elapsed_s": 3283.6, "coordination_ring_sparse20": 1.0, "coordination_ring_potter0_20": 0.25, "asymmetric_advantages_sparse20": 59.0, "asymmetric_advantages_potter0_20": 1.0}
[pair_F] {"steps": 1118208, "elapsed_s": 3315.4, "coordination_ring_sparse20": 1.0, "coordination_ring_potter0_20": 0.3, "asymmetric_advantages_sparse20": 58.0, "asymmetric_advantages_potter0_20": 1.0}
[pair_F] {"steps": 1120256, "elapsed_s": 3341.3, "coordination_ring_sparse20": 1.0, "coordination_ring_potter0_20": 0.25, "asymmetric_advantages_sparse20": 56.0, "asymmetric_advantages_potter0_20": 1.0}
[pair_F] {"steps": 1122304, "elapsed_s": 3365.0, "coordination_ring_sparse20": 1.0, "coordination_ring_potter0_20": 0.25, "asymmetric_advantages_sparse20": 61.0, "asymmetric_advantages_potter0_20": 1.0}
[pair_F] {"steps": 1124352, "elapsed_s": 3387.6, "coordination_ring_sparse20": 1.0, "coordination_ring_potter0_20": 0.3, "asymmetric_advantages_sparse20": 62.0, "asymmetric_advantages_potter0_20": 1.0}
[pair_F] {"steps": 1126400, "elapsed_s": 3411.9, "coordination_ring_sparse20": 0.0, "coordination_ring_potter0_20": 0.35, "asymmetric_advantages_sparse20": 64.0, "asymmetric_advantages_potter0_20": 1.0}
[pair_F] {"steps": 1128448, "elapsed_s": 3447.5, "coordination_ring_sparse20": 0.0, "coordination_ring_potter0_20": 0.35, "asymmetric_advantages_sparse20": 68.0, "asymmetric_advantages_potter0_20": 1.0}
[pair_F] {"steps": 1130496, "elapsed_s": 3475.3, "coordination_ring_sparse20": 0.0, "coordination_ring_potter0_20": 0.4, "asymmetric_advantages_sparse20": 73.0, "asymmetric_advantages_potter0_20": 1.0}
[pair_F] {"steps": 1132544, "elapsed_s": 3503.2, "coordination_ring_sparse20": 0.0, "coordination_ring_potter0_20": 0.45, "asymmetric_advantages_sparse20": 73.0, "asymmetric_advantages_potter0_20": 1.0}
[pair_F] {"steps": 1134592, "elapsed_s": 3540.1, "coordination_ring_sparse20": 0.0, "coordination_ring_potter0_20": 0.5, "asymmetric_advantages_sparse20": 70.0, "asymmetric_advantages_potter0_20": 1.0}
[pair_F] {"steps": 1136640, "elapsed_s": 3563.8, "coordination_ring_sparse20": 0.0, "coordination_ring_potter0_20": 0.5, "asymmetric_advantages_sparse20": 70.0, "asymmetric_advantages_potter0_20": 1.0}
[pair_F] {"steps": 1138688, "elapsed_s": 3587.2, "coordination_ring_sparse20": 0.0, "coordination_ring_potter0_20": 0.5, "asymmetric_advantages_sparse20": 72.0, "asymmetric_advantages_potter0_20": 1.0}
[pair_F] {"steps": 1140736, "elapsed_s": 3616.5, "coordination_ring_sparse20": 0.0, "coordination_ring_potter0_20": 0.5, "asymmetric_advantages_sparse20": 72.0, "asymmetric_advantages_potter0_20": 1.0}
[pair_F] {"steps": 1142784, "elapsed_s": 3644.3, "coordination_ring_sparse20": 0.0, "coordination_ring_potter0_20": 0.5, "asymmetric_advantages_sparse20": 69.0, "asymmetric_advantages_potter0_20": 1.0}
[pair_F] {"steps": 1144832, "elapsed_s": 3671.2, "coordination_ring_sparse20": 0.0, "coordination_ring_potter0_20": 0.5, "asymmetric_advantages_sparse20": 71.0, "asymmetric_advantages_potter0_20": 1.0}
[pair_F] {"steps": 1146880, "elapsed_s": 3696.5, "coordination_ring_sparse20": 0.0, "coordination_ring_potter0_20": 0.45, "asymmetric_advantages_sparse20": 72.0, "asymmetric_advantages_potter0_20": 1.0}
[pair_F] {"steps": 1148928, "elapsed_s": 3724.1, "coordination_ring_sparse20": 0.0, "coordination_ring_potter0_20": 0.45, "asymmetric_advantages_sparse20": 74.0, "asymmetric_advantages_potter0_20": 1.0}
[pair_F] {"steps": 1150976, "elapsed_s": 3752.5, "coordination_ring_sparse20": 0.0, "coordination_ring_potter0_20": 0.35, "asymmetric_advantages_sparse20": 75.0, "asymmetric_advantages_potter0_20": 1.0}
[pair_F] {"steps": 1153024, "elapsed_s": 3792.9, "coordination_ring_sparse20": 0.0, "coordination_ring_potter0_20": 0.25, "asymmetric_advantages_sparse20": 75.0, "asymmetric_advantages_potter0_20": 1.0}
[pair_F] {"steps": 1155072, "elapsed_s": 3819.9, "coordination_ring_sparse20": 0.0, "coordination_ring_potter0_20": 0.2, "asymmetric_advantages_sparse20": 77.0, "asymmetric_advantages_potter0_20": 1.0}
[pair_F] {"steps": 1157120, "elapsed_s": 3852.5, "coordination_ring_sparse20": 0.0, "coordination_ring_potter0_20": 0.3, "asymmetric_advantages_sparse20": 81.0, "asymmetric_advantages_potter0_20": 1.0}
[pair_F] {"steps": 1159168, "elapsed_s": 3879.0, "coordination_ring_sparse20": 0.0, "coordination_ring_potter0_20": 0.3, "asymmetric_advantages_sparse20": 83.0, "asymmetric_advantages_potter0_20": 1.0}
[pair_F] {"steps": 1161216, "elapsed_s": 3903.2, "coordination_ring_sparse20": 0.0, "coordination_ring_potter0_20": 0.3, "asymmetric_advantages_sparse20": 78.0, "asymmetric_advantages_potter0_20": 1.0}
[pair_F] {"steps": 1163264, "elapsed_s": 3934.8, "coordination_ring_sparse20": 0.0, "coordination_ring_potter0_20": 0.3, "asymmetric_advantages_sparse20": 75.0, "asymmetric_advantages_potter0_20": 1.0}
[pair_F] {"steps": 1165312, "elapsed_s": 3960.3, "coordination_ring_sparse20": 0.0, "coordination_ring_potter0_20": 0.3, "asymmetric_advantages_sparse20": 66.0, "asymmetric_advantages_potter0_20": 1.0}
[pair_F] {"steps": 1167360, "elapsed_s": 3987.7, "coordination_ring_sparse20": 0.0, "coordination_ring_potter0_20": 0.4, "asymmetric_advantages_sparse20": 66.0, "asymmetric_advantages_potter0_20": 1.0}
[pair_F] {"steps": 1169408, "elapsed_s": 4008.2, "coordination_ring_sparse20": 0.0, "coordination_ring_potter0_20": 0.35, "asymmetric_advantages_sparse20": 68.0, "asymmetric_advantages_potter0_20": 1.0}
[pair_F] {"steps": 1171456, "elapsed_s": 4041.9, "coordination_ring_sparse20": 0.0, "coordination_ring_potter0_20": 0.3, "asymmetric_advantages_sparse20": 64.0, "asymmetric_advantages_potter0_20": 1.0}
[pair_F] {"steps": 1173504, "elapsed_s": 4069.1, "coordination_ring_sparse20": 0.0, "coordination_ring_potter0_20": 0.3, "asymmetric_advantages_sparse20": 66.0, "asymmetric_advantages_potter0_20": 1.0}
[pair_F] {"steps": 1175552, "elapsed_s": 4090.0, "coordination_ring_sparse20": 0.0, "coordination_ring_potter0_20": 0.25, "asymmetric_advantages_sparse20": 66.0, "asymmetric_advantages_potter0_20": 1.0}
[pair_F] {"steps": 1177600, "elapsed_s": 4123.5, "coordination_ring_sparse20": 0.0, "coordination_ring_potter0_20": 0.2, "asymmetric_advantages_sparse20": 64.0, "asymmetric_advantages_potter0_20": 1.0}
[pair_F] {"steps": 1179648, "elapsed_s": 4151.2, "coordination_ring_sparse20": 0.0, "coordination_ring_potter0_20": 0.2, "asymmetric_advantages_sparse20": 63.0, "asymmetric_advantages_potter0_20": 1.0}
[pair_F] {"steps": 1181696, "elapsed_s": 4179.8, "coordination_ring_sparse20": 0.0, "coordination_ring_potter0_20": 0.15, "asymmetric_advantages_sparse20": 66.0, "asymmetric_advantages_potter0_20": 1.0}
[pair_F] {"steps": 1183744, "elapsed_s": 4214.3, "coordination_ring_sparse20": 0.0, "coordination_ring_potter0_20": 0.2, "asymmetric_advantages_sparse20": 70.0, "asymmetric_advantages_potter0_20": 1.0}
[pair_F] {"steps": 1185792, "elapsed_s": 4244.3, "coordination_ring_sparse20": 0.0, "coordination_ring_potter0_20": 0.3, "asymmetric_advantages_sparse20": 70.0, "asymmetric_advantages_potter0_20": 1.0}
[pair_F] {"steps": 1187840, "elapsed_s": 4277.5, "coordination_ring_sparse20": 0.0, "coordination_ring_potter0_20": 0.25, "asymmetric_advantages_sparse20": 71.0, "asymmetric_advantages_potter0_20": 1.0}
[pair_F] {"steps": 1189888, "elapsed_s": 4305.6, "coordination_ring_sparse20": 0.0, "coordination_ring_potter0_20": 0.3, "asymmetric_advantages_sparse20": 72.0, "asymmetric_advantages_potter0_20": 1.0}
[pair_F] {"steps": 1191936, "elapsed_s": 4332.1, "coordination_ring_sparse20": 0.0, "coordination_ring_potter0_20": 0.3, "asymmetric_advantages_sparse20": 72.0, "asymmetric_advantages_potter0_20": 1.0}
[pair_F] {"steps": 1193984, "elapsed_s": 4354.9, "coordination_ring_sparse20": 0.0, "coordination_ring_potter0_20": 0.35, "asymmetric_advantages_sparse20": 72.0, "asymmetric_advantages_potter0_20": 1.0}
[pair_F] {"steps": 1196032, "elapsed_s": 4380.4, "coordination_ring_sparse20": 0.0, "coordination_ring_potter0_20": 0.35, "asymmetric_advantages_sparse20": 73.0, "asymmetric_advantages_potter0_20": 1.0}
[pair_F] {"steps": 1198080, "elapsed_s": 4410.7, "coordination_ring_sparse20": 0.0, "coordination_ring_potter0_20": 0.4, "asymmetric_advantages_sparse20": 75.0, "asymmetric_advantages_potter0_20": 1.0}
[pair_F] {"steps": 1200128, "elapsed_s": 4441.9, "coordination_ring_sparse20": 0.0, "coordination_ring_potter0_20": 0.35, "asymmetric_advantages_sparse20": 77.0, "asymmetric_advantages_potter0_20": 1.0}
[pair_F] {"steps": 1202176, "elapsed_s": 4472.2, "coordination_ring_sparse20": 0.0, "coordination_ring_potter0_20": 0.35, "asymmetric_advantages_sparse20": 76.0, "asymmetric_advantages_potter0_20": 1.0}
[pair_F] {"steps": 1204224, "elapsed_s": 4509.8, "coordination_ring_sparse20": 0.0, "coordination_ring_potter0_20": 0.4, "asymmetric_advantages_sparse20": 76.0, "asymmetric_advantages_potter0_20": 1.0}
[pair_F] {"steps": 1206272, "elapsed_s": 4546.7, "coordination_ring_sparse20": 0.0, "coordination_ring_potter0_20": 0.4, "asymmetric_advantages_sparse20": 80.0, "asymmetric_advantages_potter0_20": 1.0}
[pair_F] {"steps": 1208320, "elapsed_s": 4585.6, "coordination_ring_sparse20": 1.0, "coordination_ring_potter0_20": 0.4, "asymmetric_advantages_sparse20": 79.0, "asymmetric_advantages_potter0_20": 1.0}
[pair_F] {"steps": 1210368, "elapsed_s": 4614.4, "coordination_ring_sparse20": 1.0, "coordination_ring_potter0_20": 0.45, "asymmetric_advantages_sparse20": 76.0, "asymmetric_advantages_potter0_20": 1.0}
[pair_F] {"steps": 1212416, "elapsed_s": 4649.9, "coordination_ring_sparse20": 1.0, "coordination_ring_potter0_20": 0.4, "asymmetric_advantages_sparse20": 79.0, "asymmetric_advantages_potter0_20": 1.0}
[pair_F] {"steps": 1214464, "elapsed_s": 4681.5, "coordination_ring_sparse20": 1.0, "coordination_ring_potter0_20": 0.4, "asymmetric_advantages_sparse20": 76.0, "asymmetric_advantages_potter0_20": 1.0}
[pair_F] {"steps": 1216512, "elapsed_s": 4710.6, "coordination_ring_sparse20": 1.0, "coordination_ring_potter0_20": 0.35, "asymmetric_advantages_sparse20": 76.0, "asymmetric_advantages_potter0_20": 1.0}
