Gym has been unmaintained since 2022 and does not support NumPy 2.0 amongst other critical functionality.
Please upgrade to Gymnasium, the maintained drop-in replacement of Gym, or contact the authors of your software and request that they upgrade.
Users of this version of Gym should be able to simply replace 'import gym' with 'import gymnasium as gym' in the vast majority of cases.
See the migration guide at https://gymnasium.farama.org/introduction/migration_guide/ for additional information.
[pair_E] {"steps": 2048, "elapsed_s": 1.7, "coordination_ring_sparse20": 0.0, "coordination_ring_potter0_20": 0.6666666666666666, "bottleneck_sparse20": 0.0, "bottleneck_potter0_20": 0.5}
[pair_E] {"steps": 4096, "elapsed_s": 3.1, "coordination_ring_sparse20": 0.0, "coordination_ring_potter0_20": 0.375, "bottleneck_sparse20": 0.0, "bottleneck_potter0_20": 0.5}
[pair_E] {"steps": 6144, "elapsed_s": 4.7, "coordination_ring_sparse20": 0.0, "coordination_ring_potter0_20": 0.4, "bottleneck_sparse20": 0.0, "bottleneck_potter0_20": 0.6666666666666666}
[pair_E] {"steps": 8192, "elapsed_s": 6.0, "coordination_ring_sparse20": 0.0, "coordination_ring_potter0_20": 0.4166666666666667, "bottleneck_sparse20": 0.0, "bottleneck_potter0_20": 0.4}
[pair_E] {"steps": 10240, "elapsed_s": 7.5, "coordination_ring_sparse20": 0.0, "coordination_ring_potter0_20": 0.42857142857142855, "bottleneck_sparse20": 0.0, "bottleneck_potter0_20": 0.4}
[pair_E] {"steps": 12288, "elapsed_s": 8.9, "coordination_ring_sparse20": 0.0, "coordination_ring_potter0_20": 0.4117647058823529, "bottleneck_sparse20": 0.0, "bottleneck_potter0_20": 0.5}
[pair_E] {"steps": 14336, "elapsed_s": 10.3, "coordination_ring_sparse20": 0.0, "coordination_ring_potter0_20": 0.3684210526315789, "bottleneck_sparse20": 0.0, "bottleneck_potter0_20": 0.5}
[pair_E] {"steps": 16384, "elapsed_s": 11.8, "coordination_ring_sparse20": 0.0, "coordination_ring_potter0_20": 0.4, "bottleneck_sparse20": 0.0, "bottleneck_potter0_20": 0.5}
[pair_E] {"steps": 18432, "elapsed_s": 13.2, "coordination_ring_sparse20": 0.0, "coordination_ring_potter0_20": 0.4, "bottleneck_sparse20": 0.0, "bottleneck_potter0_20": 0.5}
[pair_E] {"steps": 20480, "elapsed_s": 14.6, "coordination_ring_sparse20": 0.0, "coordination_ring_potter0_20": 0.4, "bottleneck_sparse20": 0.0, "bottleneck_potter0_20": 0.42857142857142855}
[pair_E] {"steps": 22528, "elapsed_s": 16.1, "coordination_ring_sparse20": 0.0, "coordination_ring_potter0_20": 0.35, "bottleneck_sparse20": 0.0, "bottleneck_potter0_20": 0.375}
[pair_E] {"steps": 24576, "elapsed_s": 17.5, "coordination_ring_sparse20": 0.0, "coordination_ring_potter0_20": 0.4, "bottleneck_sparse20": 0.0, "bottleneck_potter0_20": 0.4}
[pair_E] {"steps": 26624, "elapsed_s": 19.0, "coordination_ring_sparse20": 0.0, "coordination_ring_potter0_20": 0.4, "bottleneck_sparse20": 0.0, "bottleneck_potter0_20": 0.4}
[pair_E] {"steps": 28672, "elapsed_s": 20.4, "coordination_ring_sparse20": 0.0, "coordination_ring_potter0_20": 0.5, "bottleneck_sparse20": 0.0, "bottleneck_potter0_20": 0.36363636363636365}
[pair_E] {"steps": 30720, "elapsed_s": 21.9, "coordination_ring_sparse20": 0.0, "coordination_ring_potter0_20": 0.5, "bottleneck_sparse20": 0.0, "bottleneck_potter0_20": 0.36363636363636365}
[pair_E] {"steps": 32768, "elapsed_s": 23.5, "coordination_ring_sparse20": 0.0, "coordination_ring_potter0_20": 0.5, "bottleneck_sparse20": 0.0, "bottleneck_potter0_20": 0.42857142857142855}
[pair_E] {"steps": 34816, "elapsed_s": 25.0, "coordination_ring_sparse20": 0.0, "coordination_ring_potter0_20": 0.5, "bottleneck_sparse20": 0.0, "bottleneck_potter0_20": 0.42857142857142855}
[pair_E] {"steps": 36864, "elapsed_s": 26.4, "coordination_ring_sparse20": 0.0, "coordination_ring_potter0_20": 0.4, "bottleneck_sparse20": 0.0, "bottleneck_potter0_20": 0.42857142857142855}
[pair_E] {"steps": 38912, "elapsed_s": 28.2, "coordination_ring_sparse20": 0.0, "coordination_ring_potter0_20": 0.5, "bottleneck_sparse20": 0.0, "bottleneck_potter0_20": 0.4666666666666667}
[pair_E] {"steps": 40960, "elapsed_s": 29.6, "coordination_ring_sparse20": 0.0, "coordination_ring_potter0_20": 0.5, "bottleneck_sparse20": 0.0, "bottleneck_potter0_20": 0.4375}
[pair_E] {"steps": 43008, "elapsed_s": 31.3, "coordination_ring_sparse20": 0.0, "coordination_ring_potter0_20": 0.45, "bottleneck_sparse20": 0.0, "bottleneck_potter0_20": 0.47058823529411764}
[pair_E] {"steps": 45056, "elapsed_s": 32.7, "coordination_ring_sparse20": 0.0, "coordination_ring_potter0_20": 0.45, "bottleneck_sparse20": 0.0, "bottleneck_potter0_20": 0.4444444444444444}
[pair_E] {"steps": 47104, "elapsed_s": 34.2, "coordination_ring_sparse20": 0.0, "coordination_ring_potter0_20": 0.4, "bottleneck_sparse20": 0.0, "bottleneck_potter0_20": 0.42105263157894735}
[pair_E] {"steps": 49152, "elapsed_s": 35.7, "coordination_ring_sparse20": 0.0, "coordination_ring_potter0_20": 0.4, "bottleneck_sparse20": 0.0, "bottleneck_potter0_20": 0.4}
[pair_E] {"steps": 51200, "elapsed_s": 37.2, "coordination_ring_sparse20": 0.0, "coordination_ring_potter0_20": 0.4, "bottleneck_sparse20": 0.0, "bottleneck_potter0_20": 0.4}
[pair_E] {"steps": 53248, "elapsed_s": 38.7, "coordination_ring_sparse20": 0.0, "coordination_ring_potter0_20": 0.45, "bottleneck_sparse20": 0.0, "bottleneck_potter0_20": 0.4}
[pair_E] {"steps": 55296, "elapsed_s": 40.1, "coordination_ring_sparse20": 0.0, "coordination_ring_potter0_20": 0.45, "bottleneck_sparse20": 0.0, "bottleneck_potter0_20": 0.4}
[pair_E] {"steps": 57344, "elapsed_s": 41.6, "coordination_ring_sparse20": 0.0, "coordination_ring_potter0_20": 0.4, "bottleneck_sparse20": 0.0, "bottleneck_potter0_20": 0.4}
[pair_E] {"steps": 59392, "elapsed_s": 43.3, "coordination_ring_sparse20": 0.0, "coordination_ring_potter0_20": 0.4, "bottleneck_sparse20": 0.0, "bottleneck_potter0_20": 0.4}
[pair_E] {"steps": 61440, "elapsed_s": 44.8, "coordination_ring_sparse20": 0.0, "coordination_ring_potter0_20": 0.35, "bottleneck_sparse20": 0.0, "bottleneck_potter0_20": 0.4}
[pair_E] {"steps": 63488, "elapsed_s": 46.4, "coordination_ring_sparse20": 0.0, "coordination_ring_potter0_20": 0.35, "bottleneck_sparse20": 0.0, "bottleneck_potter0_20": 0.35}
[pair_E] {"steps": 65536, "elapsed_s": 47.9, "coordination_ring_sparse20": 0.0, "coordination_ring_potter0_20": 0.35, "bottleneck_sparse20": 0.0, "bottleneck_potter0_20": 0.35}
[pair_E] {"steps": 67584, "elapsed_s": 49.4, "coordination_ring_sparse20": 0.0, "coordination_ring_potter0_20": 0.3, "bottleneck_sparse20": 0.0, "bottleneck_potter0_20": 0.35}
[pair_E] {"steps": 69632, "elapsed_s": 50.9, "coordination_ring_sparse20": 1.0, "coordination_ring_potter0_20": 0.3, "bottleneck_sparse20": 0.0, "bottleneck_potter0_20": 0.35}
[pair_E] {"steps": 71680, "elapsed_s": 52.4, "coordination_ring_sparse20": 1.0, "coordination_ring_potter0_20": 0.3, "bottleneck_sparse20": 0.0, "bottleneck_potter0_20": 0.35}
[pair_E] {"steps": 73728, "elapsed_s": 53.9, "coordination_ring_sparse20": 1.0, "coordination_ring_potter0_20": 0.3, "bottleneck_sparse20": 0.0, "bottleneck_potter0_20": 0.35}
[pair_E] {"steps": 75776, "elapsed_s": 55.6, "coordination_ring_sparse20": 1.0, "coordination_ring_potter0_20": 0.3, "bottleneck_sparse20": 0.0, "bottleneck_potter0_20": 0.35}
[pair_E] {"steps": 77824, "elapsed_s": 57.1, "coordination_ring_sparse20": 1.0, "coordination_ring_potter0_20": 0.3, "bottleneck_sparse20": 0.0, "bottleneck_potter0_20": 0.35}
[pair_E] {"steps": 79872, "elapsed_s": 58.7, "coordination_ring_sparse20": 1.0, "coordination_ring_potter0_20": 0.3, "bottleneck_sparse20": 0.0, "bottleneck_potter0_20": 0.35}
[pair_E] {"steps": 81920, "elapsed_s": 60.3, "coordination_ring_sparse20": 1.0, "coordination_ring_potter0_20": 0.3, "bottleneck_sparse20": 0.0, "bottleneck_potter0_20": 0.35}
[pair_E] {"steps": 83968, "elapsed_s": 62.1, "coordination_ring_sparse20": 1.0, "coordination_ring_potter0_20": 0.3, "bottleneck_sparse20": 0.0, "bottleneck_potter0_20": 0.35}
[pair_E] {"steps": 86016, "elapsed_s": 63.7, "coordination_ring_sparse20": 0.0, "coordination_ring_potter0_20": 0.25, "bottleneck_sparse20": 0.0, "bottleneck_potter0_20": 0.35}
[pair_E] {"steps": 88064, "elapsed_s": 65.2, "coordination_ring_sparse20": 0.0, "coordination_ring_potter0_20": 0.3, "bottleneck_sparse20": 0.0, "bottleneck_potter0_20": 0.4}
[pair_E] {"steps": 90112, "elapsed_s": 66.6, "coordination_ring_sparse20": 0.0, "coordination_ring_potter0_20": 0.25, "bottleneck_sparse20": 0.0, "bottleneck_potter0_20": 0.4}
[pair_E] {"steps": 92160, "elapsed_s": 68.1, "coordination_ring_sparse20": 0.0, "coordination_ring_potter0_20": 0.25, "bottleneck_sparse20": 0.0, "bottleneck_potter0_20": 0.35}
[pair_E] {"steps": 94208, "elapsed_s": 69.6, "coordination_ring_sparse20": 0.0, "coordination_ring_potter0_20": 0.25, "bottleneck_sparse20": 0.0, "bottleneck_potter0_20": 0.4}
[pair_E] {"steps": 96256, "elapsed_s": 71.0, "coordination_ring_sparse20": 1.0, "coordination_ring_potter0_20": 0.2, "bottleneck_sparse20": 0.0, "bottleneck_potter0_20": 0.5}
[pair_E] {"steps": 98304, "elapsed_s": 72.7, "coordination_ring_sparse20": 1.0, "coordination_ring_potter0_20": 0.15, "bottleneck_sparse20": 0.0, "bottleneck_potter0_20": 0.55}
[pair_E] {"steps": 100352, "elapsed_s": 74.3, "coordination_ring_sparse20": 1.0, "coordination_ring_potter0_20": 0.15, "bottleneck_sparse20": 0.0, "bottleneck_potter0_20": 0.6}
[pair_E] {"steps": 102400, "elapsed_s": 75.9, "coordination_ring_sparse20": 1.0, "coordination_ring_potter0_20": 0.2, "bottleneck_sparse20": 0.0, "bottleneck_potter0_20": 0.6}
[pair_E] {"steps": 104448, "elapsed_s": 77.4, "coordination_ring_sparse20": 1.0, "coordination_ring_potter0_20": 0.25, "bottleneck_sparse20": 0.0, "bottleneck_potter0_20": 0.5}
[pair_E] {"steps": 106496, "elapsed_s": 79.0, "coordination_ring_sparse20": 1.0, "coordination_ring_potter0_20": 0.25, "bottleneck_sparse20": 0.0, "bottleneck_potter0_20": 0.5}
[pair_E] {"steps": 108544, "elapsed_s": 80.4, "coordination_ring_sparse20": 1.0, "coordination_ring_potter0_20": 0.35, "bottleneck_sparse20": 0.0, "bottleneck_potter0_20": 0.55}
[pair_E] {"steps": 110592, "elapsed_s": 81.9, "coordination_ring_sparse20": 1.0, "coordination_ring_potter0_20": 0.35, "bottleneck_sparse20": 0.0, "bottleneck_potter0_20": 0.5}
[pair_E] {"steps": 112640, "elapsed_s": 83.7, "coordination_ring_sparse20": 1.0, "coordination_ring_potter0_20": 0.3, "bottleneck_sparse20": 0.0, "bottleneck_potter0_20": 0.6}
[pair_E] {"steps": 114688, "elapsed_s": 85.6, "coordination_ring_sparse20": 0.0, "coordination_ring_potter0_20": 0.4, "bottleneck_sparse20": 0.0, "bottleneck_potter0_20": 0.5}
[pair_E] {"steps": 116736, "elapsed_s": 87.1, "coordination_ring_sparse20": 0.0, "coordination_ring_potter0_20": 0.4, "bottleneck_sparse20": 0.0, "bottleneck_potter0_20": 0.4}
[pair_E] {"steps": 118784, "elapsed_s": 88.6, "coordination_ring_sparse20": 0.0, "coordination_ring_potter0_20": 0.35, "bottleneck_sparse20": 0.0, "bottleneck_potter0_20": 0.4}
[pair_E] {"steps": 120832, "elapsed_s": 90.1, "coordination_ring_sparse20": 0.0, "coordination_ring_potter0_20": 0.3, "bottleneck_sparse20": 0.0, "bottleneck_potter0_20": 0.4}
[pair_E] {"steps": 122880, "elapsed_s": 91.6, "coordination_ring_sparse20": 2.0, "coordination_ring_potter0_20": 0.2, "bottleneck_sparse20": 0.0, "bottleneck_potter0_20": 0.45}
[pair_E] {"steps": 124928, "elapsed_s": 93.1, "coordination_ring_sparse20": 2.0, "coordination_ring_potter0_20": 0.3, "bottleneck_sparse20": 0.0, "bottleneck_potter0_20": 0.5}
[pair_E] {"steps": 126976, "elapsed_s": 94.7, "coordination_ring_sparse20": 2.0, "coordination_ring_potter0_20": 0.2, "bottleneck_sparse20": 0.0, "bottleneck_potter0_20": 0.6}
[pair_E] {"steps": 129024, "elapsed_s": 96.2, "coordination_ring_sparse20": 2.0, "coordination_ring_potter0_20": 0.2, "bottleneck_sparse20": 0.0, "bottleneck_potter0_20": 0.55}
[pair_E] {"steps": 131072, "elapsed_s": 97.8, "coordination_ring_sparse20": 2.0, "coordination_ring_potter0_20": 0.25, "bottleneck_sparse20": 0.0, "bottleneck_potter0_20": 0.55}
[pair_E] {"steps": 133120, "elapsed_s": 99.3, "coordination_ring_sparse20": 2.0, "coordination_ring_potter0_20": 0.25, "bottleneck_sparse20": 0.0, "bottleneck_potter0_20": 0.55}
[pair_E] {"steps": 135168, "elapsed_s": 100.8, "coordination_ring_sparse20": 1.0, "coordination_ring_potter0_20": 0.35, "bottleneck_sparse20": 0.0, "bottleneck_potter0_20": 0.6}
[pair_E] {"steps": 137216, "elapsed_s": 102.5, "coordination_ring_sparse20": 0.0, "coordination_ring_potter0_20": 0.45, "bottleneck_sparse20": 0.0, "bottleneck_potter0_20": 0.65}
[pair_E] {"steps": 139264, "elapsed_s": 104.1, "coordination_ring_sparse20": 0.0, "coordination_ring_potter0_20": 0.35, "bottleneck_sparse20": 0.0, "bottleneck_potter0_20": 0.7}
[pair_E] {"steps": 141312, "elapsed_s": 105.5, "coordination_ring_sparse20": 0.0, "coordination_ring_potter0_20": 0.4, "bottleneck_sparse20": 0.0, "bottleneck_potter0_20": 0.75}
[pair_E] {"steps": 143360, "elapsed_s": 107.4, "coordination_ring_sparse20": 0.0, "coordination_ring_potter0_20": 0.45, "bottleneck_sparse20": 0.0, "bottleneck_potter0_20": 0.8}
[pair_E] {"steps": 145408, "elapsed_s": 108.9, "coordination_ring_sparse20": 0.0, "coordination_ring_potter0_20": 0.4, "bottleneck_sparse20": 0.0, "bottleneck_potter0_20": 0.8}
[pair_E] {"steps": 147456, "elapsed_s": 110.8, "coordination_ring_sparse20": 1.0, "coordination_ring_potter0_20": 0.4, "bottleneck_sparse20": 0.0, "bottleneck_potter0_20": 0.9}
[pair_E] {"steps": 149504, "elapsed_s": 112.3, "coordination_ring_sparse20": 1.0, "coordination_ring_potter0_20": 0.45, "bottleneck_sparse20": 0.0, "bottleneck_potter0_20": 0.95}
[pair_E] {"steps": 151552, "elapsed_s": 113.8, "coordination_ring_sparse20": 1.0, "coordination_ring_potter0_20": 0.4, "bottleneck_sparse20": 0.0, "bottleneck_potter0_20": 0.9}
[pair_E] {"steps": 153600, "elapsed_s": 115.3, "coordination_ring_sparse20": 1.0, "coordination_ring_potter0_20": 0.4, "bottleneck_sparse20": 0.0, "bottleneck_potter0_20": 0.95}
[pair_E] {"steps": 155648, "elapsed_s": 116.8, "coordination_ring_sparse20": 1.0, "coordination_ring_potter0_20": 0.45, "bottleneck_sparse20": 0.0, "bottleneck_potter0_20": 0.9}
[pair_E] {"steps": 157696, "elapsed_s": 118.3, "coordination_ring_sparse20": 1.0, "coordination_ring_potter0_20": 0.45, "bottleneck_sparse20": 0.0, "bottleneck_potter0_20": 0.9}
[pair_E] {"steps": 159744, "elapsed_s": 119.9, "coordination_ring_sparse20": 1.0, "coordination_ring_potter0_20": 0.4, "bottleneck_sparse20": 0.0, "bottleneck_potter0_20": 0.8}
[pair_E] {"steps": 161792, "elapsed_s": 121.4, "coordination_ring_sparse20": 1.0, "coordination_ring_potter0_20": 0.4, "bottleneck_sparse20": 0.0, "bottleneck_potter0_20": 0.65}
[pair_E] {"steps": 163840, "elapsed_s": 122.9, "coordination_ring_sparse20": 0.0, "coordination_ring_potter0_20": 0.4, "bottleneck_sparse20": 0.0, "bottleneck_potter0_20": 0.65}
[pair_E] {"steps": 165888, "elapsed_s": 124.6, "coordination_ring_sparse20": 0.0, "coordination_ring_potter0_20": 0.35, "bottleneck_sparse20": 0.0, "bottleneck_potter0_20": 0.6}
[pair_E] {"steps": 167936, "elapsed_s": 126.1, "coordination_ring_sparse20": 0.0, "coordination_ring_potter0_20": 0.3, "bottleneck_sparse20": 0.0, "bottleneck_potter0_20": 0.55}
[pair_E] {"steps": 169984, "elapsed_s": 127.6, "coordination_ring_sparse20": 0.0, "coordination_ring_potter0_20": 0.25, "bottleneck_sparse20": 0.0, "bottleneck_potter0_20": 0.55}
[pair_E] {"steps": 172032, "elapsed_s": 129.1, "coordination_ring_sparse20": 0.0, "coordination_ring_potter0_20": 0.15, "bottleneck_sparse20": 0.0, "bottleneck_potter0_20": 0.55}
[pair_E] {"steps": 174080, "elapsed_s": 130.6, "coordination_ring_sparse20": 0.0, "coordination_ring_potter0_20": 0.2, "bottleneck_sparse20": 0.0, "bottleneck_potter0_20": 0.55}
[pair_E] {"steps": 176128, "elapsed_s": 132.3, "coordination_ring_sparse20": 0.0, "coordination_ring_potter0_20": 0.15, "bottleneck_sparse20": 0.0, "bottleneck_potter0_20": 0.6}
[pair_E] {"steps": 178176, "elapsed_s": 133.9, "coordination_ring_sparse20": 0.0, "coordination_ring_potter0_20": 0.1, "bottleneck_sparse20": 0.0, "bottleneck_potter0_20": 0.6}
[pair_E] {"steps": 180224, "elapsed_s": 135.4, "coordination_ring_sparse20": 0.0, "coordination_ring_potter0_20": 0.15, "bottleneck_sparse20": 0.0, "bottleneck_potter0_20": 0.7}
[pair_E] {"steps": 182272, "elapsed_s": 137.0, "coordination_ring_sparse20": 0.0, "coordination_ring_potter0_20": 0.15, "bottleneck_sparse20": 0.0, "bottleneck_potter0_20": 0.7}
[pair_E] {"steps": 184320, "elapsed_s": 138.6, "coordination_ring_sparse20": 0.0, "coordination_ring_potter0_20": 0.2, "bottleneck_sparse20": 0.0, "bottleneck_potter0_20": 0.75}
[pair_E] {"steps": 186368, "elapsed_s": 140.2, "coordination_ring_sparse20": 0.0, "coordination_ring_potter0_20": 0.2, "bottleneck_sparse20": 0.0, "bottleneck_potter0_20": 0.75}
[pair_E] {"steps": 188416, "elapsed_s": 141.6, "coordination_ring_sparse20": 1.0, "coordination_ring_potter0_20": 0.15, "bottleneck_sparse20": 0.0, "bottleneck_potter0_20": 0.75}
[pair_E] {"steps": 190464, "elapsed_s": 143.1, "coordination_ring_sparse20": 1.0, "coordination_ring_potter0_20": 0.1, "bottleneck_sparse20": 0.0, "bottleneck_potter0_20": 0.8}
[pair_E] {"steps": 192512, "elapsed_s": 144.9, "coordination_ring_sparse20": 1.0, "coordination_ring_potter0_20": 0.1, "bottleneck_sparse20": 0.0, "bottleneck_potter0_20": 0.85}
[pair_E] {"steps": 194560, "elapsed_s": 146.6, "coordination_ring_sparse20": 1.0, "coordination_ring_potter0_20": 0.1, "bottleneck_sparse20": 0.0, "bottleneck_potter0_20": 0.9}
[pair_E] {"steps": 196608, "elapsed_s": 148.2, "coordination_ring_sparse20": 1.0, "coordination_ring_potter0_20": 0.1, "bottleneck_sparse20": 0.0, "bottleneck_potter0_20": 0.95}
[pair_E] {"steps": 198656, "elapsed_s": 149.9, "coordination_ring_sparse20": 1.0, "coordination_ring_potter0_20": 0.2, "bottleneck_sparse20": 0.0, "bottleneck_potter0_20": 0.9}
[pair_E] {"steps": 200704, "elapsed_s": 151.6, "coordination_ring_sparse20": 1.0, "coordination_ring_potter0_20": 0.15, "bottleneck_sparse20": 0.0, "bottleneck_potter0_20": 0.9}
[pair_E] {"steps": 202752, "elapsed_s": 153.2, "coordination_ring_sparse20": 1.0, "coordination_ring_potter0_20": 0.2, "bottleneck_sparse20": 0.0, "bottleneck_potter0_20": 0.9}
[pair_E] {"steps": 204800, "elapsed_s": 155.4, "coordination_ring_sparse20": 2.0, "coordination_ring_potter0_20": 0.25, "bottleneck_sparse20": 0.0, "bottleneck_potter0_20": 0.95}
[pair_E] {"steps": 206848, "elapsed_s": 156.9, "coordination_ring_sparse20": 2.0, "coordination_ring_potter0_20": 0.3, "bottleneck_sparse20": 0.0, "bottleneck_potter0_20": 0.9}
[pair_E] {"steps": 208896, "elapsed_s": 158.9, "coordination_ring_sparse20": 2.0, "coordination_ring_potter0_20": 0.35, "bottleneck_sparse20": 0.0, "bottleneck_potter0_20": 0.9}
[pair_E] {"steps": 210944, "elapsed_s": 160.4, "coordination_ring_sparse20": 2.0, "coordination_ring_potter0_20": 0.3, "bottleneck_sparse20": 0.0, "bottleneck_potter0_20": 0.9}
[pair_E] {"steps": 212992, "elapsed_s": 161.9, "coordination_ring_sparse20": 2.0, "coordination_ring_potter0_20": 0.25, "bottleneck_sparse20": 0.0, "bottleneck_potter0_20": 0.9}
[pair_E] {"steps": 215040, "elapsed_s": 163.4, "coordination_ring_sparse20": 2.0, "coordination_ring_potter0_20": 0.25, "bottleneck_sparse20": 0.0, "bottleneck_potter0_20": 0.85}
[pair_E] {"steps": 217088, "elapsed_s": 165.0, "coordination_ring_sparse20": 2.0, "coordination_ring_potter0_20": 0.25, "bottleneck_sparse20": 0.0, "bottleneck_potter0_20": 0.9}
[pair_E] {"steps": 219136, "elapsed_s": 166.7, "coordination_ring_sparse20": 1.0, "coordination_ring_potter0_20": 0.15, "bottleneck_sparse20": 0.0, "bottleneck_potter0_20": 0.85}
[pair_E] {"steps": 221184, "elapsed_s": 168.2, "coordination_ring_sparse20": 1.0, "coordination_ring_potter0_20": 0.15, "bottleneck_sparse20": 0.0, "bottleneck_potter0_20": 0.8}
[pair_E] {"steps": 223232, "elapsed_s": 169.7, "coordination_ring_sparse20": 1.0, "coordination_ring_potter0_20": 0.2, "bottleneck_sparse20": 0.0, "bottleneck_potter0_20": 0.85}
[pair_E] {"steps": 225280, "elapsed_s": 171.1, "coordination_ring_sparse20": 0.0, "coordination_ring_potter0_20": 0.1, "bottleneck_sparse20": 0.0, "bottleneck_potter0_20": 0.75}
[pair_E] {"steps": 227328, "elapsed_s": 172.6, "coordination_ring_sparse20": 0.0, "coordination_ring_potter0_20": 0.15, "bottleneck_sparse20": 0.0, "bottleneck_potter0_20": 0.8}
[pair_E] {"steps": 229376, "elapsed_s": 174.1, "coordination_ring_sparse20": 0.0, "coordination_ring_potter0_20": 0.2, "bottleneck_sparse20": 0.0, "bottleneck_potter0_20": 0.75}
[pair_E] {"steps": 231424, "elapsed_s": 175.6, "coordination_ring_sparse20": 0.0, "coordination_ring_potter0_20": 0.25, "bottleneck_sparse20": 0.0, "bottleneck_potter0_20": 0.8}
[pair_E] {"steps": 233472, "elapsed_s": 177.1, "coordination_ring_sparse20": 1.0, "coordination_ring_potter0_20": 0.25, "bottleneck_sparse20": 0.0, "bottleneck_potter0_20": 0.8}
[pair_E] {"steps": 235520, "elapsed_s": 178.6, "coordination_ring_sparse20": 1.0, "coordination_ring_potter0_20": 0.35, "bottleneck_sparse20": 0.0, "bottleneck_potter0_20": 0.8}
[pair_E] {"steps": 237568, "elapsed_s": 180.1, "coordination_ring_sparse20": 1.0, "coordination_ring_potter0_20": 0.3, "bottleneck_sparse20": 0.0, "bottleneck_potter0_20": 0.75}
[pair_E] {"steps": 239616, "elapsed_s": 181.8, "coordination_ring_sparse20": 2.0, "coordination_ring_potter0_20": 0.4, "bottleneck_sparse20": 0.0, "bottleneck_potter0_20": 0.8}
[pair_E] {"steps": 241664, "elapsed_s": 183.3, "coordination_ring_sparse20": 2.0, "coordination_ring_potter0_20": 0.4, "bottleneck_sparse20": 0.0, "bottleneck_potter0_20": 0.75}
[pair_E] {"steps": 243712, "elapsed_s": 184.8, "coordination_ring_sparse20": 2.0, "coordination_ring_potter0_20": 0.35, "bottleneck_sparse20": 0.0, "bottleneck_potter0_20": 0.75}
[pair_E] {"steps": 245760, "elapsed_s": 186.4, "coordination_ring_sparse20": 2.0, "coordination_ring_potter0_20": 0.3, "bottleneck_sparse20": 0.0, "bottleneck_potter0_20": 0.75}
[pair_E] {"steps": 247808, "elapsed_s": 187.9, "coordination_ring_sparse20": 3.0, "coordination_ring_potter0_20": 0.3, "bottleneck_sparse20": 0.0, "bottleneck_potter0_20": 0.8}
[pair_E] {"steps": 249856, "elapsed_s": 189.4, "coordination_ring_sparse20": 2.0, "coordination_ring_potter0_20": 0.2, "bottleneck_sparse20": 0.0, "bottleneck_potter0_20": 0.85}
[pair_E] {"steps": 251904, "elapsed_s": 190.9, "coordination_ring_sparse20": 2.0, "coordination_ring_potter0_20": 0.15, "bottleneck_sparse20": 0.0, "bottleneck_potter0_20": 0.85}
[pair_E] {"steps": 253952, "elapsed_s": 192.3, "coordination_ring_sparse20": 2.0, "coordination_ring_potter0_20": 0.1, "bottleneck_sparse20": 0.0, "bottleneck_potter0_20": 0.8}
[pair_E] {"steps": 256000, "elapsed_s": 193.8, "coordination_ring_sparse20": 3.0, "coordination_ring_potter0_20": 0.1, "bottleneck_sparse20": 0.0, "bottleneck_potter0_20": 0.8}
[pair_E] {"steps": 258048, "elapsed_s": 195.4, "coordination_ring_sparse20": 2.0, "coordination_ring_potter0_20": 0.1, "bottleneck_sparse20": 0.0, "bottleneck_potter0_20": 0.85}
[pair_E] {"steps": 260096, "elapsed_s": 197.0, "coordination_ring_sparse20": 2.0, "coordination_ring_potter0_20": 0.1, "bottleneck_sparse20": 0.0, "bottleneck_potter0_20": 0.85}
[pair_E] {"steps": 262144, "elapsed_s": 198.6, "coordination_ring_sparse20": 2.0, "coordination_ring_potter0_20": 0.1, "bottleneck_sparse20": 0.0, "bottleneck_potter0_20": 0.85}
[pair_E] {"steps": 264192, "elapsed_s": 200.1, "coordination_ring_sparse20": 1.0, "coordination_ring_potter0_20": 0.1, "bottleneck_sparse20": 0.0, "bottleneck_potter0_20": 0.85}
[pair_E] {"steps": 266240, "elapsed_s": 201.6, "coordination_ring_sparse20": 4.0, "coordination_ring_potter0_20": 0.1, "bottleneck_sparse20": 0.0, "bottleneck_potter0_20": 0.85}
[pair_E] {"steps": 268288, "elapsed_s": 203.2, "coordination_ring_sparse20": 4.0, "coordination_ring_potter0_20": 0.05, "bottleneck_sparse20": 0.0, "bottleneck_potter0_20": 0.85}
[pair_E] {"steps": 270336, "elapsed_s": 204.6, "coordination_ring_sparse20": 3.0, "coordination_ring_potter0_20": 0.05, "bottleneck_sparse20": 0.0, "bottleneck_potter0_20": 0.9}
[pair_E] {"steps": 272384, "elapsed_s": 206.5, "coordination_ring_sparse20": 5.0, "coordination_ring_potter0_20": 0.1, "bottleneck_sparse20": 0.0, "bottleneck_potter0_20": 0.9}
[pair_E] {"steps": 274432, "elapsed_s": 208.0, "coordination_ring_sparse20": 5.0, "coordination_ring_potter0_20": 0.15, "bottleneck_sparse20": 0.0, "bottleneck_potter0_20": 0.9}
[pair_E] {"steps": 276480, "elapsed_s": 209.5, "coordination_ring_sparse20": 5.0, "coordination_ring_potter0_20": 0.1, "bottleneck_sparse20": 0.0, "bottleneck_potter0_20": 0.9}
[pair_E] {"steps": 278528, "elapsed_s": 211.1, "coordination_ring_sparse20": 5.0, "coordination_ring_potter0_20": 0.1, "bottleneck_sparse20": 0.0, "bottleneck_potter0_20": 0.95}
[pair_E] {"steps": 280576, "elapsed_s": 212.6, "coordination_ring_sparse20": 5.0, "coordination_ring_potter0_20": 0.1, "bottleneck_sparse20": 0.0, "bottleneck_potter0_20": 0.95}
[pair_E] {"steps": 282624, "elapsed_s": 214.1, "coordination_ring_sparse20": 3.0, "coordination_ring_potter0_20": 0.1, "bottleneck_sparse20": 0.0, "bottleneck_potter0_20": 0.95}
[pair_E] {"steps": 284672, "elapsed_s": 215.8, "coordination_ring_sparse20": 5.0, "coordination_ring_potter0_20": 0.2, "bottleneck_sparse20": 0.0, "bottleneck_potter0_20": 0.95}
[pair_E] {"steps": 286720, "elapsed_s": 217.3, "coordination_ring_sparse20": 4.0, "coordination_ring_potter0_20": 0.15, "bottleneck_sparse20": 0.0, "bottleneck_potter0_20": 0.95}
[pair_E] {"steps": 288768, "elapsed_s": 218.8, "coordination_ring_sparse20": 3.0, "coordination_ring_potter0_20": 0.2, "bottleneck_sparse20": 0.0, "bottleneck_potter0_20": 1.0}
[pair_E] {"steps": 290816, "elapsed_s": 220.4, "coordination_ring_sparse20": 4.0, "coordination_ring_potter0_20": 0.25, "bottleneck_sparse20": 0.0, "bottleneck_potter0_20": 1.0}
[pair_E] {"steps": 292864, "elapsed_s": 221.9, "coordination_ring_sparse20": 4.0, "coordination_ring_potter0_20": 0.3, "bottleneck_sparse20": 0.0, "bottleneck_potter0_20": 1.0}
[pair_E] {"steps": 294912, "elapsed_s": 223.4, "coordination_ring_sparse20": 4.0, "coordination_ring_potter0_20": 0.35, "bottleneck_sparse20": 0.0, "bottleneck_potter0_20": 1.0}
[pair_E] {"steps": 296960, "elapsed_s": 224.9, "coordination_ring_sparse20": 4.0, "coordination_ring_potter0_20": 0.35, "bottleneck_sparse20": 0.0, "bottleneck_potter0_20": 0.95}
[pair_E] {"steps": 299008, "elapsed_s": 226.4, "coordination_ring_sparse20": 3.0, "coordination_ring_potter0_20": 0.4, "bottleneck_sparse20": 0.0, "bottleneck_potter0_20": 0.95}
[pair_E] {"steps": 301056, "elapsed_s": 228.1, "coordination_ring_sparse20": 3.0, "coordination_ring_potter0_20": 0.4, "bottleneck_sparse20": 0.0, "bottleneck_potter0_20": 0.95}
[pair_E] {"steps": 303104, "elapsed_s": 229.7, "coordination_ring_sparse20": 3.0, "coordination_ring_potter0_20": 0.35, "bottleneck_sparse20": 0.0, "bottleneck_potter0_20": 0.95}
[pair_E] {"steps": 305152, "elapsed_s": 231.2, "coordination_ring_sparse20": 6.0, "coordination_ring_potter0_20": 0.25, "bottleneck_sparse20": 0.0, "bottleneck_potter0_20": 0.95}
[pair_E] {"steps": 307200, "elapsed_s": 232.7, "coordination_ring_sparse20": 6.0, "coordination_ring_potter0_20": 0.2, "bottleneck_sparse20": 0.0, "bottleneck_potter0_20": 0.95}
[pair_E] {"steps": 309248, "elapsed_s": 234.5, "coordination_ring_sparse20": 7.0, "coordination_ring_potter0_20": 0.15, "bottleneck_sparse20": 0.0, "bottleneck_potter0_20": 0.95}
[pair_E] {"steps": 311296, "elapsed_s": 236.1, "coordination_ring_sparse20": 7.0, "coordination_ring_potter0_20": 0.15, "bottleneck_sparse20": 0.0, "bottleneck_potter0_20": 0.95}
[pair_E] {"steps": 313344, "elapsed_s": 238.2, "coordination_ring_sparse20": 7.0, "coordination_ring_potter0_20": 0.1, "bottleneck_sparse20": 0.0, "bottleneck_potter0_20": 0.95}
[pair_E] {"steps": 315392, "elapsed_s": 240.3, "coordination_ring_sparse20": 6.0, "coordination_ring_potter0_20": 0.0, "bottleneck_sparse20": 0.0, "bottleneck_potter0_20": 1.0}
[pair_E] {"steps": 317440, "elapsed_s": 242.2, "coordination_ring_sparse20": 6.0, "coordination_ring_potter0_20": 0.0, "bottleneck_sparse20": 0.0, "bottleneck_potter0_20": 1.0}
[pair_E] {"steps": 319488, "elapsed_s": 243.7, "coordination_ring_sparse20": 4.0, "coordination_ring_potter0_20": 0.0, "bottleneck_sparse20": 0.0, "bottleneck_potter0_20": 1.0}
[pair_E] {"steps": 321536, "elapsed_s": 245.2, "coordination_ring_sparse20": 5.0, "coordination_ring_potter0_20": 0.0, "bottleneck_sparse20": 0.0, "bottleneck_potter0_20": 1.0}
[pair_E] {"steps": 323584, "elapsed_s": 246.7, "coordination_ring_sparse20": 4.0, "coordination_ring_potter0_20": 0.0, "bottleneck_sparse20": 0.0, "bottleneck_potter0_20": 1.0}
[pair_E] {"steps": 325632, "elapsed_s": 248.5, "coordination_ring_sparse20": 4.0, "coordination_ring_potter0_20": 0.05, "bottleneck_sparse20": 0.0, "bottleneck_potter0_20": 1.0}
[pair_E] {"steps": 327680, "elapsed_s": 250.1, "coordination_ring_sparse20": 3.0, "coordination_ring_potter0_20": 0.1, "bottleneck_sparse20": 0.0, "bottleneck_potter0_20": 1.0}
[pair_E] {"steps": 329728, "elapsed_s": 251.6, "coordination_ring_sparse20": 4.0, "coordination_ring_potter0_20": 0.15, "bottleneck_sparse20": 0.0, "bottleneck_potter0_20": 1.0}
[pair_E] {"steps": 331776, "elapsed_s": 253.1, "coordination_ring_sparse20": 3.0, "coordination_ring_potter0_20": 0.15, "bottleneck_sparse20": 0.0, "bottleneck_potter0_20": 1.0}
[pair_E] {"steps": 333824, "elapsed_s": 254.6, "coordination_ring_sparse20": 3.0, "coordination_ring_potter0_20": 0.15, "bottleneck_sparse20": 0.0, "bottleneck_potter0_20": 1.0}
[pair_E] {"steps": 335872, "elapsed_s": 256.1, "coordination_ring_sparse20": 3.0, "coordination_ring_potter0_20": 0.15, "bottleneck_sparse20": 0.0, "bottleneck_potter0_20": 1.0}
[pair_E] {"steps": 337920, "elapsed_s": 257.6, "coordination_ring_sparse20": 3.0, "coordination_ring_potter0_20": 0.2, "bottleneck_sparse20": 0.0, "bottleneck_potter0_20": 1.0}
[pair_E] {"steps": 339968, "elapsed_s": 259.2, "coordination_ring_sparse20": 3.0, "coordination_ring_potter0_20": 0.2, "bottleneck_sparse20": 0.0, "bottleneck_potter0_20": 0.95}
[pair_E] {"steps": 342016, "elapsed_s": 260.7, "coordination_ring_sparse20": 1.0, "coordination_ring_potter0_20": 0.15, "bottleneck_sparse20": 0.0, "bottleneck_potter0_20": 0.9}
[pair_E] {"steps": 344064, "elapsed_s": 262.2, "coordination_ring_sparse20": 1.0, "coordination_ring_potter0_20": 0.15, "bottleneck_sparse20": 0.0, "bottleneck_potter0_20": 0.85}
[pair_E] {"steps": 346112, "elapsed_s": 263.8, "coordination_ring_sparse20": 2.0, "coordination_ring_potter0_20": 0.15, "bottleneck_sparse20": 0.0, "bottleneck_potter0_20": 0.85}
[pair_E] {"steps": 348160, "elapsed_s": 265.3, "coordination_ring_sparse20": 2.0, "coordination_ring_potter0_20": 0.25, "bottleneck_sparse20": 0.0, "bottleneck_potter0_20": 0.85}
[pair_E] {"steps": 350208, "elapsed_s": 266.8, "coordination_ring_sparse20": 3.0, "coordination_ring_potter0_20": 0.3, "bottleneck_sparse20": 0.0, "bottleneck_potter0_20": 0.85}
[pair_E] {"steps": 352256, "elapsed_s": 268.4, "coordination_ring_sparse20": 3.0, "coordination_ring_potter0_20": 0.4, "bottleneck_sparse20": 0.0, "bottleneck_potter0_20": 0.85}
[pair_E] {"steps": 354304, "elapsed_s": 269.9, "coordination_ring_sparse20": 5.0, "coordination_ring_potter0_20": 0.4, "bottleneck_sparse20": 0.0, "bottleneck_potter0_20": 0.9}
[pair_E] {"steps": 356352, "elapsed_s": 271.5, "coordination_ring_sparse20": 6.0, "coordination_ring_potter0_20": 0.35, "bottleneck_sparse20": 0.0, "bottleneck_potter0_20": 0.95}
[pair_E] {"steps": 358400, "elapsed_s": 273.0, "coordination_ring_sparse20": 8.0, "coordination_ring_potter0_20": 0.4, "bottleneck_sparse20": 0.0, "bottleneck_potter0_20": 0.95}
[pair_E] {"steps": 360448, "elapsed_s": 274.5, "coordination_ring_sparse20": 8.0, "coordination_ring_potter0_20": 0.4, "bottleneck_sparse20": 0.0, "bottleneck_potter0_20": 1.0}
[pair_E] {"steps": 362496, "elapsed_s": 276.0, "coordination_ring_sparse20": 8.0, "coordination_ring_potter0_20": 0.35, "bottleneck_sparse20": 0.0, "bottleneck_potter0_20": 1.0}
[pair_E] {"steps": 364544, "elapsed_s": 277.5, "coordination_ring_sparse20": 8.0, "coordination_ring_potter0_20": 0.3, "bottleneck_sparse20": 0.0, "bottleneck_potter0_20": 1.0}
[pair_E] {"steps": 366592, "elapsed_s": 279.1, "coordination_ring_sparse20": 9.0, "coordination_ring_potter0_20": 0.25, "bottleneck_sparse20": 0.0, "bottleneck_potter0_20": 0.95}
[pair_E] {"steps": 368640, "elapsed_s": 280.6, "coordination_ring_sparse20": 8.0, "coordination_ring_potter0_20": 0.2, "bottleneck_sparse20": 0.0, "bottleneck_potter0_20": 0.9}
[pair_E] {"steps": 370688, "elapsed_s": 282.3, "coordination_ring_sparse20": 11.0, "coordination_ring_potter0_20": 0.25, "bottleneck_sparse20": 0.0, "bottleneck_potter0_20": 0.9}
[pair_E] {"steps": 372736, "elapsed_s": 283.7, "coordination_ring_sparse20": 11.0, "coordination_ring_potter0_20": 0.3, "bottleneck_sparse20": 0.0, "bottleneck_potter0_20": 0.9}
[pair_E] {"steps": 374784, "elapsed_s": 285.3, "coordination_ring_sparse20": 13.0, "coordination_ring_potter0_20": 0.3, "bottleneck_sparse20": 0.0, "bottleneck_potter0_20": 0.9}
[pair_E] {"steps": 376832, "elapsed_s": 287.2, "coordination_ring_sparse20": 12.0, "coordination_ring_potter0_20": 0.3, "bottleneck_sparse20": 0.0, "bottleneck_potter0_20": 0.8}
[pair_E] {"steps": 378880, "elapsed_s": 288.8, "coordination_ring_sparse20": 11.0, "coordination_ring_potter0_20": 0.3, "bottleneck_sparse20": 0.0, "bottleneck_potter0_20": 0.75}
[pair_E] {"steps": 380928, "elapsed_s": 290.3, "coordination_ring_sparse20": 11.0, "coordination_ring_potter0_20": 0.35, "bottleneck_sparse20": 0.0, "bottleneck_potter0_20": 0.7}
[pair_E] {"steps": 382976, "elapsed_s": 291.8, "coordination_ring_sparse20": 9.0, "coordination_ring_potter0_20": 0.4, "bottleneck_sparse20": 0.0, "bottleneck_potter0_20": 0.75}
[pair_E] {"steps": 385024, "elapsed_s": 293.3, "coordination_ring_sparse20": 10.0, "coordination_ring_potter0_20": 0.4, "bottleneck_sparse20": 0.0, "bottleneck_potter0_20": 0.75}
[pair_E] {"steps": 387072, "elapsed_s": 294.8, "coordination_ring_sparse20": 7.0, "coordination_ring_potter0_20": 0.45, "bottleneck_sparse20": 0.0, "bottleneck_potter0_20": 0.75}
[pair_E] {"steps": 389120, "elapsed_s": 296.3, "coordination_ring_sparse20": 7.0, "coordination_ring_potter0_20": 0.5, "bottleneck_sparse20": 0.0, "bottleneck_potter0_20": 0.75}
[pair_E] {"steps": 391168, "elapsed_s": 297.8, "coordination_ring_sparse20": 5.0, "coordination_ring_potter0_20": 0.55, "bottleneck_sparse20": 0.0, "bottleneck_potter0_20": 0.75}
[pair_E] {"steps": 393216, "elapsed_s": 299.3, "coordination_ring_sparse20": 7.0, "coordination_ring_potter0_20": 0.5, "bottleneck_sparse20": 0.0, "bottleneck_potter0_20": 0.8}
[pair_E] {"steps": 395264, "elapsed_s": 300.8, "coordination_ring_sparse20": 7.0, "coordination_ring_potter0_20": 0.55, "bottleneck_sparse20": 0.0, "bottleneck_potter0_20": 0.9}
[pair_E] {"steps": 397312, "elapsed_s": 302.4, "coordination_ring_sparse20": 7.0, "coordination_ring_potter0_20": 0.5, "bottleneck_sparse20": 0.0, "bottleneck_potter0_20": 0.9}
[pair_E] {"steps": 399360, "elapsed_s": 304.0, "coordination_ring_sparse20": 9.0, "coordination_ring_potter0_20": 0.45, "bottleneck_sparse20": 0.0, "bottleneck_potter0_20": 0.9}
[pair_E] {"steps": 401408, "elapsed_s": 305.5, "coordination_ring_sparse20": 12.0, "coordination_ring_potter0_20": 0.4, "bottleneck_sparse20": 0.0, "bottleneck_potter0_20": 0.9}
[pair_E] {"steps": 403456, "elapsed_s": 307.0, "coordination_ring_sparse20": 13.0, "coordination_ring_potter0_20": 0.25, "bottleneck_sparse20": 0.0, "bottleneck_potter0_20": 0.9}
[pair_E] {"steps": 405504, "elapsed_s": 308.7, "coordination_ring_sparse20": 13.0, "coordination_ring_potter0_20": 0.3, "bottleneck_sparse20": 0.0, "bottleneck_potter0_20": 0.95}
[pair_E] {"steps": 407552, "elapsed_s": 310.8, "coordination_ring_sparse20": 14.0, "coordination_ring_potter0_20": 0.25, "bottleneck_sparse20": 0.0, "bottleneck_potter0_20": 0.95}
[pair_E] {"steps": 409600, "elapsed_s": 312.9, "coordination_ring_sparse20": 12.0, "coordination_ring_potter0_20": 0.2, "bottleneck_sparse20": 0.0, "bottleneck_potter0_20": 0.95}
[pair_E] {"steps": 411648, "elapsed_s": 315.1, "coordination_ring_sparse20": 12.0, "coordination_ring_potter0_20": 0.2, "bottleneck_sparse20": 0.0, "bottleneck_potter0_20": 0.95}
[pair_E] {"steps": 413696, "elapsed_s": 317.2, "coordination_ring_sparse20": 10.0, "coordination_ring_potter0_20": 0.2, "bottleneck_sparse20": 0.0, "bottleneck_potter0_20": 1.0}
[pair_E] {"steps": 415744, "elapsed_s": 319.3, "coordination_ring_sparse20": 9.0, "coordination_ring_potter0_20": 0.2, "bottleneck_sparse20": 0.0, "bottleneck_potter0_20": 1.0}
[pair_E] {"steps": 417792, "elapsed_s": 321.4, "coordination_ring_sparse20": 8.0, "coordination_ring_potter0_20": 0.1, "bottleneck_sparse20": 0.0, "bottleneck_potter0_20": 0.95}
[pair_E] {"steps": 419840, "elapsed_s": 323.5, "coordination_ring_sparse20": 7.0, "coordination_ring_potter0_20": 0.15, "bottleneck_sparse20": 0.0, "bottleneck_potter0_20": 0.95}
[pair_E] {"steps": 421888, "elapsed_s": 325.6, "coordination_ring_sparse20": 8.0, "coordination_ring_potter0_20": 0.15, "bottleneck_sparse20": 0.0, "bottleneck_potter0_20": 0.95}
[pair_E] {"steps": 423936, "elapsed_s": 327.8, "coordination_ring_sparse20": 7.0, "coordination_ring_potter0_20": 0.1, "bottleneck_sparse20": 0.0, "bottleneck_potter0_20": 0.95}
[pair_E] {"steps": 425984, "elapsed_s": 329.9, "coordination_ring_sparse20": 10.0, "coordination_ring_potter0_20": 0.2, "bottleneck_sparse20": 0.0, "bottleneck_potter0_20": 0.95}
[pair_E] {"steps": 428032, "elapsed_s": 332.0, "coordination_ring_sparse20": 10.0, "coordination_ring_potter0_20": 0.2, "bottleneck_sparse20": 0.0, "bottleneck_potter0_20": 0.9}
[pair_E] {"steps": 430080, "elapsed_s": 334.1, "coordination_ring_sparse20": 11.0, "coordination_ring_potter0_20": 0.25, "bottleneck_sparse20": 0.0, "bottleneck_potter0_20": 0.9}
[pair_E] {"steps": 432128, "elapsed_s": 336.4, "coordination_ring_sparse20": 12.0, "coordination_ring_potter0_20": 0.25, "bottleneck_sparse20": 0.0, "bottleneck_potter0_20": 0.9}
[pair_E] {"steps": 434176, "elapsed_s": 337.9, "coordination_ring_sparse20": 13.0, "coordination_ring_potter0_20": 0.25, "bottleneck_sparse20": 0.0, "bottleneck_potter0_20": 0.95}
[pair_E] {"steps": 436224, "elapsed_s": 339.4, "coordination_ring_sparse20": 13.0, "coordination_ring_potter0_20": 0.2, "bottleneck_sparse20": 0.0, "bottleneck_potter0_20": 0.95}
[pair_E] {"steps": 438272, "elapsed_s": 340.8, "coordination_ring_sparse20": 11.0, "coordination_ring_potter0_20": 0.25, "bottleneck_sparse20": 0.0, "bottleneck_potter0_20": 0.95}
[pair_E] {"steps": 440320, "elapsed_s": 342.4, "coordination_ring_sparse20": 12.0, "coordination_ring_potter0_20": 0.2, "bottleneck_sparse20": 0.0, "bottleneck_potter0_20": 0.95}
[pair_E] {"steps": 442368, "elapsed_s": 343.9, "coordination_ring_sparse20": 8.0, "coordination_ring_potter0_20": 0.2, "bottleneck_sparse20": 0.0, "bottleneck_potter0_20": 0.95}
[pair_E] {"steps": 444416, "elapsed_s": 345.4, "coordination_ring_sparse20": 8.0, "coordination_ring_potter0_20": 0.25, "bottleneck_sparse20": 0.0, "bottleneck_potter0_20": 0.95}
[pair_E] {"steps": 446464, "elapsed_s": 346.9, "coordination_ring_sparse20": 6.0, "coordination_ring_potter0_20": 0.25, "bottleneck_sparse20": 0.0, "bottleneck_potter0_20": 1.0}
[pair_E] {"steps": 448512, "elapsed_s": 348.4, "coordination_ring_sparse20": 4.0, "coordination_ring_potter0_20": 0.25, "bottleneck_sparse20": 0.0, "bottleneck_potter0_20": 0.95}
[pair_E] {"steps": 450560, "elapsed_s": 350.0, "coordination_ring_sparse20": 4.0, "coordination_ring_potter0_20": 0.3, "bottleneck_sparse20": 0.0, "bottleneck_potter0_20": 0.95}
[pair_E] {"steps": 452608, "elapsed_s": 351.5, "coordination_ring_sparse20": 6.0, "coordination_ring_potter0_20": 0.3, "bottleneck_sparse20": 0.0, "bottleneck_potter0_20": 0.9}
[pair_E] {"steps": 454656, "elapsed_s": 353.0, "coordination_ring_sparse20": 5.0, "coordination_ring_potter0_20": 0.3, "bottleneck_sparse20": 0.0, "bottleneck_potter0_20": 0.9}
[pair_E] {"steps": 456704, "elapsed_s": 354.5, "coordination_ring_sparse20": 9.0, "coordination_ring_potter0_20": 0.35, "bottleneck_sparse20": 0.0, "bottleneck_potter0_20": 0.9}
[pair_E] {"steps": 458752, "elapsed_s": 356.1, "coordination_ring_sparse20": 8.0, "coordination_ring_potter0_20": 0.3, "bottleneck_sparse20": 0.0, "bottleneck_potter0_20": 0.9}
[pair_E] {"steps": 460800, "elapsed_s": 357.7, "coordination_ring_sparse20": 8.0, "coordination_ring_potter0_20": 0.3, "bottleneck_sparse20": 0.0, "bottleneck_potter0_20": 0.9}
[pair_E] {"steps": 462848, "elapsed_s": 359.2, "coordination_ring_sparse20": 10.0, "coordination_ring_potter0_20": 0.2, "bottleneck_sparse20": 0.0, "bottleneck_potter0_20": 0.9}
[pair_E] {"steps": 464896, "elapsed_s": 360.8, "coordination_ring_sparse20": 9.0, "coordination_ring_potter0_20": 0.15, "bottleneck_sparse20": 0.0, "bottleneck_potter0_20": 0.9}
[pair_E] {"steps": 466944, "elapsed_s": 362.3, "coordination_ring_sparse20": 10.0, "coordination_ring_potter0_20": 0.15, "bottleneck_sparse20": 0.0, "bottleneck_potter0_20": 0.95}
[pair_E] {"steps": 468992, "elapsed_s": 363.8, "coordination_ring_sparse20": 10.0, "coordination_ring_potter0_20": 0.1, "bottleneck_sparse20": 0.0, "bottleneck_potter0_20": 0.95}
[pair_E] {"steps": 471040, "elapsed_s": 365.3, "coordination_ring_sparse20": 10.0, "coordination_ring_potter0_20": 0.05, "bottleneck_sparse20": 0.0, "bottleneck_potter0_20": 1.0}
[pair_E] {"steps": 473088, "elapsed_s": 366.7, "coordination_ring_sparse20": 11.0, "coordination_ring_potter0_20": 0.0, "bottleneck_sparse20": 0.0, "bottleneck_potter0_20": 1.0}
[pair_E] {"steps": 475136, "elapsed_s": 368.2, "coordination_ring_sparse20": 12.0, "coordination_ring_potter0_20": 0.0, "bottleneck_sparse20": 0.0, "bottleneck_potter0_20": 1.0}
[pair_E] {"steps": 477184, "elapsed_s": 369.7, "coordination_ring_sparse20": 13.0, "coordination_ring_potter0_20": 0.05, "bottleneck_sparse20": 0.0, "bottleneck_potter0_20": 1.0}
[pair_E] {"steps": 479232, "elapsed_s": 371.2, "coordination_ring_sparse20": 14.0, "coordination_ring_potter0_20": 0.05, "bottleneck_sparse20": 0.0, "bottleneck_potter0_20": 1.0}
[pair_E] {"steps": 481280, "elapsed_s": 372.7, "coordination_ring_sparse20": 12.0, "coordination_ring_potter0_20": 0.05, "bottleneck_sparse20": 0.0, "bottleneck_potter0_20": 1.0}
[pair_E] {"steps": 483328, "elapsed_s": 374.2, "coordination_ring_sparse20": 12.0, "coordination_ring_potter0_20": 0.05, "bottleneck_sparse20": 0.0, "bottleneck_potter0_20": 1.0}
[pair_E] {"steps": 485376, "elapsed_s": 375.8, "coordination_ring_sparse20": 12.0, "coordination_ring_potter0_20": 0.1, "bottleneck_sparse20": 0.0, "bottleneck_potter0_20": 1.0}
[pair_E] {"steps": 487424, "elapsed_s": 377.3, "coordination_ring_sparse20": 12.0, "coordination_ring_potter0_20": 0.1, "bottleneck_sparse20": 0.0, "bottleneck_potter0_20": 1.0}
[pair_E] {"steps": 489472, "elapsed_s": 378.9, "coordination_ring_sparse20": 11.0, "coordination_ring_potter0_20": 0.1, "bottleneck_sparse20": 0.0, "bottleneck_potter0_20": 1.0}
[pair_E] {"steps": 491520, "elapsed_s": 380.4, "coordination_ring_sparse20": 10.0, "coordination_ring_potter0_20": 0.1, "bottleneck_sparse20": 0.0, "bottleneck_potter0_20": 1.0}
[pair_E] {"steps": 493568, "elapsed_s": 381.8, "coordination_ring_sparse20": 9.0, "coordination_ring_potter0_20": 0.1, "bottleneck_sparse20": 0.0, "bottleneck_potter0_20": 1.0}
[pair_E] {"steps": 495616, "elapsed_s": 383.3, "coordination_ring_sparse20": 11.0, "coordination_ring_potter0_20": 0.05, "bottleneck_sparse20": 0.0, "bottleneck_potter0_20": 1.0}
[pair_E] {"steps": 497664, "elapsed_s": 384.8, "coordination_ring_sparse20": 11.0, "coordination_ring_potter0_20": 0.05, "bottleneck_sparse20": 0.0, "bottleneck_potter0_20": 1.0}
[pair_E] {"steps": 499712, "elapsed_s": 386.3, "coordination_ring_sparse20": 11.0, "coordination_ring_potter0_20": 0.05, "bottleneck_sparse20": 0.0, "bottleneck_potter0_20": 1.0}
[pair_E] {"steps": 501760, "elapsed_s": 387.8, "coordination_ring_sparse20": 10.0, "coordination_ring_potter0_20": 0.05, "bottleneck_sparse20": 0.0, "bottleneck_potter0_20": 1.0}
[pair_E] {"steps": 503808, "elapsed_s": 389.3, "coordination_ring_sparse20": 12.0, "coordination_ring_potter0_20": 0.1, "bottleneck_sparse20": 0.0, "bottleneck_potter0_20": 1.0}
[pair_E] {"steps": 505856, "elapsed_s": 390.7, "coordination_ring_sparse20": 11.0, "coordination_ring_potter0_20": 0.05, "bottleneck_sparse20": 0.0, "bottleneck_potter0_20": 1.0}
[pair_E] {"steps": 507904, "elapsed_s": 392.3, "coordination_ring_sparse20": 11.0, "coordination_ring_potter0_20": 0.1, "bottleneck_sparse20": 0.0, "bottleneck_potter0_20": 1.0}
[pair_E] {"steps": 509952, "elapsed_s": 394.0, "coordination_ring_sparse20": 10.0, "coordination_ring_potter0_20": 0.1, "bottleneck_sparse20": 0.0, "bottleneck_potter0_20": 1.0}
[pair_E] {"steps": 512000, "elapsed_s": 395.5, "coordination_ring_sparse20": 10.0, "coordination_ring_potter0_20": 0.15, "bottleneck_sparse20": 0.0, "bottleneck_potter0_20": 1.0}
[pair_E] {"steps": 514048, "elapsed_s": 397.0, "coordination_ring_sparse20": 11.0, "coordination_ring_potter0_20": 0.15, "bottleneck_sparse20": 0.0, "bottleneck_potter0_20": 1.0}
[pair_E] {"steps": 516096, "elapsed_s": 398.5, "coordination_ring_sparse20": 9.0, "coordination_ring_potter0_20": 0.15, "bottleneck_sparse20": 0.0, "bottleneck_potter0_20": 1.0}
[pair_E] {"steps": 518144, "elapsed_s": 400.0, "coordination_ring_sparse20": 9.0, "coordination_ring_potter0_20": 0.2, "bottleneck_sparse20": 0.0, "bottleneck_potter0_20": 1.0}
[pair_E] {"steps": 520192, "elapsed_s": 401.4, "coordination_ring_sparse20": 11.0, "coordination_ring_potter0_20": 0.25, "bottleneck_sparse20": 0.0, "bottleneck_potter0_20": 1.0}
[pair_E] {"steps": 522240, "elapsed_s": 402.9, "coordination_ring_sparse20": 10.0, "coordination_ring_potter0_20": 0.3, "bottleneck_sparse20": 0.0, "bottleneck_potter0_20": 0.95}
[pair_E] {"steps": 524288, "elapsed_s": 404.4, "coordination_ring_sparse20": 9.0, "coordination_ring_potter0_20": 0.3, "bottleneck_sparse20": 0.0, "bottleneck_potter0_20": 0.9}
[pair_E] {"steps": 526336, "elapsed_s": 406.0, "coordination_ring_sparse20": 8.0, "coordination_ring_potter0_20": 0.3, "bottleneck_sparse20": 0.0, "bottleneck_potter0_20": 0.9}
[pair_E] {"steps": 528384, "elapsed_s": 407.7, "coordination_ring_sparse20": 6.0, "coordination_ring_potter0_20": 0.25, "bottleneck_sparse20": 0.0, "bottleneck_potter0_20": 0.9}
[pair_E] {"steps": 530432, "elapsed_s": 409.4, "coordination_ring_sparse20": 3.0, "coordination_ring_potter0_20": 0.3, "bottleneck_sparse20": 0.0, "bottleneck_potter0_20": 0.9}
[pair_E] {"steps": 532480, "elapsed_s": 411.0, "coordination_ring_sparse20": 4.0, "coordination_ring_potter0_20": 0.25, "bottleneck_sparse20": 0.0, "bottleneck_potter0_20": 0.9}
[pair_E] {"steps": 534528, "elapsed_s": 412.4, "coordination_ring_sparse20": 1.0, "coordination_ring_potter0_20": 0.3, "bottleneck_sparse20": 0.0, "bottleneck_potter0_20": 0.9}
[pair_E] {"steps": 536576, "elapsed_s": 413.9, "coordination_ring_sparse20": 3.0, "coordination_ring_potter0_20": 0.2, "bottleneck_sparse20": 0.0, "bottleneck_potter0_20": 0.9}
[pair_E] {"steps": 538624, "elapsed_s": 415.6, "coordination_ring_sparse20": 3.0, "coordination_ring_potter0_20": 0.15, "bottleneck_sparse20": 0.0, "bottleneck_potter0_20": 0.9}
[pair_E] {"steps": 540672, "elapsed_s": 417.4, "coordination_ring_sparse20": 3.0, "coordination_ring_potter0_20": 0.15, "bottleneck_sparse20": 0.0, "bottleneck_potter0_20": 0.95}
[pair_E] {"steps": 542720, "elapsed_s": 419.2, "coordination_ring_sparse20": 4.0, "coordination_ring_potter0_20": 0.1, "bottleneck_sparse20": 0.0, "bottleneck_potter0_20": 1.0}
[pair_E] {"steps": 544768, "elapsed_s": 420.9, "coordination_ring_sparse20": 5.0, "coordination_ring_potter0_20": 0.1, "bottleneck_sparse20": 0.0, "bottleneck_potter0_20": 1.0}
[pair_E] {"steps": 546816, "elapsed_s": 422.4, "coordination_ring_sparse20": 4.0, "coordination_ring_potter0_20": 0.15, "bottleneck_sparse20": 0.0, "bottleneck_potter0_20": 1.0}
[pair_E] {"steps": 548864, "elapsed_s": 423.9, "coordination_ring_sparse20": 5.0, "coordination_ring_potter0_20": 0.15, "bottleneck_sparse20": 0.0, "bottleneck_potter0_20": 1.0}
[pair_E] {"steps": 550912, "elapsed_s": 425.4, "coordination_ring_sparse20": 5.0, "coordination_ring_potter0_20": 0.2, "bottleneck_sparse20": 0.0, "bottleneck_potter0_20": 1.0}
[pair_E] {"steps": 552960, "elapsed_s": 427.0, "coordination_ring_sparse20": 4.0, "coordination_ring_potter0_20": 0.15, "bottleneck_sparse20": 0.0, "bottleneck_potter0_20": 1.0}
[pair_E] {"steps": 555008, "elapsed_s": 428.7, "coordination_ring_sparse20": 3.0, "coordination_ring_potter0_20": 0.15, "bottleneck_sparse20": 0.0, "bottleneck_potter0_20": 1.0}
[pair_E] {"steps": 557056, "elapsed_s": 430.2, "coordination_ring_sparse20": 5.0, "coordination_ring_potter0_20": 0.2, "bottleneck_sparse20": 0.0, "bottleneck_potter0_20": 1.0}
[pair_E] {"steps": 559104, "elapsed_s": 431.8, "coordination_ring_sparse20": 5.0, "coordination_ring_potter0_20": 0.25, "bottleneck_sparse20": 0.0, "bottleneck_potter0_20": 1.0}
[pair_E] {"steps": 561152, "elapsed_s": 433.4, "coordination_ring_sparse20": 5.0, "coordination_ring_potter0_20": 0.35, "bottleneck_sparse20": 0.0, "bottleneck_potter0_20": 1.0}
[pair_E] {"steps": 563200, "elapsed_s": 434.9, "coordination_ring_sparse20": 10.0, "coordination_ring_potter0_20": 0.3, "bottleneck_sparse20": 0.0, "bottleneck_potter0_20": 1.0}
[pair_E] {"steps": 565248, "elapsed_s": 436.4, "coordination_ring_sparse20": 9.0, "coordination_ring_potter0_20": 0.2, "bottleneck_sparse20": 0.0, "bottleneck_potter0_20": 1.0}
[pair_E] {"steps": 567296, "elapsed_s": 438.0, "coordination_ring_sparse20": 9.0, "coordination_ring_potter0_20": 0.2, "bottleneck_sparse20": 0.0, "bottleneck_potter0_20": 1.0}
[pair_E] {"steps": 569344, "elapsed_s": 439.6, "coordination_ring_sparse20": 9.0, "coordination_ring_potter0_20": 0.2, "bottleneck_sparse20": 0.0, "bottleneck_potter0_20": 1.0}
[pair_E] {"steps": 571392, "elapsed_s": 441.2, "coordination_ring_sparse20": 11.0, "coordination_ring_potter0_20": 0.2, "bottleneck_sparse20": 0.0, "bottleneck_potter0_20": 0.95}
[pair_E] {"steps": 573440, "elapsed_s": 442.9, "coordination_ring_sparse20": 14.0, "coordination_ring_potter0_20": 0.2, "bottleneck_sparse20": 0.0, "bottleneck_potter0_20": 0.95}
[pair_E] {"steps": 575488, "elapsed_s": 444.5, "coordination_ring_sparse20": 12.0, "coordination_ring_potter0_20": 0.2, "bottleneck_sparse20": 0.0, "bottleneck_potter0_20": 0.95}
[pair_E] {"steps": 577536, "elapsed_s": 446.1, "coordination_ring_sparse20": 12.0, "coordination_ring_potter0_20": 0.15, "bottleneck_sparse20": 0.0, "bottleneck_potter0_20": 0.95}
[pair_E] {"steps": 579584, "elapsed_s": 447.6, "coordination_ring_sparse20": 11.0, "coordination_ring_potter0_20": 0.1, "bottleneck_sparse20": 0.0, "bottleneck_potter0_20": 0.95}
[pair_E] {"steps": 581632, "elapsed_s": 449.2, "coordination_ring_sparse20": 10.0, "coordination_ring_potter0_20": 0.05, "bottleneck_sparse20": 0.0, "bottleneck_potter0_20": 0.95}
[pair_E] {"steps": 583680, "elapsed_s": 450.9, "coordination_ring_sparse20": 7.0, "coordination_ring_potter0_20": 0.1, "bottleneck_sparse20": 0.0, "bottleneck_potter0_20": 0.95}
[pair_E] {"steps": 585728, "elapsed_s": 453.0, "coordination_ring_sparse20": 7.0, "coordination_ring_potter0_20": 0.15, "bottleneck_sparse20": 0.0, "bottleneck_potter0_20": 0.95}
[pair_E] {"steps": 587776, "elapsed_s": 454.6, "coordination_ring_sparse20": 6.0, "coordination_ring_potter0_20": 0.1, "bottleneck_sparse20": 0.0, "bottleneck_potter0_20": 0.95}
[pair_E] {"steps": 589824, "elapsed_s": 456.3, "coordination_ring_sparse20": 7.0, "coordination_ring_potter0_20": 0.15, "bottleneck_sparse20": 0.0, "bottleneck_potter0_20": 0.9}
[pair_E] {"steps": 591872, "elapsed_s": 458.1, "coordination_ring_sparse20": 9.0, "coordination_ring_potter0_20": 0.2, "bottleneck_sparse20": 0.0, "bottleneck_potter0_20": 0.9}
[pair_E] {"steps": 593920, "elapsed_s": 459.6, "coordination_ring_sparse20": 9.0, "coordination_ring_potter0_20": 0.2, "bottleneck_sparse20": 0.0, "bottleneck_potter0_20": 0.9}
[pair_E] {"steps": 595968, "elapsed_s": 461.2, "coordination_ring_sparse20": 7.0, "coordination_ring_potter0_20": 0.15, "bottleneck_sparse20": 0.0, "bottleneck_potter0_20": 0.9}
[pair_E] {"steps": 598016, "elapsed_s": 462.7, "coordination_ring_sparse20": 8.0, "coordination_ring_potter0_20": 0.2, "bottleneck_sparse20": 0.0, "bottleneck_potter0_20": 0.9}
[pair_E] {"steps": 600064, "elapsed_s": 464.3, "coordination_ring_sparse20": 6.0, "coordination_ring_potter0_20": 0.2, "bottleneck_sparse20": 0.0, "bottleneck_potter0_20": 0.9}
[pair_E] {"steps": 602112, "elapsed_s": 465.9, "coordination_ring_sparse20": 6.0, "coordination_ring_potter0_20": 0.2, "bottleneck_sparse20": 0.0, "bottleneck_potter0_20": 0.9}
[pair_E] {"steps": 604160, "elapsed_s": 467.6, "coordination_ring_sparse20": 6.0, "coordination_ring_potter0_20": 0.25, "bottleneck_sparse20": 0.0, "bottleneck_potter0_20": 0.9}
[pair_E] {"steps": 606208, "elapsed_s": 469.3, "coordination_ring_sparse20": 5.0, "coordination_ring_potter0_20": 0.25, "bottleneck_sparse20": 0.0, "bottleneck_potter0_20": 1.0}
[pair_E] {"steps": 608256, "elapsed_s": 470.9, "coordination_ring_sparse20": 5.0, "coordination_ring_potter0_20": 0.2, "bottleneck_sparse20": 0.0, "bottleneck_potter0_20": 1.0}
[pair_E] {"steps": 610304, "elapsed_s": 472.4, "coordination_ring_sparse20": 5.0, "coordination_ring_potter0_20": 0.2, "bottleneck_sparse20": 0.0, "bottleneck_potter0_20": 1.0}
[pair_E] {"steps": 612352, "elapsed_s": 473.9, "coordination_ring_sparse20": 4.0, "coordination_ring_potter0_20": 0.2, "bottleneck_sparse20": 0.0, "bottleneck_potter0_20": 1.0}
[pair_E] {"steps": 614400, "elapsed_s": 475.5, "coordination_ring_sparse20": 4.0, "coordination_ring_potter0_20": 0.15, "bottleneck_sparse20": 0.0, "bottleneck_potter0_20": 0.95}
[pair_E] {"steps": 616448, "elapsed_s": 477.1, "coordination_ring_sparse20": 5.0, "coordination_ring_potter0_20": 0.2, "bottleneck_sparse20": 0.0, "bottleneck_potter0_20": 0.95}
[pair_E] {"steps": 618496, "elapsed_s": 478.5, "coordination_ring_sparse20": 4.0, "coordination_ring_potter0_20": 0.25, "bottleneck_sparse20": 0.0, "bottleneck_potter0_20": 0.95}
[pair_E] {"steps": 620544, "elapsed_s": 480.0, "coordination_ring_sparse20": 3.0, "coordination_ring_potter0_20": 0.2, "bottleneck_sparse20": 0.0, "bottleneck_potter0_20": 0.95}
[pair_E] {"steps": 622592, "elapsed_s": 481.5, "coordination_ring_sparse20": 10.0, "coordination_ring_potter0_20": 0.25, "bottleneck_sparse20": 0.0, "bottleneck_potter0_20": 0.95}
[pair_E] {"steps": 624640, "elapsed_s": 483.0, "coordination_ring_sparse20": 10.0, "coordination_ring_potter0_20": 0.3, "bottleneck_sparse20": 0.0, "bottleneck_potter0_20": 0.95}
[pair_E] {"steps": 626688, "elapsed_s": 484.7, "coordination_ring_sparse20": 15.0, "coordination_ring_potter0_20": 0.4, "bottleneck_sparse20": 0.0, "bottleneck_potter0_20": 0.95}
[pair_E] {"steps": 628736, "elapsed_s": 486.3, "coordination_ring_sparse20": 16.0, "coordination_ring_potter0_20": 0.4, "bottleneck_sparse20": 0.0, "bottleneck_potter0_20": 0.95}
[pair_E] {"steps": 630784, "elapsed_s": 487.9, "coordination_ring_sparse20": 18.0, "coordination_ring_potter0_20": 0.4, "bottleneck_sparse20": 0.0, "bottleneck_potter0_20": 1.0}
[pair_E] {"steps": 632832, "elapsed_s": 489.5, "coordination_ring_sparse20": 19.0, "coordination_ring_potter0_20": 0.35, "bottleneck_sparse20": 0.0, "bottleneck_potter0_20": 1.0}
[pair_E] {"steps": 634880, "elapsed_s": 491.1, "coordination_ring_sparse20": 20.0, "coordination_ring_potter0_20": 0.35, "bottleneck_sparse20": 0.0, "bottleneck_potter0_20": 1.0}
[pair_E] {"steps": 636928, "elapsed_s": 492.7, "coordination_ring_sparse20": 22.0, "coordination_ring_potter0_20": 0.35, "bottleneck_sparse20": 0.0, "bottleneck_potter0_20": 1.0}
[pair_E] {"steps": 638976, "elapsed_s": 494.2, "coordination_ring_sparse20": 17.0, "coordination_ring_potter0_20": 0.4, "bottleneck_sparse20": 0.0, "bottleneck_potter0_20": 1.0}
[pair_E] {"steps": 641024, "elapsed_s": 495.7, "coordination_ring_sparse20": 16.0, "coordination_ring_potter0_20": 0.3, "bottleneck_sparse20": 0.0, "bottleneck_potter0_20": 1.0}
[pair_E] {"steps": 643072, "elapsed_s": 497.3, "coordination_ring_sparse20": 15.0, "coordination_ring_potter0_20": 0.25, "bottleneck_sparse20": 0.0, "bottleneck_potter0_20": 1.0}
[pair_E] {"steps": 645120, "elapsed_s": 499.1, "coordination_ring_sparse20": 13.0, "coordination_ring_potter0_20": 0.3, "bottleneck_sparse20": 0.0, "bottleneck_potter0_20": 1.0}
[pair_E] {"steps": 647168, "elapsed_s": 500.6, "coordination_ring_sparse20": 12.0, "coordination_ring_potter0_20": 0.25, "bottleneck_sparse20": 0.0, "bottleneck_potter0_20": 1.0}
[pair_E] {"steps": 649216, "elapsed_s": 502.2, "coordination_ring_sparse20": 11.0, "coordination_ring_potter0_20": 0.2, "bottleneck_sparse20": 0.0, "bottleneck_potter0_20": 1.0}
[pair_E] {"steps": 651264, "elapsed_s": 503.7, "coordination_ring_sparse20": 10.0, "coordination_ring_potter0_20": 0.1, "bottleneck_sparse20": 0.0, "bottleneck_potter0_20": 1.0}
[pair_E] {"steps": 653312, "elapsed_s": 505.3, "coordination_ring_sparse20": 10.0, "coordination_ring_potter0_20": 0.15, "bottleneck_sparse20": 0.0, "bottleneck_potter0_20": 1.0}
[pair_E] {"steps": 655360, "elapsed_s": 506.8, "coordination_ring_sparse20": 9.0, "coordination_ring_potter0_20": 0.15, "bottleneck_sparse20": 0.0, "bottleneck_potter0_20": 1.0}
[pair_E] {"steps": 657408, "elapsed_s": 508.2, "coordination_ring_sparse20": 10.0, "coordination_ring_potter0_20": 0.1, "bottleneck_sparse20": 0.0, "bottleneck_potter0_20": 1.0}
[pair_E] {"steps": 659456, "elapsed_s": 510.1, "coordination_ring_sparse20": 12.0, "coordination_ring_potter0_20": 0.1, "bottleneck_sparse20": 0.0, "bottleneck_potter0_20": 1.0}
[pair_E] {"steps": 661504, "elapsed_s": 511.7, "coordination_ring_sparse20": 11.0, "coordination_ring_potter0_20": 0.15, "bottleneck_sparse20": 0.0, "bottleneck_potter0_20": 1.0}
[pair_E] {"steps": 663552, "elapsed_s": 513.3, "coordination_ring_sparse20": 11.0, "coordination_ring_potter0_20": 0.15, "bottleneck_sparse20": 0.0, "bottleneck_potter0_20": 1.0}
[pair_E] {"steps": 665600, "elapsed_s": 514.9, "coordination_ring_sparse20": 13.0, "coordination_ring_potter0_20": 0.2, "bottleneck_sparse20": 0.0, "bottleneck_potter0_20": 1.0}
[pair_E] {"steps": 667648, "elapsed_s": 516.4, "coordination_ring_sparse20": 12.0, "coordination_ring_potter0_20": 0.2, "bottleneck_sparse20": 0.0, "bottleneck_potter0_20": 1.0}
[pair_E] {"steps": 669696, "elapsed_s": 517.9, "coordination_ring_sparse20": 10.0, "coordination_ring_potter0_20": 0.25, "bottleneck_sparse20": 0.0, "bottleneck_potter0_20": 1.0}
[pair_E] {"steps": 671744, "elapsed_s": 519.4, "coordination_ring_sparse20": 11.0, "coordination_ring_potter0_20": 0.2, "bottleneck_sparse20": 0.0, "bottleneck_potter0_20": 1.0}
[pair_E] {"steps": 673792, "elapsed_s": 520.9, "coordination_ring_sparse20": 11.0, "coordination_ring_potter0_20": 0.3, "bottleneck_sparse20": 0.0, "bottleneck_potter0_20": 1.0}
[pair_E] {"steps": 675840, "elapsed_s": 522.4, "coordination_ring_sparse20": 11.0, "coordination_ring_potter0_20": 0.3, "bottleneck_sparse20": 0.0, "bottleneck_potter0_20": 1.0}
[pair_E] {"steps": 677888, "elapsed_s": 523.9, "coordination_ring_sparse20": 11.0, "coordination_ring_potter0_20": 0.3, "bottleneck_sparse20": 0.0, "bottleneck_potter0_20": 1.0}
[pair_E] {"steps": 679936, "elapsed_s": 525.4, "coordination_ring_sparse20": 12.0, "coordination_ring_potter0_20": 0.3, "bottleneck_sparse20": 0.0, "bottleneck_potter0_20": 1.0}
[pair_E] {"steps": 681984, "elapsed_s": 526.9, "coordination_ring_sparse20": 14.0, "coordination_ring_potter0_20": 0.35, "bottleneck_sparse20": 0.0, "bottleneck_potter0_20": 1.0}
[pair_E] {"steps": 684032, "elapsed_s": 528.5, "coordination_ring_sparse20": 13.0, "coordination_ring_potter0_20": 0.4, "bottleneck_sparse20": 0.0, "bottleneck_potter0_20": 1.0}
[pair_E] {"steps": 686080, "elapsed_s": 530.0, "coordination_ring_sparse20": 14.0, "coordination_ring_potter0_20": 0.35, "bottleneck_sparse20": 0.0, "bottleneck_potter0_20": 1.0}
[pair_E] {"steps": 688128, "elapsed_s": 531.5, "coordination_ring_sparse20": 14.0, "coordination_ring_potter0_20": 0.35, "bottleneck_sparse20": 0.0, "bottleneck_potter0_20": 1.0}
[pair_E] {"steps": 690176, "elapsed_s": 533.1, "coordination_ring_sparse20": 14.0, "coordination_ring_potter0_20": 0.35, "bottleneck_sparse20": 0.0, "bottleneck_potter0_20": 1.0}
[pair_E] {"steps": 692224, "elapsed_s": 534.7, "coordination_ring_sparse20": 13.0, "coordination_ring_potter0_20": 0.35, "bottleneck_sparse20": 0.0, "bottleneck_potter0_20": 1.0}
[pair_E] {"steps": 694272, "elapsed_s": 536.4, "coordination_ring_sparse20": 14.0, "coordination_ring_potter0_20": 0.3, "bottleneck_sparse20": 0.0, "bottleneck_potter0_20": 0.95}
[pair_E] {"steps": 696320, "elapsed_s": 537.9, "coordination_ring_sparse20": 14.0, "coordination_ring_potter0_20": 0.3, "bottleneck_sparse20": 0.0, "bottleneck_potter0_20": 0.95}
[pair_E] {"steps": 698368, "elapsed_s": 539.6, "coordination_ring_sparse20": 13.0, "coordination_ring_potter0_20": 0.3, "bottleneck_sparse20": 0.0, "bottleneck_potter0_20": 0.95}
[pair_E] {"steps": 700416, "elapsed_s": 541.2, "coordination_ring_sparse20": 11.0, "coordination_ring_potter0_20": 0.25, "bottleneck_sparse20": 0.0, "bottleneck_potter0_20": 0.95}
[pair_E] {"steps": 702464, "elapsed_s": 542.8, "coordination_ring_sparse20": 10.0, "coordination_ring_potter0_20": 0.2, "bottleneck_sparse20": 0.0, "bottleneck_potter0_20": 0.95}
[pair_E] {"steps": 704512, "elapsed_s": 544.3, "coordination_ring_sparse20": 12.0, "coordination_ring_potter0_20": 0.15, "bottleneck_sparse20": 0.0, "bottleneck_potter0_20": 0.95}
[pair_E] {"steps": 706560, "elapsed_s": 545.9, "coordination_ring_sparse20": 13.0, "coordination_ring_potter0_20": 0.15, "bottleneck_sparse20": 0.0, "bottleneck_potter0_20": 0.95}
[pair_E] {"steps": 708608, "elapsed_s": 547.5, "coordination_ring_sparse20": 13.0, "coordination_ring_potter0_20": 0.15, "bottleneck_sparse20": 0.0, "bottleneck_potter0_20": 1.0}
[pair_E] {"steps": 710656, "elapsed_s": 549.1, "coordination_ring_sparse20": 13.0, "coordination_ring_potter0_20": 0.2, "bottleneck_sparse20": 0.0, "bottleneck_potter0_20": 1.0}
[pair_E] {"steps": 712704, "elapsed_s": 550.7, "coordination_ring_sparse20": 13.0, "coordination_ring_potter0_20": 0.2, "bottleneck_sparse20": 0.0, "bottleneck_potter0_20": 1.0}
[pair_E] {"steps": 714752, "elapsed_s": 552.2, "coordination_ring_sparse20": 13.0, "coordination_ring_potter0_20": 0.15, "bottleneck_sparse20": 0.0, "bottleneck_potter0_20": 1.0}
[pair_E] {"steps": 716800, "elapsed_s": 553.8, "coordination_ring_sparse20": 13.0, "coordination_ring_potter0_20": 0.15, "bottleneck_sparse20": 0.0, "bottleneck_potter0_20": 1.0}
[pair_E] {"steps": 718848, "elapsed_s": 555.4, "coordination_ring_sparse20": 13.0, "coordination_ring_potter0_20": 0.15, "bottleneck_sparse20": 0.0, "bottleneck_potter0_20": 0.95}
[pair_E] {"steps": 720896, "elapsed_s": 557.0, "coordination_ring_sparse20": 11.0, "coordination_ring_potter0_20": 0.1, "bottleneck_sparse20": 0.0, "bottleneck_potter0_20": 0.95}
[pair_E] {"steps": 722944, "elapsed_s": 558.6, "coordination_ring_sparse20": 14.0, "coordination_ring_potter0_20": 0.1, "bottleneck_sparse20": 0.0, "bottleneck_potter0_20": 0.95}
[pair_E] {"steps": 724992, "elapsed_s": 560.1, "coordination_ring_sparse20": 15.0, "coordination_ring_potter0_20": 0.1, "bottleneck_sparse20": 0.0, "bottleneck_potter0_20": 0.9}
[pair_E] {"steps": 727040, "elapsed_s": 561.7, "coordination_ring_sparse20": 14.0, "coordination_ring_potter0_20": 0.1, "bottleneck_sparse20": 0.0, "bottleneck_potter0_20": 0.9}
[pair_E] {"steps": 729088, "elapsed_s": 563.2, "coordination_ring_sparse20": 11.0, "coordination_ring_potter0_20": 0.05, "bottleneck_sparse20": 0.0, "bottleneck_potter0_20": 0.9}
[pair_E] {"steps": 731136, "elapsed_s": 564.8, "coordination_ring_sparse20": 10.0, "coordination_ring_potter0_20": 0.0, "bottleneck_sparse20": 0.0, "bottleneck_potter0_20": 0.9}
[pair_E] {"steps": 733184, "elapsed_s": 566.3, "coordination_ring_sparse20": 10.0, "coordination_ring_potter0_20": 0.0, "bottleneck_sparse20": 0.0, "bottleneck_potter0_20": 0.9}
[pair_E] {"steps": 735232, "elapsed_s": 567.9, "coordination_ring_sparse20": 9.0, "coordination_ring_potter0_20": 0.05, "bottleneck_sparse20": 0.0, "bottleneck_potter0_20": 0.95}
[pair_E] {"steps": 737280, "elapsed_s": 569.6, "coordination_ring_sparse20": 9.0, "coordination_ring_potter0_20": 0.1, "bottleneck_sparse20": 0.0, "bottleneck_potter0_20": 0.95}
[pair_E] {"steps": 739328, "elapsed_s": 571.3, "coordination_ring_sparse20": 5.0, "coordination_ring_potter0_20": 0.15, "bottleneck_sparse20": 0.0, "bottleneck_potter0_20": 0.95}
[pair_E] {"steps": 741376, "elapsed_s": 572.9, "coordination_ring_sparse20": 7.0, "coordination_ring_potter0_20": 0.2, "bottleneck_sparse20": 0.0, "bottleneck_potter0_20": 0.95}
[pair_E] {"steps": 743424, "elapsed_s": 574.4, "coordination_ring_sparse20": 7.0, "coordination_ring_potter0_20": 0.35, "bottleneck_sparse20": 0.0, "bottleneck_potter0_20": 1.0}
[pair_E] {"steps": 745472, "elapsed_s": 576.0, "coordination_ring_sparse20": 8.0, "coordination_ring_potter0_20": 0.35, "bottleneck_sparse20": 0.0, "bottleneck_potter0_20": 1.0}
[pair_E] {"steps": 747520, "elapsed_s": 577.8, "coordination_ring_sparse20": 7.0, "coordination_ring_potter0_20": 0.35, "bottleneck_sparse20": 0.0, "bottleneck_potter0_20": 1.0}
[pair_E] {"steps": 749568, "elapsed_s": 579.4, "coordination_ring_sparse20": 8.0, "coordination_ring_potter0_20": 0.3, "bottleneck_sparse20": 0.0, "bottleneck_potter0_20": 1.0}
[pair_E] {"steps": 751616, "elapsed_s": 581.2, "coordination_ring_sparse20": 10.0, "coordination_ring_potter0_20": 0.3, "bottleneck_sparse20": 0.0, "bottleneck_potter0_20": 1.0}
[pair_E] {"steps": 753664, "elapsed_s": 582.8, "coordination_ring_sparse20": 10.0, "coordination_ring_potter0_20": 0.2, "bottleneck_sparse20": 0.0, "bottleneck_potter0_20": 1.0}
[pair_E] {"steps": 755712, "elapsed_s": 584.3, "coordination_ring_sparse20": 11.0, "coordination_ring_potter0_20": 0.2, "bottleneck_sparse20": 0.0, "bottleneck_potter0_20": 1.0}
[pair_E] {"steps": 757760, "elapsed_s": 585.8, "coordination_ring_sparse20": 14.0, "coordination_ring_potter0_20": 0.15, "bottleneck_sparse20": 0.0, "bottleneck_potter0_20": 1.0}
[pair_E] {"steps": 759808, "elapsed_s": 587.3, "coordination_ring_sparse20": 16.0, "coordination_ring_potter0_20": 0.2, "bottleneck_sparse20": 0.0, "bottleneck_potter0_20": 1.0}
[pair_E] {"steps": 761856, "elapsed_s": 589.0, "coordination_ring_sparse20": 17.0, "coordination_ring_potter0_20": 0.25, "bottleneck_sparse20": 0.0, "bottleneck_potter0_20": 1.0}
[pair_E] {"steps": 763904, "elapsed_s": 590.5, "coordination_ring_sparse20": 14.0, "coordination_ring_potter0_20": 0.25, "bottleneck_sparse20": 0.0, "bottleneck_potter0_20": 1.0}
[pair_E] {"steps": 765952, "elapsed_s": 592.0, "coordination_ring_sparse20": 16.0, "coordination_ring_potter0_20": 0.2, "bottleneck_sparse20": 0.0, "bottleneck_potter0_20": 1.0}
[pair_E] {"steps": 768000, "elapsed_s": 593.5, "coordination_ring_sparse20": 16.0, "coordination_ring_potter0_20": 0.25, "bottleneck_sparse20": 0.0, "bottleneck_potter0_20": 1.0}
[pair_E] {"steps": 770048, "elapsed_s": 595.1, "coordination_ring_sparse20": 15.0, "coordination_ring_potter0_20": 0.2, "bottleneck_sparse20": 0.0, "bottleneck_potter0_20": 1.0}
[pair_E] {"steps": 772096, "elapsed_s": 596.8, "coordination_ring_sparse20": 15.0, "coordination_ring_potter0_20": 0.15, "bottleneck_sparse20": 0.0, "bottleneck_potter0_20": 1.0}
[pair_E] {"steps": 774144, "elapsed_s": 598.5, "coordination_ring_sparse20": 17.0, "coordination_ring_potter0_20": 0.15, "bottleneck_sparse20": 0.0, "bottleneck_potter0_20": 1.0}
[pair_E] {"steps": 776192, "elapsed_s": 600.0, "coordination_ring_sparse20": 15.0, "coordination_ring_potter0_20": 0.15, "bottleneck_sparse20": 0.0, "bottleneck_potter0_20": 1.0}
[pair_E] {"steps": 778240, "elapsed_s": 601.6, "coordination_ring_sparse20": 16.0, "coordination_ring_potter0_20": 0.05, "bottleneck_sparse20": 0.0, "bottleneck_potter0_20": 1.0}
[pair_E] {"steps": 780288, "elapsed_s": 603.2, "coordination_ring_sparse20": 17.0, "coordination_ring_potter0_20": 0.05, "bottleneck_sparse20": 0.0, "bottleneck_potter0_20": 1.0}
[pair_E] {"steps": 782336, "elapsed_s": 604.7, "coordination_ring_sparse20": 18.0, "coordination_ring_potter0_20": 0.1, "bottleneck_sparse20": 0.0, "bottleneck_potter0_20": 1.0}
[pair_E] {"steps": 784384, "elapsed_s": 606.4, "coordination_ring_sparse20": 17.0, "coordination_ring_potter0_20": 0.05, "bottleneck_sparse20": 0.0, "bottleneck_potter0_20": 1.0}
[pair_E] {"steps": 786432, "elapsed_s": 608.3, "coordination_ring_sparse20": 16.0, "coordination_ring_potter0_20": 0.05, "bottleneck_sparse20": 0.0, "bottleneck_potter0_20": 1.0}
[pair_E] {"steps": 788480, "elapsed_s": 609.9, "coordination_ring_sparse20": 17.0, "coordination_ring_potter0_20": 0.1, "bottleneck_sparse20": 0.0, "bottleneck_potter0_20": 1.0}
[pair_E] {"steps": 790528, "elapsed_s": 611.6, "coordination_ring_sparse20": 18.0, "coordination_ring_potter0_20": 0.15, "bottleneck_sparse20": 0.0, "bottleneck_potter0_20": 1.0}
[pair_E] {"steps": 792576, "elapsed_s": 613.2, "coordination_ring_sparse20": 21.0, "coordination_ring_potter0_20": 0.2, "bottleneck_sparse20": 0.0, "bottleneck_potter0_20": 1.0}
[pair_E] {"steps": 794624, "elapsed_s": 615.1, "coordination_ring_sparse20": 21.0, "coordination_ring_potter0_20": 0.2, "bottleneck_sparse20": 0.0, "bottleneck_potter0_20": 1.0}
[pair_E] {"steps": 796672, "elapsed_s": 616.7, "coordination_ring_sparse20": 22.0, "coordination_ring_potter0_20": 0.15, "bottleneck_sparse20": 0.0, "bottleneck_potter0_20": 1.0}
[pair_E] {"steps": 798720, "elapsed_s": 618.4, "coordination_ring_sparse20": 20.0, "coordination_ring_potter0_20": 0.15, "bottleneck_sparse20": 0.0, "bottleneck_potter0_20": 1.0}
[pair_E] {"steps": 800768, "elapsed_s": 619.8, "coordination_ring_sparse20": 21.0, "coordination_ring_potter0_20": 0.15, "bottleneck_sparse20": 0.0, "bottleneck_potter0_20": 1.0}
[pair_E] {"steps": 802816, "elapsed_s": 621.4, "coordination_ring_sparse20": 24.0, "coordination_ring_potter0_20": 0.15, "bottleneck_sparse20": 0.0, "bottleneck_potter0_20": 1.0}
[pair_E] {"steps": 804864, "elapsed_s": 623.2, "coordination_ring_sparse20": 23.0, "coordination_ring_potter0_20": 0.1, "bottleneck_sparse20": 0.0, "bottleneck_potter0_20": 1.0}
[pair_E] {"steps": 806912, "elapsed_s": 624.7, "coordination_ring_sparse20": 21.0, "coordination_ring_potter0_20": 0.1, "bottleneck_sparse20": 0.0, "bottleneck_potter0_20": 1.0}
[pair_E] {"steps": 808960, "elapsed_s": 626.2, "coordination_ring_sparse20": 21.0, "coordination_ring_potter0_20": 0.1, "bottleneck_sparse20": 0.0, "bottleneck_potter0_20": 0.95}
[pair_E] {"steps": 811008, "elapsed_s": 628.1, "coordination_ring_sparse20": 18.0, "coordination_ring_potter0_20": 0.1, "bottleneck_sparse20": 0.0, "bottleneck_potter0_20": 0.95}
[pair_E] {"steps": 813056, "elapsed_s": 629.7, "coordination_ring_sparse20": 19.0, "coordination_ring_potter0_20": 0.1, "bottleneck_sparse20": 0.0, "bottleneck_potter0_20": 0.9}
[pair_E] {"steps": 815104, "elapsed_s": 631.8, "coordination_ring_sparse20": 19.0, "coordination_ring_potter0_20": 0.1, "bottleneck_sparse20": 0.0, "bottleneck_potter0_20": 0.9}
[pair_E] {"steps": 817152, "elapsed_s": 633.5, "coordination_ring_sparse20": 19.0, "coordination_ring_potter0_20": 0.1, "bottleneck_sparse20": 0.0, "bottleneck_potter0_20": 0.9}
[pair_E] {"steps": 819200, "elapsed_s": 635.0, "coordination_ring_sparse20": 19.0, "coordination_ring_potter0_20": 0.1, "bottleneck_sparse20": 0.0, "bottleneck_potter0_20": 0.9}
[pair_E] {"steps": 821248, "elapsed_s": 636.5, "coordination_ring_sparse20": 20.0, "coordination_ring_potter0_20": 0.05, "bottleneck_sparse20": 0.0, "bottleneck_potter0_20": 0.95}
[pair_E] {"steps": 823296, "elapsed_s": 638.1, "coordination_ring_sparse20": 19.0, "coordination_ring_potter0_20": 0.05, "bottleneck_sparse20": 0.0, "bottleneck_potter0_20": 0.95}
[pair_E] {"steps": 825344, "elapsed_s": 639.7, "coordination_ring_sparse20": 18.0, "coordination_ring_potter0_20": 0.1, "bottleneck_sparse20": 0.0, "bottleneck_potter0_20": 0.95}
[pair_E] {"steps": 827392, "elapsed_s": 641.2, "coordination_ring_sparse20": 17.0, "coordination_ring_potter0_20": 0.1, "bottleneck_sparse20": 0.0, "bottleneck_potter0_20": 1.0}
[pair_E] {"steps": 829440, "elapsed_s": 642.8, "coordination_ring_sparse20": 18.0, "coordination_ring_potter0_20": 0.1, "bottleneck_sparse20": 0.0, "bottleneck_potter0_20": 1.0}
[pair_E] {"steps": 831488, "elapsed_s": 644.4, "coordination_ring_sparse20": 18.0, "coordination_ring_potter0_20": 0.1, "bottleneck_sparse20": 0.0, "bottleneck_potter0_20": 1.0}
[pair_E] {"steps": 833536, "elapsed_s": 646.0, "coordination_ring_sparse20": 19.0, "coordination_ring_potter0_20": 0.1, "bottleneck_sparse20": 0.0, "bottleneck_potter0_20": 1.0}
[pair_E] {"steps": 835584, "elapsed_s": 647.5, "coordination_ring_sparse20": 21.0, "coordination_ring_potter0_20": 0.1, "bottleneck_sparse20": 0.0, "bottleneck_potter0_20": 1.0}
[pair_E] {"steps": 837632, "elapsed_s": 649.6, "coordination_ring_sparse20": 18.0, "coordination_ring_potter0_20": 0.1, "bottleneck_sparse20": 0.0, "bottleneck_potter0_20": 1.0}
[pair_E] {"steps": 839680, "elapsed_s": 651.7, "coordination_ring_sparse20": 16.0, "coordination_ring_potter0_20": 0.15, "bottleneck_sparse20": 0.0, "bottleneck_potter0_20": 1.0}
[pair_E] {"steps": 841728, "elapsed_s": 653.5, "coordination_ring_sparse20": 14.0, "coordination_ring_potter0_20": 0.15, "bottleneck_sparse20": 0.0, "bottleneck_potter0_20": 1.0}
[pair_E] {"steps": 843776, "elapsed_s": 655.0, "coordination_ring_sparse20": 13.0, "coordination_ring_potter0_20": 0.15, "bottleneck_sparse20": 0.0, "bottleneck_potter0_20": 1.0}
[pair_E] {"steps": 845824, "elapsed_s": 656.7, "coordination_ring_sparse20": 12.0, "coordination_ring_potter0_20": 0.1, "bottleneck_sparse20": 0.0, "bottleneck_potter0_20": 1.0}
[pair_E] {"steps": 847872, "elapsed_s": 658.3, "coordination_ring_sparse20": 12.0, "coordination_ring_potter0_20": 0.15, "bottleneck_sparse20": 0.0, "bottleneck_potter0_20": 1.0}
[pair_E] {"steps": 849920, "elapsed_s": 660.0, "coordination_ring_sparse20": 12.0, "coordination_ring_potter0_20": 0.2, "bottleneck_sparse20": 0.0, "bottleneck_potter0_20": 1.0}
[pair_E] {"steps": 851968, "elapsed_s": 661.5, "coordination_ring_sparse20": 16.0, "coordination_ring_potter0_20": 0.25, "bottleneck_sparse20": 0.0, "bottleneck_potter0_20": 1.0}
[pair_E] {"steps": 854016, "elapsed_s": 663.1, "coordination_ring_sparse20": 19.0, "coordination_ring_potter0_20": 0.2, "bottleneck_sparse20": 0.0, "bottleneck_potter0_20": 0.95}
[pair_E] {"steps": 856064, "elapsed_s": 664.6, "coordination_ring_sparse20": 20.0, "coordination_ring_potter0_20": 0.2, "bottleneck_sparse20": 0.0, "bottleneck_potter0_20": 0.95}
[pair_E] {"steps": 858112, "elapsed_s": 666.2, "coordination_ring_sparse20": 21.0, "coordination_ring_potter0_20": 0.2, "bottleneck_sparse20": 0.0, "bottleneck_potter0_20": 0.95}
[pair_E] {"steps": 860160, "elapsed_s": 667.7, "coordination_ring_sparse20": 25.0, "coordination_ring_potter0_20": 0.15, "bottleneck_sparse20": 0.0, "bottleneck_potter0_20": 0.95}
[pair_E] {"steps": 862208, "elapsed_s": 669.2, "coordination_ring_sparse20": 23.0, "coordination_ring_potter0_20": 0.05, "bottleneck_sparse20": 0.0, "bottleneck_potter0_20": 0.95}
[pair_E] {"steps": 864256, "elapsed_s": 670.7, "coordination_ring_sparse20": 23.0, "coordination_ring_potter0_20": 0.0, "bottleneck_sparse20": 0.0, "bottleneck_potter0_20": 0.95}
[pair_E] {"steps": 866304, "elapsed_s": 672.3, "coordination_ring_sparse20": 23.0, "coordination_ring_potter0_20": 0.0, "bottleneck_sparse20": 0.0, "bottleneck_potter0_20": 0.95}
[pair_E] {"steps": 868352, "elapsed_s": 673.7, "coordination_ring_sparse20": 27.0, "coordination_ring_potter0_20": 0.0, "bottleneck_sparse20": 0.0, "bottleneck_potter0_20": 0.95}
[pair_E] {"steps": 870400, "elapsed_s": 675.4, "coordination_ring_sparse20": 27.0, "coordination_ring_potter0_20": 0.0, "bottleneck_sparse20": 0.0, "bottleneck_potter0_20": 1.0}
[pair_E] {"steps": 872448, "elapsed_s": 676.9, "coordination_ring_sparse20": 25.0, "coordination_ring_potter0_20": 0.05, "bottleneck_sparse20": 0.0, "bottleneck_potter0_20": 1.0}
[pair_E] {"steps": 874496, "elapsed_s": 678.3, "coordination_ring_sparse20": 28.0, "coordination_ring_potter0_20": 0.1, "bottleneck_sparse20": 0.0, "bottleneck_potter0_20": 1.0}
[pair_E] {"steps": 876544, "elapsed_s": 679.9, "coordination_ring_sparse20": 26.0, "coordination_ring_potter0_20": 0.1, "bottleneck_sparse20": 0.0, "bottleneck_potter0_20": 1.0}
[pair_E] {"steps": 878592, "elapsed_s": 681.3, "coordination_ring_sparse20": 25.0, "coordination_ring_potter0_20": 0.1, "bottleneck_sparse20": 0.0, "bottleneck_potter0_20": 1.0}
[pair_E] {"steps": 880640, "elapsed_s": 683.2, "coordination_ring_sparse20": 24.0, "coordination_ring_potter0_20": 0.15, "bottleneck_sparse20": 0.0, "bottleneck_potter0_20": 1.0}
[pair_E] {"steps": 882688, "elapsed_s": 684.7, "coordination_ring_sparse20": 26.0, "coordination_ring_potter0_20": 0.2, "bottleneck_sparse20": 0.0, "bottleneck_potter0_20": 1.0}
[pair_E] {"steps": 884736, "elapsed_s": 686.3, "coordination_ring_sparse20": 25.0, "coordination_ring_potter0_20": 0.2, "bottleneck_sparse20": 0.0, "bottleneck_potter0_20": 1.0}
[pair_E] {"steps": 886784, "elapsed_s": 687.8, "coordination_ring_sparse20": 27.0, "coordination_ring_potter0_20": 0.25, "bottleneck_sparse20": 0.0, "bottleneck_potter0_20": 1.0}
[pair_E] {"steps": 888832, "elapsed_s": 689.4, "coordination_ring_sparse20": 30.0, "coordination_ring_potter0_20": 0.2, "bottleneck_sparse20": 0.0, "bottleneck_potter0_20": 1.0}
[pair_E] {"steps": 890880, "elapsed_s": 691.3, "coordination_ring_sparse20": 26.0, "coordination_ring_potter0_20": 0.15, "bottleneck_sparse20": 0.0, "bottleneck_potter0_20": 1.0}
[pair_E] {"steps": 892928, "elapsed_s": 692.8, "coordination_ring_sparse20": 28.0, "coordination_ring_potter0_20": 0.15, "bottleneck_sparse20": 0.0, "bottleneck_potter0_20": 1.0}
[pair_E] {"steps": 894976, "elapsed_s": 694.3, "coordination_ring_sparse20": 29.0, "coordination_ring_potter0_20": 0.2, "bottleneck_sparse20": 0.0, "bottleneck_potter0_20": 1.0}
[pair_E] {"steps": 897024, "elapsed_s": 695.8, "coordination_ring_sparse20": 29.0, "coordination_ring_potter0_20": 0.15, "bottleneck_sparse20": 0.0, "bottleneck_potter0_20": 1.0}
[pair_E] {"steps": 899072, "elapsed_s": 697.5, "coordination_ring_sparse20": 26.0, "coordination_ring_potter0_20": 0.15, "bottleneck_sparse20": 0.0, "bottleneck_potter0_20": 1.0}
[pair_E] {"steps": 901120, "elapsed_s": 699.1, "coordination_ring_sparse20": 26.0, "coordination_ring_potter0_20": 0.15, "bottleneck_sparse20": 0.0, "bottleneck_potter0_20": 1.0}
[pair_E] {"steps": 903168, "elapsed_s": 700.6, "coordination_ring_sparse20": 24.0, "coordination_ring_potter0_20": 0.1, "bottleneck_sparse20": 0.0, "bottleneck_potter0_20": 1.0}
[pair_E] {"steps": 905216, "elapsed_s": 702.1, "coordination_ring_sparse20": 28.0, "coordination_ring_potter0_20": 0.1, "bottleneck_sparse20": 0.0, "bottleneck_potter0_20": 1.0}
[pair_E] {"steps": 907264, "elapsed_s": 703.7, "coordination_ring_sparse20": 31.0, "coordination_ring_potter0_20": 0.1, "bottleneck_sparse20": 0.0, "bottleneck_potter0_20": 1.0}
[pair_E] {"steps": 909312, "elapsed_s": 705.4, "coordination_ring_sparse20": 30.0, "coordination_ring_potter0_20": 0.05, "bottleneck_sparse20": 0.0, "bottleneck_potter0_20": 1.0}
[pair_E] {"steps": 911360, "elapsed_s": 707.4, "coordination_ring_sparse20": 30.0, "coordination_ring_potter0_20": 0.0, "bottleneck_sparse20": 0.0, "bottleneck_potter0_20": 1.0}
[pair_E] {"steps": 913408, "elapsed_s": 709.0, "coordination_ring_sparse20": 31.0, "coordination_ring_potter0_20": 0.0, "bottleneck_sparse20": 0.0, "bottleneck_potter0_20": 1.0}
[pair_E] {"steps": 915456, "elapsed_s": 710.5, "coordination_ring_sparse20": 31.0, "coordination_ring_potter0_20": 0.0, "bottleneck_sparse20": 0.0, "bottleneck_potter0_20": 1.0}
[pair_E] {"steps": 917504, "elapsed_s": 712.0, "coordination_ring_sparse20": 30.0, "coordination_ring_potter0_20": 0.0, "bottleneck_sparse20": 0.0, "bottleneck_potter0_20": 1.0}
[pair_E] {"steps": 919552, "elapsed_s": 713.5, "coordination_ring_sparse20": 32.0, "coordination_ring_potter0_20": 0.0, "bottleneck_sparse20": 0.0, "bottleneck_potter0_20": 1.0}
[pair_E] {"steps": 921600, "elapsed_s": 715.1, "coordination_ring_sparse20": 27.0, "coordination_ring_potter0_20": 0.0, "bottleneck_sparse20": 0.0, "bottleneck_potter0_20": 1.0}
[pair_E] {"steps": 923648, "elapsed_s": 716.6, "coordination_ring_sparse20": 29.0, "coordination_ring_potter0_20": 0.05, "bottleneck_sparse20": 0.0, "bottleneck_potter0_20": 1.0}
[pair_E] {"steps": 925696, "elapsed_s": 718.2, "coordination_ring_sparse20": 26.0, "coordination_ring_potter0_20": 0.05, "bottleneck_sparse20": 0.0, "bottleneck_potter0_20": 1.0}
[pair_E] {"steps": 927744, "elapsed_s": 719.7, "coordination_ring_sparse20": 24.0, "coordination_ring_potter0_20": 0.05, "bottleneck_sparse20": 0.0, "bottleneck_potter0_20": 1.0}
[pair_E] {"steps": 929792, "elapsed_s": 721.3, "coordination_ring_sparse20": 24.0, "coordination_ring_potter0_20": 0.05, "bottleneck_sparse20": 0.0, "bottleneck_potter0_20": 1.0}
[pair_E] {"steps": 931840, "elapsed_s": 722.8, "coordination_ring_sparse20": 22.0, "coordination_ring_potter0_20": 0.1, "bottleneck_sparse20": 0.0, "bottleneck_potter0_20": 1.0}
[pair_E] {"steps": 933888, "elapsed_s": 724.4, "coordination_ring_sparse20": 19.0, "coordination_ring_potter0_20": 0.15, "bottleneck_sparse20": 0.0, "bottleneck_potter0_20": 1.0}
[pair_E] {"steps": 935936, "elapsed_s": 726.0, "coordination_ring_sparse20": 19.0, "coordination_ring_potter0_20": 0.15, "bottleneck_sparse20": 0.0, "bottleneck_potter0_20": 1.0}
[pair_E] {"steps": 937984, "elapsed_s": 727.5, "coordination_ring_sparse20": 17.0, "coordination_ring_potter0_20": 0.1, "bottleneck_sparse20": 0.0, "bottleneck_potter0_20": 0.95}
[pair_E] {"steps": 940032, "elapsed_s": 729.1, "coordination_ring_sparse20": 19.0, "coordination_ring_potter0_20": 0.15, "bottleneck_sparse20": 0.0, "bottleneck_potter0_20": 0.95}
[pair_E] {"steps": 942080, "elapsed_s": 730.6, "coordination_ring_sparse20": 21.0, "coordination_ring_potter0_20": 0.15, "bottleneck_sparse20": 0.0, "bottleneck_potter0_20": 0.95}
[pair_E] {"steps": 944128, "elapsed_s": 732.7, "coordination_ring_sparse20": 19.0, "coordination_ring_potter0_20": 0.15, "bottleneck_sparse20": 0.0, "bottleneck_potter0_20": 0.95}
[pair_E] {"steps": 946176, "elapsed_s": 734.8, "coordination_ring_sparse20": 18.0, "coordination_ring_potter0_20": 0.15, "bottleneck_sparse20": 0.0, "bottleneck_potter0_20": 0.95}
[pair_E] {"steps": 948224, "elapsed_s": 736.9, "coordination_ring_sparse20": 20.0, "coordination_ring_potter0_20": 0.15, "bottleneck_sparse20": 0.0, "bottleneck_potter0_20": 0.95}
[pair_E] {"steps": 950272, "elapsed_s": 739.1, "coordination_ring_sparse20": 25.0, "coordination_ring_potter0_20": 0.1, "bottleneck_sparse20": 0.0, "bottleneck_potter0_20": 0.95}
[pair_E] {"steps": 952320, "elapsed_s": 741.2, "coordination_ring_sparse20": 23.0, "coordination_ring_potter0_20": 0.15, "bottleneck_sparse20": 0.0, "bottleneck_potter0_20": 0.9}
[pair_E] {"steps": 954368, "elapsed_s": 743.4, "coordination_ring_sparse20": 21.0, "coordination_ring_potter0_20": 0.15, "bottleneck_sparse20": 0.0, "bottleneck_potter0_20": 0.95}
[pair_E] {"steps": 956416, "elapsed_s": 745.5, "coordination_ring_sparse20": 27.0, "coordination_ring_potter0_20": 0.15, "bottleneck_sparse20": 0.0, "bottleneck_potter0_20": 0.95}
[pair_E] {"steps": 958464, "elapsed_s": 747.6, "coordination_ring_sparse20": 26.0, "coordination_ring_potter0_20": 0.1, "bottleneck_sparse20": 0.0, "bottleneck_potter0_20": 0.95}
[pair_E] {"steps": 960512, "elapsed_s": 749.8, "coordination_ring_sparse20": 29.0, "coordination_ring_potter0_20": 0.15, "bottleneck_sparse20": 0.0, "bottleneck_potter0_20": 0.95}
[pair_E] {"steps": 962560, "elapsed_s": 751.9, "coordination_ring_sparse20": 29.0, "coordination_ring_potter0_20": 0.15, "bottleneck_sparse20": 0.0, "bottleneck_potter0_20": 0.95}
[pair_E] {"steps": 964608, "elapsed_s": 754.2, "coordination_ring_sparse20": 29.0, "coordination_ring_potter0_20": 0.15, "bottleneck_sparse20": 0.0, "bottleneck_potter0_20": 1.0}
[pair_E] {"steps": 966656, "elapsed_s": 756.3, "coordination_ring_sparse20": 29.0, "coordination_ring_potter0_20": 0.2, "bottleneck_sparse20": 0.0, "bottleneck_potter0_20": 1.0}
[pair_E] {"steps": 968704, "elapsed_s": 758.5, "coordination_ring_sparse20": 28.0, "coordination_ring_potter0_20": 0.2, "bottleneck_sparse20": 0.0, "bottleneck_potter0_20": 1.0}
[pair_E] {"steps": 970752, "elapsed_s": 760.6, "coordination_ring_sparse20": 26.0, "coordination_ring_potter0_20": 0.2, "bottleneck_sparse20": 0.0, "bottleneck_potter0_20": 1.0}
[pair_E] {"steps": 972800, "elapsed_s": 762.8, "coordination_ring_sparse20": 28.0, "coordination_ring_potter0_20": 0.2, "bottleneck_sparse20": 0.0, "bottleneck_potter0_20": 1.0}
[pair_E] {"steps": 974848, "elapsed_s": 764.3, "coordination_ring_sparse20": 28.0, "coordination_ring_potter0_20": 0.25, "bottleneck_sparse20": 0.0, "bottleneck_potter0_20": 1.0}
[pair_E] {"steps": 976896, "elapsed_s": 765.9, "coordination_ring_sparse20": 24.0, "coordination_ring_potter0_20": 0.25, "bottleneck_sparse20": 0.0, "bottleneck_potter0_20": 1.0}
[pair_E] {"steps": 978944, "elapsed_s": 767.5, "coordination_ring_sparse20": 27.0, "coordination_ring_potter0_20": 0.25, "bottleneck_sparse20": 0.0, "bottleneck_potter0_20": 1.0}
[pair_E] {"steps": 980992, "elapsed_s": 769.0, "coordination_ring_sparse20": 24.0, "coordination_ring_potter0_20": 0.2, "bottleneck_sparse20": 0.0, "bottleneck_potter0_20": 1.0}
[pair_E] {"steps": 983040, "elapsed_s": 770.5, "coordination_ring_sparse20": 25.0, "coordination_ring_potter0_20": 0.15, "bottleneck_sparse20": 0.0, "bottleneck_potter0_20": 1.0}
[pair_E] {"steps": 985088, "elapsed_s": 772.5, "coordination_ring_sparse20": 24.0, "coordination_ring_potter0_20": 0.1, "bottleneck_sparse20": 0.0, "bottleneck_potter0_20": 1.0}
[pair_E] {"steps": 987136, "elapsed_s": 774.0, "coordination_ring_sparse20": 26.0, "coordination_ring_potter0_20": 0.15, "bottleneck_sparse20": 0.0, "bottleneck_potter0_20": 1.0}
[pair_E] {"steps": 989184, "elapsed_s": 775.5, "coordination_ring_sparse20": 24.0, "coordination_ring_potter0_20": 0.15, "bottleneck_sparse20": 0.0, "bottleneck_potter0_20": 1.0}
[pair_E] {"steps": 991232, "elapsed_s": 777.1, "coordination_ring_sparse20": 24.0, "coordination_ring_potter0_20": 0.1, "bottleneck_sparse20": 0.0, "bottleneck_potter0_20": 1.0}
[pair_E] {"steps": 993280, "elapsed_s": 778.7, "coordination_ring_sparse20": 27.0, "coordination_ring_potter0_20": 0.05, "bottleneck_sparse20": 0.0, "bottleneck_potter0_20": 1.0}
[pair_E] {"steps": 995328, "elapsed_s": 780.2, "coordination_ring_sparse20": 25.0, "coordination_ring_potter0_20": 0.05, "bottleneck_sparse20": 0.0, "bottleneck_potter0_20": 1.0}
[pair_E] {"steps": 997376, "elapsed_s": 782.0, "coordination_ring_sparse20": 26.0, "coordination_ring_potter0_20": 0.05, "bottleneck_sparse20": 0.0, "bottleneck_potter0_20": 0.95}
[pair_E] {"steps": 999424, "elapsed_s": 783.5, "coordination_ring_sparse20": 27.0, "coordination_ring_potter0_20": 0.1, "bottleneck_sparse20": 0.0, "bottleneck_potter0_20": 0.95}
[pair_E] {"steps": 1001472, "elapsed_s": 785.0, "coordination_ring_sparse20": 26.0, "coordination_ring_potter0_20": 0.1, "bottleneck_sparse20": 0.0, "bottleneck_potter0_20": 0.95}
[pair_E] {"steps": 1003520, "elapsed_s": 786.5, "coordination_ring_sparse20": 28.0, "coordination_ring_potter0_20": 0.1, "bottleneck_sparse20": 0.0, "bottleneck_potter0_20": 0.95}
[pair_E] {"steps": 1005568, "elapsed_s": 788.0, "coordination_ring_sparse20": 30.0, "coordination_ring_potter0_20": 0.1, "bottleneck_sparse20": 0.0, "bottleneck_potter0_20": 0.95}
[pair_E] {"steps": 1007616, "elapsed_s": 789.6, "coordination_ring_sparse20": 31.0, "coordination_ring_potter0_20": 0.15, "bottleneck_sparse20": 0.0, "bottleneck_potter0_20": 0.95}
[pair_E] {"steps": 1009664, "elapsed_s": 791.2, "coordination_ring_sparse20": 26.0, "coordination_ring_potter0_20": 0.15, "bottleneck_sparse20": 0.0, "bottleneck_potter0_20": 0.95}
[pair_E] {"steps": 1011712, "elapsed_s": 792.8, "coordination_ring_sparse20": 23.0, "coordination_ring_potter0_20": 0.15, "bottleneck_sparse20": 0.0, "bottleneck_potter0_20": 1.0}
[pair_E] {"steps": 1013760, "elapsed_s": 794.2, "coordination_ring_sparse20": 21.0, "coordination_ring_potter0_20": 0.15, "bottleneck_sparse20": 0.0, "bottleneck_potter0_20": 1.0}
[pair_E] {"steps": 1015808, "elapsed_s": 795.8, "coordination_ring_sparse20": 18.0, "coordination_ring_potter0_20": 0.1, "bottleneck_sparse20": 0.0, "bottleneck_potter0_20": 0.95}
[pair_E] {"steps": 1017856, "elapsed_s": 797.5, "coordination_ring_sparse20": 20.0, "coordination_ring_potter0_20": 0.1, "bottleneck_sparse20": 0.0, "bottleneck_potter0_20": 0.95}
[pair_E] {"steps": 1019904, "elapsed_s": 799.2, "coordination_ring_sparse20": 18.0, "coordination_ring_potter0_20": 0.1, "bottleneck_sparse20": 0.0, "bottleneck_potter0_20": 0.95}
[pair_E] {"steps": 1021952, "elapsed_s": 800.8, "coordination_ring_sparse20": 17.0, "coordination_ring_potter0_20": 0.1, "bottleneck_sparse20": 0.0, "bottleneck_potter0_20": 0.95}
[pair_E] {"steps": 1024000, "elapsed_s": 802.4, "coordination_ring_sparse20": 21.0, "coordination_ring_potter0_20": 0.05, "bottleneck_sparse20": 0.0, "bottleneck_potter0_20": 0.95}
[pair_E] {"steps": 1026048, "elapsed_s": 803.9, "coordination_ring_sparse20": 22.0, "coordination_ring_potter0_20": 0.1, "bottleneck_sparse20": 0.0, "bottleneck_potter0_20": 0.95}
[pair_E] {"steps": 1028096, "elapsed_s": 805.6, "coordination_ring_sparse20": 24.0, "coordination_ring_potter0_20": 0.2, "bottleneck_sparse20": 0.0, "bottleneck_potter0_20": 0.95}
[pair_E] {"steps": 1030144, "elapsed_s": 807.1, "coordination_ring_sparse20": 28.0, "coordination_ring_potter0_20": 0.25, "bottleneck_sparse20": 0.0, "bottleneck_potter0_20": 0.95}
[pair_E] {"steps": 1032192, "elapsed_s": 808.7, "coordination_ring_sparse20": 26.0, "coordination_ring_potter0_20": 0.25, "bottleneck_sparse20": 0.0, "bottleneck_potter0_20": 1.0}
[pair_E] {"steps": 1034240, "elapsed_s": 810.3, "coordination_ring_sparse20": 25.0, "coordination_ring_potter0_20": 0.25, "bottleneck_sparse20": 0.0, "bottleneck_potter0_20": 1.0}
[pair_E] {"steps": 1036288, "elapsed_s": 811.8, "coordination_ring_sparse20": 24.0, "coordination_ring_potter0_20": 0.25, "bottleneck_sparse20": 0.0, "bottleneck_potter0_20": 1.0}
[pair_E] {"steps": 1038336, "elapsed_s": 813.3, "coordination_ring_sparse20": 21.0, "coordination_ring_potter0_20": 0.25, "bottleneck_sparse20": 0.0, "bottleneck_potter0_20": 1.0}
[pair_E] {"steps": 1040384, "elapsed_s": 814.9, "coordination_ring_sparse20": 23.0, "coordination_ring_potter0_20": 0.2, "bottleneck_sparse20": 0.0, "bottleneck_potter0_20": 1.0}
[pair_E] {"steps": 1042432, "elapsed_s": 816.4, "coordination_ring_sparse20": 25.0, "coordination_ring_potter0_20": 0.15, "bottleneck_sparse20": 0.0, "bottleneck_potter0_20": 1.0}
[pair_E] {"steps": 1044480, "elapsed_s": 817.9, "coordination_ring_sparse20": 23.0, "coordination_ring_potter0_20": 0.15, "bottleneck_sparse20": 0.0, "bottleneck_potter0_20": 1.0}
[pair_E] {"steps": 1046528, "elapsed_s": 819.4, "coordination_ring_sparse20": 23.0, "coordination_ring_potter0_20": 0.15, "bottleneck_sparse20": 0.0, "bottleneck_potter0_20": 1.0}
[pair_E] {"steps": 1048576, "elapsed_s": 820.9, "coordination_ring_sparse20": 22.0, "coordination_ring_potter0_20": 0.1, "bottleneck_sparse20": 0.0, "bottleneck_potter0_20": 1.0}
[pair_E] {"steps": 1050624, "elapsed_s": 822.4, "coordination_ring_sparse20": 22.0, "coordination_ring_potter0_20": 0.05, "bottleneck_sparse20": 0.0, "bottleneck_potter0_20": 1.0}
[pair_E] {"steps": 1052672, "elapsed_s": 824.1, "coordination_ring_sparse20": 24.0, "coordination_ring_potter0_20": 0.05, "bottleneck_sparse20": 0.0, "bottleneck_potter0_20": 1.0}
[pair_E] {"steps": 1054720, "elapsed_s": 825.7, "coordination_ring_sparse20": 25.0, "coordination_ring_potter0_20": 0.0, "bottleneck_sparse20": 0.0, "bottleneck_potter0_20": 1.0}
[pair_E] {"steps": 1056768, "elapsed_s": 827.2, "coordination_ring_sparse20": 24.0, "coordination_ring_potter0_20": 0.0, "bottleneck_sparse20": 0.0, "bottleneck_potter0_20": 1.0}
[pair_E] {"steps": 1058816, "elapsed_s": 828.9, "coordination_ring_sparse20": 25.0, "coordination_ring_potter0_20": 0.0, "bottleneck_sparse20": 0.0, "bottleneck_potter0_20": 1.0}
[pair_E] {"steps": 1060864, "elapsed_s": 830.5, "coordination_ring_sparse20": 25.0, "coordination_ring_potter0_20": 0.0, "bottleneck_sparse20": 0.0, "bottleneck_potter0_20": 1.0}
[pair_E] {"steps": 1062912, "elapsed_s": 832.1, "coordination_ring_sparse20": 25.0, "coordination_ring_potter0_20": 0.0, "bottleneck_sparse20": 0.0, "bottleneck_potter0_20": 1.0}
[pair_E] {"steps": 1064960, "elapsed_s": 833.8, "coordination_ring_sparse20": 29.0, "coordination_ring_potter0_20": 0.0, "bottleneck_sparse20": 0.0, "bottleneck_potter0_20": 1.0}
[pair_E] {"steps": 1067008, "elapsed_s": 835.7, "coordination_ring_sparse20": 28.0, "coordination_ring_potter0_20": 0.0, "bottleneck_sparse20": 0.0, "bottleneck_potter0_20": 1.0}
[pair_E] {"steps": 1069056, "elapsed_s": 837.8, "coordination_ring_sparse20": 32.0, "coordination_ring_potter0_20": 0.0, "bottleneck_sparse20": 0.0, "bottleneck_potter0_20": 1.0}
[pair_E] {"steps": 1071104, "elapsed_s": 840.1, "coordination_ring_sparse20": 32.0, "coordination_ring_potter0_20": 0.0, "bottleneck_sparse20": 0.0, "bottleneck_potter0_20": 1.0}
[pair_E] {"steps": 1073152, "elapsed_s": 842.2, "coordination_ring_sparse20": 33.0, "coordination_ring_potter0_20": 0.05, "bottleneck_sparse20": 0.0, "bottleneck_potter0_20": 1.0}
[pair_E] {"steps": 1075200, "elapsed_s": 844.4, "coordination_ring_sparse20": 33.0, "coordination_ring_potter0_20": 0.1, "bottleneck_sparse20": 0.0, "bottleneck_potter0_20": 1.0}
[pair_E] {"steps": 1077248, "elapsed_s": 846.4, "coordination_ring_sparse20": 34.0, "coordination_ring_potter0_20": 0.1, "bottleneck_sparse20": 0.0, "bottleneck_potter0_20": 1.0}
[pair_E] {"steps": 1079296, "elapsed_s": 847.9, "coordination_ring_sparse20": 30.0, "coordination_ring_potter0_20": 0.1, "bottleneck_sparse20": 0.0, "bottleneck_potter0_20": 1.0}
[pair_E] {"steps": 1081344, "elapsed_s": 849.5, "coordination_ring_sparse20": 30.0, "coordination_ring_potter0_20": 0.1, "bottleneck_sparse20": 0.0, "bottleneck_potter0_20": 1.0}
[pair_E] {"steps": 1083392, "elapsed_s": 851.0, "coordination_ring_sparse20": 26.0, "coordination_ring_potter0_20": 0.1, "bottleneck_sparse20": 0.0, "bottleneck_potter0_20": 1.0}
[pair_E] {"steps": 1085440, "elapsed_s": 852.5, "coordination_ring_sparse20": 26.0, "coordination_ring_potter0_20": 0.05, "bottleneck_sparse20": 0.0, "bottleneck_potter0_20": 1.0}
[pair_E] {"steps": 1087488, "elapsed_s": 854.1, "coordination_ring_sparse20": 24.0, "coordination_ring_potter0_20": 0.0, "bottleneck_sparse20": 0.0, "bottleneck_potter0_20": 1.0}
[pair_E] {"steps": 1089536, "elapsed_s": 855.5, "coordination_ring_sparse20": 23.0, "coordination_ring_potter0_20": 0.05, "bottleneck_sparse20": 0.0, "bottleneck_potter0_20": 1.0}
[pair_E] {"steps": 1091584, "elapsed_s": 857.2, "coordination_ring_sparse20": 22.0, "coordination_ring_potter0_20": 0.05, "bottleneck_sparse20": 0.0, "bottleneck_potter0_20": 1.0}
[pair_E] {"steps": 1093632, "elapsed_s": 858.8, "coordination_ring_sparse20": 25.0, "coordination_ring_potter0_20": 0.05, "bottleneck_sparse20": 0.0, "bottleneck_potter0_20": 1.0}
[pair_E] {"steps": 1095680, "elapsed_s": 860.3, "coordination_ring_sparse20": 28.0, "coordination_ring_potter0_20": 0.05, "bottleneck_sparse20": 0.0, "bottleneck_potter0_20": 1.0}
[pair_E] {"steps": 1097728, "elapsed_s": 862.0, "coordination_ring_sparse20": 30.0, "coordination_ring_potter0_20": 0.1, "bottleneck_sparse20": 0.0, "bottleneck_potter0_20": 1.0}
[pair_E] {"steps": 1099776, "elapsed_s": 863.6, "coordination_ring_sparse20": 29.0, "coordination_ring_potter0_20": 0.1, "bottleneck_sparse20": 0.0, "bottleneck_potter0_20": 1.0}
[pair_E] {"steps": 1101824, "elapsed_s": 865.1, "coordination_ring_sparse20": 29.0, "coordination_ring_potter0_20": 0.05, "bottleneck_sparse20": 0.0, "bottleneck_potter0_20": 1.0}
[pair_E] {"steps": 1103872, "elapsed_s": 866.6, "coordination_ring_sparse20": 27.0, "coordination_ring_potter0_20": 0.05, "bottleneck_sparse20": 0.0, "bottleneck_potter0_20": 1.0}
[pair_E] {"steps": 1105920, "elapsed_s": 868.1, "coordination_ring_sparse20": 28.0, "coordination_ring_potter0_20": 0.1, "bottleneck_sparse20": 0.0, "bottleneck_potter0_20": 1.0}
[pair_E] {"steps": 1107968, "elapsed_s": 869.6, "coordination_ring_sparse20": 30.0, "coordination_ring_potter0_20": 0.1, "bottleneck_sparse20": 0.0, "bottleneck_potter0_20": 0.95}
[pair_E] {"steps": 1110016, "elapsed_s": 871.1, "coordination_ring_sparse20": 26.0, "coordination_ring_potter0_20": 0.15, "bottleneck_sparse20": 0.0, "bottleneck_potter0_20": 0.95}
[pair_E] {"steps": 1112064, "elapsed_s": 872.8, "coordination_ring_sparse20": 25.0, "coordination_ring_potter0_20": 0.15, "bottleneck_sparse20": 0.0, "bottleneck_potter0_20": 0.95}
[pair_E] {"steps": 1114112, "elapsed_s": 874.3, "coordination_ring_sparse20": 24.0, "coordination_ring_potter0_20": 0.15, "bottleneck_sparse20": 0.0, "bottleneck_potter0_20": 0.95}
[pair_E] {"steps": 1116160, "elapsed_s": 876.1, "coordination_ring_sparse20": 23.0, "coordination_ring_potter0_20": 0.1, "bottleneck_sparse20": 0.0, "bottleneck_potter0_20": 0.95}
[pair_E] {"steps": 1118208, "elapsed_s": 877.8, "coordination_ring_sparse20": 29.0, "coordination_ring_potter0_20": 0.2, "bottleneck_sparse20": 0.0, "bottleneck_potter0_20": 0.9}
[pair_E] {"steps": 1120256, "elapsed_s": 879.3, "coordination_ring_sparse20": 28.0, "coordination_ring_potter0_20": 0.2, "bottleneck_sparse20": 0.0, "bottleneck_potter0_20": 0.9}
[pair_E] {"steps": 1122304, "elapsed_s": 881.0, "coordination_ring_sparse20": 28.0, "coordination_ring_potter0_20": 0.2, "bottleneck_sparse20": 0.0, "bottleneck_potter0_20": 0.85}
[pair_E] {"steps": 1124352, "elapsed_s": 882.7, "coordination_ring_sparse20": 26.0, "coordination_ring_potter0_20": 0.15, "bottleneck_sparse20": 0.0, "bottleneck_potter0_20": 0.9}
[pair_E] {"steps": 1126400, "elapsed_s": 884.2, "coordination_ring_sparse20": 24.0, "coordination_ring_potter0_20": 0.1, "bottleneck_sparse20": 0.0, "bottleneck_potter0_20": 0.9}
[pair_E] {"steps": 1128448, "elapsed_s": 885.7, "coordination_ring_sparse20": 25.0, "coordination_ring_potter0_20": 0.15, "bottleneck_sparse20": 0.0, "bottleneck_potter0_20": 0.9}
[pair_E] {"steps": 1130496, "elapsed_s": 887.2, "coordination_ring_sparse20": 25.0, "coordination_ring_potter0_20": 0.15, "bottleneck_sparse20": 0.0, "bottleneck_potter0_20": 0.9}
[pair_E] {"steps": 1132544, "elapsed_s": 888.7, "coordination_ring_sparse20": 22.0, "coordination_ring_potter0_20": 0.1, "bottleneck_sparse20": 0.0, "bottleneck_potter0_20": 0.9}
[pair_E] {"steps": 1134592, "elapsed_s": 890.2, "coordination_ring_sparse20": 19.0, "coordination_ring_potter0_20": 0.15, "bottleneck_sparse20": 0.0, "bottleneck_potter0_20": 0.95}
[pair_E] {"steps": 1136640, "elapsed_s": 891.6, "coordination_ring_sparse20": 18.0, "coordination_ring_potter0_20": 0.25, "bottleneck_sparse20": 0.0, "bottleneck_potter0_20": 0.95}
[pair_E] {"steps": 1138688, "elapsed_s": 893.1, "coordination_ring_sparse20": 17.0, "coordination_ring_potter0_20": 0.25, "bottleneck_sparse20": 0.0, "bottleneck_potter0_20": 0.95}
[pair_E] {"steps": 1140736, "elapsed_s": 894.6, "coordination_ring_sparse20": 19.0, "coordination_ring_potter0_20": 0.2, "bottleneck_sparse20": 0.0, "bottleneck_potter0_20": 0.95}
[pair_E] {"steps": 1142784, "elapsed_s": 896.2, "coordination_ring_sparse20": 21.0, "coordination_ring_potter0_20": 0.2, "bottleneck_sparse20": 0.0, "bottleneck_potter0_20": 0.95}
[pair_E] {"steps": 1144832, "elapsed_s": 897.6, "coordination_ring_sparse20": 21.0, "coordination_ring_potter0_20": 0.25, "bottleneck_sparse20": 0.0, "bottleneck_potter0_20": 1.0}
[pair_E] {"steps": 1146880, "elapsed_s": 899.1, "coordination_ring_sparse20": 30.0, "coordination_ring_potter0_20": 0.15, "bottleneck_sparse20": 0.0, "bottleneck_potter0_20": 1.0}
[pair_E] {"steps": 1148928, "elapsed_s": 900.5, "coordination_ring_sparse20": 33.0, "coordination_ring_potter0_20": 0.15, "bottleneck_sparse20": 0.0, "bottleneck_potter0_20": 1.0}
[pair_E] {"steps": 1150976, "elapsed_s": 902.2, "coordination_ring_sparse20": 34.0, "coordination_ring_potter0_20": 0.15, "bottleneck_sparse20": 0.0, "bottleneck_potter0_20": 1.0}
[pair_E] {"steps": 1153024, "elapsed_s": 903.8, "coordination_ring_sparse20": 33.0, "coordination_ring_potter0_20": 0.3, "bottleneck_sparse20": 0.0, "bottleneck_potter0_20": 1.0}
[pair_E] {"steps": 1155072, "elapsed_s": 905.4, "coordination_ring_sparse20": 34.0, "coordination_ring_potter0_20": 0.3, "bottleneck_sparse20": 0.0, "bottleneck_potter0_20": 1.0}
[pair_E] {"steps": 1157120, "elapsed_s": 907.0, "coordination_ring_sparse20": 33.0, "coordination_ring_potter0_20": 0.25, "bottleneck_sparse20": 0.0, "bottleneck_potter0_20": 1.0}
[pair_E] {"steps": 1159168, "elapsed_s": 908.5, "coordination_ring_sparse20": 30.0, "coordination_ring_potter0_20": 0.25, "bottleneck_sparse20": 0.0, "bottleneck_potter0_20": 1.0}
[pair_E] {"steps": 1161216, "elapsed_s": 910.0, "coordination_ring_sparse20": 29.0, "coordination_ring_potter0_20": 0.25, "bottleneck_sparse20": 0.0, "bottleneck_potter0_20": 1.0}
[pair_E] {"steps": 1163264, "elapsed_s": 911.5, "coordination_ring_sparse20": 28.0, "coordination_ring_potter0_20": 0.25, "bottleneck_sparse20": 0.0, "bottleneck_potter0_20": 1.0}
[pair_E] {"steps": 1165312, "elapsed_s": 912.9, "coordination_ring_sparse20": 24.0, "coordination_ring_potter0_20": 0.2, "bottleneck_sparse20": 0.0, "bottleneck_potter0_20": 0.95}
[pair_E] {"steps": 1167360, "elapsed_s": 914.4, "coordination_ring_sparse20": 24.0, "coordination_ring_potter0_20": 0.15, "bottleneck_sparse20": 0.0, "bottleneck_potter0_20": 0.95}
[pair_E] {"steps": 1169408, "elapsed_s": 916.0, "coordination_ring_sparse20": 22.0, "coordination_ring_potter0_20": 0.15, "bottleneck_sparse20": 0.0, "bottleneck_potter0_20": 0.95}
[pair_E] {"steps": 1171456, "elapsed_s": 917.4, "coordination_ring_sparse20": 21.0, "coordination_ring_potter0_20": 0.2, "bottleneck_sparse20": 0.0, "bottleneck_potter0_20": 0.95}
[pair_E] {"steps": 1173504, "elapsed_s": 919.4, "coordination_ring_sparse20": 22.0, "coordination_ring_potter0_20": 0.25, "bottleneck_sparse20": 0.0, "bottleneck_potter0_20": 0.95}
[pair_E] {"steps": 1175552, "elapsed_s": 921.0, "coordination_ring_sparse20": 21.0, "coordination_ring_potter0_20": 0.2, "bottleneck_sparse20": 0.0, "bottleneck_potter0_20": 0.95}
[pair_E] {"steps": 1177600, "elapsed_s": 922.8, "coordination_ring_sparse20": 21.0, "coordination_ring_potter0_20": 0.25, "bottleneck_sparse20": 0.0, "bottleneck_potter0_20": 1.0}
[pair_E] {"steps": 1179648, "elapsed_s": 924.3, "coordination_ring_sparse20": 21.0, "coordination_ring_potter0_20": 0.2, "bottleneck_sparse20": 0.0, "bottleneck_potter0_20": 1.0}
[pair_E] {"steps": 1181696, "elapsed_s": 925.9, "coordination_ring_sparse20": 19.0, "coordination_ring_potter0_20": 0.2, "bottleneck_sparse20": 0.0, "bottleneck_potter0_20": 1.0}
[pair_E] {"steps": 1183744, "elapsed_s": 927.5, "coordination_ring_sparse20": 18.0, "coordination_ring_potter0_20": 0.25, "bottleneck_sparse20": 0.0, "bottleneck_potter0_20": 1.0}
[pair_E] {"steps": 1185792, "elapsed_s": 928.9, "coordination_ring_sparse20": 20.0, "coordination_ring_potter0_20": 0.2, "bottleneck_sparse20": 0.0, "bottleneck_potter0_20": 1.0}
[pair_E] {"steps": 1187840, "elapsed_s": 930.6, "coordination_ring_sparse20": 22.0, "coordination_ring_potter0_20": 0.25, "bottleneck_sparse20": 0.0, "bottleneck_potter0_20": 1.0}
[pair_E] {"steps": 1189888, "elapsed_s": 932.0, "coordination_ring_sparse20": 23.0, "coordination_ring_potter0_20": 0.2, "bottleneck_sparse20": 0.0, "bottleneck_potter0_20": 1.0}
[pair_E] {"steps": 1191936, "elapsed_s": 933.6, "coordination_ring_sparse20": 22.0, "coordination_ring_potter0_20": 0.2, "bottleneck_sparse20": 0.0, "bottleneck_potter0_20": 1.0}
[pair_E] {"steps": 1193984, "elapsed_s": 935.2, "coordination_ring_sparse20": 22.0, "coordination_ring_potter0_20": 0.2, "bottleneck_sparse20": 0.0, "bottleneck_potter0_20": 1.0}
[pair_E] {"steps": 1196032, "elapsed_s": 936.7, "coordination_ring_sparse20": 19.0, "coordination_ring_potter0_20": 0.2, "bottleneck_sparse20": 0.0, "bottleneck_potter0_20": 1.0}
[pair_E] {"steps": 1198080, "elapsed_s": 938.3, "coordination_ring_sparse20": 21.0, "coordination_ring_potter0_20": 0.25, "bottleneck_sparse20": 0.0, "bottleneck_potter0_20": 1.0}
[pair_E] {"steps": 1200128, "elapsed_s": 939.8, "coordination_ring_sparse20": 21.0, "coordination_ring_potter0_20": 0.25, "bottleneck_sparse20": 0.0, "bottleneck_potter0_20": 1.0}
[pair_E] {"steps": 1202176, "elapsed_s": 941.3, "coordination_ring_sparse20": 21.0, "coordination_ring_potter0_20": 0.2, "bottleneck_sparse20": 0.0, "bottleneck_potter0_20": 1.0}
[pair_E] {"steps": 1204224, "elapsed_s": 942.7, "coordination_ring_sparse20": 18.0, "coordination_ring_potter0_20": 0.2, "bottleneck_sparse20": 0.0, "bottleneck_potter0_20": 1.0}
[pair_E] {"steps": 1206272, "elapsed_s": 944.4, "coordination_ring_sparse20": 17.0, "coordination_ring_potter0_20": 0.2, "bottleneck_sparse20": 0.0, "bottleneck_potter0_20": 1.0}
[pair_E] {"steps": 1208320, "elapsed_s": 945.9, "coordination_ring_sparse20": 20.0, "coordination_ring_potter0_20": 0.2, "bottleneck_sparse20": 0.0, "bottleneck_potter0_20": 1.0}
[pair_E] {"steps": 1210368, "elapsed_s": 947.5, "coordination_ring_sparse20": 20.0, "coordination_ring_potter0_20": 0.2, "bottleneck_sparse20": 0.0, "bottleneck_potter0_20": 1.0}
[pair_E] {"steps": 1212416, "elapsed_s": 949.0, "coordination_ring_sparse20": 25.0, "coordination_ring_potter0_20": 0.2, "bottleneck_sparse20": 0.0, "bottleneck_potter0_20": 1.0}
[pair_E] {"steps": 1214464, "elapsed_s": 950.6, "coordination_ring_sparse20": 22.0, "coordination_ring_potter0_20": 0.3, "bottleneck_sparse20": 0.0, "bottleneck_potter0_20": 1.0}
[pair_E] {"steps": 1216512, "elapsed_s": 952.2, "coordination_ring_sparse20": 21.0, "coordination_ring_potter0_20": 0.35, "bottleneck_sparse20": 0.0, "bottleneck_potter0_20": 1.0}
[pair_E] {"steps": 1218560, "elapsed_s": 953.6, "coordination_ring_sparse20": 18.0, "coordination_ring_potter0_20": 0.3, "bottleneck_sparse20": 0.0, "bottleneck_potter0_20": 1.0}
[pair_E] {"steps": 1220608, "elapsed_s": 955.2, "coordination_ring_sparse20": 21.0, "coordination_ring_potter0_20": 0.35, "bottleneck_sparse20": 0.0, "bottleneck_potter0_20": 1.0}
[pair_E] {"steps": 1222656, "elapsed_s": 956.7, "coordination_ring_sparse20": 20.0, "coordination_ring_potter0_20": 0.4, "bottleneck_sparse20": 0.0, "bottleneck_potter0_20": 1.0}
[pair_E] {"steps": 1224704, "elapsed_s": 958.4, "coordination_ring_sparse20": 19.0, "coordination_ring_potter0_20": 0.4, "bottleneck_sparse20": 0.0, "bottleneck_potter0_20": 1.0}
[pair_E] {"steps": 1226752, "elapsed_s": 959.9, "coordination_ring_sparse20": 19.0, "coordination_ring_potter0_20": 0.45, "bottleneck_sparse20": 0.0, "bottleneck_potter0_20": 1.0}
[pair_E] {"steps": 1228800, "elapsed_s": 961.7, "coordination_ring_sparse20": 17.0, "coordination_ring_potter0_20": 0.35, "bottleneck_sparse20": 0.0, "bottleneck_potter0_20": 1.0}
[pair_E] {"steps": 1230848, "elapsed_s": 963.6, "coordination_ring_sparse20": 18.0, "coordination_ring_potter0_20": 0.35, "bottleneck_sparse20": 0.0, "bottleneck_potter0_20": 1.0}
[pair_E] {"steps": 1232896, "elapsed_s": 965.2, "coordination_ring_sparse20": 21.0, "coordination_ring_potter0_20": 0.35, "bottleneck_sparse20": 0.0, "bottleneck_potter0_20": 1.0}
[pair_E] {"steps": 1234944, "elapsed_s": 966.8, "coordination_ring_sparse20": 23.0, "coordination_ring_potter0_20": 0.35, "bottleneck_sparse20": 0.0, "bottleneck_potter0_20": 1.0}
[pair_E] {"steps": 1236992, "elapsed_s": 968.6, "coordination_ring_sparse20": 23.0, "coordination_ring_potter0_20": 0.3, "bottleneck_sparse20": 0.0, "bottleneck_potter0_20": 1.0}
[pair_E] {"steps": 1239040, "elapsed_s": 970.3, "coordination_ring_sparse20": 22.0, "coordination_ring_potter0_20": 0.3, "bottleneck_sparse20": 0.0, "bottleneck_potter0_20": 1.0}
[pair_E] {"steps": 1241088, "elapsed_s": 971.7, "coordination_ring_sparse20": 23.0, "coordination_ring_potter0_20": 0.2, "bottleneck_sparse20": 0.0, "bottleneck_potter0_20": 1.0}
[pair_E] {"steps": 1243136, "elapsed_s": 973.2, "coordination_ring_sparse20": 26.0, "coordination_ring_potter0_20": 0.3, "bottleneck_sparse20": 0.0, "bottleneck_potter0_20": 1.0}
[pair_E] {"steps": 1245184, "elapsed_s": 974.7, "coordination_ring_sparse20": 26.0, "coordination_ring_potter0_20": 0.35, "bottleneck_sparse20": 0.0, "bottleneck_potter0_20": 1.0}
[pair_E] {"steps": 1247232, "elapsed_s": 976.6, "coordination_ring_sparse20": 26.0, "coordination_ring_potter0_20": 0.35, "bottleneck_sparse20": 0.0, "bottleneck_potter0_20": 0.95}
[pair_E] {"steps": 1249280, "elapsed_s": 978.7, "coordination_ring_sparse20": 23.0, "coordination_ring_potter0_20": 0.45, "bottleneck_sparse20": 0.0, "bottleneck_potter0_20": 0.95}
[pair_E] {"steps": 1251328, "elapsed_s": 980.9, "coordination_ring_sparse20": 25.0, "coordination_ring_potter0_20": 0.45, "bottleneck_sparse20": 0.0, "bottleneck_potter0_20": 0.95}
[pair_E] {"steps": 1253376, "elapsed_s": 982.9, "coordination_ring_sparse20": 22.0, "coordination_ring_potter0_20": 0.45, "bottleneck_sparse20": 0.0, "bottleneck_potter0_20": 0.95}
[pair_E] {"steps": 1255424, "elapsed_s": 984.4, "coordination_ring_sparse20": 26.0, "coordination_ring_potter0_20": 0.5, "bottleneck_sparse20": 0.0, "bottleneck_potter0_20": 0.95}
[pair_E] {"steps": 1257472, "elapsed_s": 986.0, "coordination_ring_sparse20": 25.0, "coordination_ring_potter0_20": 0.45, "bottleneck_sparse20": 0.0, "bottleneck_potter0_20": 0.95}
[pair_E] {"steps": 1259520, "elapsed_s": 987.5, "coordination_ring_sparse20": 24.0, "coordination_ring_potter0_20": 0.4, "bottleneck_sparse20": 0.0, "bottleneck_potter0_20": 0.95}
[pair_E] {"steps": 1261568, "elapsed_s": 989.1, "coordination_ring_sparse20": 20.0, "coordination_ring_potter0_20": 0.35, "bottleneck_sparse20": 0.0, "bottleneck_potter0_20": 0.95}
[pair_E] {"steps": 1263616, "elapsed_s": 991.0, "coordination_ring_sparse20": 20.0, "coordination_ring_potter0_20": 0.25, "bottleneck_sparse20": 0.0, "bottleneck_potter0_20": 0.95}
[pair_E] {"steps": 1265664, "elapsed_s": 992.4, "coordination_ring_sparse20": 18.0, "coordination_ring_potter0_20": 0.2, "bottleneck_sparse20": 0.0, "bottleneck_potter0_20": 0.95}
[pair_E] {"steps": 1267712, "elapsed_s": 993.9, "coordination_ring_sparse20": 19.0, "coordination_ring_potter0_20": 0.15, "bottleneck_sparse20": 0.0, "bottleneck_potter0_20": 1.0}
[pair_E] {"steps": 1269760, "elapsed_s": 995.4, "coordination_ring_sparse20": 24.0, "coordination_ring_potter0_20": 0.1, "bottleneck_sparse20": 0.0, "bottleneck_potter0_20": 1.0}
[pair_E] {"steps": 1271808, "elapsed_s": 996.9, "coordination_ring_sparse20": 24.0, "coordination_ring_potter0_20": 0.1, "bottleneck_sparse20": 0.0, "bottleneck_potter0_20": 1.0}
[pair_E] {"steps": 1273856, "elapsed_s": 998.5, "coordination_ring_sparse20": 26.0, "coordination_ring_potter0_20": 0.1, "bottleneck_sparse20": 0.0, "bottleneck_potter0_20": 1.0}
[pair_E] {"steps": 1275904, "elapsed_s": 1000.1, "coordination_ring_sparse20": 28.0, "coordination_ring_potter0_20": 0.1, "bottleneck_sparse20": 0.0, "bottleneck_potter0_20": 0.95}
[pair_E] {"steps": 1277952, "elapsed_s": 1001.6, "coordination_ring_sparse20": 27.0, "coordination_ring_potter0_20": 0.1, "bottleneck_sparse20": 0.0, "bottleneck_potter0_20": 0.95}
[pair_E] {"steps": 1280000, "elapsed_s": 1003.1, "coordination_ring_sparse20": 27.0, "coordination_ring_potter0_20": 0.05, "bottleneck_sparse20": 0.0, "bottleneck_potter0_20": 0.95}
[pair_E] {"steps": 1282048, "elapsed_s": 1004.8, "coordination_ring_sparse20": 28.0, "coordination_ring_potter0_20": 0.05, "bottleneck_sparse20": 0.0, "bottleneck_potter0_20": 0.95}
[pair_E] {"steps": 1284096, "elapsed_s": 1006.2, "coordination_ring_sparse20": 33.0, "coordination_ring_potter0_20": 0.1, "bottleneck_sparse20": 0.0, "bottleneck_potter0_20": 0.95}
[pair_E] {"steps": 1286144, "elapsed_s": 1008.2, "coordination_ring_sparse20": 31.0, "coordination_ring_potter0_20": 0.2, "bottleneck_sparse20": 0.0, "bottleneck_potter0_20": 0.95}
[pair_E] {"steps": 1288192, "elapsed_s": 1009.9, "coordination_ring_sparse20": 33.0, "coordination_ring_potter0_20": 0.2, "bottleneck_sparse20": 0.0, "bottleneck_potter0_20": 0.95}
[pair_E] {"steps": 1290240, "elapsed_s": 1011.5, "coordination_ring_sparse20": 34.0, "coordination_ring_potter0_20": 0.2, "bottleneck_sparse20": 0.0, "bottleneck_potter0_20": 0.95}
[pair_E] {"steps": 1292288, "elapsed_s": 1013.0, "coordination_ring_sparse20": 42.0, "coordination_ring_potter0_20": 0.2, "bottleneck_sparse20": 0.0, "bottleneck_potter0_20": 0.95}
[pair_E] {"steps": 1294336, "elapsed_s": 1014.9, "coordination_ring_sparse20": 41.0, "coordination_ring_potter0_20": 0.3, "bottleneck_sparse20": 0.0, "bottleneck_potter0_20": 0.95}
[pair_E] {"steps": 1296384, "elapsed_s": 1016.5, "coordination_ring_sparse20": 40.0, "coordination_ring_potter0_20": 0.35, "bottleneck_sparse20": 0.0, "bottleneck_potter0_20": 0.95}
[pair_E] {"steps": 1298432, "elapsed_s": 1018.0, "coordination_ring_sparse20": 36.0, "coordination_ring_potter0_20": 0.3, "bottleneck_sparse20": 0.0, "bottleneck_potter0_20": 1.0}
[pair_E] {"steps": 1300480, "elapsed_s": 1019.5, "coordination_ring_sparse20": 36.0, "coordination_ring_potter0_20": 0.3, "bottleneck_sparse20": 0.0, "bottleneck_potter0_20": 0.95}
[pair_E] {"steps": 1302528, "elapsed_s": 1021.0, "coordination_ring_sparse20": 35.0, "coordination_ring_potter0_20": 0.3, "bottleneck_sparse20": 0.0, "bottleneck_potter0_20": 0.95}
[pair_E] {"steps": 1304576, "elapsed_s": 1022.9, "coordination_ring_sparse20": 34.0, "coordination_ring_potter0_20": 0.35, "bottleneck_sparse20": 0.0, "bottleneck_potter0_20": 0.95}
[pair_E] {"steps": 1306624, "elapsed_s": 1025.0, "coordination_ring_sparse20": 36.0, "coordination_ring_potter0_20": 0.3, "bottleneck_sparse20": 0.0, "bottleneck_potter0_20": 0.95}
[pair_E] {"steps": 1308672, "elapsed_s": 1027.2, "coordination_ring_sparse20": 29.0, "coordination_ring_potter0_20": 0.35, "bottleneck_sparse20": 0.0, "bottleneck_potter0_20": 0.95}
[pair_E] {"steps": 1310720, "elapsed_s": 1029.3, "coordination_ring_sparse20": 28.0, "coordination_ring_potter0_20": 0.3, "bottleneck_sparse20": 0.0, "bottleneck_potter0_20": 0.95}
[pair_E] {"steps": 1312768, "elapsed_s": 1031.5, "coordination_ring_sparse20": 26.0, "coordination_ring_potter0_20": 0.25, "bottleneck_sparse20": 0.0, "bottleneck_potter0_20": 0.95}
[pair_E] {"steps": 1314816, "elapsed_s": 1033.6, "coordination_ring_sparse20": 25.0, "coordination_ring_potter0_20": 0.2, "bottleneck_sparse20": 0.0, "bottleneck_potter0_20": 0.9}
[pair_E] {"steps": 1316864, "elapsed_s": 1035.7, "coordination_ring_sparse20": 27.0, "coordination_ring_potter0_20": 0.2, "bottleneck_sparse20": 0.0, "bottleneck_potter0_20": 0.95}
[pair_E] {"steps": 1318912, "elapsed_s": 1037.4, "coordination_ring_sparse20": 24.0, "coordination_ring_potter0_20": 0.25, "bottleneck_sparse20": 0.0, "bottleneck_potter0_20": 0.9}
[pair_E] {"steps": 1320960, "elapsed_s": 1039.0, "coordination_ring_sparse20": 23.0, "coordination_ring_potter0_20": 0.25, "bottleneck_sparse20": 0.0, "bottleneck_potter0_20": 0.9}
[pair_E] {"steps": 1323008, "elapsed_s": 1040.6, "coordination_ring_sparse20": 26.0, "coordination_ring_potter0_20": 0.25, "bottleneck_sparse20": 0.0, "bottleneck_potter0_20": 0.9}
[pair_E] {"steps": 1325056, "elapsed_s": 1042.2, "coordination_ring_sparse20": 24.0, "coordination_ring_potter0_20": 0.3, "bottleneck_sparse20": 0.0, "bottleneck_potter0_20": 0.9}
[pair_E] {"steps": 1327104, "elapsed_s": 1043.8, "coordination_ring_sparse20": 23.0, "coordination_ring_potter0_20": 0.25, "bottleneck_sparse20": 0.0, "bottleneck_potter0_20": 0.9}
[pair_E] {"steps": 1329152, "elapsed_s": 1045.2, "coordination_ring_sparse20": 25.0, "coordination_ring_potter0_20": 0.2, "bottleneck_sparse20": 0.0, "bottleneck_potter0_20": 0.9}
[pair_E] {"steps": 1331200, "elapsed_s": 1046.7, "coordination_ring_sparse20": 22.0, "coordination_ring_potter0_20": 0.2, "bottleneck_sparse20": 0.0, "bottleneck_potter0_20": 0.9}
[pair_E] {"steps": 1333248, "elapsed_s": 1048.2, "coordination_ring_sparse20": 22.0, "coordination_ring_potter0_20": 0.25, "bottleneck_sparse20": 0.0, "bottleneck_potter0_20": 0.95}
[pair_E] {"steps": 1335296, "elapsed_s": 1049.9, "coordination_ring_sparse20": 25.0, "coordination_ring_potter0_20": 0.25, "bottleneck_sparse20": 0.0, "bottleneck_potter0_20": 0.95}
[pair_E] {"steps": 1337344, "elapsed_s": 1051.4, "coordination_ring_sparse20": 24.0, "coordination_ring_potter0_20": 0.3, "bottleneck_sparse20": 0.0, "bottleneck_potter0_20": 1.0}
[pair_E] {"steps": 1339392, "elapsed_s": 1053.1, "coordination_ring_sparse20": 27.0, "coordination_ring_potter0_20": 0.25, "bottleneck_sparse20": 0.0, "bottleneck_potter0_20": 1.0}
[pair_E] {"steps": 1341440, "elapsed_s": 1054.9, "coordination_ring_sparse20": 28.0, "coordination_ring_potter0_20": 0.25, "bottleneck_sparse20": 0.0, "bottleneck_potter0_20": 1.0}
[pair_E] {"steps": 1343488, "elapsed_s": 1056.5, "coordination_ring_sparse20": 26.0, "coordination_ring_potter0_20": 0.3, "bottleneck_sparse20": 0.0, "bottleneck_potter0_20": 1.0}
[pair_E] {"steps": 1345536, "elapsed_s": 1058.4, "coordination_ring_sparse20": 29.0, "coordination_ring_potter0_20": 0.25, "bottleneck_sparse20": 0.0, "bottleneck_potter0_20": 1.0}
[pair_E] {"steps": 1347584, "elapsed_s": 1060.0, "coordination_ring_sparse20": 31.0, "coordination_ring_potter0_20": 0.25, "bottleneck_sparse20": 0.0, "bottleneck_potter0_20": 1.0}
[pair_E] {"steps": 1349632, "elapsed_s": 1061.6, "coordination_ring_sparse20": 26.0, "coordination_ring_potter0_20": 0.2, "bottleneck_sparse20": 0.0, "bottleneck_potter0_20": 1.0}
[pair_E] {"steps": 1351680, "elapsed_s": 1063.2, "coordination_ring_sparse20": 22.0, "coordination_ring_potter0_20": 0.1, "bottleneck_sparse20": 0.0, "bottleneck_potter0_20": 1.0}
[pair_E] {"steps": 1353728, "elapsed_s": 1064.8, "coordination_ring_sparse20": 23.0, "coordination_ring_potter0_20": 0.1, "bottleneck_sparse20": 0.0, "bottleneck_potter0_20": 1.0}
[pair_E] {"steps": 1355776, "elapsed_s": 1066.2, "coordination_ring_sparse20": 26.0, "coordination_ring_potter0_20": 0.1, "bottleneck_sparse20": 0.0, "bottleneck_potter0_20": 1.0}
[pair_E] {"steps": 1357824, "elapsed_s": 1067.7, "coordination_ring_sparse20": 28.0, "coordination_ring_potter0_20": 0.1, "bottleneck_sparse20": 0.0, "bottleneck_potter0_20": 1.0}
[pair_E] {"steps": 1359872, "elapsed_s": 1069.3, "coordination_ring_sparse20": 24.0, "coordination_ring_potter0_20": 0.05, "bottleneck_sparse20": 0.0, "bottleneck_potter0_20": 1.0}
[pair_E] {"steps": 1361920, "elapsed_s": 1070.7, "coordination_ring_sparse20": 29.0, "coordination_ring_potter0_20": 0.1, "bottleneck_sparse20": 0.0, "bottleneck_potter0_20": 1.0}
[pair_E] {"steps": 1363968, "elapsed_s": 1072.3, "coordination_ring_sparse20": 34.0, "coordination_ring_potter0_20": 0.15, "bottleneck_sparse20": 0.0, "bottleneck_potter0_20": 1.0}
[pair_E] {"steps": 1366016, "elapsed_s": 1073.9, "coordination_ring_sparse20": 36.0, "coordination_ring_potter0_20": 0.15, "bottleneck_sparse20": 0.0, "bottleneck_potter0_20": 1.0}
[pair_E] {"steps": 1368064, "elapsed_s": 1075.4, "coordination_ring_sparse20": 36.0, "coordination_ring_potter0_20": 0.2, "bottleneck_sparse20": 0.0, "bottleneck_potter0_20": 1.0}
[pair_E] {"steps": 1370112, "elapsed_s": 1076.9, "coordination_ring_sparse20": 30.0, "coordination_ring_potter0_20": 0.3, "bottleneck_sparse20": 0.0, "bottleneck_potter0_20": 1.0}
[pair_E] {"steps": 1372160, "elapsed_s": 1078.4, "coordination_ring_sparse20": 30.0, "coordination_ring_potter0_20": 0.35, "bottleneck_sparse20": 0.0, "bottleneck_potter0_20": 1.0}
[pair_E] {"steps": 1374208, "elapsed_s": 1079.9, "coordination_ring_sparse20": 29.0, "coordination_ring_potter0_20": 0.35, "bottleneck_sparse20": 0.0, "bottleneck_potter0_20": 1.0}
[pair_E] {"steps": 1376256, "elapsed_s": 1081.5, "coordination_ring_sparse20": 32.0, "coordination_ring_potter0_20": 0.35, "bottleneck_sparse20": 0.0, "bottleneck_potter0_20": 1.0}
[pair_E] {"steps": 1378304, "elapsed_s": 1083.1, "coordination_ring_sparse20": 32.0, "coordination_ring_potter0_20": 0.35, "bottleneck_sparse20": 0.0, "bottleneck_potter0_20": 1.0}
[pair_E] {"steps": 1380352, "elapsed_s": 1084.6, "coordination_ring_sparse20": 31.0, "coordination_ring_potter0_20": 0.35, "bottleneck_sparse20": 0.0, "bottleneck_potter0_20": 1.0}
[pair_E] {"steps": 1382400, "elapsed_s": 1086.3, "coordination_ring_sparse20": 26.0, "coordination_ring_potter0_20": 0.3, "bottleneck_sparse20": 0.0, "bottleneck_potter0_20": 1.0}
[pair_E] {"steps": 1384448, "elapsed_s": 1087.8, "coordination_ring_sparse20": 26.0, "coordination_ring_potter0_20": 0.3, "bottleneck_sparse20": 0.0, "bottleneck_potter0_20": 1.0}
[pair_E] {"steps": 1386496, "elapsed_s": 1089.3, "coordination_ring_sparse20": 26.0, "coordination_ring_potter0_20": 0.2, "bottleneck_sparse20": 0.0, "bottleneck_potter0_20": 1.0}
[pair_E] {"steps": 1388544, "elapsed_s": 1090.9, "coordination_ring_sparse20": 28.0, "coordination_ring_potter0_20": 0.15, "bottleneck_sparse20": 0.0, "bottleneck_potter0_20": 1.0}
[pair_E] {"steps": 1390592, "elapsed_s": 1092.3, "coordination_ring_sparse20": 25.0, "coordination_ring_potter0_20": 0.15, "bottleneck_sparse20": 0.0, "bottleneck_potter0_20": 1.0}
[pair_E] {"steps": 1392640, "elapsed_s": 1093.8, "coordination_ring_sparse20": 23.0, "coordination_ring_potter0_20": 0.2, "bottleneck_sparse20": 0.0, "bottleneck_potter0_20": 1.0}
[pair_E] {"steps": 1394688, "elapsed_s": 1095.3, "coordination_ring_sparse20": 29.0, "coordination_ring_potter0_20": 0.2, "bottleneck_sparse20": 0.0, "bottleneck_potter0_20": 1.0}
[pair_E] {"steps": 1396736, "elapsed_s": 1097.0, "coordination_ring_sparse20": 26.0, "coordination_ring_potter0_20": 0.2, "bottleneck_sparse20": 0.0, "bottleneck_potter0_20": 1.0}
[pair_E] {"steps": 1398784, "elapsed_s": 1098.7, "coordination_ring_sparse20": 27.0, "coordination_ring_potter0_20": 0.15, "bottleneck_sparse20": 0.0, "bottleneck_potter0_20": 1.0}
[pair_E] {"steps": 1400832, "elapsed_s": 1100.2, "coordination_ring_sparse20": 29.0, "coordination_ring_potter0_20": 0.15, "bottleneck_sparse20": 0.0, "bottleneck_potter0_20": 1.0}
[pair_E] {"steps": 1402880, "elapsed_s": 1101.8, "coordination_ring_sparse20": 32.0, "coordination_ring_potter0_20": 0.2, "bottleneck_sparse20": 0.0, "bottleneck_potter0_20": 1.0}
[pair_E] {"steps": 1404928, "elapsed_s": 1103.4, "coordination_ring_sparse20": 32.0, "coordination_ring_potter0_20": 0.2, "bottleneck_sparse20": 0.0, "bottleneck_potter0_20": 1.0}
[pair_E] {"steps": 1406976, "elapsed_s": 1104.9, "coordination_ring_sparse20": 33.0, "coordination_ring_potter0_20": 0.15, "bottleneck_sparse20": 0.0, "bottleneck_potter0_20": 1.0}
[pair_E] {"steps": 1409024, "elapsed_s": 1106.5, "coordination_ring_sparse20": 34.0, "coordination_ring_potter0_20": 0.15, "bottleneck_sparse20": 0.0, "bottleneck_potter0_20": 1.0}
[pair_E] {"steps": 1411072, "elapsed_s": 1108.1, "coordination_ring_sparse20": 33.0, "coordination_ring_potter0_20": 0.15, "bottleneck_sparse20": 0.0, "bottleneck_potter0_20": 0.95}
[pair_E] {"steps": 1413120, "elapsed_s": 1109.7, "coordination_ring_sparse20": 36.0, "coordination_ring_potter0_20": 0.15, "bottleneck_sparse20": 0.0, "bottleneck_potter0_20": 0.95}
[pair_E] {"steps": 1415168, "elapsed_s": 1111.3, "coordination_ring_sparse20": 40.0, "coordination_ring_potter0_20": 0.2, "bottleneck_sparse20": 0.0, "bottleneck_potter0_20": 0.95}
[pair_E] {"steps": 1417216, "elapsed_s": 1112.9, "coordination_ring_sparse20": 36.0, "coordination_ring_potter0_20": 0.2, "bottleneck_sparse20": 0.0, "bottleneck_potter0_20": 0.95}
[pair_E] {"steps": 1419264, "elapsed_s": 1114.5, "coordination_ring_sparse20": 37.0, "coordination_ring_potter0_20": 0.15, "bottleneck_sparse20": 0.0, "bottleneck_potter0_20": 0.95}
[pair_E] {"steps": 1421312, "elapsed_s": 1115.9, "coordination_ring_sparse20": 39.0, "coordination_ring_potter0_20": 0.15, "bottleneck_sparse20": 0.0, "bottleneck_potter0_20": 0.95}
[pair_E] {"steps": 1423360, "elapsed_s": 1117.6, "coordination_ring_sparse20": 40.0, "coordination_ring_potter0_20": 0.2, "bottleneck_sparse20": 0.0, "bottleneck_potter0_20": 0.95}
[pair_E] {"steps": 1425408, "elapsed_s": 1119.2, "coordination_ring_sparse20": 39.0, "coordination_ring_potter0_20": 0.2, "bottleneck_sparse20": 0.0, "bottleneck_potter0_20": 0.95}
[pair_E] {"steps": 1427456, "elapsed_s": 1120.8, "coordination_ring_sparse20": 39.0, "coordination_ring_potter0_20": 0.2, "bottleneck_sparse20": 0.0, "bottleneck_potter0_20": 1.0}
[pair_E] {"steps": 1429504, "elapsed_s": 1122.5, "coordination_ring_sparse20": 36.0, "coordination_ring_potter0_20": 0.15, "bottleneck_sparse20": 0.0, "bottleneck_potter0_20": 1.0}
[pair_E] {"steps": 1431552, "elapsed_s": 1124.1, "coordination_ring_sparse20": 33.0, "coordination_ring_potter0_20": 0.15, "bottleneck_sparse20": 0.0, "bottleneck_potter0_20": 1.0}
[pair_E] {"steps": 1433600, "elapsed_s": 1125.7, "coordination_ring_sparse20": 30.0, "coordination_ring_potter0_20": 0.15, "bottleneck_sparse20": 0.0, "bottleneck_potter0_20": 1.0}
[pair_E] {"steps": 1435648, "elapsed_s": 1127.2, "coordination_ring_sparse20": 32.0, "coordination_ring_potter0_20": 0.15, "bottleneck_sparse20": 0.0, "bottleneck_potter0_20": 1.0}
[pair_E] {"steps": 1437696, "elapsed_s": 1128.7, "coordination_ring_sparse20": 32.0, "coordination_ring_potter0_20": 0.15, "bottleneck_sparse20": 0.0, "bottleneck_potter0_20": 1.0}
[pair_E] {"steps": 1439744, "elapsed_s": 1130.2, "coordination_ring_sparse20": 32.0, "coordination_ring_potter0_20": 0.15, "bottleneck_sparse20": 0.0, "bottleneck_potter0_20": 1.0}
[pair_E] {"steps": 1441792, "elapsed_s": 1132.1, "coordination_ring_sparse20": 32.0, "coordination_ring_potter0_20": 0.1, "bottleneck_sparse20": 0.0, "bottleneck_potter0_20": 1.0}
[pair_E] {"steps": 1443840, "elapsed_s": 1133.7, "coordination_ring_sparse20": 31.0, "coordination_ring_potter0_20": 0.1, "bottleneck_sparse20": 0.0, "bottleneck_potter0_20": 1.0}
[pair_E] {"steps": 1445888, "elapsed_s": 1135.2, "coordination_ring_sparse20": 31.0, "coordination_ring_potter0_20": 0.1, "bottleneck_sparse20": 0.0, "bottleneck_potter0_20": 1.0}
[pair_E] {"steps": 1447936, "elapsed_s": 1136.9, "coordination_ring_sparse20": 30.0, "coordination_ring_potter0_20": 0.1, "bottleneck_sparse20": 0.0, "bottleneck_potter0_20": 1.0}
[pair_E] {"steps": 1449984, "elapsed_s": 1138.4, "coordination_ring_sparse20": 26.0, "coordination_ring_potter0_20": 0.15, "bottleneck_sparse20": 0.0, "bottleneck_potter0_20": 1.0}
[pair_E] {"steps": 1452032, "elapsed_s": 1139.9, "coordination_ring_sparse20": 26.0, "coordination_ring_potter0_20": 0.1, "bottleneck_sparse20": 0.0, "bottleneck_potter0_20": 0.95}
[pair_E] {"steps": 1454080, "elapsed_s": 1141.5, "coordination_ring_sparse20": 27.0, "coordination_ring_potter0_20": 0.1, "bottleneck_sparse20": 0.0, "bottleneck_potter0_20": 0.95}
[pair_E] {"steps": 1456128, "elapsed_s": 1143.1, "coordination_ring_sparse20": 31.0, "coordination_ring_potter0_20": 0.2, "bottleneck_sparse20": 0.0, "bottleneck_potter0_20": 0.95}
[pair_E] {"steps": 1458176, "elapsed_s": 1144.7, "coordination_ring_sparse20": 34.0, "coordination_ring_potter0_20": 0.2, "bottleneck_sparse20": 0.0, "bottleneck_potter0_20": 0.95}
[pair_E] {"steps": 1460224, "elapsed_s": 1146.1, "coordination_ring_sparse20": 36.0, "coordination_ring_potter0_20": 0.2, "bottleneck_sparse20": 0.0, "bottleneck_potter0_20": 0.95}
[pair_E] {"steps": 1462272, "elapsed_s": 1147.7, "coordination_ring_sparse20": 38.0, "coordination_ring_potter0_20": 0.2, "bottleneck_sparse20": 0.0, "bottleneck_potter0_20": 0.95}
[pair_E] {"steps": 1464320, "elapsed_s": 1149.2, "coordination_ring_sparse20": 36.0, "coordination_ring_potter0_20": 0.15, "bottleneck_sparse20": 0.0, "bottleneck_potter0_20": 0.9}
[pair_E] {"steps": 1466368, "elapsed_s": 1151.1, "coordination_ring_sparse20": 43.0, "coordination_ring_potter0_20": 0.1, "bottleneck_sparse20": 0.0, "bottleneck_potter0_20": 0.9}
[pair_E] {"steps": 1468416, "elapsed_s": 1152.9, "coordination_ring_sparse20": 44.0, "coordination_ring_potter0_20": 0.1, "bottleneck_sparse20": 0.0, "bottleneck_potter0_20": 0.9}
[pair_E] {"steps": 1470464, "elapsed_s": 1154.8, "coordination_ring_sparse20": 45.0, "coordination_ring_potter0_20": 0.05, "bottleneck_sparse20": 0.0, "bottleneck_potter0_20": 0.95}
[pair_E] {"steps": 1472512, "elapsed_s": 1156.7, "coordination_ring_sparse20": 41.0, "coordination_ring_potter0_20": 0.1, "bottleneck_sparse20": 0.0, "bottleneck_potter0_20": 0.95}
[pair_E] {"steps": 1474560, "elapsed_s": 1158.5, "coordination_ring_sparse20": 47.0, "coordination_ring_potter0_20": 0.1, "bottleneck_sparse20": 0.0, "bottleneck_potter0_20": 0.95}
[pair_E] {"steps": 1476608, "elapsed_s": 1160.4, "coordination_ring_sparse20": 45.0, "coordination_ring_potter0_20": 0.1, "bottleneck_sparse20": 0.0, "bottleneck_potter0_20": 0.95}
[pair_E] {"steps": 1478656, "elapsed_s": 1162.3, "coordination_ring_sparse20": 46.0, "coordination_ring_potter0_20": 0.1, "bottleneck_sparse20": 0.0, "bottleneck_potter0_20": 0.95}
[pair_E] {"steps": 1480704, "elapsed_s": 1164.1, "coordination_ring_sparse20": 49.0, "coordination_ring_potter0_20": 0.15, "bottleneck_sparse20": 0.0, "bottleneck_potter0_20": 0.95}
[pair_E] {"steps": 1482752, "elapsed_s": 1166.0, "coordination_ring_sparse20": 44.0, "coordination_ring_potter0_20": 0.15, "bottleneck_sparse20": 0.0, "bottleneck_potter0_20": 0.95}
[pair_E] {"steps": 1484800, "elapsed_s": 1167.7, "coordination_ring_sparse20": 42.0, "coordination_ring_potter0_20": 0.1, "bottleneck_sparse20": 0.0, "bottleneck_potter0_20": 0.95}
[pair_E] {"steps": 1486848, "elapsed_s": 1169.2, "coordination_ring_sparse20": 39.0, "coordination_ring_potter0_20": 0.1, "bottleneck_sparse20": 0.0, "bottleneck_potter0_20": 0.95}
[pair_E] {"steps": 1488896, "elapsed_s": 1170.7, "coordination_ring_sparse20": 41.0, "coordination_ring_potter0_20": 0.1, "bottleneck_sparse20": 0.0, "bottleneck_potter0_20": 0.95}
[pair_E] {"steps": 1490944, "elapsed_s": 1172.2, "coordination_ring_sparse20": 40.0, "coordination_ring_potter0_20": 0.05, "bottleneck_sparse20": 0.0, "bottleneck_potter0_20": 1.0}
[pair_E] {"steps": 1492992, "elapsed_s": 1173.7, "coordination_ring_sparse20": 37.0, "coordination_ring_potter0_20": 0.05, "bottleneck_sparse20": 0.0, "bottleneck_potter0_20": 1.0}
[pair_E] {"steps": 1495040, "elapsed_s": 1175.4, "coordination_ring_sparse20": 35.0, "coordination_ring_potter0_20": 0.05, "bottleneck_sparse20": 0.0, "bottleneck_potter0_20": 1.0}
[pair_E] {"steps": 1497088, "elapsed_s": 1177.0, "coordination_ring_sparse20": 36.0, "coordination_ring_potter0_20": 0.05, "bottleneck_sparse20": 0.0, "bottleneck_potter0_20": 1.0}
[pair_E] {"steps": 1499136, "elapsed_s": 1178.5, "coordination_ring_sparse20": 37.0, "coordination_ring_potter0_20": 0.05, "bottleneck_sparse20": 0.0, "bottleneck_potter0_20": 1.0}
[pair_E] {"steps": 1501184, "elapsed_s": 1180.0, "coordination_ring_sparse20": 36.0, "coordination_ring_potter0_20": 0.05, "bottleneck_sparse20": 0.0, "bottleneck_potter0_20": 1.0}
[pair_E] {"steps": 1503232, "elapsed_s": 1181.6, "coordination_ring_sparse20": 38.0, "coordination_ring_potter0_20": 0.05, "bottleneck_sparse20": 0.0, "bottleneck_potter0_20": 1.0}
[pair_E] {"steps": 1505280, "elapsed_s": 1183.2, "coordination_ring_sparse20": 40.0, "coordination_ring_potter0_20": 0.1, "bottleneck_sparse20": 0.0, "bottleneck_potter0_20": 1.0}
[pair_E] {"steps": 1507328, "elapsed_s": 1185.0, "coordination_ring_sparse20": 40.0, "coordination_ring_potter0_20": 0.1, "bottleneck_sparse20": 0.0, "bottleneck_potter0_20": 1.0}
[pair_E] {"steps": 1509376, "elapsed_s": 1186.4, "coordination_ring_sparse20": 44.0, "coordination_ring_potter0_20": 0.1, "bottleneck_sparse20": 0.0, "bottleneck_potter0_20": 1.0}
[pair_E] {"steps": 1511424, "elapsed_s": 1188.1, "coordination_ring_sparse20": 43.0, "coordination_ring_potter0_20": 0.1, "bottleneck_sparse20": 0.0, "bottleneck_potter0_20": 1.0}
[pair_E] {"steps": 1513472, "elapsed_s": 1190.0, "coordination_ring_sparse20": 42.0, "coordination_ring_potter0_20": 0.1, "bottleneck_sparse20": 0.0, "bottleneck_potter0_20": 1.0}
[pair_E] {"steps": 1515520, "elapsed_s": 1191.6, "coordination_ring_sparse20": 44.0, "coordination_ring_potter0_20": 0.1, "bottleneck_sparse20": 0.0, "bottleneck_potter0_20": 1.0}
[pair_E] {"steps": 1517568, "elapsed_s": 1193.1, "coordination_ring_sparse20": 39.0, "coordination_ring_potter0_20": 0.25, "bottleneck_sparse20": 0.0, "bottleneck_potter0_20": 1.0}
[pair_E] {"steps": 1519616, "elapsed_s": 1194.7, "coordination_ring_sparse20": 41.0, "coordination_ring_potter0_20": 0.25, "bottleneck_sparse20": 0.0, "bottleneck_potter0_20": 1.0}
[pair_E] {"steps": 1521664, "elapsed_s": 1196.2, "coordination_ring_sparse20": 37.0, "coordination_ring_potter0_20": 0.25, "bottleneck_sparse20": 0.0, "bottleneck_potter0_20": 1.0}
[pair_E] {"steps": 1523712, "elapsed_s": 1198.1, "coordination_ring_sparse20": 32.0, "coordination_ring_potter0_20": 0.25, "bottleneck_sparse20": 0.0, "bottleneck_potter0_20": 1.0}
[pair_E] {"steps": 1525760, "elapsed_s": 1199.8, "coordination_ring_sparse20": 32.0, "coordination_ring_potter0_20": 0.2, "bottleneck_sparse20": 0.0, "bottleneck_potter0_20": 1.0}
[pair_E] {"steps": 1527808, "elapsed_s": 1201.4, "coordination_ring_sparse20": 32.0, "coordination_ring_potter0_20": 0.2, "bottleneck_sparse20": 0.0, "bottleneck_potter0_20": 1.0}
[pair_E] {"steps": 1529856, "elapsed_s": 1202.9, "coordination_ring_sparse20": 39.0, "coordination_ring_potter0_20": 0.2, "bottleneck_sparse20": 0.0, "bottleneck_potter0_20": 1.0}
[pair_E] {"steps": 1531904, "elapsed_s": 1204.3, "coordination_ring_sparse20": 46.0, "coordination_ring_potter0_20": 0.15, "bottleneck_sparse20": 0.0, "bottleneck_potter0_20": 1.0}
[pair_E] {"steps": 1533952, "elapsed_s": 1205.8, "coordination_ring_sparse20": 46.0, "coordination_ring_potter0_20": 0.1, "bottleneck_sparse20": 0.0, "bottleneck_potter0_20": 1.0}
[pair_E] {"steps": 1536000, "elapsed_s": 1207.3, "coordination_ring_sparse20": 46.0, "coordination_ring_potter0_20": 0.1, "bottleneck_sparse20": 0.0, "bottleneck_potter0_20": 1.0}
[pair_E] {"steps": 1538048, "elapsed_s": 1208.8, "coordination_ring_sparse20": 46.0, "coordination_ring_potter0_20": 0.1, "bottleneck_sparse20": 0.0, "bottleneck_potter0_20": 1.0}
[pair_E] {"steps": 1540096, "elapsed_s": 1210.3, "coordination_ring_sparse20": 44.0, "coordination_ring_potter0_20": 0.1, "bottleneck_sparse20": 0.0, "bottleneck_potter0_20": 1.0}
[pair_E] {"steps": 1542144, "elapsed_s": 1211.9, "coordination_ring_sparse20": 44.0, "coordination_ring_potter0_20": 0.1, "bottleneck_sparse20": 0.0, "bottleneck_potter0_20": 1.0}
[pair_E] {"steps": 1544192, "elapsed_s": 1213.6, "coordination_ring_sparse20": 43.0, "coordination_ring_potter0_20": 0.1, "bottleneck_sparse20": 0.0, "bottleneck_potter0_20": 1.0}
[pair_E] {"steps": 1546240, "elapsed_s": 1215.1, "coordination_ring_sparse20": 39.0, "coordination_ring_potter0_20": 0.15, "bottleneck_sparse20": 0.0, "bottleneck_potter0_20": 1.0}
[pair_E] {"steps": 1548288, "elapsed_s": 1216.7, "coordination_ring_sparse20": 44.0, "coordination_ring_potter0_20": 0.15, "bottleneck_sparse20": 0.0, "bottleneck_potter0_20": 1.0}
[pair_E] {"steps": 1550336, "elapsed_s": 1218.3, "coordination_ring_sparse20": 38.0, "coordination_ring_potter0_20": 0.1, "bottleneck_sparse20": 0.0, "bottleneck_potter0_20": 0.95}
[pair_E] {"steps": 1552384, "elapsed_s": 1219.7, "coordination_ring_sparse20": 42.0, "coordination_ring_potter0_20": 0.05, "bottleneck_sparse20": 0.0, "bottleneck_potter0_20": 0.95}
[pair_E] {"steps": 1554432, "elapsed_s": 1221.2, "coordination_ring_sparse20": 45.0, "coordination_ring_potter0_20": 0.05, "bottleneck_sparse20": 0.0, "bottleneck_potter0_20": 0.95}
[pair_E] {"steps": 1556480, "elapsed_s": 1222.6, "coordination_ring_sparse20": 45.0, "coordination_ring_potter0_20": 0.05, "bottleneck_sparse20": 0.0, "bottleneck_potter0_20": 0.95}
[pair_E] {"steps": 1558528, "elapsed_s": 1224.4, "coordination_ring_sparse20": 45.0, "coordination_ring_potter0_20": 0.05, "bottleneck_sparse20": 0.0, "bottleneck_potter0_20": 0.95}
[pair_E] {"steps": 1560576, "elapsed_s": 1225.9, "coordination_ring_sparse20": 41.0, "coordination_ring_potter0_20": 0.05, "bottleneck_sparse20": 0.0, "bottleneck_potter0_20": 0.95}
[pair_E] {"steps": 1562624, "elapsed_s": 1227.4, "coordination_ring_sparse20": 41.0, "coordination_ring_potter0_20": 0.0, "bottleneck_sparse20": 0.0, "bottleneck_potter0_20": 0.95}
[pair_E] {"steps": 1564672, "elapsed_s": 1228.8, "coordination_ring_sparse20": 45.0, "coordination_ring_potter0_20": 0.0, "bottleneck_sparse20": 0.0, "bottleneck_potter0_20": 0.95}
[pair_E] {"steps": 1566720, "elapsed_s": 1230.5, "coordination_ring_sparse20": 46.0, "coordination_ring_potter0_20": 0.0, "bottleneck_sparse20": 0.0, "bottleneck_potter0_20": 0.95}
[pair_E] {"steps": 1568768, "elapsed_s": 1232.1, "coordination_ring_sparse20": 50.0, "coordination_ring_potter0_20": 0.0, "bottleneck_sparse20": 0.0, "bottleneck_potter0_20": 1.0}
[pair_E] {"steps": 1570816, "elapsed_s": 1233.6, "coordination_ring_sparse20": 50.0, "coordination_ring_potter0_20": 0.0, "bottleneck_sparse20": 0.0, "bottleneck_potter0_20": 1.0}
[pair_E] {"steps": 1572864, "elapsed_s": 1235.2, "coordination_ring_sparse20": 53.0, "coordination_ring_potter0_20": 0.0, "bottleneck_sparse20": 0.0, "bottleneck_potter0_20": 1.0}
[pair_E] {"steps": 1574912, "elapsed_s": 1236.7, "coordination_ring_sparse20": 50.0, "coordination_ring_potter0_20": 0.0, "bottleneck_sparse20": 0.0, "bottleneck_potter0_20": 1.0}
[pair_E] {"steps": 1576960, "elapsed_s": 1238.2, "coordination_ring_sparse20": 52.0, "coordination_ring_potter0_20": 0.0, "bottleneck_sparse20": 0.0, "bottleneck_potter0_20": 1.0}
[pair_E] {"steps": 1579008, "elapsed_s": 1239.8, "coordination_ring_sparse20": 52.0, "coordination_ring_potter0_20": 0.0, "bottleneck_sparse20": 0.0, "bottleneck_potter0_20": 1.0}
[pair_E] {"steps": 1581056, "elapsed_s": 1241.7, "coordination_ring_sparse20": 48.0, "coordination_ring_potter0_20": 0.0, "bottleneck_sparse20": 0.0, "bottleneck_potter0_20": 1.0}
[pair_E] {"steps": 1583104, "elapsed_s": 1243.5, "coordination_ring_sparse20": 50.0, "coordination_ring_potter0_20": 0.0, "bottleneck_sparse20": 0.0, "bottleneck_potter0_20": 1.0}
[pair_E] {"steps": 1585152, "elapsed_s": 1245.0, "coordination_ring_sparse20": 52.0, "coordination_ring_potter0_20": 0.0, "bottleneck_sparse20": 0.0, "bottleneck_potter0_20": 1.0}
[pair_E] {"steps": 1587200, "elapsed_s": 1246.5, "coordination_ring_sparse20": 54.0, "coordination_ring_potter0_20": 0.0, "bottleneck_sparse20": 0.0, "bottleneck_potter0_20": 1.0}
[pair_E] {"steps": 1589248, "elapsed_s": 1248.0, "coordination_ring_sparse20": 54.0, "coordination_ring_potter0_20": 0.0, "bottleneck_sparse20": 0.0, "bottleneck_potter0_20": 1.0}
[pair_E] {"steps": 1591296, "elapsed_s": 1249.5, "coordination_ring_sparse20": 51.0, "coordination_ring_potter0_20": 0.0, "bottleneck_sparse20": 0.0, "bottleneck_potter0_20": 1.0}
[pair_E] {"steps": 1593344, "elapsed_s": 1251.1, "coordination_ring_sparse20": 51.0, "coordination_ring_potter0_20": 0.0, "bottleneck_sparse20": 0.0, "bottleneck_potter0_20": 1.0}
[pair_E] {"steps": 1595392, "elapsed_s": 1252.6, "coordination_ring_sparse20": 51.0, "coordination_ring_potter0_20": 0.0, "bottleneck_sparse20": 0.0, "bottleneck_potter0_20": 1.0}
[pair_E] {"steps": 1597440, "elapsed_s": 1254.2, "coordination_ring_sparse20": 48.0, "coordination_ring_potter0_20": 0.0, "bottleneck_sparse20": 0.0, "bottleneck_potter0_20": 0.95}
[pair_E] {"steps": 1599488, "elapsed_s": 1255.7, "coordination_ring_sparse20": 49.0, "coordination_ring_potter0_20": 0.0, "bottleneck_sparse20": 0.0, "bottleneck_potter0_20": 0.95}
[pair_E] {"steps": 1601536, "elapsed_s": 1257.4, "coordination_ring_sparse20": 46.0, "coordination_ring_potter0_20": 0.0, "bottleneck_sparse20": 0.0, "bottleneck_potter0_20": 0.95}
[pair_E] {"steps": 1603584, "elapsed_s": 1259.0, "coordination_ring_sparse20": 40.0, "coordination_ring_potter0_20": 0.0, "bottleneck_sparse20": 0.0, "bottleneck_potter0_20": 0.95}
[pair_E] {"steps": 1605632, "elapsed_s": 1260.6, "coordination_ring_sparse20": 37.0, "coordination_ring_potter0_20": 0.0, "bottleneck_sparse20": 0.0, "bottleneck_potter0_20": 0.95}
[pair_E] {"steps": 1607680, "elapsed_s": 1262.3, "coordination_ring_sparse20": 37.0, "coordination_ring_potter0_20": 0.0, "bottleneck_sparse20": 0.0, "bottleneck_potter0_20": 0.95}
[pair_E] {"steps": 1609728, "elapsed_s": 1264.0, "coordination_ring_sparse20": 34.0, "coordination_ring_potter0_20": 0.0, "bottleneck_sparse20": 0.0, "bottleneck_potter0_20": 0.95}
[pair_E] {"steps": 1611776, "elapsed_s": 1265.5, "coordination_ring_sparse20": 35.0, "coordination_ring_potter0_20": 0.0, "bottleneck_sparse20": 0.0, "bottleneck_potter0_20": 1.0}
[pair_E] {"steps": 1613824, "elapsed_s": 1267.0, "coordination_ring_sparse20": 36.0, "coordination_ring_potter0_20": 0.0, "bottleneck_sparse20": 0.0, "bottleneck_potter0_20": 0.95}
[pair_E] {"steps": 1615872, "elapsed_s": 1268.7, "coordination_ring_sparse20": 33.0, "coordination_ring_potter0_20": 0.0, "bottleneck_sparse20": 0.0, "bottleneck_potter0_20": 0.95}
[pair_E] {"steps": 1617920, "elapsed_s": 1270.3, "coordination_ring_sparse20": 30.0, "coordination_ring_potter0_20": 0.0, "bottleneck_sparse20": 0.0, "bottleneck_potter0_20": 0.95}
[pair_E] {"steps": 1619968, "elapsed_s": 1272.0, "coordination_ring_sparse20": 31.0, "coordination_ring_potter0_20": 0.0, "bottleneck_sparse20": 0.0, "bottleneck_potter0_20": 0.95}
[pair_E] {"steps": 1622016, "elapsed_s": 1273.4, "coordination_ring_sparse20": 31.0, "coordination_ring_potter0_20": 0.0, "bottleneck_sparse20": 0.0, "bottleneck_potter0_20": 0.95}
[pair_E] {"steps": 1624064, "elapsed_s": 1274.9, "coordination_ring_sparse20": 33.0, "coordination_ring_potter0_20": 0.0, "bottleneck_sparse20": 0.0, "bottleneck_potter0_20": 0.95}
[pair_E] {"steps": 1626112, "elapsed_s": 1276.4, "coordination_ring_sparse20": 35.0, "coordination_ring_potter0_20": 0.0, "bottleneck_sparse20": 0.0, "bottleneck_potter0_20": 0.95}
[pair_E] {"steps": 1628160, "elapsed_s": 1277.9, "coordination_ring_sparse20": 34.0, "coordination_ring_potter0_20": 0.0, "bottleneck_sparse20": 0.0, "bottleneck_potter0_20": 0.95}
[pair_E] {"steps": 1630208, "elapsed_s": 1279.4, "coordination_ring_sparse20": 36.0, "coordination_ring_potter0_20": 0.0, "bottleneck_sparse20": 0.0, "bottleneck_potter0_20": 1.0}
[pair_E] {"steps": 1632256, "elapsed_s": 1280.9, "coordination_ring_sparse20": 36.0, "coordination_ring_potter0_20": 0.0, "bottleneck_sparse20": 0.0, "bottleneck_potter0_20": 1.0}
[pair_E] {"steps": 1634304, "elapsed_s": 1282.4, "coordination_ring_sparse20": 39.0, "coordination_ring_potter0_20": 0.05, "bottleneck_sparse20": 0.0, "bottleneck_potter0_20": 1.0}
[pair_E] {"steps": 1636352, "elapsed_s": 1284.1, "coordination_ring_sparse20": 45.0, "coordination_ring_potter0_20": 0.05, "bottleneck_sparse20": 0.0, "bottleneck_potter0_20": 1.0}
[pair_E] {"steps": 1638400, "elapsed_s": 1285.7, "coordination_ring_sparse20": 49.0, "coordination_ring_potter0_20": 0.05, "bottleneck_sparse20": 0.0, "bottleneck_potter0_20": 1.0}
[pair_E] {"steps": 1640448, "elapsed_s": 1287.2, "coordination_ring_sparse20": 54.0, "coordination_ring_potter0_20": 0.05, "bottleneck_sparse20": 0.0, "bottleneck_potter0_20": 1.0}
[pair_E] {"steps": 1642496, "elapsed_s": 1288.7, "coordination_ring_sparse20": 51.0, "coordination_ring_potter0_20": 0.05, "bottleneck_sparse20": 0.0, "bottleneck_potter0_20": 1.0}
[pair_E] {"steps": 1644544, "elapsed_s": 1290.6, "coordination_ring_sparse20": 51.0, "coordination_ring_potter0_20": 0.05, "bottleneck_sparse20": 0.0, "bottleneck_potter0_20": 1.0}
[pair_E] {"steps": 1646592, "elapsed_s": 1292.4, "coordination_ring_sparse20": 52.0, "coordination_ring_potter0_20": 0.1, "bottleneck_sparse20": 0.0, "bottleneck_potter0_20": 1.0}
[pair_E] {"steps": 1648640, "elapsed_s": 1293.9, "coordination_ring_sparse20": 49.0, "coordination_ring_potter0_20": 0.15, "bottleneck_sparse20": 0.0, "bottleneck_potter0_20": 1.0}
[pair_E] {"steps": 1650688, "elapsed_s": 1295.4, "coordination_ring_sparse20": 49.0, "coordination_ring_potter0_20": 0.2, "bottleneck_sparse20": 0.0, "bottleneck_potter0_20": 1.0}
[pair_E] {"steps": 1652736, "elapsed_s": 1296.9, "coordination_ring_sparse20": 51.0, "coordination_ring_potter0_20": 0.2, "bottleneck_sparse20": 0.0, "bottleneck_potter0_20": 1.0}
[pair_E] {"steps": 1654784, "elapsed_s": 1298.4, "coordination_ring_sparse20": 46.0, "coordination_ring_potter0_20": 0.2, "bottleneck_sparse20": 0.0, "bottleneck_potter0_20": 1.0}
[pair_E] {"steps": 1656832, "elapsed_s": 1299.9, "coordination_ring_sparse20": 48.0, "coordination_ring_potter0_20": 0.2, "bottleneck_sparse20": 0.0, "bottleneck_potter0_20": 1.0}
[pair_E] {"steps": 1658880, "elapsed_s": 1301.4, "coordination_ring_sparse20": 48.0, "coordination_ring_potter0_20": 0.2, "bottleneck_sparse20": 0.0, "bottleneck_potter0_20": 1.0}
[pair_E] {"steps": 1660928, "elapsed_s": 1302.8, "coordination_ring_sparse20": 51.0, "coordination_ring_potter0_20": 0.1, "bottleneck_sparse20": 0.0, "bottleneck_potter0_20": 1.0}
[pair_E] {"steps": 1662976, "elapsed_s": 1304.3, "coordination_ring_sparse20": 49.0, "coordination_ring_potter0_20": 0.05, "bottleneck_sparse20": 0.0, "bottleneck_potter0_20": 1.0}
[pair_E] {"steps": 1665024, "elapsed_s": 1305.9, "coordination_ring_sparse20": 53.0, "coordination_ring_potter0_20": 0.0, "bottleneck_sparse20": 0.0, "bottleneck_potter0_20": 1.0}
[pair_E] {"steps": 1667072, "elapsed_s": 1307.8, "coordination_ring_sparse20": 52.0, "coordination_ring_potter0_20": 0.0, "bottleneck_sparse20": 0.0, "bottleneck_potter0_20": 1.0}
[pair_E] {"steps": 1669120, "elapsed_s": 1309.4, "coordination_ring_sparse20": 53.0, "coordination_ring_potter0_20": 0.0, "bottleneck_sparse20": 0.0, "bottleneck_potter0_20": 0.95}
[pair_E] {"steps": 1671168, "elapsed_s": 1311.1, "coordination_ring_sparse20": 54.0, "coordination_ring_potter0_20": 0.0, "bottleneck_sparse20": 0.0, "bottleneck_potter0_20": 0.95}
[pair_E] {"steps": 1673216, "elapsed_s": 1312.8, "coordination_ring_sparse20": 52.0, "coordination_ring_potter0_20": 0.0, "bottleneck_sparse20": 0.0, "bottleneck_potter0_20": 0.95}
[pair_E] {"steps": 1675264, "elapsed_s": 1314.5, "coordination_ring_sparse20": 51.0, "coordination_ring_potter0_20": 0.0, "bottleneck_sparse20": 0.0, "bottleneck_potter0_20": 0.95}
[pair_E] {"steps": 1677312, "elapsed_s": 1316.0, "coordination_ring_sparse20": 47.0, "coordination_ring_potter0_20": 0.0, "bottleneck_sparse20": 0.0, "bottleneck_potter0_20": 0.95}
[pair_E] {"steps": 1679360, "elapsed_s": 1317.4, "coordination_ring_sparse20": 42.0, "coordination_ring_potter0_20": 0.0, "bottleneck_sparse20": 0.0, "bottleneck_potter0_20": 0.95}
[pair_E] {"steps": 1681408, "elapsed_s": 1318.9, "coordination_ring_sparse20": 44.0, "coordination_ring_potter0_20": 0.0, "bottleneck_sparse20": 0.0, "bottleneck_potter0_20": 0.9}
[pair_E] {"steps": 1683456, "elapsed_s": 1320.5, "coordination_ring_sparse20": 48.0, "coordination_ring_potter0_20": 0.0, "bottleneck_sparse20": 0.0, "bottleneck_potter0_20": 0.95}
[pair_E] {"steps": 1685504, "elapsed_s": 1322.0, "coordination_ring_sparse20": 45.0, "coordination_ring_potter0_20": 0.0, "bottleneck_sparse20": 0.0, "bottleneck_potter0_20": 0.95}
[pair_E] {"steps": 1687552, "elapsed_s": 1323.5, "coordination_ring_sparse20": 44.0, "coordination_ring_potter0_20": 0.0, "bottleneck_sparse20": 0.0, "bottleneck_potter0_20": 0.95}
[pair_E] {"steps": 1689600, "elapsed_s": 1325.0, "coordination_ring_sparse20": 41.0, "coordination_ring_potter0_20": 0.05, "bottleneck_sparse20": 0.0, "bottleneck_potter0_20": 0.95}
[pair_E] {"steps": 1691648, "elapsed_s": 1326.5, "coordination_ring_sparse20": 39.0, "coordination_ring_potter0_20": 0.1, "bottleneck_sparse20": 0.0, "bottleneck_potter0_20": 0.95}
[pair_E] {"steps": 1693696, "elapsed_s": 1328.4, "coordination_ring_sparse20": 42.0, "coordination_ring_potter0_20": 0.15, "bottleneck_sparse20": 0.0, "bottleneck_potter0_20": 0.95}
[pair_E] {"steps": 1695744, "elapsed_s": 1330.1, "coordination_ring_sparse20": 45.0, "coordination_ring_potter0_20": 0.15, "bottleneck_sparse20": 0.0, "bottleneck_potter0_20": 0.95}
[pair_E] {"steps": 1697792, "elapsed_s": 1331.6, "coordination_ring_sparse20": 41.0, "coordination_ring_potter0_20": 0.15, "bottleneck_sparse20": 0.0, "bottleneck_potter0_20": 1.0}
[pair_E] {"steps": 1699840, "elapsed_s": 1333.4, "coordination_ring_sparse20": 39.0, "coordination_ring_potter0_20": 0.15, "bottleneck_sparse20": 0.0, "bottleneck_potter0_20": 1.0}
[pair_E] {"steps": 1701888, "elapsed_s": 1334.9, "coordination_ring_sparse20": 38.0, "coordination_ring_potter0_20": 0.2, "bottleneck_sparse20": 0.0, "bottleneck_potter0_20": 1.0}
[pair_E] {"steps": 1703936, "elapsed_s": 1336.3, "coordination_ring_sparse20": 39.0, "coordination_ring_potter0_20": 0.2, "bottleneck_sparse20": 0.0, "bottleneck_potter0_20": 1.0}
[pair_E] {"steps": 1705984, "elapsed_s": 1337.9, "coordination_ring_sparse20": 35.0, "coordination_ring_potter0_20": 0.15, "bottleneck_sparse20": 0.0, "bottleneck_potter0_20": 1.0}
[pair_E] {"steps": 1708032, "elapsed_s": 1339.5, "coordination_ring_sparse20": 35.0, "coordination_ring_potter0_20": 0.1, "bottleneck_sparse20": 0.0, "bottleneck_potter0_20": 1.0}
[pair_E] {"steps": 1710080, "elapsed_s": 1341.0, "coordination_ring_sparse20": 35.0, "coordination_ring_potter0_20": 0.15, "bottleneck_sparse20": 0.0, "bottleneck_potter0_20": 1.0}
[pair_E] {"steps": 1712128, "elapsed_s": 1342.5, "coordination_ring_sparse20": 34.0, "coordination_ring_potter0_20": 0.15, "bottleneck_sparse20": 0.0, "bottleneck_potter0_20": 1.0}
[pair_E] {"steps": 1714176, "elapsed_s": 1343.9, "coordination_ring_sparse20": 30.0, "coordination_ring_potter0_20": 0.15, "bottleneck_sparse20": 0.0, "bottleneck_potter0_20": 1.0}
[pair_E] {"steps": 1716224, "elapsed_s": 1345.4, "coordination_ring_sparse20": 32.0, "coordination_ring_potter0_20": 0.1, "bottleneck_sparse20": 0.0, "bottleneck_potter0_20": 1.0}
[pair_E] {"steps": 1718272, "elapsed_s": 1346.9, "coordination_ring_sparse20": 30.0, "coordination_ring_potter0_20": 0.1, "bottleneck_sparse20": 0.0, "bottleneck_potter0_20": 1.0}
[pair_E] {"steps": 1720320, "elapsed_s": 1348.4, "coordination_ring_sparse20": 27.0, "coordination_ring_potter0_20": 0.1, "bottleneck_sparse20": 0.0, "bottleneck_potter0_20": 1.0}
[pair_E] {"steps": 1722368, "elapsed_s": 1349.9, "coordination_ring_sparse20": 26.0, "coordination_ring_potter0_20": 0.1, "bottleneck_sparse20": 0.0, "bottleneck_potter0_20": 1.0}
[pair_E] {"steps": 1724416, "elapsed_s": 1351.4, "coordination_ring_sparse20": 29.0, "coordination_ring_potter0_20": 0.05, "bottleneck_sparse20": 0.0, "bottleneck_potter0_20": 1.0}
[pair_E] {"steps": 1726464, "elapsed_s": 1353.0, "coordination_ring_sparse20": 29.0, "coordination_ring_potter0_20": 0.1, "bottleneck_sparse20": 0.0, "bottleneck_potter0_20": 1.0}
[pair_E] {"steps": 1728512, "elapsed_s": 1354.5, "coordination_ring_sparse20": 29.0, "coordination_ring_potter0_20": 0.1, "bottleneck_sparse20": 0.0, "bottleneck_potter0_20": 1.0}
[pair_E] {"steps": 1730560, "elapsed_s": 1356.1, "coordination_ring_sparse20": 28.0, "coordination_ring_potter0_20": 0.1, "bottleneck_sparse20": 0.0, "bottleneck_potter0_20": 1.0}
[pair_E] {"steps": 1732608, "elapsed_s": 1357.7, "coordination_ring_sparse20": 29.0, "coordination_ring_potter0_20": 0.1, "bottleneck_sparse20": 0.0, "bottleneck_potter0_20": 1.0}
[pair_E] {"steps": 1734656, "elapsed_s": 1359.3, "coordination_ring_sparse20": 26.0, "coordination_ring_potter0_20": 0.15, "bottleneck_sparse20": 0.0, "bottleneck_potter0_20": 1.0}
[pair_E] {"steps": 1736704, "elapsed_s": 1360.8, "coordination_ring_sparse20": 31.0, "coordination_ring_potter0_20": 0.2, "bottleneck_sparse20": 0.0, "bottleneck_potter0_20": 1.0}
[pair_E] {"steps": 1738752, "elapsed_s": 1362.3, "coordination_ring_sparse20": 31.0, "coordination_ring_potter0_20": 0.2, "bottleneck_sparse20": 0.0, "bottleneck_potter0_20": 1.0}
[pair_E] {"steps": 1740800, "elapsed_s": 1363.8, "coordination_ring_sparse20": 30.0, "coordination_ring_potter0_20": 0.2, "bottleneck_sparse20": 0.0, "bottleneck_potter0_20": 1.0}
[pair_E] {"steps": 1742848, "elapsed_s": 1365.4, "coordination_ring_sparse20": 27.0, "coordination_ring_potter0_20": 0.15, "bottleneck_sparse20": 0.0, "bottleneck_potter0_20": 1.0}
[pair_E] {"steps": 1744896, "elapsed_s": 1366.9, "coordination_ring_sparse20": 27.0, "coordination_ring_potter0_20": 0.15, "bottleneck_sparse20": 0.0, "bottleneck_potter0_20": 1.0}
[pair_E] {"steps": 1746944, "elapsed_s": 1368.4, "coordination_ring_sparse20": 28.0, "coordination_ring_potter0_20": 0.15, "bottleneck_sparse20": 0.0, "bottleneck_potter0_20": 1.0}
[pair_E] {"steps": 1748992, "elapsed_s": 1369.9, "coordination_ring_sparse20": 29.0, "coordination_ring_potter0_20": 0.15, "bottleneck_sparse20": 0.0, "bottleneck_potter0_20": 1.0}
[pair_E] {"steps": 1751040, "elapsed_s": 1371.6, "coordination_ring_sparse20": 32.0, "coordination_ring_potter0_20": 0.15, "bottleneck_sparse20": 0.0, "bottleneck_potter0_20": 1.0}
[pair_E] {"steps": 1753088, "elapsed_s": 1373.1, "coordination_ring_sparse20": 39.0, "coordination_ring_potter0_20": 0.05, "bottleneck_sparse20": 0.0, "bottleneck_potter0_20": 1.0}
[pair_E] {"steps": 1755136, "elapsed_s": 1374.7, "coordination_ring_sparse20": 39.0, "coordination_ring_potter0_20": 0.05, "bottleneck_sparse20": 0.0, "bottleneck_potter0_20": 1.0}
[pair_E] {"steps": 1757184, "elapsed_s": 1376.2, "coordination_ring_sparse20": 42.0, "coordination_ring_potter0_20": 0.0, "bottleneck_sparse20": 0.0, "bottleneck_potter0_20": 1.0}
[pair_E] {"steps": 1759232, "elapsed_s": 1377.7, "coordination_ring_sparse20": 46.0, "coordination_ring_potter0_20": 0.0, "bottleneck_sparse20": 0.0, "bottleneck_potter0_20": 1.0}
[pair_E] {"steps": 1761280, "elapsed_s": 1379.6, "coordination_ring_sparse20": 49.0, "coordination_ring_potter0_20": 0.05, "bottleneck_sparse20": 0.0, "bottleneck_potter0_20": 1.0}
[pair_E] {"steps": 1763328, "elapsed_s": 1381.4, "coordination_ring_sparse20": 52.0, "coordination_ring_potter0_20": 0.05, "bottleneck_sparse20": 0.0, "bottleneck_potter0_20": 1.0}
[pair_E] {"steps": 1765376, "elapsed_s": 1382.9, "coordination_ring_sparse20": 52.0, "coordination_ring_potter0_20": 0.05, "bottleneck_sparse20": 0.0, "bottleneck_potter0_20": 1.0}
[pair_E] {"steps": 1767424, "elapsed_s": 1384.3, "coordination_ring_sparse20": 50.0, "coordination_ring_potter0_20": 0.05, "bottleneck_sparse20": 0.0, "bottleneck_potter0_20": 1.0}
[pair_E] {"steps": 1769472, "elapsed_s": 1385.9, "coordination_ring_sparse20": 51.0, "coordination_ring_potter0_20": 0.05, "bottleneck_sparse20": 0.0, "bottleneck_potter0_20": 1.0}
[pair_E] {"steps": 1771520, "elapsed_s": 1387.3, "coordination_ring_sparse20": 51.0, "coordination_ring_potter0_20": 0.1, "bottleneck_sparse20": 0.0, "bottleneck_potter0_20": 1.0}
[pair_E] {"steps": 1773568, "elapsed_s": 1388.8, "coordination_ring_sparse20": 51.0, "coordination_ring_potter0_20": 0.15, "bottleneck_sparse20": 0.0, "bottleneck_potter0_20": 1.0}
[pair_E] {"steps": 1775616, "elapsed_s": 1390.5, "coordination_ring_sparse20": 44.0, "coordination_ring_potter0_20": 0.2, "bottleneck_sparse20": 0.0, "bottleneck_potter0_20": 1.0}
[pair_E] {"steps": 1777664, "elapsed_s": 1392.0, "coordination_ring_sparse20": 41.0, "coordination_ring_potter0_20": 0.2, "bottleneck_sparse20": 0.0, "bottleneck_potter0_20": 1.0}
[pair_E] {"steps": 1779712, "elapsed_s": 1393.6, "coordination_ring_sparse20": 39.0, "coordination_ring_potter0_20": 0.15, "bottleneck_sparse20": 0.0, "bottleneck_potter0_20": 1.0}
[pair_E] {"steps": 1781760, "elapsed_s": 1395.1, "coordination_ring_sparse20": 39.0, "coordination_ring_potter0_20": 0.15, "bottleneck_sparse20": 0.0, "bottleneck_potter0_20": 1.0}
[pair_E] {"steps": 1783808, "elapsed_s": 1396.6, "coordination_ring_sparse20": 39.0, "coordination_ring_potter0_20": 0.15, "bottleneck_sparse20": 0.0, "bottleneck_potter0_20": 1.0}
[pair_E] {"steps": 1785856, "elapsed_s": 1398.2, "coordination_ring_sparse20": 39.0, "coordination_ring_potter0_20": 0.15, "bottleneck_sparse20": 0.0, "bottleneck_potter0_20": 1.0}
[pair_E] {"steps": 1787904, "elapsed_s": 1399.7, "coordination_ring_sparse20": 37.0, "coordination_ring_potter0_20": 0.1, "bottleneck_sparse20": 0.0, "bottleneck_potter0_20": 1.0}
[pair_E] {"steps": 1789952, "elapsed_s": 1401.2, "coordination_ring_sparse20": 34.0, "coordination_ring_potter0_20": 0.1, "bottleneck_sparse20": 0.0, "bottleneck_potter0_20": 1.0}
[pair_E] {"steps": 1792000, "elapsed_s": 1402.8, "coordination_ring_sparse20": 43.0, "coordination_ring_potter0_20": 0.05, "bottleneck_sparse20": 0.0, "bottleneck_potter0_20": 1.0}
[pair_E] {"steps": 1794048, "elapsed_s": 1404.3, "coordination_ring_sparse20": 46.0, "coordination_ring_potter0_20": 0.1, "bottleneck_sparse20": 0.0, "bottleneck_potter0_20": 1.0}
[pair_E] {"steps": 1796096, "elapsed_s": 1405.8, "coordination_ring_sparse20": 53.0, "coordination_ring_potter0_20": 0.1, "bottleneck_sparse20": 0.0, "bottleneck_potter0_20": 1.0}
[pair_E] {"steps": 1798144, "elapsed_s": 1407.5, "coordination_ring_sparse20": 52.0, "coordination_ring_potter0_20": 0.1, "bottleneck_sparse20": 0.0, "bottleneck_potter0_20": 1.0}
[pair_E] {"steps": 1800192, "elapsed_s": 1409.3, "coordination_ring_sparse20": 56.0, "coordination_ring_potter0_20": 0.1, "bottleneck_sparse20": 0.0, "bottleneck_potter0_20": 1.0}
[pair_E] {"steps": 1802240, "elapsed_s": 1410.8, "coordination_ring_sparse20": 58.0, "coordination_ring_potter0_20": 0.05, "bottleneck_sparse20": 0.0, "bottleneck_potter0_20": 1.0}
[pair_E] {"steps": 1804288, "elapsed_s": 1412.3, "coordination_ring_sparse20": 53.0, "coordination_ring_potter0_20": 0.05, "bottleneck_sparse20": 0.0, "bottleneck_potter0_20": 1.0}
[pair_E] {"steps": 1806336, "elapsed_s": 1413.8, "coordination_ring_sparse20": 52.0, "coordination_ring_potter0_20": 0.05, "bottleneck_sparse20": 0.0, "bottleneck_potter0_20": 1.0}
[pair_E] {"steps": 1808384, "elapsed_s": 1415.4, "coordination_ring_sparse20": 58.0, "coordination_ring_potter0_20": 0.0, "bottleneck_sparse20": 0.0, "bottleneck_potter0_20": 1.0}
[pair_E] {"steps": 1810432, "elapsed_s": 1416.9, "coordination_ring_sparse20": 59.0, "coordination_ring_potter0_20": 0.0, "bottleneck_sparse20": 0.0, "bottleneck_potter0_20": 1.0}
[pair_E] {"steps": 1812480, "elapsed_s": 1418.5, "coordination_ring_sparse20": 60.0, "coordination_ring_potter0_20": 0.05, "bottleneck_sparse20": 0.0, "bottleneck_potter0_20": 1.0}
[pair_E] {"steps": 1814528, "elapsed_s": 1420.1, "coordination_ring_sparse20": 65.0, "coordination_ring_potter0_20": 0.05, "bottleneck_sparse20": 0.0, "bottleneck_potter0_20": 1.0}
[pair_E] {"steps": 1816576, "elapsed_s": 1421.6, "coordination_ring_sparse20": 64.0, "coordination_ring_potter0_20": 0.05, "bottleneck_sparse20": 0.0, "bottleneck_potter0_20": 1.0}
[pair_E] {"steps": 1818624, "elapsed_s": 1423.1, "coordination_ring_sparse20": 65.0, "coordination_ring_potter0_20": 0.05, "bottleneck_sparse20": 0.0, "bottleneck_potter0_20": 1.0}
[pair_E] {"steps": 1820672, "elapsed_s": 1424.7, "coordination_ring_sparse20": 65.0, "coordination_ring_potter0_20": 0.05, "bottleneck_sparse20": 0.0, "bottleneck_potter0_20": 0.95}
[pair_E] {"steps": 1822720, "elapsed_s": 1426.1, "coordination_ring_sparse20": 66.0, "coordination_ring_potter0_20": 0.05, "bottleneck_sparse20": 0.0, "bottleneck_potter0_20": 0.95}
[pair_E] {"steps": 1824768, "elapsed_s": 1427.9, "coordination_ring_sparse20": 65.0, "coordination_ring_potter0_20": 0.05, "bottleneck_sparse20": 0.0, "bottleneck_potter0_20": 0.95}
[pair_E] {"steps": 1826816, "elapsed_s": 1430.1, "coordination_ring_sparse20": 59.0, "coordination_ring_potter0_20": 0.05, "bottleneck_sparse20": 0.0, "bottleneck_potter0_20": 0.95}
[pair_E] {"steps": 1828864, "elapsed_s": 1432.1, "coordination_ring_sparse20": 56.0, "coordination_ring_potter0_20": 0.0, "bottleneck_sparse20": 0.0, "bottleneck_potter0_20": 0.9}
[pair_E] {"steps": 1830912, "elapsed_s": 1433.6, "coordination_ring_sparse20": 54.0, "coordination_ring_potter0_20": 0.05, "bottleneck_sparse20": 0.0, "bottleneck_potter0_20": 0.9}
[pair_E] {"steps": 1832960, "elapsed_s": 1435.4, "coordination_ring_sparse20": 53.0, "coordination_ring_potter0_20": 0.05, "bottleneck_sparse20": 0.0, "bottleneck_potter0_20": 0.9}
[pair_E] {"steps": 1835008, "elapsed_s": 1436.9, "coordination_ring_sparse20": 54.0, "coordination_ring_potter0_20": 0.05, "bottleneck_sparse20": 0.0, "bottleneck_potter0_20": 0.95}
[pair_E] {"steps": 1837056, "elapsed_s": 1438.4, "coordination_ring_sparse20": 51.0, "coordination_ring_potter0_20": 0.05, "bottleneck_sparse20": 0.0, "bottleneck_potter0_20": 0.95}
[pair_E] {"steps": 1839104, "elapsed_s": 1439.9, "coordination_ring_sparse20": 54.0, "coordination_ring_potter0_20": 0.05, "bottleneck_sparse20": 0.0, "bottleneck_potter0_20": 0.95}
[pair_E] {"steps": 1841152, "elapsed_s": 1441.4, "coordination_ring_sparse20": 59.0, "coordination_ring_potter0_20": 0.05, "bottleneck_sparse20": 0.0, "bottleneck_potter0_20": 0.95}
[pair_E] {"steps": 1843200, "elapsed_s": 1442.9, "coordination_ring_sparse20": 57.0, "coordination_ring_potter0_20": 0.1, "bottleneck_sparse20": 0.0, "bottleneck_potter0_20": 0.95}
[pair_E] {"steps": 1845248, "elapsed_s": 1444.3, "coordination_ring_sparse20": 61.0, "coordination_ring_potter0_20": 0.1, "bottleneck_sparse20": 0.0, "bottleneck_potter0_20": 0.95}
[pair_E] {"steps": 1847296, "elapsed_s": 1445.8, "coordination_ring_sparse20": 58.0, "coordination_ring_potter0_20": 0.1, "bottleneck_sparse20": 0.0, "bottleneck_potter0_20": 0.95}
[pair_E] {"steps": 1849344, "elapsed_s": 1447.2, "coordination_ring_sparse20": 58.0, "coordination_ring_potter0_20": 0.15, "bottleneck_sparse20": 0.0, "bottleneck_potter0_20": 1.0}
[pair_E] {"steps": 1851392, "elapsed_s": 1448.6, "coordination_ring_sparse20": 55.0, "coordination_ring_potter0_20": 0.2, "bottleneck_sparse20": 0.0, "bottleneck_potter0_20": 1.0}
[pair_E] {"steps": 1853440, "elapsed_s": 1450.0, "coordination_ring_sparse20": 55.0, "coordination_ring_potter0_20": 0.2, "bottleneck_sparse20": 0.0, "bottleneck_potter0_20": 0.95}
[pair_E] {"steps": 1855488, "elapsed_s": 1451.4, "coordination_ring_sparse20": 62.0, "coordination_ring_potter0_20": 0.2, "bottleneck_sparse20": 0.0, "bottleneck_potter0_20": 0.9}
[pair_E] {"steps": 1857536, "elapsed_s": 1452.8, "coordination_ring_sparse20": 61.0, "coordination_ring_potter0_20": 0.2, "bottleneck_sparse20": 0.0, "bottleneck_potter0_20": 0.9}
[pair_E] {"steps": 1859584, "elapsed_s": 1454.2, "coordination_ring_sparse20": 61.0, "coordination_ring_potter0_20": 0.2, "bottleneck_sparse20": 0.0, "bottleneck_potter0_20": 0.85}
[pair_E] {"steps": 1861632, "elapsed_s": 1455.7, "coordination_ring_sparse20": 60.0, "coordination_ring_potter0_20": 0.15, "bottleneck_sparse20": 0.0, "bottleneck_potter0_20": 0.85}
[pair_E] {"steps": 1863680, "elapsed_s": 1457.1, "coordination_ring_sparse20": 61.0, "coordination_ring_potter0_20": 0.15, "bottleneck_sparse20": 0.0, "bottleneck_potter0_20": 0.85}
[pair_E] {"steps": 1865728, "elapsed_s": 1458.5, "coordination_ring_sparse20": 63.0, "coordination_ring_potter0_20": 0.1, "bottleneck_sparse20": 0.0, "bottleneck_potter0_20": 0.85}
[pair_E] {"steps": 1867776, "elapsed_s": 1460.0, "coordination_ring_sparse20": 63.0, "coordination_ring_potter0_20": 0.05, "bottleneck_sparse20": 0.0, "bottleneck_potter0_20": 0.9}
[pair_E] {"steps": 1869824, "elapsed_s": 1461.4, "coordination_ring_sparse20": 60.0, "coordination_ring_potter0_20": 0.05, "bottleneck_sparse20": 0.0, "bottleneck_potter0_20": 0.95}
[pair_E] {"steps": 1871872, "elapsed_s": 1462.8, "coordination_ring_sparse20": 61.0, "coordination_ring_potter0_20": 0.05, "bottleneck_sparse20": 0.0, "bottleneck_potter0_20": 1.0}
[pair_E] {"steps": 1873920, "elapsed_s": 1464.2, "coordination_ring_sparse20": 58.0, "coordination_ring_potter0_20": 0.1, "bottleneck_sparse20": 0.0, "bottleneck_potter0_20": 1.0}
[pair_E] {"steps": 1875968, "elapsed_s": 1465.6, "coordination_ring_sparse20": 57.0, "coordination_ring_potter0_20": 0.05, "bottleneck_sparse20": 0.0, "bottleneck_potter0_20": 1.0}
[pair_E] {"steps": 1878016, "elapsed_s": 1467.0, "coordination_ring_sparse20": 56.0, "coordination_ring_potter0_20": 0.15, "bottleneck_sparse20": 0.0, "bottleneck_potter0_20": 1.0}
[pair_E] {"steps": 1880064, "elapsed_s": 1468.4, "coordination_ring_sparse20": 58.0, "coordination_ring_potter0_20": 0.15, "bottleneck_sparse20": 0.0, "bottleneck_potter0_20": 1.0}
[pair_E] {"steps": 1882112, "elapsed_s": 1469.8, "coordination_ring_sparse20": 65.0, "coordination_ring_potter0_20": 0.15, "bottleneck_sparse20": 0.0, "bottleneck_potter0_20": 0.95}
[pair_E] {"steps": 1884160, "elapsed_s": 1471.1, "coordination_ring_sparse20": 67.0, "coordination_ring_potter0_20": 0.15, "bottleneck_sparse20": 0.0, "bottleneck_potter0_20": 0.95}
[pair_E] {"steps": 1886208, "elapsed_s": 1472.5, "coordination_ring_sparse20": 68.0, "coordination_ring_potter0_20": 0.15, "bottleneck_sparse20": 0.0, "bottleneck_potter0_20": 0.95}
[pair_E] {"steps": 1888256, "elapsed_s": 1473.9, "coordination_ring_sparse20": 65.0, "coordination_ring_potter0_20": 0.15, "bottleneck_sparse20": 0.0, "bottleneck_potter0_20": 0.95}
[pair_E] {"steps": 1890304, "elapsed_s": 1475.2, "coordination_ring_sparse20": 65.0, "coordination_ring_potter0_20": 0.15, "bottleneck_sparse20": 0.0, "bottleneck_potter0_20": 0.95}
[pair_E] {"steps": 1892352, "elapsed_s": 1476.5, "coordination_ring_sparse20": 66.0, "coordination_ring_potter0_20": 0.1, "bottleneck_sparse20": 0.0, "bottleneck_potter0_20": 0.95}
[pair_E] {"steps": 1894400, "elapsed_s": 1477.9, "coordination_ring_sparse20": 64.0, "coordination_ring_potter0_20": 0.05, "bottleneck_sparse20": 0.0, "bottleneck_potter0_20": 0.95}
[pair_E] {"steps": 1896448, "elapsed_s": 1479.4, "coordination_ring_sparse20": 60.0, "coordination_ring_potter0_20": 0.05, "bottleneck_sparse20": 0.0, "bottleneck_potter0_20": 0.95}
[pair_E] {"steps": 1898496, "elapsed_s": 1480.8, "coordination_ring_sparse20": 59.0, "coordination_ring_potter0_20": 0.1, "bottleneck_sparse20": 0.0, "bottleneck_potter0_20": 1.0}
[pair_E] {"steps": 1900544, "elapsed_s": 1482.1, "coordination_ring_sparse20": 55.0, "coordination_ring_potter0_20": 0.1, "bottleneck_sparse20": 0.0, "bottleneck_potter0_20": 1.0}
[pair_E] {"steps": 1902592, "elapsed_s": 1483.6, "coordination_ring_sparse20": 55.0, "coordination_ring_potter0_20": 0.05, "bottleneck_sparse20": 0.0, "bottleneck_potter0_20": 1.0}
[pair_E] {"steps": 1904640, "elapsed_s": 1485.1, "coordination_ring_sparse20": 58.0, "coordination_ring_potter0_20": 0.15, "bottleneck_sparse20": 0.0, "bottleneck_potter0_20": 1.0}
[pair_E] {"steps": 1906688, "elapsed_s": 1486.5, "coordination_ring_sparse20": 57.0, "coordination_ring_potter0_20": 0.15, "bottleneck_sparse20": 0.0, "bottleneck_potter0_20": 1.0}
[pair_E] {"steps": 1908736, "elapsed_s": 1487.8, "coordination_ring_sparse20": 57.0, "coordination_ring_potter0_20": 0.15, "bottleneck_sparse20": 0.0, "bottleneck_potter0_20": 1.0}
[pair_E] {"steps": 1910784, "elapsed_s": 1489.2, "coordination_ring_sparse20": 56.0, "coordination_ring_potter0_20": 0.15, "bottleneck_sparse20": 0.0, "bottleneck_potter0_20": 1.0}
[pair_E] {"steps": 1912832, "elapsed_s": 1490.6, "coordination_ring_sparse20": 56.0, "coordination_ring_potter0_20": 0.2, "bottleneck_sparse20": 0.0, "bottleneck_potter0_20": 1.0}
[pair_E] {"steps": 1914880, "elapsed_s": 1491.9, "coordination_ring_sparse20": 55.0, "coordination_ring_potter0_20": 0.15, "bottleneck_sparse20": 0.0, "bottleneck_potter0_20": 1.0}
[pair_E] {"steps": 1916928, "elapsed_s": 1493.2, "coordination_ring_sparse20": 55.0, "coordination_ring_potter0_20": 0.15, "bottleneck_sparse20": 0.0, "bottleneck_potter0_20": 0.95}
[pair_E] {"steps": 1918976, "elapsed_s": 1494.6, "coordination_ring_sparse20": 59.0, "coordination_ring_potter0_20": 0.05, "bottleneck_sparse20": 0.0, "bottleneck_potter0_20": 0.95}
[pair_E] {"steps": 1921024, "elapsed_s": 1496.2, "coordination_ring_sparse20": 60.0, "coordination_ring_potter0_20": 0.05, "bottleneck_sparse20": 0.0, "bottleneck_potter0_20": 0.9}
[pair_E] {"steps": 1923072, "elapsed_s": 1497.5, "coordination_ring_sparse20": 58.0, "coordination_ring_potter0_20": 0.1, "bottleneck_sparse20": 0.0, "bottleneck_potter0_20": 0.85}
[pair_E] {"steps": 1925120, "elapsed_s": 1498.8, "coordination_ring_sparse20": 59.0, "coordination_ring_potter0_20": 0.1, "bottleneck_sparse20": 0.0, "bottleneck_potter0_20": 0.85}
[pair_E] {"steps": 1927168, "elapsed_s": 1500.4, "coordination_ring_sparse20": 59.0, "coordination_ring_potter0_20": 0.1, "bottleneck_sparse20": 0.0, "bottleneck_potter0_20": 0.85}
[pair_E] {"steps": 1929216, "elapsed_s": 1501.9, "coordination_ring_sparse20": 63.0, "coordination_ring_potter0_20": 0.1, "bottleneck_sparse20": 0.0, "bottleneck_potter0_20": 0.9}
[pair_E] {"steps": 1931264, "elapsed_s": 1503.3, "coordination_ring_sparse20": 60.0, "coordination_ring_potter0_20": 0.1, "bottleneck_sparse20": 0.0, "bottleneck_potter0_20": 0.9}
[pair_E] {"steps": 1933312, "elapsed_s": 1504.8, "coordination_ring_sparse20": 58.0, "coordination_ring_potter0_20": 0.1, "bottleneck_sparse20": 0.0, "bottleneck_potter0_20": 0.9}
[pair_E] {"steps": 1935360, "elapsed_s": 1506.3, "coordination_ring_sparse20": 57.0, "coordination_ring_potter0_20": 0.15, "bottleneck_sparse20": 0.0, "bottleneck_potter0_20": 0.95}
[pair_E] {"steps": 1937408, "elapsed_s": 1507.7, "coordination_ring_sparse20": 55.0, "coordination_ring_potter0_20": 0.2, "bottleneck_sparse20": 0.0, "bottleneck_potter0_20": 0.95}
[pair_E] {"steps": 1939456, "elapsed_s": 1509.4, "coordination_ring_sparse20": 55.0, "coordination_ring_potter0_20": 0.2, "bottleneck_sparse20": 0.0, "bottleneck_potter0_20": 0.95}
[pair_E] {"steps": 1941504, "elapsed_s": 1510.8, "coordination_ring_sparse20": 50.0, "coordination_ring_potter0_20": 0.2, "bottleneck_sparse20": 0.0, "bottleneck_potter0_20": 0.95}
[pair_E] {"steps": 1943552, "elapsed_s": 1512.2, "coordination_ring_sparse20": 54.0, "coordination_ring_potter0_20": 0.15, "bottleneck_sparse20": 0.0, "bottleneck_potter0_20": 0.95}
[pair_E] {"steps": 1945600, "elapsed_s": 1513.6, "coordination_ring_sparse20": 54.0, "coordination_ring_potter0_20": 0.2, "bottleneck_sparse20": 0.0, "bottleneck_potter0_20": 0.95}
[pair_E] {"steps": 1947648, "elapsed_s": 1514.9, "coordination_ring_sparse20": 52.0, "coordination_ring_potter0_20": 0.2, "bottleneck_sparse20": 0.0, "bottleneck_potter0_20": 1.0}
[pair_E] {"steps": 1949696, "elapsed_s": 1516.2, "coordination_ring_sparse20": 53.0, "coordination_ring_potter0_20": 0.2, "bottleneck_sparse20": 0.0, "bottleneck_potter0_20": 1.0}
[pair_E] {"steps": 1951744, "elapsed_s": 1517.6, "coordination_ring_sparse20": 52.0, "coordination_ring_potter0_20": 0.25, "bottleneck_sparse20": 0.0, "bottleneck_potter0_20": 1.0}
[pair_E] {"steps": 1953792, "elapsed_s": 1519.0, "coordination_ring_sparse20": 52.0, "coordination_ring_potter0_20": 0.25, "bottleneck_sparse20": 0.0, "bottleneck_potter0_20": 1.0}
[pair_E] {"steps": 1955840, "elapsed_s": 1520.4, "coordination_ring_sparse20": 52.0, "coordination_ring_potter0_20": 0.2, "bottleneck_sparse20": 0.0, "bottleneck_potter0_20": 1.0}
[pair_E] {"steps": 1957888, "elapsed_s": 1521.8, "coordination_ring_sparse20": 55.0, "coordination_ring_potter0_20": 0.15, "bottleneck_sparse20": 0.0, "bottleneck_potter0_20": 1.0}
[pair_E] {"steps": 1959936, "elapsed_s": 1523.2, "coordination_ring_sparse20": 51.0, "coordination_ring_potter0_20": 0.15, "bottleneck_sparse20": 0.0, "bottleneck_potter0_20": 1.0}
[pair_E] {"steps": 1961984, "elapsed_s": 1524.5, "coordination_ring_sparse20": 55.0, "coordination_ring_potter0_20": 0.1, "bottleneck_sparse20": 0.0, "bottleneck_potter0_20": 1.0}
[pair_E] {"steps": 1964032, "elapsed_s": 1525.9, "coordination_ring_sparse20": 60.0, "coordination_ring_potter0_20": 0.1, "bottleneck_sparse20": 0.0, "bottleneck_potter0_20": 0.95}
[pair_E] {"steps": 1966080, "elapsed_s": 1527.4, "coordination_ring_sparse20": 57.0, "coordination_ring_potter0_20": 0.15, "bottleneck_sparse20": 0.0, "bottleneck_potter0_20": 0.95}
[pair_E] {"steps": 1968128, "elapsed_s": 1528.8, "coordination_ring_sparse20": 58.0, "coordination_ring_potter0_20": 0.2, "bottleneck_sparse20": 0.0, "bottleneck_potter0_20": 0.95}
[pair_E] {"steps": 1970176, "elapsed_s": 1530.2, "coordination_ring_sparse20": 58.0, "coordination_ring_potter0_20": 0.2, "bottleneck_sparse20": 0.0, "bottleneck_potter0_20": 0.95}
[pair_E] {"steps": 1972224, "elapsed_s": 1531.6, "coordination_ring_sparse20": 54.0, "coordination_ring_potter0_20": 0.15, "bottleneck_sparse20": 0.0, "bottleneck_potter0_20": 0.95}
[pair_E] {"steps": 1974272, "elapsed_s": 1533.1, "coordination_ring_sparse20": 55.0, "coordination_ring_potter0_20": 0.15, "bottleneck_sparse20": 0.0, "bottleneck_potter0_20": 0.95}
[pair_E] {"steps": 1976320, "elapsed_s": 1534.5, "coordination_ring_sparse20": 48.0, "coordination_ring_potter0_20": 0.15, "bottleneck_sparse20": 0.0, "bottleneck_potter0_20": 1.0}
[pair_E] {"steps": 1978368, "elapsed_s": 1535.9, "coordination_ring_sparse20": 47.0, "coordination_ring_potter0_20": 0.15, "bottleneck_sparse20": 0.0, "bottleneck_potter0_20": 1.0}
[pair_E] {"steps": 1980416, "elapsed_s": 1537.4, "coordination_ring_sparse20": 48.0, "coordination_ring_potter0_20": 0.1, "bottleneck_sparse20": 0.0, "bottleneck_potter0_20": 1.0}
[pair_E] {"steps": 1982464, "elapsed_s": 1538.8, "coordination_ring_sparse20": 46.0, "coordination_ring_potter0_20": 0.05, "bottleneck_sparse20": 0.0, "bottleneck_potter0_20": 1.0}
[pair_E] {"steps": 1984512, "elapsed_s": 1540.2, "coordination_ring_sparse20": 45.0, "coordination_ring_potter0_20": 0.0, "bottleneck_sparse20": 0.0, "bottleneck_potter0_20": 1.0}
[pair_E] {"steps": 1986560, "elapsed_s": 1541.7, "coordination_ring_sparse20": 46.0, "coordination_ring_potter0_20": 0.05, "bottleneck_sparse20": 0.0, "bottleneck_potter0_20": 1.0}
[pair_E] {"steps": 1988608, "elapsed_s": 1543.1, "coordination_ring_sparse20": 50.0, "coordination_ring_potter0_20": 0.05, "bottleneck_sparse20": 0.0, "bottleneck_potter0_20": 1.0}
[pair_E] {"steps": 1990656, "elapsed_s": 1544.5, "coordination_ring_sparse20": 56.0, "coordination_ring_potter0_20": 0.1, "bottleneck_sparse20": 0.0, "bottleneck_potter0_20": 1.0}
[pair_E] {"steps": 1992704, "elapsed_s": 1545.9, "coordination_ring_sparse20": 56.0, "coordination_ring_potter0_20": 0.1, "bottleneck_sparse20": 0.0, "bottleneck_potter0_20": 1.0}
[pair_E] {"steps": 1994752, "elapsed_s": 1547.2, "coordination_ring_sparse20": 56.0, "coordination_ring_potter0_20": 0.15, "bottleneck_sparse20": 0.0, "bottleneck_potter0_20": 1.0}
[pair_E] {"steps": 1996800, "elapsed_s": 1548.7, "coordination_ring_sparse20": 62.0, "coordination_ring_potter0_20": 0.15, "bottleneck_sparse20": 0.0, "bottleneck_potter0_20": 1.0}
[pair_E] {"steps": 1998848, "elapsed_s": 1550.1, "coordination_ring_sparse20": 68.0, "coordination_ring_potter0_20": 0.1, "bottleneck_sparse20": 0.0, "bottleneck_potter0_20": 1.0}
[pair_E] {"steps": 2000896, "elapsed_s": 1551.5, "coordination_ring_sparse20": 71.0, "coordination_ring_potter0_20": 0.15, "bottleneck_sparse20": 0.0, "bottleneck_potter0_20": 1.0}
[pair_E] {"steps": 2002944, "elapsed_s": 1553.0, "coordination_ring_sparse20": 65.0, "coordination_ring_potter0_20": 0.1, "bottleneck_sparse20": 0.0, "bottleneck_potter0_20": 1.0}
[pair_E] {"steps": 2004992, "elapsed_s": 1554.5, "coordination_ring_sparse20": 65.0, "coordination_ring_potter0_20": 0.1, "bottleneck_sparse20": 0.0, "bottleneck_potter0_20": 1.0}
[pair_E] {"steps": 2007040, "elapsed_s": 1555.9, "coordination_ring_sparse20": 62.0, "coordination_ring_potter0_20": 0.05, "bottleneck_sparse20": 0.0, "bottleneck_potter0_20": 1.0}
[pair_E] {"steps": 2009088, "elapsed_s": 1557.4, "coordination_ring_sparse20": 60.0, "coordination_ring_potter0_20": 0.05, "bottleneck_sparse20": 0.0, "bottleneck_potter0_20": 1.0}
[pair_E] {"steps": 2011136, "elapsed_s": 1558.9, "coordination_ring_sparse20": 58.0, "coordination_ring_potter0_20": 0.05, "bottleneck_sparse20": 1.0, "bottleneck_potter0_20": 1.0}
[pair_E] {"steps": 2013184, "elapsed_s": 1560.5, "coordination_ring_sparse20": 56.0, "coordination_ring_potter0_20": 0.05, "bottleneck_sparse20": 1.0, "bottleneck_potter0_20": 1.0}
[pair_E] {"steps": 2015232, "elapsed_s": 1561.9, "coordination_ring_sparse20": 54.0, "coordination_ring_potter0_20": 0.0, "bottleneck_sparse20": 1.0, "bottleneck_potter0_20": 1.0}
[pair_E] {"steps": 2017280, "elapsed_s": 1563.3, "coordination_ring_sparse20": 56.0, "coordination_ring_potter0_20": 0.0, "bottleneck_sparse20": 1.0, "bottleneck_potter0_20": 1.0}
[pair_E] {"steps": 2019328, "elapsed_s": 1564.7, "coordination_ring_sparse20": 57.0, "coordination_ring_potter0_20": 0.0, "bottleneck_sparse20": 1.0, "bottleneck_potter0_20": 1.0}
[pair_E] {"steps": 2021376, "elapsed_s": 1566.1, "coordination_ring_sparse20": 55.0, "coordination_ring_potter0_20": 0.0, "bottleneck_sparse20": 1.0, "bottleneck_potter0_20": 1.0}
[pair_E] {"steps": 2023424, "elapsed_s": 1567.7, "coordination_ring_sparse20": 60.0, "coordination_ring_potter0_20": 0.0, "bottleneck_sparse20": 1.0, "bottleneck_potter0_20": 0.95}
[pair_E] {"steps": 2025472, "elapsed_s": 1569.0, "coordination_ring_sparse20": 62.0, "coordination_ring_potter0_20": 0.0, "bottleneck_sparse20": 0.0, "bottleneck_potter0_20": 0.9}
[pair_E] {"steps": 2027520, "elapsed_s": 1570.6, "coordination_ring_sparse20": 65.0, "coordination_ring_potter0_20": 0.0, "bottleneck_sparse20": 0.0, "bottleneck_potter0_20": 0.9}
[pair_E] {"steps": 2029568, "elapsed_s": 1572.0, "coordination_ring_sparse20": 66.0, "coordination_ring_potter0_20": 0.0, "bottleneck_sparse20": 0.0, "bottleneck_potter0_20": 0.9}
[pair_E] {"steps": 2031616, "elapsed_s": 1573.4, "coordination_ring_sparse20": 66.0, "coordination_ring_potter0_20": 0.0, "bottleneck_sparse20": 0.0, "bottleneck_potter0_20": 0.9}
[pair_E] {"steps": 2033664, "elapsed_s": 1574.8, "coordination_ring_sparse20": 65.0, "coordination_ring_potter0_20": 0.0, "bottleneck_sparse20": 0.0, "bottleneck_potter0_20": 0.9}
[pair_E] {"steps": 2035712, "elapsed_s": 1576.1, "coordination_ring_sparse20": 64.0, "coordination_ring_potter0_20": 0.0, "bottleneck_sparse20": 0.0, "bottleneck_potter0_20": 0.9}
[pair_E] {"steps": 2037760, "elapsed_s": 1577.6, "coordination_ring_sparse20": 59.0, "coordination_ring_potter0_20": 0.0, "bottleneck_sparse20": 0.0, "bottleneck_potter0_20": 0.9}
[pair_E] {"steps": 2039808, "elapsed_s": 1579.0, "coordination_ring_sparse20": 56.0, "coordination_ring_potter0_20": 0.0, "bottleneck_sparse20": 0.0, "bottleneck_potter0_20": 0.95}
[pair_E] {"steps": 2041856, "elapsed_s": 1580.3, "coordination_ring_sparse20": 54.0, "coordination_ring_potter0_20": 0.05, "bottleneck_sparse20": 0.0, "bottleneck_potter0_20": 0.95}
[pair_E] {"steps": 2043904, "elapsed_s": 1581.8, "coordination_ring_sparse20": 48.0, "coordination_ring_potter0_20": 0.1, "bottleneck_sparse20": 0.0, "bottleneck_potter0_20": 1.0}
[pair_E] {"steps": 2045952, "elapsed_s": 1583.3, "coordination_ring_sparse20": 50.0, "coordination_ring_potter0_20": 0.1, "bottleneck_sparse20": 0.0, "bottleneck_potter0_20": 1.0}
[pair_E] {"steps": 2048000, "elapsed_s": 1584.8, "coordination_ring_sparse20": 53.0, "coordination_ring_potter0_20": 0.1, "bottleneck_sparse20": 0.0, "bottleneck_potter0_20": 0.95}
[pair_E] {"steps": 2050048, "elapsed_s": 1586.3, "coordination_ring_sparse20": 55.0, "coordination_ring_potter0_20": 0.1, "bottleneck_sparse20": 0.0, "bottleneck_potter0_20": 0.95}
[pair_E] {"steps": 2052096, "elapsed_s": 1587.6, "coordination_ring_sparse20": 57.0, "coordination_ring_potter0_20": 0.15, "bottleneck_sparse20": 0.0, "bottleneck_potter0_20": 0.95}
[pair_E] {"steps": 2054144, "elapsed_s": 1589.0, "coordination_ring_sparse20": 63.0, "coordination_ring_potter0_20": 0.15, "bottleneck_sparse20": 0.0, "bottleneck_potter0_20": 0.95}
[pair_E] {"steps": 2056192, "elapsed_s": 1590.4, "coordination_ring_sparse20": 68.0, "coordination_ring_potter0_20": 0.15, "bottleneck_sparse20": 0.0, "bottleneck_potter0_20": 0.95}
[pair_E] {"steps": 2058240, "elapsed_s": 1591.7, "coordination_ring_sparse20": 74.0, "coordination_ring_potter0_20": 0.1, "bottleneck_sparse20": 0.0, "bottleneck_potter0_20": 0.95}
[pair_E] {"steps": 2060288, "elapsed_s": 1593.0, "coordination_ring_sparse20": 82.0, "coordination_ring_potter0_20": 0.05, "bottleneck_sparse20": 0.0, "bottleneck_potter0_20": 0.95}
[pair_E] {"steps": 2062336, "elapsed_s": 1594.5, "coordination_ring_sparse20": 82.0, "coordination_ring_potter0_20": 0.0, "bottleneck_sparse20": 0.0, "bottleneck_potter0_20": 0.9}
[pair_E] {"steps": 2064384, "elapsed_s": 1596.0, "coordination_ring_sparse20": 82.0, "coordination_ring_potter0_20": 0.0, "bottleneck_sparse20": 0.0, "bottleneck_potter0_20": 0.9}
[pair_E] {"steps": 2066432, "elapsed_s": 1597.4, "coordination_ring_sparse20": 76.0, "coordination_ring_potter0_20": 0.0, "bottleneck_sparse20": 0.0, "bottleneck_potter0_20": 0.9}
[pair_E] {"steps": 2068480, "elapsed_s": 1598.9, "coordination_ring_sparse20": 77.0, "coordination_ring_potter0_20": 0.0, "bottleneck_sparse20": 0.0, "bottleneck_potter0_20": 0.95}
[pair_E] {"steps": 2070528, "elapsed_s": 1600.4, "coordination_ring_sparse20": 75.0, "coordination_ring_potter0_20": 0.0, "bottleneck_sparse20": 0.0, "bottleneck_potter0_20": 0.95}
[pair_E] {"steps": 2072576, "elapsed_s": 1601.8, "coordination_ring_sparse20": 71.0, "coordination_ring_potter0_20": 0.0, "bottleneck_sparse20": 0.0, "bottleneck_potter0_20": 0.95}
[pair_E] {"steps": 2074624, "elapsed_s": 1603.3, "coordination_ring_sparse20": 66.0, "coordination_ring_potter0_20": 0.0, "bottleneck_sparse20": 0.0, "bottleneck_potter0_20": 0.95}
[pair_E] {"steps": 2076672, "elapsed_s": 1604.8, "coordination_ring_sparse20": 65.0, "coordination_ring_potter0_20": 0.0, "bottleneck_sparse20": 0.0, "bottleneck_potter0_20": 1.0}
[pair_E] {"steps": 2078720, "elapsed_s": 1606.2, "coordination_ring_sparse20": 64.0, "coordination_ring_potter0_20": 0.0, "bottleneck_sparse20": 0.0, "bottleneck_potter0_20": 0.95}
[pair_E] {"steps": 2080768, "elapsed_s": 1607.8, "coordination_ring_sparse20": 66.0, "coordination_ring_potter0_20": 0.0, "bottleneck_sparse20": 0.0, "bottleneck_potter0_20": 0.95}
[pair_E] {"steps": 2082816, "elapsed_s": 1609.3, "coordination_ring_sparse20": 67.0, "coordination_ring_potter0_20": 0.0, "bottleneck_sparse20": 0.0, "bottleneck_potter0_20": 0.9}
[pair_E] {"steps": 2084864, "elapsed_s": 1610.8, "coordination_ring_sparse20": 70.0, "coordination_ring_potter0_20": 0.0, "bottleneck_sparse20": 0.0, "bottleneck_potter0_20": 0.9}
[pair_E] {"steps": 2086912, "elapsed_s": 1612.3, "coordination_ring_sparse20": 72.0, "coordination_ring_potter0_20": 0.0, "bottleneck_sparse20": 0.0, "bottleneck_potter0_20": 0.9}
[pair_E] {"steps": 2088960, "elapsed_s": 1613.8, "coordination_ring_sparse20": 70.0, "coordination_ring_potter0_20": 0.0, "bottleneck_sparse20": 0.0, "bottleneck_potter0_20": 0.85}
[pair_E] {"steps": 2091008, "elapsed_s": 1615.1, "coordination_ring_sparse20": 63.0, "coordination_ring_potter0_20": 0.0, "bottleneck_sparse20": 0.0, "bottleneck_potter0_20": 0.85}
[pair_E] {"steps": 2093056, "elapsed_s": 1616.6, "coordination_ring_sparse20": 67.0, "coordination_ring_potter0_20": 0.0, "bottleneck_sparse20": 0.0, "bottleneck_potter0_20": 0.85}
[pair_E] {"steps": 2095104, "elapsed_s": 1618.1, "coordination_ring_sparse20": 68.0, "coordination_ring_potter0_20": 0.0, "bottleneck_sparse20": 0.0, "bottleneck_potter0_20": 0.85}
[pair_E] {"steps": 2097152, "elapsed_s": 1619.4, "coordination_ring_sparse20": 72.0, "coordination_ring_potter0_20": 0.0, "bottleneck_sparse20": 0.0, "bottleneck_potter0_20": 0.8}
[pair_E] {"steps": 2099200, "elapsed_s": 1620.8, "coordination_ring_sparse20": 72.0, "coordination_ring_potter0_20": 0.0, "bottleneck_sparse20": 0.0, "bottleneck_potter0_20": 0.9}
[pair_E] {"steps": 2101248, "elapsed_s": 1622.2, "coordination_ring_sparse20": 69.0, "coordination_ring_potter0_20": 0.0, "bottleneck_sparse20": 0.0, "bottleneck_potter0_20": 0.9}
[pair_E] {"steps": 2103296, "elapsed_s": 1623.5, "coordination_ring_sparse20": 71.0, "coordination_ring_potter0_20": 0.05, "bottleneck_sparse20": 0.0, "bottleneck_potter0_20": 0.9}
[pair_E] {"steps": 2105344, "elapsed_s": 1625.1, "coordination_ring_sparse20": 66.0, "coordination_ring_potter0_20": 0.05, "bottleneck_sparse20": 0.0, "bottleneck_potter0_20": 0.85}
[pair_E] {"steps": 2107392, "elapsed_s": 1626.4, "coordination_ring_sparse20": 62.0, "coordination_ring_potter0_20": 0.05, "bottleneck_sparse20": 0.0, "bottleneck_potter0_20": 0.9}
[pair_E] {"steps": 2109440, "elapsed_s": 1627.9, "coordination_ring_sparse20": 57.0, "coordination_ring_potter0_20": 0.1, "bottleneck_sparse20": 0.0, "bottleneck_potter0_20": 0.9}
[pair_E] {"steps": 2111488, "elapsed_s": 1629.4, "coordination_ring_sparse20": 51.0, "coordination_ring_potter0_20": 0.1, "bottleneck_sparse20": 0.0, "bottleneck_potter0_20": 0.9}
[pair_E] {"steps": 2113536, "elapsed_s": 1630.7, "coordination_ring_sparse20": 49.0, "coordination_ring_potter0_20": 0.1, "bottleneck_sparse20": 0.0, "bottleneck_potter0_20": 0.9}
[pair_E] {"steps": 2115584, "elapsed_s": 1632.1, "coordination_ring_sparse20": 55.0, "coordination_ring_potter0_20": 0.05, "bottleneck_sparse20": 0.0, "bottleneck_potter0_20": 0.9}
[pair_E] {"steps": 2117632, "elapsed_s": 1633.5, "coordination_ring_sparse20": 60.0, "coordination_ring_potter0_20": 0.15, "bottleneck_sparse20": 0.0, "bottleneck_potter0_20": 0.95}
[pair_E] {"steps": 2119680, "elapsed_s": 1635.0, "coordination_ring_sparse20": 64.0, "coordination_ring_potter0_20": 0.1, "bottleneck_sparse20": 0.0, "bottleneck_potter0_20": 0.95}
[pair_E] {"steps": 2121728, "elapsed_s": 1636.3, "coordination_ring_sparse20": 65.0, "coordination_ring_potter0_20": 0.1, "bottleneck_sparse20": 0.0, "bottleneck_potter0_20": 0.9}
[pair_E] {"steps": 2123776, "elapsed_s": 1637.7, "coordination_ring_sparse20": 67.0, "coordination_ring_potter0_20": 0.1, "bottleneck_sparse20": 0.0, "bottleneck_potter0_20": 0.9}
[pair_E] {"steps": 2125824, "elapsed_s": 1639.1, "coordination_ring_sparse20": 67.0, "coordination_ring_potter0_20": 0.1, "bottleneck_sparse20": 0.0, "bottleneck_potter0_20": 0.95}
[pair_E] {"steps": 2127872, "elapsed_s": 1640.5, "coordination_ring_sparse20": 67.0, "coordination_ring_potter0_20": 0.1, "bottleneck_sparse20": 0.0, "bottleneck_potter0_20": 0.95}
[pair_E] {"steps": 2129920, "elapsed_s": 1642.0, "coordination_ring_sparse20": 70.0, "coordination_ring_potter0_20": 0.1, "bottleneck_sparse20": 0.0, "bottleneck_potter0_20": 0.95}
[pair_E] {"steps": 2131968, "elapsed_s": 1643.3, "coordination_ring_sparse20": 70.0, "coordination_ring_potter0_20": 0.05, "bottleneck_sparse20": 0.0, "bottleneck_potter0_20": 0.95}
[pair_E] {"steps": 2134016, "elapsed_s": 1644.8, "coordination_ring_sparse20": 69.0, "coordination_ring_potter0_20": 0.05, "bottleneck_sparse20": 0.0, "bottleneck_potter0_20": 1.0}
[pair_E] {"steps": 2136064, "elapsed_s": 1646.2, "coordination_ring_sparse20": 70.0, "coordination_ring_potter0_20": 0.05, "bottleneck_sparse20": 0.0, "bottleneck_potter0_20": 0.95}
[pair_E] {"steps": 2138112, "elapsed_s": 1647.6, "coordination_ring_sparse20": 66.0, "coordination_ring_potter0_20": 0.0, "bottleneck_sparse20": 0.0, "bottleneck_potter0_20": 0.9}
[pair_E] {"steps": 2140160, "elapsed_s": 1649.0, "coordination_ring_sparse20": 73.0, "coordination_ring_potter0_20": 0.0, "bottleneck_sparse20": 0.0, "bottleneck_potter0_20": 0.85}
[pair_E] {"steps": 2142208, "elapsed_s": 1650.4, "coordination_ring_sparse20": 75.0, "coordination_ring_potter0_20": 0.0, "bottleneck_sparse20": 0.0, "bottleneck_potter0_20": 0.85}
[pair_E] {"steps": 2144256, "elapsed_s": 1651.9, "coordination_ring_sparse20": 81.0, "coordination_ring_potter0_20": 0.0, "bottleneck_sparse20": 0.0, "bottleneck_potter0_20": 0.8}
[pair_E] {"steps": 2146304, "elapsed_s": 1653.4, "coordination_ring_sparse20": 78.0, "coordination_ring_potter0_20": 0.0, "bottleneck_sparse20": 0.0, "bottleneck_potter0_20": 0.75}
[pair_E] {"steps": 2148352, "elapsed_s": 1654.8, "coordination_ring_sparse20": 79.0, "coordination_ring_potter0_20": 0.0, "bottleneck_sparse20": 0.0, "bottleneck_potter0_20": 0.75}
[pair_E] {"steps": 2150400, "elapsed_s": 1656.2, "coordination_ring_sparse20": 79.0, "coordination_ring_potter0_20": 0.0, "bottleneck_sparse20": 0.0, "bottleneck_potter0_20": 0.8}
[pair_E] {"steps": 2152448, "elapsed_s": 1657.6, "coordination_ring_sparse20": 80.0, "coordination_ring_potter0_20": 0.0, "bottleneck_sparse20": 0.0, "bottleneck_potter0_20": 0.8}
[pair_E] {"steps": 2154496, "elapsed_s": 1659.1, "coordination_ring_sparse20": 84.0, "coordination_ring_potter0_20": 0.0, "bottleneck_sparse20": 0.0, "bottleneck_potter0_20": 0.9}
[pair_E] {"steps": 2156544, "elapsed_s": 1660.5, "coordination_ring_sparse20": 80.0, "coordination_ring_potter0_20": 0.0, "bottleneck_sparse20": 0.0, "bottleneck_potter0_20": 0.9}
[pair_E] {"steps": 2158592, "elapsed_s": 1661.9, "coordination_ring_sparse20": 78.0, "coordination_ring_potter0_20": 0.05, "bottleneck_sparse20": 0.0, "bottleneck_potter0_20": 0.9}
[pair_E] {"steps": 2160640, "elapsed_s": 1663.3, "coordination_ring_sparse20": 78.0, "coordination_ring_potter0_20": 0.05, "bottleneck_sparse20": 0.0, "bottleneck_potter0_20": 0.95}
[pair_E] {"steps": 2162688, "elapsed_s": 1664.7, "coordination_ring_sparse20": 74.0, "coordination_ring_potter0_20": 0.05, "bottleneck_sparse20": 0.0, "bottleneck_potter0_20": 0.95}
[pair_E] {"steps": 2164736, "elapsed_s": 1666.1, "coordination_ring_sparse20": 70.0, "coordination_ring_potter0_20": 0.05, "bottleneck_sparse20": 0.0, "bottleneck_potter0_20": 0.95}
[pair_E] {"steps": 2166784, "elapsed_s": 1667.5, "coordination_ring_sparse20": 70.0, "coordination_ring_potter0_20": 0.05, "bottleneck_sparse20": 0.0, "bottleneck_potter0_20": 0.95}
[pair_E] {"steps": 2168832, "elapsed_s": 1668.9, "coordination_ring_sparse20": 69.0, "coordination_ring_potter0_20": 0.05, "bottleneck_sparse20": 0.0, "bottleneck_potter0_20": 1.0}
[pair_E] {"steps": 2170880, "elapsed_s": 1670.2, "coordination_ring_sparse20": 70.0, "coordination_ring_potter0_20": 0.05, "bottleneck_sparse20": 0.0, "bottleneck_potter0_20": 1.0}
[pair_E] {"steps": 2172928, "elapsed_s": 1671.6, "coordination_ring_sparse20": 70.0, "coordination_ring_potter0_20": 0.05, "bottleneck_sparse20": 0.0, "bottleneck_potter0_20": 0.95}
[pair_E] {"steps": 2174976, "elapsed_s": 1673.0, "coordination_ring_sparse20": 71.0, "coordination_ring_potter0_20": 0.05, "bottleneck_sparse20": 0.0, "bottleneck_potter0_20": 0.95}
[pair_E] {"steps": 2177024, "elapsed_s": 1674.3, "coordination_ring_sparse20": 72.0, "coordination_ring_potter0_20": 0.05, "bottleneck_sparse20": 0.0, "bottleneck_potter0_20": 0.95}
[pair_E] {"steps": 2179072, "elapsed_s": 1675.7, "coordination_ring_sparse20": 74.0, "coordination_ring_potter0_20": 0.0, "bottleneck_sparse20": 0.0, "bottleneck_potter0_20": 0.95}
[pair_E] {"steps": 2181120, "elapsed_s": 1677.1, "coordination_ring_sparse20": 76.0, "coordination_ring_potter0_20": 0.0, "bottleneck_sparse20": 0.0, "bottleneck_potter0_20": 0.9}
[pair_E] {"steps": 2183168, "elapsed_s": 1678.5, "coordination_ring_sparse20": 77.0, "coordination_ring_potter0_20": 0.0, "bottleneck_sparse20": 0.0, "bottleneck_potter0_20": 0.85}
[pair_E] {"steps": 2185216, "elapsed_s": 1680.0, "coordination_ring_sparse20": 74.0, "coordination_ring_potter0_20": 0.0, "bottleneck_sparse20": 0.0, "bottleneck_potter0_20": 0.9}
[pair_E] {"steps": 2187264, "elapsed_s": 1681.6, "coordination_ring_sparse20": 75.0, "coordination_ring_potter0_20": 0.0, "bottleneck_sparse20": 0.0, "bottleneck_potter0_20": 0.9}
[pair_E] {"steps": 2189312, "elapsed_s": 1682.9, "coordination_ring_sparse20": 75.0, "coordination_ring_potter0_20": 0.0, "bottleneck_sparse20": 0.0, "bottleneck_potter0_20": 0.9}
[pair_E] {"steps": 2191360, "elapsed_s": 1684.3, "coordination_ring_sparse20": 78.0, "coordination_ring_potter0_20": 0.0, "bottleneck_sparse20": 0.0, "bottleneck_potter0_20": 0.9}
[pair_E] {"steps": 2193408, "elapsed_s": 1685.8, "coordination_ring_sparse20": 78.0, "coordination_ring_potter0_20": 0.0, "bottleneck_sparse20": 0.0, "bottleneck_potter0_20": 0.9}
[pair_E] {"steps": 2195456, "elapsed_s": 1687.2, "coordination_ring_sparse20": 81.0, "coordination_ring_potter0_20": 0.05, "bottleneck_sparse20": 0.0, "bottleneck_potter0_20": 0.95}
[pair_E] {"steps": 2197504, "elapsed_s": 1688.6, "coordination_ring_sparse20": 80.0, "coordination_ring_potter0_20": 0.05, "bottleneck_sparse20": 0.0, "bottleneck_potter0_20": 1.0}
[pair_E] {"steps": 2199552, "elapsed_s": 1690.0, "coordination_ring_sparse20": 84.0, "coordination_ring_potter0_20": 0.05, "bottleneck_sparse20": 0.0, "bottleneck_potter0_20": 1.0}
[pair_E] {"steps": 2201600, "elapsed_s": 1691.4, "coordination_ring_sparse20": 94.0, "coordination_ring_potter0_20": 0.05, "bottleneck_sparse20": 0.0, "bottleneck_potter0_20": 0.95}
[pair_E] {"steps": 2203648, "elapsed_s": 1692.8, "coordination_ring_sparse20": 89.0, "coordination_ring_potter0_20": 0.05, "bottleneck_sparse20": 0.0, "bottleneck_potter0_20": 0.95}
[pair_E] {"steps": 2205696, "elapsed_s": 1694.2, "coordination_ring_sparse20": 92.0, "coordination_ring_potter0_20": 0.15, "bottleneck_sparse20": 0.0, "bottleneck_potter0_20": 0.9}
[pair_E] {"steps": 2207744, "elapsed_s": 1695.5, "coordination_ring_sparse20": 93.0, "coordination_ring_potter0_20": 0.15, "bottleneck_sparse20": 0.0, "bottleneck_potter0_20": 0.85}
[pair_E] {"steps": 2209792, "elapsed_s": 1696.8, "coordination_ring_sparse20": 94.0, "coordination_ring_potter0_20": 0.1, "bottleneck_sparse20": 0.0, "bottleneck_potter0_20": 0.85}
[pair_E] {"steps": 2211840, "elapsed_s": 1698.2, "coordination_ring_sparse20": 92.0, "coordination_ring_potter0_20": 0.1, "bottleneck_sparse20": 0.0, "bottleneck_potter0_20": 0.85}
[pair_E] {"steps": 2213888, "elapsed_s": 1699.5, "coordination_ring_sparse20": 81.0, "coordination_ring_potter0_20": 0.1, "bottleneck_sparse20": 0.0, "bottleneck_potter0_20": 0.85}
[pair_E] {"steps": 2215936, "elapsed_s": 1700.9, "coordination_ring_sparse20": 81.0, "coordination_ring_potter0_20": 0.15, "bottleneck_sparse20": 0.0, "bottleneck_potter0_20": 0.8}
[pair_E] {"steps": 2217984, "elapsed_s": 1702.3, "coordination_ring_sparse20": 76.0, "coordination_ring_potter0_20": 0.05, "bottleneck_sparse20": 0.0, "bottleneck_potter0_20": 0.8}
[pair_E] {"steps": 2220032, "elapsed_s": 1703.6, "coordination_ring_sparse20": 74.0, "coordination_ring_potter0_20": 0.05, "bottleneck_sparse20": 0.0, "bottleneck_potter0_20": 0.8}
[pair_E] {"steps": 2222080, "elapsed_s": 1705.0, "coordination_ring_sparse20": 71.0, "coordination_ring_potter0_20": 0.05, "bottleneck_sparse20": 0.0, "bottleneck_potter0_20": 0.85}
[pair_E] {"steps": 2224128, "elapsed_s": 1706.4, "coordination_ring_sparse20": 64.0, "coordination_ring_potter0_20": 0.05, "bottleneck_sparse20": 0.0, "bottleneck_potter0_20": 0.9}
[pair_E] {"steps": 2226176, "elapsed_s": 1707.8, "coordination_ring_sparse20": 62.0, "coordination_ring_potter0_20": 0.05, "bottleneck_sparse20": 0.0, "bottleneck_potter0_20": 0.9}
[pair_E] {"steps": 2228224, "elapsed_s": 1709.1, "coordination_ring_sparse20": 64.0, "coordination_ring_potter0_20": 0.05, "bottleneck_sparse20": 0.0, "bottleneck_potter0_20": 0.9}
[pair_E] {"steps": 2230272, "elapsed_s": 1710.4, "coordination_ring_sparse20": 67.0, "coordination_ring_potter0_20": 0.05, "bottleneck_sparse20": 0.0, "bottleneck_potter0_20": 0.95}
[pair_E] {"steps": 2232320, "elapsed_s": 1711.8, "coordination_ring_sparse20": 69.0, "coordination_ring_potter0_20": 0.05, "bottleneck_sparse20": 0.0, "bottleneck_potter0_20": 0.85}
[pair_E] {"steps": 2234368, "elapsed_s": 1713.1, "coordination_ring_sparse20": 66.0, "coordination_ring_potter0_20": 0.0, "bottleneck_sparse20": 0.0, "bottleneck_potter0_20": 0.85}
[pair_E] {"steps": 2236416, "elapsed_s": 1714.5, "coordination_ring_sparse20": 67.0, "coordination_ring_potter0_20": 0.0, "bottleneck_sparse20": 0.0, "bottleneck_potter0_20": 0.85}
[pair_E] {"steps": 2238464, "elapsed_s": 1715.9, "coordination_ring_sparse20": 67.0, "coordination_ring_potter0_20": 0.05, "bottleneck_sparse20": 0.0, "bottleneck_potter0_20": 0.85}
[pair_E] {"steps": 2240512, "elapsed_s": 1717.5, "coordination_ring_sparse20": 71.0, "coordination_ring_potter0_20": 0.05, "bottleneck_sparse20": 0.0, "bottleneck_potter0_20": 0.85}
[pair_E] {"steps": 2242560, "elapsed_s": 1718.9, "coordination_ring_sparse20": 68.0, "coordination_ring_potter0_20": 0.1, "bottleneck_sparse20": 0.0, "bottleneck_potter0_20": 0.8}
[pair_E] {"steps": 2244608, "elapsed_s": 1720.3, "coordination_ring_sparse20": 74.0, "coordination_ring_potter0_20": 0.15, "bottleneck_sparse20": 0.0, "bottleneck_potter0_20": 0.8}
[pair_E] {"steps": 2246656, "elapsed_s": 1721.6, "coordination_ring_sparse20": 71.0, "coordination_ring_potter0_20": 0.2, "bottleneck_sparse20": 0.0, "bottleneck_potter0_20": 0.85}
[pair_E] {"steps": 2248704, "elapsed_s": 1723.0, "coordination_ring_sparse20": 73.0, "coordination_ring_potter0_20": 0.2, "bottleneck_sparse20": 0.0, "bottleneck_potter0_20": 0.85}
[pair_E] {"steps": 2250752, "elapsed_s": 1724.4, "coordination_ring_sparse20": 73.0, "coordination_ring_potter0_20": 0.2, "bottleneck_sparse20": 0.0, "bottleneck_potter0_20": 0.85}
[pair_E] {"steps": 2252800, "elapsed_s": 1725.8, "coordination_ring_sparse20": 73.0, "coordination_ring_potter0_20": 0.2, "bottleneck_sparse20": 0.0, "bottleneck_potter0_20": 0.8}
[pair_E] {"steps": 2254848, "elapsed_s": 1727.2, "coordination_ring_sparse20": 74.0, "coordination_ring_potter0_20": 0.1, "bottleneck_sparse20": 0.0, "bottleneck_potter0_20": 0.8}
[pair_E] {"steps": 2256896, "elapsed_s": 1728.5, "coordination_ring_sparse20": 74.0, "coordination_ring_potter0_20": 0.05, "bottleneck_sparse20": 0.0, "bottleneck_potter0_20": 0.8}
[pair_E] {"steps": 2258944, "elapsed_s": 1729.9, "coordination_ring_sparse20": 76.0, "coordination_ring_potter0_20": 0.1, "bottleneck_sparse20": 0.0, "bottleneck_potter0_20": 0.8}
[pair_E] {"steps": 2260992, "elapsed_s": 1731.2, "coordination_ring_sparse20": 78.0, "coordination_ring_potter0_20": 0.1, "bottleneck_sparse20": 0.0, "bottleneck_potter0_20": 0.75}
[pair_E] {"steps": 2263040, "elapsed_s": 1732.6, "coordination_ring_sparse20": 77.0, "coordination_ring_potter0_20": 0.15, "bottleneck_sparse20": 0.0, "bottleneck_potter0_20": 0.75}
[pair_E] {"steps": 2265088, "elapsed_s": 1734.0, "coordination_ring_sparse20": 78.0, "coordination_ring_potter0_20": 0.15, "bottleneck_sparse20": 0.0, "bottleneck_potter0_20": 0.8}
[pair_E] {"steps": 2267136, "elapsed_s": 1735.4, "coordination_ring_sparse20": 78.0, "coordination_ring_potter0_20": 0.2, "bottleneck_sparse20": 0.0, "bottleneck_potter0_20": 0.8}
[pair_E] {"steps": 2269184, "elapsed_s": 1736.8, "coordination_ring_sparse20": 80.0, "coordination_ring_potter0_20": 0.2, "bottleneck_sparse20": 0.0, "bottleneck_potter0_20": 0.85}
[pair_E] {"steps": 2271232, "elapsed_s": 1738.2, "coordination_ring_sparse20": 82.0, "coordination_ring_potter0_20": 0.2, "bottleneck_sparse20": 0.0, "bottleneck_potter0_20": 0.85}
[pair_E] {"steps": 2273280, "elapsed_s": 1739.6, "coordination_ring_sparse20": 84.0, "coordination_ring_potter0_20": 0.2, "bottleneck_sparse20": 0.0, "bottleneck_potter0_20": 0.9}
[pair_E] {"steps": 2275328, "elapsed_s": 1741.0, "coordination_ring_sparse20": 84.0, "coordination_ring_potter0_20": 0.15, "bottleneck_sparse20": 0.0, "bottleneck_potter0_20": 0.9}
[pair_E] {"steps": 2277376, "elapsed_s": 1742.3, "coordination_ring_sparse20": 86.0, "coordination_ring_potter0_20": 0.1, "bottleneck_sparse20": 0.0, "bottleneck_potter0_20": 0.9}
[pair_E] {"steps": 2279424, "elapsed_s": 1743.7, "coordination_ring_sparse20": 90.0, "coordination_ring_potter0_20": 0.1, "bottleneck_sparse20": 0.0, "bottleneck_potter0_20": 0.95}
[pair_E] {"steps": 2281472, "elapsed_s": 1745.1, "coordination_ring_sparse20": 87.0, "coordination_ring_potter0_20": 0.15, "bottleneck_sparse20": 0.0, "bottleneck_potter0_20": 0.95}
[pair_E] {"steps": 2283520, "elapsed_s": 1746.5, "coordination_ring_sparse20": 87.0, "coordination_ring_potter0_20": 0.15, "bottleneck_sparse20": 0.0, "bottleneck_potter0_20": 0.95}
[pair_E] {"steps": 2285568, "elapsed_s": 1747.8, "coordination_ring_sparse20": 86.0, "coordination_ring_potter0_20": 0.15, "bottleneck_sparse20": 0.0, "bottleneck_potter0_20": 0.9}
[pair_E] {"steps": 2287616, "elapsed_s": 1749.2, "coordination_ring_sparse20": 78.0, "coordination_ring_potter0_20": 0.15, "bottleneck_sparse20": 0.0, "bottleneck_potter0_20": 0.9}
[pair_E] {"steps": 2289664, "elapsed_s": 1750.6, "coordination_ring_sparse20": 76.0, "coordination_ring_potter0_20": 0.1, "bottleneck_sparse20": 0.0, "bottleneck_potter0_20": 0.8}
[pair_E] {"steps": 2291712, "elapsed_s": 1752.1, "coordination_ring_sparse20": 77.0, "coordination_ring_potter0_20": 0.15, "bottleneck_sparse20": 0.0, "bottleneck_potter0_20": 0.85}
[pair_E] {"steps": 2293760, "elapsed_s": 1753.7, "coordination_ring_sparse20": 76.0, "coordination_ring_potter0_20": 0.15, "bottleneck_sparse20": 0.0, "bottleneck_potter0_20": 0.8}
[pair_E] {"steps": 2295808, "elapsed_s": 1755.1, "coordination_ring_sparse20": 75.0, "coordination_ring_potter0_20": 0.05, "bottleneck_sparse20": 0.0, "bottleneck_potter0_20": 0.8}
[pair_E] {"steps": 2297856, "elapsed_s": 1756.4, "coordination_ring_sparse20": 75.0, "coordination_ring_potter0_20": 0.05, "bottleneck_sparse20": 0.0, "bottleneck_potter0_20": 0.8}
[pair_E] {"steps": 2299904, "elapsed_s": 1757.8, "coordination_ring_sparse20": 77.0, "coordination_ring_potter0_20": 0.1, "bottleneck_sparse20": 0.0, "bottleneck_potter0_20": 0.75}
[pair_E] {"steps": 2301952, "elapsed_s": 1759.2, "coordination_ring_sparse20": 80.0, "coordination_ring_potter0_20": 0.1, "bottleneck_sparse20": 0.0, "bottleneck_potter0_20": 0.8}
[pair_E] {"steps": 2304000, "elapsed_s": 1760.7, "coordination_ring_sparse20": 82.0, "coordination_ring_potter0_20": 0.1, "bottleneck_sparse20": 0.0, "bottleneck_potter0_20": 0.8}
[pair_E] {"steps": 2306048, "elapsed_s": 1762.0, "coordination_ring_sparse20": 82.0, "coordination_ring_potter0_20": 0.1, "bottleneck_sparse20": 0.0, "bottleneck_potter0_20": 0.8}
[pair_E] {"steps": 2308096, "elapsed_s": 1763.4, "coordination_ring_sparse20": 85.0, "coordination_ring_potter0_20": 0.15, "bottleneck_sparse20": 0.0, "bottleneck_potter0_20": 0.8}
[pair_E] {"steps": 2310144, "elapsed_s": 1764.8, "coordination_ring_sparse20": 89.0, "coordination_ring_potter0_20": 0.15, "bottleneck_sparse20": 0.0, "bottleneck_potter0_20": 0.8}
[pair_E] {"steps": 2312192, "elapsed_s": 1766.2, "coordination_ring_sparse20": 87.0, "coordination_ring_potter0_20": 0.15, "bottleneck_sparse20": 0.0, "bottleneck_potter0_20": 0.8}
[pair_E] {"steps": 2314240, "elapsed_s": 1767.7, "coordination_ring_sparse20": 83.0, "coordination_ring_potter0_20": 0.15, "bottleneck_sparse20": 0.0, "bottleneck_potter0_20": 0.8}
[pair_E] {"steps": 2316288, "elapsed_s": 1769.1, "coordination_ring_sparse20": 80.0, "coordination_ring_potter0_20": 0.15, "bottleneck_sparse20": 0.0, "bottleneck_potter0_20": 0.85}
[pair_E] {"steps": 2318336, "elapsed_s": 1770.4, "coordination_ring_sparse20": 78.0, "coordination_ring_potter0_20": 0.15, "bottleneck_sparse20": 0.0, "bottleneck_potter0_20": 0.85}
[pair_E] {"steps": 2320384, "elapsed_s": 1771.7, "coordination_ring_sparse20": 77.0, "coordination_ring_potter0_20": 0.1, "bottleneck_sparse20": 0.0, "bottleneck_potter0_20": 0.85}
[pair_E] {"steps": 2322432, "elapsed_s": 1773.1, "coordination_ring_sparse20": 73.0, "coordination_ring_potter0_20": 0.15, "bottleneck_sparse20": 0.0, "bottleneck_potter0_20": 0.85}
[pair_E] {"steps": 2324480, "elapsed_s": 1774.5, "coordination_ring_sparse20": 72.0, "coordination_ring_potter0_20": 0.15, "bottleneck_sparse20": 0.0, "bottleneck_potter0_20": 0.85}
[pair_E] {"steps": 2326528, "elapsed_s": 1775.9, "coordination_ring_sparse20": 73.0, "coordination_ring_potter0_20": 0.15, "bottleneck_sparse20": 0.0, "bottleneck_potter0_20": 0.85}
[pair_E] {"steps": 2328576, "elapsed_s": 1777.2, "coordination_ring_sparse20": 71.0, "coordination_ring_potter0_20": 0.05, "bottleneck_sparse20": 0.0, "bottleneck_potter0_20": 0.9}
[pair_E] {"steps": 2330624, "elapsed_s": 1778.5, "coordination_ring_sparse20": 83.0, "coordination_ring_potter0_20": 0.05, "bottleneck_sparse20": 0.0, "bottleneck_potter0_20": 0.85}
[pair_E] {"steps": 2332672, "elapsed_s": 1779.9, "coordination_ring_sparse20": 87.0, "coordination_ring_potter0_20": 0.05, "bottleneck_sparse20": 0.0, "bottleneck_potter0_20": 0.85}
[pair_E] {"steps": 2334720, "elapsed_s": 1781.2, "coordination_ring_sparse20": 86.0, "coordination_ring_potter0_20": 0.05, "bottleneck_sparse20": 0.0, "bottleneck_potter0_20": 0.9}
[pair_E] {"steps": 2336768, "elapsed_s": 1782.5, "coordination_ring_sparse20": 92.0, "coordination_ring_potter0_20": 0.05, "bottleneck_sparse20": 0.0, "bottleneck_potter0_20": 0.85}
[pair_E] {"steps": 2338816, "elapsed_s": 1783.9, "coordination_ring_sparse20": 94.0, "coordination_ring_potter0_20": 0.0, "bottleneck_sparse20": 0.0, "bottleneck_potter0_20": 0.75}
[pair_E] {"steps": 2340864, "elapsed_s": 1785.3, "coordination_ring_sparse20": 95.0, "coordination_ring_potter0_20": 0.05, "bottleneck_sparse20": 0.0, "bottleneck_potter0_20": 0.7}
[pair_E] {"steps": 2342912, "elapsed_s": 1786.6, "coordination_ring_sparse20": 100.0, "coordination_ring_potter0_20": 0.05, "bottleneck_sparse20": 0.0, "bottleneck_potter0_20": 0.7}
[pair_E] {"steps": 2344960, "elapsed_s": 1788.0, "coordination_ring_sparse20": 93.0, "coordination_ring_potter0_20": 0.05, "bottleneck_sparse20": 0.0, "bottleneck_potter0_20": 0.65}
[pair_E] {"steps": 2347008, "elapsed_s": 1789.4, "coordination_ring_sparse20": 88.0, "coordination_ring_potter0_20": 0.05, "bottleneck_sparse20": 0.0, "bottleneck_potter0_20": 0.65}
[pair_E] {"steps": 2349056, "elapsed_s": 1790.9, "coordination_ring_sparse20": 88.0, "coordination_ring_potter0_20": 0.05, "bottleneck_sparse20": 0.0, "bottleneck_potter0_20": 0.75}
[pair_E] {"steps": 2351104, "elapsed_s": 1792.2, "coordination_ring_sparse20": 86.0, "coordination_ring_potter0_20": 0.05, "bottleneck_sparse20": 0.0, "bottleneck_potter0_20": 0.75}
[pair_E] {"steps": 2353152, "elapsed_s": 1793.5, "coordination_ring_sparse20": 86.0, "coordination_ring_potter0_20": 0.05, "bottleneck_sparse20": 0.0, "bottleneck_potter0_20": 0.75}
[pair_E] {"steps": 2355200, "elapsed_s": 1795.0, "coordination_ring_sparse20": 82.0, "coordination_ring_potter0_20": 0.0, "bottleneck_sparse20": 0.0, "bottleneck_potter0_20": 0.85}
[pair_E] {"steps": 2357248, "elapsed_s": 1796.4, "coordination_ring_sparse20": 82.0, "coordination_ring_potter0_20": 0.0, "bottleneck_sparse20": 0.0, "bottleneck_potter0_20": 0.85}
[pair_E] {"steps": 2359296, "elapsed_s": 1797.8, "coordination_ring_sparse20": 81.0, "coordination_ring_potter0_20": 0.0, "bottleneck_sparse20": 0.0, "bottleneck_potter0_20": 0.9}
[pair_E] {"steps": 2361344, "elapsed_s": 1799.2, "coordination_ring_sparse20": 82.0, "coordination_ring_potter0_20": 0.0, "bottleneck_sparse20": 0.0, "bottleneck_potter0_20": 0.9}
[pair_E] {"steps": 2363392, "elapsed_s": 1800.6, "coordination_ring_sparse20": 81.0, "coordination_ring_potter0_20": 0.0, "bottleneck_sparse20": 0.0, "bottleneck_potter0_20": 0.8}
[pair_E] {"steps": 2365440, "elapsed_s": 1802.0, "coordination_ring_sparse20": 80.0, "coordination_ring_potter0_20": 0.0, "bottleneck_sparse20": 0.0, "bottleneck_potter0_20": 0.75}
[pair_E] {"steps": 2367488, "elapsed_s": 1803.4, "coordination_ring_sparse20": 81.0, "coordination_ring_potter0_20": 0.0, "bottleneck_sparse20": 0.0, "bottleneck_potter0_20": 0.75}
[pair_E] {"steps": 2369536, "elapsed_s": 1804.9, "coordination_ring_sparse20": 81.0, "coordination_ring_potter0_20": 0.0, "bottleneck_sparse20": 0.0, "bottleneck_potter0_20": 0.75}
[pair_E] {"steps": 2371584, "elapsed_s": 1806.3, "coordination_ring_sparse20": 79.0, "coordination_ring_potter0_20": 0.05, "bottleneck_sparse20": 0.0, "bottleneck_potter0_20": 0.75}
[pair_E] {"steps": 2373632, "elapsed_s": 1807.7, "coordination_ring_sparse20": 77.0, "coordination_ring_potter0_20": 0.1, "bottleneck_sparse20": 0.0, "bottleneck_potter0_20": 0.75}
[pair_E] {"steps": 2375680, "elapsed_s": 1809.3, "coordination_ring_sparse20": 74.0, "coordination_ring_potter0_20": 0.1, "bottleneck_sparse20": 0.0, "bottleneck_potter0_20": 0.75}
[pair_E] {"steps": 2377728, "elapsed_s": 1810.7, "coordination_ring_sparse20": 70.0, "coordination_ring_potter0_20": 0.1, "bottleneck_sparse20": 0.0, "bottleneck_potter0_20": 0.75}
[pair_E] {"steps": 2379776, "elapsed_s": 1812.1, "coordination_ring_sparse20": 70.0, "coordination_ring_potter0_20": 0.1, "bottleneck_sparse20": 0.0, "bottleneck_potter0_20": 0.8}
[pair_E] {"steps": 2381824, "elapsed_s": 1813.5, "coordination_ring_sparse20": 72.0, "coordination_ring_potter0_20": 0.1, "bottleneck_sparse20": 0.0, "bottleneck_potter0_20": 0.85}
[pair_E] {"steps": 2383872, "elapsed_s": 1814.8, "coordination_ring_sparse20": 70.0, "coordination_ring_potter0_20": 0.1, "bottleneck_sparse20": 0.0, "bottleneck_potter0_20": 0.85}
[pair_E] {"steps": 2385920, "elapsed_s": 1816.3, "coordination_ring_sparse20": 70.0, "coordination_ring_potter0_20": 0.1, "bottleneck_sparse20": 0.0, "bottleneck_potter0_20": 0.85}
[pair_E] {"steps": 2387968, "elapsed_s": 1817.6, "coordination_ring_sparse20": 73.0, "coordination_ring_potter0_20": 0.05, "bottleneck_sparse20": 0.0, "bottleneck_potter0_20": 0.85}
[pair_E] {"steps": 2390016, "elapsed_s": 1819.1, "coordination_ring_sparse20": 72.0, "coordination_ring_potter0_20": 0.05, "bottleneck_sparse20": 0.0, "bottleneck_potter0_20": 0.9}
[pair_E] {"steps": 2392064, "elapsed_s": 1820.7, "coordination_ring_sparse20": 80.0, "coordination_ring_potter0_20": 0.05, "bottleneck_sparse20": 0.0, "bottleneck_potter0_20": 0.9}
[pair_E] {"steps": 2394112, "elapsed_s": 1822.0, "coordination_ring_sparse20": 81.0, "coordination_ring_potter0_20": 0.05, "bottleneck_sparse20": 0.0, "bottleneck_potter0_20": 0.85}
[pair_E] {"steps": 2396160, "elapsed_s": 1823.4, "coordination_ring_sparse20": 81.0, "coordination_ring_potter0_20": 0.05, "bottleneck_sparse20": 0.0, "bottleneck_potter0_20": 0.85}
[pair_E] {"steps": 2398208, "elapsed_s": 1824.9, "coordination_ring_sparse20": 80.0, "coordination_ring_potter0_20": 0.05, "bottleneck_sparse20": 0.0, "bottleneck_potter0_20": 0.8}
[pair_E] {"steps": 2400256, "elapsed_s": 1826.5, "coordination_ring_sparse20": 82.0, "coordination_ring_potter0_20": 0.05, "bottleneck_sparse20": 0.0, "bottleneck_potter0_20": 0.75}
[pair_E] {"steps": 2402304, "elapsed_s": 1827.9, "coordination_ring_sparse20": 79.0, "coordination_ring_potter0_20": 0.05, "bottleneck_sparse20": 0.0, "bottleneck_potter0_20": 0.75}
[pair_E] {"steps": 2404352, "elapsed_s": 1829.4, "coordination_ring_sparse20": 75.0, "coordination_ring_potter0_20": 0.05, "bottleneck_sparse20": 0.0, "bottleneck_potter0_20": 0.75}
[pair_E] {"steps": 2406400, "elapsed_s": 1830.9, "coordination_ring_sparse20": 72.0, "coordination_ring_potter0_20": 0.05, "bottleneck_sparse20": 0.0, "bottleneck_potter0_20": 0.8}
[pair_E] {"steps": 2408448, "elapsed_s": 1832.3, "coordination_ring_sparse20": 69.0, "coordination_ring_potter0_20": 0.05, "bottleneck_sparse20": 0.0, "bottleneck_potter0_20": 0.85}
[pair_E] {"steps": 2410496, "elapsed_s": 1833.8, "coordination_ring_sparse20": 66.0, "coordination_ring_potter0_20": 0.05, "bottleneck_sparse20": 0.0, "bottleneck_potter0_20": 0.8}
[pair_E] {"steps": 2412544, "elapsed_s": 1835.2, "coordination_ring_sparse20": 62.0, "coordination_ring_potter0_20": 0.0, "bottleneck_sparse20": 0.0, "bottleneck_potter0_20": 0.85}
[pair_E] {"steps": 2414592, "elapsed_s": 1836.6, "coordination_ring_sparse20": 64.0, "coordination_ring_potter0_20": 0.0, "bottleneck_sparse20": 0.0, "bottleneck_potter0_20": 0.8}
[pair_E] {"steps": 2416640, "elapsed_s": 1838.2, "coordination_ring_sparse20": 68.0, "coordination_ring_potter0_20": 0.1, "bottleneck_sparse20": 0.0, "bottleneck_potter0_20": 0.85}
[pair_E] {"steps": 2418688, "elapsed_s": 1839.5, "coordination_ring_sparse20": 76.0, "coordination_ring_potter0_20": 0.1, "bottleneck_sparse20": 0.0, "bottleneck_potter0_20": 0.9}
[pair_E] {"steps": 2420736, "elapsed_s": 1840.9, "coordination_ring_sparse20": 81.0, "coordination_ring_potter0_20": 0.1, "bottleneck_sparse20": 0.0, "bottleneck_potter0_20": 0.9}
[pair_E] {"steps": 2422784, "elapsed_s": 1842.3, "coordination_ring_sparse20": 82.0, "coordination_ring_potter0_20": 0.1, "bottleneck_sparse20": 0.0, "bottleneck_potter0_20": 0.85}
[pair_E] {"steps": 2424832, "elapsed_s": 1843.6, "coordination_ring_sparse20": 82.0, "coordination_ring_potter0_20": 0.1, "bottleneck_sparse20": 0.0, "bottleneck_potter0_20": 0.85}
[pair_E] {"steps": 2426880, "elapsed_s": 1845.0, "coordination_ring_sparse20": 82.0, "coordination_ring_potter0_20": 0.15, "bottleneck_sparse20": 0.0, "bottleneck_potter0_20": 0.8}
[pair_E] {"steps": 2428928, "elapsed_s": 1846.7, "coordination_ring_sparse20": 83.0, "coordination_ring_potter0_20": 0.05, "bottleneck_sparse20": 0.0, "bottleneck_potter0_20": 0.8}
[pair_E] {"steps": 2430976, "elapsed_s": 1848.1, "coordination_ring_sparse20": 82.0, "coordination_ring_potter0_20": 0.05, "bottleneck_sparse20": 0.0, "bottleneck_potter0_20": 0.8}
[pair_E] {"steps": 2433024, "elapsed_s": 1849.6, "coordination_ring_sparse20": 83.0, "coordination_ring_potter0_20": 0.05, "bottleneck_sparse20": 0.0, "bottleneck_potter0_20": 0.8}
[pair_E] {"steps": 2435072, "elapsed_s": 1851.1, "coordination_ring_sparse20": 81.0, "coordination_ring_potter0_20": 0.05, "bottleneck_sparse20": 0.0, "bottleneck_potter0_20": 0.8}
[pair_E] {"steps": 2437120, "elapsed_s": 1852.6, "coordination_ring_sparse20": 73.0, "coordination_ring_potter0_20": 0.1, "bottleneck_sparse20": 0.0, "bottleneck_potter0_20": 0.8}
[pair_E] {"steps": 2439168, "elapsed_s": 1854.0, "coordination_ring_sparse20": 71.0, "coordination_ring_potter0_20": 0.05, "bottleneck_sparse20": 0.0, "bottleneck_potter0_20": 0.85}
[pair_E] {"steps": 2441216, "elapsed_s": 1855.5, "coordination_ring_sparse20": 70.0, "coordination_ring_potter0_20": 0.05, "bottleneck_sparse20": 0.0, "bottleneck_potter0_20": 0.85}
[pair_E] {"steps": 2443264, "elapsed_s": 1857.0, "coordination_ring_sparse20": 68.0, "coordination_ring_potter0_20": 0.05, "bottleneck_sparse20": 0.0, "bottleneck_potter0_20": 0.85}
[pair_E] {"steps": 2445312, "elapsed_s": 1858.4, "coordination_ring_sparse20": 70.0, "coordination_ring_potter0_20": 0.05, "bottleneck_sparse20": 0.0, "bottleneck_potter0_20": 0.85}
[pair_E] {"steps": 2447360, "elapsed_s": 1859.9, "coordination_ring_sparse20": 69.0, "coordination_ring_potter0_20": 0.05, "bottleneck_sparse20": 0.0, "bottleneck_potter0_20": 0.8}
[pair_E] {"steps": 2449408, "elapsed_s": 1861.3, "coordination_ring_sparse20": 72.0, "coordination_ring_potter0_20": 0.05, "bottleneck_sparse20": 0.0, "bottleneck_potter0_20": 0.75}
[pair_E] {"steps": 2451456, "elapsed_s": 1862.9, "coordination_ring_sparse20": 73.0, "coordination_ring_potter0_20": 0.05, "bottleneck_sparse20": 0.0, "bottleneck_potter0_20": 0.8}
[pair_E] {"steps": 2453504, "elapsed_s": 1864.6, "coordination_ring_sparse20": 73.0, "coordination_ring_potter0_20": 0.05, "bottleneck_sparse20": 0.0, "bottleneck_potter0_20": 0.75}
[pair_E] {"steps": 2455552, "elapsed_s": 1866.0, "coordination_ring_sparse20": 76.0, "coordination_ring_potter0_20": 0.0, "bottleneck_sparse20": 0.0, "bottleneck_potter0_20": 0.75}
[pair_E] {"steps": 2457600, "elapsed_s": 1867.5, "coordination_ring_sparse20": 79.0, "coordination_ring_potter0_20": 0.0, "bottleneck_sparse20": 0.0, "bottleneck_potter0_20": 0.75}
[pair_E] {"steps": 2459648, "elapsed_s": 1868.9, "coordination_ring_sparse20": 84.0, "coordination_ring_potter0_20": 0.1, "bottleneck_sparse20": 0.0, "bottleneck_potter0_20": 0.8}
[pair_E] {"steps": 2461696, "elapsed_s": 1870.4, "coordination_ring_sparse20": 83.0, "coordination_ring_potter0_20": 0.1, "bottleneck_sparse20": 0.0, "bottleneck_potter0_20": 0.8}
[pair_E] {"steps": 2463744, "elapsed_s": 1871.9, "coordination_ring_sparse20": 87.0, "coordination_ring_potter0_20": 0.15, "bottleneck_sparse20": 0.0, "bottleneck_potter0_20": 0.75}
[pair_E] {"steps": 2465792, "elapsed_s": 1873.3, "coordination_ring_sparse20": 87.0, "coordination_ring_potter0_20": 0.2, "bottleneck_sparse20": 0.0, "bottleneck_potter0_20": 0.7}
[pair_E] {"steps": 2467840, "elapsed_s": 1874.7, "coordination_ring_sparse20": 88.0, "coordination_ring_potter0_20": 0.2, "bottleneck_sparse20": 0.0, "bottleneck_potter0_20": 0.7}
[pair_E] {"steps": 2469888, "elapsed_s": 1876.2, "coordination_ring_sparse20": 87.0, "coordination_ring_potter0_20": 0.25, "bottleneck_sparse20": 0.0, "bottleneck_potter0_20": 0.7}
[pair_E] {"steps": 2471936, "elapsed_s": 1877.6, "coordination_ring_sparse20": 85.0, "coordination_ring_potter0_20": 0.25, "bottleneck_sparse20": 0.0, "bottleneck_potter0_20": 0.7}
[pair_E] {"steps": 2473984, "elapsed_s": 1879.0, "coordination_ring_sparse20": 90.0, "coordination_ring_potter0_20": 0.25, "bottleneck_sparse20": 0.0, "bottleneck_potter0_20": 0.7}
[pair_E] {"steps": 2476032, "elapsed_s": 1880.5, "coordination_ring_sparse20": 95.0, "coordination_ring_potter0_20": 0.25, "bottleneck_sparse20": 0.0, "bottleneck_potter0_20": 0.75}
[pair_E] {"steps": 2478080, "elapsed_s": 1881.9, "coordination_ring_sparse20": 99.0, "coordination_ring_potter0_20": 0.15, "bottleneck_sparse20": 0.0, "bottleneck_potter0_20": 0.75}
[pair_E] {"steps": 2480128, "elapsed_s": 1883.2, "coordination_ring_sparse20": 101.0, "coordination_ring_potter0_20": 0.15, "bottleneck_sparse20": 0.0, "bottleneck_potter0_20": 0.8}
[pair_E] {"steps": 2482176, "elapsed_s": 1884.5, "coordination_ring_sparse20": 102.0, "coordination_ring_potter0_20": 0.05, "bottleneck_sparse20": 0.0, "bottleneck_potter0_20": 0.8}
[pair_E] {"steps": 2484224, "elapsed_s": 1885.9, "coordination_ring_sparse20": 102.0, "coordination_ring_potter0_20": 0.05, "bottleneck_sparse20": 0.0, "bottleneck_potter0_20": 0.85}
[pair_E] {"steps": 2486272, "elapsed_s": 1887.4, "coordination_ring_sparse20": 103.0, "coordination_ring_potter0_20": 0.05, "bottleneck_sparse20": 0.0, "bottleneck_potter0_20": 0.9}
[pair_E] {"steps": 2488320, "elapsed_s": 1888.8, "coordination_ring_sparse20": 105.0, "coordination_ring_potter0_20": 0.05, "bottleneck_sparse20": 0.0, "bottleneck_potter0_20": 0.85}
[pair_E] {"steps": 2490368, "elapsed_s": 1890.1, "coordination_ring_sparse20": 100.0, "coordination_ring_potter0_20": 0.05, "bottleneck_sparse20": 0.0, "bottleneck_potter0_20": 0.8}
[pair_E] {"steps": 2492416, "elapsed_s": 1891.5, "coordination_ring_sparse20": 93.0, "coordination_ring_potter0_20": 0.0, "bottleneck_sparse20": 0.0, "bottleneck_potter0_20": 0.8}
[pair_E] {"steps": 2494464, "elapsed_s": 1892.8, "coordination_ring_sparse20": 88.0, "coordination_ring_potter0_20": 0.0, "bottleneck_sparse20": 0.0, "bottleneck_potter0_20": 0.8}
[pair_E] {"steps": 2496512, "elapsed_s": 1894.2, "coordination_ring_sparse20": 86.0, "coordination_ring_potter0_20": 0.0, "bottleneck_sparse20": 0.0, "bottleneck_potter0_20": 0.7}
[pair_E] {"steps": 2498560, "elapsed_s": 1895.6, "coordination_ring_sparse20": 85.0, "coordination_ring_potter0_20": 0.0, "bottleneck_sparse20": 0.0, "bottleneck_potter0_20": 0.7}
[pair_E] {"steps": 2500608, "elapsed_s": 1897.0, "coordination_ring_sparse20": 81.0, "coordination_ring_potter0_20": 0.0, "bottleneck_sparse20": 0.0, "bottleneck_potter0_20": 0.65}
[pair_E] {"steps": 2502656, "elapsed_s": 1898.4, "coordination_ring_sparse20": 79.0, "coordination_ring_potter0_20": 0.0, "bottleneck_sparse20": 0.0, "bottleneck_potter0_20": 0.6}
[pair_E] {"steps": 2504704, "elapsed_s": 1899.9, "coordination_ring_sparse20": 81.0, "coordination_ring_potter0_20": 0.0, "bottleneck_sparse20": 0.0, "bottleneck_potter0_20": 0.65}
[pair_E] {"steps": 2506752, "elapsed_s": 1901.4, "coordination_ring_sparse20": 81.0, "coordination_ring_potter0_20": 0.0, "bottleneck_sparse20": 0.0, "bottleneck_potter0_20": 0.65}
[pair_E] {"steps": 2508800, "elapsed_s": 1902.9, "coordination_ring_sparse20": 86.0, "coordination_ring_potter0_20": 0.0, "bottleneck_sparse20": 0.0, "bottleneck_potter0_20": 0.65}
[pair_E] {"steps": 2510848, "elapsed_s": 1904.3, "coordination_ring_sparse20": 83.0, "coordination_ring_potter0_20": 0.0, "bottleneck_sparse20": 0.0, "bottleneck_potter0_20": 0.6}
[pair_E] {"steps": 2512896, "elapsed_s": 1905.6, "coordination_ring_sparse20": 83.0, "coordination_ring_potter0_20": 0.0, "bottleneck_sparse20": 0.0, "bottleneck_potter0_20": 0.6}
[pair_E] {"steps": 2514944, "elapsed_s": 1907.0, "coordination_ring_sparse20": 87.0, "coordination_ring_potter0_20": 0.0, "bottleneck_sparse20": 0.0, "bottleneck_potter0_20": 0.7}
[pair_E] {"steps": 2516992, "elapsed_s": 1908.4, "coordination_ring_sparse20": 88.0, "coordination_ring_potter0_20": 0.0, "bottleneck_sparse20": 0.0, "bottleneck_potter0_20": 0.75}
[pair_E] {"steps": 2519040, "elapsed_s": 1909.9, "coordination_ring_sparse20": 85.0, "coordination_ring_potter0_20": 0.0, "bottleneck_sparse20": 0.0, "bottleneck_potter0_20": 0.8}
[pair_E] {"steps": 2521088, "elapsed_s": 1911.3, "coordination_ring_sparse20": 85.0, "coordination_ring_potter0_20": 0.0, "bottleneck_sparse20": 0.0, "bottleneck_potter0_20": 0.8}
[pair_E] {"steps": 2523136, "elapsed_s": 1912.6, "coordination_ring_sparse20": 91.0, "coordination_ring_potter0_20": 0.0, "bottleneck_sparse20": 0.0, "bottleneck_potter0_20": 0.75}
[pair_E] {"steps": 2525184, "elapsed_s": 1914.0, "coordination_ring_sparse20": 90.0, "coordination_ring_potter0_20": 0.0, "bottleneck_sparse20": 0.0, "bottleneck_potter0_20": 0.8}
[pair_E] {"steps": 2527232, "elapsed_s": 1915.4, "coordination_ring_sparse20": 93.0, "coordination_ring_potter0_20": 0.0, "bottleneck_sparse20": 0.0, "bottleneck_potter0_20": 0.8}
[pair_E] {"steps": 2529280, "elapsed_s": 1916.7, "coordination_ring_sparse20": 88.0, "coordination_ring_potter0_20": 0.0, "bottleneck_sparse20": 0.0, "bottleneck_potter0_20": 0.8}
[pair_E] {"steps": 2531328, "elapsed_s": 1918.2, "coordination_ring_sparse20": 89.0, "coordination_ring_potter0_20": 0.0, "bottleneck_sparse20": 0.0, "bottleneck_potter0_20": 0.8}
[pair_E] {"steps": 2533376, "elapsed_s": 1919.6, "coordination_ring_sparse20": 88.0, "coordination_ring_potter0_20": 0.0, "bottleneck_sparse20": 0.0, "bottleneck_potter0_20": 0.75}
[pair_E] {"steps": 2535424, "elapsed_s": 1921.0, "coordination_ring_sparse20": 92.0, "coordination_ring_potter0_20": 0.0, "bottleneck_sparse20": 0.0, "bottleneck_potter0_20": 0.75}
[pair_E] {"steps": 2537472, "elapsed_s": 1922.4, "coordination_ring_sparse20": 84.0, "coordination_ring_potter0_20": 0.0, "bottleneck_sparse20": 0.0, "bottleneck_potter0_20": 0.75}
[pair_E] {"steps": 2539520, "elapsed_s": 1923.8, "coordination_ring_sparse20": 82.0, "coordination_ring_potter0_20": 0.0, "bottleneck_sparse20": 0.0, "bottleneck_potter0_20": 0.7}
[pair_E] {"steps": 2541568, "elapsed_s": 1925.2, "coordination_ring_sparse20": 80.0, "coordination_ring_potter0_20": 0.05, "bottleneck_sparse20": 0.0, "bottleneck_potter0_20": 0.7}
[pair_E] {"steps": 2543616, "elapsed_s": 1926.7, "coordination_ring_sparse20": 79.0, "coordination_ring_potter0_20": 0.05, "bottleneck_sparse20": 0.0, "bottleneck_potter0_20": 0.65}
[pair_E] {"steps": 2545664, "elapsed_s": 1928.0, "coordination_ring_sparse20": 80.0, "coordination_ring_potter0_20": 0.05, "bottleneck_sparse20": 0.0, "bottleneck_potter0_20": 0.65}
[pair_E] {"steps": 2547712, "elapsed_s": 1929.5, "coordination_ring_sparse20": 81.0, "coordination_ring_potter0_20": 0.05, "bottleneck_sparse20": 0.0, "bottleneck_potter0_20": 0.7}
[pair_E] {"steps": 2549760, "elapsed_s": 1930.9, "coordination_ring_sparse20": 71.0, "coordination_ring_potter0_20": 0.05, "bottleneck_sparse20": 0.0, "bottleneck_potter0_20": 0.65}
[pair_E] {"steps": 2551808, "elapsed_s": 1932.3, "coordination_ring_sparse20": 66.0, "coordination_ring_potter0_20": 0.05, "bottleneck_sparse20": 0.0, "bottleneck_potter0_20": 0.7}
[pair_E] {"steps": 2553856, "elapsed_s": 1933.7, "coordination_ring_sparse20": 69.0, "coordination_ring_potter0_20": 0.05, "bottleneck_sparse20": 0.0, "bottleneck_potter0_20": 0.6}
[pair_E] {"steps": 2555904, "elapsed_s": 1935.1, "coordination_ring_sparse20": 61.0, "coordination_ring_potter0_20": 0.1, "bottleneck_sparse20": 0.0, "bottleneck_potter0_20": 0.65}
[pair_E] {"steps": 2557952, "elapsed_s": 1936.5, "coordination_ring_sparse20": 59.0, "coordination_ring_potter0_20": 0.1, "bottleneck_sparse20": 0.0, "bottleneck_potter0_20": 0.65}
[pair_E] {"steps": 2560000, "elapsed_s": 1938.2, "coordination_ring_sparse20": 60.0, "coordination_ring_potter0_20": 0.1, "bottleneck_sparse20": 0.0, "bottleneck_potter0_20": 0.7}
[pair_E] {"steps": 2562048, "elapsed_s": 1939.7, "coordination_ring_sparse20": 65.0, "coordination_ring_potter0_20": 0.1, "bottleneck_sparse20": 0.0, "bottleneck_potter0_20": 0.7}
[pair_E] {"steps": 2564096, "elapsed_s": 1941.3, "coordination_ring_sparse20": 66.0, "coordination_ring_potter0_20": 0.1, "bottleneck_sparse20": 0.0, "bottleneck_potter0_20": 0.7}
[pair_E] {"steps": 2566144, "elapsed_s": 1942.7, "coordination_ring_sparse20": 66.0, "coordination_ring_potter0_20": 0.1, "bottleneck_sparse20": 0.0, "bottleneck_potter0_20": 0.6}
[pair_E] {"steps": 2568192, "elapsed_s": 1944.0, "coordination_ring_sparse20": 68.0, "coordination_ring_potter0_20": 0.1, "bottleneck_sparse20": 0.0, "bottleneck_potter0_20": 0.7}
[pair_E] {"steps": 2570240, "elapsed_s": 1945.4, "coordination_ring_sparse20": 73.0, "coordination_ring_potter0_20": 0.15, "bottleneck_sparse20": 0.0, "bottleneck_potter0_20": 0.7}
[pair_E] {"steps": 2572288, "elapsed_s": 1946.8, "coordination_ring_sparse20": 80.0, "coordination_ring_potter0_20": 0.1, "bottleneck_sparse20": 0.0, "bottleneck_potter0_20": 0.7}
[pair_E] {"steps": 2574336, "elapsed_s": 1948.3, "coordination_ring_sparse20": 82.0, "coordination_ring_potter0_20": 0.05, "bottleneck_sparse20": 0.0, "bottleneck_potter0_20": 0.7}
[pair_E] {"steps": 2576384, "elapsed_s": 1949.6, "coordination_ring_sparse20": 84.0, "coordination_ring_potter0_20": 0.05, "bottleneck_sparse20": 0.0, "bottleneck_potter0_20": 0.7}
[pair_E] {"steps": 2578432, "elapsed_s": 1951.0, "coordination_ring_sparse20": 89.0, "coordination_ring_potter0_20": 0.05, "bottleneck_sparse20": 0.0, "bottleneck_potter0_20": 0.7}
[pair_E] {"steps": 2580480, "elapsed_s": 1952.4, "coordination_ring_sparse20": 88.0, "coordination_ring_potter0_20": 0.05, "bottleneck_sparse20": 0.0, "bottleneck_potter0_20": 0.7}
[pair_E] {"steps": 2582528, "elapsed_s": 1953.8, "coordination_ring_sparse20": 88.0, "coordination_ring_potter0_20": 0.0, "bottleneck_sparse20": 0.0, "bottleneck_potter0_20": 0.7}
[pair_E] {"steps": 2584576, "elapsed_s": 1955.2, "coordination_ring_sparse20": 91.0, "coordination_ring_potter0_20": 0.0, "bottleneck_sparse20": 0.0, "bottleneck_potter0_20": 0.7}
[pair_E] {"steps": 2586624, "elapsed_s": 1956.7, "coordination_ring_sparse20": 91.0, "coordination_ring_potter0_20": 0.0, "bottleneck_sparse20": 0.0, "bottleneck_potter0_20": 0.7}
[pair_E] {"steps": 2588672, "elapsed_s": 1958.1, "coordination_ring_sparse20": 90.0, "coordination_ring_potter0_20": 0.0, "bottleneck_sparse20": 0.0, "bottleneck_potter0_20": 0.75}
[pair_E] {"steps": 2590720, "elapsed_s": 1959.5, "coordination_ring_sparse20": 97.0, "coordination_ring_potter0_20": 0.0, "bottleneck_sparse20": 0.0, "bottleneck_potter0_20": 0.8}
[pair_E] {"steps": 2592768, "elapsed_s": 1961.0, "coordination_ring_sparse20": 99.0, "coordination_ring_potter0_20": 0.0, "bottleneck_sparse20": 0.0, "bottleneck_potter0_20": 0.8}
[pair_E] {"steps": 2594816, "elapsed_s": 1962.4, "coordination_ring_sparse20": 101.0, "coordination_ring_potter0_20": 0.0, "bottleneck_sparse20": 0.0, "bottleneck_potter0_20": 0.8}
[pair_E] {"steps": 2596864, "elapsed_s": 1963.7, "coordination_ring_sparse20": 106.0, "coordination_ring_potter0_20": 0.0, "bottleneck_sparse20": 0.0, "bottleneck_potter0_20": 0.8}
[pair_E] {"steps": 2598912, "elapsed_s": 1965.3, "coordination_ring_sparse20": 106.0, "coordination_ring_potter0_20": 0.0, "bottleneck_sparse20": 0.0, "bottleneck_potter0_20": 0.75}
[pair_E] {"steps": 2600960, "elapsed_s": 1966.7, "coordination_ring_sparse20": 106.0, "coordination_ring_potter0_20": 0.0, "bottleneck_sparse20": 0.0, "bottleneck_potter0_20": 0.75}
[pair_E] {"steps": 2603008, "elapsed_s": 1968.0, "coordination_ring_sparse20": 104.0, "coordination_ring_potter0_20": 0.0, "bottleneck_sparse20": 0.0, "bottleneck_potter0_20": 0.7}
[pair_E] {"steps": 2605056, "elapsed_s": 1969.4, "coordination_ring_sparse20": 104.0, "coordination_ring_potter0_20": 0.0, "bottleneck_sparse20": 0.0, "bottleneck_potter0_20": 0.7}
[pair_E] {"steps": 2607104, "elapsed_s": 1970.8, "coordination_ring_sparse20": 104.0, "coordination_ring_potter0_20": 0.0, "bottleneck_sparse20": 0.0, "bottleneck_potter0_20": 0.75}
[pair_E] {"steps": 2609152, "elapsed_s": 1972.2, "coordination_ring_sparse20": 100.0, "coordination_ring_potter0_20": 0.0, "bottleneck_sparse20": 0.0, "bottleneck_potter0_20": 0.75}
[pair_E] {"steps": 2611200, "elapsed_s": 1973.6, "coordination_ring_sparse20": 102.0, "coordination_ring_potter0_20": 0.0, "bottleneck_sparse20": 0.0, "bottleneck_potter0_20": 0.7}
[pair_E] {"steps": 2613248, "elapsed_s": 1975.2, "coordination_ring_sparse20": 108.0, "coordination_ring_potter0_20": 0.0, "bottleneck_sparse20": 0.0, "bottleneck_potter0_20": 0.7}
[pair_E] {"steps": 2615296, "elapsed_s": 1976.6, "coordination_ring_sparse20": 107.0, "coordination_ring_potter0_20": 0.0, "bottleneck_sparse20": 0.0, "bottleneck_potter0_20": 0.75}
[pair_E] {"steps": 2617344, "elapsed_s": 1978.0, "coordination_ring_sparse20": 100.0, "coordination_ring_potter0_20": 0.0, "bottleneck_sparse20": 0.0, "bottleneck_potter0_20": 0.75}
[pair_E] {"steps": 2619392, "elapsed_s": 1979.3, "coordination_ring_sparse20": 101.0, "coordination_ring_potter0_20": 0.0, "bottleneck_sparse20": 0.0, "bottleneck_potter0_20": 0.75}
[pair_E] {"steps": 2621440, "elapsed_s": 1980.8, "coordination_ring_sparse20": 102.0, "coordination_ring_potter0_20": 0.0, "bottleneck_sparse20": 0.0, "bottleneck_potter0_20": 0.85}
[pair_E] {"steps": 2623488, "elapsed_s": 1982.3, "coordination_ring_sparse20": 98.0, "coordination_ring_potter0_20": 0.0, "bottleneck_sparse20": 0.0, "bottleneck_potter0_20": 0.85}
[pair_E] {"steps": 2625536, "elapsed_s": 1983.6, "coordination_ring_sparse20": 92.0, "coordination_ring_potter0_20": 0.05, "bottleneck_sparse20": 0.0, "bottleneck_potter0_20": 0.75}
[pair_E] {"steps": 2627584, "elapsed_s": 1984.9, "coordination_ring_sparse20": 95.0, "coordination_ring_potter0_20": 0.1, "bottleneck_sparse20": 0.0, "bottleneck_potter0_20": 0.8}
[pair_E] {"steps": 2629632, "elapsed_s": 1986.3, "coordination_ring_sparse20": 99.0, "coordination_ring_potter0_20": 0.1, "bottleneck_sparse20": 0.0, "bottleneck_potter0_20": 0.8}
[pair_E] {"steps": 2631680, "elapsed_s": 1987.7, "coordination_ring_sparse20": 98.0, "coordination_ring_potter0_20": 0.1, "bottleneck_sparse20": 0.0, "bottleneck_potter0_20": 0.75}
[pair_E] {"steps": 2633728, "elapsed_s": 1989.0, "coordination_ring_sparse20": 97.0, "coordination_ring_potter0_20": 0.1, "bottleneck_sparse20": 0.0, "bottleneck_potter0_20": 0.75}
[pair_E] {"steps": 2635776, "elapsed_s": 1990.4, "coordination_ring_sparse20": 102.0, "coordination_ring_potter0_20": 0.1, "bottleneck_sparse20": 0.0, "bottleneck_potter0_20": 0.75}
[pair_E] {"steps": 2637824, "elapsed_s": 1991.8, "coordination_ring_sparse20": 102.0, "coordination_ring_potter0_20": 0.1, "bottleneck_sparse20": 0.0, "bottleneck_potter0_20": 0.7}
[pair_E] {"steps": 2639872, "elapsed_s": 1993.3, "coordination_ring_sparse20": 101.0, "coordination_ring_potter0_20": 0.1, "bottleneck_sparse20": 0.0, "bottleneck_potter0_20": 0.7}
[pair_E] {"steps": 2641920, "elapsed_s": 1994.7, "coordination_ring_sparse20": 103.0, "coordination_ring_potter0_20": 0.0, "bottleneck_sparse20": 0.0, "bottleneck_potter0_20": 0.7}
[pair_E] {"steps": 2643968, "elapsed_s": 1996.0, "coordination_ring_sparse20": 106.0, "coordination_ring_potter0_20": 0.0, "bottleneck_sparse20": 0.0, "bottleneck_potter0_20": 0.75}
[pair_E] {"steps": 2646016, "elapsed_s": 1997.6, "coordination_ring_sparse20": 106.0, "coordination_ring_potter0_20": 0.0, "bottleneck_sparse20": 0.0, "bottleneck_potter0_20": 0.75}
[pair_E] {"steps": 2648064, "elapsed_s": 1999.1, "coordination_ring_sparse20": 106.0, "coordination_ring_potter0_20": 0.05, "bottleneck_sparse20": 0.0, "bottleneck_potter0_20": 0.85}
[pair_E] {"steps": 2650112, "elapsed_s": 2000.5, "coordination_ring_sparse20": 107.0, "coordination_ring_potter0_20": 0.1, "bottleneck_sparse20": 0.0, "bottleneck_potter0_20": 0.8}
[pair_E] {"steps": 2652160, "elapsed_s": 2001.9, "coordination_ring_sparse20": 107.0, "coordination_ring_potter0_20": 0.1, "bottleneck_sparse20": 0.0, "bottleneck_potter0_20": 0.7}
[pair_E] {"steps": 2654208, "elapsed_s": 2003.4, "coordination_ring_sparse20": 108.0, "coordination_ring_potter0_20": 0.15, "bottleneck_sparse20": 0.0, "bottleneck_potter0_20": 0.55}
[pair_E] {"steps": 2656256, "elapsed_s": 2004.8, "coordination_ring_sparse20": 105.0, "coordination_ring_potter0_20": 0.15, "bottleneck_sparse20": 0.0, "bottleneck_potter0_20": 0.55}
[pair_E] {"steps": 2658304, "elapsed_s": 2006.2, "coordination_ring_sparse20": 101.0, "coordination_ring_potter0_20": 0.15, "bottleneck_sparse20": 0.0, "bottleneck_potter0_20": 0.6}
[pair_E] {"steps": 2660352, "elapsed_s": 2007.6, "coordination_ring_sparse20": 102.0, "coordination_ring_potter0_20": 0.15, "bottleneck_sparse20": 0.0, "bottleneck_potter0_20": 0.6}
[pair_E] {"steps": 2662400, "elapsed_s": 2009.1, "coordination_ring_sparse20": 101.0, "coordination_ring_potter0_20": 0.15, "bottleneck_sparse20": 0.0, "bottleneck_potter0_20": 0.55}
[pair_E] {"steps": 2664448, "elapsed_s": 2010.6, "coordination_ring_sparse20": 101.0, "coordination_ring_potter0_20": 0.15, "bottleneck_sparse20": 0.0, "bottleneck_potter0_20": 0.55}
[pair_E] {"steps": 2666496, "elapsed_s": 2012.0, "coordination_ring_sparse20": 102.0, "coordination_ring_potter0_20": 0.1, "bottleneck_sparse20": 0.0, "bottleneck_potter0_20": 0.55}
[pair_E] {"steps": 2668544, "elapsed_s": 2013.4, "coordination_ring_sparse20": 102.0, "coordination_ring_potter0_20": 0.05, "bottleneck_sparse20": 0.0, "bottleneck_potter0_20": 0.65}
[pair_E] {"steps": 2670592, "elapsed_s": 2014.9, "coordination_ring_sparse20": 102.0, "coordination_ring_potter0_20": 0.1, "bottleneck_sparse20": 0.0, "bottleneck_potter0_20": 0.75}
[pair_E] {"steps": 2672640, "elapsed_s": 2016.4, "coordination_ring_sparse20": 99.0, "coordination_ring_potter0_20": 0.05, "bottleneck_sparse20": 0.0, "bottleneck_potter0_20": 0.75}
[pair_E] {"steps": 2674688, "elapsed_s": 2017.7, "coordination_ring_sparse20": 103.0, "coordination_ring_potter0_20": 0.05, "bottleneck_sparse20": 0.0, "bottleneck_potter0_20": 0.75}
[pair_E] {"steps": 2676736, "elapsed_s": 2019.3, "coordination_ring_sparse20": 100.0, "coordination_ring_potter0_20": 0.05, "bottleneck_sparse20": 0.0, "bottleneck_potter0_20": 0.8}
[pair_E] {"steps": 2678784, "elapsed_s": 2020.6, "coordination_ring_sparse20": 99.0, "coordination_ring_potter0_20": 0.05, "bottleneck_sparse20": 0.0, "bottleneck_potter0_20": 0.8}
[pair_E] {"steps": 2680832, "elapsed_s": 2022.0, "coordination_ring_sparse20": 103.0, "coordination_ring_potter0_20": 0.05, "bottleneck_sparse20": 0.0, "bottleneck_potter0_20": 0.8}
[pair_E] {"steps": 2682880, "elapsed_s": 2023.4, "coordination_ring_sparse20": 103.0, "coordination_ring_potter0_20": 0.05, "bottleneck_sparse20": 0.0, "bottleneck_potter0_20": 0.9}
[pair_E] {"steps": 2684928, "elapsed_s": 2024.8, "coordination_ring_sparse20": 104.0, "coordination_ring_potter0_20": 0.05, "bottleneck_sparse20": 0.0, "bottleneck_potter0_20": 0.8}
[pair_E] {"steps": 2686976, "elapsed_s": 2026.2, "coordination_ring_sparse20": 103.0, "coordination_ring_potter0_20": 0.0, "bottleneck_sparse20": 0.0, "bottleneck_potter0_20": 0.8}
[pair_E] {"steps": 2689024, "elapsed_s": 2027.7, "coordination_ring_sparse20": 102.0, "coordination_ring_potter0_20": 0.0, "bottleneck_sparse20": 0.0, "bottleneck_potter0_20": 0.7}
[pair_E] {"steps": 2691072, "elapsed_s": 2029.1, "coordination_ring_sparse20": 97.0, "coordination_ring_potter0_20": 0.0, "bottleneck_sparse20": 0.0, "bottleneck_potter0_20": 0.7}
[pair_E] {"steps": 2693120, "elapsed_s": 2030.6, "coordination_ring_sparse20": 94.0, "coordination_ring_potter0_20": 0.0, "bottleneck_sparse20": 0.0, "bottleneck_potter0_20": 0.65}
[pair_E] {"steps": 2695168, "elapsed_s": 2032.0, "coordination_ring_sparse20": 91.0, "coordination_ring_potter0_20": 0.0, "bottleneck_sparse20": 0.0, "bottleneck_potter0_20": 0.65}
[pair_E] {"steps": 2697216, "elapsed_s": 2033.5, "coordination_ring_sparse20": 91.0, "coordination_ring_potter0_20": 0.0, "bottleneck_sparse20": 0.0, "bottleneck_potter0_20": 0.65}
[pair_E] {"steps": 2699264, "elapsed_s": 2035.0, "coordination_ring_sparse20": 91.0, "coordination_ring_potter0_20": 0.0, "bottleneck_sparse20": 0.0, "bottleneck_potter0_20": 0.7}
[pair_E] {"steps": 2701312, "elapsed_s": 2036.5, "coordination_ring_sparse20": 92.0, "coordination_ring_potter0_20": 0.0, "bottleneck_sparse20": 0.0, "bottleneck_potter0_20": 0.75}
[pair_E] {"steps": 2703360, "elapsed_s": 2037.8, "coordination_ring_sparse20": 90.0, "coordination_ring_potter0_20": 0.0, "bottleneck_sparse20": 0.0, "bottleneck_potter0_20": 0.8}
[pair_E] {"steps": 2705408, "elapsed_s": 2039.2, "coordination_ring_sparse20": 93.0, "coordination_ring_potter0_20": 0.0, "bottleneck_sparse20": 0.0, "bottleneck_potter0_20": 0.8}
[pair_E] {"steps": 2707456, "elapsed_s": 2040.6, "coordination_ring_sparse20": 102.0, "coordination_ring_potter0_20": 0.0, "bottleneck_sparse20": 0.0, "bottleneck_potter0_20": 0.85}
[pair_E] {"steps": 2709504, "elapsed_s": 2042.0, "coordination_ring_sparse20": 102.0, "coordination_ring_potter0_20": 0.0, "bottleneck_sparse20": 0.0, "bottleneck_potter0_20": 0.8}
[pair_E] {"steps": 2711552, "elapsed_s": 2043.4, "coordination_ring_sparse20": 104.0, "coordination_ring_potter0_20": 0.0, "bottleneck_sparse20": 0.0, "bottleneck_potter0_20": 0.7}
[pair_E] {"steps": 2713600, "elapsed_s": 2044.9, "coordination_ring_sparse20": 105.0, "coordination_ring_potter0_20": 0.0, "bottleneck_sparse20": 0.0, "bottleneck_potter0_20": 0.65}
[pair_E] {"steps": 2715648, "elapsed_s": 2046.3, "coordination_ring_sparse20": 107.0, "coordination_ring_potter0_20": 0.0, "bottleneck_sparse20": 0.0, "bottleneck_potter0_20": 0.7}
[pair_E] {"steps": 2717696, "elapsed_s": 2047.7, "coordination_ring_sparse20": 111.0, "coordination_ring_potter0_20": 0.0, "bottleneck_sparse20": 0.0, "bottleneck_potter0_20": 0.65}
[pair_E] {"steps": 2719744, "elapsed_s": 2049.3, "coordination_ring_sparse20": 117.0, "coordination_ring_potter0_20": 0.0, "bottleneck_sparse20": 0.0, "bottleneck_potter0_20": 0.65}
[pair_E] {"steps": 2721792, "elapsed_s": 2050.8, "coordination_ring_sparse20": 116.0, "coordination_ring_potter0_20": 0.0, "bottleneck_sparse20": 0.0, "bottleneck_potter0_20": 0.65}
[pair_E] {"steps": 2723840, "elapsed_s": 2052.2, "coordination_ring_sparse20": 116.0, "coordination_ring_potter0_20": 0.0, "bottleneck_sparse20": 0.0, "bottleneck_potter0_20": 0.65}
[pair_E] {"steps": 2725888, "elapsed_s": 2053.7, "coordination_ring_sparse20": 119.0, "coordination_ring_potter0_20": 0.0, "bottleneck_sparse20": 0.0, "bottleneck_potter0_20": 0.65}
[pair_E] {"steps": 2727936, "elapsed_s": 2055.2, "coordination_ring_sparse20": 120.0, "coordination_ring_potter0_20": 0.0, "bottleneck_sparse20": 0.0, "bottleneck_potter0_20": 0.7}
[pair_E] {"steps": 2729984, "elapsed_s": 2056.6, "coordination_ring_sparse20": 118.0, "coordination_ring_potter0_20": 0.0, "bottleneck_sparse20": 0.0, "bottleneck_potter0_20": 0.7}
[pair_E] {"steps": 2732032, "elapsed_s": 2058.0, "coordination_ring_sparse20": 118.0, "coordination_ring_potter0_20": 0.0, "bottleneck_sparse20": 0.0, "bottleneck_potter0_20": 0.6}
[pair_E] {"steps": 2734080, "elapsed_s": 2059.4, "coordination_ring_sparse20": 115.0, "coordination_ring_potter0_20": 0.0, "bottleneck_sparse20": 0.0, "bottleneck_potter0_20": 0.7}
[pair_E] {"steps": 2736128, "elapsed_s": 2060.8, "coordination_ring_sparse20": 114.0, "coordination_ring_potter0_20": 0.0, "bottleneck_sparse20": 0.0, "bottleneck_potter0_20": 0.65}
[pair_E] {"steps": 2738176, "elapsed_s": 2062.1, "coordination_ring_sparse20": 115.0, "coordination_ring_potter0_20": 0.0, "bottleneck_sparse20": 0.0, "bottleneck_potter0_20": 0.6}
[pair_E] {"steps": 2740224, "elapsed_s": 2063.5, "coordination_ring_sparse20": 116.0, "coordination_ring_potter0_20": 0.0, "bottleneck_sparse20": 0.0, "bottleneck_potter0_20": 0.5}
[pair_E] {"steps": 2742272, "elapsed_s": 2064.9, "coordination_ring_sparse20": 113.0, "coordination_ring_potter0_20": 0.0, "bottleneck_sparse20": 0.0, "bottleneck_potter0_20": 0.45}
[pair_E] {"steps": 2744320, "elapsed_s": 2066.3, "coordination_ring_sparse20": 109.0, "coordination_ring_potter0_20": 0.0, "bottleneck_sparse20": 0.0, "bottleneck_potter0_20": 0.5}
[pair_E] {"steps": 2746368, "elapsed_s": 2067.6, "coordination_ring_sparse20": 107.0, "coordination_ring_potter0_20": 0.0, "bottleneck_sparse20": 0.0, "bottleneck_potter0_20": 0.45}
[pair_E] {"steps": 2748416, "elapsed_s": 2069.1, "coordination_ring_sparse20": 102.0, "coordination_ring_potter0_20": 0.0, "bottleneck_sparse20": 0.0, "bottleneck_potter0_20": 0.45}
[pair_E] {"steps": 2750464, "elapsed_s": 2070.5, "coordination_ring_sparse20": 94.0, "coordination_ring_potter0_20": 0.0, "bottleneck_sparse20": 0.0, "bottleneck_potter0_20": 0.55}
[pair_E] {"steps": 2752512, "elapsed_s": 2072.0, "coordination_ring_sparse20": 94.0, "coordination_ring_potter0_20": 0.0, "bottleneck_sparse20": 0.0, "bottleneck_potter0_20": 0.55}
[pair_E] {"steps": 2754560, "elapsed_s": 2073.5, "coordination_ring_sparse20": 93.0, "coordination_ring_potter0_20": 0.0, "bottleneck_sparse20": 0.0, "bottleneck_potter0_20": 0.55}
[pair_E] {"steps": 2756608, "elapsed_s": 2074.8, "coordination_ring_sparse20": 92.0, "coordination_ring_potter0_20": 0.0, "bottleneck_sparse20": 0.0, "bottleneck_potter0_20": 0.55}
[pair_E] {"steps": 2758656, "elapsed_s": 2076.1, "coordination_ring_sparse20": 84.0, "coordination_ring_potter0_20": 0.0, "bottleneck_sparse20": 0.0, "bottleneck_potter0_20": 0.55}
[pair_E] {"steps": 2760704, "elapsed_s": 2077.6, "coordination_ring_sparse20": 84.0, "coordination_ring_potter0_20": 0.0, "bottleneck_sparse20": 0.0, "bottleneck_potter0_20": 0.65}
[pair_E] {"steps": 2762752, "elapsed_s": 2079.0, "coordination_ring_sparse20": 81.0, "coordination_ring_potter0_20": 0.0, "bottleneck_sparse20": 0.0, "bottleneck_potter0_20": 0.65}
[pair_E] {"steps": 2764800, "elapsed_s": 2080.6, "coordination_ring_sparse20": 86.0, "coordination_ring_potter0_20": 0.0, "bottleneck_sparse20": 0.0, "bottleneck_potter0_20": 0.7}
[pair_E] {"steps": 2766848, "elapsed_s": 2082.1, "coordination_ring_sparse20": 90.0, "coordination_ring_potter0_20": 0.0, "bottleneck_sparse20": 0.0, "bottleneck_potter0_20": 0.7}
[pair_E] {"steps": 2768896, "elapsed_s": 2083.4, "coordination_ring_sparse20": 98.0, "coordination_ring_potter0_20": 0.0, "bottleneck_sparse20": 0.0, "bottleneck_potter0_20": 0.7}
[pair_E] {"steps": 2770944, "elapsed_s": 2084.8, "coordination_ring_sparse20": 99.0, "coordination_ring_potter0_20": 0.0, "bottleneck_sparse20": 0.0, "bottleneck_potter0_20": 0.7}
[pair_E] {"steps": 2772992, "elapsed_s": 2086.4, "coordination_ring_sparse20": 100.0, "coordination_ring_potter0_20": 0.0, "bottleneck_sparse20": 0.0, "bottleneck_potter0_20": 0.75}
[pair_E] {"steps": 2775040, "elapsed_s": 2087.7, "coordination_ring_sparse20": 110.0, "coordination_ring_potter0_20": 0.0, "bottleneck_sparse20": 0.0, "bottleneck_potter0_20": 0.75}
[pair_E] {"steps": 2777088, "elapsed_s": 2089.2, "coordination_ring_sparse20": 108.0, "coordination_ring_potter0_20": 0.0, "bottleneck_sparse20": 0.0, "bottleneck_potter0_20": 0.75}
[pair_E] {"steps": 2779136, "elapsed_s": 2090.7, "coordination_ring_sparse20": 109.0, "coordination_ring_potter0_20": 0.0, "bottleneck_sparse20": 0.0, "bottleneck_potter0_20": 0.7}
[pair_E] {"steps": 2781184, "elapsed_s": 2092.1, "coordination_ring_sparse20": 109.0, "coordination_ring_potter0_20": 0.0, "bottleneck_sparse20": 0.0, "bottleneck_potter0_20": 0.7}
[pair_E] {"steps": 2783232, "elapsed_s": 2093.5, "coordination_ring_sparse20": 104.0, "coordination_ring_potter0_20": 0.05, "bottleneck_sparse20": 0.0, "bottleneck_potter0_20": 0.65}
[pair_E] {"steps": 2785280, "elapsed_s": 2094.8, "coordination_ring_sparse20": 105.0, "coordination_ring_potter0_20": 0.05, "bottleneck_sparse20": 0.0, "bottleneck_potter0_20": 0.65}
[pair_E] {"steps": 2787328, "elapsed_s": 2096.2, "coordination_ring_sparse20": 106.0, "coordination_ring_potter0_20": 0.05, "bottleneck_sparse20": 0.0, "bottleneck_potter0_20": 0.7}
[pair_E] {"steps": 2789376, "elapsed_s": 2097.7, "coordination_ring_sparse20": 107.0, "coordination_ring_potter0_20": 0.05, "bottleneck_sparse20": 0.0, "bottleneck_potter0_20": 0.75}
[pair_E] {"steps": 2791424, "elapsed_s": 2099.2, "coordination_ring_sparse20": 106.0, "coordination_ring_potter0_20": 0.05, "bottleneck_sparse20": 0.0, "bottleneck_potter0_20": 0.8}
[pair_E] {"steps": 2793472, "elapsed_s": 2100.6, "coordination_ring_sparse20": 102.0, "coordination_ring_potter0_20": 0.05, "bottleneck_sparse20": 0.0, "bottleneck_potter0_20": 0.85}
[pair_E] {"steps": 2795520, "elapsed_s": 2101.9, "coordination_ring_sparse20": 99.0, "coordination_ring_potter0_20": 0.05, "bottleneck_sparse20": 0.0, "bottleneck_potter0_20": 0.8}
[pair_E] {"steps": 2797568, "elapsed_s": 2103.4, "coordination_ring_sparse20": 100.0, "coordination_ring_potter0_20": 0.05, "bottleneck_sparse20": 0.0, "bottleneck_potter0_20": 0.8}
[pair_E] {"steps": 2799616, "elapsed_s": 2104.7, "coordination_ring_sparse20": 104.0, "coordination_ring_potter0_20": 0.0, "bottleneck_sparse20": 0.0, "bottleneck_potter0_20": 0.75}
[pair_E] {"steps": 2801664, "elapsed_s": 2106.1, "coordination_ring_sparse20": 104.0, "coordination_ring_potter0_20": 0.0, "bottleneck_sparse20": 0.0, "bottleneck_potter0_20": 0.8}
[pair_E] {"steps": 2803712, "elapsed_s": 2107.5, "coordination_ring_sparse20": 104.0, "coordination_ring_potter0_20": 0.0, "bottleneck_sparse20": 0.0, "bottleneck_potter0_20": 0.8}
[pair_E] {"steps": 2805760, "elapsed_s": 2108.9, "coordination_ring_sparse20": 107.0, "coordination_ring_potter0_20": 0.0, "bottleneck_sparse20": 0.0, "bottleneck_potter0_20": 0.8}
[pair_E] {"steps": 2807808, "elapsed_s": 2110.2, "coordination_ring_sparse20": 106.0, "coordination_ring_potter0_20": 0.0, "bottleneck_sparse20": 0.0, "bottleneck_potter0_20": 0.75}
[pair_E] {"steps": 2809856, "elapsed_s": 2111.6, "coordination_ring_sparse20": 108.0, "coordination_ring_potter0_20": 0.0, "bottleneck_sparse20": 0.0, "bottleneck_potter0_20": 0.75}
[pair_E] {"steps": 2811904, "elapsed_s": 2112.9, "coordination_ring_sparse20": 109.0, "coordination_ring_potter0_20": 0.0, "bottleneck_sparse20": 0.0, "bottleneck_potter0_20": 0.75}
[pair_E] {"steps": 2813952, "elapsed_s": 2114.2, "coordination_ring_sparse20": 108.0, "coordination_ring_potter0_20": 0.0, "bottleneck_sparse20": 0.0, "bottleneck_potter0_20": 0.7}
[pair_E] {"steps": 2816000, "elapsed_s": 2115.6, "coordination_ring_sparse20": 108.0, "coordination_ring_potter0_20": 0.0, "bottleneck_sparse20": 0.0, "bottleneck_potter0_20": 0.7}
[pair_E] {"steps": 2818048, "elapsed_s": 2117.0, "coordination_ring_sparse20": 112.0, "coordination_ring_potter0_20": 0.0, "bottleneck_sparse20": 0.0, "bottleneck_potter0_20": 0.7}
[pair_E] {"steps": 2820096, "elapsed_s": 2118.4, "coordination_ring_sparse20": 112.0, "coordination_ring_potter0_20": 0.0, "bottleneck_sparse20": 0.0, "bottleneck_potter0_20": 0.75}
[pair_E] {"steps": 2822144, "elapsed_s": 2119.8, "coordination_ring_sparse20": 108.0, "coordination_ring_potter0_20": 0.05, "bottleneck_sparse20": 0.0, "bottleneck_potter0_20": 0.75}
[pair_E] {"steps": 2824192, "elapsed_s": 2121.2, "coordination_ring_sparse20": 108.0, "coordination_ring_potter0_20": 0.1, "bottleneck_sparse20": 0.0, "bottleneck_potter0_20": 0.75}
[pair_E] {"steps": 2826240, "elapsed_s": 2122.7, "coordination_ring_sparse20": 110.0, "coordination_ring_potter0_20": 0.1, "bottleneck_sparse20": 0.0, "bottleneck_potter0_20": 0.8}
[pair_E] {"steps": 2828288, "elapsed_s": 2124.1, "coordination_ring_sparse20": 110.0, "coordination_ring_potter0_20": 0.1, "bottleneck_sparse20": 0.0, "bottleneck_potter0_20": 0.8}
[pair_E] {"steps": 2830336, "elapsed_s": 2125.5, "coordination_ring_sparse20": 103.0, "coordination_ring_potter0_20": 0.15, "bottleneck_sparse20": 0.0, "bottleneck_potter0_20": 0.75}
[pair_E] {"steps": 2832384, "elapsed_s": 2126.9, "coordination_ring_sparse20": 101.0, "coordination_ring_potter0_20": 0.15, "bottleneck_sparse20": 0.0, "bottleneck_potter0_20": 0.75}
[pair_E] {"steps": 2834432, "elapsed_s": 2128.3, "coordination_ring_sparse20": 98.0, "coordination_ring_potter0_20": 0.15, "bottleneck_sparse20": 0.0, "bottleneck_potter0_20": 0.65}
[pair_E] {"steps": 2836480, "elapsed_s": 2129.6, "coordination_ring_sparse20": 96.0, "coordination_ring_potter0_20": 0.15, "bottleneck_sparse20": 0.0, "bottleneck_potter0_20": 0.75}
[pair_E] {"steps": 2838528, "elapsed_s": 2131.1, "coordination_ring_sparse20": 99.0, "coordination_ring_potter0_20": 0.1, "bottleneck_sparse20": 0.0, "bottleneck_potter0_20": 0.75}
[pair_E] {"steps": 2840576, "elapsed_s": 2132.5, "coordination_ring_sparse20": 106.0, "coordination_ring_potter0_20": 0.05, "bottleneck_sparse20": 0.0, "bottleneck_potter0_20": 0.7}
[pair_E] {"steps": 2842624, "elapsed_s": 2133.8, "coordination_ring_sparse20": 105.0, "coordination_ring_potter0_20": 0.05, "bottleneck_sparse20": 0.0, "bottleneck_potter0_20": 0.6}
[pair_E] {"steps": 2844672, "elapsed_s": 2135.2, "coordination_ring_sparse20": 102.0, "coordination_ring_potter0_20": 0.05, "bottleneck_sparse20": 0.0, "bottleneck_potter0_20": 0.55}
[pair_E] {"steps": 2846720, "elapsed_s": 2136.6, "coordination_ring_sparse20": 105.0, "coordination_ring_potter0_20": 0.0, "bottleneck_sparse20": 0.0, "bottleneck_potter0_20": 0.55}
[pair_E] {"steps": 2848768, "elapsed_s": 2138.0, "coordination_ring_sparse20": 95.0, "coordination_ring_potter0_20": 0.05, "bottleneck_sparse20": 0.0, "bottleneck_potter0_20": 0.5}
[pair_E] {"steps": 2850816, "elapsed_s": 2139.6, "coordination_ring_sparse20": 97.0, "coordination_ring_potter0_20": 0.1, "bottleneck_sparse20": 0.0, "bottleneck_potter0_20": 0.5}
[pair_E] {"steps": 2852864, "elapsed_s": 2141.0, "coordination_ring_sparse20": 98.0, "coordination_ring_potter0_20": 0.1, "bottleneck_sparse20": 0.0, "bottleneck_potter0_20": 0.65}
[pair_E] {"steps": 2854912, "elapsed_s": 2142.4, "coordination_ring_sparse20": 98.0, "coordination_ring_potter0_20": 0.1, "bottleneck_sparse20": 0.0, "bottleneck_potter0_20": 0.7}
[pair_E] {"steps": 2856960, "elapsed_s": 2143.8, "coordination_ring_sparse20": 91.0, "coordination_ring_potter0_20": 0.1, "bottleneck_sparse20": 0.0, "bottleneck_potter0_20": 0.7}
[pair_E] {"steps": 2859008, "elapsed_s": 2145.2, "coordination_ring_sparse20": 86.0, "coordination_ring_potter0_20": 0.2, "bottleneck_sparse20": 0.0, "bottleneck_potter0_20": 0.7}
[pair_E] {"steps": 2861056, "elapsed_s": 2146.6, "coordination_ring_sparse20": 88.0, "coordination_ring_potter0_20": 0.2, "bottleneck_sparse20": 0.0, "bottleneck_potter0_20": 0.75}
[pair_E] {"steps": 2863104, "elapsed_s": 2148.0, "coordination_ring_sparse20": 91.0, "coordination_ring_potter0_20": 0.15, "bottleneck_sparse20": 0.0, "bottleneck_potter0_20": 0.8}
[pair_E] {"steps": 2865152, "elapsed_s": 2149.4, "coordination_ring_sparse20": 93.0, "coordination_ring_potter0_20": 0.15, "bottleneck_sparse20": 0.0, "bottleneck_potter0_20": 0.9}
[pair_E] {"steps": 2867200, "elapsed_s": 2150.8, "coordination_ring_sparse20": 91.0, "coordination_ring_potter0_20": 0.2, "bottleneck_sparse20": 0.0, "bottleneck_potter0_20": 0.9}
[pair_E] {"steps": 2869248, "elapsed_s": 2152.2, "coordination_ring_sparse20": 87.0, "coordination_ring_potter0_20": 0.15, "bottleneck_sparse20": 0.0, "bottleneck_potter0_20": 0.85}
[pair_E] {"steps": 2871296, "elapsed_s": 2153.5, "coordination_ring_sparse20": 82.0, "coordination_ring_potter0_20": 0.15, "bottleneck_sparse20": 0.0, "bottleneck_potter0_20": 0.8}
[pair_E] {"steps": 2873344, "elapsed_s": 2154.9, "coordination_ring_sparse20": 87.0, "coordination_ring_potter0_20": 0.15, "bottleneck_sparse20": 0.0, "bottleneck_potter0_20": 0.8}
[pair_E] {"steps": 2875392, "elapsed_s": 2156.2, "coordination_ring_sparse20": 96.0, "coordination_ring_potter0_20": 0.05, "bottleneck_sparse20": 0.0, "bottleneck_potter0_20": 0.8}
[pair_E] {"steps": 2877440, "elapsed_s": 2157.5, "coordination_ring_sparse20": 95.0, "coordination_ring_potter0_20": 0.05, "bottleneck_sparse20": 0.0, "bottleneck_potter0_20": 0.8}
[pair_E] {"steps": 2879488, "elapsed_s": 2159.0, "coordination_ring_sparse20": 94.0, "coordination_ring_potter0_20": 0.05, "bottleneck_sparse20": 0.0, "bottleneck_potter0_20": 0.75}
[pair_E] {"steps": 2881536, "elapsed_s": 2160.4, "coordination_ring_sparse20": 98.0, "coordination_ring_potter0_20": 0.05, "bottleneck_sparse20": 0.0, "bottleneck_potter0_20": 0.75}
[pair_E] {"steps": 2883584, "elapsed_s": 2161.8, "coordination_ring_sparse20": 107.0, "coordination_ring_potter0_20": 0.0, "bottleneck_sparse20": 0.0, "bottleneck_potter0_20": 0.75}
[pair_E] {"steps": 2885632, "elapsed_s": 2163.2, "coordination_ring_sparse20": 113.0, "coordination_ring_potter0_20": 0.0, "bottleneck_sparse20": 0.0, "bottleneck_potter0_20": 0.75}
[pair_E] {"steps": 2887680, "elapsed_s": 2164.6, "coordination_ring_sparse20": 112.0, "coordination_ring_potter0_20": 0.05, "bottleneck_sparse20": 0.0, "bottleneck_potter0_20": 0.75}
[pair_E] {"steps": 2889728, "elapsed_s": 2165.9, "coordination_ring_sparse20": 113.0, "coordination_ring_potter0_20": 0.05, "bottleneck_sparse20": 0.0, "bottleneck_potter0_20": 0.7}
[pair_E] {"steps": 2891776, "elapsed_s": 2167.2, "coordination_ring_sparse20": 115.0, "coordination_ring_potter0_20": 0.05, "bottleneck_sparse20": 0.0, "bottleneck_potter0_20": 0.6}
[pair_E] {"steps": 2893824, "elapsed_s": 2168.6, "coordination_ring_sparse20": 118.0, "coordination_ring_potter0_20": 0.05, "bottleneck_sparse20": 0.0, "bottleneck_potter0_20": 0.55}
[pair_E] {"steps": 2895872, "elapsed_s": 2169.9, "coordination_ring_sparse20": 121.0, "coordination_ring_potter0_20": 0.05, "bottleneck_sparse20": 0.0, "bottleneck_potter0_20": 0.6}
[pair_E] {"steps": 2897920, "elapsed_s": 2171.4, "coordination_ring_sparse20": 122.0, "coordination_ring_potter0_20": 0.05, "bottleneck_sparse20": 0.0, "bottleneck_potter0_20": 0.55}
[pair_E] {"steps": 2899968, "elapsed_s": 2172.7, "coordination_ring_sparse20": 120.0, "coordination_ring_potter0_20": 0.05, "bottleneck_sparse20": 0.0, "bottleneck_potter0_20": 0.55}
[pair_E] {"steps": 2902016, "elapsed_s": 2174.1, "coordination_ring_sparse20": 120.0, "coordination_ring_potter0_20": 0.05, "bottleneck_sparse20": 0.0, "bottleneck_potter0_20": 0.55}
[pair_E] {"steps": 2904064, "elapsed_s": 2175.5, "coordination_ring_sparse20": 111.0, "coordination_ring_potter0_20": 0.05, "bottleneck_sparse20": 0.0, "bottleneck_potter0_20": 0.6}
[pair_E] {"steps": 2906112, "elapsed_s": 2176.9, "coordination_ring_sparse20": 108.0, "coordination_ring_potter0_20": 0.0, "bottleneck_sparse20": 0.0, "bottleneck_potter0_20": 0.6}
[pair_E] {"steps": 2908160, "elapsed_s": 2178.4, "coordination_ring_sparse20": 108.0, "coordination_ring_potter0_20": 0.0, "bottleneck_sparse20": 0.0, "bottleneck_potter0_20": 0.6}
[pair_E] {"steps": 2910208, "elapsed_s": 2179.8, "coordination_ring_sparse20": 102.0, "coordination_ring_potter0_20": 0.0, "bottleneck_sparse20": 0.0, "bottleneck_potter0_20": 0.7}
[pair_E] {"steps": 2912256, "elapsed_s": 2181.3, "coordination_ring_sparse20": 104.0, "coordination_ring_potter0_20": 0.0, "bottleneck_sparse20": 0.0, "bottleneck_potter0_20": 0.75}
[pair_E] {"steps": 2914304, "elapsed_s": 2182.7, "coordination_ring_sparse20": 97.0, "coordination_ring_potter0_20": 0.0, "bottleneck_sparse20": 0.0, "bottleneck_potter0_20": 0.75}
[pair_E] {"steps": 2916352, "elapsed_s": 2184.2, "coordination_ring_sparse20": 99.0, "coordination_ring_potter0_20": 0.0, "bottleneck_sparse20": 0.0, "bottleneck_potter0_20": 0.8}
[pair_E] {"steps": 2918400, "elapsed_s": 2185.6, "coordination_ring_sparse20": 95.0, "coordination_ring_potter0_20": 0.0, "bottleneck_sparse20": 0.0, "bottleneck_potter0_20": 0.85}
[pair_E] {"steps": 2920448, "elapsed_s": 2187.0, "coordination_ring_sparse20": 100.0, "coordination_ring_potter0_20": 0.0, "bottleneck_sparse20": 0.0, "bottleneck_potter0_20": 0.95}
[pair_E] {"steps": 2922496, "elapsed_s": 2188.4, "coordination_ring_sparse20": 104.0, "coordination_ring_potter0_20": 0.0, "bottleneck_sparse20": 0.0, "bottleneck_potter0_20": 0.95}
[pair_E] {"steps": 2924544, "elapsed_s": 2189.8, "coordination_ring_sparse20": 101.0, "coordination_ring_potter0_20": 0.0, "bottleneck_sparse20": 0.0, "bottleneck_potter0_20": 0.9}
[pair_E] {"steps": 2926592, "elapsed_s": 2191.3, "coordination_ring_sparse20": 105.0, "coordination_ring_potter0_20": 0.0, "bottleneck_sparse20": 0.0, "bottleneck_potter0_20": 0.9}
[pair_E] {"steps": 2928640, "elapsed_s": 2192.7, "coordination_ring_sparse20": 103.0, "coordination_ring_potter0_20": 0.0, "bottleneck_sparse20": 0.0, "bottleneck_potter0_20": 0.85}
[pair_E] {"steps": 2930688, "elapsed_s": 2194.1, "coordination_ring_sparse20": 104.0, "coordination_ring_potter0_20": 0.0, "bottleneck_sparse20": 0.0, "bottleneck_potter0_20": 0.8}
[pair_E] {"steps": 2932736, "elapsed_s": 2195.6, "coordination_ring_sparse20": 102.0, "coordination_ring_potter0_20": 0.0, "bottleneck_sparse20": 0.0, "bottleneck_potter0_20": 0.8}
[pair_E] {"steps": 2934784, "elapsed_s": 2197.0, "coordination_ring_sparse20": 103.0, "coordination_ring_potter0_20": 0.0, "bottleneck_sparse20": 0.0, "bottleneck_potter0_20": 0.8}
[pair_E] {"steps": 2936832, "elapsed_s": 2198.3, "coordination_ring_sparse20": 99.0, "coordination_ring_potter0_20": 0.0, "bottleneck_sparse20": 0.0, "bottleneck_potter0_20": 0.75}
[pair_E] {"steps": 2938880, "elapsed_s": 2199.8, "coordination_ring_sparse20": 100.0, "coordination_ring_potter0_20": 0.0, "bottleneck_sparse20": 0.0, "bottleneck_potter0_20": 0.75}
[pair_E] {"steps": 2940928, "elapsed_s": 2201.2, "coordination_ring_sparse20": 103.0, "coordination_ring_potter0_20": 0.0, "bottleneck_sparse20": 0.0, "bottleneck_potter0_20": 0.7}
[pair_E] {"steps": 2942976, "elapsed_s": 2202.5, "coordination_ring_sparse20": 100.0, "coordination_ring_potter0_20": 0.0, "bottleneck_sparse20": 0.0, "bottleneck_potter0_20": 0.7}
[pair_E] {"steps": 2945024, "elapsed_s": 2203.8, "coordination_ring_sparse20": 99.0, "coordination_ring_potter0_20": 0.0, "bottleneck_sparse20": 0.0, "bottleneck_potter0_20": 0.6}
[pair_E] {"steps": 2947072, "elapsed_s": 2205.2, "coordination_ring_sparse20": 97.0, "coordination_ring_potter0_20": 0.0, "bottleneck_sparse20": 0.0, "bottleneck_potter0_20": 0.6}
[pair_E] {"steps": 2949120, "elapsed_s": 2206.6, "coordination_ring_sparse20": 96.0, "coordination_ring_potter0_20": 0.0, "bottleneck_sparse20": 0.0, "bottleneck_potter0_20": 0.6}
[pair_E] {"steps": 2951168, "elapsed_s": 2208.1, "coordination_ring_sparse20": 94.0, "coordination_ring_potter0_20": 0.0, "bottleneck_sparse20": 0.0, "bottleneck_potter0_20": 0.55}
[pair_E] {"steps": 2953216, "elapsed_s": 2209.5, "coordination_ring_sparse20": 94.0, "coordination_ring_potter0_20": 0.0, "bottleneck_sparse20": 0.0, "bottleneck_potter0_20": 0.55}
[pair_E] {"steps": 2955264, "elapsed_s": 2211.0, "coordination_ring_sparse20": 94.0, "coordination_ring_potter0_20": 0.0, "bottleneck_sparse20": 0.0, "bottleneck_potter0_20": 0.55}
[pair_E] {"steps": 2957312, "elapsed_s": 2212.5, "coordination_ring_sparse20": 91.0, "coordination_ring_potter0_20": 0.0, "bottleneck_sparse20": 0.0, "bottleneck_potter0_20": 0.6}
[pair_E] {"steps": 2959360, "elapsed_s": 2213.9, "coordination_ring_sparse20": 85.0, "coordination_ring_potter0_20": 0.05, "bottleneck_sparse20": 0.0, "bottleneck_potter0_20": 0.6}
[pair_E] {"steps": 2961408, "elapsed_s": 2215.3, "coordination_ring_sparse20": 87.0, "coordination_ring_potter0_20": 0.05, "bottleneck_sparse20": 0.0, "bottleneck_potter0_20": 0.65}
[pair_E] {"steps": 2963456, "elapsed_s": 2216.7, "coordination_ring_sparse20": 87.0, "coordination_ring_potter0_20": 0.05, "bottleneck_sparse20": 0.0, "bottleneck_potter0_20": 0.65}
[pair_E] {"steps": 2965504, "elapsed_s": 2218.0, "coordination_ring_sparse20": 91.0, "coordination_ring_potter0_20": 0.05, "bottleneck_sparse20": 0.0, "bottleneck_potter0_20": 0.65}
[pair_E] {"steps": 2967552, "elapsed_s": 2219.4, "coordination_ring_sparse20": 91.0, "coordination_ring_potter0_20": 0.05, "bottleneck_sparse20": 0.0, "bottleneck_potter0_20": 0.65}
[pair_E] {"steps": 2969600, "elapsed_s": 2220.7, "coordination_ring_sparse20": 95.0, "coordination_ring_potter0_20": 0.05, "bottleneck_sparse20": 0.0, "bottleneck_potter0_20": 0.6}
[pair_E] {"steps": 2971648, "elapsed_s": 2222.1, "coordination_ring_sparse20": 96.0, "coordination_ring_potter0_20": 0.05, "bottleneck_sparse20": 0.0, "bottleneck_potter0_20": 0.55}
[pair_E] {"steps": 2973696, "elapsed_s": 2223.4, "coordination_ring_sparse20": 95.0, "coordination_ring_potter0_20": 0.0, "bottleneck_sparse20": 0.0, "bottleneck_potter0_20": 0.55}
[pair_E] {"steps": 2975744, "elapsed_s": 2224.7, "coordination_ring_sparse20": 94.0, "coordination_ring_potter0_20": 0.0, "bottleneck_sparse20": 0.0, "bottleneck_potter0_20": 0.6}
[pair_E] {"steps": 2977792, "elapsed_s": 2226.1, "coordination_ring_sparse20": 91.0, "coordination_ring_potter0_20": 0.0, "bottleneck_sparse20": 0.0, "bottleneck_potter0_20": 0.6}
[pair_E] {"steps": 2979840, "elapsed_s": 2227.4, "coordination_ring_sparse20": 91.0, "coordination_ring_potter0_20": 0.0, "bottleneck_sparse20": 0.0, "bottleneck_potter0_20": 0.6}
[pair_E] {"steps": 2981888, "elapsed_s": 2228.8, "coordination_ring_sparse20": 91.0, "coordination_ring_potter0_20": 0.0, "bottleneck_sparse20": 0.0, "bottleneck_potter0_20": 0.55}
[pair_E] {"steps": 2983936, "elapsed_s": 2230.2, "coordination_ring_sparse20": 91.0, "coordination_ring_potter0_20": 0.0, "bottleneck_sparse20": 0.0, "bottleneck_potter0_20": 0.5}
[pair_E] {"steps": 2985984, "elapsed_s": 2231.7, "coordination_ring_sparse20": 93.0, "coordination_ring_potter0_20": 0.0, "bottleneck_sparse20": 0.0, "bottleneck_potter0_20": 0.45}
[pair_E] {"steps": 2988032, "elapsed_s": 2233.0, "coordination_ring_sparse20": 93.0, "coordination_ring_potter0_20": 0.0, "bottleneck_sparse20": 0.0, "bottleneck_potter0_20": 0.45}
[pair_E] {"steps": 2990080, "elapsed_s": 2234.4, "coordination_ring_sparse20": 93.0, "coordination_ring_potter0_20": 0.0, "bottleneck_sparse20": 0.0, "bottleneck_potter0_20": 0.4}
[pair_E] {"steps": 2992128, "elapsed_s": 2235.7, "coordination_ring_sparse20": 99.0, "coordination_ring_potter0_20": 0.0, "bottleneck_sparse20": 0.0, "bottleneck_potter0_20": 0.3}
[pair_E] {"steps": 2994176, "elapsed_s": 2237.0, "coordination_ring_sparse20": 102.0, "coordination_ring_potter0_20": 0.0, "bottleneck_sparse20": 0.0, "bottleneck_potter0_20": 0.3}
[pair_E] {"steps": 2996224, "elapsed_s": 2238.4, "coordination_ring_sparse20": 103.0, "coordination_ring_potter0_20": 0.0, "bottleneck_sparse20": 0.0, "bottleneck_potter0_20": 0.25}
[pair_E] {"steps": 2998272, "elapsed_s": 2239.7, "coordination_ring_sparse20": 109.0, "coordination_ring_potter0_20": 0.0, "bottleneck_sparse20": 0.0, "bottleneck_potter0_20": 0.3}
[pair_E] {"steps": 3000320, "elapsed_s": 2241.1, "coordination_ring_sparse20": 114.0, "coordination_ring_potter0_20": 0.0, "bottleneck_sparse20": 0.0, "bottleneck_potter0_20": 0.3}
[pair_E] {"steps": 3002368, "elapsed_s": 2242.4, "coordination_ring_sparse20": 114.0, "coordination_ring_potter0_20": 0.0, "bottleneck_sparse20": 0.0, "bottleneck_potter0_20": 0.3}
[pair_E] {"steps": 3004416, "elapsed_s": 2243.8, "coordination_ring_sparse20": 114.0, "coordination_ring_potter0_20": 0.0, "bottleneck_sparse20": 0.0, "bottleneck_potter0_20": 0.3}
[pair_E] {"steps": 3006464, "elapsed_s": 2245.1, "coordination_ring_sparse20": 114.0, "coordination_ring_potter0_20": 0.0, "bottleneck_sparse20": 0.0, "bottleneck_potter0_20": 0.35}
[pair_E] {"steps": 3008512, "elapsed_s": 2246.4, "coordination_ring_sparse20": 115.0, "coordination_ring_potter0_20": 0.0, "bottleneck_sparse20": 0.0, "bottleneck_potter0_20": 0.4}
[pair_E] {"steps": 3010560, "elapsed_s": 2247.8, "coordination_ring_sparse20": 118.0, "coordination_ring_potter0_20": 0.0, "bottleneck_sparse20": 0.0, "bottleneck_potter0_20": 0.4}
[pair_E] {"steps": 3012608, "elapsed_s": 2249.2, "coordination_ring_sparse20": 115.0, "coordination_ring_potter0_20": 0.0, "bottleneck_sparse20": 0.0, "bottleneck_potter0_20": 0.4}
[pair_E] {"steps": 3014656, "elapsed_s": 2250.5, "coordination_ring_sparse20": 108.0, "coordination_ring_potter0_20": 0.0, "bottleneck_sparse20": 0.0, "bottleneck_potter0_20": 0.4}
[pair_E] {"steps": 3016704, "elapsed_s": 2251.8, "coordination_ring_sparse20": 112.0, "coordination_ring_potter0_20": 0.0, "bottleneck_sparse20": 0.0, "bottleneck_potter0_20": 0.4}
[pair_E] {"steps": 3018752, "elapsed_s": 2253.1, "coordination_ring_sparse20": 112.0, "coordination_ring_potter0_20": 0.0, "bottleneck_sparse20": 0.0, "bottleneck_potter0_20": 0.35}
[pair_E] {"steps": 3020800, "elapsed_s": 2254.5, "coordination_ring_sparse20": 111.0, "coordination_ring_potter0_20": 0.0, "bottleneck_sparse20": 0.0, "bottleneck_potter0_20": 0.4}
[pair_E] {"steps": 3022848, "elapsed_s": 2256.0, "coordination_ring_sparse20": 108.0, "coordination_ring_potter0_20": 0.0, "bottleneck_sparse20": 0.0, "bottleneck_potter0_20": 0.4}
[pair_E] {"steps": 3024896, "elapsed_s": 2257.4, "coordination_ring_sparse20": 108.0, "coordination_ring_potter0_20": 0.0, "bottleneck_sparse20": 0.0, "bottleneck_potter0_20": 0.5}
[pair_E] {"steps": 3026944, "elapsed_s": 2258.8, "coordination_ring_sparse20": 107.0, "coordination_ring_potter0_20": 0.05, "bottleneck_sparse20": 0.0, "bottleneck_potter0_20": 0.55}
[pair_E] {"steps": 3028992, "elapsed_s": 2260.3, "coordination_ring_sparse20": 102.0, "coordination_ring_potter0_20": 0.05, "bottleneck_sparse20": 0.0, "bottleneck_potter0_20": 0.6}
[pair_E] {"steps": 3031040, "elapsed_s": 2261.7, "coordination_ring_sparse20": 108.0, "coordination_ring_potter0_20": 0.05, "bottleneck_sparse20": 0.0, "bottleneck_potter0_20": 0.6}
[pair_E] {"steps": 3033088, "elapsed_s": 2263.1, "coordination_ring_sparse20": 108.0, "coordination_ring_potter0_20": 0.05, "bottleneck_sparse20": 0.0, "bottleneck_potter0_20": 0.6}
[pair_E] {"steps": 3035136, "elapsed_s": 2264.6, "coordination_ring_sparse20": 109.0, "coordination_ring_potter0_20": 0.05, "bottleneck_sparse20": 0.0, "bottleneck_potter0_20": 0.6}
[pair_E] {"steps": 3037184, "elapsed_s": 2266.0, "coordination_ring_sparse20": 109.0, "coordination_ring_potter0_20": 0.05, "bottleneck_sparse20": 0.0, "bottleneck_potter0_20": 0.6}
[pair_E] {"steps": 3039232, "elapsed_s": 2267.6, "coordination_ring_sparse20": 111.0, "coordination_ring_potter0_20": 0.05, "bottleneck_sparse20": 0.0, "bottleneck_potter0_20": 0.7}
[pair_E] {"steps": 3041280, "elapsed_s": 2269.0, "coordination_ring_sparse20": 108.0, "coordination_ring_potter0_20": 0.05, "bottleneck_sparse20": 0.0, "bottleneck_potter0_20": 0.7}
[pair_E] {"steps": 3043328, "elapsed_s": 2270.4, "coordination_ring_sparse20": 117.0, "coordination_ring_potter0_20": 0.05, "bottleneck_sparse20": 0.0, "bottleneck_potter0_20": 0.7}
[pair_E] {"steps": 3045376, "elapsed_s": 2271.7, "coordination_ring_sparse20": 117.0, "coordination_ring_potter0_20": 0.05, "bottleneck_sparse20": 0.0, "bottleneck_potter0_20": 0.7}
[pair_E] {"steps": 3047424, "elapsed_s": 2273.1, "coordination_ring_sparse20": 115.0, "coordination_ring_potter0_20": 0.05, "bottleneck_sparse20": 0.0, "bottleneck_potter0_20": 0.75}
[pair_E] {"steps": 3049472, "elapsed_s": 2274.4, "coordination_ring_sparse20": 113.0, "coordination_ring_potter0_20": 0.05, "bottleneck_sparse20": 0.0, "bottleneck_potter0_20": 0.75}
[pair_E] {"steps": 3051520, "elapsed_s": 2275.7, "coordination_ring_sparse20": 114.0, "coordination_ring_potter0_20": 0.05, "bottleneck_sparse20": 0.0, "bottleneck_potter0_20": 0.7}
[pair_E] {"steps": 3053568, "elapsed_s": 2277.1, "coordination_ring_sparse20": 110.0, "coordination_ring_potter0_20": 0.05, "bottleneck_sparse20": 0.0, "bottleneck_potter0_20": 0.65}
[pair_E] {"steps": 3055616, "elapsed_s": 2278.5, "coordination_ring_sparse20": 111.0, "coordination_ring_potter0_20": 0.05, "bottleneck_sparse20": 0.0, "bottleneck_potter0_20": 0.6}
[pair_E] {"steps": 3057664, "elapsed_s": 2279.8, "coordination_ring_sparse20": 109.0, "coordination_ring_potter0_20": 0.05, "bottleneck_sparse20": 0.0, "bottleneck_potter0_20": 0.6}
[pair_E] {"steps": 3059712, "elapsed_s": 2281.1, "coordination_ring_sparse20": 110.0, "coordination_ring_potter0_20": 0.0, "bottleneck_sparse20": 0.0, "bottleneck_potter0_20": 0.6}
[pair_E] {"steps": 3061760, "elapsed_s": 2282.5, "coordination_ring_sparse20": 109.0, "coordination_ring_potter0_20": 0.0, "bottleneck_sparse20": 0.0, "bottleneck_potter0_20": 0.7}
[pair_E] {"steps": 3063808, "elapsed_s": 2283.8, "coordination_ring_sparse20": 113.0, "coordination_ring_potter0_20": 0.0, "bottleneck_sparse20": 0.0, "bottleneck_potter0_20": 0.65}
[pair_E] {"steps": 3065856, "elapsed_s": 2285.2, "coordination_ring_sparse20": 115.0, "coordination_ring_potter0_20": 0.0, "bottleneck_sparse20": 0.0, "bottleneck_potter0_20": 0.6}
[pair_E] {"steps": 3067904, "elapsed_s": 2286.7, "coordination_ring_sparse20": 116.0, "coordination_ring_potter0_20": 0.0, "bottleneck_sparse20": 0.0, "bottleneck_potter0_20": 0.6}
[pair_E] {"steps": 3069952, "elapsed_s": 2288.1, "coordination_ring_sparse20": 116.0, "coordination_ring_potter0_20": 0.0, "bottleneck_sparse20": 0.0, "bottleneck_potter0_20": 0.6}
[pair_E] {"steps": 3072000, "elapsed_s": 2289.6, "coordination_ring_sparse20": 121.0, "coordination_ring_potter0_20": 0.0, "bottleneck_sparse20": 0.0, "bottleneck_potter0_20": 0.6}
[pair_E] {"steps": 3074048, "elapsed_s": 2291.0, "coordination_ring_sparse20": 122.0, "coordination_ring_potter0_20": 0.0, "bottleneck_sparse20": 0.0, "bottleneck_potter0_20": 0.55}
[pair_E] {"steps": 3076096, "elapsed_s": 2292.3, "coordination_ring_sparse20": 120.0, "coordination_ring_potter0_20": 0.0, "bottleneck_sparse20": 0.0, "bottleneck_potter0_20": 0.55}
[pair_E] {"steps": 3078144, "elapsed_s": 2293.7, "coordination_ring_sparse20": 122.0, "coordination_ring_potter0_20": 0.0, "bottleneck_sparse20": 0.0, "bottleneck_potter0_20": 0.45}
[pair_E] {"steps": 3080192, "elapsed_s": 2295.1, "coordination_ring_sparse20": 116.0, "coordination_ring_potter0_20": 0.0, "bottleneck_sparse20": 0.0, "bottleneck_potter0_20": 0.45}
[pair_E] {"steps": 3082240, "elapsed_s": 2296.4, "coordination_ring_sparse20": 117.0, "coordination_ring_potter0_20": 0.0, "bottleneck_sparse20": 0.0, "bottleneck_potter0_20": 0.5}
[pair_E] {"steps": 3084288, "elapsed_s": 2297.8, "coordination_ring_sparse20": 115.0, "coordination_ring_potter0_20": 0.0, "bottleneck_sparse20": 0.0, "bottleneck_potter0_20": 0.5}
[pair_E] {"steps": 3086336, "elapsed_s": 2299.1, "coordination_ring_sparse20": 115.0, "coordination_ring_potter0_20": 0.0, "bottleneck_sparse20": 0.0, "bottleneck_potter0_20": 0.45}
[pair_E] {"steps": 3088384, "elapsed_s": 2300.4, "coordination_ring_sparse20": 115.0, "coordination_ring_potter0_20": 0.0, "bottleneck_sparse20": 0.0, "bottleneck_potter0_20": 0.5}
[pair_E] {"steps": 3090432, "elapsed_s": 2301.8, "coordination_ring_sparse20": 114.0, "coordination_ring_potter0_20": 0.0, "bottleneck_sparse20": 0.0, "bottleneck_potter0_20": 0.45}
[pair_E] {"steps": 3092480, "elapsed_s": 2303.3, "coordination_ring_sparse20": 114.0, "coordination_ring_potter0_20": 0.0, "bottleneck_sparse20": 0.0, "bottleneck_potter0_20": 0.5}
[pair_E] {"steps": 3094528, "elapsed_s": 2304.6, "coordination_ring_sparse20": 113.0, "coordination_ring_potter0_20": 0.0, "bottleneck_sparse20": 0.0, "bottleneck_potter0_20": 0.55}
[pair_E] {"steps": 3096576, "elapsed_s": 2306.0, "coordination_ring_sparse20": 112.0, "coordination_ring_potter0_20": 0.0, "bottleneck_sparse20": 0.0, "bottleneck_potter0_20": 0.55}
[pair_E] {"steps": 3098624, "elapsed_s": 2307.5, "coordination_ring_sparse20": 118.0, "coordination_ring_potter0_20": 0.0, "bottleneck_sparse20": 0.0, "bottleneck_potter0_20": 0.55}
[pair_E] {"steps": 3100672, "elapsed_s": 2308.8, "coordination_ring_sparse20": 119.0, "coordination_ring_potter0_20": 0.0, "bottleneck_sparse20": 0.0, "bottleneck_potter0_20": 0.55}
[pair_E] {"steps": 3102720, "elapsed_s": 2310.2, "coordination_ring_sparse20": 120.0, "coordination_ring_potter0_20": 0.0, "bottleneck_sparse20": 0.0, "bottleneck_potter0_20": 0.55}
[pair_E] {"steps": 3104768, "elapsed_s": 2311.5, "coordination_ring_sparse20": 118.0, "coordination_ring_potter0_20": 0.0, "bottleneck_sparse20": 0.0, "bottleneck_potter0_20": 0.6}
[pair_E] {"steps": 3106816, "elapsed_s": 2312.9, "coordination_ring_sparse20": 118.0, "coordination_ring_potter0_20": 0.0, "bottleneck_sparse20": 0.0, "bottleneck_potter0_20": 0.6}
[pair_E] {"steps": 3108864, "elapsed_s": 2314.2, "coordination_ring_sparse20": 118.0, "coordination_ring_potter0_20": 0.0, "bottleneck_sparse20": 0.0, "bottleneck_potter0_20": 0.65}
[pair_E] {"steps": 3110912, "elapsed_s": 2315.6, "coordination_ring_sparse20": 118.0, "coordination_ring_potter0_20": 0.0, "bottleneck_sparse20": 0.0, "bottleneck_potter0_20": 0.65}
[pair_E] {"steps": 3112960, "elapsed_s": 2316.9, "coordination_ring_sparse20": 118.0, "coordination_ring_potter0_20": 0.0, "bottleneck_sparse20": 0.0, "bottleneck_potter0_20": 0.65}
[pair_E] {"steps": 3115008, "elapsed_s": 2318.3, "coordination_ring_sparse20": 119.0, "coordination_ring_potter0_20": 0.0, "bottleneck_sparse20": 0.0, "bottleneck_potter0_20": 0.65}
[pair_E] {"steps": 3117056, "elapsed_s": 2319.6, "coordination_ring_sparse20": 118.0, "coordination_ring_potter0_20": 0.0, "bottleneck_sparse20": 0.0, "bottleneck_potter0_20": 0.65}
[pair_E] {"steps": 3119104, "elapsed_s": 2321.0, "coordination_ring_sparse20": 117.0, "coordination_ring_potter0_20": 0.0, "bottleneck_sparse20": 0.0, "bottleneck_potter0_20": 0.7}
[pair_E] {"steps": 3121152, "elapsed_s": 2322.4, "coordination_ring_sparse20": 119.0, "coordination_ring_potter0_20": 0.0, "bottleneck_sparse20": 0.0, "bottleneck_potter0_20": 0.7}
[pair_E] {"steps": 3123200, "elapsed_s": 2323.7, "coordination_ring_sparse20": 118.0, "coordination_ring_potter0_20": 0.0, "bottleneck_sparse20": 0.0, "bottleneck_potter0_20": 0.65}
[pair_E] {"steps": 3125248, "elapsed_s": 2325.1, "coordination_ring_sparse20": 121.0, "coordination_ring_potter0_20": 0.0, "bottleneck_sparse20": 0.0, "bottleneck_potter0_20": 0.55}
[pair_E] {"steps": 3127296, "elapsed_s": 2326.5, "coordination_ring_sparse20": 120.0, "coordination_ring_potter0_20": 0.0, "bottleneck_sparse20": 0.0, "bottleneck_potter0_20": 0.55}
[pair_E] {"steps": 3129344, "elapsed_s": 2327.9, "coordination_ring_sparse20": 118.0, "coordination_ring_potter0_20": 0.0, "bottleneck_sparse20": 0.0, "bottleneck_potter0_20": 0.55}
[pair_E] {"steps": 3131392, "elapsed_s": 2329.3, "coordination_ring_sparse20": 120.0, "coordination_ring_potter0_20": 0.0, "bottleneck_sparse20": 0.0, "bottleneck_potter0_20": 0.55}
[pair_E] {"steps": 3133440, "elapsed_s": 2330.8, "coordination_ring_sparse20": 121.0, "coordination_ring_potter0_20": 0.0, "bottleneck_sparse20": 0.0, "bottleneck_potter0_20": 0.6}
[pair_E] {"steps": 3135488, "elapsed_s": 2332.2, "coordination_ring_sparse20": 122.0, "coordination_ring_potter0_20": 0.0, "bottleneck_sparse20": 0.0, "bottleneck_potter0_20": 0.65}
[pair_E] {"steps": 3137536, "elapsed_s": 2333.5, "coordination_ring_sparse20": 124.0, "coordination_ring_potter0_20": 0.0, "bottleneck_sparse20": 0.0, "bottleneck_potter0_20": 0.65}
[pair_E] {"steps": 3139584, "elapsed_s": 2334.9, "coordination_ring_sparse20": 126.0, "coordination_ring_potter0_20": 0.0, "bottleneck_sparse20": 0.0, "bottleneck_potter0_20": 0.6}
[pair_E] {"steps": 3141632, "elapsed_s": 2336.3, "coordination_ring_sparse20": 121.0, "coordination_ring_potter0_20": 0.0, "bottleneck_sparse20": 0.0, "bottleneck_potter0_20": 0.6}
[pair_E] {"steps": 3143680, "elapsed_s": 2337.8, "coordination_ring_sparse20": 121.0, "coordination_ring_potter0_20": 0.0, "bottleneck_sparse20": 0.0, "bottleneck_potter0_20": 0.6}
[pair_E] {"steps": 3145728, "elapsed_s": 2339.4, "coordination_ring_sparse20": 119.0, "coordination_ring_potter0_20": 0.0, "bottleneck_sparse20": 0.0, "bottleneck_potter0_20": 0.65}
[pair_E] {"steps": 3147776, "elapsed_s": 2340.8, "coordination_ring_sparse20": 113.0, "coordination_ring_potter0_20": 0.0, "bottleneck_sparse20": 0.0, "bottleneck_potter0_20": 0.65}
[pair_E] {"steps": 3149824, "elapsed_s": 2342.2, "coordination_ring_sparse20": 113.0, "coordination_ring_potter0_20": 0.0, "bottleneck_sparse20": 0.0, "bottleneck_potter0_20": 0.65}
[pair_E] {"steps": 3151872, "elapsed_s": 2343.5, "coordination_ring_sparse20": 113.0, "coordination_ring_potter0_20": 0.0, "bottleneck_sparse20": 0.0, "bottleneck_potter0_20": 0.7}
[pair_E] {"steps": 3153920, "elapsed_s": 2344.9, "coordination_ring_sparse20": 105.0, "coordination_ring_potter0_20": 0.0, "bottleneck_sparse20": 0.0, "bottleneck_potter0_20": 0.7}
[pair_E] {"steps": 3155968, "elapsed_s": 2346.3, "coordination_ring_sparse20": 103.0, "coordination_ring_potter0_20": 0.0, "bottleneck_sparse20": 0.0, "bottleneck_potter0_20": 0.7}
[pair_E] {"steps": 3158016, "elapsed_s": 2347.6, "coordination_ring_sparse20": 103.0, "coordination_ring_potter0_20": 0.0, "bottleneck_sparse20": 0.0, "bottleneck_potter0_20": 0.7}
[pair_E] {"steps": 3160064, "elapsed_s": 2349.0, "coordination_ring_sparse20": 99.0, "coordination_ring_potter0_20": 0.0, "bottleneck_sparse20": 0.0, "bottleneck_potter0_20": 0.7}
[pair_E] {"steps": 3162112, "elapsed_s": 2350.4, "coordination_ring_sparse20": 100.0, "coordination_ring_potter0_20": 0.0, "bottleneck_sparse20": 0.0, "bottleneck_potter0_20": 0.65}
[pair_E] {"steps": 3164160, "elapsed_s": 2351.8, "coordination_ring_sparse20": 101.0, "coordination_ring_potter0_20": 0.0, "bottleneck_sparse20": 0.0, "bottleneck_potter0_20": 0.7}
[pair_E] {"steps": 3166208, "elapsed_s": 2353.2, "coordination_ring_sparse20": 106.0, "coordination_ring_potter0_20": 0.0, "bottleneck_sparse20": 0.0, "bottleneck_potter0_20": 0.65}
[pair_E] {"steps": 3168256, "elapsed_s": 2354.9, "coordination_ring_sparse20": 107.0, "coordination_ring_potter0_20": 0.05, "bottleneck_sparse20": 0.0, "bottleneck_potter0_20": 0.65}
[pair_E] {"steps": 3170304, "elapsed_s": 2356.6, "coordination_ring_sparse20": 109.0, "coordination_ring_potter0_20": 0.05, "bottleneck_sparse20": 0.0, "bottleneck_potter0_20": 0.6}
[pair_E] {"steps": 3172352, "elapsed_s": 2358.6, "coordination_ring_sparse20": 108.0, "coordination_ring_potter0_20": 0.05, "bottleneck_sparse20": 0.0, "bottleneck_potter0_20": 0.7}
[pair_E] {"steps": 3174400, "elapsed_s": 2360.4, "coordination_ring_sparse20": 111.0, "coordination_ring_potter0_20": 0.05, "bottleneck_sparse20": 0.0, "bottleneck_potter0_20": 0.65}
[pair_E] {"steps": 3176448, "elapsed_s": 2362.5, "coordination_ring_sparse20": 107.0, "coordination_ring_potter0_20": 0.05, "bottleneck_sparse20": 0.0, "bottleneck_potter0_20": 0.6}
[pair_E] {"steps": 3178496, "elapsed_s": 2364.4, "coordination_ring_sparse20": 110.0, "coordination_ring_potter0_20": 0.05, "bottleneck_sparse20": 0.0, "bottleneck_potter0_20": 0.55}
[pair_E] {"steps": 3180544, "elapsed_s": 2366.3, "coordination_ring_sparse20": 110.0, "coordination_ring_potter0_20": 0.05, "bottleneck_sparse20": 0.0, "bottleneck_potter0_20": 0.6}
[pair_E] {"steps": 3182592, "elapsed_s": 2367.9, "coordination_ring_sparse20": 104.0, "coordination_ring_potter0_20": 0.05, "bottleneck_sparse20": 0.0, "bottleneck_potter0_20": 0.6}
[pair_E] {"steps": 3184640, "elapsed_s": 2369.6, "coordination_ring_sparse20": 103.0, "coordination_ring_potter0_20": 0.0, "bottleneck_sparse20": 0.0, "bottleneck_potter0_20": 0.6}
[pair_E] {"steps": 3186688, "elapsed_s": 2371.7, "coordination_ring_sparse20": 100.0, "coordination_ring_potter0_20": 0.0, "bottleneck_sparse20": 0.0, "bottleneck_potter0_20": 0.6}
[pair_E] {"steps": 3188736, "elapsed_s": 2373.7, "coordination_ring_sparse20": 100.0, "coordination_ring_potter0_20": 0.0, "bottleneck_sparse20": 0.0, "bottleneck_potter0_20": 0.6}
[pair_E] {"steps": 3190784, "elapsed_s": 2375.4, "coordination_ring_sparse20": 98.0, "coordination_ring_potter0_20": 0.0, "bottleneck_sparse20": 0.0, "bottleneck_potter0_20": 0.55}
[pair_E] {"steps": 3192832, "elapsed_s": 2377.5, "coordination_ring_sparse20": 100.0, "coordination_ring_potter0_20": 0.0, "bottleneck_sparse20": 0.0, "bottleneck_potter0_20": 0.5}
[pair_E] {"steps": 3194880, "elapsed_s": 2379.2, "coordination_ring_sparse20": 95.0, "coordination_ring_potter0_20": 0.0, "bottleneck_sparse20": 0.0, "bottleneck_potter0_20": 0.55}
[pair_E] {"steps": 3196928, "elapsed_s": 2380.8, "coordination_ring_sparse20": 96.0, "coordination_ring_potter0_20": 0.0, "bottleneck_sparse20": 0.0, "bottleneck_potter0_20": 0.5}
[pair_E] {"steps": 3198976, "elapsed_s": 2382.7, "coordination_ring_sparse20": 94.0, "coordination_ring_potter0_20": 0.0, "bottleneck_sparse20": 0.0, "bottleneck_potter0_20": 0.5}
[pair_E] {"steps": 3201024, "elapsed_s": 2384.2, "coordination_ring_sparse20": 95.0, "coordination_ring_potter0_20": 0.0, "bottleneck_sparse20": 0.0, "bottleneck_potter0_20": 0.5}
[pair_E] {"steps": 3203072, "elapsed_s": 2385.7, "coordination_ring_sparse20": 88.0, "coordination_ring_potter0_20": 0.0, "bottleneck_sparse20": 0.0, "bottleneck_potter0_20": 0.55}
[pair_E] {"steps": 3205120, "elapsed_s": 2387.3, "coordination_ring_sparse20": 88.0, "coordination_ring_potter0_20": 0.0, "bottleneck_sparse20": 0.0, "bottleneck_potter0_20": 0.55}
[pair_E] {"steps": 3207168, "elapsed_s": 2389.5, "coordination_ring_sparse20": 93.0, "coordination_ring_potter0_20": 0.0, "bottleneck_sparse20": 0.0, "bottleneck_potter0_20": 0.55}
[pair_E] {"steps": 3209216, "elapsed_s": 2391.7, "coordination_ring_sparse20": 95.0, "coordination_ring_potter0_20": 0.0, "bottleneck_sparse20": 0.0, "bottleneck_potter0_20": 0.5}
[pair_E] {"steps": 3211264, "elapsed_s": 2393.8, "coordination_ring_sparse20": 95.0, "coordination_ring_potter0_20": 0.0, "bottleneck_sparse20": 0.0, "bottleneck_potter0_20": 0.5}
[pair_E] {"steps": 3213312, "elapsed_s": 2396.0, "coordination_ring_sparse20": 96.0, "coordination_ring_potter0_20": 0.0, "bottleneck_sparse20": 0.0, "bottleneck_potter0_20": 0.6}
[pair_E] {"steps": 3215360, "elapsed_s": 2398.1, "coordination_ring_sparse20": 98.0, "coordination_ring_potter0_20": 0.0, "bottleneck_sparse20": 0.0, "bottleneck_potter0_20": 0.55}
[pair_E] {"steps": 3217408, "elapsed_s": 2400.4, "coordination_ring_sparse20": 103.0, "coordination_ring_potter0_20": 0.0, "bottleneck_sparse20": 0.0, "bottleneck_potter0_20": 0.6}
[pair_E] {"steps": 3219456, "elapsed_s": 2402.7, "coordination_ring_sparse20": 107.0, "coordination_ring_potter0_20": 0.0, "bottleneck_sparse20": 0.0, "bottleneck_potter0_20": 0.6}
[pair_E] {"steps": 3221504, "elapsed_s": 2404.6, "coordination_ring_sparse20": 105.0, "coordination_ring_potter0_20": 0.0, "bottleneck_sparse20": 0.0, "bottleneck_potter0_20": 0.6}
[pair_E] {"steps": 3223552, "elapsed_s": 2406.2, "coordination_ring_sparse20": 105.0, "coordination_ring_potter0_20": 0.0, "bottleneck_sparse20": 0.0, "bottleneck_potter0_20": 0.55}
[pair_E] {"steps": 3225600, "elapsed_s": 2408.0, "coordination_ring_sparse20": 104.0, "coordination_ring_potter0_20": 0.0, "bottleneck_sparse20": 0.0, "bottleneck_potter0_20": 0.6}
[pair_E] {"steps": 3227648, "elapsed_s": 2409.7, "coordination_ring_sparse20": 101.0, "coordination_ring_potter0_20": 0.0, "bottleneck_sparse20": 0.0, "bottleneck_potter0_20": 0.55}
[pair_E] {"steps": 3229696, "elapsed_s": 2412.0, "coordination_ring_sparse20": 95.0, "coordination_ring_potter0_20": 0.0, "bottleneck_sparse20": 0.0, "bottleneck_potter0_20": 0.55}
[pair_E] {"steps": 3231744, "elapsed_s": 2413.9, "coordination_ring_sparse20": 93.0, "coordination_ring_potter0_20": 0.0, "bottleneck_sparse20": 0.0, "bottleneck_potter0_20": 0.6}
[pair_E] {"steps": 3233792, "elapsed_s": 2415.7, "coordination_ring_sparse20": 93.0, "coordination_ring_potter0_20": 0.0, "bottleneck_sparse20": 0.0, "bottleneck_potter0_20": 0.6}
[pair_E] {"steps": 3235840, "elapsed_s": 2417.3, "coordination_ring_sparse20": 91.0, "coordination_ring_potter0_20": 0.0, "bottleneck_sparse20": 0.0, "bottleneck_potter0_20": 0.6}
[pair_E] {"steps": 3237888, "elapsed_s": 2418.9, "coordination_ring_sparse20": 85.0, "coordination_ring_potter0_20": 0.0, "bottleneck_sparse20": 0.0, "bottleneck_potter0_20": 0.6}
[pair_E] {"steps": 3239936, "elapsed_s": 2420.8, "coordination_ring_sparse20": 88.0, "coordination_ring_potter0_20": 0.0, "bottleneck_sparse20": 0.0, "bottleneck_potter0_20": 0.6}
[pair_E] {"steps": 3241984, "elapsed_s": 2422.4, "coordination_ring_sparse20": 85.0, "coordination_ring_potter0_20": 0.0, "bottleneck_sparse20": 0.0, "bottleneck_potter0_20": 0.6}
[pair_E] {"steps": 3244032, "elapsed_s": 2424.1, "coordination_ring_sparse20": 89.0, "coordination_ring_potter0_20": 0.0, "bottleneck_sparse20": 0.0, "bottleneck_potter0_20": 0.6}
[pair_E] {"steps": 3246080, "elapsed_s": 2426.2, "coordination_ring_sparse20": 94.0, "coordination_ring_potter0_20": 0.0, "bottleneck_sparse20": 0.0, "bottleneck_potter0_20": 0.55}
[pair_E] {"steps": 3248128, "elapsed_s": 2428.5, "coordination_ring_sparse20": 93.0, "coordination_ring_potter0_20": 0.05, "bottleneck_sparse20": 0.0, "bottleneck_potter0_20": 0.5}
[pair_E] {"steps": 3250176, "elapsed_s": 2430.6, "coordination_ring_sparse20": 97.0, "coordination_ring_potter0_20": 0.05, "bottleneck_sparse20": 0.0, "bottleneck_potter0_20": 0.45}
[pair_E] {"steps": 3252224, "elapsed_s": 2432.7, "coordination_ring_sparse20": 105.0, "coordination_ring_potter0_20": 0.05, "bottleneck_sparse20": 0.0, "bottleneck_potter0_20": 0.4}
[pair_E] {"steps": 3254272, "elapsed_s": 2434.2, "coordination_ring_sparse20": 106.0, "coordination_ring_potter0_20": 0.05, "bottleneck_sparse20": 0.0, "bottleneck_potter0_20": 0.4}
[pair_E] {"steps": 3256320, "elapsed_s": 2435.5, "coordination_ring_sparse20": 98.0, "coordination_ring_potter0_20": 0.05, "bottleneck_sparse20": 0.0, "bottleneck_potter0_20": 0.35}
[pair_E] {"steps": 3258368, "elapsed_s": 2436.8, "coordination_ring_sparse20": 101.0, "coordination_ring_potter0_20": 0.05, "bottleneck_sparse20": 0.0, "bottleneck_potter0_20": 0.35}
[pair_E] {"steps": 3260416, "elapsed_s": 2438.2, "coordination_ring_sparse20": 105.0, "coordination_ring_potter0_20": 0.05, "bottleneck_sparse20": 0.0, "bottleneck_potter0_20": 0.35}
[pair_E] {"steps": 3262464, "elapsed_s": 2439.6, "coordination_ring_sparse20": 106.0, "coordination_ring_potter0_20": 0.0, "bottleneck_sparse20": 0.0, "bottleneck_potter0_20": 0.35}
[pair_E] {"steps": 3264512, "elapsed_s": 2440.9, "coordination_ring_sparse20": 103.0, "coordination_ring_potter0_20": 0.0, "bottleneck_sparse20": 0.0, "bottleneck_potter0_20": 0.35}
[pair_E] {"steps": 3266560, "elapsed_s": 2442.3, "coordination_ring_sparse20": 106.0, "coordination_ring_potter0_20": 0.0, "bottleneck_sparse20": 0.0, "bottleneck_potter0_20": 0.35}
[pair_E] {"steps": 3268608, "elapsed_s": 2443.6, "coordination_ring_sparse20": 115.0, "coordination_ring_potter0_20": 0.05, "bottleneck_sparse20": 0.0, "bottleneck_potter0_20": 0.35}
[pair_E] {"steps": 3270656, "elapsed_s": 2445.0, "coordination_ring_sparse20": 118.0, "coordination_ring_potter0_20": 0.05, "bottleneck_sparse20": 0.0, "bottleneck_potter0_20": 0.35}
[pair_E] {"steps": 3272704, "elapsed_s": 2446.3, "coordination_ring_sparse20": 114.0, "coordination_ring_potter0_20": 0.05, "bottleneck_sparse20": 0.0, "bottleneck_potter0_20": 0.4}
[pair_E] {"steps": 3274752, "elapsed_s": 2447.6, "coordination_ring_sparse20": 114.0, "coordination_ring_potter0_20": 0.05, "bottleneck_sparse20": 0.0, "bottleneck_potter0_20": 0.4}
[pair_E] {"steps": 3276800, "elapsed_s": 2448.9, "coordination_ring_sparse20": 114.0, "coordination_ring_potter0_20": 0.05, "bottleneck_sparse20": 0.0, "bottleneck_potter0_20": 0.4}
[pair_E] {"steps": 3278848, "elapsed_s": 2450.2, "coordination_ring_sparse20": 114.0, "coordination_ring_potter0_20": 0.05, "bottleneck_sparse20": 0.0, "bottleneck_potter0_20": 0.4}
[pair_E] {"steps": 3280896, "elapsed_s": 2451.6, "coordination_ring_sparse20": 114.0, "coordination_ring_potter0_20": 0.05, "bottleneck_sparse20": 0.0, "bottleneck_potter0_20": 0.35}
[pair_E] {"steps": 3282944, "elapsed_s": 2452.9, "coordination_ring_sparse20": 114.0, "coordination_ring_potter0_20": 0.05, "bottleneck_sparse20": 0.0, "bottleneck_potter0_20": 0.4}
[pair_E] {"steps": 3284992, "elapsed_s": 2454.2, "coordination_ring_sparse20": 115.0, "coordination_ring_potter0_20": 0.05, "bottleneck_sparse20": 0.0, "bottleneck_potter0_20": 0.4}
[pair_E] {"steps": 3287040, "elapsed_s": 2455.5, "coordination_ring_sparse20": 113.0, "coordination_ring_potter0_20": 0.0, "bottleneck_sparse20": 0.0, "bottleneck_potter0_20": 0.45}
[pair_E] {"steps": 3289088, "elapsed_s": 2456.9, "coordination_ring_sparse20": 111.0, "coordination_ring_potter0_20": 0.05, "bottleneck_sparse20": 0.0, "bottleneck_potter0_20": 0.45}
[pair_E] {"steps": 3291136, "elapsed_s": 2458.2, "coordination_ring_sparse20": 110.0, "coordination_ring_potter0_20": 0.05, "bottleneck_sparse20": 0.0, "bottleneck_potter0_20": 0.45}
[pair_E] {"steps": 3293184, "elapsed_s": 2459.6, "coordination_ring_sparse20": 111.0, "coordination_ring_potter0_20": 0.05, "bottleneck_sparse20": 0.0, "bottleneck_potter0_20": 0.45}
[pair_E] {"steps": 3295232, "elapsed_s": 2461.0, "coordination_ring_sparse20": 106.0, "coordination_ring_potter0_20": 0.05, "bottleneck_sparse20": 0.0, "bottleneck_potter0_20": 0.45}
[pair_E] {"steps": 3297280, "elapsed_s": 2462.3, "coordination_ring_sparse20": 108.0, "coordination_ring_potter0_20": 0.05, "bottleneck_sparse20": 0.0, "bottleneck_potter0_20": 0.45}
[pair_E] {"steps": 3299328, "elapsed_s": 2463.6, "coordination_ring_sparse20": 107.0, "coordination_ring_potter0_20": 0.05, "bottleneck_sparse20": 0.0, "bottleneck_potter0_20": 0.5}
[pair_E] {"steps": 3301376, "elapsed_s": 2465.0, "coordination_ring_sparse20": 99.0, "coordination_ring_potter0_20": 0.0, "bottleneck_sparse20": 0.0, "bottleneck_potter0_20": 0.5}
[pair_E] {"steps": 3303424, "elapsed_s": 2466.4, "coordination_ring_sparse20": 101.0, "coordination_ring_potter0_20": 0.0, "bottleneck_sparse20": 0.0, "bottleneck_potter0_20": 0.5}
[pair_E] {"steps": 3305472, "elapsed_s": 2467.8, "coordination_ring_sparse20": 110.0, "coordination_ring_potter0_20": 0.0, "bottleneck_sparse20": 0.0, "bottleneck_potter0_20": 0.5}
[pair_E] {"steps": 3307520, "elapsed_s": 2469.2, "coordination_ring_sparse20": 108.0, "coordination_ring_potter0_20": 0.0, "bottleneck_sparse20": 0.0, "bottleneck_potter0_20": 0.45}
[pair_E] {"steps": 3309568, "elapsed_s": 2470.6, "coordination_ring_sparse20": 108.0, "coordination_ring_potter0_20": 0.0, "bottleneck_sparse20": 0.0, "bottleneck_potter0_20": 0.45}
[pair_E] {"steps": 3311616, "elapsed_s": 2472.1, "coordination_ring_sparse20": 109.0, "coordination_ring_potter0_20": 0.0, "bottleneck_sparse20": 0.0, "bottleneck_potter0_20": 0.45}
[pair_E] {"steps": 3313664, "elapsed_s": 2473.4, "coordination_ring_sparse20": 109.0, "coordination_ring_potter0_20": 0.0, "bottleneck_sparse20": 0.0, "bottleneck_potter0_20": 0.45}
[pair_E] {"steps": 3315712, "elapsed_s": 2474.8, "coordination_ring_sparse20": 110.0, "coordination_ring_potter0_20": 0.0, "bottleneck_sparse20": 0.0, "bottleneck_potter0_20": 0.45}
[pair_E] {"steps": 3317760, "elapsed_s": 2476.2, "coordination_ring_sparse20": 107.0, "coordination_ring_potter0_20": 0.0, "bottleneck_sparse20": 0.0, "bottleneck_potter0_20": 0.45}
[pair_E] {"steps": 3319808, "elapsed_s": 2477.6, "coordination_ring_sparse20": 103.0, "coordination_ring_potter0_20": 0.05, "bottleneck_sparse20": 0.0, "bottleneck_potter0_20": 0.45}
[pair_E] {"steps": 3321856, "elapsed_s": 2478.9, "coordination_ring_sparse20": 106.0, "coordination_ring_potter0_20": 0.05, "bottleneck_sparse20": 0.0, "bottleneck_potter0_20": 0.45}
[pair_E] {"steps": 3323904, "elapsed_s": 2480.4, "coordination_ring_sparse20": 108.0, "coordination_ring_potter0_20": 0.05, "bottleneck_sparse20": 0.0, "bottleneck_potter0_20": 0.4}
[pair_E] {"steps": 3325952, "elapsed_s": 2481.8, "coordination_ring_sparse20": 102.0, "coordination_ring_potter0_20": 0.05, "bottleneck_sparse20": 0.0, "bottleneck_potter0_20": 0.4}
[pair_E] {"steps": 3328000, "elapsed_s": 2483.2, "coordination_ring_sparse20": 101.0, "coordination_ring_potter0_20": 0.05, "bottleneck_sparse20": 0.0, "bottleneck_potter0_20": 0.45}
[pair_E] {"steps": 3330048, "elapsed_s": 2484.7, "coordination_ring_sparse20": 106.0, "coordination_ring_potter0_20": 0.05, "bottleneck_sparse20": 0.0, "bottleneck_potter0_20": 0.45}
[pair_E] {"steps": 3332096, "elapsed_s": 2486.2, "coordination_ring_sparse20": 110.0, "coordination_ring_potter0_20": 0.05, "bottleneck_sparse20": 0.0, "bottleneck_potter0_20": 0.4}
[pair_E] {"steps": 3334144, "elapsed_s": 2487.6, "coordination_ring_sparse20": 114.0, "coordination_ring_potter0_20": 0.0, "bottleneck_sparse20": 0.0, "bottleneck_potter0_20": 0.45}
[pair_E] {"steps": 3336192, "elapsed_s": 2488.9, "coordination_ring_sparse20": 108.0, "coordination_ring_potter0_20": 0.0, "bottleneck_sparse20": 0.0, "bottleneck_potter0_20": 0.4}
[pair_E] {"steps": 3338240, "elapsed_s": 2490.2, "coordination_ring_sparse20": 108.0, "coordination_ring_potter0_20": 0.0, "bottleneck_sparse20": 0.0, "bottleneck_potter0_20": 0.4}
[pair_E] {"steps": 3340288, "elapsed_s": 2491.5, "coordination_ring_sparse20": 108.0, "coordination_ring_potter0_20": 0.0, "bottleneck_sparse20": 0.0, "bottleneck_potter0_20": 0.45}
[pair_E] {"steps": 3342336, "elapsed_s": 2493.1, "coordination_ring_sparse20": 112.0, "coordination_ring_potter0_20": 0.0, "bottleneck_sparse20": 0.0, "bottleneck_potter0_20": 0.45}
[pair_E] {"steps": 3344384, "elapsed_s": 2494.4, "coordination_ring_sparse20": 114.0, "coordination_ring_potter0_20": 0.0, "bottleneck_sparse20": 0.0, "bottleneck_potter0_20": 0.45}
[pair_E] {"steps": 3346432, "elapsed_s": 2495.8, "coordination_ring_sparse20": 117.0, "coordination_ring_potter0_20": 0.0, "bottleneck_sparse20": 0.0, "bottleneck_potter0_20": 0.45}
[pair_E] {"steps": 3348480, "elapsed_s": 2497.3, "coordination_ring_sparse20": 117.0, "coordination_ring_potter0_20": 0.0, "bottleneck_sparse20": 0.0, "bottleneck_potter0_20": 0.5}
[pair_E] {"steps": 3350528, "elapsed_s": 2498.7, "coordination_ring_sparse20": 123.0, "coordination_ring_potter0_20": 0.0, "bottleneck_sparse20": 0.0, "bottleneck_potter0_20": 0.5}
[pair_E] {"steps": 3352576, "elapsed_s": 2500.0, "coordination_ring_sparse20": 122.0, "coordination_ring_potter0_20": 0.0, "bottleneck_sparse20": 0.0, "bottleneck_potter0_20": 0.5}
[pair_E] {"steps": 3354624, "elapsed_s": 2501.3, "coordination_ring_sparse20": 122.0, "coordination_ring_potter0_20": 0.0, "bottleneck_sparse20": 0.0, "bottleneck_potter0_20": 0.45}
[pair_E] {"steps": 3356672, "elapsed_s": 2502.6, "coordination_ring_sparse20": 119.0, "coordination_ring_potter0_20": 0.0, "bottleneck_sparse20": 0.0, "bottleneck_potter0_20": 0.5}
[pair_E] {"steps": 3358720, "elapsed_s": 2504.1, "coordination_ring_sparse20": 117.0, "coordination_ring_potter0_20": 0.0, "bottleneck_sparse20": 0.0, "bottleneck_potter0_20": 0.5}
[pair_E] {"steps": 3360768, "elapsed_s": 2505.4, "coordination_ring_sparse20": 115.0, "coordination_ring_potter0_20": 0.0, "bottleneck_sparse20": 0.0, "bottleneck_potter0_20": 0.5}
[pair_E] {"steps": 3362816, "elapsed_s": 2506.8, "coordination_ring_sparse20": 114.0, "coordination_ring_potter0_20": 0.0, "bottleneck_sparse20": 0.0, "bottleneck_potter0_20": 0.5}
[pair_E] {"steps": 3364864, "elapsed_s": 2508.1, "coordination_ring_sparse20": 108.0, "coordination_ring_potter0_20": 0.0, "bottleneck_sparse20": 0.0, "bottleneck_potter0_20": 0.5}
[pair_E] {"steps": 3366912, "elapsed_s": 2509.6, "coordination_ring_sparse20": 97.0, "coordination_ring_potter0_20": 0.0, "bottleneck_sparse20": 0.0, "bottleneck_potter0_20": 0.55}
[pair_E] {"steps": 3368960, "elapsed_s": 2510.9, "coordination_ring_sparse20": 91.0, "coordination_ring_potter0_20": 0.0, "bottleneck_sparse20": 0.0, "bottleneck_potter0_20": 0.55}
[pair_E] {"steps": 3371008, "elapsed_s": 2512.3, "coordination_ring_sparse20": 86.0, "coordination_ring_potter0_20": 0.0, "bottleneck_sparse20": 0.0, "bottleneck_potter0_20": 0.55}
[pair_E] {"steps": 3373056, "elapsed_s": 2513.7, "coordination_ring_sparse20": 86.0, "coordination_ring_potter0_20": 0.0, "bottleneck_sparse20": 0.0, "bottleneck_potter0_20": 0.6}
[pair_E] {"steps": 3375104, "elapsed_s": 2515.1, "coordination_ring_sparse20": 86.0, "coordination_ring_potter0_20": 0.0, "bottleneck_sparse20": 0.0, "bottleneck_potter0_20": 0.65}
[pair_E] {"steps": 3377152, "elapsed_s": 2516.4, "coordination_ring_sparse20": 85.0, "coordination_ring_potter0_20": 0.0, "bottleneck_sparse20": 0.0, "bottleneck_potter0_20": 0.6}
[pair_E] {"steps": 3379200, "elapsed_s": 2517.8, "coordination_ring_sparse20": 82.0, "coordination_ring_potter0_20": 0.0, "bottleneck_sparse20": 0.0, "bottleneck_potter0_20": 0.65}
[pair_E] {"steps": 3381248, "elapsed_s": 2519.2, "coordination_ring_sparse20": 75.0, "coordination_ring_potter0_20": 0.05, "bottleneck_sparse20": 0.0, "bottleneck_potter0_20": 0.6}
[pair_E] {"steps": 3383296, "elapsed_s": 2520.6, "coordination_ring_sparse20": 69.0, "coordination_ring_potter0_20": 0.05, "bottleneck_sparse20": 0.0, "bottleneck_potter0_20": 0.65}
[pair_E] {"steps": 3385344, "elapsed_s": 2522.0, "coordination_ring_sparse20": 75.0, "coordination_ring_potter0_20": 0.05, "bottleneck_sparse20": 0.0, "bottleneck_potter0_20": 0.65}
[pair_E] {"steps": 3387392, "elapsed_s": 2523.4, "coordination_ring_sparse20": 79.0, "coordination_ring_potter0_20": 0.05, "bottleneck_sparse20": 0.0, "bottleneck_potter0_20": 0.65}
[pair_E] {"steps": 3389440, "elapsed_s": 2524.7, "coordination_ring_sparse20": 82.0, "coordination_ring_potter0_20": 0.05, "bottleneck_sparse20": 0.0, "bottleneck_potter0_20": 0.65}
[pair_E] {"steps": 3391488, "elapsed_s": 2526.1, "coordination_ring_sparse20": 85.0, "coordination_ring_potter0_20": 0.05, "bottleneck_sparse20": 0.0, "bottleneck_potter0_20": 0.65}
[pair_E] {"steps": 3393536, "elapsed_s": 2527.4, "coordination_ring_sparse20": 85.0, "coordination_ring_potter0_20": 0.1, "bottleneck_sparse20": 0.0, "bottleneck_potter0_20": 0.65}
[pair_E] {"steps": 3395584, "elapsed_s": 2528.7, "coordination_ring_sparse20": 85.0, "coordination_ring_potter0_20": 0.1, "bottleneck_sparse20": 0.0, "bottleneck_potter0_20": 0.6}
[pair_E] {"steps": 3397632, "elapsed_s": 2530.1, "coordination_ring_sparse20": 92.0, "coordination_ring_potter0_20": 0.05, "bottleneck_sparse20": 0.0, "bottleneck_potter0_20": 0.6}
[pair_E] {"steps": 3399680, "elapsed_s": 2531.4, "coordination_ring_sparse20": 95.0, "coordination_ring_potter0_20": 0.1, "bottleneck_sparse20": 0.0, "bottleneck_potter0_20": 0.55}
[pair_E] {"steps": 3401728, "elapsed_s": 2532.8, "coordination_ring_sparse20": 96.0, "coordination_ring_potter0_20": 0.15, "bottleneck_sparse20": 0.0, "bottleneck_potter0_20": 0.55}
[pair_E] {"steps": 3403776, "elapsed_s": 2534.1, "coordination_ring_sparse20": 96.0, "coordination_ring_potter0_20": 0.15, "bottleneck_sparse20": 0.0, "bottleneck_potter0_20": 0.5}
[pair_E] {"steps": 3405824, "elapsed_s": 2535.5, "coordination_ring_sparse20": 97.0, "coordination_ring_potter0_20": 0.15, "bottleneck_sparse20": 0.0, "bottleneck_potter0_20": 0.5}
[pair_E] {"steps": 3407872, "elapsed_s": 2536.8, "coordination_ring_sparse20": 98.0, "coordination_ring_potter0_20": 0.15, "bottleneck_sparse20": 0.0, "bottleneck_potter0_20": 0.45}
[pair_E] {"steps": 3409920, "elapsed_s": 2538.1, "coordination_ring_sparse20": 98.0, "coordination_ring_potter0_20": 0.2, "bottleneck_sparse20": 0.0, "bottleneck_potter0_20": 0.4}
[pair_E] {"steps": 3411968, "elapsed_s": 2539.8, "coordination_ring_sparse20": 97.0, "coordination_ring_potter0_20": 0.2, "bottleneck_sparse20": 0.0, "bottleneck_potter0_20": 0.35}
[pair_E] {"steps": 3414016, "elapsed_s": 2541.2, "coordination_ring_sparse20": 97.0, "coordination_ring_potter0_20": 0.2, "bottleneck_sparse20": 0.0, "bottleneck_potter0_20": 0.35}
[pair_E] {"steps": 3416064, "elapsed_s": 2542.7, "coordination_ring_sparse20": 103.0, "coordination_ring_potter0_20": 0.2, "bottleneck_sparse20": 0.0, "bottleneck_potter0_20": 0.35}
[pair_E] {"steps": 3418112, "elapsed_s": 2544.1, "coordination_ring_sparse20": 106.0, "coordination_ring_potter0_20": 0.2, "bottleneck_sparse20": 0.0, "bottleneck_potter0_20": 0.35}
[pair_E] {"steps": 3420160, "elapsed_s": 2545.5, "coordination_ring_sparse20": 108.0, "coordination_ring_potter0_20": 0.15, "bottleneck_sparse20": 0.0, "bottleneck_potter0_20": 0.35}
[pair_E] {"steps": 3422208, "elapsed_s": 2547.0, "coordination_ring_sparse20": 108.0, "coordination_ring_potter0_20": 0.15, "bottleneck_sparse20": 0.0, "bottleneck_potter0_20": 0.3}
[pair_E] {"steps": 3424256, "elapsed_s": 2548.3, "coordination_ring_sparse20": 106.0, "coordination_ring_potter0_20": 0.15, "bottleneck_sparse20": 0.0, "bottleneck_potter0_20": 0.3}
[pair_E] {"steps": 3426304, "elapsed_s": 2549.7, "coordination_ring_sparse20": 107.0, "coordination_ring_potter0_20": 0.15, "bottleneck_sparse20": 0.0, "bottleneck_potter0_20": 0.25}
[pair_E] {"steps": 3428352, "elapsed_s": 2551.1, "coordination_ring_sparse20": 108.0, "coordination_ring_potter0_20": 0.2, "bottleneck_sparse20": 0.0, "bottleneck_potter0_20": 0.35}
[pair_E] {"steps": 3430400, "elapsed_s": 2552.4, "coordination_ring_sparse20": 111.0, "coordination_ring_potter0_20": 0.2, "bottleneck_sparse20": 0.0, "bottleneck_potter0_20": 0.35}
[pair_E] {"steps": 3432448, "elapsed_s": 2553.8, "coordination_ring_sparse20": 106.0, "coordination_ring_potter0_20": 0.25, "bottleneck_sparse20": 0.0, "bottleneck_potter0_20": 0.35}
[pair_E] {"steps": 3434496, "elapsed_s": 2555.2, "coordination_ring_sparse20": 109.0, "coordination_ring_potter0_20": 0.35, "bottleneck_sparse20": 0.0, "bottleneck_potter0_20": 0.45}
[pair_E] {"steps": 3436544, "elapsed_s": 2556.5, "coordination_ring_sparse20": 107.0, "coordination_ring_potter0_20": 0.35, "bottleneck_sparse20": 0.0, "bottleneck_potter0_20": 0.45}
[pair_E] {"steps": 3438592, "elapsed_s": 2557.9, "coordination_ring_sparse20": 108.0, "coordination_ring_potter0_20": 0.4, "bottleneck_sparse20": 0.0, "bottleneck_potter0_20": 0.45}
[pair_E] {"steps": 3440640, "elapsed_s": 2559.2, "coordination_ring_sparse20": 114.0, "coordination_ring_potter0_20": 0.4, "bottleneck_sparse20": 0.0, "bottleneck_potter0_20": 0.5}
[pair_E] {"steps": 3442688, "elapsed_s": 2560.5, "coordination_ring_sparse20": 117.0, "coordination_ring_potter0_20": 0.4, "bottleneck_sparse20": 0.0, "bottleneck_potter0_20": 0.5}
[pair_E] {"steps": 3444736, "elapsed_s": 2561.9, "coordination_ring_sparse20": 120.0, "coordination_ring_potter0_20": 0.3, "bottleneck_sparse20": 0.0, "bottleneck_potter0_20": 0.5}
[pair_E] {"steps": 3446784, "elapsed_s": 2563.3, "coordination_ring_sparse20": 119.0, "coordination_ring_potter0_20": 0.25, "bottleneck_sparse20": 0.0, "bottleneck_potter0_20": 0.55}
[pair_E] {"steps": 3448832, "elapsed_s": 2564.6, "coordination_ring_sparse20": 124.0, "coordination_ring_potter0_20": 0.2, "bottleneck_sparse20": 0.0, "bottleneck_potter0_20": 0.6}
[pair_E] {"steps": 3450880, "elapsed_s": 2566.0, "coordination_ring_sparse20": 123.0, "coordination_ring_potter0_20": 0.15, "bottleneck_sparse20": 0.0, "bottleneck_potter0_20": 0.7}
[pair_E] {"steps": 3452928, "elapsed_s": 2567.4, "coordination_ring_sparse20": 125.0, "coordination_ring_potter0_20": 0.15, "bottleneck_sparse20": 0.0, "bottleneck_potter0_20": 0.75}
[pair_E] {"steps": 3454976, "elapsed_s": 2568.8, "coordination_ring_sparse20": 123.0, "coordination_ring_potter0_20": 0.1, "bottleneck_sparse20": 0.0, "bottleneck_potter0_20": 0.75}
[pair_E] {"steps": 3457024, "elapsed_s": 2570.2, "coordination_ring_sparse20": 123.0, "coordination_ring_potter0_20": 0.1, "bottleneck_sparse20": 0.0, "bottleneck_potter0_20": 0.8}
[pair_E] {"steps": 3459072, "elapsed_s": 2571.6, "coordination_ring_sparse20": 123.0, "coordination_ring_potter0_20": 0.1, "bottleneck_sparse20": 0.0, "bottleneck_potter0_20": 0.8}
[pair_E] {"steps": 3461120, "elapsed_s": 2573.0, "coordination_ring_sparse20": 122.0, "coordination_ring_potter0_20": 0.1, "bottleneck_sparse20": 0.0, "bottleneck_potter0_20": 0.8}
[pair_E] {"steps": 3463168, "elapsed_s": 2574.5, "coordination_ring_sparse20": 124.0, "coordination_ring_potter0_20": 0.1, "bottleneck_sparse20": 0.0, "bottleneck_potter0_20": 0.8}
[pair_E] {"steps": 3465216, "elapsed_s": 2576.2, "coordination_ring_sparse20": 120.0, "coordination_ring_potter0_20": 0.1, "bottleneck_sparse20": 0.0, "bottleneck_potter0_20": 0.8}
[pair_E] {"steps": 3467264, "elapsed_s": 2577.6, "coordination_ring_sparse20": 121.0, "coordination_ring_potter0_20": 0.05, "bottleneck_sparse20": 0.0, "bottleneck_potter0_20": 0.8}
[pair_E] {"steps": 3469312, "elapsed_s": 2579.0, "coordination_ring_sparse20": 123.0, "coordination_ring_potter0_20": 0.05, "bottleneck_sparse20": 0.0, "bottleneck_potter0_20": 0.8}
[pair_E] {"steps": 3471360, "elapsed_s": 2580.3, "coordination_ring_sparse20": 125.0, "coordination_ring_potter0_20": 0.0, "bottleneck_sparse20": 0.0, "bottleneck_potter0_20": 0.8}
[pair_E] {"steps": 3473408, "elapsed_s": 2581.7, "coordination_ring_sparse20": 119.0, "coordination_ring_potter0_20": 0.0, "bottleneck_sparse20": 0.0, "bottleneck_potter0_20": 0.8}
[pair_E] {"steps": 3475456, "elapsed_s": 2583.1, "coordination_ring_sparse20": 121.0, "coordination_ring_potter0_20": 0.0, "bottleneck_sparse20": 0.0, "bottleneck_potter0_20": 0.8}
[pair_E] {"steps": 3477504, "elapsed_s": 2584.5, "coordination_ring_sparse20": 120.0, "coordination_ring_potter0_20": 0.0, "bottleneck_sparse20": 0.0, "bottleneck_potter0_20": 0.8}
[pair_E] {"steps": 3479552, "elapsed_s": 2586.0, "coordination_ring_sparse20": 123.0, "coordination_ring_potter0_20": 0.0, "bottleneck_sparse20": 0.0, "bottleneck_potter0_20": 0.8}
[pair_E] {"steps": 3481600, "elapsed_s": 2587.4, "coordination_ring_sparse20": 123.0, "coordination_ring_potter0_20": 0.0, "bottleneck_sparse20": 0.0, "bottleneck_potter0_20": 0.75}
[pair_E] {"steps": 3483648, "elapsed_s": 2588.9, "coordination_ring_sparse20": 119.0, "coordination_ring_potter0_20": 0.0, "bottleneck_sparse20": 0.0, "bottleneck_potter0_20": 0.75}
[pair_E] {"steps": 3485696, "elapsed_s": 2590.4, "coordination_ring_sparse20": 122.0, "coordination_ring_potter0_20": 0.0, "bottleneck_sparse20": 0.0, "bottleneck_potter0_20": 0.75}
[pair_E] {"steps": 3487744, "elapsed_s": 2591.8, "coordination_ring_sparse20": 125.0, "coordination_ring_potter0_20": 0.0, "bottleneck_sparse20": 0.0, "bottleneck_potter0_20": 0.8}
[pair_E] {"steps": 3489792, "elapsed_s": 2593.1, "coordination_ring_sparse20": 124.0, "coordination_ring_potter0_20": 0.0, "bottleneck_sparse20": 0.0, "bottleneck_potter0_20": 0.8}
[pair_E] {"steps": 3491840, "elapsed_s": 2594.4, "coordination_ring_sparse20": 119.0, "coordination_ring_potter0_20": 0.0, "bottleneck_sparse20": 0.0, "bottleneck_potter0_20": 0.8}
[pair_E] {"steps": 3493888, "elapsed_s": 2595.8, "coordination_ring_sparse20": 116.0, "coordination_ring_potter0_20": 0.0, "bottleneck_sparse20": 0.0, "bottleneck_potter0_20": 0.8}
[pair_E] {"steps": 3495936, "elapsed_s": 2597.1, "coordination_ring_sparse20": 115.0, "coordination_ring_potter0_20": 0.0, "bottleneck_sparse20": 0.0, "bottleneck_potter0_20": 0.8}
[pair_E] {"steps": 3497984, "elapsed_s": 2598.5, "coordination_ring_sparse20": 113.0, "coordination_ring_potter0_20": 0.0, "bottleneck_sparse20": 0.0, "bottleneck_potter0_20": 0.75}
[pair_E] {"steps": 3500032, "elapsed_s": 2599.9, "coordination_ring_sparse20": 114.0, "coordination_ring_potter0_20": 0.0, "bottleneck_sparse20": 0.0, "bottleneck_potter0_20": 0.7}
[pair_E] {"steps": 3502080, "elapsed_s": 2601.3, "coordination_ring_sparse20": 108.0, "coordination_ring_potter0_20": 0.0, "bottleneck_sparse20": 0.0, "bottleneck_potter0_20": 0.65}
[pair_E] {"steps": 3504128, "elapsed_s": 2602.6, "coordination_ring_sparse20": 108.0, "coordination_ring_potter0_20": 0.0, "bottleneck_sparse20": 0.0, "bottleneck_potter0_20": 0.6}
[pair_E] {"steps": 3506176, "elapsed_s": 2604.1, "coordination_ring_sparse20": 112.0, "coordination_ring_potter0_20": 0.0, "bottleneck_sparse20": 0.0, "bottleneck_potter0_20": 0.6}
[pair_E] {"steps": 3508224, "elapsed_s": 2605.6, "coordination_ring_sparse20": 110.0, "coordination_ring_potter0_20": 0.0, "bottleneck_sparse20": 0.0, "bottleneck_potter0_20": 0.55}
[pair_E] {"steps": 3510272, "elapsed_s": 2607.0, "coordination_ring_sparse20": 110.0, "coordination_ring_potter0_20": 0.0, "bottleneck_sparse20": 0.0, "bottleneck_potter0_20": 0.55}
[pair_E] {"steps": 3512320, "elapsed_s": 2608.3, "coordination_ring_sparse20": 108.0, "coordination_ring_potter0_20": 0.0, "bottleneck_sparse20": 0.0, "bottleneck_potter0_20": 0.6}
[pair_E] {"steps": 3514368, "elapsed_s": 2609.8, "coordination_ring_sparse20": 115.0, "coordination_ring_potter0_20": 0.0, "bottleneck_sparse20": 0.0, "bottleneck_potter0_20": 0.6}
[pair_E] {"steps": 3516416, "elapsed_s": 2611.2, "coordination_ring_sparse20": 120.0, "coordination_ring_potter0_20": 0.0, "bottleneck_sparse20": 0.0, "bottleneck_potter0_20": 0.55}
[pair_E] {"steps": 3518464, "elapsed_s": 2612.6, "coordination_ring_sparse20": 121.0, "coordination_ring_potter0_20": 0.0, "bottleneck_sparse20": 0.0, "bottleneck_potter0_20": 0.5}
[pair_E] {"steps": 3520512, "elapsed_s": 2614.0, "coordination_ring_sparse20": 126.0, "coordination_ring_potter0_20": 0.0, "bottleneck_sparse20": 0.0, "bottleneck_potter0_20": 0.55}
[pair_E] {"steps": 3522560, "elapsed_s": 2615.5, "coordination_ring_sparse20": 128.0, "coordination_ring_potter0_20": 0.0, "bottleneck_sparse20": 0.0, "bottleneck_potter0_20": 0.45}
[pair_E] {"steps": 3524608, "elapsed_s": 2616.9, "coordination_ring_sparse20": 128.0, "coordination_ring_potter0_20": 0.0, "bottleneck_sparse20": 0.0, "bottleneck_potter0_20": 0.45}
[pair_E] {"steps": 3526656, "elapsed_s": 2618.3, "coordination_ring_sparse20": 128.0, "coordination_ring_potter0_20": 0.0, "bottleneck_sparse20": 0.0, "bottleneck_potter0_20": 0.45}
[pair_E] {"steps": 3528704, "elapsed_s": 2619.7, "coordination_ring_sparse20": 130.0, "coordination_ring_potter0_20": 0.0, "bottleneck_sparse20": 0.0, "bottleneck_potter0_20": 0.5}
[pair_E] {"steps": 3530752, "elapsed_s": 2621.1, "coordination_ring_sparse20": 131.0, "coordination_ring_potter0_20": 0.0, "bottleneck_sparse20": 0.0, "bottleneck_potter0_20": 0.45}
[pair_E] {"steps": 3532800, "elapsed_s": 2622.5, "coordination_ring_sparse20": 132.0, "coordination_ring_potter0_20": 0.0, "bottleneck_sparse20": 0.0, "bottleneck_potter0_20": 0.45}
[pair_E] {"steps": 3534848, "elapsed_s": 2623.9, "coordination_ring_sparse20": 131.0, "coordination_ring_potter0_20": 0.0, "bottleneck_sparse20": 0.0, "bottleneck_potter0_20": 0.45}
[pair_E] {"steps": 3536896, "elapsed_s": 2625.2, "coordination_ring_sparse20": 131.0, "coordination_ring_potter0_20": 0.0, "bottleneck_sparse20": 0.0, "bottleneck_potter0_20": 0.4}
[pair_E] {"steps": 3538944, "elapsed_s": 2626.6, "coordination_ring_sparse20": 132.0, "coordination_ring_potter0_20": 0.0, "bottleneck_sparse20": 0.0, "bottleneck_potter0_20": 0.4}
[pair_E] {"steps": 3540992, "elapsed_s": 2628.0, "coordination_ring_sparse20": 132.0, "coordination_ring_potter0_20": 0.0, "bottleneck_sparse20": 0.0, "bottleneck_potter0_20": 0.4}
[pair_E] {"steps": 3543040, "elapsed_s": 2629.5, "coordination_ring_sparse20": 131.0, "coordination_ring_potter0_20": 0.0, "bottleneck_sparse20": 0.0, "bottleneck_potter0_20": 0.45}
[pair_E] {"steps": 3545088, "elapsed_s": 2630.9, "coordination_ring_sparse20": 130.0, "coordination_ring_potter0_20": 0.0, "bottleneck_sparse20": 0.0, "bottleneck_potter0_20": 0.4}
[pair_E] {"steps": 3547136, "elapsed_s": 2632.4, "coordination_ring_sparse20": 127.0, "coordination_ring_potter0_20": 0.0, "bottleneck_sparse20": 0.0, "bottleneck_potter0_20": 0.4}
[pair_E] {"steps": 3549184, "elapsed_s": 2633.8, "coordination_ring_sparse20": 125.0, "coordination_ring_potter0_20": 0.0, "bottleneck_sparse20": 0.0, "bottleneck_potter0_20": 0.4}
[pair_E] {"steps": 3551232, "elapsed_s": 2635.1, "coordination_ring_sparse20": 127.0, "coordination_ring_potter0_20": 0.0, "bottleneck_sparse20": 0.0, "bottleneck_potter0_20": 0.45}
[pair_E] {"steps": 3553280, "elapsed_s": 2636.4, "coordination_ring_sparse20": 126.0, "coordination_ring_potter0_20": 0.0, "bottleneck_sparse20": 0.0, "bottleneck_potter0_20": 0.45}
[pair_E] {"steps": 3555328, "elapsed_s": 2637.7, "coordination_ring_sparse20": 125.0, "coordination_ring_potter0_20": 0.0, "bottleneck_sparse20": 0.0, "bottleneck_potter0_20": 0.45}
[pair_E] {"steps": 3557376, "elapsed_s": 2639.1, "coordination_ring_sparse20": 121.0, "coordination_ring_potter0_20": 0.0, "bottleneck_sparse20": 0.0, "bottleneck_potter0_20": 0.45}
[pair_E] {"steps": 3559424, "elapsed_s": 2640.5, "coordination_ring_sparse20": 123.0, "coordination_ring_potter0_20": 0.0, "bottleneck_sparse20": 0.0, "bottleneck_potter0_20": 0.45}
[pair_E] {"steps": 3561472, "elapsed_s": 2641.9, "coordination_ring_sparse20": 123.0, "coordination_ring_potter0_20": 0.0, "bottleneck_sparse20": 0.0, "bottleneck_potter0_20": 0.45}
[pair_E] {"steps": 3563520, "elapsed_s": 2643.3, "coordination_ring_sparse20": 118.0, "coordination_ring_potter0_20": 0.0, "bottleneck_sparse20": 0.0, "bottleneck_potter0_20": 0.45}
[pair_E] {"steps": 3565568, "elapsed_s": 2644.7, "coordination_ring_sparse20": 117.0, "coordination_ring_potter0_20": 0.0, "bottleneck_sparse20": 0.0, "bottleneck_potter0_20": 0.45}
[pair_E] {"steps": 3567616, "elapsed_s": 2646.1, "coordination_ring_sparse20": 114.0, "coordination_ring_potter0_20": 0.0, "bottleneck_sparse20": 0.0, "bottleneck_potter0_20": 0.5}
[pair_E] {"steps": 3569664, "elapsed_s": 2647.6, "coordination_ring_sparse20": 116.0, "coordination_ring_potter0_20": 0.0, "bottleneck_sparse20": 0.0, "bottleneck_potter0_20": 0.5}
[pair_E] {"steps": 3571712, "elapsed_s": 2649.1, "coordination_ring_sparse20": 118.0, "coordination_ring_potter0_20": 0.05, "bottleneck_sparse20": 0.0, "bottleneck_potter0_20": 0.5}
[pair_E] {"steps": 3573760, "elapsed_s": 2650.4, "coordination_ring_sparse20": 119.0, "coordination_ring_potter0_20": 0.05, "bottleneck_sparse20": 0.0, "bottleneck_potter0_20": 0.5}
[pair_E] {"steps": 3575808, "elapsed_s": 2651.9, "coordination_ring_sparse20": 120.0, "coordination_ring_potter0_20": 0.05, "bottleneck_sparse20": 0.0, "bottleneck_potter0_20": 0.4}
[pair_E] {"steps": 3577856, "elapsed_s": 2653.2, "coordination_ring_sparse20": 124.0, "coordination_ring_potter0_20": 0.05, "bottleneck_sparse20": 0.0, "bottleneck_potter0_20": 0.4}
[pair_E] {"steps": 3579904, "elapsed_s": 2654.5, "coordination_ring_sparse20": 126.0, "coordination_ring_potter0_20": 0.05, "bottleneck_sparse20": 0.0, "bottleneck_potter0_20": 0.4}
[pair_E] {"steps": 3581952, "elapsed_s": 2656.0, "coordination_ring_sparse20": 120.0, "coordination_ring_potter0_20": 0.1, "bottleneck_sparse20": 0.0, "bottleneck_potter0_20": 0.4}
[pair_E] {"steps": 3584000, "elapsed_s": 2657.4, "coordination_ring_sparse20": 113.0, "coordination_ring_potter0_20": 0.05, "bottleneck_sparse20": 0.0, "bottleneck_potter0_20": 0.5}
[pair_E] {"steps": 3586048, "elapsed_s": 2658.8, "coordination_ring_sparse20": 115.0, "coordination_ring_potter0_20": 0.05, "bottleneck_sparse20": 0.0, "bottleneck_potter0_20": 0.5}
[pair_E] {"steps": 3588096, "elapsed_s": 2660.3, "coordination_ring_sparse20": 111.0, "coordination_ring_potter0_20": 0.1, "bottleneck_sparse20": 0.0, "bottleneck_potter0_20": 0.5}
[pair_E] {"steps": 3590144, "elapsed_s": 2661.6, "coordination_ring_sparse20": 109.0, "coordination_ring_potter0_20": 0.1, "bottleneck_sparse20": 0.0, "bottleneck_potter0_20": 0.55}
[pair_E] {"steps": 3592192, "elapsed_s": 2663.0, "coordination_ring_sparse20": 108.0, "coordination_ring_potter0_20": 0.1, "bottleneck_sparse20": 0.0, "bottleneck_potter0_20": 0.55}
[pair_E] {"steps": 3594240, "elapsed_s": 2664.5, "coordination_ring_sparse20": 106.0, "coordination_ring_potter0_20": 0.05, "bottleneck_sparse20": 0.0, "bottleneck_potter0_20": 0.55}
[pair_E] {"steps": 3596288, "elapsed_s": 2665.9, "coordination_ring_sparse20": 108.0, "coordination_ring_potter0_20": 0.05, "bottleneck_sparse20": 0.0, "bottleneck_potter0_20": 0.55}
[pair_E] {"steps": 3598336, "elapsed_s": 2667.3, "coordination_ring_sparse20": 115.0, "coordination_ring_potter0_20": 0.05, "bottleneck_sparse20": 0.0, "bottleneck_potter0_20": 0.55}
[pair_E] {"steps": 3600384, "elapsed_s": 2668.8, "coordination_ring_sparse20": 117.0, "coordination_ring_potter0_20": 0.1, "bottleneck_sparse20": 0.0, "bottleneck_potter0_20": 0.6}
[pair_E] {"steps": 3602432, "elapsed_s": 2670.1, "coordination_ring_sparse20": 118.0, "coordination_ring_potter0_20": 0.05, "bottleneck_sparse20": 0.0, "bottleneck_potter0_20": 0.6}
[pair_E] {"steps": 3604480, "elapsed_s": 2671.5, "coordination_ring_sparse20": 119.0, "coordination_ring_potter0_20": 0.05, "bottleneck_sparse20": 0.0, "bottleneck_potter0_20": 0.6}
[pair_E] {"steps": 3606528, "elapsed_s": 2672.8, "coordination_ring_sparse20": 120.0, "coordination_ring_potter0_20": 0.05, "bottleneck_sparse20": 0.0, "bottleneck_potter0_20": 0.6}
[pair_E] {"steps": 3608576, "elapsed_s": 2674.1, "coordination_ring_sparse20": 126.0, "coordination_ring_potter0_20": 0.05, "bottleneck_sparse20": 0.0, "bottleneck_potter0_20": 0.6}
[pair_E] {"steps": 3610624, "elapsed_s": 2675.5, "coordination_ring_sparse20": 127.0, "coordination_ring_potter0_20": 0.05, "bottleneck_sparse20": 0.0, "bottleneck_potter0_20": 0.55}
[pair_E] {"steps": 3612672, "elapsed_s": 2676.9, "coordination_ring_sparse20": 125.0, "coordination_ring_potter0_20": 0.05, "bottleneck_sparse20": 0.0, "bottleneck_potter0_20": 0.6}
[pair_E] {"steps": 3614720, "elapsed_s": 2678.1, "coordination_ring_sparse20": 121.0, "coordination_ring_potter0_20": 0.0, "bottleneck_sparse20": 0.0, "bottleneck_potter0_20": 0.6}
[pair_E] {"steps": 3616768, "elapsed_s": 2679.5, "coordination_ring_sparse20": 121.0, "coordination_ring_potter0_20": 0.0, "bottleneck_sparse20": 0.0, "bottleneck_potter0_20": 0.65}
[pair_E] {"steps": 3618816, "elapsed_s": 2680.9, "coordination_ring_sparse20": 121.0, "coordination_ring_potter0_20": 0.0, "bottleneck_sparse20": 0.0, "bottleneck_potter0_20": 0.6}
[pair_E] {"steps": 3620864, "elapsed_s": 2682.2, "coordination_ring_sparse20": 121.0, "coordination_ring_potter0_20": 0.0, "bottleneck_sparse20": 0.0, "bottleneck_potter0_20": 0.6}
[pair_E] {"steps": 3622912, "elapsed_s": 2683.7, "coordination_ring_sparse20": 123.0, "coordination_ring_potter0_20": 0.0, "bottleneck_sparse20": 0.0, "bottleneck_potter0_20": 0.7}
[pair_E] {"steps": 3624960, "elapsed_s": 2685.1, "coordination_ring_sparse20": 122.0, "coordination_ring_potter0_20": 0.0, "bottleneck_sparse20": 0.0, "bottleneck_potter0_20": 0.75}
[pair_E] {"steps": 3627008, "elapsed_s": 2686.5, "coordination_ring_sparse20": 120.0, "coordination_ring_potter0_20": 0.0, "bottleneck_sparse20": 0.0, "bottleneck_potter0_20": 0.75}
[pair_E] {"steps": 3629056, "elapsed_s": 2687.9, "coordination_ring_sparse20": 120.0, "coordination_ring_potter0_20": 0.0, "bottleneck_sparse20": 0.0, "bottleneck_potter0_20": 0.7}
[pair_E] {"steps": 3631104, "elapsed_s": 2689.3, "coordination_ring_sparse20": 118.0, "coordination_ring_potter0_20": 0.0, "bottleneck_sparse20": 0.0, "bottleneck_potter0_20": 0.7}
[pair_E] {"steps": 3633152, "elapsed_s": 2690.6, "coordination_ring_sparse20": 117.0, "coordination_ring_potter0_20": 0.0, "bottleneck_sparse20": 0.0, "bottleneck_potter0_20": 0.7}
[pair_E] {"steps": 3635200, "elapsed_s": 2692.1, "coordination_ring_sparse20": 116.0, "coordination_ring_potter0_20": 0.0, "bottleneck_sparse20": 0.0, "bottleneck_potter0_20": 0.7}
[pair_E] {"steps": 3637248, "elapsed_s": 2693.4, "coordination_ring_sparse20": 114.0, "coordination_ring_potter0_20": 0.0, "bottleneck_sparse20": 0.0, "bottleneck_potter0_20": 0.75}
[pair_E] {"steps": 3639296, "elapsed_s": 2694.8, "coordination_ring_sparse20": 113.0, "coordination_ring_potter0_20": 0.0, "bottleneck_sparse20": 0.0, "bottleneck_potter0_20": 0.75}
[pair_E] {"steps": 3641344, "elapsed_s": 2696.1, "coordination_ring_sparse20": 114.0, "coordination_ring_potter0_20": 0.0, "bottleneck_sparse20": 0.0, "bottleneck_potter0_20": 0.75}
[pair_E] {"steps": 3643392, "elapsed_s": 2697.5, "coordination_ring_sparse20": 115.0, "coordination_ring_potter0_20": 0.05, "bottleneck_sparse20": 0.0, "bottleneck_potter0_20": 0.75}
[pair_E] {"steps": 3645440, "elapsed_s": 2698.8, "coordination_ring_sparse20": 117.0, "coordination_ring_potter0_20": 0.05, "bottleneck_sparse20": 0.0, "bottleneck_potter0_20": 0.75}
[pair_E] {"steps": 3647488, "elapsed_s": 2700.2, "coordination_ring_sparse20": 118.0, "coordination_ring_potter0_20": 0.05, "bottleneck_sparse20": 0.0, "bottleneck_potter0_20": 0.75}
[pair_E] {"steps": 3649536, "elapsed_s": 2701.5, "coordination_ring_sparse20": 122.0, "coordination_ring_potter0_20": 0.05, "bottleneck_sparse20": 0.0, "bottleneck_potter0_20": 0.75}
[pair_E] {"steps": 3651584, "elapsed_s": 2702.8, "coordination_ring_sparse20": 125.0, "coordination_ring_potter0_20": 0.05, "bottleneck_sparse20": 0.0, "bottleneck_potter0_20": 0.7}
[pair_E] {"steps": 3653632, "elapsed_s": 2704.2, "coordination_ring_sparse20": 126.0, "coordination_ring_potter0_20": 0.05, "bottleneck_sparse20": 0.0, "bottleneck_potter0_20": 0.65}
[pair_E] {"steps": 3655680, "elapsed_s": 2705.6, "coordination_ring_sparse20": 125.0, "coordination_ring_potter0_20": 0.05, "bottleneck_sparse20": 0.0, "bottleneck_potter0_20": 0.65}
[pair_E] {"steps": 3657728, "elapsed_s": 2706.9, "coordination_ring_sparse20": 127.0, "coordination_ring_potter0_20": 0.05, "bottleneck_sparse20": 0.0, "bottleneck_potter0_20": 0.65}
[pair_E] {"steps": 3659776, "elapsed_s": 2708.2, "coordination_ring_sparse20": 123.0, "coordination_ring_potter0_20": 0.05, "bottleneck_sparse20": 0.0, "bottleneck_potter0_20": 0.65}
[pair_E] {"steps": 3661824, "elapsed_s": 2709.7, "coordination_ring_sparse20": 117.0, "coordination_ring_potter0_20": 0.0, "bottleneck_sparse20": 0.0, "bottleneck_potter0_20": 0.7}
[pair_E] {"steps": 3663872, "elapsed_s": 2711.2, "coordination_ring_sparse20": 115.0, "coordination_ring_potter0_20": 0.0, "bottleneck_sparse20": 0.0, "bottleneck_potter0_20": 0.7}
[pair_E] {"steps": 3665920, "elapsed_s": 2712.6, "coordination_ring_sparse20": 111.0, "coordination_ring_potter0_20": 0.0, "bottleneck_sparse20": 0.0, "bottleneck_potter0_20": 0.7}
[pair_E] {"steps": 3667968, "elapsed_s": 2714.1, "coordination_ring_sparse20": 111.0, "coordination_ring_potter0_20": 0.0, "bottleneck_sparse20": 0.0, "bottleneck_potter0_20": 0.65}
[pair_E] {"steps": 3670016, "elapsed_s": 2715.5, "coordination_ring_sparse20": 111.0, "coordination_ring_potter0_20": 0.0, "bottleneck_sparse20": 0.0, "bottleneck_potter0_20": 0.6}
[pair_E] {"steps": 3672064, "elapsed_s": 2716.9, "coordination_ring_sparse20": 109.0, "coordination_ring_potter0_20": 0.0, "bottleneck_sparse20": 0.0, "bottleneck_potter0_20": 0.6}
[pair_E] {"steps": 3674112, "elapsed_s": 2718.3, "coordination_ring_sparse20": 109.0, "coordination_ring_potter0_20": 0.0, "bottleneck_sparse20": 0.0, "bottleneck_potter0_20": 0.65}
[pair_E] {"steps": 3676160, "elapsed_s": 2719.8, "coordination_ring_sparse20": 107.0, "coordination_ring_potter0_20": 0.0, "bottleneck_sparse20": 0.0, "bottleneck_potter0_20": 0.65}
[pair_E] {"steps": 3678208, "elapsed_s": 2721.2, "coordination_ring_sparse20": 107.0, "coordination_ring_potter0_20": 0.0, "bottleneck_sparse20": 0.0, "bottleneck_potter0_20": 0.65}
[pair_E] {"steps": 3680256, "elapsed_s": 2722.4, "coordination_ring_sparse20": 107.0, "coordination_ring_potter0_20": 0.0, "bottleneck_sparse20": 0.0, "bottleneck_potter0_20": 0.65}
[pair_E] {"steps": 3682304, "elapsed_s": 2723.7, "coordination_ring_sparse20": 101.0, "coordination_ring_potter0_20": 0.0, "bottleneck_sparse20": 0.0, "bottleneck_potter0_20": 0.65}
[pair_E] {"steps": 3684352, "elapsed_s": 2725.1, "coordination_ring_sparse20": 106.0, "coordination_ring_potter0_20": 0.0, "bottleneck_sparse20": 0.0, "bottleneck_potter0_20": 0.6}
[pair_E] {"steps": 3686400, "elapsed_s": 2726.5, "coordination_ring_sparse20": 105.0, "coordination_ring_potter0_20": 0.0, "bottleneck_sparse20": 0.0, "bottleneck_potter0_20": 0.6}
[pair_E] {"steps": 3688448, "elapsed_s": 2727.9, "coordination_ring_sparse20": 104.0, "coordination_ring_potter0_20": 0.0, "bottleneck_sparse20": 0.0, "bottleneck_potter0_20": 0.6}
[pair_E] {"steps": 3690496, "elapsed_s": 2729.2, "coordination_ring_sparse20": 100.0, "coordination_ring_potter0_20": 0.05, "bottleneck_sparse20": 0.0, "bottleneck_potter0_20": 0.6}
[pair_E] {"steps": 3692544, "elapsed_s": 2730.6, "coordination_ring_sparse20": 100.0, "coordination_ring_potter0_20": 0.05, "bottleneck_sparse20": 0.0, "bottleneck_potter0_20": 0.6}
[pair_E] {"steps": 3694592, "elapsed_s": 2731.9, "coordination_ring_sparse20": 101.0, "coordination_ring_potter0_20": 0.05, "bottleneck_sparse20": 0.0, "bottleneck_potter0_20": 0.6}
[pair_E] {"steps": 3696640, "elapsed_s": 2733.2, "coordination_ring_sparse20": 107.0, "coordination_ring_potter0_20": 0.05, "bottleneck_sparse20": 0.0, "bottleneck_potter0_20": 0.6}
[pair_E] {"steps": 3698688, "elapsed_s": 2734.5, "coordination_ring_sparse20": 110.0, "coordination_ring_potter0_20": 0.05, "bottleneck_sparse20": 0.0, "bottleneck_potter0_20": 0.6}
[pair_E] {"steps": 3700736, "elapsed_s": 2735.8, "coordination_ring_sparse20": 112.0, "coordination_ring_potter0_20": 0.05, "bottleneck_sparse20": 0.0, "bottleneck_potter0_20": 0.55}
[pair_E] {"steps": 3702784, "elapsed_s": 2737.1, "coordination_ring_sparse20": 114.0, "coordination_ring_potter0_20": 0.0, "bottleneck_sparse20": 0.0, "bottleneck_potter0_20": 0.55}
[pair_E] {"steps": 3704832, "elapsed_s": 2738.4, "coordination_ring_sparse20": 114.0, "coordination_ring_potter0_20": 0.0, "bottleneck_sparse20": 0.0, "bottleneck_potter0_20": 0.5}
[pair_E] {"steps": 3706880, "elapsed_s": 2739.9, "coordination_ring_sparse20": 117.0, "coordination_ring_potter0_20": 0.0, "bottleneck_sparse20": 0.0, "bottleneck_potter0_20": 0.5}
[pair_E] {"steps": 3708928, "elapsed_s": 2741.3, "coordination_ring_sparse20": 120.0, "coordination_ring_potter0_20": 0.0, "bottleneck_sparse20": 0.0, "bottleneck_potter0_20": 0.55}
[pair_E] {"steps": 3710976, "elapsed_s": 2742.7, "coordination_ring_sparse20": 122.0, "coordination_ring_potter0_20": 0.0, "bottleneck_sparse20": 0.0, "bottleneck_potter0_20": 0.55}
[pair_E] {"steps": 3713024, "elapsed_s": 2744.1, "coordination_ring_sparse20": 122.0, "coordination_ring_potter0_20": 0.0, "bottleneck_sparse20": 0.0, "bottleneck_potter0_20": 0.55}
[pair_E] {"steps": 3715072, "elapsed_s": 2745.4, "coordination_ring_sparse20": 122.0, "coordination_ring_potter0_20": 0.0, "bottleneck_sparse20": 0.0, "bottleneck_potter0_20": 0.55}
[pair_E] {"steps": 3717120, "elapsed_s": 2747.0, "coordination_ring_sparse20": 120.0, "coordination_ring_potter0_20": 0.0, "bottleneck_sparse20": 0.0, "bottleneck_potter0_20": 0.55}
[pair_E] {"steps": 3719168, "elapsed_s": 2748.6, "coordination_ring_sparse20": 120.0, "coordination_ring_potter0_20": 0.0, "bottleneck_sparse20": 0.0, "bottleneck_potter0_20": 0.55}
[pair_E] {"steps": 3721216, "elapsed_s": 2750.0, "coordination_ring_sparse20": 123.0, "coordination_ring_potter0_20": 0.0, "bottleneck_sparse20": 0.0, "bottleneck_potter0_20": 0.55}
[pair_E] {"steps": 3723264, "elapsed_s": 2751.4, "coordination_ring_sparse20": 123.0, "coordination_ring_potter0_20": 0.0, "bottleneck_sparse20": 0.0, "bottleneck_potter0_20": 0.55}
[pair_E] {"steps": 3725312, "elapsed_s": 2752.9, "coordination_ring_sparse20": 120.0, "coordination_ring_potter0_20": 0.0, "bottleneck_sparse20": 0.0, "bottleneck_potter0_20": 0.55}
[pair_E] {"steps": 3727360, "elapsed_s": 2754.2, "coordination_ring_sparse20": 119.0, "coordination_ring_potter0_20": 0.0, "bottleneck_sparse20": 0.0, "bottleneck_potter0_20": 0.45}
[pair_E] {"steps": 3729408, "elapsed_s": 2755.6, "coordination_ring_sparse20": 119.0, "coordination_ring_potter0_20": 0.0, "bottleneck_sparse20": 0.0, "bottleneck_potter0_20": 0.45}
[pair_E] {"steps": 3731456, "elapsed_s": 2756.9, "coordination_ring_sparse20": 118.0, "coordination_ring_potter0_20": 0.0, "bottleneck_sparse20": 0.0, "bottleneck_potter0_20": 0.45}
[pair_E] {"steps": 3733504, "elapsed_s": 2758.2, "coordination_ring_sparse20": 118.0, "coordination_ring_potter0_20": 0.0, "bottleneck_sparse20": 0.0, "bottleneck_potter0_20": 0.45}
[pair_E] {"steps": 3735552, "elapsed_s": 2759.6, "coordination_ring_sparse20": 115.0, "coordination_ring_potter0_20": 0.0, "bottleneck_sparse20": 0.0, "bottleneck_potter0_20": 0.45}
[pair_E] {"steps": 3737600, "elapsed_s": 2760.9, "coordination_ring_sparse20": 111.0, "coordination_ring_potter0_20": 0.0, "bottleneck_sparse20": 0.0, "bottleneck_potter0_20": 0.4}
[pair_E] {"steps": 3739648, "elapsed_s": 2762.2, "coordination_ring_sparse20": 110.0, "coordination_ring_potter0_20": 0.0, "bottleneck_sparse20": 0.0, "bottleneck_potter0_20": 0.45}
[pair_E] {"steps": 3741696, "elapsed_s": 2763.7, "coordination_ring_sparse20": 113.0, "coordination_ring_potter0_20": 0.0, "bottleneck_sparse20": 0.0, "bottleneck_potter0_20": 0.45}
[pair_E] {"steps": 3743744, "elapsed_s": 2765.1, "coordination_ring_sparse20": 114.0, "coordination_ring_potter0_20": 0.0, "bottleneck_sparse20": 0.0, "bottleneck_potter0_20": 0.45}
[pair_E] {"steps": 3745792, "elapsed_s": 2766.4, "coordination_ring_sparse20": 109.0, "coordination_ring_potter0_20": 0.0, "bottleneck_sparse20": 0.0, "bottleneck_potter0_20": 0.55}
[pair_E] {"steps": 3747840, "elapsed_s": 2767.9, "coordination_ring_sparse20": 110.0, "coordination_ring_potter0_20": 0.0, "bottleneck_sparse20": 0.0, "bottleneck_potter0_20": 0.55}
[pair_E] {"steps": 3749888, "elapsed_s": 2769.2, "coordination_ring_sparse20": 105.0, "coordination_ring_potter0_20": 0.05, "bottleneck_sparse20": 0.0, "bottleneck_potter0_20": 0.55}
[pair_E] {"steps": 3751936, "elapsed_s": 2770.5, "coordination_ring_sparse20": 106.0, "coordination_ring_potter0_20": 0.05, "bottleneck_sparse20": 0.0, "bottleneck_potter0_20": 0.55}
[pair_E] {"steps": 3753984, "elapsed_s": 2771.8, "coordination_ring_sparse20": 104.0, "coordination_ring_potter0_20": 0.05, "bottleneck_sparse20": 0.0, "bottleneck_potter0_20": 0.55}
[pair_E] {"steps": 3756032, "elapsed_s": 2773.1, "coordination_ring_sparse20": 110.0, "coordination_ring_potter0_20": 0.05, "bottleneck_sparse20": 0.0, "bottleneck_potter0_20": 0.55}
[pair_E] {"steps": 3758080, "elapsed_s": 2774.5, "coordination_ring_sparse20": 110.0, "coordination_ring_potter0_20": 0.05, "bottleneck_sparse20": 0.0, "bottleneck_potter0_20": 0.6}
[pair_E] {"steps": 3760128, "elapsed_s": 2775.8, "coordination_ring_sparse20": 114.0, "coordination_ring_potter0_20": 0.05, "bottleneck_sparse20": 0.0, "bottleneck_potter0_20": 0.6}
[pair_E] {"steps": 3762176, "elapsed_s": 2777.1, "coordination_ring_sparse20": 112.0, "coordination_ring_potter0_20": 0.05, "bottleneck_sparse20": 0.0, "bottleneck_potter0_20": 0.65}
[pair_E] {"steps": 3764224, "elapsed_s": 2778.4, "coordination_ring_sparse20": 114.0, "coordination_ring_potter0_20": 0.05, "bottleneck_sparse20": 0.0, "bottleneck_potter0_20": 0.7}
[pair_E] {"steps": 3766272, "elapsed_s": 2779.7, "coordination_ring_sparse20": 123.0, "coordination_ring_potter0_20": 0.0, "bottleneck_sparse20": 0.0, "bottleneck_potter0_20": 0.7}
[pair_E] {"steps": 3768320, "elapsed_s": 2781.0, "coordination_ring_sparse20": 130.0, "coordination_ring_potter0_20": 0.05, "bottleneck_sparse20": 0.0, "bottleneck_potter0_20": 0.7}
[pair_E] {"steps": 3770368, "elapsed_s": 2782.4, "coordination_ring_sparse20": 130.0, "coordination_ring_potter0_20": 0.05, "bottleneck_sparse20": 0.0, "bottleneck_potter0_20": 0.7}
[pair_E] {"steps": 3772416, "elapsed_s": 2783.7, "coordination_ring_sparse20": 127.0, "coordination_ring_potter0_20": 0.05, "bottleneck_sparse20": 0.0, "bottleneck_potter0_20": 0.7}
[pair_E] {"steps": 3774464, "elapsed_s": 2784.9, "coordination_ring_sparse20": 130.0, "coordination_ring_potter0_20": 0.1, "bottleneck_sparse20": 0.0, "bottleneck_potter0_20": 0.7}
[pair_E] {"steps": 3776512, "elapsed_s": 2786.4, "coordination_ring_sparse20": 128.0, "coordination_ring_potter0_20": 0.1, "bottleneck_sparse20": 0.0, "bottleneck_potter0_20": 0.75}
[pair_E] {"steps": 3778560, "elapsed_s": 2787.6, "coordination_ring_sparse20": 127.0, "coordination_ring_potter0_20": 0.1, "bottleneck_sparse20": 0.0, "bottleneck_potter0_20": 0.7}
[pair_E] {"steps": 3780608, "elapsed_s": 2788.9, "coordination_ring_sparse20": 126.0, "coordination_ring_potter0_20": 0.1, "bottleneck_sparse20": 0.0, "bottleneck_potter0_20": 0.7}
[pair_E] {"steps": 3782656, "elapsed_s": 2790.3, "coordination_ring_sparse20": 126.0, "coordination_ring_potter0_20": 0.15, "bottleneck_sparse20": 0.0, "bottleneck_potter0_20": 0.7}
[pair_E] {"steps": 3784704, "elapsed_s": 2791.7, "coordination_ring_sparse20": 123.0, "coordination_ring_potter0_20": 0.1, "bottleneck_sparse20": 0.0, "bottleneck_potter0_20": 0.75}
[pair_E] {"steps": 3786752, "elapsed_s": 2793.1, "coordination_ring_sparse20": 123.0, "coordination_ring_potter0_20": 0.1, "bottleneck_sparse20": 0.0, "bottleneck_potter0_20": 0.75}
[pair_E] {"steps": 3788800, "elapsed_s": 2794.3, "coordination_ring_sparse20": 127.0, "coordination_ring_potter0_20": 0.1, "bottleneck_sparse20": 0.0, "bottleneck_potter0_20": 0.75}
[pair_E] {"steps": 3790848, "elapsed_s": 2795.6, "coordination_ring_sparse20": 128.0, "coordination_ring_potter0_20": 0.1, "bottleneck_sparse20": 0.0, "bottleneck_potter0_20": 0.75}
[pair_E] {"steps": 3792896, "elapsed_s": 2796.9, "coordination_ring_sparse20": 129.0, "coordination_ring_potter0_20": 0.05, "bottleneck_sparse20": 0.0, "bottleneck_potter0_20": 0.7}
[pair_E] {"steps": 3794944, "elapsed_s": 2798.2, "coordination_ring_sparse20": 125.0, "coordination_ring_potter0_20": 0.05, "bottleneck_sparse20": 0.0, "bottleneck_potter0_20": 0.65}
[pair_E] {"steps": 3796992, "elapsed_s": 2799.5, "coordination_ring_sparse20": 126.0, "coordination_ring_potter0_20": 0.05, "bottleneck_sparse20": 0.0, "bottleneck_potter0_20": 0.55}
[pair_E] {"steps": 3799040, "elapsed_s": 2800.8, "coordination_ring_sparse20": 126.0, "coordination_ring_potter0_20": 0.05, "bottleneck_sparse20": 0.0, "bottleneck_potter0_20": 0.5}
[pair_E] {"steps": 3801088, "elapsed_s": 2802.2, "coordination_ring_sparse20": 121.0, "coordination_ring_potter0_20": 0.05, "bottleneck_sparse20": 0.0, "bottleneck_potter0_20": 0.5}
[pair_E] {"steps": 3803136, "elapsed_s": 2803.5, "coordination_ring_sparse20": 121.0, "coordination_ring_potter0_20": 0.0, "bottleneck_sparse20": 0.0, "bottleneck_potter0_20": 0.55}
[pair_E] {"steps": 3805184, "elapsed_s": 2804.8, "coordination_ring_sparse20": 121.0, "coordination_ring_potter0_20": 0.05, "bottleneck_sparse20": 0.0, "bottleneck_potter0_20": 0.55}
[pair_E] {"steps": 3807232, "elapsed_s": 2806.1, "coordination_ring_sparse20": 123.0, "coordination_ring_potter0_20": 0.05, "bottleneck_sparse20": 0.0, "bottleneck_potter0_20": 0.55}
[pair_E] {"steps": 3809280, "elapsed_s": 2807.4, "coordination_ring_sparse20": 123.0, "coordination_ring_potter0_20": 0.05, "bottleneck_sparse20": 0.0, "bottleneck_potter0_20": 0.55}
[pair_E] {"steps": 3811328, "elapsed_s": 2808.7, "coordination_ring_sparse20": 123.0, "coordination_ring_potter0_20": 0.05, "bottleneck_sparse20": 0.0, "bottleneck_potter0_20": 0.55}
[pair_E] {"steps": 3813376, "elapsed_s": 2810.0, "coordination_ring_sparse20": 127.0, "coordination_ring_potter0_20": 0.05, "bottleneck_sparse20": 0.0, "bottleneck_potter0_20": 0.55}
[pair_E] {"steps": 3815424, "elapsed_s": 2811.4, "coordination_ring_sparse20": 127.0, "coordination_ring_potter0_20": 0.05, "bottleneck_sparse20": 0.0, "bottleneck_potter0_20": 0.55}
[pair_E] {"steps": 3817472, "elapsed_s": 2812.7, "coordination_ring_sparse20": 136.0, "coordination_ring_potter0_20": 0.05, "bottleneck_sparse20": 0.0, "bottleneck_potter0_20": 0.6}
[pair_E] {"steps": 3819520, "elapsed_s": 2814.0, "coordination_ring_sparse20": 136.0, "coordination_ring_potter0_20": 0.05, "bottleneck_sparse20": 0.0, "bottleneck_potter0_20": 0.6}
[pair_E] {"steps": 3821568, "elapsed_s": 2815.3, "coordination_ring_sparse20": 135.0, "coordination_ring_potter0_20": 0.05, "bottleneck_sparse20": 0.0, "bottleneck_potter0_20": 0.6}
[pair_E] {"steps": 3823616, "elapsed_s": 2816.6, "coordination_ring_sparse20": 138.0, "coordination_ring_potter0_20": 0.0, "bottleneck_sparse20": 0.0, "bottleneck_potter0_20": 0.6}
[pair_E] {"steps": 3825664, "elapsed_s": 2818.0, "coordination_ring_sparse20": 138.0, "coordination_ring_potter0_20": 0.0, "bottleneck_sparse20": 0.0, "bottleneck_potter0_20": 0.6}
[pair_E] {"steps": 3827712, "elapsed_s": 2819.2, "coordination_ring_sparse20": 136.0, "coordination_ring_potter0_20": 0.0, "bottleneck_sparse20": 0.0, "bottleneck_potter0_20": 0.55}
[pair_E] {"steps": 3829760, "elapsed_s": 2820.5, "coordination_ring_sparse20": 136.0, "coordination_ring_potter0_20": 0.0, "bottleneck_sparse20": 0.0, "bottleneck_potter0_20": 0.55}
[pair_E] {"steps": 3831808, "elapsed_s": 2821.9, "coordination_ring_sparse20": 136.0, "coordination_ring_potter0_20": 0.0, "bottleneck_sparse20": 0.0, "bottleneck_potter0_20": 0.5}
[pair_E] {"steps": 3833856, "elapsed_s": 2823.2, "coordination_ring_sparse20": 137.0, "coordination_ring_potter0_20": 0.0, "bottleneck_sparse20": 0.0, "bottleneck_potter0_20": 0.5}
[pair_E] {"steps": 3835904, "elapsed_s": 2824.6, "coordination_ring_sparse20": 137.0, "coordination_ring_potter0_20": 0.0, "bottleneck_sparse20": 0.0, "bottleneck_potter0_20": 0.5}
[pair_E] {"steps": 3837952, "elapsed_s": 2826.0, "coordination_ring_sparse20": 132.0, "coordination_ring_potter0_20": 0.0, "bottleneck_sparse20": 0.0, "bottleneck_potter0_20": 0.5}
[pair_E] {"steps": 3840000, "elapsed_s": 2827.3, "coordination_ring_sparse20": 131.0, "coordination_ring_potter0_20": 0.0, "bottleneck_sparse20": 0.0, "bottleneck_potter0_20": 0.5}
[pair_E] {"steps": 3842048, "elapsed_s": 2828.6, "coordination_ring_sparse20": 129.0, "coordination_ring_potter0_20": 0.0, "bottleneck_sparse20": 0.0, "bottleneck_potter0_20": 0.5}
[pair_E] {"steps": 3844096, "elapsed_s": 2829.9, "coordination_ring_sparse20": 127.0, "coordination_ring_potter0_20": 0.05, "bottleneck_sparse20": 0.0, "bottleneck_potter0_20": 0.5}
[pair_E] {"steps": 3846144, "elapsed_s": 2831.2, "coordination_ring_sparse20": 126.0, "coordination_ring_potter0_20": 0.05, "bottleneck_sparse20": 0.0, "bottleneck_potter0_20": 0.55}
[pair_E] {"steps": 3848192, "elapsed_s": 2832.5, "coordination_ring_sparse20": 127.0, "coordination_ring_potter0_20": 0.1, "bottleneck_sparse20": 0.0, "bottleneck_potter0_20": 0.55}
[pair_E] {"steps": 3850240, "elapsed_s": 2833.8, "coordination_ring_sparse20": 126.0, "coordination_ring_potter0_20": 0.1, "bottleneck_sparse20": 0.0, "bottleneck_potter0_20": 0.5}
[pair_E] {"steps": 3852288, "elapsed_s": 2835.2, "coordination_ring_sparse20": 127.0, "coordination_ring_potter0_20": 0.1, "bottleneck_sparse20": 0.0, "bottleneck_potter0_20": 0.5}
[pair_E] {"steps": 3854336, "elapsed_s": 2836.5, "coordination_ring_sparse20": 125.0, "coordination_ring_potter0_20": 0.1, "bottleneck_sparse20": 0.0, "bottleneck_potter0_20": 0.45}
[pair_E] {"steps": 3856384, "elapsed_s": 2837.8, "coordination_ring_sparse20": 121.0, "coordination_ring_potter0_20": 0.1, "bottleneck_sparse20": 0.0, "bottleneck_potter0_20": 0.45}
[pair_E] {"steps": 3858432, "elapsed_s": 2839.1, "coordination_ring_sparse20": 118.0, "coordination_ring_potter0_20": 0.1, "bottleneck_sparse20": 0.0, "bottleneck_potter0_20": 0.45}
[pair_E] {"steps": 3860480, "elapsed_s": 2840.4, "coordination_ring_sparse20": 116.0, "coordination_ring_potter0_20": 0.1, "bottleneck_sparse20": 0.0, "bottleneck_potter0_20": 0.5}
[pair_E] {"steps": 3862528, "elapsed_s": 2841.7, "coordination_ring_sparse20": 113.0, "coordination_ring_potter0_20": 0.05, "bottleneck_sparse20": 0.0, "bottleneck_potter0_20": 0.5}
[pair_E] {"steps": 3864576, "elapsed_s": 2843.0, "coordination_ring_sparse20": 115.0, "coordination_ring_potter0_20": 0.05, "bottleneck_sparse20": 0.0, "bottleneck_potter0_20": 0.5}
[pair_E] {"steps": 3866624, "elapsed_s": 2844.2, "coordination_ring_sparse20": 115.0, "coordination_ring_potter0_20": 0.05, "bottleneck_sparse20": 0.0, "bottleneck_potter0_20": 0.6}
[pair_E] {"steps": 3868672, "elapsed_s": 2845.5, "coordination_ring_sparse20": 113.0, "coordination_ring_potter0_20": 0.0, "bottleneck_sparse20": 0.0, "bottleneck_potter0_20": 0.55}
[pair_E] {"steps": 3870720, "elapsed_s": 2846.9, "coordination_ring_sparse20": 113.0, "coordination_ring_potter0_20": 0.0, "bottleneck_sparse20": 0.0, "bottleneck_potter0_20": 0.55}
[pair_E] {"steps": 3872768, "elapsed_s": 2848.2, "coordination_ring_sparse20": 116.0, "coordination_ring_potter0_20": 0.05, "bottleneck_sparse20": 0.0, "bottleneck_potter0_20": 0.55}
[pair_E] {"steps": 3874816, "elapsed_s": 2849.6, "coordination_ring_sparse20": 118.0, "coordination_ring_potter0_20": 0.05, "bottleneck_sparse20": 0.0, "bottleneck_potter0_20": 0.55}
[pair_E] {"steps": 3876864, "elapsed_s": 2850.8, "coordination_ring_sparse20": 118.0, "coordination_ring_potter0_20": 0.05, "bottleneck_sparse20": 0.0, "bottleneck_potter0_20": 0.5}
[pair_E] {"steps": 3878912, "elapsed_s": 2852.2, "coordination_ring_sparse20": 125.0, "coordination_ring_potter0_20": 0.05, "bottleneck_sparse20": 0.0, "bottleneck_potter0_20": 0.6}
[pair_E] {"steps": 3880960, "elapsed_s": 2853.5, "coordination_ring_sparse20": 128.0, "coordination_ring_potter0_20": 0.05, "bottleneck_sparse20": 0.0, "bottleneck_potter0_20": 0.65}
[pair_E] {"steps": 3883008, "elapsed_s": 2854.8, "coordination_ring_sparse20": 129.0, "coordination_ring_potter0_20": 0.05, "bottleneck_sparse20": 0.0, "bottleneck_potter0_20": 0.65}
[pair_E] {"steps": 3885056, "elapsed_s": 2856.0, "coordination_ring_sparse20": 130.0, "coordination_ring_potter0_20": 0.05, "bottleneck_sparse20": 0.0, "bottleneck_potter0_20": 0.65}
[pair_E] {"steps": 3887104, "elapsed_s": 2857.3, "coordination_ring_sparse20": 133.0, "coordination_ring_potter0_20": 0.05, "bottleneck_sparse20": 0.0, "bottleneck_potter0_20": 0.65}
[pair_E] {"steps": 3889152, "elapsed_s": 2858.8, "coordination_ring_sparse20": 132.0, "coordination_ring_potter0_20": 0.0, "bottleneck_sparse20": 0.0, "bottleneck_potter0_20": 0.65}
[pair_E] {"steps": 3891200, "elapsed_s": 2860.1, "coordination_ring_sparse20": 128.0, "coordination_ring_potter0_20": 0.0, "bottleneck_sparse20": 0.0, "bottleneck_potter0_20": 0.65}
[pair_E] {"steps": 3893248, "elapsed_s": 2861.4, "coordination_ring_sparse20": 125.0, "coordination_ring_potter0_20": 0.0, "bottleneck_sparse20": 0.0, "bottleneck_potter0_20": 0.65}
[pair_E] {"steps": 3895296, "elapsed_s": 2862.7, "coordination_ring_sparse20": 131.0, "coordination_ring_potter0_20": 0.0, "bottleneck_sparse20": 0.0, "bottleneck_potter0_20": 0.65}
[pair_E] {"steps": 3897344, "elapsed_s": 2864.0, "coordination_ring_sparse20": 132.0, "coordination_ring_potter0_20": 0.0, "bottleneck_sparse20": 0.0, "bottleneck_potter0_20": 0.65}
[pair_E] {"steps": 3899392, "elapsed_s": 2865.3, "coordination_ring_sparse20": 130.0, "coordination_ring_potter0_20": 0.0, "bottleneck_sparse20": 0.0, "bottleneck_potter0_20": 0.6}
[pair_E] {"steps": 3901440, "elapsed_s": 2866.6, "coordination_ring_sparse20": 131.0, "coordination_ring_potter0_20": 0.0, "bottleneck_sparse20": 0.0, "bottleneck_potter0_20": 0.6}
[pair_E] {"steps": 3903488, "elapsed_s": 2867.9, "coordination_ring_sparse20": 127.0, "coordination_ring_potter0_20": 0.0, "bottleneck_sparse20": 0.0, "bottleneck_potter0_20": 0.65}
[pair_E] {"steps": 3905536, "elapsed_s": 2869.2, "coordination_ring_sparse20": 130.0, "coordination_ring_potter0_20": 0.0, "bottleneck_sparse20": 0.0, "bottleneck_potter0_20": 0.65}
[pair_E] {"steps": 3907584, "elapsed_s": 2870.5, "coordination_ring_sparse20": 134.0, "coordination_ring_potter0_20": 0.0, "bottleneck_sparse20": 0.0, "bottleneck_potter0_20": 0.65}
[pair_E] {"steps": 3909632, "elapsed_s": 2871.8, "coordination_ring_sparse20": 133.0, "coordination_ring_potter0_20": 0.0, "bottleneck_sparse20": 0.0, "bottleneck_potter0_20": 0.6}
[pair_E] {"steps": 3911680, "elapsed_s": 2873.2, "coordination_ring_sparse20": 134.0, "coordination_ring_potter0_20": 0.0, "bottleneck_sparse20": 0.0, "bottleneck_potter0_20": 0.6}
[pair_E] {"steps": 3913728, "elapsed_s": 2874.4, "coordination_ring_sparse20": 136.0, "coordination_ring_potter0_20": 0.0, "bottleneck_sparse20": 0.0, "bottleneck_potter0_20": 0.65}
[pair_E] {"steps": 3915776, "elapsed_s": 2875.7, "coordination_ring_sparse20": 137.0, "coordination_ring_potter0_20": 0.0, "bottleneck_sparse20": 0.0, "bottleneck_potter0_20": 0.65}
[pair_E] {"steps": 3917824, "elapsed_s": 2877.1, "coordination_ring_sparse20": 138.0, "coordination_ring_potter0_20": 0.05, "bottleneck_sparse20": 0.0, "bottleneck_potter0_20": 0.65}
[pair_E] {"steps": 3919872, "elapsed_s": 2878.4, "coordination_ring_sparse20": 139.0, "coordination_ring_potter0_20": 0.05, "bottleneck_sparse20": 0.0, "bottleneck_potter0_20": 0.65}
[pair_E] {"steps": 3921920, "elapsed_s": 2879.6, "coordination_ring_sparse20": 139.0, "coordination_ring_potter0_20": 0.05, "bottleneck_sparse20": 0.0, "bottleneck_potter0_20": 0.65}
[pair_E] {"steps": 3923968, "elapsed_s": 2880.9, "coordination_ring_sparse20": 139.0, "coordination_ring_potter0_20": 0.05, "bottleneck_sparse20": 0.0, "bottleneck_potter0_20": 0.65}
[pair_E] {"steps": 3926016, "elapsed_s": 2882.2, "coordination_ring_sparse20": 139.0, "coordination_ring_potter0_20": 0.05, "bottleneck_sparse20": 0.0, "bottleneck_potter0_20": 0.65}
[pair_E] {"steps": 3928064, "elapsed_s": 2883.6, "coordination_ring_sparse20": 138.0, "coordination_ring_potter0_20": 0.05, "bottleneck_sparse20": 0.0, "bottleneck_potter0_20": 0.6}
[pair_E] {"steps": 3930112, "elapsed_s": 2884.9, "coordination_ring_sparse20": 136.0, "coordination_ring_potter0_20": 0.05, "bottleneck_sparse20": 0.0, "bottleneck_potter0_20": 0.55}
[pair_E] {"steps": 3932160, "elapsed_s": 2886.2, "coordination_ring_sparse20": 137.0, "coordination_ring_potter0_20": 0.0, "bottleneck_sparse20": 0.0, "bottleneck_potter0_20": 0.55}
[pair_E] {"steps": 3934208, "elapsed_s": 2887.5, "coordination_ring_sparse20": 135.0, "coordination_ring_potter0_20": 0.0, "bottleneck_sparse20": 0.0, "bottleneck_potter0_20": 0.55}
[pair_E] {"steps": 3936256, "elapsed_s": 2888.8, "coordination_ring_sparse20": 135.0, "coordination_ring_potter0_20": 0.0, "bottleneck_sparse20": 0.0, "bottleneck_potter0_20": 0.55}
[pair_E] {"steps": 3938304, "elapsed_s": 2890.2, "coordination_ring_sparse20": 132.0, "coordination_ring_potter0_20": 0.05, "bottleneck_sparse20": 0.0, "bottleneck_potter0_20": 0.55}
[pair_E] {"steps": 3940352, "elapsed_s": 2891.6, "coordination_ring_sparse20": 131.0, "coordination_ring_potter0_20": 0.05, "bottleneck_sparse20": 0.0, "bottleneck_potter0_20": 0.6}
[pair_E] {"steps": 3942400, "elapsed_s": 2893.0, "coordination_ring_sparse20": 130.0, "coordination_ring_potter0_20": 0.05, "bottleneck_sparse20": 0.0, "bottleneck_potter0_20": 0.6}
[pair_E] {"steps": 3944448, "elapsed_s": 2894.3, "coordination_ring_sparse20": 132.0, "coordination_ring_potter0_20": 0.05, "bottleneck_sparse20": 0.0, "bottleneck_potter0_20": 0.55}
[pair_E] {"steps": 3946496, "elapsed_s": 2895.6, "coordination_ring_sparse20": 132.0, "coordination_ring_potter0_20": 0.05, "bottleneck_sparse20": 0.0, "bottleneck_potter0_20": 0.55}
[pair_E] {"steps": 3948544, "elapsed_s": 2897.0, "coordination_ring_sparse20": 132.0, "coordination_ring_potter0_20": 0.05, "bottleneck_sparse20": 0.0, "bottleneck_potter0_20": 0.55}
[pair_E] {"steps": 3950592, "elapsed_s": 2898.2, "coordination_ring_sparse20": 128.0, "coordination_ring_potter0_20": 0.0, "bottleneck_sparse20": 0.0, "bottleneck_potter0_20": 0.55}
[pair_E] {"steps": 3952640, "elapsed_s": 2899.5, "coordination_ring_sparse20": 129.0, "coordination_ring_potter0_20": 0.0, "bottleneck_sparse20": 0.0, "bottleneck_potter0_20": 0.5}
[pair_E] {"steps": 3954688, "elapsed_s": 2900.8, "coordination_ring_sparse20": 130.0, "coordination_ring_potter0_20": 0.0, "bottleneck_sparse20": 0.0, "bottleneck_potter0_20": 0.5}
[pair_E] {"steps": 3956736, "elapsed_s": 2902.2, "coordination_ring_sparse20": 132.0, "coordination_ring_potter0_20": 0.0, "bottleneck_sparse20": 0.0, "bottleneck_potter0_20": 0.5}
[pair_E] {"steps": 3958784, "elapsed_s": 2903.4, "coordination_ring_sparse20": 131.0, "coordination_ring_potter0_20": 0.0, "bottleneck_sparse20": 0.0, "bottleneck_potter0_20": 0.45}
[pair_E] {"steps": 3960832, "elapsed_s": 2904.7, "coordination_ring_sparse20": 132.0, "coordination_ring_potter0_20": 0.0, "bottleneck_sparse20": 0.0, "bottleneck_potter0_20": 0.45}
[pair_E] {"steps": 3962880, "elapsed_s": 2906.1, "coordination_ring_sparse20": 126.0, "coordination_ring_potter0_20": 0.0, "bottleneck_sparse20": 0.0, "bottleneck_potter0_20": 0.45}
[pair_E] {"steps": 3964928, "elapsed_s": 2907.4, "coordination_ring_sparse20": 118.0, "coordination_ring_potter0_20": 0.0, "bottleneck_sparse20": 0.0, "bottleneck_potter0_20": 0.5}
[pair_E] {"steps": 3966976, "elapsed_s": 2908.7, "coordination_ring_sparse20": 115.0, "coordination_ring_potter0_20": 0.0, "bottleneck_sparse20": 0.0, "bottleneck_potter0_20": 0.45}
[pair_E] {"steps": 3969024, "elapsed_s": 2910.1, "coordination_ring_sparse20": 119.0, "coordination_ring_potter0_20": 0.0, "bottleneck_sparse20": 0.0, "bottleneck_potter0_20": 0.45}
[pair_E] {"steps": 3971072, "elapsed_s": 2911.4, "coordination_ring_sparse20": 116.0, "coordination_ring_potter0_20": 0.0, "bottleneck_sparse20": 0.0, "bottleneck_potter0_20": 0.5}
[pair_E] {"steps": 3973120, "elapsed_s": 2912.7, "coordination_ring_sparse20": 112.0, "coordination_ring_potter0_20": 0.0, "bottleneck_sparse20": 0.0, "bottleneck_potter0_20": 0.5}
[pair_E] {"steps": 3975168, "elapsed_s": 2914.0, "coordination_ring_sparse20": 111.0, "coordination_ring_potter0_20": 0.0, "bottleneck_sparse20": 0.0, "bottleneck_potter0_20": 0.5}
[pair_E] {"steps": 3977216, "elapsed_s": 2915.3, "coordination_ring_sparse20": 106.0, "coordination_ring_potter0_20": 0.0, "bottleneck_sparse20": 0.0, "bottleneck_potter0_20": 0.5}
[pair_E] {"steps": 3979264, "elapsed_s": 2916.6, "coordination_ring_sparse20": 105.0, "coordination_ring_potter0_20": 0.0, "bottleneck_sparse20": 0.0, "bottleneck_potter0_20": 0.5}
[pair_E] {"steps": 3981312, "elapsed_s": 2917.9, "coordination_ring_sparse20": 107.0, "coordination_ring_potter0_20": 0.0, "bottleneck_sparse20": 0.0, "bottleneck_potter0_20": 0.5}
[pair_E] {"steps": 3983360, "elapsed_s": 2919.3, "coordination_ring_sparse20": 109.0, "coordination_ring_potter0_20": 0.0, "bottleneck_sparse20": 0.0, "bottleneck_potter0_20": 0.5}
[pair_E] {"steps": 3985408, "elapsed_s": 2920.6, "coordination_ring_sparse20": 114.0, "coordination_ring_potter0_20": 0.0, "bottleneck_sparse20": 0.0, "bottleneck_potter0_20": 0.5}
[pair_E] {"steps": 3987456, "elapsed_s": 2922.0, "coordination_ring_sparse20": 110.0, "coordination_ring_potter0_20": 0.0, "bottleneck_sparse20": 0.0, "bottleneck_potter0_20": 0.5}
[pair_E] {"steps": 3989504, "elapsed_s": 2923.3, "coordination_ring_sparse20": 110.0, "coordination_ring_potter0_20": 0.0, "bottleneck_sparse20": 0.0, "bottleneck_potter0_20": 0.55}
[pair_E] {"steps": 3991552, "elapsed_s": 2924.7, "coordination_ring_sparse20": 109.0, "coordination_ring_potter0_20": 0.0, "bottleneck_sparse20": 0.0, "bottleneck_potter0_20": 0.55}
[pair_E] {"steps": 3993600, "elapsed_s": 2926.1, "coordination_ring_sparse20": 115.0, "coordination_ring_potter0_20": 0.0, "bottleneck_sparse20": 0.0, "bottleneck_potter0_20": 0.6}
[pair_E] {"steps": 3995648, "elapsed_s": 2927.5, "coordination_ring_sparse20": 115.0, "coordination_ring_potter0_20": 0.0, "bottleneck_sparse20": 0.0, "bottleneck_potter0_20": 0.6}
[pair_E] {"steps": 3997696, "elapsed_s": 2928.8, "coordination_ring_sparse20": 121.0, "coordination_ring_potter0_20": 0.0, "bottleneck_sparse20": 0.0, "bottleneck_potter0_20": 0.6}
[pair_E] {"steps": 3999744, "elapsed_s": 2930.1, "coordination_ring_sparse20": 119.0, "coordination_ring_potter0_20": 0.0, "bottleneck_sparse20": 0.0, "bottleneck_potter0_20": 0.6}
[pair_E] {"steps": 4001792, "elapsed_s": 2931.4, "coordination_ring_sparse20": 119.0, "coordination_ring_potter0_20": 0.0, "bottleneck_sparse20": 0.0, "bottleneck_potter0_20": 0.6}
[pair_E] {"steps": 4003840, "elapsed_s": 2932.7, "coordination_ring_sparse20": 117.0, "coordination_ring_potter0_20": 0.0, "bottleneck_sparse20": 0.0, "bottleneck_potter0_20": 0.6}
[pair_E] {"steps": 4005888, "elapsed_s": 2934.1, "coordination_ring_sparse20": 118.0, "coordination_ring_potter0_20": 0.0, "bottleneck_sparse20": 0.0, "bottleneck_potter0_20": 0.6}
[pair_E] {"steps": 4007936, "elapsed_s": 2935.4, "coordination_ring_sparse20": 116.0, "coordination_ring_potter0_20": 0.0, "bottleneck_sparse20": 0.0, "bottleneck_potter0_20": 0.6}
[pair_E] {"steps": 4009984, "elapsed_s": 2936.7, "coordination_ring_sparse20": 115.0, "coordination_ring_potter0_20": 0.0, "bottleneck_sparse20": 0.0, "bottleneck_potter0_20": 0.65}
[pair_E] {"steps": 4012032, "elapsed_s": 2938.0, "coordination_ring_sparse20": 115.0, "coordination_ring_potter0_20": 0.0, "bottleneck_sparse20": 0.0, "bottleneck_potter0_20": 0.65}
[pair_E] {"steps": 4014080, "elapsed_s": 2939.4, "coordination_ring_sparse20": 120.0, "coordination_ring_potter0_20": 0.0, "bottleneck_sparse20": 0.0, "bottleneck_potter0_20": 0.6}
[pair_E] {"steps": 4016128, "elapsed_s": 2940.6, "coordination_ring_sparse20": 114.0, "coordination_ring_potter0_20": 0.0, "bottleneck_sparse20": 0.0, "bottleneck_potter0_20": 0.6}
[pair_E] {"steps": 4018176, "elapsed_s": 2942.0, "coordination_ring_sparse20": 119.0, "coordination_ring_potter0_20": 0.0, "bottleneck_sparse20": 0.0, "bottleneck_potter0_20": 0.6}
[pair_E] {"steps": 4020224, "elapsed_s": 2943.3, "coordination_ring_sparse20": 117.0, "coordination_ring_potter0_20": 0.0, "bottleneck_sparse20": 0.0, "bottleneck_potter0_20": 0.65}
[pair_E] {"steps": 4022272, "elapsed_s": 2944.7, "coordination_ring_sparse20": 118.0, "coordination_ring_potter0_20": 0.0, "bottleneck_sparse20": 0.0, "bottleneck_potter0_20": 0.6}
[pair_E] {"steps": 4024320, "elapsed_s": 2946.1, "coordination_ring_sparse20": 116.0, "coordination_ring_potter0_20": 0.0, "bottleneck_sparse20": 0.0, "bottleneck_potter0_20": 0.6}
[pair_E] {"steps": 4026368, "elapsed_s": 2947.3, "coordination_ring_sparse20": 113.0, "coordination_ring_potter0_20": 0.0, "bottleneck_sparse20": 0.0, "bottleneck_potter0_20": 0.55}
[pair_E] {"steps": 4028416, "elapsed_s": 2948.7, "coordination_ring_sparse20": 110.0, "coordination_ring_potter0_20": 0.0, "bottleneck_sparse20": 0.0, "bottleneck_potter0_20": 0.55}
[pair_E] {"steps": 4030464, "elapsed_s": 2950.0, "coordination_ring_sparse20": 112.0, "coordination_ring_potter0_20": 0.0, "bottleneck_sparse20": 0.0, "bottleneck_potter0_20": 0.55}
[pair_E] {"steps": 4032512, "elapsed_s": 2951.3, "coordination_ring_sparse20": 115.0, "coordination_ring_potter0_20": 0.0, "bottleneck_sparse20": 0.0, "bottleneck_potter0_20": 0.55}
[pair_E] {"steps": 4034560, "elapsed_s": 2952.6, "coordination_ring_sparse20": 113.0, "coordination_ring_potter0_20": 0.0, "bottleneck_sparse20": 0.0, "bottleneck_potter0_20": 0.6}
[pair_E] {"steps": 4036608, "elapsed_s": 2953.9, "coordination_ring_sparse20": 118.0, "coordination_ring_potter0_20": 0.0, "bottleneck_sparse20": 0.0, "bottleneck_potter0_20": 0.6}
[pair_E] {"steps": 4038656, "elapsed_s": 2955.2, "coordination_ring_sparse20": 114.0, "coordination_ring_potter0_20": 0.0, "bottleneck_sparse20": 0.0, "bottleneck_potter0_20": 0.6}
[pair_E] {"steps": 4040704, "elapsed_s": 2956.5, "coordination_ring_sparse20": 115.0, "coordination_ring_potter0_20": 0.0, "bottleneck_sparse20": 0.0, "bottleneck_potter0_20": 0.55}
[pair_E] {"steps": 4042752, "elapsed_s": 2957.9, "coordination_ring_sparse20": 116.0, "coordination_ring_potter0_20": 0.0, "bottleneck_sparse20": 0.0, "bottleneck_potter0_20": 0.55}
[pair_E] {"steps": 4044800, "elapsed_s": 2959.2, "coordination_ring_sparse20": 117.0, "coordination_ring_potter0_20": 0.0, "bottleneck_sparse20": 0.0, "bottleneck_potter0_20": 0.55}
[pair_E] {"steps": 4046848, "elapsed_s": 2960.5, "coordination_ring_sparse20": 119.0, "coordination_ring_potter0_20": 0.0, "bottleneck_sparse20": 0.0, "bottleneck_potter0_20": 0.5}
[pair_E] {"steps": 4048896, "elapsed_s": 2962.0, "coordination_ring_sparse20": 119.0, "coordination_ring_potter0_20": 0.05, "bottleneck_sparse20": 0.0, "bottleneck_potter0_20": 0.45}
[pair_E] {"steps": 4050944, "elapsed_s": 2963.3, "coordination_ring_sparse20": 121.0, "coordination_ring_potter0_20": 0.05, "bottleneck_sparse20": 0.0, "bottleneck_potter0_20": 0.45}
[pair_E] {"steps": 4052992, "elapsed_s": 2964.5, "coordination_ring_sparse20": 124.0, "coordination_ring_potter0_20": 0.05, "bottleneck_sparse20": 0.0, "bottleneck_potter0_20": 0.4}
[pair_E] {"steps": 4055040, "elapsed_s": 2965.9, "coordination_ring_sparse20": 124.0, "coordination_ring_potter0_20": 0.05, "bottleneck_sparse20": 0.0, "bottleneck_potter0_20": 0.4}
[pair_E] {"steps": 4057088, "elapsed_s": 2967.2, "coordination_ring_sparse20": 125.0, "coordination_ring_potter0_20": 0.1, "bottleneck_sparse20": 0.0, "bottleneck_potter0_20": 0.45}
[pair_E] {"steps": 4059136, "elapsed_s": 2968.5, "coordination_ring_sparse20": 124.0, "coordination_ring_potter0_20": 0.1, "bottleneck_sparse20": 0.0, "bottleneck_potter0_20": 0.4}
[pair_E] {"steps": 4061184, "elapsed_s": 2969.9, "coordination_ring_sparse20": 125.0, "coordination_ring_potter0_20": 0.05, "bottleneck_sparse20": 0.0, "bottleneck_potter0_20": 0.35}
[pair_E] {"steps": 4063232, "elapsed_s": 2971.2, "coordination_ring_sparse20": 125.0, "coordination_ring_potter0_20": 0.05, "bottleneck_sparse20": 0.0, "bottleneck_potter0_20": 0.3}
[pair_E] {"steps": 4065280, "elapsed_s": 2972.5, "coordination_ring_sparse20": 123.0, "coordination_ring_potter0_20": 0.05, "bottleneck_sparse20": 0.0, "bottleneck_potter0_20": 0.3}
[pair_E] {"steps": 4067328, "elapsed_s": 2973.8, "coordination_ring_sparse20": 123.0, "coordination_ring_potter0_20": 0.05, "bottleneck_sparse20": 0.0, "bottleneck_potter0_20": 0.3}
[pair_E] {"steps": 4069376, "elapsed_s": 2975.1, "coordination_ring_sparse20": 123.0, "coordination_ring_potter0_20": 0.05, "bottleneck_sparse20": 0.0, "bottleneck_potter0_20": 0.35}
[pair_E] {"steps": 4071424, "elapsed_s": 2976.4, "coordination_ring_sparse20": 127.0, "coordination_ring_potter0_20": 0.1, "bottleneck_sparse20": 0.0, "bottleneck_potter0_20": 0.35}
[pair_E] {"steps": 4073472, "elapsed_s": 2977.7, "coordination_ring_sparse20": 125.0, "coordination_ring_potter0_20": 0.05, "bottleneck_sparse20": 0.0, "bottleneck_potter0_20": 0.3}
[pair_E] {"steps": 4075520, "elapsed_s": 2979.2, "coordination_ring_sparse20": 124.0, "coordination_ring_potter0_20": 0.05, "bottleneck_sparse20": 0.0, "bottleneck_potter0_20": 0.3}
[pair_E] {"steps": 4077568, "elapsed_s": 2980.5, "coordination_ring_sparse20": 120.0, "coordination_ring_potter0_20": 0.05, "bottleneck_sparse20": 0.0, "bottleneck_potter0_20": 0.35}
[pair_E] {"steps": 4079616, "elapsed_s": 2981.8, "coordination_ring_sparse20": 123.0, "coordination_ring_potter0_20": 0.05, "bottleneck_sparse20": 0.0, "bottleneck_potter0_20": 0.35}
[pair_E] {"steps": 4081664, "elapsed_s": 2983.1, "coordination_ring_sparse20": 122.0, "coordination_ring_potter0_20": 0.05, "bottleneck_sparse20": 0.0, "bottleneck_potter0_20": 0.4}
[pair_E] {"steps": 4083712, "elapsed_s": 2984.5, "coordination_ring_sparse20": 115.0, "coordination_ring_potter0_20": 0.05, "bottleneck_sparse20": 0.0, "bottleneck_potter0_20": 0.45}
[pair_E] {"steps": 4085760, "elapsed_s": 2985.9, "coordination_ring_sparse20": 113.0, "coordination_ring_potter0_20": 0.05, "bottleneck_sparse20": 0.0, "bottleneck_potter0_20": 0.45}
[pair_E] {"steps": 4087808, "elapsed_s": 2987.2, "coordination_ring_sparse20": 111.0, "coordination_ring_potter0_20": 0.0, "bottleneck_sparse20": 0.0, "bottleneck_potter0_20": 0.45}
[pair_E] {"steps": 4089856, "elapsed_s": 2988.5, "coordination_ring_sparse20": 111.0, "coordination_ring_potter0_20": 0.0, "bottleneck_sparse20": 0.0, "bottleneck_potter0_20": 0.5}
[pair_E] {"steps": 4091904, "elapsed_s": 2989.9, "coordination_ring_sparse20": 113.0, "coordination_ring_potter0_20": 0.0, "bottleneck_sparse20": 0.0, "bottleneck_potter0_20": 0.6}
[pair_E] {"steps": 4093952, "elapsed_s": 2991.3, "coordination_ring_sparse20": 113.0, "coordination_ring_potter0_20": 0.0, "bottleneck_sparse20": 0.0, "bottleneck_potter0_20": 0.65}
[pair_E] {"steps": 4096000, "elapsed_s": 2992.6, "coordination_ring_sparse20": 113.0, "coordination_ring_potter0_20": 0.0, "bottleneck_sparse20": 0.0, "bottleneck_potter0_20": 0.65}
[pair_E] {"steps": 4098048, "elapsed_s": 2993.9, "coordination_ring_sparse20": 106.0, "coordination_ring_potter0_20": 0.05, "bottleneck_sparse20": 0.0, "bottleneck_potter0_20": 0.65}
[pair_E] {"steps": 4100096, "elapsed_s": 2995.3, "coordination_ring_sparse20": 107.0, "coordination_ring_potter0_20": 0.05, "bottleneck_sparse20": 0.0, "bottleneck_potter0_20": 0.7}
[pair_E] {"steps": 4102144, "elapsed_s": 2996.7, "coordination_ring_sparse20": 108.0, "coordination_ring_potter0_20": 0.05, "bottleneck_sparse20": 0.0, "bottleneck_potter0_20": 0.7}
[pair_E] {"steps": 4104192, "elapsed_s": 2998.0, "coordination_ring_sparse20": 107.0, "coordination_ring_potter0_20": 0.1, "bottleneck_sparse20": 0.0, "bottleneck_potter0_20": 0.7}
[pair_E] {"steps": 4106240, "elapsed_s": 2999.3, "coordination_ring_sparse20": 106.0, "coordination_ring_potter0_20": 0.15, "bottleneck_sparse20": 0.0, "bottleneck_potter0_20": 0.7}
[pair_E] {"steps": 4108288, "elapsed_s": 3000.6, "coordination_ring_sparse20": 104.0, "coordination_ring_potter0_20": 0.15, "bottleneck_sparse20": 0.0, "bottleneck_potter0_20": 0.7}
[pair_E] {"steps": 4110336, "elapsed_s": 3001.9, "coordination_ring_sparse20": 105.0, "coordination_ring_potter0_20": 0.15, "bottleneck_sparse20": 0.0, "bottleneck_potter0_20": 0.7}
[pair_E] {"steps": 4112384, "elapsed_s": 3003.3, "coordination_ring_sparse20": 114.0, "coordination_ring_potter0_20": 0.1, "bottleneck_sparse20": 0.0, "bottleneck_potter0_20": 0.7}
[pair_E] {"steps": 4114432, "elapsed_s": 3004.6, "coordination_ring_sparse20": 118.0, "coordination_ring_potter0_20": 0.1, "bottleneck_sparse20": 0.0, "bottleneck_potter0_20": 0.8}
[pair_E] {"steps": 4116480, "elapsed_s": 3006.0, "coordination_ring_sparse20": 119.0, "coordination_ring_potter0_20": 0.1, "bottleneck_sparse20": 0.0, "bottleneck_potter0_20": 0.8}
[pair_E] {"steps": 4118528, "elapsed_s": 3007.3, "coordination_ring_sparse20": 114.0, "coordination_ring_potter0_20": 0.1, "bottleneck_sparse20": 0.0, "bottleneck_potter0_20": 0.75}
[pair_E] {"steps": 4120576, "elapsed_s": 3008.6, "coordination_ring_sparse20": 116.0, "coordination_ring_potter0_20": 0.05, "bottleneck_sparse20": 0.0, "bottleneck_potter0_20": 0.8}
[pair_E] {"steps": 4122624, "elapsed_s": 3009.9, "coordination_ring_sparse20": 118.0, "coordination_ring_potter0_20": 0.0, "bottleneck_sparse20": 0.0, "bottleneck_potter0_20": 0.75}
[pair_E] {"steps": 4124672, "elapsed_s": 3011.2, "coordination_ring_sparse20": 119.0, "coordination_ring_potter0_20": 0.05, "bottleneck_sparse20": 0.0, "bottleneck_potter0_20": 0.8}
[pair_E] {"steps": 4126720, "elapsed_s": 3012.5, "coordination_ring_sparse20": 119.0, "coordination_ring_potter0_20": 0.05, "bottleneck_sparse20": 0.0, "bottleneck_potter0_20": 0.8}
[pair_E] {"steps": 4128768, "elapsed_s": 3013.9, "coordination_ring_sparse20": 117.0, "coordination_ring_potter0_20": 0.05, "bottleneck_sparse20": 0.0, "bottleneck_potter0_20": 0.8}
[pair_E] {"steps": 4130816, "elapsed_s": 3015.3, "coordination_ring_sparse20": 114.0, "coordination_ring_potter0_20": 0.05, "bottleneck_sparse20": 0.0, "bottleneck_potter0_20": 0.75}
[pair_E] {"steps": 4132864, "elapsed_s": 3016.6, "coordination_ring_sparse20": 116.0, "coordination_ring_potter0_20": 0.1, "bottleneck_sparse20": 0.0, "bottleneck_potter0_20": 0.75}
[pair_E] {"steps": 4134912, "elapsed_s": 3017.9, "coordination_ring_sparse20": 123.0, "coordination_ring_potter0_20": 0.1, "bottleneck_sparse20": 0.0, "bottleneck_potter0_20": 0.75}
[pair_E] {"steps": 4136960, "elapsed_s": 3019.2, "coordination_ring_sparse20": 120.0, "coordination_ring_potter0_20": 0.1, "bottleneck_sparse20": 0.0, "bottleneck_potter0_20": 0.75}
[pair_E] {"steps": 4139008, "elapsed_s": 3020.6, "coordination_ring_sparse20": 120.0, "coordination_ring_potter0_20": 0.1, "bottleneck_sparse20": 0.0, "bottleneck_potter0_20": 0.7}
[pair_E] {"steps": 4141056, "elapsed_s": 3022.0, "coordination_ring_sparse20": 118.0, "coordination_ring_potter0_20": 0.1, "bottleneck_sparse20": 0.0, "bottleneck_potter0_20": 0.65}
[pair_E] {"steps": 4143104, "elapsed_s": 3023.3, "coordination_ring_sparse20": 119.0, "coordination_ring_potter0_20": 0.05, "bottleneck_sparse20": 0.0, "bottleneck_potter0_20": 0.65}
[pair_E] {"steps": 4145152, "elapsed_s": 3024.6, "coordination_ring_sparse20": 121.0, "coordination_ring_potter0_20": 0.1, "bottleneck_sparse20": 0.0, "bottleneck_potter0_20": 0.65}
[pair_E] {"steps": 4147200, "elapsed_s": 3025.9, "coordination_ring_sparse20": 122.0, "coordination_ring_potter0_20": 0.1, "bottleneck_sparse20": 0.0, "bottleneck_potter0_20": 0.65}
[pair_E] {"steps": 4149248, "elapsed_s": 3027.2, "coordination_ring_sparse20": 122.0, "coordination_ring_potter0_20": 0.05, "bottleneck_sparse20": 0.0, "bottleneck_potter0_20": 0.65}
[pair_E] {"steps": 4151296, "elapsed_s": 3028.6, "coordination_ring_sparse20": 122.0, "coordination_ring_potter0_20": 0.1, "bottleneck_sparse20": 0.0, "bottleneck_potter0_20": 0.65}
[pair_E] {"steps": 4153344, "elapsed_s": 3029.9, "coordination_ring_sparse20": 123.0, "coordination_ring_potter0_20": 0.1, "bottleneck_sparse20": 0.0, "bottleneck_potter0_20": 0.65}
[pair_E] {"steps": 4155392, "elapsed_s": 3031.3, "coordination_ring_sparse20": 123.0, "coordination_ring_potter0_20": 0.1, "bottleneck_sparse20": 0.0, "bottleneck_potter0_20": 0.65}
[pair_E] {"steps": 4157440, "elapsed_s": 3032.6, "coordination_ring_sparse20": 122.0, "coordination_ring_potter0_20": 0.1, "bottleneck_sparse20": 0.0, "bottleneck_potter0_20": 0.65}
[pair_E] {"steps": 4159488, "elapsed_s": 3033.9, "coordination_ring_sparse20": 121.0, "coordination_ring_potter0_20": 0.05, "bottleneck_sparse20": 0.0, "bottleneck_potter0_20": 0.65}
[pair_E] {"steps": 4161536, "elapsed_s": 3035.2, "coordination_ring_sparse20": 125.0, "coordination_ring_potter0_20": 0.05, "bottleneck_sparse20": 0.0, "bottleneck_potter0_20": 0.65}
[pair_E] {"steps": 4163584, "elapsed_s": 3036.6, "coordination_ring_sparse20": 124.0, "coordination_ring_potter0_20": 0.1, "bottleneck_sparse20": 0.0, "bottleneck_potter0_20": 0.6}
[pair_E] {"steps": 4165632, "elapsed_s": 3037.9, "coordination_ring_sparse20": 122.0, "coordination_ring_potter0_20": 0.1, "bottleneck_sparse20": 0.0, "bottleneck_potter0_20": 0.6}
[pair_E] {"steps": 4167680, "elapsed_s": 3039.3, "coordination_ring_sparse20": 121.0, "coordination_ring_potter0_20": 0.1, "bottleneck_sparse20": 0.0, "bottleneck_potter0_20": 0.6}
[pair_E] {"steps": 4169728, "elapsed_s": 3040.6, "coordination_ring_sparse20": 119.0, "coordination_ring_potter0_20": 0.1, "bottleneck_sparse20": 0.0, "bottleneck_potter0_20": 0.6}
[pair_E] {"steps": 4171776, "elapsed_s": 3042.0, "coordination_ring_sparse20": 114.0, "coordination_ring_potter0_20": 0.1, "bottleneck_sparse20": 0.0, "bottleneck_potter0_20": 0.6}
[pair_E] {"steps": 4173824, "elapsed_s": 3043.3, "coordination_ring_sparse20": 114.0, "coordination_ring_potter0_20": 0.1, "bottleneck_sparse20": 0.0, "bottleneck_potter0_20": 0.55}
[pair_E] {"steps": 4175872, "elapsed_s": 3044.6, "coordination_ring_sparse20": 114.0, "coordination_ring_potter0_20": 0.1, "bottleneck_sparse20": 0.0, "bottleneck_potter0_20": 0.6}
[pair_E] {"steps": 4177920, "elapsed_s": 3045.9, "coordination_ring_sparse20": 109.0, "coordination_ring_potter0_20": 0.1, "bottleneck_sparse20": 0.0, "bottleneck_potter0_20": 0.55}
[pair_E] {"steps": 4179968, "elapsed_s": 3047.3, "coordination_ring_sparse20": 106.0, "coordination_ring_potter0_20": 0.1, "bottleneck_sparse20": 0.0, "bottleneck_potter0_20": 0.55}
[pair_E] {"steps": 4182016, "elapsed_s": 3048.5, "coordination_ring_sparse20": 104.0, "coordination_ring_potter0_20": 0.05, "bottleneck_sparse20": 0.0, "bottleneck_potter0_20": 0.55}
[pair_E] {"steps": 4184064, "elapsed_s": 3049.9, "coordination_ring_sparse20": 102.0, "coordination_ring_potter0_20": 0.0, "bottleneck_sparse20": 0.0, "bottleneck_potter0_20": 0.6}
[pair_E] {"steps": 4186112, "elapsed_s": 3051.2, "coordination_ring_sparse20": 93.0, "coordination_ring_potter0_20": 0.0, "bottleneck_sparse20": 0.0, "bottleneck_potter0_20": 0.6}
[pair_E] {"steps": 4188160, "elapsed_s": 3052.5, "coordination_ring_sparse20": 93.0, "coordination_ring_potter0_20": 0.0, "bottleneck_sparse20": 0.0, "bottleneck_potter0_20": 0.5}
[pair_E] {"steps": 4190208, "elapsed_s": 3053.8, "coordination_ring_sparse20": 91.0, "coordination_ring_potter0_20": 0.0, "bottleneck_sparse20": 0.0, "bottleneck_potter0_20": 0.5}
[pair_E] {"steps": 4192256, "elapsed_s": 3055.2, "coordination_ring_sparse20": 92.0, "coordination_ring_potter0_20": 0.0, "bottleneck_sparse20": 0.0, "bottleneck_potter0_20": 0.45}
[pair_E] {"steps": 4194304, "elapsed_s": 3056.5, "coordination_ring_sparse20": 92.0, "coordination_ring_potter0_20": 0.0, "bottleneck_sparse20": 0.0, "bottleneck_potter0_20": 0.45}
[pair_E] {"steps": 4196352, "elapsed_s": 3057.8, "coordination_ring_sparse20": 93.0, "coordination_ring_potter0_20": 0.05, "bottleneck_sparse20": 0.0, "bottleneck_potter0_20": 0.4}
[pair_E] {"steps": 4198400, "elapsed_s": 3059.1, "coordination_ring_sparse20": 93.0, "coordination_ring_potter0_20": 0.1, "bottleneck_sparse20": 0.0, "bottleneck_potter0_20": 0.4}
[pair_E] {"steps": 4200448, "elapsed_s": 3060.4, "coordination_ring_sparse20": 94.0, "coordination_ring_potter0_20": 0.1, "bottleneck_sparse20": 0.0, "bottleneck_potter0_20": 0.45}
[pair_E] {"steps": 4202496, "elapsed_s": 3061.7, "coordination_ring_sparse20": 103.0, "coordination_ring_potter0_20": 0.1, "bottleneck_sparse20": 0.0, "bottleneck_potter0_20": 0.45}
[pair_E] {"steps": 4204544, "elapsed_s": 3063.1, "coordination_ring_sparse20": 106.0, "coordination_ring_potter0_20": 0.1, "bottleneck_sparse20": 0.0, "bottleneck_potter0_20": 0.4}
[pair_E] {"steps": 4206592, "elapsed_s": 3064.4, "coordination_ring_sparse20": 104.0, "coordination_ring_potter0_20": 0.1, "bottleneck_sparse20": 0.0, "bottleneck_potter0_20": 0.4}
[pair_E] {"steps": 4208640, "elapsed_s": 3065.9, "coordination_ring_sparse20": 110.0, "coordination_ring_potter0_20": 0.1, "bottleneck_sparse20": 0.0, "bottleneck_potter0_20": 0.3}
[pair_E] {"steps": 4210688, "elapsed_s": 3067.2, "coordination_ring_sparse20": 112.0, "coordination_ring_potter0_20": 0.1, "bottleneck_sparse20": 0.0, "bottleneck_potter0_20": 0.3}
[pair_E] {"steps": 4212736, "elapsed_s": 3068.6, "coordination_ring_sparse20": 110.0, "coordination_ring_potter0_20": 0.05, "bottleneck_sparse20": 0.0, "bottleneck_potter0_20": 0.35}
[pair_E] {"steps": 4214784, "elapsed_s": 3069.9, "coordination_ring_sparse20": 105.0, "coordination_ring_potter0_20": 0.05, "bottleneck_sparse20": 0.0, "bottleneck_potter0_20": 0.35}
[pair_E] {"steps": 4216832, "elapsed_s": 3071.2, "coordination_ring_sparse20": 104.0, "coordination_ring_potter0_20": 0.1, "bottleneck_sparse20": 0.0, "bottleneck_potter0_20": 0.35}
[pair_E] {"steps": 4218880, "elapsed_s": 3072.5, "coordination_ring_sparse20": 104.0, "coordination_ring_potter0_20": 0.1, "bottleneck_sparse20": 0.0, "bottleneck_potter0_20": 0.3}
[pair_E] {"steps": 4220928, "elapsed_s": 3073.8, "coordination_ring_sparse20": 101.0, "coordination_ring_potter0_20": 0.1, "bottleneck_sparse20": 0.0, "bottleneck_potter0_20": 0.3}
[pair_E] {"steps": 4222976, "elapsed_s": 3075.1, "coordination_ring_sparse20": 101.0, "coordination_ring_potter0_20": 0.1, "bottleneck_sparse20": 0.0, "bottleneck_potter0_20": 0.3}
[pair_E] {"steps": 4225024, "elapsed_s": 3076.5, "coordination_ring_sparse20": 102.0, "coordination_ring_potter0_20": 0.05, "bottleneck_sparse20": 0.0, "bottleneck_potter0_20": 0.3}
[pair_E] {"steps": 4227072, "elapsed_s": 3077.8, "coordination_ring_sparse20": 101.0, "coordination_ring_potter0_20": 0.05, "bottleneck_sparse20": 0.0, "bottleneck_potter0_20": 0.35}
[pair_E] {"steps": 4229120, "elapsed_s": 3079.1, "coordination_ring_sparse20": 103.0, "coordination_ring_potter0_20": 0.05, "bottleneck_sparse20": 0.0, "bottleneck_potter0_20": 0.35}
[pair_E] {"steps": 4231168, "elapsed_s": 3080.5, "coordination_ring_sparse20": 109.0, "coordination_ring_potter0_20": 0.05, "bottleneck_sparse20": 0.0, "bottleneck_potter0_20": 0.35}
[pair_E] {"steps": 4233216, "elapsed_s": 3081.9, "coordination_ring_sparse20": 112.0, "coordination_ring_potter0_20": 0.0, "bottleneck_sparse20": 0.0, "bottleneck_potter0_20": 0.4}
[pair_E] {"steps": 4235264, "elapsed_s": 3083.2, "coordination_ring_sparse20": 110.0, "coordination_ring_potter0_20": 0.0, "bottleneck_sparse20": 0.0, "bottleneck_potter0_20": 0.35}
[pair_E] {"steps": 4237312, "elapsed_s": 3084.5, "coordination_ring_sparse20": 120.0, "coordination_ring_potter0_20": 0.0, "bottleneck_sparse20": 0.0, "bottleneck_potter0_20": 0.35}
[pair_E] {"steps": 4239360, "elapsed_s": 3085.8, "coordination_ring_sparse20": 115.0, "coordination_ring_potter0_20": 0.0, "bottleneck_sparse20": 0.0, "bottleneck_potter0_20": 0.35}
[pair_E] {"steps": 4241408, "elapsed_s": 3087.2, "coordination_ring_sparse20": 115.0, "coordination_ring_potter0_20": 0.0, "bottleneck_sparse20": 0.0, "bottleneck_potter0_20": 0.4}
[pair_E] {"steps": 4243456, "elapsed_s": 3088.5, "coordination_ring_sparse20": 118.0, "coordination_ring_potter0_20": 0.0, "bottleneck_sparse20": 0.0, "bottleneck_potter0_20": 0.4}
[pair_E] {"steps": 4245504, "elapsed_s": 3089.8, "coordination_ring_sparse20": 116.0, "coordination_ring_potter0_20": 0.0, "bottleneck_sparse20": 0.0, "bottleneck_potter0_20": 0.4}
[pair_E] {"steps": 4247552, "elapsed_s": 3091.1, "coordination_ring_sparse20": 112.0, "coordination_ring_potter0_20": 0.0, "bottleneck_sparse20": 0.0, "bottleneck_potter0_20": 0.4}
[pair_E] {"steps": 4249600, "elapsed_s": 3092.5, "coordination_ring_sparse20": 109.0, "coordination_ring_potter0_20": 0.0, "bottleneck_sparse20": 0.0, "bottleneck_potter0_20": 0.4}
[pair_E] {"steps": 4251648, "elapsed_s": 3093.8, "coordination_ring_sparse20": 112.0, "coordination_ring_potter0_20": 0.0, "bottleneck_sparse20": 0.0, "bottleneck_potter0_20": 0.4}
[pair_E] {"steps": 4253696, "elapsed_s": 3095.2, "coordination_ring_sparse20": 110.0, "coordination_ring_potter0_20": 0.0, "bottleneck_sparse20": 0.0, "bottleneck_potter0_20": 0.35}
[pair_E] {"steps": 4255744, "elapsed_s": 3096.5, "coordination_ring_sparse20": 115.0, "coordination_ring_potter0_20": 0.0, "bottleneck_sparse20": 0.0, "bottleneck_potter0_20": 0.35}
[pair_E] {"steps": 4257792, "elapsed_s": 3097.8, "coordination_ring_sparse20": 113.0, "coordination_ring_potter0_20": 0.0, "bottleneck_sparse20": 0.0, "bottleneck_potter0_20": 0.35}
[pair_E] {"steps": 4259840, "elapsed_s": 3099.1, "coordination_ring_sparse20": 114.0, "coordination_ring_potter0_20": 0.0, "bottleneck_sparse20": 0.0, "bottleneck_potter0_20": 0.45}
[pair_E] {"steps": 4261888, "elapsed_s": 3100.6, "coordination_ring_sparse20": 116.0, "coordination_ring_potter0_20": 0.0, "bottleneck_sparse20": 0.0, "bottleneck_potter0_20": 0.4}
[pair_E] {"steps": 4263936, "elapsed_s": 3101.9, "coordination_ring_sparse20": 116.0, "coordination_ring_potter0_20": 0.05, "bottleneck_sparse20": 0.0, "bottleneck_potter0_20": 0.4}
[pair_E] {"steps": 4265984, "elapsed_s": 3103.3, "coordination_ring_sparse20": 116.0, "coordination_ring_potter0_20": 0.05, "bottleneck_sparse20": 0.0, "bottleneck_potter0_20": 0.35}
[pair_E] {"steps": 4268032, "elapsed_s": 3104.6, "coordination_ring_sparse20": 117.0, "coordination_ring_potter0_20": 0.1, "bottleneck_sparse20": 0.0, "bottleneck_potter0_20": 0.35}
[pair_E] {"steps": 4270080, "elapsed_s": 3106.0, "coordination_ring_sparse20": 116.0, "coordination_ring_potter0_20": 0.1, "bottleneck_sparse20": 0.0, "bottleneck_potter0_20": 0.4}
[pair_E] {"steps": 4272128, "elapsed_s": 3107.2, "coordination_ring_sparse20": 115.0, "coordination_ring_potter0_20": 0.1, "bottleneck_sparse20": 0.0, "bottleneck_potter0_20": 0.35}
[pair_E] {"steps": 4274176, "elapsed_s": 3108.5, "coordination_ring_sparse20": 119.0, "coordination_ring_potter0_20": 0.1, "bottleneck_sparse20": 0.0, "bottleneck_potter0_20": 0.35}
[pair_E] {"steps": 4276224, "elapsed_s": 3109.9, "coordination_ring_sparse20": 119.0, "coordination_ring_potter0_20": 0.1, "bottleneck_sparse20": 0.0, "bottleneck_potter0_20": 0.4}
[pair_E] {"steps": 4278272, "elapsed_s": 3111.2, "coordination_ring_sparse20": 123.0, "coordination_ring_potter0_20": 0.1, "bottleneck_sparse20": 0.0, "bottleneck_potter0_20": 0.4}
[pair_E] {"steps": 4280320, "elapsed_s": 3112.6, "coordination_ring_sparse20": 121.0, "coordination_ring_potter0_20": 0.1, "bottleneck_sparse20": 0.0, "bottleneck_potter0_20": 0.3}
[pair_E] {"steps": 4282368, "elapsed_s": 3113.8, "coordination_ring_sparse20": 121.0, "coordination_ring_potter0_20": 0.05, "bottleneck_sparse20": 0.0, "bottleneck_potter0_20": 0.4}
[pair_E] {"steps": 4284416, "elapsed_s": 3115.2, "coordination_ring_sparse20": 121.0, "coordination_ring_potter0_20": 0.1, "bottleneck_sparse20": 0.0, "bottleneck_potter0_20": 0.45}
[pair_E] {"steps": 4286464, "elapsed_s": 3116.6, "coordination_ring_sparse20": 122.0, "coordination_ring_potter0_20": 0.1, "bottleneck_sparse20": 0.0, "bottleneck_potter0_20": 0.55}
[pair_E] {"steps": 4288512, "elapsed_s": 3117.9, "coordination_ring_sparse20": 122.0, "coordination_ring_potter0_20": 0.05, "bottleneck_sparse20": 0.0, "bottleneck_potter0_20": 0.55}
[pair_E] {"steps": 4290560, "elapsed_s": 3119.3, "coordination_ring_sparse20": 123.0, "coordination_ring_potter0_20": 0.05, "bottleneck_sparse20": 0.0, "bottleneck_potter0_20": 0.6}
[pair_E] {"steps": 4292608, "elapsed_s": 3120.6, "coordination_ring_sparse20": 123.0, "coordination_ring_potter0_20": 0.05, "bottleneck_sparse20": 0.0, "bottleneck_potter0_20": 0.55}
[pair_E] {"steps": 4294656, "elapsed_s": 3121.9, "coordination_ring_sparse20": 120.0, "coordination_ring_potter0_20": 0.05, "bottleneck_sparse20": 0.0, "bottleneck_potter0_20": 0.55}
[pair_E] {"steps": 4296704, "elapsed_s": 3123.3, "coordination_ring_sparse20": 118.0, "coordination_ring_potter0_20": 0.05, "bottleneck_sparse20": 0.0, "bottleneck_potter0_20": 0.55}
[pair_E] {"steps": 4298752, "elapsed_s": 3124.6, "coordination_ring_sparse20": 122.0, "coordination_ring_potter0_20": 0.05, "bottleneck_sparse20": 0.0, "bottleneck_potter0_20": 0.55}
[pair_E] {"steps": 4300800, "elapsed_s": 3125.9, "coordination_ring_sparse20": 122.0, "coordination_ring_potter0_20": 0.1, "bottleneck_sparse20": 0.0, "bottleneck_potter0_20": 0.6}
[pair_E] {"steps": 4302848, "elapsed_s": 3127.3, "coordination_ring_sparse20": 119.0, "coordination_ring_potter0_20": 0.05, "bottleneck_sparse20": 0.0, "bottleneck_potter0_20": 0.65}
[pair_E] {"steps": 4304896, "elapsed_s": 3128.6, "coordination_ring_sparse20": 115.0, "coordination_ring_potter0_20": 0.05, "bottleneck_sparse20": 0.0, "bottleneck_potter0_20": 0.65}
[pair_E] {"steps": 4306944, "elapsed_s": 3129.9, "coordination_ring_sparse20": 115.0, "coordination_ring_potter0_20": 0.1, "bottleneck_sparse20": 0.0, "bottleneck_potter0_20": 0.65}
[pair_E] {"steps": 4308992, "elapsed_s": 3131.2, "coordination_ring_sparse20": 110.0, "coordination_ring_potter0_20": 0.1, "bottleneck_sparse20": 0.0, "bottleneck_potter0_20": 0.65}
[pair_E] {"steps": 4311040, "elapsed_s": 3132.5, "coordination_ring_sparse20": 108.0, "coordination_ring_potter0_20": 0.1, "bottleneck_sparse20": 0.0, "bottleneck_potter0_20": 0.65}
[pair_E] {"steps": 4313088, "elapsed_s": 3133.9, "coordination_ring_sparse20": 107.0, "coordination_ring_potter0_20": 0.15, "bottleneck_sparse20": 0.0, "bottleneck_potter0_20": 0.6}
[pair_E] {"steps": 4315136, "elapsed_s": 3135.3, "coordination_ring_sparse20": 106.0, "coordination_ring_potter0_20": 0.15, "bottleneck_sparse20": 0.0, "bottleneck_potter0_20": 0.55}
[pair_E] {"steps": 4317184, "elapsed_s": 3136.6, "coordination_ring_sparse20": 107.0, "coordination_ring_potter0_20": 0.15, "bottleneck_sparse20": 0.0, "bottleneck_potter0_20": 0.55}
[pair_E] {"steps": 4319232, "elapsed_s": 3137.9, "coordination_ring_sparse20": 105.0, "coordination_ring_potter0_20": 0.1, "bottleneck_sparse20": 0.0, "bottleneck_potter0_20": 0.55}
[pair_E] {"steps": 4321280, "elapsed_s": 3139.2, "coordination_ring_sparse20": 104.0, "coordination_ring_potter0_20": 0.1, "bottleneck_sparse20": 0.0, "bottleneck_potter0_20": 0.5}
[pair_E] {"steps": 4323328, "elapsed_s": 3140.5, "coordination_ring_sparse20": 108.0, "coordination_ring_potter0_20": 0.1, "bottleneck_sparse20": 0.0, "bottleneck_potter0_20": 0.5}
[pair_E] {"steps": 4325376, "elapsed_s": 3141.9, "coordination_ring_sparse20": 106.0, "coordination_ring_potter0_20": 0.05, "bottleneck_sparse20": 0.0, "bottleneck_potter0_20": 0.45}
[pair_E] {"steps": 4327424, "elapsed_s": 3143.2, "coordination_ring_sparse20": 108.0, "coordination_ring_potter0_20": 0.05, "bottleneck_sparse20": 0.0, "bottleneck_potter0_20": 0.45}
[pair_E] {"steps": 4329472, "elapsed_s": 3144.4, "coordination_ring_sparse20": 110.0, "coordination_ring_potter0_20": 0.05, "bottleneck_sparse20": 0.0, "bottleneck_potter0_20": 0.45}
[pair_E] {"steps": 4331520, "elapsed_s": 3145.7, "coordination_ring_sparse20": 107.0, "coordination_ring_potter0_20": 0.0, "bottleneck_sparse20": 0.0, "bottleneck_potter0_20": 0.45}
[pair_E] {"steps": 4333568, "elapsed_s": 3147.0, "coordination_ring_sparse20": 104.0, "coordination_ring_potter0_20": 0.0, "bottleneck_sparse20": 0.0, "bottleneck_potter0_20": 0.45}
[pair_E] {"steps": 4335616, "elapsed_s": 3148.4, "coordination_ring_sparse20": 95.0, "coordination_ring_potter0_20": 0.0, "bottleneck_sparse20": 0.0, "bottleneck_potter0_20": 0.45}
[pair_E] {"steps": 4337664, "elapsed_s": 3149.7, "coordination_ring_sparse20": 100.0, "coordination_ring_potter0_20": 0.0, "bottleneck_sparse20": 0.0, "bottleneck_potter0_20": 0.4}
[pair_E] {"steps": 4339712, "elapsed_s": 3151.0, "coordination_ring_sparse20": 101.0, "coordination_ring_potter0_20": 0.0, "bottleneck_sparse20": 0.0, "bottleneck_potter0_20": 0.4}
[pair_E] {"steps": 4341760, "elapsed_s": 3152.4, "coordination_ring_sparse20": 102.0, "coordination_ring_potter0_20": 0.0, "bottleneck_sparse20": 0.0, "bottleneck_potter0_20": 0.4}
[pair_E] {"steps": 4343808, "elapsed_s": 3153.7, "coordination_ring_sparse20": 102.0, "coordination_ring_potter0_20": 0.0, "bottleneck_sparse20": 0.0, "bottleneck_potter0_20": 0.4}
[pair_E] {"steps": 4345856, "elapsed_s": 3155.0, "coordination_ring_sparse20": 105.0, "coordination_ring_potter0_20": 0.0, "bottleneck_sparse20": 0.0, "bottleneck_potter0_20": 0.4}
[pair_E] {"steps": 4347904, "elapsed_s": 3156.3, "coordination_ring_sparse20": 107.0, "coordination_ring_potter0_20": 0.0, "bottleneck_sparse20": 0.0, "bottleneck_potter0_20": 0.4}
[pair_E] {"steps": 4349952, "elapsed_s": 3157.6, "coordination_ring_sparse20": 120.0, "coordination_ring_potter0_20": 0.0, "bottleneck_sparse20": 0.0, "bottleneck_potter0_20": 0.4}
[pair_E] {"steps": 4352000, "elapsed_s": 3158.9, "coordination_ring_sparse20": 121.0, "coordination_ring_potter0_20": 0.0, "bottleneck_sparse20": 0.0, "bottleneck_potter0_20": 0.4}
[pair_E] {"steps": 4354048, "elapsed_s": 3160.2, "coordination_ring_sparse20": 124.0, "coordination_ring_potter0_20": 0.0, "bottleneck_sparse20": 0.0, "bottleneck_potter0_20": 0.4}
[pair_E] {"steps": 4356096, "elapsed_s": 3161.7, "coordination_ring_sparse20": 122.0, "coordination_ring_potter0_20": 0.05, "bottleneck_sparse20": 0.0, "bottleneck_potter0_20": 0.4}
[pair_E] {"steps": 4358144, "elapsed_s": 3163.0, "coordination_ring_sparse20": 123.0, "coordination_ring_potter0_20": 0.1, "bottleneck_sparse20": 0.0, "bottleneck_potter0_20": 0.4}
[pair_E] {"steps": 4360192, "elapsed_s": 3164.3, "coordination_ring_sparse20": 121.0, "coordination_ring_potter0_20": 0.1, "bottleneck_sparse20": 0.0, "bottleneck_potter0_20": 0.4}
[pair_E] {"steps": 4362240, "elapsed_s": 3165.6, "coordination_ring_sparse20": 122.0, "coordination_ring_potter0_20": 0.1, "bottleneck_sparse20": 0.0, "bottleneck_potter0_20": 0.4}
[pair_E] {"steps": 4364288, "elapsed_s": 3166.9, "coordination_ring_sparse20": 122.0, "coordination_ring_potter0_20": 0.1, "bottleneck_sparse20": 0.0, "bottleneck_potter0_20": 0.45}
[pair_E] {"steps": 4366336, "elapsed_s": 3168.2, "coordination_ring_sparse20": 117.0, "coordination_ring_potter0_20": 0.1, "bottleneck_sparse20": 0.0, "bottleneck_potter0_20": 0.4}
[pair_E] {"steps": 4368384, "elapsed_s": 3169.7, "coordination_ring_sparse20": 114.0, "coordination_ring_potter0_20": 0.1, "bottleneck_sparse20": 0.0, "bottleneck_potter0_20": 0.35}
[pair_E] {"steps": 4370432, "elapsed_s": 3171.0, "coordination_ring_sparse20": 115.0, "coordination_ring_potter0_20": 0.1, "bottleneck_sparse20": 0.0, "bottleneck_potter0_20": 0.4}
[pair_E] {"steps": 4372480, "elapsed_s": 3172.3, "coordination_ring_sparse20": 110.0, "coordination_ring_potter0_20": 0.05, "bottleneck_sparse20": 0.0, "bottleneck_potter0_20": 0.35}
[pair_E] {"steps": 4374528, "elapsed_s": 3173.6, "coordination_ring_sparse20": 109.0, "coordination_ring_potter0_20": 0.05, "bottleneck_sparse20": 0.0, "bottleneck_potter0_20": 0.25}
[pair_E] {"steps": 4376576, "elapsed_s": 3174.9, "coordination_ring_sparse20": 109.0, "coordination_ring_potter0_20": 0.05, "bottleneck_sparse20": 0.0, "bottleneck_potter0_20": 0.35}
[pair_E] {"steps": 4378624, "elapsed_s": 3176.2, "coordination_ring_sparse20": 107.0, "coordination_ring_potter0_20": 0.05, "bottleneck_sparse20": 0.0, "bottleneck_potter0_20": 0.3}
[pair_E] {"steps": 4380672, "elapsed_s": 3177.5, "coordination_ring_sparse20": 103.0, "coordination_ring_potter0_20": 0.0, "bottleneck_sparse20": 0.0, "bottleneck_potter0_20": 0.3}
[pair_E] {"steps": 4382720, "elapsed_s": 3178.8, "coordination_ring_sparse20": 102.0, "coordination_ring_potter0_20": 0.05, "bottleneck_sparse20": 0.0, "bottleneck_potter0_20": 0.3}
[pair_E] {"steps": 4384768, "elapsed_s": 3180.1, "coordination_ring_sparse20": 103.0, "coordination_ring_potter0_20": 0.05, "bottleneck_sparse20": 0.0, "bottleneck_potter0_20": 0.3}
[pair_E] {"steps": 4386816, "elapsed_s": 3181.5, "coordination_ring_sparse20": 109.0, "coordination_ring_potter0_20": 0.05, "bottleneck_sparse20": 0.0, "bottleneck_potter0_20": 0.3}
[pair_E] {"steps": 4388864, "elapsed_s": 3182.8, "coordination_ring_sparse20": 110.0, "coordination_ring_potter0_20": 0.05, "bottleneck_sparse20": 0.0, "bottleneck_potter0_20": 0.3}
[pair_E] {"steps": 4390912, "elapsed_s": 3184.1, "coordination_ring_sparse20": 111.0, "coordination_ring_potter0_20": 0.05, "bottleneck_sparse20": 0.0, "bottleneck_potter0_20": 0.3}
[pair_E] {"steps": 4392960, "elapsed_s": 3185.3, "coordination_ring_sparse20": 115.0, "coordination_ring_potter0_20": 0.05, "bottleneck_sparse20": 0.0, "bottleneck_potter0_20": 0.3}
[pair_E] {"steps": 4395008, "elapsed_s": 3186.6, "coordination_ring_sparse20": 119.0, "coordination_ring_potter0_20": 0.05, "bottleneck_sparse20": 0.0, "bottleneck_potter0_20": 0.3}
[pair_E] {"steps": 4397056, "elapsed_s": 3188.0, "coordination_ring_sparse20": 124.0, "coordination_ring_potter0_20": 0.0, "bottleneck_sparse20": 0.0, "bottleneck_potter0_20": 0.35}
[pair_E] {"steps": 4399104, "elapsed_s": 3189.4, "coordination_ring_sparse20": 120.0, "coordination_ring_potter0_20": 0.0, "bottleneck_sparse20": 0.0, "bottleneck_potter0_20": 0.35}
[pair_E] {"steps": 4401152, "elapsed_s": 3190.6, "coordination_ring_sparse20": 119.0, "coordination_ring_potter0_20": 0.1, "bottleneck_sparse20": 0.0, "bottleneck_potter0_20": 0.35}
[pair_E] {"steps": 4403200, "elapsed_s": 3192.0, "coordination_ring_sparse20": 116.0, "coordination_ring_potter0_20": 0.1, "bottleneck_sparse20": 0.0, "bottleneck_potter0_20": 0.35}
[pair_E] {"steps": 4405248, "elapsed_s": 3193.3, "coordination_ring_sparse20": 116.0, "coordination_ring_potter0_20": 0.1, "bottleneck_sparse20": 0.0, "bottleneck_potter0_20": 0.45}
[pair_E] {"steps": 4407296, "elapsed_s": 3194.7, "coordination_ring_sparse20": 117.0, "coordination_ring_potter0_20": 0.1, "bottleneck_sparse20": 0.0, "bottleneck_potter0_20": 0.45}
[pair_E] {"steps": 4409344, "elapsed_s": 3196.0, "coordination_ring_sparse20": 121.0, "coordination_ring_potter0_20": 0.1, "bottleneck_sparse20": 0.0, "bottleneck_potter0_20": 0.45}
[pair_E] {"steps": 4411392, "elapsed_s": 3197.3, "coordination_ring_sparse20": 117.0, "coordination_ring_potter0_20": 0.1, "bottleneck_sparse20": 0.0, "bottleneck_potter0_20": 0.5}
[pair_E] {"steps": 4413440, "elapsed_s": 3198.6, "coordination_ring_sparse20": 116.0, "coordination_ring_potter0_20": 0.15, "bottleneck_sparse20": 0.0, "bottleneck_potter0_20": 0.5}
[pair_E] {"steps": 4415488, "elapsed_s": 3199.9, "coordination_ring_sparse20": 112.0, "coordination_ring_potter0_20": 0.2, "bottleneck_sparse20": 0.0, "bottleneck_potter0_20": 0.45}
[pair_E] {"steps": 4417536, "elapsed_s": 3201.2, "coordination_ring_sparse20": 117.0, "coordination_ring_potter0_20": 0.15, "bottleneck_sparse20": 0.0, "bottleneck_potter0_20": 0.45}
[pair_E] {"steps": 4419584, "elapsed_s": 3202.5, "coordination_ring_sparse20": 118.0, "coordination_ring_potter0_20": 0.1, "bottleneck_sparse20": 0.0, "bottleneck_potter0_20": 0.5}
[pair_E] {"steps": 4421632, "elapsed_s": 3204.0, "coordination_ring_sparse20": 120.0, "coordination_ring_potter0_20": 0.1, "bottleneck_sparse20": 0.0, "bottleneck_potter0_20": 0.45}
[pair_E] {"steps": 4423680, "elapsed_s": 3205.3, "coordination_ring_sparse20": 117.0, "coordination_ring_potter0_20": 0.1, "bottleneck_sparse20": 0.0, "bottleneck_potter0_20": 0.45}
[pair_E] {"steps": 4425728, "elapsed_s": 3206.6, "coordination_ring_sparse20": 116.0, "coordination_ring_potter0_20": 0.1, "bottleneck_sparse20": 0.0, "bottleneck_potter0_20": 0.45}
[pair_E] {"steps": 4427776, "elapsed_s": 3208.0, "coordination_ring_sparse20": 123.0, "coordination_ring_potter0_20": 0.1, "bottleneck_sparse20": 0.0, "bottleneck_potter0_20": 0.5}
[pair_E] {"steps": 4429824, "elapsed_s": 3209.2, "coordination_ring_sparse20": 127.0, "coordination_ring_potter0_20": 0.0, "bottleneck_sparse20": 0.0, "bottleneck_potter0_20": 0.5}
[pair_E] {"steps": 4431872, "elapsed_s": 3210.6, "coordination_ring_sparse20": 128.0, "coordination_ring_potter0_20": 0.0, "bottleneck_sparse20": 0.0, "bottleneck_potter0_20": 0.5}
[pair_E] {"steps": 4433920, "elapsed_s": 3211.9, "coordination_ring_sparse20": 126.0, "coordination_ring_potter0_20": 0.05, "bottleneck_sparse20": 0.0, "bottleneck_potter0_20": 0.5}
[pair_E] {"steps": 4435968, "elapsed_s": 3213.3, "coordination_ring_sparse20": 126.0, "coordination_ring_potter0_20": 0.05, "bottleneck_sparse20": 0.0, "bottleneck_potter0_20": 0.5}
[pair_E] {"steps": 4438016, "elapsed_s": 3214.7, "coordination_ring_sparse20": 129.0, "coordination_ring_potter0_20": 0.1, "bottleneck_sparse20": 0.0, "bottleneck_potter0_20": 0.45}
[pair_E] {"steps": 4440064, "elapsed_s": 3216.1, "coordination_ring_sparse20": 130.0, "coordination_ring_potter0_20": 0.1, "bottleneck_sparse20": 0.0, "bottleneck_potter0_20": 0.4}
[pair_E] {"steps": 4442112, "elapsed_s": 3217.5, "coordination_ring_sparse20": 127.0, "coordination_ring_potter0_20": 0.15, "bottleneck_sparse20": 0.0, "bottleneck_potter0_20": 0.4}
[pair_E] {"steps": 4444160, "elapsed_s": 3218.8, "coordination_ring_sparse20": 128.0, "coordination_ring_potter0_20": 0.15, "bottleneck_sparse20": 0.0, "bottleneck_potter0_20": 0.4}
[pair_E] {"steps": 4446208, "elapsed_s": 3220.2, "coordination_ring_sparse20": 124.0, "coordination_ring_potter0_20": 0.2, "bottleneck_sparse20": 0.0, "bottleneck_potter0_20": 0.4}
[pair_E] {"steps": 4448256, "elapsed_s": 3221.5, "coordination_ring_sparse20": 125.0, "coordination_ring_potter0_20": 0.15, "bottleneck_sparse20": 0.0, "bottleneck_potter0_20": 0.4}
[pair_E] {"steps": 4450304, "elapsed_s": 3222.8, "coordination_ring_sparse20": 124.0, "coordination_ring_potter0_20": 0.15, "bottleneck_sparse20": 0.0, "bottleneck_potter0_20": 0.4}
[pair_E] {"steps": 4452352, "elapsed_s": 3224.2, "coordination_ring_sparse20": 123.0, "coordination_ring_potter0_20": 0.15, "bottleneck_sparse20": 0.0, "bottleneck_potter0_20": 0.4}
[pair_E] {"steps": 4454400, "elapsed_s": 3225.5, "coordination_ring_sparse20": 123.0, "coordination_ring_potter0_20": 0.1, "bottleneck_sparse20": 0.0, "bottleneck_potter0_20": 0.4}
[pair_E] {"steps": 4456448, "elapsed_s": 3226.8, "coordination_ring_sparse20": 122.0, "coordination_ring_potter0_20": 0.1, "bottleneck_sparse20": 0.0, "bottleneck_potter0_20": 0.35}
[pair_E] {"steps": 4458496, "elapsed_s": 3228.1, "coordination_ring_sparse20": 122.0, "coordination_ring_potter0_20": 0.1, "bottleneck_sparse20": 0.0, "bottleneck_potter0_20": 0.3}
[pair_E] {"steps": 4460544, "elapsed_s": 3229.4, "coordination_ring_sparse20": 122.0, "coordination_ring_potter0_20": 0.1, "bottleneck_sparse20": 0.0, "bottleneck_potter0_20": 0.3}
[pair_E] {"steps": 4462592, "elapsed_s": 3230.8, "coordination_ring_sparse20": 118.0, "coordination_ring_potter0_20": 0.1, "bottleneck_sparse20": 0.0, "bottleneck_potter0_20": 0.35}
[pair_E] {"steps": 4464640, "elapsed_s": 3232.1, "coordination_ring_sparse20": 120.0, "coordination_ring_potter0_20": 0.15, "bottleneck_sparse20": 0.0, "bottleneck_potter0_20": 0.35}
[pair_E] {"steps": 4466688, "elapsed_s": 3233.3, "coordination_ring_sparse20": 119.0, "coordination_ring_potter0_20": 0.1, "bottleneck_sparse20": 0.0, "bottleneck_potter0_20": 0.35}
[pair_E] {"steps": 4468736, "elapsed_s": 3234.7, "coordination_ring_sparse20": 118.0, "coordination_ring_potter0_20": 0.1, "bottleneck_sparse20": 0.0, "bottleneck_potter0_20": 0.35}
[pair_E] {"steps": 4470784, "elapsed_s": 3235.9, "coordination_ring_sparse20": 119.0, "coordination_ring_potter0_20": 0.1, "bottleneck_sparse20": 0.0, "bottleneck_potter0_20": 0.3}
[pair_E] {"steps": 4472832, "elapsed_s": 3237.3, "coordination_ring_sparse20": 120.0, "coordination_ring_potter0_20": 0.1, "bottleneck_sparse20": 0.0, "bottleneck_potter0_20": 0.25}
[pair_E] {"steps": 4474880, "elapsed_s": 3238.7, "coordination_ring_sparse20": 119.0, "coordination_ring_potter0_20": 0.15, "bottleneck_sparse20": 0.0, "bottleneck_potter0_20": 0.25}
[pair_E] {"steps": 4476928, "elapsed_s": 3240.1, "coordination_ring_sparse20": 123.0, "coordination_ring_potter0_20": 0.1, "bottleneck_sparse20": 0.0, "bottleneck_potter0_20": 0.25}
[pair_E] {"steps": 4478976, "elapsed_s": 3241.4, "coordination_ring_sparse20": 125.0, "coordination_ring_potter0_20": 0.05, "bottleneck_sparse20": 0.0, "bottleneck_potter0_20": 0.25}
[pair_E] {"steps": 4481024, "elapsed_s": 3242.8, "coordination_ring_sparse20": 126.0, "coordination_ring_potter0_20": 0.05, "bottleneck_sparse20": 0.0, "bottleneck_potter0_20": 0.25}
[pair_E] {"steps": 4483072, "elapsed_s": 3244.1, "coordination_ring_sparse20": 122.0, "coordination_ring_potter0_20": 0.05, "bottleneck_sparse20": 0.0, "bottleneck_potter0_20": 0.25}
[pair_E] {"steps": 4485120, "elapsed_s": 3245.3, "coordination_ring_sparse20": 124.0, "coordination_ring_potter0_20": 0.05, "bottleneck_sparse20": 0.0, "bottleneck_potter0_20": 0.35}
[pair_E] {"steps": 4487168, "elapsed_s": 3246.6, "coordination_ring_sparse20": 119.0, "coordination_ring_potter0_20": 0.05, "bottleneck_sparse20": 0.0, "bottleneck_potter0_20": 0.4}
[pair_E] {"steps": 4489216, "elapsed_s": 3248.0, "coordination_ring_sparse20": 118.0, "coordination_ring_potter0_20": 0.05, "bottleneck_sparse20": 0.0, "bottleneck_potter0_20": 0.4}
[pair_E] {"steps": 4491264, "elapsed_s": 3249.3, "coordination_ring_sparse20": 119.0, "coordination_ring_potter0_20": 0.0, "bottleneck_sparse20": 0.0, "bottleneck_potter0_20": 0.4}
[pair_E] {"steps": 4493312, "elapsed_s": 3250.6, "coordination_ring_sparse20": 117.0, "coordination_ring_potter0_20": 0.0, "bottleneck_sparse20": 0.0, "bottleneck_potter0_20": 0.4}
[pair_E] {"steps": 4495360, "elapsed_s": 3251.9, "coordination_ring_sparse20": 112.0, "coordination_ring_potter0_20": 0.05, "bottleneck_sparse20": 0.0, "bottleneck_potter0_20": 0.4}
[pair_E] {"steps": 4497408, "elapsed_s": 3253.3, "coordination_ring_sparse20": 110.0, "coordination_ring_potter0_20": 0.05, "bottleneck_sparse20": 0.0, "bottleneck_potter0_20": 0.4}
[pair_E] {"steps": 4499456, "elapsed_s": 3254.6, "coordination_ring_sparse20": 114.0, "coordination_ring_potter0_20": 0.05, "bottleneck_sparse20": 0.0, "bottleneck_potter0_20": 0.4}
[pair_E] {"steps": 4501504, "elapsed_s": 3256.0, "coordination_ring_sparse20": 114.0, "coordination_ring_potter0_20": 0.05, "bottleneck_sparse20": 0.0, "bottleneck_potter0_20": 0.35}
[pair_E] {"steps": 4503552, "elapsed_s": 3257.3, "coordination_ring_sparse20": 119.0, "coordination_ring_potter0_20": 0.05, "bottleneck_sparse20": 0.0, "bottleneck_potter0_20": 0.3}
[pair_E] {"steps": 4505600, "elapsed_s": 3258.5, "coordination_ring_sparse20": 122.0, "coordination_ring_potter0_20": 0.05, "bottleneck_sparse20": 0.0, "bottleneck_potter0_20": 0.3}
[pair_E] {"steps": 4507648, "elapsed_s": 3259.9, "coordination_ring_sparse20": 123.0, "coordination_ring_potter0_20": 0.1, "bottleneck_sparse20": 0.0, "bottleneck_potter0_20": 0.35}
[pair_E] {"steps": 4509696, "elapsed_s": 3261.2, "coordination_ring_sparse20": 123.0, "coordination_ring_potter0_20": 0.15, "bottleneck_sparse20": 0.0, "bottleneck_potter0_20": 0.35}
[pair_E] {"steps": 4511744, "elapsed_s": 3262.5, "coordination_ring_sparse20": 126.0, "coordination_ring_potter0_20": 0.15, "bottleneck_sparse20": 0.0, "bottleneck_potter0_20": 0.3}
[pair_E] {"steps": 4513792, "elapsed_s": 3263.9, "coordination_ring_sparse20": 124.0, "coordination_ring_potter0_20": 0.2, "bottleneck_sparse20": 0.0, "bottleneck_potter0_20": 0.3}
[pair_E] {"steps": 4515840, "elapsed_s": 3265.2, "coordination_ring_sparse20": 119.0, "coordination_ring_potter0_20": 0.2, "bottleneck_sparse20": 0.0, "bottleneck_potter0_20": 0.3}
[pair_E] {"steps": 4517888, "elapsed_s": 3266.5, "coordination_ring_sparse20": 119.0, "coordination_ring_potter0_20": 0.2, "bottleneck_sparse20": 0.0, "bottleneck_potter0_20": 0.35}
[pair_E] {"steps": 4519936, "elapsed_s": 3267.9, "coordination_ring_sparse20": 120.0, "coordination_ring_potter0_20": 0.1, "bottleneck_sparse20": 0.0, "bottleneck_potter0_20": 0.35}
[pair_E] {"steps": 4521984, "elapsed_s": 3269.1, "coordination_ring_sparse20": 121.0, "coordination_ring_potter0_20": 0.1, "bottleneck_sparse20": 0.0, "bottleneck_potter0_20": 0.4}
[pair_E] {"steps": 4524032, "elapsed_s": 3270.5, "coordination_ring_sparse20": 123.0, "coordination_ring_potter0_20": 0.05, "bottleneck_sparse20": 0.0, "bottleneck_potter0_20": 0.4}
[pair_E] {"steps": 4526080, "elapsed_s": 3271.8, "coordination_ring_sparse20": 125.0, "coordination_ring_potter0_20": 0.05, "bottleneck_sparse20": 0.0, "bottleneck_potter0_20": 0.4}
[pair_E] {"steps": 4528128, "elapsed_s": 3273.2, "coordination_ring_sparse20": 129.0, "coordination_ring_potter0_20": 0.0, "bottleneck_sparse20": 0.0, "bottleneck_potter0_20": 0.4}
[pair_E] {"steps": 4530176, "elapsed_s": 3274.5, "coordination_ring_sparse20": 129.0, "coordination_ring_potter0_20": 0.0, "bottleneck_sparse20": 0.0, "bottleneck_potter0_20": 0.4}
[pair_E] {"steps": 4532224, "elapsed_s": 3275.9, "coordination_ring_sparse20": 130.0, "coordination_ring_potter0_20": 0.0, "bottleneck_sparse20": 0.0, "bottleneck_potter0_20": 0.35}
[pair_E] {"steps": 4534272, "elapsed_s": 3277.2, "coordination_ring_sparse20": 128.0, "coordination_ring_potter0_20": 0.0, "bottleneck_sparse20": 0.0, "bottleneck_potter0_20": 0.35}
[pair_E] {"steps": 4536320, "elapsed_s": 3278.5, "coordination_ring_sparse20": 123.0, "coordination_ring_potter0_20": 0.0, "bottleneck_sparse20": 0.0, "bottleneck_potter0_20": 0.35}
[pair_E] {"steps": 4538368, "elapsed_s": 3279.8, "coordination_ring_sparse20": 123.0, "coordination_ring_potter0_20": 0.0, "bottleneck_sparse20": 0.0, "bottleneck_potter0_20": 0.35}
[pair_E] {"steps": 4540416, "elapsed_s": 3281.1, "coordination_ring_sparse20": 124.0, "coordination_ring_potter0_20": 0.0, "bottleneck_sparse20": 0.0, "bottleneck_potter0_20": 0.35}
[pair_E] {"steps": 4542464, "elapsed_s": 3282.4, "coordination_ring_sparse20": 123.0, "coordination_ring_potter0_20": 0.0, "bottleneck_sparse20": 0.0, "bottleneck_potter0_20": 0.35}
[pair_E] {"steps": 4544512, "elapsed_s": 3283.8, "coordination_ring_sparse20": 121.0, "coordination_ring_potter0_20": 0.0, "bottleneck_sparse20": 0.0, "bottleneck_potter0_20": 0.4}
[pair_E] {"steps": 4546560, "elapsed_s": 3285.1, "coordination_ring_sparse20": 121.0, "coordination_ring_potter0_20": 0.0, "bottleneck_sparse20": 0.0, "bottleneck_potter0_20": 0.4}
[pair_E] {"steps": 4548608, "elapsed_s": 3286.3, "coordination_ring_sparse20": 126.0, "coordination_ring_potter0_20": 0.05, "bottleneck_sparse20": 0.0, "bottleneck_potter0_20": 0.4}
[pair_E] {"steps": 4550656, "elapsed_s": 3287.6, "coordination_ring_sparse20": 123.0, "coordination_ring_potter0_20": 0.05, "bottleneck_sparse20": 0.0, "bottleneck_potter0_20": 0.4}
[pair_E] {"steps": 4552704, "elapsed_s": 3289.0, "coordination_ring_sparse20": 123.0, "coordination_ring_potter0_20": 0.05, "bottleneck_sparse20": 0.0, "bottleneck_potter0_20": 0.4}
[pair_E] {"steps": 4554752, "elapsed_s": 3290.3, "coordination_ring_sparse20": 124.0, "coordination_ring_potter0_20": 0.1, "bottleneck_sparse20": 0.0, "bottleneck_potter0_20": 0.45}
[pair_E] {"steps": 4556800, "elapsed_s": 3291.6, "coordination_ring_sparse20": 125.0, "coordination_ring_potter0_20": 0.1, "bottleneck_sparse20": 0.0, "bottleneck_potter0_20": 0.45}
[pair_E] {"steps": 4558848, "elapsed_s": 3292.9, "coordination_ring_sparse20": 129.0, "coordination_ring_potter0_20": 0.1, "bottleneck_sparse20": 0.0, "bottleneck_potter0_20": 0.45}
[pair_E] {"steps": 4560896, "elapsed_s": 3294.2, "coordination_ring_sparse20": 127.0, "coordination_ring_potter0_20": 0.15, "bottleneck_sparse20": 0.0, "bottleneck_potter0_20": 0.5}
[pair_E] {"steps": 4562944, "elapsed_s": 3295.6, "coordination_ring_sparse20": 127.0, "coordination_ring_potter0_20": 0.1, "bottleneck_sparse20": 0.0, "bottleneck_potter0_20": 0.5}
[pair_E] {"steps": 4564992, "elapsed_s": 3296.9, "coordination_ring_sparse20": 125.0, "coordination_ring_potter0_20": 0.1, "bottleneck_sparse20": 0.0, "bottleneck_potter0_20": 0.5}
[pair_E] {"steps": 4567040, "elapsed_s": 3298.2, "coordination_ring_sparse20": 129.0, "coordination_ring_potter0_20": 0.1, "bottleneck_sparse20": 0.0, "bottleneck_potter0_20": 0.5}
[pair_E] {"steps": 4569088, "elapsed_s": 3299.6, "coordination_ring_sparse20": 129.0, "coordination_ring_potter0_20": 0.05, "bottleneck_sparse20": 0.0, "bottleneck_potter0_20": 0.55}
[pair_E] {"steps": 4571136, "elapsed_s": 3300.9, "coordination_ring_sparse20": 120.0, "coordination_ring_potter0_20": 0.05, "bottleneck_sparse20": 0.0, "bottleneck_potter0_20": 0.55}
[pair_E] {"steps": 4573184, "elapsed_s": 3302.2, "coordination_ring_sparse20": 118.0, "coordination_ring_potter0_20": 0.05, "bottleneck_sparse20": 0.0, "bottleneck_potter0_20": 0.55}
[pair_E] {"steps": 4575232, "elapsed_s": 3303.7, "coordination_ring_sparse20": 115.0, "coordination_ring_potter0_20": 0.05, "bottleneck_sparse20": 0.0, "bottleneck_potter0_20": 0.5}
[pair_E] {"steps": 4577280, "elapsed_s": 3305.0, "coordination_ring_sparse20": 118.0, "coordination_ring_potter0_20": 0.0, "bottleneck_sparse20": 0.0, "bottleneck_potter0_20": 0.5}
[pair_E] {"steps": 4579328, "elapsed_s": 3306.4, "coordination_ring_sparse20": 119.0, "coordination_ring_potter0_20": 0.0, "bottleneck_sparse20": 0.0, "bottleneck_potter0_20": 0.5}
[pair_E] {"steps": 4581376, "elapsed_s": 3307.8, "coordination_ring_sparse20": 115.0, "coordination_ring_potter0_20": 0.0, "bottleneck_sparse20": 0.0, "bottleneck_potter0_20": 0.5}
[pair_E] {"steps": 4583424, "elapsed_s": 3309.1, "coordination_ring_sparse20": 115.0, "coordination_ring_potter0_20": 0.0, "bottleneck_sparse20": 0.0, "bottleneck_potter0_20": 0.55}
[pair_E] {"steps": 4585472, "elapsed_s": 3310.4, "coordination_ring_sparse20": 116.0, "coordination_ring_potter0_20": 0.0, "bottleneck_sparse20": 0.0, "bottleneck_potter0_20": 0.55}
[pair_E] {"steps": 4587520, "elapsed_s": 3311.7, "coordination_ring_sparse20": 117.0, "coordination_ring_potter0_20": 0.0, "bottleneck_sparse20": 0.0, "bottleneck_potter0_20": 0.55}
[pair_E] {"steps": 4589568, "elapsed_s": 3313.0, "coordination_ring_sparse20": 116.0, "coordination_ring_potter0_20": 0.0, "bottleneck_sparse20": 0.0, "bottleneck_potter0_20": 0.55}
[pair_E] {"steps": 4591616, "elapsed_s": 3314.4, "coordination_ring_sparse20": 123.0, "coordination_ring_potter0_20": 0.0, "bottleneck_sparse20": 0.0, "bottleneck_potter0_20": 0.55}
[pair_E] {"steps": 4593664, "elapsed_s": 3315.8, "coordination_ring_sparse20": 127.0, "coordination_ring_potter0_20": 0.0, "bottleneck_sparse20": 0.0, "bottleneck_potter0_20": 0.6}
[pair_E] {"steps": 4595712, "elapsed_s": 3317.1, "coordination_ring_sparse20": 126.0, "coordination_ring_potter0_20": 0.0, "bottleneck_sparse20": 0.0, "bottleneck_potter0_20": 0.65}
[pair_E] {"steps": 4597760, "elapsed_s": 3318.4, "coordination_ring_sparse20": 122.0, "coordination_ring_potter0_20": 0.0, "bottleneck_sparse20": 0.0, "bottleneck_potter0_20": 0.65}
[pair_E] {"steps": 4599808, "elapsed_s": 3319.8, "coordination_ring_sparse20": 129.0, "coordination_ring_potter0_20": 0.0, "bottleneck_sparse20": 0.0, "bottleneck_potter0_20": 0.65}
[pair_E] {"steps": 4601856, "elapsed_s": 3321.1, "coordination_ring_sparse20": 125.0, "coordination_ring_potter0_20": 0.05, "bottleneck_sparse20": 0.0, "bottleneck_potter0_20": 0.65}
[pair_E] {"steps": 4603904, "elapsed_s": 3322.4, "coordination_ring_sparse20": 121.0, "coordination_ring_potter0_20": 0.1, "bottleneck_sparse20": 0.0, "bottleneck_potter0_20": 0.65}
[pair_E] {"steps": 4605952, "elapsed_s": 3323.8, "coordination_ring_sparse20": 122.0, "coordination_ring_potter0_20": 0.1, "bottleneck_sparse20": 0.0, "bottleneck_potter0_20": 0.6}
[pair_E] {"steps": 4608000, "elapsed_s": 3325.2, "coordination_ring_sparse20": 123.0, "coordination_ring_potter0_20": 0.1, "bottleneck_sparse20": 0.0, "bottleneck_potter0_20": 0.6}
[pair_E] {"steps": 4610048, "elapsed_s": 3326.5, "coordination_ring_sparse20": 128.0, "coordination_ring_potter0_20": 0.1, "bottleneck_sparse20": 0.0, "bottleneck_potter0_20": 0.65}
[pair_E] {"steps": 4612096, "elapsed_s": 3327.7, "coordination_ring_sparse20": 123.0, "coordination_ring_potter0_20": 0.1, "bottleneck_sparse20": 0.0, "bottleneck_potter0_20": 0.6}
[pair_E] {"steps": 4614144, "elapsed_s": 3329.0, "coordination_ring_sparse20": 121.0, "coordination_ring_potter0_20": 0.1, "bottleneck_sparse20": 0.0, "bottleneck_potter0_20": 0.6}
[pair_E] {"steps": 4616192, "elapsed_s": 3330.3, "coordination_ring_sparse20": 117.0, "coordination_ring_potter0_20": 0.05, "bottleneck_sparse20": 0.0, "bottleneck_potter0_20": 0.6}
[pair_E] {"steps": 4618240, "elapsed_s": 3331.7, "coordination_ring_sparse20": 121.0, "coordination_ring_potter0_20": 0.1, "bottleneck_sparse20": 0.0, "bottleneck_potter0_20": 0.6}
[pair_E] {"steps": 4620288, "elapsed_s": 3333.0, "coordination_ring_sparse20": 124.0, "coordination_ring_potter0_20": 0.1, "bottleneck_sparse20": 0.0, "bottleneck_potter0_20": 0.6}
[pair_E] {"steps": 4622336, "elapsed_s": 3334.3, "coordination_ring_sparse20": 134.0, "coordination_ring_potter0_20": 0.05, "bottleneck_sparse20": 0.0, "bottleneck_potter0_20": 0.6}
[pair_E] {"steps": 4624384, "elapsed_s": 3335.7, "coordination_ring_sparse20": 134.0, "coordination_ring_potter0_20": 0.05, "bottleneck_sparse20": 0.0, "bottleneck_potter0_20": 0.6}
[pair_E] {"steps": 4626432, "elapsed_s": 3337.0, "coordination_ring_sparse20": 143.0, "coordination_ring_potter0_20": 0.1, "bottleneck_sparse20": 0.0, "bottleneck_potter0_20": 0.6}
[pair_E] {"steps": 4628480, "elapsed_s": 3338.4, "coordination_ring_sparse20": 144.0, "coordination_ring_potter0_20": 0.1, "bottleneck_sparse20": 0.0, "bottleneck_potter0_20": 0.6}
[pair_E] {"steps": 4630528, "elapsed_s": 3339.7, "coordination_ring_sparse20": 146.0, "coordination_ring_potter0_20": 0.05, "bottleneck_sparse20": 0.0, "bottleneck_potter0_20": 0.6}
[pair_E] {"steps": 4632576, "elapsed_s": 3341.1, "coordination_ring_sparse20": 148.0, "coordination_ring_potter0_20": 0.1, "bottleneck_sparse20": 0.0, "bottleneck_potter0_20": 0.65}
[pair_E] {"steps": 4634624, "elapsed_s": 3342.6, "coordination_ring_sparse20": 145.0, "coordination_ring_potter0_20": 0.1, "bottleneck_sparse20": 0.0, "bottleneck_potter0_20": 0.65}
[pair_E] {"steps": 4636672, "elapsed_s": 3344.0, "coordination_ring_sparse20": 143.0, "coordination_ring_potter0_20": 0.1, "bottleneck_sparse20": 0.0, "bottleneck_potter0_20": 0.65}
[pair_E] {"steps": 4638720, "elapsed_s": 3345.3, "coordination_ring_sparse20": 143.0, "coordination_ring_potter0_20": 0.1, "bottleneck_sparse20": 0.0, "bottleneck_potter0_20": 0.65}
[pair_E] {"steps": 4640768, "elapsed_s": 3346.7, "coordination_ring_sparse20": 144.0, "coordination_ring_potter0_20": 0.1, "bottleneck_sparse20": 0.0, "bottleneck_potter0_20": 0.65}
[pair_E] {"steps": 4642816, "elapsed_s": 3348.1, "coordination_ring_sparse20": 142.0, "coordination_ring_potter0_20": 0.1, "bottleneck_sparse20": 0.0, "bottleneck_potter0_20": 0.65}
[pair_E] {"steps": 4644864, "elapsed_s": 3349.4, "coordination_ring_sparse20": 142.0, "coordination_ring_potter0_20": 0.1, "bottleneck_sparse20": 0.0, "bottleneck_potter0_20": 0.65}
[pair_E] {"steps": 4646912, "elapsed_s": 3350.7, "coordination_ring_sparse20": 142.0, "coordination_ring_potter0_20": 0.1, "bottleneck_sparse20": 0.0, "bottleneck_potter0_20": 0.65}
[pair_E] {"steps": 4648960, "elapsed_s": 3352.0, "coordination_ring_sparse20": 137.0, "coordination_ring_potter0_20": 0.1, "bottleneck_sparse20": 0.0, "bottleneck_potter0_20": 0.6}
[pair_E] {"steps": 4651008, "elapsed_s": 3353.5, "coordination_ring_sparse20": 134.0, "coordination_ring_potter0_20": 0.05, "bottleneck_sparse20": 0.0, "bottleneck_potter0_20": 0.6}
[pair_E] {"steps": 4653056, "elapsed_s": 3354.8, "coordination_ring_sparse20": 132.0, "coordination_ring_potter0_20": 0.05, "bottleneck_sparse20": 0.0, "bottleneck_potter0_20": 0.6}
[pair_E] {"steps": 4655104, "elapsed_s": 3356.3, "coordination_ring_sparse20": 130.0, "coordination_ring_potter0_20": 0.05, "bottleneck_sparse20": 0.0, "bottleneck_potter0_20": 0.6}
[pair_E] {"steps": 4657152, "elapsed_s": 3357.7, "coordination_ring_sparse20": 130.0, "coordination_ring_potter0_20": 0.05, "bottleneck_sparse20": 0.0, "bottleneck_potter0_20": 0.6}
[pair_E] {"steps": 4659200, "elapsed_s": 3359.2, "coordination_ring_sparse20": 128.0, "coordination_ring_potter0_20": 0.05, "bottleneck_sparse20": 0.0, "bottleneck_potter0_20": 0.6}
[pair_E] {"steps": 4661248, "elapsed_s": 3360.4, "coordination_ring_sparse20": 127.0, "coordination_ring_potter0_20": 0.1, "bottleneck_sparse20": 0.0, "bottleneck_potter0_20": 0.65}
[pair_E] {"steps": 4663296, "elapsed_s": 3361.8, "coordination_ring_sparse20": 126.0, "coordination_ring_potter0_20": 0.1, "bottleneck_sparse20": 0.0, "bottleneck_potter0_20": 0.65}
[pair_E] {"steps": 4665344, "elapsed_s": 3363.1, "coordination_ring_sparse20": 127.0, "coordination_ring_potter0_20": 0.15, "bottleneck_sparse20": 0.0, "bottleneck_potter0_20": 0.65}
[pair_E] {"steps": 4667392, "elapsed_s": 3364.5, "coordination_ring_sparse20": 127.0, "coordination_ring_potter0_20": 0.2, "bottleneck_sparse20": 0.0, "bottleneck_potter0_20": 0.65}
[pair_E] {"steps": 4669440, "elapsed_s": 3365.8, "coordination_ring_sparse20": 128.0, "coordination_ring_potter0_20": 0.2, "bottleneck_sparse20": 0.0, "bottleneck_potter0_20": 0.65}
[pair_E] {"steps": 4671488, "elapsed_s": 3367.3, "coordination_ring_sparse20": 129.0, "coordination_ring_potter0_20": 0.15, "bottleneck_sparse20": 0.0, "bottleneck_potter0_20": 0.65}
[pair_E] {"steps": 4673536, "elapsed_s": 3368.6, "coordination_ring_sparse20": 128.0, "coordination_ring_potter0_20": 0.15, "bottleneck_sparse20": 0.0, "bottleneck_potter0_20": 0.65}
[pair_E] {"steps": 4675584, "elapsed_s": 3370.0, "coordination_ring_sparse20": 125.0, "coordination_ring_potter0_20": 0.2, "bottleneck_sparse20": 0.0, "bottleneck_potter0_20": 0.6}
[pair_E] {"steps": 4677632, "elapsed_s": 3371.4, "coordination_ring_sparse20": 129.0, "coordination_ring_potter0_20": 0.1, "bottleneck_sparse20": 0.0, "bottleneck_potter0_20": 0.6}
[pair_E] {"steps": 4679680, "elapsed_s": 3372.6, "coordination_ring_sparse20": 131.0, "coordination_ring_potter0_20": 0.1, "bottleneck_sparse20": 0.0, "bottleneck_potter0_20": 0.6}
[pair_E] {"steps": 4681728, "elapsed_s": 3374.0, "coordination_ring_sparse20": 130.0, "coordination_ring_potter0_20": 0.05, "bottleneck_sparse20": 0.0, "bottleneck_potter0_20": 0.6}
[pair_E] {"steps": 4683776, "elapsed_s": 3375.3, "coordination_ring_sparse20": 129.0, "coordination_ring_potter0_20": 0.05, "bottleneck_sparse20": 0.0, "bottleneck_potter0_20": 0.55}
[pair_E] {"steps": 4685824, "elapsed_s": 3376.5, "coordination_ring_sparse20": 131.0, "coordination_ring_potter0_20": 0.05, "bottleneck_sparse20": 0.0, "bottleneck_potter0_20": 0.55}
[pair_E] {"steps": 4687872, "elapsed_s": 3378.0, "coordination_ring_sparse20": 130.0, "coordination_ring_potter0_20": 0.05, "bottleneck_sparse20": 0.0, "bottleneck_potter0_20": 0.55}
[pair_E] {"steps": 4689920, "elapsed_s": 3379.3, "coordination_ring_sparse20": 132.0, "coordination_ring_potter0_20": 0.0, "bottleneck_sparse20": 0.0, "bottleneck_potter0_20": 0.55}
[pair_E] {"steps": 4691968, "elapsed_s": 3380.7, "coordination_ring_sparse20": 132.0, "coordination_ring_potter0_20": 0.0, "bottleneck_sparse20": 0.0, "bottleneck_potter0_20": 0.5}
[pair_E] {"steps": 4694016, "elapsed_s": 3382.1, "coordination_ring_sparse20": 134.0, "coordination_ring_potter0_20": 0.0, "bottleneck_sparse20": 0.0, "bottleneck_potter0_20": 0.5}
[pair_E] {"steps": 4696064, "elapsed_s": 3383.3, "coordination_ring_sparse20": 135.0, "coordination_ring_potter0_20": 0.05, "bottleneck_sparse20": 0.0, "bottleneck_potter0_20": 0.5}
[pair_E] {"steps": 4698112, "elapsed_s": 3384.6, "coordination_ring_sparse20": 138.0, "coordination_ring_potter0_20": 0.05, "bottleneck_sparse20": 0.0, "bottleneck_potter0_20": 0.5}
[pair_E] {"steps": 4700160, "elapsed_s": 3386.0, "coordination_ring_sparse20": 140.0, "coordination_ring_potter0_20": 0.05, "bottleneck_sparse20": 0.0, "bottleneck_potter0_20": 0.5}
[pair_E] {"steps": 4702208, "elapsed_s": 3387.3, "coordination_ring_sparse20": 139.0, "coordination_ring_potter0_20": 0.05, "bottleneck_sparse20": 0.0, "bottleneck_potter0_20": 0.5}
[pair_E] {"steps": 4704256, "elapsed_s": 3388.6, "coordination_ring_sparse20": 137.0, "coordination_ring_potter0_20": 0.05, "bottleneck_sparse20": 0.0, "bottleneck_potter0_20": 0.5}
[pair_E] {"steps": 4706304, "elapsed_s": 3389.9, "coordination_ring_sparse20": 138.0, "coordination_ring_potter0_20": 0.05, "bottleneck_sparse20": 0.0, "bottleneck_potter0_20": 0.55}
[pair_E] {"steps": 4708352, "elapsed_s": 3391.2, "coordination_ring_sparse20": 138.0, "coordination_ring_potter0_20": 0.05, "bottleneck_sparse20": 0.0, "bottleneck_potter0_20": 0.5}
[pair_E] {"steps": 4710400, "elapsed_s": 3392.6, "coordination_ring_sparse20": 135.0, "coordination_ring_potter0_20": 0.05, "bottleneck_sparse20": 0.0, "bottleneck_potter0_20": 0.45}
[pair_E] {"steps": 4712448, "elapsed_s": 3393.9, "coordination_ring_sparse20": 134.0, "coordination_ring_potter0_20": 0.05, "bottleneck_sparse20": 0.0, "bottleneck_potter0_20": 0.45}
[pair_E] {"steps": 4714496, "elapsed_s": 3395.2, "coordination_ring_sparse20": 131.0, "coordination_ring_potter0_20": 0.05, "bottleneck_sparse20": 0.0, "bottleneck_potter0_20": 0.45}
[pair_E] {"steps": 4716544, "elapsed_s": 3396.5, "coordination_ring_sparse20": 120.0, "coordination_ring_potter0_20": 0.05, "bottleneck_sparse20": 0.0, "bottleneck_potter0_20": 0.45}
[pair_E] {"steps": 4718592, "elapsed_s": 3397.8, "coordination_ring_sparse20": 119.0, "coordination_ring_potter0_20": 0.05, "bottleneck_sparse20": 0.0, "bottleneck_potter0_20": 0.45}
[pair_E] {"steps": 4720640, "elapsed_s": 3399.1, "coordination_ring_sparse20": 119.0, "coordination_ring_potter0_20": 0.05, "bottleneck_sparse20": 0.0, "bottleneck_potter0_20": 0.4}
[pair_E] {"steps": 4722688, "elapsed_s": 3400.6, "coordination_ring_sparse20": 118.0, "coordination_ring_potter0_20": 0.05, "bottleneck_sparse20": 0.0, "bottleneck_potter0_20": 0.45}
[pair_E] {"steps": 4724736, "elapsed_s": 3401.9, "coordination_ring_sparse20": 116.0, "coordination_ring_potter0_20": 0.05, "bottleneck_sparse20": 0.0, "bottleneck_potter0_20": 0.45}
[pair_E] {"steps": 4726784, "elapsed_s": 3403.2, "coordination_ring_sparse20": 117.0, "coordination_ring_potter0_20": 0.15, "bottleneck_sparse20": 0.0, "bottleneck_potter0_20": 0.5}
[pair_E] {"steps": 4728832, "elapsed_s": 3404.6, "coordination_ring_sparse20": 117.0, "coordination_ring_potter0_20": 0.1, "bottleneck_sparse20": 0.0, "bottleneck_potter0_20": 0.5}
[pair_E] {"steps": 4730880, "elapsed_s": 3406.0, "coordination_ring_sparse20": 118.0, "coordination_ring_potter0_20": 0.1, "bottleneck_sparse20": 0.0, "bottleneck_potter0_20": 0.5}
[pair_E] {"steps": 4732928, "elapsed_s": 3407.3, "coordination_ring_sparse20": 118.0, "coordination_ring_potter0_20": 0.1, "bottleneck_sparse20": 0.0, "bottleneck_potter0_20": 0.5}
[pair_E] {"steps": 4734976, "elapsed_s": 3408.6, "coordination_ring_sparse20": 120.0, "coordination_ring_potter0_20": 0.1, "bottleneck_sparse20": 0.0, "bottleneck_potter0_20": 0.55}
[pair_E] {"steps": 4737024, "elapsed_s": 3409.9, "coordination_ring_sparse20": 119.0, "coordination_ring_potter0_20": 0.15, "bottleneck_sparse20": 0.0, "bottleneck_potter0_20": 0.55}
[pair_E] {"steps": 4739072, "elapsed_s": 3411.3, "coordination_ring_sparse20": 121.0, "coordination_ring_potter0_20": 0.15, "bottleneck_sparse20": 0.0, "bottleneck_potter0_20": 0.55}
[pair_E] {"steps": 4741120, "elapsed_s": 3412.8, "coordination_ring_sparse20": 120.0, "coordination_ring_potter0_20": 0.2, "bottleneck_sparse20": 0.0, "bottleneck_potter0_20": 0.5}
[pair_E] {"steps": 4743168, "elapsed_s": 3414.1, "coordination_ring_sparse20": 123.0, "coordination_ring_potter0_20": 0.15, "bottleneck_sparse20": 0.0, "bottleneck_potter0_20": 0.5}
[pair_E] {"steps": 4745216, "elapsed_s": 3415.4, "coordination_ring_sparse20": 126.0, "coordination_ring_potter0_20": 0.1, "bottleneck_sparse20": 0.0, "bottleneck_potter0_20": 0.5}
[pair_E] {"steps": 4747264, "elapsed_s": 3416.8, "coordination_ring_sparse20": 126.0, "coordination_ring_potter0_20": 0.1, "bottleneck_sparse20": 0.0, "bottleneck_potter0_20": 0.55}
[pair_E] {"steps": 4749312, "elapsed_s": 3418.1, "coordination_ring_sparse20": 129.0, "coordination_ring_potter0_20": 0.1, "bottleneck_sparse20": 0.0, "bottleneck_potter0_20": 0.55}
[pair_E] {"steps": 4751360, "elapsed_s": 3419.4, "coordination_ring_sparse20": 129.0, "coordination_ring_potter0_20": 0.1, "bottleneck_sparse20": 0.0, "bottleneck_potter0_20": 0.55}
[pair_E] {"steps": 4753408, "elapsed_s": 3420.7, "coordination_ring_sparse20": 135.0, "coordination_ring_potter0_20": 0.1, "bottleneck_sparse20": 0.0, "bottleneck_potter0_20": 0.55}
[pair_E] {"steps": 4755456, "elapsed_s": 3422.0, "coordination_ring_sparse20": 137.0, "coordination_ring_potter0_20": 0.05, "bottleneck_sparse20": 0.0, "bottleneck_potter0_20": 0.55}
[pair_E] {"steps": 4757504, "elapsed_s": 3423.3, "coordination_ring_sparse20": 137.0, "coordination_ring_potter0_20": 0.05, "bottleneck_sparse20": 0.0, "bottleneck_potter0_20": 0.55}
[pair_E] {"steps": 4759552, "elapsed_s": 3424.6, "coordination_ring_sparse20": 134.0, "coordination_ring_potter0_20": 0.05, "bottleneck_sparse20": 0.0, "bottleneck_potter0_20": 0.55}
[pair_E] {"steps": 4761600, "elapsed_s": 3425.9, "coordination_ring_sparse20": 130.0, "coordination_ring_potter0_20": 0.05, "bottleneck_sparse20": 0.0, "bottleneck_potter0_20": 0.55}
[pair_E] {"steps": 4763648, "elapsed_s": 3427.3, "coordination_ring_sparse20": 130.0, "coordination_ring_potter0_20": 0.05, "bottleneck_sparse20": 0.0, "bottleneck_potter0_20": 0.55}
[pair_E] {"steps": 4765696, "elapsed_s": 3428.7, "coordination_ring_sparse20": 128.0, "coordination_ring_potter0_20": 0.05, "bottleneck_sparse20": 0.0, "bottleneck_potter0_20": 0.55}
[pair_E] {"steps": 4767744, "elapsed_s": 3430.0, "coordination_ring_sparse20": 127.0, "coordination_ring_potter0_20": 0.05, "bottleneck_sparse20": 0.0, "bottleneck_potter0_20": 0.6}
[pair_E] {"steps": 4769792, "elapsed_s": 3431.3, "coordination_ring_sparse20": 127.0, "coordination_ring_potter0_20": 0.05, "bottleneck_sparse20": 0.0, "bottleneck_potter0_20": 0.6}
[pair_E] {"steps": 4771840, "elapsed_s": 3432.6, "coordination_ring_sparse20": 127.0, "coordination_ring_potter0_20": 0.05, "bottleneck_sparse20": 0.0, "bottleneck_potter0_20": 0.65}
[pair_E] {"steps": 4773888, "elapsed_s": 3434.0, "coordination_ring_sparse20": 127.0, "coordination_ring_potter0_20": 0.05, "bottleneck_sparse20": 0.0, "bottleneck_potter0_20": 0.65}
[pair_E] {"steps": 4775936, "elapsed_s": 3435.3, "coordination_ring_sparse20": 128.0, "coordination_ring_potter0_20": 0.0, "bottleneck_sparse20": 0.0, "bottleneck_potter0_20": 0.6}
[pair_E] {"steps": 4777984, "elapsed_s": 3436.7, "coordination_ring_sparse20": 131.0, "coordination_ring_potter0_20": 0.0, "bottleneck_sparse20": 0.0, "bottleneck_potter0_20": 0.6}
[pair_E] {"steps": 4780032, "elapsed_s": 3438.0, "coordination_ring_sparse20": 131.0, "coordination_ring_potter0_20": 0.05, "bottleneck_sparse20": 0.0, "bottleneck_potter0_20": 0.55}
[pair_E] {"steps": 4782080, "elapsed_s": 3439.3, "coordination_ring_sparse20": 128.0, "coordination_ring_potter0_20": 0.1, "bottleneck_sparse20": 0.0, "bottleneck_potter0_20": 0.55}
[pair_E] {"steps": 4784128, "elapsed_s": 3440.6, "coordination_ring_sparse20": 121.0, "coordination_ring_potter0_20": 0.15, "bottleneck_sparse20": 0.0, "bottleneck_potter0_20": 0.55}
[pair_E] {"steps": 4786176, "elapsed_s": 3442.0, "coordination_ring_sparse20": 121.0, "coordination_ring_potter0_20": 0.15, "bottleneck_sparse20": 0.0, "bottleneck_potter0_20": 0.6}
[pair_E] {"steps": 4788224, "elapsed_s": 3443.3, "coordination_ring_sparse20": 121.0, "coordination_ring_potter0_20": 0.2, "bottleneck_sparse20": 0.0, "bottleneck_potter0_20": 0.6}
[pair_E] {"steps": 4790272, "elapsed_s": 3444.5, "coordination_ring_sparse20": 120.0, "coordination_ring_potter0_20": 0.2, "bottleneck_sparse20": 0.0, "bottleneck_potter0_20": 0.6}
[pair_E] {"steps": 4792320, "elapsed_s": 3445.9, "coordination_ring_sparse20": 120.0, "coordination_ring_potter0_20": 0.2, "bottleneck_sparse20": 0.0, "bottleneck_potter0_20": 0.6}
[pair_E] {"steps": 4794368, "elapsed_s": 3447.3, "coordination_ring_sparse20": 120.0, "coordination_ring_potter0_20": 0.25, "bottleneck_sparse20": 0.0, "bottleneck_potter0_20": 0.6}
[pair_E] {"steps": 4796416, "elapsed_s": 3448.6, "coordination_ring_sparse20": 124.0, "coordination_ring_potter0_20": 0.2, "bottleneck_sparse20": 0.0, "bottleneck_potter0_20": 0.6}
[pair_E] {"steps": 4798464, "elapsed_s": 3449.8, "coordination_ring_sparse20": 127.0, "coordination_ring_potter0_20": 0.15, "bottleneck_sparse20": 0.0, "bottleneck_potter0_20": 0.6}
[pair_E] {"steps": 4800512, "elapsed_s": 3451.2, "coordination_ring_sparse20": 129.0, "coordination_ring_potter0_20": 0.1, "bottleneck_sparse20": 0.0, "bottleneck_potter0_20": 0.6}
[pair_E] {"steps": 4802560, "elapsed_s": 3452.5, "coordination_ring_sparse20": 129.0, "coordination_ring_potter0_20": 0.1, "bottleneck_sparse20": 0.0, "bottleneck_potter0_20": 0.55}
[pair_E] {"steps": 4804608, "elapsed_s": 3453.9, "coordination_ring_sparse20": 124.0, "coordination_ring_potter0_20": 0.15, "bottleneck_sparse20": 0.0, "bottleneck_potter0_20": 0.55}
[pair_E] {"steps": 4806656, "elapsed_s": 3455.2, "coordination_ring_sparse20": 120.0, "coordination_ring_potter0_20": 0.15, "bottleneck_sparse20": 0.0, "bottleneck_potter0_20": 0.55}
[pair_E] {"steps": 4808704, "elapsed_s": 3456.5, "coordination_ring_sparse20": 117.0, "coordination_ring_potter0_20": 0.2, "bottleneck_sparse20": 0.0, "bottleneck_potter0_20": 0.55}
[pair_E] {"steps": 4810752, "elapsed_s": 3457.8, "coordination_ring_sparse20": 111.0, "coordination_ring_potter0_20": 0.15, "bottleneck_sparse20": 0.0, "bottleneck_potter0_20": 0.55}
[pair_E] {"steps": 4812800, "elapsed_s": 3459.1, "coordination_ring_sparse20": 104.0, "coordination_ring_potter0_20": 0.15, "bottleneck_sparse20": 0.0, "bottleneck_potter0_20": 0.5}
[pair_E] {"steps": 4814848, "elapsed_s": 3460.5, "coordination_ring_sparse20": 89.0, "coordination_ring_potter0_20": 0.15, "bottleneck_sparse20": 0.0, "bottleneck_potter0_20": 0.5}
[pair_E] {"steps": 4816896, "elapsed_s": 3461.8, "coordination_ring_sparse20": 92.0, "coordination_ring_potter0_20": 0.15, "bottleneck_sparse20": 0.0, "bottleneck_potter0_20": 0.5}
[pair_E] {"steps": 4818944, "elapsed_s": 3463.3, "coordination_ring_sparse20": 93.0, "coordination_ring_potter0_20": 0.05, "bottleneck_sparse20": 0.0, "bottleneck_potter0_20": 0.5}
[pair_E] {"steps": 4820992, "elapsed_s": 3464.6, "coordination_ring_sparse20": 100.0, "coordination_ring_potter0_20": 0.05, "bottleneck_sparse20": 0.0, "bottleneck_potter0_20": 0.5}
[pair_E] {"steps": 4823040, "elapsed_s": 3465.9, "coordination_ring_sparse20": 104.0, "coordination_ring_potter0_20": 0.05, "bottleneck_sparse20": 0.0, "bottleneck_potter0_20": 0.5}
[pair_E] {"steps": 4825088, "elapsed_s": 3467.3, "coordination_ring_sparse20": 101.0, "coordination_ring_potter0_20": 0.05, "bottleneck_sparse20": 0.0, "bottleneck_potter0_20": 0.5}
[pair_E] {"steps": 4827136, "elapsed_s": 3468.6, "coordination_ring_sparse20": 104.0, "coordination_ring_potter0_20": 0.05, "bottleneck_sparse20": 0.0, "bottleneck_potter0_20": 0.5}
[pair_E] {"steps": 4829184, "elapsed_s": 3469.9, "coordination_ring_sparse20": 114.0, "coordination_ring_potter0_20": 0.05, "bottleneck_sparse20": 0.0, "bottleneck_potter0_20": 0.55}
[pair_E] {"steps": 4831232, "elapsed_s": 3471.2, "coordination_ring_sparse20": 115.0, "coordination_ring_potter0_20": 0.05, "bottleneck_sparse20": 0.0, "bottleneck_potter0_20": 0.5}
[pair_E] {"steps": 4833280, "elapsed_s": 3472.6, "coordination_ring_sparse20": 114.0, "coordination_ring_potter0_20": 0.05, "bottleneck_sparse20": 0.0, "bottleneck_potter0_20": 0.5}
[pair_E] {"steps": 4835328, "elapsed_s": 3473.8, "coordination_ring_sparse20": 117.0, "coordination_ring_potter0_20": 0.05, "bottleneck_sparse20": 0.0, "bottleneck_potter0_20": 0.5}
[pair_E] {"steps": 4837376, "elapsed_s": 3475.2, "coordination_ring_sparse20": 116.0, "coordination_ring_potter0_20": 0.0, "bottleneck_sparse20": 0.0, "bottleneck_potter0_20": 0.5}
[pair_E] {"steps": 4839424, "elapsed_s": 3476.5, "coordination_ring_sparse20": 124.0, "coordination_ring_potter0_20": 0.0, "bottleneck_sparse20": 0.0, "bottleneck_potter0_20": 0.5}
[pair_E] {"steps": 4841472, "elapsed_s": 3477.8, "coordination_ring_sparse20": 123.0, "coordination_ring_potter0_20": 0.0, "bottleneck_sparse20": 0.0, "bottleneck_potter0_20": 0.45}
[pair_E] {"steps": 4843520, "elapsed_s": 3479.1, "coordination_ring_sparse20": 125.0, "coordination_ring_potter0_20": 0.0, "bottleneck_sparse20": 0.0, "bottleneck_potter0_20": 0.45}
[pair_E] {"steps": 4845568, "elapsed_s": 3480.4, "coordination_ring_sparse20": 123.0, "coordination_ring_potter0_20": 0.0, "bottleneck_sparse20": 0.0, "bottleneck_potter0_20": 0.45}
[pair_E] {"steps": 4847616, "elapsed_s": 3481.9, "coordination_ring_sparse20": 113.0, "coordination_ring_potter0_20": 0.0, "bottleneck_sparse20": 0.0, "bottleneck_potter0_20": 0.45}
[pair_E] {"steps": 4849664, "elapsed_s": 3483.2, "coordination_ring_sparse20": 117.0, "coordination_ring_potter0_20": 0.0, "bottleneck_sparse20": 0.0, "bottleneck_potter0_20": 0.45}
[pair_E] {"steps": 4851712, "elapsed_s": 3484.5, "coordination_ring_sparse20": 114.0, "coordination_ring_potter0_20": 0.0, "bottleneck_sparse20": 0.0, "bottleneck_potter0_20": 0.5}
[pair_E] {"steps": 4853760, "elapsed_s": 3485.9, "coordination_ring_sparse20": 108.0, "coordination_ring_potter0_20": 0.0, "bottleneck_sparse20": 0.0, "bottleneck_potter0_20": 0.5}
[pair_E] {"steps": 4855808, "elapsed_s": 3487.2, "coordination_ring_sparse20": 106.0, "coordination_ring_potter0_20": 0.0, "bottleneck_sparse20": 0.0, "bottleneck_potter0_20": 0.5}
[pair_E] {"steps": 4857856, "elapsed_s": 3488.5, "coordination_ring_sparse20": 108.0, "coordination_ring_potter0_20": 0.0, "bottleneck_sparse20": 0.0, "bottleneck_potter0_20": 0.45}
[pair_E] {"steps": 4859904, "elapsed_s": 3489.8, "coordination_ring_sparse20": 113.0, "coordination_ring_potter0_20": 0.05, "bottleneck_sparse20": 0.0, "bottleneck_potter0_20": 0.5}
[pair_E] {"steps": 4861952, "elapsed_s": 3491.1, "coordination_ring_sparse20": 117.0, "coordination_ring_potter0_20": 0.05, "bottleneck_sparse20": 0.0, "bottleneck_potter0_20": 0.55}
[pair_E] {"steps": 4864000, "elapsed_s": 3492.5, "coordination_ring_sparse20": 120.0, "coordination_ring_potter0_20": 0.1, "bottleneck_sparse20": 0.0, "bottleneck_potter0_20": 0.55}
[pair_E] {"steps": 4866048, "elapsed_s": 3493.9, "coordination_ring_sparse20": 119.0, "coordination_ring_potter0_20": 0.1, "bottleneck_sparse20": 0.0, "bottleneck_potter0_20": 0.55}
[pair_E] {"steps": 4868096, "elapsed_s": 3495.4, "coordination_ring_sparse20": 119.0, "coordination_ring_potter0_20": 0.1, "bottleneck_sparse20": 0.0, "bottleneck_potter0_20": 0.5}
[pair_E] {"steps": 4870144, "elapsed_s": 3496.8, "coordination_ring_sparse20": 122.0, "coordination_ring_potter0_20": 0.15, "bottleneck_sparse20": 0.0, "bottleneck_potter0_20": 0.5}
[pair_E] {"steps": 4872192, "elapsed_s": 3498.1, "coordination_ring_sparse20": 126.0, "coordination_ring_potter0_20": 0.15, "bottleneck_sparse20": 0.0, "bottleneck_potter0_20": 0.5}
[pair_E] {"steps": 4874240, "elapsed_s": 3499.4, "coordination_ring_sparse20": 126.0, "coordination_ring_potter0_20": 0.15, "bottleneck_sparse20": 0.0, "bottleneck_potter0_20": 0.45}
[pair_E] {"steps": 4876288, "elapsed_s": 3500.8, "coordination_ring_sparse20": 126.0, "coordination_ring_potter0_20": 0.2, "bottleneck_sparse20": 0.0, "bottleneck_potter0_20": 0.45}
[pair_E] {"steps": 4878336, "elapsed_s": 3502.2, "coordination_ring_sparse20": 127.0, "coordination_ring_potter0_20": 0.15, "bottleneck_sparse20": 0.0, "bottleneck_potter0_20": 0.45}
[pair_E] {"steps": 4880384, "elapsed_s": 3503.4, "coordination_ring_sparse20": 123.0, "coordination_ring_potter0_20": 0.25, "bottleneck_sparse20": 0.0, "bottleneck_potter0_20": 0.45}
[pair_E] {"steps": 4882432, "elapsed_s": 3504.7, "coordination_ring_sparse20": 122.0, "coordination_ring_potter0_20": 0.25, "bottleneck_sparse20": 0.0, "bottleneck_potter0_20": 0.45}
[pair_E] {"steps": 4884480, "elapsed_s": 3506.0, "coordination_ring_sparse20": 123.0, "coordination_ring_potter0_20": 0.25, "bottleneck_sparse20": 0.0, "bottleneck_potter0_20": 0.45}
[pair_E] {"steps": 4886528, "elapsed_s": 3507.5, "coordination_ring_sparse20": 123.0, "coordination_ring_potter0_20": 0.2, "bottleneck_sparse20": 0.0, "bottleneck_potter0_20": 0.45}
[pair_E] {"steps": 4888576, "elapsed_s": 3508.8, "coordination_ring_sparse20": 124.0, "coordination_ring_potter0_20": 0.2, "bottleneck_sparse20": 0.0, "bottleneck_potter0_20": 0.45}
[pair_E] {"steps": 4890624, "elapsed_s": 3510.2, "coordination_ring_sparse20": 124.0, "coordination_ring_potter0_20": 0.2, "bottleneck_sparse20": 0.0, "bottleneck_potter0_20": 0.45}
[pair_E] {"steps": 4892672, "elapsed_s": 3511.6, "coordination_ring_sparse20": 123.0, "coordination_ring_potter0_20": 0.15, "bottleneck_sparse20": 0.0, "bottleneck_potter0_20": 0.45}
[pair_E] {"steps": 4894720, "elapsed_s": 3513.0, "coordination_ring_sparse20": 125.0, "coordination_ring_potter0_20": 0.1, "bottleneck_sparse20": 0.0, "bottleneck_potter0_20": 0.45}
[pair_E] {"steps": 4896768, "elapsed_s": 3514.2, "coordination_ring_sparse20": 125.0, "coordination_ring_potter0_20": 0.1, "bottleneck_sparse20": 0.0, "bottleneck_potter0_20": 0.45}
[pair_E] {"steps": 4898816, "elapsed_s": 3515.5, "coordination_ring_sparse20": 130.0, "coordination_ring_potter0_20": 0.1, "bottleneck_sparse20": 0.0, "bottleneck_potter0_20": 0.45}
[pair_E] {"steps": 4900864, "elapsed_s": 3517.0, "coordination_ring_sparse20": 134.0, "coordination_ring_potter0_20": 0.1, "bottleneck_sparse20": 0.0, "bottleneck_potter0_20": 0.45}
[pair_E] {"steps": 4902912, "elapsed_s": 3518.3, "coordination_ring_sparse20": 131.0, "coordination_ring_potter0_20": 0.1, "bottleneck_sparse20": 0.0, "bottleneck_potter0_20": 0.5}
[pair_E] {"steps": 4904960, "elapsed_s": 3519.6, "coordination_ring_sparse20": 128.0, "coordination_ring_potter0_20": 0.1, "bottleneck_sparse20": 0.0, "bottleneck_potter0_20": 0.45}
[pair_E] {"steps": 4907008, "elapsed_s": 3521.0, "coordination_ring_sparse20": 127.0, "coordination_ring_potter0_20": 0.1, "bottleneck_sparse20": 0.0, "bottleneck_potter0_20": 0.45}
[pair_E] {"steps": 4909056, "elapsed_s": 3522.3, "coordination_ring_sparse20": 133.0, "coordination_ring_potter0_20": 0.1, "bottleneck_sparse20": 0.0, "bottleneck_potter0_20": 0.45}
[pair_E] {"steps": 4911104, "elapsed_s": 3523.6, "coordination_ring_sparse20": 131.0, "coordination_ring_potter0_20": 0.1, "bottleneck_sparse20": 0.0, "bottleneck_potter0_20": 0.45}
[pair_E] {"steps": 4913152, "elapsed_s": 3525.0, "coordination_ring_sparse20": 130.0, "coordination_ring_potter0_20": 0.05, "bottleneck_sparse20": 0.0, "bottleneck_potter0_20": 0.5}
[pair_E] {"steps": 4915200, "elapsed_s": 3526.2, "coordination_ring_sparse20": 129.0, "coordination_ring_potter0_20": 0.1, "bottleneck_sparse20": 0.0, "bottleneck_potter0_20": 0.5}
[pair_E] {"steps": 4917248, "elapsed_s": 3527.5, "coordination_ring_sparse20": 130.0, "coordination_ring_potter0_20": 0.05, "bottleneck_sparse20": 0.0, "bottleneck_potter0_20": 0.5}
[pair_E] {"steps": 4919296, "elapsed_s": 3528.8, "coordination_ring_sparse20": 129.0, "coordination_ring_potter0_20": 0.05, "bottleneck_sparse20": 0.0, "bottleneck_potter0_20": 0.45}
[pair_E] {"steps": 4921344, "elapsed_s": 3530.1, "coordination_ring_sparse20": 131.0, "coordination_ring_potter0_20": 0.1, "bottleneck_sparse20": 0.0, "bottleneck_potter0_20": 0.35}
[pair_E] {"steps": 4923392, "elapsed_s": 3531.4, "coordination_ring_sparse20": 129.0, "coordination_ring_potter0_20": 0.1, "bottleneck_sparse20": 0.0, "bottleneck_potter0_20": 0.35}
[pair_E] {"steps": 4925440, "elapsed_s": 3532.7, "coordination_ring_sparse20": 125.0, "coordination_ring_potter0_20": 0.1, "bottleneck_sparse20": 0.0, "bottleneck_potter0_20": 0.35}
[pair_E] {"steps": 4927488, "elapsed_s": 3534.0, "coordination_ring_sparse20": 125.0, "coordination_ring_potter0_20": 0.1, "bottleneck_sparse20": 0.0, "bottleneck_potter0_20": 0.4}
[pair_E] {"steps": 4929536, "elapsed_s": 3535.3, "coordination_ring_sparse20": 122.0, "coordination_ring_potter0_20": 0.1, "bottleneck_sparse20": 0.0, "bottleneck_potter0_20": 0.4}
[pair_E] {"steps": 4931584, "elapsed_s": 3536.6, "coordination_ring_sparse20": 123.0, "coordination_ring_potter0_20": 0.1, "bottleneck_sparse20": 0.0, "bottleneck_potter0_20": 0.4}
[pair_E] {"steps": 4933632, "elapsed_s": 3538.0, "coordination_ring_sparse20": 122.0, "coordination_ring_potter0_20": 0.1, "bottleneck_sparse20": 0.0, "bottleneck_potter0_20": 0.4}
[pair_E] {"steps": 4935680, "elapsed_s": 3539.3, "coordination_ring_sparse20": 120.0, "coordination_ring_potter0_20": 0.1, "bottleneck_sparse20": 0.0, "bottleneck_potter0_20": 0.4}
[pair_E] {"steps": 4937728, "elapsed_s": 3540.5, "coordination_ring_sparse20": 114.0, "coordination_ring_potter0_20": 0.1, "bottleneck_sparse20": 0.0, "bottleneck_potter0_20": 0.45}
[pair_E] {"steps": 4939776, "elapsed_s": 3541.8, "coordination_ring_sparse20": 114.0, "coordination_ring_potter0_20": 0.1, "bottleneck_sparse20": 0.0, "bottleneck_potter0_20": 0.5}
[pair_E] {"steps": 4941824, "elapsed_s": 3543.2, "coordination_ring_sparse20": 116.0, "coordination_ring_potter0_20": 0.1, "bottleneck_sparse20": 0.0, "bottleneck_potter0_20": 0.5}
[pair_E] {"steps": 4943872, "elapsed_s": 3544.5, "coordination_ring_sparse20": 116.0, "coordination_ring_potter0_20": 0.1, "bottleneck_sparse20": 0.0, "bottleneck_potter0_20": 0.55}
[pair_E] {"steps": 4945920, "elapsed_s": 3545.9, "coordination_ring_sparse20": 118.0, "coordination_ring_potter0_20": 0.1, "bottleneck_sparse20": 0.0, "bottleneck_potter0_20": 0.5}
[pair_E] {"steps": 4947968, "elapsed_s": 3547.2, "coordination_ring_sparse20": 119.0, "coordination_ring_potter0_20": 0.1, "bottleneck_sparse20": 0.0, "bottleneck_potter0_20": 0.55}
[pair_E] {"steps": 4950016, "elapsed_s": 3548.5, "coordination_ring_sparse20": 119.0, "coordination_ring_potter0_20": 0.1, "bottleneck_sparse20": 0.0, "bottleneck_potter0_20": 0.55}
[pair_E] {"steps": 4952064, "elapsed_s": 3549.9, "coordination_ring_sparse20": 113.0, "coordination_ring_potter0_20": 0.15, "bottleneck_sparse20": 0.0, "bottleneck_potter0_20": 0.5}
[pair_E] {"steps": 4954112, "elapsed_s": 3551.5, "coordination_ring_sparse20": 113.0, "coordination_ring_potter0_20": 0.15, "bottleneck_sparse20": 0.0, "bottleneck_potter0_20": 0.55}
[pair_E] {"steps": 4956160, "elapsed_s": 3553.0, "coordination_ring_sparse20": 114.0, "coordination_ring_potter0_20": 0.1, "bottleneck_sparse20": 0.0, "bottleneck_potter0_20": 0.6}
[pair_E] {"steps": 4958208, "elapsed_s": 3554.3, "coordination_ring_sparse20": 116.0, "coordination_ring_potter0_20": 0.15, "bottleneck_sparse20": 0.0, "bottleneck_potter0_20": 0.6}
[pair_E] {"steps": 4960256, "elapsed_s": 3555.6, "coordination_ring_sparse20": 116.0, "coordination_ring_potter0_20": 0.15, "bottleneck_sparse20": 0.0, "bottleneck_potter0_20": 0.6}
[pair_E] {"steps": 4962304, "elapsed_s": 3557.0, "coordination_ring_sparse20": 123.0, "coordination_ring_potter0_20": 0.2, "bottleneck_sparse20": 0.0, "bottleneck_potter0_20": 0.6}
[pair_E] {"steps": 4964352, "elapsed_s": 3558.3, "coordination_ring_sparse20": 121.0, "coordination_ring_potter0_20": 0.2, "bottleneck_sparse20": 0.0, "bottleneck_potter0_20": 0.6}
[pair_E] {"steps": 4966400, "elapsed_s": 3559.6, "coordination_ring_sparse20": 120.0, "coordination_ring_potter0_20": 0.25, "bottleneck_sparse20": 0.0, "bottleneck_potter0_20": 0.55}
[pair_E] {"steps": 4968448, "elapsed_s": 3561.0, "coordination_ring_sparse20": 128.0, "coordination_ring_potter0_20": 0.15, "bottleneck_sparse20": 0.0, "bottleneck_potter0_20": 0.55}
[pair_E] {"steps": 4970496, "elapsed_s": 3562.3, "coordination_ring_sparse20": 128.0, "coordination_ring_potter0_20": 0.15, "bottleneck_sparse20": 0.0, "bottleneck_potter0_20": 0.65}
[pair_E] {"steps": 4972544, "elapsed_s": 3563.6, "coordination_ring_sparse20": 129.0, "coordination_ring_potter0_20": 0.15, "bottleneck_sparse20": 0.0, "bottleneck_potter0_20": 0.7}
[pair_E] {"steps": 4974592, "elapsed_s": 3564.9, "coordination_ring_sparse20": 129.0, "coordination_ring_potter0_20": 0.15, "bottleneck_sparse20": 0.0, "bottleneck_potter0_20": 0.7}
[pair_E] {"steps": 4976640, "elapsed_s": 3566.3, "coordination_ring_sparse20": 131.0, "coordination_ring_potter0_20": 0.15, "bottleneck_sparse20": 0.0, "bottleneck_potter0_20": 0.7}
[pair_E] {"steps": 4978688, "elapsed_s": 3567.6, "coordination_ring_sparse20": 130.0, "coordination_ring_potter0_20": 0.15, "bottleneck_sparse20": 0.0, "bottleneck_potter0_20": 0.7}
[pair_E] {"steps": 4980736, "elapsed_s": 3568.9, "coordination_ring_sparse20": 129.0, "coordination_ring_potter0_20": 0.2, "bottleneck_sparse20": 0.0, "bottleneck_potter0_20": 0.65}
[pair_E] {"steps": 4982784, "elapsed_s": 3570.2, "coordination_ring_sparse20": 126.0, "coordination_ring_potter0_20": 0.15, "bottleneck_sparse20": 0.0, "bottleneck_potter0_20": 0.65}
[pair_E] {"steps": 4984832, "elapsed_s": 3571.6, "coordination_ring_sparse20": 122.0, "coordination_ring_potter0_20": 0.15, "bottleneck_sparse20": 0.0, "bottleneck_potter0_20": 0.65}
[pair_E] {"steps": 4986880, "elapsed_s": 3572.9, "coordination_ring_sparse20": 122.0, "coordination_ring_potter0_20": 0.15, "bottleneck_sparse20": 0.0, "bottleneck_potter0_20": 0.65}
[pair_E] {"steps": 4988928, "elapsed_s": 3574.3, "coordination_ring_sparse20": 120.0, "coordination_ring_potter0_20": 0.15, "bottleneck_sparse20": 0.0, "bottleneck_potter0_20": 0.65}
[pair_E] {"steps": 4990976, "elapsed_s": 3575.5, "coordination_ring_sparse20": 124.0, "coordination_ring_potter0_20": 0.15, "bottleneck_sparse20": 0.0, "bottleneck_potter0_20": 0.65}
[pair_E] {"steps": 4993024, "elapsed_s": 3576.9, "coordination_ring_sparse20": 127.0, "coordination_ring_potter0_20": 0.15, "bottleneck_sparse20": 0.0, "bottleneck_potter0_20": 0.65}
[pair_E] {"steps": 4995072, "elapsed_s": 3578.3, "coordination_ring_sparse20": 132.0, "coordination_ring_potter0_20": 0.15, "bottleneck_sparse20": 0.0, "bottleneck_potter0_20": 0.7}
[pair_E] {"steps": 4997120, "elapsed_s": 3579.6, "coordination_ring_sparse20": 135.0, "coordination_ring_potter0_20": 0.2, "bottleneck_sparse20": 0.0, "bottleneck_potter0_20": 0.75}
[pair_E] {"steps": 4999168, "elapsed_s": 3580.9, "coordination_ring_sparse20": 133.0, "coordination_ring_potter0_20": 0.25, "bottleneck_sparse20": 0.0, "bottleneck_potter0_20": 0.75}
[pair_E] {"steps": 5001216, "elapsed_s": 3582.3, "coordination_ring_sparse20": 133.0, "coordination_ring_potter0_20": 0.25, "bottleneck_sparse20": 0.0, "bottleneck_potter0_20": 0.75}
checkpointed /home/Yixiang/MPARL/GOGOGO/outputs/overcooked_mixed_pilot.json
