Gym has been unmaintained since 2022 and does not support NumPy 2.0 amongst other critical functionality.
Please upgrade to Gymnasium, the maintained drop-in replacement of Gym, or contact the authors of your software and request that they upgrade.
Users of this version of Gym should be able to simply replace 'import gym' with 'import gymnasium as gym' in the vast majority of cases.
See the migration guide at https://gymnasium.farama.org/introduction/migration_guide/ for additional information.
[pair_G] {"steps": 2048, "elapsed_s": 1.8, "coordination_ring_sparse20": 0.0, "coordination_ring_potter0_20": 0.5, "centre_pots_sparse20": 0.0, "centre_pots_potter0_20": 0.3333333333333333}
[pair_G] {"steps": 4096, "elapsed_s": 4.0, "coordination_ring_sparse20": 0.0, "coordination_ring_potter0_20": 0.6, "centre_pots_sparse20": 0.0, "centre_pots_potter0_20": 0.2}
[pair_G] {"steps": 6144, "elapsed_s": 5.8, "coordination_ring_sparse20": 0.0, "coordination_ring_potter0_20": 0.6666666666666666, "centre_pots_sparse20": 0.0, "centre_pots_potter0_20": 0.2857142857142857}
[pair_G] {"steps": 8192, "elapsed_s": 7.6, "coordination_ring_sparse20": 0.0, "coordination_ring_potter0_20": 0.625, "centre_pots_sparse20": 0.0, "centre_pots_potter0_20": 0.2}
[pair_G] {"steps": 10240, "elapsed_s": 9.3, "coordination_ring_sparse20": 0.0, "coordination_ring_potter0_20": 0.5454545454545454, "centre_pots_sparse20": 0.0, "centre_pots_potter0_20": 0.3333333333333333}
[pair_G] {"steps": 12288, "elapsed_s": 11.3, "coordination_ring_sparse20": 0.0, "coordination_ring_potter0_20": 0.5714285714285714, "centre_pots_sparse20": 0.0, "centre_pots_potter0_20": 0.35714285714285715}
[pair_G] {"steps": 14336, "elapsed_s": 12.9, "coordination_ring_sparse20": 0.0, "coordination_ring_potter0_20": 0.5294117647058824, "centre_pots_sparse20": 0.0, "centre_pots_potter0_20": 0.4375}
[pair_G] {"steps": 16384, "elapsed_s": 14.7, "coordination_ring_sparse20": 0.0, "coordination_ring_potter0_20": 0.55, "centre_pots_sparse20": 0.0, "centre_pots_potter0_20": 0.5}
[pair_G] {"steps": 18432, "elapsed_s": 16.9, "coordination_ring_sparse20": 0.0, "coordination_ring_potter0_20": 0.5, "centre_pots_sparse20": 0.0, "centre_pots_potter0_20": 0.55}
[pair_G] {"steps": 20480, "elapsed_s": 19.0, "coordination_ring_sparse20": 0.0, "coordination_ring_potter0_20": 0.5, "centre_pots_sparse20": 0.0, "centre_pots_potter0_20": 0.5}
[pair_G] {"steps": 22528, "elapsed_s": 20.5, "coordination_ring_sparse20": 0.0, "coordination_ring_potter0_20": 0.5, "centre_pots_sparse20": 0.0, "centre_pots_potter0_20": 0.55}
[pair_G] {"steps": 24576, "elapsed_s": 22.3, "coordination_ring_sparse20": 0.0, "coordination_ring_potter0_20": 0.55, "centre_pots_sparse20": 0.0, "centre_pots_potter0_20": 0.55}
[pair_G] {"steps": 26624, "elapsed_s": 24.1, "coordination_ring_sparse20": 0.0, "coordination_ring_potter0_20": 0.6, "centre_pots_sparse20": 0.0, "centre_pots_potter0_20": 0.6}
[pair_G] {"steps": 28672, "elapsed_s": 26.0, "coordination_ring_sparse20": 0.0, "coordination_ring_potter0_20": 0.6, "centre_pots_sparse20": 0.0, "centre_pots_potter0_20": 0.55}
[pair_G] {"steps": 30720, "elapsed_s": 28.0, "coordination_ring_sparse20": 0.0, "coordination_ring_potter0_20": 0.65, "centre_pots_sparse20": 0.0, "centre_pots_potter0_20": 0.45}
[pair_G] {"steps": 32768, "elapsed_s": 30.4, "coordination_ring_sparse20": 0.0, "coordination_ring_potter0_20": 0.65, "centre_pots_sparse20": 0.0, "centre_pots_potter0_20": 0.45}
[pair_G] {"steps": 34816, "elapsed_s": 32.5, "coordination_ring_sparse20": 0.0, "coordination_ring_potter0_20": 0.65, "centre_pots_sparse20": 0.0, "centre_pots_potter0_20": 0.5}
[pair_G] {"steps": 36864, "elapsed_s": 34.3, "coordination_ring_sparse20": 0.0, "coordination_ring_potter0_20": 0.65, "centre_pots_sparse20": 0.0, "centre_pots_potter0_20": 0.55}
[pair_G] {"steps": 38912, "elapsed_s": 36.4, "coordination_ring_sparse20": 0.0, "coordination_ring_potter0_20": 0.6, "centre_pots_sparse20": 0.0, "centre_pots_potter0_20": 0.65}
[pair_G] {"steps": 40960, "elapsed_s": 38.0, "coordination_ring_sparse20": 0.0, "coordination_ring_potter0_20": 0.45, "centre_pots_sparse20": 0.0, "centre_pots_potter0_20": 0.7}
[pair_G] {"steps": 43008, "elapsed_s": 40.0, "coordination_ring_sparse20": 0.0, "coordination_ring_potter0_20": 0.55, "centre_pots_sparse20": 0.0, "centre_pots_potter0_20": 0.7}
[pair_G] {"steps": 45056, "elapsed_s": 42.0, "coordination_ring_sparse20": 0.0, "coordination_ring_potter0_20": 0.5, "centre_pots_sparse20": 0.0, "centre_pots_potter0_20": 0.75}
[pair_G] {"steps": 47104, "elapsed_s": 44.0, "coordination_ring_sparse20": 0.0, "coordination_ring_potter0_20": 0.45, "centre_pots_sparse20": 0.0, "centre_pots_potter0_20": 0.7}
[pair_G] {"steps": 49152, "elapsed_s": 46.0, "coordination_ring_sparse20": 0.0, "coordination_ring_potter0_20": 0.5, "centre_pots_sparse20": 0.0, "centre_pots_potter0_20": 0.75}
[pair_G] {"steps": 51200, "elapsed_s": 47.6, "coordination_ring_sparse20": 0.0, "coordination_ring_potter0_20": 0.4, "centre_pots_sparse20": 0.0, "centre_pots_potter0_20": 0.75}
[pair_G] {"steps": 53248, "elapsed_s": 49.4, "coordination_ring_sparse20": 0.0, "coordination_ring_potter0_20": 0.35, "centre_pots_sparse20": 0.0, "centre_pots_potter0_20": 0.7}
[pair_G] {"steps": 55296, "elapsed_s": 51.3, "coordination_ring_sparse20": 0.0, "coordination_ring_potter0_20": 0.35, "centre_pots_sparse20": 0.0, "centre_pots_potter0_20": 0.65}
[pair_G] {"steps": 57344, "elapsed_s": 53.1, "coordination_ring_sparse20": 0.0, "coordination_ring_potter0_20": 0.4, "centre_pots_sparse20": 0.0, "centre_pots_potter0_20": 0.65}
[pair_G] {"steps": 59392, "elapsed_s": 54.6, "coordination_ring_sparse20": 0.0, "coordination_ring_potter0_20": 0.45, "centre_pots_sparse20": 0.0, "centre_pots_potter0_20": 0.65}
[pair_G] {"steps": 61440, "elapsed_s": 56.1, "coordination_ring_sparse20": 0.0, "coordination_ring_potter0_20": 0.35, "centre_pots_sparse20": 0.0, "centre_pots_potter0_20": 0.7}
[pair_G] {"steps": 63488, "elapsed_s": 57.8, "coordination_ring_sparse20": 0.0, "coordination_ring_potter0_20": 0.4, "centre_pots_sparse20": 0.0, "centre_pots_potter0_20": 0.7}
[pair_G] {"steps": 65536, "elapsed_s": 59.5, "coordination_ring_sparse20": 0.0, "coordination_ring_potter0_20": 0.35, "centre_pots_sparse20": 0.0, "centre_pots_potter0_20": 0.8}
[pair_G] {"steps": 67584, "elapsed_s": 61.2, "coordination_ring_sparse20": 0.0, "coordination_ring_potter0_20": 0.4, "centre_pots_sparse20": 0.0, "centre_pots_potter0_20": 0.85}
[pair_G] {"steps": 69632, "elapsed_s": 63.0, "coordination_ring_sparse20": 0.0, "coordination_ring_potter0_20": 0.4, "centre_pots_sparse20": 0.0, "centre_pots_potter0_20": 0.8}
[pair_G] {"steps": 71680, "elapsed_s": 64.8, "coordination_ring_sparse20": 0.0, "coordination_ring_potter0_20": 0.35, "centre_pots_sparse20": 0.0, "centre_pots_potter0_20": 0.85}
[pair_G] {"steps": 73728, "elapsed_s": 66.5, "coordination_ring_sparse20": 0.0, "coordination_ring_potter0_20": 0.45, "centre_pots_sparse20": 0.0, "centre_pots_potter0_20": 0.85}
[pair_G] {"steps": 75776, "elapsed_s": 68.2, "coordination_ring_sparse20": 0.0, "coordination_ring_potter0_20": 0.45, "centre_pots_sparse20": 0.0, "centre_pots_potter0_20": 0.8}
[pair_G] {"steps": 77824, "elapsed_s": 70.2, "coordination_ring_sparse20": 0.0, "coordination_ring_potter0_20": 0.45, "centre_pots_sparse20": 0.0, "centre_pots_potter0_20": 0.8}
[pair_G] {"steps": 79872, "elapsed_s": 71.9, "coordination_ring_sparse20": 0.0, "coordination_ring_potter0_20": 0.45, "centre_pots_sparse20": 0.0, "centre_pots_potter0_20": 0.8}
[pair_G] {"steps": 81920, "elapsed_s": 73.5, "coordination_ring_sparse20": 0.0, "coordination_ring_potter0_20": 0.5, "centre_pots_sparse20": 0.0, "centre_pots_potter0_20": 0.75}
[pair_G] {"steps": 83968, "elapsed_s": 75.4, "coordination_ring_sparse20": 0.0, "coordination_ring_potter0_20": 0.55, "centre_pots_sparse20": 0.0, "centre_pots_potter0_20": 0.7}
[pair_G] {"steps": 86016, "elapsed_s": 77.2, "coordination_ring_sparse20": 0.0, "coordination_ring_potter0_20": 0.5, "centre_pots_sparse20": 0.0, "centre_pots_potter0_20": 0.7}
[pair_G] {"steps": 88064, "elapsed_s": 78.9, "coordination_ring_sparse20": 0.0, "coordination_ring_potter0_20": 0.5, "centre_pots_sparse20": 0.0, "centre_pots_potter0_20": 0.65}
[pair_G] {"steps": 90112, "elapsed_s": 80.6, "coordination_ring_sparse20": 0.0, "coordination_ring_potter0_20": 0.4, "centre_pots_sparse20": 0.0, "centre_pots_potter0_20": 0.6}
[pair_G] {"steps": 92160, "elapsed_s": 82.5, "coordination_ring_sparse20": 0.0, "coordination_ring_potter0_20": 0.4, "centre_pots_sparse20": 0.0, "centre_pots_potter0_20": 0.6}
[pair_G] {"steps": 94208, "elapsed_s": 84.3, "coordination_ring_sparse20": 0.0, "coordination_ring_potter0_20": 0.35, "centre_pots_sparse20": 0.0, "centre_pots_potter0_20": 0.55}
[pair_G] {"steps": 96256, "elapsed_s": 86.1, "coordination_ring_sparse20": 0.0, "coordination_ring_potter0_20": 0.3, "centre_pots_sparse20": 0.0, "centre_pots_potter0_20": 0.55}
[pair_G] {"steps": 98304, "elapsed_s": 88.2, "coordination_ring_sparse20": 0.0, "coordination_ring_potter0_20": 0.3, "centre_pots_sparse20": 0.0, "centre_pots_potter0_20": 0.65}
[pair_G] {"steps": 100352, "elapsed_s": 90.0, "coordination_ring_sparse20": 0.0, "coordination_ring_potter0_20": 0.3, "centre_pots_sparse20": 0.0, "centre_pots_potter0_20": 0.65}
[pair_G] {"steps": 102400, "elapsed_s": 91.6, "coordination_ring_sparse20": 0.0, "coordination_ring_potter0_20": 0.35, "centre_pots_sparse20": 0.0, "centre_pots_potter0_20": 0.65}
[pair_G] {"steps": 104448, "elapsed_s": 93.6, "coordination_ring_sparse20": 0.0, "coordination_ring_potter0_20": 0.35, "centre_pots_sparse20": 0.0, "centre_pots_potter0_20": 0.75}
[pair_G] {"steps": 106496, "elapsed_s": 96.0, "coordination_ring_sparse20": 0.0, "coordination_ring_potter0_20": 0.45, "centre_pots_sparse20": 0.0, "centre_pots_potter0_20": 0.7}
[pair_G] {"steps": 108544, "elapsed_s": 99.0, "coordination_ring_sparse20": 0.0, "coordination_ring_potter0_20": 0.45, "centre_pots_sparse20": 0.0, "centre_pots_potter0_20": 0.8}
[pair_G] {"steps": 110592, "elapsed_s": 100.6, "coordination_ring_sparse20": 0.0, "coordination_ring_potter0_20": 0.6, "centre_pots_sparse20": 0.0, "centre_pots_potter0_20": 0.75}
[pair_G] {"steps": 112640, "elapsed_s": 102.8, "coordination_ring_sparse20": 0.0, "coordination_ring_potter0_20": 0.6, "centre_pots_sparse20": 0.0, "centre_pots_potter0_20": 0.75}
[pair_G] {"steps": 114688, "elapsed_s": 104.7, "coordination_ring_sparse20": 0.0, "coordination_ring_potter0_20": 0.6, "centre_pots_sparse20": 0.0, "centre_pots_potter0_20": 0.75}
[pair_G] {"steps": 116736, "elapsed_s": 106.5, "coordination_ring_sparse20": 0.0, "coordination_ring_potter0_20": 0.6, "centre_pots_sparse20": 0.0, "centre_pots_potter0_20": 0.7}
[pair_G] {"steps": 118784, "elapsed_s": 108.3, "coordination_ring_sparse20": 0.0, "coordination_ring_potter0_20": 0.65, "centre_pots_sparse20": 0.0, "centre_pots_potter0_20": 0.75}
[pair_G] {"steps": 120832, "elapsed_s": 110.9, "coordination_ring_sparse20": 0.0, "coordination_ring_potter0_20": 0.65, "centre_pots_sparse20": 0.0, "centre_pots_potter0_20": 0.7}
[pair_G] {"steps": 122880, "elapsed_s": 113.0, "coordination_ring_sparse20": 0.0, "coordination_ring_potter0_20": 0.55, "centre_pots_sparse20": 0.0, "centre_pots_potter0_20": 0.7}
[pair_G] {"steps": 124928, "elapsed_s": 115.5, "coordination_ring_sparse20": 0.0, "coordination_ring_potter0_20": 0.4, "centre_pots_sparse20": 0.0, "centre_pots_potter0_20": 0.7}
[pair_G] {"steps": 126976, "elapsed_s": 118.4, "coordination_ring_sparse20": 0.0, "coordination_ring_potter0_20": 0.4, "centre_pots_sparse20": 0.0, "centre_pots_potter0_20": 0.8}
[pair_G] {"steps": 129024, "elapsed_s": 120.6, "coordination_ring_sparse20": 0.0, "coordination_ring_potter0_20": 0.35, "centre_pots_sparse20": 0.0, "centre_pots_potter0_20": 0.75}
[pair_G] {"steps": 131072, "elapsed_s": 122.4, "coordination_ring_sparse20": 0.0, "coordination_ring_potter0_20": 0.4, "centre_pots_sparse20": 0.0, "centre_pots_potter0_20": 0.75}
[pair_G] {"steps": 133120, "elapsed_s": 124.4, "coordination_ring_sparse20": 0.0, "coordination_ring_potter0_20": 0.3, "centre_pots_sparse20": 0.0, "centre_pots_potter0_20": 0.75}
[pair_G] {"steps": 135168, "elapsed_s": 126.3, "coordination_ring_sparse20": 0.0, "coordination_ring_potter0_20": 0.2, "centre_pots_sparse20": 0.0, "centre_pots_potter0_20": 0.8}
[pair_G] {"steps": 137216, "elapsed_s": 128.3, "coordination_ring_sparse20": 0.0, "coordination_ring_potter0_20": 0.15, "centre_pots_sparse20": 0.0, "centre_pots_potter0_20": 0.75}
[pair_G] {"steps": 139264, "elapsed_s": 130.3, "coordination_ring_sparse20": 0.0, "coordination_ring_potter0_20": 0.15, "centre_pots_sparse20": 0.0, "centre_pots_potter0_20": 0.65}
[pair_G] {"steps": 141312, "elapsed_s": 132.4, "coordination_ring_sparse20": 0.0, "coordination_ring_potter0_20": 0.15, "centre_pots_sparse20": 0.0, "centre_pots_potter0_20": 0.6}
[pair_G] {"steps": 143360, "elapsed_s": 134.4, "coordination_ring_sparse20": 0.0, "coordination_ring_potter0_20": 0.15, "centre_pots_sparse20": 0.0, "centre_pots_potter0_20": 0.6}
[pair_G] {"steps": 145408, "elapsed_s": 136.8, "coordination_ring_sparse20": 0.0, "coordination_ring_potter0_20": 0.15, "centre_pots_sparse20": 0.0, "centre_pots_potter0_20": 0.6}
[pair_G] {"steps": 147456, "elapsed_s": 138.8, "coordination_ring_sparse20": 0.0, "coordination_ring_potter0_20": 0.15, "centre_pots_sparse20": 0.0, "centre_pots_potter0_20": 0.7}
[pair_G] {"steps": 149504, "elapsed_s": 140.9, "coordination_ring_sparse20": 0.0, "coordination_ring_potter0_20": 0.15, "centre_pots_sparse20": 0.0, "centre_pots_potter0_20": 0.65}
[pair_G] {"steps": 151552, "elapsed_s": 143.0, "coordination_ring_sparse20": 0.0, "coordination_ring_potter0_20": 0.15, "centre_pots_sparse20": 0.0, "centre_pots_potter0_20": 0.7}
[pair_G] {"steps": 153600, "elapsed_s": 144.6, "coordination_ring_sparse20": 0.0, "coordination_ring_potter0_20": 0.1, "centre_pots_sparse20": 0.0, "centre_pots_potter0_20": 0.7}
[pair_G] {"steps": 155648, "elapsed_s": 146.3, "coordination_ring_sparse20": 0.0, "coordination_ring_potter0_20": 0.15, "centre_pots_sparse20": 0.0, "centre_pots_potter0_20": 0.7}
[pair_G] {"steps": 157696, "elapsed_s": 148.0, "coordination_ring_sparse20": 0.0, "coordination_ring_potter0_20": 0.2, "centre_pots_sparse20": 0.0, "centre_pots_potter0_20": 0.7}
[pair_G] {"steps": 159744, "elapsed_s": 149.7, "coordination_ring_sparse20": 0.0, "coordination_ring_potter0_20": 0.2, "centre_pots_sparse20": 0.0, "centre_pots_potter0_20": 0.65}
[pair_G] {"steps": 161792, "elapsed_s": 151.6, "coordination_ring_sparse20": 0.0, "coordination_ring_potter0_20": 0.25, "centre_pots_sparse20": 0.0, "centre_pots_potter0_20": 0.6}
[pair_G] {"steps": 163840, "elapsed_s": 153.7, "coordination_ring_sparse20": 0.0, "coordination_ring_potter0_20": 0.3, "centre_pots_sparse20": 0.0, "centre_pots_potter0_20": 0.6}
[pair_G] {"steps": 165888, "elapsed_s": 155.6, "coordination_ring_sparse20": 0.0, "coordination_ring_potter0_20": 0.3, "centre_pots_sparse20": 0.0, "centre_pots_potter0_20": 0.65}
[pair_G] {"steps": 167936, "elapsed_s": 157.4, "coordination_ring_sparse20": 0.0, "coordination_ring_potter0_20": 0.25, "centre_pots_sparse20": 0.0, "centre_pots_potter0_20": 0.65}
[pair_G] {"steps": 169984, "elapsed_s": 159.0, "coordination_ring_sparse20": 0.0, "coordination_ring_potter0_20": 0.3, "centre_pots_sparse20": 0.0, "centre_pots_potter0_20": 0.65}
[pair_G] {"steps": 172032, "elapsed_s": 161.2, "coordination_ring_sparse20": 0.0, "coordination_ring_potter0_20": 0.3, "centre_pots_sparse20": 0.0, "centre_pots_potter0_20": 0.75}
[pair_G] {"steps": 174080, "elapsed_s": 163.0, "coordination_ring_sparse20": 0.0, "coordination_ring_potter0_20": 0.3, "centre_pots_sparse20": 0.0, "centre_pots_potter0_20": 0.8}
[pair_G] {"steps": 176128, "elapsed_s": 164.7, "coordination_ring_sparse20": 0.0, "coordination_ring_potter0_20": 0.3, "centre_pots_sparse20": 0.0, "centre_pots_potter0_20": 0.9}
[pair_G] {"steps": 178176, "elapsed_s": 166.3, "coordination_ring_sparse20": 0.0, "coordination_ring_potter0_20": 0.2, "centre_pots_sparse20": 0.0, "centre_pots_potter0_20": 0.9}
[pair_G] {"steps": 180224, "elapsed_s": 168.0, "coordination_ring_sparse20": 0.0, "coordination_ring_potter0_20": 0.2, "centre_pots_sparse20": 0.0, "centre_pots_potter0_20": 0.9}
[pair_G] {"steps": 182272, "elapsed_s": 170.0, "coordination_ring_sparse20": 0.0, "coordination_ring_potter0_20": 0.25, "centre_pots_sparse20": 0.0, "centre_pots_potter0_20": 0.9}
[pair_G] {"steps": 184320, "elapsed_s": 171.6, "coordination_ring_sparse20": 0.0, "coordination_ring_potter0_20": 0.2, "centre_pots_sparse20": 0.0, "centre_pots_potter0_20": 0.85}
[pair_G] {"steps": 186368, "elapsed_s": 173.3, "coordination_ring_sparse20": 0.0, "coordination_ring_potter0_20": 0.2, "centre_pots_sparse20": 0.0, "centre_pots_potter0_20": 0.9}
[pair_G] {"steps": 188416, "elapsed_s": 175.0, "coordination_ring_sparse20": 0.0, "coordination_ring_potter0_20": 0.25, "centre_pots_sparse20": 0.0, "centre_pots_potter0_20": 0.9}
[pair_G] {"steps": 190464, "elapsed_s": 176.8, "coordination_ring_sparse20": 0.0, "coordination_ring_potter0_20": 0.25, "centre_pots_sparse20": 0.0, "centre_pots_potter0_20": 0.9}
[pair_G] {"steps": 192512, "elapsed_s": 178.7, "coordination_ring_sparse20": 0.0, "coordination_ring_potter0_20": 0.2, "centre_pots_sparse20": 0.0, "centre_pots_potter0_20": 0.9}
[pair_G] {"steps": 194560, "elapsed_s": 180.5, "coordination_ring_sparse20": 0.0, "coordination_ring_potter0_20": 0.2, "centre_pots_sparse20": 0.0, "centre_pots_potter0_20": 0.9}
[pair_G] {"steps": 196608, "elapsed_s": 182.4, "coordination_ring_sparse20": 0.0, "coordination_ring_potter0_20": 0.15, "centre_pots_sparse20": 0.0, "centre_pots_potter0_20": 0.85}
[pair_G] {"steps": 198656, "elapsed_s": 184.5, "coordination_ring_sparse20": 0.0, "coordination_ring_potter0_20": 0.15, "centre_pots_sparse20": 0.0, "centre_pots_potter0_20": 0.75}
[pair_G] {"steps": 200704, "elapsed_s": 186.2, "coordination_ring_sparse20": 0.0, "coordination_ring_potter0_20": 0.2, "centre_pots_sparse20": 0.0, "centre_pots_potter0_20": 0.8}
[pair_G] {"steps": 202752, "elapsed_s": 188.3, "coordination_ring_sparse20": 0.0, "coordination_ring_potter0_20": 0.2, "centre_pots_sparse20": 0.0, "centre_pots_potter0_20": 0.75}
[pair_G] {"steps": 204800, "elapsed_s": 190.2, "coordination_ring_sparse20": 0.0, "coordination_ring_potter0_20": 0.15, "centre_pots_sparse20": 0.0, "centre_pots_potter0_20": 0.75}
[pair_G] {"steps": 206848, "elapsed_s": 192.0, "coordination_ring_sparse20": 0.0, "coordination_ring_potter0_20": 0.2, "centre_pots_sparse20": 0.0, "centre_pots_potter0_20": 0.75}
[pair_G] {"steps": 208896, "elapsed_s": 194.0, "coordination_ring_sparse20": 0.0, "coordination_ring_potter0_20": 0.3, "centre_pots_sparse20": 0.0, "centre_pots_potter0_20": 0.75}
[pair_G] {"steps": 210944, "elapsed_s": 195.8, "coordination_ring_sparse20": 0.0, "coordination_ring_potter0_20": 0.35, "centre_pots_sparse20": 0.0, "centre_pots_potter0_20": 0.75}
[pair_G] {"steps": 212992, "elapsed_s": 197.5, "coordination_ring_sparse20": 0.0, "coordination_ring_potter0_20": 0.35, "centre_pots_sparse20": 0.0, "centre_pots_potter0_20": 0.8}
[pair_G] {"steps": 215040, "elapsed_s": 199.4, "coordination_ring_sparse20": 0.0, "coordination_ring_potter0_20": 0.4, "centre_pots_sparse20": 0.0, "centre_pots_potter0_20": 0.9}
[pair_G] {"steps": 217088, "elapsed_s": 201.4, "coordination_ring_sparse20": 0.0, "coordination_ring_potter0_20": 0.35, "centre_pots_sparse20": 0.0, "centre_pots_potter0_20": 0.9}
[pair_G] {"steps": 219136, "elapsed_s": 203.3, "coordination_ring_sparse20": 0.0, "coordination_ring_potter0_20": 0.35, "centre_pots_sparse20": 0.0, "centre_pots_potter0_20": 0.85}
[pair_G] {"steps": 221184, "elapsed_s": 205.1, "coordination_ring_sparse20": 0.0, "coordination_ring_potter0_20": 0.4, "centre_pots_sparse20": 0.0, "centre_pots_potter0_20": 0.85}
[pair_G] {"steps": 223232, "elapsed_s": 206.9, "coordination_ring_sparse20": 0.0, "coordination_ring_potter0_20": 0.35, "centre_pots_sparse20": 0.0, "centre_pots_potter0_20": 0.85}
[pair_G] {"steps": 225280, "elapsed_s": 209.0, "coordination_ring_sparse20": 0.0, "coordination_ring_potter0_20": 0.35, "centre_pots_sparse20": 0.0, "centre_pots_potter0_20": 0.85}
[pair_G] {"steps": 227328, "elapsed_s": 211.0, "coordination_ring_sparse20": 0.0, "coordination_ring_potter0_20": 0.25, "centre_pots_sparse20": 0.0, "centre_pots_potter0_20": 0.8}
[pair_G] {"steps": 229376, "elapsed_s": 212.7, "coordination_ring_sparse20": 0.0, "coordination_ring_potter0_20": 0.25, "centre_pots_sparse20": 0.0, "centre_pots_potter0_20": 0.75}
[pair_G] {"steps": 231424, "elapsed_s": 214.4, "coordination_ring_sparse20": 0.0, "coordination_ring_potter0_20": 0.25, "centre_pots_sparse20": 0.0, "centre_pots_potter0_20": 0.75}
[pair_G] {"steps": 233472, "elapsed_s": 216.1, "coordination_ring_sparse20": 0.0, "coordination_ring_potter0_20": 0.15, "centre_pots_sparse20": 0.0, "centre_pots_potter0_20": 0.75}
[pair_G] {"steps": 235520, "elapsed_s": 217.6, "coordination_ring_sparse20": 0.0, "coordination_ring_potter0_20": 0.2, "centre_pots_sparse20": 0.0, "centre_pots_potter0_20": 0.8}
[pair_G] {"steps": 237568, "elapsed_s": 219.5, "coordination_ring_sparse20": 0.0, "coordination_ring_potter0_20": 0.15, "centre_pots_sparse20": 0.0, "centre_pots_potter0_20": 0.8}
[pair_G] {"steps": 239616, "elapsed_s": 221.3, "coordination_ring_sparse20": 0.0, "coordination_ring_potter0_20": 0.15, "centre_pots_sparse20": 0.0, "centre_pots_potter0_20": 0.8}
[pair_G] {"steps": 241664, "elapsed_s": 222.9, "coordination_ring_sparse20": 0.0, "coordination_ring_potter0_20": 0.25, "centre_pots_sparse20": 0.0, "centre_pots_potter0_20": 0.8}
[pair_G] {"steps": 243712, "elapsed_s": 224.8, "coordination_ring_sparse20": 0.0, "coordination_ring_potter0_20": 0.2, "centre_pots_sparse20": 0.0, "centre_pots_potter0_20": 0.8}
[pair_G] {"steps": 245760, "elapsed_s": 226.5, "coordination_ring_sparse20": 0.0, "coordination_ring_potter0_20": 0.15, "centre_pots_sparse20": 0.0, "centre_pots_potter0_20": 0.8}
[pair_G] {"steps": 247808, "elapsed_s": 228.4, "coordination_ring_sparse20": 0.0, "coordination_ring_potter0_20": 0.1, "centre_pots_sparse20": 1.0, "centre_pots_potter0_20": 0.7}
[pair_G] {"steps": 249856, "elapsed_s": 230.4, "coordination_ring_sparse20": 0.0, "coordination_ring_potter0_20": 0.1, "centre_pots_sparse20": 1.0, "centre_pots_potter0_20": 0.7}
[pair_G] {"steps": 251904, "elapsed_s": 232.0, "coordination_ring_sparse20": 0.0, "coordination_ring_potter0_20": 0.15, "centre_pots_sparse20": 1.0, "centre_pots_potter0_20": 0.75}
[pair_G] {"steps": 253952, "elapsed_s": 234.1, "coordination_ring_sparse20": 0.0, "coordination_ring_potter0_20": 0.15, "centre_pots_sparse20": 1.0, "centre_pots_potter0_20": 0.75}
[pair_G] {"steps": 256000, "elapsed_s": 235.7, "coordination_ring_sparse20": 0.0, "coordination_ring_potter0_20": 0.05, "centre_pots_sparse20": 1.0, "centre_pots_potter0_20": 0.7}
[pair_G] {"steps": 258048, "elapsed_s": 238.4, "coordination_ring_sparse20": 0.0, "coordination_ring_potter0_20": 0.05, "centre_pots_sparse20": 1.0, "centre_pots_potter0_20": 0.7}
[pair_G] {"steps": 260096, "elapsed_s": 241.0, "coordination_ring_sparse20": 0.0, "coordination_ring_potter0_20": 0.05, "centre_pots_sparse20": 1.0, "centre_pots_potter0_20": 0.65}
[pair_G] {"steps": 262144, "elapsed_s": 242.9, "coordination_ring_sparse20": 0.0, "coordination_ring_potter0_20": 0.05, "centre_pots_sparse20": 1.0, "centre_pots_potter0_20": 0.6}
[pair_G] {"steps": 264192, "elapsed_s": 244.6, "coordination_ring_sparse20": 0.0, "coordination_ring_potter0_20": 0.05, "centre_pots_sparse20": 1.0, "centre_pots_potter0_20": 0.6}
[pair_G] {"steps": 266240, "elapsed_s": 246.8, "coordination_ring_sparse20": 0.0, "coordination_ring_potter0_20": 0.05, "centre_pots_sparse20": 1.0, "centre_pots_potter0_20": 0.65}
[pair_G] {"steps": 268288, "elapsed_s": 248.5, "coordination_ring_sparse20": 0.0, "coordination_ring_potter0_20": 0.05, "centre_pots_sparse20": 1.0, "centre_pots_potter0_20": 0.65}
[pair_G] {"steps": 270336, "elapsed_s": 250.4, "coordination_ring_sparse20": 0.0, "coordination_ring_potter0_20": 0.05, "centre_pots_sparse20": 1.0, "centre_pots_potter0_20": 0.6}
[pair_G] {"steps": 272384, "elapsed_s": 252.3, "coordination_ring_sparse20": 0.0, "coordination_ring_potter0_20": 0.05, "centre_pots_sparse20": 1.0, "centre_pots_potter0_20": 0.55}
[pair_G] {"steps": 274432, "elapsed_s": 254.1, "coordination_ring_sparse20": 0.0, "coordination_ring_potter0_20": 0.05, "centre_pots_sparse20": 1.0, "centre_pots_potter0_20": 0.65}
[pair_G] {"steps": 276480, "elapsed_s": 256.0, "coordination_ring_sparse20": 0.0, "coordination_ring_potter0_20": 0.1, "centre_pots_sparse20": 1.0, "centre_pots_potter0_20": 0.65}
[pair_G] {"steps": 278528, "elapsed_s": 258.1, "coordination_ring_sparse20": 0.0, "coordination_ring_potter0_20": 0.1, "centre_pots_sparse20": 0.0, "centre_pots_potter0_20": 0.7}
[pair_G] {"steps": 280576, "elapsed_s": 259.8, "coordination_ring_sparse20": 0.0, "coordination_ring_potter0_20": 0.1, "centre_pots_sparse20": 0.0, "centre_pots_potter0_20": 0.7}
[pair_G] {"steps": 282624, "elapsed_s": 261.6, "coordination_ring_sparse20": 0.0, "coordination_ring_potter0_20": 0.1, "centre_pots_sparse20": 0.0, "centre_pots_potter0_20": 0.75}
[pair_G] {"steps": 284672, "elapsed_s": 263.6, "coordination_ring_sparse20": 0.0, "coordination_ring_potter0_20": 0.1, "centre_pots_sparse20": 0.0, "centre_pots_potter0_20": 0.8}
[pair_G] {"steps": 286720, "elapsed_s": 265.5, "coordination_ring_sparse20": 0.0, "coordination_ring_potter0_20": 0.1, "centre_pots_sparse20": 0.0, "centre_pots_potter0_20": 0.8}
[pair_G] {"steps": 288768, "elapsed_s": 267.5, "coordination_ring_sparse20": 0.0, "coordination_ring_potter0_20": 0.05, "centre_pots_sparse20": 0.0, "centre_pots_potter0_20": 0.8}
[pair_G] {"steps": 290816, "elapsed_s": 269.7, "coordination_ring_sparse20": 0.0, "coordination_ring_potter0_20": 0.1, "centre_pots_sparse20": 0.0, "centre_pots_potter0_20": 0.75}
[pair_G] {"steps": 292864, "elapsed_s": 271.6, "coordination_ring_sparse20": 0.0, "coordination_ring_potter0_20": 0.1, "centre_pots_sparse20": 0.0, "centre_pots_potter0_20": 0.8}
[pair_G] {"steps": 294912, "elapsed_s": 273.7, "coordination_ring_sparse20": 0.0, "coordination_ring_potter0_20": 0.15, "centre_pots_sparse20": 0.0, "centre_pots_potter0_20": 0.8}
[pair_G] {"steps": 296960, "elapsed_s": 275.9, "coordination_ring_sparse20": 0.0, "coordination_ring_potter0_20": 0.15, "centre_pots_sparse20": 0.0, "centre_pots_potter0_20": 0.85}
[pair_G] {"steps": 299008, "elapsed_s": 277.8, "coordination_ring_sparse20": 0.0, "coordination_ring_potter0_20": 0.1, "centre_pots_sparse20": 1.0, "centre_pots_potter0_20": 0.8}
[pair_G] {"steps": 301056, "elapsed_s": 279.5, "coordination_ring_sparse20": 0.0, "coordination_ring_potter0_20": 0.15, "centre_pots_sparse20": 2.0, "centre_pots_potter0_20": 0.8}
[pair_G] {"steps": 303104, "elapsed_s": 281.2, "coordination_ring_sparse20": 0.0, "coordination_ring_potter0_20": 0.2, "centre_pots_sparse20": 2.0, "centre_pots_potter0_20": 0.7}
[pair_G] {"steps": 305152, "elapsed_s": 283.0, "coordination_ring_sparse20": 0.0, "coordination_ring_potter0_20": 0.2, "centre_pots_sparse20": 2.0, "centre_pots_potter0_20": 0.7}
[pair_G] {"steps": 307200, "elapsed_s": 285.0, "coordination_ring_sparse20": 0.0, "coordination_ring_potter0_20": 0.2, "centre_pots_sparse20": 3.0, "centre_pots_potter0_20": 0.7}
[pair_G] {"steps": 309248, "elapsed_s": 286.9, "coordination_ring_sparse20": 0.0, "coordination_ring_potter0_20": 0.15, "centre_pots_sparse20": 3.0, "centre_pots_potter0_20": 0.6}
[pair_G] {"steps": 311296, "elapsed_s": 288.7, "coordination_ring_sparse20": 0.0, "coordination_ring_potter0_20": 0.15, "centre_pots_sparse20": 3.0, "centre_pots_potter0_20": 0.6}
[pair_G] {"steps": 313344, "elapsed_s": 290.3, "coordination_ring_sparse20": 0.0, "coordination_ring_potter0_20": 0.15, "centre_pots_sparse20": 3.0, "centre_pots_potter0_20": 0.6}
[pair_G] {"steps": 315392, "elapsed_s": 291.9, "coordination_ring_sparse20": 0.0, "coordination_ring_potter0_20": 0.05, "centre_pots_sparse20": 3.0, "centre_pots_potter0_20": 0.6}
[pair_G] {"steps": 317440, "elapsed_s": 293.7, "coordination_ring_sparse20": 0.0, "coordination_ring_potter0_20": 0.05, "centre_pots_sparse20": 3.0, "centre_pots_potter0_20": 0.65}
[pair_G] {"steps": 319488, "elapsed_s": 295.5, "coordination_ring_sparse20": 0.0, "coordination_ring_potter0_20": 0.05, "centre_pots_sparse20": 2.0, "centre_pots_potter0_20": 0.65}
[pair_G] {"steps": 321536, "elapsed_s": 297.8, "coordination_ring_sparse20": 0.0, "coordination_ring_potter0_20": 0.05, "centre_pots_sparse20": 3.0, "centre_pots_potter0_20": 0.75}
[pair_G] {"steps": 323584, "elapsed_s": 299.5, "coordination_ring_sparse20": 0.0, "coordination_ring_potter0_20": 0.0, "centre_pots_sparse20": 3.0, "centre_pots_potter0_20": 0.75}
[pair_G] {"steps": 325632, "elapsed_s": 301.6, "coordination_ring_sparse20": 0.0, "coordination_ring_potter0_20": 0.0, "centre_pots_sparse20": 3.0, "centre_pots_potter0_20": 0.75}
[pair_G] {"steps": 327680, "elapsed_s": 304.0, "coordination_ring_sparse20": 0.0, "coordination_ring_potter0_20": 0.0, "centre_pots_sparse20": 3.0, "centre_pots_potter0_20": 0.8}
[pair_G] {"steps": 329728, "elapsed_s": 305.8, "coordination_ring_sparse20": 0.0, "coordination_ring_potter0_20": 0.0, "centre_pots_sparse20": 3.0, "centre_pots_potter0_20": 0.8}
[pair_G] {"steps": 331776, "elapsed_s": 307.4, "coordination_ring_sparse20": 0.0, "coordination_ring_potter0_20": 0.05, "centre_pots_sparse20": 3.0, "centre_pots_potter0_20": 0.8}
[pair_G] {"steps": 333824, "elapsed_s": 309.9, "coordination_ring_sparse20": 0.0, "coordination_ring_potter0_20": 0.05, "centre_pots_sparse20": 4.0, "centre_pots_potter0_20": 0.75}
[pair_G] {"steps": 335872, "elapsed_s": 312.4, "coordination_ring_sparse20": 0.0, "coordination_ring_potter0_20": 0.05, "centre_pots_sparse20": 4.0, "centre_pots_potter0_20": 0.8}
[pair_G] {"steps": 337920, "elapsed_s": 315.0, "coordination_ring_sparse20": 0.0, "coordination_ring_potter0_20": 0.05, "centre_pots_sparse20": 4.0, "centre_pots_potter0_20": 0.85}
[pair_G] {"steps": 339968, "elapsed_s": 317.4, "coordination_ring_sparse20": 0.0, "coordination_ring_potter0_20": 0.05, "centre_pots_sparse20": 4.0, "centre_pots_potter0_20": 0.85}
[pair_G] {"steps": 342016, "elapsed_s": 320.2, "coordination_ring_sparse20": 0.0, "coordination_ring_potter0_20": 0.05, "centre_pots_sparse20": 4.0, "centre_pots_potter0_20": 0.95}
[pair_G] {"steps": 344064, "elapsed_s": 322.8, "coordination_ring_sparse20": 0.0, "coordination_ring_potter0_20": 0.1, "centre_pots_sparse20": 4.0, "centre_pots_potter0_20": 0.95}
[pair_G] {"steps": 346112, "elapsed_s": 325.1, "coordination_ring_sparse20": 0.0, "coordination_ring_potter0_20": 0.1, "centre_pots_sparse20": 3.0, "centre_pots_potter0_20": 0.9}
[pair_G] {"steps": 348160, "elapsed_s": 327.9, "coordination_ring_sparse20": 0.0, "coordination_ring_potter0_20": 0.1, "centre_pots_sparse20": 4.0, "centre_pots_potter0_20": 0.9}
[pair_G] {"steps": 350208, "elapsed_s": 330.5, "coordination_ring_sparse20": 0.0, "coordination_ring_potter0_20": 0.05, "centre_pots_sparse20": 3.0, "centre_pots_potter0_20": 0.85}
[pair_G] {"steps": 352256, "elapsed_s": 332.8, "coordination_ring_sparse20": 0.0, "coordination_ring_potter0_20": 0.05, "centre_pots_sparse20": 2.0, "centre_pots_potter0_20": 0.85}
[pair_G] {"steps": 354304, "elapsed_s": 335.1, "coordination_ring_sparse20": 0.0, "coordination_ring_potter0_20": 0.05, "centre_pots_sparse20": 2.0, "centre_pots_potter0_20": 0.85}
[pair_G] {"steps": 356352, "elapsed_s": 337.7, "coordination_ring_sparse20": 0.0, "coordination_ring_potter0_20": 0.05, "centre_pots_sparse20": 4.0, "centre_pots_potter0_20": 0.8}
[pair_G] {"steps": 358400, "elapsed_s": 339.6, "coordination_ring_sparse20": 0.0, "coordination_ring_potter0_20": 0.05, "centre_pots_sparse20": 5.0, "centre_pots_potter0_20": 0.75}
[pair_G] {"steps": 360448, "elapsed_s": 341.6, "coordination_ring_sparse20": 0.0, "coordination_ring_potter0_20": 0.1, "centre_pots_sparse20": 6.0, "centre_pots_potter0_20": 0.8}
[pair_G] {"steps": 362496, "elapsed_s": 343.4, "coordination_ring_sparse20": 0.0, "coordination_ring_potter0_20": 0.1, "centre_pots_sparse20": 7.0, "centre_pots_potter0_20": 0.8}
[pair_G] {"steps": 364544, "elapsed_s": 345.1, "coordination_ring_sparse20": 0.0, "coordination_ring_potter0_20": 0.05, "centre_pots_sparse20": 8.0, "centre_pots_potter0_20": 0.8}
[pair_G] {"steps": 366592, "elapsed_s": 347.2, "coordination_ring_sparse20": 0.0, "coordination_ring_potter0_20": 0.05, "centre_pots_sparse20": 11.0, "centre_pots_potter0_20": 0.75}
[pair_G] {"steps": 368640, "elapsed_s": 348.9, "coordination_ring_sparse20": 0.0, "coordination_ring_potter0_20": 0.15, "centre_pots_sparse20": 10.0, "centre_pots_potter0_20": 0.75}
[pair_G] {"steps": 370688, "elapsed_s": 350.9, "coordination_ring_sparse20": 0.0, "coordination_ring_potter0_20": 0.15, "centre_pots_sparse20": 10.0, "centre_pots_potter0_20": 0.85}
[pair_G] {"steps": 372736, "elapsed_s": 352.6, "coordination_ring_sparse20": 0.0, "coordination_ring_potter0_20": 0.15, "centre_pots_sparse20": 9.0, "centre_pots_potter0_20": 0.85}
[pair_G] {"steps": 374784, "elapsed_s": 354.6, "coordination_ring_sparse20": 0.0, "coordination_ring_potter0_20": 0.2, "centre_pots_sparse20": 9.0, "centre_pots_potter0_20": 0.85}
[pair_G] {"steps": 376832, "elapsed_s": 356.3, "coordination_ring_sparse20": 0.0, "coordination_ring_potter0_20": 0.25, "centre_pots_sparse20": 8.0, "centre_pots_potter0_20": 0.8}
[pair_G] {"steps": 378880, "elapsed_s": 358.0, "coordination_ring_sparse20": 0.0, "coordination_ring_potter0_20": 0.25, "centre_pots_sparse20": 8.0, "centre_pots_potter0_20": 0.8}
[pair_G] {"steps": 380928, "elapsed_s": 359.5, "coordination_ring_sparse20": 0.0, "coordination_ring_potter0_20": 0.3, "centre_pots_sparse20": 8.0, "centre_pots_potter0_20": 0.8}
[pair_G] {"steps": 382976, "elapsed_s": 361.4, "coordination_ring_sparse20": 0.0, "coordination_ring_potter0_20": 0.2, "centre_pots_sparse20": 6.0, "centre_pots_potter0_20": 0.7}
[pair_G] {"steps": 385024, "elapsed_s": 363.1, "coordination_ring_sparse20": 0.0, "coordination_ring_potter0_20": 0.2, "centre_pots_sparse20": 6.0, "centre_pots_potter0_20": 0.7}
[pair_G] {"steps": 387072, "elapsed_s": 365.2, "coordination_ring_sparse20": 0.0, "coordination_ring_potter0_20": 0.2, "centre_pots_sparse20": 6.0, "centre_pots_potter0_20": 0.7}
[pair_G] {"steps": 389120, "elapsed_s": 367.9, "coordination_ring_sparse20": 0.0, "coordination_ring_potter0_20": 0.25, "centre_pots_sparse20": 7.0, "centre_pots_potter0_20": 0.6}
[pair_G] {"steps": 391168, "elapsed_s": 369.5, "coordination_ring_sparse20": 0.0, "coordination_ring_potter0_20": 0.15, "centre_pots_sparse20": 6.0, "centre_pots_potter0_20": 0.6}
[pair_G] {"steps": 393216, "elapsed_s": 371.6, "coordination_ring_sparse20": 0.0, "coordination_ring_potter0_20": 0.25, "centre_pots_sparse20": 7.0, "centre_pots_potter0_20": 0.55}
[pair_G] {"steps": 395264, "elapsed_s": 373.4, "coordination_ring_sparse20": 0.0, "coordination_ring_potter0_20": 0.2, "centre_pots_sparse20": 8.0, "centre_pots_potter0_20": 0.55}
[pair_G] {"steps": 397312, "elapsed_s": 375.2, "coordination_ring_sparse20": 0.0, "coordination_ring_potter0_20": 0.2, "centre_pots_sparse20": 8.0, "centre_pots_potter0_20": 0.6}
[pair_G] {"steps": 399360, "elapsed_s": 377.0, "coordination_ring_sparse20": 0.0, "coordination_ring_potter0_20": 0.2, "centre_pots_sparse20": 8.0, "centre_pots_potter0_20": 0.55}
[pair_G] {"steps": 401408, "elapsed_s": 378.8, "coordination_ring_sparse20": 0.0, "coordination_ring_potter0_20": 0.15, "centre_pots_sparse20": 8.0, "centre_pots_potter0_20": 0.55}
[pair_G] {"steps": 403456, "elapsed_s": 380.4, "coordination_ring_sparse20": 0.0, "coordination_ring_potter0_20": 0.15, "centre_pots_sparse20": 8.0, "centre_pots_potter0_20": 0.55}
[pair_G] {"steps": 405504, "elapsed_s": 382.0, "coordination_ring_sparse20": 0.0, "coordination_ring_potter0_20": 0.1, "centre_pots_sparse20": 8.0, "centre_pots_potter0_20": 0.55}
[pair_G] {"steps": 407552, "elapsed_s": 383.6, "coordination_ring_sparse20": 0.0, "coordination_ring_potter0_20": 0.15, "centre_pots_sparse20": 8.0, "centre_pots_potter0_20": 0.55}
[pair_G] {"steps": 409600, "elapsed_s": 385.6, "coordination_ring_sparse20": 0.0, "coordination_ring_potter0_20": 0.15, "centre_pots_sparse20": 8.0, "centre_pots_potter0_20": 0.6}
[pair_G] {"steps": 411648, "elapsed_s": 387.5, "coordination_ring_sparse20": 0.0, "coordination_ring_potter0_20": 0.15, "centre_pots_sparse20": 7.0, "centre_pots_potter0_20": 0.55}
[pair_G] {"steps": 413696, "elapsed_s": 389.5, "coordination_ring_sparse20": 0.0, "coordination_ring_potter0_20": 0.15, "centre_pots_sparse20": 4.0, "centre_pots_potter0_20": 0.5}
[pair_G] {"steps": 415744, "elapsed_s": 391.0, "coordination_ring_sparse20": 0.0, "coordination_ring_potter0_20": 0.1, "centre_pots_sparse20": 4.0, "centre_pots_potter0_20": 0.5}
[pair_G] {"steps": 417792, "elapsed_s": 392.8, "coordination_ring_sparse20": 0.0, "coordination_ring_potter0_20": 0.15, "centre_pots_sparse20": 3.0, "centre_pots_potter0_20": 0.5}
[pair_G] {"steps": 419840, "elapsed_s": 394.5, "coordination_ring_sparse20": 0.0, "coordination_ring_potter0_20": 0.2, "centre_pots_sparse20": 3.0, "centre_pots_potter0_20": 0.55}
[pair_G] {"steps": 421888, "elapsed_s": 396.2, "coordination_ring_sparse20": 0.0, "coordination_ring_potter0_20": 0.1, "centre_pots_sparse20": 4.0, "centre_pots_potter0_20": 0.5}
[pair_G] {"steps": 423936, "elapsed_s": 398.4, "coordination_ring_sparse20": 0.0, "coordination_ring_potter0_20": 0.15, "centre_pots_sparse20": 4.0, "centre_pots_potter0_20": 0.55}
[pair_G] {"steps": 425984, "elapsed_s": 400.3, "coordination_ring_sparse20": 0.0, "coordination_ring_potter0_20": 0.2, "centre_pots_sparse20": 4.0, "centre_pots_potter0_20": 0.5}
[pair_G] {"steps": 428032, "elapsed_s": 402.4, "coordination_ring_sparse20": 0.0, "coordination_ring_potter0_20": 0.2, "centre_pots_sparse20": 6.0, "centre_pots_potter0_20": 0.5}
[pair_G] {"steps": 430080, "elapsed_s": 404.4, "coordination_ring_sparse20": 0.0, "coordination_ring_potter0_20": 0.2, "centre_pots_sparse20": 7.0, "centre_pots_potter0_20": 0.55}
[pair_G] {"steps": 432128, "elapsed_s": 406.1, "coordination_ring_sparse20": 0.0, "coordination_ring_potter0_20": 0.25, "centre_pots_sparse20": 9.0, "centre_pots_potter0_20": 0.55}
[pair_G] {"steps": 434176, "elapsed_s": 407.8, "coordination_ring_sparse20": 0.0, "coordination_ring_potter0_20": 0.25, "centre_pots_sparse20": 9.0, "centre_pots_potter0_20": 0.5}
[pair_G] {"steps": 436224, "elapsed_s": 409.6, "coordination_ring_sparse20": 0.0, "coordination_ring_potter0_20": 0.25, "centre_pots_sparse20": 9.0, "centre_pots_potter0_20": 0.55}
[pair_G] {"steps": 438272, "elapsed_s": 411.6, "coordination_ring_sparse20": 0.0, "coordination_ring_potter0_20": 0.25, "centre_pots_sparse20": 9.0, "centre_pots_potter0_20": 0.55}
[pair_G] {"steps": 440320, "elapsed_s": 413.4, "coordination_ring_sparse20": 0.0, "coordination_ring_potter0_20": 0.25, "centre_pots_sparse20": 9.0, "centre_pots_potter0_20": 0.55}
[pair_G] {"steps": 442368, "elapsed_s": 415.3, "coordination_ring_sparse20": 0.0, "coordination_ring_potter0_20": 0.25, "centre_pots_sparse20": 8.0, "centre_pots_potter0_20": 0.5}
[pair_G] {"steps": 444416, "elapsed_s": 417.2, "coordination_ring_sparse20": 0.0, "coordination_ring_potter0_20": 0.2, "centre_pots_sparse20": 9.0, "centre_pots_potter0_20": 0.45}
[pair_G] {"steps": 446464, "elapsed_s": 419.2, "coordination_ring_sparse20": 0.0, "coordination_ring_potter0_20": 0.2, "centre_pots_sparse20": 7.0, "centre_pots_potter0_20": 0.55}
[pair_G] {"steps": 448512, "elapsed_s": 421.3, "coordination_ring_sparse20": 0.0, "coordination_ring_potter0_20": 0.2, "centre_pots_sparse20": 6.0, "centre_pots_potter0_20": 0.6}
[pair_G] {"steps": 450560, "elapsed_s": 423.1, "coordination_ring_sparse20": 0.0, "coordination_ring_potter0_20": 0.2, "centre_pots_sparse20": 7.0, "centre_pots_potter0_20": 0.5}
[pair_G] {"steps": 452608, "elapsed_s": 425.0, "coordination_ring_sparse20": 0.0, "coordination_ring_potter0_20": 0.15, "centre_pots_sparse20": 9.0, "centre_pots_potter0_20": 0.6}
[pair_G] {"steps": 454656, "elapsed_s": 427.0, "coordination_ring_sparse20": 0.0, "coordination_ring_potter0_20": 0.15, "centre_pots_sparse20": 11.0, "centre_pots_potter0_20": 0.7}
[pair_G] {"steps": 456704, "elapsed_s": 428.7, "coordination_ring_sparse20": 0.0, "coordination_ring_potter0_20": 0.1, "centre_pots_sparse20": 9.0, "centre_pots_potter0_20": 0.7}
[pair_G] {"steps": 458752, "elapsed_s": 430.7, "coordination_ring_sparse20": 0.0, "coordination_ring_potter0_20": 0.05, "centre_pots_sparse20": 11.0, "centre_pots_potter0_20": 0.55}
[pair_G] {"steps": 460800, "elapsed_s": 432.6, "coordination_ring_sparse20": 0.0, "coordination_ring_potter0_20": 0.05, "centre_pots_sparse20": 11.0, "centre_pots_potter0_20": 0.6}
[pair_G] {"steps": 462848, "elapsed_s": 434.5, "coordination_ring_sparse20": 0.0, "coordination_ring_potter0_20": 0.1, "centre_pots_sparse20": 11.0, "centre_pots_potter0_20": 0.55}
[pair_G] {"steps": 464896, "elapsed_s": 436.5, "coordination_ring_sparse20": 0.0, "coordination_ring_potter0_20": 0.1, "centre_pots_sparse20": 10.0, "centre_pots_potter0_20": 0.5}
[pair_G] {"steps": 466944, "elapsed_s": 438.6, "coordination_ring_sparse20": 0.0, "coordination_ring_potter0_20": 0.1, "centre_pots_sparse20": 9.0, "centre_pots_potter0_20": 0.4}
[pair_G] {"steps": 468992, "elapsed_s": 440.7, "coordination_ring_sparse20": 0.0, "coordination_ring_potter0_20": 0.15, "centre_pots_sparse20": 7.0, "centre_pots_potter0_20": 0.4}
[pair_G] {"steps": 471040, "elapsed_s": 443.0, "coordination_ring_sparse20": 0.0, "coordination_ring_potter0_20": 0.15, "centre_pots_sparse20": 7.0, "centre_pots_potter0_20": 0.4}
[pair_G] {"steps": 473088, "elapsed_s": 444.8, "coordination_ring_sparse20": 0.0, "coordination_ring_potter0_20": 0.15, "centre_pots_sparse20": 6.0, "centre_pots_potter0_20": 0.35}
[pair_G] {"steps": 475136, "elapsed_s": 446.7, "coordination_ring_sparse20": 0.0, "coordination_ring_potter0_20": 0.15, "centre_pots_sparse20": 7.0, "centre_pots_potter0_20": 0.25}
[pair_G] {"steps": 477184, "elapsed_s": 448.7, "coordination_ring_sparse20": 0.0, "coordination_ring_potter0_20": 0.15, "centre_pots_sparse20": 10.0, "centre_pots_potter0_20": 0.25}
[pair_G] {"steps": 479232, "elapsed_s": 450.6, "coordination_ring_sparse20": 0.0, "coordination_ring_potter0_20": 0.2, "centre_pots_sparse20": 9.0, "centre_pots_potter0_20": 0.35}
[pair_G] {"steps": 481280, "elapsed_s": 452.7, "coordination_ring_sparse20": 0.0, "coordination_ring_potter0_20": 0.2, "centre_pots_sparse20": 8.0, "centre_pots_potter0_20": 0.45}
[pair_G] {"steps": 483328, "elapsed_s": 454.5, "coordination_ring_sparse20": 0.0, "coordination_ring_potter0_20": 0.15, "centre_pots_sparse20": 9.0, "centre_pots_potter0_20": 0.5}
[pair_G] {"steps": 485376, "elapsed_s": 456.6, "coordination_ring_sparse20": 0.0, "coordination_ring_potter0_20": 0.15, "centre_pots_sparse20": 8.0, "centre_pots_potter0_20": 0.5}
[pair_G] {"steps": 487424, "elapsed_s": 458.5, "coordination_ring_sparse20": 0.0, "coordination_ring_potter0_20": 0.1, "centre_pots_sparse20": 9.0, "centre_pots_potter0_20": 0.6}
[pair_G] {"steps": 489472, "elapsed_s": 460.4, "coordination_ring_sparse20": 0.0, "coordination_ring_potter0_20": 0.1, "centre_pots_sparse20": 9.0, "centre_pots_potter0_20": 0.55}
[pair_G] {"steps": 491520, "elapsed_s": 462.5, "coordination_ring_sparse20": 0.0, "coordination_ring_potter0_20": 0.15, "centre_pots_sparse20": 10.0, "centre_pots_potter0_20": 0.65}
[pair_G] {"steps": 493568, "elapsed_s": 464.2, "coordination_ring_sparse20": 0.0, "coordination_ring_potter0_20": 0.15, "centre_pots_sparse20": 11.0, "centre_pots_potter0_20": 0.65}
[pair_G] {"steps": 495616, "elapsed_s": 466.3, "coordination_ring_sparse20": 0.0, "coordination_ring_potter0_20": 0.15, "centre_pots_sparse20": 10.0, "centre_pots_potter0_20": 0.65}
[pair_G] {"steps": 497664, "elapsed_s": 468.2, "coordination_ring_sparse20": 0.0, "coordination_ring_potter0_20": 0.2, "centre_pots_sparse20": 9.0, "centre_pots_potter0_20": 0.6}
[pair_G] {"steps": 499712, "elapsed_s": 470.0, "coordination_ring_sparse20": 0.0, "coordination_ring_potter0_20": 0.2, "centre_pots_sparse20": 12.0, "centre_pots_potter0_20": 0.6}
[pair_G] {"steps": 501760, "elapsed_s": 471.6, "coordination_ring_sparse20": 0.0, "coordination_ring_potter0_20": 0.2, "centre_pots_sparse20": 11.0, "centre_pots_potter0_20": 0.6}
[pair_G] {"steps": 503808, "elapsed_s": 473.6, "coordination_ring_sparse20": 0.0, "coordination_ring_potter0_20": 0.3, "centre_pots_sparse20": 10.0, "centre_pots_potter0_20": 0.6}
[pair_G] {"steps": 505856, "elapsed_s": 475.5, "coordination_ring_sparse20": 0.0, "coordination_ring_potter0_20": 0.35, "centre_pots_sparse20": 9.0, "centre_pots_potter0_20": 0.5}
[pair_G] {"steps": 507904, "elapsed_s": 477.4, "coordination_ring_sparse20": 0.0, "coordination_ring_potter0_20": 0.35, "centre_pots_sparse20": 7.0, "centre_pots_potter0_20": 0.4}
[pair_G] {"steps": 509952, "elapsed_s": 479.1, "coordination_ring_sparse20": 0.0, "coordination_ring_potter0_20": 0.4, "centre_pots_sparse20": 8.0, "centre_pots_potter0_20": 0.4}
[pair_G] {"steps": 512000, "elapsed_s": 481.0, "coordination_ring_sparse20": 0.0, "coordination_ring_potter0_20": 0.35, "centre_pots_sparse20": 9.0, "centre_pots_potter0_20": 0.45}
[pair_G] {"steps": 514048, "elapsed_s": 482.9, "coordination_ring_sparse20": 0.0, "coordination_ring_potter0_20": 0.3, "centre_pots_sparse20": 11.0, "centre_pots_potter0_20": 0.45}
[pair_G] {"steps": 516096, "elapsed_s": 484.6, "coordination_ring_sparse20": 0.0, "coordination_ring_potter0_20": 0.25, "centre_pots_sparse20": 12.0, "centre_pots_potter0_20": 0.5}
[pair_G] {"steps": 518144, "elapsed_s": 486.4, "coordination_ring_sparse20": 0.0, "coordination_ring_potter0_20": 0.25, "centre_pots_sparse20": 12.0, "centre_pots_potter0_20": 0.55}
[pair_G] {"steps": 520192, "elapsed_s": 488.3, "coordination_ring_sparse20": 0.0, "coordination_ring_potter0_20": 0.25, "centre_pots_sparse20": 11.0, "centre_pots_potter0_20": 0.5}
[pair_G] {"steps": 522240, "elapsed_s": 490.4, "coordination_ring_sparse20": 0.0, "coordination_ring_potter0_20": 0.2, "centre_pots_sparse20": 13.0, "centre_pots_potter0_20": 0.6}
[pair_G] {"steps": 524288, "elapsed_s": 492.5, "coordination_ring_sparse20": 0.0, "coordination_ring_potter0_20": 0.2, "centre_pots_sparse20": 15.0, "centre_pots_potter0_20": 0.65}
[pair_G] {"steps": 526336, "elapsed_s": 494.3, "coordination_ring_sparse20": 0.0, "coordination_ring_potter0_20": 0.15, "centre_pots_sparse20": 15.0, "centre_pots_potter0_20": 0.55}
[pair_G] {"steps": 528384, "elapsed_s": 495.9, "coordination_ring_sparse20": 0.0, "coordination_ring_potter0_20": 0.15, "centre_pots_sparse20": 15.0, "centre_pots_potter0_20": 0.55}
[pair_G] {"steps": 530432, "elapsed_s": 497.5, "coordination_ring_sparse20": 0.0, "coordination_ring_potter0_20": 0.1, "centre_pots_sparse20": 15.0, "centre_pots_potter0_20": 0.5}
[pair_G] {"steps": 532480, "elapsed_s": 499.4, "coordination_ring_sparse20": 0.0, "coordination_ring_potter0_20": 0.1, "centre_pots_sparse20": 14.0, "centre_pots_potter0_20": 0.5}
[pair_G] {"steps": 534528, "elapsed_s": 501.5, "coordination_ring_sparse20": 0.0, "coordination_ring_potter0_20": 0.1, "centre_pots_sparse20": 11.0, "centre_pots_potter0_20": 0.45}
[pair_G] {"steps": 536576, "elapsed_s": 503.2, "coordination_ring_sparse20": 0.0, "coordination_ring_potter0_20": 0.05, "centre_pots_sparse20": 10.0, "centre_pots_potter0_20": 0.5}
[pair_G] {"steps": 538624, "elapsed_s": 505.3, "coordination_ring_sparse20": 0.0, "coordination_ring_potter0_20": 0.05, "centre_pots_sparse20": 9.0, "centre_pots_potter0_20": 0.45}
[pair_G] {"steps": 540672, "elapsed_s": 507.3, "coordination_ring_sparse20": 0.0, "coordination_ring_potter0_20": 0.05, "centre_pots_sparse20": 8.0, "centre_pots_potter0_20": 0.35}
[pair_G] {"steps": 542720, "elapsed_s": 509.2, "coordination_ring_sparse20": 0.0, "coordination_ring_potter0_20": 0.05, "centre_pots_sparse20": 8.0, "centre_pots_potter0_20": 0.35}
[pair_G] {"steps": 544768, "elapsed_s": 511.3, "coordination_ring_sparse20": 0.0, "coordination_ring_potter0_20": 0.15, "centre_pots_sparse20": 8.0, "centre_pots_potter0_20": 0.35}
[pair_G] {"steps": 546816, "elapsed_s": 513.1, "coordination_ring_sparse20": 0.0, "coordination_ring_potter0_20": 0.15, "centre_pots_sparse20": 9.0, "centre_pots_potter0_20": 0.45}
[pair_G] {"steps": 548864, "elapsed_s": 514.9, "coordination_ring_sparse20": 0.0, "coordination_ring_potter0_20": 0.2, "centre_pots_sparse20": 9.0, "centre_pots_potter0_20": 0.5}
[pair_G] {"steps": 550912, "elapsed_s": 516.8, "coordination_ring_sparse20": 0.0, "coordination_ring_potter0_20": 0.15, "centre_pots_sparse20": 11.0, "centre_pots_potter0_20": 0.55}
[pair_G] {"steps": 552960, "elapsed_s": 518.8, "coordination_ring_sparse20": 0.0, "coordination_ring_potter0_20": 0.2, "centre_pots_sparse20": 12.0, "centre_pots_potter0_20": 0.65}
[pair_G] {"steps": 555008, "elapsed_s": 521.1, "coordination_ring_sparse20": 0.0, "coordination_ring_potter0_20": 0.2, "centre_pots_sparse20": 12.0, "centre_pots_potter0_20": 0.75}
[pair_G] {"steps": 557056, "elapsed_s": 522.5, "coordination_ring_sparse20": 0.0, "coordination_ring_potter0_20": 0.3, "centre_pots_sparse20": 12.0, "centre_pots_potter0_20": 0.75}
[pair_G] {"steps": 559104, "elapsed_s": 524.3, "coordination_ring_sparse20": 0.0, "coordination_ring_potter0_20": 0.3, "centre_pots_sparse20": 10.0, "centre_pots_potter0_20": 0.75}
[pair_G] {"steps": 561152, "elapsed_s": 526.4, "coordination_ring_sparse20": 0.0, "coordination_ring_potter0_20": 0.25, "centre_pots_sparse20": 10.0, "centre_pots_potter0_20": 0.75}
[pair_G] {"steps": 563200, "elapsed_s": 528.3, "coordination_ring_sparse20": 0.0, "coordination_ring_potter0_20": 0.2, "centre_pots_sparse20": 9.0, "centre_pots_potter0_20": 0.75}
[pair_G] {"steps": 565248, "elapsed_s": 530.1, "coordination_ring_sparse20": 0.0, "coordination_ring_potter0_20": 0.2, "centre_pots_sparse20": 9.0, "centre_pots_potter0_20": 0.75}
[pair_G] {"steps": 567296, "elapsed_s": 532.4, "coordination_ring_sparse20": 0.0, "coordination_ring_potter0_20": 0.2, "centre_pots_sparse20": 9.0, "centre_pots_potter0_20": 0.6}
[pair_G] {"steps": 569344, "elapsed_s": 533.8, "coordination_ring_sparse20": 0.0, "coordination_ring_potter0_20": 0.15, "centre_pots_sparse20": 9.0, "centre_pots_potter0_20": 0.6}
[pair_G] {"steps": 571392, "elapsed_s": 535.5, "coordination_ring_sparse20": 0.0, "coordination_ring_potter0_20": 0.15, "centre_pots_sparse20": 8.0, "centre_pots_potter0_20": 0.55}
[pair_G] {"steps": 573440, "elapsed_s": 537.4, "coordination_ring_sparse20": 0.0, "coordination_ring_potter0_20": 0.15, "centre_pots_sparse20": 6.0, "centre_pots_potter0_20": 0.55}
[pair_G] {"steps": 575488, "elapsed_s": 539.2, "coordination_ring_sparse20": 0.0, "coordination_ring_potter0_20": 0.15, "centre_pots_sparse20": 6.0, "centre_pots_potter0_20": 0.55}
[pair_G] {"steps": 577536, "elapsed_s": 541.1, "coordination_ring_sparse20": 0.0, "coordination_ring_potter0_20": 0.15, "centre_pots_sparse20": 9.0, "centre_pots_potter0_20": 0.6}
[pair_G] {"steps": 579584, "elapsed_s": 542.9, "coordination_ring_sparse20": 0.0, "coordination_ring_potter0_20": 0.15, "centre_pots_sparse20": 9.0, "centre_pots_potter0_20": 0.45}
[pair_G] {"steps": 581632, "elapsed_s": 544.6, "coordination_ring_sparse20": 0.0, "coordination_ring_potter0_20": 0.05, "centre_pots_sparse20": 9.0, "centre_pots_potter0_20": 0.45}
[pair_G] {"steps": 583680, "elapsed_s": 546.5, "coordination_ring_sparse20": 0.0, "coordination_ring_potter0_20": 0.05, "centre_pots_sparse20": 14.0, "centre_pots_potter0_20": 0.35}
[pair_G] {"steps": 585728, "elapsed_s": 548.4, "coordination_ring_sparse20": 0.0, "coordination_ring_potter0_20": 0.0, "centre_pots_sparse20": 17.0, "centre_pots_potter0_20": 0.35}
[pair_G] {"steps": 587776, "elapsed_s": 550.4, "coordination_ring_sparse20": 0.0, "coordination_ring_potter0_20": 0.0, "centre_pots_sparse20": 18.0, "centre_pots_potter0_20": 0.35}
[pair_G] {"steps": 589824, "elapsed_s": 552.5, "coordination_ring_sparse20": 0.0, "coordination_ring_potter0_20": 0.05, "centre_pots_sparse20": 22.0, "centre_pots_potter0_20": 0.3}
[pair_G] {"steps": 591872, "elapsed_s": 554.4, "coordination_ring_sparse20": 0.0, "coordination_ring_potter0_20": 0.05, "centre_pots_sparse20": 25.0, "centre_pots_potter0_20": 0.2}
[pair_G] {"steps": 593920, "elapsed_s": 556.2, "coordination_ring_sparse20": 0.0, "coordination_ring_potter0_20": 0.05, "centre_pots_sparse20": 25.0, "centre_pots_potter0_20": 0.2}
[pair_G] {"steps": 595968, "elapsed_s": 558.0, "coordination_ring_sparse20": 0.0, "coordination_ring_potter0_20": 0.05, "centre_pots_sparse20": 23.0, "centre_pots_potter0_20": 0.3}
[pair_G] {"steps": 598016, "elapsed_s": 560.1, "coordination_ring_sparse20": 0.0, "coordination_ring_potter0_20": 0.05, "centre_pots_sparse20": 21.0, "centre_pots_potter0_20": 0.25}
[pair_G] {"steps": 600064, "elapsed_s": 562.1, "coordination_ring_sparse20": 0.0, "coordination_ring_potter0_20": 0.1, "centre_pots_sparse20": 18.0, "centre_pots_potter0_20": 0.35}
[pair_G] {"steps": 602112, "elapsed_s": 564.1, "coordination_ring_sparse20": 0.0, "coordination_ring_potter0_20": 0.1, "centre_pots_sparse20": 17.0, "centre_pots_potter0_20": 0.4}
[pair_G] {"steps": 604160, "elapsed_s": 566.2, "coordination_ring_sparse20": 0.0, "coordination_ring_potter0_20": 0.1, "centre_pots_sparse20": 13.0, "centre_pots_potter0_20": 0.55}
[pair_G] {"steps": 606208, "elapsed_s": 568.3, "coordination_ring_sparse20": 0.0, "coordination_ring_potter0_20": 0.1, "centre_pots_sparse20": 16.0, "centre_pots_potter0_20": 0.55}
[pair_G] {"steps": 608256, "elapsed_s": 570.3, "coordination_ring_sparse20": 0.0, "coordination_ring_potter0_20": 0.15, "centre_pots_sparse20": 16.0, "centre_pots_potter0_20": 0.5}
[pair_G] {"steps": 610304, "elapsed_s": 571.9, "coordination_ring_sparse20": 0.0, "coordination_ring_potter0_20": 0.1, "centre_pots_sparse20": 15.0, "centre_pots_potter0_20": 0.55}
[pair_G] {"steps": 612352, "elapsed_s": 573.7, "coordination_ring_sparse20": 0.0, "coordination_ring_potter0_20": 0.1, "centre_pots_sparse20": 18.0, "centre_pots_potter0_20": 0.6}
[pair_G] {"steps": 614400, "elapsed_s": 575.8, "coordination_ring_sparse20": 0.0, "coordination_ring_potter0_20": 0.15, "centre_pots_sparse20": 19.0, "centre_pots_potter0_20": 0.6}
[pair_G] {"steps": 616448, "elapsed_s": 577.6, "coordination_ring_sparse20": 0.0, "coordination_ring_potter0_20": 0.15, "centre_pots_sparse20": 20.0, "centre_pots_potter0_20": 0.5}
[pair_G] {"steps": 618496, "elapsed_s": 579.3, "coordination_ring_sparse20": 0.0, "coordination_ring_potter0_20": 0.1, "centre_pots_sparse20": 22.0, "centre_pots_potter0_20": 0.5}
[pair_G] {"steps": 620544, "elapsed_s": 581.0, "coordination_ring_sparse20": 0.0, "coordination_ring_potter0_20": 0.15, "centre_pots_sparse20": 21.0, "centre_pots_potter0_20": 0.55}
[pair_G] {"steps": 622592, "elapsed_s": 582.9, "coordination_ring_sparse20": 0.0, "coordination_ring_potter0_20": 0.1, "centre_pots_sparse20": 19.0, "centre_pots_potter0_20": 0.6}
[pair_G] {"steps": 624640, "elapsed_s": 584.4, "coordination_ring_sparse20": 0.0, "coordination_ring_potter0_20": 0.1, "centre_pots_sparse20": 19.0, "centre_pots_potter0_20": 0.6}
[pair_G] {"steps": 626688, "elapsed_s": 586.1, "coordination_ring_sparse20": 0.0, "coordination_ring_potter0_20": 0.05, "centre_pots_sparse20": 19.0, "centre_pots_potter0_20": 0.6}
[pair_G] {"steps": 628736, "elapsed_s": 588.1, "coordination_ring_sparse20": 0.0, "coordination_ring_potter0_20": 0.05, "centre_pots_sparse20": 20.0, "centre_pots_potter0_20": 0.6}
[pair_G] {"steps": 630784, "elapsed_s": 590.2, "coordination_ring_sparse20": 0.0, "coordination_ring_potter0_20": 0.05, "centre_pots_sparse20": 21.0, "centre_pots_potter0_20": 0.5}
[pair_G] {"steps": 632832, "elapsed_s": 592.1, "coordination_ring_sparse20": 0.0, "coordination_ring_potter0_20": 0.1, "centre_pots_sparse20": 21.0, "centre_pots_potter0_20": 0.4}
[pair_G] {"steps": 634880, "elapsed_s": 594.0, "coordination_ring_sparse20": 0.0, "coordination_ring_potter0_20": 0.15, "centre_pots_sparse20": 16.0, "centre_pots_potter0_20": 0.45}
[pair_G] {"steps": 636928, "elapsed_s": 596.0, "coordination_ring_sparse20": 0.0, "coordination_ring_potter0_20": 0.1, "centre_pots_sparse20": 13.0, "centre_pots_potter0_20": 0.45}
[pair_G] {"steps": 638976, "elapsed_s": 598.0, "coordination_ring_sparse20": 0.0, "coordination_ring_potter0_20": 0.1, "centre_pots_sparse20": 14.0, "centre_pots_potter0_20": 0.45}
[pair_G] {"steps": 641024, "elapsed_s": 599.6, "coordination_ring_sparse20": 0.0, "coordination_ring_potter0_20": 0.15, "centre_pots_sparse20": 14.0, "centre_pots_potter0_20": 0.45}
[pair_G] {"steps": 643072, "elapsed_s": 601.4, "coordination_ring_sparse20": 0.0, "coordination_ring_potter0_20": 0.2, "centre_pots_sparse20": 14.0, "centre_pots_potter0_20": 0.45}
[pair_G] {"steps": 645120, "elapsed_s": 603.3, "coordination_ring_sparse20": 0.0, "coordination_ring_potter0_20": 0.2, "centre_pots_sparse20": 15.0, "centre_pots_potter0_20": 0.5}
[pair_G] {"steps": 647168, "elapsed_s": 605.1, "coordination_ring_sparse20": 0.0, "coordination_ring_potter0_20": 0.25, "centre_pots_sparse20": 18.0, "centre_pots_potter0_20": 0.65}
[pair_G] {"steps": 649216, "elapsed_s": 606.9, "coordination_ring_sparse20": 0.0, "coordination_ring_potter0_20": 0.25, "centre_pots_sparse20": 21.0, "centre_pots_potter0_20": 0.7}
[pair_G] {"steps": 651264, "elapsed_s": 608.8, "coordination_ring_sparse20": 0.0, "coordination_ring_potter0_20": 0.15, "centre_pots_sparse20": 23.0, "centre_pots_potter0_20": 0.75}
[pair_G] {"steps": 653312, "elapsed_s": 610.6, "coordination_ring_sparse20": 0.0, "coordination_ring_potter0_20": 0.15, "centre_pots_sparse20": 26.0, "centre_pots_potter0_20": 0.7}
[pair_G] {"steps": 655360, "elapsed_s": 612.5, "coordination_ring_sparse20": 0.0, "coordination_ring_potter0_20": 0.15, "centre_pots_sparse20": 27.0, "centre_pots_potter0_20": 0.8}
[pair_G] {"steps": 657408, "elapsed_s": 614.6, "coordination_ring_sparse20": 0.0, "coordination_ring_potter0_20": 0.15, "centre_pots_sparse20": 26.0, "centre_pots_potter0_20": 0.85}
[pair_G] {"steps": 659456, "elapsed_s": 616.6, "coordination_ring_sparse20": 0.0, "coordination_ring_potter0_20": 0.1, "centre_pots_sparse20": 22.0, "centre_pots_potter0_20": 0.75}
[pair_G] {"steps": 661504, "elapsed_s": 618.3, "coordination_ring_sparse20": 0.0, "coordination_ring_potter0_20": 0.15, "centre_pots_sparse20": 19.0, "centre_pots_potter0_20": 0.75}
[pair_G] {"steps": 663552, "elapsed_s": 620.3, "coordination_ring_sparse20": 0.0, "coordination_ring_potter0_20": 0.2, "centre_pots_sparse20": 18.0, "centre_pots_potter0_20": 0.75}
[pair_G] {"steps": 665600, "elapsed_s": 622.4, "coordination_ring_sparse20": 0.0, "coordination_ring_potter0_20": 0.25, "centre_pots_sparse20": 15.0, "centre_pots_potter0_20": 0.7}
[pair_G] {"steps": 667648, "elapsed_s": 624.2, "coordination_ring_sparse20": 0.0, "coordination_ring_potter0_20": 0.25, "centre_pots_sparse20": 15.0, "centre_pots_potter0_20": 0.75}
[pair_G] {"steps": 669696, "elapsed_s": 626.2, "coordination_ring_sparse20": 0.0, "coordination_ring_potter0_20": 0.25, "centre_pots_sparse20": 17.0, "centre_pots_potter0_20": 0.65}
[pair_G] {"steps": 671744, "elapsed_s": 627.9, "coordination_ring_sparse20": 0.0, "coordination_ring_potter0_20": 0.25, "centre_pots_sparse20": 14.0, "centre_pots_potter0_20": 0.65}
[pair_G] {"steps": 673792, "elapsed_s": 630.4, "coordination_ring_sparse20": 0.0, "coordination_ring_potter0_20": 0.25, "centre_pots_sparse20": 15.0, "centre_pots_potter0_20": 0.55}
[pair_G] {"steps": 675840, "elapsed_s": 632.4, "coordination_ring_sparse20": 0.0, "coordination_ring_potter0_20": 0.25, "centre_pots_sparse20": 19.0, "centre_pots_potter0_20": 0.55}
[pair_G] {"steps": 677888, "elapsed_s": 634.1, "coordination_ring_sparse20": 0.0, "coordination_ring_potter0_20": 0.2, "centre_pots_sparse20": 20.0, "centre_pots_potter0_20": 0.5}
[pair_G] {"steps": 679936, "elapsed_s": 636.1, "coordination_ring_sparse20": 0.0, "coordination_ring_potter0_20": 0.1, "centre_pots_sparse20": 19.0, "centre_pots_potter0_20": 0.4}
[pair_G] {"steps": 681984, "elapsed_s": 638.1, "coordination_ring_sparse20": 0.0, "coordination_ring_potter0_20": 0.1, "centre_pots_sparse20": 19.0, "centre_pots_potter0_20": 0.3}
[pair_G] {"steps": 684032, "elapsed_s": 640.2, "coordination_ring_sparse20": 0.0, "coordination_ring_potter0_20": 0.1, "centre_pots_sparse20": 14.0, "centre_pots_potter0_20": 0.2}
[pair_G] {"steps": 686080, "elapsed_s": 642.1, "coordination_ring_sparse20": 0.0, "coordination_ring_potter0_20": 0.1, "centre_pots_sparse20": 14.0, "centre_pots_potter0_20": 0.3}
[pair_G] {"steps": 688128, "elapsed_s": 643.7, "coordination_ring_sparse20": 0.0, "coordination_ring_potter0_20": 0.2, "centre_pots_sparse20": 16.0, "centre_pots_potter0_20": 0.35}
[pair_G] {"steps": 690176, "elapsed_s": 645.6, "coordination_ring_sparse20": 0.0, "coordination_ring_potter0_20": 0.25, "centre_pots_sparse20": 11.0, "centre_pots_potter0_20": 0.45}
[pair_G] {"steps": 692224, "elapsed_s": 647.2, "coordination_ring_sparse20": 0.0, "coordination_ring_potter0_20": 0.25, "centre_pots_sparse20": 11.0, "centre_pots_potter0_20": 0.4}
[pair_G] {"steps": 694272, "elapsed_s": 649.7, "coordination_ring_sparse20": 0.0, "coordination_ring_potter0_20": 0.2, "centre_pots_sparse20": 14.0, "centre_pots_potter0_20": 0.45}
[pair_G] {"steps": 696320, "elapsed_s": 652.2, "coordination_ring_sparse20": 0.0, "coordination_ring_potter0_20": 0.2, "centre_pots_sparse20": 15.0, "centre_pots_potter0_20": 0.45}
[pair_G] {"steps": 698368, "elapsed_s": 654.1, "coordination_ring_sparse20": 0.0, "coordination_ring_potter0_20": 0.2, "centre_pots_sparse20": 21.0, "centre_pots_potter0_20": 0.5}
[pair_G] {"steps": 700416, "elapsed_s": 656.1, "coordination_ring_sparse20": 0.0, "coordination_ring_potter0_20": 0.15, "centre_pots_sparse20": 22.0, "centre_pots_potter0_20": 0.6}
[pair_G] {"steps": 702464, "elapsed_s": 657.8, "coordination_ring_sparse20": 0.0, "coordination_ring_potter0_20": 0.15, "centre_pots_sparse20": 23.0, "centre_pots_potter0_20": 0.65}
[pair_G] {"steps": 704512, "elapsed_s": 659.9, "coordination_ring_sparse20": 0.0, "coordination_ring_potter0_20": 0.05, "centre_pots_sparse20": 19.0, "centre_pots_potter0_20": 0.6}
[pair_G] {"steps": 706560, "elapsed_s": 661.9, "coordination_ring_sparse20": 0.0, "coordination_ring_potter0_20": 0.05, "centre_pots_sparse20": 22.0, "centre_pots_potter0_20": 0.55}
[pair_G] {"steps": 708608, "elapsed_s": 663.9, "coordination_ring_sparse20": 0.0, "coordination_ring_potter0_20": 0.2, "centre_pots_sparse20": 21.0, "centre_pots_potter0_20": 0.65}
[pair_G] {"steps": 710656, "elapsed_s": 665.6, "coordination_ring_sparse20": 0.0, "coordination_ring_potter0_20": 0.2, "centre_pots_sparse20": 19.0, "centre_pots_potter0_20": 0.6}
[pair_G] {"steps": 712704, "elapsed_s": 667.5, "coordination_ring_sparse20": 0.0, "coordination_ring_potter0_20": 0.2, "centre_pots_sparse20": 18.0, "centre_pots_potter0_20": 0.65}
[pair_G] {"steps": 714752, "elapsed_s": 669.4, "coordination_ring_sparse20": 0.0, "coordination_ring_potter0_20": 0.2, "centre_pots_sparse20": 14.0, "centre_pots_potter0_20": 0.7}
[pair_G] {"steps": 716800, "elapsed_s": 671.4, "coordination_ring_sparse20": 0.0, "coordination_ring_potter0_20": 0.15, "centre_pots_sparse20": 13.0, "centre_pots_potter0_20": 0.6}
[pair_G] {"steps": 718848, "elapsed_s": 673.4, "coordination_ring_sparse20": 0.0, "coordination_ring_potter0_20": 0.15, "centre_pots_sparse20": 12.0, "centre_pots_potter0_20": 0.55}
[pair_G] {"steps": 720896, "elapsed_s": 675.6, "coordination_ring_sparse20": 0.0, "coordination_ring_potter0_20": 0.15, "centre_pots_sparse20": 18.0, "centre_pots_potter0_20": 0.65}
[pair_G] {"steps": 722944, "elapsed_s": 677.5, "coordination_ring_sparse20": 0.0, "coordination_ring_potter0_20": 0.1, "centre_pots_sparse20": 16.0, "centre_pots_potter0_20": 0.65}
[pair_G] {"steps": 724992, "elapsed_s": 679.3, "coordination_ring_sparse20": 0.0, "coordination_ring_potter0_20": 0.05, "centre_pots_sparse20": 17.0, "centre_pots_potter0_20": 0.6}
[pair_G] {"steps": 727040, "elapsed_s": 681.0, "coordination_ring_sparse20": 0.0, "coordination_ring_potter0_20": 0.05, "centre_pots_sparse20": 19.0, "centre_pots_potter0_20": 0.6}
[pair_G] {"steps": 729088, "elapsed_s": 683.0, "coordination_ring_sparse20": 0.0, "coordination_ring_potter0_20": 0.05, "centre_pots_sparse20": 21.0, "centre_pots_potter0_20": 0.6}
[pair_G] {"steps": 731136, "elapsed_s": 685.0, "coordination_ring_sparse20": 0.0, "coordination_ring_potter0_20": 0.05, "centre_pots_sparse20": 22.0, "centre_pots_potter0_20": 0.55}
[pair_G] {"steps": 733184, "elapsed_s": 686.6, "coordination_ring_sparse20": 0.0, "coordination_ring_potter0_20": 0.1, "centre_pots_sparse20": 21.0, "centre_pots_potter0_20": 0.55}
[pair_G] {"steps": 735232, "elapsed_s": 688.8, "coordination_ring_sparse20": 0.0, "coordination_ring_potter0_20": 0.1, "centre_pots_sparse20": 21.0, "centre_pots_potter0_20": 0.5}
[pair_G] {"steps": 737280, "elapsed_s": 690.5, "coordination_ring_sparse20": 0.0, "coordination_ring_potter0_20": 0.15, "centre_pots_sparse20": 22.0, "centre_pots_potter0_20": 0.45}
[pair_G] {"steps": 739328, "elapsed_s": 692.5, "coordination_ring_sparse20": 0.0, "coordination_ring_potter0_20": 0.15, "centre_pots_sparse20": 26.0, "centre_pots_potter0_20": 0.5}
[pair_G] {"steps": 741376, "elapsed_s": 694.3, "coordination_ring_sparse20": 0.0, "coordination_ring_potter0_20": 0.2, "centre_pots_sparse20": 24.0, "centre_pots_potter0_20": 0.5}
[pair_G] {"steps": 743424, "elapsed_s": 696.7, "coordination_ring_sparse20": 0.0, "coordination_ring_potter0_20": 0.2, "centre_pots_sparse20": 23.0, "centre_pots_potter0_20": 0.55}
[pair_G] {"steps": 745472, "elapsed_s": 698.3, "coordination_ring_sparse20": 0.0, "coordination_ring_potter0_20": 0.15, "centre_pots_sparse20": 25.0, "centre_pots_potter0_20": 0.6}
[pair_G] {"steps": 747520, "elapsed_s": 700.0, "coordination_ring_sparse20": 0.0, "coordination_ring_potter0_20": 0.15, "centre_pots_sparse20": 25.0, "centre_pots_potter0_20": 0.6}
[pair_G] {"steps": 749568, "elapsed_s": 701.8, "coordination_ring_sparse20": 0.0, "coordination_ring_potter0_20": 0.15, "centre_pots_sparse20": 24.0, "centre_pots_potter0_20": 0.6}
[pair_G] {"steps": 751616, "elapsed_s": 704.1, "coordination_ring_sparse20": 0.0, "coordination_ring_potter0_20": 0.15, "centre_pots_sparse20": 22.0, "centre_pots_potter0_20": 0.7}
[pair_G] {"steps": 753664, "elapsed_s": 705.9, "coordination_ring_sparse20": 0.0, "coordination_ring_potter0_20": 0.15, "centre_pots_sparse20": 21.0, "centre_pots_potter0_20": 0.7}
[pair_G] {"steps": 755712, "elapsed_s": 707.8, "coordination_ring_sparse20": 0.0, "coordination_ring_potter0_20": 0.1, "centre_pots_sparse20": 24.0, "centre_pots_potter0_20": 0.75}
[pair_G] {"steps": 757760, "elapsed_s": 709.5, "coordination_ring_sparse20": 0.0, "coordination_ring_potter0_20": 0.15, "centre_pots_sparse20": 24.0, "centre_pots_potter0_20": 0.75}
[pair_G] {"steps": 759808, "elapsed_s": 711.3, "coordination_ring_sparse20": 0.0, "coordination_ring_potter0_20": 0.15, "centre_pots_sparse20": 20.0, "centre_pots_potter0_20": 0.65}
[pair_G] {"steps": 761856, "elapsed_s": 713.1, "coordination_ring_sparse20": 0.0, "coordination_ring_potter0_20": 0.15, "centre_pots_sparse20": 17.0, "centre_pots_potter0_20": 0.65}
[pair_G] {"steps": 763904, "elapsed_s": 715.0, "coordination_ring_sparse20": 0.0, "coordination_ring_potter0_20": 0.15, "centre_pots_sparse20": 21.0, "centre_pots_potter0_20": 0.7}
[pair_G] {"steps": 765952, "elapsed_s": 717.0, "coordination_ring_sparse20": 0.0, "coordination_ring_potter0_20": 0.1, "centre_pots_sparse20": 23.0, "centre_pots_potter0_20": 0.6}
[pair_G] {"steps": 768000, "elapsed_s": 718.9, "coordination_ring_sparse20": 0.0, "coordination_ring_potter0_20": 0.15, "centre_pots_sparse20": 18.0, "centre_pots_potter0_20": 0.55}
[pair_G] {"steps": 770048, "elapsed_s": 720.8, "coordination_ring_sparse20": 0.0, "coordination_ring_potter0_20": 0.2, "centre_pots_sparse20": 18.0, "centre_pots_potter0_20": 0.6}
[pair_G] {"steps": 772096, "elapsed_s": 722.9, "coordination_ring_sparse20": 0.0, "coordination_ring_potter0_20": 0.2, "centre_pots_sparse20": 22.0, "centre_pots_potter0_20": 0.6}
[pair_G] {"steps": 774144, "elapsed_s": 725.0, "coordination_ring_sparse20": 0.0, "coordination_ring_potter0_20": 0.2, "centre_pots_sparse20": 25.0, "centre_pots_potter0_20": 0.6}
[pair_G] {"steps": 776192, "elapsed_s": 726.9, "coordination_ring_sparse20": 0.0, "coordination_ring_potter0_20": 0.2, "centre_pots_sparse20": 27.0, "centre_pots_potter0_20": 0.5}
[pair_G] {"steps": 778240, "elapsed_s": 729.1, "coordination_ring_sparse20": 0.0, "coordination_ring_potter0_20": 0.25, "centre_pots_sparse20": 26.0, "centre_pots_potter0_20": 0.4}
[pair_G] {"steps": 780288, "elapsed_s": 731.1, "coordination_ring_sparse20": 0.0, "coordination_ring_potter0_20": 0.25, "centre_pots_sparse20": 26.0, "centre_pots_potter0_20": 0.4}
[pair_G] {"steps": 782336, "elapsed_s": 733.7, "coordination_ring_sparse20": 0.0, "coordination_ring_potter0_20": 0.25, "centre_pots_sparse20": 26.0, "centre_pots_potter0_20": 0.35}
[pair_G] {"steps": 784384, "elapsed_s": 736.2, "coordination_ring_sparse20": 0.0, "coordination_ring_potter0_20": 0.25, "centre_pots_sparse20": 28.0, "centre_pots_potter0_20": 0.35}
[pair_G] {"steps": 786432, "elapsed_s": 738.8, "coordination_ring_sparse20": 0.0, "coordination_ring_potter0_20": 0.25, "centre_pots_sparse20": 25.0, "centre_pots_potter0_20": 0.3}
[pair_G] {"steps": 788480, "elapsed_s": 741.2, "coordination_ring_sparse20": 0.0, "coordination_ring_potter0_20": 0.2, "centre_pots_sparse20": 25.0, "centre_pots_potter0_20": 0.25}
[pair_G] {"steps": 790528, "elapsed_s": 743.5, "coordination_ring_sparse20": 0.0, "coordination_ring_potter0_20": 0.15, "centre_pots_sparse20": 25.0, "centre_pots_potter0_20": 0.25}
[pair_G] {"steps": 792576, "elapsed_s": 746.0, "coordination_ring_sparse20": 0.0, "coordination_ring_potter0_20": 0.15, "centre_pots_sparse20": 23.0, "centre_pots_potter0_20": 0.35}
[pair_G] {"steps": 794624, "elapsed_s": 748.4, "coordination_ring_sparse20": 0.0, "coordination_ring_potter0_20": 0.15, "centre_pots_sparse20": 23.0, "centre_pots_potter0_20": 0.3}
[pair_G] {"steps": 796672, "elapsed_s": 751.0, "coordination_ring_sparse20": 0.0, "coordination_ring_potter0_20": 0.15, "centre_pots_sparse20": 21.0, "centre_pots_potter0_20": 0.35}
[pair_G] {"steps": 798720, "elapsed_s": 753.4, "coordination_ring_sparse20": 0.0, "coordination_ring_potter0_20": 0.15, "centre_pots_sparse20": 19.0, "centre_pots_potter0_20": 0.4}
[pair_G] {"steps": 800768, "elapsed_s": 755.9, "coordination_ring_sparse20": 0.0, "coordination_ring_potter0_20": 0.15, "centre_pots_sparse20": 17.0, "centre_pots_potter0_20": 0.35}
[pair_G] {"steps": 802816, "elapsed_s": 758.5, "coordination_ring_sparse20": 0.0, "coordination_ring_potter0_20": 0.1, "centre_pots_sparse20": 17.0, "centre_pots_potter0_20": 0.35}
[pair_G] {"steps": 804864, "elapsed_s": 760.9, "coordination_ring_sparse20": 0.0, "coordination_ring_potter0_20": 0.05, "centre_pots_sparse20": 18.0, "centre_pots_potter0_20": 0.35}
[pair_G] {"steps": 806912, "elapsed_s": 763.1, "coordination_ring_sparse20": 0.0, "coordination_ring_potter0_20": 0.1, "centre_pots_sparse20": 18.0, "centre_pots_potter0_20": 0.35}
[pair_G] {"steps": 808960, "elapsed_s": 764.8, "coordination_ring_sparse20": 0.0, "coordination_ring_potter0_20": 0.05, "centre_pots_sparse20": 18.0, "centre_pots_potter0_20": 0.4}
[pair_G] {"steps": 811008, "elapsed_s": 766.4, "coordination_ring_sparse20": 0.0, "coordination_ring_potter0_20": 0.05, "centre_pots_sparse20": 18.0, "centre_pots_potter0_20": 0.4}
[pair_G] {"steps": 813056, "elapsed_s": 768.2, "coordination_ring_sparse20": 0.0, "coordination_ring_potter0_20": 0.05, "centre_pots_sparse20": 17.0, "centre_pots_potter0_20": 0.4}
[pair_G] {"steps": 815104, "elapsed_s": 770.2, "coordination_ring_sparse20": 0.0, "coordination_ring_potter0_20": 0.05, "centre_pots_sparse20": 18.0, "centre_pots_potter0_20": 0.4}
[pair_G] {"steps": 817152, "elapsed_s": 771.9, "coordination_ring_sparse20": 0.0, "coordination_ring_potter0_20": 0.1, "centre_pots_sparse20": 22.0, "centre_pots_potter0_20": 0.4}
[pair_G] {"steps": 819200, "elapsed_s": 773.7, "coordination_ring_sparse20": 0.0, "coordination_ring_potter0_20": 0.1, "centre_pots_sparse20": 22.0, "centre_pots_potter0_20": 0.4}
[pair_G] {"steps": 821248, "elapsed_s": 775.4, "coordination_ring_sparse20": 0.0, "coordination_ring_potter0_20": 0.05, "centre_pots_sparse20": 25.0, "centre_pots_potter0_20": 0.35}
[pair_G] {"steps": 823296, "elapsed_s": 777.5, "coordination_ring_sparse20": 0.0, "coordination_ring_potter0_20": 0.05, "centre_pots_sparse20": 22.0, "centre_pots_potter0_20": 0.4}
[pair_G] {"steps": 825344, "elapsed_s": 779.7, "coordination_ring_sparse20": 0.0, "coordination_ring_potter0_20": 0.05, "centre_pots_sparse20": 24.0, "centre_pots_potter0_20": 0.4}
[pair_G] {"steps": 827392, "elapsed_s": 781.6, "coordination_ring_sparse20": 0.0, "coordination_ring_potter0_20": 0.05, "centre_pots_sparse20": 24.0, "centre_pots_potter0_20": 0.45}
[pair_G] {"steps": 829440, "elapsed_s": 783.6, "coordination_ring_sparse20": 0.0, "coordination_ring_potter0_20": 0.05, "centre_pots_sparse20": 24.0, "centre_pots_potter0_20": 0.45}
[pair_G] {"steps": 831488, "elapsed_s": 785.2, "coordination_ring_sparse20": 0.0, "coordination_ring_potter0_20": 0.05, "centre_pots_sparse20": 24.0, "centre_pots_potter0_20": 0.5}
[pair_G] {"steps": 833536, "elapsed_s": 787.0, "coordination_ring_sparse20": 0.0, "coordination_ring_potter0_20": 0.05, "centre_pots_sparse20": 24.0, "centre_pots_potter0_20": 0.45}
[pair_G] {"steps": 835584, "elapsed_s": 788.9, "coordination_ring_sparse20": 0.0, "coordination_ring_potter0_20": 0.0, "centre_pots_sparse20": 22.0, "centre_pots_potter0_20": 0.55}
[pair_G] {"steps": 837632, "elapsed_s": 790.9, "coordination_ring_sparse20": 0.0, "coordination_ring_potter0_20": 0.0, "centre_pots_sparse20": 22.0, "centre_pots_potter0_20": 0.5}
[pair_G] {"steps": 839680, "elapsed_s": 792.9, "coordination_ring_sparse20": 0.0, "coordination_ring_potter0_20": 0.05, "centre_pots_sparse20": 25.0, "centre_pots_potter0_20": 0.4}
[pair_G] {"steps": 841728, "elapsed_s": 794.8, "coordination_ring_sparse20": 0.0, "coordination_ring_potter0_20": 0.1, "centre_pots_sparse20": 28.0, "centre_pots_potter0_20": 0.45}
[pair_G] {"steps": 843776, "elapsed_s": 796.6, "coordination_ring_sparse20": 0.0, "coordination_ring_potter0_20": 0.1, "centre_pots_sparse20": 28.0, "centre_pots_potter0_20": 0.4}
[pair_G] {"steps": 845824, "elapsed_s": 798.3, "coordination_ring_sparse20": 0.0, "coordination_ring_potter0_20": 0.1, "centre_pots_sparse20": 27.0, "centre_pots_potter0_20": 0.45}
[pair_G] {"steps": 847872, "elapsed_s": 800.0, "coordination_ring_sparse20": 0.0, "coordination_ring_potter0_20": 0.1, "centre_pots_sparse20": 24.0, "centre_pots_potter0_20": 0.5}
[pair_G] {"steps": 849920, "elapsed_s": 802.2, "coordination_ring_sparse20": 0.0, "coordination_ring_potter0_20": 0.1, "centre_pots_sparse20": 25.0, "centre_pots_potter0_20": 0.5}
[pair_G] {"steps": 851968, "elapsed_s": 804.0, "coordination_ring_sparse20": 0.0, "coordination_ring_potter0_20": 0.2, "centre_pots_sparse20": 22.0, "centre_pots_potter0_20": 0.4}
[pair_G] {"steps": 854016, "elapsed_s": 806.3, "coordination_ring_sparse20": 0.0, "coordination_ring_potter0_20": 0.25, "centre_pots_sparse20": 18.0, "centre_pots_potter0_20": 0.3}
[pair_G] {"steps": 856064, "elapsed_s": 808.0, "coordination_ring_sparse20": 0.0, "coordination_ring_potter0_20": 0.25, "centre_pots_sparse20": 16.0, "centre_pots_potter0_20": 0.35}
[pair_G] {"steps": 858112, "elapsed_s": 810.2, "coordination_ring_sparse20": 0.0, "coordination_ring_potter0_20": 0.2, "centre_pots_sparse20": 14.0, "centre_pots_potter0_20": 0.35}
[pair_G] {"steps": 860160, "elapsed_s": 812.0, "coordination_ring_sparse20": 0.0, "coordination_ring_potter0_20": 0.2, "centre_pots_sparse20": 14.0, "centre_pots_potter0_20": 0.25}
[pair_G] {"steps": 862208, "elapsed_s": 814.1, "coordination_ring_sparse20": 0.0, "coordination_ring_potter0_20": 0.15, "centre_pots_sparse20": 15.0, "centre_pots_potter0_20": 0.25}
[pair_G] {"steps": 864256, "elapsed_s": 816.0, "coordination_ring_sparse20": 0.0, "coordination_ring_potter0_20": 0.25, "centre_pots_sparse20": 16.0, "centre_pots_potter0_20": 0.2}
[pair_G] {"steps": 866304, "elapsed_s": 817.9, "coordination_ring_sparse20": 0.0, "coordination_ring_potter0_20": 0.25, "centre_pots_sparse20": 17.0, "centre_pots_potter0_20": 0.4}
[pair_G] {"steps": 868352, "elapsed_s": 819.7, "coordination_ring_sparse20": 0.0, "coordination_ring_potter0_20": 0.25, "centre_pots_sparse20": 18.0, "centre_pots_potter0_20": 0.5}
[pair_G] {"steps": 870400, "elapsed_s": 821.3, "coordination_ring_sparse20": 0.0, "coordination_ring_potter0_20": 0.2, "centre_pots_sparse20": 21.0, "centre_pots_potter0_20": 0.5}
[pair_G] {"steps": 872448, "elapsed_s": 823.3, "coordination_ring_sparse20": 0.0, "coordination_ring_potter0_20": 0.15, "centre_pots_sparse20": 22.0, "centre_pots_potter0_20": 0.55}
[pair_G] {"steps": 874496, "elapsed_s": 825.2, "coordination_ring_sparse20": 0.0, "coordination_ring_potter0_20": 0.2, "centre_pots_sparse20": 22.0, "centre_pots_potter0_20": 0.55}
[pair_G] {"steps": 876544, "elapsed_s": 827.0, "coordination_ring_sparse20": 0.0, "coordination_ring_potter0_20": 0.3, "centre_pots_sparse20": 22.0, "centre_pots_potter0_20": 0.6}
[pair_G] {"steps": 878592, "elapsed_s": 829.1, "coordination_ring_sparse20": 0.0, "coordination_ring_potter0_20": 0.3, "centre_pots_sparse20": 22.0, "centre_pots_potter0_20": 0.65}
[pair_G] {"steps": 880640, "elapsed_s": 830.9, "coordination_ring_sparse20": 0.0, "coordination_ring_potter0_20": 0.35, "centre_pots_sparse20": 22.0, "centre_pots_potter0_20": 0.7}
[pair_G] {"steps": 882688, "elapsed_s": 832.4, "coordination_ring_sparse20": 0.0, "coordination_ring_potter0_20": 0.35, "centre_pots_sparse20": 23.0, "centre_pots_potter0_20": 0.7}
[pair_G] {"steps": 884736, "elapsed_s": 834.5, "coordination_ring_sparse20": 0.0, "coordination_ring_potter0_20": 0.35, "centre_pots_sparse20": 20.0, "centre_pots_potter0_20": 0.7}
[pair_G] {"steps": 886784, "elapsed_s": 837.1, "coordination_ring_sparse20": 0.0, "coordination_ring_potter0_20": 0.35, "centre_pots_sparse20": 22.0, "centre_pots_potter0_20": 0.65}
[pair_G] {"steps": 888832, "elapsed_s": 839.6, "coordination_ring_sparse20": 0.0, "coordination_ring_potter0_20": 0.3, "centre_pots_sparse20": 18.0, "centre_pots_potter0_20": 0.5}
[pair_G] {"steps": 890880, "elapsed_s": 842.3, "coordination_ring_sparse20": 0.0, "coordination_ring_potter0_20": 0.25, "centre_pots_sparse20": 20.0, "centre_pots_potter0_20": 0.4}
[pair_G] {"steps": 892928, "elapsed_s": 844.8, "coordination_ring_sparse20": 0.0, "coordination_ring_potter0_20": 0.2, "centre_pots_sparse20": 20.0, "centre_pots_potter0_20": 0.45}
[pair_G] {"steps": 894976, "elapsed_s": 846.9, "coordination_ring_sparse20": 0.0, "coordination_ring_potter0_20": 0.2, "centre_pots_sparse20": 21.0, "centre_pots_potter0_20": 0.5}
[pair_G] {"steps": 897024, "elapsed_s": 849.0, "coordination_ring_sparse20": 0.0, "coordination_ring_potter0_20": 0.15, "centre_pots_sparse20": 18.0, "centre_pots_potter0_20": 0.55}
[pair_G] {"steps": 899072, "elapsed_s": 851.1, "coordination_ring_sparse20": 0.0, "coordination_ring_potter0_20": 0.15, "centre_pots_sparse20": 20.0, "centre_pots_potter0_20": 0.6}
[pair_G] {"steps": 901120, "elapsed_s": 852.6, "coordination_ring_sparse20": 0.0, "coordination_ring_potter0_20": 0.2, "centre_pots_sparse20": 20.0, "centre_pots_potter0_20": 0.6}
[pair_G] {"steps": 903168, "elapsed_s": 854.4, "coordination_ring_sparse20": 0.0, "coordination_ring_potter0_20": 0.25, "centre_pots_sparse20": 23.0, "centre_pots_potter0_20": 0.6}
[pair_G] {"steps": 905216, "elapsed_s": 856.4, "coordination_ring_sparse20": 0.0, "coordination_ring_potter0_20": 0.35, "centre_pots_sparse20": 21.0, "centre_pots_potter0_20": 0.65}
[pair_G] {"steps": 907264, "elapsed_s": 858.1, "coordination_ring_sparse20": 0.0, "coordination_ring_potter0_20": 0.35, "centre_pots_sparse20": 20.0, "centre_pots_potter0_20": 0.65}
[pair_G] {"steps": 909312, "elapsed_s": 859.8, "coordination_ring_sparse20": 0.0, "coordination_ring_potter0_20": 0.4, "centre_pots_sparse20": 20.0, "centre_pots_potter0_20": 0.65}
[pair_G] {"steps": 911360, "elapsed_s": 861.4, "coordination_ring_sparse20": 0.0, "coordination_ring_potter0_20": 0.4, "centre_pots_sparse20": 21.0, "centre_pots_potter0_20": 0.55}
[pair_G] {"steps": 913408, "elapsed_s": 863.3, "coordination_ring_sparse20": 0.0, "coordination_ring_potter0_20": 0.4, "centre_pots_sparse20": 21.0, "centre_pots_potter0_20": 0.55}
[pair_G] {"steps": 915456, "elapsed_s": 865.1, "coordination_ring_sparse20": 0.0, "coordination_ring_potter0_20": 0.35, "centre_pots_sparse20": 24.0, "centre_pots_potter0_20": 0.55}
[pair_G] {"steps": 917504, "elapsed_s": 866.8, "coordination_ring_sparse20": 0.0, "coordination_ring_potter0_20": 0.25, "centre_pots_sparse20": 24.0, "centre_pots_potter0_20": 0.45}
[pair_G] {"steps": 919552, "elapsed_s": 868.9, "coordination_ring_sparse20": 0.0, "coordination_ring_potter0_20": 0.25, "centre_pots_sparse20": 23.0, "centre_pots_potter0_20": 0.5}
[pair_G] {"steps": 921600, "elapsed_s": 870.6, "coordination_ring_sparse20": 0.0, "coordination_ring_potter0_20": 0.3, "centre_pots_sparse20": 26.0, "centre_pots_potter0_20": 0.55}
[pair_G] {"steps": 923648, "elapsed_s": 872.5, "coordination_ring_sparse20": 0.0, "coordination_ring_potter0_20": 0.25, "centre_pots_sparse20": 27.0, "centre_pots_potter0_20": 0.65}
[pair_G] {"steps": 925696, "elapsed_s": 874.3, "coordination_ring_sparse20": 0.0, "coordination_ring_potter0_20": 0.25, "centre_pots_sparse20": 29.0, "centre_pots_potter0_20": 0.6}
[pair_G] {"steps": 927744, "elapsed_s": 876.1, "coordination_ring_sparse20": 0.0, "coordination_ring_potter0_20": 0.25, "centre_pots_sparse20": 27.0, "centre_pots_potter0_20": 0.6}
[pair_G] {"steps": 929792, "elapsed_s": 878.1, "coordination_ring_sparse20": 0.0, "coordination_ring_potter0_20": 0.2, "centre_pots_sparse20": 29.0, "centre_pots_potter0_20": 0.55}
[pair_G] {"steps": 931840, "elapsed_s": 880.1, "coordination_ring_sparse20": 0.0, "coordination_ring_potter0_20": 0.2, "centre_pots_sparse20": 33.0, "centre_pots_potter0_20": 0.6}
[pair_G] {"steps": 933888, "elapsed_s": 882.3, "coordination_ring_sparse20": 0.0, "coordination_ring_potter0_20": 0.2, "centre_pots_sparse20": 30.0, "centre_pots_potter0_20": 0.6}
[pair_G] {"steps": 935936, "elapsed_s": 884.0, "coordination_ring_sparse20": 0.0, "coordination_ring_potter0_20": 0.15, "centre_pots_sparse20": 27.0, "centre_pots_potter0_20": 0.65}
[pair_G] {"steps": 937984, "elapsed_s": 885.8, "coordination_ring_sparse20": 0.0, "coordination_ring_potter0_20": 0.15, "centre_pots_sparse20": 24.0, "centre_pots_potter0_20": 0.5}
[pair_G] {"steps": 940032, "elapsed_s": 887.7, "coordination_ring_sparse20": 0.0, "coordination_ring_potter0_20": 0.15, "centre_pots_sparse20": 25.0, "centre_pots_potter0_20": 0.5}
[pair_G] {"steps": 942080, "elapsed_s": 889.3, "coordination_ring_sparse20": 0.0, "coordination_ring_potter0_20": 0.15, "centre_pots_sparse20": 25.0, "centre_pots_potter0_20": 0.5}
[pair_G] {"steps": 944128, "elapsed_s": 891.2, "coordination_ring_sparse20": 0.0, "coordination_ring_potter0_20": 0.15, "centre_pots_sparse20": 28.0, "centre_pots_potter0_20": 0.5}
[pair_G] {"steps": 946176, "elapsed_s": 892.8, "coordination_ring_sparse20": 0.0, "coordination_ring_potter0_20": 0.2, "centre_pots_sparse20": 28.0, "centre_pots_potter0_20": 0.5}
[pair_G] {"steps": 948224, "elapsed_s": 895.1, "coordination_ring_sparse20": 0.0, "coordination_ring_potter0_20": 0.25, "centre_pots_sparse20": 30.0, "centre_pots_potter0_20": 0.5}
[pair_G] {"steps": 950272, "elapsed_s": 897.2, "coordination_ring_sparse20": 0.0, "coordination_ring_potter0_20": 0.25, "centre_pots_sparse20": 25.0, "centre_pots_potter0_20": 0.5}
[pair_G] {"steps": 952320, "elapsed_s": 899.0, "coordination_ring_sparse20": 0.0, "coordination_ring_potter0_20": 0.2, "centre_pots_sparse20": 26.0, "centre_pots_potter0_20": 0.55}
[pair_G] {"steps": 954368, "elapsed_s": 900.9, "coordination_ring_sparse20": 0.0, "coordination_ring_potter0_20": 0.2, "centre_pots_sparse20": 28.0, "centre_pots_potter0_20": 0.55}
[pair_G] {"steps": 956416, "elapsed_s": 902.9, "coordination_ring_sparse20": 0.0, "coordination_ring_potter0_20": 0.15, "centre_pots_sparse20": 31.0, "centre_pots_potter0_20": 0.5}
[pair_G] {"steps": 958464, "elapsed_s": 904.6, "coordination_ring_sparse20": 0.0, "coordination_ring_potter0_20": 0.2, "centre_pots_sparse20": 32.0, "centre_pots_potter0_20": 0.5}
[pair_G] {"steps": 960512, "elapsed_s": 906.6, "coordination_ring_sparse20": 0.0, "coordination_ring_potter0_20": 0.2, "centre_pots_sparse20": 33.0, "centre_pots_potter0_20": 0.5}
[pair_G] {"steps": 962560, "elapsed_s": 908.3, "coordination_ring_sparse20": 0.0, "coordination_ring_potter0_20": 0.2, "centre_pots_sparse20": 30.0, "centre_pots_potter0_20": 0.55}
[pair_G] {"steps": 964608, "elapsed_s": 910.4, "coordination_ring_sparse20": 0.0, "coordination_ring_potter0_20": 0.2, "centre_pots_sparse20": 32.0, "centre_pots_potter0_20": 0.45}
[pair_G] {"steps": 966656, "elapsed_s": 912.1, "coordination_ring_sparse20": 0.0, "coordination_ring_potter0_20": 0.2, "centre_pots_sparse20": 32.0, "centre_pots_potter0_20": 0.45}
[pair_G] {"steps": 968704, "elapsed_s": 913.9, "coordination_ring_sparse20": 0.0, "coordination_ring_potter0_20": 0.2, "centre_pots_sparse20": 32.0, "centre_pots_potter0_20": 0.45}
[pair_G] {"steps": 970752, "elapsed_s": 915.5, "coordination_ring_sparse20": 0.0, "coordination_ring_potter0_20": 0.15, "centre_pots_sparse20": 35.0, "centre_pots_potter0_20": 0.4}
[pair_G] {"steps": 972800, "elapsed_s": 917.3, "coordination_ring_sparse20": 0.0, "coordination_ring_potter0_20": 0.1, "centre_pots_sparse20": 34.0, "centre_pots_potter0_20": 0.35}
[pair_G] {"steps": 974848, "elapsed_s": 919.8, "coordination_ring_sparse20": 0.0, "coordination_ring_potter0_20": 0.1, "centre_pots_sparse20": 27.0, "centre_pots_potter0_20": 0.4}
[pair_G] {"steps": 976896, "elapsed_s": 922.1, "coordination_ring_sparse20": 0.0, "coordination_ring_potter0_20": 0.1, "centre_pots_sparse20": 24.0, "centre_pots_potter0_20": 0.35}
[pair_G] {"steps": 978944, "elapsed_s": 923.8, "coordination_ring_sparse20": 0.0, "coordination_ring_potter0_20": 0.05, "centre_pots_sparse20": 24.0, "centre_pots_potter0_20": 0.35}
[pair_G] {"steps": 980992, "elapsed_s": 925.4, "coordination_ring_sparse20": 0.0, "coordination_ring_potter0_20": 0.05, "centre_pots_sparse20": 26.0, "centre_pots_potter0_20": 0.4}
[pair_G] {"steps": 983040, "elapsed_s": 927.1, "coordination_ring_sparse20": 0.0, "coordination_ring_potter0_20": 0.05, "centre_pots_sparse20": 26.0, "centre_pots_potter0_20": 0.45}
[pair_G] {"steps": 985088, "elapsed_s": 929.1, "coordination_ring_sparse20": 0.0, "coordination_ring_potter0_20": 0.05, "centre_pots_sparse20": 24.0, "centre_pots_potter0_20": 0.4}
[pair_G] {"steps": 987136, "elapsed_s": 931.5, "coordination_ring_sparse20": 0.0, "coordination_ring_potter0_20": 0.05, "centre_pots_sparse20": 31.0, "centre_pots_potter0_20": 0.35}
[pair_G] {"steps": 989184, "elapsed_s": 933.3, "coordination_ring_sparse20": 0.0, "coordination_ring_potter0_20": 0.1, "centre_pots_sparse20": 32.0, "centre_pots_potter0_20": 0.3}
[pair_G] {"steps": 991232, "elapsed_s": 935.4, "coordination_ring_sparse20": 0.0, "coordination_ring_potter0_20": 0.1, "centre_pots_sparse20": 35.0, "centre_pots_potter0_20": 0.35}
[pair_G] {"steps": 993280, "elapsed_s": 937.3, "coordination_ring_sparse20": 0.0, "coordination_ring_potter0_20": 0.15, "centre_pots_sparse20": 35.0, "centre_pots_potter0_20": 0.25}
[pair_G] {"steps": 995328, "elapsed_s": 938.9, "coordination_ring_sparse20": 0.0, "coordination_ring_potter0_20": 0.25, "centre_pots_sparse20": 35.0, "centre_pots_potter0_20": 0.2}
[pair_G] {"steps": 997376, "elapsed_s": 941.4, "coordination_ring_sparse20": 0.0, "coordination_ring_potter0_20": 0.25, "centre_pots_sparse20": 36.0, "centre_pots_potter0_20": 0.2}
[pair_G] {"steps": 999424, "elapsed_s": 943.3, "coordination_ring_sparse20": 0.0, "coordination_ring_potter0_20": 0.25, "centre_pots_sparse20": 35.0, "centre_pots_potter0_20": 0.15}
[pair_G] {"steps": 1001472, "elapsed_s": 945.1, "coordination_ring_sparse20": 0.0, "coordination_ring_potter0_20": 0.25, "centre_pots_sparse20": 32.0, "centre_pots_potter0_20": 0.2}
[pair_G] {"steps": 1003520, "elapsed_s": 947.3, "coordination_ring_sparse20": 0.0, "coordination_ring_potter0_20": 0.2, "centre_pots_sparse20": 32.0, "centre_pots_potter0_20": 0.2}
[pair_G] {"steps": 1005568, "elapsed_s": 949.0, "coordination_ring_sparse20": 0.0, "coordination_ring_potter0_20": 0.3, "centre_pots_sparse20": 31.0, "centre_pots_potter0_20": 0.15}
[pair_G] {"steps": 1007616, "elapsed_s": 950.9, "coordination_ring_sparse20": 0.0, "coordination_ring_potter0_20": 0.3, "centre_pots_sparse20": 28.0, "centre_pots_potter0_20": 0.15}
[pair_G] {"steps": 1009664, "elapsed_s": 952.9, "coordination_ring_sparse20": 0.0, "coordination_ring_potter0_20": 0.25, "centre_pots_sparse20": 30.0, "centre_pots_potter0_20": 0.2}
[pair_G] {"steps": 1011712, "elapsed_s": 954.6, "coordination_ring_sparse20": 0.0, "coordination_ring_potter0_20": 0.15, "centre_pots_sparse20": 31.0, "centre_pots_potter0_20": 0.2}
[pair_G] {"steps": 1013760, "elapsed_s": 956.4, "coordination_ring_sparse20": 0.0, "coordination_ring_potter0_20": 0.2, "centre_pots_sparse20": 31.0, "centre_pots_potter0_20": 0.25}
[pair_G] {"steps": 1015808, "elapsed_s": 958.4, "coordination_ring_sparse20": 0.0, "coordination_ring_potter0_20": 0.25, "centre_pots_sparse20": 30.0, "centre_pots_potter0_20": 0.3}
[pair_G] {"steps": 1017856, "elapsed_s": 960.2, "coordination_ring_sparse20": 0.0, "coordination_ring_potter0_20": 0.3, "centre_pots_sparse20": 28.0, "centre_pots_potter0_20": 0.3}
[pair_G] {"steps": 1019904, "elapsed_s": 962.4, "coordination_ring_sparse20": 0.0, "coordination_ring_potter0_20": 0.3, "centre_pots_sparse20": 28.0, "centre_pots_potter0_20": 0.25}
[pair_G] {"steps": 1021952, "elapsed_s": 964.3, "coordination_ring_sparse20": 0.0, "coordination_ring_potter0_20": 0.2, "centre_pots_sparse20": 31.0, "centre_pots_potter0_20": 0.3}
[pair_G] {"steps": 1024000, "elapsed_s": 966.3, "coordination_ring_sparse20": 0.0, "coordination_ring_potter0_20": 0.15, "centre_pots_sparse20": 32.0, "centre_pots_potter0_20": 0.35}
[pair_G] {"steps": 1026048, "elapsed_s": 968.3, "coordination_ring_sparse20": 0.0, "coordination_ring_potter0_20": 0.15, "centre_pots_sparse20": 31.0, "centre_pots_potter0_20": 0.4}
[pair_G] {"steps": 1028096, "elapsed_s": 970.7, "coordination_ring_sparse20": 0.0, "coordination_ring_potter0_20": 0.15, "centre_pots_sparse20": 34.0, "centre_pots_potter0_20": 0.35}
[pair_G] {"steps": 1030144, "elapsed_s": 972.6, "coordination_ring_sparse20": 0.0, "coordination_ring_potter0_20": 0.2, "centre_pots_sparse20": 34.0, "centre_pots_potter0_20": 0.3}
[pair_G] {"steps": 1032192, "elapsed_s": 974.4, "coordination_ring_sparse20": 0.0, "coordination_ring_potter0_20": 0.15, "centre_pots_sparse20": 37.0, "centre_pots_potter0_20": 0.35}
[pair_G] {"steps": 1034240, "elapsed_s": 976.7, "coordination_ring_sparse20": 0.0, "coordination_ring_potter0_20": 0.1, "centre_pots_sparse20": 35.0, "centre_pots_potter0_20": 0.45}
[pair_G] {"steps": 1036288, "elapsed_s": 979.1, "coordination_ring_sparse20": 0.0, "coordination_ring_potter0_20": 0.05, "centre_pots_sparse20": 33.0, "centre_pots_potter0_20": 0.45}
[pair_G] {"steps": 1038336, "elapsed_s": 981.9, "coordination_ring_sparse20": 0.0, "coordination_ring_potter0_20": 0.05, "centre_pots_sparse20": 31.0, "centre_pots_potter0_20": 0.45}
[pair_G] {"steps": 1040384, "elapsed_s": 983.6, "coordination_ring_sparse20": 0.0, "coordination_ring_potter0_20": 0.15, "centre_pots_sparse20": 31.0, "centre_pots_potter0_20": 0.45}
[pair_G] {"steps": 1042432, "elapsed_s": 985.5, "coordination_ring_sparse20": 0.0, "coordination_ring_potter0_20": 0.2, "centre_pots_sparse20": 31.0, "centre_pots_potter0_20": 0.5}
[pair_G] {"steps": 1044480, "elapsed_s": 987.6, "coordination_ring_sparse20": 0.0, "coordination_ring_potter0_20": 0.25, "centre_pots_sparse20": 32.0, "centre_pots_potter0_20": 0.5}
[pair_G] {"steps": 1046528, "elapsed_s": 989.6, "coordination_ring_sparse20": 0.0, "coordination_ring_potter0_20": 0.2, "centre_pots_sparse20": 28.0, "centre_pots_potter0_20": 0.45}
[pair_G] {"steps": 1048576, "elapsed_s": 991.3, "coordination_ring_sparse20": 0.0, "coordination_ring_potter0_20": 0.2, "centre_pots_sparse20": 31.0, "centre_pots_potter0_20": 0.45}
[pair_G] {"steps": 1050624, "elapsed_s": 993.1, "coordination_ring_sparse20": 0.0, "coordination_ring_potter0_20": 0.25, "centre_pots_sparse20": 31.0, "centre_pots_potter0_20": 0.4}
[pair_G] {"steps": 1052672, "elapsed_s": 995.1, "coordination_ring_sparse20": 0.0, "coordination_ring_potter0_20": 0.25, "centre_pots_sparse20": 32.0, "centre_pots_potter0_20": 0.4}
[pair_G] {"steps": 1054720, "elapsed_s": 996.9, "coordination_ring_sparse20": 0.0, "coordination_ring_potter0_20": 0.15, "centre_pots_sparse20": 35.0, "centre_pots_potter0_20": 0.45}
[pair_G] {"steps": 1056768, "elapsed_s": 998.6, "coordination_ring_sparse20": 0.0, "coordination_ring_potter0_20": 0.15, "centre_pots_sparse20": 35.0, "centre_pots_potter0_20": 0.45}
[pair_G] {"steps": 1058816, "elapsed_s": 1000.6, "coordination_ring_sparse20": 0.0, "coordination_ring_potter0_20": 0.15, "centre_pots_sparse20": 36.0, "centre_pots_potter0_20": 0.45}
[pair_G] {"steps": 1060864, "elapsed_s": 1002.9, "coordination_ring_sparse20": 0.0, "coordination_ring_potter0_20": 0.15, "centre_pots_sparse20": 37.0, "centre_pots_potter0_20": 0.45}
[pair_G] {"steps": 1062912, "elapsed_s": 1005.0, "coordination_ring_sparse20": 0.0, "coordination_ring_potter0_20": 0.15, "centre_pots_sparse20": 39.0, "centre_pots_potter0_20": 0.4}
[pair_G] {"steps": 1064960, "elapsed_s": 1006.8, "coordination_ring_sparse20": 0.0, "coordination_ring_potter0_20": 0.2, "centre_pots_sparse20": 37.0, "centre_pots_potter0_20": 0.4}
[pair_G] {"steps": 1067008, "elapsed_s": 1008.8, "coordination_ring_sparse20": 0.0, "coordination_ring_potter0_20": 0.2, "centre_pots_sparse20": 34.0, "centre_pots_potter0_20": 0.45}
[pair_G] {"steps": 1069056, "elapsed_s": 1010.7, "coordination_ring_sparse20": 0.0, "coordination_ring_potter0_20": 0.15, "centre_pots_sparse20": 34.0, "centre_pots_potter0_20": 0.45}
[pair_G] {"steps": 1071104, "elapsed_s": 1012.7, "coordination_ring_sparse20": 0.0, "coordination_ring_potter0_20": 0.15, "centre_pots_sparse20": 28.0, "centre_pots_potter0_20": 0.35}
[pair_G] {"steps": 1073152, "elapsed_s": 1014.5, "coordination_ring_sparse20": 0.0, "coordination_ring_potter0_20": 0.15, "centre_pots_sparse20": 25.0, "centre_pots_potter0_20": 0.35}
[pair_G] {"steps": 1075200, "elapsed_s": 1016.6, "coordination_ring_sparse20": 0.0, "coordination_ring_potter0_20": 0.2, "centre_pots_sparse20": 23.0, "centre_pots_potter0_20": 0.3}
[pair_G] {"steps": 1077248, "elapsed_s": 1018.5, "coordination_ring_sparse20": 0.0, "coordination_ring_potter0_20": 0.25, "centre_pots_sparse20": 23.0, "centre_pots_potter0_20": 0.35}
[pair_G] {"steps": 1079296, "elapsed_s": 1020.4, "coordination_ring_sparse20": 0.0, "coordination_ring_potter0_20": 0.3, "centre_pots_sparse20": 25.0, "centre_pots_potter0_20": 0.4}
[pair_G] {"steps": 1081344, "elapsed_s": 1022.0, "coordination_ring_sparse20": 0.0, "coordination_ring_potter0_20": 0.3, "centre_pots_sparse20": 23.0, "centre_pots_potter0_20": 0.35}
[pair_G] {"steps": 1083392, "elapsed_s": 1024.3, "coordination_ring_sparse20": 0.0, "coordination_ring_potter0_20": 0.3, "centre_pots_sparse20": 23.0, "centre_pots_potter0_20": 0.35}
[pair_G] {"steps": 1085440, "elapsed_s": 1026.7, "coordination_ring_sparse20": 0.0, "coordination_ring_potter0_20": 0.3, "centre_pots_sparse20": 24.0, "centre_pots_potter0_20": 0.3}
[pair_G] {"steps": 1087488, "elapsed_s": 1029.1, "coordination_ring_sparse20": 0.0, "coordination_ring_potter0_20": 0.3, "centre_pots_sparse20": 23.0, "centre_pots_potter0_20": 0.3}
[pair_G] {"steps": 1089536, "elapsed_s": 1031.4, "coordination_ring_sparse20": 0.0, "coordination_ring_potter0_20": 0.25, "centre_pots_sparse20": 23.0, "centre_pots_potter0_20": 0.3}
[pair_G] {"steps": 1091584, "elapsed_s": 1033.8, "coordination_ring_sparse20": 0.0, "coordination_ring_potter0_20": 0.2, "centre_pots_sparse20": 24.0, "centre_pots_potter0_20": 0.3}
[pair_G] {"steps": 1093632, "elapsed_s": 1036.5, "coordination_ring_sparse20": 0.0, "coordination_ring_potter0_20": 0.2, "centre_pots_sparse20": 23.0, "centre_pots_potter0_20": 0.3}
[pair_G] {"steps": 1095680, "elapsed_s": 1038.2, "coordination_ring_sparse20": 0.0, "coordination_ring_potter0_20": 0.15, "centre_pots_sparse20": 25.0, "centre_pots_potter0_20": 0.35}
[pair_G] {"steps": 1097728, "elapsed_s": 1040.5, "coordination_ring_sparse20": 0.0, "coordination_ring_potter0_20": 0.2, "centre_pots_sparse20": 28.0, "centre_pots_potter0_20": 0.4}
[pair_G] {"steps": 1099776, "elapsed_s": 1043.1, "coordination_ring_sparse20": 0.0, "coordination_ring_potter0_20": 0.3, "centre_pots_sparse20": 28.0, "centre_pots_potter0_20": 0.4}
[pair_G] {"steps": 1101824, "elapsed_s": 1045.0, "coordination_ring_sparse20": 0.0, "coordination_ring_potter0_20": 0.35, "centre_pots_sparse20": 27.0, "centre_pots_potter0_20": 0.45}
[pair_G] {"steps": 1103872, "elapsed_s": 1047.0, "coordination_ring_sparse20": 0.0, "coordination_ring_potter0_20": 0.35, "centre_pots_sparse20": 24.0, "centre_pots_potter0_20": 0.45}
[pair_G] {"steps": 1105920, "elapsed_s": 1049.1, "coordination_ring_sparse20": 0.0, "coordination_ring_potter0_20": 0.35, "centre_pots_sparse20": 27.0, "centre_pots_potter0_20": 0.35}
[pair_G] {"steps": 1107968, "elapsed_s": 1051.5, "coordination_ring_sparse20": 0.0, "coordination_ring_potter0_20": 0.35, "centre_pots_sparse20": 22.0, "centre_pots_potter0_20": 0.3}
[pair_G] {"steps": 1110016, "elapsed_s": 1053.7, "coordination_ring_sparse20": 0.0, "coordination_ring_potter0_20": 0.4, "centre_pots_sparse20": 23.0, "centre_pots_potter0_20": 0.3}
[pair_G] {"steps": 1112064, "elapsed_s": 1056.0, "coordination_ring_sparse20": 0.0, "coordination_ring_potter0_20": 0.4, "centre_pots_sparse20": 25.0, "centre_pots_potter0_20": 0.35}
[pair_G] {"steps": 1114112, "elapsed_s": 1057.8, "coordination_ring_sparse20": 0.0, "coordination_ring_potter0_20": 0.4, "centre_pots_sparse20": 26.0, "centre_pots_potter0_20": 0.35}
[pair_G] {"steps": 1116160, "elapsed_s": 1060.3, "coordination_ring_sparse20": 0.0, "coordination_ring_potter0_20": 0.4, "centre_pots_sparse20": 30.0, "centre_pots_potter0_20": 0.3}
[pair_G] {"steps": 1118208, "elapsed_s": 1062.1, "coordination_ring_sparse20": 0.0, "coordination_ring_potter0_20": 0.35, "centre_pots_sparse20": 29.0, "centre_pots_potter0_20": 0.3}
[pair_G] {"steps": 1120256, "elapsed_s": 1064.3, "coordination_ring_sparse20": 0.0, "coordination_ring_potter0_20": 0.3, "centre_pots_sparse20": 31.0, "centre_pots_potter0_20": 0.35}
[pair_G] {"steps": 1122304, "elapsed_s": 1066.1, "coordination_ring_sparse20": 0.0, "coordination_ring_potter0_20": 0.3, "centre_pots_sparse20": 29.0, "centre_pots_potter0_20": 0.4}
[pair_G] {"steps": 1124352, "elapsed_s": 1068.2, "coordination_ring_sparse20": 0.0, "coordination_ring_potter0_20": 0.2, "centre_pots_sparse20": 29.0, "centre_pots_potter0_20": 0.45}
[pair_G] {"steps": 1126400, "elapsed_s": 1069.9, "coordination_ring_sparse20": 0.0, "coordination_ring_potter0_20": 0.2, "centre_pots_sparse20": 32.0, "centre_pots_potter0_20": 0.45}
[pair_G] {"steps": 1128448, "elapsed_s": 1071.7, "coordination_ring_sparse20": 0.0, "coordination_ring_potter0_20": 0.25, "centre_pots_sparse20": 35.0, "centre_pots_potter0_20": 0.5}
[pair_G] {"steps": 1130496, "elapsed_s": 1073.8, "coordination_ring_sparse20": 0.0, "coordination_ring_potter0_20": 0.2, "centre_pots_sparse20": 36.0, "centre_pots_potter0_20": 0.45}
[pair_G] {"steps": 1132544, "elapsed_s": 1075.7, "coordination_ring_sparse20": 0.0, "coordination_ring_potter0_20": 0.1, "centre_pots_sparse20": 36.0, "centre_pots_potter0_20": 0.45}
[pair_G] {"steps": 1134592, "elapsed_s": 1077.4, "coordination_ring_sparse20": 0.0, "coordination_ring_potter0_20": 0.15, "centre_pots_sparse20": 38.0, "centre_pots_potter0_20": 0.55}
[pair_G] {"steps": 1136640, "elapsed_s": 1079.0, "coordination_ring_sparse20": 0.0, "coordination_ring_potter0_20": 0.15, "centre_pots_sparse20": 41.0, "centre_pots_potter0_20": 0.6}
[pair_G] {"steps": 1138688, "elapsed_s": 1080.9, "coordination_ring_sparse20": 0.0, "coordination_ring_potter0_20": 0.15, "centre_pots_sparse20": 43.0, "centre_pots_potter0_20": 0.6}
[pair_G] {"steps": 1140736, "elapsed_s": 1083.1, "coordination_ring_sparse20": 0.0, "coordination_ring_potter0_20": 0.2, "centre_pots_sparse20": 42.0, "centre_pots_potter0_20": 0.6}
[pair_G] {"steps": 1142784, "elapsed_s": 1084.8, "coordination_ring_sparse20": 0.0, "coordination_ring_potter0_20": 0.25, "centre_pots_sparse20": 40.0, "centre_pots_potter0_20": 0.65}
[pair_G] {"steps": 1144832, "elapsed_s": 1087.0, "coordination_ring_sparse20": 0.0, "coordination_ring_potter0_20": 0.3, "centre_pots_sparse20": 35.0, "centre_pots_potter0_20": 0.6}
[pair_G] {"steps": 1146880, "elapsed_s": 1088.7, "coordination_ring_sparse20": 0.0, "coordination_ring_potter0_20": 0.3, "centre_pots_sparse20": 34.0, "centre_pots_potter0_20": 0.7}
[pair_G] {"steps": 1148928, "elapsed_s": 1090.5, "coordination_ring_sparse20": 0.0, "coordination_ring_potter0_20": 0.35, "centre_pots_sparse20": 34.0, "centre_pots_potter0_20": 0.7}
[pair_G] {"steps": 1150976, "elapsed_s": 1092.7, "coordination_ring_sparse20": 0.0, "coordination_ring_potter0_20": 0.4, "centre_pots_sparse20": 32.0, "centre_pots_potter0_20": 0.55}
[pair_G] {"steps": 1153024, "elapsed_s": 1094.3, "coordination_ring_sparse20": 0.0, "coordination_ring_potter0_20": 0.45, "centre_pots_sparse20": 30.0, "centre_pots_potter0_20": 0.5}
[pair_G] {"steps": 1155072, "elapsed_s": 1095.7, "coordination_ring_sparse20": 0.0, "coordination_ring_potter0_20": 0.4, "centre_pots_sparse20": 30.0, "centre_pots_potter0_20": 0.5}
[pair_G] {"steps": 1157120, "elapsed_s": 1097.5, "coordination_ring_sparse20": 0.0, "coordination_ring_potter0_20": 0.3, "centre_pots_sparse20": 30.0, "centre_pots_potter0_20": 0.55}
[pair_G] {"steps": 1159168, "elapsed_s": 1099.4, "coordination_ring_sparse20": 0.0, "coordination_ring_potter0_20": 0.35, "centre_pots_sparse20": 31.0, "centre_pots_potter0_20": 0.5}
[pair_G] {"steps": 1161216, "elapsed_s": 1101.2, "coordination_ring_sparse20": 0.0, "coordination_ring_potter0_20": 0.4, "centre_pots_sparse20": 32.0, "centre_pots_potter0_20": 0.4}
[pair_G] {"steps": 1163264, "elapsed_s": 1103.0, "coordination_ring_sparse20": 0.0, "coordination_ring_potter0_20": 0.3, "centre_pots_sparse20": 32.0, "centre_pots_potter0_20": 0.35}
[pair_G] {"steps": 1165312, "elapsed_s": 1104.9, "coordination_ring_sparse20": 0.0, "coordination_ring_potter0_20": 0.3, "centre_pots_sparse20": 31.0, "centre_pots_potter0_20": 0.35}
[pair_G] {"steps": 1167360, "elapsed_s": 1106.5, "coordination_ring_sparse20": 0.0, "coordination_ring_potter0_20": 0.3, "centre_pots_sparse20": 31.0, "centre_pots_potter0_20": 0.3}
[pair_G] {"steps": 1169408, "elapsed_s": 1108.7, "coordination_ring_sparse20": 0.0, "coordination_ring_potter0_20": 0.3, "centre_pots_sparse20": 31.0, "centre_pots_potter0_20": 0.3}
[pair_G] {"steps": 1171456, "elapsed_s": 1110.4, "coordination_ring_sparse20": 0.0, "coordination_ring_potter0_20": 0.4, "centre_pots_sparse20": 33.0, "centre_pots_potter0_20": 0.35}
[pair_G] {"steps": 1173504, "elapsed_s": 1112.3, "coordination_ring_sparse20": 0.0, "coordination_ring_potter0_20": 0.5, "centre_pots_sparse20": 35.0, "centre_pots_potter0_20": 0.3}
[pair_G] {"steps": 1175552, "elapsed_s": 1114.2, "coordination_ring_sparse20": 0.0, "coordination_ring_potter0_20": 0.4, "centre_pots_sparse20": 32.0, "centre_pots_potter0_20": 0.35}
[pair_G] {"steps": 1177600, "elapsed_s": 1116.4, "coordination_ring_sparse20": 0.0, "coordination_ring_potter0_20": 0.35, "centre_pots_sparse20": 32.0, "centre_pots_potter0_20": 0.35}
[pair_G] {"steps": 1179648, "elapsed_s": 1118.8, "coordination_ring_sparse20": 0.0, "coordination_ring_potter0_20": 0.4, "centre_pots_sparse20": 31.0, "centre_pots_potter0_20": 0.45}
[pair_G] {"steps": 1181696, "elapsed_s": 1120.8, "coordination_ring_sparse20": 0.0, "coordination_ring_potter0_20": 0.35, "centre_pots_sparse20": 32.0, "centre_pots_potter0_20": 0.4}
[pair_G] {"steps": 1183744, "elapsed_s": 1122.6, "coordination_ring_sparse20": 0.0, "coordination_ring_potter0_20": 0.35, "centre_pots_sparse20": 30.0, "centre_pots_potter0_20": 0.4}
[pair_G] {"steps": 1185792, "elapsed_s": 1124.2, "coordination_ring_sparse20": 0.0, "coordination_ring_potter0_20": 0.2, "centre_pots_sparse20": 29.0, "centre_pots_potter0_20": 0.35}
[pair_G] {"steps": 1187840, "elapsed_s": 1126.1, "coordination_ring_sparse20": 0.0, "coordination_ring_potter0_20": 0.15, "centre_pots_sparse20": 24.0, "centre_pots_potter0_20": 0.45}
[pair_G] {"steps": 1189888, "elapsed_s": 1127.8, "coordination_ring_sparse20": 0.0, "coordination_ring_potter0_20": 0.15, "centre_pots_sparse20": 23.0, "centre_pots_potter0_20": 0.5}
[pair_G] {"steps": 1191936, "elapsed_s": 1129.3, "coordination_ring_sparse20": 0.0, "coordination_ring_potter0_20": 0.15, "centre_pots_sparse20": 23.0, "centre_pots_potter0_20": 0.55}
[pair_G] {"steps": 1193984, "elapsed_s": 1131.2, "coordination_ring_sparse20": 0.0, "coordination_ring_potter0_20": 0.25, "centre_pots_sparse20": 25.0, "centre_pots_potter0_20": 0.55}
[pair_G] {"steps": 1196032, "elapsed_s": 1133.1, "coordination_ring_sparse20": 0.0, "coordination_ring_potter0_20": 0.2, "centre_pots_sparse20": 23.0, "centre_pots_potter0_20": 0.6}
[pair_G] {"steps": 1198080, "elapsed_s": 1135.4, "coordination_ring_sparse20": 0.0, "coordination_ring_potter0_20": 0.2, "centre_pots_sparse20": 25.0, "centre_pots_potter0_20": 0.55}
[pair_G] {"steps": 1200128, "elapsed_s": 1137.5, "coordination_ring_sparse20": 0.0, "coordination_ring_potter0_20": 0.25, "centre_pots_sparse20": 27.0, "centre_pots_potter0_20": 0.6}
[pair_G] {"steps": 1202176, "elapsed_s": 1139.5, "coordination_ring_sparse20": 0.0, "coordination_ring_potter0_20": 0.2, "centre_pots_sparse20": 27.0, "centre_pots_potter0_20": 0.5}
[pair_G] {"steps": 1204224, "elapsed_s": 1141.6, "coordination_ring_sparse20": 0.0, "coordination_ring_potter0_20": 0.2, "centre_pots_sparse20": 29.0, "centre_pots_potter0_20": 0.5}
[pair_G] {"steps": 1206272, "elapsed_s": 1143.7, "coordination_ring_sparse20": 0.0, "coordination_ring_potter0_20": 0.25, "centre_pots_sparse20": 31.0, "centre_pots_potter0_20": 0.45}
[pair_G] {"steps": 1208320, "elapsed_s": 1145.3, "coordination_ring_sparse20": 0.0, "coordination_ring_potter0_20": 0.35, "centre_pots_sparse20": 31.0, "centre_pots_potter0_20": 0.4}
[pair_G] {"steps": 1210368, "elapsed_s": 1147.2, "coordination_ring_sparse20": 0.0, "coordination_ring_potter0_20": 0.3, "centre_pots_sparse20": 30.0, "centre_pots_potter0_20": 0.45}
[pair_G] {"steps": 1212416, "elapsed_s": 1148.8, "coordination_ring_sparse20": 0.0, "coordination_ring_potter0_20": 0.25, "centre_pots_sparse20": 30.0, "centre_pots_potter0_20": 0.45}
[pair_G] {"steps": 1214464, "elapsed_s": 1150.6, "coordination_ring_sparse20": 0.0, "coordination_ring_potter0_20": 0.25, "centre_pots_sparse20": 31.0, "centre_pots_potter0_20": 0.45}
[pair_G] {"steps": 1216512, "elapsed_s": 1152.5, "coordination_ring_sparse20": 0.0, "coordination_ring_potter0_20": 0.25, "centre_pots_sparse20": 31.0, "centre_pots_potter0_20": 0.5}
[pair_G] {"steps": 1218560, "elapsed_s": 1154.3, "coordination_ring_sparse20": 0.0, "coordination_ring_potter0_20": 0.2, "centre_pots_sparse20": 34.0, "centre_pots_potter0_20": 0.6}
[pair_G] {"steps": 1220608, "elapsed_s": 1156.0, "coordination_ring_sparse20": 0.0, "coordination_ring_potter0_20": 0.1, "centre_pots_sparse20": 36.0, "centre_pots_potter0_20": 0.65}
[pair_G] {"steps": 1222656, "elapsed_s": 1157.7, "coordination_ring_sparse20": 0.0, "coordination_ring_potter0_20": 0.15, "centre_pots_sparse20": 35.0, "centre_pots_potter0_20": 0.65}
[pair_G] {"steps": 1224704, "elapsed_s": 1159.7, "coordination_ring_sparse20": 0.0, "coordination_ring_potter0_20": 0.2, "centre_pots_sparse20": 36.0, "centre_pots_potter0_20": 0.7}
[pair_G] {"steps": 1226752, "elapsed_s": 1161.5, "coordination_ring_sparse20": 0.0, "coordination_ring_potter0_20": 0.25, "centre_pots_sparse20": 35.0, "centre_pots_potter0_20": 0.75}
[pair_G] {"steps": 1228800, "elapsed_s": 1163.6, "coordination_ring_sparse20": 0.0, "coordination_ring_potter0_20": 0.2, "centre_pots_sparse20": 33.0, "centre_pots_potter0_20": 0.7}
[pair_G] {"steps": 1230848, "elapsed_s": 1165.8, "coordination_ring_sparse20": 0.0, "coordination_ring_potter0_20": 0.2, "centre_pots_sparse20": 36.0, "centre_pots_potter0_20": 0.8}
[pair_G] {"steps": 1232896, "elapsed_s": 1167.6, "coordination_ring_sparse20": 0.0, "coordination_ring_potter0_20": 0.2, "centre_pots_sparse20": 33.0, "centre_pots_potter0_20": 0.75}
[pair_G] {"steps": 1234944, "elapsed_s": 1169.3, "coordination_ring_sparse20": 0.0, "coordination_ring_potter0_20": 0.2, "centre_pots_sparse20": 32.0, "centre_pots_potter0_20": 0.7}
[pair_G] {"steps": 1236992, "elapsed_s": 1171.2, "coordination_ring_sparse20": 0.0, "coordination_ring_potter0_20": 0.2, "centre_pots_sparse20": 30.0, "centre_pots_potter0_20": 0.7}
[pair_G] {"steps": 1239040, "elapsed_s": 1173.6, "coordination_ring_sparse20": 0.0, "coordination_ring_potter0_20": 0.2, "centre_pots_sparse20": 36.0, "centre_pots_potter0_20": 0.65}
[pair_G] {"steps": 1241088, "elapsed_s": 1176.1, "coordination_ring_sparse20": 0.0, "coordination_ring_potter0_20": 0.15, "centre_pots_sparse20": 38.0, "centre_pots_potter0_20": 0.55}
[pair_G] {"steps": 1243136, "elapsed_s": 1177.9, "coordination_ring_sparse20": 0.0, "coordination_ring_potter0_20": 0.2, "centre_pots_sparse20": 32.0, "centre_pots_potter0_20": 0.55}
[pair_G] {"steps": 1245184, "elapsed_s": 1179.6, "coordination_ring_sparse20": 0.0, "coordination_ring_potter0_20": 0.35, "centre_pots_sparse20": 33.0, "centre_pots_potter0_20": 0.6}
[pair_G] {"steps": 1247232, "elapsed_s": 1181.4, "coordination_ring_sparse20": 0.0, "coordination_ring_potter0_20": 0.45, "centre_pots_sparse20": 32.0, "centre_pots_potter0_20": 0.65}
[pair_G] {"steps": 1249280, "elapsed_s": 1183.0, "coordination_ring_sparse20": 0.0, "coordination_ring_potter0_20": 0.55, "centre_pots_sparse20": 31.0, "centre_pots_potter0_20": 0.6}
[pair_G] {"steps": 1251328, "elapsed_s": 1184.9, "coordination_ring_sparse20": 0.0, "coordination_ring_potter0_20": 0.6, "centre_pots_sparse20": 32.0, "centre_pots_potter0_20": 0.55}
[pair_G] {"steps": 1253376, "elapsed_s": 1186.7, "coordination_ring_sparse20": 0.0, "coordination_ring_potter0_20": 0.55, "centre_pots_sparse20": 33.0, "centre_pots_potter0_20": 0.55}
[pair_G] {"steps": 1255424, "elapsed_s": 1188.4, "coordination_ring_sparse20": 0.0, "coordination_ring_potter0_20": 0.55, "centre_pots_sparse20": 33.0, "centre_pots_potter0_20": 0.55}
[pair_G] {"steps": 1257472, "elapsed_s": 1190.3, "coordination_ring_sparse20": 0.0, "coordination_ring_potter0_20": 0.4, "centre_pots_sparse20": 31.0, "centre_pots_potter0_20": 0.55}
[pair_G] {"steps": 1259520, "elapsed_s": 1192.0, "coordination_ring_sparse20": 0.0, "coordination_ring_potter0_20": 0.25, "centre_pots_sparse20": 31.0, "centre_pots_potter0_20": 0.55}
[pair_G] {"steps": 1261568, "elapsed_s": 1193.9, "coordination_ring_sparse20": 0.0, "coordination_ring_potter0_20": 0.2, "centre_pots_sparse20": 30.0, "centre_pots_potter0_20": 0.6}
[pair_G] {"steps": 1263616, "elapsed_s": 1195.8, "coordination_ring_sparse20": 0.0, "coordination_ring_potter0_20": 0.25, "centre_pots_sparse20": 36.0, "centre_pots_potter0_20": 0.55}
[pair_G] {"steps": 1265664, "elapsed_s": 1197.7, "coordination_ring_sparse20": 0.0, "coordination_ring_potter0_20": 0.2, "centre_pots_sparse20": 40.0, "centre_pots_potter0_20": 0.45}
[pair_G] {"steps": 1267712, "elapsed_s": 1199.6, "coordination_ring_sparse20": 0.0, "coordination_ring_potter0_20": 0.2, "centre_pots_sparse20": 40.0, "centre_pots_potter0_20": 0.5}
[pair_G] {"steps": 1269760, "elapsed_s": 1201.5, "coordination_ring_sparse20": 0.0, "coordination_ring_potter0_20": 0.2, "centre_pots_sparse20": 40.0, "centre_pots_potter0_20": 0.55}
[pair_G] {"steps": 1271808, "elapsed_s": 1203.4, "coordination_ring_sparse20": 0.0, "coordination_ring_potter0_20": 0.2, "centre_pots_sparse20": 42.0, "centre_pots_potter0_20": 0.5}
[pair_G] {"steps": 1273856, "elapsed_s": 1205.4, "coordination_ring_sparse20": 0.0, "coordination_ring_potter0_20": 0.2, "centre_pots_sparse20": 45.0, "centre_pots_potter0_20": 0.5}
[pair_G] {"steps": 1275904, "elapsed_s": 1207.6, "coordination_ring_sparse20": 0.0, "coordination_ring_potter0_20": 0.2, "centre_pots_sparse20": 43.0, "centre_pots_potter0_20": 0.5}
[pair_G] {"steps": 1277952, "elapsed_s": 1209.9, "coordination_ring_sparse20": 0.0, "coordination_ring_potter0_20": 0.2, "centre_pots_sparse20": 48.0, "centre_pots_potter0_20": 0.55}
[pair_G] {"steps": 1280000, "elapsed_s": 1211.9, "coordination_ring_sparse20": 0.0, "coordination_ring_potter0_20": 0.15, "centre_pots_sparse20": 47.0, "centre_pots_potter0_20": 0.5}
[pair_G] {"steps": 1282048, "elapsed_s": 1214.0, "coordination_ring_sparse20": 0.0, "coordination_ring_potter0_20": 0.15, "centre_pots_sparse20": 43.0, "centre_pots_potter0_20": 0.55}
[pair_G] {"steps": 1284096, "elapsed_s": 1216.4, "coordination_ring_sparse20": 0.0, "coordination_ring_potter0_20": 0.15, "centre_pots_sparse20": 39.0, "centre_pots_potter0_20": 0.4}
[pair_G] {"steps": 1286144, "elapsed_s": 1218.6, "coordination_ring_sparse20": 0.0, "coordination_ring_potter0_20": 0.2, "centre_pots_sparse20": 40.0, "centre_pots_potter0_20": 0.35}
[pair_G] {"steps": 1288192, "elapsed_s": 1220.8, "coordination_ring_sparse20": 0.0, "coordination_ring_potter0_20": 0.25, "centre_pots_sparse20": 36.0, "centre_pots_potter0_20": 0.3}
[pair_G] {"steps": 1290240, "elapsed_s": 1222.8, "coordination_ring_sparse20": 0.0, "coordination_ring_potter0_20": 0.25, "centre_pots_sparse20": 35.0, "centre_pots_potter0_20": 0.35}
[pair_G] {"steps": 1292288, "elapsed_s": 1224.9, "coordination_ring_sparse20": 0.0, "coordination_ring_potter0_20": 0.3, "centre_pots_sparse20": 38.0, "centre_pots_potter0_20": 0.35}
[pair_G] {"steps": 1294336, "elapsed_s": 1227.0, "coordination_ring_sparse20": 0.0, "coordination_ring_potter0_20": 0.3, "centre_pots_sparse20": 38.0, "centre_pots_potter0_20": 0.4}
[pair_G] {"steps": 1296384, "elapsed_s": 1229.0, "coordination_ring_sparse20": 0.0, "coordination_ring_potter0_20": 0.3, "centre_pots_sparse20": 39.0, "centre_pots_potter0_20": 0.45}
[pair_G] {"steps": 1298432, "elapsed_s": 1231.1, "coordination_ring_sparse20": 0.0, "coordination_ring_potter0_20": 0.3, "centre_pots_sparse20": 40.0, "centre_pots_potter0_20": 0.45}
[pair_G] {"steps": 1300480, "elapsed_s": 1232.7, "coordination_ring_sparse20": 0.0, "coordination_ring_potter0_20": 0.2, "centre_pots_sparse20": 40.0, "centre_pots_potter0_20": 0.4}
[pair_G] {"steps": 1302528, "elapsed_s": 1235.2, "coordination_ring_sparse20": 0.0, "coordination_ring_potter0_20": 0.15, "centre_pots_sparse20": 41.0, "centre_pots_potter0_20": 0.35}
[pair_G] {"steps": 1304576, "elapsed_s": 1237.0, "coordination_ring_sparse20": 0.0, "coordination_ring_potter0_20": 0.1, "centre_pots_sparse20": 45.0, "centre_pots_potter0_20": 0.45}
[pair_G] {"steps": 1306624, "elapsed_s": 1239.0, "coordination_ring_sparse20": 0.0, "coordination_ring_potter0_20": 0.1, "centre_pots_sparse20": 49.0, "centre_pots_potter0_20": 0.5}
[pair_G] {"steps": 1308672, "elapsed_s": 1240.9, "coordination_ring_sparse20": 0.0, "coordination_ring_potter0_20": 0.05, "centre_pots_sparse20": 50.0, "centre_pots_potter0_20": 0.45}
[pair_G] {"steps": 1310720, "elapsed_s": 1242.5, "coordination_ring_sparse20": 0.0, "coordination_ring_potter0_20": 0.15, "centre_pots_sparse20": 48.0, "centre_pots_potter0_20": 0.5}
[pair_G] {"steps": 1312768, "elapsed_s": 1244.4, "coordination_ring_sparse20": 0.0, "coordination_ring_potter0_20": 0.1, "centre_pots_sparse20": 49.0, "centre_pots_potter0_20": 0.45}
[pair_G] {"steps": 1314816, "elapsed_s": 1246.1, "coordination_ring_sparse20": 0.0, "coordination_ring_potter0_20": 0.15, "centre_pots_sparse20": 49.0, "centre_pots_potter0_20": 0.5}
[pair_G] {"steps": 1316864, "elapsed_s": 1247.9, "coordination_ring_sparse20": 0.0, "coordination_ring_potter0_20": 0.15, "centre_pots_sparse20": 50.0, "centre_pots_potter0_20": 0.55}
[pair_G] {"steps": 1318912, "elapsed_s": 1249.8, "coordination_ring_sparse20": 0.0, "coordination_ring_potter0_20": 0.15, "centre_pots_sparse20": 49.0, "centre_pots_potter0_20": 0.55}
[pair_G] {"steps": 1320960, "elapsed_s": 1251.6, "coordination_ring_sparse20": 0.0, "coordination_ring_potter0_20": 0.15, "centre_pots_sparse20": 44.0, "centre_pots_potter0_20": 0.6}
[pair_G] {"steps": 1323008, "elapsed_s": 1253.4, "coordination_ring_sparse20": 0.0, "coordination_ring_potter0_20": 0.15, "centre_pots_sparse20": 44.0, "centre_pots_potter0_20": 0.55}
[pair_G] {"steps": 1325056, "elapsed_s": 1255.3, "coordination_ring_sparse20": 0.0, "coordination_ring_potter0_20": 0.2, "centre_pots_sparse20": 49.0, "centre_pots_potter0_20": 0.55}
[pair_G] {"steps": 1327104, "elapsed_s": 1257.1, "coordination_ring_sparse20": 0.0, "coordination_ring_potter0_20": 0.1, "centre_pots_sparse20": 50.0, "centre_pots_potter0_20": 0.55}
[pair_G] {"steps": 1329152, "elapsed_s": 1259.2, "coordination_ring_sparse20": 0.0, "coordination_ring_potter0_20": 0.15, "centre_pots_sparse20": 48.0, "centre_pots_potter0_20": 0.6}
[pair_G] {"steps": 1331200, "elapsed_s": 1261.4, "coordination_ring_sparse20": 0.0, "coordination_ring_potter0_20": 0.15, "centre_pots_sparse20": 49.0, "centre_pots_potter0_20": 0.55}
[pair_G] {"steps": 1333248, "elapsed_s": 1263.5, "coordination_ring_sparse20": 0.0, "coordination_ring_potter0_20": 0.15, "centre_pots_sparse20": 48.0, "centre_pots_potter0_20": 0.65}
[pair_G] {"steps": 1335296, "elapsed_s": 1265.4, "coordination_ring_sparse20": 0.0, "coordination_ring_potter0_20": 0.2, "centre_pots_sparse20": 50.0, "centre_pots_potter0_20": 0.6}
[pair_G] {"steps": 1337344, "elapsed_s": 1267.6, "coordination_ring_sparse20": 0.0, "coordination_ring_potter0_20": 0.3, "centre_pots_sparse20": 48.0, "centre_pots_potter0_20": 0.6}
[pair_G] {"steps": 1339392, "elapsed_s": 1269.7, "coordination_ring_sparse20": 0.0, "coordination_ring_potter0_20": 0.3, "centre_pots_sparse20": 49.0, "centre_pots_potter0_20": 0.65}
[pair_G] {"steps": 1341440, "elapsed_s": 1271.9, "coordination_ring_sparse20": 0.0, "coordination_ring_potter0_20": 0.3, "centre_pots_sparse20": 43.0, "centre_pots_potter0_20": 0.7}
[pair_G] {"steps": 1343488, "elapsed_s": 1273.9, "coordination_ring_sparse20": 0.0, "coordination_ring_potter0_20": 0.25, "centre_pots_sparse20": 43.0, "centre_pots_potter0_20": 0.65}
[pair_G] {"steps": 1345536, "elapsed_s": 1276.4, "coordination_ring_sparse20": 0.0, "coordination_ring_potter0_20": 0.2, "centre_pots_sparse20": 42.0, "centre_pots_potter0_20": 0.55}
[pair_G] {"steps": 1347584, "elapsed_s": 1278.8, "coordination_ring_sparse20": 0.0, "coordination_ring_potter0_20": 0.2, "centre_pots_sparse20": 43.0, "centre_pots_potter0_20": 0.6}
[pair_G] {"steps": 1349632, "elapsed_s": 1280.5, "coordination_ring_sparse20": 0.0, "coordination_ring_potter0_20": 0.15, "centre_pots_sparse20": 40.0, "centre_pots_potter0_20": 0.55}
[pair_G] {"steps": 1351680, "elapsed_s": 1282.6, "coordination_ring_sparse20": 0.0, "coordination_ring_potter0_20": 0.2, "centre_pots_sparse20": 39.0, "centre_pots_potter0_20": 0.5}
[pair_G] {"steps": 1353728, "elapsed_s": 1284.3, "coordination_ring_sparse20": 0.0, "coordination_ring_potter0_20": 0.05, "centre_pots_sparse20": 40.0, "centre_pots_potter0_20": 0.5}
[pair_G] {"steps": 1355776, "elapsed_s": 1286.4, "coordination_ring_sparse20": 0.0, "coordination_ring_potter0_20": 0.05, "centre_pots_sparse20": 43.0, "centre_pots_potter0_20": 0.5}
[pair_G] {"steps": 1357824, "elapsed_s": 1288.0, "coordination_ring_sparse20": 0.0, "coordination_ring_potter0_20": 0.05, "centre_pots_sparse20": 45.0, "centre_pots_potter0_20": 0.55}
[pair_G] {"steps": 1359872, "elapsed_s": 1290.0, "coordination_ring_sparse20": 0.0, "coordination_ring_potter0_20": 0.05, "centre_pots_sparse20": 49.0, "centre_pots_potter0_20": 0.65}
[pair_G] {"steps": 1361920, "elapsed_s": 1292.3, "coordination_ring_sparse20": 0.0, "coordination_ring_potter0_20": 0.1, "centre_pots_sparse20": 49.0, "centre_pots_potter0_20": 0.65}
[pair_G] {"steps": 1363968, "elapsed_s": 1293.7, "coordination_ring_sparse20": 0.0, "coordination_ring_potter0_20": 0.1, "centre_pots_sparse20": 49.0, "centre_pots_potter0_20": 0.65}
[pair_G] {"steps": 1366016, "elapsed_s": 1295.5, "coordination_ring_sparse20": 0.0, "coordination_ring_potter0_20": 0.05, "centre_pots_sparse20": 47.0, "centre_pots_potter0_20": 0.65}
[pair_G] {"steps": 1368064, "elapsed_s": 1297.3, "coordination_ring_sparse20": 0.0, "coordination_ring_potter0_20": 0.05, "centre_pots_sparse20": 46.0, "centre_pots_potter0_20": 0.75}
[pair_G] {"steps": 1370112, "elapsed_s": 1299.0, "coordination_ring_sparse20": 0.0, "coordination_ring_potter0_20": 0.15, "centre_pots_sparse20": 48.0, "centre_pots_potter0_20": 0.75}
[pair_G] {"steps": 1372160, "elapsed_s": 1300.9, "coordination_ring_sparse20": 0.0, "coordination_ring_potter0_20": 0.15, "centre_pots_sparse20": 49.0, "centre_pots_potter0_20": 0.65}
[pair_G] {"steps": 1374208, "elapsed_s": 1302.6, "coordination_ring_sparse20": 0.0, "coordination_ring_potter0_20": 0.2, "centre_pots_sparse20": 47.0, "centre_pots_potter0_20": 0.65}
[pair_G] {"steps": 1376256, "elapsed_s": 1304.5, "coordination_ring_sparse20": 0.0, "coordination_ring_potter0_20": 0.2, "centre_pots_sparse20": 43.0, "centre_pots_potter0_20": 0.65}
[pair_G] {"steps": 1378304, "elapsed_s": 1306.3, "coordination_ring_sparse20": 0.0, "coordination_ring_potter0_20": 0.15, "centre_pots_sparse20": 42.0, "centre_pots_potter0_20": 0.6}
[pair_G] {"steps": 1380352, "elapsed_s": 1308.3, "coordination_ring_sparse20": 0.0, "coordination_ring_potter0_20": 0.15, "centre_pots_sparse20": 48.0, "centre_pots_potter0_20": 0.5}
[pair_G] {"steps": 1382400, "elapsed_s": 1310.4, "coordination_ring_sparse20": 0.0, "coordination_ring_potter0_20": 0.2, "centre_pots_sparse20": 53.0, "centre_pots_potter0_20": 0.4}
[pair_G] {"steps": 1384448, "elapsed_s": 1312.3, "coordination_ring_sparse20": 0.0, "coordination_ring_potter0_20": 0.2, "centre_pots_sparse20": 55.0, "centre_pots_potter0_20": 0.4}
[pair_G] {"steps": 1386496, "elapsed_s": 1314.8, "coordination_ring_sparse20": 0.0, "coordination_ring_potter0_20": 0.2, "centre_pots_sparse20": 54.0, "centre_pots_potter0_20": 0.45}
[pair_G] {"steps": 1388544, "elapsed_s": 1316.7, "coordination_ring_sparse20": 0.0, "coordination_ring_potter0_20": 0.15, "centre_pots_sparse20": 55.0, "centre_pots_potter0_20": 0.4}
[pair_G] {"steps": 1390592, "elapsed_s": 1318.7, "coordination_ring_sparse20": 0.0, "coordination_ring_potter0_20": 0.15, "centre_pots_sparse20": 56.0, "centre_pots_potter0_20": 0.45}
[pair_G] {"steps": 1392640, "elapsed_s": 1320.6, "coordination_ring_sparse20": 0.0, "coordination_ring_potter0_20": 0.1, "centre_pots_sparse20": 56.0, "centre_pots_potter0_20": 0.5}
[pair_G] {"steps": 1394688, "elapsed_s": 1322.6, "coordination_ring_sparse20": 0.0, "coordination_ring_potter0_20": 0.15, "centre_pots_sparse20": 49.0, "centre_pots_potter0_20": 0.55}
[pair_G] {"steps": 1396736, "elapsed_s": 1324.3, "coordination_ring_sparse20": 0.0, "coordination_ring_potter0_20": 0.1, "centre_pots_sparse20": 47.0, "centre_pots_potter0_20": 0.55}
[pair_G] {"steps": 1398784, "elapsed_s": 1326.2, "coordination_ring_sparse20": 0.0, "coordination_ring_potter0_20": 0.1, "centre_pots_sparse20": 47.0, "centre_pots_potter0_20": 0.6}
[pair_G] {"steps": 1400832, "elapsed_s": 1328.1, "coordination_ring_sparse20": 0.0, "coordination_ring_potter0_20": 0.2, "centre_pots_sparse20": 46.0, "centre_pots_potter0_20": 0.7}
[pair_G] {"steps": 1402880, "elapsed_s": 1329.7, "coordination_ring_sparse20": 0.0, "coordination_ring_potter0_20": 0.25, "centre_pots_sparse20": 47.0, "centre_pots_potter0_20": 0.65}
[pair_G] {"steps": 1404928, "elapsed_s": 1331.5, "coordination_ring_sparse20": 0.0, "coordination_ring_potter0_20": 0.25, "centre_pots_sparse20": 50.0, "centre_pots_potter0_20": 0.65}
[pair_G] {"steps": 1406976, "elapsed_s": 1333.6, "coordination_ring_sparse20": 0.0, "coordination_ring_potter0_20": 0.25, "centre_pots_sparse20": 52.0, "centre_pots_potter0_20": 0.65}
[pair_G] {"steps": 1409024, "elapsed_s": 1335.1, "coordination_ring_sparse20": 0.0, "coordination_ring_potter0_20": 0.3, "centre_pots_sparse20": 55.0, "centre_pots_potter0_20": 0.55}
[pair_G] {"steps": 1411072, "elapsed_s": 1336.7, "coordination_ring_sparse20": 0.0, "coordination_ring_potter0_20": 0.35, "centre_pots_sparse20": 56.0, "centre_pots_potter0_20": 0.55}
[pair_G] {"steps": 1413120, "elapsed_s": 1338.6, "coordination_ring_sparse20": 0.0, "coordination_ring_potter0_20": 0.4, "centre_pots_sparse20": 60.0, "centre_pots_potter0_20": 0.55}
[pair_G] {"steps": 1415168, "elapsed_s": 1340.4, "coordination_ring_sparse20": 0.0, "coordination_ring_potter0_20": 0.4, "centre_pots_sparse20": 62.0, "centre_pots_potter0_20": 0.55}
[pair_G] {"steps": 1417216, "elapsed_s": 1342.2, "coordination_ring_sparse20": 0.0, "coordination_ring_potter0_20": 0.3, "centre_pots_sparse20": 60.0, "centre_pots_potter0_20": 0.55}
[pair_G] {"steps": 1419264, "elapsed_s": 1343.7, "coordination_ring_sparse20": 0.0, "coordination_ring_potter0_20": 0.3, "centre_pots_sparse20": 60.0, "centre_pots_potter0_20": 0.55}
[pair_G] {"steps": 1421312, "elapsed_s": 1345.3, "coordination_ring_sparse20": 0.0, "coordination_ring_potter0_20": 0.35, "centre_pots_sparse20": 61.0, "centre_pots_potter0_20": 0.55}
[pair_G] {"steps": 1423360, "elapsed_s": 1347.1, "coordination_ring_sparse20": 0.0, "coordination_ring_potter0_20": 0.35, "centre_pots_sparse20": 61.0, "centre_pots_potter0_20": 0.6}
[pair_G] {"steps": 1425408, "elapsed_s": 1348.8, "coordination_ring_sparse20": 0.0, "coordination_ring_potter0_20": 0.25, "centre_pots_sparse20": 62.0, "centre_pots_potter0_20": 0.6}
[pair_G] {"steps": 1427456, "elapsed_s": 1350.6, "coordination_ring_sparse20": 0.0, "coordination_ring_potter0_20": 0.25, "centre_pots_sparse20": 57.0, "centre_pots_potter0_20": 0.6}
[pair_G] {"steps": 1429504, "elapsed_s": 1352.4, "coordination_ring_sparse20": 0.0, "coordination_ring_potter0_20": 0.25, "centre_pots_sparse20": 57.0, "centre_pots_potter0_20": 0.6}
[pair_G] {"steps": 1431552, "elapsed_s": 1354.5, "coordination_ring_sparse20": 0.0, "coordination_ring_potter0_20": 0.25, "centre_pots_sparse20": 55.0, "centre_pots_potter0_20": 0.65}
[pair_G] {"steps": 1433600, "elapsed_s": 1356.4, "coordination_ring_sparse20": 0.0, "coordination_ring_potter0_20": 0.25, "centre_pots_sparse20": 55.0, "centre_pots_potter0_20": 0.65}
[pair_G] {"steps": 1435648, "elapsed_s": 1358.4, "coordination_ring_sparse20": 0.0, "coordination_ring_potter0_20": 0.2, "centre_pots_sparse20": 55.0, "centre_pots_potter0_20": 0.6}
[pair_G] {"steps": 1437696, "elapsed_s": 1360.2, "coordination_ring_sparse20": 0.0, "coordination_ring_potter0_20": 0.2, "centre_pots_sparse20": 57.0, "centre_pots_potter0_20": 0.5}
[pair_G] {"steps": 1439744, "elapsed_s": 1362.0, "coordination_ring_sparse20": 0.0, "coordination_ring_potter0_20": 0.3, "centre_pots_sparse20": 56.0, "centre_pots_potter0_20": 0.4}
[pair_G] {"steps": 1441792, "elapsed_s": 1363.7, "coordination_ring_sparse20": 0.0, "coordination_ring_potter0_20": 0.25, "centre_pots_sparse20": 55.0, "centre_pots_potter0_20": 0.4}
[pair_G] {"steps": 1443840, "elapsed_s": 1365.2, "coordination_ring_sparse20": 0.0, "coordination_ring_potter0_20": 0.25, "centre_pots_sparse20": 58.0, "centre_pots_potter0_20": 0.4}
[pair_G] {"steps": 1445888, "elapsed_s": 1367.0, "coordination_ring_sparse20": 1.0, "coordination_ring_potter0_20": 0.2, "centre_pots_sparse20": 60.0, "centre_pots_potter0_20": 0.35}
[pair_G] {"steps": 1447936, "elapsed_s": 1368.5, "coordination_ring_sparse20": 1.0, "coordination_ring_potter0_20": 0.15, "centre_pots_sparse20": 65.0, "centre_pots_potter0_20": 0.35}
[pair_G] {"steps": 1449984, "elapsed_s": 1370.5, "coordination_ring_sparse20": 1.0, "coordination_ring_potter0_20": 0.1, "centre_pots_sparse20": 67.0, "centre_pots_potter0_20": 0.4}
[pair_G] {"steps": 1452032, "elapsed_s": 1372.8, "coordination_ring_sparse20": 1.0, "coordination_ring_potter0_20": 0.1, "centre_pots_sparse20": 66.0, "centre_pots_potter0_20": 0.45}
[pair_G] {"steps": 1454080, "elapsed_s": 1374.8, "coordination_ring_sparse20": 1.0, "coordination_ring_potter0_20": 0.05, "centre_pots_sparse20": 65.0, "centre_pots_potter0_20": 0.5}
[pair_G] {"steps": 1456128, "elapsed_s": 1376.5, "coordination_ring_sparse20": 1.0, "coordination_ring_potter0_20": 0.05, "centre_pots_sparse20": 63.0, "centre_pots_potter0_20": 0.55}
[pair_G] {"steps": 1458176, "elapsed_s": 1378.4, "coordination_ring_sparse20": 1.0, "coordination_ring_potter0_20": 0.05, "centre_pots_sparse20": 63.0, "centre_pots_potter0_20": 0.65}
[pair_G] {"steps": 1460224, "elapsed_s": 1380.1, "coordination_ring_sparse20": 1.0, "coordination_ring_potter0_20": 0.15, "centre_pots_sparse20": 63.0, "centre_pots_potter0_20": 0.65}
[pair_G] {"steps": 1462272, "elapsed_s": 1381.9, "coordination_ring_sparse20": 0.0, "coordination_ring_potter0_20": 0.15, "centre_pots_sparse20": 60.0, "centre_pots_potter0_20": 0.75}
[pair_G] {"steps": 1464320, "elapsed_s": 1383.9, "coordination_ring_sparse20": 0.0, "coordination_ring_potter0_20": 0.2, "centre_pots_sparse20": 60.0, "centre_pots_potter0_20": 0.8}
[pair_G] {"steps": 1466368, "elapsed_s": 1385.5, "coordination_ring_sparse20": 0.0, "coordination_ring_potter0_20": 0.25, "centre_pots_sparse20": 62.0, "centre_pots_potter0_20": 0.7}
[pair_G] {"steps": 1468416, "elapsed_s": 1387.9, "coordination_ring_sparse20": 1.0, "coordination_ring_potter0_20": 0.3, "centre_pots_sparse20": 60.0, "centre_pots_potter0_20": 0.6}
[pair_G] {"steps": 1470464, "elapsed_s": 1389.7, "coordination_ring_sparse20": 1.0, "coordination_ring_potter0_20": 0.25, "centre_pots_sparse20": 64.0, "centre_pots_potter0_20": 0.55}
[pair_G] {"steps": 1472512, "elapsed_s": 1391.5, "coordination_ring_sparse20": 1.0, "coordination_ring_potter0_20": 0.3, "centre_pots_sparse20": 63.0, "centre_pots_potter0_20": 0.55}
[pair_G] {"steps": 1474560, "elapsed_s": 1393.5, "coordination_ring_sparse20": 1.0, "coordination_ring_potter0_20": 0.3, "centre_pots_sparse20": 59.0, "centre_pots_potter0_20": 0.55}
[pair_G] {"steps": 1476608, "elapsed_s": 1395.3, "coordination_ring_sparse20": 1.0, "coordination_ring_potter0_20": 0.25, "centre_pots_sparse20": 59.0, "centre_pots_potter0_20": 0.5}
[pair_G] {"steps": 1478656, "elapsed_s": 1397.0, "coordination_ring_sparse20": 1.0, "coordination_ring_potter0_20": 0.25, "centre_pots_sparse20": 59.0, "centre_pots_potter0_20": 0.4}
[pair_G] {"steps": 1480704, "elapsed_s": 1398.9, "coordination_ring_sparse20": 1.0, "coordination_ring_potter0_20": 0.3, "centre_pots_sparse20": 61.0, "centre_pots_potter0_20": 0.35}
[pair_G] {"steps": 1482752, "elapsed_s": 1400.9, "coordination_ring_sparse20": 1.0, "coordination_ring_potter0_20": 0.3, "centre_pots_sparse20": 58.0, "centre_pots_potter0_20": 0.4}
[pair_G] {"steps": 1484800, "elapsed_s": 1402.9, "coordination_ring_sparse20": 1.0, "coordination_ring_potter0_20": 0.3, "centre_pots_sparse20": 55.0, "centre_pots_potter0_20": 0.4}
[pair_G] {"steps": 1486848, "elapsed_s": 1404.9, "coordination_ring_sparse20": 0.0, "coordination_ring_potter0_20": 0.3, "centre_pots_sparse20": 54.0, "centre_pots_potter0_20": 0.4}
[pair_G] {"steps": 1488896, "elapsed_s": 1407.1, "coordination_ring_sparse20": 0.0, "coordination_ring_potter0_20": 0.3, "centre_pots_sparse20": 57.0, "centre_pots_potter0_20": 0.35}
[pair_G] {"steps": 1490944, "elapsed_s": 1408.8, "coordination_ring_sparse20": 0.0, "coordination_ring_potter0_20": 0.35, "centre_pots_sparse20": 59.0, "centre_pots_potter0_20": 0.3}
[pair_G] {"steps": 1492992, "elapsed_s": 1411.4, "coordination_ring_sparse20": 0.0, "coordination_ring_potter0_20": 0.35, "centre_pots_sparse20": 56.0, "centre_pots_potter0_20": 0.3}
[pair_G] {"steps": 1495040, "elapsed_s": 1413.6, "coordination_ring_sparse20": 0.0, "coordination_ring_potter0_20": 0.35, "centre_pots_sparse20": 54.0, "centre_pots_potter0_20": 0.45}
[pair_G] {"steps": 1497088, "elapsed_s": 1415.7, "coordination_ring_sparse20": 0.0, "coordination_ring_potter0_20": 0.25, "centre_pots_sparse20": 53.0, "centre_pots_potter0_20": 0.45}
[pair_G] {"steps": 1499136, "elapsed_s": 1417.6, "coordination_ring_sparse20": 0.0, "coordination_ring_potter0_20": 0.3, "centre_pots_sparse20": 55.0, "centre_pots_potter0_20": 0.55}
[pair_G] {"steps": 1501184, "elapsed_s": 1419.6, "coordination_ring_sparse20": 0.0, "coordination_ring_potter0_20": 0.3, "centre_pots_sparse20": 56.0, "centre_pots_potter0_20": 0.6}
[pair_G] {"steps": 1503232, "elapsed_s": 1421.5, "coordination_ring_sparse20": 0.0, "coordination_ring_potter0_20": 0.3, "centre_pots_sparse20": 58.0, "centre_pots_potter0_20": 0.7}
[pair_G] {"steps": 1505280, "elapsed_s": 1423.5, "coordination_ring_sparse20": 0.0, "coordination_ring_potter0_20": 0.3, "centre_pots_sparse20": 60.0, "centre_pots_potter0_20": 0.65}
[pair_G] {"steps": 1507328, "elapsed_s": 1425.4, "coordination_ring_sparse20": 0.0, "coordination_ring_potter0_20": 0.35, "centre_pots_sparse20": 54.0, "centre_pots_potter0_20": 0.55}
[pair_G] {"steps": 1509376, "elapsed_s": 1427.3, "coordination_ring_sparse20": 0.0, "coordination_ring_potter0_20": 0.3, "centre_pots_sparse20": 61.0, "centre_pots_potter0_20": 0.45}
[pair_G] {"steps": 1511424, "elapsed_s": 1429.1, "coordination_ring_sparse20": 0.0, "coordination_ring_potter0_20": 0.35, "centre_pots_sparse20": 65.0, "centre_pots_potter0_20": 0.5}
[pair_G] {"steps": 1513472, "elapsed_s": 1431.0, "coordination_ring_sparse20": 0.0, "coordination_ring_potter0_20": 0.35, "centre_pots_sparse20": 68.0, "centre_pots_potter0_20": 0.45}
[pair_G] {"steps": 1515520, "elapsed_s": 1432.6, "coordination_ring_sparse20": 0.0, "coordination_ring_potter0_20": 0.3, "centre_pots_sparse20": 65.0, "centre_pots_potter0_20": 0.45}
[pair_G] {"steps": 1517568, "elapsed_s": 1434.3, "coordination_ring_sparse20": 0.0, "coordination_ring_potter0_20": 0.35, "centre_pots_sparse20": 60.0, "centre_pots_potter0_20": 0.45}
[pair_G] {"steps": 1519616, "elapsed_s": 1436.1, "coordination_ring_sparse20": 0.0, "coordination_ring_potter0_20": 0.35, "centre_pots_sparse20": 58.0, "centre_pots_potter0_20": 0.4}
[pair_G] {"steps": 1521664, "elapsed_s": 1438.0, "coordination_ring_sparse20": 0.0, "coordination_ring_potter0_20": 0.3, "centre_pots_sparse20": 58.0, "centre_pots_potter0_20": 0.45}
[pair_G] {"steps": 1523712, "elapsed_s": 1440.7, "coordination_ring_sparse20": 0.0, "coordination_ring_potter0_20": 0.25, "centre_pots_sparse20": 56.0, "centre_pots_potter0_20": 0.55}
[pair_G] {"steps": 1525760, "elapsed_s": 1442.8, "coordination_ring_sparse20": 0.0, "coordination_ring_potter0_20": 0.25, "centre_pots_sparse20": 54.0, "centre_pots_potter0_20": 0.4}
[pair_G] {"steps": 1527808, "elapsed_s": 1444.7, "coordination_ring_sparse20": 0.0, "coordination_ring_potter0_20": 0.25, "centre_pots_sparse20": 51.0, "centre_pots_potter0_20": 0.4}
[pair_G] {"steps": 1529856, "elapsed_s": 1446.5, "coordination_ring_sparse20": 0.0, "coordination_ring_potter0_20": 0.25, "centre_pots_sparse20": 53.0, "centre_pots_potter0_20": 0.3}
[pair_G] {"steps": 1531904, "elapsed_s": 1448.2, "coordination_ring_sparse20": 0.0, "coordination_ring_potter0_20": 0.25, "centre_pots_sparse20": 58.0, "centre_pots_potter0_20": 0.35}
[pair_G] {"steps": 1533952, "elapsed_s": 1450.1, "coordination_ring_sparse20": 0.0, "coordination_ring_potter0_20": 0.2, "centre_pots_sparse20": 57.0, "centre_pots_potter0_20": 0.35}
[pair_G] {"steps": 1536000, "elapsed_s": 1451.7, "coordination_ring_sparse20": 0.0, "coordination_ring_potter0_20": 0.2, "centre_pots_sparse20": 56.0, "centre_pots_potter0_20": 0.35}
[pair_G] {"steps": 1538048, "elapsed_s": 1453.5, "coordination_ring_sparse20": 0.0, "coordination_ring_potter0_20": 0.2, "centre_pots_sparse20": 59.0, "centre_pots_potter0_20": 0.25}
[pair_G] {"steps": 1540096, "elapsed_s": 1455.2, "coordination_ring_sparse20": 0.0, "coordination_ring_potter0_20": 0.2, "centre_pots_sparse20": 58.0, "centre_pots_potter0_20": 0.25}
[pair_G] {"steps": 1542144, "elapsed_s": 1456.9, "coordination_ring_sparse20": 0.0, "coordination_ring_potter0_20": 0.25, "centre_pots_sparse20": 57.0, "centre_pots_potter0_20": 0.3}
[pair_G] {"steps": 1544192, "elapsed_s": 1458.5, "coordination_ring_sparse20": 0.0, "coordination_ring_potter0_20": 0.35, "centre_pots_sparse20": 54.0, "centre_pots_potter0_20": 0.3}
[pair_G] {"steps": 1546240, "elapsed_s": 1459.8, "coordination_ring_sparse20": 0.0, "coordination_ring_potter0_20": 0.3, "centre_pots_sparse20": 54.0, "centre_pots_potter0_20": 0.3}
[pair_G] {"steps": 1548288, "elapsed_s": 1461.6, "coordination_ring_sparse20": 0.0, "coordination_ring_potter0_20": 0.2, "centre_pots_sparse20": 49.0, "centre_pots_potter0_20": 0.35}
[pair_G] {"steps": 1550336, "elapsed_s": 1463.1, "coordination_ring_sparse20": 0.0, "coordination_ring_potter0_20": 0.25, "centre_pots_sparse20": 51.0, "centre_pots_potter0_20": 0.35}
[pair_G] {"steps": 1552384, "elapsed_s": 1464.9, "coordination_ring_sparse20": 0.0, "coordination_ring_potter0_20": 0.25, "centre_pots_sparse20": 48.0, "centre_pots_potter0_20": 0.3}
[pair_G] {"steps": 1554432, "elapsed_s": 1466.5, "coordination_ring_sparse20": 0.0, "coordination_ring_potter0_20": 0.2, "centre_pots_sparse20": 47.0, "centre_pots_potter0_20": 0.35}
[pair_G] {"steps": 1556480, "elapsed_s": 1468.0, "coordination_ring_sparse20": 0.0, "coordination_ring_potter0_20": 0.2, "centre_pots_sparse20": 48.0, "centre_pots_potter0_20": 0.4}
[pair_G] {"steps": 1558528, "elapsed_s": 1469.3, "coordination_ring_sparse20": 0.0, "coordination_ring_potter0_20": 0.25, "centre_pots_sparse20": 48.0, "centre_pots_potter0_20": 0.4}
[pair_G] {"steps": 1560576, "elapsed_s": 1471.0, "coordination_ring_sparse20": 0.0, "coordination_ring_potter0_20": 0.3, "centre_pots_sparse20": 48.0, "centre_pots_potter0_20": 0.45}
[pair_G] {"steps": 1562624, "elapsed_s": 1472.5, "coordination_ring_sparse20": 0.0, "coordination_ring_potter0_20": 0.35, "centre_pots_sparse20": 47.0, "centre_pots_potter0_20": 0.5}
[pair_G] {"steps": 1564672, "elapsed_s": 1474.5, "coordination_ring_sparse20": 0.0, "coordination_ring_potter0_20": 0.3, "centre_pots_sparse20": 46.0, "centre_pots_potter0_20": 0.45}
[pair_G] {"steps": 1566720, "elapsed_s": 1476.5, "coordination_ring_sparse20": 0.0, "coordination_ring_potter0_20": 0.3, "centre_pots_sparse20": 47.0, "centre_pots_potter0_20": 0.5}
[pair_G] {"steps": 1568768, "elapsed_s": 1478.4, "coordination_ring_sparse20": 0.0, "coordination_ring_potter0_20": 0.3, "centre_pots_sparse20": 48.0, "centre_pots_potter0_20": 0.5}
[pair_G] {"steps": 1570816, "elapsed_s": 1480.4, "coordination_ring_sparse20": 0.0, "coordination_ring_potter0_20": 0.3, "centre_pots_sparse20": 47.0, "centre_pots_potter0_20": 0.6}
[pair_G] {"steps": 1572864, "elapsed_s": 1482.1, "coordination_ring_sparse20": 0.0, "coordination_ring_potter0_20": 0.25, "centre_pots_sparse20": 47.0, "centre_pots_potter0_20": 0.7}
[pair_G] {"steps": 1574912, "elapsed_s": 1484.1, "coordination_ring_sparse20": 0.0, "coordination_ring_potter0_20": 0.2, "centre_pots_sparse20": 48.0, "centre_pots_potter0_20": 0.7}
[pair_G] {"steps": 1576960, "elapsed_s": 1485.7, "coordination_ring_sparse20": 0.0, "coordination_ring_potter0_20": 0.2, "centre_pots_sparse20": 49.0, "centre_pots_potter0_20": 0.75}
[pair_G] {"steps": 1579008, "elapsed_s": 1487.7, "coordination_ring_sparse20": 0.0, "coordination_ring_potter0_20": 0.2, "centre_pots_sparse20": 48.0, "centre_pots_potter0_20": 0.75}
[pair_G] {"steps": 1581056, "elapsed_s": 1489.4, "coordination_ring_sparse20": 0.0, "coordination_ring_potter0_20": 0.2, "centre_pots_sparse20": 48.0, "centre_pots_potter0_20": 0.8}
[pair_G] {"steps": 1583104, "elapsed_s": 1491.7, "coordination_ring_sparse20": 0.0, "coordination_ring_potter0_20": 0.2, "centre_pots_sparse20": 51.0, "centre_pots_potter0_20": 0.7}
[pair_G] {"steps": 1585152, "elapsed_s": 1493.5, "coordination_ring_sparse20": 0.0, "coordination_ring_potter0_20": 0.2, "centre_pots_sparse20": 54.0, "centre_pots_potter0_20": 0.65}
[pair_G] {"steps": 1587200, "elapsed_s": 1495.3, "coordination_ring_sparse20": 0.0, "coordination_ring_potter0_20": 0.25, "centre_pots_sparse20": 55.0, "centre_pots_potter0_20": 0.65}
[pair_G] {"steps": 1589248, "elapsed_s": 1497.3, "coordination_ring_sparse20": 0.0, "coordination_ring_potter0_20": 0.3, "centre_pots_sparse20": 55.0, "centre_pots_potter0_20": 0.65}
[pair_G] {"steps": 1591296, "elapsed_s": 1499.0, "coordination_ring_sparse20": 0.0, "coordination_ring_potter0_20": 0.35, "centre_pots_sparse20": 59.0, "centre_pots_potter0_20": 0.7}
[pair_G] {"steps": 1593344, "elapsed_s": 1500.8, "coordination_ring_sparse20": 0.0, "coordination_ring_potter0_20": 0.35, "centre_pots_sparse20": 61.0, "centre_pots_potter0_20": 0.65}
[pair_G] {"steps": 1595392, "elapsed_s": 1502.8, "coordination_ring_sparse20": 0.0, "coordination_ring_potter0_20": 0.35, "centre_pots_sparse20": 61.0, "centre_pots_potter0_20": 0.75}
[pair_G] {"steps": 1597440, "elapsed_s": 1504.2, "coordination_ring_sparse20": 0.0, "coordination_ring_potter0_20": 0.45, "centre_pots_sparse20": 61.0, "centre_pots_potter0_20": 0.75}
[pair_G] {"steps": 1599488, "elapsed_s": 1505.8, "coordination_ring_sparse20": 0.0, "coordination_ring_potter0_20": 0.45, "centre_pots_sparse20": 64.0, "centre_pots_potter0_20": 0.75}
[pair_G] {"steps": 1601536, "elapsed_s": 1507.4, "coordination_ring_sparse20": 0.0, "coordination_ring_potter0_20": 0.45, "centre_pots_sparse20": 59.0, "centre_pots_potter0_20": 0.65}
[pair_G] {"steps": 1603584, "elapsed_s": 1509.2, "coordination_ring_sparse20": 0.0, "coordination_ring_potter0_20": 0.45, "centre_pots_sparse20": 56.0, "centre_pots_potter0_20": 0.55}
[pair_G] {"steps": 1605632, "elapsed_s": 1511.0, "coordination_ring_sparse20": 0.0, "coordination_ring_potter0_20": 0.45, "centre_pots_sparse20": 61.0, "centre_pots_potter0_20": 0.45}
[pair_G] {"steps": 1607680, "elapsed_s": 1512.6, "coordination_ring_sparse20": 0.0, "coordination_ring_potter0_20": 0.45, "centre_pots_sparse20": 60.0, "centre_pots_potter0_20": 0.5}
[pair_G] {"steps": 1609728, "elapsed_s": 1514.3, "coordination_ring_sparse20": 0.0, "coordination_ring_potter0_20": 0.45, "centre_pots_sparse20": 59.0, "centre_pots_potter0_20": 0.45}
[pair_G] {"steps": 1611776, "elapsed_s": 1516.1, "coordination_ring_sparse20": 0.0, "coordination_ring_potter0_20": 0.45, "centre_pots_sparse20": 54.0, "centre_pots_potter0_20": 0.55}
[pair_G] {"steps": 1613824, "elapsed_s": 1517.7, "coordination_ring_sparse20": 0.0, "coordination_ring_potter0_20": 0.4, "centre_pots_sparse20": 54.0, "centre_pots_potter0_20": 0.55}
[pair_G] {"steps": 1615872, "elapsed_s": 1519.6, "coordination_ring_sparse20": 0.0, "coordination_ring_potter0_20": 0.4, "centre_pots_sparse20": 50.0, "centre_pots_potter0_20": 0.65}
[pair_G] {"steps": 1617920, "elapsed_s": 1521.4, "coordination_ring_sparse20": 0.0, "coordination_ring_potter0_20": 0.4, "centre_pots_sparse20": 52.0, "centre_pots_potter0_20": 0.7}
[pair_G] {"steps": 1619968, "elapsed_s": 1523.2, "coordination_ring_sparse20": 0.0, "coordination_ring_potter0_20": 0.35, "centre_pots_sparse20": 53.0, "centre_pots_potter0_20": 0.75}
[pair_G] {"steps": 1622016, "elapsed_s": 1524.7, "coordination_ring_sparse20": 0.0, "coordination_ring_potter0_20": 0.25, "centre_pots_sparse20": 54.0, "centre_pots_potter0_20": 0.75}
[pair_G] {"steps": 1624064, "elapsed_s": 1526.3, "coordination_ring_sparse20": 0.0, "coordination_ring_potter0_20": 0.25, "centre_pots_sparse20": 55.0, "centre_pots_potter0_20": 0.7}
[pair_G] {"steps": 1626112, "elapsed_s": 1527.9, "coordination_ring_sparse20": 0.0, "coordination_ring_potter0_20": 0.2, "centre_pots_sparse20": 54.0, "centre_pots_potter0_20": 0.65}
[pair_G] {"steps": 1628160, "elapsed_s": 1529.8, "coordination_ring_sparse20": 0.0, "coordination_ring_potter0_20": 0.2, "centre_pots_sparse20": 59.0, "centre_pots_potter0_20": 0.6}
[pair_G] {"steps": 1630208, "elapsed_s": 1531.7, "coordination_ring_sparse20": 0.0, "coordination_ring_potter0_20": 0.2, "centre_pots_sparse20": 60.0, "centre_pots_potter0_20": 0.55}
[pair_G] {"steps": 1632256, "elapsed_s": 1533.5, "coordination_ring_sparse20": 0.0, "coordination_ring_potter0_20": 0.25, "centre_pots_sparse20": 64.0, "centre_pots_potter0_20": 0.55}
[pair_G] {"steps": 1634304, "elapsed_s": 1535.4, "coordination_ring_sparse20": 0.0, "coordination_ring_potter0_20": 0.3, "centre_pots_sparse20": 68.0, "centre_pots_potter0_20": 0.5}
[pair_G] {"steps": 1636352, "elapsed_s": 1537.3, "coordination_ring_sparse20": 0.0, "coordination_ring_potter0_20": 0.3, "centre_pots_sparse20": 67.0, "centre_pots_potter0_20": 0.5}
[pair_G] {"steps": 1638400, "elapsed_s": 1539.1, "coordination_ring_sparse20": 0.0, "coordination_ring_potter0_20": 0.35, "centre_pots_sparse20": 65.0, "centre_pots_potter0_20": 0.5}
[pair_G] {"steps": 1640448, "elapsed_s": 1541.2, "coordination_ring_sparse20": 0.0, "coordination_ring_potter0_20": 0.35, "centre_pots_sparse20": 61.0, "centre_pots_potter0_20": 0.5}
[pair_G] {"steps": 1642496, "elapsed_s": 1543.1, "coordination_ring_sparse20": 0.0, "coordination_ring_potter0_20": 0.35, "centre_pots_sparse20": 60.0, "centre_pots_potter0_20": 0.5}
[pair_G] {"steps": 1644544, "elapsed_s": 1544.7, "coordination_ring_sparse20": 0.0, "coordination_ring_potter0_20": 0.4, "centre_pots_sparse20": 62.0, "centre_pots_potter0_20": 0.5}
[pair_G] {"steps": 1646592, "elapsed_s": 1546.5, "coordination_ring_sparse20": 0.0, "coordination_ring_potter0_20": 0.4, "centre_pots_sparse20": 63.0, "centre_pots_potter0_20": 0.5}
[pair_G] {"steps": 1648640, "elapsed_s": 1548.0, "coordination_ring_sparse20": 0.0, "coordination_ring_potter0_20": 0.4, "centre_pots_sparse20": 65.0, "centre_pots_potter0_20": 0.5}
[pair_G] {"steps": 1650688, "elapsed_s": 1549.5, "coordination_ring_sparse20": 0.0, "coordination_ring_potter0_20": 0.45, "centre_pots_sparse20": 67.0, "centre_pots_potter0_20": 0.55}
[pair_G] {"steps": 1652736, "elapsed_s": 1551.4, "coordination_ring_sparse20": 0.0, "coordination_ring_potter0_20": 0.45, "centre_pots_sparse20": 65.0, "centre_pots_potter0_20": 0.55}
[pair_G] {"steps": 1654784, "elapsed_s": 1553.6, "coordination_ring_sparse20": 0.0, "coordination_ring_potter0_20": 0.45, "centre_pots_sparse20": 69.0, "centre_pots_potter0_20": 0.55}
[pair_G] {"steps": 1656832, "elapsed_s": 1555.6, "coordination_ring_sparse20": 0.0, "coordination_ring_potter0_20": 0.45, "centre_pots_sparse20": 69.0, "centre_pots_potter0_20": 0.55}
[pair_G] {"steps": 1658880, "elapsed_s": 1557.4, "coordination_ring_sparse20": 0.0, "coordination_ring_potter0_20": 0.45, "centre_pots_sparse20": 70.0, "centre_pots_potter0_20": 0.55}
[pair_G] {"steps": 1660928, "elapsed_s": 1559.0, "coordination_ring_sparse20": 0.0, "coordination_ring_potter0_20": 0.5, "centre_pots_sparse20": 67.0, "centre_pots_potter0_20": 0.55}
[pair_G] {"steps": 1662976, "elapsed_s": 1560.8, "coordination_ring_sparse20": 0.0, "coordination_ring_potter0_20": 0.5, "centre_pots_sparse20": 64.0, "centre_pots_potter0_20": 0.6}
[pair_G] {"steps": 1665024, "elapsed_s": 1562.3, "coordination_ring_sparse20": 0.0, "coordination_ring_potter0_20": 0.45, "centre_pots_sparse20": 64.0, "centre_pots_potter0_20": 0.6}
[pair_G] {"steps": 1667072, "elapsed_s": 1564.3, "coordination_ring_sparse20": 0.0, "coordination_ring_potter0_20": 0.45, "centre_pots_sparse20": 65.0, "centre_pots_potter0_20": 0.5}
[pair_G] {"steps": 1669120, "elapsed_s": 1566.3, "coordination_ring_sparse20": 0.0, "coordination_ring_potter0_20": 0.45, "centre_pots_sparse20": 68.0, "centre_pots_potter0_20": 0.4}
[pair_G] {"steps": 1671168, "elapsed_s": 1568.1, "coordination_ring_sparse20": 0.0, "coordination_ring_potter0_20": 0.45, "centre_pots_sparse20": 58.0, "centre_pots_potter0_20": 0.45}
[pair_G] {"steps": 1673216, "elapsed_s": 1569.8, "coordination_ring_sparse20": 0.0, "coordination_ring_potter0_20": 0.4, "centre_pots_sparse20": 58.0, "centre_pots_potter0_20": 0.45}
[pair_G] {"steps": 1675264, "elapsed_s": 1571.3, "coordination_ring_sparse20": 0.0, "coordination_ring_potter0_20": 0.35, "centre_pots_sparse20": 59.0, "centre_pots_potter0_20": 0.45}
[pair_G] {"steps": 1677312, "elapsed_s": 1572.6, "coordination_ring_sparse20": 0.0, "coordination_ring_potter0_20": 0.35, "centre_pots_sparse20": 59.0, "centre_pots_potter0_20": 0.45}
[pair_G] {"steps": 1679360, "elapsed_s": 1574.3, "coordination_ring_sparse20": 0.0, "coordination_ring_potter0_20": 0.35, "centre_pots_sparse20": 60.0, "centre_pots_potter0_20": 0.4}
[pair_G] {"steps": 1681408, "elapsed_s": 1576.0, "coordination_ring_sparse20": 0.0, "coordination_ring_potter0_20": 0.3, "centre_pots_sparse20": 57.0, "centre_pots_potter0_20": 0.3}
[pair_G] {"steps": 1683456, "elapsed_s": 1578.0, "coordination_ring_sparse20": 0.0, "coordination_ring_potter0_20": 0.3, "centre_pots_sparse20": 57.0, "centre_pots_potter0_20": 0.35}
[pair_G] {"steps": 1685504, "elapsed_s": 1579.7, "coordination_ring_sparse20": 0.0, "coordination_ring_potter0_20": 0.25, "centre_pots_sparse20": 49.0, "centre_pots_potter0_20": 0.3}
[pair_G] {"steps": 1687552, "elapsed_s": 1581.3, "coordination_ring_sparse20": 0.0, "coordination_ring_potter0_20": 0.25, "centre_pots_sparse20": 50.0, "centre_pots_potter0_20": 0.35}
[pair_G] {"steps": 1689600, "elapsed_s": 1582.7, "coordination_ring_sparse20": 0.0, "coordination_ring_potter0_20": 0.25, "centre_pots_sparse20": 51.0, "centre_pots_potter0_20": 0.35}
[pair_G] {"steps": 1691648, "elapsed_s": 1584.4, "coordination_ring_sparse20": 0.0, "coordination_ring_potter0_20": 0.2, "centre_pots_sparse20": 54.0, "centre_pots_potter0_20": 0.4}
[pair_G] {"steps": 1693696, "elapsed_s": 1586.1, "coordination_ring_sparse20": 0.0, "coordination_ring_potter0_20": 0.3, "centre_pots_sparse20": 57.0, "centre_pots_potter0_20": 0.4}
[pair_G] {"steps": 1695744, "elapsed_s": 1587.9, "coordination_ring_sparse20": 0.0, "coordination_ring_potter0_20": 0.4, "centre_pots_sparse20": 60.0, "centre_pots_potter0_20": 0.4}
[pair_G] {"steps": 1697792, "elapsed_s": 1589.7, "coordination_ring_sparse20": 0.0, "coordination_ring_potter0_20": 0.35, "centre_pots_sparse20": 62.0, "centre_pots_potter0_20": 0.5}
[pair_G] {"steps": 1699840, "elapsed_s": 1591.6, "coordination_ring_sparse20": 0.0, "coordination_ring_potter0_20": 0.4, "centre_pots_sparse20": 63.0, "centre_pots_potter0_20": 0.5}
[pair_G] {"steps": 1701888, "elapsed_s": 1593.3, "coordination_ring_sparse20": 0.0, "coordination_ring_potter0_20": 0.4, "centre_pots_sparse20": 65.0, "centre_pots_potter0_20": 0.45}
[pair_G] {"steps": 1703936, "elapsed_s": 1595.2, "coordination_ring_sparse20": 0.0, "coordination_ring_potter0_20": 0.4, "centre_pots_sparse20": 72.0, "centre_pots_potter0_20": 0.55}
[pair_G] {"steps": 1705984, "elapsed_s": 1596.9, "coordination_ring_sparse20": 0.0, "coordination_ring_potter0_20": 0.4, "centre_pots_sparse20": 73.0, "centre_pots_potter0_20": 0.5}
[pair_G] {"steps": 1708032, "elapsed_s": 1598.6, "coordination_ring_sparse20": 0.0, "coordination_ring_potter0_20": 0.4, "centre_pots_sparse20": 73.0, "centre_pots_potter0_20": 0.4}
[pair_G] {"steps": 1710080, "elapsed_s": 1600.4, "coordination_ring_sparse20": 0.0, "coordination_ring_potter0_20": 0.4, "centre_pots_sparse20": 70.0, "centre_pots_potter0_20": 0.55}
[pair_G] {"steps": 1712128, "elapsed_s": 1602.3, "coordination_ring_sparse20": 0.0, "coordination_ring_potter0_20": 0.35, "centre_pots_sparse20": 64.0, "centre_pots_potter0_20": 0.45}
[pair_G] {"steps": 1714176, "elapsed_s": 1603.8, "coordination_ring_sparse20": 0.0, "coordination_ring_potter0_20": 0.35, "centre_pots_sparse20": 61.0, "centre_pots_potter0_20": 0.45}
[pair_G] {"steps": 1716224, "elapsed_s": 1605.5, "coordination_ring_sparse20": 0.0, "coordination_ring_potter0_20": 0.4, "centre_pots_sparse20": 61.0, "centre_pots_potter0_20": 0.5}
[pair_G] {"steps": 1718272, "elapsed_s": 1607.6, "coordination_ring_sparse20": 0.0, "coordination_ring_potter0_20": 0.4, "centre_pots_sparse20": 61.0, "centre_pots_potter0_20": 0.7}
[pair_G] {"steps": 1720320, "elapsed_s": 1609.4, "coordination_ring_sparse20": 0.0, "coordination_ring_potter0_20": 0.35, "centre_pots_sparse20": 62.0, "centre_pots_potter0_20": 0.75}
[pair_G] {"steps": 1722368, "elapsed_s": 1611.2, "coordination_ring_sparse20": 0.0, "coordination_ring_potter0_20": 0.3, "centre_pots_sparse20": 64.0, "centre_pots_potter0_20": 0.8}
[pair_G] {"steps": 1724416, "elapsed_s": 1613.2, "coordination_ring_sparse20": 0.0, "coordination_ring_potter0_20": 0.25, "centre_pots_sparse20": 65.0, "centre_pots_potter0_20": 0.7}
[pair_G] {"steps": 1726464, "elapsed_s": 1614.9, "coordination_ring_sparse20": 0.0, "coordination_ring_potter0_20": 0.25, "centre_pots_sparse20": 71.0, "centre_pots_potter0_20": 0.75}
[pair_G] {"steps": 1728512, "elapsed_s": 1617.0, "coordination_ring_sparse20": 0.0, "coordination_ring_potter0_20": 0.25, "centre_pots_sparse20": 78.0, "centre_pots_potter0_20": 0.85}
[pair_G] {"steps": 1730560, "elapsed_s": 1618.6, "coordination_ring_sparse20": 0.0, "coordination_ring_potter0_20": 0.3, "centre_pots_sparse20": 78.0, "centre_pots_potter0_20": 0.85}
[pair_G] {"steps": 1732608, "elapsed_s": 1620.3, "coordination_ring_sparse20": 0.0, "coordination_ring_potter0_20": 0.25, "centre_pots_sparse20": 77.0, "centre_pots_potter0_20": 0.8}
[pair_G] {"steps": 1734656, "elapsed_s": 1622.0, "coordination_ring_sparse20": 0.0, "coordination_ring_potter0_20": 0.3, "centre_pots_sparse20": 77.0, "centre_pots_potter0_20": 0.75}
[pair_G] {"steps": 1736704, "elapsed_s": 1623.6, "coordination_ring_sparse20": 0.0, "coordination_ring_potter0_20": 0.3, "centre_pots_sparse20": 76.0, "centre_pots_potter0_20": 0.75}
[pair_G] {"steps": 1738752, "elapsed_s": 1625.7, "coordination_ring_sparse20": 0.0, "coordination_ring_potter0_20": 0.35, "centre_pots_sparse20": 71.0, "centre_pots_potter0_20": 0.8}
[pair_G] {"steps": 1740800, "elapsed_s": 1627.7, "coordination_ring_sparse20": 0.0, "coordination_ring_potter0_20": 0.35, "centre_pots_sparse20": 68.0, "centre_pots_potter0_20": 0.9}
[pair_G] {"steps": 1742848, "elapsed_s": 1629.3, "coordination_ring_sparse20": 0.0, "coordination_ring_potter0_20": 0.45, "centre_pots_sparse20": 67.0, "centre_pots_potter0_20": 0.85}
[pair_G] {"steps": 1744896, "elapsed_s": 1631.2, "coordination_ring_sparse20": 0.0, "coordination_ring_potter0_20": 0.45, "centre_pots_sparse20": 65.0, "centre_pots_potter0_20": 0.8}
[pair_G] {"steps": 1746944, "elapsed_s": 1632.9, "coordination_ring_sparse20": 0.0, "coordination_ring_potter0_20": 0.45, "centre_pots_sparse20": 65.0, "centre_pots_potter0_20": 0.7}
[pair_G] {"steps": 1748992, "elapsed_s": 1634.7, "coordination_ring_sparse20": 0.0, "coordination_ring_potter0_20": 0.45, "centre_pots_sparse20": 59.0, "centre_pots_potter0_20": 0.75}
[pair_G] {"steps": 1751040, "elapsed_s": 1636.5, "coordination_ring_sparse20": 0.0, "coordination_ring_potter0_20": 0.4, "centre_pots_sparse20": 58.0, "centre_pots_potter0_20": 0.75}
[pair_G] {"steps": 1753088, "elapsed_s": 1638.3, "coordination_ring_sparse20": 0.0, "coordination_ring_potter0_20": 0.4, "centre_pots_sparse20": 58.0, "centre_pots_potter0_20": 0.75}
[pair_G] {"steps": 1755136, "elapsed_s": 1639.7, "coordination_ring_sparse20": 0.0, "coordination_ring_potter0_20": 0.45, "centre_pots_sparse20": 57.0, "centre_pots_potter0_20": 0.75}
[pair_G] {"steps": 1757184, "elapsed_s": 1641.2, "coordination_ring_sparse20": 0.0, "coordination_ring_potter0_20": 0.45, "centre_pots_sparse20": 58.0, "centre_pots_potter0_20": 0.75}
[pair_G] {"steps": 1759232, "elapsed_s": 1642.7, "coordination_ring_sparse20": 0.0, "coordination_ring_potter0_20": 0.45, "centre_pots_sparse20": 59.0, "centre_pots_potter0_20": 0.75}
[pair_G] {"steps": 1761280, "elapsed_s": 1644.3, "coordination_ring_sparse20": 0.0, "coordination_ring_potter0_20": 0.5, "centre_pots_sparse20": 55.0, "centre_pots_potter0_20": 0.8}
[pair_G] {"steps": 1763328, "elapsed_s": 1645.9, "coordination_ring_sparse20": 0.0, "coordination_ring_potter0_20": 0.55, "centre_pots_sparse20": 57.0, "centre_pots_potter0_20": 0.75}
[pair_G] {"steps": 1765376, "elapsed_s": 1647.6, "coordination_ring_sparse20": 0.0, "coordination_ring_potter0_20": 0.6, "centre_pots_sparse20": 62.0, "centre_pots_potter0_20": 0.8}
[pair_G] {"steps": 1767424, "elapsed_s": 1649.2, "coordination_ring_sparse20": 0.0, "coordination_ring_potter0_20": 0.55, "centre_pots_sparse20": 61.0, "centre_pots_potter0_20": 0.85}
[pair_G] {"steps": 1769472, "elapsed_s": 1650.6, "coordination_ring_sparse20": 0.0, "coordination_ring_potter0_20": 0.45, "centre_pots_sparse20": 61.0, "centre_pots_potter0_20": 0.85}
[pair_G] {"steps": 1771520, "elapsed_s": 1652.3, "coordination_ring_sparse20": 0.0, "coordination_ring_potter0_20": 0.45, "centre_pots_sparse20": 67.0, "centre_pots_potter0_20": 0.8}
[pair_G] {"steps": 1773568, "elapsed_s": 1654.1, "coordination_ring_sparse20": 0.0, "coordination_ring_potter0_20": 0.4, "centre_pots_sparse20": 67.0, "centre_pots_potter0_20": 0.8}
[pair_G] {"steps": 1775616, "elapsed_s": 1656.0, "coordination_ring_sparse20": 0.0, "coordination_ring_potter0_20": 0.35, "centre_pots_sparse20": 69.0, "centre_pots_potter0_20": 0.75}
[pair_G] {"steps": 1777664, "elapsed_s": 1657.4, "coordination_ring_sparse20": 0.0, "coordination_ring_potter0_20": 0.3, "centre_pots_sparse20": 69.0, "centre_pots_potter0_20": 0.75}
[pair_G] {"steps": 1779712, "elapsed_s": 1659.2, "coordination_ring_sparse20": 0.0, "coordination_ring_potter0_20": 0.35, "centre_pots_sparse20": 73.0, "centre_pots_potter0_20": 0.75}
[pair_G] {"steps": 1781760, "elapsed_s": 1660.8, "coordination_ring_sparse20": 0.0, "coordination_ring_potter0_20": 0.3, "centre_pots_sparse20": 71.0, "centre_pots_potter0_20": 0.7}
[pair_G] {"steps": 1783808, "elapsed_s": 1662.5, "coordination_ring_sparse20": 0.0, "coordination_ring_potter0_20": 0.25, "centre_pots_sparse20": 70.0, "centre_pots_potter0_20": 0.7}
[pair_G] {"steps": 1785856, "elapsed_s": 1664.3, "coordination_ring_sparse20": 0.0, "coordination_ring_potter0_20": 0.35, "centre_pots_sparse20": 64.0, "centre_pots_potter0_20": 0.75}
[pair_G] {"steps": 1787904, "elapsed_s": 1665.9, "coordination_ring_sparse20": 0.0, "coordination_ring_potter0_20": 0.35, "centre_pots_sparse20": 63.0, "centre_pots_potter0_20": 0.8}
[pair_G] {"steps": 1789952, "elapsed_s": 1667.7, "coordination_ring_sparse20": 0.0, "coordination_ring_potter0_20": 0.4, "centre_pots_sparse20": 64.0, "centre_pots_potter0_20": 0.8}
[pair_G] {"steps": 1792000, "elapsed_s": 1669.2, "coordination_ring_sparse20": 0.0, "coordination_ring_potter0_20": 0.35, "centre_pots_sparse20": 68.0, "centre_pots_potter0_20": 0.8}
[pair_G] {"steps": 1794048, "elapsed_s": 1670.8, "coordination_ring_sparse20": 0.0, "coordination_ring_potter0_20": 0.45, "centre_pots_sparse20": 67.0, "centre_pots_potter0_20": 0.85}
[pair_G] {"steps": 1796096, "elapsed_s": 1672.7, "coordination_ring_sparse20": 0.0, "coordination_ring_potter0_20": 0.5, "centre_pots_sparse20": 70.0, "centre_pots_potter0_20": 0.75}
[pair_G] {"steps": 1798144, "elapsed_s": 1674.4, "coordination_ring_sparse20": 0.0, "coordination_ring_potter0_20": 0.45, "centre_pots_sparse20": 66.0, "centre_pots_potter0_20": 0.75}
[pair_G] {"steps": 1800192, "elapsed_s": 1675.7, "coordination_ring_sparse20": 0.0, "coordination_ring_potter0_20": 0.4, "centre_pots_sparse20": 66.0, "centre_pots_potter0_20": 0.75}
[pair_G] {"steps": 1802240, "elapsed_s": 1677.5, "coordination_ring_sparse20": 0.0, "coordination_ring_potter0_20": 0.45, "centre_pots_sparse20": 66.0, "centre_pots_potter0_20": 0.7}
[pair_G] {"steps": 1804288, "elapsed_s": 1679.5, "coordination_ring_sparse20": 0.0, "coordination_ring_potter0_20": 0.4, "centre_pots_sparse20": 72.0, "centre_pots_potter0_20": 0.65}
[pair_G] {"steps": 1806336, "elapsed_s": 1681.3, "coordination_ring_sparse20": 0.0, "coordination_ring_potter0_20": 0.4, "centre_pots_sparse20": 68.0, "centre_pots_potter0_20": 0.65}
[pair_G] {"steps": 1808384, "elapsed_s": 1682.8, "coordination_ring_sparse20": 0.0, "coordination_ring_potter0_20": 0.4, "centre_pots_sparse20": 66.0, "centre_pots_potter0_20": 0.6}
[pair_G] {"steps": 1810432, "elapsed_s": 1684.5, "coordination_ring_sparse20": 0.0, "coordination_ring_potter0_20": 0.4, "centre_pots_sparse20": 67.0, "centre_pots_potter0_20": 0.65}
[pair_G] {"steps": 1812480, "elapsed_s": 1686.0, "coordination_ring_sparse20": 0.0, "coordination_ring_potter0_20": 0.4, "centre_pots_sparse20": 67.0, "centre_pots_potter0_20": 0.6}
[pair_G] {"steps": 1814528, "elapsed_s": 1688.2, "coordination_ring_sparse20": 0.0, "coordination_ring_potter0_20": 0.4, "centre_pots_sparse20": 68.0, "centre_pots_potter0_20": 0.6}
[pair_G] {"steps": 1816576, "elapsed_s": 1689.9, "coordination_ring_sparse20": 1.0, "coordination_ring_potter0_20": 0.4, "centre_pots_sparse20": 70.0, "centre_pots_potter0_20": 0.6}
[pair_G] {"steps": 1818624, "elapsed_s": 1691.6, "coordination_ring_sparse20": 1.0, "coordination_ring_potter0_20": 0.4, "centre_pots_sparse20": 71.0, "centre_pots_potter0_20": 0.7}
[pair_G] {"steps": 1820672, "elapsed_s": 1693.4, "coordination_ring_sparse20": 1.0, "coordination_ring_potter0_20": 0.4, "centre_pots_sparse20": 78.0, "centre_pots_potter0_20": 0.65}
[pair_G] {"steps": 1822720, "elapsed_s": 1695.0, "coordination_ring_sparse20": 1.0, "coordination_ring_potter0_20": 0.4, "centre_pots_sparse20": 77.0, "centre_pots_potter0_20": 0.6}
[pair_G] {"steps": 1824768, "elapsed_s": 1696.8, "coordination_ring_sparse20": 1.0, "coordination_ring_potter0_20": 0.35, "centre_pots_sparse20": 75.0, "centre_pots_potter0_20": 0.5}
[pair_G] {"steps": 1826816, "elapsed_s": 1698.2, "coordination_ring_sparse20": 1.0, "coordination_ring_potter0_20": 0.25, "centre_pots_sparse20": 75.0, "centre_pots_potter0_20": 0.5}
[pair_G] {"steps": 1828864, "elapsed_s": 1700.0, "coordination_ring_sparse20": 0.0, "coordination_ring_potter0_20": 0.2, "centre_pots_sparse20": 76.0, "centre_pots_potter0_20": 0.55}
[pair_G] {"steps": 1830912, "elapsed_s": 1701.4, "coordination_ring_sparse20": 0.0, "coordination_ring_potter0_20": 0.15, "centre_pots_sparse20": 78.0, "centre_pots_potter0_20": 0.55}
[pair_G] {"steps": 1832960, "elapsed_s": 1703.0, "coordination_ring_sparse20": 0.0, "coordination_ring_potter0_20": 0.25, "centre_pots_sparse20": 77.0, "centre_pots_potter0_20": 0.5}
[pair_G] {"steps": 1835008, "elapsed_s": 1704.8, "coordination_ring_sparse20": 0.0, "coordination_ring_potter0_20": 0.25, "centre_pots_sparse20": 79.0, "centre_pots_potter0_20": 0.6}
[pair_G] {"steps": 1837056, "elapsed_s": 1706.3, "coordination_ring_sparse20": 0.0, "coordination_ring_potter0_20": 0.25, "centre_pots_sparse20": 79.0, "centre_pots_potter0_20": 0.55}
[pair_G] {"steps": 1839104, "elapsed_s": 1708.0, "coordination_ring_sparse20": 0.0, "coordination_ring_potter0_20": 0.25, "centre_pots_sparse20": 77.0, "centre_pots_potter0_20": 0.55}
[pair_G] {"steps": 1841152, "elapsed_s": 1709.7, "coordination_ring_sparse20": 0.0, "coordination_ring_potter0_20": 0.25, "centre_pots_sparse20": 75.0, "centre_pots_potter0_20": 0.55}
[pair_G] {"steps": 1843200, "elapsed_s": 1711.7, "coordination_ring_sparse20": 0.0, "coordination_ring_potter0_20": 0.25, "centre_pots_sparse20": 69.0, "centre_pots_potter0_20": 0.7}
[pair_G] {"steps": 1845248, "elapsed_s": 1713.4, "coordination_ring_sparse20": 0.0, "coordination_ring_potter0_20": 0.35, "centre_pots_sparse20": 72.0, "centre_pots_potter0_20": 0.7}
[pair_G] {"steps": 1847296, "elapsed_s": 1715.4, "coordination_ring_sparse20": 0.0, "coordination_ring_potter0_20": 0.4, "centre_pots_sparse20": 71.0, "centre_pots_potter0_20": 0.8}
[pair_G] {"steps": 1849344, "elapsed_s": 1717.2, "coordination_ring_sparse20": 0.0, "coordination_ring_potter0_20": 0.3, "centre_pots_sparse20": 76.0, "centre_pots_potter0_20": 0.8}
[pair_G] {"steps": 1851392, "elapsed_s": 1719.0, "coordination_ring_sparse20": 0.0, "coordination_ring_potter0_20": 0.25, "centre_pots_sparse20": 75.0, "centre_pots_potter0_20": 0.8}
[pair_G] {"steps": 1853440, "elapsed_s": 1721.0, "coordination_ring_sparse20": 0.0, "coordination_ring_potter0_20": 0.3, "centre_pots_sparse20": 80.0, "centre_pots_potter0_20": 0.8}
[pair_G] {"steps": 1855488, "elapsed_s": 1722.7, "coordination_ring_sparse20": 0.0, "coordination_ring_potter0_20": 0.4, "centre_pots_sparse20": 85.0, "centre_pots_potter0_20": 0.8}
[pair_G] {"steps": 1857536, "elapsed_s": 1724.3, "coordination_ring_sparse20": 0.0, "coordination_ring_potter0_20": 0.4, "centre_pots_sparse20": 80.0, "centre_pots_potter0_20": 0.75}
[pair_G] {"steps": 1859584, "elapsed_s": 1726.2, "coordination_ring_sparse20": 0.0, "coordination_ring_potter0_20": 0.5, "centre_pots_sparse20": 80.0, "centre_pots_potter0_20": 0.75}
[pair_G] {"steps": 1861632, "elapsed_s": 1727.9, "coordination_ring_sparse20": 0.0, "coordination_ring_potter0_20": 0.5, "centre_pots_sparse20": 80.0, "centre_pots_potter0_20": 0.7}
[pair_G] {"steps": 1863680, "elapsed_s": 1729.7, "coordination_ring_sparse20": 0.0, "coordination_ring_potter0_20": 0.55, "centre_pots_sparse20": 80.0, "centre_pots_potter0_20": 0.7}
[pair_G] {"steps": 1865728, "elapsed_s": 1731.3, "coordination_ring_sparse20": 0.0, "coordination_ring_potter0_20": 0.55, "centre_pots_sparse20": 74.0, "centre_pots_potter0_20": 0.65}
[pair_G] {"steps": 1867776, "elapsed_s": 1733.1, "coordination_ring_sparse20": 0.0, "coordination_ring_potter0_20": 0.4, "centre_pots_sparse20": 76.0, "centre_pots_potter0_20": 0.65}
[pair_G] {"steps": 1869824, "elapsed_s": 1735.0, "coordination_ring_sparse20": 0.0, "coordination_ring_potter0_20": 0.5, "centre_pots_sparse20": 75.0, "centre_pots_potter0_20": 0.65}
[pair_G] {"steps": 1871872, "elapsed_s": 1737.0, "coordination_ring_sparse20": 0.0, "coordination_ring_potter0_20": 0.5, "centre_pots_sparse20": 73.0, "centre_pots_potter0_20": 0.6}
[pair_G] {"steps": 1873920, "elapsed_s": 1738.8, "coordination_ring_sparse20": 0.0, "coordination_ring_potter0_20": 0.55, "centre_pots_sparse20": 75.0, "centre_pots_potter0_20": 0.65}
[pair_G] {"steps": 1875968, "elapsed_s": 1740.6, "coordination_ring_sparse20": 0.0, "coordination_ring_potter0_20": 0.4, "centre_pots_sparse20": 74.0, "centre_pots_potter0_20": 0.7}
[pair_G] {"steps": 1878016, "elapsed_s": 1742.4, "coordination_ring_sparse20": 0.0, "coordination_ring_potter0_20": 0.4, "centre_pots_sparse20": 75.0, "centre_pots_potter0_20": 0.7}
[pair_G] {"steps": 1880064, "elapsed_s": 1744.0, "coordination_ring_sparse20": 0.0, "coordination_ring_potter0_20": 0.35, "centre_pots_sparse20": 73.0, "centre_pots_potter0_20": 0.65}
[pair_G] {"steps": 1882112, "elapsed_s": 1746.2, "coordination_ring_sparse20": 0.0, "coordination_ring_potter0_20": 0.3, "centre_pots_sparse20": 73.0, "centre_pots_potter0_20": 0.65}
[pair_G] {"steps": 1884160, "elapsed_s": 1747.7, "coordination_ring_sparse20": 0.0, "coordination_ring_potter0_20": 0.3, "centre_pots_sparse20": 71.0, "centre_pots_potter0_20": 0.65}
[pair_G] {"steps": 1886208, "elapsed_s": 1749.8, "coordination_ring_sparse20": 0.0, "coordination_ring_potter0_20": 0.35, "centre_pots_sparse20": 74.0, "centre_pots_potter0_20": 0.75}
[pair_G] {"steps": 1888256, "elapsed_s": 1751.7, "coordination_ring_sparse20": 0.0, "coordination_ring_potter0_20": 0.3, "centre_pots_sparse20": 73.0, "centre_pots_potter0_20": 0.7}
[pair_G] {"steps": 1890304, "elapsed_s": 1753.3, "coordination_ring_sparse20": 0.0, "coordination_ring_potter0_20": 0.25, "centre_pots_sparse20": 74.0, "centre_pots_potter0_20": 0.65}
[pair_G] {"steps": 1892352, "elapsed_s": 1755.1, "coordination_ring_sparse20": 0.0, "coordination_ring_potter0_20": 0.2, "centre_pots_sparse20": 72.0, "centre_pots_potter0_20": 0.7}
[pair_G] {"steps": 1894400, "elapsed_s": 1757.2, "coordination_ring_sparse20": 0.0, "coordination_ring_potter0_20": 0.2, "centre_pots_sparse20": 76.0, "centre_pots_potter0_20": 0.85}
[pair_G] {"steps": 1896448, "elapsed_s": 1759.2, "coordination_ring_sparse20": 0.0, "coordination_ring_potter0_20": 0.25, "centre_pots_sparse20": 74.0, "centre_pots_potter0_20": 0.8}
[pair_G] {"steps": 1898496, "elapsed_s": 1761.1, "coordination_ring_sparse20": 0.0, "coordination_ring_potter0_20": 0.25, "centre_pots_sparse20": 77.0, "centre_pots_potter0_20": 0.65}
[pair_G] {"steps": 1900544, "elapsed_s": 1763.0, "coordination_ring_sparse20": 0.0, "coordination_ring_potter0_20": 0.3, "centre_pots_sparse20": 75.0, "centre_pots_potter0_20": 0.6}
[pair_G] {"steps": 1902592, "elapsed_s": 1764.9, "coordination_ring_sparse20": 0.0, "coordination_ring_potter0_20": 0.35, "centre_pots_sparse20": 75.0, "centre_pots_potter0_20": 0.6}
[pair_G] {"steps": 1904640, "elapsed_s": 1766.3, "coordination_ring_sparse20": 0.0, "coordination_ring_potter0_20": 0.35, "centre_pots_sparse20": 78.0, "centre_pots_potter0_20": 0.55}
[pair_G] {"steps": 1906688, "elapsed_s": 1768.0, "coordination_ring_sparse20": 0.0, "coordination_ring_potter0_20": 0.45, "centre_pots_sparse20": 79.0, "centre_pots_potter0_20": 0.55}
[pair_G] {"steps": 1908736, "elapsed_s": 1769.9, "coordination_ring_sparse20": 0.0, "coordination_ring_potter0_20": 0.5, "centre_pots_sparse20": 81.0, "centre_pots_potter0_20": 0.55}
[pair_G] {"steps": 1910784, "elapsed_s": 1771.5, "coordination_ring_sparse20": 0.0, "coordination_ring_potter0_20": 0.5, "centre_pots_sparse20": 82.0, "centre_pots_potter0_20": 0.55}
[pair_G] {"steps": 1912832, "elapsed_s": 1773.5, "coordination_ring_sparse20": 0.0, "coordination_ring_potter0_20": 0.5, "centre_pots_sparse20": 86.0, "centre_pots_potter0_20": 0.6}
[pair_G] {"steps": 1914880, "elapsed_s": 1775.1, "coordination_ring_sparse20": 0.0, "coordination_ring_potter0_20": 0.45, "centre_pots_sparse20": 83.0, "centre_pots_potter0_20": 0.65}
[pair_G] {"steps": 1916928, "elapsed_s": 1777.0, "coordination_ring_sparse20": 0.0, "coordination_ring_potter0_20": 0.45, "centre_pots_sparse20": 80.0, "centre_pots_potter0_20": 0.7}
[pair_G] {"steps": 1918976, "elapsed_s": 1779.0, "coordination_ring_sparse20": 0.0, "coordination_ring_potter0_20": 0.45, "centre_pots_sparse20": 80.0, "centre_pots_potter0_20": 0.75}
[pair_G] {"steps": 1921024, "elapsed_s": 1780.9, "coordination_ring_sparse20": 0.0, "coordination_ring_potter0_20": 0.5, "centre_pots_sparse20": 84.0, "centre_pots_potter0_20": 0.65}
[pair_G] {"steps": 1923072, "elapsed_s": 1782.5, "coordination_ring_sparse20": 0.0, "coordination_ring_potter0_20": 0.45, "centre_pots_sparse20": 78.0, "centre_pots_potter0_20": 0.5}
[pair_G] {"steps": 1925120, "elapsed_s": 1784.3, "coordination_ring_sparse20": 0.0, "coordination_ring_potter0_20": 0.45, "centre_pots_sparse20": 75.0, "centre_pots_potter0_20": 0.45}
[pair_G] {"steps": 1927168, "elapsed_s": 1786.0, "coordination_ring_sparse20": 0.0, "coordination_ring_potter0_20": 0.45, "centre_pots_sparse20": 75.0, "centre_pots_potter0_20": 0.45}
[pair_G] {"steps": 1929216, "elapsed_s": 1788.2, "coordination_ring_sparse20": 0.0, "coordination_ring_potter0_20": 0.45, "centre_pots_sparse20": 73.0, "centre_pots_potter0_20": 0.4}
[pair_G] {"steps": 1931264, "elapsed_s": 1789.9, "coordination_ring_sparse20": 0.0, "coordination_ring_potter0_20": 0.45, "centre_pots_sparse20": 75.0, "centre_pots_potter0_20": 0.4}
[pair_G] {"steps": 1933312, "elapsed_s": 1791.5, "coordination_ring_sparse20": 0.0, "coordination_ring_potter0_20": 0.4, "centre_pots_sparse20": 74.0, "centre_pots_potter0_20": 0.4}
[pair_G] {"steps": 1935360, "elapsed_s": 1793.3, "coordination_ring_sparse20": 0.0, "coordination_ring_potter0_20": 0.4, "centre_pots_sparse20": 73.0, "centre_pots_potter0_20": 0.45}
[pair_G] {"steps": 1937408, "elapsed_s": 1795.0, "coordination_ring_sparse20": 0.0, "coordination_ring_potter0_20": 0.35, "centre_pots_sparse20": 76.0, "centre_pots_potter0_20": 0.55}
[pair_G] {"steps": 1939456, "elapsed_s": 1796.8, "coordination_ring_sparse20": 0.0, "coordination_ring_potter0_20": 0.35, "centre_pots_sparse20": 79.0, "centre_pots_potter0_20": 0.6}
[pair_G] {"steps": 1941504, "elapsed_s": 1798.7, "coordination_ring_sparse20": 0.0, "coordination_ring_potter0_20": 0.4, "centre_pots_sparse20": 77.0, "centre_pots_potter0_20": 0.65}
[pair_G] {"steps": 1943552, "elapsed_s": 1800.6, "coordination_ring_sparse20": 0.0, "coordination_ring_potter0_20": 0.35, "centre_pots_sparse20": 78.0, "centre_pots_potter0_20": 0.7}
[pair_G] {"steps": 1945600, "elapsed_s": 1802.5, "coordination_ring_sparse20": 0.0, "coordination_ring_potter0_20": 0.35, "centre_pots_sparse20": 77.0, "centre_pots_potter0_20": 0.7}
[pair_G] {"steps": 1947648, "elapsed_s": 1804.1, "coordination_ring_sparse20": 0.0, "coordination_ring_potter0_20": 0.45, "centre_pots_sparse20": 75.0, "centre_pots_potter0_20": 0.7}
[pair_G] {"steps": 1949696, "elapsed_s": 1805.9, "coordination_ring_sparse20": 0.0, "coordination_ring_potter0_20": 0.45, "centre_pots_sparse20": 73.0, "centre_pots_potter0_20": 0.7}
[pair_G] {"steps": 1951744, "elapsed_s": 1807.7, "coordination_ring_sparse20": 0.0, "coordination_ring_potter0_20": 0.45, "centre_pots_sparse20": 66.0, "centre_pots_potter0_20": 0.7}
[pair_G] {"steps": 1953792, "elapsed_s": 1809.4, "coordination_ring_sparse20": 0.0, "coordination_ring_potter0_20": 0.5, "centre_pots_sparse20": 68.0, "centre_pots_potter0_20": 0.7}
[pair_G] {"steps": 1955840, "elapsed_s": 1810.8, "coordination_ring_sparse20": 0.0, "coordination_ring_potter0_20": 0.6, "centre_pots_sparse20": 68.0, "centre_pots_potter0_20": 0.7}
[pair_G] {"steps": 1957888, "elapsed_s": 1812.5, "coordination_ring_sparse20": 0.0, "coordination_ring_potter0_20": 0.55, "centre_pots_sparse20": 67.0, "centre_pots_potter0_20": 0.75}
[pair_G] {"steps": 1959936, "elapsed_s": 1814.4, "coordination_ring_sparse20": 0.0, "coordination_ring_potter0_20": 0.6, "centre_pots_sparse20": 64.0, "centre_pots_potter0_20": 0.75}
[pair_G] {"steps": 1961984, "elapsed_s": 1816.4, "coordination_ring_sparse20": 0.0, "coordination_ring_potter0_20": 0.6, "centre_pots_sparse20": 64.0, "centre_pots_potter0_20": 0.85}
[pair_G] {"steps": 1964032, "elapsed_s": 1818.0, "coordination_ring_sparse20": 0.0, "coordination_ring_potter0_20": 0.6, "centre_pots_sparse20": 67.0, "centre_pots_potter0_20": 0.85}
[pair_G] {"steps": 1966080, "elapsed_s": 1819.5, "coordination_ring_sparse20": 0.0, "coordination_ring_potter0_20": 0.55, "centre_pots_sparse20": 66.0, "centre_pots_potter0_20": 0.85}
[pair_G] {"steps": 1968128, "elapsed_s": 1821.0, "coordination_ring_sparse20": 0.0, "coordination_ring_potter0_20": 0.55, "centre_pots_sparse20": 71.0, "centre_pots_potter0_20": 0.9}
[pair_G] {"steps": 1970176, "elapsed_s": 1822.9, "coordination_ring_sparse20": 0.0, "coordination_ring_potter0_20": 0.5, "centre_pots_sparse20": 72.0, "centre_pots_potter0_20": 0.85}
[pair_G] {"steps": 1972224, "elapsed_s": 1824.9, "coordination_ring_sparse20": 0.0, "coordination_ring_potter0_20": 0.45, "centre_pots_sparse20": 71.0, "centre_pots_potter0_20": 0.9}
[pair_G] {"steps": 1974272, "elapsed_s": 1826.5, "coordination_ring_sparse20": 0.0, "coordination_ring_potter0_20": 0.55, "centre_pots_sparse20": 71.0, "centre_pots_potter0_20": 0.9}
[pair_G] {"steps": 1976320, "elapsed_s": 1828.3, "coordination_ring_sparse20": 0.0, "coordination_ring_potter0_20": 0.55, "centre_pots_sparse20": 66.0, "centre_pots_potter0_20": 0.85}
[pair_G] {"steps": 1978368, "elapsed_s": 1829.8, "coordination_ring_sparse20": 0.0, "coordination_ring_potter0_20": 0.5, "centre_pots_sparse20": 68.0, "centre_pots_potter0_20": 0.8}
[pair_G] {"steps": 1980416, "elapsed_s": 1831.7, "coordination_ring_sparse20": 0.0, "coordination_ring_potter0_20": 0.45, "centre_pots_sparse20": 64.0, "centre_pots_potter0_20": 0.8}
[pair_G] {"steps": 1982464, "elapsed_s": 1833.4, "coordination_ring_sparse20": 0.0, "coordination_ring_potter0_20": 0.45, "centre_pots_sparse20": 62.0, "centre_pots_potter0_20": 0.65}
[pair_G] {"steps": 1984512, "elapsed_s": 1835.1, "coordination_ring_sparse20": 0.0, "coordination_ring_potter0_20": 0.6, "centre_pots_sparse20": 61.0, "centre_pots_potter0_20": 0.65}
[pair_G] {"steps": 1986560, "elapsed_s": 1836.9, "coordination_ring_sparse20": 0.0, "coordination_ring_potter0_20": 0.55, "centre_pots_sparse20": 63.0, "centre_pots_potter0_20": 0.6}
[pair_G] {"steps": 1988608, "elapsed_s": 1838.3, "coordination_ring_sparse20": 0.0, "coordination_ring_potter0_20": 0.65, "centre_pots_sparse20": 68.0, "centre_pots_potter0_20": 0.55}
[pair_G] {"steps": 1990656, "elapsed_s": 1840.5, "coordination_ring_sparse20": 0.0, "coordination_ring_potter0_20": 0.6, "centre_pots_sparse20": 65.0, "centre_pots_potter0_20": 0.55}
[pair_G] {"steps": 1992704, "elapsed_s": 1842.4, "coordination_ring_sparse20": 0.0, "coordination_ring_potter0_20": 0.55, "centre_pots_sparse20": 70.0, "centre_pots_potter0_20": 0.6}
[pair_G] {"steps": 1994752, "elapsed_s": 1844.1, "coordination_ring_sparse20": 0.0, "coordination_ring_potter0_20": 0.55, "centre_pots_sparse20": 74.0, "centre_pots_potter0_20": 0.5}
[pair_G] {"steps": 1996800, "elapsed_s": 1845.8, "coordination_ring_sparse20": 0.0, "coordination_ring_potter0_20": 0.6, "centre_pots_sparse20": 77.0, "centre_pots_potter0_20": 0.5}
[pair_G] {"steps": 1998848, "elapsed_s": 1847.5, "coordination_ring_sparse20": 0.0, "coordination_ring_potter0_20": 0.7, "centre_pots_sparse20": 77.0, "centre_pots_potter0_20": 0.55}
[pair_G] {"steps": 2000896, "elapsed_s": 1849.5, "coordination_ring_sparse20": 0.0, "coordination_ring_potter0_20": 0.55, "centre_pots_sparse20": 77.0, "centre_pots_potter0_20": 0.55}
[pair_G] {"steps": 2002944, "elapsed_s": 1851.5, "coordination_ring_sparse20": 0.0, "coordination_ring_potter0_20": 0.5, "centre_pots_sparse20": 72.0, "centre_pots_potter0_20": 0.55}
[pair_G] {"steps": 2004992, "elapsed_s": 1853.2, "coordination_ring_sparse20": 0.0, "coordination_ring_potter0_20": 0.6, "centre_pots_sparse20": 69.0, "centre_pots_potter0_20": 0.55}
[pair_G] {"steps": 2007040, "elapsed_s": 1855.1, "coordination_ring_sparse20": 0.0, "coordination_ring_potter0_20": 0.5, "centre_pots_sparse20": 67.0, "centre_pots_potter0_20": 0.55}
[pair_G] {"steps": 2009088, "elapsed_s": 1856.9, "coordination_ring_sparse20": 0.0, "coordination_ring_potter0_20": 0.4, "centre_pots_sparse20": 62.0, "centre_pots_potter0_20": 0.55}
[pair_G] {"steps": 2011136, "elapsed_s": 1859.1, "coordination_ring_sparse20": 0.0, "coordination_ring_potter0_20": 0.4, "centre_pots_sparse20": 65.0, "centre_pots_potter0_20": 0.4}
[pair_G] {"steps": 2013184, "elapsed_s": 1860.7, "coordination_ring_sparse20": 0.0, "coordination_ring_potter0_20": 0.35, "centre_pots_sparse20": 61.0, "centre_pots_potter0_20": 0.45}
[pair_G] {"steps": 2015232, "elapsed_s": 1862.9, "coordination_ring_sparse20": 0.0, "coordination_ring_potter0_20": 0.4, "centre_pots_sparse20": 59.0, "centre_pots_potter0_20": 0.45}
[pair_G] {"steps": 2017280, "elapsed_s": 1864.8, "coordination_ring_sparse20": 0.0, "coordination_ring_potter0_20": 0.4, "centre_pots_sparse20": 57.0, "centre_pots_potter0_20": 0.6}
[pair_G] {"steps": 2019328, "elapsed_s": 1866.9, "coordination_ring_sparse20": 0.0, "coordination_ring_potter0_20": 0.35, "centre_pots_sparse20": 57.0, "centre_pots_potter0_20": 0.55}
[pair_G] {"steps": 2021376, "elapsed_s": 1868.6, "coordination_ring_sparse20": 0.0, "coordination_ring_potter0_20": 0.3, "centre_pots_sparse20": 64.0, "centre_pots_potter0_20": 0.65}
[pair_G] {"steps": 2023424, "elapsed_s": 1870.2, "coordination_ring_sparse20": 0.0, "coordination_ring_potter0_20": 0.45, "centre_pots_sparse20": 64.0, "centre_pots_potter0_20": 0.7}
[pair_G] {"steps": 2025472, "elapsed_s": 1871.9, "coordination_ring_sparse20": 0.0, "coordination_ring_potter0_20": 0.5, "centre_pots_sparse20": 63.0, "centre_pots_potter0_20": 0.7}
[pair_G] {"steps": 2027520, "elapsed_s": 1874.1, "coordination_ring_sparse20": 0.0, "coordination_ring_potter0_20": 0.5, "centre_pots_sparse20": 64.0, "centre_pots_potter0_20": 0.65}
[pair_G] {"steps": 2029568, "elapsed_s": 1875.9, "coordination_ring_sparse20": 0.0, "coordination_ring_potter0_20": 0.5, "centre_pots_sparse20": 64.0, "centre_pots_potter0_20": 0.65}
[pair_G] {"steps": 2031616, "elapsed_s": 1878.0, "coordination_ring_sparse20": 0.0, "coordination_ring_potter0_20": 0.45, "centre_pots_sparse20": 68.0, "centre_pots_potter0_20": 0.6}
[pair_G] {"steps": 2033664, "elapsed_s": 1880.1, "coordination_ring_sparse20": 0.0, "coordination_ring_potter0_20": 0.45, "centre_pots_sparse20": 65.0, "centre_pots_potter0_20": 0.6}
[pair_G] {"steps": 2035712, "elapsed_s": 1881.8, "coordination_ring_sparse20": 0.0, "coordination_ring_potter0_20": 0.5, "centre_pots_sparse20": 65.0, "centre_pots_potter0_20": 0.65}
[pair_G] {"steps": 2037760, "elapsed_s": 1883.7, "coordination_ring_sparse20": 0.0, "coordination_ring_potter0_20": 0.5, "centre_pots_sparse20": 61.0, "centre_pots_potter0_20": 0.6}
[pair_G] {"steps": 2039808, "elapsed_s": 1885.3, "coordination_ring_sparse20": 0.0, "coordination_ring_potter0_20": 0.5, "centre_pots_sparse20": 60.0, "centre_pots_potter0_20": 0.6}
[pair_G] {"steps": 2041856, "elapsed_s": 1887.0, "coordination_ring_sparse20": 0.0, "coordination_ring_potter0_20": 0.4, "centre_pots_sparse20": 59.0, "centre_pots_potter0_20": 0.65}
[pair_G] {"steps": 2043904, "elapsed_s": 1888.9, "coordination_ring_sparse20": 0.0, "coordination_ring_potter0_20": 0.45, "centre_pots_sparse20": 59.0, "centre_pots_potter0_20": 0.75}
[pair_G] {"steps": 2045952, "elapsed_s": 1891.1, "coordination_ring_sparse20": 0.0, "coordination_ring_potter0_20": 0.45, "centre_pots_sparse20": 59.0, "centre_pots_potter0_20": 0.75}
[pair_G] {"steps": 2048000, "elapsed_s": 1893.1, "coordination_ring_sparse20": 0.0, "coordination_ring_potter0_20": 0.4, "centre_pots_sparse20": 59.0, "centre_pots_potter0_20": 0.7}
[pair_G] {"steps": 2050048, "elapsed_s": 1894.9, "coordination_ring_sparse20": 0.0, "coordination_ring_potter0_20": 0.4, "centre_pots_sparse20": 58.0, "centre_pots_potter0_20": 0.8}
[pair_G] {"steps": 2052096, "elapsed_s": 1896.7, "coordination_ring_sparse20": 0.0, "coordination_ring_potter0_20": 0.45, "centre_pots_sparse20": 59.0, "centre_pots_potter0_20": 0.75}
[pair_G] {"steps": 2054144, "elapsed_s": 1898.4, "coordination_ring_sparse20": 0.0, "coordination_ring_potter0_20": 0.5, "centre_pots_sparse20": 64.0, "centre_pots_potter0_20": 0.7}
[pair_G] {"steps": 2056192, "elapsed_s": 1900.0, "coordination_ring_sparse20": 0.0, "coordination_ring_potter0_20": 0.45, "centre_pots_sparse20": 64.0, "centre_pots_potter0_20": 0.7}
[pair_G] {"steps": 2058240, "elapsed_s": 1901.7, "coordination_ring_sparse20": 0.0, "coordination_ring_potter0_20": 0.4, "centre_pots_sparse20": 68.0, "centre_pots_potter0_20": 0.7}
[pair_G] {"steps": 2060288, "elapsed_s": 1903.0, "coordination_ring_sparse20": 1.0, "coordination_ring_potter0_20": 0.45, "centre_pots_sparse20": 65.0, "centre_pots_potter0_20": 0.75}
[pair_G] {"steps": 2062336, "elapsed_s": 1904.4, "coordination_ring_sparse20": 1.0, "coordination_ring_potter0_20": 0.4, "centre_pots_sparse20": 65.0, "centre_pots_potter0_20": 0.75}
[pair_G] {"steps": 2064384, "elapsed_s": 1906.3, "coordination_ring_sparse20": 1.0, "coordination_ring_potter0_20": 0.4, "centre_pots_sparse20": 67.0, "centre_pots_potter0_20": 0.8}
[pair_G] {"steps": 2066432, "elapsed_s": 1908.2, "coordination_ring_sparse20": 1.0, "coordination_ring_potter0_20": 0.35, "centre_pots_sparse20": 66.0, "centre_pots_potter0_20": 0.8}
[pair_G] {"steps": 2068480, "elapsed_s": 1910.0, "coordination_ring_sparse20": 1.0, "coordination_ring_potter0_20": 0.35, "centre_pots_sparse20": 64.0, "centre_pots_potter0_20": 0.75}
[pair_G] {"steps": 2070528, "elapsed_s": 1911.5, "coordination_ring_sparse20": 1.0, "coordination_ring_potter0_20": 0.3, "centre_pots_sparse20": 65.0, "centre_pots_potter0_20": 0.75}
[pair_G] {"steps": 2072576, "elapsed_s": 1913.2, "coordination_ring_sparse20": 1.0, "coordination_ring_potter0_20": 0.2, "centre_pots_sparse20": 65.0, "centre_pots_potter0_20": 0.8}
[pair_G] {"steps": 2074624, "elapsed_s": 1914.8, "coordination_ring_sparse20": 0.0, "coordination_ring_potter0_20": 0.25, "centre_pots_sparse20": 64.0, "centre_pots_potter0_20": 0.8}
[pair_G] {"steps": 2076672, "elapsed_s": 1916.5, "coordination_ring_sparse20": 0.0, "coordination_ring_potter0_20": 0.25, "centre_pots_sparse20": 64.0, "centre_pots_potter0_20": 0.8}
[pair_G] {"steps": 2078720, "elapsed_s": 1918.2, "coordination_ring_sparse20": 0.0, "coordination_ring_potter0_20": 0.3, "centre_pots_sparse20": 65.0, "centre_pots_potter0_20": 0.8}
[pair_G] {"steps": 2080768, "elapsed_s": 1919.7, "coordination_ring_sparse20": 0.0, "coordination_ring_potter0_20": 0.3, "centre_pots_sparse20": 68.0, "centre_pots_potter0_20": 0.8}
[pair_G] {"steps": 2082816, "elapsed_s": 1921.5, "coordination_ring_sparse20": 0.0, "coordination_ring_potter0_20": 0.3, "centre_pots_sparse20": 70.0, "centre_pots_potter0_20": 0.85}
[pair_G] {"steps": 2084864, "elapsed_s": 1923.2, "coordination_ring_sparse20": 0.0, "coordination_ring_potter0_20": 0.35, "centre_pots_sparse20": 68.0, "centre_pots_potter0_20": 0.85}
[pair_G] {"steps": 2086912, "elapsed_s": 1925.1, "coordination_ring_sparse20": 0.0, "coordination_ring_potter0_20": 0.4, "centre_pots_sparse20": 73.0, "centre_pots_potter0_20": 0.95}
[pair_G] {"steps": 2088960, "elapsed_s": 1926.8, "coordination_ring_sparse20": 0.0, "coordination_ring_potter0_20": 0.5, "centre_pots_sparse20": 76.0, "centre_pots_potter0_20": 0.85}
[pair_G] {"steps": 2091008, "elapsed_s": 1928.5, "coordination_ring_sparse20": 0.0, "coordination_ring_potter0_20": 0.4, "centre_pots_sparse20": 77.0, "centre_pots_potter0_20": 0.85}
[pair_G] {"steps": 2093056, "elapsed_s": 1930.3, "coordination_ring_sparse20": 0.0, "coordination_ring_potter0_20": 0.4, "centre_pots_sparse20": 77.0, "centre_pots_potter0_20": 0.85}
[pair_G] {"steps": 2095104, "elapsed_s": 1931.9, "coordination_ring_sparse20": 0.0, "coordination_ring_potter0_20": 0.35, "centre_pots_sparse20": 81.0, "centre_pots_potter0_20": 0.85}
[pair_G] {"steps": 2097152, "elapsed_s": 1933.5, "coordination_ring_sparse20": 0.0, "coordination_ring_potter0_20": 0.3, "centre_pots_sparse20": 80.0, "centre_pots_potter0_20": 0.8}
[pair_G] {"steps": 2099200, "elapsed_s": 1935.0, "coordination_ring_sparse20": 0.0, "coordination_ring_potter0_20": 0.4, "centre_pots_sparse20": 80.0, "centre_pots_potter0_20": 0.8}
[pair_G] {"steps": 2101248, "elapsed_s": 1936.8, "coordination_ring_sparse20": 0.0, "coordination_ring_potter0_20": 0.4, "centre_pots_sparse20": 83.0, "centre_pots_potter0_20": 0.7}
[pair_G] {"steps": 2103296, "elapsed_s": 1938.4, "coordination_ring_sparse20": 0.0, "coordination_ring_potter0_20": 0.4, "centre_pots_sparse20": 80.0, "centre_pots_potter0_20": 0.7}
[pair_G] {"steps": 2105344, "elapsed_s": 1939.7, "coordination_ring_sparse20": 0.0, "coordination_ring_potter0_20": 0.55, "centre_pots_sparse20": 81.0, "centre_pots_potter0_20": 0.65}
[pair_G] {"steps": 2107392, "elapsed_s": 1941.4, "coordination_ring_sparse20": 0.0, "coordination_ring_potter0_20": 0.6, "centre_pots_sparse20": 80.0, "centre_pots_potter0_20": 0.6}
[pair_G] {"steps": 2109440, "elapsed_s": 1943.1, "coordination_ring_sparse20": 0.0, "coordination_ring_potter0_20": 0.6, "centre_pots_sparse20": 80.0, "centre_pots_potter0_20": 0.65}
[pair_G] {"steps": 2111488, "elapsed_s": 1944.8, "coordination_ring_sparse20": 0.0, "coordination_ring_potter0_20": 0.6, "centre_pots_sparse20": 81.0, "centre_pots_potter0_20": 0.65}
[pair_G] {"steps": 2113536, "elapsed_s": 1946.4, "coordination_ring_sparse20": 0.0, "coordination_ring_potter0_20": 0.55, "centre_pots_sparse20": 80.0, "centre_pots_potter0_20": 0.65}
[pair_G] {"steps": 2115584, "elapsed_s": 1948.3, "coordination_ring_sparse20": 0.0, "coordination_ring_potter0_20": 0.5, "centre_pots_sparse20": 83.0, "centre_pots_potter0_20": 0.65}
[pair_G] {"steps": 2117632, "elapsed_s": 1949.9, "coordination_ring_sparse20": 0.0, "coordination_ring_potter0_20": 0.4, "centre_pots_sparse20": 81.0, "centre_pots_potter0_20": 0.65}
[pair_G] {"steps": 2119680, "elapsed_s": 1951.7, "coordination_ring_sparse20": 0.0, "coordination_ring_potter0_20": 0.35, "centre_pots_sparse20": 78.0, "centre_pots_potter0_20": 0.65}
[pair_G] {"steps": 2121728, "elapsed_s": 1953.9, "coordination_ring_sparse20": 0.0, "coordination_ring_potter0_20": 0.35, "centre_pots_sparse20": 73.0, "centre_pots_potter0_20": 0.75}
[pair_G] {"steps": 2123776, "elapsed_s": 1955.5, "coordination_ring_sparse20": 0.0, "coordination_ring_potter0_20": 0.35, "centre_pots_sparse20": 72.0, "centre_pots_potter0_20": 0.8}
[pair_G] {"steps": 2125824, "elapsed_s": 1957.1, "coordination_ring_sparse20": 0.0, "coordination_ring_potter0_20": 0.25, "centre_pots_sparse20": 69.0, "centre_pots_potter0_20": 0.75}
[pair_G] {"steps": 2127872, "elapsed_s": 1959.2, "coordination_ring_sparse20": 0.0, "coordination_ring_potter0_20": 0.25, "centre_pots_sparse20": 62.0, "centre_pots_potter0_20": 0.85}
[pair_G] {"steps": 2129920, "elapsed_s": 1960.8, "coordination_ring_sparse20": 0.0, "coordination_ring_potter0_20": 0.35, "centre_pots_sparse20": 62.0, "centre_pots_potter0_20": 0.85}
[pair_G] {"steps": 2131968, "elapsed_s": 1962.9, "coordination_ring_sparse20": 0.0, "coordination_ring_potter0_20": 0.4, "centre_pots_sparse20": 62.0, "centre_pots_potter0_20": 0.8}
[pair_G] {"steps": 2134016, "elapsed_s": 1964.8, "coordination_ring_sparse20": 0.0, "coordination_ring_potter0_20": 0.4, "centre_pots_sparse20": 57.0, "centre_pots_potter0_20": 0.7}
[pair_G] {"steps": 2136064, "elapsed_s": 1966.4, "coordination_ring_sparse20": 0.0, "coordination_ring_potter0_20": 0.35, "centre_pots_sparse20": 61.0, "centre_pots_potter0_20": 0.75}
[pair_G] {"steps": 2138112, "elapsed_s": 1968.1, "coordination_ring_sparse20": 0.0, "coordination_ring_potter0_20": 0.4, "centre_pots_sparse20": 65.0, "centre_pots_potter0_20": 0.75}
[pair_G] {"steps": 2140160, "elapsed_s": 1970.2, "coordination_ring_sparse20": 0.0, "coordination_ring_potter0_20": 0.4, "centre_pots_sparse20": 71.0, "centre_pots_potter0_20": 0.75}
[pair_G] {"steps": 2142208, "elapsed_s": 1971.8, "coordination_ring_sparse20": 0.0, "coordination_ring_potter0_20": 0.6, "centre_pots_sparse20": 72.0, "centre_pots_potter0_20": 0.75}
[pair_G] {"steps": 2144256, "elapsed_s": 1973.7, "coordination_ring_sparse20": 0.0, "coordination_ring_potter0_20": 0.6, "centre_pots_sparse20": 73.0, "centre_pots_potter0_20": 0.75}
[pair_G] {"steps": 2146304, "elapsed_s": 1975.3, "coordination_ring_sparse20": 0.0, "coordination_ring_potter0_20": 0.6, "centre_pots_sparse20": 73.0, "centre_pots_potter0_20": 0.7}
[pair_G] {"steps": 2148352, "elapsed_s": 1977.4, "coordination_ring_sparse20": 0.0, "coordination_ring_potter0_20": 0.6, "centre_pots_sparse20": 78.0, "centre_pots_potter0_20": 0.7}
[pair_G] {"steps": 2150400, "elapsed_s": 1979.1, "coordination_ring_sparse20": 0.0, "coordination_ring_potter0_20": 0.65, "centre_pots_sparse20": 75.0, "centre_pots_potter0_20": 0.65}
[pair_G] {"steps": 2152448, "elapsed_s": 1981.0, "coordination_ring_sparse20": 0.0, "coordination_ring_potter0_20": 0.55, "centre_pots_sparse20": 77.0, "centre_pots_potter0_20": 0.7}
[pair_G] {"steps": 2154496, "elapsed_s": 1982.6, "coordination_ring_sparse20": 0.0, "coordination_ring_potter0_20": 0.6, "centre_pots_sparse20": 77.0, "centre_pots_potter0_20": 0.7}
[pair_G] {"steps": 2156544, "elapsed_s": 1984.4, "coordination_ring_sparse20": 0.0, "coordination_ring_potter0_20": 0.5, "centre_pots_sparse20": 74.0, "centre_pots_potter0_20": 0.65}
[pair_G] {"steps": 2158592, "elapsed_s": 1986.3, "coordination_ring_sparse20": 0.0, "coordination_ring_potter0_20": 0.45, "centre_pots_sparse20": 65.0, "centre_pots_potter0_20": 0.65}
[pair_G] {"steps": 2160640, "elapsed_s": 1987.8, "coordination_ring_sparse20": 0.0, "coordination_ring_potter0_20": 0.3, "centre_pots_sparse20": 66.0, "centre_pots_potter0_20": 0.7}
[pair_G] {"steps": 2162688, "elapsed_s": 1989.4, "coordination_ring_sparse20": 0.0, "coordination_ring_potter0_20": 0.25, "centre_pots_sparse20": 67.0, "centre_pots_potter0_20": 0.65}
[pair_G] {"steps": 2164736, "elapsed_s": 1990.9, "coordination_ring_sparse20": 0.0, "coordination_ring_potter0_20": 0.25, "centre_pots_sparse20": 65.0, "centre_pots_potter0_20": 0.65}
[pair_G] {"steps": 2166784, "elapsed_s": 1992.5, "coordination_ring_sparse20": 0.0, "coordination_ring_potter0_20": 0.2, "centre_pots_sparse20": 63.0, "centre_pots_potter0_20": 0.6}
[pair_G] {"steps": 2168832, "elapsed_s": 1994.1, "coordination_ring_sparse20": 0.0, "coordination_ring_potter0_20": 0.2, "centre_pots_sparse20": 68.0, "centre_pots_potter0_20": 0.6}
[pair_G] {"steps": 2170880, "elapsed_s": 1996.0, "coordination_ring_sparse20": 0.0, "coordination_ring_potter0_20": 0.25, "centre_pots_sparse20": 61.0, "centre_pots_potter0_20": 0.6}
[pair_G] {"steps": 2172928, "elapsed_s": 1997.5, "coordination_ring_sparse20": 0.0, "coordination_ring_potter0_20": 0.4, "centre_pots_sparse20": 65.0, "centre_pots_potter0_20": 0.6}
[pair_G] {"steps": 2174976, "elapsed_s": 1999.6, "coordination_ring_sparse20": 0.0, "coordination_ring_potter0_20": 0.45, "centre_pots_sparse20": 65.0, "centre_pots_potter0_20": 0.6}
[pair_G] {"steps": 2177024, "elapsed_s": 2001.3, "coordination_ring_sparse20": 0.0, "coordination_ring_potter0_20": 0.5, "centre_pots_sparse20": 64.0, "centre_pots_potter0_20": 0.6}
[pair_G] {"steps": 2179072, "elapsed_s": 2003.0, "coordination_ring_sparse20": 0.0, "coordination_ring_potter0_20": 0.55, "centre_pots_sparse20": 65.0, "centre_pots_potter0_20": 0.55}
[pair_G] {"steps": 2181120, "elapsed_s": 2004.8, "coordination_ring_sparse20": 0.0, "coordination_ring_potter0_20": 0.55, "centre_pots_sparse20": 71.0, "centre_pots_potter0_20": 0.6}
[pair_G] {"steps": 2183168, "elapsed_s": 2006.8, "coordination_ring_sparse20": 0.0, "coordination_ring_potter0_20": 0.55, "centre_pots_sparse20": 71.0, "centre_pots_potter0_20": 0.75}
[pair_G] {"steps": 2185216, "elapsed_s": 2008.9, "coordination_ring_sparse20": 0.0, "coordination_ring_potter0_20": 0.6, "centre_pots_sparse20": 71.0, "centre_pots_potter0_20": 0.8}
[pair_G] {"steps": 2187264, "elapsed_s": 2010.7, "coordination_ring_sparse20": 0.0, "coordination_ring_potter0_20": 0.55, "centre_pots_sparse20": 70.0, "centre_pots_potter0_20": 0.8}
[pair_G] {"steps": 2189312, "elapsed_s": 2012.4, "coordination_ring_sparse20": 0.0, "coordination_ring_potter0_20": 0.5, "centre_pots_sparse20": 71.0, "centre_pots_potter0_20": 0.7}
[pair_G] {"steps": 2191360, "elapsed_s": 2013.8, "coordination_ring_sparse20": 0.0, "coordination_ring_potter0_20": 0.6, "centre_pots_sparse20": 70.0, "centre_pots_potter0_20": 0.7}
[pair_G] {"steps": 2193408, "elapsed_s": 2015.8, "coordination_ring_sparse20": 0.0, "coordination_ring_potter0_20": 0.55, "centre_pots_sparse20": 69.0, "centre_pots_potter0_20": 0.6}
[pair_G] {"steps": 2195456, "elapsed_s": 2017.7, "coordination_ring_sparse20": 0.0, "coordination_ring_potter0_20": 0.5, "centre_pots_sparse20": 65.0, "centre_pots_potter0_20": 0.55}
[pair_G] {"steps": 2197504, "elapsed_s": 2019.2, "coordination_ring_sparse20": 0.0, "coordination_ring_potter0_20": 0.5, "centre_pots_sparse20": 65.0, "centre_pots_potter0_20": 0.55}
[pair_G] {"steps": 2199552, "elapsed_s": 2020.7, "coordination_ring_sparse20": 0.0, "coordination_ring_potter0_20": 0.6, "centre_pots_sparse20": 65.0, "centre_pots_potter0_20": 0.55}
[pair_G] {"steps": 2201600, "elapsed_s": 2022.4, "coordination_ring_sparse20": 0.0, "coordination_ring_potter0_20": 0.6, "centre_pots_sparse20": 66.0, "centre_pots_potter0_20": 0.6}
[pair_G] {"steps": 2203648, "elapsed_s": 2024.2, "coordination_ring_sparse20": 0.0, "coordination_ring_potter0_20": 0.65, "centre_pots_sparse20": 64.0, "centre_pots_potter0_20": 0.6}
[pair_G] {"steps": 2205696, "elapsed_s": 2025.9, "coordination_ring_sparse20": 0.0, "coordination_ring_potter0_20": 0.6, "centre_pots_sparse20": 69.0, "centre_pots_potter0_20": 0.7}
[pair_G] {"steps": 2207744, "elapsed_s": 2027.8, "coordination_ring_sparse20": 0.0, "coordination_ring_potter0_20": 0.6, "centre_pots_sparse20": 73.0, "centre_pots_potter0_20": 0.85}
[pair_G] {"steps": 2209792, "elapsed_s": 2029.7, "coordination_ring_sparse20": 0.0, "coordination_ring_potter0_20": 0.6, "centre_pots_sparse20": 67.0, "centre_pots_potter0_20": 0.85}
[pair_G] {"steps": 2211840, "elapsed_s": 2031.6, "coordination_ring_sparse20": 0.0, "coordination_ring_potter0_20": 0.6, "centre_pots_sparse20": 80.0, "centre_pots_potter0_20": 0.85}
[pair_G] {"steps": 2213888, "elapsed_s": 2033.2, "coordination_ring_sparse20": 0.0, "coordination_ring_potter0_20": 0.55, "centre_pots_sparse20": 83.0, "centre_pots_potter0_20": 0.8}
[pair_G] {"steps": 2215936, "elapsed_s": 2035.0, "coordination_ring_sparse20": 0.0, "coordination_ring_potter0_20": 0.55, "centre_pots_sparse20": 81.0, "centre_pots_potter0_20": 0.75}
[pair_G] {"steps": 2217984, "elapsed_s": 2037.0, "coordination_ring_sparse20": 0.0, "coordination_ring_potter0_20": 0.5, "centre_pots_sparse20": 88.0, "centre_pots_potter0_20": 0.6}
[pair_G] {"steps": 2220032, "elapsed_s": 2038.7, "coordination_ring_sparse20": 0.0, "coordination_ring_potter0_20": 0.5, "centre_pots_sparse20": 83.0, "centre_pots_potter0_20": 0.6}
[pair_G] {"steps": 2222080, "elapsed_s": 2040.8, "coordination_ring_sparse20": 0.0, "coordination_ring_potter0_20": 0.5, "centre_pots_sparse20": 82.0, "centre_pots_potter0_20": 0.55}
[pair_G] {"steps": 2224128, "elapsed_s": 2042.6, "coordination_ring_sparse20": 0.0, "coordination_ring_potter0_20": 0.45, "centre_pots_sparse20": 79.0, "centre_pots_potter0_20": 0.5}
[pair_G] {"steps": 2226176, "elapsed_s": 2044.1, "coordination_ring_sparse20": 0.0, "coordination_ring_potter0_20": 0.4, "centre_pots_sparse20": 71.0, "centre_pots_potter0_20": 0.55}
[pair_G] {"steps": 2228224, "elapsed_s": 2046.0, "coordination_ring_sparse20": 0.0, "coordination_ring_potter0_20": 0.4, "centre_pots_sparse20": 69.0, "centre_pots_potter0_20": 0.45}
[pair_G] {"steps": 2230272, "elapsed_s": 2048.0, "coordination_ring_sparse20": 0.0, "coordination_ring_potter0_20": 0.35, "centre_pots_sparse20": 71.0, "centre_pots_potter0_20": 0.55}
[pair_G] {"steps": 2232320, "elapsed_s": 2050.0, "coordination_ring_sparse20": 0.0, "coordination_ring_potter0_20": 0.35, "centre_pots_sparse20": 72.0, "centre_pots_potter0_20": 0.6}
[pair_G] {"steps": 2234368, "elapsed_s": 2051.7, "coordination_ring_sparse20": 0.0, "coordination_ring_potter0_20": 0.35, "centre_pots_sparse20": 75.0, "centre_pots_potter0_20": 0.6}
[pair_G] {"steps": 2236416, "elapsed_s": 2053.4, "coordination_ring_sparse20": 0.0, "coordination_ring_potter0_20": 0.4, "centre_pots_sparse20": 76.0, "centre_pots_potter0_20": 0.65}
[pair_G] {"steps": 2238464, "elapsed_s": 2055.0, "coordination_ring_sparse20": 0.0, "coordination_ring_potter0_20": 0.3, "centre_pots_sparse20": 78.0, "centre_pots_potter0_20": 0.65}
[pair_G] {"steps": 2240512, "elapsed_s": 2056.4, "coordination_ring_sparse20": 0.0, "coordination_ring_potter0_20": 0.4, "centre_pots_sparse20": 78.0, "centre_pots_potter0_20": 0.65}
[pair_G] {"steps": 2242560, "elapsed_s": 2058.2, "coordination_ring_sparse20": 0.0, "coordination_ring_potter0_20": 0.45, "centre_pots_sparse20": 74.0, "centre_pots_potter0_20": 0.75}
[pair_G] {"steps": 2244608, "elapsed_s": 2060.0, "coordination_ring_sparse20": 0.0, "coordination_ring_potter0_20": 0.45, "centre_pots_sparse20": 71.0, "centre_pots_potter0_20": 0.8}
[pair_G] {"steps": 2246656, "elapsed_s": 2062.0, "coordination_ring_sparse20": 0.0, "coordination_ring_potter0_20": 0.45, "centre_pots_sparse20": 73.0, "centre_pots_potter0_20": 0.8}
[pair_G] {"steps": 2248704, "elapsed_s": 2063.6, "coordination_ring_sparse20": 0.0, "coordination_ring_potter0_20": 0.45, "centre_pots_sparse20": 73.0, "centre_pots_potter0_20": 0.8}
[pair_G] {"steps": 2250752, "elapsed_s": 2065.2, "coordination_ring_sparse20": 0.0, "coordination_ring_potter0_20": 0.5, "centre_pots_sparse20": 72.0, "centre_pots_potter0_20": 0.75}
[pair_G] {"steps": 2252800, "elapsed_s": 2067.1, "coordination_ring_sparse20": 0.0, "coordination_ring_potter0_20": 0.5, "centre_pots_sparse20": 72.0, "centre_pots_potter0_20": 0.8}
[pair_G] {"steps": 2254848, "elapsed_s": 2069.1, "coordination_ring_sparse20": 0.0, "coordination_ring_potter0_20": 0.45, "centre_pots_sparse20": 75.0, "centre_pots_potter0_20": 0.75}
[pair_G] {"steps": 2256896, "elapsed_s": 2070.9, "coordination_ring_sparse20": 0.0, "coordination_ring_potter0_20": 0.45, "centre_pots_sparse20": 77.0, "centre_pots_potter0_20": 0.7}
[pair_G] {"steps": 2258944, "elapsed_s": 2072.4, "coordination_ring_sparse20": 0.0, "coordination_ring_potter0_20": 0.6, "centre_pots_sparse20": 80.0, "centre_pots_potter0_20": 0.7}
[pair_G] {"steps": 2260992, "elapsed_s": 2074.1, "coordination_ring_sparse20": 0.0, "coordination_ring_potter0_20": 0.5, "centre_pots_sparse20": 80.0, "centre_pots_potter0_20": 0.6}
[pair_G] {"steps": 2263040, "elapsed_s": 2075.9, "coordination_ring_sparse20": 0.0, "coordination_ring_potter0_20": 0.5, "centre_pots_sparse20": 88.0, "centre_pots_potter0_20": 0.55}
[pair_G] {"steps": 2265088, "elapsed_s": 2077.7, "coordination_ring_sparse20": 0.0, "coordination_ring_potter0_20": 0.5, "centre_pots_sparse20": 88.0, "centre_pots_potter0_20": 0.5}
[pair_G] {"steps": 2267136, "elapsed_s": 2079.2, "coordination_ring_sparse20": 0.0, "coordination_ring_potter0_20": 0.45, "centre_pots_sparse20": 87.0, "centre_pots_potter0_20": 0.5}
[pair_G] {"steps": 2269184, "elapsed_s": 2081.2, "coordination_ring_sparse20": 0.0, "coordination_ring_potter0_20": 0.5, "centre_pots_sparse20": 91.0, "centre_pots_potter0_20": 0.5}
[pair_G] {"steps": 2271232, "elapsed_s": 2082.8, "coordination_ring_sparse20": 0.0, "coordination_ring_potter0_20": 0.45, "centre_pots_sparse20": 84.0, "centre_pots_potter0_20": 0.5}
[pair_G] {"steps": 2273280, "elapsed_s": 2084.3, "coordination_ring_sparse20": 0.0, "coordination_ring_potter0_20": 0.4, "centre_pots_sparse20": 85.0, "centre_pots_potter0_20": 0.5}
[pair_G] {"steps": 2275328, "elapsed_s": 2085.8, "coordination_ring_sparse20": 0.0, "coordination_ring_potter0_20": 0.3, "centre_pots_sparse20": 84.0, "centre_pots_potter0_20": 0.45}
[pair_G] {"steps": 2277376, "elapsed_s": 2087.7, "coordination_ring_sparse20": 0.0, "coordination_ring_potter0_20": 0.35, "centre_pots_sparse20": 85.0, "centre_pots_potter0_20": 0.45}
[pair_G] {"steps": 2279424, "elapsed_s": 2089.2, "coordination_ring_sparse20": 0.0, "coordination_ring_potter0_20": 0.35, "centre_pots_sparse20": 83.0, "centre_pots_potter0_20": 0.55}
[pair_G] {"steps": 2281472, "elapsed_s": 2091.2, "coordination_ring_sparse20": 0.0, "coordination_ring_potter0_20": 0.35, "centre_pots_sparse20": 80.0, "centre_pots_potter0_20": 0.5}
[pair_G] {"steps": 2283520, "elapsed_s": 2093.1, "coordination_ring_sparse20": 0.0, "coordination_ring_potter0_20": 0.35, "centre_pots_sparse20": 75.0, "centre_pots_potter0_20": 0.5}
[pair_G] {"steps": 2285568, "elapsed_s": 2094.9, "coordination_ring_sparse20": 0.0, "coordination_ring_potter0_20": 0.35, "centre_pots_sparse20": 69.0, "centre_pots_potter0_20": 0.5}
[pair_G] {"steps": 2287616, "elapsed_s": 2096.6, "coordination_ring_sparse20": 0.0, "coordination_ring_potter0_20": 0.4, "centre_pots_sparse20": 71.0, "centre_pots_potter0_20": 0.4}
[pair_G] {"steps": 2289664, "elapsed_s": 2098.3, "coordination_ring_sparse20": 0.0, "coordination_ring_potter0_20": 0.4, "centre_pots_sparse20": 76.0, "centre_pots_potter0_20": 0.45}
[pair_G] {"steps": 2291712, "elapsed_s": 2100.1, "coordination_ring_sparse20": 0.0, "coordination_ring_potter0_20": 0.45, "centre_pots_sparse20": 79.0, "centre_pots_potter0_20": 0.5}
[pair_G] {"steps": 2293760, "elapsed_s": 2101.9, "coordination_ring_sparse20": 0.0, "coordination_ring_potter0_20": 0.4, "centre_pots_sparse20": 77.0, "centre_pots_potter0_20": 0.5}
[pair_G] {"steps": 2295808, "elapsed_s": 2103.7, "coordination_ring_sparse20": 0.0, "coordination_ring_potter0_20": 0.35, "centre_pots_sparse20": 78.0, "centre_pots_potter0_20": 0.45}
[pair_G] {"steps": 2297856, "elapsed_s": 2105.4, "coordination_ring_sparse20": 0.0, "coordination_ring_potter0_20": 0.4, "centre_pots_sparse20": 77.0, "centre_pots_potter0_20": 0.5}
[pair_G] {"steps": 2299904, "elapsed_s": 2107.3, "coordination_ring_sparse20": 0.0, "coordination_ring_potter0_20": 0.4, "centre_pots_sparse20": 82.0, "centre_pots_potter0_20": 0.6}
[pair_G] {"steps": 2301952, "elapsed_s": 2108.9, "coordination_ring_sparse20": 0.0, "coordination_ring_potter0_20": 0.3, "centre_pots_sparse20": 83.0, "centre_pots_potter0_20": 0.65}
[pair_G] {"steps": 2304000, "elapsed_s": 2110.7, "coordination_ring_sparse20": 0.0, "coordination_ring_potter0_20": 0.3, "centre_pots_sparse20": 84.0, "centre_pots_potter0_20": 0.75}
[pair_G] {"steps": 2306048, "elapsed_s": 2112.5, "coordination_ring_sparse20": 0.0, "coordination_ring_potter0_20": 0.2, "centre_pots_sparse20": 81.0, "centre_pots_potter0_20": 0.75}
[pair_G] {"steps": 2308096, "elapsed_s": 2113.9, "coordination_ring_sparse20": 0.0, "coordination_ring_potter0_20": 0.2, "centre_pots_sparse20": 79.0, "centre_pots_potter0_20": 0.7}
[pair_G] {"steps": 2310144, "elapsed_s": 2115.4, "coordination_ring_sparse20": 0.0, "coordination_ring_potter0_20": 0.25, "centre_pots_sparse20": 79.0, "centre_pots_potter0_20": 0.75}
[pair_G] {"steps": 2312192, "elapsed_s": 2117.2, "coordination_ring_sparse20": 0.0, "coordination_ring_potter0_20": 0.4, "centre_pots_sparse20": 74.0, "centre_pots_potter0_20": 0.65}
[pair_G] {"steps": 2314240, "elapsed_s": 2118.8, "coordination_ring_sparse20": 0.0, "coordination_ring_potter0_20": 0.4, "centre_pots_sparse20": 72.0, "centre_pots_potter0_20": 0.75}
[pair_G] {"steps": 2316288, "elapsed_s": 2120.8, "coordination_ring_sparse20": 0.0, "coordination_ring_potter0_20": 0.4, "centre_pots_sparse20": 72.0, "centre_pots_potter0_20": 0.75}
[pair_G] {"steps": 2318336, "elapsed_s": 2122.8, "coordination_ring_sparse20": 0.0, "coordination_ring_potter0_20": 0.4, "centre_pots_sparse20": 71.0, "centre_pots_potter0_20": 0.75}
[pair_G] {"steps": 2320384, "elapsed_s": 2124.6, "coordination_ring_sparse20": 0.0, "coordination_ring_potter0_20": 0.45, "centre_pots_sparse20": 68.0, "centre_pots_potter0_20": 0.65}
[pair_G] {"steps": 2322432, "elapsed_s": 2126.3, "coordination_ring_sparse20": 0.0, "coordination_ring_potter0_20": 0.55, "centre_pots_sparse20": 73.0, "centre_pots_potter0_20": 0.7}
[pair_G] {"steps": 2324480, "elapsed_s": 2127.7, "coordination_ring_sparse20": 0.0, "coordination_ring_potter0_20": 0.6, "centre_pots_sparse20": 73.0, "centre_pots_potter0_20": 0.75}
[pair_G] {"steps": 2326528, "elapsed_s": 2129.7, "coordination_ring_sparse20": 0.0, "coordination_ring_potter0_20": 0.55, "centre_pots_sparse20": 78.0, "centre_pots_potter0_20": 0.8}
[pair_G] {"steps": 2328576, "elapsed_s": 2131.8, "coordination_ring_sparse20": 0.0, "coordination_ring_potter0_20": 0.55, "centre_pots_sparse20": 81.0, "centre_pots_potter0_20": 0.85}
[pair_G] {"steps": 2330624, "elapsed_s": 2133.1, "coordination_ring_sparse20": 0.0, "coordination_ring_potter0_20": 0.55, "centre_pots_sparse20": 81.0, "centre_pots_potter0_20": 0.85}
[pair_G] {"steps": 2332672, "elapsed_s": 2134.9, "coordination_ring_sparse20": 0.0, "coordination_ring_potter0_20": 0.55, "centre_pots_sparse20": 83.0, "centre_pots_potter0_20": 0.85}
[pair_G] {"steps": 2334720, "elapsed_s": 2136.8, "coordination_ring_sparse20": 0.0, "coordination_ring_potter0_20": 0.55, "centre_pots_sparse20": 84.0, "centre_pots_potter0_20": 0.85}
[pair_G] {"steps": 2336768, "elapsed_s": 2138.8, "coordination_ring_sparse20": 0.0, "coordination_ring_potter0_20": 0.6, "centre_pots_sparse20": 82.0, "centre_pots_potter0_20": 0.9}
[pair_G] {"steps": 2338816, "elapsed_s": 2140.4, "coordination_ring_sparse20": 0.0, "coordination_ring_potter0_20": 0.5, "centre_pots_sparse20": 79.0, "centre_pots_potter0_20": 0.9}
[pair_G] {"steps": 2340864, "elapsed_s": 2142.2, "coordination_ring_sparse20": 0.0, "coordination_ring_potter0_20": 0.5, "centre_pots_sparse20": 84.0, "centre_pots_potter0_20": 0.8}
[pair_G] {"steps": 2342912, "elapsed_s": 2144.0, "coordination_ring_sparse20": 0.0, "coordination_ring_potter0_20": 0.45, "centre_pots_sparse20": 88.0, "centre_pots_potter0_20": 0.7}
[pair_G] {"steps": 2344960, "elapsed_s": 2145.6, "coordination_ring_sparse20": 0.0, "coordination_ring_potter0_20": 0.5, "centre_pots_sparse20": 87.0, "centre_pots_potter0_20": 0.65}
[pair_G] {"steps": 2347008, "elapsed_s": 2147.5, "coordination_ring_sparse20": 0.0, "coordination_ring_potter0_20": 0.5, "centre_pots_sparse20": 85.0, "centre_pots_potter0_20": 0.65}
[pair_G] {"steps": 2349056, "elapsed_s": 2149.1, "coordination_ring_sparse20": 0.0, "coordination_ring_potter0_20": 0.45, "centre_pots_sparse20": 87.0, "centre_pots_potter0_20": 0.6}
[pair_G] {"steps": 2351104, "elapsed_s": 2150.7, "coordination_ring_sparse20": 0.0, "coordination_ring_potter0_20": 0.4, "centre_pots_sparse20": 85.0, "centre_pots_potter0_20": 0.6}
[pair_G] {"steps": 2353152, "elapsed_s": 2152.8, "coordination_ring_sparse20": 0.0, "coordination_ring_potter0_20": 0.3, "centre_pots_sparse20": 85.0, "centre_pots_potter0_20": 0.5}
[pair_G] {"steps": 2355200, "elapsed_s": 2154.8, "coordination_ring_sparse20": 0.0, "coordination_ring_potter0_20": 0.4, "centre_pots_sparse20": 88.0, "centre_pots_potter0_20": 0.5}
[pair_G] {"steps": 2357248, "elapsed_s": 2156.7, "coordination_ring_sparse20": 0.0, "coordination_ring_potter0_20": 0.4, "centre_pots_sparse20": 81.0, "centre_pots_potter0_20": 0.55}
[pair_G] {"steps": 2359296, "elapsed_s": 2158.7, "coordination_ring_sparse20": 0.0, "coordination_ring_potter0_20": 0.4, "centre_pots_sparse20": 79.0, "centre_pots_potter0_20": 0.55}
[pair_G] {"steps": 2361344, "elapsed_s": 2160.2, "coordination_ring_sparse20": 0.0, "coordination_ring_potter0_20": 0.45, "centre_pots_sparse20": 79.0, "centre_pots_potter0_20": 0.5}
[pair_G] {"steps": 2363392, "elapsed_s": 2161.9, "coordination_ring_sparse20": 0.0, "coordination_ring_potter0_20": 0.35, "centre_pots_sparse20": 77.0, "centre_pots_potter0_20": 0.5}
[pair_G] {"steps": 2365440, "elapsed_s": 2164.3, "coordination_ring_sparse20": 0.0, "coordination_ring_potter0_20": 0.35, "centre_pots_sparse20": 79.0, "centre_pots_potter0_20": 0.6}
[pair_G] {"steps": 2367488, "elapsed_s": 2166.1, "coordination_ring_sparse20": 0.0, "coordination_ring_potter0_20": 0.4, "centre_pots_sparse20": 80.0, "centre_pots_potter0_20": 0.7}
[pair_G] {"steps": 2369536, "elapsed_s": 2167.9, "coordination_ring_sparse20": 0.0, "coordination_ring_potter0_20": 0.3, "centre_pots_sparse20": 80.0, "centre_pots_potter0_20": 0.7}
[pair_G] {"steps": 2371584, "elapsed_s": 2169.6, "coordination_ring_sparse20": 0.0, "coordination_ring_potter0_20": 0.3, "centre_pots_sparse20": 80.0, "centre_pots_potter0_20": 0.65}
[pair_G] {"steps": 2373632, "elapsed_s": 2171.7, "coordination_ring_sparse20": 0.0, "coordination_ring_potter0_20": 0.35, "centre_pots_sparse20": 83.0, "centre_pots_potter0_20": 0.7}
[pair_G] {"steps": 2375680, "elapsed_s": 2173.8, "coordination_ring_sparse20": 0.0, "coordination_ring_potter0_20": 0.35, "centre_pots_sparse20": 88.0, "centre_pots_potter0_20": 0.75}
[pair_G] {"steps": 2377728, "elapsed_s": 2175.5, "coordination_ring_sparse20": 0.0, "coordination_ring_potter0_20": 0.3, "centre_pots_sparse20": 93.0, "centre_pots_potter0_20": 0.75}
[pair_G] {"steps": 2379776, "elapsed_s": 2177.4, "coordination_ring_sparse20": 0.0, "coordination_ring_potter0_20": 0.25, "centre_pots_sparse20": 96.0, "centre_pots_potter0_20": 0.75}
[pair_G] {"steps": 2381824, "elapsed_s": 2179.2, "coordination_ring_sparse20": 0.0, "coordination_ring_potter0_20": 0.25, "centre_pots_sparse20": 97.0, "centre_pots_potter0_20": 0.7}
[pair_G] {"steps": 2383872, "elapsed_s": 2180.7, "coordination_ring_sparse20": 0.0, "coordination_ring_potter0_20": 0.35, "centre_pots_sparse20": 97.0, "centre_pots_potter0_20": 0.7}
[pair_G] {"steps": 2385920, "elapsed_s": 2182.5, "coordination_ring_sparse20": 0.0, "coordination_ring_potter0_20": 0.35, "centre_pots_sparse20": 96.0, "centre_pots_potter0_20": 0.7}
[pair_G] {"steps": 2387968, "elapsed_s": 2184.6, "coordination_ring_sparse20": 0.0, "coordination_ring_potter0_20": 0.35, "centre_pots_sparse20": 90.0, "centre_pots_potter0_20": 0.75}
[pair_G] {"steps": 2390016, "elapsed_s": 2186.5, "coordination_ring_sparse20": 0.0, "coordination_ring_potter0_20": 0.4, "centre_pots_sparse20": 84.0, "centre_pots_potter0_20": 0.85}
[pair_G] {"steps": 2392064, "elapsed_s": 2188.3, "coordination_ring_sparse20": 0.0, "coordination_ring_potter0_20": 0.4, "centre_pots_sparse20": 83.0, "centre_pots_potter0_20": 0.8}
[pair_G] {"steps": 2394112, "elapsed_s": 2189.9, "coordination_ring_sparse20": 0.0, "coordination_ring_potter0_20": 0.4, "centre_pots_sparse20": 78.0, "centre_pots_potter0_20": 0.75}
[pair_G] {"steps": 2396160, "elapsed_s": 2191.5, "coordination_ring_sparse20": 0.0, "coordination_ring_potter0_20": 0.4, "centre_pots_sparse20": 76.0, "centre_pots_potter0_20": 0.8}
[pair_G] {"steps": 2398208, "elapsed_s": 2193.2, "coordination_ring_sparse20": 0.0, "coordination_ring_potter0_20": 0.4, "centre_pots_sparse20": 78.0, "centre_pots_potter0_20": 0.85}
[pair_G] {"steps": 2400256, "elapsed_s": 2194.9, "coordination_ring_sparse20": 0.0, "coordination_ring_potter0_20": 0.45, "centre_pots_sparse20": 79.0, "centre_pots_potter0_20": 0.85}
[pair_G] {"steps": 2402304, "elapsed_s": 2196.8, "coordination_ring_sparse20": 0.0, "coordination_ring_potter0_20": 0.45, "centre_pots_sparse20": 82.0, "centre_pots_potter0_20": 0.8}
[pair_G] {"steps": 2404352, "elapsed_s": 2198.3, "coordination_ring_sparse20": 0.0, "coordination_ring_potter0_20": 0.55, "centre_pots_sparse20": 81.0, "centre_pots_potter0_20": 0.7}
[pair_G] {"steps": 2406400, "elapsed_s": 2200.2, "coordination_ring_sparse20": 0.0, "coordination_ring_potter0_20": 0.55, "centre_pots_sparse20": 80.0, "centre_pots_potter0_20": 0.7}
[pair_G] {"steps": 2408448, "elapsed_s": 2201.9, "coordination_ring_sparse20": 0.0, "coordination_ring_potter0_20": 0.6, "centre_pots_sparse20": 84.0, "centre_pots_potter0_20": 0.75}
[pair_G] {"steps": 2410496, "elapsed_s": 2203.5, "coordination_ring_sparse20": 0.0, "coordination_ring_potter0_20": 0.65, "centre_pots_sparse20": 82.0, "centre_pots_potter0_20": 0.75}
[pair_G] {"steps": 2412544, "elapsed_s": 2205.3, "coordination_ring_sparse20": 0.0, "coordination_ring_potter0_20": 0.65, "centre_pots_sparse20": 84.0, "centre_pots_potter0_20": 0.75}
[pair_G] {"steps": 2414592, "elapsed_s": 2207.2, "coordination_ring_sparse20": 0.0, "coordination_ring_potter0_20": 0.65, "centre_pots_sparse20": 84.0, "centre_pots_potter0_20": 0.7}
[pair_G] {"steps": 2416640, "elapsed_s": 2208.8, "coordination_ring_sparse20": 0.0, "coordination_ring_potter0_20": 0.65, "centre_pots_sparse20": 81.0, "centre_pots_potter0_20": 0.65}
[pair_G] {"steps": 2418688, "elapsed_s": 2210.4, "coordination_ring_sparse20": 0.0, "coordination_ring_potter0_20": 0.65, "centre_pots_sparse20": 80.0, "centre_pots_potter0_20": 0.65}
[pair_G] {"steps": 2420736, "elapsed_s": 2211.8, "coordination_ring_sparse20": 0.0, "coordination_ring_potter0_20": 0.65, "centre_pots_sparse20": 81.0, "centre_pots_potter0_20": 0.7}
[pair_G] {"steps": 2422784, "elapsed_s": 2213.7, "coordination_ring_sparse20": 0.0, "coordination_ring_potter0_20": 0.6, "centre_pots_sparse20": 82.0, "centre_pots_potter0_20": 0.75}
[pair_G] {"steps": 2424832, "elapsed_s": 2215.6, "coordination_ring_sparse20": 0.0, "coordination_ring_potter0_20": 0.65, "centre_pots_sparse20": 83.0, "centre_pots_potter0_20": 0.75}
[pair_G] {"steps": 2426880, "elapsed_s": 2217.4, "coordination_ring_sparse20": 0.0, "coordination_ring_potter0_20": 0.6, "centre_pots_sparse20": 77.0, "centre_pots_potter0_20": 0.75}
[pair_G] {"steps": 2428928, "elapsed_s": 2219.0, "coordination_ring_sparse20": 0.0, "coordination_ring_potter0_20": 0.65, "centre_pots_sparse20": 80.0, "centre_pots_potter0_20": 0.8}
[pair_G] {"steps": 2430976, "elapsed_s": 2220.6, "coordination_ring_sparse20": 0.0, "coordination_ring_potter0_20": 0.7, "centre_pots_sparse20": 81.0, "centre_pots_potter0_20": 0.75}
[pair_G] {"steps": 2433024, "elapsed_s": 2222.3, "coordination_ring_sparse20": 0.0, "coordination_ring_potter0_20": 0.65, "centre_pots_sparse20": 81.0, "centre_pots_potter0_20": 0.75}
[pair_G] {"steps": 2435072, "elapsed_s": 2224.0, "coordination_ring_sparse20": 0.0, "coordination_ring_potter0_20": 0.65, "centre_pots_sparse20": 81.0, "centre_pots_potter0_20": 0.8}
[pair_G] {"steps": 2437120, "elapsed_s": 2225.5, "coordination_ring_sparse20": 0.0, "coordination_ring_potter0_20": 0.6, "centre_pots_sparse20": 81.0, "centre_pots_potter0_20": 0.85}
[pair_G] {"steps": 2439168, "elapsed_s": 2226.9, "coordination_ring_sparse20": 0.0, "coordination_ring_potter0_20": 0.65, "centre_pots_sparse20": 81.0, "centre_pots_potter0_20": 0.85}
[pair_G] {"steps": 2441216, "elapsed_s": 2228.5, "coordination_ring_sparse20": 0.0, "coordination_ring_potter0_20": 0.6, "centre_pots_sparse20": 79.0, "centre_pots_potter0_20": 0.85}
[pair_G] {"steps": 2443264, "elapsed_s": 2230.2, "coordination_ring_sparse20": 0.0, "coordination_ring_potter0_20": 0.5, "centre_pots_sparse20": 80.0, "centre_pots_potter0_20": 0.85}
[pair_G] {"steps": 2445312, "elapsed_s": 2231.8, "coordination_ring_sparse20": 0.0, "coordination_ring_potter0_20": 0.45, "centre_pots_sparse20": 86.0, "centre_pots_potter0_20": 0.8}
[pair_G] {"steps": 2447360, "elapsed_s": 2233.2, "coordination_ring_sparse20": 0.0, "coordination_ring_potter0_20": 0.5, "centre_pots_sparse20": 87.0, "centre_pots_potter0_20": 0.8}
[pair_G] {"steps": 2449408, "elapsed_s": 2235.2, "coordination_ring_sparse20": 0.0, "coordination_ring_potter0_20": 0.5, "centre_pots_sparse20": 83.0, "centre_pots_potter0_20": 0.75}
[pair_G] {"steps": 2451456, "elapsed_s": 2237.0, "coordination_ring_sparse20": 0.0, "coordination_ring_potter0_20": 0.45, "centre_pots_sparse20": 81.0, "centre_pots_potter0_20": 0.9}
[pair_G] {"steps": 2453504, "elapsed_s": 2239.1, "coordination_ring_sparse20": 0.0, "coordination_ring_potter0_20": 0.45, "centre_pots_sparse20": 77.0, "centre_pots_potter0_20": 0.85}
[pair_G] {"steps": 2455552, "elapsed_s": 2241.0, "coordination_ring_sparse20": 0.0, "coordination_ring_potter0_20": 0.4, "centre_pots_sparse20": 71.0, "centre_pots_potter0_20": 0.85}
[pair_G] {"steps": 2457600, "elapsed_s": 2243.0, "coordination_ring_sparse20": 0.0, "coordination_ring_potter0_20": 0.45, "centre_pots_sparse20": 66.0, "centre_pots_potter0_20": 0.85}
[pair_G] {"steps": 2459648, "elapsed_s": 2244.6, "coordination_ring_sparse20": 0.0, "coordination_ring_potter0_20": 0.4, "centre_pots_sparse20": 61.0, "centre_pots_potter0_20": 0.9}
[pair_G] {"steps": 2461696, "elapsed_s": 2246.4, "coordination_ring_sparse20": 0.0, "coordination_ring_potter0_20": 0.35, "centre_pots_sparse20": 63.0, "centre_pots_potter0_20": 0.8}
[pair_G] {"steps": 2463744, "elapsed_s": 2248.1, "coordination_ring_sparse20": 0.0, "coordination_ring_potter0_20": 0.35, "centre_pots_sparse20": 63.0, "centre_pots_potter0_20": 0.75}
[pair_G] {"steps": 2465792, "elapsed_s": 2249.8, "coordination_ring_sparse20": 0.0, "coordination_ring_potter0_20": 0.4, "centre_pots_sparse20": 65.0, "centre_pots_potter0_20": 0.65}
[pair_G] {"steps": 2467840, "elapsed_s": 2251.5, "coordination_ring_sparse20": 0.0, "coordination_ring_potter0_20": 0.4, "centre_pots_sparse20": 71.0, "centre_pots_potter0_20": 0.6}
[pair_G] {"steps": 2469888, "elapsed_s": 2253.1, "coordination_ring_sparse20": 0.0, "coordination_ring_potter0_20": 0.45, "centre_pots_sparse20": 78.0, "centre_pots_potter0_20": 0.6}
[pair_G] {"steps": 2471936, "elapsed_s": 2254.8, "coordination_ring_sparse20": 0.0, "coordination_ring_potter0_20": 0.4, "centre_pots_sparse20": 80.0, "centre_pots_potter0_20": 0.55}
[pair_G] {"steps": 2473984, "elapsed_s": 2256.1, "coordination_ring_sparse20": 0.0, "coordination_ring_potter0_20": 0.35, "centre_pots_sparse20": 81.0, "centre_pots_potter0_20": 0.55}
[pair_G] {"steps": 2476032, "elapsed_s": 2258.1, "coordination_ring_sparse20": 0.0, "coordination_ring_potter0_20": 0.4, "centre_pots_sparse20": 77.0, "centre_pots_potter0_20": 0.45}
[pair_G] {"steps": 2478080, "elapsed_s": 2259.7, "coordination_ring_sparse20": 0.0, "coordination_ring_potter0_20": 0.45, "centre_pots_sparse20": 77.0, "centre_pots_potter0_20": 0.35}
[pair_G] {"steps": 2480128, "elapsed_s": 2261.4, "coordination_ring_sparse20": 0.0, "coordination_ring_potter0_20": 0.45, "centre_pots_sparse20": 73.0, "centre_pots_potter0_20": 0.35}
[pair_G] {"steps": 2482176, "elapsed_s": 2262.7, "coordination_ring_sparse20": 0.0, "coordination_ring_potter0_20": 0.4, "centre_pots_sparse20": 73.0, "centre_pots_potter0_20": 0.35}
[pair_G] {"steps": 2484224, "elapsed_s": 2264.3, "coordination_ring_sparse20": 0.0, "coordination_ring_potter0_20": 0.45, "centre_pots_sparse20": 73.0, "centre_pots_potter0_20": 0.35}
[pair_G] {"steps": 2486272, "elapsed_s": 2266.0, "coordination_ring_sparse20": 0.0, "coordination_ring_potter0_20": 0.5, "centre_pots_sparse20": 75.0, "centre_pots_potter0_20": 0.45}
[pair_G] {"steps": 2488320, "elapsed_s": 2268.0, "coordination_ring_sparse20": 0.0, "coordination_ring_potter0_20": 0.55, "centre_pots_sparse20": 71.0, "centre_pots_potter0_20": 0.5}
[pair_G] {"steps": 2490368, "elapsed_s": 2270.0, "coordination_ring_sparse20": 0.0, "coordination_ring_potter0_20": 0.55, "centre_pots_sparse20": 65.0, "centre_pots_potter0_20": 0.55}
[pair_G] {"steps": 2492416, "elapsed_s": 2271.6, "coordination_ring_sparse20": 0.0, "coordination_ring_potter0_20": 0.6, "centre_pots_sparse20": 66.0, "centre_pots_potter0_20": 0.55}
[pair_G] {"steps": 2494464, "elapsed_s": 2273.1, "coordination_ring_sparse20": 0.0, "coordination_ring_potter0_20": 0.55, "centre_pots_sparse20": 66.0, "centre_pots_potter0_20": 0.55}
[pair_G] {"steps": 2496512, "elapsed_s": 2275.2, "coordination_ring_sparse20": 0.0, "coordination_ring_potter0_20": 0.55, "centre_pots_sparse20": 73.0, "centre_pots_potter0_20": 0.7}
[pair_G] {"steps": 2498560, "elapsed_s": 2276.8, "coordination_ring_sparse20": 0.0, "coordination_ring_potter0_20": 0.45, "centre_pots_sparse20": 75.0, "centre_pots_potter0_20": 0.75}
[pair_G] {"steps": 2500608, "elapsed_s": 2278.7, "coordination_ring_sparse20": 0.0, "coordination_ring_potter0_20": 0.5, "centre_pots_sparse20": 75.0, "centre_pots_potter0_20": 0.8}
[pair_G] {"steps": 2502656, "elapsed_s": 2280.5, "coordination_ring_sparse20": 0.0, "coordination_ring_potter0_20": 0.45, "centre_pots_sparse20": 71.0, "centre_pots_potter0_20": 0.7}
[pair_G] {"steps": 2504704, "elapsed_s": 2282.1, "coordination_ring_sparse20": 0.0, "coordination_ring_potter0_20": 0.4, "centre_pots_sparse20": 68.0, "centre_pots_potter0_20": 0.65}
[pair_G] {"steps": 2506752, "elapsed_s": 2283.8, "coordination_ring_sparse20": 0.0, "coordination_ring_potter0_20": 0.45, "centre_pots_sparse20": 69.0, "centre_pots_potter0_20": 0.6}
[pair_G] {"steps": 2508800, "elapsed_s": 2285.3, "coordination_ring_sparse20": 0.0, "coordination_ring_potter0_20": 0.45, "centre_pots_sparse20": 69.0, "centre_pots_potter0_20": 0.6}
[pair_G] {"steps": 2510848, "elapsed_s": 2286.9, "coordination_ring_sparse20": 0.0, "coordination_ring_potter0_20": 0.4, "centre_pots_sparse20": 70.0, "centre_pots_potter0_20": 0.65}
[pair_G] {"steps": 2512896, "elapsed_s": 2288.7, "coordination_ring_sparse20": 0.0, "coordination_ring_potter0_20": 0.45, "centre_pots_sparse20": 71.0, "centre_pots_potter0_20": 0.6}
[pair_G] {"steps": 2514944, "elapsed_s": 2290.3, "coordination_ring_sparse20": 0.0, "coordination_ring_potter0_20": 0.45, "centre_pots_sparse20": 70.0, "centre_pots_potter0_20": 0.55}
[pair_G] {"steps": 2516992, "elapsed_s": 2291.9, "coordination_ring_sparse20": 0.0, "coordination_ring_potter0_20": 0.4, "centre_pots_sparse20": 63.0, "centre_pots_potter0_20": 0.45}
[pair_G] {"steps": 2519040, "elapsed_s": 2293.5, "coordination_ring_sparse20": 0.0, "coordination_ring_potter0_20": 0.5, "centre_pots_sparse20": 63.0, "centre_pots_potter0_20": 0.5}
[pair_G] {"steps": 2521088, "elapsed_s": 2295.1, "coordination_ring_sparse20": 0.0, "coordination_ring_potter0_20": 0.6, "centre_pots_sparse20": 64.0, "centre_pots_potter0_20": 0.5}
[pair_G] {"steps": 2523136, "elapsed_s": 2296.8, "coordination_ring_sparse20": 0.0, "coordination_ring_potter0_20": 0.55, "centre_pots_sparse20": 65.0, "centre_pots_potter0_20": 0.55}
[pair_G] {"steps": 2525184, "elapsed_s": 2298.6, "coordination_ring_sparse20": 0.0, "coordination_ring_potter0_20": 0.6, "centre_pots_sparse20": 71.0, "centre_pots_potter0_20": 0.6}
[pair_G] {"steps": 2527232, "elapsed_s": 2300.3, "coordination_ring_sparse20": 0.0, "coordination_ring_potter0_20": 0.6, "centre_pots_sparse20": 73.0, "centre_pots_potter0_20": 0.55}
[pair_G] {"steps": 2529280, "elapsed_s": 2302.2, "coordination_ring_sparse20": 0.0, "coordination_ring_potter0_20": 0.6, "centre_pots_sparse20": 75.0, "centre_pots_potter0_20": 0.55}
[pair_G] {"steps": 2531328, "elapsed_s": 2303.7, "coordination_ring_sparse20": 0.0, "coordination_ring_potter0_20": 0.65, "centre_pots_sparse20": 75.0, "centre_pots_potter0_20": 0.65}
[pair_G] {"steps": 2533376, "elapsed_s": 2305.6, "coordination_ring_sparse20": 0.0, "coordination_ring_potter0_20": 0.65, "centre_pots_sparse20": 77.0, "centre_pots_potter0_20": 0.75}
[pair_G] {"steps": 2535424, "elapsed_s": 2307.3, "coordination_ring_sparse20": 0.0, "coordination_ring_potter0_20": 0.5, "centre_pots_sparse20": 81.0, "centre_pots_potter0_20": 0.8}
[pair_G] {"steps": 2537472, "elapsed_s": 2309.0, "coordination_ring_sparse20": 0.0, "coordination_ring_potter0_20": 0.5, "centre_pots_sparse20": 80.0, "centre_pots_potter0_20": 0.8}
[pair_G] {"steps": 2539520, "elapsed_s": 2310.7, "coordination_ring_sparse20": 0.0, "coordination_ring_potter0_20": 0.55, "centre_pots_sparse20": 81.0, "centre_pots_potter0_20": 0.7}
[pair_G] {"steps": 2541568, "elapsed_s": 2312.4, "coordination_ring_sparse20": 0.0, "coordination_ring_potter0_20": 0.5, "centre_pots_sparse20": 77.0, "centre_pots_potter0_20": 0.65}
[pair_G] {"steps": 2543616, "elapsed_s": 2314.5, "coordination_ring_sparse20": 0.0, "coordination_ring_potter0_20": 0.4, "centre_pots_sparse20": 80.0, "centre_pots_potter0_20": 0.65}
[pair_G] {"steps": 2545664, "elapsed_s": 2316.5, "coordination_ring_sparse20": 0.0, "coordination_ring_potter0_20": 0.4, "centre_pots_sparse20": 84.0, "centre_pots_potter0_20": 0.6}
[pair_G] {"steps": 2547712, "elapsed_s": 2318.5, "coordination_ring_sparse20": 0.0, "coordination_ring_potter0_20": 0.4, "centre_pots_sparse20": 80.0, "centre_pots_potter0_20": 0.55}
[pair_G] {"steps": 2549760, "elapsed_s": 2320.5, "coordination_ring_sparse20": 0.0, "coordination_ring_potter0_20": 0.4, "centre_pots_sparse20": 79.0, "centre_pots_potter0_20": 0.55}
[pair_G] {"steps": 2551808, "elapsed_s": 2322.1, "coordination_ring_sparse20": 0.0, "coordination_ring_potter0_20": 0.4, "centre_pots_sparse20": 85.0, "centre_pots_potter0_20": 0.6}
[pair_G] {"steps": 2553856, "elapsed_s": 2323.8, "coordination_ring_sparse20": 0.0, "coordination_ring_potter0_20": 0.4, "centre_pots_sparse20": 84.0, "centre_pots_potter0_20": 0.65}
[pair_G] {"steps": 2555904, "elapsed_s": 2325.8, "coordination_ring_sparse20": 0.0, "coordination_ring_potter0_20": 0.4, "centre_pots_sparse20": 86.0, "centre_pots_potter0_20": 0.65}
[pair_G] {"steps": 2557952, "elapsed_s": 2327.4, "coordination_ring_sparse20": 0.0, "coordination_ring_potter0_20": 0.45, "centre_pots_sparse20": 83.0, "centre_pots_potter0_20": 0.65}
[pair_G] {"steps": 2560000, "elapsed_s": 2329.4, "coordination_ring_sparse20": 0.0, "coordination_ring_potter0_20": 0.45, "centre_pots_sparse20": 82.0, "centre_pots_potter0_20": 0.55}
[pair_G] {"steps": 2562048, "elapsed_s": 2331.6, "coordination_ring_sparse20": 0.0, "coordination_ring_potter0_20": 0.35, "centre_pots_sparse20": 82.0, "centre_pots_potter0_20": 0.55}
[pair_G] {"steps": 2564096, "elapsed_s": 2333.7, "coordination_ring_sparse20": 0.0, "coordination_ring_potter0_20": 0.35, "centre_pots_sparse20": 85.0, "centre_pots_potter0_20": 0.6}
[pair_G] {"steps": 2566144, "elapsed_s": 2335.8, "coordination_ring_sparse20": 0.0, "coordination_ring_potter0_20": 0.4, "centre_pots_sparse20": 89.0, "centre_pots_potter0_20": 0.55}
[pair_G] {"steps": 2568192, "elapsed_s": 2337.4, "coordination_ring_sparse20": 0.0, "coordination_ring_potter0_20": 0.4, "centre_pots_sparse20": 92.0, "centre_pots_potter0_20": 0.5}
[pair_G] {"steps": 2570240, "elapsed_s": 2338.8, "coordination_ring_sparse20": 0.0, "coordination_ring_potter0_20": 0.35, "centre_pots_sparse20": 93.0, "centre_pots_potter0_20": 0.45}
[pair_G] {"steps": 2572288, "elapsed_s": 2340.4, "coordination_ring_sparse20": 0.0, "coordination_ring_potter0_20": 0.4, "centre_pots_sparse20": 95.0, "centre_pots_potter0_20": 0.45}
[pair_G] {"steps": 2574336, "elapsed_s": 2342.0, "coordination_ring_sparse20": 0.0, "coordination_ring_potter0_20": 0.4, "centre_pots_sparse20": 95.0, "centre_pots_potter0_20": 0.4}
[pair_G] {"steps": 2576384, "elapsed_s": 2343.9, "coordination_ring_sparse20": 0.0, "coordination_ring_potter0_20": 0.5, "centre_pots_sparse20": 96.0, "centre_pots_potter0_20": 0.5}
[pair_G] {"steps": 2578432, "elapsed_s": 2345.7, "coordination_ring_sparse20": 0.0, "coordination_ring_potter0_20": 0.45, "centre_pots_sparse20": 100.0, "centre_pots_potter0_20": 0.45}
[pair_G] {"steps": 2580480, "elapsed_s": 2347.2, "coordination_ring_sparse20": 0.0, "coordination_ring_potter0_20": 0.5, "centre_pots_sparse20": 100.0, "centre_pots_potter0_20": 0.45}
[pair_G] {"steps": 2582528, "elapsed_s": 2349.1, "coordination_ring_sparse20": 0.0, "coordination_ring_potter0_20": 0.45, "centre_pots_sparse20": 99.0, "centre_pots_potter0_20": 0.4}
[pair_G] {"steps": 2584576, "elapsed_s": 2350.9, "coordination_ring_sparse20": 0.0, "coordination_ring_potter0_20": 0.5, "centre_pots_sparse20": 101.0, "centre_pots_potter0_20": 0.4}
[pair_G] {"steps": 2586624, "elapsed_s": 2353.2, "coordination_ring_sparse20": 0.0, "coordination_ring_potter0_20": 0.5, "centre_pots_sparse20": 95.0, "centre_pots_potter0_20": 0.45}
[pair_G] {"steps": 2588672, "elapsed_s": 2355.6, "coordination_ring_sparse20": 0.0, "coordination_ring_potter0_20": 0.45, "centre_pots_sparse20": 88.0, "centre_pots_potter0_20": 0.45}
[pair_G] {"steps": 2590720, "elapsed_s": 2357.3, "coordination_ring_sparse20": 0.0, "coordination_ring_potter0_20": 0.4, "centre_pots_sparse20": 85.0, "centre_pots_potter0_20": 0.5}
[pair_G] {"steps": 2592768, "elapsed_s": 2359.5, "coordination_ring_sparse20": 0.0, "coordination_ring_potter0_20": 0.4, "centre_pots_sparse20": 85.0, "centre_pots_potter0_20": 0.5}
[pair_G] {"steps": 2594816, "elapsed_s": 2361.9, "coordination_ring_sparse20": 0.0, "coordination_ring_potter0_20": 0.45, "centre_pots_sparse20": 80.0, "centre_pots_potter0_20": 0.5}
[pair_G] {"steps": 2596864, "elapsed_s": 2364.0, "coordination_ring_sparse20": 0.0, "coordination_ring_potter0_20": 0.4, "centre_pots_sparse20": 78.0, "centre_pots_potter0_20": 0.45}
[pair_G] {"steps": 2598912, "elapsed_s": 2366.0, "coordination_ring_sparse20": 0.0, "coordination_ring_potter0_20": 0.45, "centre_pots_sparse20": 73.0, "centre_pots_potter0_20": 0.5}
[pair_G] {"steps": 2600960, "elapsed_s": 2367.8, "coordination_ring_sparse20": 0.0, "coordination_ring_potter0_20": 0.4, "centre_pots_sparse20": 73.0, "centre_pots_potter0_20": 0.5}
[pair_G] {"steps": 2603008, "elapsed_s": 2370.3, "coordination_ring_sparse20": 0.0, "coordination_ring_potter0_20": 0.45, "centre_pots_sparse20": 77.0, "centre_pots_potter0_20": 0.5}
[pair_G] {"steps": 2605056, "elapsed_s": 2372.8, "coordination_ring_sparse20": 0.0, "coordination_ring_potter0_20": 0.5, "centre_pots_sparse20": 81.0, "centre_pots_potter0_20": 0.5}
[pair_G] {"steps": 2607104, "elapsed_s": 2375.3, "coordination_ring_sparse20": 0.0, "coordination_ring_potter0_20": 0.5, "centre_pots_sparse20": 84.0, "centre_pots_potter0_20": 0.5}
[pair_G] {"steps": 2609152, "elapsed_s": 2378.3, "coordination_ring_sparse20": 0.0, "coordination_ring_potter0_20": 0.55, "centre_pots_sparse20": 87.0, "centre_pots_potter0_20": 0.5}
[pair_G] {"steps": 2611200, "elapsed_s": 2380.6, "coordination_ring_sparse20": 0.0, "coordination_ring_potter0_20": 0.55, "centre_pots_sparse20": 95.0, "centre_pots_potter0_20": 0.45}
[pair_G] {"steps": 2613248, "elapsed_s": 2383.2, "coordination_ring_sparse20": 0.0, "coordination_ring_potter0_20": 0.55, "centre_pots_sparse20": 100.0, "centre_pots_potter0_20": 0.55}
[pair_G] {"steps": 2615296, "elapsed_s": 2385.7, "coordination_ring_sparse20": 0.0, "coordination_ring_potter0_20": 0.55, "centre_pots_sparse20": 99.0, "centre_pots_potter0_20": 0.45}
[pair_G] {"steps": 2617344, "elapsed_s": 2388.0, "coordination_ring_sparse20": 0.0, "coordination_ring_potter0_20": 0.5, "centre_pots_sparse20": 102.0, "centre_pots_potter0_20": 0.5}
[pair_G] {"steps": 2619392, "elapsed_s": 2390.4, "coordination_ring_sparse20": 0.0, "coordination_ring_potter0_20": 0.5, "centre_pots_sparse20": 103.0, "centre_pots_potter0_20": 0.5}
[pair_G] {"steps": 2621440, "elapsed_s": 2393.3, "coordination_ring_sparse20": 0.0, "coordination_ring_potter0_20": 0.5, "centre_pots_sparse20": 103.0, "centre_pots_potter0_20": 0.45}
[pair_G] {"steps": 2623488, "elapsed_s": 2395.1, "coordination_ring_sparse20": 0.0, "coordination_ring_potter0_20": 0.5, "centre_pots_sparse20": 95.0, "centre_pots_potter0_20": 0.45}
[pair_G] {"steps": 2625536, "elapsed_s": 2397.5, "coordination_ring_sparse20": 0.0, "coordination_ring_potter0_20": 0.45, "centre_pots_sparse20": 95.0, "centre_pots_potter0_20": 0.4}
[pair_G] {"steps": 2627584, "elapsed_s": 2399.5, "coordination_ring_sparse20": 0.0, "coordination_ring_potter0_20": 0.5, "centre_pots_sparse20": 97.0, "centre_pots_potter0_20": 0.35}
[pair_G] {"steps": 2629632, "elapsed_s": 2402.2, "coordination_ring_sparse20": 0.0, "coordination_ring_potter0_20": 0.45, "centre_pots_sparse20": 102.0, "centre_pots_potter0_20": 0.4}
[pair_G] {"steps": 2631680, "elapsed_s": 2404.4, "coordination_ring_sparse20": 0.0, "coordination_ring_potter0_20": 0.5, "centre_pots_sparse20": 100.0, "centre_pots_potter0_20": 0.45}
[pair_G] {"steps": 2633728, "elapsed_s": 2406.3, "coordination_ring_sparse20": 0.0, "coordination_ring_potter0_20": 0.45, "centre_pots_sparse20": 95.0, "centre_pots_potter0_20": 0.5}
[pair_G] {"steps": 2635776, "elapsed_s": 2408.6, "coordination_ring_sparse20": 0.0, "coordination_ring_potter0_20": 0.45, "centre_pots_sparse20": 87.0, "centre_pots_potter0_20": 0.45}
[pair_G] {"steps": 2637824, "elapsed_s": 2411.0, "coordination_ring_sparse20": 0.0, "coordination_ring_potter0_20": 0.4, "centre_pots_sparse20": 86.0, "centre_pots_potter0_20": 0.4}
[pair_G] {"steps": 2639872, "elapsed_s": 2413.4, "coordination_ring_sparse20": 0.0, "coordination_ring_potter0_20": 0.45, "centre_pots_sparse20": 78.0, "centre_pots_potter0_20": 0.45}
[pair_G] {"steps": 2641920, "elapsed_s": 2415.7, "coordination_ring_sparse20": 0.0, "coordination_ring_potter0_20": 0.45, "centre_pots_sparse20": 86.0, "centre_pots_potter0_20": 0.4}
[pair_G] {"steps": 2643968, "elapsed_s": 2417.9, "coordination_ring_sparse20": 0.0, "coordination_ring_potter0_20": 0.45, "centre_pots_sparse20": 79.0, "centre_pots_potter0_20": 0.4}
[pair_G] {"steps": 2646016, "elapsed_s": 2419.8, "coordination_ring_sparse20": 0.0, "coordination_ring_potter0_20": 0.45, "centre_pots_sparse20": 79.0, "centre_pots_potter0_20": 0.4}
[pair_G] {"steps": 2648064, "elapsed_s": 2422.4, "coordination_ring_sparse20": 0.0, "coordination_ring_potter0_20": 0.45, "centre_pots_sparse20": 78.0, "centre_pots_potter0_20": 0.45}
[pair_G] {"steps": 2650112, "elapsed_s": 2424.7, "coordination_ring_sparse20": 0.0, "coordination_ring_potter0_20": 0.45, "centre_pots_sparse20": 82.0, "centre_pots_potter0_20": 0.35}
[pair_G] {"steps": 2652160, "elapsed_s": 2426.8, "coordination_ring_sparse20": 0.0, "coordination_ring_potter0_20": 0.45, "centre_pots_sparse20": 88.0, "centre_pots_potter0_20": 0.45}
[pair_G] {"steps": 2654208, "elapsed_s": 2429.4, "coordination_ring_sparse20": 0.0, "coordination_ring_potter0_20": 0.55, "centre_pots_sparse20": 87.0, "centre_pots_potter0_20": 0.55}
[pair_G] {"steps": 2656256, "elapsed_s": 2432.1, "coordination_ring_sparse20": 0.0, "coordination_ring_potter0_20": 0.6, "centre_pots_sparse20": 90.0, "centre_pots_potter0_20": 0.55}
[pair_G] {"steps": 2658304, "elapsed_s": 2434.1, "coordination_ring_sparse20": 0.0, "coordination_ring_potter0_20": 0.55, "centre_pots_sparse20": 96.0, "centre_pots_potter0_20": 0.7}
[pair_G] {"steps": 2660352, "elapsed_s": 2435.8, "coordination_ring_sparse20": 0.0, "coordination_ring_potter0_20": 0.6, "centre_pots_sparse20": 90.0, "centre_pots_potter0_20": 0.65}
[pair_G] {"steps": 2662400, "elapsed_s": 2437.8, "coordination_ring_sparse20": 0.0, "coordination_ring_potter0_20": 0.6, "centre_pots_sparse20": 93.0, "centre_pots_potter0_20": 0.6}
[pair_G] {"steps": 2664448, "elapsed_s": 2439.6, "coordination_ring_sparse20": 0.0, "coordination_ring_potter0_20": 0.7, "centre_pots_sparse20": 89.0, "centre_pots_potter0_20": 0.6}
[pair_G] {"steps": 2666496, "elapsed_s": 2441.0, "coordination_ring_sparse20": 0.0, "coordination_ring_potter0_20": 0.65, "centre_pots_sparse20": 88.0, "centre_pots_potter0_20": 0.55}
[pair_G] {"steps": 2668544, "elapsed_s": 2442.6, "coordination_ring_sparse20": 0.0, "coordination_ring_potter0_20": 0.7, "centre_pots_sparse20": 90.0, "centre_pots_potter0_20": 0.55}
[pair_G] {"steps": 2670592, "elapsed_s": 2444.0, "coordination_ring_sparse20": 0.0, "coordination_ring_potter0_20": 0.65, "centre_pots_sparse20": 92.0, "centre_pots_potter0_20": 0.5}
[pair_G] {"steps": 2672640, "elapsed_s": 2446.0, "coordination_ring_sparse20": 0.0, "coordination_ring_potter0_20": 0.7, "centre_pots_sparse20": 94.0, "centre_pots_potter0_20": 0.55}
[pair_G] {"steps": 2674688, "elapsed_s": 2447.6, "coordination_ring_sparse20": 0.0, "coordination_ring_potter0_20": 0.75, "centre_pots_sparse20": 91.0, "centre_pots_potter0_20": 0.55}
[pair_G] {"steps": 2676736, "elapsed_s": 2449.6, "coordination_ring_sparse20": 0.0, "coordination_ring_potter0_20": 0.7, "centre_pots_sparse20": 95.0, "centre_pots_potter0_20": 0.6}
[pair_G] {"steps": 2678784, "elapsed_s": 2451.1, "coordination_ring_sparse20": 0.0, "coordination_ring_potter0_20": 0.65, "centre_pots_sparse20": 92.0, "centre_pots_potter0_20": 0.7}
[pair_G] {"steps": 2680832, "elapsed_s": 2452.4, "coordination_ring_sparse20": 0.0, "coordination_ring_potter0_20": 0.6, "centre_pots_sparse20": 92.0, "centre_pots_potter0_20": 0.7}
[pair_G] {"steps": 2682880, "elapsed_s": 2454.1, "coordination_ring_sparse20": 0.0, "coordination_ring_potter0_20": 0.55, "centre_pots_sparse20": 95.0, "centre_pots_potter0_20": 0.65}
[pair_G] {"steps": 2684928, "elapsed_s": 2456.0, "coordination_ring_sparse20": 0.0, "coordination_ring_potter0_20": 0.5, "centre_pots_sparse20": 106.0, "centre_pots_potter0_20": 0.65}
[pair_G] {"steps": 2686976, "elapsed_s": 2457.7, "coordination_ring_sparse20": 0.0, "coordination_ring_potter0_20": 0.55, "centre_pots_sparse20": 103.0, "centre_pots_potter0_20": 0.6}
[pair_G] {"steps": 2689024, "elapsed_s": 2459.3, "coordination_ring_sparse20": 0.0, "coordination_ring_potter0_20": 0.45, "centre_pots_sparse20": 99.0, "centre_pots_potter0_20": 0.55}
[pair_G] {"steps": 2691072, "elapsed_s": 2460.6, "coordination_ring_sparse20": 0.0, "coordination_ring_potter0_20": 0.45, "centre_pots_sparse20": 99.0, "centre_pots_potter0_20": 0.55}
[pair_G] {"steps": 2693120, "elapsed_s": 2462.1, "coordination_ring_sparse20": 0.0, "coordination_ring_potter0_20": 0.5, "centre_pots_sparse20": 98.0, "centre_pots_potter0_20": 0.5}
[pair_G] {"steps": 2695168, "elapsed_s": 2463.7, "coordination_ring_sparse20": 0.0, "coordination_ring_potter0_20": 0.45, "centre_pots_sparse20": 97.0, "centre_pots_potter0_20": 0.45}
[pair_G] {"steps": 2697216, "elapsed_s": 2465.2, "coordination_ring_sparse20": 0.0, "coordination_ring_potter0_20": 0.45, "centre_pots_sparse20": 99.0, "centre_pots_potter0_20": 0.5}
[pair_G] {"steps": 2699264, "elapsed_s": 2467.0, "coordination_ring_sparse20": 0.0, "coordination_ring_potter0_20": 0.35, "centre_pots_sparse20": 102.0, "centre_pots_potter0_20": 0.4}
[pair_G] {"steps": 2701312, "elapsed_s": 2468.6, "coordination_ring_sparse20": 0.0, "coordination_ring_potter0_20": 0.3, "centre_pots_sparse20": 103.0, "centre_pots_potter0_20": 0.35}
[pair_G] {"steps": 2703360, "elapsed_s": 2470.2, "coordination_ring_sparse20": 0.0, "coordination_ring_potter0_20": 0.2, "centre_pots_sparse20": 104.0, "centre_pots_potter0_20": 0.45}
[pair_G] {"steps": 2705408, "elapsed_s": 2471.9, "coordination_ring_sparse20": 0.0, "coordination_ring_potter0_20": 0.25, "centre_pots_sparse20": 91.0, "centre_pots_potter0_20": 0.5}
[pair_G] {"steps": 2707456, "elapsed_s": 2473.8, "coordination_ring_sparse20": 0.0, "coordination_ring_potter0_20": 0.2, "centre_pots_sparse20": 95.0, "centre_pots_potter0_20": 0.55}
[pair_G] {"steps": 2709504, "elapsed_s": 2475.4, "coordination_ring_sparse20": 0.0, "coordination_ring_potter0_20": 0.2, "centre_pots_sparse20": 104.0, "centre_pots_potter0_20": 0.6}
[pair_G] {"steps": 2711552, "elapsed_s": 2477.3, "coordination_ring_sparse20": 0.0, "coordination_ring_potter0_20": 0.25, "centre_pots_sparse20": 100.0, "centre_pots_potter0_20": 0.6}
[pair_G] {"steps": 2713600, "elapsed_s": 2479.0, "coordination_ring_sparse20": 0.0, "coordination_ring_potter0_20": 0.25, "centre_pots_sparse20": 97.0, "centre_pots_potter0_20": 0.55}
[pair_G] {"steps": 2715648, "elapsed_s": 2481.0, "coordination_ring_sparse20": 0.0, "coordination_ring_potter0_20": 0.25, "centre_pots_sparse20": 102.0, "centre_pots_potter0_20": 0.55}
[pair_G] {"steps": 2717696, "elapsed_s": 2482.5, "coordination_ring_sparse20": 0.0, "coordination_ring_potter0_20": 0.4, "centre_pots_sparse20": 100.0, "centre_pots_potter0_20": 0.6}
[pair_G] {"steps": 2719744, "elapsed_s": 2484.2, "coordination_ring_sparse20": 0.0, "coordination_ring_potter0_20": 0.45, "centre_pots_sparse20": 100.0, "centre_pots_potter0_20": 0.55}
[pair_G] {"steps": 2721792, "elapsed_s": 2485.6, "coordination_ring_sparse20": 0.0, "coordination_ring_potter0_20": 0.45, "centre_pots_sparse20": 102.0, "centre_pots_potter0_20": 0.55}
[pair_G] {"steps": 2723840, "elapsed_s": 2487.4, "coordination_ring_sparse20": 0.0, "coordination_ring_potter0_20": 0.5, "centre_pots_sparse20": 104.0, "centre_pots_potter0_20": 0.55}
[pair_G] {"steps": 2725888, "elapsed_s": 2489.1, "coordination_ring_sparse20": 0.0, "coordination_ring_potter0_20": 0.5, "centre_pots_sparse20": 99.0, "centre_pots_potter0_20": 0.55}
[pair_G] {"steps": 2727936, "elapsed_s": 2491.0, "coordination_ring_sparse20": 0.0, "coordination_ring_potter0_20": 0.55, "centre_pots_sparse20": 91.0, "centre_pots_potter0_20": 0.55}
[pair_G] {"steps": 2729984, "elapsed_s": 2492.8, "coordination_ring_sparse20": 0.0, "coordination_ring_potter0_20": 0.55, "centre_pots_sparse20": 91.0, "centre_pots_potter0_20": 0.55}
[pair_G] {"steps": 2732032, "elapsed_s": 2494.8, "coordination_ring_sparse20": 0.0, "coordination_ring_potter0_20": 0.55, "centre_pots_sparse20": 91.0, "centre_pots_potter0_20": 0.55}
[pair_G] {"steps": 2734080, "elapsed_s": 2496.5, "coordination_ring_sparse20": 0.0, "coordination_ring_potter0_20": 0.5, "centre_pots_sparse20": 87.0, "centre_pots_potter0_20": 0.55}
[pair_G] {"steps": 2736128, "elapsed_s": 2498.3, "coordination_ring_sparse20": 0.0, "coordination_ring_potter0_20": 0.45, "centre_pots_sparse20": 92.0, "centre_pots_potter0_20": 0.55}
[pair_G] {"steps": 2738176, "elapsed_s": 2500.1, "coordination_ring_sparse20": 0.0, "coordination_ring_potter0_20": 0.35, "centre_pots_sparse20": 97.0, "centre_pots_potter0_20": 0.55}
[pair_G] {"steps": 2740224, "elapsed_s": 2501.8, "coordination_ring_sparse20": 0.0, "coordination_ring_potter0_20": 0.3, "centre_pots_sparse20": 97.0, "centre_pots_potter0_20": 0.55}
[pair_G] {"steps": 2742272, "elapsed_s": 2503.2, "coordination_ring_sparse20": 0.0, "coordination_ring_potter0_20": 0.35, "centre_pots_sparse20": 96.0, "centre_pots_potter0_20": 0.5}
[pair_G] {"steps": 2744320, "elapsed_s": 2504.8, "coordination_ring_sparse20": 0.0, "coordination_ring_potter0_20": 0.3, "centre_pots_sparse20": 100.0, "centre_pots_potter0_20": 0.45}
[pair_G] {"steps": 2746368, "elapsed_s": 2506.8, "coordination_ring_sparse20": 0.0, "coordination_ring_potter0_20": 0.3, "centre_pots_sparse20": 102.0, "centre_pots_potter0_20": 0.45}
[pair_G] {"steps": 2748416, "elapsed_s": 2508.7, "coordination_ring_sparse20": 0.0, "coordination_ring_potter0_20": 0.25, "centre_pots_sparse20": 105.0, "centre_pots_potter0_20": 0.5}
[pair_G] {"steps": 2750464, "elapsed_s": 2510.9, "coordination_ring_sparse20": 0.0, "coordination_ring_potter0_20": 0.25, "centre_pots_sparse20": 103.0, "centre_pots_potter0_20": 0.4}
[pair_G] {"steps": 2752512, "elapsed_s": 2513.0, "coordination_ring_sparse20": 0.0, "coordination_ring_potter0_20": 0.25, "centre_pots_sparse20": 91.0, "centre_pots_potter0_20": 0.4}
[pair_G] {"steps": 2754560, "elapsed_s": 2514.8, "coordination_ring_sparse20": 0.0, "coordination_ring_potter0_20": 0.3, "centre_pots_sparse20": 96.0, "centre_pots_potter0_20": 0.45}
[pair_G] {"steps": 2756608, "elapsed_s": 2516.5, "coordination_ring_sparse20": 0.0, "coordination_ring_potter0_20": 0.35, "centre_pots_sparse20": 91.0, "centre_pots_potter0_20": 0.4}
[pair_G] {"steps": 2758656, "elapsed_s": 2518.2, "coordination_ring_sparse20": 0.0, "coordination_ring_potter0_20": 0.45, "centre_pots_sparse20": 85.0, "centre_pots_potter0_20": 0.45}
[pair_G] {"steps": 2760704, "elapsed_s": 2519.8, "coordination_ring_sparse20": 0.0, "coordination_ring_potter0_20": 0.55, "centre_pots_sparse20": 83.0, "centre_pots_potter0_20": 0.45}
[pair_G] {"steps": 2762752, "elapsed_s": 2521.5, "coordination_ring_sparse20": 0.0, "coordination_ring_potter0_20": 0.6, "centre_pots_sparse20": 82.0, "centre_pots_potter0_20": 0.5}
[pair_G] {"steps": 2764800, "elapsed_s": 2523.5, "coordination_ring_sparse20": 0.0, "coordination_ring_potter0_20": 0.55, "centre_pots_sparse20": 93.0, "centre_pots_potter0_20": 0.65}
[pair_G] {"steps": 2766848, "elapsed_s": 2525.4, "coordination_ring_sparse20": 0.0, "coordination_ring_potter0_20": 0.6, "centre_pots_sparse20": 89.0, "centre_pots_potter0_20": 0.65}
[pair_G] {"steps": 2768896, "elapsed_s": 2527.1, "coordination_ring_sparse20": 0.0, "coordination_ring_potter0_20": 0.6, "centre_pots_sparse20": 94.0, "centre_pots_potter0_20": 0.7}
[pair_G] {"steps": 2770944, "elapsed_s": 2529.0, "coordination_ring_sparse20": 0.0, "coordination_ring_potter0_20": 0.6, "centre_pots_sparse20": 98.0, "centre_pots_potter0_20": 0.7}
[pair_G] {"steps": 2772992, "elapsed_s": 2530.9, "coordination_ring_sparse20": 0.0, "coordination_ring_potter0_20": 0.65, "centre_pots_sparse20": 109.0, "centre_pots_potter0_20": 0.7}
[pair_G] {"steps": 2775040, "elapsed_s": 2532.7, "coordination_ring_sparse20": 0.0, "coordination_ring_potter0_20": 0.65, "centre_pots_sparse20": 113.0, "centre_pots_potter0_20": 0.7}
[pair_G] {"steps": 2777088, "elapsed_s": 2534.4, "coordination_ring_sparse20": 0.0, "coordination_ring_potter0_20": 0.55, "centre_pots_sparse20": 111.0, "centre_pots_potter0_20": 0.65}
[pair_G] {"steps": 2779136, "elapsed_s": 2536.0, "coordination_ring_sparse20": 0.0, "coordination_ring_potter0_20": 0.6, "centre_pots_sparse20": 108.0, "centre_pots_potter0_20": 0.65}
[pair_G] {"steps": 2781184, "elapsed_s": 2538.1, "coordination_ring_sparse20": 0.0, "coordination_ring_potter0_20": 0.55, "centre_pots_sparse20": 110.0, "centre_pots_potter0_20": 0.6}
[pair_G] {"steps": 2783232, "elapsed_s": 2539.7, "coordination_ring_sparse20": 0.0, "coordination_ring_potter0_20": 0.65, "centre_pots_sparse20": 116.0, "centre_pots_potter0_20": 0.6}
[pair_G] {"steps": 2785280, "elapsed_s": 2541.6, "coordination_ring_sparse20": 0.0, "coordination_ring_potter0_20": 0.65, "centre_pots_sparse20": 116.0, "centre_pots_potter0_20": 0.65}
[pair_G] {"steps": 2787328, "elapsed_s": 2543.5, "coordination_ring_sparse20": 0.0, "coordination_ring_potter0_20": 0.7, "centre_pots_sparse20": 113.0, "centre_pots_potter0_20": 0.65}
[pair_G] {"steps": 2789376, "elapsed_s": 2545.4, "coordination_ring_sparse20": 0.0, "coordination_ring_potter0_20": 0.7, "centre_pots_sparse20": 109.0, "centre_pots_potter0_20": 0.6}
[pair_G] {"steps": 2791424, "elapsed_s": 2547.1, "coordination_ring_sparse20": 0.0, "coordination_ring_potter0_20": 0.65, "centre_pots_sparse20": 107.0, "centre_pots_potter0_20": 0.6}
[pair_G] {"steps": 2793472, "elapsed_s": 2548.7, "coordination_ring_sparse20": 0.0, "coordination_ring_potter0_20": 0.7, "centre_pots_sparse20": 106.0, "centre_pots_potter0_20": 0.5}
[pair_G] {"steps": 2795520, "elapsed_s": 2550.6, "coordination_ring_sparse20": 0.0, "coordination_ring_potter0_20": 0.75, "centre_pots_sparse20": 107.0, "centre_pots_potter0_20": 0.5}
[pair_G] {"steps": 2797568, "elapsed_s": 2552.5, "coordination_ring_sparse20": 0.0, "coordination_ring_potter0_20": 0.75, "centre_pots_sparse20": 102.0, "centre_pots_potter0_20": 0.5}
[pair_G] {"steps": 2799616, "elapsed_s": 2554.3, "coordination_ring_sparse20": 0.0, "coordination_ring_potter0_20": 0.75, "centre_pots_sparse20": 99.0, "centre_pots_potter0_20": 0.5}
[pair_G] {"steps": 2801664, "elapsed_s": 2556.3, "coordination_ring_sparse20": 0.0, "coordination_ring_potter0_20": 0.65, "centre_pots_sparse20": 101.0, "centre_pots_potter0_20": 0.5}
[pair_G] {"steps": 2803712, "elapsed_s": 2558.0, "coordination_ring_sparse20": 0.0, "coordination_ring_potter0_20": 0.65, "centre_pots_sparse20": 102.0, "centre_pots_potter0_20": 0.5}
[pair_G] {"steps": 2805760, "elapsed_s": 2559.9, "coordination_ring_sparse20": 0.0, "coordination_ring_potter0_20": 0.65, "centre_pots_sparse20": 106.0, "centre_pots_potter0_20": 0.5}
[pair_G] {"steps": 2807808, "elapsed_s": 2561.7, "coordination_ring_sparse20": 0.0, "coordination_ring_potter0_20": 0.55, "centre_pots_sparse20": 109.0, "centre_pots_potter0_20": 0.55}
[pair_G] {"steps": 2809856, "elapsed_s": 2563.5, "coordination_ring_sparse20": 0.0, "coordination_ring_potter0_20": 0.6, "centre_pots_sparse20": 106.0, "centre_pots_potter0_20": 0.65}
[pair_G] {"steps": 2811904, "elapsed_s": 2565.1, "coordination_ring_sparse20": 0.0, "coordination_ring_potter0_20": 0.65, "centre_pots_sparse20": 102.0, "centre_pots_potter0_20": 0.65}
[pair_G] {"steps": 2813952, "elapsed_s": 2567.1, "coordination_ring_sparse20": 0.0, "coordination_ring_potter0_20": 0.6, "centre_pots_sparse20": 105.0, "centre_pots_potter0_20": 0.65}
[pair_G] {"steps": 2816000, "elapsed_s": 2568.7, "coordination_ring_sparse20": 0.0, "coordination_ring_potter0_20": 0.45, "centre_pots_sparse20": 99.0, "centre_pots_potter0_20": 0.7}
[pair_G] {"steps": 2818048, "elapsed_s": 2570.6, "coordination_ring_sparse20": 0.0, "coordination_ring_potter0_20": 0.45, "centre_pots_sparse20": 97.0, "centre_pots_potter0_20": 0.7}
[pair_G] {"steps": 2820096, "elapsed_s": 2572.4, "coordination_ring_sparse20": 0.0, "coordination_ring_potter0_20": 0.45, "centre_pots_sparse20": 95.0, "centre_pots_potter0_20": 0.8}
[pair_G] {"steps": 2822144, "elapsed_s": 2574.3, "coordination_ring_sparse20": 0.0, "coordination_ring_potter0_20": 0.5, "centre_pots_sparse20": 97.0, "centre_pots_potter0_20": 0.7}
[pair_G] {"steps": 2824192, "elapsed_s": 2576.2, "coordination_ring_sparse20": 0.0, "coordination_ring_potter0_20": 0.55, "centre_pots_sparse20": 100.0, "centre_pots_potter0_20": 0.7}
[pair_G] {"steps": 2826240, "elapsed_s": 2578.2, "coordination_ring_sparse20": 0.0, "coordination_ring_potter0_20": 0.5, "centre_pots_sparse20": 101.0, "centre_pots_potter0_20": 0.55}
[pair_G] {"steps": 2828288, "elapsed_s": 2580.1, "coordination_ring_sparse20": 0.0, "coordination_ring_potter0_20": 0.6, "centre_pots_sparse20": 104.0, "centre_pots_potter0_20": 0.5}
[pair_G] {"steps": 2830336, "elapsed_s": 2582.1, "coordination_ring_sparse20": 0.0, "coordination_ring_potter0_20": 0.65, "centre_pots_sparse20": 98.0, "centre_pots_potter0_20": 0.5}
[pair_G] {"steps": 2832384, "elapsed_s": 2583.7, "coordination_ring_sparse20": 0.0, "coordination_ring_potter0_20": 0.6, "centre_pots_sparse20": 99.0, "centre_pots_potter0_20": 0.5}
[pair_G] {"steps": 2834432, "elapsed_s": 2585.4, "coordination_ring_sparse20": 0.0, "coordination_ring_potter0_20": 0.6, "centre_pots_sparse20": 102.0, "centre_pots_potter0_20": 0.5}
[pair_G] {"steps": 2836480, "elapsed_s": 2587.4, "coordination_ring_sparse20": 0.0, "coordination_ring_potter0_20": 0.6, "centre_pots_sparse20": 102.0, "centre_pots_potter0_20": 0.55}
[pair_G] {"steps": 2838528, "elapsed_s": 2589.2, "coordination_ring_sparse20": 0.0, "coordination_ring_potter0_20": 0.6, "centre_pots_sparse20": 104.0, "centre_pots_potter0_20": 0.55}
[pair_G] {"steps": 2840576, "elapsed_s": 2590.9, "coordination_ring_sparse20": 0.0, "coordination_ring_potter0_20": 0.55, "centre_pots_sparse20": 108.0, "centre_pots_potter0_20": 0.6}
[pair_G] {"steps": 2842624, "elapsed_s": 2592.6, "coordination_ring_sparse20": 0.0, "coordination_ring_potter0_20": 0.6, "centre_pots_sparse20": 112.0, "centre_pots_potter0_20": 0.7}
[pair_G] {"steps": 2844672, "elapsed_s": 2593.9, "coordination_ring_sparse20": 0.0, "coordination_ring_potter0_20": 0.55, "centre_pots_sparse20": 112.0, "centre_pots_potter0_20": 0.7}
[pair_G] {"steps": 2846720, "elapsed_s": 2595.7, "coordination_ring_sparse20": 0.0, "coordination_ring_potter0_20": 0.5, "centre_pots_sparse20": 111.0, "centre_pots_potter0_20": 0.75}
[pair_G] {"steps": 2848768, "elapsed_s": 2597.4, "coordination_ring_sparse20": 0.0, "coordination_ring_potter0_20": 0.5, "centre_pots_sparse20": 116.0, "centre_pots_potter0_20": 0.8}
[pair_G] {"steps": 2850816, "elapsed_s": 2599.5, "coordination_ring_sparse20": 0.0, "coordination_ring_potter0_20": 0.5, "centre_pots_sparse20": 117.0, "centre_pots_potter0_20": 0.8}
[pair_G] {"steps": 2852864, "elapsed_s": 2601.4, "coordination_ring_sparse20": 0.0, "coordination_ring_potter0_20": 0.5, "centre_pots_sparse20": 108.0, "centre_pots_potter0_20": 0.8}
[pair_G] {"steps": 2854912, "elapsed_s": 2603.1, "coordination_ring_sparse20": 0.0, "coordination_ring_potter0_20": 0.45, "centre_pots_sparse20": 112.0, "centre_pots_potter0_20": 0.7}
[pair_G] {"steps": 2856960, "elapsed_s": 2605.0, "coordination_ring_sparse20": 0.0, "coordination_ring_potter0_20": 0.45, "centre_pots_sparse20": 111.0, "centre_pots_potter0_20": 0.7}
[pair_G] {"steps": 2859008, "elapsed_s": 2606.6, "coordination_ring_sparse20": 0.0, "coordination_ring_potter0_20": 0.4, "centre_pots_sparse20": 112.0, "centre_pots_potter0_20": 0.6}
[pair_G] {"steps": 2861056, "elapsed_s": 2608.2, "coordination_ring_sparse20": 0.0, "coordination_ring_potter0_20": 0.35, "centre_pots_sparse20": 111.0, "centre_pots_potter0_20": 0.6}
[pair_G] {"steps": 2863104, "elapsed_s": 2610.0, "coordination_ring_sparse20": 0.0, "coordination_ring_potter0_20": 0.35, "centre_pots_sparse20": 108.0, "centre_pots_potter0_20": 0.65}
[pair_G] {"steps": 2865152, "elapsed_s": 2611.6, "coordination_ring_sparse20": 0.0, "coordination_ring_potter0_20": 0.35, "centre_pots_sparse20": 109.0, "centre_pots_potter0_20": 0.7}
[pair_G] {"steps": 2867200, "elapsed_s": 2613.4, "coordination_ring_sparse20": 0.0, "coordination_ring_potter0_20": 0.45, "centre_pots_sparse20": 104.0, "centre_pots_potter0_20": 0.75}
[pair_G] {"steps": 2869248, "elapsed_s": 2615.0, "coordination_ring_sparse20": 0.0, "coordination_ring_potter0_20": 0.5, "centre_pots_sparse20": 104.0, "centre_pots_potter0_20": 0.75}
[pair_G] {"steps": 2871296, "elapsed_s": 2616.5, "coordination_ring_sparse20": 0.0, "coordination_ring_potter0_20": 0.45, "centre_pots_sparse20": 101.0, "centre_pots_potter0_20": 0.8}
[pair_G] {"steps": 2873344, "elapsed_s": 2618.3, "coordination_ring_sparse20": 0.0, "coordination_ring_potter0_20": 0.4, "centre_pots_sparse20": 99.0, "centre_pots_potter0_20": 0.8}
[pair_G] {"steps": 2875392, "elapsed_s": 2619.9, "coordination_ring_sparse20": 0.0, "coordination_ring_potter0_20": 0.35, "centre_pots_sparse20": 96.0, "centre_pots_potter0_20": 0.8}
[pair_G] {"steps": 2877440, "elapsed_s": 2621.7, "coordination_ring_sparse20": 0.0, "coordination_ring_potter0_20": 0.3, "centre_pots_sparse20": 97.0, "centre_pots_potter0_20": 0.85}
[pair_G] {"steps": 2879488, "elapsed_s": 2623.4, "coordination_ring_sparse20": 0.0, "coordination_ring_potter0_20": 0.35, "centre_pots_sparse20": 99.0, "centre_pots_potter0_20": 0.8}
[pair_G] {"steps": 2881536, "elapsed_s": 2625.1, "coordination_ring_sparse20": 0.0, "coordination_ring_potter0_20": 0.35, "centre_pots_sparse20": 91.0, "centre_pots_potter0_20": 0.75}
[pair_G] {"steps": 2883584, "elapsed_s": 2627.1, "coordination_ring_sparse20": 0.0, "coordination_ring_potter0_20": 0.35, "centre_pots_sparse20": 95.0, "centre_pots_potter0_20": 0.6}
[pair_G] {"steps": 2885632, "elapsed_s": 2629.4, "coordination_ring_sparse20": 0.0, "coordination_ring_potter0_20": 0.35, "centre_pots_sparse20": 108.0, "centre_pots_potter0_20": 0.45}
[pair_G] {"steps": 2887680, "elapsed_s": 2631.2, "coordination_ring_sparse20": 0.0, "coordination_ring_potter0_20": 0.3, "centre_pots_sparse20": 110.0, "centre_pots_potter0_20": 0.45}
[pair_G] {"steps": 2889728, "elapsed_s": 2632.9, "coordination_ring_sparse20": 0.0, "coordination_ring_potter0_20": 0.35, "centre_pots_sparse20": 108.0, "centre_pots_potter0_20": 0.4}
[pair_G] {"steps": 2891776, "elapsed_s": 2634.7, "coordination_ring_sparse20": 0.0, "coordination_ring_potter0_20": 0.4, "centre_pots_sparse20": 105.0, "centre_pots_potter0_20": 0.3}
[pair_G] {"steps": 2893824, "elapsed_s": 2636.5, "coordination_ring_sparse20": 0.0, "coordination_ring_potter0_20": 0.45, "centre_pots_sparse20": 106.0, "centre_pots_potter0_20": 0.35}
[pair_G] {"steps": 2895872, "elapsed_s": 2637.9, "coordination_ring_sparse20": 0.0, "coordination_ring_potter0_20": 0.5, "centre_pots_sparse20": 109.0, "centre_pots_potter0_20": 0.35}
[pair_G] {"steps": 2897920, "elapsed_s": 2639.8, "coordination_ring_sparse20": 0.0, "coordination_ring_potter0_20": 0.5, "centre_pots_sparse20": 119.0, "centre_pots_potter0_20": 0.25}
[pair_G] {"steps": 2899968, "elapsed_s": 2641.7, "coordination_ring_sparse20": 0.0, "coordination_ring_potter0_20": 0.5, "centre_pots_sparse20": 121.0, "centre_pots_potter0_20": 0.3}
[pair_G] {"steps": 2902016, "elapsed_s": 2643.5, "coordination_ring_sparse20": 0.0, "coordination_ring_potter0_20": 0.5, "centre_pots_sparse20": 118.0, "centre_pots_potter0_20": 0.4}
[pair_G] {"steps": 2904064, "elapsed_s": 2645.3, "coordination_ring_sparse20": 0.0, "coordination_ring_potter0_20": 0.45, "centre_pots_sparse20": 114.0, "centre_pots_potter0_20": 0.4}
[pair_G] {"steps": 2906112, "elapsed_s": 2646.8, "coordination_ring_sparse20": 0.0, "coordination_ring_potter0_20": 0.5, "centre_pots_sparse20": 115.0, "centre_pots_potter0_20": 0.45}
[pair_G] {"steps": 2908160, "elapsed_s": 2648.6, "coordination_ring_sparse20": 0.0, "coordination_ring_potter0_20": 0.5, "centre_pots_sparse20": 118.0, "centre_pots_potter0_20": 0.5}
[pair_G] {"steps": 2910208, "elapsed_s": 2650.1, "coordination_ring_sparse20": 0.0, "coordination_ring_potter0_20": 0.45, "centre_pots_sparse20": 118.0, "centre_pots_potter0_20": 0.55}
[pair_G] {"steps": 2912256, "elapsed_s": 2651.6, "coordination_ring_sparse20": 0.0, "coordination_ring_potter0_20": 0.45, "centre_pots_sparse20": 118.0, "centre_pots_potter0_20": 0.5}
[pair_G] {"steps": 2914304, "elapsed_s": 2653.7, "coordination_ring_sparse20": 0.0, "coordination_ring_potter0_20": 0.45, "centre_pots_sparse20": 114.0, "centre_pots_potter0_20": 0.7}
[pair_G] {"steps": 2916352, "elapsed_s": 2655.2, "coordination_ring_sparse20": 0.0, "coordination_ring_potter0_20": 0.45, "centre_pots_sparse20": 117.0, "centre_pots_potter0_20": 0.75}
[pair_G] {"steps": 2918400, "elapsed_s": 2657.0, "coordination_ring_sparse20": 0.0, "coordination_ring_potter0_20": 0.35, "centre_pots_sparse20": 120.0, "centre_pots_potter0_20": 0.75}
[pair_G] {"steps": 2920448, "elapsed_s": 2658.6, "coordination_ring_sparse20": 0.0, "coordination_ring_potter0_20": 0.35, "centre_pots_sparse20": 119.0, "centre_pots_potter0_20": 0.75}
[pair_G] {"steps": 2922496, "elapsed_s": 2660.4, "coordination_ring_sparse20": 0.0, "coordination_ring_potter0_20": 0.4, "centre_pots_sparse20": 122.0, "centre_pots_potter0_20": 0.75}
[pair_G] {"steps": 2924544, "elapsed_s": 2662.4, "coordination_ring_sparse20": 0.0, "coordination_ring_potter0_20": 0.4, "centre_pots_sparse20": 126.0, "centre_pots_potter0_20": 0.8}
[pair_G] {"steps": 2926592, "elapsed_s": 2664.0, "coordination_ring_sparse20": 0.0, "coordination_ring_potter0_20": 0.5, "centre_pots_sparse20": 131.0, "centre_pots_potter0_20": 0.8}
[pair_G] {"steps": 2928640, "elapsed_s": 2665.5, "coordination_ring_sparse20": 0.0, "coordination_ring_potter0_20": 0.45, "centre_pots_sparse20": 127.0, "centre_pots_potter0_20": 0.75}
[pair_G] {"steps": 2930688, "elapsed_s": 2667.2, "coordination_ring_sparse20": 0.0, "coordination_ring_potter0_20": 0.45, "centre_pots_sparse20": 126.0, "centre_pots_potter0_20": 0.75}
[pair_G] {"steps": 2932736, "elapsed_s": 2669.1, "coordination_ring_sparse20": 0.0, "coordination_ring_potter0_20": 0.45, "centre_pots_sparse20": 129.0, "centre_pots_potter0_20": 0.75}
[pair_G] {"steps": 2934784, "elapsed_s": 2670.8, "coordination_ring_sparse20": 0.0, "coordination_ring_potter0_20": 0.4, "centre_pots_sparse20": 129.0, "centre_pots_potter0_20": 0.7}
[pair_G] {"steps": 2936832, "elapsed_s": 2672.6, "coordination_ring_sparse20": 0.0, "coordination_ring_potter0_20": 0.35, "centre_pots_sparse20": 123.0, "centre_pots_potter0_20": 0.65}
[pair_G] {"steps": 2938880, "elapsed_s": 2674.4, "coordination_ring_sparse20": 0.0, "coordination_ring_potter0_20": 0.35, "centre_pots_sparse20": 124.0, "centre_pots_potter0_20": 0.6}
[pair_G] {"steps": 2940928, "elapsed_s": 2676.0, "coordination_ring_sparse20": 0.0, "coordination_ring_potter0_20": 0.3, "centre_pots_sparse20": 125.0, "centre_pots_potter0_20": 0.6}
[pair_G] {"steps": 2942976, "elapsed_s": 2677.9, "coordination_ring_sparse20": 0.0, "coordination_ring_potter0_20": 0.25, "centre_pots_sparse20": 126.0, "centre_pots_potter0_20": 0.6}
[pair_G] {"steps": 2945024, "elapsed_s": 2679.8, "coordination_ring_sparse20": 0.0, "coordination_ring_potter0_20": 0.3, "centre_pots_sparse20": 123.0, "centre_pots_potter0_20": 0.65}
[pair_G] {"steps": 2947072, "elapsed_s": 2681.3, "coordination_ring_sparse20": 0.0, "coordination_ring_potter0_20": 0.35, "centre_pots_sparse20": 122.0, "centre_pots_potter0_20": 0.7}
[pair_G] {"steps": 2949120, "elapsed_s": 2683.0, "coordination_ring_sparse20": 0.0, "coordination_ring_potter0_20": 0.45, "centre_pots_sparse20": 121.0, "centre_pots_potter0_20": 0.65}
[pair_G] {"steps": 2951168, "elapsed_s": 2684.9, "coordination_ring_sparse20": 0.0, "coordination_ring_potter0_20": 0.55, "centre_pots_sparse20": 116.0, "centre_pots_potter0_20": 0.65}
[pair_G] {"steps": 2953216, "elapsed_s": 2686.6, "coordination_ring_sparse20": 0.0, "coordination_ring_potter0_20": 0.5, "centre_pots_sparse20": 117.0, "centre_pots_potter0_20": 0.7}
[pair_G] {"steps": 2955264, "elapsed_s": 2688.2, "coordination_ring_sparse20": 0.0, "coordination_ring_potter0_20": 0.55, "centre_pots_sparse20": 111.0, "centre_pots_potter0_20": 0.75}
[pair_G] {"steps": 2957312, "elapsed_s": 2690.0, "coordination_ring_sparse20": 0.0, "coordination_ring_potter0_20": 0.55, "centre_pots_sparse20": 105.0, "centre_pots_potter0_20": 0.75}
[pair_G] {"steps": 2959360, "elapsed_s": 2691.8, "coordination_ring_sparse20": 0.0, "coordination_ring_potter0_20": 0.5, "centre_pots_sparse20": 106.0, "centre_pots_potter0_20": 0.7}
[pair_G] {"steps": 2961408, "elapsed_s": 2693.7, "coordination_ring_sparse20": 0.0, "coordination_ring_potter0_20": 0.45, "centre_pots_sparse20": 118.0, "centre_pots_potter0_20": 0.7}
[pair_G] {"steps": 2963456, "elapsed_s": 2695.4, "coordination_ring_sparse20": 0.0, "coordination_ring_potter0_20": 0.5, "centre_pots_sparse20": 120.0, "centre_pots_potter0_20": 0.7}
[pair_G] {"steps": 2965504, "elapsed_s": 2697.1, "coordination_ring_sparse20": 0.0, "coordination_ring_potter0_20": 0.5, "centre_pots_sparse20": 122.0, "centre_pots_potter0_20": 0.75}
[pair_G] {"steps": 2967552, "elapsed_s": 2698.6, "coordination_ring_sparse20": 0.0, "coordination_ring_potter0_20": 0.45, "centre_pots_sparse20": 121.0, "centre_pots_potter0_20": 0.75}
[pair_G] {"steps": 2969600, "elapsed_s": 2700.7, "coordination_ring_sparse20": 0.0, "coordination_ring_potter0_20": 0.35, "centre_pots_sparse20": 126.0, "centre_pots_potter0_20": 0.7}
[pair_G] {"steps": 2971648, "elapsed_s": 2701.9, "coordination_ring_sparse20": 0.0, "coordination_ring_potter0_20": 0.4, "centre_pots_sparse20": 130.0, "centre_pots_potter0_20": 0.65}
[pair_G] {"steps": 2973696, "elapsed_s": 2703.8, "coordination_ring_sparse20": 0.0, "coordination_ring_potter0_20": 0.45, "centre_pots_sparse20": 127.0, "centre_pots_potter0_20": 0.65}
[pair_G] {"steps": 2975744, "elapsed_s": 2705.3, "coordination_ring_sparse20": 0.0, "coordination_ring_potter0_20": 0.45, "centre_pots_sparse20": 123.0, "centre_pots_potter0_20": 0.7}
[pair_G] {"steps": 2977792, "elapsed_s": 2707.1, "coordination_ring_sparse20": 0.0, "coordination_ring_potter0_20": 0.5, "centre_pots_sparse20": 115.0, "centre_pots_potter0_20": 0.65}
[pair_G] {"steps": 2979840, "elapsed_s": 2708.8, "coordination_ring_sparse20": 0.0, "coordination_ring_potter0_20": 0.5, "centre_pots_sparse20": 109.0, "centre_pots_potter0_20": 0.7}
[pair_G] {"steps": 2981888, "elapsed_s": 2710.5, "coordination_ring_sparse20": 0.0, "coordination_ring_potter0_20": 0.55, "centre_pots_sparse20": 102.0, "centre_pots_potter0_20": 0.65}
[pair_G] {"steps": 2983936, "elapsed_s": 2712.6, "coordination_ring_sparse20": 0.0, "coordination_ring_potter0_20": 0.55, "centre_pots_sparse20": 100.0, "centre_pots_potter0_20": 0.55}
[pair_G] {"steps": 2985984, "elapsed_s": 2714.6, "coordination_ring_sparse20": 0.0, "coordination_ring_potter0_20": 0.6, "centre_pots_sparse20": 103.0, "centre_pots_potter0_20": 0.6}
[pair_G] {"steps": 2988032, "elapsed_s": 2716.2, "coordination_ring_sparse20": 0.0, "coordination_ring_potter0_20": 0.7, "centre_pots_sparse20": 99.0, "centre_pots_potter0_20": 0.7}
[pair_G] {"steps": 2990080, "elapsed_s": 2718.1, "coordination_ring_sparse20": 0.0, "coordination_ring_potter0_20": 0.7, "centre_pots_sparse20": 102.0, "centre_pots_potter0_20": 0.75}
[pair_G] {"steps": 2992128, "elapsed_s": 2720.0, "coordination_ring_sparse20": 0.0, "coordination_ring_potter0_20": 0.65, "centre_pots_sparse20": 105.0, "centre_pots_potter0_20": 0.8}
[pair_G] {"steps": 2994176, "elapsed_s": 2721.4, "coordination_ring_sparse20": 0.0, "coordination_ring_potter0_20": 0.5, "centre_pots_sparse20": 111.0, "centre_pots_potter0_20": 0.8}
[pair_G] {"steps": 2996224, "elapsed_s": 2723.0, "coordination_ring_sparse20": 0.0, "coordination_ring_potter0_20": 0.55, "centre_pots_sparse20": 116.0, "centre_pots_potter0_20": 0.85}
[pair_G] {"steps": 2998272, "elapsed_s": 2724.8, "coordination_ring_sparse20": 0.0, "coordination_ring_potter0_20": 0.6, "centre_pots_sparse20": 115.0, "centre_pots_potter0_20": 0.9}
[pair_G] {"steps": 3000320, "elapsed_s": 2726.3, "coordination_ring_sparse20": 0.0, "coordination_ring_potter0_20": 0.5, "centre_pots_sparse20": 114.0, "centre_pots_potter0_20": 0.95}
checkpointed /home/Yixiang/MPARL/GOGOGO/outputs/overcooked_mixed_pilot.json
