Gym has been unmaintained since 2022 and does not support NumPy 2.0 amongst other critical functionality.
Please upgrade to Gymnasium, the maintained drop-in replacement of Gym, or contact the authors of your software and request that they upgrade.
Users of this version of Gym should be able to simply replace 'import gym' with 'import gymnasium as gym' in the vast majority of cases.
See the migration guide at https://gymnasium.farama.org/introduction/migration_guide/ for additional information.
[cramped_room s8801] steps 2048 sparse20 0.0 potter0 0.75 (1.5s)
[cramped_room s8801] steps 4096 sparse20 0.0 potter0 0.5555555555555556 (2.7s)
[cramped_room s8801] steps 6144 sparse20 0.0 potter0 0.5 (3.9s)
[cramped_room s8801] steps 8192 sparse20 0.0 potter0 0.47368421052631576 (5.1s)
[cramped_room s8801] steps 10240 sparse20 0.0 potter0 0.45 (6.2s)
[cramped_room s8801] steps 12288 sparse20 0.0 potter0 0.35 (7.3s)
[cramped_room s8801] steps 14336 sparse20 0.0 potter0 0.25 (8.6s)
[cramped_room s8801] steps 16384 sparse20 0.0 potter0 0.2 (9.8s)
[cramped_room s8801] steps 18432 sparse20 0.0 potter0 0.15 (10.9s)
[cramped_room s8801] steps 20480 sparse20 1.0 potter0 0.3 (12.1s)
[cramped_room s8801] steps 22528 sparse20 1.0 potter0 0.35 (13.3s)
[cramped_room s8801] steps 24576 sparse20 1.0 potter0 0.5 (14.5s)
[cramped_room s8801] steps 26624 sparse20 1.0 potter0 0.45 (15.8s)
[cramped_room s8801] steps 28672 sparse20 0.0 potter0 0.45 (17.0s)
[cramped_room s8801] steps 30720 sparse20 0.0 potter0 0.5 (18.1s)
[cramped_room s8801] steps 32768 sparse20 0.0 potter0 0.3 (19.3s)
[cramped_room s8801] steps 34816 sparse20 0.0 potter0 0.3 (20.4s)
[cramped_room s8801] steps 36864 sparse20 0.0 potter0 0.2 (21.6s)
[cramped_room s8801] steps 38912 sparse20 0.0 potter0 0.3 (23.0s)
[cramped_room s8801] steps 40960 sparse20 0.0 potter0 0.4 (24.4s)
[cramped_room s8801] steps 43008 sparse20 0.0 potter0 0.35 (25.6s)
[cramped_room s8801] steps 45056 sparse20 0.0 potter0 0.35 (26.7s)
[cramped_room s8801] steps 47104 sparse20 0.0 potter0 0.35 (27.9s)
[cramped_room s8801] steps 49152 sparse20 1.0 potter0 0.4 (29.0s)
[cramped_room s8801] steps 51200 sparse20 1.0 potter0 0.4 (30.1s)
[cramped_room s8801] steps 53248 sparse20 1.0 potter0 0.55 (31.3s)
[cramped_room s8801] steps 55296 sparse20 1.0 potter0 0.6 (32.4s)
[cramped_room s8801] steps 57344 sparse20 0.0 potter0 0.6 (33.6s)
[cramped_room s8801] steps 59392 sparse20 0.0 potter0 0.65 (34.8s)
[cramped_room s8801] steps 61440 sparse20 0.0 potter0 0.5 (36.0s)
[cramped_room s8801] steps 63488 sparse20 0.0 potter0 0.45 (37.1s)
[cramped_room s8801] steps 65536 sparse20 0.0 potter0 0.35 (38.2s)
[cramped_room s8801] steps 67584 sparse20 0.0 potter0 0.45 (39.4s)
[cramped_room s8801] steps 69632 sparse20 0.0 potter0 0.6 (40.5s)
[cramped_room s8801] steps 71680 sparse20 0.0 potter0 0.5 (41.6s)
[cramped_room s8801] steps 73728 sparse20 1.0 potter0 0.4 (42.8s)
[cramped_room s8801] steps 75776 sparse20 1.0 potter0 0.4 (43.9s)
[cramped_room s8801] steps 77824 sparse20 1.0 potter0 0.25 (45.0s)
[cramped_room s8801] steps 79872 sparse20 1.0 potter0 0.35 (46.1s)
[cramped_room s8801] steps 81920 sparse20 0.0 potter0 0.35 (47.3s)
[cramped_room s8801] steps 83968 sparse20 0.0 potter0 0.3 (48.4s)
[cramped_room s8801] steps 86016 sparse20 0.0 potter0 0.45 (49.5s)
[cramped_room s8801] steps 88064 sparse20 0.0 potter0 0.35 (50.7s)
[cramped_room s8801] steps 90112 sparse20 0.0 potter0 0.3 (51.9s)
[cramped_room s8801] steps 92160 sparse20 0.0 potter0 0.35 (53.1s)
[cramped_room s8801] steps 94208 sparse20 0.0 potter0 0.35 (54.3s)
[cramped_room s8801] steps 96256 sparse20 0.0 potter0 0.45 (55.5s)
[cramped_room s8801] steps 98304 sparse20 1.0 potter0 0.45 (56.7s)
[cramped_room s8801] steps 100352 sparse20 1.0 potter0 0.4 (57.9s)
[cramped_room s8801] steps 102400 sparse20 2.0 potter0 0.3 (59.1s)
[cramped_room s8801] steps 104448 sparse20 2.0 potter0 0.15 (60.3s)
[cramped_room s8801] steps 106496 sparse20 1.0 potter0 0.2 (61.5s)
[cramped_room s8801] steps 108544 sparse20 2.0 potter0 0.25 (62.6s)
[cramped_room s8801] steps 110592 sparse20 1.0 potter0 0.25 (63.8s)
[cramped_room s8801] steps 112640 sparse20 1.0 potter0 0.25 (65.1s)
[cramped_room s8801] steps 114688 sparse20 1.0 potter0 0.25 (66.3s)
[cramped_room s8801] steps 116736 sparse20 1.0 potter0 0.25 (67.5s)
[cramped_room s8801] steps 118784 sparse20 1.0 potter0 0.25 (68.9s)
[cramped_room s8801] steps 120832 sparse20 1.0 potter0 0.45 (70.3s)
[cramped_room s8801] steps 122880 sparse20 2.0 potter0 0.45 (71.5s)
[cramped_room s8801] steps 124928 sparse20 1.0 potter0 0.4 (72.6s)
[cramped_room s8801] steps 126976 sparse20 5.0 potter0 0.35 (74.0s)
[cramped_room s8801] steps 129024 sparse20 7.0 potter0 0.3 (75.5s)
[cramped_room s8801] steps 131072 sparse20 7.0 potter0 0.3 (76.7s)
[cramped_room s8801] steps 133120 sparse20 8.0 potter0 0.5 (77.9s)
[cramped_room s8801] steps 135168 sparse20 5.0 potter0 0.55 (79.0s)
[cramped_room s8801] steps 137216 sparse20 5.0 potter0 0.5 (80.2s)
[cramped_room s8801] steps 139264 sparse20 6.0 potter0 0.4 (81.3s)
[cramped_room s8801] steps 141312 sparse20 4.0 potter0 0.4 (82.5s)
[cramped_room s8801] steps 143360 sparse20 5.0 potter0 0.4 (83.7s)
[cramped_room s8801] steps 145408 sparse20 5.0 potter0 0.35 (84.9s)
[cramped_room s8801] steps 147456 sparse20 4.0 potter0 0.3 (86.1s)
[cramped_room s8801] steps 149504 sparse20 5.0 potter0 0.25 (87.2s)
[cramped_room s8801] steps 151552 sparse20 5.0 potter0 0.25 (88.4s)
[cramped_room s8801] steps 153600 sparse20 7.0 potter0 0.2 (89.5s)
[cramped_room s8801] steps 155648 sparse20 9.0 potter0 0.3 (90.7s)
[cramped_room s8801] steps 157696 sparse20 9.0 potter0 0.3 (91.9s)
[cramped_room s8801] steps 159744 sparse20 10.0 potter0 0.3 (93.1s)
[cramped_room s8801] steps 161792 sparse20 10.0 potter0 0.35 (94.5s)
[cramped_room s8801] steps 163840 sparse20 12.0 potter0 0.25 (95.9s)
[cramped_room s8801] steps 165888 sparse20 15.0 potter0 0.3 (97.1s)
[cramped_room s8801] steps 167936 sparse20 15.0 potter0 0.25 (98.3s)
[cramped_room s8801] steps 169984 sparse20 15.0 potter0 0.25 (99.5s)
[cramped_room s8801] steps 172032 sparse20 11.0 potter0 0.25 (100.7s)
[cramped_room s8801] steps 174080 sparse20 12.0 potter0 0.25 (101.9s)
[cramped_room s8801] steps 176128 sparse20 12.0 potter0 0.45 (103.1s)
[cramped_room s8801] steps 178176 sparse20 11.0 potter0 0.5 (104.3s)
[cramped_room s8801] steps 180224 sparse20 9.0 potter0 0.6 (105.4s)
[cramped_room s8801] steps 182272 sparse20 8.0 potter0 0.6 (106.6s)
[cramped_room s8801] steps 184320 sparse20 7.0 potter0 0.5 (107.7s)
[cramped_room s8801] steps 186368 sparse20 7.0 potter0 0.65 (108.8s)
[cramped_room s8801] steps 188416 sparse20 9.0 potter0 0.6 (110.0s)
[cramped_room s8801] steps 190464 sparse20 9.0 potter0 0.7 (111.1s)
[cramped_room s8801] steps 192512 sparse20 8.0 potter0 0.65 (112.2s)
[cramped_room s8801] steps 194560 sparse20 11.0 potter0 0.45 (113.3s)
[cramped_room s8801] steps 196608 sparse20 12.0 potter0 0.45 (114.4s)
[cramped_room s8801] steps 198656 sparse20 14.0 potter0 0.25 (115.6s)
[cramped_room s8801] steps 200704 sparse20 15.0 potter0 0.15 (116.7s)
[cramped_room s8801] steps 202752 sparse20 11.0 potter0 0.3 (117.9s)
[cramped_room s8801] steps 204800 sparse20 9.0 potter0 0.25 (119.1s)
[cramped_room s8801] steps 206848 sparse20 9.0 potter0 0.4 (120.3s)
[cramped_room s8801] steps 208896 sparse20 8.0 potter0 0.35 (121.5s)
[cramped_room s8801] steps 210944 sparse20 8.0 potter0 0.35 (122.7s)
[cramped_room s8801] steps 212992 sparse20 10.0 potter0 0.35 (123.8s)
[cramped_room s8801] steps 215040 sparse20 6.0 potter0 0.25 (125.0s)
[cramped_room s8801] steps 217088 sparse20 6.0 potter0 0.4 (126.2s)
[cramped_room s8801] steps 219136 sparse20 6.0 potter0 0.3 (127.5s)
[cramped_room s8801] steps 221184 sparse20 5.0 potter0 0.4 (128.6s)
[cramped_room s8801] steps 223232 sparse20 6.0 potter0 0.4 (129.8s)
[cramped_room s8801] steps 225280 sparse20 6.0 potter0 0.25 (131.0s)
[cramped_room s8801] steps 227328 sparse20 4.0 potter0 0.3 (132.2s)
[cramped_room s8801] steps 229376 sparse20 3.0 potter0 0.35 (133.4s)
[cramped_room s8801] steps 231424 sparse20 8.0 potter0 0.35 (134.6s)
[cramped_room s8801] steps 233472 sparse20 11.0 potter0 0.45 (135.7s)
[cramped_room s8801] steps 235520 sparse20 11.0 potter0 0.55 (137.0s)
[cramped_room s8801] steps 237568 sparse20 13.0 potter0 0.65 (138.2s)
[cramped_room s8801] steps 239616 sparse20 11.0 potter0 0.65 (139.4s)
[cramped_room s8801] steps 241664 sparse20 8.0 potter0 0.65 (140.6s)
[cramped_room s8801] steps 243712 sparse20 12.0 potter0 0.55 (141.7s)
[cramped_room s8801] steps 245760 sparse20 9.0 potter0 0.45 (142.9s)
[cramped_room s8801] steps 247808 sparse20 7.0 potter0 0.55 (144.1s)
[cramped_room s8801] steps 249856 sparse20 11.0 potter0 0.45 (145.3s)
[cramped_room s8801] steps 251904 sparse20 10.0 potter0 0.5 (146.6s)
[cramped_room s8801] steps 253952 sparse20 12.0 potter0 0.5 (148.0s)
[cramped_room s8801] steps 256000 sparse20 11.0 potter0 0.3 (149.5s)
[cramped_room s8801] steps 258048 sparse20 11.0 potter0 0.35 (150.6s)
[cramped_room s8801] steps 260096 sparse20 12.0 potter0 0.3 (151.8s)
[cramped_room s8801] steps 262144 sparse20 14.0 potter0 0.3 (152.9s)
[cramped_room s8801] steps 264192 sparse20 15.0 potter0 0.3 (154.1s)
[cramped_room s8801] steps 266240 sparse20 15.0 potter0 0.4 (155.2s)
[cramped_room s8801] steps 268288 sparse20 16.0 potter0 0.4 (156.4s)
[cramped_room s8801] steps 270336 sparse20 16.0 potter0 0.35 (157.5s)
[cramped_room s8801] steps 272384 sparse20 17.0 potter0 0.35 (158.8s)
[cramped_room s8801] steps 274432 sparse20 20.0 potter0 0.3 (159.9s)
[cramped_room s8801] steps 276480 sparse20 21.0 potter0 0.3 (161.1s)
[cramped_room s8801] steps 278528 sparse20 28.0 potter0 0.35 (162.2s)
[cramped_room s8801] steps 280576 sparse20 30.0 potter0 0.4 (163.4s)
[cramped_room s8801] steps 282624 sparse20 31.0 potter0 0.35 (164.5s)
[cramped_room s8801] steps 284672 sparse20 29.0 potter0 0.3 (165.6s)
[cramped_room s8801] steps 286720 sparse20 27.0 potter0 0.3 (166.8s)
[cramped_room s8801] steps 288768 sparse20 30.0 potter0 0.35 (167.9s)
[cramped_room s8801] steps 290816 sparse20 30.0 potter0 0.35 (169.1s)
[cramped_room s8801] steps 292864 sparse20 30.0 potter0 0.4 (170.2s)
[cramped_room s8801] steps 294912 sparse20 28.0 potter0 0.45 (171.4s)
[cramped_room s8801] steps 296960 sparse20 25.0 potter0 0.45 (172.5s)
[cramped_room s8801] steps 299008 sparse20 25.0 potter0 0.4 (173.7s)
[cramped_room s8801] steps 301056 sparse20 22.0 potter0 0.35 (174.8s)
[cramped_room s8801] steps 303104 sparse20 23.0 potter0 0.35 (176.1s)
[cramped_room s8801] steps 305152 sparse20 26.0 potter0 0.45 (177.5s)
[cramped_room s8801] steps 307200 sparse20 27.0 potter0 0.55 (178.9s)
[cramped_room s8801] steps 309248 sparse20 33.0 potter0 0.45 (180.1s)
[cramped_room s8801] steps 311296 sparse20 33.0 potter0 0.5 (181.2s)
[cramped_room s8801] steps 313344 sparse20 33.0 potter0 0.45 (182.4s)
[cramped_room s8801] steps 315392 sparse20 30.0 potter0 0.5 (183.5s)
[cramped_room s8801] steps 317440 sparse20 29.0 potter0 0.55 (184.7s)
[cramped_room s8801] steps 319488 sparse20 30.0 potter0 0.6 (185.9s)
[cramped_room s8801] steps 321536 sparse20 30.0 potter0 0.5 (187.1s)
[cramped_room s8801] steps 323584 sparse20 36.0 potter0 0.4 (188.2s)
[cramped_room s8801] steps 325632 sparse20 38.0 potter0 0.4 (189.4s)
[cramped_room s8801] steps 327680 sparse20 39.0 potter0 0.4 (190.6s)
[cramped_room s8801] steps 329728 sparse20 35.0 potter0 0.4 (191.7s)
[cramped_room s8801] steps 331776 sparse20 30.0 potter0 0.5 (192.9s)
[cramped_room s8801] steps 333824 sparse20 27.0 potter0 0.55 (194.0s)
[cramped_room s8801] steps 335872 sparse20 26.0 potter0 0.45 (195.2s)
[cramped_room s8801] steps 337920 sparse20 26.0 potter0 0.45 (196.3s)
[cramped_room s8801] steps 339968 sparse20 29.0 potter0 0.45 (197.5s)
[cramped_room s8801] steps 342016 sparse20 34.0 potter0 0.55 (198.6s)
[cramped_room s8801] steps 344064 sparse20 37.0 potter0 0.6 (199.8s)
[cramped_room s8801] steps 346112 sparse20 45.0 potter0 0.5 (200.9s)
[cramped_room s8801] steps 348160 sparse20 45.0 potter0 0.45 (202.1s)
[cramped_room s8801] steps 350208 sparse20 45.0 potter0 0.35 (203.2s)
[cramped_room s8801] steps 352256 sparse20 44.0 potter0 0.35 (204.4s)
[cramped_room s8801] steps 354304 sparse20 41.0 potter0 0.4 (205.7s)
[cramped_room s8801] steps 356352 sparse20 40.0 potter0 0.45 (206.8s)
[cramped_room s8801] steps 358400 sparse20 42.0 potter0 0.4 (208.0s)
[cramped_room s8801] steps 360448 sparse20 41.0 potter0 0.3 (209.1s)
[cramped_room s8801] steps 362496 sparse20 44.0 potter0 0.3 (210.3s)
[cramped_room s8801] steps 364544 sparse20 45.0 potter0 0.3 (211.4s)
[cramped_room s8801] steps 366592 sparse20 46.0 potter0 0.3 (212.6s)
[cramped_room s8801] steps 368640 sparse20 45.0 potter0 0.4 (213.7s)
[cramped_room s8801] steps 370688 sparse20 40.0 potter0 0.35 (215.2s)
[cramped_room s8801] steps 372736 sparse20 37.0 potter0 0.35 (216.7s)
[cramped_room s8801] steps 374784 sparse20 31.0 potter0 0.4 (217.9s)
[cramped_room s8801] steps 376832 sparse20 30.0 potter0 0.4 (219.2s)
[cramped_room s8801] steps 378880 sparse20 34.0 potter0 0.5 (220.4s)
[cramped_room s8801] steps 380928 sparse20 34.0 potter0 0.5 (221.6s)
[cramped_room s8801] steps 382976 sparse20 43.0 potter0 0.45 (222.8s)
[cramped_room s8801] steps 385024 sparse20 47.0 potter0 0.4 (224.0s)
[cramped_room s8801] steps 387072 sparse20 45.0 potter0 0.35 (225.2s)
[cramped_room s8801] steps 389120 sparse20 54.0 potter0 0.3 (226.4s)
[cramped_room s8801] steps 391168 sparse20 49.0 potter0 0.45 (227.6s)
[cramped_room s8801] steps 393216 sparse20 52.0 potter0 0.4 (228.8s)
[cramped_room s8801] steps 395264 sparse20 54.0 potter0 0.45 (230.0s)
[cramped_room s8801] steps 397312 sparse20 53.0 potter0 0.4 (231.2s)
[cramped_room s8801] steps 399360 sparse20 58.0 potter0 0.3 (232.4s)
[cramped_room s8801] steps 401408 sparse20 58.0 potter0 0.35 (233.5s)
[cramped_room s8801] steps 403456 sparse20 57.0 potter0 0.35 (234.7s)
[cramped_room s8801] steps 405504 sparse20 51.0 potter0 0.4 (235.8s)
[cramped_room s8801] steps 407552 sparse20 49.0 potter0 0.35 (236.9s)
[cramped_room s8801] steps 409600 sparse20 51.0 potter0 0.4 (238.0s)
[cramped_room s8801] steps 411648 sparse20 53.0 potter0 0.45 (239.2s)
[cramped_room s8801] steps 413696 sparse20 53.0 potter0 0.4 (240.3s)
[cramped_room s8801] steps 415744 sparse20 56.0 potter0 0.45 (241.4s)
[cramped_room s8801] steps 417792 sparse20 54.0 potter0 0.5 (242.6s)
[cramped_room s8801] steps 419840 sparse20 54.0 potter0 0.45 (243.7s)
[cramped_room s8801] steps 421888 sparse20 56.0 potter0 0.45 (244.8s)
[cramped_room s8801] steps 423936 sparse20 56.0 potter0 0.4 (246.0s)
[cramped_room s8801] steps 425984 sparse20 54.0 potter0 0.3 (247.1s)
[cramped_room s8801] steps 428032 sparse20 58.0 potter0 0.4 (248.2s)
[cramped_room s8801] steps 430080 sparse20 53.0 potter0 0.45 (249.4s)
[cramped_room s8801] steps 432128 sparse20 50.0 potter0 0.35 (250.6s)
[cramped_room s8801] steps 434176 sparse20 47.0 potter0 0.4 (251.7s)
[cramped_room s8801] steps 436224 sparse20 48.0 potter0 0.4 (252.8s)
[cramped_room s8801] steps 438272 sparse20 54.0 potter0 0.35 (254.0s)
[cramped_room s8801] steps 440320 sparse20 52.0 potter0 0.4 (255.1s)
[cramped_room s8801] steps 442368 sparse20 53.0 potter0 0.4 (256.3s)
[cramped_room s8801] steps 444416 sparse20 49.0 potter0 0.4 (257.4s)
[cramped_room s8801] steps 446464 sparse20 50.0 potter0 0.4 (258.7s)
[cramped_room s8801] steps 448512 sparse20 56.0 potter0 0.45 (259.9s)
[cramped_room s8801] steps 450560 sparse20 55.0 potter0 0.4 (261.2s)
[cramped_room s8801] steps 452608 sparse20 58.0 potter0 0.45 (262.6s)
[cramped_room s8801] steps 454656 sparse20 54.0 potter0 0.45 (263.8s)
[cramped_room s8801] steps 456704 sparse20 53.0 potter0 0.55 (265.0s)
[cramped_room s8801] steps 458752 sparse20 53.0 potter0 0.55 (266.1s)
[cramped_room s8801] steps 460800 sparse20 51.0 potter0 0.5 (267.3s)
[cramped_room s8801] steps 462848 sparse20 48.0 potter0 0.45 (268.4s)
[cramped_room s8801] steps 464896 sparse20 56.0 potter0 0.5 (269.6s)
[cramped_room s8801] steps 466944 sparse20 56.0 potter0 0.5 (270.7s)
[cramped_room s8801] steps 468992 sparse20 55.0 potter0 0.45 (271.9s)
[cramped_room s8801] steps 471040 sparse20 61.0 potter0 0.4 (273.0s)
[cramped_room s8801] steps 473088 sparse20 53.0 potter0 0.25 (274.5s)
[cramped_room s8801] steps 475136 sparse20 55.0 potter0 0.3 (276.0s)
[cramped_room s8801] steps 477184 sparse20 63.0 potter0 0.45 (277.3s)
[cramped_room s8801] steps 479232 sparse20 60.0 potter0 0.5 (278.4s)
[cramped_room s8801] steps 481280 sparse20 61.0 potter0 0.45 (279.5s)
[cramped_room s8801] steps 483328 sparse20 65.0 potter0 0.45 (280.7s)
[cramped_room s8801] steps 485376 sparse20 61.0 potter0 0.4 (282.0s)
[cramped_room s8801] steps 487424 sparse20 62.0 potter0 0.4 (283.2s)
[cramped_room s8801] steps 489472 sparse20 69.0 potter0 0.45 (284.4s)
[cramped_room s8801] steps 491520 sparse20 71.0 potter0 0.35 (285.7s)
[cramped_room s8801] steps 493568 sparse20 73.0 potter0 0.25 (286.8s)
[cramped_room s8801] steps 495616 sparse20 74.0 potter0 0.2 (288.0s)
[cramped_room s8801] steps 497664 sparse20 68.0 potter0 0.25 (289.2s)
[cramped_room s8801] steps 499712 sparse20 60.0 potter0 0.25 (290.4s)
[cramped_room s8801] steps 501760 sparse20 58.0 potter0 0.35 (291.7s)
[cramped_room s8801] steps 503808 sparse20 53.0 potter0 0.3 (292.8s)
[cramped_room s8801] steps 505856 sparse20 61.0 potter0 0.35 (294.0s)
[cramped_room s8801] steps 507904 sparse20 67.0 potter0 0.6 (295.2s)
[cramped_room s8801] steps 509952 sparse20 71.0 potter0 0.55 (296.4s)
[cramped_room s8801] steps 512000 sparse20 68.0 potter0 0.65 (297.6s)
[cramped_room s8801] steps 514048 sparse20 62.0 potter0 0.65 (298.8s)
[cramped_room s8801] steps 516096 sparse20 57.0 potter0 0.65 (300.0s)
[cramped_room s8801] steps 518144 sparse20 55.0 potter0 0.55 (301.2s)
[cramped_room s8801] steps 520192 sparse20 54.0 potter0 0.5 (302.4s)
[cramped_room s8801] steps 522240 sparse20 58.0 potter0 0.4 (303.8s)
[cramped_room s8801] steps 524288 sparse20 58.0 potter0 0.3 (305.3s)
[cramped_room s8801] steps 526336 sparse20 54.0 potter0 0.4 (306.5s)
[cramped_room s8801] steps 528384 sparse20 60.0 potter0 0.5 (307.7s)
[cramped_room s8801] steps 530432 sparse20 58.0 potter0 0.5 (308.8s)
[cramped_room s8801] steps 532480 sparse20 58.0 potter0 0.6 (310.0s)
[cramped_room s8801] steps 534528 sparse20 59.0 potter0 0.6 (311.2s)
[cramped_room s8801] steps 536576 sparse20 57.0 potter0 0.55 (312.3s)
[cramped_room s8801] steps 538624 sparse20 59.0 potter0 0.5 (313.6s)
[cramped_room s8801] steps 540672 sparse20 64.0 potter0 0.4 (314.7s)
[cramped_room s8801] steps 542720 sparse20 67.0 potter0 0.3 (315.9s)
[cramped_room s8801] steps 544768 sparse20 64.0 potter0 0.3 (317.4s)
[cramped_room s8801] steps 546816 sparse20 66.0 potter0 0.45 (318.8s)
[cramped_room s8801] steps 548864 sparse20 68.0 potter0 0.4 (320.0s)
[cramped_room s8801] steps 550912 sparse20 65.0 potter0 0.45 (321.1s)
[cramped_room s8801] steps 552960 sparse20 69.0 potter0 0.45 (322.3s)
[cramped_room s8801] steps 555008 sparse20 65.0 potter0 0.45 (323.5s)
[cramped_room s8801] steps 557056 sparse20 63.0 potter0 0.55 (324.9s)
[cramped_room s8801] steps 559104 sparse20 68.0 potter0 0.5 (326.4s)
[cramped_room s8801] steps 561152 sparse20 66.0 potter0 0.4 (327.6s)
[cramped_room s8801] steps 563200 sparse20 76.0 potter0 0.4 (328.7s)
[cramped_room s8801] steps 565248 sparse20 73.0 potter0 0.35 (329.9s)
[cramped_room s8801] steps 567296 sparse20 67.0 potter0 0.45 (331.0s)
[cramped_room s8801] steps 569344 sparse20 65.0 potter0 0.45 (332.2s)
[cramped_room s8801] steps 571392 sparse20 60.0 potter0 0.45 (333.3s)
[cramped_room s8801] steps 573440 sparse20 58.0 potter0 0.55 (334.5s)
[cramped_room s8801] steps 575488 sparse20 64.0 potter0 0.5 (335.6s)
[cramped_room s8801] steps 577536 sparse20 66.0 potter0 0.55 (336.7s)
[cramped_room s8801] steps 579584 sparse20 66.0 potter0 0.5 (337.9s)
[cramped_room s8801] steps 581632 sparse20 76.0 potter0 0.5 (339.4s)
[cramped_room s8801] steps 583680 sparse20 79.0 potter0 0.6 (340.8s)
[cramped_room s8801] steps 585728 sparse20 80.0 potter0 0.6 (341.9s)
[cramped_room s8801] steps 587776 sparse20 83.0 potter0 0.5 (343.1s)
[cramped_room s8801] steps 589824 sparse20 79.0 potter0 0.45 (344.2s)
[cramped_room s8801] steps 591872 sparse20 77.0 potter0 0.45 (345.5s)
[cramped_room s8801] steps 593920 sparse20 79.0 potter0 0.35 (346.6s)
[cramped_room s8801] steps 595968 sparse20 78.0 potter0 0.4 (347.8s)
[cramped_room s8801] steps 598016 sparse20 77.0 potter0 0.45 (348.9s)
[cramped_room s8801] steps 600064 sparse20 82.0 potter0 0.4 (350.1s)
[cramped_room s8801] steps 602112 sparse20 78.0 potter0 0.4 (351.2s)
[cramped_room s8801] steps 604160 sparse20 80.0 potter0 0.45 (352.3s)
[cramped_room s8801] steps 606208 sparse20 82.0 potter0 0.45 (353.5s)
[cramped_room s8801] steps 608256 sparse20 80.0 potter0 0.45 (354.6s)
[cramped_room s8801] steps 610304 sparse20 81.0 potter0 0.4 (355.8s)
[cramped_room s8801] steps 612352 sparse20 80.0 potter0 0.35 (356.9s)
[cramped_room s8801] steps 614400 sparse20 76.0 potter0 0.3 (358.0s)
[cramped_room s8801] steps 616448 sparse20 78.0 potter0 0.25 (359.2s)
[cramped_room s8801] steps 618496 sparse20 79.0 potter0 0.35 (360.3s)
[cramped_room s8801] steps 620544 sparse20 76.0 potter0 0.25 (361.5s)
[cramped_room s8801] steps 622592 sparse20 78.0 potter0 0.35 (362.6s)
[cramped_room s8801] steps 624640 sparse20 78.0 potter0 0.5 (363.8s)
[cramped_room s8801] steps 626688 sparse20 84.0 potter0 0.45 (364.9s)
[cramped_room s8801] steps 628736 sparse20 86.0 potter0 0.45 (366.0s)
[cramped_room s8801] steps 630784 sparse20 87.0 potter0 0.35 (367.2s)
[cramped_room s8801] steps 632832 sparse20 84.0 potter0 0.25 (368.3s)
[cramped_room s8801] steps 634880 sparse20 75.0 potter0 0.25 (369.5s)
[cramped_room s8801] steps 636928 sparse20 66.0 potter0 0.35 (370.6s)
[cramped_room s8801] steps 638976 sparse20 64.0 potter0 0.35 (371.8s)
[cramped_room s8801] steps 641024 sparse20 62.0 potter0 0.35 (373.3s)
[cramped_room s8801] steps 643072 sparse20 64.0 potter0 0.45 (374.7s)
[cramped_room s8801] steps 645120 sparse20 59.0 potter0 0.35 (376.0s)
[cramped_room s8801] steps 647168 sparse20 56.0 potter0 0.4 (377.2s)
[cramped_room s8801] steps 649216 sparse20 59.0 potter0 0.35 (378.3s)
[cramped_room s8801] steps 651264 sparse20 57.0 potter0 0.3 (379.5s)
[cramped_room s8801] steps 653312 sparse20 63.0 potter0 0.4 (380.6s)
[cramped_room s8801] steps 655360 sparse20 71.0 potter0 0.5 (381.7s)
[cramped_room s8801] steps 657408 sparse20 75.0 potter0 0.6 (382.9s)
[cramped_room s8801] steps 659456 sparse20 83.0 potter0 0.75 (384.0s)
[cramped_room s8801] steps 661504 sparse20 89.0 potter0 0.65 (385.1s)
[cramped_room s8801] steps 663552 sparse20 86.0 potter0 0.6 (386.3s)
[cramped_room s8801] steps 665600 sparse20 83.0 potter0 0.45 (387.4s)
[cramped_room s8801] steps 667648 sparse20 81.0 potter0 0.45 (388.5s)
[cramped_room s8801] steps 669696 sparse20 77.0 potter0 0.6 (389.6s)
[cramped_room s8801] steps 671744 sparse20 74.0 potter0 0.6 (390.8s)
[cramped_room s8801] steps 673792 sparse20 74.0 potter0 0.6 (391.9s)
[cramped_room s8801] steps 675840 sparse20 77.0 potter0 0.5 (393.0s)
[cramped_room s8801] steps 677888 sparse20 86.0 potter0 0.4 (394.2s)
[cramped_room s8801] steps 679936 sparse20 91.0 potter0 0.45 (395.3s)
[cramped_room s8801] steps 681984 sparse20 90.0 potter0 0.45 (396.4s)
[cramped_room s8801] steps 684032 sparse20 84.0 potter0 0.45 (397.6s)
[cramped_room s8801] steps 686080 sparse20 73.0 potter0 0.35 (398.7s)
[cramped_room s8801] steps 688128 sparse20 69.0 potter0 0.35 (399.8s)
[cramped_room s8801] steps 690176 sparse20 71.0 potter0 0.4 (400.9s)
[cramped_room s8801] steps 692224 sparse20 79.0 potter0 0.4 (402.1s)
[cramped_room s8801] steps 694272 sparse20 84.0 potter0 0.55 (403.2s)
[cramped_room s8801] steps 696320 sparse20 88.0 potter0 0.55 (404.3s)
[cramped_room s8801] steps 698368 sparse20 89.0 potter0 0.5 (405.5s)
[cramped_room s8801] steps 700416 sparse20 87.0 potter0 0.5 (406.7s)
[cramped_room s8801] steps 702464 sparse20 84.0 potter0 0.35 (407.8s)
[cramped_room s8801] steps 704512 sparse20 77.0 potter0 0.4 (408.9s)
[cramped_room s8801] steps 706560 sparse20 72.0 potter0 0.45 (410.1s)
[cramped_room s8801] steps 708608 sparse20 76.0 potter0 0.3 (411.2s)
[cramped_room s8801] steps 710656 sparse20 72.0 potter0 0.3 (412.3s)
[cramped_room s8801] steps 712704 sparse20 71.0 potter0 0.25 (413.4s)
[cramped_room s8801] steps 714752 sparse20 72.0 potter0 0.35 (414.6s)
[cramped_room s8801] steps 716800 sparse20 75.0 potter0 0.5 (415.7s)
[cramped_room s8801] steps 718848 sparse20 75.0 potter0 0.4 (416.8s)
[cramped_room s8801] steps 720896 sparse20 76.0 potter0 0.35 (417.9s)
[cramped_room s8801] steps 722944 sparse20 74.0 potter0 0.3 (419.1s)
[cramped_room s8801] steps 724992 sparse20 74.0 potter0 0.25 (420.2s)
[cramped_room s8801] steps 727040 sparse20 77.0 potter0 0.4 (421.3s)
[cramped_room s8801] steps 729088 sparse20 80.0 potter0 0.55 (422.4s)
[cramped_room s8801] steps 731136 sparse20 83.0 potter0 0.7 (423.6s)
[cramped_room s8801] steps 733184 sparse20 82.0 potter0 0.75 (424.7s)
[cramped_room s8801] steps 735232 sparse20 89.0 potter0 0.6 (425.9s)
[cramped_room s8801] steps 737280 sparse20 83.0 potter0 0.5 (427.0s)
[cramped_room s8801] steps 739328 sparse20 84.0 potter0 0.35 (428.1s)
[cramped_room s8801] steps 741376 sparse20 80.0 potter0 0.35 (429.3s)
[cramped_room s8801] steps 743424 sparse20 80.0 potter0 0.55 (430.4s)
[cramped_room s8801] steps 745472 sparse20 81.0 potter0 0.6 (431.5s)
[cramped_room s8801] steps 747520 sparse20 80.0 potter0 0.65 (432.7s)
[cramped_room s8801] steps 749568 sparse20 81.0 potter0 0.65 (433.8s)
[cramped_room s8801] steps 751616 sparse20 77.0 potter0 0.65 (435.1s)
[cramped_room s8801] steps 753664 sparse20 77.0 potter0 0.6 (436.2s)
[cramped_room s8801] steps 755712 sparse20 79.0 potter0 0.7 (437.4s)
[cramped_room s8801] steps 757760 sparse20 77.0 potter0 0.8 (438.5s)
[cramped_room s8801] steps 759808 sparse20 75.0 potter0 0.65 (439.7s)
[cramped_room s8801] steps 761856 sparse20 73.0 potter0 0.6 (440.8s)
[cramped_room s8801] steps 763904 sparse20 73.0 potter0 0.6 (442.0s)
[cramped_room s8801] steps 765952 sparse20 80.0 potter0 0.55 (443.1s)
[cramped_room s8801] steps 768000 sparse20 83.0 potter0 0.65 (444.3s)
[cramped_room s8801] steps 770048 sparse20 88.0 potter0 0.6 (445.5s)
[cramped_room s8801] steps 772096 sparse20 90.0 potter0 0.4 (446.6s)
[cramped_room s8801] steps 774144 sparse20 80.0 potter0 0.3 (447.8s)
[cramped_room s8801] steps 776192 sparse20 78.0 potter0 0.4 (449.2s)
[cramped_room s8801] steps 778240 sparse20 77.0 potter0 0.4 (450.7s)
[cramped_room s8801] steps 780288 sparse20 76.0 potter0 0.55 (451.8s)
[cramped_room s8801] steps 782336 sparse20 85.0 potter0 0.7 (453.0s)
[cramped_room s8801] steps 784384 sparse20 80.0 potter0 0.7 (454.1s)
[cramped_room s8801] steps 786432 sparse20 78.0 potter0 0.65 (455.3s)
[cramped_room s8801] steps 788480 sparse20 78.0 potter0 0.55 (456.4s)
[cramped_room s8801] steps 790528 sparse20 70.0 potter0 0.45 (457.5s)
[cramped_room s8801] steps 792576 sparse20 73.0 potter0 0.4 (458.7s)
[cramped_room s8801] steps 794624 sparse20 70.0 potter0 0.5 (459.8s)
[cramped_room s8801] steps 796672 sparse20 69.0 potter0 0.55 (461.0s)
[cramped_room s8801] steps 798720 sparse20 73.0 potter0 0.6 (462.1s)
[cramped_room s8801] steps 800768 sparse20 66.0 potter0 0.55 (463.3s)
[cramped_room s8801] steps 802816 sparse20 69.0 potter0 0.55 (464.4s)
[cramped_room s8801] steps 804864 sparse20 74.0 potter0 0.5 (465.6s)
[cramped_room s8801] steps 806912 sparse20 81.0 potter0 0.45 (466.8s)
[cramped_room s8801] steps 808960 sparse20 86.0 potter0 0.5 (467.9s)
[cramped_room s8801] steps 811008 sparse20 90.0 potter0 0.5 (469.1s)
[cramped_room s8801] steps 813056 sparse20 90.0 potter0 0.5 (470.6s)
[cramped_room s8801] steps 815104 sparse20 88.0 potter0 0.5 (472.0s)
[cramped_room s8801] steps 817152 sparse20 82.0 potter0 0.55 (473.1s)
[cramped_room s8801] steps 819200 sparse20 82.0 potter0 0.65 (474.3s)
[cramped_room s8801] steps 821248 sparse20 81.0 potter0 0.55 (475.4s)
[cramped_room s8801] steps 823296 sparse20 82.0 potter0 0.65 (476.6s)
[cramped_room s8801] steps 825344 sparse20 88.0 potter0 0.65 (477.7s)
[cramped_room s8801] steps 827392 sparse20 92.0 potter0 0.55 (478.9s)
[cramped_room s8801] steps 829440 sparse20 87.0 potter0 0.65 (480.0s)
[cramped_room s8801] steps 831488 sparse20 87.0 potter0 0.6 (481.1s)
[cramped_room s8801] steps 833536 sparse20 81.0 potter0 0.5 (482.3s)
[cramped_room s8801] steps 835584 sparse20 83.0 potter0 0.45 (483.4s)
[cramped_room s8801] steps 837632 sparse20 83.0 potter0 0.35 (484.6s)
[cramped_room s8801] steps 839680 sparse20 86.0 potter0 0.4 (485.7s)
[cramped_room s8801] steps 841728 sparse20 82.0 potter0 0.5 (487.1s)
[cramped_room s8801] steps 843776 sparse20 76.0 potter0 0.6 (488.7s)
[cramped_room s8801] steps 845824 sparse20 79.0 potter0 0.65 (490.1s)
[cramped_room s8801] steps 847872 sparse20 84.0 potter0 0.65 (491.7s)
[cramped_room s8801] steps 849920 sparse20 90.0 potter0 0.6 (492.9s)
[cramped_room s8801] steps 851968 sparse20 94.0 potter0 0.6 (494.2s)
[cramped_room s8801] steps 854016 sparse20 98.0 potter0 0.5 (495.5s)
[cramped_room s8801] steps 856064 sparse20 98.0 potter0 0.6 (496.6s)
[cramped_room s8801] steps 858112 sparse20 98.0 potter0 0.55 (498.0s)
[cramped_room s8801] steps 860160 sparse20 97.0 potter0 0.65 (499.2s)
[cramped_room s8801] steps 862208 sparse20 98.0 potter0 0.75 (500.5s)
[cramped_room s8801] steps 864256 sparse20 91.0 potter0 0.7 (501.7s)
[cramped_room s8801] steps 866304 sparse20 91.0 potter0 0.8 (502.9s)
[cramped_room s8801] steps 868352 sparse20 92.0 potter0 0.75 (504.1s)
[cramped_room s8801] steps 870400 sparse20 87.0 potter0 0.6 (505.4s)
[cramped_room s8801] steps 872448 sparse20 91.0 potter0 0.55 (506.6s)
[cramped_room s8801] steps 874496 sparse20 97.0 potter0 0.5 (507.9s)
[cramped_room s8801] steps 876544 sparse20 93.0 potter0 0.55 (509.0s)
[cramped_room s8801] steps 878592 sparse20 95.0 potter0 0.6 (510.3s)
[cramped_room s8801] steps 880640 sparse20 94.0 potter0 0.6 (511.5s)
[cramped_room s8801] steps 882688 sparse20 86.0 potter0 0.65 (512.8s)
[cramped_room s8801] steps 884736 sparse20 89.0 potter0 0.7 (514.0s)
[cramped_room s8801] steps 886784 sparse20 90.0 potter0 0.75 (515.2s)
[cramped_room s8801] steps 888832 sparse20 93.0 potter0 0.85 (516.4s)
[cramped_room s8801] steps 890880 sparse20 94.0 potter0 0.7 (517.7s)
[cramped_room s8801] steps 892928 sparse20 93.0 potter0 0.8 (519.1s)
[cramped_room s8801] steps 894976 sparse20 88.0 potter0 0.7 (520.5s)
[cramped_room s8801] steps 897024 sparse20 91.0 potter0 0.7 (521.8s)
[cramped_room s8801] steps 899072 sparse20 88.0 potter0 0.7 (522.9s)
[cramped_room s8801] steps 901120 sparse20 83.0 potter0 0.65 (524.1s)
[cramped_room s8801] steps 903168 sparse20 90.0 potter0 0.65 (525.2s)
[cramped_room s8801] steps 905216 sparse20 86.0 potter0 0.6 (526.3s)
[cramped_room s8801] steps 907264 sparse20 86.0 potter0 0.6 (527.5s)
[cramped_room s8801] steps 909312 sparse20 88.0 potter0 0.7 (528.6s)
[cramped_room s8801] steps 911360 sparse20 83.0 potter0 0.65 (529.8s)
[cramped_room s8801] steps 913408 sparse20 85.0 potter0 0.8 (530.9s)
[cramped_room s8801] steps 915456 sparse20 91.0 potter0 0.75 (532.1s)
[cramped_room s8801] steps 917504 sparse20 93.0 potter0 0.65 (533.2s)
[cramped_room s8801] steps 919552 sparse20 93.0 potter0 0.5 (534.3s)
[cramped_room s8801] steps 921600 sparse20 96.0 potter0 0.35 (535.4s)
[cramped_room s8801] steps 923648 sparse20 90.0 potter0 0.45 (536.5s)
[cramped_room s8801] steps 925696 sparse20 91.0 potter0 0.35 (537.7s)
[cramped_room s8801] steps 927744 sparse20 94.0 potter0 0.45 (538.8s)
[cramped_room s8801] steps 929792 sparse20 91.0 potter0 0.5 (539.9s)
[cramped_room s8801] steps 931840 sparse20 99.0 potter0 0.5 (541.0s)
[cramped_room s8801] steps 933888 sparse20 98.0 potter0 0.55 (542.2s)
[cramped_room s8801] steps 935936 sparse20 94.0 potter0 0.65 (543.3s)
[cramped_room s8801] steps 937984 sparse20 92.0 potter0 0.6 (544.4s)
[cramped_room s8801] steps 940032 sparse20 86.0 potter0 0.5 (545.5s)
[cramped_room s8801] steps 942080 sparse20 82.0 potter0 0.5 (546.6s)
[cramped_room s8801] steps 944128 sparse20 84.0 potter0 0.4 (547.8s)
[cramped_room s8801] steps 946176 sparse20 91.0 potter0 0.45 (548.9s)
[cramped_room s8801] steps 948224 sparse20 88.0 potter0 0.5 (550.0s)
[cramped_room s8801] steps 950272 sparse20 96.0 potter0 0.45 (551.2s)
[cramped_room s8801] steps 952320 sparse20 89.0 potter0 0.5 (552.3s)
[cramped_room s8801] steps 954368 sparse20 82.0 potter0 0.5 (553.4s)
[cramped_room s8801] steps 956416 sparse20 86.0 potter0 0.55 (554.5s)
[cramped_room s8801] steps 958464 sparse20 77.0 potter0 0.65 (555.7s)
[cramped_room s8801] steps 960512 sparse20 78.0 potter0 0.6 (556.8s)
[cramped_room s8801] steps 962560 sparse20 79.0 potter0 0.6 (557.9s)
[cramped_room s8801] steps 964608 sparse20 78.0 potter0 0.6 (559.2s)
[cramped_room s8801] steps 966656 sparse20 85.0 potter0 0.55 (560.3s)
[cramped_room s8801] steps 968704 sparse20 92.0 potter0 0.65 (561.4s)
[cramped_room s8801] steps 970752 sparse20 92.0 potter0 0.65 (562.6s)
[cramped_room s8801] steps 972800 sparse20 92.0 potter0 0.6 (563.7s)
[cramped_room s8801] steps 974848 sparse20 90.0 potter0 0.6 (564.8s)
[cramped_room s8801] steps 976896 sparse20 84.0 potter0 0.55 (565.9s)
[cramped_room s8801] steps 978944 sparse20 90.0 potter0 0.55 (567.1s)
[cramped_room s8801] steps 980992 sparse20 98.0 potter0 0.65 (568.2s)
[cramped_room s8801] steps 983040 sparse20 102.0 potter0 0.65 (569.3s)
[cramped_room s8801] steps 985088 sparse20 108.0 potter0 0.7 (570.4s)
[cramped_room s8801] steps 987136 sparse20 112.0 potter0 0.7 (571.6s)
[cramped_room s8801] steps 989184 sparse20 111.0 potter0 0.65 (572.7s)
[cramped_room s8801] steps 991232 sparse20 107.0 potter0 0.75 (573.8s)
[cramped_room s8801] steps 993280 sparse20 105.0 potter0 0.75 (574.9s)
[cramped_room s8801] steps 995328 sparse20 94.0 potter0 0.7 (576.3s)
[cramped_room s8801] steps 997376 sparse20 94.0 potter0 0.75 (577.8s)
[cramped_room s8801] steps 999424 sparse20 90.0 potter0 0.8 (579.1s)
[cramped_room s8801] steps 1001472 sparse20 91.0 potter0 0.7 (580.3s)
[cramped_room s8801] steps 1003520 sparse20 94.0 potter0 0.7 (581.5s)
[cramped_room s8801] steps 1005568 sparse20 97.0 potter0 0.65 (582.7s)
[cramped_room s8801] steps 1007616 sparse20 97.0 potter0 0.5 (583.9s)
[cramped_room s8801] steps 1009664 sparse20 102.0 potter0 0.4 (585.2s)
[cramped_room s8801] steps 1011712 sparse20 96.0 potter0 0.35 (586.6s)
[cramped_room s8801] steps 1013760 sparse20 91.0 potter0 0.45 (587.8s)
[cramped_room s8801] steps 1015808 sparse20 93.0 potter0 0.5 (588.9s)
[cramped_room s8801] steps 1017856 sparse20 89.0 potter0 0.7 (590.1s)
[cramped_room s8801] steps 1019904 sparse20 95.0 potter0 0.8 (591.3s)
[cramped_room s8801] steps 1021952 sparse20 93.0 potter0 0.85 (592.4s)
[cramped_room s8801] steps 1024000 sparse20 94.0 potter0 0.85 (593.6s)
[cramped_room s8801] steps 1026048 sparse20 96.0 potter0 0.7 (594.7s)
[cramped_room s8801] steps 1028096 sparse20 98.0 potter0 0.7 (595.8s)
[cramped_room s8801] steps 1030144 sparse20 100.0 potter0 0.6 (596.9s)
[cramped_room s8801] steps 1032192 sparse20 95.0 potter0 0.55 (598.1s)
[cramped_room s8801] steps 1034240 sparse20 90.0 potter0 0.6 (599.2s)
[cramped_room s8801] steps 1036288 sparse20 89.0 potter0 0.6 (600.3s)
[cramped_room s8801] steps 1038336 sparse20 93.0 potter0 0.55 (601.5s)
[cramped_room s8801] steps 1040384 sparse20 102.0 potter0 0.65 (602.6s)
[cramped_room s8801] steps 1042432 sparse20 112.0 potter0 0.6 (603.7s)
[cramped_room s8801] steps 1044480 sparse20 111.0 potter0 0.5 (604.8s)
[cramped_room s8801] steps 1046528 sparse20 108.0 potter0 0.5 (606.0s)
[cramped_room s8801] steps 1048576 sparse20 102.0 potter0 0.4 (607.1s)
[cramped_room s8801] steps 1050624 sparse20 92.0 potter0 0.5 (608.2s)
[cramped_room s8801] steps 1052672 sparse20 85.0 potter0 0.4 (609.4s)
[cramped_room s8801] steps 1054720 sparse20 82.0 potter0 0.6 (610.5s)
[cramped_room s8801] steps 1056768 sparse20 88.0 potter0 0.65 (611.6s)
[cramped_room s8801] steps 1058816 sparse20 94.0 potter0 0.65 (612.7s)
[cramped_room s8801] steps 1060864 sparse20 92.0 potter0 0.7 (613.9s)
[cramped_room s8801] steps 1062912 sparse20 90.0 potter0 0.6 (615.0s)
[cramped_room s8801] steps 1064960 sparse20 93.0 potter0 0.65 (616.1s)
[cramped_room s8801] steps 1067008 sparse20 93.0 potter0 0.6 (617.3s)
[cramped_room s8801] steps 1069056 sparse20 97.0 potter0 0.65 (618.4s)
[cramped_room s8801] steps 1071104 sparse20 104.0 potter0 0.75 (619.7s)
[cramped_room s8801] steps 1073152 sparse20 110.0 potter0 0.65 (620.8s)
[cramped_room s8801] steps 1075200 sparse20 111.0 potter0 0.7 (622.0s)
[cramped_room s8801] steps 1077248 sparse20 120.0 potter0 0.65 (623.2s)
[cramped_room s8801] steps 1079296 sparse20 117.0 potter0 0.65 (624.4s)
[cramped_room s8801] steps 1081344 sparse20 111.0 potter0 0.65 (625.7s)
[cramped_room s8801] steps 1083392 sparse20 105.0 potter0 0.6 (627.0s)
[cramped_room s8801] steps 1085440 sparse20 94.0 potter0 0.6 (628.5s)
[cramped_room s8801] steps 1087488 sparse20 92.0 potter0 0.55 (629.8s)
[cramped_room s8801] steps 1089536 sparse20 94.0 potter0 0.65 (630.9s)
[cramped_room s8801] steps 1091584 sparse20 99.0 potter0 0.65 (632.1s)
[cramped_room s8801] steps 1093632 sparse20 110.0 potter0 0.55 (633.5s)
[cramped_room s8801] steps 1095680 sparse20 109.0 potter0 0.5 (634.9s)
[cramped_room s8801] steps 1097728 sparse20 106.0 potter0 0.4 (636.2s)
[cramped_room s8801] steps 1099776 sparse20 111.0 potter0 0.5 (637.3s)
[cramped_room s8801] steps 1101824 sparse20 108.0 potter0 0.7 (638.4s)
[cramped_room s8801] steps 1103872 sparse20 111.0 potter0 0.75 (639.6s)
[cramped_room s8801] steps 1105920 sparse20 115.0 potter0 0.8 (640.8s)
[cramped_room s8801] steps 1107968 sparse20 113.0 potter0 0.7 (642.0s)
[cramped_room s8801] steps 1110016 sparse20 120.0 potter0 0.65 (643.2s)
[cramped_room s8801] steps 1112064 sparse20 119.0 potter0 0.55 (644.4s)
[cramped_room s8801] steps 1114112 sparse20 116.0 potter0 0.65 (645.5s)
[cramped_room s8801] steps 1116160 sparse20 106.0 potter0 0.6 (646.6s)
[cramped_room s8801] steps 1118208 sparse20 104.0 potter0 0.45 (647.7s)
[cramped_room s8801] steps 1120256 sparse20 109.0 potter0 0.5 (648.9s)
[cramped_room s8801] steps 1122304 sparse20 113.0 potter0 0.5 (650.0s)
[cramped_room s8801] steps 1124352 sparse20 123.0 potter0 0.55 (651.2s)
[cramped_room s8801] steps 1126400 sparse20 122.0 potter0 0.55 (652.3s)
[cramped_room s8801] steps 1128448 sparse20 122.0 potter0 0.6 (653.5s)
[cramped_room s8801] steps 1130496 sparse20 118.0 potter0 0.5 (654.6s)
[cramped_room s8801] steps 1132544 sparse20 120.0 potter0 0.35 (655.7s)
[cramped_room s8801] steps 1134592 sparse20 120.0 potter0 0.4 (656.9s)
[cramped_room s8801] steps 1136640 sparse20 111.0 potter0 0.35 (658.0s)
[cramped_room s8801] steps 1138688 sparse20 115.0 potter0 0.35 (659.1s)
[cramped_room s8801] steps 1140736 sparse20 114.0 potter0 0.5 (660.2s)
[cramped_room s8801] steps 1142784 sparse20 111.0 potter0 0.5 (661.4s)
[cramped_room s8801] steps 1144832 sparse20 104.0 potter0 0.4 (662.5s)
[cramped_room s8801] steps 1146880 sparse20 100.0 potter0 0.5 (663.6s)
[cramped_room s8801] steps 1148928 sparse20 95.0 potter0 0.35 (664.8s)
[cramped_room s8801] steps 1150976 sparse20 102.0 potter0 0.45 (665.9s)
[cramped_room s8801] steps 1153024 sparse20 107.0 potter0 0.5 (667.0s)
[cramped_room s8801] steps 1155072 sparse20 104.0 potter0 0.4 (668.1s)
[cramped_room s8801] steps 1157120 sparse20 105.0 potter0 0.5 (669.3s)
[cramped_room s8801] steps 1159168 sparse20 100.0 potter0 0.5 (670.4s)
[cramped_room s8801] steps 1161216 sparse20 99.0 potter0 0.55 (671.5s)
[cramped_room s8801] steps 1163264 sparse20 104.0 potter0 0.45 (672.6s)
[cramped_room s8801] steps 1165312 sparse20 108.0 potter0 0.3 (673.8s)
[cramped_room s8801] steps 1167360 sparse20 108.0 potter0 0.25 (674.9s)
[cramped_room s8801] steps 1169408 sparse20 112.0 potter0 0.2 (676.0s)
[cramped_room s8801] steps 1171456 sparse20 104.0 potter0 0.3 (677.2s)
[cramped_room s8801] steps 1173504 sparse20 99.0 potter0 0.3 (678.3s)
[cramped_room s8801] steps 1175552 sparse20 103.0 potter0 0.3 (679.4s)
[cramped_room s8801] steps 1177600 sparse20 104.0 potter0 0.25 (680.6s)
[cramped_room s8801] steps 1179648 sparse20 109.0 potter0 0.3 (681.8s)
[cramped_room s8801] steps 1181696 sparse20 112.0 potter0 0.35 (682.9s)
[cramped_room s8801] steps 1183744 sparse20 111.0 potter0 0.45 (684.0s)
[cramped_room s8801] steps 1185792 sparse20 111.0 potter0 0.5 (685.2s)
[cramped_room s8801] steps 1187840 sparse20 114.0 potter0 0.5 (686.3s)
[cramped_room s8801] steps 1189888 sparse20 114.0 potter0 0.5 (687.4s)
[cramped_room s8801] steps 1191936 sparse20 120.0 potter0 0.6 (688.6s)
[cramped_room s8801] steps 1193984 sparse20 119.0 potter0 0.6 (689.7s)
[cramped_room s8801] steps 1196032 sparse20 124.0 potter0 0.7 (690.8s)
[cramped_room s8801] steps 1198080 sparse20 124.0 potter0 0.6 (691.9s)
[cramped_room s8801] steps 1200128 sparse20 119.0 potter0 0.6 (693.1s)
[cramped_room s8801] steps 1202176 sparse20 122.0 potter0 0.4 (694.2s)
[cramped_room s8801] steps 1204224 sparse20 121.0 potter0 0.3 (695.3s)
[cramped_room s8801] steps 1206272 sparse20 117.0 potter0 0.35 (696.5s)
[cramped_room s8801] steps 1208320 sparse20 115.0 potter0 0.3 (697.6s)
[cramped_room s8801] steps 1210368 sparse20 113.0 potter0 0.4 (698.7s)
[cramped_room s8801] steps 1212416 sparse20 113.0 potter0 0.45 (699.8s)
[cramped_room s8801] steps 1214464 sparse20 113.0 potter0 0.45 (701.0s)
[cramped_room s8801] steps 1216512 sparse20 117.0 potter0 0.5 (702.1s)
[cramped_room s8801] steps 1218560 sparse20 119.0 potter0 0.5 (703.2s)
[cramped_room s8801] steps 1220608 sparse20 119.0 potter0 0.55 (704.4s)
[cramped_room s8801] steps 1222656 sparse20 123.0 potter0 0.6 (705.5s)
[cramped_room s8801] steps 1224704 sparse20 121.0 potter0 0.5 (706.6s)
[cramped_room s8801] steps 1226752 sparse20 120.0 potter0 0.45 (707.8s)
[cramped_room s8801] steps 1228800 sparse20 115.0 potter0 0.35 (708.9s)
[cramped_room s8801] steps 1230848 sparse20 113.0 potter0 0.3 (710.1s)
[cramped_room s8801] steps 1232896 sparse20 114.0 potter0 0.45 (711.3s)
[cramped_room s8801] steps 1234944 sparse20 114.0 potter0 0.4 (712.4s)
[cramped_room s8801] steps 1236992 sparse20 117.0 potter0 0.45 (713.5s)
[cramped_room s8801] steps 1239040 sparse20 120.0 potter0 0.5 (714.7s)
[cramped_room s8801] steps 1241088 sparse20 123.0 potter0 0.35 (715.8s)
[cramped_room s8801] steps 1243136 sparse20 126.0 potter0 0.45 (717.0s)
[cramped_room s8801] steps 1245184 sparse20 129.0 potter0 0.45 (718.1s)
[cramped_room s8801] steps 1247232 sparse20 133.0 potter0 0.55 (719.3s)
[cramped_room s8801] steps 1249280 sparse20 128.0 potter0 0.6 (720.4s)
[cramped_room s8801] steps 1251328 sparse20 120.0 potter0 0.6 (721.5s)
[cramped_room s8801] steps 1253376 sparse20 119.0 potter0 0.7 (722.6s)
[cramped_room s8801] steps 1255424 sparse20 116.0 potter0 0.6 (723.8s)
[cramped_room s8801] steps 1257472 sparse20 118.0 potter0 0.55 (724.9s)
[cramped_room s8801] steps 1259520 sparse20 122.0 potter0 0.45 (726.0s)
[cramped_room s8801] steps 1261568 sparse20 122.0 potter0 0.35 (727.2s)
[cramped_room s8801] steps 1263616 sparse20 113.0 potter0 0.45 (728.3s)
[cramped_room s8801] steps 1265664 sparse20 105.0 potter0 0.5 (729.4s)
[cramped_room s8801] steps 1267712 sparse20 98.0 potter0 0.6 (730.6s)
[cramped_room s8801] steps 1269760 sparse20 97.0 potter0 0.65 (731.7s)
[cramped_room s8801] steps 1271808 sparse20 103.0 potter0 0.65 (732.9s)
[cramped_room s8801] steps 1273856 sparse20 110.0 potter0 0.65 (734.2s)
[cramped_room s8801] steps 1275904 sparse20 112.0 potter0 0.6 (735.4s)
[cramped_room s8801] steps 1277952 sparse20 108.0 potter0 0.55 (736.5s)
[cramped_room s8801] steps 1280000 sparse20 109.0 potter0 0.55 (737.7s)
[cramped_room s8801] steps 1282048 sparse20 109.0 potter0 0.6 (738.9s)
[cramped_room s8801] steps 1284096 sparse20 116.0 potter0 0.75 (740.2s)
[cramped_room s8801] steps 1286144 sparse20 120.0 potter0 0.75 (741.4s)
[cramped_room s8801] steps 1288192 sparse20 122.0 potter0 0.75 (742.6s)
[cramped_room s8801] steps 1290240 sparse20 124.0 potter0 0.7 (743.8s)
[cramped_room s8801] steps 1292288 sparse20 118.0 potter0 0.6 (745.0s)
[cramped_room s8801] steps 1294336 sparse20 113.0 potter0 0.45 (746.2s)
[cramped_room s8801] steps 1296384 sparse20 114.0 potter0 0.45 (747.3s)
[cramped_room s8801] steps 1298432 sparse20 112.0 potter0 0.5 (748.4s)
[cramped_room s8801] steps 1300480 sparse20 112.0 potter0 0.6 (749.5s)
[cramped_room s8801] steps 1302528 sparse20 114.0 potter0 0.7 (750.7s)
[cramped_room s8801] steps 1304576 sparse20 116.0 potter0 0.8 (751.9s)
[cramped_room s8801] steps 1306624 sparse20 117.0 potter0 0.9 (753.3s)
[cramped_room s8801] steps 1308672 sparse20 120.0 potter0 0.95 (754.8s)
[cramped_room s8801] steps 1310720 sparse20 112.0 potter0 0.8 (755.9s)
[cramped_room s8801] steps 1312768 sparse20 110.0 potter0 0.75 (757.1s)
[cramped_room s8801] steps 1314816 sparse20 105.0 potter0 0.6 (758.2s)
[cramped_room s8801] steps 1316864 sparse20 103.0 potter0 0.6 (759.3s)
[cramped_room s8801] steps 1318912 sparse20 110.0 potter0 0.65 (760.5s)
[cramped_room s8801] steps 1320960 sparse20 105.0 potter0 0.6 (761.6s)
[cramped_room s8801] steps 1323008 sparse20 103.0 potter0 0.65 (762.8s)
[cramped_room s8801] steps 1325056 sparse20 105.0 potter0 0.65 (763.9s)
[cramped_room s8801] steps 1327104 sparse20 97.0 potter0 0.65 (765.1s)
[cramped_room s8801] steps 1329152 sparse20 94.0 potter0 0.55 (766.2s)
[cramped_room s8801] steps 1331200 sparse20 91.0 potter0 0.45 (767.3s)
[cramped_room s8801] steps 1333248 sparse20 92.0 potter0 0.4 (768.5s)
[cramped_room s8801] steps 1335296 sparse20 102.0 potter0 0.5 (769.6s)
[cramped_room s8801] steps 1337344 sparse20 105.0 potter0 0.6 (770.9s)
[cramped_room s8801] steps 1339392 sparse20 104.0 potter0 0.7 (772.0s)
[cramped_room s8801] steps 1341440 sparse20 104.0 potter0 0.75 (773.1s)
[cramped_room s8801] steps 1343488 sparse20 100.0 potter0 0.7 (774.3s)
[cramped_room s8801] steps 1345536 sparse20 106.0 potter0 0.7 (775.4s)
[cramped_room s8801] steps 1347584 sparse20 116.0 potter0 0.7 (776.5s)
[cramped_room s8801] steps 1349632 sparse20 128.0 potter0 0.65 (777.7s)
[cramped_room s8801] steps 1351680 sparse20 132.0 potter0 0.7 (778.8s)
[cramped_room s8801] steps 1353728 sparse20 137.0 potter0 0.65 (779.9s)
[cramped_room s8801] steps 1355776 sparse20 138.0 potter0 0.7 (781.1s)
[cramped_room s8801] steps 1357824 sparse20 138.0 potter0 0.75 (782.2s)
[cramped_room s8801] steps 1359872 sparse20 136.0 potter0 0.75 (783.3s)
[cramped_room s8801] steps 1361920 sparse20 135.0 potter0 0.75 (784.5s)
[cramped_room s8801] steps 1363968 sparse20 132.0 potter0 0.65 (785.6s)
[cramped_room s8801] steps 1366016 sparse20 134.0 potter0 0.6 (786.7s)
[cramped_room s8801] steps 1368064 sparse20 128.0 potter0 0.6 (787.9s)
[cramped_room s8801] steps 1370112 sparse20 122.0 potter0 0.65 (789.0s)
[cramped_room s8801] steps 1372160 sparse20 125.0 potter0 0.65 (790.1s)
[cramped_room s8801] steps 1374208 sparse20 127.0 potter0 0.65 (791.3s)
[cramped_room s8801] steps 1376256 sparse20 134.0 potter0 0.65 (792.4s)
[cramped_room s8801] steps 1378304 sparse20 136.0 potter0 0.6 (793.5s)
[cramped_room s8801] steps 1380352 sparse20 136.0 potter0 0.55 (794.7s)
[cramped_room s8801] steps 1382400 sparse20 127.0 potter0 0.55 (795.8s)
[cramped_room s8801] steps 1384448 sparse20 120.0 potter0 0.6 (797.0s)
[cramped_room s8801] steps 1386496 sparse20 120.0 potter0 0.75 (798.1s)
[cramped_room s8801] steps 1388544 sparse20 126.0 potter0 0.8 (799.2s)
[cramped_room s8801] steps 1390592 sparse20 129.0 potter0 0.9 (800.4s)
[cramped_room s8801] steps 1392640 sparse20 129.0 potter0 0.85 (801.6s)
[cramped_room s8801] steps 1394688 sparse20 130.0 potter0 0.8 (802.7s)
[cramped_room s8801] steps 1396736 sparse20 125.0 potter0 0.75 (803.8s)
[cramped_room s8801] steps 1398784 sparse20 121.0 potter0 0.75 (805.0s)
[cramped_room s8801] steps 1400832 sparse20 125.0 potter0 0.75 (806.1s)
[cramped_room s8801] steps 1402880 sparse20 127.0 potter0 0.6 (807.2s)
[cramped_room s8801] steps 1404928 sparse20 129.0 potter0 0.5 (808.4s)
[cramped_room s8801] steps 1406976 sparse20 135.0 potter0 0.6 (809.5s)
[cramped_room s8801] steps 1409024 sparse20 135.0 potter0 0.6 (810.6s)
[cramped_room s8801] steps 1411072 sparse20 129.0 potter0 0.7 (811.8s)
[cramped_room s8801] steps 1413120 sparse20 127.0 potter0 0.8 (812.9s)
[cramped_room s8801] steps 1415168 sparse20 122.0 potter0 0.8 (814.0s)
[cramped_room s8801] steps 1417216 sparse20 128.0 potter0 0.7 (815.1s)
[cramped_room s8801] steps 1419264 sparse20 128.0 potter0 0.75 (816.3s)
[cramped_room s8801] steps 1421312 sparse20 130.0 potter0 0.7 (817.4s)
[cramped_room s8801] steps 1423360 sparse20 138.0 potter0 0.65 (818.5s)
[cramped_room s8801] steps 1425408 sparse20 129.0 potter0 0.55 (819.7s)
[cramped_room s8801] steps 1427456 sparse20 130.0 potter0 0.45 (820.8s)
[cramped_room s8801] steps 1429504 sparse20 121.0 potter0 0.4 (821.9s)
[cramped_room s8801] steps 1431552 sparse20 115.0 potter0 0.4 (823.0s)
[cramped_room s8801] steps 1433600 sparse20 118.0 potter0 0.5 (824.2s)
[cramped_room s8801] steps 1435648 sparse20 113.0 potter0 0.55 (825.3s)
[cramped_room s8801] steps 1437696 sparse20 111.0 potter0 0.65 (826.5s)
[cramped_room s8801] steps 1439744 sparse20 113.0 potter0 0.75 (827.6s)
[cramped_room s8801] steps 1441792 sparse20 106.0 potter0 0.75 (828.7s)
[cramped_room s8801] steps 1443840 sparse20 104.0 potter0 0.75 (830.0s)
[cramped_room s8801] steps 1445888 sparse20 109.0 potter0 0.7 (831.1s)
[cramped_room s8801] steps 1447936 sparse20 103.0 potter0 0.5 (832.2s)
[cramped_room s8801] steps 1449984 sparse20 112.0 potter0 0.45 (833.4s)
[cramped_room s8801] steps 1452032 sparse20 123.0 potter0 0.35 (834.5s)
[cramped_room s8801] steps 1454080 sparse20 132.0 potter0 0.3 (835.6s)
[cramped_room s8801] steps 1456128 sparse20 138.0 potter0 0.35 (836.8s)
[cramped_room s8801] steps 1458176 sparse20 136.0 potter0 0.35 (837.9s)
[cramped_room s8801] steps 1460224 sparse20 133.0 potter0 0.4 (839.0s)
[cramped_room s8801] steps 1462272 sparse20 131.0 potter0 0.3 (840.2s)
[cramped_room s8801] steps 1464320 sparse20 126.0 potter0 0.25 (841.3s)
[cramped_room s8801] steps 1466368 sparse20 132.0 potter0 0.3 (842.4s)
[cramped_room s8801] steps 1468416 sparse20 133.0 potter0 0.3 (843.6s)
[cramped_room s8801] steps 1470464 sparse20 135.0 potter0 0.4 (844.7s)
[cramped_room s8801] steps 1472512 sparse20 144.0 potter0 0.55 (845.8s)
[cramped_room s8801] steps 1474560 sparse20 139.0 potter0 0.6 (847.0s)
[cramped_room s8801] steps 1476608 sparse20 141.0 potter0 0.6 (848.1s)
[cramped_room s8801] steps 1478656 sparse20 135.0 potter0 0.55 (849.3s)
[cramped_room s8801] steps 1480704 sparse20 132.0 potter0 0.35 (850.4s)
[cramped_room s8801] steps 1482752 sparse20 128.0 potter0 0.3 (851.5s)
[cramped_room s8801] steps 1484800 sparse20 114.0 potter0 0.25 (852.7s)
[cramped_room s8801] steps 1486848 sparse20 106.0 potter0 0.35 (853.8s)
[cramped_room s8801] steps 1488896 sparse20 104.0 potter0 0.45 (855.2s)
[cramped_room s8801] steps 1490944 sparse20 108.0 potter0 0.45 (856.6s)
[cramped_room s8801] steps 1492992 sparse20 122.0 potter0 0.4 (857.9s)
[cramped_room s8801] steps 1495040 sparse20 123.0 potter0 0.4 (859.1s)
[cramped_room s8801] steps 1497088 sparse20 121.0 potter0 0.4 (860.3s)
[cramped_room s8801] steps 1499136 sparse20 127.0 potter0 0.4 (861.5s)
[cramped_room s8801] steps 1501184 sparse20 127.0 potter0 0.45 (862.6s)
[cramped_room s8801] steps 1503232 sparse20 131.0 potter0 0.35 (863.8s)
[cramped_room s8801] steps 1505280 sparse20 123.0 potter0 0.35 (864.9s)
[cramped_room s8801] steps 1507328 sparse20 118.0 potter0 0.25 (866.1s)
[cramped_room s8801] steps 1509376 sparse20 111.0 potter0 0.3 (867.2s)
[cramped_room s8801] steps 1511424 sparse20 118.0 potter0 0.3 (868.4s)
[cramped_room s8801] steps 1513472 sparse20 126.0 potter0 0.35 (869.5s)
[cramped_room s8801] steps 1515520 sparse20 131.0 potter0 0.45 (870.7s)
[cramped_room s8801] steps 1517568 sparse20 133.0 potter0 0.55 (871.8s)
[cramped_room s8801] steps 1519616 sparse20 130.0 potter0 0.65 (873.0s)
[cramped_room s8801] steps 1521664 sparse20 129.0 potter0 0.75 (874.2s)
[cramped_room s8801] steps 1523712 sparse20 124.0 potter0 0.6 (875.3s)
[cramped_room s8801] steps 1525760 sparse20 122.0 potter0 0.5 (876.5s)
[cramped_room s8801] steps 1527808 sparse20 126.0 potter0 0.5 (877.6s)
[cramped_room s8801] steps 1529856 sparse20 125.0 potter0 0.45 (878.7s)
[cramped_room s8801] steps 1531904 sparse20 129.0 potter0 0.55 (879.9s)
[cramped_room s8801] steps 1533952 sparse20 137.0 potter0 0.6 (881.0s)
[cramped_room s8801] steps 1536000 sparse20 134.0 potter0 0.55 (882.1s)
[cramped_room s8801] steps 1538048 sparse20 134.0 potter0 0.65 (883.3s)
[cramped_room s8801] steps 1540096 sparse20 133.0 potter0 0.45 (884.4s)
[cramped_room s8801] steps 1542144 sparse20 128.0 potter0 0.4 (885.5s)
[cramped_room s8801] steps 1544192 sparse20 132.0 potter0 0.35 (886.7s)
[cramped_room s8801] steps 1546240 sparse20 133.0 potter0 0.4 (887.8s)
[cramped_room s8801] steps 1548288 sparse20 132.0 potter0 0.5 (888.9s)
[cramped_room s8801] steps 1550336 sparse20 133.0 potter0 0.5 (890.2s)
[cramped_room s8801] steps 1552384 sparse20 129.0 potter0 0.45 (891.3s)
[cramped_room s8801] steps 1554432 sparse20 132.0 potter0 0.35 (892.4s)
[cramped_room s8801] steps 1556480 sparse20 139.0 potter0 0.4 (893.6s)
[cramped_room s8801] steps 1558528 sparse20 143.0 potter0 0.35 (894.7s)
[cramped_room s8801] steps 1560576 sparse20 146.0 potter0 0.45 (895.9s)
[cramped_room s8801] steps 1562624 sparse20 146.0 potter0 0.4 (897.0s)
[cramped_room s8801] steps 1564672 sparse20 140.0 potter0 0.3 (898.1s)
[cramped_room s8801] steps 1566720 sparse20 148.0 potter0 0.35 (899.3s)
[cramped_room s8801] steps 1568768 sparse20 144.0 potter0 0.3 (900.4s)
[cramped_room s8801] steps 1570816 sparse20 145.0 potter0 0.35 (901.6s)
[cramped_room s8801] steps 1572864 sparse20 149.0 potter0 0.45 (902.7s)
[cramped_room s8801] steps 1574912 sparse20 146.0 potter0 0.4 (903.8s)
[cramped_room s8801] steps 1576960 sparse20 145.0 potter0 0.35 (905.0s)
[cramped_room s8801] steps 1579008 sparse20 144.0 potter0 0.3 (906.1s)
[cramped_room s8801] steps 1581056 sparse20 132.0 potter0 0.25 (907.2s)
[cramped_room s8801] steps 1583104 sparse20 126.0 potter0 0.3 (908.4s)
[cramped_room s8801] steps 1585152 sparse20 130.0 potter0 0.5 (909.5s)
[cramped_room s8801] steps 1587200 sparse20 125.0 potter0 0.5 (910.7s)
[cramped_room s8801] steps 1589248 sparse20 130.0 potter0 0.4 (911.8s)
[cramped_room s8801] steps 1591296 sparse20 125.0 potter0 0.45 (912.9s)
[cramped_room s8801] steps 1593344 sparse20 120.0 potter0 0.4 (914.1s)
[cramped_room s8801] steps 1595392 sparse20 119.0 potter0 0.35 (915.2s)
[cramped_room s8801] steps 1597440 sparse20 125.0 potter0 0.35 (916.3s)
[cramped_room s8801] steps 1599488 sparse20 129.0 potter0 0.25 (917.5s)
[cramped_room s8801] steps 1601536 sparse20 137.0 potter0 0.25 (918.6s)
[cramped_room s8801] steps 1603584 sparse20 144.0 potter0 0.35 (919.8s)
[cramped_room s8801] steps 1605632 sparse20 144.0 potter0 0.45 (921.0s)
[cramped_room s8801] steps 1607680 sparse20 147.0 potter0 0.5 (922.1s)
[cramped_room s8801] steps 1609728 sparse20 142.0 potter0 0.4 (923.2s)
[cramped_room s8801] steps 1611776 sparse20 135.0 potter0 0.35 (924.4s)
[cramped_room s8801] steps 1613824 sparse20 130.0 potter0 0.35 (925.5s)
[cramped_room s8801] steps 1615872 sparse20 126.0 potter0 0.25 (926.6s)
[cramped_room s8801] steps 1617920 sparse20 127.0 potter0 0.25 (927.7s)
[cramped_room s8801] steps 1619968 sparse20 130.0 potter0 0.25 (928.9s)
[cramped_room s8801] steps 1622016 sparse20 122.0 potter0 0.3 (930.0s)
[cramped_room s8801] steps 1624064 sparse20 124.0 potter0 0.4 (931.1s)
[cramped_room s8801] steps 1626112 sparse20 127.0 potter0 0.4 (932.3s)
[cramped_room s8801] steps 1628160 sparse20 129.0 potter0 0.35 (933.4s)
[cramped_room s8801] steps 1630208 sparse20 135.0 potter0 0.35 (934.5s)
[cramped_room s8801] steps 1632256 sparse20 131.0 potter0 0.3 (935.7s)
[cramped_room s8801] steps 1634304 sparse20 134.0 potter0 0.3 (936.9s)
[cramped_room s8801] steps 1636352 sparse20 131.0 potter0 0.3 (938.1s)
[cramped_room s8801] steps 1638400 sparse20 131.0 potter0 0.25 (939.3s)
[cramped_room s8801] steps 1640448 sparse20 129.0 potter0 0.35 (940.5s)
[cramped_room s8801] steps 1642496 sparse20 126.0 potter0 0.35 (941.7s)
[cramped_room s8801] steps 1644544 sparse20 132.0 potter0 0.4 (942.9s)
[cramped_room s8801] steps 1646592 sparse20 133.0 potter0 0.4 (944.1s)
[cramped_room s8801] steps 1648640 sparse20 142.0 potter0 0.35 (945.4s)
[cramped_room s8801] steps 1650688 sparse20 139.0 potter0 0.4 (946.5s)
[cramped_room s8801] steps 1652736 sparse20 140.0 potter0 0.35 (947.8s)
[cramped_room s8801] steps 1654784 sparse20 140.0 potter0 0.3 (949.0s)
[cramped_room s8801] steps 1656832 sparse20 137.0 potter0 0.45 (950.3s)
[cramped_room s8801] steps 1658880 sparse20 144.0 potter0 0.35 (951.4s)
[cramped_room s8801] steps 1660928 sparse20 143.0 potter0 0.4 (952.5s)
[cramped_room s8801] steps 1662976 sparse20 144.0 potter0 0.45 (953.7s)
[cramped_room s8801] steps 1665024 sparse20 144.0 potter0 0.35 (954.8s)
[cramped_room s8801] steps 1667072 sparse20 137.0 potter0 0.5 (955.9s)
[cramped_room s8801] steps 1669120 sparse20 127.0 potter0 0.5 (957.1s)
[cramped_room s8801] steps 1671168 sparse20 118.0 potter0 0.55 (958.2s)
[cramped_room s8801] steps 1673216 sparse20 112.0 potter0 0.65 (959.3s)
[cramped_room s8801] steps 1675264 sparse20 108.0 potter0 0.45 (960.5s)
[cramped_room s8801] steps 1677312 sparse20 110.0 potter0 0.5 (961.6s)
[cramped_room s8801] steps 1679360 sparse20 110.0 potter0 0.45 (962.7s)
[cramped_room s8801] steps 1681408 sparse20 108.0 potter0 0.4 (963.9s)
[cramped_room s8801] steps 1683456 sparse20 103.0 potter0 0.55 (965.0s)
[cramped_room s8801] steps 1685504 sparse20 100.0 potter0 0.45 (966.1s)
[cramped_room s8801] steps 1687552 sparse20 93.0 potter0 0.5 (967.2s)
[cramped_room s8801] steps 1689600 sparse20 98.0 potter0 0.5 (968.4s)
[cramped_room s8801] steps 1691648 sparse20 99.0 potter0 0.45 (969.5s)
[cramped_room s8801] steps 1693696 sparse20 99.0 potter0 0.65 (970.6s)
[cramped_room s8801] steps 1695744 sparse20 95.0 potter0 0.6 (971.8s)
[cramped_room s8801] steps 1697792 sparse20 95.0 potter0 0.7 (972.9s)
[cramped_room s8801] steps 1699840 sparse20 96.0 potter0 0.65 (974.0s)
[cramped_room s8801] steps 1701888 sparse20 94.0 potter0 0.6 (975.2s)
[cramped_room s8801] steps 1703936 sparse20 109.0 potter0 0.65 (976.3s)
[cramped_room s8801] steps 1705984 sparse20 103.0 potter0 0.55 (977.5s)
[cramped_room s8801] steps 1708032 sparse20 100.0 potter0 0.65 (978.6s)
[cramped_room s8801] steps 1710080 sparse20 111.0 potter0 0.45 (979.9s)
[cramped_room s8801] steps 1712128 sparse20 110.0 potter0 0.45 (981.0s)
[cramped_room s8801] steps 1714176 sparse20 116.0 potter0 0.45 (982.1s)
[cramped_room s8801] steps 1716224 sparse20 123.0 potter0 0.4 (983.3s)
[cramped_room s8801] steps 1718272 sparse20 126.0 potter0 0.45 (984.4s)
[cramped_room s8801] steps 1720320 sparse20 131.0 potter0 0.35 (985.6s)
[cramped_room s8801] steps 1722368 sparse20 116.0 potter0 0.35 (986.7s)
[cramped_room s8801] steps 1724416 sparse20 106.0 potter0 0.3 (987.9s)
[cramped_room s8801] steps 1726464 sparse20 93.0 potter0 0.5 (989.0s)
[cramped_room s8801] steps 1728512 sparse20 88.0 potter0 0.6 (990.2s)
[cramped_room s8801] steps 1730560 sparse20 101.0 potter0 0.6 (991.3s)
[cramped_room s8801] steps 1732608 sparse20 101.0 potter0 0.6 (992.5s)
[cramped_room s8801] steps 1734656 sparse20 107.0 potter0 0.55 (993.6s)
[cramped_room s8801] steps 1736704 sparse20 111.0 potter0 0.6 (994.8s)
[cramped_room s8801] steps 1738752 sparse20 108.0 potter0 0.6 (995.9s)
[cramped_room s8801] steps 1740800 sparse20 112.0 potter0 0.6 (997.0s)
[cramped_room s8801] steps 1742848 sparse20 116.0 potter0 0.6 (998.2s)
[cramped_room s8801] steps 1744896 sparse20 113.0 potter0 0.65 (999.3s)
[cramped_room s8801] steps 1746944 sparse20 123.0 potter0 0.75 (1000.5s)
[cramped_room s8801] steps 1748992 sparse20 119.0 potter0 0.75 (1001.6s)
[cramped_room s8801] steps 1751040 sparse20 118.0 potter0 0.75 (1002.7s)
[cramped_room s8801] steps 1753088 sparse20 124.0 potter0 0.7 (1003.9s)
[cramped_room s8801] steps 1755136 sparse20 125.0 potter0 0.7 (1005.0s)
[cramped_room s8801] steps 1757184 sparse20 127.0 potter0 0.7 (1006.2s)
[cramped_room s8801] steps 1759232 sparse20 127.0 potter0 0.65 (1007.3s)
[cramped_room s8801] steps 1761280 sparse20 128.0 potter0 0.6 (1008.5s)
[cramped_room s8801] steps 1763328 sparse20 128.0 potter0 0.65 (1009.7s)
[cramped_room s8801] steps 1765376 sparse20 125.0 potter0 0.6 (1010.9s)
[cramped_room s8801] steps 1767424 sparse20 120.0 potter0 0.6 (1012.0s)
[cramped_room s8801] steps 1769472 sparse20 121.0 potter0 0.7 (1013.2s)
[cramped_room s8801] steps 1771520 sparse20 118.0 potter0 0.65 (1014.3s)
[cramped_room s8801] steps 1773568 sparse20 114.0 potter0 0.75 (1015.5s)
[cramped_room s8801] steps 1775616 sparse20 91.0 potter0 0.75 (1016.6s)
[cramped_room s8801] steps 1777664 sparse20 72.0 potter0 0.8 (1017.7s)
[cramped_room s8801] steps 1779712 sparse20 64.0 potter0 0.75 (1018.9s)
[cramped_room s8801] steps 1781760 sparse20 69.0 potter0 0.75 (1020.0s)
[cramped_room s8801] steps 1783808 sparse20 84.0 potter0 0.8 (1021.2s)
[cramped_room s8801] steps 1785856 sparse20 101.0 potter0 0.8 (1022.3s)
[cramped_room s8801] steps 1787904 sparse20 98.0 potter0 0.8 (1023.4s)
[cramped_room s8801] steps 1789952 sparse20 87.0 potter0 0.75 (1024.6s)
[cramped_room s8801] steps 1792000 sparse20 83.0 potter0 0.8 (1025.7s)
[cramped_room s8801] steps 1794048 sparse20 77.0 potter0 0.7 (1026.8s)
[cramped_room s8801] steps 1796096 sparse20 84.0 potter0 0.6 (1028.0s)
[cramped_room s8801] steps 1798144 sparse20 100.0 potter0 0.65 (1029.1s)
[cramped_room s8801] steps 1800192 sparse20 112.0 potter0 0.65 (1030.3s)
[cramped_room s8801] steps 1802240 sparse20 124.0 potter0 0.7 (1031.4s)
[cramped_room s8801] steps 1804288 sparse20 126.0 potter0 0.85 (1032.5s)
[cramped_room s8801] steps 1806336 sparse20 127.0 potter0 0.8 (1033.7s)
[cramped_room s8801] steps 1808384 sparse20 129.0 potter0 0.65 (1034.8s)
[cramped_room s8801] steps 1810432 sparse20 133.0 potter0 0.6 (1036.0s)
[cramped_room s8801] steps 1812480 sparse20 138.0 potter0 0.55 (1037.1s)
[cramped_room s8801] steps 1814528 sparse20 133.0 potter0 0.55 (1038.3s)
[cramped_room s8801] steps 1816576 sparse20 135.0 potter0 0.55 (1039.5s)
[cramped_room s8801] steps 1818624 sparse20 135.0 potter0 0.65 (1040.6s)
[cramped_room s8801] steps 1820672 sparse20 134.0 potter0 0.7 (1041.8s)
[cramped_room s8801] steps 1822720 sparse20 140.0 potter0 0.75 (1042.9s)
[cramped_room s8801] steps 1824768 sparse20 138.0 potter0 0.8 (1044.1s)
[cramped_room s8801] steps 1826816 sparse20 141.0 potter0 0.7 (1045.2s)
[cramped_room s8801] steps 1828864 sparse20 137.0 potter0 0.65 (1046.4s)
[cramped_room s8801] steps 1830912 sparse20 132.0 potter0 0.65 (1047.5s)
[cramped_room s8801] steps 1832960 sparse20 129.0 potter0 0.6 (1048.7s)
[cramped_room s8801] steps 1835008 sparse20 129.0 potter0 0.55 (1049.8s)
[cramped_room s8801] steps 1837056 sparse20 138.0 potter0 0.6 (1051.0s)
[cramped_room s8801] steps 1839104 sparse20 139.0 potter0 0.6 (1052.1s)
[cramped_room s8801] steps 1841152 sparse20 143.0 potter0 0.55 (1053.3s)
[cramped_room s8801] steps 1843200 sparse20 134.0 potter0 0.55 (1054.4s)
[cramped_room s8801] steps 1845248 sparse20 132.0 potter0 0.6 (1055.6s)
[cramped_room s8801] steps 1847296 sparse20 126.0 potter0 0.6 (1056.8s)
[cramped_room s8801] steps 1849344 sparse20 123.0 potter0 0.65 (1057.9s)
[cramped_room s8801] steps 1851392 sparse20 125.0 potter0 0.75 (1059.1s)
[cramped_room s8801] steps 1853440 sparse20 128.0 potter0 0.75 (1060.2s)
[cramped_room s8801] steps 1855488 sparse20 138.0 potter0 0.7 (1061.3s)
[cramped_room s8801] steps 1857536 sparse20 139.0 potter0 0.65 (1062.5s)
[cramped_room s8801] steps 1859584 sparse20 133.0 potter0 0.65 (1063.6s)
[cramped_room s8801] steps 1861632 sparse20 125.0 potter0 0.7 (1064.7s)
[cramped_room s8801] steps 1863680 sparse20 127.0 potter0 0.75 (1065.9s)
[cramped_room s8801] steps 1865728 sparse20 124.0 potter0 0.75 (1067.0s)
[cramped_room s8801] steps 1867776 sparse20 121.0 potter0 0.75 (1068.1s)
[cramped_room s8801] steps 1869824 sparse20 125.0 potter0 0.55 (1069.4s)
[cramped_room s8801] steps 1871872 sparse20 123.0 potter0 0.55 (1070.5s)
[cramped_room s8801] steps 1873920 sparse20 123.0 potter0 0.55 (1071.6s)
[cramped_room s8801] steps 1875968 sparse20 134.0 potter0 0.5 (1072.8s)
[cramped_room s8801] steps 1878016 sparse20 136.0 potter0 0.7 (1073.9s)
[cramped_room s8801] steps 1880064 sparse20 143.0 potter0 0.75 (1075.0s)
[cramped_room s8801] steps 1882112 sparse20 137.0 potter0 0.8 (1076.2s)
[cramped_room s8801] steps 1884160 sparse20 130.0 potter0 0.8 (1077.3s)
[cramped_room s8801] steps 1886208 sparse20 123.0 potter0 0.65 (1078.4s)
[cramped_room s8801] steps 1888256 sparse20 121.0 potter0 0.6 (1079.6s)
[cramped_room s8801] steps 1890304 sparse20 127.0 potter0 0.6 (1080.7s)
[cramped_room s8801] steps 1892352 sparse20 130.0 potter0 0.7 (1081.8s)
[cramped_room s8801] steps 1894400 sparse20 127.0 potter0 0.85 (1083.0s)
[cramped_room s8801] steps 1896448 sparse20 129.0 potter0 0.8 (1084.1s)
[cramped_room s8801] steps 1898496 sparse20 125.0 potter0 0.75 (1085.3s)
[cramped_room s8801] steps 1900544 sparse20 121.0 potter0 0.6 (1086.4s)
[cramped_room s8801] steps 1902592 sparse20 125.0 potter0 0.6 (1087.6s)
[cramped_room s8801] steps 1904640 sparse20 123.0 potter0 0.6 (1088.7s)
[cramped_room s8801] steps 1906688 sparse20 124.0 potter0 0.6 (1089.9s)
[cramped_room s8801] steps 1908736 sparse20 131.0 potter0 0.65 (1091.1s)
[cramped_room s8801] steps 1910784 sparse20 136.0 potter0 0.55 (1092.2s)
[cramped_room s8801] steps 1912832 sparse20 145.0 potter0 0.6 (1093.4s)
[cramped_room s8801] steps 1914880 sparse20 150.0 potter0 0.5 (1094.6s)
[cramped_room s8801] steps 1916928 sparse20 154.0 potter0 0.45 (1095.7s)
[cramped_room s8801] steps 1918976 sparse20 144.0 potter0 0.6 (1096.9s)
[cramped_room s8801] steps 1921024 sparse20 146.0 potter0 0.55 (1098.0s)
[cramped_room s8801] steps 1923072 sparse20 145.0 potter0 0.55 (1099.3s)
[cramped_room s8801] steps 1925120 sparse20 136.0 potter0 0.7 (1100.5s)
[cramped_room s8801] steps 1927168 sparse20 138.0 potter0 0.5 (1101.6s)
[cramped_room s8801] steps 1929216 sparse20 131.0 potter0 0.65 (1102.8s)
[cramped_room s8801] steps 1931264 sparse20 132.0 potter0 0.7 (1104.0s)
[cramped_room s8801] steps 1933312 sparse20 137.0 potter0 0.65 (1105.1s)
[cramped_room s8801] steps 1935360 sparse20 138.0 potter0 0.75 (1106.3s)
[cramped_room s8801] steps 1937408 sparse20 141.0 potter0 0.65 (1107.5s)
[cramped_room s8801] steps 1939456 sparse20 142.0 potter0 0.65 (1108.6s)
[cramped_room s8801] steps 1941504 sparse20 135.0 potter0 0.6 (1109.8s)
[cramped_room s8801] steps 1943552 sparse20 140.0 potter0 0.6 (1111.0s)
[cramped_room s8801] steps 1945600 sparse20 141.0 potter0 0.65 (1112.5s)
[cramped_room s8801] steps 1947648 sparse20 140.0 potter0 0.7 (1113.8s)
[cramped_room s8801] steps 1949696 sparse20 141.0 potter0 0.9 (1114.9s)
[cramped_room s8801] steps 1951744 sparse20 134.0 potter0 0.9 (1116.1s)
[cramped_room s8801] steps 1953792 sparse20 130.0 potter0 0.85 (1117.2s)
[cramped_room s8801] steps 1955840 sparse20 127.0 potter0 0.8 (1118.4s)
[cramped_room s8801] steps 1957888 sparse20 131.0 potter0 0.7 (1119.5s)
[cramped_room s8801] steps 1959936 sparse20 136.0 potter0 0.75 (1120.7s)
[cramped_room s8801] steps 1961984 sparse20 135.0 potter0 0.8 (1121.8s)
[cramped_room s8801] steps 1964032 sparse20 140.0 potter0 0.75 (1123.0s)
[cramped_room s8801] steps 1966080 sparse20 137.0 potter0 0.6 (1124.1s)
[cramped_room s8801] steps 1968128 sparse20 147.0 potter0 0.45 (1125.3s)
[cramped_room s8801] steps 1970176 sparse20 138.0 potter0 0.4 (1126.4s)
[cramped_room s8801] steps 1972224 sparse20 135.0 potter0 0.45 (1127.5s)
[cramped_room s8801] steps 1974272 sparse20 131.0 potter0 0.6 (1128.7s)
[cramped_room s8801] steps 1976320 sparse20 129.0 potter0 0.7 (1129.9s)
[cramped_room s8801] steps 1978368 sparse20 137.0 potter0 0.65 (1131.1s)
[cramped_room s8801] steps 1980416 sparse20 138.0 potter0 0.65 (1132.2s)
[cramped_room s8801] steps 1982464 sparse20 137.0 potter0 0.7 (1133.4s)
[cramped_room s8801] steps 1984512 sparse20 136.0 potter0 0.7 (1134.5s)
[cramped_room s8801] steps 1986560 sparse20 136.0 potter0 0.85 (1135.7s)
[cramped_room s8801] steps 1988608 sparse20 136.0 potter0 0.8 (1136.8s)
[cramped_room s8801] steps 1990656 sparse20 151.0 potter0 0.7 (1138.0s)
[cramped_room s8801] steps 1992704 sparse20 144.0 potter0 0.6 (1139.1s)
[cramped_room s8801] steps 1994752 sparse20 150.0 potter0 0.45 (1140.3s)
[cramped_room s8801] steps 1996800 sparse20 149.0 potter0 0.3 (1141.4s)
[cramped_room s8801] steps 1998848 sparse20 139.0 potter0 0.35 (1142.6s)
[cramped_room s8801] steps 2000896 sparse20 148.0 potter0 0.3 (1143.7s)
checkpointed /home/Yixiang/MPARL/GOGOGO/outputs/overcooked_pilot.json
[asymmetric_advantages s8801] steps 2048 sparse20 0.0 potter0 0.6666666666666666 (1.2s)
[asymmetric_advantages s8801] steps 4096 sparse20 0.0 potter0 0.8 (2.5s)
[asymmetric_advantages s8801] steps 6144 sparse20 0.0 potter0 0.8888888888888888 (3.7s)
[asymmetric_advantages s8801] steps 8192 sparse20 0.0 potter0 0.9230769230769231 (4.9s)
[asymmetric_advantages s8801] steps 10240 sparse20 0.0 potter0 0.8823529411764706 (6.1s)
[asymmetric_advantages s8801] steps 12288 sparse20 0.0 potter0 0.95 (7.4s)
[asymmetric_advantages s8801] steps 14336 sparse20 0.0 potter0 0.95 (8.6s)
[asymmetric_advantages s8801] steps 16384 sparse20 0.0 potter0 0.95 (9.9s)
[asymmetric_advantages s8801] steps 18432 sparse20 0.0 potter0 1.0 (11.1s)
[asymmetric_advantages s8801] steps 20480 sparse20 0.0 potter0 1.0 (12.3s)
[asymmetric_advantages s8801] steps 22528 sparse20 0.0 potter0 1.0 (13.6s)
[asymmetric_advantages s8801] steps 24576 sparse20 0.0 potter0 1.0 (14.8s)
[asymmetric_advantages s8801] steps 26624 sparse20 0.0 potter0 1.0 (16.2s)
[asymmetric_advantages s8801] steps 28672 sparse20 0.0 potter0 1.0 (17.4s)
[asymmetric_advantages s8801] steps 30720 sparse20 0.0 potter0 1.0 (18.6s)
[asymmetric_advantages s8801] steps 32768 sparse20 0.0 potter0 1.0 (19.9s)
[asymmetric_advantages s8801] steps 34816 sparse20 0.0 potter0 1.0 (21.4s)
[asymmetric_advantages s8801] steps 36864 sparse20 1.0 potter0 1.0 (23.0s)
[asymmetric_advantages s8801] steps 38912 sparse20 1.0 potter0 1.0 (24.2s)
[asymmetric_advantages s8801] steps 40960 sparse20 1.0 potter0 1.0 (25.4s)
[asymmetric_advantages s8801] steps 43008 sparse20 1.0 potter0 1.0 (26.7s)
[asymmetric_advantages s8801] steps 45056 sparse20 0.0 potter0 1.0 (27.9s)
[asymmetric_advantages s8801] steps 47104 sparse20 0.0 potter0 1.0 (29.1s)
[asymmetric_advantages s8801] steps 49152 sparse20 2.0 potter0 1.0 (30.3s)
[asymmetric_advantages s8801] steps 51200 sparse20 3.0 potter0 1.0 (31.6s)
[asymmetric_advantages s8801] steps 53248 sparse20 3.0 potter0 1.0 (32.8s)
[asymmetric_advantages s8801] steps 55296 sparse20 3.0 potter0 1.0 (34.0s)
[asymmetric_advantages s8801] steps 57344 sparse20 1.0 potter0 1.0 (35.3s)
[asymmetric_advantages s8801] steps 59392 sparse20 1.0 potter0 1.0 (36.5s)
[asymmetric_advantages s8801] steps 61440 sparse20 1.0 potter0 1.0 (37.7s)
[asymmetric_advantages s8801] steps 63488 sparse20 2.0 potter0 1.0 (39.0s)
[asymmetric_advantages s8801] steps 65536 sparse20 2.0 potter0 1.0 (40.2s)
[asymmetric_advantages s8801] steps 67584 sparse20 5.0 potter0 1.0 (41.4s)
[asymmetric_advantages s8801] steps 69632 sparse20 8.0 potter0 1.0 (42.7s)
[asymmetric_advantages s8801] steps 71680 sparse20 9.0 potter0 1.0 (44.0s)
[asymmetric_advantages s8801] steps 73728 sparse20 9.0 potter0 1.0 (45.4s)
[asymmetric_advantages s8801] steps 75776 sparse20 7.0 potter0 1.0 (46.6s)
[asymmetric_advantages s8801] steps 77824 sparse20 6.0 potter0 1.0 (47.9s)
[asymmetric_advantages s8801] steps 79872 sparse20 5.0 potter0 1.0 (49.4s)
[asymmetric_advantages s8801] steps 81920 sparse20 6.0 potter0 1.0 (50.7s)
[asymmetric_advantages s8801] steps 83968 sparse20 4.0 potter0 1.0 (52.0s)
[asymmetric_advantages s8801] steps 86016 sparse20 5.0 potter0 1.0 (53.3s)
[asymmetric_advantages s8801] steps 88064 sparse20 8.0 potter0 1.0 (54.6s)
[asymmetric_advantages s8801] steps 90112 sparse20 7.0 potter0 1.0 (56.0s)
[asymmetric_advantages s8801] steps 92160 sparse20 9.0 potter0 1.0 (57.4s)
[asymmetric_advantages s8801] steps 94208 sparse20 9.0 potter0 1.0 (59.0s)
[asymmetric_advantages s8801] steps 96256 sparse20 7.0 potter0 1.0 (60.4s)
[asymmetric_advantages s8801] steps 98304 sparse20 7.0 potter0 1.0 (61.6s)
[asymmetric_advantages s8801] steps 100352 sparse20 8.0 potter0 1.0 (62.9s)
[asymmetric_advantages s8801] steps 102400 sparse20 9.0 potter0 1.0 (64.2s)
[asymmetric_advantages s8801] steps 104448 sparse20 11.0 potter0 1.0 (65.4s)
[asymmetric_advantages s8801] steps 106496 sparse20 13.0 potter0 1.0 (66.7s)
[asymmetric_advantages s8801] steps 108544 sparse20 14.0 potter0 1.0 (68.0s)
[asymmetric_advantages s8801] steps 110592 sparse20 12.0 potter0 1.0 (69.2s)
[asymmetric_advantages s8801] steps 112640 sparse20 8.0 potter0 1.0 (70.5s)
[asymmetric_advantages s8801] steps 114688 sparse20 7.0 potter0 1.0 (71.8s)
[asymmetric_advantages s8801] steps 116736 sparse20 5.0 potter0 1.0 (73.0s)
[asymmetric_advantages s8801] steps 118784 sparse20 5.0 potter0 1.0 (74.3s)
[asymmetric_advantages s8801] steps 120832 sparse20 8.0 potter0 1.0 (75.6s)
[asymmetric_advantages s8801] steps 122880 sparse20 10.0 potter0 1.0 (76.8s)
[asymmetric_advantages s8801] steps 124928 sparse20 8.0 potter0 1.0 (78.1s)
[asymmetric_advantages s8801] steps 126976 sparse20 13.0 potter0 1.0 (79.4s)
[asymmetric_advantages s8801] steps 129024 sparse20 12.0 potter0 1.0 (80.6s)
[asymmetric_advantages s8801] steps 131072 sparse20 11.0 potter0 1.0 (81.9s)
[asymmetric_advantages s8801] steps 133120 sparse20 15.0 potter0 1.0 (83.3s)
[asymmetric_advantages s8801] steps 135168 sparse20 12.0 potter0 1.0 (84.5s)
[asymmetric_advantages s8801] steps 137216 sparse20 13.0 potter0 1.0 (85.8s)
[asymmetric_advantages s8801] steps 139264 sparse20 12.0 potter0 1.0 (87.1s)
[asymmetric_advantages s8801] steps 141312 sparse20 11.0 potter0 1.0 (88.3s)
[asymmetric_advantages s8801] steps 143360 sparse20 12.0 potter0 1.0 (89.6s)
[asymmetric_advantages s8801] steps 145408 sparse20 13.0 potter0 1.0 (90.8s)
[asymmetric_advantages s8801] steps 147456 sparse20 11.0 potter0 1.0 (92.1s)
[asymmetric_advantages s8801] steps 149504 sparse20 11.0 potter0 1.0 (93.3s)
[asymmetric_advantages s8801] steps 151552 sparse20 9.0 potter0 1.0 (94.6s)
[asymmetric_advantages s8801] steps 153600 sparse20 10.0 potter0 1.0 (95.9s)
[asymmetric_advantages s8801] steps 155648 sparse20 12.0 potter0 1.0 (97.1s)
[asymmetric_advantages s8801] steps 157696 sparse20 13.0 potter0 1.0 (98.4s)
[asymmetric_advantages s8801] steps 159744 sparse20 13.0 potter0 1.0 (99.6s)
[asymmetric_advantages s8801] steps 161792 sparse20 11.0 potter0 1.0 (100.9s)
[asymmetric_advantages s8801] steps 163840 sparse20 8.0 potter0 1.0 (102.1s)
[asymmetric_advantages s8801] steps 165888 sparse20 11.0 potter0 1.0 (103.4s)
[asymmetric_advantages s8801] steps 167936 sparse20 10.0 potter0 1.0 (104.6s)
[asymmetric_advantages s8801] steps 169984 sparse20 9.0 potter0 1.0 (105.9s)
[asymmetric_advantages s8801] steps 172032 sparse20 7.0 potter0 1.0 (107.1s)
[asymmetric_advantages s8801] steps 174080 sparse20 4.0 potter0 1.0 (108.4s)
[asymmetric_advantages s8801] steps 176128 sparse20 4.0 potter0 1.0 (109.7s)
[asymmetric_advantages s8801] steps 178176 sparse20 6.0 potter0 1.0 (110.9s)
[asymmetric_advantages s8801] steps 180224 sparse20 6.0 potter0 1.0 (112.2s)
[asymmetric_advantages s8801] steps 182272 sparse20 6.0 potter0 1.0 (113.4s)
[asymmetric_advantages s8801] steps 184320 sparse20 6.0 potter0 1.0 (114.6s)
[asymmetric_advantages s8801] steps 186368 sparse20 3.0 potter0 1.0 (116.0s)
[asymmetric_advantages s8801] steps 188416 sparse20 5.0 potter0 1.0 (117.3s)
[asymmetric_advantages s8801] steps 190464 sparse20 10.0 potter0 1.0 (118.5s)
[asymmetric_advantages s8801] steps 192512 sparse20 9.0 potter0 1.0 (119.8s)
[asymmetric_advantages s8801] steps 194560 sparse20 10.0 potter0 1.0 (121.0s)
[asymmetric_advantages s8801] steps 196608 sparse20 12.0 potter0 1.0 (122.3s)
[asymmetric_advantages s8801] steps 198656 sparse20 10.0 potter0 1.0 (123.5s)
[asymmetric_advantages s8801] steps 200704 sparse20 15.0 potter0 1.0 (124.8s)
[asymmetric_advantages s8801] steps 202752 sparse20 14.0 potter0 1.0 (126.0s)
[asymmetric_advantages s8801] steps 204800 sparse20 11.0 potter0 1.0 (127.3s)
[asymmetric_advantages s8801] steps 206848 sparse20 10.0 potter0 1.0 (128.5s)
[asymmetric_advantages s8801] steps 208896 sparse20 6.0 potter0 1.0 (129.8s)
[asymmetric_advantages s8801] steps 210944 sparse20 12.0 potter0 1.0 (131.0s)
[asymmetric_advantages s8801] steps 212992 sparse20 15.0 potter0 1.0 (132.3s)
[asymmetric_advantages s8801] steps 215040 sparse20 14.0 potter0 1.0 (133.5s)
[asymmetric_advantages s8801] steps 217088 sparse20 13.0 potter0 1.0 (134.8s)
[asymmetric_advantages s8801] steps 219136 sparse20 11.0 potter0 1.0 (136.0s)
[asymmetric_advantages s8801] steps 221184 sparse20 9.0 potter0 1.0 (137.3s)
[asymmetric_advantages s8801] steps 223232 sparse20 11.0 potter0 1.0 (138.5s)
[asymmetric_advantages s8801] steps 225280 sparse20 14.0 potter0 1.0 (139.8s)
[asymmetric_advantages s8801] steps 227328 sparse20 10.0 potter0 1.0 (141.1s)
[asymmetric_advantages s8801] steps 229376 sparse20 10.0 potter0 1.0 (142.3s)
[asymmetric_advantages s8801] steps 231424 sparse20 10.0 potter0 1.0 (143.6s)
[asymmetric_advantages s8801] steps 233472 sparse20 8.0 potter0 1.0 (144.8s)
[asymmetric_advantages s8801] steps 235520 sparse20 12.0 potter0 1.0 (146.1s)
[asymmetric_advantages s8801] steps 237568 sparse20 13.0 potter0 1.0 (147.3s)
[asymmetric_advantages s8801] steps 239616 sparse20 10.0 potter0 1.0 (148.7s)
[asymmetric_advantages s8801] steps 241664 sparse20 13.0 potter0 1.0 (150.0s)
[asymmetric_advantages s8801] steps 243712 sparse20 12.0 potter0 1.0 (151.2s)
[asymmetric_advantages s8801] steps 245760 sparse20 10.0 potter0 1.0 (152.5s)
[asymmetric_advantages s8801] steps 247808 sparse20 13.0 potter0 1.0 (153.8s)
[asymmetric_advantages s8801] steps 249856 sparse20 12.0 potter0 1.0 (155.0s)
[asymmetric_advantages s8801] steps 251904 sparse20 12.0 potter0 1.0 (156.3s)
[asymmetric_advantages s8801] steps 253952 sparse20 13.0 potter0 1.0 (157.5s)
[asymmetric_advantages s8801] steps 256000 sparse20 15.0 potter0 1.0 (158.8s)
[asymmetric_advantages s8801] steps 258048 sparse20 17.0 potter0 1.0 (160.1s)
[asymmetric_advantages s8801] steps 260096 sparse20 16.0 potter0 1.0 (161.3s)
[asymmetric_advantages s8801] steps 262144 sparse20 17.0 potter0 1.0 (162.6s)
[asymmetric_advantages s8801] steps 264192 sparse20 13.0 potter0 1.0 (163.8s)
[asymmetric_advantages s8801] steps 266240 sparse20 16.0 potter0 1.0 (165.1s)
[asymmetric_advantages s8801] steps 268288 sparse20 15.0 potter0 1.0 (166.4s)
[asymmetric_advantages s8801] steps 270336 sparse20 15.0 potter0 1.0 (167.6s)
[asymmetric_advantages s8801] steps 272384 sparse20 16.0 potter0 1.0 (168.9s)
[asymmetric_advantages s8801] steps 274432 sparse20 17.0 potter0 1.0 (170.2s)
[asymmetric_advantages s8801] steps 276480 sparse20 18.0 potter0 1.0 (171.4s)
[asymmetric_advantages s8801] steps 278528 sparse20 17.0 potter0 1.0 (172.8s)
[asymmetric_advantages s8801] steps 280576 sparse20 19.0 potter0 1.0 (174.5s)
[asymmetric_advantages s8801] steps 282624 sparse20 15.0 potter0 1.0 (176.0s)
[asymmetric_advantages s8801] steps 284672 sparse20 17.0 potter0 1.0 (177.3s)
[asymmetric_advantages s8801] steps 286720 sparse20 15.0 potter0 1.0 (178.5s)
[asymmetric_advantages s8801] steps 288768 sparse20 14.0 potter0 1.0 (179.7s)
[asymmetric_advantages s8801] steps 290816 sparse20 13.0 potter0 1.0 (181.0s)
[asymmetric_advantages s8801] steps 292864 sparse20 13.0 potter0 1.0 (182.3s)
[asymmetric_advantages s8801] steps 294912 sparse20 15.0 potter0 1.0 (183.6s)
[asymmetric_advantages s8801] steps 296960 sparse20 18.0 potter0 1.0 (184.8s)
[asymmetric_advantages s8801] steps 299008 sparse20 19.0 potter0 1.0 (186.1s)
[asymmetric_advantages s8801] steps 301056 sparse20 20.0 potter0 1.0 (187.3s)
[asymmetric_advantages s8801] steps 303104 sparse20 23.0 potter0 1.0 (188.6s)
[asymmetric_advantages s8801] steps 305152 sparse20 21.0 potter0 1.0 (189.8s)
[asymmetric_advantages s8801] steps 307200 sparse20 21.0 potter0 1.0 (191.1s)
[asymmetric_advantages s8801] steps 309248 sparse20 17.0 potter0 1.0 (192.3s)
[asymmetric_advantages s8801] steps 311296 sparse20 15.0 potter0 1.0 (193.6s)
[asymmetric_advantages s8801] steps 313344 sparse20 16.0 potter0 1.0 (194.8s)
[asymmetric_advantages s8801] steps 315392 sparse20 18.0 potter0 1.0 (196.1s)
[asymmetric_advantages s8801] steps 317440 sparse20 22.0 potter0 1.0 (197.5s)
[asymmetric_advantages s8801] steps 319488 sparse20 21.0 potter0 1.0 (198.9s)
[asymmetric_advantages s8801] steps 321536 sparse20 21.0 potter0 1.0 (200.2s)
[asymmetric_advantages s8801] steps 323584 sparse20 23.0 potter0 1.0 (201.4s)
[asymmetric_advantages s8801] steps 325632 sparse20 20.0 potter0 1.0 (202.7s)
[asymmetric_advantages s8801] steps 327680 sparse20 20.0 potter0 1.0 (204.0s)
[asymmetric_advantages s8801] steps 329728 sparse20 21.0 potter0 1.0 (205.2s)
[asymmetric_advantages s8801] steps 331776 sparse20 20.0 potter0 1.0 (206.5s)
[asymmetric_advantages s8801] steps 333824 sparse20 24.0 potter0 1.0 (207.7s)
[asymmetric_advantages s8801] steps 335872 sparse20 23.0 potter0 1.0 (209.0s)
[asymmetric_advantages s8801] steps 337920 sparse20 22.0 potter0 1.0 (210.3s)
[asymmetric_advantages s8801] steps 339968 sparse20 27.0 potter0 1.0 (211.5s)
[asymmetric_advantages s8801] steps 342016 sparse20 25.0 potter0 1.0 (212.8s)
[asymmetric_advantages s8801] steps 344064 sparse20 27.0 potter0 1.0 (214.0s)
[asymmetric_advantages s8801] steps 346112 sparse20 23.0 potter0 1.0 (215.4s)
[asymmetric_advantages s8801] steps 348160 sparse20 21.0 potter0 1.0 (216.6s)
[asymmetric_advantages s8801] steps 350208 sparse20 19.0 potter0 1.0 (217.9s)
[asymmetric_advantages s8801] steps 352256 sparse20 19.0 potter0 1.0 (219.2s)
[asymmetric_advantages s8801] steps 354304 sparse20 20.0 potter0 1.0 (220.4s)
[asymmetric_advantages s8801] steps 356352 sparse20 18.0 potter0 1.0 (221.7s)
[asymmetric_advantages s8801] steps 358400 sparse20 15.0 potter0 1.0 (222.9s)
[asymmetric_advantages s8801] steps 360448 sparse20 17.0 potter0 1.0 (224.2s)
[asymmetric_advantages s8801] steps 362496 sparse20 19.0 potter0 1.0 (225.4s)
[asymmetric_advantages s8801] steps 364544 sparse20 23.0 potter0 1.0 (226.7s)
[asymmetric_advantages s8801] steps 366592 sparse20 21.0 potter0 1.0 (227.9s)
[asymmetric_advantages s8801] steps 368640 sparse20 20.0 potter0 1.0 (229.2s)
[asymmetric_advantages s8801] steps 370688 sparse20 22.0 potter0 1.0 (230.4s)
[asymmetric_advantages s8801] steps 372736 sparse20 23.0 potter0 1.0 (231.7s)
[asymmetric_advantages s8801] steps 374784 sparse20 25.0 potter0 1.0 (233.0s)
[asymmetric_advantages s8801] steps 376832 sparse20 30.0 potter0 1.0 (234.2s)
[asymmetric_advantages s8801] steps 378880 sparse20 28.0 potter0 1.0 (235.5s)
[asymmetric_advantages s8801] steps 380928 sparse20 26.0 potter0 1.0 (236.7s)
[asymmetric_advantages s8801] steps 382976 sparse20 30.0 potter0 1.0 (238.0s)
[asymmetric_advantages s8801] steps 385024 sparse20 29.0 potter0 1.0 (239.2s)
[asymmetric_advantages s8801] steps 387072 sparse20 30.0 potter0 1.0 (240.5s)
[asymmetric_advantages s8801] steps 389120 sparse20 33.0 potter0 1.0 (241.7s)
[asymmetric_advantages s8801] steps 391168 sparse20 29.0 potter0 1.0 (243.0s)
[asymmetric_advantages s8801] steps 393216 sparse20 25.0 potter0 1.0 (244.2s)
[asymmetric_advantages s8801] steps 395264 sparse20 25.0 potter0 1.0 (245.5s)
[asymmetric_advantages s8801] steps 397312 sparse20 25.0 potter0 1.0 (246.7s)
[asymmetric_advantages s8801] steps 399360 sparse20 24.0 potter0 1.0 (248.1s)
[asymmetric_advantages s8801] steps 401408 sparse20 22.0 potter0 1.0 (249.3s)
[asymmetric_advantages s8801] steps 403456 sparse20 22.0 potter0 1.0 (250.6s)
[asymmetric_advantages s8801] steps 405504 sparse20 21.0 potter0 1.0 (251.8s)
[asymmetric_advantages s8801] steps 407552 sparse20 25.0 potter0 1.0 (253.1s)
[asymmetric_advantages s8801] steps 409600 sparse20 31.0 potter0 1.0 (254.4s)
[asymmetric_advantages s8801] steps 411648 sparse20 31.0 potter0 1.0 (255.6s)
[asymmetric_advantages s8801] steps 413696 sparse20 29.0 potter0 1.0 (256.9s)
[asymmetric_advantages s8801] steps 415744 sparse20 24.0 potter0 1.0 (258.2s)
[asymmetric_advantages s8801] steps 417792 sparse20 25.0 potter0 1.0 (259.4s)
[asymmetric_advantages s8801] steps 419840 sparse20 28.0 potter0 1.0 (260.7s)
[asymmetric_advantages s8801] steps 421888 sparse20 30.0 potter0 1.0 (261.9s)
[asymmetric_advantages s8801] steps 423936 sparse20 34.0 potter0 1.0 (263.2s)
[asymmetric_advantages s8801] steps 425984 sparse20 34.0 potter0 1.0 (264.4s)
[asymmetric_advantages s8801] steps 428032 sparse20 27.0 potter0 1.0 (265.7s)
[asymmetric_advantages s8801] steps 430080 sparse20 27.0 potter0 1.0 (266.9s)
[asymmetric_advantages s8801] steps 432128 sparse20 19.0 potter0 1.0 (268.2s)
[asymmetric_advantages s8801] steps 434176 sparse20 21.0 potter0 1.0 (269.4s)
[asymmetric_advantages s8801] steps 436224 sparse20 25.0 potter0 1.0 (270.6s)
[asymmetric_advantages s8801] steps 438272 sparse20 25.0 potter0 1.0 (271.9s)
[asymmetric_advantages s8801] steps 440320 sparse20 32.0 potter0 1.0 (273.2s)
[asymmetric_advantages s8801] steps 442368 sparse20 28.0 potter0 1.0 (274.4s)
[asymmetric_advantages s8801] steps 444416 sparse20 31.0 potter0 1.0 (275.6s)
[asymmetric_advantages s8801] steps 446464 sparse20 33.0 potter0 1.0 (276.9s)
[asymmetric_advantages s8801] steps 448512 sparse20 30.0 potter0 1.0 (278.2s)
[asymmetric_advantages s8801] steps 450560 sparse20 35.0 potter0 1.0 (279.4s)
[asymmetric_advantages s8801] steps 452608 sparse20 34.0 potter0 1.0 (280.7s)
[asymmetric_advantages s8801] steps 454656 sparse20 33.0 potter0 1.0 (282.0s)
[asymmetric_advantages s8801] steps 456704 sparse20 32.0 potter0 1.0 (283.2s)
[asymmetric_advantages s8801] steps 458752 sparse20 33.0 potter0 1.0 (284.5s)
[asymmetric_advantages s8801] steps 460800 sparse20 33.0 potter0 1.0 (285.7s)
[asymmetric_advantages s8801] steps 462848 sparse20 42.0 potter0 1.0 (287.0s)
[asymmetric_advantages s8801] steps 464896 sparse20 38.0 potter0 1.0 (288.3s)
[asymmetric_advantages s8801] steps 466944 sparse20 33.0 potter0 1.0 (289.5s)
[asymmetric_advantages s8801] steps 468992 sparse20 36.0 potter0 1.0 (290.8s)
[asymmetric_advantages s8801] steps 471040 sparse20 28.0 potter0 1.0 (292.0s)
[asymmetric_advantages s8801] steps 473088 sparse20 33.0 potter0 1.0 (293.3s)
[asymmetric_advantages s8801] steps 475136 sparse20 33.0 potter0 1.0 (294.5s)
[asymmetric_advantages s8801] steps 477184 sparse20 28.0 potter0 1.0 (295.8s)
[asymmetric_advantages s8801] steps 479232 sparse20 36.0 potter0 1.0 (297.0s)
[asymmetric_advantages s8801] steps 481280 sparse20 40.0 potter0 1.0 (298.3s)
[asymmetric_advantages s8801] steps 483328 sparse20 40.0 potter0 1.0 (299.5s)
[asymmetric_advantages s8801] steps 485376 sparse20 38.0 potter0 1.0 (300.8s)
[asymmetric_advantages s8801] steps 487424 sparse20 33.0 potter0 1.0 (302.1s)
[asymmetric_advantages s8801] steps 489472 sparse20 24.0 potter0 1.0 (303.4s)
[asymmetric_advantages s8801] steps 491520 sparse20 28.0 potter0 1.0 (304.7s)
[asymmetric_advantages s8801] steps 493568 sparse20 34.0 potter0 1.0 (306.0s)
[asymmetric_advantages s8801] steps 495616 sparse20 36.0 potter0 1.0 (307.4s)
[asymmetric_advantages s8801] steps 497664 sparse20 36.0 potter0 1.0 (309.0s)
[asymmetric_advantages s8801] steps 499712 sparse20 28.0 potter0 1.0 (310.4s)
[asymmetric_advantages s8801] steps 501760 sparse20 25.0 potter0 1.0 (311.7s)
[asymmetric_advantages s8801] steps 503808 sparse20 26.0 potter0 1.0 (312.9s)
[asymmetric_advantages s8801] steps 505856 sparse20 30.0 potter0 1.0 (314.3s)
[asymmetric_advantages s8801] steps 507904 sparse20 30.0 potter0 1.0 (315.6s)
[asymmetric_advantages s8801] steps 509952 sparse20 34.0 potter0 1.0 (317.1s)
[asymmetric_advantages s8801] steps 512000 sparse20 36.0 potter0 1.0 (318.7s)
[asymmetric_advantages s8801] steps 514048 sparse20 34.0 potter0 1.0 (320.1s)
[asymmetric_advantages s8801] steps 516096 sparse20 35.0 potter0 1.0 (321.4s)
[asymmetric_advantages s8801] steps 518144 sparse20 34.0 potter0 1.0 (322.7s)
[asymmetric_advantages s8801] steps 520192 sparse20 35.0 potter0 1.0 (324.0s)
[asymmetric_advantages s8801] steps 522240 sparse20 42.0 potter0 1.0 (325.2s)
[asymmetric_advantages s8801] steps 524288 sparse20 42.0 potter0 1.0 (326.8s)
[asymmetric_advantages s8801] steps 526336 sparse20 43.0 potter0 1.0 (328.3s)
[asymmetric_advantages s8801] steps 528384 sparse20 41.0 potter0 1.0 (329.6s)
[asymmetric_advantages s8801] steps 530432 sparse20 29.0 potter0 1.0 (330.9s)
[asymmetric_advantages s8801] steps 532480 sparse20 35.0 potter0 1.0 (332.1s)
[asymmetric_advantages s8801] steps 534528 sparse20 34.0 potter0 1.0 (333.4s)
[asymmetric_advantages s8801] steps 536576 sparse20 27.0 potter0 1.0 (334.6s)
[asymmetric_advantages s8801] steps 538624 sparse20 27.0 potter0 1.0 (335.9s)
[asymmetric_advantages s8801] steps 540672 sparse20 23.0 potter0 1.0 (337.2s)
[asymmetric_advantages s8801] steps 542720 sparse20 23.0 potter0 1.0 (338.4s)
[asymmetric_advantages s8801] steps 544768 sparse20 30.0 potter0 1.0 (339.7s)
[asymmetric_advantages s8801] steps 546816 sparse20 41.0 potter0 1.0 (341.0s)
[asymmetric_advantages s8801] steps 548864 sparse20 41.0 potter0 1.0 (342.2s)
[asymmetric_advantages s8801] steps 550912 sparse20 44.0 potter0 1.0 (343.4s)
[asymmetric_advantages s8801] steps 552960 sparse20 43.0 potter0 1.0 (344.7s)
[asymmetric_advantages s8801] steps 555008 sparse20 38.0 potter0 1.0 (345.9s)
[asymmetric_advantages s8801] steps 557056 sparse20 44.0 potter0 1.0 (347.2s)
[asymmetric_advantages s8801] steps 559104 sparse20 46.0 potter0 1.0 (348.6s)
[asymmetric_advantages s8801] steps 561152 sparse20 43.0 potter0 1.0 (349.8s)
[asymmetric_advantages s8801] steps 563200 sparse20 43.0 potter0 1.0 (351.1s)
[asymmetric_advantages s8801] steps 565248 sparse20 37.0 potter0 1.0 (352.3s)
[asymmetric_advantages s8801] steps 567296 sparse20 38.0 potter0 1.0 (353.5s)
[asymmetric_advantages s8801] steps 569344 sparse20 38.0 potter0 1.0 (354.8s)
[asymmetric_advantages s8801] steps 571392 sparse20 43.0 potter0 1.0 (356.0s)
[asymmetric_advantages s8801] steps 573440 sparse20 53.0 potter0 1.0 (357.3s)
[asymmetric_advantages s8801] steps 575488 sparse20 55.0 potter0 1.0 (358.5s)
[asymmetric_advantages s8801] steps 577536 sparse20 52.0 potter0 1.0 (359.8s)
[asymmetric_advantages s8801] steps 579584 sparse20 50.0 potter0 1.0 (361.0s)
[asymmetric_advantages s8801] steps 581632 sparse20 48.0 potter0 1.0 (362.3s)
[asymmetric_advantages s8801] steps 583680 sparse20 45.0 potter0 1.0 (363.5s)
[asymmetric_advantages s8801] steps 585728 sparse20 47.0 potter0 1.0 (364.8s)
[asymmetric_advantages s8801] steps 587776 sparse20 50.0 potter0 1.0 (366.0s)
[asymmetric_advantages s8801] steps 589824 sparse20 46.0 potter0 1.0 (367.2s)
[asymmetric_advantages s8801] steps 591872 sparse20 54.0 potter0 1.0 (368.5s)
[asymmetric_advantages s8801] steps 593920 sparse20 54.0 potter0 1.0 (369.7s)
[asymmetric_advantages s8801] steps 595968 sparse20 50.0 potter0 1.0 (371.0s)
[asymmetric_advantages s8801] steps 598016 sparse20 48.0 potter0 1.0 (372.2s)
[asymmetric_advantages s8801] steps 600064 sparse20 45.0 potter0 1.0 (373.5s)
[asymmetric_advantages s8801] steps 602112 sparse20 49.0 potter0 1.0 (374.7s)
[asymmetric_advantages s8801] steps 604160 sparse20 53.0 potter0 1.0 (376.0s)
[asymmetric_advantages s8801] steps 606208 sparse20 55.0 potter0 1.0 (377.2s)
[asymmetric_advantages s8801] steps 608256 sparse20 51.0 potter0 1.0 (378.5s)
[asymmetric_advantages s8801] steps 610304 sparse20 44.0 potter0 1.0 (379.7s)
[asymmetric_advantages s8801] steps 612352 sparse20 40.0 potter0 1.0 (381.0s)
[asymmetric_advantages s8801] steps 614400 sparse20 46.0 potter0 1.0 (382.3s)
[asymmetric_advantages s8801] steps 616448 sparse20 53.0 potter0 1.0 (383.6s)
[asymmetric_advantages s8801] steps 618496 sparse20 52.0 potter0 1.0 (384.8s)
[asymmetric_advantages s8801] steps 620544 sparse20 51.0 potter0 1.0 (386.0s)
[asymmetric_advantages s8801] steps 622592 sparse20 49.0 potter0 1.0 (387.3s)
[asymmetric_advantages s8801] steps 624640 sparse20 45.0 potter0 1.0 (388.6s)
[asymmetric_advantages s8801] steps 626688 sparse20 47.0 potter0 1.0 (389.8s)
[asymmetric_advantages s8801] steps 628736 sparse20 54.0 potter0 1.0 (391.0s)
[asymmetric_advantages s8801] steps 630784 sparse20 53.0 potter0 1.0 (392.3s)
[asymmetric_advantages s8801] steps 632832 sparse20 54.0 potter0 1.0 (393.5s)
[asymmetric_advantages s8801] steps 634880 sparse20 57.0 potter0 1.0 (394.8s)
[asymmetric_advantages s8801] steps 636928 sparse20 48.0 potter0 1.0 (396.0s)
[asymmetric_advantages s8801] steps 638976 sparse20 41.0 potter0 0.95 (397.3s)
[asymmetric_advantages s8801] steps 641024 sparse20 48.0 potter0 0.95 (398.5s)
[asymmetric_advantages s8801] steps 643072 sparse20 50.0 potter0 0.95 (399.8s)
[asymmetric_advantages s8801] steps 645120 sparse20 52.0 potter0 0.95 (401.0s)
[asymmetric_advantages s8801] steps 647168 sparse20 51.0 potter0 1.0 (402.3s)
[asymmetric_advantages s8801] steps 649216 sparse20 51.0 potter0 1.0 (403.5s)
[asymmetric_advantages s8801] steps 651264 sparse20 48.0 potter0 1.0 (404.8s)
[asymmetric_advantages s8801] steps 653312 sparse20 49.0 potter0 1.0 (406.0s)
[asymmetric_advantages s8801] steps 655360 sparse20 47.0 potter0 1.0 (407.3s)
[asymmetric_advantages s8801] steps 657408 sparse20 48.0 potter0 1.0 (408.5s)
[asymmetric_advantages s8801] steps 659456 sparse20 53.0 potter0 1.0 (409.8s)
[asymmetric_advantages s8801] steps 661504 sparse20 58.0 potter0 1.0 (411.0s)
[asymmetric_advantages s8801] steps 663552 sparse20 64.0 potter0 1.0 (412.3s)
[asymmetric_advantages s8801] steps 665600 sparse20 62.0 potter0 1.0 (413.6s)
[asymmetric_advantages s8801] steps 667648 sparse20 61.0 potter0 1.0 (414.9s)
[asymmetric_advantages s8801] steps 669696 sparse20 57.0 potter0 1.0 (416.1s)
[asymmetric_advantages s8801] steps 671744 sparse20 56.0 potter0 1.0 (417.4s)
[asymmetric_advantages s8801] steps 673792 sparse20 61.0 potter0 1.0 (418.6s)
[asymmetric_advantages s8801] steps 675840 sparse20 65.0 potter0 1.0 (419.9s)
[asymmetric_advantages s8801] steps 677888 sparse20 68.0 potter0 1.0 (421.1s)
[asymmetric_advantages s8801] steps 679936 sparse20 67.0 potter0 1.0 (422.4s)
[asymmetric_advantages s8801] steps 681984 sparse20 68.0 potter0 1.0 (423.6s)
[asymmetric_advantages s8801] steps 684032 sparse20 63.0 potter0 1.0 (424.9s)
[asymmetric_advantages s8801] steps 686080 sparse20 59.0 potter0 1.0 (426.1s)
[asymmetric_advantages s8801] steps 688128 sparse20 61.0 potter0 1.0 (427.3s)
[asymmetric_advantages s8801] steps 690176 sparse20 53.0 potter0 1.0 (428.6s)
[asymmetric_advantages s8801] steps 692224 sparse20 58.0 potter0 1.0 (429.8s)
[asymmetric_advantages s8801] steps 694272 sparse20 62.0 potter0 1.0 (431.1s)
[asymmetric_advantages s8801] steps 696320 sparse20 61.0 potter0 1.0 (432.4s)
[asymmetric_advantages s8801] steps 698368 sparse20 59.0 potter0 1.0 (433.6s)
[asymmetric_advantages s8801] steps 700416 sparse20 54.0 potter0 1.0 (434.9s)
[asymmetric_advantages s8801] steps 702464 sparse20 56.0 potter0 1.0 (436.1s)
[asymmetric_advantages s8801] steps 704512 sparse20 56.0 potter0 1.0 (437.4s)
[asymmetric_advantages s8801] steps 706560 sparse20 62.0 potter0 1.0 (438.6s)
[asymmetric_advantages s8801] steps 708608 sparse20 64.0 potter0 1.0 (439.9s)
[asymmetric_advantages s8801] steps 710656 sparse20 63.0 potter0 1.0 (441.1s)
[asymmetric_advantages s8801] steps 712704 sparse20 65.0 potter0 1.0 (442.4s)
[asymmetric_advantages s8801] steps 714752 sparse20 66.0 potter0 1.0 (443.6s)
[asymmetric_advantages s8801] steps 716800 sparse20 67.0 potter0 1.0 (444.9s)
[asymmetric_advantages s8801] steps 718848 sparse20 68.0 potter0 1.0 (446.2s)
[asymmetric_advantages s8801] steps 720896 sparse20 68.0 potter0 1.0 (447.5s)
[asymmetric_advantages s8801] steps 722944 sparse20 67.0 potter0 1.0 (448.7s)
[asymmetric_advantages s8801] steps 724992 sparse20 72.0 potter0 1.0 (450.0s)
[asymmetric_advantages s8801] steps 727040 sparse20 71.0 potter0 1.0 (451.2s)
[asymmetric_advantages s8801] steps 729088 sparse20 74.0 potter0 1.0 (452.5s)
[asymmetric_advantages s8801] steps 731136 sparse20 80.0 potter0 1.0 (454.1s)
[asymmetric_advantages s8801] steps 733184 sparse20 72.0 potter0 1.0 (455.6s)
[asymmetric_advantages s8801] steps 735232 sparse20 77.0 potter0 1.0 (456.9s)
[asymmetric_advantages s8801] steps 737280 sparse20 82.0 potter0 1.0 (458.2s)
[asymmetric_advantages s8801] steps 739328 sparse20 81.0 potter0 1.0 (459.4s)
[asymmetric_advantages s8801] steps 741376 sparse20 84.0 potter0 1.0 (460.7s)
[asymmetric_advantages s8801] steps 743424 sparse20 81.0 potter0 1.0 (462.0s)
[asymmetric_advantages s8801] steps 745472 sparse20 84.0 potter0 1.0 (463.3s)
[asymmetric_advantages s8801] steps 747520 sparse20 79.0 potter0 1.0 (464.5s)
[asymmetric_advantages s8801] steps 749568 sparse20 70.0 potter0 1.0 (465.8s)
[asymmetric_advantages s8801] steps 751616 sparse20 61.0 potter0 1.0 (467.1s)
[asymmetric_advantages s8801] steps 753664 sparse20 53.0 potter0 1.0 (468.4s)
[asymmetric_advantages s8801] steps 755712 sparse20 60.0 potter0 1.0 (469.6s)
[asymmetric_advantages s8801] steps 757760 sparse20 75.0 potter0 1.0 (470.9s)
[asymmetric_advantages s8801] steps 759808 sparse20 90.0 potter0 1.0 (472.2s)
[asymmetric_advantages s8801] steps 761856 sparse20 95.0 potter0 1.0 (473.4s)
[asymmetric_advantages s8801] steps 763904 sparse20 88.0 potter0 1.0 (474.7s)
[asymmetric_advantages s8801] steps 765952 sparse20 78.0 potter0 1.0 (476.0s)
[asymmetric_advantages s8801] steps 768000 sparse20 68.0 potter0 1.0 (477.3s)
[asymmetric_advantages s8801] steps 770048 sparse20 67.0 potter0 1.0 (478.5s)
[asymmetric_advantages s8801] steps 772096 sparse20 71.0 potter0 1.0 (479.9s)
[asymmetric_advantages s8801] steps 774144 sparse20 76.0 potter0 1.0 (481.2s)
[asymmetric_advantages s8801] steps 776192 sparse20 75.0 potter0 1.0 (482.5s)
[asymmetric_advantages s8801] steps 778240 sparse20 78.0 potter0 1.0 (483.7s)
[asymmetric_advantages s8801] steps 780288 sparse20 81.0 potter0 1.0 (485.0s)
[asymmetric_advantages s8801] steps 782336 sparse20 80.0 potter0 1.0 (486.3s)
[asymmetric_advantages s8801] steps 784384 sparse20 80.0 potter0 1.0 (487.5s)
[asymmetric_advantages s8801] steps 786432 sparse20 75.0 potter0 1.0 (489.1s)
[asymmetric_advantages s8801] steps 788480 sparse20 75.0 potter0 1.0 (490.8s)
[asymmetric_advantages s8801] steps 790528 sparse20 77.0 potter0 1.0 (492.2s)
[asymmetric_advantages s8801] steps 792576 sparse20 74.0 potter0 1.0 (493.4s)
[asymmetric_advantages s8801] steps 794624 sparse20 73.0 potter0 1.0 (494.8s)
[asymmetric_advantages s8801] steps 796672 sparse20 76.0 potter0 1.0 (496.1s)
[asymmetric_advantages s8801] steps 798720 sparse20 74.0 potter0 1.0 (497.4s)
[asymmetric_advantages s8801] steps 800768 sparse20 76.0 potter0 1.0 (498.8s)
[asymmetric_advantages s8801] steps 802816 sparse20 80.0 potter0 1.0 (500.0s)
[asymmetric_advantages s8801] steps 804864 sparse20 84.0 potter0 1.0 (501.4s)
[asymmetric_advantages s8801] steps 806912 sparse20 84.0 potter0 1.0 (502.7s)
[asymmetric_advantages s8801] steps 808960 sparse20 89.0 potter0 1.0 (504.1s)
[asymmetric_advantages s8801] steps 811008 sparse20 90.0 potter0 1.0 (505.4s)
[asymmetric_advantages s8801] steps 813056 sparse20 88.0 potter0 1.0 (506.7s)
[asymmetric_advantages s8801] steps 815104 sparse20 85.0 potter0 1.0 (508.0s)
[asymmetric_advantages s8801] steps 817152 sparse20 80.0 potter0 1.0 (509.7s)
[asymmetric_advantages s8801] steps 819200 sparse20 79.0 potter0 1.0 (511.3s)
[asymmetric_advantages s8801] steps 821248 sparse20 86.0 potter0 1.0 (512.6s)
[asymmetric_advantages s8801] steps 823296 sparse20 91.0 potter0 1.0 (513.9s)
[asymmetric_advantages s8801] steps 825344 sparse20 91.0 potter0 1.0 (515.4s)
[asymmetric_advantages s8801] steps 827392 sparse20 91.0 potter0 1.0 (516.7s)
[asymmetric_advantages s8801] steps 829440 sparse20 88.0 potter0 1.0 (518.0s)
[asymmetric_advantages s8801] steps 831488 sparse20 90.0 potter0 1.0 (519.3s)
[asymmetric_advantages s8801] steps 833536 sparse20 89.0 potter0 1.0 (520.6s)
[asymmetric_advantages s8801] steps 835584 sparse20 90.0 potter0 1.0 (522.0s)
[asymmetric_advantages s8801] steps 837632 sparse20 84.0 potter0 1.0 (523.3s)
[asymmetric_advantages s8801] steps 839680 sparse20 90.0 potter0 1.0 (524.6s)
[asymmetric_advantages s8801] steps 841728 sparse20 90.0 potter0 1.0 (525.9s)
[asymmetric_advantages s8801] steps 843776 sparse20 91.0 potter0 1.0 (527.2s)
[asymmetric_advantages s8801] steps 845824 sparse20 87.0 potter0 1.0 (528.4s)
[asymmetric_advantages s8801] steps 847872 sparse20 79.0 potter0 1.0 (529.7s)
[asymmetric_advantages s8801] steps 849920 sparse20 90.0 potter0 1.0 (530.9s)
[asymmetric_advantages s8801] steps 851968 sparse20 86.0 potter0 1.0 (532.2s)
[asymmetric_advantages s8801] steps 854016 sparse20 88.0 potter0 1.0 (533.4s)
[asymmetric_advantages s8801] steps 856064 sparse20 98.0 potter0 1.0 (534.7s)
[asymmetric_advantages s8801] steps 858112 sparse20 87.0 potter0 1.0 (536.0s)
[asymmetric_advantages s8801] steps 860160 sparse20 89.0 potter0 1.0 (537.2s)
[asymmetric_advantages s8801] steps 862208 sparse20 88.0 potter0 1.0 (538.5s)
[asymmetric_advantages s8801] steps 864256 sparse20 81.0 potter0 1.0 (539.7s)
[asymmetric_advantages s8801] steps 866304 sparse20 88.0 potter0 1.0 (541.0s)
[asymmetric_advantages s8801] steps 868352 sparse20 96.0 potter0 1.0 (542.2s)
[asymmetric_advantages s8801] steps 870400 sparse20 102.0 potter0 1.0 (543.5s)
[asymmetric_advantages s8801] steps 872448 sparse20 95.0 potter0 1.0 (544.7s)
[asymmetric_advantages s8801] steps 874496 sparse20 101.0 potter0 1.0 (546.1s)
[asymmetric_advantages s8801] steps 876544 sparse20 95.0 potter0 1.0 (547.3s)
[asymmetric_advantages s8801] steps 878592 sparse20 95.0 potter0 1.0 (548.7s)
[asymmetric_advantages s8801] steps 880640 sparse20 99.0 potter0 1.0 (550.0s)
[asymmetric_advantages s8801] steps 882688 sparse20 92.0 potter0 1.0 (551.4s)
[asymmetric_advantages s8801] steps 884736 sparse20 95.0 potter0 1.0 (552.8s)
[asymmetric_advantages s8801] steps 886784 sparse20 102.0 potter0 1.0 (554.3s)
[asymmetric_advantages s8801] steps 888832 sparse20 105.0 potter0 1.0 (555.6s)
[asymmetric_advantages s8801] steps 890880 sparse20 106.0 potter0 1.0 (557.0s)
[asymmetric_advantages s8801] steps 892928 sparse20 104.0 potter0 1.0 (558.4s)
[asymmetric_advantages s8801] steps 894976 sparse20 98.0 potter0 1.0 (559.8s)
[asymmetric_advantages s8801] steps 897024 sparse20 99.0 potter0 1.0 (561.1s)
[asymmetric_advantages s8801] steps 899072 sparse20 99.0 potter0 1.0 (562.4s)
[asymmetric_advantages s8801] steps 901120 sparse20 101.0 potter0 1.0 (563.8s)
[asymmetric_advantages s8801] steps 903168 sparse20 103.0 potter0 1.0 (565.1s)
[asymmetric_advantages s8801] steps 905216 sparse20 99.0 potter0 1.0 (566.5s)
[asymmetric_advantages s8801] steps 907264 sparse20 108.0 potter0 1.0 (567.8s)
[asymmetric_advantages s8801] steps 909312 sparse20 104.0 potter0 1.0 (569.2s)
[asymmetric_advantages s8801] steps 911360 sparse20 112.0 potter0 1.0 (570.5s)
[asymmetric_advantages s8801] steps 913408 sparse20 108.0 potter0 1.0 (571.9s)
[asymmetric_advantages s8801] steps 915456 sparse20 95.0 potter0 1.0 (573.3s)
[asymmetric_advantages s8801] steps 917504 sparse20 100.0 potter0 1.0 (574.8s)
[asymmetric_advantages s8801] steps 919552 sparse20 102.0 potter0 1.0 (576.2s)
[asymmetric_advantages s8801] steps 921600 sparse20 104.0 potter0 1.0 (577.7s)
[asymmetric_advantages s8801] steps 923648 sparse20 100.0 potter0 1.0 (579.0s)
[asymmetric_advantages s8801] steps 925696 sparse20 99.0 potter0 1.0 (580.4s)
[asymmetric_advantages s8801] steps 927744 sparse20 102.0 potter0 1.0 (581.7s)
[asymmetric_advantages s8801] steps 929792 sparse20 108.0 potter0 1.0 (583.1s)
[asymmetric_advantages s8801] steps 931840 sparse20 113.0 potter0 1.0 (584.5s)
[asymmetric_advantages s8801] steps 933888 sparse20 112.0 potter0 1.0 (585.9s)
[asymmetric_advantages s8801] steps 935936 sparse20 114.0 potter0 1.0 (587.2s)
[asymmetric_advantages s8801] steps 937984 sparse20 112.0 potter0 1.0 (588.6s)
[asymmetric_advantages s8801] steps 940032 sparse20 113.0 potter0 1.0 (590.0s)
[asymmetric_advantages s8801] steps 942080 sparse20 107.0 potter0 1.0 (591.3s)
[asymmetric_advantages s8801] steps 944128 sparse20 109.0 potter0 1.0 (592.7s)
[asymmetric_advantages s8801] steps 946176 sparse20 103.0 potter0 1.0 (594.1s)
[asymmetric_advantages s8801] steps 948224 sparse20 104.0 potter0 1.0 (595.5s)
[asymmetric_advantages s8801] steps 950272 sparse20 111.0 potter0 1.0 (596.8s)
[asymmetric_advantages s8801] steps 952320 sparse20 108.0 potter0 1.0 (598.2s)
[asymmetric_advantages s8801] steps 954368 sparse20 119.0 potter0 1.0 (599.6s)
[asymmetric_advantages s8801] steps 956416 sparse20 119.0 potter0 1.0 (601.0s)
[asymmetric_advantages s8801] steps 958464 sparse20 111.0 potter0 1.0 (602.3s)
[asymmetric_advantages s8801] steps 960512 sparse20 116.0 potter0 1.0 (603.7s)
[asymmetric_advantages s8801] steps 962560 sparse20 107.0 potter0 1.0 (605.2s)
[asymmetric_advantages s8801] steps 964608 sparse20 98.0 potter0 1.0 (606.7s)
[asymmetric_advantages s8801] steps 966656 sparse20 107.0 potter0 1.0 (608.1s)
[asymmetric_advantages s8801] steps 968704 sparse20 102.0 potter0 1.0 (609.4s)
[asymmetric_advantages s8801] steps 970752 sparse20 101.0 potter0 1.0 (610.8s)
[asymmetric_advantages s8801] steps 972800 sparse20 111.0 potter0 1.0 (612.2s)
[asymmetric_advantages s8801] steps 974848 sparse20 101.0 potter0 1.0 (613.6s)
[asymmetric_advantages s8801] steps 976896 sparse20 90.0 potter0 1.0 (614.9s)
[asymmetric_advantages s8801] steps 978944 sparse20 91.0 potter0 1.0 (616.3s)
[asymmetric_advantages s8801] steps 980992 sparse20 94.0 potter0 1.0 (617.6s)
[asymmetric_advantages s8801] steps 983040 sparse20 100.0 potter0 1.0 (619.0s)
[asymmetric_advantages s8801] steps 985088 sparse20 105.0 potter0 1.0 (620.4s)
[asymmetric_advantages s8801] steps 987136 sparse20 99.0 potter0 1.0 (621.8s)
[asymmetric_advantages s8801] steps 989184 sparse20 89.0 potter0 1.0 (623.2s)
[asymmetric_advantages s8801] steps 991232 sparse20 96.0 potter0 1.0 (624.6s)
[asymmetric_advantages s8801] steps 993280 sparse20 99.0 potter0 1.0 (626.0s)
[asymmetric_advantages s8801] steps 995328 sparse20 102.0 potter0 1.0 (627.5s)
[asymmetric_advantages s8801] steps 997376 sparse20 109.0 potter0 1.0 (628.8s)
[asymmetric_advantages s8801] steps 999424 sparse20 107.0 potter0 1.0 (630.3s)
[asymmetric_advantages s8801] steps 1001472 sparse20 108.0 potter0 1.0 (631.6s)
[asymmetric_advantages s8801] steps 1003520 sparse20 108.0 potter0 1.0 (633.0s)
[asymmetric_advantages s8801] steps 1005568 sparse20 106.0 potter0 1.0 (634.5s)
[asymmetric_advantages s8801] steps 1007616 sparse20 107.0 potter0 1.0 (635.8s)
[asymmetric_advantages s8801] steps 1009664 sparse20 101.0 potter0 1.0 (637.2s)
[asymmetric_advantages s8801] steps 1011712 sparse20 99.0 potter0 1.0 (638.7s)
[asymmetric_advantages s8801] steps 1013760 sparse20 107.0 potter0 1.0 (640.1s)
[asymmetric_advantages s8801] steps 1015808 sparse20 105.0 potter0 1.0 (641.5s)
[asymmetric_advantages s8801] steps 1017856 sparse20 113.0 potter0 1.0 (642.8s)
[asymmetric_advantages s8801] steps 1019904 sparse20 116.0 potter0 1.0 (644.2s)
[asymmetric_advantages s8801] steps 1021952 sparse20 113.0 potter0 1.0 (645.7s)
[asymmetric_advantages s8801] steps 1024000 sparse20 108.0 potter0 1.0 (647.1s)
[asymmetric_advantages s8801] steps 1026048 sparse20 102.0 potter0 1.0 (648.5s)
[asymmetric_advantages s8801] steps 1028096 sparse20 100.0 potter0 1.0 (649.8s)
[asymmetric_advantages s8801] steps 1030144 sparse20 105.0 potter0 1.0 (651.2s)
[asymmetric_advantages s8801] steps 1032192 sparse20 107.0 potter0 1.0 (652.6s)
[asymmetric_advantages s8801] steps 1034240 sparse20 102.0 potter0 1.0 (653.9s)
[asymmetric_advantages s8801] steps 1036288 sparse20 104.0 potter0 1.0 (655.3s)
[asymmetric_advantages s8801] steps 1038336 sparse20 103.0 potter0 1.0 (656.8s)
[asymmetric_advantages s8801] steps 1040384 sparse20 99.0 potter0 1.0 (658.2s)
[asymmetric_advantages s8801] steps 1042432 sparse20 101.0 potter0 1.0 (659.6s)
[asymmetric_advantages s8801] steps 1044480 sparse20 107.0 potter0 1.0 (661.0s)
[asymmetric_advantages s8801] steps 1046528 sparse20 115.0 potter0 1.0 (662.5s)
[asymmetric_advantages s8801] steps 1048576 sparse20 119.0 potter0 1.0 (663.9s)
[asymmetric_advantages s8801] steps 1050624 sparse20 124.0 potter0 1.0 (665.4s)
[asymmetric_advantages s8801] steps 1052672 sparse20 120.0 potter0 1.0 (666.9s)
[asymmetric_advantages s8801] steps 1054720 sparse20 119.0 potter0 1.0 (668.3s)
[asymmetric_advantages s8801] steps 1056768 sparse20 119.0 potter0 1.0 (669.7s)
[asymmetric_advantages s8801] steps 1058816 sparse20 123.0 potter0 1.0 (671.0s)
[asymmetric_advantages s8801] steps 1060864 sparse20 123.0 potter0 1.0 (672.4s)
[asymmetric_advantages s8801] steps 1062912 sparse20 119.0 potter0 1.0 (673.8s)
[asymmetric_advantages s8801] steps 1064960 sparse20 125.0 potter0 1.0 (675.2s)
[asymmetric_advantages s8801] steps 1067008 sparse20 116.0 potter0 1.0 (676.6s)
[asymmetric_advantages s8801] steps 1069056 sparse20 114.0 potter0 1.0 (677.8s)
[asymmetric_advantages s8801] steps 1071104 sparse20 118.0 potter0 1.0 (679.2s)
[asymmetric_advantages s8801] steps 1073152 sparse20 108.0 potter0 1.0 (680.6s)
[asymmetric_advantages s8801] steps 1075200 sparse20 119.0 potter0 1.0 (681.9s)
[asymmetric_advantages s8801] steps 1077248 sparse20 125.0 potter0 1.0 (683.3s)
[asymmetric_advantages s8801] steps 1079296 sparse20 123.0 potter0 1.0 (684.6s)
[asymmetric_advantages s8801] steps 1081344 sparse20 131.0 potter0 1.0 (686.0s)
[asymmetric_advantages s8801] steps 1083392 sparse20 132.0 potter0 1.0 (687.3s)
[asymmetric_advantages s8801] steps 1085440 sparse20 129.0 potter0 1.0 (688.7s)
[asymmetric_advantages s8801] steps 1087488 sparse20 130.0 potter0 1.0 (689.9s)
[asymmetric_advantages s8801] steps 1089536 sparse20 131.0 potter0 1.0 (691.3s)
[asymmetric_advantages s8801] steps 1091584 sparse20 124.0 potter0 1.0 (692.8s)
[asymmetric_advantages s8801] steps 1093632 sparse20 129.0 potter0 1.0 (694.1s)
[asymmetric_advantages s8801] steps 1095680 sparse20 130.0 potter0 1.0 (695.4s)
[asymmetric_advantages s8801] steps 1097728 sparse20 137.0 potter0 1.0 (696.8s)
[asymmetric_advantages s8801] steps 1099776 sparse20 139.0 potter0 1.0 (698.1s)
[asymmetric_advantages s8801] steps 1101824 sparse20 142.0 potter0 1.0 (699.5s)
[asymmetric_advantages s8801] steps 1103872 sparse20 135.0 potter0 1.0 (700.8s)
[asymmetric_advantages s8801] steps 1105920 sparse20 126.0 potter0 1.0 (702.1s)
[asymmetric_advantages s8801] steps 1107968 sparse20 123.0 potter0 1.0 (703.5s)
[asymmetric_advantages s8801] steps 1110016 sparse20 118.0 potter0 1.0 (704.9s)
[asymmetric_advantages s8801] steps 1112064 sparse20 120.0 potter0 1.0 (706.2s)
[asymmetric_advantages s8801] steps 1114112 sparse20 109.0 potter0 1.0 (707.5s)
[asymmetric_advantages s8801] steps 1116160 sparse20 97.0 potter0 1.0 (709.0s)
[asymmetric_advantages s8801] steps 1118208 sparse20 96.0 potter0 1.0 (710.3s)
[asymmetric_advantages s8801] steps 1120256 sparse20 91.0 potter0 1.0 (711.7s)
[asymmetric_advantages s8801] steps 1122304 sparse20 94.0 potter0 1.0 (713.0s)
[asymmetric_advantages s8801] steps 1124352 sparse20 103.0 potter0 1.0 (714.4s)
[asymmetric_advantages s8801] steps 1126400 sparse20 115.0 potter0 1.0 (715.8s)
[asymmetric_advantages s8801] steps 1128448 sparse20 125.0 potter0 1.0 (717.2s)
[asymmetric_advantages s8801] steps 1130496 sparse20 127.0 potter0 1.0 (718.5s)
[asymmetric_advantages s8801] steps 1132544 sparse20 132.0 potter0 1.0 (719.9s)
[asymmetric_advantages s8801] steps 1134592 sparse20 124.0 potter0 1.0 (721.3s)
[asymmetric_advantages s8801] steps 1136640 sparse20 122.0 potter0 1.0 (722.7s)
[asymmetric_advantages s8801] steps 1138688 sparse20 123.0 potter0 1.0 (724.0s)
[asymmetric_advantages s8801] steps 1140736 sparse20 126.0 potter0 1.0 (725.4s)
[asymmetric_advantages s8801] steps 1142784 sparse20 141.0 potter0 1.0 (726.8s)
[asymmetric_advantages s8801] steps 1144832 sparse20 141.0 potter0 1.0 (728.3s)
[asymmetric_advantages s8801] steps 1146880 sparse20 150.0 potter0 1.0 (729.6s)
[asymmetric_advantages s8801] steps 1148928 sparse20 145.0 potter0 1.0 (731.0s)
[asymmetric_advantages s8801] steps 1150976 sparse20 139.0 potter0 1.0 (732.3s)
[asymmetric_advantages s8801] steps 1153024 sparse20 144.0 potter0 1.0 (733.6s)
[asymmetric_advantages s8801] steps 1155072 sparse20 138.0 potter0 1.0 (735.0s)
[asymmetric_advantages s8801] steps 1157120 sparse20 144.0 potter0 1.0 (736.3s)
[asymmetric_advantages s8801] steps 1159168 sparse20 138.0 potter0 1.0 (737.7s)
[asymmetric_advantages s8801] steps 1161216 sparse20 140.0 potter0 1.0 (739.0s)
[asymmetric_advantages s8801] steps 1163264 sparse20 132.0 potter0 1.0 (740.4s)
[asymmetric_advantages s8801] steps 1165312 sparse20 131.0 potter0 1.0 (741.7s)
[asymmetric_advantages s8801] steps 1167360 sparse20 129.0 potter0 1.0 (743.0s)
[asymmetric_advantages s8801] steps 1169408 sparse20 131.0 potter0 1.0 (744.4s)
[asymmetric_advantages s8801] steps 1171456 sparse20 137.0 potter0 1.0 (745.7s)
[asymmetric_advantages s8801] steps 1173504 sparse20 137.0 potter0 1.0 (747.0s)
[asymmetric_advantages s8801] steps 1175552 sparse20 148.0 potter0 1.0 (748.4s)
[asymmetric_advantages s8801] steps 1177600 sparse20 139.0 potter0 1.0 (749.8s)
[asymmetric_advantages s8801] steps 1179648 sparse20 132.0 potter0 1.0 (751.1s)
[asymmetric_advantages s8801] steps 1181696 sparse20 126.0 potter0 1.0 (752.5s)
[asymmetric_advantages s8801] steps 1183744 sparse20 117.0 potter0 1.0 (753.9s)
[asymmetric_advantages s8801] steps 1185792 sparse20 119.0 potter0 1.0 (755.3s)
[asymmetric_advantages s8801] steps 1187840 sparse20 112.0 potter0 1.0 (756.6s)
[asymmetric_advantages s8801] steps 1189888 sparse20 115.0 potter0 1.0 (757.9s)
[asymmetric_advantages s8801] steps 1191936 sparse20 120.0 potter0 1.0 (759.4s)
[asymmetric_advantages s8801] steps 1193984 sparse20 116.0 potter0 1.0 (760.8s)
[asymmetric_advantages s8801] steps 1196032 sparse20 130.0 potter0 1.0 (762.2s)
[asymmetric_advantages s8801] steps 1198080 sparse20 133.0 potter0 1.0 (763.8s)
[asymmetric_advantages s8801] steps 1200128 sparse20 124.0 potter0 1.0 (765.3s)
[asymmetric_advantages s8801] steps 1202176 sparse20 135.0 potter0 1.0 (766.7s)
[asymmetric_advantages s8801] steps 1204224 sparse20 136.0 potter0 1.0 (768.2s)
[asymmetric_advantages s8801] steps 1206272 sparse20 138.0 potter0 1.0 (769.5s)
[asymmetric_advantages s8801] steps 1208320 sparse20 156.0 potter0 1.0 (770.9s)
[asymmetric_advantages s8801] steps 1210368 sparse20 151.0 potter0 1.0 (772.3s)
[asymmetric_advantages s8801] steps 1212416 sparse20 147.0 potter0 1.0 (773.8s)
[asymmetric_advantages s8801] steps 1214464 sparse20 144.0 potter0 1.0 (775.2s)
[asymmetric_advantages s8801] steps 1216512 sparse20 138.0 potter0 1.0 (776.7s)
[asymmetric_advantages s8801] steps 1218560 sparse20 144.0 potter0 1.0 (778.1s)
[asymmetric_advantages s8801] steps 1220608 sparse20 146.0 potter0 1.0 (779.6s)
[asymmetric_advantages s8801] steps 1222656 sparse20 153.0 potter0 1.0 (780.9s)
[asymmetric_advantages s8801] steps 1224704 sparse20 159.0 potter0 1.0 (782.3s)
[asymmetric_advantages s8801] steps 1226752 sparse20 146.0 potter0 1.0 (783.6s)
[asymmetric_advantages s8801] steps 1228800 sparse20 125.0 potter0 1.0 (785.0s)
[asymmetric_advantages s8801] steps 1230848 sparse20 112.0 potter0 1.0 (786.4s)
[asymmetric_advantages s8801] steps 1232896 sparse20 107.0 potter0 1.0 (787.7s)
[asymmetric_advantages s8801] steps 1234944 sparse20 120.0 potter0 1.0 (789.1s)
[asymmetric_advantages s8801] steps 1236992 sparse20 120.0 potter0 1.0 (790.5s)
[asymmetric_advantages s8801] steps 1239040 sparse20 124.0 potter0 1.0 (791.8s)
[asymmetric_advantages s8801] steps 1241088 sparse20 122.0 potter0 1.0 (793.2s)
[asymmetric_advantages s8801] steps 1243136 sparse20 117.0 potter0 1.0 (794.6s)
[asymmetric_advantages s8801] steps 1245184 sparse20 129.0 potter0 1.0 (796.1s)
[asymmetric_advantages s8801] steps 1247232 sparse20 138.0 potter0 1.0 (797.6s)
[asymmetric_advantages s8801] steps 1249280 sparse20 145.0 potter0 1.0 (798.8s)
[asymmetric_advantages s8801] steps 1251328 sparse20 160.0 potter0 1.0 (800.4s)
[asymmetric_advantages s8801] steps 1253376 sparse20 156.0 potter0 1.0 (801.7s)
[asymmetric_advantages s8801] steps 1255424 sparse20 146.0 potter0 1.0 (803.0s)
[asymmetric_advantages s8801] steps 1257472 sparse20 125.0 potter0 1.0 (804.3s)
[asymmetric_advantages s8801] steps 1259520 sparse20 117.0 potter0 1.0 (805.6s)
[asymmetric_advantages s8801] steps 1261568 sparse20 111.0 potter0 1.0 (807.0s)
[asymmetric_advantages s8801] steps 1263616 sparse20 117.0 potter0 1.0 (808.3s)
[asymmetric_advantages s8801] steps 1265664 sparse20 126.0 potter0 1.0 (809.6s)
[asymmetric_advantages s8801] steps 1267712 sparse20 122.0 potter0 1.0 (811.0s)
[asymmetric_advantages s8801] steps 1269760 sparse20 123.0 potter0 1.0 (812.3s)
[asymmetric_advantages s8801] steps 1271808 sparse20 122.0 potter0 1.0 (813.7s)
[asymmetric_advantages s8801] steps 1273856 sparse20 124.0 potter0 1.0 (815.1s)
[asymmetric_advantages s8801] steps 1275904 sparse20 124.0 potter0 1.0 (816.4s)
[asymmetric_advantages s8801] steps 1277952 sparse20 130.0 potter0 1.0 (817.7s)
[asymmetric_advantages s8801] steps 1280000 sparse20 138.0 potter0 1.0 (819.1s)
[asymmetric_advantages s8801] steps 1282048 sparse20 136.0 potter0 1.0 (820.5s)
[asymmetric_advantages s8801] steps 1284096 sparse20 138.0 potter0 1.0 (821.8s)
[asymmetric_advantages s8801] steps 1286144 sparse20 138.0 potter0 1.0 (823.2s)
[asymmetric_advantages s8801] steps 1288192 sparse20 146.0 potter0 1.0 (824.6s)
[asymmetric_advantages s8801] steps 1290240 sparse20 149.0 potter0 1.0 (825.9s)
[asymmetric_advantages s8801] steps 1292288 sparse20 148.0 potter0 1.0 (827.2s)
[asymmetric_advantages s8801] steps 1294336 sparse20 156.0 potter0 1.0 (828.6s)
[asymmetric_advantages s8801] steps 1296384 sparse20 150.0 potter0 1.0 (829.9s)
[asymmetric_advantages s8801] steps 1298432 sparse20 146.0 potter0 1.0 (831.3s)
[asymmetric_advantages s8801] steps 1300480 sparse20 154.0 potter0 1.0 (832.7s)
[asymmetric_advantages s8801] steps 1302528 sparse20 147.0 potter0 1.0 (834.0s)
[asymmetric_advantages s8801] steps 1304576 sparse20 140.0 potter0 1.0 (835.4s)
[asymmetric_advantages s8801] steps 1306624 sparse20 148.0 potter0 1.0 (836.8s)
[asymmetric_advantages s8801] steps 1308672 sparse20 144.0 potter0 1.0 (838.1s)
[asymmetric_advantages s8801] steps 1310720 sparse20 137.0 potter0 1.0 (839.4s)
[asymmetric_advantages s8801] steps 1312768 sparse20 136.0 potter0 1.0 (840.8s)
[asymmetric_advantages s8801] steps 1314816 sparse20 135.0 potter0 1.0 (842.2s)
[asymmetric_advantages s8801] steps 1316864 sparse20 143.0 potter0 1.0 (843.5s)
[asymmetric_advantages s8801] steps 1318912 sparse20 155.0 potter0 1.0 (844.8s)
[asymmetric_advantages s8801] steps 1320960 sparse20 163.0 potter0 1.0 (846.2s)
[asymmetric_advantages s8801] steps 1323008 sparse20 161.0 potter0 1.0 (847.5s)
[asymmetric_advantages s8801] steps 1325056 sparse20 161.0 potter0 1.0 (848.9s)
[asymmetric_advantages s8801] steps 1327104 sparse20 154.0 potter0 1.0 (850.2s)
[asymmetric_advantages s8801] steps 1329152 sparse20 141.0 potter0 1.0 (851.5s)
[asymmetric_advantages s8801] steps 1331200 sparse20 134.0 potter0 1.0 (852.9s)
[asymmetric_advantages s8801] steps 1333248 sparse20 118.0 potter0 1.0 (854.3s)
[asymmetric_advantages s8801] steps 1335296 sparse20 116.0 potter0 1.0 (855.7s)
[asymmetric_advantages s8801] steps 1337344 sparse20 107.0 potter0 1.0 (857.0s)
[asymmetric_advantages s8801] steps 1339392 sparse20 103.0 potter0 1.0 (858.3s)
[asymmetric_advantages s8801] steps 1341440 sparse20 100.0 potter0 1.0 (859.7s)
[asymmetric_advantages s8801] steps 1343488 sparse20 91.0 potter0 1.0 (861.0s)
[asymmetric_advantages s8801] steps 1345536 sparse20 107.0 potter0 1.0 (862.3s)
[asymmetric_advantages s8801] steps 1347584 sparse20 117.0 potter0 1.0 (863.6s)
[asymmetric_advantages s8801] steps 1349632 sparse20 123.0 potter0 1.0 (865.0s)
[asymmetric_advantages s8801] steps 1351680 sparse20 132.0 potter0 1.0 (866.4s)
[asymmetric_advantages s8801] steps 1353728 sparse20 114.0 potter0 1.0 (867.7s)
[asymmetric_advantages s8801] steps 1355776 sparse20 118.0 potter0 1.0 (869.0s)
[asymmetric_advantages s8801] steps 1357824 sparse20 130.0 potter0 1.0 (870.5s)
[asymmetric_advantages s8801] steps 1359872 sparse20 131.0 potter0 1.0 (871.8s)
[asymmetric_advantages s8801] steps 1361920 sparse20 150.0 potter0 1.0 (873.2s)
[asymmetric_advantages s8801] steps 1363968 sparse20 155.0 potter0 1.0 (874.4s)
[asymmetric_advantages s8801] steps 1366016 sparse20 152.0 potter0 1.0 (875.8s)
[asymmetric_advantages s8801] steps 1368064 sparse20 143.0 potter0 1.0 (877.2s)
[asymmetric_advantages s8801] steps 1370112 sparse20 141.0 potter0 1.0 (878.5s)
[asymmetric_advantages s8801] steps 1372160 sparse20 136.0 potter0 1.0 (879.8s)
[asymmetric_advantages s8801] steps 1374208 sparse20 129.0 potter0 1.0 (881.2s)
[asymmetric_advantages s8801] steps 1376256 sparse20 127.0 potter0 1.0 (882.5s)
[asymmetric_advantages s8801] steps 1378304 sparse20 121.0 potter0 1.0 (883.9s)
[asymmetric_advantages s8801] steps 1380352 sparse20 120.0 potter0 1.0 (885.3s)
[asymmetric_advantages s8801] steps 1382400 sparse20 130.0 potter0 1.0 (886.6s)
[asymmetric_advantages s8801] steps 1384448 sparse20 141.0 potter0 1.0 (888.0s)
[asymmetric_advantages s8801] steps 1386496 sparse20 134.0 potter0 1.0 (889.3s)
[asymmetric_advantages s8801] steps 1388544 sparse20 136.0 potter0 1.0 (890.7s)
[asymmetric_advantages s8801] steps 1390592 sparse20 140.0 potter0 1.0 (892.0s)
[asymmetric_advantages s8801] steps 1392640 sparse20 132.0 potter0 1.0 (893.4s)
[asymmetric_advantages s8801] steps 1394688 sparse20 139.0 potter0 1.0 (894.7s)
[asymmetric_advantages s8801] steps 1396736 sparse20 134.0 potter0 1.0 (896.0s)
[asymmetric_advantages s8801] steps 1398784 sparse20 128.0 potter0 1.0 (897.3s)
[asymmetric_advantages s8801] steps 1400832 sparse20 138.0 potter0 1.0 (898.7s)
[asymmetric_advantages s8801] steps 1402880 sparse20 135.0 potter0 1.0 (900.1s)
[asymmetric_advantages s8801] steps 1404928 sparse20 133.0 potter0 1.0 (901.5s)
[asymmetric_advantages s8801] steps 1406976 sparse20 129.0 potter0 1.0 (902.8s)
[asymmetric_advantages s8801] steps 1409024 sparse20 125.0 potter0 1.0 (904.2s)
[asymmetric_advantages s8801] steps 1411072 sparse20 123.0 potter0 1.0 (905.7s)
[asymmetric_advantages s8801] steps 1413120 sparse20 124.0 potter0 1.0 (907.1s)
[asymmetric_advantages s8801] steps 1415168 sparse20 125.0 potter0 1.0 (908.4s)
[asymmetric_advantages s8801] steps 1417216 sparse20 128.0 potter0 1.0 (909.7s)
[asymmetric_advantages s8801] steps 1419264 sparse20 133.0 potter0 1.0 (911.1s)
[asymmetric_advantages s8801] steps 1421312 sparse20 136.0 potter0 1.0 (912.5s)
[asymmetric_advantages s8801] steps 1423360 sparse20 137.0 potter0 1.0 (913.8s)
[asymmetric_advantages s8801] steps 1425408 sparse20 140.0 potter0 1.0 (915.2s)
[asymmetric_advantages s8801] steps 1427456 sparse20 145.0 potter0 1.0 (916.6s)
[asymmetric_advantages s8801] steps 1429504 sparse20 137.0 potter0 1.0 (917.9s)
[asymmetric_advantages s8801] steps 1431552 sparse20 136.0 potter0 1.0 (919.3s)
[asymmetric_advantages s8801] steps 1433600 sparse20 131.0 potter0 1.0 (920.6s)
[asymmetric_advantages s8801] steps 1435648 sparse20 125.0 potter0 1.0 (921.9s)
[asymmetric_advantages s8801] steps 1437696 sparse20 125.0 potter0 1.0 (923.3s)
[asymmetric_advantages s8801] steps 1439744 sparse20 116.0 potter0 1.0 (924.6s)
[asymmetric_advantages s8801] steps 1441792 sparse20 98.0 potter0 1.0 (925.9s)
[asymmetric_advantages s8801] steps 1443840 sparse20 102.0 potter0 1.0 (927.3s)
[asymmetric_advantages s8801] steps 1445888 sparse20 107.0 potter0 1.0 (928.7s)
[asymmetric_advantages s8801] steps 1447936 sparse20 106.0 potter0 1.0 (930.0s)
[asymmetric_advantages s8801] steps 1449984 sparse20 116.0 potter0 1.0 (931.4s)
[asymmetric_advantages s8801] steps 1452032 sparse20 119.0 potter0 1.0 (932.7s)
[asymmetric_advantages s8801] steps 1454080 sparse20 119.0 potter0 1.0 (934.1s)
[asymmetric_advantages s8801] steps 1456128 sparse20 125.0 potter0 1.0 (935.5s)
[asymmetric_advantages s8801] steps 1458176 sparse20 122.0 potter0 1.0 (936.8s)
[asymmetric_advantages s8801] steps 1460224 sparse20 124.0 potter0 1.0 (938.1s)
[asymmetric_advantages s8801] steps 1462272 sparse20 122.0 potter0 1.0 (939.4s)
[asymmetric_advantages s8801] steps 1464320 sparse20 123.0 potter0 1.0 (941.0s)
[asymmetric_advantages s8801] steps 1466368 sparse20 132.0 potter0 1.0 (942.3s)
[asymmetric_advantages s8801] steps 1468416 sparse20 129.0 potter0 1.0 (943.6s)
[asymmetric_advantages s8801] steps 1470464 sparse20 133.0 potter0 1.0 (945.0s)
[asymmetric_advantages s8801] steps 1472512 sparse20 137.0 potter0 1.0 (946.3s)
[asymmetric_advantages s8801] steps 1474560 sparse20 137.0 potter0 1.0 (947.7s)
[asymmetric_advantages s8801] steps 1476608 sparse20 139.0 potter0 1.0 (949.0s)
[asymmetric_advantages s8801] steps 1478656 sparse20 143.0 potter0 1.0 (950.3s)
[asymmetric_advantages s8801] steps 1480704 sparse20 145.0 potter0 1.0 (951.7s)
[asymmetric_advantages s8801] steps 1482752 sparse20 145.0 potter0 1.0 (953.1s)
[asymmetric_advantages s8801] steps 1484800 sparse20 144.0 potter0 1.0 (954.4s)
[asymmetric_advantages s8801] steps 1486848 sparse20 144.0 potter0 1.0 (955.8s)
[asymmetric_advantages s8801] steps 1488896 sparse20 140.0 potter0 1.0 (957.1s)
[asymmetric_advantages s8801] steps 1490944 sparse20 137.0 potter0 1.0 (958.5s)
[asymmetric_advantages s8801] steps 1492992 sparse20 134.0 potter0 1.0 (959.8s)
[asymmetric_advantages s8801] steps 1495040 sparse20 129.0 potter0 1.0 (961.2s)
[asymmetric_advantages s8801] steps 1497088 sparse20 122.0 potter0 1.0 (962.5s)
[asymmetric_advantages s8801] steps 1499136 sparse20 126.0 potter0 1.0 (963.9s)
[asymmetric_advantages s8801] steps 1501184 sparse20 132.0 potter0 1.0 (965.4s)
[asymmetric_advantages s8801] steps 1503232 sparse20 135.0 potter0 1.0 (966.7s)
[asymmetric_advantages s8801] steps 1505280 sparse20 140.0 potter0 1.0 (968.1s)
[asymmetric_advantages s8801] steps 1507328 sparse20 137.0 potter0 1.0 (969.5s)
[asymmetric_advantages s8801] steps 1509376 sparse20 129.0 potter0 1.0 (970.8s)
[asymmetric_advantages s8801] steps 1511424 sparse20 133.0 potter0 1.0 (972.1s)
[asymmetric_advantages s8801] steps 1513472 sparse20 132.0 potter0 1.0 (973.5s)
[asymmetric_advantages s8801] steps 1515520 sparse20 139.0 potter0 1.0 (974.8s)
[asymmetric_advantages s8801] steps 1517568 sparse20 144.0 potter0 1.0 (976.3s)
[asymmetric_advantages s8801] steps 1519616 sparse20 133.0 potter0 1.0 (977.6s)
[asymmetric_advantages s8801] steps 1521664 sparse20 128.0 potter0 1.0 (979.0s)
[asymmetric_advantages s8801] steps 1523712 sparse20 119.0 potter0 1.0 (980.4s)
[asymmetric_advantages s8801] steps 1525760 sparse20 117.0 potter0 1.0 (981.7s)
[asymmetric_advantages s8801] steps 1527808 sparse20 116.0 potter0 1.0 (983.1s)
[asymmetric_advantages s8801] steps 1529856 sparse20 115.0 potter0 1.0 (984.4s)
[asymmetric_advantages s8801] steps 1531904 sparse20 125.0 potter0 1.0 (985.7s)
[asymmetric_advantages s8801] steps 1533952 sparse20 134.0 potter0 1.0 (987.1s)
[asymmetric_advantages s8801] steps 1536000 sparse20 141.0 potter0 1.0 (988.5s)
[asymmetric_advantages s8801] steps 1538048 sparse20 149.0 potter0 1.0 (989.8s)
[asymmetric_advantages s8801] steps 1540096 sparse20 148.0 potter0 1.0 (991.1s)
[asymmetric_advantages s8801] steps 1542144 sparse20 145.0 potter0 1.0 (992.5s)
[asymmetric_advantages s8801] steps 1544192 sparse20 150.0 potter0 1.0 (993.9s)
[asymmetric_advantages s8801] steps 1546240 sparse20 159.0 potter0 1.0 (995.2s)
[asymmetric_advantages s8801] steps 1548288 sparse20 160.0 potter0 1.0 (996.6s)
[asymmetric_advantages s8801] steps 1550336 sparse20 150.0 potter0 1.0 (997.9s)
[asymmetric_advantages s8801] steps 1552384 sparse20 155.0 potter0 1.0 (999.3s)
[asymmetric_advantages s8801] steps 1554432 sparse20 151.0 potter0 1.0 (1000.6s)
[asymmetric_advantages s8801] steps 1556480 sparse20 156.0 potter0 1.0 (1002.1s)
[asymmetric_advantages s8801] steps 1558528 sparse20 159.0 potter0 1.0 (1003.6s)
[asymmetric_advantages s8801] steps 1560576 sparse20 160.0 potter0 1.0 (1004.9s)
[asymmetric_advantages s8801] steps 1562624 sparse20 144.0 potter0 1.0 (1006.2s)
[asymmetric_advantages s8801] steps 1564672 sparse20 142.0 potter0 1.0 (1007.6s)
[asymmetric_advantages s8801] steps 1566720 sparse20 137.0 potter0 1.0 (1008.9s)
[asymmetric_advantages s8801] steps 1568768 sparse20 135.0 potter0 1.0 (1010.2s)
[asymmetric_advantages s8801] steps 1570816 sparse20 135.0 potter0 1.0 (1011.7s)
[asymmetric_advantages s8801] steps 1572864 sparse20 140.0 potter0 1.0 (1013.1s)
[asymmetric_advantages s8801] steps 1574912 sparse20 147.0 potter0 1.0 (1014.4s)
[asymmetric_advantages s8801] steps 1576960 sparse20 142.0 potter0 1.0 (1015.8s)
[asymmetric_advantages s8801] steps 1579008 sparse20 132.0 potter0 1.0 (1017.1s)
[asymmetric_advantages s8801] steps 1581056 sparse20 133.0 potter0 1.0 (1018.5s)
[asymmetric_advantages s8801] steps 1583104 sparse20 126.0 potter0 1.0 (1019.9s)
[asymmetric_advantages s8801] steps 1585152 sparse20 121.0 potter0 1.0 (1021.2s)
[asymmetric_advantages s8801] steps 1587200 sparse20 118.0 potter0 1.0 (1022.5s)
[asymmetric_advantages s8801] steps 1589248 sparse20 104.0 potter0 1.0 (1023.8s)
[asymmetric_advantages s8801] steps 1591296 sparse20 97.0 potter0 1.0 (1025.2s)
[asymmetric_advantages s8801] steps 1593344 sparse20 95.0 potter0 1.0 (1026.5s)
[asymmetric_advantages s8801] steps 1595392 sparse20 102.0 potter0 1.0 (1027.9s)
[asymmetric_advantages s8801] steps 1597440 sparse20 107.0 potter0 1.0 (1029.2s)
[asymmetric_advantages s8801] steps 1599488 sparse20 107.0 potter0 1.0 (1030.5s)
[asymmetric_advantages s8801] steps 1601536 sparse20 107.0 potter0 1.0 (1031.9s)
[asymmetric_advantages s8801] steps 1603584 sparse20 98.0 potter0 1.0 (1033.3s)
[asymmetric_advantages s8801] steps 1605632 sparse20 102.0 potter0 1.0 (1034.6s)
[asymmetric_advantages s8801] steps 1607680 sparse20 102.0 potter0 1.0 (1035.9s)
[asymmetric_advantages s8801] steps 1609728 sparse20 107.0 potter0 1.0 (1037.3s)
[asymmetric_advantages s8801] steps 1611776 sparse20 111.0 potter0 1.0 (1038.6s)
[asymmetric_advantages s8801] steps 1613824 sparse20 111.0 potter0 1.0 (1040.0s)
[asymmetric_advantages s8801] steps 1615872 sparse20 105.0 potter0 1.0 (1041.2s)
[asymmetric_advantages s8801] steps 1617920 sparse20 101.0 potter0 1.0 (1042.6s)
[asymmetric_advantages s8801] steps 1619968 sparse20 101.0 potter0 1.0 (1044.0s)
[asymmetric_advantages s8801] steps 1622016 sparse20 112.0 potter0 1.0 (1045.4s)
[asymmetric_advantages s8801] steps 1624064 sparse20 115.0 potter0 1.0 (1046.8s)
[asymmetric_advantages s8801] steps 1626112 sparse20 118.0 potter0 1.0 (1048.2s)
[asymmetric_advantages s8801] steps 1628160 sparse20 124.0 potter0 1.0 (1049.5s)
[asymmetric_advantages s8801] steps 1630208 sparse20 116.0 potter0 1.0 (1050.8s)
[asymmetric_advantages s8801] steps 1632256 sparse20 125.0 potter0 1.0 (1052.1s)
[asymmetric_advantages s8801] steps 1634304 sparse20 129.0 potter0 1.0 (1053.5s)
[asymmetric_advantages s8801] steps 1636352 sparse20 126.0 potter0 1.0 (1054.8s)
[asymmetric_advantages s8801] steps 1638400 sparse20 129.0 potter0 1.0 (1056.2s)
[asymmetric_advantages s8801] steps 1640448 sparse20 134.0 potter0 1.0 (1057.6s)
[asymmetric_advantages s8801] steps 1642496 sparse20 138.0 potter0 1.0 (1058.9s)
[asymmetric_advantages s8801] steps 1644544 sparse20 141.0 potter0 1.0 (1060.2s)
[asymmetric_advantages s8801] steps 1646592 sparse20 151.0 potter0 1.0 (1061.6s)
[asymmetric_advantages s8801] steps 1648640 sparse20 149.0 potter0 1.0 (1062.9s)
[asymmetric_advantages s8801] steps 1650688 sparse20 147.0 potter0 1.0 (1064.2s)
[asymmetric_advantages s8801] steps 1652736 sparse20 144.0 potter0 1.0 (1065.6s)
[asymmetric_advantages s8801] steps 1654784 sparse20 136.0 potter0 1.0 (1066.9s)
[asymmetric_advantages s8801] steps 1656832 sparse20 137.0 potter0 1.0 (1068.2s)
[asymmetric_advantages s8801] steps 1658880 sparse20 141.0 potter0 1.0 (1069.5s)
[asymmetric_advantages s8801] steps 1660928 sparse20 144.0 potter0 1.0 (1070.9s)
[asymmetric_advantages s8801] steps 1662976 sparse20 136.0 potter0 1.0 (1072.3s)
[asymmetric_advantages s8801] steps 1665024 sparse20 128.0 potter0 1.0 (1073.6s)
[asymmetric_advantages s8801] steps 1667072 sparse20 129.0 potter0 1.0 (1074.9s)
[asymmetric_advantages s8801] steps 1669120 sparse20 127.0 potter0 1.0 (1076.2s)
[asymmetric_advantages s8801] steps 1671168 sparse20 124.0 potter0 1.0 (1077.5s)
[asymmetric_advantages s8801] steps 1673216 sparse20 124.0 potter0 1.0 (1078.9s)
[asymmetric_advantages s8801] steps 1675264 sparse20 121.0 potter0 1.0 (1080.2s)
[asymmetric_advantages s8801] steps 1677312 sparse20 112.0 potter0 1.0 (1081.6s)
[asymmetric_advantages s8801] steps 1679360 sparse20 113.0 potter0 1.0 (1083.0s)
[asymmetric_advantages s8801] steps 1681408 sparse20 108.0 potter0 1.0 (1084.4s)
[asymmetric_advantages s8801] steps 1683456 sparse20 102.0 potter0 1.0 (1085.7s)
[asymmetric_advantages s8801] steps 1685504 sparse20 108.0 potter0 1.0 (1087.0s)
[asymmetric_advantages s8801] steps 1687552 sparse20 114.0 potter0 1.0 (1088.4s)
[asymmetric_advantages s8801] steps 1689600 sparse20 122.0 potter0 1.0 (1089.7s)
[asymmetric_advantages s8801] steps 1691648 sparse20 132.0 potter0 1.0 (1091.1s)
[asymmetric_advantages s8801] steps 1693696 sparse20 129.0 potter0 1.0 (1092.4s)
[asymmetric_advantages s8801] steps 1695744 sparse20 121.0 potter0 1.0 (1093.7s)
[asymmetric_advantages s8801] steps 1697792 sparse20 112.0 potter0 1.0 (1095.0s)
[asymmetric_advantages s8801] steps 1699840 sparse20 107.0 potter0 1.0 (1096.5s)
[asymmetric_advantages s8801] steps 1701888 sparse20 120.0 potter0 1.0 (1097.8s)
[asymmetric_advantages s8801] steps 1703936 sparse20 132.0 potter0 1.0 (1099.1s)
[asymmetric_advantages s8801] steps 1705984 sparse20 135.0 potter0 1.0 (1100.5s)
[asymmetric_advantages s8801] steps 1708032 sparse20 149.0 potter0 1.0 (1101.9s)
[asymmetric_advantages s8801] steps 1710080 sparse20 152.0 potter0 1.0 (1103.3s)
[asymmetric_advantages s8801] steps 1712128 sparse20 167.0 potter0 1.0 (1104.6s)
[asymmetric_advantages s8801] steps 1714176 sparse20 170.0 potter0 1.0 (1106.0s)
[asymmetric_advantages s8801] steps 1716224 sparse20 167.0 potter0 1.0 (1107.3s)
[asymmetric_advantages s8801] steps 1718272 sparse20 158.0 potter0 1.0 (1108.7s)
[asymmetric_advantages s8801] steps 1720320 sparse20 154.0 potter0 1.0 (1110.0s)
[asymmetric_advantages s8801] steps 1722368 sparse20 154.0 potter0 1.0 (1111.4s)
[asymmetric_advantages s8801] steps 1724416 sparse20 160.0 potter0 1.0 (1112.7s)
[asymmetric_advantages s8801] steps 1726464 sparse20 152.0 potter0 1.0 (1114.1s)
[asymmetric_advantages s8801] steps 1728512 sparse20 143.0 potter0 1.0 (1115.4s)
[asymmetric_advantages s8801] steps 1730560 sparse20 141.0 potter0 1.0 (1116.9s)
[asymmetric_advantages s8801] steps 1732608 sparse20 131.0 potter0 1.0 (1118.2s)
[asymmetric_advantages s8801] steps 1734656 sparse20 135.0 potter0 1.0 (1119.5s)
[asymmetric_advantages s8801] steps 1736704 sparse20 149.0 potter0 1.0 (1120.8s)
[asymmetric_advantages s8801] steps 1738752 sparse20 142.0 potter0 1.0 (1122.2s)
[asymmetric_advantages s8801] steps 1740800 sparse20 138.0 potter0 1.0 (1123.5s)
[asymmetric_advantages s8801] steps 1742848 sparse20 135.0 potter0 1.0 (1124.9s)
[asymmetric_advantages s8801] steps 1744896 sparse20 130.0 potter0 1.0 (1126.3s)
[asymmetric_advantages s8801] steps 1746944 sparse20 144.0 potter0 1.0 (1127.6s)
[asymmetric_advantages s8801] steps 1748992 sparse20 145.0 potter0 1.0 (1129.0s)
[asymmetric_advantages s8801] steps 1751040 sparse20 143.0 potter0 1.0 (1130.3s)
[asymmetric_advantages s8801] steps 1753088 sparse20 133.0 potter0 1.0 (1131.7s)
[asymmetric_advantages s8801] steps 1755136 sparse20 132.0 potter0 1.0 (1132.9s)
[asymmetric_advantages s8801] steps 1757184 sparse20 136.0 potter0 1.0 (1134.2s)
[asymmetric_advantages s8801] steps 1759232 sparse20 143.0 potter0 1.0 (1135.6s)
[asymmetric_advantages s8801] steps 1761280 sparse20 142.0 potter0 1.0 (1137.0s)
[asymmetric_advantages s8801] steps 1763328 sparse20 139.0 potter0 1.0 (1138.3s)
[asymmetric_advantages s8801] steps 1765376 sparse20 134.0 potter0 1.0 (1139.6s)
[asymmetric_advantages s8801] steps 1767424 sparse20 126.0 potter0 1.0 (1141.0s)
[asymmetric_advantages s8801] steps 1769472 sparse20 134.0 potter0 1.0 (1142.3s)
[asymmetric_advantages s8801] steps 1771520 sparse20 139.0 potter0 1.0 (1143.6s)
[asymmetric_advantages s8801] steps 1773568 sparse20 149.0 potter0 1.0 (1145.0s)
[asymmetric_advantages s8801] steps 1775616 sparse20 166.0 potter0 1.0 (1146.4s)
[asymmetric_advantages s8801] steps 1777664 sparse20 165.0 potter0 1.0 (1147.7s)
[asymmetric_advantages s8801] steps 1779712 sparse20 166.0 potter0 1.0 (1149.1s)
[asymmetric_advantages s8801] steps 1781760 sparse20 158.0 potter0 1.0 (1150.4s)
[asymmetric_advantages s8801] steps 1783808 sparse20 153.0 potter0 1.0 (1152.0s)
[asymmetric_advantages s8801] steps 1785856 sparse20 153.0 potter0 1.0 (1153.3s)
[asymmetric_advantages s8801] steps 1787904 sparse20 151.0 potter0 1.0 (1154.6s)
[asymmetric_advantages s8801] steps 1789952 sparse20 154.0 potter0 1.0 (1155.9s)
[asymmetric_advantages s8801] steps 1792000 sparse20 144.0 potter0 1.0 (1157.3s)
[asymmetric_advantages s8801] steps 1794048 sparse20 139.0 potter0 1.0 (1158.7s)
[asymmetric_advantages s8801] steps 1796096 sparse20 135.0 potter0 1.0 (1160.0s)
[asymmetric_advantages s8801] steps 1798144 sparse20 139.0 potter0 1.0 (1161.3s)
[asymmetric_advantages s8801] steps 1800192 sparse20 139.0 potter0 1.0 (1162.6s)
[asymmetric_advantages s8801] steps 1802240 sparse20 142.0 potter0 1.0 (1164.0s)
[asymmetric_advantages s8801] steps 1804288 sparse20 150.0 potter0 1.0 (1165.3s)
[asymmetric_advantages s8801] steps 1806336 sparse20 144.0 potter0 1.0 (1166.6s)
[asymmetric_advantages s8801] steps 1808384 sparse20 152.0 potter0 1.0 (1167.9s)
[asymmetric_advantages s8801] steps 1810432 sparse20 155.0 potter0 1.0 (1169.2s)
[asymmetric_advantages s8801] steps 1812480 sparse20 156.0 potter0 1.0 (1170.6s)
[asymmetric_advantages s8801] steps 1814528 sparse20 156.0 potter0 1.0 (1171.9s)
[asymmetric_advantages s8801] steps 1816576 sparse20 159.0 potter0 1.0 (1173.3s)
[asymmetric_advantages s8801] steps 1818624 sparse20 162.0 potter0 1.0 (1174.6s)
[asymmetric_advantages s8801] steps 1820672 sparse20 162.0 potter0 1.0 (1176.0s)
[asymmetric_advantages s8801] steps 1822720 sparse20 171.0 potter0 1.0 (1177.4s)
[asymmetric_advantages s8801] steps 1824768 sparse20 170.0 potter0 1.0 (1178.7s)
[asymmetric_advantages s8801] steps 1826816 sparse20 170.0 potter0 1.0 (1180.0s)
[asymmetric_advantages s8801] steps 1828864 sparse20 170.0 potter0 1.0 (1181.4s)
[asymmetric_advantages s8801] steps 1830912 sparse20 162.0 potter0 1.0 (1182.7s)
[asymmetric_advantages s8801] steps 1832960 sparse20 159.0 potter0 1.0 (1184.0s)
[asymmetric_advantages s8801] steps 1835008 sparse20 160.0 potter0 1.0 (1185.4s)
[asymmetric_advantages s8801] steps 1837056 sparse20 157.0 potter0 1.0 (1186.9s)
[asymmetric_advantages s8801] steps 1839104 sparse20 163.0 potter0 1.0 (1188.2s)
[asymmetric_advantages s8801] steps 1841152 sparse20 165.0 potter0 1.0 (1189.5s)
[asymmetric_advantages s8801] steps 1843200 sparse20 165.0 potter0 1.0 (1190.9s)
[asymmetric_advantages s8801] steps 1845248 sparse20 162.0 potter0 1.0 (1192.3s)
[asymmetric_advantages s8801] steps 1847296 sparse20 159.0 potter0 1.0 (1193.6s)
[asymmetric_advantages s8801] steps 1849344 sparse20 151.0 potter0 1.0 (1194.9s)
[asymmetric_advantages s8801] steps 1851392 sparse20 149.0 potter0 1.0 (1196.2s)
[asymmetric_advantages s8801] steps 1853440 sparse20 151.0 potter0 1.0 (1197.6s)
[asymmetric_advantages s8801] steps 1855488 sparse20 162.0 potter0 1.0 (1199.1s)
[asymmetric_advantages s8801] steps 1857536 sparse20 165.0 potter0 1.0 (1200.5s)
[asymmetric_advantages s8801] steps 1859584 sparse20 170.0 potter0 1.0 (1202.0s)
[asymmetric_advantages s8801] steps 1861632 sparse20 173.0 potter0 1.0 (1203.4s)
[asymmetric_advantages s8801] steps 1863680 sparse20 174.0 potter0 1.0 (1204.8s)
[asymmetric_advantages s8801] steps 1865728 sparse20 180.0 potter0 1.0 (1206.3s)
[asymmetric_advantages s8801] steps 1867776 sparse20 179.0 potter0 1.0 (1207.8s)
[asymmetric_advantages s8801] steps 1869824 sparse20 173.0 potter0 1.0 (1209.1s)
[asymmetric_advantages s8801] steps 1871872 sparse20 165.0 potter0 1.0 (1210.4s)
[asymmetric_advantages s8801] steps 1873920 sparse20 157.0 potter0 1.0 (1211.7s)
[asymmetric_advantages s8801] steps 1875968 sparse20 153.0 potter0 1.0 (1213.0s)
[asymmetric_advantages s8801] steps 1878016 sparse20 154.0 potter0 1.0 (1214.4s)
[asymmetric_advantages s8801] steps 1880064 sparse20 157.0 potter0 1.0 (1215.8s)
[asymmetric_advantages s8801] steps 1882112 sparse20 154.0 potter0 1.0 (1217.2s)
[asymmetric_advantages s8801] steps 1884160 sparse20 156.0 potter0 1.0 (1218.5s)
[asymmetric_advantages s8801] steps 1886208 sparse20 164.0 potter0 1.0 (1219.8s)
[asymmetric_advantages s8801] steps 1888256 sparse20 173.0 potter0 1.0 (1221.2s)
[asymmetric_advantages s8801] steps 1890304 sparse20 170.0 potter0 1.0 (1222.7s)
[asymmetric_advantages s8801] steps 1892352 sparse20 169.0 potter0 1.0 (1224.0s)
[asymmetric_advantages s8801] steps 1894400 sparse20 166.0 potter0 1.0 (1225.3s)
[asymmetric_advantages s8801] steps 1896448 sparse20 163.0 potter0 1.0 (1226.7s)
[asymmetric_advantages s8801] steps 1898496 sparse20 176.0 potter0 1.0 (1228.1s)
[asymmetric_advantages s8801] steps 1900544 sparse20 174.0 potter0 1.0 (1229.4s)
[asymmetric_advantages s8801] steps 1902592 sparse20 172.0 potter0 1.0 (1230.7s)
[asymmetric_advantages s8801] steps 1904640 sparse20 163.0 potter0 1.0 (1232.2s)
[asymmetric_advantages s8801] steps 1906688 sparse20 158.0 potter0 1.0 (1233.6s)
[asymmetric_advantages s8801] steps 1908736 sparse20 165.0 potter0 1.0 (1235.0s)
[asymmetric_advantages s8801] steps 1910784 sparse20 164.0 potter0 1.0 (1236.3s)
[asymmetric_advantages s8801] steps 1912832 sparse20 163.0 potter0 1.0 (1237.6s)
[asymmetric_advantages s8801] steps 1914880 sparse20 165.0 potter0 1.0 (1239.0s)
[asymmetric_advantages s8801] steps 1916928 sparse20 166.0 potter0 1.0 (1240.3s)
[asymmetric_advantages s8801] steps 1918976 sparse20 171.0 potter0 1.0 (1241.6s)
[asymmetric_advantages s8801] steps 1921024 sparse20 177.0 potter0 1.0 (1242.9s)
[asymmetric_advantages s8801] steps 1923072 sparse20 180.0 potter0 1.0 (1244.3s)
[asymmetric_advantages s8801] steps 1925120 sparse20 177.0 potter0 1.0 (1245.7s)
[asymmetric_advantages s8801] steps 1927168 sparse20 182.0 potter0 1.0 (1247.0s)
[asymmetric_advantages s8801] steps 1929216 sparse20 188.0 potter0 1.0 (1248.3s)
[asymmetric_advantages s8801] steps 1931264 sparse20 183.0 potter0 1.0 (1249.7s)
[asymmetric_advantages s8801] steps 1933312 sparse20 184.0 potter0 1.0 (1251.1s)
[asymmetric_advantages s8801] steps 1935360 sparse20 182.0 potter0 1.0 (1252.4s)
[asymmetric_advantages s8801] steps 1937408 sparse20 163.0 potter0 1.0 (1253.7s)
[asymmetric_advantages s8801] steps 1939456 sparse20 157.0 potter0 1.0 (1255.1s)
[asymmetric_advantages s8801] steps 1941504 sparse20 145.0 potter0 1.0 (1256.5s)
[asymmetric_advantages s8801] steps 1943552 sparse20 134.0 potter0 1.0 (1257.9s)
[asymmetric_advantages s8801] steps 1945600 sparse20 140.0 potter0 1.0 (1259.2s)
[asymmetric_advantages s8801] steps 1947648 sparse20 146.0 potter0 1.0 (1260.6s)
[asymmetric_advantages s8801] steps 1949696 sparse20 150.0 potter0 1.0 (1261.9s)
[asymmetric_advantages s8801] steps 1951744 sparse20 157.0 potter0 1.0 (1263.3s)
[asymmetric_advantages s8801] steps 1953792 sparse20 156.0 potter0 1.0 (1264.6s)
[asymmetric_advantages s8801] steps 1955840 sparse20 153.0 potter0 1.0 (1266.0s)
[asymmetric_advantages s8801] steps 1957888 sparse20 162.0 potter0 1.0 (1267.3s)
[asymmetric_advantages s8801] steps 1959936 sparse20 161.0 potter0 1.0 (1268.7s)
[asymmetric_advantages s8801] steps 1961984 sparse20 160.0 potter0 1.0 (1270.0s)
[asymmetric_advantages s8801] steps 1964032 sparse20 165.0 potter0 1.0 (1271.4s)
[asymmetric_advantages s8801] steps 1966080 sparse20 162.0 potter0 1.0 (1272.8s)
[asymmetric_advantages s8801] steps 1968128 sparse20 164.0 potter0 1.0 (1274.1s)
[asymmetric_advantages s8801] steps 1970176 sparse20 163.0 potter0 1.0 (1275.4s)
[asymmetric_advantages s8801] steps 1972224 sparse20 165.0 potter0 1.0 (1276.8s)
[asymmetric_advantages s8801] steps 1974272 sparse20 168.0 potter0 1.0 (1278.2s)
[asymmetric_advantages s8801] steps 1976320 sparse20 170.0 potter0 1.0 (1279.6s)
[asymmetric_advantages s8801] steps 1978368 sparse20 180.0 potter0 1.0 (1281.1s)
[asymmetric_advantages s8801] steps 1980416 sparse20 159.0 potter0 1.0 (1282.6s)
[asymmetric_advantages s8801] steps 1982464 sparse20 162.0 potter0 1.0 (1283.9s)
[asymmetric_advantages s8801] steps 1984512 sparse20 169.0 potter0 1.0 (1285.3s)
[asymmetric_advantages s8801] steps 1986560 sparse20 179.0 potter0 1.0 (1286.6s)
[asymmetric_advantages s8801] steps 1988608 sparse20 194.0 potter0 1.0 (1288.0s)
[asymmetric_advantages s8801] steps 1990656 sparse20 180.0 potter0 1.0 (1289.3s)
[asymmetric_advantages s8801] steps 1992704 sparse20 179.0 potter0 1.0 (1290.6s)
[asymmetric_advantages s8801] steps 1994752 sparse20 169.0 potter0 1.0 (1291.9s)
[asymmetric_advantages s8801] steps 1996800 sparse20 172.0 potter0 1.0 (1293.4s)
[asymmetric_advantages s8801] steps 1998848 sparse20 168.0 potter0 1.0 (1294.7s)
[asymmetric_advantages s8801] steps 2000896 sparse20 153.0 potter0 1.0 (1296.1s)
checkpointed /home/Yixiang/MPARL/GOGOGO/outputs/overcooked_pilot.json
