Gym has been unmaintained since 2022 and does not support NumPy 2.0 amongst other critical functionality.
Please upgrade to Gymnasium, the maintained drop-in replacement of Gym, or contact the authors of your software and request that they upgrade.
Users of this version of Gym should be able to simply replace 'import gym' with 'import gymnasium as gym' in the vast majority of cases.
See the migration guide at https://gymnasium.farama.org/introduction/migration_guide/ for additional information.
[pair_C] {"steps": 2048, "elapsed_s": 2.0, "forced_coordination_sparse20": 0.0, "forced_coordination_potter0_20": null, "asymmetric_advantages_sparse20": 0.0, "asymmetric_advantages_potter0_20": 0.75}
[pair_C] {"steps": 4096, "elapsed_s": 3.7, "forced_coordination_sparse20": 0.0, "forced_coordination_potter0_20": 1.0, "asymmetric_advantages_sparse20": 0.0, "asymmetric_advantages_potter0_20": 0.8571428571428571}
[pair_C] {"steps": 6144, "elapsed_s": 5.4, "forced_coordination_sparse20": 0.0, "forced_coordination_potter0_20": 1.0, "asymmetric_advantages_sparse20": 0.0, "asymmetric_advantages_potter0_20": 0.8888888888888888}
[pair_C] {"steps": 8192, "elapsed_s": 6.6, "forced_coordination_sparse20": 0.0, "forced_coordination_potter0_20": 1.0, "asymmetric_advantages_sparse20": 0.0, "asymmetric_advantages_potter0_20": 0.9230769230769231}
[pair_C] {"steps": 10240, "elapsed_s": 7.8, "forced_coordination_sparse20": 0.0, "forced_coordination_potter0_20": 1.0, "asymmetric_advantages_sparse20": 0.0, "asymmetric_advantages_potter0_20": 0.8666666666666667}
[pair_C] {"steps": 12288, "elapsed_s": 9.0, "forced_coordination_sparse20": 0.0, "forced_coordination_potter0_20": 1.0, "asymmetric_advantages_sparse20": 0.0, "asymmetric_advantages_potter0_20": 0.8888888888888888}
[pair_C] {"steps": 14336, "elapsed_s": 10.1, "forced_coordination_sparse20": 0.0, "forced_coordination_potter0_20": 1.0, "asymmetric_advantages_sparse20": 0.0, "asymmetric_advantages_potter0_20": 0.8947368421052632}
[pair_C] {"steps": 16384, "elapsed_s": 11.3, "forced_coordination_sparse20": 0.0, "forced_coordination_potter0_20": 1.0, "asymmetric_advantages_sparse20": 0.0, "asymmetric_advantages_potter0_20": 0.95}
[pair_C] {"steps": 18432, "elapsed_s": 12.5, "forced_coordination_sparse20": 0.0, "forced_coordination_potter0_20": 1.0, "asymmetric_advantages_sparse20": 0.0, "asymmetric_advantages_potter0_20": 0.95}
[pair_C] {"steps": 20480, "elapsed_s": 13.6, "forced_coordination_sparse20": 0.0, "forced_coordination_potter0_20": 1.0, "asymmetric_advantages_sparse20": 0.0, "asymmetric_advantages_potter0_20": 0.95}
[pair_C] {"steps": 22528, "elapsed_s": 14.8, "forced_coordination_sparse20": 0.0, "forced_coordination_potter0_20": 1.0, "asymmetric_advantages_sparse20": 0.0, "asymmetric_advantages_potter0_20": 0.95}
[pair_C] {"steps": 24576, "elapsed_s": 15.9, "forced_coordination_sparse20": 0.0, "forced_coordination_potter0_20": 1.0, "asymmetric_advantages_sparse20": 0.0, "asymmetric_advantages_potter0_20": 0.95}
[pair_C] {"steps": 26624, "elapsed_s": 17.1, "forced_coordination_sparse20": 0.0, "forced_coordination_potter0_20": 1.0, "asymmetric_advantages_sparse20": 0.0, "asymmetric_advantages_potter0_20": 0.95}
[pair_C] {"steps": 28672, "elapsed_s": 18.3, "forced_coordination_sparse20": 0.0, "forced_coordination_potter0_20": 1.0, "asymmetric_advantages_sparse20": 0.0, "asymmetric_advantages_potter0_20": 0.95}
[pair_C] {"steps": 30720, "elapsed_s": 19.5, "forced_coordination_sparse20": 0.0, "forced_coordination_potter0_20": 1.0, "asymmetric_advantages_sparse20": 0.0, "asymmetric_advantages_potter0_20": 0.95}
[pair_C] {"steps": 32768, "elapsed_s": 20.6, "forced_coordination_sparse20": 0.0, "forced_coordination_potter0_20": 1.0, "asymmetric_advantages_sparse20": 0.0, "asymmetric_advantages_potter0_20": 1.0}
[pair_C] {"steps": 34816, "elapsed_s": 21.8, "forced_coordination_sparse20": 0.0, "forced_coordination_potter0_20": 1.0, "asymmetric_advantages_sparse20": 0.0, "asymmetric_advantages_potter0_20": 1.0}
[pair_C] {"steps": 36864, "elapsed_s": 23.0, "forced_coordination_sparse20": 0.0, "forced_coordination_potter0_20": 1.0, "asymmetric_advantages_sparse20": 0.0, "asymmetric_advantages_potter0_20": 1.0}
[pair_C] {"steps": 38912, "elapsed_s": 24.2, "forced_coordination_sparse20": 0.0, "forced_coordination_potter0_20": 1.0, "asymmetric_advantages_sparse20": 0.0, "asymmetric_advantages_potter0_20": 1.0}
[pair_C] {"steps": 40960, "elapsed_s": 25.4, "forced_coordination_sparse20": 0.0, "forced_coordination_potter0_20": 1.0, "asymmetric_advantages_sparse20": 0.0, "asymmetric_advantages_potter0_20": 1.0}
[pair_C] {"steps": 43008, "elapsed_s": 26.5, "forced_coordination_sparse20": 0.0, "forced_coordination_potter0_20": 1.0, "asymmetric_advantages_sparse20": 0.0, "asymmetric_advantages_potter0_20": 1.0}
[pair_C] {"steps": 45056, "elapsed_s": 27.7, "forced_coordination_sparse20": 0.0, "forced_coordination_potter0_20": 1.0, "asymmetric_advantages_sparse20": 0.0, "asymmetric_advantages_potter0_20": 1.0}
[pair_C] {"steps": 47104, "elapsed_s": 28.9, "forced_coordination_sparse20": 0.0, "forced_coordination_potter0_20": 1.0, "asymmetric_advantages_sparse20": 0.0, "asymmetric_advantages_potter0_20": 1.0}
[pair_C] {"steps": 49152, "elapsed_s": 30.0, "forced_coordination_sparse20": 0.0, "forced_coordination_potter0_20": 1.0, "asymmetric_advantages_sparse20": 0.0, "asymmetric_advantages_potter0_20": 1.0}
[pair_C] {"steps": 51200, "elapsed_s": 31.3, "forced_coordination_sparse20": 0.0, "forced_coordination_potter0_20": 1.0, "asymmetric_advantages_sparse20": 0.0, "asymmetric_advantages_potter0_20": 1.0}
[pair_C] {"steps": 53248, "elapsed_s": 32.5, "forced_coordination_sparse20": 0.0, "forced_coordination_potter0_20": 1.0, "asymmetric_advantages_sparse20": 0.0, "asymmetric_advantages_potter0_20": 1.0}
[pair_C] {"steps": 55296, "elapsed_s": 33.6, "forced_coordination_sparse20": 0.0, "forced_coordination_potter0_20": 1.0, "asymmetric_advantages_sparse20": 0.0, "asymmetric_advantages_potter0_20": 1.0}
[pair_C] {"steps": 57344, "elapsed_s": 34.8, "forced_coordination_sparse20": 0.0, "forced_coordination_potter0_20": 1.0, "asymmetric_advantages_sparse20": 0.0, "asymmetric_advantages_potter0_20": 1.0}
[pair_C] {"steps": 59392, "elapsed_s": 36.0, "forced_coordination_sparse20": 0.0, "forced_coordination_potter0_20": 1.0, "asymmetric_advantages_sparse20": 1.0, "asymmetric_advantages_potter0_20": 1.0}
[pair_C] {"steps": 61440, "elapsed_s": 37.1, "forced_coordination_sparse20": 0.0, "forced_coordination_potter0_20": 1.0, "asymmetric_advantages_sparse20": 1.0, "asymmetric_advantages_potter0_20": 1.0}
[pair_C] {"steps": 63488, "elapsed_s": 38.3, "forced_coordination_sparse20": 0.0, "forced_coordination_potter0_20": 1.0, "asymmetric_advantages_sparse20": 1.0, "asymmetric_advantages_potter0_20": 1.0}
[pair_C] {"steps": 65536, "elapsed_s": 39.6, "forced_coordination_sparse20": 0.0, "forced_coordination_potter0_20": 1.0, "asymmetric_advantages_sparse20": 2.0, "asymmetric_advantages_potter0_20": 1.0}
[pair_C] {"steps": 67584, "elapsed_s": 40.7, "forced_coordination_sparse20": 0.0, "forced_coordination_potter0_20": 1.0, "asymmetric_advantages_sparse20": 2.0, "asymmetric_advantages_potter0_20": 1.0}
[pair_C] {"steps": 69632, "elapsed_s": 42.0, "forced_coordination_sparse20": 0.0, "forced_coordination_potter0_20": 1.0, "asymmetric_advantages_sparse20": 2.0, "asymmetric_advantages_potter0_20": 1.0}
[pair_C] {"steps": 71680, "elapsed_s": 43.2, "forced_coordination_sparse20": 0.0, "forced_coordination_potter0_20": 1.0, "asymmetric_advantages_sparse20": 4.0, "asymmetric_advantages_potter0_20": 1.0}
[pair_C] {"steps": 73728, "elapsed_s": 44.3, "forced_coordination_sparse20": 0.0, "forced_coordination_potter0_20": 1.0, "asymmetric_advantages_sparse20": 3.0, "asymmetric_advantages_potter0_20": 1.0}
[pair_C] {"steps": 75776, "elapsed_s": 45.5, "forced_coordination_sparse20": 0.0, "forced_coordination_potter0_20": 1.0, "asymmetric_advantages_sparse20": 3.0, "asymmetric_advantages_potter0_20": 1.0}
[pair_C] {"steps": 77824, "elapsed_s": 46.7, "forced_coordination_sparse20": 0.0, "forced_coordination_potter0_20": 1.0, "asymmetric_advantages_sparse20": 4.0, "asymmetric_advantages_potter0_20": 1.0}
[pair_C] {"steps": 79872, "elapsed_s": 47.8, "forced_coordination_sparse20": 0.0, "forced_coordination_potter0_20": 1.0, "asymmetric_advantages_sparse20": 4.0, "asymmetric_advantages_potter0_20": 1.0}
[pair_C] {"steps": 81920, "elapsed_s": 49.0, "forced_coordination_sparse20": 0.0, "forced_coordination_potter0_20": 1.0, "asymmetric_advantages_sparse20": 4.0, "asymmetric_advantages_potter0_20": 1.0}
[pair_C] {"steps": 83968, "elapsed_s": 50.2, "forced_coordination_sparse20": 0.0, "forced_coordination_potter0_20": 1.0, "asymmetric_advantages_sparse20": 4.0, "asymmetric_advantages_potter0_20": 1.0}
[pair_C] {"steps": 86016, "elapsed_s": 51.4, "forced_coordination_sparse20": 0.0, "forced_coordination_potter0_20": 1.0, "asymmetric_advantages_sparse20": 4.0, "asymmetric_advantages_potter0_20": 1.0}
[pair_C] {"steps": 88064, "elapsed_s": 52.6, "forced_coordination_sparse20": 0.0, "forced_coordination_potter0_20": 1.0, "asymmetric_advantages_sparse20": 2.0, "asymmetric_advantages_potter0_20": 1.0}
[pair_C] {"steps": 90112, "elapsed_s": 53.8, "forced_coordination_sparse20": 0.0, "forced_coordination_potter0_20": 1.0, "asymmetric_advantages_sparse20": 2.0, "asymmetric_advantages_potter0_20": 1.0}
[pair_C] {"steps": 92160, "elapsed_s": 55.0, "forced_coordination_sparse20": 0.0, "forced_coordination_potter0_20": 1.0, "asymmetric_advantages_sparse20": 2.0, "asymmetric_advantages_potter0_20": 1.0}
[pair_C] {"steps": 94208, "elapsed_s": 56.2, "forced_coordination_sparse20": 0.0, "forced_coordination_potter0_20": 1.0, "asymmetric_advantages_sparse20": 1.0, "asymmetric_advantages_potter0_20": 1.0}
[pair_C] {"steps": 96256, "elapsed_s": 57.4, "forced_coordination_sparse20": 0.0, "forced_coordination_potter0_20": 1.0, "asymmetric_advantages_sparse20": 1.0, "asymmetric_advantages_potter0_20": 1.0}
[pair_C] {"steps": 98304, "elapsed_s": 58.6, "forced_coordination_sparse20": 0.0, "forced_coordination_potter0_20": 1.0, "asymmetric_advantages_sparse20": 1.0, "asymmetric_advantages_potter0_20": 1.0}
[pair_C] {"steps": 100352, "elapsed_s": 59.7, "forced_coordination_sparse20": 0.0, "forced_coordination_potter0_20": 1.0, "asymmetric_advantages_sparse20": 1.0, "asymmetric_advantages_potter0_20": 1.0}
[pair_C] {"steps": 102400, "elapsed_s": 60.9, "forced_coordination_sparse20": 0.0, "forced_coordination_potter0_20": 1.0, "asymmetric_advantages_sparse20": 1.0, "asymmetric_advantages_potter0_20": 1.0}
[pair_C] {"steps": 104448, "elapsed_s": 62.0, "forced_coordination_sparse20": 0.0, "forced_coordination_potter0_20": 1.0, "asymmetric_advantages_sparse20": 1.0, "asymmetric_advantages_potter0_20": 1.0}
[pair_C] {"steps": 106496, "elapsed_s": 63.4, "forced_coordination_sparse20": 0.0, "forced_coordination_potter0_20": 1.0, "asymmetric_advantages_sparse20": 4.0, "asymmetric_advantages_potter0_20": 1.0}
[pair_C] {"steps": 108544, "elapsed_s": 64.9, "forced_coordination_sparse20": 0.0, "forced_coordination_potter0_20": 1.0, "asymmetric_advantages_sparse20": 4.0, "asymmetric_advantages_potter0_20": 1.0}
[pair_C] {"steps": 110592, "elapsed_s": 66.1, "forced_coordination_sparse20": 0.0, "forced_coordination_potter0_20": 1.0, "asymmetric_advantages_sparse20": 4.0, "asymmetric_advantages_potter0_20": 1.0}
[pair_C] {"steps": 112640, "elapsed_s": 67.4, "forced_coordination_sparse20": 0.0, "forced_coordination_potter0_20": 1.0, "asymmetric_advantages_sparse20": 4.0, "asymmetric_advantages_potter0_20": 1.0}
[pair_C] {"steps": 114688, "elapsed_s": 68.6, "forced_coordination_sparse20": 0.0, "forced_coordination_potter0_20": 1.0, "asymmetric_advantages_sparse20": 5.0, "asymmetric_advantages_potter0_20": 1.0}
[pair_C] {"steps": 116736, "elapsed_s": 69.7, "forced_coordination_sparse20": 0.0, "forced_coordination_potter0_20": 1.0, "asymmetric_advantages_sparse20": 5.0, "asymmetric_advantages_potter0_20": 1.0}
[pair_C] {"steps": 118784, "elapsed_s": 70.9, "forced_coordination_sparse20": 0.0, "forced_coordination_potter0_20": 1.0, "asymmetric_advantages_sparse20": 5.0, "asymmetric_advantages_potter0_20": 1.0}
[pair_C] {"steps": 120832, "elapsed_s": 72.3, "forced_coordination_sparse20": 0.0, "forced_coordination_potter0_20": 1.0, "asymmetric_advantages_sparse20": 3.0, "asymmetric_advantages_potter0_20": 1.0}
[pair_C] {"steps": 122880, "elapsed_s": 73.5, "forced_coordination_sparse20": 0.0, "forced_coordination_potter0_20": 1.0, "asymmetric_advantages_sparse20": 2.0, "asymmetric_advantages_potter0_20": 1.0}
[pair_C] {"steps": 124928, "elapsed_s": 74.6, "forced_coordination_sparse20": 0.0, "forced_coordination_potter0_20": 1.0, "asymmetric_advantages_sparse20": 2.0, "asymmetric_advantages_potter0_20": 1.0}
[pair_C] {"steps": 126976, "elapsed_s": 75.8, "forced_coordination_sparse20": 0.0, "forced_coordination_potter0_20": 1.0, "asymmetric_advantages_sparse20": 2.0, "asymmetric_advantages_potter0_20": 1.0}
[pair_C] {"steps": 129024, "elapsed_s": 77.1, "forced_coordination_sparse20": 0.0, "forced_coordination_potter0_20": 1.0, "asymmetric_advantages_sparse20": 5.0, "asymmetric_advantages_potter0_20": 1.0}
[pair_C] {"steps": 131072, "elapsed_s": 78.3, "forced_coordination_sparse20": 0.0, "forced_coordination_potter0_20": 1.0, "asymmetric_advantages_sparse20": 5.0, "asymmetric_advantages_potter0_20": 1.0}
[pair_C] {"steps": 133120, "elapsed_s": 79.5, "forced_coordination_sparse20": 0.0, "forced_coordination_potter0_20": 1.0, "asymmetric_advantages_sparse20": 6.0, "asymmetric_advantages_potter0_20": 1.0}
[pair_C] {"steps": 135168, "elapsed_s": 80.7, "forced_coordination_sparse20": 0.0, "forced_coordination_potter0_20": 1.0, "asymmetric_advantages_sparse20": 7.0, "asymmetric_advantages_potter0_20": 1.0}
[pair_C] {"steps": 137216, "elapsed_s": 81.9, "forced_coordination_sparse20": 0.0, "forced_coordination_potter0_20": 1.0, "asymmetric_advantages_sparse20": 7.0, "asymmetric_advantages_potter0_20": 1.0}
[pair_C] {"steps": 139264, "elapsed_s": 83.1, "forced_coordination_sparse20": 0.0, "forced_coordination_potter0_20": 1.0, "asymmetric_advantages_sparse20": 7.0, "asymmetric_advantages_potter0_20": 1.0}
[pair_C] {"steps": 141312, "elapsed_s": 84.3, "forced_coordination_sparse20": 0.0, "forced_coordination_potter0_20": 1.0, "asymmetric_advantages_sparse20": 8.0, "asymmetric_advantages_potter0_20": 1.0}
[pair_C] {"steps": 143360, "elapsed_s": 85.4, "forced_coordination_sparse20": 0.0, "forced_coordination_potter0_20": 1.0, "asymmetric_advantages_sparse20": 7.0, "asymmetric_advantages_potter0_20": 1.0}
[pair_C] {"steps": 145408, "elapsed_s": 86.6, "forced_coordination_sparse20": 0.0, "forced_coordination_potter0_20": 1.0, "asymmetric_advantages_sparse20": 7.0, "asymmetric_advantages_potter0_20": 1.0}
[pair_C] {"steps": 147456, "elapsed_s": 87.9, "forced_coordination_sparse20": 0.0, "forced_coordination_potter0_20": 1.0, "asymmetric_advantages_sparse20": 4.0, "asymmetric_advantages_potter0_20": 1.0}
[pair_C] {"steps": 149504, "elapsed_s": 89.1, "forced_coordination_sparse20": 0.0, "forced_coordination_potter0_20": 1.0, "asymmetric_advantages_sparse20": 3.0, "asymmetric_advantages_potter0_20": 1.0}
[pair_C] {"steps": 151552, "elapsed_s": 90.3, "forced_coordination_sparse20": 0.0, "forced_coordination_potter0_20": 1.0, "asymmetric_advantages_sparse20": 3.0, "asymmetric_advantages_potter0_20": 1.0}
[pair_C] {"steps": 153600, "elapsed_s": 91.5, "forced_coordination_sparse20": 0.0, "forced_coordination_potter0_20": 1.0, "asymmetric_advantages_sparse20": 4.0, "asymmetric_advantages_potter0_20": 1.0}
[pair_C] {"steps": 155648, "elapsed_s": 92.7, "forced_coordination_sparse20": 0.0, "forced_coordination_potter0_20": 1.0, "asymmetric_advantages_sparse20": 4.0, "asymmetric_advantages_potter0_20": 1.0}
[pair_C] {"steps": 157696, "elapsed_s": 93.9, "forced_coordination_sparse20": 0.0, "forced_coordination_potter0_20": 1.0, "asymmetric_advantages_sparse20": 5.0, "asymmetric_advantages_potter0_20": 1.0}
[pair_C] {"steps": 159744, "elapsed_s": 95.2, "forced_coordination_sparse20": 0.0, "forced_coordination_potter0_20": 1.0, "asymmetric_advantages_sparse20": 11.0, "asymmetric_advantages_potter0_20": 1.0}
[pair_C] {"steps": 161792, "elapsed_s": 96.4, "forced_coordination_sparse20": 0.0, "forced_coordination_potter0_20": 1.0, "asymmetric_advantages_sparse20": 13.0, "asymmetric_advantages_potter0_20": 1.0}
[pair_C] {"steps": 163840, "elapsed_s": 97.6, "forced_coordination_sparse20": 0.0, "forced_coordination_potter0_20": 1.0, "asymmetric_advantages_sparse20": 13.0, "asymmetric_advantages_potter0_20": 1.0}
[pair_C] {"steps": 165888, "elapsed_s": 98.9, "forced_coordination_sparse20": 0.0, "forced_coordination_potter0_20": 1.0, "asymmetric_advantages_sparse20": 15.0, "asymmetric_advantages_potter0_20": 1.0}
[pair_C] {"steps": 167936, "elapsed_s": 100.1, "forced_coordination_sparse20": 0.0, "forced_coordination_potter0_20": 1.0, "asymmetric_advantages_sparse20": 14.0, "asymmetric_advantages_potter0_20": 1.0}
[pair_C] {"steps": 169984, "elapsed_s": 101.5, "forced_coordination_sparse20": 0.0, "forced_coordination_potter0_20": 1.0, "asymmetric_advantages_sparse20": 15.0, "asymmetric_advantages_potter0_20": 1.0}
[pair_C] {"steps": 172032, "elapsed_s": 102.7, "forced_coordination_sparse20": 0.0, "forced_coordination_potter0_20": 1.0, "asymmetric_advantages_sparse20": 12.0, "asymmetric_advantages_potter0_20": 1.0}
[pair_C] {"steps": 174080, "elapsed_s": 104.0, "forced_coordination_sparse20": 0.0, "forced_coordination_potter0_20": 1.0, "asymmetric_advantages_sparse20": 10.0, "asymmetric_advantages_potter0_20": 1.0}
[pair_C] {"steps": 176128, "elapsed_s": 105.2, "forced_coordination_sparse20": 0.0, "forced_coordination_potter0_20": 1.0, "asymmetric_advantages_sparse20": 11.0, "asymmetric_advantages_potter0_20": 1.0}
[pair_C] {"steps": 178176, "elapsed_s": 106.5, "forced_coordination_sparse20": 0.0, "forced_coordination_potter0_20": 1.0, "asymmetric_advantages_sparse20": 9.0, "asymmetric_advantages_potter0_20": 1.0}
[pair_C] {"steps": 180224, "elapsed_s": 107.7, "forced_coordination_sparse20": 0.0, "forced_coordination_potter0_20": 1.0, "asymmetric_advantages_sparse20": 9.0, "asymmetric_advantages_potter0_20": 1.0}
[pair_C] {"steps": 182272, "elapsed_s": 108.9, "forced_coordination_sparse20": 0.0, "forced_coordination_potter0_20": 1.0, "asymmetric_advantages_sparse20": 8.0, "asymmetric_advantages_potter0_20": 1.0}
[pair_C] {"steps": 184320, "elapsed_s": 110.2, "forced_coordination_sparse20": 0.0, "forced_coordination_potter0_20": 1.0, "asymmetric_advantages_sparse20": 8.0, "asymmetric_advantages_potter0_20": 1.0}
[pair_C] {"steps": 186368, "elapsed_s": 111.4, "forced_coordination_sparse20": 0.0, "forced_coordination_potter0_20": 1.0, "asymmetric_advantages_sparse20": 7.0, "asymmetric_advantages_potter0_20": 1.0}
[pair_C] {"steps": 188416, "elapsed_s": 112.6, "forced_coordination_sparse20": 0.0, "forced_coordination_potter0_20": 1.0, "asymmetric_advantages_sparse20": 6.0, "asymmetric_advantages_potter0_20": 1.0}
[pair_C] {"steps": 190464, "elapsed_s": 113.8, "forced_coordination_sparse20": 0.0, "forced_coordination_potter0_20": 1.0, "asymmetric_advantages_sparse20": 4.0, "asymmetric_advantages_potter0_20": 1.0}
[pair_C] {"steps": 192512, "elapsed_s": 115.0, "forced_coordination_sparse20": 0.0, "forced_coordination_potter0_20": 1.0, "asymmetric_advantages_sparse20": 5.0, "asymmetric_advantages_potter0_20": 1.0}
[pair_C] {"steps": 194560, "elapsed_s": 116.3, "forced_coordination_sparse20": 0.0, "forced_coordination_potter0_20": 1.0, "asymmetric_advantages_sparse20": 6.0, "asymmetric_advantages_potter0_20": 1.0}
[pair_C] {"steps": 196608, "elapsed_s": 117.6, "forced_coordination_sparse20": 0.0, "forced_coordination_potter0_20": 1.0, "asymmetric_advantages_sparse20": 6.0, "asymmetric_advantages_potter0_20": 1.0}
[pair_C] {"steps": 198656, "elapsed_s": 118.8, "forced_coordination_sparse20": 0.0, "forced_coordination_potter0_20": 1.0, "asymmetric_advantages_sparse20": 4.0, "asymmetric_advantages_potter0_20": 1.0}
[pair_C] {"steps": 200704, "elapsed_s": 120.1, "forced_coordination_sparse20": 0.0, "forced_coordination_potter0_20": 1.0, "asymmetric_advantages_sparse20": 4.0, "asymmetric_advantages_potter0_20": 1.0}
[pair_C] {"steps": 202752, "elapsed_s": 121.3, "forced_coordination_sparse20": 0.0, "forced_coordination_potter0_20": 1.0, "asymmetric_advantages_sparse20": 5.0, "asymmetric_advantages_potter0_20": 1.0}
[pair_C] {"steps": 204800, "elapsed_s": 122.5, "forced_coordination_sparse20": 0.0, "forced_coordination_potter0_20": 1.0, "asymmetric_advantages_sparse20": 5.0, "asymmetric_advantages_potter0_20": 1.0}
[pair_C] {"steps": 206848, "elapsed_s": 123.7, "forced_coordination_sparse20": 0.0, "forced_coordination_potter0_20": 1.0, "asymmetric_advantages_sparse20": 6.0, "asymmetric_advantages_potter0_20": 1.0}
[pair_C] {"steps": 208896, "elapsed_s": 124.9, "forced_coordination_sparse20": 0.0, "forced_coordination_potter0_20": 1.0, "asymmetric_advantages_sparse20": 5.0, "asymmetric_advantages_potter0_20": 1.0}
[pair_C] {"steps": 210944, "elapsed_s": 126.1, "forced_coordination_sparse20": 0.0, "forced_coordination_potter0_20": 1.0, "asymmetric_advantages_sparse20": 5.0, "asymmetric_advantages_potter0_20": 1.0}
[pair_C] {"steps": 212992, "elapsed_s": 127.3, "forced_coordination_sparse20": 0.0, "forced_coordination_potter0_20": 1.0, "asymmetric_advantages_sparse20": 4.0, "asymmetric_advantages_potter0_20": 1.0}
[pair_C] {"steps": 215040, "elapsed_s": 128.6, "forced_coordination_sparse20": 0.0, "forced_coordination_potter0_20": 1.0, "asymmetric_advantages_sparse20": 4.0, "asymmetric_advantages_potter0_20": 1.0}
[pair_C] {"steps": 217088, "elapsed_s": 129.8, "forced_coordination_sparse20": 0.0, "forced_coordination_potter0_20": 1.0, "asymmetric_advantages_sparse20": 4.0, "asymmetric_advantages_potter0_20": 1.0}
[pair_C] {"steps": 219136, "elapsed_s": 131.0, "forced_coordination_sparse20": 0.0, "forced_coordination_potter0_20": 1.0, "asymmetric_advantages_sparse20": 2.0, "asymmetric_advantages_potter0_20": 1.0}
[pair_C] {"steps": 221184, "elapsed_s": 132.2, "forced_coordination_sparse20": 0.0, "forced_coordination_potter0_20": 1.0, "asymmetric_advantages_sparse20": 1.0, "asymmetric_advantages_potter0_20": 1.0}
[pair_C] {"steps": 223232, "elapsed_s": 133.4, "forced_coordination_sparse20": 0.0, "forced_coordination_potter0_20": 1.0, "asymmetric_advantages_sparse20": 2.0, "asymmetric_advantages_potter0_20": 1.0}
[pair_C] {"steps": 225280, "elapsed_s": 134.5, "forced_coordination_sparse20": 0.0, "forced_coordination_potter0_20": 1.0, "asymmetric_advantages_sparse20": 2.0, "asymmetric_advantages_potter0_20": 1.0}
[pair_C] {"steps": 227328, "elapsed_s": 135.7, "forced_coordination_sparse20": 0.0, "forced_coordination_potter0_20": 1.0, "asymmetric_advantages_sparse20": 3.0, "asymmetric_advantages_potter0_20": 1.0}
[pair_C] {"steps": 229376, "elapsed_s": 137.0, "forced_coordination_sparse20": 0.0, "forced_coordination_potter0_20": 1.0, "asymmetric_advantages_sparse20": 4.0, "asymmetric_advantages_potter0_20": 1.0}
[pair_C] {"steps": 231424, "elapsed_s": 138.3, "forced_coordination_sparse20": 0.0, "forced_coordination_potter0_20": 1.0, "asymmetric_advantages_sparse20": 6.0, "asymmetric_advantages_potter0_20": 1.0}
[pair_C] {"steps": 233472, "elapsed_s": 139.5, "forced_coordination_sparse20": 0.0, "forced_coordination_potter0_20": 1.0, "asymmetric_advantages_sparse20": 8.0, "asymmetric_advantages_potter0_20": 1.0}
[pair_C] {"steps": 235520, "elapsed_s": 140.7, "forced_coordination_sparse20": 0.0, "forced_coordination_potter0_20": 1.0, "asymmetric_advantages_sparse20": 8.0, "asymmetric_advantages_potter0_20": 1.0}
[pair_C] {"steps": 237568, "elapsed_s": 142.0, "forced_coordination_sparse20": 0.0, "forced_coordination_potter0_20": 1.0, "asymmetric_advantages_sparse20": 8.0, "asymmetric_advantages_potter0_20": 1.0}
[pair_C] {"steps": 239616, "elapsed_s": 143.2, "forced_coordination_sparse20": 0.0, "forced_coordination_potter0_20": 1.0, "asymmetric_advantages_sparse20": 10.0, "asymmetric_advantages_potter0_20": 1.0}
[pair_C] {"steps": 241664, "elapsed_s": 144.4, "forced_coordination_sparse20": 0.0, "forced_coordination_potter0_20": 1.0, "asymmetric_advantages_sparse20": 9.0, "asymmetric_advantages_potter0_20": 1.0}
[pair_C] {"steps": 243712, "elapsed_s": 145.6, "forced_coordination_sparse20": 0.0, "forced_coordination_potter0_20": 1.0, "asymmetric_advantages_sparse20": 8.0, "asymmetric_advantages_potter0_20": 1.0}
[pair_C] {"steps": 245760, "elapsed_s": 146.8, "forced_coordination_sparse20": 0.0, "forced_coordination_potter0_20": 1.0, "asymmetric_advantages_sparse20": 6.0, "asymmetric_advantages_potter0_20": 1.0}
[pair_C] {"steps": 247808, "elapsed_s": 148.0, "forced_coordination_sparse20": 0.0, "forced_coordination_potter0_20": 1.0, "asymmetric_advantages_sparse20": 6.0, "asymmetric_advantages_potter0_20": 1.0}
[pair_C] {"steps": 249856, "elapsed_s": 149.2, "forced_coordination_sparse20": 0.0, "forced_coordination_potter0_20": 1.0, "asymmetric_advantages_sparse20": 6.0, "asymmetric_advantages_potter0_20": 1.0}
[pair_C] {"steps": 251904, "elapsed_s": 150.4, "forced_coordination_sparse20": 0.0, "forced_coordination_potter0_20": 1.0, "asymmetric_advantages_sparse20": 6.0, "asymmetric_advantages_potter0_20": 1.0}
[pair_C] {"steps": 253952, "elapsed_s": 151.6, "forced_coordination_sparse20": 0.0, "forced_coordination_potter0_20": 1.0, "asymmetric_advantages_sparse20": 7.0, "asymmetric_advantages_potter0_20": 1.0}
[pair_C] {"steps": 256000, "elapsed_s": 152.8, "forced_coordination_sparse20": 0.0, "forced_coordination_potter0_20": 1.0, "asymmetric_advantages_sparse20": 7.0, "asymmetric_advantages_potter0_20": 1.0}
[pair_C] {"steps": 258048, "elapsed_s": 154.0, "forced_coordination_sparse20": 0.0, "forced_coordination_potter0_20": 1.0, "asymmetric_advantages_sparse20": 8.0, "asymmetric_advantages_potter0_20": 1.0}
[pair_C] {"steps": 260096, "elapsed_s": 155.3, "forced_coordination_sparse20": 0.0, "forced_coordination_potter0_20": 1.0, "asymmetric_advantages_sparse20": 7.0, "asymmetric_advantages_potter0_20": 1.0}
[pair_C] {"steps": 262144, "elapsed_s": 156.5, "forced_coordination_sparse20": 0.0, "forced_coordination_potter0_20": 1.0, "asymmetric_advantages_sparse20": 6.0, "asymmetric_advantages_potter0_20": 1.0}
[pair_C] {"steps": 264192, "elapsed_s": 157.7, "forced_coordination_sparse20": 0.0, "forced_coordination_potter0_20": 1.0, "asymmetric_advantages_sparse20": 9.0, "asymmetric_advantages_potter0_20": 1.0}
[pair_C] {"steps": 266240, "elapsed_s": 158.9, "forced_coordination_sparse20": 0.0, "forced_coordination_potter0_20": 1.0, "asymmetric_advantages_sparse20": 9.0, "asymmetric_advantages_potter0_20": 1.0}
[pair_C] {"steps": 268288, "elapsed_s": 160.1, "forced_coordination_sparse20": 0.0, "forced_coordination_potter0_20": 1.0, "asymmetric_advantages_sparse20": 8.0, "asymmetric_advantages_potter0_20": 1.0}
[pair_C] {"steps": 270336, "elapsed_s": 161.3, "forced_coordination_sparse20": 0.0, "forced_coordination_potter0_20": 1.0, "asymmetric_advantages_sparse20": 8.0, "asymmetric_advantages_potter0_20": 1.0}
[pair_C] {"steps": 272384, "elapsed_s": 162.4, "forced_coordination_sparse20": 0.0, "forced_coordination_potter0_20": 1.0, "asymmetric_advantages_sparse20": 10.0, "asymmetric_advantages_potter0_20": 1.0}
[pair_C] {"steps": 274432, "elapsed_s": 163.6, "forced_coordination_sparse20": 0.0, "forced_coordination_potter0_20": 1.0, "asymmetric_advantages_sparse20": 8.0, "asymmetric_advantages_potter0_20": 1.0}
[pair_C] {"steps": 276480, "elapsed_s": 164.9, "forced_coordination_sparse20": 0.0, "forced_coordination_potter0_20": 1.0, "asymmetric_advantages_sparse20": 9.0, "asymmetric_advantages_potter0_20": 1.0}
[pair_C] {"steps": 278528, "elapsed_s": 166.1, "forced_coordination_sparse20": 0.0, "forced_coordination_potter0_20": 1.0, "asymmetric_advantages_sparse20": 9.0, "asymmetric_advantages_potter0_20": 1.0}
[pair_C] {"steps": 280576, "elapsed_s": 167.3, "forced_coordination_sparse20": 0.0, "forced_coordination_potter0_20": 1.0, "asymmetric_advantages_sparse20": 12.0, "asymmetric_advantages_potter0_20": 1.0}
[pair_C] {"steps": 282624, "elapsed_s": 168.6, "forced_coordination_sparse20": 0.0, "forced_coordination_potter0_20": 1.0, "asymmetric_advantages_sparse20": 16.0, "asymmetric_advantages_potter0_20": 1.0}
[pair_C] {"steps": 284672, "elapsed_s": 169.8, "forced_coordination_sparse20": 0.0, "forced_coordination_potter0_20": 1.0, "asymmetric_advantages_sparse20": 18.0, "asymmetric_advantages_potter0_20": 1.0}
[pair_C] {"steps": 286720, "elapsed_s": 171.1, "forced_coordination_sparse20": 0.0, "forced_coordination_potter0_20": 1.0, "asymmetric_advantages_sparse20": 19.0, "asymmetric_advantages_potter0_20": 1.0}
[pair_C] {"steps": 288768, "elapsed_s": 172.4, "forced_coordination_sparse20": 0.0, "forced_coordination_potter0_20": 1.0, "asymmetric_advantages_sparse20": 20.0, "asymmetric_advantages_potter0_20": 1.0}
[pair_C] {"steps": 290816, "elapsed_s": 173.6, "forced_coordination_sparse20": 0.0, "forced_coordination_potter0_20": 1.0, "asymmetric_advantages_sparse20": 19.0, "asymmetric_advantages_potter0_20": 1.0}
[pair_C] {"steps": 292864, "elapsed_s": 174.8, "forced_coordination_sparse20": 0.0, "forced_coordination_potter0_20": 1.0, "asymmetric_advantages_sparse20": 16.0, "asymmetric_advantages_potter0_20": 1.0}
[pair_C] {"steps": 294912, "elapsed_s": 176.1, "forced_coordination_sparse20": 0.0, "forced_coordination_potter0_20": 1.0, "asymmetric_advantages_sparse20": 13.0, "asymmetric_advantages_potter0_20": 1.0}
[pair_C] {"steps": 296960, "elapsed_s": 177.3, "forced_coordination_sparse20": 0.0, "forced_coordination_potter0_20": 1.0, "asymmetric_advantages_sparse20": 11.0, "asymmetric_advantages_potter0_20": 1.0}
[pair_C] {"steps": 299008, "elapsed_s": 178.5, "forced_coordination_sparse20": 0.0, "forced_coordination_potter0_20": 1.0, "asymmetric_advantages_sparse20": 10.0, "asymmetric_advantages_potter0_20": 1.0}
[pair_C] {"steps": 301056, "elapsed_s": 179.7, "forced_coordination_sparse20": 0.0, "forced_coordination_potter0_20": 1.0, "asymmetric_advantages_sparse20": 11.0, "asymmetric_advantages_potter0_20": 1.0}
[pair_C] {"steps": 303104, "elapsed_s": 180.9, "forced_coordination_sparse20": 0.0, "forced_coordination_potter0_20": 1.0, "asymmetric_advantages_sparse20": 13.0, "asymmetric_advantages_potter0_20": 1.0}
[pair_C] {"steps": 305152, "elapsed_s": 182.2, "forced_coordination_sparse20": 0.0, "forced_coordination_potter0_20": 1.0, "asymmetric_advantages_sparse20": 12.0, "asymmetric_advantages_potter0_20": 1.0}
[pair_C] {"steps": 307200, "elapsed_s": 183.4, "forced_coordination_sparse20": 0.0, "forced_coordination_potter0_20": 1.0, "asymmetric_advantages_sparse20": 12.0, "asymmetric_advantages_potter0_20": 1.0}
[pair_C] {"steps": 309248, "elapsed_s": 184.6, "forced_coordination_sparse20": 0.0, "forced_coordination_potter0_20": 1.0, "asymmetric_advantages_sparse20": 13.0, "asymmetric_advantages_potter0_20": 1.0}
[pair_C] {"steps": 311296, "elapsed_s": 185.8, "forced_coordination_sparse20": 0.0, "forced_coordination_potter0_20": 1.0, "asymmetric_advantages_sparse20": 14.0, "asymmetric_advantages_potter0_20": 1.0}
[pair_C] {"steps": 313344, "elapsed_s": 187.0, "forced_coordination_sparse20": 0.0, "forced_coordination_potter0_20": 1.0, "asymmetric_advantages_sparse20": 11.0, "asymmetric_advantages_potter0_20": 1.0}
[pair_C] {"steps": 315392, "elapsed_s": 188.3, "forced_coordination_sparse20": 0.0, "forced_coordination_potter0_20": 1.0, "asymmetric_advantages_sparse20": 9.0, "asymmetric_advantages_potter0_20": 1.0}
[pair_C] {"steps": 317440, "elapsed_s": 189.5, "forced_coordination_sparse20": 0.0, "forced_coordination_potter0_20": 1.0, "asymmetric_advantages_sparse20": 9.0, "asymmetric_advantages_potter0_20": 1.0}
[pair_C] {"steps": 319488, "elapsed_s": 190.7, "forced_coordination_sparse20": 0.0, "forced_coordination_potter0_20": 1.0, "asymmetric_advantages_sparse20": 10.0, "asymmetric_advantages_potter0_20": 1.0}
[pair_C] {"steps": 321536, "elapsed_s": 191.9, "forced_coordination_sparse20": 0.0, "forced_coordination_potter0_20": 1.0, "asymmetric_advantages_sparse20": 11.0, "asymmetric_advantages_potter0_20": 1.0}
[pair_C] {"steps": 323584, "elapsed_s": 193.1, "forced_coordination_sparse20": 0.0, "forced_coordination_potter0_20": 1.0, "asymmetric_advantages_sparse20": 11.0, "asymmetric_advantages_potter0_20": 1.0}
[pair_C] {"steps": 325632, "elapsed_s": 194.3, "forced_coordination_sparse20": 0.0, "forced_coordination_potter0_20": 1.0, "asymmetric_advantages_sparse20": 11.0, "asymmetric_advantages_potter0_20": 1.0}
[pair_C] {"steps": 327680, "elapsed_s": 195.4, "forced_coordination_sparse20": 0.0, "forced_coordination_potter0_20": 1.0, "asymmetric_advantages_sparse20": 11.0, "asymmetric_advantages_potter0_20": 1.0}
[pair_C] {"steps": 329728, "elapsed_s": 196.6, "forced_coordination_sparse20": 0.0, "forced_coordination_potter0_20": 1.0, "asymmetric_advantages_sparse20": 9.0, "asymmetric_advantages_potter0_20": 1.0}
[pair_C] {"steps": 331776, "elapsed_s": 197.8, "forced_coordination_sparse20": 0.0, "forced_coordination_potter0_20": 1.0, "asymmetric_advantages_sparse20": 11.0, "asymmetric_advantages_potter0_20": 1.0}
[pair_C] {"steps": 333824, "elapsed_s": 199.0, "forced_coordination_sparse20": 0.0, "forced_coordination_potter0_20": 1.0, "asymmetric_advantages_sparse20": 11.0, "asymmetric_advantages_potter0_20": 1.0}
[pair_C] {"steps": 335872, "elapsed_s": 200.4, "forced_coordination_sparse20": 0.0, "forced_coordination_potter0_20": 1.0, "asymmetric_advantages_sparse20": 9.0, "asymmetric_advantages_potter0_20": 1.0}
[pair_C] {"steps": 337920, "elapsed_s": 201.9, "forced_coordination_sparse20": 0.0, "forced_coordination_potter0_20": 1.0, "asymmetric_advantages_sparse20": 6.0, "asymmetric_advantages_potter0_20": 1.0}
[pair_C] {"steps": 339968, "elapsed_s": 203.3, "forced_coordination_sparse20": 0.0, "forced_coordination_potter0_20": 1.0, "asymmetric_advantages_sparse20": 7.0, "asymmetric_advantages_potter0_20": 1.0}
[pair_C] {"steps": 342016, "elapsed_s": 204.5, "forced_coordination_sparse20": 0.0, "forced_coordination_potter0_20": 1.0, "asymmetric_advantages_sparse20": 10.0, "asymmetric_advantages_potter0_20": 1.0}
[pair_C] {"steps": 344064, "elapsed_s": 205.8, "forced_coordination_sparse20": 0.0, "forced_coordination_potter0_20": 1.0, "asymmetric_advantages_sparse20": 9.0, "asymmetric_advantages_potter0_20": 1.0}
[pair_C] {"steps": 346112, "elapsed_s": 207.0, "forced_coordination_sparse20": 0.0, "forced_coordination_potter0_20": 1.0, "asymmetric_advantages_sparse20": 8.0, "asymmetric_advantages_potter0_20": 1.0}
[pair_C] {"steps": 348160, "elapsed_s": 208.3, "forced_coordination_sparse20": 0.0, "forced_coordination_potter0_20": 1.0, "asymmetric_advantages_sparse20": 7.0, "asymmetric_advantages_potter0_20": 1.0}
[pair_C] {"steps": 350208, "elapsed_s": 209.4, "forced_coordination_sparse20": 0.0, "forced_coordination_potter0_20": 1.0, "asymmetric_advantages_sparse20": 7.0, "asymmetric_advantages_potter0_20": 1.0}
[pair_C] {"steps": 352256, "elapsed_s": 210.7, "forced_coordination_sparse20": 0.0, "forced_coordination_potter0_20": 1.0, "asymmetric_advantages_sparse20": 7.0, "asymmetric_advantages_potter0_20": 1.0}
[pair_C] {"steps": 354304, "elapsed_s": 211.8, "forced_coordination_sparse20": 0.0, "forced_coordination_potter0_20": 1.0, "asymmetric_advantages_sparse20": 6.0, "asymmetric_advantages_potter0_20": 1.0}
[pair_C] {"steps": 356352, "elapsed_s": 213.0, "forced_coordination_sparse20": 0.0, "forced_coordination_potter0_20": 1.0, "asymmetric_advantages_sparse20": 7.0, "asymmetric_advantages_potter0_20": 1.0}
[pair_C] {"steps": 358400, "elapsed_s": 214.2, "forced_coordination_sparse20": 0.0, "forced_coordination_potter0_20": 1.0, "asymmetric_advantages_sparse20": 9.0, "asymmetric_advantages_potter0_20": 1.0}
[pair_C] {"steps": 360448, "elapsed_s": 215.4, "forced_coordination_sparse20": 0.0, "forced_coordination_potter0_20": 1.0, "asymmetric_advantages_sparse20": 9.0, "asymmetric_advantages_potter0_20": 1.0}
[pair_C] {"steps": 362496, "elapsed_s": 216.6, "forced_coordination_sparse20": 0.0, "forced_coordination_potter0_20": 1.0, "asymmetric_advantages_sparse20": 10.0, "asymmetric_advantages_potter0_20": 1.0}
[pair_C] {"steps": 364544, "elapsed_s": 217.8, "forced_coordination_sparse20": 0.0, "forced_coordination_potter0_20": 1.0, "asymmetric_advantages_sparse20": 9.0, "asymmetric_advantages_potter0_20": 1.0}
[pair_C] {"steps": 366592, "elapsed_s": 219.1, "forced_coordination_sparse20": 0.0, "forced_coordination_potter0_20": 1.0, "asymmetric_advantages_sparse20": 11.0, "asymmetric_advantages_potter0_20": 1.0}
[pair_C] {"steps": 368640, "elapsed_s": 220.3, "forced_coordination_sparse20": 0.0, "forced_coordination_potter0_20": 1.0, "asymmetric_advantages_sparse20": 11.0, "asymmetric_advantages_potter0_20": 1.0}
[pair_C] {"steps": 370688, "elapsed_s": 221.5, "forced_coordination_sparse20": 0.0, "forced_coordination_potter0_20": 1.0, "asymmetric_advantages_sparse20": 10.0, "asymmetric_advantages_potter0_20": 1.0}
[pair_C] {"steps": 372736, "elapsed_s": 222.7, "forced_coordination_sparse20": 0.0, "forced_coordination_potter0_20": 1.0, "asymmetric_advantages_sparse20": 7.0, "asymmetric_advantages_potter0_20": 1.0}
[pair_C] {"steps": 374784, "elapsed_s": 223.9, "forced_coordination_sparse20": 0.0, "forced_coordination_potter0_20": 1.0, "asymmetric_advantages_sparse20": 6.0, "asymmetric_advantages_potter0_20": 1.0}
[pair_C] {"steps": 376832, "elapsed_s": 225.1, "forced_coordination_sparse20": 0.0, "forced_coordination_potter0_20": 1.0, "asymmetric_advantages_sparse20": 6.0, "asymmetric_advantages_potter0_20": 1.0}
[pair_C] {"steps": 378880, "elapsed_s": 226.3, "forced_coordination_sparse20": 0.0, "forced_coordination_potter0_20": 1.0, "asymmetric_advantages_sparse20": 8.0, "asymmetric_advantages_potter0_20": 1.0}
[pair_C] {"steps": 380928, "elapsed_s": 227.5, "forced_coordination_sparse20": 0.0, "forced_coordination_potter0_20": 1.0, "asymmetric_advantages_sparse20": 10.0, "asymmetric_advantages_potter0_20": 1.0}
[pair_C] {"steps": 382976, "elapsed_s": 228.8, "forced_coordination_sparse20": 0.0, "forced_coordination_potter0_20": 1.0, "asymmetric_advantages_sparse20": 11.0, "asymmetric_advantages_potter0_20": 1.0}
[pair_C] {"steps": 385024, "elapsed_s": 230.0, "forced_coordination_sparse20": 0.0, "forced_coordination_potter0_20": 1.0, "asymmetric_advantages_sparse20": 11.0, "asymmetric_advantages_potter0_20": 1.0}
[pair_C] {"steps": 387072, "elapsed_s": 231.2, "forced_coordination_sparse20": 0.0, "forced_coordination_potter0_20": 1.0, "asymmetric_advantages_sparse20": 10.0, "asymmetric_advantages_potter0_20": 1.0}
[pair_C] {"steps": 389120, "elapsed_s": 232.4, "forced_coordination_sparse20": 0.0, "forced_coordination_potter0_20": 1.0, "asymmetric_advantages_sparse20": 10.0, "asymmetric_advantages_potter0_20": 1.0}
[pair_C] {"steps": 391168, "elapsed_s": 233.6, "forced_coordination_sparse20": 0.0, "forced_coordination_potter0_20": 1.0, "asymmetric_advantages_sparse20": 12.0, "asymmetric_advantages_potter0_20": 1.0}
[pair_C] {"steps": 393216, "elapsed_s": 234.8, "forced_coordination_sparse20": 0.0, "forced_coordination_potter0_20": 1.0, "asymmetric_advantages_sparse20": 16.0, "asymmetric_advantages_potter0_20": 1.0}
[pair_C] {"steps": 395264, "elapsed_s": 236.0, "forced_coordination_sparse20": 0.0, "forced_coordination_potter0_20": 1.0, "asymmetric_advantages_sparse20": 18.0, "asymmetric_advantages_potter0_20": 1.0}
[pair_C] {"steps": 397312, "elapsed_s": 237.2, "forced_coordination_sparse20": 0.0, "forced_coordination_potter0_20": 1.0, "asymmetric_advantages_sparse20": 16.0, "asymmetric_advantages_potter0_20": 1.0}
[pair_C] {"steps": 399360, "elapsed_s": 238.6, "forced_coordination_sparse20": 0.0, "forced_coordination_potter0_20": 1.0, "asymmetric_advantages_sparse20": 13.0, "asymmetric_advantages_potter0_20": 1.0}
[pair_C] {"steps": 401408, "elapsed_s": 239.8, "forced_coordination_sparse20": 0.0, "forced_coordination_potter0_20": 1.0, "asymmetric_advantages_sparse20": 15.0, "asymmetric_advantages_potter0_20": 1.0}
[pair_C] {"steps": 403456, "elapsed_s": 241.0, "forced_coordination_sparse20": 0.0, "forced_coordination_potter0_20": 1.0, "asymmetric_advantages_sparse20": 16.0, "asymmetric_advantages_potter0_20": 1.0}
[pair_C] {"steps": 405504, "elapsed_s": 242.3, "forced_coordination_sparse20": 0.0, "forced_coordination_potter0_20": 1.0, "asymmetric_advantages_sparse20": 10.0, "asymmetric_advantages_potter0_20": 1.0}
[pair_C] {"steps": 407552, "elapsed_s": 243.9, "forced_coordination_sparse20": 0.0, "forced_coordination_potter0_20": 1.0, "asymmetric_advantages_sparse20": 8.0, "asymmetric_advantages_potter0_20": 1.0}
[pair_C] {"steps": 409600, "elapsed_s": 245.3, "forced_coordination_sparse20": 0.0, "forced_coordination_potter0_20": 1.0, "asymmetric_advantages_sparse20": 5.0, "asymmetric_advantages_potter0_20": 1.0}
[pair_C] {"steps": 411648, "elapsed_s": 246.5, "forced_coordination_sparse20": 0.0, "forced_coordination_potter0_20": 1.0, "asymmetric_advantages_sparse20": 6.0, "asymmetric_advantages_potter0_20": 1.0}
[pair_C] {"steps": 413696, "elapsed_s": 247.7, "forced_coordination_sparse20": 0.0, "forced_coordination_potter0_20": 1.0, "asymmetric_advantages_sparse20": 5.0, "asymmetric_advantages_potter0_20": 1.0}
[pair_C] {"steps": 415744, "elapsed_s": 248.9, "forced_coordination_sparse20": 0.0, "forced_coordination_potter0_20": 1.0, "asymmetric_advantages_sparse20": 6.0, "asymmetric_advantages_potter0_20": 1.0}
[pair_C] {"steps": 417792, "elapsed_s": 250.1, "forced_coordination_sparse20": 0.0, "forced_coordination_potter0_20": 1.0, "asymmetric_advantages_sparse20": 6.0, "asymmetric_advantages_potter0_20": 1.0}
[pair_C] {"steps": 419840, "elapsed_s": 251.4, "forced_coordination_sparse20": 0.0, "forced_coordination_potter0_20": 1.0, "asymmetric_advantages_sparse20": 7.0, "asymmetric_advantages_potter0_20": 1.0}
[pair_C] {"steps": 421888, "elapsed_s": 253.0, "forced_coordination_sparse20": 0.0, "forced_coordination_potter0_20": 1.0, "asymmetric_advantages_sparse20": 7.0, "asymmetric_advantages_potter0_20": 1.0}
[pair_C] {"steps": 423936, "elapsed_s": 254.3, "forced_coordination_sparse20": 0.0, "forced_coordination_potter0_20": 1.0, "asymmetric_advantages_sparse20": 8.0, "asymmetric_advantages_potter0_20": 1.0}
[pair_C] {"steps": 425984, "elapsed_s": 255.5, "forced_coordination_sparse20": 0.0, "forced_coordination_potter0_20": 1.0, "asymmetric_advantages_sparse20": 8.0, "asymmetric_advantages_potter0_20": 1.0}
[pair_C] {"steps": 428032, "elapsed_s": 256.8, "forced_coordination_sparse20": 0.0, "forced_coordination_potter0_20": 1.0, "asymmetric_advantages_sparse20": 8.0, "asymmetric_advantages_potter0_20": 1.0}
[pair_C] {"steps": 430080, "elapsed_s": 258.0, "forced_coordination_sparse20": 0.0, "forced_coordination_potter0_20": 1.0, "asymmetric_advantages_sparse20": 8.0, "asymmetric_advantages_potter0_20": 1.0}
[pair_C] {"steps": 432128, "elapsed_s": 259.2, "forced_coordination_sparse20": 0.0, "forced_coordination_potter0_20": 1.0, "asymmetric_advantages_sparse20": 7.0, "asymmetric_advantages_potter0_20": 1.0}
[pair_C] {"steps": 434176, "elapsed_s": 260.4, "forced_coordination_sparse20": 0.0, "forced_coordination_potter0_20": 1.0, "asymmetric_advantages_sparse20": 6.0, "asymmetric_advantages_potter0_20": 1.0}
[pair_C] {"steps": 436224, "elapsed_s": 261.7, "forced_coordination_sparse20": 0.0, "forced_coordination_potter0_20": 1.0, "asymmetric_advantages_sparse20": 10.0, "asymmetric_advantages_potter0_20": 1.0}
[pair_C] {"steps": 438272, "elapsed_s": 263.1, "forced_coordination_sparse20": 0.0, "forced_coordination_potter0_20": 1.0, "asymmetric_advantages_sparse20": 11.0, "asymmetric_advantages_potter0_20": 1.0}
[pair_C] {"steps": 440320, "elapsed_s": 264.3, "forced_coordination_sparse20": 0.0, "forced_coordination_potter0_20": 1.0, "asymmetric_advantages_sparse20": 12.0, "asymmetric_advantages_potter0_20": 1.0}
[pair_C] {"steps": 442368, "elapsed_s": 265.6, "forced_coordination_sparse20": 0.0, "forced_coordination_potter0_20": 1.0, "asymmetric_advantages_sparse20": 14.0, "asymmetric_advantages_potter0_20": 1.0}
[pair_C] {"steps": 444416, "elapsed_s": 266.9, "forced_coordination_sparse20": 0.0, "forced_coordination_potter0_20": 1.0, "asymmetric_advantages_sparse20": 15.0, "asymmetric_advantages_potter0_20": 1.0}
[pair_C] {"steps": 446464, "elapsed_s": 268.1, "forced_coordination_sparse20": 0.0, "forced_coordination_potter0_20": 1.0, "asymmetric_advantages_sparse20": 16.0, "asymmetric_advantages_potter0_20": 1.0}
[pair_C] {"steps": 448512, "elapsed_s": 269.3, "forced_coordination_sparse20": 0.0, "forced_coordination_potter0_20": 1.0, "asymmetric_advantages_sparse20": 15.0, "asymmetric_advantages_potter0_20": 1.0}
[pair_C] {"steps": 450560, "elapsed_s": 270.5, "forced_coordination_sparse20": 0.0, "forced_coordination_potter0_20": 1.0, "asymmetric_advantages_sparse20": 14.0, "asymmetric_advantages_potter0_20": 1.0}
[pair_C] {"steps": 452608, "elapsed_s": 271.7, "forced_coordination_sparse20": 0.0, "forced_coordination_potter0_20": 1.0, "asymmetric_advantages_sparse20": 12.0, "asymmetric_advantages_potter0_20": 1.0}
[pair_C] {"steps": 454656, "elapsed_s": 272.9, "forced_coordination_sparse20": 0.0, "forced_coordination_potter0_20": 1.0, "asymmetric_advantages_sparse20": 12.0, "asymmetric_advantages_potter0_20": 1.0}
[pair_C] {"steps": 456704, "elapsed_s": 274.2, "forced_coordination_sparse20": 0.0, "forced_coordination_potter0_20": 1.0, "asymmetric_advantages_sparse20": 13.0, "asymmetric_advantages_potter0_20": 1.0}
[pair_C] {"steps": 458752, "elapsed_s": 275.5, "forced_coordination_sparse20": 0.0, "forced_coordination_potter0_20": 1.0, "asymmetric_advantages_sparse20": 12.0, "asymmetric_advantages_potter0_20": 1.0}
[pair_C] {"steps": 460800, "elapsed_s": 276.7, "forced_coordination_sparse20": 0.0, "forced_coordination_potter0_20": 1.0, "asymmetric_advantages_sparse20": 13.0, "asymmetric_advantages_potter0_20": 1.0}
[pair_C] {"steps": 462848, "elapsed_s": 278.0, "forced_coordination_sparse20": 0.0, "forced_coordination_potter0_20": 1.0, "asymmetric_advantages_sparse20": 12.0, "asymmetric_advantages_potter0_20": 1.0}
[pair_C] {"steps": 464896, "elapsed_s": 279.3, "forced_coordination_sparse20": 0.0, "forced_coordination_potter0_20": 1.0, "asymmetric_advantages_sparse20": 14.0, "asymmetric_advantages_potter0_20": 1.0}
[pair_C] {"steps": 466944, "elapsed_s": 280.6, "forced_coordination_sparse20": 0.0, "forced_coordination_potter0_20": 1.0, "asymmetric_advantages_sparse20": 16.0, "asymmetric_advantages_potter0_20": 1.0}
[pair_C] {"steps": 468992, "elapsed_s": 281.8, "forced_coordination_sparse20": 0.0, "forced_coordination_potter0_20": 1.0, "asymmetric_advantages_sparse20": 15.0, "asymmetric_advantages_potter0_20": 1.0}
[pair_C] {"steps": 471040, "elapsed_s": 283.0, "forced_coordination_sparse20": 0.0, "forced_coordination_potter0_20": 1.0, "asymmetric_advantages_sparse20": 16.0, "asymmetric_advantages_potter0_20": 1.0}
[pair_C] {"steps": 473088, "elapsed_s": 284.3, "forced_coordination_sparse20": 0.0, "forced_coordination_potter0_20": 1.0, "asymmetric_advantages_sparse20": 15.0, "asymmetric_advantages_potter0_20": 1.0}
[pair_C] {"steps": 475136, "elapsed_s": 285.5, "forced_coordination_sparse20": 0.0, "forced_coordination_potter0_20": 1.0, "asymmetric_advantages_sparse20": 16.0, "asymmetric_advantages_potter0_20": 1.0}
[pair_C] {"steps": 477184, "elapsed_s": 286.8, "forced_coordination_sparse20": 0.0, "forced_coordination_potter0_20": 1.0, "asymmetric_advantages_sparse20": 14.0, "asymmetric_advantages_potter0_20": 1.0}
[pair_C] {"steps": 479232, "elapsed_s": 288.1, "forced_coordination_sparse20": 0.0, "forced_coordination_potter0_20": 1.0, "asymmetric_advantages_sparse20": 12.0, "asymmetric_advantages_potter0_20": 1.0}
[pair_C] {"steps": 481280, "elapsed_s": 289.4, "forced_coordination_sparse20": 0.0, "forced_coordination_potter0_20": 1.0, "asymmetric_advantages_sparse20": 15.0, "asymmetric_advantages_potter0_20": 1.0}
[pair_C] {"steps": 483328, "elapsed_s": 290.7, "forced_coordination_sparse20": 0.0, "forced_coordination_potter0_20": 1.0, "asymmetric_advantages_sparse20": 16.0, "asymmetric_advantages_potter0_20": 1.0}
[pair_C] {"steps": 485376, "elapsed_s": 292.0, "forced_coordination_sparse20": 0.0, "forced_coordination_potter0_20": 1.0, "asymmetric_advantages_sparse20": 16.0, "asymmetric_advantages_potter0_20": 1.0}
[pair_C] {"steps": 487424, "elapsed_s": 293.3, "forced_coordination_sparse20": 0.0, "forced_coordination_potter0_20": 1.0, "asymmetric_advantages_sparse20": 15.0, "asymmetric_advantages_potter0_20": 1.0}
[pair_C] {"steps": 489472, "elapsed_s": 294.5, "forced_coordination_sparse20": 0.0, "forced_coordination_potter0_20": 1.0, "asymmetric_advantages_sparse20": 20.0, "asymmetric_advantages_potter0_20": 1.0}
[pair_C] {"steps": 491520, "elapsed_s": 295.7, "forced_coordination_sparse20": 0.0, "forced_coordination_potter0_20": 1.0, "asymmetric_advantages_sparse20": 20.0, "asymmetric_advantages_potter0_20": 1.0}
[pair_C] {"steps": 493568, "elapsed_s": 296.9, "forced_coordination_sparse20": 0.0, "forced_coordination_potter0_20": 1.0, "asymmetric_advantages_sparse20": 16.0, "asymmetric_advantages_potter0_20": 1.0}
[pair_C] {"steps": 495616, "elapsed_s": 298.2, "forced_coordination_sparse20": 0.0, "forced_coordination_potter0_20": 1.0, "asymmetric_advantages_sparse20": 15.0, "asymmetric_advantages_potter0_20": 1.0}
[pair_C] {"steps": 497664, "elapsed_s": 299.4, "forced_coordination_sparse20": 0.0, "forced_coordination_potter0_20": 1.0, "asymmetric_advantages_sparse20": 19.0, "asymmetric_advantages_potter0_20": 1.0}
[pair_C] {"steps": 499712, "elapsed_s": 300.6, "forced_coordination_sparse20": 0.0, "forced_coordination_potter0_20": 1.0, "asymmetric_advantages_sparse20": 19.0, "asymmetric_advantages_potter0_20": 1.0}
[pair_C] {"steps": 501760, "elapsed_s": 301.8, "forced_coordination_sparse20": 0.0, "forced_coordination_potter0_20": 1.0, "asymmetric_advantages_sparse20": 20.0, "asymmetric_advantages_potter0_20": 1.0}
[pair_C] {"steps": 503808, "elapsed_s": 303.0, "forced_coordination_sparse20": 0.0, "forced_coordination_potter0_20": 1.0, "asymmetric_advantages_sparse20": 20.0, "asymmetric_advantages_potter0_20": 1.0}
[pair_C] {"steps": 505856, "elapsed_s": 304.2, "forced_coordination_sparse20": 0.0, "forced_coordination_potter0_20": 1.0, "asymmetric_advantages_sparse20": 19.0, "asymmetric_advantages_potter0_20": 1.0}
[pair_C] {"steps": 507904, "elapsed_s": 305.4, "forced_coordination_sparse20": 0.0, "forced_coordination_potter0_20": 1.0, "asymmetric_advantages_sparse20": 18.0, "asymmetric_advantages_potter0_20": 1.0}
[pair_C] {"steps": 509952, "elapsed_s": 306.7, "forced_coordination_sparse20": 0.0, "forced_coordination_potter0_20": 1.0, "asymmetric_advantages_sparse20": 19.0, "asymmetric_advantages_potter0_20": 1.0}
[pair_C] {"steps": 512000, "elapsed_s": 308.1, "forced_coordination_sparse20": 0.0, "forced_coordination_potter0_20": 1.0, "asymmetric_advantages_sparse20": 21.0, "asymmetric_advantages_potter0_20": 1.0}
[pair_C] {"steps": 514048, "elapsed_s": 309.3, "forced_coordination_sparse20": 0.0, "forced_coordination_potter0_20": 1.0, "asymmetric_advantages_sparse20": 19.0, "asymmetric_advantages_potter0_20": 1.0}
[pair_C] {"steps": 516096, "elapsed_s": 310.6, "forced_coordination_sparse20": 0.0, "forced_coordination_potter0_20": 1.0, "asymmetric_advantages_sparse20": 19.0, "asymmetric_advantages_potter0_20": 1.0}
[pair_C] {"steps": 518144, "elapsed_s": 311.8, "forced_coordination_sparse20": 0.0, "forced_coordination_potter0_20": 1.0, "asymmetric_advantages_sparse20": 19.0, "asymmetric_advantages_potter0_20": 1.0}
[pair_C] {"steps": 520192, "elapsed_s": 313.1, "forced_coordination_sparse20": 0.0, "forced_coordination_potter0_20": 1.0, "asymmetric_advantages_sparse20": 21.0, "asymmetric_advantages_potter0_20": 1.0}
[pair_C] {"steps": 522240, "elapsed_s": 314.6, "forced_coordination_sparse20": 0.0, "forced_coordination_potter0_20": 1.0, "asymmetric_advantages_sparse20": 19.0, "asymmetric_advantages_potter0_20": 1.0}
[pair_C] {"steps": 524288, "elapsed_s": 316.1, "forced_coordination_sparse20": 0.0, "forced_coordination_potter0_20": 1.0, "asymmetric_advantages_sparse20": 18.0, "asymmetric_advantages_potter0_20": 1.0}
[pair_C] {"steps": 526336, "elapsed_s": 317.3, "forced_coordination_sparse20": 0.0, "forced_coordination_potter0_20": 1.0, "asymmetric_advantages_sparse20": 19.0, "asymmetric_advantages_potter0_20": 1.0}
[pair_C] {"steps": 528384, "elapsed_s": 318.4, "forced_coordination_sparse20": 0.0, "forced_coordination_potter0_20": 1.0, "asymmetric_advantages_sparse20": 19.0, "asymmetric_advantages_potter0_20": 1.0}
[pair_C] {"steps": 530432, "elapsed_s": 319.7, "forced_coordination_sparse20": 0.0, "forced_coordination_potter0_20": 1.0, "asymmetric_advantages_sparse20": 19.0, "asymmetric_advantages_potter0_20": 1.0}
[pair_C] {"steps": 532480, "elapsed_s": 320.9, "forced_coordination_sparse20": 0.0, "forced_coordination_potter0_20": 1.0, "asymmetric_advantages_sparse20": 18.0, "asymmetric_advantages_potter0_20": 1.0}
[pair_C] {"steps": 534528, "elapsed_s": 322.1, "forced_coordination_sparse20": 0.0, "forced_coordination_potter0_20": 1.0, "asymmetric_advantages_sparse20": 17.0, "asymmetric_advantages_potter0_20": 1.0}
[pair_C] {"steps": 536576, "elapsed_s": 323.4, "forced_coordination_sparse20": 0.0, "forced_coordination_potter0_20": 1.0, "asymmetric_advantages_sparse20": 16.0, "asymmetric_advantages_potter0_20": 1.0}
[pair_C] {"steps": 538624, "elapsed_s": 324.7, "forced_coordination_sparse20": 0.0, "forced_coordination_potter0_20": 1.0, "asymmetric_advantages_sparse20": 18.0, "asymmetric_advantages_potter0_20": 1.0}
[pair_C] {"steps": 540672, "elapsed_s": 325.9, "forced_coordination_sparse20": 0.0, "forced_coordination_potter0_20": 1.0, "asymmetric_advantages_sparse20": 17.0, "asymmetric_advantages_potter0_20": 1.0}
[pair_C] {"steps": 542720, "elapsed_s": 327.4, "forced_coordination_sparse20": 0.0, "forced_coordination_potter0_20": 1.0, "asymmetric_advantages_sparse20": 16.0, "asymmetric_advantages_potter0_20": 1.0}
[pair_C] {"steps": 544768, "elapsed_s": 328.9, "forced_coordination_sparse20": 0.0, "forced_coordination_potter0_20": 1.0, "asymmetric_advantages_sparse20": 18.0, "asymmetric_advantages_potter0_20": 1.0}
[pair_C] {"steps": 546816, "elapsed_s": 330.2, "forced_coordination_sparse20": 0.0, "forced_coordination_potter0_20": 1.0, "asymmetric_advantages_sparse20": 18.0, "asymmetric_advantages_potter0_20": 1.0}
[pair_C] {"steps": 548864, "elapsed_s": 331.4, "forced_coordination_sparse20": 0.0, "forced_coordination_potter0_20": 1.0, "asymmetric_advantages_sparse20": 17.0, "asymmetric_advantages_potter0_20": 1.0}
[pair_C] {"steps": 550912, "elapsed_s": 332.7, "forced_coordination_sparse20": 0.0, "forced_coordination_potter0_20": 1.0, "asymmetric_advantages_sparse20": 16.0, "asymmetric_advantages_potter0_20": 1.0}
[pair_C] {"steps": 552960, "elapsed_s": 333.9, "forced_coordination_sparse20": 0.0, "forced_coordination_potter0_20": 1.0, "asymmetric_advantages_sparse20": 16.0, "asymmetric_advantages_potter0_20": 1.0}
[pair_C] {"steps": 555008, "elapsed_s": 335.2, "forced_coordination_sparse20": 0.0, "forced_coordination_potter0_20": 1.0, "asymmetric_advantages_sparse20": 18.0, "asymmetric_advantages_potter0_20": 1.0}
[pair_C] {"steps": 557056, "elapsed_s": 336.8, "forced_coordination_sparse20": 0.0, "forced_coordination_potter0_20": 1.0, "asymmetric_advantages_sparse20": 28.0, "asymmetric_advantages_potter0_20": 1.0}
[pair_C] {"steps": 559104, "elapsed_s": 338.1, "forced_coordination_sparse20": 0.0, "forced_coordination_potter0_20": 1.0, "asymmetric_advantages_sparse20": 25.0, "asymmetric_advantages_potter0_20": 1.0}
[pair_C] {"steps": 561152, "elapsed_s": 339.3, "forced_coordination_sparse20": 0.0, "forced_coordination_potter0_20": 1.0, "asymmetric_advantages_sparse20": 27.0, "asymmetric_advantages_potter0_20": 1.0}
[pair_C] {"steps": 563200, "elapsed_s": 340.6, "forced_coordination_sparse20": 0.0, "forced_coordination_potter0_20": 1.0, "asymmetric_advantages_sparse20": 29.0, "asymmetric_advantages_potter0_20": 1.0}
[pair_C] {"steps": 565248, "elapsed_s": 341.9, "forced_coordination_sparse20": 0.0, "forced_coordination_potter0_20": 1.0, "asymmetric_advantages_sparse20": 31.0, "asymmetric_advantages_potter0_20": 1.0}
[pair_C] {"steps": 567296, "elapsed_s": 343.1, "forced_coordination_sparse20": 0.0, "forced_coordination_potter0_20": 1.0, "asymmetric_advantages_sparse20": 33.0, "asymmetric_advantages_potter0_20": 1.0}
[pair_C] {"steps": 569344, "elapsed_s": 344.4, "forced_coordination_sparse20": 0.0, "forced_coordination_potter0_20": 1.0, "asymmetric_advantages_sparse20": 32.0, "asymmetric_advantages_potter0_20": 1.0}
[pair_C] {"steps": 571392, "elapsed_s": 345.6, "forced_coordination_sparse20": 0.0, "forced_coordination_potter0_20": 1.0, "asymmetric_advantages_sparse20": 30.0, "asymmetric_advantages_potter0_20": 1.0}
[pair_C] {"steps": 573440, "elapsed_s": 346.8, "forced_coordination_sparse20": 0.0, "forced_coordination_potter0_20": 1.0, "asymmetric_advantages_sparse20": 30.0, "asymmetric_advantages_potter0_20": 1.0}
[pair_C] {"steps": 575488, "elapsed_s": 348.0, "forced_coordination_sparse20": 0.0, "forced_coordination_potter0_20": 1.0, "asymmetric_advantages_sparse20": 28.0, "asymmetric_advantages_potter0_20": 1.0}
[pair_C] {"steps": 577536, "elapsed_s": 349.2, "forced_coordination_sparse20": 0.0, "forced_coordination_potter0_20": 1.0, "asymmetric_advantages_sparse20": 27.0, "asymmetric_advantages_potter0_20": 1.0}
[pair_C] {"steps": 579584, "elapsed_s": 350.4, "forced_coordination_sparse20": 0.0, "forced_coordination_potter0_20": 1.0, "asymmetric_advantages_sparse20": 26.0, "asymmetric_advantages_potter0_20": 1.0}
[pair_C] {"steps": 581632, "elapsed_s": 351.5, "forced_coordination_sparse20": 0.0, "forced_coordination_potter0_20": 1.0, "asymmetric_advantages_sparse20": 26.0, "asymmetric_advantages_potter0_20": 1.0}
[pair_C] {"steps": 583680, "elapsed_s": 352.7, "forced_coordination_sparse20": 0.0, "forced_coordination_potter0_20": 1.0, "asymmetric_advantages_sparse20": 26.0, "asymmetric_advantages_potter0_20": 1.0}
[pair_C] {"steps": 585728, "elapsed_s": 354.0, "forced_coordination_sparse20": 0.0, "forced_coordination_potter0_20": 1.0, "asymmetric_advantages_sparse20": 35.0, "asymmetric_advantages_potter0_20": 1.0}
[pair_C] {"steps": 587776, "elapsed_s": 355.1, "forced_coordination_sparse20": 0.0, "forced_coordination_potter0_20": 1.0, "asymmetric_advantages_sparse20": 33.0, "asymmetric_advantages_potter0_20": 1.0}
[pair_C] {"steps": 589824, "elapsed_s": 356.3, "forced_coordination_sparse20": 0.0, "forced_coordination_potter0_20": 1.0, "asymmetric_advantages_sparse20": 31.0, "asymmetric_advantages_potter0_20": 1.0}
[pair_C] {"steps": 591872, "elapsed_s": 357.5, "forced_coordination_sparse20": 0.0, "forced_coordination_potter0_20": 1.0, "asymmetric_advantages_sparse20": 32.0, "asymmetric_advantages_potter0_20": 1.0}
[pair_C] {"steps": 593920, "elapsed_s": 358.8, "forced_coordination_sparse20": 0.0, "forced_coordination_potter0_20": 1.0, "asymmetric_advantages_sparse20": 33.0, "asymmetric_advantages_potter0_20": 1.0}
[pair_C] {"steps": 595968, "elapsed_s": 359.9, "forced_coordination_sparse20": 0.0, "forced_coordination_potter0_20": 1.0, "asymmetric_advantages_sparse20": 36.0, "asymmetric_advantages_potter0_20": 1.0}
[pair_C] {"steps": 598016, "elapsed_s": 361.1, "forced_coordination_sparse20": 0.0, "forced_coordination_potter0_20": 1.0, "asymmetric_advantages_sparse20": 36.0, "asymmetric_advantages_potter0_20": 1.0}
[pair_C] {"steps": 600064, "elapsed_s": 362.3, "forced_coordination_sparse20": 0.0, "forced_coordination_potter0_20": 1.0, "asymmetric_advantages_sparse20": 38.0, "asymmetric_advantages_potter0_20": 1.0}
[pair_C] {"steps": 602112, "elapsed_s": 363.5, "forced_coordination_sparse20": 0.0, "forced_coordination_potter0_20": 1.0, "asymmetric_advantages_sparse20": 36.0, "asymmetric_advantages_potter0_20": 1.0}
[pair_C] {"steps": 604160, "elapsed_s": 364.8, "forced_coordination_sparse20": 0.0, "forced_coordination_potter0_20": 1.0, "asymmetric_advantages_sparse20": 32.0, "asymmetric_advantages_potter0_20": 1.0}
[pair_C] {"steps": 606208, "elapsed_s": 365.9, "forced_coordination_sparse20": 0.0, "forced_coordination_potter0_20": 1.0, "asymmetric_advantages_sparse20": 34.0, "asymmetric_advantages_potter0_20": 1.0}
[pair_C] {"steps": 608256, "elapsed_s": 367.1, "forced_coordination_sparse20": 0.0, "forced_coordination_potter0_20": 1.0, "asymmetric_advantages_sparse20": 34.0, "asymmetric_advantages_potter0_20": 1.0}
[pair_C] {"steps": 610304, "elapsed_s": 368.4, "forced_coordination_sparse20": 0.0, "forced_coordination_potter0_20": 1.0, "asymmetric_advantages_sparse20": 33.0, "asymmetric_advantages_potter0_20": 1.0}
[pair_C] {"steps": 612352, "elapsed_s": 369.6, "forced_coordination_sparse20": 0.0, "forced_coordination_potter0_20": 1.0, "asymmetric_advantages_sparse20": 27.0, "asymmetric_advantages_potter0_20": 1.0}
[pair_C] {"steps": 614400, "elapsed_s": 370.7, "forced_coordination_sparse20": 0.0, "forced_coordination_potter0_20": 1.0, "asymmetric_advantages_sparse20": 26.0, "asymmetric_advantages_potter0_20": 1.0}
[pair_C] {"steps": 616448, "elapsed_s": 371.9, "forced_coordination_sparse20": 0.0, "forced_coordination_potter0_20": 1.0, "asymmetric_advantages_sparse20": 27.0, "asymmetric_advantages_potter0_20": 1.0}
[pair_C] {"steps": 618496, "elapsed_s": 373.1, "forced_coordination_sparse20": 0.0, "forced_coordination_potter0_20": 1.0, "asymmetric_advantages_sparse20": 28.0, "asymmetric_advantages_potter0_20": 1.0}
[pair_C] {"steps": 620544, "elapsed_s": 374.3, "forced_coordination_sparse20": 0.0, "forced_coordination_potter0_20": 1.0, "asymmetric_advantages_sparse20": 24.0, "asymmetric_advantages_potter0_20": 1.0}
[pair_C] {"steps": 622592, "elapsed_s": 375.5, "forced_coordination_sparse20": 0.0, "forced_coordination_potter0_20": 1.0, "asymmetric_advantages_sparse20": 26.0, "asymmetric_advantages_potter0_20": 1.0}
[pair_C] {"steps": 624640, "elapsed_s": 376.8, "forced_coordination_sparse20": 0.0, "forced_coordination_potter0_20": 1.0, "asymmetric_advantages_sparse20": 26.0, "asymmetric_advantages_potter0_20": 1.0}
[pair_C] {"steps": 626688, "elapsed_s": 378.1, "forced_coordination_sparse20": 0.0, "forced_coordination_potter0_20": 1.0, "asymmetric_advantages_sparse20": 25.0, "asymmetric_advantages_potter0_20": 1.0}
[pair_C] {"steps": 628736, "elapsed_s": 379.3, "forced_coordination_sparse20": 0.0, "forced_coordination_potter0_20": 1.0, "asymmetric_advantages_sparse20": 29.0, "asymmetric_advantages_potter0_20": 1.0}
[pair_C] {"steps": 630784, "elapsed_s": 380.5, "forced_coordination_sparse20": 0.0, "forced_coordination_potter0_20": 1.0, "asymmetric_advantages_sparse20": 31.0, "asymmetric_advantages_potter0_20": 1.0}
[pair_C] {"steps": 632832, "elapsed_s": 381.7, "forced_coordination_sparse20": 0.0, "forced_coordination_potter0_20": 1.0, "asymmetric_advantages_sparse20": 27.0, "asymmetric_advantages_potter0_20": 1.0}
[pair_C] {"steps": 634880, "elapsed_s": 382.9, "forced_coordination_sparse20": 0.0, "forced_coordination_potter0_20": 1.0, "asymmetric_advantages_sparse20": 27.0, "asymmetric_advantages_potter0_20": 1.0}
[pair_C] {"steps": 636928, "elapsed_s": 384.1, "forced_coordination_sparse20": 0.0, "forced_coordination_potter0_20": 1.0, "asymmetric_advantages_sparse20": 27.0, "asymmetric_advantages_potter0_20": 1.0}
[pair_C] {"steps": 638976, "elapsed_s": 385.3, "forced_coordination_sparse20": 0.0, "forced_coordination_potter0_20": 1.0, "asymmetric_advantages_sparse20": 27.0, "asymmetric_advantages_potter0_20": 1.0}
[pair_C] {"steps": 641024, "elapsed_s": 386.5, "forced_coordination_sparse20": 0.0, "forced_coordination_potter0_20": 1.0, "asymmetric_advantages_sparse20": 27.0, "asymmetric_advantages_potter0_20": 1.0}
[pair_C] {"steps": 643072, "elapsed_s": 387.7, "forced_coordination_sparse20": 0.0, "forced_coordination_potter0_20": 1.0, "asymmetric_advantages_sparse20": 30.0, "asymmetric_advantages_potter0_20": 1.0}
[pair_C] {"steps": 645120, "elapsed_s": 389.0, "forced_coordination_sparse20": 0.0, "forced_coordination_potter0_20": 1.0, "asymmetric_advantages_sparse20": 32.0, "asymmetric_advantages_potter0_20": 1.0}
[pair_C] {"steps": 647168, "elapsed_s": 390.2, "forced_coordination_sparse20": 0.0, "forced_coordination_potter0_20": 1.0, "asymmetric_advantages_sparse20": 32.0, "asymmetric_advantages_potter0_20": 1.0}
[pair_C] {"steps": 649216, "elapsed_s": 391.3, "forced_coordination_sparse20": 0.0, "forced_coordination_potter0_20": 1.0, "asymmetric_advantages_sparse20": 32.0, "asymmetric_advantages_potter0_20": 1.0}
[pair_C] {"steps": 651264, "elapsed_s": 392.5, "forced_coordination_sparse20": 0.0, "forced_coordination_potter0_20": 1.0, "asymmetric_advantages_sparse20": 34.0, "asymmetric_advantages_potter0_20": 1.0}
[pair_C] {"steps": 653312, "elapsed_s": 393.7, "forced_coordination_sparse20": 0.0, "forced_coordination_potter0_20": 1.0, "asymmetric_advantages_sparse20": 35.0, "asymmetric_advantages_potter0_20": 1.0}
[pair_C] {"steps": 655360, "elapsed_s": 394.9, "forced_coordination_sparse20": 0.0, "forced_coordination_potter0_20": 1.0, "asymmetric_advantages_sparse20": 36.0, "asymmetric_advantages_potter0_20": 1.0}
[pair_C] {"steps": 657408, "elapsed_s": 396.2, "forced_coordination_sparse20": 0.0, "forced_coordination_potter0_20": 1.0, "asymmetric_advantages_sparse20": 30.0, "asymmetric_advantages_potter0_20": 1.0}
[pair_C] {"steps": 659456, "elapsed_s": 397.4, "forced_coordination_sparse20": 0.0, "forced_coordination_potter0_20": 1.0, "asymmetric_advantages_sparse20": 32.0, "asymmetric_advantages_potter0_20": 1.0}
[pair_C] {"steps": 661504, "elapsed_s": 398.6, "forced_coordination_sparse20": 0.0, "forced_coordination_potter0_20": 1.0, "asymmetric_advantages_sparse20": 34.0, "asymmetric_advantages_potter0_20": 1.0}
[pair_C] {"steps": 663552, "elapsed_s": 399.8, "forced_coordination_sparse20": 0.0, "forced_coordination_potter0_20": 1.0, "asymmetric_advantages_sparse20": 30.0, "asymmetric_advantages_potter0_20": 1.0}
[pair_C] {"steps": 665600, "elapsed_s": 401.0, "forced_coordination_sparse20": 0.0, "forced_coordination_potter0_20": 1.0, "asymmetric_advantages_sparse20": 30.0, "asymmetric_advantages_potter0_20": 1.0}
[pair_C] {"steps": 667648, "elapsed_s": 402.2, "forced_coordination_sparse20": 0.0, "forced_coordination_potter0_20": 1.0, "asymmetric_advantages_sparse20": 30.0, "asymmetric_advantages_potter0_20": 1.0}
[pair_C] {"steps": 669696, "elapsed_s": 403.4, "forced_coordination_sparse20": 0.0, "forced_coordination_potter0_20": 1.0, "asymmetric_advantages_sparse20": 29.0, "asymmetric_advantages_potter0_20": 1.0}
[pair_C] {"steps": 671744, "elapsed_s": 404.7, "forced_coordination_sparse20": 0.0, "forced_coordination_potter0_20": 1.0, "asymmetric_advantages_sparse20": 32.0, "asymmetric_advantages_potter0_20": 1.0}
[pair_C] {"steps": 673792, "elapsed_s": 405.9, "forced_coordination_sparse20": 0.0, "forced_coordination_potter0_20": 1.0, "asymmetric_advantages_sparse20": 33.0, "asymmetric_advantages_potter0_20": 1.0}
[pair_C] {"steps": 675840, "elapsed_s": 407.1, "forced_coordination_sparse20": 0.0, "forced_coordination_potter0_20": 1.0, "asymmetric_advantages_sparse20": 32.0, "asymmetric_advantages_potter0_20": 1.0}
[pair_C] {"steps": 677888, "elapsed_s": 408.4, "forced_coordination_sparse20": 0.0, "forced_coordination_potter0_20": 1.0, "asymmetric_advantages_sparse20": 26.0, "asymmetric_advantages_potter0_20": 1.0}
[pair_C] {"steps": 679936, "elapsed_s": 409.7, "forced_coordination_sparse20": 0.0, "forced_coordination_potter0_20": 1.0, "asymmetric_advantages_sparse20": 28.0, "asymmetric_advantages_potter0_20": 1.0}
[pair_C] {"steps": 681984, "elapsed_s": 411.0, "forced_coordination_sparse20": 0.0, "forced_coordination_potter0_20": 1.0, "asymmetric_advantages_sparse20": 29.0, "asymmetric_advantages_potter0_20": 1.0}
[pair_C] {"steps": 684032, "elapsed_s": 412.4, "forced_coordination_sparse20": 0.0, "forced_coordination_potter0_20": 1.0, "asymmetric_advantages_sparse20": 30.0, "asymmetric_advantages_potter0_20": 1.0}
[pair_C] {"steps": 686080, "elapsed_s": 413.6, "forced_coordination_sparse20": 0.0, "forced_coordination_potter0_20": 1.0, "asymmetric_advantages_sparse20": 33.0, "asymmetric_advantages_potter0_20": 1.0}
[pair_C] {"steps": 688128, "elapsed_s": 414.8, "forced_coordination_sparse20": 0.0, "forced_coordination_potter0_20": 1.0, "asymmetric_advantages_sparse20": 36.0, "asymmetric_advantages_potter0_20": 1.0}
[pair_C] {"steps": 690176, "elapsed_s": 416.0, "forced_coordination_sparse20": 0.0, "forced_coordination_potter0_20": 1.0, "asymmetric_advantages_sparse20": 40.0, "asymmetric_advantages_potter0_20": 1.0}
[pair_C] {"steps": 692224, "elapsed_s": 417.2, "forced_coordination_sparse20": 0.0, "forced_coordination_potter0_20": 1.0, "asymmetric_advantages_sparse20": 36.0, "asymmetric_advantages_potter0_20": 1.0}
[pair_C] {"steps": 694272, "elapsed_s": 418.4, "forced_coordination_sparse20": 0.0, "forced_coordination_potter0_20": 1.0, "asymmetric_advantages_sparse20": 35.0, "asymmetric_advantages_potter0_20": 1.0}
[pair_C] {"steps": 696320, "elapsed_s": 419.6, "forced_coordination_sparse20": 0.0, "forced_coordination_potter0_20": 1.0, "asymmetric_advantages_sparse20": 36.0, "asymmetric_advantages_potter0_20": 1.0}
[pair_C] {"steps": 698368, "elapsed_s": 420.8, "forced_coordination_sparse20": 0.0, "forced_coordination_potter0_20": 1.0, "asymmetric_advantages_sparse20": 33.0, "asymmetric_advantages_potter0_20": 1.0}
[pair_C] {"steps": 700416, "elapsed_s": 422.1, "forced_coordination_sparse20": 0.0, "forced_coordination_potter0_20": 1.0, "asymmetric_advantages_sparse20": 32.0, "asymmetric_advantages_potter0_20": 1.0}
[pair_C] {"steps": 702464, "elapsed_s": 423.3, "forced_coordination_sparse20": 0.0, "forced_coordination_potter0_20": 1.0, "asymmetric_advantages_sparse20": 32.0, "asymmetric_advantages_potter0_20": 1.0}
[pair_C] {"steps": 704512, "elapsed_s": 424.6, "forced_coordination_sparse20": 0.0, "forced_coordination_potter0_20": 1.0, "asymmetric_advantages_sparse20": 35.0, "asymmetric_advantages_potter0_20": 1.0}
[pair_C] {"steps": 706560, "elapsed_s": 425.8, "forced_coordination_sparse20": 0.0, "forced_coordination_potter0_20": 1.0, "asymmetric_advantages_sparse20": 33.0, "asymmetric_advantages_potter0_20": 1.0}
[pair_C] {"steps": 708608, "elapsed_s": 427.1, "forced_coordination_sparse20": 0.0, "forced_coordination_potter0_20": 1.0, "asymmetric_advantages_sparse20": 36.0, "asymmetric_advantages_potter0_20": 1.0}
[pair_C] {"steps": 710656, "elapsed_s": 428.4, "forced_coordination_sparse20": 0.0, "forced_coordination_potter0_20": 1.0, "asymmetric_advantages_sparse20": 40.0, "asymmetric_advantages_potter0_20": 1.0}
[pair_C] {"steps": 712704, "elapsed_s": 429.6, "forced_coordination_sparse20": 0.0, "forced_coordination_potter0_20": 1.0, "asymmetric_advantages_sparse20": 43.0, "asymmetric_advantages_potter0_20": 1.0}
[pair_C] {"steps": 714752, "elapsed_s": 430.7, "forced_coordination_sparse20": 0.0, "forced_coordination_potter0_20": 1.0, "asymmetric_advantages_sparse20": 44.0, "asymmetric_advantages_potter0_20": 1.0}
[pair_C] {"steps": 716800, "elapsed_s": 432.0, "forced_coordination_sparse20": 0.0, "forced_coordination_potter0_20": 1.0, "asymmetric_advantages_sparse20": 38.0, "asymmetric_advantages_potter0_20": 1.0}
[pair_C] {"steps": 718848, "elapsed_s": 433.3, "forced_coordination_sparse20": 0.0, "forced_coordination_potter0_20": 1.0, "asymmetric_advantages_sparse20": 40.0, "asymmetric_advantages_potter0_20": 1.0}
[pair_C] {"steps": 720896, "elapsed_s": 434.6, "forced_coordination_sparse20": 0.0, "forced_coordination_potter0_20": 1.0, "asymmetric_advantages_sparse20": 40.0, "asymmetric_advantages_potter0_20": 1.0}
[pair_C] {"steps": 722944, "elapsed_s": 435.9, "forced_coordination_sparse20": 0.0, "forced_coordination_potter0_20": 1.0, "asymmetric_advantages_sparse20": 42.0, "asymmetric_advantages_potter0_20": 1.0}
[pair_C] {"steps": 724992, "elapsed_s": 437.1, "forced_coordination_sparse20": 0.0, "forced_coordination_potter0_20": 1.0, "asymmetric_advantages_sparse20": 38.0, "asymmetric_advantages_potter0_20": 1.0}
[pair_C] {"steps": 727040, "elapsed_s": 438.4, "forced_coordination_sparse20": 0.0, "forced_coordination_potter0_20": 1.0, "asymmetric_advantages_sparse20": 33.0, "asymmetric_advantages_potter0_20": 1.0}
[pair_C] {"steps": 729088, "elapsed_s": 439.6, "forced_coordination_sparse20": 0.0, "forced_coordination_potter0_20": 1.0, "asymmetric_advantages_sparse20": 31.0, "asymmetric_advantages_potter0_20": 1.0}
[pair_C] {"steps": 731136, "elapsed_s": 440.9, "forced_coordination_sparse20": 0.0, "forced_coordination_potter0_20": 1.0, "asymmetric_advantages_sparse20": 32.0, "asymmetric_advantages_potter0_20": 1.0}
[pair_C] {"steps": 733184, "elapsed_s": 442.0, "forced_coordination_sparse20": 0.0, "forced_coordination_potter0_20": 1.0, "asymmetric_advantages_sparse20": 31.0, "asymmetric_advantages_potter0_20": 1.0}
[pair_C] {"steps": 735232, "elapsed_s": 443.3, "forced_coordination_sparse20": 0.0, "forced_coordination_potter0_20": 1.0, "asymmetric_advantages_sparse20": 35.0, "asymmetric_advantages_potter0_20": 1.0}
[pair_C] {"steps": 737280, "elapsed_s": 444.6, "forced_coordination_sparse20": 0.0, "forced_coordination_potter0_20": 1.0, "asymmetric_advantages_sparse20": 34.0, "asymmetric_advantages_potter0_20": 1.0}
[pair_C] {"steps": 739328, "elapsed_s": 446.0, "forced_coordination_sparse20": 0.0, "forced_coordination_potter0_20": 1.0, "asymmetric_advantages_sparse20": 32.0, "asymmetric_advantages_potter0_20": 1.0}
[pair_C] {"steps": 741376, "elapsed_s": 447.3, "forced_coordination_sparse20": 0.0, "forced_coordination_potter0_20": 1.0, "asymmetric_advantages_sparse20": 35.0, "asymmetric_advantages_potter0_20": 1.0}
[pair_C] {"steps": 743424, "elapsed_s": 448.5, "forced_coordination_sparse20": 0.0, "forced_coordination_potter0_20": 1.0, "asymmetric_advantages_sparse20": 34.0, "asymmetric_advantages_potter0_20": 1.0}
[pair_C] {"steps": 745472, "elapsed_s": 449.8, "forced_coordination_sparse20": 0.0, "forced_coordination_potter0_20": 1.0, "asymmetric_advantages_sparse20": 33.0, "asymmetric_advantages_potter0_20": 1.0}
[pair_C] {"steps": 747520, "elapsed_s": 451.1, "forced_coordination_sparse20": 0.0, "forced_coordination_potter0_20": 1.0, "asymmetric_advantages_sparse20": 29.0, "asymmetric_advantages_potter0_20": 1.0}
[pair_C] {"steps": 749568, "elapsed_s": 452.2, "forced_coordination_sparse20": 0.0, "forced_coordination_potter0_20": 1.0, "asymmetric_advantages_sparse20": 31.0, "asymmetric_advantages_potter0_20": 1.0}
[pair_C] {"steps": 751616, "elapsed_s": 453.5, "forced_coordination_sparse20": 0.0, "forced_coordination_potter0_20": 1.0, "asymmetric_advantages_sparse20": 34.0, "asymmetric_advantages_potter0_20": 1.0}
[pair_C] {"steps": 753664, "elapsed_s": 454.7, "forced_coordination_sparse20": 0.0, "forced_coordination_potter0_20": 1.0, "asymmetric_advantages_sparse20": 36.0, "asymmetric_advantages_potter0_20": 1.0}
[pair_C] {"steps": 755712, "elapsed_s": 455.9, "forced_coordination_sparse20": 0.0, "forced_coordination_potter0_20": 1.0, "asymmetric_advantages_sparse20": 38.0, "asymmetric_advantages_potter0_20": 1.0}
[pair_C] {"steps": 757760, "elapsed_s": 457.2, "forced_coordination_sparse20": 0.0, "forced_coordination_potter0_20": 1.0, "asymmetric_advantages_sparse20": 37.0, "asymmetric_advantages_potter0_20": 1.0}
[pair_C] {"steps": 759808, "elapsed_s": 458.5, "forced_coordination_sparse20": 0.0, "forced_coordination_potter0_20": 1.0, "asymmetric_advantages_sparse20": 36.0, "asymmetric_advantages_potter0_20": 1.0}
[pair_C] {"steps": 761856, "elapsed_s": 459.7, "forced_coordination_sparse20": 0.0, "forced_coordination_potter0_20": 1.0, "asymmetric_advantages_sparse20": 42.0, "asymmetric_advantages_potter0_20": 1.0}
[pair_C] {"steps": 763904, "elapsed_s": 460.9, "forced_coordination_sparse20": 0.0, "forced_coordination_potter0_20": 1.0, "asymmetric_advantages_sparse20": 42.0, "asymmetric_advantages_potter0_20": 1.0}
[pair_C] {"steps": 765952, "elapsed_s": 462.1, "forced_coordination_sparse20": 0.0, "forced_coordination_potter0_20": 1.0, "asymmetric_advantages_sparse20": 44.0, "asymmetric_advantages_potter0_20": 1.0}
[pair_C] {"steps": 768000, "elapsed_s": 463.5, "forced_coordination_sparse20": 0.0, "forced_coordination_potter0_20": 1.0, "asymmetric_advantages_sparse20": 42.0, "asymmetric_advantages_potter0_20": 1.0}
[pair_C] {"steps": 770048, "elapsed_s": 464.9, "forced_coordination_sparse20": 0.0, "forced_coordination_potter0_20": 1.0, "asymmetric_advantages_sparse20": 41.0, "asymmetric_advantages_potter0_20": 1.0}
[pair_C] {"steps": 772096, "elapsed_s": 466.2, "forced_coordination_sparse20": 0.0, "forced_coordination_potter0_20": 1.0, "asymmetric_advantages_sparse20": 43.0, "asymmetric_advantages_potter0_20": 1.0}
[pair_C] {"steps": 774144, "elapsed_s": 467.5, "forced_coordination_sparse20": 0.0, "forced_coordination_potter0_20": 1.0, "asymmetric_advantages_sparse20": 48.0, "asymmetric_advantages_potter0_20": 1.0}
[pair_C] {"steps": 776192, "elapsed_s": 468.7, "forced_coordination_sparse20": 0.0, "forced_coordination_potter0_20": 1.0, "asymmetric_advantages_sparse20": 50.0, "asymmetric_advantages_potter0_20": 1.0}
[pair_C] {"steps": 778240, "elapsed_s": 470.0, "forced_coordination_sparse20": 0.0, "forced_coordination_potter0_20": 1.0, "asymmetric_advantages_sparse20": 51.0, "asymmetric_advantages_potter0_20": 1.0}
[pair_C] {"steps": 780288, "elapsed_s": 471.2, "forced_coordination_sparse20": 0.0, "forced_coordination_potter0_20": 1.0, "asymmetric_advantages_sparse20": 53.0, "asymmetric_advantages_potter0_20": 1.0}
[pair_C] {"steps": 782336, "elapsed_s": 472.5, "forced_coordination_sparse20": 0.0, "forced_coordination_potter0_20": 1.0, "asymmetric_advantages_sparse20": 51.0, "asymmetric_advantages_potter0_20": 1.0}
[pair_C] {"steps": 784384, "elapsed_s": 473.7, "forced_coordination_sparse20": 0.0, "forced_coordination_potter0_20": 1.0, "asymmetric_advantages_sparse20": 47.0, "asymmetric_advantages_potter0_20": 1.0}
[pair_C] {"steps": 786432, "elapsed_s": 474.8, "forced_coordination_sparse20": 0.0, "forced_coordination_potter0_20": 1.0, "asymmetric_advantages_sparse20": 49.0, "asymmetric_advantages_potter0_20": 1.0}
[pair_C] {"steps": 788480, "elapsed_s": 476.1, "forced_coordination_sparse20": 0.0, "forced_coordination_potter0_20": 1.0, "asymmetric_advantages_sparse20": 54.0, "asymmetric_advantages_potter0_20": 1.0}
[pair_C] {"steps": 790528, "elapsed_s": 477.3, "forced_coordination_sparse20": 0.0, "forced_coordination_potter0_20": 1.0, "asymmetric_advantages_sparse20": 50.0, "asymmetric_advantages_potter0_20": 1.0}
[pair_C] {"steps": 792576, "elapsed_s": 478.5, "forced_coordination_sparse20": 0.0, "forced_coordination_potter0_20": 1.0, "asymmetric_advantages_sparse20": 53.0, "asymmetric_advantages_potter0_20": 1.0}
[pair_C] {"steps": 794624, "elapsed_s": 479.7, "forced_coordination_sparse20": 0.0, "forced_coordination_potter0_20": 1.0, "asymmetric_advantages_sparse20": 55.0, "asymmetric_advantages_potter0_20": 1.0}
[pair_C] {"steps": 796672, "elapsed_s": 481.1, "forced_coordination_sparse20": 0.0, "forced_coordination_potter0_20": 1.0, "asymmetric_advantages_sparse20": 53.0, "asymmetric_advantages_potter0_20": 1.0}
[pair_C] {"steps": 798720, "elapsed_s": 482.3, "forced_coordination_sparse20": 0.0, "forced_coordination_potter0_20": 1.0, "asymmetric_advantages_sparse20": 58.0, "asymmetric_advantages_potter0_20": 1.0}
[pair_C] {"steps": 800768, "elapsed_s": 483.4, "forced_coordination_sparse20": 0.0, "forced_coordination_potter0_20": 1.0, "asymmetric_advantages_sparse20": 58.0, "asymmetric_advantages_potter0_20": 1.0}
[pair_C] {"steps": 802816, "elapsed_s": 484.7, "forced_coordination_sparse20": 0.0, "forced_coordination_potter0_20": 1.0, "asymmetric_advantages_sparse20": 52.0, "asymmetric_advantages_potter0_20": 1.0}
[pair_C] {"steps": 804864, "elapsed_s": 485.9, "forced_coordination_sparse20": 0.0, "forced_coordination_potter0_20": 1.0, "asymmetric_advantages_sparse20": 49.0, "asymmetric_advantages_potter0_20": 1.0}
[pair_C] {"steps": 806912, "elapsed_s": 487.1, "forced_coordination_sparse20": 0.0, "forced_coordination_potter0_20": 1.0, "asymmetric_advantages_sparse20": 47.0, "asymmetric_advantages_potter0_20": 1.0}
[pair_C] {"steps": 808960, "elapsed_s": 488.3, "forced_coordination_sparse20": 0.0, "forced_coordination_potter0_20": 1.0, "asymmetric_advantages_sparse20": 46.0, "asymmetric_advantages_potter0_20": 1.0}
[pair_C] {"steps": 811008, "elapsed_s": 489.6, "forced_coordination_sparse20": 0.0, "forced_coordination_potter0_20": 1.0, "asymmetric_advantages_sparse20": 47.0, "asymmetric_advantages_potter0_20": 1.0}
[pair_C] {"steps": 813056, "elapsed_s": 490.8, "forced_coordination_sparse20": 0.0, "forced_coordination_potter0_20": 1.0, "asymmetric_advantages_sparse20": 45.0, "asymmetric_advantages_potter0_20": 1.0}
[pair_C] {"steps": 815104, "elapsed_s": 492.0, "forced_coordination_sparse20": 0.0, "forced_coordination_potter0_20": 1.0, "asymmetric_advantages_sparse20": 46.0, "asymmetric_advantages_potter0_20": 1.0}
[pair_C] {"steps": 817152, "elapsed_s": 493.2, "forced_coordination_sparse20": 0.0, "forced_coordination_potter0_20": 1.0, "asymmetric_advantages_sparse20": 44.0, "asymmetric_advantages_potter0_20": 1.0}
[pair_C] {"steps": 819200, "elapsed_s": 494.5, "forced_coordination_sparse20": 0.0, "forced_coordination_potter0_20": 1.0, "asymmetric_advantages_sparse20": 42.0, "asymmetric_advantages_potter0_20": 1.0}
[pair_C] {"steps": 821248, "elapsed_s": 495.7, "forced_coordination_sparse20": 0.0, "forced_coordination_potter0_20": 1.0, "asymmetric_advantages_sparse20": 41.0, "asymmetric_advantages_potter0_20": 1.0}
[pair_C] {"steps": 823296, "elapsed_s": 496.9, "forced_coordination_sparse20": 0.0, "forced_coordination_potter0_20": 1.0, "asymmetric_advantages_sparse20": 45.0, "asymmetric_advantages_potter0_20": 1.0}
[pair_C] {"steps": 825344, "elapsed_s": 498.1, "forced_coordination_sparse20": 0.0, "forced_coordination_potter0_20": 1.0, "asymmetric_advantages_sparse20": 46.0, "asymmetric_advantages_potter0_20": 1.0}
[pair_C] {"steps": 827392, "elapsed_s": 499.3, "forced_coordination_sparse20": 0.0, "forced_coordination_potter0_20": 1.0, "asymmetric_advantages_sparse20": 46.0, "asymmetric_advantages_potter0_20": 1.0}
[pair_C] {"steps": 829440, "elapsed_s": 500.4, "forced_coordination_sparse20": 0.0, "forced_coordination_potter0_20": 1.0, "asymmetric_advantages_sparse20": 51.0, "asymmetric_advantages_potter0_20": 1.0}
[pair_C] {"steps": 831488, "elapsed_s": 501.6, "forced_coordination_sparse20": 0.0, "forced_coordination_potter0_20": 1.0, "asymmetric_advantages_sparse20": 57.0, "asymmetric_advantages_potter0_20": 1.0}
[pair_C] {"steps": 833536, "elapsed_s": 502.8, "forced_coordination_sparse20": 0.0, "forced_coordination_potter0_20": 1.0, "asymmetric_advantages_sparse20": 56.0, "asymmetric_advantages_potter0_20": 1.0}
[pair_C] {"steps": 835584, "elapsed_s": 503.9, "forced_coordination_sparse20": 0.0, "forced_coordination_potter0_20": 1.0, "asymmetric_advantages_sparse20": 60.0, "asymmetric_advantages_potter0_20": 1.0}
[pair_C] {"steps": 837632, "elapsed_s": 505.2, "forced_coordination_sparse20": 0.0, "forced_coordination_potter0_20": 1.0, "asymmetric_advantages_sparse20": 59.0, "asymmetric_advantages_potter0_20": 1.0}
[pair_C] {"steps": 839680, "elapsed_s": 506.3, "forced_coordination_sparse20": 0.0, "forced_coordination_potter0_20": 1.0, "asymmetric_advantages_sparse20": 57.0, "asymmetric_advantages_potter0_20": 1.0}
[pair_C] {"steps": 841728, "elapsed_s": 507.5, "forced_coordination_sparse20": 0.0, "forced_coordination_potter0_20": 1.0, "asymmetric_advantages_sparse20": 65.0, "asymmetric_advantages_potter0_20": 1.0}
[pair_C] {"steps": 843776, "elapsed_s": 508.7, "forced_coordination_sparse20": 0.0, "forced_coordination_potter0_20": 1.0, "asymmetric_advantages_sparse20": 64.0, "asymmetric_advantages_potter0_20": 1.0}
[pair_C] {"steps": 845824, "elapsed_s": 509.8, "forced_coordination_sparse20": 0.0, "forced_coordination_potter0_20": 1.0, "asymmetric_advantages_sparse20": 65.0, "asymmetric_advantages_potter0_20": 1.0}
[pair_C] {"steps": 847872, "elapsed_s": 511.0, "forced_coordination_sparse20": 0.0, "forced_coordination_potter0_20": 1.0, "asymmetric_advantages_sparse20": 59.0, "asymmetric_advantages_potter0_20": 1.0}
[pair_C] {"steps": 849920, "elapsed_s": 512.2, "forced_coordination_sparse20": 0.0, "forced_coordination_potter0_20": 1.0, "asymmetric_advantages_sparse20": 59.0, "asymmetric_advantages_potter0_20": 1.0}
[pair_C] {"steps": 851968, "elapsed_s": 513.5, "forced_coordination_sparse20": 0.0, "forced_coordination_potter0_20": 1.0, "asymmetric_advantages_sparse20": 58.0, "asymmetric_advantages_potter0_20": 1.0}
[pair_C] {"steps": 854016, "elapsed_s": 514.7, "forced_coordination_sparse20": 0.0, "forced_coordination_potter0_20": 1.0, "asymmetric_advantages_sparse20": 61.0, "asymmetric_advantages_potter0_20": 1.0}
[pair_C] {"steps": 856064, "elapsed_s": 516.2, "forced_coordination_sparse20": 0.0, "forced_coordination_potter0_20": 1.0, "asymmetric_advantages_sparse20": 65.0, "asymmetric_advantages_potter0_20": 1.0}
[pair_C] {"steps": 858112, "elapsed_s": 517.7, "forced_coordination_sparse20": 0.0, "forced_coordination_potter0_20": 1.0, "asymmetric_advantages_sparse20": 71.0, "asymmetric_advantages_potter0_20": 1.0}
[pair_C] {"steps": 860160, "elapsed_s": 519.0, "forced_coordination_sparse20": 0.0, "forced_coordination_potter0_20": 1.0, "asymmetric_advantages_sparse20": 68.0, "asymmetric_advantages_potter0_20": 1.0}
[pair_C] {"steps": 862208, "elapsed_s": 520.3, "forced_coordination_sparse20": 0.0, "forced_coordination_potter0_20": 1.0, "asymmetric_advantages_sparse20": 66.0, "asymmetric_advantages_potter0_20": 1.0}
[pair_C] {"steps": 864256, "elapsed_s": 521.4, "forced_coordination_sparse20": 0.0, "forced_coordination_potter0_20": 1.0, "asymmetric_advantages_sparse20": 64.0, "asymmetric_advantages_potter0_20": 1.0}
[pair_C] {"steps": 866304, "elapsed_s": 522.6, "forced_coordination_sparse20": 0.0, "forced_coordination_potter0_20": 1.0, "asymmetric_advantages_sparse20": 62.0, "asymmetric_advantages_potter0_20": 1.0}
[pair_C] {"steps": 868352, "elapsed_s": 523.8, "forced_coordination_sparse20": 0.0, "forced_coordination_potter0_20": 1.0, "asymmetric_advantages_sparse20": 58.0, "asymmetric_advantages_potter0_20": 1.0}
[pair_C] {"steps": 870400, "elapsed_s": 525.1, "forced_coordination_sparse20": 0.0, "forced_coordination_potter0_20": 1.0, "asymmetric_advantages_sparse20": 55.0, "asymmetric_advantages_potter0_20": 1.0}
[pair_C] {"steps": 872448, "elapsed_s": 526.3, "forced_coordination_sparse20": 0.0, "forced_coordination_potter0_20": 1.0, "asymmetric_advantages_sparse20": 53.0, "asymmetric_advantages_potter0_20": 1.0}
[pair_C] {"steps": 874496, "elapsed_s": 527.6, "forced_coordination_sparse20": 0.0, "forced_coordination_potter0_20": 1.0, "asymmetric_advantages_sparse20": 46.0, "asymmetric_advantages_potter0_20": 1.0}
[pair_C] {"steps": 876544, "elapsed_s": 528.9, "forced_coordination_sparse20": 0.0, "forced_coordination_potter0_20": 1.0, "asymmetric_advantages_sparse20": 43.0, "asymmetric_advantages_potter0_20": 1.0}
[pair_C] {"steps": 878592, "elapsed_s": 530.2, "forced_coordination_sparse20": 0.0, "forced_coordination_potter0_20": 1.0, "asymmetric_advantages_sparse20": 45.0, "asymmetric_advantages_potter0_20": 1.0}
[pair_C] {"steps": 880640, "elapsed_s": 531.4, "forced_coordination_sparse20": 0.0, "forced_coordination_potter0_20": 1.0, "asymmetric_advantages_sparse20": 47.0, "asymmetric_advantages_potter0_20": 1.0}
[pair_C] {"steps": 882688, "elapsed_s": 532.6, "forced_coordination_sparse20": 0.0, "forced_coordination_potter0_20": 1.0, "asymmetric_advantages_sparse20": 47.0, "asymmetric_advantages_potter0_20": 1.0}
[pair_C] {"steps": 884736, "elapsed_s": 533.8, "forced_coordination_sparse20": 0.0, "forced_coordination_potter0_20": 1.0, "asymmetric_advantages_sparse20": 48.0, "asymmetric_advantages_potter0_20": 1.0}
[pair_C] {"steps": 886784, "elapsed_s": 535.0, "forced_coordination_sparse20": 0.0, "forced_coordination_potter0_20": 1.0, "asymmetric_advantages_sparse20": 48.0, "asymmetric_advantages_potter0_20": 1.0}
[pair_C] {"steps": 888832, "elapsed_s": 536.2, "forced_coordination_sparse20": 0.0, "forced_coordination_potter0_20": 1.0, "asymmetric_advantages_sparse20": 54.0, "asymmetric_advantages_potter0_20": 1.0}
[pair_C] {"steps": 890880, "elapsed_s": 537.4, "forced_coordination_sparse20": 0.0, "forced_coordination_potter0_20": 1.0, "asymmetric_advantages_sparse20": 54.0, "asymmetric_advantages_potter0_20": 1.0}
[pair_C] {"steps": 892928, "elapsed_s": 538.7, "forced_coordination_sparse20": 0.0, "forced_coordination_potter0_20": 1.0, "asymmetric_advantages_sparse20": 52.0, "asymmetric_advantages_potter0_20": 1.0}
[pair_C] {"steps": 894976, "elapsed_s": 539.9, "forced_coordination_sparse20": 0.0, "forced_coordination_potter0_20": 1.0, "asymmetric_advantages_sparse20": 54.0, "asymmetric_advantages_potter0_20": 1.0}
[pair_C] {"steps": 897024, "elapsed_s": 541.1, "forced_coordination_sparse20": 0.0, "forced_coordination_potter0_20": 1.0, "asymmetric_advantages_sparse20": 54.0, "asymmetric_advantages_potter0_20": 1.0}
[pair_C] {"steps": 899072, "elapsed_s": 542.2, "forced_coordination_sparse20": 0.0, "forced_coordination_potter0_20": 1.0, "asymmetric_advantages_sparse20": 53.0, "asymmetric_advantages_potter0_20": 1.0}
[pair_C] {"steps": 901120, "elapsed_s": 543.4, "forced_coordination_sparse20": 0.0, "forced_coordination_potter0_20": 1.0, "asymmetric_advantages_sparse20": 53.0, "asymmetric_advantages_potter0_20": 1.0}
[pair_C] {"steps": 903168, "elapsed_s": 544.6, "forced_coordination_sparse20": 0.0, "forced_coordination_potter0_20": 1.0, "asymmetric_advantages_sparse20": 48.0, "asymmetric_advantages_potter0_20": 1.0}
[pair_C] {"steps": 905216, "elapsed_s": 545.7, "forced_coordination_sparse20": 0.0, "forced_coordination_potter0_20": 1.0, "asymmetric_advantages_sparse20": 44.0, "asymmetric_advantages_potter0_20": 1.0}
[pair_C] {"steps": 907264, "elapsed_s": 546.9, "forced_coordination_sparse20": 0.0, "forced_coordination_potter0_20": 1.0, "asymmetric_advantages_sparse20": 38.0, "asymmetric_advantages_potter0_20": 1.0}
[pair_C] {"steps": 909312, "elapsed_s": 548.1, "forced_coordination_sparse20": 0.0, "forced_coordination_potter0_20": 1.0, "asymmetric_advantages_sparse20": 35.0, "asymmetric_advantages_potter0_20": 1.0}
[pair_C] {"steps": 911360, "elapsed_s": 549.5, "forced_coordination_sparse20": 0.0, "forced_coordination_potter0_20": 1.0, "asymmetric_advantages_sparse20": 31.0, "asymmetric_advantages_potter0_20": 1.0}
[pair_C] {"steps": 913408, "elapsed_s": 550.6, "forced_coordination_sparse20": 0.0, "forced_coordination_potter0_20": 1.0, "asymmetric_advantages_sparse20": 31.0, "asymmetric_advantages_potter0_20": 1.0}
[pair_C] {"steps": 915456, "elapsed_s": 551.9, "forced_coordination_sparse20": 0.0, "forced_coordination_potter0_20": 1.0, "asymmetric_advantages_sparse20": 31.0, "asymmetric_advantages_potter0_20": 1.0}
[pair_C] {"steps": 917504, "elapsed_s": 553.1, "forced_coordination_sparse20": 0.0, "forced_coordination_potter0_20": 1.0, "asymmetric_advantages_sparse20": 32.0, "asymmetric_advantages_potter0_20": 1.0}
[pair_C] {"steps": 919552, "elapsed_s": 554.4, "forced_coordination_sparse20": 0.0, "forced_coordination_potter0_20": 1.0, "asymmetric_advantages_sparse20": 36.0, "asymmetric_advantages_potter0_20": 1.0}
[pair_C] {"steps": 921600, "elapsed_s": 555.6, "forced_coordination_sparse20": 0.0, "forced_coordination_potter0_20": 1.0, "asymmetric_advantages_sparse20": 41.0, "asymmetric_advantages_potter0_20": 1.0}
[pair_C] {"steps": 923648, "elapsed_s": 556.8, "forced_coordination_sparse20": 0.0, "forced_coordination_potter0_20": 1.0, "asymmetric_advantages_sparse20": 41.0, "asymmetric_advantages_potter0_20": 1.0}
[pair_C] {"steps": 925696, "elapsed_s": 558.1, "forced_coordination_sparse20": 0.0, "forced_coordination_potter0_20": 1.0, "asymmetric_advantages_sparse20": 43.0, "asymmetric_advantages_potter0_20": 1.0}
[pair_C] {"steps": 927744, "elapsed_s": 559.2, "forced_coordination_sparse20": 0.0, "forced_coordination_potter0_20": 1.0, "asymmetric_advantages_sparse20": 43.0, "asymmetric_advantages_potter0_20": 1.0}
[pair_C] {"steps": 929792, "elapsed_s": 560.4, "forced_coordination_sparse20": 0.0, "forced_coordination_potter0_20": 1.0, "asymmetric_advantages_sparse20": 43.0, "asymmetric_advantages_potter0_20": 1.0}
[pair_C] {"steps": 931840, "elapsed_s": 561.6, "forced_coordination_sparse20": 0.0, "forced_coordination_potter0_20": 1.0, "asymmetric_advantages_sparse20": 43.0, "asymmetric_advantages_potter0_20": 1.0}
[pair_C] {"steps": 933888, "elapsed_s": 562.9, "forced_coordination_sparse20": 0.0, "forced_coordination_potter0_20": 1.0, "asymmetric_advantages_sparse20": 41.0, "asymmetric_advantages_potter0_20": 1.0}
[pair_C] {"steps": 935936, "elapsed_s": 564.0, "forced_coordination_sparse20": 0.0, "forced_coordination_potter0_20": 1.0, "asymmetric_advantages_sparse20": 41.0, "asymmetric_advantages_potter0_20": 1.0}
[pair_C] {"steps": 937984, "elapsed_s": 565.2, "forced_coordination_sparse20": 0.0, "forced_coordination_potter0_20": 1.0, "asymmetric_advantages_sparse20": 40.0, "asymmetric_advantages_potter0_20": 1.0}
[pair_C] {"steps": 940032, "elapsed_s": 566.4, "forced_coordination_sparse20": 0.0, "forced_coordination_potter0_20": 1.0, "asymmetric_advantages_sparse20": 42.0, "asymmetric_advantages_potter0_20": 1.0}
[pair_C] {"steps": 942080, "elapsed_s": 567.7, "forced_coordination_sparse20": 0.0, "forced_coordination_potter0_20": 1.0, "asymmetric_advantages_sparse20": 43.0, "asymmetric_advantages_potter0_20": 1.0}
[pair_C] {"steps": 944128, "elapsed_s": 568.9, "forced_coordination_sparse20": 0.0, "forced_coordination_potter0_20": 1.0, "asymmetric_advantages_sparse20": 45.0, "asymmetric_advantages_potter0_20": 1.0}
[pair_C] {"steps": 946176, "elapsed_s": 570.2, "forced_coordination_sparse20": 0.0, "forced_coordination_potter0_20": 1.0, "asymmetric_advantages_sparse20": 52.0, "asymmetric_advantages_potter0_20": 1.0}
[pair_C] {"steps": 948224, "elapsed_s": 571.4, "forced_coordination_sparse20": 0.0, "forced_coordination_potter0_20": 1.0, "asymmetric_advantages_sparse20": 54.0, "asymmetric_advantages_potter0_20": 1.0}
[pair_C] {"steps": 950272, "elapsed_s": 572.7, "forced_coordination_sparse20": 0.0, "forced_coordination_potter0_20": 1.0, "asymmetric_advantages_sparse20": 55.0, "asymmetric_advantages_potter0_20": 1.0}
[pair_C] {"steps": 952320, "elapsed_s": 573.9, "forced_coordination_sparse20": 0.0, "forced_coordination_potter0_20": 1.0, "asymmetric_advantages_sparse20": 58.0, "asymmetric_advantages_potter0_20": 1.0}
[pair_C] {"steps": 954368, "elapsed_s": 575.1, "forced_coordination_sparse20": 0.0, "forced_coordination_potter0_20": 1.0, "asymmetric_advantages_sparse20": 57.0, "asymmetric_advantages_potter0_20": 1.0}
[pair_C] {"steps": 956416, "elapsed_s": 576.4, "forced_coordination_sparse20": 0.0, "forced_coordination_potter0_20": 1.0, "asymmetric_advantages_sparse20": 58.0, "asymmetric_advantages_potter0_20": 1.0}
[pair_C] {"steps": 958464, "elapsed_s": 577.6, "forced_coordination_sparse20": 0.0, "forced_coordination_potter0_20": 1.0, "asymmetric_advantages_sparse20": 59.0, "asymmetric_advantages_potter0_20": 1.0}
[pair_C] {"steps": 960512, "elapsed_s": 578.8, "forced_coordination_sparse20": 0.0, "forced_coordination_potter0_20": 1.0, "asymmetric_advantages_sparse20": 58.0, "asymmetric_advantages_potter0_20": 1.0}
[pair_C] {"steps": 962560, "elapsed_s": 580.0, "forced_coordination_sparse20": 0.0, "forced_coordination_potter0_20": 1.0, "asymmetric_advantages_sparse20": 59.0, "asymmetric_advantages_potter0_20": 1.0}
[pair_C] {"steps": 964608, "elapsed_s": 581.2, "forced_coordination_sparse20": 0.0, "forced_coordination_potter0_20": 1.0, "asymmetric_advantages_sparse20": 61.0, "asymmetric_advantages_potter0_20": 1.0}
[pair_C] {"steps": 966656, "elapsed_s": 582.4, "forced_coordination_sparse20": 0.0, "forced_coordination_potter0_20": 1.0, "asymmetric_advantages_sparse20": 62.0, "asymmetric_advantages_potter0_20": 1.0}
[pair_C] {"steps": 968704, "elapsed_s": 583.6, "forced_coordination_sparse20": 0.0, "forced_coordination_potter0_20": 1.0, "asymmetric_advantages_sparse20": 63.0, "asymmetric_advantages_potter0_20": 1.0}
[pair_C] {"steps": 970752, "elapsed_s": 584.8, "forced_coordination_sparse20": 0.0, "forced_coordination_potter0_20": 1.0, "asymmetric_advantages_sparse20": 60.0, "asymmetric_advantages_potter0_20": 1.0}
[pair_C] {"steps": 972800, "elapsed_s": 586.0, "forced_coordination_sparse20": 0.0, "forced_coordination_potter0_20": 1.0, "asymmetric_advantages_sparse20": 65.0, "asymmetric_advantages_potter0_20": 1.0}
[pair_C] {"steps": 974848, "elapsed_s": 587.2, "forced_coordination_sparse20": 0.0, "forced_coordination_potter0_20": 1.0, "asymmetric_advantages_sparse20": 65.0, "asymmetric_advantages_potter0_20": 1.0}
[pair_C] {"steps": 976896, "elapsed_s": 588.4, "forced_coordination_sparse20": 0.0, "forced_coordination_potter0_20": 1.0, "asymmetric_advantages_sparse20": 62.0, "asymmetric_advantages_potter0_20": 1.0}
[pair_C] {"steps": 978944, "elapsed_s": 589.6, "forced_coordination_sparse20": 0.0, "forced_coordination_potter0_20": 1.0, "asymmetric_advantages_sparse20": 55.0, "asymmetric_advantages_potter0_20": 1.0}
[pair_C] {"steps": 980992, "elapsed_s": 590.9, "forced_coordination_sparse20": 0.0, "forced_coordination_potter0_20": 1.0, "asymmetric_advantages_sparse20": 51.0, "asymmetric_advantages_potter0_20": 1.0}
[pair_C] {"steps": 983040, "elapsed_s": 592.4, "forced_coordination_sparse20": 0.0, "forced_coordination_potter0_20": 1.0, "asymmetric_advantages_sparse20": 53.0, "asymmetric_advantages_potter0_20": 1.0}
[pair_C] {"steps": 985088, "elapsed_s": 593.9, "forced_coordination_sparse20": 0.0, "forced_coordination_potter0_20": 1.0, "asymmetric_advantages_sparse20": 55.0, "asymmetric_advantages_potter0_20": 1.0}
[pair_C] {"steps": 987136, "elapsed_s": 595.1, "forced_coordination_sparse20": 0.0, "forced_coordination_potter0_20": 1.0, "asymmetric_advantages_sparse20": 57.0, "asymmetric_advantages_potter0_20": 1.0}
[pair_C] {"steps": 989184, "elapsed_s": 596.4, "forced_coordination_sparse20": 0.0, "forced_coordination_potter0_20": 1.0, "asymmetric_advantages_sparse20": 53.0, "asymmetric_advantages_potter0_20": 1.0}
[pair_C] {"steps": 991232, "elapsed_s": 597.5, "forced_coordination_sparse20": 0.0, "forced_coordination_potter0_20": 1.0, "asymmetric_advantages_sparse20": 56.0, "asymmetric_advantages_potter0_20": 1.0}
[pair_C] {"steps": 993280, "elapsed_s": 598.7, "forced_coordination_sparse20": 0.0, "forced_coordination_potter0_20": 1.0, "asymmetric_advantages_sparse20": 60.0, "asymmetric_advantages_potter0_20": 1.0}
[pair_C] {"steps": 995328, "elapsed_s": 599.9, "forced_coordination_sparse20": 0.0, "forced_coordination_potter0_20": 1.0, "asymmetric_advantages_sparse20": 59.0, "asymmetric_advantages_potter0_20": 1.0}
[pair_C] {"steps": 997376, "elapsed_s": 601.1, "forced_coordination_sparse20": 0.0, "forced_coordination_potter0_20": 1.0, "asymmetric_advantages_sparse20": 56.0, "asymmetric_advantages_potter0_20": 1.0}
[pair_C] {"steps": 999424, "elapsed_s": 602.3, "forced_coordination_sparse20": 0.0, "forced_coordination_potter0_20": 1.0, "asymmetric_advantages_sparse20": 55.0, "asymmetric_advantages_potter0_20": 1.0}
[pair_C] {"steps": 1001472, "elapsed_s": 603.4, "forced_coordination_sparse20": 0.0, "forced_coordination_potter0_20": 1.0, "asymmetric_advantages_sparse20": 53.0, "asymmetric_advantages_potter0_20": 1.0}
[pair_C] {"steps": 1003520, "elapsed_s": 604.6, "forced_coordination_sparse20": 0.0, "forced_coordination_potter0_20": 1.0, "asymmetric_advantages_sparse20": 55.0, "asymmetric_advantages_potter0_20": 1.0}
[pair_C] {"steps": 1005568, "elapsed_s": 605.8, "forced_coordination_sparse20": 0.0, "forced_coordination_potter0_20": 1.0, "asymmetric_advantages_sparse20": 58.0, "asymmetric_advantages_potter0_20": 1.0}
[pair_C] {"steps": 1007616, "elapsed_s": 607.1, "forced_coordination_sparse20": 0.0, "forced_coordination_potter0_20": 1.0, "asymmetric_advantages_sparse20": 55.0, "asymmetric_advantages_potter0_20": 1.0}
[pair_C] {"steps": 1009664, "elapsed_s": 608.3, "forced_coordination_sparse20": 0.0, "forced_coordination_potter0_20": 1.0, "asymmetric_advantages_sparse20": 56.0, "asymmetric_advantages_potter0_20": 1.0}
[pair_C] {"steps": 1011712, "elapsed_s": 609.5, "forced_coordination_sparse20": 0.0, "forced_coordination_potter0_20": 1.0, "asymmetric_advantages_sparse20": 53.0, "asymmetric_advantages_potter0_20": 1.0}
[pair_C] {"steps": 1013760, "elapsed_s": 610.7, "forced_coordination_sparse20": 0.0, "forced_coordination_potter0_20": 1.0, "asymmetric_advantages_sparse20": 51.0, "asymmetric_advantages_potter0_20": 1.0}
[pair_C] {"steps": 1015808, "elapsed_s": 612.0, "forced_coordination_sparse20": 0.0, "forced_coordination_potter0_20": 1.0, "asymmetric_advantages_sparse20": 52.0, "asymmetric_advantages_potter0_20": 1.0}
[pair_C] {"steps": 1017856, "elapsed_s": 613.2, "forced_coordination_sparse20": 0.0, "forced_coordination_potter0_20": 1.0, "asymmetric_advantages_sparse20": 54.0, "asymmetric_advantages_potter0_20": 1.0}
[pair_C] {"steps": 1019904, "elapsed_s": 614.4, "forced_coordination_sparse20": 0.0, "forced_coordination_potter0_20": 1.0, "asymmetric_advantages_sparse20": 53.0, "asymmetric_advantages_potter0_20": 1.0}
[pair_C] {"steps": 1021952, "elapsed_s": 615.7, "forced_coordination_sparse20": 0.0, "forced_coordination_potter0_20": 1.0, "asymmetric_advantages_sparse20": 48.0, "asymmetric_advantages_potter0_20": 1.0}
[pair_C] {"steps": 1024000, "elapsed_s": 617.0, "forced_coordination_sparse20": 0.0, "forced_coordination_potter0_20": 1.0, "asymmetric_advantages_sparse20": 53.0, "asymmetric_advantages_potter0_20": 1.0}
[pair_C] {"steps": 1026048, "elapsed_s": 618.3, "forced_coordination_sparse20": 0.0, "forced_coordination_potter0_20": 1.0, "asymmetric_advantages_sparse20": 59.0, "asymmetric_advantages_potter0_20": 1.0}
[pair_C] {"steps": 1028096, "elapsed_s": 619.5, "forced_coordination_sparse20": 0.0, "forced_coordination_potter0_20": 1.0, "asymmetric_advantages_sparse20": 56.0, "asymmetric_advantages_potter0_20": 1.0}
[pair_C] {"steps": 1030144, "elapsed_s": 620.7, "forced_coordination_sparse20": 0.0, "forced_coordination_potter0_20": 1.0, "asymmetric_advantages_sparse20": 53.0, "asymmetric_advantages_potter0_20": 1.0}
[pair_C] {"steps": 1032192, "elapsed_s": 621.9, "forced_coordination_sparse20": 0.0, "forced_coordination_potter0_20": 1.0, "asymmetric_advantages_sparse20": 50.0, "asymmetric_advantages_potter0_20": 1.0}
[pair_C] {"steps": 1034240, "elapsed_s": 623.1, "forced_coordination_sparse20": 0.0, "forced_coordination_potter0_20": 1.0, "asymmetric_advantages_sparse20": 48.0, "asymmetric_advantages_potter0_20": 1.0}
[pair_C] {"steps": 1036288, "elapsed_s": 624.3, "forced_coordination_sparse20": 0.0, "forced_coordination_potter0_20": 1.0, "asymmetric_advantages_sparse20": 48.0, "asymmetric_advantages_potter0_20": 1.0}
[pair_C] {"steps": 1038336, "elapsed_s": 625.5, "forced_coordination_sparse20": 0.0, "forced_coordination_potter0_20": 1.0, "asymmetric_advantages_sparse20": 54.0, "asymmetric_advantages_potter0_20": 1.0}
[pair_C] {"steps": 1040384, "elapsed_s": 626.7, "forced_coordination_sparse20": 0.0, "forced_coordination_potter0_20": 1.0, "asymmetric_advantages_sparse20": 57.0, "asymmetric_advantages_potter0_20": 1.0}
[pair_C] {"steps": 1042432, "elapsed_s": 628.0, "forced_coordination_sparse20": 0.0, "forced_coordination_potter0_20": 1.0, "asymmetric_advantages_sparse20": 56.0, "asymmetric_advantages_potter0_20": 1.0}
[pair_C] {"steps": 1044480, "elapsed_s": 629.2, "forced_coordination_sparse20": 0.0, "forced_coordination_potter0_20": 1.0, "asymmetric_advantages_sparse20": 53.0, "asymmetric_advantages_potter0_20": 1.0}
[pair_C] {"steps": 1046528, "elapsed_s": 630.4, "forced_coordination_sparse20": 0.0, "forced_coordination_potter0_20": 1.0, "asymmetric_advantages_sparse20": 63.0, "asymmetric_advantages_potter0_20": 1.0}
[pair_C] {"steps": 1048576, "elapsed_s": 631.6, "forced_coordination_sparse20": 0.0, "forced_coordination_potter0_20": 1.0, "asymmetric_advantages_sparse20": 61.0, "asymmetric_advantages_potter0_20": 1.0}
[pair_C] {"steps": 1050624, "elapsed_s": 632.8, "forced_coordination_sparse20": 0.0, "forced_coordination_potter0_20": 1.0, "asymmetric_advantages_sparse20": 61.0, "asymmetric_advantages_potter0_20": 1.0}
[pair_C] {"steps": 1052672, "elapsed_s": 634.2, "forced_coordination_sparse20": 0.0, "forced_coordination_potter0_20": 1.0, "asymmetric_advantages_sparse20": 59.0, "asymmetric_advantages_potter0_20": 1.0}
[pair_C] {"steps": 1054720, "elapsed_s": 635.8, "forced_coordination_sparse20": 0.0, "forced_coordination_potter0_20": 1.0, "asymmetric_advantages_sparse20": 63.0, "asymmetric_advantages_potter0_20": 1.0}
[pair_C] {"steps": 1056768, "elapsed_s": 637.2, "forced_coordination_sparse20": 0.0, "forced_coordination_potter0_20": 1.0, "asymmetric_advantages_sparse20": 58.0, "asymmetric_advantages_potter0_20": 1.0}
[pair_C] {"steps": 1058816, "elapsed_s": 638.4, "forced_coordination_sparse20": 0.0, "forced_coordination_potter0_20": 1.0, "asymmetric_advantages_sparse20": 64.0, "asymmetric_advantages_potter0_20": 1.0}
[pair_C] {"steps": 1060864, "elapsed_s": 639.7, "forced_coordination_sparse20": 0.0, "forced_coordination_potter0_20": 1.0, "asymmetric_advantages_sparse20": 59.0, "asymmetric_advantages_potter0_20": 1.0}
[pair_C] {"steps": 1062912, "elapsed_s": 640.9, "forced_coordination_sparse20": 0.0, "forced_coordination_potter0_20": 1.0, "asymmetric_advantages_sparse20": 59.0, "asymmetric_advantages_potter0_20": 1.0}
[pair_C] {"steps": 1064960, "elapsed_s": 642.1, "forced_coordination_sparse20": 0.0, "forced_coordination_potter0_20": 1.0, "asymmetric_advantages_sparse20": 60.0, "asymmetric_advantages_potter0_20": 1.0}
[pair_C] {"steps": 1067008, "elapsed_s": 643.3, "forced_coordination_sparse20": 0.0, "forced_coordination_potter0_20": 1.0, "asymmetric_advantages_sparse20": 67.0, "asymmetric_advantages_potter0_20": 1.0}
[pair_C] {"steps": 1069056, "elapsed_s": 644.6, "forced_coordination_sparse20": 0.0, "forced_coordination_potter0_20": 1.0, "asymmetric_advantages_sparse20": 62.0, "asymmetric_advantages_potter0_20": 1.0}
[pair_C] {"steps": 1071104, "elapsed_s": 645.9, "forced_coordination_sparse20": 0.0, "forced_coordination_potter0_20": 1.0, "asymmetric_advantages_sparse20": 60.0, "asymmetric_advantages_potter0_20": 1.0}
[pair_C] {"steps": 1073152, "elapsed_s": 647.1, "forced_coordination_sparse20": 0.0, "forced_coordination_potter0_20": 1.0, "asymmetric_advantages_sparse20": 62.0, "asymmetric_advantages_potter0_20": 1.0}
[pair_C] {"steps": 1075200, "elapsed_s": 648.4, "forced_coordination_sparse20": 0.0, "forced_coordination_potter0_20": 1.0, "asymmetric_advantages_sparse20": 64.0, "asymmetric_advantages_potter0_20": 1.0}
[pair_C] {"steps": 1077248, "elapsed_s": 649.6, "forced_coordination_sparse20": 0.0, "forced_coordination_potter0_20": 1.0, "asymmetric_advantages_sparse20": 65.0, "asymmetric_advantages_potter0_20": 1.0}
[pair_C] {"steps": 1079296, "elapsed_s": 650.8, "forced_coordination_sparse20": 0.0, "forced_coordination_potter0_20": 1.0, "asymmetric_advantages_sparse20": 66.0, "asymmetric_advantages_potter0_20": 1.0}
[pair_C] {"steps": 1081344, "elapsed_s": 652.0, "forced_coordination_sparse20": 0.0, "forced_coordination_potter0_20": 1.0, "asymmetric_advantages_sparse20": 65.0, "asymmetric_advantages_potter0_20": 1.0}
[pair_C] {"steps": 1083392, "elapsed_s": 653.4, "forced_coordination_sparse20": 0.0, "forced_coordination_potter0_20": 1.0, "asymmetric_advantages_sparse20": 64.0, "asymmetric_advantages_potter0_20": 1.0}
[pair_C] {"steps": 1085440, "elapsed_s": 654.7, "forced_coordination_sparse20": 0.0, "forced_coordination_potter0_20": 1.0, "asymmetric_advantages_sparse20": 65.0, "asymmetric_advantages_potter0_20": 1.0}
[pair_C] {"steps": 1087488, "elapsed_s": 656.0, "forced_coordination_sparse20": 0.0, "forced_coordination_potter0_20": 1.0, "asymmetric_advantages_sparse20": 65.0, "asymmetric_advantages_potter0_20": 1.0}
[pair_C] {"steps": 1089536, "elapsed_s": 657.2, "forced_coordination_sparse20": 0.0, "forced_coordination_potter0_20": 1.0, "asymmetric_advantages_sparse20": 64.0, "asymmetric_advantages_potter0_20": 1.0}
[pair_C] {"steps": 1091584, "elapsed_s": 658.8, "forced_coordination_sparse20": 0.0, "forced_coordination_potter0_20": 1.0, "asymmetric_advantages_sparse20": 61.0, "asymmetric_advantages_potter0_20": 1.0}
[pair_C] {"steps": 1093632, "elapsed_s": 660.2, "forced_coordination_sparse20": 0.0, "forced_coordination_potter0_20": 1.0, "asymmetric_advantages_sparse20": 57.0, "asymmetric_advantages_potter0_20": 1.0}
[pair_C] {"steps": 1095680, "elapsed_s": 661.5, "forced_coordination_sparse20": 0.0, "forced_coordination_potter0_20": 1.0, "asymmetric_advantages_sparse20": 57.0, "asymmetric_advantages_potter0_20": 1.0}
[pair_C] {"steps": 1097728, "elapsed_s": 662.7, "forced_coordination_sparse20": 0.0, "forced_coordination_potter0_20": 1.0, "asymmetric_advantages_sparse20": 55.0, "asymmetric_advantages_potter0_20": 1.0}
[pair_C] {"steps": 1099776, "elapsed_s": 664.0, "forced_coordination_sparse20": 0.0, "forced_coordination_potter0_20": 1.0, "asymmetric_advantages_sparse20": 57.0, "asymmetric_advantages_potter0_20": 1.0}
[pair_C] {"steps": 1101824, "elapsed_s": 665.4, "forced_coordination_sparse20": 0.0, "forced_coordination_potter0_20": 1.0, "asymmetric_advantages_sparse20": 61.0, "asymmetric_advantages_potter0_20": 1.0}
[pair_C] {"steps": 1103872, "elapsed_s": 666.9, "forced_coordination_sparse20": 0.0, "forced_coordination_potter0_20": 1.0, "asymmetric_advantages_sparse20": 59.0, "asymmetric_advantages_potter0_20": 1.0}
[pair_C] {"steps": 1105920, "elapsed_s": 668.3, "forced_coordination_sparse20": 0.0, "forced_coordination_potter0_20": 1.0, "asymmetric_advantages_sparse20": 56.0, "asymmetric_advantages_potter0_20": 1.0}
[pair_C] {"steps": 1107968, "elapsed_s": 669.6, "forced_coordination_sparse20": 0.0, "forced_coordination_potter0_20": 1.0, "asymmetric_advantages_sparse20": 65.0, "asymmetric_advantages_potter0_20": 1.0}
[pair_C] {"steps": 1110016, "elapsed_s": 670.8, "forced_coordination_sparse20": 0.0, "forced_coordination_potter0_20": 1.0, "asymmetric_advantages_sparse20": 67.0, "asymmetric_advantages_potter0_20": 1.0}
[pair_C] {"steps": 1112064, "elapsed_s": 672.0, "forced_coordination_sparse20": 0.0, "forced_coordination_potter0_20": 1.0, "asymmetric_advantages_sparse20": 69.0, "asymmetric_advantages_potter0_20": 1.0}
[pair_C] {"steps": 1114112, "elapsed_s": 673.2, "forced_coordination_sparse20": 0.0, "forced_coordination_potter0_20": 1.0, "asymmetric_advantages_sparse20": 67.0, "asymmetric_advantages_potter0_20": 1.0}
[pair_C] {"steps": 1116160, "elapsed_s": 674.4, "forced_coordination_sparse20": 0.0, "forced_coordination_potter0_20": 1.0, "asymmetric_advantages_sparse20": 66.0, "asymmetric_advantages_potter0_20": 1.0}
[pair_C] {"steps": 1118208, "elapsed_s": 675.6, "forced_coordination_sparse20": 0.0, "forced_coordination_potter0_20": 1.0, "asymmetric_advantages_sparse20": 67.0, "asymmetric_advantages_potter0_20": 1.0}
[pair_C] {"steps": 1120256, "elapsed_s": 676.8, "forced_coordination_sparse20": 0.0, "forced_coordination_potter0_20": 1.0, "asymmetric_advantages_sparse20": 69.0, "asymmetric_advantages_potter0_20": 1.0}
[pair_C] {"steps": 1122304, "elapsed_s": 678.2, "forced_coordination_sparse20": 0.0, "forced_coordination_potter0_20": 1.0, "asymmetric_advantages_sparse20": 74.0, "asymmetric_advantages_potter0_20": 1.0}
[pair_C] {"steps": 1124352, "elapsed_s": 679.4, "forced_coordination_sparse20": 0.0, "forced_coordination_potter0_20": 1.0, "asymmetric_advantages_sparse20": 73.0, "asymmetric_advantages_potter0_20": 1.0}
[pair_C] {"steps": 1126400, "elapsed_s": 680.6, "forced_coordination_sparse20": 0.0, "forced_coordination_potter0_20": 1.0, "asymmetric_advantages_sparse20": 71.0, "asymmetric_advantages_potter0_20": 1.0}
[pair_C] {"steps": 1128448, "elapsed_s": 681.9, "forced_coordination_sparse20": 0.0, "forced_coordination_potter0_20": 1.0, "asymmetric_advantages_sparse20": 73.0, "asymmetric_advantages_potter0_20": 1.0}
[pair_C] {"steps": 1130496, "elapsed_s": 683.2, "forced_coordination_sparse20": 0.0, "forced_coordination_potter0_20": 1.0, "asymmetric_advantages_sparse20": 72.0, "asymmetric_advantages_potter0_20": 1.0}
[pair_C] {"steps": 1132544, "elapsed_s": 684.4, "forced_coordination_sparse20": 0.0, "forced_coordination_potter0_20": 1.0, "asymmetric_advantages_sparse20": 71.0, "asymmetric_advantages_potter0_20": 1.0}
[pair_C] {"steps": 1134592, "elapsed_s": 685.5, "forced_coordination_sparse20": 0.0, "forced_coordination_potter0_20": 1.0, "asymmetric_advantages_sparse20": 70.0, "asymmetric_advantages_potter0_20": 1.0}
[pair_C] {"steps": 1136640, "elapsed_s": 686.7, "forced_coordination_sparse20": 0.0, "forced_coordination_potter0_20": 1.0, "asymmetric_advantages_sparse20": 74.0, "asymmetric_advantages_potter0_20": 1.0}
[pair_C] {"steps": 1138688, "elapsed_s": 688.0, "forced_coordination_sparse20": 0.0, "forced_coordination_potter0_20": 1.0, "asymmetric_advantages_sparse20": 72.0, "asymmetric_advantages_potter0_20": 1.0}
[pair_C] {"steps": 1140736, "elapsed_s": 689.3, "forced_coordination_sparse20": 0.0, "forced_coordination_potter0_20": 1.0, "asymmetric_advantages_sparse20": 72.0, "asymmetric_advantages_potter0_20": 1.0}
[pair_C] {"steps": 1142784, "elapsed_s": 690.6, "forced_coordination_sparse20": 0.0, "forced_coordination_potter0_20": 1.0, "asymmetric_advantages_sparse20": 69.0, "asymmetric_advantages_potter0_20": 1.0}
[pair_C] {"steps": 1144832, "elapsed_s": 691.8, "forced_coordination_sparse20": 0.0, "forced_coordination_potter0_20": 1.0, "asymmetric_advantages_sparse20": 67.0, "asymmetric_advantages_potter0_20": 1.0}
[pair_C] {"steps": 1146880, "elapsed_s": 693.0, "forced_coordination_sparse20": 0.0, "forced_coordination_potter0_20": 1.0, "asymmetric_advantages_sparse20": 69.0, "asymmetric_advantages_potter0_20": 1.0}
[pair_C] {"steps": 1148928, "elapsed_s": 694.4, "forced_coordination_sparse20": 0.0, "forced_coordination_potter0_20": 1.0, "asymmetric_advantages_sparse20": 76.0, "asymmetric_advantages_potter0_20": 1.0}
[pair_C] {"steps": 1150976, "elapsed_s": 695.6, "forced_coordination_sparse20": 0.0, "forced_coordination_potter0_20": 1.0, "asymmetric_advantages_sparse20": 71.0, "asymmetric_advantages_potter0_20": 1.0}
[pair_C] {"steps": 1153024, "elapsed_s": 696.8, "forced_coordination_sparse20": 0.0, "forced_coordination_potter0_20": 1.0, "asymmetric_advantages_sparse20": 74.0, "asymmetric_advantages_potter0_20": 1.0}
[pair_C] {"steps": 1155072, "elapsed_s": 698.0, "forced_coordination_sparse20": 0.0, "forced_coordination_potter0_20": 1.0, "asymmetric_advantages_sparse20": 73.0, "asymmetric_advantages_potter0_20": 1.0}
[pair_C] {"steps": 1157120, "elapsed_s": 699.3, "forced_coordination_sparse20": 0.0, "forced_coordination_potter0_20": 1.0, "asymmetric_advantages_sparse20": 76.0, "asymmetric_advantages_potter0_20": 1.0}
[pair_C] {"steps": 1159168, "elapsed_s": 700.5, "forced_coordination_sparse20": 0.0, "forced_coordination_potter0_20": 1.0, "asymmetric_advantages_sparse20": 75.0, "asymmetric_advantages_potter0_20": 1.0}
[pair_C] {"steps": 1161216, "elapsed_s": 701.7, "forced_coordination_sparse20": 0.0, "forced_coordination_potter0_20": 1.0, "asymmetric_advantages_sparse20": 78.0, "asymmetric_advantages_potter0_20": 1.0}
[pair_C] {"steps": 1163264, "elapsed_s": 703.0, "forced_coordination_sparse20": 0.0, "forced_coordination_potter0_20": 1.0, "asymmetric_advantages_sparse20": 79.0, "asymmetric_advantages_potter0_20": 1.0}
[pair_C] {"steps": 1165312, "elapsed_s": 704.2, "forced_coordination_sparse20": 0.0, "forced_coordination_potter0_20": 1.0, "asymmetric_advantages_sparse20": 80.0, "asymmetric_advantages_potter0_20": 1.0}
[pair_C] {"steps": 1167360, "elapsed_s": 705.3, "forced_coordination_sparse20": 0.0, "forced_coordination_potter0_20": 1.0, "asymmetric_advantages_sparse20": 81.0, "asymmetric_advantages_potter0_20": 1.0}
[pair_C] {"steps": 1169408, "elapsed_s": 706.6, "forced_coordination_sparse20": 0.0, "forced_coordination_potter0_20": 1.0, "asymmetric_advantages_sparse20": 86.0, "asymmetric_advantages_potter0_20": 1.0}
[pair_C] {"steps": 1171456, "elapsed_s": 707.8, "forced_coordination_sparse20": 0.0, "forced_coordination_potter0_20": 1.0, "asymmetric_advantages_sparse20": 88.0, "asymmetric_advantages_potter0_20": 1.0}
[pair_C] {"steps": 1173504, "elapsed_s": 709.0, "forced_coordination_sparse20": 0.0, "forced_coordination_potter0_20": 1.0, "asymmetric_advantages_sparse20": 88.0, "asymmetric_advantages_potter0_20": 1.0}
[pair_C] {"steps": 1175552, "elapsed_s": 710.1, "forced_coordination_sparse20": 0.0, "forced_coordination_potter0_20": 1.0, "asymmetric_advantages_sparse20": 88.0, "asymmetric_advantages_potter0_20": 1.0}
[pair_C] {"steps": 1177600, "elapsed_s": 711.4, "forced_coordination_sparse20": 0.0, "forced_coordination_potter0_20": 1.0, "asymmetric_advantages_sparse20": 88.0, "asymmetric_advantages_potter0_20": 1.0}
[pair_C] {"steps": 1179648, "elapsed_s": 712.6, "forced_coordination_sparse20": 0.0, "forced_coordination_potter0_20": 1.0, "asymmetric_advantages_sparse20": 86.0, "asymmetric_advantages_potter0_20": 1.0}
[pair_C] {"steps": 1181696, "elapsed_s": 713.9, "forced_coordination_sparse20": 0.0, "forced_coordination_potter0_20": 1.0, "asymmetric_advantages_sparse20": 81.0, "asymmetric_advantages_potter0_20": 1.0}
[pair_C] {"steps": 1183744, "elapsed_s": 715.1, "forced_coordination_sparse20": 0.0, "forced_coordination_potter0_20": 1.0, "asymmetric_advantages_sparse20": 85.0, "asymmetric_advantages_potter0_20": 1.0}
[pair_C] {"steps": 1185792, "elapsed_s": 716.4, "forced_coordination_sparse20": 0.0, "forced_coordination_potter0_20": 1.0, "asymmetric_advantages_sparse20": 86.0, "asymmetric_advantages_potter0_20": 1.0}
[pair_C] {"steps": 1187840, "elapsed_s": 717.6, "forced_coordination_sparse20": 0.0, "forced_coordination_potter0_20": 1.0, "asymmetric_advantages_sparse20": 83.0, "asymmetric_advantages_potter0_20": 1.0}
[pair_C] {"steps": 1189888, "elapsed_s": 718.8, "forced_coordination_sparse20": 0.0, "forced_coordination_potter0_20": 1.0, "asymmetric_advantages_sparse20": 80.0, "asymmetric_advantages_potter0_20": 1.0}
[pair_C] {"steps": 1191936, "elapsed_s": 720.1, "forced_coordination_sparse20": 0.0, "forced_coordination_potter0_20": 1.0, "asymmetric_advantages_sparse20": 81.0, "asymmetric_advantages_potter0_20": 1.0}
[pair_C] {"steps": 1193984, "elapsed_s": 721.3, "forced_coordination_sparse20": 0.0, "forced_coordination_potter0_20": 1.0, "asymmetric_advantages_sparse20": 79.0, "asymmetric_advantages_potter0_20": 1.0}
[pair_C] {"steps": 1196032, "elapsed_s": 722.7, "forced_coordination_sparse20": 0.0, "forced_coordination_potter0_20": 1.0, "asymmetric_advantages_sparse20": 82.0, "asymmetric_advantages_potter0_20": 1.0}
[pair_C] {"steps": 1198080, "elapsed_s": 723.9, "forced_coordination_sparse20": 0.0, "forced_coordination_potter0_20": 1.0, "asymmetric_advantages_sparse20": 79.0, "asymmetric_advantages_potter0_20": 1.0}
[pair_C] {"steps": 1200128, "elapsed_s": 725.2, "forced_coordination_sparse20": 0.0, "forced_coordination_potter0_20": 1.0, "asymmetric_advantages_sparse20": 69.0, "asymmetric_advantages_potter0_20": 1.0}
[pair_C] {"steps": 1202176, "elapsed_s": 726.4, "forced_coordination_sparse20": 0.0, "forced_coordination_potter0_20": 1.0, "asymmetric_advantages_sparse20": 72.0, "asymmetric_advantages_potter0_20": 1.0}
[pair_C] {"steps": 1204224, "elapsed_s": 727.6, "forced_coordination_sparse20": 0.0, "forced_coordination_potter0_20": 1.0, "asymmetric_advantages_sparse20": 73.0, "asymmetric_advantages_potter0_20": 1.0}
[pair_C] {"steps": 1206272, "elapsed_s": 728.9, "forced_coordination_sparse20": 0.0, "forced_coordination_potter0_20": 1.0, "asymmetric_advantages_sparse20": 81.0, "asymmetric_advantages_potter0_20": 1.0}
[pair_C] {"steps": 1208320, "elapsed_s": 730.1, "forced_coordination_sparse20": 0.0, "forced_coordination_potter0_20": 1.0, "asymmetric_advantages_sparse20": 79.0, "asymmetric_advantages_potter0_20": 1.0}
[pair_C] {"steps": 1210368, "elapsed_s": 731.3, "forced_coordination_sparse20": 0.0, "forced_coordination_potter0_20": 1.0, "asymmetric_advantages_sparse20": 73.0, "asymmetric_advantages_potter0_20": 1.0}
[pair_C] {"steps": 1212416, "elapsed_s": 732.5, "forced_coordination_sparse20": 0.0, "forced_coordination_potter0_20": 1.0, "asymmetric_advantages_sparse20": 71.0, "asymmetric_advantages_potter0_20": 1.0}
[pair_C] {"steps": 1214464, "elapsed_s": 733.8, "forced_coordination_sparse20": 0.0, "forced_coordination_potter0_20": 1.0, "asymmetric_advantages_sparse20": 74.0, "asymmetric_advantages_potter0_20": 1.0}
[pair_C] {"steps": 1216512, "elapsed_s": 735.1, "forced_coordination_sparse20": 0.0, "forced_coordination_potter0_20": 1.0, "asymmetric_advantages_sparse20": 73.0, "asymmetric_advantages_potter0_20": 1.0}
[pair_C] {"steps": 1218560, "elapsed_s": 736.4, "forced_coordination_sparse20": 0.0, "forced_coordination_potter0_20": 1.0, "asymmetric_advantages_sparse20": 70.0, "asymmetric_advantages_potter0_20": 1.0}
[pair_C] {"steps": 1220608, "elapsed_s": 737.7, "forced_coordination_sparse20": 0.0, "forced_coordination_potter0_20": 1.0, "asymmetric_advantages_sparse20": 61.0, "asymmetric_advantages_potter0_20": 1.0}
[pair_C] {"steps": 1222656, "elapsed_s": 739.0, "forced_coordination_sparse20": 0.0, "forced_coordination_potter0_20": 1.0, "asymmetric_advantages_sparse20": 60.0, "asymmetric_advantages_potter0_20": 1.0}
[pair_C] {"steps": 1224704, "elapsed_s": 740.3, "forced_coordination_sparse20": 0.0, "forced_coordination_potter0_20": 1.0, "asymmetric_advantages_sparse20": 62.0, "asymmetric_advantages_potter0_20": 1.0}
[pair_C] {"steps": 1226752, "elapsed_s": 741.7, "forced_coordination_sparse20": 0.0, "forced_coordination_potter0_20": 1.0, "asymmetric_advantages_sparse20": 55.0, "asymmetric_advantages_potter0_20": 1.0}
[pair_C] {"steps": 1228800, "elapsed_s": 742.9, "forced_coordination_sparse20": 0.0, "forced_coordination_potter0_20": 1.0, "asymmetric_advantages_sparse20": 56.0, "asymmetric_advantages_potter0_20": 1.0}
[pair_C] {"steps": 1230848, "elapsed_s": 744.1, "forced_coordination_sparse20": 0.0, "forced_coordination_potter0_20": 1.0, "asymmetric_advantages_sparse20": 56.0, "asymmetric_advantages_potter0_20": 1.0}
[pair_C] {"steps": 1232896, "elapsed_s": 745.3, "forced_coordination_sparse20": 0.0, "forced_coordination_potter0_20": 1.0, "asymmetric_advantages_sparse20": 56.0, "asymmetric_advantages_potter0_20": 1.0}
[pair_C] {"steps": 1234944, "elapsed_s": 746.5, "forced_coordination_sparse20": 0.0, "forced_coordination_potter0_20": 1.0, "asymmetric_advantages_sparse20": 57.0, "asymmetric_advantages_potter0_20": 1.0}
[pair_C] {"steps": 1236992, "elapsed_s": 747.8, "forced_coordination_sparse20": 0.0, "forced_coordination_potter0_20": 1.0, "asymmetric_advantages_sparse20": 54.0, "asymmetric_advantages_potter0_20": 1.0}
[pair_C] {"steps": 1239040, "elapsed_s": 749.0, "forced_coordination_sparse20": 0.0, "forced_coordination_potter0_20": 1.0, "asymmetric_advantages_sparse20": 50.0, "asymmetric_advantages_potter0_20": 1.0}
[pair_C] {"steps": 1241088, "elapsed_s": 750.2, "forced_coordination_sparse20": 0.0, "forced_coordination_potter0_20": 1.0, "asymmetric_advantages_sparse20": 51.0, "asymmetric_advantages_potter0_20": 1.0}
[pair_C] {"steps": 1243136, "elapsed_s": 751.5, "forced_coordination_sparse20": 0.0, "forced_coordination_potter0_20": 1.0, "asymmetric_advantages_sparse20": 49.0, "asymmetric_advantages_potter0_20": 1.0}
[pair_C] {"steps": 1245184, "elapsed_s": 752.7, "forced_coordination_sparse20": 0.0, "forced_coordination_potter0_20": 1.0, "asymmetric_advantages_sparse20": 46.0, "asymmetric_advantages_potter0_20": 1.0}
[pair_C] {"steps": 1247232, "elapsed_s": 753.9, "forced_coordination_sparse20": 0.0, "forced_coordination_potter0_20": 1.0, "asymmetric_advantages_sparse20": 50.0, "asymmetric_advantages_potter0_20": 1.0}
[pair_C] {"steps": 1249280, "elapsed_s": 755.1, "forced_coordination_sparse20": 0.0, "forced_coordination_potter0_20": 1.0, "asymmetric_advantages_sparse20": 54.0, "asymmetric_advantages_potter0_20": 1.0}
[pair_C] {"steps": 1251328, "elapsed_s": 756.4, "forced_coordination_sparse20": 0.0, "forced_coordination_potter0_20": 1.0, "asymmetric_advantages_sparse20": 57.0, "asymmetric_advantages_potter0_20": 1.0}
[pair_C] {"steps": 1253376, "elapsed_s": 757.7, "forced_coordination_sparse20": 0.0, "forced_coordination_potter0_20": 1.0, "asymmetric_advantages_sparse20": 57.0, "asymmetric_advantages_potter0_20": 1.0}
[pair_C] {"steps": 1255424, "elapsed_s": 759.1, "forced_coordination_sparse20": 0.0, "forced_coordination_potter0_20": 1.0, "asymmetric_advantages_sparse20": 64.0, "asymmetric_advantages_potter0_20": 1.0}
[pair_C] {"steps": 1257472, "elapsed_s": 760.2, "forced_coordination_sparse20": 0.0, "forced_coordination_potter0_20": 1.0, "asymmetric_advantages_sparse20": 64.0, "asymmetric_advantages_potter0_20": 1.0}
[pair_C] {"steps": 1259520, "elapsed_s": 761.4, "forced_coordination_sparse20": 0.0, "forced_coordination_potter0_20": 1.0, "asymmetric_advantages_sparse20": 72.0, "asymmetric_advantages_potter0_20": 1.0}
[pair_C] {"steps": 1261568, "elapsed_s": 762.6, "forced_coordination_sparse20": 0.0, "forced_coordination_potter0_20": 1.0, "asymmetric_advantages_sparse20": 78.0, "asymmetric_advantages_potter0_20": 1.0}
[pair_C] {"steps": 1263616, "elapsed_s": 763.9, "forced_coordination_sparse20": 0.0, "forced_coordination_potter0_20": 1.0, "asymmetric_advantages_sparse20": 77.0, "asymmetric_advantages_potter0_20": 1.0}
[pair_C] {"steps": 1265664, "elapsed_s": 765.1, "forced_coordination_sparse20": 0.0, "forced_coordination_potter0_20": 1.0, "asymmetric_advantages_sparse20": 76.0, "asymmetric_advantages_potter0_20": 1.0}
[pair_C] {"steps": 1267712, "elapsed_s": 766.2, "forced_coordination_sparse20": 0.0, "forced_coordination_potter0_20": 1.0, "asymmetric_advantages_sparse20": 75.0, "asymmetric_advantages_potter0_20": 1.0}
[pair_C] {"steps": 1269760, "elapsed_s": 767.4, "forced_coordination_sparse20": 0.0, "forced_coordination_potter0_20": 1.0, "asymmetric_advantages_sparse20": 76.0, "asymmetric_advantages_potter0_20": 1.0}
[pair_C] {"steps": 1271808, "elapsed_s": 768.6, "forced_coordination_sparse20": 0.0, "forced_coordination_potter0_20": 1.0, "asymmetric_advantages_sparse20": 75.0, "asymmetric_advantages_potter0_20": 1.0}
[pair_C] {"steps": 1273856, "elapsed_s": 769.8, "forced_coordination_sparse20": 0.0, "forced_coordination_potter0_20": 1.0, "asymmetric_advantages_sparse20": 77.0, "asymmetric_advantages_potter0_20": 1.0}
[pair_C] {"steps": 1275904, "elapsed_s": 770.9, "forced_coordination_sparse20": 0.0, "forced_coordination_potter0_20": 1.0, "asymmetric_advantages_sparse20": 76.0, "asymmetric_advantages_potter0_20": 1.0}
[pair_C] {"steps": 1277952, "elapsed_s": 772.2, "forced_coordination_sparse20": 0.0, "forced_coordination_potter0_20": 1.0, "asymmetric_advantages_sparse20": 75.0, "asymmetric_advantages_potter0_20": 1.0}
[pair_C] {"steps": 1280000, "elapsed_s": 773.3, "forced_coordination_sparse20": 0.0, "forced_coordination_potter0_20": 1.0, "asymmetric_advantages_sparse20": 76.0, "asymmetric_advantages_potter0_20": 1.0}
[pair_C] {"steps": 1282048, "elapsed_s": 774.6, "forced_coordination_sparse20": 0.0, "forced_coordination_potter0_20": 1.0, "asymmetric_advantages_sparse20": 75.0, "asymmetric_advantages_potter0_20": 1.0}
[pair_C] {"steps": 1284096, "elapsed_s": 775.8, "forced_coordination_sparse20": 0.0, "forced_coordination_potter0_20": 1.0, "asymmetric_advantages_sparse20": 80.0, "asymmetric_advantages_potter0_20": 1.0}
[pair_C] {"steps": 1286144, "elapsed_s": 776.9, "forced_coordination_sparse20": 0.0, "forced_coordination_potter0_20": 1.0, "asymmetric_advantages_sparse20": 83.0, "asymmetric_advantages_potter0_20": 1.0}
[pair_C] {"steps": 1288192, "elapsed_s": 778.1, "forced_coordination_sparse20": 0.0, "forced_coordination_potter0_20": 1.0, "asymmetric_advantages_sparse20": 85.0, "asymmetric_advantages_potter0_20": 1.0}
[pair_C] {"steps": 1290240, "elapsed_s": 779.3, "forced_coordination_sparse20": 0.0, "forced_coordination_potter0_20": 1.0, "asymmetric_advantages_sparse20": 87.0, "asymmetric_advantages_potter0_20": 1.0}
[pair_C] {"steps": 1292288, "elapsed_s": 780.5, "forced_coordination_sparse20": 0.0, "forced_coordination_potter0_20": 1.0, "asymmetric_advantages_sparse20": 92.0, "asymmetric_advantages_potter0_20": 1.0}
[pair_C] {"steps": 1294336, "elapsed_s": 781.7, "forced_coordination_sparse20": 0.0, "forced_coordination_potter0_20": 1.0, "asymmetric_advantages_sparse20": 90.0, "asymmetric_advantages_potter0_20": 1.0}
[pair_C] {"steps": 1296384, "elapsed_s": 782.9, "forced_coordination_sparse20": 0.0, "forced_coordination_potter0_20": 1.0, "asymmetric_advantages_sparse20": 97.0, "asymmetric_advantages_potter0_20": 1.0}
[pair_C] {"steps": 1298432, "elapsed_s": 784.2, "forced_coordination_sparse20": 0.0, "forced_coordination_potter0_20": 1.0, "asymmetric_advantages_sparse20": 93.0, "asymmetric_advantages_potter0_20": 1.0}
[pair_C] {"steps": 1300480, "elapsed_s": 785.5, "forced_coordination_sparse20": 0.0, "forced_coordination_potter0_20": 1.0, "asymmetric_advantages_sparse20": 96.0, "asymmetric_advantages_potter0_20": 1.0}
[pair_C] {"steps": 1302528, "elapsed_s": 786.6, "forced_coordination_sparse20": 0.0, "forced_coordination_potter0_20": 1.0, "asymmetric_advantages_sparse20": 96.0, "asymmetric_advantages_potter0_20": 1.0}
[pair_C] {"steps": 1304576, "elapsed_s": 787.9, "forced_coordination_sparse20": 0.0, "forced_coordination_potter0_20": 1.0, "asymmetric_advantages_sparse20": 91.0, "asymmetric_advantages_potter0_20": 1.0}
[pair_C] {"steps": 1306624, "elapsed_s": 789.1, "forced_coordination_sparse20": 0.0, "forced_coordination_potter0_20": 1.0, "asymmetric_advantages_sparse20": 89.0, "asymmetric_advantages_potter0_20": 1.0}
[pair_C] {"steps": 1308672, "elapsed_s": 790.3, "forced_coordination_sparse20": 0.0, "forced_coordination_potter0_20": 1.0, "asymmetric_advantages_sparse20": 88.0, "asymmetric_advantages_potter0_20": 1.0}
[pair_C] {"steps": 1310720, "elapsed_s": 791.5, "forced_coordination_sparse20": 0.0, "forced_coordination_potter0_20": 1.0, "asymmetric_advantages_sparse20": 86.0, "asymmetric_advantages_potter0_20": 1.0}
[pair_C] {"steps": 1312768, "elapsed_s": 792.8, "forced_coordination_sparse20": 0.0, "forced_coordination_potter0_20": 1.0, "asymmetric_advantages_sparse20": 78.0, "asymmetric_advantages_potter0_20": 1.0}
[pair_C] {"steps": 1314816, "elapsed_s": 794.1, "forced_coordination_sparse20": 0.0, "forced_coordination_potter0_20": 1.0, "asymmetric_advantages_sparse20": 78.0, "asymmetric_advantages_potter0_20": 1.0}
[pair_C] {"steps": 1316864, "elapsed_s": 795.2, "forced_coordination_sparse20": 0.0, "forced_coordination_potter0_20": 1.0, "asymmetric_advantages_sparse20": 78.0, "asymmetric_advantages_potter0_20": 1.0}
[pair_C] {"steps": 1318912, "elapsed_s": 796.5, "forced_coordination_sparse20": 0.0, "forced_coordination_potter0_20": 1.0, "asymmetric_advantages_sparse20": 80.0, "asymmetric_advantages_potter0_20": 1.0}
[pair_C] {"steps": 1320960, "elapsed_s": 797.7, "forced_coordination_sparse20": 0.0, "forced_coordination_potter0_20": 1.0, "asymmetric_advantages_sparse20": 76.0, "asymmetric_advantages_potter0_20": 1.0}
[pair_C] {"steps": 1323008, "elapsed_s": 798.9, "forced_coordination_sparse20": 0.0, "forced_coordination_potter0_20": 1.0, "asymmetric_advantages_sparse20": 74.0, "asymmetric_advantages_potter0_20": 1.0}
[pair_C] {"steps": 1325056, "elapsed_s": 800.2, "forced_coordination_sparse20": 0.0, "forced_coordination_potter0_20": 1.0, "asymmetric_advantages_sparse20": 80.0, "asymmetric_advantages_potter0_20": 1.0}
[pair_C] {"steps": 1327104, "elapsed_s": 801.4, "forced_coordination_sparse20": 0.0, "forced_coordination_potter0_20": 1.0, "asymmetric_advantages_sparse20": 87.0, "asymmetric_advantages_potter0_20": 1.0}
[pair_C] {"steps": 1329152, "elapsed_s": 802.6, "forced_coordination_sparse20": 0.0, "forced_coordination_potter0_20": 1.0, "asymmetric_advantages_sparse20": 89.0, "asymmetric_advantages_potter0_20": 1.0}
[pair_C] {"steps": 1331200, "elapsed_s": 803.9, "forced_coordination_sparse20": 0.0, "forced_coordination_potter0_20": 1.0, "asymmetric_advantages_sparse20": 88.0, "asymmetric_advantages_potter0_20": 1.0}
[pair_C] {"steps": 1333248, "elapsed_s": 805.2, "forced_coordination_sparse20": 0.0, "forced_coordination_potter0_20": 1.0, "asymmetric_advantages_sparse20": 87.0, "asymmetric_advantages_potter0_20": 1.0}
[pair_C] {"steps": 1335296, "elapsed_s": 806.4, "forced_coordination_sparse20": 0.0, "forced_coordination_potter0_20": 1.0, "asymmetric_advantages_sparse20": 89.0, "asymmetric_advantages_potter0_20": 1.0}
[pair_C] {"steps": 1337344, "elapsed_s": 807.7, "forced_coordination_sparse20": 0.0, "forced_coordination_potter0_20": 1.0, "asymmetric_advantages_sparse20": 84.0, "asymmetric_advantages_potter0_20": 1.0}
[pair_C] {"steps": 1339392, "elapsed_s": 808.8, "forced_coordination_sparse20": 0.0, "forced_coordination_potter0_20": 1.0, "asymmetric_advantages_sparse20": 80.0, "asymmetric_advantages_potter0_20": 1.0}
[pair_C] {"steps": 1341440, "elapsed_s": 810.1, "forced_coordination_sparse20": 0.0, "forced_coordination_potter0_20": 1.0, "asymmetric_advantages_sparse20": 80.0, "asymmetric_advantages_potter0_20": 1.0}
[pair_C] {"steps": 1343488, "elapsed_s": 811.2, "forced_coordination_sparse20": 0.0, "forced_coordination_potter0_20": 1.0, "asymmetric_advantages_sparse20": 79.0, "asymmetric_advantages_potter0_20": 1.0}
[pair_C] {"steps": 1345536, "elapsed_s": 812.4, "forced_coordination_sparse20": 0.0, "forced_coordination_potter0_20": 1.0, "asymmetric_advantages_sparse20": 77.0, "asymmetric_advantages_potter0_20": 1.0}
[pair_C] {"steps": 1347584, "elapsed_s": 813.7, "forced_coordination_sparse20": 0.0, "forced_coordination_potter0_20": 1.0, "asymmetric_advantages_sparse20": 78.0, "asymmetric_advantages_potter0_20": 1.0}
[pair_C] {"steps": 1349632, "elapsed_s": 814.9, "forced_coordination_sparse20": 0.0, "forced_coordination_potter0_20": 1.0, "asymmetric_advantages_sparse20": 76.0, "asymmetric_advantages_potter0_20": 1.0}
[pair_C] {"steps": 1351680, "elapsed_s": 816.2, "forced_coordination_sparse20": 0.0, "forced_coordination_potter0_20": 1.0, "asymmetric_advantages_sparse20": 78.0, "asymmetric_advantages_potter0_20": 1.0}
[pair_C] {"steps": 1353728, "elapsed_s": 817.4, "forced_coordination_sparse20": 0.0, "forced_coordination_potter0_20": 1.0, "asymmetric_advantages_sparse20": 74.0, "asymmetric_advantages_potter0_20": 1.0}
[pair_C] {"steps": 1355776, "elapsed_s": 818.6, "forced_coordination_sparse20": 0.0, "forced_coordination_potter0_20": 1.0, "asymmetric_advantages_sparse20": 77.0, "asymmetric_advantages_potter0_20": 1.0}
[pair_C] {"steps": 1357824, "elapsed_s": 819.9, "forced_coordination_sparse20": 0.0, "forced_coordination_potter0_20": 1.0, "asymmetric_advantages_sparse20": 82.0, "asymmetric_advantages_potter0_20": 1.0}
[pair_C] {"steps": 1359872, "elapsed_s": 821.2, "forced_coordination_sparse20": 0.0, "forced_coordination_potter0_20": 1.0, "asymmetric_advantages_sparse20": 81.0, "asymmetric_advantages_potter0_20": 1.0}
[pair_C] {"steps": 1361920, "elapsed_s": 822.5, "forced_coordination_sparse20": 0.0, "forced_coordination_potter0_20": 1.0, "asymmetric_advantages_sparse20": 76.0, "asymmetric_advantages_potter0_20": 1.0}
[pair_C] {"steps": 1363968, "elapsed_s": 823.7, "forced_coordination_sparse20": 0.0, "forced_coordination_potter0_20": 1.0, "asymmetric_advantages_sparse20": 87.0, "asymmetric_advantages_potter0_20": 1.0}
[pair_C] {"steps": 1366016, "elapsed_s": 824.9, "forced_coordination_sparse20": 0.0, "forced_coordination_potter0_20": 1.0, "asymmetric_advantages_sparse20": 90.0, "asymmetric_advantages_potter0_20": 1.0}
[pair_C] {"steps": 1368064, "elapsed_s": 826.2, "forced_coordination_sparse20": 0.0, "forced_coordination_potter0_20": 1.0, "asymmetric_advantages_sparse20": 88.0, "asymmetric_advantages_potter0_20": 1.0}
[pair_C] {"steps": 1370112, "elapsed_s": 827.4, "forced_coordination_sparse20": 0.0, "forced_coordination_potter0_20": 1.0, "asymmetric_advantages_sparse20": 88.0, "asymmetric_advantages_potter0_20": 1.0}
[pair_C] {"steps": 1372160, "elapsed_s": 828.6, "forced_coordination_sparse20": 0.0, "forced_coordination_potter0_20": 1.0, "asymmetric_advantages_sparse20": 83.0, "asymmetric_advantages_potter0_20": 1.0}
[pair_C] {"steps": 1374208, "elapsed_s": 829.8, "forced_coordination_sparse20": 0.0, "forced_coordination_potter0_20": 1.0, "asymmetric_advantages_sparse20": 83.0, "asymmetric_advantages_potter0_20": 1.0}
[pair_C] {"steps": 1376256, "elapsed_s": 831.0, "forced_coordination_sparse20": 0.0, "forced_coordination_potter0_20": 1.0, "asymmetric_advantages_sparse20": 83.0, "asymmetric_advantages_potter0_20": 1.0}
[pair_C] {"steps": 1378304, "elapsed_s": 832.2, "forced_coordination_sparse20": 0.0, "forced_coordination_potter0_20": 1.0, "asymmetric_advantages_sparse20": 85.0, "asymmetric_advantages_potter0_20": 1.0}
[pair_C] {"steps": 1380352, "elapsed_s": 833.5, "forced_coordination_sparse20": 0.0, "forced_coordination_potter0_20": 1.0, "asymmetric_advantages_sparse20": 89.0, "asymmetric_advantages_potter0_20": 1.0}
[pair_C] {"steps": 1382400, "elapsed_s": 834.7, "forced_coordination_sparse20": 0.0, "forced_coordination_potter0_20": 1.0, "asymmetric_advantages_sparse20": 91.0, "asymmetric_advantages_potter0_20": 1.0}
[pair_C] {"steps": 1384448, "elapsed_s": 836.0, "forced_coordination_sparse20": 0.0, "forced_coordination_potter0_20": 1.0, "asymmetric_advantages_sparse20": 90.0, "asymmetric_advantages_potter0_20": 1.0}
[pair_C] {"steps": 1386496, "elapsed_s": 837.2, "forced_coordination_sparse20": 0.0, "forced_coordination_potter0_20": 1.0, "asymmetric_advantages_sparse20": 85.0, "asymmetric_advantages_potter0_20": 1.0}
[pair_C] {"steps": 1388544, "elapsed_s": 838.5, "forced_coordination_sparse20": 0.0, "forced_coordination_potter0_20": 1.0, "asymmetric_advantages_sparse20": 80.0, "asymmetric_advantages_potter0_20": 1.0}
[pair_C] {"steps": 1390592, "elapsed_s": 839.7, "forced_coordination_sparse20": 0.0, "forced_coordination_potter0_20": 1.0, "asymmetric_advantages_sparse20": 76.0, "asymmetric_advantages_potter0_20": 1.0}
[pair_C] {"steps": 1392640, "elapsed_s": 841.0, "forced_coordination_sparse20": 0.0, "forced_coordination_potter0_20": 1.0, "asymmetric_advantages_sparse20": 81.0, "asymmetric_advantages_potter0_20": 1.0}
[pair_C] {"steps": 1394688, "elapsed_s": 842.3, "forced_coordination_sparse20": 0.0, "forced_coordination_potter0_20": 1.0, "asymmetric_advantages_sparse20": 88.0, "asymmetric_advantages_potter0_20": 1.0}
[pair_C] {"steps": 1396736, "elapsed_s": 843.5, "forced_coordination_sparse20": 0.0, "forced_coordination_potter0_20": 1.0, "asymmetric_advantages_sparse20": 88.0, "asymmetric_advantages_potter0_20": 1.0}
[pair_C] {"steps": 1398784, "elapsed_s": 844.7, "forced_coordination_sparse20": 0.0, "forced_coordination_potter0_20": 1.0, "asymmetric_advantages_sparse20": 86.0, "asymmetric_advantages_potter0_20": 1.0}
[pair_C] {"steps": 1400832, "elapsed_s": 846.0, "forced_coordination_sparse20": 0.0, "forced_coordination_potter0_20": 1.0, "asymmetric_advantages_sparse20": 85.0, "asymmetric_advantages_potter0_20": 1.0}
[pair_C] {"steps": 1402880, "elapsed_s": 847.2, "forced_coordination_sparse20": 0.0, "forced_coordination_potter0_20": 1.0, "asymmetric_advantages_sparse20": 90.0, "asymmetric_advantages_potter0_20": 1.0}
[pair_C] {"steps": 1404928, "elapsed_s": 848.4, "forced_coordination_sparse20": 0.0, "forced_coordination_potter0_20": 1.0, "asymmetric_advantages_sparse20": 87.0, "asymmetric_advantages_potter0_20": 1.0}
[pair_C] {"steps": 1406976, "elapsed_s": 849.6, "forced_coordination_sparse20": 0.0, "forced_coordination_potter0_20": 1.0, "asymmetric_advantages_sparse20": 92.0, "asymmetric_advantages_potter0_20": 1.0}
[pair_C] {"steps": 1409024, "elapsed_s": 850.8, "forced_coordination_sparse20": 0.0, "forced_coordination_potter0_20": 1.0, "asymmetric_advantages_sparse20": 92.0, "asymmetric_advantages_potter0_20": 1.0}
[pair_C] {"steps": 1411072, "elapsed_s": 852.0, "forced_coordination_sparse20": 0.0, "forced_coordination_potter0_20": 1.0, "asymmetric_advantages_sparse20": 92.0, "asymmetric_advantages_potter0_20": 1.0}
[pair_C] {"steps": 1413120, "elapsed_s": 853.2, "forced_coordination_sparse20": 0.0, "forced_coordination_potter0_20": 1.0, "asymmetric_advantages_sparse20": 86.0, "asymmetric_advantages_potter0_20": 1.0}
[pair_C] {"steps": 1415168, "elapsed_s": 854.5, "forced_coordination_sparse20": 0.0, "forced_coordination_potter0_20": 1.0, "asymmetric_advantages_sparse20": 86.0, "asymmetric_advantages_potter0_20": 1.0}
[pair_C] {"steps": 1417216, "elapsed_s": 855.7, "forced_coordination_sparse20": 0.0, "forced_coordination_potter0_20": 1.0, "asymmetric_advantages_sparse20": 86.0, "asymmetric_advantages_potter0_20": 1.0}
[pair_C] {"steps": 1419264, "elapsed_s": 856.9, "forced_coordination_sparse20": 0.0, "forced_coordination_potter0_20": 1.0, "asymmetric_advantages_sparse20": 85.0, "asymmetric_advantages_potter0_20": 1.0}
[pair_C] {"steps": 1421312, "elapsed_s": 858.3, "forced_coordination_sparse20": 0.0, "forced_coordination_potter0_20": 1.0, "asymmetric_advantages_sparse20": 78.0, "asymmetric_advantages_potter0_20": 1.0}
[pair_C] {"steps": 1423360, "elapsed_s": 859.8, "forced_coordination_sparse20": 0.0, "forced_coordination_potter0_20": 1.0, "asymmetric_advantages_sparse20": 83.0, "asymmetric_advantages_potter0_20": 1.0}
[pair_C] {"steps": 1425408, "elapsed_s": 861.2, "forced_coordination_sparse20": 0.0, "forced_coordination_potter0_20": 1.0, "asymmetric_advantages_sparse20": 85.0, "asymmetric_advantages_potter0_20": 1.0}
[pair_C] {"steps": 1427456, "elapsed_s": 862.4, "forced_coordination_sparse20": 0.0, "forced_coordination_potter0_20": 1.0, "asymmetric_advantages_sparse20": 87.0, "asymmetric_advantages_potter0_20": 1.0}
[pair_C] {"steps": 1429504, "elapsed_s": 863.6, "forced_coordination_sparse20": 0.0, "forced_coordination_potter0_20": 1.0, "asymmetric_advantages_sparse20": 96.0, "asymmetric_advantages_potter0_20": 1.0}
[pair_C] {"steps": 1431552, "elapsed_s": 864.9, "forced_coordination_sparse20": 0.0, "forced_coordination_potter0_20": 1.0, "asymmetric_advantages_sparse20": 93.0, "asymmetric_advantages_potter0_20": 1.0}
[pair_C] {"steps": 1433600, "elapsed_s": 866.1, "forced_coordination_sparse20": 0.0, "forced_coordination_potter0_20": 1.0, "asymmetric_advantages_sparse20": 107.0, "asymmetric_advantages_potter0_20": 1.0}
[pair_C] {"steps": 1435648, "elapsed_s": 867.3, "forced_coordination_sparse20": 0.0, "forced_coordination_potter0_20": 1.0, "asymmetric_advantages_sparse20": 108.0, "asymmetric_advantages_potter0_20": 1.0}
[pair_C] {"steps": 1437696, "elapsed_s": 868.5, "forced_coordination_sparse20": 0.0, "forced_coordination_potter0_20": 1.0, "asymmetric_advantages_sparse20": 105.0, "asymmetric_advantages_potter0_20": 1.0}
[pair_C] {"steps": 1439744, "elapsed_s": 869.7, "forced_coordination_sparse20": 0.0, "forced_coordination_potter0_20": 1.0, "asymmetric_advantages_sparse20": 111.0, "asymmetric_advantages_potter0_20": 1.0}
[pair_C] {"steps": 1441792, "elapsed_s": 871.0, "forced_coordination_sparse20": 0.0, "forced_coordination_potter0_20": 1.0, "asymmetric_advantages_sparse20": 110.0, "asymmetric_advantages_potter0_20": 1.0}
[pair_C] {"steps": 1443840, "elapsed_s": 872.2, "forced_coordination_sparse20": 0.0, "forced_coordination_potter0_20": 1.0, "asymmetric_advantages_sparse20": 108.0, "asymmetric_advantages_potter0_20": 1.0}
[pair_C] {"steps": 1445888, "elapsed_s": 873.4, "forced_coordination_sparse20": 0.0, "forced_coordination_potter0_20": 1.0, "asymmetric_advantages_sparse20": 115.0, "asymmetric_advantages_potter0_20": 1.0}
[pair_C] {"steps": 1447936, "elapsed_s": 874.5, "forced_coordination_sparse20": 0.0, "forced_coordination_potter0_20": 1.0, "asymmetric_advantages_sparse20": 115.0, "asymmetric_advantages_potter0_20": 1.0}
[pair_C] {"steps": 1449984, "elapsed_s": 875.7, "forced_coordination_sparse20": 0.0, "forced_coordination_potter0_20": 1.0, "asymmetric_advantages_sparse20": 116.0, "asymmetric_advantages_potter0_20": 1.0}
[pair_C] {"steps": 1452032, "elapsed_s": 876.9, "forced_coordination_sparse20": 0.0, "forced_coordination_potter0_20": 1.0, "asymmetric_advantages_sparse20": 111.0, "asymmetric_advantages_potter0_20": 1.0}
[pair_C] {"steps": 1454080, "elapsed_s": 878.2, "forced_coordination_sparse20": 0.0, "forced_coordination_potter0_20": 1.0, "asymmetric_advantages_sparse20": 108.0, "asymmetric_advantages_potter0_20": 1.0}
[pair_C] {"steps": 1456128, "elapsed_s": 879.5, "forced_coordination_sparse20": 0.0, "forced_coordination_potter0_20": 1.0, "asymmetric_advantages_sparse20": 103.0, "asymmetric_advantages_potter0_20": 1.0}
[pair_C] {"steps": 1458176, "elapsed_s": 880.7, "forced_coordination_sparse20": 0.0, "forced_coordination_potter0_20": 1.0, "asymmetric_advantages_sparse20": 98.0, "asymmetric_advantages_potter0_20": 1.0}
[pair_C] {"steps": 1460224, "elapsed_s": 881.9, "forced_coordination_sparse20": 0.0, "forced_coordination_potter0_20": 1.0, "asymmetric_advantages_sparse20": 101.0, "asymmetric_advantages_potter0_20": 1.0}
[pair_C] {"steps": 1462272, "elapsed_s": 883.0, "forced_coordination_sparse20": 0.0, "forced_coordination_potter0_20": 1.0, "asymmetric_advantages_sparse20": 101.0, "asymmetric_advantages_potter0_20": 1.0}
[pair_C] {"steps": 1464320, "elapsed_s": 884.3, "forced_coordination_sparse20": 0.0, "forced_coordination_potter0_20": 1.0, "asymmetric_advantages_sparse20": 100.0, "asymmetric_advantages_potter0_20": 1.0}
[pair_C] {"steps": 1466368, "elapsed_s": 885.5, "forced_coordination_sparse20": 0.0, "forced_coordination_potter0_20": 1.0, "asymmetric_advantages_sparse20": 99.0, "asymmetric_advantages_potter0_20": 1.0}
[pair_C] {"steps": 1468416, "elapsed_s": 886.8, "forced_coordination_sparse20": 0.0, "forced_coordination_potter0_20": 1.0, "asymmetric_advantages_sparse20": 96.0, "asymmetric_advantages_potter0_20": 1.0}
[pair_C] {"steps": 1470464, "elapsed_s": 888.0, "forced_coordination_sparse20": 0.0, "forced_coordination_potter0_20": 1.0, "asymmetric_advantages_sparse20": 96.0, "asymmetric_advantages_potter0_20": 1.0}
[pair_C] {"steps": 1472512, "elapsed_s": 889.2, "forced_coordination_sparse20": 0.0, "forced_coordination_potter0_20": 1.0, "asymmetric_advantages_sparse20": 100.0, "asymmetric_advantages_potter0_20": 1.0}
[pair_C] {"steps": 1474560, "elapsed_s": 890.4, "forced_coordination_sparse20": 0.0, "forced_coordination_potter0_20": 1.0, "asymmetric_advantages_sparse20": 95.0, "asymmetric_advantages_potter0_20": 1.0}
[pair_C] {"steps": 1476608, "elapsed_s": 891.7, "forced_coordination_sparse20": 0.0, "forced_coordination_potter0_20": 1.0, "asymmetric_advantages_sparse20": 109.0, "asymmetric_advantages_potter0_20": 1.0}
[pair_C] {"steps": 1478656, "elapsed_s": 892.9, "forced_coordination_sparse20": 0.0, "forced_coordination_potter0_20": 1.0, "asymmetric_advantages_sparse20": 106.0, "asymmetric_advantages_potter0_20": 1.0}
[pair_C] {"steps": 1480704, "elapsed_s": 894.0, "forced_coordination_sparse20": 0.0, "forced_coordination_potter0_20": 1.0, "asymmetric_advantages_sparse20": 106.0, "asymmetric_advantages_potter0_20": 1.0}
[pair_C] {"steps": 1482752, "elapsed_s": 895.2, "forced_coordination_sparse20": 0.0, "forced_coordination_potter0_20": 1.0, "asymmetric_advantages_sparse20": 102.0, "asymmetric_advantages_potter0_20": 1.0}
[pair_C] {"steps": 1484800, "elapsed_s": 896.6, "forced_coordination_sparse20": 0.0, "forced_coordination_potter0_20": 1.0, "asymmetric_advantages_sparse20": 90.0, "asymmetric_advantages_potter0_20": 1.0}
[pair_C] {"steps": 1486848, "elapsed_s": 897.8, "forced_coordination_sparse20": 0.0, "forced_coordination_potter0_20": 1.0, "asymmetric_advantages_sparse20": 90.0, "asymmetric_advantages_potter0_20": 1.0}
[pair_C] {"steps": 1488896, "elapsed_s": 898.9, "forced_coordination_sparse20": 0.0, "forced_coordination_potter0_20": 1.0, "asymmetric_advantages_sparse20": 85.0, "asymmetric_advantages_potter0_20": 1.0}
[pair_C] {"steps": 1490944, "elapsed_s": 900.2, "forced_coordination_sparse20": 0.0, "forced_coordination_potter0_20": 1.0, "asymmetric_advantages_sparse20": 83.0, "asymmetric_advantages_potter0_20": 1.0}
[pair_C] {"steps": 1492992, "elapsed_s": 901.4, "forced_coordination_sparse20": 0.0, "forced_coordination_potter0_20": 1.0, "asymmetric_advantages_sparse20": 84.0, "asymmetric_advantages_potter0_20": 1.0}
[pair_C] {"steps": 1495040, "elapsed_s": 902.6, "forced_coordination_sparse20": 0.0, "forced_coordination_potter0_20": 1.0, "asymmetric_advantages_sparse20": 80.0, "asymmetric_advantages_potter0_20": 1.0}
[pair_C] {"steps": 1497088, "elapsed_s": 903.8, "forced_coordination_sparse20": 0.0, "forced_coordination_potter0_20": 1.0, "asymmetric_advantages_sparse20": 74.0, "asymmetric_advantages_potter0_20": 1.0}
[pair_C] {"steps": 1499136, "elapsed_s": 905.0, "forced_coordination_sparse20": 0.0, "forced_coordination_potter0_20": 1.0, "asymmetric_advantages_sparse20": 76.0, "asymmetric_advantages_potter0_20": 1.0}
[pair_C] {"steps": 1501184, "elapsed_s": 906.2, "forced_coordination_sparse20": 0.0, "forced_coordination_potter0_20": 1.0, "asymmetric_advantages_sparse20": 80.0, "asymmetric_advantages_potter0_20": 1.0}
[pair_C] {"steps": 1503232, "elapsed_s": 907.4, "forced_coordination_sparse20": 0.0, "forced_coordination_potter0_20": 1.0, "asymmetric_advantages_sparse20": 85.0, "asymmetric_advantages_potter0_20": 1.0}
[pair_C] {"steps": 1505280, "elapsed_s": 908.6, "forced_coordination_sparse20": 0.0, "forced_coordination_potter0_20": 1.0, "asymmetric_advantages_sparse20": 93.0, "asymmetric_advantages_potter0_20": 1.0}
[pair_C] {"steps": 1507328, "elapsed_s": 909.9, "forced_coordination_sparse20": 0.0, "forced_coordination_potter0_20": 1.0, "asymmetric_advantages_sparse20": 95.0, "asymmetric_advantages_potter0_20": 1.0}
[pair_C] {"steps": 1509376, "elapsed_s": 911.1, "forced_coordination_sparse20": 0.0, "forced_coordination_potter0_20": 1.0, "asymmetric_advantages_sparse20": 98.0, "asymmetric_advantages_potter0_20": 1.0}
[pair_C] {"steps": 1511424, "elapsed_s": 912.4, "forced_coordination_sparse20": 0.0, "forced_coordination_potter0_20": 1.0, "asymmetric_advantages_sparse20": 99.0, "asymmetric_advantages_potter0_20": 1.0}
[pair_C] {"steps": 1513472, "elapsed_s": 913.6, "forced_coordination_sparse20": 0.0, "forced_coordination_potter0_20": 1.0, "asymmetric_advantages_sparse20": 100.0, "asymmetric_advantages_potter0_20": 1.0}
[pair_C] {"steps": 1515520, "elapsed_s": 914.9, "forced_coordination_sparse20": 0.0, "forced_coordination_potter0_20": 1.0, "asymmetric_advantages_sparse20": 106.0, "asymmetric_advantages_potter0_20": 1.0}
[pair_C] {"steps": 1517568, "elapsed_s": 916.1, "forced_coordination_sparse20": 0.0, "forced_coordination_potter0_20": 1.0, "asymmetric_advantages_sparse20": 110.0, "asymmetric_advantages_potter0_20": 1.0}
[pair_C] {"steps": 1519616, "elapsed_s": 917.4, "forced_coordination_sparse20": 0.0, "forced_coordination_potter0_20": 1.0, "asymmetric_advantages_sparse20": 110.0, "asymmetric_advantages_potter0_20": 1.0}
[pair_C] {"steps": 1521664, "elapsed_s": 918.7, "forced_coordination_sparse20": 0.0, "forced_coordination_potter0_20": 1.0, "asymmetric_advantages_sparse20": 113.0, "asymmetric_advantages_potter0_20": 1.0}
[pair_C] {"steps": 1523712, "elapsed_s": 920.0, "forced_coordination_sparse20": 0.0, "forced_coordination_potter0_20": 1.0, "asymmetric_advantages_sparse20": 112.0, "asymmetric_advantages_potter0_20": 1.0}
[pair_C] {"steps": 1525760, "elapsed_s": 921.3, "forced_coordination_sparse20": 0.0, "forced_coordination_potter0_20": 1.0, "asymmetric_advantages_sparse20": 112.0, "asymmetric_advantages_potter0_20": 1.0}
[pair_C] {"steps": 1527808, "elapsed_s": 922.4, "forced_coordination_sparse20": 0.0, "forced_coordination_potter0_20": 1.0, "asymmetric_advantages_sparse20": 111.0, "asymmetric_advantages_potter0_20": 1.0}
[pair_C] {"steps": 1529856, "elapsed_s": 923.7, "forced_coordination_sparse20": 0.0, "forced_coordination_potter0_20": 1.0, "asymmetric_advantages_sparse20": 115.0, "asymmetric_advantages_potter0_20": 1.0}
[pair_C] {"steps": 1531904, "elapsed_s": 924.9, "forced_coordination_sparse20": 0.0, "forced_coordination_potter0_20": 1.0, "asymmetric_advantages_sparse20": 108.0, "asymmetric_advantages_potter0_20": 1.0}
[pair_C] {"steps": 1533952, "elapsed_s": 926.1, "forced_coordination_sparse20": 0.0, "forced_coordination_potter0_20": 1.0, "asymmetric_advantages_sparse20": 108.0, "asymmetric_advantages_potter0_20": 1.0}
[pair_C] {"steps": 1536000, "elapsed_s": 927.4, "forced_coordination_sparse20": 0.0, "forced_coordination_potter0_20": 1.0, "asymmetric_advantages_sparse20": 98.0, "asymmetric_advantages_potter0_20": 1.0}
[pair_C] {"steps": 1538048, "elapsed_s": 928.7, "forced_coordination_sparse20": 0.0, "forced_coordination_potter0_20": 1.0, "asymmetric_advantages_sparse20": 92.0, "asymmetric_advantages_potter0_20": 1.0}
[pair_C] {"steps": 1540096, "elapsed_s": 930.0, "forced_coordination_sparse20": 0.0, "forced_coordination_potter0_20": 1.0, "asymmetric_advantages_sparse20": 91.0, "asymmetric_advantages_potter0_20": 1.0}
[pair_C] {"steps": 1542144, "elapsed_s": 931.4, "forced_coordination_sparse20": 0.0, "forced_coordination_potter0_20": 1.0, "asymmetric_advantages_sparse20": 82.0, "asymmetric_advantages_potter0_20": 1.0}
[pair_C] {"steps": 1544192, "elapsed_s": 932.8, "forced_coordination_sparse20": 0.0, "forced_coordination_potter0_20": 1.0, "asymmetric_advantages_sparse20": 77.0, "asymmetric_advantages_potter0_20": 1.0}
[pair_C] {"steps": 1546240, "elapsed_s": 934.1, "forced_coordination_sparse20": 0.0, "forced_coordination_potter0_20": 1.0, "asymmetric_advantages_sparse20": 80.0, "asymmetric_advantages_potter0_20": 1.0}
[pair_C] {"steps": 1548288, "elapsed_s": 935.3, "forced_coordination_sparse20": 0.0, "forced_coordination_potter0_20": 1.0, "asymmetric_advantages_sparse20": 79.0, "asymmetric_advantages_potter0_20": 1.0}
[pair_C] {"steps": 1550336, "elapsed_s": 936.6, "forced_coordination_sparse20": 0.0, "forced_coordination_potter0_20": 1.0, "asymmetric_advantages_sparse20": 82.0, "asymmetric_advantages_potter0_20": 1.0}
[pair_C] {"steps": 1552384, "elapsed_s": 937.8, "forced_coordination_sparse20": 0.0, "forced_coordination_potter0_20": 1.0, "asymmetric_advantages_sparse20": 90.0, "asymmetric_advantages_potter0_20": 1.0}
[pair_C] {"steps": 1554432, "elapsed_s": 939.0, "forced_coordination_sparse20": 0.0, "forced_coordination_potter0_20": 1.0, "asymmetric_advantages_sparse20": 93.0, "asymmetric_advantages_potter0_20": 1.0}
[pair_C] {"steps": 1556480, "elapsed_s": 940.5, "forced_coordination_sparse20": 0.0, "forced_coordination_potter0_20": 1.0, "asymmetric_advantages_sparse20": 98.0, "asymmetric_advantages_potter0_20": 1.0}
[pair_C] {"steps": 1558528, "elapsed_s": 941.9, "forced_coordination_sparse20": 0.0, "forced_coordination_potter0_20": 1.0, "asymmetric_advantages_sparse20": 102.0, "asymmetric_advantages_potter0_20": 1.0}
[pair_C] {"steps": 1560576, "elapsed_s": 943.2, "forced_coordination_sparse20": 0.0, "forced_coordination_potter0_20": 1.0, "asymmetric_advantages_sparse20": 99.0, "asymmetric_advantages_potter0_20": 1.0}
[pair_C] {"steps": 1562624, "elapsed_s": 944.4, "forced_coordination_sparse20": 0.0, "forced_coordination_potter0_20": 1.0, "asymmetric_advantages_sparse20": 98.0, "asymmetric_advantages_potter0_20": 1.0}
[pair_C] {"steps": 1564672, "elapsed_s": 945.6, "forced_coordination_sparse20": 0.0, "forced_coordination_potter0_20": 1.0, "asymmetric_advantages_sparse20": 101.0, "asymmetric_advantages_potter0_20": 1.0}
[pair_C] {"steps": 1566720, "elapsed_s": 946.9, "forced_coordination_sparse20": 0.0, "forced_coordination_potter0_20": 1.0, "asymmetric_advantages_sparse20": 95.0, "asymmetric_advantages_potter0_20": 1.0}
[pair_C] {"steps": 1568768, "elapsed_s": 948.1, "forced_coordination_sparse20": 0.0, "forced_coordination_potter0_20": 1.0, "asymmetric_advantages_sparse20": 93.0, "asymmetric_advantages_potter0_20": 1.0}
[pair_C] {"steps": 1570816, "elapsed_s": 949.3, "forced_coordination_sparse20": 0.0, "forced_coordination_potter0_20": 1.0, "asymmetric_advantages_sparse20": 99.0, "asymmetric_advantages_potter0_20": 1.0}
[pair_C] {"steps": 1572864, "elapsed_s": 950.5, "forced_coordination_sparse20": 0.0, "forced_coordination_potter0_20": 1.0, "asymmetric_advantages_sparse20": 98.0, "asymmetric_advantages_potter0_20": 1.0}
[pair_C] {"steps": 1574912, "elapsed_s": 951.8, "forced_coordination_sparse20": 0.0, "forced_coordination_potter0_20": 1.0, "asymmetric_advantages_sparse20": 95.0, "asymmetric_advantages_potter0_20": 1.0}
[pair_C] {"steps": 1576960, "elapsed_s": 953.0, "forced_coordination_sparse20": 0.0, "forced_coordination_potter0_20": 1.0, "asymmetric_advantages_sparse20": 103.0, "asymmetric_advantages_potter0_20": 1.0}
[pair_C] {"steps": 1579008, "elapsed_s": 954.2, "forced_coordination_sparse20": 0.0, "forced_coordination_potter0_20": 1.0, "asymmetric_advantages_sparse20": 101.0, "asymmetric_advantages_potter0_20": 1.0}
[pair_C] {"steps": 1581056, "elapsed_s": 955.5, "forced_coordination_sparse20": 0.0, "forced_coordination_potter0_20": 1.0, "asymmetric_advantages_sparse20": 109.0, "asymmetric_advantages_potter0_20": 1.0}
[pair_C] {"steps": 1583104, "elapsed_s": 956.6, "forced_coordination_sparse20": 0.0, "forced_coordination_potter0_20": 1.0, "asymmetric_advantages_sparse20": 106.0, "asymmetric_advantages_potter0_20": 1.0}
[pair_C] {"steps": 1585152, "elapsed_s": 957.9, "forced_coordination_sparse20": 0.0, "forced_coordination_potter0_20": 1.0, "asymmetric_advantages_sparse20": 106.0, "asymmetric_advantages_potter0_20": 1.0}
[pair_C] {"steps": 1587200, "elapsed_s": 959.1, "forced_coordination_sparse20": 0.0, "forced_coordination_potter0_20": 1.0, "asymmetric_advantages_sparse20": 107.0, "asymmetric_advantages_potter0_20": 1.0}
[pair_C] {"steps": 1589248, "elapsed_s": 960.3, "forced_coordination_sparse20": 0.0, "forced_coordination_potter0_20": 1.0, "asymmetric_advantages_sparse20": 109.0, "asymmetric_advantages_potter0_20": 1.0}
[pair_C] {"steps": 1591296, "elapsed_s": 961.5, "forced_coordination_sparse20": 0.0, "forced_coordination_potter0_20": 1.0, "asymmetric_advantages_sparse20": 109.0, "asymmetric_advantages_potter0_20": 1.0}
[pair_C] {"steps": 1593344, "elapsed_s": 962.7, "forced_coordination_sparse20": 0.0, "forced_coordination_potter0_20": 1.0, "asymmetric_advantages_sparse20": 101.0, "asymmetric_advantages_potter0_20": 1.0}
[pair_C] {"steps": 1595392, "elapsed_s": 963.9, "forced_coordination_sparse20": 0.0, "forced_coordination_potter0_20": 1.0, "asymmetric_advantages_sparse20": 99.0, "asymmetric_advantages_potter0_20": 1.0}
[pair_C] {"steps": 1597440, "elapsed_s": 965.1, "forced_coordination_sparse20": 0.0, "forced_coordination_potter0_20": 1.0, "asymmetric_advantages_sparse20": 104.0, "asymmetric_advantages_potter0_20": 1.0}
[pair_C] {"steps": 1599488, "elapsed_s": 966.4, "forced_coordination_sparse20": 0.0, "forced_coordination_potter0_20": 1.0, "asymmetric_advantages_sparse20": 99.0, "asymmetric_advantages_potter0_20": 1.0}
[pair_C] {"steps": 1601536, "elapsed_s": 967.6, "forced_coordination_sparse20": 0.0, "forced_coordination_potter0_20": 1.0, "asymmetric_advantages_sparse20": 94.0, "asymmetric_advantages_potter0_20": 1.0}
[pair_C] {"steps": 1603584, "elapsed_s": 968.7, "forced_coordination_sparse20": 0.0, "forced_coordination_potter0_20": 1.0, "asymmetric_advantages_sparse20": 95.0, "asymmetric_advantages_potter0_20": 1.0}
[pair_C] {"steps": 1605632, "elapsed_s": 970.0, "forced_coordination_sparse20": 0.0, "forced_coordination_potter0_20": 1.0, "asymmetric_advantages_sparse20": 90.0, "asymmetric_advantages_potter0_20": 1.0}
[pair_C] {"steps": 1607680, "elapsed_s": 971.1, "forced_coordination_sparse20": 0.0, "forced_coordination_potter0_20": 1.0, "asymmetric_advantages_sparse20": 81.0, "asymmetric_advantages_potter0_20": 1.0}
[pair_C] {"steps": 1609728, "elapsed_s": 972.4, "forced_coordination_sparse20": 0.0, "forced_coordination_potter0_20": 1.0, "asymmetric_advantages_sparse20": 86.0, "asymmetric_advantages_potter0_20": 1.0}
[pair_C] {"steps": 1611776, "elapsed_s": 973.6, "forced_coordination_sparse20": 0.0, "forced_coordination_potter0_20": 1.0, "asymmetric_advantages_sparse20": 88.0, "asymmetric_advantages_potter0_20": 1.0}
[pair_C] {"steps": 1613824, "elapsed_s": 974.8, "forced_coordination_sparse20": 0.0, "forced_coordination_potter0_20": 1.0, "asymmetric_advantages_sparse20": 89.0, "asymmetric_advantages_potter0_20": 1.0}
[pair_C] {"steps": 1615872, "elapsed_s": 976.0, "forced_coordination_sparse20": 0.0, "forced_coordination_potter0_20": 1.0, "asymmetric_advantages_sparse20": 90.0, "asymmetric_advantages_potter0_20": 1.0}
[pair_C] {"steps": 1617920, "elapsed_s": 977.3, "forced_coordination_sparse20": 0.0, "forced_coordination_potter0_20": 1.0, "asymmetric_advantages_sparse20": 89.0, "asymmetric_advantages_potter0_20": 1.0}
[pair_C] {"steps": 1619968, "elapsed_s": 978.5, "forced_coordination_sparse20": 0.0, "forced_coordination_potter0_20": 1.0, "asymmetric_advantages_sparse20": 89.0, "asymmetric_advantages_potter0_20": 1.0}
[pair_C] {"steps": 1622016, "elapsed_s": 979.7, "forced_coordination_sparse20": 0.0, "forced_coordination_potter0_20": 1.0, "asymmetric_advantages_sparse20": 87.0, "asymmetric_advantages_potter0_20": 1.0}
[pair_C] {"steps": 1624064, "elapsed_s": 980.9, "forced_coordination_sparse20": 0.0, "forced_coordination_potter0_20": 1.0, "asymmetric_advantages_sparse20": 88.0, "asymmetric_advantages_potter0_20": 1.0}
[pair_C] {"steps": 1626112, "elapsed_s": 982.0, "forced_coordination_sparse20": 0.0, "forced_coordination_potter0_20": 1.0, "asymmetric_advantages_sparse20": 86.0, "asymmetric_advantages_potter0_20": 1.0}
[pair_C] {"steps": 1628160, "elapsed_s": 983.2, "forced_coordination_sparse20": 0.0, "forced_coordination_potter0_20": 1.0, "asymmetric_advantages_sparse20": 87.0, "asymmetric_advantages_potter0_20": 1.0}
[pair_C] {"steps": 1630208, "elapsed_s": 984.4, "forced_coordination_sparse20": 0.0, "forced_coordination_potter0_20": 1.0, "asymmetric_advantages_sparse20": 87.0, "asymmetric_advantages_potter0_20": 1.0}
[pair_C] {"steps": 1632256, "elapsed_s": 985.5, "forced_coordination_sparse20": 0.0, "forced_coordination_potter0_20": 1.0, "asymmetric_advantages_sparse20": 85.0, "asymmetric_advantages_potter0_20": 1.0}
[pair_C] {"steps": 1634304, "elapsed_s": 986.6, "forced_coordination_sparse20": 0.0, "forced_coordination_potter0_20": 1.0, "asymmetric_advantages_sparse20": 82.0, "asymmetric_advantages_potter0_20": 1.0}
[pair_C] {"steps": 1636352, "elapsed_s": 987.8, "forced_coordination_sparse20": 0.0, "forced_coordination_potter0_20": 1.0, "asymmetric_advantages_sparse20": 82.0, "asymmetric_advantages_potter0_20": 1.0}
[pair_C] {"steps": 1638400, "elapsed_s": 989.0, "forced_coordination_sparse20": 0.0, "forced_coordination_potter0_20": 1.0, "asymmetric_advantages_sparse20": 89.0, "asymmetric_advantages_potter0_20": 1.0}
[pair_C] {"steps": 1640448, "elapsed_s": 990.2, "forced_coordination_sparse20": 0.0, "forced_coordination_potter0_20": 1.0, "asymmetric_advantages_sparse20": 88.0, "asymmetric_advantages_potter0_20": 1.0}
[pair_C] {"steps": 1642496, "elapsed_s": 991.3, "forced_coordination_sparse20": 0.0, "forced_coordination_potter0_20": 1.0, "asymmetric_advantages_sparse20": 85.0, "asymmetric_advantages_potter0_20": 1.0}
[pair_C] {"steps": 1644544, "elapsed_s": 992.6, "forced_coordination_sparse20": 0.0, "forced_coordination_potter0_20": 1.0, "asymmetric_advantages_sparse20": 87.0, "asymmetric_advantages_potter0_20": 1.0}
[pair_C] {"steps": 1646592, "elapsed_s": 993.8, "forced_coordination_sparse20": 0.0, "forced_coordination_potter0_20": 1.0, "asymmetric_advantages_sparse20": 90.0, "asymmetric_advantages_potter0_20": 1.0}
[pair_C] {"steps": 1648640, "elapsed_s": 995.0, "forced_coordination_sparse20": 0.0, "forced_coordination_potter0_20": 1.0, "asymmetric_advantages_sparse20": 90.0, "asymmetric_advantages_potter0_20": 1.0}
[pair_C] {"steps": 1650688, "elapsed_s": 996.2, "forced_coordination_sparse20": 0.0, "forced_coordination_potter0_20": 1.0, "asymmetric_advantages_sparse20": 93.0, "asymmetric_advantages_potter0_20": 1.0}
[pair_C] {"steps": 1652736, "elapsed_s": 997.6, "forced_coordination_sparse20": 0.0, "forced_coordination_potter0_20": 1.0, "asymmetric_advantages_sparse20": 100.0, "asymmetric_advantages_potter0_20": 1.0}
[pair_C] {"steps": 1654784, "elapsed_s": 998.9, "forced_coordination_sparse20": 0.0, "forced_coordination_potter0_20": 1.0, "asymmetric_advantages_sparse20": 101.0, "asymmetric_advantages_potter0_20": 1.0}
[pair_C] {"steps": 1656832, "elapsed_s": 1000.1, "forced_coordination_sparse20": 0.0, "forced_coordination_potter0_20": 1.0, "asymmetric_advantages_sparse20": 102.0, "asymmetric_advantages_potter0_20": 1.0}
[pair_C] {"steps": 1658880, "elapsed_s": 1001.3, "forced_coordination_sparse20": 0.0, "forced_coordination_potter0_20": 1.0, "asymmetric_advantages_sparse20": 107.0, "asymmetric_advantages_potter0_20": 1.0}
[pair_C] {"steps": 1660928, "elapsed_s": 1002.6, "forced_coordination_sparse20": 0.0, "forced_coordination_potter0_20": 1.0, "asymmetric_advantages_sparse20": 108.0, "asymmetric_advantages_potter0_20": 1.0}
[pair_C] {"steps": 1662976, "elapsed_s": 1003.9, "forced_coordination_sparse20": 0.0, "forced_coordination_potter0_20": 1.0, "asymmetric_advantages_sparse20": 104.0, "asymmetric_advantages_potter0_20": 1.0}
[pair_C] {"steps": 1665024, "elapsed_s": 1005.4, "forced_coordination_sparse20": 0.0, "forced_coordination_potter0_20": 1.0, "asymmetric_advantages_sparse20": 108.0, "asymmetric_advantages_potter0_20": 1.0}
[pair_C] {"steps": 1667072, "elapsed_s": 1006.6, "forced_coordination_sparse20": 0.0, "forced_coordination_potter0_20": 1.0, "asymmetric_advantages_sparse20": 108.0, "asymmetric_advantages_potter0_20": 1.0}
[pair_C] {"steps": 1669120, "elapsed_s": 1007.8, "forced_coordination_sparse20": 0.0, "forced_coordination_potter0_20": 1.0, "asymmetric_advantages_sparse20": 108.0, "asymmetric_advantages_potter0_20": 1.0}
[pair_C] {"steps": 1671168, "elapsed_s": 1008.9, "forced_coordination_sparse20": 0.0, "forced_coordination_potter0_20": 1.0, "asymmetric_advantages_sparse20": 108.0, "asymmetric_advantages_potter0_20": 1.0}
[pair_C] {"steps": 1673216, "elapsed_s": 1010.2, "forced_coordination_sparse20": 0.0, "forced_coordination_potter0_20": 1.0, "asymmetric_advantages_sparse20": 93.0, "asymmetric_advantages_potter0_20": 1.0}
[pair_C] {"steps": 1675264, "elapsed_s": 1011.6, "forced_coordination_sparse20": 0.0, "forced_coordination_potter0_20": 1.0, "asymmetric_advantages_sparse20": 95.0, "asymmetric_advantages_potter0_20": 1.0}
[pair_C] {"steps": 1677312, "elapsed_s": 1013.1, "forced_coordination_sparse20": 0.0, "forced_coordination_potter0_20": 1.0, "asymmetric_advantages_sparse20": 92.0, "asymmetric_advantages_potter0_20": 1.0}
[pair_C] {"steps": 1679360, "elapsed_s": 1014.3, "forced_coordination_sparse20": 0.0, "forced_coordination_potter0_20": 1.0, "asymmetric_advantages_sparse20": 93.0, "asymmetric_advantages_potter0_20": 1.0}
[pair_C] {"steps": 1681408, "elapsed_s": 1015.5, "forced_coordination_sparse20": 0.0, "forced_coordination_potter0_20": 1.0, "asymmetric_advantages_sparse20": 89.0, "asymmetric_advantages_potter0_20": 1.0}
[pair_C] {"steps": 1683456, "elapsed_s": 1016.8, "forced_coordination_sparse20": 0.0, "forced_coordination_potter0_20": 1.0, "asymmetric_advantages_sparse20": 87.0, "asymmetric_advantages_potter0_20": 1.0}
[pair_C] {"steps": 1685504, "elapsed_s": 1018.3, "forced_coordination_sparse20": 0.0, "forced_coordination_potter0_20": 1.0, "asymmetric_advantages_sparse20": 85.0, "asymmetric_advantages_potter0_20": 1.0}
[pair_C] {"steps": 1687552, "elapsed_s": 1019.7, "forced_coordination_sparse20": 0.0, "forced_coordination_potter0_20": 1.0, "asymmetric_advantages_sparse20": 89.0, "asymmetric_advantages_potter0_20": 1.0}
[pair_C] {"steps": 1689600, "elapsed_s": 1021.0, "forced_coordination_sparse20": 0.0, "forced_coordination_potter0_20": 1.0, "asymmetric_advantages_sparse20": 91.0, "asymmetric_advantages_potter0_20": 1.0}
[pair_C] {"steps": 1691648, "elapsed_s": 1022.4, "forced_coordination_sparse20": 0.0, "forced_coordination_potter0_20": 1.0, "asymmetric_advantages_sparse20": 98.0, "asymmetric_advantages_potter0_20": 1.0}
[pair_C] {"steps": 1693696, "elapsed_s": 1023.7, "forced_coordination_sparse20": 0.0, "forced_coordination_potter0_20": 1.0, "asymmetric_advantages_sparse20": 99.0, "asymmetric_advantages_potter0_20": 1.0}
[pair_C] {"steps": 1695744, "elapsed_s": 1024.9, "forced_coordination_sparse20": 0.0, "forced_coordination_potter0_20": 1.0, "asymmetric_advantages_sparse20": 102.0, "asymmetric_advantages_potter0_20": 1.0}
[pair_C] {"steps": 1697792, "elapsed_s": 1026.1, "forced_coordination_sparse20": 0.0, "forced_coordination_potter0_20": 1.0, "asymmetric_advantages_sparse20": 104.0, "asymmetric_advantages_potter0_20": 1.0}
[pair_C] {"steps": 1699840, "elapsed_s": 1027.4, "forced_coordination_sparse20": 0.0, "forced_coordination_potter0_20": 1.0, "asymmetric_advantages_sparse20": 104.0, "asymmetric_advantages_potter0_20": 1.0}
[pair_C] {"steps": 1701888, "elapsed_s": 1028.6, "forced_coordination_sparse20": 0.0, "forced_coordination_potter0_20": 1.0, "asymmetric_advantages_sparse20": 104.0, "asymmetric_advantages_potter0_20": 1.0}
[pair_C] {"steps": 1703936, "elapsed_s": 1029.7, "forced_coordination_sparse20": 0.0, "forced_coordination_potter0_20": 1.0, "asymmetric_advantages_sparse20": 103.0, "asymmetric_advantages_potter0_20": 1.0}
[pair_C] {"steps": 1705984, "elapsed_s": 1030.9, "forced_coordination_sparse20": 0.0, "forced_coordination_potter0_20": 1.0, "asymmetric_advantages_sparse20": 93.0, "asymmetric_advantages_potter0_20": 1.0}
[pair_C] {"steps": 1708032, "elapsed_s": 1032.1, "forced_coordination_sparse20": 0.0, "forced_coordination_potter0_20": 1.0, "asymmetric_advantages_sparse20": 86.0, "asymmetric_advantages_potter0_20": 1.0}
[pair_C] {"steps": 1710080, "elapsed_s": 1033.2, "forced_coordination_sparse20": 0.0, "forced_coordination_potter0_20": 1.0, "asymmetric_advantages_sparse20": 86.0, "asymmetric_advantages_potter0_20": 1.0}
[pair_C] {"steps": 1712128, "elapsed_s": 1034.5, "forced_coordination_sparse20": 0.0, "forced_coordination_potter0_20": 1.0, "asymmetric_advantages_sparse20": 77.0, "asymmetric_advantages_potter0_20": 1.0}
[pair_C] {"steps": 1714176, "elapsed_s": 1035.8, "forced_coordination_sparse20": 0.0, "forced_coordination_potter0_20": 1.0, "asymmetric_advantages_sparse20": 68.0, "asymmetric_advantages_potter0_20": 1.0}
[pair_C] {"steps": 1716224, "elapsed_s": 1037.0, "forced_coordination_sparse20": 0.0, "forced_coordination_potter0_20": 1.0, "asymmetric_advantages_sparse20": 59.0, "asymmetric_advantages_potter0_20": 1.0}
[pair_C] {"steps": 1718272, "elapsed_s": 1038.1, "forced_coordination_sparse20": 0.0, "forced_coordination_potter0_20": 1.0, "asymmetric_advantages_sparse20": 57.0, "asymmetric_advantages_potter0_20": 1.0}
[pair_C] {"steps": 1720320, "elapsed_s": 1039.6, "forced_coordination_sparse20": 0.0, "forced_coordination_potter0_20": 1.0, "asymmetric_advantages_sparse20": 52.0, "asymmetric_advantages_potter0_20": 1.0}
[pair_C] {"steps": 1722368, "elapsed_s": 1040.8, "forced_coordination_sparse20": 0.0, "forced_coordination_potter0_20": 1.0, "asymmetric_advantages_sparse20": 50.0, "asymmetric_advantages_potter0_20": 1.0}
[pair_C] {"steps": 1724416, "elapsed_s": 1042.0, "forced_coordination_sparse20": 0.0, "forced_coordination_potter0_20": 1.0, "asymmetric_advantages_sparse20": 57.0, "asymmetric_advantages_potter0_20": 1.0}
[pair_C] {"steps": 1726464, "elapsed_s": 1043.2, "forced_coordination_sparse20": 0.0, "forced_coordination_potter0_20": 1.0, "asymmetric_advantages_sparse20": 58.0, "asymmetric_advantages_potter0_20": 1.0}
[pair_C] {"steps": 1728512, "elapsed_s": 1044.4, "forced_coordination_sparse20": 0.0, "forced_coordination_potter0_20": 1.0, "asymmetric_advantages_sparse20": 59.0, "asymmetric_advantages_potter0_20": 1.0}
[pair_C] {"steps": 1730560, "elapsed_s": 1045.6, "forced_coordination_sparse20": 0.0, "forced_coordination_potter0_20": 1.0, "asymmetric_advantages_sparse20": 61.0, "asymmetric_advantages_potter0_20": 1.0}
[pair_C] {"steps": 1732608, "elapsed_s": 1046.8, "forced_coordination_sparse20": 0.0, "forced_coordination_potter0_20": 1.0, "asymmetric_advantages_sparse20": 63.0, "asymmetric_advantages_potter0_20": 1.0}
[pair_C] {"steps": 1734656, "elapsed_s": 1047.9, "forced_coordination_sparse20": 0.0, "forced_coordination_potter0_20": 1.0, "asymmetric_advantages_sparse20": 63.0, "asymmetric_advantages_potter0_20": 1.0}
[pair_C] {"steps": 1736704, "elapsed_s": 1049.1, "forced_coordination_sparse20": 0.0, "forced_coordination_potter0_20": 1.0, "asymmetric_advantages_sparse20": 68.0, "asymmetric_advantages_potter0_20": 1.0}
[pair_C] {"steps": 1738752, "elapsed_s": 1050.4, "forced_coordination_sparse20": 0.0, "forced_coordination_potter0_20": 1.0, "asymmetric_advantages_sparse20": 68.0, "asymmetric_advantages_potter0_20": 1.0}
[pair_C] {"steps": 1740800, "elapsed_s": 1052.0, "forced_coordination_sparse20": 0.0, "forced_coordination_potter0_20": 1.0, "asymmetric_advantages_sparse20": 83.0, "asymmetric_advantages_potter0_20": 1.0}
[pair_C] {"steps": 1742848, "elapsed_s": 1053.5, "forced_coordination_sparse20": 0.0, "forced_coordination_potter0_20": 1.0, "asymmetric_advantages_sparse20": 83.0, "asymmetric_advantages_potter0_20": 1.0}
[pair_C] {"steps": 1744896, "elapsed_s": 1054.8, "forced_coordination_sparse20": 0.0, "forced_coordination_potter0_20": 1.0, "asymmetric_advantages_sparse20": 90.0, "asymmetric_advantages_potter0_20": 1.0}
[pair_C] {"steps": 1746944, "elapsed_s": 1056.0, "forced_coordination_sparse20": 0.0, "forced_coordination_potter0_20": 1.0, "asymmetric_advantages_sparse20": 92.0, "asymmetric_advantages_potter0_20": 1.0}
[pair_C] {"steps": 1748992, "elapsed_s": 1057.2, "forced_coordination_sparse20": 0.0, "forced_coordination_potter0_20": 1.0, "asymmetric_advantages_sparse20": 90.0, "asymmetric_advantages_potter0_20": 1.0}
[pair_C] {"steps": 1751040, "elapsed_s": 1058.4, "forced_coordination_sparse20": 0.0, "forced_coordination_potter0_20": 1.0, "asymmetric_advantages_sparse20": 82.0, "asymmetric_advantages_potter0_20": 1.0}
[pair_C] {"steps": 1753088, "elapsed_s": 1059.6, "forced_coordination_sparse20": 0.0, "forced_coordination_potter0_20": 1.0, "asymmetric_advantages_sparse20": 79.0, "asymmetric_advantages_potter0_20": 1.0}
[pair_C] {"steps": 1755136, "elapsed_s": 1060.8, "forced_coordination_sparse20": 0.0, "forced_coordination_potter0_20": 1.0, "asymmetric_advantages_sparse20": 87.0, "asymmetric_advantages_potter0_20": 1.0}
[pair_C] {"steps": 1757184, "elapsed_s": 1062.1, "forced_coordination_sparse20": 0.0, "forced_coordination_potter0_20": 1.0, "asymmetric_advantages_sparse20": 86.0, "asymmetric_advantages_potter0_20": 1.0}
[pair_C] {"steps": 1759232, "elapsed_s": 1063.3, "forced_coordination_sparse20": 0.0, "forced_coordination_potter0_20": 1.0, "asymmetric_advantages_sparse20": 83.0, "asymmetric_advantages_potter0_20": 1.0}
[pair_C] {"steps": 1761280, "elapsed_s": 1064.8, "forced_coordination_sparse20": 0.0, "forced_coordination_potter0_20": 1.0, "asymmetric_advantages_sparse20": 92.0, "asymmetric_advantages_potter0_20": 1.0}
[pair_C] {"steps": 1763328, "elapsed_s": 1066.4, "forced_coordination_sparse20": 0.0, "forced_coordination_potter0_20": 1.0, "asymmetric_advantages_sparse20": 92.0, "asymmetric_advantages_potter0_20": 1.0}
[pair_C] {"steps": 1765376, "elapsed_s": 1067.7, "forced_coordination_sparse20": 0.0, "forced_coordination_potter0_20": 1.0, "asymmetric_advantages_sparse20": 95.0, "asymmetric_advantages_potter0_20": 1.0}
[pair_C] {"steps": 1767424, "elapsed_s": 1068.9, "forced_coordination_sparse20": 0.0, "forced_coordination_potter0_20": 1.0, "asymmetric_advantages_sparse20": 98.0, "asymmetric_advantages_potter0_20": 1.0}
[pair_C] {"steps": 1769472, "elapsed_s": 1070.1, "forced_coordination_sparse20": 0.0, "forced_coordination_potter0_20": 1.0, "asymmetric_advantages_sparse20": 95.0, "asymmetric_advantages_potter0_20": 1.0}
[pair_C] {"steps": 1771520, "elapsed_s": 1071.3, "forced_coordination_sparse20": 0.0, "forced_coordination_potter0_20": 1.0, "asymmetric_advantages_sparse20": 97.0, "asymmetric_advantages_potter0_20": 1.0}
[pair_C] {"steps": 1773568, "elapsed_s": 1072.5, "forced_coordination_sparse20": 0.0, "forced_coordination_potter0_20": 1.0, "asymmetric_advantages_sparse20": 95.0, "asymmetric_advantages_potter0_20": 1.0}
[pair_C] {"steps": 1775616, "elapsed_s": 1073.7, "forced_coordination_sparse20": 0.0, "forced_coordination_potter0_20": 1.0, "asymmetric_advantages_sparse20": 96.0, "asymmetric_advantages_potter0_20": 1.0}
[pair_C] {"steps": 1777664, "elapsed_s": 1075.0, "forced_coordination_sparse20": 0.0, "forced_coordination_potter0_20": 1.0, "asymmetric_advantages_sparse20": 100.0, "asymmetric_advantages_potter0_20": 1.0}
[pair_C] {"steps": 1779712, "elapsed_s": 1076.2, "forced_coordination_sparse20": 0.0, "forced_coordination_potter0_20": 1.0, "asymmetric_advantages_sparse20": 104.0, "asymmetric_advantages_potter0_20": 1.0}
[pair_C] {"steps": 1781760, "elapsed_s": 1077.6, "forced_coordination_sparse20": 0.0, "forced_coordination_potter0_20": 1.0, "asymmetric_advantages_sparse20": 102.0, "asymmetric_advantages_potter0_20": 1.0}
[pair_C] {"steps": 1783808, "elapsed_s": 1079.1, "forced_coordination_sparse20": 0.0, "forced_coordination_potter0_20": 1.0, "asymmetric_advantages_sparse20": 102.0, "asymmetric_advantages_potter0_20": 1.0}
[pair_C] {"steps": 1785856, "elapsed_s": 1080.4, "forced_coordination_sparse20": 0.0, "forced_coordination_potter0_20": 1.0, "asymmetric_advantages_sparse20": 101.0, "asymmetric_advantages_potter0_20": 1.0}
[pair_C] {"steps": 1787904, "elapsed_s": 1081.6, "forced_coordination_sparse20": 0.0, "forced_coordination_potter0_20": 1.0, "asymmetric_advantages_sparse20": 106.0, "asymmetric_advantages_potter0_20": 1.0}
[pair_C] {"steps": 1789952, "elapsed_s": 1082.8, "forced_coordination_sparse20": 0.0, "forced_coordination_potter0_20": 1.0, "asymmetric_advantages_sparse20": 108.0, "asymmetric_advantages_potter0_20": 1.0}
[pair_C] {"steps": 1792000, "elapsed_s": 1084.0, "forced_coordination_sparse20": 0.0, "forced_coordination_potter0_20": 1.0, "asymmetric_advantages_sparse20": 106.0, "asymmetric_advantages_potter0_20": 1.0}
[pair_C] {"steps": 1794048, "elapsed_s": 1085.1, "forced_coordination_sparse20": 0.0, "forced_coordination_potter0_20": 1.0, "asymmetric_advantages_sparse20": 110.0, "asymmetric_advantages_potter0_20": 1.0}
[pair_C] {"steps": 1796096, "elapsed_s": 1086.3, "forced_coordination_sparse20": 0.0, "forced_coordination_potter0_20": 1.0, "asymmetric_advantages_sparse20": 102.0, "asymmetric_advantages_potter0_20": 1.0}
[pair_C] {"steps": 1798144, "elapsed_s": 1087.6, "forced_coordination_sparse20": 0.0, "forced_coordination_potter0_20": 1.0, "asymmetric_advantages_sparse20": 108.0, "asymmetric_advantages_potter0_20": 1.0}
[pair_C] {"steps": 1800192, "elapsed_s": 1088.8, "forced_coordination_sparse20": 0.0, "forced_coordination_potter0_20": 1.0, "asymmetric_advantages_sparse20": 112.0, "asymmetric_advantages_potter0_20": 1.0}
[pair_C] {"steps": 1802240, "elapsed_s": 1090.1, "forced_coordination_sparse20": 0.0, "forced_coordination_potter0_20": 1.0, "asymmetric_advantages_sparse20": 117.0, "asymmetric_advantages_potter0_20": 1.0}
[pair_C] {"steps": 1804288, "elapsed_s": 1091.2, "forced_coordination_sparse20": 0.0, "forced_coordination_potter0_20": 1.0, "asymmetric_advantages_sparse20": 119.0, "asymmetric_advantages_potter0_20": 1.0}
[pair_C] {"steps": 1806336, "elapsed_s": 1092.5, "forced_coordination_sparse20": 0.0, "forced_coordination_potter0_20": 1.0, "asymmetric_advantages_sparse20": 111.0, "asymmetric_advantages_potter0_20": 1.0}
[pair_C] {"steps": 1808384, "elapsed_s": 1093.7, "forced_coordination_sparse20": 0.0, "forced_coordination_potter0_20": 1.0, "asymmetric_advantages_sparse20": 108.0, "asymmetric_advantages_potter0_20": 1.0}
[pair_C] {"steps": 1810432, "elapsed_s": 1094.9, "forced_coordination_sparse20": 0.0, "forced_coordination_potter0_20": 1.0, "asymmetric_advantages_sparse20": 112.0, "asymmetric_advantages_potter0_20": 1.0}
[pair_C] {"steps": 1812480, "elapsed_s": 1096.2, "forced_coordination_sparse20": 0.0, "forced_coordination_potter0_20": 1.0, "asymmetric_advantages_sparse20": 105.0, "asymmetric_advantages_potter0_20": 1.0}
[pair_C] {"steps": 1814528, "elapsed_s": 1097.4, "forced_coordination_sparse20": 0.0, "forced_coordination_potter0_20": 1.0, "asymmetric_advantages_sparse20": 104.0, "asymmetric_advantages_potter0_20": 1.0}
[pair_C] {"steps": 1816576, "elapsed_s": 1098.6, "forced_coordination_sparse20": 0.0, "forced_coordination_potter0_20": 1.0, "asymmetric_advantages_sparse20": 104.0, "asymmetric_advantages_potter0_20": 1.0}
[pair_C] {"steps": 1818624, "elapsed_s": 1100.0, "forced_coordination_sparse20": 0.0, "forced_coordination_potter0_20": 1.0, "asymmetric_advantages_sparse20": 99.0, "asymmetric_advantages_potter0_20": 1.0}
[pair_C] {"steps": 1820672, "elapsed_s": 1101.6, "forced_coordination_sparse20": 0.0, "forced_coordination_potter0_20": 1.0, "asymmetric_advantages_sparse20": 102.0, "asymmetric_advantages_potter0_20": 1.0}
[pair_C] {"steps": 1822720, "elapsed_s": 1102.8, "forced_coordination_sparse20": 0.0, "forced_coordination_potter0_20": 1.0, "asymmetric_advantages_sparse20": 102.0, "asymmetric_advantages_potter0_20": 1.0}
[pair_C] {"steps": 1824768, "elapsed_s": 1104.0, "forced_coordination_sparse20": 0.0, "forced_coordination_potter0_20": 1.0, "asymmetric_advantages_sparse20": 102.0, "asymmetric_advantages_potter0_20": 1.0}
[pair_C] {"steps": 1826816, "elapsed_s": 1105.2, "forced_coordination_sparse20": 0.0, "forced_coordination_potter0_20": 1.0, "asymmetric_advantages_sparse20": 105.0, "asymmetric_advantages_potter0_20": 1.0}
[pair_C] {"steps": 1828864, "elapsed_s": 1106.4, "forced_coordination_sparse20": 0.0, "forced_coordination_potter0_20": 1.0, "asymmetric_advantages_sparse20": 108.0, "asymmetric_advantages_potter0_20": 1.0}
[pair_C] {"steps": 1830912, "elapsed_s": 1107.6, "forced_coordination_sparse20": 0.0, "forced_coordination_potter0_20": 1.0, "asymmetric_advantages_sparse20": 114.0, "asymmetric_advantages_potter0_20": 1.0}
[pair_C] {"steps": 1832960, "elapsed_s": 1108.8, "forced_coordination_sparse20": 0.0, "forced_coordination_potter0_20": 1.0, "asymmetric_advantages_sparse20": 113.0, "asymmetric_advantages_potter0_20": 1.0}
[pair_C] {"steps": 1835008, "elapsed_s": 1110.0, "forced_coordination_sparse20": 0.0, "forced_coordination_potter0_20": 1.0, "asymmetric_advantages_sparse20": 112.0, "asymmetric_advantages_potter0_20": 1.0}
[pair_C] {"steps": 1837056, "elapsed_s": 1111.2, "forced_coordination_sparse20": 0.0, "forced_coordination_potter0_20": 1.0, "asymmetric_advantages_sparse20": 112.0, "asymmetric_advantages_potter0_20": 1.0}
[pair_C] {"steps": 1839104, "elapsed_s": 1112.4, "forced_coordination_sparse20": 0.0, "forced_coordination_potter0_20": 1.0, "asymmetric_advantages_sparse20": 115.0, "asymmetric_advantages_potter0_20": 1.0}
[pair_C] {"steps": 1841152, "elapsed_s": 1113.6, "forced_coordination_sparse20": 0.0, "forced_coordination_potter0_20": 1.0, "asymmetric_advantages_sparse20": 116.0, "asymmetric_advantages_potter0_20": 1.0}
[pair_C] {"steps": 1843200, "elapsed_s": 1114.8, "forced_coordination_sparse20": 0.0, "forced_coordination_potter0_20": 1.0, "asymmetric_advantages_sparse20": 118.0, "asymmetric_advantages_potter0_20": 1.0}
[pair_C] {"steps": 1845248, "elapsed_s": 1116.0, "forced_coordination_sparse20": 0.0, "forced_coordination_potter0_20": 1.0, "asymmetric_advantages_sparse20": 115.0, "asymmetric_advantages_potter0_20": 1.0}
[pair_C] {"steps": 1847296, "elapsed_s": 1117.2, "forced_coordination_sparse20": 0.0, "forced_coordination_potter0_20": 1.0, "asymmetric_advantages_sparse20": 121.0, "asymmetric_advantages_potter0_20": 1.0}
[pair_C] {"steps": 1849344, "elapsed_s": 1118.4, "forced_coordination_sparse20": 0.0, "forced_coordination_potter0_20": 1.0, "asymmetric_advantages_sparse20": 116.0, "asymmetric_advantages_potter0_20": 1.0}
[pair_C] {"steps": 1851392, "elapsed_s": 1119.5, "forced_coordination_sparse20": 0.0, "forced_coordination_potter0_20": 1.0, "asymmetric_advantages_sparse20": 109.0, "asymmetric_advantages_potter0_20": 1.0}
[pair_C] {"steps": 1853440, "elapsed_s": 1120.6, "forced_coordination_sparse20": 0.0, "forced_coordination_potter0_20": 1.0, "asymmetric_advantages_sparse20": 114.0, "asymmetric_advantages_potter0_20": 1.0}
[pair_C] {"steps": 1855488, "elapsed_s": 1121.9, "forced_coordination_sparse20": 0.0, "forced_coordination_potter0_20": 1.0, "asymmetric_advantages_sparse20": 111.0, "asymmetric_advantages_potter0_20": 1.0}
[pair_C] {"steps": 1857536, "elapsed_s": 1123.1, "forced_coordination_sparse20": 0.0, "forced_coordination_potter0_20": 1.0, "asymmetric_advantages_sparse20": 116.0, "asymmetric_advantages_potter0_20": 1.0}
[pair_C] {"steps": 1859584, "elapsed_s": 1124.2, "forced_coordination_sparse20": 0.0, "forced_coordination_potter0_20": 1.0, "asymmetric_advantages_sparse20": 122.0, "asymmetric_advantages_potter0_20": 1.0}
[pair_C] {"steps": 1861632, "elapsed_s": 1125.4, "forced_coordination_sparse20": 0.0, "forced_coordination_potter0_20": 1.0, "asymmetric_advantages_sparse20": 120.0, "asymmetric_advantages_potter0_20": 1.0}
[pair_C] {"steps": 1863680, "elapsed_s": 1126.7, "forced_coordination_sparse20": 0.0, "forced_coordination_potter0_20": 1.0, "asymmetric_advantages_sparse20": 115.0, "asymmetric_advantages_potter0_20": 1.0}
[pair_C] {"steps": 1865728, "elapsed_s": 1127.8, "forced_coordination_sparse20": 0.0, "forced_coordination_potter0_20": 1.0, "asymmetric_advantages_sparse20": 120.0, "asymmetric_advantages_potter0_20": 1.0}
[pair_C] {"steps": 1867776, "elapsed_s": 1129.0, "forced_coordination_sparse20": 0.0, "forced_coordination_potter0_20": 1.0, "asymmetric_advantages_sparse20": 121.0, "asymmetric_advantages_potter0_20": 1.0}
[pair_C] {"steps": 1869824, "elapsed_s": 1130.3, "forced_coordination_sparse20": 0.0, "forced_coordination_potter0_20": 1.0, "asymmetric_advantages_sparse20": 125.0, "asymmetric_advantages_potter0_20": 1.0}
[pair_C] {"steps": 1871872, "elapsed_s": 1131.5, "forced_coordination_sparse20": 0.0, "forced_coordination_potter0_20": 1.0, "asymmetric_advantages_sparse20": 125.0, "asymmetric_advantages_potter0_20": 1.0}
[pair_C] {"steps": 1873920, "elapsed_s": 1132.7, "forced_coordination_sparse20": 0.0, "forced_coordination_potter0_20": 1.0, "asymmetric_advantages_sparse20": 126.0, "asymmetric_advantages_potter0_20": 1.0}
[pair_C] {"steps": 1875968, "elapsed_s": 1134.0, "forced_coordination_sparse20": 0.0, "forced_coordination_potter0_20": 1.0, "asymmetric_advantages_sparse20": 128.0, "asymmetric_advantages_potter0_20": 1.0}
[pair_C] {"steps": 1878016, "elapsed_s": 1135.1, "forced_coordination_sparse20": 0.0, "forced_coordination_potter0_20": 1.0, "asymmetric_advantages_sparse20": 123.0, "asymmetric_advantages_potter0_20": 1.0}
[pair_C] {"steps": 1880064, "elapsed_s": 1136.2, "forced_coordination_sparse20": 0.0, "forced_coordination_potter0_20": 1.0, "asymmetric_advantages_sparse20": 123.0, "asymmetric_advantages_potter0_20": 1.0}
[pair_C] {"steps": 1882112, "elapsed_s": 1137.5, "forced_coordination_sparse20": 0.0, "forced_coordination_potter0_20": 1.0, "asymmetric_advantages_sparse20": 123.0, "asymmetric_advantages_potter0_20": 1.0}
[pair_C] {"steps": 1884160, "elapsed_s": 1138.8, "forced_coordination_sparse20": 0.0, "forced_coordination_potter0_20": 1.0, "asymmetric_advantages_sparse20": 116.0, "asymmetric_advantages_potter0_20": 1.0}
[pair_C] {"steps": 1886208, "elapsed_s": 1139.9, "forced_coordination_sparse20": 0.0, "forced_coordination_potter0_20": 1.0, "asymmetric_advantages_sparse20": 116.0, "asymmetric_advantages_potter0_20": 1.0}
[pair_C] {"steps": 1888256, "elapsed_s": 1141.1, "forced_coordination_sparse20": 0.0, "forced_coordination_potter0_20": 1.0, "asymmetric_advantages_sparse20": 115.0, "asymmetric_advantages_potter0_20": 1.0}
[pair_C] {"steps": 1890304, "elapsed_s": 1142.3, "forced_coordination_sparse20": 0.0, "forced_coordination_potter0_20": 1.0, "asymmetric_advantages_sparse20": 111.0, "asymmetric_advantages_potter0_20": 1.0}
[pair_C] {"steps": 1892352, "elapsed_s": 1143.4, "forced_coordination_sparse20": 0.0, "forced_coordination_potter0_20": 1.0, "asymmetric_advantages_sparse20": 109.0, "asymmetric_advantages_potter0_20": 1.0}
[pair_C] {"steps": 1894400, "elapsed_s": 1144.5, "forced_coordination_sparse20": 0.0, "forced_coordination_potter0_20": 1.0, "asymmetric_advantages_sparse20": 110.0, "asymmetric_advantages_potter0_20": 1.0}
[pair_C] {"steps": 1896448, "elapsed_s": 1145.7, "forced_coordination_sparse20": 0.0, "forced_coordination_potter0_20": 1.0, "asymmetric_advantages_sparse20": 109.0, "asymmetric_advantages_potter0_20": 1.0}
[pair_C] {"steps": 1898496, "elapsed_s": 1147.0, "forced_coordination_sparse20": 0.0, "forced_coordination_potter0_20": 1.0, "asymmetric_advantages_sparse20": 95.0, "asymmetric_advantages_potter0_20": 0.95}
[pair_C] {"steps": 1900544, "elapsed_s": 1148.1, "forced_coordination_sparse20": 0.0, "forced_coordination_potter0_20": 1.0, "asymmetric_advantages_sparse20": 92.0, "asymmetric_advantages_potter0_20": 0.95}
[pair_C] {"steps": 1902592, "elapsed_s": 1149.3, "forced_coordination_sparse20": 0.0, "forced_coordination_potter0_20": 1.0, "asymmetric_advantages_sparse20": 90.0, "asymmetric_advantages_potter0_20": 0.95}
[pair_C] {"steps": 1904640, "elapsed_s": 1150.4, "forced_coordination_sparse20": 0.0, "forced_coordination_potter0_20": 1.0, "asymmetric_advantages_sparse20": 88.0, "asymmetric_advantages_potter0_20": 0.95}
[pair_C] {"steps": 1906688, "elapsed_s": 1151.6, "forced_coordination_sparse20": 0.0, "forced_coordination_potter0_20": 1.0, "asymmetric_advantages_sparse20": 76.0, "asymmetric_advantages_potter0_20": 0.95}
[pair_C] {"steps": 1908736, "elapsed_s": 1152.9, "forced_coordination_sparse20": 0.0, "forced_coordination_potter0_20": 1.0, "asymmetric_advantages_sparse20": 60.0, "asymmetric_advantages_potter0_20": 0.95}
[pair_C] {"steps": 1910784, "elapsed_s": 1154.1, "forced_coordination_sparse20": 0.0, "forced_coordination_potter0_20": 1.0, "asymmetric_advantages_sparse20": 43.0, "asymmetric_advantages_potter0_20": 0.95}
[pair_C] {"steps": 1912832, "elapsed_s": 1155.3, "forced_coordination_sparse20": 0.0, "forced_coordination_potter0_20": 1.0, "asymmetric_advantages_sparse20": 28.0, "asymmetric_advantages_potter0_20": 0.95}
[pair_C] {"steps": 1914880, "elapsed_s": 1156.5, "forced_coordination_sparse20": 0.0, "forced_coordination_potter0_20": 1.0, "asymmetric_advantages_sparse20": 22.0, "asymmetric_advantages_potter0_20": 1.0}
[pair_C] {"steps": 1916928, "elapsed_s": 1157.7, "forced_coordination_sparse20": 0.0, "forced_coordination_potter0_20": 1.0, "asymmetric_advantages_sparse20": 20.0, "asymmetric_advantages_potter0_20": 0.95}
[pair_C] {"steps": 1918976, "elapsed_s": 1158.9, "forced_coordination_sparse20": 0.0, "forced_coordination_potter0_20": 1.0, "asymmetric_advantages_sparse20": 19.0, "asymmetric_advantages_potter0_20": 0.95}
[pair_C] {"steps": 1921024, "elapsed_s": 1160.0, "forced_coordination_sparse20": 0.0, "forced_coordination_potter0_20": 1.0, "asymmetric_advantages_sparse20": 19.0, "asymmetric_advantages_potter0_20": 0.95}
[pair_C] {"steps": 1923072, "elapsed_s": 1161.2, "forced_coordination_sparse20": 0.0, "forced_coordination_potter0_20": 1.0, "asymmetric_advantages_sparse20": 20.0, "asymmetric_advantages_potter0_20": 0.95}
[pair_C] {"steps": 1925120, "elapsed_s": 1162.4, "forced_coordination_sparse20": 0.0, "forced_coordination_potter0_20": 1.0, "asymmetric_advantages_sparse20": 21.0, "asymmetric_advantages_potter0_20": 0.95}
[pair_C] {"steps": 1927168, "elapsed_s": 1163.6, "forced_coordination_sparse20": 0.0, "forced_coordination_potter0_20": 1.0, "asymmetric_advantages_sparse20": 23.0, "asymmetric_advantages_potter0_20": 0.85}
[pair_C] {"steps": 1929216, "elapsed_s": 1164.8, "forced_coordination_sparse20": 0.0, "forced_coordination_potter0_20": 1.0, "asymmetric_advantages_sparse20": 27.0, "asymmetric_advantages_potter0_20": 0.85}
[pair_C] {"steps": 1931264, "elapsed_s": 1166.0, "forced_coordination_sparse20": 0.0, "forced_coordination_potter0_20": 1.0, "asymmetric_advantages_sparse20": 30.0, "asymmetric_advantages_potter0_20": 0.85}
[pair_C] {"steps": 1933312, "elapsed_s": 1167.2, "forced_coordination_sparse20": 0.0, "forced_coordination_potter0_20": 1.0, "asymmetric_advantages_sparse20": 36.0, "asymmetric_advantages_potter0_20": 0.85}
[pair_C] {"steps": 1935360, "elapsed_s": 1168.4, "forced_coordination_sparse20": 0.0, "forced_coordination_potter0_20": 1.0, "asymmetric_advantages_sparse20": 40.0, "asymmetric_advantages_potter0_20": 0.9}
[pair_C] {"steps": 1937408, "elapsed_s": 1169.6, "forced_coordination_sparse20": 0.0, "forced_coordination_potter0_20": 1.0, "asymmetric_advantages_sparse20": 39.0, "asymmetric_advantages_potter0_20": 0.85}
[pair_C] {"steps": 1939456, "elapsed_s": 1170.9, "forced_coordination_sparse20": 0.0, "forced_coordination_potter0_20": 1.0, "asymmetric_advantages_sparse20": 44.0, "asymmetric_advantages_potter0_20": 0.85}
[pair_C] {"steps": 1941504, "elapsed_s": 1172.3, "forced_coordination_sparse20": 0.0, "forced_coordination_potter0_20": 1.0, "asymmetric_advantages_sparse20": 52.0, "asymmetric_advantages_potter0_20": 0.85}
[pair_C] {"steps": 1943552, "elapsed_s": 1173.8, "forced_coordination_sparse20": 0.0, "forced_coordination_potter0_20": 1.0, "asymmetric_advantages_sparse20": 53.0, "asymmetric_advantages_potter0_20": 0.8}
[pair_C] {"steps": 1945600, "elapsed_s": 1175.2, "forced_coordination_sparse20": 0.0, "forced_coordination_potter0_20": 1.0, "asymmetric_advantages_sparse20": 61.0, "asymmetric_advantages_potter0_20": 0.9}
[pair_C] {"steps": 1947648, "elapsed_s": 1176.4, "forced_coordination_sparse20": 0.0, "forced_coordination_potter0_20": 1.0, "asymmetric_advantages_sparse20": 65.0, "asymmetric_advantages_potter0_20": 0.9}
[pair_C] {"steps": 1949696, "elapsed_s": 1177.7, "forced_coordination_sparse20": 0.0, "forced_coordination_potter0_20": 1.0, "asymmetric_advantages_sparse20": 66.0, "asymmetric_advantages_potter0_20": 0.9}
[pair_C] {"steps": 1951744, "elapsed_s": 1178.8, "forced_coordination_sparse20": 0.0, "forced_coordination_potter0_20": 1.0, "asymmetric_advantages_sparse20": 66.0, "asymmetric_advantages_potter0_20": 0.9}
[pair_C] {"steps": 1953792, "elapsed_s": 1180.0, "forced_coordination_sparse20": 0.0, "forced_coordination_potter0_20": 1.0, "asymmetric_advantages_sparse20": 69.0, "asymmetric_advantages_potter0_20": 0.95}
[pair_C] {"steps": 1955840, "elapsed_s": 1181.2, "forced_coordination_sparse20": 0.0, "forced_coordination_potter0_20": 1.0, "asymmetric_advantages_sparse20": 67.0, "asymmetric_advantages_potter0_20": 0.95}
[pair_C] {"steps": 1957888, "elapsed_s": 1182.5, "forced_coordination_sparse20": 0.0, "forced_coordination_potter0_20": 1.0, "asymmetric_advantages_sparse20": 64.0, "asymmetric_advantages_potter0_20": 1.0}
[pair_C] {"steps": 1959936, "elapsed_s": 1183.7, "forced_coordination_sparse20": 0.0, "forced_coordination_potter0_20": 1.0, "asymmetric_advantages_sparse20": 63.0, "asymmetric_advantages_potter0_20": 1.0}
[pair_C] {"steps": 1961984, "elapsed_s": 1184.9, "forced_coordination_sparse20": 0.0, "forced_coordination_potter0_20": 1.0, "asymmetric_advantages_sparse20": 56.0, "asymmetric_advantages_potter0_20": 1.0}
[pair_C] {"steps": 1964032, "elapsed_s": 1186.0, "forced_coordination_sparse20": 0.0, "forced_coordination_potter0_20": 1.0, "asymmetric_advantages_sparse20": 56.0, "asymmetric_advantages_potter0_20": 1.0}
[pair_C] {"steps": 1966080, "elapsed_s": 1187.3, "forced_coordination_sparse20": 0.0, "forced_coordination_potter0_20": 1.0, "asymmetric_advantages_sparse20": 54.0, "asymmetric_advantages_potter0_20": 1.0}
[pair_C] {"steps": 1968128, "elapsed_s": 1188.8, "forced_coordination_sparse20": 0.0, "forced_coordination_potter0_20": 1.0, "asymmetric_advantages_sparse20": 59.0, "asymmetric_advantages_potter0_20": 1.0}
[pair_C] {"steps": 1970176, "elapsed_s": 1190.3, "forced_coordination_sparse20": 0.0, "forced_coordination_potter0_20": 1.0, "asymmetric_advantages_sparse20": 65.0, "asymmetric_advantages_potter0_20": 1.0}
[pair_C] {"steps": 1972224, "elapsed_s": 1191.5, "forced_coordination_sparse20": 0.0, "forced_coordination_potter0_20": 1.0, "asymmetric_advantages_sparse20": 67.0, "asymmetric_advantages_potter0_20": 1.0}
[pair_C] {"steps": 1974272, "elapsed_s": 1192.8, "forced_coordination_sparse20": 0.0, "forced_coordination_potter0_20": 1.0, "asymmetric_advantages_sparse20": 74.0, "asymmetric_advantages_potter0_20": 1.0}
[pair_C] {"steps": 1976320, "elapsed_s": 1194.1, "forced_coordination_sparse20": 0.0, "forced_coordination_potter0_20": 1.0, "asymmetric_advantages_sparse20": 73.0, "asymmetric_advantages_potter0_20": 1.0}
[pair_C] {"steps": 1978368, "elapsed_s": 1195.6, "forced_coordination_sparse20": 0.0, "forced_coordination_potter0_20": 1.0, "asymmetric_advantages_sparse20": 73.0, "asymmetric_advantages_potter0_20": 1.0}
[pair_C] {"steps": 1980416, "elapsed_s": 1197.1, "forced_coordination_sparse20": 0.0, "forced_coordination_potter0_20": 1.0, "asymmetric_advantages_sparse20": 78.0, "asymmetric_advantages_potter0_20": 1.0}
[pair_C] {"steps": 1982464, "elapsed_s": 1198.7, "forced_coordination_sparse20": 0.0, "forced_coordination_potter0_20": 1.0, "asymmetric_advantages_sparse20": 80.0, "asymmetric_advantages_potter0_20": 1.0}
[pair_C] {"steps": 1984512, "elapsed_s": 1200.1, "forced_coordination_sparse20": 0.0, "forced_coordination_potter0_20": 1.0, "asymmetric_advantages_sparse20": 73.0, "asymmetric_advantages_potter0_20": 1.0}
[pair_C] {"steps": 1986560, "elapsed_s": 1201.3, "forced_coordination_sparse20": 0.0, "forced_coordination_potter0_20": 1.0, "asymmetric_advantages_sparse20": 75.0, "asymmetric_advantages_potter0_20": 1.0}
[pair_C] {"steps": 1988608, "elapsed_s": 1202.5, "forced_coordination_sparse20": 0.0, "forced_coordination_potter0_20": 1.0, "asymmetric_advantages_sparse20": 81.0, "asymmetric_advantages_potter0_20": 1.0}
[pair_C] {"steps": 1990656, "elapsed_s": 1203.6, "forced_coordination_sparse20": 0.0, "forced_coordination_potter0_20": 1.0, "asymmetric_advantages_sparse20": 81.0, "asymmetric_advantages_potter0_20": 1.0}
[pair_C] {"steps": 1992704, "elapsed_s": 1204.9, "forced_coordination_sparse20": 0.0, "forced_coordination_potter0_20": 1.0, "asymmetric_advantages_sparse20": 80.0, "asymmetric_advantages_potter0_20": 1.0}
[pair_C] {"steps": 1994752, "elapsed_s": 1206.2, "forced_coordination_sparse20": 0.0, "forced_coordination_potter0_20": 1.0, "asymmetric_advantages_sparse20": 90.0, "asymmetric_advantages_potter0_20": 1.0}
[pair_C] {"steps": 1996800, "elapsed_s": 1207.4, "forced_coordination_sparse20": 0.0, "forced_coordination_potter0_20": 1.0, "asymmetric_advantages_sparse20": 86.0, "asymmetric_advantages_potter0_20": 1.0}
[pair_C] {"steps": 1998848, "elapsed_s": 1208.8, "forced_coordination_sparse20": 0.0, "forced_coordination_potter0_20": 1.0, "asymmetric_advantages_sparse20": 85.0, "asymmetric_advantages_potter0_20": 1.0}
[pair_C] {"steps": 2000896, "elapsed_s": 1210.4, "forced_coordination_sparse20": 0.0, "forced_coordination_potter0_20": 1.0, "asymmetric_advantages_sparse20": 85.0, "asymmetric_advantages_potter0_20": 1.0}
[pair_C] {"steps": 2002944, "elapsed_s": 1211.8, "forced_coordination_sparse20": 0.0, "forced_coordination_potter0_20": 1.0, "asymmetric_advantages_sparse20": 84.0, "asymmetric_advantages_potter0_20": 1.0}
[pair_C] {"steps": 2004992, "elapsed_s": 1213.0, "forced_coordination_sparse20": 0.0, "forced_coordination_potter0_20": 1.0, "asymmetric_advantages_sparse20": 83.0, "asymmetric_advantages_potter0_20": 1.0}
[pair_C] {"steps": 2007040, "elapsed_s": 1214.3, "forced_coordination_sparse20": 0.0, "forced_coordination_potter0_20": 1.0, "asymmetric_advantages_sparse20": 78.0, "asymmetric_advantages_potter0_20": 1.0}
[pair_C] {"steps": 2009088, "elapsed_s": 1215.5, "forced_coordination_sparse20": 0.0, "forced_coordination_potter0_20": 1.0, "asymmetric_advantages_sparse20": 72.0, "asymmetric_advantages_potter0_20": 1.0}
[pair_C] {"steps": 2011136, "elapsed_s": 1216.7, "forced_coordination_sparse20": 0.0, "forced_coordination_potter0_20": 1.0, "asymmetric_advantages_sparse20": 71.0, "asymmetric_advantages_potter0_20": 1.0}
[pair_C] {"steps": 2013184, "elapsed_s": 1217.9, "forced_coordination_sparse20": 0.0, "forced_coordination_potter0_20": 1.0, "asymmetric_advantages_sparse20": 69.0, "asymmetric_advantages_potter0_20": 1.0}
[pair_C] {"steps": 2015232, "elapsed_s": 1219.1, "forced_coordination_sparse20": 0.0, "forced_coordination_potter0_20": 1.0, "asymmetric_advantages_sparse20": 72.0, "asymmetric_advantages_potter0_20": 1.0}
[pair_C] {"steps": 2017280, "elapsed_s": 1220.3, "forced_coordination_sparse20": 0.0, "forced_coordination_potter0_20": 1.0, "asymmetric_advantages_sparse20": 72.0, "asymmetric_advantages_potter0_20": 1.0}
[pair_C] {"steps": 2019328, "elapsed_s": 1221.5, "forced_coordination_sparse20": 0.0, "forced_coordination_potter0_20": 1.0, "asymmetric_advantages_sparse20": 69.0, "asymmetric_advantages_potter0_20": 1.0}
[pair_C] {"steps": 2021376, "elapsed_s": 1222.8, "forced_coordination_sparse20": 0.0, "forced_coordination_potter0_20": 1.0, "asymmetric_advantages_sparse20": 66.0, "asymmetric_advantages_potter0_20": 1.0}
[pair_C] {"steps": 2023424, "elapsed_s": 1224.0, "forced_coordination_sparse20": 0.0, "forced_coordination_potter0_20": 1.0, "asymmetric_advantages_sparse20": 61.0, "asymmetric_advantages_potter0_20": 1.0}
[pair_C] {"steps": 2025472, "elapsed_s": 1225.4, "forced_coordination_sparse20": 0.0, "forced_coordination_potter0_20": 1.0, "asymmetric_advantages_sparse20": 60.0, "asymmetric_advantages_potter0_20": 1.0}
[pair_C] {"steps": 2027520, "elapsed_s": 1226.8, "forced_coordination_sparse20": 0.0, "forced_coordination_potter0_20": 1.0, "asymmetric_advantages_sparse20": 63.0, "asymmetric_advantages_potter0_20": 1.0}
[pair_C] {"steps": 2029568, "elapsed_s": 1228.3, "forced_coordination_sparse20": 0.0, "forced_coordination_potter0_20": 1.0, "asymmetric_advantages_sparse20": 61.0, "asymmetric_advantages_potter0_20": 1.0}
[pair_C] {"steps": 2031616, "elapsed_s": 1229.6, "forced_coordination_sparse20": 0.0, "forced_coordination_potter0_20": 1.0, "asymmetric_advantages_sparse20": 55.0, "asymmetric_advantages_potter0_20": 1.0}
[pair_C] {"steps": 2033664, "elapsed_s": 1231.1, "forced_coordination_sparse20": 0.0, "forced_coordination_potter0_20": 1.0, "asymmetric_advantages_sparse20": 64.0, "asymmetric_advantages_potter0_20": 1.0}
[pair_C] {"steps": 2035712, "elapsed_s": 1232.5, "forced_coordination_sparse20": 0.0, "forced_coordination_potter0_20": 1.0, "asymmetric_advantages_sparse20": 67.0, "asymmetric_advantages_potter0_20": 1.0}
[pair_C] {"steps": 2037760, "elapsed_s": 1233.8, "forced_coordination_sparse20": 0.0, "forced_coordination_potter0_20": 1.0, "asymmetric_advantages_sparse20": 69.0, "asymmetric_advantages_potter0_20": 1.0}
[pair_C] {"steps": 2039808, "elapsed_s": 1235.0, "forced_coordination_sparse20": 0.0, "forced_coordination_potter0_20": 1.0, "asymmetric_advantages_sparse20": 78.0, "asymmetric_advantages_potter0_20": 1.0}
[pair_C] {"steps": 2041856, "elapsed_s": 1236.3, "forced_coordination_sparse20": 0.0, "forced_coordination_potter0_20": 1.0, "asymmetric_advantages_sparse20": 85.0, "asymmetric_advantages_potter0_20": 1.0}
[pair_C] {"steps": 2043904, "elapsed_s": 1237.5, "forced_coordination_sparse20": 0.0, "forced_coordination_potter0_20": 1.0, "asymmetric_advantages_sparse20": 86.0, "asymmetric_advantages_potter0_20": 1.0}
[pair_C] {"steps": 2045952, "elapsed_s": 1238.7, "forced_coordination_sparse20": 0.0, "forced_coordination_potter0_20": 1.0, "asymmetric_advantages_sparse20": 91.0, "asymmetric_advantages_potter0_20": 1.0}
[pair_C] {"steps": 2048000, "elapsed_s": 1239.9, "forced_coordination_sparse20": 0.0, "forced_coordination_potter0_20": 1.0, "asymmetric_advantages_sparse20": 90.0, "asymmetric_advantages_potter0_20": 1.0}
[pair_C] {"steps": 2050048, "elapsed_s": 1241.1, "forced_coordination_sparse20": 0.0, "forced_coordination_potter0_20": 1.0, "asymmetric_advantages_sparse20": 93.0, "asymmetric_advantages_potter0_20": 1.0}
[pair_C] {"steps": 2052096, "elapsed_s": 1242.5, "forced_coordination_sparse20": 0.0, "forced_coordination_potter0_20": 1.0, "asymmetric_advantages_sparse20": 96.0, "asymmetric_advantages_potter0_20": 1.0}
[pair_C] {"steps": 2054144, "elapsed_s": 1243.7, "forced_coordination_sparse20": 0.0, "forced_coordination_potter0_20": 1.0, "asymmetric_advantages_sparse20": 97.0, "asymmetric_advantages_potter0_20": 1.0}
[pair_C] {"steps": 2056192, "elapsed_s": 1244.9, "forced_coordination_sparse20": 0.0, "forced_coordination_potter0_20": 1.0, "asymmetric_advantages_sparse20": 97.0, "asymmetric_advantages_potter0_20": 1.0}
[pair_C] {"steps": 2058240, "elapsed_s": 1246.5, "forced_coordination_sparse20": 0.0, "forced_coordination_potter0_20": 1.0, "asymmetric_advantages_sparse20": 95.0, "asymmetric_advantages_potter0_20": 1.0}
[pair_C] {"steps": 2060288, "elapsed_s": 1248.1, "forced_coordination_sparse20": 0.0, "forced_coordination_potter0_20": 1.0, "asymmetric_advantages_sparse20": 95.0, "asymmetric_advantages_potter0_20": 1.0}
[pair_C] {"steps": 2062336, "elapsed_s": 1249.5, "forced_coordination_sparse20": 0.0, "forced_coordination_potter0_20": 1.0, "asymmetric_advantages_sparse20": 105.0, "asymmetric_advantages_potter0_20": 1.0}
[pair_C] {"steps": 2064384, "elapsed_s": 1250.6, "forced_coordination_sparse20": 0.0, "forced_coordination_potter0_20": 1.0, "asymmetric_advantages_sparse20": 106.0, "asymmetric_advantages_potter0_20": 1.0}
[pair_C] {"steps": 2066432, "elapsed_s": 1252.0, "forced_coordination_sparse20": 0.0, "forced_coordination_potter0_20": 1.0, "asymmetric_advantages_sparse20": 99.0, "asymmetric_advantages_potter0_20": 1.0}
[pair_C] {"steps": 2068480, "elapsed_s": 1253.3, "forced_coordination_sparse20": 0.0, "forced_coordination_potter0_20": 1.0, "asymmetric_advantages_sparse20": 101.0, "asymmetric_advantages_potter0_20": 1.0}
[pair_C] {"steps": 2070528, "elapsed_s": 1254.5, "forced_coordination_sparse20": 0.0, "forced_coordination_potter0_20": 1.0, "asymmetric_advantages_sparse20": 100.0, "asymmetric_advantages_potter0_20": 1.0}
[pair_C] {"steps": 2072576, "elapsed_s": 1255.7, "forced_coordination_sparse20": 0.0, "forced_coordination_potter0_20": 1.0, "asymmetric_advantages_sparse20": 103.0, "asymmetric_advantages_potter0_20": 1.0}
[pair_C] {"steps": 2074624, "elapsed_s": 1257.2, "forced_coordination_sparse20": 0.0, "forced_coordination_potter0_20": 1.0, "asymmetric_advantages_sparse20": 108.0, "asymmetric_advantages_potter0_20": 1.0}
[pair_C] {"steps": 2076672, "elapsed_s": 1258.7, "forced_coordination_sparse20": 0.0, "forced_coordination_potter0_20": 1.0, "asymmetric_advantages_sparse20": 114.0, "asymmetric_advantages_potter0_20": 1.0}
[pair_C] {"steps": 2078720, "elapsed_s": 1260.3, "forced_coordination_sparse20": 0.0, "forced_coordination_potter0_20": 1.0, "asymmetric_advantages_sparse20": 102.0, "asymmetric_advantages_potter0_20": 1.0}
[pair_C] {"steps": 2080768, "elapsed_s": 1261.7, "forced_coordination_sparse20": 0.0, "forced_coordination_potter0_20": 1.0, "asymmetric_advantages_sparse20": 100.0, "asymmetric_advantages_potter0_20": 1.0}
[pair_C] {"steps": 2082816, "elapsed_s": 1263.0, "forced_coordination_sparse20": 0.0, "forced_coordination_potter0_20": 1.0, "asymmetric_advantages_sparse20": 99.0, "asymmetric_advantages_potter0_20": 1.0}
[pair_C] {"steps": 2084864, "elapsed_s": 1264.1, "forced_coordination_sparse20": 0.0, "forced_coordination_potter0_20": 1.0, "asymmetric_advantages_sparse20": 101.0, "asymmetric_advantages_potter0_20": 1.0}
[pair_C] {"steps": 2086912, "elapsed_s": 1265.3, "forced_coordination_sparse20": 0.0, "forced_coordination_potter0_20": 1.0, "asymmetric_advantages_sparse20": 105.0, "asymmetric_advantages_potter0_20": 1.0}
[pair_C] {"steps": 2088960, "elapsed_s": 1266.5, "forced_coordination_sparse20": 0.0, "forced_coordination_potter0_20": 1.0, "asymmetric_advantages_sparse20": 113.0, "asymmetric_advantages_potter0_20": 1.0}
[pair_C] {"steps": 2091008, "elapsed_s": 1267.7, "forced_coordination_sparse20": 0.0, "forced_coordination_potter0_20": 1.0, "asymmetric_advantages_sparse20": 108.0, "asymmetric_advantages_potter0_20": 1.0}
[pair_C] {"steps": 2093056, "elapsed_s": 1268.9, "forced_coordination_sparse20": 0.0, "forced_coordination_potter0_20": 1.0, "asymmetric_advantages_sparse20": 100.0, "asymmetric_advantages_potter0_20": 1.0}
[pair_C] {"steps": 2095104, "elapsed_s": 1270.2, "forced_coordination_sparse20": 0.0, "forced_coordination_potter0_20": 1.0, "asymmetric_advantages_sparse20": 96.0, "asymmetric_advantages_potter0_20": 1.0}
[pair_C] {"steps": 2097152, "elapsed_s": 1271.4, "forced_coordination_sparse20": 0.0, "forced_coordination_potter0_20": 1.0, "asymmetric_advantages_sparse20": 106.0, "asymmetric_advantages_potter0_20": 1.0}
[pair_C] {"steps": 2099200, "elapsed_s": 1272.6, "forced_coordination_sparse20": 0.0, "forced_coordination_potter0_20": 1.0, "asymmetric_advantages_sparse20": 115.0, "asymmetric_advantages_potter0_20": 1.0}
[pair_C] {"steps": 2101248, "elapsed_s": 1273.7, "forced_coordination_sparse20": 0.0, "forced_coordination_potter0_20": 1.0, "asymmetric_advantages_sparse20": 115.0, "asymmetric_advantages_potter0_20": 1.0}
[pair_C] {"steps": 2103296, "elapsed_s": 1275.0, "forced_coordination_sparse20": 0.0, "forced_coordination_potter0_20": 1.0, "asymmetric_advantages_sparse20": 119.0, "asymmetric_advantages_potter0_20": 1.0}
[pair_C] {"steps": 2105344, "elapsed_s": 1276.2, "forced_coordination_sparse20": 0.0, "forced_coordination_potter0_20": 1.0, "asymmetric_advantages_sparse20": 108.0, "asymmetric_advantages_potter0_20": 1.0}
[pair_C] {"steps": 2107392, "elapsed_s": 1277.4, "forced_coordination_sparse20": 0.0, "forced_coordination_potter0_20": 1.0, "asymmetric_advantages_sparse20": 109.0, "asymmetric_advantages_potter0_20": 1.0}
[pair_C] {"steps": 2109440, "elapsed_s": 1278.7, "forced_coordination_sparse20": 0.0, "forced_coordination_potter0_20": 1.0, "asymmetric_advantages_sparse20": 113.0, "asymmetric_advantages_potter0_20": 1.0}
[pair_C] {"steps": 2111488, "elapsed_s": 1279.9, "forced_coordination_sparse20": 0.0, "forced_coordination_potter0_20": 1.0, "asymmetric_advantages_sparse20": 109.0, "asymmetric_advantages_potter0_20": 1.0}
[pair_C] {"steps": 2113536, "elapsed_s": 1281.1, "forced_coordination_sparse20": 0.0, "forced_coordination_potter0_20": 1.0, "asymmetric_advantages_sparse20": 112.0, "asymmetric_advantages_potter0_20": 1.0}
[pair_C] {"steps": 2115584, "elapsed_s": 1282.2, "forced_coordination_sparse20": 0.0, "forced_coordination_potter0_20": 1.0, "asymmetric_advantages_sparse20": 114.0, "asymmetric_advantages_potter0_20": 1.0}
[pair_C] {"steps": 2117632, "elapsed_s": 1283.4, "forced_coordination_sparse20": 0.0, "forced_coordination_potter0_20": 1.0, "asymmetric_advantages_sparse20": 111.0, "asymmetric_advantages_potter0_20": 1.0}
[pair_C] {"steps": 2119680, "elapsed_s": 1284.7, "forced_coordination_sparse20": 0.0, "forced_coordination_potter0_20": 1.0, "asymmetric_advantages_sparse20": 108.0, "asymmetric_advantages_potter0_20": 1.0}
[pair_C] {"steps": 2121728, "elapsed_s": 1286.2, "forced_coordination_sparse20": 0.0, "forced_coordination_potter0_20": 1.0, "asymmetric_advantages_sparse20": 106.0, "asymmetric_advantages_potter0_20": 1.0}
[pair_C] {"steps": 2123776, "elapsed_s": 1287.7, "forced_coordination_sparse20": 0.0, "forced_coordination_potter0_20": 1.0, "asymmetric_advantages_sparse20": 110.0, "asymmetric_advantages_potter0_20": 1.0}
[pair_C] {"steps": 2125824, "elapsed_s": 1288.8, "forced_coordination_sparse20": 0.0, "forced_coordination_potter0_20": 1.0, "asymmetric_advantages_sparse20": 112.0, "asymmetric_advantages_potter0_20": 1.0}
[pair_C] {"steps": 2127872, "elapsed_s": 1290.1, "forced_coordination_sparse20": 0.0, "forced_coordination_potter0_20": 1.0, "asymmetric_advantages_sparse20": 118.0, "asymmetric_advantages_potter0_20": 1.0}
[pair_C] {"steps": 2129920, "elapsed_s": 1291.3, "forced_coordination_sparse20": 0.0, "forced_coordination_potter0_20": 1.0, "asymmetric_advantages_sparse20": 118.0, "asymmetric_advantages_potter0_20": 1.0}
[pair_C] {"steps": 2131968, "elapsed_s": 1292.5, "forced_coordination_sparse20": 0.0, "forced_coordination_potter0_20": 1.0, "asymmetric_advantages_sparse20": 116.0, "asymmetric_advantages_potter0_20": 1.0}
[pair_C] {"steps": 2134016, "elapsed_s": 1293.7, "forced_coordination_sparse20": 0.0, "forced_coordination_potter0_20": 1.0, "asymmetric_advantages_sparse20": 111.0, "asymmetric_advantages_potter0_20": 1.0}
[pair_C] {"steps": 2136064, "elapsed_s": 1295.0, "forced_coordination_sparse20": 0.0, "forced_coordination_potter0_20": 1.0, "asymmetric_advantages_sparse20": 106.0, "asymmetric_advantages_potter0_20": 1.0}
[pair_C] {"steps": 2138112, "elapsed_s": 1296.5, "forced_coordination_sparse20": 0.0, "forced_coordination_potter0_20": 1.0, "asymmetric_advantages_sparse20": 102.0, "asymmetric_advantages_potter0_20": 1.0}
[pair_C] {"steps": 2140160, "elapsed_s": 1298.1, "forced_coordination_sparse20": 0.0, "forced_coordination_potter0_20": 1.0, "asymmetric_advantages_sparse20": 106.0, "asymmetric_advantages_potter0_20": 1.0}
[pair_C] {"steps": 2142208, "elapsed_s": 1299.3, "forced_coordination_sparse20": 0.0, "forced_coordination_potter0_20": 1.0, "asymmetric_advantages_sparse20": 97.0, "asymmetric_advantages_potter0_20": 1.0}
[pair_C] {"steps": 2144256, "elapsed_s": 1300.5, "forced_coordination_sparse20": 0.0, "forced_coordination_potter0_20": 1.0, "asymmetric_advantages_sparse20": 103.0, "asymmetric_advantages_potter0_20": 1.0}
[pair_C] {"steps": 2146304, "elapsed_s": 1301.7, "forced_coordination_sparse20": 0.0, "forced_coordination_potter0_20": 1.0, "asymmetric_advantages_sparse20": 108.0, "asymmetric_advantages_potter0_20": 1.0}
[pair_C] {"steps": 2148352, "elapsed_s": 1302.9, "forced_coordination_sparse20": 0.0, "forced_coordination_potter0_20": 1.0, "asymmetric_advantages_sparse20": 112.0, "asymmetric_advantages_potter0_20": 1.0}
[pair_C] {"steps": 2150400, "elapsed_s": 1304.1, "forced_coordination_sparse20": 0.0, "forced_coordination_potter0_20": 1.0, "asymmetric_advantages_sparse20": 115.0, "asymmetric_advantages_potter0_20": 1.0}
[pair_C] {"steps": 2152448, "elapsed_s": 1305.3, "forced_coordination_sparse20": 0.0, "forced_coordination_potter0_20": 1.0, "asymmetric_advantages_sparse20": 118.0, "asymmetric_advantages_potter0_20": 1.0}
[pair_C] {"steps": 2154496, "elapsed_s": 1306.5, "forced_coordination_sparse20": 0.0, "forced_coordination_potter0_20": 1.0, "asymmetric_advantages_sparse20": 114.0, "asymmetric_advantages_potter0_20": 1.0}
[pair_C] {"steps": 2156544, "elapsed_s": 1307.7, "forced_coordination_sparse20": 0.0, "forced_coordination_potter0_20": 1.0, "asymmetric_advantages_sparse20": 117.0, "asymmetric_advantages_potter0_20": 1.0}
[pair_C] {"steps": 2158592, "elapsed_s": 1308.9, "forced_coordination_sparse20": 0.0, "forced_coordination_potter0_20": 1.0, "asymmetric_advantages_sparse20": 113.0, "asymmetric_advantages_potter0_20": 1.0}
[pair_C] {"steps": 2160640, "elapsed_s": 1310.2, "forced_coordination_sparse20": 0.0, "forced_coordination_potter0_20": 1.0, "asymmetric_advantages_sparse20": 98.0, "asymmetric_advantages_potter0_20": 1.0}
[pair_C] {"steps": 2162688, "elapsed_s": 1311.4, "forced_coordination_sparse20": 0.0, "forced_coordination_potter0_20": 1.0, "asymmetric_advantages_sparse20": 85.0, "asymmetric_advantages_potter0_20": 1.0}
[pair_C] {"steps": 2164736, "elapsed_s": 1312.6, "forced_coordination_sparse20": 0.0, "forced_coordination_potter0_20": 1.0, "asymmetric_advantages_sparse20": 82.0, "asymmetric_advantages_potter0_20": 1.0}
[pair_C] {"steps": 2166784, "elapsed_s": 1314.2, "forced_coordination_sparse20": 0.0, "forced_coordination_potter0_20": 1.0, "asymmetric_advantages_sparse20": 79.0, "asymmetric_advantages_potter0_20": 1.0}
[pair_C] {"steps": 2168832, "elapsed_s": 1315.7, "forced_coordination_sparse20": 0.0, "forced_coordination_potter0_20": 1.0, "asymmetric_advantages_sparse20": 76.0, "asymmetric_advantages_potter0_20": 1.0}
[pair_C] {"steps": 2170880, "elapsed_s": 1316.8, "forced_coordination_sparse20": 0.0, "forced_coordination_potter0_20": 1.0, "asymmetric_advantages_sparse20": 78.0, "asymmetric_advantages_potter0_20": 1.0}
[pair_C] {"steps": 2172928, "elapsed_s": 1318.0, "forced_coordination_sparse20": 0.0, "forced_coordination_potter0_20": 1.0, "asymmetric_advantages_sparse20": 74.0, "asymmetric_advantages_potter0_20": 1.0}
[pair_C] {"steps": 2174976, "elapsed_s": 1319.2, "forced_coordination_sparse20": 0.0, "forced_coordination_potter0_20": 1.0, "asymmetric_advantages_sparse20": 84.0, "asymmetric_advantages_potter0_20": 1.0}
[pair_C] {"steps": 2177024, "elapsed_s": 1320.4, "forced_coordination_sparse20": 0.0, "forced_coordination_potter0_20": 1.0, "asymmetric_advantages_sparse20": 86.0, "asymmetric_advantages_potter0_20": 1.0}
[pair_C] {"steps": 2179072, "elapsed_s": 1321.9, "forced_coordination_sparse20": 0.0, "forced_coordination_potter0_20": 1.0, "asymmetric_advantages_sparse20": 94.0, "asymmetric_advantages_potter0_20": 1.0}
[pair_C] {"steps": 2181120, "elapsed_s": 1323.4, "forced_coordination_sparse20": 0.0, "forced_coordination_potter0_20": 1.0, "asymmetric_advantages_sparse20": 98.0, "asymmetric_advantages_potter0_20": 1.0}
[pair_C] {"steps": 2183168, "elapsed_s": 1324.7, "forced_coordination_sparse20": 0.0, "forced_coordination_potter0_20": 1.0, "asymmetric_advantages_sparse20": 99.0, "asymmetric_advantages_potter0_20": 1.0}
[pair_C] {"steps": 2185216, "elapsed_s": 1325.8, "forced_coordination_sparse20": 0.0, "forced_coordination_potter0_20": 1.0, "asymmetric_advantages_sparse20": 106.0, "asymmetric_advantages_potter0_20": 1.0}
[pair_C] {"steps": 2187264, "elapsed_s": 1327.1, "forced_coordination_sparse20": 0.0, "forced_coordination_potter0_20": 1.0, "asymmetric_advantages_sparse20": 106.0, "asymmetric_advantages_potter0_20": 1.0}
[pair_C] {"steps": 2189312, "elapsed_s": 1328.3, "forced_coordination_sparse20": 0.0, "forced_coordination_potter0_20": 1.0, "asymmetric_advantages_sparse20": 106.0, "asymmetric_advantages_potter0_20": 1.0}
[pair_C] {"steps": 2191360, "elapsed_s": 1329.5, "forced_coordination_sparse20": 0.0, "forced_coordination_potter0_20": 1.0, "asymmetric_advantages_sparse20": 102.0, "asymmetric_advantages_potter0_20": 1.0}
[pair_C] {"steps": 2193408, "elapsed_s": 1330.7, "forced_coordination_sparse20": 0.0, "forced_coordination_potter0_20": 1.0, "asymmetric_advantages_sparse20": 100.0, "asymmetric_advantages_potter0_20": 1.0}
[pair_C] {"steps": 2195456, "elapsed_s": 1332.0, "forced_coordination_sparse20": 0.0, "forced_coordination_potter0_20": 1.0, "asymmetric_advantages_sparse20": 104.0, "asymmetric_advantages_potter0_20": 1.0}
[pair_C] {"steps": 2197504, "elapsed_s": 1333.5, "forced_coordination_sparse20": 0.0, "forced_coordination_potter0_20": 1.0, "asymmetric_advantages_sparse20": 103.0, "asymmetric_advantages_potter0_20": 1.0}
[pair_C] {"steps": 2199552, "elapsed_s": 1334.9, "forced_coordination_sparse20": 0.0, "forced_coordination_potter0_20": 1.0, "asymmetric_advantages_sparse20": 98.0, "asymmetric_advantages_potter0_20": 1.0}
[pair_C] {"steps": 2201600, "elapsed_s": 1336.1, "forced_coordination_sparse20": 0.0, "forced_coordination_potter0_20": 1.0, "asymmetric_advantages_sparse20": 92.0, "asymmetric_advantages_potter0_20": 1.0}
[pair_C] {"steps": 2203648, "elapsed_s": 1337.3, "forced_coordination_sparse20": 0.0, "forced_coordination_potter0_20": 1.0, "asymmetric_advantages_sparse20": 91.0, "asymmetric_advantages_potter0_20": 1.0}
[pair_C] {"steps": 2205696, "elapsed_s": 1338.5, "forced_coordination_sparse20": 0.0, "forced_coordination_potter0_20": 1.0, "asymmetric_advantages_sparse20": 92.0, "asymmetric_advantages_potter0_20": 1.0}
[pair_C] {"steps": 2207744, "elapsed_s": 1339.6, "forced_coordination_sparse20": 0.0, "forced_coordination_potter0_20": 1.0, "asymmetric_advantages_sparse20": 89.0, "asymmetric_advantages_potter0_20": 1.0}
[pair_C] {"steps": 2209792, "elapsed_s": 1340.9, "forced_coordination_sparse20": 0.0, "forced_coordination_potter0_20": 1.0, "asymmetric_advantages_sparse20": 96.0, "asymmetric_advantages_potter0_20": 1.0}
[pair_C] {"steps": 2211840, "elapsed_s": 1342.0, "forced_coordination_sparse20": 0.0, "forced_coordination_potter0_20": 1.0, "asymmetric_advantages_sparse20": 90.0, "asymmetric_advantages_potter0_20": 1.0}
[pair_C] {"steps": 2213888, "elapsed_s": 1343.2, "forced_coordination_sparse20": 0.0, "forced_coordination_potter0_20": 1.0, "asymmetric_advantages_sparse20": 83.0, "asymmetric_advantages_potter0_20": 1.0}
[pair_C] {"steps": 2215936, "elapsed_s": 1344.4, "forced_coordination_sparse20": 0.0, "forced_coordination_potter0_20": 1.0, "asymmetric_advantages_sparse20": 79.0, "asymmetric_advantages_potter0_20": 1.0}
[pair_C] {"steps": 2217984, "elapsed_s": 1345.6, "forced_coordination_sparse20": 0.0, "forced_coordination_potter0_20": 1.0, "asymmetric_advantages_sparse20": 80.0, "asymmetric_advantages_potter0_20": 1.0}
[pair_C] {"steps": 2220032, "elapsed_s": 1347.1, "forced_coordination_sparse20": 0.0, "forced_coordination_potter0_20": 1.0, "asymmetric_advantages_sparse20": 78.0, "asymmetric_advantages_potter0_20": 1.0}
[pair_C] {"steps": 2222080, "elapsed_s": 1348.6, "forced_coordination_sparse20": 0.0, "forced_coordination_potter0_20": 1.0, "asymmetric_advantages_sparse20": 77.0, "asymmetric_advantages_potter0_20": 1.0}
[pair_C] {"steps": 2224128, "elapsed_s": 1349.8, "forced_coordination_sparse20": 0.0, "forced_coordination_potter0_20": 1.0, "asymmetric_advantages_sparse20": 83.0, "asymmetric_advantages_potter0_20": 1.0}
[pair_C] {"steps": 2226176, "elapsed_s": 1350.9, "forced_coordination_sparse20": 0.0, "forced_coordination_potter0_20": 1.0, "asymmetric_advantages_sparse20": 81.0, "asymmetric_advantages_potter0_20": 1.0}
[pair_C] {"steps": 2228224, "elapsed_s": 1352.1, "forced_coordination_sparse20": 0.0, "forced_coordination_potter0_20": 1.0, "asymmetric_advantages_sparse20": 79.0, "asymmetric_advantages_potter0_20": 1.0}
[pair_C] {"steps": 2230272, "elapsed_s": 1353.3, "forced_coordination_sparse20": 0.0, "forced_coordination_potter0_20": 1.0, "asymmetric_advantages_sparse20": 81.0, "asymmetric_advantages_potter0_20": 1.0}
[pair_C] {"steps": 2232320, "elapsed_s": 1354.6, "forced_coordination_sparse20": 0.0, "forced_coordination_potter0_20": 1.0, "asymmetric_advantages_sparse20": 82.0, "asymmetric_advantages_potter0_20": 1.0}
[pair_C] {"steps": 2234368, "elapsed_s": 1356.1, "forced_coordination_sparse20": 0.0, "forced_coordination_potter0_20": 1.0, "asymmetric_advantages_sparse20": 87.0, "asymmetric_advantages_potter0_20": 1.0}
[pair_C] {"steps": 2236416, "elapsed_s": 1357.5, "forced_coordination_sparse20": 0.0, "forced_coordination_potter0_20": 1.0, "asymmetric_advantages_sparse20": 98.0, "asymmetric_advantages_potter0_20": 1.0}
[pair_C] {"steps": 2238464, "elapsed_s": 1358.7, "forced_coordination_sparse20": 0.0, "forced_coordination_potter0_20": 1.0, "asymmetric_advantages_sparse20": 100.0, "asymmetric_advantages_potter0_20": 1.0}
[pair_C] {"steps": 2240512, "elapsed_s": 1360.0, "forced_coordination_sparse20": 0.0, "forced_coordination_potter0_20": 1.0, "asymmetric_advantages_sparse20": 99.0, "asymmetric_advantages_potter0_20": 1.0}
[pair_C] {"steps": 2242560, "elapsed_s": 1361.4, "forced_coordination_sparse20": 0.0, "forced_coordination_potter0_20": 1.0, "asymmetric_advantages_sparse20": 102.0, "asymmetric_advantages_potter0_20": 1.0}
[pair_C] {"steps": 2244608, "elapsed_s": 1362.9, "forced_coordination_sparse20": 0.0, "forced_coordination_potter0_20": 1.0, "asymmetric_advantages_sparse20": 98.0, "asymmetric_advantages_potter0_20": 1.0}
[pair_C] {"steps": 2246656, "elapsed_s": 1364.2, "forced_coordination_sparse20": 0.0, "forced_coordination_potter0_20": 1.0, "asymmetric_advantages_sparse20": 99.0, "asymmetric_advantages_potter0_20": 1.0}
[pair_C] {"steps": 2248704, "elapsed_s": 1365.4, "forced_coordination_sparse20": 0.0, "forced_coordination_potter0_20": 1.0, "asymmetric_advantages_sparse20": 101.0, "asymmetric_advantages_potter0_20": 1.0}
[pair_C] {"steps": 2250752, "elapsed_s": 1366.6, "forced_coordination_sparse20": 0.0, "forced_coordination_potter0_20": 1.0, "asymmetric_advantages_sparse20": 97.0, "asymmetric_advantages_potter0_20": 1.0}
[pair_C] {"steps": 2252800, "elapsed_s": 1367.9, "forced_coordination_sparse20": 0.0, "forced_coordination_potter0_20": 1.0, "asymmetric_advantages_sparse20": 102.0, "asymmetric_advantages_potter0_20": 1.0}
[pair_C] {"steps": 2254848, "elapsed_s": 1369.2, "forced_coordination_sparse20": 0.0, "forced_coordination_potter0_20": 1.0, "asymmetric_advantages_sparse20": 109.0, "asymmetric_advantages_potter0_20": 1.0}
[pair_C] {"steps": 2256896, "elapsed_s": 1370.5, "forced_coordination_sparse20": 0.0, "forced_coordination_potter0_20": 1.0, "asymmetric_advantages_sparse20": 118.0, "asymmetric_advantages_potter0_20": 1.0}
[pair_C] {"steps": 2258944, "elapsed_s": 1371.9, "forced_coordination_sparse20": 0.0, "forced_coordination_potter0_20": 1.0, "asymmetric_advantages_sparse20": 115.0, "asymmetric_advantages_potter0_20": 1.0}
[pair_C] {"steps": 2260992, "elapsed_s": 1373.3, "forced_coordination_sparse20": 0.0, "forced_coordination_potter0_20": 1.0, "asymmetric_advantages_sparse20": 115.0, "asymmetric_advantages_potter0_20": 1.0}
[pair_C] {"steps": 2263040, "elapsed_s": 1374.7, "forced_coordination_sparse20": 0.0, "forced_coordination_potter0_20": 1.0, "asymmetric_advantages_sparse20": 114.0, "asymmetric_advantages_potter0_20": 1.0}
[pair_C] {"steps": 2265088, "elapsed_s": 1375.9, "forced_coordination_sparse20": 0.0, "forced_coordination_potter0_20": 1.0, "asymmetric_advantages_sparse20": 113.0, "asymmetric_advantages_potter0_20": 1.0}
[pair_C] {"steps": 2267136, "elapsed_s": 1377.1, "forced_coordination_sparse20": 0.0, "forced_coordination_potter0_20": 1.0, "asymmetric_advantages_sparse20": 110.0, "asymmetric_advantages_potter0_20": 1.0}
[pair_C] {"steps": 2269184, "elapsed_s": 1378.3, "forced_coordination_sparse20": 0.0, "forced_coordination_potter0_20": 1.0, "asymmetric_advantages_sparse20": 109.0, "asymmetric_advantages_potter0_20": 1.0}
[pair_C] {"steps": 2271232, "elapsed_s": 1379.5, "forced_coordination_sparse20": 0.0, "forced_coordination_potter0_20": 1.0, "asymmetric_advantages_sparse20": 111.0, "asymmetric_advantages_potter0_20": 1.0}
[pair_C] {"steps": 2273280, "elapsed_s": 1380.7, "forced_coordination_sparse20": 0.0, "forced_coordination_potter0_20": 1.0, "asymmetric_advantages_sparse20": 109.0, "asymmetric_advantages_potter0_20": 1.0}
[pair_C] {"steps": 2275328, "elapsed_s": 1381.9, "forced_coordination_sparse20": 0.0, "forced_coordination_potter0_20": 1.0, "asymmetric_advantages_sparse20": 115.0, "asymmetric_advantages_potter0_20": 1.0}
[pair_C] {"steps": 2277376, "elapsed_s": 1383.1, "forced_coordination_sparse20": 0.0, "forced_coordination_potter0_20": 1.0, "asymmetric_advantages_sparse20": 116.0, "asymmetric_advantages_potter0_20": 1.0}
[pair_C] {"steps": 2279424, "elapsed_s": 1384.4, "forced_coordination_sparse20": 0.0, "forced_coordination_potter0_20": 1.0, "asymmetric_advantages_sparse20": 116.0, "asymmetric_advantages_potter0_20": 1.0}
[pair_C] {"steps": 2281472, "elapsed_s": 1385.7, "forced_coordination_sparse20": 0.0, "forced_coordination_potter0_20": 1.0, "asymmetric_advantages_sparse20": 123.0, "asymmetric_advantages_potter0_20": 1.0}
[pair_C] {"steps": 2283520, "elapsed_s": 1386.9, "forced_coordination_sparse20": 0.0, "forced_coordination_potter0_20": 1.0, "asymmetric_advantages_sparse20": 121.0, "asymmetric_advantages_potter0_20": 1.0}
[pair_C] {"steps": 2285568, "elapsed_s": 1388.0, "forced_coordination_sparse20": 0.0, "forced_coordination_potter0_20": 1.0, "asymmetric_advantages_sparse20": 119.0, "asymmetric_advantages_potter0_20": 1.0}
[pair_C] {"steps": 2287616, "elapsed_s": 1389.3, "forced_coordination_sparse20": 0.0, "forced_coordination_potter0_20": 1.0, "asymmetric_advantages_sparse20": 113.0, "asymmetric_advantages_potter0_20": 1.0}
[pair_C] {"steps": 2289664, "elapsed_s": 1390.5, "forced_coordination_sparse20": 0.0, "forced_coordination_potter0_20": 1.0, "asymmetric_advantages_sparse20": 118.0, "asymmetric_advantages_potter0_20": 1.0}
[pair_C] {"steps": 2291712, "elapsed_s": 1391.7, "forced_coordination_sparse20": 0.0, "forced_coordination_potter0_20": 1.0, "asymmetric_advantages_sparse20": 115.0, "asymmetric_advantages_potter0_20": 1.0}
[pair_C] {"steps": 2293760, "elapsed_s": 1393.0, "forced_coordination_sparse20": 0.0, "forced_coordination_potter0_20": 1.0, "asymmetric_advantages_sparse20": 118.0, "asymmetric_advantages_potter0_20": 1.0}
[pair_C] {"steps": 2295808, "elapsed_s": 1394.2, "forced_coordination_sparse20": 0.0, "forced_coordination_potter0_20": 1.0, "asymmetric_advantages_sparse20": 120.0, "asymmetric_advantages_potter0_20": 1.0}
[pair_C] {"steps": 2297856, "elapsed_s": 1395.4, "forced_coordination_sparse20": 0.0, "forced_coordination_potter0_20": 1.0, "asymmetric_advantages_sparse20": 118.0, "asymmetric_advantages_potter0_20": 1.0}
[pair_C] {"steps": 2299904, "elapsed_s": 1396.6, "forced_coordination_sparse20": 0.0, "forced_coordination_potter0_20": 1.0, "asymmetric_advantages_sparse20": 122.0, "asymmetric_advantages_potter0_20": 1.0}
[pair_C] {"steps": 2301952, "elapsed_s": 1397.7, "forced_coordination_sparse20": 0.0, "forced_coordination_potter0_20": 1.0, "asymmetric_advantages_sparse20": 123.0, "asymmetric_advantages_potter0_20": 1.0}
[pair_C] {"steps": 2304000, "elapsed_s": 1398.8, "forced_coordination_sparse20": 0.0, "forced_coordination_potter0_20": 1.0, "asymmetric_advantages_sparse20": 128.0, "asymmetric_advantages_potter0_20": 1.0}
[pair_C] {"steps": 2306048, "elapsed_s": 1400.0, "forced_coordination_sparse20": 0.0, "forced_coordination_potter0_20": 1.0, "asymmetric_advantages_sparse20": 131.0, "asymmetric_advantages_potter0_20": 1.0}
[pair_C] {"steps": 2308096, "elapsed_s": 1401.2, "forced_coordination_sparse20": 0.0, "forced_coordination_potter0_20": 1.0, "asymmetric_advantages_sparse20": 136.0, "asymmetric_advantages_potter0_20": 1.0}
[pair_C] {"steps": 2310144, "elapsed_s": 1402.7, "forced_coordination_sparse20": 0.0, "forced_coordination_potter0_20": 1.0, "asymmetric_advantages_sparse20": 140.0, "asymmetric_advantages_potter0_20": 1.0}
[pair_C] {"steps": 2312192, "elapsed_s": 1404.2, "forced_coordination_sparse20": 0.0, "forced_coordination_potter0_20": 1.0, "asymmetric_advantages_sparse20": 139.0, "asymmetric_advantages_potter0_20": 1.0}
[pair_C] {"steps": 2314240, "elapsed_s": 1405.5, "forced_coordination_sparse20": 0.0, "forced_coordination_potter0_20": 1.0, "asymmetric_advantages_sparse20": 141.0, "asymmetric_advantages_potter0_20": 1.0}
[pair_C] {"steps": 2316288, "elapsed_s": 1406.7, "forced_coordination_sparse20": 0.0, "forced_coordination_potter0_20": 1.0, "asymmetric_advantages_sparse20": 141.0, "asymmetric_advantages_potter0_20": 1.0}
[pair_C] {"steps": 2318336, "elapsed_s": 1407.9, "forced_coordination_sparse20": 0.0, "forced_coordination_potter0_20": 1.0, "asymmetric_advantages_sparse20": 144.0, "asymmetric_advantages_potter0_20": 1.0}
[pair_C] {"steps": 2320384, "elapsed_s": 1409.0, "forced_coordination_sparse20": 0.0, "forced_coordination_potter0_20": 1.0, "asymmetric_advantages_sparse20": 142.0, "asymmetric_advantages_potter0_20": 1.0}
[pair_C] {"steps": 2322432, "elapsed_s": 1410.2, "forced_coordination_sparse20": 0.0, "forced_coordination_potter0_20": 1.0, "asymmetric_advantages_sparse20": 142.0, "asymmetric_advantages_potter0_20": 1.0}
[pair_C] {"steps": 2324480, "elapsed_s": 1411.4, "forced_coordination_sparse20": 0.0, "forced_coordination_potter0_20": 1.0, "asymmetric_advantages_sparse20": 135.0, "asymmetric_advantages_potter0_20": 1.0}
[pair_C] {"steps": 2326528, "elapsed_s": 1412.6, "forced_coordination_sparse20": 0.0, "forced_coordination_potter0_20": 1.0, "asymmetric_advantages_sparse20": 128.0, "asymmetric_advantages_potter0_20": 1.0}
[pair_C] {"steps": 2328576, "elapsed_s": 1413.8, "forced_coordination_sparse20": 0.0, "forced_coordination_potter0_20": 1.0, "asymmetric_advantages_sparse20": 128.0, "asymmetric_advantages_potter0_20": 1.0}
[pair_C] {"steps": 2330624, "elapsed_s": 1415.0, "forced_coordination_sparse20": 0.0, "forced_coordination_potter0_20": 1.0, "asymmetric_advantages_sparse20": 126.0, "asymmetric_advantages_potter0_20": 1.0}
[pair_C] {"steps": 2332672, "elapsed_s": 1416.1, "forced_coordination_sparse20": 0.0, "forced_coordination_potter0_20": 1.0, "asymmetric_advantages_sparse20": 127.0, "asymmetric_advantages_potter0_20": 1.0}
[pair_C] {"steps": 2334720, "elapsed_s": 1417.4, "forced_coordination_sparse20": 0.0, "forced_coordination_potter0_20": 1.0, "asymmetric_advantages_sparse20": 127.0, "asymmetric_advantages_potter0_20": 1.0}
[pair_C] {"steps": 2336768, "elapsed_s": 1418.5, "forced_coordination_sparse20": 0.0, "forced_coordination_potter0_20": 1.0, "asymmetric_advantages_sparse20": 123.0, "asymmetric_advantages_potter0_20": 1.0}
[pair_C] {"steps": 2338816, "elapsed_s": 1419.7, "forced_coordination_sparse20": 0.0, "forced_coordination_potter0_20": 1.0, "asymmetric_advantages_sparse20": 121.0, "asymmetric_advantages_potter0_20": 1.0}
[pair_C] {"steps": 2340864, "elapsed_s": 1420.9, "forced_coordination_sparse20": 0.0, "forced_coordination_potter0_20": 1.0, "asymmetric_advantages_sparse20": 122.0, "asymmetric_advantages_potter0_20": 1.0}
[pair_C] {"steps": 2342912, "elapsed_s": 1422.0, "forced_coordination_sparse20": 0.0, "forced_coordination_potter0_20": 1.0, "asymmetric_advantages_sparse20": 122.0, "asymmetric_advantages_potter0_20": 1.0}
[pair_C] {"steps": 2344960, "elapsed_s": 1423.2, "forced_coordination_sparse20": 0.0, "forced_coordination_potter0_20": 1.0, "asymmetric_advantages_sparse20": 122.0, "asymmetric_advantages_potter0_20": 1.0}
[pair_C] {"steps": 2347008, "elapsed_s": 1424.3, "forced_coordination_sparse20": 0.0, "forced_coordination_potter0_20": 1.0, "asymmetric_advantages_sparse20": 115.0, "asymmetric_advantages_potter0_20": 1.0}
[pair_C] {"steps": 2349056, "elapsed_s": 1425.5, "forced_coordination_sparse20": 0.0, "forced_coordination_potter0_20": 1.0, "asymmetric_advantages_sparse20": 110.0, "asymmetric_advantages_potter0_20": 1.0}
[pair_C] {"steps": 2351104, "elapsed_s": 1427.1, "forced_coordination_sparse20": 0.0, "forced_coordination_potter0_20": 1.0, "asymmetric_advantages_sparse20": 102.0, "asymmetric_advantages_potter0_20": 1.0}
[pair_C] {"steps": 2353152, "elapsed_s": 1428.6, "forced_coordination_sparse20": 0.0, "forced_coordination_potter0_20": 1.0, "asymmetric_advantages_sparse20": 92.0, "asymmetric_advantages_potter0_20": 1.0}
[pair_C] {"steps": 2355200, "elapsed_s": 1429.9, "forced_coordination_sparse20": 0.0, "forced_coordination_potter0_20": 1.0, "asymmetric_advantages_sparse20": 91.0, "asymmetric_advantages_potter0_20": 1.0}
[pair_C] {"steps": 2357248, "elapsed_s": 1431.1, "forced_coordination_sparse20": 0.0, "forced_coordination_potter0_20": 1.0, "asymmetric_advantages_sparse20": 86.0, "asymmetric_advantages_potter0_20": 1.0}
[pair_C] {"steps": 2359296, "elapsed_s": 1432.6, "forced_coordination_sparse20": 0.0, "forced_coordination_potter0_20": 1.0, "asymmetric_advantages_sparse20": 96.0, "asymmetric_advantages_potter0_20": 1.0}
[pair_C] {"steps": 2361344, "elapsed_s": 1433.8, "forced_coordination_sparse20": 0.0, "forced_coordination_potter0_20": 1.0, "asymmetric_advantages_sparse20": 102.0, "asymmetric_advantages_potter0_20": 1.0}
[pair_C] {"steps": 2363392, "elapsed_s": 1435.0, "forced_coordination_sparse20": 0.0, "forced_coordination_potter0_20": 1.0, "asymmetric_advantages_sparse20": 107.0, "asymmetric_advantages_potter0_20": 1.0}
[pair_C] {"steps": 2365440, "elapsed_s": 1436.2, "forced_coordination_sparse20": 0.0, "forced_coordination_potter0_20": 1.0, "asymmetric_advantages_sparse20": 111.0, "asymmetric_advantages_potter0_20": 1.0}
[pair_C] {"steps": 2367488, "elapsed_s": 1437.4, "forced_coordination_sparse20": 0.0, "forced_coordination_potter0_20": 1.0, "asymmetric_advantages_sparse20": 120.0, "asymmetric_advantages_potter0_20": 1.0}
[pair_C] {"steps": 2369536, "elapsed_s": 1438.6, "forced_coordination_sparse20": 0.0, "forced_coordination_potter0_20": 1.0, "asymmetric_advantages_sparse20": 120.0, "asymmetric_advantages_potter0_20": 1.0}
[pair_C] {"steps": 2371584, "elapsed_s": 1439.8, "forced_coordination_sparse20": 0.0, "forced_coordination_potter0_20": 1.0, "asymmetric_advantages_sparse20": 122.0, "asymmetric_advantages_potter0_20": 1.0}
[pair_C] {"steps": 2373632, "elapsed_s": 1441.0, "forced_coordination_sparse20": 0.0, "forced_coordination_potter0_20": 1.0, "asymmetric_advantages_sparse20": 123.0, "asymmetric_advantages_potter0_20": 1.0}
[pair_C] {"steps": 2375680, "elapsed_s": 1442.1, "forced_coordination_sparse20": 0.0, "forced_coordination_potter0_20": 1.0, "asymmetric_advantages_sparse20": 117.0, "asymmetric_advantages_potter0_20": 1.0}
[pair_C] {"steps": 2377728, "elapsed_s": 1443.4, "forced_coordination_sparse20": 0.0, "forced_coordination_potter0_20": 1.0, "asymmetric_advantages_sparse20": 109.0, "asymmetric_advantages_potter0_20": 1.0}
[pair_C] {"steps": 2379776, "elapsed_s": 1444.5, "forced_coordination_sparse20": 0.0, "forced_coordination_potter0_20": 1.0, "asymmetric_advantages_sparse20": 107.0, "asymmetric_advantages_potter0_20": 1.0}
[pair_C] {"steps": 2381824, "elapsed_s": 1445.8, "forced_coordination_sparse20": 0.0, "forced_coordination_potter0_20": 1.0, "asymmetric_advantages_sparse20": 106.0, "asymmetric_advantages_potter0_20": 1.0}
[pair_C] {"steps": 2383872, "elapsed_s": 1447.0, "forced_coordination_sparse20": 0.0, "forced_coordination_potter0_20": 1.0, "asymmetric_advantages_sparse20": 106.0, "asymmetric_advantages_potter0_20": 1.0}
[pair_C] {"steps": 2385920, "elapsed_s": 1448.2, "forced_coordination_sparse20": 0.0, "forced_coordination_potter0_20": 1.0, "asymmetric_advantages_sparse20": 99.0, "asymmetric_advantages_potter0_20": 1.0}
[pair_C] {"steps": 2387968, "elapsed_s": 1449.4, "forced_coordination_sparse20": 0.0, "forced_coordination_potter0_20": 1.0, "asymmetric_advantages_sparse20": 96.0, "asymmetric_advantages_potter0_20": 1.0}
[pair_C] {"steps": 2390016, "elapsed_s": 1450.7, "forced_coordination_sparse20": 0.0, "forced_coordination_potter0_20": 1.0, "asymmetric_advantages_sparse20": 99.0, "asymmetric_advantages_potter0_20": 1.0}
[pair_C] {"steps": 2392064, "elapsed_s": 1452.0, "forced_coordination_sparse20": 0.0, "forced_coordination_potter0_20": 1.0, "asymmetric_advantages_sparse20": 109.0, "asymmetric_advantages_potter0_20": 1.0}
[pair_C] {"steps": 2394112, "elapsed_s": 1453.3, "forced_coordination_sparse20": 0.0, "forced_coordination_potter0_20": 1.0, "asymmetric_advantages_sparse20": 109.0, "asymmetric_advantages_potter0_20": 1.0}
[pair_C] {"steps": 2396160, "elapsed_s": 1454.5, "forced_coordination_sparse20": 0.0, "forced_coordination_potter0_20": 1.0, "asymmetric_advantages_sparse20": 107.0, "asymmetric_advantages_potter0_20": 1.0}
[pair_C] {"steps": 2398208, "elapsed_s": 1456.0, "forced_coordination_sparse20": 0.0, "forced_coordination_potter0_20": 1.0, "asymmetric_advantages_sparse20": 114.0, "asymmetric_advantages_potter0_20": 1.0}
[pair_C] {"steps": 2400256, "elapsed_s": 1457.5, "forced_coordination_sparse20": 0.0, "forced_coordination_potter0_20": 1.0, "asymmetric_advantages_sparse20": 115.0, "asymmetric_advantages_potter0_20": 1.0}
[pair_C] {"steps": 2402304, "elapsed_s": 1458.8, "forced_coordination_sparse20": 0.0, "forced_coordination_potter0_20": 1.0, "asymmetric_advantages_sparse20": 114.0, "asymmetric_advantages_potter0_20": 1.0}
[pair_C] {"steps": 2404352, "elapsed_s": 1460.0, "forced_coordination_sparse20": 0.0, "forced_coordination_potter0_20": 1.0, "asymmetric_advantages_sparse20": 116.0, "asymmetric_advantages_potter0_20": 1.0}
[pair_C] {"steps": 2406400, "elapsed_s": 1461.2, "forced_coordination_sparse20": 0.0, "forced_coordination_potter0_20": 1.0, "asymmetric_advantages_sparse20": 112.0, "asymmetric_advantages_potter0_20": 1.0}
[pair_C] {"steps": 2408448, "elapsed_s": 1462.8, "forced_coordination_sparse20": 0.0, "forced_coordination_potter0_20": 1.0, "asymmetric_advantages_sparse20": 112.0, "asymmetric_advantages_potter0_20": 1.0}
[pair_C] {"steps": 2410496, "elapsed_s": 1464.2, "forced_coordination_sparse20": 0.0, "forced_coordination_potter0_20": 1.0, "asymmetric_advantages_sparse20": 115.0, "asymmetric_advantages_potter0_20": 1.0}
[pair_C] {"steps": 2412544, "elapsed_s": 1465.5, "forced_coordination_sparse20": 0.0, "forced_coordination_potter0_20": 1.0, "asymmetric_advantages_sparse20": 114.0, "asymmetric_advantages_potter0_20": 1.0}
[pair_C] {"steps": 2414592, "elapsed_s": 1466.7, "forced_coordination_sparse20": 0.0, "forced_coordination_potter0_20": 1.0, "asymmetric_advantages_sparse20": 110.0, "asymmetric_advantages_potter0_20": 1.0}
[pair_C] {"steps": 2416640, "elapsed_s": 1467.8, "forced_coordination_sparse20": 0.0, "forced_coordination_potter0_20": 1.0, "asymmetric_advantages_sparse20": 107.0, "asymmetric_advantages_potter0_20": 1.0}
[pair_C] {"steps": 2418688, "elapsed_s": 1469.1, "forced_coordination_sparse20": 0.0, "forced_coordination_potter0_20": 1.0, "asymmetric_advantages_sparse20": 104.0, "asymmetric_advantages_potter0_20": 1.0}
[pair_C] {"steps": 2420736, "elapsed_s": 1470.3, "forced_coordination_sparse20": 0.0, "forced_coordination_potter0_20": 1.0, "asymmetric_advantages_sparse20": 103.0, "asymmetric_advantages_potter0_20": 1.0}
[pair_C] {"steps": 2422784, "elapsed_s": 1471.4, "forced_coordination_sparse20": 0.0, "forced_coordination_potter0_20": 1.0, "asymmetric_advantages_sparse20": 104.0, "asymmetric_advantages_potter0_20": 1.0}
[pair_C] {"steps": 2424832, "elapsed_s": 1472.9, "forced_coordination_sparse20": 0.0, "forced_coordination_potter0_20": 1.0, "asymmetric_advantages_sparse20": 106.0, "asymmetric_advantages_potter0_20": 1.0}
[pair_C] {"steps": 2426880, "elapsed_s": 1474.4, "forced_coordination_sparse20": 0.0, "forced_coordination_potter0_20": 1.0, "asymmetric_advantages_sparse20": 103.0, "asymmetric_advantages_potter0_20": 1.0}
[pair_C] {"steps": 2428928, "elapsed_s": 1476.0, "forced_coordination_sparse20": 0.0, "forced_coordination_potter0_20": 1.0, "asymmetric_advantages_sparse20": 109.0, "asymmetric_advantages_potter0_20": 1.0}
[pair_C] {"steps": 2430976, "elapsed_s": 1477.3, "forced_coordination_sparse20": 0.0, "forced_coordination_potter0_20": 1.0, "asymmetric_advantages_sparse20": 110.0, "asymmetric_advantages_potter0_20": 1.0}
[pair_C] {"steps": 2433024, "elapsed_s": 1478.5, "forced_coordination_sparse20": 0.0, "forced_coordination_potter0_20": 1.0, "asymmetric_advantages_sparse20": 113.0, "asymmetric_advantages_potter0_20": 1.0}
[pair_C] {"steps": 2435072, "elapsed_s": 1479.7, "forced_coordination_sparse20": 0.0, "forced_coordination_potter0_20": 1.0, "asymmetric_advantages_sparse20": 115.0, "asymmetric_advantages_potter0_20": 1.0}
[pair_C] {"steps": 2437120, "elapsed_s": 1481.0, "forced_coordination_sparse20": 0.0, "forced_coordination_potter0_20": 1.0, "asymmetric_advantages_sparse20": 124.0, "asymmetric_advantages_potter0_20": 1.0}
[pair_C] {"steps": 2439168, "elapsed_s": 1482.2, "forced_coordination_sparse20": 0.0, "forced_coordination_potter0_20": 1.0, "asymmetric_advantages_sparse20": 123.0, "asymmetric_advantages_potter0_20": 1.0}
[pair_C] {"steps": 2441216, "elapsed_s": 1483.5, "forced_coordination_sparse20": 0.0, "forced_coordination_potter0_20": 1.0, "asymmetric_advantages_sparse20": 122.0, "asymmetric_advantages_potter0_20": 1.0}
[pair_C] {"steps": 2443264, "elapsed_s": 1484.7, "forced_coordination_sparse20": 0.0, "forced_coordination_potter0_20": 1.0, "asymmetric_advantages_sparse20": 125.0, "asymmetric_advantages_potter0_20": 1.0}
[pair_C] {"steps": 2445312, "elapsed_s": 1486.0, "forced_coordination_sparse20": 0.0, "forced_coordination_potter0_20": 1.0, "asymmetric_advantages_sparse20": 122.0, "asymmetric_advantages_potter0_20": 1.0}
[pair_C] {"steps": 2447360, "elapsed_s": 1487.4, "forced_coordination_sparse20": 0.0, "forced_coordination_potter0_20": 1.0, "asymmetric_advantages_sparse20": 125.0, "asymmetric_advantages_potter0_20": 1.0}
[pair_C] {"steps": 2449408, "elapsed_s": 1488.7, "forced_coordination_sparse20": 0.0, "forced_coordination_potter0_20": 1.0, "asymmetric_advantages_sparse20": 125.0, "asymmetric_advantages_potter0_20": 1.0}
[pair_C] {"steps": 2451456, "elapsed_s": 1489.9, "forced_coordination_sparse20": 0.0, "forced_coordination_potter0_20": 1.0, "asymmetric_advantages_sparse20": 129.0, "asymmetric_advantages_potter0_20": 1.0}
[pair_C] {"steps": 2453504, "elapsed_s": 1491.1, "forced_coordination_sparse20": 0.0, "forced_coordination_potter0_20": 1.0, "asymmetric_advantages_sparse20": 134.0, "asymmetric_advantages_potter0_20": 1.0}
[pair_C] {"steps": 2455552, "elapsed_s": 1492.4, "forced_coordination_sparse20": 0.0, "forced_coordination_potter0_20": 1.0, "asymmetric_advantages_sparse20": 137.0, "asymmetric_advantages_potter0_20": 1.0}
[pair_C] {"steps": 2457600, "elapsed_s": 1493.6, "forced_coordination_sparse20": 0.0, "forced_coordination_potter0_20": 1.0, "asymmetric_advantages_sparse20": 137.0, "asymmetric_advantages_potter0_20": 1.0}
[pair_C] {"steps": 2459648, "elapsed_s": 1494.9, "forced_coordination_sparse20": 0.0, "forced_coordination_potter0_20": 1.0, "asymmetric_advantages_sparse20": 145.0, "asymmetric_advantages_potter0_20": 1.0}
[pair_C] {"steps": 2461696, "elapsed_s": 1496.2, "forced_coordination_sparse20": 0.0, "forced_coordination_potter0_20": 1.0, "asymmetric_advantages_sparse20": 145.0, "asymmetric_advantages_potter0_20": 1.0}
[pair_C] {"steps": 2463744, "elapsed_s": 1497.4, "forced_coordination_sparse20": 0.0, "forced_coordination_potter0_20": 1.0, "asymmetric_advantages_sparse20": 140.0, "asymmetric_advantages_potter0_20": 1.0}
[pair_C] {"steps": 2465792, "elapsed_s": 1498.8, "forced_coordination_sparse20": 0.0, "forced_coordination_potter0_20": 1.0, "asymmetric_advantages_sparse20": 142.0, "asymmetric_advantages_potter0_20": 1.0}
[pair_C] {"steps": 2467840, "elapsed_s": 1500.0, "forced_coordination_sparse20": 0.0, "forced_coordination_potter0_20": 1.0, "asymmetric_advantages_sparse20": 143.0, "asymmetric_advantages_potter0_20": 1.0}
[pair_C] {"steps": 2469888, "elapsed_s": 1501.4, "forced_coordination_sparse20": 0.0, "forced_coordination_potter0_20": 1.0, "asymmetric_advantages_sparse20": 143.0, "asymmetric_advantages_potter0_20": 1.0}
[pair_C] {"steps": 2471936, "elapsed_s": 1502.5, "forced_coordination_sparse20": 0.0, "forced_coordination_potter0_20": 1.0, "asymmetric_advantages_sparse20": 143.0, "asymmetric_advantages_potter0_20": 1.0}
[pair_C] {"steps": 2473984, "elapsed_s": 1503.8, "forced_coordination_sparse20": 0.0, "forced_coordination_potter0_20": 1.0, "asymmetric_advantages_sparse20": 140.0, "asymmetric_advantages_potter0_20": 1.0}
[pair_C] {"steps": 2476032, "elapsed_s": 1505.1, "forced_coordination_sparse20": 0.0, "forced_coordination_potter0_20": 1.0, "asymmetric_advantages_sparse20": 139.0, "asymmetric_advantages_potter0_20": 1.0}
[pair_C] {"steps": 2478080, "elapsed_s": 1506.3, "forced_coordination_sparse20": 0.0, "forced_coordination_potter0_20": 1.0, "asymmetric_advantages_sparse20": 138.0, "asymmetric_advantages_potter0_20": 1.0}
[pair_C] {"steps": 2480128, "elapsed_s": 1507.6, "forced_coordination_sparse20": 0.0, "forced_coordination_potter0_20": 1.0, "asymmetric_advantages_sparse20": 140.0, "asymmetric_advantages_potter0_20": 1.0}
[pair_C] {"steps": 2482176, "elapsed_s": 1508.9, "forced_coordination_sparse20": 0.0, "forced_coordination_potter0_20": 1.0, "asymmetric_advantages_sparse20": 137.0, "asymmetric_advantages_potter0_20": 1.0}
[pair_C] {"steps": 2484224, "elapsed_s": 1510.2, "forced_coordination_sparse20": 0.0, "forced_coordination_potter0_20": 1.0, "asymmetric_advantages_sparse20": 128.0, "asymmetric_advantages_potter0_20": 1.0}
[pair_C] {"steps": 2486272, "elapsed_s": 1511.4, "forced_coordination_sparse20": 0.0, "forced_coordination_potter0_20": 1.0, "asymmetric_advantages_sparse20": 125.0, "asymmetric_advantages_potter0_20": 1.0}
[pair_C] {"steps": 2488320, "elapsed_s": 1512.7, "forced_coordination_sparse20": 0.0, "forced_coordination_potter0_20": 1.0, "asymmetric_advantages_sparse20": 123.0, "asymmetric_advantages_potter0_20": 1.0}
[pair_C] {"steps": 2490368, "elapsed_s": 1513.9, "forced_coordination_sparse20": 0.0, "forced_coordination_potter0_20": 1.0, "asymmetric_advantages_sparse20": 123.0, "asymmetric_advantages_potter0_20": 1.0}
[pair_C] {"steps": 2492416, "elapsed_s": 1515.2, "forced_coordination_sparse20": 0.0, "forced_coordination_potter0_20": 1.0, "asymmetric_advantages_sparse20": 109.0, "asymmetric_advantages_potter0_20": 1.0}
[pair_C] {"steps": 2494464, "elapsed_s": 1516.5, "forced_coordination_sparse20": 0.0, "forced_coordination_potter0_20": 1.0, "asymmetric_advantages_sparse20": 98.0, "asymmetric_advantages_potter0_20": 1.0}
[pair_C] {"steps": 2496512, "elapsed_s": 1517.8, "forced_coordination_sparse20": 0.0, "forced_coordination_potter0_20": 1.0, "asymmetric_advantages_sparse20": 92.0, "asymmetric_advantages_potter0_20": 1.0}
[pair_C] {"steps": 2498560, "elapsed_s": 1519.0, "forced_coordination_sparse20": 0.0, "forced_coordination_potter0_20": 1.0, "asymmetric_advantages_sparse20": 90.0, "asymmetric_advantages_potter0_20": 1.0}
[pair_C] {"steps": 2500608, "elapsed_s": 1520.3, "forced_coordination_sparse20": 0.0, "forced_coordination_potter0_20": 1.0, "asymmetric_advantages_sparse20": 91.0, "asymmetric_advantages_potter0_20": 1.0}
[pair_C] {"steps": 2502656, "elapsed_s": 1521.7, "forced_coordination_sparse20": 0.0, "forced_coordination_potter0_20": 1.0, "asymmetric_advantages_sparse20": 91.0, "asymmetric_advantages_potter0_20": 1.0}
[pair_C] {"steps": 2504704, "elapsed_s": 1523.0, "forced_coordination_sparse20": 0.0, "forced_coordination_potter0_20": 1.0, "asymmetric_advantages_sparse20": 98.0, "asymmetric_advantages_potter0_20": 1.0}
[pair_C] {"steps": 2506752, "elapsed_s": 1524.3, "forced_coordination_sparse20": 0.0, "forced_coordination_potter0_20": 1.0, "asymmetric_advantages_sparse20": 104.0, "asymmetric_advantages_potter0_20": 1.0}
[pair_C] {"steps": 2508800, "elapsed_s": 1525.5, "forced_coordination_sparse20": 0.0, "forced_coordination_potter0_20": 1.0, "asymmetric_advantages_sparse20": 109.0, "asymmetric_advantages_potter0_20": 1.0}
[pair_C] {"steps": 2510848, "elapsed_s": 1526.7, "forced_coordination_sparse20": 0.0, "forced_coordination_potter0_20": 1.0, "asymmetric_advantages_sparse20": 111.0, "asymmetric_advantages_potter0_20": 1.0}
[pair_C] {"steps": 2512896, "elapsed_s": 1528.0, "forced_coordination_sparse20": 0.0, "forced_coordination_potter0_20": 1.0, "asymmetric_advantages_sparse20": 116.0, "asymmetric_advantages_potter0_20": 1.0}
[pair_C] {"steps": 2514944, "elapsed_s": 1529.3, "forced_coordination_sparse20": 0.0, "forced_coordination_potter0_20": 1.0, "asymmetric_advantages_sparse20": 127.0, "asymmetric_advantages_potter0_20": 1.0}
[pair_C] {"steps": 2516992, "elapsed_s": 1530.6, "forced_coordination_sparse20": 0.0, "forced_coordination_potter0_20": 1.0, "asymmetric_advantages_sparse20": 132.0, "asymmetric_advantages_potter0_20": 1.0}
[pair_C] {"steps": 2519040, "elapsed_s": 1531.8, "forced_coordination_sparse20": 0.0, "forced_coordination_potter0_20": 1.0, "asymmetric_advantages_sparse20": 133.0, "asymmetric_advantages_potter0_20": 1.0}
[pair_C] {"steps": 2521088, "elapsed_s": 1533.1, "forced_coordination_sparse20": 0.0, "forced_coordination_potter0_20": 1.0, "asymmetric_advantages_sparse20": 133.0, "asymmetric_advantages_potter0_20": 1.0}
[pair_C] {"steps": 2523136, "elapsed_s": 1534.3, "forced_coordination_sparse20": 0.0, "forced_coordination_potter0_20": 1.0, "asymmetric_advantages_sparse20": 133.0, "asymmetric_advantages_potter0_20": 1.0}
[pair_C] {"steps": 2525184, "elapsed_s": 1535.6, "forced_coordination_sparse20": 0.0, "forced_coordination_potter0_20": 1.0, "asymmetric_advantages_sparse20": 129.0, "asymmetric_advantages_potter0_20": 1.0}
[pair_C] {"steps": 2527232, "elapsed_s": 1536.9, "forced_coordination_sparse20": 0.0, "forced_coordination_potter0_20": 1.0, "asymmetric_advantages_sparse20": 131.0, "asymmetric_advantages_potter0_20": 1.0}
[pair_C] {"steps": 2529280, "elapsed_s": 1538.1, "forced_coordination_sparse20": 0.0, "forced_coordination_potter0_20": 1.0, "asymmetric_advantages_sparse20": 115.0, "asymmetric_advantages_potter0_20": 1.0}
[pair_C] {"steps": 2531328, "elapsed_s": 1539.4, "forced_coordination_sparse20": 0.0, "forced_coordination_potter0_20": 1.0, "asymmetric_advantages_sparse20": 114.0, "asymmetric_advantages_potter0_20": 1.0}
[pair_C] {"steps": 2533376, "elapsed_s": 1540.6, "forced_coordination_sparse20": 0.0, "forced_coordination_potter0_20": 1.0, "asymmetric_advantages_sparse20": 115.0, "asymmetric_advantages_potter0_20": 1.0}
[pair_C] {"steps": 2535424, "elapsed_s": 1542.0, "forced_coordination_sparse20": 0.0, "forced_coordination_potter0_20": 1.0, "asymmetric_advantages_sparse20": 111.0, "asymmetric_advantages_potter0_20": 1.0}
[pair_C] {"steps": 2537472, "elapsed_s": 1543.2, "forced_coordination_sparse20": 0.0, "forced_coordination_potter0_20": 1.0, "asymmetric_advantages_sparse20": 107.0, "asymmetric_advantages_potter0_20": 1.0}
[pair_C] {"steps": 2539520, "elapsed_s": 1544.6, "forced_coordination_sparse20": 0.0, "forced_coordination_potter0_20": 1.0, "asymmetric_advantages_sparse20": 116.0, "asymmetric_advantages_potter0_20": 1.0}
[pair_C] {"steps": 2541568, "elapsed_s": 1545.8, "forced_coordination_sparse20": 0.0, "forced_coordination_potter0_20": 1.0, "asymmetric_advantages_sparse20": 113.0, "asymmetric_advantages_potter0_20": 1.0}
[pair_C] {"steps": 2543616, "elapsed_s": 1547.1, "forced_coordination_sparse20": 0.0, "forced_coordination_potter0_20": 1.0, "asymmetric_advantages_sparse20": 123.0, "asymmetric_advantages_potter0_20": 1.0}
[pair_C] {"steps": 2545664, "elapsed_s": 1548.3, "forced_coordination_sparse20": 0.0, "forced_coordination_potter0_20": 1.0, "asymmetric_advantages_sparse20": 125.0, "asymmetric_advantages_potter0_20": 1.0}
[pair_C] {"steps": 2547712, "elapsed_s": 1549.6, "forced_coordination_sparse20": 0.0, "forced_coordination_potter0_20": 1.0, "asymmetric_advantages_sparse20": 129.0, "asymmetric_advantages_potter0_20": 1.0}
[pair_C] {"steps": 2549760, "elapsed_s": 1550.8, "forced_coordination_sparse20": 0.0, "forced_coordination_potter0_20": 1.0, "asymmetric_advantages_sparse20": 128.0, "asymmetric_advantages_potter0_20": 1.0}
[pair_C] {"steps": 2551808, "elapsed_s": 1552.1, "forced_coordination_sparse20": 0.0, "forced_coordination_potter0_20": 1.0, "asymmetric_advantages_sparse20": 123.0, "asymmetric_advantages_potter0_20": 1.0}
[pair_C] {"steps": 2553856, "elapsed_s": 1553.4, "forced_coordination_sparse20": 0.0, "forced_coordination_potter0_20": 1.0, "asymmetric_advantages_sparse20": 130.0, "asymmetric_advantages_potter0_20": 1.0}
[pair_C] {"steps": 2555904, "elapsed_s": 1554.7, "forced_coordination_sparse20": 0.0, "forced_coordination_potter0_20": 1.0, "asymmetric_advantages_sparse20": 128.0, "asymmetric_advantages_potter0_20": 1.0}
[pair_C] {"steps": 2557952, "elapsed_s": 1556.0, "forced_coordination_sparse20": 0.0, "forced_coordination_potter0_20": 1.0, "asymmetric_advantages_sparse20": 128.0, "asymmetric_advantages_potter0_20": 1.0}
[pair_C] {"steps": 2560000, "elapsed_s": 1557.2, "forced_coordination_sparse20": 0.0, "forced_coordination_potter0_20": 1.0, "asymmetric_advantages_sparse20": 131.0, "asymmetric_advantages_potter0_20": 1.0}
[pair_C] {"steps": 2562048, "elapsed_s": 1558.5, "forced_coordination_sparse20": 0.0, "forced_coordination_potter0_20": 1.0, "asymmetric_advantages_sparse20": 124.0, "asymmetric_advantages_potter0_20": 1.0}
[pair_C] {"steps": 2564096, "elapsed_s": 1559.9, "forced_coordination_sparse20": 0.0, "forced_coordination_potter0_20": 1.0, "asymmetric_advantages_sparse20": 126.0, "asymmetric_advantages_potter0_20": 1.0}
[pair_C] {"steps": 2566144, "elapsed_s": 1561.1, "forced_coordination_sparse20": 0.0, "forced_coordination_potter0_20": 1.0, "asymmetric_advantages_sparse20": 119.0, "asymmetric_advantages_potter0_20": 1.0}
[pair_C] {"steps": 2568192, "elapsed_s": 1562.4, "forced_coordination_sparse20": 0.0, "forced_coordination_potter0_20": 1.0, "asymmetric_advantages_sparse20": 127.0, "asymmetric_advantages_potter0_20": 1.0}
[pair_C] {"steps": 2570240, "elapsed_s": 1563.7, "forced_coordination_sparse20": 0.0, "forced_coordination_potter0_20": 1.0, "asymmetric_advantages_sparse20": 123.0, "asymmetric_advantages_potter0_20": 1.0}
[pair_C] {"steps": 2572288, "elapsed_s": 1564.9, "forced_coordination_sparse20": 0.0, "forced_coordination_potter0_20": 1.0, "asymmetric_advantages_sparse20": 122.0, "asymmetric_advantages_potter0_20": 1.0}
[pair_C] {"steps": 2574336, "elapsed_s": 1566.1, "forced_coordination_sparse20": 0.0, "forced_coordination_potter0_20": 1.0, "asymmetric_advantages_sparse20": 121.0, "asymmetric_advantages_potter0_20": 1.0}
[pair_C] {"steps": 2576384, "elapsed_s": 1567.4, "forced_coordination_sparse20": 0.0, "forced_coordination_potter0_20": 1.0, "asymmetric_advantages_sparse20": 126.0, "asymmetric_advantages_potter0_20": 1.0}
[pair_C] {"steps": 2578432, "elapsed_s": 1568.8, "forced_coordination_sparse20": 0.0, "forced_coordination_potter0_20": 1.0, "asymmetric_advantages_sparse20": 127.0, "asymmetric_advantages_potter0_20": 1.0}
[pair_C] {"steps": 2580480, "elapsed_s": 1570.0, "forced_coordination_sparse20": 0.0, "forced_coordination_potter0_20": 1.0, "asymmetric_advantages_sparse20": 136.0, "asymmetric_advantages_potter0_20": 1.0}
[pair_C] {"steps": 2582528, "elapsed_s": 1571.3, "forced_coordination_sparse20": 0.0, "forced_coordination_potter0_20": 1.0, "asymmetric_advantages_sparse20": 136.0, "asymmetric_advantages_potter0_20": 1.0}
[pair_C] {"steps": 2584576, "elapsed_s": 1572.5, "forced_coordination_sparse20": 0.0, "forced_coordination_potter0_20": 1.0, "asymmetric_advantages_sparse20": 137.0, "asymmetric_advantages_potter0_20": 1.0}
[pair_C] {"steps": 2586624, "elapsed_s": 1573.7, "forced_coordination_sparse20": 0.0, "forced_coordination_potter0_20": 1.0, "asymmetric_advantages_sparse20": 137.0, "asymmetric_advantages_potter0_20": 1.0}
[pair_C] {"steps": 2588672, "elapsed_s": 1575.0, "forced_coordination_sparse20": 0.0, "forced_coordination_potter0_20": 1.0, "asymmetric_advantages_sparse20": 137.0, "asymmetric_advantages_potter0_20": 1.0}
[pair_C] {"steps": 2590720, "elapsed_s": 1576.2, "forced_coordination_sparse20": 0.0, "forced_coordination_potter0_20": 1.0, "asymmetric_advantages_sparse20": 136.0, "asymmetric_advantages_potter0_20": 1.0}
[pair_C] {"steps": 2592768, "elapsed_s": 1577.4, "forced_coordination_sparse20": 0.0, "forced_coordination_potter0_20": 1.0, "asymmetric_advantages_sparse20": 134.0, "asymmetric_advantages_potter0_20": 1.0}
[pair_C] {"steps": 2594816, "elapsed_s": 1578.6, "forced_coordination_sparse20": 0.0, "forced_coordination_potter0_20": 1.0, "asymmetric_advantages_sparse20": 135.0, "asymmetric_advantages_potter0_20": 1.0}
[pair_C] {"steps": 2596864, "elapsed_s": 1579.9, "forced_coordination_sparse20": 0.0, "forced_coordination_potter0_20": 1.0, "asymmetric_advantages_sparse20": 140.0, "asymmetric_advantages_potter0_20": 1.0}
[pair_C] {"steps": 2598912, "elapsed_s": 1581.1, "forced_coordination_sparse20": 0.0, "forced_coordination_potter0_20": 1.0, "asymmetric_advantages_sparse20": 136.0, "asymmetric_advantages_potter0_20": 1.0}
[pair_C] {"steps": 2600960, "elapsed_s": 1582.4, "forced_coordination_sparse20": 0.0, "forced_coordination_potter0_20": 1.0, "asymmetric_advantages_sparse20": 133.0, "asymmetric_advantages_potter0_20": 1.0}
[pair_C] {"steps": 2603008, "elapsed_s": 1583.6, "forced_coordination_sparse20": 0.0, "forced_coordination_potter0_20": 1.0, "asymmetric_advantages_sparse20": 130.0, "asymmetric_advantages_potter0_20": 1.0}
[pair_C] {"steps": 2605056, "elapsed_s": 1584.9, "forced_coordination_sparse20": 0.0, "forced_coordination_potter0_20": 1.0, "asymmetric_advantages_sparse20": 123.0, "asymmetric_advantages_potter0_20": 1.0}
[pair_C] {"steps": 2607104, "elapsed_s": 1586.1, "forced_coordination_sparse20": 0.0, "forced_coordination_potter0_20": 1.0, "asymmetric_advantages_sparse20": 126.0, "asymmetric_advantages_potter0_20": 1.0}
[pair_C] {"steps": 2609152, "elapsed_s": 1587.3, "forced_coordination_sparse20": 0.0, "forced_coordination_potter0_20": 1.0, "asymmetric_advantages_sparse20": 128.0, "asymmetric_advantages_potter0_20": 1.0}
[pair_C] {"steps": 2611200, "elapsed_s": 1588.5, "forced_coordination_sparse20": 0.0, "forced_coordination_potter0_20": 1.0, "asymmetric_advantages_sparse20": 129.0, "asymmetric_advantages_potter0_20": 1.0}
[pair_C] {"steps": 2613248, "elapsed_s": 1589.8, "forced_coordination_sparse20": 0.0, "forced_coordination_potter0_20": 1.0, "asymmetric_advantages_sparse20": 129.0, "asymmetric_advantages_potter0_20": 1.0}
[pair_C] {"steps": 2615296, "elapsed_s": 1591.1, "forced_coordination_sparse20": 0.0, "forced_coordination_potter0_20": 1.0, "asymmetric_advantages_sparse20": 125.0, "asymmetric_advantages_potter0_20": 1.0}
[pair_C] {"steps": 2617344, "elapsed_s": 1592.3, "forced_coordination_sparse20": 0.0, "forced_coordination_potter0_20": 1.0, "asymmetric_advantages_sparse20": 124.0, "asymmetric_advantages_potter0_20": 1.0}
[pair_C] {"steps": 2619392, "elapsed_s": 1593.6, "forced_coordination_sparse20": 0.0, "forced_coordination_potter0_20": 1.0, "asymmetric_advantages_sparse20": 127.0, "asymmetric_advantages_potter0_20": 1.0}
[pair_C] {"steps": 2621440, "elapsed_s": 1594.9, "forced_coordination_sparse20": 0.0, "forced_coordination_potter0_20": 1.0, "asymmetric_advantages_sparse20": 126.0, "asymmetric_advantages_potter0_20": 1.0}
[pair_C] {"steps": 2623488, "elapsed_s": 1596.3, "forced_coordination_sparse20": 0.0, "forced_coordination_potter0_20": 1.0, "asymmetric_advantages_sparse20": 134.0, "asymmetric_advantages_potter0_20": 1.0}
[pair_C] {"steps": 2625536, "elapsed_s": 1597.6, "forced_coordination_sparse20": 0.0, "forced_coordination_potter0_20": 1.0, "asymmetric_advantages_sparse20": 133.0, "asymmetric_advantages_potter0_20": 1.0}
[pair_C] {"steps": 2627584, "elapsed_s": 1598.8, "forced_coordination_sparse20": 0.0, "forced_coordination_potter0_20": 1.0, "asymmetric_advantages_sparse20": 136.0, "asymmetric_advantages_potter0_20": 1.0}
[pair_C] {"steps": 2629632, "elapsed_s": 1600.0, "forced_coordination_sparse20": 0.0, "forced_coordination_potter0_20": 1.0, "asymmetric_advantages_sparse20": 137.0, "asymmetric_advantages_potter0_20": 1.0}
[pair_C] {"steps": 2631680, "elapsed_s": 1601.3, "forced_coordination_sparse20": 0.0, "forced_coordination_potter0_20": 1.0, "asymmetric_advantages_sparse20": 134.0, "asymmetric_advantages_potter0_20": 1.0}
[pair_C] {"steps": 2633728, "elapsed_s": 1602.5, "forced_coordination_sparse20": 0.0, "forced_coordination_potter0_20": 1.0, "asymmetric_advantages_sparse20": 132.0, "asymmetric_advantages_potter0_20": 1.0}
[pair_C] {"steps": 2635776, "elapsed_s": 1603.7, "forced_coordination_sparse20": 0.0, "forced_coordination_potter0_20": 1.0, "asymmetric_advantages_sparse20": 133.0, "asymmetric_advantages_potter0_20": 1.0}
[pair_C] {"steps": 2637824, "elapsed_s": 1605.0, "forced_coordination_sparse20": 0.0, "forced_coordination_potter0_20": 1.0, "asymmetric_advantages_sparse20": 137.0, "asymmetric_advantages_potter0_20": 1.0}
[pair_C] {"steps": 2639872, "elapsed_s": 1606.2, "forced_coordination_sparse20": 0.0, "forced_coordination_potter0_20": 1.0, "asymmetric_advantages_sparse20": 138.0, "asymmetric_advantages_potter0_20": 1.0}
[pair_C] {"steps": 2641920, "elapsed_s": 1607.5, "forced_coordination_sparse20": 0.0, "forced_coordination_potter0_20": 1.0, "asymmetric_advantages_sparse20": 141.0, "asymmetric_advantages_potter0_20": 1.0}
[pair_C] {"steps": 2643968, "elapsed_s": 1609.1, "forced_coordination_sparse20": 0.0, "forced_coordination_potter0_20": 1.0, "asymmetric_advantages_sparse20": 137.0, "asymmetric_advantages_potter0_20": 1.0}
[pair_C] {"steps": 2646016, "elapsed_s": 1610.4, "forced_coordination_sparse20": 0.0, "forced_coordination_potter0_20": 1.0, "asymmetric_advantages_sparse20": 131.0, "asymmetric_advantages_potter0_20": 1.0}
[pair_C] {"steps": 2648064, "elapsed_s": 1611.6, "forced_coordination_sparse20": 0.0, "forced_coordination_potter0_20": 1.0, "asymmetric_advantages_sparse20": 139.0, "asymmetric_advantages_potter0_20": 1.0}
[pair_C] {"steps": 2650112, "elapsed_s": 1612.8, "forced_coordination_sparse20": 0.0, "forced_coordination_potter0_20": 1.0, "asymmetric_advantages_sparse20": 139.0, "asymmetric_advantages_potter0_20": 1.0}
[pair_C] {"steps": 2652160, "elapsed_s": 1613.9, "forced_coordination_sparse20": 0.0, "forced_coordination_potter0_20": 1.0, "asymmetric_advantages_sparse20": 140.0, "asymmetric_advantages_potter0_20": 1.0}
[pair_C] {"steps": 2654208, "elapsed_s": 1615.2, "forced_coordination_sparse20": 0.0, "forced_coordination_potter0_20": 1.0, "asymmetric_advantages_sparse20": 141.0, "asymmetric_advantages_potter0_20": 1.0}
[pair_C] {"steps": 2656256, "elapsed_s": 1616.4, "forced_coordination_sparse20": 0.0, "forced_coordination_potter0_20": 1.0, "asymmetric_advantages_sparse20": 147.0, "asymmetric_advantages_potter0_20": 1.0}
[pair_C] {"steps": 2658304, "elapsed_s": 1617.9, "forced_coordination_sparse20": 0.0, "forced_coordination_potter0_20": 1.0, "asymmetric_advantages_sparse20": 149.0, "asymmetric_advantages_potter0_20": 1.0}
[pair_C] {"steps": 2660352, "elapsed_s": 1619.4, "forced_coordination_sparse20": 0.0, "forced_coordination_potter0_20": 1.0, "asymmetric_advantages_sparse20": 144.0, "asymmetric_advantages_potter0_20": 1.0}
[pair_C] {"steps": 2662400, "elapsed_s": 1620.9, "forced_coordination_sparse20": 0.0, "forced_coordination_potter0_20": 1.0, "asymmetric_advantages_sparse20": 146.0, "asymmetric_advantages_potter0_20": 1.0}
[pair_C] {"steps": 2664448, "elapsed_s": 1622.1, "forced_coordination_sparse20": 0.0, "forced_coordination_potter0_20": 1.0, "asymmetric_advantages_sparse20": 141.0, "asymmetric_advantages_potter0_20": 1.0}
[pair_C] {"steps": 2666496, "elapsed_s": 1623.4, "forced_coordination_sparse20": 0.0, "forced_coordination_potter0_20": 1.0, "asymmetric_advantages_sparse20": 143.0, "asymmetric_advantages_potter0_20": 1.0}
[pair_C] {"steps": 2668544, "elapsed_s": 1624.6, "forced_coordination_sparse20": 0.0, "forced_coordination_potter0_20": 1.0, "asymmetric_advantages_sparse20": 135.0, "asymmetric_advantages_potter0_20": 1.0}
[pair_C] {"steps": 2670592, "elapsed_s": 1626.0, "forced_coordination_sparse20": 0.0, "forced_coordination_potter0_20": 1.0, "asymmetric_advantages_sparse20": 124.0, "asymmetric_advantages_potter0_20": 1.0}
[pair_C] {"steps": 2672640, "elapsed_s": 1627.2, "forced_coordination_sparse20": 0.0, "forced_coordination_potter0_20": 1.0, "asymmetric_advantages_sparse20": 121.0, "asymmetric_advantages_potter0_20": 1.0}
[pair_C] {"steps": 2674688, "elapsed_s": 1628.4, "forced_coordination_sparse20": 0.0, "forced_coordination_potter0_20": 1.0, "asymmetric_advantages_sparse20": 124.0, "asymmetric_advantages_potter0_20": 1.0}
[pair_C] {"steps": 2676736, "elapsed_s": 1629.6, "forced_coordination_sparse20": 0.0, "forced_coordination_potter0_20": 1.0, "asymmetric_advantages_sparse20": 126.0, "asymmetric_advantages_potter0_20": 1.0}
[pair_C] {"steps": 2678784, "elapsed_s": 1630.8, "forced_coordination_sparse20": 0.0, "forced_coordination_potter0_20": 1.0, "asymmetric_advantages_sparse20": 123.0, "asymmetric_advantages_potter0_20": 1.0}
[pair_C] {"steps": 2680832, "elapsed_s": 1632.0, "forced_coordination_sparse20": 0.0, "forced_coordination_potter0_20": 1.0, "asymmetric_advantages_sparse20": 121.0, "asymmetric_advantages_potter0_20": 1.0}
[pair_C] {"steps": 2682880, "elapsed_s": 1633.2, "forced_coordination_sparse20": 0.0, "forced_coordination_potter0_20": 1.0, "asymmetric_advantages_sparse20": 125.0, "asymmetric_advantages_potter0_20": 1.0}
[pair_C] {"steps": 2684928, "elapsed_s": 1634.4, "forced_coordination_sparse20": 0.0, "forced_coordination_potter0_20": 1.0, "asymmetric_advantages_sparse20": 133.0, "asymmetric_advantages_potter0_20": 1.0}
[pair_C] {"steps": 2686976, "elapsed_s": 1635.6, "forced_coordination_sparse20": 0.0, "forced_coordination_potter0_20": 1.0, "asymmetric_advantages_sparse20": 133.0, "asymmetric_advantages_potter0_20": 1.0}
[pair_C] {"steps": 2689024, "elapsed_s": 1636.8, "forced_coordination_sparse20": 0.0, "forced_coordination_potter0_20": 1.0, "asymmetric_advantages_sparse20": 135.0, "asymmetric_advantages_potter0_20": 1.0}
[pair_C] {"steps": 2691072, "elapsed_s": 1638.0, "forced_coordination_sparse20": 0.0, "forced_coordination_potter0_20": 1.0, "asymmetric_advantages_sparse20": 135.0, "asymmetric_advantages_potter0_20": 1.0}
[pair_C] {"steps": 2693120, "elapsed_s": 1639.1, "forced_coordination_sparse20": 0.0, "forced_coordination_potter0_20": 1.0, "asymmetric_advantages_sparse20": 137.0, "asymmetric_advantages_potter0_20": 1.0}
[pair_C] {"steps": 2695168, "elapsed_s": 1640.3, "forced_coordination_sparse20": 0.0, "forced_coordination_potter0_20": 1.0, "asymmetric_advantages_sparse20": 138.0, "asymmetric_advantages_potter0_20": 1.0}
[pair_C] {"steps": 2697216, "elapsed_s": 1641.4, "forced_coordination_sparse20": 0.0, "forced_coordination_potter0_20": 1.0, "asymmetric_advantages_sparse20": 139.0, "asymmetric_advantages_potter0_20": 1.0}
[pair_C] {"steps": 2699264, "elapsed_s": 1642.7, "forced_coordination_sparse20": 0.0, "forced_coordination_potter0_20": 1.0, "asymmetric_advantages_sparse20": 139.0, "asymmetric_advantages_potter0_20": 1.0}
[pair_C] {"steps": 2701312, "elapsed_s": 1643.9, "forced_coordination_sparse20": 0.0, "forced_coordination_potter0_20": 1.0, "asymmetric_advantages_sparse20": 147.0, "asymmetric_advantages_potter0_20": 1.0}
[pair_C] {"steps": 2703360, "elapsed_s": 1645.0, "forced_coordination_sparse20": 0.0, "forced_coordination_potter0_20": 1.0, "asymmetric_advantages_sparse20": 144.0, "asymmetric_advantages_potter0_20": 1.0}
[pair_C] {"steps": 2705408, "elapsed_s": 1646.2, "forced_coordination_sparse20": 0.0, "forced_coordination_potter0_20": 1.0, "asymmetric_advantages_sparse20": 140.0, "asymmetric_advantages_potter0_20": 1.0}
[pair_C] {"steps": 2707456, "elapsed_s": 1647.4, "forced_coordination_sparse20": 0.0, "forced_coordination_potter0_20": 1.0, "asymmetric_advantages_sparse20": 143.0, "asymmetric_advantages_potter0_20": 1.0}
[pair_C] {"steps": 2709504, "elapsed_s": 1648.6, "forced_coordination_sparse20": 0.0, "forced_coordination_potter0_20": 1.0, "asymmetric_advantages_sparse20": 143.0, "asymmetric_advantages_potter0_20": 1.0}
[pair_C] {"steps": 2711552, "elapsed_s": 1649.9, "forced_coordination_sparse20": 0.0, "forced_coordination_potter0_20": 1.0, "asymmetric_advantages_sparse20": 139.0, "asymmetric_advantages_potter0_20": 1.0}
[pair_C] {"steps": 2713600, "elapsed_s": 1651.0, "forced_coordination_sparse20": 0.0, "forced_coordination_potter0_20": 1.0, "asymmetric_advantages_sparse20": 141.0, "asymmetric_advantages_potter0_20": 1.0}
[pair_C] {"steps": 2715648, "elapsed_s": 1652.2, "forced_coordination_sparse20": 0.0, "forced_coordination_potter0_20": 1.0, "asymmetric_advantages_sparse20": 141.0, "asymmetric_advantages_potter0_20": 1.0}
[pair_C] {"steps": 2717696, "elapsed_s": 1653.3, "forced_coordination_sparse20": 0.0, "forced_coordination_potter0_20": 1.0, "asymmetric_advantages_sparse20": 141.0, "asymmetric_advantages_potter0_20": 1.0}
[pair_C] {"steps": 2719744, "elapsed_s": 1654.5, "forced_coordination_sparse20": 0.0, "forced_coordination_potter0_20": 1.0, "asymmetric_advantages_sparse20": 141.0, "asymmetric_advantages_potter0_20": 1.0}
[pair_C] {"steps": 2721792, "elapsed_s": 1655.7, "forced_coordination_sparse20": 0.0, "forced_coordination_potter0_20": 1.0, "asymmetric_advantages_sparse20": 134.0, "asymmetric_advantages_potter0_20": 1.0}
[pair_C] {"steps": 2723840, "elapsed_s": 1656.8, "forced_coordination_sparse20": 0.0, "forced_coordination_potter0_20": 1.0, "asymmetric_advantages_sparse20": 132.0, "asymmetric_advantages_potter0_20": 1.0}
[pair_C] {"steps": 2725888, "elapsed_s": 1658.0, "forced_coordination_sparse20": 0.0, "forced_coordination_potter0_20": 1.0, "asymmetric_advantages_sparse20": 126.0, "asymmetric_advantages_potter0_20": 1.0}
[pair_C] {"steps": 2727936, "elapsed_s": 1659.3, "forced_coordination_sparse20": 0.0, "forced_coordination_potter0_20": 1.0, "asymmetric_advantages_sparse20": 124.0, "asymmetric_advantages_potter0_20": 1.0}
[pair_C] {"steps": 2729984, "elapsed_s": 1660.5, "forced_coordination_sparse20": 0.0, "forced_coordination_potter0_20": 1.0, "asymmetric_advantages_sparse20": 126.0, "asymmetric_advantages_potter0_20": 1.0}
[pair_C] {"steps": 2732032, "elapsed_s": 1661.7, "forced_coordination_sparse20": 0.0, "forced_coordination_potter0_20": 1.0, "asymmetric_advantages_sparse20": 126.0, "asymmetric_advantages_potter0_20": 1.0}
[pair_C] {"steps": 2734080, "elapsed_s": 1662.9, "forced_coordination_sparse20": 0.0, "forced_coordination_potter0_20": 1.0, "asymmetric_advantages_sparse20": 134.0, "asymmetric_advantages_potter0_20": 1.0}
[pair_C] {"steps": 2736128, "elapsed_s": 1664.0, "forced_coordination_sparse20": 0.0, "forced_coordination_potter0_20": 1.0, "asymmetric_advantages_sparse20": 134.0, "asymmetric_advantages_potter0_20": 1.0}
[pair_C] {"steps": 2738176, "elapsed_s": 1665.2, "forced_coordination_sparse20": 0.0, "forced_coordination_potter0_20": 1.0, "asymmetric_advantages_sparse20": 129.0, "asymmetric_advantages_potter0_20": 1.0}
[pair_C] {"steps": 2740224, "elapsed_s": 1666.4, "forced_coordination_sparse20": 0.0, "forced_coordination_potter0_20": 1.0, "asymmetric_advantages_sparse20": 134.0, "asymmetric_advantages_potter0_20": 1.0}
[pair_C] {"steps": 2742272, "elapsed_s": 1667.6, "forced_coordination_sparse20": 0.0, "forced_coordination_potter0_20": 1.0, "asymmetric_advantages_sparse20": 134.0, "asymmetric_advantages_potter0_20": 1.0}
[pair_C] {"steps": 2744320, "elapsed_s": 1668.8, "forced_coordination_sparse20": 0.0, "forced_coordination_potter0_20": 1.0, "asymmetric_advantages_sparse20": 139.0, "asymmetric_advantages_potter0_20": 1.0}
[pair_C] {"steps": 2746368, "elapsed_s": 1670.0, "forced_coordination_sparse20": 0.0, "forced_coordination_potter0_20": 1.0, "asymmetric_advantages_sparse20": 137.0, "asymmetric_advantages_potter0_20": 1.0}
[pair_C] {"steps": 2748416, "elapsed_s": 1671.1, "forced_coordination_sparse20": 0.0, "forced_coordination_potter0_20": 1.0, "asymmetric_advantages_sparse20": 138.0, "asymmetric_advantages_potter0_20": 1.0}
[pair_C] {"steps": 2750464, "elapsed_s": 1672.3, "forced_coordination_sparse20": 0.0, "forced_coordination_potter0_20": 1.0, "asymmetric_advantages_sparse20": 133.0, "asymmetric_advantages_potter0_20": 1.0}
[pair_C] {"steps": 2752512, "elapsed_s": 1673.5, "forced_coordination_sparse20": 0.0, "forced_coordination_potter0_20": 1.0, "asymmetric_advantages_sparse20": 146.0, "asymmetric_advantages_potter0_20": 1.0}
[pair_C] {"steps": 2754560, "elapsed_s": 1674.7, "forced_coordination_sparse20": 0.0, "forced_coordination_potter0_20": 1.0, "asymmetric_advantages_sparse20": 144.0, "asymmetric_advantages_potter0_20": 1.0}
[pair_C] {"steps": 2756608, "elapsed_s": 1675.9, "forced_coordination_sparse20": 0.0, "forced_coordination_potter0_20": 1.0, "asymmetric_advantages_sparse20": 147.0, "asymmetric_advantages_potter0_20": 1.0}
[pair_C] {"steps": 2758656, "elapsed_s": 1677.1, "forced_coordination_sparse20": 0.0, "forced_coordination_potter0_20": 1.0, "asymmetric_advantages_sparse20": 151.0, "asymmetric_advantages_potter0_20": 1.0}
[pair_C] {"steps": 2760704, "elapsed_s": 1678.4, "forced_coordination_sparse20": 0.0, "forced_coordination_potter0_20": 1.0, "asymmetric_advantages_sparse20": 158.0, "asymmetric_advantages_potter0_20": 1.0}
[pair_C] {"steps": 2762752, "elapsed_s": 1679.6, "forced_coordination_sparse20": 0.0, "forced_coordination_potter0_20": 1.0, "asymmetric_advantages_sparse20": 148.0, "asymmetric_advantages_potter0_20": 1.0}
[pair_C] {"steps": 2764800, "elapsed_s": 1680.8, "forced_coordination_sparse20": 0.0, "forced_coordination_potter0_20": 1.0, "asymmetric_advantages_sparse20": 147.0, "asymmetric_advantages_potter0_20": 1.0}
[pair_C] {"steps": 2766848, "elapsed_s": 1682.0, "forced_coordination_sparse20": 0.0, "forced_coordination_potter0_20": 1.0, "asymmetric_advantages_sparse20": 152.0, "asymmetric_advantages_potter0_20": 1.0}
[pair_C] {"steps": 2768896, "elapsed_s": 1683.2, "forced_coordination_sparse20": 0.0, "forced_coordination_potter0_20": 1.0, "asymmetric_advantages_sparse20": 155.0, "asymmetric_advantages_potter0_20": 1.0}
[pair_C] {"steps": 2770944, "elapsed_s": 1684.4, "forced_coordination_sparse20": 0.0, "forced_coordination_potter0_20": 1.0, "asymmetric_advantages_sparse20": 145.0, "asymmetric_advantages_potter0_20": 1.0}
[pair_C] {"steps": 2772992, "elapsed_s": 1685.6, "forced_coordination_sparse20": 0.0, "forced_coordination_potter0_20": 1.0, "asymmetric_advantages_sparse20": 146.0, "asymmetric_advantages_potter0_20": 1.0}
[pair_C] {"steps": 2775040, "elapsed_s": 1686.8, "forced_coordination_sparse20": 0.0, "forced_coordination_potter0_20": 1.0, "asymmetric_advantages_sparse20": 146.0, "asymmetric_advantages_potter0_20": 1.0}
[pair_C] {"steps": 2777088, "elapsed_s": 1687.9, "forced_coordination_sparse20": 0.0, "forced_coordination_potter0_20": 1.0, "asymmetric_advantages_sparse20": 150.0, "asymmetric_advantages_potter0_20": 1.0}
[pair_C] {"steps": 2779136, "elapsed_s": 1689.1, "forced_coordination_sparse20": 0.0, "forced_coordination_potter0_20": 1.0, "asymmetric_advantages_sparse20": 150.0, "asymmetric_advantages_potter0_20": 1.0}
[pair_C] {"steps": 2781184, "elapsed_s": 1690.3, "forced_coordination_sparse20": 0.0, "forced_coordination_potter0_20": 1.0, "asymmetric_advantages_sparse20": 154.0, "asymmetric_advantages_potter0_20": 1.0}
[pair_C] {"steps": 2783232, "elapsed_s": 1691.5, "forced_coordination_sparse20": 0.0, "forced_coordination_potter0_20": 1.0, "asymmetric_advantages_sparse20": 158.0, "asymmetric_advantages_potter0_20": 1.0}
[pair_C] {"steps": 2785280, "elapsed_s": 1692.9, "forced_coordination_sparse20": 0.0, "forced_coordination_potter0_20": 1.0, "asymmetric_advantages_sparse20": 149.0, "asymmetric_advantages_potter0_20": 1.0}
[pair_C] {"steps": 2787328, "elapsed_s": 1694.1, "forced_coordination_sparse20": 0.0, "forced_coordination_potter0_20": 1.0, "asymmetric_advantages_sparse20": 160.0, "asymmetric_advantages_potter0_20": 1.0}
[pair_C] {"steps": 2789376, "elapsed_s": 1695.3, "forced_coordination_sparse20": 0.0, "forced_coordination_potter0_20": 1.0, "asymmetric_advantages_sparse20": 159.0, "asymmetric_advantages_potter0_20": 1.0}
[pair_C] {"steps": 2791424, "elapsed_s": 1696.5, "forced_coordination_sparse20": 0.0, "forced_coordination_potter0_20": 1.0, "asymmetric_advantages_sparse20": 156.0, "asymmetric_advantages_potter0_20": 1.0}
[pair_C] {"steps": 2793472, "elapsed_s": 1697.7, "forced_coordination_sparse20": 0.0, "forced_coordination_potter0_20": 1.0, "asymmetric_advantages_sparse20": 153.0, "asymmetric_advantages_potter0_20": 1.0}
[pair_C] {"steps": 2795520, "elapsed_s": 1699.0, "forced_coordination_sparse20": 0.0, "forced_coordination_potter0_20": 1.0, "asymmetric_advantages_sparse20": 154.0, "asymmetric_advantages_potter0_20": 1.0}
[pair_C] {"steps": 2797568, "elapsed_s": 1700.2, "forced_coordination_sparse20": 0.0, "forced_coordination_potter0_20": 1.0, "asymmetric_advantages_sparse20": 154.0, "asymmetric_advantages_potter0_20": 1.0}
[pair_C] {"steps": 2799616, "elapsed_s": 1701.4, "forced_coordination_sparse20": 0.0, "forced_coordination_potter0_20": 1.0, "asymmetric_advantages_sparse20": 146.0, "asymmetric_advantages_potter0_20": 1.0}
[pair_C] {"steps": 2801664, "elapsed_s": 1702.6, "forced_coordination_sparse20": 0.0, "forced_coordination_potter0_20": 1.0, "asymmetric_advantages_sparse20": 145.0, "asymmetric_advantages_potter0_20": 1.0}
[pair_C] {"steps": 2803712, "elapsed_s": 1703.9, "forced_coordination_sparse20": 0.0, "forced_coordination_potter0_20": 1.0, "asymmetric_advantages_sparse20": 146.0, "asymmetric_advantages_potter0_20": 1.0}
[pair_C] {"steps": 2805760, "elapsed_s": 1705.2, "forced_coordination_sparse20": 0.0, "forced_coordination_potter0_20": 1.0, "asymmetric_advantages_sparse20": 152.0, "asymmetric_advantages_potter0_20": 1.0}
[pair_C] {"steps": 2807808, "elapsed_s": 1706.4, "forced_coordination_sparse20": 0.0, "forced_coordination_potter0_20": 1.0, "asymmetric_advantages_sparse20": 153.0, "asymmetric_advantages_potter0_20": 1.0}
[pair_C] {"steps": 2809856, "elapsed_s": 1707.7, "forced_coordination_sparse20": 0.0, "forced_coordination_potter0_20": 1.0, "asymmetric_advantages_sparse20": 159.0, "asymmetric_advantages_potter0_20": 1.0}
[pair_C] {"steps": 2811904, "elapsed_s": 1708.9, "forced_coordination_sparse20": 0.0, "forced_coordination_potter0_20": 1.0, "asymmetric_advantages_sparse20": 166.0, "asymmetric_advantages_potter0_20": 1.0}
[pair_C] {"steps": 2813952, "elapsed_s": 1710.1, "forced_coordination_sparse20": 0.0, "forced_coordination_potter0_20": 1.0, "asymmetric_advantages_sparse20": 167.0, "asymmetric_advantages_potter0_20": 1.0}
[pair_C] {"steps": 2816000, "elapsed_s": 1711.3, "forced_coordination_sparse20": 0.0, "forced_coordination_potter0_20": 1.0, "asymmetric_advantages_sparse20": 167.0, "asymmetric_advantages_potter0_20": 1.0}
[pair_C] {"steps": 2818048, "elapsed_s": 1712.5, "forced_coordination_sparse20": 0.0, "forced_coordination_potter0_20": 1.0, "asymmetric_advantages_sparse20": 156.0, "asymmetric_advantages_potter0_20": 1.0}
[pair_C] {"steps": 2820096, "elapsed_s": 1713.7, "forced_coordination_sparse20": 0.0, "forced_coordination_potter0_20": 1.0, "asymmetric_advantages_sparse20": 156.0, "asymmetric_advantages_potter0_20": 1.0}
[pair_C] {"steps": 2822144, "elapsed_s": 1714.9, "forced_coordination_sparse20": 0.0, "forced_coordination_potter0_20": 1.0, "asymmetric_advantages_sparse20": 158.0, "asymmetric_advantages_potter0_20": 1.0}
[pair_C] {"steps": 2824192, "elapsed_s": 1716.1, "forced_coordination_sparse20": 0.0, "forced_coordination_potter0_20": 1.0, "asymmetric_advantages_sparse20": 157.0, "asymmetric_advantages_potter0_20": 1.0}
[pair_C] {"steps": 2826240, "elapsed_s": 1717.3, "forced_coordination_sparse20": 0.0, "forced_coordination_potter0_20": 1.0, "asymmetric_advantages_sparse20": 155.0, "asymmetric_advantages_potter0_20": 1.0}
[pair_C] {"steps": 2828288, "elapsed_s": 1718.6, "forced_coordination_sparse20": 0.0, "forced_coordination_potter0_20": 1.0, "asymmetric_advantages_sparse20": 155.0, "asymmetric_advantages_potter0_20": 1.0}
[pair_C] {"steps": 2830336, "elapsed_s": 1719.8, "forced_coordination_sparse20": 0.0, "forced_coordination_potter0_20": 1.0, "asymmetric_advantages_sparse20": 149.0, "asymmetric_advantages_potter0_20": 1.0}
[pair_C] {"steps": 2832384, "elapsed_s": 1721.0, "forced_coordination_sparse20": 0.0, "forced_coordination_potter0_20": 1.0, "asymmetric_advantages_sparse20": 151.0, "asymmetric_advantages_potter0_20": 1.0}
[pair_C] {"steps": 2834432, "elapsed_s": 1722.3, "forced_coordination_sparse20": 0.0, "forced_coordination_potter0_20": 1.0, "asymmetric_advantages_sparse20": 160.0, "asymmetric_advantages_potter0_20": 1.0}
[pair_C] {"steps": 2836480, "elapsed_s": 1723.9, "forced_coordination_sparse20": 0.0, "forced_coordination_potter0_20": 1.0, "asymmetric_advantages_sparse20": 153.0, "asymmetric_advantages_potter0_20": 1.0}
[pair_C] {"steps": 2838528, "elapsed_s": 1725.2, "forced_coordination_sparse20": 0.0, "forced_coordination_potter0_20": 1.0, "asymmetric_advantages_sparse20": 153.0, "asymmetric_advantages_potter0_20": 1.0}
[pair_C] {"steps": 2840576, "elapsed_s": 1726.5, "forced_coordination_sparse20": 0.0, "forced_coordination_potter0_20": 1.0, "asymmetric_advantages_sparse20": 140.0, "asymmetric_advantages_potter0_20": 1.0}
[pair_C] {"steps": 2842624, "elapsed_s": 1727.7, "forced_coordination_sparse20": 0.0, "forced_coordination_potter0_20": 1.0, "asymmetric_advantages_sparse20": 136.0, "asymmetric_advantages_potter0_20": 1.0}
[pair_C] {"steps": 2844672, "elapsed_s": 1728.9, "forced_coordination_sparse20": 0.0, "forced_coordination_potter0_20": 1.0, "asymmetric_advantages_sparse20": 134.0, "asymmetric_advantages_potter0_20": 1.0}
[pair_C] {"steps": 2846720, "elapsed_s": 1730.1, "forced_coordination_sparse20": 0.0, "forced_coordination_potter0_20": 1.0, "asymmetric_advantages_sparse20": 126.0, "asymmetric_advantages_potter0_20": 1.0}
[pair_C] {"steps": 2848768, "elapsed_s": 1731.4, "forced_coordination_sparse20": 0.0, "forced_coordination_potter0_20": 1.0, "asymmetric_advantages_sparse20": 123.0, "asymmetric_advantages_potter0_20": 1.0}
[pair_C] {"steps": 2850816, "elapsed_s": 1732.6, "forced_coordination_sparse20": 0.0, "forced_coordination_potter0_20": 1.0, "asymmetric_advantages_sparse20": 122.0, "asymmetric_advantages_potter0_20": 1.0}
[pair_C] {"steps": 2852864, "elapsed_s": 1733.7, "forced_coordination_sparse20": 0.0, "forced_coordination_potter0_20": 1.0, "asymmetric_advantages_sparse20": 122.0, "asymmetric_advantages_potter0_20": 1.0}
[pair_C] {"steps": 2854912, "elapsed_s": 1734.9, "forced_coordination_sparse20": 0.0, "forced_coordination_potter0_20": 1.0, "asymmetric_advantages_sparse20": 119.0, "asymmetric_advantages_potter0_20": 1.0}
[pair_C] {"steps": 2856960, "elapsed_s": 1736.2, "forced_coordination_sparse20": 0.0, "forced_coordination_potter0_20": 1.0, "asymmetric_advantages_sparse20": 109.0, "asymmetric_advantages_potter0_20": 1.0}
[pair_C] {"steps": 2859008, "elapsed_s": 1737.8, "forced_coordination_sparse20": 0.0, "forced_coordination_potter0_20": 1.0, "asymmetric_advantages_sparse20": 119.0, "asymmetric_advantages_potter0_20": 1.0}
[pair_C] {"steps": 2861056, "elapsed_s": 1739.4, "forced_coordination_sparse20": 0.0, "forced_coordination_potter0_20": 1.0, "asymmetric_advantages_sparse20": 127.0, "asymmetric_advantages_potter0_20": 1.0}
[pair_C] {"steps": 2863104, "elapsed_s": 1740.9, "forced_coordination_sparse20": 0.0, "forced_coordination_potter0_20": 1.0, "asymmetric_advantages_sparse20": 129.0, "asymmetric_advantages_potter0_20": 1.0}
[pair_C] {"steps": 2865152, "elapsed_s": 1742.5, "forced_coordination_sparse20": 0.0, "forced_coordination_potter0_20": 1.0, "asymmetric_advantages_sparse20": 132.0, "asymmetric_advantages_potter0_20": 1.0}
[pair_C] {"steps": 2867200, "elapsed_s": 1743.9, "forced_coordination_sparse20": 0.0, "forced_coordination_potter0_20": 1.0, "asymmetric_advantages_sparse20": 130.0, "asymmetric_advantages_potter0_20": 1.0}
[pair_C] {"steps": 2869248, "elapsed_s": 1745.1, "forced_coordination_sparse20": 0.0, "forced_coordination_potter0_20": 1.0, "asymmetric_advantages_sparse20": 130.0, "asymmetric_advantages_potter0_20": 1.0}
[pair_C] {"steps": 2871296, "elapsed_s": 1746.2, "forced_coordination_sparse20": 0.0, "forced_coordination_potter0_20": 1.0, "asymmetric_advantages_sparse20": 135.0, "asymmetric_advantages_potter0_20": 1.0}
[pair_C] {"steps": 2873344, "elapsed_s": 1747.5, "forced_coordination_sparse20": 0.0, "forced_coordination_potter0_20": 1.0, "asymmetric_advantages_sparse20": 139.0, "asymmetric_advantages_potter0_20": 1.0}
[pair_C] {"steps": 2875392, "elapsed_s": 1748.7, "forced_coordination_sparse20": 0.0, "forced_coordination_potter0_20": 1.0, "asymmetric_advantages_sparse20": 133.0, "asymmetric_advantages_potter0_20": 1.0}
[pair_C] {"steps": 2877440, "elapsed_s": 1749.9, "forced_coordination_sparse20": 0.0, "forced_coordination_potter0_20": 1.0, "asymmetric_advantages_sparse20": 134.0, "asymmetric_advantages_potter0_20": 1.0}
[pair_C] {"steps": 2879488, "elapsed_s": 1751.1, "forced_coordination_sparse20": 0.0, "forced_coordination_potter0_20": 1.0, "asymmetric_advantages_sparse20": 133.0, "asymmetric_advantages_potter0_20": 1.0}
[pair_C] {"steps": 2881536, "elapsed_s": 1752.4, "forced_coordination_sparse20": 0.0, "forced_coordination_potter0_20": 1.0, "asymmetric_advantages_sparse20": 131.0, "asymmetric_advantages_potter0_20": 1.0}
[pair_C] {"steps": 2883584, "elapsed_s": 1753.6, "forced_coordination_sparse20": 0.0, "forced_coordination_potter0_20": 1.0, "asymmetric_advantages_sparse20": 135.0, "asymmetric_advantages_potter0_20": 1.0}
[pair_C] {"steps": 2885632, "elapsed_s": 1754.9, "forced_coordination_sparse20": 0.0, "forced_coordination_potter0_20": 1.0, "asymmetric_advantages_sparse20": 137.0, "asymmetric_advantages_potter0_20": 1.0}
[pair_C] {"steps": 2887680, "elapsed_s": 1756.0, "forced_coordination_sparse20": 0.0, "forced_coordination_potter0_20": 1.0, "asymmetric_advantages_sparse20": 137.0, "asymmetric_advantages_potter0_20": 1.0}
[pair_C] {"steps": 2889728, "elapsed_s": 1757.2, "forced_coordination_sparse20": 0.0, "forced_coordination_potter0_20": 1.0, "asymmetric_advantages_sparse20": 139.0, "asymmetric_advantages_potter0_20": 1.0}
[pair_C] {"steps": 2891776, "elapsed_s": 1758.4, "forced_coordination_sparse20": 0.0, "forced_coordination_potter0_20": 1.0, "asymmetric_advantages_sparse20": 143.0, "asymmetric_advantages_potter0_20": 1.0}
[pair_C] {"steps": 2893824, "elapsed_s": 1759.6, "forced_coordination_sparse20": 0.0, "forced_coordination_potter0_20": 1.0, "asymmetric_advantages_sparse20": 146.0, "asymmetric_advantages_potter0_20": 1.0}
[pair_C] {"steps": 2895872, "elapsed_s": 1760.8, "forced_coordination_sparse20": 0.0, "forced_coordination_potter0_20": 1.0, "asymmetric_advantages_sparse20": 144.0, "asymmetric_advantages_potter0_20": 1.0}
[pair_C] {"steps": 2897920, "elapsed_s": 1762.4, "forced_coordination_sparse20": 0.0, "forced_coordination_potter0_20": 1.0, "asymmetric_advantages_sparse20": 150.0, "asymmetric_advantages_potter0_20": 1.0}
[pair_C] {"steps": 2899968, "elapsed_s": 1764.0, "forced_coordination_sparse20": 0.0, "forced_coordination_potter0_20": 1.0, "asymmetric_advantages_sparse20": 153.0, "asymmetric_advantages_potter0_20": 1.0}
[pair_C] {"steps": 2902016, "elapsed_s": 1765.3, "forced_coordination_sparse20": 0.0, "forced_coordination_potter0_20": 1.0, "asymmetric_advantages_sparse20": 154.0, "asymmetric_advantages_potter0_20": 1.0}
[pair_C] {"steps": 2904064, "elapsed_s": 1766.5, "forced_coordination_sparse20": 0.0, "forced_coordination_potter0_20": 1.0, "asymmetric_advantages_sparse20": 151.0, "asymmetric_advantages_potter0_20": 1.0}
[pair_C] {"steps": 2906112, "elapsed_s": 1767.8, "forced_coordination_sparse20": 0.0, "forced_coordination_potter0_20": 1.0, "asymmetric_advantages_sparse20": 144.0, "asymmetric_advantages_potter0_20": 1.0}
[pair_C] {"steps": 2908160, "elapsed_s": 1768.9, "forced_coordination_sparse20": 0.0, "forced_coordination_potter0_20": 1.0, "asymmetric_advantages_sparse20": 144.0, "asymmetric_advantages_potter0_20": 1.0}
[pair_C] {"steps": 2910208, "elapsed_s": 1770.2, "forced_coordination_sparse20": 0.0, "forced_coordination_potter0_20": 1.0, "asymmetric_advantages_sparse20": 145.0, "asymmetric_advantages_potter0_20": 1.0}
[pair_C] {"steps": 2912256, "elapsed_s": 1771.3, "forced_coordination_sparse20": 0.0, "forced_coordination_potter0_20": 1.0, "asymmetric_advantages_sparse20": 144.0, "asymmetric_advantages_potter0_20": 1.0}
[pair_C] {"steps": 2914304, "elapsed_s": 1772.5, "forced_coordination_sparse20": 0.0, "forced_coordination_potter0_20": 1.0, "asymmetric_advantages_sparse20": 139.0, "asymmetric_advantages_potter0_20": 1.0}
[pair_C] {"steps": 2916352, "elapsed_s": 1773.7, "forced_coordination_sparse20": 0.0, "forced_coordination_potter0_20": 1.0, "asymmetric_advantages_sparse20": 137.0, "asymmetric_advantages_potter0_20": 1.0}
[pair_C] {"steps": 2918400, "elapsed_s": 1774.9, "forced_coordination_sparse20": 0.0, "forced_coordination_potter0_20": 1.0, "asymmetric_advantages_sparse20": 129.0, "asymmetric_advantages_potter0_20": 1.0}
[pair_C] {"steps": 2920448, "elapsed_s": 1776.1, "forced_coordination_sparse20": 0.0, "forced_coordination_potter0_20": 1.0, "asymmetric_advantages_sparse20": 132.0, "asymmetric_advantages_potter0_20": 1.0}
[pair_C] {"steps": 2922496, "elapsed_s": 1777.3, "forced_coordination_sparse20": 0.0, "forced_coordination_potter0_20": 1.0, "asymmetric_advantages_sparse20": 135.0, "asymmetric_advantages_potter0_20": 1.0}
[pair_C] {"steps": 2924544, "elapsed_s": 1778.5, "forced_coordination_sparse20": 0.0, "forced_coordination_potter0_20": 1.0, "asymmetric_advantages_sparse20": 134.0, "asymmetric_advantages_potter0_20": 1.0}
[pair_C] {"steps": 2926592, "elapsed_s": 1779.6, "forced_coordination_sparse20": 0.0, "forced_coordination_potter0_20": 1.0, "asymmetric_advantages_sparse20": 131.0, "asymmetric_advantages_potter0_20": 1.0}
[pair_C] {"steps": 2928640, "elapsed_s": 1780.9, "forced_coordination_sparse20": 0.0, "forced_coordination_potter0_20": 1.0, "asymmetric_advantages_sparse20": 128.0, "asymmetric_advantages_potter0_20": 1.0}
[pair_C] {"steps": 2930688, "elapsed_s": 1782.1, "forced_coordination_sparse20": 0.0, "forced_coordination_potter0_20": 1.0, "asymmetric_advantages_sparse20": 133.0, "asymmetric_advantages_potter0_20": 1.0}
[pair_C] {"steps": 2932736, "elapsed_s": 1783.3, "forced_coordination_sparse20": 0.0, "forced_coordination_potter0_20": 1.0, "asymmetric_advantages_sparse20": 137.0, "asymmetric_advantages_potter0_20": 1.0}
[pair_C] {"steps": 2934784, "elapsed_s": 1784.5, "forced_coordination_sparse20": 0.0, "forced_coordination_potter0_20": 1.0, "asymmetric_advantages_sparse20": 145.0, "asymmetric_advantages_potter0_20": 1.0}
[pair_C] {"steps": 2936832, "elapsed_s": 1785.7, "forced_coordination_sparse20": 0.0, "forced_coordination_potter0_20": 1.0, "asymmetric_advantages_sparse20": 143.0, "asymmetric_advantages_potter0_20": 1.0}
[pair_C] {"steps": 2938880, "elapsed_s": 1786.9, "forced_coordination_sparse20": 0.0, "forced_coordination_potter0_20": 1.0, "asymmetric_advantages_sparse20": 143.0, "asymmetric_advantages_potter0_20": 1.0}
[pair_C] {"steps": 2940928, "elapsed_s": 1788.1, "forced_coordination_sparse20": 0.0, "forced_coordination_potter0_20": 1.0, "asymmetric_advantages_sparse20": 144.0, "asymmetric_advantages_potter0_20": 1.0}
[pair_C] {"steps": 2942976, "elapsed_s": 1789.4, "forced_coordination_sparse20": 0.0, "forced_coordination_potter0_20": 1.0, "asymmetric_advantages_sparse20": 156.0, "asymmetric_advantages_potter0_20": 1.0}
[pair_C] {"steps": 2945024, "elapsed_s": 1790.6, "forced_coordination_sparse20": 0.0, "forced_coordination_potter0_20": 1.0, "asymmetric_advantages_sparse20": 156.0, "asymmetric_advantages_potter0_20": 1.0}
[pair_C] {"steps": 2947072, "elapsed_s": 1791.8, "forced_coordination_sparse20": 0.0, "forced_coordination_potter0_20": 1.0, "asymmetric_advantages_sparse20": 158.0, "asymmetric_advantages_potter0_20": 1.0}
[pair_C] {"steps": 2949120, "elapsed_s": 1793.0, "forced_coordination_sparse20": 0.0, "forced_coordination_potter0_20": 1.0, "asymmetric_advantages_sparse20": 154.0, "asymmetric_advantages_potter0_20": 1.0}
[pair_C] {"steps": 2951168, "elapsed_s": 1794.2, "forced_coordination_sparse20": 0.0, "forced_coordination_potter0_20": 1.0, "asymmetric_advantages_sparse20": 158.0, "asymmetric_advantages_potter0_20": 1.0}
[pair_C] {"steps": 2953216, "elapsed_s": 1795.6, "forced_coordination_sparse20": 0.0, "forced_coordination_potter0_20": 1.0, "asymmetric_advantages_sparse20": 158.0, "asymmetric_advantages_potter0_20": 1.0}
[pair_C] {"steps": 2955264, "elapsed_s": 1797.0, "forced_coordination_sparse20": 0.0, "forced_coordination_potter0_20": 1.0, "asymmetric_advantages_sparse20": 159.0, "asymmetric_advantages_potter0_20": 1.0}
[pair_C] {"steps": 2957312, "elapsed_s": 1798.5, "forced_coordination_sparse20": 0.0, "forced_coordination_potter0_20": 1.0, "asymmetric_advantages_sparse20": 160.0, "asymmetric_advantages_potter0_20": 1.0}
[pair_C] {"steps": 2959360, "elapsed_s": 1799.7, "forced_coordination_sparse20": 0.0, "forced_coordination_potter0_20": 1.0, "asymmetric_advantages_sparse20": 159.0, "asymmetric_advantages_potter0_20": 1.0}
[pair_C] {"steps": 2961408, "elapsed_s": 1800.9, "forced_coordination_sparse20": 0.0, "forced_coordination_potter0_20": 1.0, "asymmetric_advantages_sparse20": 166.0, "asymmetric_advantages_potter0_20": 1.0}
[pair_C] {"steps": 2963456, "elapsed_s": 1802.1, "forced_coordination_sparse20": 0.0, "forced_coordination_potter0_20": 1.0, "asymmetric_advantages_sparse20": 165.0, "asymmetric_advantages_potter0_20": 1.0}
[pair_C] {"steps": 2965504, "elapsed_s": 1803.3, "forced_coordination_sparse20": 0.0, "forced_coordination_potter0_20": 1.0, "asymmetric_advantages_sparse20": 161.0, "asymmetric_advantages_potter0_20": 1.0}
[pair_C] {"steps": 2967552, "elapsed_s": 1804.5, "forced_coordination_sparse20": 0.0, "forced_coordination_potter0_20": 1.0, "asymmetric_advantages_sparse20": 159.0, "asymmetric_advantages_potter0_20": 1.0}
[pair_C] {"steps": 2969600, "elapsed_s": 1805.7, "forced_coordination_sparse20": 0.0, "forced_coordination_potter0_20": 1.0, "asymmetric_advantages_sparse20": 159.0, "asymmetric_advantages_potter0_20": 1.0}
[pair_C] {"steps": 2971648, "elapsed_s": 1806.9, "forced_coordination_sparse20": 0.0, "forced_coordination_potter0_20": 1.0, "asymmetric_advantages_sparse20": 154.0, "asymmetric_advantages_potter0_20": 1.0}
[pair_C] {"steps": 2973696, "elapsed_s": 1808.1, "forced_coordination_sparse20": 0.0, "forced_coordination_potter0_20": 1.0, "asymmetric_advantages_sparse20": 156.0, "asymmetric_advantages_potter0_20": 1.0}
[pair_C] {"steps": 2975744, "elapsed_s": 1809.2, "forced_coordination_sparse20": 0.0, "forced_coordination_potter0_20": 1.0, "asymmetric_advantages_sparse20": 154.0, "asymmetric_advantages_potter0_20": 1.0}
[pair_C] {"steps": 2977792, "elapsed_s": 1810.4, "forced_coordination_sparse20": 0.0, "forced_coordination_potter0_20": 1.0, "asymmetric_advantages_sparse20": 153.0, "asymmetric_advantages_potter0_20": 1.0}
[pair_C] {"steps": 2979840, "elapsed_s": 1811.6, "forced_coordination_sparse20": 0.0, "forced_coordination_potter0_20": 1.0, "asymmetric_advantages_sparse20": 151.0, "asymmetric_advantages_potter0_20": 1.0}
[pair_C] {"steps": 2981888, "elapsed_s": 1812.8, "forced_coordination_sparse20": 0.0, "forced_coordination_potter0_20": 1.0, "asymmetric_advantages_sparse20": 150.0, "asymmetric_advantages_potter0_20": 1.0}
[pair_C] {"steps": 2983936, "elapsed_s": 1814.0, "forced_coordination_sparse20": 0.0, "forced_coordination_potter0_20": 1.0, "asymmetric_advantages_sparse20": 152.0, "asymmetric_advantages_potter0_20": 1.0}
[pair_C] {"steps": 2985984, "elapsed_s": 1815.2, "forced_coordination_sparse20": 0.0, "forced_coordination_potter0_20": 1.0, "asymmetric_advantages_sparse20": 158.0, "asymmetric_advantages_potter0_20": 1.0}
[pair_C] {"steps": 2988032, "elapsed_s": 1816.4, "forced_coordination_sparse20": 0.0, "forced_coordination_potter0_20": 1.0, "asymmetric_advantages_sparse20": 160.0, "asymmetric_advantages_potter0_20": 1.0}
[pair_C] {"steps": 2990080, "elapsed_s": 1817.6, "forced_coordination_sparse20": 0.0, "forced_coordination_potter0_20": 1.0, "asymmetric_advantages_sparse20": 165.0, "asymmetric_advantages_potter0_20": 1.0}
[pair_C] {"steps": 2992128, "elapsed_s": 1819.2, "forced_coordination_sparse20": 0.0, "forced_coordination_potter0_20": 1.0, "asymmetric_advantages_sparse20": 167.0, "asymmetric_advantages_potter0_20": 1.0}
[pair_C] {"steps": 2994176, "elapsed_s": 1820.6, "forced_coordination_sparse20": 0.0, "forced_coordination_potter0_20": 1.0, "asymmetric_advantages_sparse20": 167.0, "asymmetric_advantages_potter0_20": 1.0}
[pair_C] {"steps": 2996224, "elapsed_s": 1821.8, "forced_coordination_sparse20": 0.0, "forced_coordination_potter0_20": 1.0, "asymmetric_advantages_sparse20": 171.0, "asymmetric_advantages_potter0_20": 1.0}
[pair_C] {"steps": 2998272, "elapsed_s": 1823.0, "forced_coordination_sparse20": 0.0, "forced_coordination_potter0_20": 1.0, "asymmetric_advantages_sparse20": 171.0, "asymmetric_advantages_potter0_20": 1.0}
[pair_C] {"steps": 3000320, "elapsed_s": 1824.1, "forced_coordination_sparse20": 0.0, "forced_coordination_potter0_20": 1.0, "asymmetric_advantages_sparse20": 172.0, "asymmetric_advantages_potter0_20": 1.0}
checkpointed /home/Yixiang/MPARL/GOGOGO/outputs/overcooked_mixed_pilot.json
