Gym has been unmaintained since 2022 and does not support NumPy 2.0 amongst other critical functionality.
Please upgrade to Gymnasium, the maintained drop-in replacement of Gym, or contact the authors of your software and request that they upgrade.
Users of this version of Gym should be able to simply replace 'import gym' with 'import gymnasium as gym' in the vast majority of cases.
See the migration guide at https://gymnasium.farama.org/introduction/migration_guide/ for additional information.
[pair_A] {"steps": 2048, "elapsed_s": 1.5, "cramped_room_sparse20": 0.0, "cramped_room_potter0_20": 1.0, "asymmetric_advantages_sparse20": 0.0, "asymmetric_advantages_potter0_20": 0.6666666666666666}
[pair_A] {"steps": 4096, "elapsed_s": 2.7, "cramped_room_sparse20": 0.0, "cramped_room_potter0_20": 0.6666666666666666, "asymmetric_advantages_sparse20": 0.0, "asymmetric_advantages_potter0_20": 0.6666666666666666}
[pair_A] {"steps": 6144, "elapsed_s": 3.9, "cramped_room_sparse20": 0.0, "cramped_room_potter0_20": 0.6666666666666666, "asymmetric_advantages_sparse20": 0.0, "asymmetric_advantages_potter0_20": 0.75}
[pair_A] {"steps": 8192, "elapsed_s": 5.1, "cramped_room_sparse20": 0.0, "cramped_room_potter0_20": 0.6, "asymmetric_advantages_sparse20": 0.0, "asymmetric_advantages_potter0_20": 0.7777777777777778}
[pair_A] {"steps": 10240, "elapsed_s": 6.3, "cramped_room_sparse20": 0.0, "cramped_room_potter0_20": 0.46153846153846156, "asymmetric_advantages_sparse20": 0.0, "asymmetric_advantages_potter0_20": 0.8181818181818182}
[pair_A] {"steps": 12288, "elapsed_s": 7.5, "cramped_room_sparse20": 0.0, "cramped_room_potter0_20": 0.4375, "asymmetric_advantages_sparse20": 0.0, "asymmetric_advantages_potter0_20": 0.8461538461538461}
[pair_A] {"steps": 14336, "elapsed_s": 8.7, "cramped_room_sparse20": 0.0, "cramped_room_potter0_20": 0.4444444444444444, "asymmetric_advantages_sparse20": 0.0, "asymmetric_advantages_potter0_20": 0.875}
[pair_A] {"steps": 16384, "elapsed_s": 9.9, "cramped_room_sparse20": 0.0, "cramped_room_potter0_20": 0.47368421052631576, "asymmetric_advantages_sparse20": 0.0, "asymmetric_advantages_potter0_20": 0.8947368421052632}
[pair_A] {"steps": 18432, "elapsed_s": 11.1, "cramped_room_sparse20": 0.0, "cramped_room_potter0_20": 0.45, "asymmetric_advantages_sparse20": 0.0, "asymmetric_advantages_potter0_20": 0.95}
[pair_A] {"steps": 20480, "elapsed_s": 12.3, "cramped_room_sparse20": 0.0, "cramped_room_potter0_20": 0.35, "asymmetric_advantages_sparse20": 0.0, "asymmetric_advantages_potter0_20": 1.0}
[pair_A] {"steps": 22528, "elapsed_s": 13.5, "cramped_room_sparse20": 0.0, "cramped_room_potter0_20": 0.35, "asymmetric_advantages_sparse20": 0.0, "asymmetric_advantages_potter0_20": 1.0}
[pair_A] {"steps": 24576, "elapsed_s": 14.7, "cramped_room_sparse20": 0.0, "cramped_room_potter0_20": 0.35, "asymmetric_advantages_sparse20": 0.0, "asymmetric_advantages_potter0_20": 1.0}
[pair_A] {"steps": 26624, "elapsed_s": 15.9, "cramped_room_sparse20": 0.0, "cramped_room_potter0_20": 0.3, "asymmetric_advantages_sparse20": 1.0, "asymmetric_advantages_potter0_20": 1.0}
[pair_A] {"steps": 28672, "elapsed_s": 17.1, "cramped_room_sparse20": 0.0, "cramped_room_potter0_20": 0.3, "asymmetric_advantages_sparse20": 1.0, "asymmetric_advantages_potter0_20": 1.0}
[pair_A] {"steps": 30720, "elapsed_s": 18.3, "cramped_room_sparse20": 0.0, "cramped_room_potter0_20": 0.35, "asymmetric_advantages_sparse20": 1.0, "asymmetric_advantages_potter0_20": 1.0}
[pair_A] {"steps": 32768, "elapsed_s": 19.5, "cramped_room_sparse20": 0.0, "cramped_room_potter0_20": 0.4, "asymmetric_advantages_sparse20": 1.0, "asymmetric_advantages_potter0_20": 1.0}
[pair_A] {"steps": 34816, "elapsed_s": 20.7, "cramped_room_sparse20": 0.0, "cramped_room_potter0_20": 0.45, "asymmetric_advantages_sparse20": 1.0, "asymmetric_advantages_potter0_20": 1.0}
[pair_A] {"steps": 36864, "elapsed_s": 21.9, "cramped_room_sparse20": 0.0, "cramped_room_potter0_20": 0.5, "asymmetric_advantages_sparse20": 1.0, "asymmetric_advantages_potter0_20": 1.0}
[pair_A] {"steps": 38912, "elapsed_s": 23.4, "cramped_room_sparse20": 0.0, "cramped_room_potter0_20": 0.45, "asymmetric_advantages_sparse20": 1.0, "asymmetric_advantages_potter0_20": 1.0}
[pair_A] {"steps": 40960, "elapsed_s": 24.9, "cramped_room_sparse20": 0.0, "cramped_room_potter0_20": 0.45, "asymmetric_advantages_sparse20": 1.0, "asymmetric_advantages_potter0_20": 1.0}
[pair_A] {"steps": 43008, "elapsed_s": 26.1, "cramped_room_sparse20": 0.0, "cramped_room_potter0_20": 0.45, "asymmetric_advantages_sparse20": 1.0, "asymmetric_advantages_potter0_20": 1.0}
[pair_A] {"steps": 45056, "elapsed_s": 27.3, "cramped_room_sparse20": 0.0, "cramped_room_potter0_20": 0.5, "asymmetric_advantages_sparse20": 1.0, "asymmetric_advantages_potter0_20": 1.0}
[pair_A] {"steps": 47104, "elapsed_s": 28.5, "cramped_room_sparse20": 0.0, "cramped_room_potter0_20": 0.45, "asymmetric_advantages_sparse20": 1.0, "asymmetric_advantages_potter0_20": 1.0}
[pair_A] {"steps": 49152, "elapsed_s": 29.7, "cramped_room_sparse20": 0.0, "cramped_room_potter0_20": 0.5, "asymmetric_advantages_sparse20": 1.0, "asymmetric_advantages_potter0_20": 1.0}
[pair_A] {"steps": 51200, "elapsed_s": 30.9, "cramped_room_sparse20": 0.0, "cramped_room_potter0_20": 0.55, "asymmetric_advantages_sparse20": 1.0, "asymmetric_advantages_potter0_20": 1.0}
[pair_A] {"steps": 53248, "elapsed_s": 32.1, "cramped_room_sparse20": 0.0, "cramped_room_potter0_20": 0.5, "asymmetric_advantages_sparse20": 1.0, "asymmetric_advantages_potter0_20": 1.0}
[pair_A] {"steps": 55296, "elapsed_s": 33.2, "cramped_room_sparse20": 0.0, "cramped_room_potter0_20": 0.55, "asymmetric_advantages_sparse20": 1.0, "asymmetric_advantages_potter0_20": 1.0}
[pair_A] {"steps": 57344, "elapsed_s": 34.4, "cramped_room_sparse20": 0.0, "cramped_room_potter0_20": 0.6, "asymmetric_advantages_sparse20": 1.0, "asymmetric_advantages_potter0_20": 1.0}
[pair_A] {"steps": 59392, "elapsed_s": 35.7, "cramped_room_sparse20": 0.0, "cramped_room_potter0_20": 0.6, "asymmetric_advantages_sparse20": 1.0, "asymmetric_advantages_potter0_20": 1.0}
[pair_A] {"steps": 61440, "elapsed_s": 36.9, "cramped_room_sparse20": 0.0, "cramped_room_potter0_20": 0.6, "asymmetric_advantages_sparse20": 1.0, "asymmetric_advantages_potter0_20": 1.0}
[pair_A] {"steps": 63488, "elapsed_s": 38.1, "cramped_room_sparse20": 0.0, "cramped_room_potter0_20": 0.55, "asymmetric_advantages_sparse20": 1.0, "asymmetric_advantages_potter0_20": 1.0}
[pair_A] {"steps": 65536, "elapsed_s": 39.3, "cramped_room_sparse20": 0.0, "cramped_room_potter0_20": 0.5, "asymmetric_advantages_sparse20": 1.0, "asymmetric_advantages_potter0_20": 1.0}
[pair_A] {"steps": 67584, "elapsed_s": 40.8, "cramped_room_sparse20": 0.0, "cramped_room_potter0_20": 0.45, "asymmetric_advantages_sparse20": 0.0, "asymmetric_advantages_potter0_20": 1.0}
[pair_A] {"steps": 69632, "elapsed_s": 42.2, "cramped_room_sparse20": 0.0, "cramped_room_potter0_20": 0.4, "asymmetric_advantages_sparse20": 0.0, "asymmetric_advantages_potter0_20": 1.0}
[pair_A] {"steps": 71680, "elapsed_s": 43.4, "cramped_room_sparse20": 0.0, "cramped_room_potter0_20": 0.3, "asymmetric_advantages_sparse20": 0.0, "asymmetric_advantages_potter0_20": 1.0}
[pair_A] {"steps": 73728, "elapsed_s": 44.5, "cramped_room_sparse20": 0.0, "cramped_room_potter0_20": 0.3, "asymmetric_advantages_sparse20": 0.0, "asymmetric_advantages_potter0_20": 1.0}
[pair_A] {"steps": 75776, "elapsed_s": 45.7, "cramped_room_sparse20": 0.0, "cramped_room_potter0_20": 0.25, "asymmetric_advantages_sparse20": 0.0, "asymmetric_advantages_potter0_20": 1.0}
[pair_A] {"steps": 77824, "elapsed_s": 47.0, "cramped_room_sparse20": 0.0, "cramped_room_potter0_20": 0.25, "asymmetric_advantages_sparse20": 0.0, "asymmetric_advantages_potter0_20": 1.0}
[pair_A] {"steps": 79872, "elapsed_s": 48.2, "cramped_room_sparse20": 0.0, "cramped_room_potter0_20": 0.3, "asymmetric_advantages_sparse20": 0.0, "asymmetric_advantages_potter0_20": 1.0}
[pair_A] {"steps": 81920, "elapsed_s": 49.4, "cramped_room_sparse20": 0.0, "cramped_room_potter0_20": 0.25, "asymmetric_advantages_sparse20": 0.0, "asymmetric_advantages_potter0_20": 1.0}
[pair_A] {"steps": 83968, "elapsed_s": 50.6, "cramped_room_sparse20": 0.0, "cramped_room_potter0_20": 0.2, "asymmetric_advantages_sparse20": 1.0, "asymmetric_advantages_potter0_20": 1.0}
[pair_A] {"steps": 86016, "elapsed_s": 51.8, "cramped_room_sparse20": 0.0, "cramped_room_potter0_20": 0.25, "asymmetric_advantages_sparse20": 2.0, "asymmetric_advantages_potter0_20": 1.0}
[pair_A] {"steps": 88064, "elapsed_s": 53.0, "cramped_room_sparse20": 0.0, "cramped_room_potter0_20": 0.3, "asymmetric_advantages_sparse20": 2.0, "asymmetric_advantages_potter0_20": 1.0}
[pair_A] {"steps": 90112, "elapsed_s": 54.1, "cramped_room_sparse20": 0.0, "cramped_room_potter0_20": 0.4, "asymmetric_advantages_sparse20": 2.0, "asymmetric_advantages_potter0_20": 1.0}
[pair_A] {"steps": 92160, "elapsed_s": 55.3, "cramped_room_sparse20": 0.0, "cramped_room_potter0_20": 0.4, "asymmetric_advantages_sparse20": 3.0, "asymmetric_advantages_potter0_20": 1.0}
[pair_A] {"steps": 94208, "elapsed_s": 56.5, "cramped_room_sparse20": 0.0, "cramped_room_potter0_20": 0.45, "asymmetric_advantages_sparse20": 3.0, "asymmetric_advantages_potter0_20": 1.0}
[pair_A] {"steps": 96256, "elapsed_s": 57.7, "cramped_room_sparse20": 0.0, "cramped_room_potter0_20": 0.45, "asymmetric_advantages_sparse20": 3.0, "asymmetric_advantages_potter0_20": 1.0}
[pair_A] {"steps": 98304, "elapsed_s": 58.9, "cramped_room_sparse20": 0.0, "cramped_room_potter0_20": 0.5, "asymmetric_advantages_sparse20": 4.0, "asymmetric_advantages_potter0_20": 1.0}
[pair_A] {"steps": 100352, "elapsed_s": 60.0, "cramped_room_sparse20": 0.0, "cramped_room_potter0_20": 0.6, "asymmetric_advantages_sparse20": 4.0, "asymmetric_advantages_potter0_20": 1.0}
[pair_A] {"steps": 102400, "elapsed_s": 61.3, "cramped_room_sparse20": 0.0, "cramped_room_potter0_20": 0.6, "asymmetric_advantages_sparse20": 3.0, "asymmetric_advantages_potter0_20": 1.0}
[pair_A] {"steps": 104448, "elapsed_s": 62.4, "cramped_room_sparse20": 0.0, "cramped_room_potter0_20": 0.55, "asymmetric_advantages_sparse20": 2.0, "asymmetric_advantages_potter0_20": 1.0}
[pair_A] {"steps": 106496, "elapsed_s": 63.6, "cramped_room_sparse20": 0.0, "cramped_room_potter0_20": 0.5, "asymmetric_advantages_sparse20": 2.0, "asymmetric_advantages_potter0_20": 1.0}
[pair_A] {"steps": 108544, "elapsed_s": 64.8, "cramped_room_sparse20": 0.0, "cramped_room_potter0_20": 0.55, "asymmetric_advantages_sparse20": 3.0, "asymmetric_advantages_potter0_20": 1.0}
[pair_A] {"steps": 110592, "elapsed_s": 65.9, "cramped_room_sparse20": 0.0, "cramped_room_potter0_20": 0.55, "asymmetric_advantages_sparse20": 3.0, "asymmetric_advantages_potter0_20": 1.0}
[pair_A] {"steps": 112640, "elapsed_s": 67.3, "cramped_room_sparse20": 0.0, "cramped_room_potter0_20": 0.5, "asymmetric_advantages_sparse20": 2.0, "asymmetric_advantages_potter0_20": 1.0}
[pair_A] {"steps": 114688, "elapsed_s": 68.5, "cramped_room_sparse20": 0.0, "cramped_room_potter0_20": 0.5, "asymmetric_advantages_sparse20": 1.0, "asymmetric_advantages_potter0_20": 1.0}
[pair_A] {"steps": 116736, "elapsed_s": 69.7, "cramped_room_sparse20": 0.0, "cramped_room_potter0_20": 0.4, "asymmetric_advantages_sparse20": 1.0, "asymmetric_advantages_potter0_20": 1.0}
[pair_A] {"steps": 118784, "elapsed_s": 70.9, "cramped_room_sparse20": 0.0, "cramped_room_potter0_20": 0.35, "asymmetric_advantages_sparse20": 1.0, "asymmetric_advantages_potter0_20": 1.0}
[pair_A] {"steps": 120832, "elapsed_s": 72.1, "cramped_room_sparse20": 0.0, "cramped_room_potter0_20": 0.35, "asymmetric_advantages_sparse20": 2.0, "asymmetric_advantages_potter0_20": 1.0}
[pair_A] {"steps": 122880, "elapsed_s": 73.3, "cramped_room_sparse20": 0.0, "cramped_room_potter0_20": 0.35, "asymmetric_advantages_sparse20": 2.0, "asymmetric_advantages_potter0_20": 1.0}
[pair_A] {"steps": 124928, "elapsed_s": 74.5, "cramped_room_sparse20": 0.0, "cramped_room_potter0_20": 0.3, "asymmetric_advantages_sparse20": 2.0, "asymmetric_advantages_potter0_20": 1.0}
[pair_A] {"steps": 126976, "elapsed_s": 75.7, "cramped_room_sparse20": 0.0, "cramped_room_potter0_20": 0.25, "asymmetric_advantages_sparse20": 2.0, "asymmetric_advantages_potter0_20": 1.0}
[pair_A] {"steps": 129024, "elapsed_s": 76.9, "cramped_room_sparse20": 0.0, "cramped_room_potter0_20": 0.2, "asymmetric_advantages_sparse20": 2.0, "asymmetric_advantages_potter0_20": 1.0}
[pair_A] {"steps": 131072, "elapsed_s": 78.1, "cramped_room_sparse20": 0.0, "cramped_room_potter0_20": 0.2, "asymmetric_advantages_sparse20": 2.0, "asymmetric_advantages_potter0_20": 1.0}
[pair_A] {"steps": 133120, "elapsed_s": 79.7, "cramped_room_sparse20": 0.0, "cramped_room_potter0_20": 0.3, "asymmetric_advantages_sparse20": 3.0, "asymmetric_advantages_potter0_20": 1.0}
[pair_A] {"steps": 135168, "elapsed_s": 81.1, "cramped_room_sparse20": 0.0, "cramped_room_potter0_20": 0.25, "asymmetric_advantages_sparse20": 2.0, "asymmetric_advantages_potter0_20": 1.0}
[pair_A] {"steps": 137216, "elapsed_s": 82.3, "cramped_room_sparse20": 1.0, "cramped_room_potter0_20": 0.3, "asymmetric_advantages_sparse20": 2.0, "asymmetric_advantages_potter0_20": 1.0}
[pair_A] {"steps": 139264, "elapsed_s": 83.5, "cramped_room_sparse20": 1.0, "cramped_room_potter0_20": 0.35, "asymmetric_advantages_sparse20": 4.0, "asymmetric_advantages_potter0_20": 1.0}
[pair_A] {"steps": 141312, "elapsed_s": 84.7, "cramped_room_sparse20": 1.0, "cramped_room_potter0_20": 0.4, "asymmetric_advantages_sparse20": 5.0, "asymmetric_advantages_potter0_20": 1.0}
[pair_A] {"steps": 143360, "elapsed_s": 85.8, "cramped_room_sparse20": 1.0, "cramped_room_potter0_20": 0.6, "asymmetric_advantages_sparse20": 5.0, "asymmetric_advantages_potter0_20": 1.0}
[pair_A] {"steps": 145408, "elapsed_s": 87.0, "cramped_room_sparse20": 1.0, "cramped_room_potter0_20": 0.65, "asymmetric_advantages_sparse20": 5.0, "asymmetric_advantages_potter0_20": 1.0}
[pair_A] {"steps": 147456, "elapsed_s": 88.2, "cramped_room_sparse20": 1.0, "cramped_room_potter0_20": 0.5, "asymmetric_advantages_sparse20": 5.0, "asymmetric_advantages_potter0_20": 1.0}
[pair_A] {"steps": 149504, "elapsed_s": 89.4, "cramped_room_sparse20": 1.0, "cramped_room_potter0_20": 0.55, "asymmetric_advantages_sparse20": 5.0, "asymmetric_advantages_potter0_20": 1.0}
[pair_A] {"steps": 151552, "elapsed_s": 90.7, "cramped_room_sparse20": 1.0, "cramped_room_potter0_20": 0.5, "asymmetric_advantages_sparse20": 5.0, "asymmetric_advantages_potter0_20": 1.0}
[pair_A] {"steps": 153600, "elapsed_s": 91.9, "cramped_room_sparse20": 0.0, "cramped_room_potter0_20": 0.55, "asymmetric_advantages_sparse20": 8.0, "asymmetric_advantages_potter0_20": 1.0}
[pair_A] {"steps": 155648, "elapsed_s": 93.1, "cramped_room_sparse20": 0.0, "cramped_room_potter0_20": 0.55, "asymmetric_advantages_sparse20": 8.0, "asymmetric_advantages_potter0_20": 1.0}
[pair_A] {"steps": 157696, "elapsed_s": 94.3, "cramped_room_sparse20": 0.0, "cramped_room_potter0_20": 0.5, "asymmetric_advantages_sparse20": 6.0, "asymmetric_advantages_potter0_20": 1.0}
[pair_A] {"steps": 159744, "elapsed_s": 95.5, "cramped_room_sparse20": 0.0, "cramped_room_potter0_20": 0.45, "asymmetric_advantages_sparse20": 6.0, "asymmetric_advantages_potter0_20": 1.0}
[pair_A] {"steps": 161792, "elapsed_s": 96.9, "cramped_room_sparse20": 0.0, "cramped_room_potter0_20": 0.35, "asymmetric_advantages_sparse20": 6.0, "asymmetric_advantages_potter0_20": 1.0}
[pair_A] {"steps": 163840, "elapsed_s": 98.4, "cramped_room_sparse20": 0.0, "cramped_room_potter0_20": 0.45, "asymmetric_advantages_sparse20": 6.0, "asymmetric_advantages_potter0_20": 1.0}
[pair_A] {"steps": 165888, "elapsed_s": 99.9, "cramped_room_sparse20": 0.0, "cramped_room_potter0_20": 0.45, "asymmetric_advantages_sparse20": 6.0, "asymmetric_advantages_potter0_20": 1.0}
[pair_A] {"steps": 167936, "elapsed_s": 101.1, "cramped_room_sparse20": 0.0, "cramped_room_potter0_20": 0.4, "asymmetric_advantages_sparse20": 6.0, "asymmetric_advantages_potter0_20": 1.0}
[pair_A] {"steps": 169984, "elapsed_s": 102.3, "cramped_room_sparse20": 0.0, "cramped_room_potter0_20": 0.35, "asymmetric_advantages_sparse20": 5.0, "asymmetric_advantages_potter0_20": 1.0}
[pair_A] {"steps": 172032, "elapsed_s": 103.5, "cramped_room_sparse20": 0.0, "cramped_room_potter0_20": 0.25, "asymmetric_advantages_sparse20": 5.0, "asymmetric_advantages_potter0_20": 1.0}
[pair_A] {"steps": 174080, "elapsed_s": 104.7, "cramped_room_sparse20": 0.0, "cramped_room_potter0_20": 0.3, "asymmetric_advantages_sparse20": 3.0, "asymmetric_advantages_potter0_20": 1.0}
[pair_A] {"steps": 176128, "elapsed_s": 106.1, "cramped_room_sparse20": 0.0, "cramped_room_potter0_20": 0.3, "asymmetric_advantages_sparse20": 3.0, "asymmetric_advantages_potter0_20": 1.0}
[pair_A] {"steps": 178176, "elapsed_s": 107.6, "cramped_room_sparse20": 0.0, "cramped_room_potter0_20": 0.3, "asymmetric_advantages_sparse20": 3.0, "asymmetric_advantages_potter0_20": 1.0}
[pair_A] {"steps": 180224, "elapsed_s": 109.0, "cramped_room_sparse20": 0.0, "cramped_room_potter0_20": 0.35, "asymmetric_advantages_sparse20": 3.0, "asymmetric_advantages_potter0_20": 1.0}
[pair_A] {"steps": 182272, "elapsed_s": 110.3, "cramped_room_sparse20": 0.0, "cramped_room_potter0_20": 0.35, "asymmetric_advantages_sparse20": 4.0, "asymmetric_advantages_potter0_20": 1.0}
[pair_A] {"steps": 184320, "elapsed_s": 111.5, "cramped_room_sparse20": 0.0, "cramped_room_potter0_20": 0.35, "asymmetric_advantages_sparse20": 4.0, "asymmetric_advantages_potter0_20": 1.0}
[pair_A] {"steps": 186368, "elapsed_s": 112.7, "cramped_room_sparse20": 0.0, "cramped_room_potter0_20": 0.4, "asymmetric_advantages_sparse20": 4.0, "asymmetric_advantages_potter0_20": 1.0}
[pair_A] {"steps": 188416, "elapsed_s": 114.0, "cramped_room_sparse20": 0.0, "cramped_room_potter0_20": 0.35, "asymmetric_advantages_sparse20": 1.0, "asymmetric_advantages_potter0_20": 1.0}
[pair_A] {"steps": 190464, "elapsed_s": 115.2, "cramped_room_sparse20": 0.0, "cramped_room_potter0_20": 0.35, "asymmetric_advantages_sparse20": 1.0, "asymmetric_advantages_potter0_20": 1.0}
[pair_A] {"steps": 192512, "elapsed_s": 116.4, "cramped_room_sparse20": 0.0, "cramped_room_potter0_20": 0.35, "asymmetric_advantages_sparse20": 1.0, "asymmetric_advantages_potter0_20": 1.0}
[pair_A] {"steps": 194560, "elapsed_s": 117.6, "cramped_room_sparse20": 0.0, "cramped_room_potter0_20": 0.35, "asymmetric_advantages_sparse20": 0.0, "asymmetric_advantages_potter0_20": 1.0}
[pair_A] {"steps": 196608, "elapsed_s": 118.8, "cramped_room_sparse20": 0.0, "cramped_room_potter0_20": 0.4, "asymmetric_advantages_sparse20": 0.0, "asymmetric_advantages_potter0_20": 1.0}
[pair_A] {"steps": 198656, "elapsed_s": 120.0, "cramped_room_sparse20": 0.0, "cramped_room_potter0_20": 0.4, "asymmetric_advantages_sparse20": 2.0, "asymmetric_advantages_potter0_20": 1.0}
[pair_A] {"steps": 200704, "elapsed_s": 121.2, "cramped_room_sparse20": 0.0, "cramped_room_potter0_20": 0.4, "asymmetric_advantages_sparse20": 2.0, "asymmetric_advantages_potter0_20": 1.0}
[pair_A] {"steps": 202752, "elapsed_s": 122.3, "cramped_room_sparse20": 0.0, "cramped_room_potter0_20": 0.5, "asymmetric_advantages_sparse20": 2.0, "asymmetric_advantages_potter0_20": 1.0}
[pair_A] {"steps": 204800, "elapsed_s": 123.5, "cramped_room_sparse20": 0.0, "cramped_room_potter0_20": 0.5, "asymmetric_advantages_sparse20": 3.0, "asymmetric_advantages_potter0_20": 1.0}
[pair_A] {"steps": 206848, "elapsed_s": 124.7, "cramped_room_sparse20": 0.0, "cramped_room_potter0_20": 0.6, "asymmetric_advantages_sparse20": 5.0, "asymmetric_advantages_potter0_20": 1.0}
[pair_A] {"steps": 208896, "elapsed_s": 125.9, "cramped_room_sparse20": 0.0, "cramped_room_potter0_20": 0.6, "asymmetric_advantages_sparse20": 5.0, "asymmetric_advantages_potter0_20": 1.0}
[pair_A] {"steps": 210944, "elapsed_s": 127.2, "cramped_room_sparse20": 0.0, "cramped_room_potter0_20": 0.55, "asymmetric_advantages_sparse20": 5.0, "asymmetric_advantages_potter0_20": 1.0}
[pair_A] {"steps": 212992, "elapsed_s": 128.4, "cramped_room_sparse20": 0.0, "cramped_room_potter0_20": 0.5, "asymmetric_advantages_sparse20": 5.0, "asymmetric_advantages_potter0_20": 1.0}
[pair_A] {"steps": 215040, "elapsed_s": 129.6, "cramped_room_sparse20": 0.0, "cramped_room_potter0_20": 0.5, "asymmetric_advantages_sparse20": 6.0, "asymmetric_advantages_potter0_20": 1.0}
[pair_A] {"steps": 217088, "elapsed_s": 130.8, "cramped_room_sparse20": 0.0, "cramped_room_potter0_20": 0.4, "asymmetric_advantages_sparse20": 6.0, "asymmetric_advantages_potter0_20": 1.0}
[pair_A] {"steps": 219136, "elapsed_s": 132.0, "cramped_room_sparse20": 0.0, "cramped_room_potter0_20": 0.45, "asymmetric_advantages_sparse20": 6.0, "asymmetric_advantages_potter0_20": 1.0}
[pair_A] {"steps": 221184, "elapsed_s": 133.3, "cramped_room_sparse20": 0.0, "cramped_room_potter0_20": 0.45, "asymmetric_advantages_sparse20": 6.0, "asymmetric_advantages_potter0_20": 1.0}
[pair_A] {"steps": 223232, "elapsed_s": 134.4, "cramped_room_sparse20": 1.0, "cramped_room_potter0_20": 0.3, "asymmetric_advantages_sparse20": 6.0, "asymmetric_advantages_potter0_20": 1.0}
[pair_A] {"steps": 225280, "elapsed_s": 135.7, "cramped_room_sparse20": 1.0, "cramped_room_potter0_20": 0.3, "asymmetric_advantages_sparse20": 5.0, "asymmetric_advantages_potter0_20": 1.0}
[pair_A] {"steps": 227328, "elapsed_s": 136.9, "cramped_room_sparse20": 1.0, "cramped_room_potter0_20": 0.4, "asymmetric_advantages_sparse20": 6.0, "asymmetric_advantages_potter0_20": 1.0}
[pair_A] {"steps": 229376, "elapsed_s": 138.1, "cramped_room_sparse20": 1.0, "cramped_room_potter0_20": 0.45, "asymmetric_advantages_sparse20": 6.0, "asymmetric_advantages_potter0_20": 1.0}
[pair_A] {"steps": 231424, "elapsed_s": 139.3, "cramped_room_sparse20": 1.0, "cramped_room_potter0_20": 0.4, "asymmetric_advantages_sparse20": 6.0, "asymmetric_advantages_potter0_20": 1.0}
[pair_A] {"steps": 233472, "elapsed_s": 140.5, "cramped_room_sparse20": 1.0, "cramped_room_potter0_20": 0.45, "asymmetric_advantages_sparse20": 5.0, "asymmetric_advantages_potter0_20": 1.0}
[pair_A] {"steps": 235520, "elapsed_s": 141.7, "cramped_room_sparse20": 2.0, "cramped_room_potter0_20": 0.4, "asymmetric_advantages_sparse20": 5.0, "asymmetric_advantages_potter0_20": 1.0}
[pair_A] {"steps": 237568, "elapsed_s": 142.9, "cramped_room_sparse20": 2.0, "cramped_room_potter0_20": 0.45, "asymmetric_advantages_sparse20": 4.0, "asymmetric_advantages_potter0_20": 1.0}
[pair_A] {"steps": 239616, "elapsed_s": 144.1, "cramped_room_sparse20": 2.0, "cramped_room_potter0_20": 0.45, "asymmetric_advantages_sparse20": 5.0, "asymmetric_advantages_potter0_20": 1.0}
[pair_A] {"steps": 241664, "elapsed_s": 145.4, "cramped_room_sparse20": 1.0, "cramped_room_potter0_20": 0.5, "asymmetric_advantages_sparse20": 6.0, "asymmetric_advantages_potter0_20": 1.0}
[pair_A] {"steps": 243712, "elapsed_s": 146.6, "cramped_room_sparse20": 1.0, "cramped_room_potter0_20": 0.5, "asymmetric_advantages_sparse20": 6.0, "asymmetric_advantages_potter0_20": 1.0}
[pair_A] {"steps": 245760, "elapsed_s": 148.0, "cramped_room_sparse20": 1.0, "cramped_room_potter0_20": 0.55, "asymmetric_advantages_sparse20": 6.0, "asymmetric_advantages_potter0_20": 1.0}
[pair_A] {"steps": 247808, "elapsed_s": 149.5, "cramped_room_sparse20": 1.0, "cramped_room_potter0_20": 0.5, "asymmetric_advantages_sparse20": 5.0, "asymmetric_advantages_potter0_20": 1.0}
[pair_A] {"steps": 249856, "elapsed_s": 150.8, "cramped_room_sparse20": 1.0, "cramped_room_potter0_20": 0.55, "asymmetric_advantages_sparse20": 5.0, "asymmetric_advantages_potter0_20": 1.0}
[pair_A] {"steps": 251904, "elapsed_s": 152.0, "cramped_room_sparse20": 1.0, "cramped_room_potter0_20": 0.55, "asymmetric_advantages_sparse20": 6.0, "asymmetric_advantages_potter0_20": 1.0}
[pair_A] {"steps": 253952, "elapsed_s": 153.2, "cramped_room_sparse20": 1.0, "cramped_room_potter0_20": 0.55, "asymmetric_advantages_sparse20": 5.0, "asymmetric_advantages_potter0_20": 1.0}
[pair_A] {"steps": 256000, "elapsed_s": 154.5, "cramped_room_sparse20": 0.0, "cramped_room_potter0_20": 0.55, "asymmetric_advantages_sparse20": 3.0, "asymmetric_advantages_potter0_20": 1.0}
[pair_A] {"steps": 258048, "elapsed_s": 155.7, "cramped_room_sparse20": 0.0, "cramped_room_potter0_20": 0.5, "asymmetric_advantages_sparse20": 4.0, "asymmetric_advantages_potter0_20": 1.0}
[pair_A] {"steps": 260096, "elapsed_s": 156.9, "cramped_room_sparse20": 0.0, "cramped_room_potter0_20": 0.5, "asymmetric_advantages_sparse20": 5.0, "asymmetric_advantages_potter0_20": 1.0}
[pair_A] {"steps": 262144, "elapsed_s": 158.1, "cramped_room_sparse20": 0.0, "cramped_room_potter0_20": 0.5, "asymmetric_advantages_sparse20": 5.0, "asymmetric_advantages_potter0_20": 1.0}
[pair_A] {"steps": 264192, "elapsed_s": 159.3, "cramped_room_sparse20": 0.0, "cramped_room_potter0_20": 0.5, "asymmetric_advantages_sparse20": 6.0, "asymmetric_advantages_potter0_20": 1.0}
[pair_A] {"steps": 266240, "elapsed_s": 160.5, "cramped_room_sparse20": 0.0, "cramped_room_potter0_20": 0.5, "asymmetric_advantages_sparse20": 8.0, "asymmetric_advantages_potter0_20": 1.0}
[pair_A] {"steps": 268288, "elapsed_s": 161.8, "cramped_room_sparse20": 0.0, "cramped_room_potter0_20": 0.5, "asymmetric_advantages_sparse20": 9.0, "asymmetric_advantages_potter0_20": 1.0}
[pair_A] {"steps": 270336, "elapsed_s": 163.0, "cramped_room_sparse20": 1.0, "cramped_room_potter0_20": 0.5, "asymmetric_advantages_sparse20": 9.0, "asymmetric_advantages_potter0_20": 1.0}
[pair_A] {"steps": 272384, "elapsed_s": 164.3, "cramped_room_sparse20": 1.0, "cramped_room_potter0_20": 0.55, "asymmetric_advantages_sparse20": 8.0, "asymmetric_advantages_potter0_20": 1.0}
[pair_A] {"steps": 274432, "elapsed_s": 165.5, "cramped_room_sparse20": 1.0, "cramped_room_potter0_20": 0.6, "asymmetric_advantages_sparse20": 11.0, "asymmetric_advantages_potter0_20": 1.0}
[pair_A] {"steps": 276480, "elapsed_s": 166.7, "cramped_room_sparse20": 1.0, "cramped_room_potter0_20": 0.55, "asymmetric_advantages_sparse20": 13.0, "asymmetric_advantages_potter0_20": 1.0}
[pair_A] {"steps": 278528, "elapsed_s": 167.8, "cramped_room_sparse20": 1.0, "cramped_room_potter0_20": 0.65, "asymmetric_advantages_sparse20": 14.0, "asymmetric_advantages_potter0_20": 1.0}
[pair_A] {"steps": 280576, "elapsed_s": 169.0, "cramped_room_sparse20": 1.0, "cramped_room_potter0_20": 0.65, "asymmetric_advantages_sparse20": 12.0, "asymmetric_advantages_potter0_20": 1.0}
[pair_A] {"steps": 282624, "elapsed_s": 170.2, "cramped_room_sparse20": 1.0, "cramped_room_potter0_20": 0.6, "asymmetric_advantages_sparse20": 10.0, "asymmetric_advantages_potter0_20": 1.0}
[pair_A] {"steps": 284672, "elapsed_s": 171.4, "cramped_room_sparse20": 0.0, "cramped_room_potter0_20": 0.6, "asymmetric_advantages_sparse20": 10.0, "asymmetric_advantages_potter0_20": 1.0}
[pair_A] {"steps": 286720, "elapsed_s": 172.6, "cramped_room_sparse20": 0.0, "cramped_room_potter0_20": 0.55, "asymmetric_advantages_sparse20": 11.0, "asymmetric_advantages_potter0_20": 1.0}
[pair_A] {"steps": 288768, "elapsed_s": 173.9, "cramped_room_sparse20": 0.0, "cramped_room_potter0_20": 0.5, "asymmetric_advantages_sparse20": 11.0, "asymmetric_advantages_potter0_20": 1.0}
[pair_A] {"steps": 290816, "elapsed_s": 175.1, "cramped_room_sparse20": 0.0, "cramped_room_potter0_20": 0.45, "asymmetric_advantages_sparse20": 10.0, "asymmetric_advantages_potter0_20": 1.0}
[pair_A] {"steps": 292864, "elapsed_s": 176.3, "cramped_room_sparse20": 0.0, "cramped_room_potter0_20": 0.35, "asymmetric_advantages_sparse20": 10.0, "asymmetric_advantages_potter0_20": 1.0}
[pair_A] {"steps": 294912, "elapsed_s": 177.5, "cramped_room_sparse20": 0.0, "cramped_room_potter0_20": 0.2, "asymmetric_advantages_sparse20": 7.0, "asymmetric_advantages_potter0_20": 1.0}
[pair_A] {"steps": 296960, "elapsed_s": 178.7, "cramped_room_sparse20": 0.0, "cramped_room_potter0_20": 0.2, "asymmetric_advantages_sparse20": 6.0, "asymmetric_advantages_potter0_20": 1.0}
[pair_A] {"steps": 299008, "elapsed_s": 179.9, "cramped_room_sparse20": 0.0, "cramped_room_potter0_20": 0.15, "asymmetric_advantages_sparse20": 5.0, "asymmetric_advantages_potter0_20": 1.0}
[pair_A] {"steps": 301056, "elapsed_s": 181.2, "cramped_room_sparse20": 0.0, "cramped_room_potter0_20": 0.2, "asymmetric_advantages_sparse20": 6.0, "asymmetric_advantages_potter0_20": 1.0}
[pair_A] {"steps": 303104, "elapsed_s": 182.4, "cramped_room_sparse20": 0.0, "cramped_room_potter0_20": 0.25, "asymmetric_advantages_sparse20": 8.0, "asymmetric_advantages_potter0_20": 1.0}
[pair_A] {"steps": 305152, "elapsed_s": 183.6, "cramped_room_sparse20": 0.0, "cramped_room_potter0_20": 0.3, "asymmetric_advantages_sparse20": 9.0, "asymmetric_advantages_potter0_20": 1.0}
[pair_A] {"steps": 307200, "elapsed_s": 184.8, "cramped_room_sparse20": 0.0, "cramped_room_potter0_20": 0.3, "asymmetric_advantages_sparse20": 9.0, "asymmetric_advantages_potter0_20": 1.0}
[pair_A] {"steps": 309248, "elapsed_s": 186.1, "cramped_room_sparse20": 0.0, "cramped_room_potter0_20": 0.35, "asymmetric_advantages_sparse20": 9.0, "asymmetric_advantages_potter0_20": 1.0}
[pair_A] {"steps": 311296, "elapsed_s": 187.3, "cramped_room_sparse20": 0.0, "cramped_room_potter0_20": 0.4, "asymmetric_advantages_sparse20": 11.0, "asymmetric_advantages_potter0_20": 1.0}
[pair_A] {"steps": 313344, "elapsed_s": 188.5, "cramped_room_sparse20": 1.0, "cramped_room_potter0_20": 0.4, "asymmetric_advantages_sparse20": 13.0, "asymmetric_advantages_potter0_20": 1.0}
[pair_A] {"steps": 315392, "elapsed_s": 189.8, "cramped_room_sparse20": 1.0, "cramped_room_potter0_20": 0.45, "asymmetric_advantages_sparse20": 15.0, "asymmetric_advantages_potter0_20": 1.0}
[pair_A] {"steps": 317440, "elapsed_s": 191.4, "cramped_room_sparse20": 1.0, "cramped_room_potter0_20": 0.35, "asymmetric_advantages_sparse20": 13.0, "asymmetric_advantages_potter0_20": 1.0}
[pair_A] {"steps": 319488, "elapsed_s": 192.7, "cramped_room_sparse20": 1.0, "cramped_room_potter0_20": 0.4, "asymmetric_advantages_sparse20": 13.0, "asymmetric_advantages_potter0_20": 1.0}
[pair_A] {"steps": 321536, "elapsed_s": 193.9, "cramped_room_sparse20": 1.0, "cramped_room_potter0_20": 0.4, "asymmetric_advantages_sparse20": 10.0, "asymmetric_advantages_potter0_20": 1.0}
[pair_A] {"steps": 323584, "elapsed_s": 195.1, "cramped_room_sparse20": 1.0, "cramped_room_potter0_20": 0.35, "asymmetric_advantages_sparse20": 9.0, "asymmetric_advantages_potter0_20": 1.0}
[pair_A] {"steps": 325632, "elapsed_s": 196.4, "cramped_room_sparse20": 1.0, "cramped_room_potter0_20": 0.4, "asymmetric_advantages_sparse20": 9.0, "asymmetric_advantages_potter0_20": 1.0}
[pair_A] {"steps": 327680, "elapsed_s": 197.9, "cramped_room_sparse20": 1.0, "cramped_room_potter0_20": 0.45, "asymmetric_advantages_sparse20": 9.0, "asymmetric_advantages_potter0_20": 1.0}
[pair_A] {"steps": 329728, "elapsed_s": 199.4, "cramped_room_sparse20": 0.0, "cramped_room_potter0_20": 0.5, "asymmetric_advantages_sparse20": 7.0, "asymmetric_advantages_potter0_20": 1.0}
[pair_A] {"steps": 331776, "elapsed_s": 200.6, "cramped_room_sparse20": 0.0, "cramped_room_potter0_20": 0.5, "asymmetric_advantages_sparse20": 6.0, "asymmetric_advantages_potter0_20": 1.0}
[pair_A] {"steps": 333824, "elapsed_s": 201.9, "cramped_room_sparse20": 0.0, "cramped_room_potter0_20": 0.45, "asymmetric_advantages_sparse20": 6.0, "asymmetric_advantages_potter0_20": 1.0}
[pair_A] {"steps": 335872, "elapsed_s": 203.1, "cramped_room_sparse20": 0.0, "cramped_room_potter0_20": 0.45, "asymmetric_advantages_sparse20": 7.0, "asymmetric_advantages_potter0_20": 1.0}
[pair_A] {"steps": 337920, "elapsed_s": 204.4, "cramped_room_sparse20": 0.0, "cramped_room_potter0_20": 0.4, "asymmetric_advantages_sparse20": 10.0, "asymmetric_advantages_potter0_20": 1.0}
[pair_A] {"steps": 339968, "elapsed_s": 205.6, "cramped_room_sparse20": 0.0, "cramped_room_potter0_20": 0.4, "asymmetric_advantages_sparse20": 10.0, "asymmetric_advantages_potter0_20": 1.0}
[pair_A] {"steps": 342016, "elapsed_s": 206.9, "cramped_room_sparse20": 0.0, "cramped_room_potter0_20": 0.35, "asymmetric_advantages_sparse20": 7.0, "asymmetric_advantages_potter0_20": 1.0}
[pair_A] {"steps": 344064, "elapsed_s": 208.2, "cramped_room_sparse20": 0.0, "cramped_room_potter0_20": 0.3, "asymmetric_advantages_sparse20": 7.0, "asymmetric_advantages_potter0_20": 1.0}
[pair_A] {"steps": 346112, "elapsed_s": 209.5, "cramped_room_sparse20": 0.0, "cramped_room_potter0_20": 0.3, "asymmetric_advantages_sparse20": 6.0, "asymmetric_advantages_potter0_20": 1.0}
[pair_A] {"steps": 348160, "elapsed_s": 210.7, "cramped_room_sparse20": 0.0, "cramped_room_potter0_20": 0.4, "asymmetric_advantages_sparse20": 7.0, "asymmetric_advantages_potter0_20": 1.0}
[pair_A] {"steps": 350208, "elapsed_s": 211.9, "cramped_room_sparse20": 0.0, "cramped_room_potter0_20": 0.45, "asymmetric_advantages_sparse20": 7.0, "asymmetric_advantages_potter0_20": 1.0}
[pair_A] {"steps": 352256, "elapsed_s": 213.2, "cramped_room_sparse20": 0.0, "cramped_room_potter0_20": 0.5, "asymmetric_advantages_sparse20": 5.0, "asymmetric_advantages_potter0_20": 1.0}
[pair_A] {"steps": 354304, "elapsed_s": 214.5, "cramped_room_sparse20": 0.0, "cramped_room_potter0_20": 0.5, "asymmetric_advantages_sparse20": 4.0, "asymmetric_advantages_potter0_20": 1.0}
[pair_A] {"steps": 356352, "elapsed_s": 215.8, "cramped_room_sparse20": 0.0, "cramped_room_potter0_20": 0.5, "asymmetric_advantages_sparse20": 4.0, "asymmetric_advantages_potter0_20": 1.0}
[pair_A] {"steps": 358400, "elapsed_s": 217.0, "cramped_room_sparse20": 0.0, "cramped_room_potter0_20": 0.6, "asymmetric_advantages_sparse20": 3.0, "asymmetric_advantages_potter0_20": 1.0}
[pair_A] {"steps": 360448, "elapsed_s": 218.2, "cramped_room_sparse20": 0.0, "cramped_room_potter0_20": 0.6, "asymmetric_advantages_sparse20": 4.0, "asymmetric_advantages_potter0_20": 1.0}
[pair_A] {"steps": 362496, "elapsed_s": 219.4, "cramped_room_sparse20": 0.0, "cramped_room_potter0_20": 0.5, "asymmetric_advantages_sparse20": 4.0, "asymmetric_advantages_potter0_20": 1.0}
[pair_A] {"steps": 364544, "elapsed_s": 220.6, "cramped_room_sparse20": 0.0, "cramped_room_potter0_20": 0.55, "asymmetric_advantages_sparse20": 2.0, "asymmetric_advantages_potter0_20": 1.0}
[pair_A] {"steps": 366592, "elapsed_s": 221.8, "cramped_room_sparse20": 0.0, "cramped_room_potter0_20": 0.55, "asymmetric_advantages_sparse20": 3.0, "asymmetric_advantages_potter0_20": 1.0}
[pair_A] {"steps": 368640, "elapsed_s": 223.1, "cramped_room_sparse20": 0.0, "cramped_room_potter0_20": 0.5, "asymmetric_advantages_sparse20": 2.0, "asymmetric_advantages_potter0_20": 1.0}
[pair_A] {"steps": 370688, "elapsed_s": 224.2, "cramped_room_sparse20": 0.0, "cramped_room_potter0_20": 0.55, "asymmetric_advantages_sparse20": 3.0, "asymmetric_advantages_potter0_20": 1.0}
[pair_A] {"steps": 372736, "elapsed_s": 225.4, "cramped_room_sparse20": 0.0, "cramped_room_potter0_20": 0.45, "asymmetric_advantages_sparse20": 3.0, "asymmetric_advantages_potter0_20": 1.0}
[pair_A] {"steps": 374784, "elapsed_s": 226.6, "cramped_room_sparse20": 0.0, "cramped_room_potter0_20": 0.5, "asymmetric_advantages_sparse20": 3.0, "asymmetric_advantages_potter0_20": 1.0}
[pair_A] {"steps": 376832, "elapsed_s": 227.8, "cramped_room_sparse20": 0.0, "cramped_room_potter0_20": 0.5, "asymmetric_advantages_sparse20": 4.0, "asymmetric_advantages_potter0_20": 1.0}
[pair_A] {"steps": 378880, "elapsed_s": 229.1, "cramped_room_sparse20": 0.0, "cramped_room_potter0_20": 0.45, "asymmetric_advantages_sparse20": 5.0, "asymmetric_advantages_potter0_20": 1.0}
[pair_A] {"steps": 380928, "elapsed_s": 230.3, "cramped_room_sparse20": 0.0, "cramped_room_potter0_20": 0.4, "asymmetric_advantages_sparse20": 5.0, "asymmetric_advantages_potter0_20": 1.0}
[pair_A] {"steps": 382976, "elapsed_s": 231.5, "cramped_room_sparse20": 0.0, "cramped_room_potter0_20": 0.3, "asymmetric_advantages_sparse20": 5.0, "asymmetric_advantages_potter0_20": 1.0}
[pair_A] {"steps": 385024, "elapsed_s": 232.7, "cramped_room_sparse20": 0.0, "cramped_room_potter0_20": 0.3, "asymmetric_advantages_sparse20": 5.0, "asymmetric_advantages_potter0_20": 1.0}
[pair_A] {"steps": 387072, "elapsed_s": 233.9, "cramped_room_sparse20": 0.0, "cramped_room_potter0_20": 0.25, "asymmetric_advantages_sparse20": 5.0, "asymmetric_advantages_potter0_20": 1.0}
[pair_A] {"steps": 389120, "elapsed_s": 235.1, "cramped_room_sparse20": 0.0, "cramped_room_potter0_20": 0.3, "asymmetric_advantages_sparse20": 5.0, "asymmetric_advantages_potter0_20": 1.0}
[pair_A] {"steps": 391168, "elapsed_s": 236.3, "cramped_room_sparse20": 0.0, "cramped_room_potter0_20": 0.4, "asymmetric_advantages_sparse20": 5.0, "asymmetric_advantages_potter0_20": 1.0}
[pair_A] {"steps": 393216, "elapsed_s": 237.5, "cramped_room_sparse20": 0.0, "cramped_room_potter0_20": 0.4, "asymmetric_advantages_sparse20": 6.0, "asymmetric_advantages_potter0_20": 1.0}
[pair_A] {"steps": 395264, "elapsed_s": 238.7, "cramped_room_sparse20": 0.0, "cramped_room_potter0_20": 0.45, "asymmetric_advantages_sparse20": 6.0, "asymmetric_advantages_potter0_20": 1.0}
[pair_A] {"steps": 397312, "elapsed_s": 239.9, "cramped_room_sparse20": 0.0, "cramped_room_potter0_20": 0.45, "asymmetric_advantages_sparse20": 5.0, "asymmetric_advantages_potter0_20": 1.0}
[pair_A] {"steps": 399360, "elapsed_s": 241.1, "cramped_room_sparse20": 0.0, "cramped_room_potter0_20": 0.55, "asymmetric_advantages_sparse20": 5.0, "asymmetric_advantages_potter0_20": 1.0}
[pair_A] {"steps": 401408, "elapsed_s": 242.3, "cramped_room_sparse20": 0.0, "cramped_room_potter0_20": 0.55, "asymmetric_advantages_sparse20": 5.0, "asymmetric_advantages_potter0_20": 1.0}
[pair_A] {"steps": 403456, "elapsed_s": 243.5, "cramped_room_sparse20": 0.0, "cramped_room_potter0_20": 0.6, "asymmetric_advantages_sparse20": 5.0, "asymmetric_advantages_potter0_20": 1.0}
[pair_A] {"steps": 405504, "elapsed_s": 244.7, "cramped_room_sparse20": 0.0, "cramped_room_potter0_20": 0.55, "asymmetric_advantages_sparse20": 6.0, "asymmetric_advantages_potter0_20": 1.0}
[pair_A] {"steps": 407552, "elapsed_s": 245.9, "cramped_room_sparse20": 0.0, "cramped_room_potter0_20": 0.45, "asymmetric_advantages_sparse20": 8.0, "asymmetric_advantages_potter0_20": 1.0}
[pair_A] {"steps": 409600, "elapsed_s": 247.1, "cramped_room_sparse20": 0.0, "cramped_room_potter0_20": 0.4, "asymmetric_advantages_sparse20": 11.0, "asymmetric_advantages_potter0_20": 1.0}
[pair_A] {"steps": 411648, "elapsed_s": 248.6, "cramped_room_sparse20": 0.0, "cramped_room_potter0_20": 0.5, "asymmetric_advantages_sparse20": 13.0, "asymmetric_advantages_potter0_20": 1.0}
[pair_A] {"steps": 413696, "elapsed_s": 250.1, "cramped_room_sparse20": 0.0, "cramped_room_potter0_20": 0.55, "asymmetric_advantages_sparse20": 16.0, "asymmetric_advantages_potter0_20": 1.0}
[pair_A] {"steps": 415744, "elapsed_s": 251.4, "cramped_room_sparse20": 0.0, "cramped_room_potter0_20": 0.5, "asymmetric_advantages_sparse20": 19.0, "asymmetric_advantages_potter0_20": 1.0}
[pair_A] {"steps": 417792, "elapsed_s": 252.6, "cramped_room_sparse20": 0.0, "cramped_room_potter0_20": 0.5, "asymmetric_advantages_sparse20": 21.0, "asymmetric_advantages_potter0_20": 1.0}
[pair_A] {"steps": 419840, "elapsed_s": 253.9, "cramped_room_sparse20": 0.0, "cramped_room_potter0_20": 0.5, "asymmetric_advantages_sparse20": 21.0, "asymmetric_advantages_potter0_20": 1.0}
[pair_A] {"steps": 421888, "elapsed_s": 255.1, "cramped_room_sparse20": 0.0, "cramped_room_potter0_20": 0.55, "asymmetric_advantages_sparse20": 19.0, "asymmetric_advantages_potter0_20": 1.0}
[pair_A] {"steps": 423936, "elapsed_s": 256.7, "cramped_room_sparse20": 0.0, "cramped_room_potter0_20": 0.5, "asymmetric_advantages_sparse20": 14.0, "asymmetric_advantages_potter0_20": 1.0}
[pair_A] {"steps": 425984, "elapsed_s": 258.2, "cramped_room_sparse20": 0.0, "cramped_room_potter0_20": 0.5, "asymmetric_advantages_sparse20": 13.0, "asymmetric_advantages_potter0_20": 1.0}
[pair_A] {"steps": 428032, "elapsed_s": 259.5, "cramped_room_sparse20": 1.0, "cramped_room_potter0_20": 0.55, "asymmetric_advantages_sparse20": 8.0, "asymmetric_advantages_potter0_20": 1.0}
[pair_A] {"steps": 430080, "elapsed_s": 260.8, "cramped_room_sparse20": 1.0, "cramped_room_potter0_20": 0.5, "asymmetric_advantages_sparse20": 7.0, "asymmetric_advantages_potter0_20": 1.0}
[pair_A] {"steps": 432128, "elapsed_s": 262.2, "cramped_room_sparse20": 1.0, "cramped_room_potter0_20": 0.5, "asymmetric_advantages_sparse20": 8.0, "asymmetric_advantages_potter0_20": 1.0}
[pair_A] {"steps": 434176, "elapsed_s": 263.3, "cramped_room_sparse20": 1.0, "cramped_room_potter0_20": 0.5, "asymmetric_advantages_sparse20": 8.0, "asymmetric_advantages_potter0_20": 1.0}
[pair_A] {"steps": 436224, "elapsed_s": 264.6, "cramped_room_sparse20": 1.0, "cramped_room_potter0_20": 0.5, "asymmetric_advantages_sparse20": 10.0, "asymmetric_advantages_potter0_20": 1.0}
[pair_A] {"steps": 438272, "elapsed_s": 265.8, "cramped_room_sparse20": 1.0, "cramped_room_potter0_20": 0.45, "asymmetric_advantages_sparse20": 16.0, "asymmetric_advantages_potter0_20": 1.0}
[pair_A] {"steps": 440320, "elapsed_s": 267.2, "cramped_room_sparse20": 1.0, "cramped_room_potter0_20": 0.45, "asymmetric_advantages_sparse20": 15.0, "asymmetric_advantages_potter0_20": 1.0}
[pair_A] {"steps": 442368, "elapsed_s": 268.4, "cramped_room_sparse20": 1.0, "cramped_room_potter0_20": 0.45, "asymmetric_advantages_sparse20": 18.0, "asymmetric_advantages_potter0_20": 1.0}
[pair_A] {"steps": 444416, "elapsed_s": 269.7, "cramped_room_sparse20": 0.0, "cramped_room_potter0_20": 0.45, "asymmetric_advantages_sparse20": 21.0, "asymmetric_advantages_potter0_20": 1.0}
[pair_A] {"steps": 446464, "elapsed_s": 270.9, "cramped_room_sparse20": 0.0, "cramped_room_potter0_20": 0.4, "asymmetric_advantages_sparse20": 19.0, "asymmetric_advantages_potter0_20": 1.0}
[pair_A] {"steps": 448512, "elapsed_s": 272.2, "cramped_room_sparse20": 0.0, "cramped_room_potter0_20": 0.35, "asymmetric_advantages_sparse20": 18.0, "asymmetric_advantages_potter0_20": 1.0}
[pair_A] {"steps": 450560, "elapsed_s": 273.5, "cramped_room_sparse20": 0.0, "cramped_room_potter0_20": 0.35, "asymmetric_advantages_sparse20": 15.0, "asymmetric_advantages_potter0_20": 1.0}
[pair_A] {"steps": 452608, "elapsed_s": 274.8, "cramped_room_sparse20": 0.0, "cramped_room_potter0_20": 0.3, "asymmetric_advantages_sparse20": 12.0, "asymmetric_advantages_potter0_20": 1.0}
[pair_A] {"steps": 454656, "elapsed_s": 276.0, "cramped_room_sparse20": 0.0, "cramped_room_potter0_20": 0.3, "asymmetric_advantages_sparse20": 9.0, "asymmetric_advantages_potter0_20": 1.0}
[pair_A] {"steps": 456704, "elapsed_s": 277.2, "cramped_room_sparse20": 0.0, "cramped_room_potter0_20": 0.35, "asymmetric_advantages_sparse20": 10.0, "asymmetric_advantages_potter0_20": 1.0}
[pair_A] {"steps": 458752, "elapsed_s": 278.4, "cramped_room_sparse20": 0.0, "cramped_room_potter0_20": 0.4, "asymmetric_advantages_sparse20": 10.0, "asymmetric_advantages_potter0_20": 1.0}
[pair_A] {"steps": 460800, "elapsed_s": 280.0, "cramped_room_sparse20": 0.0, "cramped_room_potter0_20": 0.4, "asymmetric_advantages_sparse20": 9.0, "asymmetric_advantages_potter0_20": 1.0}
[pair_A] {"steps": 462848, "elapsed_s": 281.4, "cramped_room_sparse20": 0.0, "cramped_room_potter0_20": 0.5, "asymmetric_advantages_sparse20": 9.0, "asymmetric_advantages_potter0_20": 1.0}
[pair_A] {"steps": 464896, "elapsed_s": 283.0, "cramped_room_sparse20": 0.0, "cramped_room_potter0_20": 0.5, "asymmetric_advantages_sparse20": 10.0, "asymmetric_advantages_potter0_20": 1.0}
[pair_A] {"steps": 466944, "elapsed_s": 284.2, "cramped_room_sparse20": 0.0, "cramped_room_potter0_20": 0.5, "asymmetric_advantages_sparse20": 9.0, "asymmetric_advantages_potter0_20": 1.0}
[pair_A] {"steps": 468992, "elapsed_s": 285.4, "cramped_room_sparse20": 0.0, "cramped_room_potter0_20": 0.55, "asymmetric_advantages_sparse20": 8.0, "asymmetric_advantages_potter0_20": 1.0}
[pair_A] {"steps": 471040, "elapsed_s": 286.6, "cramped_room_sparse20": 0.0, "cramped_room_potter0_20": 0.45, "asymmetric_advantages_sparse20": 9.0, "asymmetric_advantages_potter0_20": 1.0}
[pair_A] {"steps": 473088, "elapsed_s": 287.8, "cramped_room_sparse20": 0.0, "cramped_room_potter0_20": 0.45, "asymmetric_advantages_sparse20": 12.0, "asymmetric_advantages_potter0_20": 1.0}
[pair_A] {"steps": 475136, "elapsed_s": 289.0, "cramped_room_sparse20": 0.0, "cramped_room_potter0_20": 0.5, "asymmetric_advantages_sparse20": 8.0, "asymmetric_advantages_potter0_20": 1.0}
[pair_A] {"steps": 477184, "elapsed_s": 290.3, "cramped_room_sparse20": 0.0, "cramped_room_potter0_20": 0.5, "asymmetric_advantages_sparse20": 9.0, "asymmetric_advantages_potter0_20": 1.0}
[pair_A] {"steps": 479232, "elapsed_s": 291.4, "cramped_room_sparse20": 0.0, "cramped_room_potter0_20": 0.55, "asymmetric_advantages_sparse20": 9.0, "asymmetric_advantages_potter0_20": 1.0}
[pair_A] {"steps": 481280, "elapsed_s": 292.6, "cramped_room_sparse20": 0.0, "cramped_room_potter0_20": 0.6, "asymmetric_advantages_sparse20": 11.0, "asymmetric_advantages_potter0_20": 1.0}
[pair_A] {"steps": 483328, "elapsed_s": 293.8, "cramped_room_sparse20": 0.0, "cramped_room_potter0_20": 0.6, "asymmetric_advantages_sparse20": 12.0, "asymmetric_advantages_potter0_20": 1.0}
[pair_A] {"steps": 485376, "elapsed_s": 295.1, "cramped_room_sparse20": 0.0, "cramped_room_potter0_20": 0.6, "asymmetric_advantages_sparse20": 15.0, "asymmetric_advantages_potter0_20": 1.0}
[pair_A] {"steps": 487424, "elapsed_s": 296.3, "cramped_room_sparse20": 1.0, "cramped_room_potter0_20": 0.65, "asymmetric_advantages_sparse20": 13.0, "asymmetric_advantages_potter0_20": 1.0}
[pair_A] {"steps": 489472, "elapsed_s": 297.5, "cramped_room_sparse20": 1.0, "cramped_room_potter0_20": 0.55, "asymmetric_advantages_sparse20": 12.0, "asymmetric_advantages_potter0_20": 1.0}
[pair_A] {"steps": 491520, "elapsed_s": 298.8, "cramped_room_sparse20": 1.0, "cramped_room_potter0_20": 0.55, "asymmetric_advantages_sparse20": 12.0, "asymmetric_advantages_potter0_20": 1.0}
[pair_A] {"steps": 493568, "elapsed_s": 300.0, "cramped_room_sparse20": 1.0, "cramped_room_potter0_20": 0.4, "asymmetric_advantages_sparse20": 11.0, "asymmetric_advantages_potter0_20": 1.0}
[pair_A] {"steps": 495616, "elapsed_s": 301.2, "cramped_room_sparse20": 1.0, "cramped_room_potter0_20": 0.3, "asymmetric_advantages_sparse20": 12.0, "asymmetric_advantages_potter0_20": 1.0}
[pair_A] {"steps": 497664, "elapsed_s": 302.4, "cramped_room_sparse20": 1.0, "cramped_room_potter0_20": 0.25, "asymmetric_advantages_sparse20": 11.0, "asymmetric_advantages_potter0_20": 1.0}
[pair_A] {"steps": 499712, "elapsed_s": 303.6, "cramped_room_sparse20": 0.0, "cramped_room_potter0_20": 0.3, "asymmetric_advantages_sparse20": 12.0, "asymmetric_advantages_potter0_20": 1.0}
[pair_A] {"steps": 501760, "elapsed_s": 304.8, "cramped_room_sparse20": 1.0, "cramped_room_potter0_20": 0.35, "asymmetric_advantages_sparse20": 10.0, "asymmetric_advantages_potter0_20": 1.0}
[pair_A] {"steps": 503808, "elapsed_s": 305.9, "cramped_room_sparse20": 1.0, "cramped_room_potter0_20": 0.35, "asymmetric_advantages_sparse20": 10.0, "asymmetric_advantages_potter0_20": 1.0}
[pair_A] {"steps": 505856, "elapsed_s": 307.1, "cramped_room_sparse20": 1.0, "cramped_room_potter0_20": 0.35, "asymmetric_advantages_sparse20": 8.0, "asymmetric_advantages_potter0_20": 1.0}
[pair_A] {"steps": 507904, "elapsed_s": 308.4, "cramped_room_sparse20": 1.0, "cramped_room_potter0_20": 0.4, "asymmetric_advantages_sparse20": 8.0, "asymmetric_advantages_potter0_20": 1.0}
[pair_A] {"steps": 509952, "elapsed_s": 309.6, "cramped_room_sparse20": 1.0, "cramped_room_potter0_20": 0.45, "asymmetric_advantages_sparse20": 7.0, "asymmetric_advantages_potter0_20": 1.0}
[pair_A] {"steps": 512000, "elapsed_s": 310.8, "cramped_room_sparse20": 1.0, "cramped_room_potter0_20": 0.5, "asymmetric_advantages_sparse20": 5.0, "asymmetric_advantages_potter0_20": 1.0}
[pair_A] {"steps": 514048, "elapsed_s": 312.0, "cramped_room_sparse20": 2.0, "cramped_room_potter0_20": 0.5, "asymmetric_advantages_sparse20": 4.0, "asymmetric_advantages_potter0_20": 1.0}
[pair_A] {"steps": 516096, "elapsed_s": 313.2, "cramped_room_sparse20": 2.0, "cramped_room_potter0_20": 0.55, "asymmetric_advantages_sparse20": 6.0, "asymmetric_advantages_potter0_20": 1.0}
[pair_A] {"steps": 518144, "elapsed_s": 314.4, "cramped_room_sparse20": 1.0, "cramped_room_potter0_20": 0.55, "asymmetric_advantages_sparse20": 7.0, "asymmetric_advantages_potter0_20": 1.0}
[pair_A] {"steps": 520192, "elapsed_s": 315.6, "cramped_room_sparse20": 1.0, "cramped_room_potter0_20": 0.4, "asymmetric_advantages_sparse20": 6.0, "asymmetric_advantages_potter0_20": 1.0}
[pair_A] {"steps": 522240, "elapsed_s": 316.8, "cramped_room_sparse20": 1.0, "cramped_room_potter0_20": 0.4, "asymmetric_advantages_sparse20": 6.0, "asymmetric_advantages_potter0_20": 1.0}
[pair_A] {"steps": 524288, "elapsed_s": 318.1, "cramped_room_sparse20": 1.0, "cramped_room_potter0_20": 0.35, "asymmetric_advantages_sparse20": 9.0, "asymmetric_advantages_potter0_20": 1.0}
[pair_A] {"steps": 526336, "elapsed_s": 319.4, "cramped_room_sparse20": 1.0, "cramped_room_potter0_20": 0.25, "asymmetric_advantages_sparse20": 11.0, "asymmetric_advantages_potter0_20": 1.0}
[pair_A] {"steps": 528384, "elapsed_s": 320.9, "cramped_room_sparse20": 0.0, "cramped_room_potter0_20": 0.3, "asymmetric_advantages_sparse20": 12.0, "asymmetric_advantages_potter0_20": 1.0}
[pair_A] {"steps": 530432, "elapsed_s": 322.4, "cramped_room_sparse20": 1.0, "cramped_room_potter0_20": 0.25, "asymmetric_advantages_sparse20": 13.0, "asymmetric_advantages_potter0_20": 1.0}
[pair_A] {"steps": 532480, "elapsed_s": 323.6, "cramped_room_sparse20": 1.0, "cramped_room_potter0_20": 0.15, "asymmetric_advantages_sparse20": 14.0, "asymmetric_advantages_potter0_20": 1.0}
[pair_A] {"steps": 534528, "elapsed_s": 324.8, "cramped_room_sparse20": 1.0, "cramped_room_potter0_20": 0.25, "asymmetric_advantages_sparse20": 13.0, "asymmetric_advantages_potter0_20": 1.0}
[pair_A] {"steps": 536576, "elapsed_s": 326.1, "cramped_room_sparse20": 1.0, "cramped_room_potter0_20": 0.3, "asymmetric_advantages_sparse20": 12.0, "asymmetric_advantages_potter0_20": 1.0}
[pair_A] {"steps": 538624, "elapsed_s": 327.6, "cramped_room_sparse20": 1.0, "cramped_room_potter0_20": 0.35, "asymmetric_advantages_sparse20": 15.0, "asymmetric_advantages_potter0_20": 1.0}
[pair_A] {"steps": 540672, "elapsed_s": 329.1, "cramped_room_sparse20": 1.0, "cramped_room_potter0_20": 0.45, "asymmetric_advantages_sparse20": 14.0, "asymmetric_advantages_potter0_20": 1.0}
[pair_A] {"steps": 542720, "elapsed_s": 330.7, "cramped_room_sparse20": 1.0, "cramped_room_potter0_20": 0.5, "asymmetric_advantages_sparse20": 10.0, "asymmetric_advantages_potter0_20": 1.0}
[pair_A] {"steps": 544768, "elapsed_s": 332.1, "cramped_room_sparse20": 1.0, "cramped_room_potter0_20": 0.5, "asymmetric_advantages_sparse20": 12.0, "asymmetric_advantages_potter0_20": 1.0}
[pair_A] {"steps": 546816, "elapsed_s": 333.3, "cramped_room_sparse20": 0.0, "cramped_room_potter0_20": 0.55, "asymmetric_advantages_sparse20": 11.0, "asymmetric_advantages_potter0_20": 1.0}
[pair_A] {"steps": 548864, "elapsed_s": 334.5, "cramped_room_sparse20": 0.0, "cramped_room_potter0_20": 0.6, "asymmetric_advantages_sparse20": 12.0, "asymmetric_advantages_potter0_20": 1.0}
[pair_A] {"steps": 550912, "elapsed_s": 335.8, "cramped_room_sparse20": 0.0, "cramped_room_potter0_20": 0.6, "asymmetric_advantages_sparse20": 17.0, "asymmetric_advantages_potter0_20": 1.0}
[pair_A] {"steps": 552960, "elapsed_s": 337.0, "cramped_room_sparse20": 0.0, "cramped_room_potter0_20": 0.55, "asymmetric_advantages_sparse20": 19.0, "asymmetric_advantages_potter0_20": 1.0}
[pair_A] {"steps": 555008, "elapsed_s": 338.2, "cramped_room_sparse20": 0.0, "cramped_room_potter0_20": 0.6, "asymmetric_advantages_sparse20": 19.0, "asymmetric_advantages_potter0_20": 1.0}
[pair_A] {"steps": 557056, "elapsed_s": 339.4, "cramped_room_sparse20": 0.0, "cramped_room_potter0_20": 0.55, "asymmetric_advantages_sparse20": 21.0, "asymmetric_advantages_potter0_20": 1.0}
[pair_A] {"steps": 559104, "elapsed_s": 340.9, "cramped_room_sparse20": 0.0, "cramped_room_potter0_20": 0.55, "asymmetric_advantages_sparse20": 20.0, "asymmetric_advantages_potter0_20": 1.0}
[pair_A] {"steps": 561152, "elapsed_s": 342.2, "cramped_room_sparse20": 1.0, "cramped_room_potter0_20": 0.5, "asymmetric_advantages_sparse20": 20.0, "asymmetric_advantages_potter0_20": 1.0}
[pair_A] {"steps": 563200, "elapsed_s": 343.5, "cramped_room_sparse20": 1.0, "cramped_room_potter0_20": 0.5, "asymmetric_advantages_sparse20": 20.0, "asymmetric_advantages_potter0_20": 1.0}
[pair_A] {"steps": 565248, "elapsed_s": 344.6, "cramped_room_sparse20": 1.0, "cramped_room_potter0_20": 0.45, "asymmetric_advantages_sparse20": 17.0, "asymmetric_advantages_potter0_20": 1.0}
[pair_A] {"steps": 567296, "elapsed_s": 345.8, "cramped_room_sparse20": 1.0, "cramped_room_potter0_20": 0.45, "asymmetric_advantages_sparse20": 16.0, "asymmetric_advantages_potter0_20": 1.0}
[pair_A] {"steps": 569344, "elapsed_s": 347.0, "cramped_room_sparse20": 1.0, "cramped_room_potter0_20": 0.4, "asymmetric_advantages_sparse20": 14.0, "asymmetric_advantages_potter0_20": 1.0}
[pair_A] {"steps": 571392, "elapsed_s": 348.2, "cramped_room_sparse20": 1.0, "cramped_room_potter0_20": 0.45, "asymmetric_advantages_sparse20": 14.0, "asymmetric_advantages_potter0_20": 1.0}
[pair_A] {"steps": 573440, "elapsed_s": 349.5, "cramped_room_sparse20": 1.0, "cramped_room_potter0_20": 0.5, "asymmetric_advantages_sparse20": 14.0, "asymmetric_advantages_potter0_20": 1.0}
[pair_A] {"steps": 575488, "elapsed_s": 350.6, "cramped_room_sparse20": 1.0, "cramped_room_potter0_20": 0.5, "asymmetric_advantages_sparse20": 16.0, "asymmetric_advantages_potter0_20": 1.0}
[pair_A] {"steps": 577536, "elapsed_s": 351.8, "cramped_room_sparse20": 0.0, "cramped_room_potter0_20": 0.5, "asymmetric_advantages_sparse20": 17.0, "asymmetric_advantages_potter0_20": 1.0}
[pair_A] {"steps": 579584, "elapsed_s": 353.0, "cramped_room_sparse20": 0.0, "cramped_room_potter0_20": 0.55, "asymmetric_advantages_sparse20": 16.0, "asymmetric_advantages_potter0_20": 1.0}
[pair_A] {"steps": 581632, "elapsed_s": 354.2, "cramped_room_sparse20": 0.0, "cramped_room_potter0_20": 0.55, "asymmetric_advantages_sparse20": 15.0, "asymmetric_advantages_potter0_20": 1.0}
[pair_A] {"steps": 583680, "elapsed_s": 355.3, "cramped_room_sparse20": 0.0, "cramped_room_potter0_20": 0.55, "asymmetric_advantages_sparse20": 16.0, "asymmetric_advantages_potter0_20": 1.0}
[pair_A] {"steps": 585728, "elapsed_s": 356.6, "cramped_room_sparse20": 1.0, "cramped_room_potter0_20": 0.55, "asymmetric_advantages_sparse20": 16.0, "asymmetric_advantages_potter0_20": 1.0}
[pair_A] {"steps": 587776, "elapsed_s": 357.8, "cramped_room_sparse20": 1.0, "cramped_room_potter0_20": 0.55, "asymmetric_advantages_sparse20": 16.0, "asymmetric_advantages_potter0_20": 1.0}
[pair_A] {"steps": 589824, "elapsed_s": 359.0, "cramped_room_sparse20": 1.0, "cramped_room_potter0_20": 0.5, "asymmetric_advantages_sparse20": 18.0, "asymmetric_advantages_potter0_20": 1.0}
[pair_A] {"steps": 591872, "elapsed_s": 360.3, "cramped_room_sparse20": 1.0, "cramped_room_potter0_20": 0.5, "asymmetric_advantages_sparse20": 19.0, "asymmetric_advantages_potter0_20": 1.0}
[pair_A] {"steps": 593920, "elapsed_s": 361.5, "cramped_room_sparse20": 1.0, "cramped_room_potter0_20": 0.45, "asymmetric_advantages_sparse20": 23.0, "asymmetric_advantages_potter0_20": 1.0}
[pair_A] {"steps": 595968, "elapsed_s": 362.8, "cramped_room_sparse20": 1.0, "cramped_room_potter0_20": 0.4, "asymmetric_advantages_sparse20": 24.0, "asymmetric_advantages_potter0_20": 1.0}
[pair_A] {"steps": 598016, "elapsed_s": 364.0, "cramped_room_sparse20": 1.0, "cramped_room_potter0_20": 0.4, "asymmetric_advantages_sparse20": 24.0, "asymmetric_advantages_potter0_20": 1.0}
[pair_A] {"steps": 600064, "elapsed_s": 365.2, "cramped_room_sparse20": 1.0, "cramped_room_potter0_20": 0.35, "asymmetric_advantages_sparse20": 22.0, "asymmetric_advantages_potter0_20": 1.0}
[pair_A] {"steps": 602112, "elapsed_s": 366.4, "cramped_room_sparse20": 0.0, "cramped_room_potter0_20": 0.35, "asymmetric_advantages_sparse20": 24.0, "asymmetric_advantages_potter0_20": 1.0}
[pair_A] {"steps": 604160, "elapsed_s": 367.6, "cramped_room_sparse20": 1.0, "cramped_room_potter0_20": 0.35, "asymmetric_advantages_sparse20": 27.0, "asymmetric_advantages_potter0_20": 1.0}
[pair_A] {"steps": 606208, "elapsed_s": 368.8, "cramped_room_sparse20": 1.0, "cramped_room_potter0_20": 0.35, "asymmetric_advantages_sparse20": 25.0, "asymmetric_advantages_potter0_20": 1.0}
[pair_A] {"steps": 608256, "elapsed_s": 370.0, "cramped_room_sparse20": 1.0, "cramped_room_potter0_20": 0.4, "asymmetric_advantages_sparse20": 21.0, "asymmetric_advantages_potter0_20": 1.0}
[pair_A] {"steps": 610304, "elapsed_s": 371.3, "cramped_room_sparse20": 1.0, "cramped_room_potter0_20": 0.55, "asymmetric_advantages_sparse20": 20.0, "asymmetric_advantages_potter0_20": 1.0}
[pair_A] {"steps": 612352, "elapsed_s": 372.4, "cramped_room_sparse20": 1.0, "cramped_room_potter0_20": 0.55, "asymmetric_advantages_sparse20": 21.0, "asymmetric_advantages_potter0_20": 1.0}
[pair_A] {"steps": 614400, "elapsed_s": 373.7, "cramped_room_sparse20": 1.0, "cramped_room_potter0_20": 0.5, "asymmetric_advantages_sparse20": 23.0, "asymmetric_advantages_potter0_20": 1.0}
[pair_A] {"steps": 616448, "elapsed_s": 374.9, "cramped_room_sparse20": 1.0, "cramped_room_potter0_20": 0.55, "asymmetric_advantages_sparse20": 22.0, "asymmetric_advantages_potter0_20": 1.0}
[pair_A] {"steps": 618496, "elapsed_s": 376.1, "cramped_room_sparse20": 1.0, "cramped_room_potter0_20": 0.45, "asymmetric_advantages_sparse20": 21.0, "asymmetric_advantages_potter0_20": 1.0}
[pair_A] {"steps": 620544, "elapsed_s": 377.4, "cramped_room_sparse20": 0.0, "cramped_room_potter0_20": 0.55, "asymmetric_advantages_sparse20": 22.0, "asymmetric_advantages_potter0_20": 1.0}
[pair_A] {"steps": 622592, "elapsed_s": 378.5, "cramped_room_sparse20": 0.0, "cramped_room_potter0_20": 0.55, "asymmetric_advantages_sparse20": 22.0, "asymmetric_advantages_potter0_20": 1.0}
[pair_A] {"steps": 624640, "elapsed_s": 379.7, "cramped_room_sparse20": 1.0, "cramped_room_potter0_20": 0.55, "asymmetric_advantages_sparse20": 22.0, "asymmetric_advantages_potter0_20": 1.0}
[pair_A] {"steps": 626688, "elapsed_s": 380.9, "cramped_room_sparse20": 1.0, "cramped_room_potter0_20": 0.55, "asymmetric_advantages_sparse20": 22.0, "asymmetric_advantages_potter0_20": 1.0}
[pair_A] {"steps": 628736, "elapsed_s": 382.2, "cramped_room_sparse20": 1.0, "cramped_room_potter0_20": 0.55, "asymmetric_advantages_sparse20": 25.0, "asymmetric_advantages_potter0_20": 1.0}
[pair_A] {"steps": 630784, "elapsed_s": 383.4, "cramped_room_sparse20": 1.0, "cramped_room_potter0_20": 0.55, "asymmetric_advantages_sparse20": 28.0, "asymmetric_advantages_potter0_20": 1.0}
[pair_A] {"steps": 632832, "elapsed_s": 384.6, "cramped_room_sparse20": 1.0, "cramped_room_potter0_20": 0.5, "asymmetric_advantages_sparse20": 28.0, "asymmetric_advantages_potter0_20": 1.0}
[pair_A] {"steps": 634880, "elapsed_s": 385.8, "cramped_room_sparse20": 1.0, "cramped_room_potter0_20": 0.55, "asymmetric_advantages_sparse20": 28.0, "asymmetric_advantages_potter0_20": 1.0}
[pair_A] {"steps": 636928, "elapsed_s": 387.1, "cramped_room_sparse20": 1.0, "cramped_room_potter0_20": 0.55, "asymmetric_advantages_sparse20": 30.0, "asymmetric_advantages_potter0_20": 1.0}
[pair_A] {"steps": 638976, "elapsed_s": 388.3, "cramped_room_sparse20": 1.0, "cramped_room_potter0_20": 0.45, "asymmetric_advantages_sparse20": 31.0, "asymmetric_advantages_potter0_20": 1.0}
[pair_A] {"steps": 641024, "elapsed_s": 389.5, "cramped_room_sparse20": 0.0, "cramped_room_potter0_20": 0.5, "asymmetric_advantages_sparse20": 28.0, "asymmetric_advantages_potter0_20": 1.0}
[pair_A] {"steps": 643072, "elapsed_s": 390.7, "cramped_room_sparse20": 0.0, "cramped_room_potter0_20": 0.55, "asymmetric_advantages_sparse20": 30.0, "asymmetric_advantages_potter0_20": 1.0}
[pair_A] {"steps": 645120, "elapsed_s": 392.0, "cramped_room_sparse20": 0.0, "cramped_room_potter0_20": 0.65, "asymmetric_advantages_sparse20": 29.0, "asymmetric_advantages_potter0_20": 1.0}
[pair_A] {"steps": 647168, "elapsed_s": 393.2, "cramped_room_sparse20": 0.0, "cramped_room_potter0_20": 0.7, "asymmetric_advantages_sparse20": 29.0, "asymmetric_advantages_potter0_20": 1.0}
[pair_A] {"steps": 649216, "elapsed_s": 394.4, "cramped_room_sparse20": 0.0, "cramped_room_potter0_20": 0.6, "asymmetric_advantages_sparse20": 28.0, "asymmetric_advantages_potter0_20": 1.0}
[pair_A] {"steps": 651264, "elapsed_s": 395.6, "cramped_room_sparse20": 0.0, "cramped_room_potter0_20": 0.6, "asymmetric_advantages_sparse20": 27.0, "asymmetric_advantages_potter0_20": 1.0}
[pair_A] {"steps": 653312, "elapsed_s": 396.8, "cramped_room_sparse20": 0.0, "cramped_room_potter0_20": 0.6, "asymmetric_advantages_sparse20": 26.0, "asymmetric_advantages_potter0_20": 1.0}
[pair_A] {"steps": 655360, "elapsed_s": 398.0, "cramped_room_sparse20": 0.0, "cramped_room_potter0_20": 0.55, "asymmetric_advantages_sparse20": 32.0, "asymmetric_advantages_potter0_20": 1.0}
[pair_A] {"steps": 657408, "elapsed_s": 399.2, "cramped_room_sparse20": 0.0, "cramped_room_potter0_20": 0.55, "asymmetric_advantages_sparse20": 32.0, "asymmetric_advantages_potter0_20": 1.0}
[pair_A] {"steps": 659456, "elapsed_s": 400.4, "cramped_room_sparse20": 0.0, "cramped_room_potter0_20": 0.6, "asymmetric_advantages_sparse20": 32.0, "asymmetric_advantages_potter0_20": 1.0}
[pair_A] {"steps": 661504, "elapsed_s": 401.7, "cramped_room_sparse20": 0.0, "cramped_room_potter0_20": 0.65, "asymmetric_advantages_sparse20": 35.0, "asymmetric_advantages_potter0_20": 1.0}
[pair_A] {"steps": 663552, "elapsed_s": 402.9, "cramped_room_sparse20": 0.0, "cramped_room_potter0_20": 0.7, "asymmetric_advantages_sparse20": 33.0, "asymmetric_advantages_potter0_20": 1.0}
[pair_A] {"steps": 665600, "elapsed_s": 404.1, "cramped_room_sparse20": 0.0, "cramped_room_potter0_20": 0.75, "asymmetric_advantages_sparse20": 34.0, "asymmetric_advantages_potter0_20": 1.0}
[pair_A] {"steps": 667648, "elapsed_s": 405.3, "cramped_room_sparse20": 0.0, "cramped_room_potter0_20": 0.65, "asymmetric_advantages_sparse20": 37.0, "asymmetric_advantages_potter0_20": 1.0}
[pair_A] {"steps": 669696, "elapsed_s": 406.5, "cramped_room_sparse20": 0.0, "cramped_room_potter0_20": 0.6, "asymmetric_advantages_sparse20": 35.0, "asymmetric_advantages_potter0_20": 1.0}
[pair_A] {"steps": 671744, "elapsed_s": 407.7, "cramped_room_sparse20": 0.0, "cramped_room_potter0_20": 0.5, "asymmetric_advantages_sparse20": 31.0, "asymmetric_advantages_potter0_20": 1.0}
[pair_A] {"steps": 673792, "elapsed_s": 409.0, "cramped_room_sparse20": 0.0, "cramped_room_potter0_20": 0.5, "asymmetric_advantages_sparse20": 30.0, "asymmetric_advantages_potter0_20": 1.0}
[pair_A] {"steps": 675840, "elapsed_s": 410.2, "cramped_room_sparse20": 0.0, "cramped_room_potter0_20": 0.5, "asymmetric_advantages_sparse20": 28.0, "asymmetric_advantages_potter0_20": 1.0}
[pair_A] {"steps": 677888, "elapsed_s": 411.4, "cramped_room_sparse20": 0.0, "cramped_room_potter0_20": 0.4, "asymmetric_advantages_sparse20": 28.0, "asymmetric_advantages_potter0_20": 1.0}
[pair_A] {"steps": 679936, "elapsed_s": 412.6, "cramped_room_sparse20": 0.0, "cramped_room_potter0_20": 0.35, "asymmetric_advantages_sparse20": 31.0, "asymmetric_advantages_potter0_20": 1.0}
[pair_A] {"steps": 681984, "elapsed_s": 413.8, "cramped_room_sparse20": 0.0, "cramped_room_potter0_20": 0.35, "asymmetric_advantages_sparse20": 31.0, "asymmetric_advantages_potter0_20": 1.0}
[pair_A] {"steps": 684032, "elapsed_s": 415.0, "cramped_room_sparse20": 0.0, "cramped_room_potter0_20": 0.4, "asymmetric_advantages_sparse20": 33.0, "asymmetric_advantages_potter0_20": 1.0}
[pair_A] {"steps": 686080, "elapsed_s": 416.2, "cramped_room_sparse20": 1.0, "cramped_room_potter0_20": 0.4, "asymmetric_advantages_sparse20": 36.0, "asymmetric_advantages_potter0_20": 1.0}
[pair_A] {"steps": 688128, "elapsed_s": 417.4, "cramped_room_sparse20": 1.0, "cramped_room_potter0_20": 0.45, "asymmetric_advantages_sparse20": 37.0, "asymmetric_advantages_potter0_20": 1.0}
[pair_A] {"steps": 690176, "elapsed_s": 418.6, "cramped_room_sparse20": 1.0, "cramped_room_potter0_20": 0.4, "asymmetric_advantages_sparse20": 36.0, "asymmetric_advantages_potter0_20": 1.0}
[pair_A] {"steps": 692224, "elapsed_s": 419.7, "cramped_room_sparse20": 1.0, "cramped_room_potter0_20": 0.45, "asymmetric_advantages_sparse20": 37.0, "asymmetric_advantages_potter0_20": 1.0}
[pair_A] {"steps": 694272, "elapsed_s": 420.9, "cramped_room_sparse20": 1.0, "cramped_room_potter0_20": 0.5, "asymmetric_advantages_sparse20": 36.0, "asymmetric_advantages_potter0_20": 1.0}
[pair_A] {"steps": 696320, "elapsed_s": 422.2, "cramped_room_sparse20": 1.0, "cramped_room_potter0_20": 0.45, "asymmetric_advantages_sparse20": 36.0, "asymmetric_advantages_potter0_20": 1.0}
[pair_A] {"steps": 698368, "elapsed_s": 423.4, "cramped_room_sparse20": 1.0, "cramped_room_potter0_20": 0.5, "asymmetric_advantages_sparse20": 34.0, "asymmetric_advantages_potter0_20": 1.0}
[pair_A] {"steps": 700416, "elapsed_s": 424.6, "cramped_room_sparse20": 0.0, "cramped_room_potter0_20": 0.55, "asymmetric_advantages_sparse20": 32.0, "asymmetric_advantages_potter0_20": 1.0}
[pair_A] {"steps": 702464, "elapsed_s": 425.8, "cramped_room_sparse20": 0.0, "cramped_room_potter0_20": 0.55, "asymmetric_advantages_sparse20": 32.0, "asymmetric_advantages_potter0_20": 1.0}
[pair_A] {"steps": 704512, "elapsed_s": 426.9, "cramped_room_sparse20": 0.0, "cramped_room_potter0_20": 0.55, "asymmetric_advantages_sparse20": 32.0, "asymmetric_advantages_potter0_20": 1.0}
[pair_A] {"steps": 706560, "elapsed_s": 428.2, "cramped_room_sparse20": 0.0, "cramped_room_potter0_20": 0.5, "asymmetric_advantages_sparse20": 31.0, "asymmetric_advantages_potter0_20": 1.0}
[pair_A] {"steps": 708608, "elapsed_s": 429.3, "cramped_room_sparse20": 0.0, "cramped_room_potter0_20": 0.5, "asymmetric_advantages_sparse20": 28.0, "asymmetric_advantages_potter0_20": 1.0}
[pair_A] {"steps": 710656, "elapsed_s": 430.5, "cramped_room_sparse20": 0.0, "cramped_room_potter0_20": 0.55, "asymmetric_advantages_sparse20": 26.0, "asymmetric_advantages_potter0_20": 1.0}
[pair_A] {"steps": 712704, "elapsed_s": 431.7, "cramped_room_sparse20": 0.0, "cramped_room_potter0_20": 0.55, "asymmetric_advantages_sparse20": 26.0, "asymmetric_advantages_potter0_20": 1.0}
[pair_A] {"steps": 714752, "elapsed_s": 432.9, "cramped_room_sparse20": 0.0, "cramped_room_potter0_20": 0.6, "asymmetric_advantages_sparse20": 25.0, "asymmetric_advantages_potter0_20": 1.0}
[pair_A] {"steps": 716800, "elapsed_s": 434.1, "cramped_room_sparse20": 1.0, "cramped_room_potter0_20": 0.55, "asymmetric_advantages_sparse20": 25.0, "asymmetric_advantages_potter0_20": 1.0}
[pair_A] {"steps": 718848, "elapsed_s": 435.3, "cramped_room_sparse20": 1.0, "cramped_room_potter0_20": 0.65, "asymmetric_advantages_sparse20": 23.0, "asymmetric_advantages_potter0_20": 1.0}
[pair_A] {"steps": 720896, "elapsed_s": 436.5, "cramped_room_sparse20": 1.0, "cramped_room_potter0_20": 0.65, "asymmetric_advantages_sparse20": 23.0, "asymmetric_advantages_potter0_20": 1.0}
[pair_A] {"steps": 722944, "elapsed_s": 437.6, "cramped_room_sparse20": 1.0, "cramped_room_potter0_20": 0.6, "asymmetric_advantages_sparse20": 23.0, "asymmetric_advantages_potter0_20": 1.0}
[pair_A] {"steps": 724992, "elapsed_s": 438.8, "cramped_room_sparse20": 1.0, "cramped_room_potter0_20": 0.6, "asymmetric_advantages_sparse20": 22.0, "asymmetric_advantages_potter0_20": 1.0}
[pair_A] {"steps": 727040, "elapsed_s": 440.0, "cramped_room_sparse20": 1.0, "cramped_room_potter0_20": 0.55, "asymmetric_advantages_sparse20": 25.0, "asymmetric_advantages_potter0_20": 1.0}
[pair_A] {"steps": 729088, "elapsed_s": 441.2, "cramped_room_sparse20": 0.0, "cramped_room_potter0_20": 0.55, "asymmetric_advantages_sparse20": 22.0, "asymmetric_advantages_potter0_20": 1.0}
[pair_A] {"steps": 731136, "elapsed_s": 442.4, "cramped_room_sparse20": 0.0, "cramped_room_potter0_20": 0.55, "asymmetric_advantages_sparse20": 20.0, "asymmetric_advantages_potter0_20": 1.0}
[pair_A] {"steps": 733184, "elapsed_s": 443.7, "cramped_room_sparse20": 0.0, "cramped_room_potter0_20": 0.5, "asymmetric_advantages_sparse20": 25.0, "asymmetric_advantages_potter0_20": 1.0}
[pair_A] {"steps": 735232, "elapsed_s": 444.9, "cramped_room_sparse20": 0.0, "cramped_room_potter0_20": 0.55, "asymmetric_advantages_sparse20": 31.0, "asymmetric_advantages_potter0_20": 1.0}
[pair_A] {"steps": 737280, "elapsed_s": 446.1, "cramped_room_sparse20": 0.0, "cramped_room_potter0_20": 0.6, "asymmetric_advantages_sparse20": 33.0, "asymmetric_advantages_potter0_20": 1.0}
[pair_A] {"steps": 739328, "elapsed_s": 447.3, "cramped_room_sparse20": 0.0, "cramped_room_potter0_20": 0.65, "asymmetric_advantages_sparse20": 35.0, "asymmetric_advantages_potter0_20": 1.0}
[pair_A] {"steps": 741376, "elapsed_s": 448.5, "cramped_room_sparse20": 1.0, "cramped_room_potter0_20": 0.6, "asymmetric_advantages_sparse20": 33.0, "asymmetric_advantages_potter0_20": 1.0}
[pair_A] {"steps": 743424, "elapsed_s": 449.7, "cramped_room_sparse20": 1.0, "cramped_room_potter0_20": 0.65, "asymmetric_advantages_sparse20": 32.0, "asymmetric_advantages_potter0_20": 1.0}
[pair_A] {"steps": 745472, "elapsed_s": 451.0, "cramped_room_sparse20": 1.0, "cramped_room_potter0_20": 0.65, "asymmetric_advantages_sparse20": 30.0, "asymmetric_advantages_potter0_20": 1.0}
[pair_A] {"steps": 747520, "elapsed_s": 452.2, "cramped_room_sparse20": 1.0, "cramped_room_potter0_20": 0.6, "asymmetric_advantages_sparse20": 26.0, "asymmetric_advantages_potter0_20": 1.0}
[pair_A] {"steps": 749568, "elapsed_s": 453.5, "cramped_room_sparse20": 1.0, "cramped_room_potter0_20": 0.55, "asymmetric_advantages_sparse20": 26.0, "asymmetric_advantages_potter0_20": 1.0}
[pair_A] {"steps": 751616, "elapsed_s": 454.9, "cramped_room_sparse20": 1.0, "cramped_room_potter0_20": 0.5, "asymmetric_advantages_sparse20": 26.0, "asymmetric_advantages_potter0_20": 1.0}
[pair_A] {"steps": 753664, "elapsed_s": 456.1, "cramped_room_sparse20": 1.0, "cramped_room_potter0_20": 0.5, "asymmetric_advantages_sparse20": 20.0, "asymmetric_advantages_potter0_20": 1.0}
[pair_A] {"steps": 755712, "elapsed_s": 457.4, "cramped_room_sparse20": 0.0, "cramped_room_potter0_20": 0.55, "asymmetric_advantages_sparse20": 21.0, "asymmetric_advantages_potter0_20": 1.0}
[pair_A] {"steps": 757760, "elapsed_s": 458.6, "cramped_room_sparse20": 0.0, "cramped_room_potter0_20": 0.55, "asymmetric_advantages_sparse20": 20.0, "asymmetric_advantages_potter0_20": 1.0}
[pair_A] {"steps": 759808, "elapsed_s": 459.8, "cramped_room_sparse20": 0.0, "cramped_room_potter0_20": 0.6, "asymmetric_advantages_sparse20": 24.0, "asymmetric_advantages_potter0_20": 1.0}
[pair_A] {"steps": 761856, "elapsed_s": 461.0, "cramped_room_sparse20": 0.0, "cramped_room_potter0_20": 0.55, "asymmetric_advantages_sparse20": 27.0, "asymmetric_advantages_potter0_20": 1.0}
[pair_A] {"steps": 763904, "elapsed_s": 462.1, "cramped_room_sparse20": 0.0, "cramped_room_potter0_20": 0.5, "asymmetric_advantages_sparse20": 27.0, "asymmetric_advantages_potter0_20": 1.0}
[pair_A] {"steps": 765952, "elapsed_s": 463.3, "cramped_room_sparse20": 0.0, "cramped_room_potter0_20": 0.5, "asymmetric_advantages_sparse20": 27.0, "asymmetric_advantages_potter0_20": 1.0}
[pair_A] {"steps": 768000, "elapsed_s": 464.5, "cramped_room_sparse20": 0.0, "cramped_room_potter0_20": 0.45, "asymmetric_advantages_sparse20": 31.0, "asymmetric_advantages_potter0_20": 1.0}
[pair_A] {"steps": 770048, "elapsed_s": 465.7, "cramped_room_sparse20": 0.0, "cramped_room_potter0_20": 0.45, "asymmetric_advantages_sparse20": 30.0, "asymmetric_advantages_potter0_20": 1.0}
[pair_A] {"steps": 772096, "elapsed_s": 467.0, "cramped_room_sparse20": 0.0, "cramped_room_potter0_20": 0.45, "asymmetric_advantages_sparse20": 30.0, "asymmetric_advantages_potter0_20": 1.0}
[pair_A] {"steps": 774144, "elapsed_s": 468.2, "cramped_room_sparse20": 1.0, "cramped_room_potter0_20": 0.45, "asymmetric_advantages_sparse20": 31.0, "asymmetric_advantages_potter0_20": 1.0}
[pair_A] {"steps": 776192, "elapsed_s": 469.4, "cramped_room_sparse20": 1.0, "cramped_room_potter0_20": 0.45, "asymmetric_advantages_sparse20": 35.0, "asymmetric_advantages_potter0_20": 1.0}
[pair_A] {"steps": 778240, "elapsed_s": 470.6, "cramped_room_sparse20": 1.0, "cramped_room_potter0_20": 0.45, "asymmetric_advantages_sparse20": 33.0, "asymmetric_advantages_potter0_20": 1.0}
[pair_A] {"steps": 780288, "elapsed_s": 471.8, "cramped_room_sparse20": 2.0, "cramped_room_potter0_20": 0.45, "asymmetric_advantages_sparse20": 31.0, "asymmetric_advantages_potter0_20": 1.0}
[pair_A] {"steps": 782336, "elapsed_s": 473.0, "cramped_room_sparse20": 2.0, "cramped_room_potter0_20": 0.5, "asymmetric_advantages_sparse20": 31.0, "asymmetric_advantages_potter0_20": 1.0}
[pair_A] {"steps": 784384, "elapsed_s": 474.2, "cramped_room_sparse20": 2.0, "cramped_room_potter0_20": 0.5, "asymmetric_advantages_sparse20": 29.0, "asymmetric_advantages_potter0_20": 1.0}
[pair_A] {"steps": 786432, "elapsed_s": 475.4, "cramped_room_sparse20": 2.0, "cramped_room_potter0_20": 0.5, "asymmetric_advantages_sparse20": 34.0, "asymmetric_advantages_potter0_20": 1.0}
[pair_A] {"steps": 788480, "elapsed_s": 476.7, "cramped_room_sparse20": 2.0, "cramped_room_potter0_20": 0.55, "asymmetric_advantages_sparse20": 31.0, "asymmetric_advantages_potter0_20": 1.0}
[pair_A] {"steps": 790528, "elapsed_s": 477.9, "cramped_room_sparse20": 1.0, "cramped_room_potter0_20": 0.65, "asymmetric_advantages_sparse20": 34.0, "asymmetric_advantages_potter0_20": 1.0}
[pair_A] {"steps": 792576, "elapsed_s": 479.1, "cramped_room_sparse20": 1.0, "cramped_room_potter0_20": 0.65, "asymmetric_advantages_sparse20": 31.0, "asymmetric_advantages_potter0_20": 1.0}
[pair_A] {"steps": 794624, "elapsed_s": 480.3, "cramped_room_sparse20": 1.0, "cramped_room_potter0_20": 0.55, "asymmetric_advantages_sparse20": 32.0, "asymmetric_advantages_potter0_20": 1.0}
[pair_A] {"steps": 796672, "elapsed_s": 481.5, "cramped_room_sparse20": 0.0, "cramped_room_potter0_20": 0.7, "asymmetric_advantages_sparse20": 30.0, "asymmetric_advantages_potter0_20": 1.0}
[pair_A] {"steps": 798720, "elapsed_s": 482.7, "cramped_room_sparse20": 0.0, "cramped_room_potter0_20": 0.75, "asymmetric_advantages_sparse20": 33.0, "asymmetric_advantages_potter0_20": 1.0}
[pair_A] {"steps": 800768, "elapsed_s": 483.9, "cramped_room_sparse20": 0.0, "cramped_room_potter0_20": 0.7, "asymmetric_advantages_sparse20": 33.0, "asymmetric_advantages_potter0_20": 1.0}
[pair_A] {"steps": 802816, "elapsed_s": 485.2, "cramped_room_sparse20": 0.0, "cramped_room_potter0_20": 0.65, "asymmetric_advantages_sparse20": 35.0, "asymmetric_advantages_potter0_20": 1.0}
[pair_A] {"steps": 804864, "elapsed_s": 486.5, "cramped_room_sparse20": 0.0, "cramped_room_potter0_20": 0.7, "asymmetric_advantages_sparse20": 35.0, "asymmetric_advantages_potter0_20": 1.0}
[pair_A] {"steps": 806912, "elapsed_s": 487.7, "cramped_room_sparse20": 0.0, "cramped_room_potter0_20": 0.8, "asymmetric_advantages_sparse20": 36.0, "asymmetric_advantages_potter0_20": 1.0}
[pair_A] {"steps": 808960, "elapsed_s": 488.9, "cramped_room_sparse20": 0.0, "cramped_room_potter0_20": 0.75, "asymmetric_advantages_sparse20": 34.0, "asymmetric_advantages_potter0_20": 1.0}
[pair_A] {"steps": 811008, "elapsed_s": 490.1, "cramped_room_sparse20": 0.0, "cramped_room_potter0_20": 0.7, "asymmetric_advantages_sparse20": 33.0, "asymmetric_advantages_potter0_20": 1.0}
[pair_A] {"steps": 813056, "elapsed_s": 491.3, "cramped_room_sparse20": 0.0, "cramped_room_potter0_20": 0.6, "asymmetric_advantages_sparse20": 28.0, "asymmetric_advantages_potter0_20": 1.0}
[pair_A] {"steps": 815104, "elapsed_s": 492.5, "cramped_room_sparse20": 0.0, "cramped_room_potter0_20": 0.6, "asymmetric_advantages_sparse20": 27.0, "asymmetric_advantages_potter0_20": 1.0}
[pair_A] {"steps": 817152, "elapsed_s": 493.8, "cramped_room_sparse20": 0.0, "cramped_room_potter0_20": 0.65, "asymmetric_advantages_sparse20": 26.0, "asymmetric_advantages_potter0_20": 1.0}
[pair_A] {"steps": 819200, "elapsed_s": 495.0, "cramped_room_sparse20": 0.0, "cramped_room_potter0_20": 0.65, "asymmetric_advantages_sparse20": 25.0, "asymmetric_advantages_potter0_20": 1.0}
[pair_A] {"steps": 821248, "elapsed_s": 496.3, "cramped_room_sparse20": 0.0, "cramped_room_potter0_20": 0.7, "asymmetric_advantages_sparse20": 24.0, "asymmetric_advantages_potter0_20": 1.0}
[pair_A] {"steps": 823296, "elapsed_s": 497.5, "cramped_room_sparse20": 0.0, "cramped_room_potter0_20": 0.7, "asymmetric_advantages_sparse20": 32.0, "asymmetric_advantages_potter0_20": 1.0}
[pair_A] {"steps": 825344, "elapsed_s": 498.7, "cramped_room_sparse20": 0.0, "cramped_room_potter0_20": 0.65, "asymmetric_advantages_sparse20": 33.0, "asymmetric_advantages_potter0_20": 1.0}
[pair_A] {"steps": 827392, "elapsed_s": 500.0, "cramped_room_sparse20": 0.0, "cramped_room_potter0_20": 0.7, "asymmetric_advantages_sparse20": 36.0, "asymmetric_advantages_potter0_20": 1.0}
[pair_A] {"steps": 829440, "elapsed_s": 501.2, "cramped_room_sparse20": 0.0, "cramped_room_potter0_20": 0.65, "asymmetric_advantages_sparse20": 38.0, "asymmetric_advantages_potter0_20": 1.0}
[pair_A] {"steps": 831488, "elapsed_s": 502.3, "cramped_room_sparse20": 1.0, "cramped_room_potter0_20": 0.8, "asymmetric_advantages_sparse20": 40.0, "asymmetric_advantages_potter0_20": 1.0}
[pair_A] {"steps": 833536, "elapsed_s": 503.5, "cramped_room_sparse20": 1.0, "cramped_room_potter0_20": 0.75, "asymmetric_advantages_sparse20": 42.0, "asymmetric_advantages_potter0_20": 1.0}
[pair_A] {"steps": 835584, "elapsed_s": 504.7, "cramped_room_sparse20": 1.0, "cramped_room_potter0_20": 0.7, "asymmetric_advantages_sparse20": 43.0, "asymmetric_advantages_potter0_20": 1.0}
[pair_A] {"steps": 837632, "elapsed_s": 506.0, "cramped_room_sparse20": 1.0, "cramped_room_potter0_20": 0.55, "asymmetric_advantages_sparse20": 37.0, "asymmetric_advantages_potter0_20": 1.0}
[pair_A] {"steps": 839680, "elapsed_s": 507.1, "cramped_room_sparse20": 1.0, "cramped_room_potter0_20": 0.5, "asymmetric_advantages_sparse20": 38.0, "asymmetric_advantages_potter0_20": 1.0}
[pair_A] {"steps": 841728, "elapsed_s": 508.4, "cramped_room_sparse20": 1.0, "cramped_room_potter0_20": 0.55, "asymmetric_advantages_sparse20": 38.0, "asymmetric_advantages_potter0_20": 1.0}
[pair_A] {"steps": 843776, "elapsed_s": 509.6, "cramped_room_sparse20": 1.0, "cramped_room_potter0_20": 0.55, "asymmetric_advantages_sparse20": 40.0, "asymmetric_advantages_potter0_20": 1.0}
[pair_A] {"steps": 845824, "elapsed_s": 510.9, "cramped_room_sparse20": 1.0, "cramped_room_potter0_20": 0.55, "asymmetric_advantages_sparse20": 39.0, "asymmetric_advantages_potter0_20": 1.0}
[pair_A] {"steps": 847872, "elapsed_s": 512.1, "cramped_room_sparse20": 1.0, "cramped_room_potter0_20": 0.45, "asymmetric_advantages_sparse20": 43.0, "asymmetric_advantages_potter0_20": 1.0}
[pair_A] {"steps": 849920, "elapsed_s": 513.3, "cramped_room_sparse20": 0.0, "cramped_room_potter0_20": 0.35, "asymmetric_advantages_sparse20": 49.0, "asymmetric_advantages_potter0_20": 1.0}
[pair_A] {"steps": 851968, "elapsed_s": 514.7, "cramped_room_sparse20": 0.0, "cramped_room_potter0_20": 0.35, "asymmetric_advantages_sparse20": 50.0, "asymmetric_advantages_potter0_20": 1.0}
[pair_A] {"steps": 854016, "elapsed_s": 516.2, "cramped_room_sparse20": 0.0, "cramped_room_potter0_20": 0.4, "asymmetric_advantages_sparse20": 48.0, "asymmetric_advantages_potter0_20": 1.0}
[pair_A] {"steps": 856064, "elapsed_s": 517.4, "cramped_room_sparse20": 0.0, "cramped_room_potter0_20": 0.45, "asymmetric_advantages_sparse20": 48.0, "asymmetric_advantages_potter0_20": 1.0}
[pair_A] {"steps": 858112, "elapsed_s": 518.7, "cramped_room_sparse20": 0.0, "cramped_room_potter0_20": 0.5, "asymmetric_advantages_sparse20": 47.0, "asymmetric_advantages_potter0_20": 1.0}
[pair_A] {"steps": 860160, "elapsed_s": 519.9, "cramped_room_sparse20": 0.0, "cramped_room_potter0_20": 0.45, "asymmetric_advantages_sparse20": 46.0, "asymmetric_advantages_potter0_20": 1.0}
[pair_A] {"steps": 862208, "elapsed_s": 521.2, "cramped_room_sparse20": 0.0, "cramped_room_potter0_20": 0.45, "asymmetric_advantages_sparse20": 47.0, "asymmetric_advantages_potter0_20": 1.0}
[pair_A] {"steps": 864256, "elapsed_s": 522.4, "cramped_room_sparse20": 0.0, "cramped_room_potter0_20": 0.5, "asymmetric_advantages_sparse20": 41.0, "asymmetric_advantages_potter0_20": 1.0}
[pair_A] {"steps": 866304, "elapsed_s": 523.6, "cramped_room_sparse20": 0.0, "cramped_room_potter0_20": 0.5, "asymmetric_advantages_sparse20": 42.0, "asymmetric_advantages_potter0_20": 1.0}
[pair_A] {"steps": 868352, "elapsed_s": 524.8, "cramped_room_sparse20": 0.0, "cramped_room_potter0_20": 0.5, "asymmetric_advantages_sparse20": 42.0, "asymmetric_advantages_potter0_20": 1.0}
[pair_A] {"steps": 870400, "elapsed_s": 526.1, "cramped_room_sparse20": 0.0, "cramped_room_potter0_20": 0.55, "asymmetric_advantages_sparse20": 43.0, "asymmetric_advantages_potter0_20": 1.0}
[pair_A] {"steps": 872448, "elapsed_s": 527.3, "cramped_room_sparse20": 0.0, "cramped_room_potter0_20": 0.55, "asymmetric_advantages_sparse20": 38.0, "asymmetric_advantages_potter0_20": 1.0}
[pair_A] {"steps": 874496, "elapsed_s": 528.5, "cramped_room_sparse20": 0.0, "cramped_room_potter0_20": 0.5, "asymmetric_advantages_sparse20": 38.0, "asymmetric_advantages_potter0_20": 1.0}
[pair_A] {"steps": 876544, "elapsed_s": 529.7, "cramped_room_sparse20": 0.0, "cramped_room_potter0_20": 0.45, "asymmetric_advantages_sparse20": 37.0, "asymmetric_advantages_potter0_20": 1.0}
[pair_A] {"steps": 878592, "elapsed_s": 530.9, "cramped_room_sparse20": 1.0, "cramped_room_potter0_20": 0.45, "asymmetric_advantages_sparse20": 39.0, "asymmetric_advantages_potter0_20": 1.0}
[pair_A] {"steps": 880640, "elapsed_s": 532.1, "cramped_room_sparse20": 1.0, "cramped_room_potter0_20": 0.5, "asymmetric_advantages_sparse20": 39.0, "asymmetric_advantages_potter0_20": 1.0}
[pair_A] {"steps": 882688, "elapsed_s": 533.2, "cramped_room_sparse20": 1.0, "cramped_room_potter0_20": 0.45, "asymmetric_advantages_sparse20": 42.0, "asymmetric_advantages_potter0_20": 1.0}
[pair_A] {"steps": 884736, "elapsed_s": 534.4, "cramped_room_sparse20": 1.0, "cramped_room_potter0_20": 0.55, "asymmetric_advantages_sparse20": 44.0, "asymmetric_advantages_potter0_20": 1.0}
[pair_A] {"steps": 886784, "elapsed_s": 535.7, "cramped_room_sparse20": 1.0, "cramped_room_potter0_20": 0.55, "asymmetric_advantages_sparse20": 41.0, "asymmetric_advantages_potter0_20": 1.0}
[pair_A] {"steps": 888832, "elapsed_s": 536.9, "cramped_room_sparse20": 1.0, "cramped_room_potter0_20": 0.55, "asymmetric_advantages_sparse20": 45.0, "asymmetric_advantages_potter0_20": 1.0}
[pair_A] {"steps": 890880, "elapsed_s": 538.2, "cramped_room_sparse20": 1.0, "cramped_room_potter0_20": 0.6, "asymmetric_advantages_sparse20": 49.0, "asymmetric_advantages_potter0_20": 1.0}
[pair_A] {"steps": 892928, "elapsed_s": 539.3, "cramped_room_sparse20": 1.0, "cramped_room_potter0_20": 0.6, "asymmetric_advantages_sparse20": 51.0, "asymmetric_advantages_potter0_20": 1.0}
[pair_A] {"steps": 894976, "elapsed_s": 540.5, "cramped_room_sparse20": 0.0, "cramped_room_potter0_20": 0.6, "asymmetric_advantages_sparse20": 48.0, "asymmetric_advantages_potter0_20": 1.0}
[pair_A] {"steps": 897024, "elapsed_s": 541.7, "cramped_room_sparse20": 0.0, "cramped_room_potter0_20": 0.55, "asymmetric_advantages_sparse20": 45.0, "asymmetric_advantages_potter0_20": 1.0}
[pair_A] {"steps": 899072, "elapsed_s": 542.9, "cramped_room_sparse20": 0.0, "cramped_room_potter0_20": 0.55, "asymmetric_advantages_sparse20": 46.0, "asymmetric_advantages_potter0_20": 1.0}
[pair_A] {"steps": 901120, "elapsed_s": 544.1, "cramped_room_sparse20": 0.0, "cramped_room_potter0_20": 0.45, "asymmetric_advantages_sparse20": 54.0, "asymmetric_advantages_potter0_20": 1.0}
[pair_A] {"steps": 903168, "elapsed_s": 545.3, "cramped_room_sparse20": 0.0, "cramped_room_potter0_20": 0.35, "asymmetric_advantages_sparse20": 55.0, "asymmetric_advantages_potter0_20": 1.0}
[pair_A] {"steps": 905216, "elapsed_s": 546.5, "cramped_room_sparse20": 0.0, "cramped_room_potter0_20": 0.35, "asymmetric_advantages_sparse20": 56.0, "asymmetric_advantages_potter0_20": 1.0}
[pair_A] {"steps": 907264, "elapsed_s": 547.7, "cramped_room_sparse20": 0.0, "cramped_room_potter0_20": 0.4, "asymmetric_advantages_sparse20": 57.0, "asymmetric_advantages_potter0_20": 1.0}
[pair_A] {"steps": 909312, "elapsed_s": 548.9, "cramped_room_sparse20": 0.0, "cramped_room_potter0_20": 0.4, "asymmetric_advantages_sparse20": 60.0, "asymmetric_advantages_potter0_20": 1.0}
[pair_A] {"steps": 911360, "elapsed_s": 550.2, "cramped_room_sparse20": 0.0, "cramped_room_potter0_20": 0.4, "asymmetric_advantages_sparse20": 64.0, "asymmetric_advantages_potter0_20": 1.0}
[pair_A] {"steps": 913408, "elapsed_s": 551.4, "cramped_room_sparse20": 1.0, "cramped_room_potter0_20": 0.4, "asymmetric_advantages_sparse20": 62.0, "asymmetric_advantages_potter0_20": 1.0}
[pair_A] {"steps": 915456, "elapsed_s": 552.6, "cramped_room_sparse20": 1.0, "cramped_room_potter0_20": 0.45, "asymmetric_advantages_sparse20": 60.0, "asymmetric_advantages_potter0_20": 1.0}
[pair_A] {"steps": 917504, "elapsed_s": 553.8, "cramped_room_sparse20": 1.0, "cramped_room_potter0_20": 0.5, "asymmetric_advantages_sparse20": 61.0, "asymmetric_advantages_potter0_20": 1.0}
[pair_A] {"steps": 919552, "elapsed_s": 555.1, "cramped_room_sparse20": 1.0, "cramped_room_potter0_20": 0.5, "asymmetric_advantages_sparse20": 59.0, "asymmetric_advantages_potter0_20": 1.0}
[pair_A] {"steps": 921600, "elapsed_s": 556.3, "cramped_room_sparse20": 1.0, "cramped_room_potter0_20": 0.55, "asymmetric_advantages_sparse20": 58.0, "asymmetric_advantages_potter0_20": 1.0}
[pair_A] {"steps": 923648, "elapsed_s": 557.4, "cramped_room_sparse20": 1.0, "cramped_room_potter0_20": 0.55, "asymmetric_advantages_sparse20": 58.0, "asymmetric_advantages_potter0_20": 1.0}
[pair_A] {"steps": 925696, "elapsed_s": 558.6, "cramped_room_sparse20": 0.0, "cramped_room_potter0_20": 0.5, "asymmetric_advantages_sparse20": 58.0, "asymmetric_advantages_potter0_20": 1.0}
[pair_A] {"steps": 927744, "elapsed_s": 559.8, "cramped_room_sparse20": 0.0, "cramped_room_potter0_20": 0.5, "asymmetric_advantages_sparse20": 55.0, "asymmetric_advantages_potter0_20": 1.0}
[pair_A] {"steps": 929792, "elapsed_s": 561.0, "cramped_room_sparse20": 0.0, "cramped_room_potter0_20": 0.45, "asymmetric_advantages_sparse20": 55.0, "asymmetric_advantages_potter0_20": 1.0}
[pair_A] {"steps": 931840, "elapsed_s": 562.2, "cramped_room_sparse20": 0.0, "cramped_room_potter0_20": 0.45, "asymmetric_advantages_sparse20": 54.0, "asymmetric_advantages_potter0_20": 1.0}
[pair_A] {"steps": 933888, "elapsed_s": 563.4, "cramped_room_sparse20": 0.0, "cramped_room_potter0_20": 0.45, "asymmetric_advantages_sparse20": 58.0, "asymmetric_advantages_potter0_20": 1.0}
[pair_A] {"steps": 935936, "elapsed_s": 564.5, "cramped_room_sparse20": 0.0, "cramped_room_potter0_20": 0.4, "asymmetric_advantages_sparse20": 59.0, "asymmetric_advantages_potter0_20": 1.0}
[pair_A] {"steps": 937984, "elapsed_s": 565.7, "cramped_room_sparse20": 0.0, "cramped_room_potter0_20": 0.4, "asymmetric_advantages_sparse20": 55.0, "asymmetric_advantages_potter0_20": 1.0}
[pair_A] {"steps": 940032, "elapsed_s": 567.0, "cramped_room_sparse20": 0.0, "cramped_room_potter0_20": 0.35, "asymmetric_advantages_sparse20": 60.0, "asymmetric_advantages_potter0_20": 1.0}
[pair_A] {"steps": 942080, "elapsed_s": 568.2, "cramped_room_sparse20": 0.0, "cramped_room_potter0_20": 0.4, "asymmetric_advantages_sparse20": 55.0, "asymmetric_advantages_potter0_20": 1.0}
[pair_A] {"steps": 944128, "elapsed_s": 569.4, "cramped_room_sparse20": 1.0, "cramped_room_potter0_20": 0.4, "asymmetric_advantages_sparse20": 58.0, "asymmetric_advantages_potter0_20": 1.0}
[pair_A] {"steps": 946176, "elapsed_s": 570.7, "cramped_room_sparse20": 1.0, "cramped_room_potter0_20": 0.35, "asymmetric_advantages_sparse20": 60.0, "asymmetric_advantages_potter0_20": 1.0}
[pair_A] {"steps": 948224, "elapsed_s": 572.3, "cramped_room_sparse20": 1.0, "cramped_room_potter0_20": 0.4, "asymmetric_advantages_sparse20": 64.0, "asymmetric_advantages_potter0_20": 1.0}
[pair_A] {"steps": 950272, "elapsed_s": 573.7, "cramped_room_sparse20": 1.0, "cramped_room_potter0_20": 0.35, "asymmetric_advantages_sparse20": 67.0, "asymmetric_advantages_potter0_20": 1.0}
[pair_A] {"steps": 952320, "elapsed_s": 575.0, "cramped_room_sparse20": 1.0, "cramped_room_potter0_20": 0.5, "asymmetric_advantages_sparse20": 73.0, "asymmetric_advantages_potter0_20": 1.0}
[pair_A] {"steps": 954368, "elapsed_s": 576.2, "cramped_room_sparse20": 1.0, "cramped_room_potter0_20": 0.45, "asymmetric_advantages_sparse20": 71.0, "asymmetric_advantages_potter0_20": 1.0}
[pair_A] {"steps": 956416, "elapsed_s": 577.4, "cramped_room_sparse20": 2.0, "cramped_room_potter0_20": 0.5, "asymmetric_advantages_sparse20": 72.0, "asymmetric_advantages_potter0_20": 1.0}
[pair_A] {"steps": 958464, "elapsed_s": 578.6, "cramped_room_sparse20": 2.0, "cramped_room_potter0_20": 0.45, "asymmetric_advantages_sparse20": 74.0, "asymmetric_advantages_potter0_20": 1.0}
[pair_A] {"steps": 960512, "elapsed_s": 579.8, "cramped_room_sparse20": 1.0, "cramped_room_potter0_20": 0.45, "asymmetric_advantages_sparse20": 77.0, "asymmetric_advantages_potter0_20": 1.0}
[pair_A] {"steps": 962560, "elapsed_s": 581.2, "cramped_room_sparse20": 2.0, "cramped_room_potter0_20": 0.45, "asymmetric_advantages_sparse20": 77.0, "asymmetric_advantages_potter0_20": 1.0}
[pair_A] {"steps": 964608, "elapsed_s": 582.8, "cramped_room_sparse20": 2.0, "cramped_room_potter0_20": 0.45, "asymmetric_advantages_sparse20": 72.0, "asymmetric_advantages_potter0_20": 1.0}
[pair_A] {"steps": 966656, "elapsed_s": 584.1, "cramped_room_sparse20": 2.0, "cramped_room_potter0_20": 0.35, "asymmetric_advantages_sparse20": 69.0, "asymmetric_advantages_potter0_20": 1.0}
[pair_A] {"steps": 968704, "elapsed_s": 585.3, "cramped_room_sparse20": 3.0, "cramped_room_potter0_20": 0.45, "asymmetric_advantages_sparse20": 69.0, "asymmetric_advantages_potter0_20": 1.0}
[pair_A] {"steps": 970752, "elapsed_s": 586.6, "cramped_room_sparse20": 3.0, "cramped_room_potter0_20": 0.4, "asymmetric_advantages_sparse20": 66.0, "asymmetric_advantages_potter0_20": 1.0}
[pair_A] {"steps": 972800, "elapsed_s": 587.8, "cramped_room_sparse20": 3.0, "cramped_room_potter0_20": 0.4, "asymmetric_advantages_sparse20": 70.0, "asymmetric_advantages_potter0_20": 1.0}
[pair_A] {"steps": 974848, "elapsed_s": 589.0, "cramped_room_sparse20": 2.0, "cramped_room_potter0_20": 0.45, "asymmetric_advantages_sparse20": 76.0, "asymmetric_advantages_potter0_20": 1.0}
[pair_A] {"steps": 976896, "elapsed_s": 590.2, "cramped_room_sparse20": 2.0, "cramped_room_potter0_20": 0.4, "asymmetric_advantages_sparse20": 76.0, "asymmetric_advantages_potter0_20": 1.0}
[pair_A] {"steps": 978944, "elapsed_s": 591.4, "cramped_room_sparse20": 2.0, "cramped_room_potter0_20": 0.4, "asymmetric_advantages_sparse20": 84.0, "asymmetric_advantages_potter0_20": 1.0}
[pair_A] {"steps": 980992, "elapsed_s": 592.6, "cramped_room_sparse20": 3.0, "cramped_room_potter0_20": 0.4, "asymmetric_advantages_sparse20": 88.0, "asymmetric_advantages_potter0_20": 1.0}
[pair_A] {"steps": 983040, "elapsed_s": 593.8, "cramped_room_sparse20": 2.0, "cramped_room_potter0_20": 0.45, "asymmetric_advantages_sparse20": 88.0, "asymmetric_advantages_potter0_20": 1.0}
[pair_A] {"steps": 985088, "elapsed_s": 595.2, "cramped_room_sparse20": 1.0, "cramped_room_potter0_20": 0.5, "asymmetric_advantages_sparse20": 85.0, "asymmetric_advantages_potter0_20": 1.0}
[pair_A] {"steps": 987136, "elapsed_s": 596.8, "cramped_room_sparse20": 1.0, "cramped_room_potter0_20": 0.45, "asymmetric_advantages_sparse20": 81.0, "asymmetric_advantages_potter0_20": 1.0}
[pair_A] {"steps": 989184, "elapsed_s": 598.1, "cramped_room_sparse20": 1.0, "cramped_room_potter0_20": 0.35, "asymmetric_advantages_sparse20": 73.0, "asymmetric_advantages_potter0_20": 1.0}
[pair_A] {"steps": 991232, "elapsed_s": 599.3, "cramped_room_sparse20": 1.0, "cramped_room_potter0_20": 0.3, "asymmetric_advantages_sparse20": 66.0, "asymmetric_advantages_potter0_20": 1.0}
[pair_A] {"steps": 993280, "elapsed_s": 600.5, "cramped_room_sparse20": 1.0, "cramped_room_potter0_20": 0.3, "asymmetric_advantages_sparse20": 63.0, "asymmetric_advantages_potter0_20": 1.0}
[pair_A] {"steps": 995328, "elapsed_s": 601.7, "cramped_room_sparse20": 1.0, "cramped_room_potter0_20": 0.3, "asymmetric_advantages_sparse20": 59.0, "asymmetric_advantages_potter0_20": 1.0}
[pair_A] {"steps": 997376, "elapsed_s": 603.0, "cramped_room_sparse20": 0.0, "cramped_room_potter0_20": 0.3, "asymmetric_advantages_sparse20": 57.0, "asymmetric_advantages_potter0_20": 1.0}
[pair_A] {"steps": 999424, "elapsed_s": 604.2, "cramped_room_sparse20": 0.0, "cramped_room_potter0_20": 0.3, "asymmetric_advantages_sparse20": 59.0, "asymmetric_advantages_potter0_20": 1.0}
[pair_A] {"steps": 1001472, "elapsed_s": 605.4, "cramped_room_sparse20": 0.0, "cramped_room_potter0_20": 0.35, "asymmetric_advantages_sparse20": 57.0, "asymmetric_advantages_potter0_20": 1.0}
[pair_A] {"steps": 1003520, "elapsed_s": 606.6, "cramped_room_sparse20": 0.0, "cramped_room_potter0_20": 0.3, "asymmetric_advantages_sparse20": 66.0, "asymmetric_advantages_potter0_20": 1.0}
[pair_A] {"steps": 1005568, "elapsed_s": 607.9, "cramped_room_sparse20": 0.0, "cramped_room_potter0_20": 0.35, "asymmetric_advantages_sparse20": 72.0, "asymmetric_advantages_potter0_20": 1.0}
[pair_A] {"steps": 1007616, "elapsed_s": 609.1, "cramped_room_sparse20": 0.0, "cramped_room_potter0_20": 0.4, "asymmetric_advantages_sparse20": 70.0, "asymmetric_advantages_potter0_20": 1.0}
[pair_A] {"steps": 1009664, "elapsed_s": 610.3, "cramped_room_sparse20": 0.0, "cramped_room_potter0_20": 0.45, "asymmetric_advantages_sparse20": 80.0, "asymmetric_advantages_potter0_20": 1.0}
[pair_A] {"steps": 1011712, "elapsed_s": 611.6, "cramped_room_sparse20": 0.0, "cramped_room_potter0_20": 0.5, "asymmetric_advantages_sparse20": 87.0, "asymmetric_advantages_potter0_20": 1.0}
[pair_A] {"steps": 1013760, "elapsed_s": 612.8, "cramped_room_sparse20": 0.0, "cramped_room_potter0_20": 0.45, "asymmetric_advantages_sparse20": 90.0, "asymmetric_advantages_potter0_20": 1.0}
[pair_A] {"steps": 1015808, "elapsed_s": 614.0, "cramped_room_sparse20": 0.0, "cramped_room_potter0_20": 0.45, "asymmetric_advantages_sparse20": 86.0, "asymmetric_advantages_potter0_20": 1.0}
[pair_A] {"steps": 1017856, "elapsed_s": 615.6, "cramped_room_sparse20": 0.0, "cramped_room_potter0_20": 0.45, "asymmetric_advantages_sparse20": 79.0, "asymmetric_advantages_potter0_20": 1.0}
[pair_A] {"steps": 1019904, "elapsed_s": 617.1, "cramped_room_sparse20": 0.0, "cramped_room_potter0_20": 0.5, "asymmetric_advantages_sparse20": 88.0, "asymmetric_advantages_potter0_20": 1.0}
[pair_A] {"steps": 1021952, "elapsed_s": 618.6, "cramped_room_sparse20": 0.0, "cramped_room_potter0_20": 0.45, "asymmetric_advantages_sparse20": 88.0, "asymmetric_advantages_potter0_20": 1.0}
[pair_A] {"steps": 1024000, "elapsed_s": 620.1, "cramped_room_sparse20": 0.0, "cramped_room_potter0_20": 0.45, "asymmetric_advantages_sparse20": 89.0, "asymmetric_advantages_potter0_20": 1.0}
[pair_A] {"steps": 1026048, "elapsed_s": 621.3, "cramped_room_sparse20": 0.0, "cramped_room_potter0_20": 0.35, "asymmetric_advantages_sparse20": 87.0, "asymmetric_advantages_potter0_20": 1.0}
[pair_A] {"steps": 1028096, "elapsed_s": 622.6, "cramped_room_sparse20": 0.0, "cramped_room_potter0_20": 0.35, "asymmetric_advantages_sparse20": 90.0, "asymmetric_advantages_potter0_20": 1.0}
[pair_A] {"steps": 1030144, "elapsed_s": 623.9, "cramped_room_sparse20": 0.0, "cramped_room_potter0_20": 0.35, "asymmetric_advantages_sparse20": 84.0, "asymmetric_advantages_potter0_20": 1.0}
[pair_A] {"steps": 1032192, "elapsed_s": 625.2, "cramped_room_sparse20": 0.0, "cramped_room_potter0_20": 0.35, "asymmetric_advantages_sparse20": 93.0, "asymmetric_advantages_potter0_20": 1.0}
[pair_A] {"steps": 1034240, "elapsed_s": 626.4, "cramped_room_sparse20": 0.0, "cramped_room_potter0_20": 0.4, "asymmetric_advantages_sparse20": 93.0, "asymmetric_advantages_potter0_20": 1.0}
[pair_A] {"steps": 1036288, "elapsed_s": 627.6, "cramped_room_sparse20": 0.0, "cramped_room_potter0_20": 0.4, "asymmetric_advantages_sparse20": 97.0, "asymmetric_advantages_potter0_20": 1.0}
[pair_A] {"steps": 1038336, "elapsed_s": 628.8, "cramped_room_sparse20": 0.0, "cramped_room_potter0_20": 0.4, "asymmetric_advantages_sparse20": 93.0, "asymmetric_advantages_potter0_20": 1.0}
[pair_A] {"steps": 1040384, "elapsed_s": 630.0, "cramped_room_sparse20": 1.0, "cramped_room_potter0_20": 0.4, "asymmetric_advantages_sparse20": 81.0, "asymmetric_advantages_potter0_20": 1.0}
[pair_A] {"steps": 1042432, "elapsed_s": 631.2, "cramped_room_sparse20": 1.0, "cramped_room_potter0_20": 0.45, "asymmetric_advantages_sparse20": 86.0, "asymmetric_advantages_potter0_20": 1.0}
[pair_A] {"steps": 1044480, "elapsed_s": 632.5, "cramped_room_sparse20": 1.0, "cramped_room_potter0_20": 0.4, "asymmetric_advantages_sparse20": 86.0, "asymmetric_advantages_potter0_20": 1.0}
[pair_A] {"steps": 1046528, "elapsed_s": 633.7, "cramped_room_sparse20": 1.0, "cramped_room_potter0_20": 0.4, "asymmetric_advantages_sparse20": 88.0, "asymmetric_advantages_potter0_20": 1.0}
[pair_A] {"steps": 1048576, "elapsed_s": 635.0, "cramped_room_sparse20": 1.0, "cramped_room_potter0_20": 0.35, "asymmetric_advantages_sparse20": 82.0, "asymmetric_advantages_potter0_20": 1.0}
[pair_A] {"steps": 1050624, "elapsed_s": 636.3, "cramped_room_sparse20": 1.0, "cramped_room_potter0_20": 0.4, "asymmetric_advantages_sparse20": 79.0, "asymmetric_advantages_potter0_20": 1.0}
[pair_A] {"steps": 1052672, "elapsed_s": 637.7, "cramped_room_sparse20": 1.0, "cramped_room_potter0_20": 0.4, "asymmetric_advantages_sparse20": 79.0, "asymmetric_advantages_potter0_20": 1.0}
[pair_A] {"steps": 1054720, "elapsed_s": 639.2, "cramped_room_sparse20": 1.0, "cramped_room_potter0_20": 0.4, "asymmetric_advantages_sparse20": 86.0, "asymmetric_advantages_potter0_20": 1.0}
[pair_A] {"steps": 1056768, "elapsed_s": 640.6, "cramped_room_sparse20": 1.0, "cramped_room_potter0_20": 0.35, "asymmetric_advantages_sparse20": 82.0, "asymmetric_advantages_potter0_20": 1.0}
[pair_A] {"steps": 1058816, "elapsed_s": 641.9, "cramped_room_sparse20": 1.0, "cramped_room_potter0_20": 0.4, "asymmetric_advantages_sparse20": 88.0, "asymmetric_advantages_potter0_20": 1.0}
[pair_A] {"steps": 1060864, "elapsed_s": 643.1, "cramped_room_sparse20": 1.0, "cramped_room_potter0_20": 0.4, "asymmetric_advantages_sparse20": 86.0, "asymmetric_advantages_potter0_20": 1.0}
[pair_A] {"steps": 1062912, "elapsed_s": 644.2, "cramped_room_sparse20": 1.0, "cramped_room_potter0_20": 0.35, "asymmetric_advantages_sparse20": 83.0, "asymmetric_advantages_potter0_20": 1.0}
[pair_A] {"steps": 1064960, "elapsed_s": 645.5, "cramped_room_sparse20": 1.0, "cramped_room_potter0_20": 0.35, "asymmetric_advantages_sparse20": 78.0, "asymmetric_advantages_potter0_20": 1.0}
[pair_A] {"steps": 1067008, "elapsed_s": 646.7, "cramped_room_sparse20": 1.0, "cramped_room_potter0_20": 0.4, "asymmetric_advantages_sparse20": 84.0, "asymmetric_advantages_potter0_20": 1.0}
[pair_A] {"steps": 1069056, "elapsed_s": 647.9, "cramped_room_sparse20": 1.0, "cramped_room_potter0_20": 0.4, "asymmetric_advantages_sparse20": 83.0, "asymmetric_advantages_potter0_20": 1.0}
[pair_A] {"steps": 1071104, "elapsed_s": 649.3, "cramped_room_sparse20": 1.0, "cramped_room_potter0_20": 0.45, "asymmetric_advantages_sparse20": 85.0, "asymmetric_advantages_potter0_20": 1.0}
[pair_A] {"steps": 1073152, "elapsed_s": 650.5, "cramped_room_sparse20": 1.0, "cramped_room_potter0_20": 0.45, "asymmetric_advantages_sparse20": 87.0, "asymmetric_advantages_potter0_20": 1.0}
[pair_A] {"steps": 1075200, "elapsed_s": 651.7, "cramped_room_sparse20": 1.0, "cramped_room_potter0_20": 0.45, "asymmetric_advantages_sparse20": 86.0, "asymmetric_advantages_potter0_20": 1.0}
[pair_A] {"steps": 1077248, "elapsed_s": 652.9, "cramped_room_sparse20": 1.0, "cramped_room_potter0_20": 0.45, "asymmetric_advantages_sparse20": 97.0, "asymmetric_advantages_potter0_20": 1.0}
[pair_A] {"steps": 1079296, "elapsed_s": 654.1, "cramped_room_sparse20": 0.0, "cramped_room_potter0_20": 0.5, "asymmetric_advantages_sparse20": 102.0, "asymmetric_advantages_potter0_20": 1.0}
[pair_A] {"steps": 1081344, "elapsed_s": 655.4, "cramped_room_sparse20": 0.0, "cramped_room_potter0_20": 0.55, "asymmetric_advantages_sparse20": 100.0, "asymmetric_advantages_potter0_20": 1.0}
[pair_A] {"steps": 1083392, "elapsed_s": 656.6, "cramped_room_sparse20": 0.0, "cramped_room_potter0_20": 0.55, "asymmetric_advantages_sparse20": 98.0, "asymmetric_advantages_potter0_20": 1.0}
[pair_A] {"steps": 1085440, "elapsed_s": 657.8, "cramped_room_sparse20": 0.0, "cramped_room_potter0_20": 0.5, "asymmetric_advantages_sparse20": 98.0, "asymmetric_advantages_potter0_20": 1.0}
[pair_A] {"steps": 1087488, "elapsed_s": 659.3, "cramped_room_sparse20": 0.0, "cramped_room_potter0_20": 0.45, "asymmetric_advantages_sparse20": 100.0, "asymmetric_advantages_potter0_20": 1.0}
[pair_A] {"steps": 1089536, "elapsed_s": 660.8, "cramped_room_sparse20": 0.0, "cramped_room_potter0_20": 0.45, "asymmetric_advantages_sparse20": 95.0, "asymmetric_advantages_potter0_20": 1.0}
[pair_A] {"steps": 1091584, "elapsed_s": 662.0, "cramped_room_sparse20": 1.0, "cramped_room_potter0_20": 0.4, "asymmetric_advantages_sparse20": 95.0, "asymmetric_advantages_potter0_20": 1.0}
[pair_A] {"steps": 1093632, "elapsed_s": 663.2, "cramped_room_sparse20": 1.0, "cramped_room_potter0_20": 0.45, "asymmetric_advantages_sparse20": 94.0, "asymmetric_advantages_potter0_20": 1.0}
[pair_A] {"steps": 1095680, "elapsed_s": 664.4, "cramped_room_sparse20": 1.0, "cramped_room_potter0_20": 0.5, "asymmetric_advantages_sparse20": 91.0, "asymmetric_advantages_potter0_20": 1.0}
[pair_A] {"steps": 1097728, "elapsed_s": 665.7, "cramped_room_sparse20": 1.0, "cramped_room_potter0_20": 0.5, "asymmetric_advantages_sparse20": 84.0, "asymmetric_advantages_potter0_20": 1.0}
[pair_A] {"steps": 1099776, "elapsed_s": 667.3, "cramped_room_sparse20": 1.0, "cramped_room_potter0_20": 0.55, "asymmetric_advantages_sparse20": 87.0, "asymmetric_advantages_potter0_20": 1.0}
[pair_A] {"steps": 1101824, "elapsed_s": 668.7, "cramped_room_sparse20": 1.0, "cramped_room_potter0_20": 0.55, "asymmetric_advantages_sparse20": 87.0, "asymmetric_advantages_potter0_20": 1.0}
[pair_A] {"steps": 1103872, "elapsed_s": 670.1, "cramped_room_sparse20": 1.0, "cramped_room_potter0_20": 0.55, "asymmetric_advantages_sparse20": 87.0, "asymmetric_advantages_potter0_20": 1.0}
[pair_A] {"steps": 1105920, "elapsed_s": 671.3, "cramped_room_sparse20": 1.0, "cramped_room_potter0_20": 0.5, "asymmetric_advantages_sparse20": 92.0, "asymmetric_advantages_potter0_20": 1.0}
[pair_A] {"steps": 1107968, "elapsed_s": 672.5, "cramped_room_sparse20": 1.0, "cramped_room_potter0_20": 0.5, "asymmetric_advantages_sparse20": 95.0, "asymmetric_advantages_potter0_20": 1.0}
[pair_A] {"steps": 1110016, "elapsed_s": 673.7, "cramped_room_sparse20": 1.0, "cramped_room_potter0_20": 0.45, "asymmetric_advantages_sparse20": 99.0, "asymmetric_advantages_potter0_20": 1.0}
[pair_A] {"steps": 1112064, "elapsed_s": 674.9, "cramped_room_sparse20": 1.0, "cramped_room_potter0_20": 0.4, "asymmetric_advantages_sparse20": 107.0, "asymmetric_advantages_potter0_20": 1.0}
[pair_A] {"steps": 1114112, "elapsed_s": 676.1, "cramped_room_sparse20": 1.0, "cramped_room_potter0_20": 0.3, "asymmetric_advantages_sparse20": 105.0, "asymmetric_advantages_potter0_20": 1.0}
[pair_A] {"steps": 1116160, "elapsed_s": 677.3, "cramped_room_sparse20": 1.0, "cramped_room_potter0_20": 0.3, "asymmetric_advantages_sparse20": 102.0, "asymmetric_advantages_potter0_20": 1.0}
[pair_A] {"steps": 1118208, "elapsed_s": 678.5, "cramped_room_sparse20": 1.0, "cramped_room_potter0_20": 0.4, "asymmetric_advantages_sparse20": 109.0, "asymmetric_advantages_potter0_20": 1.0}
[pair_A] {"steps": 1120256, "elapsed_s": 679.7, "cramped_room_sparse20": 1.0, "cramped_room_potter0_20": 0.35, "asymmetric_advantages_sparse20": 105.0, "asymmetric_advantages_potter0_20": 1.0}
[pair_A] {"steps": 1122304, "elapsed_s": 680.9, "cramped_room_sparse20": 1.0, "cramped_room_potter0_20": 0.4, "asymmetric_advantages_sparse20": 102.0, "asymmetric_advantages_potter0_20": 1.0}
[pair_A] {"steps": 1124352, "elapsed_s": 682.2, "cramped_room_sparse20": 1.0, "cramped_room_potter0_20": 0.5, "asymmetric_advantages_sparse20": 96.0, "asymmetric_advantages_potter0_20": 1.0}
[pair_A] {"steps": 1126400, "elapsed_s": 683.3, "cramped_room_sparse20": 0.0, "cramped_room_potter0_20": 0.4, "asymmetric_advantages_sparse20": 96.0, "asymmetric_advantages_potter0_20": 1.0}
[pair_A] {"steps": 1128448, "elapsed_s": 684.5, "cramped_room_sparse20": 0.0, "cramped_room_potter0_20": 0.45, "asymmetric_advantages_sparse20": 91.0, "asymmetric_advantages_potter0_20": 1.0}
[pair_A] {"steps": 1130496, "elapsed_s": 685.7, "cramped_room_sparse20": 0.0, "cramped_room_potter0_20": 0.5, "asymmetric_advantages_sparse20": 87.0, "asymmetric_advantages_potter0_20": 1.0}
[pair_A] {"steps": 1132544, "elapsed_s": 687.0, "cramped_room_sparse20": 0.0, "cramped_room_potter0_20": 0.45, "asymmetric_advantages_sparse20": 90.0, "asymmetric_advantages_potter0_20": 1.0}
[pair_A] {"steps": 1134592, "elapsed_s": 688.2, "cramped_room_sparse20": 0.0, "cramped_room_potter0_20": 0.45, "asymmetric_advantages_sparse20": 83.0, "asymmetric_advantages_potter0_20": 1.0}
[pair_A] {"steps": 1136640, "elapsed_s": 689.5, "cramped_room_sparse20": 0.0, "cramped_room_potter0_20": 0.4, "asymmetric_advantages_sparse20": 80.0, "asymmetric_advantages_potter0_20": 1.0}
[pair_A] {"steps": 1138688, "elapsed_s": 690.7, "cramped_room_sparse20": 0.0, "cramped_room_potter0_20": 0.4, "asymmetric_advantages_sparse20": 80.0, "asymmetric_advantages_potter0_20": 1.0}
[pair_A] {"steps": 1140736, "elapsed_s": 691.9, "cramped_room_sparse20": 0.0, "cramped_room_potter0_20": 0.4, "asymmetric_advantages_sparse20": 74.0, "asymmetric_advantages_potter0_20": 1.0}
[pair_A] {"steps": 1142784, "elapsed_s": 693.1, "cramped_room_sparse20": 0.0, "cramped_room_potter0_20": 0.45, "asymmetric_advantages_sparse20": 76.0, "asymmetric_advantages_potter0_20": 1.0}
[pair_A] {"steps": 1144832, "elapsed_s": 694.3, "cramped_room_sparse20": 0.0, "cramped_room_potter0_20": 0.45, "asymmetric_advantages_sparse20": 88.0, "asymmetric_advantages_potter0_20": 1.0}
[pair_A] {"steps": 1146880, "elapsed_s": 695.6, "cramped_room_sparse20": 0.0, "cramped_room_potter0_20": 0.45, "asymmetric_advantages_sparse20": 80.0, "asymmetric_advantages_potter0_20": 1.0}
[pair_A] {"steps": 1148928, "elapsed_s": 696.8, "cramped_room_sparse20": 0.0, "cramped_room_potter0_20": 0.5, "asymmetric_advantages_sparse20": 84.0, "asymmetric_advantages_potter0_20": 1.0}
[pair_A] {"steps": 1150976, "elapsed_s": 698.0, "cramped_room_sparse20": 0.0, "cramped_room_potter0_20": 0.5, "asymmetric_advantages_sparse20": 95.0, "asymmetric_advantages_potter0_20": 1.0}
[pair_A] {"steps": 1153024, "elapsed_s": 699.2, "cramped_room_sparse20": 0.0, "cramped_room_potter0_20": 0.45, "asymmetric_advantages_sparse20": 100.0, "asymmetric_advantages_potter0_20": 1.0}
[pair_A] {"steps": 1155072, "elapsed_s": 700.5, "cramped_room_sparse20": 0.0, "cramped_room_potter0_20": 0.45, "asymmetric_advantages_sparse20": 101.0, "asymmetric_advantages_potter0_20": 1.0}
[pair_A] {"steps": 1157120, "elapsed_s": 701.7, "cramped_room_sparse20": 0.0, "cramped_room_potter0_20": 0.45, "asymmetric_advantages_sparse20": 101.0, "asymmetric_advantages_potter0_20": 1.0}
[pair_A] {"steps": 1159168, "elapsed_s": 702.9, "cramped_room_sparse20": 0.0, "cramped_room_potter0_20": 0.55, "asymmetric_advantages_sparse20": 101.0, "asymmetric_advantages_potter0_20": 1.0}
[pair_A] {"steps": 1161216, "elapsed_s": 704.1, "cramped_room_sparse20": 1.0, "cramped_room_potter0_20": 0.55, "asymmetric_advantages_sparse20": 105.0, "asymmetric_advantages_potter0_20": 1.0}
[pair_A] {"steps": 1163264, "elapsed_s": 705.3, "cramped_room_sparse20": 1.0, "cramped_room_potter0_20": 0.45, "asymmetric_advantages_sparse20": 108.0, "asymmetric_advantages_potter0_20": 1.0}
[pair_A] {"steps": 1165312, "elapsed_s": 706.5, "cramped_room_sparse20": 1.0, "cramped_room_potter0_20": 0.35, "asymmetric_advantages_sparse20": 108.0, "asymmetric_advantages_potter0_20": 1.0}
[pair_A] {"steps": 1167360, "elapsed_s": 707.7, "cramped_room_sparse20": 1.0, "cramped_room_potter0_20": 0.3, "asymmetric_advantages_sparse20": 113.0, "asymmetric_advantages_potter0_20": 1.0}
[pair_A] {"steps": 1169408, "elapsed_s": 708.8, "cramped_room_sparse20": 1.0, "cramped_room_potter0_20": 0.25, "asymmetric_advantages_sparse20": 115.0, "asymmetric_advantages_potter0_20": 1.0}
[pair_A] {"steps": 1171456, "elapsed_s": 710.0, "cramped_room_sparse20": 1.0, "cramped_room_potter0_20": 0.3, "asymmetric_advantages_sparse20": 115.0, "asymmetric_advantages_potter0_20": 1.0}
[pair_A] {"steps": 1173504, "elapsed_s": 711.2, "cramped_room_sparse20": 1.0, "cramped_room_potter0_20": 0.3, "asymmetric_advantages_sparse20": 104.0, "asymmetric_advantages_potter0_20": 1.0}
[pair_A] {"steps": 1175552, "elapsed_s": 712.4, "cramped_room_sparse20": 1.0, "cramped_room_potter0_20": 0.2, "asymmetric_advantages_sparse20": 104.0, "asymmetric_advantages_potter0_20": 1.0}
[pair_A] {"steps": 1177600, "elapsed_s": 713.7, "cramped_room_sparse20": 0.0, "cramped_room_potter0_20": 0.35, "asymmetric_advantages_sparse20": 104.0, "asymmetric_advantages_potter0_20": 1.0}
[pair_A] {"steps": 1179648, "elapsed_s": 714.9, "cramped_room_sparse20": 0.0, "cramped_room_potter0_20": 0.4, "asymmetric_advantages_sparse20": 106.0, "asymmetric_advantages_potter0_20": 1.0}
[pair_A] {"steps": 1181696, "elapsed_s": 716.1, "cramped_room_sparse20": 0.0, "cramped_room_potter0_20": 0.45, "asymmetric_advantages_sparse20": 99.0, "asymmetric_advantages_potter0_20": 1.0}
[pair_A] {"steps": 1183744, "elapsed_s": 717.3, "cramped_room_sparse20": 0.0, "cramped_room_potter0_20": 0.5, "asymmetric_advantages_sparse20": 96.0, "asymmetric_advantages_potter0_20": 1.0}
[pair_A] {"steps": 1185792, "elapsed_s": 718.5, "cramped_room_sparse20": 0.0, "cramped_room_potter0_20": 0.55, "asymmetric_advantages_sparse20": 85.0, "asymmetric_advantages_potter0_20": 1.0}
[pair_A] {"steps": 1187840, "elapsed_s": 719.6, "cramped_room_sparse20": 0.0, "cramped_room_potter0_20": 0.5, "asymmetric_advantages_sparse20": 83.0, "asymmetric_advantages_potter0_20": 1.0}
[pair_A] {"steps": 1189888, "elapsed_s": 720.8, "cramped_room_sparse20": 0.0, "cramped_room_potter0_20": 0.5, "asymmetric_advantages_sparse20": 89.0, "asymmetric_advantages_potter0_20": 1.0}
[pair_A] {"steps": 1191936, "elapsed_s": 722.0, "cramped_room_sparse20": 0.0, "cramped_room_potter0_20": 0.5, "asymmetric_advantages_sparse20": 89.0, "asymmetric_advantages_potter0_20": 1.0}
[pair_A] {"steps": 1193984, "elapsed_s": 723.2, "cramped_room_sparse20": 0.0, "cramped_room_potter0_20": 0.45, "asymmetric_advantages_sparse20": 89.0, "asymmetric_advantages_potter0_20": 1.0}
[pair_A] {"steps": 1196032, "elapsed_s": 724.4, "cramped_room_sparse20": 0.0, "cramped_room_potter0_20": 0.45, "asymmetric_advantages_sparse20": 97.0, "asymmetric_advantages_potter0_20": 1.0}
[pair_A] {"steps": 1198080, "elapsed_s": 725.6, "cramped_room_sparse20": 0.0, "cramped_room_potter0_20": 0.45, "asymmetric_advantages_sparse20": 89.0, "asymmetric_advantages_potter0_20": 1.0}
[pair_A] {"steps": 1200128, "elapsed_s": 726.8, "cramped_room_sparse20": 0.0, "cramped_room_potter0_20": 0.4, "asymmetric_advantages_sparse20": 98.0, "asymmetric_advantages_potter0_20": 1.0}
[pair_A] {"steps": 1202176, "elapsed_s": 728.0, "cramped_room_sparse20": 0.0, "cramped_room_potter0_20": 0.4, "asymmetric_advantages_sparse20": 95.0, "asymmetric_advantages_potter0_20": 1.0}
[pair_A] {"steps": 1204224, "elapsed_s": 729.2, "cramped_room_sparse20": 0.0, "cramped_room_potter0_20": 0.35, "asymmetric_advantages_sparse20": 93.0, "asymmetric_advantages_potter0_20": 1.0}
[pair_A] {"steps": 1206272, "elapsed_s": 730.4, "cramped_room_sparse20": 0.0, "cramped_room_potter0_20": 0.25, "asymmetric_advantages_sparse20": 96.0, "asymmetric_advantages_potter0_20": 1.0}
[pair_A] {"steps": 1208320, "elapsed_s": 731.7, "cramped_room_sparse20": 0.0, "cramped_room_potter0_20": 0.25, "asymmetric_advantages_sparse20": 93.0, "asymmetric_advantages_potter0_20": 1.0}
[pair_A] {"steps": 1210368, "elapsed_s": 732.9, "cramped_room_sparse20": 0.0, "cramped_room_potter0_20": 0.3, "asymmetric_advantages_sparse20": 89.0, "asymmetric_advantages_potter0_20": 1.0}
[pair_A] {"steps": 1212416, "elapsed_s": 734.1, "cramped_room_sparse20": 0.0, "cramped_room_potter0_20": 0.2, "asymmetric_advantages_sparse20": 99.0, "asymmetric_advantages_potter0_20": 1.0}
[pair_A] {"steps": 1214464, "elapsed_s": 735.3, "cramped_room_sparse20": 0.0, "cramped_room_potter0_20": 0.15, "asymmetric_advantages_sparse20": 99.0, "asymmetric_advantages_potter0_20": 1.0}
[pair_A] {"steps": 1216512, "elapsed_s": 736.5, "cramped_room_sparse20": 0.0, "cramped_room_potter0_20": 0.15, "asymmetric_advantages_sparse20": 100.0, "asymmetric_advantages_potter0_20": 1.0}
[pair_A] {"steps": 1218560, "elapsed_s": 737.7, "cramped_room_sparse20": 0.0, "cramped_room_potter0_20": 0.2, "asymmetric_advantages_sparse20": 103.0, "asymmetric_advantages_potter0_20": 1.0}
[pair_A] {"steps": 1220608, "elapsed_s": 738.9, "cramped_room_sparse20": 0.0, "cramped_room_potter0_20": 0.2, "asymmetric_advantages_sparse20": 111.0, "asymmetric_advantages_potter0_20": 1.0}
[pair_A] {"steps": 1222656, "elapsed_s": 740.1, "cramped_room_sparse20": 0.0, "cramped_room_potter0_20": 0.2, "asymmetric_advantages_sparse20": 107.0, "asymmetric_advantages_potter0_20": 1.0}
[pair_A] {"steps": 1224704, "elapsed_s": 741.5, "cramped_room_sparse20": 0.0, "cramped_room_potter0_20": 0.3, "asymmetric_advantages_sparse20": 105.0, "asymmetric_advantages_potter0_20": 1.0}
[pair_A] {"steps": 1226752, "elapsed_s": 743.0, "cramped_room_sparse20": 0.0, "cramped_room_potter0_20": 0.35, "asymmetric_advantages_sparse20": 105.0, "asymmetric_advantages_potter0_20": 1.0}
[pair_A] {"steps": 1228800, "elapsed_s": 744.4, "cramped_room_sparse20": 0.0, "cramped_room_potter0_20": 0.4, "asymmetric_advantages_sparse20": 98.0, "asymmetric_advantages_potter0_20": 1.0}
[pair_A] {"steps": 1230848, "elapsed_s": 745.7, "cramped_room_sparse20": 0.0, "cramped_room_potter0_20": 0.45, "asymmetric_advantages_sparse20": 95.0, "asymmetric_advantages_potter0_20": 1.0}
[pair_A] {"steps": 1232896, "elapsed_s": 747.0, "cramped_room_sparse20": 0.0, "cramped_room_potter0_20": 0.5, "asymmetric_advantages_sparse20": 90.0, "asymmetric_advantages_potter0_20": 1.0}
[pair_A] {"steps": 1234944, "elapsed_s": 748.1, "cramped_room_sparse20": 0.0, "cramped_room_potter0_20": 0.65, "asymmetric_advantages_sparse20": 89.0, "asymmetric_advantages_potter0_20": 1.0}
[pair_A] {"steps": 1236992, "elapsed_s": 749.3, "cramped_room_sparse20": 0.0, "cramped_room_potter0_20": 0.7, "asymmetric_advantages_sparse20": 89.0, "asymmetric_advantages_potter0_20": 1.0}
[pair_A] {"steps": 1239040, "elapsed_s": 750.5, "cramped_room_sparse20": 0.0, "cramped_room_potter0_20": 0.7, "asymmetric_advantages_sparse20": 94.0, "asymmetric_advantages_potter0_20": 1.0}
[pair_A] {"steps": 1241088, "elapsed_s": 751.6, "cramped_room_sparse20": 0.0, "cramped_room_potter0_20": 0.65, "asymmetric_advantages_sparse20": 94.0, "asymmetric_advantages_potter0_20": 1.0}
[pair_A] {"steps": 1243136, "elapsed_s": 752.8, "cramped_room_sparse20": 0.0, "cramped_room_potter0_20": 0.6, "asymmetric_advantages_sparse20": 91.0, "asymmetric_advantages_potter0_20": 1.0}
[pair_A] {"steps": 1245184, "elapsed_s": 754.0, "cramped_room_sparse20": 0.0, "cramped_room_potter0_20": 0.5, "asymmetric_advantages_sparse20": 90.0, "asymmetric_advantages_potter0_20": 1.0}
[pair_A] {"steps": 1247232, "elapsed_s": 755.3, "cramped_room_sparse20": 0.0, "cramped_room_potter0_20": 0.5, "asymmetric_advantages_sparse20": 92.0, "asymmetric_advantages_potter0_20": 1.0}
[pair_A] {"steps": 1249280, "elapsed_s": 756.5, "cramped_room_sparse20": 0.0, "cramped_room_potter0_20": 0.5, "asymmetric_advantages_sparse20": 95.0, "asymmetric_advantages_potter0_20": 1.0}
[pair_A] {"steps": 1251328, "elapsed_s": 757.7, "cramped_room_sparse20": 0.0, "cramped_room_potter0_20": 0.5, "asymmetric_advantages_sparse20": 95.0, "asymmetric_advantages_potter0_20": 1.0}
[pair_A] {"steps": 1253376, "elapsed_s": 759.0, "cramped_room_sparse20": 0.0, "cramped_room_potter0_20": 0.45, "asymmetric_advantages_sparse20": 97.0, "asymmetric_advantages_potter0_20": 1.0}
[pair_A] {"steps": 1255424, "elapsed_s": 760.2, "cramped_room_sparse20": 0.0, "cramped_room_potter0_20": 0.45, "asymmetric_advantages_sparse20": 103.0, "asymmetric_advantages_potter0_20": 1.0}
[pair_A] {"steps": 1257472, "elapsed_s": 761.4, "cramped_room_sparse20": 0.0, "cramped_room_potter0_20": 0.4, "asymmetric_advantages_sparse20": 96.0, "asymmetric_advantages_potter0_20": 1.0}
[pair_A] {"steps": 1259520, "elapsed_s": 762.7, "cramped_room_sparse20": 0.0, "cramped_room_potter0_20": 0.4, "asymmetric_advantages_sparse20": 100.0, "asymmetric_advantages_potter0_20": 1.0}
[pair_A] {"steps": 1261568, "elapsed_s": 763.9, "cramped_room_sparse20": 0.0, "cramped_room_potter0_20": 0.45, "asymmetric_advantages_sparse20": 102.0, "asymmetric_advantages_potter0_20": 1.0}
[pair_A] {"steps": 1263616, "elapsed_s": 765.2, "cramped_room_sparse20": 0.0, "cramped_room_potter0_20": 0.4, "asymmetric_advantages_sparse20": 107.0, "asymmetric_advantages_potter0_20": 1.0}
[pair_A] {"steps": 1265664, "elapsed_s": 766.4, "cramped_room_sparse20": 0.0, "cramped_room_potter0_20": 0.3, "asymmetric_advantages_sparse20": 101.0, "asymmetric_advantages_potter0_20": 1.0}
[pair_A] {"steps": 1267712, "elapsed_s": 767.6, "cramped_room_sparse20": 0.0, "cramped_room_potter0_20": 0.3, "asymmetric_advantages_sparse20": 97.0, "asymmetric_advantages_potter0_20": 1.0}
[pair_A] {"steps": 1269760, "elapsed_s": 768.8, "cramped_room_sparse20": 0.0, "cramped_room_potter0_20": 0.4, "asymmetric_advantages_sparse20": 97.0, "asymmetric_advantages_potter0_20": 1.0}
[pair_A] {"steps": 1271808, "elapsed_s": 770.0, "cramped_room_sparse20": 0.0, "cramped_room_potter0_20": 0.4, "asymmetric_advantages_sparse20": 93.0, "asymmetric_advantages_potter0_20": 1.0}
[pair_A] {"steps": 1273856, "elapsed_s": 771.5, "cramped_room_sparse20": 0.0, "cramped_room_potter0_20": 0.45, "asymmetric_advantages_sparse20": 97.0, "asymmetric_advantages_potter0_20": 1.0}
[pair_A] {"steps": 1275904, "elapsed_s": 773.0, "cramped_room_sparse20": 0.0, "cramped_room_potter0_20": 0.45, "asymmetric_advantages_sparse20": 96.0, "asymmetric_advantages_potter0_20": 1.0}
[pair_A] {"steps": 1277952, "elapsed_s": 774.4, "cramped_room_sparse20": 0.0, "cramped_room_potter0_20": 0.45, "asymmetric_advantages_sparse20": 103.0, "asymmetric_advantages_potter0_20": 1.0}
[pair_A] {"steps": 1280000, "elapsed_s": 775.6, "cramped_room_sparse20": 0.0, "cramped_room_potter0_20": 0.4, "asymmetric_advantages_sparse20": 104.0, "asymmetric_advantages_potter0_20": 1.0}
[pair_A] {"steps": 1282048, "elapsed_s": 777.0, "cramped_room_sparse20": 0.0, "cramped_room_potter0_20": 0.45, "asymmetric_advantages_sparse20": 105.0, "asymmetric_advantages_potter0_20": 1.0}
[pair_A] {"steps": 1284096, "elapsed_s": 778.7, "cramped_room_sparse20": 0.0, "cramped_room_potter0_20": 0.5, "asymmetric_advantages_sparse20": 110.0, "asymmetric_advantages_potter0_20": 1.0}
[pair_A] {"steps": 1286144, "elapsed_s": 780.4, "cramped_room_sparse20": 0.0, "cramped_room_potter0_20": 0.5, "asymmetric_advantages_sparse20": 112.0, "asymmetric_advantages_potter0_20": 1.0}
[pair_A] {"steps": 1288192, "elapsed_s": 781.9, "cramped_room_sparse20": 0.0, "cramped_room_potter0_20": 0.5, "asymmetric_advantages_sparse20": 117.0, "asymmetric_advantages_potter0_20": 1.0}
[pair_A] {"steps": 1290240, "elapsed_s": 783.3, "cramped_room_sparse20": 0.0, "cramped_room_potter0_20": 0.35, "asymmetric_advantages_sparse20": 115.0, "asymmetric_advantages_potter0_20": 1.0}
[pair_A] {"steps": 1292288, "elapsed_s": 784.7, "cramped_room_sparse20": 0.0, "cramped_room_potter0_20": 0.35, "asymmetric_advantages_sparse20": 113.0, "asymmetric_advantages_potter0_20": 1.0}
[pair_A] {"steps": 1294336, "elapsed_s": 786.3, "cramped_room_sparse20": 0.0, "cramped_room_potter0_20": 0.4, "asymmetric_advantages_sparse20": 112.0, "asymmetric_advantages_potter0_20": 1.0}
[pair_A] {"steps": 1296384, "elapsed_s": 787.8, "cramped_room_sparse20": 0.0, "cramped_room_potter0_20": 0.35, "asymmetric_advantages_sparse20": 110.0, "asymmetric_advantages_potter0_20": 1.0}
[pair_A] {"steps": 1298432, "elapsed_s": 789.1, "cramped_room_sparse20": 0.0, "cramped_room_potter0_20": 0.4, "asymmetric_advantages_sparse20": 106.0, "asymmetric_advantages_potter0_20": 1.0}
[pair_A] {"steps": 1300480, "elapsed_s": 790.3, "cramped_room_sparse20": 0.0, "cramped_room_potter0_20": 0.35, "asymmetric_advantages_sparse20": 104.0, "asymmetric_advantages_potter0_20": 1.0}
[pair_A] {"steps": 1302528, "elapsed_s": 791.5, "cramped_room_sparse20": 0.0, "cramped_room_potter0_20": 0.3, "asymmetric_advantages_sparse20": 104.0, "asymmetric_advantages_potter0_20": 1.0}
[pair_A] {"steps": 1304576, "elapsed_s": 792.7, "cramped_room_sparse20": 0.0, "cramped_room_potter0_20": 0.4, "asymmetric_advantages_sparse20": 104.0, "asymmetric_advantages_potter0_20": 1.0}
[pair_A] {"steps": 1306624, "elapsed_s": 793.9, "cramped_room_sparse20": 0.0, "cramped_room_potter0_20": 0.4, "asymmetric_advantages_sparse20": 100.0, "asymmetric_advantages_potter0_20": 1.0}
[pair_A] {"steps": 1308672, "elapsed_s": 795.1, "cramped_room_sparse20": 0.0, "cramped_room_potter0_20": 0.5, "asymmetric_advantages_sparse20": 96.0, "asymmetric_advantages_potter0_20": 1.0}
[pair_A] {"steps": 1310720, "elapsed_s": 796.2, "cramped_room_sparse20": 0.0, "cramped_room_potter0_20": 0.5, "asymmetric_advantages_sparse20": 101.0, "asymmetric_advantages_potter0_20": 1.0}
[pair_A] {"steps": 1312768, "elapsed_s": 797.5, "cramped_room_sparse20": 0.0, "cramped_room_potter0_20": 0.5, "asymmetric_advantages_sparse20": 105.0, "asymmetric_advantages_potter0_20": 1.0}
[pair_A] {"steps": 1314816, "elapsed_s": 798.7, "cramped_room_sparse20": 0.0, "cramped_room_potter0_20": 0.5, "asymmetric_advantages_sparse20": 106.0, "asymmetric_advantages_potter0_20": 1.0}
[pair_A] {"steps": 1316864, "elapsed_s": 799.9, "cramped_room_sparse20": 0.0, "cramped_room_potter0_20": 0.45, "asymmetric_advantages_sparse20": 101.0, "asymmetric_advantages_potter0_20": 1.0}
[pair_A] {"steps": 1318912, "elapsed_s": 801.1, "cramped_room_sparse20": 0.0, "cramped_room_potter0_20": 0.4, "asymmetric_advantages_sparse20": 99.0, "asymmetric_advantages_potter0_20": 1.0}
[pair_A] {"steps": 1320960, "elapsed_s": 802.4, "cramped_room_sparse20": 0.0, "cramped_room_potter0_20": 0.4, "asymmetric_advantages_sparse20": 105.0, "asymmetric_advantages_potter0_20": 1.0}
[pair_A] {"steps": 1323008, "elapsed_s": 803.7, "cramped_room_sparse20": 0.0, "cramped_room_potter0_20": 0.35, "asymmetric_advantages_sparse20": 99.0, "asymmetric_advantages_potter0_20": 1.0}
[pair_A] {"steps": 1325056, "elapsed_s": 804.9, "cramped_room_sparse20": 0.0, "cramped_room_potter0_20": 0.35, "asymmetric_advantages_sparse20": 101.0, "asymmetric_advantages_potter0_20": 1.0}
[pair_A] {"steps": 1327104, "elapsed_s": 806.1, "cramped_room_sparse20": 0.0, "cramped_room_potter0_20": 0.35, "asymmetric_advantages_sparse20": 101.0, "asymmetric_advantages_potter0_20": 1.0}
[pair_A] {"steps": 1329152, "elapsed_s": 807.4, "cramped_room_sparse20": 0.0, "cramped_room_potter0_20": 0.4, "asymmetric_advantages_sparse20": 101.0, "asymmetric_advantages_potter0_20": 1.0}
[pair_A] {"steps": 1331200, "elapsed_s": 808.6, "cramped_room_sparse20": 0.0, "cramped_room_potter0_20": 0.35, "asymmetric_advantages_sparse20": 102.0, "asymmetric_advantages_potter0_20": 1.0}
[pair_A] {"steps": 1333248, "elapsed_s": 809.8, "cramped_room_sparse20": 0.0, "cramped_room_potter0_20": 0.4, "asymmetric_advantages_sparse20": 101.0, "asymmetric_advantages_potter0_20": 1.0}
[pair_A] {"steps": 1335296, "elapsed_s": 811.1, "cramped_room_sparse20": 0.0, "cramped_room_potter0_20": 0.4, "asymmetric_advantages_sparse20": 107.0, "asymmetric_advantages_potter0_20": 1.0}
[pair_A] {"steps": 1337344, "elapsed_s": 812.4, "cramped_room_sparse20": 0.0, "cramped_room_potter0_20": 0.45, "asymmetric_advantages_sparse20": 111.0, "asymmetric_advantages_potter0_20": 1.0}
[pair_A] {"steps": 1339392, "elapsed_s": 813.6, "cramped_room_sparse20": 0.0, "cramped_room_potter0_20": 0.45, "asymmetric_advantages_sparse20": 114.0, "asymmetric_advantages_potter0_20": 1.0}
[pair_A] {"steps": 1341440, "elapsed_s": 814.9, "cramped_room_sparse20": 0.0, "cramped_room_potter0_20": 0.35, "asymmetric_advantages_sparse20": 120.0, "asymmetric_advantages_potter0_20": 1.0}
[pair_A] {"steps": 1343488, "elapsed_s": 816.1, "cramped_room_sparse20": 0.0, "cramped_room_potter0_20": 0.3, "asymmetric_advantages_sparse20": 123.0, "asymmetric_advantages_potter0_20": 1.0}
[pair_A] {"steps": 1345536, "elapsed_s": 817.3, "cramped_room_sparse20": 0.0, "cramped_room_potter0_20": 0.3, "asymmetric_advantages_sparse20": 126.0, "asymmetric_advantages_potter0_20": 1.0}
[pair_A] {"steps": 1347584, "elapsed_s": 818.6, "cramped_room_sparse20": 0.0, "cramped_room_potter0_20": 0.4, "asymmetric_advantages_sparse20": 120.0, "asymmetric_advantages_potter0_20": 1.0}
[pair_A] {"steps": 1349632, "elapsed_s": 819.9, "cramped_room_sparse20": 0.0, "cramped_room_potter0_20": 0.4, "asymmetric_advantages_sparse20": 124.0, "asymmetric_advantages_potter0_20": 1.0}
[pair_A] {"steps": 1351680, "elapsed_s": 821.2, "cramped_room_sparse20": 0.0, "cramped_room_potter0_20": 0.4, "asymmetric_advantages_sparse20": 122.0, "asymmetric_advantages_potter0_20": 1.0}
[pair_A] {"steps": 1353728, "elapsed_s": 822.5, "cramped_room_sparse20": 0.0, "cramped_room_potter0_20": 0.45, "asymmetric_advantages_sparse20": 125.0, "asymmetric_advantages_potter0_20": 1.0}
[pair_A] {"steps": 1355776, "elapsed_s": 823.6, "cramped_room_sparse20": 0.0, "cramped_room_potter0_20": 0.55, "asymmetric_advantages_sparse20": 126.0, "asymmetric_advantages_potter0_20": 1.0}
[pair_A] {"steps": 1357824, "elapsed_s": 825.0, "cramped_room_sparse20": 0.0, "cramped_room_potter0_20": 0.6, "asymmetric_advantages_sparse20": 115.0, "asymmetric_advantages_potter0_20": 1.0}
[pair_A] {"steps": 1359872, "elapsed_s": 826.3, "cramped_room_sparse20": 0.0, "cramped_room_potter0_20": 0.6, "asymmetric_advantages_sparse20": 115.0, "asymmetric_advantages_potter0_20": 1.0}
[pair_A] {"steps": 1361920, "elapsed_s": 827.6, "cramped_room_sparse20": 0.0, "cramped_room_potter0_20": 0.6, "asymmetric_advantages_sparse20": 118.0, "asymmetric_advantages_potter0_20": 1.0}
[pair_A] {"steps": 1363968, "elapsed_s": 828.8, "cramped_room_sparse20": 0.0, "cramped_room_potter0_20": 0.55, "asymmetric_advantages_sparse20": 122.0, "asymmetric_advantages_potter0_20": 1.0}
[pair_A] {"steps": 1366016, "elapsed_s": 830.1, "cramped_room_sparse20": 0.0, "cramped_room_potter0_20": 0.55, "asymmetric_advantages_sparse20": 122.0, "asymmetric_advantages_potter0_20": 1.0}
[pair_A] {"steps": 1368064, "elapsed_s": 831.4, "cramped_room_sparse20": 0.0, "cramped_room_potter0_20": 0.5, "asymmetric_advantages_sparse20": 127.0, "asymmetric_advantages_potter0_20": 1.0}
[pair_A] {"steps": 1370112, "elapsed_s": 832.7, "cramped_room_sparse20": 0.0, "cramped_room_potter0_20": 0.45, "asymmetric_advantages_sparse20": 137.0, "asymmetric_advantages_potter0_20": 1.0}
[pair_A] {"steps": 1372160, "elapsed_s": 833.9, "cramped_room_sparse20": 0.0, "cramped_room_potter0_20": 0.45, "asymmetric_advantages_sparse20": 143.0, "asymmetric_advantages_potter0_20": 1.0}
[pair_A] {"steps": 1374208, "elapsed_s": 835.1, "cramped_room_sparse20": 0.0, "cramped_room_potter0_20": 0.5, "asymmetric_advantages_sparse20": 136.0, "asymmetric_advantages_potter0_20": 1.0}
[pair_A] {"steps": 1376256, "elapsed_s": 836.2, "cramped_room_sparse20": 0.0, "cramped_room_potter0_20": 0.4, "asymmetric_advantages_sparse20": 131.0, "asymmetric_advantages_potter0_20": 1.0}
[pair_A] {"steps": 1378304, "elapsed_s": 837.4, "cramped_room_sparse20": 0.0, "cramped_room_potter0_20": 0.35, "asymmetric_advantages_sparse20": 129.0, "asymmetric_advantages_potter0_20": 1.0}
[pair_A] {"steps": 1380352, "elapsed_s": 838.6, "cramped_room_sparse20": 0.0, "cramped_room_potter0_20": 0.35, "asymmetric_advantages_sparse20": 132.0, "asymmetric_advantages_potter0_20": 1.0}
[pair_A] {"steps": 1382400, "elapsed_s": 839.8, "cramped_room_sparse20": 1.0, "cramped_room_potter0_20": 0.35, "asymmetric_advantages_sparse20": 134.0, "asymmetric_advantages_potter0_20": 1.0}
[pair_A] {"steps": 1384448, "elapsed_s": 841.0, "cramped_room_sparse20": 1.0, "cramped_room_potter0_20": 0.35, "asymmetric_advantages_sparse20": 129.0, "asymmetric_advantages_potter0_20": 1.0}
[pair_A] {"steps": 1386496, "elapsed_s": 842.3, "cramped_room_sparse20": 1.0, "cramped_room_potter0_20": 0.3, "asymmetric_advantages_sparse20": 133.0, "asymmetric_advantages_potter0_20": 1.0}
[pair_A] {"steps": 1388544, "elapsed_s": 843.6, "cramped_room_sparse20": 2.0, "cramped_room_potter0_20": 0.45, "asymmetric_advantages_sparse20": 132.0, "asymmetric_advantages_potter0_20": 1.0}
[pair_A] {"steps": 1390592, "elapsed_s": 845.0, "cramped_room_sparse20": 2.0, "cramped_room_potter0_20": 0.45, "asymmetric_advantages_sparse20": 135.0, "asymmetric_advantages_potter0_20": 1.0}
[pair_A] {"steps": 1392640, "elapsed_s": 846.2, "cramped_room_sparse20": 2.0, "cramped_room_potter0_20": 0.45, "asymmetric_advantages_sparse20": 128.0, "asymmetric_advantages_potter0_20": 1.0}
[pair_A] {"steps": 1394688, "elapsed_s": 847.5, "cramped_room_sparse20": 2.0, "cramped_room_potter0_20": 0.35, "asymmetric_advantages_sparse20": 121.0, "asymmetric_advantages_potter0_20": 1.0}
[pair_A] {"steps": 1396736, "elapsed_s": 848.7, "cramped_room_sparse20": 2.0, "cramped_room_potter0_20": 0.35, "asymmetric_advantages_sparse20": 119.0, "asymmetric_advantages_potter0_20": 1.0}
[pair_A] {"steps": 1398784, "elapsed_s": 850.0, "cramped_room_sparse20": 2.0, "cramped_room_potter0_20": 0.4, "asymmetric_advantages_sparse20": 108.0, "asymmetric_advantages_potter0_20": 1.0}
[pair_A] {"steps": 1400832, "elapsed_s": 851.1, "cramped_room_sparse20": 1.0, "cramped_room_potter0_20": 0.45, "asymmetric_advantages_sparse20": 108.0, "asymmetric_advantages_potter0_20": 1.0}
[pair_A] {"steps": 1402880, "elapsed_s": 852.3, "cramped_room_sparse20": 0.0, "cramped_room_potter0_20": 0.45, "asymmetric_advantages_sparse20": 110.0, "asymmetric_advantages_potter0_20": 1.0}
[pair_A] {"steps": 1404928, "elapsed_s": 853.9, "cramped_room_sparse20": 0.0, "cramped_room_potter0_20": 0.45, "asymmetric_advantages_sparse20": 116.0, "asymmetric_advantages_potter0_20": 1.0}
[pair_A] {"steps": 1406976, "elapsed_s": 855.3, "cramped_room_sparse20": 0.0, "cramped_room_potter0_20": 0.4, "asymmetric_advantages_sparse20": 112.0, "asymmetric_advantages_potter0_20": 1.0}
[pair_A] {"steps": 1409024, "elapsed_s": 856.6, "cramped_room_sparse20": 0.0, "cramped_room_potter0_20": 0.4, "asymmetric_advantages_sparse20": 110.0, "asymmetric_advantages_potter0_20": 1.0}
[pair_A] {"steps": 1411072, "elapsed_s": 857.8, "cramped_room_sparse20": 0.0, "cramped_room_potter0_20": 0.4, "asymmetric_advantages_sparse20": 107.0, "asymmetric_advantages_potter0_20": 1.0}
[pair_A] {"steps": 1413120, "elapsed_s": 859.0, "cramped_room_sparse20": 0.0, "cramped_room_potter0_20": 0.4, "asymmetric_advantages_sparse20": 108.0, "asymmetric_advantages_potter0_20": 1.0}
[pair_A] {"steps": 1415168, "elapsed_s": 860.3, "cramped_room_sparse20": 0.0, "cramped_room_potter0_20": 0.35, "asymmetric_advantages_sparse20": 106.0, "asymmetric_advantages_potter0_20": 1.0}
[pair_A] {"steps": 1417216, "elapsed_s": 861.5, "cramped_room_sparse20": 0.0, "cramped_room_potter0_20": 0.3, "asymmetric_advantages_sparse20": 108.0, "asymmetric_advantages_potter0_20": 1.0}
[pair_A] {"steps": 1419264, "elapsed_s": 862.7, "cramped_room_sparse20": 0.0, "cramped_room_potter0_20": 0.25, "asymmetric_advantages_sparse20": 105.0, "asymmetric_advantages_potter0_20": 1.0}
[pair_A] {"steps": 1421312, "elapsed_s": 863.8, "cramped_room_sparse20": 0.0, "cramped_room_potter0_20": 0.25, "asymmetric_advantages_sparse20": 105.0, "asymmetric_advantages_potter0_20": 1.0}
[pair_A] {"steps": 1423360, "elapsed_s": 865.0, "cramped_room_sparse20": 0.0, "cramped_room_potter0_20": 0.3, "asymmetric_advantages_sparse20": 97.0, "asymmetric_advantages_potter0_20": 1.0}
[pair_A] {"steps": 1425408, "elapsed_s": 866.2, "cramped_room_sparse20": 0.0, "cramped_room_potter0_20": 0.35, "asymmetric_advantages_sparse20": 98.0, "asymmetric_advantages_potter0_20": 1.0}
[pair_A] {"steps": 1427456, "elapsed_s": 867.4, "cramped_room_sparse20": 0.0, "cramped_room_potter0_20": 0.3, "asymmetric_advantages_sparse20": 96.0, "asymmetric_advantages_potter0_20": 1.0}
[pair_A] {"steps": 1429504, "elapsed_s": 868.6, "cramped_room_sparse20": 0.0, "cramped_room_potter0_20": 0.3, "asymmetric_advantages_sparse20": 92.0, "asymmetric_advantages_potter0_20": 1.0}
[pair_A] {"steps": 1431552, "elapsed_s": 869.7, "cramped_room_sparse20": 0.0, "cramped_room_potter0_20": 0.3, "asymmetric_advantages_sparse20": 91.0, "asymmetric_advantages_potter0_20": 1.0}
[pair_A] {"steps": 1433600, "elapsed_s": 870.9, "cramped_room_sparse20": 0.0, "cramped_room_potter0_20": 0.35, "asymmetric_advantages_sparse20": 90.0, "asymmetric_advantages_potter0_20": 1.0}
[pair_A] {"steps": 1435648, "elapsed_s": 872.1, "cramped_room_sparse20": 0.0, "cramped_room_potter0_20": 0.35, "asymmetric_advantages_sparse20": 90.0, "asymmetric_advantages_potter0_20": 1.0}
[pair_A] {"steps": 1437696, "elapsed_s": 873.2, "cramped_room_sparse20": 0.0, "cramped_room_potter0_20": 0.4, "asymmetric_advantages_sparse20": 93.0, "asymmetric_advantages_potter0_20": 1.0}
[pair_A] {"steps": 1439744, "elapsed_s": 874.4, "cramped_room_sparse20": 0.0, "cramped_room_potter0_20": 0.35, "asymmetric_advantages_sparse20": 90.0, "asymmetric_advantages_potter0_20": 1.0}
[pair_A] {"steps": 1441792, "elapsed_s": 875.5, "cramped_room_sparse20": 0.0, "cramped_room_potter0_20": 0.35, "asymmetric_advantages_sparse20": 92.0, "asymmetric_advantages_potter0_20": 1.0}
[pair_A] {"steps": 1443840, "elapsed_s": 876.8, "cramped_room_sparse20": 0.0, "cramped_room_potter0_20": 0.45, "asymmetric_advantages_sparse20": 90.0, "asymmetric_advantages_potter0_20": 1.0}
[pair_A] {"steps": 1445888, "elapsed_s": 877.9, "cramped_room_sparse20": 0.0, "cramped_room_potter0_20": 0.55, "asymmetric_advantages_sparse20": 89.0, "asymmetric_advantages_potter0_20": 1.0}
[pair_A] {"steps": 1447936, "elapsed_s": 879.1, "cramped_room_sparse20": 0.0, "cramped_room_potter0_20": 0.45, "asymmetric_advantages_sparse20": 85.0, "asymmetric_advantages_potter0_20": 1.0}
[pair_A] {"steps": 1449984, "elapsed_s": 880.3, "cramped_room_sparse20": 0.0, "cramped_room_potter0_20": 0.35, "asymmetric_advantages_sparse20": 80.0, "asymmetric_advantages_potter0_20": 1.0}
[pair_A] {"steps": 1452032, "elapsed_s": 881.6, "cramped_room_sparse20": 0.0, "cramped_room_potter0_20": 0.35, "asymmetric_advantages_sparse20": 73.0, "asymmetric_advantages_potter0_20": 1.0}
[pair_A] {"steps": 1454080, "elapsed_s": 882.8, "cramped_room_sparse20": 0.0, "cramped_room_potter0_20": 0.35, "asymmetric_advantages_sparse20": 73.0, "asymmetric_advantages_potter0_20": 1.0}
[pair_A] {"steps": 1456128, "elapsed_s": 884.0, "cramped_room_sparse20": 1.0, "cramped_room_potter0_20": 0.3, "asymmetric_advantages_sparse20": 75.0, "asymmetric_advantages_potter0_20": 1.0}
[pair_A] {"steps": 1458176, "elapsed_s": 885.2, "cramped_room_sparse20": 1.0, "cramped_room_potter0_20": 0.25, "asymmetric_advantages_sparse20": 74.0, "asymmetric_advantages_potter0_20": 1.0}
[pair_A] {"steps": 1460224, "elapsed_s": 886.5, "cramped_room_sparse20": 1.0, "cramped_room_potter0_20": 0.25, "asymmetric_advantages_sparse20": 77.0, "asymmetric_advantages_potter0_20": 1.0}
[pair_A] {"steps": 1462272, "elapsed_s": 887.7, "cramped_room_sparse20": 1.0, "cramped_room_potter0_20": 0.15, "asymmetric_advantages_sparse20": 84.0, "asymmetric_advantages_potter0_20": 1.0}
[pair_A] {"steps": 1464320, "elapsed_s": 888.9, "cramped_room_sparse20": 1.0, "cramped_room_potter0_20": 0.2, "asymmetric_advantages_sparse20": 98.0, "asymmetric_advantages_potter0_20": 1.0}
[pair_A] {"steps": 1466368, "elapsed_s": 890.1, "cramped_room_sparse20": 1.0, "cramped_room_potter0_20": 0.2, "asymmetric_advantages_sparse20": 101.0, "asymmetric_advantages_potter0_20": 1.0}
[pair_A] {"steps": 1468416, "elapsed_s": 891.5, "cramped_room_sparse20": 1.0, "cramped_room_potter0_20": 0.3, "asymmetric_advantages_sparse20": 114.0, "asymmetric_advantages_potter0_20": 1.0}
[pair_A] {"steps": 1470464, "elapsed_s": 892.8, "cramped_room_sparse20": 0.0, "cramped_room_potter0_20": 0.4, "asymmetric_advantages_sparse20": 113.0, "asymmetric_advantages_potter0_20": 1.0}
[pair_A] {"steps": 1472512, "elapsed_s": 894.1, "cramped_room_sparse20": 0.0, "cramped_room_potter0_20": 0.35, "asymmetric_advantages_sparse20": 114.0, "asymmetric_advantages_potter0_20": 1.0}
[pair_A] {"steps": 1474560, "elapsed_s": 895.3, "cramped_room_sparse20": 0.0, "cramped_room_potter0_20": 0.35, "asymmetric_advantages_sparse20": 107.0, "asymmetric_advantages_potter0_20": 1.0}
[pair_A] {"steps": 1476608, "elapsed_s": 896.4, "cramped_room_sparse20": 0.0, "cramped_room_potter0_20": 0.3, "asymmetric_advantages_sparse20": 106.0, "asymmetric_advantages_potter0_20": 1.0}
[pair_A] {"steps": 1478656, "elapsed_s": 897.6, "cramped_room_sparse20": 0.0, "cramped_room_potter0_20": 0.3, "asymmetric_advantages_sparse20": 103.0, "asymmetric_advantages_potter0_20": 1.0}
[pair_A] {"steps": 1480704, "elapsed_s": 898.8, "cramped_room_sparse20": 0.0, "cramped_room_potter0_20": 0.35, "asymmetric_advantages_sparse20": 99.0, "asymmetric_advantages_potter0_20": 1.0}
[pair_A] {"steps": 1482752, "elapsed_s": 900.1, "cramped_room_sparse20": 0.0, "cramped_room_potter0_20": 0.35, "asymmetric_advantages_sparse20": 94.0, "asymmetric_advantages_potter0_20": 1.0}
[pair_A] {"steps": 1484800, "elapsed_s": 901.3, "cramped_room_sparse20": 0.0, "cramped_room_potter0_20": 0.25, "asymmetric_advantages_sparse20": 89.0, "asymmetric_advantages_potter0_20": 1.0}
[pair_A] {"steps": 1486848, "elapsed_s": 902.5, "cramped_room_sparse20": 1.0, "cramped_room_potter0_20": 0.2, "asymmetric_advantages_sparse20": 95.0, "asymmetric_advantages_potter0_20": 1.0}
[pair_A] {"steps": 1488896, "elapsed_s": 903.6, "cramped_room_sparse20": 1.0, "cramped_room_potter0_20": 0.1, "asymmetric_advantages_sparse20": 94.0, "asymmetric_advantages_potter0_20": 1.0}
[pair_A] {"steps": 1490944, "elapsed_s": 904.8, "cramped_room_sparse20": 1.0, "cramped_room_potter0_20": 0.15, "asymmetric_advantages_sparse20": 90.0, "asymmetric_advantages_potter0_20": 1.0}
[pair_A] {"steps": 1492992, "elapsed_s": 905.9, "cramped_room_sparse20": 1.0, "cramped_room_potter0_20": 0.15, "asymmetric_advantages_sparse20": 89.0, "asymmetric_advantages_potter0_20": 1.0}
[pair_A] {"steps": 1495040, "elapsed_s": 907.1, "cramped_room_sparse20": 1.0, "cramped_room_potter0_20": 0.15, "asymmetric_advantages_sparse20": 96.0, "asymmetric_advantages_potter0_20": 1.0}
[pair_A] {"steps": 1497088, "elapsed_s": 908.3, "cramped_room_sparse20": 1.0, "cramped_room_potter0_20": 0.2, "asymmetric_advantages_sparse20": 97.0, "asymmetric_advantages_potter0_20": 1.0}
[pair_A] {"steps": 1499136, "elapsed_s": 909.5, "cramped_room_sparse20": 0.0, "cramped_room_potter0_20": 0.25, "asymmetric_advantages_sparse20": 102.0, "asymmetric_advantages_potter0_20": 1.0}
[pair_A] {"steps": 1501184, "elapsed_s": 910.7, "cramped_room_sparse20": 0.0, "cramped_room_potter0_20": 0.3, "asymmetric_advantages_sparse20": 102.0, "asymmetric_advantages_potter0_20": 1.0}
[pair_A] {"steps": 1503232, "elapsed_s": 911.9, "cramped_room_sparse20": 0.0, "cramped_room_potter0_20": 0.4, "asymmetric_advantages_sparse20": 102.0, "asymmetric_advantages_potter0_20": 1.0}
[pair_A] {"steps": 1505280, "elapsed_s": 913.0, "cramped_room_sparse20": 0.0, "cramped_room_potter0_20": 0.35, "asymmetric_advantages_sparse20": 108.0, "asymmetric_advantages_potter0_20": 1.0}
[pair_A] {"steps": 1507328, "elapsed_s": 914.2, "cramped_room_sparse20": 0.0, "cramped_room_potter0_20": 0.35, "asymmetric_advantages_sparse20": 108.0, "asymmetric_advantages_potter0_20": 1.0}
[pair_A] {"steps": 1509376, "elapsed_s": 915.4, "cramped_room_sparse20": 0.0, "cramped_room_potter0_20": 0.3, "asymmetric_advantages_sparse20": 110.0, "asymmetric_advantages_potter0_20": 1.0}
[pair_A] {"steps": 1511424, "elapsed_s": 916.5, "cramped_room_sparse20": 0.0, "cramped_room_potter0_20": 0.35, "asymmetric_advantages_sparse20": 120.0, "asymmetric_advantages_potter0_20": 1.0}
[pair_A] {"steps": 1513472, "elapsed_s": 917.7, "cramped_room_sparse20": 0.0, "cramped_room_potter0_20": 0.3, "asymmetric_advantages_sparse20": 119.0, "asymmetric_advantages_potter0_20": 1.0}
[pair_A] {"steps": 1515520, "elapsed_s": 918.9, "cramped_room_sparse20": 0.0, "cramped_room_potter0_20": 0.3, "asymmetric_advantages_sparse20": 120.0, "asymmetric_advantages_potter0_20": 1.0}
[pair_A] {"steps": 1517568, "elapsed_s": 920.0, "cramped_room_sparse20": 0.0, "cramped_room_potter0_20": 0.35, "asymmetric_advantages_sparse20": 111.0, "asymmetric_advantages_potter0_20": 1.0}
[pair_A] {"steps": 1519616, "elapsed_s": 921.2, "cramped_room_sparse20": 0.0, "cramped_room_potter0_20": 0.35, "asymmetric_advantages_sparse20": 110.0, "asymmetric_advantages_potter0_20": 1.0}
[pair_A] {"steps": 1521664, "elapsed_s": 922.4, "cramped_room_sparse20": 0.0, "cramped_room_potter0_20": 0.35, "asymmetric_advantages_sparse20": 106.0, "asymmetric_advantages_potter0_20": 1.0}
[pair_A] {"steps": 1523712, "elapsed_s": 923.6, "cramped_room_sparse20": 0.0, "cramped_room_potter0_20": 0.5, "asymmetric_advantages_sparse20": 104.0, "asymmetric_advantages_potter0_20": 1.0}
[pair_A] {"steps": 1525760, "elapsed_s": 924.7, "cramped_room_sparse20": 0.0, "cramped_room_potter0_20": 0.55, "asymmetric_advantages_sparse20": 103.0, "asymmetric_advantages_potter0_20": 1.0}
[pair_A] {"steps": 1527808, "elapsed_s": 925.9, "cramped_room_sparse20": 0.0, "cramped_room_potter0_20": 0.55, "asymmetric_advantages_sparse20": 102.0, "asymmetric_advantages_potter0_20": 1.0}
[pair_A] {"steps": 1529856, "elapsed_s": 927.0, "cramped_room_sparse20": 0.0, "cramped_room_potter0_20": 0.6, "asymmetric_advantages_sparse20": 98.0, "asymmetric_advantages_potter0_20": 1.0}
[pair_A] {"steps": 1531904, "elapsed_s": 928.2, "cramped_room_sparse20": 0.0, "cramped_room_potter0_20": 0.55, "asymmetric_advantages_sparse20": 100.0, "asymmetric_advantages_potter0_20": 1.0}
[pair_A] {"steps": 1533952, "elapsed_s": 929.3, "cramped_room_sparse20": 0.0, "cramped_room_potter0_20": 0.6, "asymmetric_advantages_sparse20": 102.0, "asymmetric_advantages_potter0_20": 1.0}
[pair_A] {"steps": 1536000, "elapsed_s": 930.5, "cramped_room_sparse20": 0.0, "cramped_room_potter0_20": 0.5, "asymmetric_advantages_sparse20": 110.0, "asymmetric_advantages_potter0_20": 1.0}
[pair_A] {"steps": 1538048, "elapsed_s": 931.6, "cramped_room_sparse20": 0.0, "cramped_room_potter0_20": 0.45, "asymmetric_advantages_sparse20": 112.0, "asymmetric_advantages_potter0_20": 1.0}
[pair_A] {"steps": 1540096, "elapsed_s": 932.8, "cramped_room_sparse20": 0.0, "cramped_room_potter0_20": 0.5, "asymmetric_advantages_sparse20": 112.0, "asymmetric_advantages_potter0_20": 1.0}
[pair_A] {"steps": 1542144, "elapsed_s": 934.0, "cramped_room_sparse20": 0.0, "cramped_room_potter0_20": 0.55, "asymmetric_advantages_sparse20": 119.0, "asymmetric_advantages_potter0_20": 1.0}
[pair_A] {"steps": 1544192, "elapsed_s": 935.1, "cramped_room_sparse20": 0.0, "cramped_room_potter0_20": 0.6, "asymmetric_advantages_sparse20": 122.0, "asymmetric_advantages_potter0_20": 1.0}
[pair_A] {"steps": 1546240, "elapsed_s": 936.3, "cramped_room_sparse20": 0.0, "cramped_room_potter0_20": 0.55, "asymmetric_advantages_sparse20": 128.0, "asymmetric_advantages_potter0_20": 1.0}
[pair_A] {"steps": 1548288, "elapsed_s": 937.8, "cramped_room_sparse20": 0.0, "cramped_room_potter0_20": 0.55, "asymmetric_advantages_sparse20": 134.0, "asymmetric_advantages_potter0_20": 1.0}
[pair_A] {"steps": 1550336, "elapsed_s": 939.1, "cramped_room_sparse20": 0.0, "cramped_room_potter0_20": 0.6, "asymmetric_advantages_sparse20": 134.0, "asymmetric_advantages_potter0_20": 1.0}
[pair_A] {"steps": 1552384, "elapsed_s": 940.3, "cramped_room_sparse20": 0.0, "cramped_room_potter0_20": 0.65, "asymmetric_advantages_sparse20": 128.0, "asymmetric_advantages_potter0_20": 1.0}
[pair_A] {"steps": 1554432, "elapsed_s": 941.5, "cramped_room_sparse20": 0.0, "cramped_room_potter0_20": 0.6, "asymmetric_advantages_sparse20": 121.0, "asymmetric_advantages_potter0_20": 1.0}
[pair_A] {"steps": 1556480, "elapsed_s": 942.8, "cramped_room_sparse20": 0.0, "cramped_room_potter0_20": 0.65, "asymmetric_advantages_sparse20": 128.0, "asymmetric_advantages_potter0_20": 1.0}
[pair_A] {"steps": 1558528, "elapsed_s": 944.0, "cramped_room_sparse20": 0.0, "cramped_room_potter0_20": 0.65, "asymmetric_advantages_sparse20": 123.0, "asymmetric_advantages_potter0_20": 1.0}
[pair_A] {"steps": 1560576, "elapsed_s": 945.2, "cramped_room_sparse20": 0.0, "cramped_room_potter0_20": 0.6, "asymmetric_advantages_sparse20": 123.0, "asymmetric_advantages_potter0_20": 1.0}
[pair_A] {"steps": 1562624, "elapsed_s": 946.4, "cramped_room_sparse20": 0.0, "cramped_room_potter0_20": 0.65, "asymmetric_advantages_sparse20": 124.0, "asymmetric_advantages_potter0_20": 1.0}
[pair_A] {"steps": 1564672, "elapsed_s": 947.9, "cramped_room_sparse20": 0.0, "cramped_room_potter0_20": 0.6, "asymmetric_advantages_sparse20": 120.0, "asymmetric_advantages_potter0_20": 1.0}
[pair_A] {"steps": 1566720, "elapsed_s": 949.4, "cramped_room_sparse20": 0.0, "cramped_room_potter0_20": 0.5, "asymmetric_advantages_sparse20": 121.0, "asymmetric_advantages_potter0_20": 1.0}
[pair_A] {"steps": 1568768, "elapsed_s": 950.7, "cramped_room_sparse20": 0.0, "cramped_room_potter0_20": 0.5, "asymmetric_advantages_sparse20": 121.0, "asymmetric_advantages_potter0_20": 1.0}
[pair_A] {"steps": 1570816, "elapsed_s": 951.9, "cramped_room_sparse20": 0.0, "cramped_room_potter0_20": 0.55, "asymmetric_advantages_sparse20": 115.0, "asymmetric_advantages_potter0_20": 1.0}
[pair_A] {"steps": 1572864, "elapsed_s": 953.1, "cramped_room_sparse20": 0.0, "cramped_room_potter0_20": 0.55, "asymmetric_advantages_sparse20": 111.0, "asymmetric_advantages_potter0_20": 1.0}
[pair_A] {"steps": 1574912, "elapsed_s": 954.5, "cramped_room_sparse20": 0.0, "cramped_room_potter0_20": 0.55, "asymmetric_advantages_sparse20": 114.0, "asymmetric_advantages_potter0_20": 1.0}
[pair_A] {"steps": 1576960, "elapsed_s": 956.0, "cramped_room_sparse20": 0.0, "cramped_room_potter0_20": 0.6, "asymmetric_advantages_sparse20": 107.0, "asymmetric_advantages_potter0_20": 1.0}
[pair_A] {"steps": 1579008, "elapsed_s": 957.4, "cramped_room_sparse20": 0.0, "cramped_room_potter0_20": 0.65, "asymmetric_advantages_sparse20": 98.0, "asymmetric_advantages_potter0_20": 1.0}
[pair_A] {"steps": 1581056, "elapsed_s": 958.5, "cramped_room_sparse20": 0.0, "cramped_room_potter0_20": 0.7, "asymmetric_advantages_sparse20": 98.0, "asymmetric_advantages_potter0_20": 1.0}
[pair_A] {"steps": 1583104, "elapsed_s": 959.7, "cramped_room_sparse20": 1.0, "cramped_room_potter0_20": 0.7, "asymmetric_advantages_sparse20": 103.0, "asymmetric_advantages_potter0_20": 1.0}
[pair_A] {"steps": 1585152, "elapsed_s": 961.2, "cramped_room_sparse20": 1.0, "cramped_room_potter0_20": 0.65, "asymmetric_advantages_sparse20": 112.0, "asymmetric_advantages_potter0_20": 1.0}
[pair_A] {"steps": 1587200, "elapsed_s": 962.6, "cramped_room_sparse20": 1.0, "cramped_room_potter0_20": 0.5, "asymmetric_advantages_sparse20": 112.0, "asymmetric_advantages_potter0_20": 1.0}
[pair_A] {"steps": 1589248, "elapsed_s": 963.9, "cramped_room_sparse20": 1.0, "cramped_room_potter0_20": 0.5, "asymmetric_advantages_sparse20": 113.0, "asymmetric_advantages_potter0_20": 1.0}
[pair_A] {"steps": 1591296, "elapsed_s": 965.1, "cramped_room_sparse20": 1.0, "cramped_room_potter0_20": 0.45, "asymmetric_advantages_sparse20": 124.0, "asymmetric_advantages_potter0_20": 1.0}
[pair_A] {"steps": 1593344, "elapsed_s": 966.3, "cramped_room_sparse20": 1.0, "cramped_room_potter0_20": 0.45, "asymmetric_advantages_sparse20": 130.0, "asymmetric_advantages_potter0_20": 1.0}
[pair_A] {"steps": 1595392, "elapsed_s": 967.5, "cramped_room_sparse20": 0.0, "cramped_room_potter0_20": 0.5, "asymmetric_advantages_sparse20": 131.0, "asymmetric_advantages_potter0_20": 1.0}
[pair_A] {"steps": 1597440, "elapsed_s": 968.7, "cramped_room_sparse20": 0.0, "cramped_room_potter0_20": 0.5, "asymmetric_advantages_sparse20": 146.0, "asymmetric_advantages_potter0_20": 1.0}
[pair_A] {"steps": 1599488, "elapsed_s": 969.9, "cramped_room_sparse20": 0.0, "cramped_room_potter0_20": 0.55, "asymmetric_advantages_sparse20": 149.0, "asymmetric_advantages_potter0_20": 1.0}
[pair_A] {"steps": 1601536, "elapsed_s": 971.1, "cramped_room_sparse20": 0.0, "cramped_room_potter0_20": 0.55, "asymmetric_advantages_sparse20": 139.0, "asymmetric_advantages_potter0_20": 1.0}
[pair_A] {"steps": 1603584, "elapsed_s": 972.4, "cramped_room_sparse20": 0.0, "cramped_room_potter0_20": 0.55, "asymmetric_advantages_sparse20": 137.0, "asymmetric_advantages_potter0_20": 1.0}
[pair_A] {"steps": 1605632, "elapsed_s": 973.6, "cramped_room_sparse20": 0.0, "cramped_room_potter0_20": 0.5, "asymmetric_advantages_sparse20": 129.0, "asymmetric_advantages_potter0_20": 1.0}
[pair_A] {"steps": 1607680, "elapsed_s": 974.8, "cramped_room_sparse20": 0.0, "cramped_room_potter0_20": 0.4, "asymmetric_advantages_sparse20": 127.0, "asymmetric_advantages_potter0_20": 1.0}
[pair_A] {"steps": 1609728, "elapsed_s": 976.0, "cramped_room_sparse20": 0.0, "cramped_room_potter0_20": 0.45, "asymmetric_advantages_sparse20": 131.0, "asymmetric_advantages_potter0_20": 1.0}
[pair_A] {"steps": 1611776, "elapsed_s": 977.3, "cramped_room_sparse20": 0.0, "cramped_room_potter0_20": 0.45, "asymmetric_advantages_sparse20": 131.0, "asymmetric_advantages_potter0_20": 1.0}
[pair_A] {"steps": 1613824, "elapsed_s": 978.5, "cramped_room_sparse20": 0.0, "cramped_room_potter0_20": 0.35, "asymmetric_advantages_sparse20": 135.0, "asymmetric_advantages_potter0_20": 1.0}
[pair_A] {"steps": 1615872, "elapsed_s": 979.7, "cramped_room_sparse20": 0.0, "cramped_room_potter0_20": 0.4, "asymmetric_advantages_sparse20": 135.0, "asymmetric_advantages_potter0_20": 1.0}
[pair_A] {"steps": 1617920, "elapsed_s": 980.9, "cramped_room_sparse20": 0.0, "cramped_room_potter0_20": 0.4, "asymmetric_advantages_sparse20": 140.0, "asymmetric_advantages_potter0_20": 1.0}
[pair_A] {"steps": 1619968, "elapsed_s": 982.2, "cramped_room_sparse20": 0.0, "cramped_room_potter0_20": 0.4, "asymmetric_advantages_sparse20": 146.0, "asymmetric_advantages_potter0_20": 1.0}
[pair_A] {"steps": 1622016, "elapsed_s": 983.4, "cramped_room_sparse20": 0.0, "cramped_room_potter0_20": 0.45, "asymmetric_advantages_sparse20": 140.0, "asymmetric_advantages_potter0_20": 1.0}
[pair_A] {"steps": 1624064, "elapsed_s": 984.6, "cramped_room_sparse20": 0.0, "cramped_room_potter0_20": 0.45, "asymmetric_advantages_sparse20": 134.0, "asymmetric_advantages_potter0_20": 1.0}
[pair_A] {"steps": 1626112, "elapsed_s": 985.9, "cramped_room_sparse20": 0.0, "cramped_room_potter0_20": 0.55, "asymmetric_advantages_sparse20": 129.0, "asymmetric_advantages_potter0_20": 1.0}
[pair_A] {"steps": 1628160, "elapsed_s": 987.3, "cramped_room_sparse20": 0.0, "cramped_room_potter0_20": 0.65, "asymmetric_advantages_sparse20": 126.0, "asymmetric_advantages_potter0_20": 1.0}
[pair_A] {"steps": 1630208, "elapsed_s": 988.8, "cramped_room_sparse20": 0.0, "cramped_room_potter0_20": 0.65, "asymmetric_advantages_sparse20": 130.0, "asymmetric_advantages_potter0_20": 1.0}
[pair_A] {"steps": 1632256, "elapsed_s": 990.2, "cramped_room_sparse20": 0.0, "cramped_room_potter0_20": 0.7, "asymmetric_advantages_sparse20": 131.0, "asymmetric_advantages_potter0_20": 1.0}
[pair_A] {"steps": 1634304, "elapsed_s": 991.5, "cramped_room_sparse20": 0.0, "cramped_room_potter0_20": 0.6, "asymmetric_advantages_sparse20": 131.0, "asymmetric_advantages_potter0_20": 1.0}
[pair_A] {"steps": 1636352, "elapsed_s": 993.1, "cramped_room_sparse20": 1.0, "cramped_room_potter0_20": 0.6, "asymmetric_advantages_sparse20": 131.0, "asymmetric_advantages_potter0_20": 1.0}
[pair_A] {"steps": 1638400, "elapsed_s": 994.5, "cramped_room_sparse20": 1.0, "cramped_room_potter0_20": 0.6, "asymmetric_advantages_sparse20": 136.0, "asymmetric_advantages_potter0_20": 1.0}
[pair_A] {"steps": 1640448, "elapsed_s": 995.7, "cramped_room_sparse20": 1.0, "cramped_room_potter0_20": 0.6, "asymmetric_advantages_sparse20": 132.0, "asymmetric_advantages_potter0_20": 1.0}
[pair_A] {"steps": 1642496, "elapsed_s": 996.9, "cramped_room_sparse20": 1.0, "cramped_room_potter0_20": 0.6, "asymmetric_advantages_sparse20": 134.0, "asymmetric_advantages_potter0_20": 1.0}
[pair_A] {"steps": 1644544, "elapsed_s": 998.1, "cramped_room_sparse20": 1.0, "cramped_room_potter0_20": 0.5, "asymmetric_advantages_sparse20": 142.0, "asymmetric_advantages_potter0_20": 1.0}
[pair_A] {"steps": 1646592, "elapsed_s": 999.3, "cramped_room_sparse20": 1.0, "cramped_room_potter0_20": 0.45, "asymmetric_advantages_sparse20": 136.0, "asymmetric_advantages_potter0_20": 1.0}
[pair_A] {"steps": 1648640, "elapsed_s": 1000.5, "cramped_room_sparse20": 1.0, "cramped_room_potter0_20": 0.35, "asymmetric_advantages_sparse20": 121.0, "asymmetric_advantages_potter0_20": 1.0}
[pair_A] {"steps": 1650688, "elapsed_s": 1001.7, "cramped_room_sparse20": 1.0, "cramped_room_potter0_20": 0.35, "asymmetric_advantages_sparse20": 123.0, "asymmetric_advantages_potter0_20": 1.0}
[pair_A] {"steps": 1652736, "elapsed_s": 1002.8, "cramped_room_sparse20": 1.0, "cramped_room_potter0_20": 0.3, "asymmetric_advantages_sparse20": 118.0, "asymmetric_advantages_potter0_20": 1.0}
[pair_A] {"steps": 1654784, "elapsed_s": 1004.1, "cramped_room_sparse20": 0.0, "cramped_room_potter0_20": 0.3, "asymmetric_advantages_sparse20": 108.0, "asymmetric_advantages_potter0_20": 1.0}
[pair_A] {"steps": 1656832, "elapsed_s": 1005.4, "cramped_room_sparse20": 0.0, "cramped_room_potter0_20": 0.35, "asymmetric_advantages_sparse20": 105.0, "asymmetric_advantages_potter0_20": 1.0}
[pair_A] {"steps": 1658880, "elapsed_s": 1006.6, "cramped_room_sparse20": 0.0, "cramped_room_potter0_20": 0.35, "asymmetric_advantages_sparse20": 98.0, "asymmetric_advantages_potter0_20": 1.0}
[pair_A] {"steps": 1660928, "elapsed_s": 1007.8, "cramped_room_sparse20": 0.0, "cramped_room_potter0_20": 0.25, "asymmetric_advantages_sparse20": 104.0, "asymmetric_advantages_potter0_20": 1.0}
[pair_A] {"steps": 1662976, "elapsed_s": 1009.0, "cramped_room_sparse20": 0.0, "cramped_room_potter0_20": 0.25, "asymmetric_advantages_sparse20": 102.0, "asymmetric_advantages_potter0_20": 1.0}
[pair_A] {"steps": 1665024, "elapsed_s": 1010.2, "cramped_room_sparse20": 0.0, "cramped_room_potter0_20": 0.3, "asymmetric_advantages_sparse20": 100.0, "asymmetric_advantages_potter0_20": 1.0}
[pair_A] {"steps": 1667072, "elapsed_s": 1011.3, "cramped_room_sparse20": 0.0, "cramped_room_potter0_20": 0.3, "asymmetric_advantages_sparse20": 113.0, "asymmetric_advantages_potter0_20": 1.0}
[pair_A] {"steps": 1669120, "elapsed_s": 1012.5, "cramped_room_sparse20": 0.0, "cramped_room_potter0_20": 0.35, "asymmetric_advantages_sparse20": 124.0, "asymmetric_advantages_potter0_20": 1.0}
[pair_A] {"steps": 1671168, "elapsed_s": 1013.7, "cramped_room_sparse20": 0.0, "cramped_room_potter0_20": 0.3, "asymmetric_advantages_sparse20": 123.0, "asymmetric_advantages_potter0_20": 1.0}
[pair_A] {"steps": 1673216, "elapsed_s": 1014.9, "cramped_room_sparse20": 0.0, "cramped_room_potter0_20": 0.3, "asymmetric_advantages_sparse20": 117.0, "asymmetric_advantages_potter0_20": 1.0}
[pair_A] {"steps": 1675264, "elapsed_s": 1016.1, "cramped_room_sparse20": 0.0, "cramped_room_potter0_20": 0.35, "asymmetric_advantages_sparse20": 113.0, "asymmetric_advantages_potter0_20": 1.0}
[pair_A] {"steps": 1677312, "elapsed_s": 1017.3, "cramped_room_sparse20": 0.0, "cramped_room_potter0_20": 0.3, "asymmetric_advantages_sparse20": 122.0, "asymmetric_advantages_potter0_20": 1.0}
[pair_A] {"steps": 1679360, "elapsed_s": 1018.5, "cramped_room_sparse20": 0.0, "cramped_room_potter0_20": 0.3, "asymmetric_advantages_sparse20": 133.0, "asymmetric_advantages_potter0_20": 1.0}
[pair_A] {"steps": 1681408, "elapsed_s": 1019.8, "cramped_room_sparse20": 0.0, "cramped_room_potter0_20": 0.35, "asymmetric_advantages_sparse20": 145.0, "asymmetric_advantages_potter0_20": 1.0}
[pair_A] {"steps": 1683456, "elapsed_s": 1021.0, "cramped_room_sparse20": 0.0, "cramped_room_potter0_20": 0.5, "asymmetric_advantages_sparse20": 142.0, "asymmetric_advantages_potter0_20": 1.0}
[pair_A] {"steps": 1685504, "elapsed_s": 1022.2, "cramped_room_sparse20": 0.0, "cramped_room_potter0_20": 0.5, "asymmetric_advantages_sparse20": 139.0, "asymmetric_advantages_potter0_20": 1.0}
[pair_A] {"steps": 1687552, "elapsed_s": 1023.4, "cramped_room_sparse20": 0.0, "cramped_room_potter0_20": 0.55, "asymmetric_advantages_sparse20": 143.0, "asymmetric_advantages_potter0_20": 1.0}
[pair_A] {"steps": 1689600, "elapsed_s": 1024.7, "cramped_room_sparse20": 0.0, "cramped_room_potter0_20": 0.45, "asymmetric_advantages_sparse20": 137.0, "asymmetric_advantages_potter0_20": 1.0}
[pair_A] {"steps": 1691648, "elapsed_s": 1026.0, "cramped_room_sparse20": 0.0, "cramped_room_potter0_20": 0.6, "asymmetric_advantages_sparse20": 145.0, "asymmetric_advantages_potter0_20": 1.0}
[pair_A] {"steps": 1693696, "elapsed_s": 1027.2, "cramped_room_sparse20": 0.0, "cramped_room_potter0_20": 0.55, "asymmetric_advantages_sparse20": 149.0, "asymmetric_advantages_potter0_20": 1.0}
[pair_A] {"steps": 1695744, "elapsed_s": 1028.7, "cramped_room_sparse20": 0.0, "cramped_room_potter0_20": 0.55, "asymmetric_advantages_sparse20": 141.0, "asymmetric_advantages_potter0_20": 1.0}
[pair_A] {"steps": 1697792, "elapsed_s": 1030.1, "cramped_room_sparse20": 0.0, "cramped_room_potter0_20": 0.45, "asymmetric_advantages_sparse20": 133.0, "asymmetric_advantages_potter0_20": 1.0}
[pair_A] {"steps": 1699840, "elapsed_s": 1031.3, "cramped_room_sparse20": 0.0, "cramped_room_potter0_20": 0.5, "asymmetric_advantages_sparse20": 131.0, "asymmetric_advantages_potter0_20": 1.0}
[pair_A] {"steps": 1701888, "elapsed_s": 1032.5, "cramped_room_sparse20": 1.0, "cramped_room_potter0_20": 0.65, "asymmetric_advantages_sparse20": 130.0, "asymmetric_advantages_potter0_20": 1.0}
[pair_A] {"steps": 1703936, "elapsed_s": 1033.7, "cramped_room_sparse20": 1.0, "cramped_room_potter0_20": 0.6, "asymmetric_advantages_sparse20": 138.0, "asymmetric_advantages_potter0_20": 1.0}
[pair_A] {"steps": 1705984, "elapsed_s": 1034.8, "cramped_room_sparse20": 1.0, "cramped_room_potter0_20": 0.5, "asymmetric_advantages_sparse20": 141.0, "asymmetric_advantages_potter0_20": 1.0}
[pair_A] {"steps": 1708032, "elapsed_s": 1036.2, "cramped_room_sparse20": 1.0, "cramped_room_potter0_20": 0.4, "asymmetric_advantages_sparse20": 136.0, "asymmetric_advantages_potter0_20": 1.0}
[pair_A] {"steps": 1710080, "elapsed_s": 1037.4, "cramped_room_sparse20": 1.0, "cramped_room_potter0_20": 0.4, "asymmetric_advantages_sparse20": 138.0, "asymmetric_advantages_potter0_20": 1.0}
[pair_A] {"steps": 1712128, "elapsed_s": 1038.6, "cramped_room_sparse20": 1.0, "cramped_room_potter0_20": 0.45, "asymmetric_advantages_sparse20": 134.0, "asymmetric_advantages_potter0_20": 1.0}
[pair_A] {"steps": 1714176, "elapsed_s": 1039.8, "cramped_room_sparse20": 0.0, "cramped_room_potter0_20": 0.4, "asymmetric_advantages_sparse20": 132.0, "asymmetric_advantages_potter0_20": 1.0}
[pair_A] {"steps": 1716224, "elapsed_s": 1041.1, "cramped_room_sparse20": 0.0, "cramped_room_potter0_20": 0.4, "asymmetric_advantages_sparse20": 139.0, "asymmetric_advantages_potter0_20": 1.0}
[pair_A] {"steps": 1718272, "elapsed_s": 1042.3, "cramped_room_sparse20": 0.0, "cramped_room_potter0_20": 0.45, "asymmetric_advantages_sparse20": 132.0, "asymmetric_advantages_potter0_20": 1.0}
[pair_A] {"steps": 1720320, "elapsed_s": 1043.5, "cramped_room_sparse20": 0.0, "cramped_room_potter0_20": 0.45, "asymmetric_advantages_sparse20": 129.0, "asymmetric_advantages_potter0_20": 1.0}
[pair_A] {"steps": 1722368, "elapsed_s": 1044.7, "cramped_room_sparse20": 0.0, "cramped_room_potter0_20": 0.5, "asymmetric_advantages_sparse20": 121.0, "asymmetric_advantages_potter0_20": 1.0}
[pair_A] {"steps": 1724416, "elapsed_s": 1045.9, "cramped_room_sparse20": 0.0, "cramped_room_potter0_20": 0.5, "asymmetric_advantages_sparse20": 119.0, "asymmetric_advantages_potter0_20": 1.0}
[pair_A] {"steps": 1726464, "elapsed_s": 1047.1, "cramped_room_sparse20": 0.0, "cramped_room_potter0_20": 0.55, "asymmetric_advantages_sparse20": 127.0, "asymmetric_advantages_potter0_20": 1.0}
[pair_A] {"steps": 1728512, "elapsed_s": 1048.3, "cramped_room_sparse20": 0.0, "cramped_room_potter0_20": 0.55, "asymmetric_advantages_sparse20": 128.0, "asymmetric_advantages_potter0_20": 1.0}
[pair_A] {"steps": 1730560, "elapsed_s": 1049.5, "cramped_room_sparse20": 0.0, "cramped_room_potter0_20": 0.55, "asymmetric_advantages_sparse20": 133.0, "asymmetric_advantages_potter0_20": 1.0}
[pair_A] {"steps": 1732608, "elapsed_s": 1050.7, "cramped_room_sparse20": 0.0, "cramped_room_potter0_20": 0.55, "asymmetric_advantages_sparse20": 140.0, "asymmetric_advantages_potter0_20": 1.0}
[pair_A] {"steps": 1734656, "elapsed_s": 1051.9, "cramped_room_sparse20": 0.0, "cramped_room_potter0_20": 0.5, "asymmetric_advantages_sparse20": 142.0, "asymmetric_advantages_potter0_20": 1.0}
[pair_A] {"steps": 1736704, "elapsed_s": 1053.1, "cramped_room_sparse20": 0.0, "cramped_room_potter0_20": 0.4, "asymmetric_advantages_sparse20": 143.0, "asymmetric_advantages_potter0_20": 1.0}
[pair_A] {"steps": 1738752, "elapsed_s": 1054.3, "cramped_room_sparse20": 0.0, "cramped_room_potter0_20": 0.45, "asymmetric_advantages_sparse20": 145.0, "asymmetric_advantages_potter0_20": 1.0}
[pair_A] {"steps": 1740800, "elapsed_s": 1055.5, "cramped_room_sparse20": 0.0, "cramped_room_potter0_20": 0.45, "asymmetric_advantages_sparse20": 135.0, "asymmetric_advantages_potter0_20": 1.0}
[pair_A] {"steps": 1742848, "elapsed_s": 1056.7, "cramped_room_sparse20": 0.0, "cramped_room_potter0_20": 0.4, "asymmetric_advantages_sparse20": 132.0, "asymmetric_advantages_potter0_20": 1.0}
[pair_A] {"steps": 1744896, "elapsed_s": 1057.9, "cramped_room_sparse20": 0.0, "cramped_room_potter0_20": 0.45, "asymmetric_advantages_sparse20": 132.0, "asymmetric_advantages_potter0_20": 1.0}
[pair_A] {"steps": 1746944, "elapsed_s": 1059.1, "cramped_room_sparse20": 0.0, "cramped_room_potter0_20": 0.35, "asymmetric_advantages_sparse20": 133.0, "asymmetric_advantages_potter0_20": 1.0}
[pair_A] {"steps": 1748992, "elapsed_s": 1060.2, "cramped_room_sparse20": 0.0, "cramped_room_potter0_20": 0.2, "asymmetric_advantages_sparse20": 134.0, "asymmetric_advantages_potter0_20": 1.0}
[pair_A] {"steps": 1751040, "elapsed_s": 1061.4, "cramped_room_sparse20": 0.0, "cramped_room_potter0_20": 0.25, "asymmetric_advantages_sparse20": 137.0, "asymmetric_advantages_potter0_20": 1.0}
[pair_A] {"steps": 1753088, "elapsed_s": 1062.6, "cramped_room_sparse20": 0.0, "cramped_room_potter0_20": 0.25, "asymmetric_advantages_sparse20": 137.0, "asymmetric_advantages_potter0_20": 1.0}
[pair_A] {"steps": 1755136, "elapsed_s": 1063.8, "cramped_room_sparse20": 0.0, "cramped_room_potter0_20": 0.25, "asymmetric_advantages_sparse20": 141.0, "asymmetric_advantages_potter0_20": 1.0}
[pair_A] {"steps": 1757184, "elapsed_s": 1065.0, "cramped_room_sparse20": 0.0, "cramped_room_potter0_20": 0.3, "asymmetric_advantages_sparse20": 148.0, "asymmetric_advantages_potter0_20": 1.0}
[pair_A] {"steps": 1759232, "elapsed_s": 1066.2, "cramped_room_sparse20": 0.0, "cramped_room_potter0_20": 0.3, "asymmetric_advantages_sparse20": 150.0, "asymmetric_advantages_potter0_20": 1.0}
[pair_A] {"steps": 1761280, "elapsed_s": 1067.6, "cramped_room_sparse20": 0.0, "cramped_room_potter0_20": 0.3, "asymmetric_advantages_sparse20": 150.0, "asymmetric_advantages_potter0_20": 1.0}
[pair_A] {"steps": 1763328, "elapsed_s": 1068.7, "cramped_room_sparse20": 0.0, "cramped_room_potter0_20": 0.35, "asymmetric_advantages_sparse20": 146.0, "asymmetric_advantages_potter0_20": 1.0}
[pair_A] {"steps": 1765376, "elapsed_s": 1069.9, "cramped_room_sparse20": 0.0, "cramped_room_potter0_20": 0.35, "asymmetric_advantages_sparse20": 148.0, "asymmetric_advantages_potter0_20": 1.0}
[pair_A] {"steps": 1767424, "elapsed_s": 1071.1, "cramped_room_sparse20": 0.0, "cramped_room_potter0_20": 0.35, "asymmetric_advantages_sparse20": 148.0, "asymmetric_advantages_potter0_20": 1.0}
[pair_A] {"steps": 1769472, "elapsed_s": 1072.3, "cramped_room_sparse20": 0.0, "cramped_room_potter0_20": 0.4, "asymmetric_advantages_sparse20": 146.0, "asymmetric_advantages_potter0_20": 1.0}
[pair_A] {"steps": 1771520, "elapsed_s": 1073.5, "cramped_room_sparse20": 0.0, "cramped_room_potter0_20": 0.4, "asymmetric_advantages_sparse20": 143.0, "asymmetric_advantages_potter0_20": 1.0}
[pair_A] {"steps": 1773568, "elapsed_s": 1074.7, "cramped_room_sparse20": 0.0, "cramped_room_potter0_20": 0.35, "asymmetric_advantages_sparse20": 142.0, "asymmetric_advantages_potter0_20": 1.0}
[pair_A] {"steps": 1775616, "elapsed_s": 1076.0, "cramped_room_sparse20": 1.0, "cramped_room_potter0_20": 0.35, "asymmetric_advantages_sparse20": 146.0, "asymmetric_advantages_potter0_20": 1.0}
[pair_A] {"steps": 1777664, "elapsed_s": 1077.4, "cramped_room_sparse20": 1.0, "cramped_room_potter0_20": 0.35, "asymmetric_advantages_sparse20": 145.0, "asymmetric_advantages_potter0_20": 1.0}
[pair_A] {"steps": 1779712, "elapsed_s": 1078.9, "cramped_room_sparse20": 1.0, "cramped_room_potter0_20": 0.4, "asymmetric_advantages_sparse20": 147.0, "asymmetric_advantages_potter0_20": 1.0}
[pair_A] {"steps": 1781760, "elapsed_s": 1080.1, "cramped_room_sparse20": 2.0, "cramped_room_potter0_20": 0.35, "asymmetric_advantages_sparse20": 147.0, "asymmetric_advantages_potter0_20": 1.0}
[pair_A] {"steps": 1783808, "elapsed_s": 1081.2, "cramped_room_sparse20": 2.0, "cramped_room_potter0_20": 0.35, "asymmetric_advantages_sparse20": 149.0, "asymmetric_advantages_potter0_20": 1.0}
[pair_A] {"steps": 1785856, "elapsed_s": 1082.4, "cramped_room_sparse20": 2.0, "cramped_room_potter0_20": 0.4, "asymmetric_advantages_sparse20": 140.0, "asymmetric_advantages_potter0_20": 1.0}
[pair_A] {"steps": 1787904, "elapsed_s": 1083.6, "cramped_room_sparse20": 1.0, "cramped_room_potter0_20": 0.4, "asymmetric_advantages_sparse20": 141.0, "asymmetric_advantages_potter0_20": 1.0}
[pair_A] {"steps": 1789952, "elapsed_s": 1084.8, "cramped_room_sparse20": 1.0, "cramped_room_potter0_20": 0.45, "asymmetric_advantages_sparse20": 144.0, "asymmetric_advantages_potter0_20": 1.0}
[pair_A] {"steps": 1792000, "elapsed_s": 1086.0, "cramped_room_sparse20": 1.0, "cramped_room_potter0_20": 0.45, "asymmetric_advantages_sparse20": 149.0, "asymmetric_advantages_potter0_20": 1.0}
[pair_A] {"steps": 1794048, "elapsed_s": 1087.2, "cramped_room_sparse20": 1.0, "cramped_room_potter0_20": 0.45, "asymmetric_advantages_sparse20": 139.0, "asymmetric_advantages_potter0_20": 1.0}
[pair_A] {"steps": 1796096, "elapsed_s": 1088.4, "cramped_room_sparse20": 1.0, "cramped_room_potter0_20": 0.45, "asymmetric_advantages_sparse20": 146.0, "asymmetric_advantages_potter0_20": 1.0}
[pair_A] {"steps": 1798144, "elapsed_s": 1089.6, "cramped_room_sparse20": 0.0, "cramped_room_potter0_20": 0.5, "asymmetric_advantages_sparse20": 141.0, "asymmetric_advantages_potter0_20": 1.0}
[pair_A] {"steps": 1800192, "elapsed_s": 1090.8, "cramped_room_sparse20": 0.0, "cramped_room_potter0_20": 0.55, "asymmetric_advantages_sparse20": 149.0, "asymmetric_advantages_potter0_20": 1.0}
[pair_A] {"steps": 1802240, "elapsed_s": 1092.0, "cramped_room_sparse20": 0.0, "cramped_room_potter0_20": 0.55, "asymmetric_advantages_sparse20": 155.0, "asymmetric_advantages_potter0_20": 1.0}
[pair_A] {"steps": 1804288, "elapsed_s": 1093.1, "cramped_room_sparse20": 0.0, "cramped_room_potter0_20": 0.5, "asymmetric_advantages_sparse20": 148.0, "asymmetric_advantages_potter0_20": 1.0}
[pair_A] {"steps": 1806336, "elapsed_s": 1094.3, "cramped_room_sparse20": 0.0, "cramped_room_potter0_20": 0.45, "asymmetric_advantages_sparse20": 148.0, "asymmetric_advantages_potter0_20": 1.0}
[pair_A] {"steps": 1808384, "elapsed_s": 1095.5, "cramped_room_sparse20": 0.0, "cramped_room_potter0_20": 0.45, "asymmetric_advantages_sparse20": 144.0, "asymmetric_advantages_potter0_20": 1.0}
[pair_A] {"steps": 1810432, "elapsed_s": 1096.8, "cramped_room_sparse20": 0.0, "cramped_room_potter0_20": 0.4, "asymmetric_advantages_sparse20": 154.0, "asymmetric_advantages_potter0_20": 1.0}
[pair_A] {"steps": 1812480, "elapsed_s": 1098.0, "cramped_room_sparse20": 0.0, "cramped_room_potter0_20": 0.4, "asymmetric_advantages_sparse20": 156.0, "asymmetric_advantages_potter0_20": 1.0}
[pair_A] {"steps": 1814528, "elapsed_s": 1099.3, "cramped_room_sparse20": 0.0, "cramped_room_potter0_20": 0.45, "asymmetric_advantages_sparse20": 157.0, "asymmetric_advantages_potter0_20": 1.0}
[pair_A] {"steps": 1816576, "elapsed_s": 1100.6, "cramped_room_sparse20": 0.0, "cramped_room_potter0_20": 0.4, "asymmetric_advantages_sparse20": 155.0, "asymmetric_advantages_potter0_20": 1.0}
[pair_A] {"steps": 1818624, "elapsed_s": 1101.8, "cramped_room_sparse20": 0.0, "cramped_room_potter0_20": 0.45, "asymmetric_advantages_sparse20": 145.0, "asymmetric_advantages_potter0_20": 1.0}
[pair_A] {"steps": 1820672, "elapsed_s": 1103.0, "cramped_room_sparse20": 0.0, "cramped_room_potter0_20": 0.45, "asymmetric_advantages_sparse20": 144.0, "asymmetric_advantages_potter0_20": 1.0}
[pair_A] {"steps": 1822720, "elapsed_s": 1104.2, "cramped_room_sparse20": 0.0, "cramped_room_potter0_20": 0.45, "asymmetric_advantages_sparse20": 142.0, "asymmetric_advantages_potter0_20": 1.0}
[pair_A] {"steps": 1824768, "elapsed_s": 1105.3, "cramped_room_sparse20": 0.0, "cramped_room_potter0_20": 0.45, "asymmetric_advantages_sparse20": 138.0, "asymmetric_advantages_potter0_20": 1.0}
[pair_A] {"steps": 1826816, "elapsed_s": 1106.5, "cramped_room_sparse20": 0.0, "cramped_room_potter0_20": 0.45, "asymmetric_advantages_sparse20": 137.0, "asymmetric_advantages_potter0_20": 1.0}
[pair_A] {"steps": 1828864, "elapsed_s": 1107.8, "cramped_room_sparse20": 0.0, "cramped_room_potter0_20": 0.45, "asymmetric_advantages_sparse20": 128.0, "asymmetric_advantages_potter0_20": 1.0}
[pair_A] {"steps": 1830912, "elapsed_s": 1109.0, "cramped_room_sparse20": 0.0, "cramped_room_potter0_20": 0.45, "asymmetric_advantages_sparse20": 131.0, "asymmetric_advantages_potter0_20": 1.0}
[pair_A] {"steps": 1832960, "elapsed_s": 1110.1, "cramped_room_sparse20": 0.0, "cramped_room_potter0_20": 0.45, "asymmetric_advantages_sparse20": 131.0, "asymmetric_advantages_potter0_20": 1.0}
[pair_A] {"steps": 1835008, "elapsed_s": 1111.3, "cramped_room_sparse20": 0.0, "cramped_room_potter0_20": 0.4, "asymmetric_advantages_sparse20": 138.0, "asymmetric_advantages_potter0_20": 1.0}
[pair_A] {"steps": 1837056, "elapsed_s": 1112.5, "cramped_room_sparse20": 0.0, "cramped_room_potter0_20": 0.35, "asymmetric_advantages_sparse20": 138.0, "asymmetric_advantages_potter0_20": 1.0}
[pair_A] {"steps": 1839104, "elapsed_s": 1113.6, "cramped_room_sparse20": 0.0, "cramped_room_potter0_20": 0.35, "asymmetric_advantages_sparse20": 138.0, "asymmetric_advantages_potter0_20": 1.0}
[pair_A] {"steps": 1841152, "elapsed_s": 1114.9, "cramped_room_sparse20": 0.0, "cramped_room_potter0_20": 0.4, "asymmetric_advantages_sparse20": 142.0, "asymmetric_advantages_potter0_20": 1.0}
[pair_A] {"steps": 1843200, "elapsed_s": 1116.1, "cramped_room_sparse20": 0.0, "cramped_room_potter0_20": 0.4, "asymmetric_advantages_sparse20": 133.0, "asymmetric_advantages_potter0_20": 1.0}
[pair_A] {"steps": 1845248, "elapsed_s": 1117.3, "cramped_room_sparse20": 0.0, "cramped_room_potter0_20": 0.4, "asymmetric_advantages_sparse20": 135.0, "asymmetric_advantages_potter0_20": 1.0}
[pair_A] {"steps": 1847296, "elapsed_s": 1118.5, "cramped_room_sparse20": 0.0, "cramped_room_potter0_20": 0.45, "asymmetric_advantages_sparse20": 136.0, "asymmetric_advantages_potter0_20": 1.0}
[pair_A] {"steps": 1849344, "elapsed_s": 1119.7, "cramped_room_sparse20": 0.0, "cramped_room_potter0_20": 0.4, "asymmetric_advantages_sparse20": 132.0, "asymmetric_advantages_potter0_20": 1.0}
[pair_A] {"steps": 1851392, "elapsed_s": 1120.9, "cramped_room_sparse20": 0.0, "cramped_room_potter0_20": 0.5, "asymmetric_advantages_sparse20": 133.0, "asymmetric_advantages_potter0_20": 1.0}
[pair_A] {"steps": 1853440, "elapsed_s": 1122.1, "cramped_room_sparse20": 0.0, "cramped_room_potter0_20": 0.5, "asymmetric_advantages_sparse20": 131.0, "asymmetric_advantages_potter0_20": 1.0}
[pair_A] {"steps": 1855488, "elapsed_s": 1123.3, "cramped_room_sparse20": 0.0, "cramped_room_potter0_20": 0.5, "asymmetric_advantages_sparse20": 131.0, "asymmetric_advantages_potter0_20": 1.0}
[pair_A] {"steps": 1857536, "elapsed_s": 1124.5, "cramped_room_sparse20": 0.0, "cramped_room_potter0_20": 0.55, "asymmetric_advantages_sparse20": 135.0, "asymmetric_advantages_potter0_20": 1.0}
[pair_A] {"steps": 1859584, "elapsed_s": 1125.7, "cramped_room_sparse20": 0.0, "cramped_room_potter0_20": 0.5, "asymmetric_advantages_sparse20": 133.0, "asymmetric_advantages_potter0_20": 1.0}
[pair_A] {"steps": 1861632, "elapsed_s": 1126.9, "cramped_room_sparse20": 0.0, "cramped_room_potter0_20": 0.5, "asymmetric_advantages_sparse20": 140.0, "asymmetric_advantages_potter0_20": 1.0}
[pair_A] {"steps": 1863680, "elapsed_s": 1128.0, "cramped_room_sparse20": 0.0, "cramped_room_potter0_20": 0.55, "asymmetric_advantages_sparse20": 139.0, "asymmetric_advantages_potter0_20": 1.0}
[pair_A] {"steps": 1865728, "elapsed_s": 1129.2, "cramped_room_sparse20": 0.0, "cramped_room_potter0_20": 0.5, "asymmetric_advantages_sparse20": 139.0, "asymmetric_advantages_potter0_20": 1.0}
[pair_A] {"steps": 1867776, "elapsed_s": 1130.5, "cramped_room_sparse20": 0.0, "cramped_room_potter0_20": 0.5, "asymmetric_advantages_sparse20": 139.0, "asymmetric_advantages_potter0_20": 1.0}
[pair_A] {"steps": 1869824, "elapsed_s": 1132.0, "cramped_room_sparse20": 0.0, "cramped_room_potter0_20": 0.45, "asymmetric_advantages_sparse20": 136.0, "asymmetric_advantages_potter0_20": 1.0}
[pair_A] {"steps": 1871872, "elapsed_s": 1133.4, "cramped_room_sparse20": 0.0, "cramped_room_potter0_20": 0.45, "asymmetric_advantages_sparse20": 129.0, "asymmetric_advantages_potter0_20": 1.0}
[pair_A] {"steps": 1873920, "elapsed_s": 1134.7, "cramped_room_sparse20": 0.0, "cramped_room_potter0_20": 0.4, "asymmetric_advantages_sparse20": 128.0, "asymmetric_advantages_potter0_20": 1.0}
[pair_A] {"steps": 1875968, "elapsed_s": 1136.0, "cramped_room_sparse20": 0.0, "cramped_room_potter0_20": 0.4, "asymmetric_advantages_sparse20": 129.0, "asymmetric_advantages_potter0_20": 1.0}
[pair_A] {"steps": 1878016, "elapsed_s": 1137.5, "cramped_room_sparse20": 0.0, "cramped_room_potter0_20": 0.35, "asymmetric_advantages_sparse20": 125.0, "asymmetric_advantages_potter0_20": 1.0}
[pair_A] {"steps": 1880064, "elapsed_s": 1138.7, "cramped_room_sparse20": 0.0, "cramped_room_potter0_20": 0.4, "asymmetric_advantages_sparse20": 118.0, "asymmetric_advantages_potter0_20": 1.0}
[pair_A] {"steps": 1882112, "elapsed_s": 1140.0, "cramped_room_sparse20": 0.0, "cramped_room_potter0_20": 0.4, "asymmetric_advantages_sparse20": 122.0, "asymmetric_advantages_potter0_20": 1.0}
[pair_A] {"steps": 1884160, "elapsed_s": 1141.6, "cramped_room_sparse20": 0.0, "cramped_room_potter0_20": 0.45, "asymmetric_advantages_sparse20": 129.0, "asymmetric_advantages_potter0_20": 1.0}
[pair_A] {"steps": 1886208, "elapsed_s": 1143.1, "cramped_room_sparse20": 0.0, "cramped_room_potter0_20": 0.5, "asymmetric_advantages_sparse20": 128.0, "asymmetric_advantages_potter0_20": 1.0}
[pair_A] {"steps": 1888256, "elapsed_s": 1144.6, "cramped_room_sparse20": 0.0, "cramped_room_potter0_20": 0.5, "asymmetric_advantages_sparse20": 133.0, "asymmetric_advantages_potter0_20": 1.0}
[pair_A] {"steps": 1890304, "elapsed_s": 1146.1, "cramped_room_sparse20": 0.0, "cramped_room_potter0_20": 0.45, "asymmetric_advantages_sparse20": 135.0, "asymmetric_advantages_potter0_20": 1.0}
[pair_A] {"steps": 1892352, "elapsed_s": 1147.3, "cramped_room_sparse20": 0.0, "cramped_room_potter0_20": 0.5, "asymmetric_advantages_sparse20": 137.0, "asymmetric_advantages_potter0_20": 1.0}
[pair_A] {"steps": 1894400, "elapsed_s": 1148.6, "cramped_room_sparse20": 0.0, "cramped_room_potter0_20": 0.55, "asymmetric_advantages_sparse20": 143.0, "asymmetric_advantages_potter0_20": 1.0}
[pair_A] {"steps": 1896448, "elapsed_s": 1149.7, "cramped_room_sparse20": 0.0, "cramped_room_potter0_20": 0.5, "asymmetric_advantages_sparse20": 143.0, "asymmetric_advantages_potter0_20": 1.0}
[pair_A] {"steps": 1898496, "elapsed_s": 1150.9, "cramped_room_sparse20": 0.0, "cramped_room_potter0_20": 0.5, "asymmetric_advantages_sparse20": 144.0, "asymmetric_advantages_potter0_20": 1.0}
[pair_A] {"steps": 1900544, "elapsed_s": 1152.1, "cramped_room_sparse20": 0.0, "cramped_room_potter0_20": 0.45, "asymmetric_advantages_sparse20": 144.0, "asymmetric_advantages_potter0_20": 1.0}
[pair_A] {"steps": 1902592, "elapsed_s": 1153.3, "cramped_room_sparse20": 0.0, "cramped_room_potter0_20": 0.4, "asymmetric_advantages_sparse20": 147.0, "asymmetric_advantages_potter0_20": 1.0}
[pair_A] {"steps": 1904640, "elapsed_s": 1154.5, "cramped_room_sparse20": 0.0, "cramped_room_potter0_20": 0.35, "asymmetric_advantages_sparse20": 136.0, "asymmetric_advantages_potter0_20": 1.0}
[pair_A] {"steps": 1906688, "elapsed_s": 1155.7, "cramped_room_sparse20": 0.0, "cramped_room_potter0_20": 0.35, "asymmetric_advantages_sparse20": 136.0, "asymmetric_advantages_potter0_20": 1.0}
[pair_A] {"steps": 1908736, "elapsed_s": 1156.9, "cramped_room_sparse20": 0.0, "cramped_room_potter0_20": 0.35, "asymmetric_advantages_sparse20": 142.0, "asymmetric_advantages_potter0_20": 1.0}
[pair_A] {"steps": 1910784, "elapsed_s": 1158.1, "cramped_room_sparse20": 0.0, "cramped_room_potter0_20": 0.35, "asymmetric_advantages_sparse20": 146.0, "asymmetric_advantages_potter0_20": 1.0}
[pair_A] {"steps": 1912832, "elapsed_s": 1159.3, "cramped_room_sparse20": 0.0, "cramped_room_potter0_20": 0.45, "asymmetric_advantages_sparse20": 146.0, "asymmetric_advantages_potter0_20": 1.0}
[pair_A] {"steps": 1914880, "elapsed_s": 1160.4, "cramped_room_sparse20": 0.0, "cramped_room_potter0_20": 0.45, "asymmetric_advantages_sparse20": 139.0, "asymmetric_advantages_potter0_20": 1.0}
[pair_A] {"steps": 1916928, "elapsed_s": 1161.6, "cramped_room_sparse20": 0.0, "cramped_room_potter0_20": 0.5, "asymmetric_advantages_sparse20": 132.0, "asymmetric_advantages_potter0_20": 1.0}
[pair_A] {"steps": 1918976, "elapsed_s": 1162.8, "cramped_room_sparse20": 0.0, "cramped_room_potter0_20": 0.55, "asymmetric_advantages_sparse20": 124.0, "asymmetric_advantages_potter0_20": 1.0}
[pair_A] {"steps": 1921024, "elapsed_s": 1164.1, "cramped_room_sparse20": 0.0, "cramped_room_potter0_20": 0.55, "asymmetric_advantages_sparse20": 122.0, "asymmetric_advantages_potter0_20": 1.0}
[pair_A] {"steps": 1923072, "elapsed_s": 1165.3, "cramped_room_sparse20": 0.0, "cramped_room_potter0_20": 0.55, "asymmetric_advantages_sparse20": 123.0, "asymmetric_advantages_potter0_20": 1.0}
[pair_A] {"steps": 1925120, "elapsed_s": 1166.5, "cramped_room_sparse20": 0.0, "cramped_room_potter0_20": 0.55, "asymmetric_advantages_sparse20": 120.0, "asymmetric_advantages_potter0_20": 1.0}
[pair_A] {"steps": 1927168, "elapsed_s": 1167.7, "cramped_room_sparse20": 0.0, "cramped_room_potter0_20": 0.45, "asymmetric_advantages_sparse20": 122.0, "asymmetric_advantages_potter0_20": 1.0}
[pair_A] {"steps": 1929216, "elapsed_s": 1168.9, "cramped_room_sparse20": 0.0, "cramped_room_potter0_20": 0.45, "asymmetric_advantages_sparse20": 123.0, "asymmetric_advantages_potter0_20": 1.0}
[pair_A] {"steps": 1931264, "elapsed_s": 1170.1, "cramped_room_sparse20": 0.0, "cramped_room_potter0_20": 0.3, "asymmetric_advantages_sparse20": 131.0, "asymmetric_advantages_potter0_20": 1.0}
[pair_A] {"steps": 1933312, "elapsed_s": 1171.3, "cramped_room_sparse20": 0.0, "cramped_room_potter0_20": 0.3, "asymmetric_advantages_sparse20": 144.0, "asymmetric_advantages_potter0_20": 1.0}
[pair_A] {"steps": 1935360, "elapsed_s": 1172.5, "cramped_room_sparse20": 0.0, "cramped_room_potter0_20": 0.35, "asymmetric_advantages_sparse20": 148.0, "asymmetric_advantages_potter0_20": 1.0}
[pair_A] {"steps": 1937408, "elapsed_s": 1173.7, "cramped_room_sparse20": 0.0, "cramped_room_potter0_20": 0.4, "asymmetric_advantages_sparse20": 144.0, "asymmetric_advantages_potter0_20": 1.0}
[pair_A] {"steps": 1939456, "elapsed_s": 1175.1, "cramped_room_sparse20": 0.0, "cramped_room_potter0_20": 0.4, "asymmetric_advantages_sparse20": 144.0, "asymmetric_advantages_potter0_20": 1.0}
[pair_A] {"steps": 1941504, "elapsed_s": 1176.5, "cramped_room_sparse20": 0.0, "cramped_room_potter0_20": 0.35, "asymmetric_advantages_sparse20": 145.0, "asymmetric_advantages_potter0_20": 1.0}
[pair_A] {"steps": 1943552, "elapsed_s": 1177.8, "cramped_room_sparse20": 0.0, "cramped_room_potter0_20": 0.4, "asymmetric_advantages_sparse20": 140.0, "asymmetric_advantages_potter0_20": 1.0}
[pair_A] {"steps": 1945600, "elapsed_s": 1178.9, "cramped_room_sparse20": 0.0, "cramped_room_potter0_20": 0.35, "asymmetric_advantages_sparse20": 142.0, "asymmetric_advantages_potter0_20": 1.0}
[pair_A] {"steps": 1947648, "elapsed_s": 1180.2, "cramped_room_sparse20": 0.0, "cramped_room_potter0_20": 0.45, "asymmetric_advantages_sparse20": 142.0, "asymmetric_advantages_potter0_20": 1.0}
[pair_A] {"steps": 1949696, "elapsed_s": 1181.4, "cramped_room_sparse20": 0.0, "cramped_room_potter0_20": 0.35, "asymmetric_advantages_sparse20": 145.0, "asymmetric_advantages_potter0_20": 1.0}
[pair_A] {"steps": 1951744, "elapsed_s": 1182.6, "cramped_room_sparse20": 0.0, "cramped_room_potter0_20": 0.35, "asymmetric_advantages_sparse20": 141.0, "asymmetric_advantages_potter0_20": 1.0}
[pair_A] {"steps": 1953792, "elapsed_s": 1183.8, "cramped_room_sparse20": 0.0, "cramped_room_potter0_20": 0.35, "asymmetric_advantages_sparse20": 137.0, "asymmetric_advantages_potter0_20": 1.0}
[pair_A] {"steps": 1955840, "elapsed_s": 1185.1, "cramped_room_sparse20": 0.0, "cramped_room_potter0_20": 0.35, "asymmetric_advantages_sparse20": 147.0, "asymmetric_advantages_potter0_20": 1.0}
[pair_A] {"steps": 1957888, "elapsed_s": 1186.3, "cramped_room_sparse20": 0.0, "cramped_room_potter0_20": 0.3, "asymmetric_advantages_sparse20": 143.0, "asymmetric_advantages_potter0_20": 1.0}
[pair_A] {"steps": 1959936, "elapsed_s": 1187.5, "cramped_room_sparse20": 0.0, "cramped_room_potter0_20": 0.35, "asymmetric_advantages_sparse20": 148.0, "asymmetric_advantages_potter0_20": 1.0}
[pair_A] {"steps": 1961984, "elapsed_s": 1188.7, "cramped_room_sparse20": 0.0, "cramped_room_potter0_20": 0.35, "asymmetric_advantages_sparse20": 144.0, "asymmetric_advantages_potter0_20": 1.0}
[pair_A] {"steps": 1964032, "elapsed_s": 1189.9, "cramped_room_sparse20": 0.0, "cramped_room_potter0_20": 0.35, "asymmetric_advantages_sparse20": 143.0, "asymmetric_advantages_potter0_20": 1.0}
[pair_A] {"steps": 1966080, "elapsed_s": 1191.0, "cramped_room_sparse20": 0.0, "cramped_room_potter0_20": 0.4, "asymmetric_advantages_sparse20": 146.0, "asymmetric_advantages_potter0_20": 1.0}
[pair_A] {"steps": 1968128, "elapsed_s": 1192.3, "cramped_room_sparse20": 0.0, "cramped_room_potter0_20": 0.4, "asymmetric_advantages_sparse20": 144.0, "asymmetric_advantages_potter0_20": 1.0}
[pair_A] {"steps": 1970176, "elapsed_s": 1193.5, "cramped_room_sparse20": 0.0, "cramped_room_potter0_20": 0.4, "asymmetric_advantages_sparse20": 142.0, "asymmetric_advantages_potter0_20": 1.0}
[pair_A] {"steps": 1972224, "elapsed_s": 1194.7, "cramped_room_sparse20": 0.0, "cramped_room_potter0_20": 0.45, "asymmetric_advantages_sparse20": 140.0, "asymmetric_advantages_potter0_20": 1.0}
[pair_A] {"steps": 1974272, "elapsed_s": 1196.1, "cramped_room_sparse20": 0.0, "cramped_room_potter0_20": 0.5, "asymmetric_advantages_sparse20": 152.0, "asymmetric_advantages_potter0_20": 1.0}
[pair_A] {"steps": 1976320, "elapsed_s": 1197.3, "cramped_room_sparse20": 0.0, "cramped_room_potter0_20": 0.5, "asymmetric_advantages_sparse20": 151.0, "asymmetric_advantages_potter0_20": 1.0}
[pair_A] {"steps": 1978368, "elapsed_s": 1198.6, "cramped_room_sparse20": 0.0, "cramped_room_potter0_20": 0.55, "asymmetric_advantages_sparse20": 154.0, "asymmetric_advantages_potter0_20": 1.0}
[pair_A] {"steps": 1980416, "elapsed_s": 1199.8, "cramped_room_sparse20": 0.0, "cramped_room_potter0_20": 0.7, "asymmetric_advantages_sparse20": 155.0, "asymmetric_advantages_potter0_20": 1.0}
[pair_A] {"steps": 1982464, "elapsed_s": 1200.9, "cramped_room_sparse20": 0.0, "cramped_room_potter0_20": 0.65, "asymmetric_advantages_sparse20": 155.0, "asymmetric_advantages_potter0_20": 1.0}
[pair_A] {"steps": 1984512, "elapsed_s": 1202.1, "cramped_room_sparse20": 0.0, "cramped_room_potter0_20": 0.65, "asymmetric_advantages_sparse20": 159.0, "asymmetric_advantages_potter0_20": 1.0}
[pair_A] {"steps": 1986560, "elapsed_s": 1203.3, "cramped_room_sparse20": 0.0, "cramped_room_potter0_20": 0.55, "asymmetric_advantages_sparse20": 160.0, "asymmetric_advantages_potter0_20": 1.0}
[pair_A] {"steps": 1988608, "elapsed_s": 1204.4, "cramped_room_sparse20": 0.0, "cramped_room_potter0_20": 0.5, "asymmetric_advantages_sparse20": 155.0, "asymmetric_advantages_potter0_20": 1.0}
[pair_A] {"steps": 1990656, "elapsed_s": 1205.6, "cramped_room_sparse20": 0.0, "cramped_room_potter0_20": 0.4, "asymmetric_advantages_sparse20": 155.0, "asymmetric_advantages_potter0_20": 1.0}
[pair_A] {"steps": 1992704, "elapsed_s": 1206.8, "cramped_room_sparse20": 0.0, "cramped_room_potter0_20": 0.3, "asymmetric_advantages_sparse20": 150.0, "asymmetric_advantages_potter0_20": 1.0}
[pair_A] {"steps": 1994752, "elapsed_s": 1208.0, "cramped_room_sparse20": 0.0, "cramped_room_potter0_20": 0.3, "asymmetric_advantages_sparse20": 151.0, "asymmetric_advantages_potter0_20": 1.0}
[pair_A] {"steps": 1996800, "elapsed_s": 1209.3, "cramped_room_sparse20": 0.0, "cramped_room_potter0_20": 0.2, "asymmetric_advantages_sparse20": 145.0, "asymmetric_advantages_potter0_20": 1.0}
[pair_A] {"steps": 1998848, "elapsed_s": 1210.5, "cramped_room_sparse20": 0.0, "cramped_room_potter0_20": 0.2, "asymmetric_advantages_sparse20": 147.0, "asymmetric_advantages_potter0_20": 1.0}
[pair_A] {"steps": 2000896, "elapsed_s": 1211.7, "cramped_room_sparse20": 0.0, "cramped_room_potter0_20": 0.35, "asymmetric_advantages_sparse20": 149.0, "asymmetric_advantages_potter0_20": 1.0}
[pair_A] {"steps": 2002944, "elapsed_s": 1212.8, "cramped_room_sparse20": 0.0, "cramped_room_potter0_20": 0.3, "asymmetric_advantages_sparse20": 150.0, "asymmetric_advantages_potter0_20": 1.0}
[pair_A] {"steps": 2004992, "elapsed_s": 1214.1, "cramped_room_sparse20": 0.0, "cramped_room_potter0_20": 0.3, "asymmetric_advantages_sparse20": 145.0, "asymmetric_advantages_potter0_20": 1.0}
[pair_A] {"steps": 2007040, "elapsed_s": 1215.4, "cramped_room_sparse20": 0.0, "cramped_room_potter0_20": 0.4, "asymmetric_advantages_sparse20": 143.0, "asymmetric_advantages_potter0_20": 1.0}
[pair_A] {"steps": 2009088, "elapsed_s": 1216.6, "cramped_room_sparse20": 0.0, "cramped_room_potter0_20": 0.4, "asymmetric_advantages_sparse20": 146.0, "asymmetric_advantages_potter0_20": 1.0}
[pair_A] {"steps": 2011136, "elapsed_s": 1217.9, "cramped_room_sparse20": 0.0, "cramped_room_potter0_20": 0.5, "asymmetric_advantages_sparse20": 146.0, "asymmetric_advantages_potter0_20": 1.0}
[pair_A] {"steps": 2013184, "elapsed_s": 1219.1, "cramped_room_sparse20": 0.0, "cramped_room_potter0_20": 0.55, "asymmetric_advantages_sparse20": 148.0, "asymmetric_advantages_potter0_20": 1.0}
[pair_A] {"steps": 2015232, "elapsed_s": 1220.3, "cramped_room_sparse20": 0.0, "cramped_room_potter0_20": 0.6, "asymmetric_advantages_sparse20": 147.0, "asymmetric_advantages_potter0_20": 1.0}
[pair_A] {"steps": 2017280, "elapsed_s": 1221.4, "cramped_room_sparse20": 0.0, "cramped_room_potter0_20": 0.6, "asymmetric_advantages_sparse20": 146.0, "asymmetric_advantages_potter0_20": 1.0}
[pair_A] {"steps": 2019328, "elapsed_s": 1222.6, "cramped_room_sparse20": 0.0, "cramped_room_potter0_20": 0.55, "asymmetric_advantages_sparse20": 145.0, "asymmetric_advantages_potter0_20": 1.0}
[pair_A] {"steps": 2021376, "elapsed_s": 1223.7, "cramped_room_sparse20": 0.0, "cramped_room_potter0_20": 0.6, "asymmetric_advantages_sparse20": 140.0, "asymmetric_advantages_potter0_20": 1.0}
[pair_A] {"steps": 2023424, "elapsed_s": 1224.9, "cramped_room_sparse20": 0.0, "cramped_room_potter0_20": 0.7, "asymmetric_advantages_sparse20": 144.0, "asymmetric_advantages_potter0_20": 1.0}
[pair_A] {"steps": 2025472, "elapsed_s": 1226.1, "cramped_room_sparse20": 0.0, "cramped_room_potter0_20": 0.75, "asymmetric_advantages_sparse20": 144.0, "asymmetric_advantages_potter0_20": 1.0}
[pair_A] {"steps": 2027520, "elapsed_s": 1227.3, "cramped_room_sparse20": 0.0, "cramped_room_potter0_20": 0.75, "asymmetric_advantages_sparse20": 144.0, "asymmetric_advantages_potter0_20": 1.0}
[pair_A] {"steps": 2029568, "elapsed_s": 1228.5, "cramped_room_sparse20": 0.0, "cramped_room_potter0_20": 0.7, "asymmetric_advantages_sparse20": 142.0, "asymmetric_advantages_potter0_20": 1.0}
[pair_A] {"steps": 2031616, "elapsed_s": 1229.7, "cramped_room_sparse20": 0.0, "cramped_room_potter0_20": 0.7, "asymmetric_advantages_sparse20": 140.0, "asymmetric_advantages_potter0_20": 1.0}
[pair_A] {"steps": 2033664, "elapsed_s": 1230.9, "cramped_room_sparse20": 0.0, "cramped_room_potter0_20": 0.7, "asymmetric_advantages_sparse20": 135.0, "asymmetric_advantages_potter0_20": 1.0}
[pair_A] {"steps": 2035712, "elapsed_s": 1232.1, "cramped_room_sparse20": 0.0, "cramped_room_potter0_20": 0.75, "asymmetric_advantages_sparse20": 137.0, "asymmetric_advantages_potter0_20": 1.0}
[pair_A] {"steps": 2037760, "elapsed_s": 1233.3, "cramped_room_sparse20": 0.0, "cramped_room_potter0_20": 0.7, "asymmetric_advantages_sparse20": 139.0, "asymmetric_advantages_potter0_20": 1.0}
[pair_A] {"steps": 2039808, "elapsed_s": 1234.8, "cramped_room_sparse20": 0.0, "cramped_room_potter0_20": 0.65, "asymmetric_advantages_sparse20": 146.0, "asymmetric_advantages_potter0_20": 1.0}
[pair_A] {"steps": 2041856, "elapsed_s": 1236.2, "cramped_room_sparse20": 0.0, "cramped_room_potter0_20": 0.65, "asymmetric_advantages_sparse20": 142.0, "asymmetric_advantages_potter0_20": 1.0}
[pair_A] {"steps": 2043904, "elapsed_s": 1237.5, "cramped_room_sparse20": 0.0, "cramped_room_potter0_20": 0.65, "asymmetric_advantages_sparse20": 147.0, "asymmetric_advantages_potter0_20": 1.0}
[pair_A] {"steps": 2045952, "elapsed_s": 1238.7, "cramped_room_sparse20": 0.0, "cramped_room_potter0_20": 0.75, "asymmetric_advantages_sparse20": 143.0, "asymmetric_advantages_potter0_20": 1.0}
[pair_A] {"steps": 2048000, "elapsed_s": 1239.9, "cramped_room_sparse20": 0.0, "cramped_room_potter0_20": 0.7, "asymmetric_advantages_sparse20": 150.0, "asymmetric_advantages_potter0_20": 1.0}
[pair_A] {"steps": 2050048, "elapsed_s": 1241.1, "cramped_room_sparse20": 0.0, "cramped_room_potter0_20": 0.65, "asymmetric_advantages_sparse20": 146.0, "asymmetric_advantages_potter0_20": 1.0}
[pair_A] {"steps": 2052096, "elapsed_s": 1242.2, "cramped_room_sparse20": 0.0, "cramped_room_potter0_20": 0.6, "asymmetric_advantages_sparse20": 146.0, "asymmetric_advantages_potter0_20": 1.0}
[pair_A] {"steps": 2054144, "elapsed_s": 1243.4, "cramped_room_sparse20": 0.0, "cramped_room_potter0_20": 0.6, "asymmetric_advantages_sparse20": 140.0, "asymmetric_advantages_potter0_20": 1.0}
[pair_A] {"steps": 2056192, "elapsed_s": 1244.6, "cramped_room_sparse20": 0.0, "cramped_room_potter0_20": 0.6, "asymmetric_advantages_sparse20": 141.0, "asymmetric_advantages_potter0_20": 1.0}
[pair_A] {"steps": 2058240, "elapsed_s": 1245.8, "cramped_room_sparse20": 0.0, "cramped_room_potter0_20": 0.45, "asymmetric_advantages_sparse20": 140.0, "asymmetric_advantages_potter0_20": 1.0}
[pair_A] {"steps": 2060288, "elapsed_s": 1247.0, "cramped_room_sparse20": 0.0, "cramped_room_potter0_20": 0.4, "asymmetric_advantages_sparse20": 141.0, "asymmetric_advantages_potter0_20": 1.0}
[pair_A] {"steps": 2062336, "elapsed_s": 1248.1, "cramped_room_sparse20": 0.0, "cramped_room_potter0_20": 0.45, "asymmetric_advantages_sparse20": 131.0, "asymmetric_advantages_potter0_20": 1.0}
[pair_A] {"steps": 2064384, "elapsed_s": 1249.3, "cramped_room_sparse20": 0.0, "cramped_room_potter0_20": 0.45, "asymmetric_advantages_sparse20": 132.0, "asymmetric_advantages_potter0_20": 1.0}
[pair_A] {"steps": 2066432, "elapsed_s": 1250.5, "cramped_room_sparse20": 0.0, "cramped_room_potter0_20": 0.45, "asymmetric_advantages_sparse20": 134.0, "asymmetric_advantages_potter0_20": 1.0}
[pair_A] {"steps": 2068480, "elapsed_s": 1251.7, "cramped_room_sparse20": 0.0, "cramped_room_potter0_20": 0.45, "asymmetric_advantages_sparse20": 141.0, "asymmetric_advantages_potter0_20": 1.0}
[pair_A] {"steps": 2070528, "elapsed_s": 1252.9, "cramped_room_sparse20": 0.0, "cramped_room_potter0_20": 0.45, "asymmetric_advantages_sparse20": 145.0, "asymmetric_advantages_potter0_20": 1.0}
[pair_A] {"steps": 2072576, "elapsed_s": 1254.1, "cramped_room_sparse20": 0.0, "cramped_room_potter0_20": 0.45, "asymmetric_advantages_sparse20": 151.0, "asymmetric_advantages_potter0_20": 1.0}
[pair_A] {"steps": 2074624, "elapsed_s": 1255.3, "cramped_room_sparse20": 0.0, "cramped_room_potter0_20": 0.45, "asymmetric_advantages_sparse20": 153.0, "asymmetric_advantages_potter0_20": 1.0}
[pair_A] {"steps": 2076672, "elapsed_s": 1256.5, "cramped_room_sparse20": 0.0, "cramped_room_potter0_20": 0.45, "asymmetric_advantages_sparse20": 163.0, "asymmetric_advantages_potter0_20": 1.0}
[pair_A] {"steps": 2078720, "elapsed_s": 1257.8, "cramped_room_sparse20": 0.0, "cramped_room_potter0_20": 0.4, "asymmetric_advantages_sparse20": 164.0, "asymmetric_advantages_potter0_20": 1.0}
[pair_A] {"steps": 2080768, "elapsed_s": 1259.1, "cramped_room_sparse20": 0.0, "cramped_room_potter0_20": 0.35, "asymmetric_advantages_sparse20": 163.0, "asymmetric_advantages_potter0_20": 1.0}
[pair_A] {"steps": 2082816, "elapsed_s": 1260.3, "cramped_room_sparse20": 0.0, "cramped_room_potter0_20": 0.35, "asymmetric_advantages_sparse20": 155.0, "asymmetric_advantages_potter0_20": 1.0}
[pair_A] {"steps": 2084864, "elapsed_s": 1261.5, "cramped_room_sparse20": 0.0, "cramped_room_potter0_20": 0.4, "asymmetric_advantages_sparse20": 155.0, "asymmetric_advantages_potter0_20": 1.0}
[pair_A] {"steps": 2086912, "elapsed_s": 1262.7, "cramped_room_sparse20": 0.0, "cramped_room_potter0_20": 0.35, "asymmetric_advantages_sparse20": 154.0, "asymmetric_advantages_potter0_20": 1.0}
[pair_A] {"steps": 2088960, "elapsed_s": 1263.9, "cramped_room_sparse20": 0.0, "cramped_room_potter0_20": 0.4, "asymmetric_advantages_sparse20": 154.0, "asymmetric_advantages_potter0_20": 1.0}
[pair_A] {"steps": 2091008, "elapsed_s": 1265.2, "cramped_room_sparse20": 0.0, "cramped_room_potter0_20": 0.45, "asymmetric_advantages_sparse20": 146.0, "asymmetric_advantages_potter0_20": 1.0}
[pair_A] {"steps": 2093056, "elapsed_s": 1266.4, "cramped_room_sparse20": 0.0, "cramped_room_potter0_20": 0.5, "asymmetric_advantages_sparse20": 148.0, "asymmetric_advantages_potter0_20": 1.0}
[pair_A] {"steps": 2095104, "elapsed_s": 1267.6, "cramped_room_sparse20": 0.0, "cramped_room_potter0_20": 0.55, "asymmetric_advantages_sparse20": 149.0, "asymmetric_advantages_potter0_20": 1.0}
[pair_A] {"steps": 2097152, "elapsed_s": 1268.8, "cramped_room_sparse20": 0.0, "cramped_room_potter0_20": 0.45, "asymmetric_advantages_sparse20": 149.0, "asymmetric_advantages_potter0_20": 1.0}
[pair_A] {"steps": 2099200, "elapsed_s": 1270.1, "cramped_room_sparse20": 0.0, "cramped_room_potter0_20": 0.45, "asymmetric_advantages_sparse20": 144.0, "asymmetric_advantages_potter0_20": 1.0}
[pair_A] {"steps": 2101248, "elapsed_s": 1271.3, "cramped_room_sparse20": 0.0, "cramped_room_potter0_20": 0.4, "asymmetric_advantages_sparse20": 148.0, "asymmetric_advantages_potter0_20": 1.0}
[pair_A] {"steps": 2103296, "elapsed_s": 1272.5, "cramped_room_sparse20": 0.0, "cramped_room_potter0_20": 0.45, "asymmetric_advantages_sparse20": 146.0, "asymmetric_advantages_potter0_20": 1.0}
[pair_A] {"steps": 2105344, "elapsed_s": 1273.7, "cramped_room_sparse20": 0.0, "cramped_room_potter0_20": 0.5, "asymmetric_advantages_sparse20": 142.0, "asymmetric_advantages_potter0_20": 1.0}
[pair_A] {"steps": 2107392, "elapsed_s": 1274.9, "cramped_room_sparse20": 0.0, "cramped_room_potter0_20": 0.4, "asymmetric_advantages_sparse20": 152.0, "asymmetric_advantages_potter0_20": 1.0}
[pair_A] {"steps": 2109440, "elapsed_s": 1276.0, "cramped_room_sparse20": 0.0, "cramped_room_potter0_20": 0.3, "asymmetric_advantages_sparse20": 152.0, "asymmetric_advantages_potter0_20": 1.0}
[pair_A] {"steps": 2111488, "elapsed_s": 1277.1, "cramped_room_sparse20": 0.0, "cramped_room_potter0_20": 0.35, "asymmetric_advantages_sparse20": 152.0, "asymmetric_advantages_potter0_20": 1.0}
[pair_A] {"steps": 2113536, "elapsed_s": 1278.4, "cramped_room_sparse20": 0.0, "cramped_room_potter0_20": 0.4, "asymmetric_advantages_sparse20": 145.0, "asymmetric_advantages_potter0_20": 1.0}
[pair_A] {"steps": 2115584, "elapsed_s": 1279.6, "cramped_room_sparse20": 0.0, "cramped_room_potter0_20": 0.35, "asymmetric_advantages_sparse20": 143.0, "asymmetric_advantages_potter0_20": 1.0}
[pair_A] {"steps": 2117632, "elapsed_s": 1280.8, "cramped_room_sparse20": 0.0, "cramped_room_potter0_20": 0.3, "asymmetric_advantages_sparse20": 154.0, "asymmetric_advantages_potter0_20": 1.0}
[pair_A] {"steps": 2119680, "elapsed_s": 1282.0, "cramped_room_sparse20": 0.0, "cramped_room_potter0_20": 0.35, "asymmetric_advantages_sparse20": 152.0, "asymmetric_advantages_potter0_20": 1.0}
[pair_A] {"steps": 2121728, "elapsed_s": 1283.3, "cramped_room_sparse20": 0.0, "cramped_room_potter0_20": 0.4, "asymmetric_advantages_sparse20": 152.0, "asymmetric_advantages_potter0_20": 1.0}
[pair_A] {"steps": 2123776, "elapsed_s": 1284.7, "cramped_room_sparse20": 0.0, "cramped_room_potter0_20": 0.4, "asymmetric_advantages_sparse20": 154.0, "asymmetric_advantages_potter0_20": 1.0}
[pair_A] {"steps": 2125824, "elapsed_s": 1286.3, "cramped_room_sparse20": 0.0, "cramped_room_potter0_20": 0.35, "asymmetric_advantages_sparse20": 152.0, "asymmetric_advantages_potter0_20": 1.0}
[pair_A] {"steps": 2127872, "elapsed_s": 1287.6, "cramped_room_sparse20": 0.0, "cramped_room_potter0_20": 0.35, "asymmetric_advantages_sparse20": 165.0, "asymmetric_advantages_potter0_20": 1.0}
[pair_A] {"steps": 2129920, "elapsed_s": 1288.7, "cramped_room_sparse20": 0.0, "cramped_room_potter0_20": 0.3, "asymmetric_advantages_sparse20": 164.0, "asymmetric_advantages_potter0_20": 1.0}
[pair_A] {"steps": 2131968, "elapsed_s": 1289.9, "cramped_room_sparse20": 0.0, "cramped_room_potter0_20": 0.3, "asymmetric_advantages_sparse20": 164.0, "asymmetric_advantages_potter0_20": 1.0}
[pair_A] {"steps": 2134016, "elapsed_s": 1291.2, "cramped_room_sparse20": 0.0, "cramped_room_potter0_20": 0.25, "asymmetric_advantages_sparse20": 176.0, "asymmetric_advantages_potter0_20": 1.0}
[pair_A] {"steps": 2136064, "elapsed_s": 1292.5, "cramped_room_sparse20": 0.0, "cramped_room_potter0_20": 0.3, "asymmetric_advantages_sparse20": 172.0, "asymmetric_advantages_potter0_20": 1.0}
[pair_A] {"steps": 2138112, "elapsed_s": 1293.6, "cramped_room_sparse20": 0.0, "cramped_room_potter0_20": 0.35, "asymmetric_advantages_sparse20": 173.0, "asymmetric_advantages_potter0_20": 1.0}
[pair_A] {"steps": 2140160, "elapsed_s": 1294.8, "cramped_room_sparse20": 0.0, "cramped_room_potter0_20": 0.35, "asymmetric_advantages_sparse20": 178.0, "asymmetric_advantages_potter0_20": 1.0}
[pair_A] {"steps": 2142208, "elapsed_s": 1296.0, "cramped_room_sparse20": 0.0, "cramped_room_potter0_20": 0.45, "asymmetric_advantages_sparse20": 177.0, "asymmetric_advantages_potter0_20": 1.0}
[pair_A] {"steps": 2144256, "elapsed_s": 1297.2, "cramped_room_sparse20": 0.0, "cramped_room_potter0_20": 0.5, "asymmetric_advantages_sparse20": 177.0, "asymmetric_advantages_potter0_20": 1.0}
[pair_A] {"steps": 2146304, "elapsed_s": 1298.4, "cramped_room_sparse20": 0.0, "cramped_room_potter0_20": 0.6, "asymmetric_advantages_sparse20": 177.0, "asymmetric_advantages_potter0_20": 1.0}
[pair_A] {"steps": 2148352, "elapsed_s": 1299.8, "cramped_room_sparse20": 0.0, "cramped_room_potter0_20": 0.55, "asymmetric_advantages_sparse20": 171.0, "asymmetric_advantages_potter0_20": 1.0}
[pair_A] {"steps": 2150400, "elapsed_s": 1301.2, "cramped_room_sparse20": 0.0, "cramped_room_potter0_20": 0.55, "asymmetric_advantages_sparse20": 170.0, "asymmetric_advantages_potter0_20": 1.0}
[pair_A] {"steps": 2152448, "elapsed_s": 1302.3, "cramped_room_sparse20": 0.0, "cramped_room_potter0_20": 0.5, "asymmetric_advantages_sparse20": 168.0, "asymmetric_advantages_potter0_20": 1.0}
[pair_A] {"steps": 2154496, "elapsed_s": 1303.5, "cramped_room_sparse20": 0.0, "cramped_room_potter0_20": 0.5, "asymmetric_advantages_sparse20": 167.0, "asymmetric_advantages_potter0_20": 1.0}
[pair_A] {"steps": 2156544, "elapsed_s": 1304.7, "cramped_room_sparse20": 0.0, "cramped_room_potter0_20": 0.45, "asymmetric_advantages_sparse20": 161.0, "asymmetric_advantages_potter0_20": 1.0}
[pair_A] {"steps": 2158592, "elapsed_s": 1305.8, "cramped_room_sparse20": 0.0, "cramped_room_potter0_20": 0.45, "asymmetric_advantages_sparse20": 160.0, "asymmetric_advantages_potter0_20": 1.0}
[pair_A] {"steps": 2160640, "elapsed_s": 1307.0, "cramped_room_sparse20": 0.0, "cramped_room_potter0_20": 0.4, "asymmetric_advantages_sparse20": 157.0, "asymmetric_advantages_potter0_20": 1.0}
[pair_A] {"steps": 2162688, "elapsed_s": 1308.2, "cramped_room_sparse20": 1.0, "cramped_room_potter0_20": 0.4, "asymmetric_advantages_sparse20": 157.0, "asymmetric_advantages_potter0_20": 1.0}
[pair_A] {"steps": 2164736, "elapsed_s": 1309.5, "cramped_room_sparse20": 1.0, "cramped_room_potter0_20": 0.4, "asymmetric_advantages_sparse20": 143.0, "asymmetric_advantages_potter0_20": 1.0}
[pair_A] {"steps": 2166784, "elapsed_s": 1310.7, "cramped_room_sparse20": 1.0, "cramped_room_potter0_20": 0.45, "asymmetric_advantages_sparse20": 146.0, "asymmetric_advantages_potter0_20": 1.0}
[pair_A] {"steps": 2168832, "elapsed_s": 1312.0, "cramped_room_sparse20": 1.0, "cramped_room_potter0_20": 0.45, "asymmetric_advantages_sparse20": 146.0, "asymmetric_advantages_potter0_20": 1.0}
[pair_A] {"steps": 2170880, "elapsed_s": 1313.2, "cramped_room_sparse20": 1.0, "cramped_room_potter0_20": 0.55, "asymmetric_advantages_sparse20": 148.0, "asymmetric_advantages_potter0_20": 1.0}
[pair_A] {"steps": 2172928, "elapsed_s": 1314.4, "cramped_room_sparse20": 1.0, "cramped_room_potter0_20": 0.55, "asymmetric_advantages_sparse20": 149.0, "asymmetric_advantages_potter0_20": 1.0}
[pair_A] {"steps": 2174976, "elapsed_s": 1315.7, "cramped_room_sparse20": 1.0, "cramped_room_potter0_20": 0.55, "asymmetric_advantages_sparse20": 145.0, "asymmetric_advantages_potter0_20": 1.0}
[pair_A] {"steps": 2177024, "elapsed_s": 1316.9, "cramped_room_sparse20": 1.0, "cramped_room_potter0_20": 0.55, "asymmetric_advantages_sparse20": 146.0, "asymmetric_advantages_potter0_20": 1.0}
[pair_A] {"steps": 2179072, "elapsed_s": 1318.2, "cramped_room_sparse20": 1.0, "cramped_room_potter0_20": 0.55, "asymmetric_advantages_sparse20": 139.0, "asymmetric_advantages_potter0_20": 1.0}
[pair_A] {"steps": 2181120, "elapsed_s": 1319.4, "cramped_room_sparse20": 0.0, "cramped_room_potter0_20": 0.6, "asymmetric_advantages_sparse20": 139.0, "asymmetric_advantages_potter0_20": 1.0}
[pair_A] {"steps": 2183168, "elapsed_s": 1320.7, "cramped_room_sparse20": 1.0, "cramped_room_potter0_20": 0.6, "asymmetric_advantages_sparse20": 130.0, "asymmetric_advantages_potter0_20": 1.0}
[pair_A] {"steps": 2185216, "elapsed_s": 1321.8, "cramped_room_sparse20": 1.0, "cramped_room_potter0_20": 0.65, "asymmetric_advantages_sparse20": 132.0, "asymmetric_advantages_potter0_20": 1.0}
[pair_A] {"steps": 2187264, "elapsed_s": 1323.2, "cramped_room_sparse20": 1.0, "cramped_room_potter0_20": 0.55, "asymmetric_advantages_sparse20": 133.0, "asymmetric_advantages_potter0_20": 1.0}
[pair_A] {"steps": 2189312, "elapsed_s": 1324.5, "cramped_room_sparse20": 1.0, "cramped_room_potter0_20": 0.55, "asymmetric_advantages_sparse20": 138.0, "asymmetric_advantages_potter0_20": 1.0}
[pair_A] {"steps": 2191360, "elapsed_s": 1325.8, "cramped_room_sparse20": 1.0, "cramped_room_potter0_20": 0.55, "asymmetric_advantages_sparse20": 142.0, "asymmetric_advantages_potter0_20": 1.0}
[pair_A] {"steps": 2193408, "elapsed_s": 1327.1, "cramped_room_sparse20": 1.0, "cramped_room_potter0_20": 0.5, "asymmetric_advantages_sparse20": 139.0, "asymmetric_advantages_potter0_20": 1.0}
[pair_A] {"steps": 2195456, "elapsed_s": 1328.2, "cramped_room_sparse20": 1.0, "cramped_room_potter0_20": 0.6, "asymmetric_advantages_sparse20": 138.0, "asymmetric_advantages_potter0_20": 1.0}
[pair_A] {"steps": 2197504, "elapsed_s": 1329.6, "cramped_room_sparse20": 1.0, "cramped_room_potter0_20": 0.65, "asymmetric_advantages_sparse20": 139.0, "asymmetric_advantages_potter0_20": 1.0}
[pair_A] {"steps": 2199552, "elapsed_s": 1330.8, "cramped_room_sparse20": 1.0, "cramped_room_potter0_20": 0.55, "asymmetric_advantages_sparse20": 146.0, "asymmetric_advantages_potter0_20": 1.0}
[pair_A] {"steps": 2201600, "elapsed_s": 1332.0, "cramped_room_sparse20": 0.0, "cramped_room_potter0_20": 0.6, "asymmetric_advantages_sparse20": 151.0, "asymmetric_advantages_potter0_20": 1.0}
[pair_A] {"steps": 2203648, "elapsed_s": 1333.2, "cramped_room_sparse20": 0.0, "cramped_room_potter0_20": 0.55, "asymmetric_advantages_sparse20": 146.0, "asymmetric_advantages_potter0_20": 1.0}
[pair_A] {"steps": 2205696, "elapsed_s": 1334.4, "cramped_room_sparse20": 0.0, "cramped_room_potter0_20": 0.45, "asymmetric_advantages_sparse20": 149.0, "asymmetric_advantages_potter0_20": 1.0}
[pair_A] {"steps": 2207744, "elapsed_s": 1335.6, "cramped_room_sparse20": 0.0, "cramped_room_potter0_20": 0.55, "asymmetric_advantages_sparse20": 156.0, "asymmetric_advantages_potter0_20": 1.0}
[pair_A] {"steps": 2209792, "elapsed_s": 1336.8, "cramped_room_sparse20": 0.0, "cramped_room_potter0_20": 0.55, "asymmetric_advantages_sparse20": 156.0, "asymmetric_advantages_potter0_20": 1.0}
[pair_A] {"steps": 2211840, "elapsed_s": 1337.9, "cramped_room_sparse20": 0.0, "cramped_room_potter0_20": 0.4, "asymmetric_advantages_sparse20": 156.0, "asymmetric_advantages_potter0_20": 1.0}
[pair_A] {"steps": 2213888, "elapsed_s": 1339.1, "cramped_room_sparse20": 0.0, "cramped_room_potter0_20": 0.4, "asymmetric_advantages_sparse20": 154.0, "asymmetric_advantages_potter0_20": 1.0}
[pair_A] {"steps": 2215936, "elapsed_s": 1340.4, "cramped_room_sparse20": 0.0, "cramped_room_potter0_20": 0.4, "asymmetric_advantages_sparse20": 158.0, "asymmetric_advantages_potter0_20": 1.0}
[pair_A] {"steps": 2217984, "elapsed_s": 1341.6, "cramped_room_sparse20": 0.0, "cramped_room_potter0_20": 0.4, "asymmetric_advantages_sparse20": 154.0, "asymmetric_advantages_potter0_20": 1.0}
[pair_A] {"steps": 2220032, "elapsed_s": 1342.8, "cramped_room_sparse20": 1.0, "cramped_room_potter0_20": 0.4, "asymmetric_advantages_sparse20": 161.0, "asymmetric_advantages_potter0_20": 1.0}
[pair_A] {"steps": 2222080, "elapsed_s": 1344.0, "cramped_room_sparse20": 1.0, "cramped_room_potter0_20": 0.4, "asymmetric_advantages_sparse20": 160.0, "asymmetric_advantages_potter0_20": 1.0}
[pair_A] {"steps": 2224128, "elapsed_s": 1345.2, "cramped_room_sparse20": 1.0, "cramped_room_potter0_20": 0.4, "asymmetric_advantages_sparse20": 157.0, "asymmetric_advantages_potter0_20": 1.0}
[pair_A] {"steps": 2226176, "elapsed_s": 1346.5, "cramped_room_sparse20": 1.0, "cramped_room_potter0_20": 0.4, "asymmetric_advantages_sparse20": 160.0, "asymmetric_advantages_potter0_20": 1.0}
[pair_A] {"steps": 2228224, "elapsed_s": 1347.7, "cramped_room_sparse20": 1.0, "cramped_room_potter0_20": 0.45, "asymmetric_advantages_sparse20": 166.0, "asymmetric_advantages_potter0_20": 1.0}
[pair_A] {"steps": 2230272, "elapsed_s": 1348.8, "cramped_room_sparse20": 1.0, "cramped_room_potter0_20": 0.5, "asymmetric_advantages_sparse20": 165.0, "asymmetric_advantages_potter0_20": 1.0}
[pair_A] {"steps": 2232320, "elapsed_s": 1350.1, "cramped_room_sparse20": 1.0, "cramped_room_potter0_20": 0.5, "asymmetric_advantages_sparse20": 165.0, "asymmetric_advantages_potter0_20": 1.0}
[pair_A] {"steps": 2234368, "elapsed_s": 1351.3, "cramped_room_sparse20": 0.0, "cramped_room_potter0_20": 0.55, "asymmetric_advantages_sparse20": 162.0, "asymmetric_advantages_potter0_20": 1.0}
[pair_A] {"steps": 2236416, "elapsed_s": 1352.5, "cramped_room_sparse20": 0.0, "cramped_room_potter0_20": 0.5, "asymmetric_advantages_sparse20": 161.0, "asymmetric_advantages_potter0_20": 1.0}
[pair_A] {"steps": 2238464, "elapsed_s": 1353.8, "cramped_room_sparse20": 0.0, "cramped_room_potter0_20": 0.5, "asymmetric_advantages_sparse20": 161.0, "asymmetric_advantages_potter0_20": 1.0}
[pair_A] {"steps": 2240512, "elapsed_s": 1355.2, "cramped_room_sparse20": 0.0, "cramped_room_potter0_20": 0.55, "asymmetric_advantages_sparse20": 164.0, "asymmetric_advantages_potter0_20": 1.0}
[pair_A] {"steps": 2242560, "elapsed_s": 1356.4, "cramped_room_sparse20": 0.0, "cramped_room_potter0_20": 0.5, "asymmetric_advantages_sparse20": 161.0, "asymmetric_advantages_potter0_20": 1.0}
[pair_A] {"steps": 2244608, "elapsed_s": 1357.5, "cramped_room_sparse20": 0.0, "cramped_room_potter0_20": 0.5, "asymmetric_advantages_sparse20": 161.0, "asymmetric_advantages_potter0_20": 1.0}
[pair_A] {"steps": 2246656, "elapsed_s": 1358.7, "cramped_room_sparse20": 0.0, "cramped_room_potter0_20": 0.5, "asymmetric_advantages_sparse20": 160.0, "asymmetric_advantages_potter0_20": 1.0}
[pair_A] {"steps": 2248704, "elapsed_s": 1359.8, "cramped_room_sparse20": 0.0, "cramped_room_potter0_20": 0.5, "asymmetric_advantages_sparse20": 157.0, "asymmetric_advantages_potter0_20": 1.0}
[pair_A] {"steps": 2250752, "elapsed_s": 1361.0, "cramped_room_sparse20": 0.0, "cramped_room_potter0_20": 0.55, "asymmetric_advantages_sparse20": 157.0, "asymmetric_advantages_potter0_20": 1.0}
[pair_A] {"steps": 2252800, "elapsed_s": 1362.2, "cramped_room_sparse20": 0.0, "cramped_room_potter0_20": 0.55, "asymmetric_advantages_sparse20": 160.0, "asymmetric_advantages_potter0_20": 1.0}
[pair_A] {"steps": 2254848, "elapsed_s": 1363.4, "cramped_room_sparse20": 0.0, "cramped_room_potter0_20": 0.55, "asymmetric_advantages_sparse20": 155.0, "asymmetric_advantages_potter0_20": 1.0}
[pair_A] {"steps": 2256896, "elapsed_s": 1364.6, "cramped_room_sparse20": 0.0, "cramped_room_potter0_20": 0.5, "asymmetric_advantages_sparse20": 157.0, "asymmetric_advantages_potter0_20": 1.0}
[pair_A] {"steps": 2258944, "elapsed_s": 1365.8, "cramped_room_sparse20": 0.0, "cramped_room_potter0_20": 0.5, "asymmetric_advantages_sparse20": 159.0, "asymmetric_advantages_potter0_20": 1.0}
[pair_A] {"steps": 2260992, "elapsed_s": 1366.9, "cramped_room_sparse20": 0.0, "cramped_room_potter0_20": 0.5, "asymmetric_advantages_sparse20": 159.0, "asymmetric_advantages_potter0_20": 1.0}
[pair_A] {"steps": 2263040, "elapsed_s": 1368.1, "cramped_room_sparse20": 0.0, "cramped_room_potter0_20": 0.5, "asymmetric_advantages_sparse20": 160.0, "asymmetric_advantages_potter0_20": 1.0}
[pair_A] {"steps": 2265088, "elapsed_s": 1369.3, "cramped_room_sparse20": 0.0, "cramped_room_potter0_20": 0.5, "asymmetric_advantages_sparse20": 160.0, "asymmetric_advantages_potter0_20": 1.0}
[pair_A] {"steps": 2267136, "elapsed_s": 1370.5, "cramped_room_sparse20": 0.0, "cramped_room_potter0_20": 0.45, "asymmetric_advantages_sparse20": 160.0, "asymmetric_advantages_potter0_20": 1.0}
[pair_A] {"steps": 2269184, "elapsed_s": 1371.6, "cramped_room_sparse20": 0.0, "cramped_room_potter0_20": 0.4, "asymmetric_advantages_sparse20": 161.0, "asymmetric_advantages_potter0_20": 1.0}
[pair_A] {"steps": 2271232, "elapsed_s": 1372.8, "cramped_room_sparse20": 0.0, "cramped_room_potter0_20": 0.35, "asymmetric_advantages_sparse20": 165.0, "asymmetric_advantages_potter0_20": 1.0}
[pair_A] {"steps": 2273280, "elapsed_s": 1373.9, "cramped_room_sparse20": 0.0, "cramped_room_potter0_20": 0.25, "asymmetric_advantages_sparse20": 165.0, "asymmetric_advantages_potter0_20": 1.0}
[pair_A] {"steps": 2275328, "elapsed_s": 1375.1, "cramped_room_sparse20": 0.0, "cramped_room_potter0_20": 0.25, "asymmetric_advantages_sparse20": 158.0, "asymmetric_advantages_potter0_20": 1.0}
[pair_A] {"steps": 2277376, "elapsed_s": 1376.3, "cramped_room_sparse20": 0.0, "cramped_room_potter0_20": 0.2, "asymmetric_advantages_sparse20": 155.0, "asymmetric_advantages_potter0_20": 1.0}
[pair_A] {"steps": 2279424, "elapsed_s": 1377.5, "cramped_room_sparse20": 0.0, "cramped_room_potter0_20": 0.25, "asymmetric_advantages_sparse20": 154.0, "asymmetric_advantages_potter0_20": 1.0}
[pair_A] {"steps": 2281472, "elapsed_s": 1378.7, "cramped_room_sparse20": 0.0, "cramped_room_potter0_20": 0.25, "asymmetric_advantages_sparse20": 151.0, "asymmetric_advantages_potter0_20": 1.0}
[pair_A] {"steps": 2283520, "elapsed_s": 1379.9, "cramped_room_sparse20": 0.0, "cramped_room_potter0_20": 0.25, "asymmetric_advantages_sparse20": 142.0, "asymmetric_advantages_potter0_20": 1.0}
[pair_A] {"steps": 2285568, "elapsed_s": 1381.0, "cramped_room_sparse20": 0.0, "cramped_room_potter0_20": 0.35, "asymmetric_advantages_sparse20": 142.0, "asymmetric_advantages_potter0_20": 1.0}
[pair_A] {"steps": 2287616, "elapsed_s": 1382.2, "cramped_room_sparse20": 0.0, "cramped_room_potter0_20": 0.4, "asymmetric_advantages_sparse20": 142.0, "asymmetric_advantages_potter0_20": 1.0}
[pair_A] {"steps": 2289664, "elapsed_s": 1383.4, "cramped_room_sparse20": 0.0, "cramped_room_potter0_20": 0.45, "asymmetric_advantages_sparse20": 134.0, "asymmetric_advantages_potter0_20": 1.0}
[pair_A] {"steps": 2291712, "elapsed_s": 1384.6, "cramped_room_sparse20": 0.0, "cramped_room_potter0_20": 0.6, "asymmetric_advantages_sparse20": 142.0, "asymmetric_advantages_potter0_20": 1.0}
[pair_A] {"steps": 2293760, "elapsed_s": 1385.9, "cramped_room_sparse20": 0.0, "cramped_room_potter0_20": 0.55, "asymmetric_advantages_sparse20": 142.0, "asymmetric_advantages_potter0_20": 1.0}
[pair_A] {"steps": 2295808, "elapsed_s": 1387.1, "cramped_room_sparse20": 0.0, "cramped_room_potter0_20": 0.5, "asymmetric_advantages_sparse20": 146.0, "asymmetric_advantages_potter0_20": 1.0}
[pair_A] {"steps": 2297856, "elapsed_s": 1388.4, "cramped_room_sparse20": 0.0, "cramped_room_potter0_20": 0.5, "asymmetric_advantages_sparse20": 143.0, "asymmetric_advantages_potter0_20": 1.0}
[pair_A] {"steps": 2299904, "elapsed_s": 1389.7, "cramped_room_sparse20": 0.0, "cramped_room_potter0_20": 0.5, "asymmetric_advantages_sparse20": 143.0, "asymmetric_advantages_potter0_20": 1.0}
[pair_A] {"steps": 2301952, "elapsed_s": 1391.0, "cramped_room_sparse20": 0.0, "cramped_room_potter0_20": 0.5, "asymmetric_advantages_sparse20": 143.0, "asymmetric_advantages_potter0_20": 1.0}
[pair_A] {"steps": 2304000, "elapsed_s": 1392.2, "cramped_room_sparse20": 0.0, "cramped_room_potter0_20": 0.5, "asymmetric_advantages_sparse20": 155.0, "asymmetric_advantages_potter0_20": 1.0}
[pair_A] {"steps": 2306048, "elapsed_s": 1393.5, "cramped_room_sparse20": 0.0, "cramped_room_potter0_20": 0.4, "asymmetric_advantages_sparse20": 156.0, "asymmetric_advantages_potter0_20": 1.0}
[pair_A] {"steps": 2308096, "elapsed_s": 1395.0, "cramped_room_sparse20": 0.0, "cramped_room_potter0_20": 0.4, "asymmetric_advantages_sparse20": 167.0, "asymmetric_advantages_potter0_20": 1.0}
[pair_A] {"steps": 2310144, "elapsed_s": 1396.4, "cramped_room_sparse20": 0.0, "cramped_room_potter0_20": 0.4, "asymmetric_advantages_sparse20": 171.0, "asymmetric_advantages_potter0_20": 1.0}
[pair_A] {"steps": 2312192, "elapsed_s": 1397.5, "cramped_room_sparse20": 0.0, "cramped_room_potter0_20": 0.5, "asymmetric_advantages_sparse20": 171.0, "asymmetric_advantages_potter0_20": 1.0}
[pair_A] {"steps": 2314240, "elapsed_s": 1398.9, "cramped_room_sparse20": 0.0, "cramped_room_potter0_20": 0.45, "asymmetric_advantages_sparse20": 167.0, "asymmetric_advantages_potter0_20": 1.0}
[pair_A] {"steps": 2316288, "elapsed_s": 1400.4, "cramped_room_sparse20": 0.0, "cramped_room_potter0_20": 0.35, "asymmetric_advantages_sparse20": 170.0, "asymmetric_advantages_potter0_20": 1.0}
[pair_A] {"steps": 2318336, "elapsed_s": 1401.9, "cramped_room_sparse20": 0.0, "cramped_room_potter0_20": 0.45, "asymmetric_advantages_sparse20": 173.0, "asymmetric_advantages_potter0_20": 1.0}
[pair_A] {"steps": 2320384, "elapsed_s": 1403.2, "cramped_room_sparse20": 0.0, "cramped_room_potter0_20": 0.45, "asymmetric_advantages_sparse20": 169.0, "asymmetric_advantages_potter0_20": 1.0}
[pair_A] {"steps": 2322432, "elapsed_s": 1404.4, "cramped_room_sparse20": 0.0, "cramped_room_potter0_20": 0.45, "asymmetric_advantages_sparse20": 173.0, "asymmetric_advantages_potter0_20": 1.0}
[pair_A] {"steps": 2324480, "elapsed_s": 1405.9, "cramped_room_sparse20": 0.0, "cramped_room_potter0_20": 0.5, "asymmetric_advantages_sparse20": 174.0, "asymmetric_advantages_potter0_20": 1.0}
[pair_A] {"steps": 2326528, "elapsed_s": 1407.4, "cramped_room_sparse20": 0.0, "cramped_room_potter0_20": 0.5, "asymmetric_advantages_sparse20": 171.0, "asymmetric_advantages_potter0_20": 1.0}
[pair_A] {"steps": 2328576, "elapsed_s": 1408.6, "cramped_room_sparse20": 0.0, "cramped_room_potter0_20": 0.55, "asymmetric_advantages_sparse20": 164.0, "asymmetric_advantages_potter0_20": 1.0}
[pair_A] {"steps": 2330624, "elapsed_s": 1409.8, "cramped_room_sparse20": 0.0, "cramped_room_potter0_20": 0.5, "asymmetric_advantages_sparse20": 166.0, "asymmetric_advantages_potter0_20": 1.0}
[pair_A] {"steps": 2332672, "elapsed_s": 1411.0, "cramped_room_sparse20": 1.0, "cramped_room_potter0_20": 0.65, "asymmetric_advantages_sparse20": 164.0, "asymmetric_advantages_potter0_20": 1.0}
[pair_A] {"steps": 2334720, "elapsed_s": 1412.2, "cramped_room_sparse20": 1.0, "cramped_room_potter0_20": 0.65, "asymmetric_advantages_sparse20": 166.0, "asymmetric_advantages_potter0_20": 1.0}
[pair_A] {"steps": 2336768, "elapsed_s": 1413.4, "cramped_room_sparse20": 1.0, "cramped_room_potter0_20": 0.7, "asymmetric_advantages_sparse20": 168.0, "asymmetric_advantages_potter0_20": 1.0}
[pair_A] {"steps": 2338816, "elapsed_s": 1414.6, "cramped_room_sparse20": 1.0, "cramped_room_potter0_20": 0.7, "asymmetric_advantages_sparse20": 168.0, "asymmetric_advantages_potter0_20": 1.0}
[pair_A] {"steps": 2340864, "elapsed_s": 1415.7, "cramped_room_sparse20": 1.0, "cramped_room_potter0_20": 0.7, "asymmetric_advantages_sparse20": 167.0, "asymmetric_advantages_potter0_20": 1.0}
[pair_A] {"steps": 2342912, "elapsed_s": 1416.9, "cramped_room_sparse20": 1.0, "cramped_room_potter0_20": 0.7, "asymmetric_advantages_sparse20": 154.0, "asymmetric_advantages_potter0_20": 1.0}
[pair_A] {"steps": 2344960, "elapsed_s": 1418.2, "cramped_room_sparse20": 1.0, "cramped_room_potter0_20": 0.6, "asymmetric_advantages_sparse20": 152.0, "asymmetric_advantages_potter0_20": 1.0}
[pair_A] {"steps": 2347008, "elapsed_s": 1419.9, "cramped_room_sparse20": 0.0, "cramped_room_potter0_20": 0.55, "asymmetric_advantages_sparse20": 156.0, "asymmetric_advantages_potter0_20": 1.0}
[pair_A] {"steps": 2349056, "elapsed_s": 1421.4, "cramped_room_sparse20": 0.0, "cramped_room_potter0_20": 0.55, "asymmetric_advantages_sparse20": 155.0, "asymmetric_advantages_potter0_20": 1.0}
[pair_A] {"steps": 2351104, "elapsed_s": 1422.6, "cramped_room_sparse20": 0.0, "cramped_room_potter0_20": 0.5, "asymmetric_advantages_sparse20": 155.0, "asymmetric_advantages_potter0_20": 1.0}
[pair_A] {"steps": 2353152, "elapsed_s": 1423.8, "cramped_room_sparse20": 0.0, "cramped_room_potter0_20": 0.45, "asymmetric_advantages_sparse20": 160.0, "asymmetric_advantages_potter0_20": 1.0}
[pair_A] {"steps": 2355200, "elapsed_s": 1425.4, "cramped_room_sparse20": 0.0, "cramped_room_potter0_20": 0.5, "asymmetric_advantages_sparse20": 159.0, "asymmetric_advantages_potter0_20": 1.0}
[pair_A] {"steps": 2357248, "elapsed_s": 1426.8, "cramped_room_sparse20": 0.0, "cramped_room_potter0_20": 0.5, "asymmetric_advantages_sparse20": 163.0, "asymmetric_advantages_potter0_20": 1.0}
[pair_A] {"steps": 2359296, "elapsed_s": 1428.3, "cramped_room_sparse20": 0.0, "cramped_room_potter0_20": 0.5, "asymmetric_advantages_sparse20": 166.0, "asymmetric_advantages_potter0_20": 1.0}
[pair_A] {"steps": 2361344, "elapsed_s": 1429.7, "cramped_room_sparse20": 0.0, "cramped_room_potter0_20": 0.5, "asymmetric_advantages_sparse20": 180.0, "asymmetric_advantages_potter0_20": 1.0}
[pair_A] {"steps": 2363392, "elapsed_s": 1430.9, "cramped_room_sparse20": 0.0, "cramped_room_potter0_20": 0.5, "asymmetric_advantages_sparse20": 184.0, "asymmetric_advantages_potter0_20": 1.0}
[pair_A] {"steps": 2365440, "elapsed_s": 1432.1, "cramped_room_sparse20": 1.0, "cramped_room_potter0_20": 0.55, "asymmetric_advantages_sparse20": 176.0, "asymmetric_advantages_potter0_20": 1.0}
[pair_A] {"steps": 2367488, "elapsed_s": 1433.4, "cramped_room_sparse20": 1.0, "cramped_room_potter0_20": 0.55, "asymmetric_advantages_sparse20": 176.0, "asymmetric_advantages_potter0_20": 1.0}
[pair_A] {"steps": 2369536, "elapsed_s": 1434.6, "cramped_room_sparse20": 1.0, "cramped_room_potter0_20": 0.4, "asymmetric_advantages_sparse20": 176.0, "asymmetric_advantages_potter0_20": 1.0}
[pair_A] {"steps": 2371584, "elapsed_s": 1435.8, "cramped_room_sparse20": 1.0, "cramped_room_potter0_20": 0.4, "asymmetric_advantages_sparse20": 181.0, "asymmetric_advantages_potter0_20": 1.0}
[pair_A] {"steps": 2373632, "elapsed_s": 1437.0, "cramped_room_sparse20": 1.0, "cramped_room_potter0_20": 0.4, "asymmetric_advantages_sparse20": 175.0, "asymmetric_advantages_potter0_20": 1.0}
[pair_A] {"steps": 2375680, "elapsed_s": 1438.2, "cramped_room_sparse20": 1.0, "cramped_room_potter0_20": 0.45, "asymmetric_advantages_sparse20": 174.0, "asymmetric_advantages_potter0_20": 1.0}
[pair_A] {"steps": 2377728, "elapsed_s": 1439.4, "cramped_room_sparse20": 1.0, "cramped_room_potter0_20": 0.45, "asymmetric_advantages_sparse20": 166.0, "asymmetric_advantages_potter0_20": 1.0}
[pair_A] {"steps": 2379776, "elapsed_s": 1440.6, "cramped_room_sparse20": 1.0, "cramped_room_potter0_20": 0.5, "asymmetric_advantages_sparse20": 170.0, "asymmetric_advantages_potter0_20": 1.0}
[pair_A] {"steps": 2381824, "elapsed_s": 1441.9, "cramped_room_sparse20": 0.0, "cramped_room_potter0_20": 0.5, "asymmetric_advantages_sparse20": 168.0, "asymmetric_advantages_potter0_20": 1.0}
[pair_A] {"steps": 2383872, "elapsed_s": 1443.1, "cramped_room_sparse20": 0.0, "cramped_room_potter0_20": 0.4, "asymmetric_advantages_sparse20": 162.0, "asymmetric_advantages_potter0_20": 1.0}
[pair_A] {"steps": 2385920, "elapsed_s": 1444.3, "cramped_room_sparse20": 0.0, "cramped_room_potter0_20": 0.4, "asymmetric_advantages_sparse20": 156.0, "asymmetric_advantages_potter0_20": 1.0}
[pair_A] {"steps": 2387968, "elapsed_s": 1445.5, "cramped_room_sparse20": 0.0, "cramped_room_potter0_20": 0.45, "asymmetric_advantages_sparse20": 156.0, "asymmetric_advantages_potter0_20": 1.0}
[pair_A] {"steps": 2390016, "elapsed_s": 1446.7, "cramped_room_sparse20": 0.0, "cramped_room_potter0_20": 0.45, "asymmetric_advantages_sparse20": 157.0, "asymmetric_advantages_potter0_20": 1.0}
[pair_A] {"steps": 2392064, "elapsed_s": 1447.9, "cramped_room_sparse20": 0.0, "cramped_room_potter0_20": 0.45, "asymmetric_advantages_sparse20": 163.0, "asymmetric_advantages_potter0_20": 1.0}
[pair_A] {"steps": 2394112, "elapsed_s": 1449.1, "cramped_room_sparse20": 0.0, "cramped_room_potter0_20": 0.55, "asymmetric_advantages_sparse20": 172.0, "asymmetric_advantages_potter0_20": 1.0}
[pair_A] {"steps": 2396160, "elapsed_s": 1450.4, "cramped_room_sparse20": 0.0, "cramped_room_potter0_20": 0.55, "asymmetric_advantages_sparse20": 175.0, "asymmetric_advantages_potter0_20": 1.0}
[pair_A] {"steps": 2398208, "elapsed_s": 1451.6, "cramped_room_sparse20": 0.0, "cramped_room_potter0_20": 0.5, "asymmetric_advantages_sparse20": 182.0, "asymmetric_advantages_potter0_20": 1.0}
[pair_A] {"steps": 2400256, "elapsed_s": 1453.0, "cramped_room_sparse20": 0.0, "cramped_room_potter0_20": 0.5, "asymmetric_advantages_sparse20": 187.0, "asymmetric_advantages_potter0_20": 1.0}
[pair_A] {"steps": 2402304, "elapsed_s": 1454.2, "cramped_room_sparse20": 0.0, "cramped_room_potter0_20": 0.5, "asymmetric_advantages_sparse20": 186.0, "asymmetric_advantages_potter0_20": 1.0}
[pair_A] {"steps": 2404352, "elapsed_s": 1455.4, "cramped_room_sparse20": 0.0, "cramped_room_potter0_20": 0.45, "asymmetric_advantages_sparse20": 184.0, "asymmetric_advantages_potter0_20": 1.0}
[pair_A] {"steps": 2406400, "elapsed_s": 1456.6, "cramped_room_sparse20": 0.0, "cramped_room_potter0_20": 0.5, "asymmetric_advantages_sparse20": 174.0, "asymmetric_advantages_potter0_20": 1.0}
[pair_A] {"steps": 2408448, "elapsed_s": 1457.8, "cramped_room_sparse20": 0.0, "cramped_room_potter0_20": 0.45, "asymmetric_advantages_sparse20": 174.0, "asymmetric_advantages_potter0_20": 1.0}
[pair_A] {"steps": 2410496, "elapsed_s": 1459.0, "cramped_room_sparse20": 0.0, "cramped_room_potter0_20": 0.4, "asymmetric_advantages_sparse20": 181.0, "asymmetric_advantages_potter0_20": 1.0}
[pair_A] {"steps": 2412544, "elapsed_s": 1460.2, "cramped_room_sparse20": 0.0, "cramped_room_potter0_20": 0.35, "asymmetric_advantages_sparse20": 183.0, "asymmetric_advantages_potter0_20": 1.0}
[pair_A] {"steps": 2414592, "elapsed_s": 1461.5, "cramped_room_sparse20": 0.0, "cramped_room_potter0_20": 0.35, "asymmetric_advantages_sparse20": 182.0, "asymmetric_advantages_potter0_20": 1.0}
[pair_A] {"steps": 2416640, "elapsed_s": 1462.8, "cramped_room_sparse20": 0.0, "cramped_room_potter0_20": 0.4, "asymmetric_advantages_sparse20": 181.0, "asymmetric_advantages_potter0_20": 1.0}
[pair_A] {"steps": 2418688, "elapsed_s": 1464.3, "cramped_room_sparse20": 0.0, "cramped_room_potter0_20": 0.4, "asymmetric_advantages_sparse20": 185.0, "asymmetric_advantages_potter0_20": 1.0}
[pair_A] {"steps": 2420736, "elapsed_s": 1465.9, "cramped_room_sparse20": 0.0, "cramped_room_potter0_20": 0.4, "asymmetric_advantages_sparse20": 187.0, "asymmetric_advantages_potter0_20": 1.0}
[pair_A] {"steps": 2422784, "elapsed_s": 1467.5, "cramped_room_sparse20": 0.0, "cramped_room_potter0_20": 0.35, "asymmetric_advantages_sparse20": 182.0, "asymmetric_advantages_potter0_20": 1.0}
[pair_A] {"steps": 2424832, "elapsed_s": 1468.9, "cramped_room_sparse20": 0.0, "cramped_room_potter0_20": 0.4, "asymmetric_advantages_sparse20": 185.0, "asymmetric_advantages_potter0_20": 1.0}
[pair_A] {"steps": 2426880, "elapsed_s": 1470.2, "cramped_room_sparse20": 0.0, "cramped_room_potter0_20": 0.4, "asymmetric_advantages_sparse20": 184.0, "asymmetric_advantages_potter0_20": 1.0}
[pair_A] {"steps": 2428928, "elapsed_s": 1471.4, "cramped_room_sparse20": 0.0, "cramped_room_potter0_20": 0.35, "asymmetric_advantages_sparse20": 178.0, "asymmetric_advantages_potter0_20": 1.0}
[pair_A] {"steps": 2430976, "elapsed_s": 1472.7, "cramped_room_sparse20": 0.0, "cramped_room_potter0_20": 0.4, "asymmetric_advantages_sparse20": 179.0, "asymmetric_advantages_potter0_20": 1.0}
[pair_A] {"steps": 2433024, "elapsed_s": 1473.9, "cramped_room_sparse20": 0.0, "cramped_room_potter0_20": 0.45, "asymmetric_advantages_sparse20": 178.0, "asymmetric_advantages_potter0_20": 1.0}
[pair_A] {"steps": 2435072, "elapsed_s": 1475.1, "cramped_room_sparse20": 0.0, "cramped_room_potter0_20": 0.45, "asymmetric_advantages_sparse20": 178.0, "asymmetric_advantages_potter0_20": 1.0}
[pair_A] {"steps": 2437120, "elapsed_s": 1476.4, "cramped_room_sparse20": 0.0, "cramped_room_potter0_20": 0.5, "asymmetric_advantages_sparse20": 177.0, "asymmetric_advantages_potter0_20": 1.0}
[pair_A] {"steps": 2439168, "elapsed_s": 1477.6, "cramped_room_sparse20": 0.0, "cramped_room_potter0_20": 0.55, "asymmetric_advantages_sparse20": 177.0, "asymmetric_advantages_potter0_20": 1.0}
[pair_A] {"steps": 2441216, "elapsed_s": 1478.7, "cramped_room_sparse20": 0.0, "cramped_room_potter0_20": 0.6, "asymmetric_advantages_sparse20": 170.0, "asymmetric_advantages_potter0_20": 1.0}
[pair_A] {"steps": 2443264, "elapsed_s": 1479.9, "cramped_room_sparse20": 0.0, "cramped_room_potter0_20": 0.6, "asymmetric_advantages_sparse20": 169.0, "asymmetric_advantages_potter0_20": 1.0}
[pair_A] {"steps": 2445312, "elapsed_s": 1481.1, "cramped_room_sparse20": 0.0, "cramped_room_potter0_20": 0.6, "asymmetric_advantages_sparse20": 169.0, "asymmetric_advantages_potter0_20": 1.0}
[pair_A] {"steps": 2447360, "elapsed_s": 1482.3, "cramped_room_sparse20": 0.0, "cramped_room_potter0_20": 0.65, "asymmetric_advantages_sparse20": 177.0, "asymmetric_advantages_potter0_20": 1.0}
[pair_A] {"steps": 2449408, "elapsed_s": 1483.5, "cramped_room_sparse20": 0.0, "cramped_room_potter0_20": 0.65, "asymmetric_advantages_sparse20": 183.0, "asymmetric_advantages_potter0_20": 1.0}
[pair_A] {"steps": 2451456, "elapsed_s": 1484.8, "cramped_room_sparse20": 0.0, "cramped_room_potter0_20": 0.6, "asymmetric_advantages_sparse20": 173.0, "asymmetric_advantages_potter0_20": 1.0}
[pair_A] {"steps": 2453504, "elapsed_s": 1486.1, "cramped_room_sparse20": 0.0, "cramped_room_potter0_20": 0.6, "asymmetric_advantages_sparse20": 174.0, "asymmetric_advantages_potter0_20": 1.0}
[pair_A] {"steps": 2455552, "elapsed_s": 1487.3, "cramped_room_sparse20": 0.0, "cramped_room_potter0_20": 0.6, "asymmetric_advantages_sparse20": 168.0, "asymmetric_advantages_potter0_20": 1.0}
[pair_A] {"steps": 2457600, "elapsed_s": 1488.5, "cramped_room_sparse20": 0.0, "cramped_room_potter0_20": 0.45, "asymmetric_advantages_sparse20": 172.0, "asymmetric_advantages_potter0_20": 1.0}
[pair_A] {"steps": 2459648, "elapsed_s": 1489.7, "cramped_room_sparse20": 0.0, "cramped_room_potter0_20": 0.45, "asymmetric_advantages_sparse20": 174.0, "asymmetric_advantages_potter0_20": 1.0}
[pair_A] {"steps": 2461696, "elapsed_s": 1491.0, "cramped_room_sparse20": 0.0, "cramped_room_potter0_20": 0.45, "asymmetric_advantages_sparse20": 174.0, "asymmetric_advantages_potter0_20": 1.0}
[pair_A] {"steps": 2463744, "elapsed_s": 1492.2, "cramped_room_sparse20": 0.0, "cramped_room_potter0_20": 0.45, "asymmetric_advantages_sparse20": 174.0, "asymmetric_advantages_potter0_20": 1.0}
[pair_A] {"steps": 2465792, "elapsed_s": 1493.4, "cramped_room_sparse20": 0.0, "cramped_room_potter0_20": 0.5, "asymmetric_advantages_sparse20": 179.0, "asymmetric_advantages_potter0_20": 1.0}
[pair_A] {"steps": 2467840, "elapsed_s": 1494.7, "cramped_room_sparse20": 1.0, "cramped_room_potter0_20": 0.5, "asymmetric_advantages_sparse20": 180.0, "asymmetric_advantages_potter0_20": 1.0}
[pair_A] {"steps": 2469888, "elapsed_s": 1495.9, "cramped_room_sparse20": 1.0, "cramped_room_potter0_20": 0.45, "asymmetric_advantages_sparse20": 191.0, "asymmetric_advantages_potter0_20": 1.0}
[pair_A] {"steps": 2471936, "elapsed_s": 1497.1, "cramped_room_sparse20": 1.0, "cramped_room_potter0_20": 0.5, "asymmetric_advantages_sparse20": 191.0, "asymmetric_advantages_potter0_20": 1.0}
[pair_A] {"steps": 2473984, "elapsed_s": 1498.4, "cramped_room_sparse20": 1.0, "cramped_room_potter0_20": 0.55, "asymmetric_advantages_sparse20": 183.0, "asymmetric_advantages_potter0_20": 1.0}
[pair_A] {"steps": 2476032, "elapsed_s": 1499.6, "cramped_room_sparse20": 1.0, "cramped_room_potter0_20": 0.6, "asymmetric_advantages_sparse20": 181.0, "asymmetric_advantages_potter0_20": 1.0}
[pair_A] {"steps": 2478080, "elapsed_s": 1500.7, "cramped_room_sparse20": 1.0, "cramped_room_potter0_20": 0.6, "asymmetric_advantages_sparse20": 179.0, "asymmetric_advantages_potter0_20": 1.0}
[pair_A] {"steps": 2480128, "elapsed_s": 1501.9, "cramped_room_sparse20": 1.0, "cramped_room_potter0_20": 0.6, "asymmetric_advantages_sparse20": 176.0, "asymmetric_advantages_potter0_20": 1.0}
[pair_A] {"steps": 2482176, "elapsed_s": 1503.2, "cramped_room_sparse20": 1.0, "cramped_room_potter0_20": 0.6, "asymmetric_advantages_sparse20": 172.0, "asymmetric_advantages_potter0_20": 1.0}
[pair_A] {"steps": 2484224, "elapsed_s": 1504.4, "cramped_room_sparse20": 0.0, "cramped_room_potter0_20": 0.6, "asymmetric_advantages_sparse20": 164.0, "asymmetric_advantages_potter0_20": 1.0}
[pair_A] {"steps": 2486272, "elapsed_s": 1506.0, "cramped_room_sparse20": 0.0, "cramped_room_potter0_20": 0.65, "asymmetric_advantages_sparse20": 161.0, "asymmetric_advantages_potter0_20": 1.0}
[pair_A] {"steps": 2488320, "elapsed_s": 1507.5, "cramped_room_sparse20": 0.0, "cramped_room_potter0_20": 0.7, "asymmetric_advantages_sparse20": 165.0, "asymmetric_advantages_potter0_20": 1.0}
[pair_A] {"steps": 2490368, "elapsed_s": 1509.0, "cramped_room_sparse20": 0.0, "cramped_room_potter0_20": 0.7, "asymmetric_advantages_sparse20": 167.0, "asymmetric_advantages_potter0_20": 1.0}
[pair_A] {"steps": 2492416, "elapsed_s": 1510.2, "cramped_room_sparse20": 0.0, "cramped_room_potter0_20": 0.65, "asymmetric_advantages_sparse20": 169.0, "asymmetric_advantages_potter0_20": 1.0}
[pair_A] {"steps": 2494464, "elapsed_s": 1511.4, "cramped_room_sparse20": 0.0, "cramped_room_potter0_20": 0.6, "asymmetric_advantages_sparse20": 166.0, "asymmetric_advantages_potter0_20": 1.0}
[pair_A] {"steps": 2496512, "elapsed_s": 1512.6, "cramped_room_sparse20": 0.0, "cramped_room_potter0_20": 0.55, "asymmetric_advantages_sparse20": 166.0, "asymmetric_advantages_potter0_20": 1.0}
[pair_A] {"steps": 2498560, "elapsed_s": 1513.8, "cramped_room_sparse20": 0.0, "cramped_room_potter0_20": 0.6, "asymmetric_advantages_sparse20": 165.0, "asymmetric_advantages_potter0_20": 1.0}
[pair_A] {"steps": 2500608, "elapsed_s": 1515.1, "cramped_room_sparse20": 0.0, "cramped_room_potter0_20": 0.55, "asymmetric_advantages_sparse20": 172.0, "asymmetric_advantages_potter0_20": 1.0}
[pair_A] {"steps": 2502656, "elapsed_s": 1516.5, "cramped_room_sparse20": 0.0, "cramped_room_potter0_20": 0.55, "asymmetric_advantages_sparse20": 168.0, "asymmetric_advantages_potter0_20": 1.0}
[pair_A] {"steps": 2504704, "elapsed_s": 1517.9, "cramped_room_sparse20": 0.0, "cramped_room_potter0_20": 0.55, "asymmetric_advantages_sparse20": 163.0, "asymmetric_advantages_potter0_20": 1.0}
[pair_A] {"steps": 2506752, "elapsed_s": 1519.2, "cramped_room_sparse20": 0.0, "cramped_room_potter0_20": 0.55, "asymmetric_advantages_sparse20": 160.0, "asymmetric_advantages_potter0_20": 1.0}
[pair_A] {"steps": 2508800, "elapsed_s": 1520.4, "cramped_room_sparse20": 0.0, "cramped_room_potter0_20": 0.55, "asymmetric_advantages_sparse20": 161.0, "asymmetric_advantages_potter0_20": 1.0}
[pair_A] {"steps": 2510848, "elapsed_s": 1521.6, "cramped_room_sparse20": 0.0, "cramped_room_potter0_20": 0.55, "asymmetric_advantages_sparse20": 162.0, "asymmetric_advantages_potter0_20": 1.0}
[pair_A] {"steps": 2512896, "elapsed_s": 1523.0, "cramped_room_sparse20": 0.0, "cramped_room_potter0_20": 0.55, "asymmetric_advantages_sparse20": 164.0, "asymmetric_advantages_potter0_20": 1.0}
[pair_A] {"steps": 2514944, "elapsed_s": 1524.5, "cramped_room_sparse20": 0.0, "cramped_room_potter0_20": 0.55, "asymmetric_advantages_sparse20": 168.0, "asymmetric_advantages_potter0_20": 1.0}
[pair_A] {"steps": 2516992, "elapsed_s": 1526.0, "cramped_room_sparse20": 0.0, "cramped_room_potter0_20": 0.5, "asymmetric_advantages_sparse20": 170.0, "asymmetric_advantages_potter0_20": 1.0}
[pair_A] {"steps": 2519040, "elapsed_s": 1527.3, "cramped_room_sparse20": 0.0, "cramped_room_potter0_20": 0.4, "asymmetric_advantages_sparse20": 169.0, "asymmetric_advantages_potter0_20": 1.0}
[pair_A] {"steps": 2521088, "elapsed_s": 1528.6, "cramped_room_sparse20": 0.0, "cramped_room_potter0_20": 0.45, "asymmetric_advantages_sparse20": 171.0, "asymmetric_advantages_potter0_20": 1.0}
[pair_A] {"steps": 2523136, "elapsed_s": 1529.8, "cramped_room_sparse20": 0.0, "cramped_room_potter0_20": 0.45, "asymmetric_advantages_sparse20": 170.0, "asymmetric_advantages_potter0_20": 1.0}
[pair_A] {"steps": 2525184, "elapsed_s": 1531.1, "cramped_room_sparse20": 0.0, "cramped_room_potter0_20": 0.4, "asymmetric_advantages_sparse20": 168.0, "asymmetric_advantages_potter0_20": 1.0}
[pair_A] {"steps": 2527232, "elapsed_s": 1532.3, "cramped_room_sparse20": 0.0, "cramped_room_potter0_20": 0.5, "asymmetric_advantages_sparse20": 168.0, "asymmetric_advantages_potter0_20": 1.0}
[pair_A] {"steps": 2529280, "elapsed_s": 1533.4, "cramped_room_sparse20": 0.0, "cramped_room_potter0_20": 0.55, "asymmetric_advantages_sparse20": 167.0, "asymmetric_advantages_potter0_20": 1.0}
[pair_A] {"steps": 2531328, "elapsed_s": 1534.6, "cramped_room_sparse20": 0.0, "cramped_room_potter0_20": 0.55, "asymmetric_advantages_sparse20": 171.0, "asymmetric_advantages_potter0_20": 1.0}
[pair_A] {"steps": 2533376, "elapsed_s": 1535.8, "cramped_room_sparse20": 0.0, "cramped_room_potter0_20": 0.6, "asymmetric_advantages_sparse20": 173.0, "asymmetric_advantages_potter0_20": 1.0}
[pair_A] {"steps": 2535424, "elapsed_s": 1537.1, "cramped_room_sparse20": 0.0, "cramped_room_potter0_20": 0.6, "asymmetric_advantages_sparse20": 168.0, "asymmetric_advantages_potter0_20": 1.0}
[pair_A] {"steps": 2537472, "elapsed_s": 1538.3, "cramped_room_sparse20": 0.0, "cramped_room_potter0_20": 0.65, "asymmetric_advantages_sparse20": 171.0, "asymmetric_advantages_potter0_20": 1.0}
[pair_A] {"steps": 2539520, "elapsed_s": 1539.5, "cramped_room_sparse20": 0.0, "cramped_room_potter0_20": 0.6, "asymmetric_advantages_sparse20": 172.0, "asymmetric_advantages_potter0_20": 1.0}
[pair_A] {"steps": 2541568, "elapsed_s": 1540.7, "cramped_room_sparse20": 0.0, "cramped_room_potter0_20": 0.55, "asymmetric_advantages_sparse20": 171.0, "asymmetric_advantages_potter0_20": 1.0}
[pair_A] {"steps": 2543616, "elapsed_s": 1542.0, "cramped_room_sparse20": 0.0, "cramped_room_potter0_20": 0.5, "asymmetric_advantages_sparse20": 171.0, "asymmetric_advantages_potter0_20": 1.0}
[pair_A] {"steps": 2545664, "elapsed_s": 1543.1, "cramped_room_sparse20": 0.0, "cramped_room_potter0_20": 0.5, "asymmetric_advantages_sparse20": 171.0, "asymmetric_advantages_potter0_20": 1.0}
[pair_A] {"steps": 2547712, "elapsed_s": 1544.3, "cramped_room_sparse20": 0.0, "cramped_room_potter0_20": 0.45, "asymmetric_advantages_sparse20": 172.0, "asymmetric_advantages_potter0_20": 1.0}
[pair_A] {"steps": 2549760, "elapsed_s": 1545.6, "cramped_room_sparse20": 0.0, "cramped_room_potter0_20": 0.45, "asymmetric_advantages_sparse20": 176.0, "asymmetric_advantages_potter0_20": 1.0}
[pair_A] {"steps": 2551808, "elapsed_s": 1546.8, "cramped_room_sparse20": 0.0, "cramped_room_potter0_20": 0.4, "asymmetric_advantages_sparse20": 176.0, "asymmetric_advantages_potter0_20": 1.0}
[pair_A] {"steps": 2553856, "elapsed_s": 1547.9, "cramped_room_sparse20": 0.0, "cramped_room_potter0_20": 0.4, "asymmetric_advantages_sparse20": 174.0, "asymmetric_advantages_potter0_20": 1.0}
[pair_A] {"steps": 2555904, "elapsed_s": 1549.1, "cramped_room_sparse20": 0.0, "cramped_room_potter0_20": 0.5, "asymmetric_advantages_sparse20": 168.0, "asymmetric_advantages_potter0_20": 1.0}
[pair_A] {"steps": 2557952, "elapsed_s": 1550.2, "cramped_room_sparse20": 0.0, "cramped_room_potter0_20": 0.6, "asymmetric_advantages_sparse20": 167.0, "asymmetric_advantages_potter0_20": 1.0}
[pair_A] {"steps": 2560000, "elapsed_s": 1551.5, "cramped_room_sparse20": 0.0, "cramped_room_potter0_20": 0.5, "asymmetric_advantages_sparse20": 162.0, "asymmetric_advantages_potter0_20": 1.0}
[pair_A] {"steps": 2562048, "elapsed_s": 1552.7, "cramped_room_sparse20": 0.0, "cramped_room_potter0_20": 0.55, "asymmetric_advantages_sparse20": 149.0, "asymmetric_advantages_potter0_20": 1.0}
[pair_A] {"steps": 2564096, "elapsed_s": 1553.9, "cramped_room_sparse20": 0.0, "cramped_room_potter0_20": 0.45, "asymmetric_advantages_sparse20": 140.0, "asymmetric_advantages_potter0_20": 1.0}
[pair_A] {"steps": 2566144, "elapsed_s": 1555.3, "cramped_room_sparse20": 0.0, "cramped_room_potter0_20": 0.4, "asymmetric_advantages_sparse20": 136.0, "asymmetric_advantages_potter0_20": 1.0}
[pair_A] {"steps": 2568192, "elapsed_s": 1556.7, "cramped_room_sparse20": 0.0, "cramped_room_potter0_20": 0.35, "asymmetric_advantages_sparse20": 136.0, "asymmetric_advantages_potter0_20": 1.0}
[pair_A] {"steps": 2570240, "elapsed_s": 1558.0, "cramped_room_sparse20": 0.0, "cramped_room_potter0_20": 0.3, "asymmetric_advantages_sparse20": 136.0, "asymmetric_advantages_potter0_20": 1.0}
[pair_A] {"steps": 2572288, "elapsed_s": 1559.5, "cramped_room_sparse20": 0.0, "cramped_room_potter0_20": 0.3, "asymmetric_advantages_sparse20": 126.0, "asymmetric_advantages_potter0_20": 1.0}
[pair_A] {"steps": 2574336, "elapsed_s": 1561.1, "cramped_room_sparse20": 0.0, "cramped_room_potter0_20": 0.35, "asymmetric_advantages_sparse20": 131.0, "asymmetric_advantages_potter0_20": 1.0}
[pair_A] {"steps": 2576384, "elapsed_s": 1562.4, "cramped_room_sparse20": 0.0, "cramped_room_potter0_20": 0.35, "asymmetric_advantages_sparse20": 129.0, "asymmetric_advantages_potter0_20": 1.0}
[pair_A] {"steps": 2578432, "elapsed_s": 1563.7, "cramped_room_sparse20": 0.0, "cramped_room_potter0_20": 0.35, "asymmetric_advantages_sparse20": 137.0, "asymmetric_advantages_potter0_20": 1.0}
[pair_A] {"steps": 2580480, "elapsed_s": 1565.0, "cramped_room_sparse20": 0.0, "cramped_room_potter0_20": 0.3, "asymmetric_advantages_sparse20": 137.0, "asymmetric_advantages_potter0_20": 1.0}
[pair_A] {"steps": 2582528, "elapsed_s": 1566.5, "cramped_room_sparse20": 0.0, "cramped_room_potter0_20": 0.4, "asymmetric_advantages_sparse20": 140.0, "asymmetric_advantages_potter0_20": 1.0}
[pair_A] {"steps": 2584576, "elapsed_s": 1568.2, "cramped_room_sparse20": 0.0, "cramped_room_potter0_20": 0.45, "asymmetric_advantages_sparse20": 146.0, "asymmetric_advantages_potter0_20": 1.0}
[pair_A] {"steps": 2586624, "elapsed_s": 1569.4, "cramped_room_sparse20": 0.0, "cramped_room_potter0_20": 0.5, "asymmetric_advantages_sparse20": 143.0, "asymmetric_advantages_potter0_20": 1.0}
[pair_A] {"steps": 2588672, "elapsed_s": 1570.7, "cramped_room_sparse20": 0.0, "cramped_room_potter0_20": 0.45, "asymmetric_advantages_sparse20": 146.0, "asymmetric_advantages_potter0_20": 1.0}
[pair_A] {"steps": 2590720, "elapsed_s": 1571.9, "cramped_room_sparse20": 0.0, "cramped_room_potter0_20": 0.5, "asymmetric_advantages_sparse20": 160.0, "asymmetric_advantages_potter0_20": 1.0}
[pair_A] {"steps": 2592768, "elapsed_s": 1573.1, "cramped_room_sparse20": 0.0, "cramped_room_potter0_20": 0.5, "asymmetric_advantages_sparse20": 159.0, "asymmetric_advantages_potter0_20": 1.0}
[pair_A] {"steps": 2594816, "elapsed_s": 1574.3, "cramped_room_sparse20": 0.0, "cramped_room_potter0_20": 0.5, "asymmetric_advantages_sparse20": 159.0, "asymmetric_advantages_potter0_20": 1.0}
[pair_A] {"steps": 2596864, "elapsed_s": 1575.5, "cramped_room_sparse20": 0.0, "cramped_room_potter0_20": 0.45, "asymmetric_advantages_sparse20": 162.0, "asymmetric_advantages_potter0_20": 1.0}
[pair_A] {"steps": 2598912, "elapsed_s": 1576.7, "cramped_room_sparse20": 0.0, "cramped_room_potter0_20": 0.45, "asymmetric_advantages_sparse20": 150.0, "asymmetric_advantages_potter0_20": 1.0}
[pair_A] {"steps": 2600960, "elapsed_s": 1577.9, "cramped_room_sparse20": 0.0, "cramped_room_potter0_20": 0.4, "asymmetric_advantages_sparse20": 148.0, "asymmetric_advantages_potter0_20": 1.0}
[pair_A] {"steps": 2603008, "elapsed_s": 1579.2, "cramped_room_sparse20": 0.0, "cramped_room_potter0_20": 0.4, "asymmetric_advantages_sparse20": 146.0, "asymmetric_advantages_potter0_20": 1.0}
[pair_A] {"steps": 2605056, "elapsed_s": 1580.4, "cramped_room_sparse20": 0.0, "cramped_room_potter0_20": 0.45, "asymmetric_advantages_sparse20": 147.0, "asymmetric_advantages_potter0_20": 1.0}
[pair_A] {"steps": 2607104, "elapsed_s": 1581.6, "cramped_room_sparse20": 0.0, "cramped_room_potter0_20": 0.45, "asymmetric_advantages_sparse20": 146.0, "asymmetric_advantages_potter0_20": 1.0}
[pair_A] {"steps": 2609152, "elapsed_s": 1582.9, "cramped_room_sparse20": 0.0, "cramped_room_potter0_20": 0.4, "asymmetric_advantages_sparse20": 156.0, "asymmetric_advantages_potter0_20": 1.0}
[pair_A] {"steps": 2611200, "elapsed_s": 1584.1, "cramped_room_sparse20": 0.0, "cramped_room_potter0_20": 0.5, "asymmetric_advantages_sparse20": 159.0, "asymmetric_advantages_potter0_20": 1.0}
[pair_A] {"steps": 2613248, "elapsed_s": 1585.5, "cramped_room_sparse20": 0.0, "cramped_room_potter0_20": 0.55, "asymmetric_advantages_sparse20": 163.0, "asymmetric_advantages_potter0_20": 1.0}
[pair_A] {"steps": 2615296, "elapsed_s": 1586.6, "cramped_room_sparse20": 0.0, "cramped_room_potter0_20": 0.45, "asymmetric_advantages_sparse20": 165.0, "asymmetric_advantages_potter0_20": 1.0}
[pair_A] {"steps": 2617344, "elapsed_s": 1587.8, "cramped_room_sparse20": 0.0, "cramped_room_potter0_20": 0.45, "asymmetric_advantages_sparse20": 162.0, "asymmetric_advantages_potter0_20": 1.0}
[pair_A] {"steps": 2619392, "elapsed_s": 1589.1, "cramped_room_sparse20": 0.0, "cramped_room_potter0_20": 0.45, "asymmetric_advantages_sparse20": 165.0, "asymmetric_advantages_potter0_20": 1.0}
[pair_A] {"steps": 2621440, "elapsed_s": 1590.3, "cramped_room_sparse20": 0.0, "cramped_room_potter0_20": 0.4, "asymmetric_advantages_sparse20": 169.0, "asymmetric_advantages_potter0_20": 1.0}
[pair_A] {"steps": 2623488, "elapsed_s": 1591.6, "cramped_room_sparse20": 0.0, "cramped_room_potter0_20": 0.45, "asymmetric_advantages_sparse20": 164.0, "asymmetric_advantages_potter0_20": 1.0}
[pair_A] {"steps": 2625536, "elapsed_s": 1592.7, "cramped_room_sparse20": 0.0, "cramped_room_potter0_20": 0.45, "asymmetric_advantages_sparse20": 157.0, "asymmetric_advantages_potter0_20": 1.0}
[pair_A] {"steps": 2627584, "elapsed_s": 1593.9, "cramped_room_sparse20": 0.0, "cramped_room_potter0_20": 0.45, "asymmetric_advantages_sparse20": 155.0, "asymmetric_advantages_potter0_20": 1.0}
[pair_A] {"steps": 2629632, "elapsed_s": 1595.1, "cramped_room_sparse20": 0.0, "cramped_room_potter0_20": 0.4, "asymmetric_advantages_sparse20": 165.0, "asymmetric_advantages_potter0_20": 1.0}
[pair_A] {"steps": 2631680, "elapsed_s": 1596.4, "cramped_room_sparse20": 1.0, "cramped_room_potter0_20": 0.45, "asymmetric_advantages_sparse20": 161.0, "asymmetric_advantages_potter0_20": 1.0}
[pair_A] {"steps": 2633728, "elapsed_s": 1597.7, "cramped_room_sparse20": 1.0, "cramped_room_potter0_20": 0.4, "asymmetric_advantages_sparse20": 167.0, "asymmetric_advantages_potter0_20": 1.0}
[pair_A] {"steps": 2635776, "elapsed_s": 1598.9, "cramped_room_sparse20": 1.0, "cramped_room_potter0_20": 0.45, "asymmetric_advantages_sparse20": 167.0, "asymmetric_advantages_potter0_20": 1.0}
[pair_A] {"steps": 2637824, "elapsed_s": 1600.0, "cramped_room_sparse20": 1.0, "cramped_room_potter0_20": 0.55, "asymmetric_advantages_sparse20": 164.0, "asymmetric_advantages_potter0_20": 1.0}
[pair_A] {"steps": 2639872, "elapsed_s": 1601.3, "cramped_room_sparse20": 1.0, "cramped_room_potter0_20": 0.6, "asymmetric_advantages_sparse20": 158.0, "asymmetric_advantages_potter0_20": 1.0}
[pair_A] {"steps": 2641920, "elapsed_s": 1602.5, "cramped_room_sparse20": 1.0, "cramped_room_potter0_20": 0.6, "asymmetric_advantages_sparse20": 154.0, "asymmetric_advantages_potter0_20": 1.0}
[pair_A] {"steps": 2643968, "elapsed_s": 1603.7, "cramped_room_sparse20": 1.0, "cramped_room_potter0_20": 0.6, "asymmetric_advantages_sparse20": 140.0, "asymmetric_advantages_potter0_20": 1.0}
[pair_A] {"steps": 2646016, "elapsed_s": 1604.9, "cramped_room_sparse20": 0.0, "cramped_room_potter0_20": 0.6, "asymmetric_advantages_sparse20": 120.0, "asymmetric_advantages_potter0_20": 1.0}
[pair_A] {"steps": 2648064, "elapsed_s": 1606.0, "cramped_room_sparse20": 0.0, "cramped_room_potter0_20": 0.65, "asymmetric_advantages_sparse20": 120.0, "asymmetric_advantages_potter0_20": 1.0}
[pair_A] {"steps": 2650112, "elapsed_s": 1607.5, "cramped_room_sparse20": 0.0, "cramped_room_potter0_20": 0.6, "asymmetric_advantages_sparse20": 113.0, "asymmetric_advantages_potter0_20": 1.0}
[pair_A] {"steps": 2652160, "elapsed_s": 1609.1, "cramped_room_sparse20": 0.0, "cramped_room_potter0_20": 0.5, "asymmetric_advantages_sparse20": 98.0, "asymmetric_advantages_potter0_20": 1.0}
[pair_A] {"steps": 2654208, "elapsed_s": 1610.5, "cramped_room_sparse20": 0.0, "cramped_room_potter0_20": 0.45, "asymmetric_advantages_sparse20": 67.0, "asymmetric_advantages_potter0_20": 1.0}
[pair_A] {"steps": 2656256, "elapsed_s": 1611.8, "cramped_room_sparse20": 0.0, "cramped_room_potter0_20": 0.45, "asymmetric_advantages_sparse20": 48.0, "asymmetric_advantages_potter0_20": 1.0}
[pair_A] {"steps": 2658304, "elapsed_s": 1613.4, "cramped_room_sparse20": 0.0, "cramped_room_potter0_20": 0.3, "asymmetric_advantages_sparse20": 48.0, "asymmetric_advantages_potter0_20": 1.0}
[pair_A] {"steps": 2660352, "elapsed_s": 1614.8, "cramped_room_sparse20": 0.0, "cramped_room_potter0_20": 0.3, "asymmetric_advantages_sparse20": 58.0, "asymmetric_advantages_potter0_20": 1.0}
[pair_A] {"steps": 2662400, "elapsed_s": 1616.4, "cramped_room_sparse20": 0.0, "cramped_room_potter0_20": 0.3, "asymmetric_advantages_sparse20": 81.0, "asymmetric_advantages_potter0_20": 1.0}
[pair_A] {"steps": 2664448, "elapsed_s": 1617.8, "cramped_room_sparse20": 0.0, "cramped_room_potter0_20": 0.3, "asymmetric_advantages_sparse20": 103.0, "asymmetric_advantages_potter0_20": 1.0}
[pair_A] {"steps": 2666496, "elapsed_s": 1619.3, "cramped_room_sparse20": 0.0, "cramped_room_potter0_20": 0.3, "asymmetric_advantages_sparse20": 117.0, "asymmetric_advantages_potter0_20": 1.0}
[pair_A] {"steps": 2668544, "elapsed_s": 1620.6, "cramped_room_sparse20": 0.0, "cramped_room_potter0_20": 0.3, "asymmetric_advantages_sparse20": 142.0, "asymmetric_advantages_potter0_20": 1.0}
[pair_A] {"steps": 2670592, "elapsed_s": 1621.8, "cramped_room_sparse20": 0.0, "cramped_room_potter0_20": 0.35, "asymmetric_advantages_sparse20": 147.0, "asymmetric_advantages_potter0_20": 1.0}
[pair_A] {"steps": 2672640, "elapsed_s": 1623.0, "cramped_room_sparse20": 0.0, "cramped_room_potter0_20": 0.35, "asymmetric_advantages_sparse20": 151.0, "asymmetric_advantages_potter0_20": 1.0}
[pair_A] {"steps": 2674688, "elapsed_s": 1624.5, "cramped_room_sparse20": 0.0, "cramped_room_potter0_20": 0.35, "asymmetric_advantages_sparse20": 155.0, "asymmetric_advantages_potter0_20": 1.0}
[pair_A] {"steps": 2676736, "elapsed_s": 1625.9, "cramped_room_sparse20": 0.0, "cramped_room_potter0_20": 0.5, "asymmetric_advantages_sparse20": 153.0, "asymmetric_advantages_potter0_20": 1.0}
[pair_A] {"steps": 2678784, "elapsed_s": 1627.1, "cramped_room_sparse20": 0.0, "cramped_room_potter0_20": 0.5, "asymmetric_advantages_sparse20": 158.0, "asymmetric_advantages_potter0_20": 1.0}
[pair_A] {"steps": 2680832, "elapsed_s": 1628.3, "cramped_room_sparse20": 0.0, "cramped_room_potter0_20": 0.55, "asymmetric_advantages_sparse20": 157.0, "asymmetric_advantages_potter0_20": 1.0}
[pair_A] {"steps": 2682880, "elapsed_s": 1629.4, "cramped_room_sparse20": 0.0, "cramped_room_potter0_20": 0.65, "asymmetric_advantages_sparse20": 155.0, "asymmetric_advantages_potter0_20": 1.0}
[pair_A] {"steps": 2684928, "elapsed_s": 1630.6, "cramped_room_sparse20": 0.0, "cramped_room_potter0_20": 0.6, "asymmetric_advantages_sparse20": 160.0, "asymmetric_advantages_potter0_20": 1.0}
[pair_A] {"steps": 2686976, "elapsed_s": 1631.8, "cramped_room_sparse20": 0.0, "cramped_room_potter0_20": 0.6, "asymmetric_advantages_sparse20": 160.0, "asymmetric_advantages_potter0_20": 1.0}
[pair_A] {"steps": 2689024, "elapsed_s": 1633.4, "cramped_room_sparse20": 0.0, "cramped_room_potter0_20": 0.55, "asymmetric_advantages_sparse20": 154.0, "asymmetric_advantages_potter0_20": 1.0}
[pair_A] {"steps": 2691072, "elapsed_s": 1634.9, "cramped_room_sparse20": 0.0, "cramped_room_potter0_20": 0.55, "asymmetric_advantages_sparse20": 156.0, "asymmetric_advantages_potter0_20": 1.0}
[pair_A] {"steps": 2693120, "elapsed_s": 1636.4, "cramped_room_sparse20": 0.0, "cramped_room_potter0_20": 0.55, "asymmetric_advantages_sparse20": 153.0, "asymmetric_advantages_potter0_20": 1.0}
[pair_A] {"steps": 2695168, "elapsed_s": 1638.0, "cramped_room_sparse20": 0.0, "cramped_room_potter0_20": 0.6, "asymmetric_advantages_sparse20": 154.0, "asymmetric_advantages_potter0_20": 1.0}
[pair_A] {"steps": 2697216, "elapsed_s": 1639.2, "cramped_room_sparse20": 0.0, "cramped_room_potter0_20": 0.55, "asymmetric_advantages_sparse20": 156.0, "asymmetric_advantages_potter0_20": 1.0}
[pair_A] {"steps": 2699264, "elapsed_s": 1640.4, "cramped_room_sparse20": 0.0, "cramped_room_potter0_20": 0.55, "asymmetric_advantages_sparse20": 157.0, "asymmetric_advantages_potter0_20": 1.0}
[pair_A] {"steps": 2701312, "elapsed_s": 1641.6, "cramped_room_sparse20": 0.0, "cramped_room_potter0_20": 0.55, "asymmetric_advantages_sparse20": 154.0, "asymmetric_advantages_potter0_20": 1.0}
[pair_A] {"steps": 2703360, "elapsed_s": 1642.8, "cramped_room_sparse20": 0.0, "cramped_room_potter0_20": 0.5, "asymmetric_advantages_sparse20": 143.0, "asymmetric_advantages_potter0_20": 1.0}
[pair_A] {"steps": 2705408, "elapsed_s": 1644.0, "cramped_room_sparse20": 0.0, "cramped_room_potter0_20": 0.55, "asymmetric_advantages_sparse20": 144.0, "asymmetric_advantages_potter0_20": 1.0}
[pair_A] {"steps": 2707456, "elapsed_s": 1645.2, "cramped_room_sparse20": 0.0, "cramped_room_potter0_20": 0.5, "asymmetric_advantages_sparse20": 144.0, "asymmetric_advantages_potter0_20": 1.0}
[pair_A] {"steps": 2709504, "elapsed_s": 1646.7, "cramped_room_sparse20": 0.0, "cramped_room_potter0_20": 0.5, "asymmetric_advantages_sparse20": 141.0, "asymmetric_advantages_potter0_20": 1.0}
[pair_A] {"steps": 2711552, "elapsed_s": 1648.3, "cramped_room_sparse20": 0.0, "cramped_room_potter0_20": 0.5, "asymmetric_advantages_sparse20": 134.0, "asymmetric_advantages_potter0_20": 1.0}
[pair_A] {"steps": 2713600, "elapsed_s": 1649.8, "cramped_room_sparse20": 0.0, "cramped_room_potter0_20": 0.5, "asymmetric_advantages_sparse20": 141.0, "asymmetric_advantages_potter0_20": 1.0}
[pair_A] {"steps": 2715648, "elapsed_s": 1651.3, "cramped_room_sparse20": 0.0, "cramped_room_potter0_20": 0.5, "asymmetric_advantages_sparse20": 147.0, "asymmetric_advantages_potter0_20": 1.0}
[pair_A] {"steps": 2717696, "elapsed_s": 1652.8, "cramped_room_sparse20": 0.0, "cramped_room_potter0_20": 0.5, "asymmetric_advantages_sparse20": 155.0, "asymmetric_advantages_potter0_20": 1.0}
[pair_A] {"steps": 2719744, "elapsed_s": 1654.3, "cramped_room_sparse20": 0.0, "cramped_room_potter0_20": 0.4, "asymmetric_advantages_sparse20": 155.0, "asymmetric_advantages_potter0_20": 1.0}
[pair_A] {"steps": 2721792, "elapsed_s": 1655.8, "cramped_room_sparse20": 1.0, "cramped_room_potter0_20": 0.4, "asymmetric_advantages_sparse20": 147.0, "asymmetric_advantages_potter0_20": 1.0}
[pair_A] {"steps": 2723840, "elapsed_s": 1657.3, "cramped_room_sparse20": 1.0, "cramped_room_potter0_20": 0.4, "asymmetric_advantages_sparse20": 148.0, "asymmetric_advantages_potter0_20": 1.0}
[pair_A] {"steps": 2725888, "elapsed_s": 1658.7, "cramped_room_sparse20": 1.0, "cramped_room_potter0_20": 0.45, "asymmetric_advantages_sparse20": 140.0, "asymmetric_advantages_potter0_20": 1.0}
[pair_A] {"steps": 2727936, "elapsed_s": 1660.2, "cramped_room_sparse20": 2.0, "cramped_room_potter0_20": 0.45, "asymmetric_advantages_sparse20": 138.0, "asymmetric_advantages_potter0_20": 1.0}
[pair_A] {"steps": 2729984, "elapsed_s": 1661.7, "cramped_room_sparse20": 2.0, "cramped_room_potter0_20": 0.35, "asymmetric_advantages_sparse20": 136.0, "asymmetric_advantages_potter0_20": 1.0}
[pair_A] {"steps": 2732032, "elapsed_s": 1663.2, "cramped_room_sparse20": 2.0, "cramped_room_potter0_20": 0.35, "asymmetric_advantages_sparse20": 138.0, "asymmetric_advantages_potter0_20": 1.0}
[pair_A] {"steps": 2734080, "elapsed_s": 1664.7, "cramped_room_sparse20": 2.0, "cramped_room_potter0_20": 0.35, "asymmetric_advantages_sparse20": 151.0, "asymmetric_advantages_potter0_20": 1.0}
[pair_A] {"steps": 2736128, "elapsed_s": 1666.0, "cramped_room_sparse20": 2.0, "cramped_room_potter0_20": 0.4, "asymmetric_advantages_sparse20": 163.0, "asymmetric_advantages_potter0_20": 1.0}
[pair_A] {"steps": 2738176, "elapsed_s": 1667.2, "cramped_room_sparse20": 2.0, "cramped_room_potter0_20": 0.4, "asymmetric_advantages_sparse20": 179.0, "asymmetric_advantages_potter0_20": 1.0}
[pair_A] {"steps": 2740224, "elapsed_s": 1668.4, "cramped_room_sparse20": 2.0, "cramped_room_potter0_20": 0.4, "asymmetric_advantages_sparse20": 179.0, "asymmetric_advantages_potter0_20": 1.0}
[pair_A] {"steps": 2742272, "elapsed_s": 1669.5, "cramped_room_sparse20": 1.0, "cramped_room_potter0_20": 0.4, "asymmetric_advantages_sparse20": 179.0, "asymmetric_advantages_potter0_20": 1.0}
[pair_A] {"steps": 2744320, "elapsed_s": 1670.7, "cramped_room_sparse20": 0.0, "cramped_room_potter0_20": 0.35, "asymmetric_advantages_sparse20": 178.0, "asymmetric_advantages_potter0_20": 1.0}
[pair_A] {"steps": 2746368, "elapsed_s": 1671.8, "cramped_room_sparse20": 0.0, "cramped_room_potter0_20": 0.35, "asymmetric_advantages_sparse20": 180.0, "asymmetric_advantages_potter0_20": 1.0}
[pair_A] {"steps": 2748416, "elapsed_s": 1673.0, "cramped_room_sparse20": 0.0, "cramped_room_potter0_20": 0.3, "asymmetric_advantages_sparse20": 176.0, "asymmetric_advantages_potter0_20": 1.0}
[pair_A] {"steps": 2750464, "elapsed_s": 1674.3, "cramped_room_sparse20": 0.0, "cramped_room_potter0_20": 0.25, "asymmetric_advantages_sparse20": 178.0, "asymmetric_advantages_potter0_20": 1.0}
[pair_A] {"steps": 2752512, "elapsed_s": 1675.8, "cramped_room_sparse20": 0.0, "cramped_room_potter0_20": 0.35, "asymmetric_advantages_sparse20": 179.0, "asymmetric_advantages_potter0_20": 1.0}
[pair_A] {"steps": 2754560, "elapsed_s": 1677.0, "cramped_room_sparse20": 0.0, "cramped_room_potter0_20": 0.35, "asymmetric_advantages_sparse20": 176.0, "asymmetric_advantages_potter0_20": 1.0}
[pair_A] {"steps": 2756608, "elapsed_s": 1678.3, "cramped_room_sparse20": 0.0, "cramped_room_potter0_20": 0.35, "asymmetric_advantages_sparse20": 174.0, "asymmetric_advantages_potter0_20": 1.0}
[pair_A] {"steps": 2758656, "elapsed_s": 1679.8, "cramped_room_sparse20": 0.0, "cramped_room_potter0_20": 0.35, "asymmetric_advantages_sparse20": 175.0, "asymmetric_advantages_potter0_20": 1.0}
[pair_A] {"steps": 2760704, "elapsed_s": 1681.3, "cramped_room_sparse20": 0.0, "cramped_room_potter0_20": 0.35, "asymmetric_advantages_sparse20": 170.0, "asymmetric_advantages_potter0_20": 1.0}
[pair_A] {"steps": 2762752, "elapsed_s": 1682.6, "cramped_room_sparse20": 0.0, "cramped_room_potter0_20": 0.35, "asymmetric_advantages_sparse20": 162.0, "asymmetric_advantages_potter0_20": 1.0}
[pair_A] {"steps": 2764800, "elapsed_s": 1683.7, "cramped_room_sparse20": 0.0, "cramped_room_potter0_20": 0.35, "asymmetric_advantages_sparse20": 160.0, "asymmetric_advantages_potter0_20": 1.0}
[pair_A] {"steps": 2766848, "elapsed_s": 1684.9, "cramped_room_sparse20": 0.0, "cramped_room_potter0_20": 0.45, "asymmetric_advantages_sparse20": 166.0, "asymmetric_advantages_potter0_20": 1.0}
[pair_A] {"steps": 2768896, "elapsed_s": 1686.1, "cramped_room_sparse20": 0.0, "cramped_room_potter0_20": 0.3, "asymmetric_advantages_sparse20": 164.0, "asymmetric_advantages_potter0_20": 1.0}
[pair_A] {"steps": 2770944, "elapsed_s": 1687.2, "cramped_room_sparse20": 0.0, "cramped_room_potter0_20": 0.35, "asymmetric_advantages_sparse20": 164.0, "asymmetric_advantages_potter0_20": 1.0}
[pair_A] {"steps": 2772992, "elapsed_s": 1688.5, "cramped_room_sparse20": 0.0, "cramped_room_potter0_20": 0.4, "asymmetric_advantages_sparse20": 159.0, "asymmetric_advantages_potter0_20": 1.0}
[pair_A] {"steps": 2775040, "elapsed_s": 1689.7, "cramped_room_sparse20": 1.0, "cramped_room_potter0_20": 0.4, "asymmetric_advantages_sparse20": 155.0, "asymmetric_advantages_potter0_20": 1.0}
[pair_A] {"steps": 2777088, "elapsed_s": 1691.2, "cramped_room_sparse20": 1.0, "cramped_room_potter0_20": 0.45, "asymmetric_advantages_sparse20": 148.0, "asymmetric_advantages_potter0_20": 1.0}
[pair_A] {"steps": 2779136, "elapsed_s": 1692.7, "cramped_room_sparse20": 1.0, "cramped_room_potter0_20": 0.4, "asymmetric_advantages_sparse20": 145.0, "asymmetric_advantages_potter0_20": 1.0}
[pair_A] {"steps": 2781184, "elapsed_s": 1694.1, "cramped_room_sparse20": 1.0, "cramped_room_potter0_20": 0.4, "asymmetric_advantages_sparse20": 141.0, "asymmetric_advantages_potter0_20": 1.0}
[pair_A] {"steps": 2783232, "elapsed_s": 1695.3, "cramped_room_sparse20": 1.0, "cramped_room_potter0_20": 0.4, "asymmetric_advantages_sparse20": 146.0, "asymmetric_advantages_potter0_20": 1.0}
[pair_A] {"steps": 2785280, "elapsed_s": 1696.6, "cramped_room_sparse20": 2.0, "cramped_room_potter0_20": 0.4, "asymmetric_advantages_sparse20": 149.0, "asymmetric_advantages_potter0_20": 1.0}
[pair_A] {"steps": 2787328, "elapsed_s": 1697.9, "cramped_room_sparse20": 2.0, "cramped_room_potter0_20": 0.4, "asymmetric_advantages_sparse20": 159.0, "asymmetric_advantages_potter0_20": 1.0}
[pair_A] {"steps": 2789376, "elapsed_s": 1699.1, "cramped_room_sparse20": 2.0, "cramped_room_potter0_20": 0.3, "asymmetric_advantages_sparse20": 164.0, "asymmetric_advantages_potter0_20": 1.0}
[pair_A] {"steps": 2791424, "elapsed_s": 1700.3, "cramped_room_sparse20": 2.0, "cramped_room_potter0_20": 0.3, "asymmetric_advantages_sparse20": 163.0, "asymmetric_advantages_potter0_20": 1.0}
[pair_A] {"steps": 2793472, "elapsed_s": 1701.5, "cramped_room_sparse20": 2.0, "cramped_room_potter0_20": 0.35, "asymmetric_advantages_sparse20": 169.0, "asymmetric_advantages_potter0_20": 1.0}
[pair_A] {"steps": 2795520, "elapsed_s": 1702.7, "cramped_room_sparse20": 1.0, "cramped_room_potter0_20": 0.35, "asymmetric_advantages_sparse20": 174.0, "asymmetric_advantages_potter0_20": 1.0}
[pair_A] {"steps": 2797568, "elapsed_s": 1703.9, "cramped_room_sparse20": 1.0, "cramped_room_potter0_20": 0.35, "asymmetric_advantages_sparse20": 166.0, "asymmetric_advantages_potter0_20": 1.0}
[pair_A] {"steps": 2799616, "elapsed_s": 1705.3, "cramped_room_sparse20": 1.0, "cramped_room_potter0_20": 0.35, "asymmetric_advantages_sparse20": 148.0, "asymmetric_advantages_potter0_20": 1.0}
[pair_A] {"steps": 2801664, "elapsed_s": 1706.4, "cramped_room_sparse20": 1.0, "cramped_room_potter0_20": 0.35, "asymmetric_advantages_sparse20": 144.0, "asymmetric_advantages_potter0_20": 1.0}
[pair_A] {"steps": 2803712, "elapsed_s": 1707.7, "cramped_room_sparse20": 1.0, "cramped_room_potter0_20": 0.45, "asymmetric_advantages_sparse20": 143.0, "asymmetric_advantages_potter0_20": 1.0}
[pair_A] {"steps": 2805760, "elapsed_s": 1708.9, "cramped_room_sparse20": 0.0, "cramped_room_potter0_20": 0.45, "asymmetric_advantages_sparse20": 145.0, "asymmetric_advantages_potter0_20": 1.0}
[pair_A] {"steps": 2807808, "elapsed_s": 1710.2, "cramped_room_sparse20": 0.0, "cramped_room_potter0_20": 0.45, "asymmetric_advantages_sparse20": 148.0, "asymmetric_advantages_potter0_20": 1.0}
[pair_A] {"steps": 2809856, "elapsed_s": 1711.7, "cramped_room_sparse20": 0.0, "cramped_room_potter0_20": 0.55, "asymmetric_advantages_sparse20": 153.0, "asymmetric_advantages_potter0_20": 1.0}
[pair_A] {"steps": 2811904, "elapsed_s": 1713.3, "cramped_room_sparse20": 0.0, "cramped_room_potter0_20": 0.55, "asymmetric_advantages_sparse20": 159.0, "asymmetric_advantages_potter0_20": 1.0}
[pair_A] {"steps": 2813952, "elapsed_s": 1714.6, "cramped_room_sparse20": 0.0, "cramped_room_potter0_20": 0.6, "asymmetric_advantages_sparse20": 159.0, "asymmetric_advantages_potter0_20": 1.0}
[pair_A] {"steps": 2816000, "elapsed_s": 1715.8, "cramped_room_sparse20": 0.0, "cramped_room_potter0_20": 0.55, "asymmetric_advantages_sparse20": 166.0, "asymmetric_advantages_potter0_20": 1.0}
[pair_A] {"steps": 2818048, "elapsed_s": 1717.1, "cramped_room_sparse20": 0.0, "cramped_room_potter0_20": 0.5, "asymmetric_advantages_sparse20": 167.0, "asymmetric_advantages_potter0_20": 1.0}
[pair_A] {"steps": 2820096, "elapsed_s": 1718.7, "cramped_room_sparse20": 0.0, "cramped_room_potter0_20": 0.45, "asymmetric_advantages_sparse20": 161.0, "asymmetric_advantages_potter0_20": 1.0}
[pair_A] {"steps": 2822144, "elapsed_s": 1720.2, "cramped_room_sparse20": 0.0, "cramped_room_potter0_20": 0.4, "asymmetric_advantages_sparse20": 164.0, "asymmetric_advantages_potter0_20": 1.0}
[pair_A] {"steps": 2824192, "elapsed_s": 1721.5, "cramped_room_sparse20": 0.0, "cramped_room_potter0_20": 0.4, "asymmetric_advantages_sparse20": 161.0, "asymmetric_advantages_potter0_20": 1.0}
[pair_A] {"steps": 2826240, "elapsed_s": 1723.1, "cramped_room_sparse20": 0.0, "cramped_room_potter0_20": 0.35, "asymmetric_advantages_sparse20": 158.0, "asymmetric_advantages_potter0_20": 1.0}
[pair_A] {"steps": 2828288, "elapsed_s": 1724.3, "cramped_room_sparse20": 0.0, "cramped_room_potter0_20": 0.35, "asymmetric_advantages_sparse20": 156.0, "asymmetric_advantages_potter0_20": 1.0}
[pair_A] {"steps": 2830336, "elapsed_s": 1725.5, "cramped_room_sparse20": 0.0, "cramped_room_potter0_20": 0.35, "asymmetric_advantages_sparse20": 158.0, "asymmetric_advantages_potter0_20": 1.0}
[pair_A] {"steps": 2832384, "elapsed_s": 1726.7, "cramped_room_sparse20": 0.0, "cramped_room_potter0_20": 0.35, "asymmetric_advantages_sparse20": 152.0, "asymmetric_advantages_potter0_20": 1.0}
[pair_A] {"steps": 2834432, "elapsed_s": 1728.0, "cramped_room_sparse20": 0.0, "cramped_room_potter0_20": 0.4, "asymmetric_advantages_sparse20": 151.0, "asymmetric_advantages_potter0_20": 1.0}
[pair_A] {"steps": 2836480, "elapsed_s": 1729.1, "cramped_room_sparse20": 0.0, "cramped_room_potter0_20": 0.4, "asymmetric_advantages_sparse20": 157.0, "asymmetric_advantages_potter0_20": 1.0}
[pair_A] {"steps": 2838528, "elapsed_s": 1730.2, "cramped_room_sparse20": 0.0, "cramped_room_potter0_20": 0.35, "asymmetric_advantages_sparse20": 157.0, "asymmetric_advantages_potter0_20": 1.0}
[pair_A] {"steps": 2840576, "elapsed_s": 1731.5, "cramped_room_sparse20": 0.0, "cramped_room_potter0_20": 0.4, "asymmetric_advantages_sparse20": 159.0, "asymmetric_advantages_potter0_20": 1.0}
[pair_A] {"steps": 2842624, "elapsed_s": 1732.6, "cramped_room_sparse20": 0.0, "cramped_room_potter0_20": 0.45, "asymmetric_advantages_sparse20": 158.0, "asymmetric_advantages_potter0_20": 1.0}
[pair_A] {"steps": 2844672, "elapsed_s": 1733.8, "cramped_room_sparse20": 0.0, "cramped_room_potter0_20": 0.5, "asymmetric_advantages_sparse20": 158.0, "asymmetric_advantages_potter0_20": 1.0}
[pair_A] {"steps": 2846720, "elapsed_s": 1735.0, "cramped_room_sparse20": 0.0, "cramped_room_potter0_20": 0.45, "asymmetric_advantages_sparse20": 158.0, "asymmetric_advantages_potter0_20": 1.0}
[pair_A] {"steps": 2848768, "elapsed_s": 1736.2, "cramped_room_sparse20": 0.0, "cramped_room_potter0_20": 0.5, "asymmetric_advantages_sparse20": 168.0, "asymmetric_advantages_potter0_20": 1.0}
[pair_A] {"steps": 2850816, "elapsed_s": 1737.4, "cramped_room_sparse20": 0.0, "cramped_room_potter0_20": 0.5, "asymmetric_advantages_sparse20": 170.0, "asymmetric_advantages_potter0_20": 1.0}
[pair_A] {"steps": 2852864, "elapsed_s": 1738.6, "cramped_room_sparse20": 0.0, "cramped_room_potter0_20": 0.5, "asymmetric_advantages_sparse20": 161.0, "asymmetric_advantages_potter0_20": 1.0}
[pair_A] {"steps": 2854912, "elapsed_s": 1739.9, "cramped_room_sparse20": 0.0, "cramped_room_potter0_20": 0.55, "asymmetric_advantages_sparse20": 157.0, "asymmetric_advantages_potter0_20": 1.0}
[pair_A] {"steps": 2856960, "elapsed_s": 1741.5, "cramped_room_sparse20": 0.0, "cramped_room_potter0_20": 0.6, "asymmetric_advantages_sparse20": 154.0, "asymmetric_advantages_potter0_20": 1.0}
[pair_A] {"steps": 2859008, "elapsed_s": 1742.8, "cramped_room_sparse20": 0.0, "cramped_room_potter0_20": 0.6, "asymmetric_advantages_sparse20": 154.0, "asymmetric_advantages_potter0_20": 1.0}
[pair_A] {"steps": 2861056, "elapsed_s": 1744.0, "cramped_room_sparse20": 0.0, "cramped_room_potter0_20": 0.55, "asymmetric_advantages_sparse20": 154.0, "asymmetric_advantages_potter0_20": 1.0}
[pair_A] {"steps": 2863104, "elapsed_s": 1745.1, "cramped_room_sparse20": 0.0, "cramped_room_potter0_20": 0.5, "asymmetric_advantages_sparse20": 152.0, "asymmetric_advantages_potter0_20": 1.0}
[pair_A] {"steps": 2865152, "elapsed_s": 1746.3, "cramped_room_sparse20": 0.0, "cramped_room_potter0_20": 0.5, "asymmetric_advantages_sparse20": 151.0, "asymmetric_advantages_potter0_20": 1.0}
[pair_A] {"steps": 2867200, "elapsed_s": 1747.5, "cramped_room_sparse20": 0.0, "cramped_room_potter0_20": 0.5, "asymmetric_advantages_sparse20": 145.0, "asymmetric_advantages_potter0_20": 1.0}
[pair_A] {"steps": 2869248, "elapsed_s": 1748.7, "cramped_room_sparse20": 0.0, "cramped_room_potter0_20": 0.55, "asymmetric_advantages_sparse20": 156.0, "asymmetric_advantages_potter0_20": 1.0}
[pair_A] {"steps": 2871296, "elapsed_s": 1750.2, "cramped_room_sparse20": 0.0, "cramped_room_potter0_20": 0.5, "asymmetric_advantages_sparse20": 162.0, "asymmetric_advantages_potter0_20": 1.0}
[pair_A] {"steps": 2873344, "elapsed_s": 1751.6, "cramped_room_sparse20": 0.0, "cramped_room_potter0_20": 0.45, "asymmetric_advantages_sparse20": 164.0, "asymmetric_advantages_potter0_20": 1.0}
[pair_A] {"steps": 2875392, "elapsed_s": 1752.9, "cramped_room_sparse20": 0.0, "cramped_room_potter0_20": 0.5, "asymmetric_advantages_sparse20": 159.0, "asymmetric_advantages_potter0_20": 1.0}
[pair_A] {"steps": 2877440, "elapsed_s": 1754.3, "cramped_room_sparse20": 0.0, "cramped_room_potter0_20": 0.55, "asymmetric_advantages_sparse20": 163.0, "asymmetric_advantages_potter0_20": 1.0}
[pair_A] {"steps": 2879488, "elapsed_s": 1755.6, "cramped_room_sparse20": 0.0, "cramped_room_potter0_20": 0.55, "asymmetric_advantages_sparse20": 165.0, "asymmetric_advantages_potter0_20": 1.0}
[pair_A] {"steps": 2881536, "elapsed_s": 1756.8, "cramped_room_sparse20": 0.0, "cramped_room_potter0_20": 0.55, "asymmetric_advantages_sparse20": 163.0, "asymmetric_advantages_potter0_20": 1.0}
[pair_A] {"steps": 2883584, "elapsed_s": 1758.0, "cramped_room_sparse20": 0.0, "cramped_room_potter0_20": 0.45, "asymmetric_advantages_sparse20": 166.0, "asymmetric_advantages_potter0_20": 1.0}
[pair_A] {"steps": 2885632, "elapsed_s": 1759.2, "cramped_room_sparse20": 0.0, "cramped_room_potter0_20": 0.5, "asymmetric_advantages_sparse20": 162.0, "asymmetric_advantages_potter0_20": 1.0}
[pair_A] {"steps": 2887680, "elapsed_s": 1760.4, "cramped_room_sparse20": 0.0, "cramped_room_potter0_20": 0.45, "asymmetric_advantages_sparse20": 158.0, "asymmetric_advantages_potter0_20": 1.0}
[pair_A] {"steps": 2889728, "elapsed_s": 1761.6, "cramped_room_sparse20": 0.0, "cramped_room_potter0_20": 0.5, "asymmetric_advantages_sparse20": 158.0, "asymmetric_advantages_potter0_20": 1.0}
[pair_A] {"steps": 2891776, "elapsed_s": 1762.7, "cramped_room_sparse20": 0.0, "cramped_room_potter0_20": 0.5, "asymmetric_advantages_sparse20": 159.0, "asymmetric_advantages_potter0_20": 1.0}
[pair_A] {"steps": 2893824, "elapsed_s": 1763.9, "cramped_room_sparse20": 0.0, "cramped_room_potter0_20": 0.45, "asymmetric_advantages_sparse20": 161.0, "asymmetric_advantages_potter0_20": 1.0}
[pair_A] {"steps": 2895872, "elapsed_s": 1765.1, "cramped_room_sparse20": 0.0, "cramped_room_potter0_20": 0.45, "asymmetric_advantages_sparse20": 162.0, "asymmetric_advantages_potter0_20": 1.0}
[pair_A] {"steps": 2897920, "elapsed_s": 1766.6, "cramped_room_sparse20": 0.0, "cramped_room_potter0_20": 0.5, "asymmetric_advantages_sparse20": 163.0, "asymmetric_advantages_potter0_20": 1.0}
[pair_A] {"steps": 2899968, "elapsed_s": 1768.2, "cramped_room_sparse20": 0.0, "cramped_room_potter0_20": 0.5, "asymmetric_advantages_sparse20": 166.0, "asymmetric_advantages_potter0_20": 1.0}
[pair_A] {"steps": 2902016, "elapsed_s": 1769.4, "cramped_room_sparse20": 0.0, "cramped_room_potter0_20": 0.45, "asymmetric_advantages_sparse20": 175.0, "asymmetric_advantages_potter0_20": 1.0}
[pair_A] {"steps": 2904064, "elapsed_s": 1770.6, "cramped_room_sparse20": 0.0, "cramped_room_potter0_20": 0.4, "asymmetric_advantages_sparse20": 172.0, "asymmetric_advantages_potter0_20": 1.0}
[pair_A] {"steps": 2906112, "elapsed_s": 1771.7, "cramped_room_sparse20": 0.0, "cramped_room_potter0_20": 0.4, "asymmetric_advantages_sparse20": 176.0, "asymmetric_advantages_potter0_20": 1.0}
[pair_A] {"steps": 2908160, "elapsed_s": 1772.9, "cramped_room_sparse20": 0.0, "cramped_room_potter0_20": 0.45, "asymmetric_advantages_sparse20": 165.0, "asymmetric_advantages_potter0_20": 1.0}
[pair_A] {"steps": 2910208, "elapsed_s": 1774.0, "cramped_room_sparse20": 0.0, "cramped_room_potter0_20": 0.45, "asymmetric_advantages_sparse20": 167.0, "asymmetric_advantages_potter0_20": 1.0}
[pair_A] {"steps": 2912256, "elapsed_s": 1775.2, "cramped_room_sparse20": 0.0, "cramped_room_potter0_20": 0.35, "asymmetric_advantages_sparse20": 164.0, "asymmetric_advantages_potter0_20": 1.0}
[pair_A] {"steps": 2914304, "elapsed_s": 1776.4, "cramped_room_sparse20": 0.0, "cramped_room_potter0_20": 0.4, "asymmetric_advantages_sparse20": 166.0, "asymmetric_advantages_potter0_20": 1.0}
[pair_A] {"steps": 2916352, "elapsed_s": 1777.6, "cramped_room_sparse20": 0.0, "cramped_room_potter0_20": 0.4, "asymmetric_advantages_sparse20": 162.0, "asymmetric_advantages_potter0_20": 1.0}
[pair_A] {"steps": 2918400, "elapsed_s": 1778.8, "cramped_room_sparse20": 0.0, "cramped_room_potter0_20": 0.4, "asymmetric_advantages_sparse20": 168.0, "asymmetric_advantages_potter0_20": 1.0}
[pair_A] {"steps": 2920448, "elapsed_s": 1780.0, "cramped_room_sparse20": 0.0, "cramped_room_potter0_20": 0.4, "asymmetric_advantages_sparse20": 173.0, "asymmetric_advantages_potter0_20": 1.0}
[pair_A] {"steps": 2922496, "elapsed_s": 1781.1, "cramped_room_sparse20": 0.0, "cramped_room_potter0_20": 0.45, "asymmetric_advantages_sparse20": 180.0, "asymmetric_advantages_potter0_20": 1.0}
[pair_A] {"steps": 2924544, "elapsed_s": 1782.3, "cramped_room_sparse20": 0.0, "cramped_room_potter0_20": 0.5, "asymmetric_advantages_sparse20": 181.0, "asymmetric_advantages_potter0_20": 1.0}
[pair_A] {"steps": 2926592, "elapsed_s": 1783.4, "cramped_room_sparse20": 0.0, "cramped_room_potter0_20": 0.5, "asymmetric_advantages_sparse20": 181.0, "asymmetric_advantages_potter0_20": 1.0}
[pair_A] {"steps": 2928640, "elapsed_s": 1784.5, "cramped_room_sparse20": 0.0, "cramped_room_potter0_20": 0.45, "asymmetric_advantages_sparse20": 183.0, "asymmetric_advantages_potter0_20": 1.0}
[pair_A] {"steps": 2930688, "elapsed_s": 1785.6, "cramped_room_sparse20": 0.0, "cramped_room_potter0_20": 0.55, "asymmetric_advantages_sparse20": 181.0, "asymmetric_advantages_potter0_20": 1.0}
[pair_A] {"steps": 2932736, "elapsed_s": 1786.9, "cramped_room_sparse20": 0.0, "cramped_room_potter0_20": 0.55, "asymmetric_advantages_sparse20": 184.0, "asymmetric_advantages_potter0_20": 1.0}
[pair_A] {"steps": 2934784, "elapsed_s": 1788.1, "cramped_room_sparse20": 0.0, "cramped_room_potter0_20": 0.5, "asymmetric_advantages_sparse20": 189.0, "asymmetric_advantages_potter0_20": 1.0}
[pair_A] {"steps": 2936832, "elapsed_s": 1789.2, "cramped_room_sparse20": 0.0, "cramped_room_potter0_20": 0.4, "asymmetric_advantages_sparse20": 189.0, "asymmetric_advantages_potter0_20": 1.0}
[pair_A] {"steps": 2938880, "elapsed_s": 1790.4, "cramped_room_sparse20": 0.0, "cramped_room_potter0_20": 0.5, "asymmetric_advantages_sparse20": 188.0, "asymmetric_advantages_potter0_20": 1.0}
[pair_A] {"steps": 2940928, "elapsed_s": 1791.6, "cramped_room_sparse20": 0.0, "cramped_room_potter0_20": 0.4, "asymmetric_advantages_sparse20": 181.0, "asymmetric_advantages_potter0_20": 1.0}
[pair_A] {"steps": 2942976, "elapsed_s": 1792.7, "cramped_room_sparse20": 0.0, "cramped_room_potter0_20": 0.45, "asymmetric_advantages_sparse20": 182.0, "asymmetric_advantages_potter0_20": 1.0}
[pair_A] {"steps": 2945024, "elapsed_s": 1793.9, "cramped_room_sparse20": 0.0, "cramped_room_potter0_20": 0.4, "asymmetric_advantages_sparse20": 182.0, "asymmetric_advantages_potter0_20": 1.0}
[pair_A] {"steps": 2947072, "elapsed_s": 1795.1, "cramped_room_sparse20": 0.0, "cramped_room_potter0_20": 0.4, "asymmetric_advantages_sparse20": 180.0, "asymmetric_advantages_potter0_20": 1.0}
[pair_A] {"steps": 2949120, "elapsed_s": 1796.2, "cramped_room_sparse20": 0.0, "cramped_room_potter0_20": 0.35, "asymmetric_advantages_sparse20": 179.0, "asymmetric_advantages_potter0_20": 1.0}
[pair_A] {"steps": 2951168, "elapsed_s": 1797.4, "cramped_room_sparse20": 0.0, "cramped_room_potter0_20": 0.45, "asymmetric_advantages_sparse20": 178.0, "asymmetric_advantages_potter0_20": 1.0}
[pair_A] {"steps": 2953216, "elapsed_s": 1798.5, "cramped_room_sparse20": 0.0, "cramped_room_potter0_20": 0.5, "asymmetric_advantages_sparse20": 173.0, "asymmetric_advantages_potter0_20": 1.0}
[pair_A] {"steps": 2955264, "elapsed_s": 1799.7, "cramped_room_sparse20": 0.0, "cramped_room_potter0_20": 0.5, "asymmetric_advantages_sparse20": 161.0, "asymmetric_advantages_potter0_20": 1.0}
[pair_A] {"steps": 2957312, "elapsed_s": 1800.9, "cramped_room_sparse20": 0.0, "cramped_room_potter0_20": 0.5, "asymmetric_advantages_sparse20": 170.0, "asymmetric_advantages_potter0_20": 1.0}
[pair_A] {"steps": 2959360, "elapsed_s": 1802.1, "cramped_room_sparse20": 0.0, "cramped_room_potter0_20": 0.45, "asymmetric_advantages_sparse20": 167.0, "asymmetric_advantages_potter0_20": 1.0}
[pair_A] {"steps": 2961408, "elapsed_s": 1803.3, "cramped_room_sparse20": 0.0, "cramped_room_potter0_20": 0.45, "asymmetric_advantages_sparse20": 171.0, "asymmetric_advantages_potter0_20": 1.0}
[pair_A] {"steps": 2963456, "elapsed_s": 1804.4, "cramped_room_sparse20": 0.0, "cramped_room_potter0_20": 0.5, "asymmetric_advantages_sparse20": 171.0, "asymmetric_advantages_potter0_20": 1.0}
[pair_A] {"steps": 2965504, "elapsed_s": 1805.6, "cramped_room_sparse20": 0.0, "cramped_room_potter0_20": 0.55, "asymmetric_advantages_sparse20": 176.0, "asymmetric_advantages_potter0_20": 1.0}
[pair_A] {"steps": 2967552, "elapsed_s": 1806.8, "cramped_room_sparse20": 0.0, "cramped_room_potter0_20": 0.5, "asymmetric_advantages_sparse20": 175.0, "asymmetric_advantages_potter0_20": 1.0}
[pair_A] {"steps": 2969600, "elapsed_s": 1807.9, "cramped_room_sparse20": 0.0, "cramped_room_potter0_20": 0.55, "asymmetric_advantages_sparse20": 188.0, "asymmetric_advantages_potter0_20": 1.0}
[pair_A] {"steps": 2971648, "elapsed_s": 1809.1, "cramped_room_sparse20": 0.0, "cramped_room_potter0_20": 0.55, "asymmetric_advantages_sparse20": 188.0, "asymmetric_advantages_potter0_20": 1.0}
[pair_A] {"steps": 2973696, "elapsed_s": 1810.2, "cramped_room_sparse20": 1.0, "cramped_room_potter0_20": 0.55, "asymmetric_advantages_sparse20": 190.0, "asymmetric_advantages_potter0_20": 1.0}
[pair_A] {"steps": 2975744, "elapsed_s": 1811.4, "cramped_room_sparse20": 1.0, "cramped_room_potter0_20": 0.6, "asymmetric_advantages_sparse20": 193.0, "asymmetric_advantages_potter0_20": 1.0}
[pair_A] {"steps": 2977792, "elapsed_s": 1812.6, "cramped_room_sparse20": 1.0, "cramped_room_potter0_20": 0.5, "asymmetric_advantages_sparse20": 192.0, "asymmetric_advantages_potter0_20": 1.0}
[pair_A] {"steps": 2979840, "elapsed_s": 1813.7, "cramped_room_sparse20": 1.0, "cramped_room_potter0_20": 0.45, "asymmetric_advantages_sparse20": 191.0, "asymmetric_advantages_potter0_20": 1.0}
[pair_A] {"steps": 2981888, "elapsed_s": 1814.9, "cramped_room_sparse20": 1.0, "cramped_room_potter0_20": 0.45, "asymmetric_advantages_sparse20": 190.0, "asymmetric_advantages_potter0_20": 1.0}
[pair_A] {"steps": 2983936, "elapsed_s": 1816.0, "cramped_room_sparse20": 2.0, "cramped_room_potter0_20": 0.45, "asymmetric_advantages_sparse20": 184.0, "asymmetric_advantages_potter0_20": 1.0}
[pair_A] {"steps": 2985984, "elapsed_s": 1817.3, "cramped_room_sparse20": 2.0, "cramped_room_potter0_20": 0.45, "asymmetric_advantages_sparse20": 181.0, "asymmetric_advantages_potter0_20": 1.0}
[pair_A] {"steps": 2988032, "elapsed_s": 1818.5, "cramped_room_sparse20": 1.0, "cramped_room_potter0_20": 0.45, "asymmetric_advantages_sparse20": 179.0, "asymmetric_advantages_potter0_20": 1.0}
[pair_A] {"steps": 2990080, "elapsed_s": 1819.7, "cramped_room_sparse20": 1.0, "cramped_room_potter0_20": 0.5, "asymmetric_advantages_sparse20": 175.0, "asymmetric_advantages_potter0_20": 1.0}
[pair_A] {"steps": 2992128, "elapsed_s": 1820.8, "cramped_room_sparse20": 1.0, "cramped_room_potter0_20": 0.35, "asymmetric_advantages_sparse20": 175.0, "asymmetric_advantages_potter0_20": 1.0}
[pair_A] {"steps": 2994176, "elapsed_s": 1822.0, "cramped_room_sparse20": 1.0, "cramped_room_potter0_20": 0.45, "asymmetric_advantages_sparse20": 175.0, "asymmetric_advantages_potter0_20": 1.0}
[pair_A] {"steps": 2996224, "elapsed_s": 1823.1, "cramped_room_sparse20": 1.0, "cramped_room_potter0_20": 0.5, "asymmetric_advantages_sparse20": 165.0, "asymmetric_advantages_potter0_20": 1.0}
[pair_A] {"steps": 2998272, "elapsed_s": 1824.3, "cramped_room_sparse20": 1.0, "cramped_room_potter0_20": 0.55, "asymmetric_advantages_sparse20": 167.0, "asymmetric_advantages_potter0_20": 1.0}
[pair_A] {"steps": 3000320, "elapsed_s": 1825.5, "cramped_room_sparse20": 1.0, "cramped_room_potter0_20": 0.55, "asymmetric_advantages_sparse20": 172.0, "asymmetric_advantages_potter0_20": 1.0}
checkpointed /home/Yixiang/MPARL/GOGOGO/outputs/overcooked_mixed_pilot.json
